ghi;dni;dhi;temp_air;rh;ws10
0.0;0.0;0.0;6.69;90.68;5.13
0.0;0.0;0.0;6.14;90.15;4.99
0.0;0.0;0.0;5.59;89.63;4.85
0.0;0.0;0.0;5.04;89.1;4.71
0.0;0.0;0.0;4.49;88.58;4.57
0.0;0.0;0.0;3.94;88.05;4.43
0.0;0.0;0.0;3.39;87.53;4.29
21.0;54.89;18.0;2.84;87.0;4.15
65.0;32.18;60.0;3.69;82.25;5.17
45.0;0.0;45.0;4.28;82.3;5.52
57.0;0.0;57.0;4.86;85.6;5.59
58.0;0.0;58.0;5.82;82.55;5.72
22.0;0.0;22.0;6.85;85.75;5.93
38.0;7.74;37.0;7.4;85.8;6.0
0.0;0.0;0.0;7.67;89.0;5.86
0.0;0.0;0.0;7.79;89.0;5.93
0.0;0.0;0.0;7.78;89.0;5.86
0.0;0.0;0.0;7.25;92.35;5.38
0.0;0.0;0.0;6.77;92.3;5.1
0.0;0.0;0.0;6.65;88.95;4.69
0.0;0.0;0.0;6.12;85.7;4.28
0.0;0.0;0.0;5.55;85.65;4.28
0.0;0.0;0.0;5.03;88.85;4.34
0.0;0.0;0.0;4.65;88.85;4.55
0.0;0.0;0.0;4.5;88.85;4.9
0.0;0.0;0.0;4.41;85.55;5.17
0.0;0.0;0.0;4.44;82.35;5.17
0.0;0.0;0.0;4.24;82.3;5.24
0.0;0.0;0.0;4.25;82.3;5.31
0.0;0.0;0.0;4.13;79.2;5.45
0.0;0.0;0.0;4.06;76.25;5.66
3.0;0.0;3.0;4.24;79.2;6.0
67.0;38.43;61.0;4.39;76.3;6.07
209.0;669.28;58.0;4.53;76.3;5.86
138.0;73.41;119.0;4.85;73.55;4.62
214.0;477.31;93.0;4.99;73.55;5.03
180.0;547.59;65.0;5.03;73.55;4.21
13.0;0.0;13.0;4.88;70.8;4.55
0.0;0.0;0.0;4.44;73.45;5.17
0.0;0.0;0.0;4.4;73.45;5.03
0.0;0.0;0.0;4.03;73.4;4.55
0.0;0.0;0.0;3.31;73.3;4.21
0.0;0.0;0.0;2.77;76.0;4.21
0.0;0.0;0.0;2.77;73.1;4.62
0.0;0.0;0.0;2.75;73.1;4.69
0.0;0.0;0.0;2.54;76.0;4.48
0.0;0.0;0.0;2.37;79.0;4.21
0.0;0.0;0.0;2.51;82.15;4.0
0.0;0.0;0.0;2.57;85.35;3.72
0.0;0.0;0.0;2.52;85.35;3.79
0.0;0.0;0.0;2.32;85.35;3.93
0.0;0.0;0.0;2.24;88.65;3.93
0.0;0.0;0.0;2.41;85.35;3.86
0.0;0.0;0.0;2.43;85.35;3.79
0.0;0.0;0.0;2.58;85.35;3.72
13.0;0.0;13.0;2.74;88.65;3.66
83.0;101.91;67.0;3.07;85.4;3.72
81.0;8.82;79.0;3.35;85.45;3.45
55.0;0.0;55.0;3.68;85.45;4.9
99.0;11.75;96.0;4.02;82.3;4.83
75.0;9.43;73.0;4.4;82.35;3.45
41.0;7.49;40.0;4.33;82.35;3.79
0.0;0.0;0.0;3.86;82.3;3.1
0.0;0.0;0.0;3.35;85.45;2.97
0.0;0.0;0.0;2.7;92.15;2.97
0.0;0.0;0.0;2.34;92.15;2.97
0.0;0.0;0.0;2.0;95.65;2.97
0.0;0.0;0.0;2.75;92.15;3.24
0.0;0.0;0.0;2.82;88.7;3.24
0.0;0.0;0.0;2.84;88.7;3.31
0.0;0.0;0.0;2.88;88.7;3.17
0.0;0.0;0.0;2.75;92.15;3.1
0.0;0.0;0.0;2.8;88.7;3.1
0.0;0.0;0.0;2.79;88.7;2.83
0.0;0.0;0.0;2.83;88.7;2.76
0.0;0.0;0.0;2.72;92.15;2.76
0.0;0.0;0.0;2.7;95.7;2.9
0.0;0.0;0.0;2.76;95.7;3.24
0.0;0.0;0.0;2.72;92.15;3.45
27.0;159.53;18.0;2.67;92.15;3.52
87.0;120.26;68.0;2.76;92.15;3.79
150.0;206.07;103.0;2.98;88.7;3.59
73.0;0.0;73.0;3.37;85.45;4.28
61.0;0.0;61.0;3.44;85.45;4.28
118.0;102.75;96.0;3.53;85.45;4.9
63.0;66.28;54.0;3.64;85.45;4.55
5.0;0.0;5.0;3.58;85.45;4.28
0.0;0.0;0.0;3.58;88.75;4.21
0.0;0.0;0.0;3.64;88.75;4.21
0.0;0.0;0.0;3.61;88.75;4.28
0.0;0.0;0.0;3.54;92.15;4.34
0.0;0.0;0.0;3.87;88.8;4.48
0.0;0.0;0.0;3.75;92.15;4.48
0.0;0.0;0.0;3.65;92.15;4.48
0.0;0.0;0.0;3.51;92.15;4.48
0.0;0.0;0.0;3.45;92.15;4.41
0.0;0.0;0.0;3.51;95.7;4.34
0.0;0.0;0.0;3.75;95.7;4.21
0.0;0.0;0.0;4.1;92.2;4.21
0.0;0.0;0.0;4.39;92.25;4.28
0.0;0.0;0.0;4.63;92.25;4.34
0.0;0.0;0.0;4.8;92.25;4.55
0.0;0.0;0.0;4.85;88.85;4.83
17.0;17.47;16.0;5.02;88.85;5.03
29.0;0.0;29.0;5.19;88.85;5.1
124.0;91.51;103.0;5.49;85.65;5.17
84.0;3.79;83.0;5.8;88.9;5.45
59.0;0.0;59.0;5.72;88.9;5.31
62.0;0.0;62.0;5.5;88.9;5.17
19.0;0.0;19.0;5.45;88.9;5.17
1.0;0.0;1.0;5.78;88.9;5.03
0.0;0.0;0.0;5.78;88.9;5.1
0.0;0.0;0.0;5.52;85.65;4.55
0.0;0.0;0.0;5.21;88.85;4.41
0.0;0.0;0.0;4.92;88.85;4.41
0.0;0.0;0.0;5.04;88.85;4.62
0.0;0.0;0.0;4.95;88.85;4.55
0.0;0.0;0.0;4.82;88.85;4.48
0.0;0.0;0.0;4.73;92.25;4.34
0.0;0.0;0.0;4.71;92.25;4.28
0.0;0.0;0.0;4.69;92.25;4.21
0.0;0.0;0.0;4.65;92.25;4.21
0.0;0.0;0.0;4.61;88.85;4.14
0.0;0.0;0.0;4.55;88.85;3.93
0.0;0.0;0.0;4.5;88.85;3.59
0.0;0.0;0.0;4.46;92.25;3.31
0.0;0.0;0.0;4.38;92.25;3.03
19.0;34.36;17.0;4.39;92.25;2.9
43.0;0.0;43.0;4.93;88.85;3.24
49.0;0.0;49.0;5.31;88.9;3.59
49.0;0.0;49.0;5.71;92.3;3.79
42.0;0.0;42.0;6.14;92.3;4.21
67.0;0.0;67.0;6.27;95.8;3.66
16.0;0.0;16.0;6.35;95.8;3.72
2.0;0.0;2.0;6.43;95.8;3.72
0.0;0.0;0.0;6.48;99.4;3.79
0.0;0.0;0.0;6.61;95.8;3.93
0.0;0.0;0.0;6.44;92.3;3.79
0.0;0.0;0.0;6.23;92.3;3.31
0.0;0.0;0.0;5.67;95.75;2.9
0.0;0.0;0.0;5.77;95.75;2.48
0.0;0.0;0.0;5.82;92.3;2.14
0.0;0.0;0.0;5.95;95.8;2.0
0.0;0.0;0.0;6.01;95.8;2.0
0.0;0.0;0.0;6.16;95.8;2.21
0.0;0.0;0.0;6.34;95.8;2.69
0.0;0.0;0.0;6.61;99.4;3.38
0.0;0.0;0.0;6.74;95.8;3.93
0.0;0.0;0.0;6.64;95.8;3.93
0.0;0.0;0.0;6.38;92.3;3.38
0.0;0.0;0.0;6.07;92.3;2.69
11.0;0.0;11.0;5.87;92.3;2.62
99.0;191.69;68.0;5.87;92.3;2.97
42.0;0.0;42.0;6.02;92.3;3.24
98.0;7.48;96.0;6.22;92.3;3.31
120.0;34.16;111.0;6.5;95.8;3.24
99.0;40.7;90.0;6.96;95.8;3.03
17.0;0.0;17.0;7.25;99.4;2.76
6.0;0.0;6.0;7.3;99.4;2.48
0.0;0.0;0.0;6.92;95.8;3.17
0.0;0.0;0.0;6.16;95.8;3.93
0.0;0.0;0.0;5.38;92.3;3.93
0.0;0.0;0.0;4.89;92.25;4.0
0.0;0.0;0.0;4.54;92.25;3.93
0.0;0.0;0.0;4.14;95.75;3.52
0.0;0.0;0.0;3.86;92.2;3.17
0.0;0.0;0.0;3.7;95.7;2.83
0.0;0.0;0.0;3.48;92.15;2.55
0.0;0.0;0.0;3.46;92.15;2.41
0.0;0.0;0.0;3.55;95.7;2.41
0.0;0.0;0.0;3.61;95.7;2.41
0.0;0.0;0.0;3.44;95.7;2.48
0.0;0.0;0.0;3.41;92.15;2.76
0.0;0.0;0.0;3.1;95.7;2.97
0.0;0.0;0.0;2.9;92.15;3.17
23.0;49.6;20.0;2.69;95.7;2.83
92.0;134.8;70.0;2.91;92.15;2.97
136.0;119.4;108.0;3.18;85.4;3.79
162.0;129.87;127.0;3.42;82.25;3.72
208.0;368.68;110.0;3.83;82.3;3.59
206.0;683.94;53.0;4.28;82.3;3.52
102.0;321.84;55.0;4.54;82.35;3.1
10.0;0.0;10.0;4.58;82.35;3.45
0.0;0.0;0.0;4.3;85.5;3.59
0.0;0.0;0.0;4.0;85.5;3.66
0.0;0.0;0.0;3.98;85.5;3.79
0.0;0.0;0.0;3.99;88.8;3.93
0.0;0.0;0.0;3.81;88.8;3.72
0.0;0.0;0.0;3.61;92.15;3.66
0.0;0.0;0.0;3.59;92.15;3.72
0.0;0.0;0.0;3.67;92.15;3.79
0.0;0.0;0.0;3.6;92.15;3.72
0.0;0.0;0.0;3.89;88.8;3.72
0.0;0.0;0.0;4.56;85.55;3.59
0.0;0.0;0.0;4.49;85.55;3.52
0.0;0.0;0.0;4.89;85.6;3.52
0.0;0.0;0.0;5.43;82.5;3.52
0.0;0.0;0.0;5.75;82.5;3.45
0.0;0.0;0.0;5.82;82.55;3.45
23.0;48.54;20.0;5.79;85.65;3.31
47.0;0.0;47.0;6.19;82.55;3.38
102.0;29.61;95.0;6.95;82.6;3.45
102.0;11.04;99.0;7.51;82.65;3.1
174.0;190.1;123.0;8.37;76.85;3.86
201.0;631.67;58.0;8.76;79.75;3.79
121.0;550.83;39.0;8.66;79.75;3.86
2.0;0.0;2.0;8.09;79.7;3.93
0.0;0.0;0.0;7.66;82.65;3.93
0.0;0.0;0.0;7.94;79.7;3.93
0.0;0.0;0.0;7.92;79.7;4.07
0.0;0.0;0.0;7.86;79.7;4.28
0.0;0.0;0.0;8.21;82.7;4.41
0.0;0.0;0.0;8.5;79.75;4.48
0.0;0.0;0.0;8.73;82.75;4.34
0.0;0.0;0.0;8.95;82.85;4.21
0.0;0.0;0.0;9.15;85.95;4.21
0.0;0.0;0.0;9.29;89.1;4.28
0.0;0.0;0.0;9.63;85.95;4.34
0.0;0.0;0.0;9.78;89.15;4.41
0.0;0.0;0.0;9.94;86.0;4.41
0.0;0.0;0.0;10.07;86.0;4.28
0.0;0.0;0.0;10.14;89.2;4.0
0.0;0.0;0.0;9.96;89.2;3.79
15.0;0.0;15.0;10.1;89.2;4.07
75.0;48.03;67.0;10.27;86.0;4.28
114.0;50.32;102.0;10.55;83.0;4.48
47.0;0.0;47.0;10.8;80.05;4.41
49.0;0.0;49.0;11.28;80.1;3.93
29.0;0.0;29.0;11.47;74.55;4.21
24.0;0.0;24.0;11.29;77.2;4.14
5.0;0.0;5.0;10.77;80.05;3.86
0.0;0.0;0.0;9.84;85.95;3.86
0.0;0.0;0.0;9.46;85.95;4.0
0.0;0.0;0.0;8.97;89.1;4.28
0.0;0.0;0.0;8.63;89.1;4.48
0.0;0.0;0.0;8.66;85.9;4.41
0.0;0.0;0.0;8.17;85.85;4.55
0.0;0.0;0.0;7.57;85.8;4.62
0.0;0.0;0.0;7.2;89.0;4.62
0.0;0.0;0.0;7.2;85.75;4.83
0.0;0.0;0.0;7.34;82.65;5.17
0.0;0.0;0.0;7.39;79.65;5.45
0.0;0.0;0.0;7.7;79.65;5.72
0.0;0.0;0.0;8.28;73.95;6.28
0.0;0.0;0.0;8.79;74.05;6.83
0.0;0.0;0.0;9.03;79.85;7.66
0.0;0.0;0.0;7.87;79.7;9.03
32.0;154.29;22.0;6.92;76.65;7.17
133.0;469.07;54.0;6.35;73.7;6.62
219.0;656.66;61.0;6.64;73.7;6.34
89.0;3.62;88.0;6.81;70.95;6.21
128.0;40.21;117.0;6.85;65.85;7.1
0.0;0.0;0.0;6.77;65.75;6.69
79.0;90.42;65.0;6.54;63.25;6.28
16.0;63.7;13.0;6.31;60.85;6.0
0.0;0.0;0.0;6.02;58.55;5.59
0.0;0.0;0.0;5.73;60.75;5.38
0.0;0.0;0.0;5.62;58.45;5.1
0.0;0.0;0.0;5.53;60.75;5.31
0.0;0.0;0.0;5.86;60.85;5.79
0.0;0.0;0.0;5.98;60.85;6.21
0.0;0.0;0.0;5.51;68.2;6.69
0.0;0.0;0.0;4.85;85.6;6.69
0.0;0.0;0.0;5.44;85.65;6.9
0.0;0.0;0.0;5.8;85.65;6.76
0.0;0.0;0.0;5.92;85.7;6.34
0.0;0.0;0.0;5.95;85.7;6.14
0.0;0.0;0.0;5.92;82.55;5.66
0.0;0.0;0.0;5.72;85.65;5.72
0.0;0.0;0.0;5.64;85.65;5.93
0.0;0.0;0.0;5.58;85.65;6.28
13.0;0.0;13.0;5.71;85.65;6.41
120.0;311.04;67.0;5.85;82.55;6.97
181.0;325.25;102.0;6.2;82.55;7.79
211.0;322.54;121.0;6.24;82.55;7.93
75.0;0.0;75.0;6.49;82.55;7.66
51.0;0.0;51.0;6.23;79.5;8.34
47.0;6.33;46.0;5.56;82.5;8.0
4.0;0.0;4.0;5.61;85.65;7.38
0.0;0.0;0.0;5.64;85.65;7.31
0.0;0.0;0.0;5.41;82.5;7.03
0.0;0.0;0.0;5.34;76.5;6.76
0.0;0.0;0.0;5.37;70.85;6.69
0.0;0.0;0.0;5.57;68.2;6.55
0.0;0.0;0.0;5.48;65.65;6.28
0.0;0.0;0.0;5.14;65.55;5.86
0.0;0.0;0.0;4.71;70.7;5.38
0.0;0.0;0.0;4.89;70.8;5.45
0.0;0.0;0.0;5.08;73.55;5.45
0.0;0.0;0.0;4.91;73.55;5.66
0.0;0.0;0.0;4.99;73.55;6.69
0.0;0.0;0.0;4.95;76.4;7.66
0.0;0.0;0.0;5.35;82.5;8.07
0.0;0.0;0.0;6.26;85.7;8.21
0.0;0.0;0.0;7.19;89.0;8.55
15.0;0.0;15.0;8.03;85.85;8.55
45.0;0.0;45.0;8.76;89.1;8.97
49.0;0.0;49.0;9.1;85.95;8.76
262.0;681.55;70.0;9.06;82.85;8.69
155.0;93.09;129.0;9.46;79.9;8.83
21.0;0.0;21.0;9.48;77.0;8.9
12.0;0.0;12.0;9.35;74.2;8.62
3.0;0.0;3.0;9.25;74.15;8.41
0.0;0.0;0.0;9.11;71.4;8.21
0.0;0.0;0.0;9.0;68.8;8.0
0.0;0.0;0.0;8.78;71.35;7.52
0.0;0.0;0.0;8.47;71.35;6.97
0.0;0.0;0.0;8.48;71.35;6.41
0.0;0.0;0.0;8.32;73.95;5.93
0.0;0.0;0.0;8.0;73.95;5.52
0.0;0.0;0.0;7.58;76.7;5.17
0.0;0.0;0.0;7.08;79.55;4.76
0.0;0.0;0.0;6.77;82.55;4.28
0.0;0.0;0.0;6.56;82.55;3.86
0.0;0.0;0.0;6.2;82.55;3.45
0.0;0.0;0.0;5.99;82.55;3.17
0.0;0.0;0.0;5.92;79.5;2.97
0.0;0.0;0.0;5.3;85.6;2.97
0.0;0.0;0.0;5.67;85.65;3.52
4.0;0.0;4.0;6.44;88.95;4.0
51.0;0.0;51.0;7.58;89.0;4.69
91.0;8.07;89.0;8.59;82.75;6.0
82.0;0.0;82.0;9.06;79.85;6.69
39.0;0.0;39.0;9.27;79.85;6.41
40.0;0.0;40.0;9.48;77.0;7.17
88.0;115.5;69.0;9.1;79.85;7.79
21.0;70.28;17.0;8.33;73.95;7.86
0.0;0.0;0.0;7.2;68.4;6.97
0.0;0.0;0.0;6.39;63.25;7.1
0.0;0.0;0.0;5.92;58.55;7.52
0.0;0.0;0.0;5.75;60.75;7.72
0.0;0.0;0.0;5.78;54.05;7.79
0.0;0.0;0.0;5.51;54.05;7.72
0.0;0.0;0.0;5.25;56.05;7.86
0.0;0.0;0.0;5.25;58.3;8.28
0.0;0.0;0.0;5.5;56.2;8.41
0.0;0.0;0.0;5.87;54.15;8.62
0.0;0.0;0.0;5.75;58.45;8.48
0.0;0.0;0.0;5.25;65.55;8.14
0.0;0.0;0.0;4.96;65.55;8.0
0.0;0.0;0.0;4.85;65.55;7.79
0.0;0.0;0.0;4.62;70.7;7.45
0.0;0.0;0.0;4.44;70.7;7.24
37.0;152.2;26.0;4.52;73.45;7.17
97.0;112.96;77.0;4.75;76.3;6.83
146.0;115.8;117.0;5.25;76.4;5.17
178.0;139.18;138.0;5.64;73.65;6.07
187.0;182.17;135.0;5.67;73.65;5.86
108.0;28.61;101.0;5.96;70.95;5.86
84.0;77.42;71.0;5.87;70.95;5.79
29.0;165.67;19.0;5.4;70.85;5.17
0.0;0.0;0.0;4.89;73.55;4.76
0.0;0.0;0.0;4.17;76.25;4.69
0.0;0.0;0.0;3.75;73.3;5.03
0.0;0.0;0.0;3.59;67.8;5.31
0.0;0.0;0.0;3.12;67.7;5.17
0.0;0.0;0.0;2.95;65.1;5.17
0.0;0.0;0.0;2.67;65.0;5.03
0.0;0.0;0.0;2.31;65.0;4.69
0.0;0.0;0.0;2.0;70.2;4.28
0.0;0.0;0.0;1.72;75.85;3.93
0.0;0.0;0.0;1.56;75.85;3.79
0.0;0.0;0.0;1.45;78.9;3.72
0.0;0.0;0.0;1.17;81.95;3.52
0.0;0.0;0.0;0.87;81.95;3.31
0.0;0.0;0.0;0.62;85.15;3.17
0.0;0.0;0.0;0.2;85.1;3.03
29.0;53.74;25.0;0.27;88.5;3.1
101.0;122.55;79.0;0.63;88.5;2.76
152.0;130.34;119.0;1.57;82.0;3.03
251.0;502.72;105.0;2.56;76.0;3.24
276.0;717.04;69.0;3.38;70.5;3.45
228.0;661.03;64.0;4.01;70.6;3.59
142.0;542.51;49.0;4.12;73.4;3.45
37.0;297.38;18.0;3.78;76.15;3.45
0.0;0.0;0.0;3.01;76.1;3.66
0.0;0.0;0.0;2.59;79.0;3.86
0.0;0.0;0.0;2.06;78.95;3.93
0.0;0.0;0.0;1.63;82.0;3.79
0.0;0.0;0.0;2.03;82.05;3.66
0.0;0.0;0.0;2.49;82.15;3.59
0.0;0.0;0.0;2.97;82.2;3.66
0.0;0.0;0.0;3.32;82.25;3.79
0.0;0.0;0.0;3.62;82.25;3.79
0.0;0.0;0.0;3.85;82.3;3.52
0.0;0.0;0.0;4.03;82.3;3.38
0.0;0.0;0.0;4.18;82.3;3.31
0.0;0.0;0.0;4.2;85.5;3.1
0.0;0.0;0.0;4.37;82.35;2.97
0.0;0.0;0.0;4.4;82.35;2.9
0.0;0.0;0.0;4.43;82.35;2.97
26.0;26.07;24.0;4.3;85.55;3.17
84.0;54.92;74.0;4.68;82.35;3.45
65.0;0.0;65.0;5.06;79.35;3.52
109.0;10.22;106.0;5.48;76.5;3.38
145.0;54.79;129.0;5.57;76.5;3.17
126.0;63.59;110.0;5.65;76.5;3.03
103.0;159.98;75.0;5.77;76.5;3.24
24.0;44.44;21.0;5.51;73.65;3.1
0.0;0.0;0.0;4.91;76.4;3.31
0.0;0.0;0.0;4.48;79.3;3.38
0.0;0.0;0.0;4.13;82.3;3.45
0.0;0.0;0.0;3.92;85.5;3.52
0.0;0.0;0.0;3.5;88.75;3.45
0.0;0.0;0.0;4.01;88.8;3.59
0.0;0.0;0.0;4.94;85.6;3.72
0.0;0.0;0.0;5.46;85.65;3.93
0.0;0.0;0.0;5.76;85.65;4.34
0.0;0.0;0.0;5.95;82.55;4.62
0.0;0.0;0.0;5.99;82.55;4.76
0.0;0.0;0.0;5.64;85.65;5.03
0.0;0.0;0.0;5.58;82.5;5.17
0.0;0.0;0.0;5.53;82.5;5.24
0.0;0.0;0.0;5.54;82.5;5.24
0.0;0.0;0.0;5.95;79.5;5.45
4.0;0.0;4.0;6.83;79.55;5.45
124.0;259.77;76.0;7.25;79.55;5.59
137.0;81.07;116.0;7.74;79.65;6.0
144.0;47.17;130.0;8.28;76.8;6.55
80.0;0.0;80.0;8.45;76.85;6.83
80.0;3.92;79.0;8.53;79.75;6.9
56.0;5.6;55.0;8.45;82.75;6.9
18.0;0.0;18.0;8.48;82.75;6.9
0.0;0.0;0.0;8.44;82.75;7.17
0.0;0.0;0.0;8.54;82.75;7.59
0.0;0.0;0.0;8.7;85.9;8.41
0.0;0.0;0.0;8.84;85.9;9.1
0.0;0.0;0.0;9.05;85.95;9.31
0.0;0.0;0.0;9.15;85.95;9.45
0.0;0.0;0.0;9.11;85.95;9.52
0.0;0.0;0.0;9.3;85.95;9.79
0.0;0.0;0.0;9.63;82.9;10.55
0.0;0.0;0.0;9.62;85.95;9.79
0.0;0.0;0.0;9.07;82.85;8.28
0.0;0.0;0.0;8.18;79.7;7.86
0.0;0.0;0.0;6.85;82.6;8.69
0.0;0.0;0.0;6.24;82.55;9.52
0.0;0.0;0.0;5.77;82.5;9.86
0.0;0.0;0.0;5.26;82.4;10.9
31.0;36.75;28.0;4.95;79.35;11.59
63.0;5.33;62.0;4.64;79.3;10.55
151.0;110.64;122.0;4.46;79.3;8.07
162.0;76.64;139.0;4.85;73.55;7.79
146.0;46.82;132.0;5.17;73.55;7.86
65.0;0.0;65.0;5.48;70.85;7.93
21.0;0.0;21.0;5.8;73.65;8.07
31.0;80.04;25.0;5.54;70.85;7.1
0.0;0.0;0.0;4.98;73.55;6.69
0.0;0.0;0.0;4.83;70.8;6.34
0.0;0.0;0.0;4.61;73.45;6.14
0.0;0.0;0.0;4.26;79.2;6.21
0.0;0.0;0.0;4.25;79.2;6.9
0.0;0.0;0.0;3.96;79.2;6.83
0.0;0.0;0.0;3.74;85.45;7.1
0.0;0.0;0.0;3.43;85.45;7.24
0.0;0.0;0.0;3.01;88.7;6.76
0.0;0.0;0.0;2.78;85.35;6.83
0.0;0.0;0.0;2.32;79.0;6.9
0.0;0.0;0.0;2.11;75.95;7.1
0.0;0.0;0.0;1.99;73.0;7.24
0.0;0.0;0.0;1.83;70.2;6.69
0.0;0.0;0.0;1.72;70.1;6.41
0.0;0.0;0.0;1.53;67.4;5.93
55.0;344.21;26.0;1.61;64.8;5.24
133.0;283.47;79.0;1.9;64.9;3.93
180.0;218.62;122.0;2.33;62.5;4.9
290.0;718.15;72.0;2.83;60.15;4.83
200.0;181.72;145.0;3.43;60.3;4.48
189.0;274.1;117.0;3.97;60.4;4.0
87.0;53.67;77.0;4.29;62.8;3.72
15.0;0.0;15.0;4.29;67.9;3.17
0.0;0.0;0.0;3.84;73.4;3.1
0.0;0.0;0.0;3.29;82.25;3.52
0.0;0.0;0.0;3.31;92.15;4.48
0.0;0.0;0.0;3.78;95.7;5.24
0.0;0.0;0.0;5.95;92.3;5.1
0.0;0.0;0.0;8.0;92.4;5.59
0.0;0.0;0.0;8.92;92.45;6.21
0.0;0.0;0.0;9.19;92.45;6.62
0.0;0.0;0.0;9.48;89.15;7.03
0.0;0.0;0.0;9.26;89.1;6.97
0.0;0.0;0.0;7.9;79.7;5.86
0.0;0.0;0.0;6.96;79.55;5.17
0.0;0.0;0.0;6.17;79.5;4.9
0.0;0.0;0.0;5.53;82.5;4.62
0.0;0.0;0.0;4.7;85.55;4.48
0.0;0.0;0.0;4.38;85.55;4.55
61.0;425.33;24.0;4.54;85.55;5.03
175.0;666.57;46.0;5.15;82.4;5.17
243.0;621.74;76.0;5.83;76.55;4.83
258.0;455.88;118.0;6.4;70.95;6.48
245.0;381.85;128.0;6.72;68.3;6.48
228.0;513.98;91.0;6.83;63.35;6.07
156.0;504.58;60.0;6.8;65.75;5.38
56.0;398.88;23.0;6.33;63.25;4.55
0.0;0.0;0.0;5.44;63.15;4.34
0.0;0.0;0.0;5.04;63.05;4.07
0.0;0.0;0.0;4.79;65.4;4.21
0.0;0.0;0.0;4.77;73.45;5.72
0.0;0.0;0.0;4.75;68.0;6.21
0.0;0.0;0.0;4.59;73.45;7.45
0.0;0.0;0.0;4.5;76.3;8.14
0.0;0.0;0.0;4.25;79.2;8.76
0.0;0.0;0.0;4.0;79.2;8.21
0.0;0.0;0.0;3.91;79.2;7.72
0.0;0.0;0.0;3.87;73.4;6.97
0.0;0.0;0.0;3.97;70.6;6.83
0.0;0.0;0.0;4.17;65.3;6.83
0.0;0.0;0.0;4.15;62.8;6.76
0.0;0.0;0.0;4.24;60.4;6.62
0.0;0.0;0.0;4.11;60.4;6.21
39.0;66.78;33.0;4.09;65.3;6.07
127.0;203.39;87.0;4.34;62.95;6.21
103.0;11.03;100.0;4.67;65.4;6.34
103.0;3.22;102.0;4.89;63.05;7.72
146.0;35.46;135.0;5.1;63.05;8.14
225.0;454.71;102.0;5.26;60.65;7.52
167.0;586.81;53.0;5.44;58.45;5.93
50.0;230.62;30.0;5.12;60.65;4.9
0.0;0.0;0.0;4.72;60.5;4.55
0.0;0.0;0.0;4.26;62.8;4.41
0.0;0.0;0.0;3.9;65.3;4.34
0.0;0.0;0.0;3.65;67.8;4.28
0.0;0.0;0.0;3.51;70.5;4.28
0.0;0.0;0.0;3.24;73.2;3.93
0.0;0.0;0.0;2.94;73.2;3.72
0.0;0.0;0.0;2.78;76.0;3.72
0.0;0.0;0.0;2.48;73.1;3.72
0.0;0.0;0.0;1.94;75.95;3.79
0.0;0.0;0.0;1.67;75.85;3.93
0.0;0.0;0.0;1.84;75.95;4.28
0.0;0.0;0.0;1.92;75.95;4.76
0.0;0.0;0.0;1.26;67.3;5.93
0.0;0.0;0.0;-0.79;64.25;6.21
0.0;0.0;0.0;-1.59;69.55;5.03
53.0;204.72;34.0;-0.98;75.45;4.21
117.0;135.06;90.0;-0.37;78.6;4.48
103.0;7.26;101.0;0.25;72.65;5.72
176.0;85.85;149.0;0.64;69.95;5.24
215.0;203.72;151.0;0.91;64.65;4.62
179.0;174.83;131.0;1.18;62.15;3.93
71.0;10.08;69.0;1.26;62.15;3.24
46.0;132.18;34.0;1.03;62.15;2.34
0.0;0.0;0.0;0.45;64.55;1.59
0.0;0.0;0.0;-0.3;72.6;1.72
0.0;0.0;0.0;-0.68;72.6;2.14
0.0;0.0;0.0;-0.88;75.45;2.69
0.0;0.0;0.0;-1.24;72.5;2.97
0.0;0.0;0.0;-1.37;75.35;3.03
0.0;0.0;0.0;-1.56;75.35;3.1
0.0;0.0;0.0;-1.7;75.35;3.45
0.0;0.0;0.0;-1.81;78.35;3.66
0.0;0.0;0.0;-1.91;78.35;3.93
0.0;0.0;0.0;-2.08;78.35;4.28
0.0;0.0;0.0;-2.26;81.5;4.55
0.0;0.0;0.0;-2.43;81.5;4.9
0.0;0.0;0.0;-2.58;81.5;5.1
0.0;0.0;0.0;-2.75;81.5;5.38
0.0;0.0;0.0;-2.89;84.8;5.59
17.0;0.0;17.0;-2.66;84.85;5.72
62.0;0.0;62.0;-2.63;84.85;7.52
45.0;0.0;45.0;-2.88;91.8;5.93
46.0;0.0;46.0;-2.91;91.8;6.0
51.0;0.0;51.0;-3.02;91.8;5.59
54.0;0.0;54.0;-3.08;91.8;5.72
0.0;0.0;0.0;-3.14;91.8;5.52
7.0;0.0;7.0;-3.19;88.25;6.76
0.0;0.0;0.0;-3.15;91.8;6.9
0.0;0.0;0.0;-3.1;91.8;6.9
0.0;0.0;0.0;-3.07;91.8;6.55
0.0;0.0;0.0;-3.13;91.8;6.07
0.0;0.0;0.0;-3.97;91.75;5.38
0.0;0.0;0.0;-4.09;91.75;5.03
0.0;0.0;0.0;-4.22;88.15;4.76
0.0;0.0;0.0;-4.38;88.15;4.48
0.0;0.0;0.0;-4.6;84.65;4.28
0.0;0.0;0.0;-4.83;88.1;4.07
0.0;0.0;0.0;-5.08;84.6;3.79
0.0;0.0;0.0;-5.32;88.05;3.59
0.0;0.0;0.0;-5.5;88.05;3.59
0.0;0.0;0.0;-5.68;88.05;3.66
0.0;0.0;0.0;-5.87;91.7;3.66
0.0;0.0;0.0;-6.06;88.0;3.59
40.0;40.38;36.0;-6.59;88.0;2.62
41.0;0.0;41.0;-6.41;88.0;2.9
143.0;56.57;127.0;-6.05;84.5;3.45
61.0;0.0;61.0;-5.77;81.2;3.31
73.0;0.0;73.0;-5.48;81.2;3.17
35.0;0.0;35.0;-5.44;81.2;3.03
27.0;0.0;27.0;-5.47;81.2;2.9
27.0;0.0;27.0;-5.55;84.55;2.34
0.0;0.0;0.0;-5.87;88.0;2.14
0.0;0.0;0.0;-6.18;88.0;2.14
0.0;0.0;0.0;-6.38;91.65;2.14
0.0;0.0;0.0;-6.66;88.0;2.21
0.0;0.0;0.0;-6.69;91.65;2.21
0.0;0.0;0.0;-6.85;91.6;2.34
0.0;0.0;0.0;-7.17;87.95;2.34
0.0;0.0;0.0;-7.75;87.9;2.41
0.0;0.0;0.0;-8.83;91.5;2.55
0.0;0.0;0.0;-9.3;87.75;2.41
0.0;0.0;0.0;-9.44;91.45;2.34
0.0;0.0;0.0;-9.2;87.75;2.48
0.0;0.0;0.0;-8.8;87.8;2.55
0.0;0.0;0.0;-8.75;87.8;2.62
0.0;0.0;0.0;-8.66;87.8;2.62
0.0;0.0;0.0;-8.73;87.8;2.55
40.0;39.08;36.0;-7.54;91.6;2.76
58.0;0.0;58.0;-6.86;91.6;2.9
81.0;0.0;81.0;-6.28;88.0;3.38
116.0;3.06;115.0;-5.93;88.0;4.0
112.0;3.06;111.0;-5.91;88.0;4.28
97.0;3.48;96.0;-6.18;84.5;4.48
73.0;4.74;72.0;-6.58;81.05;4.76
37.0;29.02;34.0;-7.05;84.4;4.76
0.0;0.0;0.0;-7.51;84.35;4.62
0.0;0.0;0.0;-7.86;87.85;4.97
0.0;0.0;0.0;-7.98;87.85;5.1
0.0;0.0;0.0;-7.95;87.85;5.31
0.0;0.0;0.0;-7.34;84.35;5.79
0.0;0.0;0.0;-7.08;81.0;6.14
0.0;0.0;0.0;-6.46;77.75;6.41
0.0;0.0;0.0;-5.85;74.7;6.83
0.0;0.0;0.0;-5.56;74.8;6.97
0.0;0.0;0.0;-5.3;81.2;7.03
0.0;0.0;0.0;-5.04;81.25;7.03
0.0;0.0;0.0;-4.84;84.6;6.83
0.0;0.0;0.0;-4.67;81.3;6.55
0.0;0.0;0.0;-4.5;81.3;6.34
0.0;0.0;0.0;-4.33;84.65;6.14
0.0;0.0;0.0;-4.1;84.65;6.0
40.0;28.37;37.0;-3.43;88.2;5.79
17.0;0.0;17.0;-3.1;84.8;5.86
114.0;10.32;111.0;-2.82;88.25;5.03
55.0;0.0;55.0;-2.65;88.25;4.55
77.0;0.0;77.0;-2.07;91.85;3.79
147.0;54.89;131.0;-1.17;85.0;5.17
93.0;27.85;87.0;-1.1;81.7;5.66
54.0;111.44;42.0;-1.66;78.45;5.45
0.0;0.0;0.0;-2.46;81.5;5.38
0.0;0.0;0.0;-3.23;81.45;5.38
0.0;0.0;0.0;-3.99;84.65;5.38
0.0;0.0;0.0;-4.44;84.65;5.45
0.0;0.0;0.0;-4.55;84.65;5.45
0.0;0.0;0.0;-4.88;84.6;5.17
0.0;0.0;0.0;-5.17;84.6;5.38
0.0;0.0;0.0;-5.47;84.55;5.66
0.0;0.0;0.0;-5.73;77.9;5.79
0.0;0.0;0.0;-6.37;77.75;5.86
0.0;0.0;0.0;-6.9;77.7;5.93
0.0;0.0;0.0;-7.25;77.7;5.66
0.0;0.0;0.0;-7.34;77.6;5.45
0.0;0.0;0.0;-7.57;77.6;5.24
0.0;0.0;0.0;-7.73;77.6;5.17
0.0;0.0;0.0;-7.88;77.55;5.17
11.0;0.0;11.0;-7.64;77.6;5.03
84.0;13.78;81.0;-7.23;77.7;4.97
70.0;0.0;70.0;-6.34;84.45;4.9
121.0;5.98;119.0;-5.33;84.55;4.48
87.0;0.0;87.0;-4.38;81.3;4.9
65.0;0.0;65.0;-3.52;84.7;4.62
59.0;0.0;59.0;-3.08;88.25;4.41
16.0;0.0;16.0;-2.95;91.8;3.86
0.0;0.0;0.0;-2.8;95.55;4.0
0.0;0.0;0.0;-2.26;95.55;4.07
0.0;0.0;0.0;-1.03;95.6;4.62
0.0;0.0;0.0;0.3;92.0;5.86
0.0;0.0;0.0;0.85;92.05;6.9
0.0;0.0;0.0;0.91;92.05;6.76
0.0;0.0;0.0;0.9;92.05;6.41
0.0;0.0;0.0;0.77;92.05;5.93
0.0;0.0;0.0;0.68;95.65;5.59
0.0;0.0;0.0;0.56;95.65;5.31
0.0;0.0;0.0;0.51;95.65;4.97
0.0;0.0;0.0;0.51;95.65;4.55
0.0;0.0;0.0;0.51;95.65;4.14
0.0;0.0;0.0;0.54;99.4;3.86
0.0;0.0;0.0;0.48;99.4;3.59
0.0;0.0;0.0;0.32;95.65;3.59
18.0;0.0;18.0;-2.01;91.85;6.83
83.0;13.54;80.0;-4.74;81.3;7.1
76.0;0.0;76.0;-5.17;81.25;7.45
93.0;0.0;93.0;-5.22;74.9;6.55
97.0;0.0;97.0;-5.53;71.75;5.79
103.0;3.33;102.0;-5.91;71.65;5.03
76.0;4.46;75.0;-6.5;68.65;4.62
46.0;34.34;42.0;-7.34;71.4;4.14
0.0;0.0;0.0;-8.6;74.25;3.52
0.0;0.0;0.0;-10.14;77.2;2.9
0.0;0.0;0.0;-11.54;80.35;2.83
0.0;0.0;0.0;-12.76;80.25;2.69
0.0;0.0;0.0;-12.81;80.25;2.48
0.0;0.0;0.0;-13.53;83.65;2.55
0.0;0.0;0.0;-13.19;83.7;2.76
0.0;0.0;0.0;-12.15;83.8;3.17
0.0;0.0;0.0;-10.98;80.45;3.66
0.0;0.0;0.0;-9.6;80.65;4.07
0.0;0.0;0.0;-8.18;84.3;4.28
0.0;0.0;0.0;-6.97;91.6;4.21
0.0;0.0;0.0;-6.13;88.0;4.62
0.0;0.0;0.0;-5.79;84.55;5.03
0.0;0.0;0.0;-5.62;84.55;5.24
0.0;0.0;0.0;-5.29;84.55;5.38
31.0;0.0;31.0;-4.17;81.3;5.52
108.0;48.77;97.0;-3.68;84.7;5.45
80.0;0.0;80.0;-3.18;88.25;4.97
55.0;0.0;55.0;-2.7;88.25;3.86
78.0;0.0;78.0;-1.8;91.85;5.03
34.0;0.0;34.0;-0.89;88.4;5.24
19.0;0.0;19.0;-0.6;85.05;4.76
76.0;247.97;46.0;-0.88;85.0;4.41
0.0;0.0;0.0;-1.54;84.95;4.28
0.0;0.0;0.0;-2.36;88.25;4.0
0.0;0.0;0.0;-2.97;88.25;3.59
0.0;0.0;0.0;-3.91;88.15;3.1
0.0;0.0;0.0;-5.04;84.6;2.76
0.0;0.0;0.0;-6.51;91.65;2.34
0.0;0.0;0.0;-8.29;91.55;2.21
0.0;0.0;0.0;-9.08;95.35;1.52
0.0;0.0;0.0;-8.57;95.35;0.48
0.0;0.0;0.0;-12.2;95.25;1.86
0.0;0.0;0.0;-13.71;91.2;2.34
0.0;0.0;0.0;-12.13;91.3;2.48
0.0;0.0;0.0;-9.82;91.45;2.76
0.0;0.0;0.0;-7.19;91.6;3.17
0.0;0.0;0.0;-5.37;91.7;3.45
0.0;0.0;0.0;-3.94;95.5;3.93
17.0;0.0;17.0;-2.13;95.55;4.28
36.0;0.0;36.0;-0.2;95.6;4.55
51.0;0.0;51.0;1.47;95.65;5.17
53.0;0.0;53.0;2.26;92.1;5.59
56.0;0.0;56.0;2.43;88.65;5.66
49.0;0.0;49.0;2.34;88.65;5.52
22.0;0.0;22.0;2.27;92.1;5.52
30.0;0.0;30.0;2.17;95.65;5.38
0.0;0.0;0.0;2.0;92.1;5.38
0.0;0.0;0.0;3.57;99.0;5.66
0.0;0.0;0.0;2.44;99.0;5.69
0.0;0.0;0.0;1.32;98.79;5.71
0.0;0.0;0.0;0.2;96.78;5.74
0.0;0.0;0.0;-0.93;94.78;5.77
0.0;0.0;0.0;-2.05;92.77;5.79
0.0;0.0;0.0;-3.18;90.76;5.82
0.0;0.0;0.0;-4.3;88.75;5.84
0.0;0.0;0.0;-5.43;86.75;5.87
0.0;0.0;0.0;-6.55;84.74;5.9
0.0;0.0;0.0;-7.68;82.73;5.92
0.0;0.0;0.0;-8.8;80.72;5.95
0.0;0.0;0.0;-9.93;78.72;5.98
0.0;0.0;0.0;-11.05;76.71;6.0
0.0;0.0;0.0;-12.18;74.7;6.03
38.0;8.05;37.0;-13.3;72.69;6.06
101.0;29.94;94.0;-9.56;77.3;5.31
239.0;324.21;138.0;-8.61;74.25;5.72
174.0;42.58;159.0;-7.66;71.4;6.0
169.0;36.8;156.0;-6.79;74.55;6.0
147.0;34.99;136.0;-6.14;71.65;5.66
104.0;29.38;97.0;-5.75;74.7;5.31
30.0;0.0;30.0;-5.53;74.8;5.86
0.0;0.0;0.0;-5.69;77.85;5.52
0.0;0.0;0.0;-5.98;77.85;5.45
0.0;0.0;0.0;-6.11;77.85;5.24
0.0;0.0;0.0;-6.17;81.05;5.17
0.0;0.0;0.0;-6.46;77.75;5.45
0.0;0.0;0.0;-6.41;81.05;5.24
0.0;0.0;0.0;-6.39;81.05;5.1
0.0;0.0;0.0;-6.41;81.05;5.03
0.0;0.0;0.0;-6.24;81.05;5.03
0.0;0.0;0.0;-5.96;81.1;4.9
0.0;0.0;0.0;-5.6;77.9;4.69
0.0;0.0;0.0;-5.87;81.1;4.55
0.0;0.0;0.0;-6.09;81.1;4.41
0.0;0.0;0.0;-6.21;84.45;4.21
0.0;0.0;0.0;-6.43;81.05;4.14
0.0;0.0;0.0;-6.53;81.05;4.21
27.0;0.0;27.0;-7.31;80.9;4.48
106.0;33.61;98.0;-6.67;81.0;4.0
63.0;0.0;63.0;-5.84;77.85;4.55
92.0;0.0;92.0;-5.01;74.9;4.9
64.0;0.0;64.0;-4.3;74.95;4.76
162.0;53.28;145.0;-3.73;75.05;4.34
126.0;74.09;108.0;-3.48;72.1;3.86
63.0;74.21;53.0;-3.72;75.05;3.52
0.0;0.0;0.0;-4.2;78.05;3.03
0.0;0.0;0.0;-4.8;81.25;2.83
0.0;0.0;0.0;-5.15;84.55;2.76
0.0;0.0;0.0;-5.8;84.5;2.83
0.0;0.0;0.0;-6.29;84.45;3.03
0.0;0.0;0.0;-5.84;84.5;2.9
0.0;0.0;0.0;-5.85;84.5;2.76
0.0;0.0;0.0;-5.95;84.5;2.69
0.0;0.0;0.0;-5.96;84.5;2.62
0.0;0.0;0.0;-6.14;84.5;2.41
0.0;0.0;0.0;-6.27;88.0;2.28
0.0;0.0;0.0;-6.42;88.0;2.21
0.0;0.0;0.0;-6.73;87.95;2.21
0.0;0.0;0.0;-7.1;84.4;2.14
0.0;0.0;0.0;-7.86;87.85;2.14
0.0;0.0;0.0;-8.75;87.75;2.21
55.0;37.76;50.0;-9.78;87.65;2.07
124.0;66.02;108.0;-9.39;84.1;1.86
164.0;53.04;147.0;-7.95;80.85;1.86
180.0;41.48;165.0;-6.27;77.75;1.93
157.0;16.54;151.0;-4.55;74.95;2.0
137.0;18.52;131.0;-3.42;72.1;2.21
128.0;68.62;111.0;-3.1;69.35;2.34
61.0;50.2;54.0;-3.75;75.05;2.34
0.0;0.0;0.0;-5.29;84.55;2.62
0.0;0.0;0.0;-6.81;87.95;2.76
0.0;0.0;0.0;-7.84;87.85;2.83
0.0;0.0;0.0;-8.56;87.8;2.83
0.0;0.0;0.0;-9.11;87.75;2.83
0.0;0.0;0.0;-9.88;87.65;2.69
0.0;0.0;0.0;-10.92;87.6;2.69
0.0;0.0;0.0;-11.85;87.55;2.69
0.0;0.0;0.0;-12.54;83.8;2.69
0.0;0.0;0.0;-13.14;83.75;2.69
0.0;0.0;0.0;-13.65;83.7;2.69
0.0;0.0;0.0;-14.06;83.65;2.69
0.0;0.0;0.0;-14.42;83.6;2.69
0.0;0.0;0.0;-14.68;83.6;2.62
0.0;0.0;0.0;-14.84;83.55;2.62
0.0;0.0;0.0;-14.98;83.55;2.62
108.0;468.53;44.0;-13.95;80.1;2.62
204.0;417.39;101.0;-11.83;77.0;2.41
271.0;387.53;145.0;-9.34;74.1;2.41
320.0;442.21;158.0;-6.69;71.5;2.41
293.0;318.29;176.0;-3.94;66.35;2.48
244.0;252.45;161.0;-2.09;61.55;2.62
200.0;360.29;109.0;-1.48;61.65;2.62
100.0;298.28;57.0;-1.89;64.1;2.97
0.0;0.0;0.0;-3.21;72.1;3.03
0.0;0.0;0.0;-4.5;74.95;3.03
0.0;0.0;0.0;-5.38;77.9;2.97
0.0;0.0;0.0;-6.21;77.75;2.9
0.0;0.0;0.0;-6.62;74.6;2.9
0.0;0.0;0.0;-7.44;77.6;2.9
0.0;0.0;0.0;-8.17;77.55;2.9
0.0;0.0;0.0;-8.65;80.8;2.97
0.0;0.0;0.0;-9.04;80.7;2.9
0.0;0.0;0.0;-9.39;80.65;2.9
0.0;0.0;0.0;-9.65;80.65;2.83
0.0;0.0;0.0;-9.97;80.55;2.76
0.0;0.0;0.0;-10.34;80.5;2.83
0.0;0.0;0.0;-10.71;80.45;2.83
0.0;0.0;0.0;-10.9;80.45;2.9
0.0;0.0;0.0;-10.96;80.45;2.97
109.0;432.97;48.0;-9.77;80.55;3.17
211.0;449.69;98.0;-7.64;71.4;3.17
278.0;409.3;143.0;-4.91;68.95;3.1
322.0;436.46;160.0;-1.59;61.65;3.52
321.0;426.85;162.0;1.0;59.7;3.72
272.0;365.59;150.0;2.14;62.35;3.59
213.0;423.38;104.0;2.44;62.5;3.79
109.0;362.6;55.0;1.93;64.9;3.66
0.0;0.0;0.0;0.64;72.75;3.59
0.0;0.0;0.0;-0.53;75.55;3.52
0.0;0.0;0.0;-1.11;75.45;3.66
0.0;0.0;0.0;-1.49;72.5;3.72
0.0;0.0;0.0;-1.42;72.5;3.59
0.0;0.0;0.0;-1.77;72.4;3.59
0.0;0.0;0.0;-2.18;75.3;3.52
0.0;0.0;0.0;-2.64;75.2;3.45
0.0;0.0;0.0;-3.07;72.25;3.38
0.0;0.0;0.0;-3.46;75.1;3.24
0.0;0.0;0.0;-3.76;78.15;3.1
0.0;0.0;0.0;-4.1;75.05;2.97
0.0;0.0;0.0;-4.5;78.05;2.9
0.0;0.0;0.0;-4.98;81.25;2.83
0.0;0.0;0.0;-5.21;84.55;2.69
0.0;0.0;0.0;-5.59;84.55;2.62
117.0;523.18;41.0;-5.57;84.55;2.48
237.0;660.48;68.0;-4.16;81.3;2.34
308.0;600.72;107.0;-1.96;78.45;2.55
351.0;603.61;124.0;1.05;75.75;2.97
381.0;781.53;86.0;2.6;76.0;3.24
209.0;129.91;165.0;3.25;76.1;3.31
148.0;99.1;122.0;3.27;79.1;2.9
77.0;84.56;64.0;2.68;82.15;2.48
0.0;0.0;0.0;1.58;85.25;2.62
0.0;0.0;0.0;0.7;92.0;2.69
0.0;0.0;0.0;0.88;92.0;2.69
0.0;0.0;0.0;0.64;92.0;2.76
0.0;0.0;0.0;0.76;95.65;2.83
0.0;0.0;0.0;0.51;92.0;2.83
0.0;0.0;0.0;0.49;92.0;2.69
0.0;0.0;0.0;0.74;95.65;2.62
0.0;0.0;0.0;0.94;92.05;2.48
0.0;0.0;0.0;0.84;95.65;2.41
0.0;0.0;0.0;0.92;95.65;2.34
0.0;0.0;0.0;0.66;95.65;2.34
0.0;0.0;0.0;0.49;95.65;2.34
0.0;0.0;0.0;-0.06;95.6;2.41
0.0;0.0;0.0;-0.21;99.4;2.34
0.0;0.0;0.0;-0.77;95.6;2.34
124.0;554.32;41.0;-1.61;88.4;2.55
227.0;548.83;84.0;-0.79;91.95;2.69
309.0;577.41;113.0;0.45;85.15;3.31
362.0;650.86;114.0;1.77;85.25;3.79
340.0;515.05;143.0;2.63;82.15;4.0
207.0;116.38;167.0;3.39;82.2;4.07
231.0;531.17;89.0;3.71;85.45;4.07
93.0;163.96;67.0;3.67;85.45;4.07
0.0;0.0;0.0;3.3;88.7;4.14
0.0;0.0;0.0;2.99;88.7;4.21
0.0;0.0;0.0;2.91;92.15;4.28
0.0;0.0;0.0;2.74;92.15;4.21
0.0;0.0;0.0;1.94;92.1;3.86
0.0;0.0;0.0;1.78;95.65;3.72
0.0;0.0;0.0;1.47;92.05;3.38
0.0;0.0;0.0;1.14;95.65;3.1
0.0;0.0;0.0;0.97;95.65;3.24
0.0;0.0;0.0;0.9;95.65;3.31
0.0;0.0;0.0;0.82;95.65;3.1
0.0;0.0;0.0;0.64;95.65;3.24
0.0;0.0;0.0;0.78;95.65;3.1
0.0;0.0;0.0;1.08;95.65;2.9
0.0;0.0;0.0;1.3;95.65;3.03
0.0;0.0;0.0;1.6;95.65;2.9
61.0;25.93;57.0;1.77;92.05;2.76
153.0;109.31;124.0;2.28;92.1;2.69
239.0;211.99;166.0;2.86;92.15;2.34
367.0;650.15;116.0;3.44;85.45;2.48
376.0;696.65;106.0;3.94;85.5;2.41
322.0;613.56;108.0;4.21;85.5;2.21
239.0;561.8;86.0;4.0;85.5;2.0
125.0;428.27;55.0;4.0;85.5;1.59
6.0;0.0;6.0;2.91;92.15;2.34
0.0;0.0;0.0;1.09;95.65;2.62
0.0;0.0;0.0;0.06;95.6;2.62
0.0;0.0;0.0;-0.53;95.6;2.69
0.0;0.0;0.0;-0.71;99.4;2.55
0.0;0.0;0.0;-0.87;99.4;2.76
0.0;0.0;0.0;-0.93;99.4;2.9
0.0;0.0;0.0;-1.05;99.4;2.9
0.0;0.0;0.0;-1.27;95.6;2.83
0.0;0.0;0.0;-1.25;95.6;2.9
0.0;0.0;0.0;-0.4;99.4;3.03
0.0;0.0;0.0;0.26;99.4;3.1
0.0;0.0;0.0;0.7;99.4;3.1
0.0;0.0;0.0;1.15;99.35;3.03
0.0;0.0;0.0;1.83;99.4;2.97
0.0;0.0;0.0;2.36;99.4;2.97
16.0;0.0;16.0;2.74;99.4;2.9
22.0;0.0;22.0;3.47;95.7;2.9
110.0;0.0;110.0;3.87;95.7;2.76
153.0;7.67;150.0;4.24;92.2;2.62
210.0;61.11;186.0;4.86;92.25;2.76
188.0;64.99;165.0;4.74;92.25;2.14
124.0;32.45;115.0;4.71;88.85;1.93
78.0;59.4;68.0;4.18;92.2;1.86
1.0;0.0;1.0;3.44;95.7;2.28
0.0;0.0;0.0;2.18;99.4;2.41
0.0;0.0;0.0;1.28;99.35;2.34
0.0;0.0;0.0;0.46;99.4;2.21
0.0;0.0;0.0;-0.47;99.4;2.14
0.0;0.0;0.0;-1.16;99.4;2.0
0.0;0.0;0.0;-2.07;95.6;2.07
0.0;0.0;0.0;-2.74;99.4;2.0
0.0;0.0;0.0;-2.71;99.4;1.79
0.0;0.0;0.0;-1.45;95.6;1.38
0.0;0.0;0.0;-1.38;99.4;1.31
0.0;0.0;0.0;-1.04;99.4;1.24
0.0;0.0;0.0;-0.25;100.0;1.38
0.0;0.0;0.0;0.1;99.4;1.24
0.0;0.0;0.0;0.27;100.0;1.03
0.0;0.0;0.0;0.27;100.0;0.9
27.0;0.0;27.0;0.85;100.0;0.07
36.0;0.0;36.0;0.67;100.0;0.83
65.0;0.0;65.0;0.94;99.35;1.45
95.0;0.0;95.0;0.78;100.0;2.28
79.0;0.0;79.0;0.87;100.0;3.03
31.0;0.0;31.0;1.41;99.4;3.24
28.0;0.0;28.0;2.28;95.65;3.79
28.0;0.0;28.0;2.63;95.7;3.38
2.0;0.0;2.0;2.6;95.7;2.83
0.0;0.0;0.0;2.44;95.7;2.28
0.0;0.0;0.0;1.97;95.65;1.86
0.0;0.0;0.0;1.2;95.65;2.07
0.0;0.0;0.0;0.0;95.6;2.0
0.0;0.0;0.0;-1.51;95.6;2.14
0.0;0.0;0.0;-2.1;91.9;2.07
0.0;0.0;0.0;-3.23;95.55;2.21
0.0;0.0;0.0;-3.97;91.8;2.41
0.0;0.0;0.0;-3.64;95.5;2.55
0.0;0.0;0.0;-2.92;91.85;2.69
0.0;0.0;0.0;-2.02;91.9;2.9
0.0;0.0;0.0;-0.96;91.95;2.97
0.0;0.0;0.0;-0.34;91.95;3.17
0.0;0.0;0.0;0.17;92.0;3.31
0.0;0.0;0.0;0.3;92.0;3.52
0.0;0.0;0.0;0.65;88.5;3.59
72.0;0.0;72.0;1.29;88.55;3.66
66.0;0.0;66.0;1.78;88.6;3.52
57.0;0.0;57.0;2.42;88.65;3.59
117.0;0.0;117.0;3.03;88.7;3.38
94.0;0.0;94.0;4.16;88.8;3.03
46.0;0.0;46.0;4.8;88.85;2.76
76.0;39.27;69.0;4.6;88.85;3.03
8.0;0.0;8.0;4.19;92.2;3.03
0.0;0.0;0.0;4.22;92.2;2.97
0.0;0.0;0.0;4.17;92.2;2.97
0.0;0.0;0.0;4.23;92.2;2.9
0.0;0.0;0.0;3.83;95.7;2.48
0.0;0.0;0.0;3.67;95.7;2.62
0.0;0.0;0.0;3.58;95.7;2.55
0.0;0.0;0.0;3.11;95.7;2.14
0.0;0.0;0.0;2.17;99.4;2.0
0.0;0.0;0.0;0.64;99.4;2.34
0.0;0.0;0.0;-0.32;99.4;2.07
0.0;0.0;0.0;-1.16;99.4;2.0
0.0;0.0;0.0;-1.66;99.4;1.86
0.0;0.0;0.0;-1.61;99.4;1.52
0.0;0.0;0.0;-2.0;95.6;1.1
8.0;0.0;8.0;-2.12;99.4;0.83
71.0;28.85;66.0;-1.32;95.6;1.31
104.0;7.02;102.0;0.21;99.4;1.38
96.0;0.0;96.0;1.58;99.4;1.86
82.0;0.0;82.0;2.32;99.4;2.14
86.0;0.0;86.0;2.63;95.7;2.48
36.0;0.0;36.0;2.63;95.7;3.24
40.0;0.0;40.0;2.35;99.4;3.17
28.0;0.0;28.0;2.25;99.4;3.59
2.0;0.0;2.0;1.86;99.4;3.38
0.0;0.0;0.0;1.63;99.4;3.17
0.0;0.0;0.0;1.4;99.35;2.83
0.0;0.0;0.0;1.24;99.35;2.48
0.0;0.0;0.0;1.18;100.0;2.0
0.0;0.0;0.0;0.89;100.0;2.14
0.0;0.0;0.0;0.67;100.0;2.28
0.0;0.0;0.0;0.53;99.4;2.41
0.0;0.0;0.0;0.37;100.0;2.34
0.0;0.0;0.0;0.18;99.4;2.41
0.0;0.0;0.0;0.0;99.4;2.41
0.0;0.0;0.0;-0.18;100.0;2.48
0.0;0.0;0.0;-0.38;99.4;2.41
0.0;0.0;0.0;-0.55;99.4;2.0
0.0;0.0;0.0;-0.7;100.0;1.86
11.0;23.9;10.0;-0.83;100.0;1.52
113.0;201.91;77.0;-0.54;99.4;1.17
100.0;3.45;99.0;-0.29;99.4;0.69
49.0;0.0;49.0;0.03;95.6;0.34
83.0;0.0;83.0;0.3;99.4;0.48
122.0;0.0;122.0;0.86;95.65;0.9
64.0;0.0;64.0;0.99;92.05;1.38
55.0;0.0;55.0;1.25;92.05;1.45
29.0;0.0;29.0;1.19;92.05;1.52
6.0;0.0;6.0;1.03;88.55;1.72
0.0;0.0;0.0;0.65;95.65;1.52
0.0;0.0;0.0;0.47;95.65;1.72
0.0;0.0;0.0;0.38;99.4;2.07
0.0;0.0;0.0;0.3;99.4;1.93
0.0;0.0;0.0;0.33;99.4;1.79
0.0;0.0;0.0;0.35;99.4;2.14
0.0;0.0;0.0;0.27;99.4;2.21
0.0;0.0;0.0;0.06;95.6;2.55
0.0;0.0;0.0;-0.28;99.4;2.62
0.0;0.0;0.0;-0.59;95.6;2.62
0.0;0.0;0.0;-1.08;95.6;2.76
0.0;0.0;0.0;-1.32;95.6;2.76
0.0;0.0;0.0;-1.46;91.95;2.69
0.0;0.0;0.0;-1.51;91.95;2.55
5.0;0.0;5.0;-1.41;91.95;2.48
27.0;0.0;27.0;-0.82;95.6;2.21
171.0;104.94;140.0;0.94;92.05;2.28
135.0;5.33;133.0;3.04;82.2;2.69
132.0;0.0;132.0;4.46;79.3;2.9
158.0;4.77;156.0;5.51;76.5;3.52
100.0;0.0;100.0;5.17;79.35;4.41
140.0;33.0;130.0;4.91;82.35;2.97
89.0;46.56;80.0;4.53;82.35;2.9
3.0;0.0;3.0;3.97;85.5;2.83
0.0;0.0;0.0;2.79;92.15;2.69
0.0;0.0;0.0;2.09;92.1;2.69
0.0;0.0;0.0;1.76;95.65;2.76
0.0;0.0;0.0;2.3;95.65;3.03
0.0;0.0;0.0;2.4;95.65;2.97
0.0;0.0;0.0;2.34;95.65;2.76
0.0;0.0;0.0;2.09;92.1;2.83
0.0;0.0;0.0;2.02;92.1;2.83
0.0;0.0;0.0;1.91;95.65;2.34
0.0;0.0;0.0;1.66;95.65;1.93
0.0;0.0;0.0;1.36;99.35;1.93
0.0;0.0;0.0;1.17;99.35;1.79
0.0;0.0;0.0;0.66;99.4;1.59
0.0;0.0;0.0;0.2;99.4;1.66
4.0;0.0;4.0;-0.09;99.4;1.59
83.0;42.45;75.0;0.8;99.4;1.38
225.0;296.03;136.0;2.19;95.65;1.93
345.0;541.26;139.0;3.46;82.25;2.62
389.0;551.07;156.0;4.71;73.45;3.66
363.0;426.43;182.0;5.52;68.2;3.86
286.0;259.48;186.0;6.29;65.75;4.07
235.0;314.66;138.0;6.74;61.0;4.14
147.0;347.83;78.0;6.57;63.35;3.72
34.0;237.44;19.0;5.47;68.2;3.66
0.0;0.0;0.0;4.2;73.4;3.86
0.0;0.0;0.0;3.51;76.15;4.14
0.0;0.0;0.0;3.19;79.1;4.34
0.0;0.0;0.0;2.44;82.15;3.86
0.0;0.0;0.0;1.86;85.25;3.86
0.0;0.0;0.0;1.42;82.0;3.93
0.0;0.0;0.0;1.16;81.95;3.86
0.0;0.0;0.0;0.94;78.8;3.66
0.0;0.0;0.0;0.84;81.9;3.59
0.0;0.0;0.0;0.66;81.9;3.59
0.0;0.0;0.0;0.58;85.15;3.45
0.0;0.0;0.0;0.51;85.15;3.31
0.0;0.0;0.0;0.37;88.45;3.17
0.0;0.0;0.0;0.26;92.0;3.17
12.0;0.0;12.0;0.25;92.0;3.1
45.0;0.0;45.0;1.01;88.55;2.9
46.0;0.0;46.0;2.73;82.15;2.9
129.0;2.59;128.0;3.88;82.25;3.24
86.0;0.0;86.0;4.26;82.3;2.97
168.0;6.98;165.0;5.56;79.4;3.38
327.0;422.28;162.0;7.33;73.9;3.59
304.0;740.02;72.0;8.27;71.35;3.52
51.0;0.0;51.0;8.31;71.35;3.1
13.0;0.0;13.0;7.37;73.9;2.83
0.0;0.0;0.0;5.93;82.5;2.76
0.0;0.0;0.0;4.99;85.6;2.69
0.0;0.0;0.0;4.34;92.2;2.76
0.0;0.0;0.0;3.69;92.15;3.1
0.0;0.0;0.0;3.24;92.15;3.17
0.0;0.0;0.0;3.18;92.15;3.17
0.0;0.0;0.0;3.0;92.15;3.24
0.0;0.0;0.0;2.77;92.15;3.17
0.0;0.0;0.0;2.42;95.65;3.03
0.0;0.0;0.0;1.96;92.1;3.03
0.0;0.0;0.0;1.4;95.65;3.03
0.0;0.0;0.0;1.07;95.65;3.03
0.0;0.0;0.0;0.67;95.65;2.97
0.0;0.0;0.0;0.28;95.6;2.9
37.0;324.2;17.0;-0.04;95.6;2.83
175.0;608.47;54.0;0.86;95.65;2.76
256.0;411.13;128.0;2.66;92.15;2.97
393.0;758.72;96.0;4.38;85.5;3.52
444.0;788.48;102.0;5.73;76.5;3.79
443.0;774.11;106.0;6.7;68.4;4.48
197.0;40.39;181.0;6.91;63.35;4.69
160.0;50.19;144.0;7.03;58.8;4.55
103.0;62.34;90.0;6.75;61.0;3.72
47.0;370.07;20.0;5.75;63.15;3.17
0.0;0.0;0.0;3.97;67.9;2.83
0.0;0.0;0.0;2.54;76.0;2.76
0.0;0.0;0.0;1.48;78.9;2.55
0.0;0.0;0.0;0.76;81.9;2.48
0.0;0.0;0.0;0.07;85.1;2.55
0.0;0.0;0.0;-0.26;88.45;2.55
0.0;0.0;0.0;-0.31;88.45;2.55
0.0;0.0;0.0;-0.59;88.45;2.69
0.0;0.0;0.0;-0.63;91.95;2.83
0.0;0.0;0.0;-0.6;88.45;2.83
0.0;0.0;0.0;-0.33;91.95;2.83
0.0;0.0;0.0;0.21;92.0;2.76
0.0;0.0;0.0;0.51;88.5;2.76
0.0;0.0;0.0;1.1;88.55;2.83
22.0;29.92;20.0;1.18;88.55;2.9
181.0;617.13;55.0;1.98;85.3;2.9
305.0;707.15;81.0;3.01;82.2;2.83
402.0;780.95;92.0;4.64;79.3;3.24
454.0;810.44;98.0;6.09;73.7;3.31
455.0;809.85;98.0;7.27;71.15;3.38
418.0;839.31;81.0;8.06;66.15;3.45
321.0;762.27;74.0;8.48;66.15;3.17
195.0;664.66;53.0;8.47;68.7;2.76
37.0;128.42;27.0;7.35;73.9;2.34
0.0;0.0;0.0;5.32;79.35;2.62
0.0;0.0;0.0;3.93;85.45;2.62
0.0;0.0;0.0;2.85;85.35;2.69
0.0;0.0;0.0;2.33;85.3;2.76
0.0;0.0;0.0;1.86;88.6;2.69
0.0;0.0;0.0;1.24;88.55;2.62
0.0;0.0;0.0;0.75;88.5;2.55
0.0;0.0;0.0;0.42;88.5;2.48
0.0;0.0;0.0;0.41;88.5;2.55
0.0;0.0;0.0;0.6;92.0;2.55
0.0;0.0;0.0;0.77;95.65;2.55
0.0;0.0;0.0;0.92;92.05;2.48
0.0;0.0;0.0;0.67;95.65;2.34
0.0;0.0;0.0;0.47;95.65;2.21
19.0;13.88;18.0;0.5;95.65;2.14
43.0;0.0;43.0;1.61;95.65;2.07
58.0;0.0;58.0;2.97;92.15;1.86
91.0;0.0;91.0;4.38;88.8;2.14
93.0;0.0;93.0;5.69;82.5;2.55
132.0;0.0;132.0;6.73;76.65;3.45
200.0;39.32;184.0;7.2;73.9;3.72
85.0;0.0;85.0;7.29;73.9;2.48
26.0;0.0;26.0;7.23;73.9;2.48
18.0;0.0;18.0;6.83;76.65;2.76
0.0;0.0;0.0;5.97;79.5;2.83
0.0;0.0;0.0;5.45;85.6;2.9
0.0;0.0;0.0;4.79;88.85;3.1
0.0;0.0;0.0;4.28;92.2;3.93
0.0;0.0;0.0;4.44;88.85;3.86
0.0;0.0;0.0;4.32;92.2;3.59
0.0;0.0;0.0;4.24;92.2;3.45
0.0;0.0;0.0;4.09;92.2;3.24
0.0;0.0;0.0;3.96;92.2;3.03
0.0;0.0;0.0;3.84;95.7;2.76
0.0;0.0;0.0;3.66;95.7;2.55
0.0;0.0;0.0;3.42;99.4;2.48
0.0;0.0;0.0;3.21;99.4;2.41
0.0;0.0;0.0;3.14;99.4;2.34
30.0;64.64;25.0;3.06;95.7;2.34
91.0;27.91;85.0;3.39;95.7;2.28
127.0;9.15;124.0;4.28;92.2;2.41
179.0;19.6;171.0;5.28;82.4;3.93
162.0;2.22;161.0;5.89;79.4;3.66
78.0;0.0;78.0;6.38;76.55;3.66
82.0;0.0;82.0;6.84;73.8;3.24
214.0;155.4;162.0;7.0;71.15;2.55
187.0;509.19;73.0;7.15;73.9;2.55
48.0;193.78;31.0;6.69;76.65;2.55
0.0;0.0;0.0;5.26;82.4;2.62
0.0;0.0;0.0;4.02;85.5;2.69
0.0;0.0;0.0;3.55;88.75;2.69
0.0;0.0;0.0;2.79;92.15;2.48
0.0;0.0;0.0;2.21;95.65;2.34
0.0;0.0;0.0;1.78;95.65;2.28
0.0;0.0;0.0;1.41;99.35;2.21
0.0;0.0;0.0;1.38;99.35;2.21
0.0;0.0;0.0;0.89;99.4;2.21
0.0;0.0;0.0;0.75;99.4;2.14
0.0;0.0;0.0;0.13;95.6;2.21
0.0;0.0;0.0;-0.28;99.4;2.28
0.0;0.0;0.0;-0.64;99.4;2.34
0.0;0.0;0.0;-0.98;95.6;2.34
46.0;217.61;28.0;-1.06;95.6;2.34
189.0;562.43;65.0;0.61;95.65;2.14
323.0;719.92;83.0;3.24;92.15;2.28
416.0;771.06;97.0;5.28;85.6;2.76
467.0;798.18;103.0;6.98;76.7;3.24
471.0;808.84;101.0;8.29;74.05;3.72
407.0;689.26;119.0;9.2;66.35;4.07
317.0;638.37;100.0;9.63;63.9;4.34
186.0;458.48;81.0;9.46;63.9;3.86
25.0;10.79;24.0;8.32;68.7;3.24
0.0;0.0;0.0;6.73;73.8;2.97
0.0;0.0;0.0;5.7;76.5;2.97
0.0;0.0;0.0;4.73;82.35;2.9
0.0;0.0;0.0;4.56;79.3;2.9
0.0;0.0;0.0;4.12;82.3;2.69
0.0;0.0;0.0;3.9;88.75;2.48
0.0;0.0;0.0;3.92;88.75;2.21
0.0;0.0;0.0;3.57;88.75;2.14
0.0;0.0;0.0;3.24;92.15;2.14
0.0;0.0;0.0;2.91;95.7;2.14
0.0;0.0;0.0;2.5;95.7;2.07
0.0;0.0;0.0;2.13;95.65;2.0
0.0;0.0;0.0;2.38;99.4;1.79
0.0;0.0;0.0;2.2;99.4;1.79
40.0;102.11;31.0;2.15;99.4;1.72
136.0;150.43;102.0;2.77;99.4;1.45
235.0;221.24;160.0;4.76;88.85;1.59
266.0;135.91;209.0;5.97;82.55;1.59
147.0;0.0;147.0;7.3;82.65;1.59
152.0;0.0;152.0;8.33;79.75;1.66
158.0;4.72;156.0;9.16;74.2;1.93
161.0;34.76;149.0;9.45;71.5;2.14
85.0;8.54;83.0;9.52;68.9;2.0
37.0;40.98;33.0;8.58;74.15;1.72
0.0;0.0;0.0;7.19;79.65;2.14
0.0;0.0;0.0;5.91;88.9;2.21
0.0;0.0;0.0;5.39;92.25;2.21
0.0;0.0;0.0;5.32;92.25;1.93
0.0;0.0;0.0;5.29;92.25;1.93
0.0;0.0;0.0;5.24;92.25;1.93
0.0;0.0;0.0;5.16;92.25;2.0
0.0;0.0;0.0;4.98;92.25;2.0
0.0;0.0;0.0;4.89;95.75;1.86
0.0;0.0;0.0;4.65;92.25;1.93
0.0;0.0;0.0;4.43;95.75;2.0
0.0;0.0;0.0;4.38;95.75;2.21
0.0;0.0;0.0;4.37;95.75;2.28
0.0;0.0;0.0;4.23;92.2;2.28
33.0;32.04;30.0;4.19;92.2;2.21
130.0;107.93;105.0;4.06;95.75;1.59
195.0;89.94;164.0;4.94;95.75;1.66
236.0;70.57;206.0;6.43;82.55;2.0
331.0;201.13;237.0;7.0;73.9;2.34
341.0;226.19;235.0;7.44;73.9;2.55
243.0;76.96;210.0;7.52;71.25;2.62
332.0;661.77;100.0;7.68;68.6;2.55
214.0;618.46;66.0;7.51;68.6;2.41
69.0;360.74;32.0;6.7;73.8;1.93
0.0;0.0;0.0;5.15;79.35;2.07
0.0;0.0;0.0;3.7;85.45;2.07
0.0;0.0;0.0;2.54;92.15;2.07
0.0;0.0;0.0;1.5;92.05;2.14
0.0;0.0;0.0;0.44;92.0;2.21
0.0;0.0;0.0;-0.21;95.6;2.21
0.0;0.0;0.0;-0.75;99.4;2.14
0.0;0.0;0.0;-1.09;95.6;2.0
0.0;0.0;0.0;-1.43;95.6;1.86
0.0;0.0;0.0;-1.41;95.6;1.79
0.0;0.0;0.0;-1.43;95.6;1.79
0.0;0.0;0.0;-0.73;100.0;1.72
0.0;0.0;0.0;-0.06;99.4;1.66
0.0;0.0;0.0;0.58;99.4;1.72
44.0;80.67;36.0;1.05;99.35;1.86
123.0;75.86;105.0;2.52;99.4;2.55
222.0;142.69;172.0;3.25;95.7;3.1
298.0;188.01;217.0;4.19;85.5;3.52
323.0;171.23;242.0;4.89;79.3;3.66
349.0;234.06;238.0;5.29;73.55;3.59
287.0;156.58;219.0;5.75;70.85;3.59
236.0;174.2;174.0;5.9;68.2;3.66
176.0;286.35;106.0;5.81;68.2;3.66
65.0;241.81;39.0;5.5;68.2;3.03
0.0;0.0;0.0;4.64;70.7;2.9
0.0;0.0;0.0;3.87;76.15;3.03
0.0;0.0;0.0;2.83;79.0;3.24
0.0;0.0;0.0;1.92;78.9;3.59
0.0;0.0;0.0;1.04;81.95;3.38
0.0;0.0;0.0;0.37;85.1;3.17
0.0;0.0;0.0;-0.14;88.45;3.1
0.0;0.0;0.0;-0.53;88.45;3.1
0.0;0.0;0.0;-0.84;88.4;3.17
0.0;0.0;0.0;-1.15;85.0;3.1
0.0;0.0;0.0;-1.49;85.0;3.03
0.0;0.0;0.0;-1.8;84.95;3.03
0.0;0.0;0.0;-2.08;84.95;3.03
0.0;0.0;0.0;-2.33;84.85;3.1
71.0;362.69;33.0;-2.33;84.85;3.24
212.0;572.05;73.0;-1.22;85.0;3.52
347.0;721.59;90.0;-0.04;75.6;4.14
401.0;554.3;159.0;1.08;67.3;4.76
424.0;472.03;198.0;1.65;64.8;4.48
333.0;183.38;245.0;2.2;62.35;4.62
194.0;18.19;186.0;2.5;60.05;4.76
126.0;2.77;125.0;2.36;62.35;4.83
70.0;0.0;70.0;2.15;59.95;4.69
41.0;26.67;38.0;1.71;62.25;4.21
0.0;0.0;0.0;0.78;64.55;3.45
0.0;0.0;0.0;0.15;67.1;3.38
0.0;0.0;0.0;-0.14;69.75;3.45
0.0;0.0;0.0;-0.82;69.65;3.52
0.0;0.0;0.0;-0.75;69.65;3.59
0.0;0.0;0.0;-0.87;72.5;3.52
0.0;0.0;0.0;-1.12;75.45;3.24
0.0;0.0;0.0;-1.41;75.45;2.97
0.0;0.0;0.0;-1.62;81.65;2.83
0.0;0.0;0.0;-1.65;81.65;2.83
0.0;0.0;0.0;-1.65;84.95;2.97
0.0;0.0;0.0;-1.68;84.95;2.97
0.0;0.0;0.0;-1.8;84.95;2.83
0.0;0.0;0.0;-1.98;84.95;2.9
45.0;45.28;40.0;-2.01;84.95;3.1
118.0;48.24;106.0;-0.93;85.0;3.38
189.0;58.02;168.0;0.69;78.75;3.86
235.0;56.51;210.0;2.14;73.0;3.66
220.0;20.64;210.0;2.97;73.2;3.24
179.0;4.12;177.0;3.76;73.3;3.03
117.0;0.0;117.0;4.1;70.6;2.83
188.0;51.83;169.0;4.27;73.4;2.69
126.0;58.88;111.0;4.4;73.4;2.55
53.0;76.64;44.0;4.36;73.4;2.21
0.0;0.0;0.0;3.62;76.15;2.0
0.0;0.0;0.0;2.79;79.0;2.14
0.0;0.0;0.0;2.27;82.05;2.28
0.0;0.0;0.0;1.41;85.2;2.62
0.0;0.0;0.0;1.15;85.2;2.48
0.0;0.0;0.0;0.71;85.15;2.28
0.0;0.0;0.0;0.74;85.15;2.14
0.0;0.0;0.0;0.45;85.15;2.14
0.0;0.0;0.0;0.02;88.45;2.21
0.0;0.0;0.0;-0.31;88.45;2.21
0.0;0.0;0.0;-0.4;88.45;2.07
0.0;0.0;0.0;-0.75;91.95;2.07
0.0;0.0;0.0;-0.65;91.95;2.0
0.0;0.0;0.0;-0.76;91.95;2.14
52.0;68.88;44.0;-0.61;91.95;2.21
146.0;113.94;117.0;0.68;88.5;2.55
225.0;122.36;180.0;1.66;85.25;2.62
306.0;178.5;226.0;2.75;82.15;2.62
327.0;157.06;250.0;3.66;79.15;2.69
472.0;631.17;162.0;4.74;76.3;2.76
226.0;39.93;208.0;5.49;73.65;2.69
301.0;373.75;162.0;6.42;73.7;2.9
176.0;223.17;118.0;6.53;71.05;2.69
86.0;384.01;39.0;6.21;73.7;2.07
0.0;0.0;0.0;5.29;79.35;2.34
0.0;0.0;0.0;4.44;79.3;2.76
0.0;0.0;0.0;3.53;82.25;2.97
0.0;0.0;0.0;3.2;85.4;2.97
0.0;0.0;0.0;2.58;85.35;2.97
0.0;0.0;0.0;2.41;88.65;3.03
0.0;0.0;0.0;2.03;85.3;2.97
0.0;0.0;0.0;1.89;88.6;2.97
0.0;0.0;0.0;1.82;88.6;2.83
0.0;0.0;0.0;1.82;88.6;2.76
0.0;0.0;0.0;1.42;88.6;2.69
0.0;0.0;0.0;1.43;88.6;2.69
0.0;0.0;0.0;0.97;92.05;2.76
0.0;0.0;0.0;1.04;92.05;2.83
46.0;32.81;42.0;1.42;92.05;2.83
63.0;0.0;63.0;1.48;92.05;2.48
108.0;0.0;108.0;2.53;88.65;3.17
152.0;2.2;151.0;3.85;85.45;3.31
213.0;14.11;206.0;4.91;82.35;3.45
205.0;10.06;200.0;6.1;76.55;3.31
115.0;0.0;115.0;6.95;76.65;3.03
197.0;58.32;175.0;7.56;71.25;2.9
215.0;437.67;99.0;7.97;71.25;2.55
94.0;447.59;37.0;7.1;73.9;2.28
0.0;0.0;0.0;5.07;87.1;3.11
0.0;0.0;0.0;4.74;87.88;3.12
0.0;0.0;0.0;4.4;88.65;3.12
0.0;0.0;0.0;4.06;89.43;3.12
0.0;0.0;0.0;3.73;90.21;3.12
0.0;0.0;0.0;3.39;90.98;3.13
0.0;0.0;0.0;3.06;91.76;3.13
0.0;0.0;0.0;2.72;92.54;3.13
0.0;0.0;0.0;2.39;93.31;3.13
0.0;0.0;0.0;2.05;94.09;3.14
0.0;0.0;0.0;1.72;94.87;3.14
0.0;0.0;0.0;1.38;95.64;3.14
0.0;0.0;0.0;1.04;96.42;3.15
0.0;0.0;0.0;0.71;97.2;3.15
10.0;0.0;10.0;0.37;97.97;3.15
61.0;0.0;61.0;0.04;98.75;3.15
93.0;0.0;93.0;2.17;92.1;3.38
183.0;10.87;178.0;2.79;92.15;3.52
204.0;11.96;198.0;3.84;88.75;4.0
120.0;0.0;120.0;4.87;88.85;4.14
88.0;0.0;88.0;5.66;82.5;4.14
125.0;2.61;124.0;5.67;82.5;3.45
126.0;48.12;113.0;5.72;82.5;3.24
47.0;22.68;44.0;5.27;85.6;3.17
0.0;0.0;0.0;4.67;88.85;3.24
0.0;0.0;0.0;4.15;88.8;3.31
0.0;0.0;0.0;3.66;92.15;3.24
0.0;0.0;0.0;2.89;95.7;3.24
0.0;0.0;0.0;2.17;95.65;3.03
0.0;0.0;0.0;1.99;95.65;2.83
0.0;0.0;0.0;1.64;95.65;2.55
0.0;0.0;0.0;1.11;95.65;2.48
0.0;0.0;0.0;0.58;95.65;2.48
0.0;0.0;0.0;0.29;99.4;2.55
0.0;0.0;0.0;-0.17;99.4;2.62
0.0;0.0;0.0;-0.46;99.4;2.62
0.0;0.0;0.0;-0.66;99.4;2.69
0.0;0.0;0.0;-0.72;99.4;2.62
32.0;0.0;32.0;-0.24;99.4;2.62
82.0;3.67;81.0;0.5;95.65;3.03
114.0;0.0;114.0;1.64;95.65;3.31
116.0;0.0;116.0;2.72;92.15;3.31
98.0;0.0;98.0;3.71;88.75;3.24
95.0;0.0;95.0;4.55;82.35;3.1
0.0;0.0;0.0;5.07;79.35;3.1
71.0;0.0;71.0;5.25;79.35;3.45
58.0;0.0;58.0;5.17;76.4;3.59
38.0;7.29;37.0;4.72;79.3;3.38
0.0;0.0;0.0;4.26;79.2;2.69
0.0;0.0;0.0;3.89;82.25;2.76
0.0;0.0;0.0;3.56;82.25;2.76
0.0;0.0;0.0;2.56;85.35;2.83
0.0;0.0;0.0;2.46;85.35;2.48
0.0;0.0;0.0;2.19;88.65;2.55
0.0;0.0;0.0;2.22;88.65;2.76
0.0;0.0;0.0;2.34;92.1;2.97
0.0;0.0;0.0;2.39;92.1;3.17
0.0;0.0;0.0;2.3;95.65;3.24
0.0;0.0;0.0;2.29;99.4;3.31
0.0;0.0;0.0;2.27;99.4;3.38
0.0;0.0;0.0;2.16;95.65;3.38
0.0;0.0;0.0;2.0;95.65;3.38
68.0;93.22;55.0;1.88;99.4;3.45
162.0;122.27;128.0;2.78;92.15;4.34
342.0;498.23;147.0;4.09;82.3;4.55
428.0;538.54;174.0;5.45;76.4;4.83
506.0;697.33;148.0;6.89;65.85;5.17
518.0;753.25;131.0;7.82;58.9;5.52
0.0;0.0;0.0;8.37;54.65;5.86
373.0;661.27;113.0;8.56;52.7;5.72
248.0;584.83;84.0;8.25;54.65;5.45
104.0;414.96;45.0;7.73;56.7;4.62
0.0;0.0;0.0;6.7;58.65;4.07
0.0;0.0;0.0;5.83;60.75;4.07
0.0;0.0;0.0;4.9;65.4;4.21
0.0;0.0;0.0;3.82;70.5;4.28
0.0;0.0;0.0;3.57;70.5;4.28
0.0;0.0;0.0;2.9;76.0;4.14
0.0;0.0;0.0;2.54;76.0;4.0
0.0;0.0;0.0;2.27;82.05;3.79
0.0;0.0;0.0;2.02;82.05;3.66
0.0;0.0;0.0;1.63;85.25;3.52
0.0;0.0;0.0;0.76;92.0;3.52
0.0;0.0;0.0;0.23;92.0;3.52
0.0;0.0;0.0;-0.12;95.6;3.52
0.0;0.0;0.0;-0.33;95.6;3.66
75.0;116.93;58.0;0.08;92.0;3.79
177.0;161.94;131.0;1.24;88.55;4.41
192.0;42.78;175.0;2.29;82.05;4.97
181.0;6.28;178.0;3.07;73.2;5.24
257.0;38.52;237.0;3.47;70.5;4.9
186.0;3.85;184.0;3.87;73.3;4.76
0.0;0.0;0.0;4.22;70.6;4.55
89.0;0.0;89.0;4.26;70.6;4.41
50.0;0.0;50.0;4.19;70.6;4.07
35.0;0.0;35.0;4.14;70.6;4.07
0.0;0.0;0.0;3.7;73.3;3.59
0.0;0.0;0.0;3.31;76.1;3.59
0.0;0.0;0.0;3.04;76.1;3.66
0.0;0.0;0.0;2.22;78.95;3.66
0.0;0.0;0.0;2.05;78.95;3.59
0.0;0.0;0.0;1.92;82.05;3.52
0.0;0.0;0.0;1.79;85.25;3.31
0.0;0.0;0.0;1.65;85.25;3.24
0.0;0.0;0.0;1.05;92.05;2.76
0.0;0.0;0.0;0.75;95.65;2.62
0.0;0.0;0.0;0.43;95.65;2.62
0.0;0.0;0.0;0.45;95.65;2.55
0.0;0.0;0.0;0.47;95.65;2.41
0.0;0.0;0.0;0.43;99.4;2.34
79.0;125.53;60.0;0.57;99.4;2.34
56.0;0.0;56.0;1.07;95.65;2.48
154.0;9.92;150.0;1.46;95.65;2.28
180.0;6.21;177.0;2.0;95.65;2.48
123.0;0.0;123.0;2.58;95.7;2.62
103.0;0.0;103.0;3.03;92.15;2.55
49.0;0.0;49.0;3.22;92.15;2.41
65.0;0.0;65.0;3.68;92.15;2.34
45.0;0.0;45.0;3.85;92.15;2.28
38.0;0.0;38.0;3.88;92.15;2.0
0.0;0.0;0.0;3.65;92.15;1.93
0.0;0.0;0.0;3.49;95.7;1.93
0.0;0.0;0.0;3.33;99.4;2.0
0.0;0.0;0.0;2.88;95.7;1.93
0.0;0.0;0.0;2.8;95.7;1.86
0.0;0.0;0.0;2.73;95.7;1.86
0.0;0.0;0.0;2.62;95.7;1.72
0.0;0.0;0.0;2.56;95.7;1.38
0.0;0.0;0.0;2.22;99.4;1.52
0.0;0.0;0.0;2.18;99.4;1.72
0.0;0.0;0.0;2.21;99.4;1.86
0.0;0.0;0.0;2.04;99.4;1.86
0.0;0.0;0.0;2.03;99.4;1.66
0.0;0.0;0.0;1.88;99.4;1.38
18.0;0.0;18.0;2.08;99.4;1.1
94.0;3.38;93.0;3.03;95.7;2.14
129.0;2.44;128.0;3.53;92.15;1.72
77.0;0.0;77.0;4.0;92.2;1.86
142.0;0.0;142.0;4.98;85.6;2.28
148.0;0.0;148.0;5.51;79.4;2.62
62.0;0.0;62.0;5.73;79.4;3.03
73.0;0.0;73.0;5.84;79.4;3.17
61.0;0.0;61.0;5.72;79.4;2.9
41.0;0.0;41.0;5.51;79.4;2.0
0.0;0.0;0.0;5.03;82.4;2.0
0.0;0.0;0.0;4.54;82.35;2.21
0.0;0.0;0.0;4.24;85.5;2.34
0.0;0.0;0.0;3.87;88.75;2.48
0.0;0.0;0.0;3.59;88.75;2.28
0.0;0.0;0.0;3.37;92.15;2.21
0.0;0.0;0.0;3.12;92.15;2.14
0.0;0.0;0.0;3.04;88.7;2.07
0.0;0.0;0.0;2.82;92.15;2.0
0.0;0.0;0.0;2.77;92.15;1.86
0.0;0.0;0.0;2.49;92.15;1.86
0.0;0.0;0.0;2.38;95.65;1.79
0.0;0.0;0.0;2.24;95.65;1.86
0.0;0.0;0.0;2.19;99.4;1.86
46.0;6.12;45.0;2.41;99.4;1.72
154.0;69.51;133.0;3.16;95.7;2.14
157.0;9.63;153.0;3.92;95.7;2.07
192.0;8.08;188.0;4.74;88.85;2.28
168.0;0.0;168.0;5.51;79.4;2.69
124.0;0.0;124.0;6.1;73.7;2.9
85.0;0.0;85.0;6.23;70.95;2.69
86.0;0.0;86.0;6.24;70.95;2.48
67.0;0.0;67.0;6.31;70.95;2.34
39.0;0.0;39.0;6.16;73.7;2.21
0.0;0.0;0.0;5.68;76.5;1.79
0.0;0.0;0.0;5.08;82.4;1.86
0.0;0.0;0.0;4.86;85.55;1.93
0.0;0.0;0.0;4.15;85.5;2.07
0.0;0.0;0.0;4.04;88.8;2.0
0.0;0.0;0.0;3.99;88.8;1.86
0.0;0.0;0.0;3.82;95.7;1.59
0.0;0.0;0.0;3.66;95.7;1.45
0.0;0.0;0.0;3.33;99.4;1.31
0.0;0.0;0.0;2.87;99.4;1.1
0.0;0.0;0.0;2.79;99.4;0.9
0.0;0.0;0.0;2.51;99.4;1.03
0.0;0.0;0.0;2.5;99.4;1.03
0.0;0.0;0.0;2.66;99.4;1.03
24.0;0.0;24.0;3.07;99.4;0.55
55.0;0.0;55.0;4.43;92.2;2.0
197.0;35.6;182.0;4.97;85.6;2.0
119.0;0.0;119.0;5.62;82.5;1.66
220.0;11.06;214.0;6.27;79.5;1.59
120.0;0.0;120.0;6.89;76.65;1.86
170.0;2.0;169.0;7.24;73.9;2.07
202.0;40.52;185.0;7.52;68.6;2.14
112.0;9.81;109.0;7.79;68.6;2.21
42.0;0.0;42.0;7.85;66.05;2.21
0.0;0.0;0.0;7.36;68.5;1.66
0.0;0.0;0.0;6.62;71.05;1.79
0.0;0.0;0.0;5.81;76.5;2.0
0.0;0.0;0.0;4.93;82.35;2.34
0.0;0.0;0.0;4.14;85.5;2.21
0.0;0.0;0.0;2.98;88.7;2.34
0.0;0.0;0.0;1.93;92.1;2.21
0.0;0.0;0.0;0.69;95.65;2.0
0.0;0.0;0.0;-0.67;95.6;1.93
0.0;0.0;0.0;-1.53;91.95;1.79
0.0;0.0;0.0;-2.21;95.55;1.66
0.0;0.0;0.0;-2.34;95.55;1.52
0.0;0.0;0.0;-1.99;91.9;1.24
0.0;0.0;0.0;-2.14;95.55;1.17
122.0;307.59;68.0;-1.18;95.6;0.83
280.0;579.11;98.0;0.95;92.05;0.62
416.0;701.97;116.0;3.73;85.45;0.62
511.0;751.28;130.0;5.69;76.5;0.76
561.0;775.35;136.0;7.12;65.95;0.76
566.0;798.05;129.0;8.12;56.8;0.83
503.0;722.05;138.0;8.71;50.7;0.69
410.0;687.42;118.0;8.92;50.7;0.34
286.0;636.87;88.0;8.84;50.7;0.41
95.0;134.01;72.0;8.36;54.65;0.76
0.0;0.0;0.0;7.05;61.1;1.17
0.0;0.0;0.0;4.34;73.4;1.38
0.0;0.0;0.0;2.13;78.95;1.66
0.0;0.0;0.0;0.69;81.9;2.0
0.0;0.0;0.0;-0.55;81.75;2.21
0.0;0.0;0.0;-1.11;81.7;2.14
0.0;0.0;0.0;-1.43;81.7;2.14
0.0;0.0;0.0;-1.61;84.95;2.0
0.0;0.0;0.0;-1.89;81.65;2.0
0.0;0.0;0.0;-2.25;84.85;2.07
0.0;0.0;0.0;-2.38;84.85;2.14
0.0;0.0;0.0;-2.47;84.85;2.14
0.0;0.0;0.0;-2.64;88.25;2.0
0.0;0.0;0.0;-2.67;84.85;1.86
119.0;253.2;73.0;-1.69;84.95;1.45
282.0;555.6;104.0;2.28;78.95;1.45
423.0;712.97;114.0;5.39;70.8;1.72
519.0;764.05;127.0;7.56;61.2;2.0
568.0;785.33;133.0;9.0;54.9;2.34
570.0;797.22;129.0;9.86;52.85;2.41
510.0;735.94;134.0;10.31;51.0;2.21
414.0;686.07;119.0;10.54;47.35;2.07
287.0;617.24;92.0;10.42;49.05;2.0
129.0;373.95;63.0;9.73;57.05;1.38
0.0;0.0;0.0;8.36;61.3;1.59
0.0;0.0;0.0;5.74;70.85;2.14
0.0;0.0;0.0;3.51;76.15;2.55
0.0;0.0;0.0;2.58;76.0;2.28
0.0;0.0;0.0;1.24;78.8;2.21
0.0;0.0;0.0;0.27;81.8;2.07
0.0;0.0;0.0;-0.85;85.0;2.28
0.0;0.0;0.0;-1.28;81.7;2.41
0.0;0.0;0.0;-1.46;78.5;2.41
0.0;0.0;0.0;-1.61;81.65;2.0
0.0;0.0;0.0;-1.96;78.45;1.93
0.0;0.0;0.0;-2.26;81.55;1.79
0.0;0.0;0.0;-2.03;78.45;1.59
6.0;0.0;6.0;-2.1;78.45;1.59
138.0;362.07;70.0;-1.24;81.7;1.38
297.0;612.59;97.0;3.01;73.2;1.45
430.0;710.01;118.0;6.35;65.75;1.66
528.0;770.76;128.0;8.28;59.0;2.14
578.0;793.33;134.0;9.57;57.05;2.48
580.0;805.37;130.0;10.37;57.15;2.69
527.0;780.57;124.0;10.72;57.3;3.17
413.0;641.12;134.0;10.73;59.5;3.38
282.0;545.29;107.0;10.56;61.75;3.31
115.0;220.58;75.0;9.82;68.9;3.03
0.0;0.0;0.0;7.93;73.95;2.97
0.0;0.0;0.0;5.75;82.5;3.17
0.0;0.0;0.0;4.48;82.35;3.24
0.0;0.0;0.0;4.5;70.7;3.45
0.0;0.0;0.0;3.44;70.5;3.1
0.0;0.0;0.0;2.42;75.95;2.97
0.0;0.0;0.0;1.59;78.9;2.9
0.0;0.0;0.0;0.82;85.15;2.69
0.0;0.0;0.0;0.08;85.1;2.48
0.0;0.0;0.0;-0.55;88.45;2.41
0.0;0.0;0.0;-1.05;88.4;2.34
0.0;0.0;0.0;-1.42;88.4;2.28
0.0;0.0;0.0;-1.73;91.9;2.28
9.0;0.0;9.0;-1.87;88.35;2.34
150.0;438.23;65.0;-0.88;91.95;2.14
306.0;634.4;95.0;1.86;88.6;2.28
437.0;725.08;114.0;3.9;79.15;2.55
530.0;763.99;129.0;5.56;68.2;2.55
576.0;772.89;139.0;7.04;58.8;2.69
571.0;758.45;143.0;8.19;54.65;2.9
511.0;693.95;149.0;8.91;50.7;3.03
424.0;685.84;122.0;9.2;48.95;3.17
298.0;629.0;93.0;9.1;47.05;2.97
96.0;96.68;78.0;8.52;52.7;2.21
5.0;0.0;5.0;6.9;61.0;2.21
0.0;0.0;0.0;4.92;68.0;2.34
0.0;0.0;0.0;3.37;76.1;2.28
0.0;0.0;0.0;2.55;73.1;2.14
0.0;0.0;0.0;1.27;78.8;2.14
0.0;0.0;0.0;0.23;81.8;2.21
0.0;0.0;0.0;-0.49;81.75;2.28
0.0;0.0;0.0;-0.89;85.0;2.34
0.0;0.0;0.0;-1.16;81.7;2.34
0.0;0.0;0.0;-1.34;81.7;2.34
0.0;0.0;0.0;-1.39;81.7;2.48
0.0;0.0;0.0;-1.21;81.7;2.62
0.0;0.0;0.0;-0.9;81.7;2.76
13.0;44.28;11.0;-0.64;81.7;2.83
154.0;434.71;67.0;0.62;78.75;2.76
311.0;634.73;96.0;3.74;73.3;2.69
442.0;722.04;116.0;6.17;63.25;3.17
537.0;772.46;127.0;8.17;56.8;3.59
586.0;794.91;132.0;9.74;50.85;3.93
585.0;793.2;133.0;10.94;45.55;4.21
524.0;732.47;138.0;11.67;40.8;4.41
435.0;718.33;115.0;11.95;40.8;4.41
303.0;637.69;92.0;11.78;40.8;4.0
142.0;392.67;67.0;10.99;47.35;3.1
7.0;0.0;7.0;9.16;48.95;2.9
0.0;0.0;0.0;7.19;54.4;3.03
0.0;0.0;0.0;6.03;58.55;3.17
0.0;0.0;0.0;5.84;56.2;3.03
0.0;0.0;0.0;4.95;60.5;2.97
0.0;0.0;0.0;4.07;62.8;2.9
0.0;0.0;0.0;3.32;70.4;2.9
0.0;0.0;0.0;2.7;73.1;2.9
0.0;0.0;0.0;2.23;73.0;2.9
0.0;0.0;0.0;1.87;75.85;2.97
0.0;0.0;0.0;1.66;75.85;3.03
0.0;0.0;0.0;1.48;75.85;3.1
0.0;0.0;0.0;1.24;75.75;3.17
17.0;58.42;14.0;0.98;75.75;3.24
160.0;436.23;70.0;1.89;75.85;3.24
312.0;600.26;105.0;4.67;68.0;3.24
430.0;629.47;142.0;6.98;56.55;4.0
528.0;698.78;153.0;8.71;52.7;4.34
575.0;719.43;160.0;9.99;52.85;4.34
580.0;747.36;150.0;10.88;53.1;4.21
534.0;753.34;133.0;11.5;57.4;4.07
435.0;690.19;124.0;11.78;55.4;3.79
307.0;628.3;96.0;11.72;57.55;3.45
148.0;403.47;69.0;11.2;61.85;2.62
10.0;24.96;9.0;9.64;68.9;2.21
0.0;0.0;0.0;7.63;73.95;2.41
0.0;0.0;0.0;6.09;79.5;2.41
0.0;0.0;0.0;5.51;79.4;2.48
0.0;0.0;0.0;4.65;82.35;2.69
0.0;0.0;0.0;4.21;82.3;2.83
0.0;0.0;0.0;4.09;79.2;3.1
0.0;0.0;0.0;4.14;79.2;3.38
0.0;0.0;0.0;4.1;73.4;3.66
0.0;0.0;0.0;4.14;70.6;3.86
0.0;0.0;0.0;4.32;67.9;4.21
0.0;0.0;0.0;4.35;65.3;4.62
0.0;0.0;0.0;4.59;60.5;5.17
3.0;0.0;3.0;5.19;58.3;5.93
33.0;0.0;33.0;6.43;56.3;6.55
51.0;0.0;51.0;8.06;56.8;7.59
92.0;0.0;92.0;7.33;71.15;8.62
111.0;0.0;111.0;5.46;85.65;8.55
153.0;0.0;153.0;5.93;85.65;8.0
581.0;731.69;156.0;6.34;82.55;7.66
385.0;219.5;267.0;7.17;71.15;8.83
463.0;796.59;100.0;7.82;66.05;9.45
37.0;0.0;37.0;7.68;68.6;9.38
53.0;0.0;53.0;4.95;76.4;9.52
10.0;22.34;9.0;4.12;73.4;7.38
0.0;0.0;0.0;3.36;70.4;6.97
0.0;0.0;0.0;2.81;70.3;6.28
0.0;0.0;0.0;2.35;73.0;6.34
0.0;0.0;0.0;1.87;78.9;6.28
0.0;0.0;0.0;1.68;78.9;5.93
0.0;0.0;0.0;1.67;72.95;5.38
0.0;0.0;0.0;1.4;72.85;4.9
0.0;0.0;0.0;1.17;72.85;4.83
0.0;0.0;0.0;1.26;72.85;4.97
0.0;0.0;0.0;1.34;72.85;5.03
0.0;0.0;0.0;1.48;70.1;4.76
0.0;0.0;0.0;1.51;75.85;4.55
7.0;0.0;7.0;1.46;82.0;5.1
32.0;0.0;32.0;1.5;88.6;5.24
108.0;0.0;108.0;1.16;99.35;4.0
92.0;0.0;92.0;1.62;99.4;4.62
362.0;155.0;277.0;2.84;88.65;7.31
192.0;0.0;192.0;4.38;92.2;5.52
244.0;11.94;237.0;5.67;82.5;5.38
102.0;0.0;102.0;6.24;79.5;5.52
83.0;0.0;83.0;6.21;76.55;5.66
82.0;0.0;82.0;4.5;76.3;6.34
69.0;9.74;67.0;3.79;79.15;5.66
19.0;121.35;13.0;3.25;76.1;5.45
0.0;0.0;0.0;2.4;73.0;5.38
0.0;0.0;0.0;1.59;67.4;5.17
0.0;0.0;0.0;0.72;62.0;5.17
0.0;0.0;0.0;0.06;59.45;4.76
0.0;0.0;0.0;-0.58;59.35;4.0
0.0;0.0;0.0;-1.14;64.25;3.72
0.0;0.0;0.0;-1.22;66.9;3.59
0.0;0.0;0.0;-1.22;69.65;3.17
0.0;0.0;0.0;-0.9;78.5;2.97
0.0;0.0;0.0;-0.09;85.1;3.03
0.0;0.0;0.0;0.25;95.6;3.1
0.0;0.0;0.0;0.38;99.4;3.31
18.0;14.29;17.0;0.48;95.65;3.79
31.0;0.0;31.0;1.16;99.35;3.72
131.0;8.26;128.0;4.79;92.25;6.28
137.0;0.0;137.0;6.11;88.95;7.72
440.0;328.4;258.0;6.56;85.75;8.0
186.0;0.0;186.0;7.06;85.8;8.21
251.0;13.52;243.0;7.64;82.7;8.07
124.0;0.0;124.0;8.45;82.75;6.9
306.0;167.46;228.0;9.17;77.0;8.07
157.0;31.38;146.0;9.51;74.2;9.17
111.0;104.71;89.0;9.34;68.9;8.83
17.0;55.44;14.0;8.79;66.25;8.34
0.0;0.0;0.0;8.59;63.8;8.07
0.0;0.0;0.0;8.26;63.7;8.0
0.0;0.0;0.0;7.61;61.2;8.21
0.0;0.0;0.0;6.93;58.65;7.79
0.0;0.0;0.0;6.15;54.15;7.31
0.0;0.0;0.0;5.45;53.9;6.76
0.0;0.0;0.0;4.72;53.8;6.21
0.0;0.0;0.0;4.35;55.85;5.79
0.0;0.0;0.0;3.71;60.3;5.31
0.0;0.0;0.0;3.4;70.4;4.9
0.0;0.0;0.0;3.02;76.1;4.21
0.0;0.0;0.0;2.83;85.35;3.66
10.0;0.0;10.0;2.98;85.4;3.31
74.0;4.33;73.0;3.87;88.75;3.38
84.0;0.0;84.0;5.08;88.85;4.14
85.0;0.0;85.0;6.21;88.95;4.76
118.0;0.0;118.0;7.21;85.8;5.45
180.0;0.0;180.0;8.09;82.75;5.45
143.0;0.0;143.0;8.5;79.85;6.07
137.0;0.0;137.0;9.1;74.2;6.07
84.0;0.0;84.0;9.79;74.2;5.38
81.0;0.0;81.0;9.55;74.2;5.38
114.0;107.06;91.0;8.89;76.95;5.03
4.0;0.0;4.0;8.27;76.85;4.34
0.0;0.0;0.0;7.86;79.7;3.72
0.0;0.0;0.0;7.36;82.65;3.45
0.0;0.0;0.0;6.97;79.65;3.72
0.0;0.0;0.0;6.35;82.55;3.66
0.0;0.0;0.0;6.02;82.55;3.45
0.0;0.0;0.0;5.64;82.5;3.31
0.0;0.0;0.0;5.51;82.5;3.31
0.0;0.0;0.0;5.48;82.5;3.1
0.0;0.0;0.0;5.48;82.5;3.1
0.0;0.0;0.0;5.59;82.5;3.17
0.0;0.0;0.0;5.69;82.5;3.17
0.0;0.0;0.0;5.62;82.5;3.03
26.0;24.25;24.0;5.52;85.65;3.03
47.0;0.0;47.0;6.03;85.7;3.1
89.0;0.0;89.0;6.96;85.75;3.38
335.0;201.03;237.0;7.88;79.7;5.1
192.0;1.77;191.0;8.49;74.15;4.55
358.0;95.86;300.0;8.96;74.15;4.48
141.0;0.0;141.0;9.2;68.9;4.69
76.0;0.0;76.0;9.15;68.9;4.69
144.0;0.0;144.0;9.45;71.5;4.97
62.0;0.0;62.0;9.45;71.5;5.03
58.0;0.0;58.0;9.05;71.5;5.45
24.0;78.85;19.0;8.02;74.05;4.55
0.0;0.0;0.0;7.21;76.7;3.86
0.0;0.0;0.0;6.83;79.55;3.79
0.0;0.0;0.0;6.12;85.7;4.14
0.0;0.0;0.0;6.41;85.7;4.48
0.0;0.0;0.0;6.7;82.6;4.83
0.0;0.0;0.0;7.06;79.65;5.52
0.0;0.0;0.0;7.3;82.65;5.86
0.0;0.0;0.0;7.53;79.7;6.07
0.0;0.0;0.0;7.83;82.7;6.55
0.0;0.0;0.0;8.13;79.75;6.41
0.0;0.0;0.0;8.42;82.75;6.55
0.0;0.0;0.0;8.63;76.95;6.55
32.0;45.08;28.0;8.62;76.95;6.28
71.0;4.11;70.0;8.63;76.95;6.21
132.0;5.24;130.0;9.22;77.0;6.07
147.0;0.0;147.0;9.43;74.2;6.21
132.0;0.0;132.0;9.84;68.9;6.9
166.0;0.0;166.0;9.97;66.35;6.28
104.0;0.0;104.0;10.12;64.0;5.72
113.0;0.0;113.0;10.44;66.45;5.45
125.0;0.0;125.0;10.67;64.1;4.9
166.0;35.62;153.0;10.71;66.55;3.72
162.0;343.41;85.0;10.64;66.55;3.17
28.0;102.89;21.0;10.52;69.1;2.48
0.0;0.0;0.0;9.65;74.2;1.93
0.0;0.0;0.0;8.74;76.95;2.07
0.0;0.0;0.0;7.41;82.65;2.14
0.0;0.0;0.0;6.78;85.75;2.41
0.0;0.0;0.0;6.29;85.7;2.69
0.0;0.0;0.0;6.07;85.7;2.83
0.0;0.0;0.0;5.73;88.9;2.9
0.0;0.0;0.0;5.56;85.65;3.1
0.0;0.0;0.0;5.54;85.65;3.24
0.0;0.0;0.0;5.49;85.65;3.45
0.0;0.0;0.0;5.42;85.6;3.72
0.0;0.0;0.0;5.46;82.5;3.93
46.0;136.87;33.0;5.77;79.4;4.07
176.0;280.34;106.0;7.41;71.15;4.48
315.0;397.29;161.0;9.71;63.9;4.41
469.0;612.78;163.0;11.88;55.4;5.17
592.0;791.61;135.0;13.98;50.0;5.66
640.0;811.53;140.0;15.58;43.5;6.14
640.0;820.31;137.0;16.69;43.8;6.07
591.0;819.44;125.0;17.48;43.9;5.79
482.0;739.21;123.0;17.87;44.05;5.52
338.0;611.21;112.0;17.84;47.4;4.97
163.0;305.83;93.0;17.2;49.05;4.76
35.0;165.18;23.0;15.95;50.5;4.69
0.0;0.0;0.0;14.58;50.25;4.76
0.0;0.0;0.0;13.72;50.0;4.97
0.0;0.0;0.0;13.2;46.2;5.03
0.0;0.0;0.0;12.52;44.35;4.97
0.0;0.0;0.0;11.84;44.1;4.9
0.0;0.0;0.0;11.21;45.7;4.76
0.0;0.0;0.0;10.62;47.35;4.55
0.0;0.0;0.0;10.08;49.05;4.28
0.0;0.0;0.0;9.57;52.85;4.0
0.0;0.0;0.0;9.06;52.85;3.59
0.0;0.0;0.0;8.44;59.0;3.31
0.0;0.0;0.0;7.85;63.6;2.97
20.0;0.0;20.0;7.11;71.15;2.55
158.0;175.86;113.0;7.75;73.95;2.07
291.0;292.11;176.0;10.33;66.45;2.21
412.0;385.94;217.0;12.27;62.1;2.07
447.0;291.59;277.0;13.93;62.45;1.59
512.0;373.22;280.0;15.26;58.35;1.03
470.0;274.88;300.0;16.22;56.5;0.97
516.0;524.62;215.0;16.89;54.6;1.52
474.0;705.35;128.0;17.28;52.75;2.07
350.0;670.23;99.0;17.44;52.75;2.55
166.0;321.16;91.0;17.04;56.6;2.28
43.0;245.96;24.0;15.51;65.05;2.41
0.0;0.0;0.0;13.44;69.55;2.83
0.0;0.0;0.0;12.13;74.6;2.97
0.0;0.0;0.0;11.25;71.75;2.9
0.0;0.0;0.0;10.43;71.6;3.1
0.0;0.0;0.0;9.78;71.5;3.24
0.0;0.0;0.0;9.27;68.9;3.38
0.0;0.0;0.0;8.85;71.4;3.38
0.0;0.0;0.0;8.51;71.4;3.45
0.0;0.0;0.0;8.31;74.05;3.45
0.0;0.0;0.0;8.14;74.05;3.38
0.0;0.0;0.0;7.98;76.85;3.31
0.0;0.0;0.0;7.85;79.7;3.24
38.0;27.91;35.0;8.01;76.85;3.17
209.0;461.75;88.0;9.18;77.0;3.1
363.0;622.92;114.0;11.49;71.75;3.03
396.0;324.77;230.0;13.22;67.05;3.45
578.0;721.96;153.0;14.51;64.85;3.66
630.0;768.66;148.0;15.4;60.5;3.86
317.0;44.89;289.0;15.99;56.35;4.55
208.0;3.46;206.0;15.79;56.35;4.07
303.0;127.17;240.0;15.23;60.5;3.1
145.0;13.19;140.0;14.71;64.95;2.14
116.0;71.38;99.0;14.24;67.25;1.24
45.0;232.19;26.0;13.31;74.75;1.1
0.0;0.0;0.0;11.76;83.1;1.24
0.0;0.0;0.0;10.63;89.25;1.59
0.0;0.0;0.0;10.07;89.2;1.59
0.0;0.0;0.0;9.17;89.15;1.79
0.0;0.0;0.0;9.11;85.95;2.0
0.0;0.0;0.0;9.04;82.9;2.62
0.0;0.0;0.0;9.34;79.9;2.97
0.0;0.0;0.0;9.67;77.0;3.17
0.0;0.0;0.0;9.79;74.2;3.24
0.0;0.0;0.0;9.75;77.0;3.52
0.0;0.0;0.0;9.65;79.9;3.52
0.0;0.0;0.0;9.05;82.9;3.1
70.0;281.41;38.0;8.55;85.95;2.76
206.0;410.14;96.0;9.2;85.95;2.48
364.0;596.43;122.0;10.96;86.05;2.48
211.0;13.54;204.0;12.23;80.2;2.76
494.0;402.14;255.0;13.45;74.75;2.48
248.0;7.91;243.0;14.54;67.35;2.55
622.0;734.63;160.0;15.09;65.05;2.62
563.0;686.91;162.0;15.8;62.85;2.41
93.0;0.0;93.0;15.66;65.15;2.14
274.0;268.31;171.0;14.0;77.6;2.9
204.0;547.89;71.0;12.06;83.15;2.9
27.0;23.15;25.0;11.27;86.1;2.41
0.0;0.0;0.0;10.39;89.2;2.14
0.0;0.0;0.0;9.8;92.45;2.28
0.0;0.0;0.0;8.89;89.1;3.45
0.0;0.0;0.0;8.08;92.4;3.86
0.0;0.0;0.0;7.39;95.8;4.0
0.0;0.0;0.0;6.68;95.8;4.0
0.0;0.0;0.0;5.95;95.75;4.41
0.0;0.0;0.0;5.22;95.75;4.62
0.0;0.0;0.0;4.89;95.75;4.0
0.0;0.0;0.0;4.71;95.75;3.93
0.0;0.0;0.0;4.44;95.75;4.28
0.0;0.0;0.0;4.21;92.2;3.79
43.0;33.35;39.0;4.23;92.2;3.31
45.0;0.0;45.0;4.42;92.2;3.52
229.0;87.43;193.0;5.14;85.6;3.86
133.0;0.0;133.0;5.19;85.6;4.0
183.0;0.0;183.0;5.54;79.4;4.34
118.0;0.0;118.0;5.93;79.4;4.41
111.0;0.0;111.0;6.54;71.05;4.34
106.0;0.0;106.0;7.16;65.95;4.34
154.0;0.0;154.0;7.86;58.9;4.28
151.0;12.87;146.0;8.3;54.65;3.93
128.0;88.95;106.0;8.13;54.65;3.24
38.0;87.96;30.0;7.82;56.7;2.07
0.0;0.0;0.0;7.18;61.1;1.38
0.0;0.0;0.0;5.86;70.85;1.59
0.0;0.0;0.0;4.61;79.3;1.24
0.0;0.0;0.0;4.44;76.3;1.03
0.0;0.0;0.0;5.06;70.8;0.69
0.0;0.0;0.0;4.33;76.25;0.83
0.0;0.0;0.0;2.49;88.65;1.45
0.0;0.0;0.0;2.35;88.65;1.52
0.0;0.0;0.0;2.28;88.65;1.72
0.0;0.0;0.0;2.38;88.65;1.86
0.0;0.0;0.0;2.37;88.65;1.86
0.0;0.0;0.0;2.26;88.65;1.72
77.0;253.65;45.0;2.29;92.1;1.52
247.0;599.03;79.0;3.79;88.75;1.17
404.0;727.78;100.0;5.96;79.5;1.52
538.0;804.06;113.0;7.4;71.15;2.14
465.0;287.37;291.0;8.4;61.3;2.69
317.0;37.31;293.0;9.03;57.05;3.1
375.0;90.74;317.0;9.38;57.05;3.38
200.0;1.68;199.0;9.17;59.25;3.31
150.0;0.0;150.0;8.51;63.8;3.38
0.0;0.0;0.0;7.7;71.25;3.24
76.0;3.97;75.0;6.94;76.65;3.17
32.0;31.42;29.0;6.11;79.5;2.83
0.0;0.0;0.0;5.26;88.85;2.48
0.0;0.0;0.0;4.73;88.85;2.07
0.0;0.0;0.0;4.93;92.25;1.72
0.0;0.0;0.0;4.84;92.25;1.38
0.0;0.0;0.0;4.68;92.25;1.38
0.0;0.0;0.0;4.56;92.25;1.31
0.0;0.0;0.0;4.49;92.25;1.17
0.0;0.0;0.0;4.17;95.75;1.31
0.0;0.0;0.0;4.32;95.75;1.24
0.0;0.0;0.0;4.42;99.4;1.38
0.0;0.0;0.0;4.45;95.75;1.45
0.0;0.0;0.0;4.31;99.4;1.45
51.0;45.33;45.0;4.47;95.75;1.72
123.0;31.41;114.0;4.99;95.75;1.93
127.0;0.0;127.0;5.58;92.3;1.59
138.0;0.0;138.0;6.26;92.3;2.07
212.0;3.27;210.0;7.54;85.85;2.34
235.0;3.08;233.0;9.11;79.9;2.62
254.0;7.76;249.0;10.43;82.95;2.83
213.0;3.34;211.0;11.3;80.1;2.76
183.0;3.89;181.0;12.43;74.6;2.41
49.0;0.0;49.0;13.22;69.55;1.59
144.0;124.81;112.0;13.38;72.1;0.83
40.0;70.0;33.0;12.74;74.7;1.45
0.0;0.0;0.0;11.03;77.2;2.34
0.0;0.0;0.0;10.1;82.95;2.55
0.0;0.0;0.0;8.38;89.1;2.48
0.0;0.0;0.0;8.65;85.95;2.41
0.0;0.0;0.0;8.45;89.1;2.48
0.0;0.0;0.0;7.98;85.9;2.62
0.0;0.0;0.0;7.75;85.85;2.62
0.0;0.0;0.0;7.28;89.0;2.41
0.0;0.0;0.0;6.72;89.0;2.21
0.0;0.0;0.0;5.86;92.3;2.14
0.0;0.0;0.0;4.87;95.75;2.14
0.0;0.0;0.0;4.16;95.75;2.21
71.0;129.93;53.0;3.96;92.2;2.0
215.0;324.66;120.0;6.11;92.3;1.52
375.0;523.8;150.0;8.63;89.1;1.52
516.0;664.79;157.0;11.14;83.05;1.79
622.0;772.11;146.0;13.15;77.5;2.21
674.0;813.76;142.0;14.8;67.35;3.17
658.0;773.17;156.0;15.23;62.75;3.1
524.0;460.76;246.0;15.59;60.65;3.38
357.0;198.41;254.0;15.55;60.5;3.52
358.0;569.21;129.0;15.4;60.5;3.59
203.0;417.8;94.0;14.97;64.95;3.31
64.0;296.65;33.0;14.04;64.85;3.17
0.0;0.0;0.0;12.2;69.35;3.31
0.0;0.0;0.0;10.88;69.1;3.79
0.0;0.0;0.0;10.1;61.65;4.14
0.0;0.0;0.0;8.7;56.9;3.86
0.0;0.0;0.0;7.37;58.8;3.59
0.0;0.0;0.0;6.17;60.85;3.24
0.0;0.0;0.0;5.03;63.05;2.9
0.0;0.0;0.0;4.03;67.9;2.76
0.0;0.0;0.0;3.19;70.4;2.76
0.0;0.0;0.0;2.5;73.1;2.69
0.0;0.0;0.0;1.85;75.85;2.62
0.0;0.0;0.0;1.21;78.8;2.55
106.0;414.65;46.0;1.07;78.8;2.41
277.0;666.33;78.0;2.83;73.1;2.34
440.0;785.45;98.0;4.94;62.95;2.83
566.0;815.49;121.0;6.41;56.3;2.69
667.0;877.91;121.0;7.64;48.55;2.62
711.0;884.72;128.0;8.61;45.15;2.55
701.0;869.68;132.0;9.33;43.55;2.48
650.0;871.5;120.0;9.8;43.55;2.28
541.0;813.36;115.0;10.02;40.4;2.07
403.0;754.6;96.0;9.99;41.85;1.72
229.0;561.49;80.0;9.7;41.85;1.31
67.0;275.27;37.0;9.11;45.25;1.03
0.0;0.0;0.0;7.39;56.55;1.52
0.0;0.0;0.0;4.94;70.7;1.79
0.0;0.0;0.0;4.18;67.9;1.59
0.0;0.0;0.0;3.36;70.4;1.59
0.0;0.0;0.0;2.91;70.3;1.45
0.0;0.0;0.0;2.06;73.0;1.45
0.0;0.0;0.0;1.38;78.8;1.45
0.0;0.0;0.0;0.93;78.8;1.45
0.0;0.0;0.0;0.51;78.75;1.38
0.0;0.0;0.0;-0.09;81.8;1.45
0.0;0.0;0.0;-0.33;85.05;1.45
0.0;0.0;0.0;-0.28;85.05;1.31
101.0;304.96;55.0;0.0;85.1;1.1
282.0;659.75;81.0;1.81;92.05;0.34
446.0;786.4;99.0;6.3;70.95;0.62
574.0;825.31;119.0;8.92;56.9;0.83
665.0;854.42;129.0;10.39;47.2;1.1
719.0;894.4;125.0;11.3;45.7;1.17
716.0;904.11;120.0;12.0;44.1;1.1
661.0;892.48;114.0;12.55;42.7;1.24
545.0;811.96;116.0;12.86;42.7;1.52
407.0;753.65;97.0;12.88;42.7;1.66
232.0;552.23;83.0;12.6;42.7;1.66
72.0;299.7;38.0;11.7;53.35;1.38
0.0;0.0;0.0;9.69;63.9;1.59
0.0;0.0;0.0;7.51;68.6;1.45
0.0;0.0;0.0;6.23;70.95;1.59
0.0;0.0;0.0;5.47;70.85;1.52
0.0;0.0;0.0;4.28;76.25;1.59
0.0;0.0;0.0;3.5;79.15;1.52
0.0;0.0;0.0;2.2;85.3;1.72
0.0;0.0;0.0;0.92;88.55;2.0
0.0;0.0;0.0;0.76;92.0;2.0
0.0;0.0;0.0;0.62;88.5;2.14
0.0;0.0;0.0;0.59;88.5;2.21
0.0;0.0;0.0;0.67;88.5;2.21
56.0;19.11;53.0;1.26;88.55;2.07
141.0;38.63;129.0;4.13;82.3;1.72
421.0;662.12;125.0;8.6;66.25;2.07
552.0;738.03;141.0;11.16;59.6;2.41
650.0;802.94;142.0;12.91;55.65;2.97
698.0;830.78;142.0;14.03;51.9;3.66
645.0;656.52;209.0;14.68;44.9;4.28
573.0;568.33;222.0;14.76;44.9;4.69
263.0;41.28;241.0;14.8;44.9;4.97
313.0;305.44;186.0;14.17;46.5;4.48
191.0;273.49;116.0;13.28;53.7;3.66
32.0;8.48;31.0;8.35;64.65;2.2
0.0;0.0;0.0;8.25;66.76;2.36
0.0;0.0;0.0;8.16;68.86;2.52
0.0;0.0;0.0;8.06;70.97;2.69
0.0;0.0;0.0;7.97;73.08;2.85
0.0;0.0;0.0;7.87;75.18;3.01
0.0;0.0;0.0;7.77;77.29;3.18
0.0;0.0;0.0;7.68;79.39;3.34
0.0;0.0;0.0;7.58;81.5;3.5
0.0;0.0;0.0;7.48;83.61;3.67
0.0;0.0;0.0;7.39;85.71;3.83
0.0;0.0;0.0;7.29;87.82;3.99
0.0;0.0;0.0;7.19;89.92;4.16
10.0;0.0;10.0;7.1;92.03;4.32
175.0;110.56;140.0;7.0;94.14;4.48
261.0;106.01;213.0;6.9;96.24;4.65
509.0;565.41;191.0;8.39;89.1;3.93
542.0;435.75;264.0;8.87;82.85;4.0
471.0;200.2;336.0;9.3;79.9;4.48
328.0;37.37;303.0;10.17;71.6;5.38
220.0;3.21;218.0;10.93;61.75;5.1
134.0;0.0;134.0;11.26;59.6;4.9
224.0;78.53;191.0;11.28;61.85;4.41
182.0;226.1;119.0;10.72;66.55;3.45
75.0;269.79;42.0;9.85;71.5;2.48
0.0;0.0;0.0;8.51;74.15;1.66
0.0;0.0;0.0;6.72;85.75;1.38
0.0;0.0;0.0;6.75;82.6;1.03
0.0;0.0;0.0;4.92;92.25;1.38
0.0;0.0;0.0;2.98;95.7;1.93
0.0;0.0;0.0;2.97;95.7;1.86
0.0;0.0;0.0;3.25;95.7;2.07
0.0;0.0;0.0;2.94;95.7;2.34
0.0;0.0;0.0;3.07;95.7;2.34
0.0;0.0;0.0;2.89;95.7;2.28
0.0;0.0;0.0;3.01;95.7;2.14
0.0;0.0;0.0;2.73;95.7;2.21
20.0;0.0;20.0;3.68;95.7;1.93
100.0;3.1;99.0;5.46;95.75;1.79
241.0;69.79;209.0;8.05;85.9;2.07
492.0;482.47;218.0;9.98;82.9;2.48
264.0;12.44;256.0;11.69;74.55;2.69
549.0;354.76;308.0;13.03;72.05;2.76
684.0;797.02;147.0;13.89;69.65;3.17
486.0;311.06;291.0;14.47;69.75;3.31
252.0;33.22;234.0;14.62;69.85;3.31
283.0;200.18;198.0;13.29;72.1;3.93
221.0;427.56;100.0;12.89;74.7;3.59
67.0;165.71;46.0;11.97;77.3;2.21
0.0;0.0;0.0;10.69;80.05;1.72
0.0;0.0;0.0;8.91;89.1;1.31
0.0;0.0;0.0;7.1;92.35;1.72
0.0;0.0;0.0;5.66;95.75;1.93
0.0;0.0;0.0;4.6;99.4;1.86
0.0;0.0;0.0;3.83;99.4;1.79
0.0;0.0;0.0;2.83;100.0;1.93
0.0;0.0;0.0;1.78;100.0;2.0
0.0;0.0;0.0;0.84;100.0;1.93
0.0;0.0;0.0;0.58;99.4;1.86
0.0;0.0;0.0;0.76;99.4;2.14
0.0;0.0;0.0;1.05;99.35;2.14
74.0;45.69;66.0;2.14;99.4;2.14
293.0;612.17;92.0;5.46;99.4;2.14
444.0;706.63;116.0;9.45;82.9;2.48
577.0;784.86;127.0;11.58;74.55;2.97
661.0;801.93;141.0;12.69;69.45;3.1
252.0;4.38;249.0;13.85;67.15;3.1
144.0;0.0;144.0;14.32;64.85;3.24
74.0;0.0;74.0;13.04;74.7;3.03
56.0;0.0;56.0;12.29;74.6;3.17
217.0;58.28;192.0;11.93;77.3;2.14
130.0;45.24;117.0;11.81;74.55;1.52
87.0;343.22;42.0;11.19;77.2;1.52
0.0;0.0;0.0;9.65;79.9;2.07
0.0;0.0;0.0;7.84;85.85;2.21
0.0;0.0;0.0;6.7;85.75;2.21
0.0;0.0;0.0;5.31;88.85;2.07
0.0;0.0;0.0;3.81;92.15;2.0
0.0;0.0;0.0;2.64;92.15;2.07
0.0;0.0;0.0;1.75;92.05;2.14
0.0;0.0;0.0;1.29;95.65;2.28
0.0;0.0;0.0;1.22;92.05;2.34
0.0;0.0;0.0;1.23;95.65;2.34
0.0;0.0;0.0;1.12;95.65;2.48
0.0;0.0;0.0;1.27;95.65;2.55
121.0;298.2;67.0;2.15;95.65;2.41
251.0;344.15;136.0;4.46;92.25;2.21
268.0;97.92;222.0;6.74;85.75;2.97
287.0;43.2;262.0;8.13;76.85;3.72
231.0;3.06;229.0;9.0;71.4;3.52
250.0;4.35;247.0;9.12;66.35;3.52
153.0;0.0;153.0;9.26;68.9;3.45
193.0;0.0;193.0;9.41;66.35;3.1
95.0;0.0;95.0;9.37;66.35;2.69
84.0;0.0;84.0;9.39;66.35;2.55
66.0;0.0;66.0;9.18;63.9;2.41
19.0;0.0;19.0;8.56;68.8;1.66
0.0;0.0;0.0;7.45;76.7;1.66
0.0;0.0;0.0;5.86;82.5;1.66
0.0;0.0;0.0;3.87;92.15;1.38
0.0;0.0;0.0;3.4;88.7;1.03
0.0;0.0;0.0;1.97;88.65;1.31
0.0;0.0;0.0;0.2;95.6;1.66
0.0;0.0;0.0;-0.9;95.6;1.79
0.0;0.0;0.0;-1.59;95.6;1.79
0.0;0.0;0.0;-2.02;91.9;1.93
0.0;0.0;0.0;-2.22;95.55;2.07
0.0;0.0;0.0;-2.08;91.9;2.07
0.0;0.0;0.0;-1.83;91.9;2.14
137.0;395.67;63.0;-0.55;95.6;1.93
269.0;408.91;130.0;2.29;92.1;1.86
285.0;119.91;228.0;3.99;85.5;3.24
360.0;121.56;289.0;5.18;79.35;3.24
533.0;349.19;303.0;6.13;68.3;3.31
600.0;439.44;295.0;6.71;63.35;3.17
466.0;171.55;348.0;7.61;54.55;2.97
328.0;48.4;297.0;8.02;48.65;2.62
227.0;12.61;220.0;7.97;48.55;2.28
80.0;0.0;80.0;7.7;48.55;1.86
99.0;6.76;97.0;7.21;52.35;1.66
33.0;0.0;33.0;6.31;63.25;1.38
0.0;0.0;0.0;5.17;70.8;1.31
0.0;0.0;0.0;4.13;82.3;1.45
0.0;0.0;0.0;1.42;100.0;1.17
0.0;0.0;0.0;1.12;99.35;1.59
0.0;0.0;0.0;0.96;99.35;1.93
0.0;0.0;0.0;0.82;100.0;2.28
0.0;0.0;0.0;0.74;99.4;2.48
0.0;0.0;0.0;0.7;99.4;2.41
0.0;0.0;0.0;0.73;99.4;2.69
0.0;0.0;0.0;0.73;99.4;2.62
0.0;0.0;0.0;0.65;99.4;2.48
1.0;0.0;1.0;0.55;95.65;2.21
13.0;0.0;13.0;0.65;95.65;2.0
64.0;0.0;64.0;1.51;92.05;2.21
79.0;0.0;79.0;3.11;85.4;3.03
305.0;52.6;274.0;4.46;76.3;3.59
432.0;144.64;336.0;4.74;68.0;4.62
374.0;55.8;335.0;6.08;58.55;4.9
458.0;151.63;353.0;6.51;52.2;4.83
317.0;37.22;293.0;6.95;50.2;4.62
167.0;0.0;167.0;7.19;43.0;4.34
260.0;113.16;210.0;7.17;43.0;4.0
215.0;293.13;127.0;6.98;41.3;3.72
56.0;41.62;50.0;6.04;48.15;2.83
0.0;0.0;0.0;4.61;53.8;2.55
0.0;0.0;0.0;2.79;60.05;2.55
0.0;0.0;0.0;1.17;72.85;1.66
0.0;0.0;0.0;-0.6;81.7;1.72
0.0;0.0;0.0;-1.92;81.65;1.72
0.0;0.0;0.0;-2.39;81.55;1.66
0.0;0.0;0.0;-2.39;81.55;1.45
0.0;0.0;0.0;-2.36;81.55;1.24
0.0;0.0;0.0;-1.85;81.65;0.97
0.0;0.0;0.0;-1.87;81.65;0.76
0.0;0.0;0.0;-2.19;84.85;0.55
3.0;0.0;3.0;-2.43;84.85;0.34
153.0;437.66;66.0;-2.14;84.85;0.21
313.0;583.49;108.0;0.53;78.75;0.41
487.0;766.96;114.0;3.25;73.2;0.76
619.0;829.16;126.0;5.04;63.05;1.38
674.0;732.77;184.0;5.93;54.05;1.52
728.0;791.61;171.0;6.54;48.25;1.38
748.0;879.48;135.0;7.14;46.55;1.24
702.0;904.1;115.0;7.85;43.1;1.1
569.0;769.95;135.0;8.26;41.6;0.9
431.0;708.43;115.0;8.58;38.55;0.9
226.0;325.19;127.0;8.4;39.95;0.9
111.0;444.58;45.0;7.88;44.85;0.97
0.0;0.0;0.0;6.18;52.1;1.72
0.0;0.0;0.0;3.78;60.3;2.14
0.0;0.0;0.0;2.21;70.2;1.86
0.0;0.0;0.0;0.62;75.7;1.93
0.0;0.0;0.0;-0.83;78.5;2.07
0.0;0.0;0.0;-1.62;81.65;2.0
0.0;0.0;0.0;-2.04;78.45;1.93
0.0;0.0;0.0;-2.38;81.55;1.93
0.0;0.0;0.0;-2.66;81.5;1.93
0.0;0.0;0.0;-2.88;81.5;1.93
0.0;0.0;0.0;-3.02;81.5;1.86
6.0;0.0;6.0;-3.14;84.8;1.86
157.0;435.01;68.0;-1.82;81.65;1.52
321.0;602.31;106.0;2.2;70.2;1.24
487.0;750.4;118.0;4.96;68.0;1.17
605.0;768.66;144.0;7.25;61.1;1.17
698.0;816.49;148.0;8.81;50.7;1.59
741.0;831.54;152.0;9.52;43.55;2.21
744.0;862.45;139.0;9.93;43.55;2.34
705.0;905.75;113.0;10.33;42.0;2.48
570.0;764.22;136.0;10.48;42.0;2.48
431.0;692.96;119.0;10.52;40.55;2.55
276.0;615.61;86.0;10.17;43.7;2.41
108.0;379.74;50.0;9.04;50.85;2.07
0.0;0.0;0.0;6.82;56.45;2.62
0.0;0.0;0.0;4.73;62.95;2.76
0.0;0.0;0.0;4.06;62.8;2.69
0.0;0.0;0.0;2.84;70.3;2.83
0.0;0.0;0.0;1.96;70.2;2.9
0.0;0.0;0.0;1.3;75.75;2.9
0.0;0.0;0.0;0.8;75.7;2.9
0.0;0.0;0.0;0.48;75.7;2.9
0.0;0.0;0.0;0.34;78.65;2.97
0.0;0.0;0.0;0.32;78.65;3.03
0.0;0.0;0.0;0.15;78.65;2.97
7.0;0.0;7.0;-0.05;78.65;2.9
145.0;309.0;80.0;0.84;81.9;2.83
290.0;416.51;139.0;3.44;76.1;2.62
356.0;245.43;234.0;6.99;63.5;3.24
590.0;709.26;161.0;9.82;59.25;3.66
696.0;809.16;147.0;12.01;55.4;4.14
738.0;824.73;150.0;13.63;48.15;4.55
697.0;709.7;196.0;14.73;46.6;4.76
652.0;732.65;170.0;15.52;45.05;4.83
476.0;414.27;239.0;15.71;41.9;4.76
294.0;171.66;216.0;15.78;41.9;4.55
107.0;6.39;105.0;14.87;48.4;4.9
10.0;0.0;10.0;11.82;69.25;3.66
0.0;0.0;0.0;10.51;79.95;2.21
0.0;0.0;0.0;9.41;79.9;2.21
0.0;0.0;0.0;8.3;79.75;2.41
0.0;0.0;0.0;6.93;89.0;2.28
0.0;0.0;0.0;6.07;92.3;2.21
0.0;0.0;0.0;5.37;95.75;2.21
0.0;0.0;0.0;5.04;92.25;2.14
0.0;0.0;0.0;4.84;95.75;1.93
0.0;0.0;0.0;4.42;99.4;1.72
0.0;0.0;0.0;4.13;95.75;1.59
0.0;0.0;0.0;4.04;95.75;1.38
2.0;0.0;2.0;4.18;99.4;1.17
29.0;0.0;29.0;4.36;99.4;0.97
132.0;10.87;128.0;5.83;95.75;0.34
194.0;11.94;188.0;7.39;92.35;0.69
294.0;37.71;271.0;8.83;76.95;1.45
285.0;14.64;275.0;9.92;74.2;1.59
365.0;45.99;332.0;10.81;66.55;2.34
121.0;0.0;121.0;11.81;64.35;2.55
267.0;10.57;260.0;12.56;59.95;1.45
84.0;0.0;84.0;11.48;69.15;2.41
61.0;0.0;61.0;9.95;77.0;3.72
24.0;0.0;24.0;8.27;79.75;4.21
14.0;0.0;14.0;7.16;82.65;4.41
0.0;0.0;0.0;6.36;85.7;4.34
0.0;0.0;0.0;5.6;85.65;4.14
0.0;0.0;0.0;5.53;82.5;4.21
0.0;0.0;0.0;5.06;85.6;4.14
0.0;0.0;0.0;4.59;85.55;4.14
0.0;0.0;0.0;4.1;88.8;3.86
0.0;0.0;0.0;3.57;92.15;3.59
0.0;0.0;0.0;3.24;95.7;3.38
0.0;0.0;0.0;3.04;92.15;3.1
0.0;0.0;0.0;3.05;95.7;3.03
0.0;0.0;0.0;3.12;95.7;3.24
26.0;127.78;18.0;3.06;95.7;3.38
20.0;0.0;20.0;3.17;95.7;3.1
34.0;0.0;34.0;3.67;95.7;3.59
160.0;1.97;159.0;3.42;99.4;3.66
159.0;0.0;159.0;3.26;99.4;3.79
167.0;0.0;167.0;3.53;92.15;4.0
236.0;1.38;235.0;4.36;92.2;4.07
163.0;0.0;163.0;5.43;85.6;4.34
189.0;0.0;189.0;5.96;82.5;4.69
130.0;0.0;130.0;6.48;73.8;5.03
103.0;0.0;103.0;6.78;71.05;4.97
86.0;0.0;86.0;6.78;68.4;4.62
75.0;72.53;63.0;6.63;65.85;4.0
0.0;0.0;0.0;6.06;68.3;3.17
0.0;0.0;0.0;5.44;70.8;2.9
0.0;0.0;0.0;3.3;88.7;2.48
0.0;0.0;0.0;2.45;88.65;2.21
0.0;0.0;0.0;1.74;92.05;2.0
0.0;0.0;0.0;1.17;92.05;1.93
0.0;0.0;0.0;0.66;95.65;1.86
0.0;0.0;0.0;0.05;95.6;1.79
0.0;0.0;0.0;-0.73;95.6;1.86
0.0;0.0;0.0;-1.29;91.95;1.86
0.0;0.0;0.0;-1.04;95.6;1.72
3.0;0.0;3.0;-0.76;95.6;1.72
73.0;8.8;71.0;0.45;92.0;1.45
168.0;31.67;156.0;2.74;85.35;1.79
370.0;249.62;242.0;4.54;79.3;2.21
529.0;438.85;257.0;5.95;63.15;3.24
494.0;212.21;347.0;6.82;56.45;3.31
430.0;92.22;363.0;7.61;52.45;3.1
390.0;61.2;346.0;8.19;50.6;3.03
294.0;17.9;282.0;8.65;48.8;3.03
412.0;217.32;285.0;9.16;47.05;3.1
190.0;15.0;183.0;9.19;47.05;3.17
91.0;0.0;91.0;9.02;45.25;3.17
30.0;0.0;30.0;8.3;52.6;2.55
0.0;0.0;0.0;7.06;56.55;2.69
0.0;0.0;0.0;6.15;58.55;2.9
0.0;0.0;0.0;5.93;60.75;2.76
0.0;0.0;0.0;5.56;60.75;2.76
0.0;0.0;0.0;5.14;60.65;2.69
0.0;0.0;0.0;4.63;62.95;2.69
0.0;0.0;0.0;4.41;65.3;2.69
0.0;0.0;0.0;4.13;65.3;2.55
0.0;0.0;0.0;3.85;67.8;2.34
0.0;0.0;0.0;3.56;70.5;2.14
0.0;0.0;0.0;3.21;76.1;2.21
3.0;0.0;3.0;2.92;79.0;2.34
36.0;0.0;36.0;3.06;79.1;2.48
98.0;0.0;98.0;3.61;82.25;2.41
157.0;0.0;157.0;4.34;79.2;2.55
163.0;0.0;163.0;5.13;76.4;2.83
171.0;0.0;171.0;5.9;73.65;3.59
177.0;0.0;177.0;6.08;70.95;3.93
242.0;1.38;241.0;6.7;68.4;4.14
256.0;5.93;252.0;7.32;63.5;4.0
295.0;47.59;267.0;7.65;58.9;3.72
223.0;40.37;204.0;7.57;56.7;3.45
162.0;63.79;141.0;7.39;58.8;3.38
91.0;126.58;69.0;6.94;63.35;2.48
0.0;0.0;0.0;5.97;65.75;1.66
0.0;0.0;0.0;4.97;73.55;0.97
0.0;0.0;0.0;6.45;60.85;0.69
0.0;0.0;0.0;3.59;76.15;1.86
0.0;0.0;0.0;2.19;82.05;2.07
0.0;0.0;0.0;2.07;82.05;2.14
0.0;0.0;0.0;1.87;85.25;2.28
0.0;0.0;0.0;1.79;85.25;2.41
0.0;0.0;0.0;2.36;85.3;2.48
0.0;0.0;0.0;3.19;82.2;2.62
0.0;0.0;0.0;3.7;79.15;2.83
4.0;0.0;4.0;4.31;79.2;3.03
30.0;0.0;30.0;5.08;73.55;3.31
54.0;0.0;54.0;5.51;76.5;3.45
58.0;0.0;58.0;7.21;76.7;4.28
403.0;142.98;313.0;8.13;74.05;5.93
80.0;0.0;80.0;8.08;76.85;6.28
634.0;435.23;314.0;7.56;82.7;5.86
429.0;92.12;362.0;8.5;82.85;5.59
580.0;431.8;287.0;10.1;77.1;5.45
309.0;55.71;276.0;10.34;77.1;4.97
321.0;204.4;224.0;9.85;77.0;5.17
139.0;27.01;130.0;7.63;79.7;4.97
46.0;0.0;46.0;7.62;79.7;3.72
0.0;0.0;0.0;6.76;82.6;3.31
0.0;0.0;0.0;5.84;85.65;3.17
0.0;0.0;0.0;5.15;82.4;3.31
0.0;0.0;0.0;4.57;85.55;3.38
0.0;0.0;0.0;4.1;88.8;3.31
0.0;0.0;0.0;3.56;88.75;3.38
0.0;0.0;0.0;3.15;92.15;3.38
0.0;0.0;0.0;2.69;92.15;3.31
0.0;0.0;0.0;2.47;92.15;3.31
0.0;0.0;0.0;2.24;95.65;3.38
0.0;0.0;0.0;2.18;95.65;3.45
4.0;0.0;4.0;2.35;95.65;3.45
110.0;53.32;97.0;3.12;92.15;3.72
263.0;205.2;182.0;4.77;85.55;5.59
157.0;0.0;157.0;6.59;79.55;5.24
362.0;83.57;309.0;7.67;76.8;4.9
401.0;76.45;347.0;8.41;71.35;5.1
608.0;363.75;339.0;9.39;68.9;5.24
203.0;0.0;203.0;10.2;69.0;5.31
138.0;0.0;138.0;10.62;66.55;5.45
162.0;0.0;162.0;10.81;66.55;5.38
112.0;0.0;112.0;10.73;66.55;5.45
274.0;456.69;120.0;9.34;68.9;5.52
129.0;362.51;63.0;8.92;68.8;4.41
0.0;0.0;0.0;7.98;71.25;3.59
0.0;0.0;0.0;6.5;73.8;3.03
0.0;0.0;0.0;5.35;76.4;2.14
0.0;0.0;0.0;3.91;82.25;2.21
0.0;0.0;0.0;2.61;85.35;2.34
0.0;0.0;0.0;1.73;88.6;2.34
0.0;0.0;0.0;0.86;92.0;2.07
0.0;0.0;0.0;0.18;92.0;1.79
0.0;0.0;0.0;-0.83;91.95;1.93
0.0;0.0;0.0;-1.39;88.4;1.93
0.0;0.0;0.0;-1.37;88.4;2.07
4.0;0.0;4.0;-1.15;91.95;2.0
84.0;8.03;82.0;0.66;92.0;1.66
183.0;37.51;168.0;4.35;82.3;1.66
318.0;114.49;257.0;6.97;73.8;2.34
438.0;190.97;316.0;8.44;68.7;3.03
456.0;139.28;357.0;9.93;63.9;3.45
462.0;116.98;375.0;10.99;61.75;3.72
425.0;84.3;363.0;11.93;59.7;3.93
300.0;18.94;287.0;12.58;59.95;4.0
214.0;3.33;212.0;13.42;60.05;4.0
90.0;0.0;90.0;13.27;62.3;2.9
60.0;0.0;60.0;12.79;66.95;2.97
34.0;0.0;34.0;12.17;69.35;3.45
0.0;0.0;0.0;11.52;74.45;3.79
0.0;0.0;0.0;10.76;77.15;3.79
0.0;0.0;0.0;9.98;85.95;3.24
0.0;0.0;0.0;9.17;82.9;3.24
0.0;0.0;0.0;8.89;89.1;3.17
0.0;0.0;0.0;8.55;85.95;2.83
0.0;0.0;0.0;7.74;89.05;2.76
0.0;0.0;0.0;7.49;89.05;2.48
0.0;0.0;0.0;7.05;92.35;2.41
0.0;0.0;0.0;6.86;95.8;2.48
0.0;0.0;0.0;6.82;95.8;2.55
10.0;0.0;10.0;6.95;95.8;2.55
62.0;0.0;62.0;7.72;92.4;2.69
93.0;0.0;93.0;8.87;92.45;3.38
110.0;0.0;110.0;10.43;89.2;4.07
123.0;0.0;123.0;11.29;86.1;4.14
140.0;0.0;140.0;11.69;83.1;4.62
118.0;0.0;118.0;12.27;80.2;4.41
185.0;0.0;185.0;12.84;77.45;4.41
223.0;1.45;222.0;13.28;69.55;4.76
473.0;341.07;267.0;13.98;64.75;4.9
264.0;82.27;224.0;14.12;58.1;4.62
271.0;420.17;126.0;13.84;60.2;4.28
23.0;0.0;23.0;13.17;62.3;3.24
6.0;0.0;6.0;11.82;69.25;2.34
0.0;0.0;0.0;9.96;79.9;2.14
0.0;0.0;0.0;8.65;82.85;1.93
0.0;0.0;0.0;7.18;89.0;2.0
0.0;0.0;0.0;6.11;92.3;1.86
0.0;0.0;0.0;5.3;95.75;1.72
0.0;0.0;0.0;4.54;95.75;1.72
0.0;0.0;0.0;3.68;95.7;1.79
0.0;0.0;0.0;2.81;99.4;1.93
0.0;0.0;0.0;2.0;99.4;2.07
0.0;0.0;0.0;1.76;99.4;2.21
45.0;98.24;35.0;2.21;99.4;2.14
87.0;7.7;85.0;4.66;95.75;1.86
129.0;2.44;128.0;7.45;92.35;2.0
174.0;1.84;173.0;9.25;85.95;2.62
441.0;189.84;318.0;11.14;80.1;3.03
366.0;45.87;333.0;12.37;77.35;2.97
452.0;103.73;374.0;13.42;72.1;2.9
290.0;8.07;284.0;14.09;64.85;2.76
508.0;246.34;337.0;14.5;60.3;2.62
409.0;184.28;297.0;14.54;58.1;2.48
324.0;189.78;231.0;14.54;58.1;2.21
129.0;11.46;125.0;13.18;64.65;2.48
78.0;41.18;70.0;12.59;66.95;2.07
6.0;0.0;6.0;11.36;74.45;1.79
0.0;0.0;0.0;9.67;79.9;1.79
0.0;0.0;0.0;7.87;89.05;1.79
0.0;0.0;0.0;6.14;88.95;2.07
0.0;0.0;0.0;4.89;95.75;2.14
0.0;0.0;0.0;3.87;95.7;2.14
0.0;0.0;0.0;3.15;95.7;2.07
0.0;0.0;0.0;2.52;95.7;2.0
0.0;0.0;0.0;2.0;95.65;1.93
0.0;0.0;0.0;1.36;99.35;1.93
0.0;0.0;0.0;0.81;99.4;1.93
52.0;130.66;38.0;0.69;95.65;1.86
226.0;570.16;75.0;3.7;92.15;1.03
377.0;629.09;116.0;7.79;85.85;0.97
544.0;775.04;120.0;11.04;71.75;1.17
672.0;832.34;129.0;13.14;60.05;1.66
760.0;865.08;134.0;14.06;52.0;1.72
771.0;793.67;171.0;14.69;50.25;1.72
665.0;495.17;295.0;15.2;48.55;1.86
427.0;114.62;347.0;15.5;46.75;2.07
97.0;0.0;97.0;15.44;46.75;2.21
63.0;0.0;63.0;15.1;48.55;2.48
266.0;348.58;143.0;14.64;52.15;2.41
150.0;438.79;63.0;13.83;60.2;2.07
8.0;24.64;7.0;12.12;66.85;2.28
0.0;0.0;0.0;10.16;74.3;2.48
0.0;0.0;0.0;9.28;71.5;2.41
0.0;0.0;0.0;7.73;79.7;2.28
0.0;0.0;0.0;6.29;85.7;2.21
0.0;0.0;0.0;5.08;85.6;2.14
0.0;0.0;0.0;4.08;88.8;2.14
0.0;0.0;0.0;3.31;92.15;2.21
0.0;0.0;0.0;2.75;92.15;2.28
0.0;0.0;0.0;2.3;95.65;2.21
0.0;0.0;0.0;1.92;95.65;2.28
6.0;0.0;6.0;1.77;95.65;2.14
30.0;0.0;30.0;3.9;95.7;1.59
65.0;0.0;65.0;8.05;79.75;1.79
198.0;5.44;195.0;10.76;74.4;2.0
497.0;284.74;310.0;12.96;69.45;1.93
653.0;519.39;275.0;14.83;64.95;1.86
655.0;443.46;318.0;15.83;58.45;2.07
686.0;547.25;275.0;16.34;54.45;1.86
421.0;105.46;347.0;16.06;56.35;1.45
531.0;476.27;238.0;16.09;56.5;0.97
192.0;12.06;186.0;15.94;58.45;0.97
112.0;2.8;111.0;15.43;60.5;1.38
55.0;4.94;54.0;14.22;72.3;1.66
1.0;0.0;1.0;12.8;80.3;1.72
0.0;0.0;0.0;11.15;89.3;1.66
0.0;0.0;0.0;9.92;92.45;1.72
0.0;0.0;0.0;8.25;92.4;1.59
0.0;0.0;0.0;6.97;95.8;1.72
0.0;0.0;0.0;5.6;99.4;1.93
0.0;0.0;0.0;4.74;99.4;2.07
0.0;0.0;0.0;4.25;99.4;2.07
0.0;0.0;0.0;4.03;99.4;2.07
0.0;0.0;0.0;4.09;99.4;2.14
0.0;0.0;0.0;4.24;99.4;2.34
13.0;0.0;13.0;4.49;95.75;2.41
182.0;240.05;116.0;5.61;95.75;2.97
353.0;464.04;156.0;7.0;89.0;2.62
529.0;677.78;152.0;9.81;82.9;2.76
661.0;768.48;153.0;11.69;71.85;2.9
754.0;823.94;151.0;13.14;62.3;2.97
797.0;848.37;149.0;14.13;56.0;2.83
782.0;832.04;154.0;14.66;48.4;2.76
689.0;700.39;195.0;15.04;46.6;2.62
506.0;386.21;267.0;15.18;43.4;2.41
439.0;528.71;174.0;15.11;43.4;2.28
305.0;521.52;117.0;14.66;44.9;2.28
155.0;431.59;66.0;13.91;53.85;2.0
15.0;61.32;12.0;12.26;59.85;2.14
0.0;0.0;0.0;10.25;66.45;2.28
0.0;0.0;0.0;8.98;68.8;2.21
0.0;0.0;0.0;7.27;76.7;2.14
0.0;0.0;0.0;5.86;82.5;2.21
0.0;0.0;0.0;4.87;85.55;2.21
0.0;0.0;0.0;4.12;85.5;2.14
0.0;0.0;0.0;3.69;88.75;2.14
0.0;0.0;0.0;3.26;92.15;2.14
0.0;0.0;0.0;2.82;92.15;2.14
0.0;0.0;0.0;2.59;92.15;2.14
13.0;0.0;13.0;2.83;92.15;2.07
176.0;200.08;120.0;4.75;88.85;1.86
320.0;316.84;184.0;7.8;76.8;2.21
510.0;592.13;178.0;10.45;69.0;2.07
642.0;691.45;182.0;12.48;62.1;2.21
706.0;659.09;221.0;13.88;51.9;2.55
714.0;583.6;266.0;14.69;48.4;2.55
707.0;593.31;257.0;15.24;46.75;2.62
700.0;736.31;178.0;15.55;48.55;2.69
320.0;53.02;287.0;15.8;46.9;2.62
282.0;91.11;236.0;15.14;50.35;2.41
215.0;137.27;165.0;14.4;58.1;3.1
31.0;0.0;31.0;12.81;66.95;3.45
5.0;0.0;5.0;11.07;74.45;3.79
0.0;0.0;0.0;9.84;79.9;3.59
0.0;0.0;0.0;9.76;71.5;3.24
0.0;0.0;0.0;9.1;71.5;2.97
0.0;0.0;0.0;8.92;74.15;3.03
0.0;0.0;0.0;8.41;76.85;3.17
0.0;0.0;0.0;8.1;76.85;3.1
0.0;0.0;0.0;7.64;79.7;2.97
0.0;0.0;0.0;7.49;79.7;2.83
0.0;0.0;0.0;7.36;79.65;2.76
0.0;0.0;0.0;7.29;79.65;2.76
62.0;117.29;47.0;7.14;82.65;2.76
202.0;309.03;114.0;7.77;79.7;2.69
351.0;426.39;166.0;8.7;76.95;3.24
538.0;686.63;150.0;10.52;69.1;3.31
670.0;776.79;150.0;12.07;64.45;3.59
762.0;829.96;148.0;13.32;60.05;3.79
801.0;842.62;151.0;14.46;56.0;4.0
781.0;816.18;159.0;15.09;52.25;3.86
721.0;795.79;154.0;15.61;52.4;3.72
618.0;755.59;145.0;16.02;52.4;3.17
418.0;428.72;200.0;16.02;50.5;2.97
330.0;627.76;99.0;15.62;50.5;3.17
164.0;448.51;68.0;14.72;54.1;3.24
20.0;69.97;16.0;13.01;59.95;3.45
0.0;0.0;0.0;11.33;59.6;3.59
0.0;0.0;0.0;10.89;64.1;3.45
0.0;0.0;0.0;9.91;63.9;3.52
0.0;0.0;0.0;9.05;61.55;3.52
0.0;0.0;0.0;8.3;63.7;3.45
0.0;0.0;0.0;7.64;66.05;3.45
0.0;0.0;0.0;7.06;68.5;3.45
0.0;0.0;0.0;6.58;71.05;3.45
0.0;0.0;0.0;6.16;73.7;3.38
0.0;0.0;0.0;5.82;76.5;3.38
61.0;90.3;49.0;5.78;76.5;3.45
199.0;276.29;119.0;6.92;73.8;3.31
353.0;417.4;170.0;8.89;66.25;3.93
513.0;572.55;187.0;11.14;61.85;4.07
665.0;749.82;160.0;13.05;57.9;4.41
761.0;817.58;153.0;14.55;56.0;4.83
799.0;830.87;155.0;15.56;54.25;4.83
796.0;848.94;146.0;16.24;50.6;4.62
754.0;885.47;120.0;16.71;48.9;4.34
620.0;756.15;144.0;16.93;48.9;4.07
483.0;693.28;128.0;16.83;47.15;3.93
322.0;573.09;109.0;16.38;47.0;3.86
161.0;408.43;72.0;15.46;52.25;3.38
28.0;163.27;18.0;13.94;53.85;3.45
0.0;0.0;0.0;12.18;55.5;3.45
0.0;0.0;0.0;11.85;53.35;3.31
0.0;0.0;0.0;10.93;55.15;3.31
0.0;0.0;0.0;10.22;55.05;3.24
0.0;0.0;0.0;9.64;57.05;3.1
0.0;0.0;0.0;8.93;56.9;3.03
0.0;0.0;0.0;8.26;59.0;3.03
0.0;0.0;0.0;7.75;58.9;3.1
0.0;0.0;0.0;7.55;58.9;2.9
0.0;0.0;0.0;7.1;61.1;2.69
17.0;0.0;17.0;6.89;68.4;2.55
27.0;0.0;27.0;8.02;66.15;2.41
122.0;0.0;122.0;9.79;66.35;2.97
312.0;74.96;269.0;11.9;59.7;3.24
171.0;0.0;171.0;13.57;55.9;3.38
393.0;54.85;352.0;15.34;52.25;3.66
634.0;359.57;354.0;16.56;50.6;4.07
709.0;570.75;270.0;17.28;45.55;4.14
693.0;676.9;206.0;18.02;44.05;4.0
492.0;323.87;287.0;18.28;42.6;3.66
346.0;199.77;243.0;18.08;44.05;3.38
335.0;620.78;102.0;17.83;44.05;3.17
164.0;401.36;75.0;17.02;48.9;2.69
30.0;168.45;19.0;15.24;54.25;2.76
0.0;0.0;0.0;13.45;60.05;3.03
0.0;0.0;0.0;12.47;59.85;3.03
0.0;0.0;0.0;11.39;61.85;3.03
0.0;0.0;0.0;10.51;66.45;2.9
0.0;0.0;0.0;9.64;68.9;2.69
0.0;0.0;0.0;9.02;68.9;2.48
0.0;0.0;0.0;8.17;74.05;2.48
0.0;0.0;0.0;7.5;73.95;2.41
0.0;0.0;0.0;7.3;76.7;2.34
0.0;0.0;0.0;6.86;79.55;2.34
33.0;0.0;33.0;6.88;82.6;2.14
47.0;0.0;47.0;8.28;79.75;1.86
244.0;89.43;204.0;10.29;74.3;2.07
302.0;62.31;266.0;12.71;66.95;1.66
427.0;133.55;336.0;14.34;67.25;1.1
487.0;147.77;376.0;15.85;65.15;0.55
593.0;277.4;376.0;16.48;65.25;0.28
636.0;383.11;340.0;17.45;63.2;0.21
506.0;207.51;356.0;18.13;61.2;0.34
479.0;290.71;294.0;18.44;61.2;0.48
367.0;246.59;239.0;18.47;61.2;0.9
304.0;440.68;137.0;17.27;65.45;1.66
156.0;319.22;84.0;16.33;72.65;1.66
24.0;57.7;20.0;15.16;80.6;1.52
0.0;0.0;0.0;13.88;89.45;1.31
0.0;0.0;0.0;13.14;80.35;1.79
0.0;0.0;0.0;12.17;83.15;2.14
0.0;0.0;0.0;11.26;86.1;2.34
0.0;0.0;0.0;10.34;89.2;2.21
0.0;0.0;0.0;9.46;89.15;1.93
0.0;0.0;0.0;8.44;89.1;1.79
0.0;0.0;0.0;7.56;89.05;1.79
0.0;0.0;0.0;6.51;95.8;1.66
0.0;0.0;0.0;5.33;99.4;1.45
49.0;20.35;46.0;5.38;99.4;0.9
182.0;161.48;133.0;7.29;92.35;0.48
318.0;250.21;205.0;9.22;82.9;0.76
359.0;132.34;282.0;12.29;71.95;2.55
610.0;518.05;255.0;13.74;67.15;2.69
747.0;727.33;198.0;15.07;60.5;2.9
743.0;614.69;260.0;15.92;56.35;3.45
748.0;661.08;235.0;16.35;54.45;3.93
753.0;846.87;138.0;16.73;50.75;4.41
509.0;353.27;283.0;17.05;48.9;4.62
397.0;315.77;232.0;16.95;48.9;4.76
288.0;345.06;156.0;16.37;48.8;4.28
139.0;191.87;95.0;15.5;52.25;4.34
24.0;40.92;21.0;14.33;52.0;4.48
0.0;0.0;0.0;13.22;51.75;4.48
0.0;0.0;0.0;12.07;51.5;4.0
0.0;0.0;0.0;11.32;55.3;3.86
0.0;0.0;0.0;10.78;59.5;3.72
0.0;0.0;0.0;10.09;61.65;3.59
0.0;0.0;0.0;9.76;61.55;3.45
0.0;0.0;0.0;9.26;61.55;3.31
0.0;0.0;0.0;8.38;66.15;3.17
0.0;0.0;0.0;7.72;66.05;3.03
0.0;0.0;0.0;7.22;68.5;2.9
44.0;6.57;43.0;6.89;71.05;2.83
226.0;334.51;123.0;7.95;71.25;2.76
380.0;458.49;171.0;9.75;66.35;3.38
558.0;675.96;162.0;12.09;57.65;3.45
692.0;779.36;155.0;13.98;55.9;3.59
780.0;820.17;158.0;15.65;50.5;3.72
817.0;832.5;160.0;16.99;43.8;4.41
809.0;839.18;155.0;17.54;39.25;4.76
723.0;736.13;186.0;17.7;37.95;4.62
518.0;363.88;284.0;17.73;37.95;4.41
427.0;403.09;215.0;17.66;37.95;4.34
339.0;582.75;114.0;17.09;40.75;4.41
175.0;407.61;80.0;16.23;45.3;4.48
33.0;116.46;24.0;14.72;48.4;4.34
0.0;0.0;0.0;13.28;51.75;4.28
0.0;0.0;0.0;12.8;51.65;4.41
0.0;0.0;0.0;11.78;53.35;4.48
0.0;0.0;0.0;10.85;57.3;4.41
0.0;0.0;0.0;10.06;57.15;4.14
0.0;0.0;0.0;9.33;59.25;3.86
0.0;0.0;0.0;8.66;59.15;3.79
0.0;0.0;0.0;8.08;61.3;3.72
0.0;0.0;0.0;7.65;66.05;3.79
0.0;0.0;0.0;7.37;68.5;4.14
17.0;0.0;17.0;7.47;71.15;4.41
171.0;108.87;137.0;8.48;71.35;4.14
296.0;176.09;215.0;9.89;68.9;5.24
560.0;674.87;162.0;11.47;64.25;5.66
690.0;762.22;162.0;13.1;60.05;6.28
781.0;817.71;158.0;14.57;56.15;6.69
809.0;799.96;175.0;15.71;52.4;6.97
774.0;721.95;209.0;16.82;48.9;7.52
737.0;777.91;167.0;17.11;45.55;6.97
585.0;560.08;223.0;17.28;45.55;6.34
466.0;536.55;182.0;17.31;43.9;6.0
266.0;238.7;173.0;17.03;45.45;5.66
131.0;135.15;99.0;16.3;47.0;4.97
18.0;0.0;18.0;15.17;48.55;4.69
0.0;0.0;0.0;14.12;48.25;4.69
0.0;0.0;0.0;13.59;48.15;4.69
0.0;0.0;0.0;12.92;51.65;4.62
0.0;0.0;0.0;12.33;51.5;4.62
0.0;0.0;0.0;11.63;53.35;4.55
0.0;0.0;0.0;10.96;55.15;4.34
0.0;0.0;0.0;10.22;57.15;4.07
0.0;0.0;0.0;9.48;59.25;3.93
0.0;0.0;0.0;8.9;61.45;3.86
0.0;0.0;0.0;8.32;63.7;3.93
116.0;403.07;51.0;8.26;66.15;4.0
215.0;259.0;133.0;9.17;63.9;3.66
254.0;88.35;213.0;10.45;64.0;4.62
318.0;69.07;277.0;12.1;57.65;4.83
301.0;18.67;288.0;13.68;55.9;4.83
290.0;5.23;286.0;15.1;52.25;4.97
406.0;45.24;370.0;16.09;50.6;5.03
264.0;1.27;263.0;16.85;48.9;5.1
192.0;0.0;192.0;17.32;47.3;5.1
106.0;0.0;106.0;17.2;47.3;5.03
79.0;0.0;79.0;17.04;48.9;4.9
142.0;10.18;138.0;16.47;50.6;4.28
53.0;0.0;53.0;14.57;47.68;3.36
8.0;0.0;8.0;14.16;49.07;3.45
0.0;0.0;0.0;13.74;50.45;3.53
0.0;0.0;0.0;13.33;51.83;3.62
0.0;0.0;0.0;12.92;53.22;3.71
0.0;0.0;0.0;12.5;54.6;3.79
0.0;0.0;0.0;12.09;55.98;3.88
0.0;0.0;0.0;11.68;57.36;3.96
0.0;0.0;0.0;11.26;58.75;4.05
0.0;0.0;0.0;10.85;60.13;4.13
0.0;0.0;0.0;10.44;61.51;4.22
0.0;0.0;0.0;10.02;62.9;4.3
81.0;102.59;64.0;9.61;64.28;4.39
244.0;377.16;123.0;9.2;65.66;4.47
427.0;623.89;135.0;8.78;67.05;4.56
585.0;746.68;139.0;8.37;68.43;4.65
711.0;804.46;148.0;13.52;51.75;5.93
802.0;856.03;144.0;14.77;46.6;6.14
754.0;606.97;269.0;15.81;45.15;6.28
575.0;231.95;392.0;16.69;43.8;6.28
551.0;259.8;359.0;17.32;43.9;6.28
589.0;551.52;229.0;17.62;40.9;6.34
468.0;518.74;190.0;17.42;40.75;6.62
328.0;471.59;141.0;16.87;39.15;6.34
130.0;110.62;103.0;16.12;40.5;5.59
28.0;22.48;26.0;15.05;41.65;5.38
0.0;0.0;0.0;14.07;43.1;5.24
0.0;0.0;0.0;13.57;41.35;5.03
0.0;0.0;0.0;13.0;46.1;5.24
0.0;0.0;0.0;12.63;46.1;5.38
0.0;0.0;0.0;12.43;45.95;5.31
0.0;0.0;0.0;12.25;45.95;5.17
0.0;0.0;0.0;12.07;45.95;4.83
0.0;0.0;0.0;11.59;51.35;4.55
0.0;0.0;0.0;10.36;64.0;4.55
0.0;0.0;0.0;9.44;77.0;4.34
10.0;0.0;10.0;9.09;79.9;4.28
24.0;0.0;24.0;9.0;82.9;4.21
62.0;0.0;62.0;9.04;85.95;4.28
172.0;0.0;172.0;10.39;82.95;3.72
292.0;14.22;282.0;10.65;80.05;4.07
258.0;1.3;257.0;10.62;80.05;4.28
583.0;235.6;394.0;10.38;82.95;4.41
467.0;95.96;391.0;11.02;77.2;4.48
185.0;0.0;185.0;12.27;71.95;5.17
159.0;0.0;159.0;12.74;69.45;5.03
129.0;0.0;129.0;12.96;69.45;5.24
106.0;0.0;106.0;12.93;69.45;4.41
64.0;0.0;64.0;12.47;71.95;3.79
28.0;21.55;26.0;11.9;71.85;3.72
0.0;0.0;0.0;11.22;71.75;3.31
0.0;0.0;0.0;10.56;77.15;2.55
0.0;0.0;0.0;9.93;82.9;2.55
0.0;0.0;0.0;9.66;79.9;2.55
0.0;0.0;0.0;9.5;79.9;2.62
0.0;0.0;0.0;9.36;79.9;2.55
0.0;0.0;0.0;9.12;77.0;2.69
0.0;0.0;0.0;8.96;79.85;2.9
0.0;0.0;0.0;8.55;76.95;2.83
0.0;0.0;0.0;8.09;79.75;2.76
23.0;0.0;23.0;8.05;79.75;2.76
25.0;0.0;25.0;8.64;79.85;2.55
132.0;0.0;132.0;9.51;74.2;2.9
231.0;8.27;226.0;11.28;64.25;3.17
402.0;84.9;342.0;12.43;59.85;3.31
509.0;154.81;389.0;13.2;55.75;3.66
494.0;113.0;403.0;13.32;60.05;3.72
445.0;74.21;386.0;13.41;62.3;3.66
435.0;93.94;365.0;13.63;62.45;3.31
492.0;280.75;307.0;14.03;62.45;2.9
345.0;158.57;259.0;14.77;58.25;2.83
231.0;116.54;184.0;15.28;56.25;2.55
98.0;23.88;92.0;15.36;54.25;2.41
7.0;0.0;7.0;14.62;56.15;2.48
0.0;0.0;0.0;13.59;53.85;2.9
0.0;0.0;0.0;12.67;51.65;2.97
0.0;0.0;0.0;12.09;49.6;3.03
0.0;0.0;0.0;11.38;51.25;2.97
0.0;0.0;0.0;10.47;55.05;3.03
0.0;0.0;0.0;9.49;54.9;2.97
0.0;0.0;0.0;8.52;56.9;2.9
0.0;0.0;0.0;7.67;61.2;2.83
0.0;0.0;0.0;6.86;65.85;2.76
0.0;0.0;0.0;6.19;68.3;2.83
81.0;67.22;69.0;6.31;70.95;2.69
237.0;285.34;142.0;8.28;68.7;2.34
418.0;519.35;169.0;11.17;59.6;2.83
581.0;666.07;176.0;14.27;50.1;3.1
708.0;740.88;182.0;16.56;45.3;3.59
812.0;840.32;158.0;18.19;30.35;4.9
853.0;862.3;156.0;18.78;28.25;5.24
826.0;817.03;174.0;18.79;28.25;4.83
766.0;799.35;168.0;19.12;27.3;4.48
674.0;802.14;143.0;19.06;29.35;4.14
526.0;707.6;140.0;18.97;29.35;3.72
358.0;565.64;128.0;18.72;31.65;3.1
160.0;204.09;108.0;17.89;40.9;2.14
41.0;69.75;34.0;16.41;47.0;2.14
0.0;0.0;0.0;14.25;48.25;2.48
0.0;0.0;0.0;12.66;49.7;2.55
0.0;0.0;0.0;10.92;55.15;2.55
0.0;0.0;0.0;9.62;54.9;2.69
0.0;0.0;0.0;8.94;56.9;2.83
0.0;0.0;0.0;8.54;56.9;2.76
0.0;0.0;0.0;8.13;59.0;2.62
0.0;0.0;0.0;7.41;63.5;2.55
0.0;0.0;0.0;6.6;65.85;2.48
1.0;0.0;1.0;6.32;70.95;2.41
37.0;0.0;37.0;6.78;73.8;2.28
187.0;106.89;151.0;9.45;68.9;2.0
321.0;188.38;230.0;12.69;57.75;2.28
520.0;444.84;248.0;15.26;50.35;2.48
591.0;384.2;317.0;17.5;45.55;2.76
767.0;687.29;230.0;19.37;38.35;3.38
826.0;774.11;198.0;20.25;28.5;5.03
646.0;337.11;376.0;20.51;27.45;5.24
671.0;500.65;295.0;20.54;27.45;4.9
634.0;648.16;203.0;20.59;28.5;4.69
292.0;65.62;256.0;20.61;29.6;4.62
222.0;85.39;187.0;20.17;29.6;4.28
190.0;360.08;97.0;18.66;36.8;3.38
46.0;96.09;36.0;17.2;39.25;3.31
0.0;0.0;0.0;15.78;38.85;3.59
0.0;0.0;0.0;15.12;31.95;3.72
0.0;0.0;0.0;14.08;34.25;3.59
0.0;0.0;0.0;13.12;38.15;3.52
0.0;0.0;0.0;12.26;42.55;3.38
0.0;0.0;0.0;11.38;47.45;3.24
0.0;0.0;0.0;10.33;51.0;2.9
0.0;0.0;0.0;9.07;54.9;2.48
0.0;0.0;0.0;7.83;61.2;2.28
1.0;0.0;1.0;6.91;68.4;2.41
24.0;0.0;24.0;7.22;71.15;2.34
66.0;0.0;66.0;9.67;66.35;2.28
363.0;302.09;216.0;12.39;57.65;3.03
543.0;518.89;224.0;15.34;50.35;3.52
651.0;550.04;257.0;17.64;44.05;4.14
750.0;640.05;248.0;19.55;38.35;4.83
840.0;825.42;168.0;21.04;33.3;5.93
587.0;232.66;400.0;21.75;28.9;6.9
505.0;167.14;379.0;21.75;28.9;6.69
642.0;682.74;186.0;20.15;37.1;6.21
76.0;0.0;76.0;20.64;34.55;5.38
248.0;137.97;191.0;20.52;34.45;4.62
114.0;42.03;103.0;19.24;33.05;5.52
36.0;27.84;33.0;17.88;37.95;4.48
0.0;0.0;0.0;16.69;40.6;3.03
0.0;0.0;0.0;15.32;54.25;1.52
0.0;0.0;0.0;15.55;46.75;0.41
0.0;0.0;0.0;11.97;66.75;1.79
0.0;0.0;0.0;9.93;74.2;2.28
0.0;0.0;0.0;9.45;66.35;2.62
0.0;0.0;0.0;9.86;57.05;3.24
0.0;0.0;0.0;10.31;49.05;3.45
0.0;0.0;0.0;10.17;47.2;3.45
1.0;0.0;1.0;10.04;49.05;3.52
51.0;0.0;51.0;10.37;52.95;3.59
205.0;142.34;156.0;11.96;53.35;3.45
392.0;385.66;203.0;14.06;46.5;4.14
540.0;491.9;236.0;15.9;43.5;4.48
705.0;707.57;196.0;17.75;39.4;4.62
782.0;724.07;212.0;19.39;36.95;5.1
819.0;739.34;215.0;20.26;30.75;6.21
687.0;416.6;351.0;20.71;27.6;6.48
653.0;446.69;315.0;20.89;27.6;6.41
648.0;688.75;186.0;20.74;26.55;6.14
515.0;632.77;164.0;20.64;26.55;5.79
236.0;108.08;191.0;20.67;25.55;5.45
177.0;252.7;110.0;19.81;28.5;3.72
49.0;80.8;40.0;17.92;37.95;2.62
0.0;0.0;0.0;15.71;48.65;2.69
0.0;0.0;0.0;14.24;52.0;3.1
0.0;0.0;0.0;12.84;59.95;2.97
0.0;0.0;0.0;11.64;64.35;2.34
0.0;0.0;0.0;10.99;71.7;2.07
0.0;0.0;0.0;10.3;74.3;2.07
0.0;0.0;0.0;9.55;74.2;2.21
0.0;0.0;0.0;8.74;76.95;2.14
0.0;0.0;0.0;8.14;76.85;1.93
1.0;0.0;1.0;7.58;79.7;1.93
57.0;5.15;56.0;7.65;79.7;1.79
223.0;195.49;155.0;10.75;71.7;1.38
411.0;458.02;185.0;13.79;58.0;1.31
577.0;626.25;188.0;16.88;50.75;1.45
703.0;708.82;191.0;18.81;42.7;1.59
642.0;360.74;357.0;20.1;37.1;2.0
609.0;252.53;402.0;20.84;34.55;2.48
364.0;21.01;347.0;21.1;35.9;2.48
325.0;15.8;313.0;21.59;36.0;2.62
631.0;632.4;205.0;21.85;36.15;2.97
289.0;60.97;255.0;20.08;43.0;4.14
195.0;42.91;177.0;18.33;53.0;3.72
143.0;108.01;114.0;17.81;52.9;2.48
10.0;0.0;10.0;17.25;56.75;1.52
0.0;0.0;0.0;15.92;60.65;1.86
0.0;0.0;0.0;14.94;56.15;2.21
0.0;0.0;0.0;13.58;55.9;2.41
0.0;0.0;0.0;12.71;55.65;2.69
0.0;0.0;0.0;12.57;51.65;3.1
0.0;0.0;0.0;12.2;45.95;3.38
0.0;0.0;0.0;11.79;42.4;3.31
0.0;0.0;0.0;11.02;40.65;3.03
0.0;0.0;0.0;10.41;43.7;2.83
2.0;0.0;2.0;9.83;47.05;2.76
145.0;393.87;67.0;9.51;50.85;2.55
309.0;589.18;102.0;10.51;52.95;2.41
478.0;720.76;120.0;12.58;46.1;2.69
632.0;802.59;131.0;14.9;44.9;2.55
759.0;859.05;136.0;16.23;33.5;3.79
847.0;898.07;135.0;16.95;31.15;4.07
893.0;933.88;125.0;17.56;30.1;4.14
852.0;858.47;155.0;18.02;29.1;4.28
778.0;799.09;169.0;18.46;28.1;4.62
698.0;836.77;132.0;18.59;26.0;5.17
555.0;767.02;125.0;18.52;25.05;5.45
379.0;605.75;123.0;18.07;25.9;5.31
217.0;467.2;90.0;17.53;27.85;4.76
53.0;84.36;43.0;16.85;29.95;3.72
0.0;0.0;0.0;15.58;32.1;2.9
0.0;0.0;0.0;15.07;33.2;2.76
0.0;0.0;0.0;13.42;41.2;2.34
0.0;0.0;0.0;11.65;57.55;1.66
0.0;0.0;0.0;10.57;64.1;1.52
0.0;0.0;0.0;9.72;63.9;2.14
0.0;0.0;0.0;9.27;68.9;2.41
0.0;0.0;0.0;8.77;74.15;2.14
0.0;0.0;0.0;8.48;79.75;1.93
2.0;0.0;2.0;8.0;79.75;2.14
101.0;99.17;81.0;7.96;85.85;2.14
287.0;456.68;125.0;9.0;82.85;2.14
474.0;700.17;124.0;10.28;77.1;2.41
635.0;811.54;126.0;11.5;71.75;3.59
762.0;870.84;128.0;13.16;55.75;3.66
815.0;814.59;167.0;14.6;44.9;3.59
855.0;838.8;163.0;16.12;36.15;3.59
716.0;473.91;330.0;17.14;32.5;3.59
580.0;277.21;368.0;17.6;30.2;3.72
476.0;212.03;332.0;17.55;31.25;4.0
386.0;207.63;269.0;17.16;31.25;4.28
199.0;42.28;181.0;16.69;32.35;4.41
162.0;156.3;119.0;16.25;33.5;4.28
60.0;122.9;45.0;15.57;36.0;3.59
0.0;0.0;0.0;14.6;37.15;3.17
0.0;0.0;0.0;13.81;41.35;2.07
0.0;0.0;0.0;12.89;46.1;2.0
0.0;0.0;0.0;12.04;49.6;2.07
0.0;0.0;0.0;10.83;55.15;2.21
0.0;0.0;0.0;10.49;57.15;2.21
0.0;0.0;0.0;9.85;59.25;2.34
0.0;0.0;0.0;9.6;59.25;2.41
0.0;0.0;0.0;9.74;59.25;2.48
2.0;0.0;2.0;9.58;63.9;2.41
149.0;375.25;72.0;9.8;68.9;2.21
308.0;553.0;110.0;11.06;66.65;2.07
479.0;705.8;124.0;12.63;62.2;2.28
631.0;785.59;136.0;13.46;64.65;2.07
760.0;852.53;137.0;15.03;58.25;2.14
829.0;844.5;155.0;16.47;50.6;2.21
825.0;731.09;220.0;17.82;35.2;2.41
585.0;214.19;410.0;18.01;33.9;2.69
689.0;518.67;291.0;18.67;31.65;2.97
592.0;475.19;268.0;18.58;32.75;3.1
138.0;0.0;138.0;18.67;32.9;3.31
264.0;151.62;199.0;18.27;35.35;3.31
125.0;46.7;112.0;17.89;36.55;2.97
63.0;135.45;46.0;17.25;40.75;2.28
0.0;0.0;0.0;15.89;45.15;2.07
0.0;0.0;0.0;14.93;48.4;2.34
0.0;0.0;0.0;14.0;50.0;2.69
0.0;0.0;0.0;13.57;48.15;2.83
0.0;0.0;0.0;12.77;49.7;2.9
0.0;0.0;0.0;11.94;53.35;2.69
0.0;0.0;0.0;11.04;55.3;2.48
0.0;0.0;0.0;9.63;61.55;2.41
0.0;0.0;0.0;8.5;63.8;2.34
2.0;0.0;2.0;7.44;73.9;2.28
111.0;119.83;86.0;7.73;76.8;1.93
281.0;395.84;138.0;10.96;69.1;1.66
437.0;513.86;177.0;14.35;53.95;2.0
446.0;224.36;304.0;16.81;48.9;2.69
619.0;425.41;307.0;18.45;44.2;3.45
429.0;58.7;382.0;19.12;39.8;4.07
122.0;0.0;122.0;19.92;38.5;4.21
264.0;1.22;263.0;20.36;38.5;4.55
135.0;0.0;135.0;20.98;38.65;4.69
683.0;780.16;149.0;21.41;37.35;4.97
526.0;634.3;165.0;21.5;37.35;5.03
383.0;595.32;126.0;21.38;37.35;4.97
221.0;451.06;94.0;20.74;37.25;4.9
61.0;108.59;47.0;19.15;41.3;3.79
0.0;0.0;0.0;18.07;45.7;3.17
0.0;0.0;0.0;17.57;42.3;2.97
0.0;0.0;0.0;16.37;45.3;3.1
0.0;0.0;0.0;15.2;48.55;2.9
0.0;0.0;0.0;13.92;55.9;2.69
0.0;0.0;0.0;12.46;62.1;2.41
0.0;0.0;0.0;11.1;69.15;2.28
0.0;0.0;0.0;9.92;77.0;2.21
0.0;0.0;0.0;9.12;77.0;2.28
3.0;0.0;3.0;8.72;79.85;2.34
154.0;382.13;73.0;9.56;79.9;2.28
272.0;343.05;147.0;12.76;64.55;2.28
434.0;493.24;183.0;15.93;52.4;2.83
611.0;701.67;165.0;17.95;49.15;2.69
743.0;798.93;155.0;20.13;44.6;2.97
832.0;847.96;151.0;22.09;37.5;3.79
739.0;494.94;327.0;22.89;30.3;4.69
754.0;559.66;294.0;23.15;29.3;4.9
640.0;393.6;336.0;23.44;29.3;4.9
656.0;673.89;193.0;23.67;29.45;4.69
570.0;793.88;116.0;23.56;30.4;4.41
402.0;676.43;108.0;23.0;30.3;4.41
241.0;565.49;80.0;21.99;32.35;4.07
62.0;98.26;49.0;20.96;37.25;3.17
0.0;0.0;0.0;19.63;38.5;2.76
0.0;0.0;0.0;18.42;41.05;2.97
0.0;0.0;0.0;17.38;45.55;3.17
0.0;0.0;0.0;16.68;48.9;3.17
0.0;0.0;0.0;16.15;50.6;3.31
0.0;0.0;0.0;15.78;54.35;3.17
0.0;0.0;0.0;15.16;58.35;2.69
0.0;0.0;0.0;14.44;64.85;2.69
0.0;0.0;0.0;13.28;74.75;2.21
22.0;45.8;19.0;12.39;83.15;2.21
15.0;0.0;15.0;12.25;86.2;2.14
295.0;457.26;127.0;12.99;89.4;2.14
245.0;44.95;222.0;14.12;83.4;2.9
143.0;0.0;143.0;15.56;77.8;3.45
447.0;116.46;361.0;16.52;72.65;3.52
228.0;0.0;228.0;17.56;67.85;3.1
469.0;77.87;404.0;17.92;63.3;3.03
530.0;145.58;410.0;17.27;65.45;3.72
560.0;241.36;373.0;16.39;72.65;4.28
93.0;0.0;93.0;17.11;63.2;3.52
347.0;130.53;272.0;17.79;56.85;2.97
188.0;27.43;176.0;18.14;53.0;2.48
126.0;45.17;113.0;18.1;51.15;2.28
13.0;0.0;13.0;17.49;52.75;2.55
0.0;0.0;0.0;15.94;58.45;3.1
0.0;0.0;0.0;14.0;74.85;2.69
0.0;0.0;0.0;12.84;80.3;2.69
0.0;0.0;0.0;12.26;83.15;2.62
0.0;0.0;0.0;11.88;83.1;2.76
0.0;0.0;0.0;11.34;83.05;3.1
0.0;0.0;0.0;11.0;77.15;3.52
0.0;0.0;0.0;10.44;71.6;3.38
0.0;0.0;0.0;9.54;66.35;2.76
30.0;116.19;22.0;8.75;66.25;2.41
106.0;77.85;89.0;8.36;68.7;2.34
304.0;469.84;130.0;8.95;61.45;3.24
498.0;734.8;120.0;10.05;55.05;3.59
654.0;823.95;126.0;11.28;55.3;3.86
776.0;869.24;132.0;12.42;47.75;4.34
868.0;919.77;125.0;13.38;44.5;4.55
909.0;942.61;120.0;14.27;41.5;4.62
864.0;855.34;157.0;15.04;38.55;4.62
799.0;824.83;158.0;15.77;34.65;4.76
704.0;812.04;142.0;16.7;28.8;4.9
548.0;684.31;153.0;16.8;28.8;4.97
422.0;731.2;100.0;16.59;28.8;4.76
241.0;526.01;88.0;16.17;29.8;4.28
74.0;151.2;53.0;15.25;31.95;3.52
0.0;0.0;0.0;13.96;35.45;2.97
0.0;0.0;0.0;12.51;42.55;2.83
0.0;0.0;0.0;11.13;49.3;2.14
0.0;0.0;0.0;9.81;61.55;1.45
0.0;0.0;0.0;10.51;55.05;0.9
0.0;0.0;0.0;10.4;52.95;0.76
0.0;0.0;0.0;7.93;71.25;1.59
0.0;0.0;0.0;7.52;68.6;1.79
0.0;0.0;0.0;7.5;68.6;1.86
19.0;13.87;18.0;7.54;71.25;1.93
22.0;0.0;22.0;8.32;68.7;2.07
312.0;519.87;118.0;10.79;61.75;2.28
470.0;632.42;143.0;13.33;53.7;2.97
622.0;733.74;150.0;15.09;52.25;3.38
506.0;189.72;365.0;17.09;45.55;3.93
649.0;349.36;366.0;18.38;42.6;4.55
764.0;554.07;299.0;18.86;41.15;4.62
519.0;126.69;414.0;19.31;41.3;4.97
559.0;230.93;379.0;19.06;47.65;4.76
88.0;0.0;88.0;17.92;61.05;3.17
49.0;0.0;49.0;16.94;70.2;3.24
74.0;0.0;74.0;16.85;72.7;2.97
239.0;517.23;87.0;16.28;80.75;3.1
38.0;7.04;37.0;15.54;86.5;3.03
0.0;0.0;0.0;14.76;89.5;2.69
0.0;0.0;0.0;14.19;92.7;2.07
0.0;0.0;0.0;13.36;95.95;2.21
0.0;0.0;0.0;12.77;95.95;2.34
0.0;0.0;0.0;12.33;95.95;2.48
0.0;0.0;0.0;11.83;95.9;2.55
0.0;0.0;0.0;11.62;95.9;2.48
0.0;0.0;0.0;11.08;95.9;2.14
0.0;0.0;0.0;10.43;99.4;1.79
3.0;0.0;3.0;9.95;100.0;1.52
66.0;4.46;65.0;10.14;99.4;1.72
193.0;77.15;164.0;10.19;99.4;1.79
384.0;300.23;228.0;10.6;92.5;2.21
567.0;523.5;229.0;11.82;86.15;1.52
622.0;418.53;310.0;13.84;72.2;1.52
761.0;618.06;259.0;15.52;62.75;1.24
638.0;280.49;402.0;16.77;56.6;1.31
685.0;387.49;363.0;17.63;51.0;1.72
621.0;344.12;352.0;18.18;49.3;2.0
577.0;417.56;286.0;18.44;47.55;2.14
301.0;61.82;265.0;18.51;47.55;2.07
353.0;408.15;171.0;18.53;47.55;1.93
185.0;198.77;126.0;18.1;47.55;1.72
26.0;0.0;26.0;17.36;52.75;1.59
0.0;0.0;0.0;16.04;62.85;1.38
0.0;0.0;0.0;14.11;64.85;1.72
0.0;0.0;0.0;13.23;69.55;1.66
0.0;0.0;0.0;12.67;72.05;1.66
0.0;0.0;0.0;12.11;74.6;1.66
0.0;0.0;0.0;11.21;77.2;1.66
0.0;0.0;0.0;10.73;80.05;1.66
0.0;0.0;0.0;10.25;82.95;1.66
0.0;0.0;0.0;9.76;85.95;1.59
4.0;0.0;4.0;9.58;85.95;1.72
55.0;0.0;55.0;10.62;83.0;1.52
226.0;147.93;170.0;12.1;77.35;1.66
443.0;496.11;184.0;13.91;69.65;2.07
603.0;646.66;184.0;15.61;67.55;2.28
665.0;529.67;269.0;16.41;65.25;2.83
797.0;725.76;206.0;17.78;56.85;3.52
859.0;822.79;165.0;18.0;58.9;3.59
742.0;517.35;311.0;19.02;53.15;4.0
505.0;147.98;389.0;19.17;53.25;3.66
0.0;0.0;0.0;19.61;49.7;4.07
0.0;0.0;0.0;19.85;47.9;4.41
0.0;0.0;0.0;19.25;49.55;4.0
146.0;70.06;125.0;18.87;51.25;3.66
36.0;0.0;36.0;18.21;53.0;3.17
0.0;0.0;0.0;17.1;54.7;2.97
0.0;0.0;0.0;16.45;60.75;3.24
0.0;0.0;0.0;16.31;60.75;3.93
0.0;0.0;0.0;16.25;62.95;4.34
0.0;0.0;0.0;16.03;67.55;4.21
0.0;0.0;0.0;15.73;67.55;4.34
0.0;0.0;0.0;15.2;75.1;4.14
0.0;0.0;0.0;14.24;86.4;4.0
0.0;0.0;0.0;14.04;89.45;3.86
4.0;0.0;4.0;14.01;92.65;3.31
15.0;0.0;15.0;14.09;92.7;2.55
37.0;0.0;37.0;14.3;96.0;2.76
70.0;0.0;70.0;14.41;96.0;3.03
190.0;0.0;190.0;14.48;92.7;2.9
157.0;0.0;157.0;15.18;83.5;3.03
294.0;3.67;291.0;15.71;75.15;3.24
650.0;300.42;396.0;16.71;63.05;3.59
722.0;470.57;329.0;17.69;56.85;3.59
684.0;491.07;298.0;18.53;53.0;3.72
252.0;4.28;249.0;18.8;49.45;3.59
186.0;1.7;185.0;19.15;47.8;3.52
258.0;115.23;206.0;18.99;47.65;3.93
204.0;267.68;123.0;18.62;47.65;3.72
32.0;0.0;32.0;17.53;54.7;3.31
0.0;0.0;0.0;16.27;58.6;3.24
0.0;0.0;0.0;15.07;67.45;2.9
0.0;0.0;0.0;14.11;77.65;3.31
0.0;0.0;0.0;13.56;83.35;3.52
0.0;0.0;0.0;13.08;89.4;3.52
0.0;0.0;0.0;12.59;89.4;3.24
0.0;0.0;0.0;12.04;92.6;3.03
0.0;0.0;0.0;11.49;95.9;2.9
0.0;0.0;0.0;11.05;92.55;2.69
4.0;0.0;4.0;10.74;92.5;2.76
178.0;447.11;74.0;11.29;89.3;2.83
277.0;307.65;159.0;12.65;80.3;2.97
348.0;191.76;247.0;14.05;69.75;3.31
407.0;139.51;316.0;15.25;67.45;4.55
686.0;577.33;252.0;16.05;62.85;4.76
724.0;505.92;310.0;16.59;58.7;4.48
604.0;218.31;419.0;18.08;56.85;4.55
757.0;542.32;303.0;18.85;53.15;4.34
227.0;0.0;227.0;18.97;55.05;4.34
286.0;12.79;277.0;19.13;53.25;3.93
54.0;0.0;54.0;18.63;53.15;4.0
45.0;0.0;45.0;17.03;63.05;3.59
133.0;39.29;121.0;17.65;56.85;2.83
72.0;90.65;58.0;17.29;58.8;2.69
0.0;0.0;0.0;16.16;56.5;2.76
0.0;0.0;0.0;15.22;58.35;2.83
0.0;0.0;0.0;14.41;60.3;2.83
0.0;0.0;0.0;13.9;62.45;3.1
0.0;0.0;0.0;13.78;62.45;3.52
0.0;0.0;0.0;13.87;62.45;3.93
0.0;0.0;0.0;13.89;67.15;4.14
0.0;0.0;0.0;13.25;74.75;4.21
0.0;0.0;0.0;12.49;86.2;4.0
49.0;230.18;29.0;12.4;86.2;4.14
55.0;0.0;55.0;12.83;86.25;4.76
350.0;653.0;98.0;13.61;80.4;5.31
467.0;565.35;168.0;13.75;69.65;5.93
563.0;486.0;245.0;14.29;62.55;6.28
642.0;451.12;302.0;15.12;54.25;6.69
275.0;1.22;274.0;15.98;50.5;6.9
116.0;0.0;116.0;16.17;48.8;7.52
514.0;114.41;418.0;14.79;60.4;6.76
241.0;0.0;241.0;14.97;62.65;5.79
295.0;15.58;284.0;16.59;52.65;6.76
276.0;35.47;255.0;17.21;54.7;7.38
430.0;714.26;104.0;17.14;52.75;7.17
143.0;55.17;126.0;16.93;54.6;6.28
51.0;19.06;48.0;16.47;56.5;5.52
0.0;0.0;0.0;15.74;58.45;4.9
0.0;0.0;0.0;14.34;64.85;4.14
0.0;0.0;0.0;13.69;67.15;4.0
0.0;0.0;0.0;13.06;69.55;3.66
0.0;0.0;0.0;12.34;74.6;3.31
0.0;0.0;0.0;11.73;80.15;3.1
0.0;0.0;0.0;11.18;83.05;2.97
0.0;0.0;0.0;10.79;86.05;2.83
0.0;0.0;0.0;10.44;89.2;2.69
27.0;22.34;25.0;10.03;89.2;2.55
185.0;467.16;74.0;10.73;86.05;2.21
343.0;613.14;105.0;12.84;80.3;2.21
508.0;730.74;120.0;14.88;69.85;2.48
655.0;795.41;133.0;16.77;65.35;2.34
754.0;782.23;163.0;18.29;56.95;2.41
818.0;761.56;192.0;19.56;49.55;3.17
818.0;667.34;250.0;20.27;44.6;3.45
740.0;489.92;328.0;20.71;41.55;3.31
664.0;419.11;332.0;20.76;43.1;3.38
712.0;807.85;140.0;21.03;44.7;3.72
527.0;558.55;195.0;21.08;46.35;3.66
411.0;621.04;126.0;20.83;48.05;2.83
256.0;527.6;92.0;20.75;51.65;2.07
92.0;193.41;61.0;20.06;57.3;1.72
0.0;0.0;0.0;18.49;59.05;2.48
0.0;0.0;0.0;17.28;60.95;2.76
0.0;0.0;0.0;16.59;65.35;2.97
0.0;0.0;0.0;16.32;70.1;3.03
0.0;0.0;0.0;15.92;75.15;3.1
0.0;0.0;0.0;15.53;77.8;3.03
0.0;0.0;0.0;15.06;83.45;2.97
0.0;0.0;0.0;14.59;83.45;2.83
0.0;0.0;0.0;14.06;86.4;2.69
4.0;0.0;4.0;13.9;86.35;2.62
94.0;29.17;87.0;14.76;83.45;2.41
45.0;0.0;45.0;16.66;78.0;2.14
71.0;0.0;71.0;18.61;70.55;2.69
178.0;0.0;178.0;20.61;70.7;2.76
726.0;707.76;190.0;22.09;66.25;3.03
757.0;596.06;266.0;23.06;62.05;3.93
177.0;0.0;177.0;20.77;70.8;4.9
548.0;154.25;418.0;21.69;66.25;4.41
798.0;812.26;153.0;22.6;59.8;4.07
717.0;830.84;127.0;22.66;55.9;4.55
585.0;782.72;118.0;22.41;53.85;4.62
126.0;0.0;126.0;21.91;51.9;4.21
224.0;334.95;119.0;21.56;51.75;3.86
75.0;85.84;61.0;20.67;53.5;2.69
0.0;0.0;0.0;19.16;57.2;2.14
0.0;0.0;0.0;17.11;60.95;2.14
0.0;0.0;0.0;15.57;67.55;2.07
0.0;0.0;0.0;14.49;74.95;2.21
0.0;0.0;0.0;13.53;77.5;2.48
0.0;0.0;0.0;13.09;74.75;2.69
0.0;0.0;0.0;13.1;72.1;2.83
0.0;0.0;0.0;12.97;72.05;2.41
0.0;0.0;0.0;12.49;71.95;2.21
5.0;0.0;5.0;12.26;74.6;1.86
17.0;0.0;17.0;12.65;74.7;1.66
47.0;0.0;47.0;13.76;72.2;1.59
116.0;0.0;116.0;14.82;64.95;2.28
163.0;0.0;163.0;14.96;67.35;2.97
263.0;2.63;261.0;15.2;60.5;2.97
281.0;1.21;280.0;15.49;58.35;2.9
457.0;58.51;407.0;15.37;56.25;2.9
349.0;11.84;339.0;15.45;54.25;3.1
203.0;0.0;203.0;15.71;50.5;3.1
224.0;1.4;223.0;15.83;48.65;2.97
197.0;1.67;196.0;16.11;45.3;2.9
255.0;94.88;211.0;16.2;45.3;2.83
136.0;37.97;124.0;15.98;45.15;2.34
62.0;36.17;56.0;15.37;54.25;1.24
0.0;0.0;0.0;14.24;64.85;0.97
0.0;0.0;0.0;12.39;71.95;1.38
0.0;0.0;0.0;11.34;74.45;1.52
0.0;0.0;0.0;10.4;77.1;1.66
0.0;0.0;0.0;9.88;79.9;1.72
0.0;0.0;0.0;9.58;79.9;1.59
0.0;0.0;0.0;9.29;79.9;1.52
0.0;0.0;0.0;9.23;79.9;1.24
0.0;0.0;0.0;9.06;79.9;1.24
19.0;0.0;19.0;8.53;82.85;1.38
165.0;278.28;97.0;9.38;82.9;1.45
322.0;461.49;140.0;12.16;69.35;1.72
499.0;663.32;143.0;13.78;62.45;2.34
651.0;763.27;146.0;15.21;56.25;3.38
590.0;311.58;353.0;16.31;50.6;3.66
306.0;4.84;302.0;17.01;47.15;4.07
896.0;872.46;149.0;17.45;43.9;4.55
870.0;834.29;164.0;17.61;42.45;4.69
432.0;63.93;381.0;17.73;42.45;4.76
265.0;5.6;261.0;17.82;40.9;5.1
253.0;18.3;242.0;17.57;40.75;5.03
251.0;83.68;212.0;17.13;40.75;4.69
77.0;0.0;77.0;16.53;45.3;4.0
28.0;0.0;28.0;15.74;48.65;3.03
0.0;0.0;0.0;14.8;54.1;2.28
0.0;0.0;0.0;12.73;64.55;1.79
0.0;0.0;0.0;12.01;69.25;1.79
0.0;0.0;0.0;11.2;71.75;2.14
0.0;0.0;0.0;10.31;77.1;2.48
0.0;0.0;0.0;10.14;77.1;2.76
0.0;0.0;0.0;10.48;77.1;3.1
0.0;0.0;0.0;10.47;77.1;3.38
0.0;0.0;0.0;10.26;77.1;3.31
5.0;0.0;5.0;10.31;77.1;3.17
166.0;275.97;98.0;10.61;77.15;2.97
83.0;0.0;83.0;11.48;77.2;2.97
167.0;1.86;166.0;12.61;66.95;3.93
264.0;10.55;257.0;12.85;66.95;3.66
524.0;192.86;377.0;13.65;60.2;3.93
358.0;15.69;345.0;14.17;62.55;3.66
97.0;0.0;97.0;13.73;69.65;3.66
491.0;86.1;418.0;12.24;77.35;4.69
171.0;0.0;171.0;11.33;86.1;5.38
725.0;817.01;140.0;11.46;83.05;5.31
72.0;0.0;72.0;12.93;69.45;5.79
419.0;610.65;133.0;13.53;60.05;5.86
139.0;37.38;127.0;13.3;53.7;5.52
31.0;0.0;31.0;12.59;49.7;4.62
3.0;0.0;3.0;11.69;51.35;4.14
0.0;0.0;0.0;10.43;61.65;3.38
0.0;0.0;0.0;9.8;63.9;2.83
0.0;0.0;0.0;8.92;66.25;2.48
0.0;0.0;0.0;8.02;71.35;2.28
0.0;0.0;0.0;7.15;76.7;2.14
0.0;0.0;0.0;6.24;82.55;2.28
0.0;0.0;0.0;5.61;85.65;2.34
0.0;0.0;0.0;4.94;88.85;2.28
26.0;9.88;25.0;4.43;92.2;2.07
209.0;555.67;71.0;5.49;88.9;1.59
360.0;635.64;107.0;8.4;76.85;1.93
413.0;322.19;239.0;10.06;69.0;2.55
659.0;765.67;150.0;10.73;64.1;2.69
776.0;805.32;161.0;12.13;53.5;3.1
856.0;828.91;168.0;13.56;42.95;4.14
683.0;322.37;406.0;14.31;39.95;4.28
578.0;173.05;431.0;14.73;38.55;4.48
439.0;64.9;387.0;14.99;41.65;4.48
721.0;785.64;157.0;15.06;43.25;4.41
139.0;0.0;139.0;15.14;41.75;4.62
68.0;0.0;68.0;14.92;44.9;4.34
166.0;80.38;140.0;14.65;44.9;3.66
43.0;0.0;43.0;14.28;48.25;2.97
3.0;0.0;3.0;13.38;53.7;2.76
0.0;0.0;0.0;11.52;71.75;2.76
0.0;0.0;0.0;10.7;74.4;2.48
0.0;0.0;0.0;10.01;82.9;2.28
0.0;0.0;0.0;9.28;82.9;2.07
0.0;0.0;0.0;8.92;85.95;2.0
0.0;0.0;0.0;8.23;89.1;1.93
0.0;0.0;0.0;8.01;89.1;2.0
0.0;0.0;0.0;7.79;92.4;1.86
5.0;0.0;5.0;8.17;89.1;1.66
17.0;0.0;17.0;9.16;89.15;1.66
70.0;0.0;70.0;10.03;86.0;2.14
140.0;0.0;140.0;11.13;86.1;2.62
246.0;6.0;242.0;13.07;77.5;3.17
236.0;0.0;236.0;14.36;69.75;3.45
237.0;0.0;237.0;13.66;74.85;3.93
271.0;0.0;271.0;13.3;80.35;3.86
163.0;0.0;163.0;13.76;83.35;3.86
140.0;0.0;140.0;13.95;86.35;3.93
74.0;0.0;74.0;13.45;89.4;5.17
195.0;1.65;194.0;13.42;89.4;5.24
425.0;628.26;128.0;13.35;83.25;6.28
279.0;580.11;90.0;13.93;69.65;5.17
123.0;368.72;58.0;13.76;60.2;5.93
3.0;0.0;3.0;12.97;55.65;5.93
0.0;0.0;0.0;11.98;64.35;5.38
0.0;0.0;0.0;11.33;66.65;6.41
0.0;0.0;0.0;10.7;71.7;6.41
0.0;0.0;0.0;9.87;74.2;6.76
0.0;0.0;0.0;9.48;74.2;7.1
0.0;0.0;0.0;9.19;74.2;7.1
0.0;0.0;0.0;8.81;79.85;7.38
0.0;0.0;0.0;8.49;85.9;7.52
61.0;237.68;36.0;8.23;85.9;8.0
18.0;0.0;18.0;8.24;85.9;7.93
55.0;0.0;55.0;8.5;82.85;8.0
116.0;0.0;116.0;9.16;82.9;7.79
242.0;4.49;239.0;10.75;74.4;7.66
624.0;373.18;338.0;11.88;66.75;7.1
670.0;348.25;380.0;12.47;66.85;6.62
351.0;10.44;342.0;13.3;67.05;6.07
165.0;0.0;165.0;14.25;67.25;5.79
396.0;37.29;366.0;14.82;64.95;5.52
280.0;8.32;274.0;15.12;62.75;5.1
146.0;0.0;146.0;15.11;60.5;4.9
335.0;256.93;213.0;14.45;62.55;4.83
261.0;454.16;112.0;13.14;64.65;4.28
112.0;251.79;67.0;12.83;66.95;2.97
8.0;0.0;8.0;12.33;66.85;2.28
0.0;0.0;0.0;11.39;66.65;2.14
0.0;0.0;0.0;10.21;71.6;1.93
0.0;0.0;0.0;9.16;77.0;1.66
0.0;0.0;0.0;7.82;82.7;1.72
0.0;0.0;0.0;6.77;85.75;1.86
0.0;0.0;0.0;6.41;88.95;2.0
0.0;0.0;0.0;6.68;85.75;2.0
0.0;0.0;0.0;6.84;85.75;2.14
11.0;0.0;11.0;7.09;82.65;2.0
31.0;0.0;31.0;8.12;82.75;1.59
44.0;0.0;44.0;9.78;79.9;1.45
58.0;0.0;58.0;11.26;71.75;1.52
95.0;0.0;95.0;10.77;80.05;1.1
183.0;0.0;183.0;11.18;80.1;1.24
230.0;0.0;230.0;11.44;83.05;1.52
156.0;0.0;156.0;11.83;83.1;1.59
508.0;98.38;424.0;12.25;83.15;1.52
399.0;39.7;367.0;13.24;83.25;1.45
288.0;9.68;281.0;14.0;80.4;1.59
229.0;8.18;224.0;14.04;74.85;1.59
172.0;8.39;168.0;14.03;74.85;1.1
169.0;81.74;142.0;12.58;80.3;0.83
33.0;0.0;33.0;12.44;83.15;1.24
2.0;0.0;2.0;11.53;86.15;1.45
0.0;0.0;0.0;10.78;89.25;1.31
0.0;0.0;0.0;9.7;92.45;1.86
0.0;0.0;0.0;9.07;92.45;1.93
0.0;0.0;0.0;8.9;92.45;2.0
0.0;0.0;0.0;8.93;95.85;2.14
0.0;0.0;0.0;8.69;92.45;2.07
0.0;0.0;0.0;8.38;95.85;2.14
0.0;0.0;0.0;8.14;92.4;2.21
6.0;0.0;6.0;8.18;92.4;2.41
18.0;0.0;18.0;8.58;92.45;2.69
32.0;0.0;32.0;9.12;92.45;2.69
64.0;0.0;64.0;9.63;92.45;2.97
111.0;0.0;111.0;9.78;95.85;3.66
124.0;0.0;124.0;10.48;95.9;4.14
170.0;0.0;170.0;11.02;89.3;4.28
178.0;0.0;178.0;11.72;92.55;4.41
170.0;0.0;170.0;12.32;89.35;4.55
336.0;13.62;325.0;13.08;80.35;4.97
475.0;165.57;355.0;13.83;74.85;5.03
299.0;44.07;272.0;14.31;69.75;4.97
284.0;129.47;222.0;14.47;64.85;4.76
87.0;0.0;87.0;10.77;66.17;3.84
89.0;92.7;72.0;11.07;67.85;3.69
4.0;0.0;4.0;11.37;69.54;3.53
0.0;0.0;0.0;11.67;71.23;3.38
0.0;0.0;0.0;11.97;72.92;3.22
0.0;0.0;0.0;12.27;74.6;3.06
0.0;0.0;0.0;12.57;76.29;2.91
0.0;0.0;0.0;12.87;77.98;2.75
0.0;0.0;0.0;13.17;79.67;2.6
0.0;0.0;0.0;13.47;81.35;2.44
0.0;0.0;0.0;13.77;83.04;2.29
32.0;9.06;31.0;14.07;84.73;2.13
173.0;288.4;99.0;14.37;86.41;1.98
346.0;564.73;117.0;14.67;88.1;1.82
501.0;658.22;141.0;14.98;89.79;1.67
543.0;400.76;274.0;15.28;91.48;1.51
436.0;85.72;370.0;20.11;68.3;2.21
609.0;248.72;401.0;20.75;66.05;2.55
733.0;440.05;352.0;21.15;63.9;2.62
804.0;638.67;257.0;21.74;61.85;2.83
810.0;808.5;156.0;21.91;57.75;2.9
713.0;777.86;148.0;21.97;57.75;2.76
568.0;662.39;161.0;22.08;57.75;2.62
429.0;632.27;125.0;21.99;55.8;2.48
284.0;576.91;91.0;21.47;57.65;2.41
127.0;350.17;62.0;20.73;63.8;2.07
12.0;22.63;11.0;19.45;68.2;2.07
0.0;0.0;0.0;18.51;72.95;1.93
0.0;0.0;0.0;16.68;83.6;1.86
0.0;0.0;0.0;15.52;86.5;1.59
0.0;0.0;0.0;15.22;83.5;1.31
0.0;0.0;0.0;14.86;80.6;1.24
0.0;0.0;0.0;15.25;80.6;0.9
0.0;0.0;0.0;15.25;83.5;0.55
0.0;0.0;0.0;14.99;80.6;0.62
42.0;44.71;37.0;13.82;86.4;1.1
192.0;410.96;86.0;14.98;83.5;0.69
353.0;602.38;108.0;17.79;80.85;0.62
508.0;691.55;129.0;20.07;68.3;1.24
645.0;739.28;148.0;21.52;61.85;1.24
741.0;719.88;186.0;22.54;57.9;1.03
689.0;403.65;351.0;23.38;56.0;1.1
553.0;141.88;430.0;24.22;54.35;1.45
811.0;659.9;245.0;24.62;52.6;1.72
785.0;731.85;192.0;24.93;49.2;2.0
558.0;322.85;323.0;25.18;49.2;2.21
434.0;246.7;282.0;25.24;49.2;2.21
39.0;0.0;39.0;24.33;52.5;3.24
273.0;514.02;100.0;22.38;64.1;2.69
111.0;207.69;72.0;21.98;64.1;1.52
2.0;0.0;2.0;20.79;78.5;1.1
0.0;0.0;0.0;18.27;89.75;1.31
0.0;0.0;0.0;16.82;92.8;1.52
0.0;0.0;0.0;15.74;96.0;1.52
0.0;0.0;0.0;15.5;96.0;1.24
0.0;0.0;0.0;16.11;96.0;0.9
0.0;0.0;0.0;14.74;96.0;1.03
0.0;0.0;0.0;13.18;99.4;1.38
0.0;0.0;0.0;12.32;99.4;1.59
57.0;141.31;41.0;12.24;99.4;1.52
214.0;547.88;72.0;14.1;99.35;1.31
377.0;693.9;94.0;16.0;92.75;1.38
529.0;754.0;115.0;17.63;86.65;1.52
668.0;796.14;132.0;19.81;68.2;1.66
785.0;836.88;139.0;21.5;59.7;1.59
860.0;850.49;147.0;22.72;52.1;1.93
891.0;847.92;155.0;23.54;47.15;2.34
875.0;833.65;159.0;24.1;44.05;2.62
832.0;851.42;141.0;24.44;42.65;2.69
729.0;807.57;140.0;24.63;42.65;2.69
599.0;757.55;131.0;24.59;42.65;2.69
444.0;674.96;117.0;24.34;44.05;2.69
291.0;590.8;91.0;23.81;47.15;2.55
139.0;421.36;59.0;22.82;54.0;2.21
13.0;20.56;12.0;21.2;59.6;2.34
0.0;0.0;0.0;19.8;61.4;2.69
0.0;0.0;0.0;18.56;65.65;2.69
0.0;0.0;0.0;17.54;70.3;2.55
0.0;0.0;0.0;16.6;75.25;2.48
0.0;0.0;0.0;15.82;80.6;2.41
0.0;0.0;0.0;15.26;80.6;2.41
0.0;0.0;0.0;14.87;80.6;2.48
0.0;0.0;0.0;14.53;80.55;2.48
28.0;0.0;28.0;14.45;80.55;2.34
194.0;407.18;88.0;15.62;83.5;2.07
359.0;618.78;106.0;17.92;72.9;2.41
515.0;707.26;126.0;19.95;65.95;2.55
664.0;787.67;133.0;22.26;61.95;2.55
776.0;817.8;144.0;24.11;58.2;2.48
841.0;806.66;164.0;25.75;52.85;2.62
826.0;666.28;247.0;26.67;47.75;3.31
772.0;544.19;304.0;26.21;47.65;3.66
776.0;688.94;216.0;26.34;49.3;3.66
315.0;19.16;301.0;26.41;49.3;3.52
59.0;0.0;59.0;26.32;51.05;3.38
415.0;538.85;153.0;25.56;51.05;3.31
199.0;149.82;148.0;25.18;52.75;3.17
69.0;20.85;65.0;24.43;54.45;2.76
5.0;0.0;5.0;23.23;60.05;2.62
0.0;0.0;0.0;22.69;59.95;3.17
0.0;0.0;0.0;21.78;64.0;2.83
0.0;0.0;0.0;20.54;70.8;2.48
0.0;0.0;0.0;19.38;75.7;2.34
0.0;0.0;0.0;18.34;83.75;2.34
0.0;0.0;0.0;17.57;83.7;2.28
0.0;0.0;0.0;16.84;86.6;2.21
0.0;0.0;0.0;16.31;92.75;2.28
11.0;0.0;11.0;16.23;92.75;2.34
176.0;286.94;101.0;17.51;86.65;2.28
342.0;534.4;123.0;19.64;78.35;2.83
502.0;662.59;137.0;21.4;71.0;3.45
363.0;74.08;313.0;22.55;68.75;3.86
761.0;785.92;153.0;23.67;64.4;4.62
843.0;820.12;154.0;24.13;62.35;5.1
873.0;819.59;160.0;24.55;60.35;5.17
858.0;802.51;167.0;25.41;54.55;5.1
790.0;741.98;186.0;25.66;51.05;4.9
664.0;606.46;220.0;26.13;47.65;4.62
543.0;557.27;197.0;26.01;47.65;4.28
437.0;647.68;121.0;25.71;47.65;4.34
277.0;511.36;102.0;25.0;50.95;4.21
132.0;345.71;65.0;24.08;58.2;3.52
7.0;0.0;7.0;23.04;64.3;3.31
0.0;0.0;0.0;22.28;66.35;3.24
0.0;0.0;0.0;21.41;71.0;3.17
0.0;0.0;0.0;20.47;78.5;3.38
0.0;0.0;0.0;19.82;83.9;3.17
0.0;0.0;0.0;19.17;89.8;3.03
0.0;0.0;0.0;18.52;92.85;2.83
0.0;0.0;0.0;17.99;92.85;2.48
0.0;0.0;0.0;17.5;96.05;2.55
35.0;17.12;33.0;17.36;96.05;2.97
184.0;331.64;97.0;18.07;92.85;3.66
333.0;479.73;136.0;19.21;86.8;4.62
502.0;661.67;137.0;20.49;78.5;4.76
672.0;818.42;119.0;21.79;68.6;4.76
656.0;464.9;296.0;23.15;62.15;5.03
795.0;675.45;227.0;24.01;58.2;5.03
806.0;620.1;266.0;24.85;58.35;5.31
774.0;559.13;292.0;24.9;58.35;5.24
605.0;278.47;378.0;25.17;56.5;4.76
574.0;354.5;314.0;25.5;54.7;4.41
589.0;729.5;135.0;25.76;56.6;4.48
438.0;647.59;121.0;25.55;56.6;4.41
81.0;0.0;81.0;25.11;58.45;4.07
18.0;0.0;18.0;24.49;58.35;3.59
2.0;0.0;2.0;23.35;64.3;2.97
0.0;0.0;0.0;22.48;59.95;2.62
0.0;0.0;0.0;21.24;68.5;2.34
0.0;0.0;0.0;20.34;73.2;2.34
0.0;0.0;0.0;19.35;81.05;2.48
0.0;0.0;0.0;18.54;83.8;2.55
0.0;0.0;0.0;17.99;86.7;2.48
0.0;0.0;0.0;17.33;92.8;2.34
0.0;0.0;0.0;16.9;92.8;2.28
20.0;0.0;20.0;16.73;96.05;2.14
185.0;338.17;96.0;17.51;92.85;2.0
350.0;573.65;114.0;19.15;83.85;2.55
493.0;621.01;150.0;20.74;75.85;2.9
632.0;688.99;166.0;22.16;68.7;3.45
763.0;792.22;149.0;23.22;64.3;3.31
822.0;761.6;181.0;24.09;62.35;3.17
827.0;680.32;234.0;25.08;58.45;3.1
755.0;512.17;313.0;25.46;51.05;3.03
736.0;579.47;263.0;25.55;49.3;2.83
599.0;415.16;294.0;26.14;49.3;2.97
575.0;678.17;152.0;26.11;49.3;3.1
413.0;527.43;154.0;25.59;47.65;3.38
208.0;173.58;148.0;24.86;50.8;3.17
140.0;389.99;63.0;24.28;54.35;2.21
15.0;17.69;14.0;23.07;58.0;2.14
0.0;0.0;0.0;21.96;59.8;2.34
0.0;0.0;0.0;20.65;66.05;2.41
0.0;0.0;0.0;19.7;73.15;2.62
0.0;0.0;0.0;19.11;78.3;2.34
0.0;0.0;0.0;18.32;86.7;2.07
0.0;0.0;0.0;17.44;89.7;2.07
0.0;0.0;0.0;16.88;92.8;2.21
0.0;0.0;0.0;16.5;96.05;2.07
29.0;8.43;28.0;16.32;99.4;1.86
180.0;306.89;99.0;17.49;92.85;1.72
340.0;516.91;127.0;19.36;86.8;1.86
503.0;667.36;134.0;21.25;75.95;2.07
648.0;748.97;141.0;23.2;66.55;2.41
745.0;736.17;174.0;24.69;60.35;2.69
741.0;528.31;296.0;26.08;54.7;2.55
803.0;615.54;266.0;27.05;51.3;2.07
758.0;522.07;307.0;27.49;49.7;1.66
764.0;661.94;223.0;27.98;44.95;1.38
707.0;748.8;156.0;28.11;43.4;1.17
561.0;617.52;175.0;27.93;44.8;1.24
295.0;144.15;224.0;26.86;47.75;1.52
72.0;0.0;72.0;25.39;52.75;1.24
146.0;421.82;62.0;24.24;62.35;0.34
2.0;0.0;2.0;23.35;71.25;0.69
0.0;0.0;0.0;21.73;78.65;2.69
0.0;0.0;0.0;20.14;89.85;3.1
0.0;0.0;0.0;19.69;89.85;2.55
0.0;0.0;0.0;19.27;92.9;2.48
0.0;0.0;0.0;18.99;92.9;2.76
0.0;0.0;0.0;18.78;92.85;3.03
0.0;0.0;0.0;18.49;92.85;3.38
0.0;0.0;0.0;17.99;92.85;3.52
23.0;0.0;23.0;17.41;89.7;3.45
178.0;272.11;106.0;17.23;83.65;3.38
349.0;538.01;127.0;17.45;75.4;3.52
523.0;715.52;127.0;18.65;65.65;3.59
675.0;807.45;128.0;19.69;59.25;3.72
789.0;837.44;139.0;21.12;49.95;3.93
864.0;850.63;147.0;22.51;46.85;3.72
905.0;871.6;144.0;23.48;43.9;3.17
899.0;880.08;138.0;24.31;41.0;2.9
852.0;887.24;126.0;24.98;38.45;3.03
749.0;842.64;128.0;25.35;37.1;3.03
624.0;814.24;114.0;25.43;34.65;3.03
467.0;726.79;108.0;25.23;35.8;3.1
301.0;599.21;92.0;24.73;35.65;3.1
152.0;453.28;61.0;23.88;39.45;2.69
22.0;83.41;17.0;22.3;43.5;2.41
0.0;0.0;0.0;20.67;51.65;2.48
0.0;0.0;0.0;19.18;57.1;2.55
0.0;0.0;0.0;17.89;61.05;2.48
0.0;0.0;0.0;16.65;67.65;2.34
0.0;0.0;0.0;15.43;75.1;2.14
0.0;0.0;0.0;14.39;75.0;2.14
0.0;0.0;0.0;13.6;80.4;2.21
0.0;0.0;0.0;13.18;80.35;2.41
47.0;49.95;41.0;13.35;77.6;2.55
201.0;426.15;88.0;15.16;72.45;2.48
363.0;617.26;108.0;17.77;63.2;2.97
518.0;702.32;129.0;20.13;55.3;3.38
655.0;749.4;147.0;22.63;57.9;3.24
769.0;786.72;158.0;24.52;54.45;3.72
843.0;794.36;173.0;25.93;52.85;3.66
859.0;743.92;209.0;27.02;46.25;3.72
854.0;755.66;200.0;27.95;41.95;4.0
805.0;755.63;186.0;28.48;40.65;4.07
634.0;485.07;276.0;28.73;40.65;4.07
580.0;658.1;167.0;28.69;40.65;4.14
442.0;619.83;135.0;28.51;40.65;4.28
290.0;533.91;103.0;27.98;41.95;4.48
145.0;385.57;67.0;27.08;46.25;4.21
27.0;130.02;19.0;25.9;51.05;3.86
0.0;0.0;0.0;25.04;56.5;3.66
0.0;0.0;0.0;24.11;60.25;3.52
0.0;0.0;0.0;23.19;66.55;3.24
0.0;0.0;0.0;22.45;68.75;3.24
0.0;0.0;0.0;21.87;73.45;3.1
0.0;0.0;0.0;21.27;75.95;2.9
0.0;0.0;0.0;20.61;78.5;2.62
0.0;0.0;0.0;19.86;83.9;2.55
47.0;49.72;41.0;19.6;83.9;2.55
198.0;406.58;90.0;20.63;81.2;2.48
358.0;594.91;112.0;22.7;73.6;2.83
516.0;701.86;127.0;24.92;62.55;3.17
660.0;772.6;136.0;26.64;60.7;4.14
771.0;801.76;148.0;28.05;51.55;4.41
836.0;785.62;173.0;29.3;45.2;4.41
871.0;794.9;176.0;30.06;39.65;4.28
800.0;610.73;271.0;30.57;37.1;4.07
679.0;417.05;337.0;30.59;37.1;3.86
714.0;748.27;161.0;30.83;37.1;3.72
609.0;768.23;126.0;30.55;37.1;3.66
451.0;666.56;120.0;30.02;36.95;3.66
296.0;571.62;95.0;29.34;40.75;3.59
141.0;358.28;68.0;28.72;42.05;3.24
20.0;31.74;18.0;27.58;46.4;2.76
0.0;0.0;0.0;26.71;44.55;2.9
0.0;0.0;0.0;25.32;49.2;2.83
0.0;0.0;0.0;24.43;50.8;2.83
0.0;0.0;0.0;23.26;58.0;2.83
0.0;0.0;0.0;22.31;61.95;2.76
0.0;0.0;0.0;21.41;64.0;2.62
0.0;0.0;0.0;20.66;70.8;2.48
0.0;0.0;0.0;19.93;73.2;2.41
45.0;41.27;40.0;19.51;78.35;2.28
194.0;379.7;93.0;20.73;75.85;1.93
357.0;592.05;112.0;23.49;62.25;2.21
515.0;699.71;127.0;25.9;54.7;2.34
655.0;759.01;140.0;27.92;56.95;2.48
0.0;0.0;0.0;29.56;46.9;2.9
844.0;811.29;159.0;30.61;39.75;3.31
874.0;808.14;167.0;31.56;34.9;3.52
865.0;805.23;167.0;32.12;33.8;3.86
807.0;774.82;171.0;32.31;32.65;3.86
709.0;731.09;168.0;30.69;35.85;3.86
592.0;712.92;143.0;29.55;38.15;3.31
441.0;620.75;132.0;29.15;42.2;1.79
284.0;493.01;110.0;29.1;42.2;2.41
142.0;355.88;69.0;27.9;44.8;3.72
23.0;46.57;20.0;26.75;47.75;3.1
0.0;0.0;0.0;26.3;49.3;3.59
0.0;0.0;0.0;25.28;49.2;3.38
0.0;0.0;0.0;24.17;54.35;2.97
0.0;0.0;0.0;23.14;58.0;2.76
0.0;0.0;0.0;22.16;61.95;2.76
0.0;0.0;0.0;21.34;68.5;2.76
0.0;0.0;0.0;20.66;73.3;2.69
0.0;0.0;0.0;20.12;75.75;2.55
25.0;0.0;25.0;19.83;81.1;2.48
176.0;266.64;105.0;20.86;78.5;2.28
340.0;502.38;132.0;23.29;64.3;2.62
503.0;650.79;142.0;25.72;54.7;2.76
644.0;721.94;154.0;27.6;55.05;3.1
761.0;774.15;159.0;29.34;46.75;3.17
843.0;810.96;158.0;30.76;41.15;3.24
869.0;791.72;176.0;31.9;34.9;3.66
869.0;817.36;160.0;32.63;30.6;4.07
824.0;824.03;147.0;33.15;28.65;4.28
714.0;745.07;162.0;33.16;28.65;4.41
596.0;724.45;139.0;32.45;30.45;4.14
437.0;595.28;140.0;31.8;31.4;4.07
283.0;482.82;112.0;30.35;34.5;3.59
141.0;339.12;71.0;29.39;39.35;2.69
31.0;152.13;21.0;27.71;46.4;2.0
0.0;0.0;0.0;27.15;47.9;1.38
0.0;0.0;0.0;24.82;54.45;2.14
0.0;0.0;0.0;24.17;52.5;2.76
0.0;0.0;0.0;23.7;56.15;2.9
0.0;0.0;0.0;23.23;60.05;2.83
0.0;0.0;0.0;22.47;64.2;2.69
0.0;0.0;0.0;21.66;68.6;2.62
0.0;0.0;0.0;21.13;70.9;2.55
7.0;0.0;7.0;20.71;73.3;2.48
30.0;0.0;30.0;21.75;71.0;2.69
71.0;0.0;71.0;23.13;66.55;2.62
64.0;0.0;64.0;25.0;60.45;2.21
611.0;606.9;199.0;24.38;66.75;0.76
714.0;627.39;226.0;25.99;60.6;1.38
829.0;775.18;174.0;27.83;53.2;2.34
879.0;825.61;156.0;29.28;48.4;2.41
874.0;834.13;150.0;30.33;43.95;2.41
833.0;851.32;133.0;31.04;39.9;2.55
718.0;765.81;150.0;31.29;38.55;2.97
609.0;767.67;124.0;31.42;38.55;3.17
454.0;676.01;116.0;30.42;36.95;3.66
297.0;560.06;98.0;29.76;36.85;3.93
146.0;375.69;68.0;28.98;39.35;2.9
22.0;44.81;19.0;27.51;49.7;1.79
0.0;0.0;0.0;24.97;66.95;0.62
0.0;0.0;0.0;23.99;69.05;0.9
0.0;0.0;0.0;24.11;66.75;0.83
0.0;0.0;0.0;21.51;78.65;1.52
0.0;0.0;0.0;20.53;81.2;2.0
0.0;0.0;0.0;20.32;81.15;2.28
0.0;0.0;0.0;20.13;81.15;2.48
0.0;0.0;0.0;19.93;81.15;2.62
30.0;0.0;30.0;19.8;83.9;2.55
169.0;232.6;107.0;20.69;78.5;2.41
325.0;439.39;143.0;22.36;73.55;2.69
478.0;555.09;170.0;24.37;64.5;2.69
620.0;643.66;183.0;26.61;64.95;1.03
741.0;719.83;181.0;28.38;59.0;1.24
821.0;757.22;181.0;29.59;51.9;1.38
852.0;752.23;193.0;30.59;47.15;1.24
843.0;749.61;192.0;31.51;44.3;0.9
809.0;791.12;158.0;31.95;41.4;0.9
679.0;635.72;207.0;32.16;38.8;1.45
578.0;662.27;159.0;29.56;48.5;3.66
421.0;526.96;157.0;27.98;57.05;4.48
281.0;468.59;114.0;27.46;60.9;3.66
143.0;344.94;71.0;27.17;62.9;3.66
9.0;0.0;9.0;26.4;69.3;3.52
0.0;0.0;0.0;27.16;54.95;3.1
0.0;0.0;0.0;26.17;60.6;2.9
0.0;0.0;0.0;25.16;62.55;3.45
0.0;0.0;0.0;24.35;66.75;3.03
0.0;0.0;0.0;23.45;68.95;2.83
0.0;0.0;0.0;22.85;73.6;2.48
0.0;0.0;0.0;22.28;76.1;2.28
0.0;0.0;0.0;21.68;78.65;1.86
29.0;0.0;29.0;20.97;84.05;1.59
113.0;41.27;102.0;21.99;78.7;2.41
279.0;248.69;176.0;23.19;73.7;2.97
445.0;428.97;207.0;25.08;64.7;2.41
567.0;466.91;250.0;26.33;62.65;1.17
593.0;317.47;346.0;27.83;56.95;2.0
773.0;608.02;259.0;29.1;51.8;2.97
771.0;523.77;312.0;29.83;46.9;4.07
758.0;511.01;314.0;30.31;42.45;4.34
691.0;450.55;320.0;29.24;43.65;4.0
649.0;535.55;251.0;28.98;42.2;4.62
560.0;587.22;188.0;28.32;46.5;4.69
373.0;334.72;205.0;28.22;48.15;3.86
235.0;240.64;149.0;27.81;49.7;3.24
112.0;138.25;83.0;27.4;47.9;3.24
31.0;130.23;22.0;26.66;47.75;3.03
0.0;0.0;0.0;24.13;54.35;3.79
0.0;0.0;0.0;22.99;58.0;3.52
0.0;0.0;0.0;21.96;61.95;3.72
0.0;0.0;0.0;20.9;66.15;3.72
0.0;0.0;0.0;19.86;73.15;3.72
0.0;0.0;0.0;19.03;75.65;3.52
0.0;0.0;0.0;18.51;78.25;3.31
0.0;0.0;0.0;18.17;78.15;3.1
29.0;0.0;29.0;17.98;78.15;2.97
91.0;11.26;88.0;18.4;75.55;3.66
192.0;48.3;172.0;18.97;73.05;3.86
286.0;68.51;248.0;19.53;68.2;3.86
378.0;88.38;318.0;19.71;70.65;2.9
291.0;6.43;286.0;20.87;63.8;3.24
274.0;1.18;273.0;21.44;57.65;3.38
339.0;7.99;332.0;22.08;52.0;3.59
255.0;0.0;255.0;23.5;45.5;3.79
346.0;15.78;333.0;24.5;41.15;4.0
410.0;79.32;351.0;24.59;42.65;4.41
360.0;99.33;297.0;24.35;45.6;4.62
365.0;302.33;213.0;24.08;47.25;4.55
202.0;128.38;156.0;23.54;48.8;4.28
102.0;90.17;83.0;23.07;50.45;4.0
21.0;28.55;19.0;22.54;52.1;3.38
0.0;0.0;0.0;21.26;57.55;2.0
0.0;0.0;0.0;20.07;63.7;1.66
0.0;0.0;0.0;18.97;68.1;1.86
0.0;0.0;0.0;18.31;72.9;2.21
0.0;0.0;0.0;17.67;75.4;2.62
0.0;0.0;0.0;17.31;75.3;2.62
0.0;0.0;0.0;16.58;77.95;2.41
0.0;0.0;0.0;15.99;80.65;2.28
7.0;0.0;7.0;15.51;83.5;2.21
184.0;307.97;102.0;16.33;77.95;2.14
333.0;456.71;144.0;17.94;70.35;2.41
485.0;562.66;173.0;19.67;65.85;2.28
658.0;758.8;143.0;21.38;61.85;1.72
747.0;712.12;193.0;23.05;56.0;2.07
819.0;719.09;211.0;24.18;48.95;2.48
734.0;420.87;365.0;24.68;45.75;2.76
731.0;430.11;357.0;25.53;41.4;2.69
704.0;460.94;324.0;25.56;39.95;2.48
590.0;361.38;321.0;25.67;39.95;2.34
542.0;496.11;227.0;25.78;39.95;2.34
422.0;498.48;171.0;25.99;38.55;2.41
254.0;303.51;145.0;25.93;38.55;2.55
163.0;472.68;63.0;25.39;39.85;2.62
25.0;56.43;21.0;24.54;41.15;2.34
0.0;0.0;0.0;23.3;48.7;2.76
0.0;0.0;0.0;22.08;53.85;2.69
0.0;0.0;0.0;21.07;59.6;2.69
0.0;0.0;0.0;20.34;65.95;2.69
0.0;0.0;0.0;19.67;68.2;2.62
0.0;0.0;0.0;19.19;70.55;2.62
0.0;0.0;0.0;18.79;72.95;2.62
0.0;0.0;0.0;18.69;72.95;2.48
7.0;0.0;7.0;18.56;72.95;2.41
52.0;0.0;52.0;18.92;70.55;2.28
108.0;0.0;108.0;20.04;65.95;2.62
75.0;0.0;75.0;20.81;66.05;2.76
116.0;0.0;116.0;24.19;56.25;3.24
153.0;0.0;153.0;25.66;47.65;3.86
332.0;9.46;324.0;26.78;44.55;4.21
261.0;0.0;261.0;27.56;41.8;4.14
591.0;194.3;422.0;28.1;40.5;4.07
667.0;392.83;343.0;28.35;41.95;4.14
83.0;0.0;83.0;28.48;40.65;4.21
64.0;0.0;64.0;28.25;41.95;4.55
58.0;0.0;58.0;26.11;52.85;3.17
162.0;47.24;145.0;24.61;60.35;2.69
33.0;0.0;33.0;22.68;76.15;2.69
3.0;0.0;3.0;21.71;84.1;1.66
0.0;0.0;0.0;22.41;73.6;3.24
0.0;0.0;0.0;21.84;78.65;2.97
0.0;0.0;0.0;21.15;81.3;2.41
0.0;0.0;0.0;20.46;84.05;2.21
0.0;0.0;0.0;20.06;86.85;2.28
0.0;0.0;0.0;19.78;89.85;2.34
0.0;0.0;0.0;19.43;89.85;2.14
0.0;0.0;0.0;19.15;92.9;2.0
47.0;49.46;41.0;18.88;92.9;1.79
162.0;203.3;108.0;19.79;92.9;1.72
317.0;406.62;149.0;21.61;84.1;2.07
481.0;581.34;159.0;23.32;76.2;2.21
601.0;586.84;203.0;25.15;66.95;2.76
527.0;203.18;369.0;26.83;60.7;3.03
518.0;127.75;410.0;28.45;46.5;3.72
483.0;76.4;416.0;29.5;38.15;4.0
710.0;406.9;356.0;29.99;36.95;4.0
741.0;585.38;258.0;29.76;38.15;3.72
573.0;340.79;319.0;28.95;42.05;3.31
226.0;6.29;222.0;27.02;54.95;2.34
119.0;0.0;119.0;26.25;62.65;2.07
290.0;510.34;106.0;25.52;62.65;2.28
22.0;0.0;22.0;24.93;64.7;1.66
3.0;0.0;3.0;24.43;69.15;1.17
0.0;0.0;0.0;23.96;66.75;1.79
0.0;0.0;0.0;22.81;76.15;1.72
0.0;0.0;0.0;21.57;84.1;1.31
0.0;0.0;0.0;21.67;81.35;0.83
0.0;0.0;0.0;21.28;84.05;0.76
0.0;0.0;0.0;21.11;84.05;0.48
0.0;0.0;0.0;19.31;92.9;1.17
0.0;0.0;0.0;18.87;92.9;1.17
6.0;0.0;6.0;18.32;96.05;1.17
18.0;0.0;18.0;20.03;89.85;0.76
145.0;9.69;141.0;22.59;78.75;0.9
71.0;0.0;71.0;23.91;69.05;1.03
149.0;0.0;149.0;24.04;71.4;1.31
85.0;0.0;85.0;24.19;71.4;0.69
325.0;8.28;318.0;25.45;62.65;0.14
745.0;474.39;329.0;25.97;60.6;0.34
786.0;593.02;270.0;26.35;60.6;0.62
689.0;453.13;315.0;26.64;58.7;0.62
123.0;0.0;123.0;25.98;58.55;1.38
54.0;0.0;54.0;24.6;66.85;1.86
59.0;0.0;59.0;24.9;66.85;1.45
91.0;0.0;91.0;25.02;64.7;1.66
54.0;0.0;54.0;24.71;69.15;1.17
17.0;13.73;16.0;24.08;71.4;1.38
0.0;0.0;0.0;21.56;84.1;0.69
0.0;0.0;0.0;21.13;86.95;1.45
0.0;0.0;0.0;20.44;89.9;2.0
0.0;0.0;0.0;19.93;92.95;2.21
0.0;0.0;0.0;19.54;96.1;2.21
0.0;0.0;0.0;19.28;96.1;2.34
0.0;0.0;0.0;19.02;96.1;2.48
0.0;0.0;0.0;18.97;92.9;2.97
6.0;0.0;6.0;18.87;89.8;3.31
18.0;0.0;18.0;18.84;92.85;3.52
56.0;0.0;56.0;19.01;83.85;3.66
354.0;179.03;255.0;19.54;73.15;4.0
376.0;87.09;317.0;20.25;70.7;3.66
663.0;482.58;288.0;21.77;61.85;3.79
697.0;417.71;344.0;23.42;54.2;4.0
724.0;412.84;362.0;24.19;50.7;4.07
699.0;374.63;373.0;24.67;47.4;4.14
549.0;180.48;400.0;25.18;44.3;4.34
583.0;353.87;319.0;25.27;42.75;4.48
538.0;496.08;222.0;25.37;41.25;4.21
452.0;642.45;127.0;25.16;39.85;4.21
302.0;561.35;99.0;24.64;39.7;4.14
147.0;341.01;74.0;23.93;39.55;3.93
14.0;0.0;14.0;22.93;42.25;3.38
0.0;0.0;0.0;21.92;48.45;3.17
0.0;0.0;0.0;21.01;51.75;3.45
0.0;0.0;0.0;20.25;53.35;3.93
0.0;0.0;0.0;19.6;51.4;4.28
0.0;0.0;0.0;19.05;49.45;4.34
0.0;0.0;0.0;18.52;47.55;4.28
0.0;0.0;0.0;18.17;47.4;4.07
0.0;0.0;0.0;17.88;47.4;3.86
10.0;0.0;10.0;17.67;50.85;3.52
206.0;473.51;81.0;17.61;52.75;3.38
367.0;643.9;102.0;17.98;51.0;3.79
522.0;724.09;122.0;18.65;51.15;3.79
658.0;765.19;140.0;20.59;51.65;3.79
773.0;804.69;148.0;22.22;48.45;3.86
858.0;840.4;148.0;23.8;45.5;3.93
886.0;828.07;160.0;24.95;42.75;3.93
725.0;418.29;361.0;26.15;39.95;3.93
821.0;798.09;162.0;26.62;38.7;3.86
673.0;581.54;239.0;26.44;38.7;4.0
502.0;373.43;264.0;26.29;41.4;4.21
423.0;497.76;171.0;26.21;42.9;4.28
301.0;538.61;106.0;25.72;44.45;4.28
118.0;144.54;87.0;25.06;45.9;4.14
24.0;40.76;21.0;24.02;48.95;3.52
0.0;0.0;0.0;22.92;50.45;2.76
0.0;0.0;0.0;21.52;57.65;2.41
0.0;0.0;0.0;20.27;65.95;2.34
0.0;0.0;0.0;19.27;68.1;2.48
0.0;0.0;0.0;18.43;70.45;2.55
0.0;0.0;0.0;17.68;78.1;2.48
0.0;0.0;0.0;16.98;80.8;2.48
0.0;0.0;0.0;16.36;83.6;2.55
53.0;75.6;44.0;16.07;86.5;2.48
205.0;452.02;86.0;17.09;83.65;2.14
380.0;693.66;95.0;19.22;73.05;2.76
540.0;775.68;112.0;21.14;61.7;3.45
643.0;691.89;175.0;22.57;54.0;3.86
803.0;869.56;128.0;23.8;43.9;4.69
886.0;895.18;130.0;24.74;39.7;4.69
926.0;905.81;132.0;25.73;35.9;4.62
918.0;904.41;131.0;26.51;34.8;4.62
868.0;899.72;125.0;27.06;33.7;4.41
771.0;869.41;122.0;27.39;33.7;4.34
643.0;831.24;113.0;27.36;33.7;4.21
481.0;728.4;112.0;27.06;33.7;4.21
326.0;651.27;90.0;26.52;34.8;4.07
171.0;502.86;63.0;25.7;37.2;3.86
34.0;121.86;25.0;24.59;39.7;3.1
0.0;0.0;0.0;23.52;42.35;2.97
0.0;0.0;0.0;22.09;48.45;2.69
0.0;0.0;0.0;20.74;55.45;2.48
0.0;0.0;0.0;19.51;59.25;2.41
0.0;0.0;0.0;18.42;63.4;2.48
0.0;0.0;0.0;17.56;67.85;2.55
0.0;0.0;0.0;16.85;70.2;2.55
0.0;0.0;0.0;16.27;75.15;2.55
56.0;109.94;43.0;15.98;75.15;2.41
221.0;567.7;72.0;17.14;72.7;2.21
368.0;641.33;105.0;19.77;59.25;2.69
534.0;756.71;117.0;22.08;50.2;3.03
669.0;785.75;138.0;24.41;47.25;3.17
791.0;836.6;142.0;25.94;35.9;3.79
868.0;849.37;151.0;27.0;32.5;3.93
911.0;871.82;147.0;27.86;31.5;4.0
904.0;868.89;148.0;28.6;28.5;3.86
846.0;842.79;150.0;29.16;27.6;3.72
755.0;825.07;139.0;29.48;26.75;3.59
610.0;716.53;153.0;29.59;27.75;3.45
447.0;578.11;154.0;29.41;28.65;3.24
329.0;667.39;87.0;28.95;29.55;3.1
166.0;469.81;65.0;28.19;31.6;2.97
39.0;216.21;23.0;26.84;36.05;2.55
0.0;0.0;0.0;25.58;39.95;2.76
0.0;0.0;0.0;24.15;45.6;2.9
0.0;0.0;0.0;23.06;50.45;3.1
0.0;0.0;0.0;22.23;55.8;3.17
0.0;0.0;0.0;21.59;59.7;3.1
0.0;0.0;0.0;21.02;61.7;2.97
0.0;0.0;0.0;20.55;63.8;2.83
0.0;0.0;0.0;20.08;68.3;2.76
27.0;0.0;27.0;19.94;68.3;2.62
179.0;309.67;98.0;20.8;68.4;2.28
351.0;591.34;109.0;22.81;62.05;2.69
509.0;699.63;124.0;25.24;56.5;2.83
654.0;770.25;134.0;27.26;56.85;2.97
766.0;801.09;145.0;29.26;50.05;3.17
851.0;837.94;144.0;30.89;44.05;2.97
884.0;836.72;151.0;32.04;37.5;3.03
801.0;616.15;265.0;32.55;36.35;3.38
691.0;442.0;326.0;32.87;37.65;3.79
569.0;321.43;329.0;33.21;36.5;4.34
508.0;401.31;252.0;33.01;37.75;4.69
372.0;315.6;212.0;32.92;37.65;4.76
285.0;454.85;120.0;32.72;36.35;4.34
153.0;381.23;71.0;32.5;35.15;4.0
29.0;67.53;24.0;31.71;36.1;3.31
0.0;0.0;0.0;30.18;42.45;3.31
0.0;0.0;0.0;29.15;45.2;3.52
0.0;0.0;0.0;28.18;48.15;3.52
0.0;0.0;0.0;27.32;51.3;3.31
0.0;0.0;0.0;26.81;52.95;3.1
0.0;0.0;0.0;26.05;54.7;2.83
0.0;0.0;0.0;25.62;52.85;3.24
0.0;0.0;0.0;25.23;54.55;4.07
6.0;0.0;6.0;24.64;58.35;4.41
179.0;306.98;99.0;24.26;58.2;5.24
355.0;607.38;107.0;23.64;56.15;6.21
506.0;686.16;129.0;23.41;52.35;6.55
540.0;395.93;273.0;23.48;60.15;6.83
539.0;219.47;369.0;23.59;60.15;6.97
682.0;383.04;359.0;24.11;56.25;7.1
775.0;529.87;311.0;24.54;50.8;7.31
747.0;474.87;334.0;24.89;50.8;7.59
652.0;353.64;360.0;24.79;49.05;8.07
661.0;553.14;248.0;24.59;47.4;7.86
410.0;169.29;302.0;24.67;45.75;7.86
379.0;335.27;209.0;24.05;44.05;7.86
157.0;35.83;144.0;22.91;45.35;7.45
138.0;260.33;82.0;22.14;48.45;6.48
29.0;81.1;23.0;21.45;48.3;5.72
0.0;0.0;0.0;19.97;55.3;5.31
0.0;0.0;0.0;19.17;59.15;4.97
0.0;0.0;0.0;18.45;59.05;4.97
0.0;0.0;0.0;17.65;63.2;5.03
0.0;0.0;0.0;16.75;65.25;4.97
0.0;0.0;0.0;15.97;62.85;5.03
0.0;0.0;0.0;15.14;62.75;4.69
0.0;0.0;0.0;14.39;62.65;4.34
15.0;0.0;15.0;13.96;64.85;4.28
194.0;392.99;92.0;14.33;62.65;4.14
358.0;599.05;114.0;15.22;62.75;5.1
521.0;718.3;127.0;16.53;56.5;5.72
650.0;721.54;164.0;17.62;52.75;6.41
521.0;178.32;383.0;18.95;45.95;7.03
659.0;316.84;392.0;19.28;45.95;6.76
573.0;151.95;440.0;19.6;44.45;6.62
537.0;117.32;435.0;20.35;43.0;6.62
808.0;723.18;211.0;21.59;36.15;7.24
614.0;399.16;316.0;22.17;33.7;6.97
485.0;310.37;287.0;22.19;32.5;6.34
310.0;142.0;238.0;22.17;32.5;6.0
114.0;2.76;113.0;22.04;31.3;5.59
159.0;404.58;72.0;21.57;30.0;5.03
36.0;149.0;25.0;20.92;31.05;4.28
0.0;0.0;0.0;19.62;35.6;4.07
0.0;0.0;0.0;18.53;39.55;3.79
0.0;0.0;0.0;17.41;43.9;3.59
0.0;0.0;0.0;16.43;47.0;3.24
0.0;0.0;0.0;15.44;50.35;3.1
0.0;0.0;0.0;14.7;54.1;3.24
0.0;0.0;0.0;14.31;56.0;3.24
0.0;0.0;0.0;13.81;60.2;3.03
70.0;271.6;39.0;13.23;64.65;2.9
212.0;537.91;73.0;13.83;62.55;2.62
368.0;667.11;97.0;15.33;58.35;3.66
381.0;242.91;248.0;16.93;50.75;4.0
660.0;784.91;132.0;17.77;60.95;4.48
770.0;804.49;148.0;19.62;55.2;5.24
785.0;632.94;252.0;20.72;51.65;6.34
748.0;459.52;346.0;21.84;46.6;6.48
559.0;147.28;431.0;22.22;43.5;6.55
269.0;1.21;268.0;22.45;43.65;5.59
706.0;684.6;195.0;23.14;40.75;5.52
534.0;465.63;237.0;23.35;42.25;4.97
370.0;301.8;217.0;24.01;38.15;4.62
215.0;151.65;160.0;24.51;36.95;4.34
155.0;386.3;72.0;24.43;36.95;3.45
32.0;108.76;24.0;23.53;39.45;2.0
0.0;0.0;0.0;22.58;37.75;2.28
0.0;0.0;0.0;21.27;43.25;2.34
0.0;0.0;0.0;20.08;46.2;2.76
0.0;0.0;0.0;19.43;46.1;3.1
0.0;0.0;0.0;19.0;47.65;3.03
0.0;0.0;0.0;18.51;49.3;3.1
0.0;0.0;0.0;17.99;51.0;3.03
0.0;0.0;0.0;17.43;54.7;2.97
25.0;0.0;25.0;17.03;60.85;2.83
147.0;151.64;108.0;17.84;63.2;2.48
338.0;518.41;128.0;20.01;55.3;2.83
492.0;622.16;152.0;22.1;48.45;3.31
636.0;702.64;164.0;24.26;45.6;3.45
758.0;769.07;164.0;26.06;39.95;4.0
843.0;806.94;164.0;27.72;33.8;4.41
886.0;831.51;159.0;29.08;29.7;4.55
875.0;816.16;166.0;30.24;26.9;4.55
810.0;756.36;186.0;31.17;24.35;4.55
736.0;786.65;149.0;31.87;23.65;4.48
608.0;729.23;143.0;32.3;23.75;4.28
459.0;651.17;129.0;32.45;24.6;4.07
305.0;557.27;103.0;30.21;25.89;3.25
155.0;391.45;71.0;29.41;29.8;3.21
30.0;81.98;24.0;28.62;33.71;3.18
0.0;0.0;0.0;27.82;37.62;3.14
0.0;0.0;0.0;27.02;41.52;3.11
0.0;0.0;0.0;26.23;45.43;3.07
0.0;0.0;0.0;25.43;49.34;3.04
0.0;0.0;0.0;24.63;53.25;3.0
0.0;0.0;0.0;23.84;57.15;2.97
0.0;0.0;0.0;23.04;61.06;2.93
0.0;0.0;0.0;22.24;64.97;2.89
23.0;0.0;23.0;21.44;68.88;2.86
148.0;168.95;105.0;20.65;72.78;2.82
331.0;511.72;125.0;19.85;76.69;2.79
478.0;593.56;155.0;19.05;80.6;2.75
621.0;673.43;170.0;18.26;84.51;2.72
715.0;652.74;212.0;27.12;56.95;3.79
812.0;735.74;194.0;28.58;53.45;4.21
874.0;815.48;162.0;29.78;48.5;4.41
867.0;813.61;161.0;30.65;44.05;4.55
821.0;809.24;154.0;30.96;44.05;4.41
721.0;757.82;156.0;31.33;41.3;4.62
594.0;698.5;149.0;31.39;39.9;4.9
445.0;606.5;138.0;31.11;39.9;4.83
264.0;348.26;138.0;30.42;43.95;4.41
23.0;0.0;23.0;29.08;46.75;4.21
9.0;0.0;9.0;27.63;49.8;3.1
0.0;0.0;0.0;25.81;58.55;1.1
0.0;0.0;0.0;23.45;73.7;1.38
0.0;0.0;0.0;22.41;73.55;1.93
0.0;0.0;0.0;22.21;71.05;2.48
0.0;0.0;0.0;22.04;66.35;2.9
0.0;0.0;0.0;21.89;66.25;3.03
0.0;0.0;0.0;21.47;68.5;2.76
0.0;0.0;0.0;20.72;73.3;2.76
5.0;0.0;5.0;20.22;83.95;1.79
19.0;0.0;19.0;20.22;89.85;1.45
273.0;266.7;166.0;21.38;86.95;0.76
127.0;0.0;127.0;22.91;81.45;0.55
433.0;180.98;312.0;23.42;81.5;2.69
721.0;696.44;185.0;23.88;78.9;2.83
642.0;324.14;370.0;24.92;71.5;3.38
624.0;246.44;409.0;25.19;69.25;3.31
685.0;362.1;371.0;25.65;67.05;2.9
705.0;496.51;296.0;26.21;64.95;2.83
615.0;448.24;281.0;26.37;62.8;2.97
518.0;446.07;234.0;26.33;62.8;3.03
405.0;452.78;176.0;25.86;64.8;3.1
154.0;35.98;141.0;25.2;64.7;3.17
76.0;23.45;71.0;24.35;66.75;3.1
4.0;0.0;4.0;23.42;71.25;2.62
0.0;0.0;0.0;23.47;76.2;2.55
0.0;0.0;0.0;22.47;81.4;2.55
0.0;0.0;0.0;21.8;84.1;2.62
0.0;0.0;0.0;21.36;86.95;2.76
0.0;0.0;0.0;20.89;89.9;2.9
0.0;0.0;0.0;20.59;89.9;2.97
0.0;0.0;0.0;20.19;92.95;2.76
0.0;0.0;0.0;19.74;92.9;2.62
5.0;0.0;5.0;19.5;92.9;2.69
115.0;63.61;99.0;20.16;92.95;2.76
297.0;362.71;152.0;21.47;86.95;3.17
458.0;526.2;173.0;22.99;81.45;3.31
610.0;651.77;175.0;24.63;73.95;3.93
734.0;732.5;171.0;26.45;67.15;4.14
827.0;794.5;161.0;28.09;61.0;4.07
880.0;839.77;148.0;29.63;53.7;3.86
883.0;860.91;137.0;30.81;47.15;3.31
831.0;844.27;136.0;31.63;42.85;2.62
726.0;780.25;145.0;32.08;41.4;1.93
620.0;787.5;119.0;32.13;40.15;1.59
270.0;87.09;226.0;31.92;41.4;1.31
151.0;33.26;139.0;30.29;47.0;0.55
57.0;4.71;56.0;29.06;63.2;0.62
28.0;70.75;23.0;27.6;65.2;1.24
0.0;0.0;0.0;25.55;67.05;1.03
0.0;0.0;0.0;24.55;66.85;2.48
0.0;0.0;0.0;23.55;71.35;2.62
0.0;0.0;0.0;22.89;76.15;2.48
0.0;0.0;0.0;22.16;81.4;2.21
0.0;0.0;0.0;21.49;86.95;2.14
0.0;0.0;0.0;21.02;84.05;2.34
0.0;0.0;0.0;20.64;86.9;2.55
5.0;0.0;5.0;20.5;86.9;2.62
134.0;128.03;102.0;21.27;84.05;2.62
211.0;95.41;173.0;22.75;78.75;3.03
469.0;581.22;155.0;24.47;71.4;3.52
625.0;714.52;149.0;25.54;71.65;1.72
739.0;755.69;159.0;27.26;65.1;1.72
829.0;803.75;156.0;28.69;61.1;1.86
873.0;826.77;153.0;29.66;53.7;2.21
871.0;835.03;148.0;30.67;48.75;2.55
820.0;819.37;146.0;31.11;47.25;2.69
600.0;404.53;299.0;31.6;45.7;2.69
593.0;709.53;142.0;31.77;41.4;2.62
463.0;691.56;114.0;31.02;42.6;1.93
246.0;280.49;145.0;28.89;53.45;1.59
79.0;28.34;73.0;26.1;67.15;1.59
13.0;0.0;13.0;25.11;74.0;1.24
0.0;0.0;0.0;24.64;71.5;1.59
0.0;0.0;0.0;23.67;76.3;1.03
0.0;0.0;0.0;22.51;81.45;0.97
0.0;0.0;0.0;21.65;84.1;1.86
0.0;0.0;0.0;21.37;84.05;2.55
0.0;0.0;0.0;21.02;84.05;2.62
0.0;0.0;0.0;20.64;86.9;1.93
0.0;0.0;0.0;20.36;89.85;1.59
5.0;0.0;5.0;20.42;89.85;2.28
17.0;0.0;17.0;21.33;84.05;2.41
36.0;0.0;36.0;22.49;81.4;2.41
351.0;198.59;244.0;23.89;73.75;2.28
634.0;744.48;139.0;24.94;73.95;0.83
517.0;199.64;364.0;26.44;67.15;1.1
833.0;815.46;151.0;27.93;61.0;1.59
835.0;722.99;206.0;29.12;53.55;2.07
805.0;649.65;243.0;29.98;50.2;2.28
762.0;649.71;228.0;30.51;47.0;2.07
680.0;636.24;207.0;30.92;44.05;2.21
590.0;700.8;145.0;31.13;42.7;2.48
353.0;269.86;217.0;30.91;42.6;2.69
117.0;5.57;115.0;29.97;45.35;3.1
41.0;0.0;41.0;28.69;49.95;2.76
11.0;0.0;11.0;27.38;55.05;1.93
0.0;0.0;0.0;26.46;56.7;2.62
0.0;0.0;0.0;25.5;60.45;2.76
0.0;0.0;0.0;24.71;64.6;2.76
0.0;0.0;0.0;24.04;66.75;2.76
0.0;0.0;0.0;23.48;71.25;2.97
0.0;0.0;0.0;23.02;71.25;3.03
0.0;0.0;0.0;22.59;71.15;3.03
0.0;0.0;0.0;22.15;73.55;3.1
9.0;0.0;9.0;21.84;76.0;3.03
140.0;154.16;102.0;22.32;73.55;2.9
323.0;511.32;121.0;23.75;68.95;2.97
476.0;619.77;143.0;25.56;60.6;3.52
628.0;727.91;145.0;27.21;60.9;4.14
748.0;781.52;150.0;28.82;55.3;4.34
830.0;808.11;155.0;30.23;50.3;4.62
874.0;830.76;152.0;31.18;44.2;4.9
869.0;828.45;153.0;31.75;41.4;4.9
822.0;824.44;145.0;32.17;37.5;4.76
722.0;771.5;149.0;32.37;37.5;4.41
598.0;723.67;139.0;32.29;37.5;4.21
447.0;633.94;128.0;30.81;41.15;3.79
127.0;11.16;123.0;30.38;42.45;2.97
77.0;23.82;72.0;29.45;50.05;1.93
21.0;29.56;19.0;28.18;53.35;1.93
0.0;0.0;0.0;26.5;56.7;2.41
0.0;0.0;0.0;25.66;56.6;2.62
0.0;0.0;0.0;24.95;56.35;2.76
0.0;0.0;0.0;24.6;56.35;2.97
0.0;0.0;0.0;24.13;58.2;3.03
0.0;0.0;0.0;23.65;60.15;2.97
0.0;0.0;0.0;22.91;66.45;2.69
0.0;0.0;0.0;22.13;68.7;2.55
5.0;0.0;5.0;21.57;73.45;2.62
97.0;32.7;89.0;22.04;73.55;2.62
315.0;475.4;128.0;23.61;68.95;2.55
477.0;630.9;139.0;25.62;60.6;2.69
626.0;726.44;145.0;27.35;60.9;2.97
742.0;769.71;154.0;29.08;55.4;3.31
833.0;817.57;151.0;30.53;47.0;3.79
840.0;739.54;198.0;31.5;41.3;3.93
821.0;696.1;220.0;32.16;36.25;3.79
770.0;676.54;215.0;32.36;35.0;3.45
713.0;750.75;156.0;32.31;36.25;3.17
594.0;713.54;142.0;32.29;36.25;2.83
441.0;611.13;134.0;31.88;37.35;2.55
297.0;545.43;102.0;31.38;39.9;2.34
132.0;253.78;79.0;30.05;46.9;1.86
24.0;45.14;21.0;28.28;61.0;1.31
0.0;0.0;0.0;27.12;49.7;2.28
0.0;0.0;0.0;26.26;52.95;2.55
0.0;0.0;0.0;25.66;54.7;2.62
0.0;0.0;0.0;25.02;58.35;2.69
0.0;0.0;0.0;24.45;60.25;2.62
0.0;0.0;0.0;23.49;68.85;2.0
0.0;0.0;0.0;22.04;78.7;1.24
0.0;0.0;0.0;20.99;86.9;1.66
6.0;0.0;6.0;20.45;92.95;2.14
76.0;8.24;74.0;20.88;89.9;2.0
30.0;0.0;30.0;22.55;84.25;1.86
457.0;552.31;162.0;24.53;73.95;1.86
606.0;661.45;169.0;24.84;71.5;1.59
731.0;743.49;164.0;26.35;64.95;1.86
816.0;781.49;165.0;27.52;60.9;2.0
870.0;826.92;153.0;28.4;59.0;2.14
869.0;835.99;148.0;28.85;57.15;2.21
814.0;809.06;151.0;29.27;57.3;2.34
714.0;757.02;153.0;29.53;57.3;2.21
540.0;520.09;211.0;29.39;57.3;2.07
439.0;608.29;134.0;29.0;57.15;2.0
268.0;392.73;128.0;28.16;59.0;2.28
31.0;0.0;31.0;27.46;60.9;2.69
4.0;0.0;4.0;26.56;65.0;2.0
0.0;0.0;0.0;25.06;69.25;1.03
0.0;0.0;0.0;22.5;87.05;1.1
0.0;0.0;0.0;21.89;89.95;1.72
0.0;0.0;0.0;21.46;89.95;1.93
0.0;0.0;0.0;21.0;89.95;1.93
0.0;0.0;0.0;20.34;92.95;1.52
0.0;0.0;0.0;19.81;96.1;2.07
0.0;0.0;0.0;19.43;96.1;2.07
41.0;83.52;33.0;19.2;96.1;1.79
177.0;411.1;78.0;19.71;92.9;1.59
342.0;626.04;98.0;20.65;86.9;1.45
495.0;706.18;119.0;21.87;81.35;1.52
636.0;764.62;132.0;22.55;78.75;2.69
751.0;799.99;142.0;23.79;71.35;2.41
817.0;783.84;165.0;24.98;66.85;2.0
791.0;603.94;268.0;26.09;58.7;1.79
837.0;752.22;189.0;26.67;54.95;1.93
450.0;76.97;387.0;27.27;51.45;2.83
501.0;202.67;351.0;27.38;49.7;3.72
566.0;614.3;178.0;27.09;48.0;3.93
434.0;587.57;140.0;27.02;49.55;3.86
298.0;560.03;99.0;26.58;46.25;3.59
143.0;353.68;70.0;25.77;51.05;2.9
29.0;125.56;21.0;24.5;54.35;2.28
0.0;0.0;0.0;22.95;64.2;1.79
0.0;0.0;0.0;21.5;68.6;1.86
0.0;0.0;0.0;20.62;70.8;2.0
0.0;0.0;0.0;19.86;73.15;2.07
0.0;0.0;0.0;19.33;75.65;1.93
0.0;0.0;0.0;18.54;78.25;1.72
0.0;0.0;0.0;17.92;83.7;1.59
0.0;0.0;0.0;17.36;83.7;1.45
5.0;0.0;5.0;17.0;80.85;1.24
16.0;0.0;16.0;18.11;83.75;0.76
129.0;5.16;127.0;20.2;73.2;0.76
338.0;175.24;245.0;21.81;61.85;0.9
603.0;638.7;183.0;22.62;62.05;1.24
748.0;783.05;153.0;23.74;52.35;1.79
818.0;770.58;178.0;24.17;50.7;2.07
743.0;469.46;337.0;24.77;47.4;2.07
829.0;707.82;220.0;25.4;44.3;2.07
562.0;203.06;396.0;25.43;42.75;2.0
683.0;638.59;211.0;25.65;41.4;1.86
529.0;472.59;231.0;25.77;41.4;1.72
381.0;360.54;201.0;25.75;39.95;1.66
152.0;33.89;140.0;25.45;42.75;1.59
133.0;268.25;78.0;24.93;49.05;1.24
23.0;64.32;19.0;23.44;64.3;1.17
0.0;0.0;0.0;21.91;64.0;1.17
0.0;0.0;0.0;20.62;63.8;1.38
0.0;0.0;0.0;19.48;68.2;1.52
0.0;0.0;0.0;18.52;72.95;1.66
0.0;0.0;0.0;18.29;72.9;1.38
0.0;0.0;0.0;18.06;70.35;1.31
0.0;0.0;0.0;17.53;72.8;1.31
0.0;0.0;0.0;16.66;75.3;1.38
16.0;0.0;16.0;15.97;77.95;1.52
142.0;194.35;96.0;16.96;78.1;1.17
122.0;5.18;120.0;20.16;65.95;1.1
328.0;158.82;244.0;22.31;57.75;1.31
527.0;402.47;263.0;23.36;60.05;1.45
735.0;754.24;163.0;24.57;54.45;1.93
607.0;262.9;389.0;25.9;49.3;2.41
659.0;304.53;396.0;26.77;44.7;2.55
142.0;0.0;142.0;27.43;41.8;2.48
126.0;0.0;126.0;27.78;40.5;2.48
624.0;470.16;277.0;27.94;40.5;2.62
596.0;722.86;141.0;27.7;40.5;2.62
328.0;206.81;225.0;27.37;41.8;2.69
74.0;0.0;74.0;26.62;43.15;2.28
59.0;4.91;58.0;26.13;47.75;1.79
7.0;0.0;7.0;24.81;50.8;2.48
0.0;0.0;0.0;22.39;66.35;1.45
0.0;0.0;0.0;21.26;70.9;2.14
0.0;0.0;0.0;20.66;73.3;2.21
0.0;0.0;0.0;20.04;75.75;1.66
0.0;0.0;0.0;18.94;83.8;1.59
0.0;0.0;0.0;17.86;86.65;1.38
0.0;0.0;0.0;17.61;86.65;1.1
0.0;0.0;0.0;17.55;86.65;0.9
4.0;0.0;4.0;17.08;86.65;1.03
24.0;0.0;24.0;17.3;89.7;1.1
196.0;78.15;166.0;19.3;83.85;1.52
79.0;0.0;79.0;20.39;78.45;1.86
148.0;0.0;148.0;20.65;75.85;1.52
168.0;0.0;168.0;21.3;73.35;1.86
209.0;0.0;209.0;21.6;71.0;2.28
257.0;0.0;257.0;21.88;71.0;2.34
321.0;5.83;316.0;22.11;68.7;2.34
131.0;0.0;131.0;21.11;73.35;2.83
311.0;17.64;298.0;20.68;73.3;3.72
67.0;0.0;67.0;20.49;70.8;4.28
237.0;48.32;213.0;20.91;66.05;3.72
85.0;0.0;85.0;21.26;61.7;3.24
90.0;64.36;77.0;20.79;63.8;3.1
13.0;0.0;13.0;20.04;61.5;3.31
0.0;0.0;0.0;18.29;72.9;2.41
0.0;0.0;0.0;17.47;72.8;2.21
0.0;0.0;0.0;16.7;75.3;1.86
0.0;0.0;0.0;15.83;77.85;1.66
0.0;0.0;0.0;15.14;77.8;2.0
0.0;0.0;0.0;14.68;80.55;2.55
0.0;0.0;0.0;13.99;83.4;2.83
0.0;0.0;0.0;13.61;83.35;2.62
48.0;218.97;29.0;13.16;86.3;2.69
184.0;490.77;70.0;13.62;83.35;2.76
326.0;565.73;110.0;14.76;80.55;3.1
475.0;630.3;144.0;15.75;67.55;4.0
619.0;701.88;161.0;15.54;67.55;4.14
714.0;667.3;210.0;16.78;58.7;3.72
700.0;440.46;336.0;17.79;54.7;3.1
739.0;456.43;346.0;18.81;49.3;2.76
721.0;425.99;356.0;19.72;44.45;3.1
791.0;719.85;205.0;20.08;43.0;3.17
618.0;440.43;294.0;20.29;41.45;2.9
437.0;228.09;294.0;20.35;41.45;2.62
249.0;60.56;219.0;20.48;41.45;2.28
248.0;297.29;144.0;20.52;40.1;1.59
53.0;0.0;53.0;20.1;51.5;0.48
2.0;0.0;2.0;19.17;59.15;0.83
0.0;0.0;0.0;18.34;54.85;1.72
0.0;0.0;0.0;16.6;65.35;2.69
0.0;0.0;0.0;15.05;80.6;1.86
0.0;0.0;0.0;14.54;89.5;1.38
0.0;0.0;0.0;14.42;92.7;1.66
0.0;0.0;0.0;14.19;92.7;1.93
0.0;0.0;0.0;13.97;92.7;2.07
0.0;0.0;0.0;13.59;95.95;2.07
4.0;0.0;4.0;13.41;99.4;2.0
55.0;0.0;55.0;13.92;95.95;1.86
140.0;13.17;135.0;14.96;89.55;2.14
315.0;139.53;242.0;16.32;83.6;3.1
391.0;124.47;310.0;17.21;75.4;3.52
649.0;496.25;275.0;18.57;68.05;3.86
731.0;534.6;290.0;19.66;61.4;4.07
508.0;102.37;420.0;20.76;55.45;4.07
614.0;238.46;410.0;22.07;48.45;4.41
669.0;409.71;336.0;22.71;46.85;4.55
520.0;238.31;345.0;23.81;43.9;4.76
166.0;0.0;166.0;24.45;42.5;4.83
164.0;4.05;162.0;24.72;42.65;5.03
122.0;11.49;118.0;24.1;45.6;3.79
72.0;20.15;68.0;23.36;50.45;2.83
14.0;18.18;13.0;22.41;53.85;2.83
0.0;0.0;0.0;21.44;59.6;4.0
0.0;0.0;0.0;20.81;61.6;4.28
0.0;0.0;0.0;20.12;61.5;4.14
0.0;0.0;0.0;19.47;65.75;3.86
0.0;0.0;0.0;18.85;68.05;3.79
0.0;0.0;0.0;18.08;67.95;3.66
0.0;0.0;0.0;17.19;72.8;3.52
0.0;0.0;0.0;16.66;75.3;3.31
4.0;0.0;4.0;16.29;80.75;3.1
15.0;0.0;15.0;16.47;78.0;2.97
66.0;0.0;66.0;17.0;75.4;3.52
312.0;132.39;243.0;17.43;70.3;3.66
547.0;465.4;245.0;18.14;67.95;3.66
682.0;581.13;245.0;19.22;61.3;4.41
695.0;437.23;335.0;20.19;53.35;4.69
658.0;301.79;399.0;20.63;51.65;4.69
487.0;84.3;415.0;20.72;51.65;4.41
766.0;658.12;232.0;21.17;48.2;4.0
613.0;437.96;292.0;21.76;46.6;4.14
455.0;274.0;284.0;22.24;43.5;4.07
306.0;158.45;228.0;21.86;44.95;3.45
169.0;66.38;146.0;21.66;44.95;2.97
41.0;0.0;41.0;21.18;48.2;1.93
10.0;0.0;10.0;20.26;55.3;1.45
0.0;0.0;0.0;18.9;59.05;1.72
0.0;0.0;0.0;17.74;65.45;1.72
0.0;0.0;0.0;17.02;67.85;1.72
0.0;0.0;0.0;16.39;70.1;1.86
0.0;0.0;0.0;16.01;72.65;1.86
0.0;0.0;0.0;15.63;75.15;2.07
0.0;0.0;0.0;15.36;77.8;2.41
0.0;0.0;0.0;14.99;80.6;2.69
38.0;126.16;28.0;14.43;86.4;2.76
107.0;75.48;90.0;14.57;86.45;2.62
40.0;0.0;40.0;15.37;83.5;3.52
478.0;674.24;128.0;16.6;72.7;3.72
571.0;548.68;216.0;16.61;78.0;3.31
620.0;414.53;309.0;17.63;75.4;3.66
762.0;612.09;259.0;18.65;65.65;4.07
848.0;761.05;196.0;19.47;57.1;4.55
601.0;215.79;417.0;20.28;47.9;4.97
716.0;518.54;296.0;20.28;44.6;5.17
491.0;185.93;355.0;20.42;44.6;5.1
427.0;215.24;293.0;20.59;43.1;4.76
415.0;507.52;166.0;20.08;44.6;5.38
292.0;562.86;98.0;19.07;51.25;4.62
138.0;369.9;66.0;18.42;54.85;4.21
19.0;78.77;15.0;17.65;56.75;3.38
0.0;0.0;0.0;16.42;62.95;2.97
0.0;0.0;0.0;15.62;65.15;2.9
0.0;0.0;0.0;15.01;69.9;2.9
0.0;0.0;0.0;14.19;74.95;2.69
0.0;0.0;0.0;13.54;77.6;2.48
0.0;0.0;0.0;12.93;80.35;2.34
0.0;0.0;0.0;12.78;83.25;2.34
0.0;0.0;0.0;12.31;83.15;2.48
4.0;0.0;4.0;12.0;83.15;2.69
106.0;76.32;89.0;12.7;80.3;2.69
316.0;555.06;109.0;14.2;72.3;3.17
393.0;340.44;217.0;15.7;65.15;3.38
630.0;767.36;135.0;16.14;70.1;3.79
614.0;404.83;311.0;17.02;65.45;4.0
402.0;39.02;370.0;18.12;65.55;4.07
174.0;0.0;174.0;18.9;61.2;4.0
204.0;0.0;204.0;16.15;72.65;5.24
155.0;0.0;155.0;14.9;89.5;3.93
138.0;0.0;138.0;15.25;89.55;3.1
368.0;115.96;296.0;15.63;83.55;2.62
137.0;0.0;137.0;15.66;83.55;3.45
89.0;0.0;89.0;15.5;83.55;3.86
79.0;41.55;71.0;14.84;89.5;3.52
17.0;41.23;15.0;14.49;86.45;3.17
0.0;0.0;0.0;13.96;86.4;3.17
0.0;0.0;0.0;13.58;89.45;3.31
0.0;0.0;0.0;13.4;92.65;3.38
0.0;0.0;0.0;13.05;92.65;3.31
0.0;0.0;0.0;12.79;92.6;3.24
0.0;0.0;0.0;12.45;92.6;3.24
0.0;0.0;0.0;12.11;92.6;3.1
0.0;0.0;0.0;11.81;95.9;2.97
3.0;0.0;3.0;11.49;92.55;2.83
16.0;0.0;16.0;12.11;92.6;2.9
103.0;0.0;103.0;13.33;89.4;3.45
245.0;44.68;222.0;14.17;86.4;4.0
459.0;250.36;298.0;15.36;86.5;3.86
642.0;480.83;283.0;15.9;83.55;4.07
289.0;3.67;286.0;17.11;75.4;4.21
275.0;1.17;274.0;18.06;67.95;4.62
162.0;0.0;162.0;19.09;61.3;4.76
118.0;0.0;118.0;19.75;59.25;4.97
649.0;551.96;247.0;19.36;57.1;5.03
227.0;6.46;223.0;18.76;61.2;5.24
250.0;67.76;217.0;18.55;65.65;5.17
213.0;187.83;149.0;18.4;65.55;5.03
57.0;5.25;56.0;17.71;72.8;4.14
6.0;0.0;6.0;16.92;75.3;3.45
0.0;0.0;0.0;16.15;77.95;3.31
0.0;0.0;0.0;15.86;80.65;3.31
0.0;0.0;0.0;15.47;80.65;2.9
0.0;0.0;0.0;15.24;86.5;2.34
0.0;0.0;0.0;14.68;92.7;2.21
0.0;0.0;0.0;14.67;92.7;2.34
0.0;0.0;0.0;14.62;92.7;2.34
0.0;0.0;0.0;14.64;92.7;2.48
3.0;0.0;3.0;14.73;92.7;2.97
25.0;0.0;25.0;15.3;89.55;3.1
82.0;0.0;82.0;16.21;86.55;3.24
228.0;33.17;211.0;17.2;83.7;3.52
501.0;369.72;264.0;17.83;86.65;3.38
438.0;108.76;357.0;19.7;75.7;4.07
702.0;486.13;305.0;21.37;68.5;4.55
776.0;592.82;271.0;23.1;64.3;4.69
583.0;204.01;410.0;24.43;54.35;5.24
496.0;130.39;391.0;24.28;50.7;5.59
386.0;67.44;337.0;23.54;54.2;4.28
122.0;0.0;122.0;24.16;52.5;3.59
83.0;0.0;83.0;24.05;54.35;2.14
92.0;0.0;92.0;22.68;59.95;3.86
64.0;15.95;61.0;19.56;75.7;3.66
7.0;0.0;7.0;18.83;81.0;3.31
0.0;0.0;0.0;18.26;86.7;3.59
0.0;0.0;0.0;17.68;86.65;3.31
0.0;0.0;0.0;17.11;83.7;3.66
0.0;0.0;0.0;16.57;83.65;3.86
0.0;0.0;0.0;16.26;83.6;4.07
0.0;0.0;0.0;15.87;83.55;4.28
0.0;0.0;0.0;15.37;80.6;4.28
0.0;0.0;0.0;14.94;77.8;4.07
23.0;29.26;21.0;14.65;80.55;4.14
163.0;437.31;69.0;15.07;77.8;4.34
330.0;650.81;92.0;16.03;75.25;3.79
493.0;752.48;109.0;17.04;65.45;5.59
634.0;793.51;127.0;17.49;65.45;6.41
647.0;496.77;278.0;18.2;61.05;6.69
717.0;503.17;307.0;19.11;55.05;7.17
687.0;362.3;379.0;19.88;51.4;7.52
600.0;217.42;416.0;20.33;47.9;7.17
544.0;182.94;397.0;20.62;44.7;6.9
544.0;286.96;336.0;20.7;44.7;6.55
452.0;276.19;282.0;20.7;43.1;6.41
413.0;521.7;161.0;20.41;44.6;5.66
277.0;508.28;106.0;19.81;49.55;4.21
98.0;123.87;75.0;19.14;53.15;3.38
14.0;48.7;12.0;18.09;56.85;2.83
0.0;0.0;0.0;16.76;58.7;2.21
0.0;0.0;0.0;15.85;65.15;1.93
0.0;0.0;0.0;14.9;72.4;1.72
0.0;0.0;0.0;14.15;74.95;1.72
0.0;0.0;0.0;13.68;74.85;1.86
0.0;0.0;0.0;13.13;77.5;2.0
0.0;0.0;0.0;12.6;80.3;1.93
0.0;0.0;0.0;12.15;83.15;1.93
3.0;0.0;3.0;11.9;86.15;1.79
14.0;0.0;14.0;12.39;89.35;1.52
28.0;0.0;28.0;14.47;75.0;1.31
70.0;0.0;70.0;16.0;67.65;1.59
115.0;0.0;115.0;16.02;75.25;1.52
262.0;4.05;259.0;16.98;67.85;2.07
637.0;329.66;369.0;17.82;63.2;2.41
608.0;228.68;414.0;18.42;58.9;2.48
443.0;55.65;396.0;19.04;53.15;2.55
429.0;63.61;378.0;19.47;51.25;2.62
278.0;8.3;272.0;19.9;49.55;2.62
197.0;1.63;196.0;20.19;46.2;2.55
382.0;405.48;187.0;20.1;46.2;2.28
233.0;284.33;138.0;20.05;46.2;2.14
105.0;169.23;74.0;19.4;53.15;1.66
10.0;0.0;10.0;18.22;56.85;1.79
0.0;0.0;0.0;16.97;63.2;1.38
0.0;0.0;0.0;15.79;70.0;1.59
0.0;0.0;0.0;14.95;67.45;2.0
0.0;0.0;0.0;14.51;69.85;2.28
0.0;0.0;0.0;14.12;69.75;2.28
0.0;0.0;0.0;13.6;72.2;2.28
0.0;0.0;0.0;12.84;77.45;2.28
0.0;0.0;0.0;11.93;80.2;2.28
15.0;16.0;14.0;11.38;86.1;2.21
96.0;66.83;82.0;11.73;86.15;2.07
300.0;510.24;116.0;13.36;80.35;2.21
347.0;225.47;233.0;15.01;72.45;2.34
512.0;387.65;266.0;16.06;67.65;2.48
552.0;276.13;348.0;17.31;60.95;2.41
498.0;117.13;403.0;18.18;56.85;2.55
634.0;266.99;408.0;18.93;51.15;2.97
706.0;410.59;360.0;19.32;47.65;3.17
665.0;403.81;342.0;19.6;46.1;3.17
441.0;122.05;353.0;19.69;44.45;3.1
421.0;212.6;291.0;19.67;46.1;2.97
441.0;666.41;122.0;19.32;47.65;2.97
187.0;117.57;148.0;18.97;49.3;2.62
94.0;116.29;73.0;18.62;51.15;2.07
10.0;0.0;10.0;17.83;56.75;1.72
0.0;0.0;0.0;16.81;60.85;1.66
0.0;0.0;0.0;15.66;67.55;1.66
0.0;0.0;0.0;14.29;74.95;1.59
0.0;0.0;0.0;13.45;77.6;1.52
0.0;0.0;0.0;12.19;83.15;1.66
0.0;0.0;0.0;11.31;86.1;1.66
0.0;0.0;0.0;10.83;89.25;1.59
0.0;0.0;0.0;10.39;89.2;1.66
15.0;16.8;14.0;9.79;89.15;1.66
151.0;387.09;71.0;10.82;89.25;1.24
325.0;656.42;90.0;13.85;80.4;0.97
492.0;769.09;105.0;16.45;67.75;0.97
637.0;814.42;122.0;18.3;67.95;1.52
750.0;828.04;140.0;19.68;57.2;1.66
815.0;792.27;174.0;20.67;48.05;1.86
800.0;632.27;266.0;21.43;44.85;2.14
787.0;607.77;276.0;21.96;43.4;2.21
789.0;744.4;195.0;22.44;40.5;2.0
718.0;788.58;151.0;22.69;39.15;1.66
594.0;751.65;136.0;22.8;39.15;1.52
441.0;669.64;122.0;22.68;39.15;1.45
284.0;580.16;93.0;22.34;40.5;2.0
119.0;292.32;67.0;21.36;46.5;2.14
9.0;0.0;9.0;19.66;51.4;2.48
0.0;0.0;0.0;18.42;52.9;2.55
0.0;0.0;0.0;17.06;52.75;2.48
0.0;0.0;0.0;15.78;56.35;2.41
0.0;0.0;0.0;14.65;60.4;2.41
0.0;0.0;0.0;13.71;62.45;2.41
0.0;0.0;0.0;12.89;66.95;2.28
0.0;0.0;0.0;12.18;66.85;2.28
0.0;0.0;0.0;11.57;69.25;2.21
14.0;17.71;13.0;11.0;74.45;2.14
152.0;412.16;68.0;11.67;77.3;1.79
323.0;655.72;90.0;15.03;65.05;1.45
483.0;740.92;112.0;17.94;58.8;1.52
628.0;791.98;129.0;20.2;57.3;1.66
741.0;805.94;149.0;22.17;48.45;2.14
827.0;833.92;154.0;23.3;40.75;2.76
870.0;846.19;157.0;24.14;38.15;3.03
856.0;819.01;169.0;24.87;35.65;3.17
806.0;805.33;165.0;25.46;34.5;3.24
705.0;746.26;170.0;25.81;33.4;3.31
576.0;688.53;158.0;25.94;34.65;3.38
424.0;597.09;141.0;25.79;34.65;3.45
285.0;593.96;91.0;25.3;37.1;3.17
97.0;148.5;71.0;24.21;42.5;2.48
5.0;0.0;5.0;22.48;48.45;2.55
0.0;0.0;0.0;21.08;49.95;2.9
0.0;0.0;0.0;19.93;55.2;2.83
0.0;0.0;0.0;18.92;59.05;2.83
0.0;0.0;0.0;18.02;61.05;2.83
0.0;0.0;0.0;17.26;60.95;2.9
0.0;0.0;0.0;16.68;63.05;2.97
0.0;0.0;0.0;16.19;65.25;2.97
0.0;0.0;0.0;15.76;67.55;2.97
3.0;0.0;3.0;15.46;70.0;2.97
114.0;164.27;81.0;16.0;70.1;2.97
291.0;524.64;106.0;17.78;67.85;3.03
405.0;453.62;179.0;20.01;59.35;3.79
574.0;638.81;173.0;22.21;57.75;4.41
701.0;720.96;173.0;24.14;50.7;4.62
771.0;704.39;204.0;25.72;46.0;4.9
684.0;387.83;358.0;26.96;43.15;5.1
736.0;517.45;303.0;27.86;41.95;5.1
608.0;312.39;360.0;28.37;41.95;4.83
389.0;75.55;335.0;28.41;43.4;4.41
461.0;334.01;259.0;28.52;43.4;4.14
397.0;517.53;153.0;28.43;43.4;3.86
271.0;552.6;92.0;28.2;44.95;3.59
106.0;232.3;66.0;27.36;46.4;3.1
7.0;0.0;7.0;25.96;49.3;3.1
0.0;0.0;0.0;23.9;52.35;3.03
0.0;0.0;0.0;23.1;54.1;2.97
0.0;0.0;0.0;22.41;57.75;2.76
0.0;0.0;0.0;21.68;59.7;2.48
0.0;0.0;0.0;21.01;61.7;2.21
0.0;0.0;0.0;20.26;65.95;2.07
0.0;0.0;0.0;19.56;68.2;2.14
0.0;0.0;0.0;18.94;72.95;2.21
2.0;0.0;2.0;18.42;75.45;2.21
12.0;0.0;12.0;18.57;75.55;1.86
33.0;0.0;33.0;20.3;68.3;1.86
69.0;0.0;69.0;21.91;61.85;2.0
160.0;0.0;160.0;22.01;76.1;2.21
273.0;8.22;267.0;22.97;78.75;2.34
326.0;13.7;315.0;23.49;76.2;2.62
321.0;8.35;314.0;24.37;71.4;2.48
338.0;11.98;328.0;25.32;66.95;2.21
442.0;85.89;374.0;26.8;58.8;2.14
483.0;210.54;333.0;28.02;55.15;2.21
214.0;6.64;210.0;28.6;49.95;2.34
227.0;57.58;200.0;27.45;49.7;2.76
106.0;9.34;103.0;25.55;54.7;1.86
11.0;0.0;11.0;24.74;60.35;0.83
1.0;0.0;1.0;23.77;64.4;1.72
0.0;0.0;0.0;23.16;66.55;2.07
0.0;0.0;0.0;22.33;71.05;2.14
0.0;0.0;0.0;21.94;76.0;2.48
0.0;0.0;0.0;21.76;78.65;2.48
0.0;0.0;0.0;21.36;81.3;2.34
0.0;0.0;0.0;20.88;84.05;2.28
0.0;0.0;0.0;20.43;83.95;2.34
0.0;0.0;0.0;20.0;81.15;2.41
15.0;42.59;13.0;19.65;83.9;2.28
100.0;118.0;77.0;19.9;83.9;2.0
277.0;486.94;108.0;21.65;76.0;1.79
435.0;618.6;130.0;23.6;66.65;1.66
584.0;709.56;142.0;25.38;64.7;0.83
699.0;747.43;155.0;27.25;53.2;0.9
787.0;785.65;158.0;28.7;46.65;1.24
834.0;810.69;156.0;29.73;42.3;1.52
820.0;786.75;165.0;30.51;39.65;1.59
771.0;771.38;162.0;31.01;37.1;1.45
669.0;701.28;171.0;31.4;35.95;1.38
527.0;576.81;181.0;31.49;34.75;1.45
311.0;227.37;205.0;31.41;34.75;1.45
232.0;358.22;118.0;31.04;34.6;1.45
102.0;240.84;62.0;29.8;45.35;1.1
0.0;0.0;0.0;27.81;51.55;1.24
0.0;0.0;0.0;26.26;47.75;2.0
0.0;0.0;0.0;24.86;50.8;2.41
0.0;0.0;0.0;24.03;52.5;2.41
0.0;0.0;0.0;22.88;57.9;2.28
0.0;0.0;0.0;21.88;61.85;2.14
0.0;0.0;0.0;20.81;66.05;2.21
0.0;0.0;0.0;19.99;70.7;2.21
0.0;0.0;0.0;19.33;75.65;2.14
2.0;0.0;2.0;18.73;81.0;2.14
97.0;109.46;76.0;19.09;81.05;1.93
270.0;456.11;113.0;21.79;71.0;1.79
426.0;585.24;139.0;24.56;60.35;2.0
570.0;664.04;158.0;26.9;56.85;2.62
695.0;736.06;161.0;28.9;49.95;3.1
778.0;764.06;168.0;30.32;42.45;3.59
820.0;776.87;172.0;31.19;38.55;3.93
802.0;732.26;194.0;31.88;37.35;4.21
621.0;356.97;340.0;32.3;35.0;4.28
551.0;350.43;303.0;32.52;35.0;4.34
532.0;599.39;174.0;32.44;35.0;4.41
319.0;252.47;202.0;32.2;35.0;4.28
243.0;434.57;106.0;30.8;37.1;3.86
93.0;184.17;63.0;28.97;45.05;2.55
0.0;0.0;0.0;27.92;46.5;2.0
0.0;0.0;0.0;27.47;43.3;2.69
0.0;0.0;0.0;26.76;44.7;2.83
0.0;0.0;0.0;26.11;46.15;2.97
0.0;0.0;0.0;25.24;50.95;2.9
0.0;0.0;0.0;24.52;56.25;2.76
0.0;0.0;0.0;23.7;58.1;2.69
0.0;0.0;0.0;23.14;62.15;2.55
0.0;0.0;0.0;22.58;64.2;2.48
2.0;0.0;2.0;21.96;71.0;2.55
91.0;95.37;73.0;22.18;71.05;2.55
266.0;451.19;112.0;23.74;64.4;2.69
421.0;578.21;139.0;25.94;56.6;3.24
567.0;669.98;153.0;27.5;58.9;3.72
685.0;716.36;167.0;29.3;51.8;4.14
772.0;758.73;168.0;30.89;45.6;4.97
791.0;699.65;209.0;31.93;40.0;5.45
739.0;560.38;275.0;32.49;37.5;5.72
75.0;0.0;75.0;32.89;36.35;5.66
395.0;90.75;331.0;29.45;48.4;6.07
286.0;47.09;258.0;26.88;60.8;3.86
129.0;0.0;129.0;27.12;58.9;3.52
192.0;192.2;132.0;26.99;60.8;2.97
37.0;0.0;37.0;26.73;62.9;2.41
0.0;0.0;0.0;26.06;64.95;2.0
0.0;0.0;0.0;24.3;73.85;1.52
0.0;0.0;0.0;23.28;78.85;1.45
0.0;0.0;0.0;22.2;84.15;1.45
0.0;0.0;0.0;21.41;89.95;1.52
0.0;0.0;0.0;21.18;86.95;1.03
0.0;0.0;0.0;20.65;89.9;1.03
0.0;0.0;0.0;20.1;92.95;1.93
0.0;0.0;0.0;20.25;89.85;2.41
1.0;0.0;1.0;20.02;89.85;2.62
11.0;0.0;11.0;20.17;89.85;2.41
25.0;0.0;25.0;20.58;86.9;2.41
39.0;0.0;39.0;20.45;92.95;2.28
133.0;0.0;133.0;20.81;86.9;3.1
133.0;0.0;133.0;20.99;84.05;2.41
156.0;0.0;156.0;21.27;81.3;2.48
145.0;0.0;145.0;21.01;81.3;2.34
173.0;0.0;173.0;20.47;89.85;2.28
378.0;39.62;347.0;20.37;89.85;2.55
367.0;64.05;322.0;20.31;89.85;2.41
357.0;135.17;277.0;20.87;84.05;2.55
241.0;83.05;203.0;21.61;76.0;2.69
156.0;84.15;130.0;22.38;68.7;2.76
63.0;44.81;56.0;22.27;66.35;2.0
0.0;0.0;0.0;21.43;70.9;1.66
0.0;0.0;0.0;20.58;73.3;0.76
0.0;0.0;0.0;19.92;75.7;0.76
0.0;0.0;0.0;19.37;78.3;0.62
0.0;0.0;0.0;18.77;83.8;0.48
0.0;0.0;0.0;18.29;86.7;0.41
0.0;0.0;0.0;17.84;86.65;0.28
0.0;0.0;0.0;16.31;89.65;1.03
0.0;0.0;0.0;15.02;92.75;1.38
7.0;0.0;7.0;14.43;96.0;1.38
75.0;43.86;67.0;14.89;96.0;0.9
266.0;465.1;110.0;17.34;86.65;0.83
431.0;628.38;128.0;19.52;78.35;0.9
584.0;731.13;136.0;19.87;83.9;0.55
702.0;768.61;150.0;21.94;68.6;0.83
788.0;798.69;156.0;22.99;57.9;0.83
830.0;811.25;159.0;23.72;52.35;1.1
821.0;799.31;163.0;24.32;48.95;1.1
719.0;618.08;237.0;24.78;45.75;1.24
578.0;427.18;279.0;25.05;42.75;1.24
479.0;424.46;229.0;25.25;41.25;1.24
418.0;677.64;110.0;25.18;39.85;1.31
243.0;471.03;99.0;23.26;49.38;1.81
106.0;353.62;52.0;22.35;52.15;1.79
0.0;0.0;0.0;21.44;54.92;1.77
0.0;0.0;0.0;20.53;57.69;1.74
0.0;0.0;0.0;19.62;60.46;1.72
0.0;0.0;0.0;18.71;63.23;1.7
0.0;0.0;0.0;17.8;66.0;1.68
0.0;0.0;0.0;16.89;68.77;1.65
0.0;0.0;0.0;15.98;71.54;1.63
0.0;0.0;0.0;15.07;74.32;1.61
0.0;0.0;0.0;14.16;77.09;1.59
1.0;0.0;1.0;13.25;79.86;1.56
122.0;296.05;68.0;12.33;82.63;1.54
302.0;649.95;84.0;11.42;85.4;1.52
465.0;750.73;103.0;10.51;88.17;1.5
549.0;571.2;199.0;9.6;90.94;1.47
508.0;222.79;348.0;17.03;60.85;1.79
573.0;237.58;385.0;17.86;52.9;2.0
686.0;395.35;359.0;18.55;49.3;2.0
748.0;551.5;294.0;18.63;47.55;1.86
731.0;623.21;245.0;19.5;44.45;2.14
683.0;735.77;168.0;19.83;43.0;1.79
394.0;190.16;282.0;20.07;43.0;1.66
384.0;497.23;158.0;20.23;43.0;1.31
248.0;484.11;100.0;20.15;43.0;0.97
70.0;72.03;59.0;19.52;49.55;1.24
0.0;0.0;0.0;18.03;54.85;2.0
0.0;0.0;0.0;16.81;56.6;2.41
0.0;0.0;0.0;15.71;60.5;2.55
0.0;0.0;0.0;14.94;60.4;2.55
0.0;0.0;0.0;14.25;62.55;2.48
0.0;0.0;0.0;13.35;64.65;2.48
0.0;0.0;0.0;12.77;67.05;2.41
0.0;0.0;0.0;12.3;69.45;2.34
0.0;0.0;0.0;11.84;71.95;2.41
1.0;0.0;1.0;11.41;74.55;2.41
92.0;117.21;71.0;11.77;74.6;2.21
247.0;370.04;124.0;14.12;74.85;1.93
424.0;609.13;132.0;16.75;63.05;2.07
592.0;767.09;124.0;19.05;63.5;2.41
726.0;848.19;119.0;20.97;59.6;2.34
802.0;845.55;135.0;22.8;55.9;2.55
845.0;858.53;137.0;24.13;50.55;2.97
850.0;880.94;127.0;25.14;47.4;3.24
801.0;876.19;120.0;25.7;47.5;3.45
709.0;853.42;114.0;26.28;44.45;3.52
553.0;716.66;133.0;26.35;43.05;3.03
386.0;545.0;140.0;26.16;44.45;2.07
246.0;515.97;90.0;25.83;49.2;1.1
85.0;187.77;57.0;25.0;54.45;1.1
0.0;0.0;0.0;23.69;56.15;1.93
0.0;0.0;0.0;22.51;55.9;2.21
0.0;0.0;0.0;21.5;55.65;2.28
0.0;0.0;0.0;20.4;57.45;2.34
0.0;0.0;0.0;19.74;61.4;2.28
0.0;0.0;0.0;18.79;61.3;2.21
0.0;0.0;0.0;18.07;65.55;2.14
0.0;0.0;0.0;17.45;67.85;2.14
0.0;0.0;0.0;16.9;72.7;2.14
1.0;0.0;1.0;16.46;77.95;1.93
11.0;0.0;11.0;16.42;83.6;1.38
32.0;0.0;32.0;18.62;81.0;0.69
242.0;69.25;209.0;21.32;66.25;0.83
480.0;393.48;241.0;22.67;62.05;0.69
675.0;715.22;165.0;24.64;58.2;1.03
621.0;361.18;337.0;26.25;52.85;1.24
551.0;186.1;398.0;27.35;47.9;1.24
233.0;0.0;233.0;28.04;43.4;1.17
334.0;19.37;319.0;28.25;43.4;0.97
503.0;269.31;316.0;28.48;40.65;0.69
345.0;125.21;272.0;28.45;40.65;0.55
342.0;374.89;174.0;28.31;41.95;0.55
184.0;194.06;126.0;27.85;46.4;0.48
63.0;61.88;54.0;26.91;51.3;0.9
0.0;0.0;0.0;25.53;56.5;1.52
0.0;0.0;0.0;24.02;64.4;1.66
0.0;0.0;0.0;22.33;66.45;1.79
0.0;0.0;0.0;21.12;73.35;1.86
0.0;0.0;0.0;20.52;73.3;1.93
0.0;0.0;0.0;19.68;75.7;1.86
0.0;0.0;0.0;19.1;78.3;1.86
0.0;0.0;0.0;18.58;81.0;1.86
0.0;0.0;0.0;18.28;78.25;1.66
0.0;0.0;0.0;18.07;80.9;1.45
78.0;69.53;66.0;18.39;81.0;1.1
260.0;487.37;101.0;20.07;73.2;1.03
416.0;614.42;125.0;22.27;64.1;1.45
562.0;697.92;140.0;24.25;60.15;1.93
693.0;778.4;140.0;26.02;52.85;2.21
787.0;829.36;137.0;27.76;48.0;2.76
825.0;832.14;143.0;29.06;40.75;3.45
829.0;853.46;133.0;29.82;38.15;3.52
769.0;814.97;140.0;30.2;35.7;3.31
679.0;792.54;131.0;30.44;33.4;3.17
551.0;738.04;123.0;30.28;33.3;2.9
402.0;665.47;106.0;30.26;33.3;2.62
246.0;551.94;83.0;29.84;36.85;2.0
93.0;310.61;49.0;28.65;43.55;1.72
0.0;0.0;0.0;26.82;47.75;2.34
0.0;0.0;0.0;25.02;52.6;2.14
0.0;0.0;0.0;23.54;54.2;2.41
0.0;0.0;0.0;22.44;55.9;2.55
0.0;0.0;0.0;21.58;57.65;2.48
0.0;0.0;0.0;20.76;61.6;2.34
0.0;0.0;0.0;19.95;61.5;2.28
0.0;0.0;0.0;19.16;65.75;2.28
0.0;0.0;0.0;18.42;68.05;2.28
0.0;0.0;0.0;17.89;70.35;2.34
71.0;53.18;62.0;18.16;72.9;2.34
0.0;0.0;0.0;20.23;68.3;2.28
371.0;412.18;177.0;22.79;57.9;2.69
565.0;712.78;136.0;24.51;56.25;2.76
615.0;521.37;246.0;26.21;52.85;2.69
779.0;811.66;145.0;27.79;48.0;2.69
825.0;836.04;142.0;29.13;43.65;2.76
825.0;846.45;137.0;30.2;39.65;2.55
782.0;851.78;127.0;30.96;35.95;2.48
679.0;795.99;131.0;31.23;34.75;2.48
483.0;482.04;205.0;31.2;33.55;2.14
409.0;702.35;99.0;31.06;33.55;1.79
238.0;524.57;85.0;30.6;37.1;1.31
90.0;312.08;47.0;29.38;46.9;0.83
0.0;0.0;0.0;27.56;53.2;1.24
0.0;0.0;0.0;25.49;49.2;2.0
0.0;0.0;0.0;23.52;56.15;2.14
0.0;0.0;0.0;21.92;64.1;1.86
0.0;0.0;0.0;21.14;70.9;1.38
0.0;0.0;0.0;21.95;64.1;0.83
0.0;0.0;0.0;21.03;68.5;0.76
0.0;0.0;0.0;18.32;81.0;1.52
0.0;0.0;0.0;17.24;89.65;1.66
0.0;0.0;0.0;16.86;89.65;1.52
87.0;138.7;64.0;17.56;89.7;1.17
256.0;493.85;98.0;19.99;86.85;0.55
409.0;600.82;128.0;23.66;71.35;0.34
560.0;709.47;135.0;25.05;71.5;0.76
692.0;788.62;136.0;27.0;60.8;0.97
778.0;818.31;141.0;28.76;51.65;1.45
821.0;832.67;143.0;30.22;43.95;2.14
816.0;830.83;143.0;31.04;37.25;2.34
740.0;740.14;173.0;31.51;36.1;2.07
622.0;615.72;200.0;31.65;36.1;1.72
490.0;519.68;192.0;31.68;34.9;1.38
385.0;618.91;114.0;31.38;35.95;1.24
231.0;503.61;86.0;30.7;39.75;0.76
85.0;291.44;46.0;29.8;45.35;0.9
0.0;0.0;0.0;28.31;55.15;1.1
0.0;0.0;0.0;26.56;54.8;1.59
0.0;0.0;0.0;24.62;62.35;1.72
0.0;0.0;0.0;23.2;62.15;1.93
0.0;0.0;0.0;22.36;62.05;2.28
0.0;0.0;0.0;21.77;66.25;2.41
0.0;0.0;0.0;21.14;68.5;2.34
0.0;0.0;0.0;20.49;70.8;2.14
0.0;0.0;0.0;19.64;78.35;2.0
0.0;0.0;0.0;18.85;81.05;1.93
78.0;92.36;63.0;18.8;83.85;1.79
251.0;479.91;99.0;21.29;75.95;1.72
412.0;628.4;120.0;24.09;66.65;1.86
563.0;722.94;132.0;25.87;60.6;1.66
692.0;791.73;136.0;27.94;53.35;1.72
778.0;822.49;140.0;29.69;46.9;2.0
812.0;814.55;151.0;31.03;39.9;2.21
807.0;812.7;151.0;31.73;36.1;2.34
636.0;436.38;303.0;31.94;35.0;2.34
571.0;455.87;260.0;32.07;35.0;2.48
470.0;452.59;212.0;31.8;36.1;2.55
384.0;621.75;114.0;31.66;36.1;2.41
230.0;513.93;84.0;31.14;38.55;1.86
86.0;315.96;45.0;30.18;43.95;1.52
0.0;0.0;0.0;28.82;48.25;1.79
0.0;0.0;0.0;27.65;46.4;2.34
0.0;0.0;0.0;26.5;47.75;2.55
0.0;0.0;0.0;25.58;49.2;2.76
0.0;0.0;0.0;24.87;50.8;2.69
0.0;0.0;0.0;24.06;52.35;2.55
0.0;0.0;0.0;23.36;52.35;2.55
0.0;0.0;0.0;22.65;55.9;2.62
0.0;0.0;0.0;22.05;57.75;2.62
0.0;0.0;0.0;21.56;59.7;2.69
79.0;113.25;61.0;21.44;59.7;2.62
246.0;465.74;100.0;22.74;57.9;2.41
406.0;613.06;123.0;24.97;50.8;2.76
556.0;709.64;135.0;26.81;49.45;3.1
688.0;790.64;135.0;28.75;43.55;3.24
774.0;820.28;140.0;30.57;37.1;3.52
812.0;823.58;146.0;32.08;31.55;4.07
812.0;833.04;142.0;32.95;26.7;4.76
764.0;827.58;135.0;33.29;26.7;4.55
665.0;783.54;133.0;33.3;27.65;4.21
537.0;728.92;124.0;33.26;28.65;3.93
369.0;564.37;126.0;32.91;30.7;3.59
215.0;431.91;94.0;32.05;35.0;2.76
74.0;222.91;46.0;30.92;37.25;2.55
0.0;0.0;0.0;29.25;39.35;2.83
0.0;0.0;0.0;28.55;35.3;3.31
0.0;0.0;0.0;27.86;33.95;3.52
0.0;0.0;0.0;27.02;34.9;3.52
0.0;0.0;0.0;26.24;37.2;3.38
0.0;0.0;0.0;25.37;39.85;3.1
0.0;0.0;0.0;24.54;44.05;2.83
0.0;0.0;0.0;23.7;45.5;2.76
0.0;0.0;0.0;23.03;47.0;2.69
0.0;0.0;0.0;22.44;46.85;2.76
63.0;51.47;55.0;22.24;50.2;2.69
232.0;399.75;108.0;23.23;48.7;2.62
390.0;556.13;135.0;25.04;45.75;2.97
545.0;687.78;139.0;26.54;49.45;2.69
671.0;758.0;143.0;28.46;45.05;2.69
756.0;788.25;149.0;30.35;43.95;2.48
794.0;791.77;156.0;31.65;41.4;2.34
798.0;811.18;148.0;32.62;38.95;2.0
700.0;646.04;211.0;32.6;38.95;1.17
589.0;540.22;224.0;30.98;44.2;1.86
268.0;44.4;243.0;30.29;48.65;2.07
43.0;0.0;43.0;30.42;48.75;1.03
20.0;0.0;20.0;30.41;48.75;1.52
7.0;0.0;7.0;29.32;55.4;1.66
0.0;0.0;0.0;28.01;59.0;1.93
0.0;0.0;0.0;26.88;56.85;2.9
0.0;0.0;0.0;26.14;60.6;3.03
0.0;0.0;0.0;25.27;66.85;3.03
0.0;0.0;0.0;24.41;69.05;2.97
0.0;0.0;0.0;23.66;71.35;3.03
0.0;0.0;0.0;23.03;73.7;3.24
0.0;0.0;0.0;22.44;76.15;3.38
0.0;0.0;0.0;21.84;78.7;3.03
0.0;0.0;0.0;21.4;81.35;2.62
43.0;6.58;42.0;21.21;84.05;2.55
198.0;234.62;126.0;22.05;81.4;2.97
366.0;458.95;157.0;23.33;73.75;3.03
528.0;631.69;157.0;24.61;76.35;3.31
662.0;742.45;147.0;26.02;69.3;3.52
751.0;783.4;150.0;27.46;60.9;3.45
792.0;797.17;152.0;28.59;55.3;3.31
804.0;840.58;133.0;29.46;50.2;3.17
756.0;833.21;128.0;29.98;48.65;2.9
657.0;786.91;128.0;30.22;48.65;2.55
530.0;740.05;116.0;30.37;47.0;2.34
368.0;607.69;111.0;30.16;45.45;2.34
217.0;503.63;80.0;29.77;46.9;2.55
68.0;222.13;42.0;28.85;49.95;2.14
0.0;0.0;0.0;27.41;51.45;2.41
0.0;0.0;0.0;25.98;54.7;2.41
0.0;0.0;0.0;24.88;56.35;2.41
0.0;0.0;0.0;23.93;60.15;2.41
0.0;0.0;0.0;23.09;62.15;2.41
0.0;0.0;0.0;22.32;64.2;2.48
0.0;0.0;0.0;21.69;71.0;2.55
0.0;0.0;0.0;21.17;73.35;2.41
0.0;0.0;0.0;20.62;75.85;2.34
0.0;0.0;0.0;20.05;78.45;2.21
58.0;40.45;52.0;20.0;81.15;2.14
236.0;444.76;101.0;21.3;76.0;2.0
400.0;616.95;121.0;23.3;68.85;2.0
551.0;715.42;133.0;24.7;66.75;1.72
680.0;786.17;137.0;26.71;58.7;1.79
767.0;816.53;143.0;28.31;49.8;1.86
792.0;778.91;169.0;29.38;42.3;1.59
804.0;828.78;145.0;30.13;39.65;1.24
760.0;834.19;134.0;30.51;38.4;1.03
663.0;799.98;128.0;30.92;37.25;0.76
533.0;743.2;120.0;30.95;35.95;0.48
375.0;639.69;107.0;30.91;35.95;0.28
218.0;515.26;80.0;30.68;37.1;0.34
70.0;266.35;40.0;29.71;43.8;0.76
0.0;0.0;0.0;28.12;44.95;1.66
0.0;0.0;0.0;26.3;46.0;2.07
0.0;0.0;0.0;24.85;47.4;2.0
0.0;0.0;0.0;23.58;52.35;2.0
0.0;0.0;0.0;22.39;55.9;2.0
0.0;0.0;0.0;21.3;61.85;1.86
0.0;0.0;0.0;20.4;66.05;1.72
0.0;0.0;0.0;19.97;68.3;1.52
0.0;0.0;0.0;19.7;70.65;1.31
0.0;0.0;0.0;19.18;75.65;1.24
69.0;96.72;55.0;19.28;73.15;1.1
197.0;246.54;123.0;20.65;78.5;0.55
351.0;405.33;169.0;24.13;58.1;0.34
355.0;139.37;274.0;25.54;58.45;0.97
650.0;700.91;168.0;27.67;51.45;0.83
750.0;785.59;152.0;29.21;46.75;0.76
791.0;798.22;155.0;30.61;42.6;0.69
799.0;830.85;141.0;31.62;37.35;0.48
750.0;824.55;134.0;31.84;36.1;0.62
647.0;768.19;136.0;32.11;33.8;0.55
519.0;712.08;126.0;32.18;33.8;0.41
356.0;566.4;121.0;31.96;32.65;0.48
203.0;443.95;86.0;31.58;33.7;0.41
49.0;92.48;39.0;30.31;42.45;0.69
0.0;0.0;0.0;28.97;43.65;1.31
0.0;0.0;0.0;26.83;52.95;1.45
0.0;0.0;0.0;25.68;56.5;1.17
0.0;0.0;0.0;24.75;60.25;1.17
0.0;0.0;0.0;24.64;58.2;0.83
0.0;0.0;0.0;24.26;60.15;0.34
0.0;0.0;0.0;22.75;64.2;0.76
0.0;0.0;0.0;20.34;75.85;1.59
0.0;0.0;0.0;20.24;75.75;2.55
0.0;0.0;0.0;20.66;73.3;3.24
19.0;0.0;19.0;21.01;75.95;3.24
160.0;114.58;126.0;22.14;76.1;3.17
336.0;363.41;174.0;23.52;71.35;4.07
401.0;242.18;261.0;24.49;73.85;4.21
581.0;489.32;246.0;25.75;66.95;4.0
116.0;0.0;116.0;27.11;60.8;3.72
510.0;156.24;386.0;28.42;53.45;3.79
739.0;668.18;212.0;28.8;49.95;4.07
711.0;727.49;170.0;28.97;48.4;4.0
569.0;515.45;228.0;29.09;46.75;3.79
367.0;213.5;250.0;29.29;45.2;3.79
299.0;321.35;167.0;29.24;43.65;3.59
207.0;497.74;78.0;27.85;46.4;3.1
60.0;222.12;37.0;27.16;46.25;2.41
0.0;0.0;0.0;26.22;47.65;1.93
0.0;0.0;0.0;24.82;50.7;2.69
0.0;0.0;0.0;23.84;50.55;2.9
0.0;0.0;0.0;23.14;52.25;3.24
0.0;0.0;0.0;22.36;55.9;3.31
0.0;0.0;0.0;21.45;61.85;3.1
0.0;0.0;0.0;20.64;66.05;3.03
0.0;0.0;0.0;19.92;70.7;2.97
0.0;0.0;0.0;19.26;75.65;2.9
0.0;0.0;0.0;18.63;75.55;2.9
77.0;181.88;52.0;18.29;75.55;2.97
253.0;593.27;79.0;19.09;73.05;3.1
408.0;680.23;107.0;20.44;63.8;3.72
559.0;758.37;123.0;21.61;61.85;3.66
651.0;694.04;178.0;23.16;54.1;3.72
743.0;749.63;177.0;24.44;45.6;3.66
802.0;821.04;153.0;25.52;41.25;3.38
800.0;830.17;148.0;26.39;36.05;3.03
747.0;814.7;144.0;27.05;34.9;2.9
651.0;779.84;138.0;27.52;32.65;2.9
523.0;735.23;123.0;27.66;32.65;3.03
373.0;666.58;102.0;27.47;31.5;3.17
212.0;545.71;73.0;27.01;32.5;3.17
61.0;273.06;34.0;26.04;35.9;2.69
0.0;0.0;0.0;24.37;39.55;2.76
0.0;0.0;0.0;22.82;39.3;2.97
0.0;0.0;0.0;21.76;43.4;3.1
0.0;0.0;0.0;20.89;46.5;2.97
0.0;0.0;0.0;20.1;49.7;2.83
0.0;0.0;0.0;19.42;53.25;2.83
0.0;0.0;0.0;18.91;57.1;2.83
0.0;0.0;0.0;18.51;61.2;2.83
0.0;0.0;0.0;18.2;63.3;2.83
0.0;0.0;0.0;17.8;65.55;2.83
87.0;313.97;45.0;17.84;65.55;2.83
243.0;558.98;81.0;18.9;63.5;2.83
395.0;642.09;113.0;20.63;59.5;3.38
543.0;718.89;132.0;21.75;57.65;3.1
665.0;769.5;143.0;23.5;54.2;3.1
743.0;771.41;163.0;25.38;50.95;3.38
708.0;546.23;278.0;26.83;47.75;3.52
757.0;709.72;202.0;27.81;44.8;3.24
738.0;806.44;144.0;28.45;40.65;2.62
642.0;772.14;137.0;29.02;39.35;1.86
517.0;735.19;120.0;29.17;38.0;1.93
363.0;646.36;103.0;29.24;38.0;2.28
202.0;499.65;77.0;28.79;37.9;2.69
55.0;233.72;33.0;27.77;40.35;2.41
0.0;0.0;0.0;26.04;44.45;2.48
0.0;0.0;0.0;24.77;47.25;3.03
0.0;0.0;0.0;23.74;45.5;3.45
0.0;0.0;0.0;22.79;46.85;3.52
0.0;0.0;0.0;21.97;46.75;3.45
0.0;0.0;0.0;21.21;49.95;3.24
0.0;0.0;0.0;20.48;49.8;2.9
0.0;0.0;0.0;19.74;53.25;2.69
0.0;0.0;0.0;19.01;55.05;2.55
0.0;0.0;0.0;18.32;56.95;2.48
82.0;284.49;45.0;17.99;58.9;2.55
196.0;279.42;116.0;19.15;57.1;2.48
393.0;647.02;111.0;21.35;48.3;2.97
539.0;715.95;132.0;22.86;48.7;2.69
668.0;787.95;136.0;24.98;42.65;3.24
697.0;629.13;226.0;26.39;32.35;3.86
780.0;781.98;167.0;27.04;30.25;3.66
718.0;602.41;249.0;27.56;29.3;3.52
666.0;577.15;243.0;28.14;29.4;3.59
419.0;159.96;315.0;28.42;28.5;3.72
481.0;599.03;160.0;28.43;28.5;3.86
226.0;113.1;181.0;28.1;29.4;4.14
177.0;342.09;93.0;27.56;30.35;4.14
33.0;44.79;29.0;26.53;32.35;3.72
0.0;0.0;0.0;25.1;33.15;3.93
0.0;0.0;0.0;23.72;32.9;3.72
0.0;0.0;0.0;22.8;35.1;3.93
0.0;0.0;0.0;21.97;36.3;3.93
0.0;0.0;0.0;21.19;40.2;3.93
0.0;0.0;0.0;20.52;43.1;4.0
0.0;0.0;0.0;19.93;44.6;4.07
0.0;0.0;0.0;19.32;46.1;4.0
0.0;0.0;0.0;18.72;49.3;4.0
0.0;0.0;0.0;18.24;51.0;4.14
33.0;7.92;32.0;18.04;51.0;4.21
63.0;0.0;63.0;18.42;51.15;3.79
222.0;69.37;192.0;19.3;47.8;4.9
378.0;194.62;268.0;20.69;48.05;5.38
427.0;147.34;328.0;21.93;43.5;5.59
726.0;729.84;182.0;23.57;40.9;5.86
708.0;559.87;271.0;25.01;36.95;6.41
594.0;299.35;362.0;25.77;34.5;6.76
709.0;725.46;180.0;26.26;33.4;6.55
612.0;680.92;172.0;26.49;31.2;6.34
486.0;630.11;151.0;26.28;31.1;6.14
338.0;554.15;120.0;25.85;29.95;6.07
186.0;440.12;80.0;25.05;29.7;5.79
47.0;201.45;30.0;23.87;30.55;5.31
0.0;0.0;0.0;22.45;31.45;5.17
0.0;0.0;0.0;21.43;33.6;5.1
0.0;0.0;0.0;20.43;37.25;5.1
0.0;0.0;0.0;19.54;41.3;4.9
0.0;0.0;0.0;18.8;42.7;4.69
0.0;0.0;0.0;18.11;45.7;4.55
0.0;0.0;0.0;17.36;47.3;4.97
0.0;0.0;0.0;16.61;50.6;5.17
0.0;0.0;0.0;15.79;54.35;5.03
0.0;0.0;0.0;15.06;58.25;4.9
70.0;195.85;46.0;14.6;62.55;4.83
244.0;605.3;75.0;15.08;62.65;4.55
404.0;706.21;101.0;16.21;60.65;5.52
553.0;768.85;121.0;17.55;58.8;5.52
679.0;821.08;130.0;19.16;51.25;5.86
760.0;830.14;144.0;20.37;43.1;6.0
798.0;832.58;151.0;21.41;36.15;5.93
791.0;830.93;150.0;22.3;31.3;5.79
737.0;813.35;147.0;22.91;29.3;5.59
636.0;766.18;144.0;23.18;28.25;5.38
507.0;724.37;125.0;23.19;28.25;5.17
352.0;637.78;104.0;22.92;28.25;4.97
195.0;521.06;72.0;22.4;29.2;4.62
48.0;264.48;27.0;21.49;31.15;3.45
0.0;0.0;0.0;19.99;34.45;2.76
0.0;0.0;0.0;18.66;36.7;2.76
0.0;0.0;0.0;17.56;40.75;2.62
0.0;0.0;0.0;16.52;43.65;2.34
0.0;0.0;0.0;15.35;46.75;2.07
0.0;0.0;0.0;13.97;53.85;1.93
0.0;0.0;0.0;12.79;55.75;2.21
0.0;0.0;0.0;12.17;57.65;2.55
0.0;0.0;0.0;11.88;57.65;2.83
0.0;0.0;0.0;11.6;59.7;2.97
60.0;126.31;45.0;11.57;59.7;3.1
230.0;537.0;82.0;12.88;55.75;2.97
397.0;688.43;104.0;15.07;50.25;4.14
541.0;739.45;128.0;16.27;48.8;4.21
670.0;801.14;137.0;17.87;40.9;4.9
741.0;775.73;168.0;18.83;38.2;5.24
773.0;758.78;186.0;19.89;33.15;5.66
767.0;756.74;186.0;20.81;29.9;5.79
710.0;727.63;185.0;21.33;27.85;5.86
622.0;724.11;160.0;21.11;29.9;5.86
498.0;699.84;132.0;20.9;31.05;5.79
344.0;614.24;108.0;20.26;33.15;5.52
179.0;432.54;79.0;19.69;34.3;4.83
44.0;255.59;25.0;19.18;36.8;3.86
0.0;0.0;0.0;18.54;38.1;3.1
0.0;0.0;0.0;17.83;39.4;3.45
0.0;0.0;0.0;16.83;43.8;3.17
0.0;0.0;0.0;15.9;46.9;3.03
0.0;0.0;0.0;14.99;50.25;2.83
0.0;0.0;0.0;14.13;53.85;2.69
0.0;0.0;0.0;13.36;57.9;2.62
0.0;0.0;0.0;12.66;59.95;2.55
0.0;0.0;0.0;12.06;64.45;2.55
0.0;0.0;0.0;11.45;66.75;2.48
55.0;104.41;43.0;11.2;69.25;2.41
223.0;518.42;82.0;12.72;64.65;2.07
378.0;615.93;118.0;15.17;58.25;2.69
531.0;718.76;132.0;16.43;56.5;2.9
658.0;782.58;140.0;18.06;51.0;3.17
733.0;768.47;168.0;19.29;42.85;3.93
718.0;602.55;254.0;20.1;38.5;4.48
758.0;749.96;185.0;20.48;35.9;4.62
705.0;734.42;178.0;20.88;33.45;4.62
610.0;703.65;164.0;20.71;34.55;4.28
481.0;651.85;143.0;20.93;32.2;4.07
333.0;582.33;112.0;20.85;31.05;3.72
175.0;433.15;77.0;20.59;30.9;3.52
33.0;130.06;24.0;19.57;35.6;2.41
0.0;0.0;0.0;18.06;39.4;2.21
0.0;0.0;0.0;17.25;40.6;2.48
0.0;0.0;0.0;16.11;43.5;2.41
0.0;0.0;0.0;15.05;46.6;2.34
0.0;0.0;0.0;14.1;50.0;2.28
0.0;0.0;0.0;13.18;53.7;2.28
0.0;0.0;0.0;12.45;55.65;2.21
0.0;0.0;0.0;11.64;59.7;2.14
0.0;0.0;0.0;10.93;64.25;2.14
0.0;0.0;0.0;10.24;66.55;2.14
45.0;54.01;39.0;9.78;69.0;2.07
213.0;473.3;86.0;11.35;69.25;1.66
384.0;673.66;102.0;15.43;52.25;1.72
468.0;482.16;202.0;17.38;52.75;1.72
571.0;496.59;244.0;19.75;44.45;2.07
560.0;302.02;339.0;21.22;37.35;2.69
517.0;177.44;381.0;22.04;32.5;2.97
257.0;1.32;256.0;22.58;30.3;2.97
192.0;0.0;192.0;22.43;30.3;2.83
458.0;258.91;295.0;22.38;30.3;2.62
360.0;239.3;237.0;22.28;31.3;2.34
142.0;13.34;137.0;22.04;31.3;2.0
144.0;239.57;91.0;21.44;34.85;1.45
15.0;0.0;15.0;20.81;37.35;1.38
0.0;0.0;0.0;19.94;39.95;1.72
0.0;0.0;0.0;19.09;42.7;2.14
0.0;0.0;0.0;18.15;47.4;2.14
0.0;0.0;0.0;17.42;49.05;1.79
0.0;0.0;0.0;16.56;56.5;1.38
0.0;0.0;0.0;15.93;62.85;0.83
0.0;0.0;0.0;15.17;67.35;0.97
0.0;0.0;0.0;14.59;69.75;1.17
0.0;0.0;0.0;14.22;72.2;1.45
0.0;0.0;0.0;13.81;74.85;1.31
7.0;0.0;7.0;13.42;80.35;1.24
72.0;0.0;72.0;14.54;80.45;1.03
222.0;86.73;186.0;16.52;65.25;1.17
419.0;333.81;236.0;17.73;63.2;1.1
319.0;41.22;292.0;19.13;53.15;1.38
372.0;50.81;335.0;20.34;46.35;1.45
679.0;529.65;275.0;21.28;44.85;1.38
738.0;731.11;185.0;22.17;40.5;1.72
502.0;225.52;342.0;22.3;40.5;2.0
170.0;0.0;170.0;22.27;39.05;1.86
269.0;70.67;233.0;22.26;39.05;1.86
311.0;521.82;118.0;22.12;37.65;1.66
163.0;416.4;73.0;21.86;37.65;1.24
23.0;68.13;19.0;21.43;40.35;0.34
0.0;0.0;0.0;20.17;49.7;0.97
0.0;0.0;0.0;19.31;51.4;1.1
0.0;0.0;0.0;19.42;47.8;0.76
0.0;0.0;0.0;17.64;56.75;1.24
0.0;0.0;0.0;15.91;60.65;1.93
0.0;0.0;0.0;15.21;64.95;1.86
0.0;0.0;0.0;14.77;62.65;1.93
0.0;0.0;0.0;14.44;62.55;2.07
0.0;0.0;0.0;14.33;62.55;2.07
0.0;0.0;0.0;14.08;64.75;2.14
30.0;9.68;29.0;13.95;67.15;2.07
115.0;45.99;103.0;15.23;67.45;1.66
186.0;38.88;170.0;17.66;54.7;1.45
263.0;45.9;238.0;19.13;57.1;1.52
628.0;730.63;152.0;20.86;49.95;1.93
407.0;81.42;348.0;22.35;45.25;2.07
730.0;695.62;202.0;24.08;39.45;2.9
310.0;13.29;300.0;24.42;33.0;3.52
181.0;0.0;181.0;24.93;30.8;3.79
264.0;19.33;252.0;25.2;30.8;3.59
330.0;186.25;236.0;24.85;30.8;2.97
236.0;202.78;162.0;24.64;34.25;2.55
168.0;492.95;64.0;24.27;36.7;2.21
24.0;112.44;18.0;23.08;39.3;1.93
0.0;0.0;0.0;21.8;41.95;2.14
0.0;0.0;0.0;20.93;44.85;2.34
0.0;0.0;0.0;20.01;47.9;2.34
0.0;0.0;0.0;19.37;49.55;2.34
0.0;0.0;0.0;18.78;51.25;2.28
0.0;0.0;0.0;18.14;54.85;2.28
0.0;0.0;0.0;17.78;54.85;2.14
0.0;0.0;0.0;16.97;58.7;2.21
0.0;0.0;0.0;16.69;62.95;2.14
0.0;0.0;0.0;16.4;62.95;2.14
5.0;0.0;5.0;16.39;65.25;2.07
123.0;69.98;105.0;17.13;65.35;2.0
353.0;573.7;119.0;19.24;57.1;2.14
500.0;663.41;141.0;20.98;55.55;2.48
616.0;700.7;162.0;23.21;48.7;2.9
703.0;744.85;166.0;25.03;41.15;3.66
713.0;655.42;218.0;26.27;37.2;4.41
702.0;641.31;222.0;27.05;33.7;4.83
658.0;651.85;201.0;27.63;31.5;5.31
352.0;94.11;294.0;27.84;30.35;5.31
272.0;84.01;230.0;27.74;30.35;4.9
272.0;363.98;141.0;27.61;30.35;4.55
137.0;272.19;81.0;27.07;31.35;3.72
22.0;125.14;16.0;25.98;34.65;3.38
0.0;0.0;0.0;24.84;35.65;3.38
0.0;0.0;0.0;22.88;40.75;2.76
0.0;0.0;0.0;21.67;44.95;2.83
0.0;0.0;0.0;20.68;48.05;2.76
0.0;0.0;0.0;19.82;51.5;2.76
0.0;0.0;0.0;19.06;55.05;2.83
0.0;0.0;0.0;18.43;56.95;2.83
0.0;0.0;0.0;17.88;58.9;2.83
0.0;0.0;0.0;17.43;60.95;2.97
0.0;0.0;0.0;17.05;65.35;3.03
41.0;73.31;34.0;16.85;65.35;3.17
196.0;465.56;78.0;17.91;63.3;3.17
354.0;611.03;107.0;20.26;57.3;3.38
493.0;669.71;133.0;22.72;54.0;4.07
613.0;723.25;147.0;24.69;48.95;4.76
621.0;506.1;258.0;26.13;44.45;5.1
702.0;653.45;211.0;27.49;38.95;5.24
534.0;244.49;352.0;28.33;36.45;5.1
584.0;450.64;270.0;28.89;33.05;5.03
234.0;9.81;228.0;29.12;33.05;4.9
77.0;0.0;77.0;27.65;38.95;4.9
82.0;0.0;82.0;24.47;56.25;4.21
17.0;0.0;17.0;21.97;73.55;2.62
9.0;0.0;9.0;20.97;81.3;2.28
0.0;0.0;0.0;19.82;86.85;2.83
0.0;0.0;0.0;17.85;92.85;3.59
0.0;0.0;0.0;17.01;92.8;3.1
0.0;0.0;0.0;16.26;92.8;2.9
0.0;0.0;0.0;15.6;96.0;2.76
0.0;0.0;0.0;15.03;92.7;2.34
0.0;0.0;0.0;14.43;92.7;2.21
0.0;0.0;0.0;13.85;92.65;2.34
0.0;0.0;0.0;13.62;95.95;2.41
0.0;0.0;0.0;13.3;92.65;2.41
6.0;0.0;6.0;13.06;92.65;2.28
97.0;24.03;91.0;13.91;92.65;1.86
323.0;454.36;141.0;15.69;86.5;1.93
456.0;507.57;185.0;17.01;83.65;2.76
597.0;655.58;177.0;18.52;72.95;2.69
666.0;640.51;209.0;20.05;63.7;2.83
604.0;375.93;323.0;21.16;57.55;2.9
583.0;340.41;331.0;21.85;52.0;3.03
535.0;323.5;311.0;22.36;48.55;3.1
462.0;316.25;270.0;22.76;48.55;3.03
321.0;187.67;229.0;22.75;46.85;2.55
281.0;454.71;122.0;22.57;46.85;1.86
142.0;384.49;67.0;22.45;46.85;1.17
12.0;0.0;12.0;21.67;53.75;0.69
0.0;0.0;0.0;19.51;65.85;1.38
0.0;0.0;0.0;17.78;70.35;1.45
0.0;0.0;0.0;16.24;75.25;1.93
0.0;0.0;0.0;15.43;77.8;2.0
0.0;0.0;0.0;14.99;77.75;2.14
0.0;0.0;0.0;14.61;80.45;2.14
0.0;0.0;0.0;14.09;83.35;2.21
0.0;0.0;0.0;13.78;83.35;2.21
0.0;0.0;0.0;13.47;83.25;2.28
0.0;0.0;0.0;13.09;83.25;2.21
27.0;22.84;25.0;12.76;83.25;2.07
185.0;410.79;84.0;14.02;89.45;1.52
342.0;566.95;117.0;17.77;70.35;1.52
492.0;673.27;135.0;19.45;70.65;2.34
598.0;670.38;171.0;21.35;64.0;2.76
688.0;727.08;172.0;22.93;56.0;3.1
732.0;755.87;170.0;24.14;54.2;3.38
719.0;739.02;175.0;25.02;50.8;3.66
652.0;672.98;189.0;25.81;49.2;3.66
548.0;605.89;183.0;26.26;47.65;3.38
442.0;640.91;131.0;26.52;44.55;3.24
303.0;609.67;93.0;26.43;43.05;3.03
92.0;84.38;76.0;25.74;49.2;2.07
9.0;0.0;9.0;24.25;54.2;2.07
0.0;0.0;0.0;22.49;57.9;2.34
0.0;0.0;0.0;21.0;61.7;2.55
0.0;0.0;0.0;20.02;63.7;2.62
0.0;0.0;0.0;19.32;65.85;2.83
0.0;0.0;0.0;18.89;68.1;2.9
0.0;0.0;0.0;18.56;70.45;2.83
0.0;0.0;0.0;18.25;72.9;2.76
0.0;0.0;0.0;18.06;72.9;2.76
0.0;0.0;0.0;17.68;75.4;2.69
0.0;0.0;0.0;17.29;75.4;2.48
44.0;179.49;29.0;17.0;78.0;2.34
177.0;388.38;83.0;17.79;75.45;2.28
235.0;150.08;176.0;19.59;73.15;2.28
442.0;493.78;182.0;22.69;66.45;2.83
537.0;483.26;231.0;24.63;62.35;3.31
653.0;638.96;202.0;26.42;54.8;3.86
575.0;334.02;328.0;27.86;48.15;4.41
635.0;501.46;268.0;28.76;45.05;4.55
620.0;596.94;212.0;29.38;40.9;4.62
560.0;694.39;145.0;29.78;40.9;4.55
383.0;414.41;184.0;29.92;39.65;4.21
95.0;0.0;95.0;29.43;42.3;3.59
76.0;43.45;68.0;28.09;48.15;3.79
6.0;0.0;6.0;25.92;58.55;4.34
0.0;0.0;0.0;24.17;66.65;3.72
0.0;0.0;0.0;23.17;68.85;3.1
0.0;0.0;0.0;22.27;73.55;2.76
0.0;0.0;0.0;21.36;73.45;2.76
0.0;0.0;0.0;20.43;75.85;2.69
0.0;0.0;0.0;19.46;78.35;2.21
0.0;0.0;0.0;18.87;81.05;1.86
0.0;0.0;0.0;18.33;83.8;1.72
0.0;0.0;0.0;17.84;83.75;1.52
0.0;0.0;0.0;17.46;86.65;1.38
10.0;0.0;10.0;17.34;86.65;1.24
28.0;0.0;28.0;17.73;86.65;1.17
275.0;279.95;166.0;18.84;78.3;1.24
438.0;474.37;190.0;19.31;75.7;2.0
248.0;11.12;241.0;19.92;73.2;2.41
619.0;524.27;251.0;20.77;68.4;2.62
565.0;307.32;339.0;21.63;61.85;2.76
588.0;373.86;316.0;22.44;52.1;3.17
542.0;365.29;294.0;23.02;45.35;3.66
509.0;492.57;217.0;22.93;42.25;3.45
379.0;404.13;187.0;22.72;42.1;3.17
281.0;536.24;102.0;22.57;42.1;2.9
131.0;403.23;59.0;22.15;43.5;2.34
0.0;0.0;0.0;21.22;48.2;1.59
0.0;0.0;0.0;19.97;51.5;1.52
0.0;0.0;0.0;18.16;61.05;1.45
0.0;0.0;0.0;17.07;65.35;1.24
0.0;0.0;0.0;16.55;65.25;1.1
0.0;0.0;0.0;16.81;60.85;0.9
0.0;0.0;0.0;16.41;62.95;0.62
0.0;0.0;0.0;15.88;65.15;0.55
0.0;0.0;0.0;15.31;69.9;0.9
0.0;0.0;0.0;12.99;77.5;1.38
0.0;0.0;0.0;11.61;86.15;1.66
33.0;105.92;25.0;11.19;89.3;1.72
186.0;490.84;71.0;12.92;83.25;1.17
341.0;622.47;101.0;16.76;70.2;1.17
485.0;695.54;124.0;19.4;63.6;1.66
607.0;751.31;137.0;21.66;55.65;1.79
687.0;773.68;147.0;23.37;47.15;1.86
723.0;775.38;156.0;24.5;44.05;1.79
706.0;743.94;168.0;25.48;41.25;1.86
647.0;710.39;168.0;26.26;41.4;1.86
539.0;629.36;169.0;26.86;40.25;1.52
320.0;225.57;214.0;27.06;41.65;1.03
243.0;344.11;130.0;27.07;43.15;0.9
123.0;370.08;59.0;26.68;46.15;0.83
0.0;0.0;0.0;25.68;50.95;1.38
0.0;0.0;0.0;24.01;56.15;2.07
0.0;0.0;0.0;22.47;57.9;2.21
0.0;0.0;0.0;21.43;59.7;2.34
0.0;0.0;0.0;20.7;63.8;2.34
0.0;0.0;0.0;20.19;65.95;2.21
0.0;0.0;0.0;19.95;65.95;2.21
0.0;0.0;0.0;19.56;70.65;2.21
0.0;0.0;0.0;19.37;73.15;2.21
0.0;0.0;0.0;18.86;78.3;2.21
0.0;0.0;0.0;18.42;81.0;1.93
37.0;167.89;25.0;17.89;83.75;1.93
170.0;408.01;76.0;18.69;83.8;1.52
325.0;568.46;108.0;21.56;71.0;1.17
450.0;568.71;157.0;23.82;66.65;0.41
516.0;448.78;237.0;26.08;60.6;0.62
550.0;367.46;295.0;28.04;53.35;1.03
658.0;587.3;231.0;29.62;46.9;1.52
675.0;667.83;195.0;30.61;42.6;1.79
634.0;697.45;167.0;31.23;41.3;1.72
527.0;615.86;168.0;31.43;40.0;1.66
359.0;372.3;186.0;31.46;40.0;1.45
266.0;517.18;99.0;31.34;41.3;1.24
110.0;286.98;62.0;29.62;48.93;2.14
0.0;0.0;0.0;28.14;51.6;2.15
0.0;0.0;0.0;26.66;54.26;2.15
0.0;0.0;0.0;25.18;56.93;2.16
0.0;0.0;0.0;23.7;59.6;2.17
0.0;0.0;0.0;22.22;62.26;2.18
0.0;0.0;0.0;20.74;64.93;2.19
0.0;0.0;0.0;19.26;67.6;2.19
0.0;0.0;0.0;17.78;70.26;2.2
0.0;0.0;0.0;16.3;72.93;2.21
0.0;0.0;0.0;14.82;75.6;2.22
0.0;0.0;0.0;13.34;78.27;2.23
14.0;0.0;14.0;11.87;80.93;2.23
171.0;423.92;75.0;10.39;83.6;2.24
337.0;632.48;98.0;8.91;86.27;2.25
490.0;737.27;113.0;7.43;88.93;2.26
620.0;815.84;116.0;18.33;63.4;2.34
707.0;849.41;121.0;20.06;57.3;2.9
759.0;897.9;110.0;21.1;46.5;3.66
741.0;872.25;118.0;21.61;43.4;3.72
686.0;863.39;112.0;21.9;41.85;3.66
588.0;842.72;101.0;21.98;41.85;3.66
446.0;761.89;96.0;21.79;40.35;3.79
277.0;598.68;87.0;21.32;43.25;3.72
118.0;396.23;54.0;20.27;47.9;3.17
0.0;0.0;0.0;18.67;51.15;2.97
0.0;0.0;0.0;17.22;52.75;3.1
0.0;0.0;0.0;16.29;54.45;3.45
0.0;0.0;0.0;15.59;56.35;3.45
0.0;0.0;0.0;14.95;60.4;3.38
0.0;0.0;0.0;14.38;60.3;3.52
0.0;0.0;0.0;13.92;60.2;3.59
0.0;0.0;0.0;13.48;58.0;3.52
0.0;0.0;0.0;13.05;60.05;3.52
0.0;0.0;0.0;12.6;62.2;3.45
0.0;0.0;0.0;12.18;62.1;3.38
18.0;15.79;17.0;11.8;66.75;3.24
182.0;525.83;65.0;12.26;66.85;3.17
348.0;692.53;89.0;14.06;62.55;3.1
502.0;782.34;105.0;16.18;58.6;3.72
629.0;839.04;114.0;18.28;51.15;4.21
717.0;872.01;119.0;19.98;47.8;4.55
765.0;910.25;111.0;21.16;40.2;4.69
751.0;894.76;116.0;21.86;38.9;4.41
687.0;862.12;118.0;22.29;37.65;4.07
588.0;844.98;104.0;22.48;37.65;3.72
448.0;775.3;96.0;22.36;37.65;3.45
290.0;689.62;75.0;21.9;40.35;3.03
99.0;244.01;61.0;20.69;44.7;2.55
0.0;0.0;0.0;18.83;49.3;2.76
0.0;0.0;0.0;17.48;52.75;2.9
0.0;0.0;0.0;16.49;54.45;2.97
0.0;0.0;0.0;15.77;56.35;2.83
0.0;0.0;0.0;14.97;60.4;2.62
0.0;0.0;0.0;14.06;62.55;2.55
0.0;0.0;0.0;13.24;67.05;2.48
0.0;0.0;0.0;12.62;69.45;2.48
0.0;0.0;0.0;12.09;71.95;2.41
0.0;0.0;0.0;11.56;74.55;2.41
0.0;0.0;0.0;11.12;77.2;2.41
8.0;0.0;8.0;10.91;80.05;2.48
172.0;489.63;65.0;11.85;77.3;2.34
332.0;648.52;92.0;14.7;69.85;2.28
482.0;742.77;108.0;17.51;65.45;2.83
605.0;800.29;117.0;19.79;59.25;3.45
687.0;823.05;126.0;21.5;51.75;4.41
703.0;761.79;159.0;22.53;46.75;4.9
708.0;812.68;135.0;23.22;45.35;4.76
654.0;802.91;128.0;23.58;43.9;4.62
482.0;477.42;211.0;23.8;45.5;4.69
337.0;325.46;191.0;23.62;45.5;4.76
239.0;421.41;110.0;23.31;48.7;4.55
92.0;226.83;58.0;22.36;53.85;4.14
0.0;0.0;0.0;21.25;55.55;4.07
0.0;0.0;0.0;20.61;57.45;4.28
0.0;0.0;0.0;20.09;57.3;4.41
0.0;0.0;0.0;19.83;57.2;4.34
0.0;0.0;0.0;19.61;55.2;4.0
0.0;0.0;0.0;19.24;57.1;3.1
0.0;0.0;0.0;18.12;63.4;2.28
0.0;0.0;0.0;17.27;75.4;2.14
0.0;0.0;0.0;16.61;80.8;1.93
0.0;0.0;0.0;16.22;89.65;1.86
0.0;0.0;0.0;16.35;92.8;2.41
0.0;0.0;0.0;16.66;89.65;3.03
0.0;0.0;0.0;16.53;86.6;2.76
63.0;0.0;63.0;16.48;89.65;2.55
129.0;0.0;129.0;16.18;89.65;2.21
168.0;0.0;168.0;16.53;86.6;2.14
395.0;104.81;324.0;17.38;86.65;2.34
295.0;15.5;284.0;18.32;81.0;3.17
617.0;542.54;237.0;18.93;78.25;3.45
143.0;0.0;143.0;18.95;78.25;2.69
210.0;8.89;205.0;19.29;75.65;2.69
80.0;0.0;80.0;19.46;73.05;2.83
49.0;0.0;49.0;18.97;75.55;2.34
51.0;20.83;48.0;18.44;75.55;2.21
0.0;0.0;0.0;17.64;75.45;2.07
0.0;0.0;0.0;17.0;78.1;2.14
0.0;0.0;0.0;16.52;83.65;1.72
0.0;0.0;0.0;16.13;86.55;1.72
0.0;0.0;0.0;15.58;89.6;1.79
0.0;0.0;0.0;15.22;92.75;1.52
0.0;0.0;0.0;14.88;92.7;1.45
0.0;0.0;0.0;14.58;92.7;1.17
0.0;0.0;0.0;14.63;89.5;0.41
0.0;0.0;0.0;14.37;92.7;0.48
0.0;0.0;0.0;13.37;95.95;1.45
14.0;19.62;13.0;12.32;99.4;1.93
43.0;0.0;43.0;12.8;95.95;1.79
102.0;0.0;102.0;14.56;89.5;2.07
197.0;14.13;190.0;15.82;86.5;2.69
170.0;0.0;170.0;16.71;75.3;4.14
115.0;0.0;115.0;17.61;72.9;4.41
182.0;0.0;182.0;16.16;75.25;5.24
146.0;0.0;146.0;14.91;83.45;6.0
240.0;6.2;236.0;13.53;86.35;6.07
277.0;50.26;249.0;13.05;86.3;4.69
365.0;484.48;153.0;13.58;80.4;4.62
242.0;512.48;91.0;14.59;72.4;4.83
73.0;130.37;55.0;14.85;69.85;3.93
0.0;0.0;0.0;14.48;67.35;3.93
0.0;0.0;0.0;14.08;67.25;4.14
0.0;0.0;0.0;13.12;74.75;4.07
0.0;0.0;0.0;13.25;74.75;4.21
0.0;0.0;0.0;13.2;74.75;4.21
0.0;0.0;0.0;13.44;77.5;4.14
0.0;0.0;0.0;12.89;80.3;3.79
0.0;0.0;0.0;12.35;83.15;3.59
0.0;0.0;0.0;11.97;83.15;3.59
0.0;0.0;0.0;11.75;86.15;3.52
0.0;0.0;0.0;11.78;86.15;3.52
7.0;0.0;7.0;11.54;86.15;3.45
112.0;130.77;85.0;12.08;83.15;3.52
197.0;103.31;160.0;13.2;80.35;3.52
271.0;87.49;228.0;13.74;80.4;4.41
398.0;184.11;288.0;14.9;72.4;5.45
353.0;59.81;313.0;15.87;65.15;5.59
405.0;91.34;341.0;16.56;58.7;5.52
466.0;182.37;340.0;17.22;56.75;5.59
498.0;328.07;288.0;17.2;54.7;5.31
424.0;328.01;243.0;17.55;51.0;5.31
229.0;76.39;196.0;17.46;50.85;4.83
219.0;380.84;109.0;17.26;50.85;3.66
81.0;227.11;51.0;16.72;54.6;2.55
0.0;0.0;0.0;15.38;60.5;2.34
0.0;0.0;0.0;14.18;62.55;2.55
0.0;0.0;0.0;13.67;69.65;2.62
0.0;0.0;0.0;13.53;72.2;2.76
0.0;0.0;0.0;13.47;74.85;2.97
0.0;0.0;0.0;12.85;83.25;3.03
0.0;0.0;0.0;12.78;86.25;2.97
0.0;0.0;0.0;12.8;86.25;2.69
0.0;0.0;0.0;13.21;86.3;2.55
0.0;0.0;0.0;13.42;86.3;2.34
0.0;0.0;0.0;13.52;83.35;2.21
3.0;0.0;3.0;13.49;83.35;2.14
60.0;4.94;59.0;13.63;86.35;1.93
80.0;0.0;80.0;13.96;86.35;2.97
319.0;184.64;229.0;14.52;80.55;3.1
300.0;50.57;270.0;15.44;75.1;3.03
438.0;167.05;327.0;16.43;67.65;3.03
391.0;80.45;335.0;17.01;63.2;2.9
582.0;444.58;277.0;17.85;61.05;2.9
496.0;335.44;283.0;18.29;56.95;2.76
378.0;219.61;258.0;18.64;56.95;2.69
245.0;110.24;198.0;18.63;56.95;2.34
239.0;554.81;82.0;18.28;59.05;1.79
83.0;309.34;44.0;17.68;63.3;1.17
0.0;0.0;0.0;16.29;77.95;1.1
0.0;0.0;0.0;15.52;72.55;0.9
0.0;0.0;0.0;13.19;86.3;1.45
0.0;0.0;0.0;12.35;89.35;1.45
0.0;0.0;0.0;12.05;89.35;1.31
0.0;0.0;0.0;11.76;92.55;1.24
0.0;0.0;0.0;11.57;89.3;1.1
0.0;0.0;0.0;11.23;92.55;1.1
0.0;0.0;0.0;11.01;92.55;1.03
0.0;0.0;0.0;10.4;95.9;1.1
0.0;0.0;0.0;9.76;99.4;1.24
5.0;0.0;5.0;9.2;99.4;1.31
153.0;463.89;61.0;10.04;95.9;0.97
319.0;668.48;85.0;13.13;89.4;0.76
471.0;767.61;100.0;13.82;92.65;0.76
594.0;818.26;112.0;16.02;80.75;1.31
569.0;472.69;257.0;17.75;67.95;2.14
598.0;470.02;273.0;18.67;63.4;2.14
563.0;400.79;290.0;19.46;59.15;2.14
453.0;239.75;302.0;20.01;55.2;2.14
331.0;127.55;262.0;20.08;51.5;2.07
224.0;76.07;192.0;20.04;49.7;2.14
192.0;270.68;117.0;19.61;55.2;1.79
82.0;349.96;40.0;18.76;61.2;1.66
0.0;0.0;0.0;17.53;63.3;1.93
0.0;0.0;0.0;15.94;70.0;2.07
0.0;0.0;0.0;14.73;75.0;2.07
0.0;0.0;0.0;13.87;80.4;2.0
0.0;0.0;0.0;13.24;83.25;2.0
0.0;0.0;0.0;12.41;86.2;2.0
0.0;0.0;0.0;11.54;86.15;2.07
0.0;0.0;0.0;10.86;92.5;2.07
0.0;0.0;0.0;10.36;92.5;2.07
0.0;0.0;0.0;9.93;95.85;2.07
0.0;0.0;0.0;9.59;92.45;2.14
5.0;0.0;5.0;9.41;95.85;2.14
145.0;427.37;62.0;10.2;92.5;1.86
304.0;612.8;92.0;13.24;86.3;1.79
456.0;726.25;108.0;15.62;80.65;2.0
575.0;776.36;121.0;17.75;75.45;2.21
656.0;799.28;132.0;19.44;70.55;2.69
712.0;870.74;114.0;20.57;63.8;3.1
688.0;832.59;125.0;21.41;61.7;2.97
624.0;798.91;125.0;21.93;59.7;2.69
524.0;765.67;114.0;22.21;57.75;2.55
0.0;0.0;0.0;22.28;59.8;2.55
184.0;258.18;114.0;21.98;61.85;2.34
76.0;324.79;39.0;20.96;70.8;2.0
0.0;0.0;0.0;19.24;75.65;2.28
0.0;0.0;0.0;17.87;80.9;2.34
0.0;0.0;0.0;17.01;80.85;2.41
0.0;0.0;0.0;16.07;86.55;2.34
0.0;0.0;0.0;15.3;92.75;2.21
0.0;0.0;0.0;14.54;92.7;2.14
0.0;0.0;0.0;13.73;95.95;1.93
0.0;0.0;0.0;12.93;99.4;1.93
0.0;0.0;0.0;12.24;99.4;1.93
0.0;0.0;0.0;11.76;99.4;1.93
0.0;0.0;0.0;11.39;99.35;2.0
3.0;0.0;3.0;11.1;99.35;2.0
125.0;273.56;73.0;11.63;95.9;1.72
296.0;582.15;97.0;14.49;89.5;1.45
448.0;709.49;111.0;16.84;83.65;1.45
563.0;744.23;131.0;19.02;75.55;1.45
653.0;801.74;131.0;21.0;66.05;1.45
701.0;848.93;122.0;22.67;55.9;1.66
681.0;822.41;129.0;23.81;48.8;2.0
614.0;778.27;132.0;24.36;44.05;2.21
516.0;756.69;115.0;24.57;41.0;2.14
371.0;640.38;109.0;24.45;41.0;1.93
217.0;505.38;83.0;23.81;47.15;1.52
64.0;222.66;40.0;22.39;55.8;2.0
0.0;0.0;0.0;20.15;59.35;2.41
0.0;0.0;0.0;18.41;63.4;2.48
0.0;0.0;0.0;17.27;63.2;2.48
0.0;0.0;0.0;16.18;67.65;2.41
0.0;0.0;0.0;15.23;69.9;2.34
0.0;0.0;0.0;14.34;74.95;2.21
0.0;0.0;0.0;13.78;77.6;2.07
0.0;0.0;0.0;13.38;80.35;2.07
0.0;0.0;0.0;13.29;80.35;1.93
0.0;0.0;0.0;13.36;80.35;1.93
0.0;0.0;0.0;13.05;80.35;2.0
2.0;0.0;2.0;12.92;83.25;2.0
132.0;371.1;63.0;13.4;83.25;1.79
287.0;559.69;98.0;15.39;77.8;1.52
440.0;696.73;112.0;17.39;75.4;1.52
563.0;767.21;121.0;19.38;73.05;1.66
643.0;791.91;131.0;21.06;66.15;2.0
657.0;723.52;167.0;22.63;57.9;2.48
656.0;762.59;148.0;23.38;54.1;2.62
603.0;768.73;131.0;23.83;48.8;2.48
501.0;724.71;121.0;23.79;47.15;2.41
366.0;649.63;104.0;23.37;48.7;2.34
209.0;490.11;82.0;22.64;54.0;2.14
67.0;314.87;35.0;21.4;59.6;2.21
0.0;0.0;0.0;19.55;65.85;2.41
0.0;0.0;0.0;18.14;70.45;2.62
0.0;0.0;0.0;17.48;72.8;2.69
0.0;0.0;0.0;16.53;75.3;2.55
0.0;0.0;0.0;15.62;83.55;2.41
0.0;0.0;0.0;14.75;89.5;2.28
0.0;0.0;0.0;14.21;92.7;2.07
0.0;0.0;0.0;13.67;92.65;2.07
0.0;0.0;0.0;13.32;95.95;2.14
0.0;0.0;0.0;12.99;95.95;2.14
0.0;0.0;0.0;12.79;99.4;2.0
0.0;0.0;0.0;12.72;99.4;1.79
77.0;49.52;68.0;12.79;99.4;1.52
214.0;206.89;145.0;14.34;96.0;2.34
371.0;407.28;181.0;14.93;96.0;2.07
468.0;425.04;225.0;16.26;86.55;2.21
583.0;593.51;202.0;17.32;83.7;2.28
497.0;273.64;313.0;18.25;78.25;2.07
148.0;0.0;148.0;19.27;73.05;1.93
96.0;0.0;96.0;19.53;73.15;2.07
76.0;0.0;76.0;19.28;78.3;2.14
219.0;98.13;180.0;19.1;78.3;2.34
167.0;245.0;105.0;18.06;75.55;2.34
56.0;230.52;34.0;17.5;80.85;1.24
0.0;0.0;0.0;16.76;83.65;1.17
0.0;0.0;0.0;15.9;86.5;1.66
0.0;0.0;0.0;14.61;92.7;1.66
0.0;0.0;0.0;13.94;99.4;1.66
0.0;0.0;0.0;13.59;95.95;1.52
0.0;0.0;0.0;13.14;99.4;1.66
0.0;0.0;0.0;12.51;95.95;1.79
0.0;0.0;0.0;12.12;99.4;1.79
0.0;0.0;0.0;11.83;99.4;1.79
0.0;0.0;0.0;11.92;100.0;1.59
0.0;0.0;0.0;12.05;99.4;1.52
0.0;0.0;0.0;12.06;99.4;1.52
50.0;5.63;49.0;12.09;99.4;1.38
61.0;0.0;61.0;12.38;95.95;1.93
161.0;4.33;159.0;13.68;92.65;1.72
356.0;142.79;275.0;15.08;77.8;1.52
458.0;238.5;306.0;15.93;72.55;1.24
460.0;197.74;328.0;16.96;65.35;0.97
498.0;292.73;306.0;17.4;58.8;0.69
503.0;427.72;245.0;18.17;54.95;0.62
393.0;327.47;225.0;18.26;51.15;0.69
232.0;127.71;182.0;18.39;49.3;0.9
163.0;234.84;105.0;18.15;49.3;0.55
41.0;89.66;33.0;17.8;54.85;0.34
0.0;0.0;0.0;15.8;67.55;1.31
0.0;0.0;0.0;13.79;74.85;1.66
0.0;0.0;0.0;12.47;80.3;1.72
0.0;0.0;0.0;11.44;89.3;1.66
0.0;0.0;0.0;10.91;92.5;1.72
0.0;0.0;0.0;10.57;89.25;1.72
0.0;0.0;0.0;10.53;92.5;1.59
0.0;0.0;0.0;10.35;95.9;1.72
0.0;0.0;0.0;10.45;92.5;1.79
0.0;0.0;0.0;10.43;95.9;1.93
0.0;0.0;0.0;10.66;95.9;1.93
0.0;0.0;0.0;11.04;95.9;2.0
30.0;0.0;30.0;11.65;95.9;1.86
88.0;0.0;88.0;13.31;92.65;1.72
231.0;61.15;203.0;14.45;92.7;1.86
433.0;337.6;243.0;15.36;86.5;2.34
511.0;388.86;265.0;16.17;80.75;2.48
397.0;111.68;323.0;16.76;78.0;2.9
536.0;411.86;268.0;17.6;72.9;3.17
408.0;204.1;286.0;18.18;70.45;3.24
375.0;295.68;225.0;18.47;70.45;3.1
265.0;243.79;171.0;18.48;70.45;3.03
154.0;215.9;102.0;18.14;72.95;2.62
33.0;48.2;29.0;17.65;75.45;2.76
0.0;0.0;0.0;16.84;78.0;2.83
0.0;0.0;0.0;16.12;80.75;2.69
0.0;0.0;0.0;15.84;86.5;2.9
0.0;0.0;0.0;15.01;89.55;2.62
0.0;0.0;0.0;14.33;92.7;2.41
0.0;0.0;0.0;13.81;95.95;2.34
0.0;0.0;0.0;13.4;95.95;2.48
0.0;0.0;0.0;13.14;95.95;2.48
0.0;0.0;0.0;13.03;95.95;2.41
0.0;0.0;0.0;12.77;95.95;2.34
0.0;0.0;0.0;12.81;99.4;2.34
0.0;0.0;0.0;12.66;95.95;2.48
101.0;206.95;66.0;13.06;95.95;2.55
262.0;498.74;102.0;14.25;92.7;3.66
409.0;635.0;121.0;15.04;89.55;3.66
534.0;732.6;125.0;16.24;86.55;3.45
618.0;777.2;130.0;17.56;80.9;3.31
660.0;813.53;125.0;18.96;78.25;3.31
643.0;797.88;128.0;20.5;70.7;3.45
575.0;753.09;129.0;21.47;63.9;3.45
405.0;408.74;200.0;21.98;61.85;3.38
132.0;7.9;129.0;22.07;59.8;3.24
17.0;0.0;17.0;21.56;61.85;2.62
38.0;143.38;27.0;20.21;68.3;2.34
0.0;0.0;0.0;18.87;75.55;2.55
0.0;0.0;0.0;17.53;78.15;2.76
0.0;0.0;0.0;16.96;86.6;2.97
0.0;0.0;0.0;16.44;89.65;3.03
0.0;0.0;0.0;16.12;89.65;2.97
0.0;0.0;0.0;15.6;89.6;2.76
0.0;0.0;0.0;15.09;89.55;2.62
0.0;0.0;0.0;14.66;92.7;2.55
0.0;0.0;0.0;14.31;92.7;2.62
0.0;0.0;0.0;13.96;95.95;2.62
0.0;0.0;0.0;13.61;92.65;2.55
0.0;0.0;0.0;13.26;95.95;2.48
104.0;248.68;63.0;13.36;95.95;2.34
244.0;407.56;115.0;14.77;89.5;2.21
399.0;598.91;130.0;16.89;83.65;2.55
516.0;666.39;147.0;18.7;75.55;2.62
608.0;754.26;138.0;20.33;70.7;2.55
646.0;781.48;136.0;21.76;64.0;2.62
632.0;776.34;135.0;22.77;59.95;2.83
524.0;559.08;196.0;23.37;56.0;2.9
412.0;453.86;187.0;23.62;52.35;2.69
311.0;492.52;127.0;23.56;54.1;2.41
165.0;350.08;85.0;22.96;55.9;1.72
41.0;227.14;25.0;21.73;59.7;1.72
0.0;0.0;0.0;20.19;65.95;2.0
0.0;0.0;0.0;18.57;72.95;2.21
0.0;0.0;0.0;17.21;72.8;2.28
0.0;0.0;0.0;16.22;75.25;2.21
0.0;0.0;0.0;15.26;80.6;2.07
0.0;0.0;0.0;14.53;83.45;1.86
0.0;0.0;0.0;13.77;86.35;1.86
0.0;0.0;0.0;13.23;89.4;1.72
0.0;0.0;0.0;12.73;92.6;1.66
0.0;0.0;0.0;12.24;92.6;1.66
0.0;0.0;0.0;11.9;95.9;1.59
0.0;0.0;0.0;11.61;95.9;1.52
91.0;168.12;64.0;11.67;95.9;1.31
162.0;83.28;136.0;14.54;89.5;1.24
396.0;600.37;129.0;16.61;86.6;2.07
468.0;484.4;202.0;18.02;81.0;2.34
561.0;583.85;200.0;19.11;78.3;2.97
382.0;103.47;315.0;19.43;78.3;3.24
611.0;708.83;161.0;19.61;75.7;3.1
236.0;13.77;228.0;19.61;75.7;3.52
391.0;391.91;199.0;19.37;70.55;4.07
287.0;394.51;142.0;18.94;63.4;4.41
153.0;292.37;88.0;18.11;56.95;4.07
35.0;202.67;22.0;17.06;58.8;3.31
0.0;0.0;0.0;15.72;60.65;2.55
0.0;0.0;0.0;14.33;67.25;2.28
0.0;0.0;0.0;13.85;72.2;2.41
0.0;0.0;0.0;13.11;72.1;2.41
0.0;0.0;0.0;12.54;74.7;2.34
0.0;0.0;0.0;12.26;74.6;2.28
0.0;0.0;0.0;12.09;74.6;2.21
0.0;0.0;0.0;11.61;77.3;2.14
0.0;0.0;0.0;11.46;77.3;1.93
0.0;0.0;0.0;11.16;80.1;1.79
0.0;0.0;0.0;10.93;83.0;1.52
0.0;0.0;0.0;10.62;86.05;1.45
66.0;51.18;58.0;10.68;86.05;1.38
242.0;415.77;114.0;12.32;80.2;1.38
418.0;713.2;104.0;13.66;77.6;1.38
534.0;754.82;123.0;15.04;67.45;1.31
466.0;290.16;288.0;16.26;60.75;1.93
606.0;633.51;199.0;17.02;54.7;2.28
553.0;494.06;242.0;17.48;50.85;2.41
448.0;323.22;262.0;17.74;49.15;2.55
375.0;334.68;213.0;17.71;47.4;2.97
320.0;586.49;108.0;17.45;49.05;3.45
163.0;393.33;78.0;16.7;50.75;3.38
30.0;172.9;20.0;15.73;54.35;2.97
0.0;0.0;0.0;14.5;58.25;2.9
0.0;0.0;0.0;13.29;64.65;2.97
0.0;0.0;0.0;12.38;66.85;3.03
0.0;0.0;0.0;11.61;69.25;2.69
0.0;0.0;0.0;11.01;71.75;2.34
0.0;0.0;0.0;10.34;77.1;2.14
0.0;0.0;0.0;9.61;79.9;1.93
0.0;0.0;0.0;8.79;82.75;2.0
0.0;0.0;0.0;8.2;85.85;2.14
0.0;0.0;0.0;7.67;85.85;2.21
0.0;0.0;0.0;7.35;89.0;2.0
0.0;0.0;0.0;6.97;85.8;2.14
114.0;447.38;46.0;7.14;85.8;2.07
262.0;579.91;86.0;9.35;82.85;1.86
395.0;624.17;123.0;11.49;74.55;1.93
508.0;666.87;148.0;13.46;69.55;2.14
606.0;782.16;130.0;14.83;60.4;2.55
647.0;817.5;126.0;15.77;54.35;2.55
618.0;762.73;142.0;16.52;50.75;2.62
530.0;626.55;173.0;17.18;47.3;2.62
452.0;690.18;122.0;17.42;47.3;2.41
319.0;621.88;98.0;17.36;47.3;2.28
167.0;471.74;68.0;17.01;47.3;2.14
28.0;213.52;17.0;15.94;54.35;1.79
0.0;0.0;0.0;14.51;58.25;2.14
0.0;0.0;0.0;13.1;64.65;2.21
0.0;0.0;0.0;12.1;69.35;2.14
0.0;0.0;0.0;11.41;74.45;2.21
0.0;0.0;0.0;10.65;77.15;2.28
0.0;0.0;0.0;10.03;79.95;2.28
0.0;0.0;0.0;9.46;82.9;2.28
0.0;0.0;0.0;8.92;89.1;2.21
0.0;0.0;0.0;8.41;89.05;2.14
0.0;0.0;0.0;7.96;89.05;2.07
0.0;0.0;0.0;7.56;85.85;2.14
0.0;0.0;0.0;7.25;89.0;2.14
107.0;406.32;47.0;7.43;85.85;2.07
265.0;621.87;79.0;9.94;82.95;1.86
407.0;709.55;101.0;12.42;74.6;2.28
525.0;764.3;116.0;14.35;64.85;2.41
603.0;788.55;127.0;16.05;56.5;2.62
640.0;813.13;126.0;17.3;50.85;3.03
608.0;745.19;147.0;18.04;47.55;3.1
532.0;659.47;160.0;18.54;47.55;3.03
429.0;605.66;143.0;18.75;47.55;3.03
303.0;558.33;108.0;18.66;47.55;3.03
155.0;417.47;70.0;18.11;49.3;2.69
21.0;132.77;15.0;16.71;54.6;2.55
0.0;0.0;0.0;15.03;58.35;2.76
0.0;0.0;0.0;13.9;64.75;2.76
0.0;0.0;0.0;12.9;69.45;2.62
0.0;0.0;0.0;12.07;71.95;2.55
0.0;0.0;0.0;11.36;77.2;2.55
0.0;0.0;0.0;10.75;77.15;2.55
0.0;0.0;0.0;10.17;79.95;2.48
0.0;0.0;0.0;9.59;82.9;2.41
0.0;0.0;0.0;9.02;82.85;2.34
0.0;0.0;0.0;8.49;85.9;2.34
0.0;0.0;0.0;8.05;85.85;2.34
0.0;0.0;0.0;7.65;85.85;2.28
101.0;376.79;47.0;7.59;85.85;2.07
256.0;593.87;81.0;9.86;82.9;1.72
401.0;696.03;104.0;12.64;74.7;1.52
517.0;752.28;118.0;14.98;67.45;1.38
594.0;776.72;129.0;17.12;65.45;1.38
635.0;811.93;126.0;18.93;65.65;1.38
606.0;756.75;142.0;20.23;61.5;1.38
543.0;732.51;134.0;21.07;57.55;1.45
448.0;729.22;108.0;21.51;57.55;1.59
311.0;641.18;91.0;21.54;57.55;1.66
149.0;410.46;68.0;21.1;59.6;1.38
12.0;0.0;12.0;19.99;68.2;1.59
0.0;0.0;0.0;18.12;72.95;1.79
0.0;0.0;0.0;16.24;83.6;1.72
0.0;0.0;0.0;14.57;86.45;1.59
0.0;0.0;0.0;13.61;89.45;1.45
0.0;0.0;0.0;12.7;92.6;1.52
0.0;0.0;0.0;12.17;92.6;1.38
0.0;0.0;0.0;11.33;95.9;1.52
0.0;0.0;0.0;10.52;95.9;1.72
0.0;0.0;0.0;10.13;95.9;1.86
0.0;0.0;0.0;10.0;95.9;2.0
0.0;0.0;0.0;9.89;99.4;2.07
0.0;0.0;0.0;10.01;95.9;2.14
71.0;122.35;54.0;10.1;95.9;1.86
211.0;334.21;114.0;12.15;92.6;1.38
366.0;551.98;133.0;14.14;89.5;1.31
492.0;673.5;138.0;15.87;83.55;1.52
572.0;720.94;144.0;17.32;75.4;2.07
611.0;762.49;137.0;18.19;65.65;2.48
586.0;714.25;152.0;18.92;63.4;2.69
518.0;664.14;151.0;19.58;59.25;2.97
424.0;653.96;123.0;19.88;57.2;3.24
269.0;430.32;124.0;19.77;57.2;3.31
139.0;366.37;69.0;19.22;59.15;2.69
10.0;0.0;10.0;18.01;63.3;2.14
0.0;0.0;0.0;16.8;65.35;1.72
0.0;0.0;0.0;15.36;77.8;1.1
0.0;0.0;0.0;14.36;80.45;1.24
0.0;0.0;0.0;12.93;89.4;2.21
0.0;0.0;0.0;12.64;89.4;2.41
0.0;0.0;0.0;12.86;89.4;2.48
0.0;0.0;0.0;13.15;89.4;2.69
0.0;0.0;0.0;13.59;89.45;2.76
0.0;0.0;0.0;13.79;89.45;2.76
0.0;0.0;0.0;13.69;89.45;2.76
0.0;0.0;0.0;13.57;89.45;2.83
0.0;0.0;0.0;13.39;92.65;2.83
75.0;170.92;52.0;13.39;92.65;2.9
221.0;412.93;103.0;14.53;86.45;2.69
372.0;610.77;117.0;16.53;83.65;3.72
494.0;710.44;124.0;18.12;75.55;4.34
566.0;716.92;144.0;19.49;70.55;4.62
602.0;744.7;143.0;20.64;61.6;4.97
559.0;627.82;181.0;21.46;57.55;5.24
488.0;561.45;181.0;21.88;53.75;5.31
407.0;594.36;137.0;22.05;51.9;5.17
285.0;565.31;98.0;21.88;50.05;4.9
108.0;167.77;77.0;21.29;53.6;3.93
7.0;0.0;7.0;20.0;57.2;3.45
0.0;0.0;0.0;18.51;61.2;3.03
0.0;0.0;0.0;17.51;63.3;2.9
0.0;0.0;0.0;16.72;63.05;3.03
0.0;0.0;0.0;16.36;67.65;3.24
0.0;0.0;0.0;15.81;70.0;2.76
0.0;0.0;0.0;15.31;72.45;2.14
0.0;0.0;0.0;14.69;75.0;2.21
0.0;0.0;0.0;14.95;75.0;2.34
0.0;0.0;0.0;15.05;72.45;2.62
0.0;0.0;0.0;14.91;75.0;2.69
0.0;0.0;0.0;14.72;77.75;2.76
0.0;0.0;0.0;14.66;77.75;2.69
69.0;145.98;50.0;14.3;83.4;2.62
180.0;202.65;123.0;14.36;86.4;2.69
185.0;31.49;172.0;15.65;77.85;4.14
343.0;186.06;247.0;16.39;75.25;4.69
377.0;155.94;286.0;16.68;70.2;4.55
582.0;674.27;170.0;17.28;65.45;4.41
297.0;45.26;270.0;17.51;61.05;4.41
364.0;190.39;261.0;17.71;58.9;4.55
343.0;334.64;193.0;17.77;56.85;4.41
184.0;113.98;147.0;17.65;54.85;4.14
93.0;106.45;74.0;17.11;54.7;3.52
0.0;0.0;0.0;16.31;58.6;2.9
0.0;0.0;0.0;14.97;62.65;2.21
0.0;0.0;0.0;13.86;67.15;2.07
0.0;0.0;0.0;12.74;69.45;2.21
0.0;0.0;0.0;11.72;74.55;2.34
0.0;0.0;0.0;10.99;77.2;2.48
0.0;0.0;0.0;10.61;80.05;2.69
0.0;0.0;0.0;10.46;80.05;2.83
0.0;0.0;0.0;10.26;82.95;2.97
0.0;0.0;0.0;10.04;79.95;2.97
0.0;0.0;0.0;9.89;82.9;3.03
0.0;0.0;0.0;9.77;82.9;3.1
0.0;0.0;0.0;9.57;82.9;3.03
82.0;302.22;44.0;9.65;82.9;3.03
233.0;545.62;82.0;10.68;80.05;2.69
377.0;666.36;105.0;11.95;83.1;4.0
485.0;692.64;131.0;13.44;74.75;4.83
416.0;240.3;277.0;14.44;67.25;4.62
580.0;678.59;169.0;15.26;62.75;4.69
379.0;148.93;291.0;15.42;62.75;4.34
303.0;87.83;256.0;15.84;60.65;4.9
297.0;199.0;209.0;15.97;58.45;5.03
231.0;298.36;136.0;15.94;60.65;4.28
102.0;174.21;72.0;15.77;58.45;3.72
0.0;0.0;0.0;15.03;60.5;3.03
0.0;0.0;0.0;14.29;64.85;2.83
0.0;0.0;0.0;14.06;67.25;2.83
0.0;0.0;0.0;13.24;72.1;2.76
0.0;0.0;0.0;12.84;74.7;2.83
0.0;0.0;0.0;12.48;77.45;2.76
0.0;0.0;0.0;12.13;80.2;2.62
0.0;0.0;0.0;11.66;86.15;2.62
0.0;0.0;0.0;11.08;89.3;2.69
0.0;0.0;0.0;10.59;89.25;2.69
0.0;0.0;0.0;10.22;92.5;2.69
0.0;0.0;0.0;9.88;92.45;2.62
0.0;0.0;0.0;9.69;92.45;2.62
76.0;272.06;43.0;9.91;92.45;2.55
215.0;451.86;92.0;10.77;89.25;2.34
356.0;582.43;121.0;12.49;83.25;3.86
476.0;681.57;131.0;13.74;80.4;3.66
543.0;675.03;156.0;14.93;72.4;3.52
541.0;561.4;204.0;16.22;62.95;3.72
473.0;379.32;251.0;16.56;60.85;3.52
386.0;264.51;246.0;16.9;60.85;3.31
305.0;238.45;201.0;17.36;58.8;3.45
249.0;435.6;113.0;17.45;58.8;3.38
98.0;180.81;68.0;17.08;58.8;2.62
0.0;0.0;0.0;16.43;62.95;1.86
0.0;0.0;0.0;15.77;65.15;1.45
0.0;0.0;0.0;15.2;69.9;1.59
0.0;0.0;0.0;14.31;74.95;1.79
0.0;0.0;0.0;13.75;77.6;1.72
0.0;0.0;0.0;13.21;80.35;1.79
0.0;0.0;0.0;12.74;80.3;1.72
0.0;0.0;0.0;12.34;83.15;1.59
0.0;0.0;0.0;11.8;86.15;1.52
0.0;0.0;0.0;10.63;89.25;1.59
0.0;0.0;0.0;10.11;92.5;1.38
0.0;0.0;0.0;9.75;95.85;1.38
0.0;0.0;0.0;9.39;95.85;1.24
62.0;145.49;45.0;9.85;95.85;0.97
218.0;485.72;88.0;11.44;92.55;0.55
365.0;644.5;108.0;13.22;86.3;0.69
480.0;708.23;125.0;15.25;75.1;0.9
561.0;758.62;130.0;16.5;65.35;1.31
579.0;714.45;154.0;17.41;60.95;2.21
543.0;626.29;180.0;18.15;56.95;2.34
463.0;525.41;188.0;18.98;54.95;2.55
375.0;527.81;148.0;19.12;53.15;2.28
256.0;503.26;102.0;19.06;53.15;2.0
88.0;137.82;66.0;18.51;56.95;1.31
0.0;0.0;0.0;17.43;63.2;1.17
0.0;0.0;0.0;15.18;72.45;1.52
0.0;0.0;0.0;13.44;80.35;2.14
0.0;0.0;0.0;12.49;83.25;2.28
0.0;0.0;0.0;11.52;86.15;2.21
0.0;0.0;0.0;10.98;86.1;2.28
0.0;0.0;0.0;10.58;89.25;2.34
0.0;0.0;0.0;10.35;89.2;2.41
0.0;0.0;0.0;10.2;89.2;2.41
0.0;0.0;0.0;10.08;89.2;2.48
0.0;0.0;0.0;9.99;89.2;2.48
0.0;0.0;0.0;9.86;92.45;2.48
0.0;0.0;0.0;9.7;92.45;2.48
65.0;204.68;42.0;9.68;92.45;2.41
211.0;471.39;87.0;11.26;89.3;2.28
355.0;621.83;110.0;13.67;86.35;2.55
469.0;685.09;129.0;15.94;77.85;2.9
539.0;692.79;149.0;17.95;70.35;3.17
576.0;734.62;143.0;19.52;63.6;3.66
553.0;698.7;152.0;20.63;59.5;4.14
472.0;595.17;164.0;21.26;57.55;4.62
267.0;153.3;202.0;21.48;55.55;5.24
154.0;73.38;132.0;21.24;55.55;5.17
80.0;117.38;62.0;20.41;59.35;4.34
0.0;0.0;0.0;19.26;61.3;4.34
0.0;0.0;0.0;18.22;59.05;4.41
0.0;0.0;0.0;17.54;58.9;4.62
0.0;0.0;0.0;16.49;62.95;4.69
0.0;0.0;0.0;15.7;65.15;4.62
0.0;0.0;0.0;14.88;72.4;4.48
0.0;0.0;0.0;14.11;77.65;4.34
0.0;0.0;0.0;13.61;80.4;4.41
0.0;0.0;0.0;13.25;86.3;4.55
0.0;0.0;0.0;12.74;89.4;4.76
0.0;0.0;0.0;12.62;89.4;4.97
0.0;0.0;0.0;12.58;89.4;5.31
0.0;0.0;0.0;12.56;89.4;5.72
63.0;222.46;39.0;12.58;92.6;5.79
38.0;0.0;38.0;12.6;92.6;5.52
298.0;357.13;159.0;12.82;92.6;6.21
96.0;0.0;96.0;13.4;89.4;4.83
64.0;0.0;64.0;13.09;83.25;6.0
339.0;97.61;282.0;13.27;80.35;5.86
280.0;44.0;255.0;14.01;69.75;5.79
79.0;0.0;79.0;14.21;64.85;5.24
214.0;62.21;188.0;14.56;60.4;5.79
132.0;40.87;120.0;13.55;67.15;4.48
68.0;74.79;57.0;12.44;77.35;4.07
0.0;0.0;0.0;11.72;80.15;3.93
0.0;0.0;0.0;11.16;83.05;3.38
0.0;0.0;0.0;10.32;86.0;3.45
0.0;0.0;0.0;10.5;83.0;2.97
0.0;0.0;0.0;9.67;89.15;3.17
0.0;0.0;0.0;9.16;89.1;3.03
0.0;0.0;0.0;8.41;92.4;2.97
0.0;0.0;0.0;7.66;85.85;3.03
0.0;0.0;0.0;7.09;82.65;3.03
0.0;0.0;0.0;6.12;82.55;2.76
0.0;0.0;0.0;5.53;82.5;2.62
0.0;0.0;0.0;5.08;82.4;2.62
0.0;0.0;0.0;4.8;85.55;2.62
71.0;367.58;33.0;4.79;88.85;2.62
223.0;594.93;72.0;5.87;88.9;2.48
369.0;715.38;94.0;7.36;85.8;4.0
481.0;752.67;115.0;8.66;82.75;3.79
553.0;762.05;132.0;9.83;82.9;3.52
474.0;369.95;260.0;10.62;80.05;3.66
283.0;42.67;259.0;11.12;74.45;3.79
416.0;389.59;219.0;11.38;71.75;3.86
220.0;70.42;191.0;11.36;64.25;3.72
156.0;90.47;130.0;11.33;59.6;3.45
112.0;489.96;43.0;10.94;61.75;2.9
0.0;0.0;0.0;6.97;69.87;2.44
0.0;0.0;0.0;7.29;71.58;2.44
0.0;0.0;0.0;7.6;73.29;2.44
0.0;0.0;0.0;7.91;74.99;2.43
0.0;0.0;0.0;8.23;76.7;2.43
0.0;0.0;0.0;8.54;78.41;2.43
0.0;0.0;0.0;8.85;80.11;2.43
0.0;0.0;0.0;9.17;81.82;2.43
0.0;0.0;0.0;9.48;83.53;2.43
0.0;0.0;0.0;9.79;85.24;2.43
0.0;0.0;0.0;10.11;86.94;2.43
0.0;0.0;0.0;10.42;88.65;2.43
0.0;0.0;0.0;10.74;90.36;2.43
52.0;161.84;36.0;11.05;92.06;2.43
169.0;272.92;101.0;11.36;93.77;2.43
318.0;508.46;125.0;11.68;95.48;2.42
437.0;629.64;134.0;16.26;80.75;2.48
504.0;635.99;156.0;18.28;72.95;2.69
441.0;324.64;255.0;19.87;68.3;2.9
502.0;583.75;177.0;20.98;68.4;3.03
381.0;324.18;219.0;21.6;66.15;3.03
320.0;394.35;160.0;21.76;64.0;3.03
96.0;7.11;94.0;21.22;68.5;2.41
46.0;14.86;44.0;20.38;73.2;1.93
0.0;0.0;0.0;18.98;75.65;2.21
0.0;0.0;0.0;17.59;78.15;2.34
0.0;0.0;0.0;16.87;83.65;2.48
0.0;0.0;0.0;15.78;89.6;1.72
0.0;0.0;0.0;14.92;96.0;1.86
0.0;0.0;0.0;14.76;92.7;2.07
0.0;0.0;0.0;14.57;89.5;2.21
0.0;0.0;0.0;14.55;92.7;2.14
0.0;0.0;0.0;14.15;92.7;2.21
0.0;0.0;0.0;13.82;92.65;2.34
0.0;0.0;0.0;13.86;92.65;2.48
0.0;0.0;0.0;13.82;95.95;2.76
0.0;0.0;0.0;13.85;95.95;2.69
18.0;0.0;18.0;13.88;95.95;2.62
32.0;0.0;32.0;14.5;99.35;2.34
91.0;0.0;91.0;15.39;92.75;3.93
158.0;2.1;157.0;16.2;86.55;3.59
254.0;35.06;235.0;17.07;83.65;3.72
305.0;70.5;265.0;18.01;78.15;3.79
333.0;121.6;266.0;18.74;73.05;3.52
86.0;0.0;86.0;19.32;70.65;3.66
188.0;42.54;171.0;19.0;75.65;2.9
45.0;0.0;45.0;18.42;83.8;3.38
48.0;31.16;44.0;17.74;86.7;4.07
0.0;0.0;0.0;16.52;89.65;3.93
0.0;0.0;0.0;15.99;92.75;2.9
0.0;0.0;0.0;15.21;92.75;2.55
0.0;0.0;0.0;15.28;92.75;2.83
0.0;0.0;0.0;14.82;92.7;2.69
0.0;0.0;0.0;14.81;92.7;2.76
0.0;0.0;0.0;14.83;92.7;2.62
0.0;0.0;0.0;14.78;89.5;2.83
0.0;0.0;0.0;14.66;89.5;2.9
0.0;0.0;0.0;14.39;89.5;2.83
0.0;0.0;0.0;13.89;89.45;2.28
0.0;0.0;0.0;13.52;92.65;1.79
0.0;0.0;0.0;13.31;92.65;1.52
5.0;0.0;5.0;13.18;92.65;1.45
28.0;0.0;28.0;13.13;92.65;1.17
46.0;0.0;46.0;13.13;92.65;1.52
122.0;0.0;122.0;13.35;92.65;1.59
79.0;0.0;79.0;13.84;86.35;1.72
107.0;0.0;107.0;14.1;86.4;1.38
67.0;0.0;67.0;14.6;86.45;1.31
70.0;0.0;70.0;15.23;83.5;1.1
101.0;0.0;101.0;15.51;83.5;1.59
45.0;0.0;45.0;15.77;83.55;1.45
42.0;24.56;39.0;15.62;86.5;0.97
0.0;0.0;0.0;15.16;89.55;1.59
0.0;0.0;0.0;14.68;92.7;2.07
0.0;0.0;0.0;14.5;96.0;2.28
0.0;0.0;0.0;14.04;99.4;3.03
0.0;0.0;0.0;14.15;96.0;2.97
0.0;0.0;0.0;14.54;99.35;2.83
0.0;0.0;0.0;14.85;96.0;2.76
0.0;0.0;0.0;15.12;92.75;2.97
0.0;0.0;0.0;15.21;89.55;3.17
0.0;0.0;0.0;15.09;89.55;3.17
0.0;0.0;0.0;15.1;89.55;3.1
0.0;0.0;0.0;15.17;89.55;2.97
0.0;0.0;0.0;15.24;89.55;2.83
49.0;246.41;28.0;15.53;92.75;2.83
132.0;140.37;99.0;16.16;89.65;3.17
31.0;0.0;31.0;16.66;89.65;2.97
101.0;0.0;101.0;17.38;89.7;4.41
193.0;5.65;190.0;17.52;89.7;4.41
66.0;0.0;66.0;17.82;86.7;4.21
135.0;0.0;135.0;18.04;83.75;4.55
224.0;37.36;206.0;18.22;78.25;4.55
59.0;0.0;59.0;18.16;75.55;4.21
143.0;110.41;114.0;17.92;75.45;3.66
22.0;0.0;22.0;17.25;75.4;2.83
0.0;0.0;0.0;16.48;80.75;2.14
0.0;0.0;0.0;15.7;83.55;2.14
0.0;0.0;0.0;15.06;83.5;2.21
0.0;0.0;0.0;14.45;89.5;2.41
0.0;0.0;0.0;13.66;92.65;2.62
0.0;0.0;0.0;13.29;92.65;2.76
0.0;0.0;0.0;12.84;92.6;2.76
0.0;0.0;0.0;12.46;92.6;2.76
0.0;0.0;0.0;12.12;92.6;2.69
0.0;0.0;0.0;11.71;92.55;2.55
0.0;0.0;0.0;11.12;92.55;2.55
0.0;0.0;0.0;10.71;95.9;2.48
0.0;0.0;0.0;10.29;95.9;2.34
24.0;12.4;23.0;10.03;92.5;2.21
78.0;8.68;76.0;10.55;92.5;2.07
192.0;83.33;162.0;11.99;89.3;2.69
104.0;0.0;104.0;12.47;86.2;3.24
266.0;51.35;239.0;13.58;72.2;3.86
111.0;0.0;111.0;14.26;69.75;3.72
387.0;254.85;251.0;14.48;67.25;3.66
415.0;527.42;164.0;14.35;69.75;3.24
149.0;13.11;144.0;14.43;69.75;3.17
86.0;7.8;84.0;14.33;69.75;2.62
47.0;54.63;41.0;14.19;69.75;2.41
0.0;0.0;0.0;13.57;72.2;2.21
0.0;0.0;0.0;12.77;77.45;2.21
0.0;0.0;0.0;12.22;80.2;2.21
0.0;0.0;0.0;11.07;86.1;2.21
0.0;0.0;0.0;10.52;89.25;2.21
0.0;0.0;0.0;9.78;92.45;2.21
0.0;0.0;0.0;9.37;92.45;2.14
0.0;0.0;0.0;8.91;92.45;2.07
0.0;0.0;0.0;8.5;92.45;2.0
0.0;0.0;0.0;8.07;92.4;1.93
0.0;0.0;0.0;7.71;95.8;1.93
0.0;0.0;0.0;7.32;95.8;1.93
0.0;0.0;0.0;7.08;95.8;1.93
22.0;13.15;21.0;7.08;95.8;1.86
92.0;31.03;85.0;8.36;95.85;1.72
201.0;107.02;163.0;10.48;92.5;2.48
237.0;63.65;208.0;11.24;89.3;2.69
221.0;17.29;212.0;12.31;83.15;3.1
507.0;629.26;164.0;13.08;74.75;3.59
462.0;511.5;192.0;13.72;69.65;3.79
280.0;114.91;226.0;14.07;64.85;3.72
323.0;527.56;125.0;14.3;64.85;3.45
163.0;215.67;109.0;14.45;62.55;2.97
61.0;212.16;39.0;13.9;67.15;2.07
0.0;0.0;0.0;12.88;69.45;2.14
0.0;0.0;0.0;11.88;74.55;2.41
0.0;0.0;0.0;11.32;74.45;2.69
0.0;0.0;0.0;10.93;80.05;2.9
0.0;0.0;0.0;10.75;77.15;2.97
0.0;0.0;0.0;10.71;74.4;3.03
0.0;0.0;0.0;10.35;77.1;3.03
0.0;0.0;0.0;10.2;77.1;2.97
0.0;0.0;0.0;10.3;77.1;2.9
0.0;0.0;0.0;10.77;74.4;2.83
0.0;0.0;0.0;11.26;71.75;2.83
0.0;0.0;0.0;11.65;69.25;2.83
0.0;0.0;0.0;11.75;69.25;2.83
25.0;41.97;22.0;11.6;69.25;2.9
154.0;307.89;86.0;11.78;71.85;2.9
330.0;728.3;75.0;12.6;74.7;2.76
439.0;770.3;92.0;14.0;72.2;3.31
523.0;844.57;88.0;15.24;65.05;3.52
555.0;867.52;87.0;16.65;60.85;3.79
534.0;858.15;86.0;17.5;58.8;4.07
465.0;821.12;84.0;17.87;54.85;4.28
354.0;750.16;77.0;17.92;54.85;4.21
215.0;622.23;63.0;17.5;58.8;3.59
62.0;297.14;33.0;16.5;60.75;3.38
0.0;0.0;0.0;15.53;62.75;3.31
0.0;0.0;0.0;14.87;62.65;3.38
0.0;0.0;0.0;14.41;64.85;3.52
0.0;0.0;0.0;14.54;62.55;3.38
0.0;0.0;0.0;14.52;62.55;3.45
0.0;0.0;0.0;14.51;64.85;3.45
0.0;0.0;0.0;14.37;64.85;3.31
0.0;0.0;0.0;13.96;69.65;3.1
0.0;0.0;0.0;13.62;74.85;3.03
0.0;0.0;0.0;13.37;83.25;3.24
0.0;0.0;0.0;13.11;83.25;3.45
0.0;0.0;0.0;12.51;89.35;3.52
0.0;0.0;0.0;12.22;89.35;3.86
26.0;59.82;22.0;11.95;86.15;4.34
174.0;513.68;63.0;11.98;86.15;4.14
159.0;40.56;145.0;11.93;86.15;3.86
352.0;379.53;183.0;12.25;83.15;4.28
345.0;198.18;244.0;12.96;80.3;4.76
502.0;666.85;146.0;13.75;69.65;4.83
487.0;677.96;137.0;14.46;64.85;5.1
440.0;737.91;102.0;14.85;58.25;5.17
335.0;680.04;88.0;15.02;56.15;5.31
195.0;516.37;72.0;14.95;56.15;4.55
61.0;338.66;30.0;14.57;56.15;4.21
0.0;0.0;0.0;14.09;58.1;4.07
0.0;0.0;0.0;13.75;62.45;4.07
0.0;0.0;0.0;13.4;64.65;4.0
0.0;0.0;0.0;13.19;67.05;4.48
0.0;0.0;0.0;13.32;69.55;4.34
0.0;0.0;0.0;13.37;69.55;4.21
0.0;0.0;0.0;13.41;69.55;4.14
0.0;0.0;0.0;13.34;69.55;4.21
0.0;0.0;0.0;13.27;69.55;4.28
0.0;0.0;0.0;13.26;69.55;4.28
0.0;0.0;0.0;13.21;72.1;4.21
0.0;0.0;0.0;12.87;74.7;4.14
0.0;0.0;0.0;12.82;77.45;4.0
28.0;112.44;21.0;12.73;77.45;3.72
88.0;33.13;81.0;12.87;80.3;3.52
151.0;32.34;140.0;13.03;83.25;3.03
223.0;56.81;198.0;13.78;80.4;4.9
186.0;5.95;183.0;13.92;80.4;4.55
90.0;0.0;90.0;14.33;77.65;4.48
277.0;72.48;240.0;15.11;69.9;4.62
247.0;79.63;211.0;15.61;67.55;4.28
170.0;44.79;154.0;15.88;67.55;4.07
84.0;12.92;81.0;15.75;67.55;3.1
34.0;46.78;30.0;15.19;72.45;2.62
0.0;0.0;0.0;14.22;77.65;2.41
0.0;0.0;0.0;13.74;80.4;2.34
0.0;0.0;0.0;13.17;83.25;2.41
0.0;0.0;0.0;12.09;86.2;2.41
0.0;0.0;0.0;11.59;89.3;2.34
0.0;0.0;0.0;11.14;92.55;2.28
0.0;0.0;0.0;11.16;92.55;2.14
0.0;0.0;0.0;11.24;92.55;2.0
0.0;0.0;0.0;11.07;92.55;1.93
0.0;0.0;0.0;10.98;95.9;1.86
0.0;0.0;0.0;10.91;95.9;1.79
0.0;0.0;0.0;10.88;95.9;1.66
0.0;0.0;0.0;10.79;95.9;1.52
22.0;69.41;18.0;10.82;95.9;1.24
101.0;77.48;85.0;10.99;99.4;0.9
206.0;155.15;154.0;11.97;95.9;1.24
288.0;188.57;206.0;12.81;89.4;1.17
282.0;90.22;237.0;13.7;83.35;1.31
436.0;428.63;212.0;14.72;75.0;1.59
454.0;568.71;167.0;15.24;69.9;1.38
360.0;396.69;183.0;15.54;69.9;1.03
305.0;555.25;110.0;15.77;65.15;0.76
188.0;535.09;67.0;15.79;65.15;0.69
42.0;163.47;29.0;15.2;69.9;1.1
0.0;0.0;0.0;13.72;77.6;1.79
0.0;0.0;0.0;12.07;83.15;1.93
0.0;0.0;0.0;11.25;86.1;2.0
0.0;0.0;0.0;10.26;89.2;2.28
0.0;0.0;0.0;9.83;89.15;2.21
0.0;0.0;0.0;9.29;89.15;2.28
0.0;0.0;0.0;8.94;89.1;2.41
0.0;0.0;0.0;8.68;89.1;2.48
0.0;0.0;0.0;8.66;89.1;2.48
0.0;0.0;0.0;8.37;89.1;2.48
0.0;0.0;0.0;7.84;92.4;2.48
0.0;0.0;0.0;7.45;92.35;2.48
0.0;0.0;0.0;7.42;92.35;2.48
21.0;75.48;17.0;7.19;92.35;2.41
130.0;233.04;83.0;7.74;89.05;2.21
288.0;575.5;98.0;9.39;89.15;2.34
413.0;740.18;95.0;11.04;86.1;2.41
482.0;758.09;108.0;12.71;80.3;2.55
521.0;814.38;100.0;14.12;74.95;2.76
497.0;795.82;100.0;14.99;75.0;2.97
418.0;704.1;108.0;15.67;70.0;3.1
323.0;698.12;82.0;15.87;70.0;3.1
143.0;227.13;93.0;15.6;67.55;2.97
38.0;149.5;27.0;14.61;72.4;2.62
0.0;0.0;0.0;12.98;80.3;2.83
0.0;0.0;0.0;11.93;83.1;2.97
0.0;0.0;0.0;11.09;83.05;2.97
0.0;0.0;0.0;10.74;80.05;3.03
0.0;0.0;0.0;10.14;82.95;3.03
0.0;0.0;0.0;9.69;82.9;2.97
0.0;0.0;0.0;9.19;79.9;2.97
0.0;0.0;0.0;8.72;82.85;2.9
0.0;0.0;0.0;8.25;85.9;2.83
0.0;0.0;0.0;7.78;85.85;2.76
0.0;0.0;0.0;7.38;89.0;2.69
0.0;0.0;0.0;7.08;85.8;2.69
0.0;0.0;0.0;7.0;85.8;2.69
21.0;124.07;15.0;7.0;85.8;2.62
99.0;86.35;82.0;7.6;82.7;2.48
174.0;86.12;146.0;8.96;82.85;2.48
278.0;179.08;202.0;10.6;80.05;2.55
304.0;135.28;238.0;12.2;77.35;2.14
290.0;88.01;245.0;13.28;74.75;1.93
210.0;18.25;201.0;14.21;72.3;1.93
316.0;269.35;199.0;14.7;72.4;2.07
161.0;44.21;146.0;15.13;69.9;2.14
100.0;56.03;88.0;14.91;75.0;1.66
34.0;132.98;25.0;14.3;80.45;1.72
0.0;0.0;0.0;13.16;83.25;2.07
0.0;0.0;0.0;12.18;86.2;2.07
0.0;0.0;0.0;11.31;92.55;2.0
0.0;0.0;0.0;10.55;89.25;2.07
0.0;0.0;0.0;10.02;92.5;1.86
0.0;0.0;0.0;9.11;89.15;1.72
0.0;0.0;0.0;8.79;92.45;1.52
0.0;0.0;0.0;8.25;92.4;1.38
0.0;0.0;0.0;7.92;95.8;1.24
0.0;0.0;0.0;7.61;95.8;1.1
0.0;0.0;0.0;7.41;95.8;1.03
0.0;0.0;0.0;6.89;99.4;1.03
0.0;0.0;0.0;6.51;95.8;1.03
17.0;91.5;13.0;6.11;99.4;1.03
89.0;62.49;77.0;7.04;95.8;0.76
214.0;218.7;144.0;8.2;92.4;0.69
215.0;59.65;190.0;9.07;95.85;1.17
283.0;103.64;233.0;10.74;95.9;1.31
261.0;55.37;233.0;12.87;86.25;1.72
178.0;6.16;175.0;14.3;80.45;1.93
77.0;0.0;77.0;15.34;75.1;2.07
128.0;12.0;124.0;15.81;70.0;2.14
90.0;38.41;82.0;15.64;70.0;2.14
20.0;32.35;18.0;15.07;69.9;2.14
0.0;0.0;0.0;13.69;77.6;2.28
0.0;0.0;0.0;12.6;80.3;2.41
0.0;0.0;0.0;11.52;89.3;2.34
0.0;0.0;0.0;10.26;89.2;2.62
0.0;0.0;0.0;9.8;89.15;2.69
0.0;0.0;0.0;9.24;89.15;2.62
0.0;0.0;0.0;8.91;89.1;2.48
0.0;0.0;0.0;8.64;89.1;2.34
0.0;0.0;0.0;8.5;89.1;2.14
0.0;0.0;0.0;8.3;92.4;2.07
0.0;0.0;0.0;8.05;89.1;2.0
0.0;0.0;0.0;7.77;92.4;1.86
0.0;0.0;0.0;7.54;92.4;1.79
4.0;0.0;4.0;7.41;95.8;1.93
55.0;5.34;54.0;7.99;92.4;2.0
100.0;3.17;99.0;8.51;89.1;1.79
144.0;4.83;142.0;9.19;89.15;1.24
134.0;0.0;134.0;10.2;89.2;1.03
126.0;0.0;126.0;11.27;86.1;1.1
100.0;0.0;100.0;11.94;80.15;1.24
0.0;0.0;0.0;12.36;74.6;0.9
60.0;0.0;60.0;12.44;74.6;1.24
33.0;0.0;33.0;12.27;71.95;1.93
7.0;0.0;7.0;11.91;74.55;1.93
0.0;0.0;0.0;11.41;77.2;1.72
0.0;0.0;0.0;11.14;77.2;1.93
0.0;0.0;0.0;10.89;80.05;2.14
0.0;0.0;0.0;9.67;82.9;2.21
0.0;0.0;0.0;9.48;82.9;2.62
0.0;0.0;0.0;9.22;82.9;2.76
0.0;0.0;0.0;8.95;82.85;2.76
0.0;0.0;0.0;8.61;82.85;2.9
0.0;0.0;0.0;8.56;82.85;3.1
0.0;0.0;0.0;8.44;85.9;3.31
0.0;0.0;0.0;8.37;85.9;3.52
0.0;0.0;0.0;8.55;82.85;3.72
0.0;0.0;0.0;8.72;82.85;3.86
4.0;0.0;4.0;8.91;82.85;4.0
21.0;0.0;21.0;9.18;82.9;4.14
56.0;0.0;56.0;9.27;85.95;3.45
119.0;0.0;119.0;10.0;89.15;5.03
179.0;8.48;175.0;10.77;86.05;5.17
272.0;76.86;234.0;11.83;77.3;5.52
237.0;46.24;215.0;12.55;72.05;5.31
96.0;0.0;96.0;13.23;67.05;5.72
146.0;34.21;135.0;13.25;64.65;5.52
154.0;452.78;65.0;12.82;66.95;4.76
12.0;0.0;12.0;11.78;71.85;4.07
0.0;0.0;0.0;10.53;80.05;4.28
0.0;0.0;0.0;10.02;79.95;4.41
0.0;0.0;0.0;9.5;77.0;4.62
0.0;0.0;0.0;8.29;74.05;4.62
0.0;0.0;0.0;7.56;76.8;4.28
0.0;0.0;0.0;7.03;79.65;4.07
0.0;0.0;0.0;6.76;82.6;3.79
0.0;0.0;0.0;6.96;82.6;3.66
0.0;0.0;0.0;7.02;79.65;3.52
0.0;0.0;0.0;7.0;79.65;3.52
0.0;0.0;0.0;6.93;82.6;3.52
0.0;0.0;0.0;6.87;79.55;3.66
0.0;0.0;0.0;6.74;79.55;3.24
8.0;0.0;8.0;6.57;79.55;3.03
70.0;22.54;66.0;6.69;76.65;3.24
153.0;59.03;135.0;6.78;79.55;2.48
224.0;81.82;191.0;7.02;71.15;3.52
195.0;15.02;188.0;7.26;68.5;3.31
116.0;0.0;116.0;7.54;66.05;3.03
87.0;0.0;87.0;7.72;63.6;2.76
48.0;0.0;48.0;7.95;63.6;2.62
58.0;0.0;58.0;7.9;63.6;2.34
42.0;0.0;42.0;7.89;61.2;2.14
9.0;0.0;9.0;7.73;61.2;1.79
0.0;0.0;0.0;7.44;65.95;1.17
0.0;0.0;0.0;7.05;73.9;0.83
0.0;0.0;0.0;6.87;73.8;0.48
0.0;0.0;0.0;5.99;79.5;0.76
0.0;0.0;0.0;5.71;82.5;0.76
0.0;0.0;0.0;5.43;85.6;0.83
0.0;0.0;0.0;5.32;82.4;0.97
0.0;0.0;0.0;5.2;82.4;1.17
0.0;0.0;0.0;4.92;85.55;1.31
0.0;0.0;0.0;5.17;82.4;1.31
0.0;0.0;0.0;4.99;82.4;1.38
0.0;0.0;0.0;4.63;85.55;1.31
0.0;0.0;0.0;4.36;88.8;1.17
2.0;0.0;2.0;4.56;88.85;1.17
70.0;28.96;65.0;4.7;88.85;1.17
147.0;53.36;131.0;5.51;85.65;1.17
234.0;108.02;191.0;6.4;82.55;1.31
192.0;15.2;185.0;7.31;68.5;1.1
148.0;0.0;148.0;7.37;68.5;0.97
141.0;0.0;141.0;7.66;66.05;1.1
67.0;0.0;67.0;7.84;63.6;1.38
91.0;0.0;91.0;7.77;63.6;1.52
50.0;0.0;50.0;7.71;63.6;1.66
8.0;0.0;8.0;7.44;65.95;1.52
0.0;0.0;0.0;7.09;65.95;1.52
0.0;0.0;0.0;6.8;68.4;1.66
0.0;0.0;0.0;6.31;70.95;1.86
0.0;0.0;0.0;5.7;70.85;2.07
0.0;0.0;0.0;5.31;73.55;2.07
0.0;0.0;0.0;4.78;73.45;1.93
0.0;0.0;0.0;4.13;76.25;2.07
0.0;0.0;0.0;4.03;73.4;2.34
0.0;0.0;0.0;3.27;79.1;2.69
0.0;0.0;0.0;2.97;79.1;2.69
0.0;0.0;0.0;2.53;79.0;2.48
0.0;0.0;0.0;2.07;82.05;2.48
0.0;0.0;0.0;1.59;85.25;2.55
0.0;0.0;0.0;1.29;88.55;2.62
120.0;339.75;63.0;1.65;85.25;2.62
276.0;688.65;73.0;2.98;85.4;2.21
394.0;791.73;83.0;4.91;82.35;2.41
461.0;801.89;96.0;6.85;76.65;2.41
491.0;827.01;96.0;8.63;71.4;2.62
464.0;793.66;100.0;10.06;69.0;2.97
388.0;720.91;100.0;11.03;64.25;3.1
285.0;683.68;77.0;11.5;64.25;3.1
136.0;390.3;66.0;11.2;66.65;2.62
9.0;0.0;9.0;9.82;71.5;2.76
0.0;0.0;0.0;8.16;74.05;2.97
0.0;0.0;0.0;7.17;76.7;3.1
0.0;0.0;0.0;6.46;79.5;3.1
0.0;0.0;0.0;5.63;76.5;2.97
0.0;0.0;0.0;5.03;76.4;2.97
0.0;0.0;0.0;4.48;76.3;2.9
0.0;0.0;0.0;3.95;79.15;2.9
0.0;0.0;0.0;3.51;73.3;2.9
0.0;0.0;0.0;3.1;73.2;2.83
0.0;0.0;0.0;2.76;73.1;2.83
0.0;0.0;0.0;2.47;70.3;2.83
0.0;0.0;0.0;2.18;73.0;2.76
0.0;0.0;0.0;1.93;75.85;2.76
0.0;0.0;0.0;1.7;75.85;2.76
105.0;233.26;67.0;2.22;78.95;2.62
238.0;441.82;110.0;4.33;79.2;2.34
382.0;758.62;88.0;6.79;71.05;2.83
446.0;751.55;108.0;8.7;66.25;2.9
473.0;766.87;111.0;10.27;64.0;2.83
448.0;741.78;112.0;11.52;61.85;2.76
366.0;622.17;121.0;12.33;59.85;2.9
243.0;425.41;116.0;12.76;59.95;2.83
128.0;356.91;66.0;12.39;64.45;2.28
2.0;0.0;2.0;11.05;66.65;2.48
0.0;0.0;0.0;9.62;71.5;2.76
0.0;0.0;0.0;8.83;71.4;2.83
0.0;0.0;0.0;8.08;68.7;2.97
0.0;0.0;0.0;7.0;68.5;2.83
0.0;0.0;0.0;6.29;70.95;2.83
0.0;0.0;0.0;5.61;70.85;2.76
0.0;0.0;0.0;4.98;70.8;2.69
0.0;0.0;0.0;4.4;73.4;2.55
0.0;0.0;0.0;3.79;76.15;2.41
0.0;0.0;0.0;3.24;76.1;2.34
0.0;0.0;0.0;2.83;79.0;2.41
0.0;0.0;0.0;2.59;76.0;2.48
0.0;0.0;0.0;2.44;76.0;2.41
0.0;0.0;0.0;2.17;78.95;2.28
94.0;183.49;65.0;2.46;79.0;2.0
243.0;544.54;88.0;5.34;79.35;1.93
354.0;653.97;104.0;7.92;68.6;2.41
423.0;693.22;115.0;9.86;63.9;2.48
461.0;769.58;102.0;11.4;59.6;2.55
432.0;722.08;109.0;12.49;57.65;2.76
365.0;685.38;99.0;13.14;55.75;2.83
264.0;631.65;79.0;13.42;55.75;2.69
133.0;487.7;51.0;12.94;59.95;2.07
5.0;0.0;5.0;11.58;64.35;2.34
0.0;0.0;0.0;10.06;69.0;2.62
0.0;0.0;0.0;9.3;68.9;2.76
0.0;0.0;0.0;8.89;68.8;2.83
0.0;0.0;0.0;8.42;66.15;2.9
0.0;0.0;0.0;7.91;68.6;2.9
0.0;0.0;0.0;7.58;68.6;2.9
0.0;0.0;0.0;7.66;68.6;2.83
0.0;0.0;0.0;7.77;71.25;2.9
0.0;0.0;0.0;7.51;71.25;2.9
0.0;0.0;0.0;7.24;76.7;2.9
0.0;0.0;0.0;7.05;76.7;2.9
0.0;0.0;0.0;6.95;82.6;2.9
0.0;0.0;0.0;7.15;79.65;2.76
0.0;0.0;0.0;7.35;79.65;2.76
63.0;39.17;57.0;7.73;79.7;2.62
30.0;0.0;30.0;8.93;79.85;2.48
342.0;639.21;101.0;10.4;77.1;2.69
411.0;678.99;113.0;11.95;71.85;2.83
443.0;733.27;105.0;13.54;69.55;2.97
412.0;670.13;116.0;14.64;67.35;3.03
345.0;619.66;108.0;15.28;65.05;2.83
238.0;501.26;94.0;15.51;67.45;2.55
114.0;332.07;60.0;15.02;72.4;2.07
0.0;0.0;0.0;13.59;74.85;2.48
0.0;0.0;0.0;12.11;80.2;2.62
0.0;0.0;0.0;11.24;86.1;2.76
0.0;0.0;0.0;10.73;86.05;2.83
0.0;0.0;0.0;10.6;86.05;2.76
0.0;0.0;0.0;10.27;86.0;2.76
0.0;0.0;0.0;9.98;89.15;2.76
0.0;0.0;0.0;9.61;89.15;2.76
0.0;0.0;0.0;9.39;89.15;2.69
0.0;0.0;0.0;9.33;89.15;2.62
0.0;0.0;0.0;9.41;89.15;2.62
0.0;0.0;0.0;9.35;92.45;2.62
0.0;0.0;0.0;9.48;92.45;2.55
0.0;0.0;0.0;9.59;92.45;2.41
0.0;0.0;0.0;9.58;92.45;2.48
64.0;53.93;56.0;9.78;95.85;2.41
129.0;51.0;115.0;11.13;89.3;2.28
290.0;379.26;149.0;12.95;86.25;2.69
408.0;698.98;105.0;14.54;80.45;2.97
428.0;687.26;115.0;15.83;75.15;3.1
388.0;575.52;137.0;16.7;70.2;3.1
361.0;740.3;82.0;17.28;67.85;3.1
244.0;592.78;77.0;17.46;67.85;2.9
113.0;369.07;55.0;16.95;72.7;2.28
0.0;0.0;0.0;15.47;77.8;2.34
0.0;0.0;0.0;13.91;83.35;2.48
0.0;0.0;0.0;12.86;86.25;2.48
0.0;0.0;0.0;12.03;86.2;2.55
0.0;0.0;0.0;11.64;83.1;2.69
0.0;0.0;0.0;11.16;86.1;2.69
0.0;0.0;0.0;10.66;86.05;2.76
0.0;0.0;0.0;10.26;89.2;2.76
0.0;0.0;0.0;9.87;92.45;2.76
0.0;0.0;0.0;9.5;89.15;2.76
0.0;0.0;0.0;9.19;89.15;2.69
0.0;0.0;0.0;8.88;92.45;2.62
0.0;0.0;0.0;8.55;92.45;2.48
0.0;0.0;0.0;8.22;92.4;2.55
0.0;0.0;0.0;7.99;95.8;2.62
40.0;0.0;40.0;8.21;92.4;2.83
154.0;122.47;121.0;9.47;92.45;2.76
312.0;510.17;125.0;11.04;86.1;3.59
293.0;212.57;202.0;12.4;86.2;3.93
216.0;40.01;198.0;13.83;80.4;4.28
266.0;137.03;207.0;15.03;77.75;5.1
189.0;61.94;166.0;15.85;75.15;4.21
54.0;0.0;54.0;16.12;75.25;3.52
23.0;0.0;23.0;16.15;75.25;3.45
0.0;0.0;0.0;15.82;77.85;3.59
0.0;0.0;0.0;15.08;77.8;3.79
0.0;0.0;0.0;14.5;83.4;3.93
0.0;0.0;0.0;13.91;83.35;3.72
0.0;0.0;0.0;13.48;83.25;3.72
0.0;0.0;0.0;13.22;83.25;3.52
0.0;0.0;0.0;12.75;86.25;3.38
0.0;0.0;0.0;12.37;89.35;3.31
0.0;0.0;0.0;12.02;92.55;3.17
0.0;0.0;0.0;11.67;92.55;2.97
0.0;0.0;0.0;11.36;95.9;2.76
0.0;0.0;0.0;11.11;92.55;2.69
0.0;0.0;0.0;10.87;95.9;2.62
0.0;0.0;0.0;10.72;95.9;2.62
0.0;0.0;0.0;10.55;95.9;2.69
67.0;93.78;54.0;10.87;95.9;2.83
164.0;181.53;116.0;12.31;95.95;2.83
215.0;135.61;166.0;13.83;89.45;3.24
239.0;99.35;197.0;15.15;83.5;3.79
269.0;130.49;211.0;16.37;80.75;4.69
301.0;256.43;192.0;17.28;75.4;5.31
133.0;8.2;130.0;17.69;72.9;3.31
96.0;11.08;93.0;17.6;72.9;3.17
75.0;109.27;59.0;17.15;75.4;3.03
0.0;0.0;0.0;16.49;77.95;2.9
0.0;0.0;0.0;15.77;80.65;2.97
0.0;0.0;0.0;15.52;83.5;3.38
0.0;0.0;0.0;15.19;83.5;3.59
0.0;0.0;0.0;14.65;86.45;3.59
0.0;0.0;0.0;14.16;89.5;3.59
0.0;0.0;0.0;13.95;89.45;3.52
0.0;0.0;0.0;13.41;86.3;3.52
0.0;0.0;0.0;12.77;89.4;3.45
0.0;0.0;0.0;12.47;89.35;3.17
0.0;0.0;0.0;12.54;86.25;3.24
0.0;0.0;0.0;12.47;89.35;3.31
0.0;0.0;0.0;12.32;86.2;3.52
0.0;0.0;0.0;12.25;83.15;3.86
0.0;0.0;0.0;11.79;83.1;3.79
42.0;7.47;41.0;11.84;80.15;4.0
113.0;34.7;104.0;13.09;72.1;4.83
168.0;42.12;153.0;13.83;72.2;4.62
67.0;0.0;67.0;14.3;69.75;6.34
82.0;0.0;82.0;14.34;69.75;5.66
78.0;0.0;78.0;13.65;77.6;6.14
39.0;0.0;39.0;13.0;83.25;6.69
26.0;0.0;26.0;12.78;83.25;6.14
21.0;0.0;21.0;12.14;83.15;5.03
0.0;0.0;0.0;11.86;83.1;4.34
0.0;0.0;0.0;11.35;83.05;3.86
0.0;0.0;0.0;11.07;83.05;3.66
0.0;0.0;0.0;10.59;83.0;3.45
0.0;0.0;0.0;10.28;86.0;3.52
0.0;0.0;0.0;10.33;86.0;3.38
0.0;0.0;0.0;9.88;89.15;3.1
0.0;0.0;0.0;9.04;85.95;2.76
0.0;0.0;0.0;8.51;89.1;2.48
0.0;0.0;0.0;8.21;92.4;2.14
0.0;0.0;0.0;8.08;92.4;1.79
0.0;0.0;0.0;7.87;92.4;1.59
0.0;0.0;0.0;7.31;95.8;1.24
0.0;0.0;0.0;7.94;95.8;0.55
0.0;0.0;0.0;6.9;95.8;0.97
67.0;116.31;52.0;7.1;95.8;0.76
163.0;196.58;113.0;8.01;92.4;1.38
232.0;190.93;165.0;9.5;92.45;1.52
238.0;99.5;197.0;10.32;82.95;2.48
316.0;260.59;203.0;11.31;77.2;3.52
372.0;565.0;138.0;11.85;74.55;3.66
273.0;340.89;152.0;12.33;71.95;3.93
176.0;234.55;115.0;12.58;69.45;3.93
68.0;95.62;55.0;12.23;74.6;3.03
0.0;0.0;0.0;11.25;77.2;3.03
0.0;0.0;0.0;10.26;82.95;3.38
0.0;0.0;0.0;9.7;82.9;3.66
0.0;0.0;0.0;9.51;82.9;3.79
0.0;0.0;0.0;9.52;79.9;3.93
0.0;0.0;0.0;9.54;79.9;3.86
0.0;0.0;0.0;9.5;79.9;3.79
0.0;0.0;0.0;9.48;79.9;3.93
0.0;0.0;0.0;9.49;79.9;3.93
0.0;0.0;0.0;9.49;79.9;4.0
0.0;0.0;0.0;9.61;79.9;4.21
0.0;0.0;0.0;9.78;79.9;4.34
0.0;0.0;0.0;9.97;79.9;4.21
0.0;0.0;0.0;10.2;77.1;4.14
0.0;0.0;0.0;10.34;77.1;4.21
79.0;273.88;45.0;10.7;77.15;4.41
180.0;320.84;100.0;12.07;77.35;4.48
281.0;445.42;127.0;13.52;77.5;4.07
348.0;506.43;142.0;15.28;72.45;4.76
389.0;616.44;125.0;16.87;67.75;4.9
358.0;550.43;133.0;18.23;65.65;4.83
311.0;606.4;99.0;19.03;65.75;4.48
195.0;396.38;94.0;19.41;65.85;4.83
83.0;259.88;49.0;19.06;65.75;4.69
0.0;0.0;0.0;18.22;65.65;4.55
0.0;0.0;0.0;17.24;67.85;4.34
0.0;0.0;0.0;16.64;70.2;4.48
0.0;0.0;0.0;16.18;67.65;4.76
0.0;0.0;0.0;15.43;65.05;4.97
0.0;0.0;0.0;14.22;62.55;5.03
0.0;0.0;0.0;12.99;64.55;4.97
0.0;0.0;0.0;11.63;66.75;4.41
0.0;0.0;0.0;10.76;69.1;4.21
0.0;0.0;0.0;10.23;71.6;4.07
0.0;0.0;0.0;9.83;74.2;4.0
0.0;0.0;0.0;9.52;77.0;4.07
0.0;0.0;0.0;9.45;77.0;4.07
0.0;0.0;0.0;9.61;77.0;4.14
0.0;0.0;0.0;9.65;77.0;4.14
42.0;25.14;39.0;9.73;77.0;3.93
152.0;175.98;109.0;10.04;77.1;3.93
259.0;328.84;147.0;10.61;74.4;5.52
338.0;450.81;157.0;11.11;71.75;5.52
205.0;40.2;188.0;11.72;66.75;5.24
248.0;131.37;195.0;11.97;66.75;4.76
236.0;220.73;160.0;12.17;62.1;4.34
202.0;452.71;89.0;12.01;64.35;4.14
82.0;278.26;47.0;11.55;62.0;3.45
0.0;0.0;0.0;10.68;66.55;3.17
0.0;0.0;0.0;9.95;68.9;3.17
0.0;0.0;0.0;9.51;71.5;2.97
0.0;0.0;0.0;8.98;74.15;2.34
0.0;0.0;0.0;8.11;79.75;2.07
0.0;0.0;0.0;7.61;82.7;1.93
0.0;0.0;0.0;7.15;85.8;2.07
0.0;0.0;0.0;6.85;89.0;2.34
0.0;0.0;0.0;6.96;89.0;2.41
0.0;0.0;0.0;7.21;85.8;2.34
0.0;0.0;0.0;7.69;85.85;2.55
0.0;0.0;0.0;7.59;89.05;2.55
0.0;0.0;0.0;7.71;89.05;2.83
0.0;0.0;0.0;8.07;89.1;3.1
0.0;0.0;0.0;8.31;92.4;3.38
10.0;0.0;10.0;8.43;92.4;3.45
49.0;0.0;49.0;8.53;89.1;3.03
66.0;0.0;66.0;9.04;92.45;3.03
80.0;0.0;80.0;9.51;95.85;2.9
81.0;0.0;81.0;10.06;95.9;3.03
95.0;0.0;95.0;10.78;95.9;3.24
100.0;0.0;100.0;11.16;92.55;3.59
63.0;0.0;63.0;11.38;95.9;4.07
56.0;74.5;47.0;11.22;89.3;4.28
0.0;0.0;0.0;10.41;95.9;4.21
0.0;0.0;0.0;9.39;92.45;4.76
0.0;0.0;0.0;8.63;89.1;5.24
0.0;0.0;0.0;7.67;89.05;5.93
0.0;0.0;0.0;5.14;92.25;7.31
0.0;0.0;0.0;3.13;88.7;7.17
0.0;0.0;0.0;2.33;88.65;6.21
0.0;0.0;0.0;1.79;82.0;6.69
0.0;0.0;0.0;1.18;75.75;6.41
0.0;0.0;0.0;0.55;69.95;6.14
0.0;0.0;0.0;0.0;72.65;5.59
0.0;0.0;0.0;-0.46;72.6;5.17
0.0;0.0;0.0;-0.84;72.5;4.83
0.0;0.0;0.0;-1.1;72.5;4.41
0.0;0.0;0.0;-1.49;72.5;4.14
45.0;45.55;40.0;-1.61;75.35;3.86
146.0;166.37;107.0;-0.71;78.5;5.1
282.0;463.14;129.0;0.09;72.65;4.55
383.0;710.89;105.0;0.86;69.95;4.07
419.0;790.52;93.0;1.71;64.8;3.45
390.0;740.67;99.0;2.48;60.05;3.31
330.0;754.73;78.0;3.0;57.8;3.24
216.0;613.99;69.0;3.14;57.8;2.97
81.0;327.85;43.0;2.91;57.7;2.55
0.0;0.0;0.0;2.04;62.35;1.86
0.0;0.0;0.0;0.86;69.95;1.66
0.0;0.0;0.0;-0.59;78.5;1.59
0.0;0.0;0.0;-1.52;78.5;1.59
0.0;0.0;0.0;-2.03;78.45;1.45
0.0;0.0;0.0;-2.91;84.85;1.72
0.0;0.0;0.0;-3.45;84.8;1.93
0.0;0.0;0.0;-3.63;88.2;2.07
0.0;0.0;0.0;-3.53;84.8;2.28
0.0;0.0;0.0;-3.19;88.25;2.41
0.0;0.0;0.0;-2.86;84.85;2.55
0.0;0.0;0.0;-2.63;84.85;2.62
0.0;0.0;0.0;-2.45;81.55;2.69
0.0;0.0;0.0;-2.25;84.85;2.83
0.0;0.0;0.0;-2.06;81.65;3.03
60.0;190.44;40.0;-1.69;81.65;3.24
174.0;379.12;87.0;-0.66;85.0;3.24
274.0;488.81;115.0;1.08;72.85;4.07
369.0;717.83;92.0;2.74;65.0;4.41
387.0;697.48;103.0;4.19;58.05;4.41
345.0;559.71;128.0;5.31;56.05;4.28
208.0;164.24;154.0;6.04;54.15;3.86
85.0;12.8;82.0;6.16;54.15;4.14
57.0;126.03;43.0;5.79;54.05;4.28
0.0;0.0;0.0;5.47;49.95;4.48
0.0;0.0;0.0;4.06;43.81;5.83
0.0;0.0;0.0;4.21;47.87;5.45
0.0;0.0;0.0;4.37;51.92;5.08
0.0;0.0;0.0;4.52;55.98;4.71
0.0;0.0;0.0;4.68;60.03;4.33
0.0;0.0;0.0;4.84;64.09;3.96
0.0;0.0;0.0;4.99;68.15;3.59
0.0;0.0;0.0;5.15;72.2;3.21
0.0;0.0;0.0;5.3;76.26;2.84
0.0;0.0;0.0;5.46;80.32;2.47
0.0;0.0;0.0;5.62;84.37;2.09
0.0;0.0;0.0;5.77;88.43;1.72
0.0;0.0;0.0;5.93;92.48;1.35
0.0;0.0;0.0;6.08;96.54;0.97
49.0;125.55;37.0;6.24;100.0;0.6
123.0;118.35;97.0;6.4;100.0;0.23
161.0;63.45;141.0;6.77;95.8;1.17
124.0;2.66;123.0;7.67;85.85;1.24
137.0;2.52;136.0;8.18;79.7;1.24
107.0;0.0;107.0;8.52;74.05;1.45
67.0;0.0;67.0;8.64;74.05;1.66
55.0;0.0;55.0;8.64;74.05;1.79
20.0;0.0;20.0;8.42;71.35;1.86
0.0;0.0;0.0;7.81;73.95;1.72
0.0;0.0;0.0;7.05;76.7;1.93
0.0;0.0;0.0;6.76;79.55;1.93
0.0;0.0;0.0;6.54;79.55;2.14
0.0;0.0;0.0;6.11;82.55;2.07
0.0;0.0;0.0;5.84;85.65;2.14
0.0;0.0;0.0;5.48;85.65;2.28
0.0;0.0;0.0;5.28;88.85;2.34
0.0;0.0;0.0;5.44;85.65;2.28
0.0;0.0;0.0;5.73;85.65;2.21
0.0;0.0;0.0;6.09;85.7;2.21
0.0;0.0;0.0;6.31;85.7;2.41
0.0;0.0;0.0;6.44;82.6;2.41
0.0;0.0;0.0;6.6;85.75;2.34
0.0;0.0;0.0;6.69;85.75;2.48
38.0;66.01;32.0;6.84;89.0;2.34
124.0;144.3;93.0;6.88;92.35;2.21
135.0;32.23;125.0;8.04;89.05;2.34
42.0;0.0;42.0;9.2;89.1;2.55
98.0;0.0;98.0;10.12;86.0;2.76
126.0;5.37;124.0;10.78;83.0;2.55
62.0;0.0;62.0;11.07;80.1;2.41
33.0;0.0;33.0;10.98;80.1;2.48
20.0;0.0;20.0;10.91;86.05;2.55
0.0;0.0;0.0;10.73;86.05;2.55
0.0;0.0;0.0;10.64;89.25;2.62
0.0;0.0;0.0;10.62;89.25;2.62
0.0;0.0;0.0;10.61;89.25;2.62
0.0;0.0;0.0;10.17;92.5;2.48
0.0;0.0;0.0;10.05;92.5;2.41
0.0;0.0;0.0;10.11;95.9;2.34
0.0;0.0;0.0;10.07;95.9;2.21
0.0;0.0;0.0;10.08;95.9;2.14
0.0;0.0;0.0;10.49;95.9;2.0
0.0;0.0;0.0;10.81;99.4;1.93
0.0;0.0;0.0;11.18;95.9;1.86
0.0;0.0;0.0;11.48;95.9;1.79
0.0;0.0;0.0;11.72;95.9;1.66
0.0;0.0;0.0;11.91;99.4;1.66
50.0;231.94;30.0;12.0;95.95;1.72
124.0;166.67;89.0;12.08;95.95;1.59
173.0;117.92;137.0;12.8;99.4;1.72
109.0;0.0;109.0;13.96;92.7;1.86
102.0;0.0;102.0;15.07;89.55;1.93
130.0;8.16;127.0;15.98;86.55;2.14
108.0;6.47;106.0;16.34;86.55;2.07
52.0;0.0;52.0;16.16;89.65;1.79
57.0;280.63;31.0;15.61;89.6;1.72
0.0;0.0;0.0;15.01;92.75;1.93
0.0;0.0;0.0;14.5;96.0;2.14
0.0;0.0;0.0;14.11;96.0;2.21
0.0;0.0;0.0;13.64;95.95;2.28
0.0;0.0;0.0;13.16;95.95;2.69
0.0;0.0;0.0;12.56;92.6;2.62
0.0;0.0;0.0;11.98;92.6;2.48
0.0;0.0;0.0;11.5;92.55;2.28
0.0;0.0;0.0;10.98;92.55;2.07
0.0;0.0;0.0;10.75;95.9;1.86
0.0;0.0;0.0;10.51;95.9;1.72
0.0;0.0;0.0;10.3;99.4;1.66
0.0;0.0;0.0;10.21;99.4;1.52
0.0;0.0;0.0;10.14;99.4;1.31
0.0;0.0;0.0;10.18;99.4;1.03
25.0;12.26;24.0;10.27;99.4;1.03
43.0;0.0;43.0;10.84;99.4;1.1
83.0;0.0;83.0;10.9;99.4;1.59
64.0;0.0;64.0;10.87;99.4;1.93
80.0;0.0;80.0;10.98;95.9;2.41
46.0;0.0;46.0;10.84;95.9;2.76
38.0;0.0;38.0;10.47;95.9;2.69
87.0;33.23;80.0;10.2;92.5;2.9
35.0;56.65;30.0;9.84;92.45;2.41
0.0;0.0;0.0;9.54;92.45;2.0
0.0;0.0;0.0;9.25;92.45;1.72
0.0;0.0;0.0;8.98;92.45;1.38
0.0;0.0;0.0;8.56;95.85;1.66
0.0;0.0;0.0;8.46;95.85;2.21
0.0;0.0;0.0;8.0;95.8;2.9
0.0;0.0;0.0;7.49;92.4;3.17
0.0;0.0;0.0;6.65;92.35;2.83
0.0;0.0;0.0;5.65;92.3;2.34
0.0;0.0;0.0;4.83;95.75;2.21
0.0;0.0;0.0;4.19;95.75;2.34
0.0;0.0;0.0;3.89;92.2;2.34
0.0;0.0;0.0;3.94;92.2;2.41
0.0;0.0;0.0;4.22;95.75;2.48
0.0;0.0;0.0;4.24;95.75;2.41
51.0;350.66;24.0;4.2;95.75;2.41
175.0;608.63;53.0;4.89;95.75;2.28
272.0;659.84;77.0;6.11;92.3;2.9
336.0;691.52;90.0;7.14;89.0;3.93
380.0;809.06;75.0;8.07;85.85;4.41
352.0;765.76;78.0;8.82;79.75;4.9
284.0;711.08;71.0;9.12;74.15;4.9
171.0;514.23;65.0;9.1;74.15;4.55
37.0;71.47;31.0;8.7;74.05;3.72
0.0;0.0;0.0;7.77;76.8;3.59
0.0;0.0;0.0;7.01;76.7;3.66
0.0;0.0;0.0;6.95;76.7;3.86
0.0;0.0;0.0;6.57;79.55;3.86
0.0;0.0;0.0;7.23;76.7;4.28
0.0;0.0;0.0;6.93;76.7;4.28
0.0;0.0;0.0;6.6;79.55;4.28
0.0;0.0;0.0;6.76;79.55;4.48
0.0;0.0;0.0;6.79;79.55;4.55
0.0;0.0;0.0;7.06;76.7;4.62
0.0;0.0;0.0;7.24;79.65;4.69
0.0;0.0;0.0;7.33;79.65;4.69
0.0;0.0;0.0;7.39;79.65;4.55
0.0;0.0;0.0;7.46;76.8;4.34
0.0;0.0;0.0;7.5;79.7;4.28
21.0;13.81;20.0;7.58;79.7;4.21
49.0;0.0;49.0;7.71;89.05;4.21
88.0;3.44;87.0;8.04;89.05;4.21
88.0;0.0;88.0;8.49;89.1;3.38
89.0;0.0;89.0;8.97;89.1;5.1
130.0;8.5;127.0;9.21;92.45;4.48
69.0;0.0;69.0;9.5;89.15;4.69
61.0;4.96;60.0;9.79;89.15;3.79
18.0;0.0;18.0;9.89;89.15;3.93
0.0;0.0;0.0;9.79;92.45;3.45
0.0;0.0;0.0;9.76;92.45;3.24
0.0;0.0;0.0;9.78;92.45;2.97
0.0;0.0;0.0;9.77;95.85;2.9
0.0;0.0;0.0;9.16;95.85;2.97
0.0;0.0;0.0;9.22;95.85;2.76
0.0;0.0;0.0;9.25;95.85;2.48
0.0;0.0;0.0;9.13;95.85;2.34
0.0;0.0;0.0;9.21;95.85;2.28
0.0;0.0;0.0;9.13;95.85;2.21
0.0;0.0;0.0;9.17;95.85;2.21
0.0;0.0;0.0;9.2;95.85;2.21
0.0;0.0;0.0;9.17;95.85;2.14
0.0;0.0;0.0;9.1;95.85;2.07
0.0;0.0;0.0;8.95;95.85;2.07
10.0;0.0;10.0;9.0;95.85;2.07
62.0;5.23;61.0;9.3;92.45;2.07
88.0;3.5;87.0;9.54;89.15;2.41
90.0;0.0;90.0;9.78;89.15;2.69
68.0;0.0;68.0;9.94;86.0;2.76
56.0;0.0;56.0;10.15;86.0;2.69
44.0;0.0;44.0;10.04;86.0;2.34
30.0;0.0;30.0;9.91;85.95;2.21
6.0;0.0;6.0;9.73;85.95;2.28
0.0;0.0;0.0;9.48;85.95;1.93
0.0;0.0;0.0;9.33;89.1;1.93
0.0;0.0;0.0;9.06;89.1;2.07
0.0;0.0;0.0;9.13;89.1;2.28
0.0;0.0;0.0;8.69;92.4;2.48
0.0;0.0;0.0;8.59;92.4;2.55
0.0;0.0;0.0;8.56;92.4;2.41
0.0;0.0;0.0;8.45;92.4;2.34
0.0;0.0;0.0;8.22;95.8;2.21
0.0;0.0;0.0;7.77;95.8;2.0
0.0;0.0;0.0;7.33;95.8;2.0
0.0;0.0;0.0;6.94;95.8;2.0
0.0;0.0;0.0;6.33;99.4;2.14
0.0;0.0;0.0;5.95;95.8;2.28
0.0;0.0;0.0;5.73;95.75;2.34
4.0;0.0;4.0;5.68;95.75;2.48
90.0;69.74;77.0;6.46;95.8;2.07
174.0;163.58;128.0;7.58;89.05;2.55
310.0;632.82;94.0;8.82;82.75;2.62
355.0;772.05;75.0;9.93;71.6;2.69
332.0;747.56;75.0;10.72;69.1;2.69
263.0;671.43;71.0;11.03;66.65;2.48
159.0;533.33;56.0;10.9;71.7;2.07
35.0;139.63;25.0;10.25;74.3;1.66
0.0;0.0;0.0;9.04;79.85;1.79
0.0;0.0;0.0;7.96;85.85;1.66
0.0;0.0;0.0;7.14;89.0;1.72
0.0;0.0;0.0;6.76;92.35;1.86
0.0;0.0;0.0;6.44;92.35;1.66
0.0;0.0;0.0;6.57;92.35;1.66
0.0;0.0;0.0;6.59;92.35;1.79
0.0;0.0;0.0;6.59;89.0;1.93
0.0;0.0;0.0;6.73;89.0;1.93
0.0;0.0;0.0;6.73;85.75;1.79
0.0;0.0;0.0;6.6;85.75;1.72
0.0;0.0;0.0;6.58;85.75;1.72
0.0;0.0;0.0;6.44;82.6;1.86
0.0;0.0;0.0;6.3;85.7;1.86
0.0;0.0;0.0;6.07;82.55;1.79
11.0;0.0;11.0;5.94;82.55;1.66
81.0;49.5;72.0;6.55;85.75;1.17
103.0;10.85;100.0;7.11;76.7;2.14
81.0;0.0;81.0;7.48;73.95;2.41
86.0;0.0;86.0;7.7;73.95;2.41
75.0;0.0;75.0;7.94;73.95;2.34
50.0;0.0;50.0;8.09;76.8;2.21
41.0;0.0;41.0;8.23;76.8;1.93
23.0;29.54;21.0;8.13;76.8;1.24
0.0;0.0;0.0;7.83;76.8;0.83
0.0;0.0;0.0;7.42;82.7;0.76
0.0;0.0;0.0;6.96;85.8;0.76
0.0;0.0;0.0;6.66;85.75;0.69
0.0;0.0;0.0;6.85;85.75;0.62
0.0;0.0;0.0;6.84;85.75;0.48
0.0;0.0;0.0;6.76;82.6;0.41
0.0;0.0;0.0;6.72;82.6;0.28
0.0;0.0;0.0;6.31;88.95;0.55
0.0;0.0;0.0;5.65;92.3;0.9
0.0;0.0;0.0;5.26;95.75;1.17
0.0;0.0;0.0;5.36;95.75;1.1
0.0;0.0;0.0;4.81;95.75;1.31
0.0;0.0;0.0;4.78;95.75;1.31
0.0;0.0;0.0;4.51;95.75;1.52
12.0;0.0;12.0;4.18;95.75;1.66
83.0;62.05;72.0;5.37;95.75;1.45
120.0;33.1;111.0;6.24;88.95;1.66
110.0;3.01;109.0;6.83;85.75;1.93
123.0;5.66;121.0;7.2;73.9;2.48
62.0;0.0;62.0;7.35;71.15;2.41
46.0;0.0;46.0;7.39;71.15;2.34
30.0;0.0;30.0;7.34;71.15;2.34
4.0;0.0;4.0;7.16;71.15;2.07
0.0;0.0;0.0;6.85;73.8;1.72
0.0;0.0;0.0;6.4;73.8;1.66
0.0;0.0;0.0;6.1;76.55;1.72
0.0;0.0;0.0;5.88;79.4;1.72
0.0;0.0;0.0;5.68;82.5;1.79
0.0;0.0;0.0;5.54;82.5;1.79
0.0;0.0;0.0;5.5;82.5;1.79
0.0;0.0;0.0;5.22;85.6;1.86
0.0;0.0;0.0;5.26;85.6;1.86
0.0;0.0;0.0;5.03;85.6;1.93
0.0;0.0;0.0;5.17;85.6;1.93
0.0;0.0;0.0;4.93;85.6;2.0
0.0;0.0;0.0;4.49;85.55;2.0
0.0;0.0;0.0;4.36;88.8;2.07
0.0;0.0;0.0;4.12;88.8;2.21
4.0;0.0;4.0;4.12;88.8;2.21
96.0;127.34;74.0;5.04;82.4;2.21
89.0;3.74;88.0;5.87;82.5;2.62
70.0;0.0;70.0;6.42;76.65;2.62
71.0;0.0;71.0;7.16;73.9;2.9
56.0;0.0;56.0;7.29;73.9;2.62
43.0;0.0;43.0;7.52;71.25;2.62
40.0;0.0;40.0;7.39;73.9;2.48
12.0;0.0;12.0;7.19;73.9;1.79
0.0;0.0;0.0;6.85;79.55;1.52
0.0;0.0;0.0;6.62;79.55;1.72
0.0;0.0;0.0;6.49;79.55;1.86
0.0;0.0;0.0;6.46;82.6;1.93
0.0;0.0;0.0;6.27;85.7;2.0
0.0;0.0;0.0;6.22;88.95;2.0
0.0;0.0;0.0;6.2;88.95;1.93
0.0;0.0;0.0;6.2;88.95;1.79
0.0;0.0;0.0;6.17;88.95;1.72
0.0;0.0;0.0;6.16;92.3;1.59
0.0;0.0;0.0;6.13;92.3;1.52
0.0;0.0;0.0;6.07;92.3;1.52
0.0;0.0;0.0;6.02;92.3;1.45
0.0;0.0;0.0;5.98;92.3;1.45
0.0;0.0;0.0;5.9;92.3;1.45
2.0;0.0;2.0;5.86;95.75;1.52
29.0;0.0;29.0;5.73;95.75;1.93
46.0;0.0;46.0;5.91;88.95;2.41
125.0;12.39;121.0;6.22;88.95;2.62
107.0;0.0;107.0;6.35;85.7;2.69
125.0;12.26;121.0;6.52;82.6;2.48
76.0;0.0;76.0;6.48;79.55;2.14
26.0;0.0;26.0;6.43;79.55;2.0
18.0;35.37;16.0;6.25;82.55;1.72
0.0;0.0;0.0;5.97;79.5;1.52
0.0;0.0;0.0;5.71;82.5;1.52
0.0;0.0;0.0;5.55;82.5;1.38
0.0;0.0;0.0;5.31;85.6;1.31
0.0;0.0;0.0;4.47;82.35;1.52
0.0;0.0;0.0;4.37;85.55;1.52
0.0;0.0;0.0;4.38;85.55;1.52
0.0;0.0;0.0;4.33;88.8;1.66
0.0;0.0;0.0;4.39;85.55;1.72
0.0;0.0;0.0;4.3;88.8;1.79
0.0;0.0;0.0;3.78;92.15;1.79
0.0;0.0;0.0;3.66;92.15;1.79
0.0;0.0;0.0;3.71;92.15;1.79
0.0;0.0;0.0;3.64;92.15;1.79
0.0;0.0;0.0;3.44;92.15;1.79
3.0;0.0;3.0;3.5;92.15;1.86
37.0;0.0;37.0;4.38;92.25;2.07
71.0;0.0;71.0;5.09;92.25;2.41
45.0;0.0;45.0;5.97;85.7;2.69
43.0;0.0;43.0;6.51;85.75;2.69
40.0;0.0;40.0;7.13;79.65;3.1
53.0;0.0;53.0;7.21;79.65;3.03
29.0;0.0;29.0;6.98;82.65;2.48
3.0;0.0;3.0;6.9;82.65;2.34
0.0;0.0;0.0;6.75;85.75;2.28
0.0;0.0;0.0;6.71;89.0;2.41
0.0;0.0;0.0;6.74;89.0;2.69
0.0;0.0;0.0;6.73;89.0;2.97
0.0;0.0;0.0;6.19;92.3;2.69
0.0;0.0;0.0;6.08;92.3;2.62
0.0;0.0;0.0;5.56;92.3;2.55
0.0;0.0;0.0;5.36;95.75;2.48
0.0;0.0;0.0;5.23;95.75;2.48
0.0;0.0;0.0;5.32;95.75;2.55
0.0;0.0;0.0;5.18;95.75;2.55
0.0;0.0;0.0;4.92;95.75;2.41
0.0;0.0;0.0;4.54;95.75;2.34
0.0;0.0;0.0;4.23;99.4;2.21
0.0;0.0;0.0;4.05;95.75;2.28
2.0;0.0;2.0;3.9;95.75;2.34
65.0;31.33;60.0;5.04;95.75;2.28
172.0;240.13;111.0;5.98;92.3;2.41
256.0;436.06;119.0;6.98;85.8;3.31
228.0;214.32;156.0;7.64;85.85;3.24
146.0;37.75;134.0;8.13;89.05;3.03
203.0;394.44;100.0;8.29;89.05;2.83
107.0;218.11;70.0;8.46;85.9;2.62
2.0;0.0;2.0;8.27;92.4;2.14
0.0;0.0;0.0;7.99;89.05;2.07
0.0;0.0;0.0;7.61;89.05;1.93
0.0;0.0;0.0;7.43;89.05;2.07
0.0;0.0;0.0;7.13;92.35;2.21
0.0;0.0;0.0;7.46;92.4;1.66
0.0;0.0;0.0;7.61;92.4;1.66
0.0;0.0;0.0;7.67;92.4;1.52
0.0;0.0;0.0;7.73;92.4;1.45
0.0;0.0;0.0;7.77;92.4;1.52
0.0;0.0;0.0;7.79;92.4;1.59
0.0;0.0;0.0;7.81;92.4;1.66
0.0;0.0;0.0;7.9;92.4;1.72
0.0;0.0;0.0;7.96;92.4;1.86
0.0;0.0;0.0;8.02;95.8;2.0
0.0;0.0;0.0;8.03;95.8;2.0
1.0;0.0;1.0;7.99;95.8;2.0
62.0;32.19;57.0;7.83;95.8;1.59
93.0;16.02;89.0;8.27;95.8;1.79
88.0;0.0;88.0;9.09;89.1;2.62
85.0;0.0;85.0;9.56;89.15;2.34
85.0;0.0;85.0;10.07;86.0;2.21
218.0;551.85;76.0;10.25;86.0;2.14
86.0;108.39;68.0;10.41;86.0;2.07
16.0;43.19;14.0;9.88;89.15;1.59
0.0;0.0;0.0;8.87;95.85;1.86
0.0;0.0;0.0;8.37;95.8;1.93
0.0;0.0;0.0;8.15;95.8;2.0
0.0;0.0;0.0;7.98;92.4;2.07
0.0;0.0;0.0;7.22;92.35;2.21
0.0;0.0;0.0;6.57;92.35;2.14
0.0;0.0;0.0;6.31;95.8;2.14
0.0;0.0;0.0;6.23;95.8;2.07
0.0;0.0;0.0;5.95;92.3;2.07
0.0;0.0;0.0;5.78;95.75;2.14
0.0;0.0;0.0;5.46;92.3;2.28
0.0;0.0;0.0;5.16;95.75;2.41
0.0;0.0;0.0;4.87;92.25;2.48
0.0;0.0;0.0;4.67;95.75;2.69
0.0;0.0;0.0;4.48;92.25;2.9
7.0;0.0;7.0;4.41;92.25;3.03
111.0;397.13;51.0;4.71;92.25;3.03
204.0;513.32;78.0;5.74;88.9;3.17
228.0;323.86;129.0;6.92;79.65;3.86
290.0;585.95;98.0;7.64;79.7;3.24
257.0;477.56;109.0;8.25;82.7;2.97
91.0;11.83;88.0;8.53;79.75;2.9
39.0;0.0;39.0;8.58;79.75;2.9
15.0;46.4;13.0;8.27;82.7;2.41
0.0;0.0;0.0;7.65;82.7;2.34
0.0;0.0;0.0;7.31;85.8;2.28
0.0;0.0;0.0;7.0;82.65;2.34
0.0;0.0;0.0;7.09;82.65;2.34
0.0;0.0;0.0;6.93;85.8;2.21
0.0;0.0;0.0;6.83;89.0;2.07
0.0;0.0;0.0;6.91;85.8;2.07
0.0;0.0;0.0;7.04;89.0;2.0
0.0;0.0;0.0;7.17;92.35;1.93
0.0;0.0;0.0;7.37;95.8;1.93
0.0;0.0;0.0;7.45;95.8;1.93
0.0;0.0;0.0;7.52;95.8;2.0
0.0;0.0;0.0;7.56;95.8;2.14
0.0;0.0;0.0;7.46;95.8;2.14
0.0;0.0;0.0;7.17;95.8;2.21
2.0;0.0;2.0;6.71;95.8;2.14
56.0;27.22;52.0;6.41;95.8;1.93
88.0;12.43;85.0;7.0;92.35;2.55
81.0;0.0;81.0;7.87;89.05;2.76
186.0;108.14;151.0;8.52;89.1;2.9
273.0;607.7;87.0;9.23;85.95;3.03
135.0;96.0;111.0;9.6;82.9;2.9
15.0;0.0;15.0;9.68;82.9;2.76
2.0;0.0;2.0;9.39;85.95;2.28
0.0;0.0;0.0;9.12;85.95;2.0
0.0;0.0;0.0;8.96;89.1;1.93
0.0;0.0;0.0;8.86;92.4;1.86
0.0;0.0;0.0;8.76;92.4;1.93
0.0;0.0;0.0;8.5;92.4;1.86
0.0;0.0;0.0;8.5;92.4;2.0
0.0;0.0;0.0;8.16;95.8;2.14
0.0;0.0;0.0;7.83;95.8;2.28
0.0;0.0;0.0;7.64;95.8;2.41
0.0;0.0;0.0;7.32;95.8;2.55
0.0;0.0;0.0;6.81;95.8;2.69
0.0;0.0;0.0;6.58;95.8;2.62
0.0;0.0;0.0;6.48;92.35;2.83
0.0;0.0;0.0;6.51;92.35;3.03
0.0;0.0;0.0;6.84;92.35;3.17
0.0;0.0;0.0;7.05;89.0;3.17
73.0;105.02;58.0;7.3;89.0;2.97
178.0;366.82;91.0;7.6;89.05;2.97
71.0;0.0;71.0;7.88;89.05;3.03
59.0;0.0;59.0;8.25;92.4;2.97
47.0;0.0;47.0;8.58;92.4;3.03
60.0;0.0;60.0;8.79;92.4;2.83
11.0;0.0;11.0;8.89;92.4;2.62
1.0;0.0;1.0;8.93;92.45;2.48
0.0;0.0;0.0;8.76;95.85;2.55
0.0;0.0;0.0;8.56;92.4;2.62
0.0;0.0;0.0;8.46;92.4;2.69
0.0;0.0;0.0;8.36;95.8;2.76
0.0;0.0;0.0;8.21;89.05;2.97
0.0;0.0;0.0;7.97;85.85;3.24
0.0;0.0;0.0;7.56;85.85;3.45
0.0;0.0;0.0;6.93;85.8;3.66
0.0;0.0;0.0;6.41;85.75;3.93
0.0;0.0;0.0;6.01;88.95;4.07
0.0;0.0;0.0;5.71;88.9;4.07
0.0;0.0;0.0;5.38;88.9;4.21
0.0;0.0;0.0;5.27;92.25;4.34
0.0;0.0;0.0;5.34;95.75;4.48
0.0;0.0;0.0;5.39;92.3;4.62
0.0;0.0;0.0;5.67;92.3;4.76
90.0;259.36;54.0;6.04;88.95;4.97
99.0;34.31;91.0;6.69;85.75;4.55
190.0;190.77;134.0;7.27;82.65;5.1
284.0;623.6;87.0;8.15;82.7;5.45
258.0;552.41;93.0;8.98;76.95;5.52
192.0;436.08;86.0;9.2;76.95;4.9
87.0;163.56;62.0;9.27;76.95;5.52
6.0;0.0;6.0;9.07;74.15;5.24
0.0;0.0;0.0;8.42;74.05;5.03
0.0;0.0;0.0;8.12;76.8;4.97
0.0;0.0;0.0;7.86;79.7;4.76
0.0;0.0;0.0;8.18;79.7;4.76
0.0;0.0;0.0;8.38;82.7;4.62
0.0;0.0;0.0;8.35;89.05;4.69
0.0;0.0;0.0;8.38;92.4;4.76
0.0;0.0;0.0;8.34;92.4;5.03
0.0;0.0;0.0;8.01;89.05;4.69
0.0;0.0;0.0;7.73;85.85;4.55
0.0;0.0;0.0;7.39;85.8;4.55
0.0;0.0;0.0;6.71;82.6;4.97
0.0;0.0;0.0;5.92;76.55;4.83
0.0;0.0;0.0;5.01;73.55;4.34
0.0;0.0;0.0;4.4;70.7;4.0
0.0;0.0;0.0;3.83;73.3;3.72
107.0;496.87;40.0;3.4;76.15;3.79
206.0;632.67;61.0;3.65;76.15;3.66
264.0;628.31;82.0;4.08;70.6;5.03
269.0;509.35;110.0;4.35;70.6;5.17
41.0;0.0;41.0;4.53;65.4;4.9
115.0;54.22;102.0;4.5;62.95;4.55
41.0;0.0;41.0;4.3;67.9;4.21
4.0;0.0;4.0;3.99;70.6;3.31
0.0;0.0;0.0;3.0;73.2;3.03
0.0;0.0;0.0;2.32;78.95;2.97
0.0;0.0;0.0;1.7;82.0;2.9
0.0;0.0;0.0;1.28;85.2;3.03
0.0;0.0;0.0;0.73;88.5;3.24
0.0;0.0;0.0;0.45;88.5;3.03
0.0;0.0;0.0;0.1;88.45;3.1
0.0;0.0;0.0;-0.11;85.1;3.1
0.0;0.0;0.0;-0.29;88.45;3.17
0.0;0.0;0.0;-0.46;88.45;3.1
0.0;0.0;0.0;-0.63;88.45;3.03
0.0;0.0;0.0;-0.77;91.95;3.1
0.0;0.0;0.0;-0.9;91.95;2.97
0.0;0.0;0.0;-1.08;91.95;2.83
0.0;0.0;0.0;-1.24;95.6;2.76
0.0;0.0;0.0;-1.41;95.6;2.62
42.0;7.64;41.0;-0.85;95.6;2.14
64.0;0.0;64.0;0.49;95.65;2.41
50.0;0.0;50.0;1.37;88.6;2.69
48.0;0.0;48.0;1.81;92.05;2.69
42.0;0.0;42.0;2.14;88.65;2.97
32.0;0.0;32.0;2.12;88.65;2.97
15.0;0.0;15.0;2.07;88.65;3.1
1.0;0.0;1.0;1.83;92.05;3.24
0.0;0.0;0.0;1.63;88.6;3.24
0.0;0.0;0.0;1.43;85.25;3.38
0.0;0.0;0.0;1.21;88.55;3.66
0.0;0.0;0.0;1.09;88.55;3.79
0.0;0.0;0.0;0.57;85.15;3.52
0.0;0.0;0.0;0.51;85.15;4.21
0.0;0.0;0.0;0.38;81.9;4.41
0.0;0.0;0.0;0.44;78.75;4.55
0.0;0.0;0.0;0.67;78.75;4.62
0.0;0.0;0.0;0.93;72.85;4.9
0.0;0.0;0.0;1.23;70.05;4.97
0.0;0.0;0.0;1.49;64.8;4.9
0.0;0.0;0.0;1.66;62.25;4.83
0.0;0.0;0.0;1.72;62.25;4.76
0.0;0.0;0.0;2.1;62.35;4.76
0.0;0.0;0.0;2.5;62.5;4.83
10.0;0.0;10.0;3.27;65.1;4.97
17.0;0.0;17.0;3.73;65.2;5.24
47.0;0.0;47.0;4.27;65.3;4.62
78.0;0.0;78.0;4.58;62.95;5.38
80.0;0.0;80.0;4.83;62.95;5.79
32.0;0.0;32.0;4.91;60.65;5.79
45.0;6.94;44.0;4.83;60.5;5.59
2.0;0.0;2.0;4.79;60.5;5.59
0.0;0.0;0.0;4.65;65.4;5.72
0.0;0.0;0.0;4.43;70.7;5.79
0.0;0.0;0.0;4.74;76.3;5.66
0.0;0.0;0.0;5.05;76.4;5.59
0.0;0.0;0.0;5.55;82.5;5.45
0.0;0.0;0.0;5.78;85.65;5.24
0.0;0.0;0.0;5.95;85.7;4.97
0.0;0.0;0.0;5.99;85.7;4.76
0.0;0.0;0.0;5.93;85.7;4.55
0.0;0.0;0.0;5.79;88.9;4.41
0.0;0.0;0.0;5.66;88.9;4.28
0.0;0.0;0.0;5.67;88.9;4.21
0.0;0.0;0.0;5.68;88.9;4.14
0.0;0.0;0.0;5.53;85.65;4.0
0.0;0.0;0.0;5.4;85.65;3.93
0.0;0.0;0.0;5.26;88.85;3.86
45.0;24.31;42.0;6.1;82.55;4.07
60.0;0.0;60.0;6.31;82.55;3.79
95.0;3.59;94.0;6.42;79.55;4.0
155.0;66.33;135.0;6.59;82.6;4.28
31.0;0.0;31.0;6.87;82.6;5.31
18.0;0.0;18.0;6.83;82.6;4.97
10.0;0.0;10.0;6.67;79.55;5.24
1.0;0.0;1.0;6.13;79.5;4.97
0.0;0.0;0.0;5.43;82.5;4.62
0.0;0.0;0.0;5.03;85.6;4.69
0.0;0.0;0.0;4.98;85.6;4.83
0.0;0.0;0.0;5.12;85.6;5.03
0.0;0.0;0.0;5.0;85.6;5.17
0.0;0.0;0.0;5.27;88.85;5.31
0.0;0.0;0.0;5.43;85.65;5.45
0.0;0.0;0.0;5.55;85.65;5.52
0.0;0.0;0.0;5.65;82.5;5.38
0.0;0.0;0.0;5.65;82.5;5.38
0.0;0.0;0.0;5.6;82.5;5.31
0.0;0.0;0.0;5.62;82.5;5.1
0.0;0.0;0.0;5.62;82.5;4.97
0.0;0.0;0.0;5.49;82.5;4.83
0.0;0.0;0.0;5.47;82.5;4.76
0.0;0.0;0.0;5.4;82.5;4.41
84.0;359.1;41.0;5.16;85.6;4.14
114.0;93.38;94.0;5.29;88.85;4.21
124.0;36.36;114.0;5.62;82.5;5.1
253.0;496.36;105.0;5.86;82.5;5.17
190.0;216.31;129.0;5.97;76.55;4.83
34.0;0.0;34.0;6.07;73.7;4.62
45.0;7.21;44.0;6.13;70.95;4.48
0.0;0.0;0.0;5.68;70.85;3.93
0.0;0.0;0.0;5.16;70.8;3.79
0.0;0.0;0.0;4.99;70.8;3.72
0.0;0.0;0.0;4.84;73.45;3.93
0.0;0.0;0.0;4.7;76.3;4.07
0.0;0.0;0.0;5.54;70.85;4.07
0.0;0.0;0.0;5.57;70.85;4.21
0.0;0.0;0.0;5.14;70.8;4.14
0.0;0.0;0.0;4.85;73.45;4.14
0.0;0.0;0.0;4.29;76.25;3.86
0.0;0.0;0.0;3.76;79.15;3.72
0.0;0.0;0.0;2.91;79.1;3.52
0.0;0.0;0.0;2.26;85.3;3.31
0.0;0.0;0.0;1.84;85.25;3.17
0.0;0.0;0.0;1.51;85.25;3.1
0.0;0.0;0.0;1.39;82.0;2.97
0.0;0.0;0.0;1.07;85.2;2.9
67.0;180.78;46.0;1.43;85.25;3.24
146.0;265.86;90.0;2.19;82.05;3.03
256.0;699.54;66.0;2.97;79.1;3.45
268.0;623.9;84.0;3.72;76.15;3.31
245.0;562.75;88.0;4.1;73.4;3.17
188.0;511.36;73.0;4.26;73.4;2.83
92.0;300.76;51.0;4.09;73.4;2.48
0.0;0.0;0.0;3.37;76.15;2.21
0.0;0.0;0.0;2.59;79.0;2.34
0.0;0.0;0.0;1.78;85.25;2.41
0.0;0.0;0.0;1.28;88.55;2.34
0.0;0.0;0.0;0.57;88.5;2.34
0.0;0.0;0.0;0.46;88.5;2.48
0.0;0.0;0.0;0.13;92.0;2.41
0.0;0.0;0.0;-0.1;88.45;2.41
0.0;0.0;0.0;-0.54;91.95;2.41
0.0;0.0;0.0;-0.83;91.95;2.41
0.0;0.0;0.0;-1.14;91.95;2.48
0.0;0.0;0.0;-1.32;91.9;2.55
0.0;0.0;0.0;-1.55;91.9;2.62
0.0;0.0;0.0;-1.59;91.9;2.76
0.0;0.0;0.0;-1.52;91.9;2.9
0.0;0.0;0.0;-1.7;95.55;2.97
0.0;0.0;0.0;-1.76;95.55;2.97
72.0;257.41;43.0;-1.55;91.9;3.03
151.0;313.73;86.0;-0.58;88.45;2.83
207.0;354.11;112.0;0.33;81.9;3.52
188.0;171.37;138.0;1.27;81.95;3.72
148.0;79.69;126.0;1.96;78.95;3.52
190.0;544.43;69.0;2.4;76.0;3.38
91.0;298.58;51.0;2.05;78.95;3.03
0.0;0.0;0.0;1.04;81.95;3.1
0.0;0.0;0.0;0.31;88.45;3.17
0.0;0.0;0.0;0.45;85.15;3.31
0.0;0.0;0.0;0.48;88.5;3.24
0.0;0.0;0.0;0.9;85.2;3.24
0.0;0.0;0.0;1.2;85.2;3.45
0.0;0.0;0.0;1.39;85.25;3.45
0.0;0.0;0.0;1.62;85.25;3.59
0.0;0.0;0.0;1.87;85.3;3.72
0.0;0.0;0.0;2.22;88.65;3.93
0.0;0.0;0.0;2.54;88.65;4.07
0.0;0.0;0.0;2.78;92.15;4.14
0.0;0.0;0.0;2.92;92.15;4.07
0.0;0.0;0.0;2.98;92.15;4.07
0.0;0.0;0.0;3.01;95.7;4.0
0.0;0.0;0.0;2.97;95.7;3.86
0.0;0.0;0.0;2.93;95.7;3.72
45.0;45.77;40.0;3.11;99.4;3.72
57.0;0.0;57.0;3.39;95.7;3.79
62.0;0.0;62.0;3.74;99.4;3.93
252.0;550.68;93.0;4.23;92.2;4.83
205.0;329.34;115.0;4.59;88.85;5.1
56.0;0.0;56.0;4.83;88.85;4.07
17.0;0.0;17.0;4.77;88.85;3.79
0.0;0.0;0.0;4.53;88.85;3.52
0.0;0.0;0.0;4.24;92.2;3.38
0.0;0.0;0.0;4.19;92.2;3.45
0.0;0.0;0.0;4.15;92.2;3.66
0.0;0.0;0.0;4.07;92.2;3.72
0.0;0.0;0.0;3.31;95.7;3.52
0.0;0.0;0.0;3.38;92.15;3.45
0.0;0.0;0.0;3.42;92.15;3.52
0.0;0.0;0.0;3.29;95.7;3.72
0.0;0.0;0.0;3.13;95.7;3.52
0.0;0.0;0.0;2.88;92.15;3.31
0.0;0.0;0.0;2.74;95.7;3.45
0.0;0.0;0.0;2.57;95.7;3.66
0.0;0.0;0.0;2.21;95.65;3.59
0.0;0.0;0.0;1.7;99.4;3.1
0.0;0.0;0.0;1.12;99.35;2.41
0.0;0.0;0.0;0.83;99.35;2.28
46.0;56.65;40.0;1.23;95.65;3.31
145.0;314.12;82.0;1.19;95.65;3.03
74.0;0.0;74.0;1.31;95.65;2.62
86.0;0.0;86.0;1.12;92.05;2.9
96.0;7.39;94.0;0.97;88.55;2.48
38.0;0.0;38.0;1.02;88.55;2.41
24.0;0.0;24.0;0.87;85.2;2.14
0.0;0.0;0.0;0.6;85.15;2.14
0.0;0.0;0.0;0.26;88.45;2.14
0.0;0.0;0.0;0.0;88.45;2.07
0.0;0.0;0.0;-0.17;88.45;1.86
0.0;0.0;0.0;-0.29;91.95;1.86
0.0;0.0;0.0;-0.06;92.0;1.79
0.0;0.0;0.0;-0.14;92.0;1.79
0.0;0.0;0.0;-0.01;92.0;1.93
0.0;0.0;0.0;0.09;92.0;1.79
0.0;0.0;0.0;-0.05;92.0;1.1
0.0;0.0;0.0;-0.29;99.4;0.69
0.0;0.0;0.0;-0.49;95.6;0.55
0.0;0.0;0.0;-0.61;95.6;0.97
0.0;0.0;0.0;-0.52;95.6;1.38
0.0;0.0;0.0;-0.42;95.6;1.45
0.0;0.0;0.0;-0.35;95.6;1.72
0.0;0.0;0.0;-0.38;95.6;2.0
37.0;29.22;34.0;-0.46;95.6;2.62
90.0;45.59;81.0;-0.17;91.95;2.41
138.0;81.11;117.0;0.1;85.1;2.07
150.0;74.21;129.0;0.36;78.75;1.79
119.0;29.85;111.0;0.66;75.7;1.66
69.0;4.65;68.0;0.97;70.05;1.86
35.0;0.0;35.0;0.94;67.3;1.79
0.0;0.0;0.0;0.68;72.75;1.59
0.0;0.0;0.0;0.24;75.6;1.66
0.0;0.0;0.0;-0.29;81.75;1.86
0.0;0.0;0.0;-0.94;85.0;2.07
0.0;0.0;0.0;-1.45;88.35;2.0
0.0;0.0;0.0;-0.55;85.05;2.21
0.0;0.0;0.0;-0.28;88.45;2.07
0.0;0.0;0.0;-0.33;91.95;1.93
0.0;0.0;0.0;-0.42;91.95;1.93
0.0;0.0;0.0;-0.45;91.95;1.93
0.0;0.0;0.0;-0.53;91.95;1.93
0.0;0.0;0.0;-0.7;95.6;1.93
0.0;0.0;0.0;-0.76;95.6;1.93
0.0;0.0;0.0;-0.73;95.6;2.0
0.0;0.0;0.0;-0.74;95.6;2.07
0.0;0.0;0.0;-0.81;95.6;2.21
0.0;0.0;0.0;-0.78;91.95;2.34
31.0;10.05;30.0;-0.96;88.4;2.55
62.0;5.15;61.0;-0.39;88.45;2.62
51.0;0.0;51.0;0.37;81.9;3.45
76.0;0.0;76.0;0.95;75.75;4.0
98.0;11.3;95.0;1.26;75.75;3.79
68.0;4.7;67.0;1.27;75.75;3.52
48.0;23.86;45.0;0.97;72.85;3.1
0.0;0.0;0.0;0.45;75.7;2.83
0.0;0.0;0.0;0.01;75.6;2.69
0.0;0.0;0.0;-1.24;82.25;2.61
0.0;0.0;0.0;-1.2;82.91;2.68
0.0;0.0;0.0;-1.16;83.57;2.74
0.0;0.0;0.0;-1.12;84.24;2.81
0.0;0.0;0.0;-1.09;84.9;2.88
0.0;0.0;0.0;-1.05;85.57;2.94
0.0;0.0;0.0;-1.01;86.23;3.01
0.0;0.0;0.0;-0.97;86.89;3.07
0.0;0.0;0.0;-0.93;87.56;3.14
0.0;0.0;0.0;-0.89;88.22;3.21
0.0;0.0;0.0;-0.85;88.88;3.27
0.0;0.0;0.0;-0.81;89.55;3.34
0.0;0.0;0.0;-0.77;90.21;3.41
0.0;0.0;0.0;-0.73;90.88;3.47
0.0;0.0;0.0;-0.69;91.54;3.54
61.0;231.1;38.0;-0.66;92.2;3.61
155.0;447.71;68.0;-1.73;91.9;2.41
222.0;543.03;83.0;-0.37;85.1;3.38
257.0;638.67;78.0;0.06;81.8;3.1
190.0;267.35;119.0;0.38;78.75;3.1
111.0;79.87;94.0;0.51;78.75;3.45
40.0;7.95;39.0;0.58;78.75;3.79
0.0;0.0;0.0;0.62;78.75;3.24
0.0;0.0;0.0;0.49;81.9;3.1
0.0;0.0;0.0;0.53;85.15;3.52
0.0;0.0;0.0;0.66;88.55;4.07
0.0;0.0;0.0;0.97;92.05;4.41
0.0;0.0;0.0;1.23;92.05;4.55
0.0;0.0;0.0;1.79;92.1;4.41
0.0;0.0;0.0;2.42;92.15;4.41
0.0;0.0;0.0;2.71;92.15;4.28
0.0;0.0;0.0;3.63;92.15;4.34
0.0;0.0;0.0;4.24;92.2;4.76
0.0;0.0;0.0;4.75;92.25;5.17
0.0;0.0;0.0;5.23;88.85;5.52
0.0;0.0;0.0;5.65;92.25;5.72
0.0;0.0;0.0;5.92;88.9;5.86
0.0;0.0;0.0;6.06;88.9;5.93
0.0;0.0;0.0;5.62;88.85;6.0
60.0;259.17;35.0;5.63;88.85;5.86
160.0;533.06;58.0;5.99;85.65;5.86
101.0;15.8;97.0;6.51;79.5;6.07
264.0;713.07;66.0;6.94;76.65;5.93
250.0;718.01;61.0;6.74;71.05;6.62
183.0;588.23;59.0;6.63;68.3;6.55
90.0;395.25;41.0;6.22;60.85;6.41
0.0;0.0;0.0;5.32;58.3;5.93
0.0;0.0;0.0;4.42;58.05;5.52
0.0;0.0;0.0;3.68;57.95;5.31
0.0;0.0;0.0;3.06;60.15;5.1
0.0;0.0;0.0;2.6;62.5;4.83
0.0;0.0;0.0;2.25;57.7;4.69
0.0;0.0;0.0;1.76;59.95;4.34
0.0;0.0;0.0;1.21;62.25;4.0
0.0;0.0;0.0;0.48;67.2;3.66
0.0;0.0;0.0;-0.21;69.85;3.45
0.0;0.0;0.0;-0.32;69.85;3.31
0.0;0.0;0.0;-0.25;72.65;3.31
0.0;0.0;0.0;-0.11;72.65;3.24
0.0;0.0;0.0;-0.04;75.6;3.24
0.0;0.0;0.0;-0.06;75.6;3.31
0.0;0.0;0.0;-0.07;78.65;3.45
0.0;0.0;0.0;-0.15;78.65;3.59
56.0;213.91;36.0;-0.6;85.05;3.38
175.0;695.04;44.0;-0.3;81.8;4.34
194.0;351.37;106.0;-0.01;81.8;4.97
253.0;621.39;82.0;0.5;72.75;4.9
244.0;678.15;67.0;0.94;67.3;4.62
189.0;641.55;55.0;1.18;64.8;4.97
61.0;89.92;50.0;1.17;64.8;5.45
0.0;0.0;0.0;0.92;70.05;4.97
0.0;0.0;0.0;0.78;70.05;4.83
0.0;0.0;0.0;1.05;72.85;5.03
0.0;0.0;0.0;1.41;72.95;5.24
0.0;0.0;0.0;1.63;72.95;5.17
0.0;0.0;0.0;1.13;75.75;4.9
0.0;0.0;0.0;0.73;72.85;4.62
0.0;0.0;0.0;0.23;69.95;4.34
0.0;0.0;0.0;-0.36;67.1;3.93
0.0;0.0;0.0;-0.93;69.65;3.66
0.0;0.0;0.0;-1.38;69.55;3.38
0.0;0.0;0.0;-1.72;69.55;3.31
0.0;0.0;0.0;-2.14;72.3;3.38
0.0;0.0;0.0;-2.34;69.45;3.52
0.0;0.0;0.0;-2.09;69.45;3.66
0.0;0.0;0.0;-1.75;66.8;3.72
0.0;0.0;0.0;-1.44;66.8;3.79
51.0;165.52;36.0;-1.35;61.65;4.07
63.0;5.38;62.0;-0.72;56.95;3.93
136.0;88.76;114.0;0.01;57.1;3.17
143.0;65.98;125.0;0.6;57.2;3.59
130.0;57.94;115.0;0.64;57.35;3.66
140.0;231.82;92.0;0.84;57.35;3.17
47.0;24.83;44.0;0.84;57.35;2.97
0.0;0.0;0.0;0.51;59.6;2.76
0.0;0.0;0.0;0.08;64.45;2.69
0.0;0.0;0.0;-0.04;67.1;2.76
0.0;0.0;0.0;-0.22;67.1;2.55
0.0;0.0;0.0;-0.61;69.75;2.41
0.0;0.0;0.0;-1.0;75.45;2.21
0.0;0.0;0.0;-1.03;75.45;2.14
0.0;0.0;0.0;-1.48;78.45;2.14
0.0;0.0;0.0;-1.98;78.35;2.14
0.0;0.0;0.0;-2.53;81.5;2.21
0.0;0.0;0.0;-2.87;81.5;1.79
0.0;0.0;0.0;-3.05;84.8;1.66
0.0;0.0;0.0;-3.49;84.7;1.93
0.0;0.0;0.0;-3.72;81.4;2.21
0.0;0.0;0.0;-3.84;81.4;2.21
0.0;0.0;0.0;-3.99;84.65;2.07
0.0;0.0;0.0;-3.86;81.4;2.28
37.0;56.92;32.0;-3.46;84.7;2.41
82.0;43.7;74.0;-2.32;78.35;2.21
170.0;244.53;110.0;-1.07;72.5;2.28
128.0;40.66;117.0;-0.25;69.85;2.28
48.0;0.0;48.0;0.34;69.95;2.34
129.0;180.16;92.0;0.48;72.75;2.48
52.0;50.24;46.0;0.4;75.7;2.62
0.0;0.0;0.0;-0.1;81.8;2.48
0.0;0.0;0.0;-0.49;85.05;2.41
0.0;0.0;0.0;-0.63;88.45;2.34
0.0;0.0;0.0;-0.66;91.95;2.41
0.0;0.0;0.0;-0.71;91.95;2.41
0.0;0.0;0.0;-0.61;91.95;2.41
0.0;0.0;0.0;-0.6;91.95;2.21
0.0;0.0;0.0;-0.57;91.95;1.93
0.0;0.0;0.0;-0.55;91.95;1.79
0.0;0.0;0.0;-0.65;91.95;1.79
0.0;0.0;0.0;-0.71;91.95;1.79
0.0;0.0;0.0;-0.94;95.6;1.79
0.0;0.0;0.0;-1.22;91.95;1.86
0.0;0.0;0.0;-1.53;95.6;2.07
0.0;0.0;0.0;-1.45;95.6;2.07
0.0;0.0;0.0;-1.42;95.6;2.0
0.0;0.0;0.0;-1.16;91.95;1.86
29.0;23.48;27.0;-1.14;91.95;2.34
49.0;0.0;49.0;-0.84;88.45;2.0
53.0;0.0;53.0;-0.64;88.45;1.66
64.0;0.0;64.0;-0.48;88.45;1.79
82.0;3.92;81.0;-0.14;88.45;2.07
62.0;0.0;62.0;0.21;85.15;2.14
46.0;33.85;42.0;0.08;88.45;2.14
0.0;0.0;0.0;-0.17;88.45;1.93
0.0;0.0;0.0;-0.45;91.95;2.0
0.0;0.0;0.0;-0.63;91.95;2.0
0.0;0.0;0.0;-0.78;91.95;2.21
0.0;0.0;0.0;-0.98;95.6;2.21
0.0;0.0;0.0;-1.57;95.6;2.34
0.0;0.0;0.0;-1.7;91.9;2.21
0.0;0.0;0.0;-1.8;91.9;2.34
0.0;0.0;0.0;-2.11;91.85;2.21
0.0;0.0;0.0;-2.37;88.3;2.21
0.0;0.0;0.0;-2.61;91.85;2.34
0.0;0.0;0.0;-2.84;88.25;2.34
0.0;0.0;0.0;-2.99;88.25;2.34
0.0;0.0;0.0;-3.1;88.25;2.55
0.0;0.0;0.0;-3.3;84.8;2.76
0.0;0.0;0.0;-3.59;84.7;2.69
0.0;0.0;0.0;-3.74;84.7;2.48
44.0;145.28;32.0;-4.23;84.65;2.34
53.0;0.0;53.0;-4.2;84.65;2.34
53.0;0.0;53.0;-4.03;84.65;2.55
42.0;0.0;42.0;-3.85;81.4;2.69
39.0;0.0;39.0;-3.55;81.4;2.55
31.0;0.0;31.0;-3.59;81.4;2.69
17.0;0.0;17.0;-3.76;81.4;2.97
0.0;0.0;0.0;-4.1;81.3;2.9
0.0;0.0;0.0;-4.53;84.6;2.97
0.0;0.0;0.0;-4.91;81.25;3.03
0.0;0.0;0.0;-5.29;81.2;3.03
0.0;0.0;0.0;-5.56;84.5;3.1
0.0;0.0;0.0;-6.2;84.45;2.76
0.0;0.0;0.0;-6.4;81.05;2.9
0.0;0.0;0.0;-6.56;84.4;2.9
0.0;0.0;0.0;-6.66;84.4;2.83
0.0;0.0;0.0;-6.72;81.0;2.83
0.0;0.0;0.0;-6.88;81.0;3.03
0.0;0.0;0.0;-7.04;77.7;3.1
0.0;0.0;0.0;-7.26;77.7;3.24
0.0;0.0;0.0;-7.46;77.6;3.17
0.0;0.0;0.0;-7.51;74.45;3.1
0.0;0.0;0.0;-7.49;74.45;3.38
0.0;0.0;0.0;-7.33;71.5;3.45
18.0;0.0;18.0;-6.41;77.75;3.72
58.0;5.69;57.0;-5.98;77.75;3.1
61.0;0.0;61.0;-5.52;74.7;2.83
94.0;7.56;92.0;-5.17;71.75;3.03
44.0;0.0;44.0;-4.93;71.75;3.31
27.0;0.0;27.0;-4.74;66.15;3.52
15.0;0.0;15.0;-4.83;63.45;3.45
0.0;0.0;0.0;-4.96;63.35;3.03
0.0;0.0;0.0;-4.99;63.35;2.76
0.0;0.0;0.0;-4.91;60.85;2.76
0.0;0.0;0.0;-4.85;60.85;2.76
0.0;0.0;0.0;-4.77;60.85;2.97
0.0;0.0;0.0;-4.56;74.9;2.69
0.0;0.0;0.0;-4.63;78.0;3.03
0.0;0.0;0.0;-4.75;78.0;3.17
0.0;0.0;0.0;-4.64;81.25;3.1
0.0;0.0;0.0;-4.64;81.25;2.83
0.0;0.0;0.0;-4.48;84.6;3.03
0.0;0.0;0.0;-4.33;81.3;3.24
0.0;0.0;0.0;-4.31;81.3;3.24
0.0;0.0;0.0;-4.33;84.65;3.24
0.0;0.0;0.0;-4.3;84.65;3.31
0.0;0.0;0.0;-4.28;84.65;3.31
0.0;0.0;0.0;-4.21;84.65;3.66
20.0;0.0;20.0;-3.94;88.15;3.24
51.0;0.0;51.0;-3.56;84.7;3.24
52.0;0.0;52.0;-2.91;84.8;4.21
57.0;0.0;57.0;-2.28;81.55;4.62
45.0;0.0;45.0;-1.8;81.65;4.07
93.0;50.03;83.0;-1.53;81.65;3.79
56.0;86.89;46.0;-1.5;84.95;3.86
0.0;0.0;0.0;-1.54;84.95;3.66
0.0;0.0;0.0;-1.71;84.95;3.86
0.0;0.0;0.0;-1.8;88.35;4.21
0.0;0.0;0.0;-1.76;88.35;4.41
0.0;0.0;0.0;-1.65;88.35;4.55
0.0;0.0;0.0;-2.21;88.3;4.62
0.0;0.0;0.0;-2.05;91.85;4.62
0.0;0.0;0.0;-1.68;91.9;4.34
0.0;0.0;0.0;-1.27;91.95;4.28
0.0;0.0;0.0;-0.81;91.95;4.41
0.0;0.0;0.0;-0.29;92.0;4.76
0.0;0.0;0.0;0.09;95.6;4.9
0.0;0.0;0.0;0.28;92.0;4.83
0.0;0.0;0.0;0.46;95.65;4.9
0.0;0.0;0.0;0.51;95.65;4.62
0.0;0.0;0.0;0.51;95.65;4.62
0.0;0.0;0.0;0.36;92.0;4.55
14.0;0.0;14.0;0.34;92.0;4.62
37.0;0.0;37.0;0.43;92.0;4.34
24.0;0.0;24.0;0.77;92.05;4.34
157.0;137.88;121.0;1.21;88.6;4.62
154.0;160.73;114.0;1.64;88.6;4.0
64.0;5.03;63.0;1.68;88.65;2.97
35.0;8.75;34.0;1.52;92.05;2.83
0.0;0.0;0.0;1.2;92.05;2.55
0.0;0.0;0.0;0.83;95.65;2.41
0.0;0.0;0.0;0.63;95.65;2.21
0.0;0.0;0.0;0.42;95.65;1.93
0.0;0.0;0.0;0.35;95.65;1.59
0.0;0.0;0.0;0.23;99.4;1.31
0.0;0.0;0.0;-0.19;99.4;1.52
0.0;0.0;0.0;-0.36;95.6;1.38
0.0;0.0;0.0;-0.33;95.6;1.1
0.0;0.0;0.0;-0.55;99.4;1.03
0.0;0.0;0.0;-0.45;99.4;0.97
0.0;0.0;0.0;-0.4;99.4;1.1
0.0;0.0;0.0;-0.42;99.4;0.97
0.0;0.0;0.0;-0.66;99.4;1.17
0.0;0.0;0.0;-0.65;99.4;1.24
0.0;0.0;0.0;-0.54;99.4;1.03
0.0;0.0;0.0;-0.57;99.4;0.9
35.0;109.09;27.0;-0.31;95.6;0.83
70.0;29.53;65.0;0.18;95.65;0.62
64.0;0.0;64.0;0.63;99.4;0.41
57.0;0.0;57.0;1.27;92.05;0.41
73.0;0.0;73.0;1.7;92.1;0.14
61.0;5.05;60.0;1.82;92.1;0.34
22.0;0.0;22.0;1.76;92.1;0.69
0.0;0.0;0.0;1.41;95.65;1.03
0.0;0.0;0.0;0.98;95.65;1.31
0.0;0.0;0.0;0.57;99.4;1.38
0.0;0.0;0.0;0.41;99.4;0.97
0.0;0.0;0.0;0.11;99.4;0.83
0.0;0.0;0.0;0.39;99.4;1.1
0.0;0.0;0.0;0.35;99.4;1.03
0.0;0.0;0.0;0.43;99.4;1.24
0.0;0.0;0.0;0.52;99.4;1.45
0.0;0.0;0.0;0.49;99.4;1.52
0.0;0.0;0.0;0.35;99.4;1.59
0.0;0.0;0.0;0.24;95.65;1.66
0.0;0.0;0.0;0.05;99.4;1.93
0.0;0.0;0.0;-0.2;95.6;2.0
0.0;0.0;0.0;-0.48;95.6;2.0
0.0;0.0;0.0;-0.7;95.6;2.21
0.0;0.0;0.0;-0.97;95.6;2.21
37.0;154.32;26.0;-0.64;95.6;1.79
137.0;501.62;53.0;-0.54;91.95;1.79
204.0;575.25;71.0;-0.33;88.45;1.93
81.0;0.0;81.0;-0.37;88.45;2.14
59.0;0.0;59.0;-0.19;88.45;1.86
36.0;0.0;36.0;-0.31;88.45;1.59
56.0;97.22;45.0;-0.38;88.45;1.86
0.0;0.0;0.0;-0.76;91.95;1.66
0.0;0.0;0.0;-1.13;91.95;1.52
0.0;0.0;0.0;-1.28;91.95;1.79
0.0;0.0;0.0;-1.55;95.6;1.72
0.0;0.0;0.0;-2.03;95.55;2.14
0.0;0.0;0.0;-2.4;95.55;1.45
0.0;0.0;0.0;-2.55;95.55;1.52
0.0;0.0;0.0;-2.58;95.55;1.66
0.0;0.0;0.0;-2.55;95.55;1.52
0.0;0.0;0.0;-2.46;95.55;1.52
0.0;0.0;0.0;-2.42;95.55;1.24
0.0;0.0;0.0;-2.3;91.85;1.38
0.0;0.0;0.0;-2.14;91.85;1.66
0.0;0.0;0.0;-2.06;91.85;1.72
0.0;0.0;0.0;-2.04;91.85;1.79
0.0;0.0;0.0;-2.07;88.3;2.0
0.0;0.0;0.0;-2.49;91.85;1.1
25.0;28.84;23.0;-2.22;91.85;1.79
56.0;6.04;55.0;-2.1;91.85;2.07
62.0;0.0;62.0;-1.89;91.85;2.21
45.0;0.0;45.0;-1.73;88.35;2.34
39.0;0.0;39.0;-1.58;88.35;2.55
31.0;0.0;31.0;-1.49;88.35;2.69
20.0;0.0;20.0;-1.55;88.35;2.55
0.0;0.0;0.0;-1.75;88.35;2.07
0.0;0.0;0.0;-2.02;91.85;1.86
0.0;0.0;0.0;-2.2;88.3;2.07
0.0;0.0;0.0;-2.55;91.85;1.52
0.0;0.0;0.0;-2.84;88.25;1.52
0.0;0.0;0.0;-3.38;88.25;1.86
0.0;0.0;0.0;-3.51;91.8;1.66
0.0;0.0;0.0;-3.66;91.8;1.45
0.0;0.0;0.0;-3.72;91.8;1.24
0.0;0.0;0.0;-3.77;91.8;1.03
0.0;0.0;0.0;-3.86;91.8;0.62
0.0;0.0;0.0;-3.81;88.2;0.21
0.0;0.0;0.0;-3.98;91.75;0.34
0.0;0.0;0.0;-4.64;91.75;0.9
0.0;0.0;0.0;-4.66;91.75;0.76
0.0;0.0;0.0;-4.85;91.75;0.83
0.0;0.0;0.0;-4.82;91.75;0.97
15.0;0.0;15.0;-4.75;91.75;0.97
55.0;6.1;54.0;-4.23;91.75;1.38
70.0;0.0;70.0;-3.66;88.2;1.72
47.0;0.0;47.0;-3.19;88.25;1.93
34.0;0.0;34.0;-2.76;84.85;1.93
25.0;0.0;25.0;-2.61;84.85;1.86
23.0;0.0;23.0;-2.51;84.85;2.0
0.0;0.0;0.0;-2.63;84.85;2.0
0.0;0.0;0.0;-3.04;88.25;1.79
0.0;0.0;0.0;-2.93;88.25;1.93
0.0;0.0;0.0;-2.71;88.25;2.0
0.0;0.0;0.0;-2.22;88.3;2.14
0.0;0.0;0.0;-2.52;91.85;2.21
0.0;0.0;0.0;-2.28;88.3;2.41
0.0;0.0;0.0;-1.94;91.85;2.41
0.0;0.0;0.0;-1.6;91.9;2.41
0.0;0.0;0.0;-1.38;91.95;2.48
0.0;0.0;0.0;-0.94;95.6;2.48
0.0;0.0;0.0;-0.53;95.6;2.55
0.0;0.0;0.0;-0.1;99.4;2.48
0.0;0.0;0.0;0.38;99.4;2.41
0.0;0.0;0.0;0.71;99.35;2.34
0.0;0.0;0.0;0.94;99.35;2.34
0.0;0.0;0.0;1.02;99.35;2.28
7.0;0.0;7.0;1.02;99.35;2.21
26.0;0.0;26.0;1.19;99.4;1.93
112.0;61.69;98.0;1.54;99.4;1.86
37.0;0.0;37.0;1.77;99.4;1.72
56.0;0.0;56.0;1.8;99.4;1.72
61.0;5.12;60.0;1.76;99.4;1.93
49.0;62.32;42.0;1.71;95.65;2.07
0.0;0.0;0.0;1.56;99.4;2.14
0.0;0.0;0.0;1.48;99.4;2.14
0.0;0.0;0.0;1.59;99.4;2.07
0.0;0.0;0.0;1.73;99.4;2.14
0.0;0.0;0.0;1.93;99.4;2.34
0.0;0.0;0.0;2.1;99.4;2.48
0.0;0.0;0.0;2.43;99.4;2.69
0.0;0.0;0.0;2.77;99.4;2.97
0.0;0.0;0.0;3.05;99.4;3.03
0.0;0.0;0.0;3.23;99.4;3.03
0.0;0.0;0.0;3.4;99.4;3.1
0.0;0.0;0.0;3.57;99.4;3.17
0.0;0.0;0.0;3.79;100.0;3.31
0.0;0.0;0.0;4.09;100.0;3.59
0.0;0.0;0.0;4.43;99.4;3.86
0.0;0.0;0.0;4.71;95.75;4.0
0.0;0.0;0.0;4.85;95.75;4.07
14.0;0.0;14.0;5.28;95.75;3.86
25.0;0.0;25.0;5.38;95.75;4.0
18.0;0.0;18.0;5.47;95.75;4.0
20.0;0.0;20.0;5.59;99.4;4.21
44.0;0.0;44.0;5.79;95.75;4.28
25.0;0.0;25.0;5.83;95.75;4.07
15.0;0.0;15.0;5.89;95.75;4.21
0.0;0.0;0.0;5.76;95.75;4.34
0.0;0.0;0.0;5.41;95.75;4.34
0.0;0.0;0.0;5.04;95.75;4.41
0.0;0.0;0.0;4.66;99.4;4.76
0.0;0.0;0.0;4.32;99.4;4.83
0.0;0.0;0.0;4.71;95.75;4.76
0.0;0.0;0.0;4.41;99.4;4.62
0.0;0.0;0.0;4.17;95.75;4.9
0.0;0.0;0.0;3.89;95.7;5.17
0.0;0.0;0.0;3.53;92.15;5.1
0.0;0.0;0.0;3.11;92.15;5.1
0.0;0.0;0.0;2.43;92.15;4.83
0.0;0.0;0.0;1.86;92.1;4.55
0.0;0.0;0.0;1.57;95.65;4.48
0.0;0.0;0.0;1.17;92.05;4.48
0.0;0.0;0.0;0.83;95.65;4.41
0.0;0.0;0.0;0.81;92.05;4.41
14.0;0.0;14.0;1.45;95.65;4.28
39.0;0.0;39.0;1.75;92.1;4.55
63.0;0.0;63.0;2.06;95.65;5.24
78.0;0.0;78.0;2.39;88.65;6.21
86.0;8.23;84.0;2.93;85.4;6.21
24.0;0.0;24.0;3.16;85.45;5.03
10.0;0.0;10.0;3.13;85.4;4.9
0.0;0.0;0.0;2.91;88.7;4.97
0.0;0.0;0.0;2.62;92.15;5.1
0.0;0.0;0.0;2.5;92.15;5.72
0.0;0.0;0.0;2.34;88.65;5.03
0.0;0.0;0.0;2.03;88.65;4.62
0.0;0.0;0.0;2.23;88.65;4.76
0.0;0.0;0.0;1.89;88.65;4.28
0.0;0.0;0.0;2.0;88.65;4.34
0.0;0.0;0.0;1.95;88.65;4.28
0.0;0.0;0.0;1.72;88.65;4.0
0.0;0.0;0.0;1.32;88.6;3.66
0.0;0.0;0.0;1.0;92.05;3.45
0.0;0.0;0.0;0.72;92.05;3.52
0.0;0.0;0.0;0.43;92.0;3.24
0.0;0.0;0.0;-0.01;92.0;2.9
0.0;0.0;0.0;-0.19;92.0;2.69
0.0;0.0;0.0;-0.16;95.6;2.69
14.0;0.0;14.0;-0.11;95.6;2.97
55.0;12.61;53.0;0.56;95.65;2.55
106.0;49.15;95.0;1.12;95.65;3.03
79.0;3.96;78.0;1.14;92.05;3.79
29.0;0.0;29.0;1.21;95.65;3.52
58.0;0.0;58.0;1.06;99.35;3.38
28.0;0.0;28.0;0.88;95.65;4.07
0.0;0.0;0.0;0.75;95.65;4.34
0.0;0.0;0.0;0.78;95.65;4.41
0.0;0.0;0.0;0.98;95.65;4.41
0.0;0.0;0.0;1.33;95.65;4.48
0.0;0.0;0.0;1.71;95.65;4.34
0.0;0.0;0.0;2.12;99.4;4.69
0.0;0.0;0.0;2.39;95.7;4.83
0.0;0.0;0.0;2.57;99.4;4.83
0.0;0.0;0.0;2.68;95.7;4.83
0.0;0.0;0.0;2.74;95.7;4.83
0.0;0.0;0.0;2.72;95.7;4.9
0.0;0.0;0.0;2.64;99.4;4.9
0.0;0.0;0.0;2.49;99.4;5.03
0.0;0.0;0.0;2.39;99.4;5.31
0.0;0.0;0.0;2.33;95.7;5.38
0.0;0.0;0.0;2.45;95.7;5.52
0.0;0.0;0.0;2.64;99.4;5.52
0.0;0.0;0.0;3.36;95.7;5.86
75.0;63.47;65.0;3.45;95.7;5.79
33.0;0.0;33.0;3.53;95.7;5.72
30.0;0.0;30.0;3.65;95.7;5.59
22.0;0.0;22.0;3.82;95.7;5.59
89.0;46.16;80.0;3.85;95.7;5.66
29.0;0.0;29.0;3.69;95.7;5.45
0.0;0.0;0.0;3.28;92.15;5.72
0.0;0.0;0.0;2.82;88.7;6.48
0.0;0.0;0.0;2.25;92.15;6.34
0.0;0.0;0.0;1.75;85.3;5.79
0.0;0.0;0.0;0.89;88.55;5.66
0.0;0.0;0.0;0.51;92.0;4.97
0.0;0.0;0.0;-0.15;92.0;5.03
0.0;0.0;0.0;-0.25;88.45;5.24
0.0;0.0;0.0;0.08;92.0;5.1
0.0;0.0;0.0;0.2;88.5;4.9
0.0;0.0;0.0;0.16;85.15;4.9
0.0;0.0;0.0;-0.05;88.45;5.1
0.0;0.0;0.0;-0.12;88.45;5.17
0.0;0.0;0.0;-0.25;85.1;5.24
0.0;0.0;0.0;-0.34;85.1;5.17
0.0;0.0;0.0;-0.36;85.1;5.1
0.0;0.0;0.0;-0.08;88.45;4.97
16.0;16.97;15.0;-0.18;92.0;4.83
54.0;6.38;53.0;-0.04;92.0;4.9
57.0;0.0;57.0;0.09;88.45;3.93
48.0;0.0;48.0;-0.09;78.65;5.03
130.0;78.42;111.0;-0.29;75.6;5.66
35.0;0.0;35.0;-0.9;78.5;5.31
26.0;0.0;26.0;-1.74;75.35;4.97
0.0;0.0;0.0;-2.92;72.1;5.31
0.0;0.0;0.0;-3.52;66.35;4.83
0.0;0.0;0.0;-3.87;63.7;4.28
0.0;0.0;0.0;-4.07;66.25;4.07
0.0;0.0;0.0;-4.26;69.05;4.14
0.0;0.0;0.0;-4.27;66.25;4.07
0.0;0.0;0.0;-4.15;66.25;4.14
0.0;0.0;0.0;-4.08;63.55;4.28
0.0;0.0;0.0;-4.31;63.55;4.14
0.0;0.0;0.0;-4.56;66.15;3.93
0.0;0.0;0.0;-4.76;66.15;3.86
0.0;0.0;0.0;-4.94;68.85;3.79
0.0;0.0;0.0;-5.17;68.85;3.72
0.0;0.0;0.0;-5.49;65.95;4.14
0.0;0.0;0.0;-5.77;65.95;4.07
0.0;0.0;0.0;-6.1;63.1;3.79
0.0;0.0;0.0;-6.37;60.5;3.31
34.0;259.13;19.0;-6.27;60.5;2.83
130.0;526.27;48.0;-5.93;60.5;2.55
210.0;698.88;55.0;-5.36;53.5;3.17
238.0;680.46;67.0;-4.88;51.4;3.31
220.0;602.43;74.0;-4.39;49.4;3.38
159.0;450.01;71.0;-4.13;49.4;3.66
31.0;0.0;31.0;-4.23;49.4;3.59
0.0;0.0;0.0;-4.89;53.65;3.66
0.0;0.0;0.0;-5.4;53.5;4.07
0.0;0.0;0.0;-5.34;55.8;4.41
0.0;0.0;0.0;-5.25;63.35;4.48
0.0;0.0;0.0;-5.24;71.75;4.34
0.0;0.0;0.0;-4.82;81.25;4.14
0.0;0.0;0.0;-4.37;84.65;3.93
0.0;0.0;0.0;-4.27;84.65;3.59
0.0;0.0;0.0;-4.26;84.65;3.38
0.0;0.0;0.0;-4.39;81.3;3.24
0.0;0.0;0.0;-4.9;81.25;2.97
0.0;0.0;0.0;-5.22;77.9;3.03
0.0;0.0;0.0;-5.59;77.85;2.9
0.0;0.0;0.0;-6.0;77.75;2.76
0.0;0.0;0.0;-6.24;74.6;2.55
0.0;0.0;0.0;-6.61;74.55;2.34
0.0;0.0;0.0;-6.99;74.55;2.07
5.0;0.0;5.0;-7.1;87.95;1.79
54.0;6.45;53.0;-6.53;87.95;1.52
81.0;9.03;79.0;-5.63;81.1;2.07
98.0;11.94;95.0;-4.92;71.75;2.07
145.0;127.82;114.0;-4.58;68.95;2.14
119.0;153.04;89.0;-4.28;63.55;2.34
75.0;261.3;45.0;-4.33;63.55;2.21
0.0;0.0;0.0;-4.55;66.15;1.79
0.0;0.0;0.0;-5.02;68.85;1.52
0.0;0.0;0.0;-5.47;71.65;1.38
0.0;0.0;0.0;-5.49;71.65;1.1
0.0;0.0;0.0;-5.84;71.65;0.69
0.0;0.0;0.0;-6.11;88.0;0.76
0.0;0.0;0.0;-6.32;88.0;0.9
0.0;0.0;0.0;-6.74;87.95;1.17
0.0;0.0;0.0;-6.45;91.6;1.31
0.0;0.0;0.0;-6.39;88.0;1.59
0.0;0.0;0.0;-5.98;91.65;1.72
0.0;0.0;0.0;-5.21;91.7;1.79
0.0;0.0;0.0;-4.76;88.1;2.0
0.0;0.0;0.0;-4.74;88.1;2.14
0.0;0.0;0.0;-4.89;88.1;2.21
0.0;0.0;0.0;-5.44;91.7;2.55
0.0;0.0;0.0;-5.43;88.0;2.9
6.0;0.0;6.0;-5.1;88.05;2.97
71.0;51.76;63.0;-4.66;81.25;2.97
65.0;0.0;65.0;-3.79;75.05;3.38
78.0;0.0;78.0;-3.07;72.1;3.66
83.0;4.12;82.0;-2.41;69.35;3.66
83.0;30.51;77.0;-2.05;66.65;3.52
63.0;138.33;47.0;-2.17;66.65;3.24
0.0;0.0;0.0;-2.69;66.6;3.31
0.0;0.0;0.0;-3.09;66.45;3.45
0.0;0.0;0.0;-3.17;66.45;3.52
0.0;0.0;0.0;-3.23;69.25;3.66
0.0;0.0;0.0;-3.14;72.1;3.79
0.0;0.0;0.0;-3.39;72.1;4.0
0.0;0.0;0.0;-3.22;72.1;4.28
0.0;0.0;0.0;-3.08;72.1;4.28
0.0;0.0;0.0;-3.02;75.1;4.14
0.0;0.0;0.0;-3.17;78.2;4.07
0.0;0.0;0.0;-3.33;78.2;4.14
0.0;0.0;0.0;-3.42;84.7;4.14
0.0;0.0;0.0;-3.44;84.7;4.21
0.0;0.0;0.0;-3.47;84.7;4.0
0.0;0.0;0.0;-3.41;84.7;3.79
0.0;0.0;0.0;-3.29;84.8;3.59
0.0;0.0;0.0;-3.1;88.25;3.31
3.0;0.0;3.0;-2.51;91.85;2.55
32.0;0.0;32.0;-1.75;91.9;2.55
99.0;36.21;91.0;-0.89;91.95;2.62
50.0;0.0;50.0;-0.18;92.0;2.97
35.0;0.0;35.0;0.33;92.0;3.24
31.0;0.0;31.0;0.58;92.0;3.66
19.0;0.0;19.0;0.66;88.55;3.59
0.0;0.0;0.0;0.49;95.65;3.52
0.0;0.0;0.0;0.48;95.65;3.52
0.0;0.0;0.0;0.58;99.4;3.72
0.0;0.0;0.0;0.86;95.65;3.86
0.0;0.0;0.0;0.99;95.65;4.07
0.0;0.0;0.0;0.6;99.4;3.93
0.0;0.0;0.0;0.39;95.65;4.34
0.0;0.0;0.0;0.25;92.0;4.76
0.0;0.0;0.0;0.09;92.0;5.24
0.0;0.0;0.0;-0.25;88.45;5.86
0.0;0.0;0.0;-1.46;84.95;5.79
0.0;0.0;0.0;-2.88;81.5;5.03
0.0;0.0;0.0;-3.95;84.65;4.28
0.0;0.0;0.0;-4.62;88.1;4.07
0.0;0.0;0.0;-5.13;88.05;4.07
0.0;0.0;0.0;-5.6;88.0;3.93
0.0;0.0;0.0;-6.02;88.0;3.79
22.0;54.57;19.0;-6.13;88.0;3.93
93.0;162.51;68.0;-6.22;88.0;3.72
144.0;185.6;103.0;-6.0;84.45;3.52
159.0;155.0;120.0;-5.6;81.1;3.93
98.0;16.4;94.0;-5.24;77.9;3.93
112.0;110.99;90.0;-5.02;81.2;3.72
78.0;280.3;45.0;-5.14;81.2;3.45
0.0;0.0;0.0;-5.76;81.1;3.31
0.0;0.0;0.0;-6.48;84.4;3.24
0.0;0.0;0.0;-6.91;84.4;3.24
0.0;0.0;0.0;-7.32;81.0;3.17
0.0;0.0;0.0;-7.68;84.35;3.1
0.0;0.0;0.0;-7.73;80.9;3.17
0.0;0.0;0.0;-8.12;84.3;3.1
0.0;0.0;0.0;-8.55;84.2;3.1
0.0;0.0;0.0;-8.89;80.8;3.17
0.0;0.0;0.0;-9.11;84.15;3.17
0.0;0.0;0.0;-9.33;84.15;3.24
0.0;0.0;0.0;-9.44;84.15;3.31
0.0;0.0;0.0;-9.5;87.7;3.31
0.0;0.0;0.0;-9.53;87.7;3.31
0.0;0.0;0.0;-9.6;87.7;3.31
0.0;0.0;0.0;-9.69;84.1;3.24
0.0;0.0;0.0;-9.78;84.1;3.24
20.0;36.66;18.0;-9.92;87.7;3.31
94.0;169.21;68.0;-9.28;87.75;3.31
145.0;185.51;104.0;-8.09;87.85;3.1
172.0;206.33;120.0;-6.82;87.95;3.38
125.0;57.24;111.0;-5.77;84.5;3.38
100.0;60.24;88.0;-5.19;84.55;3.1
47.0;25.22;44.0;-5.24;84.55;2.69
0.0;0.0;0.0;-6.07;88.0;2.55
0.0;0.0;0.0;-7.26;84.4;2.55
0.0;0.0;0.0;-8.29;84.3;2.48
0.0;0.0;0.0;-9.46;87.7;2.41
0.0;0.0;0.0;-10.71;87.65;2.28
0.0;0.0;0.0;-11.8;87.55;2.14
0.0;0.0;0.0;-11.87;83.9;1.93
0.0;0.0;0.0;-10.82;84.0;1.66
0.0;0.0;0.0;-10.76;84.0;1.59
0.0;0.0;0.0;-10.38;84.05;1.52
0.0;0.0;0.0;-10.4;84.05;1.31
0.0;0.0;0.0;-10.77;84.0;1.31
0.0;0.0;0.0;-11.26;83.95;1.45
0.0;0.0;0.0;-11.24;87.6;1.31
0.0;0.0;0.0;-11.5;87.55;0.97
0.0;0.0;0.0;-11.81;87.55;1.17
0.0;0.0;0.0;-12.9;87.45;1.59
13.0;0.0;13.0;-16.32;95.15;2.34
66.0;32.55;61.0;-15.31;91.1;2.21
116.0;72.32;100.0;-13.2;87.4;2.21
154.0;134.62;120.0;-10.04;84.05;2.34
89.0;8.15;87.0;-7.46;80.9;2.69
89.0;34.95;82.0;-6.23;81.05;2.9
56.0;66.51;48.0;-6.05;81.05;2.83
0.0;0.0;0.0;-6.74;84.4;3.1
0.0;0.0;0.0;-7.64;80.9;3.38
0.0;0.0;0.0;-8.11;84.3;3.66
0.0;0.0;0.0;-8.41;80.85;3.72
0.0;0.0;0.0;-8.63;84.2;3.72
0.0;0.0;0.0;-9.21;84.15;3.79
0.0;0.0;0.0;-9.18;84.15;3.86
0.0;0.0;0.0;-9.33;80.7;3.93
0.0;0.0;0.0;-9.47;84.1;3.93
0.0;0.0;0.0;-9.4;80.7;3.93
0.0;0.0;0.0;-9.21;84.15;3.86
0.0;0.0;0.0;-9.06;84.15;3.86
0.0;0.0;0.0;-8.71;84.2;3.93
0.0;0.0;0.0;-8.64;84.2;3.93
0.0;0.0;0.0;-8.58;87.8;3.93
0.0;0.0;0.0;-8.44;84.3;4.07
0.0;0.0;0.0;-8.37;84.3;4.34
13.0;0.0;13.0;-7.24;87.95;4.62
83.0;110.62;66.0;-6.36;88.0;4.34
85.0;13.54;82.0;-5.57;88.0;4.28
67.0;0.0;67.0;-4.78;84.6;5.59
83.0;4.06;82.0;-4.13;81.3;5.03
37.0;0.0;37.0;-3.68;81.4;5.31
23.0;0.0;23.0;-3.65;81.4;5.72
0.0;0.0;0.0;-3.99;84.65;5.24
0.0;0.0;0.0;-4.32;81.3;5.17
0.0;0.0;0.0;-4.43;84.6;5.03
0.0;0.0;0.0;-4.32;81.3;4.9
0.0;0.0;0.0;-4.35;81.3;4.9
0.0;0.0;0.0;-4.43;84.6;5.1
0.0;0.0;0.0;-4.6;84.6;5.24
0.0;0.0;0.0;-4.68;84.6;5.1
0.0;0.0;0.0;-4.86;84.6;4.9
0.0;0.0;0.0;-5.02;84.55;5.1
0.0;0.0;0.0;-5.3;84.55;5.17
0.0;0.0;0.0;-5.43;88.0;4.97
0.0;0.0;0.0;-5.47;88.0;4.83
0.0;0.0;0.0;-5.62;84.5;4.62
0.0;0.0;0.0;-5.59;84.5;4.55
0.0;0.0;0.0;-5.61;84.5;4.41
0.0;0.0;0.0;-5.57;84.5;4.07
4.0;0.0;4.0;-5.43;88.0;3.72
60.0;26.0;56.0;-5.09;84.55;3.38
76.0;4.5;75.0;-4.67;84.6;3.52
35.0;0.0;35.0;-4.27;81.3;3.31
25.0;0.0;25.0;-3.72;81.4;3.38
32.0;0.0;32.0;-3.18;78.2;3.17
8.0;0.0;8.0;-2.92;78.2;2.76
0.0;0.0;0.0;-2.97;81.45;2.41
0.0;0.0;0.0;-3.22;81.45;2.55
0.0;0.0;0.0;-3.22;81.45;2.55
0.0;0.0;0.0;-3.52;81.4;2.48
0.0;0.0;0.0;-3.36;81.45;2.41
0.0;0.0;0.0;-3.57;84.7;2.34
0.0;0.0;0.0;-3.43;88.2;2.21
0.0;0.0;0.0;-3.14;84.8;2.14
0.0;0.0;0.0;-2.83;84.85;2.14
0.0;0.0;0.0;-2.51;88.25;2.0
0.0;0.0;0.0;-2.15;88.3;2.0
0.0;0.0;0.0;-1.71;88.35;2.0
0.0;0.0;0.0;-1.31;91.95;1.93
0.0;0.0;0.0;-0.84;91.95;2.0
0.0;0.0;0.0;-0.4;95.6;2.07
0.0;0.0;0.0;-0.12;95.6;2.14
0.0;0.0;0.0;0.16;92.0;2.34
5.0;0.0;5.0;-0.17;95.6;2.41
39.0;0.0;39.0;0.44;95.65;2.55
66.0;0.0;66.0;0.85;92.05;2.76
23.0;0.0;23.0;1.27;92.05;2.83
117.0;44.23;106.0;1.62;95.65;2.97
34.0;0.0;34.0;2.05;95.65;3.03
57.0;72.0;48.0;2.51;95.7;3.03
0.0;0.0;0.0;2.43;95.7;3.03
0.0;0.0;0.0;2.33;95.7;3.24
0.0;0.0;0.0;2.41;95.7;3.31
0.0;0.0;0.0;2.5;95.7;3.38
0.0;0.0;0.0;2.71;95.7;3.52
0.0;0.0;0.0;3.01;99.4;3.31
0.0;0.0;0.0;3.27;95.7;3.38
0.0;0.0;0.0;3.49;99.4;3.31
0.0;0.0;0.0;3.67;99.4;3.17
0.0;0.0;0.0;3.82;100.0;3.1
0.0;0.0;0.0;3.97;100.0;3.1
0.0;0.0;0.0;4.15;100.0;3.31
0.0;0.0;0.0;4.23;99.4;3.45
0.0;0.0;0.0;4.48;99.4;3.66
0.0;0.0;0.0;4.68;95.75;3.45
0.0;0.0;0.0;4.97;99.4;3.45
0.0;0.0;0.0;5.31;99.4;3.45
7.0;0.0;7.0;6.41;99.4;3.31
40.0;0.0;40.0;6.83;99.4;3.31
25.0;0.0;25.0;7.08;99.4;3.24
121.0;50.78;108.0;7.29;99.4;3.45
111.0;36.0;102.0;7.48;99.4;3.66
27.0;0.0;27.0;7.67;99.4;4.0
8.0;0.0;8.0;8.24;95.85;4.69
0.0;0.0;0.0;8.91;95.85;5.31
0.0;0.0;0.0;9.28;95.85;5.52
0.0;0.0;0.0;11.1;94.87;6.26
0.0;0.0;0.0;10.55;94.35;6.12
0.0;0.0;0.0;10.0;93.82;5.98
0.0;0.0;0.0;9.44;93.3;5.83
0.0;0.0;0.0;8.89;92.77;5.69
0.0;0.0;0.0;8.34;92.25;5.55
0.0;0.0;0.0;7.79;91.72;5.41
0.0;0.0;0.0;7.24;91.2;5.27
