===========================
Running on node: tcn935
Array job index: 3
Started: Sun Nov 23 21:56:38 CET 2025
===========================
Python module loaded.
Activated virtual environment.
Configured Gurobi runtime paths.
Working directory: /home/scur1696/AdOpT-NET0-RegToNation/generic_node_optimization
[SLURM] Detected CPU total: 192
[CONFIG] Using 8 workers × 8 threads (total 64 threads)
[SAMPLING] Method: LATIN HYPERCUBe SAMPLING
   Full grid would be: 1080 combinations
   LHS samples: 50
   Reduction: 95.4%

[OK] Total combinations: 50
[ARRAY] SLURM_ARRAY_TASK_ID=3, SLURM_ARRAY_TASK_COUNT=4
[ARRAY] This job is chunk index 3 of 4
[ARRAY] This job will run 12 combinations out of 50
[OK] Total runs to execute in THIS JOB: 12

[CONFIG] System configuration:
   - Strategy: Manual configuration
   - Total logical processors: 192
   - Parallel workers: 8
   - Threads per worker: 8
   - Total thread usage: 64 (of 192)
   - CPU utilization: 33.3%
   [INFO] Conservative CPU usage (33.3%)
       Consider increasing workers or threads_per_worker for better performance

================================================================================
PARALLEL CREATION + GUROBI-ENV OPTIMIZATION RUNNER
================================================================================
Total runs: 12
Max parallel workers: 8
Threads per worker: 8
Results folder: /gpfs/home3/scur1696/AdOpT-NET0-RegToNation/generic_node_optimization/results/parallel_creation_test_20251123_215646/task_003
================================================================================


================================================================================
PHASE 1: Creating 12 models in PARALLEL
Using 'spawn' context for clean process separation
================================================================================

[CREATE] Creating model: t003_parallel_run_0005
      Node       lon        lat  alt
0     BIG1  0.836099  51.924400    0
1     BIG2  8.119301  51.924400    0
2   SMALL1  7.682309  51.026089    0
3   SMALL2  4.769028  51.026089    0
4   SMALL3  7.682309  52.822711    0
5   SMALL4  4.769028  52.822711    0
6  STORAGE  6.496768  51.071748    0
New network
Max size per arc:          BIG1  BIG2  SMALL1  SMALL2  SMALL3  SMALL4  STORAGE
BIG1        0  1000    1000    1000    1000    1000     1000
BIG2     1000     0    1000    1000    1000    1000     1000
SMALL1   1000  1000       0    1000    1000    1000     1000
SMALL2   1000  1000    1000       0    1000    1000     1000
SMALL3   1000  1000    1000    1000       0    1000     1000
SMALL4   1000  1000    1000    1000    1000       0     1000
STORAGE  1000  1000    1000    1000    1000    1000        0
Connection:          BIG1  BIG2  SMALL1  SMALL2  SMALL3  SMALL4  STORAGE
BIG1        0     1       1       1       1       1        1
BIG2        1     0       1       1       1       1        1
SMALL1      1     1       0       1       1       1        1
SMALL2      1     1       1       0       1       1        1
SMALL3      1     1       1       1       0       1        1
SMALL4      1     1       1       1       1       0        1
STORAGE     1     1       1       1       1       1        0
📍 Calculating distances from scenario coordinates
✅ Using calculated distances from topology coordinates
Distance matrix saved for both networks
Created smooth electricity prices for BIG1:
Created smooth electricity prices for BIG2:
Created smooth electricity prices for SMALL1:
Created smooth electricity prices for SMALL2:
Created smooth electricity prices for SMALL3:
Created smooth electricity prices for SMALL4:
Created smooth electricity prices for STORAGE:
[SUCCESS] Model created: t003_parallel_run_0005
[CREATE] Creating model: t003_parallel_run_0006
      Node       lon        lat  alt
0     BIG1  0.836099  51.924400    0
1     BIG2  8.119301  51.924400    0
2   SMALL1  7.682309  51.026089    0
3   SMALL2  4.769028  51.026089    0
4   SMALL3  7.682309  52.822711    0
5   SMALL4  4.769028  52.822711    0
6  STORAGE  6.496768  51.071748    0
New network
Max size per arc:          BIG1  BIG2  SMALL1  SMALL2  SMALL3  SMALL4  STORAGE
BIG1        0  1000    1000    1000    1000    1000     1000
BIG2     1000     0    1000    1000    1000    1000     1000
SMALL1   1000  1000       0    1000    1000    1000     1000
SMALL2   1000  1000    1000       0    1000    1000     1000
SMALL3   1000  1000    1000    1000       0    1000     1000
SMALL4   1000  1000    1000    1000    1000       0     1000
STORAGE  1000  1000    1000    1000    1000    1000        0
Connection:          BIG1  BIG2  SMALL1  SMALL2  SMALL3  SMALL4  STORAGE
BIG1        0     1       1       1       1       1        1
BIG2        1     0       1       1       1       1        1
SMALL1      1     1       0       1       1       1        1
SMALL2      1     1       1       0       1       1        1
SMALL3      1     1       1       1       0       1        1
SMALL4      1     1       1       1       1       0        1
STORAGE     1     1       1       1       1       1        0
📍 Calculating distances from scenario coordinates
✅ Using calculated distances from topology coordinates
Distance matrix saved for both networks
Created smooth electricity prices for BIG1:
Created smooth electricity prices for BIG2:
Created smooth electricity prices for SMALL1:
Created smooth electricity prices for SMALL2:
Created smooth electricity prices for SMALL3:
Created smooth electricity prices for SMALL4:
Created smooth electricity prices for STORAGE:
[SUCCESS] Model created: t003_parallel_run_0006
[CREATE] Creating model: t003_parallel_run_0004
      Node       lon        lat  alt
0     BIG1  0.836099  51.924400    0
1     BIG2  8.119301  51.924400    0
2   SMALL1  7.682309  51.026089    0
3   SMALL2  4.769028  51.026089    0
4   SMALL3  7.682309  52.822711    0
5   SMALL4  4.769028  52.822711    0
6  STORAGE  6.496768  51.071748    0
New network
Max size per arc:          BIG1  BIG2  SMALL1  SMALL2  SMALL3  SMALL4  STORAGE
BIG1        0  1000    1000    1000    1000    1000     1000
BIG2     1000     0    1000    1000    1000    1000     1000
SMALL1   1000  1000       0    1000    1000    1000     1000
SMALL2   1000  1000    1000       0    1000    1000     1000
SMALL3   1000  1000    1000    1000       0    1000     1000
SMALL4   1000  1000    1000    1000    1000       0     1000
STORAGE  1000  1000    1000    1000    1000    1000        0
Connection:          BIG1  BIG2  SMALL1  SMALL2  SMALL3  SMALL4  STORAGE
BIG1        0     1       1       1       1       1        1
BIG2        1     0       1       1       1       1        1
SMALL1      1     1       0       1       1       1        1
SMALL2      1     1       1       0       1       1        1
SMALL3      1     1       1       1       0       1        1
SMALL4      1     1       1       1       1       0        1
STORAGE     1     1       1       1       1       1        0
📍 Calculating distances from scenario coordinates
✅ Using calculated distances from topology coordinates
Distance matrix saved for both networks
Created smooth electricity prices for BIG1:
Created smooth electricity prices for BIG2:
Created smooth electricity prices for SMALL1:
Created smooth electricity prices for SMALL2:
Created smooth electricity prices for SMALL3:
Created smooth electricity prices for SMALL4:
Created smooth electricity prices for STORAGE:
[SUCCESS] Model created: t003_parallel_run_0004
[CREATE] Creating model: t003_parallel_run_0003
      Node       lon        lat  alt
0     BIG1  0.836099  51.924400    0
1     BIG2  8.119301  51.924400    0
2   SMALL1  7.682309  51.026089    0
3   SMALL2  4.769028  51.026089    0
4   SMALL3  7.682309  52.822711    0
5   SMALL4  4.769028  52.822711    0
6  STORAGE  6.496768  51.071748    0
New network
Max size per arc:          BIG1  BIG2  SMALL1  SMALL2  SMALL3  SMALL4  STORAGE
BIG1        0  1000    1000    1000    1000    1000     1000
BIG2     1000     0    1000    1000    1000    1000     1000
SMALL1   1000  1000       0    1000    1000    1000     1000
SMALL2   1000  1000    1000       0    1000    1000     1000
SMALL3   1000  1000    1000    1000       0    1000     1000
SMALL4   1000  1000    1000    1000    1000       0     1000
STORAGE  1000  1000    1000    1000    1000    1000        0
Connection:          BIG1  BIG2  SMALL1  SMALL2  SMALL3  SMALL4  STORAGE
BIG1        0     1       1       1       1       1        1
BIG2        1     0       1       1       1       1        1
SMALL1      1     1       0       1       1       1        1
SMALL2      1     1       1       0       1       1        1
SMALL3      1     1       1       1       0       1        1
SMALL4      1     1       1       1       1       0        1
STORAGE     1     1       1       1       1       1        0
📍 Calculating distances from scenario coordinates
✅ Using calculated distances from topology coordinates
Distance matrix saved for both networks
Created smooth electricity prices for BIG1:
Created smooth electricity prices for BIG2:
Created smooth electricity prices for SMALL1:
Created smooth electricity prices for SMALL2:
Created smooth electricity prices for SMALL3:
Created smooth electricity prices for SMALL4:
Created smooth electricity prices for STORAGE:
[SUCCESS] Model created: t003_parallel_run_0003
[CREATE] Creating model: t003_parallel_run_0010
      Node       lon        lat  alt
0     BIG1  0.836099  51.924400    0
1     BIG2  8.119301  51.924400    0
2   SMALL1  7.682309  51.026089    0
3   SMALL2  4.769028  51.026089    0
4   SMALL3  7.682309  52.822711    0
5   SMALL4  4.769028  52.822711    0
6  STORAGE  6.496768  51.071748    0
New network
Max size per arc:          BIG1  BIG2  SMALL1  SMALL2  SMALL3  SMALL4  STORAGE
BIG1        0  1000    1000    1000    1000    1000     1000
BIG2     1000     0    1000    1000    1000    1000     1000
SMALL1   1000  1000       0    1000    1000    1000     1000
SMALL2   1000  1000    1000       0    1000    1000     1000
SMALL3   1000  1000    1000    1000       0    1000     1000
SMALL4   1000  1000    1000    1000    1000       0     1000
STORAGE  1000  1000    1000    1000    1000    1000        0
Connection:          BIG1  BIG2  SMALL1  SMALL2  SMALL3  SMALL4  STORAGE
BIG1        0     1       1       1       1       1        1
BIG2        1     0       1       1       1       1        1
SMALL1      1     1       0       1       1       1        1
SMALL2      1     1       1       0       1       1        1
SMALL3      1     1       1       1       0       1        1
SMALL4      1     1       1       1       1       0        1
STORAGE     1     1       1       1       1       1        0
📍 Calculating distances from scenario coordinates
✅ Using calculated distances from topology coordinates
Distance matrix saved for both networks
Created smooth electricity prices for BIG1:
Created smooth electricity prices for BIG2:
Created smooth electricity prices for SMALL1:
Created smooth electricity prices for SMALL2:
Created smooth electricity prices for SMALL3:
Created smooth electricity prices for SMALL4:
Created smooth electricity prices for STORAGE:
[SUCCESS] Model created: t003_parallel_run_0010
[CREATE] Creating model: t003_parallel_run_0008
      Node       lon        lat  alt
0     BIG1  0.836099  51.924400    0
1     BIG2  8.119301  51.924400    0
2   SMALL1  7.682309  51.026089    0
3   SMALL2  4.769028  51.026089    0
4   SMALL3  7.682309  52.822711    0
5   SMALL4  4.769028  52.822711    0
6  STORAGE  6.496768  51.071748    0
New network
Max size per arc:          BIG1  BIG2  SMALL1  SMALL2  SMALL3  SMALL4  STORAGE
BIG1        0  1000    1000    1000    1000    1000     1000
BIG2     1000     0    1000    1000    1000    1000     1000
SMALL1   1000  1000       0    1000    1000    1000     1000
SMALL2   1000  1000    1000       0    1000    1000     1000
SMALL3   1000  1000    1000    1000       0    1000     1000
SMALL4   1000  1000    1000    1000    1000       0     1000
STORAGE  1000  1000    1000    1000    1000    1000        0
Connection:          BIG1  BIG2  SMALL1  SMALL2  SMALL3  SMALL4  STORAGE
BIG1        0     1       1       1       1       1        1
BIG2        1     0       1       1       1       1        1
SMALL1      1     1       0       1       1       1        1
SMALL2      1     1       1       0       1       1        1
SMALL3      1     1       1       1       0       1        1
SMALL4      1     1       1       1       1       0        1
STORAGE     1     1       1       1       1       1        0
📍 Calculating distances from scenario coordinates
✅ Using calculated distances from topology coordinates
Distance matrix saved for both networks
Created smooth electricity prices for BIG1:
Created smooth electricity prices for BIG2:
Created smooth electricity prices for SMALL1:
Created smooth electricity prices for SMALL2:
Created smooth electricity prices for SMALL3:
Created smooth electricity prices for SMALL4:
Created smooth electricity prices for STORAGE:
[SUCCESS] Model created: t003_parallel_run_0008
[CREATE] Creating model: t003_parallel_run_0001
      Node       lon        lat  alt
0     BIG1  0.836099  51.924400    0
1     BIG2  8.119301  51.924400    0
2   SMALL1  7.682309  51.026089    0
3   SMALL2  4.769028  51.026089    0
4   SMALL3  7.682309  52.822711    0
5   SMALL4  4.769028  52.822711    0
6  STORAGE  6.496768  51.071748    0
New network
Max size per arc:          BIG1  BIG2  SMALL1  SMALL2  SMALL3  SMALL4  STORAGE
BIG1        0  1000    1000    1000    1000    1000     1000
BIG2     1000     0    1000    1000    1000    1000     1000
SMALL1   1000  1000       0    1000    1000    1000     1000
SMALL2   1000  1000    1000       0    1000    1000     1000
SMALL3   1000  1000    1000    1000       0    1000     1000
SMALL4   1000  1000    1000    1000    1000       0     1000
STORAGE  1000  1000    1000    1000    1000    1000        0
Connection:          BIG1  BIG2  SMALL1  SMALL2  SMALL3  SMALL4  STORAGE
BIG1        0     1       1       1       1       1        1
BIG2        1     0       1       1       1       1        1
SMALL1      1     1       0       1       1       1        1
SMALL2      1     1       1       0       1       1        1
SMALL3      1     1       1       1       0       1        1
SMALL4      1     1       1       1       1       0        1
STORAGE     1     1       1       1       1       1        0
📍 Calculating distances from scenario coordinates
✅ Using calculated distances from topology coordinates
Distance matrix saved for both networks
Created smooth electricity prices for BIG1:
Created smooth electricity prices for BIG2:
Created smooth electricity prices for SMALL1:
Created smooth electricity prices for SMALL2:
Created smooth electricity prices for SMALL3:
Created smooth electricity prices for SMALL4:
Created smooth electricity prices for STORAGE:
[SUCCESS] Model created: t003_parallel_run_0001
[CREATE] Creating model: t003_parallel_run_0009
      Node       lon        lat  alt
0     BIG1  0.836099  51.924400    0
1     BIG2  8.119301  51.924400    0
2   SMALL1  7.682309  51.026089    0
3   SMALL2  4.769028  51.026089    0
4   SMALL3  7.682309  52.822711    0
5   SMALL4  4.769028  52.822711    0
6  STORAGE  6.496768  51.071748    0
New network
Max size per arc:          BIG1  BIG2  SMALL1  SMALL2  SMALL3  SMALL4  STORAGE
BIG1        0  1000    1000    1000    1000    1000     1000
BIG2     1000     0    1000    1000    1000    1000     1000
SMALL1   1000  1000       0    1000    1000    1000     1000
SMALL2   1000  1000    1000       0    1000    1000     1000
SMALL3   1000  1000    1000    1000       0    1000     1000
SMALL4   1000  1000    1000    1000    1000       0     1000
STORAGE  1000  1000    1000    1000    1000    1000        0
Connection:          BIG1  BIG2  SMALL1  SMALL2  SMALL3  SMALL4  STORAGE
BIG1        0     1       1       1       1       1        1
BIG2        1     0       1       1       1       1        1
SMALL1      1     1       0       1       1       1        1
SMALL2      1     1       1       0       1       1        1
SMALL3      1     1       1       1       0       1        1
SMALL4      1     1       1       1       1       0        1
STORAGE     1     1       1       1       1       1        0
📍 Calculating distances from scenario coordinates
✅ Using calculated distances from topology coordinates
Distance matrix saved for both networks
Created smooth electricity prices for BIG1:
Created smooth electricity prices for BIG2:
Created smooth electricity prices for SMALL1:
Created smooth electricity prices for SMALL2:
Created smooth electricity prices for SMALL3:
Created smooth electricity prices for SMALL4:
Created smooth electricity prices for STORAGE:
[SUCCESS] Model created: t003_parallel_run_0009
[CREATE] Creating model: t003_parallel_run_0002
      Node       lon        lat  alt
0     BIG1  0.836099  51.924400    0
1     BIG2  8.119301  51.924400    0
2   SMALL1  7.682309  51.026089    0
3   SMALL2  4.769028  51.026089    0
4   SMALL3  7.682309  52.822711    0
5   SMALL4  4.769028  52.822711    0
6  STORAGE  6.496768  51.071748    0
New network
Max size per arc:          BIG1  BIG2  SMALL1  SMALL2  SMALL3  SMALL4  STORAGE
BIG1        0  1000    1000    1000    1000    1000     1000
BIG2     1000     0    1000    1000    1000    1000     1000
SMALL1   1000  1000       0    1000    1000    1000     1000
SMALL2   1000  1000    1000       0    1000    1000     1000
SMALL3   1000  1000    1000    1000       0    1000     1000
SMALL4   1000  1000    1000    1000    1000       0     1000
STORAGE  1000  1000    1000    1000    1000    1000        0
Connection:          BIG1  BIG2  SMALL1  SMALL2  SMALL3  SMALL4  STORAGE
BIG1        0     1       1       1       1       1        1
BIG2        1     0       1       1       1       1        1
SMALL1      1     1       0       1       1       1        1
SMALL2      1     1       1       0       1       1        1
SMALL3      1     1       1       1       0       1        1
SMALL4      1     1       1       1       1       0        1
STORAGE     1     1       1       1       1       1        0
📍 Calculating distances from scenario coordinates
✅ Using calculated distances from topology coordinates
Distance matrix saved for both networks
Created smooth electricity prices for BIG1:
Created smooth electricity prices for BIG2:
Created smooth electricity prices for SMALL1:
Created smooth electricity prices for SMALL2:
Created smooth electricity prices for SMALL3:
Created smooth electricity prices for SMALL4:
Created smooth electricity prices for STORAGE:
[SUCCESS] Model created: t003_parallel_run_0002
[CREATE] Creating model: t003_parallel_run_0011
      Node       lon        lat  alt
0     BIG1  0.836099  51.924400    0
1     BIG2  8.119301  51.924400    0
2   SMALL1  7.682309  51.026089    0
3   SMALL2  4.769028  51.026089    0
4   SMALL3  7.682309  52.822711    0
5   SMALL4  4.769028  52.822711    0
6  STORAGE  6.496768  51.071748    0
New network
Max size per arc:          BIG1  BIG2  SMALL1  SMALL2  SMALL3  SMALL4  STORAGE
BIG1        0  1000    1000    1000    1000    1000     1000
BIG2     1000     0    1000    1000    1000    1000     1000
SMALL1   1000  1000       0    1000    1000    1000     1000
SMALL2   1000  1000    1000       0    1000    1000     1000
SMALL3   1000  1000    1000    1000       0    1000     1000
SMALL4   1000  1000    1000    1000    1000       0     1000
STORAGE  1000  1000    1000    1000    1000    1000        0
Connection:          BIG1  BIG2  SMALL1  SMALL2  SMALL3  SMALL4  STORAGE
BIG1        0     1       1       1       1       1        1
BIG2        1     0       1       1       1       1        1
SMALL1      1     1       0       1       1       1        1
SMALL2      1     1       1       0       1       1        1
SMALL3      1     1       1       1       0       1        1
SMALL4      1     1       1       1       1       0        1
STORAGE     1     1       1       1       1       1        0
📍 Calculating distances from scenario coordinates
✅ Using calculated distances from topology coordinates
Distance matrix saved for both networks
Created smooth electricity prices for BIG1:
Created smooth electricity prices for BIG2:
Created smooth electricity prices for SMALL1:
Created smooth electricity prices for SMALL2:
Created smooth electricity prices for SMALL3:
Created smooth electricity prices for SMALL4:
Created smooth electricity prices for STORAGE:
[SUCCESS] Model created: t003_parallel_run_0011
[CREATE] Creating model: t003_parallel_run_0007
      Node       lon        lat  alt
0     BIG1  0.836099  51.924400    0
1     BIG2  8.119301  51.924400    0
2   SMALL1  7.682309  51.026089    0
3   SMALL2  4.769028  51.026089    0
4   SMALL3  7.682309  52.822711    0
5   SMALL4  4.769028  52.822711    0
6  STORAGE  6.496768  51.071748    0
New network
Max size per arc:          BIG1  BIG2  SMALL1  SMALL2  SMALL3  SMALL4  STORAGE
BIG1        0  1000    1000    1000    1000    1000     1000
BIG2     1000     0    1000    1000    1000    1000     1000
SMALL1   1000  1000       0    1000    1000    1000     1000
SMALL2   1000  1000    1000       0    1000    1000     1000
SMALL3   1000  1000    1000    1000       0    1000     1000
SMALL4   1000  1000    1000    1000    1000       0     1000
STORAGE  1000  1000    1000    1000    1000    1000        0
Connection:          BIG1  BIG2  SMALL1  SMALL2  SMALL3  SMALL4  STORAGE
BIG1        0     1       1       1       1       1        1
BIG2        1     0       1       1       1       1        1
SMALL1      1     1       0       1       1       1        1
SMALL2      1     1       1       0       1       1        1
SMALL3      1     1       1       1       0       1        1
SMALL4      1     1       1       1       1       0        1
STORAGE     1     1       1       1       1       1        0
📍 Calculating distances from scenario coordinates
✅ Using calculated distances from topology coordinates
Distance matrix saved for both networks
Created smooth electricity prices for BIG1:
Created smooth electricity prices for BIG2:
Created smooth electricity prices for SMALL1:
Created smooth electricity prices for SMALL2:
Created smooth electricity prices for SMALL3:
Created smooth electricity prices for SMALL4:
Created smooth electricity prices for STORAGE:
[SUCCESS] Model created: t003_parallel_run_0007
[CREATE] Creating model: t003_parallel_run_0012
      Node       lon        lat  alt
0     BIG1  0.836099  51.924400    0
1     BIG2  8.119301  51.924400    0
2   SMALL1  7.682309  51.026089    0
3   SMALL2  4.769028  51.026089    0
4   SMALL3  7.682309  52.822711    0
5   SMALL4  4.769028  52.822711    0
6  STORAGE  6.496768  51.071748    0
New network
Max size per arc:          BIG1  BIG2  SMALL1  SMALL2  SMALL3  SMALL4  STORAGE
BIG1        0  1000    1000    1000    1000    1000     1000
BIG2     1000     0    1000    1000    1000    1000     1000
SMALL1   1000  1000       0    1000    1000    1000     1000
SMALL2   1000  1000    1000       0    1000    1000     1000
SMALL3   1000  1000    1000    1000       0    1000     1000
SMALL4   1000  1000    1000    1000    1000       0     1000
STORAGE  1000  1000    1000    1000    1000    1000        0
Connection:          BIG1  BIG2  SMALL1  SMALL2  SMALL3  SMALL4  STORAGE
BIG1        0     1       1       1       1       1        1
BIG2        1     0       1       1       1       1        1
SMALL1      1     1       0       1       1       1        1
SMALL2      1     1       1       0       1       1        1
SMALL3      1     1       1       1       0       1        1
SMALL4      1     1       1       1       1       0        1
STORAGE     1     1       1       1       1       1        0
📍 Calculating distances from scenario coordinates
✅ Using calculated distances from topology coordinates
Distance matrix saved for both networks
Created smooth electricity prices for BIG1:
Created smooth electricity prices for BIG2:
Created smooth electricity prices for SMALL1:
Created smooth electricity prices for SMALL2:
Created smooth electricity prices for SMALL3:
Created smooth electricity prices for SMALL4:
Created smooth electricity prices for STORAGE:
[SUCCESS] Model created: t003_parallel_run_0012
Model creation progress: 1/12 completed
Model creation progress: 2/12 completed
Model creation progress: 3/12 completed
Model creation progress: 4/12 completed
Model creation progress: 5/12 completed
Model creation progress: 6/12 completed
Model creation progress: 7/12 completed
Model creation progress: 8/12 completed
Model creation progress: 9/12 completed
Model creation progress: 10/12 completed
Model creation progress: 11/12 completed
Model creation progress: 12/12 completed

[COMPLETE] Model creation complete: 12 models ready to solve
   Creation time: 18.8s (0.3 min)

================================================================================
PHASE 2: Solving 12 models in PARALLEL
Using 'spawn' context for clean Gurobi environment per worker
================================================================================

[SOLVING] t003_parallel_run_0003
Set parameter WLSAccessID
[SOLVING] t003_parallel_run_0001
Set parameter WLSAccessID
Set parameter WLSSecret
Set parameter LicenseID to value 2729390
Set parameter WLSSecret
Set parameter LicenseID to value 2729390
[SOLVING] t003_parallel_run_0002
Set parameter WLSAccessID
Set parameter WLSSecret
Set parameter LicenseID to value 2729390
[SOLVING] t003_parallel_run_0007
Set parameter WLSAccessID
Set parameter WLSSecret
Set parameter LicenseID to value 2729390
[SOLVING] t003_parallel_run_0005
Set parameter WLSAccessID
Set parameter WLSSecret
Set parameter LicenseID to value 2729390
[SOLVING] t003_parallel_run_0006
Set parameter WLSAccessID
Set parameter WLSSecret
Set parameter LicenseID to value 2729390
[SOLVING] t003_parallel_run_0004
Set parameter WLSAccessID
Set parameter WLSSecret
Set parameter LicenseID to value 2729390
[SOLVING] t003_parallel_run_0008
Set parameter WLSAccessID
Set parameter WLSSecret
Set parameter LicenseID to value 2729390
Academic license 2729390 - for non-commercial use only - registered to m.___@uu.nl
Set parameter Threads to value 8
Academic license 2729390 - for non-commercial use only - registered to m.___@uu.nl
Set parameter Threads to value 8
Academic license 2729390 - for non-commercial use only - registered to m.___@uu.nl
Set parameter Threads to value 8
Academic license 2729390 - for non-commercial use only - registered to m.___@uu.nl
Set parameter Threads to value 8
Academic license 2729390 - for non-commercial use only - registered to m.___@uu.nl
Set parameter Threads to value 8
Academic license 2729390 - for non-commercial use only - registered to m.___@uu.nl
Set parameter Threads to value 8
Academic license 2729390 - for non-commercial use only - registered to m.___@uu.nl
Set parameter Threads to value 8
Academic license 2729390 - for non-commercial use only - registered to m.___@uu.nl
Set parameter Threads to value 8
  [CONFIG] Gurobi default env configured: 8 threads per worker
--- Reading in data ---
Input data folder has been checked successfully - no errors occurred.
--- Reading in data complete ---
--- Constructing Model ---
Constructing Investment Period period1
Constructing Investment Period period1 completed
	 - Constructing Network hydrogenPipelineOnshore_lowP
			gdp.bigm Transformation...
			gdp.bigm Transformation completed in 0 s
		 - Constructing Arc BIG1 - BIG2 completed
			gdp.bigm Transformation...
			gdp.bigm Transformation completed in 0 s
		 - Constructing Arc BIG1 - SMALL1 completed
			gdp.bigm Transformation...
			gdp.bigm Transformation completed in 0 s
		 - Constructing Arc BIG1 - SMALL2 completed
			gdp.bigm Transformation...
			gdp.bigm Transformation completed in 0 s
		 - Constructing Arc BIG1 - SMALL3 completed
			gdp.bigm Transformation...
			gdp.bigm Transformation completed in 0 s
		 - Constructing Arc BIG1 - SMALL4 completed
			gdp.bigm Transformation...
			gdp.bigm Transformation completed in 0 s
		 - Constructing Arc BIG1 - STORAGE completed
			gdp.bigm Transformation...
			gdp.bigm Transformation completed in 0 s
		 - Constructing Arc BIG2 - BIG1 completed
			gdp.bigm Transformation...
			gdp.bigm Transformation completed in 0 s
		 - Constructing Arc BIG2 - SMALL1 completed
			gdp.bigm Transformation...
			gdp.bigm Transformation completed in 0 s
		 - Constructing Arc BIG2 - SMALL2 completed
			gdp.bigm Transformation...
			gdp.bigm Transformation completed in 0 s
		 - Constructing Arc BIG2 - SMALL3 completed
			gdp.bigm Transformation...
			gdp.bigm Transformation completed in 0 s
		 - Constructing Arc BIG2 - SMALL4 completed
			gdp.bigm Transformation...
			gdp.bigm Transformation completed in 0 s
		 - Constructing Arc BIG2 - STORAGE completed
			gdp.bigm Transformation...
			gdp.bigm Transformation completed in 0 s
		 - Constructing Arc SMALL1 - BIG1 completed
			gdp.bigm Transformation...
			gdp.bigm Transformation completed in 0 s
		 - Constructing Arc SMALL1 - BIG2 completed
			gdp.bigm Transformation...
			gdp.bigm Transformation completed in 0 s
		 - Constructing Arc SMALL1 - SMALL2 completed
			gdp.bigm Transformation...
			gdp.bigm Transformation completed in 0 s
		 - Constructing Arc SMALL1 - SMALL3 completed
			gdp.bigm Transformation...
			gdp.bigm Transformation completed in 0 s
		 - Constructing Arc SMALL1 - SMALL4 completed
			gdp.bigm Transformation...
			gdp.bigm Transformation completed in 0 s
		 - Constructing Arc SMALL1 - STORAGE completed
			gdp.bigm Transformation...
			gdp.bigm Transformation completed in 0 s
		 - Constructing Arc SMALL2 - BIG1 completed
			gdp.bigm Transformation...
			gdp.bigm Transformation completed in 0 s
		 - Constructing Arc SMALL2 - BIG2 completed
			gdp.bigm Transformation...
			gdp.bigm Transformation completed in 0 s
		 - Constructing Arc SMALL2 - SMALL1 completed
			gdp.bigm Transformation...
			gdp.bigm Transformation completed in 0 s
		 - Constructing Arc SMALL2 - SMALL3 completed
			gdp.bigm Transformation...
			gdp.bigm Transformation completed in 0 s
		 - Constructing Arc SMALL2 - SMALL4 completed
			gdp.bigm Transformation...
			gdp.bigm Transformation completed in 0 s
		 - Constructing Arc SMALL2 - STORAGE completed
			gdp.bigm Transformation...
			gdp.bigm Transformation completed in 0 s
		 - Constructing Arc SMALL3 - BIG1 completed
			gdp.bigm Transformation...
			gdp.bigm Transformation completed in 0 s
		 - Constructing Arc SMALL3 - BIG2 completed
			gdp.bigm Transformation...
			gdp.bigm Transformation completed in 0 s
		 - Constructing Arc SMALL3 - SMALL1 completed
			gdp.bigm Transformation...
			gdp.bigm Transformation completed in 0 s
		 - Constructing Arc SMALL3 - SMALL2 completed
			gdp.bigm Transformation...
			gdp.bigm Transformation completed in 0 s
		 - Constructing Arc SMALL3 - SMALL4 completed
			gdp.bigm Transformation...
			gdp.bigm Transformation completed in 0 s
		 - Constructing Arc SMALL3 - STORAGE completed
			gdp.bigm Transformation...
			gdp.bigm Transformation completed in 0 s
		 - Constructing Arc SMALL4 - BIG1 completed
			gdp.bigm Transformation...
			gdp.bigm Transformation completed in 0 s
		 - Constructing Arc SMALL4 - BIG2 completed
			gdp.bigm Transformation...
			gdp.bigm Transformation completed in 0 s
		 - Constructing Arc SMALL4 - SMALL1 completed
			gdp.bigm Transformation...
			gdp.bigm Transformation completed in 0 s
		 - Constructing Arc SMALL4 - SMALL2 completed
			gdp.bigm Transformation...
			gdp.bigm Transformation completed in 0 s
		 - Constructing Arc SMALL4 - SMALL3 completed
			gdp.bigm Transformation...
			gdp.bigm Transformation completed in 0 s
		 - Constructing Arc SMALL4 - STORAGE completed
			gdp.bigm Transformation...
			gdp.bigm Transformation completed in 0 s
		 - Constructing Arc STORAGE - BIG1 completed
			gdp.bigm Transformation...
			gdp.bigm Transformation completed in 0 s
		 - Constructing Arc STORAGE - BIG2 completed
			gdp.bigm Transformation...
			gdp.bigm Transformation completed in 0 s
		 - Constructing Arc STORAGE - SMALL1 completed
			gdp.bigm Transformation...
			gdp.bigm Transformation completed in 0 s
		 - Constructing Arc STORAGE - SMALL2 completed
			gdp.bigm Transformation...
			gdp.bigm Transformation completed in 0 s
		 - Constructing Arc STORAGE - SMALL3 completed
			gdp.bigm Transformation...
			gdp.bigm Transformation completed in 0 s
		 - Constructing Arc STORAGE - SMALL4 completed
	 - Constructing Network hydrogenPipelineOnshore_lowP completed
			gdp.bigm Transformation...
			gdp.bigm Transformation completed in 78 s
	 - Constructing Network hydrogenPipelineOnshore_highP
			gdp.bigm Transformation...
			gdp.bigm Transformation completed in 0 s
		 - Constructing Arc BIG1 - BIG2 completed
			gdp.bigm Transformation...
			gdp.bigm Transformation completed in 0 s
		 - Constructing Arc BIG1 - SMALL1 completed
			gdp.bigm Transformation...
			gdp.bigm Transformation completed in 0 s
		 - Constructing Arc BIG1 - SMALL2 completed
			gdp.bigm Transformation...
			gdp.bigm Transformation completed in 0 s
		 - Constructing Arc BIG1 - SMALL3 completed
			gdp.bigm Transformation...
			gdp.bigm Transformation completed in 0 s
		 - Constructing Arc BIG1 - SMALL4 completed
			gdp.bigm Transformation...
			gdp.bigm Transformation completed in 0 s
		 - Constructing Arc BIG1 - STORAGE completed
			gdp.bigm Transformation...
			gdp.bigm Transformation completed in 0 s
		 - Constructing Arc BIG2 - BIG1 completed
			gdp.bigm Transformation...
			gdp.bigm Transformation completed in 0 s
		 - Constructing Arc BIG2 - SMALL1 completed
			gdp.bigm Transformation...
			gdp.bigm Transformation completed in 0 s
		 - Constructing Arc BIG2 - SMALL2 completed
			gdp.bigm Transformation...
			gdp.bigm Transformation completed in 0 s
		 - Constructing Arc BIG2 - SMALL3 completed
			gdp.bigm Transformation...
			gdp.bigm Transformation completed in 0 s
		 - Constructing Arc BIG2 - SMALL4 completed
			gdp.bigm Transformation...
			gdp.bigm Transformation completed in 0 s
		 - Constructing Arc BIG2 - STORAGE completed
			gdp.bigm Transformation...
			gdp.bigm Transformation completed in 0 s
		 - Constructing Arc SMALL1 - BIG1 completed
			gdp.bigm Transformation...
			gdp.bigm Transformation completed in 0 s
		 - Constructing Arc SMALL1 - BIG2 completed
			gdp.bigm Transformation...
			gdp.bigm Transformation completed in 0 s
		 - Constructing Arc SMALL1 - SMALL2 completed
			gdp.bigm Transformation...
			gdp.bigm Transformation completed in 0 s
		 - Constructing Arc SMALL1 - SMALL3 completed
			gdp.bigm Transformation...
			gdp.bigm Transformation completed in 0 s
		 - Constructing Arc SMALL1 - SMALL4 completed
			gdp.bigm Transformation...
			gdp.bigm Transformation completed in 0 s
		 - Constructing Arc SMALL1 - STORAGE completed
			gdp.bigm Transformation...
			gdp.bigm Transformation completed in 0 s
		 - Constructing Arc SMALL2 - BIG1 completed
			gdp.bigm Transformation...
			gdp.bigm Transformation completed in 0 s
		 - Constructing Arc SMALL2 - BIG2 completed
			gdp.bigm Transformation...
			gdp.bigm Transformation completed in 0 s
		 - Constructing Arc SMALL2 - SMALL1 completed
			gdp.bigm Transformation...
			gdp.bigm Transformation completed in 0 s
		 - Constructing Arc SMALL2 - SMALL3 completed
			gdp.bigm Transformation...
			gdp.bigm Transformation completed in 0 s
		 - Constructing Arc SMALL2 - SMALL4 completed
			gdp.bigm Transformation...
			gdp.bigm Transformation completed in 0 s
		 - Constructing Arc SMALL2 - STORAGE completed
			gdp.bigm Transformation...
			gdp.bigm Transformation completed in 0 s
		 - Constructing Arc SMALL3 - BIG1 completed
			gdp.bigm Transformation...
			gdp.bigm Transformation completed in 0 s
		 - Constructing Arc SMALL3 - BIG2 completed
			gdp.bigm Transformation...
			gdp.bigm Transformation completed in 0 s
		 - Constructing Arc SMALL3 - SMALL1 completed
			gdp.bigm Transformation...
			gdp.bigm Transformation completed in 0 s
		 - Constructing Arc SMALL3 - SMALL2 completed
			gdp.bigm Transformation...
			gdp.bigm Transformation completed in 0 s
		 - Constructing Arc SMALL3 - SMALL4 completed
			gdp.bigm Transformation...
			gdp.bigm Transformation completed in 0 s
		 - Constructing Arc SMALL3 - STORAGE completed
			gdp.bigm Transformation...
			gdp.bigm Transformation completed in 0 s
		 - Constructing Arc SMALL4 - BIG1 completed
			gdp.bigm Transformation...
			gdp.bigm Transformation completed in 0 s
		 - Constructing Arc SMALL4 - BIG2 completed
			gdp.bigm Transformation...
			gdp.bigm Transformation completed in 0 s
		 - Constructing Arc SMALL4 - SMALL1 completed
			gdp.bigm Transformation...
			gdp.bigm Transformation completed in 0 s
		 - Constructing Arc SMALL4 - SMALL2 completed
			gdp.bigm Transformation...
			gdp.bigm Transformation completed in 0 s
		 - Constructing Arc SMALL4 - SMALL3 completed
			gdp.bigm Transformation...
			gdp.bigm Transformation completed in 0 s
		 - Constructing Arc SMALL4 - STORAGE completed
			gdp.bigm Transformation...
			gdp.bigm Transformation completed in 0 s
		 - Constructing Arc STORAGE - BIG1 completed
			gdp.bigm Transformation...
			gdp.bigm Transformation completed in 0 s
		 - Constructing Arc STORAGE - BIG2 completed
			gdp.bigm Transformation...
			gdp.bigm Transformation completed in 0 s
		 - Constructing Arc STORAGE - SMALL1 completed
			gdp.bigm Transformation...
			gdp.bigm Transformation completed in 0 s
		 - Constructing Arc STORAGE - SMALL2 completed
			gdp.bigm Transformation...
			gdp.bigm Transformation completed in 0 s
		 - Constructing Arc STORAGE - SMALL3 completed
			gdp.bigm Transformation...
			gdp.bigm Transformation completed in 0 s
		 - Constructing Arc STORAGE - SMALL4 completed
	 - Constructing Network hydrogenPipelineOnshore_highP completed
			gdp.bigm Transformation...
			gdp.bigm Transformation completed in 78 s
	 - Adding Technology Electrolyzer_big
			gdp.bigm Transformation...
			gdp.bigm Transformation completed in 0 s
	 - Adding Technology Storage_H2_highP
			gdp.bigm Transformation...
			gdp.bigm Transformation completed in 4 s
	 - Adding Compressor hydrogen_Compressor_hydrogenPipelineOnshore_lowP_hydrogenPipelineOnshore_lowP
	 - Adding Compressor hydrogen_Compressor_hydrogenPipelineOnshore_lowP_hydrogenPipelineOnshore_highP
	 - Adding Compressor hydrogen_Compressor_hydrogenPipelineOnshore_lowP_Storage_H2_highP
	 - Adding Compressor hydrogen_Compressor_hydrogenPipelineOnshore_lowP_Demand
	 - Adding Compressor hydrogen_Compressor_hydrogenPipelineOnshore_highP_hydrogenPipelineOnshore_lowP
	 - Adding Compressor hydrogen_Compressor_hydrogenPipelineOnshore_highP_hydrogenPipelineOnshore_highP
	 - Adding Compressor hydrogen_Compressor_hydrogenPipelineOnshore_highP_Storage_H2_highP
	 - Adding Compressor hydrogen_Compressor_hydrogenPipelineOnshore_highP_Demand
	 - Adding Compressor hydrogen_Compressor_Electrolyzer_big_hydrogenPipelineOnshore_lowP
	 - Adding Compressor hydrogen_Compressor_Electrolyzer_big_hydrogenPipelineOnshore_highP
	 - Adding Compressor hydrogen_Compressor_Electrolyzer_big_Storage_H2_highP
	 - Adding Compressor hydrogen_Compressor_Electrolyzer_big_Demand
	 - Adding Compressor hydrogen_Compressor_Storage_H2_highP_hydrogenPipelineOnshore_lowP
	 - Adding Compressor hydrogen_Compressor_Storage_H2_highP_hydrogenPipelineOnshore_highP
	 - Adding Compressor hydrogen_Compressor_Storage_H2_highP_Storage_H2_highP
	 - Adding Compressor hydrogen_Compressor_Storage_H2_highP_Demand
	 - Adding Compressor hydrogen_Compressor_Import_hydrogenPipelineOnshore_lowP
	 - Adding Compressor hydrogen_Compressor_Import_hydrogenPipelineOnshore_highP
	 - Adding Compressor hydrogen_Compressor_Import_Storage_H2_highP
	 - Adding Compressor hydrogen_Compressor_Import_Demand_existing
	 - Adding Technology Electrolyzer_big
			gdp.bigm Transformation...
			gdp.bigm Transformation completed in 0 s
	 - Adding Technology Storage_H2_highP
			gdp.bigm Transformation...
			gdp.bigm Transformation completed in 4 s
	 - Adding Compressor hydrogen_Compressor_hydrogenPipelineOnshore_lowP_hydrogenPipelineOnshore_lowP
	 - Adding Compressor hydrogen_Compressor_hydrogenPipelineOnshore_lowP_hydrogenPipelineOnshore_highP
	 - Adding Compressor hydrogen_Compressor_hydrogenPipelineOnshore_lowP_Storage_H2_highP
	 - Adding Compressor hydrogen_Compressor_hydrogenPipelineOnshore_lowP_Demand
	 - Adding Compressor hydrogen_Compressor_hydrogenPipelineOnshore_highP_hydrogenPipelineOnshore_lowP
	 - Adding Compressor hydrogen_Compressor_hydrogenPipelineOnshore_highP_hydrogenPipelineOnshore_highP
	 - Adding Compressor hydrogen_Compressor_hydrogenPipelineOnshore_highP_Storage_H2_highP
	 - Adding Compressor hydrogen_Compressor_hydrogenPipelineOnshore_highP_Demand
	 - Adding Compressor hydrogen_Compressor_Electrolyzer_big_hydrogenPipelineOnshore_lowP
	 - Adding Compressor hydrogen_Compressor_Electrolyzer_big_hydrogenPipelineOnshore_highP
	 - Adding Compressor hydrogen_Compressor_Electrolyzer_big_Storage_H2_highP
	 - Adding Compressor hydrogen_Compressor_Electrolyzer_big_Demand
	 - Adding Compressor hydrogen_Compressor_Storage_H2_highP_hydrogenPipelineOnshore_lowP
	 - Adding Compressor hydrogen_Compressor_Storage_H2_highP_hydrogenPipelineOnshore_highP
	 - Adding Compressor hydrogen_Compressor_Storage_H2_highP_Storage_H2_highP
	 - Adding Compressor hydrogen_Compressor_Storage_H2_highP_Demand
	 - Adding Compressor hydrogen_Compressor_Import_hydrogenPipelineOnshore_lowP
	 - Adding Compressor hydrogen_Compressor_Import_hydrogenPipelineOnshore_highP
	 - Adding Compressor hydrogen_Compressor_Import_Storage_H2_highP
	 - Adding Compressor hydrogen_Compressor_Import_Demand_existing
	 - Adding Technology Electrolyzer_small
	 - Adding Technology Storage_H2_lowP
			gdp.bigm Transformation...
			gdp.bigm Transformation completed in 4 s
	 - Adding Compressor hydrogen_Compressor_hydrogenPipelineOnshore_lowP_hydrogenPipelineOnshore_lowP
	 - Adding Compressor hydrogen_Compressor_hydrogenPipelineOnshore_lowP_hydrogenPipelineOnshore_highP
	 - Adding Compressor hydrogen_Compressor_hydrogenPipelineOnshore_lowP_Storage_H2_lowP
	 - Adding Compressor hydrogen_Compressor_hydrogenPipelineOnshore_lowP_Demand
	 - Adding Compressor hydrogen_Compressor_hydrogenPipelineOnshore_highP_hydrogenPipelineOnshore_lowP
	 - Adding Compressor hydrogen_Compressor_hydrogenPipelineOnshore_highP_hydrogenPipelineOnshore_highP
	 - Adding Compressor hydrogen_Compressor_hydrogenPipelineOnshore_highP_Storage_H2_lowP
	 - Adding Compressor hydrogen_Compressor_hydrogenPipelineOnshore_highP_Demand
	 - Adding Compressor hydrogen_Compressor_Electrolyzer_small_hydrogenPipelineOnshore_lowP
	 - Adding Compressor hydrogen_Compressor_Electrolyzer_small_hydrogenPipelineOnshore_highP
	 - Adding Compressor hydrogen_Compressor_Electrolyzer_small_Storage_H2_lowP
	 - Adding Compressor hydrogen_Compressor_Electrolyzer_small_Demand
	 - Adding Compressor hydrogen_Compressor_Storage_H2_lowP_hydrogenPipelineOnshore_lowP
	 - Adding Compressor hydrogen_Compressor_Storage_H2_lowP_hydrogenPipelineOnshore_highP
	 - Adding Compressor hydrogen_Compressor_Storage_H2_lowP_Storage_H2_lowP
	 - Adding Compressor hydrogen_Compressor_Storage_H2_lowP_Demand
	 - Adding Technology Electrolyzer_small
	 - Adding Technology Storage_H2_lowP
			gdp.bigm Transformation...
			gdp.bigm Transformation completed in 4 s
	 - Adding Compressor hydrogen_Compressor_hydrogenPipelineOnshore_lowP_hydrogenPipelineOnshore_lowP
	 - Adding Compressor hydrogen_Compressor_hydrogenPipelineOnshore_lowP_hydrogenPipelineOnshore_highP
	 - Adding Compressor hydrogen_Compressor_hydrogenPipelineOnshore_lowP_Storage_H2_lowP
	 - Adding Compressor hydrogen_Compressor_hydrogenPipelineOnshore_lowP_Demand
	 - Adding Compressor hydrogen_Compressor_hydrogenPipelineOnshore_highP_hydrogenPipelineOnshore_lowP
	 - Adding Compressor hydrogen_Compressor_hydrogenPipelineOnshore_highP_hydrogenPipelineOnshore_highP
	 - Adding Compressor hydrogen_Compressor_hydrogenPipelineOnshore_highP_Storage_H2_lowP
	 - Adding Compressor hydrogen_Compressor_hydrogenPipelineOnshore_highP_Demand
	 - Adding Compressor hydrogen_Compressor_Electrolyzer_small_hydrogenPipelineOnshore_lowP
	 - Adding Compressor hydrogen_Compressor_Electrolyzer_small_hydrogenPipelineOnshore_highP
	 - Adding Compressor hydrogen_Compressor_Electrolyzer_small_Storage_H2_lowP
	 - Adding Compressor hydrogen_Compressor_Electrolyzer_small_Demand
	 - Adding Compressor hydrogen_Compressor_Storage_H2_lowP_hydrogenPipelineOnshore_lowP
	 - Adding Compressor hydrogen_Compressor_Storage_H2_lowP_hydrogenPipelineOnshore_highP
	 - Adding Compressor hydrogen_Compressor_Storage_H2_lowP_Storage_H2_lowP
	 - Adding Compressor hydrogen_Compressor_Storage_H2_lowP_Demand
	 - Adding Technology Electrolyzer_small
	 - Adding Technology Storage_H2_lowP
			gdp.bigm Transformation...
			gdp.bigm Transformation completed in 4 s
	 - Adding Compressor hydrogen_Compressor_hydrogenPipelineOnshore_lowP_hydrogenPipelineOnshore_lowP
	 - Adding Compressor hydrogen_Compressor_hydrogenPipelineOnshore_lowP_hydrogenPipelineOnshore_highP
	 - Adding Compressor hydrogen_Compressor_hydrogenPipelineOnshore_lowP_Storage_H2_lowP
	 - Adding Compressor hydrogen_Compressor_hydrogenPipelineOnshore_lowP_Demand
	 - Adding Compressor hydrogen_Compressor_hydrogenPipelineOnshore_highP_hydrogenPipelineOnshore_lowP
	 - Adding Compressor hydrogen_Compressor_hydrogenPipelineOnshore_highP_hydrogenPipelineOnshore_highP
	 - Adding Compressor hydrogen_Compressor_hydrogenPipelineOnshore_highP_Storage_H2_lowP
	 - Adding Compressor hydrogen_Compressor_hydrogenPipelineOnshore_highP_Demand
	 - Adding Compressor hydrogen_Compressor_Electrolyzer_small_hydrogenPipelineOnshore_lowP
	 - Adding Compressor hydrogen_Compressor_Electrolyzer_small_hydrogenPipelineOnshore_highP
	 - Adding Compressor hydrogen_Compressor_Electrolyzer_small_Storage_H2_lowP
	 - Adding Compressor hydrogen_Compressor_Electrolyzer_small_Demand
	 - Adding Compressor hydrogen_Compressor_Storage_H2_lowP_hydrogenPipelineOnshore_lowP
	 - Adding Compressor hydrogen_Compressor_Storage_H2_lowP_hydrogenPipelineOnshore_highP
	 - Adding Compressor hydrogen_Compressor_Storage_H2_lowP_Storage_H2_lowP
	 - Adding Compressor hydrogen_Compressor_Storage_H2_lowP_Demand
	 - Adding Technology Electrolyzer_small
	 - Adding Technology Storage_H2_lowP
			gdp.bigm Transformation...
			gdp.bigm Transformation completed in 4 s
	 - Adding Compressor hydrogen_Compressor_hydrogenPipelineOnshore_lowP_hydrogenPipelineOnshore_lowP
	 - Adding Compressor hydrogen_Compressor_hydrogenPipelineOnshore_lowP_hydrogenPipelineOnshore_highP
	 - Adding Compressor hydrogen_Compressor_hydrogenPipelineOnshore_lowP_Storage_H2_lowP
	 - Adding Compressor hydrogen_Compressor_hydrogenPipelineOnshore_lowP_Demand
	 - Adding Compressor hydrogen_Compressor_hydrogenPipelineOnshore_highP_hydrogenPipelineOnshore_lowP
	 - Adding Compressor hydrogen_Compressor_hydrogenPipelineOnshore_highP_hydrogenPipelineOnshore_highP
	 - Adding Compressor hydrogen_Compressor_hydrogenPipelineOnshore_highP_Storage_H2_lowP
	 - Adding Compressor hydrogen_Compressor_hydrogenPipelineOnshore_highP_Demand
	 - Adding Compressor hydrogen_Compressor_Electrolyzer_small_hydrogenPipelineOnshore_lowP
	 - Adding Compressor hydrogen_Compressor_Electrolyzer_small_hydrogenPipelineOnshore_highP
	 - Adding Compressor hydrogen_Compressor_Electrolyzer_small_Storage_H2_lowP
	 - Adding Compressor hydrogen_Compressor_Electrolyzer_small_Demand
	 - Adding Compressor hydrogen_Compressor_Storage_H2_lowP_hydrogenPipelineOnshore_lowP
	 - Adding Compressor hydrogen_Compressor_Storage_H2_lowP_hydrogenPipelineOnshore_highP
	 - Adding Compressor hydrogen_Compressor_Storage_H2_lowP_Storage_H2_lowP
	 - Adding Compressor hydrogen_Compressor_Storage_H2_lowP_Demand
	 - Adding Technology Storage_H2_Cavern_existing
			gdp.bigm Transformation...
			gdp.bigm Transformation completed in 4 s
	 - Adding Compressor hydrogen_Compressor_hydrogenPipelineOnshore_lowP_hydrogenPipelineOnshore_lowP
	 - Adding Compressor hydrogen_Compressor_hydrogenPipelineOnshore_lowP_hydrogenPipelineOnshore_highP
	 - Adding Compressor hydrogen_Compressor_hydrogenPipelineOnshore_lowP_Storage_H2_Cavern_existing
	 - Adding Compressor hydrogen_Compressor_hydrogenPipelineOnshore_highP_hydrogenPipelineOnshore_lowP
	 - Adding Compressor hydrogen_Compressor_hydrogenPipelineOnshore_highP_hydrogenPipelineOnshore_highP
	 - Adding Compressor hydrogen_Compressor_hydrogenPipelineOnshore_highP_Storage_H2_Cavern_existing
	 - Adding Compressor hydrogen_Compressor_Storage_H2_Cavern_existing_hydrogenPipelineOnshore_lowP
	 - Adding Compressor hydrogen_Compressor_Storage_H2_Cavern_existing_hydrogenPipelineOnshore_highP
	 - Adding Compressor hydrogen_Compressor_Storage_H2_Cavern_existing_Storage_H2_Cavern_existing_existing
Constructing model completed in 441s
Constructing balances...
Constructing balances completed in 17s
Set objective on infrastructure due to willingness to pay
Set parameter OutputFlag to value 1
Set parameter LogFile to value "/gpfs/home3/scur1696/AdOpT-NET0-RegToNation/generic_node_optimization/results/parallel_creation_test_20251123_215646/task_003/t003_parallel_run_0002/userData/20251123220447-1/solver_log.txt"
Solver log file: /gpfs/home3/scur1696/AdOpT-NET0-RegToNation/generic_node_optimization/results/parallel_creation_test_20251123_215646/task_003/t003_parallel_run_0002/userData/20251123220447-1/solver_log.txt
Set parameter TimeLimit to value 180000
Set parameter MIPGap to value 0.01
Set parameter MIPFocus to value 0
Set parameter Threads to value 8
Set parameter NodefileStart to value 60
Set parameter Method to value -1
Set parameter Heuristics to value 0.05
Set parameter Presolve to value 1
Set parameter BranchDir to value 0
Set parameter LPWarmStart to value 0
Set parameter IntFeasTol to value 1e-05
Set parameter FeasibilityTol to value 1e-06
Set parameter Cuts to value -1
Set parameter NumericFocus to value 0
  [CONFIG] Gurobi default env configured: 8 threads per worker
--- Reading in data ---
Input data folder has been checked successfully - no errors occurred.
--- Reading in data complete ---
--- Constructing Model ---
Constructing Investment Period period1
Constructing Investment Period period1 completed
	 - Constructing Network hydrogenPipelineOnshore_lowP
			gdp.bigm Transformation...
			gdp.bigm Transformation completed in 0 s
		 - Constructing Arc BIG1 - BIG2 completed
			gdp.bigm Transformation...
			gdp.bigm Transformation completed in 0 s
		 - Constructing Arc BIG1 - SMALL1 completed
			gdp.bigm Transformation...
			gdp.bigm Transformation completed in 0 s
		 - Constructing Arc BIG1 - SMALL2 completed
			gdp.bigm Transformation...
			gdp.bigm Transformation completed in 0 s
		 - Constructing Arc BIG1 - SMALL3 completed
			gdp.bigm Transformation...
			gdp.bigm Transformation completed in 0 s
		 - Constructing Arc BIG1 - SMALL4 completed
			gdp.bigm Transformation...
			gdp.bigm Transformation completed in 0 s
		 - Constructing Arc BIG1 - STORAGE completed
			gdp.bigm Transformation...
			gdp.bigm Transformation completed in 0 s
		 - Constructing Arc BIG2 - BIG1 completed
			gdp.bigm Transformation...
			gdp.bigm Transformation completed in 0 s
		 - Constructing Arc BIG2 - SMALL1 completed
			gdp.bigm Transformation...
			gdp.bigm Transformation completed in 0 s
		 - Constructing Arc BIG2 - SMALL2 completed
			gdp.bigm Transformation...
			gdp.bigm Transformation completed in 0 s
		 - Constructing Arc BIG2 - SMALL3 completed
			gdp.bigm Transformation...
			gdp.bigm Transformation completed in 0 s
		 - Constructing Arc BIG2 - SMALL4 completed
			gdp.bigm Transformation...
			gdp.bigm Transformation completed in 0 s
		 - Constructing Arc BIG2 - STORAGE completed
			gdp.bigm Transformation...
			gdp.bigm Transformation completed in 0 s
		 - Constructing Arc SMALL1 - BIG1 completed
			gdp.bigm Transformation...
			gdp.bigm Transformation completed in 0 s
		 - Constructing Arc SMALL1 - BIG2 completed
			gdp.bigm Transformation...
			gdp.bigm Transformation completed in 0 s
		 - Constructing Arc SMALL1 - SMALL2 completed
			gdp.bigm Transformation...
			gdp.bigm Transformation completed in 0 s
		 - Constructing Arc SMALL1 - SMALL3 completed
			gdp.bigm Transformation...
			gdp.bigm Transformation completed in 0 s
		 - Constructing Arc SMALL1 - SMALL4 completed
			gdp.bigm Transformation...
			gdp.bigm Transformation completed in 0 s
		 - Constructing Arc SMALL1 - STORAGE completed
			gdp.bigm Transformation...
			gdp.bigm Transformation completed in 0 s
		 - Constructing Arc SMALL2 - BIG1 completed
			gdp.bigm Transformation...
			gdp.bigm Transformation completed in 0 s
		 - Constructing Arc SMALL2 - BIG2 completed
			gdp.bigm Transformation...
			gdp.bigm Transformation completed in 0 s
		 - Constructing Arc SMALL2 - SMALL1 completed
			gdp.bigm Transformation...
			gdp.bigm Transformation completed in 0 s
		 - Constructing Arc SMALL2 - SMALL3 completed
			gdp.bigm Transformation...
			gdp.bigm Transformation completed in 0 s
		 - Constructing Arc SMALL2 - SMALL4 completed
			gdp.bigm Transformation...
			gdp.bigm Transformation completed in 0 s
		 - Constructing Arc SMALL2 - STORAGE completed
			gdp.bigm Transformation...
			gdp.bigm Transformation completed in 0 s
		 - Constructing Arc SMALL3 - BIG1 completed
			gdp.bigm Transformation...
			gdp.bigm Transformation completed in 0 s
		 - Constructing Arc SMALL3 - BIG2 completed
			gdp.bigm Transformation...
			gdp.bigm Transformation completed in 0 s
		 - Constructing Arc SMALL3 - SMALL1 completed
			gdp.bigm Transformation...
			gdp.bigm Transformation completed in 0 s
		 - Constructing Arc SMALL3 - SMALL2 completed
			gdp.bigm Transformation...
			gdp.bigm Transformation completed in 0 s
		 - Constructing Arc SMALL3 - SMALL4 completed
			gdp.bigm Transformation...
			gdp.bigm Transformation completed in 0 s
		 - Constructing Arc SMALL3 - STORAGE completed
			gdp.bigm Transformation...
			gdp.bigm Transformation completed in 0 s
		 - Constructing Arc SMALL4 - BIG1 completed
			gdp.bigm Transformation...
			gdp.bigm Transformation completed in 0 s
		 - Constructing Arc SMALL4 - BIG2 completed
			gdp.bigm Transformation...
			gdp.bigm Transformation completed in 0 s
		 - Constructing Arc SMALL4 - SMALL1 completed
			gdp.bigm Transformation...
			gdp.bigm Transformation completed in 0 s
		 - Constructing Arc SMALL4 - SMALL2 completed
			gdp.bigm Transformation...
			gdp.bigm Transformation completed in 0 s
		 - Constructing Arc SMALL4 - SMALL3 completed
			gdp.bigm Transformation...
			gdp.bigm Transformation completed in 0 s
		 - Constructing Arc SMALL4 - STORAGE completed
			gdp.bigm Transformation...
			gdp.bigm Transformation completed in 0 s
		 - Constructing Arc STORAGE - BIG1 completed
			gdp.bigm Transformation...
			gdp.bigm Transformation completed in 0 s
		 - Constructing Arc STORAGE - BIG2 completed
			gdp.bigm Transformation...
			gdp.bigm Transformation completed in 0 s
		 - Constructing Arc STORAGE - SMALL1 completed
			gdp.bigm Transformation...
			gdp.bigm Transformation completed in 0 s
		 - Constructing Arc STORAGE - SMALL2 completed
			gdp.bigm Transformation...
			gdp.bigm Transformation completed in 0 s
		 - Constructing Arc STORAGE - SMALL3 completed
			gdp.bigm Transformation...
			gdp.bigm Transformation completed in 0 s
		 - Constructing Arc STORAGE - SMALL4 completed
	 - Constructing Network hydrogenPipelineOnshore_lowP completed
			gdp.bigm Transformation...
			gdp.bigm Transformation completed in 76 s
	 - Constructing Network hydrogenPipelineOnshore_highP
			gdp.bigm Transformation...
			gdp.bigm Transformation completed in 0 s
		 - Constructing Arc BIG1 - BIG2 completed
			gdp.bigm Transformation...
			gdp.bigm Transformation completed in 0 s
		 - Constructing Arc BIG1 - SMALL1 completed
			gdp.bigm Transformation...
			gdp.bigm Transformation completed in 0 s
		 - Constructing Arc BIG1 - SMALL2 completed
			gdp.bigm Transformation...
			gdp.bigm Transformation completed in 0 s
		 - Constructing Arc BIG1 - SMALL3 completed
			gdp.bigm Transformation...
			gdp.bigm Transformation completed in 0 s
		 - Constructing Arc BIG1 - SMALL4 completed
			gdp.bigm Transformation...
			gdp.bigm Transformation completed in 0 s
		 - Constructing Arc BIG1 - STORAGE completed
			gdp.bigm Transformation...
			gdp.bigm Transformation completed in 0 s
		 - Constructing Arc BIG2 - BIG1 completed
			gdp.bigm Transformation...
			gdp.bigm Transformation completed in 0 s
		 - Constructing Arc BIG2 - SMALL1 completed
			gdp.bigm Transformation...
			gdp.bigm Transformation completed in 0 s
		 - Constructing Arc BIG2 - SMALL2 completed
			gdp.bigm Transformation...
			gdp.bigm Transformation completed in 0 s
		 - Constructing Arc BIG2 - SMALL3 completed
			gdp.bigm Transformation...
			gdp.bigm Transformation completed in 0 s
		 - Constructing Arc BIG2 - SMALL4 completed
			gdp.bigm Transformation...
			gdp.bigm Transformation completed in 0 s
		 - Constructing Arc BIG2 - STORAGE completed
			gdp.bigm Transformation...
			gdp.bigm Transformation completed in 0 s
		 - Constructing Arc SMALL1 - BIG1 completed
			gdp.bigm Transformation...
			gdp.bigm Transformation completed in 0 s
		 - Constructing Arc SMALL1 - BIG2 completed
			gdp.bigm Transformation...
			gdp.bigm Transformation completed in 0 s
		 - Constructing Arc SMALL1 - SMALL2 completed
			gdp.bigm Transformation...
			gdp.bigm Transformation completed in 0 s
		 - Constructing Arc SMALL1 - SMALL3 completed
			gdp.bigm Transformation...
			gdp.bigm Transformation completed in 0 s
		 - Constructing Arc SMALL1 - SMALL4 completed
			gdp.bigm Transformation...
			gdp.bigm Transformation completed in 0 s
		 - Constructing Arc SMALL1 - STORAGE completed
			gdp.bigm Transformation...
			gdp.bigm Transformation completed in 0 s
		 - Constructing Arc SMALL2 - BIG1 completed
			gdp.bigm Transformation...
			gdp.bigm Transformation completed in 0 s
		 - Constructing Arc SMALL2 - BIG2 completed
			gdp.bigm Transformation...
			gdp.bigm Transformation completed in 0 s
		 - Constructing Arc SMALL2 - SMALL1 completed
			gdp.bigm Transformation...
			gdp.bigm Transformation completed in 0 s
		 - Constructing Arc SMALL2 - SMALL3 completed
			gdp.bigm Transformation...
			gdp.bigm Transformation completed in 0 s
		 - Constructing Arc SMALL2 - SMALL4 completed
			gdp.bigm Transformation...
			gdp.bigm Transformation completed in 0 s
		 - Constructing Arc SMALL2 - STORAGE completed
			gdp.bigm Transformation...
			gdp.bigm Transformation completed in 0 s
		 - Constructing Arc SMALL3 - BIG1 completed
			gdp.bigm Transformation...
			gdp.bigm Transformation completed in 0 s
		 - Constructing Arc SMALL3 - BIG2 completed
			gdp.bigm Transformation...
			gdp.bigm Transformation completed in 0 s
		 - Constructing Arc SMALL3 - SMALL1 completed
			gdp.bigm Transformation...
			gdp.bigm Transformation completed in 0 s
		 - Constructing Arc SMALL3 - SMALL2 completed
			gdp.bigm Transformation...
			gdp.bigm Transformation completed in 0 s
		 - Constructing Arc SMALL3 - SMALL4 completed
			gdp.bigm Transformation...
			gdp.bigm Transformation completed in 0 s
		 - Constructing Arc SMALL3 - STORAGE completed
			gdp.bigm Transformation...
			gdp.bigm Transformation completed in 0 s
		 - Constructing Arc SMALL4 - BIG1 completed
			gdp.bigm Transformation...
			gdp.bigm Transformation completed in 0 s
		 - Constructing Arc SMALL4 - BIG2 completed
			gdp.bigm Transformation...
			gdp.bigm Transformation completed in 0 s
		 - Constructing Arc SMALL4 - SMALL1 completed
			gdp.bigm Transformation...
			gdp.bigm Transformation completed in 0 s
		 - Constructing Arc SMALL4 - SMALL2 completed
			gdp.bigm Transformation...
			gdp.bigm Transformation completed in 0 s
		 - Constructing Arc SMALL4 - SMALL3 completed
			gdp.bigm Transformation...
			gdp.bigm Transformation completed in 0 s
		 - Constructing Arc SMALL4 - STORAGE completed
			gdp.bigm Transformation...
			gdp.bigm Transformation completed in 0 s
		 - Constructing Arc STORAGE - BIG1 completed
			gdp.bigm Transformation...
			gdp.bigm Transformation completed in 0 s
		 - Constructing Arc STORAGE - BIG2 completed
			gdp.bigm Transformation...
			gdp.bigm Transformation completed in 0 s
		 - Constructing Arc STORAGE - SMALL1 completed
			gdp.bigm Transformation...
			gdp.bigm Transformation completed in 0 s
		 - Constructing Arc STORAGE - SMALL2 completed
			gdp.bigm Transformation...
			gdp.bigm Transformation completed in 0 s
		 - Constructing Arc STORAGE - SMALL3 completed
			gdp.bigm Transformation...
			gdp.bigm Transformation completed in 0 s
		 - Constructing Arc STORAGE - SMALL4 completed
	 - Constructing Network hydrogenPipelineOnshore_highP completed
			gdp.bigm Transformation...
			gdp.bigm Transformation completed in 76 s
	 - Adding Technology Electrolyzer_big
			gdp.bigm Transformation...
			gdp.bigm Transformation completed in 0 s
	 - Adding Technology Storage_H2_highP
			gdp.bigm Transformation...
			gdp.bigm Transformation completed in 4 s
	 - Adding Compressor hydrogen_Compressor_hydrogenPipelineOnshore_lowP_hydrogenPipelineOnshore_lowP
	 - Adding Compressor hydrogen_Compressor_hydrogenPipelineOnshore_lowP_hydrogenPipelineOnshore_highP
	 - Adding Compressor hydrogen_Compressor_hydrogenPipelineOnshore_lowP_Storage_H2_highP
	 - Adding Compressor hydrogen_Compressor_hydrogenPipelineOnshore_lowP_Demand
	 - Adding Compressor hydrogen_Compressor_hydrogenPipelineOnshore_highP_hydrogenPipelineOnshore_lowP
	 - Adding Compressor hydrogen_Compressor_hydrogenPipelineOnshore_highP_hydrogenPipelineOnshore_highP
	 - Adding Compressor hydrogen_Compressor_hydrogenPipelineOnshore_highP_Storage_H2_highP
	 - Adding Compressor hydrogen_Compressor_hydrogenPipelineOnshore_highP_Demand
	 - Adding Compressor hydrogen_Compressor_Electrolyzer_big_hydrogenPipelineOnshore_lowP
	 - Adding Compressor hydrogen_Compressor_Electrolyzer_big_hydrogenPipelineOnshore_highP
	 - Adding Compressor hydrogen_Compressor_Electrolyzer_big_Storage_H2_highP
	 - Adding Compressor hydrogen_Compressor_Electrolyzer_big_Demand
	 - Adding Compressor hydrogen_Compressor_Storage_H2_highP_hydrogenPipelineOnshore_lowP
	 - Adding Compressor hydrogen_Compressor_Storage_H2_highP_hydrogenPipelineOnshore_highP
	 - Adding Compressor hydrogen_Compressor_Storage_H2_highP_Storage_H2_highP
	 - Adding Compressor hydrogen_Compressor_Storage_H2_highP_Demand
	 - Adding Compressor hydrogen_Compressor_Import_hydrogenPipelineOnshore_lowP
	 - Adding Compressor hydrogen_Compressor_Import_hydrogenPipelineOnshore_highP
	 - Adding Compressor hydrogen_Compressor_Import_Storage_H2_highP
	 - Adding Compressor hydrogen_Compressor_Import_Demand_existing
	 - Adding Technology Electrolyzer_big
			gdp.bigm Transformation...
			gdp.bigm Transformation completed in 0 s
	 - Adding Technology Storage_H2_highP
			gdp.bigm Transformation...
			gdp.bigm Transformation completed in 4 s
	 - Adding Compressor hydrogen_Compressor_hydrogenPipelineOnshore_lowP_hydrogenPipelineOnshore_lowP
	 - Adding Compressor hydrogen_Compressor_hydrogenPipelineOnshore_lowP_hydrogenPipelineOnshore_highP
	 - Adding Compressor hydrogen_Compressor_hydrogenPipelineOnshore_lowP_Storage_H2_highP
	 - Adding Compressor hydrogen_Compressor_hydrogenPipelineOnshore_lowP_Demand
	 - Adding Compressor hydrogen_Compressor_hydrogenPipelineOnshore_highP_hydrogenPipelineOnshore_lowP
	 - Adding Compressor hydrogen_Compressor_hydrogenPipelineOnshore_highP_hydrogenPipelineOnshore_highP
	 - Adding Compressor hydrogen_Compressor_hydrogenPipelineOnshore_highP_Storage_H2_highP
	 - Adding Compressor hydrogen_Compressor_hydrogenPipelineOnshore_highP_Demand
	 - Adding Compressor hydrogen_Compressor_Electrolyzer_big_hydrogenPipelineOnshore_lowP
	 - Adding Compressor hydrogen_Compressor_Electrolyzer_big_hydrogenPipelineOnshore_highP
	 - Adding Compressor hydrogen_Compressor_Electrolyzer_big_Storage_H2_highP
	 - Adding Compressor hydrogen_Compressor_Electrolyzer_big_Demand
	 - Adding Compressor hydrogen_Compressor_Storage_H2_highP_hydrogenPipelineOnshore_lowP
	 - Adding Compressor hydrogen_Compressor_Storage_H2_highP_hydrogenPipelineOnshore_highP
	 - Adding Compressor hydrogen_Compressor_Storage_H2_highP_Storage_H2_highP
	 - Adding Compressor hydrogen_Compressor_Storage_H2_highP_Demand
	 - Adding Compressor hydrogen_Compressor_Import_hydrogenPipelineOnshore_lowP
	 - Adding Compressor hydrogen_Compressor_Import_hydrogenPipelineOnshore_highP
	 - Adding Compressor hydrogen_Compressor_Import_Storage_H2_highP
	 - Adding Compressor hydrogen_Compressor_Import_Demand_existing
	 - Adding Technology Electrolyzer_small
	 - Adding Technology Storage_H2_lowP
			gdp.bigm Transformation...
			gdp.bigm Transformation completed in 4 s
	 - Adding Compressor hydrogen_Compressor_hydrogenPipelineOnshore_lowP_hydrogenPipelineOnshore_lowP
	 - Adding Compressor hydrogen_Compressor_hydrogenPipelineOnshore_lowP_hydrogenPipelineOnshore_highP
	 - Adding Compressor hydrogen_Compressor_hydrogenPipelineOnshore_lowP_Storage_H2_lowP
	 - Adding Compressor hydrogen_Compressor_hydrogenPipelineOnshore_lowP_Demand
	 - Adding Compressor hydrogen_Compressor_hydrogenPipelineOnshore_highP_hydrogenPipelineOnshore_lowP
	 - Adding Compressor hydrogen_Compressor_hydrogenPipelineOnshore_highP_hydrogenPipelineOnshore_highP
	 - Adding Compressor hydrogen_Compressor_hydrogenPipelineOnshore_highP_Storage_H2_lowP
	 - Adding Compressor hydrogen_Compressor_hydrogenPipelineOnshore_highP_Demand
	 - Adding Compressor hydrogen_Compressor_Electrolyzer_small_hydrogenPipelineOnshore_lowP
	 - Adding Compressor hydrogen_Compressor_Electrolyzer_small_hydrogenPipelineOnshore_highP
	 - Adding Compressor hydrogen_Compressor_Electrolyzer_small_Storage_H2_lowP
	 - Adding Compressor hydrogen_Compressor_Electrolyzer_small_Demand
	 - Adding Compressor hydrogen_Compressor_Storage_H2_lowP_hydrogenPipelineOnshore_lowP
	 - Adding Compressor hydrogen_Compressor_Storage_H2_lowP_hydrogenPipelineOnshore_highP
	 - Adding Compressor hydrogen_Compressor_Storage_H2_lowP_Storage_H2_lowP
	 - Adding Compressor hydrogen_Compressor_Storage_H2_lowP_Demand
	 - Adding Technology Electrolyzer_small
	 - Adding Technology Storage_H2_lowP
			gdp.bigm Transformation...
			gdp.bigm Transformation completed in 4 s
	 - Adding Compressor hydrogen_Compressor_hydrogenPipelineOnshore_lowP_hydrogenPipelineOnshore_lowP
	 - Adding Compressor hydrogen_Compressor_hydrogenPipelineOnshore_lowP_hydrogenPipelineOnshore_highP
	 - Adding Compressor hydrogen_Compressor_hydrogenPipelineOnshore_lowP_Storage_H2_lowP
	 - Adding Compressor hydrogen_Compressor_hydrogenPipelineOnshore_lowP_Demand
	 - Adding Compressor hydrogen_Compressor_hydrogenPipelineOnshore_highP_hydrogenPipelineOnshore_lowP
	 - Adding Compressor hydrogen_Compressor_hydrogenPipelineOnshore_highP_hydrogenPipelineOnshore_highP
	 - Adding Compressor hydrogen_Compressor_hydrogenPipelineOnshore_highP_Storage_H2_lowP
	 - Adding Compressor hydrogen_Compressor_hydrogenPipelineOnshore_highP_Demand
	 - Adding Compressor hydrogen_Compressor_Electrolyzer_small_hydrogenPipelineOnshore_lowP
	 - Adding Compressor hydrogen_Compressor_Electrolyzer_small_hydrogenPipelineOnshore_highP
	 - Adding Compressor hydrogen_Compressor_Electrolyzer_small_Storage_H2_lowP
	 - Adding Compressor hydrogen_Compressor_Electrolyzer_small_Demand
	 - Adding Compressor hydrogen_Compressor_Storage_H2_lowP_hydrogenPipelineOnshore_lowP
	 - Adding Compressor hydrogen_Compressor_Storage_H2_lowP_hydrogenPipelineOnshore_highP
	 - Adding Compressor hydrogen_Compressor_Storage_H2_lowP_Storage_H2_lowP
	 - Adding Compressor hydrogen_Compressor_Storage_H2_lowP_Demand
	 - Adding Technology Electrolyzer_small
	 - Adding Technology Storage_H2_lowP
			gdp.bigm Transformation...
			gdp.bigm Transformation completed in 4 s
	 - Adding Compressor hydrogen_Compressor_hydrogenPipelineOnshore_lowP_hydrogenPipelineOnshore_lowP
	 - Adding Compressor hydrogen_Compressor_hydrogenPipelineOnshore_lowP_hydrogenPipelineOnshore_highP
	 - Adding Compressor hydrogen_Compressor_hydrogenPipelineOnshore_lowP_Storage_H2_lowP
	 - Adding Compressor hydrogen_Compressor_hydrogenPipelineOnshore_lowP_Demand
	 - Adding Compressor hydrogen_Compressor_hydrogenPipelineOnshore_highP_hydrogenPipelineOnshore_lowP
	 - Adding Compressor hydrogen_Compressor_hydrogenPipelineOnshore_highP_hydrogenPipelineOnshore_highP
	 - Adding Compressor hydrogen_Compressor_hydrogenPipelineOnshore_highP_Storage_H2_lowP
	 - Adding Compressor hydrogen_Compressor_hydrogenPipelineOnshore_highP_Demand
	 - Adding Compressor hydrogen_Compressor_Electrolyzer_small_hydrogenPipelineOnshore_lowP
	 - Adding Compressor hydrogen_Compressor_Electrolyzer_small_hydrogenPipelineOnshore_highP
	 - Adding Compressor hydrogen_Compressor_Electrolyzer_small_Storage_H2_lowP
	 - Adding Compressor hydrogen_Compressor_Electrolyzer_small_Demand
	 - Adding Compressor hydrogen_Compressor_Storage_H2_lowP_hydrogenPipelineOnshore_lowP
	 - Adding Compressor hydrogen_Compressor_Storage_H2_lowP_hydrogenPipelineOnshore_highP
	 - Adding Compressor hydrogen_Compressor_Storage_H2_lowP_Storage_H2_lowP
	 - Adding Compressor hydrogen_Compressor_Storage_H2_lowP_Demand
	 - Adding Technology Electrolyzer_small
	 - Adding Technology Storage_H2_lowP
			gdp.bigm Transformation...
			gdp.bigm Transformation completed in 4 s
	 - Adding Compressor hydrogen_Compressor_hydrogenPipelineOnshore_lowP_hydrogenPipelineOnshore_lowP
	 - Adding Compressor hydrogen_Compressor_hydrogenPipelineOnshore_lowP_hydrogenPipelineOnshore_highP
	 - Adding Compressor hydrogen_Compressor_hydrogenPipelineOnshore_lowP_Storage_H2_lowP
	 - Adding Compressor hydrogen_Compressor_hydrogenPipelineOnshore_lowP_Demand
	 - Adding Compressor hydrogen_Compressor_hydrogenPipelineOnshore_highP_hydrogenPipelineOnshore_lowP
	 - Adding Compressor hydrogen_Compressor_hydrogenPipelineOnshore_highP_hydrogenPipelineOnshore_highP
	 - Adding Compressor hydrogen_Compressor_hydrogenPipelineOnshore_highP_Storage_H2_lowP
	 - Adding Compressor hydrogen_Compressor_hydrogenPipelineOnshore_highP_Demand
	 - Adding Compressor hydrogen_Compressor_Electrolyzer_small_hydrogenPipelineOnshore_lowP
	 - Adding Compressor hydrogen_Compressor_Electrolyzer_small_hydrogenPipelineOnshore_highP
	 - Adding Compressor hydrogen_Compressor_Electrolyzer_small_Storage_H2_lowP
	 - Adding Compressor hydrogen_Compressor_Electrolyzer_small_Demand
	 - Adding Compressor hydrogen_Compressor_Storage_H2_lowP_hydrogenPipelineOnshore_lowP
	 - Adding Compressor hydrogen_Compressor_Storage_H2_lowP_hydrogenPipelineOnshore_highP
	 - Adding Compressor hydrogen_Compressor_Storage_H2_lowP_Storage_H2_lowP
	 - Adding Compressor hydrogen_Compressor_Storage_H2_lowP_Demand
	 - Adding Technology Storage_H2_Cavern_existing
			gdp.bigm Transformation...
			gdp.bigm Transformation completed in 4 s
	 - Adding Compressor hydrogen_Compressor_hydrogenPipelineOnshore_lowP_hydrogenPipelineOnshore_lowP
	 - Adding Compressor hydrogen_Compressor_hydrogenPipelineOnshore_lowP_hydrogenPipelineOnshore_highP
	 - Adding Compressor hydrogen_Compressor_hydrogenPipelineOnshore_lowP_Storage_H2_Cavern_existing
	 - Adding Compressor hydrogen_Compressor_hydrogenPipelineOnshore_highP_hydrogenPipelineOnshore_lowP
	 - Adding Compressor hydrogen_Compressor_hydrogenPipelineOnshore_highP_hydrogenPipelineOnshore_highP
	 - Adding Compressor hydrogen_Compressor_hydrogenPipelineOnshore_highP_Storage_H2_Cavern_existing
	 - Adding Compressor hydrogen_Compressor_Storage_H2_Cavern_existing_hydrogenPipelineOnshore_lowP
	 - Adding Compressor hydrogen_Compressor_Storage_H2_Cavern_existing_hydrogenPipelineOnshore_highP
	 - Adding Compressor hydrogen_Compressor_Storage_H2_Cavern_existing_Storage_H2_Cavern_existing_existing
Constructing model completed in 439s
Constructing balances...
Constructing balances completed in 17s
Set objective on infrastructure due to willingness to pay
Set parameter OutputFlag to value 1
Set parameter LogFile to value "/gpfs/home3/scur1696/AdOpT-NET0-RegToNation/generic_node_optimization/results/parallel_creation_test_20251123_215646/task_003/t003_parallel_run_0001/userData/20251123220445-1/solver_log.txt"
Solver log file: /gpfs/home3/scur1696/AdOpT-NET0-RegToNation/generic_node_optimization/results/parallel_creation_test_20251123_215646/task_003/t003_parallel_run_0001/userData/20251123220445-1/solver_log.txt
Set parameter TimeLimit to value 180000
Set parameter MIPGap to value 0.01
Set parameter MIPFocus to value 0
Set parameter Threads to value 8
Set parameter NodefileStart to value 60
Set parameter Method to value -1
Set parameter Heuristics to value 0.05
Set parameter Presolve to value 1
Set parameter BranchDir to value 0
Set parameter LPWarmStart to value 0
Set parameter IntFeasTol to value 1e-05
Set parameter FeasibilityTol to value 1e-06
Set parameter Cuts to value -1
Set parameter NumericFocus to value 0
Gurobi Optimizer version 13.0.0 build v13.0.0rc1 (linux64 - "Red Hat Enterprise Linux 9.4 (Plow)")

CPU model: AMD EPYC 9654 96-Core Processor, instruction set [SSE2|AVX|AVX2|AVX512]
Thread count: 192 physical cores, 192 logical processors, using up to 8 threads

Non-default parameters:
TimeLimit  180000
MIPGap  0.01
LPWarmStart  0
NodefileStart  60
Presolve  1
Threads  8

Academic license 2729390 - for non-commercial use only - registered to m.___@uu.nl
Optimize a model with 9050179 rows, 6728544 columns and 21385595 nonzeros (Min)
Model fingerprint: 0xedd33d28
Model has 1 linear objective coefficients
Variable types: 5869892 continuous, 858652 integer (858652 binary)
Coefficient statistics:
  Matrix range     [2e-03, 2e+08]
  Objective range  [1e+00, 1e+00]
  Bounds range     [5e-02, 6e+08]
  RHS range        [1e+00, 7e+09]
Warning: Model contains large matrix coefficients
Warning: Model contains large rhs
         Consider reformulating model or setting NumericFocus parameter
         to avoid numerical issues.
  [CONFIG] Gurobi default env configured: 8 threads per worker
--- Reading in data ---
Input data folder has been checked successfully - no errors occurred.
--- Reading in data complete ---
--- Constructing Model ---
Constructing Investment Period period1
Constructing Investment Period period1 completed
	 - Constructing Network hydrogenPipelineOnshore_lowP
			gdp.bigm Transformation...
			gdp.bigm Transformation completed in 0 s
		 - Constructing Arc BIG1 - BIG2 completed
			gdp.bigm Transformation...
			gdp.bigm Transformation completed in 0 s
		 - Constructing Arc BIG1 - SMALL1 completed
			gdp.bigm Transformation...
			gdp.bigm Transformation completed in 0 s
		 - Constructing Arc BIG1 - SMALL2 completed
			gdp.bigm Transformation...
			gdp.bigm Transformation completed in 0 s
		 - Constructing Arc BIG1 - SMALL3 completed
			gdp.bigm Transformation...
			gdp.bigm Transformation completed in 0 s
		 - Constructing Arc BIG1 - SMALL4 completed
			gdp.bigm Transformation...
			gdp.bigm Transformation completed in 0 s
		 - Constructing Arc BIG1 - STORAGE completed
			gdp.bigm Transformation...
			gdp.bigm Transformation completed in 0 s
		 - Constructing Arc BIG2 - BIG1 completed
			gdp.bigm Transformation...
			gdp.bigm Transformation completed in 0 s
		 - Constructing Arc BIG2 - SMALL1 completed
			gdp.bigm Transformation...
			gdp.bigm Transformation completed in 0 s
		 - Constructing Arc BIG2 - SMALL2 completed
			gdp.bigm Transformation...
			gdp.bigm Transformation completed in 0 s
		 - Constructing Arc BIG2 - SMALL3 completed
			gdp.bigm Transformation...
			gdp.bigm Transformation completed in 0 s
		 - Constructing Arc BIG2 - SMALL4 completed
			gdp.bigm Transformation...
			gdp.bigm Transformation completed in 0 s
		 - Constructing Arc BIG2 - STORAGE completed
			gdp.bigm Transformation...
			gdp.bigm Transformation completed in 0 s
		 - Constructing Arc SMALL1 - BIG1 completed
			gdp.bigm Transformation...
			gdp.bigm Transformation completed in 0 s
		 - Constructing Arc SMALL1 - BIG2 completed
			gdp.bigm Transformation...
			gdp.bigm Transformation completed in 0 s
		 - Constructing Arc SMALL1 - SMALL2 completed
			gdp.bigm Transformation...
			gdp.bigm Transformation completed in 0 s
		 - Constructing Arc SMALL1 - SMALL3 completed
			gdp.bigm Transformation...
			gdp.bigm Transformation completed in 0 s
		 - Constructing Arc SMALL1 - SMALL4 completed
			gdp.bigm Transformation...
			gdp.bigm Transformation completed in 0 s
		 - Constructing Arc SMALL1 - STORAGE completed
			gdp.bigm Transformation...
			gdp.bigm Transformation completed in 0 s
		 - Constructing Arc SMALL2 - BIG1 completed
			gdp.bigm Transformation...
			gdp.bigm Transformation completed in 0 s
		 - Constructing Arc SMALL2 - BIG2 completed
			gdp.bigm Transformation...
			gdp.bigm Transformation completed in 0 s
		 - Constructing Arc SMALL2 - SMALL1 completed
			gdp.bigm Transformation...
			gdp.bigm Transformation completed in 0 s
		 - Constructing Arc SMALL2 - SMALL3 completed
			gdp.bigm Transformation...
			gdp.bigm Transformation completed in 0 s
		 - Constructing Arc SMALL2 - SMALL4 completed
			gdp.bigm Transformation...
			gdp.bigm Transformation completed in 0 s
		 - Constructing Arc SMALL2 - STORAGE completed
			gdp.bigm Transformation...
			gdp.bigm Transformation completed in 0 s
		 - Constructing Arc SMALL3 - BIG1 completed
			gdp.bigm Transformation...
			gdp.bigm Transformation completed in 0 s
		 - Constructing Arc SMALL3 - BIG2 completed
			gdp.bigm Transformation...
			gdp.bigm Transformation completed in 0 s
		 - Constructing Arc SMALL3 - SMALL1 completed
			gdp.bigm Transformation...
			gdp.bigm Transformation completed in 0 s
		 - Constructing Arc SMALL3 - SMALL2 completed
			gdp.bigm Transformation...
			gdp.bigm Transformation completed in 0 s
		 - Constructing Arc SMALL3 - SMALL4 completed
			gdp.bigm Transformation...
			gdp.bigm Transformation completed in 0 s
		 - Constructing Arc SMALL3 - STORAGE completed
			gdp.bigm Transformation...
			gdp.bigm Transformation completed in 0 s
		 - Constructing Arc SMALL4 - BIG1 completed
			gdp.bigm Transformation...
			gdp.bigm Transformation completed in 0 s
		 - Constructing Arc SMALL4 - BIG2 completed
			gdp.bigm Transformation...
			gdp.bigm Transformation completed in 0 s
		 - Constructing Arc SMALL4 - SMALL1 completed
			gdp.bigm Transformation...
			gdp.bigm Transformation completed in 0 s
		 - Constructing Arc SMALL4 - SMALL2 completed
			gdp.bigm Transformation...
			gdp.bigm Transformation completed in 0 s
		 - Constructing Arc SMALL4 - SMALL3 completed
			gdp.bigm Transformation...
			gdp.bigm Transformation completed in 0 s
		 - Constructing Arc SMALL4 - STORAGE completed
			gdp.bigm Transformation...
			gdp.bigm Transformation completed in 0 s
		 - Constructing Arc STORAGE - BIG1 completed
			gdp.bigm Transformation...
			gdp.bigm Transformation completed in 0 s
		 - Constructing Arc STORAGE - BIG2 completed
			gdp.bigm Transformation...
			gdp.bigm Transformation completed in 0 s
		 - Constructing Arc STORAGE - SMALL1 completed
			gdp.bigm Transformation...
			gdp.bigm Transformation completed in 0 s
		 - Constructing Arc STORAGE - SMALL2 completed
			gdp.bigm Transformation...
			gdp.bigm Transformation completed in 0 s
		 - Constructing Arc STORAGE - SMALL3 completed
			gdp.bigm Transformation...
			gdp.bigm Transformation completed in 0 s
		 - Constructing Arc STORAGE - SMALL4 completed
	 - Constructing Network hydrogenPipelineOnshore_lowP completed
			gdp.bigm Transformation...
			gdp.bigm Transformation completed in 78 s
	 - Constructing Network hydrogenPipelineOnshore_highP
			gdp.bigm Transformation...
			gdp.bigm Transformation completed in 0 s
		 - Constructing Arc BIG1 - BIG2 completed
			gdp.bigm Transformation...
			gdp.bigm Transformation completed in 0 s
		 - Constructing Arc BIG1 - SMALL1 completed
			gdp.bigm Transformation...
			gdp.bigm Transformation completed in 0 s
		 - Constructing Arc BIG1 - SMALL2 completed
			gdp.bigm Transformation...
			gdp.bigm Transformation completed in 0 s
		 - Constructing Arc BIG1 - SMALL3 completed
			gdp.bigm Transformation...
			gdp.bigm Transformation completed in 0 s
		 - Constructing Arc BIG1 - SMALL4 completed
			gdp.bigm Transformation...
			gdp.bigm Transformation completed in 0 s
		 - Constructing Arc BIG1 - STORAGE completed
			gdp.bigm Transformation...
			gdp.bigm Transformation completed in 0 s
		 - Constructing Arc BIG2 - BIG1 completed
			gdp.bigm Transformation...
			gdp.bigm Transformation completed in 0 s
		 - Constructing Arc BIG2 - SMALL1 completed
			gdp.bigm Transformation...
			gdp.bigm Transformation completed in 0 s
		 - Constructing Arc BIG2 - SMALL2 completed
			gdp.bigm Transformation...
			gdp.bigm Transformation completed in 0 s
		 - Constructing Arc BIG2 - SMALL3 completed
			gdp.bigm Transformation...
			gdp.bigm Transformation completed in 0 s
		 - Constructing Arc BIG2 - SMALL4 completed
			gdp.bigm Transformation...
			gdp.bigm Transformation completed in 0 s
		 - Constructing Arc BIG2 - STORAGE completed
			gdp.bigm Transformation...
			gdp.bigm Transformation completed in 0 s
		 - Constructing Arc SMALL1 - BIG1 completed
			gdp.bigm Transformation...
			gdp.bigm Transformation completed in 0 s
		 - Constructing Arc SMALL1 - BIG2 completed
			gdp.bigm Transformation...
			gdp.bigm Transformation completed in 0 s
		 - Constructing Arc SMALL1 - SMALL2 completed
			gdp.bigm Transformation...
			gdp.bigm Transformation completed in 0 s
		 - Constructing Arc SMALL1 - SMALL3 completed
			gdp.bigm Transformation...
			gdp.bigm Transformation completed in 0 s
		 - Constructing Arc SMALL1 - SMALL4 completed
			gdp.bigm Transformation...
			gdp.bigm Transformation completed in 0 s
		 - Constructing Arc SMALL1 - STORAGE completed
			gdp.bigm Transformation...
			gdp.bigm Transformation completed in 0 s
		 - Constructing Arc SMALL2 - BIG1 completed
			gdp.bigm Transformation...
			gdp.bigm Transformation completed in 0 s
		 - Constructing Arc SMALL2 - BIG2 completed
			gdp.bigm Transformation...
			gdp.bigm Transformation completed in 0 s
		 - Constructing Arc SMALL2 - SMALL1 completed
			gdp.bigm Transformation...
			gdp.bigm Transformation completed in 0 s
		 - Constructing Arc SMALL2 - SMALL3 completed
			gdp.bigm Transformation...
			gdp.bigm Transformation completed in 0 s
		 - Constructing Arc SMALL2 - SMALL4 completed
			gdp.bigm Transformation...
			gdp.bigm Transformation completed in 0 s
		 - Constructing Arc SMALL2 - STORAGE completed
			gdp.bigm Transformation...
			gdp.bigm Transformation completed in 0 s
		 - Constructing Arc SMALL3 - BIG1 completed
			gdp.bigm Transformation...
			gdp.bigm Transformation completed in 0 s
		 - Constructing Arc SMALL3 - BIG2 completed
			gdp.bigm Transformation...
			gdp.bigm Transformation completed in 0 s
		 - Constructing Arc SMALL3 - SMALL1 completed
			gdp.bigm Transformation...
			gdp.bigm Transformation completed in 0 s
		 - Constructing Arc SMALL3 - SMALL2 completed
			gdp.bigm Transformation...
			gdp.bigm Transformation completed in 0 s
		 - Constructing Arc SMALL3 - SMALL4 completed
			gdp.bigm Transformation...
			gdp.bigm Transformation completed in 0 s
		 - Constructing Arc SMALL3 - STORAGE completed
			gdp.bigm Transformation...
			gdp.bigm Transformation completed in 0 s
		 - Constructing Arc SMALL4 - BIG1 completed
			gdp.bigm Transformation...
			gdp.bigm Transformation completed in 0 s
		 - Constructing Arc SMALL4 - BIG2 completed
			gdp.bigm Transformation...
			gdp.bigm Transformation completed in 0 s
		 - Constructing Arc SMALL4 - SMALL1 completed
			gdp.bigm Transformation...
			gdp.bigm Transformation completed in 0 s
		 - Constructing Arc SMALL4 - SMALL2 completed
			gdp.bigm Transformation...
			gdp.bigm Transformation completed in 0 s
		 - Constructing Arc SMALL4 - SMALL3 completed
			gdp.bigm Transformation...
			gdp.bigm Transformation completed in 0 s
		 - Constructing Arc SMALL4 - STORAGE completed
			gdp.bigm Transformation...
			gdp.bigm Transformation completed in 0 s
		 - Constructing Arc STORAGE - BIG1 completed
			gdp.bigm Transformation...
			gdp.bigm Transformation completed in 0 s
		 - Constructing Arc STORAGE - BIG2 completed
			gdp.bigm Transformation...
			gdp.bigm Transformation completed in 0 s
		 - Constructing Arc STORAGE - SMALL1 completed
			gdp.bigm Transformation...
			gdp.bigm Transformation completed in 0 s
		 - Constructing Arc STORAGE - SMALL2 completed
			gdp.bigm Transformation...
			gdp.bigm Transformation completed in 0 s
		 - Constructing Arc STORAGE - SMALL3 completed
			gdp.bigm Transformation...
			gdp.bigm Transformation completed in 0 s
		 - Constructing Arc STORAGE - SMALL4 completed
	 - Constructing Network hydrogenPipelineOnshore_highP completed
			gdp.bigm Transformation...
			gdp.bigm Transformation completed in 78 s
	 - Adding Technology Electrolyzer_big
			gdp.bigm Transformation...
			gdp.bigm Transformation completed in 0 s
	 - Adding Technology Storage_H2_highP
			gdp.bigm Transformation...
			gdp.bigm Transformation completed in 4 s
	 - Adding Compressor hydrogen_Compressor_hydrogenPipelineOnshore_lowP_hydrogenPipelineOnshore_lowP
	 - Adding Compressor hydrogen_Compressor_hydrogenPipelineOnshore_lowP_hydrogenPipelineOnshore_highP
	 - Adding Compressor hydrogen_Compressor_hydrogenPipelineOnshore_lowP_Storage_H2_highP
	 - Adding Compressor hydrogen_Compressor_hydrogenPipelineOnshore_lowP_Demand
	 - Adding Compressor hydrogen_Compressor_hydrogenPipelineOnshore_highP_hydrogenPipelineOnshore_lowP
	 - Adding Compressor hydrogen_Compressor_hydrogenPipelineOnshore_highP_hydrogenPipelineOnshore_highP
	 - Adding Compressor hydrogen_Compressor_hydrogenPipelineOnshore_highP_Storage_H2_highP
	 - Adding Compressor hydrogen_Compressor_hydrogenPipelineOnshore_highP_Demand
	 - Adding Compressor hydrogen_Compressor_Electrolyzer_big_hydrogenPipelineOnshore_lowP
	 - Adding Compressor hydrogen_Compressor_Electrolyzer_big_hydrogenPipelineOnshore_highP
	 - Adding Compressor hydrogen_Compressor_Electrolyzer_big_Storage_H2_highP
	 - Adding Compressor hydrogen_Compressor_Electrolyzer_big_Demand
	 - Adding Compressor hydrogen_Compressor_Storage_H2_highP_hydrogenPipelineOnshore_lowP
	 - Adding Compressor hydrogen_Compressor_Storage_H2_highP_hydrogenPipelineOnshore_highP
	 - Adding Compressor hydrogen_Compressor_Storage_H2_highP_Storage_H2_highP
	 - Adding Compressor hydrogen_Compressor_Storage_H2_highP_Demand
	 - Adding Compressor hydrogen_Compressor_Import_hydrogenPipelineOnshore_lowP
	 - Adding Compressor hydrogen_Compressor_Import_hydrogenPipelineOnshore_highP
	 - Adding Compressor hydrogen_Compressor_Import_Storage_H2_highP
	 - Adding Compressor hydrogen_Compressor_Import_Demand_existing
	 - Adding Technology Electrolyzer_big
			gdp.bigm Transformation...
			gdp.bigm Transformation completed in 0 s
	 - Adding Technology Storage_H2_highP
			gdp.bigm Transformation...
			gdp.bigm Transformation completed in 4 s
	 - Adding Compressor hydrogen_Compressor_hydrogenPipelineOnshore_lowP_hydrogenPipelineOnshore_lowP
	 - Adding Compressor hydrogen_Compressor_hydrogenPipelineOnshore_lowP_hydrogenPipelineOnshore_highP
	 - Adding Compressor hydrogen_Compressor_hydrogenPipelineOnshore_lowP_Storage_H2_highP
	 - Adding Compressor hydrogen_Compressor_hydrogenPipelineOnshore_lowP_Demand
	 - Adding Compressor hydrogen_Compressor_hydrogenPipelineOnshore_highP_hydrogenPipelineOnshore_lowP
	 - Adding Compressor hydrogen_Compressor_hydrogenPipelineOnshore_highP_hydrogenPipelineOnshore_highP
	 - Adding Compressor hydrogen_Compressor_hydrogenPipelineOnshore_highP_Storage_H2_highP
	 - Adding Compressor hydrogen_Compressor_hydrogenPipelineOnshore_highP_Demand
	 - Adding Compressor hydrogen_Compressor_Electrolyzer_big_hydrogenPipelineOnshore_lowP
	 - Adding Compressor hydrogen_Compressor_Electrolyzer_big_hydrogenPipelineOnshore_highP
	 - Adding Compressor hydrogen_Compressor_Electrolyzer_big_Storage_H2_highP
	 - Adding Compressor hydrogen_Compressor_Electrolyzer_big_Demand
	 - Adding Compressor hydrogen_Compressor_Storage_H2_highP_hydrogenPipelineOnshore_lowP
	 - Adding Compressor hydrogen_Compressor_Storage_H2_highP_hydrogenPipelineOnshore_highP
	 - Adding Compressor hydrogen_Compressor_Storage_H2_highP_Storage_H2_highP
	 - Adding Compressor hydrogen_Compressor_Storage_H2_highP_Demand
	 - Adding Compressor hydrogen_Compressor_Import_hydrogenPipelineOnshore_lowP
	 - Adding Compressor hydrogen_Compressor_Import_hydrogenPipelineOnshore_highP
	 - Adding Compressor hydrogen_Compressor_Import_Storage_H2_highP
	 - Adding Compressor hydrogen_Compressor_Import_Demand_existing
	 - Adding Technology Electrolyzer_small
	 - Adding Technology Storage_H2_lowP
			gdp.bigm Transformation...
			gdp.bigm Transformation completed in 4 s
	 - Adding Compressor hydrogen_Compressor_hydrogenPipelineOnshore_lowP_hydrogenPipelineOnshore_lowP
	 - Adding Compressor hydrogen_Compressor_hydrogenPipelineOnshore_lowP_hydrogenPipelineOnshore_highP
	 - Adding Compressor hydrogen_Compressor_hydrogenPipelineOnshore_lowP_Storage_H2_lowP
	 - Adding Compressor hydrogen_Compressor_hydrogenPipelineOnshore_lowP_Demand
	 - Adding Compressor hydrogen_Compressor_hydrogenPipelineOnshore_highP_hydrogenPipelineOnshore_lowP
	 - Adding Compressor hydrogen_Compressor_hydrogenPipelineOnshore_highP_hydrogenPipelineOnshore_highP
	 - Adding Compressor hydrogen_Compressor_hydrogenPipelineOnshore_highP_Storage_H2_lowP
	 - Adding Compressor hydrogen_Compressor_hydrogenPipelineOnshore_highP_Demand
	 - Adding Compressor hydrogen_Compressor_Electrolyzer_small_hydrogenPipelineOnshore_lowP
	 - Adding Compressor hydrogen_Compressor_Electrolyzer_small_hydrogenPipelineOnshore_highP
	 - Adding Compressor hydrogen_Compressor_Electrolyzer_small_Storage_H2_lowP
	 - Adding Compressor hydrogen_Compressor_Electrolyzer_small_Demand
	 - Adding Compressor hydrogen_Compressor_Storage_H2_lowP_hydrogenPipelineOnshore_lowP
	 - Adding Compressor hydrogen_Compressor_Storage_H2_lowP_hydrogenPipelineOnshore_highP
	 - Adding Compressor hydrogen_Compressor_Storage_H2_lowP_Storage_H2_lowP
	 - Adding Compressor hydrogen_Compressor_Storage_H2_lowP_Demand
	 - Adding Technology Electrolyzer_small
	 - Adding Technology Storage_H2_lowP
			gdp.bigm Transformation...
			gdp.bigm Transformation completed in 4 s
	 - Adding Compressor hydrogen_Compressor_hydrogenPipelineOnshore_lowP_hydrogenPipelineOnshore_lowP
	 - Adding Compressor hydrogen_Compressor_hydrogenPipelineOnshore_lowP_hydrogenPipelineOnshore_highP
	 - Adding Compressor hydrogen_Compressor_hydrogenPipelineOnshore_lowP_Storage_H2_lowP
	 - Adding Compressor hydrogen_Compressor_hydrogenPipelineOnshore_lowP_Demand
	 - Adding Compressor hydrogen_Compressor_hydrogenPipelineOnshore_highP_hydrogenPipelineOnshore_lowP
	 - Adding Compressor hydrogen_Compressor_hydrogenPipelineOnshore_highP_hydrogenPipelineOnshore_highP
	 - Adding Compressor hydrogen_Compressor_hydrogenPipelineOnshore_highP_Storage_H2_lowP
	 - Adding Compressor hydrogen_Compressor_hydrogenPipelineOnshore_highP_Demand
	 - Adding Compressor hydrogen_Compressor_Electrolyzer_small_hydrogenPipelineOnshore_lowP
	 - Adding Compressor hydrogen_Compressor_Electrolyzer_small_hydrogenPipelineOnshore_highP
	 - Adding Compressor hydrogen_Compressor_Electrolyzer_small_Storage_H2_lowP
	 - Adding Compressor hydrogen_Compressor_Electrolyzer_small_Demand
	 - Adding Compressor hydrogen_Compressor_Storage_H2_lowP_hydrogenPipelineOnshore_lowP
	 - Adding Compressor hydrogen_Compressor_Storage_H2_lowP_hydrogenPipelineOnshore_highP
	 - Adding Compressor hydrogen_Compressor_Storage_H2_lowP_Storage_H2_lowP
	 - Adding Compressor hydrogen_Compressor_Storage_H2_lowP_Demand
	 - Adding Technology Electrolyzer_small
	 - Adding Technology Storage_H2_lowP
			gdp.bigm Transformation...
			gdp.bigm Transformation completed in 4 s
	 - Adding Compressor hydrogen_Compressor_hydrogenPipelineOnshore_lowP_hydrogenPipelineOnshore_lowP
	 - Adding Compressor hydrogen_Compressor_hydrogenPipelineOnshore_lowP_hydrogenPipelineOnshore_highP
	 - Adding Compressor hydrogen_Compressor_hydrogenPipelineOnshore_lowP_Storage_H2_lowP
	 - Adding Compressor hydrogen_Compressor_hydrogenPipelineOnshore_lowP_Demand
	 - Adding Compressor hydrogen_Compressor_hydrogenPipelineOnshore_highP_hydrogenPipelineOnshore_lowP
	 - Adding Compressor hydrogen_Compressor_hydrogenPipelineOnshore_highP_hydrogenPipelineOnshore_highP
	 - Adding Compressor hydrogen_Compressor_hydrogenPipelineOnshore_highP_Storage_H2_lowP
	 - Adding Compressor hydrogen_Compressor_hydrogenPipelineOnshore_highP_Demand
	 - Adding Compressor hydrogen_Compressor_Electrolyzer_small_hydrogenPipelineOnshore_lowP
	 - Adding Compressor hydrogen_Compressor_Electrolyzer_small_hydrogenPipelineOnshore_highP
	 - Adding Compressor hydrogen_Compressor_Electrolyzer_small_Storage_H2_lowP
	 - Adding Compressor hydrogen_Compressor_Electrolyzer_small_Demand
	 - Adding Compressor hydrogen_Compressor_Storage_H2_lowP_hydrogenPipelineOnshore_lowP
	 - Adding Compressor hydrogen_Compressor_Storage_H2_lowP_hydrogenPipelineOnshore_highP
	 - Adding Compressor hydrogen_Compressor_Storage_H2_lowP_Storage_H2_lowP
	 - Adding Compressor hydrogen_Compressor_Storage_H2_lowP_Demand
	 - Adding Technology Electrolyzer_small
	 - Adding Technology Storage_H2_lowP
			gdp.bigm Transformation...
			gdp.bigm Transformation completed in 4 s
	 - Adding Compressor hydrogen_Compressor_hydrogenPipelineOnshore_lowP_hydrogenPipelineOnshore_lowP
	 - Adding Compressor hydrogen_Compressor_hydrogenPipelineOnshore_lowP_hydrogenPipelineOnshore_highP
	 - Adding Compressor hydrogen_Compressor_hydrogenPipelineOnshore_lowP_Storage_H2_lowP
	 - Adding Compressor hydrogen_Compressor_hydrogenPipelineOnshore_lowP_Demand
	 - Adding Compressor hydrogen_Compressor_hydrogenPipelineOnshore_highP_hydrogenPipelineOnshore_lowP
	 - Adding Compressor hydrogen_Compressor_hydrogenPipelineOnshore_highP_hydrogenPipelineOnshore_highP
	 - Adding Compressor hydrogen_Compressor_hydrogenPipelineOnshore_highP_Storage_H2_lowP
	 - Adding Compressor hydrogen_Compressor_hydrogenPipelineOnshore_highP_Demand
	 - Adding Compressor hydrogen_Compressor_Electrolyzer_small_hydrogenPipelineOnshore_lowP
	 - Adding Compressor hydrogen_Compressor_Electrolyzer_small_hydrogenPipelineOnshore_highP
	 - Adding Compressor hydrogen_Compressor_Electrolyzer_small_Storage_H2_lowP
	 - Adding Compressor hydrogen_Compressor_Electrolyzer_small_Demand
	 - Adding Compressor hydrogen_Compressor_Storage_H2_lowP_hydrogenPipelineOnshore_lowP
	 - Adding Compressor hydrogen_Compressor_Storage_H2_lowP_hydrogenPipelineOnshore_highP
	 - Adding Compressor hydrogen_Compressor_Storage_H2_lowP_Storage_H2_lowP
	 - Adding Compressor hydrogen_Compressor_Storage_H2_lowP_Demand
	 - Adding Technology Storage_H2_Cavern_existing
			gdp.bigm Transformation...
			gdp.bigm Transformation completed in 4 s
	 - Adding Compressor hydrogen_Compressor_hydrogenPipelineOnshore_lowP_hydrogenPipelineOnshore_lowP
	 - Adding Compressor hydrogen_Compressor_hydrogenPipelineOnshore_lowP_hydrogenPipelineOnshore_highP
	 - Adding Compressor hydrogen_Compressor_hydrogenPipelineOnshore_lowP_Storage_H2_Cavern_existing
	 - Adding Compressor hydrogen_Compressor_hydrogenPipelineOnshore_highP_hydrogenPipelineOnshore_lowP
	 - Adding Compressor hydrogen_Compressor_hydrogenPipelineOnshore_highP_hydrogenPipelineOnshore_highP
	 - Adding Compressor hydrogen_Compressor_hydrogenPipelineOnshore_highP_Storage_H2_Cavern_existing
	 - Adding Compressor hydrogen_Compressor_Storage_H2_Cavern_existing_hydrogenPipelineOnshore_lowP
	 - Adding Compressor hydrogen_Compressor_Storage_H2_Cavern_existing_hydrogenPipelineOnshore_highP
	 - Adding Compressor hydrogen_Compressor_Storage_H2_Cavern_existing_Storage_H2_Cavern_existing_existing
Constructing model completed in 445s
Constructing balances...
Constructing balances completed in 17s
Set objective on infrastructure due to willingness to pay
Set parameter OutputFlag to value 1
Set parameter LogFile to value "/gpfs/home3/scur1696/AdOpT-NET0-RegToNation/generic_node_optimization/results/parallel_creation_test_20251123_215646/task_003/t003_parallel_run_0006/userData/20251123220451-1/solver_log.txt"
Solver log file: /gpfs/home3/scur1696/AdOpT-NET0-RegToNation/generic_node_optimization/results/parallel_creation_test_20251123_215646/task_003/t003_parallel_run_0006/userData/20251123220451-1/solver_log.txt
Set parameter TimeLimit to value 180000
Set parameter MIPGap to value 0.01
Set parameter MIPFocus to value 0
Set parameter Threads to value 8
Set parameter NodefileStart to value 60
Set parameter Method to value -1
Set parameter Heuristics to value 0.05
Set parameter Presolve to value 1
Set parameter BranchDir to value 0
Set parameter LPWarmStart to value 0
Set parameter IntFeasTol to value 1e-05
Set parameter FeasibilityTol to value 1e-06
Set parameter Cuts to value -1
Set parameter NumericFocus to value 0
Gurobi Optimizer version 13.0.0 build v13.0.0rc1 (linux64 - "Red Hat Enterprise Linux 9.4 (Plow)")

CPU model: AMD EPYC 9654 96-Core Processor, instruction set [SSE2|AVX|AVX2|AVX512]
Thread count: 192 physical cores, 192 logical processors, using up to 8 threads

Non-default parameters:
TimeLimit  180000
MIPGap  0.01
LPWarmStart  0
NodefileStart  60
Presolve  1
Threads  8

Academic license 2729390 - for non-commercial use only - registered to m.___@uu.nl
Optimize a model with 9050179 rows, 6728544 columns and 21385595 nonzeros (Min)
Model fingerprint: 0x61c48b9b
Model has 1 linear objective coefficients
Variable types: 5869892 continuous, 858652 integer (858652 binary)
Coefficient statistics:
  Matrix range     [2e-03, 2e+08]
  Objective range  [1e+00, 1e+00]
  Bounds range     [5e-02, 6e+08]
  RHS range        [1e+00, 8e+09]
Warning: Model contains large matrix coefficients
Warning: Model contains large rhs
         Consider reformulating model or setting NumericFocus parameter
         to avoid numerical issues.
Gurobi Optimizer version 13.0.0 build v13.0.0rc1 (linux64 - "Red Hat Enterprise Linux 9.4 (Plow)")

CPU model: AMD EPYC 9654 96-Core Processor, instruction set [SSE2|AVX|AVX2|AVX512]
Thread count: 192 physical cores, 192 logical processors, using up to 8 threads

Non-default parameters:
TimeLimit  180000
MIPGap  0.01
LPWarmStart  0
NodefileStart  60
Presolve  1
Threads  8

Academic license 2729390 - for non-commercial use only - registered to m.___@uu.nl
Optimize a model with 9050179 rows, 6728544 columns and 21385595 nonzeros (Min)
Model fingerprint: 0x084d95d6
Model has 1 linear objective coefficients
Variable types: 5869892 continuous, 858652 integer (858652 binary)
Coefficient statistics:
  Matrix range     [2e-03, 2e+08]
  Objective range  [1e+00, 1e+00]
  Bounds range     [5e-02, 6e+08]
  RHS range        [1e+00, 8e+09]
Warning: Model contains large matrix coefficients
Warning: Model contains large rhs
         Consider reformulating model or setting NumericFocus parameter
         to avoid numerical issues.
  [CONFIG] Gurobi default env configured: 8 threads per worker
--- Reading in data ---
Input data folder has been checked successfully - no errors occurred.
--- Reading in data complete ---
--- Constructing Model ---
Constructing Investment Period period1
Constructing Investment Period period1 completed
	 - Constructing Network hydrogenPipelineOnshore_lowP
			gdp.bigm Transformation...
			gdp.bigm Transformation completed in 0 s
		 - Constructing Arc BIG1 - BIG2 completed
			gdp.bigm Transformation...
			gdp.bigm Transformation completed in 0 s
		 - Constructing Arc BIG1 - SMALL1 completed
			gdp.bigm Transformation...
			gdp.bigm Transformation completed in 0 s
		 - Constructing Arc BIG1 - SMALL2 completed
			gdp.bigm Transformation...
			gdp.bigm Transformation completed in 0 s
		 - Constructing Arc BIG1 - SMALL3 completed
			gdp.bigm Transformation...
			gdp.bigm Transformation completed in 0 s
		 - Constructing Arc BIG1 - SMALL4 completed
			gdp.bigm Transformation...
			gdp.bigm Transformation completed in 0 s
		 - Constructing Arc BIG1 - STORAGE completed
			gdp.bigm Transformation...
			gdp.bigm Transformation completed in 0 s
		 - Constructing Arc BIG2 - BIG1 completed
			gdp.bigm Transformation...
			gdp.bigm Transformation completed in 0 s
		 - Constructing Arc BIG2 - SMALL1 completed
			gdp.bigm Transformation...
			gdp.bigm Transformation completed in 0 s
		 - Constructing Arc BIG2 - SMALL2 completed
			gdp.bigm Transformation...
			gdp.bigm Transformation completed in 0 s
		 - Constructing Arc BIG2 - SMALL3 completed
			gdp.bigm Transformation...
			gdp.bigm Transformation completed in 0 s
		 - Constructing Arc BIG2 - SMALL4 completed
			gdp.bigm Transformation...
			gdp.bigm Transformation completed in 0 s
		 - Constructing Arc BIG2 - STORAGE completed
			gdp.bigm Transformation...
			gdp.bigm Transformation completed in 0 s
		 - Constructing Arc SMALL1 - BIG1 completed
			gdp.bigm Transformation...
			gdp.bigm Transformation completed in 0 s
		 - Constructing Arc SMALL1 - BIG2 completed
			gdp.bigm Transformation...
			gdp.bigm Transformation completed in 0 s
		 - Constructing Arc SMALL1 - SMALL2 completed
			gdp.bigm Transformation...
			gdp.bigm Transformation completed in 0 s
		 - Constructing Arc SMALL1 - SMALL3 completed
			gdp.bigm Transformation...
			gdp.bigm Transformation completed in 0 s
		 - Constructing Arc SMALL1 - SMALL4 completed
			gdp.bigm Transformation...
			gdp.bigm Transformation completed in 0 s
		 - Constructing Arc SMALL1 - STORAGE completed
			gdp.bigm Transformation...
			gdp.bigm Transformation completed in 0 s
		 - Constructing Arc SMALL2 - BIG1 completed
			gdp.bigm Transformation...
			gdp.bigm Transformation completed in 0 s
		 - Constructing Arc SMALL2 - BIG2 completed
			gdp.bigm Transformation...
			gdp.bigm Transformation completed in 0 s
		 - Constructing Arc SMALL2 - SMALL1 completed
			gdp.bigm Transformation...
			gdp.bigm Transformation completed in 0 s
		 - Constructing Arc SMALL2 - SMALL3 completed
			gdp.bigm Transformation...
			gdp.bigm Transformation completed in 0 s
		 - Constructing Arc SMALL2 - SMALL4 completed
			gdp.bigm Transformation...
			gdp.bigm Transformation completed in 0 s
		 - Constructing Arc SMALL2 - STORAGE completed
			gdp.bigm Transformation...
			gdp.bigm Transformation completed in 0 s
		 - Constructing Arc SMALL3 - BIG1 completed
			gdp.bigm Transformation...
			gdp.bigm Transformation completed in 0 s
		 - Constructing Arc SMALL3 - BIG2 completed
			gdp.bigm Transformation...
			gdp.bigm Transformation completed in 0 s
		 - Constructing Arc SMALL3 - SMALL1 completed
			gdp.bigm Transformation...
			gdp.bigm Transformation completed in 0 s
		 - Constructing Arc SMALL3 - SMALL2 completed
			gdp.bigm Transformation...
			gdp.bigm Transformation completed in 0 s
		 - Constructing Arc SMALL3 - SMALL4 completed
			gdp.bigm Transformation...
			gdp.bigm Transformation completed in 0 s
		 - Constructing Arc SMALL3 - STORAGE completed
			gdp.bigm Transformation...
			gdp.bigm Transformation completed in 0 s
		 - Constructing Arc SMALL4 - BIG1 completed
			gdp.bigm Transformation...
			gdp.bigm Transformation completed in 0 s
		 - Constructing Arc SMALL4 - BIG2 completed
			gdp.bigm Transformation...
			gdp.bigm Transformation completed in 0 s
		 - Constructing Arc SMALL4 - SMALL1 completed
			gdp.bigm Transformation...
			gdp.bigm Transformation completed in 0 s
		 - Constructing Arc SMALL4 - SMALL2 completed
			gdp.bigm Transformation...
			gdp.bigm Transformation completed in 0 s
		 - Constructing Arc SMALL4 - SMALL3 completed
			gdp.bigm Transformation...
			gdp.bigm Transformation completed in 0 s
		 - Constructing Arc SMALL4 - STORAGE completed
			gdp.bigm Transformation...
			gdp.bigm Transformation completed in 0 s
		 - Constructing Arc STORAGE - BIG1 completed
			gdp.bigm Transformation...
			gdp.bigm Transformation completed in 0 s
		 - Constructing Arc STORAGE - BIG2 completed
			gdp.bigm Transformation...
			gdp.bigm Transformation completed in 0 s
		 - Constructing Arc STORAGE - SMALL1 completed
			gdp.bigm Transformation...
			gdp.bigm Transformation completed in 0 s
		 - Constructing Arc STORAGE - SMALL2 completed
			gdp.bigm Transformation...
			gdp.bigm Transformation completed in 0 s
		 - Constructing Arc STORAGE - SMALL3 completed
			gdp.bigm Transformation...
			gdp.bigm Transformation completed in 0 s
		 - Constructing Arc STORAGE - SMALL4 completed
	 - Constructing Network hydrogenPipelineOnshore_lowP completed
			gdp.bigm Transformation...
			gdp.bigm Transformation completed in 77 s
	 - Constructing Network hydrogenPipelineOnshore_highP
			gdp.bigm Transformation...
			gdp.bigm Transformation completed in 0 s
		 - Constructing Arc BIG1 - BIG2 completed
			gdp.bigm Transformation...
			gdp.bigm Transformation completed in 0 s
		 - Constructing Arc BIG1 - SMALL1 completed
			gdp.bigm Transformation...
			gdp.bigm Transformation completed in 0 s
		 - Constructing Arc BIG1 - SMALL2 completed
			gdp.bigm Transformation...
			gdp.bigm Transformation completed in 0 s
		 - Constructing Arc BIG1 - SMALL3 completed
			gdp.bigm Transformation...
			gdp.bigm Transformation completed in 0 s
		 - Constructing Arc BIG1 - SMALL4 completed
			gdp.bigm Transformation...
			gdp.bigm Transformation completed in 0 s
		 - Constructing Arc BIG1 - STORAGE completed
			gdp.bigm Transformation...
			gdp.bigm Transformation completed in 0 s
		 - Constructing Arc BIG2 - BIG1 completed
			gdp.bigm Transformation...
			gdp.bigm Transformation completed in 0 s
		 - Constructing Arc BIG2 - SMALL1 completed
			gdp.bigm Transformation...
			gdp.bigm Transformation completed in 0 s
		 - Constructing Arc BIG2 - SMALL2 completed
			gdp.bigm Transformation...
			gdp.bigm Transformation completed in 0 s
		 - Constructing Arc BIG2 - SMALL3 completed
			gdp.bigm Transformation...
			gdp.bigm Transformation completed in 0 s
		 - Constructing Arc BIG2 - SMALL4 completed
			gdp.bigm Transformation...
			gdp.bigm Transformation completed in 0 s
		 - Constructing Arc BIG2 - STORAGE completed
			gdp.bigm Transformation...
			gdp.bigm Transformation completed in 0 s
		 - Constructing Arc SMALL1 - BIG1 completed
			gdp.bigm Transformation...
			gdp.bigm Transformation completed in 0 s
		 - Constructing Arc SMALL1 - BIG2 completed
			gdp.bigm Transformation...
			gdp.bigm Transformation completed in 0 s
		 - Constructing Arc SMALL1 - SMALL2 completed
			gdp.bigm Transformation...
			gdp.bigm Transformation completed in 0 s
		 - Constructing Arc SMALL1 - SMALL3 completed
			gdp.bigm Transformation...
			gdp.bigm Transformation completed in 0 s
		 - Constructing Arc SMALL1 - SMALL4 completed
			gdp.bigm Transformation...
			gdp.bigm Transformation completed in 0 s
		 - Constructing Arc SMALL1 - STORAGE completed
			gdp.bigm Transformation...
			gdp.bigm Transformation completed in 0 s
		 - Constructing Arc SMALL2 - BIG1 completed
			gdp.bigm Transformation...
			gdp.bigm Transformation completed in 0 s
		 - Constructing Arc SMALL2 - BIG2 completed
			gdp.bigm Transformation...
			gdp.bigm Transformation completed in 0 s
		 - Constructing Arc SMALL2 - SMALL1 completed
			gdp.bigm Transformation...
			gdp.bigm Transformation completed in 0 s
		 - Constructing Arc SMALL2 - SMALL3 completed
			gdp.bigm Transformation...
			gdp.bigm Transformation completed in 0 s
		 - Constructing Arc SMALL2 - SMALL4 completed
			gdp.bigm Transformation...
			gdp.bigm Transformation completed in 0 s
		 - Constructing Arc SMALL2 - STORAGE completed
			gdp.bigm Transformation...
			gdp.bigm Transformation completed in 0 s
		 - Constructing Arc SMALL3 - BIG1 completed
			gdp.bigm Transformation...
			gdp.bigm Transformation completed in 0 s
		 - Constructing Arc SMALL3 - BIG2 completed
			gdp.bigm Transformation...
			gdp.bigm Transformation completed in 0 s
		 - Constructing Arc SMALL3 - SMALL1 completed
			gdp.bigm Transformation...
			gdp.bigm Transformation completed in 0 s
		 - Constructing Arc SMALL3 - SMALL2 completed
			gdp.bigm Transformation...
			gdp.bigm Transformation completed in 0 s
		 - Constructing Arc SMALL3 - SMALL4 completed
			gdp.bigm Transformation...
			gdp.bigm Transformation completed in 0 s
		 - Constructing Arc SMALL3 - STORAGE completed
			gdp.bigm Transformation...
			gdp.bigm Transformation completed in 0 s
		 - Constructing Arc SMALL4 - BIG1 completed
			gdp.bigm Transformation...
			gdp.bigm Transformation completed in 0 s
		 - Constructing Arc SMALL4 - BIG2 completed
			gdp.bigm Transformation...
			gdp.bigm Transformation completed in 0 s
		 - Constructing Arc SMALL4 - SMALL1 completed
			gdp.bigm Transformation...
			gdp.bigm Transformation completed in 0 s
		 - Constructing Arc SMALL4 - SMALL2 completed
			gdp.bigm Transformation...
			gdp.bigm Transformation completed in 0 s
		 - Constructing Arc SMALL4 - SMALL3 completed
			gdp.bigm Transformation...
			gdp.bigm Transformation completed in 0 s
		 - Constructing Arc SMALL4 - STORAGE completed
			gdp.bigm Transformation...
			gdp.bigm Transformation completed in 0 s
		 - Constructing Arc STORAGE - BIG1 completed
			gdp.bigm Transformation...
			gdp.bigm Transformation completed in 0 s
		 - Constructing Arc STORAGE - BIG2 completed
			gdp.bigm Transformation...
			gdp.bigm Transformation completed in 0 s
		 - Constructing Arc STORAGE - SMALL1 completed
			gdp.bigm Transformation...
			gdp.bigm Transformation completed in 0 s
		 - Constructing Arc STORAGE - SMALL2 completed
			gdp.bigm Transformation...
			gdp.bigm Transformation completed in 0 s
		 - Constructing Arc STORAGE - SMALL3 completed
			gdp.bigm Transformation...
			gdp.bigm Transformation completed in 0 s
		 - Constructing Arc STORAGE - SMALL4 completed
	 - Constructing Network hydrogenPipelineOnshore_highP completed
			gdp.bigm Transformation...
			gdp.bigm Transformation completed in 77 s
	 - Adding Technology Electrolyzer_big
			gdp.bigm Transformation...
			gdp.bigm Transformation completed in 0 s
	 - Adding Technology Storage_H2_highP
			gdp.bigm Transformation...
			gdp.bigm Transformation completed in 4 s
	 - Adding Compressor hydrogen_Compressor_hydrogenPipelineOnshore_lowP_hydrogenPipelineOnshore_lowP
	 - Adding Compressor hydrogen_Compressor_hydrogenPipelineOnshore_lowP_hydrogenPipelineOnshore_highP
	 - Adding Compressor hydrogen_Compressor_hydrogenPipelineOnshore_lowP_Storage_H2_highP
	 - Adding Compressor hydrogen_Compressor_hydrogenPipelineOnshore_lowP_Demand
	 - Adding Compressor hydrogen_Compressor_hydrogenPipelineOnshore_highP_hydrogenPipelineOnshore_lowP
	 - Adding Compressor hydrogen_Compressor_hydrogenPipelineOnshore_highP_hydrogenPipelineOnshore_highP
	 - Adding Compressor hydrogen_Compressor_hydrogenPipelineOnshore_highP_Storage_H2_highP
	 - Adding Compressor hydrogen_Compressor_hydrogenPipelineOnshore_highP_Demand
	 - Adding Compressor hydrogen_Compressor_Electrolyzer_big_hydrogenPipelineOnshore_lowP
	 - Adding Compressor hydrogen_Compressor_Electrolyzer_big_hydrogenPipelineOnshore_highP
	 - Adding Compressor hydrogen_Compressor_Electrolyzer_big_Storage_H2_highP
	 - Adding Compressor hydrogen_Compressor_Electrolyzer_big_Demand
	 - Adding Compressor hydrogen_Compressor_Storage_H2_highP_hydrogenPipelineOnshore_lowP
	 - Adding Compressor hydrogen_Compressor_Storage_H2_highP_hydrogenPipelineOnshore_highP
	 - Adding Compressor hydrogen_Compressor_Storage_H2_highP_Storage_H2_highP
	 - Adding Compressor hydrogen_Compressor_Storage_H2_highP_Demand
	 - Adding Compressor hydrogen_Compressor_Import_hydrogenPipelineOnshore_lowP
	 - Adding Compressor hydrogen_Compressor_Import_hydrogenPipelineOnshore_highP
	 - Adding Compressor hydrogen_Compressor_Import_Storage_H2_highP
	 - Adding Compressor hydrogen_Compressor_Import_Demand_existing
	 - Adding Technology Electrolyzer_big
			gdp.bigm Transformation...
			gdp.bigm Transformation completed in 0 s
	 - Adding Technology Storage_H2_highP
			gdp.bigm Transformation...
			gdp.bigm Transformation completed in 4 s
	 - Adding Compressor hydrogen_Compressor_hydrogenPipelineOnshore_lowP_hydrogenPipelineOnshore_lowP
	 - Adding Compressor hydrogen_Compressor_hydrogenPipelineOnshore_lowP_hydrogenPipelineOnshore_highP
	 - Adding Compressor hydrogen_Compressor_hydrogenPipelineOnshore_lowP_Storage_H2_highP
	 - Adding Compressor hydrogen_Compressor_hydrogenPipelineOnshore_lowP_Demand
	 - Adding Compressor hydrogen_Compressor_hydrogenPipelineOnshore_highP_hydrogenPipelineOnshore_lowP
	 - Adding Compressor hydrogen_Compressor_hydrogenPipelineOnshore_highP_hydrogenPipelineOnshore_highP
	 - Adding Compressor hydrogen_Compressor_hydrogenPipelineOnshore_highP_Storage_H2_highP
	 - Adding Compressor hydrogen_Compressor_hydrogenPipelineOnshore_highP_Demand
	 - Adding Compressor hydrogen_Compressor_Electrolyzer_big_hydrogenPipelineOnshore_lowP
	 - Adding Compressor hydrogen_Compressor_Electrolyzer_big_hydrogenPipelineOnshore_highP
	 - Adding Compressor hydrogen_Compressor_Electrolyzer_big_Storage_H2_highP
	 - Adding Compressor hydrogen_Compressor_Electrolyzer_big_Demand
	 - Adding Compressor hydrogen_Compressor_Storage_H2_highP_hydrogenPipelineOnshore_lowP
	 - Adding Compressor hydrogen_Compressor_Storage_H2_highP_hydrogenPipelineOnshore_highP
	 - Adding Compressor hydrogen_Compressor_Storage_H2_highP_Storage_H2_highP
	 - Adding Compressor hydrogen_Compressor_Storage_H2_highP_Demand
	 - Adding Compressor hydrogen_Compressor_Import_hydrogenPipelineOnshore_lowP
	 - Adding Compressor hydrogen_Compressor_Import_hydrogenPipelineOnshore_highP
	 - Adding Compressor hydrogen_Compressor_Import_Storage_H2_highP
	 - Adding Compressor hydrogen_Compressor_Import_Demand_existing
	 - Adding Technology Electrolyzer_small
	 - Adding Technology Storage_H2_lowP
			gdp.bigm Transformation...
			gdp.bigm Transformation completed in 4 s
	 - Adding Compressor hydrogen_Compressor_hydrogenPipelineOnshore_lowP_hydrogenPipelineOnshore_lowP
	 - Adding Compressor hydrogen_Compressor_hydrogenPipelineOnshore_lowP_hydrogenPipelineOnshore_highP
	 - Adding Compressor hydrogen_Compressor_hydrogenPipelineOnshore_lowP_Storage_H2_lowP
	 - Adding Compressor hydrogen_Compressor_hydrogenPipelineOnshore_lowP_Demand
	 - Adding Compressor hydrogen_Compressor_hydrogenPipelineOnshore_highP_hydrogenPipelineOnshore_lowP
	 - Adding Compressor hydrogen_Compressor_hydrogenPipelineOnshore_highP_hydrogenPipelineOnshore_highP
	 - Adding Compressor hydrogen_Compressor_hydrogenPipelineOnshore_highP_Storage_H2_lowP
	 - Adding Compressor hydrogen_Compressor_hydrogenPipelineOnshore_highP_Demand
	 - Adding Compressor hydrogen_Compressor_Electrolyzer_small_hydrogenPipelineOnshore_lowP
	 - Adding Compressor hydrogen_Compressor_Electrolyzer_small_hydrogenPipelineOnshore_highP
	 - Adding Compressor hydrogen_Compressor_Electrolyzer_small_Storage_H2_lowP
	 - Adding Compressor hydrogen_Compressor_Electrolyzer_small_Demand
	 - Adding Compressor hydrogen_Compressor_Storage_H2_lowP_hydrogenPipelineOnshore_lowP
	 - Adding Compressor hydrogen_Compressor_Storage_H2_lowP_hydrogenPipelineOnshore_highP
	 - Adding Compressor hydrogen_Compressor_Storage_H2_lowP_Storage_H2_lowP
	 - Adding Compressor hydrogen_Compressor_Storage_H2_lowP_Demand
	 - Adding Technology Electrolyzer_small
	 - Adding Technology Storage_H2_lowP
			gdp.bigm Transformation...
			gdp.bigm Transformation completed in 4 s
	 - Adding Compressor hydrogen_Compressor_hydrogenPipelineOnshore_lowP_hydrogenPipelineOnshore_lowP
	 - Adding Compressor hydrogen_Compressor_hydrogenPipelineOnshore_lowP_hydrogenPipelineOnshore_highP
	 - Adding Compressor hydrogen_Compressor_hydrogenPipelineOnshore_lowP_Storage_H2_lowP
	 - Adding Compressor hydrogen_Compressor_hydrogenPipelineOnshore_lowP_Demand
	 - Adding Compressor hydrogen_Compressor_hydrogenPipelineOnshore_highP_hydrogenPipelineOnshore_lowP
	 - Adding Compressor hydrogen_Compressor_hydrogenPipelineOnshore_highP_hydrogenPipelineOnshore_highP
	 - Adding Compressor hydrogen_Compressor_hydrogenPipelineOnshore_highP_Storage_H2_lowP
	 - Adding Compressor hydrogen_Compressor_hydrogenPipelineOnshore_highP_Demand
	 - Adding Compressor hydrogen_Compressor_Electrolyzer_small_hydrogenPipelineOnshore_lowP
	 - Adding Compressor hydrogen_Compressor_Electrolyzer_small_hydrogenPipelineOnshore_highP
	 - Adding Compressor hydrogen_Compressor_Electrolyzer_small_Storage_H2_lowP
	 - Adding Compressor hydrogen_Compressor_Electrolyzer_small_Demand
	 - Adding Compressor hydrogen_Compressor_Storage_H2_lowP_hydrogenPipelineOnshore_lowP
	 - Adding Compressor hydrogen_Compressor_Storage_H2_lowP_hydrogenPipelineOnshore_highP
	 - Adding Compressor hydrogen_Compressor_Storage_H2_lowP_Storage_H2_lowP
	 - Adding Compressor hydrogen_Compressor_Storage_H2_lowP_Demand
	 - Adding Technology Electrolyzer_small
	 - Adding Technology Storage_H2_lowP
			gdp.bigm Transformation...
			gdp.bigm Transformation completed in 4 s
	 - Adding Compressor hydrogen_Compressor_hydrogenPipelineOnshore_lowP_hydrogenPipelineOnshore_lowP
	 - Adding Compressor hydrogen_Compressor_hydrogenPipelineOnshore_lowP_hydrogenPipelineOnshore_highP
	 - Adding Compressor hydrogen_Compressor_hydrogenPipelineOnshore_lowP_Storage_H2_lowP
	 - Adding Compressor hydrogen_Compressor_hydrogenPipelineOnshore_lowP_Demand
	 - Adding Compressor hydrogen_Compressor_hydrogenPipelineOnshore_highP_hydrogenPipelineOnshore_lowP
	 - Adding Compressor hydrogen_Compressor_hydrogenPipelineOnshore_highP_hydrogenPipelineOnshore_highP
	 - Adding Compressor hydrogen_Compressor_hydrogenPipelineOnshore_highP_Storage_H2_lowP
	 - Adding Compressor hydrogen_Compressor_hydrogenPipelineOnshore_highP_Demand
	 - Adding Compressor hydrogen_Compressor_Electrolyzer_small_hydrogenPipelineOnshore_lowP
	 - Adding Compressor hydrogen_Compressor_Electrolyzer_small_hydrogenPipelineOnshore_highP
	 - Adding Compressor hydrogen_Compressor_Electrolyzer_small_Storage_H2_lowP
	 - Adding Compressor hydrogen_Compressor_Electrolyzer_small_Demand
	 - Adding Compressor hydrogen_Compressor_Storage_H2_lowP_hydrogenPipelineOnshore_lowP
	 - Adding Compressor hydrogen_Compressor_Storage_H2_lowP_hydrogenPipelineOnshore_highP
	 - Adding Compressor hydrogen_Compressor_Storage_H2_lowP_Storage_H2_lowP
	 - Adding Compressor hydrogen_Compressor_Storage_H2_lowP_Demand
	 - Adding Technology Electrolyzer_small
	 - Adding Technology Storage_H2_lowP
			gdp.bigm Transformation...
			gdp.bigm Transformation completed in 4 s
	 - Adding Compressor hydrogen_Compressor_hydrogenPipelineOnshore_lowP_hydrogenPipelineOnshore_lowP
	 - Adding Compressor hydrogen_Compressor_hydrogenPipelineOnshore_lowP_hydrogenPipelineOnshore_highP
	 - Adding Compressor hydrogen_Compressor_hydrogenPipelineOnshore_lowP_Storage_H2_lowP
	 - Adding Compressor hydrogen_Compressor_hydrogenPipelineOnshore_lowP_Demand
	 - Adding Compressor hydrogen_Compressor_hydrogenPipelineOnshore_highP_hydrogenPipelineOnshore_lowP
	 - Adding Compressor hydrogen_Compressor_hydrogenPipelineOnshore_highP_hydrogenPipelineOnshore_highP
	 - Adding Compressor hydrogen_Compressor_hydrogenPipelineOnshore_highP_Storage_H2_lowP
	 - Adding Compressor hydrogen_Compressor_hydrogenPipelineOnshore_highP_Demand
	 - Adding Compressor hydrogen_Compressor_Electrolyzer_small_hydrogenPipelineOnshore_lowP
	 - Adding Compressor hydrogen_Compressor_Electrolyzer_small_hydrogenPipelineOnshore_highP
	 - Adding Compressor hydrogen_Compressor_Electrolyzer_small_Storage_H2_lowP
	 - Adding Compressor hydrogen_Compressor_Electrolyzer_small_Demand
	 - Adding Compressor hydrogen_Compressor_Storage_H2_lowP_hydrogenPipelineOnshore_lowP
	 - Adding Compressor hydrogen_Compressor_Storage_H2_lowP_hydrogenPipelineOnshore_highP
	 - Adding Compressor hydrogen_Compressor_Storage_H2_lowP_Storage_H2_lowP
	 - Adding Compressor hydrogen_Compressor_Storage_H2_lowP_Demand
	 - Adding Technology Storage_H2_Cavern_existing
			gdp.bigm Transformation...
			gdp.bigm Transformation completed in 4 s
	 - Adding Compressor hydrogen_Compressor_hydrogenPipelineOnshore_lowP_hydrogenPipelineOnshore_lowP
	 - Adding Compressor hydrogen_Compressor_hydrogenPipelineOnshore_lowP_hydrogenPipelineOnshore_highP
	 - Adding Compressor hydrogen_Compressor_hydrogenPipelineOnshore_lowP_Storage_H2_Cavern_existing
	 - Adding Compressor hydrogen_Compressor_hydrogenPipelineOnshore_highP_hydrogenPipelineOnshore_lowP
	 - Adding Compressor hydrogen_Compressor_hydrogenPipelineOnshore_highP_hydrogenPipelineOnshore_highP
	 - Adding Compressor hydrogen_Compressor_hydrogenPipelineOnshore_highP_Storage_H2_Cavern_existing
	 - Adding Compressor hydrogen_Compressor_Storage_H2_Cavern_existing_hydrogenPipelineOnshore_lowP
	 - Adding Compressor hydrogen_Compressor_Storage_H2_Cavern_existing_hydrogenPipelineOnshore_highP
	 - Adding Compressor hydrogen_Compressor_Storage_H2_Cavern_existing_Storage_H2_Cavern_existing_existing
Constructing model completed in 443s
Constructing balances...
Constructing balances completed in 17s
Set objective on infrastructure due to willingness to pay
Set parameter OutputFlag to value 1
Set parameter LogFile to value "/gpfs/home3/scur1696/AdOpT-NET0-RegToNation/generic_node_optimization/results/parallel_creation_test_20251123_215646/task_003/t003_parallel_run_0008/userData/20251123220449-1/solver_log.txt"
Solver log file: /gpfs/home3/scur1696/AdOpT-NET0-RegToNation/generic_node_optimization/results/parallel_creation_test_20251123_215646/task_003/t003_parallel_run_0008/userData/20251123220449-1/solver_log.txt
Set parameter TimeLimit to value 180000
Set parameter MIPGap to value 0.01
Set parameter MIPFocus to value 0
Set parameter Threads to value 8
Set parameter NodefileStart to value 60
Set parameter Method to value -1
Set parameter Heuristics to value 0.05
Set parameter Presolve to value 1
Set parameter BranchDir to value 0
Set parameter LPWarmStart to value 0
Set parameter IntFeasTol to value 1e-05
Set parameter FeasibilityTol to value 1e-06
Set parameter Cuts to value -1
Set parameter NumericFocus to value 0
Presolve removed 5361748 rows and 3924941 columns (presolve time = 5s)...
Gurobi Optimizer version 13.0.0 build v13.0.0rc1 (linux64 - "Red Hat Enterprise Linux 9.4 (Plow)")

CPU model: AMD EPYC 9654 96-Core Processor, instruction set [SSE2|AVX|AVX2|AVX512]
Thread count: 192 physical cores, 192 logical processors, using up to 8 threads

Non-default parameters:
TimeLimit  180000
MIPGap  0.01
LPWarmStart  0
NodefileStart  60
Presolve  1
Threads  8

Academic license 2729390 - for non-commercial use only - registered to m.___@uu.nl
Optimize a model with 9050179 rows, 6728544 columns and 21385595 nonzeros (Min)
Model fingerprint: 0x6cdeafd6
Model has 1 linear objective coefficients
Variable types: 5869892 continuous, 858652 integer (858652 binary)
Coefficient statistics:
  Matrix range     [2e-03, 2e+08]
  Objective range  [1e+00, 1e+00]
  Bounds range     [5e-02, 6e+08]
  RHS range        [1e+00, 9e+09]
Warning: Model contains large matrix coefficients
Warning: Model contains large rhs
         Consider reformulating model or setting NumericFocus parameter
         to avoid numerical issues.
  [CONFIG] Gurobi default env configured: 8 threads per worker
--- Reading in data ---
Input data folder has been checked successfully - no errors occurred.
--- Reading in data complete ---
--- Constructing Model ---
Constructing Investment Period period1
Constructing Investment Period period1 completed
	 - Constructing Network hydrogenPipelineOnshore_lowP
			gdp.bigm Transformation...
			gdp.bigm Transformation completed in 0 s
		 - Constructing Arc BIG1 - BIG2 completed
			gdp.bigm Transformation...
			gdp.bigm Transformation completed in 0 s
		 - Constructing Arc BIG1 - SMALL1 completed
			gdp.bigm Transformation...
			gdp.bigm Transformation completed in 0 s
		 - Constructing Arc BIG1 - SMALL2 completed
			gdp.bigm Transformation...
			gdp.bigm Transformation completed in 0 s
		 - Constructing Arc BIG1 - SMALL3 completed
			gdp.bigm Transformation...
			gdp.bigm Transformation completed in 0 s
		 - Constructing Arc BIG1 - SMALL4 completed
			gdp.bigm Transformation...
			gdp.bigm Transformation completed in 0 s
		 - Constructing Arc BIG1 - STORAGE completed
			gdp.bigm Transformation...
			gdp.bigm Transformation completed in 0 s
		 - Constructing Arc BIG2 - BIG1 completed
			gdp.bigm Transformation...
			gdp.bigm Transformation completed in 0 s
		 - Constructing Arc BIG2 - SMALL1 completed
			gdp.bigm Transformation...
			gdp.bigm Transformation completed in 0 s
		 - Constructing Arc BIG2 - SMALL2 completed
			gdp.bigm Transformation...
			gdp.bigm Transformation completed in 0 s
		 - Constructing Arc BIG2 - SMALL3 completed
			gdp.bigm Transformation...
			gdp.bigm Transformation completed in 0 s
		 - Constructing Arc BIG2 - SMALL4 completed
			gdp.bigm Transformation...
			gdp.bigm Transformation completed in 0 s
		 - Constructing Arc BIG2 - STORAGE completed
			gdp.bigm Transformation...
			gdp.bigm Transformation completed in 0 s
		 - Constructing Arc SMALL1 - BIG1 completed
			gdp.bigm Transformation...
			gdp.bigm Transformation completed in 0 s
		 - Constructing Arc SMALL1 - BIG2 completed
			gdp.bigm Transformation...
			gdp.bigm Transformation completed in 0 s
		 - Constructing Arc SMALL1 - SMALL2 completed
			gdp.bigm Transformation...
			gdp.bigm Transformation completed in 0 s
		 - Constructing Arc SMALL1 - SMALL3 completed
			gdp.bigm Transformation...
			gdp.bigm Transformation completed in 0 s
		 - Constructing Arc SMALL1 - SMALL4 completed
			gdp.bigm Transformation...
			gdp.bigm Transformation completed in 0 s
		 - Constructing Arc SMALL1 - STORAGE completed
			gdp.bigm Transformation...
			gdp.bigm Transformation completed in 0 s
		 - Constructing Arc SMALL2 - BIG1 completed
			gdp.bigm Transformation...
			gdp.bigm Transformation completed in 0 s
		 - Constructing Arc SMALL2 - BIG2 completed
			gdp.bigm Transformation...
			gdp.bigm Transformation completed in 0 s
		 - Constructing Arc SMALL2 - SMALL1 completed
			gdp.bigm Transformation...
			gdp.bigm Transformation completed in 0 s
		 - Constructing Arc SMALL2 - SMALL3 completed
			gdp.bigm Transformation...
			gdp.bigm Transformation completed in 0 s
		 - Constructing Arc SMALL2 - SMALL4 completed
			gdp.bigm Transformation...
			gdp.bigm Transformation completed in 0 s
		 - Constructing Arc SMALL2 - STORAGE completed
			gdp.bigm Transformation...
			gdp.bigm Transformation completed in 0 s
		 - Constructing Arc SMALL3 - BIG1 completed
			gdp.bigm Transformation...
			gdp.bigm Transformation completed in 0 s
		 - Constructing Arc SMALL3 - BIG2 completed
			gdp.bigm Transformation...
			gdp.bigm Transformation completed in 0 s
		 - Constructing Arc SMALL3 - SMALL1 completed
			gdp.bigm Transformation...
			gdp.bigm Transformation completed in 0 s
		 - Constructing Arc SMALL3 - SMALL2 completed
			gdp.bigm Transformation...
			gdp.bigm Transformation completed in 0 s
		 - Constructing Arc SMALL3 - SMALL4 completed
			gdp.bigm Transformation...
			gdp.bigm Transformation completed in 0 s
		 - Constructing Arc SMALL3 - STORAGE completed
			gdp.bigm Transformation...
			gdp.bigm Transformation completed in 0 s
		 - Constructing Arc SMALL4 - BIG1 completed
			gdp.bigm Transformation...
			gdp.bigm Transformation completed in 0 s
		 - Constructing Arc SMALL4 - BIG2 completed
			gdp.bigm Transformation...
			gdp.bigm Transformation completed in 0 s
		 - Constructing Arc SMALL4 - SMALL1 completed
			gdp.bigm Transformation...
			gdp.bigm Transformation completed in 0 s
		 - Constructing Arc SMALL4 - SMALL2 completed
			gdp.bigm Transformation...
			gdp.bigm Transformation completed in 0 s
		 - Constructing Arc SMALL4 - SMALL3 completed
			gdp.bigm Transformation...
			gdp.bigm Transformation completed in 0 s
		 - Constructing Arc SMALL4 - STORAGE completed
			gdp.bigm Transformation...
			gdp.bigm Transformation completed in 0 s
		 - Constructing Arc STORAGE - BIG1 completed
			gdp.bigm Transformation...
			gdp.bigm Transformation completed in 0 s
		 - Constructing Arc STORAGE - BIG2 completed
			gdp.bigm Transformation...
			gdp.bigm Transformation completed in 0 s
		 - Constructing Arc STORAGE - SMALL1 completed
			gdp.bigm Transformation...
			gdp.bigm Transformation completed in 0 s
		 - Constructing Arc STORAGE - SMALL2 completed
			gdp.bigm Transformation...
			gdp.bigm Transformation completed in 0 s
		 - Constructing Arc STORAGE - SMALL3 completed
			gdp.bigm Transformation...
			gdp.bigm Transformation completed in 0 s
		 - Constructing Arc STORAGE - SMALL4 completed
	 - Constructing Network hydrogenPipelineOnshore_lowP completed
			gdp.bigm Transformation...
			gdp.bigm Transformation completed in 77 s
	 - Constructing Network hydrogenPipelineOnshore_highP
			gdp.bigm Transformation...
			gdp.bigm Transformation completed in 0 s
		 - Constructing Arc BIG1 - BIG2 completed
			gdp.bigm Transformation...
			gdp.bigm Transformation completed in 0 s
		 - Constructing Arc BIG1 - SMALL1 completed
			gdp.bigm Transformation...
			gdp.bigm Transformation completed in 0 s
		 - Constructing Arc BIG1 - SMALL2 completed
			gdp.bigm Transformation...
			gdp.bigm Transformation completed in 0 s
		 - Constructing Arc BIG1 - SMALL3 completed
			gdp.bigm Transformation...
			gdp.bigm Transformation completed in 0 s
		 - Constructing Arc BIG1 - SMALL4 completed
			gdp.bigm Transformation...
			gdp.bigm Transformation completed in 0 s
		 - Constructing Arc BIG1 - STORAGE completed
			gdp.bigm Transformation...
			gdp.bigm Transformation completed in 0 s
		 - Constructing Arc BIG2 - BIG1 completed
			gdp.bigm Transformation...
			gdp.bigm Transformation completed in 0 s
		 - Constructing Arc BIG2 - SMALL1 completed
			gdp.bigm Transformation...
			gdp.bigm Transformation completed in 0 s
		 - Constructing Arc BIG2 - SMALL2 completed
			gdp.bigm Transformation...
			gdp.bigm Transformation completed in 0 s
		 - Constructing Arc BIG2 - SMALL3 completed
			gdp.bigm Transformation...
			gdp.bigm Transformation completed in 0 s
		 - Constructing Arc BIG2 - SMALL4 completed
			gdp.bigm Transformation...
			gdp.bigm Transformation completed in 0 s
		 - Constructing Arc BIG2 - STORAGE completed
			gdp.bigm Transformation...
			gdp.bigm Transformation completed in 0 s
		 - Constructing Arc SMALL1 - BIG1 completed
			gdp.bigm Transformation...
			gdp.bigm Transformation completed in 0 s
		 - Constructing Arc SMALL1 - BIG2 completed
			gdp.bigm Transformation...
			gdp.bigm Transformation completed in 0 s
		 - Constructing Arc SMALL1 - SMALL2 completed
			gdp.bigm Transformation...
			gdp.bigm Transformation completed in 0 s
		 - Constructing Arc SMALL1 - SMALL3 completed
			gdp.bigm Transformation...
			gdp.bigm Transformation completed in 0 s
		 - Constructing Arc SMALL1 - SMALL4 completed
			gdp.bigm Transformation...
			gdp.bigm Transformation completed in 0 s
		 - Constructing Arc SMALL1 - STORAGE completed
			gdp.bigm Transformation...
			gdp.bigm Transformation completed in 0 s
		 - Constructing Arc SMALL2 - BIG1 completed
			gdp.bigm Transformation...
			gdp.bigm Transformation completed in 0 s
		 - Constructing Arc SMALL2 - BIG2 completed
			gdp.bigm Transformation...
			gdp.bigm Transformation completed in 0 s
		 - Constructing Arc SMALL2 - SMALL1 completed
			gdp.bigm Transformation...
			gdp.bigm Transformation completed in 0 s
		 - Constructing Arc SMALL2 - SMALL3 completed
			gdp.bigm Transformation...
			gdp.bigm Transformation completed in 0 s
		 - Constructing Arc SMALL2 - SMALL4 completed
			gdp.bigm Transformation...
			gdp.bigm Transformation completed in 0 s
		 - Constructing Arc SMALL2 - STORAGE completed
			gdp.bigm Transformation...
			gdp.bigm Transformation completed in 0 s
		 - Constructing Arc SMALL3 - BIG1 completed
			gdp.bigm Transformation...
			gdp.bigm Transformation completed in 0 s
		 - Constructing Arc SMALL3 - BIG2 completed
			gdp.bigm Transformation...
			gdp.bigm Transformation completed in 0 s
		 - Constructing Arc SMALL3 - SMALL1 completed
			gdp.bigm Transformation...
			gdp.bigm Transformation completed in 0 s
		 - Constructing Arc SMALL3 - SMALL2 completed
			gdp.bigm Transformation...
			gdp.bigm Transformation completed in 0 s
		 - Constructing Arc SMALL3 - SMALL4 completed
			gdp.bigm Transformation...
			gdp.bigm Transformation completed in 0 s
		 - Constructing Arc SMALL3 - STORAGE completed
			gdp.bigm Transformation...
			gdp.bigm Transformation completed in 0 s
		 - Constructing Arc SMALL4 - BIG1 completed
			gdp.bigm Transformation...
			gdp.bigm Transformation completed in 0 s
		 - Constructing Arc SMALL4 - BIG2 completed
			gdp.bigm Transformation...
			gdp.bigm Transformation completed in 0 s
		 - Constructing Arc SMALL4 - SMALL1 completed
			gdp.bigm Transformation...
			gdp.bigm Transformation completed in 0 s
		 - Constructing Arc SMALL4 - SMALL2 completed
			gdp.bigm Transformation...
			gdp.bigm Transformation completed in 0 s
		 - Constructing Arc SMALL4 - SMALL3 completed
			gdp.bigm Transformation...
			gdp.bigm Transformation completed in 0 s
		 - Constructing Arc SMALL4 - STORAGE completed
			gdp.bigm Transformation...
			gdp.bigm Transformation completed in 0 s
		 - Constructing Arc STORAGE - BIG1 completed
			gdp.bigm Transformation...
			gdp.bigm Transformation completed in 0 s
		 - Constructing Arc STORAGE - BIG2 completed
			gdp.bigm Transformation...
			gdp.bigm Transformation completed in 0 s
		 - Constructing Arc STORAGE - SMALL1 completed
			gdp.bigm Transformation...
			gdp.bigm Transformation completed in 0 s
		 - Constructing Arc STORAGE - SMALL2 completed
			gdp.bigm Transformation...
			gdp.bigm Transformation completed in 0 s
		 - Constructing Arc STORAGE - SMALL3 completed
			gdp.bigm Transformation...
			gdp.bigm Transformation completed in 0 s
		 - Constructing Arc STORAGE - SMALL4 completed
	 - Constructing Network hydrogenPipelineOnshore_highP completed
			gdp.bigm Transformation...
			gdp.bigm Transformation completed in 77 s
	 - Adding Technology Electrolyzer_big
			gdp.bigm Transformation...
			gdp.bigm Transformation completed in 0 s
	 - Adding Technology Storage_H2_highP
			gdp.bigm Transformation...
			gdp.bigm Transformation completed in 4 s
	 - Adding Compressor hydrogen_Compressor_hydrogenPipelineOnshore_lowP_hydrogenPipelineOnshore_lowP
	 - Adding Compressor hydrogen_Compressor_hydrogenPipelineOnshore_lowP_hydrogenPipelineOnshore_highP
	 - Adding Compressor hydrogen_Compressor_hydrogenPipelineOnshore_lowP_Storage_H2_highP
	 - Adding Compressor hydrogen_Compressor_hydrogenPipelineOnshore_lowP_Demand
	 - Adding Compressor hydrogen_Compressor_hydrogenPipelineOnshore_highP_hydrogenPipelineOnshore_lowP
	 - Adding Compressor hydrogen_Compressor_hydrogenPipelineOnshore_highP_hydrogenPipelineOnshore_highP
	 - Adding Compressor hydrogen_Compressor_hydrogenPipelineOnshore_highP_Storage_H2_highP
	 - Adding Compressor hydrogen_Compressor_hydrogenPipelineOnshore_highP_Demand
	 - Adding Compressor hydrogen_Compressor_Electrolyzer_big_hydrogenPipelineOnshore_lowP
	 - Adding Compressor hydrogen_Compressor_Electrolyzer_big_hydrogenPipelineOnshore_highP
	 - Adding Compressor hydrogen_Compressor_Electrolyzer_big_Storage_H2_highP
	 - Adding Compressor hydrogen_Compressor_Electrolyzer_big_Demand
	 - Adding Compressor hydrogen_Compressor_Storage_H2_highP_hydrogenPipelineOnshore_lowP
	 - Adding Compressor hydrogen_Compressor_Storage_H2_highP_hydrogenPipelineOnshore_highP
	 - Adding Compressor hydrogen_Compressor_Storage_H2_highP_Storage_H2_highP
	 - Adding Compressor hydrogen_Compressor_Storage_H2_highP_Demand
	 - Adding Compressor hydrogen_Compressor_Import_hydrogenPipelineOnshore_lowP
	 - Adding Compressor hydrogen_Compressor_Import_hydrogenPipelineOnshore_highP
	 - Adding Compressor hydrogen_Compressor_Import_Storage_H2_highP
	 - Adding Compressor hydrogen_Compressor_Import_Demand_existing
	 - Adding Technology Electrolyzer_big
			gdp.bigm Transformation...
			gdp.bigm Transformation completed in 0 s
	 - Adding Technology Storage_H2_highP
			gdp.bigm Transformation...
			gdp.bigm Transformation completed in 4 s
	 - Adding Compressor hydrogen_Compressor_hydrogenPipelineOnshore_lowP_hydrogenPipelineOnshore_lowP
	 - Adding Compressor hydrogen_Compressor_hydrogenPipelineOnshore_lowP_hydrogenPipelineOnshore_highP
	 - Adding Compressor hydrogen_Compressor_hydrogenPipelineOnshore_lowP_Storage_H2_highP
	 - Adding Compressor hydrogen_Compressor_hydrogenPipelineOnshore_lowP_Demand
	 - Adding Compressor hydrogen_Compressor_hydrogenPipelineOnshore_highP_hydrogenPipelineOnshore_lowP
	 - Adding Compressor hydrogen_Compressor_hydrogenPipelineOnshore_highP_hydrogenPipelineOnshore_highP
	 - Adding Compressor hydrogen_Compressor_hydrogenPipelineOnshore_highP_Storage_H2_highP
	 - Adding Compressor hydrogen_Compressor_hydrogenPipelineOnshore_highP_Demand
	 - Adding Compressor hydrogen_Compressor_Electrolyzer_big_hydrogenPipelineOnshore_lowP
	 - Adding Compressor hydrogen_Compressor_Electrolyzer_big_hydrogenPipelineOnshore_highP
	 - Adding Compressor hydrogen_Compressor_Electrolyzer_big_Storage_H2_highP
	 - Adding Compressor hydrogen_Compressor_Electrolyzer_big_Demand
	 - Adding Compressor hydrogen_Compressor_Storage_H2_highP_hydrogenPipelineOnshore_lowP
	 - Adding Compressor hydrogen_Compressor_Storage_H2_highP_hydrogenPipelineOnshore_highP
	 - Adding Compressor hydrogen_Compressor_Storage_H2_highP_Storage_H2_highP
	 - Adding Compressor hydrogen_Compressor_Storage_H2_highP_Demand
	 - Adding Compressor hydrogen_Compressor_Import_hydrogenPipelineOnshore_lowP
	 - Adding Compressor hydrogen_Compressor_Import_hydrogenPipelineOnshore_highP
	 - Adding Compressor hydrogen_Compressor_Import_Storage_H2_highP
	 - Adding Compressor hydrogen_Compressor_Import_Demand_existing
	 - Adding Technology Electrolyzer_small
	 - Adding Technology Storage_H2_lowP
			gdp.bigm Transformation...
			gdp.bigm Transformation completed in 4 s
	 - Adding Compressor hydrogen_Compressor_hydrogenPipelineOnshore_lowP_hydrogenPipelineOnshore_lowP
	 - Adding Compressor hydrogen_Compressor_hydrogenPipelineOnshore_lowP_hydrogenPipelineOnshore_highP
	 - Adding Compressor hydrogen_Compressor_hydrogenPipelineOnshore_lowP_Storage_H2_lowP
	 - Adding Compressor hydrogen_Compressor_hydrogenPipelineOnshore_lowP_Demand
	 - Adding Compressor hydrogen_Compressor_hydrogenPipelineOnshore_highP_hydrogenPipelineOnshore_lowP
	 - Adding Compressor hydrogen_Compressor_hydrogenPipelineOnshore_highP_hydrogenPipelineOnshore_highP
	 - Adding Compressor hydrogen_Compressor_hydrogenPipelineOnshore_highP_Storage_H2_lowP
	 - Adding Compressor hydrogen_Compressor_hydrogenPipelineOnshore_highP_Demand
	 - Adding Compressor hydrogen_Compressor_Electrolyzer_small_hydrogenPipelineOnshore_lowP
	 - Adding Compressor hydrogen_Compressor_Electrolyzer_small_hydrogenPipelineOnshore_highP
	 - Adding Compressor hydrogen_Compressor_Electrolyzer_small_Storage_H2_lowP
	 - Adding Compressor hydrogen_Compressor_Electrolyzer_small_Demand
	 - Adding Compressor hydrogen_Compressor_Storage_H2_lowP_hydrogenPipelineOnshore_lowP
	 - Adding Compressor hydrogen_Compressor_Storage_H2_lowP_hydrogenPipelineOnshore_highP
	 - Adding Compressor hydrogen_Compressor_Storage_H2_lowP_Storage_H2_lowP
	 - Adding Compressor hydrogen_Compressor_Storage_H2_lowP_Demand
	 - Adding Technology Electrolyzer_small
	 - Adding Technology Storage_H2_lowP
			gdp.bigm Transformation...
			gdp.bigm Transformation completed in 4 s
	 - Adding Compressor hydrogen_Compressor_hydrogenPipelineOnshore_lowP_hydrogenPipelineOnshore_lowP
	 - Adding Compressor hydrogen_Compressor_hydrogenPipelineOnshore_lowP_hydrogenPipelineOnshore_highP
	 - Adding Compressor hydrogen_Compressor_hydrogenPipelineOnshore_lowP_Storage_H2_lowP
	 - Adding Compressor hydrogen_Compressor_hydrogenPipelineOnshore_lowP_Demand
	 - Adding Compressor hydrogen_Compressor_hydrogenPipelineOnshore_highP_hydrogenPipelineOnshore_lowP
	 - Adding Compressor hydrogen_Compressor_hydrogenPipelineOnshore_highP_hydrogenPipelineOnshore_highP
	 - Adding Compressor hydrogen_Compressor_hydrogenPipelineOnshore_highP_Storage_H2_lowP
	 - Adding Compressor hydrogen_Compressor_hydrogenPipelineOnshore_highP_Demand
	 - Adding Compressor hydrogen_Compressor_Electrolyzer_small_hydrogenPipelineOnshore_lowP
	 - Adding Compressor hydrogen_Compressor_Electrolyzer_small_hydrogenPipelineOnshore_highP
	 - Adding Compressor hydrogen_Compressor_Electrolyzer_small_Storage_H2_lowP
	 - Adding Compressor hydrogen_Compressor_Electrolyzer_small_Demand
	 - Adding Compressor hydrogen_Compressor_Storage_H2_lowP_hydrogenPipelineOnshore_lowP
	 - Adding Compressor hydrogen_Compressor_Storage_H2_lowP_hydrogenPipelineOnshore_highP
	 - Adding Compressor hydrogen_Compressor_Storage_H2_lowP_Storage_H2_lowP
	 - Adding Compressor hydrogen_Compressor_Storage_H2_lowP_Demand
	 - Adding Technology Electrolyzer_small
	 - Adding Technology Storage_H2_lowP
			gdp.bigm Transformation...
			gdp.bigm Transformation completed in 4 s
	 - Adding Compressor hydrogen_Compressor_hydrogenPipelineOnshore_lowP_hydrogenPipelineOnshore_lowP
	 - Adding Compressor hydrogen_Compressor_hydrogenPipelineOnshore_lowP_hydrogenPipelineOnshore_highP
	 - Adding Compressor hydrogen_Compressor_hydrogenPipelineOnshore_lowP_Storage_H2_lowP
	 - Adding Compressor hydrogen_Compressor_hydrogenPipelineOnshore_lowP_Demand
	 - Adding Compressor hydrogen_Compressor_hydrogenPipelineOnshore_highP_hydrogenPipelineOnshore_lowP
	 - Adding Compressor hydrogen_Compressor_hydrogenPipelineOnshore_highP_hydrogenPipelineOnshore_highP
	 - Adding Compressor hydrogen_Compressor_hydrogenPipelineOnshore_highP_Storage_H2_lowP
	 - Adding Compressor hydrogen_Compressor_hydrogenPipelineOnshore_highP_Demand
	 - Adding Compressor hydrogen_Compressor_Electrolyzer_small_hydrogenPipelineOnshore_lowP
	 - Adding Compressor hydrogen_Compressor_Electrolyzer_small_hydrogenPipelineOnshore_highP
	 - Adding Compressor hydrogen_Compressor_Electrolyzer_small_Storage_H2_lowP
	 - Adding Compressor hydrogen_Compressor_Electrolyzer_small_Demand
	 - Adding Compressor hydrogen_Compressor_Storage_H2_lowP_hydrogenPipelineOnshore_lowP
	 - Adding Compressor hydrogen_Compressor_Storage_H2_lowP_hydrogenPipelineOnshore_highP
	 - Adding Compressor hydrogen_Compressor_Storage_H2_lowP_Storage_H2_lowP
	 - Adding Compressor hydrogen_Compressor_Storage_H2_lowP_Demand
	 - Adding Technology Electrolyzer_small
	 - Adding Technology Storage_H2_lowP
			gdp.bigm Transformation...
			gdp.bigm Transformation completed in 4 s
	 - Adding Compressor hydrogen_Compressor_hydrogenPipelineOnshore_lowP_hydrogenPipelineOnshore_lowP
	 - Adding Compressor hydrogen_Compressor_hydrogenPipelineOnshore_lowP_hydrogenPipelineOnshore_highP
	 - Adding Compressor hydrogen_Compressor_hydrogenPipelineOnshore_lowP_Storage_H2_lowP
	 - Adding Compressor hydrogen_Compressor_hydrogenPipelineOnshore_lowP_Demand
	 - Adding Compressor hydrogen_Compressor_hydrogenPipelineOnshore_highP_hydrogenPipelineOnshore_lowP
	 - Adding Compressor hydrogen_Compressor_hydrogenPipelineOnshore_highP_hydrogenPipelineOnshore_highP
	 - Adding Compressor hydrogen_Compressor_hydrogenPipelineOnshore_highP_Storage_H2_lowP
	 - Adding Compressor hydrogen_Compressor_hydrogenPipelineOnshore_highP_Demand
	 - Adding Compressor hydrogen_Compressor_Electrolyzer_small_hydrogenPipelineOnshore_lowP
	 - Adding Compressor hydrogen_Compressor_Electrolyzer_small_hydrogenPipelineOnshore_highP
	 - Adding Compressor hydrogen_Compressor_Electrolyzer_small_Storage_H2_lowP
	 - Adding Compressor hydrogen_Compressor_Electrolyzer_small_Demand
	 - Adding Compressor hydrogen_Compressor_Storage_H2_lowP_hydrogenPipelineOnshore_lowP
	 - Adding Compressor hydrogen_Compressor_Storage_H2_lowP_hydrogenPipelineOnshore_highP
	 - Adding Compressor hydrogen_Compressor_Storage_H2_lowP_Storage_H2_lowP
	 - Adding Compressor hydrogen_Compressor_Storage_H2_lowP_Demand
	 - Adding Technology Storage_H2_Cavern_existing
			gdp.bigm Transformation...
			gdp.bigm Transformation completed in 4 s
	 - Adding Compressor hydrogen_Compressor_hydrogenPipelineOnshore_lowP_hydrogenPipelineOnshore_lowP
	 - Adding Compressor hydrogen_Compressor_hydrogenPipelineOnshore_lowP_hydrogenPipelineOnshore_highP
	 - Adding Compressor hydrogen_Compressor_hydrogenPipelineOnshore_lowP_Storage_H2_Cavern_existing
	 - Adding Compressor hydrogen_Compressor_hydrogenPipelineOnshore_highP_hydrogenPipelineOnshore_lowP
	 - Adding Compressor hydrogen_Compressor_hydrogenPipelineOnshore_highP_hydrogenPipelineOnshore_highP
	 - Adding Compressor hydrogen_Compressor_hydrogenPipelineOnshore_highP_Storage_H2_Cavern_existing
	 - Adding Compressor hydrogen_Compressor_Storage_H2_Cavern_existing_hydrogenPipelineOnshore_lowP
	 - Adding Compressor hydrogen_Compressor_Storage_H2_Cavern_existing_hydrogenPipelineOnshore_highP
	 - Adding Compressor hydrogen_Compressor_Storage_H2_Cavern_existing_Storage_H2_Cavern_existing_existing
Constructing model completed in 441s
Constructing balances...
Constructing balances completed in 17s
Set objective on infrastructure due to willingness to pay
Set parameter OutputFlag to value 1
Set parameter LogFile to value "/gpfs/home3/scur1696/AdOpT-NET0-RegToNation/generic_node_optimization/results/parallel_creation_test_20251123_215646/task_003/t003_parallel_run_0005/userData/20251123220447-1/solver_log.txt"
Solver log file: /gpfs/home3/scur1696/AdOpT-NET0-RegToNation/generic_node_optimization/results/parallel_creation_test_20251123_215646/task_003/t003_parallel_run_0005/userData/20251123220447-1/solver_log.txt
Set parameter TimeLimit to value 180000
Set parameter MIPGap to value 0.01
Set parameter MIPFocus to value 0
Set parameter Threads to value 8
Set parameter NodefileStart to value 60
Set parameter Method to value -1
Set parameter Heuristics to value 0.05
Set parameter Presolve to value 1
Set parameter BranchDir to value 0
Set parameter LPWarmStart to value 0
Set parameter IntFeasTol to value 1e-05
Set parameter FeasibilityTol to value 1e-06
Set parameter Cuts to value -1
Set parameter NumericFocus to value 0
Presolve removed 5361748 rows and 3924941 columns (presolve time = 5s)...
Presolve removed 5528318 rows and 4082751 columns (presolve time = 10s)...
Presolve removed 5361748 rows and 3924941 columns (presolve time = 5s)...
  [CONFIG] Gurobi default env configured: 8 threads per worker
--- Reading in data ---
Input data folder has been checked successfully - no errors occurred.
--- Reading in data complete ---
--- Constructing Model ---
Constructing Investment Period period1
Constructing Investment Period period1 completed
	 - Constructing Network hydrogenPipelineOnshore_lowP
			gdp.bigm Transformation...
			gdp.bigm Transformation completed in 0 s
		 - Constructing Arc BIG1 - BIG2 completed
			gdp.bigm Transformation...
			gdp.bigm Transformation completed in 0 s
		 - Constructing Arc BIG1 - SMALL1 completed
			gdp.bigm Transformation...
			gdp.bigm Transformation completed in 0 s
		 - Constructing Arc BIG1 - SMALL2 completed
			gdp.bigm Transformation...
			gdp.bigm Transformation completed in 0 s
		 - Constructing Arc BIG1 - SMALL3 completed
			gdp.bigm Transformation...
			gdp.bigm Transformation completed in 0 s
		 - Constructing Arc BIG1 - SMALL4 completed
			gdp.bigm Transformation...
			gdp.bigm Transformation completed in 0 s
		 - Constructing Arc BIG1 - STORAGE completed
			gdp.bigm Transformation...
			gdp.bigm Transformation completed in 0 s
		 - Constructing Arc BIG2 - BIG1 completed
			gdp.bigm Transformation...
			gdp.bigm Transformation completed in 0 s
		 - Constructing Arc BIG2 - SMALL1 completed
			gdp.bigm Transformation...
			gdp.bigm Transformation completed in 0 s
		 - Constructing Arc BIG2 - SMALL2 completed
			gdp.bigm Transformation...
			gdp.bigm Transformation completed in 0 s
		 - Constructing Arc BIG2 - SMALL3 completed
			gdp.bigm Transformation...
			gdp.bigm Transformation completed in 0 s
		 - Constructing Arc BIG2 - SMALL4 completed
			gdp.bigm Transformation...
			gdp.bigm Transformation completed in 0 s
		 - Constructing Arc BIG2 - STORAGE completed
			gdp.bigm Transformation...
			gdp.bigm Transformation completed in 0 s
		 - Constructing Arc SMALL1 - BIG1 completed
			gdp.bigm Transformation...
			gdp.bigm Transformation completed in 0 s
		 - Constructing Arc SMALL1 - BIG2 completed
			gdp.bigm Transformation...
			gdp.bigm Transformation completed in 0 s
		 - Constructing Arc SMALL1 - SMALL2 completed
			gdp.bigm Transformation...
			gdp.bigm Transformation completed in 0 s
		 - Constructing Arc SMALL1 - SMALL3 completed
			gdp.bigm Transformation...
			gdp.bigm Transformation completed in 0 s
		 - Constructing Arc SMALL1 - SMALL4 completed
			gdp.bigm Transformation...
			gdp.bigm Transformation completed in 0 s
		 - Constructing Arc SMALL1 - STORAGE completed
			gdp.bigm Transformation...
			gdp.bigm Transformation completed in 0 s
		 - Constructing Arc SMALL2 - BIG1 completed
			gdp.bigm Transformation...
			gdp.bigm Transformation completed in 0 s
		 - Constructing Arc SMALL2 - BIG2 completed
			gdp.bigm Transformation...
			gdp.bigm Transformation completed in 0 s
		 - Constructing Arc SMALL2 - SMALL1 completed
			gdp.bigm Transformation...
			gdp.bigm Transformation completed in 0 s
		 - Constructing Arc SMALL2 - SMALL3 completed
			gdp.bigm Transformation...
			gdp.bigm Transformation completed in 0 s
		 - Constructing Arc SMALL2 - SMALL4 completed
			gdp.bigm Transformation...
			gdp.bigm Transformation completed in 0 s
		 - Constructing Arc SMALL2 - STORAGE completed
			gdp.bigm Transformation...
			gdp.bigm Transformation completed in 0 s
		 - Constructing Arc SMALL3 - BIG1 completed
			gdp.bigm Transformation...
			gdp.bigm Transformation completed in 0 s
		 - Constructing Arc SMALL3 - BIG2 completed
			gdp.bigm Transformation...
			gdp.bigm Transformation completed in 0 s
		 - Constructing Arc SMALL3 - SMALL1 completed
			gdp.bigm Transformation...
			gdp.bigm Transformation completed in 0 s
		 - Constructing Arc SMALL3 - SMALL2 completed
			gdp.bigm Transformation...
			gdp.bigm Transformation completed in 0 s
		 - Constructing Arc SMALL3 - SMALL4 completed
			gdp.bigm Transformation...
			gdp.bigm Transformation completed in 0 s
		 - Constructing Arc SMALL3 - STORAGE completed
			gdp.bigm Transformation...
			gdp.bigm Transformation completed in 0 s
		 - Constructing Arc SMALL4 - BIG1 completed
			gdp.bigm Transformation...
			gdp.bigm Transformation completed in 0 s
		 - Constructing Arc SMALL4 - BIG2 completed
			gdp.bigm Transformation...
			gdp.bigm Transformation completed in 0 s
		 - Constructing Arc SMALL4 - SMALL1 completed
			gdp.bigm Transformation...
			gdp.bigm Transformation completed in 0 s
		 - Constructing Arc SMALL4 - SMALL2 completed
			gdp.bigm Transformation...
			gdp.bigm Transformation completed in 0 s
		 - Constructing Arc SMALL4 - SMALL3 completed
			gdp.bigm Transformation...
			gdp.bigm Transformation completed in 0 s
		 - Constructing Arc SMALL4 - STORAGE completed
			gdp.bigm Transformation...
			gdp.bigm Transformation completed in 0 s
		 - Constructing Arc STORAGE - BIG1 completed
			gdp.bigm Transformation...
			gdp.bigm Transformation completed in 0 s
		 - Constructing Arc STORAGE - BIG2 completed
			gdp.bigm Transformation...
			gdp.bigm Transformation completed in 0 s
		 - Constructing Arc STORAGE - SMALL1 completed
			gdp.bigm Transformation...
			gdp.bigm Transformation completed in 0 s
		 - Constructing Arc STORAGE - SMALL2 completed
			gdp.bigm Transformation...
			gdp.bigm Transformation completed in 0 s
		 - Constructing Arc STORAGE - SMALL3 completed
			gdp.bigm Transformation...
			gdp.bigm Transformation completed in 0 s
		 - Constructing Arc STORAGE - SMALL4 completed
	 - Constructing Network hydrogenPipelineOnshore_lowP completed
			gdp.bigm Transformation...
			gdp.bigm Transformation completed in 78 s
	 - Constructing Network hydrogenPipelineOnshore_highP
			gdp.bigm Transformation...
			gdp.bigm Transformation completed in 0 s
		 - Constructing Arc BIG1 - BIG2 completed
			gdp.bigm Transformation...
			gdp.bigm Transformation completed in 0 s
		 - Constructing Arc BIG1 - SMALL1 completed
			gdp.bigm Transformation...
			gdp.bigm Transformation completed in 0 s
		 - Constructing Arc BIG1 - SMALL2 completed
			gdp.bigm Transformation...
			gdp.bigm Transformation completed in 0 s
		 - Constructing Arc BIG1 - SMALL3 completed
			gdp.bigm Transformation...
			gdp.bigm Transformation completed in 0 s
		 - Constructing Arc BIG1 - SMALL4 completed
			gdp.bigm Transformation...
			gdp.bigm Transformation completed in 0 s
		 - Constructing Arc BIG1 - STORAGE completed
			gdp.bigm Transformation...
			gdp.bigm Transformation completed in 0 s
		 - Constructing Arc BIG2 - BIG1 completed
			gdp.bigm Transformation...
			gdp.bigm Transformation completed in 0 s
		 - Constructing Arc BIG2 - SMALL1 completed
			gdp.bigm Transformation...
			gdp.bigm Transformation completed in 0 s
		 - Constructing Arc BIG2 - SMALL2 completed
			gdp.bigm Transformation...
			gdp.bigm Transformation completed in 0 s
		 - Constructing Arc BIG2 - SMALL3 completed
			gdp.bigm Transformation...
			gdp.bigm Transformation completed in 0 s
		 - Constructing Arc BIG2 - SMALL4 completed
			gdp.bigm Transformation...
			gdp.bigm Transformation completed in 0 s
		 - Constructing Arc BIG2 - STORAGE completed
			gdp.bigm Transformation...
			gdp.bigm Transformation completed in 0 s
		 - Constructing Arc SMALL1 - BIG1 completed
			gdp.bigm Transformation...
			gdp.bigm Transformation completed in 0 s
		 - Constructing Arc SMALL1 - BIG2 completed
			gdp.bigm Transformation...
			gdp.bigm Transformation completed in 0 s
		 - Constructing Arc SMALL1 - SMALL2 completed
			gdp.bigm Transformation...
			gdp.bigm Transformation completed in 0 s
		 - Constructing Arc SMALL1 - SMALL3 completed
			gdp.bigm Transformation...
			gdp.bigm Transformation completed in 0 s
		 - Constructing Arc SMALL1 - SMALL4 completed
			gdp.bigm Transformation...
			gdp.bigm Transformation completed in 0 s
		 - Constructing Arc SMALL1 - STORAGE completed
			gdp.bigm Transformation...
			gdp.bigm Transformation completed in 0 s
		 - Constructing Arc SMALL2 - BIG1 completed
			gdp.bigm Transformation...
			gdp.bigm Transformation completed in 0 s
		 - Constructing Arc SMALL2 - BIG2 completed
			gdp.bigm Transformation...
			gdp.bigm Transformation completed in 0 s
		 - Constructing Arc SMALL2 - SMALL1 completed
			gdp.bigm Transformation...
			gdp.bigm Transformation completed in 0 s
		 - Constructing Arc SMALL2 - SMALL3 completed
			gdp.bigm Transformation...
			gdp.bigm Transformation completed in 0 s
		 - Constructing Arc SMALL2 - SMALL4 completed
			gdp.bigm Transformation...
			gdp.bigm Transformation completed in 0 s
		 - Constructing Arc SMALL2 - STORAGE completed
			gdp.bigm Transformation...
			gdp.bigm Transformation completed in 0 s
		 - Constructing Arc SMALL3 - BIG1 completed
			gdp.bigm Transformation...
			gdp.bigm Transformation completed in 0 s
		 - Constructing Arc SMALL3 - BIG2 completed
			gdp.bigm Transformation...
			gdp.bigm Transformation completed in 0 s
		 - Constructing Arc SMALL3 - SMALL1 completed
			gdp.bigm Transformation...
			gdp.bigm Transformation completed in 0 s
		 - Constructing Arc SMALL3 - SMALL2 completed
			gdp.bigm Transformation...
			gdp.bigm Transformation completed in 0 s
		 - Constructing Arc SMALL3 - SMALL4 completed
			gdp.bigm Transformation...
			gdp.bigm Transformation completed in 0 s
		 - Constructing Arc SMALL3 - STORAGE completed
			gdp.bigm Transformation...
			gdp.bigm Transformation completed in 0 s
		 - Constructing Arc SMALL4 - BIG1 completed
			gdp.bigm Transformation...
			gdp.bigm Transformation completed in 0 s
		 - Constructing Arc SMALL4 - BIG2 completed
			gdp.bigm Transformation...
			gdp.bigm Transformation completed in 0 s
		 - Constructing Arc SMALL4 - SMALL1 completed
			gdp.bigm Transformation...
			gdp.bigm Transformation completed in 0 s
		 - Constructing Arc SMALL4 - SMALL2 completed
			gdp.bigm Transformation...
			gdp.bigm Transformation completed in 0 s
		 - Constructing Arc SMALL4 - SMALL3 completed
			gdp.bigm Transformation...
			gdp.bigm Transformation completed in 0 s
		 - Constructing Arc SMALL4 - STORAGE completed
			gdp.bigm Transformation...
			gdp.bigm Transformation completed in 0 s
		 - Constructing Arc STORAGE - BIG1 completed
			gdp.bigm Transformation...
			gdp.bigm Transformation completed in 0 s
		 - Constructing Arc STORAGE - BIG2 completed
			gdp.bigm Transformation...
			gdp.bigm Transformation completed in 0 s
		 - Constructing Arc STORAGE - SMALL1 completed
			gdp.bigm Transformation...
			gdp.bigm Transformation completed in 0 s
		 - Constructing Arc STORAGE - SMALL2 completed
			gdp.bigm Transformation...
			gdp.bigm Transformation completed in 0 s
		 - Constructing Arc STORAGE - SMALL3 completed
			gdp.bigm Transformation...
			gdp.bigm Transformation completed in 0 s
		 - Constructing Arc STORAGE - SMALL4 completed
	 - Constructing Network hydrogenPipelineOnshore_highP completed
			gdp.bigm Transformation...
			gdp.bigm Transformation completed in 77 s
	 - Adding Technology Electrolyzer_big
			gdp.bigm Transformation...
			gdp.bigm Transformation completed in 0 s
	 - Adding Technology Storage_H2_highP
			gdp.bigm Transformation...
			gdp.bigm Transformation completed in 4 s
	 - Adding Compressor hydrogen_Compressor_hydrogenPipelineOnshore_lowP_hydrogenPipelineOnshore_lowP
	 - Adding Compressor hydrogen_Compressor_hydrogenPipelineOnshore_lowP_hydrogenPipelineOnshore_highP
	 - Adding Compressor hydrogen_Compressor_hydrogenPipelineOnshore_lowP_Storage_H2_highP
	 - Adding Compressor hydrogen_Compressor_hydrogenPipelineOnshore_lowP_Demand
	 - Adding Compressor hydrogen_Compressor_hydrogenPipelineOnshore_highP_hydrogenPipelineOnshore_lowP
	 - Adding Compressor hydrogen_Compressor_hydrogenPipelineOnshore_highP_hydrogenPipelineOnshore_highP
	 - Adding Compressor hydrogen_Compressor_hydrogenPipelineOnshore_highP_Storage_H2_highP
	 - Adding Compressor hydrogen_Compressor_hydrogenPipelineOnshore_highP_Demand
	 - Adding Compressor hydrogen_Compressor_Electrolyzer_big_hydrogenPipelineOnshore_lowP
	 - Adding Compressor hydrogen_Compressor_Electrolyzer_big_hydrogenPipelineOnshore_highP
	 - Adding Compressor hydrogen_Compressor_Electrolyzer_big_Storage_H2_highP
	 - Adding Compressor hydrogen_Compressor_Electrolyzer_big_Demand
	 - Adding Compressor hydrogen_Compressor_Storage_H2_highP_hydrogenPipelineOnshore_lowP
	 - Adding Compressor hydrogen_Compressor_Storage_H2_highP_hydrogenPipelineOnshore_highP
	 - Adding Compressor hydrogen_Compressor_Storage_H2_highP_Storage_H2_highP
	 - Adding Compressor hydrogen_Compressor_Storage_H2_highP_Demand
	 - Adding Compressor hydrogen_Compressor_Import_hydrogenPipelineOnshore_lowP
	 - Adding Compressor hydrogen_Compressor_Import_hydrogenPipelineOnshore_highP
	 - Adding Compressor hydrogen_Compressor_Import_Storage_H2_highP
	 - Adding Compressor hydrogen_Compressor_Import_Demand_existing
	 - Adding Technology Electrolyzer_big
			gdp.bigm Transformation...
			gdp.bigm Transformation completed in 0 s
	 - Adding Technology Storage_H2_highP
			gdp.bigm Transformation...
			gdp.bigm Transformation completed in 4 s
	 - Adding Compressor hydrogen_Compressor_hydrogenPipelineOnshore_lowP_hydrogenPipelineOnshore_lowP
	 - Adding Compressor hydrogen_Compressor_hydrogenPipelineOnshore_lowP_hydrogenPipelineOnshore_highP
	 - Adding Compressor hydrogen_Compressor_hydrogenPipelineOnshore_lowP_Storage_H2_highP
	 - Adding Compressor hydrogen_Compressor_hydrogenPipelineOnshore_lowP_Demand
	 - Adding Compressor hydrogen_Compressor_hydrogenPipelineOnshore_highP_hydrogenPipelineOnshore_lowP
	 - Adding Compressor hydrogen_Compressor_hydrogenPipelineOnshore_highP_hydrogenPipelineOnshore_highP
	 - Adding Compressor hydrogen_Compressor_hydrogenPipelineOnshore_highP_Storage_H2_highP
	 - Adding Compressor hydrogen_Compressor_hydrogenPipelineOnshore_highP_Demand
	 - Adding Compressor hydrogen_Compressor_Electrolyzer_big_hydrogenPipelineOnshore_lowP
	 - Adding Compressor hydrogen_Compressor_Electrolyzer_big_hydrogenPipelineOnshore_highP
	 - Adding Compressor hydrogen_Compressor_Electrolyzer_big_Storage_H2_highP
	 - Adding Compressor hydrogen_Compressor_Electrolyzer_big_Demand
	 - Adding Compressor hydrogen_Compressor_Storage_H2_highP_hydrogenPipelineOnshore_lowP
	 - Adding Compressor hydrogen_Compressor_Storage_H2_highP_hydrogenPipelineOnshore_highP
	 - Adding Compressor hydrogen_Compressor_Storage_H2_highP_Storage_H2_highP
	 - Adding Compressor hydrogen_Compressor_Storage_H2_highP_Demand
	 - Adding Compressor hydrogen_Compressor_Import_hydrogenPipelineOnshore_lowP
	 - Adding Compressor hydrogen_Compressor_Import_hydrogenPipelineOnshore_highP
	 - Adding Compressor hydrogen_Compressor_Import_Storage_H2_highP
	 - Adding Compressor hydrogen_Compressor_Import_Demand_existing
	 - Adding Technology Electrolyzer_small
	 - Adding Technology Storage_H2_lowP
			gdp.bigm Transformation...
			gdp.bigm Transformation completed in 4 s
	 - Adding Compressor hydrogen_Compressor_hydrogenPipelineOnshore_lowP_hydrogenPipelineOnshore_lowP
	 - Adding Compressor hydrogen_Compressor_hydrogenPipelineOnshore_lowP_hydrogenPipelineOnshore_highP
	 - Adding Compressor hydrogen_Compressor_hydrogenPipelineOnshore_lowP_Storage_H2_lowP
	 - Adding Compressor hydrogen_Compressor_hydrogenPipelineOnshore_lowP_Demand
	 - Adding Compressor hydrogen_Compressor_hydrogenPipelineOnshore_highP_hydrogenPipelineOnshore_lowP
	 - Adding Compressor hydrogen_Compressor_hydrogenPipelineOnshore_highP_hydrogenPipelineOnshore_highP
	 - Adding Compressor hydrogen_Compressor_hydrogenPipelineOnshore_highP_Storage_H2_lowP
	 - Adding Compressor hydrogen_Compressor_hydrogenPipelineOnshore_highP_Demand
	 - Adding Compressor hydrogen_Compressor_Electrolyzer_small_hydrogenPipelineOnshore_lowP
	 - Adding Compressor hydrogen_Compressor_Electrolyzer_small_hydrogenPipelineOnshore_highP
	 - Adding Compressor hydrogen_Compressor_Electrolyzer_small_Storage_H2_lowP
	 - Adding Compressor hydrogen_Compressor_Electrolyzer_small_Demand
	 - Adding Compressor hydrogen_Compressor_Storage_H2_lowP_hydrogenPipelineOnshore_lowP
	 - Adding Compressor hydrogen_Compressor_Storage_H2_lowP_hydrogenPipelineOnshore_highP
	 - Adding Compressor hydrogen_Compressor_Storage_H2_lowP_Storage_H2_lowP
	 - Adding Compressor hydrogen_Compressor_Storage_H2_lowP_Demand
	 - Adding Technology Electrolyzer_small
	 - Adding Technology Storage_H2_lowP
			gdp.bigm Transformation...
			gdp.bigm Transformation completed in 4 s
	 - Adding Compressor hydrogen_Compressor_hydrogenPipelineOnshore_lowP_hydrogenPipelineOnshore_lowP
	 - Adding Compressor hydrogen_Compressor_hydrogenPipelineOnshore_lowP_hydrogenPipelineOnshore_highP
	 - Adding Compressor hydrogen_Compressor_hydrogenPipelineOnshore_lowP_Storage_H2_lowP
	 - Adding Compressor hydrogen_Compressor_hydrogenPipelineOnshore_lowP_Demand
	 - Adding Compressor hydrogen_Compressor_hydrogenPipelineOnshore_highP_hydrogenPipelineOnshore_lowP
	 - Adding Compressor hydrogen_Compressor_hydrogenPipelineOnshore_highP_hydrogenPipelineOnshore_highP
	 - Adding Compressor hydrogen_Compressor_hydrogenPipelineOnshore_highP_Storage_H2_lowP
	 - Adding Compressor hydrogen_Compressor_hydrogenPipelineOnshore_highP_Demand
	 - Adding Compressor hydrogen_Compressor_Electrolyzer_small_hydrogenPipelineOnshore_lowP
	 - Adding Compressor hydrogen_Compressor_Electrolyzer_small_hydrogenPipelineOnshore_highP
	 - Adding Compressor hydrogen_Compressor_Electrolyzer_small_Storage_H2_lowP
	 - Adding Compressor hydrogen_Compressor_Electrolyzer_small_Demand
	 - Adding Compressor hydrogen_Compressor_Storage_H2_lowP_hydrogenPipelineOnshore_lowP
	 - Adding Compressor hydrogen_Compressor_Storage_H2_lowP_hydrogenPipelineOnshore_highP
	 - Adding Compressor hydrogen_Compressor_Storage_H2_lowP_Storage_H2_lowP
	 - Adding Compressor hydrogen_Compressor_Storage_H2_lowP_Demand
	 - Adding Technology Electrolyzer_small
	 - Adding Technology Storage_H2_lowP
			gdp.bigm Transformation...
			gdp.bigm Transformation completed in 4 s
	 - Adding Compressor hydrogen_Compressor_hydrogenPipelineOnshore_lowP_hydrogenPipelineOnshore_lowP
	 - Adding Compressor hydrogen_Compressor_hydrogenPipelineOnshore_lowP_hydrogenPipelineOnshore_highP
	 - Adding Compressor hydrogen_Compressor_hydrogenPipelineOnshore_lowP_Storage_H2_lowP
	 - Adding Compressor hydrogen_Compressor_hydrogenPipelineOnshore_lowP_Demand
	 - Adding Compressor hydrogen_Compressor_hydrogenPipelineOnshore_highP_hydrogenPipelineOnshore_lowP
	 - Adding Compressor hydrogen_Compressor_hydrogenPipelineOnshore_highP_hydrogenPipelineOnshore_highP
	 - Adding Compressor hydrogen_Compressor_hydrogenPipelineOnshore_highP_Storage_H2_lowP
	 - Adding Compressor hydrogen_Compressor_hydrogenPipelineOnshore_highP_Demand
	 - Adding Compressor hydrogen_Compressor_Electrolyzer_small_hydrogenPipelineOnshore_lowP
	 - Adding Compressor hydrogen_Compressor_Electrolyzer_small_hydrogenPipelineOnshore_highP
	 - Adding Compressor hydrogen_Compressor_Electrolyzer_small_Storage_H2_lowP
	 - Adding Compressor hydrogen_Compressor_Electrolyzer_small_Demand
	 - Adding Compressor hydrogen_Compressor_Storage_H2_lowP_hydrogenPipelineOnshore_lowP
	 - Adding Compressor hydrogen_Compressor_Storage_H2_lowP_hydrogenPipelineOnshore_highP
	 - Adding Compressor hydrogen_Compressor_Storage_H2_lowP_Storage_H2_lowP
	 - Adding Compressor hydrogen_Compressor_Storage_H2_lowP_Demand
	 - Adding Technology Electrolyzer_small
	 - Adding Technology Storage_H2_lowP
			gdp.bigm Transformation...
			gdp.bigm Transformation completed in 4 s
	 - Adding Compressor hydrogen_Compressor_hydrogenPipelineOnshore_lowP_hydrogenPipelineOnshore_lowP
	 - Adding Compressor hydrogen_Compressor_hydrogenPipelineOnshore_lowP_hydrogenPipelineOnshore_highP
	 - Adding Compressor hydrogen_Compressor_hydrogenPipelineOnshore_lowP_Storage_H2_lowP
	 - Adding Compressor hydrogen_Compressor_hydrogenPipelineOnshore_lowP_Demand
	 - Adding Compressor hydrogen_Compressor_hydrogenPipelineOnshore_highP_hydrogenPipelineOnshore_lowP
	 - Adding Compressor hydrogen_Compressor_hydrogenPipelineOnshore_highP_hydrogenPipelineOnshore_highP
	 - Adding Compressor hydrogen_Compressor_hydrogenPipelineOnshore_highP_Storage_H2_lowP
	 - Adding Compressor hydrogen_Compressor_hydrogenPipelineOnshore_highP_Demand
	 - Adding Compressor hydrogen_Compressor_Electrolyzer_small_hydrogenPipelineOnshore_lowP
	 - Adding Compressor hydrogen_Compressor_Electrolyzer_small_hydrogenPipelineOnshore_highP
	 - Adding Compressor hydrogen_Compressor_Electrolyzer_small_Storage_H2_lowP
	 - Adding Compressor hydrogen_Compressor_Electrolyzer_small_Demand
	 - Adding Compressor hydrogen_Compressor_Storage_H2_lowP_hydrogenPipelineOnshore_lowP
	 - Adding Compressor hydrogen_Compressor_Storage_H2_lowP_hydrogenPipelineOnshore_highP
	 - Adding Compressor hydrogen_Compressor_Storage_H2_lowP_Storage_H2_lowP
	 - Adding Compressor hydrogen_Compressor_Storage_H2_lowP_Demand
	 - Adding Technology Storage_H2_Cavern_existing
			gdp.bigm Transformation...
			gdp.bigm Transformation completed in 4 s
	 - Adding Compressor hydrogen_Compressor_hydrogenPipelineOnshore_lowP_hydrogenPipelineOnshore_lowP
	 - Adding Compressor hydrogen_Compressor_hydrogenPipelineOnshore_lowP_hydrogenPipelineOnshore_highP
	 - Adding Compressor hydrogen_Compressor_hydrogenPipelineOnshore_lowP_Storage_H2_Cavern_existing
	 - Adding Compressor hydrogen_Compressor_hydrogenPipelineOnshore_highP_hydrogenPipelineOnshore_lowP
	 - Adding Compressor hydrogen_Compressor_hydrogenPipelineOnshore_highP_hydrogenPipelineOnshore_highP
	 - Adding Compressor hydrogen_Compressor_hydrogenPipelineOnshore_highP_Storage_H2_Cavern_existing
	 - Adding Compressor hydrogen_Compressor_Storage_H2_Cavern_existing_hydrogenPipelineOnshore_lowP
	 - Adding Compressor hydrogen_Compressor_Storage_H2_Cavern_existing_hydrogenPipelineOnshore_highP
	 - Adding Compressor hydrogen_Compressor_Storage_H2_Cavern_existing_Storage_H2_Cavern_existing_existing
Constructing model completed in 449s
Constructing balances...
Constructing balances completed in 17s
Set objective on infrastructure due to willingness to pay
Set parameter OutputFlag to value 1
Set parameter LogFile to value "/gpfs/home3/scur1696/AdOpT-NET0-RegToNation/generic_node_optimization/results/parallel_creation_test_20251123_215646/task_003/t003_parallel_run_0007/userData/20251123220454-1/solver_log.txt"
Solver log file: /gpfs/home3/scur1696/AdOpT-NET0-RegToNation/generic_node_optimization/results/parallel_creation_test_20251123_215646/task_003/t003_parallel_run_0007/userData/20251123220454-1/solver_log.txt
Set parameter TimeLimit to value 180000
Set parameter MIPGap to value 0.01
Set parameter MIPFocus to value 0
Set parameter Threads to value 8
Set parameter NodefileStart to value 60
Set parameter Method to value -1
Set parameter Heuristics to value 0.05
Set parameter Presolve to value 1
Set parameter BranchDir to value 0
Set parameter LPWarmStart to value 0
Set parameter IntFeasTol to value 1e-05
Set parameter FeasibilityTol to value 1e-06
Set parameter Cuts to value -1
Set parameter NumericFocus to value 0
  [CONFIG] Gurobi default env configured: 8 threads per worker
--- Reading in data ---
Input data folder has been checked successfully - no errors occurred.
--- Reading in data complete ---
--- Constructing Model ---
Constructing Investment Period period1
Constructing Investment Period period1 completed
	 - Constructing Network hydrogenPipelineOnshore_lowP
			gdp.bigm Transformation...
			gdp.bigm Transformation completed in 0 s
		 - Constructing Arc BIG1 - BIG2 completed
			gdp.bigm Transformation...
			gdp.bigm Transformation completed in 0 s
		 - Constructing Arc BIG1 - SMALL1 completed
			gdp.bigm Transformation...
			gdp.bigm Transformation completed in 0 s
		 - Constructing Arc BIG1 - SMALL2 completed
			gdp.bigm Transformation...
			gdp.bigm Transformation completed in 0 s
		 - Constructing Arc BIG1 - SMALL3 completed
			gdp.bigm Transformation...
			gdp.bigm Transformation completed in 0 s
		 - Constructing Arc BIG1 - SMALL4 completed
			gdp.bigm Transformation...
			gdp.bigm Transformation completed in 0 s
		 - Constructing Arc BIG1 - STORAGE completed
			gdp.bigm Transformation...
			gdp.bigm Transformation completed in 0 s
		 - Constructing Arc BIG2 - BIG1 completed
			gdp.bigm Transformation...
			gdp.bigm Transformation completed in 0 s
		 - Constructing Arc BIG2 - SMALL1 completed
			gdp.bigm Transformation...
			gdp.bigm Transformation completed in 0 s
		 - Constructing Arc BIG2 - SMALL2 completed
			gdp.bigm Transformation...
			gdp.bigm Transformation completed in 0 s
		 - Constructing Arc BIG2 - SMALL3 completed
			gdp.bigm Transformation...
			gdp.bigm Transformation completed in 0 s
		 - Constructing Arc BIG2 - SMALL4 completed
			gdp.bigm Transformation...
			gdp.bigm Transformation completed in 0 s
		 - Constructing Arc BIG2 - STORAGE completed
			gdp.bigm Transformation...
			gdp.bigm Transformation completed in 0 s
		 - Constructing Arc SMALL1 - BIG1 completed
			gdp.bigm Transformation...
			gdp.bigm Transformation completed in 0 s
		 - Constructing Arc SMALL1 - BIG2 completed
			gdp.bigm Transformation...
			gdp.bigm Transformation completed in 0 s
		 - Constructing Arc SMALL1 - SMALL2 completed
			gdp.bigm Transformation...
			gdp.bigm Transformation completed in 0 s
		 - Constructing Arc SMALL1 - SMALL3 completed
			gdp.bigm Transformation...
			gdp.bigm Transformation completed in 0 s
		 - Constructing Arc SMALL1 - SMALL4 completed
			gdp.bigm Transformation...
			gdp.bigm Transformation completed in 0 s
		 - Constructing Arc SMALL1 - STORAGE completed
			gdp.bigm Transformation...
			gdp.bigm Transformation completed in 0 s
		 - Constructing Arc SMALL2 - BIG1 completed
			gdp.bigm Transformation...
			gdp.bigm Transformation completed in 0 s
		 - Constructing Arc SMALL2 - BIG2 completed
			gdp.bigm Transformation...
			gdp.bigm Transformation completed in 0 s
		 - Constructing Arc SMALL2 - SMALL1 completed
			gdp.bigm Transformation...
			gdp.bigm Transformation completed in 0 s
		 - Constructing Arc SMALL2 - SMALL3 completed
			gdp.bigm Transformation...
			gdp.bigm Transformation completed in 0 s
		 - Constructing Arc SMALL2 - SMALL4 completed
			gdp.bigm Transformation...
			gdp.bigm Transformation completed in 0 s
		 - Constructing Arc SMALL2 - STORAGE completed
			gdp.bigm Transformation...
			gdp.bigm Transformation completed in 0 s
		 - Constructing Arc SMALL3 - BIG1 completed
			gdp.bigm Transformation...
			gdp.bigm Transformation completed in 0 s
		 - Constructing Arc SMALL3 - BIG2 completed
			gdp.bigm Transformation...
			gdp.bigm Transformation completed in 0 s
		 - Constructing Arc SMALL3 - SMALL1 completed
			gdp.bigm Transformation...
			gdp.bigm Transformation completed in 0 s
		 - Constructing Arc SMALL3 - SMALL2 completed
			gdp.bigm Transformation...
			gdp.bigm Transformation completed in 0 s
		 - Constructing Arc SMALL3 - SMALL4 completed
			gdp.bigm Transformation...
			gdp.bigm Transformation completed in 0 s
		 - Constructing Arc SMALL3 - STORAGE completed
			gdp.bigm Transformation...
			gdp.bigm Transformation completed in 0 s
		 - Constructing Arc SMALL4 - BIG1 completed
			gdp.bigm Transformation...
			gdp.bigm Transformation completed in 0 s
		 - Constructing Arc SMALL4 - BIG2 completed
			gdp.bigm Transformation...
			gdp.bigm Transformation completed in 0 s
		 - Constructing Arc SMALL4 - SMALL1 completed
			gdp.bigm Transformation...
			gdp.bigm Transformation completed in 0 s
		 - Constructing Arc SMALL4 - SMALL2 completed
			gdp.bigm Transformation...
			gdp.bigm Transformation completed in 0 s
		 - Constructing Arc SMALL4 - SMALL3 completed
			gdp.bigm Transformation...
			gdp.bigm Transformation completed in 0 s
		 - Constructing Arc SMALL4 - STORAGE completed
			gdp.bigm Transformation...
			gdp.bigm Transformation completed in 0 s
		 - Constructing Arc STORAGE - BIG1 completed
			gdp.bigm Transformation...
			gdp.bigm Transformation completed in 0 s
		 - Constructing Arc STORAGE - BIG2 completed
			gdp.bigm Transformation...
			gdp.bigm Transformation completed in 0 s
		 - Constructing Arc STORAGE - SMALL1 completed
			gdp.bigm Transformation...
			gdp.bigm Transformation completed in 0 s
		 - Constructing Arc STORAGE - SMALL2 completed
			gdp.bigm Transformation...
			gdp.bigm Transformation completed in 0 s
		 - Constructing Arc STORAGE - SMALL3 completed
			gdp.bigm Transformation...
			gdp.bigm Transformation completed in 0 s
		 - Constructing Arc STORAGE - SMALL4 completed
	 - Constructing Network hydrogenPipelineOnshore_lowP completed
			gdp.bigm Transformation...
			gdp.bigm Transformation completed in 79 s
	 - Constructing Network hydrogenPipelineOnshore_highP
			gdp.bigm Transformation...
			gdp.bigm Transformation completed in 0 s
		 - Constructing Arc BIG1 - BIG2 completed
			gdp.bigm Transformation...
			gdp.bigm Transformation completed in 0 s
		 - Constructing Arc BIG1 - SMALL1 completed
			gdp.bigm Transformation...
			gdp.bigm Transformation completed in 0 s
		 - Constructing Arc BIG1 - SMALL2 completed
			gdp.bigm Transformation...
			gdp.bigm Transformation completed in 0 s
		 - Constructing Arc BIG1 - SMALL3 completed
			gdp.bigm Transformation...
			gdp.bigm Transformation completed in 0 s
		 - Constructing Arc BIG1 - SMALL4 completed
			gdp.bigm Transformation...
			gdp.bigm Transformation completed in 0 s
		 - Constructing Arc BIG1 - STORAGE completed
			gdp.bigm Transformation...
			gdp.bigm Transformation completed in 0 s
		 - Constructing Arc BIG2 - BIG1 completed
			gdp.bigm Transformation...
			gdp.bigm Transformation completed in 0 s
		 - Constructing Arc BIG2 - SMALL1 completed
			gdp.bigm Transformation...
			gdp.bigm Transformation completed in 0 s
		 - Constructing Arc BIG2 - SMALL2 completed
			gdp.bigm Transformation...
			gdp.bigm Transformation completed in 0 s
		 - Constructing Arc BIG2 - SMALL3 completed
			gdp.bigm Transformation...
			gdp.bigm Transformation completed in 0 s
		 - Constructing Arc BIG2 - SMALL4 completed
			gdp.bigm Transformation...
			gdp.bigm Transformation completed in 0 s
		 - Constructing Arc BIG2 - STORAGE completed
			gdp.bigm Transformation...
			gdp.bigm Transformation completed in 0 s
		 - Constructing Arc SMALL1 - BIG1 completed
			gdp.bigm Transformation...
			gdp.bigm Transformation completed in 0 s
		 - Constructing Arc SMALL1 - BIG2 completed
			gdp.bigm Transformation...
			gdp.bigm Transformation completed in 0 s
		 - Constructing Arc SMALL1 - SMALL2 completed
			gdp.bigm Transformation...
			gdp.bigm Transformation completed in 0 s
		 - Constructing Arc SMALL1 - SMALL3 completed
			gdp.bigm Transformation...
			gdp.bigm Transformation completed in 0 s
		 - Constructing Arc SMALL1 - SMALL4 completed
			gdp.bigm Transformation...
			gdp.bigm Transformation completed in 0 s
		 - Constructing Arc SMALL1 - STORAGE completed
			gdp.bigm Transformation...
			gdp.bigm Transformation completed in 0 s
		 - Constructing Arc SMALL2 - BIG1 completed
			gdp.bigm Transformation...
			gdp.bigm Transformation completed in 0 s
		 - Constructing Arc SMALL2 - BIG2 completed
			gdp.bigm Transformation...
			gdp.bigm Transformation completed in 0 s
		 - Constructing Arc SMALL2 - SMALL1 completed
			gdp.bigm Transformation...
			gdp.bigm Transformation completed in 0 s
		 - Constructing Arc SMALL2 - SMALL3 completed
			gdp.bigm Transformation...
			gdp.bigm Transformation completed in 0 s
		 - Constructing Arc SMALL2 - SMALL4 completed
			gdp.bigm Transformation...
			gdp.bigm Transformation completed in 0 s
		 - Constructing Arc SMALL2 - STORAGE completed
			gdp.bigm Transformation...
			gdp.bigm Transformation completed in 0 s
		 - Constructing Arc SMALL3 - BIG1 completed
			gdp.bigm Transformation...
			gdp.bigm Transformation completed in 0 s
		 - Constructing Arc SMALL3 - BIG2 completed
			gdp.bigm Transformation...
			gdp.bigm Transformation completed in 0 s
		 - Constructing Arc SMALL3 - SMALL1 completed
			gdp.bigm Transformation...
			gdp.bigm Transformation completed in 0 s
		 - Constructing Arc SMALL3 - SMALL2 completed
			gdp.bigm Transformation...
			gdp.bigm Transformation completed in 0 s
		 - Constructing Arc SMALL3 - SMALL4 completed
			gdp.bigm Transformation...
			gdp.bigm Transformation completed in 0 s
		 - Constructing Arc SMALL3 - STORAGE completed
			gdp.bigm Transformation...
			gdp.bigm Transformation completed in 0 s
		 - Constructing Arc SMALL4 - BIG1 completed
			gdp.bigm Transformation...
			gdp.bigm Transformation completed in 0 s
		 - Constructing Arc SMALL4 - BIG2 completed
			gdp.bigm Transformation...
			gdp.bigm Transformation completed in 0 s
		 - Constructing Arc SMALL4 - SMALL1 completed
			gdp.bigm Transformation...
			gdp.bigm Transformation completed in 0 s
		 - Constructing Arc SMALL4 - SMALL2 completed
			gdp.bigm Transformation...
			gdp.bigm Transformation completed in 0 s
		 - Constructing Arc SMALL4 - SMALL3 completed
			gdp.bigm Transformation...
			gdp.bigm Transformation completed in 0 s
		 - Constructing Arc SMALL4 - STORAGE completed
			gdp.bigm Transformation...
			gdp.bigm Transformation completed in 0 s
		 - Constructing Arc STORAGE - BIG1 completed
			gdp.bigm Transformation...
			gdp.bigm Transformation completed in 0 s
		 - Constructing Arc STORAGE - BIG2 completed
			gdp.bigm Transformation...
			gdp.bigm Transformation completed in 0 s
		 - Constructing Arc STORAGE - SMALL1 completed
			gdp.bigm Transformation...
			gdp.bigm Transformation completed in 0 s
		 - Constructing Arc STORAGE - SMALL2 completed
			gdp.bigm Transformation...
			gdp.bigm Transformation completed in 0 s
		 - Constructing Arc STORAGE - SMALL3 completed
			gdp.bigm Transformation...
			gdp.bigm Transformation completed in 0 s
		 - Constructing Arc STORAGE - SMALL4 completed
	 - Constructing Network hydrogenPipelineOnshore_highP completed
			gdp.bigm Transformation...
			gdp.bigm Transformation completed in 79 s
	 - Adding Technology Electrolyzer_big
			gdp.bigm Transformation...
			gdp.bigm Transformation completed in 0 s
	 - Adding Technology Storage_H2_highP
			gdp.bigm Transformation...
			gdp.bigm Transformation completed in 4 s
	 - Adding Compressor hydrogen_Compressor_hydrogenPipelineOnshore_lowP_hydrogenPipelineOnshore_lowP
	 - Adding Compressor hydrogen_Compressor_hydrogenPipelineOnshore_lowP_hydrogenPipelineOnshore_highP
	 - Adding Compressor hydrogen_Compressor_hydrogenPipelineOnshore_lowP_Storage_H2_highP
	 - Adding Compressor hydrogen_Compressor_hydrogenPipelineOnshore_lowP_Demand
	 - Adding Compressor hydrogen_Compressor_hydrogenPipelineOnshore_highP_hydrogenPipelineOnshore_lowP
	 - Adding Compressor hydrogen_Compressor_hydrogenPipelineOnshore_highP_hydrogenPipelineOnshore_highP
	 - Adding Compressor hydrogen_Compressor_hydrogenPipelineOnshore_highP_Storage_H2_highP
	 - Adding Compressor hydrogen_Compressor_hydrogenPipelineOnshore_highP_Demand
	 - Adding Compressor hydrogen_Compressor_Electrolyzer_big_hydrogenPipelineOnshore_lowP
	 - Adding Compressor hydrogen_Compressor_Electrolyzer_big_hydrogenPipelineOnshore_highP
	 - Adding Compressor hydrogen_Compressor_Electrolyzer_big_Storage_H2_highP
	 - Adding Compressor hydrogen_Compressor_Electrolyzer_big_Demand
	 - Adding Compressor hydrogen_Compressor_Storage_H2_highP_hydrogenPipelineOnshore_lowP
	 - Adding Compressor hydrogen_Compressor_Storage_H2_highP_hydrogenPipelineOnshore_highP
	 - Adding Compressor hydrogen_Compressor_Storage_H2_highP_Storage_H2_highP
	 - Adding Compressor hydrogen_Compressor_Storage_H2_highP_Demand
	 - Adding Compressor hydrogen_Compressor_Import_hydrogenPipelineOnshore_lowP
	 - Adding Compressor hydrogen_Compressor_Import_hydrogenPipelineOnshore_highP
	 - Adding Compressor hydrogen_Compressor_Import_Storage_H2_highP
	 - Adding Compressor hydrogen_Compressor_Import_Demand_existing
	 - Adding Technology Electrolyzer_big
			gdp.bigm Transformation...
			gdp.bigm Transformation completed in 0 s
	 - Adding Technology Storage_H2_highP
			gdp.bigm Transformation...
			gdp.bigm Transformation completed in 4 s
	 - Adding Compressor hydrogen_Compressor_hydrogenPipelineOnshore_lowP_hydrogenPipelineOnshore_lowP
	 - Adding Compressor hydrogen_Compressor_hydrogenPipelineOnshore_lowP_hydrogenPipelineOnshore_highP
	 - Adding Compressor hydrogen_Compressor_hydrogenPipelineOnshore_lowP_Storage_H2_highP
	 - Adding Compressor hydrogen_Compressor_hydrogenPipelineOnshore_lowP_Demand
	 - Adding Compressor hydrogen_Compressor_hydrogenPipelineOnshore_highP_hydrogenPipelineOnshore_lowP
	 - Adding Compressor hydrogen_Compressor_hydrogenPipelineOnshore_highP_hydrogenPipelineOnshore_highP
	 - Adding Compressor hydrogen_Compressor_hydrogenPipelineOnshore_highP_Storage_H2_highP
	 - Adding Compressor hydrogen_Compressor_hydrogenPipelineOnshore_highP_Demand
	 - Adding Compressor hydrogen_Compressor_Electrolyzer_big_hydrogenPipelineOnshore_lowP
	 - Adding Compressor hydrogen_Compressor_Electrolyzer_big_hydrogenPipelineOnshore_highP
	 - Adding Compressor hydrogen_Compressor_Electrolyzer_big_Storage_H2_highP
	 - Adding Compressor hydrogen_Compressor_Electrolyzer_big_Demand
	 - Adding Compressor hydrogen_Compressor_Storage_H2_highP_hydrogenPipelineOnshore_lowP
	 - Adding Compressor hydrogen_Compressor_Storage_H2_highP_hydrogenPipelineOnshore_highP
	 - Adding Compressor hydrogen_Compressor_Storage_H2_highP_Storage_H2_highP
	 - Adding Compressor hydrogen_Compressor_Storage_H2_highP_Demand
	 - Adding Compressor hydrogen_Compressor_Import_hydrogenPipelineOnshore_lowP
	 - Adding Compressor hydrogen_Compressor_Import_hydrogenPipelineOnshore_highP
	 - Adding Compressor hydrogen_Compressor_Import_Storage_H2_highP
	 - Adding Compressor hydrogen_Compressor_Import_Demand_existing
	 - Adding Technology Electrolyzer_small
	 - Adding Technology Storage_H2_lowP
			gdp.bigm Transformation...
			gdp.bigm Transformation completed in 4 s
	 - Adding Compressor hydrogen_Compressor_hydrogenPipelineOnshore_lowP_hydrogenPipelineOnshore_lowP
	 - Adding Compressor hydrogen_Compressor_hydrogenPipelineOnshore_lowP_hydrogenPipelineOnshore_highP
	 - Adding Compressor hydrogen_Compressor_hydrogenPipelineOnshore_lowP_Storage_H2_lowP
	 - Adding Compressor hydrogen_Compressor_hydrogenPipelineOnshore_lowP_Demand
	 - Adding Compressor hydrogen_Compressor_hydrogenPipelineOnshore_highP_hydrogenPipelineOnshore_lowP
	 - Adding Compressor hydrogen_Compressor_hydrogenPipelineOnshore_highP_hydrogenPipelineOnshore_highP
	 - Adding Compressor hydrogen_Compressor_hydrogenPipelineOnshore_highP_Storage_H2_lowP
	 - Adding Compressor hydrogen_Compressor_hydrogenPipelineOnshore_highP_Demand
	 - Adding Compressor hydrogen_Compressor_Electrolyzer_small_hydrogenPipelineOnshore_lowP
	 - Adding Compressor hydrogen_Compressor_Electrolyzer_small_hydrogenPipelineOnshore_highP
	 - Adding Compressor hydrogen_Compressor_Electrolyzer_small_Storage_H2_lowP
	 - Adding Compressor hydrogen_Compressor_Electrolyzer_small_Demand
	 - Adding Compressor hydrogen_Compressor_Storage_H2_lowP_hydrogenPipelineOnshore_lowP
	 - Adding Compressor hydrogen_Compressor_Storage_H2_lowP_hydrogenPipelineOnshore_highP
	 - Adding Compressor hydrogen_Compressor_Storage_H2_lowP_Storage_H2_lowP
	 - Adding Compressor hydrogen_Compressor_Storage_H2_lowP_Demand
	 - Adding Technology Electrolyzer_small
	 - Adding Technology Storage_H2_lowP
			gdp.bigm Transformation...
			gdp.bigm Transformation completed in 4 s
	 - Adding Compressor hydrogen_Compressor_hydrogenPipelineOnshore_lowP_hydrogenPipelineOnshore_lowP
	 - Adding Compressor hydrogen_Compressor_hydrogenPipelineOnshore_lowP_hydrogenPipelineOnshore_highP
	 - Adding Compressor hydrogen_Compressor_hydrogenPipelineOnshore_lowP_Storage_H2_lowP
	 - Adding Compressor hydrogen_Compressor_hydrogenPipelineOnshore_lowP_Demand
	 - Adding Compressor hydrogen_Compressor_hydrogenPipelineOnshore_highP_hydrogenPipelineOnshore_lowP
	 - Adding Compressor hydrogen_Compressor_hydrogenPipelineOnshore_highP_hydrogenPipelineOnshore_highP
	 - Adding Compressor hydrogen_Compressor_hydrogenPipelineOnshore_highP_Storage_H2_lowP
	 - Adding Compressor hydrogen_Compressor_hydrogenPipelineOnshore_highP_Demand
	 - Adding Compressor hydrogen_Compressor_Electrolyzer_small_hydrogenPipelineOnshore_lowP
	 - Adding Compressor hydrogen_Compressor_Electrolyzer_small_hydrogenPipelineOnshore_highP
	 - Adding Compressor hydrogen_Compressor_Electrolyzer_small_Storage_H2_lowP
	 - Adding Compressor hydrogen_Compressor_Electrolyzer_small_Demand
	 - Adding Compressor hydrogen_Compressor_Storage_H2_lowP_hydrogenPipelineOnshore_lowP
	 - Adding Compressor hydrogen_Compressor_Storage_H2_lowP_hydrogenPipelineOnshore_highP
	 - Adding Compressor hydrogen_Compressor_Storage_H2_lowP_Storage_H2_lowP
	 - Adding Compressor hydrogen_Compressor_Storage_H2_lowP_Demand
	 - Adding Technology Electrolyzer_small
	 - Adding Technology Storage_H2_lowP
			gdp.bigm Transformation...
			gdp.bigm Transformation completed in 4 s
	 - Adding Compressor hydrogen_Compressor_hydrogenPipelineOnshore_lowP_hydrogenPipelineOnshore_lowP
	 - Adding Compressor hydrogen_Compressor_hydrogenPipelineOnshore_lowP_hydrogenPipelineOnshore_highP
	 - Adding Compressor hydrogen_Compressor_hydrogenPipelineOnshore_lowP_Storage_H2_lowP
	 - Adding Compressor hydrogen_Compressor_hydrogenPipelineOnshore_lowP_Demand
	 - Adding Compressor hydrogen_Compressor_hydrogenPipelineOnshore_highP_hydrogenPipelineOnshore_lowP
	 - Adding Compressor hydrogen_Compressor_hydrogenPipelineOnshore_highP_hydrogenPipelineOnshore_highP
	 - Adding Compressor hydrogen_Compressor_hydrogenPipelineOnshore_highP_Storage_H2_lowP
	 - Adding Compressor hydrogen_Compressor_hydrogenPipelineOnshore_highP_Demand
	 - Adding Compressor hydrogen_Compressor_Electrolyzer_small_hydrogenPipelineOnshore_lowP
	 - Adding Compressor hydrogen_Compressor_Electrolyzer_small_hydrogenPipelineOnshore_highP
	 - Adding Compressor hydrogen_Compressor_Electrolyzer_small_Storage_H2_lowP
	 - Adding Compressor hydrogen_Compressor_Electrolyzer_small_Demand
	 - Adding Compressor hydrogen_Compressor_Storage_H2_lowP_hydrogenPipelineOnshore_lowP
	 - Adding Compressor hydrogen_Compressor_Storage_H2_lowP_hydrogenPipelineOnshore_highP
	 - Adding Compressor hydrogen_Compressor_Storage_H2_lowP_Storage_H2_lowP
	 - Adding Compressor hydrogen_Compressor_Storage_H2_lowP_Demand
	 - Adding Technology Electrolyzer_small
	 - Adding Technology Storage_H2_lowP
			gdp.bigm Transformation...
			gdp.bigm Transformation completed in 4 s
	 - Adding Compressor hydrogen_Compressor_hydrogenPipelineOnshore_lowP_hydrogenPipelineOnshore_lowP
	 - Adding Compressor hydrogen_Compressor_hydrogenPipelineOnshore_lowP_hydrogenPipelineOnshore_highP
	 - Adding Compressor hydrogen_Compressor_hydrogenPipelineOnshore_lowP_Storage_H2_lowP
	 - Adding Compressor hydrogen_Compressor_hydrogenPipelineOnshore_lowP_Demand
	 - Adding Compressor hydrogen_Compressor_hydrogenPipelineOnshore_highP_hydrogenPipelineOnshore_lowP
	 - Adding Compressor hydrogen_Compressor_hydrogenPipelineOnshore_highP_hydrogenPipelineOnshore_highP
	 - Adding Compressor hydrogen_Compressor_hydrogenPipelineOnshore_highP_Storage_H2_lowP
	 - Adding Compressor hydrogen_Compressor_hydrogenPipelineOnshore_highP_Demand
	 - Adding Compressor hydrogen_Compressor_Electrolyzer_small_hydrogenPipelineOnshore_lowP
	 - Adding Compressor hydrogen_Compressor_Electrolyzer_small_hydrogenPipelineOnshore_highP
	 - Adding Compressor hydrogen_Compressor_Electrolyzer_small_Storage_H2_lowP
	 - Adding Compressor hydrogen_Compressor_Electrolyzer_small_Demand
	 - Adding Compressor hydrogen_Compressor_Storage_H2_lowP_hydrogenPipelineOnshore_lowP
	 - Adding Compressor hydrogen_Compressor_Storage_H2_lowP_hydrogenPipelineOnshore_highP
	 - Adding Compressor hydrogen_Compressor_Storage_H2_lowP_Storage_H2_lowP
	 - Adding Compressor hydrogen_Compressor_Storage_H2_lowP_Demand
	 - Adding Technology Storage_H2_Cavern_existing
			gdp.bigm Transformation...
			gdp.bigm Transformation completed in 4 s
	 - Adding Compressor hydrogen_Compressor_hydrogenPipelineOnshore_lowP_hydrogenPipelineOnshore_lowP
	 - Adding Compressor hydrogen_Compressor_hydrogenPipelineOnshore_lowP_hydrogenPipelineOnshore_highP
	 - Adding Compressor hydrogen_Compressor_hydrogenPipelineOnshore_lowP_Storage_H2_Cavern_existing
	 - Adding Compressor hydrogen_Compressor_hydrogenPipelineOnshore_highP_hydrogenPipelineOnshore_lowP
	 - Adding Compressor hydrogen_Compressor_hydrogenPipelineOnshore_highP_hydrogenPipelineOnshore_highP
	 - Adding Compressor hydrogen_Compressor_hydrogenPipelineOnshore_highP_Storage_H2_Cavern_existing
	 - Adding Compressor hydrogen_Compressor_Storage_H2_Cavern_existing_hydrogenPipelineOnshore_lowP
	 - Adding Compressor hydrogen_Compressor_Storage_H2_Cavern_existing_hydrogenPipelineOnshore_highP
	 - Adding Compressor hydrogen_Compressor_Storage_H2_Cavern_existing_Storage_H2_Cavern_existing_existing
Constructing model completed in 451s
Constructing balances...
Constructing balances completed in 16s
Set objective on infrastructure due to willingness to pay
Set parameter OutputFlag to value 1
Set parameter LogFile to value "/gpfs/home3/scur1696/AdOpT-NET0-RegToNation/generic_node_optimization/results/parallel_creation_test_20251123_215646/task_003/t003_parallel_run_0004/userData/20251123220457-1/solver_log.txt"
Solver log file: /gpfs/home3/scur1696/AdOpT-NET0-RegToNation/generic_node_optimization/results/parallel_creation_test_20251123_215646/task_003/t003_parallel_run_0004/userData/20251123220457-1/solver_log.txt
Set parameter TimeLimit to value 180000
Set parameter MIPGap to value 0.01
Set parameter MIPFocus to value 0
Set parameter Threads to value 8
Set parameter NodefileStart to value 60
Set parameter Method to value -1
Set parameter Heuristics to value 0.05
Set parameter Presolve to value 1
Set parameter BranchDir to value 0
Set parameter LPWarmStart to value 0
Set parameter IntFeasTol to value 1e-05
Set parameter FeasibilityTol to value 1e-06
Set parameter Cuts to value -1
Set parameter NumericFocus to value 0
Gurobi Optimizer version 13.0.0 build v13.0.0rc1 (linux64 - "Red Hat Enterprise Linux 9.4 (Plow)")

CPU model: AMD EPYC 9654 96-Core Processor, instruction set [SSE2|AVX|AVX2|AVX512]
Thread count: 192 physical cores, 192 logical processors, using up to 8 threads

Non-default parameters:
TimeLimit  180000
MIPGap  0.01
LPWarmStart  0
NodefileStart  60
Presolve  1
Threads  8

Academic license 2729390 - for non-commercial use only - registered to m.___@uu.nl
Optimize a model with 9050179 rows, 6728544 columns and 21385595 nonzeros (Min)
Model fingerprint: 0x190b125b
Model has 1 linear objective coefficients
Variable types: 5869892 continuous, 858652 integer (858652 binary)
Coefficient statistics:
  Matrix range     [2e-03, 2e+08]
  Objective range  [1e+00, 1e+00]
  Bounds range     [5e-02, 6e+08]
  RHS range        [1e+00, 9e+09]
Warning: Model contains large matrix coefficients
Warning: Model contains large rhs
         Consider reformulating model or setting NumericFocus parameter
         to avoid numerical issues.
  [CONFIG] Gurobi default env configured: 8 threads per worker
--- Reading in data ---
Input data folder has been checked successfully - no errors occurred.
--- Reading in data complete ---
--- Constructing Model ---
Constructing Investment Period period1
Constructing Investment Period period1 completed
	 - Constructing Network hydrogenPipelineOnshore_lowP
			gdp.bigm Transformation...
			gdp.bigm Transformation completed in 0 s
		 - Constructing Arc BIG1 - BIG2 completed
			gdp.bigm Transformation...
			gdp.bigm Transformation completed in 0 s
		 - Constructing Arc BIG1 - SMALL1 completed
			gdp.bigm Transformation...
			gdp.bigm Transformation completed in 0 s
		 - Constructing Arc BIG1 - SMALL2 completed
			gdp.bigm Transformation...
			gdp.bigm Transformation completed in 0 s
		 - Constructing Arc BIG1 - SMALL3 completed
			gdp.bigm Transformation...
			gdp.bigm Transformation completed in 0 s
		 - Constructing Arc BIG1 - SMALL4 completed
			gdp.bigm Transformation...
			gdp.bigm Transformation completed in 0 s
		 - Constructing Arc BIG1 - STORAGE completed
			gdp.bigm Transformation...
			gdp.bigm Transformation completed in 0 s
		 - Constructing Arc BIG2 - BIG1 completed
			gdp.bigm Transformation...
			gdp.bigm Transformation completed in 0 s
		 - Constructing Arc BIG2 - SMALL1 completed
			gdp.bigm Transformation...
			gdp.bigm Transformation completed in 0 s
		 - Constructing Arc BIG2 - SMALL2 completed
			gdp.bigm Transformation...
			gdp.bigm Transformation completed in 0 s
		 - Constructing Arc BIG2 - SMALL3 completed
			gdp.bigm Transformation...
			gdp.bigm Transformation completed in 0 s
		 - Constructing Arc BIG2 - SMALL4 completed
			gdp.bigm Transformation...
			gdp.bigm Transformation completed in 0 s
		 - Constructing Arc BIG2 - STORAGE completed
			gdp.bigm Transformation...
			gdp.bigm Transformation completed in 0 s
		 - Constructing Arc SMALL1 - BIG1 completed
			gdp.bigm Transformation...
			gdp.bigm Transformation completed in 0 s
		 - Constructing Arc SMALL1 - BIG2 completed
			gdp.bigm Transformation...
			gdp.bigm Transformation completed in 0 s
		 - Constructing Arc SMALL1 - SMALL2 completed
			gdp.bigm Transformation...
			gdp.bigm Transformation completed in 0 s
		 - Constructing Arc SMALL1 - SMALL3 completed
			gdp.bigm Transformation...
			gdp.bigm Transformation completed in 0 s
		 - Constructing Arc SMALL1 - SMALL4 completed
			gdp.bigm Transformation...
			gdp.bigm Transformation completed in 0 s
		 - Constructing Arc SMALL1 - STORAGE completed
			gdp.bigm Transformation...
			gdp.bigm Transformation completed in 0 s
		 - Constructing Arc SMALL2 - BIG1 completed
			gdp.bigm Transformation...
			gdp.bigm Transformation completed in 0 s
		 - Constructing Arc SMALL2 - BIG2 completed
			gdp.bigm Transformation...
			gdp.bigm Transformation completed in 0 s
		 - Constructing Arc SMALL2 - SMALL1 completed
			gdp.bigm Transformation...
			gdp.bigm Transformation completed in 0 s
		 - Constructing Arc SMALL2 - SMALL3 completed
			gdp.bigm Transformation...
			gdp.bigm Transformation completed in 0 s
		 - Constructing Arc SMALL2 - SMALL4 completed
			gdp.bigm Transformation...
			gdp.bigm Transformation completed in 0 s
		 - Constructing Arc SMALL2 - STORAGE completed
			gdp.bigm Transformation...
			gdp.bigm Transformation completed in 0 s
		 - Constructing Arc SMALL3 - BIG1 completed
			gdp.bigm Transformation...
			gdp.bigm Transformation completed in 0 s
		 - Constructing Arc SMALL3 - BIG2 completed
			gdp.bigm Transformation...
			gdp.bigm Transformation completed in 0 s
		 - Constructing Arc SMALL3 - SMALL1 completed
			gdp.bigm Transformation...
			gdp.bigm Transformation completed in 0 s
		 - Constructing Arc SMALL3 - SMALL2 completed
			gdp.bigm Transformation...
			gdp.bigm Transformation completed in 0 s
		 - Constructing Arc SMALL3 - SMALL4 completed
			gdp.bigm Transformation...
			gdp.bigm Transformation completed in 0 s
		 - Constructing Arc SMALL3 - STORAGE completed
			gdp.bigm Transformation...
			gdp.bigm Transformation completed in 0 s
		 - Constructing Arc SMALL4 - BIG1 completed
			gdp.bigm Transformation...
			gdp.bigm Transformation completed in 0 s
		 - Constructing Arc SMALL4 - BIG2 completed
			gdp.bigm Transformation...
			gdp.bigm Transformation completed in 0 s
		 - Constructing Arc SMALL4 - SMALL1 completed
			gdp.bigm Transformation...
			gdp.bigm Transformation completed in 0 s
		 - Constructing Arc SMALL4 - SMALL2 completed
			gdp.bigm Transformation...
			gdp.bigm Transformation completed in 0 s
		 - Constructing Arc SMALL4 - SMALL3 completed
			gdp.bigm Transformation...
			gdp.bigm Transformation completed in 0 s
		 - Constructing Arc SMALL4 - STORAGE completed
			gdp.bigm Transformation...
			gdp.bigm Transformation completed in 0 s
		 - Constructing Arc STORAGE - BIG1 completed
			gdp.bigm Transformation...
			gdp.bigm Transformation completed in 0 s
		 - Constructing Arc STORAGE - BIG2 completed
			gdp.bigm Transformation...
			gdp.bigm Transformation completed in 0 s
		 - Constructing Arc STORAGE - SMALL1 completed
			gdp.bigm Transformation...
			gdp.bigm Transformation completed in 0 s
		 - Constructing Arc STORAGE - SMALL2 completed
			gdp.bigm Transformation...
			gdp.bigm Transformation completed in 0 s
		 - Constructing Arc STORAGE - SMALL3 completed
			gdp.bigm Transformation...
			gdp.bigm Transformation completed in 0 s
		 - Constructing Arc STORAGE - SMALL4 completed
	 - Constructing Network hydrogenPipelineOnshore_lowP completed
			gdp.bigm Transformation...
			gdp.bigm Transformation completed in 80 s
	 - Constructing Network hydrogenPipelineOnshore_highP
			gdp.bigm Transformation...
			gdp.bigm Transformation completed in 0 s
		 - Constructing Arc BIG1 - BIG2 completed
			gdp.bigm Transformation...
			gdp.bigm Transformation completed in 0 s
		 - Constructing Arc BIG1 - SMALL1 completed
			gdp.bigm Transformation...
			gdp.bigm Transformation completed in 0 s
		 - Constructing Arc BIG1 - SMALL2 completed
			gdp.bigm Transformation...
			gdp.bigm Transformation completed in 0 s
		 - Constructing Arc BIG1 - SMALL3 completed
			gdp.bigm Transformation...
			gdp.bigm Transformation completed in 0 s
		 - Constructing Arc BIG1 - SMALL4 completed
			gdp.bigm Transformation...
			gdp.bigm Transformation completed in 0 s
		 - Constructing Arc BIG1 - STORAGE completed
			gdp.bigm Transformation...
			gdp.bigm Transformation completed in 0 s
		 - Constructing Arc BIG2 - BIG1 completed
			gdp.bigm Transformation...
			gdp.bigm Transformation completed in 0 s
		 - Constructing Arc BIG2 - SMALL1 completed
			gdp.bigm Transformation...
			gdp.bigm Transformation completed in 0 s
		 - Constructing Arc BIG2 - SMALL2 completed
			gdp.bigm Transformation...
			gdp.bigm Transformation completed in 0 s
		 - Constructing Arc BIG2 - SMALL3 completed
			gdp.bigm Transformation...
			gdp.bigm Transformation completed in 0 s
		 - Constructing Arc BIG2 - SMALL4 completed
			gdp.bigm Transformation...
			gdp.bigm Transformation completed in 0 s
		 - Constructing Arc BIG2 - STORAGE completed
			gdp.bigm Transformation...
			gdp.bigm Transformation completed in 0 s
		 - Constructing Arc SMALL1 - BIG1 completed
			gdp.bigm Transformation...
			gdp.bigm Transformation completed in 0 s
		 - Constructing Arc SMALL1 - BIG2 completed
			gdp.bigm Transformation...
			gdp.bigm Transformation completed in 0 s
		 - Constructing Arc SMALL1 - SMALL2 completed
			gdp.bigm Transformation...
			gdp.bigm Transformation completed in 0 s
		 - Constructing Arc SMALL1 - SMALL3 completed
			gdp.bigm Transformation...
			gdp.bigm Transformation completed in 0 s
		 - Constructing Arc SMALL1 - SMALL4 completed
			gdp.bigm Transformation...
			gdp.bigm Transformation completed in 0 s
		 - Constructing Arc SMALL1 - STORAGE completed
			gdp.bigm Transformation...
			gdp.bigm Transformation completed in 0 s
		 - Constructing Arc SMALL2 - BIG1 completed
			gdp.bigm Transformation...
			gdp.bigm Transformation completed in 0 s
		 - Constructing Arc SMALL2 - BIG2 completed
			gdp.bigm Transformation...
			gdp.bigm Transformation completed in 0 s
		 - Constructing Arc SMALL2 - SMALL1 completed
			gdp.bigm Transformation...
			gdp.bigm Transformation completed in 0 s
		 - Constructing Arc SMALL2 - SMALL3 completed
			gdp.bigm Transformation...
			gdp.bigm Transformation completed in 0 s
		 - Constructing Arc SMALL2 - SMALL4 completed
			gdp.bigm Transformation...
			gdp.bigm Transformation completed in 0 s
		 - Constructing Arc SMALL2 - STORAGE completed
			gdp.bigm Transformation...
			gdp.bigm Transformation completed in 0 s
		 - Constructing Arc SMALL3 - BIG1 completed
			gdp.bigm Transformation...
			gdp.bigm Transformation completed in 0 s
		 - Constructing Arc SMALL3 - BIG2 completed
			gdp.bigm Transformation...
			gdp.bigm Transformation completed in 0 s
		 - Constructing Arc SMALL3 - SMALL1 completed
			gdp.bigm Transformation...
			gdp.bigm Transformation completed in 0 s
		 - Constructing Arc SMALL3 - SMALL2 completed
			gdp.bigm Transformation...
			gdp.bigm Transformation completed in 0 s
		 - Constructing Arc SMALL3 - SMALL4 completed
			gdp.bigm Transformation...
			gdp.bigm Transformation completed in 0 s
		 - Constructing Arc SMALL3 - STORAGE completed
			gdp.bigm Transformation...
			gdp.bigm Transformation completed in 0 s
		 - Constructing Arc SMALL4 - BIG1 completed
			gdp.bigm Transformation...
			gdp.bigm Transformation completed in 0 s
		 - Constructing Arc SMALL4 - BIG2 completed
			gdp.bigm Transformation...
			gdp.bigm Transformation completed in 0 s
		 - Constructing Arc SMALL4 - SMALL1 completed
			gdp.bigm Transformation...
			gdp.bigm Transformation completed in 0 s
		 - Constructing Arc SMALL4 - SMALL2 completed
			gdp.bigm Transformation...
			gdp.bigm Transformation completed in 0 s
		 - Constructing Arc SMALL4 - SMALL3 completed
			gdp.bigm Transformation...
			gdp.bigm Transformation completed in 0 s
		 - Constructing Arc SMALL4 - STORAGE completed
			gdp.bigm Transformation...
			gdp.bigm Transformation completed in 0 s
		 - Constructing Arc STORAGE - BIG1 completed
			gdp.bigm Transformation...
			gdp.bigm Transformation completed in 0 s
		 - Constructing Arc STORAGE - BIG2 completed
			gdp.bigm Transformation...
			gdp.bigm Transformation completed in 0 s
		 - Constructing Arc STORAGE - SMALL1 completed
			gdp.bigm Transformation...
			gdp.bigm Transformation completed in 0 s
		 - Constructing Arc STORAGE - SMALL2 completed
			gdp.bigm Transformation...
			gdp.bigm Transformation completed in 0 s
		 - Constructing Arc STORAGE - SMALL3 completed
			gdp.bigm Transformation...
			gdp.bigm Transformation completed in 0 s
		 - Constructing Arc STORAGE - SMALL4 completed
	 - Constructing Network hydrogenPipelineOnshore_highP completed
			gdp.bigm Transformation...
			gdp.bigm Transformation completed in 80 s
	 - Adding Technology Electrolyzer_big
			gdp.bigm Transformation...
			gdp.bigm Transformation completed in 0 s
	 - Adding Technology Storage_H2_highP
			gdp.bigm Transformation...
			gdp.bigm Transformation completed in 4 s
	 - Adding Compressor hydrogen_Compressor_hydrogenPipelineOnshore_lowP_hydrogenPipelineOnshore_lowP
	 - Adding Compressor hydrogen_Compressor_hydrogenPipelineOnshore_lowP_hydrogenPipelineOnshore_highP
	 - Adding Compressor hydrogen_Compressor_hydrogenPipelineOnshore_lowP_Storage_H2_highP
	 - Adding Compressor hydrogen_Compressor_hydrogenPipelineOnshore_lowP_Demand
	 - Adding Compressor hydrogen_Compressor_hydrogenPipelineOnshore_highP_hydrogenPipelineOnshore_lowP
	 - Adding Compressor hydrogen_Compressor_hydrogenPipelineOnshore_highP_hydrogenPipelineOnshore_highP
	 - Adding Compressor hydrogen_Compressor_hydrogenPipelineOnshore_highP_Storage_H2_highP
	 - Adding Compressor hydrogen_Compressor_hydrogenPipelineOnshore_highP_Demand
	 - Adding Compressor hydrogen_Compressor_Electrolyzer_big_hydrogenPipelineOnshore_lowP
	 - Adding Compressor hydrogen_Compressor_Electrolyzer_big_hydrogenPipelineOnshore_highP
	 - Adding Compressor hydrogen_Compressor_Electrolyzer_big_Storage_H2_highP
	 - Adding Compressor hydrogen_Compressor_Electrolyzer_big_Demand
	 - Adding Compressor hydrogen_Compressor_Storage_H2_highP_hydrogenPipelineOnshore_lowP
	 - Adding Compressor hydrogen_Compressor_Storage_H2_highP_hydrogenPipelineOnshore_highP
	 - Adding Compressor hydrogen_Compressor_Storage_H2_highP_Storage_H2_highP
	 - Adding Compressor hydrogen_Compressor_Storage_H2_highP_Demand
	 - Adding Compressor hydrogen_Compressor_Import_hydrogenPipelineOnshore_lowP
	 - Adding Compressor hydrogen_Compressor_Import_hydrogenPipelineOnshore_highP
	 - Adding Compressor hydrogen_Compressor_Import_Storage_H2_highP
	 - Adding Compressor hydrogen_Compressor_Import_Demand_existing
	 - Adding Technology Electrolyzer_big
			gdp.bigm Transformation...
			gdp.bigm Transformation completed in 0 s
	 - Adding Technology Storage_H2_highP
			gdp.bigm Transformation...
			gdp.bigm Transformation completed in 4 s
	 - Adding Compressor hydrogen_Compressor_hydrogenPipelineOnshore_lowP_hydrogenPipelineOnshore_lowP
	 - Adding Compressor hydrogen_Compressor_hydrogenPipelineOnshore_lowP_hydrogenPipelineOnshore_highP
	 - Adding Compressor hydrogen_Compressor_hydrogenPipelineOnshore_lowP_Storage_H2_highP
	 - Adding Compressor hydrogen_Compressor_hydrogenPipelineOnshore_lowP_Demand
	 - Adding Compressor hydrogen_Compressor_hydrogenPipelineOnshore_highP_hydrogenPipelineOnshore_lowP
	 - Adding Compressor hydrogen_Compressor_hydrogenPipelineOnshore_highP_hydrogenPipelineOnshore_highP
	 - Adding Compressor hydrogen_Compressor_hydrogenPipelineOnshore_highP_Storage_H2_highP
	 - Adding Compressor hydrogen_Compressor_hydrogenPipelineOnshore_highP_Demand
	 - Adding Compressor hydrogen_Compressor_Electrolyzer_big_hydrogenPipelineOnshore_lowP
	 - Adding Compressor hydrogen_Compressor_Electrolyzer_big_hydrogenPipelineOnshore_highP
	 - Adding Compressor hydrogen_Compressor_Electrolyzer_big_Storage_H2_highP
	 - Adding Compressor hydrogen_Compressor_Electrolyzer_big_Demand
	 - Adding Compressor hydrogen_Compressor_Storage_H2_highP_hydrogenPipelineOnshore_lowP
	 - Adding Compressor hydrogen_Compressor_Storage_H2_highP_hydrogenPipelineOnshore_highP
	 - Adding Compressor hydrogen_Compressor_Storage_H2_highP_Storage_H2_highP
	 - Adding Compressor hydrogen_Compressor_Storage_H2_highP_Demand
	 - Adding Compressor hydrogen_Compressor_Import_hydrogenPipelineOnshore_lowP
	 - Adding Compressor hydrogen_Compressor_Import_hydrogenPipelineOnshore_highP
	 - Adding Compressor hydrogen_Compressor_Import_Storage_H2_highP
	 - Adding Compressor hydrogen_Compressor_Import_Demand_existing
	 - Adding Technology Electrolyzer_small
	 - Adding Technology Storage_H2_lowP
			gdp.bigm Transformation...
			gdp.bigm Transformation completed in 4 s
	 - Adding Compressor hydrogen_Compressor_hydrogenPipelineOnshore_lowP_hydrogenPipelineOnshore_lowP
	 - Adding Compressor hydrogen_Compressor_hydrogenPipelineOnshore_lowP_hydrogenPipelineOnshore_highP
	 - Adding Compressor hydrogen_Compressor_hydrogenPipelineOnshore_lowP_Storage_H2_lowP
	 - Adding Compressor hydrogen_Compressor_hydrogenPipelineOnshore_lowP_Demand
	 - Adding Compressor hydrogen_Compressor_hydrogenPipelineOnshore_highP_hydrogenPipelineOnshore_lowP
	 - Adding Compressor hydrogen_Compressor_hydrogenPipelineOnshore_highP_hydrogenPipelineOnshore_highP
	 - Adding Compressor hydrogen_Compressor_hydrogenPipelineOnshore_highP_Storage_H2_lowP
	 - Adding Compressor hydrogen_Compressor_hydrogenPipelineOnshore_highP_Demand
	 - Adding Compressor hydrogen_Compressor_Electrolyzer_small_hydrogenPipelineOnshore_lowP
	 - Adding Compressor hydrogen_Compressor_Electrolyzer_small_hydrogenPipelineOnshore_highP
	 - Adding Compressor hydrogen_Compressor_Electrolyzer_small_Storage_H2_lowP
	 - Adding Compressor hydrogen_Compressor_Electrolyzer_small_Demand
	 - Adding Compressor hydrogen_Compressor_Storage_H2_lowP_hydrogenPipelineOnshore_lowP
	 - Adding Compressor hydrogen_Compressor_Storage_H2_lowP_hydrogenPipelineOnshore_highP
	 - Adding Compressor hydrogen_Compressor_Storage_H2_lowP_Storage_H2_lowP
	 - Adding Compressor hydrogen_Compressor_Storage_H2_lowP_Demand
	 - Adding Technology Electrolyzer_small
	 - Adding Technology Storage_H2_lowP
			gdp.bigm Transformation...
			gdp.bigm Transformation completed in 4 s
	 - Adding Compressor hydrogen_Compressor_hydrogenPipelineOnshore_lowP_hydrogenPipelineOnshore_lowP
	 - Adding Compressor hydrogen_Compressor_hydrogenPipelineOnshore_lowP_hydrogenPipelineOnshore_highP
	 - Adding Compressor hydrogen_Compressor_hydrogenPipelineOnshore_lowP_Storage_H2_lowP
	 - Adding Compressor hydrogen_Compressor_hydrogenPipelineOnshore_lowP_Demand
	 - Adding Compressor hydrogen_Compressor_hydrogenPipelineOnshore_highP_hydrogenPipelineOnshore_lowP
	 - Adding Compressor hydrogen_Compressor_hydrogenPipelineOnshore_highP_hydrogenPipelineOnshore_highP
	 - Adding Compressor hydrogen_Compressor_hydrogenPipelineOnshore_highP_Storage_H2_lowP
	 - Adding Compressor hydrogen_Compressor_hydrogenPipelineOnshore_highP_Demand
	 - Adding Compressor hydrogen_Compressor_Electrolyzer_small_hydrogenPipelineOnshore_lowP
	 - Adding Compressor hydrogen_Compressor_Electrolyzer_small_hydrogenPipelineOnshore_highP
	 - Adding Compressor hydrogen_Compressor_Electrolyzer_small_Storage_H2_lowP
	 - Adding Compressor hydrogen_Compressor_Electrolyzer_small_Demand
	 - Adding Compressor hydrogen_Compressor_Storage_H2_lowP_hydrogenPipelineOnshore_lowP
	 - Adding Compressor hydrogen_Compressor_Storage_H2_lowP_hydrogenPipelineOnshore_highP
	 - Adding Compressor hydrogen_Compressor_Storage_H2_lowP_Storage_H2_lowP
	 - Adding Compressor hydrogen_Compressor_Storage_H2_lowP_Demand
	 - Adding Technology Electrolyzer_small
	 - Adding Technology Storage_H2_lowP
			gdp.bigm Transformation...
			gdp.bigm Transformation completed in 4 s
	 - Adding Compressor hydrogen_Compressor_hydrogenPipelineOnshore_lowP_hydrogenPipelineOnshore_lowP
	 - Adding Compressor hydrogen_Compressor_hydrogenPipelineOnshore_lowP_hydrogenPipelineOnshore_highP
	 - Adding Compressor hydrogen_Compressor_hydrogenPipelineOnshore_lowP_Storage_H2_lowP
	 - Adding Compressor hydrogen_Compressor_hydrogenPipelineOnshore_lowP_Demand
	 - Adding Compressor hydrogen_Compressor_hydrogenPipelineOnshore_highP_hydrogenPipelineOnshore_lowP
	 - Adding Compressor hydrogen_Compressor_hydrogenPipelineOnshore_highP_hydrogenPipelineOnshore_highP
	 - Adding Compressor hydrogen_Compressor_hydrogenPipelineOnshore_highP_Storage_H2_lowP
	 - Adding Compressor hydrogen_Compressor_hydrogenPipelineOnshore_highP_Demand
	 - Adding Compressor hydrogen_Compressor_Electrolyzer_small_hydrogenPipelineOnshore_lowP
	 - Adding Compressor hydrogen_Compressor_Electrolyzer_small_hydrogenPipelineOnshore_highP
	 - Adding Compressor hydrogen_Compressor_Electrolyzer_small_Storage_H2_lowP
	 - Adding Compressor hydrogen_Compressor_Electrolyzer_small_Demand
	 - Adding Compressor hydrogen_Compressor_Storage_H2_lowP_hydrogenPipelineOnshore_lowP
	 - Adding Compressor hydrogen_Compressor_Storage_H2_lowP_hydrogenPipelineOnshore_highP
	 - Adding Compressor hydrogen_Compressor_Storage_H2_lowP_Storage_H2_lowP
	 - Adding Compressor hydrogen_Compressor_Storage_H2_lowP_Demand
	 - Adding Technology Electrolyzer_small
	 - Adding Technology Storage_H2_lowP
			gdp.bigm Transformation...
			gdp.bigm Transformation completed in 4 s
	 - Adding Compressor hydrogen_Compressor_hydrogenPipelineOnshore_lowP_hydrogenPipelineOnshore_lowP
	 - Adding Compressor hydrogen_Compressor_hydrogenPipelineOnshore_lowP_hydrogenPipelineOnshore_highP
	 - Adding Compressor hydrogen_Compressor_hydrogenPipelineOnshore_lowP_Storage_H2_lowP
	 - Adding Compressor hydrogen_Compressor_hydrogenPipelineOnshore_lowP_Demand
	 - Adding Compressor hydrogen_Compressor_hydrogenPipelineOnshore_highP_hydrogenPipelineOnshore_lowP
	 - Adding Compressor hydrogen_Compressor_hydrogenPipelineOnshore_highP_hydrogenPipelineOnshore_highP
	 - Adding Compressor hydrogen_Compressor_hydrogenPipelineOnshore_highP_Storage_H2_lowP
	 - Adding Compressor hydrogen_Compressor_hydrogenPipelineOnshore_highP_Demand
	 - Adding Compressor hydrogen_Compressor_Electrolyzer_small_hydrogenPipelineOnshore_lowP
	 - Adding Compressor hydrogen_Compressor_Electrolyzer_small_hydrogenPipelineOnshore_highP
	 - Adding Compressor hydrogen_Compressor_Electrolyzer_small_Storage_H2_lowP
	 - Adding Compressor hydrogen_Compressor_Electrolyzer_small_Demand
	 - Adding Compressor hydrogen_Compressor_Storage_H2_lowP_hydrogenPipelineOnshore_lowP
	 - Adding Compressor hydrogen_Compressor_Storage_H2_lowP_hydrogenPipelineOnshore_highP
	 - Adding Compressor hydrogen_Compressor_Storage_H2_lowP_Storage_H2_lowP
	 - Adding Compressor hydrogen_Compressor_Storage_H2_lowP_Demand
	 - Adding Technology Storage_H2_Cavern_existing
			gdp.bigm Transformation...
			gdp.bigm Transformation completed in 4 s
	 - Adding Compressor hydrogen_Compressor_hydrogenPipelineOnshore_lowP_hydrogenPipelineOnshore_lowP
	 - Adding Compressor hydrogen_Compressor_hydrogenPipelineOnshore_lowP_hydrogenPipelineOnshore_highP
	 - Adding Compressor hydrogen_Compressor_hydrogenPipelineOnshore_lowP_Storage_H2_Cavern_existing
	 - Adding Compressor hydrogen_Compressor_hydrogenPipelineOnshore_highP_hydrogenPipelineOnshore_lowP
	 - Adding Compressor hydrogen_Compressor_hydrogenPipelineOnshore_highP_hydrogenPipelineOnshore_highP
	 - Adding Compressor hydrogen_Compressor_hydrogenPipelineOnshore_highP_Storage_H2_Cavern_existing
	 - Adding Compressor hydrogen_Compressor_Storage_H2_Cavern_existing_hydrogenPipelineOnshore_lowP
	 - Adding Compressor hydrogen_Compressor_Storage_H2_Cavern_existing_hydrogenPipelineOnshore_highP
	 - Adding Compressor hydrogen_Compressor_Storage_H2_Cavern_existing_Storage_H2_Cavern_existing_existing
Constructing model completed in 452s
Constructing balances...
Constructing balances completed in 17s
Set objective on infrastructure due to willingness to pay
Set parameter OutputFlag to value 1
Set parameter LogFile to value "/gpfs/home3/scur1696/AdOpT-NET0-RegToNation/generic_node_optimization/results/parallel_creation_test_20251123_215646/task_003/t003_parallel_run_0003/userData/20251123220458-1/solver_log.txt"
Solver log file: /gpfs/home3/scur1696/AdOpT-NET0-RegToNation/generic_node_optimization/results/parallel_creation_test_20251123_215646/task_003/t003_parallel_run_0003/userData/20251123220458-1/solver_log.txt
Set parameter TimeLimit to value 180000
Set parameter MIPGap to value 0.01
Set parameter MIPFocus to value 0
Set parameter Threads to value 8
Set parameter NodefileStart to value 60
Set parameter Method to value -1
Set parameter Heuristics to value 0.05
Set parameter Presolve to value 1
Set parameter BranchDir to value 0
Set parameter LPWarmStart to value 0
Set parameter IntFeasTol to value 1e-05
Set parameter FeasibilityTol to value 1e-06
Set parameter Cuts to value -1
Set parameter NumericFocus to value 0
Presolve removed 5370508 rows and 3924941 columns (presolve time = 10s)...
Gurobi Optimizer version 13.0.0 build v13.0.0rc1 (linux64 - "Red Hat Enterprise Linux 9.4 (Plow)")

CPU model: AMD EPYC 9654 96-Core Processor, instruction set [SSE2|AVX|AVX2|AVX512]
Thread count: 192 physical cores, 192 logical processors, using up to 8 threads

Non-default parameters:
TimeLimit  180000
MIPGap  0.01
LPWarmStart  0
NodefileStart  60
Presolve  1
Threads  8

Academic license 2729390 - for non-commercial use only - registered to m.___@uu.nl
Optimize a model with 9050179 rows, 6728544 columns and 21385595 nonzeros (Min)
Presolve removed 5528318 rows and 4082751 columns (presolve time = 15s)...
Model fingerprint: 0x27407242
Model has 1 linear objective coefficients
Variable types: 5869892 continuous, 858652 integer (858652 binary)
Coefficient statistics:
  Matrix range     [2e-03, 2e+08]
  Objective range  [1e+00, 1e+00]
  Bounds range     [5e-02, 6e+08]
  RHS range        [1e+00, 6e+09]
Warning: Model contains large matrix coefficients
Warning: Model contains large rhs
         Consider reformulating model or setting NumericFocus parameter
         to avoid numerical issues.
Presolve removed 5370508 rows and 3924941 columns (presolve time = 10s)...
Gurobi Optimizer version 13.0.0 build v13.0.0rc1 (linux64 - "Red Hat Enterprise Linux 9.4 (Plow)")

CPU model: AMD EPYC 9654 96-Core Processor, instruction set [SSE2|AVX|AVX2|AVX512]
Thread count: 192 physical cores, 192 logical processors, using up to 8 threads

Non-default parameters:
TimeLimit  180000
MIPGap  0.01
LPWarmStart  0
NodefileStart  60
Presolve  1
Threads  8

Academic license 2729390 - for non-commercial use only - registered to m.___@uu.nl
Optimize a model with 9050179 rows, 6728544 columns and 21385595 nonzeros (Min)
Model fingerprint: 0xf4d3f224
Model has 1 linear objective coefficients
Variable types: 5869892 continuous, 858652 integer (858652 binary)
Coefficient statistics:
  Matrix range     [2e-03, 2e+08]
  Objective range  [1e+00, 1e+00]
  Bounds range     [5e-02, 6e+08]
  RHS range        [1e+00, 8e+09]
Warning: Model contains large matrix coefficients
Warning: Model contains large rhs
         Consider reformulating model or setting NumericFocus parameter
         to avoid numerical issues.
Presolve removed 5361748 rows and 3924941 columns (presolve time = 5s)...
Gurobi Optimizer version 13.0.0 build v13.0.0rc1 (linux64 - "Red Hat Enterprise Linux 9.4 (Plow)")

CPU model: AMD EPYC 9654 96-Core Processor, instruction set [SSE2|AVX|AVX2|AVX512]
Thread count: 192 physical cores, 192 logical processors, using up to 8 threads

Non-default parameters:
TimeLimit  180000
MIPGap  0.01
LPWarmStart  0
NodefileStart  60
Presolve  1
Threads  8

Academic license 2729390 - for non-commercial use only - registered to m.___@uu.nl
Optimize a model with 9050179 rows, 6728544 columns and 21385595 nonzeros (Min)
Model fingerprint: 0xd6b173b3
Model has 1 linear objective coefficients
Variable types: 5869892 continuous, 858652 integer (858652 binary)
Coefficient statistics:
  Matrix range     [2e-03, 2e+08]
  Objective range  [1e+00, 1e+00]
  Bounds range     [5e-02, 6e+08]
  RHS range        [1e+00, 6e+09]
Warning: Model contains large matrix coefficients
Warning: Model contains large rhs
         Consider reformulating model or setting NumericFocus parameter
         to avoid numerical issues.
Presolve removed 5528318 rows and 4082751 columns (presolve time = 15s)...
Presolve removed 5528318 rows and 4082751 columns (presolve time = 20s)...
Presolve removed 5528318 rows and 4082751 columns (presolve time = 15s)...
Presolve removed 5370508 rows and 3924941 columns (presolve time = 11s)...
Presolve removed 5361748 rows and 3924941 columns (presolve time = 5s)...
Presolve removed 5528318 rows and 4082751 columns (presolve time = 20s)...
Presolve removed 5528318 rows and 4082751 columns (presolve time = 20s)...
Presolve removed 5528318 rows and 4082751 columns (presolve time = 26s)...
Presolve removed 5361748 rows and 3924941 columns (presolve time = 5s)...
Presolve removed 5528318 rows and 4082751 columns (presolve time = 15s)...
Presolve removed 5361748 rows and 3924941 columns (presolve time = 5s)...
Presolve removed 5370508 rows and 3924941 columns (presolve time = 10s)...
Presolve removed 5361748 rows and 3924941 columns (presolve time = 5s)...
Presolve removed 5528318 rows and 4082751 columns (presolve time = 25s)...
Presolve removed 5545992 rows and 4161696 columns (presolve time = 30s)...
Presolve removed 5528318 rows and 4082751 columns (presolve time = 25s)...
Presolve removed 5370508 rows and 3924941 columns (presolve time = 10s)...
Presolve removed 5528318 rows and 4082751 columns (presolve time = 20s)...
Presolve removed 5370508 rows and 3924941 columns (presolve time = 10s)...
Presolve removed 5528318 rows and 4082751 columns (presolve time = 15s)...
Presolve removed 5370508 rows and 3924941 columns (presolve time = 11s)...
Presolve removed 5528318 rows and 4082751 columns (presolve time = 31s)...
Presolve removed 5554871 rows and 4161696 columns (presolve time = 35s)...
Presolve removed 5528318 rows and 4082751 columns (presolve time = 15s)...
Presolve removed 5528318 rows and 4082751 columns (presolve time = 31s)...
Presolve removed 5528318 rows and 4082751 columns (presolve time = 25s)...
Presolve removed 5528318 rows and 4082751 columns (presolve time = 15s)...
Presolve removed 5528318 rows and 4082751 columns (presolve time = 20s)...
Presolve removed 5528318 rows and 4082751 columns (presolve time = 15s)...
Presolve removed 5534338 rows and 4150000 columns (presolve time = 35s)...
Presolve removed 5554871 rows and 4161696 columns (presolve time = 40s)...
Presolve removed 5534338 rows and 4150000 columns (presolve time = 35s)...
Presolve removed 5528318 rows and 4082751 columns (presolve time = 20s)...
Presolve removed 5554871 rows and 4161696 columns
Presolve time: 40.79s
Presolved: 3495308 rows, 2566848 columns, 11519714 nonzeros
Presolve removed 5528318 rows and 4082751 columns (presolve time = 20s)...
Presolve removed 5528318 rows and 4082751 columns (presolve time = 31s)...
Presolve removed 5528318 rows and 4082751 columns (presolve time = 25s)...
Presolve removed 5528318 rows and 4082751 columns (presolve time = 20s)...
Presolve removed 5554871 rows and 4161696 columns (presolve time = 40s)...
Presolve removed 5554871 rows and 4161696 columns (presolve time = 40s)...
Presolve removed 5528318 rows and 4082751 columns (presolve time = 25s)...
Presolve removed 5534338 rows and 4150000 columns (presolve time = 35s)...
Presolve removed 5528318 rows and 4082751 columns (presolve time = 25s)...
Presolve removed 5528318 rows and 4082751 columns (presolve time = 30s)...
Presolve removed 5528318 rows and 4082751 columns (presolve time = 25s)...
Presolve removed 5554871 rows and 4161696 columns (presolve time = 45s)...
Variable types: 2137564 continuous, 429284 integer (429284 binary)
Presolve removed 5554871 rows and 4161696 columns (presolve time = 45s)...
Presolve removed 5528318 rows and 4082751 columns (presolve time = 30s)...
Presolve removed 5554871 rows and 4161696 columns (presolve time = 40s)...
Presolve removed 5528318 rows and 4144064 columns (presolve time = 30s)...
Presolve removed 5528402 rows and 4144064 columns (presolve time = 35s)...
Presolve removed 5554871 rows and 4161696 columns
Presolve time: 49.96s
Presolved: 3495308 rows, 2566848 columns, 11519714 nonzeros
Presolve removed 5528318 rows and 4082751 columns (presolve time = 32s)...
Presolve removed 5545992 rows and 4161696 columns (presolve time = 35s)...
Presolve removed 5554871 rows and 4161696 columns (presolve time = 51s)...
Presolve removed 5554871 rows and 4161696 columns
Presolve time: 50.62s
Presolved: 3495308 rows, 2566848 columns, 11519714 nonzeros
Presolve removed 5554871 rows and 4161696 columns (presolve time = 45s)...
Presolve removed 5545992 rows and 4161696 columns (presolve time = 35s)...
Presolve removed 5554861 rows and 4161696 columns (presolve time = 40s)...
Presolve removed 5528402 rows and 4144064 columns (presolve time = 35s)...
Presolve removed 5554871 rows and 4161696 columns (presolve time = 40s)...
Variable types: 2137564 continuous, 429284 integer (429284 binary)
Presolve removed 5554871 rows and 4161696 columns (presolve time = 40s)...
Presolve removed 5554871 rows and 4161696 columns (presolve time = 51s)...
Presolve removed 5554871 rows and 4161696 columns
Presolve time: 50.56s
Presolved: 3495308 rows, 2566848 columns, 11519715 nonzeros
Presolve removed 5554871 rows and 4161696 columns (presolve time = 45s)...
Presolve removed 5554861 rows and 4161696 columns (presolve time = 40s)...
Variable types: 2137564 continuous, 429284 integer (429284 binary)
Presolve removed 5554871 rows and 4161696 columns (presolve time = 45s)...
Presolve removed 5554871 rows and 4161696 columns (presolve time = 45s)...
Presolve removed 5554871 rows and 4161696 columns (presolve time = 45s)...
Presolve removed 5554871 rows and 4161696 columns (presolve time = 51s)...
Presolve removed 5554871 rows and 4161696 columns
Presolve time: 47.40s
Presolved: 3495308 rows, 2566848 columns, 11519714 nonzeros
Presolve removed 5554871 rows and 4161696 columns
Presolve time: 51.96s
Presolved: 3495308 rows, 2566848 columns, 11519714 nonzeros
Presolve removed 5554871 rows and 4161696 columns
Presolve time: 48.71s
Presolved: 3495308 rows, 2566848 columns, 11519714 nonzeros
Variable types: 2137564 continuous, 429284 integer (429284 binary)
Deterministic concurrent LP optimizer: primal simplex, dual simplex, and barrier
Showing barrier log only...

Root barrier log...

Presolve removed 5554871 rows and 4161696 columns (presolve time = 50s)...
Presolve removed 5554871 rows and 4161696 columns
Presolve time: 51.44s
Presolved: 3495308 rows, 2566848 columns, 11519714 nonzeros
Ordering time: 2.93s
Variable types: 2137564 continuous, 429284 integer (429284 binary)

Barrier statistics:
 Dense cols : 103
 AA' NZ     : 1.544e+07
 Factor NZ  : 6.624e+07 (roughly 2.6 GB of memory)
 Factor Ops : 4.369e+09 (less than 1 second per iteration)
 Threads    : 5
Variable types: 2137564 continuous, 429284 integer (429284 binary)
Variable types: 2137564 continuous, 429284 integer (429284 binary)

                  Objective                Residual
Iter       Primal          Dual         Primal    Dual     Compl     Time
   0   1.98937645e+10 -2.57517181e+11  7.35e+09 1.30e+01  1.27e+08    85s
   1   2.12191427e+10 -4.22313286e+11  7.12e+09 6.63e+01  1.15e+08    86s
Variable types: 2137564 continuous, 429284 integer (429284 binary)
   2   1.37114801e+10 -3.96525829e+11  4.26e+09 3.81e+00  7.00e+07    88s
Found heuristic solution: objective 4.931922e+07
   3   5.07171503e+09 -3.75079845e+11  9.02e+08 1.50e-06  1.54e+07    90s
   4   3.04117779e+09 -3.24638290e+11  3.28e+07 8.00e-07  6.03e+05    92s
   5   3.01817176e+09 -2.67842123e+11  1.10e+07 1.34e-07  2.22e+05    93s
   6   3.01790221e+09 -2.65594880e+11  1.06e+07 1.28e-07  2.16e+05    95s
Deterministic concurrent LP optimizer: primal simplex, dual simplex, and barrier
Showing barrier log only...

   7   3.01740907e+09 -2.59258408e+11  1.01e+07 1.28e-07  2.05e+05    97s
Deterministic concurrent LP optimizer: primal simplex, dual simplex, and barrier
Showing barrier log only...

Root barrier log...

   8   3.01610104e+09 -2.43775660e+11  9.24e+06 1.05e-07  1.87e+05    99s
Root barrier log...

   9   3.01324347e+09 -2.28236398e+11  7.55e+06 1.03e-07  1.57e+05   101s
  10   2.90144634e+09 -1.90571828e+11  4.73e+06 1.15e-07  1.04e+05   104s
Ordering time: 4.40s
Deterministic concurrent LP optimizer: primal simplex, dual simplex, and barrier
Showing barrier log only...

Found heuristic solution: objective 1.743703e+08
Ordering time: 4.33s
Deterministic concurrent LP optimizer: primal simplex, dual simplex, and barrier
Showing barrier log only...

  11   2.37732865e+09 -1.48451165e+11  3.63e+06 5.75e-08  7.83e+04   106s

Barrier statistics:
 Dense cols : 103
 AA' NZ     : 1.544e+07
 Factor NZ  : 6.624e+07 (roughly 2.6 GB of memory)
 Factor Ops : 4.369e+09 (less than 1 second per iteration)
 Threads    : 5
Root barrier log...

Root barrier log...


                  Objective                Residual
Iter       Primal          Dual         Primal    Dual     Compl     Time

Barrier statistics:
 Dense cols : 103
 AA' NZ     : 1.544e+07
 Factor NZ  : 6.624e+07 (roughly 2.6 GB of memory)
 Factor Ops : 4.369e+09 (less than 1 second per iteration)
 Threads    : 5
   0   1.84418152e+10 -2.60879032e+11  7.28e+09 9.21e+00  1.16e+08   104s
  12   2.00305531e+09 -1.13841770e+11  2.87e+06 6.31e-08  6.21e+04   110s

                  Objective                Residual
Iter       Primal          Dual         Primal    Dual     Compl     Time
   0   6.22741040e+10 -1.25072409e+13  2.34e+05 1.27e+03  8.85e+07   100s
   1   1.97111339e+10 -4.34726345e+11  7.06e+09 6.05e+01  1.05e+08   106s
Ordering time: 3.70s
Ordering time: 3.43s
   1   6.28984021e+10 -1.23666905e+13  2.26e+05 3.35e+04  8.36e+07   102s
  13   1.43550970e+09 -8.93134262e+10  2.06e+06 5.59e-08  4.63e+04   113s

Barrier statistics:
 Dense cols : 103
 AA' NZ     : 1.544e+07
 Factor NZ  : 6.624e+07 (roughly 2.6 GB of memory)
 Factor Ops : 4.369e+09 (less than 1 second per iteration)
 Threads    : 5
   2   1.28461844e+10 -4.04448521e+11  4.24e+09 3.83e+00  6.41e+07   109s

Barrier statistics:
 Dense cols : 103
 AA' NZ     : 1.544e+07
 Factor NZ  : 6.624e+07 (roughly 2.6 GB of memory)
 Factor Ops : 4.369e+09 (less than 1 second per iteration)
 Threads    : 5

                  Objective                Residual
Iter       Primal          Dual         Primal    Dual     Compl     Time
   0   1.23177519e+10 -2.63396259e+11  3.98e+09 1.01e+01  7.48e+07    94s

                  Objective                Residual
Iter       Primal          Dual         Primal    Dual     Compl     Time
  14   8.50979894e+08 -4.22722037e+10  1.23e+06 2.56e-07  2.62e+04   115s
   0   7.24107412e+09 -2.53872290e+11  2.04e+09 5.53e+00  3.96e+07    95s
   2   6.27363360e+10 -1.23136378e+13  2.22e+05 3.24e+04  8.17e+07   105s
   3   3.86142094e+09 -3.75096671e+11  4.66e+08 1.51e-06  7.19e+06   112s
Deterministic concurrent LP optimizer: primal simplex, dual simplex, and barrier
Showing barrier log only...

   1   1.32490773e+10 -5.63194396e+11  3.86e+09 1.57e+02  7.14e+07    96s
   1   7.86600479e+09 -5.57457951e+11  1.98e+09 4.53e+01  3.75e+07    97s
  15   3.80024540e+08 -2.63593685e+10  5.18e+05 5.95e-07  1.26e+04   118s
   3   6.31581935e+10 -1.22275846e+13  2.14e+05 2.70e+04  7.87e+07   108s
Root barrier log...

   4   3.08768203e+09 -3.01158299e+11  5.53e+07 1.01e-07  8.90e+05   115s
   2   8.36822474e+09 -4.87400613e+11  2.15e+09 4.42e+00  3.99e+07    99s
   2   5.64978772e+09 -4.25629791e+11  1.20e+09 2.32e+00  2.31e+07   100s
  16   1.92675967e+08 -1.77605545e+10  2.41e+05 9.56e-07  6.69e+03   121s
   5   3.03761781e+09 -2.18252798e+11  1.25e+07 7.76e-02  2.17e+05   117s
   4   5.99572776e+10 -1.06515340e+13  1.49e+05 3.10e+02  4.61e+07   112s
   3   3.29342227e+09 -4.32990924e+11  2.21e+08 9.21e-06  4.24e+06   102s
  17   1.47694484e+08 -1.36634078e+10  1.74e+05 6.93e-07  4.91e+03   123s
   3   3.17785984e+09 -3.63440572e+11  1.83e+08 1.01e-05  3.68e+06   103s
   6   3.03300867e+09 -2.22389299e+11  8.09e+06 7.23e-02  1.51e+05   119s
Deterministic concurrent LP optimizer: primal simplex, dual simplex, and barrier
Showing barrier log only...

Ordering time: 5.42s
[ERROR] Exception processing t003_parallel_run_0001: A process in the process pool was terminated abruptly while the future was running or pending.
[ERROR] Exception processing t003_parallel_run_0003: A process in the process pool was terminated abruptly while the future was running or pending.
[ERROR] Exception processing t003_parallel_run_0002: A process in the process pool was terminated abruptly while the future was running or pending.
[ERROR] Exception processing t003_parallel_run_0007: A process in the process pool was terminated abruptly while the future was running or pending.
[ERROR] Exception processing t003_parallel_run_0005: A process in the process pool was terminated abruptly while the future was running or pending.
[ERROR] Exception processing t003_parallel_run_0006: A process in the process pool was terminated abruptly while the future was running or pending.
[ERROR] Exception processing t003_parallel_run_0004: A process in the process pool was terminated abruptly while the future was running or pending.
[ERROR] Exception processing t003_parallel_run_0008: A process in the process pool was terminated abruptly while the future was running or pending.
[ERROR] Exception processing t003_parallel_run_0009: A process in the process pool was terminated abruptly while the future was running or pending.
[ERROR] Exception processing t003_parallel_run_0010: A process in the process pool was terminated abruptly while the future was running or pending.
[ERROR] Exception processing t003_parallel_run_0012: A process in the process pool was terminated abruptly while the future was running or pending.
[ERROR] Exception processing t003_parallel_run_0011: A process in the process pool was terminated abruptly while the future was running or pending.

================================================================================
PARALLEL OPTIMIZATION COMPLETE
================================================================================
Total runs: 12
Successful: 0
Failed: 12
  - Creation failures: 0
  - Solve failures: 12

[TIMING] Timing breakdown:
  - Model creation (parallel): 18.8s (0.3 min)
  - Model solving (parallel): 1187.8s (19.8 min)
  - TOTAL TIME: 1206.5s (20.1 min)
  - Average per run: 100.5s

[SPEEDUP] Speedup estimate vs sequential:
  - If creation was sequential: ~2.5 min
  - If solving was sequential: ~158.4 min
  - Potential total sequential time: ~160.9 min

[RESULTS] Results saved to: /gpfs/home3/scur1696/AdOpT-NET0-RegToNation/generic_node_optimization/results/parallel_creation_test_20251123_215646/task_003
================================================================================

[WARNING] Failed runs:
  t003_parallel_run_0001: A process in the process pool was terminated abruptly while the future was running or pending.
  t003_parallel_run_0003: A process in the process pool was terminated abruptly while the future was running or pending.
  t003_parallel_run_0002: A process in the process pool was terminated abruptly while the future was running or pending.
  t003_parallel_run_0007: A process in the process pool was terminated abruptly while the future was running or pending.
  t003_parallel_run_0005: A process in the process pool was terminated abruptly while the future was running or pending.
  t003_parallel_run_0006: A process in the process pool was terminated abruptly while the future was running or pending.
  t003_parallel_run_0004: A process in the process pool was terminated abruptly while the future was running or pending.
  t003_parallel_run_0008: A process in the process pool was terminated abruptly while the future was running or pending.
  t003_parallel_run_0009: A process in the process pool was terminated abruptly while the future was running or pending.
  t003_parallel_run_0010: A process in the process pool was terminated abruptly while the future was running or pending.
  t003_parallel_run_0012: A process in the process pool was terminated abruptly while the future was running or pending.
  t003_parallel_run_0011: A process in the process pool was terminated abruptly while the future was running or pending.

[OK] Parallel creation + Gurobi-env optimization complete!
[RESULTS] Summary Excel: /gpfs/home3/scur1696/AdOpT-NET0-RegToNation/generic_node_optimization/results/parallel_creation_test_20251123_215646/task_003/parallel_results_summary.xlsx
===========================
Finished at: Sun Nov 23 22:16:53 CET 2025
===========================
