===========================
Running on node: tcn1174
Array job index: 0
Started: Mon Nov 24 00:23:49 CET 2025
===========================
Python module loaded.
Activated virtual environment.
Configured Gurobi runtime paths.
Working directory: /home/scur1696/AdOpT-NET0-RegToNation/generic_node_optimization
[SLURM] Detected CPU total: 192
[CONFIG] Using 4 workers × 12 threads (total 48 threads)
[SAMPLING] Method: LATIN HYPERCUBe SAMPLING
   Full grid would be: 1080 combinations
   LHS samples: 50
   Reduction: 95.4%

[OK] Total combinations: 50
[ARRAY] SLURM_ARRAY_TASK_ID=0, SLURM_ARRAY_TASK_COUNT=4
[ARRAY] This job is chunk index 0 of 4
[ARRAY] This job will run 13 combinations out of 50
[OK] Total runs to execute in THIS JOB: 13

[CONFIG] System configuration:
   - Strategy: Manual configuration
   - Total logical processors: 192
   - Parallel workers: 4
   - Threads per worker: 12
   - Total thread usage: 48 (of 192)
   - CPU utilization: 25.0%
   [INFO] Conservative CPU usage (25.0%)
       Consider increasing workers or threads_per_worker for better performance

================================================================================
PARALLEL CREATION + GUROBI-ENV OPTIMIZATION RUNNER
================================================================================
Total runs: 13
Max parallel workers: 4
Threads per worker: 12
Results folder: /gpfs/home3/scur1696/AdOpT-NET0-RegToNation/generic_node_optimization/results/parallel_creation_test_20251124_002357/task_000
================================================================================


================================================================================
PHASE 1: Creating 13 models in PARALLEL
Using 'spawn' context for clean process separation
================================================================================

[CREATE] Creating model: t000_parallel_run_0001
      Node       lon        lat  alt
0     BIG1  0.836099  51.924400    0
1     BIG2  8.119301  51.924400    0
2   SMALL1  7.682309  51.026089    0
3   SMALL2  4.769028  51.026089    0
4   SMALL3  7.682309  52.822711    0
5   SMALL4  4.769028  52.822711    0
6  STORAGE  6.496768  51.071748    0
New network
Max size per arc:          BIG1  BIG2  SMALL1  SMALL2  SMALL3  SMALL4  STORAGE
BIG1        0  1000    1000    1000    1000    1000     1000
BIG2     1000     0    1000    1000    1000    1000     1000
SMALL1   1000  1000       0    1000    1000    1000     1000
SMALL2   1000  1000    1000       0    1000    1000     1000
SMALL3   1000  1000    1000    1000       0    1000     1000
SMALL4   1000  1000    1000    1000    1000       0     1000
STORAGE  1000  1000    1000    1000    1000    1000        0
Connection:          BIG1  BIG2  SMALL1  SMALL2  SMALL3  SMALL4  STORAGE
BIG1        0     1       1       1       1       1        1
BIG2        1     0       1       1       1       1        1
SMALL1      1     1       0       1       1       1        1
SMALL2      1     1       1       0       1       1        1
SMALL3      1     1       1       1       0       1        1
SMALL4      1     1       1       1       1       0        1
STORAGE     1     1       1       1       1       1        0
📍 Calculating distances from scenario coordinates
✅ Using calculated distances from topology coordinates
Distance matrix saved for both networks
Created smooth electricity prices for BIG1:
Created smooth electricity prices for BIG2:
Created smooth electricity prices for SMALL1:
Created smooth electricity prices for SMALL2:
Created smooth electricity prices for SMALL3:
Created smooth electricity prices for SMALL4:
Created smooth electricity prices for STORAGE:
[SUCCESS] Model created: t000_parallel_run_0001
[CREATE] Creating model: t000_parallel_run_0005
      Node       lon        lat  alt
0     BIG1  0.836099  51.924400    0
1     BIG2  8.119301  51.924400    0
2   SMALL1  7.682309  51.026089    0
3   SMALL2  4.769028  51.026089    0
4   SMALL3  7.682309  52.822711    0
5   SMALL4  4.769028  52.822711    0
6  STORAGE  6.496768  51.071748    0
New network
Max size per arc:          BIG1  BIG2  SMALL1  SMALL2  SMALL3  SMALL4  STORAGE
BIG1        0  1000    1000    1000    1000    1000     1000
BIG2     1000     0    1000    1000    1000    1000     1000
SMALL1   1000  1000       0    1000    1000    1000     1000
SMALL2   1000  1000    1000       0    1000    1000     1000
SMALL3   1000  1000    1000    1000       0    1000     1000
SMALL4   1000  1000    1000    1000    1000       0     1000
STORAGE  1000  1000    1000    1000    1000    1000        0
Connection:          BIG1  BIG2  SMALL1  SMALL2  SMALL3  SMALL4  STORAGE
BIG1        0     1       1       1       1       1        1
BIG2        1     0       1       1       1       1        1
SMALL1      1     1       0       1       1       1        1
SMALL2      1     1       1       0       1       1        1
SMALL3      1     1       1       1       0       1        1
SMALL4      1     1       1       1       1       0        1
STORAGE     1     1       1       1       1       1        0
📍 Calculating distances from scenario coordinates
✅ Using calculated distances from topology coordinates
Distance matrix saved for both networks
Created smooth electricity prices for BIG1:
Created smooth electricity prices for BIG2:
Created smooth electricity prices for SMALL1:
Created smooth electricity prices for SMALL2:
Created smooth electricity prices for SMALL3:
Created smooth electricity prices for SMALL4:
Created smooth electricity prices for STORAGE:
[SUCCESS] Model created: t000_parallel_run_0005
[CREATE] Creating model: t000_parallel_run_0011
      Node       lon        lat  alt
0     BIG1  0.836099  51.924400    0
1     BIG2  8.119301  51.924400    0
2   SMALL1  7.682309  51.026089    0
3   SMALL2  4.769028  51.026089    0
4   SMALL3  7.682309  52.822711    0
5   SMALL4  4.769028  52.822711    0
6  STORAGE  6.496768  51.071748    0
New network
Max size per arc:          BIG1  BIG2  SMALL1  SMALL2  SMALL3  SMALL4  STORAGE
BIG1        0  1000    1000    1000    1000    1000     1000
BIG2     1000     0    1000    1000    1000    1000     1000
SMALL1   1000  1000       0    1000    1000    1000     1000
SMALL2   1000  1000    1000       0    1000    1000     1000
SMALL3   1000  1000    1000    1000       0    1000     1000
SMALL4   1000  1000    1000    1000    1000       0     1000
STORAGE  1000  1000    1000    1000    1000    1000        0
Connection:          BIG1  BIG2  SMALL1  SMALL2  SMALL3  SMALL4  STORAGE
BIG1        0     1       1       1       1       1        1
BIG2        1     0       1       1       1       1        1
SMALL1      1     1       0       1       1       1        1
SMALL2      1     1       1       0       1       1        1
SMALL3      1     1       1       1       0       1        1
SMALL4      1     1       1       1       1       0        1
STORAGE     1     1       1       1       1       1        0
📍 Calculating distances from scenario coordinates
✅ Using calculated distances from topology coordinates
Distance matrix saved for both networks
Created smooth electricity prices for BIG1:
Created smooth electricity prices for BIG2:
Created smooth electricity prices for SMALL1:
Created smooth electricity prices for SMALL2:
Created smooth electricity prices for SMALL3:
Created smooth electricity prices for SMALL4:
Created smooth electricity prices for STORAGE:
[SUCCESS] Model created: t000_parallel_run_0011
[CREATE] Creating model: t000_parallel_run_0003
      Node       lon        lat  alt
0     BIG1  0.836099  51.924400    0
1     BIG2  8.119301  51.924400    0
2   SMALL1  7.682309  51.026089    0
3   SMALL2  4.769028  51.026089    0
4   SMALL3  7.682309  52.822711    0
5   SMALL4  4.769028  52.822711    0
6  STORAGE  6.496768  51.071748    0
New network
Max size per arc:          BIG1  BIG2  SMALL1  SMALL2  SMALL3  SMALL4  STORAGE
BIG1        0  1000    1000    1000    1000    1000     1000
BIG2     1000     0    1000    1000    1000    1000     1000
SMALL1   1000  1000       0    1000    1000    1000     1000
SMALL2   1000  1000    1000       0    1000    1000     1000
SMALL3   1000  1000    1000    1000       0    1000     1000
SMALL4   1000  1000    1000    1000    1000       0     1000
STORAGE  1000  1000    1000    1000    1000    1000        0
Connection:          BIG1  BIG2  SMALL1  SMALL2  SMALL3  SMALL4  STORAGE
BIG1        0     1       1       1       1       1        1
BIG2        1     0       1       1       1       1        1
SMALL1      1     1       0       1       1       1        1
SMALL2      1     1       1       0       1       1        1
SMALL3      1     1       1       1       0       1        1
SMALL4      1     1       1       1       1       0        1
STORAGE     1     1       1       1       1       1        0
📍 Calculating distances from scenario coordinates
✅ Using calculated distances from topology coordinates
Distance matrix saved for both networks
Created smooth electricity prices for BIG1:
Created smooth electricity prices for BIG2:
Created smooth electricity prices for SMALL1:
Created smooth electricity prices for SMALL2:
Created smooth electricity prices for SMALL3:
Created smooth electricity prices for SMALL4:
Created smooth electricity prices for STORAGE:
[SUCCESS] Model created: t000_parallel_run_0003
[CREATE] Creating model: t000_parallel_run_0007
      Node       lon        lat  alt
0     BIG1  0.836099  51.924400    0
1     BIG2  8.119301  51.924400    0
2   SMALL1  7.682309  51.026089    0
3   SMALL2  4.769028  51.026089    0
4   SMALL3  7.682309  52.822711    0
5   SMALL4  4.769028  52.822711    0
6  STORAGE  6.496768  51.071748    0
New network
Max size per arc:          BIG1  BIG2  SMALL1  SMALL2  SMALL3  SMALL4  STORAGE
BIG1        0  1000    1000    1000    1000    1000     1000
BIG2     1000     0    1000    1000    1000    1000     1000
SMALL1   1000  1000       0    1000    1000    1000     1000
SMALL2   1000  1000    1000       0    1000    1000     1000
SMALL3   1000  1000    1000    1000       0    1000     1000
SMALL4   1000  1000    1000    1000    1000       0     1000
STORAGE  1000  1000    1000    1000    1000    1000        0
Connection:          BIG1  BIG2  SMALL1  SMALL2  SMALL3  SMALL4  STORAGE
BIG1        0     1       1       1       1       1        1
BIG2        1     0       1       1       1       1        1
SMALL1      1     1       0       1       1       1        1
SMALL2      1     1       1       0       1       1        1
SMALL3      1     1       1       1       0       1        1
SMALL4      1     1       1       1       1       0        1
STORAGE     1     1       1       1       1       1        0
📍 Calculating distances from scenario coordinates
✅ Using calculated distances from topology coordinates
Distance matrix saved for both networks
Created smooth electricity prices for BIG1:
Created smooth electricity prices for BIG2:
Created smooth electricity prices for SMALL1:
Created smooth electricity prices for SMALL2:
Created smooth electricity prices for SMALL3:
Created smooth electricity prices for SMALL4:
Created smooth electricity prices for STORAGE:
[SUCCESS] Model created: t000_parallel_run_0007
[CREATE] Creating model: t000_parallel_run_0010
      Node       lon        lat  alt
0     BIG1  0.836099  51.924400    0
1     BIG2  8.119301  51.924400    0
2   SMALL1  7.682309  51.026089    0
3   SMALL2  4.769028  51.026089    0
4   SMALL3  7.682309  52.822711    0
5   SMALL4  4.769028  52.822711    0
6  STORAGE  6.496768  51.071748    0
New network
Max size per arc:          BIG1  BIG2  SMALL1  SMALL2  SMALL3  SMALL4  STORAGE
BIG1        0  1000    1000    1000    1000    1000     1000
BIG2     1000     0    1000    1000    1000    1000     1000
SMALL1   1000  1000       0    1000    1000    1000     1000
SMALL2   1000  1000    1000       0    1000    1000     1000
SMALL3   1000  1000    1000    1000       0    1000     1000
SMALL4   1000  1000    1000    1000    1000       0     1000
STORAGE  1000  1000    1000    1000    1000    1000        0
Connection:          BIG1  BIG2  SMALL1  SMALL2  SMALL3  SMALL4  STORAGE
BIG1        0     1       1       1       1       1        1
BIG2        1     0       1       1       1       1        1
SMALL1      1     1       0       1       1       1        1
SMALL2      1     1       1       0       1       1        1
SMALL3      1     1       1       1       0       1        1
SMALL4      1     1       1       1       1       0        1
STORAGE     1     1       1       1       1       1        0
📍 Calculating distances from scenario coordinates
✅ Using calculated distances from topology coordinates
Distance matrix saved for both networks
Created smooth electricity prices for BIG1:
Created smooth electricity prices for BIG2:
Created smooth electricity prices for SMALL1:
Created smooth electricity prices for SMALL2:
Created smooth electricity prices for SMALL3:
Created smooth electricity prices for SMALL4:
Created smooth electricity prices for STORAGE:
[SUCCESS] Model created: t000_parallel_run_0010
[CREATE] Creating model: t000_parallel_run_0002
      Node       lon        lat  alt
0     BIG1  0.836099  51.924400    0
1     BIG2  8.119301  51.924400    0
2   SMALL1  7.682309  51.026089    0
3   SMALL2  4.769028  51.026089    0
4   SMALL3  7.682309  52.822711    0
5   SMALL4  4.769028  52.822711    0
6  STORAGE  6.496768  51.071748    0
New network
Max size per arc:          BIG1  BIG2  SMALL1  SMALL2  SMALL3  SMALL4  STORAGE
BIG1        0  1000    1000    1000    1000    1000     1000
BIG2     1000     0    1000    1000    1000    1000     1000
SMALL1   1000  1000       0    1000    1000    1000     1000
SMALL2   1000  1000    1000       0    1000    1000     1000
SMALL3   1000  1000    1000    1000       0    1000     1000
SMALL4   1000  1000    1000    1000    1000       0     1000
STORAGE  1000  1000    1000    1000    1000    1000        0
Connection:          BIG1  BIG2  SMALL1  SMALL2  SMALL3  SMALL4  STORAGE
BIG1        0     1       1       1       1       1        1
BIG2        1     0       1       1       1       1        1
SMALL1      1     1       0       1       1       1        1
SMALL2      1     1       1       0       1       1        1
SMALL3      1     1       1       1       0       1        1
SMALL4      1     1       1       1       1       0        1
STORAGE     1     1       1       1       1       1        0
📍 Calculating distances from scenario coordinates
✅ Using calculated distances from topology coordinates
Distance matrix saved for both networks
Created smooth electricity prices for BIG1:
Created smooth electricity prices for BIG2:
Created smooth electricity prices for SMALL1:
Created smooth electricity prices for SMALL2:
Created smooth electricity prices for SMALL3:
Created smooth electricity prices for SMALL4:
Created smooth electricity prices for STORAGE:
[SUCCESS] Model created: t000_parallel_run_0002
[CREATE] Creating model: t000_parallel_run_0006
      Node       lon        lat  alt
0     BIG1  0.836099  51.924400    0
1     BIG2  8.119301  51.924400    0
2   SMALL1  7.682309  51.026089    0
3   SMALL2  4.769028  51.026089    0
4   SMALL3  7.682309  52.822711    0
5   SMALL4  4.769028  52.822711    0
6  STORAGE  6.496768  51.071748    0
New network
Max size per arc:          BIG1  BIG2  SMALL1  SMALL2  SMALL3  SMALL4  STORAGE
BIG1        0  1000    1000    1000    1000    1000     1000
BIG2     1000     0    1000    1000    1000    1000     1000
SMALL1   1000  1000       0    1000    1000    1000     1000
SMALL2   1000  1000    1000       0    1000    1000     1000
SMALL3   1000  1000    1000    1000       0    1000     1000
SMALL4   1000  1000    1000    1000    1000       0     1000
STORAGE  1000  1000    1000    1000    1000    1000        0
Connection:          BIG1  BIG2  SMALL1  SMALL2  SMALL3  SMALL4  STORAGE
BIG1        0     1       1       1       1       1        1
BIG2        1     0       1       1       1       1        1
SMALL1      1     1       0       1       1       1        1
SMALL2      1     1       1       0       1       1        1
SMALL3      1     1       1       1       0       1        1
SMALL4      1     1       1       1       1       0        1
STORAGE     1     1       1       1       1       1        0
📍 Calculating distances from scenario coordinates
✅ Using calculated distances from topology coordinates
Distance matrix saved for both networks
Created smooth electricity prices for BIG1:
Created smooth electricity prices for BIG2:
Created smooth electricity prices for SMALL1:
Created smooth electricity prices for SMALL2:
Created smooth electricity prices for SMALL3:
Created smooth electricity prices for SMALL4:
Created smooth electricity prices for STORAGE:
[SUCCESS] Model created: t000_parallel_run_0006
[CREATE] Creating model: t000_parallel_run_0009
      Node       lon        lat  alt
0     BIG1  0.836099  51.924400    0
1     BIG2  8.119301  51.924400    0
2   SMALL1  7.682309  51.026089    0
3   SMALL2  4.769028  51.026089    0
4   SMALL3  7.682309  52.822711    0
5   SMALL4  4.769028  52.822711    0
6  STORAGE  6.496768  51.071748    0
New network
Max size per arc:          BIG1  BIG2  SMALL1  SMALL2  SMALL3  SMALL4  STORAGE
BIG1        0  1000    1000    1000    1000    1000     1000
BIG2     1000     0    1000    1000    1000    1000     1000
SMALL1   1000  1000       0    1000    1000    1000     1000
SMALL2   1000  1000    1000       0    1000    1000     1000
SMALL3   1000  1000    1000    1000       0    1000     1000
SMALL4   1000  1000    1000    1000    1000       0     1000
STORAGE  1000  1000    1000    1000    1000    1000        0
Connection:          BIG1  BIG2  SMALL1  SMALL2  SMALL3  SMALL4  STORAGE
BIG1        0     1       1       1       1       1        1
BIG2        1     0       1       1       1       1        1
SMALL1      1     1       0       1       1       1        1
SMALL2      1     1       1       0       1       1        1
SMALL3      1     1       1       1       0       1        1
SMALL4      1     1       1       1       1       0        1
STORAGE     1     1       1       1       1       1        0
📍 Calculating distances from scenario coordinates
✅ Using calculated distances from topology coordinates
Distance matrix saved for both networks
Created smooth electricity prices for BIG1:
Created smooth electricity prices for BIG2:
Created smooth electricity prices for SMALL1:
Created smooth electricity prices for SMALL2:
Created smooth electricity prices for SMALL3:
Created smooth electricity prices for SMALL4:
Created smooth electricity prices for STORAGE:
[SUCCESS] Model created: t000_parallel_run_0009
[CREATE] Creating model: t000_parallel_run_0013
      Node       lon        lat  alt
0     BIG1  0.836099  51.924400    0
1     BIG2  8.119301  51.924400    0
2   SMALL1  7.682309  51.026089    0
3   SMALL2  4.769028  51.026089    0
4   SMALL3  7.682309  52.822711    0
5   SMALL4  4.769028  52.822711    0
6  STORAGE  6.496768  51.071748    0
New network
Max size per arc:          BIG1  BIG2  SMALL1  SMALL2  SMALL3  SMALL4  STORAGE
BIG1        0  1000    1000    1000    1000    1000     1000
BIG2     1000     0    1000    1000    1000    1000     1000
SMALL1   1000  1000       0    1000    1000    1000     1000
SMALL2   1000  1000    1000       0    1000    1000     1000
SMALL3   1000  1000    1000    1000       0    1000     1000
SMALL4   1000  1000    1000    1000    1000       0     1000
STORAGE  1000  1000    1000    1000    1000    1000        0
Connection:          BIG1  BIG2  SMALL1  SMALL2  SMALL3  SMALL4  STORAGE
BIG1        0     1       1       1       1       1        1
BIG2        1     0       1       1       1       1        1
SMALL1      1     1       0       1       1       1        1
SMALL2      1     1       1       0       1       1        1
SMALL3      1     1       1       1       0       1        1
SMALL4      1     1       1       1       1       0        1
STORAGE     1     1       1       1       1       1        0
📍 Calculating distances from scenario coordinates
✅ Using calculated distances from topology coordinates
Distance matrix saved for both networks
Created smooth electricity prices for BIG1:
Created smooth electricity prices for BIG2:
Created smooth electricity prices for SMALL1:
Created smooth electricity prices for SMALL2:
Created smooth electricity prices for SMALL3:
Created smooth electricity prices for SMALL4:
Created smooth electricity prices for STORAGE:
[SUCCESS] Model created: t000_parallel_run_0013
[CREATE] Creating model: t000_parallel_run_0004
      Node       lon        lat  alt
0     BIG1  0.836099  51.924400    0
1     BIG2  8.119301  51.924400    0
2   SMALL1  7.682309  51.026089    0
3   SMALL2  4.769028  51.026089    0
4   SMALL3  7.682309  52.822711    0
5   SMALL4  4.769028  52.822711    0
6  STORAGE  6.496768  51.071748    0
New network
Max size per arc:          BIG1  BIG2  SMALL1  SMALL2  SMALL3  SMALL4  STORAGE
BIG1        0  1000    1000    1000    1000    1000     1000
BIG2     1000     0    1000    1000    1000    1000     1000
SMALL1   1000  1000       0    1000    1000    1000     1000
SMALL2   1000  1000    1000       0    1000    1000     1000
SMALL3   1000  1000    1000    1000       0    1000     1000
SMALL4   1000  1000    1000    1000    1000       0     1000
STORAGE  1000  1000    1000    1000    1000    1000        0
Connection:          BIG1  BIG2  SMALL1  SMALL2  SMALL3  SMALL4  STORAGE
BIG1        0     1       1       1       1       1        1
BIG2        1     0       1       1       1       1        1
SMALL1      1     1       0       1       1       1        1
SMALL2      1     1       1       0       1       1        1
SMALL3      1     1       1       1       0       1        1
SMALL4      1     1       1       1       1       0        1
STORAGE     1     1       1       1       1       1        0
📍 Calculating distances from scenario coordinates
✅ Using calculated distances from topology coordinates
Distance matrix saved for both networks
Created smooth electricity prices for BIG1:
Created smooth electricity prices for BIG2:
Created smooth electricity prices for SMALL1:
Created smooth electricity prices for SMALL2:
Created smooth electricity prices for SMALL3:
Created smooth electricity prices for SMALL4:
Created smooth electricity prices for STORAGE:
[SUCCESS] Model created: t000_parallel_run_0004
[CREATE] Creating model: t000_parallel_run_0008
      Node       lon        lat  alt
0     BIG1  0.836099  51.924400    0
1     BIG2  8.119301  51.924400    0
2   SMALL1  7.682309  51.026089    0
3   SMALL2  4.769028  51.026089    0
4   SMALL3  7.682309  52.822711    0
5   SMALL4  4.769028  52.822711    0
6  STORAGE  6.496768  51.071748    0
New network
Max size per arc:          BIG1  BIG2  SMALL1  SMALL2  SMALL3  SMALL4  STORAGE
BIG1        0  1000    1000    1000    1000    1000     1000
BIG2     1000     0    1000    1000    1000    1000     1000
SMALL1   1000  1000       0    1000    1000    1000     1000
SMALL2   1000  1000    1000       0    1000    1000     1000
SMALL3   1000  1000    1000    1000       0    1000     1000
SMALL4   1000  1000    1000    1000    1000       0     1000
STORAGE  1000  1000    1000    1000    1000    1000        0
Connection:          BIG1  BIG2  SMALL1  SMALL2  SMALL3  SMALL4  STORAGE
BIG1        0     1       1       1       1       1        1
BIG2        1     0       1       1       1       1        1
SMALL1      1     1       0       1       1       1        1
SMALL2      1     1       1       0       1       1        1
SMALL3      1     1       1       1       0       1        1
SMALL4      1     1       1       1       1       0        1
STORAGE     1     1       1       1       1       1        0
📍 Calculating distances from scenario coordinates
✅ Using calculated distances from topology coordinates
Distance matrix saved for both networks
Created smooth electricity prices for BIG1:
Created smooth electricity prices for BIG2:
Created smooth electricity prices for SMALL1:
Created smooth electricity prices for SMALL2:
Created smooth electricity prices for SMALL3:
Created smooth electricity prices for SMALL4:
Created smooth electricity prices for STORAGE:
[SUCCESS] Model created: t000_parallel_run_0008
[CREATE] Creating model: t000_parallel_run_0012
      Node       lon        lat  alt
0     BIG1  0.836099  51.924400    0
1     BIG2  8.119301  51.924400    0
2   SMALL1  7.682309  51.026089    0
3   SMALL2  4.769028  51.026089    0
4   SMALL3  7.682309  52.822711    0
5   SMALL4  4.769028  52.822711    0
6  STORAGE  6.496768  51.071748    0
New network
Max size per arc:          BIG1  BIG2  SMALL1  SMALL2  SMALL3  SMALL4  STORAGE
BIG1        0  1000    1000    1000    1000    1000     1000
BIG2     1000     0    1000    1000    1000    1000     1000
SMALL1   1000  1000       0    1000    1000    1000     1000
SMALL2   1000  1000    1000       0    1000    1000     1000
SMALL3   1000  1000    1000    1000       0    1000     1000
SMALL4   1000  1000    1000    1000    1000       0     1000
STORAGE  1000  1000    1000    1000    1000    1000        0
Connection:          BIG1  BIG2  SMALL1  SMALL2  SMALL3  SMALL4  STORAGE
BIG1        0     1       1       1       1       1        1
BIG2        1     0       1       1       1       1        1
SMALL1      1     1       0       1       1       1        1
SMALL2      1     1       1       0       1       1        1
SMALL3      1     1       1       1       0       1        1
SMALL4      1     1       1       1       1       0        1
STORAGE     1     1       1       1       1       1        0
📍 Calculating distances from scenario coordinates
✅ Using calculated distances from topology coordinates
Distance matrix saved for both networks
Created smooth electricity prices for BIG1:
Created smooth electricity prices for BIG2:
Created smooth electricity prices for SMALL1:
Created smooth electricity prices for SMALL2:
Created smooth electricity prices for SMALL3:
Created smooth electricity prices for SMALL4:
Created smooth electricity prices for STORAGE:
[SUCCESS] Model created: t000_parallel_run_0012
Model creation progress: 1/13 completed
Model creation progress: 2/13 completed
Model creation progress: 3/13 completed
Model creation progress: 4/13 completed
Model creation progress: 5/13 completed
Model creation progress: 6/13 completed
Model creation progress: 7/13 completed
Model creation progress: 8/13 completed
Model creation progress: 9/13 completed
Model creation progress: 10/13 completed
Model creation progress: 11/13 completed
Model creation progress: 12/13 completed
Model creation progress: 13/13 completed

[COMPLETE] Model creation complete: 13 models ready to solve
   Creation time: 35.3s (0.6 min)

================================================================================
PHASE 2: Solving 13 models in PARALLEL
Using 'spawn' context for clean Gurobi environment per worker
================================================================================

[SOLVING] t000_parallel_run_0001
Set parameter WLSAccessID
Set parameter WLSSecret
Set parameter LicenseID to value 2729390
[SOLVING] t000_parallel_run_0002
Set parameter WLSAccessID
Set parameter WLSSecret
Set parameter LicenseID to value 2729390
[SOLVING] t000_parallel_run_0003
Set parameter WLSAccessID
Set parameter WLSSecret
Set parameter LicenseID to value 2729390
Academic license 2729390 - for non-commercial use only - registered to m.___@uu.nl
Set parameter Threads to value 12
[SOLVING] t000_parallel_run_0004
Set parameter WLSAccessID
Set parameter WLSSecret
Set parameter LicenseID to value 2729390
Academic license 2729390 - for non-commercial use only - registered to m.___@uu.nl
Set parameter Threads to value 12
Academic license 2729390 - for non-commercial use only - registered to m.___@uu.nl
Set parameter Threads to value 12
Academic license 2729390 - for non-commercial use only - registered to m.___@uu.nl
Set parameter Threads to value 12
  [CONFIG] Gurobi default env configured: 12 threads per worker
--- Reading in data ---
Input data folder has been checked successfully - no errors occurred.
--- Reading in data complete ---
--- Constructing Model ---
Constructing Investment Period period1
Constructing Investment Period period1 completed
	 - Constructing Network hydrogenPipelineOnshore_lowP
			gdp.bigm Transformation...
			gdp.bigm Transformation completed in 0 s
		 - Constructing Arc BIG1 - BIG2 completed
			gdp.bigm Transformation...
			gdp.bigm Transformation completed in 0 s
		 - Constructing Arc BIG1 - SMALL1 completed
			gdp.bigm Transformation...
			gdp.bigm Transformation completed in 0 s
		 - Constructing Arc BIG1 - SMALL2 completed
			gdp.bigm Transformation...
			gdp.bigm Transformation completed in 0 s
		 - Constructing Arc BIG1 - SMALL3 completed
			gdp.bigm Transformation...
			gdp.bigm Transformation completed in 0 s
		 - Constructing Arc BIG1 - SMALL4 completed
			gdp.bigm Transformation...
			gdp.bigm Transformation completed in 0 s
		 - Constructing Arc BIG1 - STORAGE completed
			gdp.bigm Transformation...
			gdp.bigm Transformation completed in 0 s
		 - Constructing Arc BIG2 - BIG1 completed
			gdp.bigm Transformation...
			gdp.bigm Transformation completed in 0 s
		 - Constructing Arc BIG2 - SMALL1 completed
			gdp.bigm Transformation...
			gdp.bigm Transformation completed in 0 s
		 - Constructing Arc BIG2 - SMALL2 completed
			gdp.bigm Transformation...
			gdp.bigm Transformation completed in 0 s
		 - Constructing Arc BIG2 - SMALL3 completed
			gdp.bigm Transformation...
			gdp.bigm Transformation completed in 0 s
		 - Constructing Arc BIG2 - SMALL4 completed
			gdp.bigm Transformation...
			gdp.bigm Transformation completed in 0 s
		 - Constructing Arc BIG2 - STORAGE completed
			gdp.bigm Transformation...
			gdp.bigm Transformation completed in 0 s
		 - Constructing Arc SMALL1 - BIG1 completed
			gdp.bigm Transformation...
			gdp.bigm Transformation completed in 0 s
		 - Constructing Arc SMALL1 - BIG2 completed
			gdp.bigm Transformation...
			gdp.bigm Transformation completed in 0 s
		 - Constructing Arc SMALL1 - SMALL2 completed
			gdp.bigm Transformation...
			gdp.bigm Transformation completed in 0 s
		 - Constructing Arc SMALL1 - SMALL3 completed
			gdp.bigm Transformation...
			gdp.bigm Transformation completed in 0 s
		 - Constructing Arc SMALL1 - SMALL4 completed
			gdp.bigm Transformation...
			gdp.bigm Transformation completed in 0 s
		 - Constructing Arc SMALL1 - STORAGE completed
			gdp.bigm Transformation...
			gdp.bigm Transformation completed in 0 s
		 - Constructing Arc SMALL2 - BIG1 completed
			gdp.bigm Transformation...
			gdp.bigm Transformation completed in 0 s
		 - Constructing Arc SMALL2 - BIG2 completed
			gdp.bigm Transformation...
			gdp.bigm Transformation completed in 0 s
		 - Constructing Arc SMALL2 - SMALL1 completed
			gdp.bigm Transformation...
			gdp.bigm Transformation completed in 0 s
		 - Constructing Arc SMALL2 - SMALL3 completed
			gdp.bigm Transformation...
			gdp.bigm Transformation completed in 0 s
		 - Constructing Arc SMALL2 - SMALL4 completed
			gdp.bigm Transformation...
			gdp.bigm Transformation completed in 0 s
		 - Constructing Arc SMALL2 - STORAGE completed
			gdp.bigm Transformation...
			gdp.bigm Transformation completed in 0 s
		 - Constructing Arc SMALL3 - BIG1 completed
			gdp.bigm Transformation...
			gdp.bigm Transformation completed in 0 s
		 - Constructing Arc SMALL3 - BIG2 completed
			gdp.bigm Transformation...
			gdp.bigm Transformation completed in 0 s
		 - Constructing Arc SMALL3 - SMALL1 completed
			gdp.bigm Transformation...
			gdp.bigm Transformation completed in 0 s
		 - Constructing Arc SMALL3 - SMALL2 completed
			gdp.bigm Transformation...
			gdp.bigm Transformation completed in 0 s
		 - Constructing Arc SMALL3 - SMALL4 completed
			gdp.bigm Transformation...
			gdp.bigm Transformation completed in 0 s
		 - Constructing Arc SMALL3 - STORAGE completed
			gdp.bigm Transformation...
			gdp.bigm Transformation completed in 0 s
		 - Constructing Arc SMALL4 - BIG1 completed
			gdp.bigm Transformation...
			gdp.bigm Transformation completed in 0 s
		 - Constructing Arc SMALL4 - BIG2 completed
			gdp.bigm Transformation...
			gdp.bigm Transformation completed in 0 s
		 - Constructing Arc SMALL4 - SMALL1 completed
			gdp.bigm Transformation...
			gdp.bigm Transformation completed in 0 s
		 - Constructing Arc SMALL4 - SMALL2 completed
			gdp.bigm Transformation...
			gdp.bigm Transformation completed in 0 s
		 - Constructing Arc SMALL4 - SMALL3 completed
			gdp.bigm Transformation...
			gdp.bigm Transformation completed in 0 s
		 - Constructing Arc SMALL4 - STORAGE completed
			gdp.bigm Transformation...
			gdp.bigm Transformation completed in 0 s
		 - Constructing Arc STORAGE - BIG1 completed
			gdp.bigm Transformation...
			gdp.bigm Transformation completed in 0 s
		 - Constructing Arc STORAGE - BIG2 completed
			gdp.bigm Transformation...
			gdp.bigm Transformation completed in 0 s
		 - Constructing Arc STORAGE - SMALL1 completed
			gdp.bigm Transformation...
			gdp.bigm Transformation completed in 0 s
		 - Constructing Arc STORAGE - SMALL2 completed
			gdp.bigm Transformation...
			gdp.bigm Transformation completed in 0 s
		 - Constructing Arc STORAGE - SMALL3 completed
			gdp.bigm Transformation...
			gdp.bigm Transformation completed in 0 s
		 - Constructing Arc STORAGE - SMALL4 completed
	 - Constructing Network hydrogenPipelineOnshore_lowP completed
			gdp.bigm Transformation...
			gdp.bigm Transformation completed in 77 s
	 - Constructing Network hydrogenPipelineOnshore_highP
			gdp.bigm Transformation...
			gdp.bigm Transformation completed in 0 s
		 - Constructing Arc BIG1 - BIG2 completed
			gdp.bigm Transformation...
			gdp.bigm Transformation completed in 0 s
		 - Constructing Arc BIG1 - SMALL1 completed
			gdp.bigm Transformation...
			gdp.bigm Transformation completed in 0 s
		 - Constructing Arc BIG1 - SMALL2 completed
			gdp.bigm Transformation...
			gdp.bigm Transformation completed in 0 s
		 - Constructing Arc BIG1 - SMALL3 completed
			gdp.bigm Transformation...
			gdp.bigm Transformation completed in 0 s
		 - Constructing Arc BIG1 - SMALL4 completed
			gdp.bigm Transformation...
			gdp.bigm Transformation completed in 0 s
		 - Constructing Arc BIG1 - STORAGE completed
			gdp.bigm Transformation...
			gdp.bigm Transformation completed in 0 s
		 - Constructing Arc BIG2 - BIG1 completed
			gdp.bigm Transformation...
			gdp.bigm Transformation completed in 0 s
		 - Constructing Arc BIG2 - SMALL1 completed
			gdp.bigm Transformation...
			gdp.bigm Transformation completed in 0 s
		 - Constructing Arc BIG2 - SMALL2 completed
			gdp.bigm Transformation...
			gdp.bigm Transformation completed in 0 s
		 - Constructing Arc BIG2 - SMALL3 completed
			gdp.bigm Transformation...
			gdp.bigm Transformation completed in 0 s
		 - Constructing Arc BIG2 - SMALL4 completed
			gdp.bigm Transformation...
			gdp.bigm Transformation completed in 0 s
		 - Constructing Arc BIG2 - STORAGE completed
			gdp.bigm Transformation...
			gdp.bigm Transformation completed in 0 s
		 - Constructing Arc SMALL1 - BIG1 completed
			gdp.bigm Transformation...
			gdp.bigm Transformation completed in 0 s
		 - Constructing Arc SMALL1 - BIG2 completed
			gdp.bigm Transformation...
			gdp.bigm Transformation completed in 0 s
		 - Constructing Arc SMALL1 - SMALL2 completed
			gdp.bigm Transformation...
			gdp.bigm Transformation completed in 0 s
		 - Constructing Arc SMALL1 - SMALL3 completed
			gdp.bigm Transformation...
			gdp.bigm Transformation completed in 0 s
		 - Constructing Arc SMALL1 - SMALL4 completed
			gdp.bigm Transformation...
			gdp.bigm Transformation completed in 0 s
		 - Constructing Arc SMALL1 - STORAGE completed
			gdp.bigm Transformation...
			gdp.bigm Transformation completed in 0 s
		 - Constructing Arc SMALL2 - BIG1 completed
			gdp.bigm Transformation...
			gdp.bigm Transformation completed in 0 s
		 - Constructing Arc SMALL2 - BIG2 completed
			gdp.bigm Transformation...
			gdp.bigm Transformation completed in 0 s
		 - Constructing Arc SMALL2 - SMALL1 completed
			gdp.bigm Transformation...
			gdp.bigm Transformation completed in 0 s
		 - Constructing Arc SMALL2 - SMALL3 completed
			gdp.bigm Transformation...
			gdp.bigm Transformation completed in 0 s
		 - Constructing Arc SMALL2 - SMALL4 completed
			gdp.bigm Transformation...
			gdp.bigm Transformation completed in 0 s
		 - Constructing Arc SMALL2 - STORAGE completed
			gdp.bigm Transformation...
			gdp.bigm Transformation completed in 0 s
		 - Constructing Arc SMALL3 - BIG1 completed
			gdp.bigm Transformation...
			gdp.bigm Transformation completed in 0 s
		 - Constructing Arc SMALL3 - BIG2 completed
			gdp.bigm Transformation...
			gdp.bigm Transformation completed in 0 s
		 - Constructing Arc SMALL3 - SMALL1 completed
			gdp.bigm Transformation...
			gdp.bigm Transformation completed in 0 s
		 - Constructing Arc SMALL3 - SMALL2 completed
			gdp.bigm Transformation...
			gdp.bigm Transformation completed in 0 s
		 - Constructing Arc SMALL3 - SMALL4 completed
			gdp.bigm Transformation...
			gdp.bigm Transformation completed in 0 s
		 - Constructing Arc SMALL3 - STORAGE completed
			gdp.bigm Transformation...
			gdp.bigm Transformation completed in 0 s
		 - Constructing Arc SMALL4 - BIG1 completed
			gdp.bigm Transformation...
			gdp.bigm Transformation completed in 0 s
		 - Constructing Arc SMALL4 - BIG2 completed
			gdp.bigm Transformation...
			gdp.bigm Transformation completed in 0 s
		 - Constructing Arc SMALL4 - SMALL1 completed
			gdp.bigm Transformation...
			gdp.bigm Transformation completed in 0 s
		 - Constructing Arc SMALL4 - SMALL2 completed
			gdp.bigm Transformation...
			gdp.bigm Transformation completed in 0 s
		 - Constructing Arc SMALL4 - SMALL3 completed
			gdp.bigm Transformation...
			gdp.bigm Transformation completed in 0 s
		 - Constructing Arc SMALL4 - STORAGE completed
			gdp.bigm Transformation...
			gdp.bigm Transformation completed in 0 s
		 - Constructing Arc STORAGE - BIG1 completed
			gdp.bigm Transformation...
			gdp.bigm Transformation completed in 0 s
		 - Constructing Arc STORAGE - BIG2 completed
			gdp.bigm Transformation...
			gdp.bigm Transformation completed in 0 s
		 - Constructing Arc STORAGE - SMALL1 completed
			gdp.bigm Transformation...
			gdp.bigm Transformation completed in 0 s
		 - Constructing Arc STORAGE - SMALL2 completed
			gdp.bigm Transformation...
			gdp.bigm Transformation completed in 0 s
		 - Constructing Arc STORAGE - SMALL3 completed
			gdp.bigm Transformation...
			gdp.bigm Transformation completed in 0 s
		 - Constructing Arc STORAGE - SMALL4 completed
	 - Constructing Network hydrogenPipelineOnshore_highP completed
			gdp.bigm Transformation...
			gdp.bigm Transformation completed in 77 s
	 - Adding Technology Electrolyzer_big
			gdp.bigm Transformation...
			gdp.bigm Transformation completed in 0 s
	 - Adding Technology Storage_H2_highP
			gdp.bigm Transformation...
			gdp.bigm Transformation completed in 4 s
	 - Adding Compressor hydrogen_Compressor_hydrogenPipelineOnshore_lowP_hydrogenPipelineOnshore_lowP
	 - Adding Compressor hydrogen_Compressor_hydrogenPipelineOnshore_lowP_hydrogenPipelineOnshore_highP
	 - Adding Compressor hydrogen_Compressor_hydrogenPipelineOnshore_lowP_Storage_H2_highP
	 - Adding Compressor hydrogen_Compressor_hydrogenPipelineOnshore_lowP_Demand
	 - Adding Compressor hydrogen_Compressor_hydrogenPipelineOnshore_highP_hydrogenPipelineOnshore_lowP
	 - Adding Compressor hydrogen_Compressor_hydrogenPipelineOnshore_highP_hydrogenPipelineOnshore_highP
	 - Adding Compressor hydrogen_Compressor_hydrogenPipelineOnshore_highP_Storage_H2_highP
	 - Adding Compressor hydrogen_Compressor_hydrogenPipelineOnshore_highP_Demand
	 - Adding Compressor hydrogen_Compressor_Electrolyzer_big_hydrogenPipelineOnshore_lowP
	 - Adding Compressor hydrogen_Compressor_Electrolyzer_big_hydrogenPipelineOnshore_highP
	 - Adding Compressor hydrogen_Compressor_Electrolyzer_big_Storage_H2_highP
	 - Adding Compressor hydrogen_Compressor_Electrolyzer_big_Demand
	 - Adding Compressor hydrogen_Compressor_Storage_H2_highP_hydrogenPipelineOnshore_lowP
	 - Adding Compressor hydrogen_Compressor_Storage_H2_highP_hydrogenPipelineOnshore_highP
	 - Adding Compressor hydrogen_Compressor_Storage_H2_highP_Storage_H2_highP
	 - Adding Compressor hydrogen_Compressor_Storage_H2_highP_Demand
	 - Adding Compressor hydrogen_Compressor_Import_hydrogenPipelineOnshore_lowP
	 - Adding Compressor hydrogen_Compressor_Import_hydrogenPipelineOnshore_highP
	 - Adding Compressor hydrogen_Compressor_Import_Storage_H2_highP
	 - Adding Compressor hydrogen_Compressor_Import_Demand_existing
	 - Adding Technology Electrolyzer_big
			gdp.bigm Transformation...
			gdp.bigm Transformation completed in 0 s
	 - Adding Technology Storage_H2_highP
			gdp.bigm Transformation...
			gdp.bigm Transformation completed in 4 s
	 - Adding Compressor hydrogen_Compressor_hydrogenPipelineOnshore_lowP_hydrogenPipelineOnshore_lowP
	 - Adding Compressor hydrogen_Compressor_hydrogenPipelineOnshore_lowP_hydrogenPipelineOnshore_highP
	 - Adding Compressor hydrogen_Compressor_hydrogenPipelineOnshore_lowP_Storage_H2_highP
	 - Adding Compressor hydrogen_Compressor_hydrogenPipelineOnshore_lowP_Demand
	 - Adding Compressor hydrogen_Compressor_hydrogenPipelineOnshore_highP_hydrogenPipelineOnshore_lowP
	 - Adding Compressor hydrogen_Compressor_hydrogenPipelineOnshore_highP_hydrogenPipelineOnshore_highP
	 - Adding Compressor hydrogen_Compressor_hydrogenPipelineOnshore_highP_Storage_H2_highP
	 - Adding Compressor hydrogen_Compressor_hydrogenPipelineOnshore_highP_Demand
	 - Adding Compressor hydrogen_Compressor_Electrolyzer_big_hydrogenPipelineOnshore_lowP
	 - Adding Compressor hydrogen_Compressor_Electrolyzer_big_hydrogenPipelineOnshore_highP
	 - Adding Compressor hydrogen_Compressor_Electrolyzer_big_Storage_H2_highP
	 - Adding Compressor hydrogen_Compressor_Electrolyzer_big_Demand
	 - Adding Compressor hydrogen_Compressor_Storage_H2_highP_hydrogenPipelineOnshore_lowP
	 - Adding Compressor hydrogen_Compressor_Storage_H2_highP_hydrogenPipelineOnshore_highP
	 - Adding Compressor hydrogen_Compressor_Storage_H2_highP_Storage_H2_highP
	 - Adding Compressor hydrogen_Compressor_Storage_H2_highP_Demand
	 - Adding Compressor hydrogen_Compressor_Import_hydrogenPipelineOnshore_lowP
	 - Adding Compressor hydrogen_Compressor_Import_hydrogenPipelineOnshore_highP
	 - Adding Compressor hydrogen_Compressor_Import_Storage_H2_highP
	 - Adding Compressor hydrogen_Compressor_Import_Demand_existing
	 - Adding Technology Electrolyzer_small
	 - Adding Technology Storage_H2_lowP
			gdp.bigm Transformation...
			gdp.bigm Transformation completed in 4 s
	 - Adding Compressor hydrogen_Compressor_hydrogenPipelineOnshore_lowP_hydrogenPipelineOnshore_lowP
	 - Adding Compressor hydrogen_Compressor_hydrogenPipelineOnshore_lowP_hydrogenPipelineOnshore_highP
	 - Adding Compressor hydrogen_Compressor_hydrogenPipelineOnshore_lowP_Storage_H2_lowP
	 - Adding Compressor hydrogen_Compressor_hydrogenPipelineOnshore_lowP_Demand
	 - Adding Compressor hydrogen_Compressor_hydrogenPipelineOnshore_highP_hydrogenPipelineOnshore_lowP
	 - Adding Compressor hydrogen_Compressor_hydrogenPipelineOnshore_highP_hydrogenPipelineOnshore_highP
	 - Adding Compressor hydrogen_Compressor_hydrogenPipelineOnshore_highP_Storage_H2_lowP
	 - Adding Compressor hydrogen_Compressor_hydrogenPipelineOnshore_highP_Demand
	 - Adding Compressor hydrogen_Compressor_Electrolyzer_small_hydrogenPipelineOnshore_lowP
	 - Adding Compressor hydrogen_Compressor_Electrolyzer_small_hydrogenPipelineOnshore_highP
	 - Adding Compressor hydrogen_Compressor_Electrolyzer_small_Storage_H2_lowP
	 - Adding Compressor hydrogen_Compressor_Electrolyzer_small_Demand
	 - Adding Compressor hydrogen_Compressor_Storage_H2_lowP_hydrogenPipelineOnshore_lowP
	 - Adding Compressor hydrogen_Compressor_Storage_H2_lowP_hydrogenPipelineOnshore_highP
	 - Adding Compressor hydrogen_Compressor_Storage_H2_lowP_Storage_H2_lowP
	 - Adding Compressor hydrogen_Compressor_Storage_H2_lowP_Demand
	 - Adding Technology Electrolyzer_small
	 - Adding Technology Storage_H2_lowP
			gdp.bigm Transformation...
			gdp.bigm Transformation completed in 4 s
	 - Adding Compressor hydrogen_Compressor_hydrogenPipelineOnshore_lowP_hydrogenPipelineOnshore_lowP
	 - Adding Compressor hydrogen_Compressor_hydrogenPipelineOnshore_lowP_hydrogenPipelineOnshore_highP
	 - Adding Compressor hydrogen_Compressor_hydrogenPipelineOnshore_lowP_Storage_H2_lowP
	 - Adding Compressor hydrogen_Compressor_hydrogenPipelineOnshore_lowP_Demand
	 - Adding Compressor hydrogen_Compressor_hydrogenPipelineOnshore_highP_hydrogenPipelineOnshore_lowP
	 - Adding Compressor hydrogen_Compressor_hydrogenPipelineOnshore_highP_hydrogenPipelineOnshore_highP
	 - Adding Compressor hydrogen_Compressor_hydrogenPipelineOnshore_highP_Storage_H2_lowP
	 - Adding Compressor hydrogen_Compressor_hydrogenPipelineOnshore_highP_Demand
	 - Adding Compressor hydrogen_Compressor_Electrolyzer_small_hydrogenPipelineOnshore_lowP
	 - Adding Compressor hydrogen_Compressor_Electrolyzer_small_hydrogenPipelineOnshore_highP
	 - Adding Compressor hydrogen_Compressor_Electrolyzer_small_Storage_H2_lowP
	 - Adding Compressor hydrogen_Compressor_Electrolyzer_small_Demand
	 - Adding Compressor hydrogen_Compressor_Storage_H2_lowP_hydrogenPipelineOnshore_lowP
	 - Adding Compressor hydrogen_Compressor_Storage_H2_lowP_hydrogenPipelineOnshore_highP
	 - Adding Compressor hydrogen_Compressor_Storage_H2_lowP_Storage_H2_lowP
	 - Adding Compressor hydrogen_Compressor_Storage_H2_lowP_Demand
	 - Adding Technology Electrolyzer_small
	 - Adding Technology Storage_H2_lowP
			gdp.bigm Transformation...
			gdp.bigm Transformation completed in 4 s
	 - Adding Compressor hydrogen_Compressor_hydrogenPipelineOnshore_lowP_hydrogenPipelineOnshore_lowP
	 - Adding Compressor hydrogen_Compressor_hydrogenPipelineOnshore_lowP_hydrogenPipelineOnshore_highP
	 - Adding Compressor hydrogen_Compressor_hydrogenPipelineOnshore_lowP_Storage_H2_lowP
	 - Adding Compressor hydrogen_Compressor_hydrogenPipelineOnshore_lowP_Demand
	 - Adding Compressor hydrogen_Compressor_hydrogenPipelineOnshore_highP_hydrogenPipelineOnshore_lowP
	 - Adding Compressor hydrogen_Compressor_hydrogenPipelineOnshore_highP_hydrogenPipelineOnshore_highP
	 - Adding Compressor hydrogen_Compressor_hydrogenPipelineOnshore_highP_Storage_H2_lowP
	 - Adding Compressor hydrogen_Compressor_hydrogenPipelineOnshore_highP_Demand
	 - Adding Compressor hydrogen_Compressor_Electrolyzer_small_hydrogenPipelineOnshore_lowP
	 - Adding Compressor hydrogen_Compressor_Electrolyzer_small_hydrogenPipelineOnshore_highP
	 - Adding Compressor hydrogen_Compressor_Electrolyzer_small_Storage_H2_lowP
	 - Adding Compressor hydrogen_Compressor_Electrolyzer_small_Demand
	 - Adding Compressor hydrogen_Compressor_Storage_H2_lowP_hydrogenPipelineOnshore_lowP
	 - Adding Compressor hydrogen_Compressor_Storage_H2_lowP_hydrogenPipelineOnshore_highP
	 - Adding Compressor hydrogen_Compressor_Storage_H2_lowP_Storage_H2_lowP
	 - Adding Compressor hydrogen_Compressor_Storage_H2_lowP_Demand
	 - Adding Technology Electrolyzer_small
	 - Adding Technology Storage_H2_lowP
			gdp.bigm Transformation...
			gdp.bigm Transformation completed in 4 s
	 - Adding Compressor hydrogen_Compressor_hydrogenPipelineOnshore_lowP_hydrogenPipelineOnshore_lowP
	 - Adding Compressor hydrogen_Compressor_hydrogenPipelineOnshore_lowP_hydrogenPipelineOnshore_highP
	 - Adding Compressor hydrogen_Compressor_hydrogenPipelineOnshore_lowP_Storage_H2_lowP
	 - Adding Compressor hydrogen_Compressor_hydrogenPipelineOnshore_lowP_Demand
	 - Adding Compressor hydrogen_Compressor_hydrogenPipelineOnshore_highP_hydrogenPipelineOnshore_lowP
	 - Adding Compressor hydrogen_Compressor_hydrogenPipelineOnshore_highP_hydrogenPipelineOnshore_highP
	 - Adding Compressor hydrogen_Compressor_hydrogenPipelineOnshore_highP_Storage_H2_lowP
	 - Adding Compressor hydrogen_Compressor_hydrogenPipelineOnshore_highP_Demand
	 - Adding Compressor hydrogen_Compressor_Electrolyzer_small_hydrogenPipelineOnshore_lowP
	 - Adding Compressor hydrogen_Compressor_Electrolyzer_small_hydrogenPipelineOnshore_highP
	 - Adding Compressor hydrogen_Compressor_Electrolyzer_small_Storage_H2_lowP
	 - Adding Compressor hydrogen_Compressor_Electrolyzer_small_Demand
	 - Adding Compressor hydrogen_Compressor_Storage_H2_lowP_hydrogenPipelineOnshore_lowP
	 - Adding Compressor hydrogen_Compressor_Storage_H2_lowP_hydrogenPipelineOnshore_highP
	 - Adding Compressor hydrogen_Compressor_Storage_H2_lowP_Storage_H2_lowP
	 - Adding Compressor hydrogen_Compressor_Storage_H2_lowP_Demand
	 - Adding Technology Storage_H2_Cavern_existing
			gdp.bigm Transformation...
			gdp.bigm Transformation completed in 4 s
	 - Adding Compressor hydrogen_Compressor_hydrogenPipelineOnshore_lowP_hydrogenPipelineOnshore_lowP
	 - Adding Compressor hydrogen_Compressor_hydrogenPipelineOnshore_lowP_hydrogenPipelineOnshore_highP
	 - Adding Compressor hydrogen_Compressor_hydrogenPipelineOnshore_lowP_Storage_H2_Cavern_existing
	 - Adding Compressor hydrogen_Compressor_hydrogenPipelineOnshore_highP_hydrogenPipelineOnshore_lowP
	 - Adding Compressor hydrogen_Compressor_hydrogenPipelineOnshore_highP_hydrogenPipelineOnshore_highP
	 - Adding Compressor hydrogen_Compressor_hydrogenPipelineOnshore_highP_Storage_H2_Cavern_existing
	 - Adding Compressor hydrogen_Compressor_Storage_H2_Cavern_existing_hydrogenPipelineOnshore_lowP
	 - Adding Compressor hydrogen_Compressor_Storage_H2_Cavern_existing_hydrogenPipelineOnshore_highP
	 - Adding Compressor hydrogen_Compressor_Storage_H2_Cavern_existing_Storage_H2_Cavern_existing_existing
Constructing model completed in 437s
Constructing balances...
Constructing balances completed in 17s
Set objective on infrastructure due to willingness to pay
Set parameter OutputFlag to value 1
Set parameter LogFile to value "/gpfs/home3/scur1696/AdOpT-NET0-RegToNation/generic_node_optimization/results/parallel_creation_test_20251124_002357/task_000/t000_parallel_run_0004/userData/20251124003210-1/solver_log.txt"
Solver log file: /gpfs/home3/scur1696/AdOpT-NET0-RegToNation/generic_node_optimization/results/parallel_creation_test_20251124_002357/task_000/t000_parallel_run_0004/userData/20251124003210-1/solver_log.txt
Set parameter TimeLimit to value 180000
Set parameter MIPGap to value 0.01
Set parameter MIPFocus to value 0
Set parameter Threads to value 12
Set parameter NodefileStart to value 60
Set parameter Method to value -1
Set parameter Heuristics to value 0.05
Set parameter Presolve to value 1
Set parameter BranchDir to value 0
Set parameter LPWarmStart to value 0
Set parameter IntFeasTol to value 1e-05
Set parameter FeasibilityTol to value 1e-06
Set parameter Cuts to value -1
Set parameter NumericFocus to value 0
  [CONFIG] Gurobi default env configured: 12 threads per worker
--- Reading in data ---
Input data folder has been checked successfully - no errors occurred.
--- Reading in data complete ---
--- Constructing Model ---
Constructing Investment Period period1
Constructing Investment Period period1 completed
	 - Constructing Network hydrogenPipelineOnshore_lowP
			gdp.bigm Transformation...
			gdp.bigm Transformation completed in 0 s
		 - Constructing Arc BIG1 - BIG2 completed
			gdp.bigm Transformation...
			gdp.bigm Transformation completed in 0 s
		 - Constructing Arc BIG1 - SMALL1 completed
			gdp.bigm Transformation...
			gdp.bigm Transformation completed in 0 s
		 - Constructing Arc BIG1 - SMALL2 completed
			gdp.bigm Transformation...
			gdp.bigm Transformation completed in 0 s
		 - Constructing Arc BIG1 - SMALL3 completed
			gdp.bigm Transformation...
			gdp.bigm Transformation completed in 0 s
		 - Constructing Arc BIG1 - SMALL4 completed
			gdp.bigm Transformation...
			gdp.bigm Transformation completed in 0 s
		 - Constructing Arc BIG1 - STORAGE completed
			gdp.bigm Transformation...
			gdp.bigm Transformation completed in 0 s
		 - Constructing Arc BIG2 - BIG1 completed
			gdp.bigm Transformation...
			gdp.bigm Transformation completed in 0 s
		 - Constructing Arc BIG2 - SMALL1 completed
			gdp.bigm Transformation...
			gdp.bigm Transformation completed in 0 s
		 - Constructing Arc BIG2 - SMALL2 completed
			gdp.bigm Transformation...
			gdp.bigm Transformation completed in 0 s
		 - Constructing Arc BIG2 - SMALL3 completed
			gdp.bigm Transformation...
			gdp.bigm Transformation completed in 0 s
		 - Constructing Arc BIG2 - SMALL4 completed
			gdp.bigm Transformation...
			gdp.bigm Transformation completed in 0 s
		 - Constructing Arc BIG2 - STORAGE completed
			gdp.bigm Transformation...
			gdp.bigm Transformation completed in 0 s
		 - Constructing Arc SMALL1 - BIG1 completed
			gdp.bigm Transformation...
			gdp.bigm Transformation completed in 0 s
		 - Constructing Arc SMALL1 - BIG2 completed
			gdp.bigm Transformation...
			gdp.bigm Transformation completed in 0 s
		 - Constructing Arc SMALL1 - SMALL2 completed
			gdp.bigm Transformation...
			gdp.bigm Transformation completed in 0 s
		 - Constructing Arc SMALL1 - SMALL3 completed
			gdp.bigm Transformation...
			gdp.bigm Transformation completed in 0 s
		 - Constructing Arc SMALL1 - SMALL4 completed
			gdp.bigm Transformation...
			gdp.bigm Transformation completed in 0 s
		 - Constructing Arc SMALL1 - STORAGE completed
			gdp.bigm Transformation...
			gdp.bigm Transformation completed in 0 s
		 - Constructing Arc SMALL2 - BIG1 completed
			gdp.bigm Transformation...
			gdp.bigm Transformation completed in 0 s
		 - Constructing Arc SMALL2 - BIG2 completed
			gdp.bigm Transformation...
			gdp.bigm Transformation completed in 0 s
		 - Constructing Arc SMALL2 - SMALL1 completed
			gdp.bigm Transformation...
			gdp.bigm Transformation completed in 0 s
		 - Constructing Arc SMALL2 - SMALL3 completed
			gdp.bigm Transformation...
			gdp.bigm Transformation completed in 0 s
		 - Constructing Arc SMALL2 - SMALL4 completed
			gdp.bigm Transformation...
			gdp.bigm Transformation completed in 0 s
		 - Constructing Arc SMALL2 - STORAGE completed
			gdp.bigm Transformation...
			gdp.bigm Transformation completed in 0 s
		 - Constructing Arc SMALL3 - BIG1 completed
			gdp.bigm Transformation...
			gdp.bigm Transformation completed in 0 s
		 - Constructing Arc SMALL3 - BIG2 completed
			gdp.bigm Transformation...
			gdp.bigm Transformation completed in 0 s
		 - Constructing Arc SMALL3 - SMALL1 completed
			gdp.bigm Transformation...
			gdp.bigm Transformation completed in 0 s
		 - Constructing Arc SMALL3 - SMALL2 completed
			gdp.bigm Transformation...
			gdp.bigm Transformation completed in 0 s
		 - Constructing Arc SMALL3 - SMALL4 completed
			gdp.bigm Transformation...
			gdp.bigm Transformation completed in 0 s
		 - Constructing Arc SMALL3 - STORAGE completed
			gdp.bigm Transformation...
			gdp.bigm Transformation completed in 0 s
		 - Constructing Arc SMALL4 - BIG1 completed
			gdp.bigm Transformation...
			gdp.bigm Transformation completed in 0 s
		 - Constructing Arc SMALL4 - BIG2 completed
			gdp.bigm Transformation...
			gdp.bigm Transformation completed in 0 s
		 - Constructing Arc SMALL4 - SMALL1 completed
			gdp.bigm Transformation...
			gdp.bigm Transformation completed in 0 s
		 - Constructing Arc SMALL4 - SMALL2 completed
			gdp.bigm Transformation...
			gdp.bigm Transformation completed in 0 s
		 - Constructing Arc SMALL4 - SMALL3 completed
			gdp.bigm Transformation...
			gdp.bigm Transformation completed in 0 s
		 - Constructing Arc SMALL4 - STORAGE completed
			gdp.bigm Transformation...
			gdp.bigm Transformation completed in 0 s
		 - Constructing Arc STORAGE - BIG1 completed
			gdp.bigm Transformation...
			gdp.bigm Transformation completed in 0 s
		 - Constructing Arc STORAGE - BIG2 completed
			gdp.bigm Transformation...
			gdp.bigm Transformation completed in 0 s
		 - Constructing Arc STORAGE - SMALL1 completed
			gdp.bigm Transformation...
			gdp.bigm Transformation completed in 0 s
		 - Constructing Arc STORAGE - SMALL2 completed
			gdp.bigm Transformation...
			gdp.bigm Transformation completed in 0 s
		 - Constructing Arc STORAGE - SMALL3 completed
			gdp.bigm Transformation...
			gdp.bigm Transformation completed in 0 s
		 - Constructing Arc STORAGE - SMALL4 completed
	 - Constructing Network hydrogenPipelineOnshore_lowP completed
			gdp.bigm Transformation...
			gdp.bigm Transformation completed in 77 s
	 - Constructing Network hydrogenPipelineOnshore_highP
			gdp.bigm Transformation...
			gdp.bigm Transformation completed in 0 s
		 - Constructing Arc BIG1 - BIG2 completed
			gdp.bigm Transformation...
			gdp.bigm Transformation completed in 0 s
		 - Constructing Arc BIG1 - SMALL1 completed
			gdp.bigm Transformation...
			gdp.bigm Transformation completed in 0 s
		 - Constructing Arc BIG1 - SMALL2 completed
			gdp.bigm Transformation...
			gdp.bigm Transformation completed in 0 s
		 - Constructing Arc BIG1 - SMALL3 completed
			gdp.bigm Transformation...
			gdp.bigm Transformation completed in 0 s
		 - Constructing Arc BIG1 - SMALL4 completed
			gdp.bigm Transformation...
			gdp.bigm Transformation completed in 0 s
		 - Constructing Arc BIG1 - STORAGE completed
			gdp.bigm Transformation...
			gdp.bigm Transformation completed in 0 s
		 - Constructing Arc BIG2 - BIG1 completed
			gdp.bigm Transformation...
			gdp.bigm Transformation completed in 0 s
		 - Constructing Arc BIG2 - SMALL1 completed
			gdp.bigm Transformation...
			gdp.bigm Transformation completed in 0 s
		 - Constructing Arc BIG2 - SMALL2 completed
			gdp.bigm Transformation...
			gdp.bigm Transformation completed in 0 s
		 - Constructing Arc BIG2 - SMALL3 completed
			gdp.bigm Transformation...
			gdp.bigm Transformation completed in 0 s
		 - Constructing Arc BIG2 - SMALL4 completed
			gdp.bigm Transformation...
			gdp.bigm Transformation completed in 0 s
		 - Constructing Arc BIG2 - STORAGE completed
			gdp.bigm Transformation...
			gdp.bigm Transformation completed in 0 s
		 - Constructing Arc SMALL1 - BIG1 completed
			gdp.bigm Transformation...
			gdp.bigm Transformation completed in 0 s
		 - Constructing Arc SMALL1 - BIG2 completed
			gdp.bigm Transformation...
			gdp.bigm Transformation completed in 0 s
		 - Constructing Arc SMALL1 - SMALL2 completed
			gdp.bigm Transformation...
			gdp.bigm Transformation completed in 0 s
		 - Constructing Arc SMALL1 - SMALL3 completed
			gdp.bigm Transformation...
			gdp.bigm Transformation completed in 0 s
		 - Constructing Arc SMALL1 - SMALL4 completed
			gdp.bigm Transformation...
			gdp.bigm Transformation completed in 0 s
		 - Constructing Arc SMALL1 - STORAGE completed
			gdp.bigm Transformation...
			gdp.bigm Transformation completed in 0 s
		 - Constructing Arc SMALL2 - BIG1 completed
			gdp.bigm Transformation...
			gdp.bigm Transformation completed in 0 s
		 - Constructing Arc SMALL2 - BIG2 completed
			gdp.bigm Transformation...
			gdp.bigm Transformation completed in 0 s
		 - Constructing Arc SMALL2 - SMALL1 completed
			gdp.bigm Transformation...
			gdp.bigm Transformation completed in 0 s
		 - Constructing Arc SMALL2 - SMALL3 completed
			gdp.bigm Transformation...
			gdp.bigm Transformation completed in 0 s
		 - Constructing Arc SMALL2 - SMALL4 completed
			gdp.bigm Transformation...
			gdp.bigm Transformation completed in 0 s
		 - Constructing Arc SMALL2 - STORAGE completed
			gdp.bigm Transformation...
			gdp.bigm Transformation completed in 0 s
		 - Constructing Arc SMALL3 - BIG1 completed
			gdp.bigm Transformation...
			gdp.bigm Transformation completed in 0 s
		 - Constructing Arc SMALL3 - BIG2 completed
			gdp.bigm Transformation...
			gdp.bigm Transformation completed in 0 s
		 - Constructing Arc SMALL3 - SMALL1 completed
			gdp.bigm Transformation...
			gdp.bigm Transformation completed in 0 s
		 - Constructing Arc SMALL3 - SMALL2 completed
			gdp.bigm Transformation...
			gdp.bigm Transformation completed in 0 s
		 - Constructing Arc SMALL3 - SMALL4 completed
			gdp.bigm Transformation...
			gdp.bigm Transformation completed in 0 s
		 - Constructing Arc SMALL3 - STORAGE completed
			gdp.bigm Transformation...
			gdp.bigm Transformation completed in 0 s
		 - Constructing Arc SMALL4 - BIG1 completed
			gdp.bigm Transformation...
			gdp.bigm Transformation completed in 0 s
		 - Constructing Arc SMALL4 - BIG2 completed
			gdp.bigm Transformation...
			gdp.bigm Transformation completed in 0 s
		 - Constructing Arc SMALL4 - SMALL1 completed
			gdp.bigm Transformation...
			gdp.bigm Transformation completed in 0 s
		 - Constructing Arc SMALL4 - SMALL2 completed
			gdp.bigm Transformation...
			gdp.bigm Transformation completed in 0 s
		 - Constructing Arc SMALL4 - SMALL3 completed
			gdp.bigm Transformation...
			gdp.bigm Transformation completed in 0 s
		 - Constructing Arc SMALL4 - STORAGE completed
			gdp.bigm Transformation...
			gdp.bigm Transformation completed in 0 s
		 - Constructing Arc STORAGE - BIG1 completed
			gdp.bigm Transformation...
			gdp.bigm Transformation completed in 0 s
		 - Constructing Arc STORAGE - BIG2 completed
			gdp.bigm Transformation...
			gdp.bigm Transformation completed in 0 s
		 - Constructing Arc STORAGE - SMALL1 completed
			gdp.bigm Transformation...
			gdp.bigm Transformation completed in 0 s
		 - Constructing Arc STORAGE - SMALL2 completed
			gdp.bigm Transformation...
			gdp.bigm Transformation completed in 0 s
		 - Constructing Arc STORAGE - SMALL3 completed
			gdp.bigm Transformation...
			gdp.bigm Transformation completed in 0 s
		 - Constructing Arc STORAGE - SMALL4 completed
	 - Constructing Network hydrogenPipelineOnshore_highP completed
			gdp.bigm Transformation...
			gdp.bigm Transformation completed in 77 s
	 - Adding Technology Electrolyzer_big
			gdp.bigm Transformation...
			gdp.bigm Transformation completed in 0 s
	 - Adding Technology Storage_H2_highP
			gdp.bigm Transformation...
			gdp.bigm Transformation completed in 4 s
	 - Adding Compressor hydrogen_Compressor_hydrogenPipelineOnshore_lowP_hydrogenPipelineOnshore_lowP
	 - Adding Compressor hydrogen_Compressor_hydrogenPipelineOnshore_lowP_hydrogenPipelineOnshore_highP
	 - Adding Compressor hydrogen_Compressor_hydrogenPipelineOnshore_lowP_Storage_H2_highP
	 - Adding Compressor hydrogen_Compressor_hydrogenPipelineOnshore_lowP_Demand
	 - Adding Compressor hydrogen_Compressor_hydrogenPipelineOnshore_highP_hydrogenPipelineOnshore_lowP
	 - Adding Compressor hydrogen_Compressor_hydrogenPipelineOnshore_highP_hydrogenPipelineOnshore_highP
	 - Adding Compressor hydrogen_Compressor_hydrogenPipelineOnshore_highP_Storage_H2_highP
	 - Adding Compressor hydrogen_Compressor_hydrogenPipelineOnshore_highP_Demand
	 - Adding Compressor hydrogen_Compressor_Electrolyzer_big_hydrogenPipelineOnshore_lowP
	 - Adding Compressor hydrogen_Compressor_Electrolyzer_big_hydrogenPipelineOnshore_highP
	 - Adding Compressor hydrogen_Compressor_Electrolyzer_big_Storage_H2_highP
	 - Adding Compressor hydrogen_Compressor_Electrolyzer_big_Demand
	 - Adding Compressor hydrogen_Compressor_Storage_H2_highP_hydrogenPipelineOnshore_lowP
	 - Adding Compressor hydrogen_Compressor_Storage_H2_highP_hydrogenPipelineOnshore_highP
	 - Adding Compressor hydrogen_Compressor_Storage_H2_highP_Storage_H2_highP
	 - Adding Compressor hydrogen_Compressor_Storage_H2_highP_Demand
	 - Adding Compressor hydrogen_Compressor_Import_hydrogenPipelineOnshore_lowP
	 - Adding Compressor hydrogen_Compressor_Import_hydrogenPipelineOnshore_highP
	 - Adding Compressor hydrogen_Compressor_Import_Storage_H2_highP
	 - Adding Compressor hydrogen_Compressor_Import_Demand_existing
	 - Adding Technology Electrolyzer_big
			gdp.bigm Transformation...
			gdp.bigm Transformation completed in 0 s
	 - Adding Technology Storage_H2_highP
			gdp.bigm Transformation...
			gdp.bigm Transformation completed in 4 s
	 - Adding Compressor hydrogen_Compressor_hydrogenPipelineOnshore_lowP_hydrogenPipelineOnshore_lowP
	 - Adding Compressor hydrogen_Compressor_hydrogenPipelineOnshore_lowP_hydrogenPipelineOnshore_highP
	 - Adding Compressor hydrogen_Compressor_hydrogenPipelineOnshore_lowP_Storage_H2_highP
	 - Adding Compressor hydrogen_Compressor_hydrogenPipelineOnshore_lowP_Demand
	 - Adding Compressor hydrogen_Compressor_hydrogenPipelineOnshore_highP_hydrogenPipelineOnshore_lowP
	 - Adding Compressor hydrogen_Compressor_hydrogenPipelineOnshore_highP_hydrogenPipelineOnshore_highP
	 - Adding Compressor hydrogen_Compressor_hydrogenPipelineOnshore_highP_Storage_H2_highP
	 - Adding Compressor hydrogen_Compressor_hydrogenPipelineOnshore_highP_Demand
	 - Adding Compressor hydrogen_Compressor_Electrolyzer_big_hydrogenPipelineOnshore_lowP
	 - Adding Compressor hydrogen_Compressor_Electrolyzer_big_hydrogenPipelineOnshore_highP
	 - Adding Compressor hydrogen_Compressor_Electrolyzer_big_Storage_H2_highP
	 - Adding Compressor hydrogen_Compressor_Electrolyzer_big_Demand
	 - Adding Compressor hydrogen_Compressor_Storage_H2_highP_hydrogenPipelineOnshore_lowP
	 - Adding Compressor hydrogen_Compressor_Storage_H2_highP_hydrogenPipelineOnshore_highP
	 - Adding Compressor hydrogen_Compressor_Storage_H2_highP_Storage_H2_highP
	 - Adding Compressor hydrogen_Compressor_Storage_H2_highP_Demand
	 - Adding Compressor hydrogen_Compressor_Import_hydrogenPipelineOnshore_lowP
	 - Adding Compressor hydrogen_Compressor_Import_hydrogenPipelineOnshore_highP
	 - Adding Compressor hydrogen_Compressor_Import_Storage_H2_highP
	 - Adding Compressor hydrogen_Compressor_Import_Demand_existing
	 - Adding Technology Electrolyzer_small
	 - Adding Technology Storage_H2_lowP
			gdp.bigm Transformation...
			gdp.bigm Transformation completed in 4 s
	 - Adding Compressor hydrogen_Compressor_hydrogenPipelineOnshore_lowP_hydrogenPipelineOnshore_lowP
	 - Adding Compressor hydrogen_Compressor_hydrogenPipelineOnshore_lowP_hydrogenPipelineOnshore_highP
	 - Adding Compressor hydrogen_Compressor_hydrogenPipelineOnshore_lowP_Storage_H2_lowP
	 - Adding Compressor hydrogen_Compressor_hydrogenPipelineOnshore_lowP_Demand
	 - Adding Compressor hydrogen_Compressor_hydrogenPipelineOnshore_highP_hydrogenPipelineOnshore_lowP
	 - Adding Compressor hydrogen_Compressor_hydrogenPipelineOnshore_highP_hydrogenPipelineOnshore_highP
	 - Adding Compressor hydrogen_Compressor_hydrogenPipelineOnshore_highP_Storage_H2_lowP
	 - Adding Compressor hydrogen_Compressor_hydrogenPipelineOnshore_highP_Demand
	 - Adding Compressor hydrogen_Compressor_Electrolyzer_small_hydrogenPipelineOnshore_lowP
	 - Adding Compressor hydrogen_Compressor_Electrolyzer_small_hydrogenPipelineOnshore_highP
	 - Adding Compressor hydrogen_Compressor_Electrolyzer_small_Storage_H2_lowP
	 - Adding Compressor hydrogen_Compressor_Electrolyzer_small_Demand
	 - Adding Compressor hydrogen_Compressor_Storage_H2_lowP_hydrogenPipelineOnshore_lowP
	 - Adding Compressor hydrogen_Compressor_Storage_H2_lowP_hydrogenPipelineOnshore_highP
	 - Adding Compressor hydrogen_Compressor_Storage_H2_lowP_Storage_H2_lowP
	 - Adding Compressor hydrogen_Compressor_Storage_H2_lowP_Demand
	 - Adding Technology Electrolyzer_small
	 - Adding Technology Storage_H2_lowP
			gdp.bigm Transformation...
			gdp.bigm Transformation completed in 4 s
	 - Adding Compressor hydrogen_Compressor_hydrogenPipelineOnshore_lowP_hydrogenPipelineOnshore_lowP
	 - Adding Compressor hydrogen_Compressor_hydrogenPipelineOnshore_lowP_hydrogenPipelineOnshore_highP
	 - Adding Compressor hydrogen_Compressor_hydrogenPipelineOnshore_lowP_Storage_H2_lowP
	 - Adding Compressor hydrogen_Compressor_hydrogenPipelineOnshore_lowP_Demand
	 - Adding Compressor hydrogen_Compressor_hydrogenPipelineOnshore_highP_hydrogenPipelineOnshore_lowP
	 - Adding Compressor hydrogen_Compressor_hydrogenPipelineOnshore_highP_hydrogenPipelineOnshore_highP
	 - Adding Compressor hydrogen_Compressor_hydrogenPipelineOnshore_highP_Storage_H2_lowP
	 - Adding Compressor hydrogen_Compressor_hydrogenPipelineOnshore_highP_Demand
	 - Adding Compressor hydrogen_Compressor_Electrolyzer_small_hydrogenPipelineOnshore_lowP
	 - Adding Compressor hydrogen_Compressor_Electrolyzer_small_hydrogenPipelineOnshore_highP
	 - Adding Compressor hydrogen_Compressor_Electrolyzer_small_Storage_H2_lowP
	 - Adding Compressor hydrogen_Compressor_Electrolyzer_small_Demand
	 - Adding Compressor hydrogen_Compressor_Storage_H2_lowP_hydrogenPipelineOnshore_lowP
	 - Adding Compressor hydrogen_Compressor_Storage_H2_lowP_hydrogenPipelineOnshore_highP
	 - Adding Compressor hydrogen_Compressor_Storage_H2_lowP_Storage_H2_lowP
	 - Adding Compressor hydrogen_Compressor_Storage_H2_lowP_Demand
	 - Adding Technology Electrolyzer_small
	 - Adding Technology Storage_H2_lowP
			gdp.bigm Transformation...
			gdp.bigm Transformation completed in 4 s
	 - Adding Compressor hydrogen_Compressor_hydrogenPipelineOnshore_lowP_hydrogenPipelineOnshore_lowP
	 - Adding Compressor hydrogen_Compressor_hydrogenPipelineOnshore_lowP_hydrogenPipelineOnshore_highP
	 - Adding Compressor hydrogen_Compressor_hydrogenPipelineOnshore_lowP_Storage_H2_lowP
	 - Adding Compressor hydrogen_Compressor_hydrogenPipelineOnshore_lowP_Demand
	 - Adding Compressor hydrogen_Compressor_hydrogenPipelineOnshore_highP_hydrogenPipelineOnshore_lowP
	 - Adding Compressor hydrogen_Compressor_hydrogenPipelineOnshore_highP_hydrogenPipelineOnshore_highP
	 - Adding Compressor hydrogen_Compressor_hydrogenPipelineOnshore_highP_Storage_H2_lowP
	 - Adding Compressor hydrogen_Compressor_hydrogenPipelineOnshore_highP_Demand
	 - Adding Compressor hydrogen_Compressor_Electrolyzer_small_hydrogenPipelineOnshore_lowP
	 - Adding Compressor hydrogen_Compressor_Electrolyzer_small_hydrogenPipelineOnshore_highP
	 - Adding Compressor hydrogen_Compressor_Electrolyzer_small_Storage_H2_lowP
	 - Adding Compressor hydrogen_Compressor_Electrolyzer_small_Demand
	 - Adding Compressor hydrogen_Compressor_Storage_H2_lowP_hydrogenPipelineOnshore_lowP
	 - Adding Compressor hydrogen_Compressor_Storage_H2_lowP_hydrogenPipelineOnshore_highP
	 - Adding Compressor hydrogen_Compressor_Storage_H2_lowP_Storage_H2_lowP
	 - Adding Compressor hydrogen_Compressor_Storage_H2_lowP_Demand
	 - Adding Technology Electrolyzer_small
	 - Adding Technology Storage_H2_lowP
			gdp.bigm Transformation...
			gdp.bigm Transformation completed in 4 s
	 - Adding Compressor hydrogen_Compressor_hydrogenPipelineOnshore_lowP_hydrogenPipelineOnshore_lowP
	 - Adding Compressor hydrogen_Compressor_hydrogenPipelineOnshore_lowP_hydrogenPipelineOnshore_highP
	 - Adding Compressor hydrogen_Compressor_hydrogenPipelineOnshore_lowP_Storage_H2_lowP
	 - Adding Compressor hydrogen_Compressor_hydrogenPipelineOnshore_lowP_Demand
	 - Adding Compressor hydrogen_Compressor_hydrogenPipelineOnshore_highP_hydrogenPipelineOnshore_lowP
	 - Adding Compressor hydrogen_Compressor_hydrogenPipelineOnshore_highP_hydrogenPipelineOnshore_highP
	 - Adding Compressor hydrogen_Compressor_hydrogenPipelineOnshore_highP_Storage_H2_lowP
	 - Adding Compressor hydrogen_Compressor_hydrogenPipelineOnshore_highP_Demand
	 - Adding Compressor hydrogen_Compressor_Electrolyzer_small_hydrogenPipelineOnshore_lowP
	 - Adding Compressor hydrogen_Compressor_Electrolyzer_small_hydrogenPipelineOnshore_highP
	 - Adding Compressor hydrogen_Compressor_Electrolyzer_small_Storage_H2_lowP
	 - Adding Compressor hydrogen_Compressor_Electrolyzer_small_Demand
	 - Adding Compressor hydrogen_Compressor_Storage_H2_lowP_hydrogenPipelineOnshore_lowP
	 - Adding Compressor hydrogen_Compressor_Storage_H2_lowP_hydrogenPipelineOnshore_highP
	 - Adding Compressor hydrogen_Compressor_Storage_H2_lowP_Storage_H2_lowP
	 - Adding Compressor hydrogen_Compressor_Storage_H2_lowP_Demand
	 - Adding Technology Storage_H2_Cavern_existing
			gdp.bigm Transformation...
			gdp.bigm Transformation completed in 4 s
	 - Adding Compressor hydrogen_Compressor_hydrogenPipelineOnshore_lowP_hydrogenPipelineOnshore_lowP
	 - Adding Compressor hydrogen_Compressor_hydrogenPipelineOnshore_lowP_hydrogenPipelineOnshore_highP
	 - Adding Compressor hydrogen_Compressor_hydrogenPipelineOnshore_lowP_Storage_H2_Cavern_existing
	 - Adding Compressor hydrogen_Compressor_hydrogenPipelineOnshore_highP_hydrogenPipelineOnshore_lowP
	 - Adding Compressor hydrogen_Compressor_hydrogenPipelineOnshore_highP_hydrogenPipelineOnshore_highP
	 - Adding Compressor hydrogen_Compressor_hydrogenPipelineOnshore_highP_Storage_H2_Cavern_existing
	 - Adding Compressor hydrogen_Compressor_Storage_H2_Cavern_existing_hydrogenPipelineOnshore_lowP
	 - Adding Compressor hydrogen_Compressor_Storage_H2_Cavern_existing_hydrogenPipelineOnshore_highP
	 - Adding Compressor hydrogen_Compressor_Storage_H2_Cavern_existing_Storage_H2_Cavern_existing_existing
Constructing model completed in 440s
Constructing balances...
Constructing balances completed in 17s
Set objective on infrastructure due to willingness to pay
Set parameter OutputFlag to value 1
Set parameter LogFile to value "/gpfs/home3/scur1696/AdOpT-NET0-RegToNation/generic_node_optimization/results/parallel_creation_test_20251124_002357/task_000/t000_parallel_run_0002/userData/20251124003213-1/solver_log.txt"
Solver log file: /gpfs/home3/scur1696/AdOpT-NET0-RegToNation/generic_node_optimization/results/parallel_creation_test_20251124_002357/task_000/t000_parallel_run_0002/userData/20251124003213-1/solver_log.txt
Set parameter TimeLimit to value 180000
Set parameter MIPGap to value 0.01
Set parameter MIPFocus to value 0
Set parameter Threads to value 12
Set parameter NodefileStart to value 60
Set parameter Method to value -1
Set parameter Heuristics to value 0.05
Set parameter Presolve to value 1
Set parameter BranchDir to value 0
Set parameter LPWarmStart to value 0
Set parameter IntFeasTol to value 1e-05
Set parameter FeasibilityTol to value 1e-06
Set parameter Cuts to value -1
Set parameter NumericFocus to value 0
Gurobi Optimizer version 13.0.0 build v13.0.0rc1 (linux64 - "Red Hat Enterprise Linux 9.4 (Plow)")

CPU model: AMD EPYC 9654 96-Core Processor, instruction set [SSE2|AVX|AVX2|AVX512]
Thread count: 192 physical cores, 192 logical processors, using up to 12 threads

Non-default parameters:
TimeLimit  180000
MIPGap  0.01
LPWarmStart  0
NodefileStart  60
Presolve  1
Threads  12

Academic license 2729390 - for non-commercial use only - registered to m.___@uu.nl
Optimize a model with 9050179 rows, 6728544 columns and 21385595 nonzeros (Min)
Model fingerprint: 0xf3bff1af
Model has 1 linear objective coefficients
Variable types: 5869892 continuous, 858652 integer (858652 binary)
Coefficient statistics:
  Matrix range     [2e-03, 2e+08]
  Objective range  [1e+00, 1e+00]
  Bounds range     [5e-02, 6e+08]
  RHS range        [1e+00, 5e+09]
Warning: Model contains large matrix coefficients
Warning: Model contains large rhs
         Consider reformulating model or setting NumericFocus parameter
         to avoid numerical issues.
Gurobi Optimizer version 13.0.0 build v13.0.0rc1 (linux64 - "Red Hat Enterprise Linux 9.4 (Plow)")

CPU model: AMD EPYC 9654 96-Core Processor, instruction set [SSE2|AVX|AVX2|AVX512]
Thread count: 192 physical cores, 192 logical processors, using up to 12 threads

Non-default parameters:
TimeLimit  180000
MIPGap  0.01
LPWarmStart  0
NodefileStart  60
Presolve  1
Threads  12

Academic license 2729390 - for non-commercial use only - registered to m.___@uu.nl
Optimize a model with 9050179 rows, 6728544 columns and 21385595 nonzeros (Min)
Model fingerprint: 0x1962aeee
Model has 1 linear objective coefficients
Variable types: 5869892 continuous, 858652 integer (858652 binary)
Coefficient statistics:
  Matrix range     [2e-03, 2e+08]
  Objective range  [1e+00, 1e+00]
  Bounds range     [5e-02, 6e+08]
  RHS range        [1e+00, 5e+09]
Warning: Model contains large matrix coefficients
Warning: Model contains large rhs
         Consider reformulating model or setting NumericFocus parameter
         to avoid numerical issues.
  [CONFIG] Gurobi default env configured: 12 threads per worker
--- Reading in data ---
Input data folder has been checked successfully - no errors occurred.
--- Reading in data complete ---
--- Constructing Model ---
Constructing Investment Period period1
Constructing Investment Period period1 completed
	 - Constructing Network hydrogenPipelineOnshore_lowP
			gdp.bigm Transformation...
			gdp.bigm Transformation completed in 0 s
		 - Constructing Arc BIG1 - BIG2 completed
			gdp.bigm Transformation...
			gdp.bigm Transformation completed in 0 s
		 - Constructing Arc BIG1 - SMALL1 completed
			gdp.bigm Transformation...
			gdp.bigm Transformation completed in 0 s
		 - Constructing Arc BIG1 - SMALL2 completed
			gdp.bigm Transformation...
			gdp.bigm Transformation completed in 0 s
		 - Constructing Arc BIG1 - SMALL3 completed
			gdp.bigm Transformation...
			gdp.bigm Transformation completed in 0 s
		 - Constructing Arc BIG1 - SMALL4 completed
			gdp.bigm Transformation...
			gdp.bigm Transformation completed in 0 s
		 - Constructing Arc BIG1 - STORAGE completed
			gdp.bigm Transformation...
			gdp.bigm Transformation completed in 0 s
		 - Constructing Arc BIG2 - BIG1 completed
			gdp.bigm Transformation...
			gdp.bigm Transformation completed in 0 s
		 - Constructing Arc BIG2 - SMALL1 completed
			gdp.bigm Transformation...
			gdp.bigm Transformation completed in 0 s
		 - Constructing Arc BIG2 - SMALL2 completed
			gdp.bigm Transformation...
			gdp.bigm Transformation completed in 0 s
		 - Constructing Arc BIG2 - SMALL3 completed
			gdp.bigm Transformation...
			gdp.bigm Transformation completed in 0 s
		 - Constructing Arc BIG2 - SMALL4 completed
			gdp.bigm Transformation...
			gdp.bigm Transformation completed in 0 s
		 - Constructing Arc BIG2 - STORAGE completed
			gdp.bigm Transformation...
			gdp.bigm Transformation completed in 0 s
		 - Constructing Arc SMALL1 - BIG1 completed
			gdp.bigm Transformation...
			gdp.bigm Transformation completed in 0 s
		 - Constructing Arc SMALL1 - BIG2 completed
			gdp.bigm Transformation...
			gdp.bigm Transformation completed in 0 s
		 - Constructing Arc SMALL1 - SMALL2 completed
			gdp.bigm Transformation...
			gdp.bigm Transformation completed in 0 s
		 - Constructing Arc SMALL1 - SMALL3 completed
			gdp.bigm Transformation...
			gdp.bigm Transformation completed in 0 s
		 - Constructing Arc SMALL1 - SMALL4 completed
			gdp.bigm Transformation...
			gdp.bigm Transformation completed in 0 s
		 - Constructing Arc SMALL1 - STORAGE completed
			gdp.bigm Transformation...
			gdp.bigm Transformation completed in 0 s
		 - Constructing Arc SMALL2 - BIG1 completed
			gdp.bigm Transformation...
			gdp.bigm Transformation completed in 0 s
		 - Constructing Arc SMALL2 - BIG2 completed
			gdp.bigm Transformation...
			gdp.bigm Transformation completed in 0 s
		 - Constructing Arc SMALL2 - SMALL1 completed
			gdp.bigm Transformation...
			gdp.bigm Transformation completed in 0 s
		 - Constructing Arc SMALL2 - SMALL3 completed
			gdp.bigm Transformation...
			gdp.bigm Transformation completed in 0 s
		 - Constructing Arc SMALL2 - SMALL4 completed
			gdp.bigm Transformation...
			gdp.bigm Transformation completed in 0 s
		 - Constructing Arc SMALL2 - STORAGE completed
			gdp.bigm Transformation...
			gdp.bigm Transformation completed in 0 s
		 - Constructing Arc SMALL3 - BIG1 completed
			gdp.bigm Transformation...
			gdp.bigm Transformation completed in 0 s
		 - Constructing Arc SMALL3 - BIG2 completed
			gdp.bigm Transformation...
			gdp.bigm Transformation completed in 0 s
		 - Constructing Arc SMALL3 - SMALL1 completed
			gdp.bigm Transformation...
			gdp.bigm Transformation completed in 0 s
		 - Constructing Arc SMALL3 - SMALL2 completed
			gdp.bigm Transformation...
			gdp.bigm Transformation completed in 0 s
		 - Constructing Arc SMALL3 - SMALL4 completed
			gdp.bigm Transformation...
			gdp.bigm Transformation completed in 0 s
		 - Constructing Arc SMALL3 - STORAGE completed
			gdp.bigm Transformation...
			gdp.bigm Transformation completed in 0 s
		 - Constructing Arc SMALL4 - BIG1 completed
			gdp.bigm Transformation...
			gdp.bigm Transformation completed in 0 s
		 - Constructing Arc SMALL4 - BIG2 completed
			gdp.bigm Transformation...
			gdp.bigm Transformation completed in 0 s
		 - Constructing Arc SMALL4 - SMALL1 completed
			gdp.bigm Transformation...
			gdp.bigm Transformation completed in 0 s
		 - Constructing Arc SMALL4 - SMALL2 completed
			gdp.bigm Transformation...
			gdp.bigm Transformation completed in 0 s
		 - Constructing Arc SMALL4 - SMALL3 completed
			gdp.bigm Transformation...
			gdp.bigm Transformation completed in 0 s
		 - Constructing Arc SMALL4 - STORAGE completed
			gdp.bigm Transformation...
			gdp.bigm Transformation completed in 0 s
		 - Constructing Arc STORAGE - BIG1 completed
			gdp.bigm Transformation...
			gdp.bigm Transformation completed in 0 s
		 - Constructing Arc STORAGE - BIG2 completed
			gdp.bigm Transformation...
			gdp.bigm Transformation completed in 0 s
		 - Constructing Arc STORAGE - SMALL1 completed
			gdp.bigm Transformation...
			gdp.bigm Transformation completed in 0 s
		 - Constructing Arc STORAGE - SMALL2 completed
			gdp.bigm Transformation...
			gdp.bigm Transformation completed in 0 s
		 - Constructing Arc STORAGE - SMALL3 completed
			gdp.bigm Transformation...
			gdp.bigm Transformation completed in 0 s
		 - Constructing Arc STORAGE - SMALL4 completed
	 - Constructing Network hydrogenPipelineOnshore_lowP completed
			gdp.bigm Transformation...
			gdp.bigm Transformation completed in 78 s
	 - Constructing Network hydrogenPipelineOnshore_highP
			gdp.bigm Transformation...
			gdp.bigm Transformation completed in 0 s
		 - Constructing Arc BIG1 - BIG2 completed
			gdp.bigm Transformation...
			gdp.bigm Transformation completed in 0 s
		 - Constructing Arc BIG1 - SMALL1 completed
			gdp.bigm Transformation...
			gdp.bigm Transformation completed in 0 s
		 - Constructing Arc BIG1 - SMALL2 completed
			gdp.bigm Transformation...
			gdp.bigm Transformation completed in 0 s
		 - Constructing Arc BIG1 - SMALL3 completed
			gdp.bigm Transformation...
			gdp.bigm Transformation completed in 0 s
		 - Constructing Arc BIG1 - SMALL4 completed
			gdp.bigm Transformation...
			gdp.bigm Transformation completed in 0 s
		 - Constructing Arc BIG1 - STORAGE completed
			gdp.bigm Transformation...
			gdp.bigm Transformation completed in 0 s
		 - Constructing Arc BIG2 - BIG1 completed
			gdp.bigm Transformation...
			gdp.bigm Transformation completed in 0 s
		 - Constructing Arc BIG2 - SMALL1 completed
			gdp.bigm Transformation...
			gdp.bigm Transformation completed in 0 s
		 - Constructing Arc BIG2 - SMALL2 completed
			gdp.bigm Transformation...
			gdp.bigm Transformation completed in 0 s
		 - Constructing Arc BIG2 - SMALL3 completed
			gdp.bigm Transformation...
			gdp.bigm Transformation completed in 0 s
		 - Constructing Arc BIG2 - SMALL4 completed
			gdp.bigm Transformation...
			gdp.bigm Transformation completed in 0 s
		 - Constructing Arc BIG2 - STORAGE completed
			gdp.bigm Transformation...
			gdp.bigm Transformation completed in 0 s
		 - Constructing Arc SMALL1 - BIG1 completed
			gdp.bigm Transformation...
			gdp.bigm Transformation completed in 0 s
		 - Constructing Arc SMALL1 - BIG2 completed
			gdp.bigm Transformation...
			gdp.bigm Transformation completed in 0 s
		 - Constructing Arc SMALL1 - SMALL2 completed
			gdp.bigm Transformation...
			gdp.bigm Transformation completed in 0 s
		 - Constructing Arc SMALL1 - SMALL3 completed
			gdp.bigm Transformation...
			gdp.bigm Transformation completed in 0 s
		 - Constructing Arc SMALL1 - SMALL4 completed
			gdp.bigm Transformation...
			gdp.bigm Transformation completed in 0 s
		 - Constructing Arc SMALL1 - STORAGE completed
			gdp.bigm Transformation...
			gdp.bigm Transformation completed in 0 s
		 - Constructing Arc SMALL2 - BIG1 completed
			gdp.bigm Transformation...
			gdp.bigm Transformation completed in 0 s
		 - Constructing Arc SMALL2 - BIG2 completed
			gdp.bigm Transformation...
			gdp.bigm Transformation completed in 0 s
		 - Constructing Arc SMALL2 - SMALL1 completed
			gdp.bigm Transformation...
			gdp.bigm Transformation completed in 0 s
		 - Constructing Arc SMALL2 - SMALL3 completed
			gdp.bigm Transformation...
			gdp.bigm Transformation completed in 0 s
		 - Constructing Arc SMALL2 - SMALL4 completed
			gdp.bigm Transformation...
			gdp.bigm Transformation completed in 0 s
		 - Constructing Arc SMALL2 - STORAGE completed
			gdp.bigm Transformation...
			gdp.bigm Transformation completed in 0 s
		 - Constructing Arc SMALL3 - BIG1 completed
			gdp.bigm Transformation...
			gdp.bigm Transformation completed in 0 s
		 - Constructing Arc SMALL3 - BIG2 completed
			gdp.bigm Transformation...
			gdp.bigm Transformation completed in 0 s
		 - Constructing Arc SMALL3 - SMALL1 completed
			gdp.bigm Transformation...
			gdp.bigm Transformation completed in 0 s
		 - Constructing Arc SMALL3 - SMALL2 completed
			gdp.bigm Transformation...
			gdp.bigm Transformation completed in 0 s
		 - Constructing Arc SMALL3 - SMALL4 completed
			gdp.bigm Transformation...
			gdp.bigm Transformation completed in 0 s
		 - Constructing Arc SMALL3 - STORAGE completed
			gdp.bigm Transformation...
			gdp.bigm Transformation completed in 0 s
		 - Constructing Arc SMALL4 - BIG1 completed
			gdp.bigm Transformation...
			gdp.bigm Transformation completed in 0 s
		 - Constructing Arc SMALL4 - BIG2 completed
			gdp.bigm Transformation...
			gdp.bigm Transformation completed in 0 s
		 - Constructing Arc SMALL4 - SMALL1 completed
			gdp.bigm Transformation...
			gdp.bigm Transformation completed in 0 s
		 - Constructing Arc SMALL4 - SMALL2 completed
			gdp.bigm Transformation...
			gdp.bigm Transformation completed in 0 s
		 - Constructing Arc SMALL4 - SMALL3 completed
			gdp.bigm Transformation...
			gdp.bigm Transformation completed in 0 s
		 - Constructing Arc SMALL4 - STORAGE completed
			gdp.bigm Transformation...
			gdp.bigm Transformation completed in 0 s
		 - Constructing Arc STORAGE - BIG1 completed
			gdp.bigm Transformation...
			gdp.bigm Transformation completed in 0 s
		 - Constructing Arc STORAGE - BIG2 completed
			gdp.bigm Transformation...
			gdp.bigm Transformation completed in 0 s
		 - Constructing Arc STORAGE - SMALL1 completed
			gdp.bigm Transformation...
			gdp.bigm Transformation completed in 0 s
		 - Constructing Arc STORAGE - SMALL2 completed
			gdp.bigm Transformation...
			gdp.bigm Transformation completed in 0 s
		 - Constructing Arc STORAGE - SMALL3 completed
			gdp.bigm Transformation...
			gdp.bigm Transformation completed in 0 s
		 - Constructing Arc STORAGE - SMALL4 completed
	 - Constructing Network hydrogenPipelineOnshore_highP completed
			gdp.bigm Transformation...
			gdp.bigm Transformation completed in 78 s
	 - Adding Technology Electrolyzer_big
			gdp.bigm Transformation...
			gdp.bigm Transformation completed in 0 s
	 - Adding Technology Storage_H2_highP
			gdp.bigm Transformation...
			gdp.bigm Transformation completed in 4 s
	 - Adding Compressor hydrogen_Compressor_hydrogenPipelineOnshore_lowP_hydrogenPipelineOnshore_lowP
	 - Adding Compressor hydrogen_Compressor_hydrogenPipelineOnshore_lowP_hydrogenPipelineOnshore_highP
	 - Adding Compressor hydrogen_Compressor_hydrogenPipelineOnshore_lowP_Storage_H2_highP
	 - Adding Compressor hydrogen_Compressor_hydrogenPipelineOnshore_lowP_Demand
	 - Adding Compressor hydrogen_Compressor_hydrogenPipelineOnshore_highP_hydrogenPipelineOnshore_lowP
	 - Adding Compressor hydrogen_Compressor_hydrogenPipelineOnshore_highP_hydrogenPipelineOnshore_highP
	 - Adding Compressor hydrogen_Compressor_hydrogenPipelineOnshore_highP_Storage_H2_highP
	 - Adding Compressor hydrogen_Compressor_hydrogenPipelineOnshore_highP_Demand
	 - Adding Compressor hydrogen_Compressor_Electrolyzer_big_hydrogenPipelineOnshore_lowP
	 - Adding Compressor hydrogen_Compressor_Electrolyzer_big_hydrogenPipelineOnshore_highP
	 - Adding Compressor hydrogen_Compressor_Electrolyzer_big_Storage_H2_highP
	 - Adding Compressor hydrogen_Compressor_Electrolyzer_big_Demand
	 - Adding Compressor hydrogen_Compressor_Storage_H2_highP_hydrogenPipelineOnshore_lowP
	 - Adding Compressor hydrogen_Compressor_Storage_H2_highP_hydrogenPipelineOnshore_highP
	 - Adding Compressor hydrogen_Compressor_Storage_H2_highP_Storage_H2_highP
	 - Adding Compressor hydrogen_Compressor_Storage_H2_highP_Demand
	 - Adding Compressor hydrogen_Compressor_Import_hydrogenPipelineOnshore_lowP
	 - Adding Compressor hydrogen_Compressor_Import_hydrogenPipelineOnshore_highP
	 - Adding Compressor hydrogen_Compressor_Import_Storage_H2_highP
	 - Adding Compressor hydrogen_Compressor_Import_Demand_existing
	 - Adding Technology Electrolyzer_big
			gdp.bigm Transformation...
			gdp.bigm Transformation completed in 0 s
	 - Adding Technology Storage_H2_highP
			gdp.bigm Transformation...
			gdp.bigm Transformation completed in 4 s
	 - Adding Compressor hydrogen_Compressor_hydrogenPipelineOnshore_lowP_hydrogenPipelineOnshore_lowP
	 - Adding Compressor hydrogen_Compressor_hydrogenPipelineOnshore_lowP_hydrogenPipelineOnshore_highP
	 - Adding Compressor hydrogen_Compressor_hydrogenPipelineOnshore_lowP_Storage_H2_highP
	 - Adding Compressor hydrogen_Compressor_hydrogenPipelineOnshore_lowP_Demand
	 - Adding Compressor hydrogen_Compressor_hydrogenPipelineOnshore_highP_hydrogenPipelineOnshore_lowP
	 - Adding Compressor hydrogen_Compressor_hydrogenPipelineOnshore_highP_hydrogenPipelineOnshore_highP
	 - Adding Compressor hydrogen_Compressor_hydrogenPipelineOnshore_highP_Storage_H2_highP
	 - Adding Compressor hydrogen_Compressor_hydrogenPipelineOnshore_highP_Demand
	 - Adding Compressor hydrogen_Compressor_Electrolyzer_big_hydrogenPipelineOnshore_lowP
	 - Adding Compressor hydrogen_Compressor_Electrolyzer_big_hydrogenPipelineOnshore_highP
	 - Adding Compressor hydrogen_Compressor_Electrolyzer_big_Storage_H2_highP
	 - Adding Compressor hydrogen_Compressor_Electrolyzer_big_Demand
	 - Adding Compressor hydrogen_Compressor_Storage_H2_highP_hydrogenPipelineOnshore_lowP
	 - Adding Compressor hydrogen_Compressor_Storage_H2_highP_hydrogenPipelineOnshore_highP
	 - Adding Compressor hydrogen_Compressor_Storage_H2_highP_Storage_H2_highP
	 - Adding Compressor hydrogen_Compressor_Storage_H2_highP_Demand
	 - Adding Compressor hydrogen_Compressor_Import_hydrogenPipelineOnshore_lowP
	 - Adding Compressor hydrogen_Compressor_Import_hydrogenPipelineOnshore_highP
	 - Adding Compressor hydrogen_Compressor_Import_Storage_H2_highP
	 - Adding Compressor hydrogen_Compressor_Import_Demand_existing
	 - Adding Technology Electrolyzer_small
	 - Adding Technology Storage_H2_lowP
			gdp.bigm Transformation...
			gdp.bigm Transformation completed in 4 s
	 - Adding Compressor hydrogen_Compressor_hydrogenPipelineOnshore_lowP_hydrogenPipelineOnshore_lowP
	 - Adding Compressor hydrogen_Compressor_hydrogenPipelineOnshore_lowP_hydrogenPipelineOnshore_highP
	 - Adding Compressor hydrogen_Compressor_hydrogenPipelineOnshore_lowP_Storage_H2_lowP
	 - Adding Compressor hydrogen_Compressor_hydrogenPipelineOnshore_lowP_Demand
	 - Adding Compressor hydrogen_Compressor_hydrogenPipelineOnshore_highP_hydrogenPipelineOnshore_lowP
	 - Adding Compressor hydrogen_Compressor_hydrogenPipelineOnshore_highP_hydrogenPipelineOnshore_highP
	 - Adding Compressor hydrogen_Compressor_hydrogenPipelineOnshore_highP_Storage_H2_lowP
	 - Adding Compressor hydrogen_Compressor_hydrogenPipelineOnshore_highP_Demand
	 - Adding Compressor hydrogen_Compressor_Electrolyzer_small_hydrogenPipelineOnshore_lowP
	 - Adding Compressor hydrogen_Compressor_Electrolyzer_small_hydrogenPipelineOnshore_highP
	 - Adding Compressor hydrogen_Compressor_Electrolyzer_small_Storage_H2_lowP
	 - Adding Compressor hydrogen_Compressor_Electrolyzer_small_Demand
	 - Adding Compressor hydrogen_Compressor_Storage_H2_lowP_hydrogenPipelineOnshore_lowP
	 - Adding Compressor hydrogen_Compressor_Storage_H2_lowP_hydrogenPipelineOnshore_highP
	 - Adding Compressor hydrogen_Compressor_Storage_H2_lowP_Storage_H2_lowP
	 - Adding Compressor hydrogen_Compressor_Storage_H2_lowP_Demand
	 - Adding Technology Electrolyzer_small
	 - Adding Technology Storage_H2_lowP
			gdp.bigm Transformation...
			gdp.bigm Transformation completed in 4 s
	 - Adding Compressor hydrogen_Compressor_hydrogenPipelineOnshore_lowP_hydrogenPipelineOnshore_lowP
	 - Adding Compressor hydrogen_Compressor_hydrogenPipelineOnshore_lowP_hydrogenPipelineOnshore_highP
	 - Adding Compressor hydrogen_Compressor_hydrogenPipelineOnshore_lowP_Storage_H2_lowP
	 - Adding Compressor hydrogen_Compressor_hydrogenPipelineOnshore_lowP_Demand
	 - Adding Compressor hydrogen_Compressor_hydrogenPipelineOnshore_highP_hydrogenPipelineOnshore_lowP
	 - Adding Compressor hydrogen_Compressor_hydrogenPipelineOnshore_highP_hydrogenPipelineOnshore_highP
	 - Adding Compressor hydrogen_Compressor_hydrogenPipelineOnshore_highP_Storage_H2_lowP
	 - Adding Compressor hydrogen_Compressor_hydrogenPipelineOnshore_highP_Demand
	 - Adding Compressor hydrogen_Compressor_Electrolyzer_small_hydrogenPipelineOnshore_lowP
	 - Adding Compressor hydrogen_Compressor_Electrolyzer_small_hydrogenPipelineOnshore_highP
	 - Adding Compressor hydrogen_Compressor_Electrolyzer_small_Storage_H2_lowP
	 - Adding Compressor hydrogen_Compressor_Electrolyzer_small_Demand
	 - Adding Compressor hydrogen_Compressor_Storage_H2_lowP_hydrogenPipelineOnshore_lowP
	 - Adding Compressor hydrogen_Compressor_Storage_H2_lowP_hydrogenPipelineOnshore_highP
	 - Adding Compressor hydrogen_Compressor_Storage_H2_lowP_Storage_H2_lowP
	 - Adding Compressor hydrogen_Compressor_Storage_H2_lowP_Demand
	 - Adding Technology Electrolyzer_small
	 - Adding Technology Storage_H2_lowP
			gdp.bigm Transformation...
			gdp.bigm Transformation completed in 4 s
	 - Adding Compressor hydrogen_Compressor_hydrogenPipelineOnshore_lowP_hydrogenPipelineOnshore_lowP
	 - Adding Compressor hydrogen_Compressor_hydrogenPipelineOnshore_lowP_hydrogenPipelineOnshore_highP
	 - Adding Compressor hydrogen_Compressor_hydrogenPipelineOnshore_lowP_Storage_H2_lowP
	 - Adding Compressor hydrogen_Compressor_hydrogenPipelineOnshore_lowP_Demand
	 - Adding Compressor hydrogen_Compressor_hydrogenPipelineOnshore_highP_hydrogenPipelineOnshore_lowP
	 - Adding Compressor hydrogen_Compressor_hydrogenPipelineOnshore_highP_hydrogenPipelineOnshore_highP
	 - Adding Compressor hydrogen_Compressor_hydrogenPipelineOnshore_highP_Storage_H2_lowP
	 - Adding Compressor hydrogen_Compressor_hydrogenPipelineOnshore_highP_Demand
	 - Adding Compressor hydrogen_Compressor_Electrolyzer_small_hydrogenPipelineOnshore_lowP
	 - Adding Compressor hydrogen_Compressor_Electrolyzer_small_hydrogenPipelineOnshore_highP
	 - Adding Compressor hydrogen_Compressor_Electrolyzer_small_Storage_H2_lowP
	 - Adding Compressor hydrogen_Compressor_Electrolyzer_small_Demand
	 - Adding Compressor hydrogen_Compressor_Storage_H2_lowP_hydrogenPipelineOnshore_lowP
	 - Adding Compressor hydrogen_Compressor_Storage_H2_lowP_hydrogenPipelineOnshore_highP
	 - Adding Compressor hydrogen_Compressor_Storage_H2_lowP_Storage_H2_lowP
	 - Adding Compressor hydrogen_Compressor_Storage_H2_lowP_Demand
	 - Adding Technology Electrolyzer_small
	 - Adding Technology Storage_H2_lowP
			gdp.bigm Transformation...
			gdp.bigm Transformation completed in 4 s
	 - Adding Compressor hydrogen_Compressor_hydrogenPipelineOnshore_lowP_hydrogenPipelineOnshore_lowP
	 - Adding Compressor hydrogen_Compressor_hydrogenPipelineOnshore_lowP_hydrogenPipelineOnshore_highP
	 - Adding Compressor hydrogen_Compressor_hydrogenPipelineOnshore_lowP_Storage_H2_lowP
	 - Adding Compressor hydrogen_Compressor_hydrogenPipelineOnshore_lowP_Demand
	 - Adding Compressor hydrogen_Compressor_hydrogenPipelineOnshore_highP_hydrogenPipelineOnshore_lowP
	 - Adding Compressor hydrogen_Compressor_hydrogenPipelineOnshore_highP_hydrogenPipelineOnshore_highP
	 - Adding Compressor hydrogen_Compressor_hydrogenPipelineOnshore_highP_Storage_H2_lowP
	 - Adding Compressor hydrogen_Compressor_hydrogenPipelineOnshore_highP_Demand
	 - Adding Compressor hydrogen_Compressor_Electrolyzer_small_hydrogenPipelineOnshore_lowP
	 - Adding Compressor hydrogen_Compressor_Electrolyzer_small_hydrogenPipelineOnshore_highP
	 - Adding Compressor hydrogen_Compressor_Electrolyzer_small_Storage_H2_lowP
	 - Adding Compressor hydrogen_Compressor_Electrolyzer_small_Demand
	 - Adding Compressor hydrogen_Compressor_Storage_H2_lowP_hydrogenPipelineOnshore_lowP
	 - Adding Compressor hydrogen_Compressor_Storage_H2_lowP_hydrogenPipelineOnshore_highP
	 - Adding Compressor hydrogen_Compressor_Storage_H2_lowP_Storage_H2_lowP
	 - Adding Compressor hydrogen_Compressor_Storage_H2_lowP_Demand
	 - Adding Technology Storage_H2_Cavern_existing
			gdp.bigm Transformation...
			gdp.bigm Transformation completed in 4 s
	 - Adding Compressor hydrogen_Compressor_hydrogenPipelineOnshore_lowP_hydrogenPipelineOnshore_lowP
	 - Adding Compressor hydrogen_Compressor_hydrogenPipelineOnshore_lowP_hydrogenPipelineOnshore_highP
	 - Adding Compressor hydrogen_Compressor_hydrogenPipelineOnshore_lowP_Storage_H2_Cavern_existing
	 - Adding Compressor hydrogen_Compressor_hydrogenPipelineOnshore_highP_hydrogenPipelineOnshore_lowP
	 - Adding Compressor hydrogen_Compressor_hydrogenPipelineOnshore_highP_hydrogenPipelineOnshore_highP
	 - Adding Compressor hydrogen_Compressor_hydrogenPipelineOnshore_highP_Storage_H2_Cavern_existing
	 - Adding Compressor hydrogen_Compressor_Storage_H2_Cavern_existing_hydrogenPipelineOnshore_lowP
	 - Adding Compressor hydrogen_Compressor_Storage_H2_Cavern_existing_hydrogenPipelineOnshore_highP
	 - Adding Compressor hydrogen_Compressor_Storage_H2_Cavern_existing_Storage_H2_Cavern_existing_existing
Constructing model completed in 442s
Constructing balances...
Constructing balances completed in 17s
Set objective on infrastructure due to willingness to pay
Set parameter OutputFlag to value 1
Set parameter LogFile to value "/gpfs/home3/scur1696/AdOpT-NET0-RegToNation/generic_node_optimization/results/parallel_creation_test_20251124_002357/task_000/t000_parallel_run_0001/userData/20251124003215-1/solver_log.txt"
Solver log file: /gpfs/home3/scur1696/AdOpT-NET0-RegToNation/generic_node_optimization/results/parallel_creation_test_20251124_002357/task_000/t000_parallel_run_0001/userData/20251124003215-1/solver_log.txt
Set parameter TimeLimit to value 180000
Set parameter MIPGap to value 0.01
Set parameter MIPFocus to value 0
Set parameter Threads to value 12
Set parameter NodefileStart to value 60
Set parameter Method to value -1
Set parameter Heuristics to value 0.05
Set parameter Presolve to value 1
Set parameter BranchDir to value 0
Set parameter LPWarmStart to value 0
Set parameter IntFeasTol to value 1e-05
Set parameter FeasibilityTol to value 1e-06
Set parameter Cuts to value -1
Set parameter NumericFocus to value 0
Presolve removed 5361748 rows and 3924941 columns (presolve time = 5s)...
Presolve removed 5361748 rows and 3924941 columns (presolve time = 5s)...
Gurobi Optimizer version 13.0.0 build v13.0.0rc1 (linux64 - "Red Hat Enterprise Linux 9.4 (Plow)")

CPU model: AMD EPYC 9654 96-Core Processor, instruction set [SSE2|AVX|AVX2|AVX512]
Thread count: 192 physical cores, 192 logical processors, using up to 12 threads

Non-default parameters:
TimeLimit  180000
MIPGap  0.01
LPWarmStart  0
NodefileStart  60
Presolve  1
Threads  12

Academic license 2729390 - for non-commercial use only - registered to m.___@uu.nl
Optimize a model with 9050179 rows, 6728544 columns and 21385595 nonzeros (Min)
Model fingerprint: 0x58c9c3c8
Model has 1 linear objective coefficients
Variable types: 5869892 continuous, 858652 integer (858652 binary)
Coefficient statistics:
  Matrix range     [2e-03, 2e+08]
  Objective range  [1e+00, 1e+00]
  Bounds range     [5e-02, 6e+08]
  RHS range        [1e+00, 6e+09]
Warning: Model contains large matrix coefficients
Warning: Model contains large rhs
         Consider reformulating model or setting NumericFocus parameter
         to avoid numerical issues.
Presolve removed 5528318 rows and 4082751 columns (presolve time = 10s)...
Presolve removed 5528318 rows and 4082751 columns (presolve time = 10s)...
  [CONFIG] Gurobi default env configured: 12 threads per worker
--- Reading in data ---
Input data folder has been checked successfully - no errors occurred.
--- Reading in data complete ---
--- Constructing Model ---
Constructing Investment Period period1
Constructing Investment Period period1 completed
	 - Constructing Network hydrogenPipelineOnshore_lowP
			gdp.bigm Transformation...
			gdp.bigm Transformation completed in 0 s
		 - Constructing Arc BIG1 - BIG2 completed
			gdp.bigm Transformation...
			gdp.bigm Transformation completed in 0 s
		 - Constructing Arc BIG1 - SMALL1 completed
			gdp.bigm Transformation...
			gdp.bigm Transformation completed in 0 s
		 - Constructing Arc BIG1 - SMALL2 completed
			gdp.bigm Transformation...
			gdp.bigm Transformation completed in 0 s
		 - Constructing Arc BIG1 - SMALL3 completed
			gdp.bigm Transformation...
			gdp.bigm Transformation completed in 0 s
		 - Constructing Arc BIG1 - SMALL4 completed
			gdp.bigm Transformation...
			gdp.bigm Transformation completed in 0 s
		 - Constructing Arc BIG1 - STORAGE completed
			gdp.bigm Transformation...
			gdp.bigm Transformation completed in 0 s
		 - Constructing Arc BIG2 - BIG1 completed
			gdp.bigm Transformation...
			gdp.bigm Transformation completed in 0 s
		 - Constructing Arc BIG2 - SMALL1 completed
			gdp.bigm Transformation...
			gdp.bigm Transformation completed in 0 s
		 - Constructing Arc BIG2 - SMALL2 completed
			gdp.bigm Transformation...
			gdp.bigm Transformation completed in 0 s
		 - Constructing Arc BIG2 - SMALL3 completed
			gdp.bigm Transformation...
			gdp.bigm Transformation completed in 0 s
		 - Constructing Arc BIG2 - SMALL4 completed
			gdp.bigm Transformation...
			gdp.bigm Transformation completed in 0 s
		 - Constructing Arc BIG2 - STORAGE completed
			gdp.bigm Transformation...
			gdp.bigm Transformation completed in 0 s
		 - Constructing Arc SMALL1 - BIG1 completed
			gdp.bigm Transformation...
			gdp.bigm Transformation completed in 0 s
		 - Constructing Arc SMALL1 - BIG2 completed
			gdp.bigm Transformation...
			gdp.bigm Transformation completed in 0 s
		 - Constructing Arc SMALL1 - SMALL2 completed
			gdp.bigm Transformation...
			gdp.bigm Transformation completed in 0 s
		 - Constructing Arc SMALL1 - SMALL3 completed
			gdp.bigm Transformation...
			gdp.bigm Transformation completed in 0 s
		 - Constructing Arc SMALL1 - SMALL4 completed
			gdp.bigm Transformation...
			gdp.bigm Transformation completed in 0 s
		 - Constructing Arc SMALL1 - STORAGE completed
			gdp.bigm Transformation...
			gdp.bigm Transformation completed in 0 s
		 - Constructing Arc SMALL2 - BIG1 completed
			gdp.bigm Transformation...
			gdp.bigm Transformation completed in 0 s
		 - Constructing Arc SMALL2 - BIG2 completed
			gdp.bigm Transformation...
			gdp.bigm Transformation completed in 0 s
		 - Constructing Arc SMALL2 - SMALL1 completed
			gdp.bigm Transformation...
			gdp.bigm Transformation completed in 0 s
		 - Constructing Arc SMALL2 - SMALL3 completed
			gdp.bigm Transformation...
			gdp.bigm Transformation completed in 0 s
		 - Constructing Arc SMALL2 - SMALL4 completed
			gdp.bigm Transformation...
			gdp.bigm Transformation completed in 0 s
		 - Constructing Arc SMALL2 - STORAGE completed
			gdp.bigm Transformation...
			gdp.bigm Transformation completed in 0 s
		 - Constructing Arc SMALL3 - BIG1 completed
			gdp.bigm Transformation...
			gdp.bigm Transformation completed in 0 s
		 - Constructing Arc SMALL3 - BIG2 completed
			gdp.bigm Transformation...
			gdp.bigm Transformation completed in 0 s
		 - Constructing Arc SMALL3 - SMALL1 completed
			gdp.bigm Transformation...
			gdp.bigm Transformation completed in 0 s
		 - Constructing Arc SMALL3 - SMALL2 completed
			gdp.bigm Transformation...
			gdp.bigm Transformation completed in 0 s
		 - Constructing Arc SMALL3 - SMALL4 completed
			gdp.bigm Transformation...
			gdp.bigm Transformation completed in 0 s
		 - Constructing Arc SMALL3 - STORAGE completed
			gdp.bigm Transformation...
			gdp.bigm Transformation completed in 0 s
		 - Constructing Arc SMALL4 - BIG1 completed
			gdp.bigm Transformation...
			gdp.bigm Transformation completed in 0 s
		 - Constructing Arc SMALL4 - BIG2 completed
			gdp.bigm Transformation...
			gdp.bigm Transformation completed in 0 s
		 - Constructing Arc SMALL4 - SMALL1 completed
			gdp.bigm Transformation...
			gdp.bigm Transformation completed in 0 s
		 - Constructing Arc SMALL4 - SMALL2 completed
			gdp.bigm Transformation...
			gdp.bigm Transformation completed in 0 s
		 - Constructing Arc SMALL4 - SMALL3 completed
			gdp.bigm Transformation...
			gdp.bigm Transformation completed in 0 s
		 - Constructing Arc SMALL4 - STORAGE completed
			gdp.bigm Transformation...
			gdp.bigm Transformation completed in 0 s
		 - Constructing Arc STORAGE - BIG1 completed
			gdp.bigm Transformation...
			gdp.bigm Transformation completed in 0 s
		 - Constructing Arc STORAGE - BIG2 completed
			gdp.bigm Transformation...
			gdp.bigm Transformation completed in 0 s
		 - Constructing Arc STORAGE - SMALL1 completed
			gdp.bigm Transformation...
			gdp.bigm Transformation completed in 0 s
		 - Constructing Arc STORAGE - SMALL2 completed
			gdp.bigm Transformation...
			gdp.bigm Transformation completed in 0 s
		 - Constructing Arc STORAGE - SMALL3 completed
			gdp.bigm Transformation...
			gdp.bigm Transformation completed in 0 s
		 - Constructing Arc STORAGE - SMALL4 completed
	 - Constructing Network hydrogenPipelineOnshore_lowP completed
			gdp.bigm Transformation...
			gdp.bigm Transformation completed in 77 s
	 - Constructing Network hydrogenPipelineOnshore_highP
			gdp.bigm Transformation...
			gdp.bigm Transformation completed in 0 s
		 - Constructing Arc BIG1 - BIG2 completed
			gdp.bigm Transformation...
			gdp.bigm Transformation completed in 0 s
		 - Constructing Arc BIG1 - SMALL1 completed
			gdp.bigm Transformation...
			gdp.bigm Transformation completed in 0 s
		 - Constructing Arc BIG1 - SMALL2 completed
			gdp.bigm Transformation...
			gdp.bigm Transformation completed in 0 s
		 - Constructing Arc BIG1 - SMALL3 completed
			gdp.bigm Transformation...
			gdp.bigm Transformation completed in 0 s
		 - Constructing Arc BIG1 - SMALL4 completed
			gdp.bigm Transformation...
			gdp.bigm Transformation completed in 0 s
		 - Constructing Arc BIG1 - STORAGE completed
			gdp.bigm Transformation...
			gdp.bigm Transformation completed in 0 s
		 - Constructing Arc BIG2 - BIG1 completed
			gdp.bigm Transformation...
			gdp.bigm Transformation completed in 0 s
		 - Constructing Arc BIG2 - SMALL1 completed
			gdp.bigm Transformation...
			gdp.bigm Transformation completed in 0 s
		 - Constructing Arc BIG2 - SMALL2 completed
			gdp.bigm Transformation...
			gdp.bigm Transformation completed in 0 s
		 - Constructing Arc BIG2 - SMALL3 completed
			gdp.bigm Transformation...
			gdp.bigm Transformation completed in 0 s
		 - Constructing Arc BIG2 - SMALL4 completed
			gdp.bigm Transformation...
			gdp.bigm Transformation completed in 0 s
		 - Constructing Arc BIG2 - STORAGE completed
			gdp.bigm Transformation...
			gdp.bigm Transformation completed in 0 s
		 - Constructing Arc SMALL1 - BIG1 completed
			gdp.bigm Transformation...
			gdp.bigm Transformation completed in 0 s
		 - Constructing Arc SMALL1 - BIG2 completed
			gdp.bigm Transformation...
			gdp.bigm Transformation completed in 0 s
		 - Constructing Arc SMALL1 - SMALL2 completed
			gdp.bigm Transformation...
			gdp.bigm Transformation completed in 0 s
		 - Constructing Arc SMALL1 - SMALL3 completed
			gdp.bigm Transformation...
			gdp.bigm Transformation completed in 0 s
		 - Constructing Arc SMALL1 - SMALL4 completed
			gdp.bigm Transformation...
			gdp.bigm Transformation completed in 0 s
		 - Constructing Arc SMALL1 - STORAGE completed
			gdp.bigm Transformation...
			gdp.bigm Transformation completed in 0 s
		 - Constructing Arc SMALL2 - BIG1 completed
			gdp.bigm Transformation...
			gdp.bigm Transformation completed in 0 s
		 - Constructing Arc SMALL2 - BIG2 completed
			gdp.bigm Transformation...
			gdp.bigm Transformation completed in 0 s
		 - Constructing Arc SMALL2 - SMALL1 completed
			gdp.bigm Transformation...
			gdp.bigm Transformation completed in 0 s
		 - Constructing Arc SMALL2 - SMALL3 completed
			gdp.bigm Transformation...
			gdp.bigm Transformation completed in 0 s
		 - Constructing Arc SMALL2 - SMALL4 completed
			gdp.bigm Transformation...
			gdp.bigm Transformation completed in 0 s
		 - Constructing Arc SMALL2 - STORAGE completed
			gdp.bigm Transformation...
			gdp.bigm Transformation completed in 0 s
		 - Constructing Arc SMALL3 - BIG1 completed
			gdp.bigm Transformation...
			gdp.bigm Transformation completed in 0 s
		 - Constructing Arc SMALL3 - BIG2 completed
			gdp.bigm Transformation...
			gdp.bigm Transformation completed in 0 s
		 - Constructing Arc SMALL3 - SMALL1 completed
			gdp.bigm Transformation...
			gdp.bigm Transformation completed in 0 s
		 - Constructing Arc SMALL3 - SMALL2 completed
			gdp.bigm Transformation...
			gdp.bigm Transformation completed in 0 s
		 - Constructing Arc SMALL3 - SMALL4 completed
			gdp.bigm Transformation...
			gdp.bigm Transformation completed in 0 s
		 - Constructing Arc SMALL3 - STORAGE completed
			gdp.bigm Transformation...
			gdp.bigm Transformation completed in 0 s
		 - Constructing Arc SMALL4 - BIG1 completed
			gdp.bigm Transformation...
			gdp.bigm Transformation completed in 0 s
		 - Constructing Arc SMALL4 - BIG2 completed
			gdp.bigm Transformation...
			gdp.bigm Transformation completed in 0 s
		 - Constructing Arc SMALL4 - SMALL1 completed
			gdp.bigm Transformation...
			gdp.bigm Transformation completed in 0 s
		 - Constructing Arc SMALL4 - SMALL2 completed
			gdp.bigm Transformation...
			gdp.bigm Transformation completed in 0 s
		 - Constructing Arc SMALL4 - SMALL3 completed
			gdp.bigm Transformation...
			gdp.bigm Transformation completed in 0 s
		 - Constructing Arc SMALL4 - STORAGE completed
			gdp.bigm Transformation...
			gdp.bigm Transformation completed in 0 s
		 - Constructing Arc STORAGE - BIG1 completed
			gdp.bigm Transformation...
			gdp.bigm Transformation completed in 0 s
		 - Constructing Arc STORAGE - BIG2 completed
			gdp.bigm Transformation...
			gdp.bigm Transformation completed in 0 s
		 - Constructing Arc STORAGE - SMALL1 completed
			gdp.bigm Transformation...
			gdp.bigm Transformation completed in 0 s
		 - Constructing Arc STORAGE - SMALL2 completed
			gdp.bigm Transformation...
			gdp.bigm Transformation completed in 0 s
		 - Constructing Arc STORAGE - SMALL3 completed
			gdp.bigm Transformation...
			gdp.bigm Transformation completed in 0 s
		 - Constructing Arc STORAGE - SMALL4 completed
	 - Constructing Network hydrogenPipelineOnshore_highP completed
			gdp.bigm Transformation...
			gdp.bigm Transformation completed in 78 s
	 - Adding Technology Electrolyzer_big
			gdp.bigm Transformation...
			gdp.bigm Transformation completed in 0 s
	 - Adding Technology Storage_H2_highP
			gdp.bigm Transformation...
			gdp.bigm Transformation completed in 4 s
	 - Adding Compressor hydrogen_Compressor_hydrogenPipelineOnshore_lowP_hydrogenPipelineOnshore_lowP
	 - Adding Compressor hydrogen_Compressor_hydrogenPipelineOnshore_lowP_hydrogenPipelineOnshore_highP
	 - Adding Compressor hydrogen_Compressor_hydrogenPipelineOnshore_lowP_Storage_H2_highP
	 - Adding Compressor hydrogen_Compressor_hydrogenPipelineOnshore_lowP_Demand
	 - Adding Compressor hydrogen_Compressor_hydrogenPipelineOnshore_highP_hydrogenPipelineOnshore_lowP
	 - Adding Compressor hydrogen_Compressor_hydrogenPipelineOnshore_highP_hydrogenPipelineOnshore_highP
	 - Adding Compressor hydrogen_Compressor_hydrogenPipelineOnshore_highP_Storage_H2_highP
	 - Adding Compressor hydrogen_Compressor_hydrogenPipelineOnshore_highP_Demand
	 - Adding Compressor hydrogen_Compressor_Electrolyzer_big_hydrogenPipelineOnshore_lowP
	 - Adding Compressor hydrogen_Compressor_Electrolyzer_big_hydrogenPipelineOnshore_highP
	 - Adding Compressor hydrogen_Compressor_Electrolyzer_big_Storage_H2_highP
	 - Adding Compressor hydrogen_Compressor_Electrolyzer_big_Demand
	 - Adding Compressor hydrogen_Compressor_Storage_H2_highP_hydrogenPipelineOnshore_lowP
	 - Adding Compressor hydrogen_Compressor_Storage_H2_highP_hydrogenPipelineOnshore_highP
	 - Adding Compressor hydrogen_Compressor_Storage_H2_highP_Storage_H2_highP
	 - Adding Compressor hydrogen_Compressor_Storage_H2_highP_Demand
	 - Adding Compressor hydrogen_Compressor_Import_hydrogenPipelineOnshore_lowP
	 - Adding Compressor hydrogen_Compressor_Import_hydrogenPipelineOnshore_highP
	 - Adding Compressor hydrogen_Compressor_Import_Storage_H2_highP
	 - Adding Compressor hydrogen_Compressor_Import_Demand_existing
	 - Adding Technology Electrolyzer_big
			gdp.bigm Transformation...
			gdp.bigm Transformation completed in 0 s
	 - Adding Technology Storage_H2_highP
			gdp.bigm Transformation...
			gdp.bigm Transformation completed in 4 s
	 - Adding Compressor hydrogen_Compressor_hydrogenPipelineOnshore_lowP_hydrogenPipelineOnshore_lowP
	 - Adding Compressor hydrogen_Compressor_hydrogenPipelineOnshore_lowP_hydrogenPipelineOnshore_highP
	 - Adding Compressor hydrogen_Compressor_hydrogenPipelineOnshore_lowP_Storage_H2_highP
	 - Adding Compressor hydrogen_Compressor_hydrogenPipelineOnshore_lowP_Demand
	 - Adding Compressor hydrogen_Compressor_hydrogenPipelineOnshore_highP_hydrogenPipelineOnshore_lowP
	 - Adding Compressor hydrogen_Compressor_hydrogenPipelineOnshore_highP_hydrogenPipelineOnshore_highP
	 - Adding Compressor hydrogen_Compressor_hydrogenPipelineOnshore_highP_Storage_H2_highP
	 - Adding Compressor hydrogen_Compressor_hydrogenPipelineOnshore_highP_Demand
	 - Adding Compressor hydrogen_Compressor_Electrolyzer_big_hydrogenPipelineOnshore_lowP
	 - Adding Compressor hydrogen_Compressor_Electrolyzer_big_hydrogenPipelineOnshore_highP
	 - Adding Compressor hydrogen_Compressor_Electrolyzer_big_Storage_H2_highP
	 - Adding Compressor hydrogen_Compressor_Electrolyzer_big_Demand
	 - Adding Compressor hydrogen_Compressor_Storage_H2_highP_hydrogenPipelineOnshore_lowP
	 - Adding Compressor hydrogen_Compressor_Storage_H2_highP_hydrogenPipelineOnshore_highP
	 - Adding Compressor hydrogen_Compressor_Storage_H2_highP_Storage_H2_highP
	 - Adding Compressor hydrogen_Compressor_Storage_H2_highP_Demand
	 - Adding Compressor hydrogen_Compressor_Import_hydrogenPipelineOnshore_lowP
	 - Adding Compressor hydrogen_Compressor_Import_hydrogenPipelineOnshore_highP
	 - Adding Compressor hydrogen_Compressor_Import_Storage_H2_highP
	 - Adding Compressor hydrogen_Compressor_Import_Demand_existing
	 - Adding Technology Electrolyzer_small
	 - Adding Technology Storage_H2_lowP
			gdp.bigm Transformation...
			gdp.bigm Transformation completed in 4 s
	 - Adding Compressor hydrogen_Compressor_hydrogenPipelineOnshore_lowP_hydrogenPipelineOnshore_lowP
	 - Adding Compressor hydrogen_Compressor_hydrogenPipelineOnshore_lowP_hydrogenPipelineOnshore_highP
	 - Adding Compressor hydrogen_Compressor_hydrogenPipelineOnshore_lowP_Storage_H2_lowP
	 - Adding Compressor hydrogen_Compressor_hydrogenPipelineOnshore_lowP_Demand
	 - Adding Compressor hydrogen_Compressor_hydrogenPipelineOnshore_highP_hydrogenPipelineOnshore_lowP
	 - Adding Compressor hydrogen_Compressor_hydrogenPipelineOnshore_highP_hydrogenPipelineOnshore_highP
	 - Adding Compressor hydrogen_Compressor_hydrogenPipelineOnshore_highP_Storage_H2_lowP
	 - Adding Compressor hydrogen_Compressor_hydrogenPipelineOnshore_highP_Demand
	 - Adding Compressor hydrogen_Compressor_Electrolyzer_small_hydrogenPipelineOnshore_lowP
	 - Adding Compressor hydrogen_Compressor_Electrolyzer_small_hydrogenPipelineOnshore_highP
	 - Adding Compressor hydrogen_Compressor_Electrolyzer_small_Storage_H2_lowP
	 - Adding Compressor hydrogen_Compressor_Electrolyzer_small_Demand
	 - Adding Compressor hydrogen_Compressor_Storage_H2_lowP_hydrogenPipelineOnshore_lowP
	 - Adding Compressor hydrogen_Compressor_Storage_H2_lowP_hydrogenPipelineOnshore_highP
	 - Adding Compressor hydrogen_Compressor_Storage_H2_lowP_Storage_H2_lowP
	 - Adding Compressor hydrogen_Compressor_Storage_H2_lowP_Demand
	 - Adding Technology Electrolyzer_small
	 - Adding Technology Storage_H2_lowP
			gdp.bigm Transformation...
			gdp.bigm Transformation completed in 4 s
	 - Adding Compressor hydrogen_Compressor_hydrogenPipelineOnshore_lowP_hydrogenPipelineOnshore_lowP
	 - Adding Compressor hydrogen_Compressor_hydrogenPipelineOnshore_lowP_hydrogenPipelineOnshore_highP
	 - Adding Compressor hydrogen_Compressor_hydrogenPipelineOnshore_lowP_Storage_H2_lowP
	 - Adding Compressor hydrogen_Compressor_hydrogenPipelineOnshore_lowP_Demand
	 - Adding Compressor hydrogen_Compressor_hydrogenPipelineOnshore_highP_hydrogenPipelineOnshore_lowP
	 - Adding Compressor hydrogen_Compressor_hydrogenPipelineOnshore_highP_hydrogenPipelineOnshore_highP
	 - Adding Compressor hydrogen_Compressor_hydrogenPipelineOnshore_highP_Storage_H2_lowP
	 - Adding Compressor hydrogen_Compressor_hydrogenPipelineOnshore_highP_Demand
	 - Adding Compressor hydrogen_Compressor_Electrolyzer_small_hydrogenPipelineOnshore_lowP
	 - Adding Compressor hydrogen_Compressor_Electrolyzer_small_hydrogenPipelineOnshore_highP
	 - Adding Compressor hydrogen_Compressor_Electrolyzer_small_Storage_H2_lowP
	 - Adding Compressor hydrogen_Compressor_Electrolyzer_small_Demand
	 - Adding Compressor hydrogen_Compressor_Storage_H2_lowP_hydrogenPipelineOnshore_lowP
	 - Adding Compressor hydrogen_Compressor_Storage_H2_lowP_hydrogenPipelineOnshore_highP
	 - Adding Compressor hydrogen_Compressor_Storage_H2_lowP_Storage_H2_lowP
	 - Adding Compressor hydrogen_Compressor_Storage_H2_lowP_Demand
	 - Adding Technology Electrolyzer_small
	 - Adding Technology Storage_H2_lowP
			gdp.bigm Transformation...
			gdp.bigm Transformation completed in 4 s
	 - Adding Compressor hydrogen_Compressor_hydrogenPipelineOnshore_lowP_hydrogenPipelineOnshore_lowP
	 - Adding Compressor hydrogen_Compressor_hydrogenPipelineOnshore_lowP_hydrogenPipelineOnshore_highP
	 - Adding Compressor hydrogen_Compressor_hydrogenPipelineOnshore_lowP_Storage_H2_lowP
	 - Adding Compressor hydrogen_Compressor_hydrogenPipelineOnshore_lowP_Demand
	 - Adding Compressor hydrogen_Compressor_hydrogenPipelineOnshore_highP_hydrogenPipelineOnshore_lowP
	 - Adding Compressor hydrogen_Compressor_hydrogenPipelineOnshore_highP_hydrogenPipelineOnshore_highP
	 - Adding Compressor hydrogen_Compressor_hydrogenPipelineOnshore_highP_Storage_H2_lowP
	 - Adding Compressor hydrogen_Compressor_hydrogenPipelineOnshore_highP_Demand
	 - Adding Compressor hydrogen_Compressor_Electrolyzer_small_hydrogenPipelineOnshore_lowP
	 - Adding Compressor hydrogen_Compressor_Electrolyzer_small_hydrogenPipelineOnshore_highP
	 - Adding Compressor hydrogen_Compressor_Electrolyzer_small_Storage_H2_lowP
	 - Adding Compressor hydrogen_Compressor_Electrolyzer_small_Demand
	 - Adding Compressor hydrogen_Compressor_Storage_H2_lowP_hydrogenPipelineOnshore_lowP
	 - Adding Compressor hydrogen_Compressor_Storage_H2_lowP_hydrogenPipelineOnshore_highP
	 - Adding Compressor hydrogen_Compressor_Storage_H2_lowP_Storage_H2_lowP
	 - Adding Compressor hydrogen_Compressor_Storage_H2_lowP_Demand
	 - Adding Technology Electrolyzer_small
	 - Adding Technology Storage_H2_lowP
			gdp.bigm Transformation...
			gdp.bigm Transformation completed in 4 s
	 - Adding Compressor hydrogen_Compressor_hydrogenPipelineOnshore_lowP_hydrogenPipelineOnshore_lowP
	 - Adding Compressor hydrogen_Compressor_hydrogenPipelineOnshore_lowP_hydrogenPipelineOnshore_highP
	 - Adding Compressor hydrogen_Compressor_hydrogenPipelineOnshore_lowP_Storage_H2_lowP
	 - Adding Compressor hydrogen_Compressor_hydrogenPipelineOnshore_lowP_Demand
	 - Adding Compressor hydrogen_Compressor_hydrogenPipelineOnshore_highP_hydrogenPipelineOnshore_lowP
	 - Adding Compressor hydrogen_Compressor_hydrogenPipelineOnshore_highP_hydrogenPipelineOnshore_highP
	 - Adding Compressor hydrogen_Compressor_hydrogenPipelineOnshore_highP_Storage_H2_lowP
	 - Adding Compressor hydrogen_Compressor_hydrogenPipelineOnshore_highP_Demand
	 - Adding Compressor hydrogen_Compressor_Electrolyzer_small_hydrogenPipelineOnshore_lowP
	 - Adding Compressor hydrogen_Compressor_Electrolyzer_small_hydrogenPipelineOnshore_highP
	 - Adding Compressor hydrogen_Compressor_Electrolyzer_small_Storage_H2_lowP
	 - Adding Compressor hydrogen_Compressor_Electrolyzer_small_Demand
	 - Adding Compressor hydrogen_Compressor_Storage_H2_lowP_hydrogenPipelineOnshore_lowP
	 - Adding Compressor hydrogen_Compressor_Storage_H2_lowP_hydrogenPipelineOnshore_highP
	 - Adding Compressor hydrogen_Compressor_Storage_H2_lowP_Storage_H2_lowP
	 - Adding Compressor hydrogen_Compressor_Storage_H2_lowP_Demand
	 - Adding Technology Storage_H2_Cavern_existing
			gdp.bigm Transformation...
			gdp.bigm Transformation completed in 4 s
	 - Adding Compressor hydrogen_Compressor_hydrogenPipelineOnshore_lowP_hydrogenPipelineOnshore_lowP
	 - Adding Compressor hydrogen_Compressor_hydrogenPipelineOnshore_lowP_hydrogenPipelineOnshore_highP
	 - Adding Compressor hydrogen_Compressor_hydrogenPipelineOnshore_lowP_Storage_H2_Cavern_existing
	 - Adding Compressor hydrogen_Compressor_hydrogenPipelineOnshore_highP_hydrogenPipelineOnshore_lowP
	 - Adding Compressor hydrogen_Compressor_hydrogenPipelineOnshore_highP_hydrogenPipelineOnshore_highP
	 - Adding Compressor hydrogen_Compressor_hydrogenPipelineOnshore_highP_Storage_H2_Cavern_existing
	 - Adding Compressor hydrogen_Compressor_Storage_H2_Cavern_existing_hydrogenPipelineOnshore_lowP
	 - Adding Compressor hydrogen_Compressor_Storage_H2_Cavern_existing_hydrogenPipelineOnshore_highP
	 - Adding Compressor hydrogen_Compressor_Storage_H2_Cavern_existing_Storage_H2_Cavern_existing_existing
Constructing model completed in 447s
Constructing balances...
Constructing balances completed in 17s
Set objective on infrastructure due to willingness to pay
Set parameter OutputFlag to value 1
Set parameter LogFile to value "/gpfs/home3/scur1696/AdOpT-NET0-RegToNation/generic_node_optimization/results/parallel_creation_test_20251124_002357/task_000/t000_parallel_run_0003/userData/20251124003220-1/solver_log.txt"
Solver log file: /gpfs/home3/scur1696/AdOpT-NET0-RegToNation/generic_node_optimization/results/parallel_creation_test_20251124_002357/task_000/t000_parallel_run_0003/userData/20251124003220-1/solver_log.txt
Set parameter TimeLimit to value 180000
Set parameter MIPGap to value 0.01
Set parameter MIPFocus to value 0
Set parameter Threads to value 12
Set parameter NodefileStart to value 60
Set parameter Method to value -1
Set parameter Heuristics to value 0.05
Set parameter Presolve to value 1
Set parameter BranchDir to value 0
Set parameter LPWarmStart to value 0
Set parameter IntFeasTol to value 1e-05
Set parameter FeasibilityTol to value 1e-06
Set parameter Cuts to value -1
Set parameter NumericFocus to value 0
Presolve removed 5528318 rows and 4082751 columns (presolve time = 15s)...
Presolve removed 5528318 rows and 4082751 columns (presolve time = 15s)...
Gurobi Optimizer version 13.0.0 build v13.0.0rc1 (linux64 - "Red Hat Enterprise Linux 9.4 (Plow)")

CPU model: AMD EPYC 9654 96-Core Processor, instruction set [SSE2|AVX|AVX2|AVX512]
Thread count: 192 physical cores, 192 logical processors, using up to 12 threads

Non-default parameters:
TimeLimit  180000
MIPGap  0.01
LPWarmStart  0
NodefileStart  60
Presolve  1
Threads  12

Academic license 2729390 - for non-commercial use only - registered to m.___@uu.nl
Optimize a model with 9050179 rows, 6728544 columns and 21385595 nonzeros (Min)
Model fingerprint: 0xa6262a7a
Model has 1 linear objective coefficients
Variable types: 5869892 continuous, 858652 integer (858652 binary)
Coefficient statistics:
  Matrix range     [2e-03, 2e+08]
  Objective range  [1e+00, 1e+00]
  Bounds range     [5e-02, 6e+08]
  RHS range        [1e+00, 7e+09]
Warning: Model contains large matrix coefficients
Warning: Model contains large rhs
         Consider reformulating model or setting NumericFocus parameter
         to avoid numerical issues.
Presolve removed 5361748 rows and 3924941 columns (presolve time = 5s)...
Presolve removed 5528318 rows and 4082751 columns (presolve time = 20s)...
Presolve removed 5528318 rows and 4082751 columns (presolve time = 20s)...
Presolve removed 5370508 rows and 3924941 columns (presolve time = 10s)...
Presolve removed 5528318 rows and 4082751 columns (presolve time = 25s)...
Presolve removed 5528318 rows and 4082751 columns (presolve time = 26s)...
Presolve removed 5528318 rows and 4082751 columns (presolve time = 15s)...
Presolve removed 5361748 rows and 3924941 columns (presolve time = 5s)...
Presolve removed 5545984 rows and 4161684 columns (presolve time = 30s)...
Presolve removed 5545984 rows and 4161642 columns (presolve time = 30s)...
Presolve removed 5528318 rows and 4082751 columns (presolve time = 20s)...
Presolve removed 5554859 rows and 4161684 columns (presolve time = 35s)...
Presolve removed 5370508 rows and 3924941 columns (presolve time = 10s)...
Presolve removed 5554859 rows and 4161684 columns (presolve time = 35s)...
Presolve removed 5528318 rows and 4082751 columns (presolve time = 15s)...
Presolve removed 5528318 rows and 4082751 columns (presolve time = 25s)...
Presolve removed 5554859 rows and 4161684 columns (presolve time = 41s)...
Presolve removed 5554859 rows and 4161684 columns
Presolve time: 41.39s
Presolved: 3495320 rows, 2566860 columns, 11519758 nonzeros
Presolve removed 5554859 rows and 4161684 columns (presolve time = 40s)...
Presolve removed 5554859 rows and 4161684 columns
Presolve time: 41.50s
Presolved: 3495320 rows, 2566860 columns, 11519758 nonzeros
Presolve removed 5528318 rows and 4082751 columns (presolve time = 20s)...
Presolve removed 5528318 rows and 4082751 columns (presolve time = 31s)...
Variable types: 2137576 continuous, 429284 integer (429284 binary)
Presolve removed 5534342 rows and 4150000 columns (presolve time = 35s)...
Presolve removed 5528318 rows and 4082751 columns (presolve time = 25s)...
Variable types: 2137576 continuous, 429284 integer (429284 binary)
Presolve removed 5554859 rows and 4161684 columns (presolve time = 40s)...
Presolve removed 5528318 rows and 4082751 columns (presolve time = 31s)...
Presolve removed 5528402 rows and 4144060 columns (presolve time = 35s)...
Presolve removed 5554859 rows and 4161684 columns (presolve time = 45s)...
Presolve removed 5554859 rows and 4161684 columns (presolve time = 50s)...
Presolve removed 5554859 rows and 4161684 columns
Presolve time: 50.08s
Presolve removed 5554859 rows and 4161684 columns (presolve time = 40s)...
Presolved: 3495320 rows, 2566860 columns, 11519758 nonzeros
Presolve removed 5554859 rows and 4161684 columns (presolve time = 45s)...
Deterministic concurrent LP optimizer: primal simplex, dual simplex, and barrier
Showing barrier log only...

Variable types: 2137576 continuous, 429284 integer (429284 binary)
Root barrier log...

Deterministic concurrent LP optimizer: primal simplex, dual simplex, and barrier
Showing barrier log only...

Root barrier log...

Presolve removed 5554859 rows and 4161684 columns (presolve time = 50s)...
Presolve removed 5554859 rows and 4161684 columns
Presolve time: 50.35s
Presolved: 3495320 rows, 2566860 columns, 11519758 nonzeros
Ordering time: 2.85s
Ordering time: 2.85s

Barrier statistics:
 Dense cols : 103
 AA' NZ     : 1.544e+07
 Factor NZ  : 6.646e+07 (roughly 2.7 GB of memory)
 Factor Ops : 4.437e+09 (less than 1 second per iteration)
 Threads    : 9

                  Objective                Residual
Iter       Primal          Dual         Primal    Dual     Compl     Time
   0   2.56484519e+10 -2.56392044e+11  1.09e+10 1.35e+01  1.65e+08    85s

Barrier statistics:
 Dense cols : 103
 AA' NZ     : 1.544e+07
 Factor NZ  : 6.646e+07 (roughly 2.7 GB of memory)
 Factor Ops : 4.437e+09 (less than 1 second per iteration)
 Threads    : 9
   1   2.73457032e+10 -4.34421383e+11  1.06e+10 6.26e+01  1.50e+08    86s

                  Objective                Residual
Iter       Primal          Dual         Primal    Dual     Compl     Time
   0   1.87607951e+10 -2.51812159e+11  7.27e+09 1.54e+01  1.19e+08    84s
Variable types: 2137576 continuous, 429284 integer (429284 binary)
   1   1.99152238e+10 -5.41759479e+11  7.05e+09 5.23e+01  1.13e+08    86s
   2   1.74107393e+10 -4.11120513e+11  6.35e+09 3.87e+00  9.13e+07    88s
   2   1.25443810e+10 -4.68697082e+11  4.12e+09 1.91e+00  6.74e+07    87s
   3   5.26120384e+09 -3.85219092e+11  1.11e+09 5.98e-07  1.65e+07    90s
   3   3.21252372e+09 -4.21256051e+11  2.81e+08 1.76e-06  4.65e+06    90s
   4   3.43185168e+09 -3.43952246e+11  2.34e+08 5.97e-06  3.55e+06    93s
   4   2.96276216e+09 -3.16134544e+11  8.10e+07 7.12e-05  1.38e+06    91s
   5   3.07877161e+09 -2.73424497e+11  3.92e+07 2.22e-02  6.31e+05    94s
   5   2.96710319e+09 -2.19380522e+11  2.87e+07 1.28e-05  5.03e+05    93s
   6   3.05125998e+09 -2.60126102e+11  2.44e+07 3.07e-02  4.05e+05    96s
   6   2.82648276e+09 -1.97955520e+11  8.24e+06 9.70e-06  1.63e+05    94s
   7   3.05086816e+09 -2.53521402e+11  2.41e+07 2.76e-02  3.99e+05    97s
   7   2.51751175e+09 -1.77098732e+11  6.52e+06 7.91e-06  1.31e+05    96s
   8   3.05020300e+09 -2.43352737e+11  2.36e+07 2.28e-02  3.87e+05   100s
   8   2.16113242e+09 -1.67669083e+11  5.81e+06 8.78e-06  1.18e+05    97s
   9   2.09345143e+09 -1.42553635e+11  5.55e+06 7.86e-06  1.08e+05   100s
   9   3.04324484e+09 -1.56107138e+11  2.03e+07 1.97e-02  3.21e+05   103s
  10   1.59948793e+09 -9.92189273e+10  4.09e+06 3.15e-05  7.80e+04   102s
  10   2.82276562e+09 -1.47550926e+11  1.71e+07 8.95e-03  2.70e+05   105s
  11   1.20685505e+09 -8.00758077e+10  3.01e+06 3.08e-05  5.79e+04   105s
  11   2.46289353e+09 -1.18987691e+11  1.29e+07 3.58e-03  2.03e+05   107s
  12   2.21190965e+09 -9.83557496e+10  1.12e+07 2.38e-03  1.74e+05   111s
  12   5.88302058e+08 -4.88718031e+10  1.33e+06 7.93e-04  2.78e+04   109s
Deterministic concurrent LP optimizer: primal simplex, dual simplex, and barrier
Showing barrier log only...

Root barrier log...

  13   2.08070008e+09 -8.73410202e+10  1.05e+07 2.46e-03  1.62e+05   114s
  13   2.06711806e+08 -2.52187920e+10  2.84e+05 3.38e-04  8.08e+03   112s
  14   1.58074714e+09 -6.32325982e+10  7.78e+06 2.18e-03  1.22e+05   116s
Ordering time: 3.33s
  14   1.62819684e+08 -1.24660147e+10  1.56e+05 4.41e-04  3.91e+03   115s
  15   1.09747961e+09 -5.73886720e+10  5.60e+06 1.91e-03  9.01e+04   118s

Barrier statistics:
 Dense cols : 103
 AA' NZ     : 1.544e+07
 Factor NZ  : 6.646e+07 (roughly 2.7 GB of memory)
 Factor Ops : 4.437e+09 (less than 1 second per iteration)
 Threads    : 9
  15   1.48568511e+08 -9.39542390e+09  1.15e+05 7.69e-04  2.77e+03   117s

                  Objective                Residual
Iter       Primal          Dual         Primal    Dual     Compl     Time
   0   7.58321610e+09 -2.54227739e+11  2.23e+09 7.84e+00  4.14e+07    97s
  16   1.46810025e+08 -6.73994012e+09  1.10e+05 9.05e-04  2.16e+03   119s
  16   7.99652887e+08 -1.14947627e+10  4.74e+06 4.20e-03  7.68e+04   121s
   1   8.24079843e+09 -5.70438579e+11  2.16e+09 5.42e+01  3.91e+07    99s
  17   1.41607455e+08 -5.79123542e+09  9.02e+04 7.05e-04  1.77e+03   120s
  17   4.91933856e+08  1.10884233e+10  3.99e+06 2.73e-03  6.50e+04   124s
   2   5.70295150e+09 -4.50514456e+11  1.25e+09 5.67e-01  2.27e+07   100s
  18   1.34085862e+08 -4.45616412e+09  6.09e+04 5.58e-04  1.22e+03   122s
  19   1.29479566e+08 -3.18481284e+09  4.26e+04 6.43e-04  8.29e+02   124s
   3   3.16897461e+09 -3.78259469e+11  1.97e+08 1.89e-06  3.78e+06   102s
  18   3.27119230e+08  3.85851357e+10  3.45e+06 2.39e-03  5.79e+04   128s
   4   2.99146390e+09 -2.90775141e+11  3.55e+06 1.85e-06  1.10e+05   104s
  20   1.28698260e+08 -2.40988494e+09  3.93e+04 3.49e-04  6.55e+02   126s
   5   2.99892916e+09 -2.37882967e+11  1.44e+06 1.39e-06  6.16e+04   106s
  19   2.57323229e+08  6.79495521e+10  3.15e+06 9.44e-08  5.47e+04   130s
   6   2.99764541e+09 -1.35013732e+11  6.91e+05 1.26e-03  3.05e+04   107s
  21   1.28524600e+08 -2.13677061e+09  3.78e+04 2.53e-04  5.96e+02   129s
   7   2.84235426e+09 -1.02449889e+11  1.54e+05 1.71e-03  1.79e+04   109s
  20   1.60323072e+08  9.92626996e+10  2.76e+06 7.88e-08  4.84e+04   134s
   8   2.75761970e+09 -2.60897342e+10  5.55e+03 4.45e-04  4.44e+03   111s
Deterministic concurrent LP optimizer: primal simplex, dual simplex, and barrier
Showing barrier log only...

  22   1.29529397e+08 -1.74124028e+09  3.20e+04 2.34e-04  4.97e+02   134s
  21   9.42728083e+07  1.19078773e+11  2.51e+06 6.43e-08  4.35e+04   136s
Root barrier log...

   9   2.53162712e+09 -1.28289766e+10  2.73e+02 7.85e-05  2.35e+03   113s
  23   1.29996541e+08 -1.48192105e+09  2.90e+04 1.77e-04  4.35e+02   135s
  10   2.48464365e+09 -6.60373885e+09  2.42e+02 3.59e-05  1.39e+03   114s
  22   7.93953362e+07  2.14845701e+11  2.19e+06 5.97e-08  3.74e+04   139s
  11   2.22906353e+09 -6.52828356e+09  1.52e+02 3.53e-05  1.34e+03   116s
  24   1.30438772e+08 -1.25535914e+09  2.60e+04 9.71e-05  3.77e+02   138s
Ordering time: 3.42s
  12   1.44437241e+09 -6.45267027e+09  2.01e+01 3.42e-05  1.21e+03   117s
  23   4.12949665e+07  3.61685708e+11  2.02e+06 6.00e-08  3.49e+04   142s

Barrier statistics:
 Dense cols : 103
 AA' NZ     : 1.544e+07
 Factor NZ  : 6.646e+07 (roughly 2.7 GB of memory)
 Factor Ops : 4.437e+09 (less than 1 second per iteration)
 Threads    : 9
  13   9.46499416e+08 -2.65916509e+09  9.06e+00 1.58e-05  5.52e+02   119s
  25   1.31126567e+08 -9.28878950e+08  2.18e+04 1.32e-04  2.95e+02   141s

                  Objective                Residual
Iter       Primal          Dual         Primal    Dual     Compl     Time
   0   7.49735210e+09 -2.55594928e+11  1.67e+09 1.02e+01  4.12e+07   130s
  14   4.97057686e+08 -7.87815413e+08  3.24e+00 4.83e-06  1.97e+02   120s
  24   2.83752936e+07  6.93632418e+11  1.94e+06 1.60e-07  3.56e+04   145s
  26   1.32183700e+08 -5.76598101e+08  1.47e+04 8.91e-05  1.93e+02   144s
   1   8.12809441e+09 -5.58685321e+11  1.62e+09 4.81e+01  3.91e+07   132s
  15   4.32791478e+08 -2.72751903e+08  2.78e+00 2.02e-06  1.08e+02   124s
   2   5.66934860e+09 -4.45460647e+11  9.46e+08 9.92e-01  2.29e+07   134s
  25   1.78245683e+07  1.16136530e+12  1.88e+06 3.22e-07  3.47e+04   149s
  27   1.32420797e+08 -4.79596255e+08  1.02e+04 7.16e-05  1.49e+02   146s
  16   4.10141390e+08 -1.10732385e+08  2.62e+00 9.42e-07  7.97e+01   125s
  26   1.41498515e+07  1.99408951e+12  1.86e+06 8.59e-07  3.72e+04   151s
  17   3.05342403e+08 -3.64542431e+07  1.72e+00 5.86e-07  5.23e+01   127s
   3   2.92940665e+09 -3.64715309e+11  7.41e+07 5.02e-06  1.86e+06   137s
  28   1.32468777e+08 -3.45072691e+08  7.92e+03 2.23e-05  1.12e+02   149s
  18   2.25208076e+08  2.26851717e+07  1.09e+00 2.94e-07  3.10e+01   128s
  27   1.13153174e+07  2.87921384e+12  1.84e+06 1.57e-06  3.80e+04   152s
   4   2.98401239e+09 -2.53095949e+11  2.09e+06 6.80e-06  8.79e+04   139s
  19   2.05360897e+08  3.57101280e+07  9.28e-01 2.36e-07  2.60e+01   130s
  28   1.04943982e+07  3.97506918e+12  1.84e+06 9.69e-07  4.11e+04   154s
  29   1.32395851e+08 -2.48467354e+08  5.39e+03 2.02e-05  8.17e+01   152s
   5   2.99835091e+09 -1.31594713e+11  4.58e+05 2.66e-06  2.88e+04   141s
  20   2.01573342e+08  3.93111775e+07  8.98e-01 2.19e-07  2.48e+01   132s
  29   9.92460758e+06  5.02243428e+12  1.83e+06 1.83e-07  4.38e+04   156s
   6   2.97791698e+09 -9.27715795e+10  7.61e+04 1.85e-06  1.58e+04   142s
  21   1.99529664e+08  4.19219977e+07  8.82e-01 2.08e-07  2.41e+01   133s
  30   1.32323817e+08 -2.13972405e+08  4.27e+03 1.39e-05  7.05e+01   155s
   7   2.91231103e+09 -2.44939809e+10  1.45e+04 1.63e-06  4.29e+03   144s
  30   8.57554276e+06  6.37889748e+12  1.82e+06 7.24e-06  4.41e+04   159s
  22   1.96162762e+08  4.77223769e+07  8.56e-01 1.85e-07  2.27e+01   135s
   8   2.59724370e+09 -1.01128480e+10  1.32e+02 1.87e-04  1.95e+03   146s
  31   1.32057747e+08 -8.28435290e+07  3.32e+03 6.42e-05  4.29e+01   158s
  23   1.92930509e+08  5.72460813e+07  8.20e-01 1.62e-07  2.08e+01   138s
  32   1.31507706e+08  1.27706102e+06  2.12e+03 4.51e-05  2.44e+01   161s
   9   2.38724780e+09 -7.71638273e+09  1.09e+02 1.51e-04  1.55e+03   149s
  31   8.07268540e+06  8.60628367e+12  1.82e+06 2.25e-06  4.85e+04   163s
  33   1.31111106e+08  6.20572068e+07  1.57e+03 1.75e-05  1.25e+01   163s
  32   7.51474725e+06  1.41843122e+13  1.82e+06 1.23e-06  5.96e+04   166s
  10   1.26911241e+09 -6.69747205e+09  8.51e+00 1.31e-04  1.22e+03   152s

Barrier performed 32 iterations in 165.73 seconds (127.43 work units)
Numerical trouble encountered

Model may be infeasible or unbounded.  Consider using the
homogeneous algorithm (through parameter 'BarHomogeneous')

  24   1.68021075e+08  9.54599391e+07  5.15e-01 6.15e-08  1.11e+01   142s
  11   7.84336650e+08 -2.72371607e+09  1.96e+00 5.51e-05  5.37e+02   153s
  34   1.30093905e+08  7.98139227e+07  9.84e+02 9.83e-06  8.65e+00   166s
  25   1.35349917e+08  1.04246169e+08  1.58e-01 3.71e-08  4.76e+00   145s
  12   4.73321344e+08 -1.11351069e+09  6.90e-01 2.38e-05  2.43e+02   155s
  13   3.66961126e+08 -6.12557888e+08  5.05e-01 1.34e-05  1.50e+02   157s
  35   1.28986992e+08  8.70259407e+07  8.09e+02 8.26e-06  7.10e+00   169s
  26   1.27945553e+08  1.08501867e+08  9.89e-02 4.45e-08  2.98e+00   149s
  14   3.48636812e+08 -4.16457147e+08  4.78e-01 9.52e-06  1.17e+02   159s
  36   1.28257989e+08  9.18558206e+07  7.12e+02 7.33e-06  6.10e+00   171s
  27   1.26331523e+08  1.10698560e+08  8.50e-02 2.23e-08  2.39e+00   151s
  37   1.27205483e+08  9.63134260e+07  5.83e+02 6.42e-06  5.11e+00   173s
  15   3.32549421e+08 -1.83044265e+08  4.53e-01 4.50e-06  7.89e+01   161s
  28   1.23241407e+08  1.12318957e+08  5.51e-02 1.35e-08  1.67e+00   153s
  16   2.14099756e+08 -3.23039688e+07  2.52e-01 1.55e-06  3.77e+01   163s
  38   1.26432459e+08  9.89445445e+07  5.09e+02 5.76e-06  4.52e+00   175s
  29   1.23092570e+08  1.12825456e+08  5.38e-02 1.19e-08  1.57e+00   155s
  17   1.68293088e+08  1.98468099e+06  1.82e-01 8.91e-07  2.54e+01   165s
  39   1.25657812e+08  1.00610515e+08  4.28e+02 5.27e-06  4.08e+00   178s
  18   1.63126397e+08  6.22965824e+06  1.74e-01 8.17e-07  2.40e+01   167s
  40   1.24779145e+08  1.02480643e+08  3.61e+02 4.79e-06  3.60e+00   180s
  30   1.21593938e+08  1.13511459e+08  4.06e-02 8.38e-09  1.24e+00   158s
  19   1.61039310e+08  8.42357881e+06  1.70e-01 7.83e-07  2.34e+01   169s
  41   1.24121003e+08  1.03865930e+08  3.15e+02 4.39e-06  3.25e+00   182s
  20   1.59645241e+08  1.20021270e+07  1.68e-01 7.44e-07  2.26e+01   170s
  31   1.20548189e+08  1.15084291e+08  3.19e-02 2.68e-09  8.36e-01   161s
  42   1.23604997e+08  1.06944345e+08  2.82e+02 3.62e-06  2.67e+00   184s
  21   1.57836050e+08  3.09109922e+07  1.62e-01 5.60e-07  1.94e+01   172s
  43   1.23410474e+08  1.09089913e+08  2.64e+02 2.88e-06  2.30e+00   185s
  32   1.20455582e+08  1.15520703e+08  3.11e-02 2.97e-09  7.55e-01   164s
  22   1.24419580e+08  5.59615051e+07  8.27e-02 3.11e-07  1.05e+01   175s
  44   1.22678769e+08  1.10332348e+08  2.16e+02 2.57e-06  1.96e+00   187s
  33   1.17972972e+08  1.15669318e+08  9.98e-03 1.95e-09  3.52e-01   168s
  45   1.22178624e+08  1.11118079e+08  1.84e+02 2.28e-06  1.75e+00   190s
  23   1.18613915e+08  7.18054272e+07  7.01e-02 1.33e-07  7.16e+00   178s
  46   1.21646173e+08  1.12148833e+08  1.51e+02 1.93e-06  1.49e+00   191s
  34   1.17055092e+08  1.16307680e+08  3.18e-03 9.31e-10  1.14e-01   171s
  47   1.21064261e+08  1.13063653e+08  1.14e+02 1.65e-06  1.24e+00   193s
  24   1.14454208e+08  7.33808214e+07  6.21e-02 1.18e-07  6.28e+00   182s
  48   1.20722294e+08  1.13824879e+08  9.25e+01 1.46e-06  1.06e+00   195s
  35   1.16682632e+08  1.16461634e+08  7.31e-04 1.06e-08  3.38e-02   174s
  25   1.12996394e+08  7.44611371e+07  5.93e-02 1.08e-07  5.90e+00   184s
  49   1.20428920e+08  1.14691333e+08  7.55e+01 1.39e-06  8.73e-01   196s
  50   1.20273092e+08  1.15065826e+08  6.72e+01 1.42e-06  7.88e-01   198s
  26   1.05729159e+08  7.82175267e+07  4.43e-02 7.34e-08  4.21e+00   186s
  36   1.16619508e+08  1.16489947e+08  3.71e-04 9.37e-09  1.98e-02   177s
  51   1.20178689e+08  1.15248608e+08  6.22e+01 1.37e-06  7.43e-01   200s
  27   9.93840387e+07  8.18849703e+07  3.02e-02 4.41e-08  2.68e+00   190s
  37   1.16585355e+08  1.16502933e+08  1.80e-04 7.39e-09  1.26e-02   180s
  52   1.20132656e+08  1.15846086e+08  5.98e+01 1.01e-06  6.44e-01   202s
  38   1.16571918e+08  1.16523960e+08  1.07e-04 5.09e-09  7.33e-03   182s
  53   1.20002825e+08  1.15969798e+08  5.30e+01 1.06e-06  6.01e-01   204s
  28   9.85834461e+07  8.23323364e+07  2.81e-02 4.01e-08  2.49e+00   193s
  39   1.16564435e+08  1.16535149e+08  6.74e-05 1.25e-09  4.48e-03   184s
  54   1.19764416e+08  1.16379861e+08  4.13e+01 1.01e-06  4.97e-01   206s
  40   1.16559604e+08  1.16541100e+08  4.27e-05 1.05e-09  2.83e-03   185s
  29   9.81225550e+07  8.26607809e+07  2.68e-02 3.81e-08  2.37e+00   196s
  55   1.19637195e+08  1.16928699e+08  3.53e+01 9.64e-07  3.91e-01   209s
  41   1.16556987e+08  1.16544623e+08  2.91e-05 1.98e-09  1.89e-03   187s
  56   1.19487236e+08  1.17316207e+08  2.90e+01 4.87e-07  3.07e-01   210s
  42   1.16554692e+08  1.16547113e+08  1.80e-05 3.17e-10  1.16e-03   189s
  30   9.57232286e+07  8.36350017e+07  2.15e-02 2.96e-08  1.85e+00   199s
  43   1.16553274e+08  1.16548783e+08  1.08e-05 2.33e-10  6.86e-04   190s
  57   1.19405396e+08  1.17602713e+08  2.59e+01 6.41e-07  2.51e-01   213s
  44   1.16552125e+08  1.16549665e+08  5.53e-06 7.28e-10  3.76e-04   192s
  31   9.45543990e+07  8.49339079e+07  1.91e-02 1.81e-08  1.47e+00   202s
  58   1.19305309e+08  1.17747299e+08  2.26e+01 5.19e-07  2.15e-01   215s
  45   1.16551613e+08  1.16550157e+08  3.06e-06 4.25e-09  2.23e-04   194s
  32   9.35187613e+07  8.62039420e+07  1.65e-02 3.78e-08  1.12e+00   205s
  46   1.16551260e+08  1.16550464e+08  1.60e-06 5.49e-10  1.22e-04   196s
  59   1.19219167e+08  1.17845547e+08  1.99e+01 3.46e-07  1.88e-01   217s
  60   1.19132258e+08  1.17912996e+08  1.73e+01 2.09e-07  1.65e-01   219s
  47   1.16551052e+08  1.16550679e+08  6.85e-07 2.82e-09  5.70e-05   197s
  33   8.98430960e+07  8.65439318e+07  7.27e-03 2.87e-08  5.05e-01   208s
  61   1.19096889e+08  1.17956276e+08  1.63e+01 1.56e-07  1.54e-01   221s
  48   1.16550944e+08  1.16550769e+08  4.98e-07 3.90e-09  2.69e-05   200s
  49   1.16550911e+08  1.16550835e+08  4.94e-08 1.95e-09  1.16e-05   202s
  62   1.19052053e+08  1.18047820e+08  1.51e+01 1.26e-07  1.34e-01   224s
  34   8.86795575e+07  8.70691122e+07  3.49e-03 1.25e-08  2.46e-01   212s
  63   1.19004106e+08  1.18111677e+08  1.38e+01 1.04e-07  1.18e-01   225s
  50   1.16550897e+08  1.16550862e+08  2.08e-07 1.25e-09  5.34e-06   205s
Waiting for other threads to finish...         230s
  35   8.82764716e+07  8.72278375e+07  2.28e-03 9.14e-09  1.60e-01   216s
  64   1.18924324e+08  1.18140122e+08  1.18e+01 9.54e-08  1.03e-01   228s
  65   1.18879911e+08  1.18162432e+08  1.07e+01 8.81e-08  9.42e-02   230s
  51   1.16550887e+08  1.16550873e+08  4.31e-07 1.11e-09  2.12e-06   209s
  36   8.81352600e+07  8.73536691e+07  1.93e-03 3.66e-08  1.20e-01   219s
  66   1.18841581e+08  1.18187897e+08  9.71e+00 7.98e-08  8.54e-02   232s
  37   8.81119836e+07  8.73761688e+07  1.86e-03 3.00e-08  1.13e-01   221s
  52   1.16550881e+08  1.16550877e+08  4.32e-07 8.15e-10  6.46e-07   212s
  67   1.18814027e+08  1.18204335e+08  9.03e+00 1.33e-07  7.94e-02   234s
  38   8.79123586e+07  8.74141055e+07  1.25e-03 1.84e-08  7.62e-02   223s
  53   1.16550879e+08  1.16550878e+08  5.43e-07 1.26e-08  7.88e-08   214s
  68   1.18782308e+08  1.18214964e+08  8.26e+00 7.03e-08  7.38e-02   236s
  39   8.78194112e+07  8.74475476e+07  9.67e-04 9.05e-09  5.69e-02   225s
  54   1.16550879e+08  1.16550879e+08  6.52e-07 1.55e-08  9.55e-09   216s

Barrier solved model in 54 iterations and 215.72 seconds (153.34 work units)
Optimal objective 1.16550879e+08

  69   1.18756573e+08  1.18226365e+08  7.64e+00 6.64e-08  6.88e-02   238s

Root crossover log...

  364030 DPushes remaining with DInf 1.2776103e-06               217s
  70   1.18735040e+08  1.18239768e+08  7.12e+00 6.17e-08  6.40e-02   240s
  40   8.77691752e+07  8.74747579e+07  7.91e-04 9.31e-09  4.50e-02   229s
  71   1.18716848e+08  1.18254433e+08  6.69e+00 5.69e-08  5.96e-02   241s
  72   1.18699077e+08  1.18264260e+08  6.28e+00 5.33e-08  5.59e-02   244s
  163920 DPushes remaining with DInf 0.0000000e+00               223s
  41   8.76174610e+07  8.75077767e+07  2.71e-04 2.10e-09  1.68e-02   233s
  73   1.18683199e+08  1.18271818e+08  5.91e+00 5.45e-08  5.28e-02   245s
  126907 DPushes remaining with DInf 0.0000000e+00               225s
  74   1.18668632e+08  1.18278968e+08  5.58e+00 8.99e-08  4.99e-02   248s
  42   8.75773729e+07  8.75180159e+07  1.60e-04 1.73e-09  9.08e-03   237s
  75   1.18655459e+08  1.18285633e+08  5.28e+00 8.46e-08  4.73e-02   249s
  76   1.18645640e+08  1.18293476e+08  5.06e+00 9.29e-08  4.50e-02   252s
  43   8.75507795e+07  8.75209361e+07  8.01e-05 7.41e-10  4.56e-03   240s
   92847 DPushes remaining with DInf 0.0000000e+00               232s
  77   1.18641075e+08  1.18297595e+08  4.96e+00 7.10e-08  4.38e-02   253s
  78   1.18627387e+08  1.18301438e+08  4.66e+00 8.10e-08  4.16e-02   255s
  44   8.75392583e+07  8.75214334e+07  4.71e-05 1.37e-08  2.73e-03   244s
  79   1.18617867e+08  1.18309834e+08  4.45e+00 4.78e-08  3.92e-02   257s
  80   1.18595021e+08  1.18331604e+08  3.95e+00 3.56e-08  3.31e-02   260s
   91187 DPushes remaining with DInf 0.0000000e+00               238s
  45   8.75357015e+07  8.75219637e+07  3.66e-05 6.05e-09  2.10e-03   249s
  81   1.18580001e+08  1.18343537e+08  3.62e+00 2.16e-08  2.96e-02   261s
  82   1.18541568e+08  1.18361099e+08  2.80e+00 1.51e-08  2.25e-02   263s
   90357 DPushes remaining with DInf 0.0000000e+00               241s
  83   1.18523405e+08  1.18369334e+08  2.42e+00 1.18e-08  1.91e-02   265s
  46   8.75339460e+07  8.75221188e+07  3.13e-05 1.16e-09  1.81e-03   253s
  84   1.18508308e+08  1.18376185e+08  2.10e+00 8.86e-09  1.63e-02   267s
  85   1.18484737e+08  1.18378603e+08  1.61e+00 7.68e-09  1.32e-02   269s
  47   8.75314952e+07  8.75223805e+07  2.42e-05 1.05e-09  1.39e-03   257s
   88697 DPushes remaining with DInf 0.0000000e+00               248s
  86   1.18470240e+08  1.18382372e+08  1.31e+00 6.97e-09  1.09e-02   271s
  87   1.18466006e+08  1.18383907e+08  1.22e+00 6.98e-09  1.02e-02   273s
   87867 DPushes remaining with DInf 0.0000000e+00               251s
  48   8.75274194e+07  8.75227501e+07  1.23e-05 3.96e-09  7.14e-04   261s
  88   1.18455510e+08  1.18385650e+08  9.96e-01 7.19e-09  8.76e-03   275s
  49   8.75244527e+07  8.75230150e+07  3.61e-06 1.33e-08  2.20e-04   265s
  89   1.18448087e+08  1.18388788e+08  8.45e-01 5.36e-09  7.42e-03   278s
  50   8.75235633e+07  8.75231188e+07  1.04e-06 3.09e-09  6.80e-05   267s
  90   1.18446383e+08  1.18389357e+08  8.11e-01 5.14e-09  7.13e-03   279s
   86207 DPushes remaining with DInf 0.0000000e+00               258s
  51   8.75233571e+07  8.75231466e+07  5.17e-07 1.02e-08  3.22e-05   269s
  91   1.18442065e+08  1.18391562e+08  7.24e-01 3.04e-09  6.29e-03   281s
  92   1.18434030e+08  1.18393468e+08  5.60e-01 2.15e-09  5.08e-03   283s
  52   8.75232539e+07  8.75231650e+07  1.58e-07 8.59e-10  1.36e-05   271s
   85377 DPushes remaining with DInf 0.0000000e+00               261s
  93   1.18429669e+08  1.18395609e+08  4.73e-01 1.26e-07  4.25e-03   285s
  53   8.75232140e+07  8.75231699e+07  1.78e-07 9.31e-09  6.73e-06   274s
  94   1.18424288e+08  1.18397625e+08  3.63e-01 1.63e-09  3.34e-03   287s
   83717 DPushes remaining with DInf 0.0000000e+00               266s
  95   1.18422143e+08  1.18398725e+08  3.19e-01 2.59e-09  2.93e-03   289s
  54   8.75231936e+07  8.75231729e+07  1.07e-07 2.39e-09  3.16e-06   277s
  96   1.18419559e+08  1.18399098e+08  2.67e-01 2.55e-09  2.58e-03   291s
Waiting for other threads to finish...         293s
  55   8.75231844e+07  8.75231744e+07  1.01e-07 1.68e-07  1.54e-06   280s
   82057 DPushes remaining with DInf 0.0000000e+00               270s
  97   1.18415906e+08  1.18400310e+08  1.92e-01 1.75e-09  1.98e-03   293s
  56   8.75231785e+07  8.75231748e+07  5.71e-07 1.92e-07  5.60e-07   282s
  98   1.18413591e+08  1.18401920e+08  1.46e-01 5.11e-09  1.47e-03   295s
  57   8.75231769e+07  8.75231750e+07  2.07e-07 1.31e-07  2.89e-07   284s
  99   1.18411890e+08  1.18402468e+08  1.13e-01 5.69e-09  1.19e-03   296s
  58   8.75231756e+07  8.75231751e+07  1.29e-07 3.49e-07  7.28e-08   286s
   79567 DPushes remaining with DInf 0.0000000e+00               276s
 100   1.18410404e+08  1.18403071e+08  8.43e-02 4.61e-08  9.33e-04   298s
  59   8.75231752e+07  8.75231751e+07  1.23e-07 5.76e-07  1.23e-08   287s
 101   1.18409155e+08  1.18403834e+08  6.02e-02 7.33e-08  6.77e-04   301s
  60   8.75231752e+07  8.75231751e+07  1.49e-06 3.03e-07  1.07e-08   290s

Barrier solved model in 60 iterations and 289.99 seconds (201.81 work units)
Optimal objective 8.75231752e+07

 102   1.18408501e+08  1.18404069e+08  4.76e-02 1.08e-07  5.69e-04   302s
   70565 DPushes remaining with DInf 0.0000000e+00               281s

Root crossover log...

  219086 DPushes remaining with DInf 0.0000000e+00               291s
 103   1.18407717e+08  1.18404288e+08  3.28e-02 5.46e-08  4.50e-04   304s
 104   1.18407274e+08  1.18404593e+08  2.44e-02 1.47e-07  3.55e-04   306s
   58416 DPushes remaining with DInf 0.0000000e+00               285s
   81875 DPushes remaining with DInf 0.0000000e+00               296s
 105   1.18406818e+08  1.18405013e+08  1.59e-02 2.25e-07  2.41e-04   308s
 106   1.18406530e+08  1.18405381e+08  1.08e-02 2.58e-08  1.53e-04   309s
 107   1.18406456e+08  1.18405433e+08  9.49e-03 1.33e-08  1.36e-04   311s
 108   1.18406264e+08  1.18405556e+08  6.01e-03 2.42e-09  9.60e-05   313s
   81045 DPushes remaining with DInf 0.0000000e+00               301s
   56756 DPushes remaining with DInf 0.0000000e+00               292s
 109   1.18406182e+08  1.18405654e+08  4.56e-03 1.75e-09  7.18e-05   315s
 110   1.18406102e+08  1.18405700e+08  3.17e-03 1.28e-09  5.54e-05   317s
   79385 DPushes remaining with DInf 0.0000000e+00               305s
 111   1.18406063e+08  1.18405768e+08  2.52e-03 4.93e-08  4.04e-05   319s
 112   1.18406018e+08  1.18405817e+08  1.75e-03 3.29e-08  2.75e-05   321s
   68015 DPushes remaining with DInf 0.0000000e+00               311s
   55096 DPushes remaining with DInf 0.0000000e+00               301s
 113   1.18405992e+08  1.18405846e+08  1.31e-03 2.49e-08  1.99e-05   323s
 114   1.18405977e+08  1.18405852e+08  1.06e-03 2.25e-08  1.72e-05   325s
 115   1.18405967e+08  1.18405858e+08  8.90e-04 2.03e-08  1.51e-05   326s
   60761 DPushes remaining with DInf 0.0000000e+00               316s
 116   1.18405964e+08  1.18405861e+08  8.37e-04 3.44e-08  1.43e-05   328s
   54266 DPushes remaining with DInf 0.0000000e+00               308s
 117   1.18405946e+08  1.18405881e+08  5.29e-04 9.07e-08  8.97e-06   330s
   40090 DPushes remaining with DInf 0.0000000e+00               320s
 118   1.18405941e+08  1.18405885e+08  4.45e-04 8.27e-08  7.82e-06   332s
       0 DPushes remaining with DInf 0.0000000e+00               321s
Warning: Markowitz tolerance tightened to 0.25

  239675 PPushes remaining with PInf 2.6451846e-04               321s
 119   1.18405938e+08  1.18405889e+08  4.01e-04 6.61e-08  6.87e-06   336s
   69029 PPushes remaining with PInf 2.0792304e-02               325s
   53436 DPushes remaining with DInf 0.0000000e+00               316s
 120   1.18405935e+08  1.18405892e+08  3.53e-04 9.44e-08  5.98e-06   338s
 121   1.18405932e+08  1.18405898e+08  3.07e-04 1.60e-07  4.70e-06   341s
 122   1.18405929e+08  1.18405900e+08  2.62e-04 1.87e-07  4.03e-06   343s
   52606 DPushes remaining with DInf 0.0000000e+00               322s
   22721 PPushes remaining with PInf 4.5546122e-03               333s
 123   1.18405927e+08  1.18405903e+08  2.34e-04 2.82e-07  3.41e-06   346s
    9170 PPushes remaining with PInf 7.0878175e-05               335s
 124   1.18405926e+08  1.18405903e+08  2.10e-04 2.85e-07  3.14e-06   348s
       0 PPushes remaining with PInf 0.0000000e+00               339s
 125   1.18405923e+08  1.18405904e+08  1.56e-04 2.11e-07  2.57e-06   351s

  Push phase complete: Pinf 0.0000000e+00, Dinf 2.9845601e+00    339s


Root simplex log...

Iteration    Objective       Primal Inf.    Dual Inf.      Time
  416366    8.7523175e+07   0.000000e+00   2.984560e+00    340s
   51946 DPushes remaining with DInf 0.0000000e+00               330s
  416760    8.7523175e+07   0.000000e+00   0.000000e+00    341s
Crossover time: 50.70 seconds (41.11 work units)
Concurrent spin time: 0.03s

Solved with barrier
Waiting for other threads to finish...         356s
 126   1.18405920e+08  1.18405905e+08  1.20e-04 2.18e-07  2.20e-06   355s
  416760    8.7523175e+07   0.000000e+00   0.000000e+00    343s

Root relaxation: objective 8.752318e+07, 416760 iterations, 229.70 seconds (160.33 work units)
 127   1.18405920e+08  1.18405905e+08  1.15e-04 2.34e-07  2.10e-06   358s
 128   1.18405920e+08  1.18405906e+08  1.07e-04 2.62e-07  1.93e-06   363s
   51206 DPushes remaining with DInf 0.0000000e+00               341s
 129   1.18405919e+08  1.18405907e+08  9.43e-05 1.97e-07  1.66e-06   366s
 130   1.18405917e+08  1.18405908e+08  6.97e-05 1.79e-07  1.34e-06   371s
 131   1.18405917e+08  1.18405908e+08  6.25e-05 1.74e-07  1.24e-06   374s
   50376 DPushes remaining with DInf 0.0000000e+00               354s
 132   1.18405916e+08  1.18405909e+08  5.55e-05 1.77e-07  1.05e-06   377s
 133   1.18405916e+08  1.18405910e+08  4.89e-05 1.13e-07  7.82e-07   381s
 134   1.18405915e+08  1.18405910e+08  3.76e-05 1.29e-07  6.85e-07   384s
 135   1.18405914e+08  1.18405911e+08  2.27e-05 4.20e-08  4.60e-07   387s
 136   1.18405914e+08  1.18405912e+08  1.89e-05 1.64e-07  2.74e-07   391s
   49546 DPushes remaining with DInf 0.0000000e+00               370s
 137   1.18405914e+08  1.18405912e+08  1.67e-05 1.31e-07  2.32e-07   395s
 138   1.18405913e+08  1.18405912e+08  1.22e-05 1.25e-07  1.78e-07   400s

Barrier solved model in 138 iterations and 400.05 seconds (291.24 work units)
Optimal objective 1.18405913e+08


Root crossover log...

  275410 DPushes remaining with DInf 1.0352889e-02               402s
   48716 DPushes remaining with DInf 0.0000000e+00               383s
  138399 DPushes remaining with DInf 1.6094959e-01               408s
   91431 DPushes remaining with DInf 5.8604589e-01               411s
   76427 DPushes remaining with DInf 1.0710244e+00               416s
Waiting for other threads to finish...         419s
   74160 DPushes remaining with DInf 2.0561043e+00               420s
   47886 DPushes remaining with DInf 0.0000000e+00               399s
   71670 DPushes remaining with DInf 2.0561043e+00               427s
   69180 DPushes remaining with DInf 2.0561043e+00               430s
   45669 DPushes remaining with DInf 0.0000000e+00               412s
   64200 DPushes remaining with DInf 2.0561043e+00               435s
   61710 DPushes remaining with DInf 2.0561043e+00               440s
   41503 DPushes remaining with DInf 0.0000000e+00               425s
   57560 DPushes remaining with DInf 2.0561043e+00               446s
   55070 DPushes remaining with DInf 2.0561043e+00               451s
   40520 DPushes remaining with DInf 0.0000000e+00               431s
   53410 DPushes remaining with DInf 2.0563918e+00               456s
   49260 DPushes remaining with DInf 2.0563918e+00               460s
   39690 DPushes remaining with DInf 0.0000000e+00               444s
   45110 DPushes remaining with DInf 2.0563918e+00               466s
   40960 DPushes remaining with DInf 2.0563918e+00               471s
   39300 DPushes remaining with DInf 2.0545216e+00               478s
Waiting for other threads to finish...         483s
   38860 DPushes remaining with DInf 0.0000000e+00               460s
   38470 DPushes remaining with DInf 2.0545216e+00               481s
   36810 DPushes remaining with DInf 2.0545216e+00               486s
       0 DPushes remaining with DInf 2.0545394e+00               490s
Warning: Markowitz tolerance tightened to 0.5

  138019 PPushes remaining with PInf 3.0839857e-01               490s
   38030 DPushes remaining with DInf 0.0000000e+00               472s
  136321 PPushes remaining with PInf 2.9493089e-01               506s
   37200 DPushes remaining with DInf 0.0000000e+00               488s

    Nodes    |    Current Node    |     Objective Bounds      |     Work
 Expl Unexpl |  Obj  Depth IntInf | Incumbent    BestBd   Gap | It/Node Time

     0     0 8.7523e+07    0    6          - 8.7523e+07      -     -  509s
   36370 DPushes remaining with DInf 0.0000000e+00               501s
   35540 DPushes remaining with DInf 0.0000000e+00               517s
Waiting for other threads to finish...         546s
H    0     0                    1.053467e+08 8.7523e+07  16.9%     -  533s
   35051 DPushes remaining with DInf 0.0000000e+00               525s
Warning: Markowitz tolerance tightened to 0.5

  142879 PPushes remaining with PInf 4.3801610e-04               526s
   97030 PPushes remaining with PInf 1.9907902e-03               543s
   54863 PPushes remaining with PInf 2.1685276e-04               576s
Waiting for other threads to finish...         609s
   43567 PPushes remaining with PInf 5.1711497e-05               588s
   36261 PPushes remaining with PInf 4.8211330e-05               591s
  114596 PPushes remaining with PInf 5.0026316e-01               616s
   24388 PPushes remaining with PInf 4.8211330e-05               595s
  105528 PPushes remaining with PInf 2.3153148e+01               621s
   15612 PPushes remaining with PInf 4.8211332e-05               600s
  102092 PPushes remaining with PInf 2.3148539e+01               625s
   12108 PPushes remaining with PInf 4.8211330e-05               605s
   97817 PPushes remaining with PInf 2.3137005e+01               630s
    1100 PPushes remaining with PInf 3.9791369e-05               611s
       1 PPushes remaining with PInf 0.0000000e+00               612s

  Push phase complete: Pinf 0.0000000e+00, Dinf 2.7387473e+07    612s


Root simplex log...

Iteration    Objective       Primal Inf.    Dual Inf.      Time
  460430    1.1655088e+08   0.000000e+00   2.738747e+07    613s
   14610 PPushes remaining with PInf 2.9177666e+01               642s
  461101    1.1655088e+08   0.000000e+00   5.352496e+07    625s
   11341 PPushes remaining with PInf 2.8959309e+01               646s
    8841 PPushes remaining with PInf 2.6291406e+01               651s
  461341    1.1655088e+08   0.000000e+00   1.472944e+07    630s
    6334 PPushes remaining with PInf 2.5613383e+01               656s
  461721    1.1655088e+08   0.000000e+00   1.320864e+07    638s
    2978 PPushes remaining with PInf 2.4617156e+01               661s
  461911    1.1655088e+08   0.000000e+00   1.169961e+07    642s
  462101    1.1655088e+08   0.000000e+00   2.514894e+07    646s
Waiting for other threads to finish...         672s
       0 PPushes remaining with PInf 1.6555093e+01               672s

  Push phase complete: Pinf 1.6555093e+01, Dinf 8.0232583e+06    672s


Root simplex log...

Iteration    Objective       Primal Inf.    Dual Inf.      Time
  368786    1.1840591e+08   0.000000e+00   8.023258e+06    675s
  462481    1.1655087e+08   0.000000e+00   9.789573e+06    654s
  462671    1.1655087e+08   0.000000e+00   1.762899e+07    657s
  462861    1.1655087e+08   0.000000e+00   1.234424e+07    661s
  463051    1.1655087e+08   0.000000e+00   4.625084e+07    666s
  463431    1.1655087e+08   0.000000e+00   2.437073e+07    674s
  463621    1.1655087e+08   0.000000e+00   1.493821e+07    678s
  463811    1.1655087e+08   0.000000e+00   2.089453e+07    683s
  464001    1.1655086e+08   0.000000e+00   3.922709e+07    687s
  464191    1.1655085e+08   0.000000e+00   2.122750e+07    691s
  464381    1.1655085e+08   0.000000e+00   1.227116e+07    695s
  464761    1.1655084e+08   0.000000e+00   2.440610e+07    704s
  464951    1.1655084e+08   0.000000e+00   1.296469e+07    709s
Waiting for other threads to finish...         735s
  465141    1.1655084e+08   0.000000e+00   9.688414e+06    713s
  465331    1.1655084e+08   0.000000e+00   3.253624e+07    718s
  369556    1.1840591e+08   0.000000e+00   3.600112e+06    742s
  465511    1.1655084e+08   0.000000e+00   4.547664e+07    723s
  465691    1.1655084e+08   0.000000e+00   1.283772e+07    727s
  465881    1.1655083e+08   0.000000e+00   2.034538e+07    732s
  466071    1.1655083e+08   0.000000e+00   5.063399e+07    737s
  466251    1.1655083e+08   0.000000e+00   4.361905e+07    742s
  466441    1.1655083e+08   0.000000e+00   1.304593e+07    746s
  466621    1.1655083e+08   0.000000e+00   3.156088e+07    751s
  466801    1.1655083e+08   0.000000e+00   1.529920e+07    756s
  466981    1.1655082e+08   0.000000e+00   1.284266e+07    760s
  467161    1.1655081e+08   0.000000e+00   2.834107e+07    765s
Waiting for other threads to finish...         799s
  467491    1.1655078e+08   0.000000e+00   1.958600e+07    775s
  467751    1.1655078e+08   0.000000e+00   6.416854e+07    785s
  370336    1.1840591e+08   0.000000e+00   9.375683e+05    809s
  467881    1.1655077e+08   0.000000e+00   4.968538e+07    789s
  468011    1.1655076e+08   0.000000e+00   5.004810e+07    795s
  468141    1.1655076e+08   0.000000e+00   5.704421e+07    800s
  468281    1.1655075e+08   0.000000e+00   4.763759e+07    805s
  468421    1.1655073e+08   0.000000e+00   2.258500e+07    810s
  468561    1.1655073e+08   0.000000e+00   5.680186e+07    815s
  468701    1.1655071e+08   0.000000e+00   4.643240e+07    820s
  468841    1.1655071e+08   0.000000e+00   5.429837e+07    826s
  468981    1.1655070e+08   0.000000e+00   5.430076e+07    831s
  469091    1.1655069e+08   0.000000e+00   5.430753e+07    837s
Waiting for other threads to finish...         862s
  469191    1.1655068e+08   0.000000e+00   5.430738e+07    844s
  371066    1.1840591e+08   0.000000e+00   3.243828e+06    871s
  469291    1.1655065e+08   0.000000e+00   9.390594e+07    851s
  469391    1.1655062e+08   0.000000e+00   4.621787e+07    857s
  469491    1.1655061e+08   0.000000e+00   4.468481e+07    864s
  469591    1.1655058e+08   0.000000e+00   4.352606e+07    871s
  469691    1.1655057e+08   0.000000e+00   6.457942e+07    878s
  469791    1.1655054e+08   0.000000e+00   7.115282e+07    885s
  469891    1.1655052e+08   0.000000e+00   5.448342e+07    891s
  469991    1.1655048e+08   0.000000e+00   5.448788e+07    898s
Waiting for other threads to finish...         925s
  470091    1.1655045e+08   0.000000e+00   5.448899e+07    905s
H    0     0                    8.756089e+07 8.7523e+07  0.04%     -  920s
  371776    1.1840591e+08   0.000000e+00   1.099690e+06    932s
  470191    1.1655042e+08   0.000000e+00   5.448881e+07    911s

Explored 1 nodes (516744 simplex iterations) in 921.53 seconds (620.96 work units)
Thread count was 12 (of 192 available processors)

Solution count 2: 8.75609e+07 1.05347e+08 

Optimal solution found (tolerance 1.00e-02)
Warning: max constraint violation (7.8707e-04) exceeds tolerance
Best objective 8.756089449212e+07, best bound 8.752317510302e+07, gap 0.0431%
Set parameter LogFile to value ""
  470291    1.1655040e+08   0.000000e+00   5.448864e+07    918s
  470391    1.1655036e+08   0.000000e+00   5.448856e+07    925s
  470491    1.1655033e+08   0.000000e+00   5.448695e+07    932s
  470591    1.1655030e+08   0.000000e+00   5.448678e+07    938s
  470691    1.1655028e+08   0.000000e+00   5.079501e+07    945s
  470791    1.1655024e+08   0.000000e+00   5.448793e+07    951s
  470891    1.1655018e+08   0.000000e+00   5.390387e+07    958s
Waiting for other threads to finish...         988s
  470991    1.1655005e+08   0.000000e+00   3.905595e+07    965s
  372456    1.1840591e+08   0.000000e+00   1.720613e+06    988s
  471091    1.1654992e+08   0.000000e+00   3.908403e+07    972s
  471191    1.1654980e+08   0.000000e+00   1.228305e+08    979s
  471361    1.1654885e+08   0.000000e+00   6.020459e+07    992s
  471541    1.1654627e+08   0.000000e+00   3.794330e+07   1006s
  373026    1.1840591e+08   0.000000e+00   7.644153e+05   1036s
  471691    1.1654082e+08   0.000000e+00   8.107765e+07   1020s
Waiting for other threads to finish...        1051s
  471851    1.1653552e+08   0.000000e+00   8.107603e+07   1034s
  472001    1.1652875e+08   0.000000e+00   7.837789e+07   1049s
  373576    1.1840591e+08   0.000000e+00   2.568658e+06   1082s
  472151    1.1652209e+08   0.000000e+00   4.585858e+09   1063s
# ==========================================================
# = Solver Results                                         =
# ==========================================================
# ----------------------------------------------------------
#   Problem Information
# ----------------------------------------------------------
Problem: 
- Name: unknown
  Lower bound: 87523175.10302275
  Upper bound: 87560894.49211931
  Number of objectives: 1
  Number of constraints: 9050179
  Number of variables: 6728544
  Number of binary variables: 858652
  Number of integer variables: 858652
  Number of continuous variables: 5011240
  Number of nonzeros: 21385595
  Sense: minimize
  Number of solutions: 2
# ----------------------------------------------------------
#   Solver Information
# ----------------------------------------------------------
Solver: 
- Name: Gurobi 13.00
  Status: ok
  Wallclock time: 921.6710200309753
  Termination condition: optimal
  Termination message: Model was solved to optimality (subject to tolerances), and an optimal solution is available.
# ----------------------------------------------------------
#   Solution Information
# ----------------------------------------------------------
Solution: 
- number of solutions: 0
  number of solutions displayed: 0
Writing results to /gpfs/home3/scur1696/AdOpT-NET0-RegToNation/generic_node_optimization/results/parallel_creation_test_20251124_002357/task_000/t000_parallel_run_0001/userData/20251124003215-1
[SUCCESS] Solved: t000_parallel_run_0001
[SOLVING] t000_parallel_run_0006
Set parameter Threads to value 12
  472301    1.1652100e+08   0.000000e+00   4.178675e+09   1077s
Waiting for other threads to finish...        1115s
  472441    1.1651915e+08   0.000000e+00   3.740232e+07   1091s
  472541    1.1651587e+08   0.000000e+00   4.496059e+07   1104s
  374146    1.1840591e+08   0.000000e+00   2.076161e+06   1135s
  472641    1.1651131e+08   0.000000e+00   2.769657e+08   1119s
  472751    1.1650628e+08   0.000000e+00   6.857360e+08   1134s
  472851    1.1650134e+08   0.000000e+00   4.773708e+07   1148s
Waiting for other threads to finish...        1178s
  472951    1.1649461e+08   0.000000e+00   1.899482e+08   1162s
  473051    1.1648690e+08   0.000000e+00   2.380540e+08   1177s
  374886    1.1840591e+08   0.000000e+00   1.140196e+06   1202s
  473151    1.1647975e+08   0.000000e+00   9.909971e+07   1191s
  473261    1.1647264e+08   0.000000e+00   2.364288e+08   1206s
Waiting for other threads to finish...        1241s
  473361    1.1646660e+08   0.000000e+00   3.538879e+07   1220s
  473471    1.1645968e+08   0.000000e+00   1.887037e+08   1235s
  375636    1.1840591e+08   0.000000e+00   1.820098e+06   1270s
  473571    1.1645337e+08   0.000000e+00   4.064882e+07   1248s
  473671    1.1644556e+08   0.000000e+00   3.747586e+07   1263s
  473781    1.1643712e+08   0.000000e+00   3.186671e+08   1278s
Waiting for other threads to finish...        1304s
  473891    1.1643062e+08   0.000000e+00   9.022281e+07   1292s
  474001    1.1642463e+08   0.000000e+00   1.875013e+08   1307s
  376466    1.1840591e+08   0.000000e+00   3.560691e+06   1343s
  474101    1.1641702e+08   0.000000e+00   3.223617e+08   1321s
  474201    1.1640972e+08   0.000000e+00   3.428207e+08   1336s
Waiting for other threads to finish...        1367s
  474301    1.1640275e+08   0.000000e+00   2.395938e+08   1350s
  474401    1.1639383e+08   0.000000e+00   1.978388e+08   1364s
  474501    1.1638583e+08   0.000000e+00   7.112465e+07   1379s
  377296    1.1840591e+08   0.000000e+00   1.205748e+06   1415s
  474611    1.1637524e+08   0.000000e+00   1.627987e+08   1393s
Waiting for other threads to finish...        1431s
  474711    1.1636635e+08   0.000000e+00   3.177688e+08   1407s
  474811    1.1635468e+08   0.000000e+00   2.798637e+08   1422s
  474921    1.1634666e+08   0.000000e+00   1.500772e+08   1436s
  475021    1.1633743e+08   0.000000e+00   6.929426e+07   1451s
  378046    1.1840591e+08   0.000000e+00   1.675957e+06   1482s
  475121    1.1632717e+08   0.000000e+00   2.697296e+07   1465s
Waiting for other threads to finish...        1494s
  475231    1.1631834e+08   0.000000e+00   2.199053e+08   1480s
  475331    1.1631192e+08   0.000000e+00   3.885426e+08   1494s
  475441    1.1630471e+08   0.000000e+00   9.927653e+07   1509s
  378766    1.1840591e+08   0.000000e+00   1.020181e+06   1548s
  475601    1.1629254e+08   0.000000e+00   1.481963e+08   1532s
Waiting for other threads to finish...        1557s
  475741    1.1628836e+08   0.000000e+00   2.339423e+09   1546s
  475921    1.1628735e+08   0.000000e+00   2.760701e+09   1560s
  476101    1.1628682e+08   0.000000e+00   2.392903e+09   1575s
  476281    1.1628609e+08   0.000000e+00   1.606434e+09   1589s
Waiting for other threads to finish...        1620s
  379596    1.1840591e+08   0.000000e+00   1.315142e+06   1622s
  476441    1.1628445e+08   0.000000e+00   2.088432e+09   1603s
  476601    1.1628239e+08   0.000000e+00   1.856545e+09   1618s
  476731    1.1627970e+08   0.000000e+00   2.145930e+09   1632s
  476871    1.1627626e+08   0.000000e+00   2.392459e+09   1647s
Waiting for other threads to finish...        1683s
  477001    1.1627292e+08   0.000000e+00   4.791348e+08   1661s
  380356    1.1840591e+08   0.000000e+00   2.422525e+06   1695s
  477111    1.1626740e+08   0.000000e+00   1.356134e+08   1676s
  477221    1.1626271e+08   0.000000e+00   2.922798e+09   1691s
  477331    1.1625638e+08   0.000000e+00   2.163129e+09   1705s
  477431    1.1624901e+08   0.000000e+00   5.409504e+08   1720s
Waiting for other threads to finish...        1747s
  477531    1.1624328e+08   0.000000e+00   1.857833e+09   1735s
  381186    1.1840591e+08   0.000000e+00   8.717650e+05   1771s
  477631    1.1623588e+08   0.000000e+00   7.398075e+07   1749s
  477731    1.1622883e+08   0.000000e+00   3.220248e+08   1764s
  477831    1.1622022e+08   0.000000e+00   3.337598e+08   1779s
Waiting for other threads to finish...        1810s
  477931    1.1621281e+08   0.000000e+00   2.671772e+08   1794s
  478031    1.1620499e+08   0.000000e+00   2.836927e+07   1810s
  382016    1.1840591e+08   0.000000e+00   8.807667e+05   1845s
  478131    1.1619776e+08   0.000000e+00   2.255288e+08   1825s
  478231    1.1618913e+08   0.000000e+00   5.875272e+07   1840s
Waiting for other threads to finish...        1873s
  478331    1.1618133e+08   0.000000e+00   1.005728e+08   1856s
  478431    1.1617062e+08   0.000000e+00   2.155174e+08   1871s
  478531    1.1615975e+08   0.000000e+00   2.888097e+08   1886s
  382766    1.1840591e+08   0.000000e+00   7.830851e+05   1914s
  478631    1.1615075e+08   0.000000e+00   1.672326e+08   1901s
Waiting for other threads to finish...        1936s
  478731    1.1614389e+08   0.000000e+00   9.865984e+07   1916s
  478831    1.1613559e+08   0.000000e+00   1.449434e+08   1931s
  478931    1.1612928e+08   0.000000e+00   1.912325e+08   1946s
  383436    1.1840591e+08   0.000000e+00   8.715599e+05   1980s
  479031    1.1612118e+08   0.000000e+00   2.391307e+08   1961s
Waiting for other threads to finish...        1999s
  479131    1.1611188e+08   0.000000e+00   1.047096e+08   1976s
  479231    1.1610380e+08   0.000000e+00   1.431870e+08   1991s
  479331    1.1609593e+08   0.000000e+00   3.426759e+08   2006s
  479431    1.1608817e+08   0.000000e+00   3.792433e+08   2021s
  384146    1.1840591e+08   0.000000e+00   1.282380e+06   2045s
  479551    1.1608261e+08   0.000000e+00   8.923899e+07   2036s
Waiting for other threads to finish...        2063s
  479651    1.1607522e+08   0.000000e+00   2.394299e+08   2051s
  384976    1.1840591e+08   0.000000e+00   5.105302e+05   2084s
  479751    1.1606848e+08   0.000000e+00   2.583452e+08   2066s
  479851    1.1606171e+08   0.000000e+00   2.227790e+08   2081s
  479951    1.1605585e+08   0.000000e+00   8.613885e+07   2095s
  385806    1.1840591e+08   0.000000e+00   4.841200e+05   2120s
Waiting for other threads to finish...        2126s
  480141    1.1605567e+08   0.000000e+00   2.185622e+08   2110s
  480241    1.1605567e+08   0.000000e+00   2.185631e+08   2118s
  480341    1.1605567e+08   0.000000e+00   2.188681e+08   2125s
  480441    1.1605567e+08   0.000000e+00   2.185646e+08   2133s
  386636    1.1840591e+08   0.000000e+00   3.199105e+05   2156s
  480571    1.1605146e+08   0.000000e+00   1.372441e+08   2148s
  480721    1.1605039e+08   0.000000e+00   2.898543e+08   2163s
Waiting for other threads to finish...        2189s
  480821    1.1604221e+08   0.000000e+00   2.348120e+08   2178s
  387466    1.1840591e+08   0.000000e+00   2.343982e+05   2212s
  480921    1.1603450e+08   0.000000e+00   8.582741e+07   2193s
  481021    1.1602899e+08   0.000000e+00   2.913408e+08   2208s
  481121    1.1602212e+08   0.000000e+00   1.782737e+08   2223s
Waiting for other threads to finish...        2252s
  481221    1.1601460e+08   0.000000e+00   4.450826e+08   2237s
  481321    1.1600803e+08   0.000000e+00   1.641905e+08   2252s
  481421    1.1600015e+08   0.000000e+00   2.790915e+08   2268s
  388296    1.1840591e+08   0.000000e+00   1.354085e+05   2292s
  481521    1.1599144e+08   0.000000e+00   2.933898e+08   2283s
Waiting for other threads to finish...        2315s
  481621    1.1598291e+08   0.000000e+00   1.061441e+08   2298s
  [CONFIG] Gurobi default env configured: 12 threads per worker
--- Reading in data ---
Input data folder has been checked successfully - no errors occurred.
--- Reading in data complete ---
--- Constructing Model ---
Constructing Investment Period period1
Constructing Investment Period period1 completed
	 - Constructing Network hydrogenPipelineOnshore_lowP
			gdp.bigm Transformation...
			gdp.bigm Transformation completed in 0 s
		 - Constructing Arc BIG1 - BIG2 completed
			gdp.bigm Transformation...
			gdp.bigm Transformation completed in 0 s
		 - Constructing Arc BIG1 - SMALL1 completed
			gdp.bigm Transformation...
			gdp.bigm Transformation completed in 0 s
		 - Constructing Arc BIG1 - SMALL2 completed
			gdp.bigm Transformation...
			gdp.bigm Transformation completed in 0 s
		 - Constructing Arc BIG1 - SMALL3 completed
			gdp.bigm Transformation...
			gdp.bigm Transformation completed in 0 s
		 - Constructing Arc BIG1 - SMALL4 completed
			gdp.bigm Transformation...
			gdp.bigm Transformation completed in 0 s
		 - Constructing Arc BIG1 - STORAGE completed
			gdp.bigm Transformation...
			gdp.bigm Transformation completed in 0 s
		 - Constructing Arc BIG2 - BIG1 completed
			gdp.bigm Transformation...
			gdp.bigm Transformation completed in 0 s
		 - Constructing Arc BIG2 - SMALL1 completed
			gdp.bigm Transformation...
			gdp.bigm Transformation completed in 0 s
		 - Constructing Arc BIG2 - SMALL2 completed
			gdp.bigm Transformation...
			gdp.bigm Transformation completed in 0 s
		 - Constructing Arc BIG2 - SMALL3 completed
			gdp.bigm Transformation...
			gdp.bigm Transformation completed in 0 s
		 - Constructing Arc BIG2 - SMALL4 completed
			gdp.bigm Transformation...
			gdp.bigm Transformation completed in 0 s
		 - Constructing Arc BIG2 - STORAGE completed
			gdp.bigm Transformation...
			gdp.bigm Transformation completed in 0 s
		 - Constructing Arc SMALL1 - BIG1 completed
			gdp.bigm Transformation...
			gdp.bigm Transformation completed in 0 s
		 - Constructing Arc SMALL1 - BIG2 completed
			gdp.bigm Transformation...
			gdp.bigm Transformation completed in 0 s
		 - Constructing Arc SMALL1 - SMALL2 completed
			gdp.bigm Transformation...
			gdp.bigm Transformation completed in 0 s
		 - Constructing Arc SMALL1 - SMALL3 completed
			gdp.bigm Transformation...
			gdp.bigm Transformation completed in 0 s
		 - Constructing Arc SMALL1 - SMALL4 completed
			gdp.bigm Transformation...
			gdp.bigm Transformation completed in 0 s
		 - Constructing Arc SMALL1 - STORAGE completed
			gdp.bigm Transformation...
			gdp.bigm Transformation completed in 0 s
		 - Constructing Arc SMALL2 - BIG1 completed
			gdp.bigm Transformation...
			gdp.bigm Transformation completed in 0 s
		 - Constructing Arc SMALL2 - BIG2 completed
			gdp.bigm Transformation...
			gdp.bigm Transformation completed in 0 s
		 - Constructing Arc SMALL2 - SMALL1 completed
			gdp.bigm Transformation...
			gdp.bigm Transformation completed in 0 s
		 - Constructing Arc SMALL2 - SMALL3 completed
			gdp.bigm Transformation...
			gdp.bigm Transformation completed in 0 s
		 - Constructing Arc SMALL2 - SMALL4 completed
			gdp.bigm Transformation...
			gdp.bigm Transformation completed in 0 s
		 - Constructing Arc SMALL2 - STORAGE completed
			gdp.bigm Transformation...
			gdp.bigm Transformation completed in 0 s
		 - Constructing Arc SMALL3 - BIG1 completed
			gdp.bigm Transformation...
			gdp.bigm Transformation completed in 0 s
		 - Constructing Arc SMALL3 - BIG2 completed
			gdp.bigm Transformation...
			gdp.bigm Transformation completed in 0 s
		 - Constructing Arc SMALL3 - SMALL1 completed
			gdp.bigm Transformation...
			gdp.bigm Transformation completed in 0 s
		 - Constructing Arc SMALL3 - SMALL2 completed
			gdp.bigm Transformation...
			gdp.bigm Transformation completed in 0 s
		 - Constructing Arc SMALL3 - SMALL4 completed
			gdp.bigm Transformation...
			gdp.bigm Transformation completed in 0 s
		 - Constructing Arc SMALL3 - STORAGE completed
			gdp.bigm Transformation...
			gdp.bigm Transformation completed in 0 s
		 - Constructing Arc SMALL4 - BIG1 completed
			gdp.bigm Transformation...
			gdp.bigm Transformation completed in 0 s
		 - Constructing Arc SMALL4 - BIG2 completed
			gdp.bigm Transformation...
			gdp.bigm Transformation completed in 0 s
		 - Constructing Arc SMALL4 - SMALL1 completed
			gdp.bigm Transformation...
			gdp.bigm Transformation completed in 0 s
		 - Constructing Arc SMALL4 - SMALL2 completed
			gdp.bigm Transformation...
			gdp.bigm Transformation completed in 0 s
		 - Constructing Arc SMALL4 - SMALL3 completed
			gdp.bigm Transformation...
			gdp.bigm Transformation completed in 0 s
		 - Constructing Arc SMALL4 - STORAGE completed
			gdp.bigm Transformation...
			gdp.bigm Transformation completed in 0 s
		 - Constructing Arc STORAGE - BIG1 completed
			gdp.bigm Transformation...
			gdp.bigm Transformation completed in 0 s
		 - Constructing Arc STORAGE - BIG2 completed
			gdp.bigm Transformation...
			gdp.bigm Transformation completed in 0 s
		 - Constructing Arc STORAGE - SMALL1 completed
			gdp.bigm Transformation...
			gdp.bigm Transformation completed in 0 s
		 - Constructing Arc STORAGE - SMALL2 completed
			gdp.bigm Transformation...
			gdp.bigm Transformation completed in 0 s
		 - Constructing Arc STORAGE - SMALL3 completed
			gdp.bigm Transformation...
			gdp.bigm Transformation completed in 0 s
		 - Constructing Arc STORAGE - SMALL4 completed
	 - Constructing Network hydrogenPipelineOnshore_lowP completed
			gdp.bigm Transformation...
			gdp.bigm Transformation completed in 80 s
	 - Constructing Network hydrogenPipelineOnshore_highP
			gdp.bigm Transformation...
			gdp.bigm Transformation completed in 0 s
		 - Constructing Arc BIG1 - BIG2 completed
			gdp.bigm Transformation...
			gdp.bigm Transformation completed in 0 s
		 - Constructing Arc BIG1 - SMALL1 completed
			gdp.bigm Transformation...
			gdp.bigm Transformation completed in 0 s
		 - Constructing Arc BIG1 - SMALL2 completed
			gdp.bigm Transformation...
			gdp.bigm Transformation completed in 0 s
		 - Constructing Arc BIG1 - SMALL3 completed
			gdp.bigm Transformation...
			gdp.bigm Transformation completed in 0 s
		 - Constructing Arc BIG1 - SMALL4 completed
			gdp.bigm Transformation...
			gdp.bigm Transformation completed in 0 s
		 - Constructing Arc BIG1 - STORAGE completed
			gdp.bigm Transformation...
			gdp.bigm Transformation completed in 0 s
		 - Constructing Arc BIG2 - BIG1 completed
			gdp.bigm Transformation...
			gdp.bigm Transformation completed in 0 s
		 - Constructing Arc BIG2 - SMALL1 completed
			gdp.bigm Transformation...
			gdp.bigm Transformation completed in 0 s
		 - Constructing Arc BIG2 - SMALL2 completed
			gdp.bigm Transformation...
			gdp.bigm Transformation completed in 0 s
		 - Constructing Arc BIG2 - SMALL3 completed
			gdp.bigm Transformation...
			gdp.bigm Transformation completed in 0 s
		 - Constructing Arc BIG2 - SMALL4 completed
			gdp.bigm Transformation...
			gdp.bigm Transformation completed in 0 s
		 - Constructing Arc BIG2 - STORAGE completed
			gdp.bigm Transformation...
			gdp.bigm Transformation completed in 0 s
		 - Constructing Arc SMALL1 - BIG1 completed
			gdp.bigm Transformation...
			gdp.bigm Transformation completed in 0 s
		 - Constructing Arc SMALL1 - BIG2 completed
			gdp.bigm Transformation...
			gdp.bigm Transformation completed in 0 s
		 - Constructing Arc SMALL1 - SMALL2 completed
			gdp.bigm Transformation...
			gdp.bigm Transformation completed in 0 s
		 - Constructing Arc SMALL1 - SMALL3 completed
			gdp.bigm Transformation...
			gdp.bigm Transformation completed in 0 s
		 - Constructing Arc SMALL1 - SMALL4 completed
			gdp.bigm Transformation...
			gdp.bigm Transformation completed in 0 s
		 - Constructing Arc SMALL1 - STORAGE completed
			gdp.bigm Transformation...
			gdp.bigm Transformation completed in 0 s
		 - Constructing Arc SMALL2 - BIG1 completed
			gdp.bigm Transformation...
			gdp.bigm Transformation completed in 0 s
		 - Constructing Arc SMALL2 - BIG2 completed
			gdp.bigm Transformation...
			gdp.bigm Transformation completed in 0 s
		 - Constructing Arc SMALL2 - SMALL1 completed
			gdp.bigm Transformation...
			gdp.bigm Transformation completed in 0 s
		 - Constructing Arc SMALL2 - SMALL3 completed
			gdp.bigm Transformation...
			gdp.bigm Transformation completed in 0 s
		 - Constructing Arc SMALL2 - SMALL4 completed
			gdp.bigm Transformation...
			gdp.bigm Transformation completed in 0 s
		 - Constructing Arc SMALL2 - STORAGE completed
			gdp.bigm Transformation...
			gdp.bigm Transformation completed in 0 s
		 - Constructing Arc SMALL3 - BIG1 completed
			gdp.bigm Transformation...
			gdp.bigm Transformation completed in 0 s
		 - Constructing Arc SMALL3 - BIG2 completed
			gdp.bigm Transformation...
			gdp.bigm Transformation completed in 0 s
		 - Constructing Arc SMALL3 - SMALL1 completed
			gdp.bigm Transformation...
			gdp.bigm Transformation completed in 0 s
		 - Constructing Arc SMALL3 - SMALL2 completed
			gdp.bigm Transformation...
			gdp.bigm Transformation completed in 0 s
		 - Constructing Arc SMALL3 - SMALL4 completed
			gdp.bigm Transformation...
			gdp.bigm Transformation completed in 0 s
		 - Constructing Arc SMALL3 - STORAGE completed
			gdp.bigm Transformation...
			gdp.bigm Transformation completed in 0 s
		 - Constructing Arc SMALL4 - BIG1 completed
			gdp.bigm Transformation...
			gdp.bigm Transformation completed in 0 s
		 - Constructing Arc SMALL4 - BIG2 completed
			gdp.bigm Transformation...
			gdp.bigm Transformation completed in 0 s
		 - Constructing Arc SMALL4 - SMALL1 completed
			gdp.bigm Transformation...
			gdp.bigm Transformation completed in 0 s
		 - Constructing Arc SMALL4 - SMALL2 completed
			gdp.bigm Transformation...
			gdp.bigm Transformation completed in 0 s
		 - Constructing Arc SMALL4 - SMALL3 completed
			gdp.bigm Transformation...
			gdp.bigm Transformation completed in 0 s
		 - Constructing Arc SMALL4 - STORAGE completed
			gdp.bigm Transformation...
			gdp.bigm Transformation completed in 0 s
		 - Constructing Arc STORAGE - BIG1 completed
			gdp.bigm Transformation...
			gdp.bigm Transformation completed in 0 s
		 - Constructing Arc STORAGE - BIG2 completed
			gdp.bigm Transformation...
			gdp.bigm Transformation completed in 0 s
		 - Constructing Arc STORAGE - SMALL1 completed
			gdp.bigm Transformation...
			gdp.bigm Transformation completed in 0 s
		 - Constructing Arc STORAGE - SMALL2 completed
			gdp.bigm Transformation...
			gdp.bigm Transformation completed in 0 s
		 - Constructing Arc STORAGE - SMALL3 completed
			gdp.bigm Transformation...
			gdp.bigm Transformation completed in 0 s
		 - Constructing Arc STORAGE - SMALL4 completed
	 - Constructing Network hydrogenPipelineOnshore_highP completed
			gdp.bigm Transformation...
			gdp.bigm Transformation completed in 80 s
	 - Adding Technology Electrolyzer_big
			gdp.bigm Transformation...
			gdp.bigm Transformation completed in 0 s
	 - Adding Technology Storage_H2_highP
			gdp.bigm Transformation...
			gdp.bigm Transformation completed in 4 s
	 - Adding Compressor hydrogen_Compressor_hydrogenPipelineOnshore_lowP_hydrogenPipelineOnshore_lowP
	 - Adding Compressor hydrogen_Compressor_hydrogenPipelineOnshore_lowP_hydrogenPipelineOnshore_highP
	 - Adding Compressor hydrogen_Compressor_hydrogenPipelineOnshore_lowP_Storage_H2_highP
	 - Adding Compressor hydrogen_Compressor_hydrogenPipelineOnshore_lowP_Demand
	 - Adding Compressor hydrogen_Compressor_hydrogenPipelineOnshore_highP_hydrogenPipelineOnshore_lowP
	 - Adding Compressor hydrogen_Compressor_hydrogenPipelineOnshore_highP_hydrogenPipelineOnshore_highP
	 - Adding Compressor hydrogen_Compressor_hydrogenPipelineOnshore_highP_Storage_H2_highP
	 - Adding Compressor hydrogen_Compressor_hydrogenPipelineOnshore_highP_Demand
	 - Adding Compressor hydrogen_Compressor_Electrolyzer_big_hydrogenPipelineOnshore_lowP
	 - Adding Compressor hydrogen_Compressor_Electrolyzer_big_hydrogenPipelineOnshore_highP
	 - Adding Compressor hydrogen_Compressor_Electrolyzer_big_Storage_H2_highP
	 - Adding Compressor hydrogen_Compressor_Electrolyzer_big_Demand
	 - Adding Compressor hydrogen_Compressor_Storage_H2_highP_hydrogenPipelineOnshore_lowP
	 - Adding Compressor hydrogen_Compressor_Storage_H2_highP_hydrogenPipelineOnshore_highP
	 - Adding Compressor hydrogen_Compressor_Storage_H2_highP_Storage_H2_highP
	 - Adding Compressor hydrogen_Compressor_Storage_H2_highP_Demand
	 - Adding Compressor hydrogen_Compressor_Import_hydrogenPipelineOnshore_lowP
	 - Adding Compressor hydrogen_Compressor_Import_hydrogenPipelineOnshore_highP
	 - Adding Compressor hydrogen_Compressor_Import_Storage_H2_highP
	 - Adding Compressor hydrogen_Compressor_Import_Demand_existing
	 - Adding Technology Electrolyzer_big
			gdp.bigm Transformation...
			gdp.bigm Transformation completed in 0 s
	 - Adding Technology Storage_H2_highP
			gdp.bigm Transformation...
			gdp.bigm Transformation completed in 4 s
	 - Adding Compressor hydrogen_Compressor_hydrogenPipelineOnshore_lowP_hydrogenPipelineOnshore_lowP
	 - Adding Compressor hydrogen_Compressor_hydrogenPipelineOnshore_lowP_hydrogenPipelineOnshore_highP
	 - Adding Compressor hydrogen_Compressor_hydrogenPipelineOnshore_lowP_Storage_H2_highP
	 - Adding Compressor hydrogen_Compressor_hydrogenPipelineOnshore_lowP_Demand
	 - Adding Compressor hydrogen_Compressor_hydrogenPipelineOnshore_highP_hydrogenPipelineOnshore_lowP
	 - Adding Compressor hydrogen_Compressor_hydrogenPipelineOnshore_highP_hydrogenPipelineOnshore_highP
	 - Adding Compressor hydrogen_Compressor_hydrogenPipelineOnshore_highP_Storage_H2_highP
	 - Adding Compressor hydrogen_Compressor_hydrogenPipelineOnshore_highP_Demand
	 - Adding Compressor hydrogen_Compressor_Electrolyzer_big_hydrogenPipelineOnshore_lowP
	 - Adding Compressor hydrogen_Compressor_Electrolyzer_big_hydrogenPipelineOnshore_highP
	 - Adding Compressor hydrogen_Compressor_Electrolyzer_big_Storage_H2_highP
	 - Adding Compressor hydrogen_Compressor_Electrolyzer_big_Demand
	 - Adding Compressor hydrogen_Compressor_Storage_H2_highP_hydrogenPipelineOnshore_lowP
	 - Adding Compressor hydrogen_Compressor_Storage_H2_highP_hydrogenPipelineOnshore_highP
	 - Adding Compressor hydrogen_Compressor_Storage_H2_highP_Storage_H2_highP
	 - Adding Compressor hydrogen_Compressor_Storage_H2_highP_Demand
	 - Adding Compressor hydrogen_Compressor_Import_hydrogenPipelineOnshore_lowP
	 - Adding Compressor hydrogen_Compressor_Import_hydrogenPipelineOnshore_highP
	 - Adding Compressor hydrogen_Compressor_Import_Storage_H2_highP
	 - Adding Compressor hydrogen_Compressor_Import_Demand_existing
	 - Adding Technology Electrolyzer_small
	 - Adding Technology Storage_H2_lowP
			gdp.bigm Transformation...
			gdp.bigm Transformation completed in 4 s
	 - Adding Compressor hydrogen_Compressor_hydrogenPipelineOnshore_lowP_hydrogenPipelineOnshore_lowP
	 - Adding Compressor hydrogen_Compressor_hydrogenPipelineOnshore_lowP_hydrogenPipelineOnshore_highP
	 - Adding Compressor hydrogen_Compressor_hydrogenPipelineOnshore_lowP_Storage_H2_lowP
	 - Adding Compressor hydrogen_Compressor_hydrogenPipelineOnshore_lowP_Demand
	 - Adding Compressor hydrogen_Compressor_hydrogenPipelineOnshore_highP_hydrogenPipelineOnshore_lowP
	 - Adding Compressor hydrogen_Compressor_hydrogenPipelineOnshore_highP_hydrogenPipelineOnshore_highP
	 - Adding Compressor hydrogen_Compressor_hydrogenPipelineOnshore_highP_Storage_H2_lowP
	 - Adding Compressor hydrogen_Compressor_hydrogenPipelineOnshore_highP_Demand
	 - Adding Compressor hydrogen_Compressor_Electrolyzer_small_hydrogenPipelineOnshore_lowP
	 - Adding Compressor hydrogen_Compressor_Electrolyzer_small_hydrogenPipelineOnshore_highP
	 - Adding Compressor hydrogen_Compressor_Electrolyzer_small_Storage_H2_lowP
	 - Adding Compressor hydrogen_Compressor_Electrolyzer_small_Demand
	 - Adding Compressor hydrogen_Compressor_Storage_H2_lowP_hydrogenPipelineOnshore_lowP
	 - Adding Compressor hydrogen_Compressor_Storage_H2_lowP_hydrogenPipelineOnshore_highP
	 - Adding Compressor hydrogen_Compressor_Storage_H2_lowP_Storage_H2_lowP
	 - Adding Compressor hydrogen_Compressor_Storage_H2_lowP_Demand
	 - Adding Technology Electrolyzer_small
	 - Adding Technology Storage_H2_lowP
			gdp.bigm Transformation...
			gdp.bigm Transformation completed in 4 s
	 - Adding Compressor hydrogen_Compressor_hydrogenPipelineOnshore_lowP_hydrogenPipelineOnshore_lowP
	 - Adding Compressor hydrogen_Compressor_hydrogenPipelineOnshore_lowP_hydrogenPipelineOnshore_highP
	 - Adding Compressor hydrogen_Compressor_hydrogenPipelineOnshore_lowP_Storage_H2_lowP
	 - Adding Compressor hydrogen_Compressor_hydrogenPipelineOnshore_lowP_Demand
	 - Adding Compressor hydrogen_Compressor_hydrogenPipelineOnshore_highP_hydrogenPipelineOnshore_lowP
	 - Adding Compressor hydrogen_Compressor_hydrogenPipelineOnshore_highP_hydrogenPipelineOnshore_highP
	 - Adding Compressor hydrogen_Compressor_hydrogenPipelineOnshore_highP_Storage_H2_lowP
	 - Adding Compressor hydrogen_Compressor_hydrogenPipelineOnshore_highP_Demand
	 - Adding Compressor hydrogen_Compressor_Electrolyzer_small_hydrogenPipelineOnshore_lowP
	 - Adding Compressor hydrogen_Compressor_Electrolyzer_small_hydrogenPipelineOnshore_highP
	 - Adding Compressor hydrogen_Compressor_Electrolyzer_small_Storage_H2_lowP
	 - Adding Compressor hydrogen_Compressor_Electrolyzer_small_Demand
	 - Adding Compressor hydrogen_Compressor_Storage_H2_lowP_hydrogenPipelineOnshore_lowP
	 - Adding Compressor hydrogen_Compressor_Storage_H2_lowP_hydrogenPipelineOnshore_highP
	 - Adding Compressor hydrogen_Compressor_Storage_H2_lowP_Storage_H2_lowP
	 - Adding Compressor hydrogen_Compressor_Storage_H2_lowP_Demand
	 - Adding Technology Electrolyzer_small
	 - Adding Technology Storage_H2_lowP
			gdp.bigm Transformation...
			gdp.bigm Transformation completed in 4 s
	 - Adding Compressor hydrogen_Compressor_hydrogenPipelineOnshore_lowP_hydrogenPipelineOnshore_lowP
	 - Adding Compressor hydrogen_Compressor_hydrogenPipelineOnshore_lowP_hydrogenPipelineOnshore_highP
	 - Adding Compressor hydrogen_Compressor_hydrogenPipelineOnshore_lowP_Storage_H2_lowP
	 - Adding Compressor hydrogen_Compressor_hydrogenPipelineOnshore_lowP_Demand
	 - Adding Compressor hydrogen_Compressor_hydrogenPipelineOnshore_highP_hydrogenPipelineOnshore_lowP
	 - Adding Compressor hydrogen_Compressor_hydrogenPipelineOnshore_highP_hydrogenPipelineOnshore_highP
	 - Adding Compressor hydrogen_Compressor_hydrogenPipelineOnshore_highP_Storage_H2_lowP
	 - Adding Compressor hydrogen_Compressor_hydrogenPipelineOnshore_highP_Demand
	 - Adding Compressor hydrogen_Compressor_Electrolyzer_small_hydrogenPipelineOnshore_lowP
	 - Adding Compressor hydrogen_Compressor_Electrolyzer_small_hydrogenPipelineOnshore_highP
	 - Adding Compressor hydrogen_Compressor_Electrolyzer_small_Storage_H2_lowP
	 - Adding Compressor hydrogen_Compressor_Electrolyzer_small_Demand
	 - Adding Compressor hydrogen_Compressor_Storage_H2_lowP_hydrogenPipelineOnshore_lowP
	 - Adding Compressor hydrogen_Compressor_Storage_H2_lowP_hydrogenPipelineOnshore_highP
	 - Adding Compressor hydrogen_Compressor_Storage_H2_lowP_Storage_H2_lowP
	 - Adding Compressor hydrogen_Compressor_Storage_H2_lowP_Demand
	 - Adding Technology Electrolyzer_small
	 - Adding Technology Storage_H2_lowP
			gdp.bigm Transformation...
			gdp.bigm Transformation completed in 4 s
	 - Adding Compressor hydrogen_Compressor_hydrogenPipelineOnshore_lowP_hydrogenPipelineOnshore_lowP
	 - Adding Compressor hydrogen_Compressor_hydrogenPipelineOnshore_lowP_hydrogenPipelineOnshore_highP
	 - Adding Compressor hydrogen_Compressor_hydrogenPipelineOnshore_lowP_Storage_H2_lowP
	 - Adding Compressor hydrogen_Compressor_hydrogenPipelineOnshore_lowP_Demand
	 - Adding Compressor hydrogen_Compressor_hydrogenPipelineOnshore_highP_hydrogenPipelineOnshore_lowP
	 - Adding Compressor hydrogen_Compressor_hydrogenPipelineOnshore_highP_hydrogenPipelineOnshore_highP
	 - Adding Compressor hydrogen_Compressor_hydrogenPipelineOnshore_highP_Storage_H2_lowP
	 - Adding Compressor hydrogen_Compressor_hydrogenPipelineOnshore_highP_Demand
	 - Adding Compressor hydrogen_Compressor_Electrolyzer_small_hydrogenPipelineOnshore_lowP
	 - Adding Compressor hydrogen_Compressor_Electrolyzer_small_hydrogenPipelineOnshore_highP
	 - Adding Compressor hydrogen_Compressor_Electrolyzer_small_Storage_H2_lowP
	 - Adding Compressor hydrogen_Compressor_Electrolyzer_small_Demand
	 - Adding Compressor hydrogen_Compressor_Storage_H2_lowP_hydrogenPipelineOnshore_lowP
	 - Adding Compressor hydrogen_Compressor_Storage_H2_lowP_hydrogenPipelineOnshore_highP
	 - Adding Compressor hydrogen_Compressor_Storage_H2_lowP_Storage_H2_lowP
	 - Adding Compressor hydrogen_Compressor_Storage_H2_lowP_Demand
	 - Adding Technology Storage_H2_Cavern_existing
			gdp.bigm Transformation...
			gdp.bigm Transformation completed in 4 s
	 - Adding Compressor hydrogen_Compressor_hydrogenPipelineOnshore_lowP_hydrogenPipelineOnshore_lowP
	 - Adding Compressor hydrogen_Compressor_hydrogenPipelineOnshore_lowP_hydrogenPipelineOnshore_highP
	 - Adding Compressor hydrogen_Compressor_hydrogenPipelineOnshore_lowP_Storage_H2_Cavern_existing
	 - Adding Compressor hydrogen_Compressor_hydrogenPipelineOnshore_highP_hydrogenPipelineOnshore_lowP
	 - Adding Compressor hydrogen_Compressor_hydrogenPipelineOnshore_highP_hydrogenPipelineOnshore_highP
	 - Adding Compressor hydrogen_Compressor_hydrogenPipelineOnshore_highP_Storage_H2_Cavern_existing
	 - Adding Compressor hydrogen_Compressor_Storage_H2_Cavern_existing_hydrogenPipelineOnshore_lowP
	 - Adding Compressor hydrogen_Compressor_Storage_H2_Cavern_existing_hydrogenPipelineOnshore_highP
	 - Adding Compressor hydrogen_Compressor_Storage_H2_Cavern_existing_Storage_H2_Cavern_existing_existing
Constructing model completed in 608s
Constructing balances...
Constructing balances completed in 19s
Set objective on infrastructure due to willingness to pay
Set parameter OutputFlag to value 1
Set parameter LogFile to value "/gpfs/home3/scur1696/AdOpT-NET0-RegToNation/generic_node_optimization/results/parallel_creation_test_20251124_002357/task_000/t000_parallel_run_0006/userData/20251124011043-1/solver_log.txt"
Solver log file: /gpfs/home3/scur1696/AdOpT-NET0-RegToNation/generic_node_optimization/results/parallel_creation_test_20251124_002357/task_000/t000_parallel_run_0006/userData/20251124011043-1/solver_log.txt
Set parameter TimeLimit to value 180000
Set parameter MIPGap to value 0.01
Set parameter MIPFocus to value 0
Set parameter Threads to value 12
Set parameter NodefileStart to value 60
Set parameter Method to value -1
Set parameter Heuristics to value 0.05
Set parameter Presolve to value 1
Set parameter BranchDir to value 0
Set parameter LPWarmStart to value 0
Set parameter IntFeasTol to value 1e-05
Set parameter FeasibilityTol to value 1e-06
Set parameter Cuts to value -1
Set parameter NumericFocus to value 0
Gurobi Optimizer version 13.0.0 build v13.0.0rc1 (linux64 - "Red Hat Enterprise Linux 9.4 (Plow)")

CPU model: AMD EPYC 9654 96-Core Processor, instruction set [SSE2|AVX|AVX2|AVX512]
Thread count: 192 physical cores, 192 logical processors, using up to 12 threads

Non-default parameters:
TimeLimit  180000
MIPGap  0.01
LPWarmStart  0
NodefileStart  60
Presolve  1
Threads  12

Academic license 2729390 - for non-commercial use only - registered to m.___@uu.nl
Optimize a model with 9050179 rows, 6728544 columns and 21385595 nonzeros (Min)
Model fingerprint: 0xeb7f5836
Model has 1 linear objective coefficients
Variable types: 5869892 continuous, 858652 integer (858652 binary)
Coefficient statistics:
  Matrix range     [2e-03, 2e+08]
  Objective range  [1e+00, 1e+00]
  Bounds range     [5e-02, 6e+08]
  RHS range        [1e+00, 8e+09]
Warning: Model contains large matrix coefficients
Warning: Model contains large rhs
         Consider reformulating model or setting NumericFocus parameter
         to avoid numerical issues.
  481721    1.1597354e+08   0.000000e+00   2.658533e+08   2312s
Presolve removed 5361748 rows and 3924941 columns (presolve time = 5s)...
Presolve removed 5528318 rows and 4082751 columns (presolve time = 10s)...
Presolve removed 5528318 rows and 4082751 columns (presolve time = 15s)...
  481831    1.1596481e+08   0.000000e+00   2.370351e+08   2327s
Presolve removed 5528318 rows and 4082751 columns (presolve time = 20s)...
Presolve removed 5528318 rows and 4082751 columns (presolve time = 26s)...
  389126    1.1840591e+08   0.000000e+00   1.279289e+05   2360s
Presolve removed 5545984 rows and 4161642 columns (presolve time = 30s)...
  481941    1.1595582e+08   0.000000e+00   2.378349e+08   2343s
Presolve removed 5554859 rows and 4161684 columns (presolve time = 35s)...
Presolve removed 5554859 rows and 4161684 columns (presolve time = 40s)...
Presolve removed 5554859 rows and 4161684 columns
Presolve time: 42.86s
Presolved: 3495320 rows, 2566860 columns, 11519758 nonzeros
Waiting for other threads to finish...        2379s
  482041    1.1594886e+08   0.000000e+00   1.870917e+08   2358s
Variable types: 2137576 continuous, 429284 integer (429284 binary)
  482141    1.1594228e+08   0.000000e+00   8.491790e+07   2373s
Deterministic concurrent LP optimizer: primal simplex, dual simplex, and barrier
Showing barrier log only...

Root barrier log...

Ordering time: 3.44s

Barrier statistics:
 Dense cols : 103
 AA' NZ     : 1.544e+07
 Factor NZ  : 6.646e+07 (roughly 2.7 GB of memory)
 Factor Ops : 4.437e+09 (less than 1 second per iteration)
 Threads    : 9

                  Objective                Residual
Iter       Primal          Dual         Primal    Dual     Compl     Time
   0   9.88718929e+09 -2.54784997e+11  2.32e+09 9.71e+00  5.77e+07    82s
  482241    1.1593416e+08   0.000000e+00   8.370638e+07   2388s
   1   1.06449577e+10 -5.78965055e+11  2.25e+09 4.70e+01  5.50e+07    83s
   2   7.14978595e+09 -4.77620458e+11  1.32e+09 6.38e-01  3.24e+07    85s
   3   3.04542821e+09 -3.75942006e+11  1.23e+08 6.19e-06  2.91e+06    88s
   4   2.97559783e+09 -2.67394735e+11  2.17e+06 6.56e-06  9.01e+04    90s
   5   3.00263724e+09 -8.50441568e+10  3.64e+05 8.55e-07  1.91e+04    91s
   6   2.99931919e+09 -4.81780304e+10  2.62e+04 1.14e-03  8.12e+03    92s
   7   2.90952995e+09 -1.34408568e+10  1.11e+02 3.25e-04  2.50e+03    94s
   8   2.66988929e+09 -1.26710721e+10  3.26e+00 3.09e-04  2.35e+03    96s
  482341    1.1592644e+08   0.000000e+00   2.756947e+08   2403s
   9   2.15530284e+09 -8.52284017e+09  1.26e-07 2.23e-04  1.63e+03    98s
  10   1.31362425e+09 -4.79054952e+09  1.35e-06 1.30e-04  9.34e+02   100s
  389956    1.1840591e+08   0.000000e+00   8.985507e+04   2427s
  11   8.60396534e+08 -2.06795627e+09  9.70e-07 6.15e-05  4.48e+02   101s
  12   5.46714501e+08 -7.65031628e+08  7.38e-06 2.50e-05  2.01e+02   103s
  13   4.44819193e+08 -3.48041815e+08  4.76e-06 1.22e-05  1.21e+02   105s
  14   4.12220527e+08 -1.55515648e+08  4.48e-06 6.73e-06  8.69e+01   107s
  15   3.86351911e+08 -5.03521641e+07  3.54e-06 3.34e-06  6.68e+01   109s
  16   3.53561776e+08 -3.17568440e+07  3.33e-06 2.92e-06  5.90e+01   111s
Waiting for other threads to finish...        2442s
  482441    1.1591867e+08   0.000000e+00   2.531135e+08   2418s
  17   2.71874339e+08  3.59426143e+07  2.59e-06 1.34e-06  3.61e+01   114s
  18   2.61229707e+08  4.62687383e+07  2.43e-06 1.16e-06  3.29e+01   117s
  19   2.56854791e+08  6.85804009e+07  2.28e-06 9.29e-07  2.88e+01   119s
  20   2.21676338e+08  1.23409066e+08  1.89e-06 2.57e-07  1.50e+01   122s
  21   2.17542890e+08  1.26440825e+08  1.65e-06 2.31e-07  1.39e+01   125s
  482541    1.1591052e+08   0.000000e+00   2.325031e+08   2433s
  22   2.13055578e+08  1.35370349e+08  1.63e-06 1.51e-07  1.19e+01   129s
  23   1.92908743e+08  1.41217457e+08  1.16e-06 9.00e-08  7.91e+00   132s
  24   1.87700863e+08  1.44252247e+08  8.92e-07 6.38e-08  6.65e+00   133s
  25   1.84429820e+08  1.46089881e+08  7.99e-07 5.19e-08  5.87e+00   136s
  26   1.77478918e+08  1.50033962e+08  7.72e-07 3.20e-08  4.20e+00   139s
  482651    1.1590308e+08   0.000000e+00   8.254727e+07   2449s
  27   1.73460180e+08  1.52079666e+08  6.38e-06 1.84e-08  3.27e+00   148s
  28   1.68707586e+08  1.53959363e+08  6.31e-05 1.19e-08  2.26e+00   158s
  482751    1.1589649e+08   0.000000e+00   1.857739e+08   2464s
  390786    1.1840591e+08   0.000000e+00   1.060260e+05   2491s
  29   1.63435924e+08  1.55326109e+08  4.76e-04 4.89e-09  1.24e+00   167s
  482851    1.1589044e+08   0.000000e+00   2.330577e+08   2479s
  30   1.60019735e+08  1.56375145e+08  5.30e-04 9.55e-09  5.58e-01   175s
Waiting for other threads to finish...        2505s
  31   1.59306876e+08  1.56715052e+08  4.20e-04 1.66e-09  3.97e-01   181s
  32   1.58930509e+08  1.56865567e+08  3.58e-04 6.69e-10  3.16e-01   185s
  482951    1.1588464e+08   0.000000e+00   1.940130e+08   2494s
  33   1.58569031e+08  1.56951465e+08  2.89e-04 7.22e-09  2.48e-01   189s
  34   1.58326228e+08  1.57002490e+08  2.40e-04 1.40e-09  2.03e-01   193s
  35   1.58108960e+08  1.57075386e+08  1.91e-04 2.62e-09  1.58e-01   198s
  36   1.57949070e+08  1.57112619e+08  1.59e-04 8.61e-09  1.28e-01   203s
  483061    1.1587882e+08   0.000000e+00   8.487616e+07   2509s
  37   1.57763152e+08  1.57162200e+08  1.20e-04 2.15e-09  9.20e-02   209s
  38   1.57600039e+08  1.57199317e+08  8.21e-05 7.22e-09  6.13e-02   216s
  483161    1.1587237e+08   0.000000e+00   6.878305e+07   2524s
  391446    1.1840591e+08   0.000000e+00   9.296710e+04   2548s
  39   1.57463458e+08  1.57219459e+08  5.15e-05 3.10e-08  3.73e-02   222s
  40   1.57390767e+08  1.57229022e+08  3.45e-05 1.40e-09  2.48e-02   228s
  41   1.57325448e+08  1.57239142e+08  1.83e-05 9.60e-10  1.32e-02   231s
  483261    1.1586569e+08   0.000000e+00   1.833496e+08   2539s
  42   1.57292957e+08  1.57243587e+08  1.03e-05 1.93e-08  7.56e-03   234s
  43   1.57277379e+08  1.57246218e+08  6.46e-06 9.31e-10  4.77e-03   236s
  44   1.57267672e+08  1.57247343e+08  4.09e-06 1.75e-09  3.11e-03   238s
Waiting for other threads to finish...        2568s
  45   1.57260916e+08  1.57248495e+08  2.46e-06 3.96e-09  1.90e-03   240s
  46   1.57255699e+08  1.57249477e+08  1.22e-06 3.73e-09  9.52e-04   242s
  47   1.57252670e+08  1.57249709e+08  4.93e-07 1.28e-08  4.53e-04   246s
  483361    1.1586041e+08   0.000000e+00   2.874541e+08   2554s
  48   1.57251636e+08  1.57250171e+08  2.59e-07 1.14e-08  2.24e-04   249s
  49   1.57250954e+08  1.57250341e+08  1.70e-07 1.11e-09  9.39e-05   253s
  50   1.57250611e+08  1.57250395e+08  2.45e-07 3.17e-10  3.31e-05   256s
  51   1.57250522e+08  1.57250428e+08  4.04e-07 3.09e-09  1.44e-05   260s
  52   1.57250465e+08  1.57250440e+08  3.56e-07 3.69e-08  3.87e-06   263s
  483461    1.1585518e+08   0.000000e+00   2.177358e+08   2569s
  53   1.57250449e+08  1.57250443e+08  1.30e-06 4.19e-09  8.56e-07   265s
  54   1.57250445e+08  1.57250444e+08  4.63e-07 8.34e-07  1.97e-07   268s
  55   1.57250444e+08  1.57250444e+08  9.24e-07 1.28e-06  4.86e-08   271s
  56   1.57250444e+08  1.57250444e+08  3.73e-06 9.96e-07  1.17e-08   273s
  57   1.57250444e+08  1.57250444e+08  3.69e-06 1.02e-06  1.17e-08   276s

Barrier solved model in 57 iterations and 275.54 seconds (199.11 work units)
Optimal objective 1.57250444e+08


Root crossover log...

  279027 DPushes remaining with DInf 4.0799048e-06               277s
  483561    1.1584865e+08   0.000000e+00   5.652413e+08   2585s
  392276    1.1840591e+08   0.000000e+00   1.045152e+05   2616s
  483661    1.1584237e+08   0.000000e+00   1.268874e+08   2601s
Waiting for other threads to finish...        2631s
  483761    1.1583696e+08   0.000000e+00   2.161751e+08   2617s
  483871    1.1583041e+08   0.000000e+00   9.133190e+07   2633s
  483971    1.1582357e+08   0.000000e+00   1.895974e+08   2649s
  393106    1.1840591e+08   0.000000e+00   8.704896e+04   2679s
  484071    1.1581731e+08   0.000000e+00   6.080145e+08   2664s
Waiting for other threads to finish...        2695s
  484171    1.1581175e+08   0.000000e+00   3.512590e+09   2680s
  484271    1.1580550e+08   0.000000e+00   2.430865e+08   2696s
  112037 DPushes remaining with DInf 0.0000000e+00               397s
  484371    1.1579775e+08   0.000000e+00   1.961949e+08   2712s
  393856    1.1840591e+08   0.000000e+00   6.278867e+04   2739s
  484471    1.1579109e+08   0.000000e+00   2.196511e+08   2728s
Waiting for other threads to finish...        2758s
  484571    1.1578467e+08   0.000000e+00   1.859682e+08   2743s
  484671    1.1577739e+08   0.000000e+00   2.370308e+08   2760s
   75992 DPushes remaining with DInf 0.0000000e+00               456s
  394566    1.1840591e+08   0.000000e+00   4.596143e+04   2797s
  484781    1.1577163e+08   0.000000e+00   1.873490e+08   2775s
   69371 DPushes remaining with DInf 0.0000000e+00               472s
   67700 DPushes remaining with DInf 0.0000000e+00               477s
   66040 DPushes remaining with DInf 0.0000000e+00               482s
  484881    1.1576651e+08   0.000000e+00   2.339119e+08   2791s
   65210 DPushes remaining with DInf 0.0000000e+00               486s
   64380 DPushes remaining with DInf 0.0000000e+00               490s
Waiting for other threads to finish...        2821s
   62720 DPushes remaining with DInf 0.0000000e+00               500s
  484981    1.1576059e+08   0.000000e+00   1.418978e+08   2806s
   61890 DPushes remaining with DInf 0.0000000e+00               506s
   60230 DPushes remaining with DInf 0.0000000e+00               512s
   58570 DPushes remaining with DInf 0.0000000e+00               515s
  485121    1.1575667e+08   0.000000e+00   2.171989e+08   2822s
   51117 DPushes remaining with DInf 0.0000000e+00               524s
  485221    1.1575667e+08   0.000000e+00   2.185447e+08   2830s
  395326    1.1840591e+08   0.000000e+00   4.801632e+04   2858s
  485321    1.1575667e+08   0.000000e+00   2.172013e+08   2838s
   50287 DPushes remaining with DInf 0.0000000e+00               534s
  485421    1.1575667e+08   0.000000e+00   2.172034e+08   2846s
   49457 DPushes remaining with DInf 0.0000000e+00               544s
  485521    1.1575667e+08   0.000000e+00   2.191809e+08   2854s
   48627 DPushes remaining with DInf 0.0000000e+00               554s
Waiting for other threads to finish...        2884s
  485621    1.1575667e+08   0.000000e+00   2.172049e+08   2862s
   47797 DPushes remaining with DInf 0.0000000e+00               563s
  485721    1.1575667e+08   0.000000e+00   2.191816e+08   2870s
   46997 DPushes remaining with DInf 0.0000000e+00               572s
   46167 DPushes remaining with DInf 0.0000000e+00               579s
  485911    1.1575667e+08   0.000000e+00   2.200539e+08   2886s
   45337 DPushes remaining with DInf 0.0000000e+00               581s
   43677 DPushes remaining with DInf 0.0000000e+00               587s
   42017 DPushes remaining with DInf 0.0000000e+00               592s
  396156    1.1840591e+08   0.000000e+00   4.210675e+04   2923s
  486101    1.1575667e+08   0.000000e+00   2.202227e+08   2902s
   40357 DPushes remaining with DInf 0.0000000e+00               597s
   39527 DPushes remaining with DInf 0.0000000e+00               600s
  486201    1.1575667e+08   0.000000e+00   2.192887e+08   2910s
   37867 DPushes remaining with DInf 0.0000000e+00               605s
   36207 DPushes remaining with DInf 0.0000000e+00               611s
       0 DPushes remaining with DInf 0.0000000e+00               615s
Warning: Markowitz tolerance tightened to 0.5

  130710 PPushes remaining with PInf 5.9019591e-03               615s
Waiting for other threads to finish...        2947s
  486391    1.1575667e+08   0.000000e+00   2.172066e+08   2926s
   59023 PPushes remaining with PInf 6.0215663e-02               623s
   44346 PPushes remaining with PInf 3.3642454e-03               626s
   42119 PPushes remaining with PInf 3.3601594e-03               634s
  486541    1.1575539e+08   0.000000e+00   2.480644e+08   2941s
   40404 PPushes remaining with PInf 3.3580622e-03               639s
   35805 PPushes remaining with PInf 2.7720802e-04               644s
   32209 PPushes remaining with PInf 1.8321335e-04               645s
  486641    1.1575201e+08   0.000000e+00   1.853605e+08   2957s
  396966    1.1840591e+08   0.000000e+00   7.341563e+04   2985s
   27468 PPushes remaining with PInf 1.1966447e-04               663s
  486821    1.1575193e+08   0.000000e+00   1.918570e+08   2972s
Waiting for other threads to finish...        3011s
  486941    1.1574982e+08   0.000000e+00   2.314316e+08   2989s
   13592 PPushes remaining with PInf 8.1766550e-06               688s
    8090 PPushes remaining with PInf 5.5513629e-06               690s
       0 PPushes remaining with PInf 0.0000000e+00               694s

  Push phase complete: Pinf 0.0000000e+00, Dinf 6.6460366e+05    694s


Root simplex log...

Iteration    Objective       Primal Inf.    Dual Inf.      Time
  342210    1.5725044e+08   0.000000e+00   6.646037e+05    695s
  487061    1.1574766e+08   0.000000e+00   1.645291e+08   3004s
  342380    1.5725044e+08   0.000000e+00   4.037358e+05    701s
  342560    1.5725044e+08   0.000000e+00   4.004268e+05    706s
  342740    1.5725044e+08   0.000000e+00   2.355151e+05    711s
  487221    1.1574611e+08   0.000000e+00   2.134199e+08   3020s
  342920    1.5725044e+08   0.000000e+00   2.209569e+05    715s
  397796    1.1840591e+08   0.000000e+00   3.313039e+04   3047s
  343100    1.5725044e+08   0.000000e+00   2.443334e+05    720s
  343460    1.5725044e+08   0.000000e+00   1.940917e+05    730s
  487331    1.1574179e+08   0.000000e+00   2.357967e+08   3037s
  343650    1.5725044e+08   0.000000e+00   6.842251e+05    735s
  343830    1.5725044e+08   0.000000e+00   1.767045e+05    739s
  344010    1.5725044e+08   0.000000e+00   1.592676e+05    744s
Waiting for other threads to finish...        3074s
  344190    1.5725044e+08   0.000000e+00   1.595343e+05    749s
  487431    1.1573763e+08   0.000000e+00   2.085397e+08   3054s
  344370    1.5725044e+08   0.000000e+00   1.320906e+05    754s
  344560    1.5725044e+08   0.000000e+00   1.677729e+05    759s
  344740    1.5725044e+08   0.000000e+00   2.713415e+05    763s
  487531    1.1573267e+08   0.000000e+00   1.918229e+08   3071s
  344930    1.5725044e+08   0.000000e+00   1.166038e+05    768s
  345120    1.5725044e+08   0.000000e+00   1.444045e+05    773s
  345310    1.5725044e+08   0.000000e+00   1.383422e+05    778s
  398626    1.1840591e+08   0.000000e+00   3.051422e+04   3107s
  487631    1.1572840e+08   0.000000e+00   1.869913e+08   3088s
  345500    1.5725044e+08   0.000000e+00   8.845143e+04    783s
  345690    1.5725044e+08   0.000000e+00   7.292212e+04    788s
  345880    1.5725044e+08   0.000000e+00   5.057950e+04    793s
  346070    1.5725044e+08   0.000000e+00   3.591827e+04    797s
  487731    1.1572357e+08   0.000000e+00   2.333524e+08   3104s
  346260    1.5725044e+08   0.000000e+00   2.208090e+04    802s
  346450    1.5725044e+08   0.000000e+00   1.141764e+04    807s
Waiting for other threads to finish...        3137s
  346640    1.5725044e+08   0.000000e+00   9.060950e+03    812s
  346850    1.5725044e+08   0.000000e+00   3.812163e+03    818s
  487871    1.1571674e+08   0.000000e+00   1.448618e+08   3128s
  347150    1.5725044e+08   0.000000e+00   3.656210e+03    825s
  347550    1.5725044e+08   0.000000e+00   3.326305e+03    835s
  399456    1.1840591e+08   0.000000e+00   2.661949e+04   3169s
  347930    1.5725044e+08   0.000000e+00   2.860838e+03    844s
  488021    1.1570823e+08   0.000000e+00   1.254057e+08   3153s
  348330    1.5725044e+08   0.000000e+00   2.516135e+03    853s
  348690    1.5725044e+08   0.000000e+00   2.261662e+03    862s
Waiting for other threads to finish...        3200s
  349080    1.5725044e+08   0.000000e+00   2.063901e+03    871s
  488171    1.1570032e+08   0.000000e+00   1.155834e+08   3178s
  349490    1.5725044e+08   0.000000e+00   1.851978e+03    881s
  349890    1.5725044e+08   0.000000e+00   1.591360e+03    891s
  488321    1.1569345e+08   0.000000e+00   1.651120e+08   3203s
  350290    1.5725044e+08   0.000000e+00   1.431905e+03    902s
  400246    1.1840591e+08   0.000000e+00   2.379019e+04   3229s
  350700    1.5725044e+08   0.000000e+00   1.005731e+03    912s
  351090    1.5725044e+08   0.000000e+00   8.448860e+02    922s
  488471    1.1568560e+08   0.000000e+00   2.177635e+08   3229s
  351470    1.5725044e+08   0.000000e+00   7.673166e+02    932s
Waiting for other threads to finish...        3263s
  351860    1.5725044e+08   0.000000e+00   7.686242e+02    942s
  488621    1.1567763e+08   0.000000e+00   2.331028e+08   3254s
  352240    1.5725044e+08   0.000000e+00   7.200152e+02    951s
  352630    1.5725044e+08   0.000000e+00   6.209788e+02    961s
  401076    1.1840591e+08   0.000000e+00   3.828676e+05   3291s
  353050    1.5725044e+08   0.000000e+00   5.289203e+02    971s
  488771    1.1567137e+08   0.000000e+00   2.632426e+09   3279s
  353470    1.5725044e+08   0.000000e+00   3.525705e+02    980s
  353880    1.5725044e+08   0.000000e+00   2.917030e+02    990s
Waiting for other threads to finish...        3327s
  488921    1.1566626e+08   0.000000e+00   2.635242e+09   3303s
  354260    1.5725044e+08   0.000000e+00   2.162388e+02    999s
  354660    1.5725044e+08   0.000000e+00   1.615737e+02   1009s
  355040    1.5725044e+08   0.000000e+00   1.143620e+02   1019s
  401906    1.1840590e+08   0.000000e+00   7.888637e+05   3347s
  489071    1.1566121e+08   0.000000e+00   2.131009e+08   3326s
  355430    1.5725044e+08   0.000000e+00   1.029669e+02   1028s
  355810    1.5725044e+08   0.000000e+00   9.351542e+01   1038s
  489221    1.1565474e+08   0.000000e+00   2.221636e+09   3351s
  356210    1.5725044e+08   0.000000e+00   3.785298e+01   1049s
  356590    1.5725044e+08   0.000000e+00   2.468357e+01   1058s
Waiting for other threads to finish...        3390s
  356970    1.5725044e+08   0.000000e+00   1.423462e+01   1067s
  489371    1.1564968e+08   0.000000e+00   1.735492e+08   3374s
  357340    1.5725044e+08   0.000000e+00   6.946358e+00   1076s
  402736    1.1840590e+08   0.000000e+00   7.908544e+05   3410s
  357790    1.5725044e+08   0.000000e+00   1.742136e-01   1085s
  489481    1.1564699e+08   0.000000e+00   1.789614e+08   3390s
  358170    1.5725044e+08   0.000000e+00   9.501987e-02   1095s
  489611    1.1564420e+08   0.000000e+00   7.791404e+07   3407s
  358560    1.5725044e+08   0.000000e+00   1.571522e-02   1105s
  358674    1.5725044e+08   5.149729e+00   0.000000e+00   1108s
  358692    1.5725044e+08   0.000000e+00   0.000000e+00   1109s
Crossover time: 833.11 seconds (624.38 work units)
  489761    1.1564270e+08   0.000000e+00   2.357343e+08   3423s
Waiting for other threads to finish...        3453s
  489901    1.1564085e+08   0.000000e+00   1.132922e+09   3440s
  403566    1.1840590e+08   0.000000e+00   7.879411e+05   3467s
  490061    1.1563994e+08   0.000000e+00   1.111118e+09   3456s
  490171    1.1563554e+08   0.000000e+00   1.047565e+08   3472s
Waiting for other threads to finish...        1173s
Waiting for other threads to finish...        3516s
  490321    1.1562695e+08   0.000000e+00   1.963644e+08   3497s
  404396    1.1840590e+08   0.000000e+00   8.493112e+06   3524s
  490471    1.1562046e+08   0.000000e+00   2.347086e+08   3522s
Waiting for other threads to finish...        1236s
  404936    1.1840590e+08   0.000000e+00   3.252683e+05   3563s
  490621    1.1561252e+08   0.000000e+00   2.248140e+08   3547s
Waiting for other threads to finish...        3579s
  490771    1.1560525e+08   0.000000e+00   2.163799e+08   3571s
  405616    1.1840590e+08   0.000000e+00   2.544839e+05   3611s
  490921    1.1559839e+08   0.000000e+00   1.674752e+08   3596s
Waiting for other threads to finish...        1299s
Waiting for other threads to finish...        3643s
  491071    1.1559304e+08   0.000000e+00   1.583346e+08   3621s
  491201    1.1558976e+08   0.000000e+00   3.428076e+08   3638s
  406446    1.1840590e+08   0.000000e+00   2.277591e+05   3668s
Concurrent spin time: 233.64s (can be avoided by choosing Method=3)

Solved with barrier
  358692    1.5725044e+08   0.000000e+00   0.000000e+00   1345s

Root relaxation: objective 1.572504e+08, 358692 iterations, 1278.38 seconds (766.57 work units)
  491301    1.1558504e+08   0.000000e+00   3.188944e+08   3653s
  491401    1.1558132e+08   0.000000e+00   2.347048e+08   3669s
Waiting for other threads to finish...        3706s
  491511    1.1557630e+08   0.000000e+00   1.570178e+08   3686s
  491621    1.1557134e+08   0.000000e+00   2.346700e+08   3703s
  407276    1.1840590e+08   0.000000e+00   2.277879e+05   3728s
  491771    1.1556449e+08   0.000000e+00   5.887960e+07   3727s
Waiting for other threads to finish...        3769s
  491921    1.1555855e+08   0.000000e+00   2.346206e+08   3752s
  408106    1.1840590e+08   0.000000e+00   3.920204e+06   3788s
  492091    1.1555365e+08   0.000000e+00   2.345371e+08   3776s
  492191    1.1554848e+08   0.000000e+00   2.225542e+08   3793s
Waiting for other threads to finish...        3832s
  492291    1.1554374e+08   0.000000e+00   2.277414e+08   3810s
  408686    1.1840590e+08   0.000000e+00   9.937092e+06   3839s
  492391    1.1553874e+08   0.000000e+00   2.781599e+08   3826s
  492491    1.1553376e+08   0.000000e+00   2.320197e+08   3843s
  492591    1.1552938e+08   0.000000e+00   4.885703e+08   3859s
  409246    1.1840590e+08   0.000000e+00   1.042157e+07   3891s
Waiting for other threads to finish...        3895s
  492691    1.1552429e+08   0.000000e+00   2.286077e+08   3875s
  492791    1.1552004e+08   0.000000e+00   1.219377e+08   3891s
  492891    1.1551554e+08   0.000000e+00   2.294248e+08   3907s
  493001    1.1551006e+08   0.000000e+00   1.586550e+08   3924s
Waiting for other threads to finish...        3959s
  493101    1.1550768e+08   0.000000e+00   8.565525e+07   3940s
  410076    1.1840590e+08   0.000000e+00   1.617703e+04   3962s
  493221    1.1550552e+08   0.000000e+00   1.737535e+08   3957s
  493341    1.1550277e+08   0.000000e+00   1.678370e+08   3974s
  493441    1.1549965e+08   0.000000e+00   2.819260e+08   3990s
Waiting for other threads to finish...        4022s
  493541    1.1549683e+08   0.000000e+00   1.738829e+08   4008s
  410906    1.1840590e+08   0.000000e+00   1.477774e+04   4031s
  493641    1.1549386e+08   0.000000e+00   1.577028e+08   4024s
  493741    1.1549068e+08   0.000000e+00   1.759024e+08   4041s
  493841    1.1548714e+08   0.000000e+00   7.818192e+07   4058s
Waiting for other threads to finish...        4085s
  411736    1.1840590e+08   0.000000e+00   7.050564e+04   4094s
  493941    1.1548438e+08   0.000000e+00   1.435820e+08   4074s
  494041    1.1548161e+08   0.000000e+00   3.425015e+08   4091s
  494141    1.1547945e+08   0.000000e+00   8.318788e+07   4107s
  494241    1.1547644e+08   0.000000e+00   1.497431e+08   4123s
Waiting for other threads to finish...        4148s
  412566    1.1840590e+08   0.000000e+00   6.852604e+04   4156s
  494341    1.1547326e+08   0.000000e+00   1.747372e+08   4140s
  494441    1.1547039e+08   0.000000e+00   1.759724e+08   4157s
  494541    1.1546678e+08   0.000000e+00   8.154351e+07   4174s
Waiting for other threads to finish...        4211s
  494641    1.1546410e+08   0.000000e+00   7.242888e+07   4191s
  413396    1.1840590e+08   0.000000e+00   1.019652e+04   4220s
  494741    1.1546165e+08   0.000000e+00   1.069421e+08   4208s
  494851    1.1546044e+08   0.000000e+00   5.404250e+07   4224s
  494991    1.1545987e+08   0.000000e+00   8.217831e+07   4240s
Waiting for other threads to finish...        4275s
  495171    1.1545961e+08   0.000000e+00   8.706604e+07   4258s
  414226    1.1840589e+08   0.000000e+00   6.842661e+04   4283s
  495351    1.1545944e+08   0.000000e+00   1.188186e+08   4274s
  495531    1.1545940e+08   0.000000e+00   8.196779e+07   4290s
  495631    1.1545939e+08   0.000000e+00   7.974895e+07   4299s
Waiting for other threads to finish...        4338s
  495811    1.1545929e+08   0.000000e+00   6.388745e+07   4316s
  415056    1.1840589e+08   0.000000e+00   7.359760e+06   4343s
  495911    1.1545927e+08   0.000000e+00   6.085672e+07   4324s
  496051    1.1545887e+08   0.000000e+00   7.888532e+07   4340s
  496201    1.1545835e+08   0.000000e+00   7.495006e+08   4355s
  496381    1.1545835e+08   0.000000e+00   8.717102e+08   4371s
Waiting for other threads to finish...        4401s
  415736    1.1840589e+08   0.000000e+00   8.159825e+06   4401s
  496561    1.1545835e+08   0.000000e+00   7.479482e+08   4388s
  496741    1.1545835e+08   0.000000e+00   7.479471e+08   4404s
  496921    1.1545828e+08   0.000000e+00   7.612959e+08   4421s
  497061    1.1545756e+08   0.000000e+00   7.518207e+07   4439s
Waiting for other threads to finish...        4464s
  416566    1.1840589e+08   0.000000e+00   8.441507e+06   4463s
  497211    1.1545698e+08   0.000000e+00   1.594220e+09   4456s
  497361    1.1545645e+08   0.000000e+00   9.052794e+07   4473s
  497501    1.1545551e+08   0.000000e+00   1.333762e+09   4490s
Waiting for other threads to finish...        4527s
  497631    1.1545473e+08   0.000000e+00   9.875112e+08   4506s
  417396    1.1840589e+08   0.000000e+00   7.931074e+03   4532s
  497791    1.1545427e+08   0.000000e+00   9.499187e+08   4524s
  497891    1.1545256e+08   0.000000e+00   4.808308e+07   4541s
  497991    1.1545080e+08   0.000000e+00   2.403422e+07   4558s
Waiting for other threads to finish...        4591s
  498091    1.1544899e+08   0.000000e+00   4.919365e+07   4575s
  418226    1.1840588e+08   0.000000e+00   6.153377e+03   4598s
  498191    1.1544711e+08   0.000000e+00   6.393739e+07   4593s
  498291    1.1544557e+08   0.000000e+00   2.743672e+07   4610s
  498391    1.1544404e+08   0.000000e+00   1.071519e+08   4627s
Waiting for other threads to finish...        4654s
  419056    1.1840585e+08   0.000000e+00   7.644846e+03   4657s
  498531    1.1544331e+08   0.000000e+00   9.854113e+07   4645s
  498631    1.1544173e+08   0.000000e+00   2.993295e+07   4661s
  498731    1.1544015e+08   0.000000e+00   5.383268e+07   4679s
Waiting for other threads to finish...        4717s
  419886    1.1840585e+08   0.000000e+00   1.237638e+04   4717s
  498831    1.1543865e+08   0.000000e+00   6.760390e+07   4696s
  498931    1.1543736e+08   0.000000e+00   1.882064e+08   4713s
  499031    1.1543589e+08   0.000000e+00   1.753246e+07   4731s
  499151    1.1543464e+08   0.000000e+00   6.510767e+07   4748s
Waiting for other threads to finish...        4780s
  420716    1.1840585e+08   0.000000e+00   8.341761e+03   4779s
  499251    1.1543286e+08   0.000000e+00   6.546159e+07   4765s
  499351    1.1543144e+08   0.000000e+00   1.105301e+07   4783s
  499451    1.1542980e+08   0.000000e+00   1.325908e+08   4801s
  499551    1.1542809e+08   0.000000e+00   1.042258e+08   4819s
Waiting for other threads to finish...        4843s
  421546    1.1840585e+08   0.000000e+00   6.206957e+03   4842s
  499651    1.1542631e+08   0.000000e+00   6.431897e+07   4836s
  499751    1.1542443e+08   0.000000e+00   6.554911e+07   4854s
  499851    1.1542276e+08   0.000000e+00   1.303396e+08   4871s
  422376    1.1840584e+08   0.000000e+00   6.138480e+03   4904s
Waiting for other threads to finish...        4906s
  499981    1.1542191e+08   0.000000e+00   1.936921e+07   4888s
  500091    1.1542035e+08   0.000000e+00   1.002330e+08   4905s
  500191    1.1541890e+08   0.000000e+00   1.155300e+07   4921s
  500291    1.1541717e+08   0.000000e+00   3.054814e+07   4937s
  423206    1.1840584e+08   0.000000e+00   5.083140e+03   4962s
Waiting for other threads to finish...        4970s
  500391    1.1541552e+08   0.000000e+00   7.039433e+07   4953s
  500491    1.1541384e+08   0.000000e+00   9.729943e+07   4969s
  500601    1.1541184e+08   0.000000e+00   4.611222e+07   4986s
  424036    1.1840583e+08   0.000000e+00   4.407149e+03   5022s
  500701    1.1540996e+08   0.000000e+00   7.045455e+07   5003s
Waiting for other threads to finish...        5033s
  500811    1.1540835e+08   0.000000e+00   4.526960e+07   5020s
  500911    1.1540674e+08   0.000000e+00   1.532046e+07   5037s
  501021    1.1540498e+08   0.000000e+00   6.548145e+07   5054s
  424866    1.1840583e+08   0.000000e+00   4.158332e+03   5083s
  501121    1.1540314e+08   0.000000e+00   7.010571e+07   5070s
Waiting for other threads to finish...        5096s
  501221    1.1540119e+08   0.000000e+00   1.897582e+07   5087s
  501321    1.1539949e+08   0.000000e+00   4.762096e+07   5103s
  501431    1.1539770e+08   0.000000e+00   2.181284e+07   5121s
  425696    1.1840583e+08   0.000000e+00   4.442395e+03   5145s
Waiting for other threads to finish...        5159s
  501531    1.1539613e+08   0.000000e+00   1.287091e+07   5138s
  501631    1.1539462e+08   0.000000e+00   6.396806e+07   5154s
  501741    1.1539276e+08   0.000000e+00   6.555362e+07   5171s
  426526    1.1840583e+08   0.000000e+00   4.277900e+03   5204s
  501851    1.1539087e+08   0.000000e+00   7.172263e+07   5189s
Waiting for other threads to finish...        5222s
  501951    1.1538912e+08   0.000000e+00   4.977392e+07   5205s
  502051    1.1538690e+08   0.000000e+00   1.280115e+07   5222s
  502151    1.1538523e+08   0.000000e+00   4.347881e+07   5238s
  427356    1.1840583e+08   0.000000e+00   3.509836e+03   5266s
  502251    1.1538334e+08   0.000000e+00   4.053193e+07   5255s
Waiting for other threads to finish...        5286s
  502351    1.1538160e+08   0.000000e+00   1.654071e+07   5271s
  502451    1.1537959e+08   0.000000e+00   3.386916e+07   5288s
  428186    1.1840583e+08   0.000000e+00   1.127388e+04   5325s
  502571    1.1537783e+08   0.000000e+00   7.121362e+07   5304s
  502751    1.1537778e+08   0.000000e+00   7.000403e+07   5321s
Waiting for other threads to finish...        5349s
  502921    1.1537737e+08   0.000000e+00   7.635644e+07   5337s
  503101    1.1537737e+08   0.000000e+00   7.432914e+07   5354s
  429016    1.1840583e+08   0.000000e+00   5.776704e+03   5385s
  503281    1.1537737e+08   0.000000e+00   7.432577e+07   5371s
  503461    1.1537737e+08   0.000000e+00   7.634000e+07   5387s
Waiting for other threads to finish...        5412s
  503641    1.1537737e+08   0.000000e+00   7.432510e+07   5404s
  503831    1.1537737e+08   0.000000e+00   7.432481e+07   5421s
  429846    1.1840583e+08   0.000000e+00   2.787417e+03   5444s
  503931    1.1537737e+08   0.000000e+00   7.633680e+07   5430s
  504031    1.1537737e+08   0.000000e+00   7.432487e+07   5439s
  504131    1.1537737e+08   0.000000e+00   7.432354e+07   5449s
Waiting for other threads to finish...        5475s
  504321    1.1537737e+08   0.000000e+00   7.349411e+07   5466s
  504421    1.1537737e+08   0.000000e+00   7.429924e+07   5475s
  430676    1.1840583e+08   0.000000e+00   2.830025e+03   5506s
  504601    1.1537737e+08   0.000000e+00   7.547849e+07   5492s
  504791    1.1537737e+08   0.000000e+00   7.547666e+07   5509s
Waiting for other threads to finish...        5538s
  504891    1.1537737e+08   0.000000e+00   7.429187e+07   5518s
  504991    1.1537737e+08   0.000000e+00   7.547604e+07   5527s
  505171    1.1537737e+08   0.000000e+00   7.429086e+07   5544s
  431506    1.1840583e+08   0.000000e+00   2.980897e+03   5567s
  505271    1.1537737e+08   0.000000e+00   7.348484e+07   5553s
  505461    1.1537737e+08   0.000000e+00   7.547360e+07   5571s
Waiting for other threads to finish...        5602s
  505561    1.1537737e+08   0.000000e+00   7.348472e+07   5580s
  505751    1.1537737e+08   0.000000e+00   7.348471e+07   5597s
  432336    1.1840582e+08   0.000000e+00   1.928245e+03   5629s
  505931    1.1537737e+08   0.000000e+00   7.348467e+07   5614s
  506031    1.1537737e+08   0.000000e+00   7.547336e+07   5623s
  506221    1.1537737e+08   0.000000e+00   7.547324e+07   5640s
Waiting for other threads to finish...        5665s
  506321    1.1537737e+08   0.000000e+00   7.547321e+07   5649s
  506421    1.1537737e+08   0.000000e+00   7.547308e+07   5658s
  433166    1.1840582e+08   0.000000e+00   1.928283e+03   5689s
  506521    1.1537737e+08   0.000000e+00   7.348450e+07   5667s
  506711    1.1537737e+08   0.000000e+00   7.547259e+07   5685s
  506811    1.1537737e+08   0.000000e+00   7.547250e+07   5694s
  506911    1.1537737e+08   0.000000e+00   7.547229e+07   5703s
Waiting for other threads to finish...        5728s
  507011    1.1537737e+08   0.000000e+00   7.547219e+07   5712s
  433996    1.1840582e+08   0.000000e+00   1.944766e+03   5749s
  507201    1.1537737e+08   0.000000e+00   7.348433e+07   5729s
  507301    1.1537737e+08   0.000000e+00   7.348432e+07   5738s
  507401    1.1537737e+08   0.000000e+00   7.348431e+07   5747s
  507561    1.1537515e+08   0.000000e+00   2.734540e+07   5764s
Waiting for other threads to finish...        5791s
  507741    1.1537512e+08   0.000000e+00   2.313049e+07   5781s
  434826    1.1840582e+08   0.000000e+00   2.297250e+03   5808s
  507871    1.1536681e+08   0.000000e+00   1.282485e+08   5798s
  508041    1.1536563e+08   0.000000e+00   5.605919e+07   5815s
Waiting for other threads to finish...        5854s
  508171    1.1536312e+08   0.000000e+00   1.274038e+08   5833s
  435616    1.1840582e+08   0.000000e+00   1.321862e+03   5870s
  508311    1.1536002e+08   0.000000e+00   2.546284e+08   5849s
  508411    1.1536002e+08   0.000000e+00   2.543812e+08   5858s
  508581    1.1535719e+08   0.000000e+00   2.638029e+08   5874s
  508681    1.1535639e+08   0.000000e+00   5.508344e+07   5883s
  508781    1.1535639e+08   0.000000e+00   5.511947e+07   5891s
Waiting for other threads to finish...        5918s
  508881    1.1535638e+08   0.000000e+00   5.511949e+07   5899s
  508981    1.1535638e+08   0.000000e+00   5.508345e+07   5907s
  436446    1.1840582e+08   0.000000e+00   1.883495e+03   5931s
  509081    1.1535638e+08   0.000000e+00   5.508346e+07   5915s
  509181    1.1535638e+08   0.000000e+00   5.508348e+07   5924s
  509281    1.1535638e+08   0.000000e+00   5.508349e+07   5932s
  509381    1.1535638e+08   0.000000e+00   5.570705e+07   5940s
  509481    1.1535638e+08   0.000000e+00   5.526951e+07   5948s
Waiting for other threads to finish...        5981s
  509651    1.1535434e+08   0.000000e+00   6.099972e+07   5964s
  437276    1.1840582e+08   0.000000e+00   2.643316e+03   5991s
  509811    1.1535126e+08   0.000000e+00   2.678236e+08   5980s
  510001    1.1535039e+08   0.000000e+00   3.555175e+08   5996s
  510101    1.1535039e+08   0.000000e+00   3.562447e+08   6005s
Waiting for other threads to finish...        6044s
  510281    1.1534915e+08   0.000000e+00   4.639861e+07   6021s
  438106    1.1840582e+08   0.000000e+00   5.369809e+03   6051s
  510381    1.1534898e+08   0.000000e+00   4.772859e+07   6030s
  510541    1.1534823e+08   0.000000e+00   8.700405e+06   6047s
  510691    1.1534733e+08   0.000000e+00   1.172744e+07   6063s
  510851    1.1534644e+08   0.000000e+00   1.157237e+07   6079s
Waiting for other threads to finish...        6107s
  438936    1.1840582e+08   0.000000e+00   3.721368e+03   6112s
  511011    1.1534558e+08   0.000000e+00   1.635076e+07   6096s
  511161    1.1534475e+08   0.000000e+00   9.128601e+06   6112s
  511331    1.1534430e+08   0.000000e+00   1.016380e+07   6129s
  511481    1.1534417e+08   0.000000e+00   1.405290e+07   6146s
Waiting for other threads to finish...        6170s
  439766    1.1840582e+08   0.000000e+00   4.215775e+02   6174s
  511591    1.1534362e+08   0.000000e+00   1.055769e+07   6163s
  511741    1.1534339e+08   0.000000e+00   2.384033e+07   6181s
  511851    1.1534303e+08   0.000000e+00   1.125172e+07   6197s
Waiting for other threads to finish...        6234s
  440596    1.1840582e+08   0.000000e+00   2.379012e+02   6233s
  512031    1.1534293e+08   0.000000e+00   1.343783e+07   6214s
  512131    1.1534293e+08   0.000000e+00   1.300409e+07   6223s
  512231    1.1534293e+08   0.000000e+00   1.300409e+07   6232s
  512331    1.1534287e+08   0.000000e+00   9.293489e+06   6241s
  512441    1.1534238e+08   0.000000e+00   2.115809e+07   6258s
  441426    1.1840582e+08   0.000000e+00   1.602553e+02   6292s
Waiting for other threads to finish...        6297s
  512571    1.1534205e+08   0.000000e+00   3.219664e+07   6275s
  512691    1.1534160e+08   0.000000e+00   2.630815e+07   6292s
  512811    1.1534103e+08   0.000000e+00   2.192490e+07   6309s
  512921    1.1534057e+08   0.000000e+00   2.367102e+07   6326s
  442256    1.1840582e+08   0.000000e+00   3.570567e+03   6353s
Waiting for other threads to finish...        6360s
  513071    1.1534033e+08   0.000000e+00   9.034603e+06   6343s
  513191    1.1533947e+08   0.000000e+00   1.002037e+07   6360s
  513311    1.1533853e+08   0.000000e+00   7.977201e+06   6377s
  443086    1.1840582e+08   0.000000e+00   6.467784e+01   6411s

    Nodes    |    Current Node    |     Objective Bounds      |     Work
 Expl Unexpl |  Obj  Depth IntInf | Incumbent    BestBd   Gap | It/Node Time

     0     0 1.5725e+08    0    7          - 1.5725e+08      -     - 4086s
  513451    1.1533798e+08   0.000000e+00   1.410178e+07   6395s
Waiting for other threads to finish...        6423s
  513571    1.1533725e+08   0.000000e+00   8.601184e+06   6412s
  513701    1.1533661e+08   0.000000e+00   1.688803e+07   6428s
  513801    1.1533585e+08   0.000000e+00   9.450325e+06   6444s
  443916    1.1840582e+08   0.000000e+00   2.405779e+01   6471s
  513981    1.1533555e+08   0.000000e+00   2.145454e+08   6461s
Waiting for other threads to finish...        6486s
  514081    1.1533553e+08   0.000000e+00   2.167134e+08   6469s
  514181    1.1533553e+08   0.000000e+00   2.167134e+08   6477s
  514281    1.1533553e+08   0.000000e+00   2.167134e+08   6486s
  514381    1.1533553e+08   0.000000e+00   2.167134e+08   6494s
  444706    1.1840582e+08   0.000000e+00   8.844310e+00   6529s
  514571    1.1533479e+08   0.000000e+00   6.342282e+06   6511s
  514671    1.1533425e+08   0.000000e+00   2.301328e+07   6520s
Waiting for other threads to finish...        6550s
  514771    1.1533373e+08   0.000000e+00   1.277824e+07   6528s
  514871    1.1533331e+08   0.000000e+00   1.758095e+07   6536s
  514971    1.1533259e+08   0.000000e+00   1.342813e+07   6544s
  515071    1.1533214e+08   0.000000e+00   4.012774e+07   6552s
  515171    1.1533196e+08   0.000000e+00   3.778071e+06   6560s
  445506    1.1840582e+08   0.000000e+00   6.615865e+00   6589s
  515271    1.1533194e+08   0.000000e+00   5.953352e+06   6569s
  515371    1.1533177e+08   0.000000e+00   5.903786e+06   6577s
  515471    1.1533107e+08   0.000000e+00   9.247000e+06   6585s
Waiting for other threads to finish...        6613s
  515571    1.1533046e+08   0.000000e+00   1.565511e+07   6593s
  515761    1.1532946e+08   0.000000e+00   2.386885e+07   6610s
  515861    1.1532872e+08   0.000000e+00   1.864530e+07   6618s
  446336    1.1840582e+08   0.000000e+00   5.023670e+00   6651s
  516051    1.1532796e+08   0.000000e+00   1.294034e+09   6635s
  516151    1.1532739e+08   0.000000e+00   6.010591e+07   6644s
Waiting for other threads to finish...        6676s
  516261    1.1532666e+08   0.000000e+00   1.890530e+07   6653s
  516371    1.1532598e+08   0.000000e+00   7.181019e+06   6662s
  516481    1.1532512e+08   0.000000e+00   6.273458e+06   6671s
  516591    1.1532441e+08   0.000000e+00   8.814985e+06   6680s
  516691    1.1532385e+08   0.000000e+00   1.137919e+08   6688s
  447166    1.1840582e+08   0.000000e+00   3.640576e+00   6713s
  516791    1.1532327e+08   0.000000e+00   9.794935e+06   6704s
Waiting for other threads to finish...        6739s
  516961    1.1532291e+08   0.000000e+00   1.971072e+07   6721s
  517131    1.1532263e+08   0.000000e+00   9.132690e+07   6738s
  517241    1.1532263e+08   0.000000e+00   9.051237e+07   6747s
  447996    1.1840582e+08   0.000000e+00   2.189204e+00   6774s
  517351    1.1532263e+08   0.000000e+00   9.051129e+07   6756s
  517471    1.1532207e+08   0.000000e+00   1.562129e+07   6773s
Waiting for other threads to finish...        6802s
  517591    1.1532141e+08   0.000000e+00   1.540142e+07   6789s
  517711    1.1532056e+08   0.000000e+00   1.703772e+07   6807s
  448826    1.1840582e+08   0.000000e+00   1.202750e+00   6836s
  517821    1.1531969e+08   0.000000e+00   7.181255e+06   6824s
H    0     0                    1.573287e+08 1.5725e+08  0.05%     - 4529s
  517921    1.1531885e+08   0.000000e+00   1.445261e+07   6840s
Waiting for other threads to finish...        6866s
  518021    1.1531826e+08   0.000000e+00   1.081834e+07   6856s
  518131    1.1531744e+08   0.000000e+00   2.338625e+07   6874s
  449656    1.1840582e+08   0.000000e+00   1.581912e+02   6899s
  518251    1.1531636e+08   0.000000e+00   9.433626e+07   6893s
Waiting for other threads to finish...        6929s
  518441    1.1531569e+08   0.000000e+00   1.332100e+07   6911s
  518541    1.1531535e+08   0.000000e+00   3.876798e+06   6921s
  450300    1.1840591e+08   1.806336e+02   0.000000e+00   6950s
  518641    1.1531500e+08   0.000000e+00   2.410958e+06   6931s
  518741    1.1531477e+08   0.000000e+00   2.255549e+08   6941s
  518841    1.1531447e+08   0.000000e+00   4.316555e+06   6950s
  451130    1.1840591e+08   1.134236e+01   0.000000e+00   6978s
  518941    1.1531418e+08   0.000000e+00   8.892367e+06   6960s
Waiting for other threads to finish...        6992s
  519051    1.1531393e+08   0.000000e+00   1.032517e+07   6970s
  451517    1.1840591e+08   0.000000e+00   0.000000e+00   7001s
  519161    1.1531353e+08   0.000000e+00   2.749504e+06   6980s
Crossover time: 6603.99 seconds (6966.28 work units)
  519271    1.1531315e+08   0.000000e+00   5.258518e+06   6991s
  519371    1.1531278e+08   0.000000e+00   5.345463e+06   7000s
  519481    1.1531235e+08   0.000000e+00   2.943260e+06   7010s
  519591    1.1531197e+08   0.000000e+00   2.704932e+06   7020s
Waiting for other threads to finish...        7055s
  519771    1.1531134e+08   0.000000e+00   3.305210e+06   7040s
Waiting for other threads to finish...        7068s
  519951    1.1531088e+08   0.000000e+00   1.395744e+07   7059s
  520131    1.1531030e+08   0.000000e+00   1.158159e+08   7078s
Waiting for other threads to finish...        7118s
  520261    1.1530979e+08   0.000000e+00   4.008880e+06   7096s
Waiting for other threads to finish...        7131s
  520391    1.1530936e+08   0.000000e+00   1.779615e+07   7114s
  520521    1.1530886e+08   0.000000e+00   3.739559e+06   7132s
  520651    1.1530822e+08   0.000000e+00   6.581618e+06   7151s
Waiting for other threads to finish...        7182s
  520781    1.1530762e+08   0.000000e+00   4.202286e+06   7170s
Waiting for other threads to finish...        7194s
  520911    1.1530713e+08   0.000000e+00   3.431268e+06   7189s
  521081    1.1530698e+08   0.000000e+00   6.344843e+06   7207s
  521181    1.1530698e+08   0.000000e+00   6.345161e+06   7217s
Waiting for other threads to finish...        7245s
  521281    1.1530698e+08   0.000000e+00   6.345359e+06   7226s
  521381    1.1530698e+08   0.000000e+00   6.345395e+06   7236s
Waiting for other threads to finish...        7258s
  521531    1.1530686e+08   0.000000e+00   1.053805e+07   7254s
  521701    1.1530682e+08   0.000000e+00   7.074221e+06   7273s
  521811    1.1530681e+08   0.000000e+00   2.784916e+06   7283s
Waiting for other threads to finish...        7308s
  521911    1.1530672e+08   0.000000e+00   4.055769e+06   7293s
Waiting for other threads to finish...        7321s
  522021    1.1530669e+08   0.000000e+00   1.352100e+06   7303s
  522191    1.1530634e+08   0.000000e+00   9.087968e+05   7322s
  522291    1.1530630e+08   0.000000e+00   5.346583e+06   7331s
  522391    1.1530630e+08   0.000000e+00   5.324442e+06   7340s
Waiting for other threads to finish...        7371s
  522491    1.1530630e+08   0.000000e+00   5.324453e+06   7350s

Explored 1 nodes (462887 simplex iterations) in 5052.91 seconds (4202.13 work units)
Thread count was 12 (of 192 available processors)

Solution count 1: 1.57329e+08 

Optimal solution found (tolerance 1.00e-02)
Warning: max constraint violation (9.2608e-04) exceeds tolerance
Best objective 1.573286606485e+08, best bound 1.572504438681e+08, gap 0.0497%
Set parameter LogFile to value ""
  522591    1.1530630e+08   0.000000e+00   5.324500e+06   7359s
Waiting for other threads to finish...        7384s
  522691    1.1530628e+08   0.000000e+00   1.004277e+06   7369s
  522861    1.1530604e+08   0.000000e+00   1.679681e+06   7387s
  523051    1.1530570e+08   0.000000e+00   2.509683e+06   7406s
Waiting for other threads to finish...        7434s
  523151    1.1530557e+08   0.000000e+00   9.473790e+05   7416s
  523251    1.1530539e+08   0.000000e+00   1.241792e+06   7425s
Waiting for other threads to finish...        7447s
  523351    1.1530523e+08   0.000000e+00   2.073856e+06   7435s
  523451    1.1530509e+08   0.000000e+00   1.989834e+06   7445s
  523551    1.1530494e+08   0.000000e+00   3.517372e+06   7454s
  523651    1.1530476e+08   0.000000e+00   1.839467e+06   7464s
Waiting for other threads to finish...        7498s
  523751    1.1530459e+08   0.000000e+00   2.074878e+06   7474s
  523851    1.1530445e+08   0.000000e+00   1.067075e+07   7484s
Waiting for other threads to finish...        7510s
  523951    1.1530429e+08   0.000000e+00   3.344091e+06   7493s
  524051    1.1530415e+08   0.000000e+00   9.452979e+05   7503s
# ==========================================================
# = Solver Results                                         =
# ==========================================================
# ----------------------------------------------------------
#   Problem Information
# ----------------------------------------------------------
Problem: 
- Name: unknown
  Lower bound: 157250443.868132
  Upper bound: 157328660.64849195
  Number of objectives: 1
  Number of constraints: 9050179
  Number of variables: 6728544
  Number of binary variables: 858652
  Number of integer variables: 858652
  Number of continuous variables: 5011240
  Number of nonzeros: 21385595
  Sense: minimize
  Number of solutions: 1
# ----------------------------------------------------------
#   Solver Information
# ----------------------------------------------------------
Solver: 
- Name: Gurobi 13.00
  Status: ok
  Wallclock time: 5053.027091026306
  Termination condition: optimal
  Termination message: Model was solved to optimality (subject to tolerances), and an optimal solution is available.
# ----------------------------------------------------------
#   Solution Information
# ----------------------------------------------------------
Solution: 
- number of solutions: 0
  number of solutions displayed: 0
Writing results to /gpfs/home3/scur1696/AdOpT-NET0-RegToNation/generic_node_optimization/results/parallel_creation_test_20251124_002357/task_000/t000_parallel_run_0006/userData/20251124011043-1
[SUCCESS] Solved: t000_parallel_run_0006
[SOLVING] t000_parallel_run_0007
Set parameter Threads to value 12
  [CONFIG] Gurobi default env configured: 12 threads per worker
--- Reading in data ---
Input data folder has been checked successfully - no errors occurred.
--- Reading in data complete ---
--- Constructing Model ---
[ERROR] Error solving t000_parallel_run_0007: The solver you are trying to use is not available. This could be due to the following two reasons: (1) it is not implemented (currently AdOpT-NET0 supports gurobi and glpk. (2) If you are using gurobi, make sure that the gurobipy version installed matches the gurobi version installed.
[SOLVING] t000_parallel_run_0005
Set parameter Threads to value 12
  [CONFIG] Gurobi default env configured: 12 threads per worker
--- Reading in data ---
Input data folder has been checked successfully - no errors occurred.
--- Reading in data complete ---
--- Constructing Model ---
[ERROR] Error solving t000_parallel_run_0005: The solver you are trying to use is not available. This could be due to the following two reasons: (1) it is not implemented (currently AdOpT-NET0 supports gurobi and glpk. (2) If you are using gurobi, make sure that the gurobipy version installed matches the gurobi version installed.
[SOLVING] t000_parallel_run_0008
Set parameter Threads to value 12
  [CONFIG] Gurobi default env configured: 12 threads per worker
--- Reading in data ---
Input data folder has been checked successfully - no errors occurred.
--- Reading in data complete ---
--- Constructing Model ---
[ERROR] Error solving t000_parallel_run_0008: The solver you are trying to use is not available. This could be due to the following two reasons: (1) it is not implemented (currently AdOpT-NET0 supports gurobi and glpk. (2) If you are using gurobi, make sure that the gurobipy version installed matches the gurobi version installed.
[SOLVING] t000_parallel_run_0009
Set parameter Threads to value 12
  [CONFIG] Gurobi default env configured: 12 threads per worker
--- Reading in data ---
Input data folder has been checked successfully - no errors occurred.
--- Reading in data complete ---
--- Constructing Model ---
[ERROR] Error solving t000_parallel_run_0009: The solver you are trying to use is not available. This could be due to the following two reasons: (1) it is not implemented (currently AdOpT-NET0 supports gurobi and glpk. (2) If you are using gurobi, make sure that the gurobipy version installed matches the gurobi version installed.
[SOLVING] t000_parallel_run_0011
Set parameter Threads to value 12
  [CONFIG] Gurobi default env configured: 12 threads per worker
--- Reading in data ---
Input data folder has been checked successfully - no errors occurred.
--- Reading in data complete ---
--- Constructing Model ---
[ERROR] Error solving t000_parallel_run_0011: The solver you are trying to use is not available. This could be due to the following two reasons: (1) it is not implemented (currently AdOpT-NET0 supports gurobi and glpk. (2) If you are using gurobi, make sure that the gurobipy version installed matches the gurobi version installed.
[SOLVING] t000_parallel_run_0010
Set parameter Threads to value 12
  [CONFIG] Gurobi default env configured: 12 threads per worker
--- Reading in data ---
Input data folder has been checked successfully - no errors occurred.
--- Reading in data complete ---
--- Constructing Model ---
[ERROR] Error solving t000_parallel_run_0010: The solver you are trying to use is not available. This could be due to the following two reasons: (1) it is not implemented (currently AdOpT-NET0 supports gurobi and glpk. (2) If you are using gurobi, make sure that the gurobipy version installed matches the gurobi version installed.
[SOLVING] t000_parallel_run_0012
Set parameter Threads to value 12
  524241    1.1530380e+08   0.000000e+00   1.762476e+07   7522s
  [CONFIG] Gurobi default env configured: 12 threads per worker
--- Reading in data ---
Input data folder has been checked successfully - no errors occurred.
--- Reading in data complete ---
--- Constructing Model ---
[ERROR] Error solving t000_parallel_run_0012: The solver you are trying to use is not available. This could be due to the following two reasons: (1) it is not implemented (currently AdOpT-NET0 supports gurobi and glpk. (2) If you are using gurobi, make sure that the gurobipy version installed matches the gurobi version installed.
[SOLVING] t000_parallel_run_0013
Set parameter Threads to value 12
  524341    1.1530364e+08   0.000000e+00   1.350194e+06   7532s
Waiting for other threads to finish...        7561s
  524441    1.1530343e+08   0.000000e+00   1.349935e+06   7541s
  524541    1.1530330e+08   0.000000e+00   1.415521e+06   7551s
Waiting for other threads to finish...        7574s
  524641    1.1530314e+08   0.000000e+00   2.147254e+06   7561s
  524821    1.1530280e+08   0.000000e+00   1.849785e+06   7580s
  525001    1.1530248e+08   0.000000e+00   1.335569e+07   7599s
Waiting for other threads to finish...        7624s
  525101    1.1530228e+08   0.000000e+00   4.043101e+06   7609s
Waiting for other threads to finish...        7637s
  525201    1.1530202e+08   0.000000e+00   1.276807e+06   7618s
  525301    1.1530185e+08   0.000000e+00   4.979512e+05   7627s
  525401    1.1530168e+08   0.000000e+00   2.057169e+06   7637s
  525591    1.1530135e+08   0.000000e+00   5.243776e+06   7656s
Waiting for other threads to finish...        7687s
  525691    1.1530114e+08   0.000000e+00   1.376727e+07   7666s
Waiting for other threads to finish...        7700s
  525881    1.1530073e+08   0.000000e+00   4.564113e+06   7685s
  526071    1.1530032e+08   0.000000e+00   7.978591e+06   7704s
  526251    1.1529994e+08   0.000000e+00   1.151482e+06   7722s
Waiting for other threads to finish...        7750s
  526381    1.1529975e+08   0.000000e+00   7.766369e+06   7740s
Waiting for other threads to finish...        7763s
  526501    1.1529958e+08   0.000000e+00   3.084991e+06   7758s
  526651    1.1529932e+08   0.000000e+00   7.473102e+06   7780s
Waiting for other threads to finish...        7814s
  526781    1.1529909e+08   0.000000e+00   4.409939e+06   7800s
Waiting for other threads to finish...        7827s
  526911    1.1529887e+08   0.000000e+00   2.983231e+06   7818s
  527041    1.1529861e+08   0.000000e+00   7.973885e+05   7836s
Waiting for other threads to finish...        7877s
  527171    1.1529839e+08   0.000000e+00   2.420076e+06   7854s
Waiting for other threads to finish...        7890s
  527311    1.1529819e+08   0.000000e+00   9.323931e+05   7873s
  527431    1.1529792e+08   0.000000e+00   1.335574e+06   7890s
  527561    1.1529770e+08   0.000000e+00   4.458048e+06   7907s
Waiting for other threads to finish...        7940s
  527661    1.1529769e+08   0.000000e+00   1.327376e+06   7917s
Waiting for other threads to finish...        7953s
  527791    1.1529750e+08   0.000000e+00   2.390633e+07   7934s
  527911    1.1529730e+08   0.000000e+00   6.470294e+06   7951s
  528011    1.1529729e+08   0.000000e+00   6.296250e+06   7960s
  528121    1.1529729e+08   0.000000e+00   6.290377e+06   7969s
Waiting for other threads to finish...        8003s
  528281    1.1529705e+08   0.000000e+00   1.919762e+06   7988s
Waiting for other threads to finish...        8016s
  528411    1.1529680e+08   0.000000e+00   1.347955e+06   8006s
  528581    1.1529662e+08   0.000000e+00   2.406832e+06   8024s
  528681    1.1529660e+08   0.000000e+00   1.538607e+06   8033s
Waiting for other threads to finish...        8066s
  528821    1.1529632e+08   0.000000e+00   2.119459e+06   8051s
Waiting for other threads to finish...        8079s
  529011    1.1529624e+08   0.000000e+00   1.328514e+07   8070s
  529121    1.1529624e+08   0.000000e+00   1.327738e+07   8079s
  529231    1.1529624e+08   0.000000e+00   1.328215e+07   8089s
  529341    1.1529624e+08   0.000000e+00   1.327607e+07   8098s
Waiting for other threads to finish...        8130s
  529491   -1.9756963e+36   2.067465e+38   1.975696e+06   8113s
Waiting for other threads to finish...        8143s
  529741   -1.6701636e+36   5.450612e+38   1.670164e+06   8129s
  530001   -1.4730030e+36   2.028912e+38   1.473003e+06   8145s
  530291   -1.4730030e+36   2.461869e+38   1.473003e+06   8161s
Waiting for other threads to finish...        8193s
  530571   -1.4517770e+36   6.073060e+38   1.451777e+06   8177s
Waiting for other threads to finish...        8206s
  530831   -1.3480423e+36   4.447774e+38   1.348042e+06   8193s
  531111   -1.2974810e+36   4.102569e+38   1.297481e+06   8209s
  531391   -1.2930859e+36   5.172577e+38   1.293086e+06   8225s
Waiting for other threads to finish...        8256s
  531671   -1.2540467e+36   3.895811e+38   1.254047e+06   8241s
Waiting for other threads to finish...        8269s
  531941   -1.2235165e+36   4.310714e+38   1.223516e+06   8257s
  532201   -1.1206775e+36   5.174149e+38   1.120677e+06   8273s
  532471   -1.0817817e+36   5.312424e+38   1.081782e+06   8288s
Waiting for other threads to finish...        8319s
  532741   -1.0641715e+36   2.474333e+38   1.064171e+06   8304s
Waiting for other threads to finish...        8332s
  533021   -1.0456595e+36   2.930249e+38   1.045660e+06   8321s
  533281   -1.0141792e+36   1.981166e+38   1.014179e+06   8336s
  533531   -9.5711814e+35   2.936669e+38   9.571181e+05   8353s
Waiting for other threads to finish...        8382s
  533751   -9.2407626e+35   1.846895e+38   9.240763e+05   8368s
Waiting for other threads to finish...        8396s
  534001   -8.3956343e+35   7.742441e+37   8.395634e+05   8384s
  534221   -7.7086470e+35   1.973536e+38   7.708647e+05   8399s
  534451   -6.3571032e+35   1.247616e+38   6.357103e+05   8414s
Waiting for other threads to finish...        8446s
  534671   -5.9373292e+35   8.915224e+37   5.937329e+05   8430s
Waiting for other threads to finish...        8459s
  534891   -5.8201265e+35   9.339797e+37   5.820127e+05   8446s
  535111   -5.7865040e+35   7.509950e+37   5.786504e+05   8461s
  535341   -5.7482650e+35   8.107805e+37   5.748265e+05   8477s
Waiting for other threads to finish...        8509s
  535601   -4.9802223e+35   5.748956e+37   4.980222e+05   8493s
Waiting for other threads to finish...        8522s
  535871   -4.5336021e+35   5.829425e+37   4.533602e+05   8509s
  536141   -4.4609011e+35   6.266342e+37   4.460901e+05   8525s
  536421   -4.4245363e+35   5.560390e+37   4.424536e+05   8541s
Waiting for other threads to finish...        8572s
  536701   -4.2370328e+35   9.630659e+37   4.237033e+05   8557s
Waiting for other threads to finish...        8585s
  536971   -3.8989782e+35   1.364281e+38   3.898978e+05   8573s
  537241   -3.7828251e+35   5.217966e+37   3.782825e+05   8590s
  537511   -3.5361355e+35   7.032587e+37   3.536135e+05   8606s
Waiting for other threads to finish...        8635s
  537801   -3.2799043e+35   7.126318e+37   3.279904e+05   8622s
Waiting for other threads to finish...        8649s
  538031   -2.9074770e+35   6.186473e+37   2.907477e+05   8638s
  538331   -2.7556820e+35   5.459025e+37   2.755682e+05   8654s
  538621   -2.6033212e+35   5.422352e+37   2.603321e+05   8670s
Waiting for other threads to finish...        8698s
  538921   -2.4874680e+35   6.570336e+37   2.487468e+05   8687s
Waiting for other threads to finish...        8712s
  539251   -2.3570686e+35   5.547695e+37   2.357069e+05   8703s
  539591   -2.1581246e+35   1.347153e+38   2.158125e+05   8720s
  539931   -2.0614778e+35   1.413671e+38   2.061478e+05   8737s
Waiting for other threads to finish...        8762s
Waiting for other threads to finish...        8775s
  540241   -1.9458698e+35   1.202434e+38   1.945870e+05   8753s
  540611   -1.7195865e+35   1.212904e+38   1.719586e+05   8771s
  540931   -1.6528709e+35   1.054547e+38   1.652871e+05   8788s
Waiting for other threads to finish...        8825s
  541291   -1.6231449e+35   1.036011e+38   1.623145e+05   8805s
  541621   -1.4145644e+35   8.987315e+37   1.414564e+05   8822s
  541941   -1.2803849e+35   8.826070e+37   1.280385e+05   8839s
  542241   -1.1286960e+35   9.054910e+37   1.128696e+05   8856s
Waiting for other threads to finish...        8888s
Waiting for other threads to finish...        8892s
  542591   -1.1077722e+35   9.191391e+37   1.107772e+05   8874s
  542931   -1.0953902e+35   1.063272e+38   1.095390e+05   8891s
  543211   -1.0922173e+35   1.778937e+38   1.092217e+05   8908s
  543491   -1.0864323e+35   2.590286e+38   1.086432e+05   8925s
Waiting for other threads to finish...        8951s
Waiting for other threads to finish...        8955s
  543871   -1.0752960e+35   2.144171e+37   1.075296e+05   8942s
  544261   -1.0658110e+35   7.408287e+38   1.065811e+05   8960s
  544641   -1.0594263e+35   3.484324e+39   1.059426e+05   8978s
Waiting for other threads to finish...        9014s
  545041   -1.0493814e+35   7.786928e+38   1.049381e+05   8996s
Waiting for other threads to finish...        9018s
  545421   -9.2795973e+34   8.785458e+37   9.279597e+04   9014s
  545881   -7.7682574e+34   2.498380e+37   7.768257e+04   9032s
  546351   -6.7012569e+34   2.859049e+37   6.701257e+04   9049s
Waiting for other threads to finish...        9078s
Waiting for other threads to finish...        9081s
  546811   -6.6022184e+34   3.628754e+37   6.602218e+04   9067s
  547231   -6.4910397e+34   2.678136e+37   6.491040e+04   9085s
  547711   -5.8545484e+34   2.653675e+37   5.854548e+04   9103s
Waiting for other threads to finish...        9141s
  548191   -5.7609652e+34   2.672766e+37   5.760965e+04   9120s
Waiting for other threads to finish...        9145s
  548611   -5.7514845e+34   2.663344e+37   5.751485e+04   9138s
  549021   -5.7503184e+34   2.698639e+37   5.750318e+04   9155s
  549521   -5.5918842e+34   1.350896e+37   5.591884e+04   9173s
Waiting for other threads to finish...        9208s
  549931   -5.5900787e+34   2.274744e+38   5.590079e+04   9190s
Waiting for other threads to finish...        9217s
  550311   -5.5700429e+34   2.368506e+38   5.570043e+04   9208s
  550771   -5.4737597e+34   1.003100e+38   5.473760e+04   9226s
  551251   -5.4267330e+34   2.117398e+38   5.426733e+04   9245s
Waiting for other threads to finish...        9271s
Waiting for other threads to finish...        9280s
  551641   -5.4111952e+34   4.193713e+38   5.411195e+04   9263s
  552111   -5.2792196e+34   3.984645e+38   5.279220e+04   9281s
  552651   -5.1052450e+34   2.115082e+38   5.105245e+04   9300s
Waiting for other threads to finish...        9334s
  553091   -5.0895034e+34   3.995975e+38   5.089503e+04   9318s
Waiting for other threads to finish...        9343s
  553551   -5.0199469e+34   7.325383e+37   5.019947e+04   9336s
  553991   -4.9992170e+34   2.651659e+38   4.999217e+04   9354s
  554451   -4.9894012e+34   2.539416e+38   4.989401e+04   9373s
Waiting for other threads to finish...        9398s
Waiting for other threads to finish...        9406s
  554961   -4.9032003e+34   2.416316e+38   4.903200e+04   9391s
  555411   -4.8800130e+34   2.905866e+37   4.880013e+04   9410s
  555891   -4.7860816e+34   2.803517e+38   4.786082e+04   9429s
Waiting for other threads to finish...        9461s
Waiting for other threads to finish...        9470s
  556351   -4.7756659e+34   2.262510e+38   4.775666e+04   9447s
  556811   -4.4563247e+34   1.984717e+38   4.456325e+04   9465s
  557281   -4.4171312e+34   2.447916e+38   4.417131e+04   9484s
  557761   -4.2670569e+34   1.146220e+38   4.267057e+04   9502s
Waiting for other threads to finish...        9524s
Waiting for other threads to finish...        9533s
  558231   -4.1326480e+34   1.532268e+38   4.132648e+04   9521s
  558701   -3.9787711e+34   2.656752e+38   3.978771e+04   9539s
  559241   -3.7992439e+34   2.666864e+38   3.799244e+04   9558s
Waiting for other threads to finish...        9587s
Waiting for other threads to finish...        9596s
Concurrent spin time: 2591.17s (can be avoided by choosing Method=3)

Solved with barrier
  559781   -3.6800245e+34   2.660122e+38   3.680024e+04   9577s
  451517    1.1840591e+08   0.000000e+00   0.000000e+00   9600s

Root relaxation: objective 1.184059e+08, 451517 iterations, 9529.87 seconds (7209.87 work units)
  560281   -3.6450988e+34   2.827437e+38   3.645099e+04   9595s
  560751   -3.6240300e+34   8.992605e+37   3.624030e+04   9614s
  561241   -3.5690308e+34   3.162658e+37   3.569031e+04   9633s
Waiting for other threads to finish...        9659s
  561671   -3.5510185e+34   1.627953e+37   3.551018e+04   9651s
  562111   -3.5369118e+34   1.688153e+37   3.536912e+04   9669s
  562571   -3.5158339e+34   2.997107e+37   3.515834e+04   9687s
Waiting for other threads to finish...        9722s
  563031   -3.5005419e+34   2.084403e+37   3.500542e+04   9705s
  563481   -3.4967983e+34   1.961742e+37   3.496798e+04   9723s
  563921   -3.4848832e+34   1.972985e+37   3.484883e+04   9741s
  564361   -3.4846199e+34   1.985019e+37   3.484620e+04   9759s
Waiting for other threads to finish...        9786s
  564811   -3.4813844e+34   2.039554e+37   3.481384e+04   9776s
  565251   -3.4784830e+34   2.005776e+37   3.478483e+04   9794s

    Nodes    |    Current Node    |     Objective Bounds      |     Work
 Expl Unexpl |  Obj  Depth IntInf | Incumbent    BestBd   Gap | It/Node Time

     0     0 1.1841e+08    0 2996          - 1.1841e+08      -     - 9819s
  565701   -3.4782640e+34   2.029259e+37   3.478264e+04   9812s
Waiting for other threads to finish...        9849s
  566141   -3.4726965e+34   2.360277e+37   3.472697e+04   9830s
  566581   -3.4589690e+34   2.376584e+37   3.458969e+04   9848s
  567021   -3.4526075e+34   2.361440e+37   3.452608e+04   9866s
  567531   -3.2844776e+34   9.093402e+36   3.284478e+04   9884s
Waiting for other threads to finish...        9912s
  568071   -3.2658070e+34   9.167205e+36   3.265807e+04   9903s
  568631   -3.1373322e+34   9.089099e+36   3.137332e+04   9921s
  569191   -3.1059059e+34   8.779870e+36   3.105906e+04   9940s
Waiting for other threads to finish...        9975s
  569781   -3.0572781e+34   8.234884e+36   3.057278e+04   9958s
  570361   -2.9454582e+34   8.039999e+36   2.945458e+04   9977s
  570931   -2.9081088e+34   7.729403e+36   2.908109e+04   9995s
  571501   -2.8183288e+34   7.592036e+36   2.818329e+04  10014s
Waiting for other threads to finish...       10038s
  572061   -2.8080526e+34   7.700570e+36   2.808053e+04  10032s
Concurrent spin time: 922.12s

Solved with dual simplex

Root relaxation: infeasible, 603731 iterations, 10004.08 seconds (7858.22 work units)

    Nodes    |    Current Node    |     Objective Bounds      |     Work
 Expl Unexpl |  Obj  Depth IntInf | Incumbent    BestBd   Gap | It/Node Time

     0     0 infeasible    0               - infeasible      -     - 10075s
  572611   -2.7515781e+34   7.729260e+36   2.751578e+04  10051s

Explored 1 nodes (603731 simplex iterations) in 10075.16 seconds (7917.67 work units)
Thread count was 12 (of 192 available processors)

Solution count 0

Model is infeasible or unbounded
Best objective -, best bound -, gap -
Set parameter LogFile to value ""
  573191   -2.7241489e+34   6.701897e+36   2.724149e+04  10069s
  573781   -2.6685839e+34   5.534880e+36   2.668584e+04  10088s
  574371   -2.5432857e+34   5.362280e+36   2.543286e+04  10107s
  574971   -2.4502988e+34   5.180766e+36   2.450299e+04  10125s
  575531   -2.4431622e+34   5.261850e+36   2.443162e+04  10144s
  576091   -2.3643596e+34   5.170525e+36   2.364360e+04  10163s
  576671   -2.3040493e+34   5.105780e+36   2.304049e+04  10181s
  577241   -2.2510206e+34   4.997949e+36   2.251021e+04  10200s
  577821   -2.1250032e+34   4.761929e+36   2.125003e+04  10219s
  578411   -2.0498629e+34   4.663022e+36   2.049863e+04  10237s
  578981   -2.0109116e+34   4.560407e+36   2.010912e+04  10256s
  579591   -1.9181595e+34   4.814500e+36   1.918159e+04  10274s
  580191   -1.8918137e+34   4.532938e+36   1.891814e+04  10293s
  580771   -1.8818093e+34   4.280795e+36   1.881809e+04  10312s
  581381   -1.8256764e+34   4.192313e+36   1.825676e+04  10330s
  581951   -1.8200841e+34   4.176281e+36   1.820084e+04  10349s
  582611   -1.7276894e+34   4.025703e+36   1.727689e+04  10368s
  583191   -1.7220307e+34   3.716898e+36   1.722031e+04  10387s
  583761   -1.7052990e+34   4.326557e+36   1.705299e+04  10405s
  584351   -1.6733240e+34   3.625147e+36   1.673324e+04  10424s
  584911   -1.6546415e+34   3.683729e+36   1.654642e+04  10442s
  585521   -1.5755302e+34   3.467866e+36   1.575530e+04  10461s
  586101   -1.5681984e+34   3.545524e+36   1.568198e+04  10479s
  586691   -1.5651454e+34   3.515770e+36   1.565145e+04  10498s
  587291   -1.5540738e+34   3.406938e+36   1.554074e+04  10517s
  587891   -1.5367473e+34   3.617404e+36   1.536747e+04  10536s
  588491   -1.4978362e+34   3.299164e+36   1.497836e+04  10554s
  589181   -1.4654358e+34   3.239806e+36   1.465436e+04  10573s
  589811   -1.4107603e+34   3.106863e+36   1.410760e+04  10592s
  590391   -1.3970687e+34   3.064000e+36   1.397069e+04  10611s
  591011   -1.3708215e+34   2.969136e+36   1.370822e+04  10630s
  591621   -1.3167462e+34   2.898748e+36   1.316746e+04  10648s
  592221   -1.3052651e+34   2.932641e+36   1.305265e+04  10667s
  592781   -1.3030774e+34   3.112485e+36   1.303077e+04  10686s
  593421   -1.2575402e+34   2.866151e+36   1.257540e+04  10705s
  594081   -1.2499262e+34   2.906140e+36   1.249926e+04  10724s
  594661   -1.2392089e+34   2.827208e+36   1.239209e+04  10743s
  595491   -1.0306405e+34   3.206487e+38   1.030641e+04  10749s
  597067   -8.9904631e+33   3.367758e+37   8.990463e+03  10752s
  600219   -7.1029018e+33   1.457810e+39   7.102902e+03  10755s
  606523   -4.9944725e+33   8.792889e+35   4.994473e+03  10760s
  612827   -3.7602299e+33   5.219113e+38   3.760230e+03  10766s
  617555   -3.0392931e+33   2.373412e+37   3.039293e+03  10771s
  622283   -2.6202257e+33   2.815837e+39   2.620226e+03  10776s
  628587   -1.9597421e+33   5.203580e+39   1.959742e+03  10781s
  629417   -1.6913635e+33   1.383093e+36   1.691364e+03  10787s
  630247   -1.6317899e+33   9.400247e+38   1.631790e+03  10790s
  634975   -1.2971649e+33   1.303449e+37   1.297165e+03  10796s
  639703   -8.2462388e+32   2.760375e+36   8.246240e+02  10800s
  639843   -8.2310283e+32   2.750390e+36   8.231029e+02  10813s
  640673   -5.4190781e+32   2.087873e+36   5.419079e+02  10817s
  643079   -4.3517300e+32   6.524863e+38   4.351731e+02  10820s
  645485   -3.3757493e+32   9.005664e+37   3.375750e+02  10827s
  646315   -3.1298436e+32   1.136599e+35   3.129844e+02  10830s
  647975   -1.7193979e+32   1.785195e+37   1.719399e+02  10838s
  648805   -1.5185186e+32   5.636763e+36   1.518519e+02  10841s
  649635   -1.4056737e+32   5.569166e+34   1.405674e+02  10849s
  650465   -1.1508955e+32   9.943419e+35   1.150896e+02  10853s
  651295   -1.1268896e+32   8.090443e+34   1.126890e+02  10857s
  652125   -1.1076150e+32   4.703794e+34   1.107616e+02  10861s
  652955   -1.0768122e+32   4.523430e+34   1.076813e+02  10865s
  654660   -9.5939649e+31   2.494670e+36   9.593973e+01  10872s
  655490   -8.5391349e+31   4.422566e+34   8.539143e+01  10875s
  657150   -6.9025775e+31   9.839183e+34   6.902585e+01  10883s
  657980   -5.4660991e+31   1.948233e+35   5.466107e+01  10889s
  658810   -4.5871959e+31   2.419203e+34   4.587204e+01  10892s
  659640   -3.1846869e+31   1.695364e+34   3.184695e+01  10896s
  661300   -2.5298201e+31   1.726081e+34   2.529828e+01  10901s
  662960   -1.5349142e+31   8.253181e+33   1.534922e+01  10907s
  665001   -6.0453304e+30   4.011419e+33   6.045412e+00  10912s
  666185    8.7257025e+07   1.205339e+09   0.000000e+00  10916s
  670913    1.0968213e+08   5.482441e+08   0.000000e+00  10921s
  675641    1.0999026e+08   4.072037e+08   0.000000e+00  10925s
  680369    1.1010968e+08   3.133902e+08   0.000000e+00  10932s
  683521    1.1019029e+08   3.041649e+08   0.000000e+00  10936s
  688249    1.1042886e+08   2.542445e+08   0.000000e+00  10943s
  689825    1.1046938e+08   2.556219e+08   0.000000e+00  10946s
  691401    1.1048399e+08   2.202842e+08   0.000000e+00  10952s
  692977    1.1049546e+08   2.338665e+08   0.000000e+00  10959s
  694553    1.1051232e+08   2.427052e+08   0.000000e+00  10966s
  696129    1.1051431e+08   2.835232e+08   0.000000e+00  10973s
  697705    1.1052350e+08   2.922813e+08   0.000000e+00  10981s
  699281    1.1053296e+08   2.792124e+08   0.000000e+00  10985s
  702433    1.1057205e+08   4.554799e+08   0.000000e+00  10995s
  704009    1.1058508e+08   3.745502e+08   0.000000e+00  11003s
  705585    1.1058878e+08   3.475614e+08   0.000000e+00  11010s
  707161    1.1059612e+08   4.862746e+08   0.000000e+00  11016s
  708737    1.1060164e+08   4.833025e+08   0.000000e+00  11025s
  711889    1.1070694e+08   3.076102e+08   0.000000e+00  11030s
  713465    1.1073820e+08   3.818919e+08   0.000000e+00  11037s
  715041    1.1075343e+08   3.613571e+08   0.000000e+00  11044s
  716617    1.1077189e+08   2.763706e+08   0.000000e+00  11049s
  718193    1.1080157e+08   3.079195e+08   0.000000e+00  11053s
  719423    1.1080172e+08   3.115679e+08   0.000000e+00  11065s
  720999    1.1082049e+08   3.504746e+08   0.000000e+00  11076s
  724151    1.1088782e+08   3.552808e+08   0.000000e+00  11081s
  725727    1.1089819e+08   1.858623e+08   0.000000e+00  11091s
  727303    1.1090400e+08   1.973582e+08   0.000000e+00  11100s
  728879    1.1090995e+08   1.856207e+08   0.000000e+00  11108s
Crossover time: 10897.60 seconds (10592.55 work units)
Crossover changed status from Optimal to Time Limit
Concurrent spin time: 0.01s

Solved with dual simplex

Root simplex log...

Iteration    Objective       Primal Inf.    Dual Inf.      Time
 1230725    1.1655088e+08   0.000000e+00   0.000000e+00  11116s

Root relaxation: objective 1.165509e+08, 1230725 iterations, 11033.77 seconds (7230.02 work units)

    Nodes    |    Current Node    |     Objective Bounds      |     Work
 Expl Unexpl |  Obj  Depth IntInf | Incumbent    BestBd   Gap | It/Node Time

     0     0 1.1655e+08    0    4          - 1.1655e+08      -     - 11282s
H    0     0                    1.235705e+08 1.1655e+08  5.68%     - 11292s
H    0     0                    1.206219e+08 1.1655e+08  3.37%     - 11394s
H    0     0                    1.166095e+08 1.1655e+08  0.05%     - 11395s

Explored 1 nodes (1257661 simplex iterations) in 11396.50 seconds (7521.73 work units)
Thread count was 12 (of 192 available processors)

Solution count 3: 1.16609e+08 1.20622e+08 1.23571e+08 

Optimal solution found (tolerance 1.00e-02)
Warning: max constraint violation (4.8215e-04) exceeds tolerance
Best objective 1.166094852354e+08, best bound 1.165508785098e+08, gap 0.0503%
Set parameter LogFile to value ""
     0     0 1.1843e+08    0 2991          - 1.1843e+08      -     - 13955s
