===========================
Running on node: tcn1178
Array job index: 2
Started: Mon Nov 24 00:23:49 CET 2025
===========================
Python module loaded.
Activated virtual environment.
Configured Gurobi runtime paths.
Working directory: /home/scur1696/AdOpT-NET0-RegToNation/generic_node_optimization
[SLURM] Detected CPU total: 192
[CONFIG] Using 4 workers × 12 threads (total 48 threads)
[SAMPLING] Method: LATIN HYPERCUBe SAMPLING
   Full grid would be: 1080 combinations
   LHS samples: 50
   Reduction: 95.4%

[OK] Total combinations: 50
[ARRAY] SLURM_ARRAY_TASK_ID=2, SLURM_ARRAY_TASK_COUNT=4
[ARRAY] This job is chunk index 2 of 4
[ARRAY] This job will run 12 combinations out of 50
[OK] Total runs to execute in THIS JOB: 12

[CONFIG] System configuration:
   - Strategy: Manual configuration
   - Total logical processors: 192
   - Parallel workers: 4
   - Threads per worker: 12
   - Total thread usage: 48 (of 192)
   - CPU utilization: 25.0%
   [INFO] Conservative CPU usage (25.0%)
       Consider increasing workers or threads_per_worker for better performance

================================================================================
PARALLEL CREATION + GUROBI-ENV OPTIMIZATION RUNNER
================================================================================
Total runs: 12
Max parallel workers: 4
Threads per worker: 12
Results folder: /gpfs/home3/scur1696/AdOpT-NET0-RegToNation/generic_node_optimization/results/parallel_creation_test_20251124_002357/task_002
================================================================================


================================================================================
PHASE 1: Creating 12 models in PARALLEL
Using 'spawn' context for clean process separation
================================================================================

[CREATE] Creating model: t002_parallel_run_0002
      Node       lon        lat  alt
0     BIG1  0.836099  51.924400    0
1     BIG2  8.119301  51.924400    0
2   SMALL1  7.682309  51.026089    0
3   SMALL2  4.769028  51.026089    0
4   SMALL3  7.682309  52.822711    0
5   SMALL4  4.769028  52.822711    0
6  STORAGE  6.496768  51.071748    0
New network
Max size per arc:          BIG1  BIG2  SMALL1  SMALL2  SMALL3  SMALL4  STORAGE
BIG1        0  1000    1000    1000    1000    1000     1000
BIG2     1000     0    1000    1000    1000    1000     1000
SMALL1   1000  1000       0    1000    1000    1000     1000
SMALL2   1000  1000    1000       0    1000    1000     1000
SMALL3   1000  1000    1000    1000       0    1000     1000
SMALL4   1000  1000    1000    1000    1000       0     1000
STORAGE  1000  1000    1000    1000    1000    1000        0
Connection:          BIG1  BIG2  SMALL1  SMALL2  SMALL3  SMALL4  STORAGE
BIG1        0     1       1       1       1       1        1
BIG2        1     0       1       1       1       1        1
SMALL1      1     1       0       1       1       1        1
SMALL2      1     1       1       0       1       1        1
SMALL3      1     1       1       1       0       1        1
SMALL4      1     1       1       1       1       0        1
STORAGE     1     1       1       1       1       1        0
📍 Calculating distances from scenario coordinates
✅ Using calculated distances from topology coordinates
Distance matrix saved for both networks
Created smooth electricity prices for BIG1:
Created smooth electricity prices for BIG2:
Created smooth electricity prices for SMALL1:
Created smooth electricity prices for SMALL2:
Created smooth electricity prices for SMALL3:
Created smooth electricity prices for SMALL4:
Created smooth electricity prices for STORAGE:
[SUCCESS] Model created: t002_parallel_run_0002
[CREATE] Creating model: t002_parallel_run_0005
      Node       lon        lat  alt
0     BIG1  0.836099  51.924400    0
1     BIG2  8.119301  51.924400    0
2   SMALL1  7.682309  51.026089    0
3   SMALL2  4.769028  51.026089    0
4   SMALL3  7.682309  52.822711    0
5   SMALL4  4.769028  52.822711    0
6  STORAGE  6.496768  51.071748    0
New network
Max size per arc:          BIG1  BIG2  SMALL1  SMALL2  SMALL3  SMALL4  STORAGE
BIG1        0  1000    1000    1000    1000    1000     1000
BIG2     1000     0    1000    1000    1000    1000     1000
SMALL1   1000  1000       0    1000    1000    1000     1000
SMALL2   1000  1000    1000       0    1000    1000     1000
SMALL3   1000  1000    1000    1000       0    1000     1000
SMALL4   1000  1000    1000    1000    1000       0     1000
STORAGE  1000  1000    1000    1000    1000    1000        0
Connection:          BIG1  BIG2  SMALL1  SMALL2  SMALL3  SMALL4  STORAGE
BIG1        0     1       1       1       1       1        1
BIG2        1     0       1       1       1       1        1
SMALL1      1     1       0       1       1       1        1
SMALL2      1     1       1       0       1       1        1
SMALL3      1     1       1       1       0       1        1
SMALL4      1     1       1       1       1       0        1
STORAGE     1     1       1       1       1       1        0
📍 Calculating distances from scenario coordinates
✅ Using calculated distances from topology coordinates
Distance matrix saved for both networks
Created smooth electricity prices for BIG1:
Created smooth electricity prices for BIG2:
Created smooth electricity prices for SMALL1:
Created smooth electricity prices for SMALL2:
Created smooth electricity prices for SMALL3:
Created smooth electricity prices for SMALL4:
Created smooth electricity prices for STORAGE:
[SUCCESS] Model created: t002_parallel_run_0005
[CREATE] Creating model: t002_parallel_run_0009
      Node       lon        lat  alt
0     BIG1  0.836099  51.924400    0
1     BIG2  8.119301  51.924400    0
2   SMALL1  7.682309  51.026089    0
3   SMALL2  4.769028  51.026089    0
4   SMALL3  7.682309  52.822711    0
5   SMALL4  4.769028  52.822711    0
6  STORAGE  6.496768  51.071748    0
New network
Max size per arc:          BIG1  BIG2  SMALL1  SMALL2  SMALL3  SMALL4  STORAGE
BIG1        0  1000    1000    1000    1000    1000     1000
BIG2     1000     0    1000    1000    1000    1000     1000
SMALL1   1000  1000       0    1000    1000    1000     1000
SMALL2   1000  1000    1000       0    1000    1000     1000
SMALL3   1000  1000    1000    1000       0    1000     1000
SMALL4   1000  1000    1000    1000    1000       0     1000
STORAGE  1000  1000    1000    1000    1000    1000        0
Connection:          BIG1  BIG2  SMALL1  SMALL2  SMALL3  SMALL4  STORAGE
BIG1        0     1       1       1       1       1        1
BIG2        1     0       1       1       1       1        1
SMALL1      1     1       0       1       1       1        1
SMALL2      1     1       1       0       1       1        1
SMALL3      1     1       1       1       0       1        1
SMALL4      1     1       1       1       1       0        1
STORAGE     1     1       1       1       1       1        0
📍 Calculating distances from scenario coordinates
✅ Using calculated distances from topology coordinates
Distance matrix saved for both networks
Created smooth electricity prices for BIG1:
Created smooth electricity prices for BIG2:
Created smooth electricity prices for SMALL1:
Created smooth electricity prices for SMALL2:
Created smooth electricity prices for SMALL3:
Created smooth electricity prices for SMALL4:
Created smooth electricity prices for STORAGE:
[SUCCESS] Model created: t002_parallel_run_0009
[CREATE] Creating model: t002_parallel_run_0003
      Node       lon        lat  alt
0     BIG1  0.836099  51.924400    0
1     BIG2  8.119301  51.924400    0
2   SMALL1  7.682309  51.026089    0
3   SMALL2  4.769028  51.026089    0
4   SMALL3  7.682309  52.822711    0
5   SMALL4  4.769028  52.822711    0
6  STORAGE  6.496768  51.071748    0
New network
Max size per arc:          BIG1  BIG2  SMALL1  SMALL2  SMALL3  SMALL4  STORAGE
BIG1        0  1000    1000    1000    1000    1000     1000
BIG2     1000     0    1000    1000    1000    1000     1000
SMALL1   1000  1000       0    1000    1000    1000     1000
SMALL2   1000  1000    1000       0    1000    1000     1000
SMALL3   1000  1000    1000    1000       0    1000     1000
SMALL4   1000  1000    1000    1000    1000       0     1000
STORAGE  1000  1000    1000    1000    1000    1000        0
Connection:          BIG1  BIG2  SMALL1  SMALL2  SMALL3  SMALL4  STORAGE
BIG1        0     1       1       1       1       1        1
BIG2        1     0       1       1       1       1        1
SMALL1      1     1       0       1       1       1        1
SMALL2      1     1       1       0       1       1        1
SMALL3      1     1       1       1       0       1        1
SMALL4      1     1       1       1       1       0        1
STORAGE     1     1       1       1       1       1        0
📍 Calculating distances from scenario coordinates
✅ Using calculated distances from topology coordinates
Distance matrix saved for both networks
Created smooth electricity prices for BIG1:
Created smooth electricity prices for BIG2:
Created smooth electricity prices for SMALL1:
Created smooth electricity prices for SMALL2:
Created smooth electricity prices for SMALL3:
Created smooth electricity prices for SMALL4:
Created smooth electricity prices for STORAGE:
[SUCCESS] Model created: t002_parallel_run_0003
[CREATE] Creating model: t002_parallel_run_0007
      Node       lon        lat  alt
0     BIG1  0.836099  51.924400    0
1     BIG2  8.119301  51.924400    0
2   SMALL1  7.682309  51.026089    0
3   SMALL2  4.769028  51.026089    0
4   SMALL3  7.682309  52.822711    0
5   SMALL4  4.769028  52.822711    0
6  STORAGE  6.496768  51.071748    0
New network
Max size per arc:          BIG1  BIG2  SMALL1  SMALL2  SMALL3  SMALL4  STORAGE
BIG1        0  1000    1000    1000    1000    1000     1000
BIG2     1000     0    1000    1000    1000    1000     1000
SMALL1   1000  1000       0    1000    1000    1000     1000
SMALL2   1000  1000    1000       0    1000    1000     1000
SMALL3   1000  1000    1000    1000       0    1000     1000
SMALL4   1000  1000    1000    1000    1000       0     1000
STORAGE  1000  1000    1000    1000    1000    1000        0
Connection:          BIG1  BIG2  SMALL1  SMALL2  SMALL3  SMALL4  STORAGE
BIG1        0     1       1       1       1       1        1
BIG2        1     0       1       1       1       1        1
SMALL1      1     1       0       1       1       1        1
SMALL2      1     1       1       0       1       1        1
SMALL3      1     1       1       1       0       1        1
SMALL4      1     1       1       1       1       0        1
STORAGE     1     1       1       1       1       1        0
📍 Calculating distances from scenario coordinates
✅ Using calculated distances from topology coordinates
Distance matrix saved for both networks
Created smooth electricity prices for BIG1:
Created smooth electricity prices for BIG2:
Created smooth electricity prices for SMALL1:
Created smooth electricity prices for SMALL2:
Created smooth electricity prices for SMALL3:
Created smooth electricity prices for SMALL4:
Created smooth electricity prices for STORAGE:
[SUCCESS] Model created: t002_parallel_run_0007
[CREATE] Creating model: t002_parallel_run_0010
      Node       lon        lat  alt
0     BIG1  0.836099  51.924400    0
1     BIG2  8.119301  51.924400    0
2   SMALL1  7.682309  51.026089    0
3   SMALL2  4.769028  51.026089    0
4   SMALL3  7.682309  52.822711    0
5   SMALL4  4.769028  52.822711    0
6  STORAGE  6.496768  51.071748    0
New network
Max size per arc:          BIG1  BIG2  SMALL1  SMALL2  SMALL3  SMALL4  STORAGE
BIG1        0  1000    1000    1000    1000    1000     1000
BIG2     1000     0    1000    1000    1000    1000     1000
SMALL1   1000  1000       0    1000    1000    1000     1000
SMALL2   1000  1000    1000       0    1000    1000     1000
SMALL3   1000  1000    1000    1000       0    1000     1000
SMALL4   1000  1000    1000    1000    1000       0     1000
STORAGE  1000  1000    1000    1000    1000    1000        0
Connection:          BIG1  BIG2  SMALL1  SMALL2  SMALL3  SMALL4  STORAGE
BIG1        0     1       1       1       1       1        1
BIG2        1     0       1       1       1       1        1
SMALL1      1     1       0       1       1       1        1
SMALL2      1     1       1       0       1       1        1
SMALL3      1     1       1       1       0       1        1
SMALL4      1     1       1       1       1       0        1
STORAGE     1     1       1       1       1       1        0
📍 Calculating distances from scenario coordinates
✅ Using calculated distances from topology coordinates
Distance matrix saved for both networks
Created smooth electricity prices for BIG1:
Created smooth electricity prices for BIG2:
Created smooth electricity prices for SMALL1:
Created smooth electricity prices for SMALL2:
Created smooth electricity prices for SMALL3:
Created smooth electricity prices for SMALL4:
Created smooth electricity prices for STORAGE:
[SUCCESS] Model created: t002_parallel_run_0010
[CREATE] Creating model: t002_parallel_run_0004
      Node       lon        lat  alt
0     BIG1  0.836099  51.924400    0
1     BIG2  8.119301  51.924400    0
2   SMALL1  7.682309  51.026089    0
3   SMALL2  4.769028  51.026089    0
4   SMALL3  7.682309  52.822711    0
5   SMALL4  4.769028  52.822711    0
6  STORAGE  6.496768  51.071748    0
New network
Max size per arc:          BIG1  BIG2  SMALL1  SMALL2  SMALL3  SMALL4  STORAGE
BIG1        0  1000    1000    1000    1000    1000     1000
BIG2     1000     0    1000    1000    1000    1000     1000
SMALL1   1000  1000       0    1000    1000    1000     1000
SMALL2   1000  1000    1000       0    1000    1000     1000
SMALL3   1000  1000    1000    1000       0    1000     1000
SMALL4   1000  1000    1000    1000    1000       0     1000
STORAGE  1000  1000    1000    1000    1000    1000        0
Connection:          BIG1  BIG2  SMALL1  SMALL2  SMALL3  SMALL4  STORAGE
BIG1        0     1       1       1       1       1        1
BIG2        1     0       1       1       1       1        1
SMALL1      1     1       0       1       1       1        1
SMALL2      1     1       1       0       1       1        1
SMALL3      1     1       1       1       0       1        1
SMALL4      1     1       1       1       1       0        1
STORAGE     1     1       1       1       1       1        0
📍 Calculating distances from scenario coordinates
✅ Using calculated distances from topology coordinates
Distance matrix saved for both networks
Created smooth electricity prices for BIG1:
Created smooth electricity prices for BIG2:
Created smooth electricity prices for SMALL1:
Created smooth electricity prices for SMALL2:
Created smooth electricity prices for SMALL3:
Created smooth electricity prices for SMALL4:
Created smooth electricity prices for STORAGE:
[SUCCESS] Model created: t002_parallel_run_0004
[CREATE] Creating model: t002_parallel_run_0008
      Node       lon        lat  alt
0     BIG1  0.836099  51.924400    0
1     BIG2  8.119301  51.924400    0
2   SMALL1  7.682309  51.026089    0
3   SMALL2  4.769028  51.026089    0
4   SMALL3  7.682309  52.822711    0
5   SMALL4  4.769028  52.822711    0
6  STORAGE  6.496768  51.071748    0
New network
Max size per arc:          BIG1  BIG2  SMALL1  SMALL2  SMALL3  SMALL4  STORAGE
BIG1        0  1000    1000    1000    1000    1000     1000
BIG2     1000     0    1000    1000    1000    1000     1000
SMALL1   1000  1000       0    1000    1000    1000     1000
SMALL2   1000  1000    1000       0    1000    1000     1000
SMALL3   1000  1000    1000    1000       0    1000     1000
SMALL4   1000  1000    1000    1000    1000       0     1000
STORAGE  1000  1000    1000    1000    1000    1000        0
Connection:          BIG1  BIG2  SMALL1  SMALL2  SMALL3  SMALL4  STORAGE
BIG1        0     1       1       1       1       1        1
BIG2        1     0       1       1       1       1        1
SMALL1      1     1       0       1       1       1        1
SMALL2      1     1       1       0       1       1        1
SMALL3      1     1       1       1       0       1        1
SMALL4      1     1       1       1       1       0        1
STORAGE     1     1       1       1       1       1        0
📍 Calculating distances from scenario coordinates
✅ Using calculated distances from topology coordinates
Distance matrix saved for both networks
Created smooth electricity prices for BIG1:
Created smooth electricity prices for BIG2:
Created smooth electricity prices for SMALL1:
Created smooth electricity prices for SMALL2:
Created smooth electricity prices for SMALL3:
Created smooth electricity prices for SMALL4:
Created smooth electricity prices for STORAGE:
[SUCCESS] Model created: t002_parallel_run_0008
[CREATE] Creating model: t002_parallel_run_0012
      Node       lon        lat  alt
0     BIG1  0.836099  51.924400    0
1     BIG2  8.119301  51.924400    0
2   SMALL1  7.682309  51.026089    0
3   SMALL2  4.769028  51.026089    0
4   SMALL3  7.682309  52.822711    0
5   SMALL4  4.769028  52.822711    0
6  STORAGE  6.496768  51.071748    0
New network
Max size per arc:          BIG1  BIG2  SMALL1  SMALL2  SMALL3  SMALL4  STORAGE
BIG1        0  1000    1000    1000    1000    1000     1000
BIG2     1000     0    1000    1000    1000    1000     1000
SMALL1   1000  1000       0    1000    1000    1000     1000
SMALL2   1000  1000    1000       0    1000    1000     1000
SMALL3   1000  1000    1000    1000       0    1000     1000
SMALL4   1000  1000    1000    1000    1000       0     1000
STORAGE  1000  1000    1000    1000    1000    1000        0
Connection:          BIG1  BIG2  SMALL1  SMALL2  SMALL3  SMALL4  STORAGE
BIG1        0     1       1       1       1       1        1
BIG2        1     0       1       1       1       1        1
SMALL1      1     1       0       1       1       1        1
SMALL2      1     1       1       0       1       1        1
SMALL3      1     1       1       1       0       1        1
SMALL4      1     1       1       1       1       0        1
STORAGE     1     1       1       1       1       1        0
📍 Calculating distances from scenario coordinates
✅ Using calculated distances from topology coordinates
Distance matrix saved for both networks
Created smooth electricity prices for BIG1:
Created smooth electricity prices for BIG2:
Created smooth electricity prices for SMALL1:
Created smooth electricity prices for SMALL2:
Created smooth electricity prices for SMALL3:
Created smooth electricity prices for SMALL4:
Created smooth electricity prices for STORAGE:
[SUCCESS] Model created: t002_parallel_run_0012
[CREATE] Creating model: t002_parallel_run_0001
      Node       lon        lat  alt
0     BIG1  0.836099  51.924400    0
1     BIG2  8.119301  51.924400    0
2   SMALL1  7.682309  51.026089    0
3   SMALL2  4.769028  51.026089    0
4   SMALL3  7.682309  52.822711    0
5   SMALL4  4.769028  52.822711    0
6  STORAGE  6.496768  51.071748    0
New network
Max size per arc:          BIG1  BIG2  SMALL1  SMALL2  SMALL3  SMALL4  STORAGE
BIG1        0  1000    1000    1000    1000    1000     1000
BIG2     1000     0    1000    1000    1000    1000     1000
SMALL1   1000  1000       0    1000    1000    1000     1000
SMALL2   1000  1000    1000       0    1000    1000     1000
SMALL3   1000  1000    1000    1000       0    1000     1000
SMALL4   1000  1000    1000    1000    1000       0     1000
STORAGE  1000  1000    1000    1000    1000    1000        0
Connection:          BIG1  BIG2  SMALL1  SMALL2  SMALL3  SMALL4  STORAGE
BIG1        0     1       1       1       1       1        1
BIG2        1     0       1       1       1       1        1
SMALL1      1     1       0       1       1       1        1
SMALL2      1     1       1       0       1       1        1
SMALL3      1     1       1       1       0       1        1
SMALL4      1     1       1       1       1       0        1
STORAGE     1     1       1       1       1       1        0
📍 Calculating distances from scenario coordinates
✅ Using calculated distances from topology coordinates
Distance matrix saved for both networks
Created smooth electricity prices for BIG1:
Created smooth electricity prices for BIG2:
Created smooth electricity prices for SMALL1:
Created smooth electricity prices for SMALL2:
Created smooth electricity prices for SMALL3:
Created smooth electricity prices for SMALL4:
Created smooth electricity prices for STORAGE:
[SUCCESS] Model created: t002_parallel_run_0001
[CREATE] Creating model: t002_parallel_run_0006
      Node       lon        lat  alt
0     BIG1  0.836099  51.924400    0
1     BIG2  8.119301  51.924400    0
2   SMALL1  7.682309  51.026089    0
3   SMALL2  4.769028  51.026089    0
4   SMALL3  7.682309  52.822711    0
5   SMALL4  4.769028  52.822711    0
6  STORAGE  6.496768  51.071748    0
New network
Max size per arc:          BIG1  BIG2  SMALL1  SMALL2  SMALL3  SMALL4  STORAGE
BIG1        0  1000    1000    1000    1000    1000     1000
BIG2     1000     0    1000    1000    1000    1000     1000
SMALL1   1000  1000       0    1000    1000    1000     1000
SMALL2   1000  1000    1000       0    1000    1000     1000
SMALL3   1000  1000    1000    1000       0    1000     1000
SMALL4   1000  1000    1000    1000    1000       0     1000
STORAGE  1000  1000    1000    1000    1000    1000        0
Connection:          BIG1  BIG2  SMALL1  SMALL2  SMALL3  SMALL4  STORAGE
BIG1        0     1       1       1       1       1        1
BIG2        1     0       1       1       1       1        1
SMALL1      1     1       0       1       1       1        1
SMALL2      1     1       1       0       1       1        1
SMALL3      1     1       1       1       0       1        1
SMALL4      1     1       1       1       1       0        1
STORAGE     1     1       1       1       1       1        0
📍 Calculating distances from scenario coordinates
✅ Using calculated distances from topology coordinates
Distance matrix saved for both networks
Created smooth electricity prices for BIG1:
Created smooth electricity prices for BIG2:
Created smooth electricity prices for SMALL1:
Created smooth electricity prices for SMALL2:
Created smooth electricity prices for SMALL3:
Created smooth electricity prices for SMALL4:
Created smooth electricity prices for STORAGE:
[SUCCESS] Model created: t002_parallel_run_0006
[CREATE] Creating model: t002_parallel_run_0011
      Node       lon        lat  alt
0     BIG1  0.836099  51.924400    0
1     BIG2  8.119301  51.924400    0
2   SMALL1  7.682309  51.026089    0
3   SMALL2  4.769028  51.026089    0
4   SMALL3  7.682309  52.822711    0
5   SMALL4  4.769028  52.822711    0
6  STORAGE  6.496768  51.071748    0
New network
Max size per arc:          BIG1  BIG2  SMALL1  SMALL2  SMALL3  SMALL4  STORAGE
BIG1        0  1000    1000    1000    1000    1000     1000
BIG2     1000     0    1000    1000    1000    1000     1000
SMALL1   1000  1000       0    1000    1000    1000     1000
SMALL2   1000  1000    1000       0    1000    1000     1000
SMALL3   1000  1000    1000    1000       0    1000     1000
SMALL4   1000  1000    1000    1000    1000       0     1000
STORAGE  1000  1000    1000    1000    1000    1000        0
Connection:          BIG1  BIG2  SMALL1  SMALL2  SMALL3  SMALL4  STORAGE
BIG1        0     1       1       1       1       1        1
BIG2        1     0       1       1       1       1        1
SMALL1      1     1       0       1       1       1        1
SMALL2      1     1       1       0       1       1        1
SMALL3      1     1       1       1       0       1        1
SMALL4      1     1       1       1       1       0        1
STORAGE     1     1       1       1       1       1        0
📍 Calculating distances from scenario coordinates
✅ Using calculated distances from topology coordinates
Distance matrix saved for both networks
Created smooth electricity prices for BIG1:
Created smooth electricity prices for BIG2:
Created smooth electricity prices for SMALL1:
Created smooth electricity prices for SMALL2:
Created smooth electricity prices for SMALL3:
Created smooth electricity prices for SMALL4:
Created smooth electricity prices for STORAGE:
[SUCCESS] Model created: t002_parallel_run_0011
Model creation progress: 1/12 completed
Model creation progress: 2/12 completed
Model creation progress: 3/12 completed
Model creation progress: 4/12 completed
Model creation progress: 5/12 completed
Model creation progress: 6/12 completed
Model creation progress: 7/12 completed
Model creation progress: 8/12 completed
Model creation progress: 9/12 completed
Model creation progress: 10/12 completed
Model creation progress: 11/12 completed
Model creation progress: 12/12 completed

[COMPLETE] Model creation complete: 12 models ready to solve
   Creation time: 27.2s (0.5 min)

================================================================================
PHASE 2: Solving 12 models in PARALLEL
Using 'spawn' context for clean Gurobi environment per worker
================================================================================

[SOLVING] t002_parallel_run_0002
Set parameter WLSAccessID
Set parameter WLSSecret
Set parameter LicenseID to value 2729390
[SOLVING] t002_parallel_run_0001
Set parameter WLSAccessID
Set parameter WLSSecret
Set parameter LicenseID to value 2729390
[SOLVING] t002_parallel_run_0003
Set parameter WLSAccessID
Set parameter WLSSecret
Set parameter LicenseID to value 2729390
[SOLVING] t002_parallel_run_0004
Set parameter WLSAccessID
Set parameter WLSSecret
Set parameter LicenseID to value 2729390
Academic license 2729390 - for non-commercial use only - registered to m.___@uu.nl
Set parameter Threads to value 12
Academic license 2729390 - for non-commercial use only - registered to m.___@uu.nl
Set parameter Threads to value 12
Academic license 2729390 - for non-commercial use only - registered to m.___@uu.nl
Set parameter Threads to value 12
Academic license 2729390 - for non-commercial use only - registered to m.___@uu.nl
Set parameter Threads to value 12
  [CONFIG] Gurobi default env configured: 12 threads per worker
--- Reading in data ---
Input data folder has been checked successfully - no errors occurred.
--- Reading in data complete ---
--- Constructing Model ---
Constructing Investment Period period1
Constructing Investment Period period1 completed
	 - Constructing Network hydrogenPipelineOnshore_lowP
			gdp.bigm Transformation...
			gdp.bigm Transformation completed in 0 s
		 - Constructing Arc BIG1 - BIG2 completed
			gdp.bigm Transformation...
			gdp.bigm Transformation completed in 0 s
		 - Constructing Arc BIG1 - SMALL1 completed
			gdp.bigm Transformation...
			gdp.bigm Transformation completed in 0 s
		 - Constructing Arc BIG1 - SMALL2 completed
			gdp.bigm Transformation...
			gdp.bigm Transformation completed in 0 s
		 - Constructing Arc BIG1 - SMALL3 completed
			gdp.bigm Transformation...
			gdp.bigm Transformation completed in 0 s
		 - Constructing Arc BIG1 - SMALL4 completed
			gdp.bigm Transformation...
			gdp.bigm Transformation completed in 0 s
		 - Constructing Arc BIG1 - STORAGE completed
			gdp.bigm Transformation...
			gdp.bigm Transformation completed in 0 s
		 - Constructing Arc BIG2 - BIG1 completed
			gdp.bigm Transformation...
			gdp.bigm Transformation completed in 0 s
		 - Constructing Arc BIG2 - SMALL1 completed
			gdp.bigm Transformation...
			gdp.bigm Transformation completed in 0 s
		 - Constructing Arc BIG2 - SMALL2 completed
			gdp.bigm Transformation...
			gdp.bigm Transformation completed in 0 s
		 - Constructing Arc BIG2 - SMALL3 completed
			gdp.bigm Transformation...
			gdp.bigm Transformation completed in 0 s
		 - Constructing Arc BIG2 - SMALL4 completed
			gdp.bigm Transformation...
			gdp.bigm Transformation completed in 0 s
		 - Constructing Arc BIG2 - STORAGE completed
			gdp.bigm Transformation...
			gdp.bigm Transformation completed in 0 s
		 - Constructing Arc SMALL1 - BIG1 completed
			gdp.bigm Transformation...
			gdp.bigm Transformation completed in 0 s
		 - Constructing Arc SMALL1 - BIG2 completed
			gdp.bigm Transformation...
			gdp.bigm Transformation completed in 0 s
		 - Constructing Arc SMALL1 - SMALL2 completed
			gdp.bigm Transformation...
			gdp.bigm Transformation completed in 0 s
		 - Constructing Arc SMALL1 - SMALL3 completed
			gdp.bigm Transformation...
			gdp.bigm Transformation completed in 0 s
		 - Constructing Arc SMALL1 - SMALL4 completed
			gdp.bigm Transformation...
			gdp.bigm Transformation completed in 0 s
		 - Constructing Arc SMALL1 - STORAGE completed
			gdp.bigm Transformation...
			gdp.bigm Transformation completed in 0 s
		 - Constructing Arc SMALL2 - BIG1 completed
			gdp.bigm Transformation...
			gdp.bigm Transformation completed in 0 s
		 - Constructing Arc SMALL2 - BIG2 completed
			gdp.bigm Transformation...
			gdp.bigm Transformation completed in 0 s
		 - Constructing Arc SMALL2 - SMALL1 completed
			gdp.bigm Transformation...
			gdp.bigm Transformation completed in 0 s
		 - Constructing Arc SMALL2 - SMALL3 completed
			gdp.bigm Transformation...
			gdp.bigm Transformation completed in 0 s
		 - Constructing Arc SMALL2 - SMALL4 completed
			gdp.bigm Transformation...
			gdp.bigm Transformation completed in 0 s
		 - Constructing Arc SMALL2 - STORAGE completed
			gdp.bigm Transformation...
			gdp.bigm Transformation completed in 0 s
		 - Constructing Arc SMALL3 - BIG1 completed
			gdp.bigm Transformation...
			gdp.bigm Transformation completed in 0 s
		 - Constructing Arc SMALL3 - BIG2 completed
			gdp.bigm Transformation...
			gdp.bigm Transformation completed in 0 s
		 - Constructing Arc SMALL3 - SMALL1 completed
			gdp.bigm Transformation...
			gdp.bigm Transformation completed in 0 s
		 - Constructing Arc SMALL3 - SMALL2 completed
			gdp.bigm Transformation...
			gdp.bigm Transformation completed in 0 s
		 - Constructing Arc SMALL3 - SMALL4 completed
			gdp.bigm Transformation...
			gdp.bigm Transformation completed in 0 s
		 - Constructing Arc SMALL3 - STORAGE completed
			gdp.bigm Transformation...
			gdp.bigm Transformation completed in 0 s
		 - Constructing Arc SMALL4 - BIG1 completed
			gdp.bigm Transformation...
			gdp.bigm Transformation completed in 0 s
		 - Constructing Arc SMALL4 - BIG2 completed
			gdp.bigm Transformation...
			gdp.bigm Transformation completed in 0 s
		 - Constructing Arc SMALL4 - SMALL1 completed
			gdp.bigm Transformation...
			gdp.bigm Transformation completed in 0 s
		 - Constructing Arc SMALL4 - SMALL2 completed
			gdp.bigm Transformation...
			gdp.bigm Transformation completed in 0 s
		 - Constructing Arc SMALL4 - SMALL3 completed
			gdp.bigm Transformation...
			gdp.bigm Transformation completed in 0 s
		 - Constructing Arc SMALL4 - STORAGE completed
			gdp.bigm Transformation...
			gdp.bigm Transformation completed in 0 s
		 - Constructing Arc STORAGE - BIG1 completed
			gdp.bigm Transformation...
			gdp.bigm Transformation completed in 0 s
		 - Constructing Arc STORAGE - BIG2 completed
			gdp.bigm Transformation...
			gdp.bigm Transformation completed in 0 s
		 - Constructing Arc STORAGE - SMALL1 completed
			gdp.bigm Transformation...
			gdp.bigm Transformation completed in 0 s
		 - Constructing Arc STORAGE - SMALL2 completed
			gdp.bigm Transformation...
			gdp.bigm Transformation completed in 0 s
		 - Constructing Arc STORAGE - SMALL3 completed
			gdp.bigm Transformation...
			gdp.bigm Transformation completed in 0 s
		 - Constructing Arc STORAGE - SMALL4 completed
	 - Constructing Network hydrogenPipelineOnshore_lowP completed
			gdp.bigm Transformation...
			gdp.bigm Transformation completed in 77 s
	 - Constructing Network hydrogenPipelineOnshore_highP
			gdp.bigm Transformation...
			gdp.bigm Transformation completed in 0 s
		 - Constructing Arc BIG1 - BIG2 completed
			gdp.bigm Transformation...
			gdp.bigm Transformation completed in 0 s
		 - Constructing Arc BIG1 - SMALL1 completed
			gdp.bigm Transformation...
			gdp.bigm Transformation completed in 0 s
		 - Constructing Arc BIG1 - SMALL2 completed
			gdp.bigm Transformation...
			gdp.bigm Transformation completed in 0 s
		 - Constructing Arc BIG1 - SMALL3 completed
			gdp.bigm Transformation...
			gdp.bigm Transformation completed in 0 s
		 - Constructing Arc BIG1 - SMALL4 completed
			gdp.bigm Transformation...
			gdp.bigm Transformation completed in 0 s
		 - Constructing Arc BIG1 - STORAGE completed
			gdp.bigm Transformation...
			gdp.bigm Transformation completed in 0 s
		 - Constructing Arc BIG2 - BIG1 completed
			gdp.bigm Transformation...
			gdp.bigm Transformation completed in 0 s
		 - Constructing Arc BIG2 - SMALL1 completed
			gdp.bigm Transformation...
			gdp.bigm Transformation completed in 0 s
		 - Constructing Arc BIG2 - SMALL2 completed
			gdp.bigm Transformation...
			gdp.bigm Transformation completed in 0 s
		 - Constructing Arc BIG2 - SMALL3 completed
			gdp.bigm Transformation...
			gdp.bigm Transformation completed in 0 s
		 - Constructing Arc BIG2 - SMALL4 completed
			gdp.bigm Transformation...
			gdp.bigm Transformation completed in 0 s
		 - Constructing Arc BIG2 - STORAGE completed
			gdp.bigm Transformation...
			gdp.bigm Transformation completed in 0 s
		 - Constructing Arc SMALL1 - BIG1 completed
			gdp.bigm Transformation...
			gdp.bigm Transformation completed in 0 s
		 - Constructing Arc SMALL1 - BIG2 completed
			gdp.bigm Transformation...
			gdp.bigm Transformation completed in 0 s
		 - Constructing Arc SMALL1 - SMALL2 completed
			gdp.bigm Transformation...
			gdp.bigm Transformation completed in 0 s
		 - Constructing Arc SMALL1 - SMALL3 completed
			gdp.bigm Transformation...
			gdp.bigm Transformation completed in 0 s
		 - Constructing Arc SMALL1 - SMALL4 completed
			gdp.bigm Transformation...
			gdp.bigm Transformation completed in 0 s
		 - Constructing Arc SMALL1 - STORAGE completed
			gdp.bigm Transformation...
			gdp.bigm Transformation completed in 0 s
		 - Constructing Arc SMALL2 - BIG1 completed
			gdp.bigm Transformation...
			gdp.bigm Transformation completed in 0 s
		 - Constructing Arc SMALL2 - BIG2 completed
			gdp.bigm Transformation...
			gdp.bigm Transformation completed in 0 s
		 - Constructing Arc SMALL2 - SMALL1 completed
			gdp.bigm Transformation...
			gdp.bigm Transformation completed in 0 s
		 - Constructing Arc SMALL2 - SMALL3 completed
			gdp.bigm Transformation...
			gdp.bigm Transformation completed in 0 s
		 - Constructing Arc SMALL2 - SMALL4 completed
			gdp.bigm Transformation...
			gdp.bigm Transformation completed in 0 s
		 - Constructing Arc SMALL2 - STORAGE completed
			gdp.bigm Transformation...
			gdp.bigm Transformation completed in 0 s
		 - Constructing Arc SMALL3 - BIG1 completed
			gdp.bigm Transformation...
			gdp.bigm Transformation completed in 0 s
		 - Constructing Arc SMALL3 - BIG2 completed
			gdp.bigm Transformation...
			gdp.bigm Transformation completed in 0 s
		 - Constructing Arc SMALL3 - SMALL1 completed
			gdp.bigm Transformation...
			gdp.bigm Transformation completed in 0 s
		 - Constructing Arc SMALL3 - SMALL2 completed
			gdp.bigm Transformation...
			gdp.bigm Transformation completed in 0 s
		 - Constructing Arc SMALL3 - SMALL4 completed
			gdp.bigm Transformation...
			gdp.bigm Transformation completed in 0 s
		 - Constructing Arc SMALL3 - STORAGE completed
			gdp.bigm Transformation...
			gdp.bigm Transformation completed in 0 s
		 - Constructing Arc SMALL4 - BIG1 completed
			gdp.bigm Transformation...
			gdp.bigm Transformation completed in 0 s
		 - Constructing Arc SMALL4 - BIG2 completed
			gdp.bigm Transformation...
			gdp.bigm Transformation completed in 0 s
		 - Constructing Arc SMALL4 - SMALL1 completed
			gdp.bigm Transformation...
			gdp.bigm Transformation completed in 0 s
		 - Constructing Arc SMALL4 - SMALL2 completed
			gdp.bigm Transformation...
			gdp.bigm Transformation completed in 0 s
		 - Constructing Arc SMALL4 - SMALL3 completed
			gdp.bigm Transformation...
			gdp.bigm Transformation completed in 0 s
		 - Constructing Arc SMALL4 - STORAGE completed
			gdp.bigm Transformation...
			gdp.bigm Transformation completed in 0 s
		 - Constructing Arc STORAGE - BIG1 completed
			gdp.bigm Transformation...
			gdp.bigm Transformation completed in 0 s
		 - Constructing Arc STORAGE - BIG2 completed
			gdp.bigm Transformation...
			gdp.bigm Transformation completed in 0 s
		 - Constructing Arc STORAGE - SMALL1 completed
			gdp.bigm Transformation...
			gdp.bigm Transformation completed in 0 s
		 - Constructing Arc STORAGE - SMALL2 completed
			gdp.bigm Transformation...
			gdp.bigm Transformation completed in 0 s
		 - Constructing Arc STORAGE - SMALL3 completed
			gdp.bigm Transformation...
			gdp.bigm Transformation completed in 0 s
		 - Constructing Arc STORAGE - SMALL4 completed
	 - Constructing Network hydrogenPipelineOnshore_highP completed
			gdp.bigm Transformation...
			gdp.bigm Transformation completed in 77 s
	 - Adding Technology Electrolyzer_big
			gdp.bigm Transformation...
			gdp.bigm Transformation completed in 0 s
	 - Adding Technology Storage_H2_highP
			gdp.bigm Transformation...
			gdp.bigm Transformation completed in 4 s
	 - Adding Compressor hydrogen_Compressor_hydrogenPipelineOnshore_lowP_hydrogenPipelineOnshore_lowP
	 - Adding Compressor hydrogen_Compressor_hydrogenPipelineOnshore_lowP_hydrogenPipelineOnshore_highP
	 - Adding Compressor hydrogen_Compressor_hydrogenPipelineOnshore_lowP_Storage_H2_highP
	 - Adding Compressor hydrogen_Compressor_hydrogenPipelineOnshore_lowP_Demand
	 - Adding Compressor hydrogen_Compressor_hydrogenPipelineOnshore_highP_hydrogenPipelineOnshore_lowP
	 - Adding Compressor hydrogen_Compressor_hydrogenPipelineOnshore_highP_hydrogenPipelineOnshore_highP
	 - Adding Compressor hydrogen_Compressor_hydrogenPipelineOnshore_highP_Storage_H2_highP
	 - Adding Compressor hydrogen_Compressor_hydrogenPipelineOnshore_highP_Demand
	 - Adding Compressor hydrogen_Compressor_Electrolyzer_big_hydrogenPipelineOnshore_lowP
	 - Adding Compressor hydrogen_Compressor_Electrolyzer_big_hydrogenPipelineOnshore_highP
	 - Adding Compressor hydrogen_Compressor_Electrolyzer_big_Storage_H2_highP
	 - Adding Compressor hydrogen_Compressor_Electrolyzer_big_Demand
	 - Adding Compressor hydrogen_Compressor_Storage_H2_highP_hydrogenPipelineOnshore_lowP
	 - Adding Compressor hydrogen_Compressor_Storage_H2_highP_hydrogenPipelineOnshore_highP
	 - Adding Compressor hydrogen_Compressor_Storage_H2_highP_Storage_H2_highP
	 - Adding Compressor hydrogen_Compressor_Storage_H2_highP_Demand
	 - Adding Compressor hydrogen_Compressor_Import_hydrogenPipelineOnshore_lowP
	 - Adding Compressor hydrogen_Compressor_Import_hydrogenPipelineOnshore_highP
	 - Adding Compressor hydrogen_Compressor_Import_Storage_H2_highP
	 - Adding Compressor hydrogen_Compressor_Import_Demand_existing
	 - Adding Technology Electrolyzer_big
			gdp.bigm Transformation...
			gdp.bigm Transformation completed in 0 s
	 - Adding Technology Storage_H2_highP
			gdp.bigm Transformation...
			gdp.bigm Transformation completed in 4 s
	 - Adding Compressor hydrogen_Compressor_hydrogenPipelineOnshore_lowP_hydrogenPipelineOnshore_lowP
	 - Adding Compressor hydrogen_Compressor_hydrogenPipelineOnshore_lowP_hydrogenPipelineOnshore_highP
	 - Adding Compressor hydrogen_Compressor_hydrogenPipelineOnshore_lowP_Storage_H2_highP
	 - Adding Compressor hydrogen_Compressor_hydrogenPipelineOnshore_lowP_Demand
	 - Adding Compressor hydrogen_Compressor_hydrogenPipelineOnshore_highP_hydrogenPipelineOnshore_lowP
	 - Adding Compressor hydrogen_Compressor_hydrogenPipelineOnshore_highP_hydrogenPipelineOnshore_highP
	 - Adding Compressor hydrogen_Compressor_hydrogenPipelineOnshore_highP_Storage_H2_highP
	 - Adding Compressor hydrogen_Compressor_hydrogenPipelineOnshore_highP_Demand
	 - Adding Compressor hydrogen_Compressor_Electrolyzer_big_hydrogenPipelineOnshore_lowP
	 - Adding Compressor hydrogen_Compressor_Electrolyzer_big_hydrogenPipelineOnshore_highP
	 - Adding Compressor hydrogen_Compressor_Electrolyzer_big_Storage_H2_highP
	 - Adding Compressor hydrogen_Compressor_Electrolyzer_big_Demand
	 - Adding Compressor hydrogen_Compressor_Storage_H2_highP_hydrogenPipelineOnshore_lowP
	 - Adding Compressor hydrogen_Compressor_Storage_H2_highP_hydrogenPipelineOnshore_highP
	 - Adding Compressor hydrogen_Compressor_Storage_H2_highP_Storage_H2_highP
	 - Adding Compressor hydrogen_Compressor_Storage_H2_highP_Demand
	 - Adding Compressor hydrogen_Compressor_Import_hydrogenPipelineOnshore_lowP
	 - Adding Compressor hydrogen_Compressor_Import_hydrogenPipelineOnshore_highP
	 - Adding Compressor hydrogen_Compressor_Import_Storage_H2_highP
	 - Adding Compressor hydrogen_Compressor_Import_Demand_existing
	 - Adding Technology Electrolyzer_small
	 - Adding Technology Storage_H2_lowP
			gdp.bigm Transformation...
			gdp.bigm Transformation completed in 4 s
	 - Adding Compressor hydrogen_Compressor_hydrogenPipelineOnshore_lowP_hydrogenPipelineOnshore_lowP
	 - Adding Compressor hydrogen_Compressor_hydrogenPipelineOnshore_lowP_hydrogenPipelineOnshore_highP
	 - Adding Compressor hydrogen_Compressor_hydrogenPipelineOnshore_lowP_Storage_H2_lowP
	 - Adding Compressor hydrogen_Compressor_hydrogenPipelineOnshore_lowP_Demand
	 - Adding Compressor hydrogen_Compressor_hydrogenPipelineOnshore_highP_hydrogenPipelineOnshore_lowP
	 - Adding Compressor hydrogen_Compressor_hydrogenPipelineOnshore_highP_hydrogenPipelineOnshore_highP
	 - Adding Compressor hydrogen_Compressor_hydrogenPipelineOnshore_highP_Storage_H2_lowP
	 - Adding Compressor hydrogen_Compressor_hydrogenPipelineOnshore_highP_Demand
	 - Adding Compressor hydrogen_Compressor_Electrolyzer_small_hydrogenPipelineOnshore_lowP
	 - Adding Compressor hydrogen_Compressor_Electrolyzer_small_hydrogenPipelineOnshore_highP
	 - Adding Compressor hydrogen_Compressor_Electrolyzer_small_Storage_H2_lowP
	 - Adding Compressor hydrogen_Compressor_Electrolyzer_small_Demand
	 - Adding Compressor hydrogen_Compressor_Storage_H2_lowP_hydrogenPipelineOnshore_lowP
	 - Adding Compressor hydrogen_Compressor_Storage_H2_lowP_hydrogenPipelineOnshore_highP
	 - Adding Compressor hydrogen_Compressor_Storage_H2_lowP_Storage_H2_lowP
	 - Adding Compressor hydrogen_Compressor_Storage_H2_lowP_Demand
	 - Adding Technology Electrolyzer_small
	 - Adding Technology Storage_H2_lowP
			gdp.bigm Transformation...
			gdp.bigm Transformation completed in 4 s
	 - Adding Compressor hydrogen_Compressor_hydrogenPipelineOnshore_lowP_hydrogenPipelineOnshore_lowP
	 - Adding Compressor hydrogen_Compressor_hydrogenPipelineOnshore_lowP_hydrogenPipelineOnshore_highP
	 - Adding Compressor hydrogen_Compressor_hydrogenPipelineOnshore_lowP_Storage_H2_lowP
	 - Adding Compressor hydrogen_Compressor_hydrogenPipelineOnshore_lowP_Demand
	 - Adding Compressor hydrogen_Compressor_hydrogenPipelineOnshore_highP_hydrogenPipelineOnshore_lowP
	 - Adding Compressor hydrogen_Compressor_hydrogenPipelineOnshore_highP_hydrogenPipelineOnshore_highP
	 - Adding Compressor hydrogen_Compressor_hydrogenPipelineOnshore_highP_Storage_H2_lowP
	 - Adding Compressor hydrogen_Compressor_hydrogenPipelineOnshore_highP_Demand
	 - Adding Compressor hydrogen_Compressor_Electrolyzer_small_hydrogenPipelineOnshore_lowP
	 - Adding Compressor hydrogen_Compressor_Electrolyzer_small_hydrogenPipelineOnshore_highP
	 - Adding Compressor hydrogen_Compressor_Electrolyzer_small_Storage_H2_lowP
	 - Adding Compressor hydrogen_Compressor_Electrolyzer_small_Demand
	 - Adding Compressor hydrogen_Compressor_Storage_H2_lowP_hydrogenPipelineOnshore_lowP
	 - Adding Compressor hydrogen_Compressor_Storage_H2_lowP_hydrogenPipelineOnshore_highP
	 - Adding Compressor hydrogen_Compressor_Storage_H2_lowP_Storage_H2_lowP
	 - Adding Compressor hydrogen_Compressor_Storage_H2_lowP_Demand
	 - Adding Technology Electrolyzer_small
	 - Adding Technology Storage_H2_lowP
			gdp.bigm Transformation...
			gdp.bigm Transformation completed in 4 s
	 - Adding Compressor hydrogen_Compressor_hydrogenPipelineOnshore_lowP_hydrogenPipelineOnshore_lowP
	 - Adding Compressor hydrogen_Compressor_hydrogenPipelineOnshore_lowP_hydrogenPipelineOnshore_highP
	 - Adding Compressor hydrogen_Compressor_hydrogenPipelineOnshore_lowP_Storage_H2_lowP
	 - Adding Compressor hydrogen_Compressor_hydrogenPipelineOnshore_lowP_Demand
	 - Adding Compressor hydrogen_Compressor_hydrogenPipelineOnshore_highP_hydrogenPipelineOnshore_lowP
	 - Adding Compressor hydrogen_Compressor_hydrogenPipelineOnshore_highP_hydrogenPipelineOnshore_highP
	 - Adding Compressor hydrogen_Compressor_hydrogenPipelineOnshore_highP_Storage_H2_lowP
	 - Adding Compressor hydrogen_Compressor_hydrogenPipelineOnshore_highP_Demand
	 - Adding Compressor hydrogen_Compressor_Electrolyzer_small_hydrogenPipelineOnshore_lowP
	 - Adding Compressor hydrogen_Compressor_Electrolyzer_small_hydrogenPipelineOnshore_highP
	 - Adding Compressor hydrogen_Compressor_Electrolyzer_small_Storage_H2_lowP
	 - Adding Compressor hydrogen_Compressor_Electrolyzer_small_Demand
	 - Adding Compressor hydrogen_Compressor_Storage_H2_lowP_hydrogenPipelineOnshore_lowP
	 - Adding Compressor hydrogen_Compressor_Storage_H2_lowP_hydrogenPipelineOnshore_highP
	 - Adding Compressor hydrogen_Compressor_Storage_H2_lowP_Storage_H2_lowP
	 - Adding Compressor hydrogen_Compressor_Storage_H2_lowP_Demand
	 - Adding Technology Electrolyzer_small
	 - Adding Technology Storage_H2_lowP
			gdp.bigm Transformation...
			gdp.bigm Transformation completed in 4 s
	 - Adding Compressor hydrogen_Compressor_hydrogenPipelineOnshore_lowP_hydrogenPipelineOnshore_lowP
	 - Adding Compressor hydrogen_Compressor_hydrogenPipelineOnshore_lowP_hydrogenPipelineOnshore_highP
	 - Adding Compressor hydrogen_Compressor_hydrogenPipelineOnshore_lowP_Storage_H2_lowP
	 - Adding Compressor hydrogen_Compressor_hydrogenPipelineOnshore_lowP_Demand
	 - Adding Compressor hydrogen_Compressor_hydrogenPipelineOnshore_highP_hydrogenPipelineOnshore_lowP
	 - Adding Compressor hydrogen_Compressor_hydrogenPipelineOnshore_highP_hydrogenPipelineOnshore_highP
	 - Adding Compressor hydrogen_Compressor_hydrogenPipelineOnshore_highP_Storage_H2_lowP
	 - Adding Compressor hydrogen_Compressor_hydrogenPipelineOnshore_highP_Demand
	 - Adding Compressor hydrogen_Compressor_Electrolyzer_small_hydrogenPipelineOnshore_lowP
	 - Adding Compressor hydrogen_Compressor_Electrolyzer_small_hydrogenPipelineOnshore_highP
	 - Adding Compressor hydrogen_Compressor_Electrolyzer_small_Storage_H2_lowP
	 - Adding Compressor hydrogen_Compressor_Electrolyzer_small_Demand
	 - Adding Compressor hydrogen_Compressor_Storage_H2_lowP_hydrogenPipelineOnshore_lowP
	 - Adding Compressor hydrogen_Compressor_Storage_H2_lowP_hydrogenPipelineOnshore_highP
	 - Adding Compressor hydrogen_Compressor_Storage_H2_lowP_Storage_H2_lowP
	 - Adding Compressor hydrogen_Compressor_Storage_H2_lowP_Demand
	 - Adding Technology Storage_H2_Cavern_existing
			gdp.bigm Transformation...
			gdp.bigm Transformation completed in 4 s
	 - Adding Compressor hydrogen_Compressor_hydrogenPipelineOnshore_lowP_hydrogenPipelineOnshore_lowP
	 - Adding Compressor hydrogen_Compressor_hydrogenPipelineOnshore_lowP_hydrogenPipelineOnshore_highP
	 - Adding Compressor hydrogen_Compressor_hydrogenPipelineOnshore_lowP_Storage_H2_Cavern_existing
	 - Adding Compressor hydrogen_Compressor_hydrogenPipelineOnshore_highP_hydrogenPipelineOnshore_lowP
	 - Adding Compressor hydrogen_Compressor_hydrogenPipelineOnshore_highP_hydrogenPipelineOnshore_highP
	 - Adding Compressor hydrogen_Compressor_hydrogenPipelineOnshore_highP_Storage_H2_Cavern_existing
	 - Adding Compressor hydrogen_Compressor_Storage_H2_Cavern_existing_hydrogenPipelineOnshore_lowP
	 - Adding Compressor hydrogen_Compressor_Storage_H2_Cavern_existing_hydrogenPipelineOnshore_highP
	 - Adding Compressor hydrogen_Compressor_Storage_H2_Cavern_existing_Storage_H2_Cavern_existing_existing
Constructing model completed in 437s
Constructing balances...
Constructing balances completed in 17s
Set objective on infrastructure due to willingness to pay
Set parameter OutputFlag to value 1
Set parameter LogFile to value "/gpfs/home3/scur1696/AdOpT-NET0-RegToNation/generic_node_optimization/results/parallel_creation_test_20251124_002357/task_002/t002_parallel_run_0003/userData/20251124003203-1/solver_log.txt"
Solver log file: /gpfs/home3/scur1696/AdOpT-NET0-RegToNation/generic_node_optimization/results/parallel_creation_test_20251124_002357/task_002/t002_parallel_run_0003/userData/20251124003203-1/solver_log.txt
Set parameter TimeLimit to value 180000
Set parameter MIPGap to value 0.01
Set parameter MIPFocus to value 0
Set parameter Threads to value 12
Set parameter NodefileStart to value 60
Set parameter Method to value -1
Set parameter Heuristics to value 0.05
Set parameter Presolve to value 1
Set parameter BranchDir to value 0
Set parameter LPWarmStart to value 0
Set parameter IntFeasTol to value 1e-05
Set parameter FeasibilityTol to value 1e-06
Set parameter Cuts to value -1
Set parameter NumericFocus to value 0
Gurobi Optimizer version 13.0.0 build v13.0.0rc1 (linux64 - "Red Hat Enterprise Linux 9.4 (Plow)")

CPU model: AMD EPYC 9654 96-Core Processor, instruction set [SSE2|AVX|AVX2|AVX512]
Thread count: 192 physical cores, 192 logical processors, using up to 12 threads

Non-default parameters:
TimeLimit  180000
MIPGap  0.01
LPWarmStart  0
NodefileStart  60
Presolve  1
Threads  12

Academic license 2729390 - for non-commercial use only - registered to m.___@uu.nl
Optimize a model with 9050179 rows, 6728544 columns and 21385595 nonzeros (Min)
Model fingerprint: 0xa7e3e070
Model has 1 linear objective coefficients
Variable types: 5869892 continuous, 858652 integer (858652 binary)
Coefficient statistics:
  Matrix range     [2e-03, 2e+08]
  Objective range  [1e+00, 1e+00]
  Bounds range     [5e-02, 6e+08]
  RHS range        [1e+00, 8e+09]
Warning: Model contains large matrix coefficients
Warning: Model contains large rhs
         Consider reformulating model or setting NumericFocus parameter
         to avoid numerical issues.
  [CONFIG] Gurobi default env configured: 12 threads per worker
--- Reading in data ---
Input data folder has been checked successfully - no errors occurred.
--- Reading in data complete ---
--- Constructing Model ---
Constructing Investment Period period1
Constructing Investment Period period1 completed
	 - Constructing Network hydrogenPipelineOnshore_lowP
			gdp.bigm Transformation...
			gdp.bigm Transformation completed in 0 s
		 - Constructing Arc BIG1 - BIG2 completed
			gdp.bigm Transformation...
			gdp.bigm Transformation completed in 0 s
		 - Constructing Arc BIG1 - SMALL1 completed
			gdp.bigm Transformation...
			gdp.bigm Transformation completed in 0 s
		 - Constructing Arc BIG1 - SMALL2 completed
			gdp.bigm Transformation...
			gdp.bigm Transformation completed in 0 s
		 - Constructing Arc BIG1 - SMALL3 completed
			gdp.bigm Transformation...
			gdp.bigm Transformation completed in 0 s
		 - Constructing Arc BIG1 - SMALL4 completed
			gdp.bigm Transformation...
			gdp.bigm Transformation completed in 0 s
		 - Constructing Arc BIG1 - STORAGE completed
			gdp.bigm Transformation...
			gdp.bigm Transformation completed in 0 s
		 - Constructing Arc BIG2 - BIG1 completed
			gdp.bigm Transformation...
			gdp.bigm Transformation completed in 0 s
		 - Constructing Arc BIG2 - SMALL1 completed
			gdp.bigm Transformation...
			gdp.bigm Transformation completed in 0 s
		 - Constructing Arc BIG2 - SMALL2 completed
			gdp.bigm Transformation...
			gdp.bigm Transformation completed in 0 s
		 - Constructing Arc BIG2 - SMALL3 completed
			gdp.bigm Transformation...
			gdp.bigm Transformation completed in 0 s
		 - Constructing Arc BIG2 - SMALL4 completed
			gdp.bigm Transformation...
			gdp.bigm Transformation completed in 0 s
		 - Constructing Arc BIG2 - STORAGE completed
			gdp.bigm Transformation...
			gdp.bigm Transformation completed in 0 s
		 - Constructing Arc SMALL1 - BIG1 completed
			gdp.bigm Transformation...
			gdp.bigm Transformation completed in 0 s
		 - Constructing Arc SMALL1 - BIG2 completed
			gdp.bigm Transformation...
			gdp.bigm Transformation completed in 0 s
		 - Constructing Arc SMALL1 - SMALL2 completed
			gdp.bigm Transformation...
			gdp.bigm Transformation completed in 0 s
		 - Constructing Arc SMALL1 - SMALL3 completed
			gdp.bigm Transformation...
			gdp.bigm Transformation completed in 0 s
		 - Constructing Arc SMALL1 - SMALL4 completed
			gdp.bigm Transformation...
			gdp.bigm Transformation completed in 0 s
		 - Constructing Arc SMALL1 - STORAGE completed
			gdp.bigm Transformation...
			gdp.bigm Transformation completed in 0 s
		 - Constructing Arc SMALL2 - BIG1 completed
			gdp.bigm Transformation...
			gdp.bigm Transformation completed in 0 s
		 - Constructing Arc SMALL2 - BIG2 completed
			gdp.bigm Transformation...
			gdp.bigm Transformation completed in 0 s
		 - Constructing Arc SMALL2 - SMALL1 completed
			gdp.bigm Transformation...
			gdp.bigm Transformation completed in 0 s
		 - Constructing Arc SMALL2 - SMALL3 completed
			gdp.bigm Transformation...
			gdp.bigm Transformation completed in 0 s
		 - Constructing Arc SMALL2 - SMALL4 completed
			gdp.bigm Transformation...
			gdp.bigm Transformation completed in 0 s
		 - Constructing Arc SMALL2 - STORAGE completed
			gdp.bigm Transformation...
			gdp.bigm Transformation completed in 0 s
		 - Constructing Arc SMALL3 - BIG1 completed
			gdp.bigm Transformation...
			gdp.bigm Transformation completed in 0 s
		 - Constructing Arc SMALL3 - BIG2 completed
			gdp.bigm Transformation...
			gdp.bigm Transformation completed in 0 s
		 - Constructing Arc SMALL3 - SMALL1 completed
			gdp.bigm Transformation...
			gdp.bigm Transformation completed in 0 s
		 - Constructing Arc SMALL3 - SMALL2 completed
			gdp.bigm Transformation...
			gdp.bigm Transformation completed in 0 s
		 - Constructing Arc SMALL3 - SMALL4 completed
			gdp.bigm Transformation...
			gdp.bigm Transformation completed in 0 s
		 - Constructing Arc SMALL3 - STORAGE completed
			gdp.bigm Transformation...
			gdp.bigm Transformation completed in 0 s
		 - Constructing Arc SMALL4 - BIG1 completed
			gdp.bigm Transformation...
			gdp.bigm Transformation completed in 0 s
		 - Constructing Arc SMALL4 - BIG2 completed
			gdp.bigm Transformation...
			gdp.bigm Transformation completed in 0 s
		 - Constructing Arc SMALL4 - SMALL1 completed
			gdp.bigm Transformation...
			gdp.bigm Transformation completed in 0 s
		 - Constructing Arc SMALL4 - SMALL2 completed
			gdp.bigm Transformation...
			gdp.bigm Transformation completed in 0 s
		 - Constructing Arc SMALL4 - SMALL3 completed
			gdp.bigm Transformation...
			gdp.bigm Transformation completed in 0 s
		 - Constructing Arc SMALL4 - STORAGE completed
			gdp.bigm Transformation...
			gdp.bigm Transformation completed in 0 s
		 - Constructing Arc STORAGE - BIG1 completed
			gdp.bigm Transformation...
			gdp.bigm Transformation completed in 0 s
		 - Constructing Arc STORAGE - BIG2 completed
			gdp.bigm Transformation...
			gdp.bigm Transformation completed in 0 s
		 - Constructing Arc STORAGE - SMALL1 completed
			gdp.bigm Transformation...
			gdp.bigm Transformation completed in 0 s
		 - Constructing Arc STORAGE - SMALL2 completed
			gdp.bigm Transformation...
			gdp.bigm Transformation completed in 0 s
		 - Constructing Arc STORAGE - SMALL3 completed
			gdp.bigm Transformation...
			gdp.bigm Transformation completed in 0 s
		 - Constructing Arc STORAGE - SMALL4 completed
	 - Constructing Network hydrogenPipelineOnshore_lowP completed
			gdp.bigm Transformation...
			gdp.bigm Transformation completed in 77 s
	 - Constructing Network hydrogenPipelineOnshore_highP
			gdp.bigm Transformation...
			gdp.bigm Transformation completed in 0 s
		 - Constructing Arc BIG1 - BIG2 completed
			gdp.bigm Transformation...
			gdp.bigm Transformation completed in 0 s
		 - Constructing Arc BIG1 - SMALL1 completed
			gdp.bigm Transformation...
			gdp.bigm Transformation completed in 0 s
		 - Constructing Arc BIG1 - SMALL2 completed
			gdp.bigm Transformation...
			gdp.bigm Transformation completed in 0 s
		 - Constructing Arc BIG1 - SMALL3 completed
			gdp.bigm Transformation...
			gdp.bigm Transformation completed in 0 s
		 - Constructing Arc BIG1 - SMALL4 completed
			gdp.bigm Transformation...
			gdp.bigm Transformation completed in 0 s
		 - Constructing Arc BIG1 - STORAGE completed
			gdp.bigm Transformation...
			gdp.bigm Transformation completed in 0 s
		 - Constructing Arc BIG2 - BIG1 completed
			gdp.bigm Transformation...
			gdp.bigm Transformation completed in 0 s
		 - Constructing Arc BIG2 - SMALL1 completed
			gdp.bigm Transformation...
			gdp.bigm Transformation completed in 0 s
		 - Constructing Arc BIG2 - SMALL2 completed
			gdp.bigm Transformation...
			gdp.bigm Transformation completed in 0 s
		 - Constructing Arc BIG2 - SMALL3 completed
			gdp.bigm Transformation...
			gdp.bigm Transformation completed in 0 s
		 - Constructing Arc BIG2 - SMALL4 completed
			gdp.bigm Transformation...
			gdp.bigm Transformation completed in 0 s
		 - Constructing Arc BIG2 - STORAGE completed
			gdp.bigm Transformation...
			gdp.bigm Transformation completed in 0 s
		 - Constructing Arc SMALL1 - BIG1 completed
			gdp.bigm Transformation...
			gdp.bigm Transformation completed in 0 s
		 - Constructing Arc SMALL1 - BIG2 completed
			gdp.bigm Transformation...
			gdp.bigm Transformation completed in 0 s
		 - Constructing Arc SMALL1 - SMALL2 completed
			gdp.bigm Transformation...
			gdp.bigm Transformation completed in 0 s
		 - Constructing Arc SMALL1 - SMALL3 completed
			gdp.bigm Transformation...
			gdp.bigm Transformation completed in 0 s
		 - Constructing Arc SMALL1 - SMALL4 completed
			gdp.bigm Transformation...
			gdp.bigm Transformation completed in 0 s
		 - Constructing Arc SMALL1 - STORAGE completed
			gdp.bigm Transformation...
			gdp.bigm Transformation completed in 0 s
		 - Constructing Arc SMALL2 - BIG1 completed
			gdp.bigm Transformation...
			gdp.bigm Transformation completed in 0 s
		 - Constructing Arc SMALL2 - BIG2 completed
			gdp.bigm Transformation...
			gdp.bigm Transformation completed in 0 s
		 - Constructing Arc SMALL2 - SMALL1 completed
			gdp.bigm Transformation...
			gdp.bigm Transformation completed in 0 s
		 - Constructing Arc SMALL2 - SMALL3 completed
			gdp.bigm Transformation...
			gdp.bigm Transformation completed in 0 s
		 - Constructing Arc SMALL2 - SMALL4 completed
			gdp.bigm Transformation...
			gdp.bigm Transformation completed in 0 s
		 - Constructing Arc SMALL2 - STORAGE completed
			gdp.bigm Transformation...
			gdp.bigm Transformation completed in 0 s
		 - Constructing Arc SMALL3 - BIG1 completed
			gdp.bigm Transformation...
			gdp.bigm Transformation completed in 0 s
		 - Constructing Arc SMALL3 - BIG2 completed
			gdp.bigm Transformation...
			gdp.bigm Transformation completed in 0 s
		 - Constructing Arc SMALL3 - SMALL1 completed
			gdp.bigm Transformation...
			gdp.bigm Transformation completed in 0 s
		 - Constructing Arc SMALL3 - SMALL2 completed
			gdp.bigm Transformation...
			gdp.bigm Transformation completed in 0 s
		 - Constructing Arc SMALL3 - SMALL4 completed
			gdp.bigm Transformation...
			gdp.bigm Transformation completed in 0 s
		 - Constructing Arc SMALL3 - STORAGE completed
			gdp.bigm Transformation...
			gdp.bigm Transformation completed in 0 s
		 - Constructing Arc SMALL4 - BIG1 completed
			gdp.bigm Transformation...
			gdp.bigm Transformation completed in 0 s
		 - Constructing Arc SMALL4 - BIG2 completed
			gdp.bigm Transformation...
			gdp.bigm Transformation completed in 0 s
		 - Constructing Arc SMALL4 - SMALL1 completed
			gdp.bigm Transformation...
			gdp.bigm Transformation completed in 0 s
		 - Constructing Arc SMALL4 - SMALL2 completed
			gdp.bigm Transformation...
			gdp.bigm Transformation completed in 0 s
		 - Constructing Arc SMALL4 - SMALL3 completed
			gdp.bigm Transformation...
			gdp.bigm Transformation completed in 0 s
		 - Constructing Arc SMALL4 - STORAGE completed
			gdp.bigm Transformation...
			gdp.bigm Transformation completed in 0 s
		 - Constructing Arc STORAGE - BIG1 completed
			gdp.bigm Transformation...
			gdp.bigm Transformation completed in 0 s
		 - Constructing Arc STORAGE - BIG2 completed
			gdp.bigm Transformation...
			gdp.bigm Transformation completed in 0 s
		 - Constructing Arc STORAGE - SMALL1 completed
			gdp.bigm Transformation...
			gdp.bigm Transformation completed in 0 s
		 - Constructing Arc STORAGE - SMALL2 completed
			gdp.bigm Transformation...
			gdp.bigm Transformation completed in 0 s
		 - Constructing Arc STORAGE - SMALL3 completed
			gdp.bigm Transformation...
			gdp.bigm Transformation completed in 0 s
		 - Constructing Arc STORAGE - SMALL4 completed
	 - Constructing Network hydrogenPipelineOnshore_highP completed
			gdp.bigm Transformation...
			gdp.bigm Transformation completed in 77 s
	 - Adding Technology Electrolyzer_big
			gdp.bigm Transformation...
			gdp.bigm Transformation completed in 0 s
	 - Adding Technology Storage_H2_highP
			gdp.bigm Transformation...
			gdp.bigm Transformation completed in 4 s
	 - Adding Compressor hydrogen_Compressor_hydrogenPipelineOnshore_lowP_hydrogenPipelineOnshore_lowP
	 - Adding Compressor hydrogen_Compressor_hydrogenPipelineOnshore_lowP_hydrogenPipelineOnshore_highP
	 - Adding Compressor hydrogen_Compressor_hydrogenPipelineOnshore_lowP_Storage_H2_highP
	 - Adding Compressor hydrogen_Compressor_hydrogenPipelineOnshore_lowP_Demand
	 - Adding Compressor hydrogen_Compressor_hydrogenPipelineOnshore_highP_hydrogenPipelineOnshore_lowP
	 - Adding Compressor hydrogen_Compressor_hydrogenPipelineOnshore_highP_hydrogenPipelineOnshore_highP
	 - Adding Compressor hydrogen_Compressor_hydrogenPipelineOnshore_highP_Storage_H2_highP
	 - Adding Compressor hydrogen_Compressor_hydrogenPipelineOnshore_highP_Demand
	 - Adding Compressor hydrogen_Compressor_Electrolyzer_big_hydrogenPipelineOnshore_lowP
	 - Adding Compressor hydrogen_Compressor_Electrolyzer_big_hydrogenPipelineOnshore_highP
	 - Adding Compressor hydrogen_Compressor_Electrolyzer_big_Storage_H2_highP
	 - Adding Compressor hydrogen_Compressor_Electrolyzer_big_Demand
	 - Adding Compressor hydrogen_Compressor_Storage_H2_highP_hydrogenPipelineOnshore_lowP
	 - Adding Compressor hydrogen_Compressor_Storage_H2_highP_hydrogenPipelineOnshore_highP
	 - Adding Compressor hydrogen_Compressor_Storage_H2_highP_Storage_H2_highP
	 - Adding Compressor hydrogen_Compressor_Storage_H2_highP_Demand
	 - Adding Compressor hydrogen_Compressor_Import_hydrogenPipelineOnshore_lowP
	 - Adding Compressor hydrogen_Compressor_Import_hydrogenPipelineOnshore_highP
	 - Adding Compressor hydrogen_Compressor_Import_Storage_H2_highP
	 - Adding Compressor hydrogen_Compressor_Import_Demand_existing
	 - Adding Technology Electrolyzer_big
			gdp.bigm Transformation...
			gdp.bigm Transformation completed in 0 s
	 - Adding Technology Storage_H2_highP
			gdp.bigm Transformation...
			gdp.bigm Transformation completed in 4 s
	 - Adding Compressor hydrogen_Compressor_hydrogenPipelineOnshore_lowP_hydrogenPipelineOnshore_lowP
	 - Adding Compressor hydrogen_Compressor_hydrogenPipelineOnshore_lowP_hydrogenPipelineOnshore_highP
	 - Adding Compressor hydrogen_Compressor_hydrogenPipelineOnshore_lowP_Storage_H2_highP
	 - Adding Compressor hydrogen_Compressor_hydrogenPipelineOnshore_lowP_Demand
	 - Adding Compressor hydrogen_Compressor_hydrogenPipelineOnshore_highP_hydrogenPipelineOnshore_lowP
	 - Adding Compressor hydrogen_Compressor_hydrogenPipelineOnshore_highP_hydrogenPipelineOnshore_highP
	 - Adding Compressor hydrogen_Compressor_hydrogenPipelineOnshore_highP_Storage_H2_highP
	 - Adding Compressor hydrogen_Compressor_hydrogenPipelineOnshore_highP_Demand
	 - Adding Compressor hydrogen_Compressor_Electrolyzer_big_hydrogenPipelineOnshore_lowP
	 - Adding Compressor hydrogen_Compressor_Electrolyzer_big_hydrogenPipelineOnshore_highP
	 - Adding Compressor hydrogen_Compressor_Electrolyzer_big_Storage_H2_highP
	 - Adding Compressor hydrogen_Compressor_Electrolyzer_big_Demand
	 - Adding Compressor hydrogen_Compressor_Storage_H2_highP_hydrogenPipelineOnshore_lowP
	 - Adding Compressor hydrogen_Compressor_Storage_H2_highP_hydrogenPipelineOnshore_highP
	 - Adding Compressor hydrogen_Compressor_Storage_H2_highP_Storage_H2_highP
	 - Adding Compressor hydrogen_Compressor_Storage_H2_highP_Demand
	 - Adding Compressor hydrogen_Compressor_Import_hydrogenPipelineOnshore_lowP
	 - Adding Compressor hydrogen_Compressor_Import_hydrogenPipelineOnshore_highP
	 - Adding Compressor hydrogen_Compressor_Import_Storage_H2_highP
	 - Adding Compressor hydrogen_Compressor_Import_Demand_existing
	 - Adding Technology Electrolyzer_small
	 - Adding Technology Storage_H2_lowP
			gdp.bigm Transformation...
			gdp.bigm Transformation completed in 4 s
	 - Adding Compressor hydrogen_Compressor_hydrogenPipelineOnshore_lowP_hydrogenPipelineOnshore_lowP
	 - Adding Compressor hydrogen_Compressor_hydrogenPipelineOnshore_lowP_hydrogenPipelineOnshore_highP
	 - Adding Compressor hydrogen_Compressor_hydrogenPipelineOnshore_lowP_Storage_H2_lowP
	 - Adding Compressor hydrogen_Compressor_hydrogenPipelineOnshore_lowP_Demand
	 - Adding Compressor hydrogen_Compressor_hydrogenPipelineOnshore_highP_hydrogenPipelineOnshore_lowP
	 - Adding Compressor hydrogen_Compressor_hydrogenPipelineOnshore_highP_hydrogenPipelineOnshore_highP
	 - Adding Compressor hydrogen_Compressor_hydrogenPipelineOnshore_highP_Storage_H2_lowP
	 - Adding Compressor hydrogen_Compressor_hydrogenPipelineOnshore_highP_Demand
	 - Adding Compressor hydrogen_Compressor_Electrolyzer_small_hydrogenPipelineOnshore_lowP
	 - Adding Compressor hydrogen_Compressor_Electrolyzer_small_hydrogenPipelineOnshore_highP
	 - Adding Compressor hydrogen_Compressor_Electrolyzer_small_Storage_H2_lowP
	 - Adding Compressor hydrogen_Compressor_Electrolyzer_small_Demand
	 - Adding Compressor hydrogen_Compressor_Storage_H2_lowP_hydrogenPipelineOnshore_lowP
	 - Adding Compressor hydrogen_Compressor_Storage_H2_lowP_hydrogenPipelineOnshore_highP
	 - Adding Compressor hydrogen_Compressor_Storage_H2_lowP_Storage_H2_lowP
	 - Adding Compressor hydrogen_Compressor_Storage_H2_lowP_Demand
	 - Adding Technology Electrolyzer_small
	 - Adding Technology Storage_H2_lowP
			gdp.bigm Transformation...
			gdp.bigm Transformation completed in 4 s
	 - Adding Compressor hydrogen_Compressor_hydrogenPipelineOnshore_lowP_hydrogenPipelineOnshore_lowP
	 - Adding Compressor hydrogen_Compressor_hydrogenPipelineOnshore_lowP_hydrogenPipelineOnshore_highP
	 - Adding Compressor hydrogen_Compressor_hydrogenPipelineOnshore_lowP_Storage_H2_lowP
	 - Adding Compressor hydrogen_Compressor_hydrogenPipelineOnshore_lowP_Demand
	 - Adding Compressor hydrogen_Compressor_hydrogenPipelineOnshore_highP_hydrogenPipelineOnshore_lowP
	 - Adding Compressor hydrogen_Compressor_hydrogenPipelineOnshore_highP_hydrogenPipelineOnshore_highP
	 - Adding Compressor hydrogen_Compressor_hydrogenPipelineOnshore_highP_Storage_H2_lowP
	 - Adding Compressor hydrogen_Compressor_hydrogenPipelineOnshore_highP_Demand
	 - Adding Compressor hydrogen_Compressor_Electrolyzer_small_hydrogenPipelineOnshore_lowP
	 - Adding Compressor hydrogen_Compressor_Electrolyzer_small_hydrogenPipelineOnshore_highP
	 - Adding Compressor hydrogen_Compressor_Electrolyzer_small_Storage_H2_lowP
	 - Adding Compressor hydrogen_Compressor_Electrolyzer_small_Demand
	 - Adding Compressor hydrogen_Compressor_Storage_H2_lowP_hydrogenPipelineOnshore_lowP
	 - Adding Compressor hydrogen_Compressor_Storage_H2_lowP_hydrogenPipelineOnshore_highP
	 - Adding Compressor hydrogen_Compressor_Storage_H2_lowP_Storage_H2_lowP
	 - Adding Compressor hydrogen_Compressor_Storage_H2_lowP_Demand
	 - Adding Technology Electrolyzer_small
	 - Adding Technology Storage_H2_lowP
			gdp.bigm Transformation...
			gdp.bigm Transformation completed in 4 s
	 - Adding Compressor hydrogen_Compressor_hydrogenPipelineOnshore_lowP_hydrogenPipelineOnshore_lowP
	 - Adding Compressor hydrogen_Compressor_hydrogenPipelineOnshore_lowP_hydrogenPipelineOnshore_highP
	 - Adding Compressor hydrogen_Compressor_hydrogenPipelineOnshore_lowP_Storage_H2_lowP
	 - Adding Compressor hydrogen_Compressor_hydrogenPipelineOnshore_lowP_Demand
	 - Adding Compressor hydrogen_Compressor_hydrogenPipelineOnshore_highP_hydrogenPipelineOnshore_lowP
	 - Adding Compressor hydrogen_Compressor_hydrogenPipelineOnshore_highP_hydrogenPipelineOnshore_highP
	 - Adding Compressor hydrogen_Compressor_hydrogenPipelineOnshore_highP_Storage_H2_lowP
	 - Adding Compressor hydrogen_Compressor_hydrogenPipelineOnshore_highP_Demand
	 - Adding Compressor hydrogen_Compressor_Electrolyzer_small_hydrogenPipelineOnshore_lowP
	 - Adding Compressor hydrogen_Compressor_Electrolyzer_small_hydrogenPipelineOnshore_highP
	 - Adding Compressor hydrogen_Compressor_Electrolyzer_small_Storage_H2_lowP
	 - Adding Compressor hydrogen_Compressor_Electrolyzer_small_Demand
	 - Adding Compressor hydrogen_Compressor_Storage_H2_lowP_hydrogenPipelineOnshore_lowP
	 - Adding Compressor hydrogen_Compressor_Storage_H2_lowP_hydrogenPipelineOnshore_highP
	 - Adding Compressor hydrogen_Compressor_Storage_H2_lowP_Storage_H2_lowP
	 - Adding Compressor hydrogen_Compressor_Storage_H2_lowP_Demand
	 - Adding Technology Electrolyzer_small
	 - Adding Technology Storage_H2_lowP
			gdp.bigm Transformation...
			gdp.bigm Transformation completed in 4 s
	 - Adding Compressor hydrogen_Compressor_hydrogenPipelineOnshore_lowP_hydrogenPipelineOnshore_lowP
	 - Adding Compressor hydrogen_Compressor_hydrogenPipelineOnshore_lowP_hydrogenPipelineOnshore_highP
	 - Adding Compressor hydrogen_Compressor_hydrogenPipelineOnshore_lowP_Storage_H2_lowP
	 - Adding Compressor hydrogen_Compressor_hydrogenPipelineOnshore_lowP_Demand
	 - Adding Compressor hydrogen_Compressor_hydrogenPipelineOnshore_highP_hydrogenPipelineOnshore_lowP
	 - Adding Compressor hydrogen_Compressor_hydrogenPipelineOnshore_highP_hydrogenPipelineOnshore_highP
	 - Adding Compressor hydrogen_Compressor_hydrogenPipelineOnshore_highP_Storage_H2_lowP
	 - Adding Compressor hydrogen_Compressor_hydrogenPipelineOnshore_highP_Demand
	 - Adding Compressor hydrogen_Compressor_Electrolyzer_small_hydrogenPipelineOnshore_lowP
	 - Adding Compressor hydrogen_Compressor_Electrolyzer_small_hydrogenPipelineOnshore_highP
	 - Adding Compressor hydrogen_Compressor_Electrolyzer_small_Storage_H2_lowP
	 - Adding Compressor hydrogen_Compressor_Electrolyzer_small_Demand
	 - Adding Compressor hydrogen_Compressor_Storage_H2_lowP_hydrogenPipelineOnshore_lowP
	 - Adding Compressor hydrogen_Compressor_Storage_H2_lowP_hydrogenPipelineOnshore_highP
	 - Adding Compressor hydrogen_Compressor_Storage_H2_lowP_Storage_H2_lowP
	 - Adding Compressor hydrogen_Compressor_Storage_H2_lowP_Demand
	 - Adding Technology Storage_H2_Cavern_existing
			gdp.bigm Transformation...
			gdp.bigm Transformation completed in 4 s
	 - Adding Compressor hydrogen_Compressor_hydrogenPipelineOnshore_lowP_hydrogenPipelineOnshore_lowP
	 - Adding Compressor hydrogen_Compressor_hydrogenPipelineOnshore_lowP_hydrogenPipelineOnshore_highP
	 - Adding Compressor hydrogen_Compressor_hydrogenPipelineOnshore_lowP_Storage_H2_Cavern_existing
	 - Adding Compressor hydrogen_Compressor_hydrogenPipelineOnshore_highP_hydrogenPipelineOnshore_lowP
	 - Adding Compressor hydrogen_Compressor_hydrogenPipelineOnshore_highP_hydrogenPipelineOnshore_highP
	 - Adding Compressor hydrogen_Compressor_hydrogenPipelineOnshore_highP_Storage_H2_Cavern_existing
	 - Adding Compressor hydrogen_Compressor_Storage_H2_Cavern_existing_hydrogenPipelineOnshore_lowP
	 - Adding Compressor hydrogen_Compressor_Storage_H2_Cavern_existing_hydrogenPipelineOnshore_highP
	 - Adding Compressor hydrogen_Compressor_Storage_H2_Cavern_existing_Storage_H2_Cavern_existing_existing
Constructing model completed in 440s
Constructing balances...
Constructing balances completed in 17s
Set objective on infrastructure due to willingness to pay
Set parameter OutputFlag to value 1
Set parameter LogFile to value "/gpfs/home3/scur1696/AdOpT-NET0-RegToNation/generic_node_optimization/results/parallel_creation_test_20251124_002357/task_002/t002_parallel_run_0002/userData/20251124003206-1/solver_log.txt"
Solver log file: /gpfs/home3/scur1696/AdOpT-NET0-RegToNation/generic_node_optimization/results/parallel_creation_test_20251124_002357/task_002/t002_parallel_run_0002/userData/20251124003206-1/solver_log.txt
Set parameter TimeLimit to value 180000
Set parameter MIPGap to value 0.01
Set parameter MIPFocus to value 0
Set parameter Threads to value 12
Set parameter NodefileStart to value 60
Set parameter Method to value -1
Set parameter Heuristics to value 0.05
Set parameter Presolve to value 1
Set parameter BranchDir to value 0
Set parameter LPWarmStart to value 0
Set parameter IntFeasTol to value 1e-05
Set parameter FeasibilityTol to value 1e-06
Set parameter Cuts to value -1
Set parameter NumericFocus to value 0
  [CONFIG] Gurobi default env configured: 12 threads per worker
--- Reading in data ---
Input data folder has been checked successfully - no errors occurred.
--- Reading in data complete ---
--- Constructing Model ---
Constructing Investment Period period1
Constructing Investment Period period1 completed
	 - Constructing Network hydrogenPipelineOnshore_lowP
			gdp.bigm Transformation...
			gdp.bigm Transformation completed in 0 s
		 - Constructing Arc BIG1 - BIG2 completed
			gdp.bigm Transformation...
			gdp.bigm Transformation completed in 0 s
		 - Constructing Arc BIG1 - SMALL1 completed
			gdp.bigm Transformation...
			gdp.bigm Transformation completed in 0 s
		 - Constructing Arc BIG1 - SMALL2 completed
			gdp.bigm Transformation...
			gdp.bigm Transformation completed in 0 s
		 - Constructing Arc BIG1 - SMALL3 completed
			gdp.bigm Transformation...
			gdp.bigm Transformation completed in 0 s
		 - Constructing Arc BIG1 - SMALL4 completed
			gdp.bigm Transformation...
			gdp.bigm Transformation completed in 0 s
		 - Constructing Arc BIG1 - STORAGE completed
			gdp.bigm Transformation...
			gdp.bigm Transformation completed in 0 s
		 - Constructing Arc BIG2 - BIG1 completed
			gdp.bigm Transformation...
			gdp.bigm Transformation completed in 0 s
		 - Constructing Arc BIG2 - SMALL1 completed
			gdp.bigm Transformation...
			gdp.bigm Transformation completed in 0 s
		 - Constructing Arc BIG2 - SMALL2 completed
			gdp.bigm Transformation...
			gdp.bigm Transformation completed in 0 s
		 - Constructing Arc BIG2 - SMALL3 completed
			gdp.bigm Transformation...
			gdp.bigm Transformation completed in 0 s
		 - Constructing Arc BIG2 - SMALL4 completed
			gdp.bigm Transformation...
			gdp.bigm Transformation completed in 0 s
		 - Constructing Arc BIG2 - STORAGE completed
			gdp.bigm Transformation...
			gdp.bigm Transformation completed in 0 s
		 - Constructing Arc SMALL1 - BIG1 completed
			gdp.bigm Transformation...
			gdp.bigm Transformation completed in 0 s
		 - Constructing Arc SMALL1 - BIG2 completed
			gdp.bigm Transformation...
			gdp.bigm Transformation completed in 0 s
		 - Constructing Arc SMALL1 - SMALL2 completed
			gdp.bigm Transformation...
			gdp.bigm Transformation completed in 0 s
		 - Constructing Arc SMALL1 - SMALL3 completed
			gdp.bigm Transformation...
			gdp.bigm Transformation completed in 0 s
		 - Constructing Arc SMALL1 - SMALL4 completed
			gdp.bigm Transformation...
			gdp.bigm Transformation completed in 0 s
		 - Constructing Arc SMALL1 - STORAGE completed
			gdp.bigm Transformation...
			gdp.bigm Transformation completed in 0 s
		 - Constructing Arc SMALL2 - BIG1 completed
			gdp.bigm Transformation...
			gdp.bigm Transformation completed in 0 s
		 - Constructing Arc SMALL2 - BIG2 completed
			gdp.bigm Transformation...
			gdp.bigm Transformation completed in 0 s
		 - Constructing Arc SMALL2 - SMALL1 completed
			gdp.bigm Transformation...
			gdp.bigm Transformation completed in 0 s
		 - Constructing Arc SMALL2 - SMALL3 completed
			gdp.bigm Transformation...
			gdp.bigm Transformation completed in 0 s
		 - Constructing Arc SMALL2 - SMALL4 completed
			gdp.bigm Transformation...
			gdp.bigm Transformation completed in 0 s
		 - Constructing Arc SMALL2 - STORAGE completed
			gdp.bigm Transformation...
			gdp.bigm Transformation completed in 0 s
		 - Constructing Arc SMALL3 - BIG1 completed
			gdp.bigm Transformation...
			gdp.bigm Transformation completed in 0 s
		 - Constructing Arc SMALL3 - BIG2 completed
			gdp.bigm Transformation...
			gdp.bigm Transformation completed in 0 s
		 - Constructing Arc SMALL3 - SMALL1 completed
			gdp.bigm Transformation...
			gdp.bigm Transformation completed in 0 s
		 - Constructing Arc SMALL3 - SMALL2 completed
			gdp.bigm Transformation...
			gdp.bigm Transformation completed in 0 s
		 - Constructing Arc SMALL3 - SMALL4 completed
			gdp.bigm Transformation...
			gdp.bigm Transformation completed in 0 s
		 - Constructing Arc SMALL3 - STORAGE completed
			gdp.bigm Transformation...
			gdp.bigm Transformation completed in 0 s
		 - Constructing Arc SMALL4 - BIG1 completed
			gdp.bigm Transformation...
			gdp.bigm Transformation completed in 0 s
		 - Constructing Arc SMALL4 - BIG2 completed
			gdp.bigm Transformation...
			gdp.bigm Transformation completed in 0 s
		 - Constructing Arc SMALL4 - SMALL1 completed
			gdp.bigm Transformation...
			gdp.bigm Transformation completed in 0 s
		 - Constructing Arc SMALL4 - SMALL2 completed
			gdp.bigm Transformation...
			gdp.bigm Transformation completed in 0 s
		 - Constructing Arc SMALL4 - SMALL3 completed
			gdp.bigm Transformation...
			gdp.bigm Transformation completed in 0 s
		 - Constructing Arc SMALL4 - STORAGE completed
			gdp.bigm Transformation...
			gdp.bigm Transformation completed in 0 s
		 - Constructing Arc STORAGE - BIG1 completed
			gdp.bigm Transformation...
			gdp.bigm Transformation completed in 0 s
		 - Constructing Arc STORAGE - BIG2 completed
			gdp.bigm Transformation...
			gdp.bigm Transformation completed in 0 s
		 - Constructing Arc STORAGE - SMALL1 completed
			gdp.bigm Transformation...
			gdp.bigm Transformation completed in 0 s
		 - Constructing Arc STORAGE - SMALL2 completed
			gdp.bigm Transformation...
			gdp.bigm Transformation completed in 0 s
		 - Constructing Arc STORAGE - SMALL3 completed
			gdp.bigm Transformation...
			gdp.bigm Transformation completed in 0 s
		 - Constructing Arc STORAGE - SMALL4 completed
	 - Constructing Network hydrogenPipelineOnshore_lowP completed
			gdp.bigm Transformation...
			gdp.bigm Transformation completed in 77 s
	 - Constructing Network hydrogenPipelineOnshore_highP
			gdp.bigm Transformation...
			gdp.bigm Transformation completed in 0 s
		 - Constructing Arc BIG1 - BIG2 completed
			gdp.bigm Transformation...
			gdp.bigm Transformation completed in 0 s
		 - Constructing Arc BIG1 - SMALL1 completed
			gdp.bigm Transformation...
			gdp.bigm Transformation completed in 0 s
		 - Constructing Arc BIG1 - SMALL2 completed
			gdp.bigm Transformation...
			gdp.bigm Transformation completed in 0 s
		 - Constructing Arc BIG1 - SMALL3 completed
			gdp.bigm Transformation...
			gdp.bigm Transformation completed in 0 s
		 - Constructing Arc BIG1 - SMALL4 completed
			gdp.bigm Transformation...
			gdp.bigm Transformation completed in 0 s
		 - Constructing Arc BIG1 - STORAGE completed
			gdp.bigm Transformation...
			gdp.bigm Transformation completed in 0 s
		 - Constructing Arc BIG2 - BIG1 completed
			gdp.bigm Transformation...
			gdp.bigm Transformation completed in 0 s
		 - Constructing Arc BIG2 - SMALL1 completed
			gdp.bigm Transformation...
			gdp.bigm Transformation completed in 0 s
		 - Constructing Arc BIG2 - SMALL2 completed
			gdp.bigm Transformation...
			gdp.bigm Transformation completed in 0 s
		 - Constructing Arc BIG2 - SMALL3 completed
			gdp.bigm Transformation...
			gdp.bigm Transformation completed in 0 s
		 - Constructing Arc BIG2 - SMALL4 completed
			gdp.bigm Transformation...
			gdp.bigm Transformation completed in 0 s
		 - Constructing Arc BIG2 - STORAGE completed
			gdp.bigm Transformation...
			gdp.bigm Transformation completed in 0 s
		 - Constructing Arc SMALL1 - BIG1 completed
			gdp.bigm Transformation...
			gdp.bigm Transformation completed in 0 s
		 - Constructing Arc SMALL1 - BIG2 completed
			gdp.bigm Transformation...
			gdp.bigm Transformation completed in 0 s
		 - Constructing Arc SMALL1 - SMALL2 completed
			gdp.bigm Transformation...
			gdp.bigm Transformation completed in 0 s
		 - Constructing Arc SMALL1 - SMALL3 completed
			gdp.bigm Transformation...
			gdp.bigm Transformation completed in 0 s
		 - Constructing Arc SMALL1 - SMALL4 completed
			gdp.bigm Transformation...
			gdp.bigm Transformation completed in 0 s
		 - Constructing Arc SMALL1 - STORAGE completed
			gdp.bigm Transformation...
			gdp.bigm Transformation completed in 0 s
		 - Constructing Arc SMALL2 - BIG1 completed
			gdp.bigm Transformation...
			gdp.bigm Transformation completed in 0 s
		 - Constructing Arc SMALL2 - BIG2 completed
			gdp.bigm Transformation...
			gdp.bigm Transformation completed in 0 s
		 - Constructing Arc SMALL2 - SMALL1 completed
			gdp.bigm Transformation...
			gdp.bigm Transformation completed in 0 s
		 - Constructing Arc SMALL2 - SMALL3 completed
			gdp.bigm Transformation...
			gdp.bigm Transformation completed in 0 s
		 - Constructing Arc SMALL2 - SMALL4 completed
			gdp.bigm Transformation...
			gdp.bigm Transformation completed in 0 s
		 - Constructing Arc SMALL2 - STORAGE completed
			gdp.bigm Transformation...
			gdp.bigm Transformation completed in 0 s
		 - Constructing Arc SMALL3 - BIG1 completed
			gdp.bigm Transformation...
			gdp.bigm Transformation completed in 0 s
		 - Constructing Arc SMALL3 - BIG2 completed
			gdp.bigm Transformation...
			gdp.bigm Transformation completed in 0 s
		 - Constructing Arc SMALL3 - SMALL1 completed
			gdp.bigm Transformation...
			gdp.bigm Transformation completed in 0 s
		 - Constructing Arc SMALL3 - SMALL2 completed
			gdp.bigm Transformation...
			gdp.bigm Transformation completed in 0 s
		 - Constructing Arc SMALL3 - SMALL4 completed
			gdp.bigm Transformation...
			gdp.bigm Transformation completed in 0 s
		 - Constructing Arc SMALL3 - STORAGE completed
			gdp.bigm Transformation...
			gdp.bigm Transformation completed in 0 s
		 - Constructing Arc SMALL4 - BIG1 completed
			gdp.bigm Transformation...
			gdp.bigm Transformation completed in 0 s
		 - Constructing Arc SMALL4 - BIG2 completed
			gdp.bigm Transformation...
			gdp.bigm Transformation completed in 0 s
		 - Constructing Arc SMALL4 - SMALL1 completed
			gdp.bigm Transformation...
			gdp.bigm Transformation completed in 0 s
		 - Constructing Arc SMALL4 - SMALL2 completed
			gdp.bigm Transformation...
			gdp.bigm Transformation completed in 0 s
		 - Constructing Arc SMALL4 - SMALL3 completed
			gdp.bigm Transformation...
			gdp.bigm Transformation completed in 0 s
		 - Constructing Arc SMALL4 - STORAGE completed
			gdp.bigm Transformation...
			gdp.bigm Transformation completed in 0 s
		 - Constructing Arc STORAGE - BIG1 completed
			gdp.bigm Transformation...
			gdp.bigm Transformation completed in 0 s
		 - Constructing Arc STORAGE - BIG2 completed
			gdp.bigm Transformation...
			gdp.bigm Transformation completed in 0 s
		 - Constructing Arc STORAGE - SMALL1 completed
			gdp.bigm Transformation...
			gdp.bigm Transformation completed in 0 s
		 - Constructing Arc STORAGE - SMALL2 completed
			gdp.bigm Transformation...
			gdp.bigm Transformation completed in 0 s
		 - Constructing Arc STORAGE - SMALL3 completed
			gdp.bigm Transformation...
			gdp.bigm Transformation completed in 0 s
		 - Constructing Arc STORAGE - SMALL4 completed
	 - Constructing Network hydrogenPipelineOnshore_highP completed
			gdp.bigm Transformation...
			gdp.bigm Transformation completed in 77 s
	 - Adding Technology Electrolyzer_big
			gdp.bigm Transformation...
			gdp.bigm Transformation completed in 0 s
	 - Adding Technology Storage_H2_highP
			gdp.bigm Transformation...
			gdp.bigm Transformation completed in 4 s
	 - Adding Compressor hydrogen_Compressor_hydrogenPipelineOnshore_lowP_hydrogenPipelineOnshore_lowP
	 - Adding Compressor hydrogen_Compressor_hydrogenPipelineOnshore_lowP_hydrogenPipelineOnshore_highP
	 - Adding Compressor hydrogen_Compressor_hydrogenPipelineOnshore_lowP_Storage_H2_highP
	 - Adding Compressor hydrogen_Compressor_hydrogenPipelineOnshore_lowP_Demand
	 - Adding Compressor hydrogen_Compressor_hydrogenPipelineOnshore_highP_hydrogenPipelineOnshore_lowP
	 - Adding Compressor hydrogen_Compressor_hydrogenPipelineOnshore_highP_hydrogenPipelineOnshore_highP
	 - Adding Compressor hydrogen_Compressor_hydrogenPipelineOnshore_highP_Storage_H2_highP
	 - Adding Compressor hydrogen_Compressor_hydrogenPipelineOnshore_highP_Demand
	 - Adding Compressor hydrogen_Compressor_Electrolyzer_big_hydrogenPipelineOnshore_lowP
	 - Adding Compressor hydrogen_Compressor_Electrolyzer_big_hydrogenPipelineOnshore_highP
	 - Adding Compressor hydrogen_Compressor_Electrolyzer_big_Storage_H2_highP
	 - Adding Compressor hydrogen_Compressor_Electrolyzer_big_Demand
	 - Adding Compressor hydrogen_Compressor_Storage_H2_highP_hydrogenPipelineOnshore_lowP
	 - Adding Compressor hydrogen_Compressor_Storage_H2_highP_hydrogenPipelineOnshore_highP
	 - Adding Compressor hydrogen_Compressor_Storage_H2_highP_Storage_H2_highP
	 - Adding Compressor hydrogen_Compressor_Storage_H2_highP_Demand
	 - Adding Compressor hydrogen_Compressor_Import_hydrogenPipelineOnshore_lowP
	 - Adding Compressor hydrogen_Compressor_Import_hydrogenPipelineOnshore_highP
	 - Adding Compressor hydrogen_Compressor_Import_Storage_H2_highP
	 - Adding Compressor hydrogen_Compressor_Import_Demand_existing
	 - Adding Technology Electrolyzer_big
			gdp.bigm Transformation...
			gdp.bigm Transformation completed in 0 s
	 - Adding Technology Storage_H2_highP
			gdp.bigm Transformation...
			gdp.bigm Transformation completed in 4 s
	 - Adding Compressor hydrogen_Compressor_hydrogenPipelineOnshore_lowP_hydrogenPipelineOnshore_lowP
	 - Adding Compressor hydrogen_Compressor_hydrogenPipelineOnshore_lowP_hydrogenPipelineOnshore_highP
	 - Adding Compressor hydrogen_Compressor_hydrogenPipelineOnshore_lowP_Storage_H2_highP
	 - Adding Compressor hydrogen_Compressor_hydrogenPipelineOnshore_lowP_Demand
	 - Adding Compressor hydrogen_Compressor_hydrogenPipelineOnshore_highP_hydrogenPipelineOnshore_lowP
	 - Adding Compressor hydrogen_Compressor_hydrogenPipelineOnshore_highP_hydrogenPipelineOnshore_highP
	 - Adding Compressor hydrogen_Compressor_hydrogenPipelineOnshore_highP_Storage_H2_highP
	 - Adding Compressor hydrogen_Compressor_hydrogenPipelineOnshore_highP_Demand
	 - Adding Compressor hydrogen_Compressor_Electrolyzer_big_hydrogenPipelineOnshore_lowP
	 - Adding Compressor hydrogen_Compressor_Electrolyzer_big_hydrogenPipelineOnshore_highP
	 - Adding Compressor hydrogen_Compressor_Electrolyzer_big_Storage_H2_highP
	 - Adding Compressor hydrogen_Compressor_Electrolyzer_big_Demand
	 - Adding Compressor hydrogen_Compressor_Storage_H2_highP_hydrogenPipelineOnshore_lowP
	 - Adding Compressor hydrogen_Compressor_Storage_H2_highP_hydrogenPipelineOnshore_highP
	 - Adding Compressor hydrogen_Compressor_Storage_H2_highP_Storage_H2_highP
	 - Adding Compressor hydrogen_Compressor_Storage_H2_highP_Demand
	 - Adding Compressor hydrogen_Compressor_Import_hydrogenPipelineOnshore_lowP
	 - Adding Compressor hydrogen_Compressor_Import_hydrogenPipelineOnshore_highP
	 - Adding Compressor hydrogen_Compressor_Import_Storage_H2_highP
	 - Adding Compressor hydrogen_Compressor_Import_Demand_existing
	 - Adding Technology Electrolyzer_small
	 - Adding Technology Storage_H2_lowP
			gdp.bigm Transformation...
			gdp.bigm Transformation completed in 4 s
	 - Adding Compressor hydrogen_Compressor_hydrogenPipelineOnshore_lowP_hydrogenPipelineOnshore_lowP
	 - Adding Compressor hydrogen_Compressor_hydrogenPipelineOnshore_lowP_hydrogenPipelineOnshore_highP
	 - Adding Compressor hydrogen_Compressor_hydrogenPipelineOnshore_lowP_Storage_H2_lowP
	 - Adding Compressor hydrogen_Compressor_hydrogenPipelineOnshore_lowP_Demand
	 - Adding Compressor hydrogen_Compressor_hydrogenPipelineOnshore_highP_hydrogenPipelineOnshore_lowP
	 - Adding Compressor hydrogen_Compressor_hydrogenPipelineOnshore_highP_hydrogenPipelineOnshore_highP
	 - Adding Compressor hydrogen_Compressor_hydrogenPipelineOnshore_highP_Storage_H2_lowP
	 - Adding Compressor hydrogen_Compressor_hydrogenPipelineOnshore_highP_Demand
	 - Adding Compressor hydrogen_Compressor_Electrolyzer_small_hydrogenPipelineOnshore_lowP
	 - Adding Compressor hydrogen_Compressor_Electrolyzer_small_hydrogenPipelineOnshore_highP
	 - Adding Compressor hydrogen_Compressor_Electrolyzer_small_Storage_H2_lowP
	 - Adding Compressor hydrogen_Compressor_Electrolyzer_small_Demand
	 - Adding Compressor hydrogen_Compressor_Storage_H2_lowP_hydrogenPipelineOnshore_lowP
	 - Adding Compressor hydrogen_Compressor_Storage_H2_lowP_hydrogenPipelineOnshore_highP
	 - Adding Compressor hydrogen_Compressor_Storage_H2_lowP_Storage_H2_lowP
	 - Adding Compressor hydrogen_Compressor_Storage_H2_lowP_Demand
	 - Adding Technology Electrolyzer_small
	 - Adding Technology Storage_H2_lowP
			gdp.bigm Transformation...
			gdp.bigm Transformation completed in 4 s
	 - Adding Compressor hydrogen_Compressor_hydrogenPipelineOnshore_lowP_hydrogenPipelineOnshore_lowP
	 - Adding Compressor hydrogen_Compressor_hydrogenPipelineOnshore_lowP_hydrogenPipelineOnshore_highP
	 - Adding Compressor hydrogen_Compressor_hydrogenPipelineOnshore_lowP_Storage_H2_lowP
	 - Adding Compressor hydrogen_Compressor_hydrogenPipelineOnshore_lowP_Demand
	 - Adding Compressor hydrogen_Compressor_hydrogenPipelineOnshore_highP_hydrogenPipelineOnshore_lowP
	 - Adding Compressor hydrogen_Compressor_hydrogenPipelineOnshore_highP_hydrogenPipelineOnshore_highP
	 - Adding Compressor hydrogen_Compressor_hydrogenPipelineOnshore_highP_Storage_H2_lowP
	 - Adding Compressor hydrogen_Compressor_hydrogenPipelineOnshore_highP_Demand
	 - Adding Compressor hydrogen_Compressor_Electrolyzer_small_hydrogenPipelineOnshore_lowP
	 - Adding Compressor hydrogen_Compressor_Electrolyzer_small_hydrogenPipelineOnshore_highP
	 - Adding Compressor hydrogen_Compressor_Electrolyzer_small_Storage_H2_lowP
	 - Adding Compressor hydrogen_Compressor_Electrolyzer_small_Demand
	 - Adding Compressor hydrogen_Compressor_Storage_H2_lowP_hydrogenPipelineOnshore_lowP
	 - Adding Compressor hydrogen_Compressor_Storage_H2_lowP_hydrogenPipelineOnshore_highP
	 - Adding Compressor hydrogen_Compressor_Storage_H2_lowP_Storage_H2_lowP
	 - Adding Compressor hydrogen_Compressor_Storage_H2_lowP_Demand
	 - Adding Technology Electrolyzer_small
	 - Adding Technology Storage_H2_lowP
			gdp.bigm Transformation...
			gdp.bigm Transformation completed in 4 s
	 - Adding Compressor hydrogen_Compressor_hydrogenPipelineOnshore_lowP_hydrogenPipelineOnshore_lowP
	 - Adding Compressor hydrogen_Compressor_hydrogenPipelineOnshore_lowP_hydrogenPipelineOnshore_highP
	 - Adding Compressor hydrogen_Compressor_hydrogenPipelineOnshore_lowP_Storage_H2_lowP
	 - Adding Compressor hydrogen_Compressor_hydrogenPipelineOnshore_lowP_Demand
	 - Adding Compressor hydrogen_Compressor_hydrogenPipelineOnshore_highP_hydrogenPipelineOnshore_lowP
	 - Adding Compressor hydrogen_Compressor_hydrogenPipelineOnshore_highP_hydrogenPipelineOnshore_highP
	 - Adding Compressor hydrogen_Compressor_hydrogenPipelineOnshore_highP_Storage_H2_lowP
	 - Adding Compressor hydrogen_Compressor_hydrogenPipelineOnshore_highP_Demand
	 - Adding Compressor hydrogen_Compressor_Electrolyzer_small_hydrogenPipelineOnshore_lowP
	 - Adding Compressor hydrogen_Compressor_Electrolyzer_small_hydrogenPipelineOnshore_highP
	 - Adding Compressor hydrogen_Compressor_Electrolyzer_small_Storage_H2_lowP
	 - Adding Compressor hydrogen_Compressor_Electrolyzer_small_Demand
	 - Adding Compressor hydrogen_Compressor_Storage_H2_lowP_hydrogenPipelineOnshore_lowP
	 - Adding Compressor hydrogen_Compressor_Storage_H2_lowP_hydrogenPipelineOnshore_highP
	 - Adding Compressor hydrogen_Compressor_Storage_H2_lowP_Storage_H2_lowP
	 - Adding Compressor hydrogen_Compressor_Storage_H2_lowP_Demand
	 - Adding Technology Electrolyzer_small
	 - Adding Technology Storage_H2_lowP
			gdp.bigm Transformation...
			gdp.bigm Transformation completed in 4 s
	 - Adding Compressor hydrogen_Compressor_hydrogenPipelineOnshore_lowP_hydrogenPipelineOnshore_lowP
	 - Adding Compressor hydrogen_Compressor_hydrogenPipelineOnshore_lowP_hydrogenPipelineOnshore_highP
	 - Adding Compressor hydrogen_Compressor_hydrogenPipelineOnshore_lowP_Storage_H2_lowP
	 - Adding Compressor hydrogen_Compressor_hydrogenPipelineOnshore_lowP_Demand
	 - Adding Compressor hydrogen_Compressor_hydrogenPipelineOnshore_highP_hydrogenPipelineOnshore_lowP
	 - Adding Compressor hydrogen_Compressor_hydrogenPipelineOnshore_highP_hydrogenPipelineOnshore_highP
	 - Adding Compressor hydrogen_Compressor_hydrogenPipelineOnshore_highP_Storage_H2_lowP
	 - Adding Compressor hydrogen_Compressor_hydrogenPipelineOnshore_highP_Demand
	 - Adding Compressor hydrogen_Compressor_Electrolyzer_small_hydrogenPipelineOnshore_lowP
	 - Adding Compressor hydrogen_Compressor_Electrolyzer_small_hydrogenPipelineOnshore_highP
	 - Adding Compressor hydrogen_Compressor_Electrolyzer_small_Storage_H2_lowP
	 - Adding Compressor hydrogen_Compressor_Electrolyzer_small_Demand
	 - Adding Compressor hydrogen_Compressor_Storage_H2_lowP_hydrogenPipelineOnshore_lowP
	 - Adding Compressor hydrogen_Compressor_Storage_H2_lowP_hydrogenPipelineOnshore_highP
	 - Adding Compressor hydrogen_Compressor_Storage_H2_lowP_Storage_H2_lowP
	 - Adding Compressor hydrogen_Compressor_Storage_H2_lowP_Demand
	 - Adding Technology Storage_H2_Cavern_existing
			gdp.bigm Transformation...
			gdp.bigm Transformation completed in 4 s
	 - Adding Compressor hydrogen_Compressor_hydrogenPipelineOnshore_lowP_hydrogenPipelineOnshore_lowP
	 - Adding Compressor hydrogen_Compressor_hydrogenPipelineOnshore_lowP_hydrogenPipelineOnshore_highP
	 - Adding Compressor hydrogen_Compressor_hydrogenPipelineOnshore_lowP_Storage_H2_Cavern_existing
	 - Adding Compressor hydrogen_Compressor_hydrogenPipelineOnshore_highP_hydrogenPipelineOnshore_lowP
	 - Adding Compressor hydrogen_Compressor_hydrogenPipelineOnshore_highP_hydrogenPipelineOnshore_highP
	 - Adding Compressor hydrogen_Compressor_hydrogenPipelineOnshore_highP_Storage_H2_Cavern_existing
	 - Adding Compressor hydrogen_Compressor_Storage_H2_Cavern_existing_hydrogenPipelineOnshore_lowP
	 - Adding Compressor hydrogen_Compressor_Storage_H2_Cavern_existing_hydrogenPipelineOnshore_highP
	 - Adding Compressor hydrogen_Compressor_Storage_H2_Cavern_existing_Storage_H2_Cavern_existing_existing
Constructing model completed in 440s
Constructing balances...
Constructing balances completed in 16s
Set objective on infrastructure due to willingness to pay
Set parameter OutputFlag to value 1
Set parameter LogFile to value "/gpfs/home3/scur1696/AdOpT-NET0-RegToNation/generic_node_optimization/results/parallel_creation_test_20251124_002357/task_002/t002_parallel_run_0001/userData/20251124003206-1/solver_log.txt"
Solver log file: /gpfs/home3/scur1696/AdOpT-NET0-RegToNation/generic_node_optimization/results/parallel_creation_test_20251124_002357/task_002/t002_parallel_run_0001/userData/20251124003206-1/solver_log.txt
Set parameter TimeLimit to value 180000
Set parameter MIPGap to value 0.01
Set parameter MIPFocus to value 0
Set parameter Threads to value 12
Set parameter NodefileStart to value 60
Set parameter Method to value -1
Set parameter Heuristics to value 0.05
Set parameter Presolve to value 1
Set parameter BranchDir to value 0
Set parameter LPWarmStart to value 0
Set parameter IntFeasTol to value 1e-05
Set parameter FeasibilityTol to value 1e-06
Set parameter Cuts to value -1
Set parameter NumericFocus to value 0
  [CONFIG] Gurobi default env configured: 12 threads per worker
--- Reading in data ---
Input data folder has been checked successfully - no errors occurred.
--- Reading in data complete ---
--- Constructing Model ---
Constructing Investment Period period1
Constructing Investment Period period1 completed
	 - Constructing Network hydrogenPipelineOnshore_lowP
			gdp.bigm Transformation...
			gdp.bigm Transformation completed in 0 s
		 - Constructing Arc BIG1 - BIG2 completed
			gdp.bigm Transformation...
			gdp.bigm Transformation completed in 0 s
		 - Constructing Arc BIG1 - SMALL1 completed
			gdp.bigm Transformation...
			gdp.bigm Transformation completed in 0 s
		 - Constructing Arc BIG1 - SMALL2 completed
			gdp.bigm Transformation...
			gdp.bigm Transformation completed in 0 s
		 - Constructing Arc BIG1 - SMALL3 completed
			gdp.bigm Transformation...
			gdp.bigm Transformation completed in 0 s
		 - Constructing Arc BIG1 - SMALL4 completed
			gdp.bigm Transformation...
			gdp.bigm Transformation completed in 0 s
		 - Constructing Arc BIG1 - STORAGE completed
			gdp.bigm Transformation...
			gdp.bigm Transformation completed in 0 s
		 - Constructing Arc BIG2 - BIG1 completed
			gdp.bigm Transformation...
			gdp.bigm Transformation completed in 0 s
		 - Constructing Arc BIG2 - SMALL1 completed
			gdp.bigm Transformation...
			gdp.bigm Transformation completed in 0 s
		 - Constructing Arc BIG2 - SMALL2 completed
			gdp.bigm Transformation...
			gdp.bigm Transformation completed in 0 s
		 - Constructing Arc BIG2 - SMALL3 completed
			gdp.bigm Transformation...
			gdp.bigm Transformation completed in 0 s
		 - Constructing Arc BIG2 - SMALL4 completed
			gdp.bigm Transformation...
			gdp.bigm Transformation completed in 0 s
		 - Constructing Arc BIG2 - STORAGE completed
			gdp.bigm Transformation...
			gdp.bigm Transformation completed in 0 s
		 - Constructing Arc SMALL1 - BIG1 completed
			gdp.bigm Transformation...
			gdp.bigm Transformation completed in 0 s
		 - Constructing Arc SMALL1 - BIG2 completed
			gdp.bigm Transformation...
			gdp.bigm Transformation completed in 0 s
		 - Constructing Arc SMALL1 - SMALL2 completed
			gdp.bigm Transformation...
			gdp.bigm Transformation completed in 0 s
		 - Constructing Arc SMALL1 - SMALL3 completed
			gdp.bigm Transformation...
			gdp.bigm Transformation completed in 0 s
		 - Constructing Arc SMALL1 - SMALL4 completed
			gdp.bigm Transformation...
			gdp.bigm Transformation completed in 0 s
		 - Constructing Arc SMALL1 - STORAGE completed
			gdp.bigm Transformation...
			gdp.bigm Transformation completed in 0 s
		 - Constructing Arc SMALL2 - BIG1 completed
			gdp.bigm Transformation...
			gdp.bigm Transformation completed in 0 s
		 - Constructing Arc SMALL2 - BIG2 completed
			gdp.bigm Transformation...
			gdp.bigm Transformation completed in 0 s
		 - Constructing Arc SMALL2 - SMALL1 completed
			gdp.bigm Transformation...
			gdp.bigm Transformation completed in 0 s
		 - Constructing Arc SMALL2 - SMALL3 completed
			gdp.bigm Transformation...
			gdp.bigm Transformation completed in 0 s
		 - Constructing Arc SMALL2 - SMALL4 completed
			gdp.bigm Transformation...
			gdp.bigm Transformation completed in 0 s
		 - Constructing Arc SMALL2 - STORAGE completed
			gdp.bigm Transformation...
			gdp.bigm Transformation completed in 0 s
		 - Constructing Arc SMALL3 - BIG1 completed
			gdp.bigm Transformation...
			gdp.bigm Transformation completed in 0 s
		 - Constructing Arc SMALL3 - BIG2 completed
			gdp.bigm Transformation...
			gdp.bigm Transformation completed in 0 s
		 - Constructing Arc SMALL3 - SMALL1 completed
			gdp.bigm Transformation...
			gdp.bigm Transformation completed in 0 s
		 - Constructing Arc SMALL3 - SMALL2 completed
			gdp.bigm Transformation...
			gdp.bigm Transformation completed in 0 s
		 - Constructing Arc SMALL3 - SMALL4 completed
			gdp.bigm Transformation...
			gdp.bigm Transformation completed in 0 s
		 - Constructing Arc SMALL3 - STORAGE completed
			gdp.bigm Transformation...
			gdp.bigm Transformation completed in 0 s
		 - Constructing Arc SMALL4 - BIG1 completed
			gdp.bigm Transformation...
			gdp.bigm Transformation completed in 0 s
		 - Constructing Arc SMALL4 - BIG2 completed
			gdp.bigm Transformation...
			gdp.bigm Transformation completed in 0 s
		 - Constructing Arc SMALL4 - SMALL1 completed
			gdp.bigm Transformation...
			gdp.bigm Transformation completed in 0 s
		 - Constructing Arc SMALL4 - SMALL2 completed
			gdp.bigm Transformation...
			gdp.bigm Transformation completed in 0 s
		 - Constructing Arc SMALL4 - SMALL3 completed
			gdp.bigm Transformation...
			gdp.bigm Transformation completed in 0 s
		 - Constructing Arc SMALL4 - STORAGE completed
			gdp.bigm Transformation...
			gdp.bigm Transformation completed in 0 s
		 - Constructing Arc STORAGE - BIG1 completed
			gdp.bigm Transformation...
			gdp.bigm Transformation completed in 0 s
		 - Constructing Arc STORAGE - BIG2 completed
			gdp.bigm Transformation...
			gdp.bigm Transformation completed in 0 s
		 - Constructing Arc STORAGE - SMALL1 completed
			gdp.bigm Transformation...
			gdp.bigm Transformation completed in 0 s
		 - Constructing Arc STORAGE - SMALL2 completed
			gdp.bigm Transformation...
			gdp.bigm Transformation completed in 0 s
		 - Constructing Arc STORAGE - SMALL3 completed
			gdp.bigm Transformation...
			gdp.bigm Transformation completed in 0 s
		 - Constructing Arc STORAGE - SMALL4 completed
	 - Constructing Network hydrogenPipelineOnshore_lowP completed
			gdp.bigm Transformation...
			gdp.bigm Transformation completed in 78 s
	 - Constructing Network hydrogenPipelineOnshore_highP
			gdp.bigm Transformation...
			gdp.bigm Transformation completed in 0 s
		 - Constructing Arc BIG1 - BIG2 completed
			gdp.bigm Transformation...
			gdp.bigm Transformation completed in 0 s
		 - Constructing Arc BIG1 - SMALL1 completed
			gdp.bigm Transformation...
			gdp.bigm Transformation completed in 0 s
		 - Constructing Arc BIG1 - SMALL2 completed
			gdp.bigm Transformation...
			gdp.bigm Transformation completed in 0 s
		 - Constructing Arc BIG1 - SMALL3 completed
			gdp.bigm Transformation...
			gdp.bigm Transformation completed in 0 s
		 - Constructing Arc BIG1 - SMALL4 completed
			gdp.bigm Transformation...
			gdp.bigm Transformation completed in 0 s
		 - Constructing Arc BIG1 - STORAGE completed
			gdp.bigm Transformation...
			gdp.bigm Transformation completed in 0 s
		 - Constructing Arc BIG2 - BIG1 completed
			gdp.bigm Transformation...
			gdp.bigm Transformation completed in 0 s
		 - Constructing Arc BIG2 - SMALL1 completed
			gdp.bigm Transformation...
			gdp.bigm Transformation completed in 0 s
		 - Constructing Arc BIG2 - SMALL2 completed
			gdp.bigm Transformation...
			gdp.bigm Transformation completed in 0 s
		 - Constructing Arc BIG2 - SMALL3 completed
			gdp.bigm Transformation...
			gdp.bigm Transformation completed in 0 s
		 - Constructing Arc BIG2 - SMALL4 completed
			gdp.bigm Transformation...
			gdp.bigm Transformation completed in 0 s
		 - Constructing Arc BIG2 - STORAGE completed
			gdp.bigm Transformation...
			gdp.bigm Transformation completed in 0 s
		 - Constructing Arc SMALL1 - BIG1 completed
			gdp.bigm Transformation...
			gdp.bigm Transformation completed in 0 s
		 - Constructing Arc SMALL1 - BIG2 completed
			gdp.bigm Transformation...
			gdp.bigm Transformation completed in 0 s
		 - Constructing Arc SMALL1 - SMALL2 completed
			gdp.bigm Transformation...
			gdp.bigm Transformation completed in 0 s
		 - Constructing Arc SMALL1 - SMALL3 completed
			gdp.bigm Transformation...
			gdp.bigm Transformation completed in 0 s
		 - Constructing Arc SMALL1 - SMALL4 completed
			gdp.bigm Transformation...
			gdp.bigm Transformation completed in 0 s
		 - Constructing Arc SMALL1 - STORAGE completed
			gdp.bigm Transformation...
			gdp.bigm Transformation completed in 0 s
		 - Constructing Arc SMALL2 - BIG1 completed
			gdp.bigm Transformation...
			gdp.bigm Transformation completed in 0 s
		 - Constructing Arc SMALL2 - BIG2 completed
			gdp.bigm Transformation...
			gdp.bigm Transformation completed in 0 s
		 - Constructing Arc SMALL2 - SMALL1 completed
			gdp.bigm Transformation...
			gdp.bigm Transformation completed in 0 s
		 - Constructing Arc SMALL2 - SMALL3 completed
			gdp.bigm Transformation...
			gdp.bigm Transformation completed in 0 s
		 - Constructing Arc SMALL2 - SMALL4 completed
			gdp.bigm Transformation...
			gdp.bigm Transformation completed in 0 s
		 - Constructing Arc SMALL2 - STORAGE completed
			gdp.bigm Transformation...
			gdp.bigm Transformation completed in 0 s
		 - Constructing Arc SMALL3 - BIG1 completed
			gdp.bigm Transformation...
			gdp.bigm Transformation completed in 0 s
		 - Constructing Arc SMALL3 - BIG2 completed
			gdp.bigm Transformation...
			gdp.bigm Transformation completed in 0 s
		 - Constructing Arc SMALL3 - SMALL1 completed
			gdp.bigm Transformation...
			gdp.bigm Transformation completed in 0 s
		 - Constructing Arc SMALL3 - SMALL2 completed
			gdp.bigm Transformation...
			gdp.bigm Transformation completed in 0 s
		 - Constructing Arc SMALL3 - SMALL4 completed
			gdp.bigm Transformation...
			gdp.bigm Transformation completed in 0 s
		 - Constructing Arc SMALL3 - STORAGE completed
			gdp.bigm Transformation...
			gdp.bigm Transformation completed in 0 s
		 - Constructing Arc SMALL4 - BIG1 completed
			gdp.bigm Transformation...
			gdp.bigm Transformation completed in 0 s
		 - Constructing Arc SMALL4 - BIG2 completed
			gdp.bigm Transformation...
			gdp.bigm Transformation completed in 0 s
		 - Constructing Arc SMALL4 - SMALL1 completed
			gdp.bigm Transformation...
			gdp.bigm Transformation completed in 0 s
		 - Constructing Arc SMALL4 - SMALL2 completed
			gdp.bigm Transformation...
			gdp.bigm Transformation completed in 0 s
		 - Constructing Arc SMALL4 - SMALL3 completed
			gdp.bigm Transformation...
			gdp.bigm Transformation completed in 0 s
		 - Constructing Arc SMALL4 - STORAGE completed
			gdp.bigm Transformation...
			gdp.bigm Transformation completed in 0 s
		 - Constructing Arc STORAGE - BIG1 completed
			gdp.bigm Transformation...
			gdp.bigm Transformation completed in 0 s
		 - Constructing Arc STORAGE - BIG2 completed
			gdp.bigm Transformation...
			gdp.bigm Transformation completed in 0 s
		 - Constructing Arc STORAGE - SMALL1 completed
			gdp.bigm Transformation...
			gdp.bigm Transformation completed in 0 s
		 - Constructing Arc STORAGE - SMALL2 completed
			gdp.bigm Transformation...
			gdp.bigm Transformation completed in 0 s
		 - Constructing Arc STORAGE - SMALL3 completed
			gdp.bigm Transformation...
			gdp.bigm Transformation completed in 0 s
		 - Constructing Arc STORAGE - SMALL4 completed
	 - Constructing Network hydrogenPipelineOnshore_highP completed
			gdp.bigm Transformation...
			gdp.bigm Transformation completed in 78 s
	 - Adding Technology Electrolyzer_big
			gdp.bigm Transformation...
			gdp.bigm Transformation completed in 0 s
	 - Adding Technology Storage_H2_highP
			gdp.bigm Transformation...
			gdp.bigm Transformation completed in 4 s
	 - Adding Compressor hydrogen_Compressor_hydrogenPipelineOnshore_lowP_hydrogenPipelineOnshore_lowP
	 - Adding Compressor hydrogen_Compressor_hydrogenPipelineOnshore_lowP_hydrogenPipelineOnshore_highP
	 - Adding Compressor hydrogen_Compressor_hydrogenPipelineOnshore_lowP_Storage_H2_highP
	 - Adding Compressor hydrogen_Compressor_hydrogenPipelineOnshore_lowP_Demand
	 - Adding Compressor hydrogen_Compressor_hydrogenPipelineOnshore_highP_hydrogenPipelineOnshore_lowP
	 - Adding Compressor hydrogen_Compressor_hydrogenPipelineOnshore_highP_hydrogenPipelineOnshore_highP
	 - Adding Compressor hydrogen_Compressor_hydrogenPipelineOnshore_highP_Storage_H2_highP
	 - Adding Compressor hydrogen_Compressor_hydrogenPipelineOnshore_highP_Demand
	 - Adding Compressor hydrogen_Compressor_Electrolyzer_big_hydrogenPipelineOnshore_lowP
	 - Adding Compressor hydrogen_Compressor_Electrolyzer_big_hydrogenPipelineOnshore_highP
	 - Adding Compressor hydrogen_Compressor_Electrolyzer_big_Storage_H2_highP
	 - Adding Compressor hydrogen_Compressor_Electrolyzer_big_Demand
	 - Adding Compressor hydrogen_Compressor_Storage_H2_highP_hydrogenPipelineOnshore_lowP
	 - Adding Compressor hydrogen_Compressor_Storage_H2_highP_hydrogenPipelineOnshore_highP
	 - Adding Compressor hydrogen_Compressor_Storage_H2_highP_Storage_H2_highP
	 - Adding Compressor hydrogen_Compressor_Storage_H2_highP_Demand
	 - Adding Compressor hydrogen_Compressor_Import_hydrogenPipelineOnshore_lowP
	 - Adding Compressor hydrogen_Compressor_Import_hydrogenPipelineOnshore_highP
	 - Adding Compressor hydrogen_Compressor_Import_Storage_H2_highP
	 - Adding Compressor hydrogen_Compressor_Import_Demand_existing
	 - Adding Technology Electrolyzer_big
			gdp.bigm Transformation...
			gdp.bigm Transformation completed in 0 s
	 - Adding Technology Storage_H2_highP
			gdp.bigm Transformation...
			gdp.bigm Transformation completed in 4 s
	 - Adding Compressor hydrogen_Compressor_hydrogenPipelineOnshore_lowP_hydrogenPipelineOnshore_lowP
	 - Adding Compressor hydrogen_Compressor_hydrogenPipelineOnshore_lowP_hydrogenPipelineOnshore_highP
	 - Adding Compressor hydrogen_Compressor_hydrogenPipelineOnshore_lowP_Storage_H2_highP
	 - Adding Compressor hydrogen_Compressor_hydrogenPipelineOnshore_lowP_Demand
	 - Adding Compressor hydrogen_Compressor_hydrogenPipelineOnshore_highP_hydrogenPipelineOnshore_lowP
	 - Adding Compressor hydrogen_Compressor_hydrogenPipelineOnshore_highP_hydrogenPipelineOnshore_highP
	 - Adding Compressor hydrogen_Compressor_hydrogenPipelineOnshore_highP_Storage_H2_highP
	 - Adding Compressor hydrogen_Compressor_hydrogenPipelineOnshore_highP_Demand
	 - Adding Compressor hydrogen_Compressor_Electrolyzer_big_hydrogenPipelineOnshore_lowP
	 - Adding Compressor hydrogen_Compressor_Electrolyzer_big_hydrogenPipelineOnshore_highP
	 - Adding Compressor hydrogen_Compressor_Electrolyzer_big_Storage_H2_highP
	 - Adding Compressor hydrogen_Compressor_Electrolyzer_big_Demand
	 - Adding Compressor hydrogen_Compressor_Storage_H2_highP_hydrogenPipelineOnshore_lowP
	 - Adding Compressor hydrogen_Compressor_Storage_H2_highP_hydrogenPipelineOnshore_highP
	 - Adding Compressor hydrogen_Compressor_Storage_H2_highP_Storage_H2_highP
	 - Adding Compressor hydrogen_Compressor_Storage_H2_highP_Demand
	 - Adding Compressor hydrogen_Compressor_Import_hydrogenPipelineOnshore_lowP
	 - Adding Compressor hydrogen_Compressor_Import_hydrogenPipelineOnshore_highP
	 - Adding Compressor hydrogen_Compressor_Import_Storage_H2_highP
	 - Adding Compressor hydrogen_Compressor_Import_Demand_existing
	 - Adding Technology Electrolyzer_small
	 - Adding Technology Storage_H2_lowP
			gdp.bigm Transformation...
			gdp.bigm Transformation completed in 4 s
	 - Adding Compressor hydrogen_Compressor_hydrogenPipelineOnshore_lowP_hydrogenPipelineOnshore_lowP
	 - Adding Compressor hydrogen_Compressor_hydrogenPipelineOnshore_lowP_hydrogenPipelineOnshore_highP
	 - Adding Compressor hydrogen_Compressor_hydrogenPipelineOnshore_lowP_Storage_H2_lowP
	 - Adding Compressor hydrogen_Compressor_hydrogenPipelineOnshore_lowP_Demand
	 - Adding Compressor hydrogen_Compressor_hydrogenPipelineOnshore_highP_hydrogenPipelineOnshore_lowP
	 - Adding Compressor hydrogen_Compressor_hydrogenPipelineOnshore_highP_hydrogenPipelineOnshore_highP
	 - Adding Compressor hydrogen_Compressor_hydrogenPipelineOnshore_highP_Storage_H2_lowP
	 - Adding Compressor hydrogen_Compressor_hydrogenPipelineOnshore_highP_Demand
	 - Adding Compressor hydrogen_Compressor_Electrolyzer_small_hydrogenPipelineOnshore_lowP
	 - Adding Compressor hydrogen_Compressor_Electrolyzer_small_hydrogenPipelineOnshore_highP
	 - Adding Compressor hydrogen_Compressor_Electrolyzer_small_Storage_H2_lowP
	 - Adding Compressor hydrogen_Compressor_Electrolyzer_small_Demand
	 - Adding Compressor hydrogen_Compressor_Storage_H2_lowP_hydrogenPipelineOnshore_lowP
	 - Adding Compressor hydrogen_Compressor_Storage_H2_lowP_hydrogenPipelineOnshore_highP
	 - Adding Compressor hydrogen_Compressor_Storage_H2_lowP_Storage_H2_lowP
	 - Adding Compressor hydrogen_Compressor_Storage_H2_lowP_Demand
	 - Adding Technology Electrolyzer_small
	 - Adding Technology Storage_H2_lowP
			gdp.bigm Transformation...
			gdp.bigm Transformation completed in 4 s
	 - Adding Compressor hydrogen_Compressor_hydrogenPipelineOnshore_lowP_hydrogenPipelineOnshore_lowP
	 - Adding Compressor hydrogen_Compressor_hydrogenPipelineOnshore_lowP_hydrogenPipelineOnshore_highP
	 - Adding Compressor hydrogen_Compressor_hydrogenPipelineOnshore_lowP_Storage_H2_lowP
	 - Adding Compressor hydrogen_Compressor_hydrogenPipelineOnshore_lowP_Demand
	 - Adding Compressor hydrogen_Compressor_hydrogenPipelineOnshore_highP_hydrogenPipelineOnshore_lowP
	 - Adding Compressor hydrogen_Compressor_hydrogenPipelineOnshore_highP_hydrogenPipelineOnshore_highP
	 - Adding Compressor hydrogen_Compressor_hydrogenPipelineOnshore_highP_Storage_H2_lowP
	 - Adding Compressor hydrogen_Compressor_hydrogenPipelineOnshore_highP_Demand
	 - Adding Compressor hydrogen_Compressor_Electrolyzer_small_hydrogenPipelineOnshore_lowP
	 - Adding Compressor hydrogen_Compressor_Electrolyzer_small_hydrogenPipelineOnshore_highP
	 - Adding Compressor hydrogen_Compressor_Electrolyzer_small_Storage_H2_lowP
	 - Adding Compressor hydrogen_Compressor_Electrolyzer_small_Demand
	 - Adding Compressor hydrogen_Compressor_Storage_H2_lowP_hydrogenPipelineOnshore_lowP
	 - Adding Compressor hydrogen_Compressor_Storage_H2_lowP_hydrogenPipelineOnshore_highP
	 - Adding Compressor hydrogen_Compressor_Storage_H2_lowP_Storage_H2_lowP
	 - Adding Compressor hydrogen_Compressor_Storage_H2_lowP_Demand
	 - Adding Technology Electrolyzer_small
	 - Adding Technology Storage_H2_lowP
			gdp.bigm Transformation...
			gdp.bigm Transformation completed in 4 s
	 - Adding Compressor hydrogen_Compressor_hydrogenPipelineOnshore_lowP_hydrogenPipelineOnshore_lowP
	 - Adding Compressor hydrogen_Compressor_hydrogenPipelineOnshore_lowP_hydrogenPipelineOnshore_highP
	 - Adding Compressor hydrogen_Compressor_hydrogenPipelineOnshore_lowP_Storage_H2_lowP
	 - Adding Compressor hydrogen_Compressor_hydrogenPipelineOnshore_lowP_Demand
	 - Adding Compressor hydrogen_Compressor_hydrogenPipelineOnshore_highP_hydrogenPipelineOnshore_lowP
	 - Adding Compressor hydrogen_Compressor_hydrogenPipelineOnshore_highP_hydrogenPipelineOnshore_highP
	 - Adding Compressor hydrogen_Compressor_hydrogenPipelineOnshore_highP_Storage_H2_lowP
	 - Adding Compressor hydrogen_Compressor_hydrogenPipelineOnshore_highP_Demand
	 - Adding Compressor hydrogen_Compressor_Electrolyzer_small_hydrogenPipelineOnshore_lowP
	 - Adding Compressor hydrogen_Compressor_Electrolyzer_small_hydrogenPipelineOnshore_highP
	 - Adding Compressor hydrogen_Compressor_Electrolyzer_small_Storage_H2_lowP
	 - Adding Compressor hydrogen_Compressor_Electrolyzer_small_Demand
	 - Adding Compressor hydrogen_Compressor_Storage_H2_lowP_hydrogenPipelineOnshore_lowP
	 - Adding Compressor hydrogen_Compressor_Storage_H2_lowP_hydrogenPipelineOnshore_highP
	 - Adding Compressor hydrogen_Compressor_Storage_H2_lowP_Storage_H2_lowP
	 - Adding Compressor hydrogen_Compressor_Storage_H2_lowP_Demand
	 - Adding Technology Electrolyzer_small
	 - Adding Technology Storage_H2_lowP
			gdp.bigm Transformation...
			gdp.bigm Transformation completed in 4 s
	 - Adding Compressor hydrogen_Compressor_hydrogenPipelineOnshore_lowP_hydrogenPipelineOnshore_lowP
	 - Adding Compressor hydrogen_Compressor_hydrogenPipelineOnshore_lowP_hydrogenPipelineOnshore_highP
	 - Adding Compressor hydrogen_Compressor_hydrogenPipelineOnshore_lowP_Storage_H2_lowP
	 - Adding Compressor hydrogen_Compressor_hydrogenPipelineOnshore_lowP_Demand
	 - Adding Compressor hydrogen_Compressor_hydrogenPipelineOnshore_highP_hydrogenPipelineOnshore_lowP
	 - Adding Compressor hydrogen_Compressor_hydrogenPipelineOnshore_highP_hydrogenPipelineOnshore_highP
	 - Adding Compressor hydrogen_Compressor_hydrogenPipelineOnshore_highP_Storage_H2_lowP
	 - Adding Compressor hydrogen_Compressor_hydrogenPipelineOnshore_highP_Demand
	 - Adding Compressor hydrogen_Compressor_Electrolyzer_small_hydrogenPipelineOnshore_lowP
	 - Adding Compressor hydrogen_Compressor_Electrolyzer_small_hydrogenPipelineOnshore_highP
	 - Adding Compressor hydrogen_Compressor_Electrolyzer_small_Storage_H2_lowP
	 - Adding Compressor hydrogen_Compressor_Electrolyzer_small_Demand
	 - Adding Compressor hydrogen_Compressor_Storage_H2_lowP_hydrogenPipelineOnshore_lowP
	 - Adding Compressor hydrogen_Compressor_Storage_H2_lowP_hydrogenPipelineOnshore_highP
	 - Adding Compressor hydrogen_Compressor_Storage_H2_lowP_Storage_H2_lowP
	 - Adding Compressor hydrogen_Compressor_Storage_H2_lowP_Demand
	 - Adding Technology Storage_H2_Cavern_existing
			gdp.bigm Transformation...
			gdp.bigm Transformation completed in 4 s
	 - Adding Compressor hydrogen_Compressor_hydrogenPipelineOnshore_lowP_hydrogenPipelineOnshore_lowP
	 - Adding Compressor hydrogen_Compressor_hydrogenPipelineOnshore_lowP_hydrogenPipelineOnshore_highP
	 - Adding Compressor hydrogen_Compressor_hydrogenPipelineOnshore_lowP_Storage_H2_Cavern_existing
	 - Adding Compressor hydrogen_Compressor_hydrogenPipelineOnshore_highP_hydrogenPipelineOnshore_lowP
	 - Adding Compressor hydrogen_Compressor_hydrogenPipelineOnshore_highP_hydrogenPipelineOnshore_highP
	 - Adding Compressor hydrogen_Compressor_hydrogenPipelineOnshore_highP_Storage_H2_Cavern_existing
	 - Adding Compressor hydrogen_Compressor_Storage_H2_Cavern_existing_hydrogenPipelineOnshore_lowP
	 - Adding Compressor hydrogen_Compressor_Storage_H2_Cavern_existing_hydrogenPipelineOnshore_highP
	 - Adding Compressor hydrogen_Compressor_Storage_H2_Cavern_existing_Storage_H2_Cavern_existing_existing
Constructing model completed in 445s
Constructing balances...
Constructing balances completed in 17s
Set objective on infrastructure due to willingness to pay
Set parameter OutputFlag to value 1
Set parameter LogFile to value "/gpfs/home3/scur1696/AdOpT-NET0-RegToNation/generic_node_optimization/results/parallel_creation_test_20251124_002357/task_002/t002_parallel_run_0004/userData/20251124003210-1/solver_log.txt"
Solver log file: /gpfs/home3/scur1696/AdOpT-NET0-RegToNation/generic_node_optimization/results/parallel_creation_test_20251124_002357/task_002/t002_parallel_run_0004/userData/20251124003210-1/solver_log.txt
Set parameter TimeLimit to value 180000
Set parameter MIPGap to value 0.01
Set parameter MIPFocus to value 0
Set parameter Threads to value 12
Set parameter NodefileStart to value 60
Set parameter Method to value -1
Set parameter Heuristics to value 0.05
Set parameter Presolve to value 1
Set parameter BranchDir to value 0
Set parameter LPWarmStart to value 0
Set parameter IntFeasTol to value 1e-05
Set parameter FeasibilityTol to value 1e-06
Set parameter Cuts to value -1
Set parameter NumericFocus to value 0
Gurobi Optimizer version 13.0.0 build v13.0.0rc1 (linux64 - "Red Hat Enterprise Linux 9.4 (Plow)")

CPU model: AMD EPYC 9654 96-Core Processor, instruction set [SSE2|AVX|AVX2|AVX512]
Thread count: 192 physical cores, 192 logical processors, using up to 12 threads

Non-default parameters:
TimeLimit  180000
MIPGap  0.01
LPWarmStart  0
NodefileStart  60
Presolve  1
Threads  12

Academic license 2729390 - for non-commercial use only - registered to m.___@uu.nl
Optimize a model with 9050179 rows, 6728544 columns and 21385595 nonzeros (Min)
Gurobi Optimizer version 13.0.0 build v13.0.0rc1 (linux64 - "Red Hat Enterprise Linux 9.4 (Plow)")

CPU model: AMD EPYC 9654 96-Core Processor, instruction set [SSE2|AVX|AVX2|AVX512]
Thread count: 192 physical cores, 192 logical processors, using up to 12 threads

Non-default parameters:
TimeLimit  180000
MIPGap  0.01
LPWarmStart  0
NodefileStart  60
Presolve  1
Threads  12

Academic license 2729390 - for non-commercial use only - registered to m.___@uu.nl
Optimize a model with 9050179 rows, 6728544 columns and 21385595 nonzeros (Min)
Gurobi Optimizer version 13.0.0 build v13.0.0rc1 (linux64 - "Red Hat Enterprise Linux 9.4 (Plow)")

CPU model: AMD EPYC 9654 96-Core Processor, instruction set [SSE2|AVX|AVX2|AVX512]
Thread count: 192 physical cores, 192 logical processors, using up to 12 threads

Non-default parameters:
TimeLimit  180000
MIPGap  0.01
LPWarmStart  0
NodefileStart  60
Presolve  1
Threads  12

Academic license 2729390 - for non-commercial use only - registered to m.___@uu.nl
Optimize a model with 9050179 rows, 6728544 columns and 21385595 nonzeros (Min)
Presolve removed 5361748 rows and 3924941 columns (presolve time = 5s)...
Model fingerprint: 0xa4b1b243
Model has 1 linear objective coefficients
Variable types: 5869892 continuous, 858652 integer (858652 binary)
Model fingerprint: 0x2dde7cfc
Model has 1 linear objective coefficients
Variable types: 5869892 continuous, 858652 integer (858652 binary)
Model fingerprint: 0xc1f0874c
Model has 1 linear objective coefficients
Variable types: 5869892 continuous, 858652 integer (858652 binary)
Coefficient statistics:
  Matrix range     [2e-03, 2e+08]
  Objective range  [1e+00, 1e+00]
  Bounds range     [5e-02, 6e+08]
  RHS range        [1e+00, 6e+09]
Warning: Model contains large matrix coefficients
Warning: Model contains large rhs
         Consider reformulating model or setting NumericFocus parameter
         to avoid numerical issues.
Coefficient statistics:
  Matrix range     [2e-03, 2e+08]
  Objective range  [1e+00, 1e+00]
  Bounds range     [5e-02, 6e+08]
  RHS range        [1e+00, 8e+09]
Warning: Model contains large matrix coefficients
Warning: Model contains large rhs
         Consider reformulating model or setting NumericFocus parameter
         to avoid numerical issues.
Coefficient statistics:
  Matrix range     [2e-03, 2e+08]
  Objective range  [1e+00, 1e+00]
  Bounds range     [5e-02, 6e+08]
  RHS range        [1e+00, 7e+09]
Warning: Model contains large matrix coefficients
Warning: Model contains large rhs
         Consider reformulating model or setting NumericFocus parameter
         to avoid numerical issues.
Presolve removed 5528318 rows and 4082751 columns (presolve time = 10s)...
Presolve removed 5528318 rows and 4082751 columns (presolve time = 15s)...
Presolve removed 5361748 rows and 3924941 columns (presolve time = 5s)...
Presolve removed 5361748 rows and 3924941 columns (presolve time = 5s)...
Presolve removed 5361748 rows and 3924941 columns (presolve time = 5s)...
Presolve removed 5528318 rows and 4082751 columns (presolve time = 20s)...
Presolve removed 5505567 rows and 4060000 columns (presolve time = 10s)...
Presolve removed 5370508 rows and 3924941 columns (presolve time = 10s)...
Presolve removed 5370508 rows and 3924941 columns (presolve time = 10s)...
Presolve removed 5528318 rows and 4082751 columns (presolve time = 15s)...
Presolve removed 5528318 rows and 4082751 columns (presolve time = 25s)...
Presolve removed 5528318 rows and 4082751 columns (presolve time = 15s)...
Presolve removed 5528318 rows and 4082751 columns (presolve time = 15s)...
Presolve removed 5545984 rows and 4161684 columns (presolve time = 30s)...
Presolve removed 5528318 rows and 4082751 columns (presolve time = 20s)...
Presolve removed 5528318 rows and 4082751 columns (presolve time = 20s)...
Presolve removed 5528318 rows and 4082751 columns (presolve time = 20s)...
Presolve removed 5554859 rows and 4161684 columns (presolve time = 35s)...
Presolve removed 5528318 rows and 4082751 columns (presolve time = 25s)...
Presolve removed 5528318 rows and 4082751 columns (presolve time = 25s)...
Presolve removed 5528318 rows and 4082751 columns (presolve time = 26s)...
Presolve removed 5545984 rows and 4161642 columns (presolve time = 30s)...
Presolve removed 5554859 rows and 4161684 columns (presolve time = 41s)...
Presolve removed 5528318 rows and 4082751 columns (presolve time = 30s)...
Presolve removed 5554859 rows and 4161684 columns
Presolve time: 41.39s
Presolved: 3495320 rows, 2566860 columns, 11519758 nonzeros
Presolve removed 5528318 rows and 4082751 columns (presolve time = 31s)...
Presolve removed 5554859 rows and 4161684 columns (presolve time = 35s)...
Presolve removed 5545984 rows and 4161642 columns (presolve time = 35s)...
Presolve removed 5534342 rows and 4150000 columns (presolve time = 35s)...
Variable types: 2137576 continuous, 429284 integer (429284 binary)
Presolve removed 5554859 rows and 4161684 columns (presolve time = 40s)...
Presolve removed 5554859 rows and 4161684 columns (presolve time = 40s)...
Presolve removed 5554859 rows and 4161684 columns (presolve time = 40s)...
Presolve removed 5554859 rows and 4161684 columns
Presolve time: 42.09s
Presolved: 3495320 rows, 2566860 columns, 11519758 nonzeros
Presolve removed 5554859 rows and 4161684 columns (presolve time = 45s)...
Presolve removed 5554859 rows and 4161684 columns (presolve time = 46s)...
Presolve removed 5554859 rows and 4161684 columns
Presolve time: 49.52s
Presolved: 3495320 rows, 2566860 columns, 11519758 nonzeros
Presolve removed 5554859 rows and 4161684 columns
Presolve time: 49.63s
Presolved: 3495320 rows, 2566860 columns, 11519758 nonzeros
Variable types: 2137576 continuous, 429284 integer (429284 binary)
Variable types: 2137576 continuous, 429284 integer (429284 binary)
Variable types: 2137576 continuous, 429284 integer (429284 binary)
Found heuristic solution: objective 1.255760e+08
Deterministic concurrent LP optimizer: primal simplex, dual simplex, and barrier
Showing barrier log only...

Root barrier log...

Ordering time: 2.81s

Barrier statistics:
 Dense cols : 103
 AA' NZ     : 1.544e+07
 Factor NZ  : 6.646e+07 (roughly 2.7 GB of memory)
 Factor Ops : 4.437e+09 (less than 1 second per iteration)
 Threads    : 9

                  Objective                Residual
Iter       Primal          Dual         Primal    Dual     Compl     Time
   0   1.41137997e+10 -2.57210662e+11  5.38e+09 9.87e+00  8.65e+07    96s
   1   1.51258131e+10 -4.18388940e+11  5.22e+09 6.35e+01  7.86e+07    98s
   2   1.00358486e+10 -3.84914789e+11  3.11e+09 3.70e+00  4.74e+07   100s
   3   3.65320467e+09 -3.58976160e+11  3.66e+08 7.98e-07  5.74e+06   104s
   4   3.01956160e+09 -2.85907024e+11  1.52e+07 2.95e-07  2.77e+05   106s
Deterministic concurrent LP optimizer: primal simplex, dual simplex, and barrier
Showing barrier log only...

   5   3.01209748e+09 -2.46996519e+11  6.98e+06 2.40e-07  1.42e+05   107s
Root barrier log...

   6   3.01163647e+09 -2.42735896e+11  6.52e+06 2.28e-07  1.34e+05   109s
   7   3.00610430e+09 -2.21089360e+11  5.50e+06 4.90e-07  1.14e+05   111s
Ordering time: 3.19s
   8   2.97796998e+09 -1.92825473e+11  4.07e+06 1.28e-06  8.94e+04   112s

Barrier statistics:
 Dense cols : 103
 AA' NZ     : 1.544e+07
 Factor NZ  : 6.646e+07 (roughly 2.7 GB of memory)
 Factor Ops : 4.437e+09 (less than 1 second per iteration)
 Threads    : 10
   9   2.76113410e+09 -1.88935757e+11  3.54e+06 1.99e-06  7.95e+04   115s

                  Objective                Residual
Iter       Primal          Dual         Primal    Dual     Compl     Time
   0   7.39199801e+09 -2.61700511e+11  1.80e+09 7.10e+00  4.38e+07   115s
   1   8.02651526e+09 -5.83318857e+11  1.75e+09 4.96e+01  4.16e+07   117s
  10   2.07123529e+09 -1.26611409e+11  2.38e+06 3.49e-04  5.44e+04   119s
   2   5.63101184e+09 -4.45808142e+11  1.06e+09 2.22e+00  2.57e+07   119s
Found heuristic solution: objective 1.236838e+08
  11   1.33112858e+09 -8.07223336e+10  1.11e+06 3.58e-04  2.78e+04   121s
   3   2.86977048e+09 -3.78315499e+11  1.71e+08 2.25e-06  4.31e+06   121s
   4   2.61572837e+09 -3.00731504e+11  8.16e+06 7.46e-07  2.45e+05   123s
  12   8.07505862e+08 -4.62201009e+10  3.01e+05 4.58e-08  1.09e+04   124s
   5   2.63054757e+09 -1.38383500e+11  9.86e+05 3.77e-06  4.08e+04   125s
   6   2.63239858e+09 -2.77125687e+10  6.17e+04 7.90e-07  5.28e+03   127s
  13   6.48528222e+08 -1.52475707e+10  4.16e+04 2.08e-05  2.72e+03   127s
   7   2.62079831e+09 -1.78106149e+10  1.03e+04 4.52e-07  3.20e+03   128s
  14   6.03313514e+08 -6.25050155e+09  2.36e+03 3.66e-05  1.06e+03   129s
   8   2.39061364e+09 -1.13817021e+10  1.49e-06 1.90e-07  2.11e+03   130s
  15   5.61751419e+08 -2.73009971e+09  2.67e+01 1.98e-05  5.04e+02   130s
  16   5.15812590e+08 -1.91936050e+09  4.42e+00 1.47e-05  3.73e+02   132s
   9   1.64412503e+09 -5.69646892e+09  2.85e-07 8.89e-08  1.12e+03   132s
  17   4.78099121e+08 -1.20750297e+09  2.33e+00 9.97e-06  2.58e+02   133s
  18   4.21719115e+08 -9.63686358e+08  1.41e+00 8.21e-06  2.12e+02   135s
  10   1.13297511e+09 -3.91066152e+09  2.04e-06 5.63e-08  7.72e+02   135s
  19   3.87013687e+08 -6.84268943e+08  1.13e+00 5.79e-06  1.64e+02   136s
  11   9.98462947e+08 -3.49769632e+09  1.17e-06 5.98e-08  6.88e+02   137s
  20   3.66712496e+08 -5.87203605e+08  1.04e+00 5.15e-06  1.46e+02   137s
  12   9.46797465e+08 -3.44972775e+09  8.32e-07 5.87e-08  6.73e+02   138s
  21   3.63477428e+08 -5.29754512e+08  1.02e+00 4.79e-06  1.37e+02   139s
  13   6.79652921e+08 -1.98369298e+09  4.26e-07 2.57e-08  4.08e+02   140s
  22   3.13881127e+08 -4.12918826e+08  7.13e-01 4.01e-06  1.11e+02   141s
  14   3.54340033e+08 -8.45250360e+08  1.64e-06 1.61e-08  1.84e+02   142s
  23   2.42448502e+08 -1.70321288e+08  3.84e-01 2.12e-06  6.32e+01   144s
Deterministic concurrent LP optimizer: primal simplex, dual simplex, and barrier
Showing barrier log only...

  15   2.45007218e+08 -2.82145952e+08  1.36e-06 8.79e-10  8.07e+01   145s
Root barrier log...

  16   2.32262560e+08 -2.06114004e+08  1.31e-06 6.59e-10  6.71e+01   147s
  24   2.32633282e+08 -1.18911924e+08  3.50e-01 1.75e-06  5.38e+01   147s
  17   2.15363678e+08 -1.67687400e+08  6.32e-07 5.47e-10  5.86e+01   148s
Ordering time: 3.01s
  18   1.99306834e+08 -1.28154856e+08  5.45e-07 4.50e-10  5.01e+01   150s
  25   2.29704499e+08 -8.94138310e+07  3.40e-01 1.55e-06  4.88e+01   151s

Barrier statistics:
 Dense cols : 103
 AA' NZ     : 1.544e+07
 Factor NZ  : 6.646e+07 (roughly 2.7 GB of memory)
 Factor Ops : 4.437e+09 (less than 1 second per iteration)
 Threads    : 10
  19   1.22539213e+08 -2.97594771e+07  1.26e-06 5.82e-10  2.33e+01   153s

                  Objective                Residual
Iter       Primal          Dual         Primal    Dual     Compl     Time
   0   1.43967746e+10 -2.67452360e+11  5.13e+09 1.18e+01  9.43e+07   163s
  26   2.14088199e+08  4.49232276e+07  2.66e-01 6.99e-07  2.59e+01   154s
  20   1.07145937e+08 -4.53212073e+06  9.30e-07 1.41e-10  1.71e+01   155s
   1   1.54087947e+10 -4.28470476e+11  4.97e+09 6.89e+01  8.60e+07   165s
  27   1.80681367e+08  5.57607254e+07  1.16e-01 6.31e-07  1.91e+01   156s
  21   1.05272300e+08 -3.06410504e+06  7.82e-07 2.65e-10  1.66e+01   157s
   2   1.00500882e+10 -3.96778657e+11  2.96e+09 3.69e+00  5.19e+07   167s
  28   1.72118627e+08  6.99084715e+07  8.34e-02 5.37e-07  1.56e+01   158s
  22   1.04264161e+08 -1.85583467e+06  8.97e-07 3.64e-10  1.62e+01   159s
   3   3.05242761e+09 -3.76258599e+11  2.56e+08 9.81e-07  4.68e+06   169s
  23   1.03259727e+08 -1.54740393e+06  9.70e-07 2.85e-10  1.60e+01   160s
  29   1.70521259e+08  9.87386983e+07  7.81e-02 3.40e-07  1.10e+01   160s
   4   2.59872869e+09 -2.90058780e+11  1.01e+07 7.77e-07  2.24e+05   172s
  30   1.58061640e+08  1.24290954e+08  4.18e-02 1.57e-07  5.17e+00   163s
  24   1.02585570e+08 -9.22549542e+04  8.07e-07 3.51e-10  1.57e+01   163s
   5   2.59583206e+09 -2.66634884e+11  5.60e+06 6.28e-07  1.39e+05   173s
   6   2.59291188e+09 -2.57773662e+11  3.95e+06 6.15e-07  1.08e+05   175s
  25   1.00375194e+08  1.22040662e+07  6.99e-07 3.62e-10  1.35e+01   165s
   7   2.56892524e+09 -1.95642995e+11  2.99e+06 3.90e-07  7.94e+04   176s
  31   1.56856589e+08  1.27200733e+08  3.86e-02 1.36e-07  4.54e+00   167s
   8   2.40470336e+09 -1.89349579e+11  2.44e+06 3.88e-07  6.75e+04   178s
  26   9.19131485e+07  4.51324625e+07  5.39e-07 4.93e-10  7.16e+00   168s
  32   1.52515595e+08  1.29157156e+08  2.71e-02 1.39e-07  3.57e+00   169s
   9   2.20016210e+09 -1.50347688e+11  1.86e+06 3.15e-07  5.23e+04   180s
  27   8.09999284e+07  5.15190640e+07  4.68e-07 4.22e-10  4.51e+00   171s
  33   1.51553285e+08  1.31155606e+08  2.47e-02 1.24e-07  3.12e+00   172s
  34   1.51485088e+08  1.31874407e+08  2.45e-02 1.23e-07  3.00e+00   173s
  10   1.65482208e+09 -1.19422675e+11  1.03e+06 2.02e-07  3.38e+04   183s
  35   1.50995320e+08  1.34092223e+08  2.32e-02 1.10e-07  2.59e+00   174s
  28   7.43232156e+07  5.38767566e+07  3.13e-07 4.30e-10  3.13e+00   174s
  11   1.04475141e+09 -7.84703077e+10  2.52e+05 9.41e-08  1.55e+04   186s
  36   1.50517170e+08  1.35536443e+08  2.19e-02 9.27e-08  2.29e+00   176s
  29   7.00719797e+07  5.50974152e+07  1.57e-07 2.00e-10  2.29e+00   177s
  12   8.66106021e+08 -3.20051336e+10  2.01e+04 6.59e-07  5.20e+03   189s
  37   1.49205287e+08  1.36282617e+08  1.83e-02 8.46e-08  1.98e+00   179s
  38   1.47559845e+08  1.38531652e+08  1.37e-02 9.54e-08  1.38e+00   180s
  13   8.25750392e+08 -8.97674548e+09  3.73e+02 4.71e-07  1.50e+03   192s
  39   1.47182106e+08  1.39226059e+08  1.25e-02 7.95e-08  1.22e+00   182s
  30   6.55773844e+07  5.56244389e+07  2.31e-07 5.43e-10  1.52e+00   183s
  14   7.71895610e+08 -3.60519347e+09  1.47e+01 3.25e-06  6.70e+02   194s
  40   1.46166729e+08  1.39321929e+08  9.62e-03 7.79e-08  1.05e+00   185s
  15   7.63900855e+08 -2.45704336e+09  1.41e+01 2.32e-06  4.93e+02   196s
  41   1.45587361e+08  1.40428176e+08  7.83e-03 5.27e-08  7.89e-01   187s
  16   7.18832625e+08 -2.26512102e+09  1.04e+01 2.17e-06  4.57e+02   197s
  31   6.20083412e+07  5.62588208e+07  2.82e-06 2.58e-10  8.80e-01   187s
  17   4.58801714e+08 -1.66766675e+09  3.50e+00 1.65e-06  3.25e+02   199s
  42   1.45037325e+08  1.41902794e+08  6.32e-03 1.78e-08  4.80e-01   189s
  18   3.10773380e+08 -8.51797984e+08  1.61e+00 8.66e-07  1.78e+02   201s
  32   6.18508619e+07  5.64934143e+07  1.62e-06 3.09e-10  8.20e-01   192s
  43   1.43917600e+08  1.42376263e+08  3.23e-03 6.82e-09  2.36e-01   192s
  19   2.68092497e+08 -2.70420510e+08  1.30e+00 2.89e-07  8.24e+01   204s
  44   1.43158296e+08  1.42592658e+08  1.11e-03 1.74e-08  8.65e-02   195s
  20   2.47243257e+08 -1.67171972e+08  1.18e+00 1.88e-07  6.34e+01   205s
  33   6.02946052e+07  5.68284323e+07  1.31e-05 3.44e-10  5.30e-01   196s
  21   1.87546523e+08 -5.20021742e+07  8.35e-01 6.91e-08  3.67e+01   207s
  45   1.42973865e+08  1.42655875e+08  6.28e-04 6.36e-09  4.86e-02   198s
  22   1.29819561e+08  3.34616584e+06  5.08e-01 2.22e-08  1.94e+01   208s
  23   1.01285708e+08  1.94307578e+07  3.45e-01 1.20e-08  1.25e+01   210s
  46   1.42912591e+08  1.42697087e+08  4.68e-04 3.23e-08  3.30e-02   200s
  34   6.00374376e+07  5.72920950e+07  9.55e-06 3.80e-10  4.20e-01   200s
  24   9.77481686e+07  2.15977081e+07  3.25e-01 1.02e-08  1.17e+01   212s
  47   1.42867763e+08  1.42711685e+08  3.47e-04 2.58e-08  2.39e-02   202s
  25   9.51660164e+07  2.32013859e+07  3.10e-01 9.68e-09  1.10e+01   213s
  48   1.42847787e+08  1.42719773e+08  2.92e-04 5.10e-08  1.96e-02   204s
  26   9.16735839e+07  2.66612878e+07  2.88e-01 7.49e-09  9.95e+00   214s
  49   1.42827623e+08  1.42724674e+08  2.38e-04 3.88e-08  1.57e-02   206s
  27   8.91911954e+07  2.76294503e+07  2.73e-01 7.01e-09  9.42e+00   216s
  35   5.90590766e+07  5.77409319e+07  1.75e-05 3.96e-10  2.02e-01   206s
  50   1.42813995e+08  1.42727475e+08  2.02e-04 3.13e-08  1.32e-02   208s
  28   8.26691109e+07  3.53368936e+07  2.34e-01 5.15e-09  7.24e+00   218s
  51   1.42786033e+08  1.42730737e+08  1.33e-04 2.43e-08  8.46e-03   210s
  36   5.88328836e+07  5.80163087e+07  2.52e-05 3.26e-09  1.25e-01   212s
  29   7.58975836e+07  3.77870457e+07  1.93e-01 3.65e-09  5.83e+00   222s
  52   1.42777239e+08  1.42734202e+08  1.10e-04 1.26e-08  6.58e-03   213s
  30   7.45251372e+07  4.15623366e+07  1.83e-01 4.95e-09  5.04e+00   225s
  53   1.42764779e+08  1.42735730e+08  7.73e-05 7.92e-09  4.44e-03   217s
  31   7.21178172e+07  4.66647669e+07  1.62e-01 6.77e-10  3.89e+00   227s
  37   5.88156630e+07  5.80395998e+07  2.40e-05 5.12e-09  1.19e-01   219s
  54   1.42757441e+08  1.42736626e+08  5.66e-05 7.16e-09  3.18e-03   219s
  32   7.11386546e+07  4.90815214e+07  1.54e-01 5.27e-08  3.38e+00   230s
  55   1.42755207e+08  1.42737290e+08  5.00e-05 2.65e-08  2.74e-03   222s
  33   6.64545090e+07  4.94060797e+07  1.15e-01 5.48e-08  2.61e+00   232s
  38   5.87898117e+07  5.80805170e+07  1.80e-05 9.08e-09  1.09e-01   223s
  56   1.42749821e+08  1.42737608e+08  3.43e-05 3.30e-08  1.87e-03   224s
  34   6.28925695e+07  5.25600322e+07  7.86e-02 1.24e-07  1.58e+00   235s
  39   5.86057905e+07  5.81954816e+07  1.67e-04 3.78e-10  6.28e-02   227s
  35   5.89352297e+07  5.40515759e+07  3.60e-02 3.61e-07  7.47e-01   237s
  57   1.42744481e+08  1.42737860e+08  1.99e-05 3.42e-08  1.01e-03   228s
  36   5.74120373e+07  5.51280008e+07  1.83e-02 2.13e-07  3.50e-01   240s
  58   1.42742399e+08  1.42738194e+08  1.27e-05 1.15e-08  6.43e-04   232s
  37   5.67408472e+07  5.54625402e+07  9.88e-03 1.20e-07  1.96e-01   242s
  40   5.85894882e+07  5.82238585e+07  1.57e-04 8.61e-09  5.59e-02   233s
  59   1.42741240e+08  1.42738310e+08  8.98e-06 8.80e-09  4.48e-04   235s
  38   5.65039368e+07  5.55793824e+07  7.35e-03 8.53e-08  1.42e-01   245s
  39   5.64022808e+07  5.56260990e+07  6.18e-03 6.72e-08  1.19e-01   247s
  60   1.42740803e+08  1.42738393e+08  7.43e-06 1.99e-08  3.69e-04   237s
  41   5.85201202e+07  5.82578900e+07  1.16e-04 9.02e-10  4.01e-02   238s
  61   1.42740553e+08  1.42738416e+08  6.64e-06 1.40e-08  3.27e-04   239s
  40   5.62863304e+07  5.56706440e+07  4.86e-03 5.05e-08  9.43e-02   249s
  62   1.42739956e+08  1.42738445e+08  4.69e-06 1.09e-08  2.31e-04   240s
  41   5.62242450e+07  5.57110104e+07  4.18e-03 4.02e-08  7.86e-02   251s
  63   1.42739599e+08  1.42738476e+08  3.57e-06 7.83e-09  1.72e-04   243s
  42   5.61461429e+07  5.57395298e+07  3.42e-03 3.33e-08  6.23e-02   254s
  42   5.84869110e+07  5.82666159e+07  9.90e-05 1.02e-09  3.37e-02   245s
  64   1.42739331e+08  1.42738506e+08  2.40e-06 5.24e-09  1.26e-04   246s
  43   5.60686302e+07  5.57586324e+07  2.69e-03 2.42e-08  4.75e-02   257s
  43   5.84730597e+07  5.82858280e+07  9.21e-05 9.31e-10  2.86e-02   249s
  65   1.42739015e+08  1.42738527e+08  1.58e-06 2.56e-09  7.47e-05   249s
  44   5.59993928e+07  5.57807239e+07  1.99e-03 1.96e-08  3.35e-02   260s
Deterministic concurrent LP optimizer: primal simplex, dual simplex, and barrier
Showing barrier log only...

Root barrier log...

  66   1.42738814e+08  1.42738549e+08  7.89e-07 1.43e-09  4.05e-05   253s
  44   5.83926768e+07  5.82956679e+07  4.68e-05 1.51e-08  1.48e-02   254s
  45   5.59608120e+07  5.57973137e+07  1.58e-03 1.92e-08  2.50e-02   265s
Ordering time: 3.09s
  67   1.42738640e+08  1.42738557e+08  4.09e-07 1.06e-08  1.26e-05   257s

Barrier statistics:
 Dense cols : 103
 AA' NZ     : 1.544e+07
 Factor NZ  : 6.646e+07 (roughly 2.7 GB of memory)
 Factor Ops : 4.437e+09 (less than 1 second per iteration)
 Threads    : 9

                  Objective                Residual
Iter       Primal          Dual         Primal    Dual     Compl     Time
   0   3.05149305e+10 -2.60939801e+11  1.19e+10 1.85e+01  1.99e+08   260s
  46   5.59244900e+07  5.58074275e+07  1.20e-03 2.36e-08  1.79e-02   270s
  45   5.83628598e+07  5.83023904e+07  3.05e-05 8.61e-09  9.25e-03   260s
   1   3.23894670e+10 -4.28984474e+11  1.15e+10 6.36e+01  1.82e+08   261s
  68   1.42738616e+08  1.42738559e+08  1.65e-07 2.28e-08  8.72e-06   261s
   2   2.00692877e+10 -4.11300064e+11  6.78e+09 3.18e+00  1.08e+08   263s
  46   5.83205010e+07  5.83053664e+07  7.19e-06 4.66e-09  2.32e-03   263s
  47   5.58955482e+07  5.58155488e+07  8.60e-04 1.25e-08  1.23e-02   275s
   3   7.59542549e+09 -3.92559716e+11  1.92e+09 2.16e-06  3.19e+07   265s
  69   1.42738590e+08  1.42738560e+08  1.57e-07 3.17e-10  4.59e-06   266s
  47   5.83140481e+07  5.83060932e+07  3.73e-06 1.28e-09  1.22e-03   266s
   4   3.08723895e+09 -3.50821839e+11  6.73e+07 7.82e-07  1.17e+06   267s
  48   5.83117519e+07  5.83065373e+07  2.49e-06 4.66e-09  7.98e-04   268s
   5   3.01511687e+09 -3.12720728e+11  2.06e+07 6.62e-07  3.86e+05   268s
  48   5.58664363e+07  5.58185611e+07  5.16e-04 1.27e-08  7.34e-03   279s
  70   1.42738568e+08  1.42738561e+08  5.26e-07 5.14e-08  1.04e-06   269s
   6   3.01418553e+09 -3.03817245e+11  2.00e+07 6.18e-07  3.74e+05   270s
  49   5.83100367e+07  5.83067278e+07  1.57e-06 3.87e-10  5.06e-04   270s
   7   3.01337869e+09 -2.92279387e+11  1.90e+07 5.64e-07  3.53e+05   271s
  50   5.83088635e+07  5.83068436e+07  9.49e-07 5.82e-09  3.09e-04   272s
  49   5.58489015e+07  5.58203333e+07  3.11e-04 8.38e-09  4.38e-03   282s
  71   1.42738563e+08  1.42738562e+08  2.42e-07 4.74e-08  2.35e-07   273s
   8   3.00691443e+09 -2.00838146e+11  1.57e+07 2.60e-07  2.83e+05   273s
  51   5.83081234e+07  5.83069290e+07  5.59e-07 4.42e-09  1.83e-04   274s
   9   2.74162726e+09 -2.04075504e+11  1.53e+07 8.84e-07  3.01e+05   275s
  50   5.58425406e+07  5.58212913e+07  2.36e-04 3.00e-09  3.26e-03   285s
  52   5.83076144e+07  5.83069750e+07  2.95e-07 5.17e-10  9.79e-05   276s
  72   1.42738562e+08  1.42738562e+08  1.95e-07 3.02e-07  3.70e-08   277s
  51   5.58355577e+07  5.58218604e+07  1.48e-04 1.34e-09  2.10e-03   288s
  10   2.64754050e+09 -2.11794585e+11  1.40e+07 8.48e-07  2.77e+05   278s
  73   1.42738562e+08  1.42738562e+08  5.12e-08 1.27e-07  2.82e-09   278s

Barrier solved model in 73 iterations and 278.37 seconds (201.56 work units)
Optimal objective 1.42738562e+08

  53   5.83074181e+07  5.83069987e+07  1.93e-07 3.73e-09  6.42e-05   278s

Root crossover log...

  52   5.58318571e+07  5.58222761e+07  1.02e-04 4.37e-09  1.47e-03   290s
  318849 DPushes remaining with DInf 6.9526581e-06               280s
  11   2.32398678e+09 -1.61444002e+11  1.16e+07 9.15e-07  2.26e+05   280s
  54   5.83072555e+07  5.83070153e+07  1.10e-07 4.64e-10  3.67e-05   282s
  53   5.58301271e+07  5.58225773e+07  8.06e-05 6.98e-09  1.16e-03   292s
  12   1.83219926e+09 -1.17745840e+11  9.38e+06 4.40e-06  1.76e+05   284s
  54   5.58281634e+07  5.58228132e+07  5.65e-05 2.52e-10  8.23e-04   294s
  55   5.83070872e+07  5.83070259e+07  2.36e-08 1.75e-08  9.38e-06   285s
  111466 DPushes remaining with DInf 0.0000000e+00               286s
  55   5.58270884e+07  5.58229354e+07  4.35e-05 4.89e-09  6.39e-04   297s
  56   5.83070596e+07  5.83070334e+07  1.42e-07 8.73e-10  4.01e-06   288s
  13   1.21723876e+09 -9.29187627e+10  5.88e+06 2.56e-06  1.13e+05   288s
  56   5.58256380e+07  5.58230765e+07  2.58e-05 2.10e-09  3.94e-04   300s
   77793 DPushes remaining with DInf 0.0000000e+00               290s
  57   5.83070407e+07  5.83070349e+07  3.06e-07 5.36e-09  8.91e-07   291s
  14   8.92672977e+08 -5.22838113e+10  4.39e+06 3.82e-06  7.95e+04   292s
  57   5.58246464e+07  5.58231859e+07  1.39e-05 2.33e-09  2.25e-04   303s
  58   5.83070373e+07  5.83070356e+07  1.10e-07 6.40e-08  2.63e-07   293s
   69022 DPushes remaining with DInf 0.0000000e+00               295s
  15   4.14030254e+08 -2.99140455e+10  2.15e+06 8.55e-06  4.05e+04   295s
  59   5.83070358e+07  5.83070357e+07  1.96e-08 7.71e-08  1.81e-08   296s
  58   5.58238063e+07  5.58233749e+07  3.74e-06 1.51e-09  6.64e-05   307s
  16   2.96096265e+08 -1.81363047e+10  1.61e+06 3.21e-06  3.03e+04   298s
  60   5.83070358e+07  5.83070358e+07  6.58e-07 5.07e-07  1.57e-09   298s

Barrier solved model in 60 iterations and 298.26 seconds (206.43 work units)
Optimal objective 5.83070358e+07

  17   2.62741775e+08 -1.53073132e+10  1.46e+06 3.15e-06  2.77e+04   299s

Root crossover log...

  59   5.58235704e+07  5.58234328e+07  1.04e-06 1.02e-08  2.12e-05   310s
  236100 DPushes remaining with DInf 2.0298767e-06               300s
  18   1.73638406e+08 -7.96683831e+09  1.13e+06 1.50e-06  2.17e+04   300s
  19   1.42506016e+08  3.33811072e+09  1.02e+06 4.02e-06  1.98e+04   302s
  60   5.58234983e+07  5.58234622e+07  2.66e-07 1.34e-09  5.54e-06   313s
  20   1.04613861e+08  5.72354497e+09  8.77e+05 3.64e-06  1.71e+04   304s
   66532 DPushes remaining with DInf 0.0000000e+00               304s
   62899 DPushes remaining with DInf 0.0000000e+00               305s
  21   6.95153626e+07  1.00831817e+10  7.68e+05 3.50e-06  1.50e+04   306s
  61   5.58234830e+07  5.58234734e+07  3.40e-07 1.28e-09  1.48e-06   317s
  22   5.13933865e+07  3.11938037e+10  6.98e+05 4.45e-06  1.38e+04   308s
  62   5.58234804e+07  5.58234790e+07  1.23e-07 1.09e-08  2.12e-07   321s
  23   3.14306758e+07  6.27238844e+10  6.11e+05 4.46e-06  1.29e+04   311s
   59580 DPushes remaining with DInf 0.0000000e+00               312s
   65702 DPushes remaining with DInf 0.0000000e+00               314s
  63   5.58234800e+07  5.58234797e+07  1.30e-08 1.46e-08  5.17e-08   325s
  24   1.30626902e+07  1.51955910e+11  5.33e+05 3.73e-06  1.24e+04   315s
  25   8.79101981e+06  2.72912482e+11  5.14e+05 3.40e-06  1.40e+04   317s
  64   5.58234799e+07  5.58234798e+07  9.50e-08 5.81e-08  1.13e-08   329s
   57920 DPushes remaining with DInf 0.0000000e+00               319s
  26   6.55875995e+06  5.01944433e+11  4.99e+05 3.90e-06  1.63e+04   321s
   57090 DPushes remaining with DInf 0.0000000e+00               321s
  65   5.58234799e+07  5.58234799e+07  3.20e-07 3.21e-07  2.37e-09   332s

Barrier solved model in 65 iterations and 331.65 seconds (235.88 work units)
Optimal objective 5.58234799e+07


Root crossover log...

  27   4.30935935e+06  9.20880670e+11  4.82e+05 2.20e-07  1.76e+04   323s
  309702 DPushes remaining with DInf 2.4846979e-05               334s
   64872 DPushes remaining with DInf 0.0000000e+00               325s
  28   3.32670566e+06  1.59607630e+12  4.73e+05 1.85e-07  2.01e+04   325s
   51706 DPushes remaining with DInf 0.0000000e+00               325s
  29   2.66994925e+06  3.43867384e+12  4.67e+05 2.69e-07  2.72e+04   328s
   38711 DPushes remaining with DInf 0.0000000e+00               330s
  30   2.26219269e+06  5.22015911e+12  4.63e+05 3.00e-07  3.07e+04   331s
  31   1.99265981e+06  7.43834081e+12  4.61e+05 4.79e-07  3.43e+04   333s
   57056 DPushes remaining with DInf 0.0000000e+00               335s
  32   1.77499807e+06  1.08033514e+13  4.59e+05 5.09e-07  3.92e+04   336s
   35051 DPushes remaining with DInf 0.0000000e+00               336s
Warning: Markowitz tolerance tightened to 0.5

  178176 PPushes remaining with PInf 1.2895885e-04               337s
   38978 PPushes remaining with PInf 1.0499973e-05               340s
  33   3.05149305e+10 -2.60939801e+11  1.19e+10 1.85e+01  1.99e+08   340s
  34   6.78700872e+09 -9.59011702e+10  3.06e+09 3.13e+00  1.79e+07   344s
   56082 DPushes remaining with DInf 0.0000000e+00               345s
   22727 PPushes remaining with PInf 1.0499973e-05               346s
   55211 DPushes remaining with DInf 0.0000000e+00               350s
   10200 PPushes remaining with PInf 0.0000000e+00               350s
  35   8.83004319e+08 -7.72086227e+09  4.23e+08 6.61e-01  2.28e+05   352s
    2293 PPushes remaining with PInf 0.0000000e+00               356s
  36   5.30893863e+07 -1.35993405e+09  2.39e+07 1.17e+00  2.93e+03   357s
       0 PPushes remaining with PInf 0.0000000e+00               357s

  Push phase complete: Pinf 0.0000000e+00, Dinf 2.0977266e-09    358s


Root simplex log...

Iteration    Objective       Primal Inf.    Dual Inf.      Time
  374514    5.8307036e+07   0.000000e+00   0.000000e+00    358s
Crossover time: 60.04 seconds (43.73 work units)
Concurrent spin time: 0.01s

Solved with barrier
   54421 DPushes remaining with DInf 0.0000000e+00               359s
  374514    5.8307036e+07   0.000000e+00   0.000000e+00    361s

Root relaxation: objective 5.830704e+07, 374514 iterations, 261.17 seconds (179.57 work units)
  37   1.35335912e+07 -3.90838210e+08  6.39e+06 6.50e-01  4.32e+02   363s
  38   3.47968416e+06 -1.09813976e+08  1.61e+06 2.52e-01  8.00e+01   368s
   53671 DPushes remaining with DInf 0.0000000e+00               370s
  39   2.02556831e+06 -3.51899828e+07  9.20e+05 8.99e-02  3.78e+01   371s
  40   1.72808218e+06 -3.46218979e+07  7.62e+05 8.31e-02  3.64e+01   374s
   52841 DPushes remaining with DInf 0.0000000e+00               375s
  41   1.71439706e+06 -3.34796622e+07  7.32e+05 7.27e-02  4.68e+01   376s
  42   2.23864944e+06 -2.77482008e+07  7.79e+05 3.78e-02  1.18e+02   378s
   52011 DPushes remaining with DInf 0.0000000e+00               381s
  43   1.25124402e+07 -2.50587527e+07  6.65e+05 2.29e-02  1.43e+02   381s
  44   1.48441672e+07 -1.42231783e+07  6.77e+05 2.14e-03  1.98e+02   383s
  45   4.83275797e+07 -3.58989566e+06  7.30e+05 2.63e-08  3.36e+02   385s
  46   7.67233391e+07  1.97748879e+08  7.87e+05 1.76e-06  2.64e+03   387s
   51181 DPushes remaining with DInf 0.0000000e+00               388s
  47   7.98782942e+07  4.62089640e+09  7.56e+05 1.51e-04  4.37e+05   389s
  48*  7.91485386e+07  1.63898881e+12  5.81e+02 3.98e-03  2.11e+03   392s
  49*  7.99122995e+07  1.88306430e+17  6.59e-04 6.35e-03  2.70e-03   394s
  50*  9.04729387e+07  6.62431236e+17  1.45e-04 3.60e-02  7.70e-04   396s
   50431 DPushes remaining with DInf 0.0000000e+00               398s
  51*  1.13527350e+08  3.97419004e+18  6.15e-05 4.49e-01  1.12e-03   399s
   48407 DPushes remaining with DInf 0.0000000e+00               401s
  52*  1.32264452e+08  9.37303238e+18  3.84e-05 2.67e+00  4.50e-03   402s
  53*  1.55129023e+08  1.45632804e+19  2.44e-05 7.63e+00  1.31e-02   405s
  54*  1.56114414e+08  1.53561701e+19  1.75e-05 4.73e+00  1.01e-02   408s
  55*  1.56124981e+08  3.51969011e+19  1.65e-05 1.17e+02  8.51e-02   411s
   46702 DPushes remaining with DInf 0.0000000e+00               412s
  56*  1.52390660e+08  9.15651071e+19  7.18e-07 1.69e+02  1.08e-02   413s
  57*  1.59865591e+08  3.41588661e+22  1.18e-09 3.41e+02  2.43e-04   416s
  58*  1.59842231e+08  8.52611625e+27  1.19e-15 2.12e+02  2.44e-10   418s

    Nodes    |    Current Node    |     Objective Bounds      |     Work
 Expl Unexpl |  Obj  Depth IntInf | Incumbent    BestBd   Gap | It/Node Time

     0     0 5.8307e+07    0    5 1.2558e+08 5.8307e+07  53.6%     -  418s
  59*  1.59842231e+08  8.50192110e+33  1.19e-21 4.37e-01  2.44e-16   420s
   45872 DPushes remaining with DInf 0.0000000e+00               421s
H    0     0                    5.835029e+07 5.8307e+07  0.07%     -  421s

Explored 1 nodes (509851 simplex iterations) in 422.45 seconds (302.50 work units)
Thread count was 12 (of 192 available processors)

Solution count 2: 5.83503e+07 1.25576e+08 

Optimal solution found (tolerance 1.00e-02)
Warning: max constraint violation (4.2441e-04) exceeds tolerance
Best objective 5.835028711544e+07, best bound 5.830703575865e+07, gap 0.0741%
Set parameter LogFile to value ""
  60*  1.60374770e+08  1.61956484e+38  5.14e-27 6.48e-02  9.22e-23   423s
  61*  1.82414023e+08  3.64159897e+40  2.34e-26 1.24e-01  1.61e-22   425s
  62*  2.04009386e+08  1.64164478e+41  2.49e-26 1.61e-01  3.22e-22   427s
  63*  2.04009386e+08  4.60772555e+41  2.49e-26 1.99e-01  6.39e-22   430s
   45042 DPushes remaining with DInf 0.0000000e+00               430s
  64*  2.04009386e+08  1.98697813e+42  2.49e-26 4.56e+00  6.96e-21   432s

Barrier performed 64 iterations in 432.10 seconds (402.25 work units)
Numerical trouble encountered

   44212 DPushes remaining with DInf 0.0000000e+00               439s
   43382 DPushes remaining with DInf 0.0000000e+00               448s
   42552 DPushes remaining with DInf 0.0000000e+00               457s
   41722 DPushes remaining with DInf 0.0000000e+00               466s
   40892 DPushes remaining with DInf 0.0000000e+00               475s
   40062 DPushes remaining with DInf 0.0000000e+00               484s
   39232 DPushes remaining with DInf 0.0000000e+00               493s
Waiting for other threads to finish...         496s
  107368 DPushes remaining with DInf 0.0000000e+00               507s
   38402 DPushes remaining with DInf 0.0000000e+00               502s
   37572 DPushes remaining with DInf 0.0000000e+00               511s
   36742 DPushes remaining with DInf 0.0000000e+00               521s
   35912 DPushes remaining with DInf 0.0000000e+00               529s
   81753 DPushes remaining with DInf 0.0000000e+00               541s
   79314 DPushes remaining with DInf 0.0000000e+00               547s
   35082 DPushes remaining with DInf 0.0000000e+00               539s
       0 DPushes remaining with DInf 0.0000000e+00               540s
Warning: Markowitz tolerance tightened to 0.5

  110322 PPushes remaining with PInf 9.2081992e-04               540s
   77650 DPushes remaining with DInf 0.0000000e+00               551s
   75990 DPushes remaining with DInf 0.0000000e+00               555s
   74330 DPushes remaining with DInf 0.0000000e+00               562s
   73500 DPushes remaining with DInf 0.0000000e+00               566s
Waiting for other threads to finish...         559s
   71840 DPushes remaining with DInf 0.0000000e+00               571s
   68988 DPushes remaining with DInf 0.0000000e+00               577s
   65230 DPushes remaining with DInf 0.0000000e+00               580s
# ==========================================================
# = Solver Results                                         =
# ==========================================================
# ----------------------------------------------------------
#   Problem Information
# ----------------------------------------------------------
Problem: 
- Name: unknown
  Lower bound: 58307035.75864859
  Upper bound: 58350287.115441464
  Number of objectives: 1
  Number of constraints: 9050179
  Number of variables: 6728544
  Number of binary variables: 858652
  Number of integer variables: 858652
  Number of continuous variables: 5011240
  Number of nonzeros: 21385595
  Sense: minimize
  Number of solutions: 2
# ----------------------------------------------------------
#   Solver Information
# ----------------------------------------------------------
Solver: 
- Name: Gurobi 13.00
  Status: ok
  Wallclock time: 422.5699198246002
  Termination condition: optimal
  Termination message: Model was solved to optimality (subject to tolerances), and an optimal solution is available.
# ----------------------------------------------------------
#   Solution Information
# ----------------------------------------------------------
Solution: 
- number of solutions: 0
  number of solutions displayed: 0
Writing results to /gpfs/home3/scur1696/AdOpT-NET0-RegToNation/generic_node_optimization/results/parallel_creation_test_20251124_002357/task_002/t002_parallel_run_0002/userData/20251124003206-1
[SUCCESS] Solved: t002_parallel_run_0002
[SOLVING] t002_parallel_run_0005
Set parameter Threads to value 12
   61910 DPushes remaining with DInf 0.0000000e+00               589s
   61080 DPushes remaining with DInf 0.0000000e+00               599s
   60250 DPushes remaining with DInf 0.0000000e+00               611s
   59420 DPushes remaining with DInf 0.0000000e+00               623s
Waiting for other threads to finish...         622s
   58590 DPushes remaining with DInf 0.0000000e+00               634s
   57760 DPushes remaining with DInf 0.0000000e+00               643s
   56930 DPushes remaining with DInf 0.0000000e+00               652s
   56100 DPushes remaining with DInf 0.0000000e+00               662s
   55270 DPushes remaining with DInf 0.0000000e+00               671s
   54440 DPushes remaining with DInf 0.0000000e+00               682s
   53610 DPushes remaining with DInf 0.0000000e+00               692s
Waiting for other threads to finish...         686s
   51950 DPushes remaining with DInf 0.0000000e+00               697s
   67215 PPushes remaining with PInf 2.2518101e-03               689s
   50290 DPushes remaining with DInf 0.0000000e+00               702s
   48630 DPushes remaining with DInf 0.0000000e+00               711s
   47800 DPushes remaining with DInf 0.0000000e+00               716s
   46140 DPushes remaining with DInf 0.0000000e+00               722s
   44480 DPushes remaining with DInf 0.0000000e+00               727s
   43650 DPushes remaining with DInf 0.0000000e+00               730s
   41160 DPushes remaining with DInf 0.0000000e+00               738s
   40330 DPushes remaining with DInf 0.0000000e+00               741s
   38670 DPushes remaining with DInf 0.0000000e+00               747s
   37840 DPushes remaining with DInf 0.0000000e+00               754s
Waiting for other threads to finish...         749s
   42865 PPushes remaining with PInf 1.0114456e-04               749s
   37010 DPushes remaining with DInf 0.0000000e+00               761s
   36180 DPushes remaining with DInf 0.0000000e+00               768s
   35350 DPushes remaining with DInf 0.0000000e+00               774s
   37070 PPushes remaining with PInf 1.0114470e-04               765s
   35051 DPushes remaining with DInf 0.0000000e+00               777s
Warning: Markowitz tolerance tightened to 0.5

  167223 PPushes remaining with PInf 3.2123842e-03               778s
   90348 PPushes remaining with PInf 4.8826479e-06               786s
   25002 PPushes remaining with PInf 4.8826479e-06               791s
   32060 PPushes remaining with PInf 1.0114472e-04               781s
   29524 PPushes remaining with PInf 1.0114079e-04               798s
Waiting for other threads to finish...         812s
   28080 PPushes remaining with PInf 3.3712786e-04               819s
   27042 PPushes remaining with PInf 3.1787999e-04               820s
   17164 PPushes remaining with PInf 1.0241652e-05               825s
   11154 PPushes remaining with PInf 1.2844787e-06               831s
    6696 PPushes remaining with PInf 4.8826479e-06               843s
       0 PPushes remaining with PInf 0.0000000e+00               845s

  Push phase complete: Pinf 0.0000000e+00, Dinf 5.0432473e+05    845s

    6151 PPushes remaining with PInf 1.2844787e-06               835s

Root simplex log...

Iteration    Objective       Primal Inf.    Dual Inf.      Time
  417138    5.5823480e+07   0.000000e+00   5.043247e+05    846s
  417139    5.5823480e+07   0.000000e+00   0.000000e+00    846s
Crossover time: 514.42 seconds (222.99 work units)
Concurrent spin time: 0.03s

Solved with barrier
  417139    5.5823480e+07   0.000000e+00   0.000000e+00    849s

Root relaxation: objective 5.582348e+07, 417139 iterations, 700.04 seconds (348.46 work units)
     912 PPushes remaining with PInf 0.0000000e+00               840s
       0 PPushes remaining with PInf 0.0000000e+00               842s

  Push phase complete: Pinf 0.0000000e+00, Dinf 2.2960919e+00    842s


Root simplex log...

Iteration    Objective       Primal Inf.    Dual Inf.      Time
  381817    1.4273856e+08   0.000000e+00   2.296092e+00    843s
  381822    1.4273856e+08   0.000000e+00   0.000000e+00    844s
Crossover time: 565.54 seconds (304.66 work units)
Concurrent spin time: 0.01s

Solved with barrier
  381822    1.4273856e+08   0.000000e+00   0.000000e+00    846s

Root relaxation: objective 1.427386e+08, 381822 iterations, 764.15 seconds (448.37 work units)
Waiting for other threads to finish...         875s
Waiting for other threads to finish...         939s

    Nodes    |    Current Node    |     Objective Bounds      |     Work
 Expl Unexpl |  Obj  Depth IntInf | Incumbent    BestBd   Gap | It/Node Time

     0     0 1.4274e+08    0    9          - 1.4274e+08      -     -  939s

    Nodes    |    Current Node    |     Objective Bounds      |     Work
 Expl Unexpl |  Obj  Depth IntInf | Incumbent    BestBd   Gap | It/Node Time

     0     0 5.5823e+07    0    7 1.2368e+08 5.5823e+07  54.9%     -  987s
H    0     0                    5.588230e+07 5.5823e+07  0.11%     -  990s

Explored 1 nodes (486096 simplex iterations) in 991.22 seconds (556.67 work units)
Thread count was 12 (of 192 available processors)

Solution count 2: 5.58823e+07 1.23684e+08 

Optimal solution found (tolerance 1.00e-02)
Warning: max constraint violation (1.3831e-03) exceeds tolerance
         (possibly due to large matrix coefficients)
Best objective 5.588230121216e+07, best bound 5.582347986207e+07, gap 0.1053%
Set parameter LogFile to value ""
Waiting for other threads to finish...        1002s
Waiting for other threads to finish...        1065s
# ==========================================================
# = Solver Results                                         =
# ==========================================================
# ----------------------------------------------------------
#   Problem Information
# ----------------------------------------------------------
Problem: 
- Name: unknown
  Lower bound: 55823479.86206622
  Upper bound: 55882301.21216036
  Number of objectives: 1
  Number of constraints: 9050179
  Number of variables: 6728544
  Number of binary variables: 858652
  Number of integer variables: 858652
  Number of continuous variables: 5011240
  Number of nonzeros: 21385595
  Sense: minimize
  Number of solutions: 2
# ----------------------------------------------------------
#   Solver Information
# ----------------------------------------------------------
Solver: 
- Name: Gurobi 13.00
  Status: ok
  Wallclock time: 991.3474349975586
  Termination condition: optimal
  Termination message: Model was solved to optimality (subject to tolerances), and an optimal solution is available.
# ----------------------------------------------------------
#   Solution Information
# ----------------------------------------------------------
Solution: 
- number of solutions: 0
  number of solutions displayed: 0
Writing results to /gpfs/home3/scur1696/AdOpT-NET0-RegToNation/generic_node_optimization/results/parallel_creation_test_20251124_002357/task_002/t002_parallel_run_0003/userData/20251124003203-1
[SUCCESS] Solved: t002_parallel_run_0003
[SOLVING] t002_parallel_run_0007
Set parameter Threads to value 12
Waiting for other threads to finish...        1128s
Waiting for other threads to finish...        1191s
Waiting for other threads to finish...        1254s
Waiting for other threads to finish...        1318s
H    0     0                    1.428443e+08 1.4274e+08  0.07%     - 1328s

Explored 1 nodes (454295 simplex iterations) in 1329.69 seconds (807.50 work units)
Thread count was 12 (of 192 available processors)

Solution count 1: 1.42844e+08 

Optimal solution found (tolerance 1.00e-02)
Warning: max constraint violation (2.9933e-03) exceeds tolerance
         (possibly due to large matrix coefficients)
Best objective 1.428442991442e+08, best bound 1.427385620655e+08, gap 0.0740%
Set parameter LogFile to value ""
Waiting for other threads to finish...        1381s
Waiting for other threads to finish...        1444s
# ==========================================================
# = Solver Results                                         =
# ==========================================================
# ----------------------------------------------------------
#   Problem Information
# ----------------------------------------------------------
Problem: 
- Name: unknown
  Lower bound: 142738562.0655248
  Upper bound: 142844299.14419767
  Number of objectives: 1
  Number of constraints: 9050179
  Number of variables: 6728544
  Number of binary variables: 858652
  Number of integer variables: 858652
  Number of continuous variables: 5011240
  Number of nonzeros: 21385595
  Sense: minimize
  Number of solutions: 1
# ----------------------------------------------------------
#   Solver Information
# ----------------------------------------------------------
Solver: 
- Name: Gurobi 13.00
  Status: ok
  Wallclock time: 1329.8167939186096
  Termination condition: optimal
  Termination message: Model was solved to optimality (subject to tolerances), and an optimal solution is available.
# ----------------------------------------------------------
#   Solution Information
# ----------------------------------------------------------
Solution: 
- number of solutions: 0
  number of solutions displayed: 0
Writing results to /gpfs/home3/scur1696/AdOpT-NET0-RegToNation/generic_node_optimization/results/parallel_creation_test_20251124_002357/task_002/t002_parallel_run_0001/userData/20251124003206-1
[SUCCESS] Solved: t002_parallel_run_0001
[SOLVING] t002_parallel_run_0006
Set parameter Threads to value 12
Waiting for other threads to finish...        1507s
Waiting for other threads to finish...        1570s
Waiting for other threads to finish...        1633s
Waiting for other threads to finish...        1697s
Waiting for other threads to finish...        1760s
Waiting for other threads to finish...        1823s
  [CONFIG] Gurobi default env configured: 12 threads per worker
--- Reading in data ---
Input data folder has been checked successfully - no errors occurred.
--- Reading in data complete ---
--- Constructing Model ---
Constructing Investment Period period1
Constructing Investment Period period1 completed
	 - Constructing Network hydrogenPipelineOnshore_lowP
			gdp.bigm Transformation...
			gdp.bigm Transformation completed in 0 s
		 - Constructing Arc BIG1 - BIG2 completed
			gdp.bigm Transformation...
			gdp.bigm Transformation completed in 0 s
		 - Constructing Arc BIG1 - SMALL1 completed
			gdp.bigm Transformation...
			gdp.bigm Transformation completed in 0 s
		 - Constructing Arc BIG1 - SMALL2 completed
			gdp.bigm Transformation...
			gdp.bigm Transformation completed in 0 s
		 - Constructing Arc BIG1 - SMALL3 completed
			gdp.bigm Transformation...
			gdp.bigm Transformation completed in 0 s
		 - Constructing Arc BIG1 - SMALL4 completed
			gdp.bigm Transformation...
			gdp.bigm Transformation completed in 0 s
		 - Constructing Arc BIG1 - STORAGE completed
			gdp.bigm Transformation...
			gdp.bigm Transformation completed in 0 s
		 - Constructing Arc BIG2 - BIG1 completed
			gdp.bigm Transformation...
			gdp.bigm Transformation completed in 0 s
		 - Constructing Arc BIG2 - SMALL1 completed
			gdp.bigm Transformation...
			gdp.bigm Transformation completed in 0 s
		 - Constructing Arc BIG2 - SMALL2 completed
			gdp.bigm Transformation...
			gdp.bigm Transformation completed in 0 s
		 - Constructing Arc BIG2 - SMALL3 completed
			gdp.bigm Transformation...
			gdp.bigm Transformation completed in 0 s
		 - Constructing Arc BIG2 - SMALL4 completed
			gdp.bigm Transformation...
			gdp.bigm Transformation completed in 0 s
		 - Constructing Arc BIG2 - STORAGE completed
			gdp.bigm Transformation...
			gdp.bigm Transformation completed in 0 s
		 - Constructing Arc SMALL1 - BIG1 completed
			gdp.bigm Transformation...
			gdp.bigm Transformation completed in 0 s
		 - Constructing Arc SMALL1 - BIG2 completed
			gdp.bigm Transformation...
			gdp.bigm Transformation completed in 0 s
		 - Constructing Arc SMALL1 - SMALL2 completed
			gdp.bigm Transformation...
			gdp.bigm Transformation completed in 0 s
		 - Constructing Arc SMALL1 - SMALL3 completed
			gdp.bigm Transformation...
			gdp.bigm Transformation completed in 0 s
		 - Constructing Arc SMALL1 - SMALL4 completed
			gdp.bigm Transformation...
			gdp.bigm Transformation completed in 0 s
		 - Constructing Arc SMALL1 - STORAGE completed
			gdp.bigm Transformation...
			gdp.bigm Transformation completed in 0 s
		 - Constructing Arc SMALL2 - BIG1 completed
			gdp.bigm Transformation...
			gdp.bigm Transformation completed in 0 s
		 - Constructing Arc SMALL2 - BIG2 completed
			gdp.bigm Transformation...
			gdp.bigm Transformation completed in 0 s
		 - Constructing Arc SMALL2 - SMALL1 completed
			gdp.bigm Transformation...
			gdp.bigm Transformation completed in 0 s
		 - Constructing Arc SMALL2 - SMALL3 completed
			gdp.bigm Transformation...
			gdp.bigm Transformation completed in 0 s
		 - Constructing Arc SMALL2 - SMALL4 completed
			gdp.bigm Transformation...
			gdp.bigm Transformation completed in 0 s
		 - Constructing Arc SMALL2 - STORAGE completed
			gdp.bigm Transformation...
			gdp.bigm Transformation completed in 0 s
		 - Constructing Arc SMALL3 - BIG1 completed
			gdp.bigm Transformation...
			gdp.bigm Transformation completed in 0 s
		 - Constructing Arc SMALL3 - BIG2 completed
			gdp.bigm Transformation...
			gdp.bigm Transformation completed in 0 s
		 - Constructing Arc SMALL3 - SMALL1 completed
			gdp.bigm Transformation...
			gdp.bigm Transformation completed in 0 s
		 - Constructing Arc SMALL3 - SMALL2 completed
			gdp.bigm Transformation...
			gdp.bigm Transformation completed in 0 s
		 - Constructing Arc SMALL3 - SMALL4 completed
			gdp.bigm Transformation...
			gdp.bigm Transformation completed in 0 s
		 - Constructing Arc SMALL3 - STORAGE completed
			gdp.bigm Transformation...
			gdp.bigm Transformation completed in 0 s
		 - Constructing Arc SMALL4 - BIG1 completed
			gdp.bigm Transformation...
			gdp.bigm Transformation completed in 0 s
		 - Constructing Arc SMALL4 - BIG2 completed
			gdp.bigm Transformation...
			gdp.bigm Transformation completed in 0 s
		 - Constructing Arc SMALL4 - SMALL1 completed
			gdp.bigm Transformation...
			gdp.bigm Transformation completed in 0 s
		 - Constructing Arc SMALL4 - SMALL2 completed
			gdp.bigm Transformation...
			gdp.bigm Transformation completed in 0 s
		 - Constructing Arc SMALL4 - SMALL3 completed
			gdp.bigm Transformation...
			gdp.bigm Transformation completed in 0 s
		 - Constructing Arc SMALL4 - STORAGE completed
			gdp.bigm Transformation...
			gdp.bigm Transformation completed in 0 s
		 - Constructing Arc STORAGE - BIG1 completed
			gdp.bigm Transformation...
			gdp.bigm Transformation completed in 0 s
		 - Constructing Arc STORAGE - BIG2 completed
			gdp.bigm Transformation...
			gdp.bigm Transformation completed in 0 s
		 - Constructing Arc STORAGE - SMALL1 completed
			gdp.bigm Transformation...
			gdp.bigm Transformation completed in 0 s
		 - Constructing Arc STORAGE - SMALL2 completed
			gdp.bigm Transformation...
			gdp.bigm Transformation completed in 0 s
		 - Constructing Arc STORAGE - SMALL3 completed
			gdp.bigm Transformation...
			gdp.bigm Transformation completed in 0 s
		 - Constructing Arc STORAGE - SMALL4 completed
	 - Constructing Network hydrogenPipelineOnshore_lowP completed
			gdp.bigm Transformation...
			gdp.bigm Transformation completed in 78 s
	 - Constructing Network hydrogenPipelineOnshore_highP
			gdp.bigm Transformation...
			gdp.bigm Transformation completed in 0 s
		 - Constructing Arc BIG1 - BIG2 completed
			gdp.bigm Transformation...
			gdp.bigm Transformation completed in 0 s
		 - Constructing Arc BIG1 - SMALL1 completed
			gdp.bigm Transformation...
			gdp.bigm Transformation completed in 0 s
		 - Constructing Arc BIG1 - SMALL2 completed
			gdp.bigm Transformation...
			gdp.bigm Transformation completed in 0 s
		 - Constructing Arc BIG1 - SMALL3 completed
			gdp.bigm Transformation...
			gdp.bigm Transformation completed in 0 s
		 - Constructing Arc BIG1 - SMALL4 completed
			gdp.bigm Transformation...
			gdp.bigm Transformation completed in 0 s
		 - Constructing Arc BIG1 - STORAGE completed
			gdp.bigm Transformation...
			gdp.bigm Transformation completed in 0 s
		 - Constructing Arc BIG2 - BIG1 completed
			gdp.bigm Transformation...
			gdp.bigm Transformation completed in 0 s
		 - Constructing Arc BIG2 - SMALL1 completed
			gdp.bigm Transformation...
			gdp.bigm Transformation completed in 0 s
		 - Constructing Arc BIG2 - SMALL2 completed
			gdp.bigm Transformation...
			gdp.bigm Transformation completed in 0 s
		 - Constructing Arc BIG2 - SMALL3 completed
			gdp.bigm Transformation...
			gdp.bigm Transformation completed in 0 s
		 - Constructing Arc BIG2 - SMALL4 completed
			gdp.bigm Transformation...
			gdp.bigm Transformation completed in 0 s
		 - Constructing Arc BIG2 - STORAGE completed
			gdp.bigm Transformation...
			gdp.bigm Transformation completed in 0 s
		 - Constructing Arc SMALL1 - BIG1 completed
			gdp.bigm Transformation...
			gdp.bigm Transformation completed in 0 s
		 - Constructing Arc SMALL1 - BIG2 completed
			gdp.bigm Transformation...
			gdp.bigm Transformation completed in 0 s
		 - Constructing Arc SMALL1 - SMALL2 completed
			gdp.bigm Transformation...
			gdp.bigm Transformation completed in 0 s
		 - Constructing Arc SMALL1 - SMALL3 completed
			gdp.bigm Transformation...
			gdp.bigm Transformation completed in 0 s
		 - Constructing Arc SMALL1 - SMALL4 completed
			gdp.bigm Transformation...
			gdp.bigm Transformation completed in 0 s
		 - Constructing Arc SMALL1 - STORAGE completed
			gdp.bigm Transformation...
			gdp.bigm Transformation completed in 0 s
		 - Constructing Arc SMALL2 - BIG1 completed
			gdp.bigm Transformation...
			gdp.bigm Transformation completed in 0 s
		 - Constructing Arc SMALL2 - BIG2 completed
			gdp.bigm Transformation...
			gdp.bigm Transformation completed in 0 s
		 - Constructing Arc SMALL2 - SMALL1 completed
			gdp.bigm Transformation...
			gdp.bigm Transformation completed in 0 s
		 - Constructing Arc SMALL2 - SMALL3 completed
			gdp.bigm Transformation...
			gdp.bigm Transformation completed in 0 s
		 - Constructing Arc SMALL2 - SMALL4 completed
			gdp.bigm Transformation...
			gdp.bigm Transformation completed in 0 s
		 - Constructing Arc SMALL2 - STORAGE completed
			gdp.bigm Transformation...
			gdp.bigm Transformation completed in 0 s
		 - Constructing Arc SMALL3 - BIG1 completed
			gdp.bigm Transformation...
			gdp.bigm Transformation completed in 0 s
		 - Constructing Arc SMALL3 - BIG2 completed
			gdp.bigm Transformation...
			gdp.bigm Transformation completed in 0 s
		 - Constructing Arc SMALL3 - SMALL1 completed
			gdp.bigm Transformation...
			gdp.bigm Transformation completed in 0 s
		 - Constructing Arc SMALL3 - SMALL2 completed
			gdp.bigm Transformation...
			gdp.bigm Transformation completed in 0 s
		 - Constructing Arc SMALL3 - SMALL4 completed
			gdp.bigm Transformation...
			gdp.bigm Transformation completed in 0 s
		 - Constructing Arc SMALL3 - STORAGE completed
			gdp.bigm Transformation...
			gdp.bigm Transformation completed in 0 s
		 - Constructing Arc SMALL4 - BIG1 completed
			gdp.bigm Transformation...
			gdp.bigm Transformation completed in 0 s
		 - Constructing Arc SMALL4 - BIG2 completed
			gdp.bigm Transformation...
			gdp.bigm Transformation completed in 0 s
		 - Constructing Arc SMALL4 - SMALL1 completed
			gdp.bigm Transformation...
			gdp.bigm Transformation completed in 0 s
		 - Constructing Arc SMALL4 - SMALL2 completed
			gdp.bigm Transformation...
			gdp.bigm Transformation completed in 0 s
		 - Constructing Arc SMALL4 - SMALL3 completed
			gdp.bigm Transformation...
			gdp.bigm Transformation completed in 0 s
		 - Constructing Arc SMALL4 - STORAGE completed
			gdp.bigm Transformation...
			gdp.bigm Transformation completed in 0 s
		 - Constructing Arc STORAGE - BIG1 completed
			gdp.bigm Transformation...
			gdp.bigm Transformation completed in 0 s
		 - Constructing Arc STORAGE - BIG2 completed
			gdp.bigm Transformation...
			gdp.bigm Transformation completed in 0 s
		 - Constructing Arc STORAGE - SMALL1 completed
			gdp.bigm Transformation...
			gdp.bigm Transformation completed in 0 s
		 - Constructing Arc STORAGE - SMALL2 completed
			gdp.bigm Transformation...
			gdp.bigm Transformation completed in 0 s
		 - Constructing Arc STORAGE - SMALL3 completed
			gdp.bigm Transformation...
			gdp.bigm Transformation completed in 0 s
		 - Constructing Arc STORAGE - SMALL4 completed
	 - Constructing Network hydrogenPipelineOnshore_highP completed
			gdp.bigm Transformation...
			gdp.bigm Transformation completed in 78 s
	 - Adding Technology Electrolyzer_big
			gdp.bigm Transformation...
			gdp.bigm Transformation completed in 0 s
	 - Adding Technology Storage_H2_highP
			gdp.bigm Transformation...
			gdp.bigm Transformation completed in 4 s
	 - Adding Compressor hydrogen_Compressor_hydrogenPipelineOnshore_lowP_hydrogenPipelineOnshore_lowP
	 - Adding Compressor hydrogen_Compressor_hydrogenPipelineOnshore_lowP_hydrogenPipelineOnshore_highP
	 - Adding Compressor hydrogen_Compressor_hydrogenPipelineOnshore_lowP_Storage_H2_highP
	 - Adding Compressor hydrogen_Compressor_hydrogenPipelineOnshore_lowP_Demand
	 - Adding Compressor hydrogen_Compressor_hydrogenPipelineOnshore_highP_hydrogenPipelineOnshore_lowP
	 - Adding Compressor hydrogen_Compressor_hydrogenPipelineOnshore_highP_hydrogenPipelineOnshore_highP
	 - Adding Compressor hydrogen_Compressor_hydrogenPipelineOnshore_highP_Storage_H2_highP
	 - Adding Compressor hydrogen_Compressor_hydrogenPipelineOnshore_highP_Demand
	 - Adding Compressor hydrogen_Compressor_Electrolyzer_big_hydrogenPipelineOnshore_lowP
	 - Adding Compressor hydrogen_Compressor_Electrolyzer_big_hydrogenPipelineOnshore_highP
	 - Adding Compressor hydrogen_Compressor_Electrolyzer_big_Storage_H2_highP
	 - Adding Compressor hydrogen_Compressor_Electrolyzer_big_Demand
	 - Adding Compressor hydrogen_Compressor_Storage_H2_highP_hydrogenPipelineOnshore_lowP
	 - Adding Compressor hydrogen_Compressor_Storage_H2_highP_hydrogenPipelineOnshore_highP
	 - Adding Compressor hydrogen_Compressor_Storage_H2_highP_Storage_H2_highP
	 - Adding Compressor hydrogen_Compressor_Storage_H2_highP_Demand
	 - Adding Compressor hydrogen_Compressor_Import_hydrogenPipelineOnshore_lowP
	 - Adding Compressor hydrogen_Compressor_Import_hydrogenPipelineOnshore_highP
	 - Adding Compressor hydrogen_Compressor_Import_Storage_H2_highP
	 - Adding Compressor hydrogen_Compressor_Import_Demand_existing
	 - Adding Technology Electrolyzer_big
			gdp.bigm Transformation...
			gdp.bigm Transformation completed in 0 s
	 - Adding Technology Storage_H2_highP
			gdp.bigm Transformation...
			gdp.bigm Transformation completed in 4 s
	 - Adding Compressor hydrogen_Compressor_hydrogenPipelineOnshore_lowP_hydrogenPipelineOnshore_lowP
	 - Adding Compressor hydrogen_Compressor_hydrogenPipelineOnshore_lowP_hydrogenPipelineOnshore_highP
	 - Adding Compressor hydrogen_Compressor_hydrogenPipelineOnshore_lowP_Storage_H2_highP
	 - Adding Compressor hydrogen_Compressor_hydrogenPipelineOnshore_lowP_Demand
	 - Adding Compressor hydrogen_Compressor_hydrogenPipelineOnshore_highP_hydrogenPipelineOnshore_lowP
	 - Adding Compressor hydrogen_Compressor_hydrogenPipelineOnshore_highP_hydrogenPipelineOnshore_highP
	 - Adding Compressor hydrogen_Compressor_hydrogenPipelineOnshore_highP_Storage_H2_highP
	 - Adding Compressor hydrogen_Compressor_hydrogenPipelineOnshore_highP_Demand
	 - Adding Compressor hydrogen_Compressor_Electrolyzer_big_hydrogenPipelineOnshore_lowP
	 - Adding Compressor hydrogen_Compressor_Electrolyzer_big_hydrogenPipelineOnshore_highP
	 - Adding Compressor hydrogen_Compressor_Electrolyzer_big_Storage_H2_highP
	 - Adding Compressor hydrogen_Compressor_Electrolyzer_big_Demand
	 - Adding Compressor hydrogen_Compressor_Storage_H2_highP_hydrogenPipelineOnshore_lowP
	 - Adding Compressor hydrogen_Compressor_Storage_H2_highP_hydrogenPipelineOnshore_highP
	 - Adding Compressor hydrogen_Compressor_Storage_H2_highP_Storage_H2_highP
	 - Adding Compressor hydrogen_Compressor_Storage_H2_highP_Demand
	 - Adding Compressor hydrogen_Compressor_Import_hydrogenPipelineOnshore_lowP
	 - Adding Compressor hydrogen_Compressor_Import_hydrogenPipelineOnshore_highP
	 - Adding Compressor hydrogen_Compressor_Import_Storage_H2_highP
	 - Adding Compressor hydrogen_Compressor_Import_Demand_existing
	 - Adding Technology Electrolyzer_small
	 - Adding Technology Storage_H2_lowP
			gdp.bigm Transformation...
			gdp.bigm Transformation completed in 4 s
	 - Adding Compressor hydrogen_Compressor_hydrogenPipelineOnshore_lowP_hydrogenPipelineOnshore_lowP
	 - Adding Compressor hydrogen_Compressor_hydrogenPipelineOnshore_lowP_hydrogenPipelineOnshore_highP
	 - Adding Compressor hydrogen_Compressor_hydrogenPipelineOnshore_lowP_Storage_H2_lowP
	 - Adding Compressor hydrogen_Compressor_hydrogenPipelineOnshore_lowP_Demand
	 - Adding Compressor hydrogen_Compressor_hydrogenPipelineOnshore_highP_hydrogenPipelineOnshore_lowP
	 - Adding Compressor hydrogen_Compressor_hydrogenPipelineOnshore_highP_hydrogenPipelineOnshore_highP
	 - Adding Compressor hydrogen_Compressor_hydrogenPipelineOnshore_highP_Storage_H2_lowP
	 - Adding Compressor hydrogen_Compressor_hydrogenPipelineOnshore_highP_Demand
	 - Adding Compressor hydrogen_Compressor_Electrolyzer_small_hydrogenPipelineOnshore_lowP
	 - Adding Compressor hydrogen_Compressor_Electrolyzer_small_hydrogenPipelineOnshore_highP
	 - Adding Compressor hydrogen_Compressor_Electrolyzer_small_Storage_H2_lowP
	 - Adding Compressor hydrogen_Compressor_Electrolyzer_small_Demand
	 - Adding Compressor hydrogen_Compressor_Storage_H2_lowP_hydrogenPipelineOnshore_lowP
	 - Adding Compressor hydrogen_Compressor_Storage_H2_lowP_hydrogenPipelineOnshore_highP
	 - Adding Compressor hydrogen_Compressor_Storage_H2_lowP_Storage_H2_lowP
	 - Adding Compressor hydrogen_Compressor_Storage_H2_lowP_Demand
	 - Adding Technology Electrolyzer_small
	 - Adding Technology Storage_H2_lowP
			gdp.bigm Transformation...
			gdp.bigm Transformation completed in 4 s
	 - Adding Compressor hydrogen_Compressor_hydrogenPipelineOnshore_lowP_hydrogenPipelineOnshore_lowP
	 - Adding Compressor hydrogen_Compressor_hydrogenPipelineOnshore_lowP_hydrogenPipelineOnshore_highP
	 - Adding Compressor hydrogen_Compressor_hydrogenPipelineOnshore_lowP_Storage_H2_lowP
	 - Adding Compressor hydrogen_Compressor_hydrogenPipelineOnshore_lowP_Demand
	 - Adding Compressor hydrogen_Compressor_hydrogenPipelineOnshore_highP_hydrogenPipelineOnshore_lowP
	 - Adding Compressor hydrogen_Compressor_hydrogenPipelineOnshore_highP_hydrogenPipelineOnshore_highP
	 - Adding Compressor hydrogen_Compressor_hydrogenPipelineOnshore_highP_Storage_H2_lowP
	 - Adding Compressor hydrogen_Compressor_hydrogenPipelineOnshore_highP_Demand
	 - Adding Compressor hydrogen_Compressor_Electrolyzer_small_hydrogenPipelineOnshore_lowP
	 - Adding Compressor hydrogen_Compressor_Electrolyzer_small_hydrogenPipelineOnshore_highP
	 - Adding Compressor hydrogen_Compressor_Electrolyzer_small_Storage_H2_lowP
	 - Adding Compressor hydrogen_Compressor_Electrolyzer_small_Demand
	 - Adding Compressor hydrogen_Compressor_Storage_H2_lowP_hydrogenPipelineOnshore_lowP
	 - Adding Compressor hydrogen_Compressor_Storage_H2_lowP_hydrogenPipelineOnshore_highP
	 - Adding Compressor hydrogen_Compressor_Storage_H2_lowP_Storage_H2_lowP
	 - Adding Compressor hydrogen_Compressor_Storage_H2_lowP_Demand
	 - Adding Technology Electrolyzer_small
	 - Adding Technology Storage_H2_lowP
			gdp.bigm Transformation...
			gdp.bigm Transformation completed in 4 s
	 - Adding Compressor hydrogen_Compressor_hydrogenPipelineOnshore_lowP_hydrogenPipelineOnshore_lowP
	 - Adding Compressor hydrogen_Compressor_hydrogenPipelineOnshore_lowP_hydrogenPipelineOnshore_highP
	 - Adding Compressor hydrogen_Compressor_hydrogenPipelineOnshore_lowP_Storage_H2_lowP
	 - Adding Compressor hydrogen_Compressor_hydrogenPipelineOnshore_lowP_Demand
	 - Adding Compressor hydrogen_Compressor_hydrogenPipelineOnshore_highP_hydrogenPipelineOnshore_lowP
	 - Adding Compressor hydrogen_Compressor_hydrogenPipelineOnshore_highP_hydrogenPipelineOnshore_highP
	 - Adding Compressor hydrogen_Compressor_hydrogenPipelineOnshore_highP_Storage_H2_lowP
	 - Adding Compressor hydrogen_Compressor_hydrogenPipelineOnshore_highP_Demand
	 - Adding Compressor hydrogen_Compressor_Electrolyzer_small_hydrogenPipelineOnshore_lowP
	 - Adding Compressor hydrogen_Compressor_Electrolyzer_small_hydrogenPipelineOnshore_highP
	 - Adding Compressor hydrogen_Compressor_Electrolyzer_small_Storage_H2_lowP
	 - Adding Compressor hydrogen_Compressor_Electrolyzer_small_Demand
	 - Adding Compressor hydrogen_Compressor_Storage_H2_lowP_hydrogenPipelineOnshore_lowP
	 - Adding Compressor hydrogen_Compressor_Storage_H2_lowP_hydrogenPipelineOnshore_highP
	 - Adding Compressor hydrogen_Compressor_Storage_H2_lowP_Storage_H2_lowP
	 - Adding Compressor hydrogen_Compressor_Storage_H2_lowP_Demand
	 - Adding Technology Electrolyzer_small
	 - Adding Technology Storage_H2_lowP
			gdp.bigm Transformation...
			gdp.bigm Transformation completed in 4 s
	 - Adding Compressor hydrogen_Compressor_hydrogenPipelineOnshore_lowP_hydrogenPipelineOnshore_lowP
	 - Adding Compressor hydrogen_Compressor_hydrogenPipelineOnshore_lowP_hydrogenPipelineOnshore_highP
	 - Adding Compressor hydrogen_Compressor_hydrogenPipelineOnshore_lowP_Storage_H2_lowP
	 - Adding Compressor hydrogen_Compressor_hydrogenPipelineOnshore_lowP_Demand
	 - Adding Compressor hydrogen_Compressor_hydrogenPipelineOnshore_highP_hydrogenPipelineOnshore_lowP
	 - Adding Compressor hydrogen_Compressor_hydrogenPipelineOnshore_highP_hydrogenPipelineOnshore_highP
	 - Adding Compressor hydrogen_Compressor_hydrogenPipelineOnshore_highP_Storage_H2_lowP
	 - Adding Compressor hydrogen_Compressor_hydrogenPipelineOnshore_highP_Demand
	 - Adding Compressor hydrogen_Compressor_Electrolyzer_small_hydrogenPipelineOnshore_lowP
	 - Adding Compressor hydrogen_Compressor_Electrolyzer_small_hydrogenPipelineOnshore_highP
	 - Adding Compressor hydrogen_Compressor_Electrolyzer_small_Storage_H2_lowP
	 - Adding Compressor hydrogen_Compressor_Electrolyzer_small_Demand
	 - Adding Compressor hydrogen_Compressor_Storage_H2_lowP_hydrogenPipelineOnshore_lowP
	 - Adding Compressor hydrogen_Compressor_Storage_H2_lowP_hydrogenPipelineOnshore_highP
	 - Adding Compressor hydrogen_Compressor_Storage_H2_lowP_Storage_H2_lowP
	 - Adding Compressor hydrogen_Compressor_Storage_H2_lowP_Demand
	 - Adding Technology Storage_H2_Cavern_existing
			gdp.bigm Transformation...
			gdp.bigm Transformation completed in 4 s
	 - Adding Compressor hydrogen_Compressor_hydrogenPipelineOnshore_lowP_hydrogenPipelineOnshore_lowP
	 - Adding Compressor hydrogen_Compressor_hydrogenPipelineOnshore_lowP_hydrogenPipelineOnshore_highP
	 - Adding Compressor hydrogen_Compressor_hydrogenPipelineOnshore_lowP_Storage_H2_Cavern_existing
	 - Adding Compressor hydrogen_Compressor_hydrogenPipelineOnshore_highP_hydrogenPipelineOnshore_lowP
	 - Adding Compressor hydrogen_Compressor_hydrogenPipelineOnshore_highP_hydrogenPipelineOnshore_highP
	 - Adding Compressor hydrogen_Compressor_hydrogenPipelineOnshore_highP_Storage_H2_Cavern_existing
	 - Adding Compressor hydrogen_Compressor_Storage_H2_Cavern_existing_hydrogenPipelineOnshore_lowP
	 - Adding Compressor hydrogen_Compressor_Storage_H2_Cavern_existing_hydrogenPipelineOnshore_highP
	 - Adding Compressor hydrogen_Compressor_Storage_H2_Cavern_existing_Storage_H2_Cavern_existing_existing
Constructing model completed in 623s
Constructing balances...
Constructing balances completed in 19s
Set objective on infrastructure due to willingness to pay
Set parameter OutputFlag to value 1
Set parameter LogFile to value "/gpfs/home3/scur1696/AdOpT-NET0-RegToNation/generic_node_optimization/results/parallel_creation_test_20251124_002357/task_002/t002_parallel_run_0005/userData/20251124010226-1/solver_log.txt"
Solver log file: /gpfs/home3/scur1696/AdOpT-NET0-RegToNation/generic_node_optimization/results/parallel_creation_test_20251124_002357/task_002/t002_parallel_run_0005/userData/20251124010226-1/solver_log.txt
Set parameter TimeLimit to value 180000
Set parameter MIPGap to value 0.01
Set parameter MIPFocus to value 0
Set parameter Threads to value 12
Set parameter NodefileStart to value 60
Set parameter Method to value -1
Set parameter Heuristics to value 0.05
Set parameter Presolve to value 1
Set parameter BranchDir to value 0
Set parameter LPWarmStart to value 0
Set parameter IntFeasTol to value 1e-05
Set parameter FeasibilityTol to value 1e-06
Set parameter Cuts to value -1
Set parameter NumericFocus to value 0
Gurobi Optimizer version 13.0.0 build v13.0.0rc1 (linux64 - "Red Hat Enterprise Linux 9.4 (Plow)")

CPU model: AMD EPYC 9654 96-Core Processor, instruction set [SSE2|AVX|AVX2|AVX512]
Thread count: 192 physical cores, 192 logical processors, using up to 12 threads

Non-default parameters:
TimeLimit  180000
MIPGap  0.01
LPWarmStart  0
NodefileStart  60
Presolve  1
Threads  12

Academic license 2729390 - for non-commercial use only - registered to m.___@uu.nl
Optimize a model with 9050179 rows, 6728544 columns and 21385595 nonzeros (Min)
Model fingerprint: 0x82b8bcf8
Model has 1 linear objective coefficients
Variable types: 5869892 continuous, 858652 integer (858652 binary)
Coefficient statistics:
  Matrix range     [2e-03, 2e+08]
  Objective range  [1e+00, 1e+00]
  Bounds range     [5e-02, 6e+08]
  RHS range        [1e+00, 6e+09]
Warning: Model contains large matrix coefficients
Warning: Model contains large rhs
         Consider reformulating model or setting NumericFocus parameter
         to avoid numerical issues.
Presolve removed 5361748 rows and 3924941 columns (presolve time = 5s)...
Presolve removed 5528318 rows and 4082751 columns (presolve time = 10s)...
Presolve removed 5528318 rows and 4082751 columns (presolve time = 15s)...
Presolve removed 5528318 rows and 4082751 columns (presolve time = 20s)...
Presolve removed 5528318 rows and 4082751 columns (presolve time = 25s)...
Presolve removed 5528402 rows and 4144060 columns (presolve time = 30s)...
Presolve removed 5554859 rows and 4161684 columns (presolve time = 35s)...
Presolve removed 5554859 rows and 4161684 columns (presolve time = 40s)...
Presolve removed 5554859 rows and 4161684 columns
Presolve time: 43.32s
Presolved: 3495320 rows, 2566860 columns, 11519758 nonzeros
Waiting for other threads to finish...        1886s
Variable types: 2137576 continuous, 429284 integer (429284 binary)
Found heuristic solution: objective 1.051467e+08
Deterministic concurrent LP optimizer: primal simplex, dual simplex, and barrier
Showing barrier log only...

Root barrier log...

Ordering time: 2.87s

Barrier statistics:
 Dense cols : 103
 AA' NZ     : 1.523e+07
 Factor NZ  : 6.623e+07 (roughly 2.6 GB of memory)
 Factor Ops : 4.448e+09 (less than 1 second per iteration)
 Threads    : 10

                  Objective                Residual
Iter       Primal          Dual         Primal    Dual     Compl     Time
   0   7.43798471e+09 -2.62239119e+11  1.60e+09 1.00e+01  4.52e+07   106s
   1   8.06559217e+09 -5.47353262e+11  1.55e+09 1.47e+02  4.31e+07   108s
   2   5.29194544e+09 -4.28090768e+11  8.62e+08 3.41e-01  2.46e+07   109s
   3   3.80161458e+09 -3.80857482e+11  4.24e+08 2.43e-05  1.26e+07   111s
   4   2.41610465e+09 -3.32587799e+11  2.14e+06 2.40e-02  1.14e+05   114s
   5   2.43133235e+09 -1.02719088e+11  5.76e+05 1.05e-02  2.73e+04   115s
Waiting for other threads to finish...        1949s
   6   2.43729405e+09 -2.51850801e+10  7.05e+04 1.13e-07  5.01e+03   117s
   7   2.42382909e+09 -1.90714266e+10  6.72e+03 8.80e-06  3.36e+03   119s
   8   2.16445688e+09 -1.04364564e+10  2.25e+01 1.02e-05  1.94e+03   121s
   9   1.68816445e+09 -5.94032589e+09  2.53e-06 5.27e-06  1.17e+03   123s
  10   1.24469963e+09 -3.93199004e+09  2.20e-06 3.55e-06  7.95e+02   125s
  11   9.66871262e+08 -2.89527420e+09  1.27e-06 2.72e-06  5.93e+02   127s
  12   7.40543659e+08 -1.88653124e+09  2.44e-07 1.81e-06  4.04e+02   129s
  13   4.72193893e+08 -1.86675180e+09  7.09e-07 1.78e-06  3.59e+02   131s
  14   2.97965711e+08 -8.19442704e+08  8.81e-07 8.70e-07  1.72e+02   133s
  15   2.42474387e+08 -3.26222378e+08  1.06e-06 3.44e-07  8.74e+01   136s
  16   2.09112601e+08 -2.58422957e+08  8.90e-07 2.80e-07  7.18e+01   137s
  17   1.97576384e+08 -2.25300659e+08  7.84e-07 2.42e-07  6.50e+01   139s
  18   1.81392939e+08 -1.33043301e+08  7.47e-07 1.54e-07  4.83e+01   140s
  19   1.02344435e+08 -4.61374236e+07  2.45e-07 7.10e-08  2.28e+01   142s
  20   9.33999448e+07 -8.12197560e+06  1.86e-08 3.52e-08  1.56e+01   146s
  21   9.07109252e+07 -5.50769560e+06  1.56e-07 3.23e-08  1.48e+01   148s
  22   8.98230738e+07 -5.23788328e+06  1.48e-07 3.21e-08  1.46e+01   150s
  23   8.95141318e+07 -4.48997728e+06  1.25e-07 3.19e-08  1.44e+01   152s
  24   8.80119141e+07 -2.61267145e+06  9.22e-08 2.97e-08  1.39e+01   155s
  25   8.69800236e+07 -1.49182073e+06  6.52e-08 2.90e-08  1.36e+01   157s
  26   7.93263472e+07  1.24410137e+07  8.10e-08 2.14e-08  1.03e+01   161s
  27   6.57183327e+07  3.42915418e+07  1.56e-07 6.94e-09  4.83e+00   166s
  28   6.48033050e+07  3.71091571e+07  6.71e-08 5.41e-09  4.25e+00   169s
  29   6.45633370e+07  3.76502865e+07  7.54e-08 5.10e-09  4.13e+00   173s
  30   5.88803883e+07  4.32220078e+07  2.70e-08 1.82e-09  2.41e+00   176s
  31   5.27799841e+07  4.40761139e+07  6.24e-08 1.14e-08  1.34e+00   178s
Waiting for other threads to finish...        2012s
  32   5.08400740e+07  4.63725914e+07  4.28e-08 5.66e-10  6.86e-01   181s
  33   4.89441215e+07  4.67229669e+07  7.08e-08 5.43e-10  3.41e-01   186s
  34   4.85165973e+07  4.69985945e+07  1.14e-05 1.78e-09  2.33e-01   191s
  35   4.78803338e+07  4.71542375e+07  3.39e-05 9.90e-10  1.12e-01   196s
  36   4.77410243e+07  4.72714225e+07  2.48e-05 1.93e-08  7.21e-02   200s
  37   4.77001293e+07  4.73148914e+07  4.29e-04 1.37e-08  5.93e-02   207s
  38   4.75414554e+07  4.73646275e+07  2.27e-04 1.02e-09  2.72e-02   212s
  39   4.74288567e+07  4.73905878e+07  8.46e-05 1.21e-08  5.89e-03   217s
  40   4.74100706e+07  4.73943135e+07  3.03e-05 1.86e-09  2.43e-03   221s
  41   4.74029921e+07  4.73971379e+07  1.01e-05 3.38e-09  9.01e-04   224s
  42   4.74002674e+07  4.73986499e+07  2.55e-06 2.83e-10  2.49e-04   228s
  43   4.73999171e+07  4.73989968e+07  1.64e-06 1.54e-08  1.42e-04   230s
  44   4.73996590e+07  4.73991271e+07  9.81e-07 1.05e-08  8.19e-05   233s
  45   4.73994446e+07  4.73992248e+07  4.30e-07 8.61e-09  3.39e-05   234s
  46   4.73993097e+07  4.73992604e+07  1.31e-07 9.80e-10  7.59e-06   238s
  47   4.73992726e+07  4.73992662e+07  1.12e-07 2.54e-08  9.92e-07   242s
Waiting for other threads to finish...        2076s
  48   4.73992675e+07  4.73992667e+07  2.65e-07 1.59e-08  1.24e-07   244s
  49   4.73992669e+07  4.73992667e+07  1.12e-07 1.36e-07  2.56e-08   246s
  50   4.73992668e+07  4.73992667e+07  2.84e-06 3.01e-07  6.26e-11   249s

Barrier solved model in 50 iterations and 248.95 seconds (175.92 work units)
Optimal objective 4.73992668e+07


Root crossover log...

 2656170 variables added to crossover basis                      250s

  248835 DPushes remaining with DInf 0.0000000e+00               251s
   40063 DPushes remaining with DInf 0.0000000e+00               255s
       0 DPushes remaining with DInf 0.0000000e+00               256s
Warning: Markowitz tolerance tightened to 0.25

  189469 PPushes remaining with PInf 0.0000000e+00               257s
   62090 PPushes remaining with PInf 0.0000000e+00               260s
   43177 PPushes remaining with PInf 0.0000000e+00               265s
   28954 PPushes remaining with PInf 0.0000000e+00               271s
   25465 PPushes remaining with PInf 0.0000000e+00               276s
   17646 PPushes remaining with PInf 0.0000000e+00               281s
    1465 PPushes remaining with PInf 0.0000000e+00               285s
       0 PPushes remaining with PInf 0.0000000e+00               286s

  Push phase complete: Pinf 0.0000000e+00, Dinf 1.3424954e-09    286s


Root simplex log...

Iteration    Objective       Primal Inf.    Dual Inf.      Time
  401371    4.7399267e+07   0.000000e+00   0.000000e+00    286s
Crossover time: 37.36 seconds (39.77 work units)
Concurrent spin time: 0.24s

Solved with barrier
  401371    4.7399267e+07   0.000000e+00   0.000000e+00    289s

Root relaxation: objective 4.739927e+07, 401371 iterations, 197.14 seconds (141.90 work units)
Waiting for other threads to finish...        2139s
Waiting for other threads to finish...        2202s

    Nodes    |    Current Node    |     Objective Bounds      |     Work
 Expl Unexpl |  Obj  Depth IntInf | Incumbent    BestBd   Gap | It/Node Time

     0     0 4.7399e+07    0    4 1.0515e+08 4.7399e+07  54.9%     -  401s
H    0     0                    4.743756e+07 4.7399e+07  0.08%     -  403s

Explored 1 nodes (692846 simplex iterations) in 404.48 seconds (334.78 work units)
Thread count was 12 (of 192 available processors)

Solution count 2: 4.74376e+07 1.05147e+08 

Optimal solution found (tolerance 1.00e-02)
Warning: max constraint violation (4.8436e-04) exceeds tolerance
Best objective 4.743756088856e+07, best bound 4.739926674954e+07, gap 0.0807%
Set parameter LogFile to value ""
Waiting for other threads to finish...        2265s
Waiting for other threads to finish...        2328s
  [CONFIG] Gurobi default env configured: 12 threads per worker
--- Reading in data ---
Input data folder has been checked successfully - no errors occurred.
--- Reading in data complete ---
--- Constructing Model ---
Constructing Investment Period period1
Constructing Investment Period period1 completed
	 - Constructing Network hydrogenPipelineOnshore_lowP
			gdp.bigm Transformation...
			gdp.bigm Transformation completed in 0 s
		 - Constructing Arc BIG1 - BIG2 completed
			gdp.bigm Transformation...
			gdp.bigm Transformation completed in 0 s
		 - Constructing Arc BIG1 - SMALL1 completed
			gdp.bigm Transformation...
			gdp.bigm Transformation completed in 0 s
		 - Constructing Arc BIG1 - SMALL2 completed
			gdp.bigm Transformation...
			gdp.bigm Transformation completed in 0 s
		 - Constructing Arc BIG1 - SMALL3 completed
			gdp.bigm Transformation...
			gdp.bigm Transformation completed in 0 s
		 - Constructing Arc BIG1 - SMALL4 completed
			gdp.bigm Transformation...
			gdp.bigm Transformation completed in 0 s
		 - Constructing Arc BIG1 - STORAGE completed
			gdp.bigm Transformation...
			gdp.bigm Transformation completed in 0 s
		 - Constructing Arc BIG2 - BIG1 completed
			gdp.bigm Transformation...
			gdp.bigm Transformation completed in 0 s
		 - Constructing Arc BIG2 - SMALL1 completed
			gdp.bigm Transformation...
			gdp.bigm Transformation completed in 0 s
		 - Constructing Arc BIG2 - SMALL2 completed
			gdp.bigm Transformation...
			gdp.bigm Transformation completed in 0 s
		 - Constructing Arc BIG2 - SMALL3 completed
			gdp.bigm Transformation...
			gdp.bigm Transformation completed in 0 s
		 - Constructing Arc BIG2 - SMALL4 completed
			gdp.bigm Transformation...
			gdp.bigm Transformation completed in 0 s
		 - Constructing Arc BIG2 - STORAGE completed
			gdp.bigm Transformation...
			gdp.bigm Transformation completed in 0 s
		 - Constructing Arc SMALL1 - BIG1 completed
			gdp.bigm Transformation...
			gdp.bigm Transformation completed in 0 s
		 - Constructing Arc SMALL1 - BIG2 completed
			gdp.bigm Transformation...
			gdp.bigm Transformation completed in 0 s
		 - Constructing Arc SMALL1 - SMALL2 completed
			gdp.bigm Transformation...
			gdp.bigm Transformation completed in 0 s
		 - Constructing Arc SMALL1 - SMALL3 completed
			gdp.bigm Transformation...
			gdp.bigm Transformation completed in 0 s
		 - Constructing Arc SMALL1 - SMALL4 completed
			gdp.bigm Transformation...
			gdp.bigm Transformation completed in 0 s
		 - Constructing Arc SMALL1 - STORAGE completed
			gdp.bigm Transformation...
			gdp.bigm Transformation completed in 0 s
		 - Constructing Arc SMALL2 - BIG1 completed
			gdp.bigm Transformation...
			gdp.bigm Transformation completed in 0 s
		 - Constructing Arc SMALL2 - BIG2 completed
			gdp.bigm Transformation...
			gdp.bigm Transformation completed in 0 s
		 - Constructing Arc SMALL2 - SMALL1 completed
			gdp.bigm Transformation...
			gdp.bigm Transformation completed in 0 s
		 - Constructing Arc SMALL2 - SMALL3 completed
			gdp.bigm Transformation...
			gdp.bigm Transformation completed in 0 s
		 - Constructing Arc SMALL2 - SMALL4 completed
			gdp.bigm Transformation...
			gdp.bigm Transformation completed in 0 s
		 - Constructing Arc SMALL2 - STORAGE completed
			gdp.bigm Transformation...
			gdp.bigm Transformation completed in 0 s
		 - Constructing Arc SMALL3 - BIG1 completed
			gdp.bigm Transformation...
			gdp.bigm Transformation completed in 0 s
		 - Constructing Arc SMALL3 - BIG2 completed
			gdp.bigm Transformation...
			gdp.bigm Transformation completed in 0 s
		 - Constructing Arc SMALL3 - SMALL1 completed
			gdp.bigm Transformation...
			gdp.bigm Transformation completed in 0 s
		 - Constructing Arc SMALL3 - SMALL2 completed
			gdp.bigm Transformation...
			gdp.bigm Transformation completed in 0 s
		 - Constructing Arc SMALL3 - SMALL4 completed
			gdp.bigm Transformation...
			gdp.bigm Transformation completed in 0 s
		 - Constructing Arc SMALL3 - STORAGE completed
			gdp.bigm Transformation...
			gdp.bigm Transformation completed in 0 s
		 - Constructing Arc SMALL4 - BIG1 completed
			gdp.bigm Transformation...
			gdp.bigm Transformation completed in 0 s
		 - Constructing Arc SMALL4 - BIG2 completed
			gdp.bigm Transformation...
			gdp.bigm Transformation completed in 0 s
		 - Constructing Arc SMALL4 - SMALL1 completed
			gdp.bigm Transformation...
			gdp.bigm Transformation completed in 0 s
		 - Constructing Arc SMALL4 - SMALL2 completed
			gdp.bigm Transformation...
			gdp.bigm Transformation completed in 0 s
		 - Constructing Arc SMALL4 - SMALL3 completed
			gdp.bigm Transformation...
			gdp.bigm Transformation completed in 0 s
		 - Constructing Arc SMALL4 - STORAGE completed
			gdp.bigm Transformation...
			gdp.bigm Transformation completed in 0 s
		 - Constructing Arc STORAGE - BIG1 completed
			gdp.bigm Transformation...
			gdp.bigm Transformation completed in 0 s
		 - Constructing Arc STORAGE - BIG2 completed
			gdp.bigm Transformation...
			gdp.bigm Transformation completed in 0 s
		 - Constructing Arc STORAGE - SMALL1 completed
			gdp.bigm Transformation...
			gdp.bigm Transformation completed in 0 s
		 - Constructing Arc STORAGE - SMALL2 completed
			gdp.bigm Transformation...
			gdp.bigm Transformation completed in 0 s
		 - Constructing Arc STORAGE - SMALL3 completed
			gdp.bigm Transformation...
			gdp.bigm Transformation completed in 0 s
		 - Constructing Arc STORAGE - SMALL4 completed
	 - Constructing Network hydrogenPipelineOnshore_lowP completed
			gdp.bigm Transformation...
			gdp.bigm Transformation completed in 77 s
	 - Constructing Network hydrogenPipelineOnshore_highP
			gdp.bigm Transformation...
			gdp.bigm Transformation completed in 0 s
		 - Constructing Arc BIG1 - BIG2 completed
			gdp.bigm Transformation...
			gdp.bigm Transformation completed in 0 s
		 - Constructing Arc BIG1 - SMALL1 completed
			gdp.bigm Transformation...
			gdp.bigm Transformation completed in 0 s
		 - Constructing Arc BIG1 - SMALL2 completed
			gdp.bigm Transformation...
			gdp.bigm Transformation completed in 0 s
		 - Constructing Arc BIG1 - SMALL3 completed
			gdp.bigm Transformation...
			gdp.bigm Transformation completed in 0 s
		 - Constructing Arc BIG1 - SMALL4 completed
			gdp.bigm Transformation...
			gdp.bigm Transformation completed in 0 s
		 - Constructing Arc BIG1 - STORAGE completed
			gdp.bigm Transformation...
			gdp.bigm Transformation completed in 0 s
		 - Constructing Arc BIG2 - BIG1 completed
			gdp.bigm Transformation...
			gdp.bigm Transformation completed in 0 s
		 - Constructing Arc BIG2 - SMALL1 completed
			gdp.bigm Transformation...
			gdp.bigm Transformation completed in 0 s
		 - Constructing Arc BIG2 - SMALL2 completed
			gdp.bigm Transformation...
			gdp.bigm Transformation completed in 0 s
		 - Constructing Arc BIG2 - SMALL3 completed
			gdp.bigm Transformation...
			gdp.bigm Transformation completed in 0 s
		 - Constructing Arc BIG2 - SMALL4 completed
			gdp.bigm Transformation...
			gdp.bigm Transformation completed in 0 s
		 - Constructing Arc BIG2 - STORAGE completed
			gdp.bigm Transformation...
			gdp.bigm Transformation completed in 0 s
		 - Constructing Arc SMALL1 - BIG1 completed
			gdp.bigm Transformation...
			gdp.bigm Transformation completed in 0 s
		 - Constructing Arc SMALL1 - BIG2 completed
			gdp.bigm Transformation...
			gdp.bigm Transformation completed in 0 s
		 - Constructing Arc SMALL1 - SMALL2 completed
			gdp.bigm Transformation...
			gdp.bigm Transformation completed in 0 s
		 - Constructing Arc SMALL1 - SMALL3 completed
			gdp.bigm Transformation...
			gdp.bigm Transformation completed in 0 s
		 - Constructing Arc SMALL1 - SMALL4 completed
			gdp.bigm Transformation...
			gdp.bigm Transformation completed in 0 s
		 - Constructing Arc SMALL1 - STORAGE completed
			gdp.bigm Transformation...
			gdp.bigm Transformation completed in 0 s
		 - Constructing Arc SMALL2 - BIG1 completed
			gdp.bigm Transformation...
			gdp.bigm Transformation completed in 0 s
		 - Constructing Arc SMALL2 - BIG2 completed
			gdp.bigm Transformation...
			gdp.bigm Transformation completed in 0 s
		 - Constructing Arc SMALL2 - SMALL1 completed
			gdp.bigm Transformation...
			gdp.bigm Transformation completed in 0 s
		 - Constructing Arc SMALL2 - SMALL3 completed
			gdp.bigm Transformation...
			gdp.bigm Transformation completed in 0 s
		 - Constructing Arc SMALL2 - SMALL4 completed
			gdp.bigm Transformation...
			gdp.bigm Transformation completed in 0 s
		 - Constructing Arc SMALL2 - STORAGE completed
			gdp.bigm Transformation...
			gdp.bigm Transformation completed in 0 s
		 - Constructing Arc SMALL3 - BIG1 completed
			gdp.bigm Transformation...
			gdp.bigm Transformation completed in 0 s
		 - Constructing Arc SMALL3 - BIG2 completed
			gdp.bigm Transformation...
			gdp.bigm Transformation completed in 0 s
		 - Constructing Arc SMALL3 - SMALL1 completed
			gdp.bigm Transformation...
			gdp.bigm Transformation completed in 0 s
		 - Constructing Arc SMALL3 - SMALL2 completed
			gdp.bigm Transformation...
			gdp.bigm Transformation completed in 0 s
		 - Constructing Arc SMALL3 - SMALL4 completed
			gdp.bigm Transformation...
			gdp.bigm Transformation completed in 0 s
		 - Constructing Arc SMALL3 - STORAGE completed
			gdp.bigm Transformation...
			gdp.bigm Transformation completed in 0 s
		 - Constructing Arc SMALL4 - BIG1 completed
			gdp.bigm Transformation...
			gdp.bigm Transformation completed in 0 s
		 - Constructing Arc SMALL4 - BIG2 completed
			gdp.bigm Transformation...
			gdp.bigm Transformation completed in 0 s
		 - Constructing Arc SMALL4 - SMALL1 completed
			gdp.bigm Transformation...
			gdp.bigm Transformation completed in 0 s
		 - Constructing Arc SMALL4 - SMALL2 completed
			gdp.bigm Transformation...
			gdp.bigm Transformation completed in 0 s
		 - Constructing Arc SMALL4 - SMALL3 completed
			gdp.bigm Transformation...
			gdp.bigm Transformation completed in 0 s
		 - Constructing Arc SMALL4 - STORAGE completed
			gdp.bigm Transformation...
			gdp.bigm Transformation completed in 0 s
		 - Constructing Arc STORAGE - BIG1 completed
			gdp.bigm Transformation...
			gdp.bigm Transformation completed in 0 s
		 - Constructing Arc STORAGE - BIG2 completed
			gdp.bigm Transformation...
			gdp.bigm Transformation completed in 0 s
		 - Constructing Arc STORAGE - SMALL1 completed
			gdp.bigm Transformation...
			gdp.bigm Transformation completed in 0 s
		 - Constructing Arc STORAGE - SMALL2 completed
			gdp.bigm Transformation...
			gdp.bigm Transformation completed in 0 s
		 - Constructing Arc STORAGE - SMALL3 completed
			gdp.bigm Transformation...
			gdp.bigm Transformation completed in 0 s
		 - Constructing Arc STORAGE - SMALL4 completed
	 - Constructing Network hydrogenPipelineOnshore_highP completed
			gdp.bigm Transformation...
			gdp.bigm Transformation completed in 78 s
	 - Adding Technology Electrolyzer_big
			gdp.bigm Transformation...
			gdp.bigm Transformation completed in 0 s
	 - Adding Technology Storage_H2_highP
			gdp.bigm Transformation...
			gdp.bigm Transformation completed in 4 s
	 - Adding Compressor hydrogen_Compressor_hydrogenPipelineOnshore_lowP_hydrogenPipelineOnshore_lowP
	 - Adding Compressor hydrogen_Compressor_hydrogenPipelineOnshore_lowP_hydrogenPipelineOnshore_highP
	 - Adding Compressor hydrogen_Compressor_hydrogenPipelineOnshore_lowP_Storage_H2_highP
	 - Adding Compressor hydrogen_Compressor_hydrogenPipelineOnshore_lowP_Demand
	 - Adding Compressor hydrogen_Compressor_hydrogenPipelineOnshore_highP_hydrogenPipelineOnshore_lowP
	 - Adding Compressor hydrogen_Compressor_hydrogenPipelineOnshore_highP_hydrogenPipelineOnshore_highP
	 - Adding Compressor hydrogen_Compressor_hydrogenPipelineOnshore_highP_Storage_H2_highP
	 - Adding Compressor hydrogen_Compressor_hydrogenPipelineOnshore_highP_Demand
	 - Adding Compressor hydrogen_Compressor_Electrolyzer_big_hydrogenPipelineOnshore_lowP
	 - Adding Compressor hydrogen_Compressor_Electrolyzer_big_hydrogenPipelineOnshore_highP
	 - Adding Compressor hydrogen_Compressor_Electrolyzer_big_Storage_H2_highP
	 - Adding Compressor hydrogen_Compressor_Electrolyzer_big_Demand
	 - Adding Compressor hydrogen_Compressor_Storage_H2_highP_hydrogenPipelineOnshore_lowP
	 - Adding Compressor hydrogen_Compressor_Storage_H2_highP_hydrogenPipelineOnshore_highP
	 - Adding Compressor hydrogen_Compressor_Storage_H2_highP_Storage_H2_highP
	 - Adding Compressor hydrogen_Compressor_Storage_H2_highP_Demand
	 - Adding Compressor hydrogen_Compressor_Import_hydrogenPipelineOnshore_lowP
	 - Adding Compressor hydrogen_Compressor_Import_hydrogenPipelineOnshore_highP
	 - Adding Compressor hydrogen_Compressor_Import_Storage_H2_highP
	 - Adding Compressor hydrogen_Compressor_Import_Demand_existing
	 - Adding Technology Electrolyzer_big
			gdp.bigm Transformation...
			gdp.bigm Transformation completed in 0 s
	 - Adding Technology Storage_H2_highP
			gdp.bigm Transformation...
			gdp.bigm Transformation completed in 4 s
	 - Adding Compressor hydrogen_Compressor_hydrogenPipelineOnshore_lowP_hydrogenPipelineOnshore_lowP
	 - Adding Compressor hydrogen_Compressor_hydrogenPipelineOnshore_lowP_hydrogenPipelineOnshore_highP
	 - Adding Compressor hydrogen_Compressor_hydrogenPipelineOnshore_lowP_Storage_H2_highP
	 - Adding Compressor hydrogen_Compressor_hydrogenPipelineOnshore_lowP_Demand
	 - Adding Compressor hydrogen_Compressor_hydrogenPipelineOnshore_highP_hydrogenPipelineOnshore_lowP
	 - Adding Compressor hydrogen_Compressor_hydrogenPipelineOnshore_highP_hydrogenPipelineOnshore_highP
	 - Adding Compressor hydrogen_Compressor_hydrogenPipelineOnshore_highP_Storage_H2_highP
	 - Adding Compressor hydrogen_Compressor_hydrogenPipelineOnshore_highP_Demand
	 - Adding Compressor hydrogen_Compressor_Electrolyzer_big_hydrogenPipelineOnshore_lowP
	 - Adding Compressor hydrogen_Compressor_Electrolyzer_big_hydrogenPipelineOnshore_highP
	 - Adding Compressor hydrogen_Compressor_Electrolyzer_big_Storage_H2_highP
	 - Adding Compressor hydrogen_Compressor_Electrolyzer_big_Demand
	 - Adding Compressor hydrogen_Compressor_Storage_H2_highP_hydrogenPipelineOnshore_lowP
	 - Adding Compressor hydrogen_Compressor_Storage_H2_highP_hydrogenPipelineOnshore_highP
	 - Adding Compressor hydrogen_Compressor_Storage_H2_highP_Storage_H2_highP
	 - Adding Compressor hydrogen_Compressor_Storage_H2_highP_Demand
	 - Adding Compressor hydrogen_Compressor_Import_hydrogenPipelineOnshore_lowP
	 - Adding Compressor hydrogen_Compressor_Import_hydrogenPipelineOnshore_highP
	 - Adding Compressor hydrogen_Compressor_Import_Storage_H2_highP
	 - Adding Compressor hydrogen_Compressor_Import_Demand_existing
	 - Adding Technology Electrolyzer_small
	 - Adding Technology Storage_H2_lowP
			gdp.bigm Transformation...
			gdp.bigm Transformation completed in 4 s
	 - Adding Compressor hydrogen_Compressor_hydrogenPipelineOnshore_lowP_hydrogenPipelineOnshore_lowP
	 - Adding Compressor hydrogen_Compressor_hydrogenPipelineOnshore_lowP_hydrogenPipelineOnshore_highP
	 - Adding Compressor hydrogen_Compressor_hydrogenPipelineOnshore_lowP_Storage_H2_lowP
	 - Adding Compressor hydrogen_Compressor_hydrogenPipelineOnshore_lowP_Demand
	 - Adding Compressor hydrogen_Compressor_hydrogenPipelineOnshore_highP_hydrogenPipelineOnshore_lowP
	 - Adding Compressor hydrogen_Compressor_hydrogenPipelineOnshore_highP_hydrogenPipelineOnshore_highP
	 - Adding Compressor hydrogen_Compressor_hydrogenPipelineOnshore_highP_Storage_H2_lowP
	 - Adding Compressor hydrogen_Compressor_hydrogenPipelineOnshore_highP_Demand
	 - Adding Compressor hydrogen_Compressor_Electrolyzer_small_hydrogenPipelineOnshore_lowP
	 - Adding Compressor hydrogen_Compressor_Electrolyzer_small_hydrogenPipelineOnshore_highP
	 - Adding Compressor hydrogen_Compressor_Electrolyzer_small_Storage_H2_lowP
	 - Adding Compressor hydrogen_Compressor_Electrolyzer_small_Demand
	 - Adding Compressor hydrogen_Compressor_Storage_H2_lowP_hydrogenPipelineOnshore_lowP
	 - Adding Compressor hydrogen_Compressor_Storage_H2_lowP_hydrogenPipelineOnshore_highP
	 - Adding Compressor hydrogen_Compressor_Storage_H2_lowP_Storage_H2_lowP
	 - Adding Compressor hydrogen_Compressor_Storage_H2_lowP_Demand
	 - Adding Technology Electrolyzer_small
	 - Adding Technology Storage_H2_lowP
			gdp.bigm Transformation...
			gdp.bigm Transformation completed in 4 s
	 - Adding Compressor hydrogen_Compressor_hydrogenPipelineOnshore_lowP_hydrogenPipelineOnshore_lowP
	 - Adding Compressor hydrogen_Compressor_hydrogenPipelineOnshore_lowP_hydrogenPipelineOnshore_highP
	 - Adding Compressor hydrogen_Compressor_hydrogenPipelineOnshore_lowP_Storage_H2_lowP
	 - Adding Compressor hydrogen_Compressor_hydrogenPipelineOnshore_lowP_Demand
	 - Adding Compressor hydrogen_Compressor_hydrogenPipelineOnshore_highP_hydrogenPipelineOnshore_lowP
	 - Adding Compressor hydrogen_Compressor_hydrogenPipelineOnshore_highP_hydrogenPipelineOnshore_highP
	 - Adding Compressor hydrogen_Compressor_hydrogenPipelineOnshore_highP_Storage_H2_lowP
	 - Adding Compressor hydrogen_Compressor_hydrogenPipelineOnshore_highP_Demand
	 - Adding Compressor hydrogen_Compressor_Electrolyzer_small_hydrogenPipelineOnshore_lowP
	 - Adding Compressor hydrogen_Compressor_Electrolyzer_small_hydrogenPipelineOnshore_highP
	 - Adding Compressor hydrogen_Compressor_Electrolyzer_small_Storage_H2_lowP
	 - Adding Compressor hydrogen_Compressor_Electrolyzer_small_Demand
	 - Adding Compressor hydrogen_Compressor_Storage_H2_lowP_hydrogenPipelineOnshore_lowP
	 - Adding Compressor hydrogen_Compressor_Storage_H2_lowP_hydrogenPipelineOnshore_highP
	 - Adding Compressor hydrogen_Compressor_Storage_H2_lowP_Storage_H2_lowP
	 - Adding Compressor hydrogen_Compressor_Storage_H2_lowP_Demand
	 - Adding Technology Electrolyzer_small
	 - Adding Technology Storage_H2_lowP
			gdp.bigm Transformation...
			gdp.bigm Transformation completed in 4 s
	 - Adding Compressor hydrogen_Compressor_hydrogenPipelineOnshore_lowP_hydrogenPipelineOnshore_lowP
	 - Adding Compressor hydrogen_Compressor_hydrogenPipelineOnshore_lowP_hydrogenPipelineOnshore_highP
	 - Adding Compressor hydrogen_Compressor_hydrogenPipelineOnshore_lowP_Storage_H2_lowP
	 - Adding Compressor hydrogen_Compressor_hydrogenPipelineOnshore_lowP_Demand
	 - Adding Compressor hydrogen_Compressor_hydrogenPipelineOnshore_highP_hydrogenPipelineOnshore_lowP
	 - Adding Compressor hydrogen_Compressor_hydrogenPipelineOnshore_highP_hydrogenPipelineOnshore_highP
	 - Adding Compressor hydrogen_Compressor_hydrogenPipelineOnshore_highP_Storage_H2_lowP
	 - Adding Compressor hydrogen_Compressor_hydrogenPipelineOnshore_highP_Demand
	 - Adding Compressor hydrogen_Compressor_Electrolyzer_small_hydrogenPipelineOnshore_lowP
	 - Adding Compressor hydrogen_Compressor_Electrolyzer_small_hydrogenPipelineOnshore_highP
	 - Adding Compressor hydrogen_Compressor_Electrolyzer_small_Storage_H2_lowP
	 - Adding Compressor hydrogen_Compressor_Electrolyzer_small_Demand
	 - Adding Compressor hydrogen_Compressor_Storage_H2_lowP_hydrogenPipelineOnshore_lowP
	 - Adding Compressor hydrogen_Compressor_Storage_H2_lowP_hydrogenPipelineOnshore_highP
	 - Adding Compressor hydrogen_Compressor_Storage_H2_lowP_Storage_H2_lowP
	 - Adding Compressor hydrogen_Compressor_Storage_H2_lowP_Demand
	 - Adding Technology Electrolyzer_small
	 - Adding Technology Storage_H2_lowP
			gdp.bigm Transformation...
			gdp.bigm Transformation completed in 4 s
	 - Adding Compressor hydrogen_Compressor_hydrogenPipelineOnshore_lowP_hydrogenPipelineOnshore_lowP
	 - Adding Compressor hydrogen_Compressor_hydrogenPipelineOnshore_lowP_hydrogenPipelineOnshore_highP
	 - Adding Compressor hydrogen_Compressor_hydrogenPipelineOnshore_lowP_Storage_H2_lowP
	 - Adding Compressor hydrogen_Compressor_hydrogenPipelineOnshore_lowP_Demand
	 - Adding Compressor hydrogen_Compressor_hydrogenPipelineOnshore_highP_hydrogenPipelineOnshore_lowP
	 - Adding Compressor hydrogen_Compressor_hydrogenPipelineOnshore_highP_hydrogenPipelineOnshore_highP
	 - Adding Compressor hydrogen_Compressor_hydrogenPipelineOnshore_highP_Storage_H2_lowP
	 - Adding Compressor hydrogen_Compressor_hydrogenPipelineOnshore_highP_Demand
	 - Adding Compressor hydrogen_Compressor_Electrolyzer_small_hydrogenPipelineOnshore_lowP
	 - Adding Compressor hydrogen_Compressor_Electrolyzer_small_hydrogenPipelineOnshore_highP
	 - Adding Compressor hydrogen_Compressor_Electrolyzer_small_Storage_H2_lowP
	 - Adding Compressor hydrogen_Compressor_Electrolyzer_small_Demand
	 - Adding Compressor hydrogen_Compressor_Storage_H2_lowP_hydrogenPipelineOnshore_lowP
	 - Adding Compressor hydrogen_Compressor_Storage_H2_lowP_hydrogenPipelineOnshore_highP
	 - Adding Compressor hydrogen_Compressor_Storage_H2_lowP_Storage_H2_lowP
	 - Adding Compressor hydrogen_Compressor_Storage_H2_lowP_Demand
	 - Adding Technology Storage_H2_Cavern_existing
			gdp.bigm Transformation...
			gdp.bigm Transformation completed in 4 s
	 - Adding Compressor hydrogen_Compressor_hydrogenPipelineOnshore_lowP_hydrogenPipelineOnshore_lowP
	 - Adding Compressor hydrogen_Compressor_hydrogenPipelineOnshore_lowP_hydrogenPipelineOnshore_highP
	 - Adding Compressor hydrogen_Compressor_hydrogenPipelineOnshore_lowP_Storage_H2_Cavern_existing
	 - Adding Compressor hydrogen_Compressor_hydrogenPipelineOnshore_highP_hydrogenPipelineOnshore_lowP
	 - Adding Compressor hydrogen_Compressor_hydrogenPipelineOnshore_highP_hydrogenPipelineOnshore_highP
	 - Adding Compressor hydrogen_Compressor_hydrogenPipelineOnshore_highP_Storage_H2_Cavern_existing
	 - Adding Compressor hydrogen_Compressor_Storage_H2_Cavern_existing_hydrogenPipelineOnshore_lowP
	 - Adding Compressor hydrogen_Compressor_Storage_H2_Cavern_existing_hydrogenPipelineOnshore_highP
	 - Adding Compressor hydrogen_Compressor_Storage_H2_Cavern_existing_Storage_H2_Cavern_existing_existing
Constructing model completed in 603s
Constructing balances...
Constructing balances completed in 19s
Set objective on infrastructure due to willingness to pay
Set parameter OutputFlag to value 1
Set parameter LogFile to value "/gpfs/home3/scur1696/AdOpT-NET0-RegToNation/generic_node_optimization/results/parallel_creation_test_20251124_002357/task_002/t002_parallel_run_0007/userData/20251124011117-1/solver_log.txt"
Solver log file: /gpfs/home3/scur1696/AdOpT-NET0-RegToNation/generic_node_optimization/results/parallel_creation_test_20251124_002357/task_002/t002_parallel_run_0007/userData/20251124011117-1/solver_log.txt
Set parameter TimeLimit to value 180000
Set parameter MIPGap to value 0.01
Set parameter MIPFocus to value 0
Set parameter Threads to value 12
Set parameter NodefileStart to value 60
Set parameter Method to value -1
Set parameter Heuristics to value 0.05
Set parameter Presolve to value 1
Set parameter BranchDir to value 0
Set parameter LPWarmStart to value 0
Set parameter IntFeasTol to value 1e-05
Set parameter FeasibilityTol to value 1e-06
Set parameter Cuts to value -1
Set parameter NumericFocus to value 0
Gurobi Optimizer version 13.0.0 build v13.0.0rc1 (linux64 - "Red Hat Enterprise Linux 9.4 (Plow)")

CPU model: AMD EPYC 9654 96-Core Processor, instruction set [SSE2|AVX|AVX2|AVX512]
Thread count: 192 physical cores, 192 logical processors, using up to 12 threads

Non-default parameters:
TimeLimit  180000
MIPGap  0.01
LPWarmStart  0
NodefileStart  60
Presolve  1
Threads  12

Academic license 2729390 - for non-commercial use only - registered to m.___@uu.nl
Optimize a model with 9050179 rows, 6728544 columns and 21385595 nonzeros (Min)
Model fingerprint: 0xa3dfccb8
Model has 1 linear objective coefficients
Variable types: 5869892 continuous, 858652 integer (858652 binary)
Coefficient statistics:
  Matrix range     [2e-03, 2e+08]
  Objective range  [1e+00, 1e+00]
  Bounds range     [5e-02, 6e+08]
  RHS range        [1e+00, 5e+09]
Warning: Model contains large matrix coefficients
Warning: Model contains large rhs
         Consider reformulating model or setting NumericFocus parameter
         to avoid numerical issues.
Presolve removed 5361748 rows and 3924941 columns (presolve time = 5s)...
Presolve removed 5370508 rows and 3924941 columns (presolve time = 10s)...
Presolve removed 5528318 rows and 4082751 columns (presolve time = 15s)...
Presolve removed 5528318 rows and 4082751 columns (presolve time = 20s)...
Presolve removed 5528318 rows and 4082751 columns (presolve time = 25s)...
Presolve removed 5528318 rows and 4144060 columns (presolve time = 30s)...
# ==========================================================
# = Solver Results                                         =
# ==========================================================
# ----------------------------------------------------------
#   Problem Information
# ----------------------------------------------------------
Problem: 
- Name: unknown
  Lower bound: 47399266.74954094
  Upper bound: 47437560.8885617
  Number of objectives: 1
  Number of constraints: 9050179
  Number of variables: 6728544
  Number of binary variables: 858652
  Number of integer variables: 858652
  Number of continuous variables: 5011240
  Number of nonzeros: 21385595
  Sense: minimize
  Number of solutions: 2
# ----------------------------------------------------------
#   Solver Information
# ----------------------------------------------------------
Solver: 
- Name: Gurobi 13.00
  Status: ok
  Wallclock time: 404.59123516082764
  Termination condition: optimal
  Termination message: Model was solved to optimality (subject to tolerances), and an optimal solution is available.
# ----------------------------------------------------------
#   Solution Information
# ----------------------------------------------------------
Solution: 
- number of solutions: 0
  number of solutions displayed: 0
Writing results to /gpfs/home3/scur1696/AdOpT-NET0-RegToNation/generic_node_optimization/results/parallel_creation_test_20251124_002357/task_002/t002_parallel_run_0005/userData/20251124010226-1
[SUCCESS] Solved: t002_parallel_run_0005
[SOLVING] t002_parallel_run_0008
Set parameter Threads to value 12
Presolve removed 5545984 rows and 4161684 columns (presolve time = 35s)...
Waiting for other threads to finish...        2391s
Presolve removed 5554859 rows and 4161684 columns (presolve time = 40s)...
Presolve removed 5554859 rows and 4161684 columns (presolve time = 45s)...
Presolve removed 5554859 rows and 4161684 columns
Presolve time: 48.79s
Presolved: 3495320 rows, 2566860 columns, 11519758 nonzeros
Variable types: 2137576 continuous, 429284 integer (429284 binary)
Deterministic concurrent LP optimizer: primal simplex, dual simplex, and barrier
Showing barrier log only...

Root barrier log...

Ordering time: 2.88s

Barrier statistics:
 Dense cols : 103
 AA' NZ     : 1.544e+07
 Factor NZ  : 6.646e+07 (roughly 2.7 GB of memory)
 Factor Ops : 4.437e+09 (less than 1 second per iteration)
 Threads    : 9

                  Objective                Residual
Iter       Primal          Dual         Primal    Dual     Compl     Time
   0   9.53367773e+09 -2.52797445e+11  2.96e+09 7.78e+00  5.52e+07    97s
   1   1.02641220e+10 -5.50397594e+11  2.86e+09 4.73e+01  5.23e+07    98s
   2   6.90826702e+09 -4.52861819e+11  1.67e+09 7.33e-01  3.06e+07   100s
   3   3.02539335e+09 -3.47610293e+11  1.54e+08 2.96e-06  2.68e+06   102s
   4   2.96761237e+09 -2.48862726e+11  8.67e+06 3.17e-06  1.83e+05   104s
Waiting for other threads to finish...        2455s
   5   2.96815695e+09 -1.24003815e+11  7.58e+06 4.58e-07  1.30e+05   105s
   6   2.91302551e+09 -1.11153739e+11  6.06e+06 5.42e-07  1.05e+05   106s
   7   2.53204498e+09 -1.09909348e+11  3.99e+06 4.86e-07  7.43e+04   108s
   8   2.10800968e+09 -7.63670069e+10  2.63e+06 2.17e-07  4.72e+04   110s
   9   1.43419490e+09 -5.53830692e+10  2.34e+05 2.19e-07  1.16e+04   112s
  10   1.32478991e+09 -1.47486910e+10  1.22e+04 6.89e-07  2.53e+03   116s
  11   1.24572067e+09 -7.82229741e+09  4.15e+01 8.55e-07  1.39e+03   118s
  12   1.08052290e+09 -2.99523322e+09  6.09e-02 3.62e-07  6.24e+02   119s
  13   8.06035311e+08 -1.69831144e+09  1.82e-02 2.26e-07  3.83e+02   121s
  14   4.24963146e+08 -8.61803300e+08  5.89e-03 1.04e-07  1.97e+02   122s
  15   3.16836821e+08 -5.89300930e+08  3.64e-03 6.94e-08  1.39e+02   124s
  16   3.04873056e+08 -5.57730817e+08  3.44e-03 5.90e-08  1.32e+02   125s
  17   2.98913508e+08 -4.03558659e+08  3.34e-03 5.17e-08  1.07e+02   127s
  18   2.90188891e+08 -3.16783195e+08  3.06e-03 3.99e-08  9.29e+01   128s
  19   2.00138871e+08 -2.27260451e+08  1.77e-03 3.04e-08  6.54e+01   131s
  20   1.55575458e+08 -9.72527494e+07  1.13e-03 1.64e-08  3.87e+01   133s
  21   1.51551118e+08 -7.46793636e+07  1.08e-03 1.42e-08  3.46e+01   135s
  22   1.48325929e+08 -5.40636475e+07  1.03e-03 1.12e-08  3.10e+01   138s
  23   1.44365692e+08 -1.07726462e+07  8.79e-04 1.33e-08  2.37e+01   141s
  24   1.14137826e+08  5.44927136e+07  3.35e-04 1.98e-09  9.13e+00   144s
  25   9.86369739e+07  7.51404172e+07  1.51e-04 9.20e-09  3.60e+00   148s
  26   9.72768998e+07  7.84050979e+07  1.35e-04 7.57e-09  2.89e+00   152s
  27   9.58637184e+07  7.94195474e+07  1.18e-04 5.94e-09  2.52e+00   156s
  28   9.35095981e+07  8.10322407e+07  8.63e-05 4.10e-09  1.91e+00   159s
  29   9.32525278e+07  8.16862263e+07  8.32e-05 2.71e-09  1.77e+00   163s
Waiting for other threads to finish...        2518s
  30   9.26024922e+07  8.21287018e+07  7.58e-05 4.16e-09  1.60e+00   169s
  31   9.11459068e+07  8.47391398e+07  5.86e-05 2.18e-09  9.80e-01   173s
  32   8.79815971e+07  8.54387651e+07  1.85e-05 1.57e-09  3.89e-01   177s
  33   8.71890537e+07  8.60340614e+07  8.62e-06 9.31e-10  1.77e-01   184s
  34   8.69620140e+07  8.62292766e+07  5.85e-06 1.07e-08  1.12e-01   193s
  35   8.68494891e+07  8.63174482e+07  5.53e-06 3.26e-09  8.14e-02   199s
  36   8.67492635e+07  8.63761705e+07  7.94e-06 8.85e-09  5.71e-02   205s
  37   8.65939876e+07  8.64186747e+07  1.53e-05 7.92e-09  2.68e-02   209s
  38   8.65415011e+07  8.64487439e+07  1.13e-05 1.40e-09  1.42e-02   213s
  39   8.65095636e+07  8.64565967e+07  6.46e-06 5.97e-10  8.10e-03   218s
  40   8.64961416e+07  8.64613469e+07  4.25e-06 2.07e-09  5.32e-03   223s
  41   8.64872870e+07  8.64639051e+07  2.91e-06 5.59e-09  3.58e-03   228s
  42   8.64819649e+07  8.64653811e+07  2.11e-06 1.21e-08  2.54e-03   231s
Waiting for other threads to finish...        2581s
  43   8.64780840e+07  8.64661350e+07  1.53e-06 2.05e-08  1.83e-03   235s
  44   8.64745635e+07  8.64664970e+07  1.01e-06 6.55e-10  1.23e-03   239s
  45   8.64726489e+07  8.64666725e+07  7.29e-07 2.36e-09  9.15e-04   245s
  46   8.64715529e+07  8.64669280e+07  5.68e-07 5.60e-10  7.08e-04   249s
  47   8.64697202e+07  8.64671852e+07  3.07e-07 5.36e-09  3.88e-04   254s
  48   8.64690316e+07  8.64673614e+07  2.17e-07 1.69e-09  2.56e-04   260s
  49   8.64684908e+07  8.64674294e+07  1.38e-07 2.85e-09  1.62e-04   264s
  50   8.64681587e+07  8.64674938e+07  9.97e-08 2.79e-09  1.02e-04   266s
  51   8.64680047e+07  8.64675198e+07  6.14e-08 1.33e-08  7.42e-05   268s
  52   8.64679024e+07  8.64675454e+07  1.32e-07 7.68e-09  5.46e-05   270s
  53   8.64677981e+07  8.64675567e+07  7.08e-08 1.02e-09  3.69e-05   272s
  54   8.64677254e+07  8.64675692e+07  4.10e-08 3.79e-10  2.39e-05   274s
  55   8.64676218e+07  8.64675775e+07  2.39e-07 5.31e-10  6.79e-06   277s
  56   8.64676102e+07  8.64675855e+07  2.06e-07 4.42e-09  3.78e-06   279s
  57   8.64676021e+07  8.64675903e+07  1.29e-07 9.31e-09  1.81e-06   281s
  58   8.64675973e+07  8.64675933e+07  4.79e-07 2.53e-09  6.05e-07   284s
  59   8.64675961e+07  8.64675941e+07  2.32e-07 6.32e-08  3.01e-07   286s
  60   8.64675953e+07  8.64675946e+07  1.98e-07 1.61e-07  9.36e-08   288s
  61   8.64675948e+07  8.64675947e+07  6.24e-08 1.20e-07  1.23e-08   291s
  62   8.64675948e+07  8.64675947e+07  2.42e-07 3.79e-08  6.95e-09   294s

Barrier solved model in 62 iterations and 293.55 seconds (201.36 work units)
Optimal objective 8.64675948e+07

Waiting for other threads to finish...        2644s

Root crossover log...

  262632 DPushes remaining with DInf 0.0000000e+00               295s
   77874 DPushes remaining with DInf 0.0000000e+00               301s
   75384 DPushes remaining with DInf 0.0000000e+00               306s
   72894 DPushes remaining with DInf 0.0000000e+00               310s
   70306 DPushes remaining with DInf 0.0000000e+00               316s
   69476 DPushes remaining with DInf 0.0000000e+00               322s
   68645 DPushes remaining with DInf 0.0000000e+00               326s
   67815 DPushes remaining with DInf 0.0000000e+00               330s
   66131 DPushes remaining with DInf 0.0000000e+00               335s
   63641 DPushes remaining with DInf 0.0000000e+00               341s
   61981 DPushes remaining with DInf 0.0000000e+00               346s
   60321 DPushes remaining with DInf 0.0000000e+00               351s
Waiting for other threads to finish...        2708s
   58661 DPushes remaining with DInf 0.0000000e+00               357s
   57831 DPushes remaining with DInf 0.0000000e+00               361s
  [CONFIG] Gurobi default env configured: 12 threads per worker
--- Reading in data ---
Input data folder has been checked successfully - no errors occurred.
--- Reading in data complete ---
--- Constructing Model ---
Constructing Investment Period period1
Constructing Investment Period period1 completed
	 - Constructing Network hydrogenPipelineOnshore_lowP
			gdp.bigm Transformation...
			gdp.bigm Transformation completed in 0 s
		 - Constructing Arc BIG1 - BIG2 completed
			gdp.bigm Transformation...
			gdp.bigm Transformation completed in 0 s
		 - Constructing Arc BIG1 - SMALL1 completed
			gdp.bigm Transformation...
			gdp.bigm Transformation completed in 0 s
		 - Constructing Arc BIG1 - SMALL2 completed
			gdp.bigm Transformation...
			gdp.bigm Transformation completed in 0 s
		 - Constructing Arc BIG1 - SMALL3 completed
			gdp.bigm Transformation...
			gdp.bigm Transformation completed in 0 s
		 - Constructing Arc BIG1 - SMALL4 completed
			gdp.bigm Transformation...
			gdp.bigm Transformation completed in 0 s
		 - Constructing Arc BIG1 - STORAGE completed
			gdp.bigm Transformation...
			gdp.bigm Transformation completed in 0 s
		 - Constructing Arc BIG2 - BIG1 completed
			gdp.bigm Transformation...
			gdp.bigm Transformation completed in 0 s
		 - Constructing Arc BIG2 - SMALL1 completed
			gdp.bigm Transformation...
			gdp.bigm Transformation completed in 0 s
		 - Constructing Arc BIG2 - SMALL2 completed
			gdp.bigm Transformation...
			gdp.bigm Transformation completed in 0 s
		 - Constructing Arc BIG2 - SMALL3 completed
			gdp.bigm Transformation...
			gdp.bigm Transformation completed in 0 s
		 - Constructing Arc BIG2 - SMALL4 completed
			gdp.bigm Transformation...
			gdp.bigm Transformation completed in 0 s
		 - Constructing Arc BIG2 - STORAGE completed
			gdp.bigm Transformation...
			gdp.bigm Transformation completed in 0 s
		 - Constructing Arc SMALL1 - BIG1 completed
			gdp.bigm Transformation...
			gdp.bigm Transformation completed in 0 s
		 - Constructing Arc SMALL1 - BIG2 completed
			gdp.bigm Transformation...
			gdp.bigm Transformation completed in 0 s
		 - Constructing Arc SMALL1 - SMALL2 completed
			gdp.bigm Transformation...
			gdp.bigm Transformation completed in 0 s
		 - Constructing Arc SMALL1 - SMALL3 completed
			gdp.bigm Transformation...
			gdp.bigm Transformation completed in 0 s
		 - Constructing Arc SMALL1 - SMALL4 completed
			gdp.bigm Transformation...
			gdp.bigm Transformation completed in 0 s
		 - Constructing Arc SMALL1 - STORAGE completed
			gdp.bigm Transformation...
			gdp.bigm Transformation completed in 0 s
		 - Constructing Arc SMALL2 - BIG1 completed
			gdp.bigm Transformation...
			gdp.bigm Transformation completed in 0 s
		 - Constructing Arc SMALL2 - BIG2 completed
			gdp.bigm Transformation...
			gdp.bigm Transformation completed in 0 s
		 - Constructing Arc SMALL2 - SMALL1 completed
			gdp.bigm Transformation...
			gdp.bigm Transformation completed in 0 s
		 - Constructing Arc SMALL2 - SMALL3 completed
			gdp.bigm Transformation...
			gdp.bigm Transformation completed in 0 s
		 - Constructing Arc SMALL2 - SMALL4 completed
			gdp.bigm Transformation...
			gdp.bigm Transformation completed in 0 s
		 - Constructing Arc SMALL2 - STORAGE completed
			gdp.bigm Transformation...
			gdp.bigm Transformation completed in 0 s
		 - Constructing Arc SMALL3 - BIG1 completed
			gdp.bigm Transformation...
			gdp.bigm Transformation completed in 0 s
		 - Constructing Arc SMALL3 - BIG2 completed
			gdp.bigm Transformation...
			gdp.bigm Transformation completed in 0 s
		 - Constructing Arc SMALL3 - SMALL1 completed
			gdp.bigm Transformation...
			gdp.bigm Transformation completed in 0 s
		 - Constructing Arc SMALL3 - SMALL2 completed
			gdp.bigm Transformation...
			gdp.bigm Transformation completed in 0 s
		 - Constructing Arc SMALL3 - SMALL4 completed
			gdp.bigm Transformation...
			gdp.bigm Transformation completed in 0 s
		 - Constructing Arc SMALL3 - STORAGE completed
			gdp.bigm Transformation...
			gdp.bigm Transformation completed in 0 s
		 - Constructing Arc SMALL4 - BIG1 completed
			gdp.bigm Transformation...
			gdp.bigm Transformation completed in 0 s
		 - Constructing Arc SMALL4 - BIG2 completed
			gdp.bigm Transformation...
			gdp.bigm Transformation completed in 0 s
		 - Constructing Arc SMALL4 - SMALL1 completed
			gdp.bigm Transformation...
			gdp.bigm Transformation completed in 0 s
		 - Constructing Arc SMALL4 - SMALL2 completed
			gdp.bigm Transformation...
			gdp.bigm Transformation completed in 0 s
		 - Constructing Arc SMALL4 - SMALL3 completed
			gdp.bigm Transformation...
			gdp.bigm Transformation completed in 0 s
		 - Constructing Arc SMALL4 - STORAGE completed
			gdp.bigm Transformation...
			gdp.bigm Transformation completed in 0 s
		 - Constructing Arc STORAGE - BIG1 completed
			gdp.bigm Transformation...
			gdp.bigm Transformation completed in 0 s
		 - Constructing Arc STORAGE - BIG2 completed
			gdp.bigm Transformation...
			gdp.bigm Transformation completed in 0 s
		 - Constructing Arc STORAGE - SMALL1 completed
			gdp.bigm Transformation...
			gdp.bigm Transformation completed in 0 s
		 - Constructing Arc STORAGE - SMALL2 completed
			gdp.bigm Transformation...
			gdp.bigm Transformation completed in 0 s
		 - Constructing Arc STORAGE - SMALL3 completed
			gdp.bigm Transformation...
			gdp.bigm Transformation completed in 0 s
		 - Constructing Arc STORAGE - SMALL4 completed
	 - Constructing Network hydrogenPipelineOnshore_lowP completed
			gdp.bigm Transformation...
			gdp.bigm Transformation completed in 78 s
	 - Constructing Network hydrogenPipelineOnshore_highP
			gdp.bigm Transformation...
			gdp.bigm Transformation completed in 0 s
		 - Constructing Arc BIG1 - BIG2 completed
			gdp.bigm Transformation...
			gdp.bigm Transformation completed in 0 s
		 - Constructing Arc BIG1 - SMALL1 completed
			gdp.bigm Transformation...
			gdp.bigm Transformation completed in 0 s
		 - Constructing Arc BIG1 - SMALL2 completed
			gdp.bigm Transformation...
			gdp.bigm Transformation completed in 0 s
		 - Constructing Arc BIG1 - SMALL3 completed
			gdp.bigm Transformation...
			gdp.bigm Transformation completed in 0 s
		 - Constructing Arc BIG1 - SMALL4 completed
			gdp.bigm Transformation...
			gdp.bigm Transformation completed in 0 s
		 - Constructing Arc BIG1 - STORAGE completed
			gdp.bigm Transformation...
			gdp.bigm Transformation completed in 0 s
		 - Constructing Arc BIG2 - BIG1 completed
			gdp.bigm Transformation...
			gdp.bigm Transformation completed in 0 s
		 - Constructing Arc BIG2 - SMALL1 completed
			gdp.bigm Transformation...
			gdp.bigm Transformation completed in 0 s
		 - Constructing Arc BIG2 - SMALL2 completed
			gdp.bigm Transformation...
			gdp.bigm Transformation completed in 0 s
		 - Constructing Arc BIG2 - SMALL3 completed
			gdp.bigm Transformation...
			gdp.bigm Transformation completed in 0 s
		 - Constructing Arc BIG2 - SMALL4 completed
			gdp.bigm Transformation...
			gdp.bigm Transformation completed in 0 s
		 - Constructing Arc BIG2 - STORAGE completed
			gdp.bigm Transformation...
			gdp.bigm Transformation completed in 0 s
		 - Constructing Arc SMALL1 - BIG1 completed
			gdp.bigm Transformation...
			gdp.bigm Transformation completed in 0 s
		 - Constructing Arc SMALL1 - BIG2 completed
			gdp.bigm Transformation...
			gdp.bigm Transformation completed in 0 s
		 - Constructing Arc SMALL1 - SMALL2 completed
			gdp.bigm Transformation...
			gdp.bigm Transformation completed in 0 s
		 - Constructing Arc SMALL1 - SMALL3 completed
			gdp.bigm Transformation...
			gdp.bigm Transformation completed in 0 s
		 - Constructing Arc SMALL1 - SMALL4 completed
			gdp.bigm Transformation...
			gdp.bigm Transformation completed in 0 s
		 - Constructing Arc SMALL1 - STORAGE completed
			gdp.bigm Transformation...
			gdp.bigm Transformation completed in 0 s
		 - Constructing Arc SMALL2 - BIG1 completed
			gdp.bigm Transformation...
			gdp.bigm Transformation completed in 0 s
		 - Constructing Arc SMALL2 - BIG2 completed
			gdp.bigm Transformation...
			gdp.bigm Transformation completed in 0 s
		 - Constructing Arc SMALL2 - SMALL1 completed
			gdp.bigm Transformation...
			gdp.bigm Transformation completed in 0 s
		 - Constructing Arc SMALL2 - SMALL3 completed
			gdp.bigm Transformation...
			gdp.bigm Transformation completed in 0 s
		 - Constructing Arc SMALL2 - SMALL4 completed
			gdp.bigm Transformation...
			gdp.bigm Transformation completed in 0 s
		 - Constructing Arc SMALL2 - STORAGE completed
			gdp.bigm Transformation...
			gdp.bigm Transformation completed in 0 s
		 - Constructing Arc SMALL3 - BIG1 completed
			gdp.bigm Transformation...
			gdp.bigm Transformation completed in 0 s
		 - Constructing Arc SMALL3 - BIG2 completed
			gdp.bigm Transformation...
			gdp.bigm Transformation completed in 0 s
		 - Constructing Arc SMALL3 - SMALL1 completed
			gdp.bigm Transformation...
			gdp.bigm Transformation completed in 0 s
		 - Constructing Arc SMALL3 - SMALL2 completed
			gdp.bigm Transformation...
			gdp.bigm Transformation completed in 0 s
		 - Constructing Arc SMALL3 - SMALL4 completed
			gdp.bigm Transformation...
			gdp.bigm Transformation completed in 0 s
		 - Constructing Arc SMALL3 - STORAGE completed
			gdp.bigm Transformation...
			gdp.bigm Transformation completed in 0 s
		 - Constructing Arc SMALL4 - BIG1 completed
			gdp.bigm Transformation...
			gdp.bigm Transformation completed in 0 s
		 - Constructing Arc SMALL4 - BIG2 completed
			gdp.bigm Transformation...
			gdp.bigm Transformation completed in 0 s
		 - Constructing Arc SMALL4 - SMALL1 completed
			gdp.bigm Transformation...
			gdp.bigm Transformation completed in 0 s
		 - Constructing Arc SMALL4 - SMALL2 completed
			gdp.bigm Transformation...
			gdp.bigm Transformation completed in 0 s
		 - Constructing Arc SMALL4 - SMALL3 completed
			gdp.bigm Transformation...
			gdp.bigm Transformation completed in 0 s
		 - Constructing Arc SMALL4 - STORAGE completed
			gdp.bigm Transformation...
			gdp.bigm Transformation completed in 0 s
		 - Constructing Arc STORAGE - BIG1 completed
			gdp.bigm Transformation...
			gdp.bigm Transformation completed in 0 s
		 - Constructing Arc STORAGE - BIG2 completed
			gdp.bigm Transformation...
			gdp.bigm Transformation completed in 0 s
		 - Constructing Arc STORAGE - SMALL1 completed
			gdp.bigm Transformation...
			gdp.bigm Transformation completed in 0 s
		 - Constructing Arc STORAGE - SMALL2 completed
			gdp.bigm Transformation...
			gdp.bigm Transformation completed in 0 s
		 - Constructing Arc STORAGE - SMALL3 completed
			gdp.bigm Transformation...
			gdp.bigm Transformation completed in 0 s
		 - Constructing Arc STORAGE - SMALL4 completed
	 - Constructing Network hydrogenPipelineOnshore_highP completed
			gdp.bigm Transformation...
			gdp.bigm Transformation completed in 78 s
	 - Adding Technology Electrolyzer_big
			gdp.bigm Transformation...
			gdp.bigm Transformation completed in 0 s
	 - Adding Technology Storage_H2_highP
			gdp.bigm Transformation...
			gdp.bigm Transformation completed in 4 s
	 - Adding Compressor hydrogen_Compressor_hydrogenPipelineOnshore_lowP_hydrogenPipelineOnshore_lowP
	 - Adding Compressor hydrogen_Compressor_hydrogenPipelineOnshore_lowP_hydrogenPipelineOnshore_highP
	 - Adding Compressor hydrogen_Compressor_hydrogenPipelineOnshore_lowP_Storage_H2_highP
	 - Adding Compressor hydrogen_Compressor_hydrogenPipelineOnshore_lowP_Demand
	 - Adding Compressor hydrogen_Compressor_hydrogenPipelineOnshore_highP_hydrogenPipelineOnshore_lowP
	 - Adding Compressor hydrogen_Compressor_hydrogenPipelineOnshore_highP_hydrogenPipelineOnshore_highP
	 - Adding Compressor hydrogen_Compressor_hydrogenPipelineOnshore_highP_Storage_H2_highP
	 - Adding Compressor hydrogen_Compressor_hydrogenPipelineOnshore_highP_Demand
	 - Adding Compressor hydrogen_Compressor_Electrolyzer_big_hydrogenPipelineOnshore_lowP
	 - Adding Compressor hydrogen_Compressor_Electrolyzer_big_hydrogenPipelineOnshore_highP
	 - Adding Compressor hydrogen_Compressor_Electrolyzer_big_Storage_H2_highP
	 - Adding Compressor hydrogen_Compressor_Electrolyzer_big_Demand
	 - Adding Compressor hydrogen_Compressor_Storage_H2_highP_hydrogenPipelineOnshore_lowP
	 - Adding Compressor hydrogen_Compressor_Storage_H2_highP_hydrogenPipelineOnshore_highP
	 - Adding Compressor hydrogen_Compressor_Storage_H2_highP_Storage_H2_highP
	 - Adding Compressor hydrogen_Compressor_Storage_H2_highP_Demand
	 - Adding Compressor hydrogen_Compressor_Import_hydrogenPipelineOnshore_lowP
	 - Adding Compressor hydrogen_Compressor_Import_hydrogenPipelineOnshore_highP
	 - Adding Compressor hydrogen_Compressor_Import_Storage_H2_highP
	 - Adding Compressor hydrogen_Compressor_Import_Demand_existing
	 - Adding Technology Electrolyzer_big
			gdp.bigm Transformation...
			gdp.bigm Transformation completed in 0 s
	 - Adding Technology Storage_H2_highP
			gdp.bigm Transformation...
			gdp.bigm Transformation completed in 4 s
	 - Adding Compressor hydrogen_Compressor_hydrogenPipelineOnshore_lowP_hydrogenPipelineOnshore_lowP
	 - Adding Compressor hydrogen_Compressor_hydrogenPipelineOnshore_lowP_hydrogenPipelineOnshore_highP
	 - Adding Compressor hydrogen_Compressor_hydrogenPipelineOnshore_lowP_Storage_H2_highP
	 - Adding Compressor hydrogen_Compressor_hydrogenPipelineOnshore_lowP_Demand
	 - Adding Compressor hydrogen_Compressor_hydrogenPipelineOnshore_highP_hydrogenPipelineOnshore_lowP
	 - Adding Compressor hydrogen_Compressor_hydrogenPipelineOnshore_highP_hydrogenPipelineOnshore_highP
	 - Adding Compressor hydrogen_Compressor_hydrogenPipelineOnshore_highP_Storage_H2_highP
	 - Adding Compressor hydrogen_Compressor_hydrogenPipelineOnshore_highP_Demand
	 - Adding Compressor hydrogen_Compressor_Electrolyzer_big_hydrogenPipelineOnshore_lowP
	 - Adding Compressor hydrogen_Compressor_Electrolyzer_big_hydrogenPipelineOnshore_highP
	 - Adding Compressor hydrogen_Compressor_Electrolyzer_big_Storage_H2_highP
	 - Adding Compressor hydrogen_Compressor_Electrolyzer_big_Demand
	 - Adding Compressor hydrogen_Compressor_Storage_H2_highP_hydrogenPipelineOnshore_lowP
	 - Adding Compressor hydrogen_Compressor_Storage_H2_highP_hydrogenPipelineOnshore_highP
	 - Adding Compressor hydrogen_Compressor_Storage_H2_highP_Storage_H2_highP
	 - Adding Compressor hydrogen_Compressor_Storage_H2_highP_Demand
	 - Adding Compressor hydrogen_Compressor_Import_hydrogenPipelineOnshore_lowP
	 - Adding Compressor hydrogen_Compressor_Import_hydrogenPipelineOnshore_highP
	 - Adding Compressor hydrogen_Compressor_Import_Storage_H2_highP
	 - Adding Compressor hydrogen_Compressor_Import_Demand_existing
	 - Adding Technology Electrolyzer_small
	 - Adding Technology Storage_H2_lowP
			gdp.bigm Transformation...
			gdp.bigm Transformation completed in 4 s
	 - Adding Compressor hydrogen_Compressor_hydrogenPipelineOnshore_lowP_hydrogenPipelineOnshore_lowP
	 - Adding Compressor hydrogen_Compressor_hydrogenPipelineOnshore_lowP_hydrogenPipelineOnshore_highP
	 - Adding Compressor hydrogen_Compressor_hydrogenPipelineOnshore_lowP_Storage_H2_lowP
	 - Adding Compressor hydrogen_Compressor_hydrogenPipelineOnshore_lowP_Demand
	 - Adding Compressor hydrogen_Compressor_hydrogenPipelineOnshore_highP_hydrogenPipelineOnshore_lowP
	 - Adding Compressor hydrogen_Compressor_hydrogenPipelineOnshore_highP_hydrogenPipelineOnshore_highP
	 - Adding Compressor hydrogen_Compressor_hydrogenPipelineOnshore_highP_Storage_H2_lowP
	 - Adding Compressor hydrogen_Compressor_hydrogenPipelineOnshore_highP_Demand
	 - Adding Compressor hydrogen_Compressor_Electrolyzer_small_hydrogenPipelineOnshore_lowP
	 - Adding Compressor hydrogen_Compressor_Electrolyzer_small_hydrogenPipelineOnshore_highP
	 - Adding Compressor hydrogen_Compressor_Electrolyzer_small_Storage_H2_lowP
	 - Adding Compressor hydrogen_Compressor_Electrolyzer_small_Demand
	 - Adding Compressor hydrogen_Compressor_Storage_H2_lowP_hydrogenPipelineOnshore_lowP
	 - Adding Compressor hydrogen_Compressor_Storage_H2_lowP_hydrogenPipelineOnshore_highP
	 - Adding Compressor hydrogen_Compressor_Storage_H2_lowP_Storage_H2_lowP
	 - Adding Compressor hydrogen_Compressor_Storage_H2_lowP_Demand
	 - Adding Technology Electrolyzer_small
	 - Adding Technology Storage_H2_lowP
			gdp.bigm Transformation...
			gdp.bigm Transformation completed in 4 s
	 - Adding Compressor hydrogen_Compressor_hydrogenPipelineOnshore_lowP_hydrogenPipelineOnshore_lowP
	 - Adding Compressor hydrogen_Compressor_hydrogenPipelineOnshore_lowP_hydrogenPipelineOnshore_highP
	 - Adding Compressor hydrogen_Compressor_hydrogenPipelineOnshore_lowP_Storage_H2_lowP
	 - Adding Compressor hydrogen_Compressor_hydrogenPipelineOnshore_lowP_Demand
	 - Adding Compressor hydrogen_Compressor_hydrogenPipelineOnshore_highP_hydrogenPipelineOnshore_lowP
	 - Adding Compressor hydrogen_Compressor_hydrogenPipelineOnshore_highP_hydrogenPipelineOnshore_highP
	 - Adding Compressor hydrogen_Compressor_hydrogenPipelineOnshore_highP_Storage_H2_lowP
	 - Adding Compressor hydrogen_Compressor_hydrogenPipelineOnshore_highP_Demand
	 - Adding Compressor hydrogen_Compressor_Electrolyzer_small_hydrogenPipelineOnshore_lowP
	 - Adding Compressor hydrogen_Compressor_Electrolyzer_small_hydrogenPipelineOnshore_highP
	 - Adding Compressor hydrogen_Compressor_Electrolyzer_small_Storage_H2_lowP
	 - Adding Compressor hydrogen_Compressor_Electrolyzer_small_Demand
	 - Adding Compressor hydrogen_Compressor_Storage_H2_lowP_hydrogenPipelineOnshore_lowP
	 - Adding Compressor hydrogen_Compressor_Storage_H2_lowP_hydrogenPipelineOnshore_highP
	 - Adding Compressor hydrogen_Compressor_Storage_H2_lowP_Storage_H2_lowP
	 - Adding Compressor hydrogen_Compressor_Storage_H2_lowP_Demand
	 - Adding Technology Electrolyzer_small
	 - Adding Technology Storage_H2_lowP
			gdp.bigm Transformation...
			gdp.bigm Transformation completed in 4 s
	 - Adding Compressor hydrogen_Compressor_hydrogenPipelineOnshore_lowP_hydrogenPipelineOnshore_lowP
	 - Adding Compressor hydrogen_Compressor_hydrogenPipelineOnshore_lowP_hydrogenPipelineOnshore_highP
	 - Adding Compressor hydrogen_Compressor_hydrogenPipelineOnshore_lowP_Storage_H2_lowP
	 - Adding Compressor hydrogen_Compressor_hydrogenPipelineOnshore_lowP_Demand
	 - Adding Compressor hydrogen_Compressor_hydrogenPipelineOnshore_highP_hydrogenPipelineOnshore_lowP
	 - Adding Compressor hydrogen_Compressor_hydrogenPipelineOnshore_highP_hydrogenPipelineOnshore_highP
	 - Adding Compressor hydrogen_Compressor_hydrogenPipelineOnshore_highP_Storage_H2_lowP
	 - Adding Compressor hydrogen_Compressor_hydrogenPipelineOnshore_highP_Demand
	 - Adding Compressor hydrogen_Compressor_Electrolyzer_small_hydrogenPipelineOnshore_lowP
	 - Adding Compressor hydrogen_Compressor_Electrolyzer_small_hydrogenPipelineOnshore_highP
	 - Adding Compressor hydrogen_Compressor_Electrolyzer_small_Storage_H2_lowP
	 - Adding Compressor hydrogen_Compressor_Electrolyzer_small_Demand
	 - Adding Compressor hydrogen_Compressor_Storage_H2_lowP_hydrogenPipelineOnshore_lowP
	 - Adding Compressor hydrogen_Compressor_Storage_H2_lowP_hydrogenPipelineOnshore_highP
	 - Adding Compressor hydrogen_Compressor_Storage_H2_lowP_Storage_H2_lowP
	 - Adding Compressor hydrogen_Compressor_Storage_H2_lowP_Demand
	 - Adding Technology Electrolyzer_small
	 - Adding Technology Storage_H2_lowP
			gdp.bigm Transformation...
			gdp.bigm Transformation completed in 4 s
	 - Adding Compressor hydrogen_Compressor_hydrogenPipelineOnshore_lowP_hydrogenPipelineOnshore_lowP
	 - Adding Compressor hydrogen_Compressor_hydrogenPipelineOnshore_lowP_hydrogenPipelineOnshore_highP
	 - Adding Compressor hydrogen_Compressor_hydrogenPipelineOnshore_lowP_Storage_H2_lowP
	 - Adding Compressor hydrogen_Compressor_hydrogenPipelineOnshore_lowP_Demand
	 - Adding Compressor hydrogen_Compressor_hydrogenPipelineOnshore_highP_hydrogenPipelineOnshore_lowP
	 - Adding Compressor hydrogen_Compressor_hydrogenPipelineOnshore_highP_hydrogenPipelineOnshore_highP
	 - Adding Compressor hydrogen_Compressor_hydrogenPipelineOnshore_highP_Storage_H2_lowP
	 - Adding Compressor hydrogen_Compressor_hydrogenPipelineOnshore_highP_Demand
	 - Adding Compressor hydrogen_Compressor_Electrolyzer_small_hydrogenPipelineOnshore_lowP
	 - Adding Compressor hydrogen_Compressor_Electrolyzer_small_hydrogenPipelineOnshore_highP
	 - Adding Compressor hydrogen_Compressor_Electrolyzer_small_Storage_H2_lowP
	 - Adding Compressor hydrogen_Compressor_Electrolyzer_small_Demand
	 - Adding Compressor hydrogen_Compressor_Storage_H2_lowP_hydrogenPipelineOnshore_lowP
	 - Adding Compressor hydrogen_Compressor_Storage_H2_lowP_hydrogenPipelineOnshore_highP
	 - Adding Compressor hydrogen_Compressor_Storage_H2_lowP_Storage_H2_lowP
	 - Adding Compressor hydrogen_Compressor_Storage_H2_lowP_Demand
	 - Adding Technology Storage_H2_Cavern_existing
			gdp.bigm Transformation...
			gdp.bigm Transformation completed in 4 s
	 - Adding Compressor hydrogen_Compressor_hydrogenPipelineOnshore_lowP_hydrogenPipelineOnshore_lowP
	 - Adding Compressor hydrogen_Compressor_hydrogenPipelineOnshore_lowP_hydrogenPipelineOnshore_highP
	 - Adding Compressor hydrogen_Compressor_hydrogenPipelineOnshore_lowP_Storage_H2_Cavern_existing
	 - Adding Compressor hydrogen_Compressor_hydrogenPipelineOnshore_highP_hydrogenPipelineOnshore_lowP
	 - Adding Compressor hydrogen_Compressor_hydrogenPipelineOnshore_highP_hydrogenPipelineOnshore_highP
	 - Adding Compressor hydrogen_Compressor_hydrogenPipelineOnshore_highP_Storage_H2_Cavern_existing
	 - Adding Compressor hydrogen_Compressor_Storage_H2_Cavern_existing_hydrogenPipelineOnshore_lowP
	 - Adding Compressor hydrogen_Compressor_Storage_H2_Cavern_existing_hydrogenPipelineOnshore_highP
	 - Adding Compressor hydrogen_Compressor_Storage_H2_Cavern_existing_Storage_H2_Cavern_existing_existing
Constructing model completed in 606s
Constructing balances...
Constructing balances completed in 19s
Set objective on infrastructure due to willingness to pay
Set parameter OutputFlag to value 1
Set parameter LogFile to value "/gpfs/home3/scur1696/AdOpT-NET0-RegToNation/generic_node_optimization/results/parallel_creation_test_20251124_002357/task_002/t002_parallel_run_0006/userData/20251124011720-1/solver_log.txt"
Solver log file: /gpfs/home3/scur1696/AdOpT-NET0-RegToNation/generic_node_optimization/results/parallel_creation_test_20251124_002357/task_002/t002_parallel_run_0006/userData/20251124011720-1/solver_log.txt
Set parameter TimeLimit to value 180000
Set parameter MIPGap to value 0.01
Set parameter MIPFocus to value 0
Set parameter Threads to value 12
Set parameter NodefileStart to value 60
Set parameter Method to value -1
Set parameter Heuristics to value 0.05
Set parameter Presolve to value 1
Set parameter BranchDir to value 0
Set parameter LPWarmStart to value 0
Set parameter IntFeasTol to value 1e-05
Set parameter FeasibilityTol to value 1e-06
Set parameter Cuts to value -1
Set parameter NumericFocus to value 0
Gurobi Optimizer version 13.0.0 build v13.0.0rc1 (linux64 - "Red Hat Enterprise Linux 9.4 (Plow)")

CPU model: AMD EPYC 9654 96-Core Processor, instruction set [SSE2|AVX|AVX2|AVX512]
Thread count: 192 physical cores, 192 logical processors, using up to 12 threads

Non-default parameters:
TimeLimit  180000
MIPGap  0.01
LPWarmStart  0
NodefileStart  60
Presolve  1
Threads  12

Academic license 2729390 - for non-commercial use only - registered to m.___@uu.nl
Optimize a model with 9050179 rows, 6728544 columns and 21385595 nonzeros (Min)
Model fingerprint: 0x5ea0b6e2
Model has 1 linear objective coefficients
Variable types: 5869892 continuous, 858652 integer (858652 binary)
Coefficient statistics:
  Matrix range     [2e-03, 2e+08]
  Objective range  [1e+00, 1e+00]
  Bounds range     [5e-02, 6e+08]
  RHS range        [1e+00, 5e+09]
Warning: Model contains large matrix coefficients
Warning: Model contains large rhs
         Consider reformulating model or setting NumericFocus parameter
         to avoid numerical issues.
   41823 DPushes remaining with DInf 0.0000000e+00               366s
       0 DPushes remaining with DInf 0.0000000e+00               369s
Warning: Markowitz tolerance tightened to 0.5

  195977 PPushes remaining with PInf 2.4147544e-04               370s
  128084 PPushes remaining with PInf 7.6867666e-04               371s
   69590 PPushes remaining with PInf 5.3725395e-04               375s
Presolve removed 5361748 rows and 3924941 columns (presolve time = 5s)...
   53431 PPushes remaining with PInf 3.0063106e-04               380s
Presolve removed 5528318 rows and 4082751 columns (presolve time = 10s)...
   36480 PPushes remaining with PInf 2.3615188e-05               385s
Presolve removed 5528318 rows and 4082751 columns (presolve time = 15s)...
   23306 PPushes remaining with PInf 1.7717267e-05               390s
Presolve removed 5528318 rows and 4082751 columns (presolve time = 20s)...
    8602 PPushes remaining with PInf 1.1338729e-05               395s
Presolve removed 5528318 rows and 4082751 columns (presolve time = 26s)...
       0 PPushes remaining with PInf 0.0000000e+00               399s

  Push phase complete: Pinf 0.0000000e+00, Dinf 1.9623617e+06    399s


Root simplex log...

Iteration    Objective       Primal Inf.    Dual Inf.      Time
  420451    8.6467595e+07   0.000000e+00   1.962362e+06    400s
Presolve removed 5545984 rows and 4161642 columns (presolve time = 30s)...
  421281    8.6467595e+07   0.000000e+00   1.617896e-03    403s
  421319    8.6467595e+07   0.000000e+00   0.000000e+00    405s
Crossover time: 110.88 seconds (92.17 work units)
Concurrent spin time: 0.02s

Solved with barrier
Presolve removed 5554859 rows and 4161684 columns (presolve time = 35s)...
  421319    8.6467595e+07   0.000000e+00   0.000000e+00    407s

Root relaxation: objective 8.646759e+07, 421319 iterations, 325.74 seconds (235.74 work units)
Presolve removed 5554859 rows and 4161684 columns (presolve time = 40s)...
Presolve removed 5554859 rows and 4161684 columns
Presolve time: 41.68s
Presolved: 3495320 rows, 2566860 columns, 11519758 nonzeros
Variable types: 2137576 continuous, 429284 integer (429284 binary)
Waiting for other threads to finish...        2771s
Waiting for other threads to finish...        2834s
Deterministic concurrent LP optimizer: primal simplex, dual simplex, and barrier
Showing barrier log only...

Root barrier log...

Ordering time: 3.08s

Barrier statistics:
 Dense cols : 103
 AA' NZ     : 1.544e+07
 Factor NZ  : 6.646e+07 (roughly 2.7 GB of memory)
 Factor Ops : 4.437e+09 (less than 1 second per iteration)
 Threads    : 9

                  Objective                Residual
Iter       Primal          Dual         Primal    Dual     Compl     Time
   0   1.58703497e+10 -2.55106971e+11  5.37e+09 1.16e+01  9.85e+07   160s
   1   1.69392998e+10 -5.71518975e+11  5.20e+09 5.14e+01  9.37e+07   162s
   2   1.07678499e+10 -4.87328559e+11  3.02e+09 1.20e+00  5.52e+07   164s
   3   4.51990591e+09 -4.34842489e+11  7.35e+08 3.19e-06  1.36e+07   166s
   4   2.91083882e+09 -3.43313423e+11  1.73e+07 2.86e-06  3.68e+05   169s
   5   2.91251262e+09 -3.26648729e+11  1.63e+07 2.74e-06  3.46e+05   170s
   6   2.92234201e+09 -1.84015998e+11  1.35e+07 2.71e-06  2.54e+05   172s
   7   2.85446561e+09 -1.67567095e+11  7.17e+06 4.69e-06  1.45e+05   173s
   8   2.42944152e+09 -1.44086447e+11  4.31e+06 4.83e-06  9.12e+04   175s
   9   1.81529124e+09 -1.13464454e+11  2.69e+06 8.82e-06  5.99e+04   179s
  10   1.65392298e+09 -8.20527652e+10  2.34e+06 7.11e-06  4.74e+04   181s
Waiting for other threads to finish...        2897s
  11   9.26532137e+08 -5.82571908e+10  7.02e+05 1.51e-05  1.88e+04   183s
  12   6.76074892e+08 -3.55765511e+10  1.21e+05 6.60e-05  6.96e+03   184s
  13   6.49775885e+08 -1.51368246e+10  6.34e+04 5.84e-04  2.85e+03   186s
  14   6.06797205e+08 -6.46833692e+09  3.39e+03 1.61e-04  1.10e+03   188s
  15   5.65348160e+08 -3.34006977e+09  1.32e+01 7.91e-05  5.98e+02   190s
  16   5.22518444e+08 -1.73801311e+09  2.90e+00 4.34e-05  3.46e+02   192s

    Nodes    |    Current Node    |     Objective Bounds      |     Work
 Expl Unexpl |  Obj  Depth IntInf | Incumbent    BestBd   Gap | It/Node Time

     0     0 8.6468e+07    0    5          - 8.6468e+07      -     -  557s
  17   4.62338057e+08 -1.28863497e+09  1.48e+00 3.36e-05  2.68e+02   194s
  18   3.13059247e+08 -9.53868445e+08  5.60e-01 2.60e-05  1.94e+02   197s
  19   2.93710649e+08 -3.60434503e+08  4.97e-01 1.00e-05  1.00e+02   199s
  20   2.73392213e+08 -3.23111616e+08  4.51e-01 9.17e-06  9.13e+01   201s
  21   2.26585638e+08 -1.55475094e+08  3.61e-01 4.85e-06  5.85e+01   203s
  22   2.23792889e+08 -8.10434494e+07  3.49e-01 3.26e-06  4.66e+01   205s
  23   1.35370897e+08 -2.99842108e+07  1.63e-01 1.92e-06  2.53e+01   207s
  24   1.23607045e+08 -8.66686922e+06  1.39e-01 1.42e-06  2.02e+01   210s
  25   1.20811579e+08 -4.09369687e+06  1.34e-01 1.33e-06  1.91e+01   212s
  26   1.20381164e+08 -1.00068163e+05  1.31e-01 1.25e-06  1.84e+01   216s
  27   1.11934507e+08  3.42553069e+07  1.01e-01 7.37e-07  1.19e+01   219s
  28   9.62381387e+07  5.90265724e+07  5.84e-02 2.50e-07  5.69e+00   222s
  29   8.79666997e+07  6.17169255e+07  3.99e-02 2.03e-07  4.02e+00   225s
H    0     0                    1.061817e+08 8.6468e+07  18.6%     -  591s
  30   8.68883550e+07  6.44373834e+07  3.75e-02 1.45e-07  3.44e+00   227s
  31   8.56491583e+07  6.53223797e+07  3.49e-02 1.26e-07  3.11e+00   229s
  32   8.28477631e+07  6.54853278e+07  2.80e-02 1.22e-07  2.66e+00   231s
  33   8.02552904e+07  6.73800056e+07  2.19e-02 8.05e-08  1.97e+00   233s
  34   7.88560588e+07  6.93263748e+07  1.78e-02 4.63e-08  1.46e+00   236s
  35   7.44623079e+07  7.05101420e+07  5.81e-03 2.54e-08  6.05e-01   239s
  36   7.25863206e+07  7.17750246e+07  9.29e-04 4.54e-09  1.24e-01   243s
Waiting for other threads to finish...        2960s
  37   7.22271721e+07  7.19752492e+07  2.39e-04 1.10e-09  3.85e-02   246s
  38   7.21625170e+07  7.20228674e+07  1.35e-04 1.94e-09  2.14e-02   249s
  39   7.21342439e+07  7.20424103e+07  9.15e-05 9.31e-10  1.40e-02   251s
  40   7.21136072e+07  7.20547180e+07  6.06e-05 4.12e-10  9.01e-03   253s
  41   7.21002296e+07  7.20612189e+07  4.12e-05 7.00e-10  5.97e-03   255s
  42   7.20902191e+07  7.20654175e+07  2.69e-05 5.95e-09  3.79e-03   257s
H    0     0                    9.761846e+07 8.6468e+07  11.4%     -  623s
  43   7.20805721e+07  7.20679401e+07  1.32e-05 4.61e-09  1.93e-03   258s
  44   7.20771234e+07  7.20692624e+07  8.56e-06 9.56e-09  1.20e-03   260s
H    0     0                    8.649847e+07 8.6468e+07  0.04%     -  625s

Explored 1 nodes (601674 simplex iterations) in 627.08 seconds (450.27 work units)
Thread count was 12 (of 192 available processors)

Solution count 3: 8.64985e+07 9.76185e+07 1.06182e+08 

Optimal solution found (tolerance 1.00e-02)
Warning: max constraint violation (7.6971e-04) exceeds tolerance
Best objective 8.649847345257e+07, best bound 8.646759473261e+07, gap 0.0357%
  45   7.20753095e+07  7.20698294e+07  6.15e-06 1.18e-08  8.38e-04   262s
Set parameter LogFile to value ""
  46   7.20736456e+07  7.20701102e+07  3.90e-06 5.38e-09  5.41e-04   264s
  47   7.20724283e+07  7.20702508e+07  2.24e-06 4.61e-09  3.33e-04   266s
  48   7.20715668e+07  7.20704354e+07  1.17e-06 9.31e-10  1.73e-04   268s
  49   7.20711728e+07  7.20705564e+07  7.00e-07 1.79e-09  9.43e-05   270s
  50   7.20708991e+07  7.20706071e+07  1.52e-07 6.55e-10  4.46e-05   272s
  51   7.20707691e+07  7.20706442e+07  1.71e-07 1.37e-09  1.91e-05   274s
  52   7.20707048e+07  7.20706632e+07  1.41e-08 3.17e-10  6.36e-06   277s
  53   7.20706877e+07  7.20706726e+07  3.19e-07 1.43e-09  2.32e-06   281s
  54   7.20706783e+07  7.20706748e+07  5.59e-07 7.57e-10  5.43e-07   284s
  55   7.20706761e+07  7.20706751e+07  9.22e-08 3.39e-09  1.58e-07   286s
  56   7.20706754e+07  7.20706751e+07  2.10e-07 3.08e-08  4.13e-08   288s
  57   7.20706751e+07  7.20706751e+07  1.42e-07 4.65e-08  1.46e-09   290s

Barrier solved model in 57 iterations and 290.51 seconds (240.55 work units)
Optimal objective 7.20706751e+07


Root crossover log...

  250522 DPushes remaining with DInf 1.4006241e-06               293s
   87690 DPushes remaining with DInf 0.0000000e+00               296s
   64342 DPushes remaining with DInf 0.0000000e+00               301s
   52413 DPushes remaining with DInf 0.0000000e+00               305s
Waiting for other threads to finish...        3024s
   49923 DPushes remaining with DInf 0.0000000e+00               311s
   48263 DPushes remaining with DInf 0.0000000e+00               315s
   45773 DPushes remaining with DInf 0.0000000e+00               322s
   44113 DPushes remaining with DInf 0.0000000e+00               326s
   42453 DPushes remaining with DInf 0.0000000e+00               331s
   40793 DPushes remaining with DInf 0.0000000e+00               337s
   39133 DPushes remaining with DInf 0.0000000e+00               343s
   36643 DPushes remaining with DInf 0.0000000e+00               345s
       0 DPushes remaining with DInf 0.0000000e+00               347s
Warning: Markowitz tolerance tightened to 0.5

  186567 PPushes remaining with PInf 0.0000000e+00               347s
  163949 PPushes remaining with PInf 0.0000000e+00               350s
  149226 PPushes remaining with PInf 1.0198886e-04               355s
  136568 PPushes remaining with PInf 3.0840181e-05               361s
  129928 PPushes remaining with PInf 3.0840181e-05               365s
  115851 PPushes remaining with PInf 3.0840181e-05               370s
Waiting for other threads to finish...        3087s
   99470 PPushes remaining with PInf 3.0840181e-05               376s
   83166 PPushes remaining with PInf 3.0840181e-05               380s
   66275 PPushes remaining with PInf 0.0000000e+00               386s
   53867 PPushes remaining with PInf 0.0000000e+00               390s
   41135 PPushes remaining with PInf 0.0000000e+00               396s
   34127 PPushes remaining with PInf 0.0000000e+00               401s
   23606 PPushes remaining with PInf 0.0000000e+00               405s
    9266 PPushes remaining with PInf 0.0000000e+00               410s
# ==========================================================
# = Solver Results                                         =
# ==========================================================
# ----------------------------------------------------------
#   Problem Information
# ----------------------------------------------------------
Problem: 
- Name: unknown
  Lower bound: 86467594.73261093
  Upper bound: 86498473.45257035
  Number of objectives: 1
  Number of constraints: 9050179
  Number of variables: 6728544
  Number of binary variables: 858652
  Number of integer variables: 858652
  Number of continuous variables: 5011240
  Number of nonzeros: 21385595
  Sense: minimize
  Number of solutions: 3
# ----------------------------------------------------------
#   Solver Information
# ----------------------------------------------------------
Solver: 
- Name: Gurobi 13.00
  Status: ok
  Wallclock time: 627.2564270496368
  Termination condition: optimal
  Termination message: Model was solved to optimality (subject to tolerances), and an optimal solution is available.
# ----------------------------------------------------------
#   Solution Information
# ----------------------------------------------------------
Solution: 
- number of solutions: 0
  number of solutions displayed: 0
Writing results to /gpfs/home3/scur1696/AdOpT-NET0-RegToNation/generic_node_optimization/results/parallel_creation_test_20251124_002357/task_002/t002_parallel_run_0007/userData/20251124011117-1
[SUCCESS] Solved: t002_parallel_run_0007
[SOLVING] t002_parallel_run_0009
Set parameter Threads to value 12
       0 PPushes remaining with PInf 0.0000000e+00               414s

  Push phase complete: Pinf 0.0000000e+00, Dinf 1.3712333e-09    414s


Root simplex log...

Iteration    Objective       Primal Inf.    Dual Inf.      Time
  391815    7.2070675e+07   0.000000e+00   0.000000e+00    415s
Crossover time: 124.21 seconds (137.08 work units)
  [CONFIG] Gurobi default env configured: 12 threads per worker
--- Reading in data ---
Input data folder has been checked successfully - no errors occurred.
--- Reading in data complete ---
--- Constructing Model ---
[ERROR] Error solving t002_parallel_run_0009: The solver you are trying to use is not available. This could be due to the following two reasons: (1) it is not implemented (currently AdOpT-NET0 supports gurobi and glpk. (2) If you are using gurobi, make sure that the gurobipy version installed matches the gurobi version installed.
[SOLVING] t002_parallel_run_0010
Set parameter Threads to value 12
  [CONFIG] Gurobi default env configured: 12 threads per worker
--- Reading in data ---
Input data folder has been checked successfully - no errors occurred.
--- Reading in data complete ---
--- Constructing Model ---
[ERROR] Error solving t002_parallel_run_0010: The solver you are trying to use is not available. This could be due to the following two reasons: (1) it is not implemented (currently AdOpT-NET0 supports gurobi and glpk. (2) If you are using gurobi, make sure that the gurobipy version installed matches the gurobi version installed.
[SOLVING] t002_parallel_run_0011
Set parameter Threads to value 12
  [CONFIG] Gurobi default env configured: 12 threads per worker
--- Reading in data ---
Input data folder has been checked successfully - no errors occurred.
--- Reading in data complete ---
--- Constructing Model ---
[ERROR] Error solving t002_parallel_run_0011: The solver you are trying to use is not available. This could be due to the following two reasons: (1) it is not implemented (currently AdOpT-NET0 supports gurobi and glpk. (2) If you are using gurobi, make sure that the gurobipy version installed matches the gurobi version installed.
[SOLVING] t002_parallel_run_0012
Set parameter Threads to value 12
Waiting for other threads to finish...        3150s
Concurrent spin time: 35.02s (can be avoided by choosing Method=3)

Solved with barrier
  391815    7.2070675e+07   0.000000e+00   0.000000e+00    452s

Root relaxation: objective 7.207068e+07, 391815 iterations, 306.71 seconds (235.25 work units)
Waiting for other threads to finish...        3213s
Waiting for other threads to finish...        3276s
Waiting for other threads to finish...        3340s
Waiting for other threads to finish...        3403s
Waiting for other threads to finish...        3466s
Waiting for other threads to finish...        3529s
Waiting for other threads to finish...        3592s
Waiting for other threads to finish...        3655s
  [CONFIG] Gurobi default env configured: 12 threads per worker
--- Reading in data ---
Input data folder has been checked successfully - no errors occurred.
--- Reading in data complete ---
--- Constructing Model ---
Constructing Investment Period period1
Constructing Investment Period period1 completed
	 - Constructing Network hydrogenPipelineOnshore_lowP
			gdp.bigm Transformation...
			gdp.bigm Transformation completed in 0 s
		 - Constructing Arc BIG1 - BIG2 completed
			gdp.bigm Transformation...
			gdp.bigm Transformation completed in 0 s
		 - Constructing Arc BIG1 - SMALL1 completed
			gdp.bigm Transformation...
			gdp.bigm Transformation completed in 0 s
		 - Constructing Arc BIG1 - SMALL2 completed
			gdp.bigm Transformation...
			gdp.bigm Transformation completed in 0 s
		 - Constructing Arc BIG1 - SMALL3 completed
			gdp.bigm Transformation...
			gdp.bigm Transformation completed in 0 s
		 - Constructing Arc BIG1 - SMALL4 completed
			gdp.bigm Transformation...
			gdp.bigm Transformation completed in 0 s
		 - Constructing Arc BIG1 - STORAGE completed
			gdp.bigm Transformation...
			gdp.bigm Transformation completed in 0 s
		 - Constructing Arc BIG2 - BIG1 completed
			gdp.bigm Transformation...
			gdp.bigm Transformation completed in 0 s
		 - Constructing Arc BIG2 - SMALL1 completed
			gdp.bigm Transformation...
			gdp.bigm Transformation completed in 0 s
		 - Constructing Arc BIG2 - SMALL2 completed
			gdp.bigm Transformation...
			gdp.bigm Transformation completed in 0 s
		 - Constructing Arc BIG2 - SMALL3 completed
			gdp.bigm Transformation...
			gdp.bigm Transformation completed in 0 s
		 - Constructing Arc BIG2 - SMALL4 completed
			gdp.bigm Transformation...
			gdp.bigm Transformation completed in 0 s
		 - Constructing Arc BIG2 - STORAGE completed
			gdp.bigm Transformation...
			gdp.bigm Transformation completed in 0 s
		 - Constructing Arc SMALL1 - BIG1 completed
			gdp.bigm Transformation...
			gdp.bigm Transformation completed in 0 s
		 - Constructing Arc SMALL1 - BIG2 completed
			gdp.bigm Transformation...
			gdp.bigm Transformation completed in 0 s
		 - Constructing Arc SMALL1 - SMALL2 completed
			gdp.bigm Transformation...
			gdp.bigm Transformation completed in 0 s
		 - Constructing Arc SMALL1 - SMALL3 completed
			gdp.bigm Transformation...
			gdp.bigm Transformation completed in 0 s
		 - Constructing Arc SMALL1 - SMALL4 completed
			gdp.bigm Transformation...
			gdp.bigm Transformation completed in 0 s
		 - Constructing Arc SMALL1 - STORAGE completed
			gdp.bigm Transformation...
			gdp.bigm Transformation completed in 0 s
		 - Constructing Arc SMALL2 - BIG1 completed
			gdp.bigm Transformation...
			gdp.bigm Transformation completed in 0 s
		 - Constructing Arc SMALL2 - BIG2 completed
			gdp.bigm Transformation...
			gdp.bigm Transformation completed in 0 s
		 - Constructing Arc SMALL2 - SMALL1 completed
			gdp.bigm Transformation...
			gdp.bigm Transformation completed in 0 s
		 - Constructing Arc SMALL2 - SMALL3 completed
			gdp.bigm Transformation...
			gdp.bigm Transformation completed in 0 s
		 - Constructing Arc SMALL2 - SMALL4 completed
			gdp.bigm Transformation...
			gdp.bigm Transformation completed in 0 s
		 - Constructing Arc SMALL2 - STORAGE completed
			gdp.bigm Transformation...
			gdp.bigm Transformation completed in 0 s
		 - Constructing Arc SMALL3 - BIG1 completed
			gdp.bigm Transformation...
			gdp.bigm Transformation completed in 0 s
		 - Constructing Arc SMALL3 - BIG2 completed
			gdp.bigm Transformation...
			gdp.bigm Transformation completed in 0 s
		 - Constructing Arc SMALL3 - SMALL1 completed
			gdp.bigm Transformation...
			gdp.bigm Transformation completed in 0 s
		 - Constructing Arc SMALL3 - SMALL2 completed
			gdp.bigm Transformation...
			gdp.bigm Transformation completed in 0 s
		 - Constructing Arc SMALL3 - SMALL4 completed
			gdp.bigm Transformation...
			gdp.bigm Transformation completed in 0 s
		 - Constructing Arc SMALL3 - STORAGE completed
			gdp.bigm Transformation...
			gdp.bigm Transformation completed in 0 s
		 - Constructing Arc SMALL4 - BIG1 completed
			gdp.bigm Transformation...
			gdp.bigm Transformation completed in 0 s
		 - Constructing Arc SMALL4 - BIG2 completed
			gdp.bigm Transformation...
			gdp.bigm Transformation completed in 0 s
		 - Constructing Arc SMALL4 - SMALL1 completed
			gdp.bigm Transformation...
			gdp.bigm Transformation completed in 0 s
		 - Constructing Arc SMALL4 - SMALL2 completed
			gdp.bigm Transformation...
			gdp.bigm Transformation completed in 0 s
		 - Constructing Arc SMALL4 - SMALL3 completed
			gdp.bigm Transformation...
			gdp.bigm Transformation completed in 0 s
		 - Constructing Arc SMALL4 - STORAGE completed
			gdp.bigm Transformation...
			gdp.bigm Transformation completed in 0 s
		 - Constructing Arc STORAGE - BIG1 completed
			gdp.bigm Transformation...
			gdp.bigm Transformation completed in 0 s
		 - Constructing Arc STORAGE - BIG2 completed
			gdp.bigm Transformation...
			gdp.bigm Transformation completed in 0 s
		 - Constructing Arc STORAGE - SMALL1 completed
			gdp.bigm Transformation...
			gdp.bigm Transformation completed in 0 s
		 - Constructing Arc STORAGE - SMALL2 completed
			gdp.bigm Transformation...
			gdp.bigm Transformation completed in 0 s
		 - Constructing Arc STORAGE - SMALL3 completed
			gdp.bigm Transformation...
			gdp.bigm Transformation completed in 0 s
		 - Constructing Arc STORAGE - SMALL4 completed
	 - Constructing Network hydrogenPipelineOnshore_lowP completed
			gdp.bigm Transformation...
			gdp.bigm Transformation completed in 78 s
	 - Constructing Network hydrogenPipelineOnshore_highP
			gdp.bigm Transformation...
			gdp.bigm Transformation completed in 0 s
		 - Constructing Arc BIG1 - BIG2 completed
			gdp.bigm Transformation...
			gdp.bigm Transformation completed in 0 s
		 - Constructing Arc BIG1 - SMALL1 completed
			gdp.bigm Transformation...
			gdp.bigm Transformation completed in 0 s
		 - Constructing Arc BIG1 - SMALL2 completed
			gdp.bigm Transformation...
			gdp.bigm Transformation completed in 0 s
		 - Constructing Arc BIG1 - SMALL3 completed
			gdp.bigm Transformation...
			gdp.bigm Transformation completed in 0 s
		 - Constructing Arc BIG1 - SMALL4 completed
			gdp.bigm Transformation...
			gdp.bigm Transformation completed in 0 s
		 - Constructing Arc BIG1 - STORAGE completed
			gdp.bigm Transformation...
			gdp.bigm Transformation completed in 0 s
		 - Constructing Arc BIG2 - BIG1 completed
			gdp.bigm Transformation...
			gdp.bigm Transformation completed in 0 s
		 - Constructing Arc BIG2 - SMALL1 completed
			gdp.bigm Transformation...
			gdp.bigm Transformation completed in 0 s
		 - Constructing Arc BIG2 - SMALL2 completed
			gdp.bigm Transformation...
			gdp.bigm Transformation completed in 0 s
		 - Constructing Arc BIG2 - SMALL3 completed
			gdp.bigm Transformation...
			gdp.bigm Transformation completed in 0 s
		 - Constructing Arc BIG2 - SMALL4 completed
			gdp.bigm Transformation...
			gdp.bigm Transformation completed in 0 s
		 - Constructing Arc BIG2 - STORAGE completed
			gdp.bigm Transformation...
			gdp.bigm Transformation completed in 0 s
		 - Constructing Arc SMALL1 - BIG1 completed
			gdp.bigm Transformation...
			gdp.bigm Transformation completed in 0 s
		 - Constructing Arc SMALL1 - BIG2 completed
			gdp.bigm Transformation...
			gdp.bigm Transformation completed in 0 s
		 - Constructing Arc SMALL1 - SMALL2 completed
			gdp.bigm Transformation...
			gdp.bigm Transformation completed in 0 s
		 - Constructing Arc SMALL1 - SMALL3 completed
			gdp.bigm Transformation...
			gdp.bigm Transformation completed in 0 s
		 - Constructing Arc SMALL1 - SMALL4 completed
			gdp.bigm Transformation...
			gdp.bigm Transformation completed in 0 s
		 - Constructing Arc SMALL1 - STORAGE completed
			gdp.bigm Transformation...
			gdp.bigm Transformation completed in 0 s
		 - Constructing Arc SMALL2 - BIG1 completed
			gdp.bigm Transformation...
			gdp.bigm Transformation completed in 0 s
		 - Constructing Arc SMALL2 - BIG2 completed
			gdp.bigm Transformation...
			gdp.bigm Transformation completed in 0 s
		 - Constructing Arc SMALL2 - SMALL1 completed
			gdp.bigm Transformation...
			gdp.bigm Transformation completed in 0 s
		 - Constructing Arc SMALL2 - SMALL3 completed
			gdp.bigm Transformation...
			gdp.bigm Transformation completed in 0 s
		 - Constructing Arc SMALL2 - SMALL4 completed
			gdp.bigm Transformation...
			gdp.bigm Transformation completed in 0 s
		 - Constructing Arc SMALL2 - STORAGE completed
			gdp.bigm Transformation...
			gdp.bigm Transformation completed in 0 s
		 - Constructing Arc SMALL3 - BIG1 completed
			gdp.bigm Transformation...
			gdp.bigm Transformation completed in 0 s
		 - Constructing Arc SMALL3 - BIG2 completed
			gdp.bigm Transformation...
			gdp.bigm Transformation completed in 0 s
		 - Constructing Arc SMALL3 - SMALL1 completed
			gdp.bigm Transformation...
			gdp.bigm Transformation completed in 0 s
		 - Constructing Arc SMALL3 - SMALL2 completed
			gdp.bigm Transformation...
			gdp.bigm Transformation completed in 0 s
		 - Constructing Arc SMALL3 - SMALL4 completed
			gdp.bigm Transformation...
			gdp.bigm Transformation completed in 0 s
		 - Constructing Arc SMALL3 - STORAGE completed
			gdp.bigm Transformation...
			gdp.bigm Transformation completed in 0 s
		 - Constructing Arc SMALL4 - BIG1 completed
			gdp.bigm Transformation...
			gdp.bigm Transformation completed in 0 s
		 - Constructing Arc SMALL4 - BIG2 completed
			gdp.bigm Transformation...
			gdp.bigm Transformation completed in 0 s
		 - Constructing Arc SMALL4 - SMALL1 completed
			gdp.bigm Transformation...
			gdp.bigm Transformation completed in 0 s
		 - Constructing Arc SMALL4 - SMALL2 completed
			gdp.bigm Transformation...
			gdp.bigm Transformation completed in 0 s
		 - Constructing Arc SMALL4 - SMALL3 completed
			gdp.bigm Transformation...
			gdp.bigm Transformation completed in 0 s
		 - Constructing Arc SMALL4 - STORAGE completed
			gdp.bigm Transformation...
			gdp.bigm Transformation completed in 0 s
		 - Constructing Arc STORAGE - BIG1 completed
			gdp.bigm Transformation...
			gdp.bigm Transformation completed in 0 s
		 - Constructing Arc STORAGE - BIG2 completed
			gdp.bigm Transformation...
			gdp.bigm Transformation completed in 0 s
		 - Constructing Arc STORAGE - SMALL1 completed
			gdp.bigm Transformation...
			gdp.bigm Transformation completed in 0 s
		 - Constructing Arc STORAGE - SMALL2 completed
			gdp.bigm Transformation...
			gdp.bigm Transformation completed in 0 s
		 - Constructing Arc STORAGE - SMALL3 completed
			gdp.bigm Transformation...
			gdp.bigm Transformation completed in 0 s
		 - Constructing Arc STORAGE - SMALL4 completed
	 - Constructing Network hydrogenPipelineOnshore_highP completed
			gdp.bigm Transformation...
			gdp.bigm Transformation completed in 78 s
	 - Adding Technology Electrolyzer_big
			gdp.bigm Transformation...
			gdp.bigm Transformation completed in 0 s
	 - Adding Technology Storage_H2_highP
			gdp.bigm Transformation...
			gdp.bigm Transformation completed in 4 s
	 - Adding Compressor hydrogen_Compressor_hydrogenPipelineOnshore_lowP_hydrogenPipelineOnshore_lowP
	 - Adding Compressor hydrogen_Compressor_hydrogenPipelineOnshore_lowP_hydrogenPipelineOnshore_highP
	 - Adding Compressor hydrogen_Compressor_hydrogenPipelineOnshore_lowP_Storage_H2_highP
	 - Adding Compressor hydrogen_Compressor_hydrogenPipelineOnshore_lowP_Demand
	 - Adding Compressor hydrogen_Compressor_hydrogenPipelineOnshore_highP_hydrogenPipelineOnshore_lowP
	 - Adding Compressor hydrogen_Compressor_hydrogenPipelineOnshore_highP_hydrogenPipelineOnshore_highP
	 - Adding Compressor hydrogen_Compressor_hydrogenPipelineOnshore_highP_Storage_H2_highP
	 - Adding Compressor hydrogen_Compressor_hydrogenPipelineOnshore_highP_Demand
	 - Adding Compressor hydrogen_Compressor_Electrolyzer_big_hydrogenPipelineOnshore_lowP
	 - Adding Compressor hydrogen_Compressor_Electrolyzer_big_hydrogenPipelineOnshore_highP
	 - Adding Compressor hydrogen_Compressor_Electrolyzer_big_Storage_H2_highP
	 - Adding Compressor hydrogen_Compressor_Electrolyzer_big_Demand
	 - Adding Compressor hydrogen_Compressor_Storage_H2_highP_hydrogenPipelineOnshore_lowP
	 - Adding Compressor hydrogen_Compressor_Storage_H2_highP_hydrogenPipelineOnshore_highP
	 - Adding Compressor hydrogen_Compressor_Storage_H2_highP_Storage_H2_highP
	 - Adding Compressor hydrogen_Compressor_Storage_H2_highP_Demand
	 - Adding Compressor hydrogen_Compressor_Import_hydrogenPipelineOnshore_lowP
	 - Adding Compressor hydrogen_Compressor_Import_hydrogenPipelineOnshore_highP
	 - Adding Compressor hydrogen_Compressor_Import_Storage_H2_highP
	 - Adding Compressor hydrogen_Compressor_Import_Demand_existing
	 - Adding Technology Electrolyzer_big
			gdp.bigm Transformation...
			gdp.bigm Transformation completed in 0 s
	 - Adding Technology Storage_H2_highP
			gdp.bigm Transformation...
			gdp.bigm Transformation completed in 4 s
	 - Adding Compressor hydrogen_Compressor_hydrogenPipelineOnshore_lowP_hydrogenPipelineOnshore_lowP
	 - Adding Compressor hydrogen_Compressor_hydrogenPipelineOnshore_lowP_hydrogenPipelineOnshore_highP
	 - Adding Compressor hydrogen_Compressor_hydrogenPipelineOnshore_lowP_Storage_H2_highP
	 - Adding Compressor hydrogen_Compressor_hydrogenPipelineOnshore_lowP_Demand
	 - Adding Compressor hydrogen_Compressor_hydrogenPipelineOnshore_highP_hydrogenPipelineOnshore_lowP
	 - Adding Compressor hydrogen_Compressor_hydrogenPipelineOnshore_highP_hydrogenPipelineOnshore_highP
	 - Adding Compressor hydrogen_Compressor_hydrogenPipelineOnshore_highP_Storage_H2_highP
	 - Adding Compressor hydrogen_Compressor_hydrogenPipelineOnshore_highP_Demand
	 - Adding Compressor hydrogen_Compressor_Electrolyzer_big_hydrogenPipelineOnshore_lowP
	 - Adding Compressor hydrogen_Compressor_Electrolyzer_big_hydrogenPipelineOnshore_highP
	 - Adding Compressor hydrogen_Compressor_Electrolyzer_big_Storage_H2_highP
	 - Adding Compressor hydrogen_Compressor_Electrolyzer_big_Demand
	 - Adding Compressor hydrogen_Compressor_Storage_H2_highP_hydrogenPipelineOnshore_lowP
	 - Adding Compressor hydrogen_Compressor_Storage_H2_highP_hydrogenPipelineOnshore_highP
	 - Adding Compressor hydrogen_Compressor_Storage_H2_highP_Storage_H2_highP
	 - Adding Compressor hydrogen_Compressor_Storage_H2_highP_Demand
	 - Adding Compressor hydrogen_Compressor_Import_hydrogenPipelineOnshore_lowP
	 - Adding Compressor hydrogen_Compressor_Import_hydrogenPipelineOnshore_highP
	 - Adding Compressor hydrogen_Compressor_Import_Storage_H2_highP
	 - Adding Compressor hydrogen_Compressor_Import_Demand_existing
	 - Adding Technology Electrolyzer_small
	 - Adding Technology Storage_H2_lowP
			gdp.bigm Transformation...
			gdp.bigm Transformation completed in 4 s
	 - Adding Compressor hydrogen_Compressor_hydrogenPipelineOnshore_lowP_hydrogenPipelineOnshore_lowP
	 - Adding Compressor hydrogen_Compressor_hydrogenPipelineOnshore_lowP_hydrogenPipelineOnshore_highP
	 - Adding Compressor hydrogen_Compressor_hydrogenPipelineOnshore_lowP_Storage_H2_lowP
	 - Adding Compressor hydrogen_Compressor_hydrogenPipelineOnshore_lowP_Demand
	 - Adding Compressor hydrogen_Compressor_hydrogenPipelineOnshore_highP_hydrogenPipelineOnshore_lowP
	 - Adding Compressor hydrogen_Compressor_hydrogenPipelineOnshore_highP_hydrogenPipelineOnshore_highP
	 - Adding Compressor hydrogen_Compressor_hydrogenPipelineOnshore_highP_Storage_H2_lowP
	 - Adding Compressor hydrogen_Compressor_hydrogenPipelineOnshore_highP_Demand
	 - Adding Compressor hydrogen_Compressor_Electrolyzer_small_hydrogenPipelineOnshore_lowP
	 - Adding Compressor hydrogen_Compressor_Electrolyzer_small_hydrogenPipelineOnshore_highP
	 - Adding Compressor hydrogen_Compressor_Electrolyzer_small_Storage_H2_lowP
	 - Adding Compressor hydrogen_Compressor_Electrolyzer_small_Demand
	 - Adding Compressor hydrogen_Compressor_Storage_H2_lowP_hydrogenPipelineOnshore_lowP
	 - Adding Compressor hydrogen_Compressor_Storage_H2_lowP_hydrogenPipelineOnshore_highP
	 - Adding Compressor hydrogen_Compressor_Storage_H2_lowP_Storage_H2_lowP
	 - Adding Compressor hydrogen_Compressor_Storage_H2_lowP_Demand
	 - Adding Technology Electrolyzer_small
	 - Adding Technology Storage_H2_lowP
			gdp.bigm Transformation...
			gdp.bigm Transformation completed in 4 s
	 - Adding Compressor hydrogen_Compressor_hydrogenPipelineOnshore_lowP_hydrogenPipelineOnshore_lowP
	 - Adding Compressor hydrogen_Compressor_hydrogenPipelineOnshore_lowP_hydrogenPipelineOnshore_highP
	 - Adding Compressor hydrogen_Compressor_hydrogenPipelineOnshore_lowP_Storage_H2_lowP
	 - Adding Compressor hydrogen_Compressor_hydrogenPipelineOnshore_lowP_Demand
	 - Adding Compressor hydrogen_Compressor_hydrogenPipelineOnshore_highP_hydrogenPipelineOnshore_lowP
	 - Adding Compressor hydrogen_Compressor_hydrogenPipelineOnshore_highP_hydrogenPipelineOnshore_highP
	 - Adding Compressor hydrogen_Compressor_hydrogenPipelineOnshore_highP_Storage_H2_lowP
	 - Adding Compressor hydrogen_Compressor_hydrogenPipelineOnshore_highP_Demand
	 - Adding Compressor hydrogen_Compressor_Electrolyzer_small_hydrogenPipelineOnshore_lowP
	 - Adding Compressor hydrogen_Compressor_Electrolyzer_small_hydrogenPipelineOnshore_highP
	 - Adding Compressor hydrogen_Compressor_Electrolyzer_small_Storage_H2_lowP
	 - Adding Compressor hydrogen_Compressor_Electrolyzer_small_Demand
	 - Adding Compressor hydrogen_Compressor_Storage_H2_lowP_hydrogenPipelineOnshore_lowP
	 - Adding Compressor hydrogen_Compressor_Storage_H2_lowP_hydrogenPipelineOnshore_highP
	 - Adding Compressor hydrogen_Compressor_Storage_H2_lowP_Storage_H2_lowP
	 - Adding Compressor hydrogen_Compressor_Storage_H2_lowP_Demand
	 - Adding Technology Electrolyzer_small
	 - Adding Technology Storage_H2_lowP
			gdp.bigm Transformation...
			gdp.bigm Transformation completed in 4 s
	 - Adding Compressor hydrogen_Compressor_hydrogenPipelineOnshore_lowP_hydrogenPipelineOnshore_lowP
	 - Adding Compressor hydrogen_Compressor_hydrogenPipelineOnshore_lowP_hydrogenPipelineOnshore_highP
	 - Adding Compressor hydrogen_Compressor_hydrogenPipelineOnshore_lowP_Storage_H2_lowP
	 - Adding Compressor hydrogen_Compressor_hydrogenPipelineOnshore_lowP_Demand
	 - Adding Compressor hydrogen_Compressor_hydrogenPipelineOnshore_highP_hydrogenPipelineOnshore_lowP
	 - Adding Compressor hydrogen_Compressor_hydrogenPipelineOnshore_highP_hydrogenPipelineOnshore_highP
	 - Adding Compressor hydrogen_Compressor_hydrogenPipelineOnshore_highP_Storage_H2_lowP
	 - Adding Compressor hydrogen_Compressor_hydrogenPipelineOnshore_highP_Demand
	 - Adding Compressor hydrogen_Compressor_Electrolyzer_small_hydrogenPipelineOnshore_lowP
	 - Adding Compressor hydrogen_Compressor_Electrolyzer_small_hydrogenPipelineOnshore_highP
	 - Adding Compressor hydrogen_Compressor_Electrolyzer_small_Storage_H2_lowP
	 - Adding Compressor hydrogen_Compressor_Electrolyzer_small_Demand
	 - Adding Compressor hydrogen_Compressor_Storage_H2_lowP_hydrogenPipelineOnshore_lowP
	 - Adding Compressor hydrogen_Compressor_Storage_H2_lowP_hydrogenPipelineOnshore_highP
	 - Adding Compressor hydrogen_Compressor_Storage_H2_lowP_Storage_H2_lowP
	 - Adding Compressor hydrogen_Compressor_Storage_H2_lowP_Demand
	 - Adding Technology Electrolyzer_small
	 - Adding Technology Storage_H2_lowP
			gdp.bigm Transformation...
			gdp.bigm Transformation completed in 4 s
	 - Adding Compressor hydrogen_Compressor_hydrogenPipelineOnshore_lowP_hydrogenPipelineOnshore_lowP
	 - Adding Compressor hydrogen_Compressor_hydrogenPipelineOnshore_lowP_hydrogenPipelineOnshore_highP
	 - Adding Compressor hydrogen_Compressor_hydrogenPipelineOnshore_lowP_Storage_H2_lowP
	 - Adding Compressor hydrogen_Compressor_hydrogenPipelineOnshore_lowP_Demand
	 - Adding Compressor hydrogen_Compressor_hydrogenPipelineOnshore_highP_hydrogenPipelineOnshore_lowP
	 - Adding Compressor hydrogen_Compressor_hydrogenPipelineOnshore_highP_hydrogenPipelineOnshore_highP
	 - Adding Compressor hydrogen_Compressor_hydrogenPipelineOnshore_highP_Storage_H2_lowP
	 - Adding Compressor hydrogen_Compressor_hydrogenPipelineOnshore_highP_Demand
	 - Adding Compressor hydrogen_Compressor_Electrolyzer_small_hydrogenPipelineOnshore_lowP
	 - Adding Compressor hydrogen_Compressor_Electrolyzer_small_hydrogenPipelineOnshore_highP
	 - Adding Compressor hydrogen_Compressor_Electrolyzer_small_Storage_H2_lowP
	 - Adding Compressor hydrogen_Compressor_Electrolyzer_small_Demand
	 - Adding Compressor hydrogen_Compressor_Storage_H2_lowP_hydrogenPipelineOnshore_lowP
	 - Adding Compressor hydrogen_Compressor_Storage_H2_lowP_hydrogenPipelineOnshore_highP
	 - Adding Compressor hydrogen_Compressor_Storage_H2_lowP_Storage_H2_lowP
	 - Adding Compressor hydrogen_Compressor_Storage_H2_lowP_Demand
	 - Adding Technology Storage_H2_Cavern_existing
			gdp.bigm Transformation...
			gdp.bigm Transformation completed in 4 s
	 - Adding Compressor hydrogen_Compressor_hydrogenPipelineOnshore_lowP_hydrogenPipelineOnshore_lowP
	 - Adding Compressor hydrogen_Compressor_hydrogenPipelineOnshore_lowP_hydrogenPipelineOnshore_highP
	 - Adding Compressor hydrogen_Compressor_hydrogenPipelineOnshore_lowP_Storage_H2_Cavern_existing
	 - Adding Compressor hydrogen_Compressor_hydrogenPipelineOnshore_highP_hydrogenPipelineOnshore_lowP
	 - Adding Compressor hydrogen_Compressor_hydrogenPipelineOnshore_highP_hydrogenPipelineOnshore_highP
	 - Adding Compressor hydrogen_Compressor_hydrogenPipelineOnshore_highP_Storage_H2_Cavern_existing
	 - Adding Compressor hydrogen_Compressor_Storage_H2_Cavern_existing_hydrogenPipelineOnshore_lowP
	 - Adding Compressor hydrogen_Compressor_Storage_H2_Cavern_existing_hydrogenPipelineOnshore_highP
	 - Adding Compressor hydrogen_Compressor_Storage_H2_Cavern_existing_Storage_H2_Cavern_existing_existing
Constructing model completed in 645s
Constructing balances...
Constructing balances completed in 19s
Set objective on infrastructure due to willingness to pay
Set parameter OutputFlag to value 1
Set parameter LogFile to value "/gpfs/home3/scur1696/AdOpT-NET0-RegToNation/generic_node_optimization/results/parallel_creation_test_20251124_002357/task_002/t002_parallel_run_0008/userData/20251124013302-1/solver_log.txt"
Solver log file: /gpfs/home3/scur1696/AdOpT-NET0-RegToNation/generic_node_optimization/results/parallel_creation_test_20251124_002357/task_002/t002_parallel_run_0008/userData/20251124013302-1/solver_log.txt
Set parameter TimeLimit to value 180000
Set parameter MIPGap to value 0.01
Set parameter MIPFocus to value 0
Set parameter Threads to value 12
Set parameter NodefileStart to value 60
Set parameter Method to value -1
Set parameter Heuristics to value 0.05
Set parameter Presolve to value 1
Set parameter BranchDir to value 0
Set parameter LPWarmStart to value 0
Set parameter IntFeasTol to value 1e-05
Set parameter FeasibilityTol to value 1e-06
Set parameter Cuts to value -1
Set parameter NumericFocus to value 0
Gurobi Optimizer version 13.0.0 build v13.0.0rc1 (linux64 - "Red Hat Enterprise Linux 9.4 (Plow)")

CPU model: AMD EPYC 9654 96-Core Processor, instruction set [SSE2|AVX|AVX2|AVX512]
Thread count: 192 physical cores, 192 logical processors, using up to 12 threads

Non-default parameters:
TimeLimit  180000
MIPGap  0.01
LPWarmStart  0
NodefileStart  60
Presolve  1
Threads  12

Waiting for other threads to finish...        3719s
Waiting for other threads to finish...        3782s
Waiting for other threads to finish...        3845s
Waiting for other threads to finish...        3908s
Waiting for other threads to finish...        3971s
Waiting for other threads to finish...        4034s
Waiting for other threads to finish...        4097s
Waiting for other threads to finish...        4161s
Waiting for other threads to finish...        4224s
Waiting for other threads to finish...        4287s
Waiting for other threads to finish...        4350s
Waiting for other threads to finish...        4413s
Waiting for other threads to finish...        4477s
Waiting for other threads to finish...        4540s
Waiting for other threads to finish...        4603s
Waiting for other threads to finish...        4666s
Waiting for other threads to finish...        4729s
Waiting for other threads to finish...        4792s
Waiting for other threads to finish...        4855s
Waiting for other threads to finish...        4919s
Waiting for other threads to finish...        4982s

    Nodes    |    Current Node    |     Objective Bounds      |     Work
 Expl Unexpl |  Obj  Depth IntInf | Incumbent    BestBd   Gap | It/Node Time

     0     0 7.2071e+07    0 19315          - 7.2071e+07      -     - 2313s
H    0     0                    8.224885e+07 7.2071e+07  12.4%     - 2328s
Waiting for other threads to finish...        5045s
H    0     0                    8.190261e+07 7.2071e+07  12.0%     - 2343s
H    0     0                    7.857993e+07 7.2071e+07  8.28%     - 2383s
Waiting for other threads to finish...        5108s
H    0     0                    7.209842e+07 7.2071e+07  0.04%     - 2400s

Explored 1 nodes (606521 simplex iterations) in 2401.84 seconds (1646.14 work units)
Thread count was 12 (of 192 available processors)

Solution count 4: 7.20984e+07 7.85799e+07 8.19026e+07 8.22489e+07 

Optimal solution found (tolerance 1.00e-02)
Warning: max constraint violation (3.7546e-04) exceeds tolerance
Best objective 7.209841717821e+07, best bound 7.207067514054e+07, gap 0.0385%
Set parameter LogFile to value ""
Waiting for other threads to finish...        5171s
Waiting for other threads to finish...        5234s
Waiting for other threads to finish...        5298s
Waiting for other threads to finish...        5361s
Waiting for other threads to finish...        5424s
Waiting for other threads to finish...        5487s
Waiting for other threads to finish...        5550s
Waiting for other threads to finish...        5613s
Waiting for other threads to finish...        5677s
Waiting for other threads to finish...        5740s
Waiting for other threads to finish...        5803s
Waiting for other threads to finish...        5866s
Waiting for other threads to finish...        5929s
Waiting for other threads to finish...        5992s
Waiting for other threads to finish...        6056s
Waiting for other threads to finish...        6119s
Waiting for other threads to finish...        6182s
Waiting for other threads to finish...        6245s
Waiting for other threads to finish...        6308s
Waiting for other threads to finish...        6371s
Waiting for other threads to finish...        6435s
Waiting for other threads to finish...        6498s
Waiting for other threads to finish...        6561s
Waiting for other threads to finish...        6624s
Waiting for other threads to finish...        6687s
Waiting for other threads to finish...        6750s
Waiting for other threads to finish...        6814s
Waiting for other threads to finish...        6877s
Waiting for other threads to finish...        6940s
Waiting for other threads to finish...        7003s
Waiting for other threads to finish...        7066s
Waiting for other threads to finish...        7129s
Waiting for other threads to finish...        7193s
Waiting for other threads to finish...        7256s
Waiting for other threads to finish...        7319s
Waiting for other threads to finish...        7382s
Waiting for other threads to finish...        7445s
Waiting for other threads to finish...        7508s
Waiting for other threads to finish...        7572s
Waiting for other threads to finish...        7635s
Waiting for other threads to finish...        7698s
Waiting for other threads to finish...        7761s
Waiting for other threads to finish...        7824s
Waiting for other threads to finish...        7887s
Waiting for other threads to finish...        7951s
Waiting for other threads to finish...        8014s
Waiting for other threads to finish...        8077s
Waiting for other threads to finish...        8140s
Waiting for other threads to finish...        8203s
Waiting for other threads to finish...        8266s
Waiting for other threads to finish...        8330s
Waiting for other threads to finish...        8393s
Waiting for other threads to finish...        8456s
Waiting for other threads to finish...        8519s
Waiting for other threads to finish...        8582s
Waiting for other threads to finish...        8645s
Waiting for other threads to finish...        8708s
Waiting for other threads to finish...        8772s
Waiting for other threads to finish...        8835s
Waiting for other threads to finish...        8898s
Waiting for other threads to finish...        8961s
Waiting for other threads to finish...        9024s
Waiting for other threads to finish...        9087s
Waiting for other threads to finish...        9151s
Waiting for other threads to finish...        9214s
Waiting for other threads to finish...        9277s
Waiting for other threads to finish...        9340s
Waiting for other threads to finish...        9403s
Waiting for other threads to finish...        9466s
Waiting for other threads to finish...        9530s
Waiting for other threads to finish...        9593s
Waiting for other threads to finish...        9656s
Waiting for other threads to finish...        9719s
Waiting for other threads to finish...        9782s
Waiting for other threads to finish...        9845s
Waiting for other threads to finish...        9909s
Waiting for other threads to finish...        9972s
Waiting for other threads to finish...       10035s
Waiting for other threads to finish...       10098s
Waiting for other threads to finish...       10161s
Waiting for other threads to finish...       10224s
Waiting for other threads to finish...       10288s
Waiting for other threads to finish...       10351s
Waiting for other threads to finish...       10414s
Waiting for other threads to finish...       10477s
Waiting for other threads to finish...       10540s
Waiting for other threads to finish...       10603s
Waiting for other threads to finish...       10667s
Waiting for other threads to finish...       10730s
Waiting for other threads to finish...       10793s
Waiting for other threads to finish...       10856s
Waiting for other threads to finish...       10919s
Waiting for other threads to finish...       10982s
Waiting for other threads to finish...       11046s
Waiting for other threads to finish...       11109s
Waiting for other threads to finish...       11172s
Waiting for other threads to finish...       11235s
Waiting for other threads to finish...       11298s
Waiting for other threads to finish...       11361s
Waiting for other threads to finish...       11425s
Waiting for other threads to finish...       11488s
Waiting for other threads to finish...       11551s
Waiting for other threads to finish...       11614s
Waiting for other threads to finish...       11677s
Waiting for other threads to finish...       11740s
Waiting for other threads to finish...       11803s
Waiting for other threads to finish...       11867s
Waiting for other threads to finish...       11930s
Waiting for other threads to finish...       11993s
Waiting for other threads to finish...       12056s
Waiting for other threads to finish...       12119s
Waiting for other threads to finish...       12182s
Waiting for other threads to finish...       12246s
Waiting for other threads to finish...       12309s
Waiting for other threads to finish...       12372s
Waiting for other threads to finish...       12435s
Waiting for other threads to finish...       12498s
Waiting for other threads to finish...       12561s
Waiting for other threads to finish...       12625s
Waiting for other threads to finish...       12688s
Waiting for other threads to finish...       12751s
Waiting for other threads to finish...       12814s
Waiting for other threads to finish...       12877s
Waiting for other threads to finish...       12940s
Waiting for other threads to finish...       13004s
Waiting for other threads to finish...       13067s
Waiting for other threads to finish...       13130s
Waiting for other threads to finish...       13193s
Waiting for other threads to finish...       13256s
Waiting for other threads to finish...       13319s
Waiting for other threads to finish...       13383s
Waiting for other threads to finish...       13446s
Waiting for other threads to finish...       13509s
Waiting for other threads to finish...       13572s
Waiting for other threads to finish...       13635s
Waiting for other threads to finish...       13698s
Waiting for other threads to finish...       13762s
Waiting for other threads to finish...       13825s
Waiting for other threads to finish...       13888s
Waiting for other threads to finish...       13951s
Waiting for other threads to finish...       14014s
Waiting for other threads to finish...       14077s
Waiting for other threads to finish...       14141s
Waiting for other threads to finish...       14204s
Waiting for other threads to finish...       14267s
Waiting for other threads to finish...       14330s
Waiting for other threads to finish...       14393s
Waiting for other threads to finish...       14456s
Waiting for other threads to finish...       14520s
Waiting for other threads to finish...       14583s
Waiting for other threads to finish...       14646s
Waiting for other threads to finish...       14709s
Waiting for other threads to finish...       14772s
Waiting for other threads to finish...       14835s
Waiting for other threads to finish...       14899s
Waiting for other threads to finish...       14962s
Waiting for other threads to finish...       15025s
Waiting for other threads to finish...       15088s
Waiting for other threads to finish...       15151s
Waiting for other threads to finish...       15214s
Waiting for other threads to finish...       15277s
Waiting for other threads to finish...       15341s
Waiting for other threads to finish...       15404s
Waiting for other threads to finish...       15467s
Waiting for other threads to finish...       15530s
Waiting for other threads to finish...       15593s
Waiting for other threads to finish...       15656s
Waiting for other threads to finish...       15720s
Waiting for other threads to finish...       15783s
Waiting for other threads to finish...       15846s
Waiting for other threads to finish...       15909s
Waiting for other threads to finish...       15972s
Waiting for other threads to finish...       16035s
Waiting for other threads to finish...       16099s
Waiting for other threads to finish...       16162s
Waiting for other threads to finish...       16225s
Waiting for other threads to finish...       16288s
Waiting for other threads to finish...       16351s
Waiting for other threads to finish...       16414s
Waiting for other threads to finish...       16478s
Waiting for other threads to finish...       16541s
Waiting for other threads to finish...       16604s
Waiting for other threads to finish...       16667s
Waiting for other threads to finish...       16730s
Waiting for other threads to finish...       16793s
Waiting for other threads to finish...       16857s
Waiting for other threads to finish...       16920s
Waiting for other threads to finish...       16983s
Waiting for other threads to finish...       17046s
Waiting for other threads to finish...       17109s
Waiting for other threads to finish...       17172s
Waiting for other threads to finish...       17236s
Waiting for other threads to finish...       17299s
Waiting for other threads to finish...       17362s
Waiting for other threads to finish...       17425s
Waiting for other threads to finish...       17488s
Waiting for other threads to finish...       17551s
Waiting for other threads to finish...       17615s
Waiting for other threads to finish...       17678s
Waiting for other threads to finish...       17741s
Waiting for other threads to finish...       17804s
Waiting for other threads to finish...       17867s
Waiting for other threads to finish...       17930s
Waiting for other threads to finish...       17994s
Waiting for other threads to finish...       18057s
Waiting for other threads to finish...       18120s
Waiting for other threads to finish...       18183s
Waiting for other threads to finish...       18246s
Waiting for other threads to finish...       18309s
Waiting for other threads to finish...       18372s
Waiting for other threads to finish...       18436s
Waiting for other threads to finish...       18499s
Waiting for other threads to finish...       18562s
Waiting for other threads to finish...       18625s
Waiting for other threads to finish...       18688s
Waiting for other threads to finish...       18751s
Waiting for other threads to finish...       18815s
Waiting for other threads to finish...       18878s
Waiting for other threads to finish...       18941s
Waiting for other threads to finish...       19004s
Waiting for other threads to finish...       19067s
Waiting for other threads to finish...       19130s
Waiting for other threads to finish...       19194s
Waiting for other threads to finish...       19257s
Waiting for other threads to finish...       19320s
Waiting for other threads to finish...       19383s
Waiting for other threads to finish...       19446s
Waiting for other threads to finish...       19509s
Waiting for other threads to finish...       19573s
Waiting for other threads to finish...       19636s
Waiting for other threads to finish...       19699s
Waiting for other threads to finish...       19762s
Waiting for other threads to finish...       19825s
Waiting for other threads to finish...       19888s
Waiting for other threads to finish...       19952s
Waiting for other threads to finish...       20015s
Waiting for other threads to finish...       20078s
Waiting for other threads to finish...       20141s
Waiting for other threads to finish...       20204s
Waiting for other threads to finish...       20267s
Waiting for other threads to finish...       20331s
Waiting for other threads to finish...       20394s
Waiting for other threads to finish...       20457s
Waiting for other threads to finish...       20520s
Waiting for other threads to finish...       20583s
Waiting for other threads to finish...       20646s
Waiting for other threads to finish...       20710s
Waiting for other threads to finish...       20773s
Waiting for other threads to finish...       20836s
Waiting for other threads to finish...       20899s
Waiting for other threads to finish...       20962s
Waiting for other threads to finish...       21025s
Waiting for other threads to finish...       21089s
Waiting for other threads to finish...       21152s
Waiting for other threads to finish...       21215s
Waiting for other threads to finish...       21278s
Waiting for other threads to finish...       21341s
Waiting for other threads to finish...       21404s
Waiting for other threads to finish...       21468s
Waiting for other threads to finish...       21531s
Waiting for other threads to finish...       21594s
Waiting for other threads to finish...       21657s
Waiting for other threads to finish...       21720s
Waiting for other threads to finish...       21783s
Waiting for other threads to finish...       21846s
Waiting for other threads to finish...       21910s
Waiting for other threads to finish...       21973s
Waiting for other threads to finish...       22036s
Waiting for other threads to finish...       22099s
Waiting for other threads to finish...       22162s
Waiting for other threads to finish...       22225s
Waiting for other threads to finish...       22289s
Waiting for other threads to finish...       22352s
Waiting for other threads to finish...       22415s
Waiting for other threads to finish...       22478s
Waiting for other threads to finish...       22541s
Waiting for other threads to finish...       22604s
Waiting for other threads to finish...       22668s
Waiting for other threads to finish...       22731s
Waiting for other threads to finish...       22794s
Waiting for other threads to finish...       22857s
Waiting for other threads to finish...       22920s
Waiting for other threads to finish...       22983s
Waiting for other threads to finish...       23047s
Waiting for other threads to finish...       23110s
Waiting for other threads to finish...       23173s
Waiting for other threads to finish...       23236s
Waiting for other threads to finish...       23299s
Waiting for other threads to finish...       23362s
Waiting for other threads to finish...       23426s
Waiting for other threads to finish...       23489s
Waiting for other threads to finish...       23552s
Waiting for other threads to finish...       23615s
Waiting for other threads to finish...       23678s
Waiting for other threads to finish...       23741s
Waiting for other threads to finish...       23805s
Waiting for other threads to finish...       23868s
Waiting for other threads to finish...       23931s
Waiting for other threads to finish...       23994s
Waiting for other threads to finish...       24057s
