===========================
Running on node: tcn902
Array job index: 0
Started: Thu Dec  4 14:32:05 CET 2025
===========================
Python module loaded.
Activated virtual environment.
Configured Gurobi runtime paths.
Working directory: /home/scur1696/AdOpT-NET0-RegToNation/generic_node_optimization
[SLURM] Detected CPU total: 192
[CONFIG] Using 6 workers × 12 threads (total 72 threads)
[SAMPLING] Method: LATIN HYPERCUBe SAMPLING
   Full grid would be: 1080 combinations
   LHS samples: 50
   Reduction: 95.4%

[OK] Total combinations: 50
[ARRAY] SLURM_ARRAY_TASK_ID=0, SLURM_ARRAY_TASK_COUNT=2
[ARRAY] This job is chunk index 0 of 2
[ARRAY] This job will run 25 combinations out of 50
[OK] Total runs to execute in THIS JOB: 25

[CONFIG] System configuration:
   - Strategy: Manual configuration
   - Total logical processors: 192
   - Parallel workers: 6
   - Threads per worker: 12
   - Total thread usage: 72 (of 192)
   - CPU utilization: 37.5%
   [INFO] Conservative CPU usage (37.5%)
       Consider increasing workers or threads_per_worker for better performance

================================================================================
PARALLEL CREATION + GUROBI-ENV OPTIMIZATION RUNNER
================================================================================
Total runs: 25
Max parallel workers: 6
Threads per worker: 12
Results folder: /gpfs/home3/scur1696/AdOpT-NET0-RegToNation/generic_node_optimization/results/parallel_creation_test_20251204_143210/task_000
================================================================================


================================================================================
PHASE 1: Creating 25 models in PARALLEL
Using 'spawn' context for clean process separation
================================================================================

[CREATE] Creating model: t000_parallel_run_0003
      Node       lon        lat  alt
0     BIG1  0.836099  51.924400    0
1     BIG2  8.119301  51.924400    0
2   SMALL1  7.682309  51.026089    0
3   SMALL2  4.769028  51.026089    0
4   SMALL3  7.682309  52.822711    0
5   SMALL4  4.769028  52.822711    0
6  STORAGE  6.496768  51.071748    0
New network
Max size per arc:          BIG1  BIG2  SMALL1  SMALL2  SMALL3  SMALL4  STORAGE
BIG1        0  1000    1000    1000    1000    1000     1000
BIG2     1000     0    1000    1000    1000    1000     1000
SMALL1   1000  1000       0    1000    1000    1000     1000
SMALL2   1000  1000    1000       0    1000    1000     1000
SMALL3   1000  1000    1000    1000       0    1000     1000
SMALL4   1000  1000    1000    1000    1000       0     1000
STORAGE  1000  1000    1000    1000    1000    1000        0
Connection:          BIG1  BIG2  SMALL1  SMALL2  SMALL3  SMALL4  STORAGE
BIG1        0     1       1       1       1       1        1
BIG2        1     0       1       1       1       1        1
SMALL1      1     1       0       1       1       1        1
SMALL2      1     1       1       0       1       1        1
SMALL3      1     1       1       1       0       1        1
SMALL4      1     1       1       1       1       0        1
STORAGE     1     1       1       1       1       1        0
📍 Calculating distances from scenario coordinates
✅ Using calculated distances from topology coordinates
Distance matrix saved for both networks
Created smooth electricity prices for BIG1:
Created smooth electricity prices for BIG2:
Created smooth electricity prices for SMALL1:
Created smooth electricity prices for SMALL2:
Created smooth electricity prices for SMALL3:
Created smooth electricity prices for SMALL4:
Created smooth electricity prices for STORAGE:
[SUCCESS] Model created: t000_parallel_run_0003
[CREATE] Creating model: t000_parallel_run_0008
      Node       lon        lat  alt
0     BIG1  0.836099  51.924400    0
1     BIG2  8.119301  51.924400    0
2   SMALL1  7.682309  51.026089    0
3   SMALL2  4.769028  51.026089    0
4   SMALL3  7.682309  52.822711    0
5   SMALL4  4.769028  52.822711    0
6  STORAGE  6.496768  51.071748    0
New network
Max size per arc:          BIG1  BIG2  SMALL1  SMALL2  SMALL3  SMALL4  STORAGE
BIG1        0  1000    1000    1000    1000    1000     1000
BIG2     1000     0    1000    1000    1000    1000     1000
SMALL1   1000  1000       0    1000    1000    1000     1000
SMALL2   1000  1000    1000       0    1000    1000     1000
SMALL3   1000  1000    1000    1000       0    1000     1000
SMALL4   1000  1000    1000    1000    1000       0     1000
STORAGE  1000  1000    1000    1000    1000    1000        0
Connection:          BIG1  BIG2  SMALL1  SMALL2  SMALL3  SMALL4  STORAGE
BIG1        0     1       1       1       1       1        1
BIG2        1     0       1       1       1       1        1
SMALL1      1     1       0       1       1       1        1
SMALL2      1     1       1       0       1       1        1
SMALL3      1     1       1       1       0       1        1
SMALL4      1     1       1       1       1       0        1
STORAGE     1     1       1       1       1       1        0
📍 Calculating distances from scenario coordinates
✅ Using calculated distances from topology coordinates
Distance matrix saved for both networks
Created smooth electricity prices for BIG1:
Created smooth electricity prices for BIG2:
Created smooth electricity prices for SMALL1:
Created smooth electricity prices for SMALL2:
Created smooth electricity prices for SMALL3:
Created smooth electricity prices for SMALL4:
Created smooth electricity prices for STORAGE:
[SUCCESS] Model created: t000_parallel_run_0008
[CREATE] Creating model: t000_parallel_run_0014
      Node       lon        lat  alt
0     BIG1  0.836099  51.924400    0
1     BIG2  8.119301  51.924400    0
2   SMALL1  7.682309  51.026089    0
3   SMALL2  4.769028  51.026089    0
4   SMALL3  7.682309  52.822711    0
5   SMALL4  4.769028  52.822711    0
6  STORAGE  6.496768  51.071748    0
New network
Max size per arc:          BIG1  BIG2  SMALL1  SMALL2  SMALL3  SMALL4  STORAGE
BIG1        0  1000    1000    1000    1000    1000     1000
BIG2     1000     0    1000    1000    1000    1000     1000
SMALL1   1000  1000       0    1000    1000    1000     1000
SMALL2   1000  1000    1000       0    1000    1000     1000
SMALL3   1000  1000    1000    1000       0    1000     1000
SMALL4   1000  1000    1000    1000    1000       0     1000
STORAGE  1000  1000    1000    1000    1000    1000        0
Connection:          BIG1  BIG2  SMALL1  SMALL2  SMALL3  SMALL4  STORAGE
BIG1        0     1       1       1       1       1        1
BIG2        1     0       1       1       1       1        1
SMALL1      1     1       0       1       1       1        1
SMALL2      1     1       1       0       1       1        1
SMALL3      1     1       1       1       0       1        1
SMALL4      1     1       1       1       1       0        1
STORAGE     1     1       1       1       1       1        0
📍 Calculating distances from scenario coordinates
✅ Using calculated distances from topology coordinates
Distance matrix saved for both networks
Created smooth electricity prices for BIG1:
Created smooth electricity prices for BIG2:
Created smooth electricity prices for SMALL1:
Created smooth electricity prices for SMALL2:
Created smooth electricity prices for SMALL3:
Created smooth electricity prices for SMALL4:
Created smooth electricity prices for STORAGE:
[SUCCESS] Model created: t000_parallel_run_0014
[CREATE] Creating model: t000_parallel_run_0020
      Node       lon        lat  alt
0     BIG1  0.836099  51.924400    0
1     BIG2  8.119301  51.924400    0
2   SMALL1  7.682309  51.026089    0
3   SMALL2  4.769028  51.026089    0
4   SMALL3  7.682309  52.822711    0
5   SMALL4  4.769028  52.822711    0
6  STORAGE  6.496768  51.071748    0
New network
Max size per arc:          BIG1  BIG2  SMALL1  SMALL2  SMALL3  SMALL4  STORAGE
BIG1        0  1000    1000    1000    1000    1000     1000
BIG2     1000     0    1000    1000    1000    1000     1000
SMALL1   1000  1000       0    1000    1000    1000     1000
SMALL2   1000  1000    1000       0    1000    1000     1000
SMALL3   1000  1000    1000    1000       0    1000     1000
SMALL4   1000  1000    1000    1000    1000       0     1000
STORAGE  1000  1000    1000    1000    1000    1000        0
Connection:          BIG1  BIG2  SMALL1  SMALL2  SMALL3  SMALL4  STORAGE
BIG1        0     1       1       1       1       1        1
BIG2        1     0       1       1       1       1        1
SMALL1      1     1       0       1       1       1        1
SMALL2      1     1       1       0       1       1        1
SMALL3      1     1       1       1       0       1        1
SMALL4      1     1       1       1       1       0        1
STORAGE     1     1       1       1       1       1        0
📍 Calculating distances from scenario coordinates
✅ Using calculated distances from topology coordinates
Distance matrix saved for both networks
Created smooth electricity prices for BIG1:
Created smooth electricity prices for BIG2:
Created smooth electricity prices for SMALL1:
Created smooth electricity prices for SMALL2:
Created smooth electricity prices for SMALL3:
Created smooth electricity prices for SMALL4:
Created smooth electricity prices for STORAGE:
[SUCCESS] Model created: t000_parallel_run_0020
[CREATE] Creating model: t000_parallel_run_0004
      Node       lon        lat  alt
0     BIG1  0.836099  51.924400    0
1     BIG2  8.119301  51.924400    0
2   SMALL1  7.682309  51.026089    0
3   SMALL2  4.769028  51.026089    0
4   SMALL3  7.682309  52.822711    0
5   SMALL4  4.769028  52.822711    0
6  STORAGE  6.496768  51.071748    0
New network
Max size per arc:          BIG1  BIG2  SMALL1  SMALL2  SMALL3  SMALL4  STORAGE
BIG1        0  1000    1000    1000    1000    1000     1000
BIG2     1000     0    1000    1000    1000    1000     1000
SMALL1   1000  1000       0    1000    1000    1000     1000
SMALL2   1000  1000    1000       0    1000    1000     1000
SMALL3   1000  1000    1000    1000       0    1000     1000
SMALL4   1000  1000    1000    1000    1000       0     1000
STORAGE  1000  1000    1000    1000    1000    1000        0
Connection:          BIG1  BIG2  SMALL1  SMALL2  SMALL3  SMALL4  STORAGE
BIG1        0     1       1       1       1       1        1
BIG2        1     0       1       1       1       1        1
SMALL1      1     1       0       1       1       1        1
SMALL2      1     1       1       0       1       1        1
SMALL3      1     1       1       1       0       1        1
SMALL4      1     1       1       1       1       0        1
STORAGE     1     1       1       1       1       1        0
📍 Calculating distances from scenario coordinates
✅ Using calculated distances from topology coordinates
Distance matrix saved for both networks
Created smooth electricity prices for BIG1:
Created smooth electricity prices for BIG2:
Created smooth electricity prices for SMALL1:
Created smooth electricity prices for SMALL2:
Created smooth electricity prices for SMALL3:
Created smooth electricity prices for SMALL4:
Created smooth electricity prices for STORAGE:
[SUCCESS] Model created: t000_parallel_run_0004
[CREATE] Creating model: t000_parallel_run_0010
      Node       lon        lat  alt
0     BIG1  0.836099  51.924400    0
1     BIG2  8.119301  51.924400    0
2   SMALL1  7.682309  51.026089    0
3   SMALL2  4.769028  51.026089    0
4   SMALL3  7.682309  52.822711    0
5   SMALL4  4.769028  52.822711    0
6  STORAGE  6.496768  51.071748    0
New network
Max size per arc:          BIG1  BIG2  SMALL1  SMALL2  SMALL3  SMALL4  STORAGE
BIG1        0  1000    1000    1000    1000    1000     1000
BIG2     1000     0    1000    1000    1000    1000     1000
SMALL1   1000  1000       0    1000    1000    1000     1000
SMALL2   1000  1000    1000       0    1000    1000     1000
SMALL3   1000  1000    1000    1000       0    1000     1000
SMALL4   1000  1000    1000    1000    1000       0     1000
STORAGE  1000  1000    1000    1000    1000    1000        0
Connection:          BIG1  BIG2  SMALL1  SMALL2  SMALL3  SMALL4  STORAGE
BIG1        0     1       1       1       1       1        1
BIG2        1     0       1       1       1       1        1
SMALL1      1     1       0       1       1       1        1
SMALL2      1     1       1       0       1       1        1
SMALL3      1     1       1       1       0       1        1
SMALL4      1     1       1       1       1       0        1
STORAGE     1     1       1       1       1       1        0
📍 Calculating distances from scenario coordinates
✅ Using calculated distances from topology coordinates
Distance matrix saved for both networks
Created smooth electricity prices for BIG1:
Created smooth electricity prices for BIG2:
Created smooth electricity prices for SMALL1:
Created smooth electricity prices for SMALL2:
Created smooth electricity prices for SMALL3:
Created smooth electricity prices for SMALL4:
Created smooth electricity prices for STORAGE:
[SUCCESS] Model created: t000_parallel_run_0010
[CREATE] Creating model: t000_parallel_run_0015
      Node       lon        lat  alt
0     BIG1  0.836099  51.924400    0
1     BIG2  8.119301  51.924400    0
2   SMALL1  7.682309  51.026089    0
3   SMALL2  4.769028  51.026089    0
4   SMALL3  7.682309  52.822711    0
5   SMALL4  4.769028  52.822711    0
6  STORAGE  6.496768  51.071748    0
New network
Max size per arc:          BIG1  BIG2  SMALL1  SMALL2  SMALL3  SMALL4  STORAGE
BIG1        0  1000    1000    1000    1000    1000     1000
BIG2     1000     0    1000    1000    1000    1000     1000
SMALL1   1000  1000       0    1000    1000    1000     1000
SMALL2   1000  1000    1000       0    1000    1000     1000
SMALL3   1000  1000    1000    1000       0    1000     1000
SMALL4   1000  1000    1000    1000    1000       0     1000
STORAGE  1000  1000    1000    1000    1000    1000        0
Connection:          BIG1  BIG2  SMALL1  SMALL2  SMALL3  SMALL4  STORAGE
BIG1        0     1       1       1       1       1        1
BIG2        1     0       1       1       1       1        1
SMALL1      1     1       0       1       1       1        1
SMALL2      1     1       1       0       1       1        1
SMALL3      1     1       1       1       0       1        1
SMALL4      1     1       1       1       1       0        1
STORAGE     1     1       1       1       1       1        0
📍 Calculating distances from scenario coordinates
✅ Using calculated distances from topology coordinates
Distance matrix saved for both networks
Created smooth electricity prices for BIG1:
Created smooth electricity prices for BIG2:
Created smooth electricity prices for SMALL1:
Created smooth electricity prices for SMALL2:
Created smooth electricity prices for SMALL3:
Created smooth electricity prices for SMALL4:
Created smooth electricity prices for STORAGE:
[SUCCESS] Model created: t000_parallel_run_0015
[CREATE] Creating model: t000_parallel_run_0021
      Node       lon        lat  alt
0     BIG1  0.836099  51.924400    0
1     BIG2  8.119301  51.924400    0
2   SMALL1  7.682309  51.026089    0
3   SMALL2  4.769028  51.026089    0
4   SMALL3  7.682309  52.822711    0
5   SMALL4  4.769028  52.822711    0
6  STORAGE  6.496768  51.071748    0
New network
Max size per arc:          BIG1  BIG2  SMALL1  SMALL2  SMALL3  SMALL4  STORAGE
BIG1        0  1000    1000    1000    1000    1000     1000
BIG2     1000     0    1000    1000    1000    1000     1000
SMALL1   1000  1000       0    1000    1000    1000     1000
SMALL2   1000  1000    1000       0    1000    1000     1000
SMALL3   1000  1000    1000    1000       0    1000     1000
SMALL4   1000  1000    1000    1000    1000       0     1000
STORAGE  1000  1000    1000    1000    1000    1000        0
Connection:          BIG1  BIG2  SMALL1  SMALL2  SMALL3  SMALL4  STORAGE
BIG1        0     1       1       1       1       1        1
BIG2        1     0       1       1       1       1        1
SMALL1      1     1       0       1       1       1        1
SMALL2      1     1       1       0       1       1        1
SMALL3      1     1       1       1       0       1        1
SMALL4      1     1       1       1       1       0        1
STORAGE     1     1       1       1       1       1        0
📍 Calculating distances from scenario coordinates
✅ Using calculated distances from topology coordinates
Distance matrix saved for both networks
Created smooth electricity prices for BIG1:
Created smooth electricity prices for BIG2:
Created smooth electricity prices for SMALL1:
Created smooth electricity prices for SMALL2:
Created smooth electricity prices for SMALL3:
Created smooth electricity prices for SMALL4:
Created smooth electricity prices for STORAGE:
[SUCCESS] Model created: t000_parallel_run_0021
[CREATE] Creating model: t000_parallel_run_0005
      Node       lon        lat  alt
0     BIG1  0.836099  51.924400    0
1     BIG2  8.119301  51.924400    0
2   SMALL1  7.682309  51.026089    0
3   SMALL2  4.769028  51.026089    0
4   SMALL3  7.682309  52.822711    0
5   SMALL4  4.769028  52.822711    0
6  STORAGE  6.496768  51.071748    0
New network
Max size per arc:          BIG1  BIG2  SMALL1  SMALL2  SMALL3  SMALL4  STORAGE
BIG1        0  1000    1000    1000    1000    1000     1000
BIG2     1000     0    1000    1000    1000    1000     1000
SMALL1   1000  1000       0    1000    1000    1000     1000
SMALL2   1000  1000    1000       0    1000    1000     1000
SMALL3   1000  1000    1000    1000       0    1000     1000
SMALL4   1000  1000    1000    1000    1000       0     1000
STORAGE  1000  1000    1000    1000    1000    1000        0
Connection:          BIG1  BIG2  SMALL1  SMALL2  SMALL3  SMALL4  STORAGE
BIG1        0     1       1       1       1       1        1
BIG2        1     0       1       1       1       1        1
SMALL1      1     1       0       1       1       1        1
SMALL2      1     1       1       0       1       1        1
SMALL3      1     1       1       1       0       1        1
SMALL4      1     1       1       1       1       0        1
STORAGE     1     1       1       1       1       1        0
📍 Calculating distances from scenario coordinates
✅ Using calculated distances from topology coordinates
Distance matrix saved for both networks
Created smooth electricity prices for BIG1:
Created smooth electricity prices for BIG2:
Created smooth electricity prices for SMALL1:
Created smooth electricity prices for SMALL2:
Created smooth electricity prices for SMALL3:
Created smooth electricity prices for SMALL4:
Created smooth electricity prices for STORAGE:
[SUCCESS] Model created: t000_parallel_run_0005
[CREATE] Creating model: t000_parallel_run_0011
      Node       lon        lat  alt
0     BIG1  0.836099  51.924400    0
1     BIG2  8.119301  51.924400    0
2   SMALL1  7.682309  51.026089    0
3   SMALL2  4.769028  51.026089    0
4   SMALL3  7.682309  52.822711    0
5   SMALL4  4.769028  52.822711    0
6  STORAGE  6.496768  51.071748    0
New network
Max size per arc:          BIG1  BIG2  SMALL1  SMALL2  SMALL3  SMALL4  STORAGE
BIG1        0  1000    1000    1000    1000    1000     1000
BIG2     1000     0    1000    1000    1000    1000     1000
SMALL1   1000  1000       0    1000    1000    1000     1000
SMALL2   1000  1000    1000       0    1000    1000     1000
SMALL3   1000  1000    1000    1000       0    1000     1000
SMALL4   1000  1000    1000    1000    1000       0     1000
STORAGE  1000  1000    1000    1000    1000    1000        0
Connection:          BIG1  BIG2  SMALL1  SMALL2  SMALL3  SMALL4  STORAGE
BIG1        0     1       1       1       1       1        1
BIG2        1     0       1       1       1       1        1
SMALL1      1     1       0       1       1       1        1
SMALL2      1     1       1       0       1       1        1
SMALL3      1     1       1       1       0       1        1
SMALL4      1     1       1       1       1       0        1
STORAGE     1     1       1       1       1       1        0
📍 Calculating distances from scenario coordinates
✅ Using calculated distances from topology coordinates
Distance matrix saved for both networks
Created smooth electricity prices for BIG1:
Created smooth electricity prices for BIG2:
Created smooth electricity prices for SMALL1:
Created smooth electricity prices for SMALL2:
Created smooth electricity prices for SMALL3:
Created smooth electricity prices for SMALL4:
Created smooth electricity prices for STORAGE:
[SUCCESS] Model created: t000_parallel_run_0011
[CREATE] Creating model: t000_parallel_run_0016
      Node       lon        lat  alt
0     BIG1  0.836099  51.924400    0
1     BIG2  8.119301  51.924400    0
2   SMALL1  7.682309  51.026089    0
3   SMALL2  4.769028  51.026089    0
4   SMALL3  7.682309  52.822711    0
5   SMALL4  4.769028  52.822711    0
6  STORAGE  6.496768  51.071748    0
New network
Max size per arc:          BIG1  BIG2  SMALL1  SMALL2  SMALL3  SMALL4  STORAGE
BIG1        0  1000    1000    1000    1000    1000     1000
BIG2     1000     0    1000    1000    1000    1000     1000
SMALL1   1000  1000       0    1000    1000    1000     1000
SMALL2   1000  1000    1000       0    1000    1000     1000
SMALL3   1000  1000    1000    1000       0    1000     1000
SMALL4   1000  1000    1000    1000    1000       0     1000
STORAGE  1000  1000    1000    1000    1000    1000        0
Connection:          BIG1  BIG2  SMALL1  SMALL2  SMALL3  SMALL4  STORAGE
BIG1        0     1       1       1       1       1        1
BIG2        1     0       1       1       1       1        1
SMALL1      1     1       0       1       1       1        1
SMALL2      1     1       1       0       1       1        1
SMALL3      1     1       1       1       0       1        1
SMALL4      1     1       1       1       1       0        1
STORAGE     1     1       1       1       1       1        0
📍 Calculating distances from scenario coordinates
✅ Using calculated distances from topology coordinates
Distance matrix saved for both networks
Created smooth electricity prices for BIG1:
Created smooth electricity prices for BIG2:
Created smooth electricity prices for SMALL1:
Created smooth electricity prices for SMALL2:
Created smooth electricity prices for SMALL3:
Created smooth electricity prices for SMALL4:
Created smooth electricity prices for STORAGE:
[SUCCESS] Model created: t000_parallel_run_0016
[CREATE] Creating model: t000_parallel_run_0022
      Node       lon        lat  alt
0     BIG1  0.836099  51.924400    0
1     BIG2  8.119301  51.924400    0
2   SMALL1  7.682309  51.026089    0
3   SMALL2  4.769028  51.026089    0
4   SMALL3  7.682309  52.822711    0
5   SMALL4  4.769028  52.822711    0
6  STORAGE  6.496768  51.071748    0
New network
Max size per arc:          BIG1  BIG2  SMALL1  SMALL2  SMALL3  SMALL4  STORAGE
BIG1        0  1000    1000    1000    1000    1000     1000
BIG2     1000     0    1000    1000    1000    1000     1000
SMALL1   1000  1000       0    1000    1000    1000     1000
SMALL2   1000  1000    1000       0    1000    1000     1000
SMALL3   1000  1000    1000    1000       0    1000     1000
SMALL4   1000  1000    1000    1000    1000       0     1000
STORAGE  1000  1000    1000    1000    1000    1000        0
Connection:          BIG1  BIG2  SMALL1  SMALL2  SMALL3  SMALL4  STORAGE
BIG1        0     1       1       1       1       1        1
BIG2        1     0       1       1       1       1        1
SMALL1      1     1       0       1       1       1        1
SMALL2      1     1       1       0       1       1        1
SMALL3      1     1       1       1       0       1        1
SMALL4      1     1       1       1       1       0        1
STORAGE     1     1       1       1       1       1        0
📍 Calculating distances from scenario coordinates
✅ Using calculated distances from topology coordinates
Distance matrix saved for both networks
Created smooth electricity prices for BIG1:
Created smooth electricity prices for BIG2:
Created smooth electricity prices for SMALL1:
Created smooth electricity prices for SMALL2:
Created smooth electricity prices for SMALL3:
Created smooth electricity prices for SMALL4:
Created smooth electricity prices for STORAGE:
[SUCCESS] Model created: t000_parallel_run_0022
[CREATE] Creating model: t000_parallel_run_0001
      Node       lon        lat  alt
0     BIG1  0.836099  51.924400    0
1     BIG2  8.119301  51.924400    0
2   SMALL1  7.682309  51.026089    0
3   SMALL2  4.769028  51.026089    0
4   SMALL3  7.682309  52.822711    0
5   SMALL4  4.769028  52.822711    0
6  STORAGE  6.496768  51.071748    0
New network
Max size per arc:          BIG1  BIG2  SMALL1  SMALL2  SMALL3  SMALL4  STORAGE
BIG1        0  1000    1000    1000    1000    1000     1000
BIG2     1000     0    1000    1000    1000    1000     1000
SMALL1   1000  1000       0    1000    1000    1000     1000
SMALL2   1000  1000    1000       0    1000    1000     1000
SMALL3   1000  1000    1000    1000       0    1000     1000
SMALL4   1000  1000    1000    1000    1000       0     1000
STORAGE  1000  1000    1000    1000    1000    1000        0
Connection:          BIG1  BIG2  SMALL1  SMALL2  SMALL3  SMALL4  STORAGE
BIG1        0     1       1       1       1       1        1
BIG2        1     0       1       1       1       1        1
SMALL1      1     1       0       1       1       1        1
SMALL2      1     1       1       0       1       1        1
SMALL3      1     1       1       1       0       1        1
SMALL4      1     1       1       1       1       0        1
STORAGE     1     1       1       1       1       1        0
📍 Calculating distances from scenario coordinates
✅ Using calculated distances from topology coordinates
Distance matrix saved for both networks
Created smooth electricity prices for BIG1:
Created smooth electricity prices for BIG2:
Created smooth electricity prices for SMALL1:
Created smooth electricity prices for SMALL2:
Created smooth electricity prices for SMALL3:
Created smooth electricity prices for SMALL4:
Created smooth electricity prices for STORAGE:
[SUCCESS] Model created: t000_parallel_run_0001
[CREATE] Creating model: t000_parallel_run_0007
      Node       lon        lat  alt
0     BIG1  0.836099  51.924400    0
1     BIG2  8.119301  51.924400    0
2   SMALL1  7.682309  51.026089    0
3   SMALL2  4.769028  51.026089    0
4   SMALL3  7.682309  52.822711    0
5   SMALL4  4.769028  52.822711    0
6  STORAGE  6.496768  51.071748    0
New network
Max size per arc:          BIG1  BIG2  SMALL1  SMALL2  SMALL3  SMALL4  STORAGE
BIG1        0  1000    1000    1000    1000    1000     1000
BIG2     1000     0    1000    1000    1000    1000     1000
SMALL1   1000  1000       0    1000    1000    1000     1000
SMALL2   1000  1000    1000       0    1000    1000     1000
SMALL3   1000  1000    1000    1000       0    1000     1000
SMALL4   1000  1000    1000    1000    1000       0     1000
STORAGE  1000  1000    1000    1000    1000    1000        0
Connection:          BIG1  BIG2  SMALL1  SMALL2  SMALL3  SMALL4  STORAGE
BIG1        0     1       1       1       1       1        1
BIG2        1     0       1       1       1       1        1
SMALL1      1     1       0       1       1       1        1
SMALL2      1     1       1       0       1       1        1
SMALL3      1     1       1       1       0       1        1
SMALL4      1     1       1       1       1       0        1
STORAGE     1     1       1       1       1       1        0
📍 Calculating distances from scenario coordinates
✅ Using calculated distances from topology coordinates
Distance matrix saved for both networks
Created smooth electricity prices for BIG1:
Created smooth electricity prices for BIG2:
Created smooth electricity prices for SMALL1:
Created smooth electricity prices for SMALL2:
Created smooth electricity prices for SMALL3:
Created smooth electricity prices for SMALL4:
Created smooth electricity prices for STORAGE:
[SUCCESS] Model created: t000_parallel_run_0007
[CREATE] Creating model: t000_parallel_run_0013
      Node       lon        lat  alt
0     BIG1  0.836099  51.924400    0
1     BIG2  8.119301  51.924400    0
2   SMALL1  7.682309  51.026089    0
3   SMALL2  4.769028  51.026089    0
4   SMALL3  7.682309  52.822711    0
5   SMALL4  4.769028  52.822711    0
6  STORAGE  6.496768  51.071748    0
New network
Max size per arc:          BIG1  BIG2  SMALL1  SMALL2  SMALL3  SMALL4  STORAGE
BIG1        0  1000    1000    1000    1000    1000     1000
BIG2     1000     0    1000    1000    1000    1000     1000
SMALL1   1000  1000       0    1000    1000    1000     1000
SMALL2   1000  1000    1000       0    1000    1000     1000
SMALL3   1000  1000    1000    1000       0    1000     1000
SMALL4   1000  1000    1000    1000    1000       0     1000
STORAGE  1000  1000    1000    1000    1000    1000        0
Connection:          BIG1  BIG2  SMALL1  SMALL2  SMALL3  SMALL4  STORAGE
BIG1        0     1       1       1       1       1        1
BIG2        1     0       1       1       1       1        1
SMALL1      1     1       0       1       1       1        1
SMALL2      1     1       1       0       1       1        1
SMALL3      1     1       1       1       0       1        1
SMALL4      1     1       1       1       1       0        1
STORAGE     1     1       1       1       1       1        0
📍 Calculating distances from scenario coordinates
✅ Using calculated distances from topology coordinates
Distance matrix saved for both networks
Created smooth electricity prices for BIG1:
Created smooth electricity prices for BIG2:
Created smooth electricity prices for SMALL1:
Created smooth electricity prices for SMALL2:
Created smooth electricity prices for SMALL3:
Created smooth electricity prices for SMALL4:
Created smooth electricity prices for STORAGE:
[SUCCESS] Model created: t000_parallel_run_0013
[CREATE] Creating model: t000_parallel_run_0019
      Node       lon        lat  alt
0     BIG1  0.836099  51.924400    0
1     BIG2  8.119301  51.924400    0
2   SMALL1  7.682309  51.026089    0
3   SMALL2  4.769028  51.026089    0
4   SMALL3  7.682309  52.822711    0
5   SMALL4  4.769028  52.822711    0
6  STORAGE  6.496768  51.071748    0
New network
Max size per arc:          BIG1  BIG2  SMALL1  SMALL2  SMALL3  SMALL4  STORAGE
BIG1        0  1000    1000    1000    1000    1000     1000
BIG2     1000     0    1000    1000    1000    1000     1000
SMALL1   1000  1000       0    1000    1000    1000     1000
SMALL2   1000  1000    1000       0    1000    1000     1000
SMALL3   1000  1000    1000    1000       0    1000     1000
SMALL4   1000  1000    1000    1000    1000       0     1000
STORAGE  1000  1000    1000    1000    1000    1000        0
Connection:          BIG1  BIG2  SMALL1  SMALL2  SMALL3  SMALL4  STORAGE
BIG1        0     1       1       1       1       1        1
BIG2        1     0       1       1       1       1        1
SMALL1      1     1       0       1       1       1        1
SMALL2      1     1       1       0       1       1        1
SMALL3      1     1       1       1       0       1        1
SMALL4      1     1       1       1       1       0        1
STORAGE     1     1       1       1       1       1        0
📍 Calculating distances from scenario coordinates
✅ Using calculated distances from topology coordinates
Distance matrix saved for both networks
Created smooth electricity prices for BIG1:
Created smooth electricity prices for BIG2:
Created smooth electricity prices for SMALL1:
Created smooth electricity prices for SMALL2:
Created smooth electricity prices for SMALL3:
Created smooth electricity prices for SMALL4:
Created smooth electricity prices for STORAGE:
[SUCCESS] Model created: t000_parallel_run_0019
[CREATE] Creating model: t000_parallel_run_0025
      Node       lon        lat  alt
0     BIG1  0.836099  51.924400    0
1     BIG2  8.119301  51.924400    0
2   SMALL1  7.682309  51.026089    0
3   SMALL2  4.769028  51.026089    0
4   SMALL3  7.682309  52.822711    0
5   SMALL4  4.769028  52.822711    0
6  STORAGE  6.496768  51.071748    0
New network
Max size per arc:          BIG1  BIG2  SMALL1  SMALL2  SMALL3  SMALL4  STORAGE
BIG1        0  1000    1000    1000    1000    1000     1000
BIG2     1000     0    1000    1000    1000    1000     1000
SMALL1   1000  1000       0    1000    1000    1000     1000
SMALL2   1000  1000    1000       0    1000    1000     1000
SMALL3   1000  1000    1000    1000       0    1000     1000
SMALL4   1000  1000    1000    1000    1000       0     1000
STORAGE  1000  1000    1000    1000    1000    1000        0
Connection:          BIG1  BIG2  SMALL1  SMALL2  SMALL3  SMALL4  STORAGE
BIG1        0     1       1       1       1       1        1
BIG2        1     0       1       1       1       1        1
SMALL1      1     1       0       1       1       1        1
SMALL2      1     1       1       0       1       1        1
SMALL3      1     1       1       1       0       1        1
SMALL4      1     1       1       1       1       0        1
STORAGE     1     1       1       1       1       1        0
📍 Calculating distances from scenario coordinates
✅ Using calculated distances from topology coordinates
Distance matrix saved for both networks
Created smooth electricity prices for BIG1:
Created smooth electricity prices for BIG2:
Created smooth electricity prices for SMALL1:
Created smooth electricity prices for SMALL2:
Created smooth electricity prices for SMALL3:
Created smooth electricity prices for SMALL4:
Created smooth electricity prices for STORAGE:
[SUCCESS] Model created: t000_parallel_run_0025
[CREATE] Creating model: t000_parallel_run_0002
      Node       lon        lat  alt
0     BIG1  0.836099  51.924400    0
1     BIG2  8.119301  51.924400    0
2   SMALL1  7.682309  51.026089    0
3   SMALL2  4.769028  51.026089    0
4   SMALL3  7.682309  52.822711    0
5   SMALL4  4.769028  52.822711    0
6  STORAGE  6.496768  51.071748    0
New network
Max size per arc:          BIG1  BIG2  SMALL1  SMALL2  SMALL3  SMALL4  STORAGE
BIG1        0  1000    1000    1000    1000    1000     1000
BIG2     1000     0    1000    1000    1000    1000     1000
SMALL1   1000  1000       0    1000    1000    1000     1000
SMALL2   1000  1000    1000       0    1000    1000     1000
SMALL3   1000  1000    1000    1000       0    1000     1000
SMALL4   1000  1000    1000    1000    1000       0     1000
STORAGE  1000  1000    1000    1000    1000    1000        0
Connection:          BIG1  BIG2  SMALL1  SMALL2  SMALL3  SMALL4  STORAGE
BIG1        0     1       1       1       1       1        1
BIG2        1     0       1       1       1       1        1
SMALL1      1     1       0       1       1       1        1
SMALL2      1     1       1       0       1       1        1
SMALL3      1     1       1       1       0       1        1
SMALL4      1     1       1       1       1       0        1
STORAGE     1     1       1       1       1       1        0
📍 Calculating distances from scenario coordinates
✅ Using calculated distances from topology coordinates
Distance matrix saved for both networks
Created smooth electricity prices for BIG1:
Created smooth electricity prices for BIG2:
Created smooth electricity prices for SMALL1:
Created smooth electricity prices for SMALL2:
Created smooth electricity prices for SMALL3:
Created smooth electricity prices for SMALL4:
Created smooth electricity prices for STORAGE:
[SUCCESS] Model created: t000_parallel_run_0002
[CREATE] Creating model: t000_parallel_run_0009
      Node       lon        lat  alt
0     BIG1  0.836099  51.924400    0
1     BIG2  8.119301  51.924400    0
2   SMALL1  7.682309  51.026089    0
3   SMALL2  4.769028  51.026089    0
4   SMALL3  7.682309  52.822711    0
5   SMALL4  4.769028  52.822711    0
6  STORAGE  6.496768  51.071748    0
New network
Max size per arc:          BIG1  BIG2  SMALL1  SMALL2  SMALL3  SMALL4  STORAGE
BIG1        0  1000    1000    1000    1000    1000     1000
BIG2     1000     0    1000    1000    1000    1000     1000
SMALL1   1000  1000       0    1000    1000    1000     1000
SMALL2   1000  1000    1000       0    1000    1000     1000
SMALL3   1000  1000    1000    1000       0    1000     1000
SMALL4   1000  1000    1000    1000    1000       0     1000
STORAGE  1000  1000    1000    1000    1000    1000        0
Connection:          BIG1  BIG2  SMALL1  SMALL2  SMALL3  SMALL4  STORAGE
BIG1        0     1       1       1       1       1        1
BIG2        1     0       1       1       1       1        1
SMALL1      1     1       0       1       1       1        1
SMALL2      1     1       1       0       1       1        1
SMALL3      1     1       1       1       0       1        1
SMALL4      1     1       1       1       1       0        1
STORAGE     1     1       1       1       1       1        0
📍 Calculating distances from scenario coordinates
✅ Using calculated distances from topology coordinates
Distance matrix saved for both networks
Created smooth electricity prices for BIG1:
Created smooth electricity prices for BIG2:
Created smooth electricity prices for SMALL1:
Created smooth electricity prices for SMALL2:
Created smooth electricity prices for SMALL3:
Created smooth electricity prices for SMALL4:
Created smooth electricity prices for STORAGE:
[SUCCESS] Model created: t000_parallel_run_0009
[CREATE] Creating model: t000_parallel_run_0017
      Node       lon        lat  alt
0     BIG1  0.836099  51.924400    0
1     BIG2  8.119301  51.924400    0
2   SMALL1  7.682309  51.026089    0
3   SMALL2  4.769028  51.026089    0
4   SMALL3  7.682309  52.822711    0
5   SMALL4  4.769028  52.822711    0
6  STORAGE  6.496768  51.071748    0
New network
Max size per arc:          BIG1  BIG2  SMALL1  SMALL2  SMALL3  SMALL4  STORAGE
BIG1        0  1000    1000    1000    1000    1000     1000
BIG2     1000     0    1000    1000    1000    1000     1000
SMALL1   1000  1000       0    1000    1000    1000     1000
SMALL2   1000  1000    1000       0    1000    1000     1000
SMALL3   1000  1000    1000    1000       0    1000     1000
SMALL4   1000  1000    1000    1000    1000       0     1000
STORAGE  1000  1000    1000    1000    1000    1000        0
Connection:          BIG1  BIG2  SMALL1  SMALL2  SMALL3  SMALL4  STORAGE
BIG1        0     1       1       1       1       1        1
BIG2        1     0       1       1       1       1        1
SMALL1      1     1       0       1       1       1        1
SMALL2      1     1       1       0       1       1        1
SMALL3      1     1       1       1       0       1        1
SMALL4      1     1       1       1       1       0        1
STORAGE     1     1       1       1       1       1        0
📍 Calculating distances from scenario coordinates
✅ Using calculated distances from topology coordinates
Distance matrix saved for both networks
Created smooth electricity prices for BIG1:
Created smooth electricity prices for BIG2:
Created smooth electricity prices for SMALL1:
Created smooth electricity prices for SMALL2:
Created smooth electricity prices for SMALL3:
Created smooth electricity prices for SMALL4:
Created smooth electricity prices for STORAGE:
[SUCCESS] Model created: t000_parallel_run_0017
[CREATE] Creating model: t000_parallel_run_0023
      Node       lon        lat  alt
0     BIG1  0.836099  51.924400    0
1     BIG2  8.119301  51.924400    0
2   SMALL1  7.682309  51.026089    0
3   SMALL2  4.769028  51.026089    0
4   SMALL3  7.682309  52.822711    0
5   SMALL4  4.769028  52.822711    0
6  STORAGE  6.496768  51.071748    0
New network
Max size per arc:          BIG1  BIG2  SMALL1  SMALL2  SMALL3  SMALL4  STORAGE
BIG1        0  1000    1000    1000    1000    1000     1000
BIG2     1000     0    1000    1000    1000    1000     1000
SMALL1   1000  1000       0    1000    1000    1000     1000
SMALL2   1000  1000    1000       0    1000    1000     1000
SMALL3   1000  1000    1000    1000       0    1000     1000
SMALL4   1000  1000    1000    1000    1000       0     1000
STORAGE  1000  1000    1000    1000    1000    1000        0
Connection:          BIG1  BIG2  SMALL1  SMALL2  SMALL3  SMALL4  STORAGE
BIG1        0     1       1       1       1       1        1
BIG2        1     0       1       1       1       1        1
SMALL1      1     1       0       1       1       1        1
SMALL2      1     1       1       0       1       1        1
SMALL3      1     1       1       1       0       1        1
SMALL4      1     1       1       1       1       0        1
STORAGE     1     1       1       1       1       1        0
📍 Calculating distances from scenario coordinates
✅ Using calculated distances from topology coordinates
Distance matrix saved for both networks
Created smooth electricity prices for BIG1:
Created smooth electricity prices for BIG2:
Created smooth electricity prices for SMALL1:
Created smooth electricity prices for SMALL2:
Created smooth electricity prices for SMALL3:
Created smooth electricity prices for SMALL4:
Created smooth electricity prices for STORAGE:
[SUCCESS] Model created: t000_parallel_run_0023
[CREATE] Creating model: t000_parallel_run_0006
      Node       lon        lat  alt
0     BIG1  0.836099  51.924400    0
1     BIG2  8.119301  51.924400    0
2   SMALL1  7.682309  51.026089    0
3   SMALL2  4.769028  51.026089    0
4   SMALL3  7.682309  52.822711    0
5   SMALL4  4.769028  52.822711    0
6  STORAGE  6.496768  51.071748    0
New network
Max size per arc:          BIG1  BIG2  SMALL1  SMALL2  SMALL3  SMALL4  STORAGE
BIG1        0  1000    1000    1000    1000    1000     1000
BIG2     1000     0    1000    1000    1000    1000     1000
SMALL1   1000  1000       0    1000    1000    1000     1000
SMALL2   1000  1000    1000       0    1000    1000     1000
SMALL3   1000  1000    1000    1000       0    1000     1000
SMALL4   1000  1000    1000    1000    1000       0     1000
STORAGE  1000  1000    1000    1000    1000    1000        0
Connection:          BIG1  BIG2  SMALL1  SMALL2  SMALL3  SMALL4  STORAGE
BIG1        0     1       1       1       1       1        1
BIG2        1     0       1       1       1       1        1
SMALL1      1     1       0       1       1       1        1
SMALL2      1     1       1       0       1       1        1
SMALL3      1     1       1       1       0       1        1
SMALL4      1     1       1       1       1       0        1
STORAGE     1     1       1       1       1       1        0
📍 Calculating distances from scenario coordinates
✅ Using calculated distances from topology coordinates
Distance matrix saved for both networks
Created smooth electricity prices for BIG1:
Created smooth electricity prices for BIG2:
Created smooth electricity prices for SMALL1:
Created smooth electricity prices for SMALL2:
Created smooth electricity prices for SMALL3:
Created smooth electricity prices for SMALL4:
Created smooth electricity prices for STORAGE:
[SUCCESS] Model created: t000_parallel_run_0006
[CREATE] Creating model: t000_parallel_run_0012
      Node       lon        lat  alt
0     BIG1  0.836099  51.924400    0
1     BIG2  8.119301  51.924400    0
2   SMALL1  7.682309  51.026089    0
3   SMALL2  4.769028  51.026089    0
4   SMALL3  7.682309  52.822711    0
5   SMALL4  4.769028  52.822711    0
6  STORAGE  6.496768  51.071748    0
New network
Max size per arc:          BIG1  BIG2  SMALL1  SMALL2  SMALL3  SMALL4  STORAGE
BIG1        0  1000    1000    1000    1000    1000     1000
BIG2     1000     0    1000    1000    1000    1000     1000
SMALL1   1000  1000       0    1000    1000    1000     1000
SMALL2   1000  1000    1000       0    1000    1000     1000
SMALL3   1000  1000    1000    1000       0    1000     1000
SMALL4   1000  1000    1000    1000    1000       0     1000
STORAGE  1000  1000    1000    1000    1000    1000        0
Connection:          BIG1  BIG2  SMALL1  SMALL2  SMALL3  SMALL4  STORAGE
BIG1        0     1       1       1       1       1        1
BIG2        1     0       1       1       1       1        1
SMALL1      1     1       0       1       1       1        1
SMALL2      1     1       1       0       1       1        1
SMALL3      1     1       1       1       0       1        1
SMALL4      1     1       1       1       1       0        1
STORAGE     1     1       1       1       1       1        0
📍 Calculating distances from scenario coordinates
✅ Using calculated distances from topology coordinates
Distance matrix saved for both networks
Created smooth electricity prices for BIG1:
Created smooth electricity prices for BIG2:
Created smooth electricity prices for SMALL1:
Created smooth electricity prices for SMALL2:
Created smooth electricity prices for SMALL3:
Created smooth electricity prices for SMALL4:
Created smooth electricity prices for STORAGE:
[SUCCESS] Model created: t000_parallel_run_0012
[CREATE] Creating model: t000_parallel_run_0018
      Node       lon        lat  alt
0     BIG1  0.836099  51.924400    0
1     BIG2  8.119301  51.924400    0
2   SMALL1  7.682309  51.026089    0
3   SMALL2  4.769028  51.026089    0
4   SMALL3  7.682309  52.822711    0
5   SMALL4  4.769028  52.822711    0
6  STORAGE  6.496768  51.071748    0
New network
Max size per arc:          BIG1  BIG2  SMALL1  SMALL2  SMALL3  SMALL4  STORAGE
BIG1        0  1000    1000    1000    1000    1000     1000
BIG2     1000     0    1000    1000    1000    1000     1000
SMALL1   1000  1000       0    1000    1000    1000     1000
SMALL2   1000  1000    1000       0    1000    1000     1000
SMALL3   1000  1000    1000    1000       0    1000     1000
SMALL4   1000  1000    1000    1000    1000       0     1000
STORAGE  1000  1000    1000    1000    1000    1000        0
Connection:          BIG1  BIG2  SMALL1  SMALL2  SMALL3  SMALL4  STORAGE
BIG1        0     1       1       1       1       1        1
BIG2        1     0       1       1       1       1        1
SMALL1      1     1       0       1       1       1        1
SMALL2      1     1       1       0       1       1        1
SMALL3      1     1       1       1       0       1        1
SMALL4      1     1       1       1       1       0        1
STORAGE     1     1       1       1       1       1        0
📍 Calculating distances from scenario coordinates
✅ Using calculated distances from topology coordinates
Distance matrix saved for both networks
Created smooth electricity prices for BIG1:
Created smooth electricity prices for BIG2:
Created smooth electricity prices for SMALL1:
Created smooth electricity prices for SMALL2:
Created smooth electricity prices for SMALL3:
Created smooth electricity prices for SMALL4:
Created smooth electricity prices for STORAGE:
[SUCCESS] Model created: t000_parallel_run_0018
[CREATE] Creating model: t000_parallel_run_0024
      Node       lon        lat  alt
0     BIG1  0.836099  51.924400    0
1     BIG2  8.119301  51.924400    0
2   SMALL1  7.682309  51.026089    0
3   SMALL2  4.769028  51.026089    0
4   SMALL3  7.682309  52.822711    0
5   SMALL4  4.769028  52.822711    0
6  STORAGE  6.496768  51.071748    0
New network
Max size per arc:          BIG1  BIG2  SMALL1  SMALL2  SMALL3  SMALL4  STORAGE
BIG1        0  1000    1000    1000    1000    1000     1000
BIG2     1000     0    1000    1000    1000    1000     1000
SMALL1   1000  1000       0    1000    1000    1000     1000
SMALL2   1000  1000    1000       0    1000    1000     1000
SMALL3   1000  1000    1000    1000       0    1000     1000
SMALL4   1000  1000    1000    1000    1000       0     1000
STORAGE  1000  1000    1000    1000    1000    1000        0
Connection:          BIG1  BIG2  SMALL1  SMALL2  SMALL3  SMALL4  STORAGE
BIG1        0     1       1       1       1       1        1
BIG2        1     0       1       1       1       1        1
SMALL1      1     1       0       1       1       1        1
SMALL2      1     1       1       0       1       1        1
SMALL3      1     1       1       1       0       1        1
SMALL4      1     1       1       1       1       0        1
STORAGE     1     1       1       1       1       1        0
📍 Calculating distances from scenario coordinates
✅ Using calculated distances from topology coordinates
Distance matrix saved for both networks
Created smooth electricity prices for BIG1:
Created smooth electricity prices for BIG2:
Created smooth electricity prices for SMALL1:
Created smooth electricity prices for SMALL2:
Created smooth electricity prices for SMALL3:
Created smooth electricity prices for SMALL4:
Created smooth electricity prices for STORAGE:
[SUCCESS] Model created: t000_parallel_run_0024
Model creation progress: 1/25 completed
Model creation progress: 2/25 completed
Model creation progress: 3/25 completed
Model creation progress: 4/25 completed
Model creation progress: 5/25 completed
Model creation progress: 6/25 completed
Model creation progress: 7/25 completed
Model creation progress: 8/25 completed
Model creation progress: 9/25 completed
Model creation progress: 10/25 completed
Model creation progress: 11/25 completed
Model creation progress: 12/25 completed
Model creation progress: 13/25 completed
Model creation progress: 14/25 completed
Model creation progress: 15/25 completed
Model creation progress: 16/25 completed
Model creation progress: 17/25 completed
Model creation progress: 18/25 completed
Model creation progress: 19/25 completed
Model creation progress: 20/25 completed
Model creation progress: 21/25 completed
Model creation progress: 22/25 completed
Model creation progress: 23/25 completed
Model creation progress: 24/25 completed
Model creation progress: 25/25 completed

[COMPLETE] Model creation complete: 25 models ready to solve
   Creation time: 43.4s (0.7 min)

================================================================================
PHASE 2: Solving 25 models in PARALLEL
Using 'spawn' context for clean Gurobi environment per worker
================================================================================

[SOLVING] t000_parallel_run_0001
Set parameter WLSAccessID
Set parameter WLSSecret
Set parameter LicenseID to value 2729390
[SOLVING] t000_parallel_run_0004
Set parameter WLSAccessID
Set parameter WLSSecret
Set parameter LicenseID to value 2729390
[SOLVING] t000_parallel_run_0005
Set parameter WLSAccessID
Set parameter WLSSecret
Set parameter LicenseID to value 2729390
[SOLVING] t000_parallel_run_0006
Set parameter WLSAccessID
[SOLVING] t000_parallel_run_0002
Set parameter WLSAccessID
Set parameter WLSSecret
[SOLVING] t000_parallel_run_0003
Set parameter WLSAccessID
Set parameter LicenseID to value 2729390
Set parameter WLSSecret
Set parameter WLSSecret
Set parameter LicenseID to value 2729390
Set parameter LicenseID to value 2729390
Academic license 2729390 - for non-commercial use only - registered to m.___@uu.nl
Set parameter Threads to value 12
Academic license 2729390 - for non-commercial use only - registered to m.___@uu.nl
Set parameter Threads to value 12
Academic license 2729390 - for non-commercial use only - registered to m.___@uu.nl
Set parameter Threads to value 12
Academic license 2729390 - for non-commercial use only - registered to m.___@uu.nl
Set parameter Threads to value 12
Academic license 2729390 - for non-commercial use only - registered to m.___@uu.nl
Set parameter Threads to value 12
Academic license 2729390 - for non-commercial use only - registered to m.___@uu.nl
Set parameter Threads to value 12
  [CONFIG] Gurobi default env configured: 12 threads per worker
--- Reading in data ---
Input data folder has been checked successfully - no errors occurred.
--- Reading in data complete ---
--- Constructing Model ---
Constructing Investment Period period1
Constructing Investment Period period1 completed
	 - Constructing Network hydrogenPipelineOnshore_lowP
			gdp.bigm Transformation...
			gdp.bigm Transformation completed in 0 s
		 - Constructing Arc BIG1 - BIG2 completed
			gdp.bigm Transformation...
			gdp.bigm Transformation completed in 0 s
		 - Constructing Arc BIG1 - SMALL1 completed
			gdp.bigm Transformation...
			gdp.bigm Transformation completed in 0 s
		 - Constructing Arc BIG1 - SMALL2 completed
			gdp.bigm Transformation...
			gdp.bigm Transformation completed in 0 s
		 - Constructing Arc BIG1 - SMALL3 completed
			gdp.bigm Transformation...
			gdp.bigm Transformation completed in 0 s
		 - Constructing Arc BIG1 - SMALL4 completed
			gdp.bigm Transformation...
			gdp.bigm Transformation completed in 0 s
		 - Constructing Arc BIG1 - STORAGE completed
			gdp.bigm Transformation...
			gdp.bigm Transformation completed in 0 s
		 - Constructing Arc BIG2 - BIG1 completed
			gdp.bigm Transformation...
			gdp.bigm Transformation completed in 0 s
		 - Constructing Arc BIG2 - SMALL1 completed
			gdp.bigm Transformation...
			gdp.bigm Transformation completed in 0 s
		 - Constructing Arc BIG2 - SMALL2 completed
			gdp.bigm Transformation...
			gdp.bigm Transformation completed in 0 s
		 - Constructing Arc BIG2 - SMALL3 completed
			gdp.bigm Transformation...
			gdp.bigm Transformation completed in 0 s
		 - Constructing Arc BIG2 - SMALL4 completed
			gdp.bigm Transformation...
			gdp.bigm Transformation completed in 0 s
		 - Constructing Arc BIG2 - STORAGE completed
			gdp.bigm Transformation...
			gdp.bigm Transformation completed in 0 s
		 - Constructing Arc SMALL1 - BIG1 completed
			gdp.bigm Transformation...
			gdp.bigm Transformation completed in 0 s
		 - Constructing Arc SMALL1 - BIG2 completed
			gdp.bigm Transformation...
			gdp.bigm Transformation completed in 0 s
		 - Constructing Arc SMALL1 - SMALL2 completed
			gdp.bigm Transformation...
			gdp.bigm Transformation completed in 0 s
		 - Constructing Arc SMALL1 - SMALL3 completed
			gdp.bigm Transformation...
			gdp.bigm Transformation completed in 0 s
		 - Constructing Arc SMALL1 - SMALL4 completed
			gdp.bigm Transformation...
			gdp.bigm Transformation completed in 0 s
		 - Constructing Arc SMALL1 - STORAGE completed
			gdp.bigm Transformation...
			gdp.bigm Transformation completed in 0 s
		 - Constructing Arc SMALL2 - BIG1 completed
			gdp.bigm Transformation...
			gdp.bigm Transformation completed in 0 s
		 - Constructing Arc SMALL2 - BIG2 completed
			gdp.bigm Transformation...
			gdp.bigm Transformation completed in 0 s
		 - Constructing Arc SMALL2 - SMALL1 completed
			gdp.bigm Transformation...
			gdp.bigm Transformation completed in 0 s
		 - Constructing Arc SMALL2 - SMALL3 completed
			gdp.bigm Transformation...
			gdp.bigm Transformation completed in 0 s
		 - Constructing Arc SMALL2 - SMALL4 completed
			gdp.bigm Transformation...
			gdp.bigm Transformation completed in 0 s
		 - Constructing Arc SMALL2 - STORAGE completed
			gdp.bigm Transformation...
			gdp.bigm Transformation completed in 0 s
		 - Constructing Arc SMALL3 - BIG1 completed
			gdp.bigm Transformation...
			gdp.bigm Transformation completed in 0 s
		 - Constructing Arc SMALL3 - BIG2 completed
			gdp.bigm Transformation...
			gdp.bigm Transformation completed in 0 s
		 - Constructing Arc SMALL3 - SMALL1 completed
			gdp.bigm Transformation...
			gdp.bigm Transformation completed in 0 s
		 - Constructing Arc SMALL3 - SMALL2 completed
			gdp.bigm Transformation...
			gdp.bigm Transformation completed in 0 s
		 - Constructing Arc SMALL3 - SMALL4 completed
			gdp.bigm Transformation...
			gdp.bigm Transformation completed in 0 s
		 - Constructing Arc SMALL3 - STORAGE completed
			gdp.bigm Transformation...
			gdp.bigm Transformation completed in 0 s
		 - Constructing Arc SMALL4 - BIG1 completed
			gdp.bigm Transformation...
			gdp.bigm Transformation completed in 0 s
		 - Constructing Arc SMALL4 - BIG2 completed
			gdp.bigm Transformation...
			gdp.bigm Transformation completed in 0 s
		 - Constructing Arc SMALL4 - SMALL1 completed
			gdp.bigm Transformation...
			gdp.bigm Transformation completed in 0 s
		 - Constructing Arc SMALL4 - SMALL2 completed
			gdp.bigm Transformation...
			gdp.bigm Transformation completed in 0 s
		 - Constructing Arc SMALL4 - SMALL3 completed
			gdp.bigm Transformation...
			gdp.bigm Transformation completed in 0 s
		 - Constructing Arc SMALL4 - STORAGE completed
			gdp.bigm Transformation...
			gdp.bigm Transformation completed in 0 s
		 - Constructing Arc STORAGE - BIG1 completed
			gdp.bigm Transformation...
			gdp.bigm Transformation completed in 0 s
		 - Constructing Arc STORAGE - BIG2 completed
			gdp.bigm Transformation...
			gdp.bigm Transformation completed in 0 s
		 - Constructing Arc STORAGE - SMALL1 completed
			gdp.bigm Transformation...
			gdp.bigm Transformation completed in 0 s
		 - Constructing Arc STORAGE - SMALL2 completed
			gdp.bigm Transformation...
			gdp.bigm Transformation completed in 0 s
		 - Constructing Arc STORAGE - SMALL3 completed
			gdp.bigm Transformation...
			gdp.bigm Transformation completed in 0 s
		 - Constructing Arc STORAGE - SMALL4 completed
	 - Constructing Network hydrogenPipelineOnshore_lowP completed
			gdp.bigm Transformation...
			gdp.bigm Transformation completed in 79 s
	 - Constructing Network hydrogenPipelineOnshore_highP
			gdp.bigm Transformation...
			gdp.bigm Transformation completed in 0 s
		 - Constructing Arc BIG1 - BIG2 completed
			gdp.bigm Transformation...
			gdp.bigm Transformation completed in 0 s
		 - Constructing Arc BIG1 - SMALL1 completed
			gdp.bigm Transformation...
			gdp.bigm Transformation completed in 0 s
		 - Constructing Arc BIG1 - SMALL2 completed
			gdp.bigm Transformation...
			gdp.bigm Transformation completed in 0 s
		 - Constructing Arc BIG1 - SMALL3 completed
			gdp.bigm Transformation...
			gdp.bigm Transformation completed in 0 s
		 - Constructing Arc BIG1 - SMALL4 completed
			gdp.bigm Transformation...
			gdp.bigm Transformation completed in 0 s
		 - Constructing Arc BIG1 - STORAGE completed
			gdp.bigm Transformation...
			gdp.bigm Transformation completed in 0 s
		 - Constructing Arc BIG2 - BIG1 completed
			gdp.bigm Transformation...
			gdp.bigm Transformation completed in 0 s
		 - Constructing Arc BIG2 - SMALL1 completed
			gdp.bigm Transformation...
			gdp.bigm Transformation completed in 0 s
		 - Constructing Arc BIG2 - SMALL2 completed
			gdp.bigm Transformation...
			gdp.bigm Transformation completed in 0 s
		 - Constructing Arc BIG2 - SMALL3 completed
			gdp.bigm Transformation...
			gdp.bigm Transformation completed in 0 s
		 - Constructing Arc BIG2 - SMALL4 completed
			gdp.bigm Transformation...
			gdp.bigm Transformation completed in 0 s
		 - Constructing Arc BIG2 - STORAGE completed
			gdp.bigm Transformation...
			gdp.bigm Transformation completed in 0 s
		 - Constructing Arc SMALL1 - BIG1 completed
			gdp.bigm Transformation...
			gdp.bigm Transformation completed in 0 s
		 - Constructing Arc SMALL1 - BIG2 completed
			gdp.bigm Transformation...
			gdp.bigm Transformation completed in 0 s
		 - Constructing Arc SMALL1 - SMALL2 completed
			gdp.bigm Transformation...
			gdp.bigm Transformation completed in 0 s
		 - Constructing Arc SMALL1 - SMALL3 completed
			gdp.bigm Transformation...
			gdp.bigm Transformation completed in 0 s
		 - Constructing Arc SMALL1 - SMALL4 completed
			gdp.bigm Transformation...
			gdp.bigm Transformation completed in 0 s
		 - Constructing Arc SMALL1 - STORAGE completed
			gdp.bigm Transformation...
			gdp.bigm Transformation completed in 0 s
		 - Constructing Arc SMALL2 - BIG1 completed
			gdp.bigm Transformation...
			gdp.bigm Transformation completed in 0 s
		 - Constructing Arc SMALL2 - BIG2 completed
			gdp.bigm Transformation...
			gdp.bigm Transformation completed in 0 s
		 - Constructing Arc SMALL2 - SMALL1 completed
			gdp.bigm Transformation...
			gdp.bigm Transformation completed in 0 s
		 - Constructing Arc SMALL2 - SMALL3 completed
			gdp.bigm Transformation...
			gdp.bigm Transformation completed in 0 s
		 - Constructing Arc SMALL2 - SMALL4 completed
			gdp.bigm Transformation...
			gdp.bigm Transformation completed in 0 s
		 - Constructing Arc SMALL2 - STORAGE completed
			gdp.bigm Transformation...
			gdp.bigm Transformation completed in 0 s
		 - Constructing Arc SMALL3 - BIG1 completed
			gdp.bigm Transformation...
			gdp.bigm Transformation completed in 0 s
		 - Constructing Arc SMALL3 - BIG2 completed
			gdp.bigm Transformation...
			gdp.bigm Transformation completed in 0 s
		 - Constructing Arc SMALL3 - SMALL1 completed
			gdp.bigm Transformation...
			gdp.bigm Transformation completed in 0 s
		 - Constructing Arc SMALL3 - SMALL2 completed
			gdp.bigm Transformation...
			gdp.bigm Transformation completed in 0 s
		 - Constructing Arc SMALL3 - SMALL4 completed
			gdp.bigm Transformation...
			gdp.bigm Transformation completed in 0 s
		 - Constructing Arc SMALL3 - STORAGE completed
			gdp.bigm Transformation...
			gdp.bigm Transformation completed in 0 s
		 - Constructing Arc SMALL4 - BIG1 completed
			gdp.bigm Transformation...
			gdp.bigm Transformation completed in 0 s
		 - Constructing Arc SMALL4 - BIG2 completed
			gdp.bigm Transformation...
			gdp.bigm Transformation completed in 0 s
		 - Constructing Arc SMALL4 - SMALL1 completed
			gdp.bigm Transformation...
			gdp.bigm Transformation completed in 0 s
		 - Constructing Arc SMALL4 - SMALL2 completed
			gdp.bigm Transformation...
			gdp.bigm Transformation completed in 0 s
		 - Constructing Arc SMALL4 - SMALL3 completed
			gdp.bigm Transformation...
			gdp.bigm Transformation completed in 0 s
		 - Constructing Arc SMALL4 - STORAGE completed
			gdp.bigm Transformation...
			gdp.bigm Transformation completed in 0 s
		 - Constructing Arc STORAGE - BIG1 completed
			gdp.bigm Transformation...
			gdp.bigm Transformation completed in 0 s
		 - Constructing Arc STORAGE - BIG2 completed
			gdp.bigm Transformation...
			gdp.bigm Transformation completed in 0 s
		 - Constructing Arc STORAGE - SMALL1 completed
			gdp.bigm Transformation...
			gdp.bigm Transformation completed in 0 s
		 - Constructing Arc STORAGE - SMALL2 completed
			gdp.bigm Transformation...
			gdp.bigm Transformation completed in 0 s
		 - Constructing Arc STORAGE - SMALL3 completed
			gdp.bigm Transformation...
			gdp.bigm Transformation completed in 0 s
		 - Constructing Arc STORAGE - SMALL4 completed
	 - Constructing Network hydrogenPipelineOnshore_highP completed
			gdp.bigm Transformation...
			gdp.bigm Transformation completed in 78 s
	 - Adding Technology Electrolyzer_big
			gdp.bigm Transformation...
			gdp.bigm Transformation completed in 0 s
	 - Adding Technology Storage_H2_highP
			gdp.bigm Transformation...
			gdp.bigm Transformation completed in 4 s
	 - Adding Compressor hydrogen_Compressor_hydrogenPipelineOnshore_lowP_hydrogenPipelineOnshore_lowP
	 - Adding Compressor hydrogen_Compressor_hydrogenPipelineOnshore_lowP_hydrogenPipelineOnshore_highP
	 - Adding Compressor hydrogen_Compressor_hydrogenPipelineOnshore_lowP_Storage_H2_highP
	 - Adding Compressor hydrogen_Compressor_hydrogenPipelineOnshore_lowP_Demand
	 - Adding Compressor hydrogen_Compressor_hydrogenPipelineOnshore_highP_hydrogenPipelineOnshore_lowP
	 - Adding Compressor hydrogen_Compressor_hydrogenPipelineOnshore_highP_hydrogenPipelineOnshore_highP
	 - Adding Compressor hydrogen_Compressor_hydrogenPipelineOnshore_highP_Storage_H2_highP
	 - Adding Compressor hydrogen_Compressor_hydrogenPipelineOnshore_highP_Demand
	 - Adding Compressor hydrogen_Compressor_Electrolyzer_big_hydrogenPipelineOnshore_lowP
	 - Adding Compressor hydrogen_Compressor_Electrolyzer_big_hydrogenPipelineOnshore_highP
	 - Adding Compressor hydrogen_Compressor_Electrolyzer_big_Storage_H2_highP
	 - Adding Compressor hydrogen_Compressor_Electrolyzer_big_Demand
	 - Adding Compressor hydrogen_Compressor_Storage_H2_highP_hydrogenPipelineOnshore_lowP
	 - Adding Compressor hydrogen_Compressor_Storage_H2_highP_hydrogenPipelineOnshore_highP
	 - Adding Compressor hydrogen_Compressor_Storage_H2_highP_Storage_H2_highP
	 - Adding Compressor hydrogen_Compressor_Storage_H2_highP_Demand
	 - Adding Compressor hydrogen_Compressor_Import_hydrogenPipelineOnshore_lowP
	 - Adding Compressor hydrogen_Compressor_Import_hydrogenPipelineOnshore_highP
	 - Adding Compressor hydrogen_Compressor_Import_Storage_H2_highP
	 - Adding Compressor hydrogen_Compressor_Import_Demand_existing
	 - Adding Technology Electrolyzer_big
			gdp.bigm Transformation...
			gdp.bigm Transformation completed in 0 s
	 - Adding Technology Storage_H2_highP
			gdp.bigm Transformation...
			gdp.bigm Transformation completed in 4 s
	 - Adding Compressor hydrogen_Compressor_hydrogenPipelineOnshore_lowP_hydrogenPipelineOnshore_lowP
	 - Adding Compressor hydrogen_Compressor_hydrogenPipelineOnshore_lowP_hydrogenPipelineOnshore_highP
	 - Adding Compressor hydrogen_Compressor_hydrogenPipelineOnshore_lowP_Storage_H2_highP
	 - Adding Compressor hydrogen_Compressor_hydrogenPipelineOnshore_lowP_Demand
	 - Adding Compressor hydrogen_Compressor_hydrogenPipelineOnshore_highP_hydrogenPipelineOnshore_lowP
	 - Adding Compressor hydrogen_Compressor_hydrogenPipelineOnshore_highP_hydrogenPipelineOnshore_highP
	 - Adding Compressor hydrogen_Compressor_hydrogenPipelineOnshore_highP_Storage_H2_highP
	 - Adding Compressor hydrogen_Compressor_hydrogenPipelineOnshore_highP_Demand
	 - Adding Compressor hydrogen_Compressor_Electrolyzer_big_hydrogenPipelineOnshore_lowP
	 - Adding Compressor hydrogen_Compressor_Electrolyzer_big_hydrogenPipelineOnshore_highP
	 - Adding Compressor hydrogen_Compressor_Electrolyzer_big_Storage_H2_highP
	 - Adding Compressor hydrogen_Compressor_Electrolyzer_big_Demand
	 - Adding Compressor hydrogen_Compressor_Storage_H2_highP_hydrogenPipelineOnshore_lowP
	 - Adding Compressor hydrogen_Compressor_Storage_H2_highP_hydrogenPipelineOnshore_highP
	 - Adding Compressor hydrogen_Compressor_Storage_H2_highP_Storage_H2_highP
	 - Adding Compressor hydrogen_Compressor_Storage_H2_highP_Demand
	 - Adding Compressor hydrogen_Compressor_Import_hydrogenPipelineOnshore_lowP
	 - Adding Compressor hydrogen_Compressor_Import_hydrogenPipelineOnshore_highP
	 - Adding Compressor hydrogen_Compressor_Import_Storage_H2_highP
	 - Adding Compressor hydrogen_Compressor_Import_Demand_existing
	 - Adding Technology Electrolyzer_small
	 - Adding Technology Storage_H2_lowP
			gdp.bigm Transformation...
			gdp.bigm Transformation completed in 4 s
	 - Adding Compressor hydrogen_Compressor_hydrogenPipelineOnshore_lowP_hydrogenPipelineOnshore_lowP
	 - Adding Compressor hydrogen_Compressor_hydrogenPipelineOnshore_lowP_hydrogenPipelineOnshore_highP
	 - Adding Compressor hydrogen_Compressor_hydrogenPipelineOnshore_lowP_Storage_H2_lowP
	 - Adding Compressor hydrogen_Compressor_hydrogenPipelineOnshore_lowP_Demand
	 - Adding Compressor hydrogen_Compressor_hydrogenPipelineOnshore_highP_hydrogenPipelineOnshore_lowP
	 - Adding Compressor hydrogen_Compressor_hydrogenPipelineOnshore_highP_hydrogenPipelineOnshore_highP
	 - Adding Compressor hydrogen_Compressor_hydrogenPipelineOnshore_highP_Storage_H2_lowP
	 - Adding Compressor hydrogen_Compressor_hydrogenPipelineOnshore_highP_Demand
	 - Adding Compressor hydrogen_Compressor_Electrolyzer_small_hydrogenPipelineOnshore_lowP
	 - Adding Compressor hydrogen_Compressor_Electrolyzer_small_hydrogenPipelineOnshore_highP
	 - Adding Compressor hydrogen_Compressor_Electrolyzer_small_Storage_H2_lowP
	 - Adding Compressor hydrogen_Compressor_Electrolyzer_small_Demand
	 - Adding Compressor hydrogen_Compressor_Storage_H2_lowP_hydrogenPipelineOnshore_lowP
	 - Adding Compressor hydrogen_Compressor_Storage_H2_lowP_hydrogenPipelineOnshore_highP
	 - Adding Compressor hydrogen_Compressor_Storage_H2_lowP_Storage_H2_lowP
	 - Adding Compressor hydrogen_Compressor_Storage_H2_lowP_Demand
	 - Adding Technology Electrolyzer_small
	 - Adding Technology Storage_H2_lowP
			gdp.bigm Transformation...
			gdp.bigm Transformation completed in 4 s
	 - Adding Compressor hydrogen_Compressor_hydrogenPipelineOnshore_lowP_hydrogenPipelineOnshore_lowP
	 - Adding Compressor hydrogen_Compressor_hydrogenPipelineOnshore_lowP_hydrogenPipelineOnshore_highP
	 - Adding Compressor hydrogen_Compressor_hydrogenPipelineOnshore_lowP_Storage_H2_lowP
	 - Adding Compressor hydrogen_Compressor_hydrogenPipelineOnshore_lowP_Demand
	 - Adding Compressor hydrogen_Compressor_hydrogenPipelineOnshore_highP_hydrogenPipelineOnshore_lowP
	 - Adding Compressor hydrogen_Compressor_hydrogenPipelineOnshore_highP_hydrogenPipelineOnshore_highP
	 - Adding Compressor hydrogen_Compressor_hydrogenPipelineOnshore_highP_Storage_H2_lowP
	 - Adding Compressor hydrogen_Compressor_hydrogenPipelineOnshore_highP_Demand
	 - Adding Compressor hydrogen_Compressor_Electrolyzer_small_hydrogenPipelineOnshore_lowP
	 - Adding Compressor hydrogen_Compressor_Electrolyzer_small_hydrogenPipelineOnshore_highP
	 - Adding Compressor hydrogen_Compressor_Electrolyzer_small_Storage_H2_lowP
	 - Adding Compressor hydrogen_Compressor_Electrolyzer_small_Demand
	 - Adding Compressor hydrogen_Compressor_Storage_H2_lowP_hydrogenPipelineOnshore_lowP
	 - Adding Compressor hydrogen_Compressor_Storage_H2_lowP_hydrogenPipelineOnshore_highP
	 - Adding Compressor hydrogen_Compressor_Storage_H2_lowP_Storage_H2_lowP
	 - Adding Compressor hydrogen_Compressor_Storage_H2_lowP_Demand
	 - Adding Technology Electrolyzer_small
	 - Adding Technology Storage_H2_lowP
			gdp.bigm Transformation...
			gdp.bigm Transformation completed in 4 s
	 - Adding Compressor hydrogen_Compressor_hydrogenPipelineOnshore_lowP_hydrogenPipelineOnshore_lowP
	 - Adding Compressor hydrogen_Compressor_hydrogenPipelineOnshore_lowP_hydrogenPipelineOnshore_highP
	 - Adding Compressor hydrogen_Compressor_hydrogenPipelineOnshore_lowP_Storage_H2_lowP
	 - Adding Compressor hydrogen_Compressor_hydrogenPipelineOnshore_lowP_Demand
	 - Adding Compressor hydrogen_Compressor_hydrogenPipelineOnshore_highP_hydrogenPipelineOnshore_lowP
	 - Adding Compressor hydrogen_Compressor_hydrogenPipelineOnshore_highP_hydrogenPipelineOnshore_highP
	 - Adding Compressor hydrogen_Compressor_hydrogenPipelineOnshore_highP_Storage_H2_lowP
	 - Adding Compressor hydrogen_Compressor_hydrogenPipelineOnshore_highP_Demand
	 - Adding Compressor hydrogen_Compressor_Electrolyzer_small_hydrogenPipelineOnshore_lowP
	 - Adding Compressor hydrogen_Compressor_Electrolyzer_small_hydrogenPipelineOnshore_highP
	 - Adding Compressor hydrogen_Compressor_Electrolyzer_small_Storage_H2_lowP
	 - Adding Compressor hydrogen_Compressor_Electrolyzer_small_Demand
	 - Adding Compressor hydrogen_Compressor_Storage_H2_lowP_hydrogenPipelineOnshore_lowP
	 - Adding Compressor hydrogen_Compressor_Storage_H2_lowP_hydrogenPipelineOnshore_highP
	 - Adding Compressor hydrogen_Compressor_Storage_H2_lowP_Storage_H2_lowP
	 - Adding Compressor hydrogen_Compressor_Storage_H2_lowP_Demand
	 - Adding Technology Electrolyzer_small
	 - Adding Technology Storage_H2_lowP
			gdp.bigm Transformation...
			gdp.bigm Transformation completed in 4 s
	 - Adding Compressor hydrogen_Compressor_hydrogenPipelineOnshore_lowP_hydrogenPipelineOnshore_lowP
	 - Adding Compressor hydrogen_Compressor_hydrogenPipelineOnshore_lowP_hydrogenPipelineOnshore_highP
	 - Adding Compressor hydrogen_Compressor_hydrogenPipelineOnshore_lowP_Storage_H2_lowP
	 - Adding Compressor hydrogen_Compressor_hydrogenPipelineOnshore_lowP_Demand
	 - Adding Compressor hydrogen_Compressor_hydrogenPipelineOnshore_highP_hydrogenPipelineOnshore_lowP
	 - Adding Compressor hydrogen_Compressor_hydrogenPipelineOnshore_highP_hydrogenPipelineOnshore_highP
	 - Adding Compressor hydrogen_Compressor_hydrogenPipelineOnshore_highP_Storage_H2_lowP
	 - Adding Compressor hydrogen_Compressor_hydrogenPipelineOnshore_highP_Demand
	 - Adding Compressor hydrogen_Compressor_Electrolyzer_small_hydrogenPipelineOnshore_lowP
	 - Adding Compressor hydrogen_Compressor_Electrolyzer_small_hydrogenPipelineOnshore_highP
	 - Adding Compressor hydrogen_Compressor_Electrolyzer_small_Storage_H2_lowP
	 - Adding Compressor hydrogen_Compressor_Electrolyzer_small_Demand
	 - Adding Compressor hydrogen_Compressor_Storage_H2_lowP_hydrogenPipelineOnshore_lowP
	 - Adding Compressor hydrogen_Compressor_Storage_H2_lowP_hydrogenPipelineOnshore_highP
	 - Adding Compressor hydrogen_Compressor_Storage_H2_lowP_Storage_H2_lowP
	 - Adding Compressor hydrogen_Compressor_Storage_H2_lowP_Demand
	 - Adding Technology Storage_H2_Cavern_existing
			gdp.bigm Transformation...
			gdp.bigm Transformation completed in 4 s
	 - Adding Compressor hydrogen_Compressor_hydrogenPipelineOnshore_lowP_hydrogenPipelineOnshore_lowP
	 - Adding Compressor hydrogen_Compressor_hydrogenPipelineOnshore_lowP_hydrogenPipelineOnshore_highP
	 - Adding Compressor hydrogen_Compressor_hydrogenPipelineOnshore_lowP_Storage_H2_Cavern_existing
	 - Adding Compressor hydrogen_Compressor_hydrogenPipelineOnshore_highP_hydrogenPipelineOnshore_lowP
	 - Adding Compressor hydrogen_Compressor_hydrogenPipelineOnshore_highP_hydrogenPipelineOnshore_highP
	 - Adding Compressor hydrogen_Compressor_hydrogenPipelineOnshore_highP_Storage_H2_Cavern_existing
	 - Adding Compressor hydrogen_Compressor_Storage_H2_Cavern_existing_hydrogenPipelineOnshore_lowP
	 - Adding Compressor hydrogen_Compressor_Storage_H2_Cavern_existing_hydrogenPipelineOnshore_highP
	 - Adding Compressor hydrogen_Compressor_Storage_H2_Cavern_existing_Storage_H2_Cavern_existing_existing
Constructing model completed in 443s
Constructing balances...
Constructing balances completed in 17s
Set objective on infrastructure due to willingness to pay
Set parameter OutputFlag to value 1
Set parameter LogFile to value "/gpfs/home3/scur1696/AdOpT-NET0-RegToNation/generic_node_optimization/results/parallel_creation_test_20251204_143210/task_000/t000_parallel_run_0005/userData/20251204144037-1/solver_log.txt"
Solver log file: /gpfs/home3/scur1696/AdOpT-NET0-RegToNation/generic_node_optimization/results/parallel_creation_test_20251204_143210/task_000/t000_parallel_run_0005/userData/20251204144037-1/solver_log.txt
Set parameter TimeLimit to value 180000
Set parameter MIPGap to value 0.01
Set parameter MIPFocus to value 0
Set parameter Threads to value 12
Set parameter NodefileStart to value 60
Set parameter Method to value -1
Set parameter Heuristics to value 0.05
Set parameter Presolve to value 1
Set parameter BranchDir to value 0
Set parameter LPWarmStart to value 0
Set parameter IntFeasTol to value 1e-05
Set parameter FeasibilityTol to value 1e-06
Set parameter Cuts to value -1
Set parameter NumericFocus to value 0
  [CONFIG] Gurobi default env configured: 12 threads per worker
--- Reading in data ---
Input data folder has been checked successfully - no errors occurred.
--- Reading in data complete ---
--- Constructing Model ---
Constructing Investment Period period1
Constructing Investment Period period1 completed
	 - Constructing Network hydrogenPipelineOnshore_lowP
			gdp.bigm Transformation...
			gdp.bigm Transformation completed in 0 s
		 - Constructing Arc BIG1 - BIG2 completed
			gdp.bigm Transformation...
			gdp.bigm Transformation completed in 0 s
		 - Constructing Arc BIG1 - SMALL1 completed
			gdp.bigm Transformation...
			gdp.bigm Transformation completed in 0 s
		 - Constructing Arc BIG1 - SMALL2 completed
			gdp.bigm Transformation...
			gdp.bigm Transformation completed in 0 s
		 - Constructing Arc BIG1 - SMALL3 completed
			gdp.bigm Transformation...
			gdp.bigm Transformation completed in 0 s
		 - Constructing Arc BIG1 - SMALL4 completed
			gdp.bigm Transformation...
			gdp.bigm Transformation completed in 0 s
		 - Constructing Arc BIG1 - STORAGE completed
			gdp.bigm Transformation...
			gdp.bigm Transformation completed in 0 s
		 - Constructing Arc BIG2 - BIG1 completed
			gdp.bigm Transformation...
			gdp.bigm Transformation completed in 0 s
		 - Constructing Arc BIG2 - SMALL1 completed
			gdp.bigm Transformation...
			gdp.bigm Transformation completed in 0 s
		 - Constructing Arc BIG2 - SMALL2 completed
			gdp.bigm Transformation...
			gdp.bigm Transformation completed in 0 s
		 - Constructing Arc BIG2 - SMALL3 completed
			gdp.bigm Transformation...
			gdp.bigm Transformation completed in 0 s
		 - Constructing Arc BIG2 - SMALL4 completed
			gdp.bigm Transformation...
			gdp.bigm Transformation completed in 0 s
		 - Constructing Arc BIG2 - STORAGE completed
			gdp.bigm Transformation...
			gdp.bigm Transformation completed in 0 s
		 - Constructing Arc SMALL1 - BIG1 completed
			gdp.bigm Transformation...
			gdp.bigm Transformation completed in 0 s
		 - Constructing Arc SMALL1 - BIG2 completed
			gdp.bigm Transformation...
			gdp.bigm Transformation completed in 0 s
		 - Constructing Arc SMALL1 - SMALL2 completed
			gdp.bigm Transformation...
			gdp.bigm Transformation completed in 0 s
		 - Constructing Arc SMALL1 - SMALL3 completed
			gdp.bigm Transformation...
			gdp.bigm Transformation completed in 0 s
		 - Constructing Arc SMALL1 - SMALL4 completed
			gdp.bigm Transformation...
			gdp.bigm Transformation completed in 0 s
		 - Constructing Arc SMALL1 - STORAGE completed
			gdp.bigm Transformation...
			gdp.bigm Transformation completed in 0 s
		 - Constructing Arc SMALL2 - BIG1 completed
			gdp.bigm Transformation...
			gdp.bigm Transformation completed in 0 s
		 - Constructing Arc SMALL2 - BIG2 completed
			gdp.bigm Transformation...
			gdp.bigm Transformation completed in 0 s
		 - Constructing Arc SMALL2 - SMALL1 completed
			gdp.bigm Transformation...
			gdp.bigm Transformation completed in 0 s
		 - Constructing Arc SMALL2 - SMALL3 completed
			gdp.bigm Transformation...
			gdp.bigm Transformation completed in 0 s
		 - Constructing Arc SMALL2 - SMALL4 completed
			gdp.bigm Transformation...
			gdp.bigm Transformation completed in 0 s
		 - Constructing Arc SMALL2 - STORAGE completed
			gdp.bigm Transformation...
			gdp.bigm Transformation completed in 0 s
		 - Constructing Arc SMALL3 - BIG1 completed
			gdp.bigm Transformation...
			gdp.bigm Transformation completed in 0 s
		 - Constructing Arc SMALL3 - BIG2 completed
			gdp.bigm Transformation...
			gdp.bigm Transformation completed in 0 s
		 - Constructing Arc SMALL3 - SMALL1 completed
			gdp.bigm Transformation...
			gdp.bigm Transformation completed in 0 s
		 - Constructing Arc SMALL3 - SMALL2 completed
			gdp.bigm Transformation...
			gdp.bigm Transformation completed in 0 s
		 - Constructing Arc SMALL3 - SMALL4 completed
			gdp.bigm Transformation...
			gdp.bigm Transformation completed in 0 s
		 - Constructing Arc SMALL3 - STORAGE completed
			gdp.bigm Transformation...
			gdp.bigm Transformation completed in 0 s
		 - Constructing Arc SMALL4 - BIG1 completed
			gdp.bigm Transformation...
			gdp.bigm Transformation completed in 0 s
		 - Constructing Arc SMALL4 - BIG2 completed
			gdp.bigm Transformation...
			gdp.bigm Transformation completed in 0 s
		 - Constructing Arc SMALL4 - SMALL1 completed
			gdp.bigm Transformation...
			gdp.bigm Transformation completed in 0 s
		 - Constructing Arc SMALL4 - SMALL2 completed
			gdp.bigm Transformation...
			gdp.bigm Transformation completed in 0 s
		 - Constructing Arc SMALL4 - SMALL3 completed
			gdp.bigm Transformation...
			gdp.bigm Transformation completed in 0 s
		 - Constructing Arc SMALL4 - STORAGE completed
			gdp.bigm Transformation...
			gdp.bigm Transformation completed in 0 s
		 - Constructing Arc STORAGE - BIG1 completed
			gdp.bigm Transformation...
			gdp.bigm Transformation completed in 0 s
		 - Constructing Arc STORAGE - BIG2 completed
			gdp.bigm Transformation...
			gdp.bigm Transformation completed in 0 s
		 - Constructing Arc STORAGE - SMALL1 completed
			gdp.bigm Transformation...
			gdp.bigm Transformation completed in 0 s
		 - Constructing Arc STORAGE - SMALL2 completed
			gdp.bigm Transformation...
			gdp.bigm Transformation completed in 0 s
		 - Constructing Arc STORAGE - SMALL3 completed
			gdp.bigm Transformation...
			gdp.bigm Transformation completed in 0 s
		 - Constructing Arc STORAGE - SMALL4 completed
	 - Constructing Network hydrogenPipelineOnshore_lowP completed
			gdp.bigm Transformation...
			gdp.bigm Transformation completed in 76 s
	 - Constructing Network hydrogenPipelineOnshore_highP
			gdp.bigm Transformation...
			gdp.bigm Transformation completed in 0 s
		 - Constructing Arc BIG1 - BIG2 completed
			gdp.bigm Transformation...
			gdp.bigm Transformation completed in 0 s
		 - Constructing Arc BIG1 - SMALL1 completed
			gdp.bigm Transformation...
			gdp.bigm Transformation completed in 0 s
		 - Constructing Arc BIG1 - SMALL2 completed
			gdp.bigm Transformation...
			gdp.bigm Transformation completed in 0 s
		 - Constructing Arc BIG1 - SMALL3 completed
			gdp.bigm Transformation...
			gdp.bigm Transformation completed in 0 s
		 - Constructing Arc BIG1 - SMALL4 completed
			gdp.bigm Transformation...
			gdp.bigm Transformation completed in 0 s
		 - Constructing Arc BIG1 - STORAGE completed
			gdp.bigm Transformation...
			gdp.bigm Transformation completed in 0 s
		 - Constructing Arc BIG2 - BIG1 completed
			gdp.bigm Transformation...
			gdp.bigm Transformation completed in 0 s
		 - Constructing Arc BIG2 - SMALL1 completed
			gdp.bigm Transformation...
			gdp.bigm Transformation completed in 0 s
		 - Constructing Arc BIG2 - SMALL2 completed
			gdp.bigm Transformation...
			gdp.bigm Transformation completed in 0 s
		 - Constructing Arc BIG2 - SMALL3 completed
			gdp.bigm Transformation...
			gdp.bigm Transformation completed in 0 s
		 - Constructing Arc BIG2 - SMALL4 completed
			gdp.bigm Transformation...
			gdp.bigm Transformation completed in 0 s
		 - Constructing Arc BIG2 - STORAGE completed
			gdp.bigm Transformation...
			gdp.bigm Transformation completed in 0 s
		 - Constructing Arc SMALL1 - BIG1 completed
			gdp.bigm Transformation...
			gdp.bigm Transformation completed in 0 s
		 - Constructing Arc SMALL1 - BIG2 completed
			gdp.bigm Transformation...
			gdp.bigm Transformation completed in 0 s
		 - Constructing Arc SMALL1 - SMALL2 completed
			gdp.bigm Transformation...
			gdp.bigm Transformation completed in 0 s
		 - Constructing Arc SMALL1 - SMALL3 completed
			gdp.bigm Transformation...
			gdp.bigm Transformation completed in 0 s
		 - Constructing Arc SMALL1 - SMALL4 completed
			gdp.bigm Transformation...
			gdp.bigm Transformation completed in 0 s
		 - Constructing Arc SMALL1 - STORAGE completed
			gdp.bigm Transformation...
			gdp.bigm Transformation completed in 0 s
		 - Constructing Arc SMALL2 - BIG1 completed
			gdp.bigm Transformation...
			gdp.bigm Transformation completed in 0 s
		 - Constructing Arc SMALL2 - BIG2 completed
			gdp.bigm Transformation...
			gdp.bigm Transformation completed in 0 s
		 - Constructing Arc SMALL2 - SMALL1 completed
			gdp.bigm Transformation...
			gdp.bigm Transformation completed in 0 s
		 - Constructing Arc SMALL2 - SMALL3 completed
			gdp.bigm Transformation...
			gdp.bigm Transformation completed in 0 s
		 - Constructing Arc SMALL2 - SMALL4 completed
			gdp.bigm Transformation...
			gdp.bigm Transformation completed in 0 s
		 - Constructing Arc SMALL2 - STORAGE completed
			gdp.bigm Transformation...
			gdp.bigm Transformation completed in 0 s
		 - Constructing Arc SMALL3 - BIG1 completed
			gdp.bigm Transformation...
			gdp.bigm Transformation completed in 0 s
		 - Constructing Arc SMALL3 - BIG2 completed
			gdp.bigm Transformation...
			gdp.bigm Transformation completed in 0 s
		 - Constructing Arc SMALL3 - SMALL1 completed
			gdp.bigm Transformation...
			gdp.bigm Transformation completed in 0 s
		 - Constructing Arc SMALL3 - SMALL2 completed
			gdp.bigm Transformation...
			gdp.bigm Transformation completed in 0 s
		 - Constructing Arc SMALL3 - SMALL4 completed
			gdp.bigm Transformation...
			gdp.bigm Transformation completed in 0 s
		 - Constructing Arc SMALL3 - STORAGE completed
			gdp.bigm Transformation...
			gdp.bigm Transformation completed in 0 s
		 - Constructing Arc SMALL4 - BIG1 completed
			gdp.bigm Transformation...
			gdp.bigm Transformation completed in 0 s
		 - Constructing Arc SMALL4 - BIG2 completed
			gdp.bigm Transformation...
			gdp.bigm Transformation completed in 0 s
		 - Constructing Arc SMALL4 - SMALL1 completed
			gdp.bigm Transformation...
			gdp.bigm Transformation completed in 0 s
		 - Constructing Arc SMALL4 - SMALL2 completed
			gdp.bigm Transformation...
			gdp.bigm Transformation completed in 0 s
		 - Constructing Arc SMALL4 - SMALL3 completed
			gdp.bigm Transformation...
			gdp.bigm Transformation completed in 0 s
		 - Constructing Arc SMALL4 - STORAGE completed
			gdp.bigm Transformation...
			gdp.bigm Transformation completed in 0 s
		 - Constructing Arc STORAGE - BIG1 completed
			gdp.bigm Transformation...
			gdp.bigm Transformation completed in 0 s
		 - Constructing Arc STORAGE - BIG2 completed
			gdp.bigm Transformation...
			gdp.bigm Transformation completed in 0 s
		 - Constructing Arc STORAGE - SMALL1 completed
			gdp.bigm Transformation...
			gdp.bigm Transformation completed in 0 s
		 - Constructing Arc STORAGE - SMALL2 completed
			gdp.bigm Transformation...
			gdp.bigm Transformation completed in 0 s
		 - Constructing Arc STORAGE - SMALL3 completed
			gdp.bigm Transformation...
			gdp.bigm Transformation completed in 0 s
		 - Constructing Arc STORAGE - SMALL4 completed
	 - Constructing Network hydrogenPipelineOnshore_highP completed
			gdp.bigm Transformation...
			gdp.bigm Transformation completed in 77 s
	 - Adding Technology Electrolyzer_big
			gdp.bigm Transformation...
			gdp.bigm Transformation completed in 0 s
	 - Adding Technology Storage_H2_highP
			gdp.bigm Transformation...
			gdp.bigm Transformation completed in 4 s
	 - Adding Compressor hydrogen_Compressor_hydrogenPipelineOnshore_lowP_hydrogenPipelineOnshore_lowP
	 - Adding Compressor hydrogen_Compressor_hydrogenPipelineOnshore_lowP_hydrogenPipelineOnshore_highP
	 - Adding Compressor hydrogen_Compressor_hydrogenPipelineOnshore_lowP_Storage_H2_highP
	 - Adding Compressor hydrogen_Compressor_hydrogenPipelineOnshore_lowP_Demand
	 - Adding Compressor hydrogen_Compressor_hydrogenPipelineOnshore_highP_hydrogenPipelineOnshore_lowP
	 - Adding Compressor hydrogen_Compressor_hydrogenPipelineOnshore_highP_hydrogenPipelineOnshore_highP
	 - Adding Compressor hydrogen_Compressor_hydrogenPipelineOnshore_highP_Storage_H2_highP
	 - Adding Compressor hydrogen_Compressor_hydrogenPipelineOnshore_highP_Demand
	 - Adding Compressor hydrogen_Compressor_Electrolyzer_big_hydrogenPipelineOnshore_lowP
	 - Adding Compressor hydrogen_Compressor_Electrolyzer_big_hydrogenPipelineOnshore_highP
	 - Adding Compressor hydrogen_Compressor_Electrolyzer_big_Storage_H2_highP
	 - Adding Compressor hydrogen_Compressor_Electrolyzer_big_Demand
	 - Adding Compressor hydrogen_Compressor_Storage_H2_highP_hydrogenPipelineOnshore_lowP
	 - Adding Compressor hydrogen_Compressor_Storage_H2_highP_hydrogenPipelineOnshore_highP
	 - Adding Compressor hydrogen_Compressor_Storage_H2_highP_Storage_H2_highP
	 - Adding Compressor hydrogen_Compressor_Storage_H2_highP_Demand
	 - Adding Compressor hydrogen_Compressor_Import_hydrogenPipelineOnshore_lowP
	 - Adding Compressor hydrogen_Compressor_Import_hydrogenPipelineOnshore_highP
	 - Adding Compressor hydrogen_Compressor_Import_Storage_H2_highP
	 - Adding Compressor hydrogen_Compressor_Import_Demand_existing
	 - Adding Technology Electrolyzer_big
			gdp.bigm Transformation...
			gdp.bigm Transformation completed in 0 s
	 - Adding Technology Storage_H2_highP
			gdp.bigm Transformation...
			gdp.bigm Transformation completed in 4 s
	 - Adding Compressor hydrogen_Compressor_hydrogenPipelineOnshore_lowP_hydrogenPipelineOnshore_lowP
	 - Adding Compressor hydrogen_Compressor_hydrogenPipelineOnshore_lowP_hydrogenPipelineOnshore_highP
	 - Adding Compressor hydrogen_Compressor_hydrogenPipelineOnshore_lowP_Storage_H2_highP
	 - Adding Compressor hydrogen_Compressor_hydrogenPipelineOnshore_lowP_Demand
	 - Adding Compressor hydrogen_Compressor_hydrogenPipelineOnshore_highP_hydrogenPipelineOnshore_lowP
	 - Adding Compressor hydrogen_Compressor_hydrogenPipelineOnshore_highP_hydrogenPipelineOnshore_highP
	 - Adding Compressor hydrogen_Compressor_hydrogenPipelineOnshore_highP_Storage_H2_highP
	 - Adding Compressor hydrogen_Compressor_hydrogenPipelineOnshore_highP_Demand
	 - Adding Compressor hydrogen_Compressor_Electrolyzer_big_hydrogenPipelineOnshore_lowP
	 - Adding Compressor hydrogen_Compressor_Electrolyzer_big_hydrogenPipelineOnshore_highP
	 - Adding Compressor hydrogen_Compressor_Electrolyzer_big_Storage_H2_highP
	 - Adding Compressor hydrogen_Compressor_Electrolyzer_big_Demand
	 - Adding Compressor hydrogen_Compressor_Storage_H2_highP_hydrogenPipelineOnshore_lowP
	 - Adding Compressor hydrogen_Compressor_Storage_H2_highP_hydrogenPipelineOnshore_highP
	 - Adding Compressor hydrogen_Compressor_Storage_H2_highP_Storage_H2_highP
	 - Adding Compressor hydrogen_Compressor_Storage_H2_highP_Demand
	 - Adding Compressor hydrogen_Compressor_Import_hydrogenPipelineOnshore_lowP
	 - Adding Compressor hydrogen_Compressor_Import_hydrogenPipelineOnshore_highP
	 - Adding Compressor hydrogen_Compressor_Import_Storage_H2_highP
	 - Adding Compressor hydrogen_Compressor_Import_Demand_existing
	 - Adding Technology Electrolyzer_small
	 - Adding Technology Storage_H2_lowP
			gdp.bigm Transformation...
			gdp.bigm Transformation completed in 4 s
	 - Adding Compressor hydrogen_Compressor_hydrogenPipelineOnshore_lowP_hydrogenPipelineOnshore_lowP
	 - Adding Compressor hydrogen_Compressor_hydrogenPipelineOnshore_lowP_hydrogenPipelineOnshore_highP
	 - Adding Compressor hydrogen_Compressor_hydrogenPipelineOnshore_lowP_Storage_H2_lowP
	 - Adding Compressor hydrogen_Compressor_hydrogenPipelineOnshore_lowP_Demand
	 - Adding Compressor hydrogen_Compressor_hydrogenPipelineOnshore_highP_hydrogenPipelineOnshore_lowP
	 - Adding Compressor hydrogen_Compressor_hydrogenPipelineOnshore_highP_hydrogenPipelineOnshore_highP
	 - Adding Compressor hydrogen_Compressor_hydrogenPipelineOnshore_highP_Storage_H2_lowP
	 - Adding Compressor hydrogen_Compressor_hydrogenPipelineOnshore_highP_Demand
	 - Adding Compressor hydrogen_Compressor_Electrolyzer_small_hydrogenPipelineOnshore_lowP
	 - Adding Compressor hydrogen_Compressor_Electrolyzer_small_hydrogenPipelineOnshore_highP
	 - Adding Compressor hydrogen_Compressor_Electrolyzer_small_Storage_H2_lowP
	 - Adding Compressor hydrogen_Compressor_Electrolyzer_small_Demand
	 - Adding Compressor hydrogen_Compressor_Storage_H2_lowP_hydrogenPipelineOnshore_lowP
	 - Adding Compressor hydrogen_Compressor_Storage_H2_lowP_hydrogenPipelineOnshore_highP
	 - Adding Compressor hydrogen_Compressor_Storage_H2_lowP_Storage_H2_lowP
	 - Adding Compressor hydrogen_Compressor_Storage_H2_lowP_Demand
	 - Adding Technology Electrolyzer_small
	 - Adding Technology Storage_H2_lowP
			gdp.bigm Transformation...
			gdp.bigm Transformation completed in 4 s
	 - Adding Compressor hydrogen_Compressor_hydrogenPipelineOnshore_lowP_hydrogenPipelineOnshore_lowP
	 - Adding Compressor hydrogen_Compressor_hydrogenPipelineOnshore_lowP_hydrogenPipelineOnshore_highP
	 - Adding Compressor hydrogen_Compressor_hydrogenPipelineOnshore_lowP_Storage_H2_lowP
	 - Adding Compressor hydrogen_Compressor_hydrogenPipelineOnshore_lowP_Demand
	 - Adding Compressor hydrogen_Compressor_hydrogenPipelineOnshore_highP_hydrogenPipelineOnshore_lowP
	 - Adding Compressor hydrogen_Compressor_hydrogenPipelineOnshore_highP_hydrogenPipelineOnshore_highP
	 - Adding Compressor hydrogen_Compressor_hydrogenPipelineOnshore_highP_Storage_H2_lowP
	 - Adding Compressor hydrogen_Compressor_hydrogenPipelineOnshore_highP_Demand
	 - Adding Compressor hydrogen_Compressor_Electrolyzer_small_hydrogenPipelineOnshore_lowP
	 - Adding Compressor hydrogen_Compressor_Electrolyzer_small_hydrogenPipelineOnshore_highP
	 - Adding Compressor hydrogen_Compressor_Electrolyzer_small_Storage_H2_lowP
	 - Adding Compressor hydrogen_Compressor_Electrolyzer_small_Demand
	 - Adding Compressor hydrogen_Compressor_Storage_H2_lowP_hydrogenPipelineOnshore_lowP
	 - Adding Compressor hydrogen_Compressor_Storage_H2_lowP_hydrogenPipelineOnshore_highP
	 - Adding Compressor hydrogen_Compressor_Storage_H2_lowP_Storage_H2_lowP
	 - Adding Compressor hydrogen_Compressor_Storage_H2_lowP_Demand
	 - Adding Technology Electrolyzer_small
	 - Adding Technology Storage_H2_lowP
			gdp.bigm Transformation...
			gdp.bigm Transformation completed in 4 s
	 - Adding Compressor hydrogen_Compressor_hydrogenPipelineOnshore_lowP_hydrogenPipelineOnshore_lowP
	 - Adding Compressor hydrogen_Compressor_hydrogenPipelineOnshore_lowP_hydrogenPipelineOnshore_highP
	 - Adding Compressor hydrogen_Compressor_hydrogenPipelineOnshore_lowP_Storage_H2_lowP
	 - Adding Compressor hydrogen_Compressor_hydrogenPipelineOnshore_lowP_Demand
	 - Adding Compressor hydrogen_Compressor_hydrogenPipelineOnshore_highP_hydrogenPipelineOnshore_lowP
	 - Adding Compressor hydrogen_Compressor_hydrogenPipelineOnshore_highP_hydrogenPipelineOnshore_highP
	 - Adding Compressor hydrogen_Compressor_hydrogenPipelineOnshore_highP_Storage_H2_lowP
	 - Adding Compressor hydrogen_Compressor_hydrogenPipelineOnshore_highP_Demand
	 - Adding Compressor hydrogen_Compressor_Electrolyzer_small_hydrogenPipelineOnshore_lowP
	 - Adding Compressor hydrogen_Compressor_Electrolyzer_small_hydrogenPipelineOnshore_highP
	 - Adding Compressor hydrogen_Compressor_Electrolyzer_small_Storage_H2_lowP
	 - Adding Compressor hydrogen_Compressor_Electrolyzer_small_Demand
	 - Adding Compressor hydrogen_Compressor_Storage_H2_lowP_hydrogenPipelineOnshore_lowP
	 - Adding Compressor hydrogen_Compressor_Storage_H2_lowP_hydrogenPipelineOnshore_highP
	 - Adding Compressor hydrogen_Compressor_Storage_H2_lowP_Storage_H2_lowP
	 - Adding Compressor hydrogen_Compressor_Storage_H2_lowP_Demand
	 - Adding Technology Electrolyzer_small
	 - Adding Technology Storage_H2_lowP
			gdp.bigm Transformation...
			gdp.bigm Transformation completed in 4 s
	 - Adding Compressor hydrogen_Compressor_hydrogenPipelineOnshore_lowP_hydrogenPipelineOnshore_lowP
	 - Adding Compressor hydrogen_Compressor_hydrogenPipelineOnshore_lowP_hydrogenPipelineOnshore_highP
	 - Adding Compressor hydrogen_Compressor_hydrogenPipelineOnshore_lowP_Storage_H2_lowP
	 - Adding Compressor hydrogen_Compressor_hydrogenPipelineOnshore_lowP_Demand
	 - Adding Compressor hydrogen_Compressor_hydrogenPipelineOnshore_highP_hydrogenPipelineOnshore_lowP
	 - Adding Compressor hydrogen_Compressor_hydrogenPipelineOnshore_highP_hydrogenPipelineOnshore_highP
	 - Adding Compressor hydrogen_Compressor_hydrogenPipelineOnshore_highP_Storage_H2_lowP
	 - Adding Compressor hydrogen_Compressor_hydrogenPipelineOnshore_highP_Demand
	 - Adding Compressor hydrogen_Compressor_Electrolyzer_small_hydrogenPipelineOnshore_lowP
	 - Adding Compressor hydrogen_Compressor_Electrolyzer_small_hydrogenPipelineOnshore_highP
	 - Adding Compressor hydrogen_Compressor_Electrolyzer_small_Storage_H2_lowP
	 - Adding Compressor hydrogen_Compressor_Electrolyzer_small_Demand
	 - Adding Compressor hydrogen_Compressor_Storage_H2_lowP_hydrogenPipelineOnshore_lowP
	 - Adding Compressor hydrogen_Compressor_Storage_H2_lowP_hydrogenPipelineOnshore_highP
	 - Adding Compressor hydrogen_Compressor_Storage_H2_lowP_Storage_H2_lowP
	 - Adding Compressor hydrogen_Compressor_Storage_H2_lowP_Demand
	 - Adding Technology Storage_H2_Cavern_existing
			gdp.bigm Transformation...
			gdp.bigm Transformation completed in 4 s
	 - Adding Compressor hydrogen_Compressor_hydrogenPipelineOnshore_lowP_hydrogenPipelineOnshore_lowP
	 - Adding Compressor hydrogen_Compressor_hydrogenPipelineOnshore_lowP_hydrogenPipelineOnshore_highP
	 - Adding Compressor hydrogen_Compressor_hydrogenPipelineOnshore_lowP_Storage_H2_Cavern_existing
	 - Adding Compressor hydrogen_Compressor_hydrogenPipelineOnshore_highP_hydrogenPipelineOnshore_lowP
	 - Adding Compressor hydrogen_Compressor_hydrogenPipelineOnshore_highP_hydrogenPipelineOnshore_highP
	 - Adding Compressor hydrogen_Compressor_hydrogenPipelineOnshore_highP_Storage_H2_Cavern_existing
	 - Adding Compressor hydrogen_Compressor_Storage_H2_Cavern_existing_hydrogenPipelineOnshore_lowP
	 - Adding Compressor hydrogen_Compressor_Storage_H2_Cavern_existing_hydrogenPipelineOnshore_highP
	 - Adding Compressor hydrogen_Compressor_Storage_H2_Cavern_existing_Storage_H2_Cavern_existing_existing
Constructing model completed in 441s
Constructing balances...
Constructing balances completed in 16s
Set objective on infrastructure due to willingness to pay
Set parameter OutputFlag to value 1
Set parameter LogFile to value "/gpfs/home3/scur1696/AdOpT-NET0-RegToNation/generic_node_optimization/results/parallel_creation_test_20251204_143210/task_000/t000_parallel_run_0003/userData/20251204144036-1/solver_log.txt"
Solver log file: /gpfs/home3/scur1696/AdOpT-NET0-RegToNation/generic_node_optimization/results/parallel_creation_test_20251204_143210/task_000/t000_parallel_run_0003/userData/20251204144036-1/solver_log.txt
Set parameter TimeLimit to value 180000
Set parameter MIPGap to value 0.01
Set parameter MIPFocus to value 0
Set parameter Threads to value 12
Set parameter NodefileStart to value 60
Set parameter Method to value -1
Set parameter Heuristics to value 0.05
Set parameter Presolve to value 1
Set parameter BranchDir to value 0
Set parameter LPWarmStart to value 0
Set parameter IntFeasTol to value 1e-05
Set parameter FeasibilityTol to value 1e-06
Set parameter Cuts to value -1
Set parameter NumericFocus to value 0
  [CONFIG] Gurobi default env configured: 12 threads per worker
--- Reading in data ---
Input data folder has been checked successfully - no errors occurred.
--- Reading in data complete ---
--- Constructing Model ---
Constructing Investment Period period1
Constructing Investment Period period1 completed
	 - Constructing Network hydrogenPipelineOnshore_lowP
			gdp.bigm Transformation...
			gdp.bigm Transformation completed in 0 s
		 - Constructing Arc BIG1 - BIG2 completed
			gdp.bigm Transformation...
			gdp.bigm Transformation completed in 0 s
		 - Constructing Arc BIG1 - SMALL1 completed
			gdp.bigm Transformation...
			gdp.bigm Transformation completed in 0 s
		 - Constructing Arc BIG1 - SMALL2 completed
			gdp.bigm Transformation...
			gdp.bigm Transformation completed in 0 s
		 - Constructing Arc BIG1 - SMALL3 completed
			gdp.bigm Transformation...
			gdp.bigm Transformation completed in 0 s
		 - Constructing Arc BIG1 - SMALL4 completed
			gdp.bigm Transformation...
			gdp.bigm Transformation completed in 0 s
		 - Constructing Arc BIG1 - STORAGE completed
			gdp.bigm Transformation...
			gdp.bigm Transformation completed in 0 s
		 - Constructing Arc BIG2 - BIG1 completed
			gdp.bigm Transformation...
			gdp.bigm Transformation completed in 0 s
		 - Constructing Arc BIG2 - SMALL1 completed
			gdp.bigm Transformation...
			gdp.bigm Transformation completed in 0 s
		 - Constructing Arc BIG2 - SMALL2 completed
			gdp.bigm Transformation...
			gdp.bigm Transformation completed in 0 s
		 - Constructing Arc BIG2 - SMALL3 completed
			gdp.bigm Transformation...
			gdp.bigm Transformation completed in 0 s
		 - Constructing Arc BIG2 - SMALL4 completed
			gdp.bigm Transformation...
			gdp.bigm Transformation completed in 0 s
		 - Constructing Arc BIG2 - STORAGE completed
			gdp.bigm Transformation...
			gdp.bigm Transformation completed in 0 s
		 - Constructing Arc SMALL1 - BIG1 completed
			gdp.bigm Transformation...
			gdp.bigm Transformation completed in 0 s
		 - Constructing Arc SMALL1 - BIG2 completed
			gdp.bigm Transformation...
			gdp.bigm Transformation completed in 0 s
		 - Constructing Arc SMALL1 - SMALL2 completed
			gdp.bigm Transformation...
			gdp.bigm Transformation completed in 0 s
		 - Constructing Arc SMALL1 - SMALL3 completed
			gdp.bigm Transformation...
			gdp.bigm Transformation completed in 0 s
		 - Constructing Arc SMALL1 - SMALL4 completed
			gdp.bigm Transformation...
			gdp.bigm Transformation completed in 0 s
		 - Constructing Arc SMALL1 - STORAGE completed
			gdp.bigm Transformation...
			gdp.bigm Transformation completed in 0 s
		 - Constructing Arc SMALL2 - BIG1 completed
			gdp.bigm Transformation...
			gdp.bigm Transformation completed in 0 s
		 - Constructing Arc SMALL2 - BIG2 completed
			gdp.bigm Transformation...
			gdp.bigm Transformation completed in 0 s
		 - Constructing Arc SMALL2 - SMALL1 completed
			gdp.bigm Transformation...
			gdp.bigm Transformation completed in 0 s
		 - Constructing Arc SMALL2 - SMALL3 completed
			gdp.bigm Transformation...
			gdp.bigm Transformation completed in 0 s
		 - Constructing Arc SMALL2 - SMALL4 completed
			gdp.bigm Transformation...
			gdp.bigm Transformation completed in 0 s
		 - Constructing Arc SMALL2 - STORAGE completed
			gdp.bigm Transformation...
			gdp.bigm Transformation completed in 0 s
		 - Constructing Arc SMALL3 - BIG1 completed
			gdp.bigm Transformation...
			gdp.bigm Transformation completed in 0 s
		 - Constructing Arc SMALL3 - BIG2 completed
			gdp.bigm Transformation...
			gdp.bigm Transformation completed in 0 s
		 - Constructing Arc SMALL3 - SMALL1 completed
			gdp.bigm Transformation...
			gdp.bigm Transformation completed in 0 s
		 - Constructing Arc SMALL3 - SMALL2 completed
			gdp.bigm Transformation...
			gdp.bigm Transformation completed in 0 s
		 - Constructing Arc SMALL3 - SMALL4 completed
			gdp.bigm Transformation...
			gdp.bigm Transformation completed in 0 s
		 - Constructing Arc SMALL3 - STORAGE completed
			gdp.bigm Transformation...
			gdp.bigm Transformation completed in 0 s
		 - Constructing Arc SMALL4 - BIG1 completed
			gdp.bigm Transformation...
			gdp.bigm Transformation completed in 0 s
		 - Constructing Arc SMALL4 - BIG2 completed
			gdp.bigm Transformation...
			gdp.bigm Transformation completed in 0 s
		 - Constructing Arc SMALL4 - SMALL1 completed
			gdp.bigm Transformation...
			gdp.bigm Transformation completed in 0 s
		 - Constructing Arc SMALL4 - SMALL2 completed
			gdp.bigm Transformation...
			gdp.bigm Transformation completed in 0 s
		 - Constructing Arc SMALL4 - SMALL3 completed
			gdp.bigm Transformation...
			gdp.bigm Transformation completed in 0 s
		 - Constructing Arc SMALL4 - STORAGE completed
			gdp.bigm Transformation...
			gdp.bigm Transformation completed in 0 s
		 - Constructing Arc STORAGE - BIG1 completed
			gdp.bigm Transformation...
			gdp.bigm Transformation completed in 0 s
		 - Constructing Arc STORAGE - BIG2 completed
			gdp.bigm Transformation...
			gdp.bigm Transformation completed in 0 s
		 - Constructing Arc STORAGE - SMALL1 completed
			gdp.bigm Transformation...
			gdp.bigm Transformation completed in 0 s
		 - Constructing Arc STORAGE - SMALL2 completed
			gdp.bigm Transformation...
			gdp.bigm Transformation completed in 0 s
		 - Constructing Arc STORAGE - SMALL3 completed
			gdp.bigm Transformation...
			gdp.bigm Transformation completed in 0 s
		 - Constructing Arc STORAGE - SMALL4 completed
	 - Constructing Network hydrogenPipelineOnshore_lowP completed
			gdp.bigm Transformation...
			gdp.bigm Transformation completed in 77 s
	 - Constructing Network hydrogenPipelineOnshore_highP
			gdp.bigm Transformation...
			gdp.bigm Transformation completed in 0 s
		 - Constructing Arc BIG1 - BIG2 completed
			gdp.bigm Transformation...
			gdp.bigm Transformation completed in 0 s
		 - Constructing Arc BIG1 - SMALL1 completed
			gdp.bigm Transformation...
			gdp.bigm Transformation completed in 0 s
		 - Constructing Arc BIG1 - SMALL2 completed
			gdp.bigm Transformation...
			gdp.bigm Transformation completed in 0 s
		 - Constructing Arc BIG1 - SMALL3 completed
			gdp.bigm Transformation...
			gdp.bigm Transformation completed in 0 s
		 - Constructing Arc BIG1 - SMALL4 completed
			gdp.bigm Transformation...
			gdp.bigm Transformation completed in 0 s
		 - Constructing Arc BIG1 - STORAGE completed
			gdp.bigm Transformation...
			gdp.bigm Transformation completed in 0 s
		 - Constructing Arc BIG2 - BIG1 completed
			gdp.bigm Transformation...
			gdp.bigm Transformation completed in 0 s
		 - Constructing Arc BIG2 - SMALL1 completed
			gdp.bigm Transformation...
			gdp.bigm Transformation completed in 0 s
		 - Constructing Arc BIG2 - SMALL2 completed
			gdp.bigm Transformation...
			gdp.bigm Transformation completed in 0 s
		 - Constructing Arc BIG2 - SMALL3 completed
			gdp.bigm Transformation...
			gdp.bigm Transformation completed in 0 s
		 - Constructing Arc BIG2 - SMALL4 completed
			gdp.bigm Transformation...
			gdp.bigm Transformation completed in 0 s
		 - Constructing Arc BIG2 - STORAGE completed
			gdp.bigm Transformation...
			gdp.bigm Transformation completed in 0 s
		 - Constructing Arc SMALL1 - BIG1 completed
			gdp.bigm Transformation...
			gdp.bigm Transformation completed in 0 s
		 - Constructing Arc SMALL1 - BIG2 completed
			gdp.bigm Transformation...
			gdp.bigm Transformation completed in 0 s
		 - Constructing Arc SMALL1 - SMALL2 completed
			gdp.bigm Transformation...
			gdp.bigm Transformation completed in 0 s
		 - Constructing Arc SMALL1 - SMALL3 completed
			gdp.bigm Transformation...
			gdp.bigm Transformation completed in 0 s
		 - Constructing Arc SMALL1 - SMALL4 completed
			gdp.bigm Transformation...
			gdp.bigm Transformation completed in 0 s
		 - Constructing Arc SMALL1 - STORAGE completed
			gdp.bigm Transformation...
			gdp.bigm Transformation completed in 0 s
		 - Constructing Arc SMALL2 - BIG1 completed
			gdp.bigm Transformation...
			gdp.bigm Transformation completed in 0 s
		 - Constructing Arc SMALL2 - BIG2 completed
			gdp.bigm Transformation...
			gdp.bigm Transformation completed in 0 s
		 - Constructing Arc SMALL2 - SMALL1 completed
			gdp.bigm Transformation...
			gdp.bigm Transformation completed in 0 s
		 - Constructing Arc SMALL2 - SMALL3 completed
			gdp.bigm Transformation...
			gdp.bigm Transformation completed in 0 s
		 - Constructing Arc SMALL2 - SMALL4 completed
			gdp.bigm Transformation...
			gdp.bigm Transformation completed in 0 s
		 - Constructing Arc SMALL2 - STORAGE completed
			gdp.bigm Transformation...
			gdp.bigm Transformation completed in 0 s
		 - Constructing Arc SMALL3 - BIG1 completed
			gdp.bigm Transformation...
			gdp.bigm Transformation completed in 0 s
		 - Constructing Arc SMALL3 - BIG2 completed
			gdp.bigm Transformation...
			gdp.bigm Transformation completed in 0 s
		 - Constructing Arc SMALL3 - SMALL1 completed
			gdp.bigm Transformation...
			gdp.bigm Transformation completed in 0 s
		 - Constructing Arc SMALL3 - SMALL2 completed
			gdp.bigm Transformation...
			gdp.bigm Transformation completed in 0 s
		 - Constructing Arc SMALL3 - SMALL4 completed
			gdp.bigm Transformation...
			gdp.bigm Transformation completed in 0 s
		 - Constructing Arc SMALL3 - STORAGE completed
			gdp.bigm Transformation...
			gdp.bigm Transformation completed in 0 s
		 - Constructing Arc SMALL4 - BIG1 completed
			gdp.bigm Transformation...
			gdp.bigm Transformation completed in 0 s
		 - Constructing Arc SMALL4 - BIG2 completed
			gdp.bigm Transformation...
			gdp.bigm Transformation completed in 0 s
		 - Constructing Arc SMALL4 - SMALL1 completed
			gdp.bigm Transformation...
			gdp.bigm Transformation completed in 0 s
		 - Constructing Arc SMALL4 - SMALL2 completed
			gdp.bigm Transformation...
			gdp.bigm Transformation completed in 0 s
		 - Constructing Arc SMALL4 - SMALL3 completed
			gdp.bigm Transformation...
			gdp.bigm Transformation completed in 0 s
		 - Constructing Arc SMALL4 - STORAGE completed
			gdp.bigm Transformation...
			gdp.bigm Transformation completed in 0 s
		 - Constructing Arc STORAGE - BIG1 completed
			gdp.bigm Transformation...
			gdp.bigm Transformation completed in 0 s
		 - Constructing Arc STORAGE - BIG2 completed
			gdp.bigm Transformation...
			gdp.bigm Transformation completed in 0 s
		 - Constructing Arc STORAGE - SMALL1 completed
			gdp.bigm Transformation...
			gdp.bigm Transformation completed in 0 s
		 - Constructing Arc STORAGE - SMALL2 completed
			gdp.bigm Transformation...
			gdp.bigm Transformation completed in 0 s
		 - Constructing Arc STORAGE - SMALL3 completed
			gdp.bigm Transformation...
			gdp.bigm Transformation completed in 0 s
		 - Constructing Arc STORAGE - SMALL4 completed
	 - Constructing Network hydrogenPipelineOnshore_highP completed
			gdp.bigm Transformation...
			gdp.bigm Transformation completed in 77 s
	 - Adding Technology Electrolyzer_big
			gdp.bigm Transformation...
			gdp.bigm Transformation completed in 0 s
	 - Adding Technology Storage_H2_highP
			gdp.bigm Transformation...
			gdp.bigm Transformation completed in 4 s
	 - Adding Compressor hydrogen_Compressor_hydrogenPipelineOnshore_lowP_hydrogenPipelineOnshore_lowP
	 - Adding Compressor hydrogen_Compressor_hydrogenPipelineOnshore_lowP_hydrogenPipelineOnshore_highP
	 - Adding Compressor hydrogen_Compressor_hydrogenPipelineOnshore_lowP_Storage_H2_highP
	 - Adding Compressor hydrogen_Compressor_hydrogenPipelineOnshore_lowP_Demand
	 - Adding Compressor hydrogen_Compressor_hydrogenPipelineOnshore_highP_hydrogenPipelineOnshore_lowP
	 - Adding Compressor hydrogen_Compressor_hydrogenPipelineOnshore_highP_hydrogenPipelineOnshore_highP
	 - Adding Compressor hydrogen_Compressor_hydrogenPipelineOnshore_highP_Storage_H2_highP
	 - Adding Compressor hydrogen_Compressor_hydrogenPipelineOnshore_highP_Demand
	 - Adding Compressor hydrogen_Compressor_Electrolyzer_big_hydrogenPipelineOnshore_lowP
	 - Adding Compressor hydrogen_Compressor_Electrolyzer_big_hydrogenPipelineOnshore_highP
	 - Adding Compressor hydrogen_Compressor_Electrolyzer_big_Storage_H2_highP
	 - Adding Compressor hydrogen_Compressor_Electrolyzer_big_Demand
	 - Adding Compressor hydrogen_Compressor_Storage_H2_highP_hydrogenPipelineOnshore_lowP
	 - Adding Compressor hydrogen_Compressor_Storage_H2_highP_hydrogenPipelineOnshore_highP
	 - Adding Compressor hydrogen_Compressor_Storage_H2_highP_Storage_H2_highP
	 - Adding Compressor hydrogen_Compressor_Storage_H2_highP_Demand
	 - Adding Compressor hydrogen_Compressor_Import_hydrogenPipelineOnshore_lowP
	 - Adding Compressor hydrogen_Compressor_Import_hydrogenPipelineOnshore_highP
	 - Adding Compressor hydrogen_Compressor_Import_Storage_H2_highP
	 - Adding Compressor hydrogen_Compressor_Import_Demand_existing
	 - Adding Technology Electrolyzer_big
			gdp.bigm Transformation...
			gdp.bigm Transformation completed in 0 s
	 - Adding Technology Storage_H2_highP
			gdp.bigm Transformation...
			gdp.bigm Transformation completed in 4 s
	 - Adding Compressor hydrogen_Compressor_hydrogenPipelineOnshore_lowP_hydrogenPipelineOnshore_lowP
	 - Adding Compressor hydrogen_Compressor_hydrogenPipelineOnshore_lowP_hydrogenPipelineOnshore_highP
	 - Adding Compressor hydrogen_Compressor_hydrogenPipelineOnshore_lowP_Storage_H2_highP
	 - Adding Compressor hydrogen_Compressor_hydrogenPipelineOnshore_lowP_Demand
	 - Adding Compressor hydrogen_Compressor_hydrogenPipelineOnshore_highP_hydrogenPipelineOnshore_lowP
	 - Adding Compressor hydrogen_Compressor_hydrogenPipelineOnshore_highP_hydrogenPipelineOnshore_highP
	 - Adding Compressor hydrogen_Compressor_hydrogenPipelineOnshore_highP_Storage_H2_highP
	 - Adding Compressor hydrogen_Compressor_hydrogenPipelineOnshore_highP_Demand
	 - Adding Compressor hydrogen_Compressor_Electrolyzer_big_hydrogenPipelineOnshore_lowP
	 - Adding Compressor hydrogen_Compressor_Electrolyzer_big_hydrogenPipelineOnshore_highP
	 - Adding Compressor hydrogen_Compressor_Electrolyzer_big_Storage_H2_highP
	 - Adding Compressor hydrogen_Compressor_Electrolyzer_big_Demand
	 - Adding Compressor hydrogen_Compressor_Storage_H2_highP_hydrogenPipelineOnshore_lowP
	 - Adding Compressor hydrogen_Compressor_Storage_H2_highP_hydrogenPipelineOnshore_highP
	 - Adding Compressor hydrogen_Compressor_Storage_H2_highP_Storage_H2_highP
	 - Adding Compressor hydrogen_Compressor_Storage_H2_highP_Demand
	 - Adding Compressor hydrogen_Compressor_Import_hydrogenPipelineOnshore_lowP
	 - Adding Compressor hydrogen_Compressor_Import_hydrogenPipelineOnshore_highP
	 - Adding Compressor hydrogen_Compressor_Import_Storage_H2_highP
	 - Adding Compressor hydrogen_Compressor_Import_Demand_existing
	 - Adding Technology Electrolyzer_small
	 - Adding Technology Storage_H2_lowP
			gdp.bigm Transformation...
			gdp.bigm Transformation completed in 4 s
	 - Adding Compressor hydrogen_Compressor_hydrogenPipelineOnshore_lowP_hydrogenPipelineOnshore_lowP
	 - Adding Compressor hydrogen_Compressor_hydrogenPipelineOnshore_lowP_hydrogenPipelineOnshore_highP
	 - Adding Compressor hydrogen_Compressor_hydrogenPipelineOnshore_lowP_Storage_H2_lowP
	 - Adding Compressor hydrogen_Compressor_hydrogenPipelineOnshore_lowP_Demand
	 - Adding Compressor hydrogen_Compressor_hydrogenPipelineOnshore_highP_hydrogenPipelineOnshore_lowP
	 - Adding Compressor hydrogen_Compressor_hydrogenPipelineOnshore_highP_hydrogenPipelineOnshore_highP
	 - Adding Compressor hydrogen_Compressor_hydrogenPipelineOnshore_highP_Storage_H2_lowP
	 - Adding Compressor hydrogen_Compressor_hydrogenPipelineOnshore_highP_Demand
	 - Adding Compressor hydrogen_Compressor_Electrolyzer_small_hydrogenPipelineOnshore_lowP
	 - Adding Compressor hydrogen_Compressor_Electrolyzer_small_hydrogenPipelineOnshore_highP
	 - Adding Compressor hydrogen_Compressor_Electrolyzer_small_Storage_H2_lowP
	 - Adding Compressor hydrogen_Compressor_Electrolyzer_small_Demand
	 - Adding Compressor hydrogen_Compressor_Storage_H2_lowP_hydrogenPipelineOnshore_lowP
	 - Adding Compressor hydrogen_Compressor_Storage_H2_lowP_hydrogenPipelineOnshore_highP
	 - Adding Compressor hydrogen_Compressor_Storage_H2_lowP_Storage_H2_lowP
	 - Adding Compressor hydrogen_Compressor_Storage_H2_lowP_Demand
	 - Adding Technology Electrolyzer_small
	 - Adding Technology Storage_H2_lowP
			gdp.bigm Transformation...
			gdp.bigm Transformation completed in 4 s
	 - Adding Compressor hydrogen_Compressor_hydrogenPipelineOnshore_lowP_hydrogenPipelineOnshore_lowP
	 - Adding Compressor hydrogen_Compressor_hydrogenPipelineOnshore_lowP_hydrogenPipelineOnshore_highP
	 - Adding Compressor hydrogen_Compressor_hydrogenPipelineOnshore_lowP_Storage_H2_lowP
	 - Adding Compressor hydrogen_Compressor_hydrogenPipelineOnshore_lowP_Demand
	 - Adding Compressor hydrogen_Compressor_hydrogenPipelineOnshore_highP_hydrogenPipelineOnshore_lowP
	 - Adding Compressor hydrogen_Compressor_hydrogenPipelineOnshore_highP_hydrogenPipelineOnshore_highP
	 - Adding Compressor hydrogen_Compressor_hydrogenPipelineOnshore_highP_Storage_H2_lowP
	 - Adding Compressor hydrogen_Compressor_hydrogenPipelineOnshore_highP_Demand
	 - Adding Compressor hydrogen_Compressor_Electrolyzer_small_hydrogenPipelineOnshore_lowP
	 - Adding Compressor hydrogen_Compressor_Electrolyzer_small_hydrogenPipelineOnshore_highP
	 - Adding Compressor hydrogen_Compressor_Electrolyzer_small_Storage_H2_lowP
	 - Adding Compressor hydrogen_Compressor_Electrolyzer_small_Demand
	 - Adding Compressor hydrogen_Compressor_Storage_H2_lowP_hydrogenPipelineOnshore_lowP
	 - Adding Compressor hydrogen_Compressor_Storage_H2_lowP_hydrogenPipelineOnshore_highP
	 - Adding Compressor hydrogen_Compressor_Storage_H2_lowP_Storage_H2_lowP
	 - Adding Compressor hydrogen_Compressor_Storage_H2_lowP_Demand
	 - Adding Technology Electrolyzer_small
	 - Adding Technology Storage_H2_lowP
			gdp.bigm Transformation...
			gdp.bigm Transformation completed in 4 s
	 - Adding Compressor hydrogen_Compressor_hydrogenPipelineOnshore_lowP_hydrogenPipelineOnshore_lowP
	 - Adding Compressor hydrogen_Compressor_hydrogenPipelineOnshore_lowP_hydrogenPipelineOnshore_highP
	 - Adding Compressor hydrogen_Compressor_hydrogenPipelineOnshore_lowP_Storage_H2_lowP
	 - Adding Compressor hydrogen_Compressor_hydrogenPipelineOnshore_lowP_Demand
	 - Adding Compressor hydrogen_Compressor_hydrogenPipelineOnshore_highP_hydrogenPipelineOnshore_lowP
	 - Adding Compressor hydrogen_Compressor_hydrogenPipelineOnshore_highP_hydrogenPipelineOnshore_highP
	 - Adding Compressor hydrogen_Compressor_hydrogenPipelineOnshore_highP_Storage_H2_lowP
	 - Adding Compressor hydrogen_Compressor_hydrogenPipelineOnshore_highP_Demand
	 - Adding Compressor hydrogen_Compressor_Electrolyzer_small_hydrogenPipelineOnshore_lowP
	 - Adding Compressor hydrogen_Compressor_Electrolyzer_small_hydrogenPipelineOnshore_highP
	 - Adding Compressor hydrogen_Compressor_Electrolyzer_small_Storage_H2_lowP
	 - Adding Compressor hydrogen_Compressor_Electrolyzer_small_Demand
	 - Adding Compressor hydrogen_Compressor_Storage_H2_lowP_hydrogenPipelineOnshore_lowP
	 - Adding Compressor hydrogen_Compressor_Storage_H2_lowP_hydrogenPipelineOnshore_highP
	 - Adding Compressor hydrogen_Compressor_Storage_H2_lowP_Storage_H2_lowP
	 - Adding Compressor hydrogen_Compressor_Storage_H2_lowP_Demand
	 - Adding Technology Electrolyzer_small
	 - Adding Technology Storage_H2_lowP
			gdp.bigm Transformation...
			gdp.bigm Transformation completed in 4 s
	 - Adding Compressor hydrogen_Compressor_hydrogenPipelineOnshore_lowP_hydrogenPipelineOnshore_lowP
	 - Adding Compressor hydrogen_Compressor_hydrogenPipelineOnshore_lowP_hydrogenPipelineOnshore_highP
	 - Adding Compressor hydrogen_Compressor_hydrogenPipelineOnshore_lowP_Storage_H2_lowP
	 - Adding Compressor hydrogen_Compressor_hydrogenPipelineOnshore_lowP_Demand
	 - Adding Compressor hydrogen_Compressor_hydrogenPipelineOnshore_highP_hydrogenPipelineOnshore_lowP
	 - Adding Compressor hydrogen_Compressor_hydrogenPipelineOnshore_highP_hydrogenPipelineOnshore_highP
	 - Adding Compressor hydrogen_Compressor_hydrogenPipelineOnshore_highP_Storage_H2_lowP
	 - Adding Compressor hydrogen_Compressor_hydrogenPipelineOnshore_highP_Demand
	 - Adding Compressor hydrogen_Compressor_Electrolyzer_small_hydrogenPipelineOnshore_lowP
	 - Adding Compressor hydrogen_Compressor_Electrolyzer_small_hydrogenPipelineOnshore_highP
	 - Adding Compressor hydrogen_Compressor_Electrolyzer_small_Storage_H2_lowP
	 - Adding Compressor hydrogen_Compressor_Electrolyzer_small_Demand
	 - Adding Compressor hydrogen_Compressor_Storage_H2_lowP_hydrogenPipelineOnshore_lowP
	 - Adding Compressor hydrogen_Compressor_Storage_H2_lowP_hydrogenPipelineOnshore_highP
	 - Adding Compressor hydrogen_Compressor_Storage_H2_lowP_Storage_H2_lowP
	 - Adding Compressor hydrogen_Compressor_Storage_H2_lowP_Demand
	 - Adding Technology Storage_H2_Cavern_existing
			gdp.bigm Transformation...
			gdp.bigm Transformation completed in 4 s
	 - Adding Compressor hydrogen_Compressor_hydrogenPipelineOnshore_lowP_hydrogenPipelineOnshore_lowP
	 - Adding Compressor hydrogen_Compressor_hydrogenPipelineOnshore_lowP_hydrogenPipelineOnshore_highP
	 - Adding Compressor hydrogen_Compressor_hydrogenPipelineOnshore_lowP_Storage_H2_Cavern_existing
	 - Adding Compressor hydrogen_Compressor_hydrogenPipelineOnshore_highP_hydrogenPipelineOnshore_lowP
	 - Adding Compressor hydrogen_Compressor_hydrogenPipelineOnshore_highP_hydrogenPipelineOnshore_highP
	 - Adding Compressor hydrogen_Compressor_hydrogenPipelineOnshore_highP_Storage_H2_Cavern_existing
	 - Adding Compressor hydrogen_Compressor_Storage_H2_Cavern_existing_hydrogenPipelineOnshore_lowP
	 - Adding Compressor hydrogen_Compressor_Storage_H2_Cavern_existing_hydrogenPipelineOnshore_highP
	 - Adding Compressor hydrogen_Compressor_Storage_H2_Cavern_existing_Storage_H2_Cavern_existing_existing
Constructing model completed in 442s
Constructing balances...
Constructing balances completed in 17s
Set objective on infrastructure due to willingness to pay
Set parameter OutputFlag to value 1
Set parameter LogFile to value "/gpfs/home3/scur1696/AdOpT-NET0-RegToNation/generic_node_optimization/results/parallel_creation_test_20251204_143210/task_000/t000_parallel_run_0004/userData/20251204144036-1/solver_log.txt"
Solver log file: /gpfs/home3/scur1696/AdOpT-NET0-RegToNation/generic_node_optimization/results/parallel_creation_test_20251204_143210/task_000/t000_parallel_run_0004/userData/20251204144036-1/solver_log.txt
Set parameter TimeLimit to value 180000
Set parameter MIPGap to value 0.01
Set parameter MIPFocus to value 0
Set parameter Threads to value 12
Set parameter NodefileStart to value 60
Set parameter Method to value -1
Set parameter Heuristics to value 0.05
Set parameter Presolve to value 1
Set parameter BranchDir to value 0
Set parameter LPWarmStart to value 0
Set parameter IntFeasTol to value 1e-05
Set parameter FeasibilityTol to value 1e-06
Set parameter Cuts to value -1
Set parameter NumericFocus to value 0
Gurobi Optimizer version 13.0.0 build v13.0.0rc1 (linux64 - "Red Hat Enterprise Linux 9.4 (Plow)")

CPU model: AMD EPYC 9654 96-Core Processor, instruction set [SSE2|AVX|AVX2|AVX512]
Thread count: 192 physical cores, 192 logical processors, using up to 12 threads

Non-default parameters:
TimeLimit  180000
MIPGap  0.01
LPWarmStart  0
NodefileStart  60
Presolve  1
Threads  12

Academic license 2729390 - for non-commercial use only - registered to m.___@uu.nl
Optimize a model with 9050179 rows, 6728544 columns and 21385595 nonzeros (Min)
Model fingerprint: 0x7714be2a
Model has 1 linear objective coefficients
Variable types: 5869892 continuous, 858652 integer (858652 binary)
Coefficient statistics:
  Matrix range     [2e-03, 2e+08]
  Objective range  [1e+00, 1e+00]
  Bounds range     [5e-02, 6e+08]
  RHS range        [1e+00, 7e+09]
Warning: Model contains large matrix coefficients
Warning: Model contains large rhs
         Consider reformulating model or setting NumericFocus parameter
         to avoid numerical issues.
  [CONFIG] Gurobi default env configured: 12 threads per worker
--- Reading in data ---
Input data folder has been checked successfully - no errors occurred.
--- Reading in data complete ---
--- Constructing Model ---
Constructing Investment Period period1
Constructing Investment Period period1 completed
	 - Constructing Network hydrogenPipelineOnshore_lowP
			gdp.bigm Transformation...
			gdp.bigm Transformation completed in 0 s
		 - Constructing Arc BIG1 - BIG2 completed
			gdp.bigm Transformation...
			gdp.bigm Transformation completed in 0 s
		 - Constructing Arc BIG1 - SMALL1 completed
			gdp.bigm Transformation...
			gdp.bigm Transformation completed in 0 s
		 - Constructing Arc BIG1 - SMALL2 completed
			gdp.bigm Transformation...
			gdp.bigm Transformation completed in 0 s
		 - Constructing Arc BIG1 - SMALL3 completed
			gdp.bigm Transformation...
			gdp.bigm Transformation completed in 0 s
		 - Constructing Arc BIG1 - SMALL4 completed
			gdp.bigm Transformation...
			gdp.bigm Transformation completed in 0 s
		 - Constructing Arc BIG1 - STORAGE completed
			gdp.bigm Transformation...
			gdp.bigm Transformation completed in 0 s
		 - Constructing Arc BIG2 - BIG1 completed
			gdp.bigm Transformation...
			gdp.bigm Transformation completed in 0 s
		 - Constructing Arc BIG2 - SMALL1 completed
			gdp.bigm Transformation...
			gdp.bigm Transformation completed in 0 s
		 - Constructing Arc BIG2 - SMALL2 completed
			gdp.bigm Transformation...
			gdp.bigm Transformation completed in 0 s
		 - Constructing Arc BIG2 - SMALL3 completed
			gdp.bigm Transformation...
			gdp.bigm Transformation completed in 0 s
		 - Constructing Arc BIG2 - SMALL4 completed
			gdp.bigm Transformation...
			gdp.bigm Transformation completed in 0 s
		 - Constructing Arc BIG2 - STORAGE completed
			gdp.bigm Transformation...
			gdp.bigm Transformation completed in 0 s
		 - Constructing Arc SMALL1 - BIG1 completed
			gdp.bigm Transformation...
			gdp.bigm Transformation completed in 0 s
		 - Constructing Arc SMALL1 - BIG2 completed
			gdp.bigm Transformation...
			gdp.bigm Transformation completed in 0 s
		 - Constructing Arc SMALL1 - SMALL2 completed
			gdp.bigm Transformation...
			gdp.bigm Transformation completed in 0 s
		 - Constructing Arc SMALL1 - SMALL3 completed
			gdp.bigm Transformation...
			gdp.bigm Transformation completed in 0 s
		 - Constructing Arc SMALL1 - SMALL4 completed
			gdp.bigm Transformation...
			gdp.bigm Transformation completed in 0 s
		 - Constructing Arc SMALL1 - STORAGE completed
			gdp.bigm Transformation...
			gdp.bigm Transformation completed in 0 s
		 - Constructing Arc SMALL2 - BIG1 completed
			gdp.bigm Transformation...
			gdp.bigm Transformation completed in 0 s
		 - Constructing Arc SMALL2 - BIG2 completed
			gdp.bigm Transformation...
			gdp.bigm Transformation completed in 0 s
		 - Constructing Arc SMALL2 - SMALL1 completed
			gdp.bigm Transformation...
			gdp.bigm Transformation completed in 0 s
		 - Constructing Arc SMALL2 - SMALL3 completed
			gdp.bigm Transformation...
			gdp.bigm Transformation completed in 0 s
		 - Constructing Arc SMALL2 - SMALL4 completed
			gdp.bigm Transformation...
			gdp.bigm Transformation completed in 0 s
		 - Constructing Arc SMALL2 - STORAGE completed
			gdp.bigm Transformation...
			gdp.bigm Transformation completed in 0 s
		 - Constructing Arc SMALL3 - BIG1 completed
			gdp.bigm Transformation...
			gdp.bigm Transformation completed in 0 s
		 - Constructing Arc SMALL3 - BIG2 completed
			gdp.bigm Transformation...
			gdp.bigm Transformation completed in 0 s
		 - Constructing Arc SMALL3 - SMALL1 completed
			gdp.bigm Transformation...
			gdp.bigm Transformation completed in 0 s
		 - Constructing Arc SMALL3 - SMALL2 completed
			gdp.bigm Transformation...
			gdp.bigm Transformation completed in 0 s
		 - Constructing Arc SMALL3 - SMALL4 completed
			gdp.bigm Transformation...
			gdp.bigm Transformation completed in 0 s
		 - Constructing Arc SMALL3 - STORAGE completed
			gdp.bigm Transformation...
			gdp.bigm Transformation completed in 0 s
		 - Constructing Arc SMALL4 - BIG1 completed
			gdp.bigm Transformation...
			gdp.bigm Transformation completed in 0 s
		 - Constructing Arc SMALL4 - BIG2 completed
			gdp.bigm Transformation...
			gdp.bigm Transformation completed in 0 s
		 - Constructing Arc SMALL4 - SMALL1 completed
			gdp.bigm Transformation...
			gdp.bigm Transformation completed in 0 s
		 - Constructing Arc SMALL4 - SMALL2 completed
			gdp.bigm Transformation...
			gdp.bigm Transformation completed in 0 s
		 - Constructing Arc SMALL4 - SMALL3 completed
			gdp.bigm Transformation...
			gdp.bigm Transformation completed in 0 s
		 - Constructing Arc SMALL4 - STORAGE completed
			gdp.bigm Transformation...
			gdp.bigm Transformation completed in 0 s
		 - Constructing Arc STORAGE - BIG1 completed
			gdp.bigm Transformation...
			gdp.bigm Transformation completed in 0 s
		 - Constructing Arc STORAGE - BIG2 completed
			gdp.bigm Transformation...
			gdp.bigm Transformation completed in 0 s
		 - Constructing Arc STORAGE - SMALL1 completed
			gdp.bigm Transformation...
			gdp.bigm Transformation completed in 0 s
		 - Constructing Arc STORAGE - SMALL2 completed
			gdp.bigm Transformation...
			gdp.bigm Transformation completed in 0 s
		 - Constructing Arc STORAGE - SMALL3 completed
			gdp.bigm Transformation...
			gdp.bigm Transformation completed in 0 s
		 - Constructing Arc STORAGE - SMALL4 completed
	 - Constructing Network hydrogenPipelineOnshore_lowP completed
			gdp.bigm Transformation...
			gdp.bigm Transformation completed in 78 s
	 - Constructing Network hydrogenPipelineOnshore_highP
			gdp.bigm Transformation...
			gdp.bigm Transformation completed in 0 s
		 - Constructing Arc BIG1 - BIG2 completed
			gdp.bigm Transformation...
			gdp.bigm Transformation completed in 0 s
		 - Constructing Arc BIG1 - SMALL1 completed
			gdp.bigm Transformation...
			gdp.bigm Transformation completed in 0 s
		 - Constructing Arc BIG1 - SMALL2 completed
			gdp.bigm Transformation...
			gdp.bigm Transformation completed in 0 s
		 - Constructing Arc BIG1 - SMALL3 completed
			gdp.bigm Transformation...
			gdp.bigm Transformation completed in 0 s
		 - Constructing Arc BIG1 - SMALL4 completed
			gdp.bigm Transformation...
			gdp.bigm Transformation completed in 0 s
		 - Constructing Arc BIG1 - STORAGE completed
			gdp.bigm Transformation...
			gdp.bigm Transformation completed in 0 s
		 - Constructing Arc BIG2 - BIG1 completed
			gdp.bigm Transformation...
			gdp.bigm Transformation completed in 0 s
		 - Constructing Arc BIG2 - SMALL1 completed
			gdp.bigm Transformation...
			gdp.bigm Transformation completed in 0 s
		 - Constructing Arc BIG2 - SMALL2 completed
			gdp.bigm Transformation...
			gdp.bigm Transformation completed in 0 s
		 - Constructing Arc BIG2 - SMALL3 completed
			gdp.bigm Transformation...
			gdp.bigm Transformation completed in 0 s
		 - Constructing Arc BIG2 - SMALL4 completed
			gdp.bigm Transformation...
			gdp.bigm Transformation completed in 0 s
		 - Constructing Arc BIG2 - STORAGE completed
			gdp.bigm Transformation...
			gdp.bigm Transformation completed in 0 s
		 - Constructing Arc SMALL1 - BIG1 completed
			gdp.bigm Transformation...
			gdp.bigm Transformation completed in 0 s
		 - Constructing Arc SMALL1 - BIG2 completed
			gdp.bigm Transformation...
			gdp.bigm Transformation completed in 0 s
		 - Constructing Arc SMALL1 - SMALL2 completed
			gdp.bigm Transformation...
			gdp.bigm Transformation completed in 0 s
		 - Constructing Arc SMALL1 - SMALL3 completed
			gdp.bigm Transformation...
			gdp.bigm Transformation completed in 0 s
		 - Constructing Arc SMALL1 - SMALL4 completed
			gdp.bigm Transformation...
			gdp.bigm Transformation completed in 0 s
		 - Constructing Arc SMALL1 - STORAGE completed
			gdp.bigm Transformation...
			gdp.bigm Transformation completed in 0 s
		 - Constructing Arc SMALL2 - BIG1 completed
			gdp.bigm Transformation...
			gdp.bigm Transformation completed in 0 s
		 - Constructing Arc SMALL2 - BIG2 completed
			gdp.bigm Transformation...
			gdp.bigm Transformation completed in 0 s
		 - Constructing Arc SMALL2 - SMALL1 completed
			gdp.bigm Transformation...
			gdp.bigm Transformation completed in 0 s
		 - Constructing Arc SMALL2 - SMALL3 completed
			gdp.bigm Transformation...
			gdp.bigm Transformation completed in 0 s
		 - Constructing Arc SMALL2 - SMALL4 completed
			gdp.bigm Transformation...
			gdp.bigm Transformation completed in 0 s
		 - Constructing Arc SMALL2 - STORAGE completed
			gdp.bigm Transformation...
			gdp.bigm Transformation completed in 0 s
		 - Constructing Arc SMALL3 - BIG1 completed
			gdp.bigm Transformation...
			gdp.bigm Transformation completed in 0 s
		 - Constructing Arc SMALL3 - BIG2 completed
			gdp.bigm Transformation...
			gdp.bigm Transformation completed in 0 s
		 - Constructing Arc SMALL3 - SMALL1 completed
			gdp.bigm Transformation...
			gdp.bigm Transformation completed in 0 s
		 - Constructing Arc SMALL3 - SMALL2 completed
			gdp.bigm Transformation...
			gdp.bigm Transformation completed in 0 s
		 - Constructing Arc SMALL3 - SMALL4 completed
			gdp.bigm Transformation...
			gdp.bigm Transformation completed in 0 s
		 - Constructing Arc SMALL3 - STORAGE completed
			gdp.bigm Transformation...
			gdp.bigm Transformation completed in 0 s
		 - Constructing Arc SMALL4 - BIG1 completed
			gdp.bigm Transformation...
			gdp.bigm Transformation completed in 0 s
		 - Constructing Arc SMALL4 - BIG2 completed
			gdp.bigm Transformation...
			gdp.bigm Transformation completed in 0 s
		 - Constructing Arc SMALL4 - SMALL1 completed
			gdp.bigm Transformation...
			gdp.bigm Transformation completed in 0 s
		 - Constructing Arc SMALL4 - SMALL2 completed
			gdp.bigm Transformation...
			gdp.bigm Transformation completed in 0 s
		 - Constructing Arc SMALL4 - SMALL3 completed
			gdp.bigm Transformation...
			gdp.bigm Transformation completed in 0 s
		 - Constructing Arc SMALL4 - STORAGE completed
			gdp.bigm Transformation...
			gdp.bigm Transformation completed in 0 s
		 - Constructing Arc STORAGE - BIG1 completed
			gdp.bigm Transformation...
			gdp.bigm Transformation completed in 0 s
		 - Constructing Arc STORAGE - BIG2 completed
			gdp.bigm Transformation...
			gdp.bigm Transformation completed in 0 s
		 - Constructing Arc STORAGE - SMALL1 completed
			gdp.bigm Transformation...
			gdp.bigm Transformation completed in 0 s
		 - Constructing Arc STORAGE - SMALL2 completed
			gdp.bigm Transformation...
			gdp.bigm Transformation completed in 0 s
		 - Constructing Arc STORAGE - SMALL3 completed
			gdp.bigm Transformation...
			gdp.bigm Transformation completed in 0 s
		 - Constructing Arc STORAGE - SMALL4 completed
	 - Constructing Network hydrogenPipelineOnshore_highP completed
			gdp.bigm Transformation...
			gdp.bigm Transformation completed in 77 s
	 - Adding Technology Electrolyzer_big
			gdp.bigm Transformation...
			gdp.bigm Transformation completed in 0 s
	 - Adding Technology Storage_H2_highP
			gdp.bigm Transformation...
			gdp.bigm Transformation completed in 4 s
	 - Adding Compressor hydrogen_Compressor_hydrogenPipelineOnshore_lowP_hydrogenPipelineOnshore_lowP
	 - Adding Compressor hydrogen_Compressor_hydrogenPipelineOnshore_lowP_hydrogenPipelineOnshore_highP
	 - Adding Compressor hydrogen_Compressor_hydrogenPipelineOnshore_lowP_Storage_H2_highP
	 - Adding Compressor hydrogen_Compressor_hydrogenPipelineOnshore_lowP_Demand
	 - Adding Compressor hydrogen_Compressor_hydrogenPipelineOnshore_highP_hydrogenPipelineOnshore_lowP
	 - Adding Compressor hydrogen_Compressor_hydrogenPipelineOnshore_highP_hydrogenPipelineOnshore_highP
	 - Adding Compressor hydrogen_Compressor_hydrogenPipelineOnshore_highP_Storage_H2_highP
	 - Adding Compressor hydrogen_Compressor_hydrogenPipelineOnshore_highP_Demand
	 - Adding Compressor hydrogen_Compressor_Electrolyzer_big_hydrogenPipelineOnshore_lowP
	 - Adding Compressor hydrogen_Compressor_Electrolyzer_big_hydrogenPipelineOnshore_highP
	 - Adding Compressor hydrogen_Compressor_Electrolyzer_big_Storage_H2_highP
	 - Adding Compressor hydrogen_Compressor_Electrolyzer_big_Demand
	 - Adding Compressor hydrogen_Compressor_Storage_H2_highP_hydrogenPipelineOnshore_lowP
	 - Adding Compressor hydrogen_Compressor_Storage_H2_highP_hydrogenPipelineOnshore_highP
	 - Adding Compressor hydrogen_Compressor_Storage_H2_highP_Storage_H2_highP
	 - Adding Compressor hydrogen_Compressor_Storage_H2_highP_Demand
	 - Adding Compressor hydrogen_Compressor_Import_hydrogenPipelineOnshore_lowP
	 - Adding Compressor hydrogen_Compressor_Import_hydrogenPipelineOnshore_highP
	 - Adding Compressor hydrogen_Compressor_Import_Storage_H2_highP
	 - Adding Compressor hydrogen_Compressor_Import_Demand_existing
	 - Adding Technology Electrolyzer_big
			gdp.bigm Transformation...
			gdp.bigm Transformation completed in 0 s
	 - Adding Technology Storage_H2_highP
			gdp.bigm Transformation...
			gdp.bigm Transformation completed in 4 s
	 - Adding Compressor hydrogen_Compressor_hydrogenPipelineOnshore_lowP_hydrogenPipelineOnshore_lowP
	 - Adding Compressor hydrogen_Compressor_hydrogenPipelineOnshore_lowP_hydrogenPipelineOnshore_highP
	 - Adding Compressor hydrogen_Compressor_hydrogenPipelineOnshore_lowP_Storage_H2_highP
	 - Adding Compressor hydrogen_Compressor_hydrogenPipelineOnshore_lowP_Demand
	 - Adding Compressor hydrogen_Compressor_hydrogenPipelineOnshore_highP_hydrogenPipelineOnshore_lowP
	 - Adding Compressor hydrogen_Compressor_hydrogenPipelineOnshore_highP_hydrogenPipelineOnshore_highP
	 - Adding Compressor hydrogen_Compressor_hydrogenPipelineOnshore_highP_Storage_H2_highP
	 - Adding Compressor hydrogen_Compressor_hydrogenPipelineOnshore_highP_Demand
	 - Adding Compressor hydrogen_Compressor_Electrolyzer_big_hydrogenPipelineOnshore_lowP
	 - Adding Compressor hydrogen_Compressor_Electrolyzer_big_hydrogenPipelineOnshore_highP
	 - Adding Compressor hydrogen_Compressor_Electrolyzer_big_Storage_H2_highP
	 - Adding Compressor hydrogen_Compressor_Electrolyzer_big_Demand
	 - Adding Compressor hydrogen_Compressor_Storage_H2_highP_hydrogenPipelineOnshore_lowP
	 - Adding Compressor hydrogen_Compressor_Storage_H2_highP_hydrogenPipelineOnshore_highP
	 - Adding Compressor hydrogen_Compressor_Storage_H2_highP_Storage_H2_highP
	 - Adding Compressor hydrogen_Compressor_Storage_H2_highP_Demand
	 - Adding Compressor hydrogen_Compressor_Import_hydrogenPipelineOnshore_lowP
	 - Adding Compressor hydrogen_Compressor_Import_hydrogenPipelineOnshore_highP
	 - Adding Compressor hydrogen_Compressor_Import_Storage_H2_highP
	 - Adding Compressor hydrogen_Compressor_Import_Demand_existing
	 - Adding Technology Electrolyzer_small
	 - Adding Technology Storage_H2_lowP
			gdp.bigm Transformation...
			gdp.bigm Transformation completed in 4 s
	 - Adding Compressor hydrogen_Compressor_hydrogenPipelineOnshore_lowP_hydrogenPipelineOnshore_lowP
	 - Adding Compressor hydrogen_Compressor_hydrogenPipelineOnshore_lowP_hydrogenPipelineOnshore_highP
	 - Adding Compressor hydrogen_Compressor_hydrogenPipelineOnshore_lowP_Storage_H2_lowP
	 - Adding Compressor hydrogen_Compressor_hydrogenPipelineOnshore_lowP_Demand
	 - Adding Compressor hydrogen_Compressor_hydrogenPipelineOnshore_highP_hydrogenPipelineOnshore_lowP
	 - Adding Compressor hydrogen_Compressor_hydrogenPipelineOnshore_highP_hydrogenPipelineOnshore_highP
	 - Adding Compressor hydrogen_Compressor_hydrogenPipelineOnshore_highP_Storage_H2_lowP
	 - Adding Compressor hydrogen_Compressor_hydrogenPipelineOnshore_highP_Demand
	 - Adding Compressor hydrogen_Compressor_Electrolyzer_small_hydrogenPipelineOnshore_lowP
	 - Adding Compressor hydrogen_Compressor_Electrolyzer_small_hydrogenPipelineOnshore_highP
	 - Adding Compressor hydrogen_Compressor_Electrolyzer_small_Storage_H2_lowP
	 - Adding Compressor hydrogen_Compressor_Electrolyzer_small_Demand
	 - Adding Compressor hydrogen_Compressor_Storage_H2_lowP_hydrogenPipelineOnshore_lowP
	 - Adding Compressor hydrogen_Compressor_Storage_H2_lowP_hydrogenPipelineOnshore_highP
	 - Adding Compressor hydrogen_Compressor_Storage_H2_lowP_Storage_H2_lowP
	 - Adding Compressor hydrogen_Compressor_Storage_H2_lowP_Demand
	 - Adding Technology Electrolyzer_small
	 - Adding Technology Storage_H2_lowP
			gdp.bigm Transformation...
			gdp.bigm Transformation completed in 4 s
	 - Adding Compressor hydrogen_Compressor_hydrogenPipelineOnshore_lowP_hydrogenPipelineOnshore_lowP
	 - Adding Compressor hydrogen_Compressor_hydrogenPipelineOnshore_lowP_hydrogenPipelineOnshore_highP
	 - Adding Compressor hydrogen_Compressor_hydrogenPipelineOnshore_lowP_Storage_H2_lowP
	 - Adding Compressor hydrogen_Compressor_hydrogenPipelineOnshore_lowP_Demand
	 - Adding Compressor hydrogen_Compressor_hydrogenPipelineOnshore_highP_hydrogenPipelineOnshore_lowP
	 - Adding Compressor hydrogen_Compressor_hydrogenPipelineOnshore_highP_hydrogenPipelineOnshore_highP
	 - Adding Compressor hydrogen_Compressor_hydrogenPipelineOnshore_highP_Storage_H2_lowP
	 - Adding Compressor hydrogen_Compressor_hydrogenPipelineOnshore_highP_Demand
	 - Adding Compressor hydrogen_Compressor_Electrolyzer_small_hydrogenPipelineOnshore_lowP
	 - Adding Compressor hydrogen_Compressor_Electrolyzer_small_hydrogenPipelineOnshore_highP
	 - Adding Compressor hydrogen_Compressor_Electrolyzer_small_Storage_H2_lowP
	 - Adding Compressor hydrogen_Compressor_Electrolyzer_small_Demand
	 - Adding Compressor hydrogen_Compressor_Storage_H2_lowP_hydrogenPipelineOnshore_lowP
	 - Adding Compressor hydrogen_Compressor_Storage_H2_lowP_hydrogenPipelineOnshore_highP
	 - Adding Compressor hydrogen_Compressor_Storage_H2_lowP_Storage_H2_lowP
	 - Adding Compressor hydrogen_Compressor_Storage_H2_lowP_Demand
	 - Adding Technology Electrolyzer_small
	 - Adding Technology Storage_H2_lowP
			gdp.bigm Transformation...
			gdp.bigm Transformation completed in 4 s
	 - Adding Compressor hydrogen_Compressor_hydrogenPipelineOnshore_lowP_hydrogenPipelineOnshore_lowP
	 - Adding Compressor hydrogen_Compressor_hydrogenPipelineOnshore_lowP_hydrogenPipelineOnshore_highP
	 - Adding Compressor hydrogen_Compressor_hydrogenPipelineOnshore_lowP_Storage_H2_lowP
	 - Adding Compressor hydrogen_Compressor_hydrogenPipelineOnshore_lowP_Demand
	 - Adding Compressor hydrogen_Compressor_hydrogenPipelineOnshore_highP_hydrogenPipelineOnshore_lowP
	 - Adding Compressor hydrogen_Compressor_hydrogenPipelineOnshore_highP_hydrogenPipelineOnshore_highP
	 - Adding Compressor hydrogen_Compressor_hydrogenPipelineOnshore_highP_Storage_H2_lowP
	 - Adding Compressor hydrogen_Compressor_hydrogenPipelineOnshore_highP_Demand
	 - Adding Compressor hydrogen_Compressor_Electrolyzer_small_hydrogenPipelineOnshore_lowP
	 - Adding Compressor hydrogen_Compressor_Electrolyzer_small_hydrogenPipelineOnshore_highP
	 - Adding Compressor hydrogen_Compressor_Electrolyzer_small_Storage_H2_lowP
	 - Adding Compressor hydrogen_Compressor_Electrolyzer_small_Demand
	 - Adding Compressor hydrogen_Compressor_Storage_H2_lowP_hydrogenPipelineOnshore_lowP
	 - Adding Compressor hydrogen_Compressor_Storage_H2_lowP_hydrogenPipelineOnshore_highP
	 - Adding Compressor hydrogen_Compressor_Storage_H2_lowP_Storage_H2_lowP
	 - Adding Compressor hydrogen_Compressor_Storage_H2_lowP_Demand
	 - Adding Technology Electrolyzer_small
	 - Adding Technology Storage_H2_lowP
			gdp.bigm Transformation...
			gdp.bigm Transformation completed in 4 s
	 - Adding Compressor hydrogen_Compressor_hydrogenPipelineOnshore_lowP_hydrogenPipelineOnshore_lowP
	 - Adding Compressor hydrogen_Compressor_hydrogenPipelineOnshore_lowP_hydrogenPipelineOnshore_highP
	 - Adding Compressor hydrogen_Compressor_hydrogenPipelineOnshore_lowP_Storage_H2_lowP
	 - Adding Compressor hydrogen_Compressor_hydrogenPipelineOnshore_lowP_Demand
	 - Adding Compressor hydrogen_Compressor_hydrogenPipelineOnshore_highP_hydrogenPipelineOnshore_lowP
	 - Adding Compressor hydrogen_Compressor_hydrogenPipelineOnshore_highP_hydrogenPipelineOnshore_highP
	 - Adding Compressor hydrogen_Compressor_hydrogenPipelineOnshore_highP_Storage_H2_lowP
	 - Adding Compressor hydrogen_Compressor_hydrogenPipelineOnshore_highP_Demand
	 - Adding Compressor hydrogen_Compressor_Electrolyzer_small_hydrogenPipelineOnshore_lowP
	 - Adding Compressor hydrogen_Compressor_Electrolyzer_small_hydrogenPipelineOnshore_highP
	 - Adding Compressor hydrogen_Compressor_Electrolyzer_small_Storage_H2_lowP
	 - Adding Compressor hydrogen_Compressor_Electrolyzer_small_Demand
	 - Adding Compressor hydrogen_Compressor_Storage_H2_lowP_hydrogenPipelineOnshore_lowP
	 - Adding Compressor hydrogen_Compressor_Storage_H2_lowP_hydrogenPipelineOnshore_highP
	 - Adding Compressor hydrogen_Compressor_Storage_H2_lowP_Storage_H2_lowP
	 - Adding Compressor hydrogen_Compressor_Storage_H2_lowP_Demand
	 - Adding Technology Storage_H2_Cavern_existing
			gdp.bigm Transformation...
			gdp.bigm Transformation completed in 4 s
	 - Adding Compressor hydrogen_Compressor_hydrogenPipelineOnshore_lowP_hydrogenPipelineOnshore_lowP
	 - Adding Compressor hydrogen_Compressor_hydrogenPipelineOnshore_lowP_hydrogenPipelineOnshore_highP
	 - Adding Compressor hydrogen_Compressor_hydrogenPipelineOnshore_lowP_Storage_H2_Cavern_existing
	 - Adding Compressor hydrogen_Compressor_hydrogenPipelineOnshore_highP_hydrogenPipelineOnshore_lowP
	 - Adding Compressor hydrogen_Compressor_hydrogenPipelineOnshore_highP_hydrogenPipelineOnshore_highP
	 - Adding Compressor hydrogen_Compressor_hydrogenPipelineOnshore_highP_Storage_H2_Cavern_existing
	 - Adding Compressor hydrogen_Compressor_Storage_H2_Cavern_existing_hydrogenPipelineOnshore_lowP
	 - Adding Compressor hydrogen_Compressor_Storage_H2_Cavern_existing_hydrogenPipelineOnshore_highP
	 - Adding Compressor hydrogen_Compressor_Storage_H2_Cavern_existing_Storage_H2_Cavern_existing_existing
Constructing model completed in 446s
Constructing balances...
Constructing balances completed in 17s
Set objective on infrastructure due to willingness to pay
Set parameter OutputFlag to value 1
Set parameter LogFile to value "/gpfs/home3/scur1696/AdOpT-NET0-RegToNation/generic_node_optimization/results/parallel_creation_test_20251204_143210/task_000/t000_parallel_run_0001/userData/20251204144040-1/solver_log.txt"
Solver log file: /gpfs/home3/scur1696/AdOpT-NET0-RegToNation/generic_node_optimization/results/parallel_creation_test_20251204_143210/task_000/t000_parallel_run_0001/userData/20251204144040-1/solver_log.txt
Set parameter TimeLimit to value 180000
Set parameter MIPGap to value 0.01
Set parameter MIPFocus to value 0
Set parameter Threads to value 12
Set parameter NodefileStart to value 60
Set parameter Method to value -1
Set parameter Heuristics to value 0.05
Set parameter Presolve to value 1
Set parameter BranchDir to value 0
Set parameter LPWarmStart to value 0
Set parameter IntFeasTol to value 1e-05
Set parameter FeasibilityTol to value 1e-06
Set parameter Cuts to value -1
Set parameter NumericFocus to value 0
Gurobi Optimizer version 13.0.0 build v13.0.0rc1 (linux64 - "Red Hat Enterprise Linux 9.4 (Plow)")

CPU model: AMD EPYC 9654 96-Core Processor, instruction set [SSE2|AVX|AVX2|AVX512]
Thread count: 192 physical cores, 192 logical processors, using up to 12 threads

Non-default parameters:
TimeLimit  180000
MIPGap  0.01
LPWarmStart  0
NodefileStart  60
Presolve  1
Threads  12

Academic license 2729390 - for non-commercial use only - registered to m.___@uu.nl
Optimize a model with 9050179 rows, 6728544 columns and 21385595 nonzeros (Min)
Model fingerprint: 0xcf533195
Model has 1 linear objective coefficients
Variable types: 5869892 continuous, 858652 integer (858652 binary)
Coefficient statistics:
  Matrix range     [2e-03, 2e+08]
  Objective range  [1e+00, 1e+00]
  Bounds range     [5e-02, 6e+08]
  RHS range        [1e+00, 5e+09]
Warning: Model contains large matrix coefficients
Warning: Model contains large rhs
         Consider reformulating model or setting NumericFocus parameter
         to avoid numerical issues.
Gurobi Optimizer version 13.0.0 build v13.0.0rc1 (linux64 - "Red Hat Enterprise Linux 9.4 (Plow)")

CPU model: AMD EPYC 9654 96-Core Processor, instruction set [SSE2|AVX|AVX2|AVX512]
Thread count: 192 physical cores, 192 logical processors, using up to 12 threads

Non-default parameters:
TimeLimit  180000
MIPGap  0.01
LPWarmStart  0
NodefileStart  60
Presolve  1
Threads  12

Academic license 2729390 - for non-commercial use only - registered to m.___@uu.nl
Optimize a model with 9050179 rows, 6728544 columns and 21385595 nonzeros (Min)
Model fingerprint: 0x6c539bed
Model has 1 linear objective coefficients
Variable types: 5869892 continuous, 858652 integer (858652 binary)
Coefficient statistics:
  Matrix range     [2e-03, 2e+08]
  Objective range  [1e+00, 1e+00]
  Bounds range     [5e-02, 6e+08]
  RHS range        [1e+00, 7e+09]
Warning: Model contains large matrix coefficients
Warning: Model contains large rhs
         Consider reformulating model or setting NumericFocus parameter
         to avoid numerical issues.
Gurobi Optimizer version 13.0.0 build v13.0.0rc1 (linux64 - "Red Hat Enterprise Linux 9.4 (Plow)")

CPU model: AMD EPYC 9654 96-Core Processor, instruction set [SSE2|AVX|AVX2|AVX512]
Thread count: 192 physical cores, 192 logical processors, using up to 12 threads

Non-default parameters:
TimeLimit  180000
MIPGap  0.01
LPWarmStart  0
NodefileStart  60
Presolve  1
Threads  12

Academic license 2729390 - for non-commercial use only - registered to m.___@uu.nl
Optimize a model with 9050179 rows, 6728544 columns and 21385595 nonzeros (Min)
Model fingerprint: 0x95d04f11
Model has 1 linear objective coefficients
Variable types: 5869892 continuous, 858652 integer (858652 binary)
Coefficient statistics:
  Matrix range     [2e-03, 2e+08]
  Objective range  [1e+00, 1e+00]
  Bounds range     [5e-02, 6e+08]
  RHS range        [1e+00, 6e+09]
Warning: Model contains large matrix coefficients
Warning: Model contains large rhs
         Consider reformulating model or setting NumericFocus parameter
         to avoid numerical issues.
  [CONFIG] Gurobi default env configured: 12 threads per worker
--- Reading in data ---
Input data folder has been checked successfully - no errors occurred.
--- Reading in data complete ---
--- Constructing Model ---
Constructing Investment Period period1
Constructing Investment Period period1 completed
	 - Constructing Network hydrogenPipelineOnshore_lowP
			gdp.bigm Transformation...
			gdp.bigm Transformation completed in 0 s
		 - Constructing Arc BIG1 - BIG2 completed
			gdp.bigm Transformation...
			gdp.bigm Transformation completed in 0 s
		 - Constructing Arc BIG1 - SMALL1 completed
			gdp.bigm Transformation...
			gdp.bigm Transformation completed in 0 s
		 - Constructing Arc BIG1 - SMALL2 completed
			gdp.bigm Transformation...
			gdp.bigm Transformation completed in 0 s
		 - Constructing Arc BIG1 - SMALL3 completed
			gdp.bigm Transformation...
			gdp.bigm Transformation completed in 0 s
		 - Constructing Arc BIG1 - SMALL4 completed
			gdp.bigm Transformation...
			gdp.bigm Transformation completed in 0 s
		 - Constructing Arc BIG1 - STORAGE completed
			gdp.bigm Transformation...
			gdp.bigm Transformation completed in 0 s
		 - Constructing Arc BIG2 - BIG1 completed
			gdp.bigm Transformation...
			gdp.bigm Transformation completed in 0 s
		 - Constructing Arc BIG2 - SMALL1 completed
			gdp.bigm Transformation...
			gdp.bigm Transformation completed in 0 s
		 - Constructing Arc BIG2 - SMALL2 completed
			gdp.bigm Transformation...
			gdp.bigm Transformation completed in 0 s
		 - Constructing Arc BIG2 - SMALL3 completed
			gdp.bigm Transformation...
			gdp.bigm Transformation completed in 0 s
		 - Constructing Arc BIG2 - SMALL4 completed
			gdp.bigm Transformation...
			gdp.bigm Transformation completed in 0 s
		 - Constructing Arc BIG2 - STORAGE completed
			gdp.bigm Transformation...
			gdp.bigm Transformation completed in 0 s
		 - Constructing Arc SMALL1 - BIG1 completed
			gdp.bigm Transformation...
			gdp.bigm Transformation completed in 0 s
		 - Constructing Arc SMALL1 - BIG2 completed
			gdp.bigm Transformation...
			gdp.bigm Transformation completed in 0 s
		 - Constructing Arc SMALL1 - SMALL2 completed
			gdp.bigm Transformation...
			gdp.bigm Transformation completed in 0 s
		 - Constructing Arc SMALL1 - SMALL3 completed
			gdp.bigm Transformation...
			gdp.bigm Transformation completed in 0 s
		 - Constructing Arc SMALL1 - SMALL4 completed
			gdp.bigm Transformation...
			gdp.bigm Transformation completed in 0 s
		 - Constructing Arc SMALL1 - STORAGE completed
			gdp.bigm Transformation...
			gdp.bigm Transformation completed in 0 s
		 - Constructing Arc SMALL2 - BIG1 completed
			gdp.bigm Transformation...
			gdp.bigm Transformation completed in 0 s
		 - Constructing Arc SMALL2 - BIG2 completed
			gdp.bigm Transformation...
			gdp.bigm Transformation completed in 0 s
		 - Constructing Arc SMALL2 - SMALL1 completed
			gdp.bigm Transformation...
			gdp.bigm Transformation completed in 0 s
		 - Constructing Arc SMALL2 - SMALL3 completed
			gdp.bigm Transformation...
			gdp.bigm Transformation completed in 0 s
		 - Constructing Arc SMALL2 - SMALL4 completed
			gdp.bigm Transformation...
			gdp.bigm Transformation completed in 0 s
		 - Constructing Arc SMALL2 - STORAGE completed
			gdp.bigm Transformation...
			gdp.bigm Transformation completed in 0 s
		 - Constructing Arc SMALL3 - BIG1 completed
			gdp.bigm Transformation...
			gdp.bigm Transformation completed in 0 s
		 - Constructing Arc SMALL3 - BIG2 completed
			gdp.bigm Transformation...
			gdp.bigm Transformation completed in 0 s
		 - Constructing Arc SMALL3 - SMALL1 completed
			gdp.bigm Transformation...
			gdp.bigm Transformation completed in 0 s
		 - Constructing Arc SMALL3 - SMALL2 completed
			gdp.bigm Transformation...
			gdp.bigm Transformation completed in 0 s
		 - Constructing Arc SMALL3 - SMALL4 completed
			gdp.bigm Transformation...
			gdp.bigm Transformation completed in 0 s
		 - Constructing Arc SMALL3 - STORAGE completed
			gdp.bigm Transformation...
			gdp.bigm Transformation completed in 0 s
		 - Constructing Arc SMALL4 - BIG1 completed
			gdp.bigm Transformation...
			gdp.bigm Transformation completed in 0 s
		 - Constructing Arc SMALL4 - BIG2 completed
			gdp.bigm Transformation...
			gdp.bigm Transformation completed in 0 s
		 - Constructing Arc SMALL4 - SMALL1 completed
			gdp.bigm Transformation...
			gdp.bigm Transformation completed in 0 s
		 - Constructing Arc SMALL4 - SMALL2 completed
			gdp.bigm Transformation...
			gdp.bigm Transformation completed in 0 s
		 - Constructing Arc SMALL4 - SMALL3 completed
			gdp.bigm Transformation...
			gdp.bigm Transformation completed in 0 s
		 - Constructing Arc SMALL4 - STORAGE completed
			gdp.bigm Transformation...
			gdp.bigm Transformation completed in 0 s
		 - Constructing Arc STORAGE - BIG1 completed
			gdp.bigm Transformation...
			gdp.bigm Transformation completed in 0 s
		 - Constructing Arc STORAGE - BIG2 completed
			gdp.bigm Transformation...
			gdp.bigm Transformation completed in 0 s
		 - Constructing Arc STORAGE - SMALL1 completed
			gdp.bigm Transformation...
			gdp.bigm Transformation completed in 0 s
		 - Constructing Arc STORAGE - SMALL2 completed
			gdp.bigm Transformation...
			gdp.bigm Transformation completed in 0 s
		 - Constructing Arc STORAGE - SMALL3 completed
			gdp.bigm Transformation...
			gdp.bigm Transformation completed in 0 s
		 - Constructing Arc STORAGE - SMALL4 completed
	 - Constructing Network hydrogenPipelineOnshore_lowP completed
			gdp.bigm Transformation...
			gdp.bigm Transformation completed in 79 s
	 - Constructing Network hydrogenPipelineOnshore_highP
			gdp.bigm Transformation...
			gdp.bigm Transformation completed in 0 s
		 - Constructing Arc BIG1 - BIG2 completed
			gdp.bigm Transformation...
			gdp.bigm Transformation completed in 0 s
		 - Constructing Arc BIG1 - SMALL1 completed
			gdp.bigm Transformation...
			gdp.bigm Transformation completed in 0 s
		 - Constructing Arc BIG1 - SMALL2 completed
			gdp.bigm Transformation...
			gdp.bigm Transformation completed in 0 s
		 - Constructing Arc BIG1 - SMALL3 completed
			gdp.bigm Transformation...
			gdp.bigm Transformation completed in 0 s
		 - Constructing Arc BIG1 - SMALL4 completed
			gdp.bigm Transformation...
			gdp.bigm Transformation completed in 0 s
		 - Constructing Arc BIG1 - STORAGE completed
			gdp.bigm Transformation...
			gdp.bigm Transformation completed in 0 s
		 - Constructing Arc BIG2 - BIG1 completed
			gdp.bigm Transformation...
			gdp.bigm Transformation completed in 0 s
		 - Constructing Arc BIG2 - SMALL1 completed
			gdp.bigm Transformation...
			gdp.bigm Transformation completed in 0 s
		 - Constructing Arc BIG2 - SMALL2 completed
			gdp.bigm Transformation...
			gdp.bigm Transformation completed in 0 s
		 - Constructing Arc BIG2 - SMALL3 completed
			gdp.bigm Transformation...
			gdp.bigm Transformation completed in 0 s
		 - Constructing Arc BIG2 - SMALL4 completed
			gdp.bigm Transformation...
			gdp.bigm Transformation completed in 0 s
		 - Constructing Arc BIG2 - STORAGE completed
			gdp.bigm Transformation...
			gdp.bigm Transformation completed in 0 s
		 - Constructing Arc SMALL1 - BIG1 completed
			gdp.bigm Transformation...
			gdp.bigm Transformation completed in 0 s
		 - Constructing Arc SMALL1 - BIG2 completed
			gdp.bigm Transformation...
			gdp.bigm Transformation completed in 0 s
		 - Constructing Arc SMALL1 - SMALL2 completed
			gdp.bigm Transformation...
			gdp.bigm Transformation completed in 0 s
		 - Constructing Arc SMALL1 - SMALL3 completed
			gdp.bigm Transformation...
			gdp.bigm Transformation completed in 0 s
		 - Constructing Arc SMALL1 - SMALL4 completed
			gdp.bigm Transformation...
			gdp.bigm Transformation completed in 0 s
		 - Constructing Arc SMALL1 - STORAGE completed
			gdp.bigm Transformation...
			gdp.bigm Transformation completed in 0 s
		 - Constructing Arc SMALL2 - BIG1 completed
			gdp.bigm Transformation...
			gdp.bigm Transformation completed in 0 s
		 - Constructing Arc SMALL2 - BIG2 completed
			gdp.bigm Transformation...
			gdp.bigm Transformation completed in 0 s
		 - Constructing Arc SMALL2 - SMALL1 completed
			gdp.bigm Transformation...
			gdp.bigm Transformation completed in 0 s
		 - Constructing Arc SMALL2 - SMALL3 completed
			gdp.bigm Transformation...
			gdp.bigm Transformation completed in 0 s
		 - Constructing Arc SMALL2 - SMALL4 completed
			gdp.bigm Transformation...
			gdp.bigm Transformation completed in 0 s
		 - Constructing Arc SMALL2 - STORAGE completed
			gdp.bigm Transformation...
			gdp.bigm Transformation completed in 0 s
		 - Constructing Arc SMALL3 - BIG1 completed
			gdp.bigm Transformation...
			gdp.bigm Transformation completed in 0 s
		 - Constructing Arc SMALL3 - BIG2 completed
			gdp.bigm Transformation...
			gdp.bigm Transformation completed in 0 s
		 - Constructing Arc SMALL3 - SMALL1 completed
			gdp.bigm Transformation...
			gdp.bigm Transformation completed in 0 s
		 - Constructing Arc SMALL3 - SMALL2 completed
			gdp.bigm Transformation...
			gdp.bigm Transformation completed in 0 s
		 - Constructing Arc SMALL3 - SMALL4 completed
			gdp.bigm Transformation...
			gdp.bigm Transformation completed in 0 s
		 - Constructing Arc SMALL3 - STORAGE completed
			gdp.bigm Transformation...
			gdp.bigm Transformation completed in 0 s
		 - Constructing Arc SMALL4 - BIG1 completed
			gdp.bigm Transformation...
			gdp.bigm Transformation completed in 0 s
		 - Constructing Arc SMALL4 - BIG2 completed
			gdp.bigm Transformation...
			gdp.bigm Transformation completed in 0 s
		 - Constructing Arc SMALL4 - SMALL1 completed
			gdp.bigm Transformation...
			gdp.bigm Transformation completed in 0 s
		 - Constructing Arc SMALL4 - SMALL2 completed
			gdp.bigm Transformation...
			gdp.bigm Transformation completed in 0 s
		 - Constructing Arc SMALL4 - SMALL3 completed
			gdp.bigm Transformation...
			gdp.bigm Transformation completed in 0 s
		 - Constructing Arc SMALL4 - STORAGE completed
			gdp.bigm Transformation...
			gdp.bigm Transformation completed in 0 s
		 - Constructing Arc STORAGE - BIG1 completed
			gdp.bigm Transformation...
			gdp.bigm Transformation completed in 0 s
		 - Constructing Arc STORAGE - BIG2 completed
			gdp.bigm Transformation...
			gdp.bigm Transformation completed in 0 s
		 - Constructing Arc STORAGE - SMALL1 completed
			gdp.bigm Transformation...
			gdp.bigm Transformation completed in 0 s
		 - Constructing Arc STORAGE - SMALL2 completed
			gdp.bigm Transformation...
			gdp.bigm Transformation completed in 0 s
		 - Constructing Arc STORAGE - SMALL3 completed
			gdp.bigm Transformation...
			gdp.bigm Transformation completed in 0 s
		 - Constructing Arc STORAGE - SMALL4 completed
	 - Constructing Network hydrogenPipelineOnshore_highP completed
			gdp.bigm Transformation...
			gdp.bigm Transformation completed in 78 s
	 - Adding Technology Electrolyzer_big
			gdp.bigm Transformation...
			gdp.bigm Transformation completed in 0 s
	 - Adding Technology Storage_H2_highP
			gdp.bigm Transformation...
			gdp.bigm Transformation completed in 4 s
	 - Adding Compressor hydrogen_Compressor_hydrogenPipelineOnshore_lowP_hydrogenPipelineOnshore_lowP
	 - Adding Compressor hydrogen_Compressor_hydrogenPipelineOnshore_lowP_hydrogenPipelineOnshore_highP
	 - Adding Compressor hydrogen_Compressor_hydrogenPipelineOnshore_lowP_Storage_H2_highP
	 - Adding Compressor hydrogen_Compressor_hydrogenPipelineOnshore_lowP_Demand
	 - Adding Compressor hydrogen_Compressor_hydrogenPipelineOnshore_highP_hydrogenPipelineOnshore_lowP
	 - Adding Compressor hydrogen_Compressor_hydrogenPipelineOnshore_highP_hydrogenPipelineOnshore_highP
	 - Adding Compressor hydrogen_Compressor_hydrogenPipelineOnshore_highP_Storage_H2_highP
	 - Adding Compressor hydrogen_Compressor_hydrogenPipelineOnshore_highP_Demand
	 - Adding Compressor hydrogen_Compressor_Electrolyzer_big_hydrogenPipelineOnshore_lowP
	 - Adding Compressor hydrogen_Compressor_Electrolyzer_big_hydrogenPipelineOnshore_highP
	 - Adding Compressor hydrogen_Compressor_Electrolyzer_big_Storage_H2_highP
	 - Adding Compressor hydrogen_Compressor_Electrolyzer_big_Demand
	 - Adding Compressor hydrogen_Compressor_Storage_H2_highP_hydrogenPipelineOnshore_lowP
	 - Adding Compressor hydrogen_Compressor_Storage_H2_highP_hydrogenPipelineOnshore_highP
	 - Adding Compressor hydrogen_Compressor_Storage_H2_highP_Storage_H2_highP
	 - Adding Compressor hydrogen_Compressor_Storage_H2_highP_Demand
	 - Adding Compressor hydrogen_Compressor_Import_hydrogenPipelineOnshore_lowP
	 - Adding Compressor hydrogen_Compressor_Import_hydrogenPipelineOnshore_highP
	 - Adding Compressor hydrogen_Compressor_Import_Storage_H2_highP
	 - Adding Compressor hydrogen_Compressor_Import_Demand_existing
	 - Adding Technology Electrolyzer_big
			gdp.bigm Transformation...
			gdp.bigm Transformation completed in 0 s
	 - Adding Technology Storage_H2_highP
			gdp.bigm Transformation...
			gdp.bigm Transformation completed in 4 s
	 - Adding Compressor hydrogen_Compressor_hydrogenPipelineOnshore_lowP_hydrogenPipelineOnshore_lowP
	 - Adding Compressor hydrogen_Compressor_hydrogenPipelineOnshore_lowP_hydrogenPipelineOnshore_highP
	 - Adding Compressor hydrogen_Compressor_hydrogenPipelineOnshore_lowP_Storage_H2_highP
	 - Adding Compressor hydrogen_Compressor_hydrogenPipelineOnshore_lowP_Demand
	 - Adding Compressor hydrogen_Compressor_hydrogenPipelineOnshore_highP_hydrogenPipelineOnshore_lowP
	 - Adding Compressor hydrogen_Compressor_hydrogenPipelineOnshore_highP_hydrogenPipelineOnshore_highP
	 - Adding Compressor hydrogen_Compressor_hydrogenPipelineOnshore_highP_Storage_H2_highP
	 - Adding Compressor hydrogen_Compressor_hydrogenPipelineOnshore_highP_Demand
	 - Adding Compressor hydrogen_Compressor_Electrolyzer_big_hydrogenPipelineOnshore_lowP
	 - Adding Compressor hydrogen_Compressor_Electrolyzer_big_hydrogenPipelineOnshore_highP
	 - Adding Compressor hydrogen_Compressor_Electrolyzer_big_Storage_H2_highP
	 - Adding Compressor hydrogen_Compressor_Electrolyzer_big_Demand
	 - Adding Compressor hydrogen_Compressor_Storage_H2_highP_hydrogenPipelineOnshore_lowP
	 - Adding Compressor hydrogen_Compressor_Storage_H2_highP_hydrogenPipelineOnshore_highP
	 - Adding Compressor hydrogen_Compressor_Storage_H2_highP_Storage_H2_highP
	 - Adding Compressor hydrogen_Compressor_Storage_H2_highP_Demand
	 - Adding Compressor hydrogen_Compressor_Import_hydrogenPipelineOnshore_lowP
	 - Adding Compressor hydrogen_Compressor_Import_hydrogenPipelineOnshore_highP
	 - Adding Compressor hydrogen_Compressor_Import_Storage_H2_highP
	 - Adding Compressor hydrogen_Compressor_Import_Demand_existing
	 - Adding Technology Electrolyzer_small
	 - Adding Technology Storage_H2_lowP
			gdp.bigm Transformation...
			gdp.bigm Transformation completed in 4 s
	 - Adding Compressor hydrogen_Compressor_hydrogenPipelineOnshore_lowP_hydrogenPipelineOnshore_lowP
	 - Adding Compressor hydrogen_Compressor_hydrogenPipelineOnshore_lowP_hydrogenPipelineOnshore_highP
	 - Adding Compressor hydrogen_Compressor_hydrogenPipelineOnshore_lowP_Storage_H2_lowP
	 - Adding Compressor hydrogen_Compressor_hydrogenPipelineOnshore_lowP_Demand
	 - Adding Compressor hydrogen_Compressor_hydrogenPipelineOnshore_highP_hydrogenPipelineOnshore_lowP
	 - Adding Compressor hydrogen_Compressor_hydrogenPipelineOnshore_highP_hydrogenPipelineOnshore_highP
	 - Adding Compressor hydrogen_Compressor_hydrogenPipelineOnshore_highP_Storage_H2_lowP
	 - Adding Compressor hydrogen_Compressor_hydrogenPipelineOnshore_highP_Demand
	 - Adding Compressor hydrogen_Compressor_Electrolyzer_small_hydrogenPipelineOnshore_lowP
	 - Adding Compressor hydrogen_Compressor_Electrolyzer_small_hydrogenPipelineOnshore_highP
	 - Adding Compressor hydrogen_Compressor_Electrolyzer_small_Storage_H2_lowP
	 - Adding Compressor hydrogen_Compressor_Electrolyzer_small_Demand
	 - Adding Compressor hydrogen_Compressor_Storage_H2_lowP_hydrogenPipelineOnshore_lowP
	 - Adding Compressor hydrogen_Compressor_Storage_H2_lowP_hydrogenPipelineOnshore_highP
	 - Adding Compressor hydrogen_Compressor_Storage_H2_lowP_Storage_H2_lowP
	 - Adding Compressor hydrogen_Compressor_Storage_H2_lowP_Demand
	 - Adding Technology Electrolyzer_small
	 - Adding Technology Storage_H2_lowP
			gdp.bigm Transformation...
			gdp.bigm Transformation completed in 4 s
	 - Adding Compressor hydrogen_Compressor_hydrogenPipelineOnshore_lowP_hydrogenPipelineOnshore_lowP
	 - Adding Compressor hydrogen_Compressor_hydrogenPipelineOnshore_lowP_hydrogenPipelineOnshore_highP
	 - Adding Compressor hydrogen_Compressor_hydrogenPipelineOnshore_lowP_Storage_H2_lowP
	 - Adding Compressor hydrogen_Compressor_hydrogenPipelineOnshore_lowP_Demand
	 - Adding Compressor hydrogen_Compressor_hydrogenPipelineOnshore_highP_hydrogenPipelineOnshore_lowP
	 - Adding Compressor hydrogen_Compressor_hydrogenPipelineOnshore_highP_hydrogenPipelineOnshore_highP
	 - Adding Compressor hydrogen_Compressor_hydrogenPipelineOnshore_highP_Storage_H2_lowP
	 - Adding Compressor hydrogen_Compressor_hydrogenPipelineOnshore_highP_Demand
	 - Adding Compressor hydrogen_Compressor_Electrolyzer_small_hydrogenPipelineOnshore_lowP
	 - Adding Compressor hydrogen_Compressor_Electrolyzer_small_hydrogenPipelineOnshore_highP
	 - Adding Compressor hydrogen_Compressor_Electrolyzer_small_Storage_H2_lowP
	 - Adding Compressor hydrogen_Compressor_Electrolyzer_small_Demand
	 - Adding Compressor hydrogen_Compressor_Storage_H2_lowP_hydrogenPipelineOnshore_lowP
	 - Adding Compressor hydrogen_Compressor_Storage_H2_lowP_hydrogenPipelineOnshore_highP
	 - Adding Compressor hydrogen_Compressor_Storage_H2_lowP_Storage_H2_lowP
	 - Adding Compressor hydrogen_Compressor_Storage_H2_lowP_Demand
	 - Adding Technology Electrolyzer_small
	 - Adding Technology Storage_H2_lowP
			gdp.bigm Transformation...
			gdp.bigm Transformation completed in 4 s
	 - Adding Compressor hydrogen_Compressor_hydrogenPipelineOnshore_lowP_hydrogenPipelineOnshore_lowP
	 - Adding Compressor hydrogen_Compressor_hydrogenPipelineOnshore_lowP_hydrogenPipelineOnshore_highP
	 - Adding Compressor hydrogen_Compressor_hydrogenPipelineOnshore_lowP_Storage_H2_lowP
	 - Adding Compressor hydrogen_Compressor_hydrogenPipelineOnshore_lowP_Demand
	 - Adding Compressor hydrogen_Compressor_hydrogenPipelineOnshore_highP_hydrogenPipelineOnshore_lowP
	 - Adding Compressor hydrogen_Compressor_hydrogenPipelineOnshore_highP_hydrogenPipelineOnshore_highP
	 - Adding Compressor hydrogen_Compressor_hydrogenPipelineOnshore_highP_Storage_H2_lowP
	 - Adding Compressor hydrogen_Compressor_hydrogenPipelineOnshore_highP_Demand
	 - Adding Compressor hydrogen_Compressor_Electrolyzer_small_hydrogenPipelineOnshore_lowP
	 - Adding Compressor hydrogen_Compressor_Electrolyzer_small_hydrogenPipelineOnshore_highP
	 - Adding Compressor hydrogen_Compressor_Electrolyzer_small_Storage_H2_lowP
	 - Adding Compressor hydrogen_Compressor_Electrolyzer_small_Demand
	 - Adding Compressor hydrogen_Compressor_Storage_H2_lowP_hydrogenPipelineOnshore_lowP
	 - Adding Compressor hydrogen_Compressor_Storage_H2_lowP_hydrogenPipelineOnshore_highP
	 - Adding Compressor hydrogen_Compressor_Storage_H2_lowP_Storage_H2_lowP
	 - Adding Compressor hydrogen_Compressor_Storage_H2_lowP_Demand
	 - Adding Technology Electrolyzer_small
	 - Adding Technology Storage_H2_lowP
			gdp.bigm Transformation...
			gdp.bigm Transformation completed in 4 s
	 - Adding Compressor hydrogen_Compressor_hydrogenPipelineOnshore_lowP_hydrogenPipelineOnshore_lowP
	 - Adding Compressor hydrogen_Compressor_hydrogenPipelineOnshore_lowP_hydrogenPipelineOnshore_highP
	 - Adding Compressor hydrogen_Compressor_hydrogenPipelineOnshore_lowP_Storage_H2_lowP
	 - Adding Compressor hydrogen_Compressor_hydrogenPipelineOnshore_lowP_Demand
	 - Adding Compressor hydrogen_Compressor_hydrogenPipelineOnshore_highP_hydrogenPipelineOnshore_lowP
	 - Adding Compressor hydrogen_Compressor_hydrogenPipelineOnshore_highP_hydrogenPipelineOnshore_highP
	 - Adding Compressor hydrogen_Compressor_hydrogenPipelineOnshore_highP_Storage_H2_lowP
	 - Adding Compressor hydrogen_Compressor_hydrogenPipelineOnshore_highP_Demand
	 - Adding Compressor hydrogen_Compressor_Electrolyzer_small_hydrogenPipelineOnshore_lowP
	 - Adding Compressor hydrogen_Compressor_Electrolyzer_small_hydrogenPipelineOnshore_highP
	 - Adding Compressor hydrogen_Compressor_Electrolyzer_small_Storage_H2_lowP
	 - Adding Compressor hydrogen_Compressor_Electrolyzer_small_Demand
	 - Adding Compressor hydrogen_Compressor_Storage_H2_lowP_hydrogenPipelineOnshore_lowP
	 - Adding Compressor hydrogen_Compressor_Storage_H2_lowP_hydrogenPipelineOnshore_highP
	 - Adding Compressor hydrogen_Compressor_Storage_H2_lowP_Storage_H2_lowP
	 - Adding Compressor hydrogen_Compressor_Storage_H2_lowP_Demand
	 - Adding Technology Storage_H2_Cavern_existing
			gdp.bigm Transformation...
			gdp.bigm Transformation completed in 4 s
	 - Adding Compressor hydrogen_Compressor_hydrogenPipelineOnshore_lowP_hydrogenPipelineOnshore_lowP
	 - Adding Compressor hydrogen_Compressor_hydrogenPipelineOnshore_lowP_hydrogenPipelineOnshore_highP
	 - Adding Compressor hydrogen_Compressor_hydrogenPipelineOnshore_lowP_Storage_H2_Cavern_existing
	 - Adding Compressor hydrogen_Compressor_hydrogenPipelineOnshore_highP_hydrogenPipelineOnshore_lowP
	 - Adding Compressor hydrogen_Compressor_hydrogenPipelineOnshore_highP_hydrogenPipelineOnshore_highP
	 - Adding Compressor hydrogen_Compressor_hydrogenPipelineOnshore_highP_Storage_H2_Cavern_existing
	 - Adding Compressor hydrogen_Compressor_Storage_H2_Cavern_existing_hydrogenPipelineOnshore_lowP
	 - Adding Compressor hydrogen_Compressor_Storage_H2_Cavern_existing_hydrogenPipelineOnshore_highP
	 - Adding Compressor hydrogen_Compressor_Storage_H2_Cavern_existing_Storage_H2_Cavern_existing_existing
Constructing model completed in 446s
Constructing balances...
Constructing balances completed in 16s
Set objective on infrastructure due to willingness to pay
Set parameter OutputFlag to value 1
Set parameter LogFile to value "/gpfs/home3/scur1696/AdOpT-NET0-RegToNation/generic_node_optimization/results/parallel_creation_test_20251204_143210/task_000/t000_parallel_run_0006/userData/20251204144040-1/solver_log.txt"
Solver log file: /gpfs/home3/scur1696/AdOpT-NET0-RegToNation/generic_node_optimization/results/parallel_creation_test_20251204_143210/task_000/t000_parallel_run_0006/userData/20251204144040-1/solver_log.txt
Set parameter TimeLimit to value 180000
Set parameter MIPGap to value 0.01
Set parameter MIPFocus to value 0
Set parameter Threads to value 12
Set parameter NodefileStart to value 60
Set parameter Method to value -1
Set parameter Heuristics to value 0.05
Set parameter Presolve to value 1
Set parameter BranchDir to value 0
Set parameter LPWarmStart to value 0
Set parameter IntFeasTol to value 1e-05
Set parameter FeasibilityTol to value 1e-06
Set parameter Cuts to value -1
Set parameter NumericFocus to value 0
Presolve removed 5361748 rows and 3924941 columns (presolve time = 5s)...
Presolve removed 5361748 rows and 3924941 columns (presolve time = 5s)...
Gurobi Optimizer version 13.0.0 build v13.0.0rc1 (linux64 - "Red Hat Enterprise Linux 9.4 (Plow)")

CPU model: AMD EPYC 9654 96-Core Processor, instruction set [SSE2|AVX|AVX2|AVX512]
Thread count: 192 physical cores, 192 logical processors, using up to 12 threads

Non-default parameters:
TimeLimit  180000
MIPGap  0.01
LPWarmStart  0
NodefileStart  60
Presolve  1
Threads  12

Academic license 2729390 - for non-commercial use only - registered to m.___@uu.nl
Optimize a model with 9050179 rows, 6728544 columns and 21385595 nonzeros (Min)
Model fingerprint: 0x1fc5433f
Model has 1 linear objective coefficients
Variable types: 5869892 continuous, 858652 integer (858652 binary)
Coefficient statistics:
  Matrix range     [2e-03, 2e+08]
  Objective range  [1e+00, 1e+00]
  Bounds range     [5e-02, 6e+08]
  RHS range        [1e+00, 8e+09]
Warning: Model contains large matrix coefficients
Warning: Model contains large rhs
         Consider reformulating model or setting NumericFocus parameter
         to avoid numerical issues.
Presolve removed 5361748 rows and 3924941 columns (presolve time = 5s)...
Presolve removed 5528318 rows and 4082751 columns (presolve time = 10s)...
Presolve removed 5361748 rows and 3924941 columns (presolve time = 5s)...
Presolve removed 5370508 rows and 3924941 columns (presolve time = 10s)...
Presolve removed 5370508 rows and 3924941 columns (presolve time = 10s)...
Presolve removed 5528318 rows and 4082751 columns (presolve time = 15s)...
Presolve removed 5370508 rows and 3924941 columns (presolve time = 10s)...
Presolve removed 5528318 rows and 4082751 columns (presolve time = 15s)...
Presolve removed 5528318 rows and 4082751 columns (presolve time = 15s)...
Presolve removed 5361748 rows and 3924941 columns (presolve time = 5s)...
Presolve removed 5528318 rows and 4082751 columns (presolve time = 20s)...
Presolve removed 5528318 rows and 4082751 columns (presolve time = 15s)...
Presolve removed 5528318 rows and 4082751 columns (presolve time = 20s)...
Presolve removed 5528318 rows and 4082751 columns (presolve time = 20s)...
Presolve removed 5370508 rows and 3924941 columns (presolve time = 10s)...
Presolve removed 5528318 rows and 4082751 columns (presolve time = 26s)...
Presolve removed 5528318 rows and 4082751 columns (presolve time = 20s)...
Presolve removed 5528318 rows and 4082751 columns (presolve time = 25s)...
Presolve removed 5528318 rows and 4082751 columns (presolve time = 15s)...
Presolve removed 5528318 rows and 4082751 columns (presolve time = 25s)...
Presolve removed 5545984 rows and 4161684 columns (presolve time = 30s)...
Presolve removed 5528318 rows and 4082751 columns (presolve time = 25s)...
Presolve removed 5528318 rows and 4082751 columns (presolve time = 31s)...
Presolve removed 5528318 rows and 4082751 columns (presolve time = 20s)...
Presolve removed 5528318 rows and 4082751 columns (presolve time = 30s)...
Presolve removed 5554859 rows and 4161684 columns (presolve time = 35s)...
Presolve removed 5528318 rows and 4082751 columns (presolve time = 31s)...
Presolve removed 5545984 rows and 4161642 columns (presolve time = 35s)...
Presolve removed 5545984 rows and 4161642 columns (presolve time = 35s)...
Presolve removed 5528318 rows and 4082751 columns (presolve time = 25s)...
Presolve removed 5554859 rows and 4161684 columns (presolve time = 40s)...
Presolve removed 5545984 rows and 4161642 columns (presolve time = 35s)...
Presolve removed 5554859 rows and 4161684 columns
Presolve time: 41.08s
Presolved: 3495320 rows, 2566860 columns, 11519758 nonzeros
Presolve removed 5554859 rows and 4161684 columns (presolve time = 40s)...
Presolve removed 5554859 rows and 4161684 columns (presolve time = 40s)...
Presolve removed 5528318 rows and 4082751 columns (presolve time = 31s)...
Presolve removed 5554859 rows and 4161684 columns (presolve time = 40s)...
Presolve removed 5554859 rows and 4161684 columns (presolve time = 45s)...
Variable types: 2137576 continuous, 429284 integer (429284 binary)
Presolve removed 5528402 rows and 4144060 columns (presolve time = 35s)...
Presolve removed 5554859 rows and 4161684 columns (presolve time = 45s)...
Presolve removed 5554859 rows and 4161684 columns (presolve time = 45s)...
Presolve removed 5554859 rows and 4161684 columns (presolve time = 50s)...
Presolve removed 5554859 rows and 4161684 columns
Presolve time: 49.47s
Presolved: 3495320 rows, 2566860 columns, 11519758 nonzeros
Presolve removed 5554859 rows and 4161684 columns
Presolve time: 51.07s
Presolved: 3495320 rows, 2566860 columns, 11519758 nonzeros
Presolve removed 5554859 rows and 4161684 columns (presolve time = 40s)...
Presolve removed 5554859 rows and 4161684 columns (presolve time = 50s)...
Presolve removed 5554859 rows and 4161684 columns
Presolve time: 50.41s
Presolved: 3495320 rows, 2566860 columns, 11519758 nonzeros
Presolve removed 5554859 rows and 4161684 columns (presolve time = 45s)...
Variable types: 2137576 continuous, 429284 integer (429284 binary)
Variable types: 2137576 continuous, 429284 integer (429284 binary)
Variable types: 2137576 continuous, 429284 integer (429284 binary)
Presolve removed 5554859 rows and 4161684 columns (presolve time = 51s)...
Presolve removed 5554859 rows and 4161684 columns
Presolve time: 51.60s
Presolved: 3495320 rows, 2566860 columns, 11519758 nonzeros
Deterministic concurrent LP optimizer: primal simplex, dual simplex, and barrier
Showing barrier log only...

Root barrier log...

  [CONFIG] Gurobi default env configured: 12 threads per worker
--- Reading in data ---
Input data folder has been checked successfully - no errors occurred.
--- Reading in data complete ---
--- Constructing Model ---
Constructing Investment Period period1
Constructing Investment Period period1 completed
	 - Constructing Network hydrogenPipelineOnshore_lowP
			gdp.bigm Transformation...
			gdp.bigm Transformation completed in 0 s
		 - Constructing Arc BIG1 - BIG2 completed
			gdp.bigm Transformation...
			gdp.bigm Transformation completed in 0 s
		 - Constructing Arc BIG1 - SMALL1 completed
			gdp.bigm Transformation...
			gdp.bigm Transformation completed in 0 s
		 - Constructing Arc BIG1 - SMALL2 completed
			gdp.bigm Transformation...
			gdp.bigm Transformation completed in 0 s
		 - Constructing Arc BIG1 - SMALL3 completed
			gdp.bigm Transformation...
			gdp.bigm Transformation completed in 0 s
		 - Constructing Arc BIG1 - SMALL4 completed
			gdp.bigm Transformation...
			gdp.bigm Transformation completed in 0 s
		 - Constructing Arc BIG1 - STORAGE completed
			gdp.bigm Transformation...
			gdp.bigm Transformation completed in 0 s
		 - Constructing Arc BIG2 - BIG1 completed
			gdp.bigm Transformation...
			gdp.bigm Transformation completed in 0 s
		 - Constructing Arc BIG2 - SMALL1 completed
			gdp.bigm Transformation...
			gdp.bigm Transformation completed in 0 s
		 - Constructing Arc BIG2 - SMALL2 completed
			gdp.bigm Transformation...
			gdp.bigm Transformation completed in 0 s
		 - Constructing Arc BIG2 - SMALL3 completed
			gdp.bigm Transformation...
			gdp.bigm Transformation completed in 0 s
		 - Constructing Arc BIG2 - SMALL4 completed
			gdp.bigm Transformation...
			gdp.bigm Transformation completed in 0 s
		 - Constructing Arc BIG2 - STORAGE completed
			gdp.bigm Transformation...
			gdp.bigm Transformation completed in 0 s
		 - Constructing Arc SMALL1 - BIG1 completed
			gdp.bigm Transformation...
			gdp.bigm Transformation completed in 0 s
		 - Constructing Arc SMALL1 - BIG2 completed
			gdp.bigm Transformation...
			gdp.bigm Transformation completed in 0 s
		 - Constructing Arc SMALL1 - SMALL2 completed
			gdp.bigm Transformation...
			gdp.bigm Transformation completed in 0 s
		 - Constructing Arc SMALL1 - SMALL3 completed
			gdp.bigm Transformation...
			gdp.bigm Transformation completed in 0 s
		 - Constructing Arc SMALL1 - SMALL4 completed
			gdp.bigm Transformation...
			gdp.bigm Transformation completed in 0 s
		 - Constructing Arc SMALL1 - STORAGE completed
			gdp.bigm Transformation...
			gdp.bigm Transformation completed in 0 s
		 - Constructing Arc SMALL2 - BIG1 completed
			gdp.bigm Transformation...
			gdp.bigm Transformation completed in 0 s
		 - Constructing Arc SMALL2 - BIG2 completed
			gdp.bigm Transformation...
			gdp.bigm Transformation completed in 0 s
		 - Constructing Arc SMALL2 - SMALL1 completed
			gdp.bigm Transformation...
			gdp.bigm Transformation completed in 0 s
		 - Constructing Arc SMALL2 - SMALL3 completed
			gdp.bigm Transformation...
			gdp.bigm Transformation completed in 0 s
		 - Constructing Arc SMALL2 - SMALL4 completed
			gdp.bigm Transformation...
			gdp.bigm Transformation completed in 0 s
		 - Constructing Arc SMALL2 - STORAGE completed
			gdp.bigm Transformation...
			gdp.bigm Transformation completed in 0 s
		 - Constructing Arc SMALL3 - BIG1 completed
			gdp.bigm Transformation...
			gdp.bigm Transformation completed in 0 s
		 - Constructing Arc SMALL3 - BIG2 completed
			gdp.bigm Transformation...
			gdp.bigm Transformation completed in 0 s
		 - Constructing Arc SMALL3 - SMALL1 completed
			gdp.bigm Transformation...
			gdp.bigm Transformation completed in 0 s
		 - Constructing Arc SMALL3 - SMALL2 completed
			gdp.bigm Transformation...
			gdp.bigm Transformation completed in 0 s
		 - Constructing Arc SMALL3 - SMALL4 completed
			gdp.bigm Transformation...
			gdp.bigm Transformation completed in 0 s
		 - Constructing Arc SMALL3 - STORAGE completed
			gdp.bigm Transformation...
			gdp.bigm Transformation completed in 0 s
		 - Constructing Arc SMALL4 - BIG1 completed
			gdp.bigm Transformation...
			gdp.bigm Transformation completed in 0 s
		 - Constructing Arc SMALL4 - BIG2 completed
			gdp.bigm Transformation...
			gdp.bigm Transformation completed in 0 s
		 - Constructing Arc SMALL4 - SMALL1 completed
			gdp.bigm Transformation...
			gdp.bigm Transformation completed in 0 s
		 - Constructing Arc SMALL4 - SMALL2 completed
			gdp.bigm Transformation...
			gdp.bigm Transformation completed in 0 s
		 - Constructing Arc SMALL4 - SMALL3 completed
			gdp.bigm Transformation...
			gdp.bigm Transformation completed in 0 s
		 - Constructing Arc SMALL4 - STORAGE completed
			gdp.bigm Transformation...
			gdp.bigm Transformation completed in 0 s
		 - Constructing Arc STORAGE - BIG1 completed
			gdp.bigm Transformation...
			gdp.bigm Transformation completed in 0 s
		 - Constructing Arc STORAGE - BIG2 completed
			gdp.bigm Transformation...
			gdp.bigm Transformation completed in 0 s
		 - Constructing Arc STORAGE - SMALL1 completed
			gdp.bigm Transformation...
			gdp.bigm Transformation completed in 0 s
		 - Constructing Arc STORAGE - SMALL2 completed
			gdp.bigm Transformation...
			gdp.bigm Transformation completed in 0 s
		 - Constructing Arc STORAGE - SMALL3 completed
			gdp.bigm Transformation...
			gdp.bigm Transformation completed in 0 s
		 - Constructing Arc STORAGE - SMALL4 completed
	 - Constructing Network hydrogenPipelineOnshore_lowP completed
			gdp.bigm Transformation...
			gdp.bigm Transformation completed in 79 s
	 - Constructing Network hydrogenPipelineOnshore_highP
			gdp.bigm Transformation...
			gdp.bigm Transformation completed in 0 s
		 - Constructing Arc BIG1 - BIG2 completed
			gdp.bigm Transformation...
			gdp.bigm Transformation completed in 0 s
		 - Constructing Arc BIG1 - SMALL1 completed
			gdp.bigm Transformation...
			gdp.bigm Transformation completed in 0 s
		 - Constructing Arc BIG1 - SMALL2 completed
			gdp.bigm Transformation...
			gdp.bigm Transformation completed in 0 s
		 - Constructing Arc BIG1 - SMALL3 completed
			gdp.bigm Transformation...
			gdp.bigm Transformation completed in 0 s
		 - Constructing Arc BIG1 - SMALL4 completed
			gdp.bigm Transformation...
			gdp.bigm Transformation completed in 0 s
		 - Constructing Arc BIG1 - STORAGE completed
			gdp.bigm Transformation...
			gdp.bigm Transformation completed in 0 s
		 - Constructing Arc BIG2 - BIG1 completed
			gdp.bigm Transformation...
			gdp.bigm Transformation completed in 0 s
		 - Constructing Arc BIG2 - SMALL1 completed
			gdp.bigm Transformation...
			gdp.bigm Transformation completed in 0 s
		 - Constructing Arc BIG2 - SMALL2 completed
			gdp.bigm Transformation...
			gdp.bigm Transformation completed in 0 s
		 - Constructing Arc BIG2 - SMALL3 completed
			gdp.bigm Transformation...
			gdp.bigm Transformation completed in 0 s
		 - Constructing Arc BIG2 - SMALL4 completed
			gdp.bigm Transformation...
			gdp.bigm Transformation completed in 0 s
		 - Constructing Arc BIG2 - STORAGE completed
			gdp.bigm Transformation...
			gdp.bigm Transformation completed in 0 s
		 - Constructing Arc SMALL1 - BIG1 completed
			gdp.bigm Transformation...
			gdp.bigm Transformation completed in 0 s
		 - Constructing Arc SMALL1 - BIG2 completed
			gdp.bigm Transformation...
			gdp.bigm Transformation completed in 0 s
		 - Constructing Arc SMALL1 - SMALL2 completed
			gdp.bigm Transformation...
			gdp.bigm Transformation completed in 0 s
		 - Constructing Arc SMALL1 - SMALL3 completed
			gdp.bigm Transformation...
			gdp.bigm Transformation completed in 0 s
		 - Constructing Arc SMALL1 - SMALL4 completed
			gdp.bigm Transformation...
			gdp.bigm Transformation completed in 0 s
		 - Constructing Arc SMALL1 - STORAGE completed
			gdp.bigm Transformation...
			gdp.bigm Transformation completed in 0 s
		 - Constructing Arc SMALL2 - BIG1 completed
			gdp.bigm Transformation...
			gdp.bigm Transformation completed in 0 s
		 - Constructing Arc SMALL2 - BIG2 completed
			gdp.bigm Transformation...
			gdp.bigm Transformation completed in 0 s
		 - Constructing Arc SMALL2 - SMALL1 completed
			gdp.bigm Transformation...
			gdp.bigm Transformation completed in 0 s
		 - Constructing Arc SMALL2 - SMALL3 completed
			gdp.bigm Transformation...
			gdp.bigm Transformation completed in 0 s
		 - Constructing Arc SMALL2 - SMALL4 completed
			gdp.bigm Transformation...
			gdp.bigm Transformation completed in 0 s
		 - Constructing Arc SMALL2 - STORAGE completed
			gdp.bigm Transformation...
			gdp.bigm Transformation completed in 0 s
		 - Constructing Arc SMALL3 - BIG1 completed
			gdp.bigm Transformation...
			gdp.bigm Transformation completed in 0 s
		 - Constructing Arc SMALL3 - BIG2 completed
			gdp.bigm Transformation...
			gdp.bigm Transformation completed in 0 s
		 - Constructing Arc SMALL3 - SMALL1 completed
			gdp.bigm Transformation...
			gdp.bigm Transformation completed in 0 s
		 - Constructing Arc SMALL3 - SMALL2 completed
			gdp.bigm Transformation...
			gdp.bigm Transformation completed in 0 s
		 - Constructing Arc SMALL3 - SMALL4 completed
			gdp.bigm Transformation...
			gdp.bigm Transformation completed in 0 s
		 - Constructing Arc SMALL3 - STORAGE completed
			gdp.bigm Transformation...
			gdp.bigm Transformation completed in 0 s
		 - Constructing Arc SMALL4 - BIG1 completed
			gdp.bigm Transformation...
			gdp.bigm Transformation completed in 0 s
		 - Constructing Arc SMALL4 - BIG2 completed
			gdp.bigm Transformation...
			gdp.bigm Transformation completed in 0 s
		 - Constructing Arc SMALL4 - SMALL1 completed
			gdp.bigm Transformation...
			gdp.bigm Transformation completed in 0 s
		 - Constructing Arc SMALL4 - SMALL2 completed
			gdp.bigm Transformation...
			gdp.bigm Transformation completed in 0 s
		 - Constructing Arc SMALL4 - SMALL3 completed
			gdp.bigm Transformation...
			gdp.bigm Transformation completed in 0 s
		 - Constructing Arc SMALL4 - STORAGE completed
			gdp.bigm Transformation...
			gdp.bigm Transformation completed in 0 s
		 - Constructing Arc STORAGE - BIG1 completed
			gdp.bigm Transformation...
			gdp.bigm Transformation completed in 0 s
		 - Constructing Arc STORAGE - BIG2 completed
			gdp.bigm Transformation...
			gdp.bigm Transformation completed in 0 s
		 - Constructing Arc STORAGE - SMALL1 completed
			gdp.bigm Transformation...
			gdp.bigm Transformation completed in 0 s
		 - Constructing Arc STORAGE - SMALL2 completed
			gdp.bigm Transformation...
			gdp.bigm Transformation completed in 0 s
		 - Constructing Arc STORAGE - SMALL3 completed
			gdp.bigm Transformation...
			gdp.bigm Transformation completed in 0 s
		 - Constructing Arc STORAGE - SMALL4 completed
	 - Constructing Network hydrogenPipelineOnshore_highP completed
			gdp.bigm Transformation...
			gdp.bigm Transformation completed in 79 s
	 - Adding Technology Electrolyzer_big
			gdp.bigm Transformation...
			gdp.bigm Transformation completed in 0 s
	 - Adding Technology Storage_H2_highP
			gdp.bigm Transformation...
			gdp.bigm Transformation completed in 4 s
	 - Adding Compressor hydrogen_Compressor_hydrogenPipelineOnshore_lowP_hydrogenPipelineOnshore_lowP
	 - Adding Compressor hydrogen_Compressor_hydrogenPipelineOnshore_lowP_hydrogenPipelineOnshore_highP
	 - Adding Compressor hydrogen_Compressor_hydrogenPipelineOnshore_lowP_Storage_H2_highP
	 - Adding Compressor hydrogen_Compressor_hydrogenPipelineOnshore_lowP_Demand
	 - Adding Compressor hydrogen_Compressor_hydrogenPipelineOnshore_highP_hydrogenPipelineOnshore_lowP
	 - Adding Compressor hydrogen_Compressor_hydrogenPipelineOnshore_highP_hydrogenPipelineOnshore_highP
	 - Adding Compressor hydrogen_Compressor_hydrogenPipelineOnshore_highP_Storage_H2_highP
	 - Adding Compressor hydrogen_Compressor_hydrogenPipelineOnshore_highP_Demand
	 - Adding Compressor hydrogen_Compressor_Electrolyzer_big_hydrogenPipelineOnshore_lowP
	 - Adding Compressor hydrogen_Compressor_Electrolyzer_big_hydrogenPipelineOnshore_highP
	 - Adding Compressor hydrogen_Compressor_Electrolyzer_big_Storage_H2_highP
	 - Adding Compressor hydrogen_Compressor_Electrolyzer_big_Demand
	 - Adding Compressor hydrogen_Compressor_Storage_H2_highP_hydrogenPipelineOnshore_lowP
	 - Adding Compressor hydrogen_Compressor_Storage_H2_highP_hydrogenPipelineOnshore_highP
	 - Adding Compressor hydrogen_Compressor_Storage_H2_highP_Storage_H2_highP
	 - Adding Compressor hydrogen_Compressor_Storage_H2_highP_Demand
	 - Adding Compressor hydrogen_Compressor_Import_hydrogenPipelineOnshore_lowP
	 - Adding Compressor hydrogen_Compressor_Import_hydrogenPipelineOnshore_highP
	 - Adding Compressor hydrogen_Compressor_Import_Storage_H2_highP
	 - Adding Compressor hydrogen_Compressor_Import_Demand_existing
	 - Adding Technology Electrolyzer_big
			gdp.bigm Transformation...
			gdp.bigm Transformation completed in 0 s
	 - Adding Technology Storage_H2_highP
			gdp.bigm Transformation...
			gdp.bigm Transformation completed in 4 s
	 - Adding Compressor hydrogen_Compressor_hydrogenPipelineOnshore_lowP_hydrogenPipelineOnshore_lowP
	 - Adding Compressor hydrogen_Compressor_hydrogenPipelineOnshore_lowP_hydrogenPipelineOnshore_highP
	 - Adding Compressor hydrogen_Compressor_hydrogenPipelineOnshore_lowP_Storage_H2_highP
	 - Adding Compressor hydrogen_Compressor_hydrogenPipelineOnshore_lowP_Demand
	 - Adding Compressor hydrogen_Compressor_hydrogenPipelineOnshore_highP_hydrogenPipelineOnshore_lowP
	 - Adding Compressor hydrogen_Compressor_hydrogenPipelineOnshore_highP_hydrogenPipelineOnshore_highP
	 - Adding Compressor hydrogen_Compressor_hydrogenPipelineOnshore_highP_Storage_H2_highP
	 - Adding Compressor hydrogen_Compressor_hydrogenPipelineOnshore_highP_Demand
	 - Adding Compressor hydrogen_Compressor_Electrolyzer_big_hydrogenPipelineOnshore_lowP
	 - Adding Compressor hydrogen_Compressor_Electrolyzer_big_hydrogenPipelineOnshore_highP
	 - Adding Compressor hydrogen_Compressor_Electrolyzer_big_Storage_H2_highP
	 - Adding Compressor hydrogen_Compressor_Electrolyzer_big_Demand
	 - Adding Compressor hydrogen_Compressor_Storage_H2_highP_hydrogenPipelineOnshore_lowP
	 - Adding Compressor hydrogen_Compressor_Storage_H2_highP_hydrogenPipelineOnshore_highP
	 - Adding Compressor hydrogen_Compressor_Storage_H2_highP_Storage_H2_highP
	 - Adding Compressor hydrogen_Compressor_Storage_H2_highP_Demand
	 - Adding Compressor hydrogen_Compressor_Import_hydrogenPipelineOnshore_lowP
	 - Adding Compressor hydrogen_Compressor_Import_hydrogenPipelineOnshore_highP
	 - Adding Compressor hydrogen_Compressor_Import_Storage_H2_highP
	 - Adding Compressor hydrogen_Compressor_Import_Demand_existing
	 - Adding Technology Electrolyzer_small
	 - Adding Technology Storage_H2_lowP
			gdp.bigm Transformation...
			gdp.bigm Transformation completed in 4 s
	 - Adding Compressor hydrogen_Compressor_hydrogenPipelineOnshore_lowP_hydrogenPipelineOnshore_lowP
	 - Adding Compressor hydrogen_Compressor_hydrogenPipelineOnshore_lowP_hydrogenPipelineOnshore_highP
	 - Adding Compressor hydrogen_Compressor_hydrogenPipelineOnshore_lowP_Storage_H2_lowP
	 - Adding Compressor hydrogen_Compressor_hydrogenPipelineOnshore_lowP_Demand
	 - Adding Compressor hydrogen_Compressor_hydrogenPipelineOnshore_highP_hydrogenPipelineOnshore_lowP
	 - Adding Compressor hydrogen_Compressor_hydrogenPipelineOnshore_highP_hydrogenPipelineOnshore_highP
	 - Adding Compressor hydrogen_Compressor_hydrogenPipelineOnshore_highP_Storage_H2_lowP
	 - Adding Compressor hydrogen_Compressor_hydrogenPipelineOnshore_highP_Demand
	 - Adding Compressor hydrogen_Compressor_Electrolyzer_small_hydrogenPipelineOnshore_lowP
	 - Adding Compressor hydrogen_Compressor_Electrolyzer_small_hydrogenPipelineOnshore_highP
	 - Adding Compressor hydrogen_Compressor_Electrolyzer_small_Storage_H2_lowP
	 - Adding Compressor hydrogen_Compressor_Electrolyzer_small_Demand
	 - Adding Compressor hydrogen_Compressor_Storage_H2_lowP_hydrogenPipelineOnshore_lowP
	 - Adding Compressor hydrogen_Compressor_Storage_H2_lowP_hydrogenPipelineOnshore_highP
	 - Adding Compressor hydrogen_Compressor_Storage_H2_lowP_Storage_H2_lowP
	 - Adding Compressor hydrogen_Compressor_Storage_H2_lowP_Demand
	 - Adding Technology Electrolyzer_small
	 - Adding Technology Storage_H2_lowP
			gdp.bigm Transformation...
			gdp.bigm Transformation completed in 4 s
	 - Adding Compressor hydrogen_Compressor_hydrogenPipelineOnshore_lowP_hydrogenPipelineOnshore_lowP
	 - Adding Compressor hydrogen_Compressor_hydrogenPipelineOnshore_lowP_hydrogenPipelineOnshore_highP
	 - Adding Compressor hydrogen_Compressor_hydrogenPipelineOnshore_lowP_Storage_H2_lowP
	 - Adding Compressor hydrogen_Compressor_hydrogenPipelineOnshore_lowP_Demand
	 - Adding Compressor hydrogen_Compressor_hydrogenPipelineOnshore_highP_hydrogenPipelineOnshore_lowP
	 - Adding Compressor hydrogen_Compressor_hydrogenPipelineOnshore_highP_hydrogenPipelineOnshore_highP
	 - Adding Compressor hydrogen_Compressor_hydrogenPipelineOnshore_highP_Storage_H2_lowP
	 - Adding Compressor hydrogen_Compressor_hydrogenPipelineOnshore_highP_Demand
	 - Adding Compressor hydrogen_Compressor_Electrolyzer_small_hydrogenPipelineOnshore_lowP
	 - Adding Compressor hydrogen_Compressor_Electrolyzer_small_hydrogenPipelineOnshore_highP
	 - Adding Compressor hydrogen_Compressor_Electrolyzer_small_Storage_H2_lowP
	 - Adding Compressor hydrogen_Compressor_Electrolyzer_small_Demand
	 - Adding Compressor hydrogen_Compressor_Storage_H2_lowP_hydrogenPipelineOnshore_lowP
	 - Adding Compressor hydrogen_Compressor_Storage_H2_lowP_hydrogenPipelineOnshore_highP
	 - Adding Compressor hydrogen_Compressor_Storage_H2_lowP_Storage_H2_lowP
	 - Adding Compressor hydrogen_Compressor_Storage_H2_lowP_Demand
	 - Adding Technology Electrolyzer_small
	 - Adding Technology Storage_H2_lowP
			gdp.bigm Transformation...
			gdp.bigm Transformation completed in 4 s
	 - Adding Compressor hydrogen_Compressor_hydrogenPipelineOnshore_lowP_hydrogenPipelineOnshore_lowP
	 - Adding Compressor hydrogen_Compressor_hydrogenPipelineOnshore_lowP_hydrogenPipelineOnshore_highP
	 - Adding Compressor hydrogen_Compressor_hydrogenPipelineOnshore_lowP_Storage_H2_lowP
	 - Adding Compressor hydrogen_Compressor_hydrogenPipelineOnshore_lowP_Demand
	 - Adding Compressor hydrogen_Compressor_hydrogenPipelineOnshore_highP_hydrogenPipelineOnshore_lowP
	 - Adding Compressor hydrogen_Compressor_hydrogenPipelineOnshore_highP_hydrogenPipelineOnshore_highP
	 - Adding Compressor hydrogen_Compressor_hydrogenPipelineOnshore_highP_Storage_H2_lowP
	 - Adding Compressor hydrogen_Compressor_hydrogenPipelineOnshore_highP_Demand
	 - Adding Compressor hydrogen_Compressor_Electrolyzer_small_hydrogenPipelineOnshore_lowP
	 - Adding Compressor hydrogen_Compressor_Electrolyzer_small_hydrogenPipelineOnshore_highP
	 - Adding Compressor hydrogen_Compressor_Electrolyzer_small_Storage_H2_lowP
	 - Adding Compressor hydrogen_Compressor_Electrolyzer_small_Demand
	 - Adding Compressor hydrogen_Compressor_Storage_H2_lowP_hydrogenPipelineOnshore_lowP
	 - Adding Compressor hydrogen_Compressor_Storage_H2_lowP_hydrogenPipelineOnshore_highP
	 - Adding Compressor hydrogen_Compressor_Storage_H2_lowP_Storage_H2_lowP
	 - Adding Compressor hydrogen_Compressor_Storage_H2_lowP_Demand
	 - Adding Technology Electrolyzer_small
	 - Adding Technology Storage_H2_lowP
			gdp.bigm Transformation...
			gdp.bigm Transformation completed in 4 s
	 - Adding Compressor hydrogen_Compressor_hydrogenPipelineOnshore_lowP_hydrogenPipelineOnshore_lowP
	 - Adding Compressor hydrogen_Compressor_hydrogenPipelineOnshore_lowP_hydrogenPipelineOnshore_highP
	 - Adding Compressor hydrogen_Compressor_hydrogenPipelineOnshore_lowP_Storage_H2_lowP
	 - Adding Compressor hydrogen_Compressor_hydrogenPipelineOnshore_lowP_Demand
	 - Adding Compressor hydrogen_Compressor_hydrogenPipelineOnshore_highP_hydrogenPipelineOnshore_lowP
	 - Adding Compressor hydrogen_Compressor_hydrogenPipelineOnshore_highP_hydrogenPipelineOnshore_highP
	 - Adding Compressor hydrogen_Compressor_hydrogenPipelineOnshore_highP_Storage_H2_lowP
	 - Adding Compressor hydrogen_Compressor_hydrogenPipelineOnshore_highP_Demand
	 - Adding Compressor hydrogen_Compressor_Electrolyzer_small_hydrogenPipelineOnshore_lowP
	 - Adding Compressor hydrogen_Compressor_Electrolyzer_small_hydrogenPipelineOnshore_highP
	 - Adding Compressor hydrogen_Compressor_Electrolyzer_small_Storage_H2_lowP
	 - Adding Compressor hydrogen_Compressor_Electrolyzer_small_Demand
	 - Adding Compressor hydrogen_Compressor_Storage_H2_lowP_hydrogenPipelineOnshore_lowP
	 - Adding Compressor hydrogen_Compressor_Storage_H2_lowP_hydrogenPipelineOnshore_highP
	 - Adding Compressor hydrogen_Compressor_Storage_H2_lowP_Storage_H2_lowP
	 - Adding Compressor hydrogen_Compressor_Storage_H2_lowP_Demand
	 - Adding Technology Storage_H2_Cavern_existing
			gdp.bigm Transformation...
			gdp.bigm Transformation completed in 4 s
	 - Adding Compressor hydrogen_Compressor_hydrogenPipelineOnshore_lowP_hydrogenPipelineOnshore_lowP
	 - Adding Compressor hydrogen_Compressor_hydrogenPipelineOnshore_lowP_hydrogenPipelineOnshore_highP
	 - Adding Compressor hydrogen_Compressor_hydrogenPipelineOnshore_lowP_Storage_H2_Cavern_existing
	 - Adding Compressor hydrogen_Compressor_hydrogenPipelineOnshore_highP_hydrogenPipelineOnshore_lowP
	 - Adding Compressor hydrogen_Compressor_hydrogenPipelineOnshore_highP_hydrogenPipelineOnshore_highP
	 - Adding Compressor hydrogen_Compressor_hydrogenPipelineOnshore_highP_Storage_H2_Cavern_existing
	 - Adding Compressor hydrogen_Compressor_Storage_H2_Cavern_existing_hydrogenPipelineOnshore_lowP
	 - Adding Compressor hydrogen_Compressor_Storage_H2_Cavern_existing_hydrogenPipelineOnshore_highP
	 - Adding Compressor hydrogen_Compressor_Storage_H2_Cavern_existing_Storage_H2_Cavern_existing_existing
Constructing model completed in 481s
Constructing balances...
Constructing balances completed in 17s
Set objective on infrastructure due to willingness to pay
Set parameter OutputFlag to value 1
Set parameter LogFile to value "/gpfs/home3/scur1696/AdOpT-NET0-RegToNation/generic_node_optimization/results/parallel_creation_test_20251204_143210/task_000/t000_parallel_run_0002/userData/20251204144116-1/solver_log.txt"
Solver log file: /gpfs/home3/scur1696/AdOpT-NET0-RegToNation/generic_node_optimization/results/parallel_creation_test_20251204_143210/task_000/t000_parallel_run_0002/userData/20251204144116-1/solver_log.txt
Set parameter TimeLimit to value 180000
Set parameter MIPGap to value 0.01
Set parameter MIPFocus to value 0
Set parameter Threads to value 12
Set parameter NodefileStart to value 60
Set parameter Method to value -1
Set parameter Heuristics to value 0.05
Set parameter Presolve to value 1
Set parameter BranchDir to value 0
Set parameter LPWarmStart to value 0
Set parameter IntFeasTol to value 1e-05
Set parameter FeasibilityTol to value 1e-06
Set parameter Cuts to value -1
Set parameter NumericFocus to value 0
Variable types: 2137576 continuous, 429284 integer (429284 binary)
Ordering time: 2.79s
Gurobi Optimizer version 13.0.0 build v13.0.0rc1 (linux64 - "Red Hat Enterprise Linux 9.4 (Plow)")

CPU model: AMD EPYC 9654 96-Core Processor, instruction set [SSE2|AVX|AVX2|AVX512]
Thread count: 192 physical cores, 192 logical processors, using up to 12 threads

Non-default parameters:
TimeLimit  180000
MIPGap  0.01
LPWarmStart  0
NodefileStart  60
Presolve  1
Threads  12

Academic license 2729390 - for non-commercial use only - registered to m.___@uu.nl
Optimize a model with 9050179 rows, 6728544 columns and 21385595 nonzeros (Min)
Model fingerprint: 0x81062d63
Model has 1 linear objective coefficients
Variable types: 5869892 continuous, 858652 integer (858652 binary)
Coefficient statistics:
  Matrix range     [2e-03, 2e+08]
  Objective range  [1e+00, 1e+00]
  Bounds range     [5e-02, 6e+08]
  RHS range        [1e+00, 8e+09]
Warning: Model contains large matrix coefficients
Warning: Model contains large rhs
         Consider reformulating model or setting NumericFocus parameter
         to avoid numerical issues.

Barrier statistics:
 Dense cols : 103
 AA' NZ     : 1.544e+07
 Factor NZ  : 6.646e+07 (roughly 2.7 GB of memory)
 Factor Ops : 4.437e+09 (less than 1 second per iteration)
 Threads    : 9

                  Objective                Residual
Iter       Primal          Dual         Primal    Dual     Compl     Time
   0   7.56720121e+09 -2.54233307e+11  2.22e+09 7.82e+00  4.12e+07    83s
   1   8.22397104e+09 -5.70405139e+11  2.15e+09 5.42e+01  3.90e+07    84s
   2   5.69316396e+09 -4.50346406e+11  1.24e+09 5.62e-01  2.27e+07    87s
   3   3.16779022e+09 -3.78090492e+11  1.96e+08 1.22e-06  3.77e+06    89s
Found heuristic solution: objective 1.255760e+08
   4   2.99159290e+09 -2.90601774e+11  3.54e+06 1.54e-06  1.10e+05    90s
Presolve removed 5361748 rows and 3924941 columns (presolve time = 6s)...
   5   2.99902690e+09 -2.37696173e+11  1.44e+06 1.16e-06  6.15e+04    92s
   6   2.99774713e+09 -1.34765726e+11  6.86e+05 3.78e-04  3.04e+04    93s
Deterministic concurrent LP optimizer: primal simplex, dual simplex, and barrier
Showing barrier log only...

   7   2.84239198e+09 -1.02026492e+11  1.51e+05 2.75e-04  1.78e+04    95s
Root barrier log...

Presolve removed 5375567 rows and 3930000 columns (presolve time = 10s)...
   8   2.75793405e+09 -2.60870158e+10  5.34e+03 1.49e-03  4.44e+03    96s
   9   2.53190055e+09 -1.28459703e+10  2.62e+02 4.83e-04  2.35e+03    98s
  10   2.47824084e+09 -6.71671981e+09  2.28e+02 2.44e-04  1.41e+03   100s
Ordering time: 3.96s
Presolve removed 5528318 rows and 4082751 columns (presolve time = 15s)...
  11   1.97109289e+09 -6.62920381e+09  5.62e+01 2.41e-04  1.32e+03   101s

Barrier statistics:
 Dense cols : 103
 AA' NZ     : 1.544e+07
 Factor NZ  : 6.646e+07 (roughly 2.7 GB of memory)
 Factor Ops : 4.437e+09 (less than 1 second per iteration)
 Threads    : 9
  12   1.29926150e+09 -4.48503325e+09  1.45e+01 1.66e-04  8.85e+02   103s
  13   8.69019600e+08 -2.70916054e+09  6.60e+00 1.05e-04  5.48e+02   104s

                  Objective                Residual
Iter       Primal          Dual         Primal    Dual     Compl     Time
   0   1.86996404e+10 -2.51833497e+11  7.24e+09 1.54e+01  1.18e+08   102s
Presolve removed 5528318 rows and 4082751 columns (presolve time = 20s)...
   1   1.98514727e+10 -5.41903580e+11  7.01e+09 5.23e+01  1.13e+08   104s
  14   5.40832704e+08 -9.64467545e+08  2.78e+00 3.77e-05  2.30e+02   106s
  15   4.91004567e+08 -7.31265870e+08  2.46e+00 2.82e-05  1.87e+02   109s
   2   1.25057528e+10 -4.68649963e+11  4.10e+09 1.93e+00  6.71e+07   106s
  16   4.57682667e+08 -6.22230864e+08  2.26e+00 2.38e-05  1.65e+02   110s
Presolve removed 5528318 rows and 4082751 columns (presolve time = 25s)...
   3   3.21031958e+09 -4.21200024e+11  2.79e+08 2.10e-06  4.63e+06   110s
  17   4.20600795e+08 -4.58060309e+08  2.02e+00 1.81e-05  1.34e+02   112s
  18   4.14186723e+08 -3.39600195e+08  1.98e+00 1.43e-05  1.15e+02   114s
Deterministic concurrent LP optimizer: primal simplex, dual simplex, and barrier
Showing barrier log only...

   4   2.95848725e+09 -3.16382686e+11  7.74e+07 6.82e-05  1.33e+06   112s
  19   2.49660709e+08 -1.88478173e+08  8.56e-01 9.30e-06  6.70e+01   115s
Root barrier log...

Presolve removed 5528318 rows and 4082751 columns (presolve time = 30s)...
   5   2.96483034e+09 -2.17349372e+11  2.77e+07 3.79e-06  4.87e+05   114s
   6   2.80503591e+09 -1.97666281e+11  8.14e+06 9.83e-03  1.62e+05   115s
  20   2.15282730e+08 -4.11454186e+07  6.72e-01 4.32e-06  3.92e+01   118s
Ordering time: 2.83s
   7   2.50027486e+09 -1.76272561e+11  6.45e+06 8.54e-03  1.30e+05   117s
  21   2.05248977e+08 -1.01123530e+07  6.17e-01 3.28e-06  3.30e+01   120s

Barrier statistics:
 Dense cols : 103
 AA' NZ     : 1.544e+07
 Factor NZ  : 6.646e+07 (roughly 2.7 GB of memory)
 Factor Ops : 4.437e+09 (less than 1 second per iteration)
 Threads    : 10
Presolve removed 5545984 rows and 4161684 columns (presolve time = 35s)...
   8   2.13342030e+09 -1.66977223e+11  5.73e+06 7.76e-03  1.16e+05   120s
  22   2.02656475e+08 -2.46236816e+05  6.02e-01 3.04e-06  3.10e+01   122s

                  Objective                Residual
Iter       Primal          Dual         Primal    Dual     Compl     Time
   0   7.39148762e+09 -2.61700913e+11  1.80e+09 7.10e+00  4.38e+07   119s
  23   1.91203904e+08  2.02716205e+07  5.15e-01 2.56e-06  2.62e+01   124s
   1   8.02598763e+09 -5.83319499e+11  1.75e+09 4.96e+01  4.15e+07   121s
   9   2.06503071e+09 -1.29149731e+11  5.43e+06 5.44e-03  1.03e+05   122s
Presolve removed 5554859 rows and 4161684 columns (presolve time = 40s)...
   2   5.63064275e+09 -4.45800487e+11  1.06e+09 2.22e+00  2.57e+07   122s
  24   1.68439380e+08  8.35639556e+07  3.38e-01 8.95e-07  1.30e+01   127s
  10   1.18289175e+09 -8.49234132e+10  3.20e+06 2.40e-03  6.08e+04   125s
   3   2.86974838e+09 -3.78310401e+11  1.71e+08 2.42e-06  4.31e+06   125s
  25   1.38120550e+08  9.58715823e+07  1.35e-01 5.55e-07  6.46e+00   130s
  11   8.49427424e+08 -5.02966608e+10  2.21e+06 9.82e-04  3.97e+04   129s
Presolve removed 5554859 rows and 4161684 columns (presolve time = 45s)...
   4   2.61573319e+09 -3.00727414e+11  8.16e+06 2.21e-06  2.45e+05   128s
   5   2.63054904e+09 -1.38384234e+11  9.86e+05 2.07e-06  4.08e+04   129s
  26   1.30709695e+08  1.08045519e+08  8.99e-02 2.06e-07  3.47e+00   134s
  12   3.22708083e+08 -2.47491087e+10  6.50e+05 3.53e-03  1.32e+04   132s
   6   2.63239895e+09 -2.77109002e+10  6.16e+04 6.09e-07  5.28e+03   131s
Presolve removed 5554859 rows and 4161684 columns
Presolve time: 49.13s
Presolved: 3495320 rows, 2566860 columns, 11519758 nonzeros
  27   1.24775160e+08  1.12694285e+08  5.06e-02 9.77e-08  1.85e+00   136s
   7   2.62079475e+09 -1.78111961e+10  1.03e+04 2.13e-05  3.20e+03   132s
Deterministic concurrent LP optimizer: primal simplex, dual simplex, and barrier
Showing barrier log only...

  13   2.00221176e+08 -1.57213654e+10  2.73e+05 2.07e-03  6.10e+03   134s
   8   2.39058263e+09 -1.13797778e+10  1.49e-06 5.78e-08  2.11e+03   134s
Root barrier log...

  28   1.22695849e+08  1.13156648e+08  3.53e-02 8.51e-08  1.46e+00   139s
  14   1.59534994e+08 -1.00039062e+10  1.52e+05 1.10e-03  3.35e+03   137s
  15   1.48406307e+08 -9.09491905e+09  1.18e+05 1.14e-03  2.75e+03   138s
   9   1.64399568e+09 -5.69674657e+09  4.54e-07 2.62e-08  1.12e+03   137s
Ordering time: 2.94s
  29   1.22449163e+08  1.14688019e+08  3.39e-02 4.39e-08  1.19e+00   141s
  16   1.47538286e+08 -7.06385746e+09  1.15e+05 5.99e-04  2.29e+03   140s
  10   1.13284838e+09 -3.91088574e+09  1.52e-06 2.28e-08  7.72e+02   139s

Barrier statistics:
 Dense cols : 103
 AA' NZ     : 1.544e+07
 Factor NZ  : 6.646e+07 (roughly 2.7 GB of memory)
 Factor Ops : 4.437e+09 (less than 1 second per iteration)
 Threads    : 9
  30   1.21889564e+08  1.14880942e+08  3.07e-02 3.93e-08  1.07e+00   143s
Variable types: 2137576 continuous, 429284 integer (429284 binary)
  11   9.98410171e+08 -3.49795542e+09  8.20e-07 1.68e-08  6.88e+02   140s

                  Objective                Residual
Iter       Primal          Dual         Primal    Dual     Compl     Time
  17   1.47693351e+08 -6.75996781e+09  1.09e+05 5.78e-04  2.17e+03   142s
   0   7.49346148e+09 -2.55593769e+11  1.67e+09 1.02e+01  4.12e+07   139s
  12   9.45455144e+08 -3.45223019e+09  4.88e-07 1.66e-08  6.73e+02   141s
  31   1.19392214e+08  1.15542670e+08  1.60e-02 2.19e-08  5.89e-01   146s
  13   6.78252738e+08 -1.98625670e+09  3.82e-07 1.01e-08  4.08e+02   143s
   1   8.12399856e+09 -5.58647262e+11  1.62e+09 4.81e+01  3.91e+07   141s
  18   1.34624441e+08 -5.91403340e+09  5.70e+04 4.40e-04  1.49e+03   144s
Found heuristic solution: objective 1.236838e+08
  32   1.18329210e+08  1.16213585e+08  9.82e-03 5.38e-09  3.24e-01   148s
   2   5.66673640e+09 -4.45403559e+11  9.46e+08 9.93e-01  2.29e+07   143s
  14   3.54019778e+08 -8.40489782e+08  8.78e-07 8.79e-09  1.83e+02   145s
  19   1.31182784e+08 -4.29977908e+09  4.26e+04 1.22e-04  1.04e+03   148s
  15   2.45642661e+08 -2.84500199e+08  2.75e-07 5.97e-09  8.11e+01   148s
   3   2.92905030e+09 -3.64703282e+11  7.39e+07 9.21e-06  1.86e+06   146s
  33   1.17155442e+08  1.16376989e+08  3.15e-03 3.09e-09  1.19e-01   152s
  20   1.30664156e+08 -3.50307712e+09  4.05e+04 1.62e-04  8.74e+02   150s
  16   2.32830945e+08 -2.05050271e+08  5.75e-07 2.87e-09  6.70e+01   150s
   4   2.98400562e+09 -2.53013817e+11  2.09e+06 9.44e-06  8.79e+04   149s
  34   1.16753824e+08  1.16454232e+08  9.94e-04 7.28e-10  4.58e-02   154s
  17   2.15288191e+08 -1.66016924e+08  9.41e-07 3.06e-09  5.83e+01   151s
   5   2.99833765e+09 -1.31553950e+11  4.58e+05 4.35e-06  2.88e+04   151s
  18   1.97641134e+08 -1.27680124e+08  7.23e-07 2.59e-09  4.98e+01   153s
  21   1.30923330e+08 -3.24743737e+09  3.93e+04 1.46e-04  8.18e+02   154s
  35   1.16650265e+08  1.16503604e+08  4.76e-04 5.34e-10  2.24e-02   157s
  19   1.22018215e+08 -2.95683391e+07  8.61e-07 1.24e-09  2.32e+01   155s
   6   2.97783367e+09 -9.27644434e+10  7.62e+04 3.04e-06  1.58e+04   153s
  22   1.30657605e+08 -2.88088639e+09  3.74e+04 1.86e-04  7.44e+02   156s
  36   1.16615171e+08  1.16521584e+08  3.04e-04 3.47e-10  1.43e-02   159s
   7   2.91219342e+09 -2.44601953e+10  1.45e+04 1.21e-06  4.29e+03   155s
  37   1.16591014e+08  1.16532011e+08  1.87e-04 6.78e-10  9.02e-03   160s
  20   1.07303846e+08 -4.70062631e+06  5.92e-07 1.75e-09  1.71e+01   158s
  38   1.16576380e+08  1.16539259e+08  1.17e-04 8.65e-10  5.67e-03   162s
   8   2.59666427e+09 -1.01143230e+10  1.32e+02 3.32e-07  1.95e+03   157s
  21   1.05831755e+08 -3.62902174e+06  6.62e-07 4.98e-10  1.67e+01   159s
  23   1.30799101e+08 -2.13778874e+09  3.59e+04 1.89e-04  6.05e+02   161s
  39   1.16568418e+08  1.16543208e+08  8.00e-05 6.81e-10  3.85e-03   164s
  22   1.04575091e+08 -2.36187073e+06  6.24e-07 1.28e-09  1.64e+01   161s
  40   1.16560447e+08  1.16546393e+08  4.29e-05 3.09e-09  2.15e-03   166s
  24   1.31647040e+08 -1.35026863e+09  2.67e+04 2.18e-04  4.10e+02   164s
   9   2.38706774e+09 -7.72687686e+09  1.09e+02 2.69e-07  1.55e+03   161s
  23   1.03469749e+08 -1.96156015e+06  5.92e-07 2.91e-09  1.61e+01   163s
  41   1.16556304e+08  1.16548206e+08  2.37e-05 6.98e-10  1.24e-03   167s
  10   1.27167433e+09 -6.70259260e+09  8.64e+00 2.33e-07  1.22e+03   163s
Deterministic concurrent LP optimizer: primal simplex, dual simplex, and barrier
Showing barrier log only...

  25   1.32729827e+08 -1.00041309e+09  2.03e+04 2.11e-04  3.08e+02   166s
  42   1.16553765e+08  1.16549113e+08  1.24e-05 1.75e-09  7.11e-04   169s
  24   1.02865866e+08 -1.02901912e+06  6.34e-07 2.56e-09  1.59e+01   166s
  11   7.85111668e+08 -2.72447549e+09  1.98e+00 9.81e-08  5.37e+02   165s
Root barrier log...

  43   1.16552266e+08  1.16549884e+08  5.74e-06 1.16e-09  3.64e-04   171s
  12   4.73493798e+08 -1.11442559e+09  6.95e-01 4.25e-08  2.43e+02   166s
  26   1.32932303e+08 -6.26692272e+08  1.62e+04 1.70e-04  2.13e+02   169s
  25   1.00792829e+08  1.13524197e+07  6.36e-07 4.44e-10  1.37e+01   168s
Deterministic concurrent LP optimizer: primal simplex, dual simplex, and barrier
Showing barrier log only...

  44   1.16551518e+08  1.16550330e+08  2.45e-06 4.34e-10  1.82e-04   172s
  13   3.67051745e+08 -6.12903335e+08  5.09e-01 2.40e-08  1.50e+02   168s
Root barrier log...

  45   1.16551162e+08  1.16550564e+08  1.01e-06 1.57e-09  9.13e-05   175s
  26   9.07047227e+07  4.11991364e+07  5.49e-07 4.13e-08  7.58e+00   171s
  27   1.32987742e+08 -4.23003126e+08  1.03e+04 6.46e-05  1.40e+02   173s
  14   3.48309185e+08 -4.17267700e+08  4.81e-01 1.70e-08  1.17e+02   170s
Ordering time: 5.23s
  46   1.16550990e+08  1.16550752e+08  2.71e-07 2.75e-10  3.64e-05   177s
  27   8.44568143e+07  4.91087866e+07  3.32e-07 1.49e-08  5.41e+00   174s
  15   3.32592015e+08 -1.86886620e+08  4.56e-01 8.18e-09  7.95e+01   172s
  28   1.32894222e+08 -2.87525313e+08  7.01e+03 2.33e-05  9.81e+01   176s

Barrier statistics:
 Dense cols : 103
 AA' NZ     : 1.544e+07
 Factor NZ  : 6.646e+07 (roughly 2.7 GB of memory)
 Factor Ops : 4.437e+09 (less than 1 second per iteration)
 Threads    : 10
  28   7.49832164e+07  5.17309501e+07  1.45e-07 3.48e-10  3.56e+00   176s
  47   1.16550931e+08  1.16550832e+08  1.34e-07 4.77e-09  1.52e-05   179s
Ordering time: 5.06s
  16   2.01773920e+08 -3.33047485e+07  2.32e-01 2.79e-09  3.60e+01   175s

                  Objective                Residual
Iter       Primal          Dual         Primal    Dual     Compl     Time
   0   1.44181784e+10 -2.67449426e+11  5.14e+09 1.18e+01  9.45e+07   167s
  29   1.32792433e+08 -1.47960148e+08  5.79e+03 5.71e-06  6.50e+01   179s
  29   7.14944127e+07  5.44186414e+07  1.44e-07 3.05e-08  2.61e+00   178s
  48   1.16550904e+08  1.16550861e+08  2.78e-07 3.36e-10  6.52e-06   183s
   1   1.54313932e+10 -4.28456863e+11  4.98e+09 6.91e+01  8.62e+07   169s

Barrier statistics:
 Dense cols : 103
 AA' NZ     : 1.544e+07
 Factor NZ  : 6.646e+07 (roughly 2.7 GB of memory)
 Factor Ops : 4.437e+09 (less than 1 second per iteration)
 Threads    : 9
  17   1.66645668e+08 -1.73724464e+06  1.79e-01 1.73e-09  2.58e+01   178s
  30   1.32507299e+08 -5.51232603e+07  3.92e+03 3.97e-06  3.99e+01   182s

                  Objective                Residual
Iter       Primal          Dual         Primal    Dual     Compl     Time
   0   1.40631716e+10 -2.57219882e+11  5.36e+09 9.83e+00  8.61e+07   104s
   2   1.00624405e+10 -3.96818249e+11  2.96e+09 3.67e+00  5.20e+07   171s
  18   1.62928945e+08  1.71490553e+06  1.74e-01 1.62e-09  2.47e+01   180s
  49   1.16550888e+08  1.16550873e+08  6.13e-07 5.82e-10  2.25e-06   186s
  31   1.32089225e+08 -3.78960752e+06  2.37e+03 2.54e-08  2.61e+01   184s
  19   1.61405002e+08  4.05259668e+06  1.71e-01 1.63e-09  2.41e+01   182s
   1   1.50724619e+10 -4.18385084e+11  5.20e+09 6.34e+01  7.83e+07   106s
  30   6.86785274e+07  5.53987309e+07  3.74e-07 2.84e-08  2.03e+00   184s
  50   1.16550882e+08  1.16550878e+08  7.93e-07 4.05e-09  5.95e-07   188s
   3   3.05371357e+09 -3.76314836e+11  2.56e+08 3.78e-06  4.69e+06   174s
  32   1.31725526e+08  1.86373493e+07  1.90e+03 3.80e-08  2.09e+01   186s
  20   1.59598816e+08  1.09669240e+07  1.67e-01 1.42e-09  2.27e+01   183s
  33   1.31569713e+08  5.52754447e+07  1.71e+03 5.73e-08  1.40e+01   187s
  51   1.16550879e+08  1.16550878e+08  6.42e-09 1.90e-07  6.17e-08   190s
   2   1.00045896e+10 -3.84813136e+11  3.09e+09 3.71e+00  4.72e+07   109s
   4   2.59874954e+09 -2.90147878e+11  1.01e+07 8.24e-07  2.24e+05   177s
  21   1.47059297e+08  5.10590846e+07  1.33e-01 6.17e-09  1.47e+01   186s
  31   6.30357680e+07  5.60632539e+07  5.85e-06 6.98e-10  1.07e+00   188s
  52   1.16550879e+08  1.16550879e+08  1.58e-07 1.93e-07  9.71e-09   192s

Barrier solved model in 52 iterations and 191.69 seconds (143.44 work units)
Optimal objective 1.16550879e+08

  34   1.30663854e+08  6.80960840e+07  1.27e+03 2.84e-08  1.10e+01   189s

Root crossover log...

   3   3.64974844e+09 -3.58846199e+11  3.65e+08 1.33e-06  5.72e+06   112s
   5   2.59579828e+09 -2.66661127e+11  5.53e+06 6.70e-07  1.38e+05   179s
  35   1.30041672e+08  7.55858006e+07  1.10e+03 1.77e-08  9.48e+00   191s
  373015 DPushes remaining with DInf 0.0000000e+00               194s
  22   1.23008536e+08  6.26006141e+07  8.07e-02 4.47e-10  9.24e+00   189s
   4   3.01947591e+09 -2.85717040e+11  1.51e+07 3.09e-07  2.76e+05   114s
  36   1.29460443e+08  8.21226175e+07  9.89e+02 1.68e-08  8.17e+00   193s
   6   2.59262957e+09 -2.59769833e+11  3.92e+06 6.49e-07  1.08e+05   182s
  23   1.19568827e+08  7.22471868e+07  7.39e-02 3.77e-10  7.24e+00   192s
   5   3.01204783e+09 -2.46917147e+11  6.93e+06 3.98e-07  1.42e+05   116s
  32   6.14410805e+07  5.65207229e+07  2.73e-06 2.08e-10  7.53e-01   194s
   7   2.56878928e+09 -1.96534597e+11  2.99e+06 4.62e-07  7.95e+04   184s
  37   1.28853306e+08  8.73470122e+07  8.86e+02 1.86e-08  7.10e+00   195s
  38   1.28690039e+08  9.15142423e+07  8.54e+02 1.30e-08  6.36e+00   196s
   6   3.01157234e+09 -2.42498567e+11  6.46e+06 2.22e-07  1.33e+05   118s
   8   2.40624868e+09 -1.90816440e+11  2.44e+06 4.20e-07  6.79e+04   186s
  24   1.15139104e+08  7.41708002e+07  6.58e-02 5.33e-10  6.27e+00   194s
  159491 DPushes remaining with DInf 0.0000000e+00               200s
  39   1.28051624e+08  9.45338809e+07  7.61e+02 8.61e-09  5.68e+00   198s
   7   3.00575529e+09 -2.20291643e+11  5.45e+06 2.82e-07  1.14e+05   120s
  33   6.02090190e+07  5.75590218e+07  3.96e-06 1.33e-08  4.05e-01   198s
  25   1.06973584e+08  7.68126252e+07  4.87e-02 6.33e-08  4.62e+00   197s
  40   1.27528751e+08  9.78766768e+07  6.97e+02 9.55e-09  5.01e+00   200s
   9   2.19410358e+09 -1.51735587e+11  1.83e+06 3.28e-07  5.24e+04   189s
   8   2.97630821e+09 -1.92774246e+11  4.03e+06 3.89e-07  8.88e+04   122s
  41   1.27313913e+08  1.00175188e+08  6.75e+02 6.52e-09  4.58e+00   201s
  26   1.01343319e+08  8.00721337e+07  3.61e-02 2.65e-10  3.25e+00   200s
  42   1.26616358e+08  1.01658019e+08  6.08e+02 6.52e-09  4.19e+00   203s
   9   2.74890400e+09 -1.88188818e+11  3.48e+06 6.50e-07  7.85e+04   124s
  10   1.66611583e+09 -1.19906727e+11  1.05e+06 2.40e-07  3.42e+04   192s
  34   5.93227241e+07  5.78782931e+07  1.08e-05 3.49e-09  2.21e-01   202s
  103506 DPushes remaining with DInf 0.0000000e+00               207s
  43   1.25820225e+08  1.03100521e+08  5.37e+02 7.22e-09  3.78e+00   204s
  27   1.00573622e+08  8.15923033e+07  3.41e-02 2.74e-10  2.90e+00   202s
  44   1.25454429e+08  1.04147770e+08  5.05e+02 7.92e-09  3.54e+00   206s
  11   1.06939265e+09 -7.64599147e+10  2.85e+05 2.63e-07  1.57e+04   196s
  10   1.88665945e+09 -1.15484985e+11  2.11e+06 2.40e-06  4.72e+04   129s
  35   5.88596999e+07  5.80490246e+07  3.72e-05 2.36e-10  1.24e-01   206s
  28   9.61947845e+07  8.34778265e+07  2.28e-02 2.05e-08  1.95e+00   205s
  45   1.24978144e+08  1.05605599e+08  4.66e+02 1.40e-08  3.21e+00   208s
  101846 DPushes remaining with DInf 0.0000000e+00               211s
  46   1.24444862e+08  1.06947092e+08  4.17e+02 1.42e-08  2.88e+00   210s
  12   8.68614534e+08 -3.16140929e+10  2.39e+04 7.37e-07  5.17e+03   199s
  11   1.13822257e+09 -8.16286493e+10  9.22e+05 2.56e-06  2.49e+04   132s
  29   9.46294263e+07  8.56035312e+07  1.93e-02 3.33e-08  1.38e+00   209s
  47   1.24136764e+08  1.07681383e+08  3.88e+02 1.30e-08  2.70e+00   212s
  36   5.87777675e+07  5.80846978e+07  3.50e-05 2.21e-09  1.06e-01   211s
  100186 DPushes remaining with DInf 0.0000000e+00               215s
  13   8.27401162e+08 -9.64775931e+09  2.07e+02 7.89e-07  1.60e+03   202s
  12   7.07736863e+08 -3.70983573e+10  1.66e+05 1.13e-05  7.59e+03   135s
  48   1.23225095e+08  1.08778776e+08  3.04e+02 1.00e-08  2.34e+00   214s
  30   9.25642041e+07  8.61094666e+07  1.39e-02 1.77e-08  9.88e-01   211s
  14   7.78305167e+08 -3.69062818e+09  4.58e+00 6.51e-07  6.84e+02   204s
  13   6.17561334e+08 -1.11441155e+10  1.27e+04 1.66e-03  1.87e+03   137s
  49   1.22707855e+08  1.10505111e+08  2.62e+02 1.00e-08  1.97e+00   216s
  37   5.87504900e+07  5.81090909e+07  3.42e-05 2.74e-09  9.81e-02   215s
  15   7.66264833e+08 -3.24191238e+09  4.00e+00 5.75e-07  6.13e+02   206s
  31   9.12452767e+07  8.65398161e+07  1.10e-02 1.77e-08  7.20e-01   215s
  14   5.78366459e+08 -4.16755323e+09  6.82e+01 8.31e-04  7.26e+02   139s
  16   5.98886027e+08 -2.56222766e+09  8.77e-01 4.72e-07  4.84e+02   208s
   97696 DPushes remaining with DInf 0.0000000e+00               222s
  15   5.40567057e+08 -1.82525795e+09  7.38e+00 3.98e-04  3.62e+02   141s
  50   1.21847307e+08  1.12280110e+08  1.95e+02 1.30e-08  1.52e+00   221s
  17   4.60434139e+08 -2.04614646e+09  3.65e-01 3.86e-07  3.84e+02   210s
  16   4.79229238e+08 -1.28042286e+09  1.96e+00 2.90e-04  2.69e+02   143s
  32   8.91619743e+07  8.71132206e+07  4.65e-03 4.95e-09  3.13e-01   219s
  18   3.23021389e+08 -1.13330859e+09  1.45e-01 2.19e-07  2.23e+02   212s
  17   4.17768390e+08 -8.03304222e+08  1.09e+00 1.89e-04  1.87e+02   144s
  51   1.21197565e+08  1.13426655e+08  1.45e+02 1.23e-08  1.22e+00   223s
  38   5.87363454e+07  5.81471938e+07  2.94e-05 9.78e-09  9.02e-02   222s
   96036 DPushes remaining with DInf 0.0000000e+00               227s
  19   1.86451286e+08 -5.84962040e+08  5.31e-02 1.17e-07  1.18e+02   213s
  33   8.83848061e+07  8.73095586e+07  2.45e-03 3.90e-09  1.64e-01   222s
  18   3.91359256e+08 -6.17134977e+08  9.82e-01 1.55e-04  1.54e+02   146s
  52   1.20916710e+08  1.13899337e+08  1.24e+02 1.09e-08  1.09e+00   226s
  20   1.61988708e+08 -2.60592303e+08  4.29e-02 5.40e-08  6.47e+01   216s
  19   3.88546331e+08 -5.76966875e+08  9.70e-01 1.47e-04  1.48e+02   148s
   93546 DPushes remaining with DInf 0.0000000e+00               230s
  34   8.82329593e+07  8.73526327e+07  2.03e-03 3.84e-09  1.35e-01   225s
  21   1.59276111e+08 -2.35443683e+08  4.19e-02 4.78e-08  6.04e+01   217s
  20   3.83583824e+08 -5.13553400e+08  9.49e-01 1.35e-04  1.37e+02   150s
  22   1.23851706e+08 -9.12036545e+07  2.90e-02 2.31e-08  3.29e+01   219s
  53   1.20547671e+08  1.14866173e+08  9.81e+01 7.45e-09  8.71e-01   230s
  21   3.47089607e+08 -4.68265718e+08  7.60e-01 1.27e-04  1.25e+02   152s
  35   8.81955083e+07  8.73684669e+07  1.93e-03 5.06e-09  1.27e-01   229s
  23   1.02674381e+08 -2.59024840e+07  2.15e-02 1.12e-08  1.97e+01   221s
  39   5.85982514e+07  5.82135696e+07  2.31e-04 4.00e-10  5.89e-02   231s
  22   3.32490493e+08 -2.50277888e+08  7.01e-01 8.58e-05  8.92e+01   154s
   90226 DPushes remaining with DInf 0.0000000e+00               236s
  36   8.81688003e+07  8.73715083e+07  1.86e-03 7.68e-09  1.22e-01   231s
  54   1.20317841e+08  1.15582987e+08  8.27e+01 7.98e-09  7.18e-01   235s
  24   9.99328809e+07 -2.05434543e+07  2.06e-02 1.01e-08  1.84e+01   224s
  25   9.83159575e+07 -1.37501828e+07  1.99e-02 9.92e-09  1.71e+01   226s
  37   8.81050555e+07  8.73755709e+07  1.69e-03 3.96e-09  1.12e-01   234s
  23   2.33986093e+08 -1.22367271e+08  3.53e-01 5.51e-05  5.45e+01   158s
  40   5.85375815e+07  5.82464218e+07  1.80e-04 1.20e-08  4.46e-02   236s
  26   9.60112452e+07 -8.88523124e+06  1.90e-02 8.18e-09  1.61e+01   227s
  55   1.20026701e+08  1.16467475e+08  6.46e+01 9.00e-09  5.29e-01   239s
  24   2.25072204e+08 -6.93303967e+07  3.23e-01 4.28e-05  4.50e+01   160s
   86906 DPushes remaining with DInf 0.0000000e+00               242s
  38   8.80352459e+07  8.74309895e+07  1.49e-03 2.30e-09  9.24e-02   237s
  27   8.33637516e+07  2.34546725e+07  1.39e-02 6.98e-08  9.17e+00   229s
  25   2.21289966e+08 -5.68761772e+07  3.11e-01 4.00e-05  4.26e+01   163s
  56   1.19746164e+08  1.16764832e+08  4.82e+01 8.92e-09  4.33e-01   243s
  28   8.06469549e+07  2.84142075e+07  1.28e-02 5.02e-08  7.99e+00   232s
  41   5.85115017e+07  5.82683743e+07  1.58e-04 7.04e-09  3.72e-02   243s
  26   2.16231625e+08 -7.82946991e+06  2.91e-01 3.06e-05  3.43e+01   166s
   85246 DPushes remaining with DInf 0.0000000e+00               247s
  39   8.77995720e+07  8.74603030e+07  8.46e-04 2.74e-09  5.19e-02   242s
  57   1.19532866e+08  1.17087483e+08  3.69e+01 8.77e-09  3.48e-01   246s
  29   7.92482947e+07  3.43290925e+07  1.22e-02 7.75e-08  6.87e+00   235s
  27   1.79442244e+08  1.01356192e+08  9.10e-02 8.52e-06  1.19e+01   169s
  58   1.19322077e+08  1.17362198e+08  2.69e+01 7.83e-09  2.72e-01   248s
  30   7.33201233e+07  3.94696926e+07  9.55e-03 1.22e-07  5.18e+00   238s
  28   1.63073490e+08  1.28322713e+08  4.59e-02 2.41e-06  5.32e+00   171s
   83586 DPushes remaining with DInf 0.0000000e+00               253s
  42   5.84907580e+07  5.82809351e+07  1.41e-04 2.18e-08  3.21e-02   250s
  59   1.19202828e+08  1.17650856e+08  2.23e+01 6.46e-09  2.12e-01   251s
  29   1.56491427e+08  1.31638714e+08  3.19e-02 1.78e-06  3.80e+00   173s
  31   7.12745275e+07  4.27801330e+07  8.63e-03 1.71e-07  4.36e+00   241s
   81096 DPushes remaining with DInf 0.0000000e+00               255s
  40   8.77116920e+07  8.74804268e+07  5.88e-04 1.49e-08  3.54e-02   251s
  60   1.19177868e+08  1.17732125e+08  2.14e+01 6.03e-09  1.96e-01   254s
  30   1.55187435e+08  1.33853339e+08  2.91e-02 1.40e-06  3.26e+00   176s
  32   6.79697473e+07  4.65786452e+07  7.04e-03 1.12e-07  3.27e+00   244s
  61   1.19087236e+08  1.17813275e+08  1.84e+01 5.53e-09  1.71e-01   257s
  31   1.52178717e+08  1.35825039e+08  2.24e-02 1.03e-06  2.50e+00   178s
   76946 DPushes remaining with DInf 0.0000000e+00               260s
  33   6.72679846e+07  4.83339527e+07  6.69e-03 3.41e-08  2.90e+00   248s
  32   1.50383807e+08  1.37308687e+08  1.82e-02 7.87e-07  2.00e+00   180s
  41   8.76517240e+07  8.74864845e+07  4.18e-04 1.28e-09  2.53e-02   256s
  62   1.19011678e+08  1.17917431e+08  1.61e+01 4.81e-09  1.46e-01   260s
  43   5.83853322e+07  5.82883147e+07  6.62e-05 1.53e-08  1.48e-02   259s
  33   1.50157159e+08  1.38553636e+08  1.77e-02 5.98e-07  1.78e+00   183s
   71441 DPushes remaining with DInf 0.0000000e+00               266s
  44   5.83255312e+07  5.83030450e+07  1.45e-05 3.55e-09  3.44e-03   262s
  42   8.75965305e+07  8.75094958e+07  2.27e-04 2.37e-08  1.33e-02   261s
  34   1.48468243e+08  1.39578547e+08  1.41e-02 4.42e-07  1.36e+00   185s
  63   1.18935626e+08  1.17971489e+08  1.39e+01 4.43e-09  1.28e-01   264s
  34   6.14129691e+07  5.19556737e+07  3.18e-03 1.97e-08  1.45e+00   254s
  64   1.18878899e+08  1.18041449e+08  1.23e+01 3.79e-09  1.10e-01   267s
  35   1.45998288e+08  1.40711856e+08  7.31e-03 2.73e-07  8.09e-01   188s
  43   8.75828702e+07  8.75134777e+07  1.86e-04 4.83e-09  1.06e-02   264s
   66328 DPushes remaining with DInf 0.0000000e+00               270s
  45   5.83153135e+07  5.83056472e+07  6.29e-06 3.43e-09  1.48e-03   267s
  65   1.18807688e+08  1.18115109e+08  1.04e+01 3.12e-09  8.99e-02   269s
  35   5.82452600e+07  5.41690157e+07  1.39e-03 4.18e-07  6.24e-01   258s
  44   8.75644613e+07  8.75179608e+07  1.27e-04 8.85e-09  7.11e-03   267s
  36   1.45507075e+08  1.41778856e+08  6.32e-03 1.28e-07  5.71e-01   192s
  46   5.83100397e+07  5.83064955e+07  2.24e-06 6.98e-10  5.42e-04   270s
  66   1.18776561e+08  1.18139043e+08  9.59e+00 2.86e-09  8.24e-02   272s
   65498 DPushes remaining with DInf 0.0000000e+00               277s
  47   5.83086033e+07  5.83067913e+07  1.17e-06 2.85e-09  2.77e-04   274s
  67   1.18738896e+08  1.18159842e+08  8.65e+00 2.66e-09  7.47e-02   275s
  45   8.75454464e+07  8.75202209e+07  6.72e-05 1.66e-09  3.86e-03   272s
  37   1.44863907e+08  1.42215553e+08  4.94e-03 5.72e-08  4.05e-01   197s
  48   5.83080100e+07  5.83068899e+07  7.20e-07 1.84e-08  1.71e-04   276s
  36   5.68839711e+07  5.51959021e+07  5.38e-04 1.51e-07  2.58e-01   268s
  68   1.18716689e+08  1.18192051e+08  8.12e+00 2.25e-09  6.71e-02   279s
  38   1.44349169e+08  1.42423150e+08  3.75e-03 3.16e-08  2.95e-01   201s
  46   8.75369774e+07  8.75212162e+07  4.12e-05 2.50e-09  2.41e-03   278s
  49   5.83075995e+07  5.83069575e+07  4.12e-07 1.26e-08  9.82e-05   279s
   64668 DPushes remaining with DInf 0.0000000e+00               283s
  39   1.43704586e+08  1.42446445e+08  2.35e-03 2.94e-08  1.93e-01   203s
  50   5.83073654e+07  5.83069828e+07  2.39e-07 1.66e-09  5.85e-05   282s
  69   1.18664191e+08  1.18211716e+08  6.87e+00 2.12e-09  5.77e-02   284s
  37   5.65239978e+07  5.54304643e+07  3.44e-04 9.54e-08  1.67e-01   274s
  40   1.43453535e+08  1.42516159e+08  1.76e-03 2.12e-08  1.43e-01   207s
  47   8.75337845e+07  8.75216371e+07  3.16e-05 3.03e-09  1.86e-03   283s
  51   5.83072732e+07  5.83070065e+07  1.70e-07 1.75e-09  4.08e-05   285s
  70   1.18611431e+08  1.18230164e+08  5.61e+00 1.93e-09  4.87e-02   286s
  41   1.43174937e+08  1.42586192e+08  1.09e-03 1.40e-08  9.01e-02   209s
   63838 DPushes remaining with DInf 0.0000000e+00               290s
  71   1.18581499e+08  1.18234731e+08  4.90e+00 1.89e-09  4.45e-02   288s
  42   1.43023073e+08  1.42634536e+08  7.15e-04 9.28e-09  5.95e-02   211s
  52   5.83071779e+07  5.83070211e+07  1.01e-07 1.05e-08  2.40e-05   288s
  38   5.63424347e+07  5.55433612e+07  2.48e-04 6.94e-08  1.22e-01   279s
   63008 DPushes remaining with DInf 0.0000000e+00               293s
  48   8.75309783e+07  8.75219213e+07  2.30e-05 2.62e-09  1.39e-03   288s
  53   5.83070749e+07  5.83070289e+07  8.01e-08 1.51e-08  7.04e-06   291s
  72   1.18535164e+08  1.18274725e+08  3.82e+00 2.91e-09  3.30e-02   293s
  43   1.42932495e+08  1.42663949e+08  4.95e-04 4.16e-09  4.11e-02   214s
   61348 DPushes remaining with DInf 0.0000000e+00               297s
  39   5.62619254e+07  5.56135178e+07  2.07e-04 5.70e-08  9.92e-02   284s
  73   1.18500127e+08  1.18284620e+08  3.02e+00 1.98e-09  2.74e-02   296s
  54   5.83070543e+07  5.83070341e+07  1.15e-07 6.52e-09  3.08e-06   295s
  44   1.42885273e+08  1.42687627e+08  3.75e-04 2.92e-09  3.02e-02   218s
  49   8.75294485e+07  8.75222259e+07  1.85e-05 1.28e-09  1.10e-03   294s
  74   1.18469553e+08  1.18306464e+08  2.34e+00 4.19e-09  2.05e-02   299s
   60518 DPushes remaining with DInf 0.0000000e+00               301s
  45   1.42864965e+08  1.42700569e+08  3.23e-04 8.85e-09  2.52e-02   221s
  55   5.83070400e+07  5.83070351e+07  3.55e-07 1.93e-09  7.54e-07   299s
  40   5.61741661e+07  5.56765294e+07  2.03e-04 3.74e-08  7.62e-02   290s
  56   5.83070370e+07  5.83070355e+07  3.38e-07 1.48e-08  2.29e-07   301s
  46   1.42840025e+08  1.42712054e+08  2.59e-04 2.48e-08  1.96e-02   224s
   59688 DPushes remaining with DInf 0.0000000e+00               305s
  75   1.18439551e+08  1.18312414e+08  1.67e+00 4.42e-09  1.62e-02   303s
  50   8.75272572e+07  8.75225200e+07  1.19e-05 4.89e-09  7.25e-04   300s
  57   5.83070359e+07  5.83070357e+07  1.69e-07 7.59e-08  3.43e-08   303s
  58   5.83070358e+07  5.83070357e+07  1.11e-07 4.27e-07  5.41e-09   304s

Barrier solved model in 58 iterations and 304.38 seconds (214.52 work units)
Optimal objective 5.83070358e+07

  47   1.42821234e+08  1.42719742e+08  2.15e-04 2.22e-08  1.55e-02   227s
  76   1.18428381e+08  1.18317566e+08  1.43e+00 3.84e-09  1.41e-02   306s

Root crossover log...

 2628558 variables added to crossover basis                      305s
  41   5.61026083e+07  5.57211941e+07  2.38e-04 2.41e-08  5.84e-02   296s

  231204 DPushes remaining with DInf 0.0000000e+00               306s
  77   1.18414539e+08  1.18323122e+08  1.13e+00 3.73e-09  1.16e-02   309s
  51   8.75251292e+07  8.75229100e+07  5.57e-06 5.34e-10  3.39e-04   307s
  48   1.42791106e+08  1.42726950e+08  1.39e-04 1.41e-08  9.82e-03   232s
   94377 DPushes remaining with DInf 0.0000000e+00               310s
  78   1.18399558e+08  1.18329917e+08  8.03e-01 5.67e-09  8.89e-03   312s
   58028 DPushes remaining with DInf 0.0000000e+00               316s
  49   1.42769788e+08  1.42732152e+08  8.34e-05 5.79e-09  5.76e-03   235s
  42   5.60371754e+07  5.57500210e+07  2.48e-04 2.05e-08  4.40e-02   303s
  79   1.18391317e+08  1.18336742e+08  6.29e-01 6.52e-09  6.91e-03   314s
  52   8.75236223e+07  8.75230715e+07  1.25e-06 1.21e-08  8.43e-05   313s
  50   1.42762011e+08  1.42735391e+08  6.42e-05 1.77e-08  4.07e-03   239s
  80   1.18381893e+08  1.18342207e+08  4.35e-01 6.05e-09  5.03e-03   318s
   90228 DPushes remaining with DInf 0.0000000e+00               316s
   57198 DPushes remaining with DInf 0.0000000e+00               322s
  51   1.42753426e+08  1.42736560e+08  4.30e-05 7.71e-09  2.58e-03   241s
  53   8.75233518e+07  8.75231446e+07  5.03e-07 1.42e-08  3.18e-05   318s
  81   1.18374681e+08  1.18345355e+08  2.90e-01 5.73e-09  3.75e-03   322s
  52   1.42748140e+08  1.42737224e+08  2.89e-05 2.82e-09  1.67e-03   244s
  43   5.59775977e+07  5.57789666e+07  2.28e-04 1.41e-08  3.04e-02   311s
  54   8.75232611e+07  8.75231635e+07  2.76e-07 6.84e-10  1.50e-05   321s
   88568 DPushes remaining with DInf 0.0000000e+00               323s
  82   1.18372530e+08  1.18348168e+08  2.48e-01 6.11e-09  3.09e-03   324s
  53   1.42746098e+08  1.42737465e+08  2.26e-05 2.76e-09  1.32e-03   246s
  54   1.42744229e+08  1.42737732e+08  1.67e-05 8.15e-09  9.94e-04   249s
  83   1.18369546e+08  1.18350536e+08  1.90e-01 8.81e-09  2.41e-03   327s
   56368 DPushes remaining with DInf 0.0000000e+00               330s
  55   8.75232255e+07  8.75231692e+07  2.20e-07 2.15e-09  8.64e-06   325s
  44   5.59320496e+07  5.57894146e+07  1.91e-04 1.03e-08  2.18e-02   317s
  55   1.42743716e+08  1.42737786e+08  1.52e-05 1.46e-09  9.07e-04   250s
   87738 DPushes remaining with DInf 0.0000000e+00               328s
  84   1.18367045e+08  1.18352641e+08  1.43e-01 6.70e-09  1.82e-03   330s
  56   1.42742170e+08  1.42738049e+08  1.05e-05 3.04e-09  6.31e-04   253s
  56   8.75232057e+07  8.75231713e+07  2.97e-07 3.03e-09  5.28e-06   329s
  85   1.18364878e+08  1.18354046e+08  1.02e-01 5.26e-09  1.38e-03   333s
   55538 DPushes remaining with DInf 0.0000000e+00               336s
  57   1.42740688e+08  1.42738237e+08  6.50e-06 3.03e-09  3.75e-04   256s
   86908 DPushes remaining with DInf 0.0000000e+00               334s
  86   1.18363079e+08  1.18354807e+08  6.88e-02 4.79e-09  1.07e-03   336s
  45   5.58975264e+07  5.58014613e+07  1.46e-04 6.98e-09  1.47e-02   325s
  57   8.75231895e+07  8.75231736e+07  6.53e-08 5.45e-08  2.44e-06   334s
  87   1.18362056e+08  1.18355914e+08  5.04e-02 4.69e-09  7.91e-04   338s
  58   1.42740093e+08  1.42738334e+08  4.69e-06 1.54e-09  2.69e-04   260s
   86078 DPushes remaining with DInf 0.0000000e+00               338s
   53009 DPushes remaining with DInf 0.0000000e+00               343s
  58   8.75231802e+07  8.75231745e+07  6.43e-08 3.35e-08  8.75e-07   338s
  59   1.42739657e+08  1.42738390e+08  3.46e-06 1.03e-09  1.94e-04   262s
  88   1.18361410e+08  1.18356414e+08  3.88e-02 5.10e-09  6.48e-04   341s
   84418 DPushes remaining with DInf 0.0000000e+00               340s
  60   1.42739301e+08  1.42738454e+08  2.19e-06 1.93e-08  1.30e-04   265s
  59   8.75231771e+07  8.75231749e+07  3.93e-07 1.36e-07  3.31e-07   341s
  46   5.58722282e+07  5.58105629e+07  1.03e-04 3.17e-10  9.45e-03   333s
  61   1.42739120e+08  1.42738490e+08  1.74e-06 7.68e-09  9.63e-05   267s
  89   1.18360838e+08  1.18357408e+08  2.86e-02 5.17e-09  4.35e-04   345s
  60   8.75231754e+07  8.75231750e+07  2.38e-07 7.78e-08  5.48e-08   343s
   51335 DPushes remaining with DInf 0.0000000e+00               346s
  62   1.42738973e+08  1.42738514e+08  1.30e-06 1.11e-09  7.02e-05   269s
  61   8.75231751e+07  8.75231751e+07  4.42e-07 1.11e-07  6.21e-09   345s

Barrier solved model in 61 iterations and 345.10 seconds (212.97 work units)
Optimal objective 8.75231751e+07


Root crossover log...

  63   1.42738868e+08  1.42738527e+08  1.01e-06 1.25e-09  5.21e-05   271s
  90   1.18360242e+08  1.18357955e+08  1.88e-02 4.81e-09  2.95e-04   350s
  47   5.58565599e+07  5.58166156e+07  7.39e-05 4.55e-09  6.12e-03   339s
  234486 DPushes remaining with DInf 0.0000000e+00               347s
   51765 DPushes remaining with DInf 0.0000000e+00               353s
  64   1.42738761e+08  1.42738535e+08  5.64e-07 1.61e-08  3.46e-05   273s
  91   1.18359769e+08  1.18358238e+08  1.08e-02 4.04e-09  2.03e-04   354s
   80949 DPushes remaining with DInf 0.0000000e+00               351s
  48   5.58419160e+07  5.58189907e+07  4.31e-05 6.58e-09  3.51e-03   343s
  65   1.42738689e+08  1.42738549e+08  3.17e-07 3.57e-10  2.14e-05   277s
  92   1.18359503e+08  1.18358524e+08  6.29e-03 3.17e-09  1.33e-04   356s
  49   5.58365595e+07  5.58205873e+07  3.07e-05 1.89e-09  2.45e-03   347s
   62883 DPushes remaining with DInf 0.0000000e+00               356s
  93   1.18359397e+08  1.18358725e+08  4.47e-03 2.39e-09  9.12e-05   360s
  66   1.42738613e+08  1.42738557e+08  2.61e-08 1.60e-09  8.59e-06   282s
  94   1.18359337e+08  1.18358829e+08  3.50e-03 1.92e-09  6.89e-05   362s
  50   5.58321720e+07  5.58216887e+07  2.02e-05 2.04e-09  1.61e-03   351s
   42147 DPushes remaining with DInf 0.0000000e+00               361s
   50748 DPushes remaining with DInf 0.0000000e+00               365s
   61223 DPushes remaining with DInf 0.0000000e+00               360s
  95   1.18359294e+08  1.18358853e+08  2.81e-03 1.73e-09  6.05e-05   364s
  96   1.18359266e+08  1.18358879e+08  2.36e-03 1.61e-09  5.35e-05   366s
  67   1.42738590e+08  1.42738558e+08  2.05e-07 1.44e-08  4.88e-06   288s
   41317 DPushes remaining with DInf 0.0000000e+00               366s
  51   5.58285332e+07  5.58222167e+07  1.15e-05 3.55e-09  9.68e-04   356s
  97   1.18359230e+08  1.18358915e+08  1.77e-03 1.40e-09  4.40e-05   368s
   46400 DPushes remaining with DInf 0.0000000e+00               366s
  98   1.18359202e+08  1.18358946e+08  1.31e-03 2.38e-09  3.62e-05   369s
  99   1.18359180e+08  1.18358982e+08  9.67e-04 1.84e-09  2.83e-05   371s
  68   1.42738569e+08  1.42738560e+08  8.07e-07 3.63e-09  1.48e-06   293s
   40486 DPushes remaining with DInf 0.0000000e+00               370s
 100   1.18359167e+08  1.18358999e+08  7.61e-04 1.60e-09  2.43e-05   373s
   49884 DPushes remaining with DInf 0.0000000e+00               375s
  52   5.58267732e+07  5.58226234e+07  7.43e-06 4.19e-09  6.36e-04   362s
 101   1.18359157e+08  1.18359016e+08  6.10e-04 2.58e-09  2.05e-05   374s
  69   1.42738565e+08  1.42738561e+08  3.44e-07 1.81e-07  5.20e-07   297s
   40221 DPushes remaining with DInf 0.0000000e+00               372s
 102   1.18359152e+08  1.18359025e+08  5.32e-04 2.31e-09  1.85e-05   376s
 103   1.18359149e+08  1.18359036e+08  4.83e-04 2.00e-09  1.64e-05   377s
   38815 DPushes remaining with DInf 0.0000000e+00               376s
  53   5.58255961e+07  5.58228322e+07  4.76e-06 1.69e-09  4.24e-04   368s
  70   1.42738563e+08  1.42738562e+08  3.66e-07 7.56e-07  1.42e-07   300s
   39245 DPushes remaining with DInf 0.0000000e+00               376s
 104   1.18359143e+08  1.18359049e+08  3.80e-04 1.69e-09  1.38e-05   379s
  71   1.42738562e+08  1.42738562e+08  3.49e-07 9.84e-07  2.34e-08   302s
 105   1.18359138e+08  1.18359057e+08  2.97e-04 1.50e-09  1.20e-05   382s
  72   1.42738562e+08  1.42738562e+08  2.17e-07 2.06e-07  1.97e-09   304s

Barrier solved model in 72 iterations and 304.36 seconds (204.27 work units)
Optimal objective 1.42738562e+08

   35493 DPushes remaining with DInf 0.0000000e+00               382s

Root crossover log...

 106   1.18359133e+08  1.18359065e+08  2.34e-04 1.28e-09  1.03e-05   384s
   38349 DPushes remaining with DInf 0.0000000e+00               382s
       0 DPushes remaining with DInf 0.0000000e+00               383s
  311289 DPushes remaining with DInf 2.1686044e-05               306s
  54   5.58248212e+07  5.58230169e+07  2.99e-06 1.40e-09  2.77e-04   374s
Warning: Markowitz tolerance tightened to 0.5

  197544 PPushes remaining with PInf 6.8297561e-04               384s
   48935 DPushes remaining with DInf 0.0000000e+00               387s
   74966 PPushes remaining with PInf 8.6758793e-05               385s
 107   1.18359132e+08  1.18359070e+08  2.06e-04 1.18e-09  9.32e-06   387s
 108   1.18359130e+08  1.18359075e+08  1.76e-04 1.04e-09  8.26e-06   389s
  55   5.58244987e+07  5.58231984e+07  2.27e-06 3.39e-10  2.00e-04   378s
   37462 DPushes remaining with DInf 0.0000000e+00               387s
  56   5.58240049e+07  5.58233391e+07  1.18e-06 4.54e-09  1.02e-04   381s
 109   1.18359129e+08  1.18359081e+08  1.52e-04 1.14e-09  7.26e-06   392s
   28754 PPushes remaining with PInf 7.1529941e-05               391s
 110   1.18359128e+08  1.18359084e+08  1.30e-04 1.42e-09  6.64e-06   395s
  57   5.58237759e+07  5.58233753e+07  7.46e-07 3.78e-10  6.15e-05   384s
   47352 DPushes remaining with DInf 0.0000000e+00               398s
   20542 PPushes remaining with PInf 2.0597843e-05               395s
 111   1.18359127e+08  1.18359087e+08  1.21e-04 7.60e-10  6.02e-06   397s
   36593 DPushes remaining with DInf 0.0000000e+00               395s
  58   5.58237157e+07  5.58234315e+07  6.30e-07 2.10e-09  4.36e-05   387s
 112   1.18359126e+08  1.18359090e+08  1.05e-04 7.02e-10  5.47e-06   400s
   13306 PPushes remaining with PInf 1.7854463e-05               400s
  59   5.58235523e+07  5.58234608e+07  2.50e-07 4.07e-09  1.41e-05   391s
 113   1.18359126e+08  1.18359091e+08  1.02e-04 6.81e-10  5.29e-06   403s
 114   1.18359125e+08  1.18359092e+08  9.40e-05 6.47e-10  4.98e-06   405s
  60   5.58234931e+07  5.58234733e+07  8.72e-08 5.36e-09  3.04e-06   394s
   35714 DPushes remaining with DInf 0.0000000e+00               403s
    5307 PPushes remaining with PInf 1.5043552e-05               405s
       0 DPushes remaining with DInf 0.0000000e+00               404s
Warning: Markowitz tolerance tightened to 0.5

  192631 PPushes remaining with PInf 6.3767530e-03               404s
 115   1.18359124e+08  1.18359095e+08  7.45e-05 5.74e-10  4.44e-06   407s
   46180 DPushes remaining with DInf 0.0000000e+00               410s
  61   5.58234827e+07  5.58234791e+07  2.60e-07 5.55e-10  5.64e-07   398s
  108035 PPushes remaining with PInf 6.3536463e-03               406s
 116   1.18359123e+08  1.18359097e+08  6.37e-05 6.12e-10  4.06e-06   410s
       0 PPushes remaining with PInf 0.0000000e+00               410s

  Push phase complete: Pinf 0.0000000e+00, Dinf 2.3284692e+02    410s


Root simplex log...

Iteration    Objective       Primal Inf.    Dual Inf.      Time
  392494    5.8307036e+07   0.000000e+00   2.328469e+02    411s
 117   1.18359123e+08  1.18359100e+08  5.44e-05 4.57e-10  3.49e-06   412s
  392522    5.8307036e+07   0.000000e+00   0.000000e+00    411s
Crossover time: 106.79 seconds (78.21 work units)
Concurrent spin time: 0.01s

Solved with barrier
  62   5.58234806e+07  5.58234797e+07  5.03e-08 1.30e-08  1.38e-07   402s
  111649 DPushes remaining with DInf 0.0000000e+00               334s
   38519 PPushes remaining with PInf 3.4869916e-03               410s
 118   1.18359122e+08  1.18359101e+08  4.26e-05 4.18e-10  3.15e-06   415s
  392522    5.8307036e+07   0.000000e+00   0.000000e+00    414s

Root relaxation: objective 5.830704e+07, 392522 iterations, 310.98 seconds (222.37 work units)
  63   5.58234801e+07  5.58234798e+07  9.41e-08 1.32e-07  3.45e-08   405s
 119   1.18359122e+08  1.18359104e+08  3.66e-05 5.80e-10  2.74e-06   417s
   21518 PPushes remaining with PInf 4.9950870e-03               415s
   45348 DPushes remaining with DInf 0.0000000e+00               421s
  64   5.58234799e+07  5.58234799e+07  1.63e-07 8.54e-08  7.18e-09   408s
 120   1.18359122e+08  1.18359104e+08  3.50e-05 4.42e-10  2.65e-06   419s

Barrier solved model in 64 iterations and 408.26 seconds (257.83 work units)
Optimal objective 5.58234799e+07


Root crossover log...

   79412 DPushes remaining with DInf 0.0000000e+00               343s
  304413 DPushes remaining with DInf 2.0122927e-05               410s
 121   1.18359121e+08  1.18359105e+08  3.27e-05 5.06e-10  2.56e-06   422s
    7850 PPushes remaining with PInf 3.6578613e-05               421s
   70034 DPushes remaining with DInf 0.0000000e+00               345s
 122   1.18359121e+08  1.18359105e+08  3.13e-05 9.00e-10  2.50e-06   426s
       0 PPushes remaining with PInf 0.0000000e+00               425s
 123   1.18359121e+08  1.18359106e+08  2.90e-05 4.01e-10  2.39e-06   428s

  Push phase complete: Pinf 0.0000000e+00, Dinf 3.3507662e+00    425s


Root simplex log...

Iteration    Objective       Primal Inf.    Dual Inf.      Time
  384489    8.7523175e+07   0.000000e+00   3.350766e+00    426s
  384609    8.7523175e+07   0.000000e+00   0.000000e+00    427s
Crossover time: 81.78 seconds (46.84 work units)
Concurrent spin time: 0.01s

Solved with barrier
   67323 DPushes remaining with DInf 0.0000000e+00               352s
 124   1.18359121e+08  1.18359106e+08  2.85e-05 1.10e-09  2.32e-06   431s
   44516 DPushes remaining with DInf 0.0000000e+00               434s
  384609    8.7523175e+07   0.000000e+00   0.000000e+00    429s

Root relaxation: objective 8.752318e+07, 384609 iterations, 304.54 seconds (176.79 work units)
Total elapsed time = 430.42s (DegenMoves)
   66493 DPushes remaining with DInf 0.0000000e+00               355s
 125   1.18359121e+08  1.18359107e+08  2.54e-05 9.07e-10  2.19e-06   434s
 126   1.18359121e+08  1.18359107e+08  2.44e-05 5.85e-10  2.14e-06   437s
 127   1.18359121e+08  1.18359108e+08  2.31e-05 4.66e-10  1.92e-06   441s
   64833 DPushes remaining with DInf 0.0000000e+00               363s
   43649 DPushes remaining with DInf 0.0000000e+00               445s
 128   1.18359121e+08  1.18359108e+08  2.27e-05 4.63e-10  1.89e-06   443s
   64003 DPushes remaining with DInf 0.0000000e+00               368s
 129   1.18359121e+08  1.18359109e+08  2.17e-05 3.90e-10  1.80e-06   447s

Barrier solved model in 129 iterations and 447.20 seconds (292.58 work units)
Optimal objective 1.18359121e+08


Root crossover log...

  295564 DPushes remaining with DInf 4.3797150e-01               450s
   63173 DPushes remaining with DInf 0.0000000e+00               374s
   62343 DPushes remaining with DInf 0.0000000e+00               376s
   42809 DPushes remaining with DInf 0.0000000e+00               457s
  145144 DPushes remaining with DInf 8.4814791e+02               457s
   59539 DPushes remaining with DInf 0.0000000e+00               380s
   41975 DPushes remaining with DInf 0.0000000e+00               467s
   57879 DPushes remaining with DInf 0.0000000e+00               387s
   91183 DPushes remaining with DInf 8.5782451e+02               466s
   55081 DPushes remaining with DInf 0.0000000e+00               392s
   75850 DPushes remaining with DInf 8.5965252e+02               471s
   41121 DPushes remaining with DInf 0.0000000e+00               475s
   74045 DPushes remaining with DInf 8.5871075e+02               476s
   39702 DPushes remaining with DInf 0.0000000e+00               483s
   71550 DPushes remaining with DInf 8.6206616e+02               481s
   54271 DPushes remaining with DInf 0.0000000e+00               403s

    Nodes    |    Current Node    |     Objective Bounds      |     Work
 Expl Unexpl |  Obj  Depth IntInf | Incumbent    BestBd   Gap | It/Node Time

     0     0 5.8307e+07    0    5 1.2558e+08 5.8307e+07  53.6%     -  482s
H    0     0                    5.835029e+07 5.8307e+07  0.07%     -  484s
   68230 DPushes remaining with DInf 8.6200708e+02               487s

Explored 1 nodes (584890 simplex iterations) in 486.38 seconds (364.40 work units)
Thread count was 12 (of 192 available processors)

Solution count 2: 5.83503e+07 1.25576e+08 

Optimal solution found (tolerance 1.00e-02)
Warning: max constraint violation (8.5617e-04) exceeds tolerance
Best objective 5.835028711544e+07, best bound 5.830703575865e+07, gap 0.0741%
Set parameter LogFile to value ""
   38399 DPushes remaining with DInf 0.0000000e+00               493s
   66570 DPushes remaining with DInf 8.6200708e+02               491s
   53441 DPushes remaining with DInf 0.0000000e+00               413s
   63595 DPushes remaining with DInf 8.6200708e+02               496s
   52611 DPushes remaining with DInf 0.0000000e+00               418s
   37569 DPushes remaining with DInf 0.0000000e+00               503s
   55584 DPushes remaining with DInf 8.6200691e+02               501s
   51781 DPushes remaining with DInf 0.0000000e+00               424s
   53094 DPushes remaining with DInf 8.6200691e+02               506s
   50357 DPushes remaining with DInf 8.6200691e+02               510s
   50951 DPushes remaining with DInf 0.0000000e+00               433s
   36739 DPushes remaining with DInf 0.0000000e+00               516s
   44612 DPushes remaining with DInf 8.6200691e+02               515s
   39232 DPushes remaining with DInf 8.6200691e+02               521s
   50121 DPushes remaining with DInf 0.0000000e+00               442s
   35909 DPushes remaining with DInf 0.0000000e+00               526s
   35055 DPushes remaining with DInf 8.6068497e+02               525s
       0 DPushes remaining with DInf 8.6064593e+02               526s
Warning: Markowitz tolerance tightened to 0.5

  162890 PPushes remaining with PInf 2.0145171e-01               527s
   47141 DPushes remaining with DInf 0.0000000e+00               452s
   35079 DPushes remaining with DInf 0.0000000e+00               539s
       0 DPushes remaining with DInf 0.0000000e+00               540s
Warning: Markowitz tolerance tightened to 0.5

  133358 PPushes remaining with PInf 5.8865242e-05               540s
   46311 DPushes remaining with DInf 0.0000000e+00               462s
   45481 DPushes remaining with DInf 0.0000000e+00               470s
   96137 PPushes remaining with PInf 1.0796432e-03               553s
   44651 DPushes remaining with DInf 0.0000000e+00               481s
   43821 DPushes remaining with DInf 0.0000000e+00               490s
   42991 DPushes remaining with DInf 0.0000000e+00               499s
   59314 PPushes remaining with PInf 1.1060068e-04               581s
   42161 DPushes remaining with DInf 0.0000000e+00               508s
   43344 PPushes remaining with PInf 3.3116097e-05               590s
  116345 DPushes remaining with DInf 0.0000000e+00               578s
   30669 PPushes remaining with PInf 3.3116097e-05               596s
   41331 DPushes remaining with DInf 0.0000000e+00               517s
   18659 PPushes remaining with PInf 3.3116097e-05               601s
   11651 PPushes remaining with PInf 3.3116097e-05               607s
   40501 DPushes remaining with DInf 0.0000000e+00               526s
  153618 PPushes remaining with PInf 2.0525847e-01               605s
    6395 PPushes remaining with PInf 3.3116097e-05               610s
   94638 DPushes remaining with DInf 0.0000000e+00               599s
       0 PPushes remaining with PInf 0.0000000e+00               614s

  Push phase complete: Pinf 0.0000000e+00, Dinf 1.8299075e+07    614s


Root simplex log...

Iteration    Objective       Primal Inf.    Dual Inf.      Time
  462223    1.1655088e+08   0.000000e+00   1.829907e+07    615s
   39671 DPushes remaining with DInf 0.0000000e+00               536s
  462463    1.1655088e+08   0.000000e+00   5.778735e+06    620s
   90402 DPushes remaining with DInf 0.0000000e+00               611s
   38841 DPushes remaining with DInf 0.0000000e+00               544s
  462713    1.1655088e+08   0.000000e+00   5.778719e+06    625s
   87904 DPushes remaining with DInf 0.0000000e+00               616s
  462963    1.1655088e+08   0.000000e+00   4.962608e+06    631s
   38011 DPushes remaining with DInf 0.0000000e+00               554s
   86244 DPushes remaining with DInf 0.0000000e+00               622s
  463213    1.1655088e+08   0.000000e+00   5.405005e+06    636s
   85414 DPushes remaining with DInf 0.0000000e+00               625s
  463463    1.1655088e+08   0.000000e+00   4.962608e+06    642s
  149877 PPushes remaining with PInf 1.9748000e-01               640s
   37181 DPushes remaining with DInf 0.0000000e+00               562s
  463713    1.1655088e+08   0.000000e+00   5.319735e+06    647s
   83754 DPushes remaining with DInf 0.0000000e+00               634s
   82924 DPushes remaining with DInf 0.0000000e+00               637s
  463963    1.1655088e+08   0.000000e+00   3.628216e+06    653s
   36351 DPushes remaining with DInf 0.0000000e+00               572s
   81261 DPushes remaining with DInf 0.0000000e+00               640s
  148819 PPushes remaining with PInf 1.9511346e-01               652s
  464203    1.1655088e+08   0.000000e+00   1.508091e+06    658s
   77111 DPushes remaining with DInf 0.0000000e+00               645s
   35521 DPushes remaining with DInf 0.0000000e+00               580s
  464453    1.1655088e+08   0.000000e+00   3.348600e+06    662s

    Nodes    |    Current Node    |     Objective Bounds      |     Work
 Expl Unexpl |  Obj  Depth IntInf | Incumbent    BestBd   Gap | It/Node Time

     0     0 8.7523e+07    0    6          - 8.7523e+07      -     -  660s
   72753 DPushes remaining with DInf 0.0000000e+00               653s
   35051 DPushes remaining with DInf 0.0000000e+00               586s
Warning: Markowitz tolerance tightened to 0.5

  111165 PPushes remaining with PInf 9.2955177e-04               587s
  464703    1.1655088e+08   0.000000e+00   3.900086e+06    668s
   71694 DPushes remaining with DInf 0.0000000e+00               656s
  119962 PPushes remaining with PInf 1.1636596e+01               669s
  464953    1.1655088e+08   0.000000e+00   1.465393e+06    674s
  118020 PPushes remaining with PInf 1.1574770e+01               671s
   69884 DPushes remaining with DInf 0.0000000e+00               664s
  465203    1.1655088e+08   0.000000e+00   1.993324e+06    679s
   69034 DPushes remaining with DInf 0.0000000e+00               668s
  112316 PPushes remaining with PInf 1.1556275e+01               679s
  110551 PPushes remaining with PInf 1.1534897e+01               681s
  465453    1.1655088e+08   0.000000e+00   1.344495e+06    684s
   68118 DPushes remaining with DInf 0.0000000e+00               672s
  106260 PPushes remaining with PInf 1.1515889e+01               685s
  465703    1.1655088e+08   0.000000e+00   1.297606e+06    689s
H    0     0                    1.053467e+08 8.7523e+07  16.9%     -  684s
   67206 DPushes remaining with DInf 0.0000000e+00               677s
# ==========================================================
# = Solver Results                                         =
# ==========================================================
# ----------------------------------------------------------
#   Problem Information
# ----------------------------------------------------------
Problem: 
- Name: unknown
  Lower bound: 58307035.758648686
  Upper bound: 58350287.115441464
  Number of objectives: 1
  Number of constraints: 9050179
  Number of variables: 6728544
  Number of binary variables: 858652
  Number of integer variables: 858652
  Number of continuous variables: 5011240
  Number of nonzeros: 21385595
  Sense: minimize
  Number of solutions: 2
# ----------------------------------------------------------
#   Solver Information
# ----------------------------------------------------------
Solver: 
- Name: Gurobi 13.00
  Status: ok
  Wallclock time: 486.51924204826355
  Termination condition: optimal
  Termination message: Model was solved to optimality (subject to tolerances), and an optimal solution is available.
# ----------------------------------------------------------
#   Solution Information
# ----------------------------------------------------------
Solution: 
- number of solutions: 0
  number of solutions displayed: 0
Writing results to /gpfs/home3/scur1696/AdOpT-NET0-RegToNation/generic_node_optimization/results/parallel_creation_test_20251204_143210/task_000/t000_parallel_run_0004/userData/20251204144036-1
[SUCCESS] Solved: t000_parallel_run_0004
[SOLVING] t000_parallel_run_0007
Set parameter Threads to value 12
  101225 PPushes remaining with PInf 1.1510069e+01               690s
  465953    1.1655088e+08   0.000000e+00   4.035910e+06    694s
   66241 DPushes remaining with DInf 0.0000000e+00               681s
   65212 DPushes remaining with DInf 0.0000000e+00               685s
   12172 PPushes remaining with PInf 1.5384472e+01               697s
  466203    1.1655088e+08   0.000000e+00   3.114506e+06    700s
    8549 PPushes remaining with PInf 1.5306590e+01               701s
   63077 DPushes remaining with DInf 0.0000000e+00               692s
  466453    1.1655088e+08   0.000000e+00   1.186552e+06    705s
    4301 PPushes remaining with PInf 1.5224469e+01               705s
   62246 DPushes remaining with DInf 0.0000000e+00               695s
  466713    1.1655088e+08   0.000000e+00   5.752707e+06    711s
     966 PPushes remaining with PInf 1.5069680e+01               712s
  466963    1.1655088e+08   0.000000e+00   9.534406e+05    716s
   60584 DPushes remaining with DInf 0.0000000e+00               704s
   59754 DPushes remaining with DInf 0.0000000e+00               708s
  467223    1.1655088e+08   0.000000e+00   2.755737e+06    722s
       0 PPushes remaining with PInf 1.4919988e+01               722s

  Push phase complete: Pinf 1.4919988e+01, Dinf 2.2516782e+07    723s

   58924 DPushes remaining with DInf 0.0000000e+00               712s
  467483    1.1655088e+08   0.000000e+00   1.048702e+06    727s
   58094 DPushes remaining with DInf 0.0000000e+00               717s
  467743    1.1655088e+08   0.000000e+00   2.551223e+06    733s

Root simplex log...

Iteration    Objective       Primal Inf.    Dual Inf.      Time
  414788    1.1835912e+08   0.000000e+00   2.251678e+07    731s
  468003    1.1655088e+08   0.000000e+00   9.816206e+05    738s
   57264 DPushes remaining with DInf 0.0000000e+00               725s
   56434 DPushes remaining with DInf 0.0000000e+00               729s
  468263    1.1655088e+08   0.000000e+00   1.718133e+06    744s
   55604 DPushes remaining with DInf 0.0000000e+00               734s
  468523    1.1655088e+08   0.000000e+00   1.144968e+06    749s
   54774 DPushes remaining with DInf 0.0000000e+00               739s
  468783    1.1655088e+08   0.000000e+00   2.322476e+06    755s
   53944 DPushes remaining with DInf 0.0000000e+00               746s
  469043    1.1655088e+08   0.000000e+00   1.692438e+06    760s
  469303    1.1655088e+08   0.000000e+00   1.837418e+06    766s
   53114 DPushes remaining with DInf 0.0000000e+00               756s
  469563    1.1655088e+08   0.000000e+00   2.594037e+06    771s
  469823    1.1655088e+08   0.000000e+00   2.125834e+06    777s
   52284 DPushes remaining with DInf 0.0000000e+00               768s
  470083    1.1655088e+08   0.000000e+00   1.005340e+06    783s
  470343    1.1655088e+08   0.000000e+00   2.003480e+06    788s
   51454 DPushes remaining with DInf 0.0000000e+00               780s
  470603    1.1655088e+08   0.000000e+00   1.933540e+06    794s
  470863    1.1655088e+08   0.000000e+00   7.844828e+05    800s
  415618    1.1835912e+08   0.000000e+00   4.883409e+06    803s
  471123    1.1655088e+08   0.000000e+00   1.157166e+06    805s
   50624 DPushes remaining with DInf 0.0000000e+00               793s
  471383    1.1655088e+08   0.000000e+00   1.851257e+06    811s
  471643    1.1655088e+08   0.000000e+00   6.987681e+05    817s
   49794 DPushes remaining with DInf 0.0000000e+00               805s
  471903    1.1655088e+08   0.000000e+00   7.728090e+05    822s
  472163    1.1655088e+08   0.000000e+00   6.925566e+05    828s
   48964 DPushes remaining with DInf 0.0000000e+00               815s
   47304 DPushes remaining with DInf 0.0000000e+00               820s
  472423    1.1655088e+08   0.000000e+00   1.682939e+06    834s
   45644 DPushes remaining with DInf 0.0000000e+00               826s
  472683    1.1655087e+08   0.000000e+00   9.040828e+05    840s
  472953    1.1655087e+08   0.000000e+00   5.590665e+05    846s
   43984 DPushes remaining with DInf 0.0000000e+00               833s
   43154 DPushes remaining with DInf 0.0000000e+00               837s
  473223    1.1655087e+08   0.000000e+00   7.813088e+05    851s
   41494 DPushes remaining with DInf 0.0000000e+00               842s
  473483    1.1655087e+08   0.000000e+00   2.676627e+06    857s
   39834 DPushes remaining with DInf 0.0000000e+00               847s
  473753    1.1655087e+08   0.000000e+00   8.745482e+05    862s
   38174 DPushes remaining with DInf 0.0000000e+00               852s
  474023    1.1655087e+08   0.000000e+00   4.788789e+05    868s
   37344 DPushes remaining with DInf 0.0000000e+00               855s
  474293    1.1655087e+08   0.000000e+00   6.942526e+05    874s
   35684 DPushes remaining with DInf 0.0000000e+00               861s
       0 DPushes remaining with DInf 0.0000000e+00               863s
Warning: Markowitz tolerance tightened to 0.5

  178217 PPushes remaining with PInf 1.5020461e-05               864s
  416448    1.1835912e+08   0.000000e+00   2.383619e+06    876s
  474563    1.1655087e+08   0.000000e+00   1.037770e+06    880s
  474823    1.1655087e+08   0.000000e+00   1.035012e+06    885s
   93975 PPushes remaining with PInf 2.1845053e-02               877s
  475083    1.1655087e+08   0.000000e+00   1.029181e+06    891s
   32301 PPushes remaining with PInf 1.5020461e-05               881s
   62385 PPushes remaining with PInf 2.2865392e-03               816s
  475343    1.1655087e+08   0.000000e+00   1.028347e+06    897s
   16731 PPushes remaining with PInf 1.5020461e-05               886s
  475603    1.1655087e+08   0.000000e+00   1.026230e+06    903s
  475863    1.1655087e+08   0.000000e+00   1.552122e+06    909s
  476113    1.1655087e+08   0.000000e+00   1.043304e+06    914s
  476373    1.1655087e+08   0.000000e+00   6.011951e+05    920s
  476633    1.1655087e+08   0.000000e+00   7.121435e+05    926s
   46094 PPushes remaining with PInf 2.7875355e-04               845s
  476893    1.1655087e+08   0.000000e+00   7.992395e+05    931s
  477153    1.1655087e+08   0.000000e+00   1.129065e+06    937s
   41829 PPushes remaining with PInf 1.9086089e-04               859s
  477413    1.1655087e+08   0.000000e+00   4.746895e+05    943s
    5884 PPushes remaining with PInf 2.7391252e-05               932s
       0 PPushes remaining with PInf 0.0000000e+00               934s

  Push phase complete: Pinf 0.0000000e+00, Dinf 1.7054815e+06    934s


Root simplex log...

Iteration    Objective       Primal Inf.    Dual Inf.      Time
  426884    5.5823480e+07   0.000000e+00   1.705481e+06    935s
  477673    1.1655087e+08   0.000000e+00   3.631835e+05    948s
  426885    5.5823480e+07   0.000000e+00   0.000000e+00    935s
Crossover time: 526.90 seconds (234.39 work units)
Concurrent spin time: 0.07s

Solved with barrier
  417278    1.1835912e+08   0.000000e+00   5.638303e+06    949s
  426885    5.5823480e+07   0.000000e+00   0.000000e+00    938s

Root relaxation: objective 5.582348e+07, 426885 iterations, 790.30 seconds (388.50 work units)
  477933    1.1655087e+08   0.000000e+00   2.684042e+05    954s
   37177 PPushes remaining with PInf 1.7830476e-04               876s
  478193    1.1655087e+08   0.000000e+00   1.847859e+05    959s
  478463    1.1655087e+08   0.000000e+00   2.725191e+05    965s
   33241 PPushes remaining with PInf 1.7830344e-04               887s
  478723    1.1655087e+08   0.000000e+00   1.252721e+05    970s
   30557 PPushes remaining with PInf 3.6206528e-04               894s
  478983    1.1655087e+08   0.000000e+00   5.352769e+04    976s
   28995 PPushes remaining with PInf 3.6206530e-04               898s
   25303 PPushes remaining with PInf 2.8907502e-04               900s
  479253    1.1655087e+08   0.000000e+00   4.644754e+02    981s
  479643    1.1655087e+08   0.000000e+00   2.237841e+02    990s
  480173    1.1655087e+08   0.000000e+00   8.526972e+01    997s
  480643    1.1655087e+08   0.000000e+00   1.128215e+01   1005s
  481053    1.1655087e+08   0.000000e+00   1.589886e+00   1012s
  481389    1.1655088e+08   5.033325e-02   0.000000e+00   1020s
  481390    1.1655088e+08   0.000000e+00   0.000000e+00   1020s
Crossover time: 828.47 seconds (806.69 work units)
   18388 PPushes remaining with PInf 2.8184882e-05               941s
    9110 PPushes remaining with PInf 1.3591806e-06               945s
  418108    1.1835912e+08   0.000000e+00   4.493977e+06   1028s
       0 PPushes remaining with PInf 0.0000000e+00               950s

  Push phase complete: Pinf 0.0000000e+00, Dinf 6.5281728e+00    950s


Root simplex log...

Iteration    Objective       Primal Inf.    Dual Inf.      Time
  379106    1.4273856e+08   0.000000e+00   6.528173e+00    951s
  379111    1.4273856e+08   0.000000e+00   0.000000e+00    952s
Crossover time: 647.59 seconds (318.81 work units)
Concurrent spin time: 0.14s

Solved with barrier
  379111    1.4273856e+08   0.000000e+00   0.000000e+00    955s

Root relaxation: objective 1.427386e+08, 379111 iterations, 872.58 seconds (465.23 work units)
Total elapsed time = 956.18s (DegenMoves)

    Nodes    |    Current Node    |     Objective Bounds      |     Work
 Expl Unexpl |  Obj  Depth IntInf | Incumbent    BestBd   Gap | It/Node Time

     0     0 5.5823e+07    0    7 1.2368e+08 5.5823e+07  54.9%     - 1043s
H    0     0                    5.588230e+07 5.5823e+07  0.11%     - 1045s

Explored 1 nodes (496965 simplex iterations) in 1047.30 seconds (566.22 work units)
Thread count was 12 (of 192 available processors)

Solution count 2: 5.58823e+07 1.23684e+08 

Optimal solution found (tolerance 1.00e-02)
Warning: max constraint violation (4.8503e-04) exceeds tolerance
Best objective 5.588230121216e+07, best bound 5.582347986207e+07, gap 0.1053%
Set parameter LogFile to value ""
Waiting for other threads to finish...        1084s
  418938    1.1835912e+08   0.000000e+00   1.621425e+06   1112s
H    0     0                    8.756089e+07 8.7523e+07  0.04%     - 1115s

    Nodes    |    Current Node    |     Objective Bounds      |     Work
 Expl Unexpl |  Obj  Depth IntInf | Incumbent    BestBd   Gap | It/Node Time

     0     0 1.4274e+08    0    9          - 1.4274e+08      -     - 1040s

Explored 1 nodes (494188 simplex iterations) in 1116.88 seconds (691.30 work units)
Thread count was 12 (of 192 available processors)

Solution count 2: 8.75609e+07 1.05347e+08 

Optimal solution found (tolerance 1.00e-02)
Warning: max constraint violation (5.4233e-04) exceeds tolerance
Best objective 8.756089449212e+07, best bound 8.752317510302e+07, gap 0.0431%
Set parameter LogFile to value ""
Waiting for other threads to finish...        1147s
Concurrent spin time: 140.51s (can be avoided by choosing Method=3)

Solved with barrier
  481390    1.1655088e+08   0.000000e+00   0.000000e+00   1163s

Root relaxation: objective 1.165509e+08, 481390 iterations, 1093.65 seconds (892.32 work units)
  419768    1.1835912e+08   0.000000e+00   2.667945e+06   1183s
# ==========================================================
# = Solver Results                                         =
# ==========================================================
# ----------------------------------------------------------
#   Problem Information
# ----------------------------------------------------------
Problem: 
- Name: unknown
  Lower bound: 55823479.86206617
  Upper bound: 55882301.21216036
  Number of objectives: 1
  Number of constraints: 9050179
  Number of variables: 6728544
  Number of binary variables: 858652
  Number of integer variables: 858652
  Number of continuous variables: 5011240
  Number of nonzeros: 21385595
  Sense: minimize
  Number of solutions: 2
# ----------------------------------------------------------
#   Solver Information
# ----------------------------------------------------------
Solver: 
- Name: Gurobi 13.00
  Status: ok
  Wallclock time: 1047.4852840900421
  Termination condition: optimal
  Termination message: Model was solved to optimality (subject to tolerances), and an optimal solution is available.
# ----------------------------------------------------------
#   Solution Information
# ----------------------------------------------------------
Solution: 
- number of solutions: 0
  number of solutions displayed: 0
Writing results to /gpfs/home3/scur1696/AdOpT-NET0-RegToNation/generic_node_optimization/results/parallel_creation_test_20251204_143210/task_000/t000_parallel_run_0006/userData/20251204144040-1
[SUCCESS] Solved: t000_parallel_run_0006
[SOLVING] t000_parallel_run_0008
Set parameter Threads to value 12
  [CONFIG] Gurobi default env configured: 12 threads per worker
--- Reading in data ---
Input data folder has been checked successfully - no errors occurred.
--- Reading in data complete ---
--- Constructing Model ---
[ERROR] Error solving t000_parallel_run_0008: The solver you are trying to use is not available. This could be due to the following two reasons: (1) it is not implemented (currently AdOpT-NET0 supports gurobi and glpk. (2) If you are using gurobi, make sure that the gurobipy version installed matches the gurobi version installed.
[SOLVING] t000_parallel_run_0010
Set parameter Threads to value 12
  [CONFIG] Gurobi default env configured: 12 threads per worker
--- Reading in data ---
Input data folder has been checked successfully - no errors occurred.
--- Reading in data complete ---
--- Constructing Model ---
[ERROR] Error solving t000_parallel_run_0010: The solver you are trying to use is not available. This could be due to the following two reasons: (1) it is not implemented (currently AdOpT-NET0 supports gurobi and glpk. (2) If you are using gurobi, make sure that the gurobipy version installed matches the gurobi version installed.
[SOLVING] t000_parallel_run_0011
Set parameter Threads to value 12
  [CONFIG] Gurobi default env configured: 12 threads per worker
--- Reading in data ---
Input data folder has been checked successfully - no errors occurred.
--- Reading in data complete ---
--- Constructing Model ---
[ERROR] Error solving t000_parallel_run_0011: The solver you are trying to use is not available. This could be due to the following two reasons: (1) it is not implemented (currently AdOpT-NET0 supports gurobi and glpk. (2) If you are using gurobi, make sure that the gurobipy version installed matches the gurobi version installed.
[SOLVING] t000_parallel_run_0009
Set parameter Threads to value 12
  420598    1.1835912e+08   0.000000e+00   1.670302e+06   1231s
  [CONFIG] Gurobi default env configured: 12 threads per worker
--- Reading in data ---
Input data folder has been checked successfully - no errors occurred.
--- Reading in data complete ---
--- Constructing Model ---
[ERROR] Error solving t000_parallel_run_0009: The solver you are trying to use is not available. This could be due to the following two reasons: (1) it is not implemented (currently AdOpT-NET0 supports gurobi and glpk. (2) If you are using gurobi, make sure that the gurobipy version installed matches the gurobi version installed.
[SOLVING] t000_parallel_run_0012
Set parameter Threads to value 12
  [CONFIG] Gurobi default env configured: 12 threads per worker
--- Reading in data ---
Input data folder has been checked successfully - no errors occurred.
--- Reading in data complete ---
--- Constructing Model ---
[ERROR] Error solving t000_parallel_run_0012: The solver you are trying to use is not available. This could be due to the following two reasons: (1) it is not implemented (currently AdOpT-NET0 supports gurobi and glpk. (2) If you are using gurobi, make sure that the gurobipy version installed matches the gurobi version installed.
[SOLVING] t000_parallel_run_0013
Set parameter Threads to value 12
  [CONFIG] Gurobi default env configured: 12 threads per worker
--- Reading in data ---
Input data folder has been checked successfully - no errors occurred.
--- Reading in data complete ---
--- Constructing Model ---
[ERROR] Error solving t000_parallel_run_0013: The solver you are trying to use is not available. This could be due to the following two reasons: (1) it is not implemented (currently AdOpT-NET0 supports gurobi and glpk. (2) If you are using gurobi, make sure that the gurobipy version installed matches the gurobi version installed.
[SOLVING] t000_parallel_run_0014
Set parameter Threads to value 12
  [CONFIG] Gurobi default env configured: 12 threads per worker
--- Reading in data ---
Input data folder has been checked successfully - no errors occurred.
--- Reading in data complete ---
--- Constructing Model ---
[ERROR] Error solving t000_parallel_run_0014: The solver you are trying to use is not available. This could be due to the following two reasons: (1) it is not implemented (currently AdOpT-NET0 supports gurobi and glpk. (2) If you are using gurobi, make sure that the gurobipy version installed matches the gurobi version installed.
[SOLVING] t000_parallel_run_0015
Set parameter Threads to value 12
  [CONFIG] Gurobi default env configured: 12 threads per worker
--- Reading in data ---
Input data folder has been checked successfully - no errors occurred.
--- Reading in data complete ---
--- Constructing Model ---
[ERROR] Error solving t000_parallel_run_0015: The solver you are trying to use is not available. This could be due to the following two reasons: (1) it is not implemented (currently AdOpT-NET0 supports gurobi and glpk. (2) If you are using gurobi, make sure that the gurobipy version installed matches the gurobi version installed.
[SOLVING] t000_parallel_run_0016
Set parameter Threads to value 12
  [CONFIG] Gurobi default env configured: 12 threads per worker
--- Reading in data ---
Input data folder has been checked successfully - no errors occurred.
--- Reading in data complete ---
--- Constructing Model ---
[ERROR] Error solving t000_parallel_run_0016: The solver you are trying to use is not available. This could be due to the following two reasons: (1) it is not implemented (currently AdOpT-NET0 supports gurobi and glpk. (2) If you are using gurobi, make sure that the gurobipy version installed matches the gurobi version installed.
[SOLVING] t000_parallel_run_0017
Set parameter Threads to value 12
  [CONFIG] Gurobi default env configured: 12 threads per worker
--- Reading in data ---
Input data folder has been checked successfully - no errors occurred.
--- Reading in data complete ---
--- Constructing Model ---
[ERROR] Error solving t000_parallel_run_0017: The solver you are trying to use is not available. This could be due to the following two reasons: (1) it is not implemented (currently AdOpT-NET0 supports gurobi and glpk. (2) If you are using gurobi, make sure that the gurobipy version installed matches the gurobi version installed.
[SOLVING] t000_parallel_run_0018
Set parameter Threads to value 12
  [CONFIG] Gurobi default env configured: 12 threads per worker
--- Reading in data ---
Input data folder has been checked successfully - no errors occurred.
--- Reading in data complete ---
--- Constructing Model ---
[ERROR] Error solving t000_parallel_run_0018: The solver you are trying to use is not available. This could be due to the following two reasons: (1) it is not implemented (currently AdOpT-NET0 supports gurobi and glpk. (2) If you are using gurobi, make sure that the gurobipy version installed matches the gurobi version installed.
[SOLVING] t000_parallel_run_0019
Set parameter Threads to value 12
  [CONFIG] Gurobi default env configured: 12 threads per worker
--- Reading in data ---
Input data folder has been checked successfully - no errors occurred.
--- Reading in data complete ---
--- Constructing Model ---
[ERROR] Error solving t000_parallel_run_0019: The solver you are trying to use is not available. This could be due to the following two reasons: (1) it is not implemented (currently AdOpT-NET0 supports gurobi and glpk. (2) If you are using gurobi, make sure that the gurobipy version installed matches the gurobi version installed.
[SOLVING] t000_parallel_run_0020
Set parameter Threads to value 12
  [CONFIG] Gurobi default env configured: 12 threads per worker
--- Reading in data ---
Input data folder has been checked successfully - no errors occurred.
--- Reading in data complete ---
--- Constructing Model ---
[ERROR] Error solving t000_parallel_run_0020: The solver you are trying to use is not available. This could be due to the following two reasons: (1) it is not implemented (currently AdOpT-NET0 supports gurobi and glpk. (2) If you are using gurobi, make sure that the gurobipy version installed matches the gurobi version installed.
[SOLVING] t000_parallel_run_0021
Set parameter Threads to value 12
  [CONFIG] Gurobi default env configured: 12 threads per worker
--- Reading in data ---
Input data folder has been checked successfully - no errors occurred.
--- Reading in data complete ---
--- Constructing Model ---
[ERROR] Error solving t000_parallel_run_0021: The solver you are trying to use is not available. This could be due to the following two reasons: (1) it is not implemented (currently AdOpT-NET0 supports gurobi and glpk. (2) If you are using gurobi, make sure that the gurobipy version installed matches the gurobi version installed.
[SOLVING] t000_parallel_run_0022
Set parameter Threads to value 12
  [CONFIG] Gurobi default env configured: 12 threads per worker
--- Reading in data ---
Input data folder has been checked successfully - no errors occurred.
--- Reading in data complete ---
--- Constructing Model ---
[ERROR] Error solving t000_parallel_run_0022: The solver you are trying to use is not available. This could be due to the following two reasons: (1) it is not implemented (currently AdOpT-NET0 supports gurobi and glpk. (2) If you are using gurobi, make sure that the gurobipy version installed matches the gurobi version installed.
[SOLVING] t000_parallel_run_0023
Set parameter Threads to value 12
  [CONFIG] Gurobi default env configured: 12 threads per worker
--- Reading in data ---
Input data folder has been checked successfully - no errors occurred.
--- Reading in data complete ---
--- Constructing Model ---
[ERROR] Error solving t000_parallel_run_0023: The solver you are trying to use is not available. This could be due to the following two reasons: (1) it is not implemented (currently AdOpT-NET0 supports gurobi and glpk. (2) If you are using gurobi, make sure that the gurobipy version installed matches the gurobi version installed.
[SOLVING] t000_parallel_run_0024
Set parameter Threads to value 12
# ==========================================================
# = Solver Results                                         =
# ==========================================================
# ----------------------------------------------------------
#   Problem Information
# ----------------------------------------------------------
Problem: 
- Name: unknown
  Lower bound: 87523175.10302427
  Upper bound: 87560894.49211931
  Number of objectives: 1
  Number of constraints: 9050179
  Number of variables: 6728544
  Number of binary variables: 858652
  Number of integer variables: 858652
  Number of continuous variables: 5011240
  Number of nonzeros: 21385595
  Sense: minimize
  Number of solutions: 2
# ----------------------------------------------------------
#   Solver Information
# ----------------------------------------------------------
Solver: 
- Name: Gurobi 13.00
  Status: ok
  Wallclock time: 1117.0529351234436
  Termination condition: optimal
  Termination message: Model was solved to optimality (subject to tolerances), and an optimal solution is available.
# ----------------------------------------------------------
#   Solution Information
# ----------------------------------------------------------
Solution: 
- number of solutions: 0
  number of solutions displayed: 0
Writing results to /gpfs/home3/scur1696/AdOpT-NET0-RegToNation/generic_node_optimization/results/parallel_creation_test_20251204_143210/task_000/t000_parallel_run_0001/userData/20251204144040-1
[SUCCESS] Solved: t000_parallel_run_0001
[SOLVING] t000_parallel_run_0025
Set parameter Threads to value 12
  421428    1.1835912e+08   0.000000e+00   1.809368e+06   1305s
  422258    1.1835912e+08   0.000000e+00   1.882670e+06   1380s
  423088    1.1835912e+08   0.000000e+00   1.943031e+06   1453s
H    0     0                    1.428443e+08 1.4274e+08  0.07%     - 1427s

Explored 1 nodes (456133 simplex iterations) in 1428.72 seconds (811.41 work units)
Thread count was 12 (of 192 available processors)

Solution count 1: 1.42844e+08 

Optimal solution found (tolerance 1.00e-02)
Warning: max constraint violation (3.0955e-03) exceeds tolerance
         (possibly due to large matrix coefficients)
Best objective 1.428442991442e+08, best bound 1.427385620655e+08, gap 0.0740%
Set parameter LogFile to value ""
  423918    1.1835912e+08   0.000000e+00   1.708791e+06   1531s

    Nodes    |    Current Node    |     Objective Bounds      |     Work
 Expl Unexpl |  Obj  Depth IntInf | Incumbent    BestBd   Gap | It/Node Time

     0     0 1.1655e+08    0    4          - 1.1655e+08      -     - 1603s
  424748    1.1835912e+08   0.000000e+00   1.559864e+06   1606s
H    0     0                    1.235706e+08 1.1655e+08  5.68%     - 1613s
  425478    1.1835912e+08   0.000000e+00   3.463329e+06   1673s
H    0     0                    1.206219e+08 1.1655e+08  3.37%     - 1684s
H    0     0                    1.166095e+08 1.1655e+08  0.05%     - 1685s

Explored 1 nodes (572564 simplex iterations) in 1686.24 seconds (1317.71 work units)
Thread count was 12 (of 192 available processors)

Solution count 3: 1.16609e+08 1.20622e+08 1.23571e+08 

Optimal solution found (tolerance 1.00e-02)
Warning: max constraint violation (6.0000e-04) exceeds tolerance
Best objective 1.166094852354e+08, best bound 1.165508785098e+08, gap 0.0503%
Set parameter LogFile to value ""
  426278    1.1835912e+08   0.000000e+00   2.271060e+06   1744s
  426968    1.1835912e+08   0.000000e+00   1.074337e+06   1810s
  427798    1.1835912e+08   0.000000e+00   1.657362e+06   1885s
  428618    1.1835912e+08   0.000000e+00   9.902292e+05   1962s
  [CONFIG] Gurobi default env configured: 12 threads per worker
--- Reading in data ---
Input data folder has been checked successfully - no errors occurred.
--- Reading in data complete ---
--- Constructing Model ---
Constructing Investment Period period1
Constructing Investment Period period1 completed
	 - Constructing Network hydrogenPipelineOnshore_lowP
			gdp.bigm Transformation...
			gdp.bigm Transformation completed in 0 s
		 - Constructing Arc BIG1 - BIG2 completed
			gdp.bigm Transformation...
			gdp.bigm Transformation completed in 0 s
		 - Constructing Arc BIG1 - SMALL1 completed
			gdp.bigm Transformation...
			gdp.bigm Transformation completed in 0 s
		 - Constructing Arc BIG1 - SMALL2 completed
			gdp.bigm Transformation...
			gdp.bigm Transformation completed in 0 s
		 - Constructing Arc BIG1 - SMALL3 completed
			gdp.bigm Transformation...
			gdp.bigm Transformation completed in 0 s
		 - Constructing Arc BIG1 - SMALL4 completed
			gdp.bigm Transformation...
			gdp.bigm Transformation completed in 0 s
		 - Constructing Arc BIG1 - STORAGE completed
			gdp.bigm Transformation...
			gdp.bigm Transformation completed in 0 s
		 - Constructing Arc BIG2 - BIG1 completed
			gdp.bigm Transformation...
			gdp.bigm Transformation completed in 0 s
		 - Constructing Arc BIG2 - SMALL1 completed
			gdp.bigm Transformation...
			gdp.bigm Transformation completed in 0 s
		 - Constructing Arc BIG2 - SMALL2 completed
			gdp.bigm Transformation...
			gdp.bigm Transformation completed in 0 s
		 - Constructing Arc BIG2 - SMALL3 completed
			gdp.bigm Transformation...
			gdp.bigm Transformation completed in 0 s
		 - Constructing Arc BIG2 - SMALL4 completed
			gdp.bigm Transformation...
			gdp.bigm Transformation completed in 0 s
		 - Constructing Arc BIG2 - STORAGE completed
			gdp.bigm Transformation...
			gdp.bigm Transformation completed in 0 s
		 - Constructing Arc SMALL1 - BIG1 completed
			gdp.bigm Transformation...
			gdp.bigm Transformation completed in 0 s
		 - Constructing Arc SMALL1 - BIG2 completed
			gdp.bigm Transformation...
			gdp.bigm Transformation completed in 0 s
		 - Constructing Arc SMALL1 - SMALL2 completed
			gdp.bigm Transformation...
			gdp.bigm Transformation completed in 0 s
		 - Constructing Arc SMALL1 - SMALL3 completed
			gdp.bigm Transformation...
			gdp.bigm Transformation completed in 0 s
		 - Constructing Arc SMALL1 - SMALL4 completed
			gdp.bigm Transformation...
			gdp.bigm Transformation completed in 0 s
		 - Constructing Arc SMALL1 - STORAGE completed
			gdp.bigm Transformation...
			gdp.bigm Transformation completed in 0 s
		 - Constructing Arc SMALL2 - BIG1 completed
			gdp.bigm Transformation...
			gdp.bigm Transformation completed in 0 s
		 - Constructing Arc SMALL2 - BIG2 completed
			gdp.bigm Transformation...
			gdp.bigm Transformation completed in 0 s
		 - Constructing Arc SMALL2 - SMALL1 completed
			gdp.bigm Transformation...
			gdp.bigm Transformation completed in 0 s
		 - Constructing Arc SMALL2 - SMALL3 completed
			gdp.bigm Transformation...
			gdp.bigm Transformation completed in 0 s
		 - Constructing Arc SMALL2 - SMALL4 completed
			gdp.bigm Transformation...
			gdp.bigm Transformation completed in 0 s
		 - Constructing Arc SMALL2 - STORAGE completed
			gdp.bigm Transformation...
			gdp.bigm Transformation completed in 0 s
		 - Constructing Arc SMALL3 - BIG1 completed
			gdp.bigm Transformation...
			gdp.bigm Transformation completed in 0 s
		 - Constructing Arc SMALL3 - BIG2 completed
			gdp.bigm Transformation...
			gdp.bigm Transformation completed in 0 s
		 - Constructing Arc SMALL3 - SMALL1 completed
			gdp.bigm Transformation...
			gdp.bigm Transformation completed in 0 s
		 - Constructing Arc SMALL3 - SMALL2 completed
			gdp.bigm Transformation...
			gdp.bigm Transformation completed in 0 s
		 - Constructing Arc SMALL3 - SMALL4 completed
			gdp.bigm Transformation...
			gdp.bigm Transformation completed in 0 s
		 - Constructing Arc SMALL3 - STORAGE completed
			gdp.bigm Transformation...
			gdp.bigm Transformation completed in 0 s
		 - Constructing Arc SMALL4 - BIG1 completed
			gdp.bigm Transformation...
			gdp.bigm Transformation completed in 0 s
		 - Constructing Arc SMALL4 - BIG2 completed
			gdp.bigm Transformation...
			gdp.bigm Transformation completed in 0 s
		 - Constructing Arc SMALL4 - SMALL1 completed
			gdp.bigm Transformation...
			gdp.bigm Transformation completed in 0 s
		 - Constructing Arc SMALL4 - SMALL2 completed
			gdp.bigm Transformation...
			gdp.bigm Transformation completed in 0 s
		 - Constructing Arc SMALL4 - SMALL3 completed
			gdp.bigm Transformation...
			gdp.bigm Transformation completed in 0 s
		 - Constructing Arc SMALL4 - STORAGE completed
			gdp.bigm Transformation...
			gdp.bigm Transformation completed in 0 s
		 - Constructing Arc STORAGE - BIG1 completed
			gdp.bigm Transformation...
			gdp.bigm Transformation completed in 0 s
		 - Constructing Arc STORAGE - BIG2 completed
			gdp.bigm Transformation...
			gdp.bigm Transformation completed in 0 s
		 - Constructing Arc STORAGE - SMALL1 completed
			gdp.bigm Transformation...
			gdp.bigm Transformation completed in 0 s
		 - Constructing Arc STORAGE - SMALL2 completed
			gdp.bigm Transformation...
			gdp.bigm Transformation completed in 0 s
		 - Constructing Arc STORAGE - SMALL3 completed
			gdp.bigm Transformation...
			gdp.bigm Transformation completed in 0 s
		 - Constructing Arc STORAGE - SMALL4 completed
	 - Constructing Network hydrogenPipelineOnshore_lowP completed
			gdp.bigm Transformation...
			gdp.bigm Transformation completed in 80 s
	 - Constructing Network hydrogenPipelineOnshore_highP
			gdp.bigm Transformation...
			gdp.bigm Transformation completed in 0 s
		 - Constructing Arc BIG1 - BIG2 completed
			gdp.bigm Transformation...
			gdp.bigm Transformation completed in 0 s
		 - Constructing Arc BIG1 - SMALL1 completed
			gdp.bigm Transformation...
			gdp.bigm Transformation completed in 0 s
		 - Constructing Arc BIG1 - SMALL2 completed
			gdp.bigm Transformation...
			gdp.bigm Transformation completed in 0 s
		 - Constructing Arc BIG1 - SMALL3 completed
			gdp.bigm Transformation...
			gdp.bigm Transformation completed in 0 s
		 - Constructing Arc BIG1 - SMALL4 completed
			gdp.bigm Transformation...
			gdp.bigm Transformation completed in 0 s
		 - Constructing Arc BIG1 - STORAGE completed
			gdp.bigm Transformation...
			gdp.bigm Transformation completed in 0 s
		 - Constructing Arc BIG2 - BIG1 completed
			gdp.bigm Transformation...
			gdp.bigm Transformation completed in 0 s
		 - Constructing Arc BIG2 - SMALL1 completed
			gdp.bigm Transformation...
			gdp.bigm Transformation completed in 0 s
		 - Constructing Arc BIG2 - SMALL2 completed
			gdp.bigm Transformation...
			gdp.bigm Transformation completed in 0 s
		 - Constructing Arc BIG2 - SMALL3 completed
			gdp.bigm Transformation...
			gdp.bigm Transformation completed in 0 s
		 - Constructing Arc BIG2 - SMALL4 completed
			gdp.bigm Transformation...
			gdp.bigm Transformation completed in 0 s
		 - Constructing Arc BIG2 - STORAGE completed
			gdp.bigm Transformation...
			gdp.bigm Transformation completed in 0 s
		 - Constructing Arc SMALL1 - BIG1 completed
			gdp.bigm Transformation...
			gdp.bigm Transformation completed in 0 s
		 - Constructing Arc SMALL1 - BIG2 completed
			gdp.bigm Transformation...
			gdp.bigm Transformation completed in 0 s
		 - Constructing Arc SMALL1 - SMALL2 completed
			gdp.bigm Transformation...
			gdp.bigm Transformation completed in 0 s
		 - Constructing Arc SMALL1 - SMALL3 completed
			gdp.bigm Transformation...
			gdp.bigm Transformation completed in 0 s
		 - Constructing Arc SMALL1 - SMALL4 completed
			gdp.bigm Transformation...
			gdp.bigm Transformation completed in 0 s
		 - Constructing Arc SMALL1 - STORAGE completed
			gdp.bigm Transformation...
			gdp.bigm Transformation completed in 0 s
		 - Constructing Arc SMALL2 - BIG1 completed
			gdp.bigm Transformation...
			gdp.bigm Transformation completed in 0 s
		 - Constructing Arc SMALL2 - BIG2 completed
			gdp.bigm Transformation...
			gdp.bigm Transformation completed in 0 s
		 - Constructing Arc SMALL2 - SMALL1 completed
			gdp.bigm Transformation...
			gdp.bigm Transformation completed in 0 s
		 - Constructing Arc SMALL2 - SMALL3 completed
			gdp.bigm Transformation...
			gdp.bigm Transformation completed in 0 s
		 - Constructing Arc SMALL2 - SMALL4 completed
			gdp.bigm Transformation...
			gdp.bigm Transformation completed in 0 s
		 - Constructing Arc SMALL2 - STORAGE completed
			gdp.bigm Transformation...
			gdp.bigm Transformation completed in 0 s
		 - Constructing Arc SMALL3 - BIG1 completed
			gdp.bigm Transformation...
			gdp.bigm Transformation completed in 0 s
		 - Constructing Arc SMALL3 - BIG2 completed
			gdp.bigm Transformation...
			gdp.bigm Transformation completed in 0 s
		 - Constructing Arc SMALL3 - SMALL1 completed
			gdp.bigm Transformation...
			gdp.bigm Transformation completed in 0 s
		 - Constructing Arc SMALL3 - SMALL2 completed
			gdp.bigm Transformation...
			gdp.bigm Transformation completed in 0 s
		 - Constructing Arc SMALL3 - SMALL4 completed
			gdp.bigm Transformation...
			gdp.bigm Transformation completed in 0 s
		 - Constructing Arc SMALL3 - STORAGE completed
			gdp.bigm Transformation...
			gdp.bigm Transformation completed in 0 s
		 - Constructing Arc SMALL4 - BIG1 completed
			gdp.bigm Transformation...
			gdp.bigm Transformation completed in 0 s
		 - Constructing Arc SMALL4 - BIG2 completed
			gdp.bigm Transformation...
			gdp.bigm Transformation completed in 0 s
		 - Constructing Arc SMALL4 - SMALL1 completed
			gdp.bigm Transformation...
			gdp.bigm Transformation completed in 0 s
		 - Constructing Arc SMALL4 - SMALL2 completed
			gdp.bigm Transformation...
			gdp.bigm Transformation completed in 0 s
		 - Constructing Arc SMALL4 - SMALL3 completed
			gdp.bigm Transformation...
			gdp.bigm Transformation completed in 0 s
		 - Constructing Arc SMALL4 - STORAGE completed
			gdp.bigm Transformation...
			gdp.bigm Transformation completed in 0 s
		 - Constructing Arc STORAGE - BIG1 completed
			gdp.bigm Transformation...
			gdp.bigm Transformation completed in 0 s
		 - Constructing Arc STORAGE - BIG2 completed
			gdp.bigm Transformation...
			gdp.bigm Transformation completed in 0 s
		 - Constructing Arc STORAGE - SMALL1 completed
			gdp.bigm Transformation...
			gdp.bigm Transformation completed in 0 s
		 - Constructing Arc STORAGE - SMALL2 completed
			gdp.bigm Transformation...
			gdp.bigm Transformation completed in 0 s
		 - Constructing Arc STORAGE - SMALL3 completed
			gdp.bigm Transformation...
			gdp.bigm Transformation completed in 0 s
		 - Constructing Arc STORAGE - SMALL4 completed
	 - Constructing Network hydrogenPipelineOnshore_highP completed
			gdp.bigm Transformation...
			gdp.bigm Transformation completed in 78 s
	 - Adding Technology Electrolyzer_big
			gdp.bigm Transformation...
			gdp.bigm Transformation completed in 0 s
	 - Adding Technology Storage_H2_highP
			gdp.bigm Transformation...
			gdp.bigm Transformation completed in 4 s
	 - Adding Compressor hydrogen_Compressor_hydrogenPipelineOnshore_lowP_hydrogenPipelineOnshore_lowP
	 - Adding Compressor hydrogen_Compressor_hydrogenPipelineOnshore_lowP_hydrogenPipelineOnshore_highP
	 - Adding Compressor hydrogen_Compressor_hydrogenPipelineOnshore_lowP_Storage_H2_highP
	 - Adding Compressor hydrogen_Compressor_hydrogenPipelineOnshore_lowP_Demand
	 - Adding Compressor hydrogen_Compressor_hydrogenPipelineOnshore_highP_hydrogenPipelineOnshore_lowP
	 - Adding Compressor hydrogen_Compressor_hydrogenPipelineOnshore_highP_hydrogenPipelineOnshore_highP
	 - Adding Compressor hydrogen_Compressor_hydrogenPipelineOnshore_highP_Storage_H2_highP
	 - Adding Compressor hydrogen_Compressor_hydrogenPipelineOnshore_highP_Demand
	 - Adding Compressor hydrogen_Compressor_Electrolyzer_big_hydrogenPipelineOnshore_lowP
	 - Adding Compressor hydrogen_Compressor_Electrolyzer_big_hydrogenPipelineOnshore_highP
	 - Adding Compressor hydrogen_Compressor_Electrolyzer_big_Storage_H2_highP
	 - Adding Compressor hydrogen_Compressor_Electrolyzer_big_Demand
	 - Adding Compressor hydrogen_Compressor_Storage_H2_highP_hydrogenPipelineOnshore_lowP
	 - Adding Compressor hydrogen_Compressor_Storage_H2_highP_hydrogenPipelineOnshore_highP
	 - Adding Compressor hydrogen_Compressor_Storage_H2_highP_Storage_H2_highP
	 - Adding Compressor hydrogen_Compressor_Storage_H2_highP_Demand
	 - Adding Compressor hydrogen_Compressor_Import_hydrogenPipelineOnshore_lowP
	 - Adding Compressor hydrogen_Compressor_Import_hydrogenPipelineOnshore_highP
	 - Adding Compressor hydrogen_Compressor_Import_Storage_H2_highP
	 - Adding Compressor hydrogen_Compressor_Import_Demand_existing
	 - Adding Technology Electrolyzer_big
			gdp.bigm Transformation...
			gdp.bigm Transformation completed in 0 s
	 - Adding Technology Storage_H2_highP
			gdp.bigm Transformation...
			gdp.bigm Transformation completed in 4 s
	 - Adding Compressor hydrogen_Compressor_hydrogenPipelineOnshore_lowP_hydrogenPipelineOnshore_lowP
	 - Adding Compressor hydrogen_Compressor_hydrogenPipelineOnshore_lowP_hydrogenPipelineOnshore_highP
	 - Adding Compressor hydrogen_Compressor_hydrogenPipelineOnshore_lowP_Storage_H2_highP
	 - Adding Compressor hydrogen_Compressor_hydrogenPipelineOnshore_lowP_Demand
	 - Adding Compressor hydrogen_Compressor_hydrogenPipelineOnshore_highP_hydrogenPipelineOnshore_lowP
	 - Adding Compressor hydrogen_Compressor_hydrogenPipelineOnshore_highP_hydrogenPipelineOnshore_highP
	 - Adding Compressor hydrogen_Compressor_hydrogenPipelineOnshore_highP_Storage_H2_highP
	 - Adding Compressor hydrogen_Compressor_hydrogenPipelineOnshore_highP_Demand
	 - Adding Compressor hydrogen_Compressor_Electrolyzer_big_hydrogenPipelineOnshore_lowP
	 - Adding Compressor hydrogen_Compressor_Electrolyzer_big_hydrogenPipelineOnshore_highP
	 - Adding Compressor hydrogen_Compressor_Electrolyzer_big_Storage_H2_highP
	 - Adding Compressor hydrogen_Compressor_Electrolyzer_big_Demand
	 - Adding Compressor hydrogen_Compressor_Storage_H2_highP_hydrogenPipelineOnshore_lowP
	 - Adding Compressor hydrogen_Compressor_Storage_H2_highP_hydrogenPipelineOnshore_highP
	 - Adding Compressor hydrogen_Compressor_Storage_H2_highP_Storage_H2_highP
	 - Adding Compressor hydrogen_Compressor_Storage_H2_highP_Demand
	 - Adding Compressor hydrogen_Compressor_Import_hydrogenPipelineOnshore_lowP
	 - Adding Compressor hydrogen_Compressor_Import_hydrogenPipelineOnshore_highP
	 - Adding Compressor hydrogen_Compressor_Import_Storage_H2_highP
	 - Adding Compressor hydrogen_Compressor_Import_Demand_existing
	 - Adding Technology Electrolyzer_small
	 - Adding Technology Storage_H2_lowP
			gdp.bigm Transformation...
			gdp.bigm Transformation completed in 4 s
	 - Adding Compressor hydrogen_Compressor_hydrogenPipelineOnshore_lowP_hydrogenPipelineOnshore_lowP
	 - Adding Compressor hydrogen_Compressor_hydrogenPipelineOnshore_lowP_hydrogenPipelineOnshore_highP
	 - Adding Compressor hydrogen_Compressor_hydrogenPipelineOnshore_lowP_Storage_H2_lowP
	 - Adding Compressor hydrogen_Compressor_hydrogenPipelineOnshore_lowP_Demand
	 - Adding Compressor hydrogen_Compressor_hydrogenPipelineOnshore_highP_hydrogenPipelineOnshore_lowP
	 - Adding Compressor hydrogen_Compressor_hydrogenPipelineOnshore_highP_hydrogenPipelineOnshore_highP
	 - Adding Compressor hydrogen_Compressor_hydrogenPipelineOnshore_highP_Storage_H2_lowP
	 - Adding Compressor hydrogen_Compressor_hydrogenPipelineOnshore_highP_Demand
	 - Adding Compressor hydrogen_Compressor_Electrolyzer_small_hydrogenPipelineOnshore_lowP
	 - Adding Compressor hydrogen_Compressor_Electrolyzer_small_hydrogenPipelineOnshore_highP
	 - Adding Compressor hydrogen_Compressor_Electrolyzer_small_Storage_H2_lowP
	 - Adding Compressor hydrogen_Compressor_Electrolyzer_small_Demand
	 - Adding Compressor hydrogen_Compressor_Storage_H2_lowP_hydrogenPipelineOnshore_lowP
	 - Adding Compressor hydrogen_Compressor_Storage_H2_lowP_hydrogenPipelineOnshore_highP
	 - Adding Compressor hydrogen_Compressor_Storage_H2_lowP_Storage_H2_lowP
	 - Adding Compressor hydrogen_Compressor_Storage_H2_lowP_Demand
	 - Adding Technology Electrolyzer_small
	 - Adding Technology Storage_H2_lowP
			gdp.bigm Transformation...
			gdp.bigm Transformation completed in 4 s
	 - Adding Compressor hydrogen_Compressor_hydrogenPipelineOnshore_lowP_hydrogenPipelineOnshore_lowP
	 - Adding Compressor hydrogen_Compressor_hydrogenPipelineOnshore_lowP_hydrogenPipelineOnshore_highP
	 - Adding Compressor hydrogen_Compressor_hydrogenPipelineOnshore_lowP_Storage_H2_lowP
	 - Adding Compressor hydrogen_Compressor_hydrogenPipelineOnshore_lowP_Demand
	 - Adding Compressor hydrogen_Compressor_hydrogenPipelineOnshore_highP_hydrogenPipelineOnshore_lowP
	 - Adding Compressor hydrogen_Compressor_hydrogenPipelineOnshore_highP_hydrogenPipelineOnshore_highP
	 - Adding Compressor hydrogen_Compressor_hydrogenPipelineOnshore_highP_Storage_H2_lowP
	 - Adding Compressor hydrogen_Compressor_hydrogenPipelineOnshore_highP_Demand
	 - Adding Compressor hydrogen_Compressor_Electrolyzer_small_hydrogenPipelineOnshore_lowP
	 - Adding Compressor hydrogen_Compressor_Electrolyzer_small_hydrogenPipelineOnshore_highP
	 - Adding Compressor hydrogen_Compressor_Electrolyzer_small_Storage_H2_lowP
	 - Adding Compressor hydrogen_Compressor_Electrolyzer_small_Demand
	 - Adding Compressor hydrogen_Compressor_Storage_H2_lowP_hydrogenPipelineOnshore_lowP
	 - Adding Compressor hydrogen_Compressor_Storage_H2_lowP_hydrogenPipelineOnshore_highP
	 - Adding Compressor hydrogen_Compressor_Storage_H2_lowP_Storage_H2_lowP
	 - Adding Compressor hydrogen_Compressor_Storage_H2_lowP_Demand
	 - Adding Technology Electrolyzer_small
	 - Adding Technology Storage_H2_lowP
			gdp.bigm Transformation...
			gdp.bigm Transformation completed in 4 s
	 - Adding Compressor hydrogen_Compressor_hydrogenPipelineOnshore_lowP_hydrogenPipelineOnshore_lowP
	 - Adding Compressor hydrogen_Compressor_hydrogenPipelineOnshore_lowP_hydrogenPipelineOnshore_highP
	 - Adding Compressor hydrogen_Compressor_hydrogenPipelineOnshore_lowP_Storage_H2_lowP
	 - Adding Compressor hydrogen_Compressor_hydrogenPipelineOnshore_lowP_Demand
	 - Adding Compressor hydrogen_Compressor_hydrogenPipelineOnshore_highP_hydrogenPipelineOnshore_lowP
	 - Adding Compressor hydrogen_Compressor_hydrogenPipelineOnshore_highP_hydrogenPipelineOnshore_highP
	 - Adding Compressor hydrogen_Compressor_hydrogenPipelineOnshore_highP_Storage_H2_lowP
	 - Adding Compressor hydrogen_Compressor_hydrogenPipelineOnshore_highP_Demand
	 - Adding Compressor hydrogen_Compressor_Electrolyzer_small_hydrogenPipelineOnshore_lowP
	 - Adding Compressor hydrogen_Compressor_Electrolyzer_small_hydrogenPipelineOnshore_highP
	 - Adding Compressor hydrogen_Compressor_Electrolyzer_small_Storage_H2_lowP
	 - Adding Compressor hydrogen_Compressor_Electrolyzer_small_Demand
	 - Adding Compressor hydrogen_Compressor_Storage_H2_lowP_hydrogenPipelineOnshore_lowP
	 - Adding Compressor hydrogen_Compressor_Storage_H2_lowP_hydrogenPipelineOnshore_highP
	 - Adding Compressor hydrogen_Compressor_Storage_H2_lowP_Storage_H2_lowP
	 - Adding Compressor hydrogen_Compressor_Storage_H2_lowP_Demand
	 - Adding Technology Electrolyzer_small
	 - Adding Technology Storage_H2_lowP
			gdp.bigm Transformation...
			gdp.bigm Transformation completed in 4 s
	 - Adding Compressor hydrogen_Compressor_hydrogenPipelineOnshore_lowP_hydrogenPipelineOnshore_lowP
	 - Adding Compressor hydrogen_Compressor_hydrogenPipelineOnshore_lowP_hydrogenPipelineOnshore_highP
	 - Adding Compressor hydrogen_Compressor_hydrogenPipelineOnshore_lowP_Storage_H2_lowP
	 - Adding Compressor hydrogen_Compressor_hydrogenPipelineOnshore_lowP_Demand
	 - Adding Compressor hydrogen_Compressor_hydrogenPipelineOnshore_highP_hydrogenPipelineOnshore_lowP
	 - Adding Compressor hydrogen_Compressor_hydrogenPipelineOnshore_highP_hydrogenPipelineOnshore_highP
	 - Adding Compressor hydrogen_Compressor_hydrogenPipelineOnshore_highP_Storage_H2_lowP
	 - Adding Compressor hydrogen_Compressor_hydrogenPipelineOnshore_highP_Demand
	 - Adding Compressor hydrogen_Compressor_Electrolyzer_small_hydrogenPipelineOnshore_lowP
	 - Adding Compressor hydrogen_Compressor_Electrolyzer_small_hydrogenPipelineOnshore_highP
	 - Adding Compressor hydrogen_Compressor_Electrolyzer_small_Storage_H2_lowP
	 - Adding Compressor hydrogen_Compressor_Electrolyzer_small_Demand
	 - Adding Compressor hydrogen_Compressor_Storage_H2_lowP_hydrogenPipelineOnshore_lowP
	 - Adding Compressor hydrogen_Compressor_Storage_H2_lowP_hydrogenPipelineOnshore_highP
	 - Adding Compressor hydrogen_Compressor_Storage_H2_lowP_Storage_H2_lowP
	 - Adding Compressor hydrogen_Compressor_Storage_H2_lowP_Demand
	 - Adding Technology Storage_H2_Cavern_existing
			gdp.bigm Transformation...
			gdp.bigm Transformation completed in 4 s
	 - Adding Compressor hydrogen_Compressor_hydrogenPipelineOnshore_lowP_hydrogenPipelineOnshore_lowP
	 - Adding Compressor hydrogen_Compressor_hydrogenPipelineOnshore_lowP_hydrogenPipelineOnshore_highP
	 - Adding Compressor hydrogen_Compressor_hydrogenPipelineOnshore_lowP_Storage_H2_Cavern_existing
	 - Adding Compressor hydrogen_Compressor_hydrogenPipelineOnshore_highP_hydrogenPipelineOnshore_lowP
	 - Adding Compressor hydrogen_Compressor_hydrogenPipelineOnshore_highP_hydrogenPipelineOnshore_highP
	 - Adding Compressor hydrogen_Compressor_hydrogenPipelineOnshore_highP_Storage_H2_Cavern_existing
	 - Adding Compressor hydrogen_Compressor_Storage_H2_Cavern_existing_hydrogenPipelineOnshore_lowP
	 - Adding Compressor hydrogen_Compressor_Storage_H2_Cavern_existing_hydrogenPipelineOnshore_highP
	 - Adding Compressor hydrogen_Compressor_Storage_H2_Cavern_existing_Storage_H2_Cavern_existing_existing
Constructing model completed in 692s
Constructing balances...
Constructing balances completed in 19s
Set objective on infrastructure due to willingness to pay
Set parameter OutputFlag to value 1
Set parameter LogFile to value "/gpfs/home3/scur1696/AdOpT-NET0-RegToNation/generic_node_optimization/results/parallel_creation_test_20251204_143210/task_000/t000_parallel_run_0007/userData/20251204151356-1/solver_log.txt"
Solver log file: /gpfs/home3/scur1696/AdOpT-NET0-RegToNation/generic_node_optimization/results/parallel_creation_test_20251204_143210/task_000/t000_parallel_run_0007/userData/20251204151356-1/solver_log.txt
Set parameter TimeLimit to value 180000
Set parameter MIPGap to value 0.01
Set parameter MIPFocus to value 0
Set parameter Threads to value 12
Set parameter NodefileStart to value 60
Set parameter Method to value -1
Set parameter Heuristics to value 0.05
Set parameter Presolve to value 1
Set parameter BranchDir to value 0
Set parameter LPWarmStart to value 0
Set parameter IntFeasTol to value 1e-05
Set parameter FeasibilityTol to value 1e-06
Set parameter Cuts to value -1
Set parameter NumericFocus to value 0
Gurobi Optimizer version 13.0.0 build v13.0.0rc1 (linux64 - "Red Hat Enterprise Linux 9.4 (Plow)")

CPU model: AMD EPYC 9654 96-Core Processor, instruction set [SSE2|AVX|AVX2|AVX512]
Thread count: 192 physical cores, 192 logical processors, using up to 12 threads

Non-default parameters:
TimeLimit  180000
MIPGap  0.01
LPWarmStart  0
NodefileStart  60
Presolve  1
Threads  12

  429358    1.1835912e+08   0.000000e+00   1.499094e+06   2032s
  430088    1.1835912e+08   0.000000e+00   6.623659e+05   2098s
  430798    1.1835912e+08   0.000000e+00   3.171155e+06   2165s
  431628    1.1835912e+08   0.000000e+00   1.384256e+06   2243s
  432458    1.1835912e+08   0.000000e+00   4.963807e+05   2322s
  433238    1.1835912e+08   0.000000e+00   3.948718e+05   2397s
  434068    1.1835912e+08   0.000000e+00   5.573696e+05   2473s
  434898    1.1835912e+08   0.000000e+00   5.145662e+05   2550s
  435598    1.1835912e+08   0.000000e+00   9.848232e+05   2619s
  436428    1.1835912e+08   0.000000e+00   3.346763e+05   2694s
  437208    1.1835912e+08   0.000000e+00   7.833489e+05   2767s
  438038    1.1835911e+08   0.000000e+00   1.948496e+05   2841s
  438868    1.1835911e+08   0.000000e+00   9.536416e+04   2910s
  439698    1.1835911e+08   0.000000e+00   1.203114e+05   2980s
  440528    1.1835911e+08   0.000000e+00   1.624187e+05   3049s
