===========================
Running on node: tcn1179
Array job index: 3
Started: Mon Nov 24 00:23:49 CET 2025
===========================
Python module loaded.
Activated virtual environment.
Configured Gurobi runtime paths.
Working directory: /home/scur1696/AdOpT-NET0-RegToNation/generic_node_optimization
[SLURM] Detected CPU total: 192
[CONFIG] Using 4 workers × 12 threads (total 48 threads)
[SAMPLING] Method: LATIN HYPERCUBe SAMPLING
   Full grid would be: 1080 combinations
   LHS samples: 50
   Reduction: 95.4%

[OK] Total combinations: 50
[ARRAY] SLURM_ARRAY_TASK_ID=3, SLURM_ARRAY_TASK_COUNT=4
[ARRAY] This job is chunk index 3 of 4
[ARRAY] This job will run 12 combinations out of 50
[OK] Total runs to execute in THIS JOB: 12

[CONFIG] System configuration:
   - Strategy: Manual configuration
   - Total logical processors: 192
   - Parallel workers: 4
   - Threads per worker: 12
   - Total thread usage: 48 (of 192)
   - CPU utilization: 25.0%
   [INFO] Conservative CPU usage (25.0%)
       Consider increasing workers or threads_per_worker for better performance

================================================================================
PARALLEL CREATION + GUROBI-ENV OPTIMIZATION RUNNER
================================================================================
Total runs: 12
Max parallel workers: 4
Threads per worker: 12
Results folder: /gpfs/home3/scur1696/AdOpT-NET0-RegToNation/generic_node_optimization/results/parallel_creation_test_20251124_002357/task_003
================================================================================


================================================================================
PHASE 1: Creating 12 models in PARALLEL
Using 'spawn' context for clean process separation
================================================================================

[CREATE] Creating model: t003_parallel_run_0004
      Node       lon        lat  alt
0     BIG1  0.836099  51.924400    0
1     BIG2  8.119301  51.924400    0
2   SMALL1  7.682309  51.026089    0
3   SMALL2  4.769028  51.026089    0
4   SMALL3  7.682309  52.822711    0
5   SMALL4  4.769028  52.822711    0
6  STORAGE  6.496768  51.071748    0
New network
Max size per arc:          BIG1  BIG2  SMALL1  SMALL2  SMALL3  SMALL4  STORAGE
BIG1        0  1000    1000    1000    1000    1000     1000
BIG2     1000     0    1000    1000    1000    1000     1000
SMALL1   1000  1000       0    1000    1000    1000     1000
SMALL2   1000  1000    1000       0    1000    1000     1000
SMALL3   1000  1000    1000    1000       0    1000     1000
SMALL4   1000  1000    1000    1000    1000       0     1000
STORAGE  1000  1000    1000    1000    1000    1000        0
Connection:          BIG1  BIG2  SMALL1  SMALL2  SMALL3  SMALL4  STORAGE
BIG1        0     1       1       1       1       1        1
BIG2        1     0       1       1       1       1        1
SMALL1      1     1       0       1       1       1        1
SMALL2      1     1       1       0       1       1        1
SMALL3      1     1       1       1       0       1        1
SMALL4      1     1       1       1       1       0        1
STORAGE     1     1       1       1       1       1        0
📍 Calculating distances from scenario coordinates
✅ Using calculated distances from topology coordinates
Distance matrix saved for both networks
Created smooth electricity prices for BIG1:
Created smooth electricity prices for BIG2:
Created smooth electricity prices for SMALL1:
Created smooth electricity prices for SMALL2:
Created smooth electricity prices for SMALL3:
Created smooth electricity prices for SMALL4:
Created smooth electricity prices for STORAGE:
[SUCCESS] Model created: t003_parallel_run_0004
[CREATE] Creating model: t003_parallel_run_0007
      Node       lon        lat  alt
0     BIG1  0.836099  51.924400    0
1     BIG2  8.119301  51.924400    0
2   SMALL1  7.682309  51.026089    0
3   SMALL2  4.769028  51.026089    0
4   SMALL3  7.682309  52.822711    0
5   SMALL4  4.769028  52.822711    0
6  STORAGE  6.496768  51.071748    0
New network
Max size per arc:          BIG1  BIG2  SMALL1  SMALL2  SMALL3  SMALL4  STORAGE
BIG1        0  1000    1000    1000    1000    1000     1000
BIG2     1000     0    1000    1000    1000    1000     1000
SMALL1   1000  1000       0    1000    1000    1000     1000
SMALL2   1000  1000    1000       0    1000    1000     1000
SMALL3   1000  1000    1000    1000       0    1000     1000
SMALL4   1000  1000    1000    1000    1000       0     1000
STORAGE  1000  1000    1000    1000    1000    1000        0
Connection:          BIG1  BIG2  SMALL1  SMALL2  SMALL3  SMALL4  STORAGE
BIG1        0     1       1       1       1       1        1
BIG2        1     0       1       1       1       1        1
SMALL1      1     1       0       1       1       1        1
SMALL2      1     1       1       0       1       1        1
SMALL3      1     1       1       1       0       1        1
SMALL4      1     1       1       1       1       0        1
STORAGE     1     1       1       1       1       1        0
📍 Calculating distances from scenario coordinates
✅ Using calculated distances from topology coordinates
Distance matrix saved for both networks
Created smooth electricity prices for BIG1:
Created smooth electricity prices for BIG2:
Created smooth electricity prices for SMALL1:
Created smooth electricity prices for SMALL2:
Created smooth electricity prices for SMALL3:
Created smooth electricity prices for SMALL4:
Created smooth electricity prices for STORAGE:
[SUCCESS] Model created: t003_parallel_run_0007
[CREATE] Creating model: t003_parallel_run_0010
      Node       lon        lat  alt
0     BIG1  0.836099  51.924400    0
1     BIG2  8.119301  51.924400    0
2   SMALL1  7.682309  51.026089    0
3   SMALL2  4.769028  51.026089    0
4   SMALL3  7.682309  52.822711    0
5   SMALL4  4.769028  52.822711    0
6  STORAGE  6.496768  51.071748    0
New network
Max size per arc:          BIG1  BIG2  SMALL1  SMALL2  SMALL3  SMALL4  STORAGE
BIG1        0  1000    1000    1000    1000    1000     1000
BIG2     1000     0    1000    1000    1000    1000     1000
SMALL1   1000  1000       0    1000    1000    1000     1000
SMALL2   1000  1000    1000       0    1000    1000     1000
SMALL3   1000  1000    1000    1000       0    1000     1000
SMALL4   1000  1000    1000    1000    1000       0     1000
STORAGE  1000  1000    1000    1000    1000    1000        0
Connection:          BIG1  BIG2  SMALL1  SMALL2  SMALL3  SMALL4  STORAGE
BIG1        0     1       1       1       1       1        1
BIG2        1     0       1       1       1       1        1
SMALL1      1     1       0       1       1       1        1
SMALL2      1     1       1       0       1       1        1
SMALL3      1     1       1       1       0       1        1
SMALL4      1     1       1       1       1       0        1
STORAGE     1     1       1       1       1       1        0
📍 Calculating distances from scenario coordinates
✅ Using calculated distances from topology coordinates
Distance matrix saved for both networks
Created smooth electricity prices for BIG1:
Created smooth electricity prices for BIG2:
Created smooth electricity prices for SMALL1:
Created smooth electricity prices for SMALL2:
Created smooth electricity prices for SMALL3:
Created smooth electricity prices for SMALL4:
Created smooth electricity prices for STORAGE:
[SUCCESS] Model created: t003_parallel_run_0010
[CREATE] Creating model: t003_parallel_run_0001
      Node       lon        lat  alt
0     BIG1  0.836099  51.924400    0
1     BIG2  8.119301  51.924400    0
2   SMALL1  7.682309  51.026089    0
3   SMALL2  4.769028  51.026089    0
4   SMALL3  7.682309  52.822711    0
5   SMALL4  4.769028  52.822711    0
6  STORAGE  6.496768  51.071748    0
New network
Max size per arc:          BIG1  BIG2  SMALL1  SMALL2  SMALL3  SMALL4  STORAGE
BIG1        0  1000    1000    1000    1000    1000     1000
BIG2     1000     0    1000    1000    1000    1000     1000
SMALL1   1000  1000       0    1000    1000    1000     1000
SMALL2   1000  1000    1000       0    1000    1000     1000
SMALL3   1000  1000    1000    1000       0    1000     1000
SMALL4   1000  1000    1000    1000    1000       0     1000
STORAGE  1000  1000    1000    1000    1000    1000        0
Connection:          BIG1  BIG2  SMALL1  SMALL2  SMALL3  SMALL4  STORAGE
BIG1        0     1       1       1       1       1        1
BIG2        1     0       1       1       1       1        1
SMALL1      1     1       0       1       1       1        1
SMALL2      1     1       1       0       1       1        1
SMALL3      1     1       1       1       0       1        1
SMALL4      1     1       1       1       1       0        1
STORAGE     1     1       1       1       1       1        0
📍 Calculating distances from scenario coordinates
✅ Using calculated distances from topology coordinates
Distance matrix saved for both networks
Created smooth electricity prices for BIG1:
Created smooth electricity prices for BIG2:
Created smooth electricity prices for SMALL1:
Created smooth electricity prices for SMALL2:
Created smooth electricity prices for SMALL3:
Created smooth electricity prices for SMALL4:
Created smooth electricity prices for STORAGE:
[SUCCESS] Model created: t003_parallel_run_0001
[CREATE] Creating model: t003_parallel_run_0005
      Node       lon        lat  alt
0     BIG1  0.836099  51.924400    0
1     BIG2  8.119301  51.924400    0
2   SMALL1  7.682309  51.026089    0
3   SMALL2  4.769028  51.026089    0
4   SMALL3  7.682309  52.822711    0
5   SMALL4  4.769028  52.822711    0
6  STORAGE  6.496768  51.071748    0
New network
Max size per arc:          BIG1  BIG2  SMALL1  SMALL2  SMALL3  SMALL4  STORAGE
BIG1        0  1000    1000    1000    1000    1000     1000
BIG2     1000     0    1000    1000    1000    1000     1000
SMALL1   1000  1000       0    1000    1000    1000     1000
SMALL2   1000  1000    1000       0    1000    1000     1000
SMALL3   1000  1000    1000    1000       0    1000     1000
SMALL4   1000  1000    1000    1000    1000       0     1000
STORAGE  1000  1000    1000    1000    1000    1000        0
Connection:          BIG1  BIG2  SMALL1  SMALL2  SMALL3  SMALL4  STORAGE
BIG1        0     1       1       1       1       1        1
BIG2        1     0       1       1       1       1        1
SMALL1      1     1       0       1       1       1        1
SMALL2      1     1       1       0       1       1        1
SMALL3      1     1       1       1       0       1        1
SMALL4      1     1       1       1       1       0        1
STORAGE     1     1       1       1       1       1        0
📍 Calculating distances from scenario coordinates
✅ Using calculated distances from topology coordinates
Distance matrix saved for both networks
Created smooth electricity prices for BIG1:
Created smooth electricity prices for BIG2:
Created smooth electricity prices for SMALL1:
Created smooth electricity prices for SMALL2:
Created smooth electricity prices for SMALL3:
Created smooth electricity prices for SMALL4:
Created smooth electricity prices for STORAGE:
[SUCCESS] Model created: t003_parallel_run_0005
[CREATE] Creating model: t003_parallel_run_0009
      Node       lon        lat  alt
0     BIG1  0.836099  51.924400    0
1     BIG2  8.119301  51.924400    0
2   SMALL1  7.682309  51.026089    0
3   SMALL2  4.769028  51.026089    0
4   SMALL3  7.682309  52.822711    0
5   SMALL4  4.769028  52.822711    0
6  STORAGE  6.496768  51.071748    0
New network
Max size per arc:          BIG1  BIG2  SMALL1  SMALL2  SMALL3  SMALL4  STORAGE
BIG1        0  1000    1000    1000    1000    1000     1000
BIG2     1000     0    1000    1000    1000    1000     1000
SMALL1   1000  1000       0    1000    1000    1000     1000
SMALL2   1000  1000    1000       0    1000    1000     1000
SMALL3   1000  1000    1000    1000       0    1000     1000
SMALL4   1000  1000    1000    1000    1000       0     1000
STORAGE  1000  1000    1000    1000    1000    1000        0
Connection:          BIG1  BIG2  SMALL1  SMALL2  SMALL3  SMALL4  STORAGE
BIG1        0     1       1       1       1       1        1
BIG2        1     0       1       1       1       1        1
SMALL1      1     1       0       1       1       1        1
SMALL2      1     1       1       0       1       1        1
SMALL3      1     1       1       1       0       1        1
SMALL4      1     1       1       1       1       0        1
STORAGE     1     1       1       1       1       1        0
📍 Calculating distances from scenario coordinates
✅ Using calculated distances from topology coordinates
Distance matrix saved for both networks
Created smooth electricity prices for BIG1:
Created smooth electricity prices for BIG2:
Created smooth electricity prices for SMALL1:
Created smooth electricity prices for SMALL2:
Created smooth electricity prices for SMALL3:
Created smooth electricity prices for SMALL4:
Created smooth electricity prices for STORAGE:
[SUCCESS] Model created: t003_parallel_run_0009
[CREATE] Creating model: t003_parallel_run_0003
      Node       lon        lat  alt
0     BIG1  0.836099  51.924400    0
1     BIG2  8.119301  51.924400    0
2   SMALL1  7.682309  51.026089    0
3   SMALL2  4.769028  51.026089    0
4   SMALL3  7.682309  52.822711    0
5   SMALL4  4.769028  52.822711    0
6  STORAGE  6.496768  51.071748    0
New network
Max size per arc:          BIG1  BIG2  SMALL1  SMALL2  SMALL3  SMALL4  STORAGE
BIG1        0  1000    1000    1000    1000    1000     1000
BIG2     1000     0    1000    1000    1000    1000     1000
SMALL1   1000  1000       0    1000    1000    1000     1000
SMALL2   1000  1000    1000       0    1000    1000     1000
SMALL3   1000  1000    1000    1000       0    1000     1000
SMALL4   1000  1000    1000    1000    1000       0     1000
STORAGE  1000  1000    1000    1000    1000    1000        0
Connection:          BIG1  BIG2  SMALL1  SMALL2  SMALL3  SMALL4  STORAGE
BIG1        0     1       1       1       1       1        1
BIG2        1     0       1       1       1       1        1
SMALL1      1     1       0       1       1       1        1
SMALL2      1     1       1       0       1       1        1
SMALL3      1     1       1       1       0       1        1
SMALL4      1     1       1       1       1       0        1
STORAGE     1     1       1       1       1       1        0
📍 Calculating distances from scenario coordinates
✅ Using calculated distances from topology coordinates
Distance matrix saved for both networks
Created smooth electricity prices for BIG1:
Created smooth electricity prices for BIG2:
Created smooth electricity prices for SMALL1:
Created smooth electricity prices for SMALL2:
Created smooth electricity prices for SMALL3:
Created smooth electricity prices for SMALL4:
Created smooth electricity prices for STORAGE:
[SUCCESS] Model created: t003_parallel_run_0003
[CREATE] Creating model: t003_parallel_run_0006
      Node       lon        lat  alt
0     BIG1  0.836099  51.924400    0
1     BIG2  8.119301  51.924400    0
2   SMALL1  7.682309  51.026089    0
3   SMALL2  4.769028  51.026089    0
4   SMALL3  7.682309  52.822711    0
5   SMALL4  4.769028  52.822711    0
6  STORAGE  6.496768  51.071748    0
New network
Max size per arc:          BIG1  BIG2  SMALL1  SMALL2  SMALL3  SMALL4  STORAGE
BIG1        0  1000    1000    1000    1000    1000     1000
BIG2     1000     0    1000    1000    1000    1000     1000
SMALL1   1000  1000       0    1000    1000    1000     1000
SMALL2   1000  1000    1000       0    1000    1000     1000
SMALL3   1000  1000    1000    1000       0    1000     1000
SMALL4   1000  1000    1000    1000    1000       0     1000
STORAGE  1000  1000    1000    1000    1000    1000        0
Connection:          BIG1  BIG2  SMALL1  SMALL2  SMALL3  SMALL4  STORAGE
BIG1        0     1       1       1       1       1        1
BIG2        1     0       1       1       1       1        1
SMALL1      1     1       0       1       1       1        1
SMALL2      1     1       1       0       1       1        1
SMALL3      1     1       1       1       0       1        1
SMALL4      1     1       1       1       1       0        1
STORAGE     1     1       1       1       1       1        0
📍 Calculating distances from scenario coordinates
✅ Using calculated distances from topology coordinates
Distance matrix saved for both networks
Created smooth electricity prices for BIG1:
Created smooth electricity prices for BIG2:
Created smooth electricity prices for SMALL1:
Created smooth electricity prices for SMALL2:
Created smooth electricity prices for SMALL3:
Created smooth electricity prices for SMALL4:
Created smooth electricity prices for STORAGE:
[SUCCESS] Model created: t003_parallel_run_0006
[CREATE] Creating model: t003_parallel_run_0012
      Node       lon        lat  alt
0     BIG1  0.836099  51.924400    0
1     BIG2  8.119301  51.924400    0
2   SMALL1  7.682309  51.026089    0
3   SMALL2  4.769028  51.026089    0
4   SMALL3  7.682309  52.822711    0
5   SMALL4  4.769028  52.822711    0
6  STORAGE  6.496768  51.071748    0
New network
Max size per arc:          BIG1  BIG2  SMALL1  SMALL2  SMALL3  SMALL4  STORAGE
BIG1        0  1000    1000    1000    1000    1000     1000
BIG2     1000     0    1000    1000    1000    1000     1000
SMALL1   1000  1000       0    1000    1000    1000     1000
SMALL2   1000  1000    1000       0    1000    1000     1000
SMALL3   1000  1000    1000    1000       0    1000     1000
SMALL4   1000  1000    1000    1000    1000       0     1000
STORAGE  1000  1000    1000    1000    1000    1000        0
Connection:          BIG1  BIG2  SMALL1  SMALL2  SMALL3  SMALL4  STORAGE
BIG1        0     1       1       1       1       1        1
BIG2        1     0       1       1       1       1        1
SMALL1      1     1       0       1       1       1        1
SMALL2      1     1       1       0       1       1        1
SMALL3      1     1       1       1       0       1        1
SMALL4      1     1       1       1       1       0        1
STORAGE     1     1       1       1       1       1        0
📍 Calculating distances from scenario coordinates
✅ Using calculated distances from topology coordinates
Distance matrix saved for both networks
Created smooth electricity prices for BIG1:
Created smooth electricity prices for BIG2:
Created smooth electricity prices for SMALL1:
Created smooth electricity prices for SMALL2:
Created smooth electricity prices for SMALL3:
Created smooth electricity prices for SMALL4:
Created smooth electricity prices for STORAGE:
[SUCCESS] Model created: t003_parallel_run_0012
[CREATE] Creating model: t003_parallel_run_0002
      Node       lon        lat  alt
0     BIG1  0.836099  51.924400    0
1     BIG2  8.119301  51.924400    0
2   SMALL1  7.682309  51.026089    0
3   SMALL2  4.769028  51.026089    0
4   SMALL3  7.682309  52.822711    0
5   SMALL4  4.769028  52.822711    0
6  STORAGE  6.496768  51.071748    0
New network
Max size per arc:          BIG1  BIG2  SMALL1  SMALL2  SMALL3  SMALL4  STORAGE
BIG1        0  1000    1000    1000    1000    1000     1000
BIG2     1000     0    1000    1000    1000    1000     1000
SMALL1   1000  1000       0    1000    1000    1000     1000
SMALL2   1000  1000    1000       0    1000    1000     1000
SMALL3   1000  1000    1000    1000       0    1000     1000
SMALL4   1000  1000    1000    1000    1000       0     1000
STORAGE  1000  1000    1000    1000    1000    1000        0
Connection:          BIG1  BIG2  SMALL1  SMALL2  SMALL3  SMALL4  STORAGE
BIG1        0     1       1       1       1       1        1
BIG2        1     0       1       1       1       1        1
SMALL1      1     1       0       1       1       1        1
SMALL2      1     1       1       0       1       1        1
SMALL3      1     1       1       1       0       1        1
SMALL4      1     1       1       1       1       0        1
STORAGE     1     1       1       1       1       1        0
📍 Calculating distances from scenario coordinates
✅ Using calculated distances from topology coordinates
Distance matrix saved for both networks
Created smooth electricity prices for BIG1:
Created smooth electricity prices for BIG2:
Created smooth electricity prices for SMALL1:
Created smooth electricity prices for SMALL2:
Created smooth electricity prices for SMALL3:
Created smooth electricity prices for SMALL4:
Created smooth electricity prices for STORAGE:
[SUCCESS] Model created: t003_parallel_run_0002
[CREATE] Creating model: t003_parallel_run_0008
      Node       lon        lat  alt
0     BIG1  0.836099  51.924400    0
1     BIG2  8.119301  51.924400    0
2   SMALL1  7.682309  51.026089    0
3   SMALL2  4.769028  51.026089    0
4   SMALL3  7.682309  52.822711    0
5   SMALL4  4.769028  52.822711    0
6  STORAGE  6.496768  51.071748    0
New network
Max size per arc:          BIG1  BIG2  SMALL1  SMALL2  SMALL3  SMALL4  STORAGE
BIG1        0  1000    1000    1000    1000    1000     1000
BIG2     1000     0    1000    1000    1000    1000     1000
SMALL1   1000  1000       0    1000    1000    1000     1000
SMALL2   1000  1000    1000       0    1000    1000     1000
SMALL3   1000  1000    1000    1000       0    1000     1000
SMALL4   1000  1000    1000    1000    1000       0     1000
STORAGE  1000  1000    1000    1000    1000    1000        0
Connection:          BIG1  BIG2  SMALL1  SMALL2  SMALL3  SMALL4  STORAGE
BIG1        0     1       1       1       1       1        1
BIG2        1     0       1       1       1       1        1
SMALL1      1     1       0       1       1       1        1
SMALL2      1     1       1       0       1       1        1
SMALL3      1     1       1       1       0       1        1
SMALL4      1     1       1       1       1       0        1
STORAGE     1     1       1       1       1       1        0
📍 Calculating distances from scenario coordinates
✅ Using calculated distances from topology coordinates
Distance matrix saved for both networks
Created smooth electricity prices for BIG1:
Created smooth electricity prices for BIG2:
Created smooth electricity prices for SMALL1:
Created smooth electricity prices for SMALL2:
Created smooth electricity prices for SMALL3:
Created smooth electricity prices for SMALL4:
Created smooth electricity prices for STORAGE:
[SUCCESS] Model created: t003_parallel_run_0008
[CREATE] Creating model: t003_parallel_run_0011
      Node       lon        lat  alt
0     BIG1  0.836099  51.924400    0
1     BIG2  8.119301  51.924400    0
2   SMALL1  7.682309  51.026089    0
3   SMALL2  4.769028  51.026089    0
4   SMALL3  7.682309  52.822711    0
5   SMALL4  4.769028  52.822711    0
6  STORAGE  6.496768  51.071748    0
New network
Max size per arc:          BIG1  BIG2  SMALL1  SMALL2  SMALL3  SMALL4  STORAGE
BIG1        0  1000    1000    1000    1000    1000     1000
BIG2     1000     0    1000    1000    1000    1000     1000
SMALL1   1000  1000       0    1000    1000    1000     1000
SMALL2   1000  1000    1000       0    1000    1000     1000
SMALL3   1000  1000    1000    1000       0    1000     1000
SMALL4   1000  1000    1000    1000    1000       0     1000
STORAGE  1000  1000    1000    1000    1000    1000        0
Connection:          BIG1  BIG2  SMALL1  SMALL2  SMALL3  SMALL4  STORAGE
BIG1        0     1       1       1       1       1        1
BIG2        1     0       1       1       1       1        1
SMALL1      1     1       0       1       1       1        1
SMALL2      1     1       1       0       1       1        1
SMALL3      1     1       1       1       0       1        1
SMALL4      1     1       1       1       1       0        1
STORAGE     1     1       1       1       1       1        0
📍 Calculating distances from scenario coordinates
✅ Using calculated distances from topology coordinates
Distance matrix saved for both networks
Created smooth electricity prices for BIG1:
Created smooth electricity prices for BIG2:
Created smooth electricity prices for SMALL1:
Created smooth electricity prices for SMALL2:
Created smooth electricity prices for SMALL3:
Created smooth electricity prices for SMALL4:
Created smooth electricity prices for STORAGE:
[SUCCESS] Model created: t003_parallel_run_0011
Model creation progress: 1/12 completed
Model creation progress: 2/12 completed
Model creation progress: 3/12 completed
Model creation progress: 4/12 completed
Model creation progress: 5/12 completed
Model creation progress: 6/12 completed
Model creation progress: 7/12 completed
Model creation progress: 8/12 completed
Model creation progress: 9/12 completed
Model creation progress: 10/12 completed
Model creation progress: 11/12 completed
Model creation progress: 12/12 completed

[COMPLETE] Model creation complete: 12 models ready to solve
   Creation time: 27.3s (0.5 min)

================================================================================
PHASE 2: Solving 12 models in PARALLEL
Using 'spawn' context for clean Gurobi environment per worker
================================================================================

[SOLVING] t003_parallel_run_0003
Set parameter WLSAccessID
[SOLVING] t003_parallel_run_0001
Set parameter WLSAccessID
Set parameter WLSSecret
Set parameter WLSSecret
Set parameter LicenseID to value 2729390
Set parameter LicenseID to value 2729390
[SOLVING] t003_parallel_run_0004
Set parameter WLSAccessID
Set parameter WLSSecret
Set parameter LicenseID to value 2729390
[SOLVING] t003_parallel_run_0002
Set parameter WLSAccessID
Set parameter WLSSecret
Set parameter LicenseID to value 2729390
Academic license 2729390 - for non-commercial use only - registered to m.___@uu.nl
Set parameter Threads to value 12
Academic license 2729390 - for non-commercial use only - registered to m.___@uu.nl
Set parameter Threads to value 12
Academic license 2729390 - for non-commercial use only - registered to m.___@uu.nl
Set parameter Threads to value 12
Academic license 2729390 - for non-commercial use only - registered to m.___@uu.nl
Set parameter Threads to value 12
  [CONFIG] Gurobi default env configured: 12 threads per worker
--- Reading in data ---
Input data folder has been checked successfully - no errors occurred.
--- Reading in data complete ---
--- Constructing Model ---
Constructing Investment Period period1
Constructing Investment Period period1 completed
	 - Constructing Network hydrogenPipelineOnshore_lowP
			gdp.bigm Transformation...
			gdp.bigm Transformation completed in 0 s
		 - Constructing Arc BIG1 - BIG2 completed
			gdp.bigm Transformation...
			gdp.bigm Transformation completed in 0 s
		 - Constructing Arc BIG1 - SMALL1 completed
			gdp.bigm Transformation...
			gdp.bigm Transformation completed in 0 s
		 - Constructing Arc BIG1 - SMALL2 completed
			gdp.bigm Transformation...
			gdp.bigm Transformation completed in 0 s
		 - Constructing Arc BIG1 - SMALL3 completed
			gdp.bigm Transformation...
			gdp.bigm Transformation completed in 0 s
		 - Constructing Arc BIG1 - SMALL4 completed
			gdp.bigm Transformation...
			gdp.bigm Transformation completed in 0 s
		 - Constructing Arc BIG1 - STORAGE completed
			gdp.bigm Transformation...
			gdp.bigm Transformation completed in 0 s
		 - Constructing Arc BIG2 - BIG1 completed
			gdp.bigm Transformation...
			gdp.bigm Transformation completed in 0 s
		 - Constructing Arc BIG2 - SMALL1 completed
			gdp.bigm Transformation...
			gdp.bigm Transformation completed in 0 s
		 - Constructing Arc BIG2 - SMALL2 completed
			gdp.bigm Transformation...
			gdp.bigm Transformation completed in 0 s
		 - Constructing Arc BIG2 - SMALL3 completed
			gdp.bigm Transformation...
			gdp.bigm Transformation completed in 0 s
		 - Constructing Arc BIG2 - SMALL4 completed
			gdp.bigm Transformation...
			gdp.bigm Transformation completed in 0 s
		 - Constructing Arc BIG2 - STORAGE completed
			gdp.bigm Transformation...
			gdp.bigm Transformation completed in 0 s
		 - Constructing Arc SMALL1 - BIG1 completed
			gdp.bigm Transformation...
			gdp.bigm Transformation completed in 0 s
		 - Constructing Arc SMALL1 - BIG2 completed
			gdp.bigm Transformation...
			gdp.bigm Transformation completed in 0 s
		 - Constructing Arc SMALL1 - SMALL2 completed
			gdp.bigm Transformation...
			gdp.bigm Transformation completed in 0 s
		 - Constructing Arc SMALL1 - SMALL3 completed
			gdp.bigm Transformation...
			gdp.bigm Transformation completed in 0 s
		 - Constructing Arc SMALL1 - SMALL4 completed
			gdp.bigm Transformation...
			gdp.bigm Transformation completed in 0 s
		 - Constructing Arc SMALL1 - STORAGE completed
			gdp.bigm Transformation...
			gdp.bigm Transformation completed in 0 s
		 - Constructing Arc SMALL2 - BIG1 completed
			gdp.bigm Transformation...
			gdp.bigm Transformation completed in 0 s
		 - Constructing Arc SMALL2 - BIG2 completed
			gdp.bigm Transformation...
			gdp.bigm Transformation completed in 0 s
		 - Constructing Arc SMALL2 - SMALL1 completed
			gdp.bigm Transformation...
			gdp.bigm Transformation completed in 0 s
		 - Constructing Arc SMALL2 - SMALL3 completed
			gdp.bigm Transformation...
			gdp.bigm Transformation completed in 0 s
		 - Constructing Arc SMALL2 - SMALL4 completed
			gdp.bigm Transformation...
			gdp.bigm Transformation completed in 0 s
		 - Constructing Arc SMALL2 - STORAGE completed
			gdp.bigm Transformation...
			gdp.bigm Transformation completed in 0 s
		 - Constructing Arc SMALL3 - BIG1 completed
			gdp.bigm Transformation...
			gdp.bigm Transformation completed in 0 s
		 - Constructing Arc SMALL3 - BIG2 completed
			gdp.bigm Transformation...
			gdp.bigm Transformation completed in 0 s
		 - Constructing Arc SMALL3 - SMALL1 completed
			gdp.bigm Transformation...
			gdp.bigm Transformation completed in 0 s
		 - Constructing Arc SMALL3 - SMALL2 completed
			gdp.bigm Transformation...
			gdp.bigm Transformation completed in 0 s
		 - Constructing Arc SMALL3 - SMALL4 completed
			gdp.bigm Transformation...
			gdp.bigm Transformation completed in 0 s
		 - Constructing Arc SMALL3 - STORAGE completed
			gdp.bigm Transformation...
			gdp.bigm Transformation completed in 0 s
		 - Constructing Arc SMALL4 - BIG1 completed
			gdp.bigm Transformation...
			gdp.bigm Transformation completed in 0 s
		 - Constructing Arc SMALL4 - BIG2 completed
			gdp.bigm Transformation...
			gdp.bigm Transformation completed in 0 s
		 - Constructing Arc SMALL4 - SMALL1 completed
			gdp.bigm Transformation...
			gdp.bigm Transformation completed in 0 s
		 - Constructing Arc SMALL4 - SMALL2 completed
			gdp.bigm Transformation...
			gdp.bigm Transformation completed in 0 s
		 - Constructing Arc SMALL4 - SMALL3 completed
			gdp.bigm Transformation...
			gdp.bigm Transformation completed in 0 s
		 - Constructing Arc SMALL4 - STORAGE completed
			gdp.bigm Transformation...
			gdp.bigm Transformation completed in 0 s
		 - Constructing Arc STORAGE - BIG1 completed
			gdp.bigm Transformation...
			gdp.bigm Transformation completed in 0 s
		 - Constructing Arc STORAGE - BIG2 completed
			gdp.bigm Transformation...
			gdp.bigm Transformation completed in 0 s
		 - Constructing Arc STORAGE - SMALL1 completed
			gdp.bigm Transformation...
			gdp.bigm Transformation completed in 0 s
		 - Constructing Arc STORAGE - SMALL2 completed
			gdp.bigm Transformation...
			gdp.bigm Transformation completed in 0 s
		 - Constructing Arc STORAGE - SMALL3 completed
			gdp.bigm Transformation...
			gdp.bigm Transformation completed in 0 s
		 - Constructing Arc STORAGE - SMALL4 completed
	 - Constructing Network hydrogenPipelineOnshore_lowP completed
			gdp.bigm Transformation...
			gdp.bigm Transformation completed in 77 s
	 - Constructing Network hydrogenPipelineOnshore_highP
			gdp.bigm Transformation...
			gdp.bigm Transformation completed in 0 s
		 - Constructing Arc BIG1 - BIG2 completed
			gdp.bigm Transformation...
			gdp.bigm Transformation completed in 0 s
		 - Constructing Arc BIG1 - SMALL1 completed
			gdp.bigm Transformation...
			gdp.bigm Transformation completed in 0 s
		 - Constructing Arc BIG1 - SMALL2 completed
			gdp.bigm Transformation...
			gdp.bigm Transformation completed in 0 s
		 - Constructing Arc BIG1 - SMALL3 completed
			gdp.bigm Transformation...
			gdp.bigm Transformation completed in 0 s
		 - Constructing Arc BIG1 - SMALL4 completed
			gdp.bigm Transformation...
			gdp.bigm Transformation completed in 0 s
		 - Constructing Arc BIG1 - STORAGE completed
			gdp.bigm Transformation...
			gdp.bigm Transformation completed in 0 s
		 - Constructing Arc BIG2 - BIG1 completed
			gdp.bigm Transformation...
			gdp.bigm Transformation completed in 0 s
		 - Constructing Arc BIG2 - SMALL1 completed
			gdp.bigm Transformation...
			gdp.bigm Transformation completed in 0 s
		 - Constructing Arc BIG2 - SMALL2 completed
			gdp.bigm Transformation...
			gdp.bigm Transformation completed in 0 s
		 - Constructing Arc BIG2 - SMALL3 completed
			gdp.bigm Transformation...
			gdp.bigm Transformation completed in 0 s
		 - Constructing Arc BIG2 - SMALL4 completed
			gdp.bigm Transformation...
			gdp.bigm Transformation completed in 0 s
		 - Constructing Arc BIG2 - STORAGE completed
			gdp.bigm Transformation...
			gdp.bigm Transformation completed in 0 s
		 - Constructing Arc SMALL1 - BIG1 completed
			gdp.bigm Transformation...
			gdp.bigm Transformation completed in 0 s
		 - Constructing Arc SMALL1 - BIG2 completed
			gdp.bigm Transformation...
			gdp.bigm Transformation completed in 0 s
		 - Constructing Arc SMALL1 - SMALL2 completed
			gdp.bigm Transformation...
			gdp.bigm Transformation completed in 0 s
		 - Constructing Arc SMALL1 - SMALL3 completed
			gdp.bigm Transformation...
			gdp.bigm Transformation completed in 0 s
		 - Constructing Arc SMALL1 - SMALL4 completed
			gdp.bigm Transformation...
			gdp.bigm Transformation completed in 0 s
		 - Constructing Arc SMALL1 - STORAGE completed
			gdp.bigm Transformation...
			gdp.bigm Transformation completed in 0 s
		 - Constructing Arc SMALL2 - BIG1 completed
			gdp.bigm Transformation...
			gdp.bigm Transformation completed in 0 s
		 - Constructing Arc SMALL2 - BIG2 completed
			gdp.bigm Transformation...
			gdp.bigm Transformation completed in 0 s
		 - Constructing Arc SMALL2 - SMALL1 completed
			gdp.bigm Transformation...
			gdp.bigm Transformation completed in 0 s
		 - Constructing Arc SMALL2 - SMALL3 completed
			gdp.bigm Transformation...
			gdp.bigm Transformation completed in 0 s
		 - Constructing Arc SMALL2 - SMALL4 completed
			gdp.bigm Transformation...
			gdp.bigm Transformation completed in 0 s
		 - Constructing Arc SMALL2 - STORAGE completed
			gdp.bigm Transformation...
			gdp.bigm Transformation completed in 0 s
		 - Constructing Arc SMALL3 - BIG1 completed
			gdp.bigm Transformation...
			gdp.bigm Transformation completed in 0 s
		 - Constructing Arc SMALL3 - BIG2 completed
			gdp.bigm Transformation...
			gdp.bigm Transformation completed in 0 s
		 - Constructing Arc SMALL3 - SMALL1 completed
			gdp.bigm Transformation...
			gdp.bigm Transformation completed in 0 s
		 - Constructing Arc SMALL3 - SMALL2 completed
			gdp.bigm Transformation...
			gdp.bigm Transformation completed in 0 s
		 - Constructing Arc SMALL3 - SMALL4 completed
			gdp.bigm Transformation...
			gdp.bigm Transformation completed in 0 s
		 - Constructing Arc SMALL3 - STORAGE completed
			gdp.bigm Transformation...
			gdp.bigm Transformation completed in 0 s
		 - Constructing Arc SMALL4 - BIG1 completed
			gdp.bigm Transformation...
			gdp.bigm Transformation completed in 0 s
		 - Constructing Arc SMALL4 - BIG2 completed
			gdp.bigm Transformation...
			gdp.bigm Transformation completed in 0 s
		 - Constructing Arc SMALL4 - SMALL1 completed
			gdp.bigm Transformation...
			gdp.bigm Transformation completed in 0 s
		 - Constructing Arc SMALL4 - SMALL2 completed
			gdp.bigm Transformation...
			gdp.bigm Transformation completed in 0 s
		 - Constructing Arc SMALL4 - SMALL3 completed
			gdp.bigm Transformation...
			gdp.bigm Transformation completed in 0 s
		 - Constructing Arc SMALL4 - STORAGE completed
			gdp.bigm Transformation...
			gdp.bigm Transformation completed in 0 s
		 - Constructing Arc STORAGE - BIG1 completed
			gdp.bigm Transformation...
			gdp.bigm Transformation completed in 0 s
		 - Constructing Arc STORAGE - BIG2 completed
			gdp.bigm Transformation...
			gdp.bigm Transformation completed in 0 s
		 - Constructing Arc STORAGE - SMALL1 completed
			gdp.bigm Transformation...
			gdp.bigm Transformation completed in 0 s
		 - Constructing Arc STORAGE - SMALL2 completed
			gdp.bigm Transformation...
			gdp.bigm Transformation completed in 0 s
		 - Constructing Arc STORAGE - SMALL3 completed
			gdp.bigm Transformation...
			gdp.bigm Transformation completed in 0 s
		 - Constructing Arc STORAGE - SMALL4 completed
	 - Constructing Network hydrogenPipelineOnshore_highP completed
			gdp.bigm Transformation...
			gdp.bigm Transformation completed in 77 s
	 - Adding Technology Electrolyzer_big
			gdp.bigm Transformation...
			gdp.bigm Transformation completed in 0 s
	 - Adding Technology Storage_H2_highP
			gdp.bigm Transformation...
			gdp.bigm Transformation completed in 4 s
	 - Adding Compressor hydrogen_Compressor_hydrogenPipelineOnshore_lowP_hydrogenPipelineOnshore_lowP
	 - Adding Compressor hydrogen_Compressor_hydrogenPipelineOnshore_lowP_hydrogenPipelineOnshore_highP
	 - Adding Compressor hydrogen_Compressor_hydrogenPipelineOnshore_lowP_Storage_H2_highP
	 - Adding Compressor hydrogen_Compressor_hydrogenPipelineOnshore_lowP_Demand
	 - Adding Compressor hydrogen_Compressor_hydrogenPipelineOnshore_highP_hydrogenPipelineOnshore_lowP
	 - Adding Compressor hydrogen_Compressor_hydrogenPipelineOnshore_highP_hydrogenPipelineOnshore_highP
	 - Adding Compressor hydrogen_Compressor_hydrogenPipelineOnshore_highP_Storage_H2_highP
	 - Adding Compressor hydrogen_Compressor_hydrogenPipelineOnshore_highP_Demand
	 - Adding Compressor hydrogen_Compressor_Electrolyzer_big_hydrogenPipelineOnshore_lowP
	 - Adding Compressor hydrogen_Compressor_Electrolyzer_big_hydrogenPipelineOnshore_highP
	 - Adding Compressor hydrogen_Compressor_Electrolyzer_big_Storage_H2_highP
	 - Adding Compressor hydrogen_Compressor_Electrolyzer_big_Demand
	 - Adding Compressor hydrogen_Compressor_Storage_H2_highP_hydrogenPipelineOnshore_lowP
	 - Adding Compressor hydrogen_Compressor_Storage_H2_highP_hydrogenPipelineOnshore_highP
	 - Adding Compressor hydrogen_Compressor_Storage_H2_highP_Storage_H2_highP
	 - Adding Compressor hydrogen_Compressor_Storage_H2_highP_Demand
	 - Adding Compressor hydrogen_Compressor_Import_hydrogenPipelineOnshore_lowP
	 - Adding Compressor hydrogen_Compressor_Import_hydrogenPipelineOnshore_highP
	 - Adding Compressor hydrogen_Compressor_Import_Storage_H2_highP
	 - Adding Compressor hydrogen_Compressor_Import_Demand_existing
	 - Adding Technology Electrolyzer_big
			gdp.bigm Transformation...
			gdp.bigm Transformation completed in 0 s
	 - Adding Technology Storage_H2_highP
			gdp.bigm Transformation...
			gdp.bigm Transformation completed in 4 s
	 - Adding Compressor hydrogen_Compressor_hydrogenPipelineOnshore_lowP_hydrogenPipelineOnshore_lowP
	 - Adding Compressor hydrogen_Compressor_hydrogenPipelineOnshore_lowP_hydrogenPipelineOnshore_highP
	 - Adding Compressor hydrogen_Compressor_hydrogenPipelineOnshore_lowP_Storage_H2_highP
	 - Adding Compressor hydrogen_Compressor_hydrogenPipelineOnshore_lowP_Demand
	 - Adding Compressor hydrogen_Compressor_hydrogenPipelineOnshore_highP_hydrogenPipelineOnshore_lowP
	 - Adding Compressor hydrogen_Compressor_hydrogenPipelineOnshore_highP_hydrogenPipelineOnshore_highP
	 - Adding Compressor hydrogen_Compressor_hydrogenPipelineOnshore_highP_Storage_H2_highP
	 - Adding Compressor hydrogen_Compressor_hydrogenPipelineOnshore_highP_Demand
	 - Adding Compressor hydrogen_Compressor_Electrolyzer_big_hydrogenPipelineOnshore_lowP
	 - Adding Compressor hydrogen_Compressor_Electrolyzer_big_hydrogenPipelineOnshore_highP
	 - Adding Compressor hydrogen_Compressor_Electrolyzer_big_Storage_H2_highP
	 - Adding Compressor hydrogen_Compressor_Electrolyzer_big_Demand
	 - Adding Compressor hydrogen_Compressor_Storage_H2_highP_hydrogenPipelineOnshore_lowP
	 - Adding Compressor hydrogen_Compressor_Storage_H2_highP_hydrogenPipelineOnshore_highP
	 - Adding Compressor hydrogen_Compressor_Storage_H2_highP_Storage_H2_highP
	 - Adding Compressor hydrogen_Compressor_Storage_H2_highP_Demand
	 - Adding Compressor hydrogen_Compressor_Import_hydrogenPipelineOnshore_lowP
	 - Adding Compressor hydrogen_Compressor_Import_hydrogenPipelineOnshore_highP
	 - Adding Compressor hydrogen_Compressor_Import_Storage_H2_highP
	 - Adding Compressor hydrogen_Compressor_Import_Demand_existing
	 - Adding Technology Electrolyzer_small
	 - Adding Technology Storage_H2_lowP
			gdp.bigm Transformation...
			gdp.bigm Transformation completed in 4 s
	 - Adding Compressor hydrogen_Compressor_hydrogenPipelineOnshore_lowP_hydrogenPipelineOnshore_lowP
	 - Adding Compressor hydrogen_Compressor_hydrogenPipelineOnshore_lowP_hydrogenPipelineOnshore_highP
	 - Adding Compressor hydrogen_Compressor_hydrogenPipelineOnshore_lowP_Storage_H2_lowP
	 - Adding Compressor hydrogen_Compressor_hydrogenPipelineOnshore_lowP_Demand
	 - Adding Compressor hydrogen_Compressor_hydrogenPipelineOnshore_highP_hydrogenPipelineOnshore_lowP
	 - Adding Compressor hydrogen_Compressor_hydrogenPipelineOnshore_highP_hydrogenPipelineOnshore_highP
	 - Adding Compressor hydrogen_Compressor_hydrogenPipelineOnshore_highP_Storage_H2_lowP
	 - Adding Compressor hydrogen_Compressor_hydrogenPipelineOnshore_highP_Demand
	 - Adding Compressor hydrogen_Compressor_Electrolyzer_small_hydrogenPipelineOnshore_lowP
	 - Adding Compressor hydrogen_Compressor_Electrolyzer_small_hydrogenPipelineOnshore_highP
	 - Adding Compressor hydrogen_Compressor_Electrolyzer_small_Storage_H2_lowP
	 - Adding Compressor hydrogen_Compressor_Electrolyzer_small_Demand
	 - Adding Compressor hydrogen_Compressor_Storage_H2_lowP_hydrogenPipelineOnshore_lowP
	 - Adding Compressor hydrogen_Compressor_Storage_H2_lowP_hydrogenPipelineOnshore_highP
	 - Adding Compressor hydrogen_Compressor_Storage_H2_lowP_Storage_H2_lowP
	 - Adding Compressor hydrogen_Compressor_Storage_H2_lowP_Demand
	 - Adding Technology Electrolyzer_small
	 - Adding Technology Storage_H2_lowP
			gdp.bigm Transformation...
			gdp.bigm Transformation completed in 4 s
	 - Adding Compressor hydrogen_Compressor_hydrogenPipelineOnshore_lowP_hydrogenPipelineOnshore_lowP
	 - Adding Compressor hydrogen_Compressor_hydrogenPipelineOnshore_lowP_hydrogenPipelineOnshore_highP
	 - Adding Compressor hydrogen_Compressor_hydrogenPipelineOnshore_lowP_Storage_H2_lowP
	 - Adding Compressor hydrogen_Compressor_hydrogenPipelineOnshore_lowP_Demand
	 - Adding Compressor hydrogen_Compressor_hydrogenPipelineOnshore_highP_hydrogenPipelineOnshore_lowP
	 - Adding Compressor hydrogen_Compressor_hydrogenPipelineOnshore_highP_hydrogenPipelineOnshore_highP
	 - Adding Compressor hydrogen_Compressor_hydrogenPipelineOnshore_highP_Storage_H2_lowP
	 - Adding Compressor hydrogen_Compressor_hydrogenPipelineOnshore_highP_Demand
	 - Adding Compressor hydrogen_Compressor_Electrolyzer_small_hydrogenPipelineOnshore_lowP
	 - Adding Compressor hydrogen_Compressor_Electrolyzer_small_hydrogenPipelineOnshore_highP
	 - Adding Compressor hydrogen_Compressor_Electrolyzer_small_Storage_H2_lowP
	 - Adding Compressor hydrogen_Compressor_Electrolyzer_small_Demand
	 - Adding Compressor hydrogen_Compressor_Storage_H2_lowP_hydrogenPipelineOnshore_lowP
	 - Adding Compressor hydrogen_Compressor_Storage_H2_lowP_hydrogenPipelineOnshore_highP
	 - Adding Compressor hydrogen_Compressor_Storage_H2_lowP_Storage_H2_lowP
	 - Adding Compressor hydrogen_Compressor_Storage_H2_lowP_Demand
	 - Adding Technology Electrolyzer_small
	 - Adding Technology Storage_H2_lowP
			gdp.bigm Transformation...
			gdp.bigm Transformation completed in 4 s
	 - Adding Compressor hydrogen_Compressor_hydrogenPipelineOnshore_lowP_hydrogenPipelineOnshore_lowP
	 - Adding Compressor hydrogen_Compressor_hydrogenPipelineOnshore_lowP_hydrogenPipelineOnshore_highP
	 - Adding Compressor hydrogen_Compressor_hydrogenPipelineOnshore_lowP_Storage_H2_lowP
	 - Adding Compressor hydrogen_Compressor_hydrogenPipelineOnshore_lowP_Demand
	 - Adding Compressor hydrogen_Compressor_hydrogenPipelineOnshore_highP_hydrogenPipelineOnshore_lowP
	 - Adding Compressor hydrogen_Compressor_hydrogenPipelineOnshore_highP_hydrogenPipelineOnshore_highP
	 - Adding Compressor hydrogen_Compressor_hydrogenPipelineOnshore_highP_Storage_H2_lowP
	 - Adding Compressor hydrogen_Compressor_hydrogenPipelineOnshore_highP_Demand
	 - Adding Compressor hydrogen_Compressor_Electrolyzer_small_hydrogenPipelineOnshore_lowP
	 - Adding Compressor hydrogen_Compressor_Electrolyzer_small_hydrogenPipelineOnshore_highP
	 - Adding Compressor hydrogen_Compressor_Electrolyzer_small_Storage_H2_lowP
	 - Adding Compressor hydrogen_Compressor_Electrolyzer_small_Demand
	 - Adding Compressor hydrogen_Compressor_Storage_H2_lowP_hydrogenPipelineOnshore_lowP
	 - Adding Compressor hydrogen_Compressor_Storage_H2_lowP_hydrogenPipelineOnshore_highP
	 - Adding Compressor hydrogen_Compressor_Storage_H2_lowP_Storage_H2_lowP
	 - Adding Compressor hydrogen_Compressor_Storage_H2_lowP_Demand
	 - Adding Technology Electrolyzer_small
	 - Adding Technology Storage_H2_lowP
			gdp.bigm Transformation...
			gdp.bigm Transformation completed in 4 s
	 - Adding Compressor hydrogen_Compressor_hydrogenPipelineOnshore_lowP_hydrogenPipelineOnshore_lowP
	 - Adding Compressor hydrogen_Compressor_hydrogenPipelineOnshore_lowP_hydrogenPipelineOnshore_highP
	 - Adding Compressor hydrogen_Compressor_hydrogenPipelineOnshore_lowP_Storage_H2_lowP
	 - Adding Compressor hydrogen_Compressor_hydrogenPipelineOnshore_lowP_Demand
	 - Adding Compressor hydrogen_Compressor_hydrogenPipelineOnshore_highP_hydrogenPipelineOnshore_lowP
	 - Adding Compressor hydrogen_Compressor_hydrogenPipelineOnshore_highP_hydrogenPipelineOnshore_highP
	 - Adding Compressor hydrogen_Compressor_hydrogenPipelineOnshore_highP_Storage_H2_lowP
	 - Adding Compressor hydrogen_Compressor_hydrogenPipelineOnshore_highP_Demand
	 - Adding Compressor hydrogen_Compressor_Electrolyzer_small_hydrogenPipelineOnshore_lowP
	 - Adding Compressor hydrogen_Compressor_Electrolyzer_small_hydrogenPipelineOnshore_highP
	 - Adding Compressor hydrogen_Compressor_Electrolyzer_small_Storage_H2_lowP
	 - Adding Compressor hydrogen_Compressor_Electrolyzer_small_Demand
	 - Adding Compressor hydrogen_Compressor_Storage_H2_lowP_hydrogenPipelineOnshore_lowP
	 - Adding Compressor hydrogen_Compressor_Storage_H2_lowP_hydrogenPipelineOnshore_highP
	 - Adding Compressor hydrogen_Compressor_Storage_H2_lowP_Storage_H2_lowP
	 - Adding Compressor hydrogen_Compressor_Storage_H2_lowP_Demand
	 - Adding Technology Storage_H2_Cavern_existing
			gdp.bigm Transformation...
			gdp.bigm Transformation completed in 4 s
	 - Adding Compressor hydrogen_Compressor_hydrogenPipelineOnshore_lowP_hydrogenPipelineOnshore_lowP
	 - Adding Compressor hydrogen_Compressor_hydrogenPipelineOnshore_lowP_hydrogenPipelineOnshore_highP
	 - Adding Compressor hydrogen_Compressor_hydrogenPipelineOnshore_lowP_Storage_H2_Cavern_existing
	 - Adding Compressor hydrogen_Compressor_hydrogenPipelineOnshore_highP_hydrogenPipelineOnshore_lowP
	 - Adding Compressor hydrogen_Compressor_hydrogenPipelineOnshore_highP_hydrogenPipelineOnshore_highP
	 - Adding Compressor hydrogen_Compressor_hydrogenPipelineOnshore_highP_Storage_H2_Cavern_existing
	 - Adding Compressor hydrogen_Compressor_Storage_H2_Cavern_existing_hydrogenPipelineOnshore_lowP
	 - Adding Compressor hydrogen_Compressor_Storage_H2_Cavern_existing_hydrogenPipelineOnshore_highP
	 - Adding Compressor hydrogen_Compressor_Storage_H2_Cavern_existing_Storage_H2_Cavern_existing_existing
Constructing model completed in 436s
Constructing balances...
Constructing balances completed in 17s
Set objective on infrastructure due to willingness to pay
Set parameter OutputFlag to value 1
Set parameter LogFile to value "/gpfs/home3/scur1696/AdOpT-NET0-RegToNation/generic_node_optimization/results/parallel_creation_test_20251124_002357/task_003/t003_parallel_run_0004/userData/20251124003201-1/solver_log.txt"
Solver log file: /gpfs/home3/scur1696/AdOpT-NET0-RegToNation/generic_node_optimization/results/parallel_creation_test_20251124_002357/task_003/t003_parallel_run_0004/userData/20251124003201-1/solver_log.txt
Set parameter TimeLimit to value 180000
Set parameter MIPGap to value 0.01
Set parameter MIPFocus to value 0
Set parameter Threads to value 12
Set parameter NodefileStart to value 60
Set parameter Method to value -1
Set parameter Heuristics to value 0.05
Set parameter Presolve to value 1
Set parameter BranchDir to value 0
Set parameter LPWarmStart to value 0
Set parameter IntFeasTol to value 1e-05
Set parameter FeasibilityTol to value 1e-06
Set parameter Cuts to value -1
Set parameter NumericFocus to value 0
Gurobi Optimizer version 13.0.0 build v13.0.0rc1 (linux64 - "Red Hat Enterprise Linux 9.4 (Plow)")

CPU model: AMD EPYC 9654 96-Core Processor, instruction set [SSE2|AVX|AVX2|AVX512]
Thread count: 192 physical cores, 192 logical processors, using up to 12 threads

Non-default parameters:
TimeLimit  180000
MIPGap  0.01
LPWarmStart  0
NodefileStart  60
Presolve  1
Threads  12

Academic license 2729390 - for non-commercial use only - registered to m.___@uu.nl
Optimize a model with 9050179 rows, 6728544 columns and 21385595 nonzeros (Min)
Model fingerprint: 0x69c69fa4
Model has 1 linear objective coefficients
Variable types: 5869892 continuous, 858652 integer (858652 binary)
Coefficient statistics:
  Matrix range     [2e-03, 2e+08]
  Objective range  [1e+00, 1e+00]
  Bounds range     [5e-02, 6e+08]
  RHS range        [1e+00, 8e+09]
Warning: Model contains large matrix coefficients
Warning: Model contains large rhs
         Consider reformulating model or setting NumericFocus parameter
         to avoid numerical issues.
  [CONFIG] Gurobi default env configured: 12 threads per worker
--- Reading in data ---
Input data folder has been checked successfully - no errors occurred.
--- Reading in data complete ---
--- Constructing Model ---
Constructing Investment Period period1
Constructing Investment Period period1 completed
	 - Constructing Network hydrogenPipelineOnshore_lowP
			gdp.bigm Transformation...
			gdp.bigm Transformation completed in 0 s
		 - Constructing Arc BIG1 - BIG2 completed
			gdp.bigm Transformation...
			gdp.bigm Transformation completed in 0 s
		 - Constructing Arc BIG1 - SMALL1 completed
			gdp.bigm Transformation...
			gdp.bigm Transformation completed in 0 s
		 - Constructing Arc BIG1 - SMALL2 completed
			gdp.bigm Transformation...
			gdp.bigm Transformation completed in 0 s
		 - Constructing Arc BIG1 - SMALL3 completed
			gdp.bigm Transformation...
			gdp.bigm Transformation completed in 0 s
		 - Constructing Arc BIG1 - SMALL4 completed
			gdp.bigm Transformation...
			gdp.bigm Transformation completed in 0 s
		 - Constructing Arc BIG1 - STORAGE completed
			gdp.bigm Transformation...
			gdp.bigm Transformation completed in 0 s
		 - Constructing Arc BIG2 - BIG1 completed
			gdp.bigm Transformation...
			gdp.bigm Transformation completed in 0 s
		 - Constructing Arc BIG2 - SMALL1 completed
			gdp.bigm Transformation...
			gdp.bigm Transformation completed in 0 s
		 - Constructing Arc BIG2 - SMALL2 completed
			gdp.bigm Transformation...
			gdp.bigm Transformation completed in 0 s
		 - Constructing Arc BIG2 - SMALL3 completed
			gdp.bigm Transformation...
			gdp.bigm Transformation completed in 0 s
		 - Constructing Arc BIG2 - SMALL4 completed
			gdp.bigm Transformation...
			gdp.bigm Transformation completed in 0 s
		 - Constructing Arc BIG2 - STORAGE completed
			gdp.bigm Transformation...
			gdp.bigm Transformation completed in 0 s
		 - Constructing Arc SMALL1 - BIG1 completed
			gdp.bigm Transformation...
			gdp.bigm Transformation completed in 0 s
		 - Constructing Arc SMALL1 - BIG2 completed
			gdp.bigm Transformation...
			gdp.bigm Transformation completed in 0 s
		 - Constructing Arc SMALL1 - SMALL2 completed
			gdp.bigm Transformation...
			gdp.bigm Transformation completed in 0 s
		 - Constructing Arc SMALL1 - SMALL3 completed
			gdp.bigm Transformation...
			gdp.bigm Transformation completed in 0 s
		 - Constructing Arc SMALL1 - SMALL4 completed
			gdp.bigm Transformation...
			gdp.bigm Transformation completed in 0 s
		 - Constructing Arc SMALL1 - STORAGE completed
			gdp.bigm Transformation...
			gdp.bigm Transformation completed in 0 s
		 - Constructing Arc SMALL2 - BIG1 completed
			gdp.bigm Transformation...
			gdp.bigm Transformation completed in 0 s
		 - Constructing Arc SMALL2 - BIG2 completed
			gdp.bigm Transformation...
			gdp.bigm Transformation completed in 0 s
		 - Constructing Arc SMALL2 - SMALL1 completed
			gdp.bigm Transformation...
			gdp.bigm Transformation completed in 0 s
		 - Constructing Arc SMALL2 - SMALL3 completed
			gdp.bigm Transformation...
			gdp.bigm Transformation completed in 0 s
		 - Constructing Arc SMALL2 - SMALL4 completed
			gdp.bigm Transformation...
			gdp.bigm Transformation completed in 0 s
		 - Constructing Arc SMALL2 - STORAGE completed
			gdp.bigm Transformation...
			gdp.bigm Transformation completed in 0 s
		 - Constructing Arc SMALL3 - BIG1 completed
			gdp.bigm Transformation...
			gdp.bigm Transformation completed in 0 s
		 - Constructing Arc SMALL3 - BIG2 completed
			gdp.bigm Transformation...
			gdp.bigm Transformation completed in 0 s
		 - Constructing Arc SMALL3 - SMALL1 completed
			gdp.bigm Transformation...
			gdp.bigm Transformation completed in 0 s
		 - Constructing Arc SMALL3 - SMALL2 completed
			gdp.bigm Transformation...
			gdp.bigm Transformation completed in 0 s
		 - Constructing Arc SMALL3 - SMALL4 completed
			gdp.bigm Transformation...
			gdp.bigm Transformation completed in 0 s
		 - Constructing Arc SMALL3 - STORAGE completed
			gdp.bigm Transformation...
			gdp.bigm Transformation completed in 0 s
		 - Constructing Arc SMALL4 - BIG1 completed
			gdp.bigm Transformation...
			gdp.bigm Transformation completed in 0 s
		 - Constructing Arc SMALL4 - BIG2 completed
			gdp.bigm Transformation...
			gdp.bigm Transformation completed in 0 s
		 - Constructing Arc SMALL4 - SMALL1 completed
			gdp.bigm Transformation...
			gdp.bigm Transformation completed in 0 s
		 - Constructing Arc SMALL4 - SMALL2 completed
			gdp.bigm Transformation...
			gdp.bigm Transformation completed in 0 s
		 - Constructing Arc SMALL4 - SMALL3 completed
			gdp.bigm Transformation...
			gdp.bigm Transformation completed in 0 s
		 - Constructing Arc SMALL4 - STORAGE completed
			gdp.bigm Transformation...
			gdp.bigm Transformation completed in 0 s
		 - Constructing Arc STORAGE - BIG1 completed
			gdp.bigm Transformation...
			gdp.bigm Transformation completed in 0 s
		 - Constructing Arc STORAGE - BIG2 completed
			gdp.bigm Transformation...
			gdp.bigm Transformation completed in 0 s
		 - Constructing Arc STORAGE - SMALL1 completed
			gdp.bigm Transformation...
			gdp.bigm Transformation completed in 0 s
		 - Constructing Arc STORAGE - SMALL2 completed
			gdp.bigm Transformation...
			gdp.bigm Transformation completed in 0 s
		 - Constructing Arc STORAGE - SMALL3 completed
			gdp.bigm Transformation...
			gdp.bigm Transformation completed in 0 s
		 - Constructing Arc STORAGE - SMALL4 completed
	 - Constructing Network hydrogenPipelineOnshore_lowP completed
			gdp.bigm Transformation...
			gdp.bigm Transformation completed in 77 s
	 - Constructing Network hydrogenPipelineOnshore_highP
			gdp.bigm Transformation...
			gdp.bigm Transformation completed in 0 s
		 - Constructing Arc BIG1 - BIG2 completed
			gdp.bigm Transformation...
			gdp.bigm Transformation completed in 0 s
		 - Constructing Arc BIG1 - SMALL1 completed
			gdp.bigm Transformation...
			gdp.bigm Transformation completed in 0 s
		 - Constructing Arc BIG1 - SMALL2 completed
			gdp.bigm Transformation...
			gdp.bigm Transformation completed in 0 s
		 - Constructing Arc BIG1 - SMALL3 completed
			gdp.bigm Transformation...
			gdp.bigm Transformation completed in 0 s
		 - Constructing Arc BIG1 - SMALL4 completed
			gdp.bigm Transformation...
			gdp.bigm Transformation completed in 0 s
		 - Constructing Arc BIG1 - STORAGE completed
			gdp.bigm Transformation...
			gdp.bigm Transformation completed in 0 s
		 - Constructing Arc BIG2 - BIG1 completed
			gdp.bigm Transformation...
			gdp.bigm Transformation completed in 0 s
		 - Constructing Arc BIG2 - SMALL1 completed
			gdp.bigm Transformation...
			gdp.bigm Transformation completed in 0 s
		 - Constructing Arc BIG2 - SMALL2 completed
			gdp.bigm Transformation...
			gdp.bigm Transformation completed in 0 s
		 - Constructing Arc BIG2 - SMALL3 completed
			gdp.bigm Transformation...
			gdp.bigm Transformation completed in 0 s
		 - Constructing Arc BIG2 - SMALL4 completed
			gdp.bigm Transformation...
			gdp.bigm Transformation completed in 0 s
		 - Constructing Arc BIG2 - STORAGE completed
			gdp.bigm Transformation...
			gdp.bigm Transformation completed in 0 s
		 - Constructing Arc SMALL1 - BIG1 completed
			gdp.bigm Transformation...
			gdp.bigm Transformation completed in 0 s
		 - Constructing Arc SMALL1 - BIG2 completed
			gdp.bigm Transformation...
			gdp.bigm Transformation completed in 0 s
		 - Constructing Arc SMALL1 - SMALL2 completed
			gdp.bigm Transformation...
			gdp.bigm Transformation completed in 0 s
		 - Constructing Arc SMALL1 - SMALL3 completed
			gdp.bigm Transformation...
			gdp.bigm Transformation completed in 0 s
		 - Constructing Arc SMALL1 - SMALL4 completed
			gdp.bigm Transformation...
			gdp.bigm Transformation completed in 0 s
		 - Constructing Arc SMALL1 - STORAGE completed
			gdp.bigm Transformation...
			gdp.bigm Transformation completed in 0 s
		 - Constructing Arc SMALL2 - BIG1 completed
			gdp.bigm Transformation...
			gdp.bigm Transformation completed in 0 s
		 - Constructing Arc SMALL2 - BIG2 completed
			gdp.bigm Transformation...
			gdp.bigm Transformation completed in 0 s
		 - Constructing Arc SMALL2 - SMALL1 completed
			gdp.bigm Transformation...
			gdp.bigm Transformation completed in 0 s
		 - Constructing Arc SMALL2 - SMALL3 completed
			gdp.bigm Transformation...
			gdp.bigm Transformation completed in 0 s
		 - Constructing Arc SMALL2 - SMALL4 completed
			gdp.bigm Transformation...
			gdp.bigm Transformation completed in 0 s
		 - Constructing Arc SMALL2 - STORAGE completed
			gdp.bigm Transformation...
			gdp.bigm Transformation completed in 0 s
		 - Constructing Arc SMALL3 - BIG1 completed
			gdp.bigm Transformation...
			gdp.bigm Transformation completed in 0 s
		 - Constructing Arc SMALL3 - BIG2 completed
			gdp.bigm Transformation...
			gdp.bigm Transformation completed in 0 s
		 - Constructing Arc SMALL3 - SMALL1 completed
			gdp.bigm Transformation...
			gdp.bigm Transformation completed in 0 s
		 - Constructing Arc SMALL3 - SMALL2 completed
			gdp.bigm Transformation...
			gdp.bigm Transformation completed in 0 s
		 - Constructing Arc SMALL3 - SMALL4 completed
			gdp.bigm Transformation...
			gdp.bigm Transformation completed in 0 s
		 - Constructing Arc SMALL3 - STORAGE completed
			gdp.bigm Transformation...
			gdp.bigm Transformation completed in 0 s
		 - Constructing Arc SMALL4 - BIG1 completed
			gdp.bigm Transformation...
			gdp.bigm Transformation completed in 0 s
		 - Constructing Arc SMALL4 - BIG2 completed
			gdp.bigm Transformation...
			gdp.bigm Transformation completed in 0 s
		 - Constructing Arc SMALL4 - SMALL1 completed
			gdp.bigm Transformation...
			gdp.bigm Transformation completed in 0 s
		 - Constructing Arc SMALL4 - SMALL2 completed
			gdp.bigm Transformation...
			gdp.bigm Transformation completed in 0 s
		 - Constructing Arc SMALL4 - SMALL3 completed
			gdp.bigm Transformation...
			gdp.bigm Transformation completed in 0 s
		 - Constructing Arc SMALL4 - STORAGE completed
			gdp.bigm Transformation...
			gdp.bigm Transformation completed in 0 s
		 - Constructing Arc STORAGE - BIG1 completed
			gdp.bigm Transformation...
			gdp.bigm Transformation completed in 0 s
		 - Constructing Arc STORAGE - BIG2 completed
			gdp.bigm Transformation...
			gdp.bigm Transformation completed in 0 s
		 - Constructing Arc STORAGE - SMALL1 completed
			gdp.bigm Transformation...
			gdp.bigm Transformation completed in 0 s
		 - Constructing Arc STORAGE - SMALL2 completed
			gdp.bigm Transformation...
			gdp.bigm Transformation completed in 0 s
		 - Constructing Arc STORAGE - SMALL3 completed
			gdp.bigm Transformation...
			gdp.bigm Transformation completed in 0 s
		 - Constructing Arc STORAGE - SMALL4 completed
	 - Constructing Network hydrogenPipelineOnshore_highP completed
			gdp.bigm Transformation...
			gdp.bigm Transformation completed in 78 s
	 - Adding Technology Electrolyzer_big
			gdp.bigm Transformation...
			gdp.bigm Transformation completed in 0 s
	 - Adding Technology Storage_H2_highP
			gdp.bigm Transformation...
			gdp.bigm Transformation completed in 4 s
	 - Adding Compressor hydrogen_Compressor_hydrogenPipelineOnshore_lowP_hydrogenPipelineOnshore_lowP
	 - Adding Compressor hydrogen_Compressor_hydrogenPipelineOnshore_lowP_hydrogenPipelineOnshore_highP
	 - Adding Compressor hydrogen_Compressor_hydrogenPipelineOnshore_lowP_Storage_H2_highP
	 - Adding Compressor hydrogen_Compressor_hydrogenPipelineOnshore_lowP_Demand
	 - Adding Compressor hydrogen_Compressor_hydrogenPipelineOnshore_highP_hydrogenPipelineOnshore_lowP
	 - Adding Compressor hydrogen_Compressor_hydrogenPipelineOnshore_highP_hydrogenPipelineOnshore_highP
	 - Adding Compressor hydrogen_Compressor_hydrogenPipelineOnshore_highP_Storage_H2_highP
	 - Adding Compressor hydrogen_Compressor_hydrogenPipelineOnshore_highP_Demand
	 - Adding Compressor hydrogen_Compressor_Electrolyzer_big_hydrogenPipelineOnshore_lowP
	 - Adding Compressor hydrogen_Compressor_Electrolyzer_big_hydrogenPipelineOnshore_highP
	 - Adding Compressor hydrogen_Compressor_Electrolyzer_big_Storage_H2_highP
	 - Adding Compressor hydrogen_Compressor_Electrolyzer_big_Demand
	 - Adding Compressor hydrogen_Compressor_Storage_H2_highP_hydrogenPipelineOnshore_lowP
	 - Adding Compressor hydrogen_Compressor_Storage_H2_highP_hydrogenPipelineOnshore_highP
	 - Adding Compressor hydrogen_Compressor_Storage_H2_highP_Storage_H2_highP
	 - Adding Compressor hydrogen_Compressor_Storage_H2_highP_Demand
	 - Adding Compressor hydrogen_Compressor_Import_hydrogenPipelineOnshore_lowP
	 - Adding Compressor hydrogen_Compressor_Import_hydrogenPipelineOnshore_highP
	 - Adding Compressor hydrogen_Compressor_Import_Storage_H2_highP
	 - Adding Compressor hydrogen_Compressor_Import_Demand_existing
	 - Adding Technology Electrolyzer_big
			gdp.bigm Transformation...
			gdp.bigm Transformation completed in 0 s
	 - Adding Technology Storage_H2_highP
			gdp.bigm Transformation...
			gdp.bigm Transformation completed in 4 s
	 - Adding Compressor hydrogen_Compressor_hydrogenPipelineOnshore_lowP_hydrogenPipelineOnshore_lowP
	 - Adding Compressor hydrogen_Compressor_hydrogenPipelineOnshore_lowP_hydrogenPipelineOnshore_highP
	 - Adding Compressor hydrogen_Compressor_hydrogenPipelineOnshore_lowP_Storage_H2_highP
	 - Adding Compressor hydrogen_Compressor_hydrogenPipelineOnshore_lowP_Demand
	 - Adding Compressor hydrogen_Compressor_hydrogenPipelineOnshore_highP_hydrogenPipelineOnshore_lowP
	 - Adding Compressor hydrogen_Compressor_hydrogenPipelineOnshore_highP_hydrogenPipelineOnshore_highP
	 - Adding Compressor hydrogen_Compressor_hydrogenPipelineOnshore_highP_Storage_H2_highP
	 - Adding Compressor hydrogen_Compressor_hydrogenPipelineOnshore_highP_Demand
	 - Adding Compressor hydrogen_Compressor_Electrolyzer_big_hydrogenPipelineOnshore_lowP
	 - Adding Compressor hydrogen_Compressor_Electrolyzer_big_hydrogenPipelineOnshore_highP
	 - Adding Compressor hydrogen_Compressor_Electrolyzer_big_Storage_H2_highP
	 - Adding Compressor hydrogen_Compressor_Electrolyzer_big_Demand
	 - Adding Compressor hydrogen_Compressor_Storage_H2_highP_hydrogenPipelineOnshore_lowP
	 - Adding Compressor hydrogen_Compressor_Storage_H2_highP_hydrogenPipelineOnshore_highP
	 - Adding Compressor hydrogen_Compressor_Storage_H2_highP_Storage_H2_highP
	 - Adding Compressor hydrogen_Compressor_Storage_H2_highP_Demand
	 - Adding Compressor hydrogen_Compressor_Import_hydrogenPipelineOnshore_lowP
	 - Adding Compressor hydrogen_Compressor_Import_hydrogenPipelineOnshore_highP
	 - Adding Compressor hydrogen_Compressor_Import_Storage_H2_highP
	 - Adding Compressor hydrogen_Compressor_Import_Demand_existing
	 - Adding Technology Electrolyzer_small
	 - Adding Technology Storage_H2_lowP
			gdp.bigm Transformation...
			gdp.bigm Transformation completed in 4 s
	 - Adding Compressor hydrogen_Compressor_hydrogenPipelineOnshore_lowP_hydrogenPipelineOnshore_lowP
	 - Adding Compressor hydrogen_Compressor_hydrogenPipelineOnshore_lowP_hydrogenPipelineOnshore_highP
	 - Adding Compressor hydrogen_Compressor_hydrogenPipelineOnshore_lowP_Storage_H2_lowP
	 - Adding Compressor hydrogen_Compressor_hydrogenPipelineOnshore_lowP_Demand
	 - Adding Compressor hydrogen_Compressor_hydrogenPipelineOnshore_highP_hydrogenPipelineOnshore_lowP
	 - Adding Compressor hydrogen_Compressor_hydrogenPipelineOnshore_highP_hydrogenPipelineOnshore_highP
	 - Adding Compressor hydrogen_Compressor_hydrogenPipelineOnshore_highP_Storage_H2_lowP
	 - Adding Compressor hydrogen_Compressor_hydrogenPipelineOnshore_highP_Demand
	 - Adding Compressor hydrogen_Compressor_Electrolyzer_small_hydrogenPipelineOnshore_lowP
	 - Adding Compressor hydrogen_Compressor_Electrolyzer_small_hydrogenPipelineOnshore_highP
	 - Adding Compressor hydrogen_Compressor_Electrolyzer_small_Storage_H2_lowP
	 - Adding Compressor hydrogen_Compressor_Electrolyzer_small_Demand
	 - Adding Compressor hydrogen_Compressor_Storage_H2_lowP_hydrogenPipelineOnshore_lowP
	 - Adding Compressor hydrogen_Compressor_Storage_H2_lowP_hydrogenPipelineOnshore_highP
	 - Adding Compressor hydrogen_Compressor_Storage_H2_lowP_Storage_H2_lowP
	 - Adding Compressor hydrogen_Compressor_Storage_H2_lowP_Demand
	 - Adding Technology Electrolyzer_small
	 - Adding Technology Storage_H2_lowP
			gdp.bigm Transformation...
			gdp.bigm Transformation completed in 4 s
	 - Adding Compressor hydrogen_Compressor_hydrogenPipelineOnshore_lowP_hydrogenPipelineOnshore_lowP
	 - Adding Compressor hydrogen_Compressor_hydrogenPipelineOnshore_lowP_hydrogenPipelineOnshore_highP
	 - Adding Compressor hydrogen_Compressor_hydrogenPipelineOnshore_lowP_Storage_H2_lowP
	 - Adding Compressor hydrogen_Compressor_hydrogenPipelineOnshore_lowP_Demand
	 - Adding Compressor hydrogen_Compressor_hydrogenPipelineOnshore_highP_hydrogenPipelineOnshore_lowP
	 - Adding Compressor hydrogen_Compressor_hydrogenPipelineOnshore_highP_hydrogenPipelineOnshore_highP
	 - Adding Compressor hydrogen_Compressor_hydrogenPipelineOnshore_highP_Storage_H2_lowP
	 - Adding Compressor hydrogen_Compressor_hydrogenPipelineOnshore_highP_Demand
	 - Adding Compressor hydrogen_Compressor_Electrolyzer_small_hydrogenPipelineOnshore_lowP
	 - Adding Compressor hydrogen_Compressor_Electrolyzer_small_hydrogenPipelineOnshore_highP
	 - Adding Compressor hydrogen_Compressor_Electrolyzer_small_Storage_H2_lowP
	 - Adding Compressor hydrogen_Compressor_Electrolyzer_small_Demand
	 - Adding Compressor hydrogen_Compressor_Storage_H2_lowP_hydrogenPipelineOnshore_lowP
	 - Adding Compressor hydrogen_Compressor_Storage_H2_lowP_hydrogenPipelineOnshore_highP
	 - Adding Compressor hydrogen_Compressor_Storage_H2_lowP_Storage_H2_lowP
	 - Adding Compressor hydrogen_Compressor_Storage_H2_lowP_Demand
	 - Adding Technology Electrolyzer_small
	 - Adding Technology Storage_H2_lowP
			gdp.bigm Transformation...
			gdp.bigm Transformation completed in 4 s
	 - Adding Compressor hydrogen_Compressor_hydrogenPipelineOnshore_lowP_hydrogenPipelineOnshore_lowP
	 - Adding Compressor hydrogen_Compressor_hydrogenPipelineOnshore_lowP_hydrogenPipelineOnshore_highP
	 - Adding Compressor hydrogen_Compressor_hydrogenPipelineOnshore_lowP_Storage_H2_lowP
	 - Adding Compressor hydrogen_Compressor_hydrogenPipelineOnshore_lowP_Demand
	 - Adding Compressor hydrogen_Compressor_hydrogenPipelineOnshore_highP_hydrogenPipelineOnshore_lowP
	 - Adding Compressor hydrogen_Compressor_hydrogenPipelineOnshore_highP_hydrogenPipelineOnshore_highP
	 - Adding Compressor hydrogen_Compressor_hydrogenPipelineOnshore_highP_Storage_H2_lowP
	 - Adding Compressor hydrogen_Compressor_hydrogenPipelineOnshore_highP_Demand
	 - Adding Compressor hydrogen_Compressor_Electrolyzer_small_hydrogenPipelineOnshore_lowP
	 - Adding Compressor hydrogen_Compressor_Electrolyzer_small_hydrogenPipelineOnshore_highP
	 - Adding Compressor hydrogen_Compressor_Electrolyzer_small_Storage_H2_lowP
	 - Adding Compressor hydrogen_Compressor_Electrolyzer_small_Demand
	 - Adding Compressor hydrogen_Compressor_Storage_H2_lowP_hydrogenPipelineOnshore_lowP
	 - Adding Compressor hydrogen_Compressor_Storage_H2_lowP_hydrogenPipelineOnshore_highP
	 - Adding Compressor hydrogen_Compressor_Storage_H2_lowP_Storage_H2_lowP
	 - Adding Compressor hydrogen_Compressor_Storage_H2_lowP_Demand
	 - Adding Technology Electrolyzer_small
	 - Adding Technology Storage_H2_lowP
			gdp.bigm Transformation...
			gdp.bigm Transformation completed in 4 s
	 - Adding Compressor hydrogen_Compressor_hydrogenPipelineOnshore_lowP_hydrogenPipelineOnshore_lowP
	 - Adding Compressor hydrogen_Compressor_hydrogenPipelineOnshore_lowP_hydrogenPipelineOnshore_highP
	 - Adding Compressor hydrogen_Compressor_hydrogenPipelineOnshore_lowP_Storage_H2_lowP
	 - Adding Compressor hydrogen_Compressor_hydrogenPipelineOnshore_lowP_Demand
	 - Adding Compressor hydrogen_Compressor_hydrogenPipelineOnshore_highP_hydrogenPipelineOnshore_lowP
	 - Adding Compressor hydrogen_Compressor_hydrogenPipelineOnshore_highP_hydrogenPipelineOnshore_highP
	 - Adding Compressor hydrogen_Compressor_hydrogenPipelineOnshore_highP_Storage_H2_lowP
	 - Adding Compressor hydrogen_Compressor_hydrogenPipelineOnshore_highP_Demand
	 - Adding Compressor hydrogen_Compressor_Electrolyzer_small_hydrogenPipelineOnshore_lowP
	 - Adding Compressor hydrogen_Compressor_Electrolyzer_small_hydrogenPipelineOnshore_highP
	 - Adding Compressor hydrogen_Compressor_Electrolyzer_small_Storage_H2_lowP
	 - Adding Compressor hydrogen_Compressor_Electrolyzer_small_Demand
	 - Adding Compressor hydrogen_Compressor_Storage_H2_lowP_hydrogenPipelineOnshore_lowP
	 - Adding Compressor hydrogen_Compressor_Storage_H2_lowP_hydrogenPipelineOnshore_highP
	 - Adding Compressor hydrogen_Compressor_Storage_H2_lowP_Storage_H2_lowP
	 - Adding Compressor hydrogen_Compressor_Storage_H2_lowP_Demand
	 - Adding Technology Storage_H2_Cavern_existing
			gdp.bigm Transformation...
			gdp.bigm Transformation completed in 4 s
	 - Adding Compressor hydrogen_Compressor_hydrogenPipelineOnshore_lowP_hydrogenPipelineOnshore_lowP
	 - Adding Compressor hydrogen_Compressor_hydrogenPipelineOnshore_lowP_hydrogenPipelineOnshore_highP
	 - Adding Compressor hydrogen_Compressor_hydrogenPipelineOnshore_lowP_Storage_H2_Cavern_existing
	 - Adding Compressor hydrogen_Compressor_hydrogenPipelineOnshore_highP_hydrogenPipelineOnshore_lowP
	 - Adding Compressor hydrogen_Compressor_hydrogenPipelineOnshore_highP_hydrogenPipelineOnshore_highP
	 - Adding Compressor hydrogen_Compressor_hydrogenPipelineOnshore_highP_Storage_H2_Cavern_existing
	 - Adding Compressor hydrogen_Compressor_Storage_H2_Cavern_existing_hydrogenPipelineOnshore_lowP
	 - Adding Compressor hydrogen_Compressor_Storage_H2_Cavern_existing_hydrogenPipelineOnshore_highP
	 - Adding Compressor hydrogen_Compressor_Storage_H2_Cavern_existing_Storage_H2_Cavern_existing_existing
Constructing model completed in 439s
Constructing balances...
Constructing balances completed in 17s
Set objective on infrastructure due to willingness to pay
Set parameter OutputFlag to value 1
Set parameter LogFile to value "/gpfs/home3/scur1696/AdOpT-NET0-RegToNation/generic_node_optimization/results/parallel_creation_test_20251124_002357/task_003/t003_parallel_run_0001/userData/20251124003204-1/solver_log.txt"
Solver log file: /gpfs/home3/scur1696/AdOpT-NET0-RegToNation/generic_node_optimization/results/parallel_creation_test_20251124_002357/task_003/t003_parallel_run_0001/userData/20251124003204-1/solver_log.txt
Set parameter TimeLimit to value 180000
Set parameter MIPGap to value 0.01
Set parameter MIPFocus to value 0
Set parameter Threads to value 12
Set parameter NodefileStart to value 60
Set parameter Method to value -1
Set parameter Heuristics to value 0.05
Set parameter Presolve to value 1
Set parameter BranchDir to value 0
Set parameter LPWarmStart to value 0
Set parameter IntFeasTol to value 1e-05
Set parameter FeasibilityTol to value 1e-06
Set parameter Cuts to value -1
Set parameter NumericFocus to value 0
  [CONFIG] Gurobi default env configured: 12 threads per worker
--- Reading in data ---
Input data folder has been checked successfully - no errors occurred.
--- Reading in data complete ---
--- Constructing Model ---
Constructing Investment Period period1
Constructing Investment Period period1 completed
	 - Constructing Network hydrogenPipelineOnshore_lowP
			gdp.bigm Transformation...
			gdp.bigm Transformation completed in 0 s
		 - Constructing Arc BIG1 - BIG2 completed
			gdp.bigm Transformation...
			gdp.bigm Transformation completed in 0 s
		 - Constructing Arc BIG1 - SMALL1 completed
			gdp.bigm Transformation...
			gdp.bigm Transformation completed in 0 s
		 - Constructing Arc BIG1 - SMALL2 completed
			gdp.bigm Transformation...
			gdp.bigm Transformation completed in 0 s
		 - Constructing Arc BIG1 - SMALL3 completed
			gdp.bigm Transformation...
			gdp.bigm Transformation completed in 0 s
		 - Constructing Arc BIG1 - SMALL4 completed
			gdp.bigm Transformation...
			gdp.bigm Transformation completed in 0 s
		 - Constructing Arc BIG1 - STORAGE completed
			gdp.bigm Transformation...
			gdp.bigm Transformation completed in 0 s
		 - Constructing Arc BIG2 - BIG1 completed
			gdp.bigm Transformation...
			gdp.bigm Transformation completed in 0 s
		 - Constructing Arc BIG2 - SMALL1 completed
			gdp.bigm Transformation...
			gdp.bigm Transformation completed in 0 s
		 - Constructing Arc BIG2 - SMALL2 completed
			gdp.bigm Transformation...
			gdp.bigm Transformation completed in 0 s
		 - Constructing Arc BIG2 - SMALL3 completed
			gdp.bigm Transformation...
			gdp.bigm Transformation completed in 0 s
		 - Constructing Arc BIG2 - SMALL4 completed
			gdp.bigm Transformation...
			gdp.bigm Transformation completed in 0 s
		 - Constructing Arc BIG2 - STORAGE completed
			gdp.bigm Transformation...
			gdp.bigm Transformation completed in 0 s
		 - Constructing Arc SMALL1 - BIG1 completed
			gdp.bigm Transformation...
			gdp.bigm Transformation completed in 0 s
		 - Constructing Arc SMALL1 - BIG2 completed
			gdp.bigm Transformation...
			gdp.bigm Transformation completed in 0 s
		 - Constructing Arc SMALL1 - SMALL2 completed
			gdp.bigm Transformation...
			gdp.bigm Transformation completed in 0 s
		 - Constructing Arc SMALL1 - SMALL3 completed
			gdp.bigm Transformation...
			gdp.bigm Transformation completed in 0 s
		 - Constructing Arc SMALL1 - SMALL4 completed
			gdp.bigm Transformation...
			gdp.bigm Transformation completed in 0 s
		 - Constructing Arc SMALL1 - STORAGE completed
			gdp.bigm Transformation...
			gdp.bigm Transformation completed in 0 s
		 - Constructing Arc SMALL2 - BIG1 completed
			gdp.bigm Transformation...
			gdp.bigm Transformation completed in 0 s
		 - Constructing Arc SMALL2 - BIG2 completed
			gdp.bigm Transformation...
			gdp.bigm Transformation completed in 0 s
		 - Constructing Arc SMALL2 - SMALL1 completed
			gdp.bigm Transformation...
			gdp.bigm Transformation completed in 0 s
		 - Constructing Arc SMALL2 - SMALL3 completed
			gdp.bigm Transformation...
			gdp.bigm Transformation completed in 0 s
		 - Constructing Arc SMALL2 - SMALL4 completed
			gdp.bigm Transformation...
			gdp.bigm Transformation completed in 0 s
		 - Constructing Arc SMALL2 - STORAGE completed
			gdp.bigm Transformation...
			gdp.bigm Transformation completed in 0 s
		 - Constructing Arc SMALL3 - BIG1 completed
			gdp.bigm Transformation...
			gdp.bigm Transformation completed in 0 s
		 - Constructing Arc SMALL3 - BIG2 completed
			gdp.bigm Transformation...
			gdp.bigm Transformation completed in 0 s
		 - Constructing Arc SMALL3 - SMALL1 completed
			gdp.bigm Transformation...
			gdp.bigm Transformation completed in 0 s
		 - Constructing Arc SMALL3 - SMALL2 completed
			gdp.bigm Transformation...
			gdp.bigm Transformation completed in 0 s
		 - Constructing Arc SMALL3 - SMALL4 completed
			gdp.bigm Transformation...
			gdp.bigm Transformation completed in 0 s
		 - Constructing Arc SMALL3 - STORAGE completed
			gdp.bigm Transformation...
			gdp.bigm Transformation completed in 0 s
		 - Constructing Arc SMALL4 - BIG1 completed
			gdp.bigm Transformation...
			gdp.bigm Transformation completed in 0 s
		 - Constructing Arc SMALL4 - BIG2 completed
			gdp.bigm Transformation...
			gdp.bigm Transformation completed in 0 s
		 - Constructing Arc SMALL4 - SMALL1 completed
			gdp.bigm Transformation...
			gdp.bigm Transformation completed in 0 s
		 - Constructing Arc SMALL4 - SMALL2 completed
			gdp.bigm Transformation...
			gdp.bigm Transformation completed in 0 s
		 - Constructing Arc SMALL4 - SMALL3 completed
			gdp.bigm Transformation...
			gdp.bigm Transformation completed in 0 s
		 - Constructing Arc SMALL4 - STORAGE completed
			gdp.bigm Transformation...
			gdp.bigm Transformation completed in 0 s
		 - Constructing Arc STORAGE - BIG1 completed
			gdp.bigm Transformation...
			gdp.bigm Transformation completed in 0 s
		 - Constructing Arc STORAGE - BIG2 completed
			gdp.bigm Transformation...
			gdp.bigm Transformation completed in 0 s
		 - Constructing Arc STORAGE - SMALL1 completed
			gdp.bigm Transformation...
			gdp.bigm Transformation completed in 0 s
		 - Constructing Arc STORAGE - SMALL2 completed
			gdp.bigm Transformation...
			gdp.bigm Transformation completed in 0 s
		 - Constructing Arc STORAGE - SMALL3 completed
			gdp.bigm Transformation...
			gdp.bigm Transformation completed in 0 s
		 - Constructing Arc STORAGE - SMALL4 completed
	 - Constructing Network hydrogenPipelineOnshore_lowP completed
			gdp.bigm Transformation...
			gdp.bigm Transformation completed in 77 s
	 - Constructing Network hydrogenPipelineOnshore_highP
			gdp.bigm Transformation...
			gdp.bigm Transformation completed in 0 s
		 - Constructing Arc BIG1 - BIG2 completed
			gdp.bigm Transformation...
			gdp.bigm Transformation completed in 0 s
		 - Constructing Arc BIG1 - SMALL1 completed
			gdp.bigm Transformation...
			gdp.bigm Transformation completed in 0 s
		 - Constructing Arc BIG1 - SMALL2 completed
			gdp.bigm Transformation...
			gdp.bigm Transformation completed in 0 s
		 - Constructing Arc BIG1 - SMALL3 completed
			gdp.bigm Transformation...
			gdp.bigm Transformation completed in 0 s
		 - Constructing Arc BIG1 - SMALL4 completed
			gdp.bigm Transformation...
			gdp.bigm Transformation completed in 0 s
		 - Constructing Arc BIG1 - STORAGE completed
			gdp.bigm Transformation...
			gdp.bigm Transformation completed in 0 s
		 - Constructing Arc BIG2 - BIG1 completed
			gdp.bigm Transformation...
			gdp.bigm Transformation completed in 0 s
		 - Constructing Arc BIG2 - SMALL1 completed
			gdp.bigm Transformation...
			gdp.bigm Transformation completed in 0 s
		 - Constructing Arc BIG2 - SMALL2 completed
			gdp.bigm Transformation...
			gdp.bigm Transformation completed in 0 s
		 - Constructing Arc BIG2 - SMALL3 completed
			gdp.bigm Transformation...
			gdp.bigm Transformation completed in 0 s
		 - Constructing Arc BIG2 - SMALL4 completed
			gdp.bigm Transformation...
			gdp.bigm Transformation completed in 0 s
		 - Constructing Arc BIG2 - STORAGE completed
			gdp.bigm Transformation...
			gdp.bigm Transformation completed in 0 s
		 - Constructing Arc SMALL1 - BIG1 completed
			gdp.bigm Transformation...
			gdp.bigm Transformation completed in 0 s
		 - Constructing Arc SMALL1 - BIG2 completed
			gdp.bigm Transformation...
			gdp.bigm Transformation completed in 0 s
		 - Constructing Arc SMALL1 - SMALL2 completed
			gdp.bigm Transformation...
			gdp.bigm Transformation completed in 0 s
		 - Constructing Arc SMALL1 - SMALL3 completed
			gdp.bigm Transformation...
			gdp.bigm Transformation completed in 0 s
		 - Constructing Arc SMALL1 - SMALL4 completed
			gdp.bigm Transformation...
			gdp.bigm Transformation completed in 0 s
		 - Constructing Arc SMALL1 - STORAGE completed
			gdp.bigm Transformation...
			gdp.bigm Transformation completed in 0 s
		 - Constructing Arc SMALL2 - BIG1 completed
			gdp.bigm Transformation...
			gdp.bigm Transformation completed in 0 s
		 - Constructing Arc SMALL2 - BIG2 completed
			gdp.bigm Transformation...
			gdp.bigm Transformation completed in 0 s
		 - Constructing Arc SMALL2 - SMALL1 completed
			gdp.bigm Transformation...
			gdp.bigm Transformation completed in 0 s
		 - Constructing Arc SMALL2 - SMALL3 completed
			gdp.bigm Transformation...
			gdp.bigm Transformation completed in 0 s
		 - Constructing Arc SMALL2 - SMALL4 completed
			gdp.bigm Transformation...
			gdp.bigm Transformation completed in 0 s
		 - Constructing Arc SMALL2 - STORAGE completed
			gdp.bigm Transformation...
			gdp.bigm Transformation completed in 0 s
		 - Constructing Arc SMALL3 - BIG1 completed
			gdp.bigm Transformation...
			gdp.bigm Transformation completed in 0 s
		 - Constructing Arc SMALL3 - BIG2 completed
			gdp.bigm Transformation...
			gdp.bigm Transformation completed in 0 s
		 - Constructing Arc SMALL3 - SMALL1 completed
			gdp.bigm Transformation...
			gdp.bigm Transformation completed in 0 s
		 - Constructing Arc SMALL3 - SMALL2 completed
			gdp.bigm Transformation...
			gdp.bigm Transformation completed in 0 s
		 - Constructing Arc SMALL3 - SMALL4 completed
			gdp.bigm Transformation...
			gdp.bigm Transformation completed in 0 s
		 - Constructing Arc SMALL3 - STORAGE completed
			gdp.bigm Transformation...
			gdp.bigm Transformation completed in 0 s
		 - Constructing Arc SMALL4 - BIG1 completed
			gdp.bigm Transformation...
			gdp.bigm Transformation completed in 0 s
		 - Constructing Arc SMALL4 - BIG2 completed
			gdp.bigm Transformation...
			gdp.bigm Transformation completed in 0 s
		 - Constructing Arc SMALL4 - SMALL1 completed
			gdp.bigm Transformation...
			gdp.bigm Transformation completed in 0 s
		 - Constructing Arc SMALL4 - SMALL2 completed
			gdp.bigm Transformation...
			gdp.bigm Transformation completed in 0 s
		 - Constructing Arc SMALL4 - SMALL3 completed
			gdp.bigm Transformation...
			gdp.bigm Transformation completed in 0 s
		 - Constructing Arc SMALL4 - STORAGE completed
			gdp.bigm Transformation...
			gdp.bigm Transformation completed in 0 s
		 - Constructing Arc STORAGE - BIG1 completed
			gdp.bigm Transformation...
			gdp.bigm Transformation completed in 0 s
		 - Constructing Arc STORAGE - BIG2 completed
			gdp.bigm Transformation...
			gdp.bigm Transformation completed in 0 s
		 - Constructing Arc STORAGE - SMALL1 completed
			gdp.bigm Transformation...
			gdp.bigm Transformation completed in 0 s
		 - Constructing Arc STORAGE - SMALL2 completed
			gdp.bigm Transformation...
			gdp.bigm Transformation completed in 0 s
		 - Constructing Arc STORAGE - SMALL3 completed
			gdp.bigm Transformation...
			gdp.bigm Transformation completed in 0 s
		 - Constructing Arc STORAGE - SMALL4 completed
	 - Constructing Network hydrogenPipelineOnshore_highP completed
			gdp.bigm Transformation...
			gdp.bigm Transformation completed in 77 s
	 - Adding Technology Electrolyzer_big
			gdp.bigm Transformation...
			gdp.bigm Transformation completed in 0 s
	 - Adding Technology Storage_H2_highP
			gdp.bigm Transformation...
			gdp.bigm Transformation completed in 4 s
	 - Adding Compressor hydrogen_Compressor_hydrogenPipelineOnshore_lowP_hydrogenPipelineOnshore_lowP
	 - Adding Compressor hydrogen_Compressor_hydrogenPipelineOnshore_lowP_hydrogenPipelineOnshore_highP
	 - Adding Compressor hydrogen_Compressor_hydrogenPipelineOnshore_lowP_Storage_H2_highP
	 - Adding Compressor hydrogen_Compressor_hydrogenPipelineOnshore_lowP_Demand
	 - Adding Compressor hydrogen_Compressor_hydrogenPipelineOnshore_highP_hydrogenPipelineOnshore_lowP
	 - Adding Compressor hydrogen_Compressor_hydrogenPipelineOnshore_highP_hydrogenPipelineOnshore_highP
	 - Adding Compressor hydrogen_Compressor_hydrogenPipelineOnshore_highP_Storage_H2_highP
	 - Adding Compressor hydrogen_Compressor_hydrogenPipelineOnshore_highP_Demand
	 - Adding Compressor hydrogen_Compressor_Electrolyzer_big_hydrogenPipelineOnshore_lowP
	 - Adding Compressor hydrogen_Compressor_Electrolyzer_big_hydrogenPipelineOnshore_highP
	 - Adding Compressor hydrogen_Compressor_Electrolyzer_big_Storage_H2_highP
	 - Adding Compressor hydrogen_Compressor_Electrolyzer_big_Demand
	 - Adding Compressor hydrogen_Compressor_Storage_H2_highP_hydrogenPipelineOnshore_lowP
	 - Adding Compressor hydrogen_Compressor_Storage_H2_highP_hydrogenPipelineOnshore_highP
	 - Adding Compressor hydrogen_Compressor_Storage_H2_highP_Storage_H2_highP
	 - Adding Compressor hydrogen_Compressor_Storage_H2_highP_Demand
	 - Adding Compressor hydrogen_Compressor_Import_hydrogenPipelineOnshore_lowP
	 - Adding Compressor hydrogen_Compressor_Import_hydrogenPipelineOnshore_highP
	 - Adding Compressor hydrogen_Compressor_Import_Storage_H2_highP
	 - Adding Compressor hydrogen_Compressor_Import_Demand_existing
	 - Adding Technology Electrolyzer_big
			gdp.bigm Transformation...
			gdp.bigm Transformation completed in 0 s
	 - Adding Technology Storage_H2_highP
			gdp.bigm Transformation...
			gdp.bigm Transformation completed in 4 s
	 - Adding Compressor hydrogen_Compressor_hydrogenPipelineOnshore_lowP_hydrogenPipelineOnshore_lowP
	 - Adding Compressor hydrogen_Compressor_hydrogenPipelineOnshore_lowP_hydrogenPipelineOnshore_highP
	 - Adding Compressor hydrogen_Compressor_hydrogenPipelineOnshore_lowP_Storage_H2_highP
	 - Adding Compressor hydrogen_Compressor_hydrogenPipelineOnshore_lowP_Demand
	 - Adding Compressor hydrogen_Compressor_hydrogenPipelineOnshore_highP_hydrogenPipelineOnshore_lowP
	 - Adding Compressor hydrogen_Compressor_hydrogenPipelineOnshore_highP_hydrogenPipelineOnshore_highP
	 - Adding Compressor hydrogen_Compressor_hydrogenPipelineOnshore_highP_Storage_H2_highP
	 - Adding Compressor hydrogen_Compressor_hydrogenPipelineOnshore_highP_Demand
	 - Adding Compressor hydrogen_Compressor_Electrolyzer_big_hydrogenPipelineOnshore_lowP
	 - Adding Compressor hydrogen_Compressor_Electrolyzer_big_hydrogenPipelineOnshore_highP
	 - Adding Compressor hydrogen_Compressor_Electrolyzer_big_Storage_H2_highP
	 - Adding Compressor hydrogen_Compressor_Electrolyzer_big_Demand
	 - Adding Compressor hydrogen_Compressor_Storage_H2_highP_hydrogenPipelineOnshore_lowP
	 - Adding Compressor hydrogen_Compressor_Storage_H2_highP_hydrogenPipelineOnshore_highP
	 - Adding Compressor hydrogen_Compressor_Storage_H2_highP_Storage_H2_highP
	 - Adding Compressor hydrogen_Compressor_Storage_H2_highP_Demand
	 - Adding Compressor hydrogen_Compressor_Import_hydrogenPipelineOnshore_lowP
	 - Adding Compressor hydrogen_Compressor_Import_hydrogenPipelineOnshore_highP
	 - Adding Compressor hydrogen_Compressor_Import_Storage_H2_highP
	 - Adding Compressor hydrogen_Compressor_Import_Demand_existing
	 - Adding Technology Electrolyzer_small
	 - Adding Technology Storage_H2_lowP
			gdp.bigm Transformation...
			gdp.bigm Transformation completed in 4 s
	 - Adding Compressor hydrogen_Compressor_hydrogenPipelineOnshore_lowP_hydrogenPipelineOnshore_lowP
	 - Adding Compressor hydrogen_Compressor_hydrogenPipelineOnshore_lowP_hydrogenPipelineOnshore_highP
	 - Adding Compressor hydrogen_Compressor_hydrogenPipelineOnshore_lowP_Storage_H2_lowP
	 - Adding Compressor hydrogen_Compressor_hydrogenPipelineOnshore_lowP_Demand
	 - Adding Compressor hydrogen_Compressor_hydrogenPipelineOnshore_highP_hydrogenPipelineOnshore_lowP
	 - Adding Compressor hydrogen_Compressor_hydrogenPipelineOnshore_highP_hydrogenPipelineOnshore_highP
	 - Adding Compressor hydrogen_Compressor_hydrogenPipelineOnshore_highP_Storage_H2_lowP
	 - Adding Compressor hydrogen_Compressor_hydrogenPipelineOnshore_highP_Demand
	 - Adding Compressor hydrogen_Compressor_Electrolyzer_small_hydrogenPipelineOnshore_lowP
	 - Adding Compressor hydrogen_Compressor_Electrolyzer_small_hydrogenPipelineOnshore_highP
	 - Adding Compressor hydrogen_Compressor_Electrolyzer_small_Storage_H2_lowP
	 - Adding Compressor hydrogen_Compressor_Electrolyzer_small_Demand
	 - Adding Compressor hydrogen_Compressor_Storage_H2_lowP_hydrogenPipelineOnshore_lowP
	 - Adding Compressor hydrogen_Compressor_Storage_H2_lowP_hydrogenPipelineOnshore_highP
	 - Adding Compressor hydrogen_Compressor_Storage_H2_lowP_Storage_H2_lowP
	 - Adding Compressor hydrogen_Compressor_Storage_H2_lowP_Demand
	 - Adding Technology Electrolyzer_small
	 - Adding Technology Storage_H2_lowP
			gdp.bigm Transformation...
			gdp.bigm Transformation completed in 4 s
	 - Adding Compressor hydrogen_Compressor_hydrogenPipelineOnshore_lowP_hydrogenPipelineOnshore_lowP
	 - Adding Compressor hydrogen_Compressor_hydrogenPipelineOnshore_lowP_hydrogenPipelineOnshore_highP
	 - Adding Compressor hydrogen_Compressor_hydrogenPipelineOnshore_lowP_Storage_H2_lowP
	 - Adding Compressor hydrogen_Compressor_hydrogenPipelineOnshore_lowP_Demand
	 - Adding Compressor hydrogen_Compressor_hydrogenPipelineOnshore_highP_hydrogenPipelineOnshore_lowP
	 - Adding Compressor hydrogen_Compressor_hydrogenPipelineOnshore_highP_hydrogenPipelineOnshore_highP
	 - Adding Compressor hydrogen_Compressor_hydrogenPipelineOnshore_highP_Storage_H2_lowP
	 - Adding Compressor hydrogen_Compressor_hydrogenPipelineOnshore_highP_Demand
	 - Adding Compressor hydrogen_Compressor_Electrolyzer_small_hydrogenPipelineOnshore_lowP
	 - Adding Compressor hydrogen_Compressor_Electrolyzer_small_hydrogenPipelineOnshore_highP
	 - Adding Compressor hydrogen_Compressor_Electrolyzer_small_Storage_H2_lowP
	 - Adding Compressor hydrogen_Compressor_Electrolyzer_small_Demand
	 - Adding Compressor hydrogen_Compressor_Storage_H2_lowP_hydrogenPipelineOnshore_lowP
	 - Adding Compressor hydrogen_Compressor_Storage_H2_lowP_hydrogenPipelineOnshore_highP
	 - Adding Compressor hydrogen_Compressor_Storage_H2_lowP_Storage_H2_lowP
	 - Adding Compressor hydrogen_Compressor_Storage_H2_lowP_Demand
	 - Adding Technology Electrolyzer_small
	 - Adding Technology Storage_H2_lowP
			gdp.bigm Transformation...
			gdp.bigm Transformation completed in 4 s
	 - Adding Compressor hydrogen_Compressor_hydrogenPipelineOnshore_lowP_hydrogenPipelineOnshore_lowP
	 - Adding Compressor hydrogen_Compressor_hydrogenPipelineOnshore_lowP_hydrogenPipelineOnshore_highP
	 - Adding Compressor hydrogen_Compressor_hydrogenPipelineOnshore_lowP_Storage_H2_lowP
	 - Adding Compressor hydrogen_Compressor_hydrogenPipelineOnshore_lowP_Demand
	 - Adding Compressor hydrogen_Compressor_hydrogenPipelineOnshore_highP_hydrogenPipelineOnshore_lowP
	 - Adding Compressor hydrogen_Compressor_hydrogenPipelineOnshore_highP_hydrogenPipelineOnshore_highP
	 - Adding Compressor hydrogen_Compressor_hydrogenPipelineOnshore_highP_Storage_H2_lowP
	 - Adding Compressor hydrogen_Compressor_hydrogenPipelineOnshore_highP_Demand
	 - Adding Compressor hydrogen_Compressor_Electrolyzer_small_hydrogenPipelineOnshore_lowP
	 - Adding Compressor hydrogen_Compressor_Electrolyzer_small_hydrogenPipelineOnshore_highP
	 - Adding Compressor hydrogen_Compressor_Electrolyzer_small_Storage_H2_lowP
	 - Adding Compressor hydrogen_Compressor_Electrolyzer_small_Demand
	 - Adding Compressor hydrogen_Compressor_Storage_H2_lowP_hydrogenPipelineOnshore_lowP
	 - Adding Compressor hydrogen_Compressor_Storage_H2_lowP_hydrogenPipelineOnshore_highP
	 - Adding Compressor hydrogen_Compressor_Storage_H2_lowP_Storage_H2_lowP
	 - Adding Compressor hydrogen_Compressor_Storage_H2_lowP_Demand
	 - Adding Technology Electrolyzer_small
	 - Adding Technology Storage_H2_lowP
			gdp.bigm Transformation...
			gdp.bigm Transformation completed in 4 s
	 - Adding Compressor hydrogen_Compressor_hydrogenPipelineOnshore_lowP_hydrogenPipelineOnshore_lowP
	 - Adding Compressor hydrogen_Compressor_hydrogenPipelineOnshore_lowP_hydrogenPipelineOnshore_highP
	 - Adding Compressor hydrogen_Compressor_hydrogenPipelineOnshore_lowP_Storage_H2_lowP
	 - Adding Compressor hydrogen_Compressor_hydrogenPipelineOnshore_lowP_Demand
	 - Adding Compressor hydrogen_Compressor_hydrogenPipelineOnshore_highP_hydrogenPipelineOnshore_lowP
	 - Adding Compressor hydrogen_Compressor_hydrogenPipelineOnshore_highP_hydrogenPipelineOnshore_highP
	 - Adding Compressor hydrogen_Compressor_hydrogenPipelineOnshore_highP_Storage_H2_lowP
	 - Adding Compressor hydrogen_Compressor_hydrogenPipelineOnshore_highP_Demand
	 - Adding Compressor hydrogen_Compressor_Electrolyzer_small_hydrogenPipelineOnshore_lowP
	 - Adding Compressor hydrogen_Compressor_Electrolyzer_small_hydrogenPipelineOnshore_highP
	 - Adding Compressor hydrogen_Compressor_Electrolyzer_small_Storage_H2_lowP
	 - Adding Compressor hydrogen_Compressor_Electrolyzer_small_Demand
	 - Adding Compressor hydrogen_Compressor_Storage_H2_lowP_hydrogenPipelineOnshore_lowP
	 - Adding Compressor hydrogen_Compressor_Storage_H2_lowP_hydrogenPipelineOnshore_highP
	 - Adding Compressor hydrogen_Compressor_Storage_H2_lowP_Storage_H2_lowP
	 - Adding Compressor hydrogen_Compressor_Storage_H2_lowP_Demand
	 - Adding Technology Storage_H2_Cavern_existing
			gdp.bigm Transformation...
			gdp.bigm Transformation completed in 4 s
	 - Adding Compressor hydrogen_Compressor_hydrogenPipelineOnshore_lowP_hydrogenPipelineOnshore_lowP
	 - Adding Compressor hydrogen_Compressor_hydrogenPipelineOnshore_lowP_hydrogenPipelineOnshore_highP
	 - Adding Compressor hydrogen_Compressor_hydrogenPipelineOnshore_lowP_Storage_H2_Cavern_existing
	 - Adding Compressor hydrogen_Compressor_hydrogenPipelineOnshore_highP_hydrogenPipelineOnshore_lowP
	 - Adding Compressor hydrogen_Compressor_hydrogenPipelineOnshore_highP_hydrogenPipelineOnshore_highP
	 - Adding Compressor hydrogen_Compressor_hydrogenPipelineOnshore_highP_Storage_H2_Cavern_existing
	 - Adding Compressor hydrogen_Compressor_Storage_H2_Cavern_existing_hydrogenPipelineOnshore_lowP
	 - Adding Compressor hydrogen_Compressor_Storage_H2_Cavern_existing_hydrogenPipelineOnshore_highP
	 - Adding Compressor hydrogen_Compressor_Storage_H2_Cavern_existing_Storage_H2_Cavern_existing_existing
Constructing model completed in 438s
Constructing balances...
Constructing balances completed in 17s
Set objective on infrastructure due to willingness to pay
Set parameter OutputFlag to value 1
Set parameter LogFile to value "/gpfs/home3/scur1696/AdOpT-NET0-RegToNation/generic_node_optimization/results/parallel_creation_test_20251124_002357/task_003/t003_parallel_run_0003/userData/20251124003203-1/solver_log.txt"
Solver log file: /gpfs/home3/scur1696/AdOpT-NET0-RegToNation/generic_node_optimization/results/parallel_creation_test_20251124_002357/task_003/t003_parallel_run_0003/userData/20251124003203-1/solver_log.txt
Set parameter TimeLimit to value 180000
Set parameter MIPGap to value 0.01
Set parameter MIPFocus to value 0
Set parameter Threads to value 12
Set parameter NodefileStart to value 60
Set parameter Method to value -1
Set parameter Heuristics to value 0.05
Set parameter Presolve to value 1
Set parameter BranchDir to value 0
Set parameter LPWarmStart to value 0
Set parameter IntFeasTol to value 1e-05
Set parameter FeasibilityTol to value 1e-06
Set parameter Cuts to value -1
Set parameter NumericFocus to value 0
Gurobi Optimizer version 13.0.0 build v13.0.0rc1 (linux64 - "Red Hat Enterprise Linux 9.4 (Plow)")

CPU model: AMD EPYC 9654 96-Core Processor, instruction set [SSE2|AVX|AVX2|AVX512]
Thread count: 192 physical cores, 192 logical processors, using up to 12 threads

Non-default parameters:
TimeLimit  180000
MIPGap  0.01
LPWarmStart  0
NodefileStart  60
Presolve  1
Threads  12

Academic license 2729390 - for non-commercial use only - registered to m.___@uu.nl
Optimize a model with 9050179 rows, 6728544 columns and 21385595 nonzeros (Min)
Model fingerprint: 0x9a9a6e5a
Model has 1 linear objective coefficients
Variable types: 5869892 continuous, 858652 integer (858652 binary)
Coefficient statistics:
  Matrix range     [2e-03, 2e+08]
  Objective range  [1e+00, 1e+00]
  Bounds range     [5e-02, 6e+08]
  RHS range        [1e+00, 8e+09]
Warning: Model contains large matrix coefficients
Warning: Model contains large rhs
         Consider reformulating model or setting NumericFocus parameter
         to avoid numerical issues.
Gurobi Optimizer version 13.0.0 build v13.0.0rc1 (linux64 - "Red Hat Enterprise Linux 9.4 (Plow)")

CPU model: AMD EPYC 9654 96-Core Processor, instruction set [SSE2|AVX|AVX2|AVX512]
Thread count: 192 physical cores, 192 logical processors, using up to 12 threads

Non-default parameters:
TimeLimit  180000
MIPGap  0.01
LPWarmStart  0
NodefileStart  60
Presolve  1
Threads  12

Academic license 2729390 - for non-commercial use only - registered to m.___@uu.nl
Optimize a model with 9050179 rows, 6728544 columns and 21385595 nonzeros (Min)
Model fingerprint: 0xf16edf39
Model has 1 linear objective coefficients
Variable types: 5869892 continuous, 858652 integer (858652 binary)
Coefficient statistics:
  Matrix range     [2e-03, 2e+08]
  Objective range  [1e+00, 1e+00]
  Bounds range     [5e-02, 6e+08]
  RHS range        [1e+00, 6e+09]
Warning: Model contains large matrix coefficients
Warning: Model contains large rhs
         Consider reformulating model or setting NumericFocus parameter
         to avoid numerical issues.
Presolve removed 5361748 rows and 3924941 columns (presolve time = 5s)...
Presolve removed 5528318 rows and 4082751 columns (presolve time = 10s)...
Presolve removed 5361748 rows and 3924941 columns (presolve time = 5s)...
  [CONFIG] Gurobi default env configured: 12 threads per worker
--- Reading in data ---
Input data folder has been checked successfully - no errors occurred.
--- Reading in data complete ---
--- Constructing Model ---
Constructing Investment Period period1
Constructing Investment Period period1 completed
	 - Constructing Network hydrogenPipelineOnshore_lowP
			gdp.bigm Transformation...
			gdp.bigm Transformation completed in 0 s
		 - Constructing Arc BIG1 - BIG2 completed
			gdp.bigm Transformation...
			gdp.bigm Transformation completed in 0 s
		 - Constructing Arc BIG1 - SMALL1 completed
			gdp.bigm Transformation...
			gdp.bigm Transformation completed in 0 s
		 - Constructing Arc BIG1 - SMALL2 completed
			gdp.bigm Transformation...
			gdp.bigm Transformation completed in 0 s
		 - Constructing Arc BIG1 - SMALL3 completed
			gdp.bigm Transformation...
			gdp.bigm Transformation completed in 0 s
		 - Constructing Arc BIG1 - SMALL4 completed
			gdp.bigm Transformation...
			gdp.bigm Transformation completed in 0 s
		 - Constructing Arc BIG1 - STORAGE completed
			gdp.bigm Transformation...
			gdp.bigm Transformation completed in 0 s
		 - Constructing Arc BIG2 - BIG1 completed
			gdp.bigm Transformation...
			gdp.bigm Transformation completed in 0 s
		 - Constructing Arc BIG2 - SMALL1 completed
			gdp.bigm Transformation...
			gdp.bigm Transformation completed in 0 s
		 - Constructing Arc BIG2 - SMALL2 completed
			gdp.bigm Transformation...
			gdp.bigm Transformation completed in 0 s
		 - Constructing Arc BIG2 - SMALL3 completed
			gdp.bigm Transformation...
			gdp.bigm Transformation completed in 0 s
		 - Constructing Arc BIG2 - SMALL4 completed
			gdp.bigm Transformation...
			gdp.bigm Transformation completed in 0 s
		 - Constructing Arc BIG2 - STORAGE completed
			gdp.bigm Transformation...
			gdp.bigm Transformation completed in 0 s
		 - Constructing Arc SMALL1 - BIG1 completed
			gdp.bigm Transformation...
			gdp.bigm Transformation completed in 0 s
		 - Constructing Arc SMALL1 - BIG2 completed
			gdp.bigm Transformation...
			gdp.bigm Transformation completed in 0 s
		 - Constructing Arc SMALL1 - SMALL2 completed
			gdp.bigm Transformation...
			gdp.bigm Transformation completed in 0 s
		 - Constructing Arc SMALL1 - SMALL3 completed
			gdp.bigm Transformation...
			gdp.bigm Transformation completed in 0 s
		 - Constructing Arc SMALL1 - SMALL4 completed
			gdp.bigm Transformation...
			gdp.bigm Transformation completed in 0 s
		 - Constructing Arc SMALL1 - STORAGE completed
			gdp.bigm Transformation...
			gdp.bigm Transformation completed in 0 s
		 - Constructing Arc SMALL2 - BIG1 completed
			gdp.bigm Transformation...
			gdp.bigm Transformation completed in 0 s
		 - Constructing Arc SMALL2 - BIG2 completed
			gdp.bigm Transformation...
			gdp.bigm Transformation completed in 0 s
		 - Constructing Arc SMALL2 - SMALL1 completed
			gdp.bigm Transformation...
			gdp.bigm Transformation completed in 0 s
		 - Constructing Arc SMALL2 - SMALL3 completed
			gdp.bigm Transformation...
			gdp.bigm Transformation completed in 0 s
		 - Constructing Arc SMALL2 - SMALL4 completed
			gdp.bigm Transformation...
			gdp.bigm Transformation completed in 0 s
		 - Constructing Arc SMALL2 - STORAGE completed
			gdp.bigm Transformation...
			gdp.bigm Transformation completed in 0 s
		 - Constructing Arc SMALL3 - BIG1 completed
			gdp.bigm Transformation...
			gdp.bigm Transformation completed in 0 s
		 - Constructing Arc SMALL3 - BIG2 completed
			gdp.bigm Transformation...
			gdp.bigm Transformation completed in 0 s
		 - Constructing Arc SMALL3 - SMALL1 completed
			gdp.bigm Transformation...
			gdp.bigm Transformation completed in 0 s
		 - Constructing Arc SMALL3 - SMALL2 completed
			gdp.bigm Transformation...
			gdp.bigm Transformation completed in 0 s
		 - Constructing Arc SMALL3 - SMALL4 completed
			gdp.bigm Transformation...
			gdp.bigm Transformation completed in 0 s
		 - Constructing Arc SMALL3 - STORAGE completed
			gdp.bigm Transformation...
			gdp.bigm Transformation completed in 0 s
		 - Constructing Arc SMALL4 - BIG1 completed
			gdp.bigm Transformation...
			gdp.bigm Transformation completed in 0 s
		 - Constructing Arc SMALL4 - BIG2 completed
			gdp.bigm Transformation...
			gdp.bigm Transformation completed in 0 s
		 - Constructing Arc SMALL4 - SMALL1 completed
			gdp.bigm Transformation...
			gdp.bigm Transformation completed in 0 s
		 - Constructing Arc SMALL4 - SMALL2 completed
			gdp.bigm Transformation...
			gdp.bigm Transformation completed in 0 s
		 - Constructing Arc SMALL4 - SMALL3 completed
			gdp.bigm Transformation...
			gdp.bigm Transformation completed in 0 s
		 - Constructing Arc SMALL4 - STORAGE completed
			gdp.bigm Transformation...
			gdp.bigm Transformation completed in 0 s
		 - Constructing Arc STORAGE - BIG1 completed
			gdp.bigm Transformation...
			gdp.bigm Transformation completed in 0 s
		 - Constructing Arc STORAGE - BIG2 completed
			gdp.bigm Transformation...
			gdp.bigm Transformation completed in 0 s
		 - Constructing Arc STORAGE - SMALL1 completed
			gdp.bigm Transformation...
			gdp.bigm Transformation completed in 0 s
		 - Constructing Arc STORAGE - SMALL2 completed
			gdp.bigm Transformation...
			gdp.bigm Transformation completed in 0 s
		 - Constructing Arc STORAGE - SMALL3 completed
			gdp.bigm Transformation...
			gdp.bigm Transformation completed in 0 s
		 - Constructing Arc STORAGE - SMALL4 completed
	 - Constructing Network hydrogenPipelineOnshore_lowP completed
			gdp.bigm Transformation...
			gdp.bigm Transformation completed in 79 s
	 - Constructing Network hydrogenPipelineOnshore_highP
			gdp.bigm Transformation...
			gdp.bigm Transformation completed in 0 s
		 - Constructing Arc BIG1 - BIG2 completed
			gdp.bigm Transformation...
			gdp.bigm Transformation completed in 0 s
		 - Constructing Arc BIG1 - SMALL1 completed
			gdp.bigm Transformation...
			gdp.bigm Transformation completed in 0 s
		 - Constructing Arc BIG1 - SMALL2 completed
			gdp.bigm Transformation...
			gdp.bigm Transformation completed in 0 s
		 - Constructing Arc BIG1 - SMALL3 completed
			gdp.bigm Transformation...
			gdp.bigm Transformation completed in 0 s
		 - Constructing Arc BIG1 - SMALL4 completed
			gdp.bigm Transformation...
			gdp.bigm Transformation completed in 0 s
		 - Constructing Arc BIG1 - STORAGE completed
			gdp.bigm Transformation...
			gdp.bigm Transformation completed in 0 s
		 - Constructing Arc BIG2 - BIG1 completed
			gdp.bigm Transformation...
			gdp.bigm Transformation completed in 0 s
		 - Constructing Arc BIG2 - SMALL1 completed
			gdp.bigm Transformation...
			gdp.bigm Transformation completed in 0 s
		 - Constructing Arc BIG2 - SMALL2 completed
			gdp.bigm Transformation...
			gdp.bigm Transformation completed in 0 s
		 - Constructing Arc BIG2 - SMALL3 completed
			gdp.bigm Transformation...
			gdp.bigm Transformation completed in 0 s
		 - Constructing Arc BIG2 - SMALL4 completed
			gdp.bigm Transformation...
			gdp.bigm Transformation completed in 0 s
		 - Constructing Arc BIG2 - STORAGE completed
			gdp.bigm Transformation...
			gdp.bigm Transformation completed in 0 s
		 - Constructing Arc SMALL1 - BIG1 completed
			gdp.bigm Transformation...
			gdp.bigm Transformation completed in 0 s
		 - Constructing Arc SMALL1 - BIG2 completed
			gdp.bigm Transformation...
			gdp.bigm Transformation completed in 0 s
		 - Constructing Arc SMALL1 - SMALL2 completed
			gdp.bigm Transformation...
			gdp.bigm Transformation completed in 0 s
		 - Constructing Arc SMALL1 - SMALL3 completed
			gdp.bigm Transformation...
			gdp.bigm Transformation completed in 0 s
		 - Constructing Arc SMALL1 - SMALL4 completed
			gdp.bigm Transformation...
			gdp.bigm Transformation completed in 0 s
		 - Constructing Arc SMALL1 - STORAGE completed
			gdp.bigm Transformation...
			gdp.bigm Transformation completed in 0 s
		 - Constructing Arc SMALL2 - BIG1 completed
			gdp.bigm Transformation...
			gdp.bigm Transformation completed in 0 s
		 - Constructing Arc SMALL2 - BIG2 completed
			gdp.bigm Transformation...
			gdp.bigm Transformation completed in 0 s
		 - Constructing Arc SMALL2 - SMALL1 completed
			gdp.bigm Transformation...
			gdp.bigm Transformation completed in 0 s
		 - Constructing Arc SMALL2 - SMALL3 completed
			gdp.bigm Transformation...
			gdp.bigm Transformation completed in 0 s
		 - Constructing Arc SMALL2 - SMALL4 completed
			gdp.bigm Transformation...
			gdp.bigm Transformation completed in 0 s
		 - Constructing Arc SMALL2 - STORAGE completed
			gdp.bigm Transformation...
			gdp.bigm Transformation completed in 0 s
		 - Constructing Arc SMALL3 - BIG1 completed
			gdp.bigm Transformation...
			gdp.bigm Transformation completed in 0 s
		 - Constructing Arc SMALL3 - BIG2 completed
			gdp.bigm Transformation...
			gdp.bigm Transformation completed in 0 s
		 - Constructing Arc SMALL3 - SMALL1 completed
			gdp.bigm Transformation...
			gdp.bigm Transformation completed in 0 s
		 - Constructing Arc SMALL3 - SMALL2 completed
			gdp.bigm Transformation...
			gdp.bigm Transformation completed in 0 s
		 - Constructing Arc SMALL3 - SMALL4 completed
			gdp.bigm Transformation...
			gdp.bigm Transformation completed in 0 s
		 - Constructing Arc SMALL3 - STORAGE completed
			gdp.bigm Transformation...
			gdp.bigm Transformation completed in 0 s
		 - Constructing Arc SMALL4 - BIG1 completed
			gdp.bigm Transformation...
			gdp.bigm Transformation completed in 0 s
		 - Constructing Arc SMALL4 - BIG2 completed
			gdp.bigm Transformation...
			gdp.bigm Transformation completed in 0 s
		 - Constructing Arc SMALL4 - SMALL1 completed
			gdp.bigm Transformation...
			gdp.bigm Transformation completed in 0 s
		 - Constructing Arc SMALL4 - SMALL2 completed
			gdp.bigm Transformation...
			gdp.bigm Transformation completed in 0 s
		 - Constructing Arc SMALL4 - SMALL3 completed
			gdp.bigm Transformation...
			gdp.bigm Transformation completed in 0 s
		 - Constructing Arc SMALL4 - STORAGE completed
			gdp.bigm Transformation...
			gdp.bigm Transformation completed in 0 s
		 - Constructing Arc STORAGE - BIG1 completed
			gdp.bigm Transformation...
			gdp.bigm Transformation completed in 0 s
		 - Constructing Arc STORAGE - BIG2 completed
			gdp.bigm Transformation...
			gdp.bigm Transformation completed in 0 s
		 - Constructing Arc STORAGE - SMALL1 completed
			gdp.bigm Transformation...
			gdp.bigm Transformation completed in 0 s
		 - Constructing Arc STORAGE - SMALL2 completed
			gdp.bigm Transformation...
			gdp.bigm Transformation completed in 0 s
		 - Constructing Arc STORAGE - SMALL3 completed
			gdp.bigm Transformation...
			gdp.bigm Transformation completed in 0 s
		 - Constructing Arc STORAGE - SMALL4 completed
	 - Constructing Network hydrogenPipelineOnshore_highP completed
			gdp.bigm Transformation...
			gdp.bigm Transformation completed in 79 s
	 - Adding Technology Electrolyzer_big
			gdp.bigm Transformation...
			gdp.bigm Transformation completed in 0 s
	 - Adding Technology Storage_H2_highP
			gdp.bigm Transformation...
			gdp.bigm Transformation completed in 4 s
	 - Adding Compressor hydrogen_Compressor_hydrogenPipelineOnshore_lowP_hydrogenPipelineOnshore_lowP
	 - Adding Compressor hydrogen_Compressor_hydrogenPipelineOnshore_lowP_hydrogenPipelineOnshore_highP
	 - Adding Compressor hydrogen_Compressor_hydrogenPipelineOnshore_lowP_Storage_H2_highP
	 - Adding Compressor hydrogen_Compressor_hydrogenPipelineOnshore_lowP_Demand
	 - Adding Compressor hydrogen_Compressor_hydrogenPipelineOnshore_highP_hydrogenPipelineOnshore_lowP
	 - Adding Compressor hydrogen_Compressor_hydrogenPipelineOnshore_highP_hydrogenPipelineOnshore_highP
	 - Adding Compressor hydrogen_Compressor_hydrogenPipelineOnshore_highP_Storage_H2_highP
	 - Adding Compressor hydrogen_Compressor_hydrogenPipelineOnshore_highP_Demand
	 - Adding Compressor hydrogen_Compressor_Electrolyzer_big_hydrogenPipelineOnshore_lowP
	 - Adding Compressor hydrogen_Compressor_Electrolyzer_big_hydrogenPipelineOnshore_highP
	 - Adding Compressor hydrogen_Compressor_Electrolyzer_big_Storage_H2_highP
	 - Adding Compressor hydrogen_Compressor_Electrolyzer_big_Demand
	 - Adding Compressor hydrogen_Compressor_Storage_H2_highP_hydrogenPipelineOnshore_lowP
	 - Adding Compressor hydrogen_Compressor_Storage_H2_highP_hydrogenPipelineOnshore_highP
	 - Adding Compressor hydrogen_Compressor_Storage_H2_highP_Storage_H2_highP
	 - Adding Compressor hydrogen_Compressor_Storage_H2_highP_Demand
	 - Adding Compressor hydrogen_Compressor_Import_hydrogenPipelineOnshore_lowP
	 - Adding Compressor hydrogen_Compressor_Import_hydrogenPipelineOnshore_highP
	 - Adding Compressor hydrogen_Compressor_Import_Storage_H2_highP
	 - Adding Compressor hydrogen_Compressor_Import_Demand_existing
	 - Adding Technology Electrolyzer_big
			gdp.bigm Transformation...
			gdp.bigm Transformation completed in 0 s
	 - Adding Technology Storage_H2_highP
			gdp.bigm Transformation...
			gdp.bigm Transformation completed in 4 s
	 - Adding Compressor hydrogen_Compressor_hydrogenPipelineOnshore_lowP_hydrogenPipelineOnshore_lowP
	 - Adding Compressor hydrogen_Compressor_hydrogenPipelineOnshore_lowP_hydrogenPipelineOnshore_highP
	 - Adding Compressor hydrogen_Compressor_hydrogenPipelineOnshore_lowP_Storage_H2_highP
	 - Adding Compressor hydrogen_Compressor_hydrogenPipelineOnshore_lowP_Demand
	 - Adding Compressor hydrogen_Compressor_hydrogenPipelineOnshore_highP_hydrogenPipelineOnshore_lowP
	 - Adding Compressor hydrogen_Compressor_hydrogenPipelineOnshore_highP_hydrogenPipelineOnshore_highP
	 - Adding Compressor hydrogen_Compressor_hydrogenPipelineOnshore_highP_Storage_H2_highP
	 - Adding Compressor hydrogen_Compressor_hydrogenPipelineOnshore_highP_Demand
	 - Adding Compressor hydrogen_Compressor_Electrolyzer_big_hydrogenPipelineOnshore_lowP
	 - Adding Compressor hydrogen_Compressor_Electrolyzer_big_hydrogenPipelineOnshore_highP
	 - Adding Compressor hydrogen_Compressor_Electrolyzer_big_Storage_H2_highP
	 - Adding Compressor hydrogen_Compressor_Electrolyzer_big_Demand
	 - Adding Compressor hydrogen_Compressor_Storage_H2_highP_hydrogenPipelineOnshore_lowP
	 - Adding Compressor hydrogen_Compressor_Storage_H2_highP_hydrogenPipelineOnshore_highP
	 - Adding Compressor hydrogen_Compressor_Storage_H2_highP_Storage_H2_highP
	 - Adding Compressor hydrogen_Compressor_Storage_H2_highP_Demand
	 - Adding Compressor hydrogen_Compressor_Import_hydrogenPipelineOnshore_lowP
	 - Adding Compressor hydrogen_Compressor_Import_hydrogenPipelineOnshore_highP
	 - Adding Compressor hydrogen_Compressor_Import_Storage_H2_highP
	 - Adding Compressor hydrogen_Compressor_Import_Demand_existing
	 - Adding Technology Electrolyzer_small
	 - Adding Technology Storage_H2_lowP
			gdp.bigm Transformation...
			gdp.bigm Transformation completed in 4 s
	 - Adding Compressor hydrogen_Compressor_hydrogenPipelineOnshore_lowP_hydrogenPipelineOnshore_lowP
	 - Adding Compressor hydrogen_Compressor_hydrogenPipelineOnshore_lowP_hydrogenPipelineOnshore_highP
	 - Adding Compressor hydrogen_Compressor_hydrogenPipelineOnshore_lowP_Storage_H2_lowP
	 - Adding Compressor hydrogen_Compressor_hydrogenPipelineOnshore_lowP_Demand
	 - Adding Compressor hydrogen_Compressor_hydrogenPipelineOnshore_highP_hydrogenPipelineOnshore_lowP
	 - Adding Compressor hydrogen_Compressor_hydrogenPipelineOnshore_highP_hydrogenPipelineOnshore_highP
	 - Adding Compressor hydrogen_Compressor_hydrogenPipelineOnshore_highP_Storage_H2_lowP
	 - Adding Compressor hydrogen_Compressor_hydrogenPipelineOnshore_highP_Demand
	 - Adding Compressor hydrogen_Compressor_Electrolyzer_small_hydrogenPipelineOnshore_lowP
	 - Adding Compressor hydrogen_Compressor_Electrolyzer_small_hydrogenPipelineOnshore_highP
	 - Adding Compressor hydrogen_Compressor_Electrolyzer_small_Storage_H2_lowP
	 - Adding Compressor hydrogen_Compressor_Electrolyzer_small_Demand
	 - Adding Compressor hydrogen_Compressor_Storage_H2_lowP_hydrogenPipelineOnshore_lowP
	 - Adding Compressor hydrogen_Compressor_Storage_H2_lowP_hydrogenPipelineOnshore_highP
	 - Adding Compressor hydrogen_Compressor_Storage_H2_lowP_Storage_H2_lowP
	 - Adding Compressor hydrogen_Compressor_Storage_H2_lowP_Demand
	 - Adding Technology Electrolyzer_small
	 - Adding Technology Storage_H2_lowP
			gdp.bigm Transformation...
			gdp.bigm Transformation completed in 4 s
	 - Adding Compressor hydrogen_Compressor_hydrogenPipelineOnshore_lowP_hydrogenPipelineOnshore_lowP
	 - Adding Compressor hydrogen_Compressor_hydrogenPipelineOnshore_lowP_hydrogenPipelineOnshore_highP
	 - Adding Compressor hydrogen_Compressor_hydrogenPipelineOnshore_lowP_Storage_H2_lowP
	 - Adding Compressor hydrogen_Compressor_hydrogenPipelineOnshore_lowP_Demand
	 - Adding Compressor hydrogen_Compressor_hydrogenPipelineOnshore_highP_hydrogenPipelineOnshore_lowP
	 - Adding Compressor hydrogen_Compressor_hydrogenPipelineOnshore_highP_hydrogenPipelineOnshore_highP
	 - Adding Compressor hydrogen_Compressor_hydrogenPipelineOnshore_highP_Storage_H2_lowP
	 - Adding Compressor hydrogen_Compressor_hydrogenPipelineOnshore_highP_Demand
	 - Adding Compressor hydrogen_Compressor_Electrolyzer_small_hydrogenPipelineOnshore_lowP
	 - Adding Compressor hydrogen_Compressor_Electrolyzer_small_hydrogenPipelineOnshore_highP
	 - Adding Compressor hydrogen_Compressor_Electrolyzer_small_Storage_H2_lowP
	 - Adding Compressor hydrogen_Compressor_Electrolyzer_small_Demand
	 - Adding Compressor hydrogen_Compressor_Storage_H2_lowP_hydrogenPipelineOnshore_lowP
	 - Adding Compressor hydrogen_Compressor_Storage_H2_lowP_hydrogenPipelineOnshore_highP
	 - Adding Compressor hydrogen_Compressor_Storage_H2_lowP_Storage_H2_lowP
	 - Adding Compressor hydrogen_Compressor_Storage_H2_lowP_Demand
	 - Adding Technology Electrolyzer_small
	 - Adding Technology Storage_H2_lowP
			gdp.bigm Transformation...
			gdp.bigm Transformation completed in 4 s
	 - Adding Compressor hydrogen_Compressor_hydrogenPipelineOnshore_lowP_hydrogenPipelineOnshore_lowP
	 - Adding Compressor hydrogen_Compressor_hydrogenPipelineOnshore_lowP_hydrogenPipelineOnshore_highP
	 - Adding Compressor hydrogen_Compressor_hydrogenPipelineOnshore_lowP_Storage_H2_lowP
	 - Adding Compressor hydrogen_Compressor_hydrogenPipelineOnshore_lowP_Demand
	 - Adding Compressor hydrogen_Compressor_hydrogenPipelineOnshore_highP_hydrogenPipelineOnshore_lowP
	 - Adding Compressor hydrogen_Compressor_hydrogenPipelineOnshore_highP_hydrogenPipelineOnshore_highP
	 - Adding Compressor hydrogen_Compressor_hydrogenPipelineOnshore_highP_Storage_H2_lowP
	 - Adding Compressor hydrogen_Compressor_hydrogenPipelineOnshore_highP_Demand
	 - Adding Compressor hydrogen_Compressor_Electrolyzer_small_hydrogenPipelineOnshore_lowP
	 - Adding Compressor hydrogen_Compressor_Electrolyzer_small_hydrogenPipelineOnshore_highP
	 - Adding Compressor hydrogen_Compressor_Electrolyzer_small_Storage_H2_lowP
	 - Adding Compressor hydrogen_Compressor_Electrolyzer_small_Demand
	 - Adding Compressor hydrogen_Compressor_Storage_H2_lowP_hydrogenPipelineOnshore_lowP
	 - Adding Compressor hydrogen_Compressor_Storage_H2_lowP_hydrogenPipelineOnshore_highP
	 - Adding Compressor hydrogen_Compressor_Storage_H2_lowP_Storage_H2_lowP
	 - Adding Compressor hydrogen_Compressor_Storage_H2_lowP_Demand
	 - Adding Technology Electrolyzer_small
	 - Adding Technology Storage_H2_lowP
			gdp.bigm Transformation...
			gdp.bigm Transformation completed in 4 s
	 - Adding Compressor hydrogen_Compressor_hydrogenPipelineOnshore_lowP_hydrogenPipelineOnshore_lowP
	 - Adding Compressor hydrogen_Compressor_hydrogenPipelineOnshore_lowP_hydrogenPipelineOnshore_highP
	 - Adding Compressor hydrogen_Compressor_hydrogenPipelineOnshore_lowP_Storage_H2_lowP
	 - Adding Compressor hydrogen_Compressor_hydrogenPipelineOnshore_lowP_Demand
	 - Adding Compressor hydrogen_Compressor_hydrogenPipelineOnshore_highP_hydrogenPipelineOnshore_lowP
	 - Adding Compressor hydrogen_Compressor_hydrogenPipelineOnshore_highP_hydrogenPipelineOnshore_highP
	 - Adding Compressor hydrogen_Compressor_hydrogenPipelineOnshore_highP_Storage_H2_lowP
	 - Adding Compressor hydrogen_Compressor_hydrogenPipelineOnshore_highP_Demand
	 - Adding Compressor hydrogen_Compressor_Electrolyzer_small_hydrogenPipelineOnshore_lowP
	 - Adding Compressor hydrogen_Compressor_Electrolyzer_small_hydrogenPipelineOnshore_highP
	 - Adding Compressor hydrogen_Compressor_Electrolyzer_small_Storage_H2_lowP
	 - Adding Compressor hydrogen_Compressor_Electrolyzer_small_Demand
	 - Adding Compressor hydrogen_Compressor_Storage_H2_lowP_hydrogenPipelineOnshore_lowP
	 - Adding Compressor hydrogen_Compressor_Storage_H2_lowP_hydrogenPipelineOnshore_highP
	 - Adding Compressor hydrogen_Compressor_Storage_H2_lowP_Storage_H2_lowP
	 - Adding Compressor hydrogen_Compressor_Storage_H2_lowP_Demand
	 - Adding Technology Storage_H2_Cavern_existing
			gdp.bigm Transformation...
			gdp.bigm Transformation completed in 4 s
	 - Adding Compressor hydrogen_Compressor_hydrogenPipelineOnshore_lowP_hydrogenPipelineOnshore_lowP
	 - Adding Compressor hydrogen_Compressor_hydrogenPipelineOnshore_lowP_hydrogenPipelineOnshore_highP
	 - Adding Compressor hydrogen_Compressor_hydrogenPipelineOnshore_lowP_Storage_H2_Cavern_existing
	 - Adding Compressor hydrogen_Compressor_hydrogenPipelineOnshore_highP_hydrogenPipelineOnshore_lowP
	 - Adding Compressor hydrogen_Compressor_hydrogenPipelineOnshore_highP_hydrogenPipelineOnshore_highP
	 - Adding Compressor hydrogen_Compressor_hydrogenPipelineOnshore_highP_Storage_H2_Cavern_existing
	 - Adding Compressor hydrogen_Compressor_Storage_H2_Cavern_existing_hydrogenPipelineOnshore_lowP
	 - Adding Compressor hydrogen_Compressor_Storage_H2_Cavern_existing_hydrogenPipelineOnshore_highP
	 - Adding Compressor hydrogen_Compressor_Storage_H2_Cavern_existing_Storage_H2_Cavern_existing_existing
Constructing model completed in 446s
Constructing balances...
Constructing balances completed in 17s
Set objective on infrastructure due to willingness to pay
Set parameter OutputFlag to value 1
Set parameter LogFile to value "/gpfs/home3/scur1696/AdOpT-NET0-RegToNation/generic_node_optimization/results/parallel_creation_test_20251124_002357/task_003/t003_parallel_run_0002/userData/20251124003212-1/solver_log.txt"
Solver log file: /gpfs/home3/scur1696/AdOpT-NET0-RegToNation/generic_node_optimization/results/parallel_creation_test_20251124_002357/task_003/t003_parallel_run_0002/userData/20251124003212-1/solver_log.txt
Set parameter TimeLimit to value 180000
Set parameter MIPGap to value 0.01
Set parameter MIPFocus to value 0
Set parameter Threads to value 12
Set parameter NodefileStart to value 60
Set parameter Method to value -1
Set parameter Heuristics to value 0.05
Set parameter Presolve to value 1
Set parameter BranchDir to value 0
Set parameter LPWarmStart to value 0
Set parameter IntFeasTol to value 1e-05
Set parameter FeasibilityTol to value 1e-06
Set parameter Cuts to value -1
Set parameter NumericFocus to value 0
Presolve removed 5361748 rows and 3924941 columns (presolve time = 5s)...
Presolve removed 5528318 rows and 4082751 columns (presolve time = 15s)...
Presolve removed 5528318 rows and 4082751 columns (presolve time = 10s)...
Gurobi Optimizer version 13.0.0 build v13.0.0rc1 (linux64 - "Red Hat Enterprise Linux 9.4 (Plow)")

CPU model: AMD EPYC 9654 96-Core Processor, instruction set [SSE2|AVX|AVX2|AVX512]
Thread count: 192 physical cores, 192 logical processors, using up to 12 threads

Non-default parameters:
TimeLimit  180000
MIPGap  0.01
LPWarmStart  0
NodefileStart  60
Presolve  1
Threads  12

Academic license 2729390 - for non-commercial use only - registered to m.___@uu.nl
Optimize a model with 9050179 rows, 6728544 columns and 21385595 nonzeros (Min)
Model fingerprint: 0x9c5a2488
Model has 1 linear objective coefficients
Variable types: 5869892 continuous, 858652 integer (858652 binary)
Coefficient statistics:
  Matrix range     [2e-03, 2e+08]
  Objective range  [1e+00, 1e+00]
  Bounds range     [5e-02, 6e+08]
  RHS range        [1e+00, 7e+09]
Warning: Model contains large matrix coefficients
Warning: Model contains large rhs
         Consider reformulating model or setting NumericFocus parameter
         to avoid numerical issues.
Presolve removed 5528318 rows and 4082751 columns (presolve time = 10s)...
Presolve removed 5528318 rows and 4082751 columns (presolve time = 20s)...
Presolve removed 5528318 rows and 4082751 columns (presolve time = 15s)...
Presolve removed 5528318 rows and 4082751 columns (presolve time = 15s)...
Presolve removed 5528318 rows and 4082751 columns (presolve time = 25s)...
Presolve removed 5528318 rows and 4082751 columns (presolve time = 20s)...
Presolve removed 5361748 rows and 3924941 columns (presolve time = 5s)...
Presolve removed 5528318 rows and 4082751 columns (presolve time = 20s)...
Presolve removed 5528402 rows and 4144060 columns (presolve time = 30s)...
Presolve removed 5528318 rows and 4082751 columns (presolve time = 10s)...
Presolve removed 5528318 rows and 4082751 columns (presolve time = 26s)...
Presolve removed 5528318 rows and 4082751 columns (presolve time = 26s)...
Presolve removed 5554859 rows and 4161684 columns (presolve time = 35s)...
Presolve removed 5545984 rows and 4161642 columns (presolve time = 30s)...
Presolve removed 5528318 rows and 4082751 columns (presolve time = 15s)...
Presolve removed 5545984 rows and 4161642 columns (presolve time = 30s)...
Presolve removed 5554859 rows and 4161684 columns (presolve time = 40s)...
Presolve removed 5554859 rows and 4161684 columns (presolve time = 35s)...
Presolve removed 5528318 rows and 4082751 columns (presolve time = 20s)...
Presolve removed 5554859 rows and 4161684 columns (presolve time = 35s)...
Presolve removed 5554859 rows and 4161684 columns
Presolve time: 43.42s
Presolved: 3495320 rows, 2566860 columns, 11519758 nonzeros
Presolve removed 5554859 rows and 4161684 columns (presolve time = 40s)...
Presolve removed 5528318 rows and 4082751 columns (presolve time = 26s)...
Presolve removed 5554859 rows and 4161684 columns
Presolve time: 41.59s
Presolved: 3495320 rows, 2566860 columns, 11519758 nonzeros
Presolve removed 5554859 rows and 4161684 columns (presolve time = 40s)...
Presolve removed 5554859 rows and 4161684 columns
Presolve time: 42.01s
Presolved: 3495320 rows, 2566860 columns, 11519758 nonzeros
Presolve removed 5545984 rows and 4161642 columns (presolve time = 30s)...
Variable types: 2137576 continuous, 429284 integer (429284 binary)
Variable types: 2137576 continuous, 429284 integer (429284 binary)
Presolve removed 5554859 rows and 4161684 columns (presolve time = 35s)...
Variable types: 2137576 continuous, 429284 integer (429284 binary)
Presolve removed 5554859 rows and 4161684 columns (presolve time = 40s)...
Presolve removed 5554859 rows and 4161684 columns
Presolve time: 42.08s
Presolved: 3495320 rows, 2566860 columns, 11519758 nonzeros
Variable types: 2137576 continuous, 429284 integer (429284 binary)
Deterministic concurrent LP optimizer: primal simplex, dual simplex, and barrier
Showing barrier log only...

Root barrier log...

Found heuristic solution: objective 4.931922e+07
Ordering time: 3.01s
Deterministic concurrent LP optimizer: primal simplex, dual simplex, and barrier
Showing barrier log only...


Barrier statistics:
 Dense cols : 103
 AA' NZ     : 1.544e+07
 Factor NZ  : 6.646e+07 (roughly 2.7 GB of memory)
 Factor Ops : 4.437e+09 (less than 1 second per iteration)
 Threads    : 9
Root barrier log...


                  Objective                Residual
Iter       Primal          Dual         Primal    Dual     Compl     Time
   0   1.23641901e+10 -2.63424583e+11  4.00e+09 1.01e+01  7.51e+07    87s
   1   1.32981335e+10 -5.63318689e+11  3.88e+09 1.57e+02  7.17e+07    89s
Ordering time: 3.74s
   2   8.39562050e+09 -4.87691993e+11  2.16e+09 4.40e+00  4.00e+07    91s

Barrier statistics:
 Dense cols : 103
 AA' NZ     : 1.544e+07
 Factor NZ  : 6.646e+07 (roughly 2.7 GB of memory)
 Factor Ops : 4.437e+09 (less than 1 second per iteration)
 Threads    : 9
   3   3.29535918e+09 -4.33302938e+11  2.22e+08 1.42e-05  4.25e+06    94s

                  Objective                Residual
Iter       Primal          Dual         Primal    Dual     Compl     Time
   0   2.01604772e+10 -2.60333410e+11  6.62e+09 1.46e+01  1.28e+08    86s
   1   2.15228142e+10 -5.65589167e+11  6.42e+09 1.56e+02  1.23e+08    88s
   4   2.95345220e+09 -2.97589505e+11  6.35e+06 4.94e-06  1.63e+05    96s
   2   1.29653483e+10 -5.03328125e+11  3.57e+09 2.71e+00  6.93e+07    90s
Deterministic concurrent LP optimizer: primal simplex, dual simplex, and barrier
Showing barrier log only...

   5   2.94838426e+09 -2.69763825e+11  4.36e+06 4.18e-06  1.20e+05    98s
Root barrier log...

   3   4.22761843e+09 -4.53630727e+11  5.35e+08 7.27e-06  1.08e+07    92s
   6   2.94923825e+09 -1.98414164e+11  3.08e+06 4.79e-04  8.23e+04   100s
   7   2.63378913e+09 -1.84582333e+11  1.76e+06 4.70e-04  5.78e+04   102s
   4   2.95875527e+09 -3.48981831e+11  2.14e+07 7.92e-05  4.78e+05    95s
Ordering time: 2.94s
   8   1.96521062e+09 -1.21590534e+11  6.55e+05 2.76e-04  2.86e+04   104s
   5   2.96044828e+09 -3.22341445e+11  1.14e+07 6.03e-05  2.73e+05    96s

Barrier statistics:
 Dense cols : 103
 AA' NZ     : 1.544e+07
 Factor NZ  : 6.646e+07 (roughly 2.7 GB of memory)
 Factor Ops : 4.437e+09 (less than 1 second per iteration)
 Threads    : 9
   6   2.96018858e+09 -3.15308683e+11  1.12e+07 5.83e-05  2.67e+05    98s
   9   1.59491218e+09 -5.78169113e+10  1.58e+05 4.86e-06  1.08e+04   106s

                  Objective                Residual
Iter       Primal          Dual         Primal    Dual     Compl     Time
   0   1.99015186e+10 -2.57544921e+11  7.35e+09 1.30e+01  1.27e+08    86s
   7   2.96126105e+09 -3.13677258e+11  1.06e+07 5.76e-05  2.55e+05    99s
  10   1.46114856e+09 -2.77834529e+10  1.14e+04 1.89e-05  4.55e+03   108s
   1   2.12272528e+10 -4.22159431e+11  7.12e+09 6.72e+01  1.15e+08    87s
   8   2.96856276e+09 -1.58997652e+11  6.37e+06 2.25e-05  1.38e+05   101s
  11   1.43839731e+09 -1.10013147e+10  5.43e+03 1.75e-05  1.92e+03   109s
  12   1.30221656e+09 -5.83678774e+09  1.61e+02 9.44e-06  1.09e+03   111s
   2   1.37068567e+10 -3.96492605e+11  4.26e+09 3.73e+00  7.00e+07    90s
   9   2.27188431e+09 -1.45335086e+11  4.34e+06 2.05e-05  9.97e+04   103s
  13   1.24603484e+09 -3.22233922e+09  1.20e+02 5.59e-06  6.84e+02   112s
  10   2.24478563e+09 -1.16330854e+11  4.20e+06 1.29e-05  9.26e+04   105s
  14   8.43412979e+08 -2.61159205e+09  1.05e+01 4.69e-06  5.29e+02   114s
   3   5.08914413e+09 -3.75051239e+11  9.08e+08 1.68e-06  1.55e+07    93s
  11   2.11599729e+09 -1.12935215e+11  3.84e+06 1.20e-05  8.55e+04   107s
   4   3.04178427e+09 -3.24829967e+11  3.30e+07 3.26e-07  6.08e+05    95s
  12   1.67925334e+09 -8.16889415e+10  2.95e+06 1.19e-05  6.37e+04   108s
  15   3.97500901e+08 -8.49789754e+08  1.59e+00 1.59e-06  1.91e+02   116s
   5   3.01842941e+09 -2.67629726e+11  1.10e+07 1.70e-07  2.23e+05    97s
  13   1.05416199e+09 -5.49973350e+10  1.85e+06 1.85e-05  3.98e+04   110s
  16   3.31936198e+08 -8.12814834e+08  1.21e+00 1.51e-06  1.75e+02   119s
   6   3.01816204e+09 -2.65410886e+11  1.07e+07 1.66e-07  2.16e+05    98s
  14   3.55366487e+08 -3.08639697e+10  2.75e+05 1.88e-05  9.24e+03   112s
  17   3.27916683e+08 -7.82850253e+08  1.19e+00 1.47e-06  1.70e+02   120s
   7   3.01784750e+09 -2.57715140e+11  1.02e+07 1.55e-07  2.07e+05   100s
  18   3.19300615e+08 -7.02047265e+08  1.15e+00 1.31e-06  1.56e+02   122s
  15   3.01687665e+08 -1.67318337e+10  1.45e+05 3.85e-05  4.49e+03   115s
   8   3.01673061e+09 -2.43591715e+11  9.45e+06 1.47e-07  1.90e+05   102s
  19   3.06836033e+08 -5.25635469e+08  1.09e+00 9.88e-07  1.27e+02   123s
Deterministic concurrent LP optimizer: primal simplex, dual simplex, and barrier
Showing barrier log only...

  20   2.87426834e+08 -2.84682607e+08  9.76e-01 6.21e-07  8.75e+01   125s
  16   2.66405403e+08 -6.53837482e+09  6.95e+04 1.62e-05  1.62e+03   118s
   9   2.99447814e+09 -1.69297951e+11  5.37e+06 2.31e-07  1.09e+05   106s
Root barrier log...

  17   2.64910644e+08 -4.94320310e+09  6.63e+04 3.60e-05  1.26e+03   120s
  21   1.93545701e+08 -1.32435309e+08  5.43e-01 3.42e-07  4.99e+01   128s
  10   2.42269601e+09 -1.46638563e+11  4.06e+06 1.58e-07  8.44e+04   108s
  18   2.40752352e+08 -2.79948357e+09  1.12e+04 5.05e-05  5.21e+02   122s
  22   1.86769306e+08 -9.32956986e+07  5.14e-01 2.71e-07  4.29e+01   130s
Ordering time: 3.15s
  19   2.37766498e+08 -1.04215080e+09  8.40e+03 2.66e-05  2.15e+02   123s
  11   1.99653694e+09 -8.17484961e+10  3.51e+06 3.56e-07  6.63e+04   111s
  23   1.82919459e+08 -8.18745077e+07  4.97e-01 2.54e-07  4.05e+01   132s
  20   2.34018783e+08 -8.02180265e+08  6.55e+03 1.73e-05  1.71e+02   124s

Barrier statistics:
 Dense cols : 103
 AA' NZ     : 1.466e+07
 Factor NZ  : 6.557e+07 (roughly 2.6 GB of memory)
 Factor Ops : 4.454e+09 (less than 1 second per iteration)
 Threads    : 10
  21   2.30210591e+08 -6.16095614e+08  5.26e+03 1.61e-05  1.37e+02   126s

                  Objective                Residual
Iter       Primal          Dual         Primal    Dual     Compl     Time
   0   9.90015178e+09 -2.30622653e+11  3.64e+09 9.34e+00  7.01e+07   128s
  12   8.70060674e+08 -6.32197551e+10  1.49e+06 2.23e-07  3.29e+04   113s
  24   1.66425619e+08  2.48222126e+07  3.92e-01 1.05e-07  2.17e+01   135s
  22   2.14142970e+08 -4.35780131e+08  3.25e+03 8.19e-06  1.03e+02   127s
   1   1.06377938e+10 -3.65290105e+11  3.53e+09 6.78e+01  6.38e+07   129s
  13   3.61540939e+08 -3.07559542e+10  6.07e+05 3.66e-08  1.46e+04   115s
   2   6.86451697e+09 -3.37435123e+11  2.11e+09 4.18e+00  3.86e+07   131s
  25   1.40592128e+08  5.49288479e+07  2.40e-01 6.09e-08  1.31e+01   137s
  23   2.12676502e+08 -3.90790198e+08  3.08e+03 6.15e-06  9.58e+01   130s
  14   1.63637000e+08 -2.37983229e+10  2.36e+05 3.40e-08  7.47e+03   118s
   3   3.22222023e+09 -3.14460749e+11  7.07e+08 1.12e-06  1.38e+07   133s
  24   2.11601143e+08 -2.69253599e+08  2.93e+03 6.49e-06  7.63e+01   132s
  26   1.37889531e+08  5.99837212e+07  2.26e-01 5.40e-08  1.19e+01   140s
  15   1.36826234e+08 -1.69025934e+10  1.88e+05 1.54e-07  5.57e+03   119s
   4   1.56150166e+09 -2.73433528e+11  9.30e+06 5.07e-06  2.22e+05   135s
  25   2.06152528e+08 -7.47110150e+07  2.39e+03 5.55e-06  4.44e+01   134s
  16   1.32622683e+08 -1.41312187e+10  1.80e+05 4.07e-07  5.01e+03   121s
   5   1.56636553e+09 -1.87331002e+11  2.64e+06 2.91e-06  7.57e+04   136s
  17   1.22241412e+08 -1.11365157e+10  1.58e+05 3.06e-07  4.30e+03   122s
  27   1.37057831e+08  6.42124313e+07  2.21e-01 4.85e-08  1.11e+01   144s
   6   1.56717706e+09 -1.26740374e+11  1.95e+06 1.17e-04  4.95e+04   138s
  18   1.07533776e+08 -8.66402116e+09  1.28e+05 3.82e-07  3.52e+03   124s
   7   1.56582254e+09 -7.66451019e+10  6.99e+05 1.13e-04  2.11e+04   139s
  26   2.01126271e+08 -4.78254646e+06  2.04e+03 4.85e-06  3.25e+01   138s
  28   1.30043518e+08  8.08671340e+07  1.79e-01 6.94e-08  7.52e+00   146s
   8   1.51809939e+09 -6.59960187e+10  3.68e+05 1.47e-04  1.49e+04   141s
  19   1.04005046e+08 -4.60963411e+09  1.20e+05 7.11e-07  3.02e+03   126s
  27   1.88547523e+08  3.54635600e+07  1.47e+03 4.17e-06  2.41e+01   140s
  29   1.17654550e+08  8.87521683e+07  1.01e-01 1.86e-08  4.42e+00   149s
   9   1.30027908e+09 -4.48917369e+10  2.64e+04 3.22e-07  7.43e+03   143s
  20   9.37910804e+07 -2.29732302e+09  9.74e+04 4.06e-07  2.41e+03   129s
  10   1.25826440e+09 -1.11928827e+10  1.98e+03 3.70e-05  1.94e+03   145s
  28   1.88031925e+08  5.10756925e+07  1.45e+03 3.90e-06  2.16e+01   143s
  30   1.17038820e+08  9.05209559e+07  9.71e-02 1.54e-08  4.06e+00   152s
  11   1.16333811e+09 -5.24313917e+09  4.98e+01 1.89e-05  9.95e+02   146s
  12   9.63180792e+08 -4.20746218e+09  2.70e+01 1.56e-05  8.03e+02   148s
  21   9.09751536e+07 -8.61452374e+08  9.09e+04 3.44e-07  2.23e+03   133s
  31   1.10137578e+08  9.29848420e+07  5.25e-02 1.37e-08  2.62e+00   154s
  29   1.75705940e+08  7.05117995e+07  1.01e+03 3.10e-06  1.65e+01   147s
  13   5.78269940e+08 -1.93480353e+09  2.42e+00 7.59e-06  3.90e+02   149s
  22   8.91503611e+07  1.21136222e+09  8.66e+04 3.38e-07  2.14e+03   135s
  14   2.16163794e+08 -5.86985766e+08  3.01e-01 2.14e-06  1.25e+02   151s
  30   1.67257452e+08  8.83676666e+07  7.25e+02 2.34e-06  1.23e+01   150s
  15   9.52138486e+07 -2.40464310e+08  7.66e-02 9.21e-07  5.21e+01   152s
  32   1.05550093e+08  9.90530091e+07  2.09e-02 3.90e-08  9.94e-01   158s
  23   8.87366023e+07  3.58668758e+09  8.23e+04 2.98e-07  2.09e+03   139s
  16   6.89266621e+07 -1.01077235e+08  5.03e-02 3.92e-07  2.64e+01   155s
  33   1.04349711e+08  1.00209321e+08  1.35e-02 1.31e-08  6.34e-01   161s
  31   1.62975222e+08  1.11296314e+08  6.12e+02 1.14e-06  8.11e+00   154s
  24   8.84116211e+07  7.33759935e+09  7.66e+04 2.87e-07  1.96e+03   141s
  17   3.62849041e+07 -4.26114300e+07  1.96e-02 1.79e-07  1.23e+01   157s
  34   1.04283090e+08  1.00305931e+08  1.31e-02 1.38e-08  6.09e-01   163s
  32   1.53468569e+08  1.23635467e+08  3.66e+02 4.68e-07  4.68e+00   156s
  18   3.25287427e+07 -1.72302028e+07  1.64e-02 9.08e-08  7.73e+00   158s
  35   1.03838687e+08  1.00877983e+08  1.04e-02 8.43e-09  4.53e-01   165s
  19   3.14007274e+07 -1.57639158e+07  1.54e-02 8.67e-08  7.32e+00   160s
  25   8.82105419e+07  1.26637200e+10  7.28e+04 3.88e-07  1.95e+03   145s
  33   1.49509720e+08  1.30432602e+08  2.66e+02 2.88e-07  3.00e+00   159s
  20   3.08821621e+07 -1.40453433e+07  1.48e-02 8.23e-08  6.98e+00   161s
  36   1.03469091e+08  1.01047837e+08  8.11e-03 6.24e-09  3.71e-01   168s
  21   3.01190819e+07 -7.80714441e+06  1.39e-02 6.66e-08  5.89e+00   163s
  26   8.80241030e+07  1.79428366e+10  6.80e+04 3.71e-07  1.81e+03   148s
  37   1.03038737e+08  1.01405290e+08  5.46e-03 4.58e-09  2.50e-01   170s
  34   1.43152026e+08  1.34608006e+08  8.24e+01 1.54e-07  1.33e+00   162s
  22   2.68579852e+07 -5.79431413e+05  9.91e-03 4.75e-08  4.26e+00   164s
  27   8.77281837e+07  3.20566518e+10  6.58e+04 1.19e-07  1.98e+03   150s
  35   1.42326475e+08  1.37073827e+08  6.55e+01 5.75e-08  8.25e-01   164s
  38   1.02708645e+08  1.01771421e+08  3.52e-03 1.06e-08  1.43e-01   172s
  23   2.61991240e+07  8.78518383e+05  9.18e-03 4.38e-08  3.93e+00   166s
  36   1.41982236e+08  1.37884820e+08  5.86e+01 3.63e-08  6.46e-01   165s
  28   8.75889299e+07  3.96469640e+10  6.46e+04 1.37e-07  2.01e+03   152s
  37   1.40929833e+08  1.38344399e+08  3.76e+01 1.74e-08  4.08e-01   166s
  39   1.02503602e+08  1.01827503e+08  2.37e-03 8.03e-09  1.03e-01   174s
  24   2.59534218e+07  3.00168456e+06  8.90e-03 3.85e-08  3.56e+00   168s
  38   1.39926226e+08  1.38655218e+08  1.80e+01 1.54e-08  2.01e-01   168s
  29   8.74568779e+07  5.31856419e+10  6.27e+04 3.09e-07  1.97e+03   155s
  40   1.02406634e+08  1.01864373e+08  1.82e-03 8.44e-09  8.30e-02   176s
  39   1.39525334e+08  1.38823333e+08  9.78e+00 9.60e-09  1.11e-01   169s
  30   8.73794041e+07  6.08831363e+10  6.17e+04 1.79e-07  1.89e+03   157s
  25   2.54344621e+07  4.96870111e+06  8.25e-03 3.40e-08  3.18e+00   172s
  40   1.39316165e+08  1.38908104e+08  5.34e+00 2.20e-09  6.44e-02   171s
  41   1.02394580e+08  1.01917672e+08  1.75e-03 5.18e-09  7.30e-02   178s
  41   1.39215071e+08  1.38972125e+08  3.29e+00 1.57e-08  3.84e-02   172s
  31   8.73379524e+07  6.98889397e+10  6.06e+04 2.72e-07  1.78e+03   159s
  26   2.52933465e+07  5.80119394e+06  8.08e-03 3.19e-08  3.03e+00   175s
  42   1.02334829e+08  1.01947640e+08  1.42e-03 1.11e-08  5.93e-02   181s
  42   1.39154255e+08  1.38999174e+08  2.09e+00 1.35e-08  2.45e-02   174s
  32   8.73179359e+07  7.58917752e+10  6.03e+04 2.38e-07  1.77e+03   161s
  43   1.39119221e+08  1.39019675e+08  1.41e+00 1.15e-08  1.58e-02   176s
  27   2.49653433e+07  7.88918684e+06  7.67e-03 2.69e-08  2.65e+00   178s
  43   1.02244803e+08  1.01981315e+08  9.06e-04 8.41e-09  4.03e-02   184s
  33   8.75023256e+07  7.88910924e+10  6.03e+04 2.73e-07  1.77e+03   164s
  44   1.39093688e+08  1.39030011e+08  9.24e-01 7.11e-09  1.01e-02   178s
  28   2.48429517e+07  8.98806714e+06  7.49e-03 2.44e-08  2.46e+00   180s
  34   8.74203033e+07  8.90616980e+10  5.97e+04 2.38e-07  1.71e+03   166s
  45   1.39076235e+08  1.39035149e+08  5.97e-01 2.73e-08  6.53e-03   179s
  46   1.39060157e+08  1.39038162e+08  3.02e-01 1.94e-08  3.49e-03   181s
  44   1.02179052e+08  1.02032477e+08  5.54e-04 4.19e-09  2.24e-02   189s
  29   2.36793931e+07  1.55582626e+07  5.89e-03 5.00e-07  1.26e+00   184s
  47   1.39053912e+08  1.39040458e+08  1.89e-01 1.48e-09  2.14e-03   182s
  35   8.73186096e+07  1.19260291e+11  5.90e+04 5.08e-07  1.70e+03   170s
  48   1.39048558e+08  1.39041729e+08  9.42e-02 9.60e-10  1.09e-03   184s
  45   1.02150475e+08  1.02052232e+08  3.95e-04 8.09e-09  1.50e-02   193s
  49   1.39045712e+08  1.39042458e+08  4.34e-02 3.55e-09  5.17e-04   185s
  30   2.07818908e+07  1.78669287e+07  1.38e-03 2.17e-07  4.53e-01   188s
  50   1.39044519e+08  1.39042644e+08  2.28e-02 1.85e-08  2.97e-04   187s
  36   8.71775520e+07  1.42368873e+11  5.86e+04 6.05e-07  1.69e+03   174s
  46   1.02124609e+08  1.02058385e+08  2.55e-04 1.01e-08  1.01e-02   195s
  51   1.39043633e+08  1.39042918e+08  8.04e-03 1.36e-08  1.13e-04   188s
  31   2.02987445e+07  1.87105090e+07  7.34e-04 1.16e-07  2.47e-01   191s
  52   1.39043361e+08  1.39043024e+08  3.78e-03 3.27e-09  5.35e-05   190s
  47   1.02117561e+08  1.02062611e+08  2.17e-04 7.01e-09  8.41e-03   198s
  37   8.69412728e+07  1.62639966e+11  5.81e+04 9.15e-07  1.66e+03   177s
  53   1.39043254e+08  1.39043074e+08  2.11e-03 9.71e-07  2.87e-05   191s
  32   2.01894207e+07  1.88325874e+07  5.97e-04 9.68e-08  2.11e-01   194s
  48   1.02113139e+08  1.02065986e+08  1.92e-04 6.52e-09  7.22e-03   200s
  54   1.39043182e+08  1.39043101e+08  9.96e-04 1.97e-07  1.29e-05   193s
  55   1.39043138e+08  1.39043110e+08  3.37e-04 4.59e-08  4.58e-06   194s
  38   8.64685439e+07  2.59587662e+11  5.75e+04 1.12e-06  1.81e+03   181s
  49   1.02107859e+08  1.02068539e+08  1.62e-04 5.36e-09  6.02e-03   203s
  33   2.01534027e+07  1.89120233e+07  5.53e-04 8.74e-08  1.93e-01   197s
  56   1.39043120e+08  1.39043113e+08  6.40e-05 1.68e-08  1.21e-06   195s
  39   8.61787441e+07  3.11009671e+11  5.71e+04 1.19e-06  1.86e+03   184s
  57   1.39043116e+08  1.39043114e+08  2.12e-05 7.60e-08  3.55e-07   197s
  50   1.02098197e+08  1.02073865e+08  1.09e-04 4.51e-09  3.72e-03   205s
  34   2.01473653e+07  1.89562244e+07  5.46e-04 8.36e-08  1.85e-01   200s
  58   1.39043115e+08  1.39043115e+08  4.29e-06 1.49e-07  6.52e-08   199s
  40   8.59823499e+07  3.96888488e+11  5.69e+04 2.03e-06  2.01e+03   186s
  59   1.39043115e+08  1.39043115e+08  1.72e-06 9.27e-08  1.53e-08   201s
  35   2.01257253e+07  1.91916427e+07  5.20e-04 5.78e-08  1.45e-01   203s
  41   8.56372376e+07  4.66263860e+11  5.64e+04 2.24e-06  2.04e+03   189s
  51   1.02093214e+08  1.02074734e+08  8.07e-05 5.41e-09  2.83e-03   210s
  60   1.39043115e+08  1.39043115e+08  1.93e-06 9.55e-08  1.53e-08   203s

Barrier solved model in 60 iterations and 202.80 seconds (148.83 work units)
Optimal objective 1.39043115e+08


Root crossover log...

  42   8.53106968e+07  5.58036106e+11  5.61e+04 2.35e-06  2.15e+03   191s
  36   1.99350069e+07  1.93997498e+07  2.89e-04 3.44e-08  8.31e-02   206s
  52   1.02086216e+08  1.02077025e+08  4.08e-05 2.15e-09  1.41e-03   213s
  312349 DPushes remaining with DInf 1.1400811e-06               206s
  43   8.49192240e+07  5.98208907e+11  5.56e+04 2.99e-06  2.13e+03   193s
  53   1.02083581e+08  1.02077982e+08  2.63e-05 5.36e-09  8.57e-04   216s
  44   8.46611357e+07  6.54561342e+11  5.53e+04 2.93e-06  2.19e+03   196s
  37   1.98091057e+07  1.94986146e+07  1.45e-04 2.03e-08  4.82e-02   212s
  54   1.02082726e+08  1.02078381e+08  2.21e-05 1.05e-09  6.65e-04   219s
  101849 DPushes remaining with DInf 0.0000000e+00               211s
  45   8.43702897e+07  7.53973444e+11  5.50e+04 2.43e-06  2.27e+03   199s
  55   1.02082438e+08  1.02078425e+08  2.06e-05 2.47e-09  6.14e-04   221s
  56   1.02081556e+08  1.02078471e+08  1.54e-05 3.29e-09  4.72e-04   223s
   59037 DPushes remaining with DInf 0.0000000e+00               216s
  46   8.38505857e+07  8.27306995e+11  5.45e+04 3.81e-06  2.25e+03   203s
  57   1.02080507e+08  1.02078681e+08  9.23e-06 8.15e-09  2.79e-04   225s
  38   1.97574340e+07  1.95881494e+07  9.12e-05 8.91e-09  2.63e-02   220s
  47   8.36167253e+07  8.58645548e+11  5.42e+04 2.53e-06  2.24e+03   206s
  58   1.02080168e+08  1.02078812e+08  7.65e-06 1.14e-09  2.08e-04   228s
   56547 DPushes remaining with DInf 0.0000000e+00               220s
  39   1.97220780e+07  1.96274076e+07  5.62e-05 4.19e-09  1.47e-02   226s
   54057 DPushes remaining with DInf 0.0000000e+00               225s
  59   1.02079103e+08  1.02078864e+08  1.19e-06 1.86e-09  3.66e-05   233s
  48   8.32341158e+07  9.20754296e+11  5.38e+04 3.26e-06  2.26e+03   213s
  40   1.97007184e+07  1.96429275e+07  3.55e-05 1.43e-09  8.98e-03   230s
  49   8.26785481e+07  9.65821789e+11  5.32e+04 2.10e-06  2.19e+03   215s
  60   1.02078909e+08  1.02078874e+08  4.22e-07 1.14e-09  5.40e-06   237s
   50298 DPushes remaining with DInf 0.0000000e+00               231s
  50   8.25994841e+07  9.81108565e+11  5.31e+04 1.91e-06  2.20e+03   218s
  41   1.96948518e+07  1.96508121e+07  2.95e-05 2.74e-09  6.84e-03   234s
  61   1.02078888e+08  1.02078877e+08  3.12e-07 8.38e-09  1.77e-06   241s
  51   8.21818010e+07  1.03346483e+12  5.27e+04 3.81e-06  2.17e+03   221s
   48638 DPushes remaining with DInf 0.0000000e+00               235s
  42   1.96867453e+07  1.96554463e+07  2.15e-05 1.98e-09  4.86e-03   238s
  62   1.02078884e+08  1.02078879e+08  5.36e-07 1.58e-08  7.83e-07   244s
  52   8.18387400e+07  1.06794838e+12  5.23e+04 1.81e-06  2.14e+03   223s
  63   1.02078881e+08  1.02078880e+08  1.66e-07 1.38e-07  1.89e-07   246s
  53   8.14915879e+07  1.10757371e+12  5.20e+04 4.44e-06  2.12e+03   225s
  43   1.96792431e+07  1.96576920e+07  1.43e-05 1.16e-09  3.35e-03   241s
  64   1.02078880e+08  1.02078880e+08  7.24e-07 6.60e-08  1.85e-08   249s
   46148 DPushes remaining with DInf 0.0000000e+00               242s
  54   8.11159154e+07  1.17297343e+12  5.16e+04 1.16e-05  2.12e+03   229s
  65   1.02078880e+08  1.02078880e+08  8.05e-07 2.17e-07  2.19e-09   250s

Barrier solved model in 65 iterations and 250.44 seconds (183.81 work units)
Optimal objective 1.02078880e+08

  44   1.96741992e+07  1.96601025e+07  9.38e-06 1.63e-09  2.19e-03   245s

Root crossover log...

  55   8.07524977e+07  1.23233268e+12  5.12e+04 1.30e-05  2.12e+03   231s
  277500 DPushes remaining with DInf 2.2524956e-05               252s
  56   8.05983816e+07  1.25264520e+12  5.11e+04 3.81e-06  2.11e+03   233s
   41393 DPushes remaining with DInf 0.0000000e+00               247s
  57   8.05371149e+07  1.31334847e+12  5.10e+04 9.65e-06  2.15e+03   234s
  107452 DPushes remaining with DInf 3.4110806e-06               255s
  45   1.96692358e+07  1.96625718e+07  4.46e-06 1.75e-09  1.04e-03   250s
  58   8.02898715e+07  1.32087162e+12  5.07e+04 7.63e-06  2.12e+03   238s
  46   1.96670941e+07  1.96634717e+07  2.44e-06 3.49e-10  5.63e-04   253s
   66530 DPushes remaining with DInf 0.0000000e+00               260s
  59   1.99015186e+10 -2.57544921e+11  7.35e+09 1.30e+01  1.27e+08   241s
  47   1.96658312e+07  1.96640054e+07  1.09e-06 2.04e-10  2.84e-04   256s
   40563 DPushes remaining with DInf 0.0000000e+00               257s
  48   1.96651919e+07  1.96642453e+07  6.91e-07 1.22e-09  1.47e-04   260s
   56242 DPushes remaining with DInf 0.0000000e+00               266s
  49   1.96647074e+07  1.96643246e+07  4.02e-07 1.51e-09  5.95e-05   263s
  60   1.51488233e+09 -2.26724371e+10  6.41e+08 7.28e+00  1.04e+06   250s
  50   1.96644694e+07  1.96643704e+07  1.12e-07 6.98e-10  1.54e-05   265s
   50846 DPushes remaining with DInf 0.0000000e+00               273s
  51   1.96644146e+07  1.96643912e+07  1.36e-07 9.90e-10  3.63e-06   268s
   39733 DPushes remaining with DInf 0.0000000e+00               267s
   50016 DPushes remaining with DInf 0.0000000e+00               276s
  52   1.96643996e+07  1.96643953e+07  5.68e-08 2.10e-09  6.60e-07   271s
   38903 DPushes remaining with DInf 0.0000000e+00               271s
  61   3.59679593e+08 -2.85907735e+09  1.54e+08 1.40e+00  3.65e+04   258s
       0 DPushes remaining with DInf 0.0000000e+00               272s
Warning: Markowitz tolerance tightened to 0.5

  131545 PPushes remaining with PInf 5.2110992e-03               273s
  53   1.96643972e+07  1.96643962e+07  9.78e-08 7.39e-09  1.44e-07   275s
  62   3.99802383e+07 -3.82819352e+08  1.79e+07 2.65e-01  9.59e+02   261s
   48356 DPushes remaining with DInf 0.0000000e+00               282s
   97384 PPushes remaining with PInf 3.6453891e-03               277s
  54   1.96643965e+07  1.96643965e+07  3.41e-07 2.72e-08  5.34e-09   279s

Barrier solved model in 54 iterations and 278.82 seconds (210.20 work units)
Optimal objective 1.96643965e+07


Root crossover log...

  279035 DPushes remaining with DInf 0.0000000e+00               280s
  63   1.04856956e+07 -1.11024125e+08  4.82e+06 1.62e-01  1.31e+02   267s
   43627 DPushes remaining with DInf 0.0000000e+00               289s
   41145 DPushes remaining with DInf 0.0000000e+00               290s
  64   1.22177906e+06 -1.65267373e+07  5.57e+05 3.48e-02  9.56e+00   270s
   71054 DPushes remaining with DInf 0.0000000e+00               286s
  65   6.66361933e+05 -6.42307730e+06  3.01e+05 1.44e-02  4.04e+00   274s
   55124 DPushes remaining with DInf 0.0000000e+00               290s
  66   6.15774738e+05 -4.26937281e+06  2.78e+05 9.45e-03  3.34e+00   276s
  67   5.99646438e+05 -4.59388287e+06  2.71e+05 9.04e-03  4.66e+00   278s
  68   5.63147321e+05 -4.32583887e+06  2.39e+05 6.86e-03  6.70e+00   280s
   46163 DPushes remaining with DInf 0.0000000e+00               295s
   38350 DPushes remaining with DInf 0.0000000e+00               302s
  69   5.64946713e+05 -4.22425830e+06  2.39e+05 5.12e-03  8.97e+00   282s
   86378 PPushes remaining with PInf 4.3744394e-03               296s
  70   5.76524691e+05 -4.12111851e+06  2.37e+05 1.29e-08  1.54e+01   285s
   43532 DPushes remaining with DInf 0.0000000e+00               300s
  71   5.93266047e+05 -4.08379557e+06  2.37e+05 5.27e-09  1.96e+01   287s
   74780 PPushes remaining with PInf 4.6644108e-03               300s
   37520 DPushes remaining with DInf 0.0000000e+00               309s
  72   8.71843349e+05 -3.87963371e+06  2.37e+05 2.00e-08  3.67e+01   288s
  73   3.18275110e+06 -3.79668220e+06  2.35e+05 4.86e-09  3.69e+01   290s
   42714 DPushes remaining with DInf 0.0000000e+00               307s
  74   6.80394197e+06  5.37758854e+05  2.25e+05 4.66e-09  3.42e+01   292s
   65863 PPushes remaining with PInf 4.6644108e-03               305s
  75   3.28477578e+07  9.79951809e+06  1.51e+05 4.27e-09  2.62e+01   294s
  76   3.81816933e+07  2.84315004e+07  1.36e+05 2.61e-08  2.36e+01   296s
   54889 PPushes remaining with PInf 4.6644108e-03               311s
   36690 DPushes remaining with DInf 0.0000000e+00               319s
   41896 DPushes remaining with DInf 0.0000000e+00               313s
  77   3.92450358e+07  3.21053920e+07  1.33e+05 1.65e-08  2.32e+01   298s
  78   4.01819479e+07  3.60266360e+07  1.31e+05 2.75e-09  2.29e+01   300s
  79   4.10282823e+07  4.01117724e+07  1.29e+05 7.67e-08  2.28e+01   302s
  80   4.41085178e+07  4.52109691e+07  1.23e+05 3.08e-09  2.33e+01   303s
   37996 PPushes remaining with PInf 1.2277494e-03               317s
   41078 DPushes remaining with DInf 0.0000000e+00               321s
  81   4.62439922e+07  4.98418868e+07  1.19e+05 2.97e-08  2.38e+01   306s
   35860 DPushes remaining with DInf 0.0000000e+00               328s
  82   5.12483598e+07  5.61502353e+07  1.11e+05 1.38e-07  2.69e+01   307s
   32485 PPushes remaining with PInf 1.2264464e-03               321s
  83   5.66248983e+07  6.12106397e+07  1.03e+05 6.40e-08  3.08e+01   310s
  84   5.85441929e+07  6.31818325e+07  1.00e+05 5.91e-09  3.27e+01   311s
   27158 PPushes remaining with PInf 1.2244057e-03               325s
  85   5.99507996e+07  6.41282528e+07  9.83e+04 1.96e-08  3.38e+01   313s
   40260 DPushes remaining with DInf 0.0000000e+00               328s
  86   6.05862105e+07  6.51413287e+07  9.76e+04 2.72e-09  3.53e+01   315s
   35051 DPushes remaining with DInf 0.0000000e+00               337s
  87   6.09544784e+07  6.54266584e+07  9.72e+04 7.45e-09  3.58e+01   316s
Warning: Markowitz tolerance tightened to 0.5

  100279 PPushes remaining with PInf 1.1081920e-04               338s
   19395 PPushes remaining with PInf 9.4746292e-04               330s
  88   6.17264498e+07  6.58925491e+07  9.66e+04 9.66e-09  3.66e+01   318s
  89   6.16729490e+07  6.65820015e+07  9.66e+04 3.39e-09  3.81e+01   320s
   39442 DPushes remaining with DInf 0.0000000e+00               335s
  90   6.45596808e+07  6.98612530e+07  9.45e+04 9.78e-09  4.57e+01   322s
   11016 PPushes remaining with PInf 9.4746292e-04               335s
       0 DPushes remaining with DInf 0.0000000e+00               337s
Warning: Markowitz tolerance tightened to 0.5

  156518 PPushes remaining with PInf 1.1937418e-04               338s
  91   6.91766287e+07  7.80858194e+07  9.09e+04 5.78e-08  7.96e+01   324s
  92   7.11317803e+07  7.89156965e+07  9.00e+04 5.92e-08  1.21e+02   325s
  112740 PPushes remaining with PInf 1.0696621e-05               341s
    3666 PPushes remaining with PInf 9.4746292e-04               341s
  93   7.28977647e+07  9.81758192e+08  8.96e+04 2.19e-03  9.81e+04   328s
  94*  7.46777776e+07  3.08313325e+12  1.41e+01 1.97e-01  2.42e+03   329s
  95*  7.52020111e+07  5.28094479e+16  5.62e-04 1.58e+00  3.76e+00   331s
       0 PPushes remaining with PInf 0.0000000e+00               345s

  Push phase complete: Pinf 0.0000000e+00, Dinf 4.1088722e+06    346s

  96*  6.56938681e+07  8.52662719e+16  1.99e-04 6.93e+01  1.26e+01   333s

Root simplex log...

Iteration    Objective       Primal Inf.    Dual Inf.      Time
  391658    1.3904311e+08   0.000000e+00   4.108872e+06    347s
  97*  6.43494410e+07  2.15316081e+17  3.79e-05 6.04e+01  4.36e+00   335s
  98*  5.21495661e+07  9.70446394e+18  6.31e-07 2.54e+02  1.10e-01   337s
  99*  6.91138316e+07  3.38632704e+20  2.86e-08 2.28e+02  3.02e-03   339s
  391958    1.3904311e+08   0.000000e+00   3.125687e+06    355s
 100*  8.88234990e+07  2.92853126e+23  4.00e-11 1.92e+02  4.39e-06   342s
 101*  8.88320024e+07  2.42857556e+28  4.00e-16 1.70e+02  4.39e-11   345s
 102*  8.88320024e+07  2.42193058e+33  4.00e-21 9.92e+01  4.39e-16   347s
  392188    1.3904311e+08   0.000000e+00   1.233978e+06    362s
 103*  8.89037542e+07  5.00429847e+37  5.49e-26 4.92e-01  3.44e-21   349s
 104*  8.90216641e+07  4.07816926e+38  3.54e-26 7.06e-01  3.86e-21   350s
 105*  8.91687905e+07  1.89987518e+39  2.57e-26 5.69e-01  4.93e-21   353s
 106*  8.91687905e+07  4.27909887e+40  2.57e-26 4.64e+00  2.93e-20   354s
  392418    1.3904311e+08   0.000000e+00   2.334335e+06    368s
 107*  8.91687905e+07  2.50061326e+41  2.57e-26 1.94e+02  6.57e-19   356s

Barrier performed 107 iterations in 356.04 seconds (265.68 work units)
Numerical trouble encountered

  392648    1.3904311e+08   0.000000e+00   1.233065e+06    374s
  392878    1.3904311e+08   0.000000e+00   1.232615e+06    380s
   36743 PPushes remaining with PInf 1.0696621e-05               385s
  393108    1.3904311e+08   0.000000e+00   1.232108e+06    385s
   14347 PPushes remaining with PInf 9.1991308e-06               391s
  393348    1.3904311e+08   0.000000e+00   2.801076e+06    391s
    8297 PPushes remaining with PInf 9.1991308e-06               395s
  393588    1.3904311e+08   0.000000e+00   1.188558e+06    397s
    2248 PPushes remaining with PInf 9.1991308e-06               401s
       0 PPushes remaining with PInf 0.0000000e+00               403s

  Push phase complete: Pinf 0.0000000e+00, Dinf 8.3959238e+05    403s


Root simplex log...

Iteration    Objective       Primal Inf.    Dual Inf.      Time
  396574    1.9664396e+07   0.000000e+00   8.395924e+05    404s
  393818    1.3904311e+08   0.000000e+00   1.188213e+06    404s
  396734    1.9664396e+07   0.000000e+00   7.746452e+05    408s
  394058    1.3904311e+08   0.000000e+00   1.187699e+06    409s
  396894    1.9664396e+07   0.000000e+00   7.495217e+05    412s
  394298    1.3904311e+08   0.000000e+00   1.187229e+06    415s
  397064    1.9664396e+07   0.000000e+00   6.201682e+05    417s
  397234    1.9664396e+07   0.000000e+00   3.124598e+05    421s
  394538    1.3904311e+08   0.000000e+00   3.067363e+06    421s
  397404    1.9664396e+07   0.000000e+00   2.240317e+05    425s
  394778    1.3904311e+08   0.000000e+00   2.336367e+06    427s
  397744    1.9664396e+07   0.000000e+00   4.145869e+05    434s
  395018    1.3904311e+08   0.000000e+00   1.186089e+06    432s
Waiting for other threads to finish...         420s
  397914    1.9664396e+07   0.000000e+00   3.531238e+05    438s
  395258    1.3904311e+08   0.000000e+00   2.334386e+06    438s
  398074    1.9664396e+07   0.000000e+00   1.618336e+05    442s
  395498    1.3904311e+08   0.000000e+00   1.551387e+06    444s
  398244    1.9664396e+07   0.000000e+00   1.366061e+05    446s
  398414    1.9664396e+07   0.000000e+00   1.018236e+05    451s
  395738    1.3904311e+08   0.000000e+00   2.130076e+06    449s
  398604    1.9664396e+07   0.000000e+00   9.480588e+04    456s
  395978    1.3904311e+08   0.000000e+00   1.550112e+06    455s
  398814    1.9664396e+07   0.000000e+00   7.696567e+04    462s
  396218    1.3904311e+08   0.000000e+00   1.549670e+06    461s
  399014    1.9664396e+07   0.000000e+00   5.904220e+04    467s
  396458    1.3904311e+08   0.000000e+00   1.548991e+06    466s
  399294    1.9664396e+07   0.000000e+00   2.489676e+04    474s
  396698    1.3904311e+08   0.000000e+00   1.548498e+06    472s
  396938    1.3904311e+08   0.000000e+00   1.182759e+06    477s
  399554    1.9664396e+07   0.000000e+00   1.783532e+04    480s
  399734    1.9664396e+07   0.000000e+00   1.729585e+04    484s
  397178    1.3904311e+08   0.000000e+00   1.547495e+06    483s
  399974    1.9664396e+07   0.000000e+00   1.782853e+04    490s
  397418    1.3904311e+08   0.000000e+00   4.476171e+06    489s
  397658    1.3904311e+08   0.000000e+00   1.546425e+06    494s
  400254    1.9664396e+07   0.000000e+00   1.270425e+04    496s
Waiting for other threads to finish...         483s
  397908    1.3904311e+08   0.000000e+00   1.545690e+06    500s
  400494    1.9664396e+07   0.000000e+00   3.041598e+03    502s
  400694    1.9664396e+07   0.000000e+00   3.758464e+03    507s
  398158    1.3904311e+08   0.000000e+00   1.180507e+06    505s
  400894    1.9664396e+07   0.000000e+00   3.782609e+03    512s
  398408    1.3904311e+08   0.000000e+00   1.180093e+06    511s
  401094    1.9664396e+07   0.000000e+00   3.795740e+03    517s
  398658    1.3904311e+08   0.000000e+00   1.179603e+06    517s
  401254    1.9664396e+07   0.000000e+00   2.654783e+03    522s
  398908    1.3904311e+08   0.000000e+00   1.179121e+06    522s
  401404    1.9664396e+07   0.000000e+00   2.508126e+03    526s
  399158    1.3904311e+08   0.000000e+00   3.245143e+06    528s
  401704    1.9664396e+07   0.000000e+00   2.461220e+03    534s
  399408    1.3904311e+08   0.000000e+00   1.178319e+06    534s
  401854    1.9664396e+07   0.000000e+00   2.689159e+03    538s
  399618    1.3904311e+08   0.000000e+00   8.867902e+07    540s
  402004    1.9664396e+07   0.000000e+00   2.099621e+03    542s
  399778    1.3904311e+08   0.000000e+00   8.867833e+07    545s
  402284    1.9664396e+07   0.000000e+00   1.671606e+03    548s
  399938    1.3904310e+08   0.000000e+00   1.934381e+08    550s
  402574    1.9664396e+07   0.000000e+00   1.365542e+03    555s
  400098    1.3904310e+08   0.000000e+00   1.934364e+08    555s
  402864    1.9664396e+07   0.000000e+00   9.992273e+02    561s
Waiting for other threads to finish...         546s
  400258    1.3904310e+08   0.000000e+00   6.630558e+06    560s
  400428    1.3904310e+08   0.000000e+00   6.430534e+06    565s
  403154    1.9664396e+07   0.000000e+00   6.585125e+02    568s
  400598    1.3904309e+08   0.000000e+00   5.221787e+06    571s
  403384    1.9664396e+07   0.000000e+00   6.688837e+02    573s
  400778    1.3904309e+08   0.000000e+00   3.227774e+06    576s
  403684    1.9664396e+07   0.000000e+00   4.742541e+02    579s
  400968    1.3904309e+08   0.000000e+00   1.531574e+07    581s
  403964    1.9664396e+07   0.000000e+00   3.956829e+02    586s
  401118    1.3904309e+08   0.000000e+00   1.683148e+07    587s
  404334    1.9664396e+07   0.000000e+00   3.098291e+02    591s
  401258    1.3904309e+08   0.000000e+00   1.599487e+07    592s
  401398    1.3904309e+08   0.000000e+00   1.898331e+07    597s
  404644    1.9664396e+07   0.000000e+00   2.104644e+02    599s
  405124    1.9664396e+07   0.000000e+00   1.452704e+02    603s
  401548    1.3904309e+08   0.000000e+00   1.974194e+07    602s
  405474    1.9664396e+07   0.000000e+00   1.031490e+02    608s
  401698    1.3904308e+08   0.000000e+00   1.585432e+07    607s
  405944    1.9664396e+07   0.000000e+00   3.451078e+01    613s
  401848    1.3904308e+08   0.000000e+00   2.541200e+07    612s
  406334    1.9664396e+07   0.000000e+00   1.019182e+01    618s
  401998    1.3904307e+08   0.000000e+00   1.392556e+07    618s
  406704    1.9664396e+07   0.000000e+00   3.648098e+00    623s
Waiting for other threads to finish...         610s
  402148    1.3904304e+08   0.000000e+00   4.555910e+07    624s
  407074    1.9664396e+07   0.000000e+00   9.268081e-01    628s
  407714    1.9664396e+07   0.000000e+00   1.123374e-01    631s
  402288    1.3904301e+08   0.000000e+00   4.477590e+06    630s
  402428    1.3904282e+08   0.000000e+00   3.656286e+06    635s
  407994    1.9664396e+07   0.000000e+00   7.135842e-02    637s
  402568    1.3904211e+08   0.000000e+00   3.706630e+07    641s
  408274    1.9664396e+07   0.000000e+00   3.128767e-02    644s
  402678    1.3904133e+08   0.000000e+00   6.146447e+07    647s
  408714    1.9664396e+07   0.000000e+00   2.810342e-04    649s
  408960    1.9664396e+07   0.000000e+00   0.000000e+00    650s
Crossover time: 371.37 seconds (477.76 work units)
  402788    1.3904044e+08   0.000000e+00   3.668572e+06    653s
  402918    1.3903945e+08   0.000000e+00   3.264534e+07    658s
   76920 PPushes remaining with PInf 3.3411788e-05               670s
  403038    1.3903858e+08   0.000000e+00   3.834982e+07    664s
   37276 PPushes remaining with PInf 3.3411788e-05               675s
  403168    1.3903748e+08   0.000000e+00   3.368909e+07    670s
  403298    1.3903662e+08   0.000000e+00   5.242739e+06    676s
  403428    1.3903476e+08   0.000000e+00   6.378344e+06    682s
Waiting for other threads to finish...         673s
  403558    1.3903352e+08   0.000000e+00   1.261137e+07    688s
  403678    1.3903233e+08   0.000000e+00   1.851860e+07    693s
  403808    1.3903140e+08   0.000000e+00   1.432706e+07    699s
  403918    1.3903035e+08   0.000000e+00   2.783584e+07    705s
  404038    1.3902906e+08   0.000000e+00   1.113549e+07    711s
Waiting for other threads to finish...         714s
  404158    1.3902814e+08   0.000000e+00   1.523731e+07    717s
  404278    1.3902710e+08   0.000000e+00   2.703604e+07    723s
   22569 PPushes remaining with PInf 3.5477800e-05               734s
   19686 PPushes remaining with PInf 2.4752643e-05               736s
  404398    1.3902605e+08   0.000000e+00   8.208341e+07    728s
   11888 PPushes remaining with PInf 2.2289980e-05               740s
  404518    1.3902460e+08   0.000000e+00   1.708101e+07    735s
    5797 PPushes remaining with PInf 4.6096362e-06               745s
  404638    1.3902400e+08   0.000000e+00   2.553420e+08    740s
       0 PPushes remaining with PInf 0.0000000e+00               749s

  Push phase complete: Pinf 0.0000000e+00, Dinf 2.5044852e-09    750s


Root simplex log...

Iteration    Objective       Primal Inf.    Dual Inf.      Time
  322710    1.0207888e+08   0.000000e+00   0.000000e+00    750s
Crossover time: 499.74 seconds (296.04 work units)
Concurrent spin time: 0.03s

Solved with barrier
  404778    1.3902396e+08   0.000000e+00   2.484261e+08    745s
  322710    1.0207888e+08   0.000000e+00   0.000000e+00    753s

Root relaxation: objective 1.020789e+08, 322710 iterations, 680.60 seconds (422.02 work units)
Waiting for other threads to finish...         736s
  404918    1.3902395e+08   0.000000e+00   2.389451e+08    751s
  405058    1.3902395e+08   0.000000e+00   2.412251e+08    756s
  405198    1.3902394e+08   0.000000e+00   3.713310e+08    761s
  405328    1.3902388e+08   0.000000e+00   4.983635e+08    767s
  405458    1.3902387e+08   0.000000e+00   5.706935e+08    772s
Waiting for other threads to finish...         777s
  405588    1.3902387e+08   0.000000e+00   5.411415e+08    777s
  405718    1.3902386e+08   0.000000e+00   5.729682e+08    782s
  405848    1.3902360e+08   0.000000e+00   1.031257e+08    787s
  405968    1.3902226e+08   0.000000e+00   1.792342e+08    793s
  406098    1.3902103e+08   0.000000e+00   8.500859e+07    799s
  406228    1.3902011e+08   0.000000e+00   2.414877e+07    805s
  406358    1.3901866e+08   0.000000e+00   1.264388e+09    811s
Waiting for other threads to finish...         799s
  406478    1.3901715e+08   0.000000e+00   3.867365e+07    817s
  406588    1.3901617e+08   0.000000e+00   3.941158e+07    823s
  406708    1.3901527e+08   0.000000e+00   4.845924e+07    829s
  406838    1.3901408e+08   0.000000e+00   5.127309e+07    834s
Waiting for other threads to finish...         840s
  406958    1.3901302e+08   0.000000e+00   3.497863e+07    840s

    Nodes    |    Current Node    |     Objective Bounds      |     Work
 Expl Unexpl |  Obj  Depth IntInf | Incumbent    BestBd   Gap | It/Node Time

     0     0 1.0208e+08    0    6          - 1.0208e+08      -     -  850s
  407088    1.3901224e+08   0.000000e+00   7.222387e+07    846s
  407208    1.3901128e+08   0.000000e+00   3.475523e+07    852s
  407328    1.3900992e+08   0.000000e+00   3.648098e+07    858s
  407458    1.3900846e+08   0.000000e+00   8.544519e+07    864s
  407588    1.3900703e+08   0.000000e+00   4.776012e+07    870s
Waiting for other threads to finish...         862s
  407708    1.3900592e+08   0.000000e+00   3.150185e+07    876s
  407838    1.3900469e+08   0.000000e+00   3.888888e+07    882s
  407968    1.3900379e+08   0.000000e+00   7.899718e+07    888s
  408098    1.3900305e+08   0.000000e+00   3.640920e+07    894s
  408208    1.3900192e+08   0.000000e+00   4.189015e+07    900s
Waiting for other threads to finish...         904s
  408338    1.3900125e+08   0.000000e+00   3.798616e+07    906s
Concurrent spin time: 259.10s (can be avoided by choosing Method=3)

Solved with barrier
  408960    1.9664396e+07   0.000000e+00   0.000000e+00    912s

Root relaxation: objective 1.966440e+07, 408960 iterations, 799.43 seconds (593.50 work units)
  408468    1.3900036e+08   0.000000e+00   2.290258e+07    911s
  408598    1.3899886e+08   0.000000e+00   2.635953e+07    917s
  408728    1.3899778e+08   0.000000e+00   7.056906e+07    923s
  408848    1.3899650e+08   0.000000e+00   3.354612e+07    929s
  408968    1.3899550e+08   0.000000e+00   6.404123e+07    935s
Waiting for other threads to finish...         925s
  409098    1.3899431e+08   0.000000e+00   3.500199e+07    941s
  409228    1.3899321e+08   0.000000e+00   2.654693e+07    946s
  409368    1.3899171e+08   0.000000e+00   4.275721e+07    953s
  409498    1.3899066e+08   0.000000e+00   3.002006e+07    958s
  409628    1.3898937e+08   0.000000e+00   3.327674e+07    964s
  409748    1.3898806e+08   0.000000e+00   6.352423e+07    970s
  409878    1.3898662e+08   0.000000e+00   3.076644e+07    977s
  410008    1.3898564e+08   0.000000e+00   7.773258e+07    982s
  410128    1.3898481e+08   0.000000e+00   3.340046e+07    988s
  410248    1.3898389e+08   0.000000e+00   3.345707e+07    994s
  410378    1.3898280e+08   0.000000e+00   5.469370e+07   1000s
Waiting for other threads to finish...         989s
  410508    1.3898201e+08   0.000000e+00   7.594532e+07   1006s
  410638    1.3898074e+08   0.000000e+00   3.824664e+07   1012s
  410758    1.3898003e+08   0.000000e+00   3.377392e+07   1018s
  410878    1.3897918e+08   0.000000e+00   3.416354e+07   1024s
  410998    1.3897816e+08   0.000000e+00   3.531783e+07   1029s
  411118    1.3897743e+08   0.000000e+00   2.737112e+07   1036s
  411238    1.3897690e+08   0.000000e+00   2.332831e+07   1042s
  411368    1.3897627e+08   0.000000e+00   2.019835e+08   1047s
  411478    1.3897534e+08   0.000000e+00   3.926295e+07   1053s
  411608    1.3897369e+08   0.000000e+00   5.743214e+07   1059s
Waiting for other threads to finish...        1052s
  411748    1.3897278e+08   0.000000e+00   3.943340e+07   1065s
  411868    1.3897178e+08   0.000000e+00   7.731451e+07   1071s
  411998    1.3897078e+08   0.000000e+00   3.235590e+07   1077s
  412118    1.3896942e+08   0.000000e+00   7.617268e+07   1083s
  412228    1.3896842e+08   0.000000e+00   7.867950e+07   1089s
  412348    1.3896755e+08   0.000000e+00   6.389087e+07   1095s
  412468    1.3896676e+08   0.000000e+00   3.369974e+07   1101s
  412578    1.3896580e+08   0.000000e+00   1.299141e+08   1107s
  412698    1.3896497e+08   0.000000e+00   3.015817e+07   1114s
  412828    1.3896398e+08   0.000000e+00   3.633349e+07   1120s
  412958    1.3896249e+08   0.000000e+00   3.749850e+07   1125s
Waiting for other threads to finish...        1115s
  413088    1.3896133e+08   0.000000e+00   3.052690e+07   1131s
  413208    1.3896047e+08   0.000000e+00   3.438945e+07   1137s
  413338    1.3895931e+08   0.000000e+00   7.277379e+07   1144s
  413458    1.3895824e+08   0.000000e+00   4.732742e+07   1150s
  413578    1.3895693e+08   0.000000e+00   6.670920e+07   1156s
  413708    1.3895586e+08   0.000000e+00   3.213891e+07   1162s
  413828    1.3895494e+08   0.000000e+00   3.015269e+07   1168s
  413958    1.3895389e+08   0.000000e+00   3.647932e+07   1174s
  414078    1.3895300e+08   0.000000e+00   3.588023e+07   1180s
  414208    1.3895194e+08   0.000000e+00   3.208019e+07   1186s
Waiting for other threads to finish...        1178s
  414328    1.3895089e+08   0.000000e+00   3.439132e+07   1192s

    Nodes    |    Current Node    |     Objective Bounds      |     Work
 Expl Unexpl |  Obj  Depth IntInf | Incumbent    BestBd   Gap | It/Node Time

     0     0 1.9664e+07    0    6 4.9319e+07 1.9664e+07  60.1%     - 1194s
H    0     0                    1.971386e+07 1.9664e+07  0.25%     - 1196s

Explored 1 nodes (532723 simplex iterations) in 1197.67 seconds (875.19 work units)
Thread count was 12 (of 192 available processors)

Solution count 2: 1.97139e+07 4.93192e+07 

Optimal solution found (tolerance 1.00e-02)
Warning: max constraint violation (7.9369e-04) exceeds tolerance
Best objective 1.971385828222e+07, best bound 1.966439648212e+07, gap 0.2509%
Set parameter LogFile to value ""
  414448    1.3894967e+08   0.000000e+00   3.578002e+07   1198s
  414588    1.3894814e+08   0.000000e+00   6.686846e+07   1204s
  414728    1.3894720e+08   0.000000e+00   7.538898e+07   1210s
  414848    1.3894628e+08   0.000000e+00   6.016591e+07   1216s
  414978    1.3894512e+08   0.000000e+00   7.254228e+07   1222s
  415108    1.3894377e+08   0.000000e+00   2.574268e+07   1228s
  415228    1.3894272e+08   0.000000e+00   3.769819e+07   1234s
  415348    1.3894183e+08   0.000000e+00   6.672938e+07   1240s
  415478    1.3894087e+08   0.000000e+00   3.598537e+07   1245s
H    0     0                    1.021279e+08 1.0208e+08  0.05%     - 1257s

Explored 1 nodes (368383 simplex iterations) in 1258.29 seconds (776.87 work units)
Thread count was 12 (of 192 available processors)

Solution count 1: 1.02128e+08 

Optimal solution found (tolerance 1.00e-02)
Warning: max constraint violation (2.3858e-04) exceeds tolerance
Best objective 1.021278894872e+08, best bound 1.020788802278e+08, gap 0.0480%
Set parameter LogFile to value ""
  415598    1.3893972e+08   0.000000e+00   1.161885e+08   1252s
Waiting for other threads to finish...        1242s
  415728    1.3893863e+08   0.000000e+00   2.414782e+07   1258s
  415858    1.3893735e+08   0.000000e+00   7.562050e+07   1264s
  415998    1.3893700e+08   0.000000e+00   2.359759e+07   1269s
  416138    1.3893700e+08   0.000000e+00   2.293526e+07   1275s
  416278    1.3893700e+08   0.000000e+00   2.189642e+07   1281s
  416418    1.3893700e+08   0.000000e+00   2.376332e+07   1286s
  416558    1.3893700e+08   0.000000e+00   2.295910e+07   1292s
  416698    1.3893700e+08   0.000000e+00   2.246310e+07   1298s
  416838    1.3893700e+08   0.000000e+00   2.344942e+07   1304s
  416978    1.3893700e+08   0.000000e+00   2.266571e+07   1309s
  417118    1.3893700e+08   0.000000e+00   2.255119e+07   1315s
Waiting for other threads to finish...        1305s
  417248    1.3893700e+08   0.000000e+00   2.269789e+07   1320s
  417378    1.3893695e+08   0.000000e+00   4.034926e+07   1326s
  417508    1.3893645e+08   0.000000e+00   3.075868e+07   1332s
# ==========================================================
# = Solver Results                                         =
# ==========================================================
# ----------------------------------------------------------
#   Problem Information
# ----------------------------------------------------------
Problem: 
- Name: unknown
  Lower bound: 19664396.482124925
  Upper bound: 19713858.282222334
  Number of objectives: 1
  Number of constraints: 9050179
  Number of variables: 6728544
  Number of binary variables: 858652
  Number of integer variables: 858652
  Number of continuous variables: 5011240
  Number of nonzeros: 21385595
  Sense: minimize
  Number of solutions: 2
# ----------------------------------------------------------
#   Solver Information
# ----------------------------------------------------------
Solver: 
- Name: Gurobi 13.00
  Status: ok
  Wallclock time: 1197.7757108211517
  Termination condition: optimal
  Termination message: Model was solved to optimality (subject to tolerances), and an optimal solution is available.
# ----------------------------------------------------------
#   Solution Information
# ----------------------------------------------------------
Solution: 
- number of solutions: 0
  number of solutions displayed: 0
Writing results to /gpfs/home3/scur1696/AdOpT-NET0-RegToNation/generic_node_optimization/results/parallel_creation_test_20251124_002357/task_003/t003_parallel_run_0001/userData/20251124003204-1
[SUCCESS] Solved: t003_parallel_run_0001
[SOLVING] t003_parallel_run_0005
Set parameter Threads to value 12
  417638    1.3893596e+08   0.000000e+00   3.292607e+07   1338s
  417768    1.3893522e+08   0.000000e+00   3.482267e+07   1343s
  417888    1.3893465e+08   0.000000e+00   3.163122e+07   1349s
  418008    1.3893409e+08   0.000000e+00   1.048999e+08   1355s
  418138    1.3893346e+08   0.000000e+00   3.090919e+07   1361s
  418268    1.3893283e+08   0.000000e+00   3.289569e+07   1367s
  418398    1.3893213e+08   0.000000e+00   4.022639e+07   1373s
  418528    1.3893143e+08   0.000000e+00   3.553498e+07   1378s
Waiting for other threads to finish...        1368s
  418658    1.3893073e+08   0.000000e+00   3.015527e+07   1384s
  418778    1.3893019e+08   0.000000e+00   3.557728e+07   1390s
  418908    1.3892933e+08   0.000000e+00   2.569152e+07   1395s
  419028    1.3892852e+08   0.000000e+00   6.172558e+07   1401s
# ==========================================================
# = Solver Results                                         =
# ==========================================================
# ----------------------------------------------------------
#   Problem Information
# ----------------------------------------------------------
Problem: 
- Name: unknown
  Lower bound: 102078880.22778486
  Upper bound: 102127889.48723818
  Number of objectives: 1
  Number of constraints: 9050179
  Number of variables: 6728544
  Number of binary variables: 858652
  Number of integer variables: 858652
  Number of continuous variables: 5011240
  Number of nonzeros: 21385595
  Sense: minimize
  Number of solutions: 1
# ----------------------------------------------------------
#   Solver Information
# ----------------------------------------------------------
Solver: 
- Name: Gurobi 13.00
  Status: ok
  Wallclock time: 1258.41876912117
  Termination condition: optimal
  Termination message: Model was solved to optimality (subject to tolerances), and an optimal solution is available.
# ----------------------------------------------------------
#   Solution Information
# ----------------------------------------------------------
Solution: 
- number of solutions: 0
  number of solutions displayed: 0
Writing results to /gpfs/home3/scur1696/AdOpT-NET0-RegToNation/generic_node_optimization/results/parallel_creation_test_20251124_002357/task_003/t003_parallel_run_0004/userData/20251124003201-1
[SUCCESS] Solved: t003_parallel_run_0004
[SOLVING] t003_parallel_run_0007
Set parameter Threads to value 12
  419148    1.3892803e+08   0.000000e+00   2.131085e+07   1407s
  419268    1.3892708e+08   0.000000e+00   3.250200e+07   1413s
  419398    1.3892643e+08   0.000000e+00   6.593439e+07   1419s
  419518    1.3892568e+08   0.000000e+00   3.319134e+07   1425s
  419638    1.3892481e+08   0.000000e+00   2.957928e+07   1431s
  419768    1.3892373e+08   0.000000e+00   6.820408e+07   1437s
  419888    1.3892313e+08   0.000000e+00   4.715318e+07   1443s
Waiting for other threads to finish...        1431s
  420018    1.3892254e+08   0.000000e+00   2.719758e+07   1448s
  420148    1.3892208e+08   0.000000e+00   6.239082e+07   1454s
  420288    1.3892164e+08   0.000000e+00   2.185559e+07   1460s
  420418    1.3892111e+08   0.000000e+00   7.341104e+07   1466s
  420548    1.3892058e+08   0.000000e+00   3.462193e+07   1472s
  420668    1.3891992e+08   0.000000e+00   2.885235e+07   1478s
  420778    1.3891937e+08   0.000000e+00   4.639588e+07   1484s
  420898    1.3891886e+08   0.000000e+00   6.692499e+07   1490s
  421028    1.3891820e+08   0.000000e+00   2.476413e+07   1496s
  421168    1.3891761e+08   0.000000e+00   5.973950e+07   1502s
Waiting for other threads to finish...        1494s
  421298    1.3891690e+08   0.000000e+00   7.199051e+07   1508s
  421428    1.3891624e+08   0.000000e+00   3.212643e+07   1514s
  421558    1.3891539e+08   0.000000e+00   2.842292e+07   1520s
  421688    1.3891484e+08   0.000000e+00   2.464262e+07   1526s
  421818    1.3891422e+08   0.000000e+00   6.725676e+07   1532s
  421948    1.3891370e+08   0.000000e+00   2.165018e+07   1538s
  422068    1.3891309e+08   0.000000e+00   2.749840e+07   1544s
  422188    1.3891249e+08   0.000000e+00   3.061871e+07   1550s
  422318    1.3891168e+08   0.000000e+00   5.121398e+07   1556s
  422438    1.3891099e+08   0.000000e+00   2.636015e+07   1562s
  422568    1.3891053e+08   0.000000e+00   2.240890e+07   1568s
Waiting for other threads to finish...        1557s
  422688    1.3891011e+08   0.000000e+00   2.231203e+07   1574s
  422808    1.3890905e+08   0.000000e+00   3.087558e+07   1580s
  422928    1.3890841e+08   0.000000e+00   3.138307e+07   1586s
  423058    1.3890786e+08   0.000000e+00   3.040769e+07   1592s
  423188    1.3890732e+08   0.000000e+00   2.685980e+07   1598s
  423318    1.3890694e+08   0.000000e+00   3.327760e+07   1603s
  423448    1.3890625e+08   0.000000e+00   2.757884e+07   1609s
  423578    1.3890574e+08   0.000000e+00   3.335493e+07   1615s
  423718    1.3890512e+08   0.000000e+00   3.152905e+07   1621s
  423838    1.3890455e+08   0.000000e+00   3.301334e+07   1628s
  423968    1.3890401e+08   0.000000e+00   2.946252e+07   1634s
Waiting for other threads to finish...        1621s
  424098    1.3890337e+08   0.000000e+00   2.039359e+07   1640s
  424228    1.3890253e+08   0.000000e+00   2.252829e+07   1646s
  424358    1.3890184e+08   0.000000e+00   2.784172e+07   1653s
  424488    1.3890111e+08   0.000000e+00   5.579096e+07   1659s
  424618    1.3890060e+08   0.000000e+00   5.790423e+07   1665s
  424748    1.3890025e+08   0.000000e+00   3.427811e+07   1671s
  424878    1.3889957e+08   0.000000e+00   3.536504e+07   1677s
  425008    1.3889882e+08   0.000000e+00   1.895982e+07   1684s
  425128    1.3889813e+08   0.000000e+00   2.114501e+07   1690s
  425258    1.3889767e+08   0.000000e+00   1.681843e+07   1696s
Waiting for other threads to finish...        1684s
  425388    1.3889687e+08   0.000000e+00   3.822175e+07   1702s
  425518    1.3889627e+08   0.000000e+00   2.860313e+07   1708s
  425648    1.3889588e+08   0.000000e+00   2.420270e+07   1714s
  425778    1.3889532e+08   0.000000e+00   2.832578e+07   1720s
  425908    1.3889470e+08   0.000000e+00   7.879231e+08   1727s
  426028    1.3889424e+08   0.000000e+00   2.120651e+07   1733s
  426158    1.3889381e+08   0.000000e+00   6.370064e+07   1739s
  426298    1.3889332e+08   0.000000e+00   4.556728e+07   1745s
  426438    1.3889327e+08   0.000000e+00   2.866592e+07   1751s
  426588    1.3889326e+08   0.000000e+00   3.010647e+07   1757s
Waiting for other threads to finish...        1747s
  426738    1.3889326e+08   0.000000e+00   2.980955e+07   1763s
  426888    1.3889326e+08   0.000000e+00   3.059457e+07   1769s
  427028    1.3889326e+08   0.000000e+00   2.892123e+07   1775s
  427168    1.3889326e+08   0.000000e+00   3.031723e+07   1781s
  427298    1.3889326e+08   0.000000e+00   2.887303e+07   1786s
  427438    1.3889326e+08   0.000000e+00   2.720311e+07   1792s
  427588    1.3889326e+08   0.000000e+00   2.235044e+07   1798s
  427728    1.3889326e+08   0.000000e+00   2.204220e+07   1804s
  427878    1.3889326e+08   0.000000e+00   2.175886e+07   1810s
  428028    1.3889326e+08   0.000000e+00   2.191366e+07   1817s
  428168    1.3889326e+08   0.000000e+00   1.797459e+07   1822s
Waiting for other threads to finish...        1810s
  428318    1.3889326e+08   0.000000e+00   1.666276e+07   1829s
  428468    1.3889326e+08   0.000000e+00   1.680039e+07   1835s
  428618    1.3889324e+08   0.000000e+00   2.950338e+07   1841s
  428748    1.3889305e+08   0.000000e+00   2.735048e+07   1847s
  428888    1.3889254e+08   0.000000e+00   2.819641e+07   1853s
  429018    1.3889205e+08   0.000000e+00   1.955776e+07   1859s
  429138    1.3889159e+08   0.000000e+00   3.141220e+07   1865s
  429278    1.3889113e+08   0.000000e+00   3.234776e+07   1871s
  429418    1.3889052e+08   0.000000e+00   3.071801e+07   1877s
  429548    1.3889000e+08   0.000000e+00   2.603688e+07   1884s
Waiting for other threads to finish...        1873s
  429678    1.3888938e+08   0.000000e+00   2.796529e+07   1890s
  429788    1.3888880e+08   0.000000e+00   6.165224e+07   1896s
  429918    1.3888816e+08   0.000000e+00   2.821504e+07   1902s
  430048    1.3888743e+08   0.000000e+00   3.264755e+07   1908s
  430188    1.3888704e+08   0.000000e+00   6.711239e+07   1914s
  430308    1.3888643e+08   0.000000e+00   2.810684e+07   1920s
  430438    1.3888597e+08   0.000000e+00   2.592801e+07   1926s
  430568    1.3888544e+08   0.000000e+00   2.965191e+07   1932s
  430698    1.3888494e+08   0.000000e+00   6.849272e+07   1938s
  430828    1.3888436e+08   0.000000e+00   2.962438e+07   1944s
Waiting for other threads to finish...        1936s
  430958    1.3888393e+08   0.000000e+00   2.011462e+07   1950s
  431078    1.3888338e+08   0.000000e+00   1.986755e+07   1956s
  431218    1.3888282e+08   0.000000e+00   3.098464e+07   1962s
  431358    1.3888232e+08   0.000000e+00   2.912508e+07   1968s
  431488    1.3888180e+08   0.000000e+00   4.096626e+07   1974s
  431628    1.3888132e+08   0.000000e+00   2.758614e+07   1980s
  431758    1.3888085e+08   0.000000e+00   2.568409e+07   1986s
  431898    1.3888034e+08   0.000000e+00   2.747293e+07   1992s
  432028    1.3887982e+08   0.000000e+00   5.344537e+07   1998s
  432158    1.3887938e+08   0.000000e+00   5.919066e+07   2004s
  432298    1.3887900e+08   0.000000e+00   6.127227e+07   2010s
Waiting for other threads to finish...        2000s
  432428    1.3887852e+08   0.000000e+00   2.819379e+07   2016s
  432548    1.3887808e+08   0.000000e+00   2.338757e+07   2022s
  432678    1.3887731e+08   0.000000e+00   2.171258e+07   2028s
  432808    1.3887671e+08   0.000000e+00   6.717660e+07   2034s
  432948    1.3887644e+08   0.000000e+00   1.754907e+07   2040s
  433078    1.3887575e+08   0.000000e+00   2.117069e+07   2046s
  433208    1.3887521e+08   0.000000e+00   5.434945e+07   2052s
  433348    1.3887457e+08   0.000000e+00   2.791930e+07   2058s
  433478    1.3887398e+08   0.000000e+00   4.117265e+07   2064s
  433618    1.3887353e+08   0.000000e+00   6.051321e+07   2070s
  433748    1.3887301e+08   0.000000e+00   3.013126e+07   2076s
Waiting for other threads to finish...        2063s
  433878    1.3887253e+08   0.000000e+00   2.388900e+07   2082s
  433998    1.3887213e+08   0.000000e+00   4.946896e+07   2088s
  434128    1.3887169e+08   0.000000e+00   6.950993e+07   2094s
  434248    1.3887129e+08   0.000000e+00   3.043280e+07   2100s
  434388    1.3887061e+08   0.000000e+00   3.264667e+07   2106s
  434518    1.3887012e+08   0.000000e+00   5.360053e+07   2112s
  434648    1.3886974e+08   0.000000e+00   3.226040e+07   2118s
  434788    1.3886907e+08   0.000000e+00   2.474591e+07   2124s
  434918    1.3886855e+08   0.000000e+00   2.424206e+07   2130s
  435048    1.3886810e+08   0.000000e+00   2.666014e+07   2136s
Waiting for other threads to finish...        2126s
  435178    1.3886777e+08   0.000000e+00   5.603079e+07   2142s
  435308    1.3886736e+08   0.000000e+00   3.077080e+07   2148s
  435438    1.3886695e+08   0.000000e+00   3.041839e+07   2155s
  435568    1.3886646e+08   0.000000e+00   6.657044e+07   2160s
  435708    1.3886597e+08   0.000000e+00   3.114211e+07   2166s
  435848    1.3886510e+08   0.000000e+00   2.994919e+07   2172s
  435978    1.3886455e+08   0.000000e+00   3.416371e+07   2178s
  436098    1.3886395e+08   0.000000e+00   2.215804e+07   2184s
  436238    1.3886336e+08   0.000000e+00   6.265870e+07   2190s
  436358    1.3886287e+08   0.000000e+00   2.278837e+07   2196s
  436478    1.3886240e+08   0.000000e+00   4.403942e+07   2202s
Waiting for other threads to finish...        2189s
  436608    1.3886190e+08   0.000000e+00   2.685005e+07   2208s
  436738    1.3886125e+08   0.000000e+00   2.747775e+07   2214s
  436868    1.3886066e+08   0.000000e+00   2.703852e+07   2220s
  436988    1.3886003e+08   0.000000e+00   6.704155e+07   2226s
  437128    1.3885937e+08   0.000000e+00   3.173788e+07   2232s
  437268    1.3885877e+08   0.000000e+00   2.411522e+07   2238s
  437398    1.3885807e+08   0.000000e+00   3.522560e+07   2244s
  437528    1.3885747e+08   0.000000e+00   2.370615e+07   2249s
  437658    1.3885714e+08   0.000000e+00   2.267491e+07   2256s
  437788    1.3885671e+08   0.000000e+00   2.054171e+07   2261s
Waiting for other threads to finish...        2252s
  437928    1.3885625e+08   0.000000e+00   3.991531e+07   2267s
  438058    1.3885565e+08   0.000000e+00   3.437924e+07   2273s
  438178    1.3885520e+08   0.000000e+00   4.770695e+07   2279s
  438298    1.3885473e+08   0.000000e+00   7.135564e+07   2285s
  438428    1.3885409e+08   0.000000e+00   5.087388e+07   2291s
  438558    1.3885368e+08   0.000000e+00   6.608191e+07   2297s
  438698    1.3885322e+08   0.000000e+00   1.848039e+07   2303s
  438818    1.3885274e+08   0.000000e+00   2.468255e+07   2309s
  438948    1.3885221e+08   0.000000e+00   6.299639e+07   2316s
  439078    1.3885161e+08   0.000000e+00   2.170569e+07   2322s
  439208    1.3885101e+08   0.000000e+00   2.235641e+07   2328s
Waiting for other threads to finish...        2315s
  439328    1.3885050e+08   0.000000e+00   2.220568e+07   2334s
  439458    1.3884999e+08   0.000000e+00   1.375981e+08   2340s
  439588    1.3884959e+08   0.000000e+00   2.211995e+07   2346s
  439718    1.3884910e+08   0.000000e+00   2.226969e+07   2352s
  439858    1.3884855e+08   0.000000e+00   2.742636e+07   2358s
  439988    1.3884799e+08   0.000000e+00   2.355539e+07   2365s
  440118    1.3884739e+08   0.000000e+00   4.126728e+07   2371s
  440248    1.3884687e+08   0.000000e+00   4.507628e+07   2377s
  440378    1.3884627e+08   0.000000e+00   2.564843e+07   2383s
  440498    1.3884597e+08   0.000000e+00   3.348959e+07   2389s
Waiting for other threads to finish...        2379s
  440628    1.3884540e+08   0.000000e+00   2.260039e+07   2396s
  440758    1.3884491e+08   0.000000e+00   2.303636e+07   2403s
  440888    1.3884438e+08   0.000000e+00   2.198499e+07   2408s
  440998    1.3884402e+08   0.000000e+00   3.637988e+07   2415s
  441128    1.3884366e+08   0.000000e+00   2.204164e+07   2421s
  441258    1.3884317e+08   0.000000e+00   8.120763e+07   2427s
  441398    1.3884281e+08   0.000000e+00   4.240558e+07   2433s
  441528    1.3884229e+08   0.000000e+00   4.351846e+07   2440s
  441658    1.3884170e+08   0.000000e+00   2.183417e+07   2446s
  441788    1.3884122e+08   0.000000e+00   2.283576e+07   2452s
Waiting for other threads to finish...        2442s
  441918    1.3884063e+08   0.000000e+00   2.282671e+07   2458s
  442048    1.3884017e+08   0.000000e+00   2.293801e+07   2464s
  442168    1.3883971e+08   0.000000e+00   2.188762e+07   2470s
  442298    1.3883930e+08   0.000000e+00   2.508767e+07   2477s
  442438    1.3883887e+08   0.000000e+00   2.169040e+07   2483s
  442568    1.3883849e+08   0.000000e+00   1.891990e+07   2489s
  442698    1.3883807e+08   0.000000e+00   6.716170e+07   2495s
  442828    1.3883755e+08   0.000000e+00   3.758596e+07   2501s
  442968    1.3883728e+08   0.000000e+00   1.691355e+07   2508s
  443108    1.3883685e+08   0.000000e+00   2.209391e+07   2514s
Waiting for other threads to finish...        2505s
  443238    1.3883627e+08   0.000000e+00   2.250192e+07   2520s
  443368    1.3883583e+08   0.000000e+00   4.219880e+07   2526s
  443498    1.3883538e+08   0.000000e+00   4.187820e+07   2532s
  443628    1.3883487e+08   0.000000e+00   2.498762e+07   2538s
  443758    1.3883430e+08   0.000000e+00   2.275729e+07   2544s
  443898    1.3883369e+08   0.000000e+00   6.650034e+07   2550s
  444018    1.3883315e+08   0.000000e+00   2.277104e+07   2557s
  444148    1.3883267e+08   0.000000e+00   3.737103e+07   2563s
  444278    1.3883225e+08   0.000000e+00   2.173623e+07   2569s
  444408    1.3883169e+08   0.000000e+00   2.201367e+07   2575s
Waiting for other threads to finish...        2568s
  444528    1.3883123e+08   0.000000e+00   2.284863e+07   2582s
  [CONFIG] Gurobi default env configured: 12 threads per worker
--- Reading in data ---
Input data folder has been checked successfully - no errors occurred.
--- Reading in data complete ---
--- Constructing Model ---
Constructing Investment Period period1
Constructing Investment Period period1 completed
	 - Constructing Network hydrogenPipelineOnshore_lowP
			gdp.bigm Transformation...
			gdp.bigm Transformation completed in 0 s
		 - Constructing Arc BIG1 - BIG2 completed
			gdp.bigm Transformation...
			gdp.bigm Transformation completed in 0 s
		 - Constructing Arc BIG1 - SMALL1 completed
			gdp.bigm Transformation...
			gdp.bigm Transformation completed in 0 s
		 - Constructing Arc BIG1 - SMALL2 completed
			gdp.bigm Transformation...
			gdp.bigm Transformation completed in 0 s
		 - Constructing Arc BIG1 - SMALL3 completed
			gdp.bigm Transformation...
			gdp.bigm Transformation completed in 0 s
		 - Constructing Arc BIG1 - SMALL4 completed
			gdp.bigm Transformation...
			gdp.bigm Transformation completed in 0 s
		 - Constructing Arc BIG1 - STORAGE completed
			gdp.bigm Transformation...
			gdp.bigm Transformation completed in 0 s
		 - Constructing Arc BIG2 - BIG1 completed
			gdp.bigm Transformation...
			gdp.bigm Transformation completed in 0 s
		 - Constructing Arc BIG2 - SMALL1 completed
			gdp.bigm Transformation...
			gdp.bigm Transformation completed in 0 s
		 - Constructing Arc BIG2 - SMALL2 completed
			gdp.bigm Transformation...
			gdp.bigm Transformation completed in 0 s
		 - Constructing Arc BIG2 - SMALL3 completed
			gdp.bigm Transformation...
			gdp.bigm Transformation completed in 0 s
		 - Constructing Arc BIG2 - SMALL4 completed
			gdp.bigm Transformation...
			gdp.bigm Transformation completed in 0 s
		 - Constructing Arc BIG2 - STORAGE completed
			gdp.bigm Transformation...
			gdp.bigm Transformation completed in 0 s
		 - Constructing Arc SMALL1 - BIG1 completed
			gdp.bigm Transformation...
			gdp.bigm Transformation completed in 0 s
		 - Constructing Arc SMALL1 - BIG2 completed
			gdp.bigm Transformation...
			gdp.bigm Transformation completed in 0 s
		 - Constructing Arc SMALL1 - SMALL2 completed
			gdp.bigm Transformation...
			gdp.bigm Transformation completed in 0 s
		 - Constructing Arc SMALL1 - SMALL3 completed
			gdp.bigm Transformation...
			gdp.bigm Transformation completed in 0 s
		 - Constructing Arc SMALL1 - SMALL4 completed
			gdp.bigm Transformation...
			gdp.bigm Transformation completed in 0 s
		 - Constructing Arc SMALL1 - STORAGE completed
			gdp.bigm Transformation...
			gdp.bigm Transformation completed in 0 s
		 - Constructing Arc SMALL2 - BIG1 completed
			gdp.bigm Transformation...
			gdp.bigm Transformation completed in 0 s
		 - Constructing Arc SMALL2 - BIG2 completed
			gdp.bigm Transformation...
			gdp.bigm Transformation completed in 0 s
		 - Constructing Arc SMALL2 - SMALL1 completed
			gdp.bigm Transformation...
			gdp.bigm Transformation completed in 0 s
		 - Constructing Arc SMALL2 - SMALL3 completed
			gdp.bigm Transformation...
			gdp.bigm Transformation completed in 0 s
		 - Constructing Arc SMALL2 - SMALL4 completed
			gdp.bigm Transformation...
			gdp.bigm Transformation completed in 0 s
		 - Constructing Arc SMALL2 - STORAGE completed
			gdp.bigm Transformation...
			gdp.bigm Transformation completed in 0 s
		 - Constructing Arc SMALL3 - BIG1 completed
			gdp.bigm Transformation...
			gdp.bigm Transformation completed in 0 s
		 - Constructing Arc SMALL3 - BIG2 completed
			gdp.bigm Transformation...
			gdp.bigm Transformation completed in 0 s
		 - Constructing Arc SMALL3 - SMALL1 completed
			gdp.bigm Transformation...
			gdp.bigm Transformation completed in 0 s
		 - Constructing Arc SMALL3 - SMALL2 completed
			gdp.bigm Transformation...
			gdp.bigm Transformation completed in 0 s
		 - Constructing Arc SMALL3 - SMALL4 completed
			gdp.bigm Transformation...
			gdp.bigm Transformation completed in 0 s
		 - Constructing Arc SMALL3 - STORAGE completed
			gdp.bigm Transformation...
			gdp.bigm Transformation completed in 0 s
		 - Constructing Arc SMALL4 - BIG1 completed
			gdp.bigm Transformation...
			gdp.bigm Transformation completed in 0 s
		 - Constructing Arc SMALL4 - BIG2 completed
			gdp.bigm Transformation...
			gdp.bigm Transformation completed in 0 s
		 - Constructing Arc SMALL4 - SMALL1 completed
			gdp.bigm Transformation...
			gdp.bigm Transformation completed in 0 s
		 - Constructing Arc SMALL4 - SMALL2 completed
			gdp.bigm Transformation...
			gdp.bigm Transformation completed in 0 s
		 - Constructing Arc SMALL4 - SMALL3 completed
			gdp.bigm Transformation...
			gdp.bigm Transformation completed in 0 s
		 - Constructing Arc SMALL4 - STORAGE completed
			gdp.bigm Transformation...
			gdp.bigm Transformation completed in 0 s
		 - Constructing Arc STORAGE - BIG1 completed
			gdp.bigm Transformation...
			gdp.bigm Transformation completed in 0 s
		 - Constructing Arc STORAGE - BIG2 completed
			gdp.bigm Transformation...
			gdp.bigm Transformation completed in 0 s
		 - Constructing Arc STORAGE - SMALL1 completed
			gdp.bigm Transformation...
			gdp.bigm Transformation completed in 0 s
		 - Constructing Arc STORAGE - SMALL2 completed
			gdp.bigm Transformation...
			gdp.bigm Transformation completed in 0 s
		 - Constructing Arc STORAGE - SMALL3 completed
			gdp.bigm Transformation...
			gdp.bigm Transformation completed in 0 s
		 - Constructing Arc STORAGE - SMALL4 completed
	 - Constructing Network hydrogenPipelineOnshore_lowP completed
			gdp.bigm Transformation...
			gdp.bigm Transformation completed in 80 s
	 - Constructing Network hydrogenPipelineOnshore_highP
			gdp.bigm Transformation...
			gdp.bigm Transformation completed in 0 s
		 - Constructing Arc BIG1 - BIG2 completed
			gdp.bigm Transformation...
			gdp.bigm Transformation completed in 0 s
		 - Constructing Arc BIG1 - SMALL1 completed
			gdp.bigm Transformation...
			gdp.bigm Transformation completed in 0 s
		 - Constructing Arc BIG1 - SMALL2 completed
			gdp.bigm Transformation...
			gdp.bigm Transformation completed in 0 s
		 - Constructing Arc BIG1 - SMALL3 completed
			gdp.bigm Transformation...
			gdp.bigm Transformation completed in 0 s
		 - Constructing Arc BIG1 - SMALL4 completed
			gdp.bigm Transformation...
			gdp.bigm Transformation completed in 0 s
		 - Constructing Arc BIG1 - STORAGE completed
			gdp.bigm Transformation...
			gdp.bigm Transformation completed in 0 s
		 - Constructing Arc BIG2 - BIG1 completed
			gdp.bigm Transformation...
			gdp.bigm Transformation completed in 0 s
		 - Constructing Arc BIG2 - SMALL1 completed
			gdp.bigm Transformation...
			gdp.bigm Transformation completed in 0 s
		 - Constructing Arc BIG2 - SMALL2 completed
			gdp.bigm Transformation...
			gdp.bigm Transformation completed in 0 s
		 - Constructing Arc BIG2 - SMALL3 completed
			gdp.bigm Transformation...
			gdp.bigm Transformation completed in 0 s
		 - Constructing Arc BIG2 - SMALL4 completed
			gdp.bigm Transformation...
			gdp.bigm Transformation completed in 0 s
		 - Constructing Arc BIG2 - STORAGE completed
			gdp.bigm Transformation...
			gdp.bigm Transformation completed in 0 s
		 - Constructing Arc SMALL1 - BIG1 completed
			gdp.bigm Transformation...
			gdp.bigm Transformation completed in 0 s
		 - Constructing Arc SMALL1 - BIG2 completed
			gdp.bigm Transformation...
			gdp.bigm Transformation completed in 0 s
		 - Constructing Arc SMALL1 - SMALL2 completed
			gdp.bigm Transformation...
			gdp.bigm Transformation completed in 0 s
		 - Constructing Arc SMALL1 - SMALL3 completed
			gdp.bigm Transformation...
			gdp.bigm Transformation completed in 0 s
		 - Constructing Arc SMALL1 - SMALL4 completed
			gdp.bigm Transformation...
			gdp.bigm Transformation completed in 0 s
		 - Constructing Arc SMALL1 - STORAGE completed
			gdp.bigm Transformation...
			gdp.bigm Transformation completed in 0 s
		 - Constructing Arc SMALL2 - BIG1 completed
			gdp.bigm Transformation...
			gdp.bigm Transformation completed in 0 s
		 - Constructing Arc SMALL2 - BIG2 completed
			gdp.bigm Transformation...
			gdp.bigm Transformation completed in 0 s
		 - Constructing Arc SMALL2 - SMALL1 completed
			gdp.bigm Transformation...
			gdp.bigm Transformation completed in 0 s
		 - Constructing Arc SMALL2 - SMALL3 completed
			gdp.bigm Transformation...
			gdp.bigm Transformation completed in 0 s
		 - Constructing Arc SMALL2 - SMALL4 completed
			gdp.bigm Transformation...
			gdp.bigm Transformation completed in 0 s
		 - Constructing Arc SMALL2 - STORAGE completed
			gdp.bigm Transformation...
			gdp.bigm Transformation completed in 0 s
		 - Constructing Arc SMALL3 - BIG1 completed
			gdp.bigm Transformation...
			gdp.bigm Transformation completed in 0 s
		 - Constructing Arc SMALL3 - BIG2 completed
			gdp.bigm Transformation...
			gdp.bigm Transformation completed in 0 s
		 - Constructing Arc SMALL3 - SMALL1 completed
			gdp.bigm Transformation...
			gdp.bigm Transformation completed in 0 s
		 - Constructing Arc SMALL3 - SMALL2 completed
			gdp.bigm Transformation...
			gdp.bigm Transformation completed in 0 s
		 - Constructing Arc SMALL3 - SMALL4 completed
			gdp.bigm Transformation...
			gdp.bigm Transformation completed in 0 s
		 - Constructing Arc SMALL3 - STORAGE completed
			gdp.bigm Transformation...
			gdp.bigm Transformation completed in 0 s
		 - Constructing Arc SMALL4 - BIG1 completed
			gdp.bigm Transformation...
			gdp.bigm Transformation completed in 0 s
		 - Constructing Arc SMALL4 - BIG2 completed
			gdp.bigm Transformation...
			gdp.bigm Transformation completed in 0 s
		 - Constructing Arc SMALL4 - SMALL1 completed
			gdp.bigm Transformation...
			gdp.bigm Transformation completed in 0 s
		 - Constructing Arc SMALL4 - SMALL2 completed
			gdp.bigm Transformation...
			gdp.bigm Transformation completed in 0 s
		 - Constructing Arc SMALL4 - SMALL3 completed
			gdp.bigm Transformation...
			gdp.bigm Transformation completed in 0 s
		 - Constructing Arc SMALL4 - STORAGE completed
			gdp.bigm Transformation...
			gdp.bigm Transformation completed in 0 s
		 - Constructing Arc STORAGE - BIG1 completed
			gdp.bigm Transformation...
			gdp.bigm Transformation completed in 0 s
		 - Constructing Arc STORAGE - BIG2 completed
			gdp.bigm Transformation...
			gdp.bigm Transformation completed in 0 s
		 - Constructing Arc STORAGE - SMALL1 completed
			gdp.bigm Transformation...
			gdp.bigm Transformation completed in 0 s
		 - Constructing Arc STORAGE - SMALL2 completed
			gdp.bigm Transformation...
			gdp.bigm Transformation completed in 0 s
		 - Constructing Arc STORAGE - SMALL3 completed
			gdp.bigm Transformation...
			gdp.bigm Transformation completed in 0 s
		 - Constructing Arc STORAGE - SMALL4 completed
	 - Constructing Network hydrogenPipelineOnshore_highP completed
			gdp.bigm Transformation...
			gdp.bigm Transformation completed in 79 s
	 - Adding Technology Electrolyzer_big
			gdp.bigm Transformation...
			gdp.bigm Transformation completed in 0 s
	 - Adding Technology Storage_H2_highP
			gdp.bigm Transformation...
			gdp.bigm Transformation completed in 4 s
	 - Adding Compressor hydrogen_Compressor_hydrogenPipelineOnshore_lowP_hydrogenPipelineOnshore_lowP
	 - Adding Compressor hydrogen_Compressor_hydrogenPipelineOnshore_lowP_hydrogenPipelineOnshore_highP
	 - Adding Compressor hydrogen_Compressor_hydrogenPipelineOnshore_lowP_Storage_H2_highP
	 - Adding Compressor hydrogen_Compressor_hydrogenPipelineOnshore_lowP_Demand
	 - Adding Compressor hydrogen_Compressor_hydrogenPipelineOnshore_highP_hydrogenPipelineOnshore_lowP
	 - Adding Compressor hydrogen_Compressor_hydrogenPipelineOnshore_highP_hydrogenPipelineOnshore_highP
	 - Adding Compressor hydrogen_Compressor_hydrogenPipelineOnshore_highP_Storage_H2_highP
	 - Adding Compressor hydrogen_Compressor_hydrogenPipelineOnshore_highP_Demand
	 - Adding Compressor hydrogen_Compressor_Electrolyzer_big_hydrogenPipelineOnshore_lowP
	 - Adding Compressor hydrogen_Compressor_Electrolyzer_big_hydrogenPipelineOnshore_highP
	 - Adding Compressor hydrogen_Compressor_Electrolyzer_big_Storage_H2_highP
	 - Adding Compressor hydrogen_Compressor_Electrolyzer_big_Demand
	 - Adding Compressor hydrogen_Compressor_Storage_H2_highP_hydrogenPipelineOnshore_lowP
	 - Adding Compressor hydrogen_Compressor_Storage_H2_highP_hydrogenPipelineOnshore_highP
	 - Adding Compressor hydrogen_Compressor_Storage_H2_highP_Storage_H2_highP
	 - Adding Compressor hydrogen_Compressor_Storage_H2_highP_Demand
	 - Adding Compressor hydrogen_Compressor_Import_hydrogenPipelineOnshore_lowP
	 - Adding Compressor hydrogen_Compressor_Import_hydrogenPipelineOnshore_highP
	 - Adding Compressor hydrogen_Compressor_Import_Storage_H2_highP
	 - Adding Compressor hydrogen_Compressor_Import_Demand_existing
	 - Adding Technology Electrolyzer_big
			gdp.bigm Transformation...
			gdp.bigm Transformation completed in 0 s
	 - Adding Technology Storage_H2_highP
			gdp.bigm Transformation...
			gdp.bigm Transformation completed in 4 s
	 - Adding Compressor hydrogen_Compressor_hydrogenPipelineOnshore_lowP_hydrogenPipelineOnshore_lowP
	 - Adding Compressor hydrogen_Compressor_hydrogenPipelineOnshore_lowP_hydrogenPipelineOnshore_highP
	 - Adding Compressor hydrogen_Compressor_hydrogenPipelineOnshore_lowP_Storage_H2_highP
	 - Adding Compressor hydrogen_Compressor_hydrogenPipelineOnshore_lowP_Demand
	 - Adding Compressor hydrogen_Compressor_hydrogenPipelineOnshore_highP_hydrogenPipelineOnshore_lowP
	 - Adding Compressor hydrogen_Compressor_hydrogenPipelineOnshore_highP_hydrogenPipelineOnshore_highP
	 - Adding Compressor hydrogen_Compressor_hydrogenPipelineOnshore_highP_Storage_H2_highP
	 - Adding Compressor hydrogen_Compressor_hydrogenPipelineOnshore_highP_Demand
	 - Adding Compressor hydrogen_Compressor_Electrolyzer_big_hydrogenPipelineOnshore_lowP
	 - Adding Compressor hydrogen_Compressor_Electrolyzer_big_hydrogenPipelineOnshore_highP
	 - Adding Compressor hydrogen_Compressor_Electrolyzer_big_Storage_H2_highP
	 - Adding Compressor hydrogen_Compressor_Electrolyzer_big_Demand
	 - Adding Compressor hydrogen_Compressor_Storage_H2_highP_hydrogenPipelineOnshore_lowP
	 - Adding Compressor hydrogen_Compressor_Storage_H2_highP_hydrogenPipelineOnshore_highP
	 - Adding Compressor hydrogen_Compressor_Storage_H2_highP_Storage_H2_highP
	 - Adding Compressor hydrogen_Compressor_Storage_H2_highP_Demand
	 - Adding Compressor hydrogen_Compressor_Import_hydrogenPipelineOnshore_lowP
	 - Adding Compressor hydrogen_Compressor_Import_hydrogenPipelineOnshore_highP
	 - Adding Compressor hydrogen_Compressor_Import_Storage_H2_highP
	 - Adding Compressor hydrogen_Compressor_Import_Demand_existing
	 - Adding Technology Electrolyzer_small
	 - Adding Technology Storage_H2_lowP
			gdp.bigm Transformation...
			gdp.bigm Transformation completed in 4 s
	 - Adding Compressor hydrogen_Compressor_hydrogenPipelineOnshore_lowP_hydrogenPipelineOnshore_lowP
	 - Adding Compressor hydrogen_Compressor_hydrogenPipelineOnshore_lowP_hydrogenPipelineOnshore_highP
	 - Adding Compressor hydrogen_Compressor_hydrogenPipelineOnshore_lowP_Storage_H2_lowP
	 - Adding Compressor hydrogen_Compressor_hydrogenPipelineOnshore_lowP_Demand
	 - Adding Compressor hydrogen_Compressor_hydrogenPipelineOnshore_highP_hydrogenPipelineOnshore_lowP
	 - Adding Compressor hydrogen_Compressor_hydrogenPipelineOnshore_highP_hydrogenPipelineOnshore_highP
	 - Adding Compressor hydrogen_Compressor_hydrogenPipelineOnshore_highP_Storage_H2_lowP
	 - Adding Compressor hydrogen_Compressor_hydrogenPipelineOnshore_highP_Demand
	 - Adding Compressor hydrogen_Compressor_Electrolyzer_small_hydrogenPipelineOnshore_lowP
	 - Adding Compressor hydrogen_Compressor_Electrolyzer_small_hydrogenPipelineOnshore_highP
	 - Adding Compressor hydrogen_Compressor_Electrolyzer_small_Storage_H2_lowP
	 - Adding Compressor hydrogen_Compressor_Electrolyzer_small_Demand
	 - Adding Compressor hydrogen_Compressor_Storage_H2_lowP_hydrogenPipelineOnshore_lowP
	 - Adding Compressor hydrogen_Compressor_Storage_H2_lowP_hydrogenPipelineOnshore_highP
	 - Adding Compressor hydrogen_Compressor_Storage_H2_lowP_Storage_H2_lowP
	 - Adding Compressor hydrogen_Compressor_Storage_H2_lowP_Demand
	 - Adding Technology Electrolyzer_small
	 - Adding Technology Storage_H2_lowP
			gdp.bigm Transformation...
			gdp.bigm Transformation completed in 4 s
	 - Adding Compressor hydrogen_Compressor_hydrogenPipelineOnshore_lowP_hydrogenPipelineOnshore_lowP
	 - Adding Compressor hydrogen_Compressor_hydrogenPipelineOnshore_lowP_hydrogenPipelineOnshore_highP
	 - Adding Compressor hydrogen_Compressor_hydrogenPipelineOnshore_lowP_Storage_H2_lowP
	 - Adding Compressor hydrogen_Compressor_hydrogenPipelineOnshore_lowP_Demand
	 - Adding Compressor hydrogen_Compressor_hydrogenPipelineOnshore_highP_hydrogenPipelineOnshore_lowP
	 - Adding Compressor hydrogen_Compressor_hydrogenPipelineOnshore_highP_hydrogenPipelineOnshore_highP
	 - Adding Compressor hydrogen_Compressor_hydrogenPipelineOnshore_highP_Storage_H2_lowP
	 - Adding Compressor hydrogen_Compressor_hydrogenPipelineOnshore_highP_Demand
	 - Adding Compressor hydrogen_Compressor_Electrolyzer_small_hydrogenPipelineOnshore_lowP
	 - Adding Compressor hydrogen_Compressor_Electrolyzer_small_hydrogenPipelineOnshore_highP
	 - Adding Compressor hydrogen_Compressor_Electrolyzer_small_Storage_H2_lowP
	 - Adding Compressor hydrogen_Compressor_Electrolyzer_small_Demand
	 - Adding Compressor hydrogen_Compressor_Storage_H2_lowP_hydrogenPipelineOnshore_lowP
	 - Adding Compressor hydrogen_Compressor_Storage_H2_lowP_hydrogenPipelineOnshore_highP
	 - Adding Compressor hydrogen_Compressor_Storage_H2_lowP_Storage_H2_lowP
	 - Adding Compressor hydrogen_Compressor_Storage_H2_lowP_Demand
	 - Adding Technology Electrolyzer_small
	 - Adding Technology Storage_H2_lowP
			gdp.bigm Transformation...
			gdp.bigm Transformation completed in 4 s
	 - Adding Compressor hydrogen_Compressor_hydrogenPipelineOnshore_lowP_hydrogenPipelineOnshore_lowP
	 - Adding Compressor hydrogen_Compressor_hydrogenPipelineOnshore_lowP_hydrogenPipelineOnshore_highP
	 - Adding Compressor hydrogen_Compressor_hydrogenPipelineOnshore_lowP_Storage_H2_lowP
	 - Adding Compressor hydrogen_Compressor_hydrogenPipelineOnshore_lowP_Demand
	 - Adding Compressor hydrogen_Compressor_hydrogenPipelineOnshore_highP_hydrogenPipelineOnshore_lowP
	 - Adding Compressor hydrogen_Compressor_hydrogenPipelineOnshore_highP_hydrogenPipelineOnshore_highP
	 - Adding Compressor hydrogen_Compressor_hydrogenPipelineOnshore_highP_Storage_H2_lowP
	 - Adding Compressor hydrogen_Compressor_hydrogenPipelineOnshore_highP_Demand
	 - Adding Compressor hydrogen_Compressor_Electrolyzer_small_hydrogenPipelineOnshore_lowP
	 - Adding Compressor hydrogen_Compressor_Electrolyzer_small_hydrogenPipelineOnshore_highP
	 - Adding Compressor hydrogen_Compressor_Electrolyzer_small_Storage_H2_lowP
	 - Adding Compressor hydrogen_Compressor_Electrolyzer_small_Demand
	 - Adding Compressor hydrogen_Compressor_Storage_H2_lowP_hydrogenPipelineOnshore_lowP
	 - Adding Compressor hydrogen_Compressor_Storage_H2_lowP_hydrogenPipelineOnshore_highP
	 - Adding Compressor hydrogen_Compressor_Storage_H2_lowP_Storage_H2_lowP
	 - Adding Compressor hydrogen_Compressor_Storage_H2_lowP_Demand
	 - Adding Technology Electrolyzer_small
	 - Adding Technology Storage_H2_lowP
			gdp.bigm Transformation...
			gdp.bigm Transformation completed in 4 s
	 - Adding Compressor hydrogen_Compressor_hydrogenPipelineOnshore_lowP_hydrogenPipelineOnshore_lowP
	 - Adding Compressor hydrogen_Compressor_hydrogenPipelineOnshore_lowP_hydrogenPipelineOnshore_highP
	 - Adding Compressor hydrogen_Compressor_hydrogenPipelineOnshore_lowP_Storage_H2_lowP
	 - Adding Compressor hydrogen_Compressor_hydrogenPipelineOnshore_lowP_Demand
	 - Adding Compressor hydrogen_Compressor_hydrogenPipelineOnshore_highP_hydrogenPipelineOnshore_lowP
	 - Adding Compressor hydrogen_Compressor_hydrogenPipelineOnshore_highP_hydrogenPipelineOnshore_highP
	 - Adding Compressor hydrogen_Compressor_hydrogenPipelineOnshore_highP_Storage_H2_lowP
	 - Adding Compressor hydrogen_Compressor_hydrogenPipelineOnshore_highP_Demand
	 - Adding Compressor hydrogen_Compressor_Electrolyzer_small_hydrogenPipelineOnshore_lowP
	 - Adding Compressor hydrogen_Compressor_Electrolyzer_small_hydrogenPipelineOnshore_highP
	 - Adding Compressor hydrogen_Compressor_Electrolyzer_small_Storage_H2_lowP
	 - Adding Compressor hydrogen_Compressor_Electrolyzer_small_Demand
	 - Adding Compressor hydrogen_Compressor_Storage_H2_lowP_hydrogenPipelineOnshore_lowP
	 - Adding Compressor hydrogen_Compressor_Storage_H2_lowP_hydrogenPipelineOnshore_highP
	 - Adding Compressor hydrogen_Compressor_Storage_H2_lowP_Storage_H2_lowP
	 - Adding Compressor hydrogen_Compressor_Storage_H2_lowP_Demand
	 - Adding Technology Storage_H2_Cavern_existing
			gdp.bigm Transformation...
			gdp.bigm Transformation completed in 4 s
	 - Adding Compressor hydrogen_Compressor_hydrogenPipelineOnshore_lowP_hydrogenPipelineOnshore_lowP
	 - Adding Compressor hydrogen_Compressor_hydrogenPipelineOnshore_lowP_hydrogenPipelineOnshore_highP
	 - Adding Compressor hydrogen_Compressor_hydrogenPipelineOnshore_lowP_Storage_H2_Cavern_existing
	 - Adding Compressor hydrogen_Compressor_hydrogenPipelineOnshore_highP_hydrogenPipelineOnshore_lowP
	 - Adding Compressor hydrogen_Compressor_hydrogenPipelineOnshore_highP_hydrogenPipelineOnshore_highP
	 - Adding Compressor hydrogen_Compressor_hydrogenPipelineOnshore_highP_Storage_H2_Cavern_existing
	 - Adding Compressor hydrogen_Compressor_Storage_H2_Cavern_existing_hydrogenPipelineOnshore_lowP
	 - Adding Compressor hydrogen_Compressor_Storage_H2_Cavern_existing_hydrogenPipelineOnshore_highP
	 - Adding Compressor hydrogen_Compressor_Storage_H2_Cavern_existing_Storage_H2_Cavern_existing_existing
Constructing model completed in 634s
Constructing balances...
Constructing balances completed in 19s
Set objective on infrastructure due to willingness to pay
Set parameter OutputFlag to value 1
Set parameter LogFile to value "/gpfs/home3/scur1696/AdOpT-NET0-RegToNation/generic_node_optimization/results/parallel_creation_test_20251124_002357/task_003/t003_parallel_run_0005/userData/20251124011510-1/solver_log.txt"
Solver log file: /gpfs/home3/scur1696/AdOpT-NET0-RegToNation/generic_node_optimization/results/parallel_creation_test_20251124_002357/task_003/t003_parallel_run_0005/userData/20251124011510-1/solver_log.txt
Set parameter TimeLimit to value 180000
Set parameter MIPGap to value 0.01
Set parameter MIPFocus to value 0
Set parameter Threads to value 12
Set parameter NodefileStart to value 60
Set parameter Method to value -1
Set parameter Heuristics to value 0.05
Set parameter Presolve to value 1
Set parameter BranchDir to value 0
Set parameter LPWarmStart to value 0
Set parameter IntFeasTol to value 1e-05
Set parameter FeasibilityTol to value 1e-06
Set parameter Cuts to value -1
Set parameter NumericFocus to value 0
  444658    1.3883092e+08   0.000000e+00   2.386070e+07   2588s
Gurobi Optimizer version 13.0.0 build v13.0.0rc1 (linux64 - "Red Hat Enterprise Linux 9.4 (Plow)")

CPU model: AMD EPYC 9654 96-Core Processor, instruction set [SSE2|AVX|AVX2|AVX512]
Thread count: 192 physical cores, 192 logical processors, using up to 12 threads

Non-default parameters:
TimeLimit  180000
MIPGap  0.01
LPWarmStart  0
NodefileStart  60
Presolve  1
Threads  12

Academic license 2729390 - for non-commercial use only - registered to m.___@uu.nl
Optimize a model with 9050179 rows, 6728544 columns and 21385595 nonzeros (Min)
Model fingerprint: 0x17aa817a
Model has 1 linear objective coefficients
Variable types: 5869892 continuous, 858652 integer (858652 binary)
Coefficient statistics:
  Matrix range     [2e-03, 2e+08]
  Objective range  [1e+00, 1e+00]
  Bounds range     [5e-02, 6e+08]
  RHS range        [1e+00, 9e+09]
Warning: Model contains large matrix coefficients
Warning: Model contains large rhs
         Consider reformulating model or setting NumericFocus parameter
         to avoid numerical issues.
  444778    1.3883049e+08   0.000000e+00   3.915493e+07   2595s
Presolve removed 5361748 rows and 3924941 columns (presolve time = 5s)...
  444908    1.3882996e+08   0.000000e+00   3.534647e+07   2601s
Presolve removed 5525567 rows and 4080000 columns (presolve time = 10s)...
  445038    1.3882949e+08   0.000000e+00   2.171314e+07   2607s
Presolve removed 5528318 rows and 4082751 columns (presolve time = 15s)...
  445168    1.3882901e+08   0.000000e+00   3.295348e+07   2613s
Presolve removed 5528318 rows and 4082751 columns (presolve time = 20s)...
  445298    1.3882857e+08   0.000000e+00   2.176274e+07   2619s
Presolve removed 5528318 rows and 4082751 columns (presolve time = 26s)...
  [CONFIG] Gurobi default env configured: 12 threads per worker
--- Reading in data ---
Input data folder has been checked successfully - no errors occurred.
--- Reading in data complete ---
--- Constructing Model ---
Constructing Investment Period period1
Constructing Investment Period period1 completed
	 - Constructing Network hydrogenPipelineOnshore_lowP
			gdp.bigm Transformation...
			gdp.bigm Transformation completed in 0 s
		 - Constructing Arc BIG1 - BIG2 completed
			gdp.bigm Transformation...
			gdp.bigm Transformation completed in 0 s
		 - Constructing Arc BIG1 - SMALL1 completed
			gdp.bigm Transformation...
			gdp.bigm Transformation completed in 0 s
		 - Constructing Arc BIG1 - SMALL2 completed
			gdp.bigm Transformation...
			gdp.bigm Transformation completed in 0 s
		 - Constructing Arc BIG1 - SMALL3 completed
			gdp.bigm Transformation...
			gdp.bigm Transformation completed in 0 s
		 - Constructing Arc BIG1 - SMALL4 completed
			gdp.bigm Transformation...
			gdp.bigm Transformation completed in 0 s
		 - Constructing Arc BIG1 - STORAGE completed
			gdp.bigm Transformation...
			gdp.bigm Transformation completed in 0 s
		 - Constructing Arc BIG2 - BIG1 completed
			gdp.bigm Transformation...
			gdp.bigm Transformation completed in 0 s
		 - Constructing Arc BIG2 - SMALL1 completed
			gdp.bigm Transformation...
			gdp.bigm Transformation completed in 0 s
		 - Constructing Arc BIG2 - SMALL2 completed
			gdp.bigm Transformation...
			gdp.bigm Transformation completed in 0 s
		 - Constructing Arc BIG2 - SMALL3 completed
			gdp.bigm Transformation...
			gdp.bigm Transformation completed in 0 s
		 - Constructing Arc BIG2 - SMALL4 completed
			gdp.bigm Transformation...
			gdp.bigm Transformation completed in 0 s
		 - Constructing Arc BIG2 - STORAGE completed
			gdp.bigm Transformation...
			gdp.bigm Transformation completed in 0 s
		 - Constructing Arc SMALL1 - BIG1 completed
			gdp.bigm Transformation...
			gdp.bigm Transformation completed in 0 s
		 - Constructing Arc SMALL1 - BIG2 completed
			gdp.bigm Transformation...
			gdp.bigm Transformation completed in 0 s
		 - Constructing Arc SMALL1 - SMALL2 completed
			gdp.bigm Transformation...
			gdp.bigm Transformation completed in 0 s
		 - Constructing Arc SMALL1 - SMALL3 completed
			gdp.bigm Transformation...
			gdp.bigm Transformation completed in 0 s
		 - Constructing Arc SMALL1 - SMALL4 completed
			gdp.bigm Transformation...
			gdp.bigm Transformation completed in 0 s
		 - Constructing Arc SMALL1 - STORAGE completed
			gdp.bigm Transformation...
			gdp.bigm Transformation completed in 0 s
		 - Constructing Arc SMALL2 - BIG1 completed
			gdp.bigm Transformation...
			gdp.bigm Transformation completed in 0 s
		 - Constructing Arc SMALL2 - BIG2 completed
			gdp.bigm Transformation...
			gdp.bigm Transformation completed in 0 s
		 - Constructing Arc SMALL2 - SMALL1 completed
			gdp.bigm Transformation...
			gdp.bigm Transformation completed in 0 s
		 - Constructing Arc SMALL2 - SMALL3 completed
			gdp.bigm Transformation...
			gdp.bigm Transformation completed in 0 s
		 - Constructing Arc SMALL2 - SMALL4 completed
			gdp.bigm Transformation...
			gdp.bigm Transformation completed in 0 s
		 - Constructing Arc SMALL2 - STORAGE completed
			gdp.bigm Transformation...
			gdp.bigm Transformation completed in 0 s
		 - Constructing Arc SMALL3 - BIG1 completed
			gdp.bigm Transformation...
			gdp.bigm Transformation completed in 0 s
		 - Constructing Arc SMALL3 - BIG2 completed
			gdp.bigm Transformation...
			gdp.bigm Transformation completed in 0 s
		 - Constructing Arc SMALL3 - SMALL1 completed
			gdp.bigm Transformation...
			gdp.bigm Transformation completed in 0 s
		 - Constructing Arc SMALL3 - SMALL2 completed
			gdp.bigm Transformation...
			gdp.bigm Transformation completed in 0 s
		 - Constructing Arc SMALL3 - SMALL4 completed
			gdp.bigm Transformation...
			gdp.bigm Transformation completed in 0 s
		 - Constructing Arc SMALL3 - STORAGE completed
			gdp.bigm Transformation...
			gdp.bigm Transformation completed in 0 s
		 - Constructing Arc SMALL4 - BIG1 completed
			gdp.bigm Transformation...
			gdp.bigm Transformation completed in 0 s
		 - Constructing Arc SMALL4 - BIG2 completed
			gdp.bigm Transformation...
			gdp.bigm Transformation completed in 0 s
		 - Constructing Arc SMALL4 - SMALL1 completed
			gdp.bigm Transformation...
			gdp.bigm Transformation completed in 0 s
		 - Constructing Arc SMALL4 - SMALL2 completed
			gdp.bigm Transformation...
			gdp.bigm Transformation completed in 0 s
		 - Constructing Arc SMALL4 - SMALL3 completed
			gdp.bigm Transformation...
			gdp.bigm Transformation completed in 0 s
		 - Constructing Arc SMALL4 - STORAGE completed
			gdp.bigm Transformation...
			gdp.bigm Transformation completed in 0 s
		 - Constructing Arc STORAGE - BIG1 completed
			gdp.bigm Transformation...
			gdp.bigm Transformation completed in 0 s
		 - Constructing Arc STORAGE - BIG2 completed
			gdp.bigm Transformation...
			gdp.bigm Transformation completed in 0 s
		 - Constructing Arc STORAGE - SMALL1 completed
			gdp.bigm Transformation...
			gdp.bigm Transformation completed in 0 s
		 - Constructing Arc STORAGE - SMALL2 completed
			gdp.bigm Transformation...
			gdp.bigm Transformation completed in 0 s
		 - Constructing Arc STORAGE - SMALL3 completed
			gdp.bigm Transformation...
			gdp.bigm Transformation completed in 0 s
		 - Constructing Arc STORAGE - SMALL4 completed
	 - Constructing Network hydrogenPipelineOnshore_lowP completed
			gdp.bigm Transformation...
			gdp.bigm Transformation completed in 78 s
	 - Constructing Network hydrogenPipelineOnshore_highP
			gdp.bigm Transformation...
			gdp.bigm Transformation completed in 0 s
		 - Constructing Arc BIG1 - BIG2 completed
			gdp.bigm Transformation...
			gdp.bigm Transformation completed in 0 s
		 - Constructing Arc BIG1 - SMALL1 completed
			gdp.bigm Transformation...
			gdp.bigm Transformation completed in 0 s
		 - Constructing Arc BIG1 - SMALL2 completed
			gdp.bigm Transformation...
			gdp.bigm Transformation completed in 0 s
		 - Constructing Arc BIG1 - SMALL3 completed
			gdp.bigm Transformation...
			gdp.bigm Transformation completed in 0 s
		 - Constructing Arc BIG1 - SMALL4 completed
			gdp.bigm Transformation...
			gdp.bigm Transformation completed in 0 s
		 - Constructing Arc BIG1 - STORAGE completed
			gdp.bigm Transformation...
			gdp.bigm Transformation completed in 0 s
		 - Constructing Arc BIG2 - BIG1 completed
			gdp.bigm Transformation...
			gdp.bigm Transformation completed in 0 s
		 - Constructing Arc BIG2 - SMALL1 completed
			gdp.bigm Transformation...
			gdp.bigm Transformation completed in 0 s
		 - Constructing Arc BIG2 - SMALL2 completed
			gdp.bigm Transformation...
			gdp.bigm Transformation completed in 0 s
		 - Constructing Arc BIG2 - SMALL3 completed
			gdp.bigm Transformation...
			gdp.bigm Transformation completed in 0 s
		 - Constructing Arc BIG2 - SMALL4 completed
			gdp.bigm Transformation...
			gdp.bigm Transformation completed in 0 s
		 - Constructing Arc BIG2 - STORAGE completed
			gdp.bigm Transformation...
			gdp.bigm Transformation completed in 0 s
		 - Constructing Arc SMALL1 - BIG1 completed
			gdp.bigm Transformation...
			gdp.bigm Transformation completed in 0 s
		 - Constructing Arc SMALL1 - BIG2 completed
			gdp.bigm Transformation...
			gdp.bigm Transformation completed in 0 s
		 - Constructing Arc SMALL1 - SMALL2 completed
			gdp.bigm Transformation...
			gdp.bigm Transformation completed in 0 s
		 - Constructing Arc SMALL1 - SMALL3 completed
			gdp.bigm Transformation...
			gdp.bigm Transformation completed in 0 s
		 - Constructing Arc SMALL1 - SMALL4 completed
			gdp.bigm Transformation...
			gdp.bigm Transformation completed in 0 s
		 - Constructing Arc SMALL1 - STORAGE completed
			gdp.bigm Transformation...
			gdp.bigm Transformation completed in 0 s
		 - Constructing Arc SMALL2 - BIG1 completed
			gdp.bigm Transformation...
			gdp.bigm Transformation completed in 0 s
		 - Constructing Arc SMALL2 - BIG2 completed
			gdp.bigm Transformation...
			gdp.bigm Transformation completed in 0 s
		 - Constructing Arc SMALL2 - SMALL1 completed
			gdp.bigm Transformation...
			gdp.bigm Transformation completed in 0 s
		 - Constructing Arc SMALL2 - SMALL3 completed
			gdp.bigm Transformation...
			gdp.bigm Transformation completed in 0 s
		 - Constructing Arc SMALL2 - SMALL4 completed
			gdp.bigm Transformation...
			gdp.bigm Transformation completed in 0 s
		 - Constructing Arc SMALL2 - STORAGE completed
			gdp.bigm Transformation...
			gdp.bigm Transformation completed in 0 s
		 - Constructing Arc SMALL3 - BIG1 completed
			gdp.bigm Transformation...
			gdp.bigm Transformation completed in 0 s
		 - Constructing Arc SMALL3 - BIG2 completed
			gdp.bigm Transformation...
			gdp.bigm Transformation completed in 0 s
		 - Constructing Arc SMALL3 - SMALL1 completed
			gdp.bigm Transformation...
			gdp.bigm Transformation completed in 0 s
		 - Constructing Arc SMALL3 - SMALL2 completed
			gdp.bigm Transformation...
			gdp.bigm Transformation completed in 0 s
		 - Constructing Arc SMALL3 - SMALL4 completed
			gdp.bigm Transformation...
			gdp.bigm Transformation completed in 0 s
		 - Constructing Arc SMALL3 - STORAGE completed
			gdp.bigm Transformation...
			gdp.bigm Transformation completed in 0 s
		 - Constructing Arc SMALL4 - BIG1 completed
			gdp.bigm Transformation...
			gdp.bigm Transformation completed in 0 s
		 - Constructing Arc SMALL4 - BIG2 completed
			gdp.bigm Transformation...
			gdp.bigm Transformation completed in 0 s
		 - Constructing Arc SMALL4 - SMALL1 completed
			gdp.bigm Transformation...
			gdp.bigm Transformation completed in 0 s
		 - Constructing Arc SMALL4 - SMALL2 completed
			gdp.bigm Transformation...
			gdp.bigm Transformation completed in 0 s
		 - Constructing Arc SMALL4 - SMALL3 completed
			gdp.bigm Transformation...
			gdp.bigm Transformation completed in 0 s
		 - Constructing Arc SMALL4 - STORAGE completed
			gdp.bigm Transformation...
			gdp.bigm Transformation completed in 0 s
		 - Constructing Arc STORAGE - BIG1 completed
			gdp.bigm Transformation...
			gdp.bigm Transformation completed in 0 s
		 - Constructing Arc STORAGE - BIG2 completed
			gdp.bigm Transformation...
			gdp.bigm Transformation completed in 0 s
		 - Constructing Arc STORAGE - SMALL1 completed
			gdp.bigm Transformation...
			gdp.bigm Transformation completed in 0 s
		 - Constructing Arc STORAGE - SMALL2 completed
			gdp.bigm Transformation...
			gdp.bigm Transformation completed in 0 s
		 - Constructing Arc STORAGE - SMALL3 completed
			gdp.bigm Transformation...
			gdp.bigm Transformation completed in 0 s
		 - Constructing Arc STORAGE - SMALL4 completed
	 - Constructing Network hydrogenPipelineOnshore_highP completed
			gdp.bigm Transformation...
			gdp.bigm Transformation completed in 78 s
	 - Adding Technology Electrolyzer_big
			gdp.bigm Transformation...
			gdp.bigm Transformation completed in 0 s
	 - Adding Technology Storage_H2_highP
			gdp.bigm Transformation...
			gdp.bigm Transformation completed in 4 s
	 - Adding Compressor hydrogen_Compressor_hydrogenPipelineOnshore_lowP_hydrogenPipelineOnshore_lowP
	 - Adding Compressor hydrogen_Compressor_hydrogenPipelineOnshore_lowP_hydrogenPipelineOnshore_highP
	 - Adding Compressor hydrogen_Compressor_hydrogenPipelineOnshore_lowP_Storage_H2_highP
	 - Adding Compressor hydrogen_Compressor_hydrogenPipelineOnshore_lowP_Demand
	 - Adding Compressor hydrogen_Compressor_hydrogenPipelineOnshore_highP_hydrogenPipelineOnshore_lowP
	 - Adding Compressor hydrogen_Compressor_hydrogenPipelineOnshore_highP_hydrogenPipelineOnshore_highP
	 - Adding Compressor hydrogen_Compressor_hydrogenPipelineOnshore_highP_Storage_H2_highP
	 - Adding Compressor hydrogen_Compressor_hydrogenPipelineOnshore_highP_Demand
	 - Adding Compressor hydrogen_Compressor_Electrolyzer_big_hydrogenPipelineOnshore_lowP
	 - Adding Compressor hydrogen_Compressor_Electrolyzer_big_hydrogenPipelineOnshore_highP
	 - Adding Compressor hydrogen_Compressor_Electrolyzer_big_Storage_H2_highP
	 - Adding Compressor hydrogen_Compressor_Electrolyzer_big_Demand
	 - Adding Compressor hydrogen_Compressor_Storage_H2_highP_hydrogenPipelineOnshore_lowP
	 - Adding Compressor hydrogen_Compressor_Storage_H2_highP_hydrogenPipelineOnshore_highP
	 - Adding Compressor hydrogen_Compressor_Storage_H2_highP_Storage_H2_highP
	 - Adding Compressor hydrogen_Compressor_Storage_H2_highP_Demand
	 - Adding Compressor hydrogen_Compressor_Import_hydrogenPipelineOnshore_lowP
	 - Adding Compressor hydrogen_Compressor_Import_hydrogenPipelineOnshore_highP
	 - Adding Compressor hydrogen_Compressor_Import_Storage_H2_highP
	 - Adding Compressor hydrogen_Compressor_Import_Demand_existing
	 - Adding Technology Electrolyzer_big
			gdp.bigm Transformation...
			gdp.bigm Transformation completed in 0 s
	 - Adding Technology Storage_H2_highP
			gdp.bigm Transformation...
			gdp.bigm Transformation completed in 4 s
	 - Adding Compressor hydrogen_Compressor_hydrogenPipelineOnshore_lowP_hydrogenPipelineOnshore_lowP
	 - Adding Compressor hydrogen_Compressor_hydrogenPipelineOnshore_lowP_hydrogenPipelineOnshore_highP
	 - Adding Compressor hydrogen_Compressor_hydrogenPipelineOnshore_lowP_Storage_H2_highP
	 - Adding Compressor hydrogen_Compressor_hydrogenPipelineOnshore_lowP_Demand
	 - Adding Compressor hydrogen_Compressor_hydrogenPipelineOnshore_highP_hydrogenPipelineOnshore_lowP
	 - Adding Compressor hydrogen_Compressor_hydrogenPipelineOnshore_highP_hydrogenPipelineOnshore_highP
	 - Adding Compressor hydrogen_Compressor_hydrogenPipelineOnshore_highP_Storage_H2_highP
	 - Adding Compressor hydrogen_Compressor_hydrogenPipelineOnshore_highP_Demand
	 - Adding Compressor hydrogen_Compressor_Electrolyzer_big_hydrogenPipelineOnshore_lowP
	 - Adding Compressor hydrogen_Compressor_Electrolyzer_big_hydrogenPipelineOnshore_highP
	 - Adding Compressor hydrogen_Compressor_Electrolyzer_big_Storage_H2_highP
	 - Adding Compressor hydrogen_Compressor_Electrolyzer_big_Demand
	 - Adding Compressor hydrogen_Compressor_Storage_H2_highP_hydrogenPipelineOnshore_lowP
	 - Adding Compressor hydrogen_Compressor_Storage_H2_highP_hydrogenPipelineOnshore_highP
	 - Adding Compressor hydrogen_Compressor_Storage_H2_highP_Storage_H2_highP
	 - Adding Compressor hydrogen_Compressor_Storage_H2_highP_Demand
	 - Adding Compressor hydrogen_Compressor_Import_hydrogenPipelineOnshore_lowP
	 - Adding Compressor hydrogen_Compressor_Import_hydrogenPipelineOnshore_highP
	 - Adding Compressor hydrogen_Compressor_Import_Storage_H2_highP
	 - Adding Compressor hydrogen_Compressor_Import_Demand_existing
	 - Adding Technology Electrolyzer_small
	 - Adding Technology Storage_H2_lowP
			gdp.bigm Transformation...
			gdp.bigm Transformation completed in 4 s
	 - Adding Compressor hydrogen_Compressor_hydrogenPipelineOnshore_lowP_hydrogenPipelineOnshore_lowP
	 - Adding Compressor hydrogen_Compressor_hydrogenPipelineOnshore_lowP_hydrogenPipelineOnshore_highP
	 - Adding Compressor hydrogen_Compressor_hydrogenPipelineOnshore_lowP_Storage_H2_lowP
	 - Adding Compressor hydrogen_Compressor_hydrogenPipelineOnshore_lowP_Demand
	 - Adding Compressor hydrogen_Compressor_hydrogenPipelineOnshore_highP_hydrogenPipelineOnshore_lowP
	 - Adding Compressor hydrogen_Compressor_hydrogenPipelineOnshore_highP_hydrogenPipelineOnshore_highP
	 - Adding Compressor hydrogen_Compressor_hydrogenPipelineOnshore_highP_Storage_H2_lowP
	 - Adding Compressor hydrogen_Compressor_hydrogenPipelineOnshore_highP_Demand
	 - Adding Compressor hydrogen_Compressor_Electrolyzer_small_hydrogenPipelineOnshore_lowP
	 - Adding Compressor hydrogen_Compressor_Electrolyzer_small_hydrogenPipelineOnshore_highP
	 - Adding Compressor hydrogen_Compressor_Electrolyzer_small_Storage_H2_lowP
	 - Adding Compressor hydrogen_Compressor_Electrolyzer_small_Demand
	 - Adding Compressor hydrogen_Compressor_Storage_H2_lowP_hydrogenPipelineOnshore_lowP
	 - Adding Compressor hydrogen_Compressor_Storage_H2_lowP_hydrogenPipelineOnshore_highP
	 - Adding Compressor hydrogen_Compressor_Storage_H2_lowP_Storage_H2_lowP
	 - Adding Compressor hydrogen_Compressor_Storage_H2_lowP_Demand
	 - Adding Technology Electrolyzer_small
	 - Adding Technology Storage_H2_lowP
			gdp.bigm Transformation...
			gdp.bigm Transformation completed in 4 s
	 - Adding Compressor hydrogen_Compressor_hydrogenPipelineOnshore_lowP_hydrogenPipelineOnshore_lowP
	 - Adding Compressor hydrogen_Compressor_hydrogenPipelineOnshore_lowP_hydrogenPipelineOnshore_highP
	 - Adding Compressor hydrogen_Compressor_hydrogenPipelineOnshore_lowP_Storage_H2_lowP
	 - Adding Compressor hydrogen_Compressor_hydrogenPipelineOnshore_lowP_Demand
	 - Adding Compressor hydrogen_Compressor_hydrogenPipelineOnshore_highP_hydrogenPipelineOnshore_lowP
	 - Adding Compressor hydrogen_Compressor_hydrogenPipelineOnshore_highP_hydrogenPipelineOnshore_highP
	 - Adding Compressor hydrogen_Compressor_hydrogenPipelineOnshore_highP_Storage_H2_lowP
	 - Adding Compressor hydrogen_Compressor_hydrogenPipelineOnshore_highP_Demand
	 - Adding Compressor hydrogen_Compressor_Electrolyzer_small_hydrogenPipelineOnshore_lowP
	 - Adding Compressor hydrogen_Compressor_Electrolyzer_small_hydrogenPipelineOnshore_highP
	 - Adding Compressor hydrogen_Compressor_Electrolyzer_small_Storage_H2_lowP
	 - Adding Compressor hydrogen_Compressor_Electrolyzer_small_Demand
	 - Adding Compressor hydrogen_Compressor_Storage_H2_lowP_hydrogenPipelineOnshore_lowP
	 - Adding Compressor hydrogen_Compressor_Storage_H2_lowP_hydrogenPipelineOnshore_highP
	 - Adding Compressor hydrogen_Compressor_Storage_H2_lowP_Storage_H2_lowP
	 - Adding Compressor hydrogen_Compressor_Storage_H2_lowP_Demand
	 - Adding Technology Electrolyzer_small
	 - Adding Technology Storage_H2_lowP
			gdp.bigm Transformation...
			gdp.bigm Transformation completed in 4 s
	 - Adding Compressor hydrogen_Compressor_hydrogenPipelineOnshore_lowP_hydrogenPipelineOnshore_lowP
	 - Adding Compressor hydrogen_Compressor_hydrogenPipelineOnshore_lowP_hydrogenPipelineOnshore_highP
	 - Adding Compressor hydrogen_Compressor_hydrogenPipelineOnshore_lowP_Storage_H2_lowP
	 - Adding Compressor hydrogen_Compressor_hydrogenPipelineOnshore_lowP_Demand
	 - Adding Compressor hydrogen_Compressor_hydrogenPipelineOnshore_highP_hydrogenPipelineOnshore_lowP
	 - Adding Compressor hydrogen_Compressor_hydrogenPipelineOnshore_highP_hydrogenPipelineOnshore_highP
	 - Adding Compressor hydrogen_Compressor_hydrogenPipelineOnshore_highP_Storage_H2_lowP
	 - Adding Compressor hydrogen_Compressor_hydrogenPipelineOnshore_highP_Demand
	 - Adding Compressor hydrogen_Compressor_Electrolyzer_small_hydrogenPipelineOnshore_lowP
	 - Adding Compressor hydrogen_Compressor_Electrolyzer_small_hydrogenPipelineOnshore_highP
	 - Adding Compressor hydrogen_Compressor_Electrolyzer_small_Storage_H2_lowP
	 - Adding Compressor hydrogen_Compressor_Electrolyzer_small_Demand
	 - Adding Compressor hydrogen_Compressor_Storage_H2_lowP_hydrogenPipelineOnshore_lowP
	 - Adding Compressor hydrogen_Compressor_Storage_H2_lowP_hydrogenPipelineOnshore_highP
	 - Adding Compressor hydrogen_Compressor_Storage_H2_lowP_Storage_H2_lowP
	 - Adding Compressor hydrogen_Compressor_Storage_H2_lowP_Demand
	 - Adding Technology Electrolyzer_small
	 - Adding Technology Storage_H2_lowP
			gdp.bigm Transformation...
			gdp.bigm Transformation completed in 4 s
	 - Adding Compressor hydrogen_Compressor_hydrogenPipelineOnshore_lowP_hydrogenPipelineOnshore_lowP
	 - Adding Compressor hydrogen_Compressor_hydrogenPipelineOnshore_lowP_hydrogenPipelineOnshore_highP
	 - Adding Compressor hydrogen_Compressor_hydrogenPipelineOnshore_lowP_Storage_H2_lowP
	 - Adding Compressor hydrogen_Compressor_hydrogenPipelineOnshore_lowP_Demand
	 - Adding Compressor hydrogen_Compressor_hydrogenPipelineOnshore_highP_hydrogenPipelineOnshore_lowP
	 - Adding Compressor hydrogen_Compressor_hydrogenPipelineOnshore_highP_hydrogenPipelineOnshore_highP
	 - Adding Compressor hydrogen_Compressor_hydrogenPipelineOnshore_highP_Storage_H2_lowP
	 - Adding Compressor hydrogen_Compressor_hydrogenPipelineOnshore_highP_Demand
	 - Adding Compressor hydrogen_Compressor_Electrolyzer_small_hydrogenPipelineOnshore_lowP
	 - Adding Compressor hydrogen_Compressor_Electrolyzer_small_hydrogenPipelineOnshore_highP
	 - Adding Compressor hydrogen_Compressor_Electrolyzer_small_Storage_H2_lowP
	 - Adding Compressor hydrogen_Compressor_Electrolyzer_small_Demand
	 - Adding Compressor hydrogen_Compressor_Storage_H2_lowP_hydrogenPipelineOnshore_lowP
	 - Adding Compressor hydrogen_Compressor_Storage_H2_lowP_hydrogenPipelineOnshore_highP
	 - Adding Compressor hydrogen_Compressor_Storage_H2_lowP_Storage_H2_lowP
	 - Adding Compressor hydrogen_Compressor_Storage_H2_lowP_Demand
	 - Adding Technology Storage_H2_Cavern_existing
			gdp.bigm Transformation...
			gdp.bigm Transformation completed in 4 s
	 - Adding Compressor hydrogen_Compressor_hydrogenPipelineOnshore_lowP_hydrogenPipelineOnshore_lowP
	 - Adding Compressor hydrogen_Compressor_hydrogenPipelineOnshore_lowP_hydrogenPipelineOnshore_highP
	 - Adding Compressor hydrogen_Compressor_hydrogenPipelineOnshore_lowP_Storage_H2_Cavern_existing
	 - Adding Compressor hydrogen_Compressor_hydrogenPipelineOnshore_highP_hydrogenPipelineOnshore_lowP
	 - Adding Compressor hydrogen_Compressor_hydrogenPipelineOnshore_highP_hydrogenPipelineOnshore_highP
	 - Adding Compressor hydrogen_Compressor_hydrogenPipelineOnshore_highP_Storage_H2_Cavern_existing
	 - Adding Compressor hydrogen_Compressor_Storage_H2_Cavern_existing_hydrogenPipelineOnshore_lowP
	 - Adding Compressor hydrogen_Compressor_Storage_H2_Cavern_existing_hydrogenPipelineOnshore_highP
	 - Adding Compressor hydrogen_Compressor_Storage_H2_Cavern_existing_Storage_H2_Cavern_existing_existing
Constructing model completed in 603s
Constructing balances...
Constructing balances completed in 19s
Set objective on infrastructure due to willingness to pay
Set parameter OutputFlag to value 1
Set parameter LogFile to value "/gpfs/home3/scur1696/AdOpT-NET0-RegToNation/generic_node_optimization/results/parallel_creation_test_20251124_002357/task_003/t003_parallel_run_0007/userData/20251124011546-1/solver_log.txt"
Solver log file: /gpfs/home3/scur1696/AdOpT-NET0-RegToNation/generic_node_optimization/results/parallel_creation_test_20251124_002357/task_003/t003_parallel_run_0007/userData/20251124011546-1/solver_log.txt
Set parameter TimeLimit to value 180000
Set parameter MIPGap to value 0.01
Set parameter MIPFocus to value 0
Set parameter Threads to value 12
Set parameter NodefileStart to value 60
Set parameter Method to value -1
Set parameter Heuristics to value 0.05
Set parameter Presolve to value 1
Set parameter BranchDir to value 0
Set parameter LPWarmStart to value 0
Set parameter IntFeasTol to value 1e-05
Set parameter FeasibilityTol to value 1e-06
Set parameter Cuts to value -1
Set parameter NumericFocus to value 0
Presolve removed 5545984 rows and 4161642 columns (presolve time = 30s)...
  445438    1.3882808e+08   0.000000e+00   6.647195e+07   2625s
Gurobi Optimizer version 13.0.0 build v13.0.0rc1 (linux64 - "Red Hat Enterprise Linux 9.4 (Plow)")

CPU model: AMD EPYC 9654 96-Core Processor, instruction set [SSE2|AVX|AVX2|AVX512]
Thread count: 192 physical cores, 192 logical processors, using up to 12 threads

Non-default parameters:
TimeLimit  180000
MIPGap  0.01
LPWarmStart  0
NodefileStart  60
Presolve  1
Threads  12

Academic license 2729390 - for non-commercial use only - registered to m.___@uu.nl
Optimize a model with 9050179 rows, 6728544 columns and 21385595 nonzeros (Min)
Model fingerprint: 0x03baa0f5
Model has 1 linear objective coefficients
Variable types: 5869892 continuous, 858652 integer (858652 binary)
Coefficient statistics:
  Matrix range     [2e-03, 2e+08]
  Objective range  [1e+00, 1e+00]
  Bounds range     [5e-02, 6e+08]
  RHS range        [1e+00, 6e+09]
Warning: Model contains large matrix coefficients
Warning: Model contains large rhs
         Consider reformulating model or setting NumericFocus parameter
         to avoid numerical issues.
Presolve removed 5554859 rows and 4161684 columns (presolve time = 35s)...
  445568    1.3882770e+08   0.000000e+00   2.327805e+07   2632s
Presolve removed 5554859 rows and 4161684 columns (presolve time = 40s)...
Presolve removed 5554859 rows and 4161684 columns
Presolve time: 41.69s
Presolved: 3495320 rows, 2566860 columns, 11519758 nonzeros
  445698    1.3882730e+08   0.000000e+00   1.957055e+07   2638s
Presolve removed 5361748 rows and 3924941 columns (presolve time = 5s)...
Presolve removed 5528318 rows and 4082751 columns (presolve time = 10s)...
Variable types: 2137576 continuous, 429284 integer (429284 binary)
  445828    1.3882678e+08   0.000000e+00   2.010601e+07   2644s
Waiting for other threads to finish...        2631s
Presolve removed 5528318 rows and 4082751 columns (presolve time = 15s)...
  445958    1.3882639e+08   0.000000e+00   1.908893e+07   2650s
Presolve removed 5528318 rows and 4082751 columns (presolve time = 20s)...
  446098    1.3882600e+08   0.000000e+00   1.830393e+07   2657s
Presolve removed 5528318 rows and 4082751 columns (presolve time = 26s)...
Found heuristic solution: objective 1.743703e+08
  446228    1.3882560e+08   0.000000e+00   3.499794e+07   2663s
Presolve removed 5545984 rows and 4161642 columns (presolve time = 30s)...
Presolve removed 5554859 rows and 4161684 columns (presolve time = 35s)...
  446368    1.3882512e+08   0.000000e+00   1.984172e+07   2669s
Presolve removed 5554859 rows and 4161684 columns (presolve time = 40s)...
Presolve removed 5554859 rows and 4161684 columns
Presolve time: 41.54s
Presolved: 3495320 rows, 2566860 columns, 11519758 nonzeros
  446498    1.3882486e+08   0.000000e+00   5.810763e+07   2676s
Deterministic concurrent LP optimizer: primal simplex, dual simplex, and barrier
Showing barrier log only...

Root barrier log...

  446628    1.3882460e+08   0.000000e+00   2.245447e+07   2682s
Ordering time: 2.84s
Variable types: 2137576 continuous, 429284 integer (429284 binary)

Barrier statistics:
 Dense cols : 103
 AA' NZ     : 1.544e+07
 Factor NZ  : 6.646e+07 (roughly 2.7 GB of memory)
 Factor Ops : 4.437e+09 (less than 1 second per iteration)
 Threads    : 10

                  Objective                Residual
Iter       Primal          Dual         Primal    Dual     Compl     Time
   0   9.05536961e+09 -2.65083575e+11  3.07e+09 7.59e+00  5.38e+07    96s
   1   9.80024644e+09 -4.29968160e+11  2.98e+09 6.18e+01  4.89e+07    97s
  446758    1.3882433e+08   0.000000e+00   3.200015e+07   2688s
   2   6.80575611e+09 -3.82564576e+11  1.77e+09 3.75e+00  2.95e+07    99s
   3   3.71290809e+09 -3.47111378e+11  4.46e+08 2.17e-06  7.60e+06   103s
  446888    1.3882404e+08   0.000000e+00   2.442828e+07   2694s
   4   2.85847109e+09 -2.96998761e+11  1.11e+07 7.25e-06  2.32e+05   104s
   5   2.85530174e+09 -1.99916362e+11  3.24e+06 2.20e-06  8.01e+04   106s
   6   2.85454766e+09 -1.69530045e+11  2.57e+06 1.61e-06  6.28e+04   108s
   7   2.84679001e+09 -1.17659789e+11  1.50e+06 8.38e-07  3.77e+04   109s
  447018    1.3882383e+08   0.000000e+00   1.855166e+07   2700s
   8   2.74718913e+09 -1.17370420e+11  1.21e+06 8.24e-07  3.37e+04   112s
Deterministic concurrent LP optimizer: primal simplex, dual simplex, and barrier
Showing barrier log only...

   9   2.18874515e+09 -6.93745380e+10  1.36e+05 2.15e-06  1.24e+04   115s
Root barrier log...

  447158    1.3882363e+08   0.000000e+00   3.325676e+07   2707s
  10   2.07837276e+09 -3.04823180e+10  8.95e+03 3.28e-06  5.04e+03   118s
Waiting for other threads to finish...        2695s
Ordering time: 2.84s
  11   2.02277040e+09 -1.45220840e+10  1.71e+02 6.74e-07  2.53e+03   120s

Barrier statistics:
 Dense cols : 103
 AA' NZ     : 1.544e+07
 Factor NZ  : 6.646e+07 (roughly 2.7 GB of memory)
 Factor Ops : 4.437e+09 (less than 1 second per iteration)
 Threads    : 9
  12   1.84261756e+09 -6.38954167e+09  1.08e-07 3.35e-07  1.26e+03   121s

                  Objective                Residual
Iter       Primal          Dual         Primal    Dual     Compl     Time
   0   7.24248289e+09 -2.53899311e+11  2.05e+09 5.53e+00  3.96e+07    84s
  447288    1.3882338e+08   0.000000e+00   1.910037e+07   2713s
  13   1.33640944e+09 -3.83465637e+09  9.13e-08 2.15e-07  7.91e+02   124s
   1   7.86744607e+09 -5.57465563e+11  1.98e+09 4.53e+01  3.75e+07    86s
  14   7.62882908e+08 -1.82658189e+09  1.02e-08 1.04e-07  3.96e+02   127s
   2   5.65071354e+09 -4.25654018e+11  1.20e+09 2.32e+00  2.31e+07    88s
   3   3.17794946e+09 -3.63459896e+11  1.84e+08 5.46e-06  3.68e+06    90s
  15   4.64591411e+08 -1.68466583e+09  2.03e-07 9.05e-08  3.29e+02   129s
  447418    1.3882299e+08   0.000000e+00   2.727211e+07   2720s
   4   3.00065429e+09 -2.81612246e+11  5.39e+06 3.29e-06  1.48e+05    92s
  16   3.09714634e+08 -7.11358757e+08  1.48e-07 4.23e-08  1.56e+02   132s
   5   2.99691397e+09 -2.53779162e+11  3.08e+06 2.79e-06  9.69e+04    94s
  17   2.81782711e+08 -3.31847290e+08  4.28e-08 1.74e-08  9.39e+01   134s
   6   2.99468536e+09 -1.86612079e+11  2.88e+06 1.78e-06  7.85e+04    95s
   7   2.89666901e+09 -1.83725739e+11  2.22e+06 1.75e-06  6.67e+04    96s
  18   2.72138089e+08 -2.59695769e+08  1.77e-08 1.38e-08  8.14e+01   136s
  447548    1.3882273e+08   0.000000e+00   3.225136e+07   2726s
   8   2.43041567e+09 -1.70722827e+11  6.11e+05 1.64e-06  3.67e+04    98s
  19   2.30420067e+08 -1.63031728e+08  5.31e-08 9.95e-09  6.02e+01   139s
   9   2.14814024e+09 -5.24757290e+10  2.20e+04 2.93e-07  8.58e+03   101s
  20   1.66158424e+08 -6.44362768e+07  1.17e-07 6.23e-09  3.53e+01   142s
  447688    1.3882247e+08   0.000000e+00   7.398028e+07   2732s
  10   2.10695964e+09 -1.86288188e+10  1.92e+03 1.06e-07  3.18e+03   105s
  11   2.05991349e+09 -9.20894156e+09  6.11e+02 6.05e-08  1.73e+03   108s
  21   1.57010967e+08 -3.24961671e+07  5.96e-08 3.03e-09  2.90e+01   147s
  12   1.98504101e+09 -5.27502473e+09  4.73e+02 4.61e-08  1.11e+03   110s
  447828    1.3882198e+08   0.000000e+00   3.127336e+07   2739s
  22   1.52538760e+08 -2.56663965e+07  8.38e-09 5.82e-10  2.73e+01   150s
  13   1.70183222e+09 -4.32573059e+09  1.75e+02 7.22e-08  9.23e+02   111s
  14   1.27245365e+09 -2.65630542e+09  9.86e+01 3.91e-08  6.01e+02   113s
  23   1.47128884e+08 -1.95029395e+07  2.98e-08 6.34e-09  2.55e+01   153s
  15   1.08965154e+09 -2.25427299e+09  6.79e+01 1.60e-08  5.12e+02   115s
  16   9.36114873e+08 -2.14590287e+09  6.08e+01 1.51e-08  4.72e+02   116s
  447958    1.3882164e+08   0.000000e+00   6.754711e+07   2745s
  17   7.46527971e+08 -8.23441654e+08  4.50e+01 3.24e-08  2.40e+02   118s
  24   1.26330159e+08  2.25094697e+07  7.64e-08 1.63e-09  1.59e+01   159s
  18   4.36486905e+08 -2.94079311e+08  2.38e+01 1.85e-08  1.12e+02   121s
  19   3.87970778e+08 -1.17605303e+08  2.12e+01 1.44e-08  7.74e+01   123s
  448098    1.3882117e+08   0.000000e+00   1.944194e+07   2752s
  20   3.62323766e+08 -5.14461804e+07  1.97e+01 1.04e-08  6.33e+01   125s
  25   1.07429181e+08  5.40528271e+07  1.62e-07 2.91e-09  8.17e+00   164s
  21   2.95115498e+08 -2.25277311e+07  1.40e+01 8.88e-09  4.86e+01   127s
  26   1.04818058e+08  6.22458464e+07  3.82e-08 1.75e-09  6.51e+00   167s
  22   2.43652467e+08  7.80251442e+06  1.05e+01 6.48e-09  3.61e+01   128s
  448228    1.3882082e+08   0.000000e+00   1.946988e+07   2758s
  23   2.14907444e+08  3.69159783e+07  8.53e+00 1.05e-07  2.72e+01   130s
  27   1.03538091e+08  6.35629445e+07  8.94e-08 3.14e-09  6.12e+00   170s
  24   2.08933525e+08  4.25355856e+07  8.12e+00 6.71e-08  2.55e+01   134s
  28   1.01728270e+08  6.58652724e+07  1.25e-07 6.70e-10  5.49e+00   173s
  448368    1.3882054e+08   0.000000e+00   1.944434e+07   2764s
  25   2.08292698e+08  6.06103411e+07  7.87e+00 1.47e-07  2.26e+01   137s
  29   9.85464318e+07  6.87460277e+07  1.29e-07 8.85e-09  4.56e+00   176s
  26   1.98322380e+08  9.16083060e+07  6.90e+00 1.01e-07  1.63e+01   139s
  448498    1.3882024e+08   0.000000e+00   1.889059e+07   2771s
Waiting for other threads to finish...        2758s
  27   1.61462706e+08  1.05590770e+08  3.18e+00 1.07e-08  8.55e+00   142s
  30   9.36487964e+07  7.36691549e+07  4.29e-07 4.42e-09  3.06e+00   182s
  28   1.57258934e+08  1.11969329e+08  2.82e+00 5.94e-09  6.93e+00   146s
  29   1.46931397e+08  1.16033216e+08  1.99e+00 7.33e-09  4.73e+00   148s
  448638    1.3881985e+08   0.000000e+00   1.986389e+07   2777s
  30   1.44136679e+08  1.16656044e+08  1.75e+00 5.88e-09  4.21e+00   150s
  31   1.38328037e+08  1.17259456e+08  1.24e+00 9.90e-09  3.22e+00   152s
  31   9.30886382e+07  7.51834315e+07  1.03e-06 3.73e-09  2.74e+00   191s
  32   1.35895792e+08  1.18330349e+08  1.05e+00 8.61e-09  2.69e+00   154s
  448778    1.3881951e+08   0.000000e+00   2.051294e+07   2783s
  33   1.34050569e+08  1.20632091e+08  8.95e-01 2.24e-09  2.05e+00   157s
  34   1.32574886e+08  1.21613817e+08  7.69e-01 3.99e-09  1.68e+00   161s
  448908    1.3881925e+08   0.000000e+00   2.054361e+07   2790s
  32   8.60260988e+07  7.64903999e+07  1.73e-05 4.66e-09  1.46e+00   202s
  35   1.31719105e+08  1.22688164e+08  6.91e-01 5.40e-09  1.38e+00   164s
  36   1.28134619e+08  1.23793106e+08  3.31e-01 2.54e-08  6.67e-01   167s
  449038    1.3881900e+08   0.000000e+00   3.227439e+07   2796s
  37   1.26026431e+08  1.24353281e+08  1.17e-01 2.20e-10  2.58e-01   170s
  38   1.25345271e+08  1.24535986e+08  5.47e-02 3.40e-08  1.25e-01   172s
  33   8.36644679e+07  7.99495168e+07  2.52e-05 5.47e-09  5.68e-01   212s
  39   1.25104792e+08  1.24607001e+08  3.37e-02 3.04e-10  7.72e-02   174s
  449168    1.3881869e+08   0.000000e+00   2.048283e+07   2803s
  40   1.24997190e+08  1.24630489e+08  2.43e-02 6.17e-10  5.69e-02   175s
  41   1.24930423e+08  1.24653366e+08  1.85e-02 5.78e-10  4.31e-02   176s
  42   1.24875148e+08  1.24670164e+08  1.37e-02 2.33e-09  3.19e-02   178s
  43   1.24843053e+08  1.24684147e+08  1.09e-02 1.46e-08  2.48e-02   179s
  44   1.24823511e+08  1.24694748e+08  9.30e-03 4.92e-09  2.01e-02   181s
  449298    1.3881844e+08   0.000000e+00   1.822548e+07   2810s
  45   1.24793811e+08  1.24702643e+08  6.69e-03 3.52e-10  1.43e-02   183s
  34   8.23784205e+07  8.13063542e+07  1.98e-05 1.60e-09  1.64e-01   222s
  46   1.24779063e+08  1.24707366e+08  5.48e-03 2.33e-08  1.12e-02   186s
  449428    1.3881820e+08   0.000000e+00   1.877292e+07   2817s
  47   1.24777595e+08  1.24708563e+08  5.34e-03 2.37e-08  1.08e-02   188s
  48   1.24760339e+08  1.24713977e+08  3.70e-03 2.97e-08  7.29e-03   192s
  35   8.19857657e+07  8.15219601e+07  9.13e-06 2.91e-09  7.10e-02   231s
  49   1.24741503e+08  1.24717601e+08  1.87e-03 4.10e-08  3.77e-03   195s
  449568    1.3881787e+08   0.000000e+00   3.145724e+07   2824s
  50   1.24732176e+08  1.24719891e+08  9.59e-04 5.20e-08  1.95e-03   199s
  36   8.18262802e+07  8.15935765e+07  1.01e-05 7.80e-09  3.56e-02   238s
  51   1.24729378e+08  1.24720705e+08  6.85e-04 6.74e-08  1.38e-03   201s
  449698    1.3881753e+08   0.000000e+00   1.871113e+07   2831s
  52   1.24726781e+08  1.24721388e+08  4.20e-04 6.83e-08  8.58e-04   203s
  37   8.17352783e+07  8.16154212e+07  2.26e-05 1.86e-09  1.83e-02   243s
  53   1.24725994e+08  1.24721918e+08  3.36e-04 2.56e-07  6.51e-04   205s
Waiting for other threads to finish...        2821s
  54   1.24725221e+08  1.24722252e+08  2.56e-04 1.15e-07  4.76e-04   207s
  38   8.17037084e+07  8.16306120e+07  4.40e-05 1.51e-09  1.12e-02   247s
  55   1.24723934e+08  1.24722445e+08  1.20e-04 1.66e-07  2.39e-04   208s
  449828    1.3881714e+08   0.000000e+00   2.021700e+07   2837s
  56   1.24723313e+08  1.24722568e+08  5.62e-05 1.72e-07  1.19e-04   209s
  57   1.24723130e+08  1.24722651e+08  3.79e-05 1.88e-07  7.73e-05   211s
  58   1.24722968e+08  1.24722691e+08  2.19e-05 2.41e-07  4.47e-05   212s
  39   8.16961231e+07  8.16362694e+07  6.72e-05 8.61e-09  9.16e-03   252s
  59   1.24722864e+08  1.24722711e+08  1.19e-05 9.74e-08  2.47e-05   214s
  449968    1.3881673e+08   0.000000e+00   1.850376e+07   2844s
  40   8.16932608e+07  8.16383350e+07  6.01e-05 6.40e-09  8.40e-03   254s
  60   1.24722810e+08  1.24722723e+08  6.74e-06 4.05e-08  1.40e-05   215s
  41   8.16742662e+07  8.16454258e+07  2.81e-05 2.33e-09  4.41e-03   256s
  61   1.24722777e+08  1.24722732e+08  3.80e-06 9.24e-08  7.31e-06   217s
  42   8.16638890e+07  8.16486385e+07  1.47e-05 5.24e-09  2.33e-03   258s
  62   1.24722748e+08  1.24722734e+08  9.18e-07 2.36e-07  2.13e-06   220s
  450098    1.3881643e+08   0.000000e+00   3.115601e+07   2850s
  63   1.24722742e+08  1.24722736e+08  1.87e-07 2.85e-07  8.94e-07   222s
  43   8.16611189e+07  8.16503085e+07  1.09e-05 6.87e-09  1.65e-03   262s
  64   1.24722738e+08  1.24722737e+08  2.80e-07 1.78e-07  1.87e-07   224s
  65   1.24722737e+08  1.24722737e+08  5.47e-07 2.78e-07  4.16e-08   226s
  44   8.16576739e+07  8.16511912e+07  6.08e-06 5.53e-10  9.92e-04   266s
  66   1.24722737e+08  1.24722737e+08  1.33e-06 1.16e-06  7.30e-09   228s

Barrier solved model in 66 iterations and 227.58 seconds (165.09 work units)
Optimal objective 1.24722737e+08

  450238    1.3881617e+08   0.000000e+00   3.651263e+07   2857s

Root crossover log...

  327322 DPushes remaining with DInf 0.0000000e+00               229s
  45   8.16566792e+07  8.16517016e+07  1.28e-06 5.01e-09  7.62e-04   271s
  46   8.16546673e+07  8.16519652e+07  8.41e-06 2.77e-07  4.13e-04   273s
  450378    1.3881591e+08   0.000000e+00   1.926803e+07   2863s
  110872 DPushes remaining with DInf 0.0000000e+00               235s
   83079 DPushes remaining with DInf 0.0000000e+00               236s
  47   8.16535550e+07  8.16521269e+07  6.66e-06 1.18e-07  2.18e-04   277s
   73126 DPushes remaining with DInf 0.0000000e+00               240s
  450518    1.3881566e+08   0.000000e+00   4.386135e+07   2870s
  48   8.16529236e+07  8.16522080e+07  3.55e-06 4.14e-08  1.09e-04   282s
  49   8.16526155e+07  8.16522418e+07  1.82e-06 1.61e-08  5.71e-05   284s
   68976 DPushes remaining with DInf 0.0000000e+00               245s
  50   8.16524005e+07  8.16522611e+07  6.42e-07 1.04e-08  2.13e-05   286s
  450648    1.3881539e+08   0.000000e+00   1.881722e+07   2877s
  51   8.16523306e+07  8.16522722e+07  2.66e-07 1.34e-09  8.93e-06   288s
  52   8.16522956e+07  8.16522762e+07  7.99e-08 1.04e-08  2.98e-06   291s
   60630 DPushes remaining with DInf 0.0000000e+00               252s
  53   8.16522849e+07  8.16522785e+07  1.01e-07 1.61e-08  9.69e-07   293s
  450778    1.3881503e+08   0.000000e+00   1.772456e+07   2883s
   55309 DPushes remaining with DInf 0.0000000e+00               256s
  54   8.16522817e+07  8.16522787e+07  2.59e-07 8.22e-08  4.51e-07   296s
  55   8.16522811e+07  8.16522789e+07  1.66e-07 1.18e-08  3.43e-07   298s
  450908    1.3881472e+08   0.000000e+00   4.270555e+07   2889s
  56   8.16522793e+07  8.16522790e+07  6.61e-08 6.15e-07  4.19e-08   300s
  57   8.16522791e+07  8.16522791e+07  2.84e-07 4.64e-07  5.86e-09   301s

Barrier solved model in 57 iterations and 301.30 seconds (215.97 work units)
Optimal objective 8.16522791e+07

   53649 DPushes remaining with DInf 0.0000000e+00               262s

Root crossover log...

  249225 DPushes remaining with DInf 0.0000000e+00               303s
   87358 DPushes remaining with DInf 0.0000000e+00               305s
  451048    1.3881432e+08   0.000000e+00   4.271101e+07   2896s
Waiting for other threads to finish...        2884s
   52819 DPushes remaining with DInf 0.0000000e+00               271s
   54078 DPushes remaining with DInf 0.0000000e+00               310s
       0 DPushes remaining with DInf 0.0000000e+00               312s
  451178    1.3881404e+08   0.000000e+00   4.292678e+07   2902s
Warning: Markowitz tolerance tightened to 0.5

  189763 PPushes remaining with PInf 1.5492821e-04               312s
   54246 PPushes remaining with PInf 5.0608067e-04               315s
  451318    1.3881370e+08   0.000000e+00   2.241077e+07   2908s
   40820 PPushes remaining with PInf 7.2999986e-03               320s
   51989 DPushes remaining with DInf 0.0000000e+00               283s
  451448    1.3881331e+08   0.000000e+00   1.911978e+07   2915s
   25087 PPushes remaining with PInf 1.0672685e-04               326s
   17188 PPushes remaining with PInf 9.7661449e-05               330s
  451588    1.3881306e+08   0.000000e+00   2.090704e+07   2922s
   51159 DPushes remaining with DInf 0.0000000e+00               294s
    8880 PPushes remaining with PInf 9.7661449e-05               335s
  451708    1.3881268e+08   0.000000e+00   3.402714e+07   2928s
       0 PPushes remaining with PInf 0.0000000e+00               341s

  Push phase complete: Pinf 0.0000000e+00, Dinf 3.0140309e+00    341s


Root simplex log...

Iteration    Objective       Primal Inf.    Dual Inf.      Time
  394541    8.1652279e+07   0.000000e+00   3.014031e+00    342s
  394577    8.1652279e+07   0.000000e+00   0.000000e+00    342s
Crossover time: 40.98 seconds (39.85 work units)
Concurrent spin time: 0.54s

Solved with barrier
  394577    8.1652279e+07   0.000000e+00   0.000000e+00    345s

Root relaxation: objective 8.165228e+07, 394577 iterations, 262.97 seconds (187.25 work units)
  451848    1.3881227e+08   0.000000e+00   2.040755e+07   2935s
   50329 DPushes remaining with DInf 0.0000000e+00               307s
  451998    1.3881204e+08   0.000000e+00   3.126330e+07   2942s
   49499 DPushes remaining with DInf 0.0000000e+00               316s
  452128    1.3881168e+08   0.000000e+00   2.398514e+07   2949s
  452258    1.3881142e+08   0.000000e+00   1.927362e+07   2955s
   48669 DPushes remaining with DInf 0.0000000e+00               330s
Waiting for other threads to finish...        2947s
  452388    1.3881103e+08   0.000000e+00   4.321458e+07   2961s
   47839 DPushes remaining with DInf 0.0000000e+00               334s
   47009 DPushes remaining with DInf 0.0000000e+00               339s
  452528    1.3881068e+08   0.000000e+00   1.887870e+07   2968s
   46179 DPushes remaining with DInf 0.0000000e+00               340s
  452658    1.3881017e+08   0.000000e+00   2.084663e+07   2975s
  452788    1.3880966e+08   0.000000e+00   3.883499e+07   2982s
   38271 DPushes remaining with DInf 0.0000000e+00               354s
  452918    1.3880941e+08   0.000000e+00   2.033236e+07   2988s
   37441 DPushes remaining with DInf 0.0000000e+00               364s
  453048    1.3880906e+08   0.000000e+00   2.023159e+07   2995s
  453178    1.3880862e+08   0.000000e+00   2.025954e+07   3001s
   36611 DPushes remaining with DInf 0.0000000e+00               374s
  453298    1.3880820e+08   0.000000e+00   1.964367e+07   3008s
   35781 DPushes remaining with DInf 0.0000000e+00               384s
  453428    1.3880772e+08   0.000000e+00   1.869173e+07   3014s
  453558    1.3880729e+08   0.000000e+00   2.133217e+07   3021s
   35051 DPushes remaining with DInf 0.0000000e+00               393s
Warning: Markowitz tolerance tightened to 0.5

  133870 PPushes remaining with PInf 5.8532594e-04               393s
Waiting for other threads to finish...        3010s
  453678    1.3880685e+08   0.000000e+00   3.133249e+07   3027s
  453808    1.3880661e+08   0.000000e+00   1.955031e+07   3034s
  453928    1.3880626e+08   0.000000e+00   1.933917e+07   3041s
  454058    1.3880592e+08   0.000000e+00   1.804337e+07   3047s
  454188    1.3880547e+08   0.000000e+00   1.919286e+07   3053s
  454318    1.3880522e+08   0.000000e+00   1.862664e+07   3060s
  454448    1.3880483e+08   0.000000e+00   2.377464e+07   3066s
  454568    1.3880446e+08   0.000000e+00   1.849637e+07   3073s
  454698    1.3880411e+08   0.000000e+00   3.244296e+07   3079s
  454838    1.3880400e+08   0.000000e+00   2.014709e+07   3086s
Waiting for other threads to finish...        3074s
  454978    1.3880384e+08   0.000000e+00   2.701105e+07   3092s
  455108    1.3880347e+08   0.000000e+00   3.221139e+07   3098s
  455238    1.3880324e+08   0.000000e+00   3.249799e+07   3105s
  455378    1.3880286e+08   0.000000e+00   2.047644e+07   3111s
  455508    1.3880256e+08   0.000000e+00   1.986567e+07   3118s
  455638    1.3880223e+08   0.000000e+00   2.437414e+07   3124s
  455758    1.3880188e+08   0.000000e+00   1.958824e+07   3131s
  455888    1.3880157e+08   0.000000e+00   3.859780e+07   3137s
  456008    1.3880115e+08   0.000000e+00   2.869439e+07   3144s
Waiting for other threads to finish...        3137s
  456138    1.3880089e+08   0.000000e+00   3.731000e+07   3150s
  456268    1.3880059e+08   0.000000e+00   2.417997e+07   3157s
  456408    1.3880031e+08   0.000000e+00   1.860875e+07   3164s
  456548    1.3880000e+08   0.000000e+00   3.038858e+07   3171s
  456678    1.3879979e+08   0.000000e+00   3.012964e+07   3177s
  456808    1.3879945e+08   0.000000e+00   4.146825e+07   3184s
  456928    1.3879896e+08   0.000000e+00   2.211940e+07   3191s

    Nodes    |    Current Node    |     Objective Bounds      |     Work
 Expl Unexpl |  Obj  Depth IntInf | Incumbent    BestBd   Gap | It/Node Time

     0     0 8.1652e+07    0    6 1.7437e+08 8.1652e+07  53.2%     -  605s
  457068    1.3879864e+08   0.000000e+00   5.323737e+07   3197s
H    0     0                    8.169342e+07 8.1652e+07  0.05%     -  607s

Explored 1 nodes (537255 simplex iterations) in 608.79 seconds (462.83 work units)
Thread count was 12 (of 192 available processors)

Solution count 2: 8.16934e+07 1.7437e+08 

Optimal solution found (tolerance 1.00e-02)
Warning: max constraint violation (8.3085e-05) exceeds tolerance
Best objective 8.169341897899e+07, best bound 8.165227907082e+07, gap 0.0504%
Set parameter LogFile to value ""
  457188    1.3879843e+08   0.000000e+00   1.854540e+07   3204s
  457318    1.3879809e+08   0.000000e+00   4.456864e+07   3211s
Waiting for other threads to finish...        3200s
  457458    1.3879781e+08   0.000000e+00   5.183490e+07   3218s
  457598    1.3879736e+08   0.000000e+00   4.631681e+07   3224s
  457738    1.3879708e+08   0.000000e+00   3.609351e+07   3231s
  457878    1.3879672e+08   0.000000e+00   1.847202e+07   3238s
  458008    1.3879640e+08   0.000000e+00   1.955038e+07   3244s
   86266 PPushes remaining with PInf 4.1470391e-03               617s
  458128    1.3879598e+08   0.000000e+00   1.906054e+07   3251s
  458258    1.3879567e+08   0.000000e+00   4.942208e+07   3257s
  458388    1.3879535e+08   0.000000e+00   2.193947e+07   3264s
  458528    1.3879505e+08   0.000000e+00   1.877860e+07   3270s
   55870 PPushes remaining with PInf 4.1470225e-03               643s
Waiting for other threads to finish...        3263s
  458658    1.3879466e+08   0.000000e+00   1.930592e+07   3277s
  458788    1.3879439e+08   0.000000e+00   5.019631e+07   3283s
  458918    1.3879400e+08   0.000000e+00   2.289410e+07   3290s
   47654 PPushes remaining with PInf 4.2560405e-03               666s
  459048    1.3879383e+08   0.000000e+00   3.103326e+07   3296s
  459198    1.3879383e+08   0.000000e+00   3.103537e+07   3303s
   42686 PPushes remaining with PInf 4.2570963e-03               679s
  459348    1.3879383e+08   0.000000e+00   3.193041e+07   3309s
  459498    1.3879383e+08   0.000000e+00   3.088616e+07   3316s
   39979 PPushes remaining with PInf 4.2505638e-03               687s
  459648    1.3879383e+08   0.000000e+00   3.193052e+07   3322s
  459798    1.3879383e+08   0.000000e+00   3.193085e+07   3329s
  459948    1.3879383e+08   0.000000e+00   3.073754e+07   3335s
Waiting for other threads to finish...        3326s
  460098    1.3879383e+08   0.000000e+00   3.073757e+07   3341s
   35280 PPushes remaining with PInf 5.7200653e-03               715s
  460248    1.3879383e+08   0.000000e+00   3.088701e+07   3348s
# ==========================================================
# = Solver Results                                         =
# ==========================================================
# ----------------------------------------------------------
#   Problem Information
# ----------------------------------------------------------
Problem: 
- Name: unknown
  Lower bound: 81652279.07081544
  Upper bound: 81693418.97899029
  Number of objectives: 1
  Number of constraints: 9050179
  Number of variables: 6728544
  Number of binary variables: 858652
  Number of integer variables: 858652
  Number of continuous variables: 5011240
  Number of nonzeros: 21385595
  Sense: minimize
  Number of solutions: 2
# ----------------------------------------------------------
#   Solver Information
# ----------------------------------------------------------
Solver: 
- Name: Gurobi 13.00
  Status: ok
  Wallclock time: 608.9055650234222
  Termination condition: optimal
  Termination message: Model was solved to optimality (subject to tolerances), and an optimal solution is available.
# ----------------------------------------------------------
#   Solution Information
# ----------------------------------------------------------
Solution: 
- number of solutions: 0
  number of solutions displayed: 0
Writing results to /gpfs/home3/scur1696/AdOpT-NET0-RegToNation/generic_node_optimization/results/parallel_creation_test_20251124_002357/task_003/t003_parallel_run_0005/userData/20251124011510-1
[SUCCESS] Solved: t003_parallel_run_0005
[SOLVING] t003_parallel_run_0008
Set parameter Threads to value 12
   33946 PPushes remaining with PInf 5.7004739e-03               721s
  [CONFIG] Gurobi default env configured: 12 threads per worker
--- Reading in data ---
Input data folder has been checked successfully - no errors occurred.
--- Reading in data complete ---
--- Constructing Model ---
[ERROR] Error solving t003_parallel_run_0008: The solver you are trying to use is not available. This could be due to the following two reasons: (1) it is not implemented (currently AdOpT-NET0 supports gurobi and glpk. (2) If you are using gurobi, make sure that the gurobipy version installed matches the gurobi version installed.
[SOLVING] t003_parallel_run_0006
Set parameter Threads to value 12
  460398    1.3879382e+08   0.000000e+00   3.058888e+07   3354s
  [CONFIG] Gurobi default env configured: 12 threads per worker
--- Reading in data ---
Input data folder has been checked successfully - no errors occurred.
--- Reading in data complete ---
--- Constructing Model ---
[ERROR] Error solving t003_parallel_run_0006: The solver you are trying to use is not available. This could be due to the following two reasons: (1) it is not implemented (currently AdOpT-NET0 supports gurobi and glpk. (2) If you are using gurobi, make sure that the gurobipy version installed matches the gurobi version installed.
[SOLVING] t003_parallel_run_0009
Set parameter Threads to value 12
  [CONFIG] Gurobi default env configured: 12 threads per worker
--- Reading in data ---
Input data folder has been checked successfully - no errors occurred.
--- Reading in data complete ---
--- Constructing Model ---
[ERROR] Error solving t003_parallel_run_0009: The solver you are trying to use is not available. This could be due to the following two reasons: (1) it is not implemented (currently AdOpT-NET0 supports gurobi and glpk. (2) If you are using gurobi, make sure that the gurobipy version installed matches the gurobi version installed.
[SOLVING] t003_parallel_run_0010
Set parameter Threads to value 12
  460538    1.3879382e+08   0.000000e+00   9.420435e+06   3360s
  [CONFIG] Gurobi default env configured: 12 threads per worker
--- Reading in data ---
Input data folder has been checked successfully - no errors occurred.
--- Reading in data complete ---
--- Constructing Model ---
[ERROR] Error solving t003_parallel_run_0010: The solver you are trying to use is not available. This could be due to the following two reasons: (1) it is not implemented (currently AdOpT-NET0 supports gurobi and glpk. (2) If you are using gurobi, make sure that the gurobipy version installed matches the gurobi version installed.
[SOLVING] t003_parallel_run_0011
Set parameter Threads to value 12
  [CONFIG] Gurobi default env configured: 12 threads per worker
--- Reading in data ---
Input data folder has been checked successfully - no errors occurred.
--- Reading in data complete ---
--- Constructing Model ---
[ERROR] Error solving t003_parallel_run_0011: The solver you are trying to use is not available. This could be due to the following two reasons: (1) it is not implemented (currently AdOpT-NET0 supports gurobi and glpk. (2) If you are using gurobi, make sure that the gurobipy version installed matches the gurobi version installed.
[SOLVING] t003_parallel_run_0012
Set parameter Threads to value 12
  460678    1.3879382e+08   0.000000e+00   1.566787e+07   3367s
  460828    1.3879382e+08   0.000000e+00   9.943908e+06   3372s
  461018    1.3879353e+08   0.000000e+00   5.889045e+06   3379s
  461198    1.3879279e+08   0.000000e+00   9.314602e+06   3386s
  461368    1.3879216e+08   0.000000e+00   7.537786e+06   3393s
   23857 PPushes remaining with PInf 1.1811160e-03               766s
  461528    1.3879211e+08   0.000000e+00   1.037175e+07   3399s
   17910 PPushes remaining with PInf 2.3791459e-04               770s
Waiting for other threads to finish...        3389s
   11759 PPushes remaining with PInf 2.3355420e-04               775s
  461678    1.3879188e+08   0.000000e+00   7.648670e+06   3405s
    5019 PPushes remaining with PInf 1.7109496e-04               780s
  461818    1.3879122e+08   0.000000e+00   4.142688e+07   3411s
       6 PPushes remaining with PInf 0.0000000e+00               786s

  Push phase complete: Pinf 0.0000000e+00, Dinf 3.0886137e+06    786s


Root simplex log...

Iteration    Objective       Primal Inf.    Dual Inf.      Time
  412017    1.2472274e+08   0.000000e+00   3.088614e+06    787s
  461948    1.3879078e+08   0.000000e+00   8.519925e+06   3417s
  462078    1.3879034e+08   0.000000e+00   1.138541e+07   3424s
  412413    1.2472274e+08   0.000000e+00   2.847848e+06    797s
  462218    1.3878988e+08   0.000000e+00   7.090677e+06   3431s
  412553    1.2472274e+08   0.000000e+00   4.159724e+06    803s
  462368    1.3878934e+08   0.000000e+00   9.294864e+06   3437s
  412683    1.2472274e+08   0.000000e+00   5.655085e+06    808s
  412823    1.2472274e+08   0.000000e+00   5.524678e+06    813s
  462508    1.3878889e+08   0.000000e+00   7.583206e+06   3443s
  412953    1.2472274e+08   0.000000e+00   5.504952e+06    818s
  462648    1.3878849e+08   0.000000e+00   1.012628e+08   3450s
  413093    1.2472274e+08   0.000000e+00   5.440896e+06    824s
  462778    1.3878800e+08   0.000000e+00   6.454485e+06   3457s
  413223    1.2472274e+08   0.000000e+00   3.116198e+06    829s
  413353    1.2472274e+08   0.000000e+00   5.199892e+06    834s
  462918    1.3878753e+08   0.000000e+00   9.045323e+06   3463s
Waiting for other threads to finish...        3453s
  413483    1.2472274e+08   0.000000e+00   5.182256e+06    838s
  463078    1.3878697e+08   0.000000e+00   8.259628e+06   3470s
  413613    1.2472274e+08   0.000000e+00   5.789375e+06    843s
  463238    1.3878675e+08   0.000000e+00   1.600192e+07   3476s
  413743    1.2472274e+08   0.000000e+00   8.987927e+06    849s
  463408    1.3878675e+08   0.000000e+00   1.630219e+07   3482s
  413883    1.2472274e+08   0.000000e+00   2.112598e+06    854s
  414023    1.2472274e+08   0.000000e+00   8.326444e+06    859s
  463568    1.3878671e+08   0.000000e+00   3.587342e+07   3489s
  414153    1.2472274e+08   0.000000e+00   6.135971e+06    864s
  463718    1.3878639e+08   0.000000e+00   1.956873e+07   3495s
  414283    1.2472274e+08   0.000000e+00   2.412166e+06    869s
  463858    1.3878596e+08   0.000000e+00   2.684447e+07   3502s
  414423    1.2472274e+08   0.000000e+00   6.882296e+06    874s
  464018    1.3878552e+08   0.000000e+00   7.487895e+06   3508s
  414563    1.2472274e+08   0.000000e+00   1.871107e+06    880s
  414693    1.2472273e+08   0.000000e+00   1.686030e+06    885s
  464168    1.3878510e+08   0.000000e+00   8.981784e+06   3515s
  414823    1.2472273e+08   0.000000e+00   1.655227e+06    889s
  464328    1.3878472e+08   0.000000e+00   2.887301e+07   3522s
  414963    1.2472273e+08   0.000000e+00   1.648760e+06    894s
  415093    1.2472273e+08   0.000000e+00   2.207455e+06    899s
  464478    1.3878437e+08   0.000000e+00   9.116451e+06   3528s
Waiting for other threads to finish...        3516s
  415233    1.2472273e+08   0.000000e+00   6.004392e+06    905s
  464618    1.3878403e+08   0.000000e+00   1.144880e+07   3535s
  415363    1.2472273e+08   0.000000e+00   6.397911e+06    910s
  464778    1.3878374e+08   0.000000e+00   1.261178e+07   3542s
  415503    1.2472273e+08   0.000000e+00   5.327085e+06    915s
  415643    1.2472273e+08   0.000000e+00   6.296714e+06    920s
  464928    1.3878341e+08   0.000000e+00   7.875652e+06   3549s
  415783    1.2472273e+08   0.000000e+00   5.047787e+06    925s
  465088    1.3878304e+08   0.000000e+00   7.285957e+06   3556s
  415923    1.2472273e+08   0.000000e+00   5.311931e+06    931s
  465238    1.3878279e+08   0.000000e+00   1.444938e+07   3563s
  416063    1.2472273e+08   0.000000e+00   3.805251e+06    936s
  465388    1.3878240e+08   0.000000e+00   1.830439e+07   3570s
  416203    1.2472273e+08   0.000000e+00   4.189004e+06    942s
  416343    1.2472273e+08   0.000000e+00   4.275208e+06    947s
  465538    1.3878216e+08   0.000000e+00   1.825977e+07   3577s
  416483    1.2472273e+08   0.000000e+00   4.831346e+06    952s
  465688    1.3878177e+08   0.000000e+00   1.171537e+07   3584s
  416623    1.2472273e+08   0.000000e+00   6.181198e+06    958s
  465838    1.3878142e+08   0.000000e+00   6.609199e+06   3590s
Waiting for other threads to finish...        3579s
  416763    1.2472273e+08   0.000000e+00   4.959302e+06    964s
  465978    1.3878118e+08   0.000000e+00   8.075005e+06   3597s
  416903    1.2472272e+08   0.000000e+00   2.446975e+06    969s
  417043    1.2472272e+08   0.000000e+00   1.606122e+06    975s
  466128    1.3878093e+08   0.000000e+00   7.619945e+06   3604s
  417183    1.2472272e+08   0.000000e+00   1.586129e+06    980s
  466298    1.3878068e+08   0.000000e+00   6.821184e+06   3611s
  417323    1.2472272e+08   0.000000e+00   1.921658e+06    985s
  466468    1.3878045e+08   0.000000e+00   1.158195e+07   3618s
  417453    1.2472272e+08   0.000000e+00   1.546932e+06    990s
  466628    1.3878021e+08   0.000000e+00   7.154060e+06   3624s
  417593    1.2472272e+08   0.000000e+00   1.388166e+06    996s
  417733    1.2472272e+08   0.000000e+00   4.567550e+06   1001s
  466778    1.3877997e+08   0.000000e+00   8.120857e+06   3631s
  417873    1.2472271e+08   0.000000e+00   1.362652e+06   1007s
  466938    1.3877972e+08   0.000000e+00   6.483040e+06   3638s
  418013    1.2472271e+08   0.000000e+00   1.474013e+06   1012s
  467088    1.3877952e+08   0.000000e+00   1.172908e+07   3645s
  418143    1.2472271e+08   0.000000e+00   4.605902e+06   1017s
  418293    1.2472270e+08   0.000000e+00   1.315932e+06   1022s
  467248    1.3877929e+08   0.000000e+00   1.363588e+07   3652s
Waiting for other threads to finish...        3642s
  418443    1.2472270e+08   0.000000e+00   1.160067e+06   1028s
  467398    1.3877909e+08   0.000000e+00   6.702602e+06   3659s
  418593    1.2472270e+08   0.000000e+00   1.263758e+06   1033s
  467548    1.3877893e+08   0.000000e+00   7.045367e+06   3666s
  418743    1.2472270e+08   0.000000e+00   2.047428e+06   1038s
  418893    1.2472270e+08   0.000000e+00   3.774676e+06   1044s
  467698    1.3877875e+08   0.000000e+00   1.210074e+07   3673s
  419043    1.2472270e+08   0.000000e+00   4.549667e+06   1049s
  467858    1.3877843e+08   0.000000e+00   7.640245e+06   3680s
  419193    1.2472269e+08   0.000000e+00   9.638042e+05   1054s
  468008    1.3877827e+08   0.000000e+00   9.929298e+06   3687s
  419343    1.2472269e+08   0.000000e+00   1.295121e+06   1060s
  468158    1.3877808e+08   0.000000e+00   7.462088e+06   3694s
  419503    1.2472269e+08   0.000000e+00   3.797999e+06   1066s
  419653    1.2472269e+08   0.000000e+00   3.762587e+06   1071s
  468298    1.3877788e+08   0.000000e+00   8.283279e+06   3701s
  419813    1.2472269e+08   0.000000e+00   3.287781e+06   1077s
  468458    1.3877765e+08   0.000000e+00   6.976956e+06   3709s
  419973    1.2472269e+08   0.000000e+00   1.127963e+06   1082s
  468608    1.3877744e+08   0.000000e+00   8.426773e+06   3716s
  420133    1.2472269e+08   0.000000e+00   1.208394e+06   1088s
Waiting for other threads to finish...        3705s
  420293    1.2472269e+08   0.000000e+00   1.093091e+06   1094s
  468768    1.3877717e+08   0.000000e+00   5.879927e+06   3724s
  420443    1.2472268e+08   0.000000e+00   2.484492e+06   1099s
  468928    1.3877700e+08   0.000000e+00   9.533166e+06   3732s
  420603    1.2472268e+08   0.000000e+00   1.388359e+06   1105s
  469078    1.3877680e+08   0.000000e+00   9.765308e+06   3739s
  420763    1.2472268e+08   0.000000e+00   3.090328e+06   1111s
  420923    1.2472268e+08   0.000000e+00   3.064579e+06   1116s
  469238    1.3877663e+08   0.000000e+00   6.288626e+06   3746s
  421023    1.2472268e+08   0.000000e+00   3.008776e+06   1124s
  469388    1.3877650e+08   0.000000e+00   7.354878e+06   3753s
  421123    1.2472268e+08   0.000000e+00   3.318252e+06   1131s
  469548    1.3877639e+08   0.000000e+00   1.170447e+07   3760s
  421223    1.2472268e+08   0.000000e+00   1.298162e+06   1139s
  469698    1.3877625e+08   0.000000e+00   9.546101e+06   3768s
  421323    1.2472268e+08   0.000000e+00   1.548194e+06   1146s
  469868    1.3877609e+08   0.000000e+00   7.240460e+06   3776s
Waiting for other threads to finish...        3768s
  421423    1.2472268e+08   0.000000e+00   9.762001e+05   1153s
  470028    1.3877588e+08   0.000000e+00   6.583026e+06   3783s
  421523    1.2472268e+08   0.000000e+00   1.008062e+06   1161s
  470178    1.3877574e+08   0.000000e+00   7.241018e+06   3791s
  421623    1.2472268e+08   0.000000e+00   9.037347e+05   1168s
  470338    1.3877556e+08   0.000000e+00   6.202906e+06   3798s
  421723    1.2472268e+08   0.000000e+00   1.176682e+06   1176s
  470508    1.3877540e+08   0.000000e+00   5.663637e+06   3805s
  421823    1.2472267e+08   0.000000e+00   3.807099e+06   1183s
  470668    1.3877519e+08   0.000000e+00   5.985885e+06   3813s
  421923    1.2472267e+08   0.000000e+00   1.645998e+06   1190s
  470818    1.3877512e+08   0.000000e+00   8.911469e+06   3821s
  422023    1.2472266e+08   0.000000e+00   1.764266e+06   1198s
  470968    1.3877499e+08   0.000000e+00   6.303865e+06   3828s
  422123    1.2472266e+08   0.000000e+00   1.542324e+06   1205s
  471128    1.3877479e+08   0.000000e+00   8.434428e+06   3837s
  422223    1.2472265e+08   0.000000e+00   2.670943e+06   1213s
  471298    1.3877451e+08   0.000000e+00   1.027377e+07   3844s
Waiting for other threads to finish...        3832s
  422323    1.2472265e+08   0.000000e+00   1.512877e+06   1220s
  471448    1.3877436e+08   0.000000e+00   6.077570e+06   3851s
  422423    1.2472265e+08   0.000000e+00   3.755953e+06   1228s
  471608    1.3877418e+08   0.000000e+00   2.177088e+07   3858s
  422523    1.2472264e+08   0.000000e+00   1.001907e+06   1235s
  471748    1.3877400e+08   0.000000e+00   7.579795e+06   3866s
  422623    1.2472264e+08   0.000000e+00   9.038749e+05   1243s
  471908    1.3877378e+08   0.000000e+00   5.941078e+06   3873s
  422723    1.2472264e+08   0.000000e+00   6.063137e+06   1251s
  472058    1.3877356e+08   0.000000e+00   7.333079e+06   3881s
  422823    1.2472264e+08   0.000000e+00   8.115407e+05   1258s
  472218    1.3877337e+08   0.000000e+00   8.341456e+06   3889s
  422923    1.2472263e+08   0.000000e+00   8.790136e+05   1266s
  472368    1.3877319e+08   0.000000e+00   7.956672e+06   3897s
  423023    1.2472263e+08   0.000000e+00   9.506452e+05   1273s
  472538    1.3877300e+08   0.000000e+00   1.043007e+07   3904s
Waiting for other threads to finish...        3895s
  423123    1.2472263e+08   0.000000e+00   2.072794e+06   1281s
  472708    1.3877279e+08   0.000000e+00   8.156904e+06   3912s
  423223    1.2472262e+08   0.000000e+00   2.459442e+06   1288s
  472868    1.3877251e+08   0.000000e+00   5.017871e+06   3920s
  423323    1.2472262e+08   0.000000e+00   1.298644e+06   1296s
  473018    1.3877229e+08   0.000000e+00   5.796552e+06   3928s
  423423    1.2472262e+08   0.000000e+00   2.177988e+06   1303s
  473178    1.3877198e+08   0.000000e+00   8.824208e+06   3936s
  423523    1.2472261e+08   0.000000e+00   8.116899e+05   1310s
  473328    1.3877174e+08   0.000000e+00   6.022391e+06   3944s
  423623    1.2472261e+08   0.000000e+00   8.805594e+05   1318s
  473478    1.3877145e+08   0.000000e+00   5.157324e+06   3951s
  423723    1.2472260e+08   0.000000e+00   7.330624e+05   1325s
  473628    1.3877120e+08   0.000000e+00   5.412642e+06   3959s
  423823    1.2472260e+08   0.000000e+00   1.738738e+06   1333s
  473768    1.3877096e+08   0.000000e+00   7.674409e+06   3968s
  423923    1.2472258e+08   0.000000e+00   2.182207e+06   1340s
Waiting for other threads to finish...        3958s
  473928    1.3877070e+08   0.000000e+00   7.252316e+06   3975s
  424033    1.2472255e+08   0.000000e+00   2.355405e+06   1348s
  474098    1.3877041e+08   0.000000e+00   5.831550e+06   3984s
  424143    1.2472254e+08   0.000000e+00   3.055657e+06   1356s
  474258    1.3877008e+08   0.000000e+00   5.182615e+06   3992s
  424253    1.2472253e+08   0.000000e+00   8.280210e+05   1363s
  424363    1.2472252e+08   0.000000e+00   6.851422e+05   1371s
  474408    1.3876983e+08   0.000000e+00   6.568935e+06   4000s
  424473    1.2472251e+08   0.000000e+00   7.402136e+05   1379s
  474558    1.3876950e+08   0.000000e+00   6.153958e+06   4008s
  474708    1.3876918e+08   0.000000e+00   5.814668e+06   4016s
  424583    1.2472250e+08   0.000000e+00   1.059302e+06   1387s
  474878    1.3876890e+08   0.000000e+00   4.968688e+06   4023s
  424693    1.2472249e+08   0.000000e+00   1.475618e+06   1395s
  475048    1.3876860e+08   0.000000e+00   7.088180e+06   4031s
  424803    1.2472248e+08   0.000000e+00   6.489327e+05   1403s
Waiting for other threads to finish...        4021s
  475198    1.3876828e+08   0.000000e+00   6.768771e+06   4039s
  424913    1.2472247e+08   0.000000e+00   1.652612e+06   1411s
  475338    1.3876801e+08   0.000000e+00   5.648835e+06   4048s
  425023    1.2472246e+08   0.000000e+00   6.358190e+05   1419s
  475498    1.3876771e+08   0.000000e+00   7.472007e+06   4056s
  425133    1.2472245e+08   0.000000e+00   6.796603e+05   1427s
  475668    1.3876737e+08   0.000000e+00   7.777144e+06   4063s
  425243    1.2472243e+08   0.000000e+00   6.664919e+05   1435s
  475808    1.3876700e+08   0.000000e+00   5.667235e+06   4070s
  425343    1.2472242e+08   0.000000e+00   3.005766e+06   1443s
  475968    1.3876661e+08   0.000000e+00   5.971141e+06   4077s
  425443    1.2472238e+08   0.000000e+00   1.337417e+06   1451s
  476118    1.3876616e+08   0.000000e+00   7.600439e+06   4085s
  425543    1.2472233e+08   0.000000e+00   1.775225e+06   1459s
  476258    1.3876590e+08   0.000000e+00   8.208020e+06   4092s
  425653    1.2472230e+08   0.000000e+00   1.027002e+06   1467s
Waiting for other threads to finish...        4084s
  476418    1.3876558e+08   0.000000e+00   7.453785e+06   4099s
  476568    1.3876528e+08   0.000000e+00   6.100443e+06   4107s
  425863    1.2472227e+08   0.000000e+00   7.865754e+05   1483s
  476678    1.3876504e+08   0.000000e+00   5.863131e+06   4115s
  425973    1.2472226e+08   0.000000e+00   8.073595e+05   1491s
  476788    1.3876477e+08   0.000000e+00   5.901249e+06   4124s
  426073    1.2472224e+08   0.000000e+00   6.799593e+05   1499s
  476898    1.3876459e+08   0.000000e+00   5.645533e+06   4132s
  426183    1.2472223e+08   0.000000e+00   7.290262e+05   1507s
  477018    1.3876432e+08   0.000000e+00   8.264764e+06   4140s
  426283    1.2472222e+08   0.000000e+00   1.403402e+07   1515s
  477128    1.3876403e+08   0.000000e+00   8.904527e+06   4148s
  426393    1.2472220e+08   0.000000e+00   1.361375e+06   1523s
  477238    1.3876377e+08   0.000000e+00   6.824808e+06   4158s
  426503    1.2472218e+08   0.000000e+00   5.844912e+05   1531s
Waiting for other threads to finish...        4147s
  477348    1.3876360e+08   0.000000e+00   6.206412e+06   4167s
  426613    1.2472217e+08   0.000000e+00   5.705978e+05   1540s
  426723    1.2472215e+08   0.000000e+00   3.282893e+06   1548s
  477458    1.3876321e+08   0.000000e+00   1.497653e+07   4177s
  426823    1.2472213e+08   0.000000e+00   1.240933e+06   1556s
  477568    1.3876295e+08   0.000000e+00   6.516313e+06   4185s
  426933    1.2472212e+08   0.000000e+00   1.322563e+06   1564s
  477688    1.3876275e+08   0.000000e+00   6.336556e+06   4196s
  427043    1.2472210e+08   0.000000e+00   5.745998e+05   1573s
  477798    1.3876240e+08   0.000000e+00   5.105540e+06   4206s
  427153    1.2472209e+08   0.000000e+00   1.019238e+06   1581s
  477908    1.3876211e+08   0.000000e+00   6.762512e+06   4215s
  427263    1.2472207e+08   0.000000e+00   7.413270e+05   1590s
Waiting for other threads to finish...        4211s
  478008    1.3876182e+08   0.000000e+00   1.988457e+07   4225s
  427373    1.2472206e+08   0.000000e+00   4.954728e+05   1598s
  427483    1.2472204e+08   0.000000e+00   4.523924e+05   1606s
  478118    1.3876160e+08   0.000000e+00   1.020891e+07   4236s
  427593    1.2472203e+08   0.000000e+00   2.246087e+06   1614s
  478238    1.3876139e+08   0.000000e+00   6.670651e+06   4244s
  427693    1.2472198e+08   0.000000e+00   1.080229e+06   1623s
  478348    1.3876106e+08   0.000000e+00   8.500252e+06   4253s
  427793    1.2472194e+08   0.000000e+00   1.260512e+06   1632s
  478458    1.3876074e+08   0.000000e+00   5.710920e+06   4262s
  478558    1.3876052e+08   0.000000e+00   1.332518e+07   4271s
  427903    1.2472187e+08   0.000000e+00   5.030185e+05   1648s
  478668    1.3876024e+08   0.000000e+00   1.587485e+07   4280s
Waiting for other threads to finish...        4274s
  478768    1.3875999e+08   0.000000e+00   5.851894e+06   4291s
  428023    1.2472181e+08   0.000000e+00   7.178369e+05   1664s
  478878    1.3875976e+08   0.000000e+00   1.022119e+07   4301s
  428213    1.2472175e+08   0.000000e+00   5.712641e+06   1681s
  478978    1.3875951e+08   0.000000e+00   3.304465e+07   4310s
  428323    1.2472173e+08   0.000000e+00   4.788843e+05   1690s
  479078    1.3875932e+08   0.000000e+00   8.290321e+06   4320s
  428433    1.2472170e+08   0.000000e+00   4.340046e+05   1698s
  479178    1.3875902e+08   0.000000e+00   5.313901e+06   4330s
  428533    1.2472167e+08   0.000000e+00   1.022789e+06   1706s
  479298    1.3875876e+08   0.000000e+00   1.329955e+07   4340s
  428633    1.2472165e+08   0.000000e+00   4.042884e+05   1715s
  479398    1.3875853e+08   0.000000e+00   5.273199e+06   4349s
Waiting for other threads to finish...        4337s
  428743    1.2472162e+08   0.000000e+00   7.838826e+05   1724s
  479508    1.3875833e+08   0.000000e+00   6.573072e+06   4359s
  428853    1.2472160e+08   0.000000e+00   5.436782e+06   1733s
  479608    1.3875808e+08   0.000000e+00   1.325716e+07   4368s
  428953    1.2472157e+08   0.000000e+00   5.473238e+05   1741s
  479718    1.3875781e+08   0.000000e+00   1.376652e+07   4378s
  429063    1.2472155e+08   0.000000e+00   4.015297e+05   1750s
  429173    1.2472152e+08   0.000000e+00   3.862195e+05   1759s
  479818    1.3875758e+08   0.000000e+00   6.243342e+06   4388s
  429273    1.2472150e+08   0.000000e+00   3.799713e+05   1767s
  479918    1.3875729e+08   0.000000e+00   6.339294e+06   4398s
  429373    1.2472148e+08   0.000000e+00   3.465425e+05   1775s
  480028    1.3875701e+08   0.000000e+00   4.671550e+07   4408s
Waiting for other threads to finish...        4400s
  480148    1.3875678e+08   0.000000e+00   4.740026e+06   4418s
  429553    1.2472144e+08   0.000000e+00   4.246523e+05   1791s
  480268    1.3875657e+08   0.000000e+00   1.192536e+07   4428s
  429743    1.2472141e+08   0.000000e+00   3.898993e+05   1807s
  480378    1.3875629e+08   0.000000e+00   4.994355e+06   4437s
  480478    1.3875605e+08   0.000000e+00   6.324449e+06   4446s
  429933    1.2472136e+08   0.000000e+00   2.911392e+05   1823s
  480578    1.3875584e+08   0.000000e+00   5.091659e+06   4455s
  480688    1.3875564e+08   0.000000e+00   5.883488e+06   4463s
  430133    1.2472131e+08   0.000000e+00   3.337776e+05   1840s
  480798    1.3875542e+08   0.000000e+00   1.242316e+07   4472s
Waiting for other threads to finish...        4463s
  430233    1.2472128e+08   0.000000e+00   8.803063e+05   1849s
  480908    1.3875521e+08   0.000000e+00   1.282284e+07   4481s
  481018    1.3875502e+08   0.000000e+00   2.786724e+07   4492s
  430423    1.2472118e+08   0.000000e+00   6.791944e+05   1866s
  481118    1.3875474e+08   0.000000e+00   7.568272e+06   4502s
  430523    1.2472112e+08   0.000000e+00   9.461482e+05   1875s
  481238    1.3875452e+08   0.000000e+00   5.532787e+06   4512s
  430703    1.2472101e+08   0.000000e+00   9.441338e+05   1892s
  481348    1.3875433e+08   0.000000e+00   1.238819e+07   4521s
  430803    1.2472095e+08   0.000000e+00   6.811927e+05   1900s
  481448    1.3875409e+08   0.000000e+00   1.284648e+07   4529s
  430903    1.2472092e+08   0.000000e+00   1.697795e+06   1909s
  481548    1.3875386e+08   0.000000e+00   4.996368e+07   4538s
Waiting for other threads to finish...        4526s
  431013    1.2472089e+08   0.000000e+00   3.229842e+05   1918s
  481658    1.3875368e+08   0.000000e+00   4.949290e+07   4547s
  431123    1.2472085e+08   0.000000e+00   1.779064e+06   1927s
  481758    1.3875340e+08   0.000000e+00   1.205387e+07   4557s
  431223    1.2472082e+08   0.000000e+00   2.857130e+05   1935s
  481868    1.3875313e+08   0.000000e+00   4.743405e+07   4565s
  431323    1.2472080e+08   0.000000e+00   2.438839e+06   1944s
  481968    1.3875286e+08   0.000000e+00   6.760788e+06   4574s
  431433    1.2472076e+08   0.000000e+00   3.526709e+05   1953s
  482078    1.3875260e+08   0.000000e+00   7.590934e+06   4583s
  431533    1.2472074e+08   0.000000e+00   2.739774e+05   1961s
  482188    1.3875234e+08   0.000000e+00   2.024543e+07   4592s
  482288    1.3875209e+08   0.000000e+00   1.330783e+07   4600s
Waiting for other threads to finish...        4590s
  431723    1.2472068e+08   0.000000e+00   1.477182e+06   1978s
  482388    1.3875177e+08   0.000000e+00   5.422815e+06   4611s
  431833    1.2472066e+08   0.000000e+00   9.536619e+05   1986s
  482498    1.3875158e+08   0.000000e+00   1.153494e+07   4622s
  431943    1.2472064e+08   0.000000e+00   2.355739e+05   1995s
  482598    1.3875135e+08   0.000000e+00   1.217958e+07   4634s
  432133    1.2472059e+08   0.000000e+00   3.052979e+05   2012s
  482698    1.3875111e+08   0.000000e+00   5.974573e+06   4643s
  482868    1.3875111e+08   0.000000e+00   4.858843e+07   4651s
  432313    1.2472057e+08   0.000000e+00   5.989344e+05   2027s
  483028    1.3875111e+08   0.000000e+00   3.733008e+07   4658s
  483178    1.3875109e+08   0.000000e+00   8.158420e+06   4666s
Waiting for other threads to finish...        4653s
  483338    1.3875107e+08   0.000000e+00   7.195637e+07   4673s
  432503    1.2472052e+08   0.000000e+00   2.210504e+05   2044s
  483488    1.3875106e+08   0.000000e+00   6.773286e+07   4680s
  432603    1.2472048e+08   0.000000e+00   4.738251e+05   2053s
  483648    1.3875106e+08   0.000000e+00   8.391317e+07   4687s
  483808    1.3875106e+08   0.000000e+00   7.301715e+07   4694s
  432793    1.2472044e+08   0.000000e+00   5.608741e+05   2070s
  483968    1.3875105e+08   0.000000e+00   7.425324e+07   4700s
  484128    1.3875105e+08   0.000000e+00   6.544787e+07   4707s
  484278    1.3875105e+08   0.000000e+00   6.233531e+07   4715s
  432983    1.2472041e+08   0.000000e+00   2.589566e+05   2090s
  484428    1.3875104e+08   0.000000e+00   6.494027e+07   4723s
Waiting for other threads to finish...        4716s
  484578    1.3875104e+08   0.000000e+00   6.494026e+07   4730s
  433083    1.2472040e+08   0.000000e+00   2.216375e+05   2101s
  484698    1.3875098e+08   0.000000e+00   9.136407e+07   4737s
  433193    1.2472038e+08   0.000000e+00   2.044255e+05   2112s
  484808    1.3875076e+08   0.000000e+00   5.315492e+07   4745s
  484938    1.3875053e+08   0.000000e+00   1.188049e+07   4751s
  433303    1.2472036e+08   0.000000e+00   3.082659e+05   2123s
  485058    1.3875023e+08   0.000000e+00   1.309072e+07   4758s
  433403    1.2472033e+08   0.000000e+00   3.129167e+05   2133s
  485188    1.3875010e+08   0.000000e+00   1.109920e+08   4764s
  485328    1.3875010e+08   0.000000e+00   9.460780e+07   4770s
  433503    1.2472030e+08   0.000000e+00   3.099646e+05   2143s
  485468    1.3875010e+08   0.000000e+00   1.040994e+08   4776s
  485608    1.3875009e+08   0.000000e+00   1.334764e+08   4782s
  433603    1.2472028e+08   0.000000e+00   1.756869e+05   2153s
  485748    1.3875009e+08   0.000000e+00   1.040994e+08   4788s
Waiting for other threads to finish...        4779s
  485878    1.3875008e+08   0.000000e+00   1.499393e+08   4795s
  433763    1.2472019e+08   0.000000e+00   4.095588e+07   2172s
  485988    1.3874985e+08   0.000000e+00   1.688761e+07   4803s
  433863    1.2472019e+08   0.000000e+00   4.488109e+07   2181s
  486108    1.3874956e+08   0.000000e+00   9.101550e+06   4811s
  486238    1.3874914e+08   0.000000e+00   1.592326e+07   4819s
  434053    1.2472017e+08   0.000000e+00   1.949880e+06   2197s
  486358    1.3874873e+08   0.000000e+00   1.512805e+07   4827s
  486488    1.3874833e+08   0.000000e+00   1.652913e+07   4835s
  486608    1.3874812e+08   0.000000e+00   1.228094e+07   4843s
  434243    1.2472011e+08   0.000000e+00   2.179678e+06   2216s
  486728    1.3874786e+08   0.000000e+00   2.783550e+07   4850s
Waiting for other threads to finish...        4842s
  486868    1.3874740e+08   0.000000e+00   3.355649e+07   4857s
  434413    1.2472006e+08   0.000000e+00   2.487232e+06   2233s
  486998    1.3874699e+08   0.000000e+00   1.453002e+07   4865s
  487118    1.3874664e+08   0.000000e+00   1.910832e+07   4873s
  434593    1.2472000e+08   0.000000e+00   2.500631e+06   2251s
  487258    1.3874638e+08   0.000000e+00   1.868584e+07   4881s
  434693    1.2471997e+08   0.000000e+00   2.499930e+06   2259s
  487438    1.3874627e+08   0.000000e+00   1.142017e+08   4889s
  487568    1.3874593e+08   0.000000e+00   1.156638e+08   4897s
  487678    1.3874553e+08   0.000000e+00   1.281266e+08   4904s
  434883    1.2471990e+08   0.000000e+00   1.937293e+06   2278s
  487778    1.3874510e+08   0.000000e+00   3.257854e+07   4911s
  434983    1.2471987e+08   0.000000e+00   2.025858e+06   2286s
  487898    1.3874477e+08   0.000000e+00   3.256694e+07   4918s
Waiting for other threads to finish...        4905s
  435083    1.2471984e+08   0.000000e+00   3.151963e+06   2295s
  488038    1.3874476e+08   0.000000e+00   4.632636e+07   4925s
  435183    1.2471981e+08   0.000000e+00   2.128236e+06   2304s
  488158    1.3874424e+08   0.000000e+00   3.215569e+07   4933s
  488288    1.3874366e+08   0.000000e+00   1.004478e+08   4941s
  435373    1.2471975e+08   0.000000e+00   2.295299e+06   2320s
  488448    1.3874343e+08   0.000000e+00   1.164075e+08   4950s
  488608    1.3874324e+08   0.000000e+00   4.395067e+07   4957s
  435473    1.2471972e+08   0.000000e+00   2.106700e+06   2330s
  488728    1.3874303e+08   0.000000e+00   2.582361e+07   4965s
  435573    1.2471970e+08   0.000000e+00   1.880657e+06   2340s
  488868    1.3874281e+08   0.000000e+00   2.573483e+07   4973s
  489028    1.3874279e+08   0.000000e+00   2.564025e+07   4981s
Waiting for other threads to finish...        4969s
  435763    1.2471965e+08   0.000000e+00   2.415914e+06   2357s
  489178    1.3874252e+08   0.000000e+00   2.556179e+07   4990s
  435873    1.2471962e+08   0.000000e+00   1.932822e+06   2367s
  489318    1.3874223e+08   0.000000e+00   2.555851e+07   4999s
  435973    1.2471959e+08   0.000000e+00   2.759256e+06   2376s
  489448    1.3874189e+08   0.000000e+00   2.419235e+07   5007s
  489598    1.3874154e+08   0.000000e+00   2.094965e+07   5016s
  436143    1.2471953e+08   0.000000e+00   1.875946e+06   2392s
  489738    1.3874129e+08   0.000000e+00   5.398553e+07   5025s
  436243    1.2471948e+08   0.000000e+00   2.441089e+06   2400s
  489878    1.3874087e+08   0.000000e+00   2.067519e+07   5033s
  490018    1.3874054e+08   0.000000e+00   2.068677e+07   5041s
  436423    1.2471942e+08   0.000000e+00   1.628152e+06   2416s
Waiting for other threads to finish...        5032s
  490168    1.3874036e+08   0.000000e+00   2.062461e+07   5050s
  490348    1.3874026e+08   0.000000e+00   6.885708e+07   5058s
  436603    1.2471933e+08   0.000000e+00   2.239872e+06   2432s
  490478    1.3873987e+08   0.000000e+00   2.264938e+07   5066s
  436703    1.2471927e+08   0.000000e+00   2.642045e+06   2441s
  490588    1.3873949e+08   0.000000e+00   1.134911e+08   5074s
  490718    1.3873927e+08   0.000000e+00   2.960058e+07   5081s
  436873    1.2471921e+08   0.000000e+00   1.331545e+06   2460s
  490828    1.3873883e+08   0.000000e+00   2.369683e+07   5089s
  490948    1.3873852e+08   0.000000e+00   2.372605e+07   5097s
  491078    1.3873801e+08   0.000000e+00   2.353521e+07   5106s
  437053    1.2471916e+08   0.000000e+00   1.907496e+06   2477s
Waiting for other threads to finish...        5095s
  491208    1.3873768e+08   0.000000e+00   2.347683e+07   5114s
  491348    1.3873739e+08   0.000000e+00   6.066760e+07   5123s
  437223    1.2471910e+08   0.000000e+00   2.577120e+06   2496s
  491458    1.3873703e+08   0.000000e+00   2.341532e+07   5132s
  491608    1.3873685e+08   0.000000e+00   4.115942e+07   5140s
  437393    1.2471904e+08   0.000000e+00   2.212715e+06   2514s
  491748    1.3873658e+08   0.000000e+00   6.227103e+07   5147s
  491858    1.3873619e+08   0.000000e+00   2.258034e+07   5155s
  437573    1.2471898e+08   0.000000e+00   1.928127e+06   2532s
  491968    1.3873570e+08   0.000000e+00   2.159289e+07   5164s
Waiting for other threads to finish...        5158s
  492098    1.3873524e+08   0.000000e+00   1.680741e+07   5172s
  437753    1.2471891e+08   0.000000e+00   2.058727e+06   2550s
  492218    1.3873489e+08   0.000000e+00   2.152983e+07   5180s
  492338    1.3873460e+08   0.000000e+00   4.346626e+07   5189s
  437943    1.2471884e+08   0.000000e+00   3.389619e+06   2567s
  492448    1.3873423e+08   0.000000e+00   1.783687e+07   5197s
  438053    1.2471878e+08   0.000000e+00   3.316790e+06   2575s
  492558    1.3873397e+08   0.000000e+00   1.610588e+07   5205s
  492678    1.3873372e+08   0.000000e+00   1.900522e+07   5212s
  492798    1.3873326e+08   0.000000e+00   2.662940e+07   5220s
  438233    1.2471869e+08   0.000000e+00   5.505946e+06   2593s
  492898    1.3873296e+08   0.000000e+00   1.603027e+07   5228s
Waiting for other threads to finish...        5221s
  493008    1.3873274e+08   0.000000e+00   1.652453e+07   5236s
  438433    1.2471859e+08   0.000000e+00   5.148182e+06   2611s
  493118    1.3873245e+08   0.000000e+00   1.682402e+07   5244s
  438543    1.2471852e+08   0.000000e+00   2.091340e+06   2621s
  493238    1.3873208e+08   0.000000e+00   2.046707e+07   5252s
  438643    1.2471844e+08   0.000000e+00   3.462395e+06   2630s
  493358    1.3873171e+08   0.000000e+00   4.102479e+07   5260s
  493468    1.3873132e+08   0.000000e+00   3.209252e+07   5267s
  438753    1.2471838e+08   0.000000e+00   2.631174e+06   2643s
  493568    1.3873110e+08   0.000000e+00   1.612201e+07   5274s
  438863    1.2471832e+08   0.000000e+00   5.724407e+06   2652s
  493688    1.3873069e+08   0.000000e+00   1.569697e+07   5282s
  438963    1.2471827e+08   0.000000e+00   2.814697e+06   2661s
  493828    1.3873036e+08   0.000000e+00   3.160122e+07   5290s
Waiting for other threads to finish...        5284s
  493938    1.3873005e+08   0.000000e+00   1.549206e+07   5299s
  494068    1.3872976e+08   0.000000e+00   3.025267e+07   5306s
  439153    1.2471818e+08   0.000000e+00   2.450831e+06   2679s
  494178    1.3872941e+08   0.000000e+00   1.850427e+07   5313s
  494278    1.3872915e+08   0.000000e+00   5.823770e+07   5321s
  494388    1.3872889e+08   0.000000e+00   2.075295e+07   5327s
  439333    1.2471810e+08   0.000000e+00   1.743862e+06   2698s
  494488    1.3872865e+08   0.000000e+00   2.116769e+07   5334s
  439443    1.2471806e+08   0.000000e+00   5.205161e+06   2708s
  494598    1.3872851e+08   0.000000e+00   1.500397e+07   5341s
  439553    1.2471803e+08   0.000000e+00   5.184193e+06   2716s
  494708    1.3872816e+08   0.000000e+00   2.474500e+07   5348s
  439663    1.2471800e+08   0.000000e+00   5.217904e+06   2725s
  494818    1.3872780e+08   0.000000e+00   3.094407e+07   5355s
Waiting for other threads to finish...        5348s
  494948    1.3872751e+08   0.000000e+00   1.469659e+07   5362s
  439783    1.2471796e+08   0.000000e+00   5.551655e+06   2735s
  495078    1.3872709e+08   0.000000e+00   2.188403e+07   5370s
  439903    1.2471791e+08   0.000000e+00   5.382621e+06   2744s
  495178    1.3872682e+08   0.000000e+00   6.907472e+06   5378s
  440013    1.2471787e+08   0.000000e+00   5.388769e+06   2754s
  495278    1.3872656e+08   0.000000e+00   1.170170e+07   5386s
  440113    1.2471784e+08   0.000000e+00   6.938760e+06   2765s
  495388    1.3872624e+08   0.000000e+00   9.553276e+06   5395s
  440233    1.2471779e+08   0.000000e+00   5.234493e+06   2774s
  440353    1.2471775e+08   0.000000e+00   5.666149e+06   2784s
  495598    1.3872567e+08   0.000000e+00   7.461533e+06   5413s
  495718    1.3872534e+08   0.000000e+00   9.997398e+06   5421s
  440473    1.2471770e+08   0.000000e+00   5.638629e+06   2793s
Waiting for other threads to finish...        5411s
  495828    1.3872508e+08   0.000000e+00   1.820182e+07   5430s
  440583    1.2471767e+08   0.000000e+00   8.190929e+06   2802s
  495938    1.3872486e+08   0.000000e+00   1.117076e+07   5440s
  496068    1.3872467e+08   0.000000e+00   8.652569e+06   5450s
  440763    1.2471753e+08   0.000000e+00   1.953074e+06   2821s
  496198    1.3872452e+08   0.000000e+00   1.354197e+07   5459s
  440943    1.2471734e+08   0.000000e+00   1.599563e+07   2839s
  496318    1.3872428e+08   0.000000e+00   1.153037e+07   5469s
  441043    1.2471725e+08   0.000000e+00   7.837324e+06   2848s
  496428    1.3872397e+08   0.000000e+00   8.642684e+06   5479s
Waiting for other threads to finish...        5474s
  496548    1.3872381e+08   0.000000e+00   4.876135e+07   5488s
  441223    1.2471707e+08   0.000000e+00   7.369733e+06   2867s
  496668    1.3872365e+08   0.000000e+00   6.283310e+07   5497s
  496778    1.3872352e+08   0.000000e+00   1.076468e+07   5506s
  441393    1.2471696e+08   0.000000e+00   3.923278e+07   2886s
  496898    1.3872330e+08   0.000000e+00   5.173937e+07   5515s
  497018    1.3872310e+08   0.000000e+00   4.106047e+06   5524s
  497138    1.3872291e+08   0.000000e+00   4.144515e+06   5533s
  441593    1.2471683e+08   0.000000e+00   9.046389e+06   2905s
  497288    1.3872279e+08   0.000000e+00   4.368135e+08   5541s
  441693    1.2471677e+08   0.000000e+00   9.015306e+06   2914s
  497458    1.3872279e+08   0.000000e+00   4.604418e+08   5549s
Waiting for other threads to finish...        5537s
  497638    1.3872279e+08   0.000000e+00   3.785584e+07   5557s
  441863    1.2471646e+08   0.000000e+00   1.085381e+06   2935s
  497748    1.3872262e+08   0.000000e+00   5.347657e+06   5566s
  441973    1.2471637e+08   0.000000e+00   1.060206e+07   2945s
  497868    1.3872249e+08   0.000000e+00   5.035411e+06   5575s
  442073    1.2471634e+08   0.000000e+00   9.850324e+06   2954s
  497988    1.3872225e+08   0.000000e+00   1.767465e+07   5584s
  498158    1.3872224e+08   0.000000e+00   5.269836e+06   5591s
  498338    1.3872224e+08   0.000000e+00   5.326131e+06   5599s
  442273    1.2471622e+08   0.000000e+00   3.024055e+06   2973s
  498518    1.3872224e+08   0.000000e+00   5.269836e+06   5607s
  442373    1.2471617e+08   0.000000e+00   1.212273e+07   2983s
Waiting for other threads to finish...        5600s
  498698    1.3872224e+08   0.000000e+00   5.306945e+06   5614s
  442473    1.2471611e+08   0.000000e+00   9.006160e+06   2992s
  498878    1.3872224e+08   0.000000e+00   5.287774e+06   5622s
  499058    1.3872224e+08   0.000000e+00   5.269835e+06   5629s
  442573    1.2471606e+08   0.000000e+00   2.515762e+06   3001s
  499238    1.3872224e+08   0.000000e+00   5.269831e+06   5637s
  499418    1.3872224e+08   0.000000e+00   5.269831e+06   5645s
  442743    1.2471577e+08   0.000000e+00   2.011195e+07   3020s
  499598    1.3872224e+08   0.000000e+00   5.269831e+06   5652s
  499778    1.3872224e+08   0.000000e+00   5.269831e+06   5660s
  442913    1.2471542e+08   0.000000e+00   1.268741e+07   3037s
  499958    1.3872224e+08   0.000000e+00   5.287766e+06   5667s
  500138    1.3872224e+08   0.000000e+00   5.269828e+06   5675s
  443013    1.2471529e+08   0.000000e+00   2.514257e+06   3046s
Waiting for other threads to finish...        5663s
  500318    1.3872222e+08   0.000000e+00   9.224392e+06   5683s
  443113    1.2471519e+08   0.000000e+00   6.954970e+06   3056s
  500428    1.3872204e+08   0.000000e+00   4.663203e+06   5692s
  500558    1.3872182e+08   0.000000e+00   4.428296e+06   5701s
  443283    1.2471504e+08   0.000000e+00   2.215949e+06   3074s
  500678    1.3872157e+08   0.000000e+00   5.355044e+06   5710s
  500808    1.3872137e+08   0.000000e+00   6.598189e+06   5719s
  443453    1.2471478e+08   0.000000e+00   2.345566e+07   3092s
  500928    1.3872119e+08   0.000000e+00   4.392573e+06   5728s
  443553    1.2471460e+08   0.000000e+00   2.098250e+07   3101s
  501048    1.3872102e+08   0.000000e+00   8.360932e+06   5737s
Waiting for other threads to finish...        5727s
  501158    1.3872087e+08   0.000000e+00   5.057982e+06   5746s
  443723    1.2471441e+08   0.000000e+00   1.905341e+07   3119s
  501278    1.3872069e+08   0.000000e+00   5.396360e+06   5756s
  443823    1.2471428e+08   0.000000e+00   4.884974e+07   3128s
  501408    1.3872054e+08   0.000000e+00   5.483156e+06   5765s
  444003    1.2471394e+08   0.000000e+00   9.195742e+05   3145s
  501528    1.3872036e+08   0.000000e+00   1.911032e+07   5775s
  501648    1.3872013e+08   0.000000e+00   5.232632e+06   5784s
  501768    1.3871995e+08   0.000000e+00   4.866737e+06   5794s
  444163    1.2471365e+08   0.000000e+00   2.184847e+07   3165s
  501888    1.3871975e+08   0.000000e+00   1.150058e+07   5803s
Waiting for other threads to finish...        5790s
  444263    1.2471355e+08   0.000000e+00   4.793360e+07   3174s
  502018    1.3871959e+08   0.000000e+00   7.103308e+06   5812s
  502138    1.3871942e+08   0.000000e+00   7.645515e+06   5820s
  444413    1.2471347e+08   0.000000e+00   5.306606e+06   3192s
  502268    1.3871928e+08   0.000000e+00   5.619201e+06   5830s
  502388    1.3871912e+08   0.000000e+00   1.331744e+07   5839s
  444573    1.2471338e+08   0.000000e+00   4.294039e+07   3211s
  502508    1.3871898e+08   0.000000e+00   4.350286e+06   5848s
  502628    1.3871878e+08   0.000000e+00   1.698879e+07   5858s
  444743    1.2471327e+08   0.000000e+00   4.451875e+07   3231s
Waiting for other threads to finish...        5853s
  502748    1.3871857e+08   0.000000e+00   5.579675e+06   5867s
  502878    1.3871833e+08   0.000000e+00   6.393869e+06   5877s
  444913    1.2471318e+08   0.000000e+00   4.825955e+07   3249s
  503018    1.3871818e+08   0.000000e+00   2.329154e+07   5886s
  503148    1.3871799e+08   0.000000e+00   5.224464e+06   5896s
  445103    1.2471305e+08   0.000000e+00   4.734950e+07   3269s
  503268    1.3871776e+08   0.000000e+00   5.450015e+06   5905s
  445203    1.2471299e+08   0.000000e+00   4.273351e+07   3280s
  503398    1.3871760e+08   0.000000e+00   4.558167e+06   5914s
  503518    1.3871741e+08   0.000000e+00   9.227843e+06   5923s
  445393    1.2471287e+08   0.000000e+00   4.836224e+07   3297s
Waiting for other threads to finish...        5916s
  503648    1.3871726e+08   0.000000e+00   1.006799e+07   5933s
  445493    1.2471280e+08   0.000000e+00   5.610026e+06   3308s
  503788    1.3871710e+08   0.000000e+00   1.170679e+07   5943s
  445593    1.2471275e+08   0.000000e+00   4.747308e+07   3317s
  503918    1.3871695e+08   0.000000e+00   1.117342e+07   5953s
  445693    1.2471269e+08   0.000000e+00   4.747450e+07   3327s
  504048    1.3871673e+08   0.000000e+00   1.060722e+07   5962s
  504178    1.3871657e+08   0.000000e+00   6.944999e+07   5972s
  445883    1.2471257e+08   0.000000e+00   4.583407e+07   3345s
  504298    1.3871638e+08   0.000000e+00   1.242770e+07   5981s
  445983    1.2471250e+08   0.000000e+00   4.420896e+07   3355s
  504408    1.3871604e+08   0.000000e+00   2.064907e+07   5991s
Waiting for other threads to finish...        5979s
  504508    1.3871559e+08   0.000000e+00   2.064438e+07   6001s
  446163    1.2471239e+08   0.000000e+00   4.347354e+07   3375s
  504718    1.3871439e+08   0.000000e+00   1.360845e+08   6021s
  446353    1.2471226e+08   0.000000e+00   4.791019e+07   3393s
  504838    1.3871397e+08   0.000000e+00   3.472920e+07   6030s
  504938    1.3871379e+08   0.000000e+00   2.755494e+07   6038s
  446543    1.2471209e+08   0.000000e+00   4.556721e+07   3411s
  505038    1.3871352e+08   0.000000e+00   1.713682e+08   6046s
  446643    1.2471201e+08   0.000000e+00   4.594383e+07   3419s
Waiting for other threads to finish...        6042s
  446743    1.2471194e+08   0.000000e+00   1.396539e+07   3428s
  505298    1.3871285e+08   0.000000e+00   3.027985e+07   6058s
  446853    1.2471187e+08   0.000000e+00   4.768430e+07   3438s
  505688    1.3871171e+08   0.000000e+00   3.015495e+07   6072s
  446953    1.2471181e+08   0.000000e+00   4.702064e+07   3449s
  505948    1.3871126e+08   0.000000e+00   3.482031e+07   6084s
  447053    1.2471174e+08   0.000000e+00   4.295959e+07   3459s
  506098    1.3871100e+08   0.000000e+00   6.707302e+07   6094s
  506268    1.3871077e+08   0.000000e+00   6.712197e+07   6103s
  447233    1.2471163e+08   0.000000e+00   4.611085e+07   3477s
  506398    1.3871031e+08   0.000000e+00   6.702366e+07   6113s
Waiting for other threads to finish...        6106s
  506548    1.3871000e+08   0.000000e+00   6.630670e+07   6122s
  447403    1.2471153e+08   0.000000e+00   4.359285e+07   3493s
  447503    1.2471146e+08   0.000000e+00   4.270590e+07   3502s
  506688    1.3870952e+08   0.000000e+00   6.505509e+07   6132s
  506808    1.3870912e+08   0.000000e+00   6.630488e+07   6140s
  506968    1.3870900e+08   0.000000e+00   1.100742e+09   6148s
  447703    1.2471130e+08   0.000000e+00   4.672115e+07   3520s
  507118    1.3870899e+08   0.000000e+00   9.589417e+08   6155s
  447803    1.2471121e+08   0.000000e+00   5.761963e+07   3529s
  507248    1.3870876e+08   0.000000e+00   2.654412e+07   6163s
  447903    1.2471114e+08   0.000000e+00   6.059302e+07   3538s
  507378    1.3870831e+08   0.000000e+00   2.640226e+07   6173s
Waiting for other threads to finish...        6169s
  448083    1.2471102e+08   0.000000e+00   4.221002e+07   3554s
  507538    1.3870810e+08   0.000000e+00   8.675467e+09   6183s
  507698    1.3870810e+08   0.000000e+00   8.718501e+09   6191s
  448183    1.2471095e+08   0.000000e+00   4.818240e+07   3562s
  507828    1.3870810e+08   0.000000e+00   7.193238e+09   6198s
  507958    1.3870805e+08   0.000000e+00   6.867383e+09   6204s
  448363    1.2471079e+08   0.000000e+00   1.009765e+07   3581s
  508098    1.3870803e+08   0.000000e+00   7.298838e+09   6211s
  508248    1.3870803e+08   0.000000e+00   7.132116e+09   6218s
  508388    1.3870799e+08   0.000000e+00   1.056367e+10   6225s
  448543    1.2471079e+08   0.000000e+00   1.034363e+07   3599s
  508528    1.3870799e+08   0.000000e+00   7.278614e+09   6231s
  508668    1.3870799e+08   0.000000e+00   7.112343e+09   6237s
  508808    1.3870799e+08   0.000000e+00   7.112343e+09   6243s
  448723    1.2471079e+08   0.000000e+00   9.583343e+06   3616s
Waiting for other threads to finish...        6232s
  508948    1.3870799e+08   0.000000e+00   7.278615e+09   6249s
  509088    1.3870799e+08   0.000000e+00   7.278615e+09   6255s
  448903    1.2471078e+08   0.000000e+00   1.267404e+07   3632s
  509228    1.3870799e+08   0.000000e+00   7.112343e+09   6262s
  509368    1.3870799e+08   0.000000e+00   7.278615e+09   6268s
  509508    1.3870799e+08   0.000000e+00   7.112343e+09   6274s
  449083    1.2471078e+08   0.000000e+00   1.034288e+07   3650s
  509648    1.3870799e+08   0.000000e+00   7.112343e+09   6280s
  509788    1.3870799e+08   0.000000e+00   7.112343e+09   6286s
  509918    1.3870792e+08   0.000000e+00   7.104065e+09   6293s
  449263    1.2471077e+08   0.000000e+00   1.088008e+07   3666s
  510058    1.3870792e+08   0.000000e+00   7.365906e+09   6299s
  510198    1.3870792e+08   0.000000e+00   7.143343e+09   6305s
Waiting for other threads to finish...        6295s
  510338    1.3870792e+08   0.000000e+00   7.104064e+09   6311s
  449443    1.2471076e+08   0.000000e+00   1.175900e+07   3683s
  510478    1.3870792e+08   0.000000e+00   7.177821e+07   6318s
  510598    1.3870756e+08   0.000000e+00   2.761370e+07   6327s
  449633    1.2471065e+08   0.000000e+00   1.173142e+07   3702s
  510738    1.3870726e+08   0.000000e+00   2.760187e+07   6337s
  449743    1.2471060e+08   0.000000e+00   1.014929e+07   3711s
  510908    1.3870711e+08   0.000000e+00   2.755396e+07   6346s
  449853    1.2471054e+08   0.000000e+00   1.013734e+07   3720s
  511068    1.3870673e+08   0.000000e+00   2.752869e+07   6356s
  449963    1.2471048e+08   0.000000e+00   1.053782e+07   3730s
  511218    1.3870626e+08   0.000000e+00   2.748531e+07   6366s
  450073    1.2471043e+08   0.000000e+00   1.071632e+07   3740s
Waiting for other threads to finish...        6358s
  511358    1.3870571e+08   0.000000e+00   2.739837e+07   6376s
  450183    1.2471037e+08   0.000000e+00   1.004518e+07   3750s
  511528    1.3870544e+08   0.000000e+00   2.730794e+07   6386s
  450283    1.2471032e+08   0.000000e+00   1.008241e+07   3758s
  450393    1.2471028e+08   0.000000e+00   1.027802e+07   3765s
  511658    1.3870514e+08   0.000000e+00   2.720607e+07   6396s
  511808    1.3870474e+08   0.000000e+00   1.662519e+08   6405s
  450573    1.2471021e+08   0.000000e+00   2.691445e+07   3780s
  511938    1.3870437e+08   0.000000e+00   5.975406e+07   6414s
  512068    1.3870418e+08   0.000000e+00   2.684499e+07   6422s
  450723    1.2471017e+08   0.000000e+00   2.656221e+07   3797s
  512188    1.3870372e+08   0.000000e+00   2.662483e+07   6431s
Waiting for other threads to finish...        6421s
  512308    1.3870307e+08   0.000000e+00   2.660491e+07   6441s
  450903    1.2471010e+08   0.000000e+00   3.742587e+07   3815s
  512448    1.3870265e+08   0.000000e+00   3.197178e+07   6451s
  451013    1.2471005e+08   0.000000e+00   1.049357e+07   3825s
  512568    1.3870230e+08   0.000000e+00   3.204910e+07   6461s
  451113    1.2471001e+08   0.000000e+00   1.076512e+07   3833s
  512688    1.3870185e+08   0.000000e+00   3.210235e+07   6471s
  451213    1.2470996e+08   0.000000e+00   1.056142e+07   3842s
  512828    1.3870160e+08   0.000000e+00   1.040564e+08   6480s
  451313    1.2470992e+08   0.000000e+00   1.117114e+07   3852s
  512968    1.3870142e+08   0.000000e+00   3.198554e+07   6487s
  451423    1.2470987e+08   0.000000e+00   1.080185e+07   3861s
  513128    1.3870125e+08   0.000000e+00   1.237852e+08   6496s
  451533    1.2470982e+08   0.000000e+00   1.030135e+07   3869s
Waiting for other threads to finish...        6485s
  513258    1.3870106e+08   0.000000e+00   3.202391e+07   6504s
  451643    1.2470978e+08   0.000000e+00   1.189774e+07   3878s
  513418    1.3870092e+08   0.000000e+00   3.193557e+07   6513s
  451753    1.2470972e+08   0.000000e+00   1.126249e+07   3887s
  513598    1.3870086e+08   0.000000e+00   3.188189e+07   6521s
  451853    1.2470967e+08   0.000000e+00   1.078321e+07   3896s
  513778    1.3870083e+08   0.000000e+00   1.574662e+10   6530s
  451963    1.2470962e+08   0.000000e+00   1.097637e+07   3905s
  513958    1.3870082e+08   0.000000e+00   1.574662e+10   6537s
  452073    1.2470956e+08   0.000000e+00   1.062861e+07   3914s
  514098    1.3870075e+08   0.000000e+00   3.539666e+07   6545s
  452183    1.2470951e+08   0.000000e+00   1.077162e+07   3923s
  514228    1.3870051e+08   0.000000e+00   4.164953e+08   6553s
Waiting for other threads to finish...        6548s
  514348    1.3870036e+08   0.000000e+00   2.977587e+07   6561s
  452293    1.2470946e+08   0.000000e+00   1.075667e+07   3933s
  514488    1.3870028e+08   0.000000e+00   2.970672e+07   6570s
  452403    1.2470942e+08   0.000000e+00   1.076243e+07   3942s
  452513    1.2470936e+08   0.000000e+00   1.089033e+07   3950s
  514618    1.3869993e+08   0.000000e+00   2.214138e+08   6581s
  452623    1.2470933e+08   0.000000e+00   1.066338e+07   3958s
  514738    1.3869968e+08   0.000000e+00   3.285773e+08   6590s
  452733    1.2470929e+08   0.000000e+00   1.047803e+07   3967s
  514848    1.3869944e+08   0.000000e+00   3.525125e+07   6599s
  452843    1.2470925e+08   0.000000e+00   1.089909e+07   3976s
  514968    1.3869913e+08   0.000000e+00   3.514387e+07   6608s
  452953    1.2470921e+08   0.000000e+00   1.040433e+07   3986s
  515098    1.3869884e+08   0.000000e+00   3.482383e+07   6619s
  453063    1.2470917e+08   0.000000e+00   1.033858e+07   3994s
Waiting for other threads to finish...        6611s
  515238    1.3869854e+08   0.000000e+00   3.482234e+07   6631s
  453173    1.2470913e+08   0.000000e+00   1.045359e+07   4002s
  453283    1.2470908e+08   0.000000e+00   1.036968e+07   4012s
  515368    1.3869835e+08   0.000000e+00   3.506760e+07   6642s
  453393    1.2470904e+08   0.000000e+00   1.017346e+07   4022s
  515518    1.3869810e+08   0.000000e+00   5.644124e+08   6652s
  453493    1.2470900e+08   0.000000e+00   1.457784e+08   4031s
  515658    1.3869800e+08   0.000000e+00   3.479345e+07   6660s
  453603    1.2470895e+08   0.000000e+00   1.086359e+07   4039s
  515768    1.3869774e+08   0.000000e+00   3.487988e+07   6670s
  453703    1.2470891e+08   0.000000e+00   1.032312e+07   4048s
  515908    1.3869749e+08   0.000000e+00   3.464006e+07   6679s
  453813    1.2470887e+08   0.000000e+00   1.029227e+07   4056s
Waiting for other threads to finish...        6674s
  516048    1.3869723e+08   0.000000e+00   3.440680e+07   6689s
  453923    1.2470882e+08   0.000000e+00   1.070585e+07   4066s
  516188    1.3869707e+08   0.000000e+00   3.430637e+07   6699s
  454033    1.2470878e+08   0.000000e+00   1.072966e+07   4075s
  516328    1.3869684e+08   0.000000e+00   3.405356e+07   6710s
  454143    1.2470875e+08   0.000000e+00   1.074346e+07   4085s
  516448    1.3869656e+08   0.000000e+00   3.400078e+07   6720s
  454253    1.2470870e+08   0.000000e+00   1.074332e+07   4095s
  516588    1.3869633e+08   0.000000e+00   3.402329e+07   6730s
  454363    1.2470865e+08   0.000000e+00   1.048666e+07   4105s
  516778    1.3869631e+08   0.000000e+00   8.076331e+06   6740s
  454473    1.2470861e+08   0.000000e+00   1.161232e+07   4114s
  517008    1.3869631e+08   0.000000e+00   1.589668e+07   6749s
Waiting for other threads to finish...        6737s
  454583    1.2470857e+08   0.000000e+00   1.044210e+07   4122s
  517238    1.3869631e+08   0.000000e+00   4.495524e+06   6759s
  454693    1.2470853e+08   0.000000e+00   1.079416e+07   4132s
  517468    1.3869631e+08   0.000000e+00   4.483809e+06   6768s
  454803    1.2470850e+08   0.000000e+00   1.087437e+07   4140s
  517698    1.3869631e+08   0.000000e+00   1.022958e+07   6777s
  454913    1.2470846e+08   0.000000e+00   1.038415e+07   4150s
  517898    1.3869628e+08   0.000000e+00   5.351101e+07   6786s
  455013    1.2470843e+08   0.000000e+00   1.078468e+07   4158s
  455123    1.2470839e+08   0.000000e+00   1.085045e+07   4166s
  518118    1.3869628e+08   0.000000e+00   5.351029e+07   6795s
  455233    1.2470835e+08   0.000000e+00   1.075921e+07   4173s
  518338    1.3869628e+08   0.000000e+00   5.240366e+07   6805s
  455333    1.2470831e+08   0.000000e+00   1.071585e+07   4184s
  518558    1.3869628e+08   0.000000e+00   5.172815e+07   6813s
Waiting for other threads to finish...        6800s
  455443    1.2470827e+08   0.000000e+00   1.066784e+07   4193s
  518778    1.3869628e+08   0.000000e+00   5.350241e+07   6822s
  455553    1.2470824e+08   0.000000e+00   1.065833e+07   4202s
  518998    1.3869628e+08   0.000000e+00   5.350256e+07   6831s
  455663    1.2470820e+08   0.000000e+00   1.029726e+07   4210s
  519218    1.3869628e+08   0.000000e+00   5.350325e+07   6840s
  519438    1.3869628e+08   0.000000e+00   5.773700e+07   6849s
  455773    1.2470815e+08   0.000000e+00   1.077049e+07   4220s
  455883    1.2470812e+08   0.000000e+00   1.037291e+07   4230s
  519558    1.3869607e+08   0.000000e+00   7.033276e+06   6859s
  455983    1.2470809e+08   0.000000e+00   1.031963e+07   4239s
  519688    1.3869590e+08   0.000000e+00   1.256186e+07   6868s
Waiting for other threads to finish...        6864s
  519848    1.3869556e+08   0.000000e+00   1.108342e+07   6877s
  456083    1.2470805e+08   0.000000e+00   1.068374e+07   4248s
  456183    1.2470802e+08   0.000000e+00   1.044960e+07   4258s
  519988    1.3869523e+08   0.000000e+00   5.311313e+06   6887s
  456283    1.2470799e+08   0.000000e+00   1.080629e+07   4266s
  520138    1.3869492e+08   0.000000e+00   6.135334e+06   6896s
  456393    1.2470795e+08   0.000000e+00   1.072102e+07   4275s
  520278    1.3869469e+08   0.000000e+00   2.736611e+07   6907s
  456503    1.2470791e+08   0.000000e+00   1.080090e+07   4285s
  520398    1.3869455e+08   0.000000e+00   2.246685e+07   6918s
  456613    1.2470787e+08   0.000000e+00   1.074773e+07   4294s
  520518    1.3869442e+08   0.000000e+00   8.527121e+06   6930s
  456713    1.2470783e+08   0.000000e+00   1.040377e+07   4302s
Waiting for other threads to finish...        6927s
  456823    1.2470780e+08   0.000000e+00   1.074308e+07   4311s
  520618    1.3869419e+08   0.000000e+00   8.428451e+06   6943s
  456933    1.2470776e+08   0.000000e+00   1.072581e+07   4320s
  520728    1.3869406e+08   0.000000e+00   2.190067e+07   6954s
  457043    1.2470772e+08   0.000000e+00   1.077182e+07   4329s
  520838    1.3869394e+08   0.000000e+00   1.221054e+07   6967s
  457153    1.2470768e+08   0.000000e+00   1.044897e+07   4339s
  457263    1.2470764e+08   0.000000e+00   1.085180e+07   4348s
  520948    1.3869380e+08   0.000000e+00   2.078580e+07   6979s
  457373    1.2470761e+08   0.000000e+00   1.034192e+07   4357s
  521078    1.3869360e+08   0.000000e+00   4.841303e+06   6990s
  457483    1.2470757e+08   0.000000e+00   1.034545e+07   4365s
  521248    1.3869338e+08   0.000000e+00   4.219744e+06   6999s
  457593    1.2470754e+08   0.000000e+00   1.056933e+07   4374s
Waiting for other threads to finish...        6990s
  521418    1.3869320e+08   0.000000e+00   6.471826e+06   7007s
  457693    1.2470751e+08   0.000000e+00   1.074735e+07   4383s
  521598    1.3869298e+08   0.000000e+00   8.127444e+06   7016s
  457793    1.2470747e+08   0.000000e+00   9.993899e+06   4392s
  521748    1.3869277e+08   0.000000e+00   5.343531e+06   7025s
  457903    1.2470743e+08   0.000000e+00   1.066920e+07   4402s
  521918    1.3869260e+08   0.000000e+00   5.454252e+06   7034s
  458013    1.2470740e+08   0.000000e+00   5.798930e+07   4411s
  522078    1.3869246e+08   0.000000e+00   6.124055e+06   7043s
  458123    1.2470736e+08   0.000000e+00   1.025853e+07   4421s
  522238    1.3869232e+08   0.000000e+00   5.481555e+06   7051s
  458233    1.2470732e+08   0.000000e+00   1.071372e+07   4431s
  522408    1.3869210e+08   0.000000e+00   4.926607e+06   7061s
Waiting for other threads to finish...        7053s
  458343    1.2470728e+08   0.000000e+00   1.077098e+07   4440s
  522578    1.3869194e+08   0.000000e+00   5.406271e+06   7069s
  458453    1.2470724e+08   0.000000e+00   1.079888e+07   4449s
  522738    1.3869175e+08   0.000000e+00   5.425155e+06   7078s
  522888    1.3869161e+08   0.000000e+00   1.454403e+07   7087s
  458563    1.2470719e+08   0.000000e+00   1.138740e+07   4459s
  523038    1.3869140e+08   0.000000e+00   1.514561e+07   7096s
  458673    1.2470715e+08   0.000000e+00   1.090222e+07   4469s
  523198    1.3869121e+08   0.000000e+00   2.330932e+07   7105s
  458783    1.2470710e+08   0.000000e+00   1.140258e+07   4479s
  523368    1.3869108e+08   0.000000e+00   9.304165e+06   7114s
  458893    1.2470706e+08   0.000000e+00   1.074979e+07   4489s
  523538    1.3869083e+08   0.000000e+00   3.341057e+06   7122s
  458993    1.2470703e+08   0.000000e+00   1.050521e+07   4498s
Waiting for other threads to finish...        7116s
  523698    1.3869067e+08   0.000000e+00   9.473715e+06   7131s
  459103    1.2470699e+08   0.000000e+00   1.069585e+07   4508s
  523818    1.3869059e+08   0.000000e+00   3.718111e+06   7140s
  459213    1.2470694e+08   0.000000e+00   1.070999e+07   4518s
  523928    1.3869051e+08   0.000000e+00   1.348598e+07   7150s
  459323    1.2470691e+08   0.000000e+00   1.073332e+07   4527s
  524028    1.3869041e+08   0.000000e+00   5.053423e+06   7160s
  459433    1.2470687e+08   0.000000e+00   1.071488e+07   4536s
  524138    1.3869026e+08   0.000000e+00   4.513192e+06   7171s
  459533    1.2470683e+08   0.000000e+00   3.145277e+07   4545s
  524238    1.3869016e+08   0.000000e+00   1.691801e+07   7181s
  459633    1.2470681e+08   0.000000e+00   1.075879e+07   4555s
  524348    1.3869007e+08   0.000000e+00   1.453038e+07   7191s
Waiting for other threads to finish...        7179s
  459733    1.2470677e+08   0.000000e+00   1.044577e+07   4565s
  524468    1.3868995e+08   0.000000e+00   5.024662e+06   7201s
  459843    1.2470673e+08   0.000000e+00   1.032806e+07   4574s
  524588    1.3868986e+08   0.000000e+00   1.572604e+07   7211s
  459953    1.2470668e+08   0.000000e+00   1.085696e+07   4584s
  524708    1.3868974e+08   0.000000e+00   5.880694e+06   7220s
  460063    1.2470663e+08   0.000000e+00   1.082598e+07   4593s
  524808    1.3868963e+08   0.000000e+00   1.619360e+07   7230s
  460163    1.2470658e+08   0.000000e+00   1.101523e+07   4603s
  524928    1.3868958e+08   0.000000e+00   6.643671e+06   7240s
  460273    1.2470653e+08   0.000000e+00   1.093095e+07   4612s
  525038    1.3868948e+08   0.000000e+00   6.687108e+06   7250s
  460383    1.2470648e+08   0.000000e+00   1.063948e+07   4622s
Waiting for other threads to finish...        7242s
  460493    1.2470643e+08   0.000000e+00   1.027713e+07   4631s
  525148    1.3868939e+08   0.000000e+00   8.097687e+06   7260s
  460603    1.2470639e+08   0.000000e+00   1.076738e+07   4640s
  525258    1.3868931e+08   0.000000e+00   1.457508e+07   7270s
  460713    1.2470635e+08   0.000000e+00   1.043417e+07   4649s
  525378    1.3868924e+08   0.000000e+00   1.315483e+07   7280s
  460823    1.2470630e+08   0.000000e+00   1.130171e+07   4658s
  525498    1.3868914e+08   0.000000e+00   1.361390e+07   7290s
  460933    1.2470625e+08   0.000000e+00   1.044525e+07   4668s
  525608    1.3868905e+08   0.000000e+00   1.353836e+07   7300s
  461043    1.2470620e+08   0.000000e+00   1.031770e+07   4679s
  525718    1.3868894e+08   0.000000e+00   7.442509e+06   7310s
  461153    1.2470615e+08   0.000000e+00   1.075031e+07   4687s
Waiting for other threads to finish...        7306s
  525838    1.3868885e+08   0.000000e+00   7.767312e+06   7320s
  461263    1.2470611e+08   0.000000e+00   1.049512e+07   4696s
  525968    1.3868878e+08   0.000000e+00   5.615920e+07   7329s
  461373    1.2470606e+08   0.000000e+00   1.018125e+07   4706s
  526138    1.3868865e+08   0.000000e+00   4.613405e+06   7338s
  461483    1.2470601e+08   0.000000e+00   1.076720e+07   4717s
  526308    1.3868854e+08   0.000000e+00   4.975674e+06   7347s
  461593    1.2470596e+08   0.000000e+00   1.057269e+07   4726s
  526488    1.3868843e+08   0.000000e+00   6.425220e+06   7356s
  461693    1.2470592e+08   0.000000e+00   1.110012e+07   4734s
  526658    1.3868827e+08   0.000000e+00   1.694073e+07   7365s
  461803    1.2470587e+08   0.000000e+00   1.044124e+07   4743s
  526828    1.3868814e+08   0.000000e+00   6.955584e+06   7374s
Waiting for other threads to finish...        7369s
  461903    1.2470584e+08   0.000000e+00   1.092625e+07   4754s
  526988    1.3868805e+08   0.000000e+00   2.962405e+06   7383s
  527178    1.3868791e+08   0.000000e+00   5.609892e+06   7392s
  462013    1.2470580e+08   0.000000e+00   1.080191e+07   4764s
  527308    1.3868764e+08   0.000000e+00   1.700799e+07   7402s
  462113    1.2470576e+08   0.000000e+00   1.145133e+07   4774s
  527438    1.3868751e+08   0.000000e+00   6.799271e+06   7410s
  462213    1.2470571e+08   0.000000e+00   1.027514e+07   4782s
  527578    1.3868742e+08   0.000000e+00   6.857149e+06   7418s
  462313    1.2470567e+08   0.000000e+00   1.090484e+07   4791s
  527738    1.3868731e+08   0.000000e+00   6.228971e+06   7427s
  462423    1.2470563e+08   0.000000e+00   1.093589e+07   4802s
  527898    1.3868715e+08   0.000000e+00   8.080770e+07   7435s
  528048    1.3868696e+08   0.000000e+00   7.261932e+06   7443s
Waiting for other threads to finish...        7432s
  528198    1.3868680e+08   0.000000e+00   7.022708e+06   7452s
  462623    1.2470554e+08   0.000000e+00   1.062341e+07   4823s
  528378    1.3868657e+08   0.000000e+00   1.857536e+08   7461s
  462733    1.2470550e+08   0.000000e+00   1.037864e+07   4834s
  528528    1.3868638e+08   0.000000e+00   7.798675e+07   7470s
  462833    1.2470546e+08   0.000000e+00   1.160087e+07   4843s
  528678    1.3868618e+08   0.000000e+00   7.727436e+07   7477s
  462943    1.2470542e+08   0.000000e+00   1.074475e+07   4853s
  528828    1.3868604e+08   0.000000e+00   3.999848e+07   7485s
  528958    1.3868589e+08   0.000000e+00   1.360278e+07   7493s
  463043    1.2470538e+08   0.000000e+00   2.415190e+07   4864s
  529118    1.3868578e+08   0.000000e+00   1.728684e+07   7501s
Waiting for other threads to finish...        7495s
  463213    1.2470532e+08   0.000000e+00   4.223440e+07   4882s
  529308    1.3868559e+08   0.000000e+00   1.590185e+08   7511s
  529468    1.3868543e+08   0.000000e+00   6.653577e+07   7519s
  463373    1.2470527e+08   0.000000e+00   5.262341e+07   4898s
  529608    1.3868534e+08   0.000000e+00   1.333243e+07   7528s
  529748    1.3868524e+08   0.000000e+00   2.310866e+07   7535s
  463533    1.2470520e+08   0.000000e+00   2.804769e+07   4914s
  529898    1.3868507e+08   0.000000e+00   2.398803e+07   7544s
  530068    1.3868493e+08   0.000000e+00   2.108116e+08   7553s
  463703    1.2470514e+08   0.000000e+00   2.565643e+07   4932s
  530258    1.3868488e+08   0.000000e+00   1.016188e+08   7561s
  530438    1.3868488e+08   0.000000e+00   1.016188e+08   7569s
Waiting for other threads to finish...        7558s
  463873    1.2470507e+08   0.000000e+00   2.582685e+07   4947s
  530608    1.3868488e+08   0.000000e+00   1.015660e+08   7576s
  530778    1.3868488e+08   0.000000e+00   1.015660e+08   7583s
  530948    1.3868488e+08   0.000000e+00   1.015660e+08   7590s
  464053    1.2470500e+08   0.000000e+00   2.568655e+07   4964s
  531118    1.3868488e+08   0.000000e+00   1.015660e+08   7597s
  531288    1.3868488e+08   0.000000e+00   1.015660e+08   7604s
  531458    1.3868488e+08   0.000000e+00   1.015660e+08   7611s
  464223    1.2470493e+08   0.000000e+00   2.592144e+07   4983s
  531628    1.3868488e+08   0.000000e+00   1.015660e+08   7618s
  531798    1.3868488e+08   0.000000e+00   1.016661e+08   7626s
  464403    1.2470486e+08   0.000000e+00   1.568266e+07   5003s
  531968    1.3868488e+08   0.000000e+00   1.015660e+08   7633s
Waiting for other threads to finish...        7621s
  532138    1.3868488e+08   0.000000e+00   1.015660e+08   7640s
  532308    1.3868488e+08   0.000000e+00   1.016161e+08   7647s
  464583    1.2470480e+08   0.000000e+00   2.559543e+07   5023s
  532478    1.3868488e+08   0.000000e+00   1.016661e+08   7654s
  532618    1.3868477e+08   0.000000e+00   1.506898e+08   7661s
  532718    1.3868465e+08   0.000000e+00   2.388744e+07   7668s
  464763    1.2470473e+08   0.000000e+00   2.886634e+07   5042s
  532858    1.3868447e+08   0.000000e+00   9.695237e+07   7677s
  533008    1.3868433e+08   0.000000e+00   2.438719e+07   7684s
  464943    1.2470466e+08   0.000000e+00   2.673001e+07   5060s
  533158    1.3868417e+08   0.000000e+00   9.721535e+07   7693s
Waiting for other threads to finish...        7685s
  533298    1.3868406e+08   0.000000e+00   2.448296e+07   7701s
  465113    1.2470459e+08   0.000000e+00   3.736069e+07   5079s
  533448    1.3868390e+08   0.000000e+00   1.274490e+07   7709s
  533618    1.3868380e+08   0.000000e+00   3.069047e+07   7718s
  533768    1.3868370e+08   0.000000e+00   7.365158e+07   7726s
  465293    1.2470453e+08   0.000000e+00   3.679253e+07   5097s
  533898    1.3868356e+08   0.000000e+00   1.001358e+08   7734s
  534038    1.3868344e+08   0.000000e+00   3.315171e+07   7741s
  465463    1.2470445e+08   0.000000e+00   3.801249e+07   5116s
  534168    1.3868333e+08   0.000000e+00   9.947272e+07   7747s
  534288    1.3868325e+08   0.000000e+00   1.241919e+07   7755s
  465563    1.2470439e+08   0.000000e+00   3.785062e+07   5127s
Waiting for other threads to finish...        7748s
  534428    1.3868309e+08   0.000000e+00   3.034258e+08   7763s
  465663    1.2470433e+08   0.000000e+00   4.505613e+07   5138s
  534558    1.3868300e+08   0.000000e+00   4.713482e+07   7771s
  534678    1.3868292e+08   0.000000e+00   1.317803e+07   7778s
  465823    1.2470425e+08   0.000000e+00   4.706636e+07   5157s
  534828    1.3868278e+08   0.000000e+00   3.027525e+07   7787s
  534968    1.3868263e+08   0.000000e+00   8.402070e+07   7794s
  535098    1.3868250e+08   0.000000e+00   8.857265e+07   7802s
  465993    1.2470415e+08   0.000000e+00   1.124496e+07   5175s
  535218    1.3868242e+08   0.000000e+00   6.574168e+07   7809s
  466093    1.2470410e+08   0.000000e+00   1.217260e+07   5185s
  535338    1.3868227e+08   0.000000e+00   3.513209e+08   7816s
  535458    1.3868214e+08   0.000000e+00   1.316473e+07   7824s
  466203    1.2470406e+08   0.000000e+00   1.157290e+07   5195s
Waiting for other threads to finish...        7811s
  535598    1.3868199e+08   0.000000e+00   6.531851e+07   7832s
  466303    1.2470401e+08   0.000000e+00   1.191100e+07   5205s
  535738    1.3868186e+08   0.000000e+00   7.710445e+08   7839s
  466413    1.2470395e+08   0.000000e+00   1.221375e+07   5215s
  535868    1.3868175e+08   0.000000e+00   1.179684e+07   7847s
  466523    1.2470390e+08   0.000000e+00   1.425048e+07   5226s
  535998    1.3868165e+08   0.000000e+00   1.091091e+07   7855s
  466623    1.2470389e+08   0.000000e+00   1.408820e+07   5236s
  536158    1.3868151e+08   0.000000e+00   1.147326e+07   7865s
  466723    1.2470389e+08   0.000000e+00   1.564648e+07   5245s
  536338    1.3868139e+08   0.000000e+00   1.916169e+09   7874s
  536488    1.3868124e+08   0.000000e+00   1.456369e+08   7882s
  466833    1.2470385e+08   0.000000e+00   1.566002e+07   5255s
Waiting for other threads to finish...        7874s
  536618    1.3868115e+08   0.000000e+00   1.046948e+07   7890s
  466943    1.2470379e+08   0.000000e+00   1.573303e+07   5266s
  536778    1.3868103e+08   0.000000e+00   1.582207e+08   7898s
  467053    1.2470374e+08   0.000000e+00   1.570001e+07   5277s
  536928    1.3868091e+08   0.000000e+00   1.040518e+07   7906s
  537088    1.3868076e+08   0.000000e+00   7.405038e+07   7915s
  467153    1.2470368e+08   0.000000e+00   1.956165e+07   5287s
  537228    1.3868065e+08   0.000000e+00   7.381713e+07   7923s
  537358    1.3868055e+08   0.000000e+00   6.556706e+07   7930s
  467313    1.2470355e+08   0.000000e+00   1.264528e+07   5305s
  537488    1.3868046e+08   0.000000e+00   9.758025e+06   7937s
  537628    1.3868034e+08   0.000000e+00   1.003552e+07   7946s
Waiting for other threads to finish...        7937s
  467493    1.2470348e+08   0.000000e+00   1.449447e+07   5325s
  537798    1.3868023e+08   0.000000e+00   4.340784e+07   7954s
  537938    1.3868011e+08   0.000000e+00   1.007867e+08   7963s
  538068    1.3868000e+08   0.000000e+00   3.224593e+08   7970s
  467673    1.2470339e+08   0.000000e+00   1.385314e+07   5344s
  538178    1.3867985e+08   0.000000e+00   3.010760e+08   7978s
  538318    1.3867977e+08   0.000000e+00   3.045505e+08   7985s
  467833    1.2470329e+08   0.000000e+00   1.048685e+07   5361s
  538438    1.3867967e+08   0.000000e+00   5.848067e+08   7992s
  538548    1.3867952e+08   0.000000e+00   1.265477e+07   7999s
  538698    1.3867937e+08   0.000000e+00   1.664882e+08   8007s
  468013    1.2470323e+08   0.000000e+00   1.081050e+07   5380s
Waiting for other threads to finish...        8000s
  538848    1.3867921e+08   0.000000e+00   3.921762e+07   8014s
  538988    1.3867906e+08   0.000000e+00   1.024034e+08   8022s
  468193    1.2470318e+08   0.000000e+00   1.872446e+07   5399s
  539108    1.3867893e+08   0.000000e+00   1.012736e+08   8029s
  539228    1.3867883e+08   0.000000e+00   7.368918e+07   8037s
  468293    1.2470314e+08   0.000000e+00   1.096345e+07   5409s
  539348    1.3867874e+08   0.000000e+00   2.068604e+07   8044s
  539498    1.3867864e+08   0.000000e+00   1.108988e+08   8053s
  468473    1.2470306e+08   0.000000e+00   1.036772e+07   5428s
  539648    1.3867851e+08   0.000000e+00   1.736158e+07   8061s
  468573    1.2470303e+08   0.000000e+00   1.079746e+07   5439s
  539818    1.3867834e+08   0.000000e+00   6.621503e+07   8070s
Waiting for other threads to finish...        8064s
  539958    1.3867817e+08   0.000000e+00   2.205038e+09   8078s
  540098    1.3867801e+08   0.000000e+00   4.435475e+07   8085s
  468753    1.2470297e+08   0.000000e+00   1.021882e+07   5459s
  540228    1.3867790e+08   0.000000e+00   7.061028e+07   8093s
  540358    1.3867779e+08   0.000000e+00   2.701823e+07   8100s
  468933    1.2470290e+08   0.000000e+00   1.829217e+07   5479s
  540508    1.3867761e+08   0.000000e+00   2.030450e+07   8108s
  540678    1.3867749e+08   0.000000e+00   7.991012e+07   8117s
  469033    1.2470287e+08   0.000000e+00   1.021878e+07   5488s
  540838    1.3867733e+08   0.000000e+00   1.802549e+07   8125s
  469133    1.2470282e+08   0.000000e+00   1.068181e+07   5498s
  540988    1.3867723e+08   0.000000e+00   6.765311e+07   8134s
Waiting for other threads to finish...        8127s
  541128    1.3867715e+08   0.000000e+00   1.750593e+07   8142s
  469313    1.2470275e+08   0.000000e+00   1.021911e+07   5519s
  541248    1.3867703e+08   0.000000e+00   1.929759e+07   8150s
  541388    1.3867689e+08   0.000000e+00   1.970424e+07   8159s
  541548    1.3867671e+08   0.000000e+00   9.998143e+07   8168s
  469493    1.2470268e+08   0.000000e+00   9.410251e+06   5540s
  541698    1.3867660e+08   0.000000e+00   8.110888e+07   8177s
  541838    1.3867647e+08   0.000000e+00   2.562976e+08   8185s
  469683    1.2470261e+08   0.000000e+00   1.060968e+07   5560s
  541958    1.3867632e+08   0.000000e+00   2.101028e+07   8193s
  542088    1.3867621e+08   0.000000e+00   2.099596e+07   8201s
Waiting for other threads to finish...        8190s
  469863    1.2470254e+08   0.000000e+00   1.035134e+07   5580s
  542238    1.3867605e+08   0.000000e+00   5.825899e+07   8210s
  542388    1.3867595e+08   0.000000e+00   2.144723e+07   8218s
  542548    1.3867586e+08   0.000000e+00   2.150625e+07   8227s
  470053    1.2470247e+08   0.000000e+00   1.166319e+07   5600s
  542728    1.3867575e+08   0.000000e+00   3.952131e+07   8236s
  542868    1.3867559e+08   0.000000e+00   3.369029e+08   8244s
  470233    1.2470240e+08   0.000000e+00   1.036797e+07   5620s
  542998    1.3867547e+08   0.000000e+00   2.130309e+07   8252s
  543138    1.3867533e+08   0.000000e+00   1.666457e+07   8260s
Waiting for other threads to finish...        8253s
  543258    1.3867520e+08   0.000000e+00   7.163272e+07   8268s
  470413    1.2470233e+08   0.000000e+00   1.042707e+07   5639s
  543378    1.3867511e+08   0.000000e+00   1.631794e+07   8275s
  543498    1.3867496e+08   0.000000e+00   6.588332e+08   8283s
  470593    1.2470227e+08   0.000000e+00   1.083829e+06   5659s
  543618    1.3867485e+08   0.000000e+00   2.245478e+07   8290s
  543768    1.3867477e+08   0.000000e+00   8.880033e+07   8298s
  543908    1.3867465e+08   0.000000e+00   3.783636e+07   8306s
  470773    1.2470226e+08   0.000000e+00   1.093914e+07   5680s
  544048    1.3867454e+08   0.000000e+00   8.228695e+07   8313s
  544178    1.3867446e+08   0.000000e+00   2.293122e+07   8321s
  470933    1.2470215e+08   0.000000e+00   3.261408e+07   5698s
  544328    1.3867436e+08   0.000000e+00   3.684288e+08   8329s
Waiting for other threads to finish...        8316s
  544468    1.3867421e+08   0.000000e+00   1.258792e+07   8337s
  544588    1.3867413e+08   0.000000e+00   2.266655e+07   8344s
  471083    1.2470208e+08   0.000000e+00   6.421662e+05   5716s
  544728    1.3867401e+08   0.000000e+00   2.238192e+07   8354s
  544898    1.3867393e+08   0.000000e+00   2.588259e+08   8363s
  471253    1.2470193e+08   0.000000e+00   9.322992e+06   5737s
  545028    1.3867381e+08   0.000000e+00   1.650726e+08   8371s
  545148    1.3867372e+08   0.000000e+00   2.859879e+07   8379s
  471403    1.2470181e+08   0.000000e+00   1.426352e+07   5755s
  545288    1.3867362e+08   0.000000e+00   2.817927e+07   8387s
Waiting for other threads to finish...        8379s
  545428    1.3867350e+08   0.000000e+00   2.891051e+07   8396s
  471583    1.2470169e+08   0.000000e+00   8.194470e+06   5776s
  545588    1.3867335e+08   0.000000e+00   2.146209e+08   8405s
  545728    1.3867324e+08   0.000000e+00   2.126262e+07   8413s
  545868    1.3867313e+08   0.000000e+00   2.134890e+07   8422s
  471703    1.2470163e+08   0.000000e+00   4.909323e+05   5795s
  546048    1.3867296e+08   0.000000e+00   2.199471e+07   8431s
  546198    1.3867280e+08   0.000000e+00   1.089791e+07   8440s
  471803    1.2470160e+08   0.000000e+00   4.580287e+05   5817s
  546338    1.3867269e+08   0.000000e+00   2.294451e+07   8448s
Waiting for other threads to finish...        8443s
  546488    1.3867261e+08   0.000000e+00   2.342677e+07   8457s
  471953    1.2470156e+08   0.000000e+00   4.004303e+05   5837s
  546638    1.3867250e+08   0.000000e+00   2.392816e+07   8467s
  546808    1.3867240e+08   0.000000e+00   6.089530e+07   8476s
  546938    1.3867228e+08   0.000000e+00   6.091980e+07   8484s
  472113    1.2470151e+08   0.000000e+00   7.342455e+05   5857s
  547068    1.3867223e+08   0.000000e+00   2.399607e+07   8491s
  547198    1.3867212e+08   0.000000e+00   7.688333e+07   8500s
  547338    1.3867204e+08   0.000000e+00   2.065854e+08   8507s
  472273    1.2470147e+08   0.000000e+00   5.013551e+05   5882s
  547478    1.3867195e+08   0.000000e+00   7.627361e+07   8515s
Waiting for other threads to finish...        8506s
  547608    1.3867188e+08   0.000000e+00   2.728059e+07   8523s
  472403    1.2470143e+08   0.000000e+00   5.849469e+05   5901s
  547758    1.3867180e+08   0.000000e+00   2.737920e+07   8531s
  547908    1.3867172e+08   0.000000e+00   2.808626e+07   8540s
  548058    1.3867163e+08   0.000000e+00   2.905369e+07   8550s
  472553    1.2470137e+08   0.000000e+00   4.343541e+05   5923s
  548208    1.3867153e+08   0.000000e+00   8.666871e+07   8559s
  548338    1.3867141e+08   0.000000e+00   3.825180e+07   8567s
  472693    1.2470133e+08   0.000000e+00   3.936636e+05   5944s
  548468    1.3867135e+08   0.000000e+00   3.265325e+07   8574s
  548588    1.3867127e+08   0.000000e+00   7.223992e+07   8581s
Waiting for other threads to finish...        8569s
  548718    1.3867120e+08   0.000000e+00   8.720649e+07   8589s
  472833    1.2470129e+08   0.000000e+00   4.703215e+05   5964s
  548828    1.3867113e+08   0.000000e+00   6.276920e+07   8595s
  548948    1.3867104e+08   0.000000e+00   2.887032e+07   8602s
  549068    1.3867093e+08   0.000000e+00   2.242016e+06   8611s
  472983    1.2470124e+08   0.000000e+00   1.231745e+06   5986s
  549208    1.3867087e+08   0.000000e+00   1.262326e+07   8619s
  549338    1.3867077e+08   0.000000e+00   2.267489e+06   8627s
  473143    1.2470118e+08   0.000000e+00   1.131388e+06   6005s
  549468    1.3867072e+08   0.000000e+00   2.285220e+06   8634s
  549608    1.3867068e+08   0.000000e+00   2.268299e+06   8643s
Waiting for other threads to finish...        8632s
  549758    1.3867061e+08   0.000000e+00   7.341997e+06   8651s
  473303    1.2470113e+08   0.000000e+00   8.374452e+05   6023s
  549888    1.3867049e+08   0.000000e+00   3.735521e+07   8659s
  550008    1.3867041e+08   0.000000e+00   2.289967e+06   8666s
  473453    1.2470107e+08   0.000000e+00   4.272414e+05   6044s
  550138    1.3867032e+08   0.000000e+00   1.176774e+07   8674s
  550248    1.3867025e+08   0.000000e+00   9.049898e+06   8682s
  550358    1.3867018e+08   0.000000e+00   2.577320e+06   8689s
  473633    1.2470099e+08   0.000000e+00   2.436785e+06   6064s
  550478    1.3867008e+08   0.000000e+00   2.263088e+07   8697s
  550588    1.3867000e+08   0.000000e+00   2.045467e+07   8705s
Waiting for other threads to finish...        8695s
  550688    1.3866993e+08   0.000000e+00   2.385125e+06   8712s
  473793    1.2470093e+08   0.000000e+00   1.537415e+06   6086s
  550808    1.3866986e+08   0.000000e+00   8.267702e+06   8720s
  550938    1.3866973e+08   0.000000e+00   6.795090e+06   8728s
  473953    1.2470086e+08   0.000000e+00   4.273515e+05   6103s
  551058    1.3866965e+08   0.000000e+00   2.382678e+06   8735s
  551178    1.3866957e+08   0.000000e+00   1.083550e+07   8743s
  474103    1.2470077e+08   0.000000e+00   4.074189e+05   6120s
  551288    1.3866951e+08   0.000000e+00   9.428213e+06   8751s
  551398    1.3866943e+08   0.000000e+00   2.705972e+06   8758s
  551508    1.3866932e+08   0.000000e+00   2.402039e+07   8766s
  474253    1.2470070e+08   0.000000e+00   5.275124e+05   6138s
Waiting for other threads to finish...        8758s
  551618    1.3866923e+08   0.000000e+00   6.624216e+06   8774s
  551748    1.3866914e+08   0.000000e+00   1.415799e+07   8782s
  474403    1.2470063e+08   0.000000e+00   5.682154e+05   6159s
  551878    1.3866908e+08   0.000000e+00   2.259934e+06   8790s
  552018    1.3866899e+08   0.000000e+00   2.277066e+06   8798s
  552168    1.3866889e+08   0.000000e+00   2.299432e+06   8807s
  474563    1.2470055e+08   0.000000e+00   2.096556e+06   6179s
  552318    1.3866877e+08   0.000000e+00   7.680974e+06   8816s
  552468    1.3866870e+08   0.000000e+00   2.351095e+06   8824s
  474713    1.2470047e+08   0.000000e+00   3.527353e+05   6197s
  552618    1.3866859e+08   0.000000e+00   5.869148e+06   8832s
Waiting for other threads to finish...        8822s
  552748    1.3866846e+08   0.000000e+00   1.293994e+07   8840s
  474863    1.2470041e+08   0.000000e+00   1.198157e+06   6215s
  552868    1.3866839e+08   0.000000e+00   8.254244e+06   8847s
  553008    1.3866833e+08   0.000000e+00   8.495435e+06   8855s
  475013    1.2470033e+08   0.000000e+00   1.009468e+06   6232s
  553138    1.3866826e+08   0.000000e+00   1.793285e+07   8862s
  553248    1.3866819e+08   0.000000e+00   5.396613e+06   8870s
  553358    1.3866814e+08   0.000000e+00   1.097874e+07   8876s
  475163    1.2470026e+08   0.000000e+00   3.163401e+06   6252s
  553578    1.3866801e+08   0.000000e+00   6.008701e+06   8891s
Waiting for other threads to finish...        8885s
  553698    1.3866795e+08   0.000000e+00   4.764228e+07   8899s
  475313    1.2470018e+08   0.000000e+00   4.192770e+05   6273s
  553798    1.3866786e+08   0.000000e+00   7.771185e+06   8906s
  553908    1.3866780e+08   0.000000e+00   2.729595e+06   8913s
  475463    1.2470011e+08   0.000000e+00   1.195565e+06   6289s
  554038    1.3866774e+08   0.000000e+00   5.782037e+06   8921s
  554168    1.3866767e+08   0.000000e+00   2.749052e+06   8928s
  475623    1.2470004e+08   0.000000e+00   3.927296e+05   6306s
  554288    1.3866758e+08   0.000000e+00   2.748100e+06   8937s
  554428    1.3866749e+08   0.000000e+00   7.642630e+06   8946s
  475753    1.2469999e+08   0.000000e+00   3.053338e+05   6323s
  554558    1.3866740e+08   0.000000e+00   5.616345e+07   8954s
Waiting for other threads to finish...        8948s
  554678    1.3866732e+08   0.000000e+00   2.757516e+06   8962s
  475913    1.2469994e+08   0.000000e+00   7.422073e+05   6340s
  554788    1.3866723e+08   0.000000e+00   2.745671e+06   8970s
  554918    1.3866718e+08   0.000000e+00   2.440388e+06   8979s
  476063    1.2469991e+08   0.000000e+00   6.073810e+05   6357s
  555068    1.3866706e+08   0.000000e+00   5.834757e+06   8987s
  555188    1.3866700e+08   0.000000e+00   6.783261e+06   8995s
  555318    1.3866693e+08   0.000000e+00   2.502678e+06   9002s
  476213    1.2469987e+08   0.000000e+00   2.705492e+05   6374s
  555448    1.3866684e+08   0.000000e+00   7.375404e+06   9010s
  555568    1.3866676e+08   0.000000e+00   2.520334e+06   9018s
  476373    1.2469983e+08   0.000000e+00   3.760389e+05   6392s
Waiting for other threads to finish...        9011s
  555698    1.3866670e+08   0.000000e+00   2.534332e+06   9026s
  555828    1.3866664e+08   0.000000e+00   2.529846e+06   9035s
  476513    1.2469978e+08   0.000000e+00   2.672111e+05   6409s
  555968    1.3866655e+08   0.000000e+00   7.669150e+06   9044s
  556078    1.3866648e+08   0.000000e+00   1.056675e+07   9051s
  476633    1.2469975e+08   0.000000e+00   8.015628e+05   6426s
  556198    1.3866640e+08   0.000000e+00   2.854841e+06   9059s
  556328    1.3866634e+08   0.000000e+00   5.884047e+06   9068s
  476733    1.2469972e+08   0.000000e+00   1.907963e+06   6442s
  556448    1.3866623e+08   0.000000e+00   2.534298e+06   9076s
  556598    1.3866615e+08   0.000000e+00   5.731941e+06   9084s
  476833    1.2469970e+08   0.000000e+00   5.914056e+05   6457s
Waiting for other threads to finish...        9074s
  556718    1.3866604e+08   0.000000e+00   2.541759e+06   9092s
  556848    1.3866596e+08   0.000000e+00   5.901506e+06   9101s
  476943    1.2469967e+08   0.000000e+00   2.920009e+05   6474s
  556978    1.3866587e+08   0.000000e+00   6.648943e+06   9108s
  557108    1.3866580e+08   0.000000e+00   4.904407e+06   9116s
  477043    1.2469964e+08   0.000000e+00   5.411016e+05   6490s
  557268    1.3866580e+08   0.000000e+00   4.940178e+06   9123s
  557428    1.3866580e+08   0.000000e+00   4.904466e+06   9129s
  477153    1.2469961e+08   0.000000e+00   4.324915e+05   6507s
  557588    1.3866580e+08   0.000000e+00   4.904471e+06   9136s
  557748    1.3866580e+08   0.000000e+00   4.904536e+06   9143s
  557908    1.3866580e+08   0.000000e+00   4.904585e+06   9150s
Waiting for other threads to finish...        9137s
  477253    1.2469959e+08   0.000000e+00   1.718330e+06   6523s
  558058    1.3866580e+08   0.000000e+00   4.979327e+06   9156s
  558218    1.3866580e+08   0.000000e+00   4.904609e+06   9163s
  477353    1.2469956e+08   0.000000e+00   7.690370e+05   6539s
  558348    1.3866575e+08   0.000000e+00   1.083970e+07   9170s
  558478    1.3866570e+08   0.000000e+00   3.154252e+06   9178s
  477463    1.2469953e+08   0.000000e+00   3.543117e+05   6555s
  558608    1.3866563e+08   0.000000e+00   2.512522e+06   9186s
  558748    1.3866556e+08   0.000000e+00   7.004703e+06   9194s
  477563    1.2469950e+08   0.000000e+00   3.388414e+05   6571s
  558878    1.3866550e+08   0.000000e+00   9.708679e+06   9202s
  558998    1.3866541e+08   0.000000e+00   1.041882e+07   9210s
Waiting for other threads to finish...        9201s
  477663    1.2469947e+08   0.000000e+00   3.605582e+05   6587s
  559128    1.3866534e+08   0.000000e+00   3.458316e+06   9217s
  559228    1.3866528e+08   0.000000e+00   5.819032e+06   9226s
  477763    1.2469945e+08   0.000000e+00   8.345230e+05   6604s
  559348    1.3866522e+08   0.000000e+00   4.027716e+06   9234s
  559458    1.3866516e+08   0.000000e+00   4.567796e+06   9244s
  477913    1.2469942e+08   0.000000e+00   5.441602e+05   6622s
  559568    1.3866511e+08   0.000000e+00   5.473689e+06   9254s
  559708    1.3866506e+08   0.000000e+00   5.526612e+06   9264s
  478073    1.2469939e+08   0.000000e+00   3.537311e+05   6640s
  559858    1.3866502e+08   0.000000e+00   7.592873e+06   9274s
Waiting for other threads to finish...        9264s
  560038    1.3866497e+08   0.000000e+00   6.515715e+06   9284s
  478243    1.2469931e+08   0.000000e+00   1.766846e+07   6658s
  560198    1.3866491e+08   0.000000e+00   4.542741e+06   9294s
  478413    1.2469923e+08   0.000000e+00   1.773348e+07   6674s
  560358    1.3866484e+08   0.000000e+00   4.796515e+06   9303s
  560488    1.3866479e+08   0.000000e+00   3.524547e+06   9312s
  478583    1.2469916e+08   0.000000e+00   1.561420e+07   6689s
  560608    1.3866475e+08   0.000000e+00   6.153130e+06   9321s
  560728    1.3866472e+08   0.000000e+00   5.101799e+06   9329s
  478743    1.2469910e+08   0.000000e+00   1.488275e+07   6704s
  560848    1.3866467e+08   0.000000e+00   2.373283e+06   9338s
Waiting for other threads to finish...        9327s
  560958    1.3866462e+08   0.000000e+00   5.020851e+06   9347s
  478913    1.2469905e+08   0.000000e+00   1.500283e+07   6720s
  561088    1.3866457e+08   0.000000e+00   1.248553e+07   9355s
  479063    1.2469900e+08   0.000000e+00   1.465223e+07   6735s
  561208    1.3866454e+08   0.000000e+00   1.039128e+07   9364s
  561328    1.3866451e+08   0.000000e+00   3.762490e+06   9373s
  479233    1.2469893e+08   0.000000e+00   1.689225e+07   6751s
  561458    1.3866446e+08   0.000000e+00   6.283237e+06   9382s
  561598    1.3866443e+08   0.000000e+00   4.279895e+06   9391s
  479403    1.2469888e+08   0.000000e+00   1.460696e+07   6767s
  561718    1.3866441e+08   0.000000e+00   3.706233e+06   9401s
Waiting for other threads to finish...        9390s
  561838    1.3866438e+08   0.000000e+00   5.745496e+07   9410s
  479573    1.2469882e+08   0.000000e+00   1.469663e+07   6783s
  561968    1.3866433e+08   0.000000e+00   3.605755e+06   9419s
  479733    1.2469877e+08   0.000000e+00   1.463408e+07   6798s
  562068    1.3866418e+08   0.000000e+00   4.065310e+06   9428s
  562178    1.3866400e+08   0.000000e+00   4.925109e+06   9439s
  479893    1.2469872e+08   0.000000e+00   1.455791e+07   6813s
  562338    1.3866385e+08   0.000000e+00   3.504013e+07   9448s
  562468    1.3866368e+08   0.000000e+00   4.699891e+06   9457s
  480053    1.2469868e+08   0.000000e+00   1.454669e+07   6829s
  562568    1.3866347e+08   0.000000e+00   5.622882e+06   9465s
Waiting for other threads to finish...        9453s
  562768    1.3866344e+08   0.000000e+00   6.349436e+07   9473s
  480223    1.2469863e+08   0.000000e+00   1.519396e+07   6845s
  562948    1.3866344e+08   0.000000e+00   6.327688e+07   9480s
  563118    1.3866344e+08   0.000000e+00   6.349436e+07   9487s
  480393    1.2469858e+08   0.000000e+00   1.465699e+07   6861s
  563278    1.3866344e+08   0.000000e+00   6.327688e+07   9494s
  563408    1.3866339e+08   0.000000e+00   3.661086e+07   9500s
  563558    1.3866339e+08   0.000000e+00   3.754893e+07   9507s
  480573    1.2469852e+08   0.000000e+00   1.393664e+07   6878s
  563708    1.3866338e+08   0.000000e+00   3.749952e+07   9513s
  563858    1.3866338e+08   0.000000e+00   3.712962e+07   9519s
  480743    1.2469846e+08   0.000000e+00   1.534198e+07   6894s
  564008    1.3866338e+08   0.000000e+00   3.730220e+07   9526s
Waiting for other threads to finish...        9516s
  564158    1.3866338e+08   0.000000e+00   3.982201e+07   9532s
  564308    1.3866338e+08   0.000000e+00   3.705531e+07   9538s
  480903    1.2469830e+08   0.000000e+00   1.463545e+07   6910s
  564458    1.3866338e+08   0.000000e+00   3.730174e+07   9544s
  564598    1.3866338e+08   0.000000e+00   8.605894e+06   9551s
  481053    1.2469816e+08   0.000000e+00   1.677304e+07   6926s
  564698    1.3866326e+08   0.000000e+00   7.316411e+06   9559s
  564808    1.3866314e+08   0.000000e+00   4.444211e+07   9568s
  481213    1.2469799e+08   0.000000e+00   1.754629e+07   6941s
  564908    1.3866305e+08   0.000000e+00   7.379235e+06   9576s
  481373    1.2469782e+08   0.000000e+00   1.331538e+07   6957s
Waiting for other threads to finish...        9580s
  565128    1.3866284e+08   0.000000e+00   1.165555e+08   9594s
  565248    1.3866271e+08   0.000000e+00   3.388039e+08   9602s
  481553    1.2469765e+08   0.000000e+00   1.701663e+07   6974s
  565348    1.3866258e+08   0.000000e+00   7.161483e+06   9609s
  565458    1.3866235e+08   0.000000e+00   7.037843e+06   9618s
  481703    1.2469749e+08   0.000000e+00   1.975626e+07   6991s
  565578    1.3866220e+08   0.000000e+00   6.779375e+06   9626s
  565748    1.3866216e+08   0.000000e+00   6.769759e+06   9635s
  481873    1.2469732e+08   0.000000e+00   2.367818e+07   7008s
  565908    1.3866204e+08   0.000000e+00   1.978098e+08   9644s
  566038    1.3866192e+08   0.000000e+00   1.304033e+08   9652s
  482003    1.2469714e+08   0.000000e+00   4.853682e+07   7024s
Waiting for other threads to finish...        9643s
  566138    1.3866178e+08   0.000000e+00   4.616613e+06   9660s
  566258    1.3866162e+08   0.000000e+00   4.558606e+06   9668s
  482133    1.2469682e+08   0.000000e+00   1.870177e+06   7041s
  566418    1.3866152e+08   0.000000e+00   4.524476e+06   9676s
  566558    1.3866127e+08   0.000000e+00   4.516954e+06   9685s
  482263    1.2469653e+08   0.000000e+00   4.405334e+07   7059s
  566708    1.3866113e+08   0.000000e+00   3.327578e+07   9694s
  566818    1.3866098e+08   0.000000e+00   4.385608e+06   9702s
  482403    1.2469618e+08   0.000000e+00   4.385011e+07   7077s
  566948    1.3866076e+08   0.000000e+00   3.495358e+07   9711s
  567068    1.3866063e+08   0.000000e+00   2.115972e+07   9718s
Waiting for other threads to finish...        9706s
  482533    1.2469584e+08   0.000000e+00   4.738530e+07   7094s
  567168    1.3866050e+08   0.000000e+00   2.036950e+07   9725s
  567278    1.3866038e+08   0.000000e+00   4.512757e+06   9733s
  482673    1.2469541e+08   0.000000e+00   1.228908e+06   7111s
  567418    1.3866034e+08   0.000000e+00   4.505109e+06   9740s
  567538    1.3866025e+08   0.000000e+00   4.466982e+06   9750s
  567678    1.3866017e+08   0.000000e+00   2.966552e+07   9758s
  482833    1.2469505e+08   0.000000e+00   1.266735e+06   7131s
  567808    1.3866004e+08   0.000000e+00   3.297836e+07   9766s
  567918    1.3865995e+08   0.000000e+00   2.857550e+07   9773s
  568028    1.3865984e+08   0.000000e+00   4.396581e+06   9780s
  483003    1.2469460e+08   0.000000e+00   3.670286e+07   7151s
Waiting for other threads to finish...        9769s
  568158    1.3865973e+08   0.000000e+00   4.319883e+06   9788s
  568308    1.3865964e+08   0.000000e+00   2.841879e+07   9796s
  483103    1.2469455e+08   0.000000e+00   1.016166e+06   7168s
  568428    1.3865950e+08   0.000000e+00   4.571999e+06   9805s
  568568    1.3865940e+08   0.000000e+00   3.312274e+06   9813s
  483223    1.2469452e+08   0.000000e+00   5.332713e+05   7185s
  568708    1.3865933e+08   0.000000e+00   3.130018e+06   9822s
  568848    1.3865922e+08   0.000000e+00   2.606265e+07   9831s
  483363    1.2469450e+08   0.000000e+00   3.434398e+05   7203s
  568968    1.3865910e+08   0.000000e+00   4.033518e+06   9840s
Waiting for other threads to finish...        9832s
  569098    1.3865898e+08   0.000000e+00   4.022711e+06   9848s
  483463    1.2469448e+08   0.000000e+00   3.284408e+05   7220s
  569258    1.3865892e+08   0.000000e+00   4.299941e+07   9857s
  569378    1.3865880e+08   0.000000e+00   2.788506e+07   9865s
  483563    1.2469447e+08   0.000000e+00   6.911707e+05   7237s
  569478    1.3865869e+08   0.000000e+00   4.797779e+07   9873s
  569588    1.3865861e+08   0.000000e+00   4.099073e+06   9879s
  483663    1.2469445e+08   0.000000e+00   3.713930e+05   7253s
  569698    1.3865851e+08   0.000000e+00   3.586598e+07   9887s
  569808    1.3865837e+08   0.000000e+00   3.383076e+06   9895s
  483763    1.2469444e+08   0.000000e+00   1.508999e+06   7269s
  569928    1.3865827e+08   0.000000e+00   3.395539e+06   9904s
Waiting for other threads to finish...        9895s
  570058    1.3865812e+08   0.000000e+00   3.060506e+07   9913s
  483873    1.2469442e+08   0.000000e+00   2.076933e+05   7287s
  570158    1.3865803e+08   0.000000e+00   3.337686e+06   9920s
  570288    1.3865790e+08   0.000000e+00   3.010465e+06   9929s
  483973    1.2469441e+08   0.000000e+00   2.565402e+05   7303s
  570418    1.3865782e+08   0.000000e+00   2.810365e+06   9938s
  570558    1.3865773e+08   0.000000e+00   2.195484e+07   9947s
  484103    1.2469440e+08   0.000000e+00   5.967569e+05   7321s
  570678    1.3865764e+08   0.000000e+00   3.653416e+07   9955s
  570788    1.3865755e+08   0.000000e+00   4.118139e+07   9962s
  484213    1.2469438e+08   0.000000e+00   6.237648e+05   7338s
  570888    1.3865741e+08   0.000000e+00   2.675252e+06   9969s
Waiting for other threads to finish...        9959s
  571008    1.3865730e+08   0.000000e+00   2.710259e+06   9978s
  484313    1.2469436e+08   0.000000e+00   2.510693e+05   7355s
  571188    1.3865726e+08   0.000000e+00   2.881993e+06   9988s
  571358    1.3865725e+08   0.000000e+00   3.579458e+06   9997s
  484413    1.2469435e+08   0.000000e+00   2.627178e+05   7371s
  571528    1.3865725e+08   0.000000e+00   1.937524e+06  10005s
  571718    1.3865725e+08   0.000000e+00   1.850070e+06  10014s
  484513    1.2469434e+08   0.000000e+00   3.133653e+05   7388s
  571908    1.3865724e+08   0.000000e+00   2.106555e+06  10022s
  572088    1.3865724e+08   0.000000e+00   2.072413e+06  10031s
  484613    1.2469433e+08   0.000000e+00   3.166151e+05   7405s
Waiting for other threads to finish...       10022s
  572258    1.3865723e+08   0.000000e+00   1.996361e+06  10040s
  484713    1.2469430e+08   0.000000e+00   2.099958e+05   7421s
  572488    1.3865722e+08   0.000000e+00   1.968075e+06  10050s
  572618    1.3865720e+08   0.000000e+00   2.408631e+06  10061s
  484823    1.2469416e+08   0.000000e+00   2.761872e+07   7438s
  572738    1.3865718e+08   0.000000e+00   1.798806e+06  10071s
  572888    1.3865717e+08   0.000000e+00   2.001688e+06  10081s
  484953    1.2469392e+08   0.000000e+00   1.547722e+07   7454s
  573028    1.3865714e+08   0.000000e+00   2.809688e+06  10091s
Waiting for other threads to finish...       10085s
  485083    1.2469374e+08   0.000000e+00   2.499828e+07   7469s
  573158    1.3865712e+08   0.000000e+00   1.838135e+06  10101s
  573298    1.3865711e+08   0.000000e+00   3.694412e+06  10111s
  485243    1.2469364e+08   0.000000e+00   2.239770e+07   7484s
  573428    1.3865708e+08   0.000000e+00   2.191061e+06  10121s
  485373    1.2469351e+08   0.000000e+00   6.775141e+06   7500s
  573558    1.3865706e+08   0.000000e+00   1.751954e+06  10131s
  573688    1.3865704e+08   0.000000e+00   3.060072e+06  10141s
  485513    1.2469339e+08   0.000000e+00   2.379453e+07   7516s
  573808    1.3865691e+08   0.000000e+00   1.910368e+06  10152s
  485663    1.2469322e+08   0.000000e+00   2.450040e+07   7531s
Waiting for other threads to finish...       10148s
  574018    1.3865669e+08   0.000000e+00   4.379772e+06  10164s
  574158    1.3865653e+08   0.000000e+00   6.131912e+06  10174s
  485803    1.2469311e+08   0.000000e+00   1.312554e+07   7548s
  574308    1.3865641e+08   0.000000e+00   5.989255e+06  10183s
  485963    1.2469297e+08   0.000000e+00   6.001235e+06   7563s
  574468    1.3865634e+08   0.000000e+00   3.297769e+06  10192s
  574598    1.3865616e+08   0.000000e+00   3.821684e+06  10202s
  486113    1.2469291e+08   0.000000e+00   6.286953e+06   7578s
  574738    1.3865597e+08   0.000000e+00   2.964555e+06  10211s
  574888    1.3865581e+08   0.000000e+00   3.156513e+06  10221s
  486263    1.2469287e+08   0.000000e+00   6.314938e+06   7593s
Waiting for other threads to finish...       10211s
  575028    1.3865567e+08   0.000000e+00   3.105287e+06  10230s
  486413    1.2469282e+08   0.000000e+00   6.537185e+06   7609s
  575178    1.3865550e+08   0.000000e+00   3.173042e+06  10240s
  575328    1.3865531e+08   0.000000e+00   3.063219e+06  10250s
  486583    1.2469270e+08   0.000000e+00   5.592621e+06   7625s
  575468    1.3865519e+08   0.000000e+00   3.094665e+06  10260s
  486743    1.2469261e+08   0.000000e+00   5.935760e+06   7641s
  575608    1.3865498e+08   0.000000e+00   2.399063e+06  10270s
  575758    1.3865486e+08   0.000000e+00   2.391147e+06  10280s
  486923    1.2469259e+08   0.000000e+00   5.956072e+06   7657s
Waiting for other threads to finish...       10275s
  575888    1.3865472e+08   0.000000e+00   4.365625e+07  10289s
  576008    1.3865454e+08   0.000000e+00   1.372915e+08  10297s
  487073    1.2469251e+08   0.000000e+00   1.037118e+07   7673s
  576128    1.3865438e+08   0.000000e+00   2.944746e+08  10305s
  487213    1.2469233e+08   0.000000e+00   5.843907e+06   7688s
  576348    1.3865416e+08   0.000000e+00   3.056156e+06  10320s
  576478    1.3865400e+08   0.000000e+00   2.990690e+06  10329s
  487353    1.2469211e+08   0.000000e+00   7.825456e+06   7704s
  576608    1.3865381e+08   0.000000e+00   3.336758e+08  10338s
  576748    1.3865373e+08   0.000000e+00   3.729977e+08  10346s
  487493    1.2469194e+08   0.000000e+00   6.935862e+06   7720s
Waiting for other threads to finish...       10338s
  576898    1.3865373e+08   0.000000e+00   3.729977e+08  10353s
  577038    1.3865373e+08   0.000000e+00   4.309952e+08  10359s
  487633    1.2469180e+08   0.000000e+00   4.885981e+06   7736s
  577178    1.3865373e+08   0.000000e+00   3.970261e+08  10365s
  577308    1.3865373e+08   0.000000e+00   3.970259e+08  10371s
  577438    1.3865373e+08   0.000000e+00   3.970255e+08  10377s
  487783    1.2469174e+08   0.000000e+00   1.587220e+07   7752s
  577568    1.3865373e+08   0.000000e+00   3.970250e+08  10383s
  577698    1.3865373e+08   0.000000e+00   3.970384e+08  10389s
  577828    1.3865373e+08   0.000000e+00   4.039527e+08  10395s
  487943    1.2469172e+08   0.000000e+00   7.096960e+06   7768s
  577958    1.3865373e+08   0.000000e+00   4.039524e+08  10401s
  578088    1.3865372e+08   0.000000e+00   4.495404e+08  10407s
  488113    1.2469165e+08   0.000000e+00   5.597165e+06   7784s
  578188    1.3865360e+08   0.000000e+00   5.007626e+06  10414s
Waiting for other threads to finish...       10401s
  578308    1.3865347e+08   0.000000e+00   4.940101e+06  10422s
  488273    1.2469159e+08   0.000000e+00   4.374503e+06   7800s
  578468    1.3865342e+08   0.000000e+00   2.070761e+09  10431s
  578618    1.3865340e+08   0.000000e+00   1.842350e+09  10438s
  578768    1.3865340e+08   0.000000e+00   1.840189e+09  10445s
  488433    1.2469152e+08   0.000000e+00   3.747877e+06   7816s
  578908    1.3865340e+08   0.000000e+00   1.840189e+09  10451s
  579048    1.3865340e+08   0.000000e+00   1.849871e+09  10457s
  488603    1.2469148e+08   0.000000e+00   7.664143e+06   7832s
  579178    1.3865340e+08   0.000000e+00   1.833633e+09  10463s
  579318    1.3865340e+08   0.000000e+00   1.807031e+09  10469s
  488703    1.2469148e+08   0.000000e+00   7.910157e+06   7841s
  579438    1.3865340e+08   0.000000e+00   2.164134e+09  10475s
Waiting for other threads to finish...       10464s
  488873    1.2469146e+08   0.000000e+00   6.538386e+06   7857s
  579628    1.3865340e+08   0.000000e+00   4.769193e+06  10491s
  579748    1.3865340e+08   0.000000e+00   3.219919e+06  10501s
  489043    1.2469142e+08   0.000000e+00   6.561452e+06   7873s
  579868    1.3865340e+08   0.000000e+00   3.034684e+06  10511s
  489203    1.2469139e+08   0.000000e+00   6.447799e+06   7889s
  579998    1.3865340e+08   0.000000e+00   6.194894e+06  10522s
  580128    1.3865340e+08   0.000000e+00   4.507097e+06  10532s
  489363    1.2469134e+08   0.000000e+00   1.431550e+06   7905s
Waiting for other threads to finish...       10527s
  580258    1.3865340e+08   0.000000e+00   3.229246e+06  10542s
  489543    1.2469128e+08   0.000000e+00   1.343067e+06   7922s
  580378    1.3865339e+08   0.000000e+00   6.317195e+06  10553s
  489723    1.2469124e+08   0.000000e+00   7.819942e+06   7938s
  580548    1.3865336e+08   0.000000e+00   2.196995e+06  10574s
  489883    1.2469120e+08   0.000000e+00   6.060195e+06   7954s
  580658    1.3865334e+08   0.000000e+00   1.895695e+06  10585s
  580798    1.3865332e+08   0.000000e+00   2.052550e+06  10597s
  490043    1.2469117e+08   0.000000e+00   6.314714e+06   7970s
Waiting for other threads to finish...       10590s
  580918    1.3865330e+08   0.000000e+00   1.771227e+06  10607s
  490193    1.2469113e+08   0.000000e+00   7.111403e+05   7984s
  581038    1.3865328e+08   0.000000e+00   3.164735e+06  10617s
  581158    1.3865326e+08   0.000000e+00   1.457913e+06  10628s
  490323    1.2469097e+08   0.000000e+00   2.011495e+07   8000s
  581278    1.3865323e+08   0.000000e+00   1.933953e+06  10638s
  490473    1.2469087e+08   0.000000e+00   2.633072e+07   8016s
  581398    1.3865321e+08   0.000000e+00   2.912673e+06  10648s
  581518    1.3865319e+08   0.000000e+00   1.156814e+06  10659s
  490613    1.2469078e+08   0.000000e+00   2.757766e+07   8031s
Waiting for other threads to finish...       10654s
  581648    1.3865317e+08   0.000000e+00   1.723795e+06  10670s
  490733    1.2469066e+08   0.000000e+00   2.731634e+07   8046s
  581748    1.3865316e+08   0.000000e+00   1.118489e+06  10681s
  490863    1.2469055e+08   0.000000e+00   1.867926e+07   8060s
  581848    1.3865314e+08   0.000000e+00   2.048483e+06  10692s
  490993    1.2469050e+08   0.000000e+00   1.705306e+07   8075s
  582038    1.3865311e+08   0.000000e+00   1.380720e+06  10714s
  491153    1.2469040e+08   0.000000e+00   1.603840e+07   8091s
Waiting for other threads to finish...       10717s
  582218    1.3865309e+08   0.000000e+00   1.105977e+06  10735s
  491303    1.2469032e+08   0.000000e+00   1.621655e+07   8107s
  582318    1.3865307e+08   0.000000e+00   9.733810e+05  10745s
  491433    1.2469020e+08   0.000000e+00   2.036000e+07   8123s
  582498    1.3865305e+08   0.000000e+00   1.372569e+06  10766s
  491563    1.2468999e+08   0.000000e+00   9.882155e+06   8141s
  491703    1.2468983e+08   0.000000e+00   1.272122e+07   8157s
  582678    1.3865302e+08   0.000000e+00   1.429031e+06  10789s
Waiting for other threads to finish...       10780s
  491843    1.2468969e+08   0.000000e+00   1.245863e+07   8173s
  582868    1.3865299e+08   0.000000e+00   1.150263e+06  10812s
  492023    1.2468969e+08   0.000000e+00   1.914909e+07   8189s
  582998    1.3865297e+08   0.000000e+00   2.267496e+06  10823s
  492193    1.2468967e+08   0.000000e+00   1.283974e+06   8205s
  583128    1.3865296e+08   0.000000e+00   1.048029e+06  10834s
  583248    1.3865294e+08   0.000000e+00   1.773010e+06  10845s
  492303    1.2468944e+08   0.000000e+00   9.352646e+05   8220s
  583368    1.3865292e+08   0.000000e+00   2.239665e+06  10856s
Waiting for other threads to finish...       10843s
  492423    1.2468927e+08   0.000000e+00   9.514705e+05   8236s
  583488    1.3865290e+08   0.000000e+00   1.393978e+06  10867s
  583628    1.3865286e+08   0.000000e+00   2.219229e+06  10879s
  492533    1.2468905e+08   0.000000e+00   9.340521e+05   8253s
  492673    1.2468889e+08   0.000000e+00   7.944078e+06   8269s
  583798    1.3865283e+08   0.000000e+00   4.875229e+06  10901s
  583928    1.3865283e+08   0.000000e+00   4.696927e+06  10912s
  492813    1.2468873e+08   0.000000e+00   1.585364e+07   8285s
Waiting for other threads to finish...       10906s
  584068    1.3865283e+08   0.000000e+00   4.595206e+06  10924s
  492953    1.2468859e+08   0.000000e+00   1.441925e+07   8302s
  584188    1.3865281e+08   0.000000e+00   2.337949e+06  10935s
  584308    1.3865279e+08   0.000000e+00   1.613924e+06  10946s
  493123    1.2468852e+08   0.000000e+00   1.681160e+07   8319s
  584438    1.3865277e+08   0.000000e+00   2.079064e+06  10957s
  493273    1.2468841e+08   0.000000e+00   1.015486e+07   8335s
  584548    1.3865274e+08   0.000000e+00   1.364489e+06  10968s
  584668    1.3865272e+08   0.000000e+00   2.707617e+07  10978s
  493403    1.2468826e+08   0.000000e+00   1.388692e+07   8350s
Waiting for other threads to finish...       10970s
  493533    1.2468812e+08   0.000000e+00   9.403037e+06   8366s
  584848    1.3865268e+08   0.000000e+00   2.019764e+06  11001s
  493663    1.2468803e+08   0.000000e+00   1.017216e+07   8381s
  585028    1.3865264e+08   0.000000e+00   4.155341e+06  11023s
  493803    1.2468792e+08   0.000000e+00   1.085447e+07   8397s
  493933    1.2468782e+08   0.000000e+00   1.002520e+07   8412s
Waiting for other threads to finish...       11033s
  585218    1.3865261e+08   0.000000e+00   4.037643e+06  11047s
  494083    1.2468772e+08   0.000000e+00   4.508297e+05   8429s
  585418    1.3865256e+08   0.000000e+00   2.027714e+06  11070s
  494223    1.2468753e+08   0.000000e+00   2.689345e+07   8447s
  585528    1.3865252e+08   0.000000e+00   6.501092e+06  11081s
  494363    1.2468746e+08   0.000000e+00   1.003948e+05   8464s
  585718    1.3865248e+08   0.000000e+00   1.824433e+06  11103s
Waiting for other threads to finish...       11096s
  494513    1.2468746e+08   0.000000e+00   2.185268e+05   8483s
  585888    1.3865244e+08   0.000000e+00   1.826769e+06  11124s
  494673    1.2468745e+08   0.000000e+00   4.730811e+04   8500s
  585988    1.3865242e+08   0.000000e+00   6.887783e+06  11135s
  494823    1.2468744e+08   0.000000e+00   4.110342e+04   8517s
  586098    1.3865241e+08   0.000000e+00   1.040731e+07  11146s
  586228    1.3865240e+08   0.000000e+00   1.756038e+06  11158s
  494983    1.2468743e+08   0.000000e+00   5.387600e+04   8535s
  586348    1.3865238e+08   0.000000e+00   2.652646e+06  11169s
  495083    1.2468743e+08   0.000000e+00   4.057516e+04   8543s
Waiting for other threads to finish...       11159s
  586468    1.3865234e+08   0.000000e+00   1.975564e+06  11179s
  495253    1.2468742e+08   0.000000e+00   3.410019e+04   8561s
  586578    1.3865232e+08   0.000000e+00   2.204720e+06  11190s
  495353    1.2468741e+08   0.000000e+00   5.656360e+04   8570s
  586698    1.3865228e+08   0.000000e+00   1.821933e+06  11201s
  586818    1.3865225e+08   0.000000e+00   1.988308e+06  11212s
  495503    1.2468741e+08   0.000000e+00   2.716763e+04   8588s
  586938    1.3865221e+08   0.000000e+00   1.868163e+06  11224s
  495663    1.2468740e+08   0.000000e+00   5.728393e+04   8606s
Waiting for other threads to finish...       11222s
  587058    1.3865217e+08   0.000000e+00   1.667045e+06  11236s
  587178    1.3865217e+08   0.000000e+00   1.947107e+06  11247s
  495833    1.2468739e+08   0.000000e+00   4.444556e+04   8623s
  587298    1.3865214e+08   0.000000e+00   1.354477e+06  11258s
  496013    1.2468738e+08   0.000000e+00   3.470160e+04   8640s
  587418    1.3865211e+08   0.000000e+00   3.023541e+06  11269s
  587548    1.3865207e+08   0.000000e+00   2.752299e+06  11282s
  496193    1.2468737e+08   0.000000e+00   2.895609e+04   8658s
  587678    1.3865204e+08   0.000000e+00   2.369540e+06  11294s
Waiting for other threads to finish...       11285s
  496363    1.2468736e+08   0.000000e+00   2.663643e+04   8676s
  587798    1.3865202e+08   0.000000e+00   2.186975e+06  11305s
  587928    1.3865198e+08   0.000000e+00   2.158128e+06  11318s
  496523    1.2468736e+08   0.000000e+00   4.348814e+04   8693s
  588038    1.3865194e+08   0.000000e+00   3.843535e+06  11329s
  496683    1.2468735e+08   0.000000e+00   3.497837e+04   8710s
  588168    1.3865190e+08   0.000000e+00   2.764350e+06  11341s
  588298    1.3865189e+08   0.000000e+00   5.737608e+06  11353s
  496843    1.2468735e+08   0.000000e+00   3.405415e+04   8726s
Waiting for other threads to finish...       11349s
  588428    1.3865189e+08   0.000000e+00   4.979768e+06  11364s
  496943    1.2468734e+08   0.000000e+00   3.615923e+04   8735s
  497043    1.2468734e+08   0.000000e+00   2.580149e+04   8744s
  588538    1.3865187e+08   0.000000e+00   2.332874e+06  11375s
  588658    1.3865184e+08   0.000000e+00   2.546817e+06  11387s
  497213    1.2468733e+08   0.000000e+00   2.826277e+04   8762s
  588778    1.3865180e+08   0.000000e+00   2.596333e+06  11398s
  497383    1.2468732e+08   0.000000e+00   3.081359e+04   8779s
  588888    1.3865178e+08   0.000000e+00   3.269657e+06  11410s
  589008    1.3865176e+08   0.000000e+00   2.162653e+06  11421s
Waiting for other threads to finish...       11412s
  497543    1.2468732e+08   0.000000e+00   3.313930e+04   8796s
  589128    1.3865173e+08   0.000000e+00   3.278488e+06  11432s
  497703    1.2468731e+08   0.000000e+00   3.110283e+04   8813s
  589248    1.3865169e+08   0.000000e+00   3.027563e+06  11444s
  589378    1.3865164e+08   0.000000e+00   2.204574e+06  11455s
  497873    1.2468731e+08   0.000000e+00   2.850083e+04   8831s
  589498    1.3865160e+08   0.000000e+00   2.382256e+06  11467s
  498043    1.2468730e+08   0.000000e+00   5.513478e+04   8848s
  589618    1.3865155e+08   0.000000e+00   1.918897e+06  11478s
Waiting for other threads to finish...       11475s
  589738    1.3865150e+08   0.000000e+00   2.120805e+06  11489s
  498213    1.2468730e+08   0.000000e+00   2.122768e+04   8865s
  589858    1.3865144e+08   0.000000e+00   3.742940e+06  11500s
  498373    1.2468729e+08   0.000000e+00   3.389558e+04   8883s
  589988    1.3865140e+08   0.000000e+00   2.255024e+06  11512s
  590108    1.3865136e+08   0.000000e+00   2.921983e+06  11523s
  498533    1.2468729e+08   0.000000e+00   6.745850e+04   8900s
  590318    1.3865129e+08   0.000000e+00   1.467091e+06  11544s
  498693    1.2468728e+08   0.000000e+00   6.727940e+04   8916s
Waiting for other threads to finish...       11538s
  590438    1.3865127e+08   0.000000e+00   6.839337e+06  11555s
  498833    1.2468728e+08   0.000000e+00   9.678332e+04   8933s
  590568    1.3865127e+08   0.000000e+00   6.839319e+06  11566s
  498973    1.2468727e+08   0.000000e+00   1.656391e+05   8949s
  590688    1.3865124e+08   0.000000e+00   4.412390e+06  11578s
  499073    1.2468721e+08   0.000000e+00   5.051931e+04   8958s
  590808    1.3865121e+08   0.000000e+00   1.959481e+06  11590s
  590928    1.3865114e+08   0.000000e+00   2.715123e+06  11601s
  499213    1.2468721e+08   0.000000e+00   1.264711e+05   8974s
  591058    1.3865109e+08   0.000000e+00   2.096298e+06  11613s
Waiting for other threads to finish...       11601s
  499313    1.2468720e+08   0.000000e+00   7.212536e+04   8991s
  591178    1.3865105e+08   0.000000e+00   1.988073e+06  11624s
  591308    1.3865101e+08   0.000000e+00   1.671255e+06  11635s
  499433    1.2468720e+08   0.000000e+00   1.022018e+06   9008s
  591428    1.3865095e+08   0.000000e+00   2.198987e+06  11647s
  591548    1.3865090e+08   0.000000e+00   2.845051e+06  11658s
  499563    1.2468719e+08   0.000000e+00   4.087647e+05   9032s
  591668    1.3865084e+08   0.000000e+00   1.153884e+07  11669s
Waiting for other threads to finish...       11664s
  499663    1.2468719e+08   0.000000e+00   4.995390e+04   9049s
  591788    1.3865081e+08   0.000000e+00   1.963478e+06  11680s
  591908    1.3865077e+08   0.000000e+00   1.678668e+06  11691s
  592028    1.3865074e+08   0.000000e+00   2.700185e+06  11703s
  499803    1.2468718e+08   0.000000e+00   9.049379e+04   9074s
  592128    1.3865071e+08   0.000000e+00   3.381928e+06  11713s
  499953    1.2468717e+08   0.000000e+00   8.276202e+04   9090s
  592298    1.3865063e+08   0.000000e+00   2.222374e+06  11735s
  500113    1.2468716e+08   0.000000e+00   1.200707e+04   9107s
Waiting for other threads to finish...       11728s
  500213    1.2468713e+08   0.000000e+00   5.798525e+03   9117s
  592458    1.3865056e+08   0.000000e+00   1.944029e+06  11757s
  500353    1.2468710e+08   0.000000e+00   1.045802e+04   9134s
  500483    1.2468708e+08   0.000000e+00   1.047484e+04   9151s
  592608    1.3865051e+08   0.000000e+00   2.615670e+06  11780s
  500603    1.2468707e+08   0.000000e+00   7.434832e+03   9167s
  592768    1.3865045e+08   0.000000e+00   1.824127e+06  11802s
Waiting for other threads to finish...       11791s
  500733    1.2468705e+08   0.000000e+00   1.451749e+04   9184s
  592908    1.3865040e+08   0.000000e+00   1.950020e+06  11823s
  500873    1.2468704e+08   0.000000e+00   4.424863e+03   9201s
  593018    1.3865040e+08   0.000000e+00   2.155165e+07  11833s
  501003    1.2468703e+08   0.000000e+00   3.118869e+03   9211s
  593138    1.3865040e+08   0.000000e+00   2.155162e+07  11844s
  501143    1.2468701e+08   0.000000e+00   3.046378e+03   9221s
  593258    1.3865040e+08   0.000000e+00   2.146915e+07  11855s
  501273    1.2468700e+08   0.000000e+00   3.249682e+03   9231s
  593368    1.3865037e+08   0.000000e+00   2.383072e+06  11865s
Waiting for other threads to finish...       11854s
  501393    1.2468699e+08   0.000000e+00   3.558673e+03   9240s
  593478    1.3865033e+08   0.000000e+00   3.130052e+06  11876s
  501523    1.2468699e+08   0.000000e+00   2.973392e+03   9250s
  593598    1.3865028e+08   0.000000e+00   1.205319e+07  11888s
  501653    1.2468697e+08   0.000000e+00   3.156153e+03   9260s
  593708    1.3865025e+08   0.000000e+00   3.463509e+06  11899s
  501793    1.2468697e+08   0.000000e+00   3.156696e+03   9270s
  593818    1.3865021e+08   0.000000e+00   5.373118e+06  11909s
  501953    1.2468697e+08   0.000000e+00   6.020945e+03   9287s
  593928    1.3865018e+08   0.000000e+00   2.255887e+06  11920s
Waiting for other threads to finish...       11917s
  594048    1.3865014e+08   0.000000e+00   1.781996e+06  11931s
  502173    1.2468697e+08   0.000000e+00   5.841825e+03   9304s
  594158    1.3865011e+08   0.000000e+00   2.611287e+06  11943s
  502323    1.2468696e+08   0.000000e+00   1.206623e+04   9321s
  594278    1.3865009e+08   0.000000e+00   1.210652e+07  11954s
  594388    1.3865004e+08   0.000000e+00   4.786531e+06  11965s
  502653    1.2468694e+08   0.000000e+00   1.548393e+04   9336s
  594498    1.3864998e+08   0.000000e+00   1.106864e+07  11976s
  502813    1.2468694e+08   0.000000e+00   2.018764e+05   9353s
  594608    1.3864994e+08   0.000000e+00   2.783950e+06  11987s
Waiting for other threads to finish...       11980s
  594718    1.3864989e+08   0.000000e+00   3.712520e+06  11998s
  502943    1.2468693e+08   0.000000e+00   5.297944e+03   9370s
  503073    1.2468692e+08   0.000000e+00   1.913611e+03   9379s
  594828    1.3864984e+08   0.000000e+00   9.041353e+06  12009s
  503203    1.2468692e+08   0.000000e+00   1.334217e+03   9388s
  594938    1.3864981e+08   0.000000e+00   8.408042e+06  12021s
  503393    1.2468692e+08   0.000000e+00   1.181648e+03   9397s
  595068    1.3864976e+08   0.000000e+00   1.790080e+06  12034s
  503543    1.2468691e+08   0.000000e+00   1.106145e+03   9406s
  503653    1.2468691e+08   0.000000e+00   1.235107e+03   9415s
  595198    1.3864971e+08   0.000000e+00   4.797546e+06  12046s
  503763    1.2468691e+08   0.000000e+00   1.099497e+03   9423s
Waiting for other threads to finish...       12043s
  595318    1.3864967e+08   0.000000e+00   2.853343e+06  12058s
  503873    1.2468690e+08   0.000000e+00   1.088119e+03   9432s
  595438    1.3864961e+08   0.000000e+00   2.303109e+06  12069s
  504033    1.2468690e+08   0.000000e+00   1.067939e+03   9443s
  595558    1.3864957e+08   0.000000e+00   2.297816e+06  12081s
  504173    1.2468690e+08   0.000000e+00   1.029095e+03   9452s
  504503    1.2468689e+08   0.000000e+00   8.741258e+02   9459s
  595678    1.3864953e+08   0.000000e+00   2.614020e+06  12093s
  504923    1.2468687e+08   0.000000e+00   8.103008e+02   9464s
  505113    1.2468687e+08   0.000000e+00   7.952710e+02   9473s
  595778    1.3864950e+08   0.000000e+00   4.844678e+06  12104s
  505253    1.2468686e+08   0.000000e+00   7.033807e+02   9483s
Waiting for other threads to finish...       12107s
  505393    1.2468685e+08   0.000000e+00   6.841727e+02   9492s
  595958    1.3864946e+08   0.000000e+00   4.445278e+06  12127s
  505593    1.2468685e+08   0.000000e+00   6.387902e+02   9500s
  505763    1.2468684e+08   0.000000e+00   1.106986e+03   9510s
  505933    1.2468684e+08   0.000000e+00   8.828420e+02   9519s
  596128    1.3864940e+08   0.000000e+00   2.488395e+06  12150s
  506213    1.2468683e+08   0.000000e+00   1.777415e+03   9526s
  506543    1.2468683e+08   0.000000e+00   7.556816e+02   9532s
  506853    1.2468682e+08   0.000000e+00   7.379280e+02   9538s
  507423    1.2468681e+08   0.000000e+00   7.468641e+02   9542s
  596298    1.3864935e+08   0.000000e+00   5.993807e+06  12174s
  508043    1.2468681e+08   0.000000e+00   7.403342e+02   9546s
  508173    1.2468681e+08   0.000000e+00   6.822652e+02   9553s
Waiting for other threads to finish...       12170s
  596398    1.3864933e+08   0.000000e+00   1.003903e+07  12187s
  508363    1.2468681e+08   0.000000e+00   5.740382e+02   9568s
  508503    1.2468681e+08   0.000000e+00   4.938456e+02   9575s
  596578    1.3864926e+08   0.000000e+00   1.797096e+06  12211s
  508733    1.2468680e+08   0.000000e+00   7.091126e+02   9590s
  508963    1.2468680e+08   0.000000e+00   5.911260e+02   9597s
  509113    1.2468680e+08   0.000000e+00   7.667500e+02   9605s
  596758    1.3864920e+08   0.000000e+00   2.068149e+06  12235s
  509453    1.2468680e+08   0.000000e+00   4.985658e+02   9611s
Waiting for other threads to finish...       12233s
  509723    1.2468679e+08   0.000000e+00   1.994116e+02   9619s
  510003    1.2468679e+08   0.000000e+00   1.644904e+02   9626s
  596938    1.3864913e+08   0.000000e+00   2.180031e+06  12260s
  510283    1.2468679e+08   0.000000e+00   1.552403e+02   9633s
  510473    1.2468679e+08   0.000000e+00   1.481607e+02   9642s
  510673    1.2468678e+08   0.000000e+00   1.315707e+02   9649s
  597118    1.3864907e+08   0.000000e+00   7.651862e+06  12284s
  510983    1.2468678e+08   0.000000e+00   1.145662e+02   9656s
  511213    1.2468678e+08   0.000000e+00   9.131092e+01   9663s
  597218    1.3864903e+08   0.000000e+00   2.078972e+06  12297s
  511403    1.2468678e+08   0.000000e+00   1.404169e+02   9671s
  511543    1.2468678e+08   0.000000e+00   1.518788e+02   9680s
Waiting for other threads to finish...       12296s
  511673    1.2468678e+08   0.000000e+00   9.465168e+01   9690s
  597408    1.3864899e+08   0.000000e+00   1.851300e+06  12321s
  511843    1.2468677e+08   0.000000e+00   6.699927e+01   9698s
  597528    1.3864895e+08   0.000000e+00   3.791352e+06  12333s
  512063    1.2468677e+08   0.000000e+00   5.848208e+01   9706s
  512243    1.2468677e+08   0.000000e+00   5.299557e+01   9716s
  597668    1.3864895e+08   0.000000e+00   2.817086e+06  12346s
  512413    1.2468677e+08   0.000000e+00   4.777566e+01   9724s
  597808    1.3864895e+08   0.000000e+00   2.821207e+06  12358s
  512543    1.2468677e+08   0.000000e+00   4.399370e+01   9734s
  512803    1.2468677e+08   0.000000e+00   3.927128e+01   9742s
  597948    1.3864895e+08   0.000000e+00   2.795312e+06  12371s
Waiting for other threads to finish...       12359s
  513073    1.2468676e+08   0.000000e+00   3.453858e+01   9749s
  598088    1.3864895e+08   0.000000e+00   2.311531e+06  12383s
  513293    1.2468676e+08   0.000000e+00   3.075703e+01   9757s
  513493    1.2468676e+08   0.000000e+00   2.788298e+01   9765s
  598228    1.3864895e+08   0.000000e+00   1.889451e+06  12396s
  513763    1.2468676e+08   0.000000e+00   2.504275e+01   9771s
  515023    1.2468675e+08   0.000000e+00   1.033130e+02   9776s
  598368    1.3864895e+08   0.000000e+00   1.741043e+06  12408s
  516163    1.2468674e+08   0.000000e+00   6.995074e+01   9783s
  516783    1.2468674e+08   0.000000e+00   6.482442e+01   9787s
  598498    1.3864895e+08   0.000000e+00   1.714509e+06  12420s
  517023    1.2468674e+08   0.000000e+00   6.350683e+01   9795s
  517653    1.2468674e+08   0.000000e+00   3.573647e+01   9798s
  518433    1.2468674e+08   0.000000e+00   1.527962e+01   9800s
  598628    1.3864895e+08   0.000000e+00   2.177786e+06  12432s
Waiting for other threads to finish...       12422s
  519483    1.2468674e+08   0.000000e+00   2.432381e+00   9809s
  520003    1.2468674e+08   0.000000e+00   3.664934e+00   9814s
  598768    1.3864895e+08   0.000000e+00   1.818913e+06  12444s
  520583    1.2468674e+08   0.000000e+00   1.172289e+01   9818s
  521165    1.2468674e+08   0.000000e+00   2.092650e+01   9821s
  521675    1.2468674e+08   0.000000e+00   6.104378e+00   9826s
  598898    1.3864895e+08   0.000000e+00   1.712862e+06  12456s
  521958    1.2468674e+08   0.000000e+00   5.814015e+00   9834s
  599038    1.3864895e+08   0.000000e+00   1.713667e+06  12469s
  522248    1.2468674e+08   0.000000e+00   7.228918e-01   9842s
  522438    1.2468674e+08   0.000000e+00   6.244340e-01   9851s
  599178    1.3864895e+08   0.000000e+00   1.713753e+06  12481s
  522789    1.2468674e+08   0.000000e+00   4.059022e-01   9858s
  523239    1.2468674e+08   0.000000e+00   1.672086e-01   9864s
  599318    1.3864895e+08   0.000000e+00   1.765319e+06  12494s
Waiting for other threads to finish...       12486s
  523669    1.2468674e+08   0.000000e+00   9.441535e-02   9870s
  524099    1.2468674e+08   0.000000e+00   5.134102e-02   9876s
  599438    1.3864890e+08   0.000000e+00   3.268038e+06  12507s
  524579    1.2468674e+08   0.000000e+00   1.229984e-02   9881s
  526177    1.2468674e+08   0.000000e+00   1.786063e-03   9886s
  528110    1.2471869e+08   3.256958e+04   0.000000e+00   9897s
  599648    1.3864882e+08   0.000000e+00   3.672053e+06  12531s
  528940    1.2471969e+08   4.612585e+05   0.000000e+00   9908s
  529770    1.2472015e+08   4.581881e+05   0.000000e+00   9920s
  599818    1.3864874e+08   0.000000e+00   3.276204e+06  12554s
  530600    1.2472048e+08   4.548771e+05   0.000000e+00   9925s
Waiting for other threads to finish...       12549s
  599918    1.3864871e+08   0.000000e+00   3.268687e+06  12565s
  530880    1.2472057e+08   2.363359e+04   0.000000e+00   9940s
  531710    1.2472104e+08   6.155802e+04   0.000000e+00   9954s
  600078    1.3864866e+08   0.000000e+00   2.253357e+06  12586s
  532540    1.2472141e+08   5.795389e+04   0.000000e+00   9963s
  533370    1.2472158e+08   6.702478e+04   0.000000e+00   9971s
  600258    1.3864860e+08   0.000000e+00   2.367194e+06  12607s
  534200    1.2472167e+08   9.817921e+04   0.000000e+00   9984s
  600358    1.3864854e+08   0.000000e+00   3.059591e+06  12618s
Waiting for other threads to finish...       12612s
  534620    1.2472172e+08   4.863519e+04   0.000000e+00   9999s
  600508    1.3864849e+08   0.000000e+00   4.919104e+06  12639s
  535450    1.2472174e+08   2.768847e+04   0.000000e+00  10012s
  600608    1.3864847e+08   0.000000e+00   1.968072e+06  12650s
  536280    1.2472189e+08   2.453681e+04   0.000000e+00  10021s
  537110    1.2472200e+08   2.271253e+04   0.000000e+00  10031s
  537940    1.2472206e+08   1.195270e+04   0.000000e+00  10039s
  538857    1.2472206e+08   1.035847e+04   0.000000e+00  10043s
  600788    1.3864842e+08   0.000000e+00   2.232303e+06  12673s
  539687    1.2472208e+08   9.529063e+03   0.000000e+00  10048s
Waiting for other threads to finish...       12675s
  540317    1.2472211e+08   1.606173e+04   0.000000e+00  10061s
  600968    1.3864836e+08   0.000000e+00   3.347875e+06  12696s
  540867    1.2472212e+08   8.440283e+03   0.000000e+00  10075s
  541697    1.2472219e+08   2.077506e+07   0.000000e+00  10080s
  543357    1.2472222e+08   3.922804e+06   0.000000e+00  10086s
  601148    1.3864831e+08   0.000000e+00   2.558564e+06  12717s
  545017    1.2472228e+08   4.086758e+07   0.000000e+00  10091s
  545807    1.2472228e+08   3.152727e+05   0.000000e+00  10107s
  601308    1.3864826e+08   0.000000e+00   1.626696e+06  12738s
  546047    1.2472228e+08   6.050924e+04   0.000000e+00  10121s
Waiting for other threads to finish...       12738s
  601488    1.3864821e+08   0.000000e+00   2.075532e+06  12761s
  546527    1.2472231e+08   1.016298e+04   0.000000e+00  10136s
  547227    1.2472232e+08   5.892438e+03   0.000000e+00  10152s
  601678    1.3864816e+08   0.000000e+00   3.227650e+06  12784s
  547407    1.2472232e+08   4.150332e+04   0.000000e+00  10167s
  601798    1.3864813e+08   0.000000e+00   2.409490e+06  12796s
  601918    1.3864810e+08   0.000000e+00   3.076196e+06  12808s
  547597    1.2472232e+08   3.855001e+04   0.000000e+00  10181s
Waiting for other threads to finish...       12801s
  602058    1.3864806e+08   0.000000e+00   3.367607e+06  12820s
  547777    1.2472232e+08   4.162866e+04   0.000000e+00  10194s
  602158    1.3864802e+08   0.000000e+00   2.944108e+06  12831s
  547957    1.2472233e+08   5.719121e+03   0.000000e+00  10208s
  548177    1.2472234e+08   1.671068e+05   0.000000e+00  10222s
  602338    1.3864798e+08   0.000000e+00   3.504214e+06  12854s
  549007    1.2472235e+08   5.321814e+03   0.000000e+00  10235s
  602528    1.3864793e+08   0.000000e+00   2.956896e+06  12878s
Waiting for other threads to finish...       12865s
  549837    1.2472235e+08   4.681743e+04   0.000000e+00  10252s
  550667    1.2472235e+08   5.070518e+04   0.000000e+00  10258s
  551497    1.2472236e+08   9.666168e+03   0.000000e+00  10272s
  602708    1.3864787e+08   0.000000e+00   2.449869e+06  12902s
  552327    1.2472236e+08   4.768377e+05   0.000000e+00  10287s
  602888    1.3864783e+08   0.000000e+00   2.098915e+07  12925s
  553017    1.2472236e+08   9.101971e+03   0.000000e+00  10306s
Waiting for other threads to finish...       12928s
  603058    1.3864777e+08   0.000000e+00   3.631667e+06  12948s
  553187    1.2472237e+08   8.485651e+03   0.000000e+00  10320s
  603158    1.3864775e+08   0.000000e+00   1.889147e+06  12960s
  553357    1.2472237e+08   7.909104e+03   0.000000e+00  10335s
  603258    1.3864773e+08   0.000000e+00   2.201106e+06  12972s
  553517    1.2472237e+08   7.738579e+03   0.000000e+00  10349s
  553677    1.2472237e+08   5.637680e+04   0.000000e+00  10362s
  603438    1.3864768e+08   0.000000e+00   2.836790e+06  12995s
Waiting for other threads to finish...       12991s
  554017    1.2472237e+08   1.981794e+06   0.000000e+00  10376s
  554847    1.2472260e+08   2.553131e+07   0.000000e+00  10383s
  555677    1.2472260e+08   2.967211e+06   0.000000e+00  10386s
  603628    1.3864763e+08   0.000000e+00   1.723319e+06  13018s
  557474    1.2472261e+08   4.706809e+06   0.000000e+00  10390s
  559134    1.2472262e+08   2.765135e+03   0.000000e+00  10398s
  603728    1.3864761e+08   0.000000e+00   4.323041e+06  13030s
  559964    1.2472263e+08   1.725760e+04   0.000000e+00  10407s
  560234    1.2472264e+08   5.830819e+03   0.000000e+00  10421s
  603888    1.3864755e+08   0.000000e+00   7.219988e+06  13051s
  561064    1.2472265e+08   2.441787e+03   0.000000e+00  10435s
Waiting for other threads to finish...       13054s
  604048    1.3864752e+08   0.000000e+00   2.283544e+06  13072s
  561734    1.2472265e+08   3.000481e+03   0.000000e+00  10450s
  562094    1.2472266e+08   1.097721e+04   0.000000e+00  10464s
  604228    1.3864748e+08   0.000000e+00   2.612464e+06  13095s
  562304    1.2472266e+08   5.935133e+03   0.000000e+00  10478s
  604428    1.3864741e+08   0.000000e+00   6.277023e+06  13117s
  563134    1.2472267e+08   3.991271e+03   0.000000e+00  10494s
  604548    1.3864736e+08   0.000000e+00   6.352600e+06  13127s
Waiting for other threads to finish...       13117s
  563964    1.2472269e+08   1.260811e+03   0.000000e+00  10503s
  564794    1.2472269e+08   1.798209e+03   0.000000e+00  10508s
  604668    1.3864733e+08   0.000000e+00   6.110904e+06  13138s
  604778    1.3864730e+08   0.000000e+00   6.771973e+06  13148s
  565074    1.2472269e+08   1.744480e+03   0.000000e+00  10522s
  604898    1.3864726e+08   0.000000e+00   6.380858e+06  13158s
  565904    1.2472271e+08   7.832200e+02   0.000000e+00  10530s
  605008    1.3864725e+08   0.000000e+00   1.068734e+07  13168s
  566074    1.2472271e+08   7.285514e+02   0.000000e+00  10544s
  605118    1.3864725e+08   0.000000e+00   1.068737e+07  13177s
  605228    1.3864725e+08   0.000000e+00   1.068740e+07  13187s
  566234    1.2472271e+08   9.539861e+04   0.000000e+00  10558s
Waiting for other threads to finish...       13180s
  605338    1.3864723e+08   0.000000e+00   7.162522e+06  13196s
  566454    1.2472271e+08   2.595289e+03   0.000000e+00  10572s
  605548    1.3864715e+08   0.000000e+00   6.498989e+06  13215s
  566944    1.2472271e+08   5.357464e+05   0.000000e+00  10587s
  605648    1.3864711e+08   0.000000e+00   6.400116e+06  13224s
  567564    1.2472271e+08   3.829561e+02   0.000000e+00  10601s
  605748    1.3864707e+08   0.000000e+00   5.754969e+06  13233s
  568394    1.2472272e+08   9.278669e+03   0.000000e+00  10615s
  605938    1.3864702e+08   0.000000e+00   1.215357e+07  13250s
  570054    1.2472272e+08   1.570801e+02   0.000000e+00  10626s
Waiting for other threads to finish...       13244s
  606138    1.3864697e+08   0.000000e+00   9.745733e+06  13269s
  570304    1.2472272e+08   1.206335e+03   0.000000e+00  10641s
  570644    1.2472272e+08   1.047169e+02   0.000000e+00  10654s
  571474    1.2472272e+08   5.551442e+02   0.000000e+00  10658s
  606338    1.3864693e+08   0.000000e+00   6.728615e+06  13287s
  572304    1.2472273e+08   2.495785e+01   0.000000e+00  10667s
  573134    1.2472274e+08   1.973891e+01   0.000000e+00  10673s
  606528    1.3864690e+08   0.000000e+00   9.554294e+06  13304s
  573964    1.2472274e+08   3.158998e-01   0.000000e+00  10682s
  606628    1.3864690e+08   0.000000e+00   9.724025e+06  13313s
  574118    1.2472274e+08   0.000000e+00   0.000000e+00  10686s
Crossover time: 10458.91 seconds (9957.20 work units)
Waiting for other threads to finish...       13307s
  606728    1.3864690e+08   0.000000e+00   9.986455e+06  13322s
  606828    1.3864690e+08   0.000000e+00   9.777130e+06  13331s
  606928    1.3864690e+08   0.000000e+00   9.615177e+06  13340s
  607028    1.3864687e+08   0.000000e+00   7.331279e+06  13348s
  607218    1.3864683e+08   0.000000e+00   6.425866e+06  13365s
  607318    1.3864679e+08   0.000000e+00   1.081582e+07  13375s
Waiting for other threads to finish...       10750s
Waiting for other threads to finish...       13370s
  607418    1.3864676e+08   0.000000e+00   6.784363e+06  13384s
  607538    1.3864671e+08   0.000000e+00   7.117548e+06  13394s
  607658    1.3864669e+08   0.000000e+00   6.242516e+06  13405s
  607768    1.3864666e+08   0.000000e+00   6.794882e+06  13415s
  607868    1.3864665e+08   0.000000e+00   7.526620e+06  13424s
  607968    1.3864662e+08   0.000000e+00   1.054023e+07  13433s
  608068    1.3864658e+08   0.000000e+00   7.863192e+06  13442s
Waiting for other threads to finish...       10814s
Waiting for other threads to finish...       13433s
  608248    1.3864651e+08   0.000000e+00   8.476878e+06  13461s
  608348    1.3864649e+08   0.000000e+00   7.706653e+06  13470s
  608448    1.3864647e+08   0.000000e+00   6.430723e+06  13479s
  608628    1.3864642e+08   0.000000e+00   6.486856e+06  13498s
Waiting for other threads to finish...       10877s
Waiting for other threads to finish...       13496s
  608798    1.3864636e+08   0.000000e+00   8.306842e+06  13516s
  608978    1.3864629e+08   0.000000e+00   6.940701e+06  13535s
  609078    1.3864626e+08   0.000000e+00   8.517904e+06  13544s
  609178    1.3864623e+08   0.000000e+00   6.609905e+06  13555s
Waiting for other threads to finish...       10940s
Waiting for other threads to finish...       13559s
  609368    1.3864618e+08   0.000000e+00   7.917603e+06  13575s
  609558    1.3864611e+08   0.000000e+00   7.146066e+06  13594s
  609658    1.3864606e+08   0.000000e+00   6.330614e+06  13603s
  609838    1.3864601e+08   0.000000e+00   6.881029e+06  13620s
Waiting for other threads to finish...       11003s
Waiting for other threads to finish...       13623s
  610018    1.3864595e+08   0.000000e+00   6.875038e+06  13637s
  610208    1.3864588e+08   0.000000e+00   6.882987e+06  13654s
  610398    1.3864583e+08   0.000000e+00   3.460379e+06  13672s
  610518    1.3864579e+08   0.000000e+00   7.910063e+06  13683s
  610628    1.3864576e+08   0.000000e+00   1.365056e+07  13693s
Waiting for other threads to finish...       11066s
Waiting for other threads to finish...       13686s
  610728    1.3864572e+08   0.000000e+00   6.218903e+06  13703s
  610828    1.3864568e+08   0.000000e+00   3.783897e+06  13712s
  610938    1.3864566e+08   0.000000e+00   1.078763e+07  13723s
  611048    1.3864564e+08   0.000000e+00   5.979679e+06  13733s
  611148    1.3864561e+08   0.000000e+00   6.626439e+06  13742s
Waiting for other threads to finish...       11130s
  611338    1.3864556e+08   0.000000e+00   7.003256e+06  13760s
Waiting for other threads to finish...       13749s
  611528    1.3864552e+08   0.000000e+00   6.295557e+06  13777s
  611718    1.3864545e+08   0.000000e+00   6.908891e+06  13794s
  611818    1.3864542e+08   0.000000e+00   7.051612e+06  13803s
  611918    1.3864539e+08   0.000000e+00   7.929341e+06  13812s
Waiting for other threads to finish...       11193s
Waiting for other threads to finish...       13812s
  612118    1.3864534e+08   0.000000e+00   6.594538e+06  13831s
  612218    1.3864530e+08   0.000000e+00   6.597266e+06  13840s
  612318    1.3864526e+08   0.000000e+00   6.794973e+06  13849s
  612418    1.3864524e+08   0.000000e+00   9.760203e+06  13858s
  612518    1.3864520e+08   0.000000e+00   1.255375e+07  13868s
  612618    1.3864518e+08   0.000000e+00   1.247202e+07  13877s
Waiting for other threads to finish...       11256s
  612718    1.3864515e+08   0.000000e+00   1.000595e+07  13885s
Waiting for other threads to finish...       13875s
  612818    1.3864514e+08   0.000000e+00   1.561546e+07  13894s
  613018    1.3864507e+08   0.000000e+00   8.059003e+06  13913s
  613118    1.3864505e+08   0.000000e+00   6.913244e+06  13923s
  613298    1.3864503e+08   0.000000e+00   5.998051e+06  13940s
Waiting for other threads to finish...       11319s
  613408    1.3864501e+08   0.000000e+00   6.207704e+06  13950s
Waiting for other threads to finish...       13938s
  613518    1.3864499e+08   0.000000e+00   5.965109e+06  13960s
  613618    1.3864497e+08   0.000000e+00   6.188904e+06  13969s
  613718    1.3864496e+08   0.000000e+00   6.270111e+06  13979s
  613818    1.3864494e+08   0.000000e+00   1.005801e+07  13988s
  613998    1.3864491e+08   0.000000e+00   6.296522e+06  14004s
Waiting for other threads to finish...       11382s
  614098    1.3864489e+08   0.000000e+00   6.969794e+06  14014s
Waiting for other threads to finish...       14002s
  614198    1.3864488e+08   0.000000e+00   7.839343e+06  14023s
  614378    1.3864486e+08   0.000000e+00   6.509927e+06  14039s
  614558    1.3864484e+08   0.000000e+00   6.998891e+06  14056s
  614738    1.3864480e+08   0.000000e+00   6.219242e+06  14073s
Waiting for other threads to finish...       11446s
Waiting for other threads to finish...       14065s
  614918    1.3864477e+08   0.000000e+00   6.449153e+06  14089s
  615098    1.3864474e+08   0.000000e+00   6.681622e+06  14106s
  615288    1.3864471e+08   0.000000e+00   6.363027e+06  14123s
Waiting for other threads to finish...       11509s
  615488    1.3864467e+08   0.000000e+00   6.277305e+06  14141s
Waiting for other threads to finish...       14128s
  615688    1.3864463e+08   0.000000e+00   7.346237e+06  14160s
  615798    1.3864461e+08   0.000000e+00   6.192891e+06  14170s
  615908    1.3864459e+08   0.000000e+00   7.118393e+06  14180s
  616008    1.3864457e+08   0.000000e+00   6.211129e+06  14189s
  616108    1.3864455e+08   0.000000e+00   6.700618e+06  14198s
Waiting for other threads to finish...       11572s
Waiting for other threads to finish...       14191s
  616208    1.3864454e+08   0.000000e+00   6.434656e+06  14207s
  616308    1.3864454e+08   0.000000e+00   6.421208e+06  14215s
  616408    1.3864454e+08   0.000000e+00   6.421053e+06  14224s
  616508    1.3864454e+08   0.000000e+00   6.403792e+06  14233s
  616608    1.3864454e+08   0.000000e+00   6.357989e+06  14242s
  616708    1.3864452e+08   0.000000e+00   6.918313e+06  14251s
  616808    1.3864451e+08   0.000000e+00   6.316761e+06  14260s
Waiting for other threads to finish...       11635s
Waiting for other threads to finish...       14254s
  616998    1.3864447e+08   0.000000e+00   6.479144e+06  14278s
  617198    1.3864443e+08   0.000000e+00   6.355260e+06  14296s
  617298    1.3864441e+08   0.000000e+00   6.224080e+06  14305s
  617398    1.3864439e+08   0.000000e+00   6.534709e+06  14314s
  617498    1.3864438e+08   0.000000e+00   6.339533e+06  14323s
Waiting for other threads to finish...       11699s
Waiting for other threads to finish...       14317s
  617688    1.3864434e+08   0.000000e+00   6.184219e+06  14340s
  617888    1.3864431e+08   0.000000e+00   7.452389e+06  14359s
  618078    1.3864428e+08   0.000000e+00   6.420842e+06  14376s
Waiting for other threads to finish...       11762s
  618258    1.3864426e+08   0.000000e+00   6.549780e+06  14393s
Waiting for other threads to finish...       14381s
  618438    1.3864422e+08   0.000000e+00   8.017139e+06  14410s
  618548    1.3864419e+08   0.000000e+00   1.276215e+07  14421s
  618688    1.3864417e+08   0.000000e+00   6.126934e+06  14433s
  618808    1.3864415e+08   0.000000e+00   6.148076e+06  14444s
Waiting for other threads to finish...       11825s
  618908    1.3864413e+08   0.000000e+00   1.277735e+06  14454s
Waiting for other threads to finish...       14444s
  619008    1.3864410e+08   0.000000e+00   1.102856e+06  14465s
  619108    1.3864408e+08   0.000000e+00   3.541256e+06  14477s
  619218    1.3864405e+08   0.000000e+00   1.279732e+06  14490s
  619318    1.3864400e+08   0.000000e+00   1.154949e+06  14504s
Waiting for other threads to finish...       11888s
  619428    1.3864398e+08   0.000000e+00   4.533713e+06  14518s
Waiting for other threads to finish...       14507s
  619528    1.3864396e+08   0.000000e+00   3.075341e+06  14531s
  619658    1.3864394e+08   0.000000e+00   1.676356e+06  14545s
  619768    1.3864391e+08   0.000000e+00   1.470984e+06  14559s
  619888    1.3864388e+08   0.000000e+00   1.977227e+06  14573s
Waiting for other threads to finish...       11952s
Waiting for other threads to finish...       14570s
  619998    1.3864384e+08   0.000000e+00   1.812728e+06  14587s
  620098    1.3864379e+08   0.000000e+00   1.432904e+06  14600s
  620238    1.3864371e+08   0.000000e+00   3.157123e+06  14613s
  620378    1.3864365e+08   0.000000e+00   1.818003e+06  14626s
  620508    1.3864357e+08   0.000000e+00   1.451546e+06  14639s
Waiting for other threads to finish...       12015s
Waiting for other threads to finish...       14633s
  620628    1.3864351e+08   0.000000e+00   1.829940e+06  14651s
  620748    1.3864346e+08   0.000000e+00   1.722727e+06  14662s
  620868    1.3864341e+08   0.000000e+00   3.354287e+06  14674s
  620978    1.3864336e+08   0.000000e+00   1.039710e+06  14685s
  621128    1.3864328e+08   0.000000e+00   2.368774e+06  14706s
Waiting for other threads to finish...       12078s
Waiting for other threads to finish...       14696s
  621348    1.3864322e+08   0.000000e+00   5.910631e+06  14731s
  621478    1.3864321e+08   0.000000e+00   2.299355e+06  14745s
  621578    1.3864314e+08   0.000000e+00   2.227359e+06  14758s
Waiting for other threads to finish...       12141s
Waiting for other threads to finish...       14760s
  621778    1.3864305e+08   0.000000e+00   2.002439e+06  14784s
  621928    1.3864296e+08   0.000000e+00   1.413836e+06  14799s
  622068    1.3864288e+08   0.000000e+00   2.132804e+06  14812s
  622198    1.3864281e+08   0.000000e+00   1.755838e+06  14824s
Waiting for other threads to finish...       12204s
  622328    1.3864273e+08   0.000000e+00   1.954011e+06  14836s
Waiting for other threads to finish...       14823s
  622428    1.3864267e+08   0.000000e+00   2.016199e+06  14847s
  622558    1.3864260e+08   0.000000e+00   1.423935e+06  14859s
  622688    1.3864253e+08   0.000000e+00   1.742922e+06  14870s
  622808    1.3864247e+08   0.000000e+00   8.443738e+06  14881s
  622918    1.3864242e+08   0.000000e+00   1.673386e+06  14893s
Waiting for other threads to finish...       12267s
Waiting for other threads to finish...       14886s
  623038    1.3864236e+08   0.000000e+00   2.134866e+06  14904s
  623158    1.3864229e+08   0.000000e+00   1.495643e+06  14915s
  623268    1.3864223e+08   0.000000e+00   4.582691e+06  14926s
  623388    1.3864216e+08   0.000000e+00   2.204722e+06  14937s
  623508    1.3864207e+08   0.000000e+00   2.246590e+06  14948s
Waiting for other threads to finish...       12331s
  623628    1.3864201e+08   0.000000e+00   2.048099e+06  14959s
Waiting for other threads to finish...       14949s
  623738    1.3864195e+08   0.000000e+00   1.849455e+06  14969s
  623918    1.3864187e+08   0.000000e+00   2.540442e+07  14991s
  624108    1.3864179e+08   0.000000e+00   1.809581e+06  15014s
Waiting for other threads to finish...       12394s
Waiting for other threads to finish...       15012s
  624298    1.3864170e+08   0.000000e+00   2.253328e+06  15040s
  624398    1.3864165e+08   0.000000e+00   2.005846e+06  15053s
  624498    1.3864161e+08   0.000000e+00   3.400682e+06  15066s
  624598    1.3864156e+08   0.000000e+00   2.604211e+06  15079s
Waiting for other threads to finish...       12457s
Waiting for other threads to finish...       15075s
  624708    1.3864151e+08   0.000000e+00   1.906139e+07  15092s
  624808    1.3864145e+08   0.000000e+00   4.068393e+06  15105s
  624908    1.3864142e+08   0.000000e+00   1.846110e+06  15118s
  625008    1.3864137e+08   0.000000e+00   2.443340e+06  15130s
Waiting for other threads to finish...       12520s
Waiting for other threads to finish...       15139s
  625198    1.3864127e+08   0.000000e+00   2.002469e+06  15155s
  625298    1.3864122e+08   0.000000e+00   2.406779e+06  15168s
  625488    1.3864111e+08   0.000000e+00   1.838191e+06  15193s
Waiting for other threads to finish...       12583s
Waiting for other threads to finish...       15202s
  625698    1.3864100e+08   0.000000e+00   2.657982e+06  15220s
  625798    1.3864097e+08   0.000000e+00   1.971968e+06  15233s
  625898    1.3864093e+08   0.000000e+00   8.305317e+06  15246s
  626008    1.3864090e+08   0.000000e+00   1.650443e+06  15259s
  626108    1.3864085e+08   0.000000e+00   1.592681e+06  15273s
Waiting for other threads to finish...       12646s
Waiting for other threads to finish...       15265s
  626218    1.3864081e+08   0.000000e+00   2.992586e+06  15286s
  626348    1.3864080e+08   0.000000e+00   1.855198e+06  15299s
  626498    1.3864080e+08   0.000000e+00   1.855338e+06  15312s
  626638    1.3864079e+08   0.000000e+00   7.118943e+06  15325s
Waiting for other threads to finish...       12710s
Waiting for other threads to finish...       15328s
  626828    1.3864071e+08   0.000000e+00   2.148986e+06  15351s
  626928    1.3864067e+08   0.000000e+00   1.370636e+06  15364s
  627038    1.3864061e+08   0.000000e+00   2.682049e+06  15378s
  627148    1.3864057e+08   0.000000e+00   4.599950e+06  15392s
Waiting for other threads to finish...       12773s
Waiting for other threads to finish...       15391s
  627258    1.3864051e+08   0.000000e+00   2.433083e+06  15406s
  627358    1.3864047e+08   0.000000e+00   2.145387e+06  15420s
  627468    1.3864043e+08   0.000000e+00   1.965798e+06  15434s
  627588    1.3864039e+08   0.000000e+00   2.477859e+06  15448s
Waiting for other threads to finish...       12836s
Waiting for other threads to finish...       15455s
  627798    1.3864029e+08   0.000000e+00   2.137051e+06  15475s
  627918    1.3864024e+08   0.000000e+00   1.624048e+06  15488s
  628048    1.3864020e+08   0.000000e+00   5.462457e+06  15502s
  628198    1.3864020e+08   0.000000e+00   5.462588e+06  15515s
  628328    1.3864015e+08   0.000000e+00   2.509908e+06  15528s
Waiting for other threads to finish...       12899s
Waiting for other threads to finish...       15518s
  628438    1.3864010e+08   0.000000e+00   1.582465e+06  15541s
  628558    1.3864006e+08   0.000000e+00   3.593128e+06  15554s
  628668    1.3863998e+08   0.000000e+00   2.908609e+06  15568s
  628788    1.3863994e+08   0.000000e+00   2.451714e+06  15581s
Waiting for other threads to finish...       12962s
  628898    1.3863990e+08   0.000000e+00   2.114899e+06  15594s
Waiting for other threads to finish...       15581s
  629018    1.3863987e+08   0.000000e+00   3.421475e+06  15607s
  629128    1.3863981e+08   0.000000e+00   2.758675e+06  15620s
  629228    1.3863976e+08   0.000000e+00   1.056259e+06  15634s
  629328    1.3863970e+08   0.000000e+00   1.206361e+06  15647s
Waiting for other threads to finish...       13025s
Waiting for other threads to finish...       15644s
  629438    1.3863965e+08   0.000000e+00   1.486525e+06  15659s
  629568    1.3863960e+08   0.000000e+00   3.219364e+06  15673s
  629708    1.3863954e+08   0.000000e+00   3.195777e+06  15686s
  629848    1.3863949e+08   0.000000e+00   4.938220e+06  15700s
  629998    1.3863943e+08   0.000000e+00   2.132525e+06  15713s
Waiting for other threads to finish...       13089s
Waiting for other threads to finish...       15707s
  630138    1.3863937e+08   0.000000e+00   4.164446e+06  15727s
  630278    1.3863934e+08   0.000000e+00   1.689348e+06  15740s
  630418    1.3863928e+08   0.000000e+00   4.224221e+06  15753s
  630548    1.3863924e+08   0.000000e+00   1.605896e+06  15765s
  630678    1.3863917e+08   0.000000e+00   1.980501e+06  15778s
Waiting for other threads to finish...       13152s
Waiting for other threads to finish...       15770s
  630818    1.3863912e+08   0.000000e+00   2.310828e+06  15791s
  630958    1.3863905e+08   0.000000e+00   1.657161e+07  15805s
  631098    1.3863905e+08   0.000000e+00   1.619688e+07  15818s
  631228    1.3863900e+08   0.000000e+00   8.118065e+06  15831s
Waiting for other threads to finish...       13215s
  631358    1.3863896e+08   0.000000e+00   2.487732e+06  15844s
Waiting for other threads to finish...       15834s
  631498    1.3863890e+08   0.000000e+00   3.946250e+06  15857s
  631638    1.3863886e+08   0.000000e+00   6.826994e+06  15870s
  631768    1.3863884e+08   0.000000e+00   2.477389e+06  15883s
  631908    1.3863881e+08   0.000000e+00   7.759048e+06  15896s
Waiting for other threads to finish...       13278s
  632048    1.3863881e+08   0.000000e+00   5.912515e+06  15909s
Waiting for other threads to finish...       15897s
  632188    1.3863881e+08   0.000000e+00   5.912510e+06  15922s
  632328    1.3863881e+08   0.000000e+00   7.612593e+06  15935s
  632468    1.3863881e+08   0.000000e+00   6.282573e+06  15948s
  632608    1.3863881e+08   0.000000e+00   6.283820e+06  15960s
Waiting for other threads to finish...       13341s
  632748    1.3863881e+08   0.000000e+00   6.767521e+06  15973s
Waiting for other threads to finish...       15960s
  632888    1.3863881e+08   0.000000e+00   7.513203e+06  15986s
  633018    1.3863880e+08   0.000000e+00   2.145163e+06  15998s
  633168    1.3863880e+08   0.000000e+00   6.659175e+06  16012s
  633308    1.3863880e+08   0.000000e+00   7.350605e+06  16024s
Waiting for other threads to finish...       13404s
Waiting for other threads to finish...       16023s
  633448    1.3863880e+08   0.000000e+00   7.350807e+06  16037s
  633588    1.3863875e+08   0.000000e+00   1.164767e+06  16051s
  633708    1.3863871e+08   0.000000e+00   5.033471e+06  16064s
  633828    1.3863869e+08   0.000000e+00   3.134688e+06  16077s
  633958    1.3863866e+08   0.000000e+00   1.861952e+06  16090s
Waiting for other threads to finish...       13468s
Waiting for other threads to finish...       16086s
  634068    1.3863863e+08   0.000000e+00   1.371066e+06  16104s
  634188    1.3863861e+08   0.000000e+00   1.721408e+06  16117s
  634298    1.3863856e+08   0.000000e+00   2.603197e+06  16130s
  634408    1.3863851e+08   0.000000e+00   2.173420e+06  16143s
  634518    1.3863848e+08   0.000000e+00   2.468235e+06  16156s
Waiting for other threads to finish...       13531s
Waiting for other threads to finish...       16149s
  634628    1.3863845e+08   0.000000e+00   3.636363e+06  16169s
  634758    1.3863842e+08   0.000000e+00   2.533687e+06  16183s
  634868    1.3863838e+08   0.000000e+00   2.297358e+06  16197s
  634978    1.3863834e+08   0.000000e+00   2.666531e+06  16210s
Waiting for other threads to finish...       13594s
  635088    1.3863831e+08   0.000000e+00   2.121901e+06  16223s
Waiting for other threads to finish...       16213s
  635198    1.3863828e+08   0.000000e+00   2.420091e+06  16236s
  635308    1.3863825e+08   0.000000e+00   3.212453e+06  16249s
  635418    1.3863823e+08   0.000000e+00   2.774235e+06  16263s
  635528    1.3863821e+08   0.000000e+00   1.400937e+06  16276s
Waiting for other threads to finish...       13657s
Waiting for other threads to finish...       16276s
  635698    1.3863817e+08   0.000000e+00   2.023302e+06  16300s
  635878    1.3863810e+08   0.000000e+00   1.030584e+06  16324s
  635978    1.3863807e+08   0.000000e+00   2.413557e+06  16337s
Waiting for other threads to finish...       13720s
  636078    1.3863805e+08   0.000000e+00   1.801207e+06  16350s
Waiting for other threads to finish...       16339s
  636188    1.3863802e+08   0.000000e+00   1.752749e+06  16364s
  636298    1.3863800e+08   0.000000e+00   2.778961e+06  16378s
  636398    1.3863797e+08   0.000000e+00   6.609062e+06  16391s
  636508    1.3863795e+08   0.000000e+00   1.604743e+06  16404s
Waiting for other threads to finish...       13783s
Waiting for other threads to finish...       16402s
  636648    1.3863791e+08   0.000000e+00   2.463178e+06  16417s
  636768    1.3863788e+08   0.000000e+00   2.478914e+06  16430s
  636898    1.3863786e+08   0.000000e+00   3.695570e+06  16443s
  637028    1.3863783e+08   0.000000e+00   2.853709e+06  16456s
  637158    1.3863780e+08   0.000000e+00   4.663789e+06  16469s
Waiting for other threads to finish...       13847s
Waiting for other threads to finish...       16465s
  637288    1.3863778e+08   0.000000e+00   3.974543e+06  16482s
  637428    1.3863776e+08   0.000000e+00   1.251881e+06  16495s
  637568    1.3863773e+08   0.000000e+00   2.012248e+06  16509s
  637708    1.3863770e+08   0.000000e+00   2.938910e+06  16522s
  637818    1.3863766e+08   0.000000e+00   1.889498e+06  16535s
Waiting for other threads to finish...       13910s
Waiting for other threads to finish...       16528s
  637928    1.3863764e+08   0.000000e+00   2.541729e+06  16548s
  638038    1.3863762e+08   0.000000e+00   1.471868e+06  16562s
  638148    1.3863760e+08   0.000000e+00   6.214952e+06  16575s
  638258    1.3863758e+08   0.000000e+00   8.551950e+06  16589s
  638358    1.3863755e+08   0.000000e+00   8.549806e+06  16601s
Waiting for other threads to finish...       13973s
Waiting for other threads to finish...       16592s
  638468    1.3863754e+08   0.000000e+00   1.097549e+06  16614s
  638578    1.3863752e+08   0.000000e+00   4.091435e+06  16628s
  638678    1.3863749e+08   0.000000e+00   5.460559e+06  16641s
  638778    1.3863748e+08   0.000000e+00   1.636359e+06  16653s
Waiting for other threads to finish...       14036s
  638888    1.3863746e+08   0.000000e+00   2.363779e+06  16667s
Waiting for other threads to finish...       16655s
  638998    1.3863745e+08   0.000000e+00   1.094668e+06  16680s
  639098    1.3863743e+08   0.000000e+00   1.764430e+06  16693s
  639198    1.3863741e+08   0.000000e+00   2.586254e+06  16706s
  639298    1.3863739e+08   0.000000e+00   5.598032e+06  16720s
Waiting for other threads to finish...       14099s
Waiting for other threads to finish...       16718s
  639418    1.3863737e+08   0.000000e+00   1.504970e+06  16734s
  639528    1.3863735e+08   0.000000e+00   5.045783e+06  16747s
  639648    1.3863734e+08   0.000000e+00   2.404855e+06  16761s
  639748    1.3863732e+08   0.000000e+00   2.354527e+06  16774s
  639868    1.3863729e+08   0.000000e+00   3.487536e+07  16788s
Waiting for other threads to finish...       14162s
Waiting for other threads to finish...       16781s
  639978    1.3863726e+08   0.000000e+00   3.865832e+07  16799s
  640088    1.3863726e+08   0.000000e+00   3.865832e+07  16809s
  640208    1.3863726e+08   0.000000e+00   3.866981e+07  16820s
  640328    1.3863726e+08   0.000000e+00   3.865832e+07  16831s
  640428    1.3863724e+08   0.000000e+00   2.111096e+06  16842s
Waiting for other threads to finish...       14226s
Waiting for other threads to finish...       16844s
  640618    1.3863720e+08   0.000000e+00   1.977303e+06  16866s
  640728    1.3863719e+08   0.000000e+00   2.094503e+06  16879s
  640828    1.3863717e+08   0.000000e+00   1.720812e+06  16892s
  640928    1.3863715e+08   0.000000e+00   2.067446e+06  16905s
Waiting for other threads to finish...       14289s
  641038    1.3863713e+08   0.000000e+00   1.893281e+06  16919s
Waiting for other threads to finish...       16907s
  641158    1.3863712e+08   0.000000e+00   3.292820e+07  16933s
  641278    1.3863709e+08   0.000000e+00   2.414385e+07  16944s
  641468    1.3863705e+08   0.000000e+00   2.367215e+07  16962s
  641568    1.3863703e+08   0.000000e+00   2.395735e+07  16972s
Waiting for other threads to finish...       14352s
Waiting for other threads to finish...       16971s
  641748    1.3863701e+08   0.000000e+00   2.430101e+07  16989s
  641908    1.3863698e+08   0.000000e+00   2.380405e+07  17005s
  642088    1.3863694e+08   0.000000e+00   2.416462e+07  17021s
  642258    1.3863691e+08   0.000000e+00   2.619737e+07  17038s
Waiting for other threads to finish...       14415s
Waiting for other threads to finish...       17034s
  642428    1.3863689e+08   0.000000e+00   2.356725e+07  17054s
  642598    1.3863688e+08   0.000000e+00   2.456275e+07  17069s
  642758    1.3863688e+08   0.000000e+00   2.456268e+07  17084s
  642918    1.3863686e+08   0.000000e+00   2.399665e+07  17100s
Waiting for other threads to finish...       14478s
Waiting for other threads to finish...       17097s
  643088    1.3863674e+08   0.000000e+00   5.019027e+07  17117s
  643258    1.3863672e+08   0.000000e+00   4.603322e+07  17133s
  643438    1.3863668e+08   0.000000e+00   4.858964e+07  17150s
  643598    1.3863661e+08   0.000000e+00   5.960731e+07  17167s
Waiting for other threads to finish...       14541s
Waiting for other threads to finish...       17160s
  643768    1.3863656e+08   0.000000e+00   5.903180e+07  17183s
  643948    1.3863648e+08   0.000000e+00   5.841759e+07  17201s
  644158    1.3863640e+08   0.000000e+00   5.849852e+07  17220s
  644258    1.3863635e+08   0.000000e+00   5.996675e+07  17230s
Waiting for other threads to finish...       14605s
Waiting for other threads to finish...       17223s
  644438    1.3863629e+08   0.000000e+00   5.860671e+07  17247s
  644648    1.3863624e+08   0.000000e+00   6.014971e+07  17268s
  644758    1.3863621e+08   0.000000e+00   5.985008e+07  17278s
  644858    1.3863614e+08   0.000000e+00   1.429184e+06  17288s
Waiting for other threads to finish...       14668s
  644968    1.3863604e+08   0.000000e+00   4.093475e+07  17299s
Waiting for other threads to finish...       17287s
  645068    1.3863597e+08   0.000000e+00   3.692470e+07  17309s
  645258    1.3863583e+08   0.000000e+00   4.294435e+07  17328s
  645428    1.3863568e+08   0.000000e+00   5.280384e+07  17347s
Waiting for other threads to finish...       14731s
Waiting for other threads to finish...       17350s
  645588    1.3863561e+08   0.000000e+00   3.208916e+06  17366s
  645798    1.3863559e+08   0.000000e+00   5.354441e+06  17389s
  645978    1.3863556e+08   0.000000e+00   1.754076e+06  17412s
Waiting for other threads to finish...       14794s
  646078    1.3863555e+08   0.000000e+00   2.361840e+06  17425s
Waiting for other threads to finish...       17413s
  646188    1.3863553e+08   0.000000e+00   1.246573e+06  17438s
  646388    1.3863549e+08   0.000000e+00   1.328470e+06  17463s
Waiting for other threads to finish...       14857s
  646588    1.3863546e+08   0.000000e+00   1.569116e+06  17487s
Waiting for other threads to finish...       17476s
  646798    1.3863542e+08   0.000000e+00   1.413497e+06  17511s
  646898    1.3863539e+08   0.000000e+00   1.402192e+06  17523s
  647088    1.3863536e+08   0.000000e+00   4.053477e+06  17547s
Waiting for other threads to finish...       14920s
Waiting for other threads to finish...       17539s
  647208    1.3863533e+08   0.000000e+00   1.098204e+06  17558s
  647328    1.3863531e+08   0.000000e+00   1.047444e+06  17571s
  647458    1.3863529e+08   0.000000e+00   5.056087e+06  17584s
  647578    1.3863527e+08   0.000000e+00   1.182369e+06  17596s
  647678    1.3863525e+08   0.000000e+00   3.310059e+06  17608s
Waiting for other threads to finish...       14984s
Waiting for other threads to finish...       17602s
  647868    1.3863522e+08   0.000000e+00   2.161110e+06  17632s
  647968    1.3863520e+08   0.000000e+00   1.833248e+06  17645s
  648148    1.3863516e+08   0.000000e+00   3.851645e+06  17668s
Waiting for other threads to finish...       15047s
Waiting for other threads to finish...       17666s
  648248    1.3863514e+08   0.000000e+00   3.993708e+06  17679s
  648428    1.3863511e+08   0.000000e+00   1.541478e+06  17703s
  648588    1.3863507e+08   0.000000e+00   1.656750e+06  17726s
Waiting for other threads to finish...       15110s
Waiting for other threads to finish...       17729s
  648748    1.3863504e+08   0.000000e+00   1.350940e+06  17749s
  648938    1.3863501e+08   0.000000e+00   1.630887e+06  17772s
  649118    1.3863498e+08   0.000000e+00   1.938321e+06  17796s
Waiting for other threads to finish...       15173s
Waiting for other threads to finish...       17792s
  649308    1.3863494e+08   0.000000e+00   1.997720e+06  17820s
  649408    1.3863493e+08   0.000000e+00   3.389818e+06  17833s
  649588    1.3863488e+08   0.000000e+00   5.342010e+06  17856s
Waiting for other threads to finish...       15236s
Waiting for other threads to finish...       17855s
  649778    1.3863485e+08   0.000000e+00   3.251844e+06  17879s
  649958    1.3863481e+08   0.000000e+00   3.644572e+06  17903s
  650058    1.3863480e+08   0.000000e+00   1.913391e+06  17914s
  650158    1.3863478e+08   0.000000e+00   1.816939e+06  17926s
Waiting for other threads to finish...       15299s
Waiting for other threads to finish...       17918s
  650258    1.3863476e+08   0.000000e+00   1.804951e+06  17938s
  650358    1.3863474e+08   0.000000e+00   1.784011e+06  17950s
  650458    1.3863473e+08   0.000000e+00   3.647523e+06  17963s
  650648    1.3863470e+08   0.000000e+00   1.928746e+06  17987s
Waiting for other threads to finish...       15363s
Waiting for other threads to finish...       17981s
  650748    1.3863467e+08   0.000000e+00   1.877515e+06  17999s
  650848    1.3863465e+08   0.000000e+00   2.565257e+06  18011s
  650958    1.3863463e+08   0.000000e+00   4.496195e+06  18024s
  651058    1.3863461e+08   0.000000e+00   2.606867e+06  18036s
  651158    1.3863459e+08   0.000000e+00   1.895253e+06  18049s
Waiting for other threads to finish...       15426s
Waiting for other threads to finish...       18045s
  651358    1.3863454e+08   0.000000e+00   1.625440e+06  18074s
  651458    1.3863451e+08   0.000000e+00   2.155941e+06  18086s
  651558    1.3863449e+08   0.000000e+00   2.580547e+06  18099s
  651658    1.3863447e+08   0.000000e+00   2.276274e+06  18112s
Waiting for other threads to finish...       15489s
Waiting for other threads to finish...       18108s
  651758    1.3863442e+08   0.000000e+00   6.082475e+06  18125s
  651858    1.3863440e+08   0.000000e+00   3.978155e+06  18137s
  652038    1.3863435e+08   0.000000e+00   1.762575e+06  18161s
Waiting for other threads to finish...       15552s
Waiting for other threads to finish...       18171s
  652198    1.3863430e+08   0.000000e+00   4.438509e+06  18186s
  652368    1.3863423e+08   0.000000e+00   4.493500e+06  18212s
  652548    1.3863418e+08   0.000000e+00   1.596182e+06  18237s
Waiting for other threads to finish...       15615s
Waiting for other threads to finish...       18234s
  652728    1.3863412e+08   0.000000e+00   1.625069e+06  18261s
  652898    1.3863404e+08   0.000000e+00   1.660084e+06  18287s
  652998    1.3863401e+08   0.000000e+00   2.465285e+06  18299s
Waiting for other threads to finish...       15678s
Waiting for other threads to finish...       18297s
  653098    1.3863399e+08   0.000000e+00   1.877672e+06  18312s
  653278    1.3863392e+08   0.000000e+00   6.217180e+06  18336s
  653388    1.3863390e+08   0.000000e+00   4.836225e+06  18348s
  653528    1.3863390e+08   0.000000e+00   4.862090e+06  18361s
Waiting for other threads to finish...       15742s
Waiting for other threads to finish...       18360s
  653708    1.3863383e+08   0.000000e+00   1.833572e+06  18384s
  653888    1.3863376e+08   0.000000e+00   1.343760e+06  18409s
Waiting for other threads to finish...       15805s
  654068    1.3863369e+08   0.000000e+00   2.248539e+06  18435s
Waiting for other threads to finish...       18424s
  654248    1.3863361e+08   0.000000e+00   3.486407e+06  18459s
  654368    1.3863361e+08   0.000000e+00   2.771458e+06  18471s
  654488    1.3863361e+08   0.000000e+00   2.314799e+06  18482s
  654598    1.3863361e+08   0.000000e+00   2.679830e+06  18492s
Waiting for other threads to finish...       15868s
Waiting for other threads to finish...       18487s
  654708    1.3863361e+08   0.000000e+00   2.150189e+06  18502s
  654818    1.3863361e+08   0.000000e+00   2.232534e+06  18512s
  654928    1.3863360e+08   0.000000e+00   1.693077e+06  18523s
  655038    1.3863360e+08   0.000000e+00   2.203906e+06  18533s
  655148    1.3863360e+08   0.000000e+00   2.342038e+06  18543s
  655258    1.3863360e+08   0.000000e+00   1.716135e+06  18553s
Waiting for other threads to finish...       15931s
Waiting for other threads to finish...       18550s
  655368    1.3863360e+08   0.000000e+00   2.089704e+06  18563s
  655478    1.3863360e+08   0.000000e+00   1.606402e+06  18574s
  655578    1.3863360e+08   0.000000e+00   5.171498e+06  18584s
  655728    1.3863355e+08   0.000000e+00   1.363570e+06  18604s
Waiting for other threads to finish...       15994s
  655898    1.3863349e+08   0.000000e+00   3.640989e+06  18625s
Waiting for other threads to finish...       18613s
  656078    1.3863343e+08   0.000000e+00   1.541875e+06  18648s
  656238    1.3863336e+08   0.000000e+00   3.995744e+06  18670s
Waiting for other threads to finish...       16057s
Waiting for other threads to finish...       18676s
  656398    1.3863329e+08   0.000000e+00   2.642259e+06  18694s
  656568    1.3863324e+08   0.000000e+00   1.307424e+06  18717s
  656748    1.3863317e+08   0.000000e+00   1.135184e+06  18741s
Waiting for other threads to finish...       16121s
Waiting for other threads to finish...       18740s
  656918    1.3863312e+08   0.000000e+00   2.502434e+06  18765s
  657098    1.3863306e+08   0.000000e+00   1.099949e+06  18788s
Waiting for other threads to finish...       16184s
  657278    1.3863301e+08   0.000000e+00   4.691655e+06  18814s
Waiting for other threads to finish...       18803s
  657468    1.3863297e+08   0.000000e+00   2.956014e+06  18839s
  657658    1.3863291e+08   0.000000e+00   1.322223e+06  18864s
Waiting for other threads to finish...       16247s
Waiting for other threads to finish...       18866s
  657828    1.3863287e+08   0.000000e+00   1.310011e+06  18887s
  657998    1.3863282e+08   0.000000e+00   7.645069e+05  18911s
  658178    1.3863276e+08   0.000000e+00   1.643066e+06  18936s
Waiting for other threads to finish...       16310s
Waiting for other threads to finish...       18929s
  658278    1.3863275e+08   0.000000e+00   1.250474e+06  18948s
  658378    1.3863272e+08   0.000000e+00   1.474844e+06  18961s
  658498    1.3863270e+08   0.000000e+00   1.302016e+06  18974s
  658628    1.3863268e+08   0.000000e+00   1.678412e+06  18986s
  658758    1.3863265e+08   0.000000e+00   1.737440e+06  18998s
Waiting for other threads to finish...       16373s
Waiting for other threads to finish...       18992s
  658888    1.3863261e+08   0.000000e+00   1.622781e+06  19011s
  659018    1.3863259e+08   0.000000e+00   1.020726e+06  19023s
  659148    1.3863256e+08   0.000000e+00   8.162587e+05  19035s
  659268    1.3863254e+08   0.000000e+00   1.087905e+06  19046s
  659378    1.3863252e+08   0.000000e+00   1.593191e+06  19057s
Waiting for other threads to finish...       16436s
Waiting for other threads to finish...       19055s
  659538    1.3863249e+08   0.000000e+00   1.727920e+06  19079s
  659708    1.3863245e+08   0.000000e+00   1.128642e+06  19100s
  659898    1.3863242e+08   0.000000e+00   1.234222e+06  19123s
Waiting for other threads to finish...       16500s
Waiting for other threads to finish...       19119s
  660078    1.3863240e+08   0.000000e+00   9.225509e+05  19147s
  660188    1.3863239e+08   0.000000e+00   1.168518e+07  19159s
  660328    1.3863239e+08   0.000000e+00   1.168508e+07  19171s
  660458    1.3863238e+08   0.000000e+00   1.343270e+06  19184s
Waiting for other threads to finish...       16563s
Waiting for other threads to finish...       19182s
  660558    1.3863237e+08   0.000000e+00   1.414332e+06  19196s
  660738    1.3863235e+08   0.000000e+00   1.055469e+06  19219s
  660928    1.3863233e+08   0.000000e+00   9.395476e+05  19243s
Waiting for other threads to finish...       16626s
Waiting for other threads to finish...       19245s
  661098    1.3863230e+08   0.000000e+00   1.500159e+06  19266s
  661198    1.3863229e+08   0.000000e+00   1.149071e+06  19279s
  661388    1.3863227e+08   0.000000e+00   9.209665e+05  19303s
  661488    1.3863227e+08   0.000000e+00   6.753610e+05  19315s
Waiting for other threads to finish...       16689s
Waiting for other threads to finish...       19308s
  661588    1.3863226e+08   0.000000e+00   5.994431e+05  19328s
  661688    1.3863225e+08   0.000000e+00   1.019383e+06  19340s
  661858    1.3863211e+08   0.000000e+00   2.049727e+08  19363s
  661958    1.3863198e+08   0.000000e+00   8.420062e+06  19373s
Waiting for other threads to finish...       16752s
  662068    1.3863198e+08   0.000000e+00   8.338598e+06  19382s
Waiting for other threads to finish...       19371s
  662248    1.3863183e+08   0.000000e+00   1.432270e+06  19400s
  662438    1.3863176e+08   0.000000e+00   4.284715e+07  19419s
  662638    1.3863170e+08   0.000000e+00   4.999417e+07  19438s
Waiting for other threads to finish...       16815s
Waiting for other threads to finish...       19434s
  662748    1.3863167e+08   0.000000e+00   8.637054e+06  19448s
  662858    1.3863161e+08   0.000000e+00   3.487053e+07  19459s
  662958    1.3863158e+08   0.000000e+00   3.390227e+07  19468s
  663148    1.3863148e+08   0.000000e+00   2.998697e+07  19487s
  663338    1.3863139e+08   0.000000e+00   2.620152e+07  19507s
Waiting for other threads to finish...       16879s
Waiting for other threads to finish...       19498s
  663438    1.3863139e+08   0.000000e+00   2.619918e+07  19516s
  663538    1.3863139e+08   0.000000e+00   2.615334e+07  19525s
  663708    1.3863135e+08   0.000000e+00   3.200411e+07  19541s
  663878    1.3863122e+08   0.000000e+00   2.788534e+07  19559s
Waiting for other threads to finish...       16942s
Waiting for other threads to finish...       19561s
  664048    1.3863111e+08   0.000000e+00   2.956843e+07  19577s
  664208    1.3863098e+08   0.000000e+00   2.722418e+06  19594s
  664388    1.3863088e+08   0.000000e+00   2.092867e+06  19613s
  664488    1.3863083e+08   0.000000e+00   3.335953e+07  19623s
  664588    1.3863076e+08   0.000000e+00   1.939084e+06  19633s
Waiting for other threads to finish...       17005s
Waiting for other threads to finish...       19624s
  664688    1.3863064e+08   0.000000e+00   5.514072e+07  19645s
  664858    1.3863050e+08   0.000000e+00   5.732899e+07  19663s
  665028    1.3863039e+08   0.000000e+00   7.828436e+07  19680s
Waiting for other threads to finish...       17068s
  665208    1.3863032e+08   0.000000e+00   7.862028e+07  19697s
Waiting for other threads to finish...       19687s
  665378    1.3863022e+08   0.000000e+00   6.443560e+07  19714s
  665538    1.3863012e+08   0.000000e+00   7.657060e+07  19731s
  665708    1.3863001e+08   0.000000e+00   1.064756e+08  19747s
Waiting for other threads to finish...       17131s
  665888    1.3863001e+08   0.000000e+00   1.064757e+08  19763s
Waiting for other threads to finish...       19750s
  666068    1.3863001e+08   0.000000e+00   1.064757e+08  19780s
  666248    1.3863001e+08   0.000000e+00   1.064757e+08  19796s
  666458    1.3862991e+08   0.000000e+00   2.046462e+07  19816s
Waiting for other threads to finish...       17194s
Waiting for other threads to finish...       19813s
  666618    1.3862971e+08   0.000000e+00   6.552502e+05  19834s
  666808    1.3862949e+08   0.000000e+00   1.091994e+07  19855s
  666968    1.3862922e+08   0.000000e+00   1.372993e+07  19873s
Waiting for other threads to finish...       17258s
Waiting for other threads to finish...       19877s
  667148    1.3862910e+08   0.000000e+00   7.044674e+05  19891s
  667338    1.3862898e+08   0.000000e+00   1.880799e+07  19910s
  667568    1.3862894e+08   0.000000e+00   1.749913e+07  19931s
  667708    1.3862894e+08   0.000000e+00   1.746219e+07  19941s
Waiting for other threads to finish...       17321s
  667848    1.3862894e+08   0.000000e+00   1.673658e+07  19952s
Waiting for other threads to finish...       19940s
  667958    1.3862891e+08   0.000000e+00   2.768708e+06  19962s
  668158    1.3862882e+08   0.000000e+00   2.780410e+06  19982s
  668268    1.3862876e+08   0.000000e+00   1.716321e+07  19993s
  668368    1.3862868e+08   0.000000e+00   1.666096e+07  20002s
Waiting for other threads to finish...       17384s
Waiting for other threads to finish...       20003s
  668538    1.3862858e+08   0.000000e+00   3.430986e+06  20020s
  668718    1.3862846e+08   0.000000e+00   1.477542e+07  20039s
  668908    1.3862836e+08   0.000000e+00   1.440326e+07  20058s
Waiting for other threads to finish...       17447s
  669108    1.3862822e+08   0.000000e+00   2.984599e+06  20078s
Waiting for other threads to finish...       20066s
  669218    1.3862818e+08   0.000000e+00   1.228602e+07  20088s
  669318    1.3862813e+08   0.000000e+00   1.232805e+07  20099s
  669418    1.3862809e+08   0.000000e+00   2.823480e+06  20109s
  669528    1.3862803e+08   0.000000e+00   1.993692e+07  20119s
  669628    1.3862799e+08   0.000000e+00   3.815272e+06  20129s
  669728    1.3862797e+08   0.000000e+00   4.927002e+06  20138s
Waiting for other threads to finish...       17510s
Waiting for other threads to finish...       20129s
  669898    1.3862794e+08   0.000000e+00   4.243865e+06  20154s
  670068    1.3862790e+08   0.000000e+00   2.889724e+06  20171s
  670168    1.3862788e+08   0.000000e+00   3.564274e+06  20180s
  670268    1.3862786e+08   0.000000e+00   3.485540e+06  20190s
  670368    1.3862784e+08   0.000000e+00   3.612857e+06  20199s
Waiting for other threads to finish...       17573s
Waiting for other threads to finish...       20192s
  670568    1.3862779e+08   0.000000e+00   2.980665e+06  20218s
  670668    1.3862777e+08   0.000000e+00   3.539372e+06  20227s
  670768    1.3862776e+08   0.000000e+00   4.441298e+06  20235s
  670948    1.3862773e+08   0.000000e+00   4.045982e+06  20252s
Waiting for other threads to finish...       17637s
  671128    1.3862770e+08   0.000000e+00   3.730401e+06  20269s
Waiting for other threads to finish...       20256s
  671298    1.3862766e+08   0.000000e+00   3.686830e+06  20285s
  671478    1.3862763e+08   0.000000e+00   4.189198e+06  20302s
  671678    1.3862760e+08   0.000000e+00   3.418674e+06  20321s
Waiting for other threads to finish...       17700s
  671778    1.3862757e+08   0.000000e+00   4.608702e+06  20331s
Waiting for other threads to finish...       20319s
  671958    1.3862753e+08   0.000000e+00   1.781972e+06  20348s
  672068    1.3862753e+08   0.000000e+00   5.753743e+07  20358s
  672168    1.3862753e+08   0.000000e+00   5.752551e+07  20367s
  672268    1.3862753e+08   0.000000e+00   5.751095e+07  20376s
Waiting for other threads to finish...       17763s
  672438    1.3862748e+08   0.000000e+00   1.570392e+06  20393s
Waiting for other threads to finish...       20382s
  672538    1.3862744e+08   0.000000e+00   9.466268e+06  20403s
  672718    1.3862736e+08   0.000000e+00   1.341458e+07  20421s
  672888    1.3862726e+08   0.000000e+00   1.678605e+07  20438s
Waiting for other threads to finish...       17826s
  673088    1.3862721e+08   0.000000e+00   1.286602e+07  20458s
Waiting for other threads to finish...       20445s
  673278    1.3862711e+08   0.000000e+00   1.010199e+07  20477s
  673438    1.3862704e+08   0.000000e+00   2.277132e+06  20494s
  673538    1.3862701e+08   0.000000e+00   1.275188e+06  20504s
  673648    1.3862697e+08   0.000000e+00   1.657711e+07  20515s
Waiting for other threads to finish...       17889s
Waiting for other threads to finish...       20508s
  673748    1.3862695e+08   0.000000e+00   1.073869e+07  20525s
  673928    1.3862692e+08   0.000000e+00   1.008531e+07  20541s
  674088    1.3862685e+08   0.000000e+00   9.301571e+06  20558s
  674258    1.3862679e+08   0.000000e+00   1.028910e+07  20574s
Waiting for other threads to finish...       17952s
Waiting for other threads to finish...       20572s
  674438    1.3862676e+08   0.000000e+00   9.960630e+06  20591s
  674608    1.3862672e+08   0.000000e+00   1.669925e+07  20608s
  674788    1.3862672e+08   0.000000e+00   1.661670e+07  20625s
  674968    1.3862671e+08   0.000000e+00   1.169950e+07  20641s
Waiting for other threads to finish...       18016s
Waiting for other threads to finish...       20635s
  675148    1.3862667e+08   0.000000e+00   9.466004e+06  20658s
  675328    1.3862664e+08   0.000000e+00   1.016222e+07  20674s
  675508    1.3862661e+08   0.000000e+00   1.084700e+07  20691s
  675688    1.3862658e+08   0.000000e+00   1.043980e+07  20707s
Waiting for other threads to finish...       18079s
Waiting for other threads to finish...       20698s
  675858    1.3862655e+08   0.000000e+00   1.044151e+07  20723s
  676048    1.3862653e+08   0.000000e+00   1.234720e+07  20741s
  676148    1.3862653e+08   0.000000e+00   1.227931e+07  20750s
  676248    1.3862653e+08   0.000000e+00   1.235282e+07  20759s
Waiting for other threads to finish...       18142s
Waiting for other threads to finish...       20761s
  676428    1.3862653e+08   0.000000e+00   1.232875e+07  20775s
  676608    1.3862652e+08   0.000000e+00   1.049700e+07  20792s
  676788    1.3862647e+08   0.000000e+00   1.078483e+07  20809s
  676968    1.3862645e+08   0.000000e+00   1.102219e+07  20825s
Waiting for other threads to finish...       18205s
Waiting for other threads to finish...       20824s
  677148    1.3862645e+08   0.000000e+00   1.102233e+07  20841s
  677328    1.3862644e+08   0.000000e+00   1.176153e+07  20857s
  677498    1.3862642e+08   0.000000e+00   1.156727e+07  20873s
  677678    1.3862640e+08   0.000000e+00   1.149633e+07  20889s
Waiting for other threads to finish...       18268s
Waiting for other threads to finish...       20887s
  677858    1.3862637e+08   0.000000e+00   1.162825e+07  20906s
  677958    1.3862636e+08   0.000000e+00   1.164907e+07  20915s
  678078    1.3862634e+08   0.000000e+00   1.143438e+07  20926s
  678178    1.3862632e+08   0.000000e+00   9.718389e+06  20935s
  678358    1.3862630e+08   0.000000e+00   1.046791e+07  20951s
Waiting for other threads to finish...       18332s
Waiting for other threads to finish...       20951s
  678538    1.3862628e+08   0.000000e+00   1.365502e+07  20968s
  678718    1.3862626e+08   0.000000e+00   3.019362e+07  20984s
  678828    1.3862624e+08   0.000000e+00   1.263266e+07  20994s
  678928    1.3862623e+08   0.000000e+00   1.179211e+07  21003s
  679108    1.3862620e+08   0.000000e+00   1.266843e+07  21020s
Waiting for other threads to finish...       18395s
Waiting for other threads to finish...       21014s
  679218    1.3862620e+08   0.000000e+00   1.306368e+07  21030s
  679318    1.3862619e+08   0.000000e+00   1.185608e+07  21039s
  679418    1.3862618e+08   0.000000e+00   1.187750e+07  21048s
  679598    1.3862617e+08   0.000000e+00   1.223326e+07  21065s
  679768    1.3862614e+08   0.000000e+00   1.398431e+07  21081s
Waiting for other threads to finish...       18458s
Waiting for other threads to finish...       21077s
  679928    1.3862607e+08   0.000000e+00   1.853866e+07  21098s
  680098    1.3862599e+08   0.000000e+00   1.896879e+07  21114s
  680278    1.3862597e+08   0.000000e+00   1.769241e+07  21130s
  680438    1.3862590e+08   0.000000e+00   1.393632e+07  21145s
Waiting for other threads to finish...       18521s
Waiting for other threads to finish...       21140s
  680608    1.3862583e+08   0.000000e+00   1.436839e+07  21162s
  680768    1.3862575e+08   0.000000e+00   1.620672e+07  21179s
  680948    1.3862568e+08   0.000000e+00   1.493838e+07  21197s
  681048    1.3862565e+08   0.000000e+00   1.355967e+07  21207s
Waiting for other threads to finish...       18584s
  681148    1.3862561e+08   0.000000e+00   1.209874e+07  21216s
Waiting for other threads to finish...       21203s
  681328    1.3862548e+08   0.000000e+00   1.568202e+07  21235s
  681428    1.3862548e+08   0.000000e+00   1.568202e+07  21243s
  681608    1.3862542e+08   0.000000e+00   1.266465e+07  21260s
Waiting for other threads to finish...       18648s
  681778    1.3862535e+08   0.000000e+00   7.708327e+05  21278s
Waiting for other threads to finish...       21266s
  681908    1.3862528e+08   0.000000e+00   3.289437e+07  21289s
  682008    1.3862525e+08   0.000000e+00   2.541757e+07  21299s
  682198    1.3862515e+08   0.000000e+00   1.143442e+07  21318s
  682318    1.3862512e+08   0.000000e+00   2.542425e+07  21329s
Waiting for other threads to finish...       18711s
  682428    1.3862508e+08   0.000000e+00   3.226811e+07  21340s
Waiting for other threads to finish...       21330s
  682528    1.3862504e+08   0.000000e+00   3.524455e+07  21350s
  682708    1.3862498e+08   0.000000e+00   3.524995e+07  21367s
  682908    1.3862492e+08   0.000000e+00   3.295100e+07  21386s
  683008    1.3862487e+08   0.000000e+00   1.954825e+07  21396s
Waiting for other threads to finish...       18774s
Waiting for other threads to finish...       21393s
  683208    1.3862477e+08   0.000000e+00   1.028620e+07  21416s
  683318    1.3862475e+08   0.000000e+00   1.515058e+07  21425s
  683418    1.3862470e+08   0.000000e+00   1.390910e+07  21435s
  683518    1.3862464e+08   0.000000e+00   3.211385e+05  21444s
  683618    1.3862456e+08   0.000000e+00   1.218166e+07  21454s
  683718    1.3862454e+08   0.000000e+00   7.930449e+06  21463s
Waiting for other threads to finish...       18837s
Waiting for other threads to finish...       21456s
  683818    1.3862453e+08   0.000000e+00   7.779039e+06  21472s
  683918    1.3862453e+08   0.000000e+00   7.779118e+06  21481s
  684018    1.3862453e+08   0.000000e+00   9.136160e+06  21490s
  684218    1.3862447e+08   0.000000e+00   7.064421e+06  21509s
  684318    1.3862442e+08   0.000000e+00   1.044233e+07  21518s
  684418    1.3862441e+08   0.000000e+00   8.091421e+06  21527s
Waiting for other threads to finish...       18900s
Waiting for other threads to finish...       21519s
  684518    1.3862441e+08   0.000000e+00   8.091451e+06  21536s
  684618    1.3862441e+08   0.000000e+00   9.844707e+06  21545s
  684718    1.3862440e+08   0.000000e+00   1.179099e+07  21554s
  684908    1.3862439e+08   0.000000e+00   7.659180e+06  21571s
  685008    1.3862439e+08   0.000000e+00   7.659250e+06  21580s
  685108    1.3862439e+08   0.000000e+00   7.659322e+06  21589s
Waiting for other threads to finish...       18963s
Waiting for other threads to finish...       21582s
  685208    1.3862439e+08   0.000000e+00   7.659388e+06  21597s
  685378    1.3862434e+08   0.000000e+00   1.229141e+07  21614s
  685548    1.3862431e+08   0.000000e+00   4.153376e+06  21630s
  685648    1.3862428e+08   0.000000e+00   1.163237e+07  21640s
Waiting for other threads to finish...       19027s
  685828    1.3862421e+08   0.000000e+00   5.069220e+06  21658s
Waiting for other threads to finish...       21645s
  685938    1.3862417e+08   0.000000e+00   1.084282e+07  21668s
  686048    1.3862417e+08   0.000000e+00   1.084286e+07  21677s
  686148    1.3862417e+08   0.000000e+00   1.084290e+07  21686s
  686248    1.3862417e+08   0.000000e+00   1.084294e+07  21695s
  686428    1.3862415e+08   0.000000e+00   1.130502e+07  21711s
Waiting for other threads to finish...       19090s
Waiting for other threads to finish...       21709s
  686598    1.3862412e+08   0.000000e+00   1.206763e+07  21727s
  686788    1.3862409e+08   0.000000e+00   1.098977e+07  21744s
  686888    1.3862408e+08   0.000000e+00   1.107312e+07  21753s
  686998    1.3862408e+08   0.000000e+00   1.107312e+07  21763s
  687118    1.3862408e+08   0.000000e+00   1.107532e+07  21774s
Waiting for other threads to finish...       19153s
  687238    1.3862408e+08   0.000000e+00   1.107311e+07  21785s
Waiting for other threads to finish...       21772s
  687358    1.3862408e+08   0.000000e+00   1.110155e+07  21795s
  687488    1.3862408e+08   0.000000e+00   1.107313e+07  21807s
  687618    1.3862408e+08   0.000000e+00   1.107313e+07  21818s
  687748    1.3862407e+08   0.000000e+00   1.112977e+07  21830s
  687878    1.3862406e+08   0.000000e+00   1.104288e+07  21841s
Waiting for other threads to finish...       19216s
Waiting for other threads to finish...       21835s
  687998    1.3862405e+08   0.000000e+00   1.106798e+07  21852s
Concurrent spin time: 8540.42s (can be avoided by choosing Method=3)

Solved with barrier
  574118    1.2472274e+08   0.000000e+00   0.000000e+00  19229s

Root relaxation: objective 1.247227e+08, 574118 iterations, 19159.86 seconds (10064.69 work units)
Total elapsed time = 19230.69s (DegenMoves)
  688108    1.3862404e+08   0.000000e+00   1.123900e+07  21862s
  688228    1.3862403e+08   0.000000e+00   1.105167e+07  21872s
  688348    1.3862402e+08   0.000000e+00   1.117614e+07  21883s
  688458    1.3862401e+08   0.000000e+00   3.897190e+06  21893s
  688568    1.3862398e+08   0.000000e+00   1.643596e+07  21904s
Waiting for other threads to finish...       21898s
  688678    1.3862398e+08   0.000000e+00   1.643597e+07  21914s
  688778    1.3862398e+08   0.000000e+00   1.643598e+07  21923s
  688878    1.3862398e+08   0.000000e+00   1.643598e+07  21932s
  689058    1.3862398e+08   0.000000e+00   1.643600e+07  21948s
  689238    1.3862395e+08   0.000000e+00   1.383735e+07  21964s
Waiting for other threads to finish...       21961s
  689408    1.3862393e+08   0.000000e+00   1.444604e+07  21980s
  689588    1.3862388e+08   0.000000e+00   4.312652e+06  21998s
  689698    1.3862387e+08   0.000000e+00   1.370555e+07  22008s
  689808    1.3862385e+08   0.000000e+00   4.557903e+05  22018s
  689908    1.3862385e+08   0.000000e+00   7.506991e+05  22028s
Waiting for other threads to finish...       22024s
  690018    1.3862383e+08   0.000000e+00   3.500334e+05  22039s
  690158    1.3862382e+08   0.000000e+00   4.753906e+05  22052s
  690328    1.3862380e+08   0.000000e+00   6.299814e+05  22074s
  690428    1.3862380e+08   0.000000e+00   7.239779e+05  22085s
Waiting for other threads to finish...       22088s
  690608    1.3862378e+08   0.000000e+00   6.543175e+05  22107s
  690778    1.3862376e+08   0.000000e+00   7.582592e+05  22129s
  690938    1.3862375e+08   0.000000e+00   7.262977e+05  22151s
Waiting for other threads to finish...       22151s
  691118    1.3862374e+08   0.000000e+00   1.333483e+06  22171s
  691228    1.3862373e+08   0.000000e+00   5.734816e+05  22181s
  691348    1.3862372e+08   0.000000e+00   5.514032e+05  22193s
  691508    1.3862370e+08   0.000000e+00   7.923973e+05  22215s
Waiting for other threads to finish...       22214s
  691668    1.3862368e+08   0.000000e+00   1.362028e+06  22237s
  691828    1.3862367e+08   0.000000e+00   1.379112e+06  22257s
  691978    1.3862365e+08   0.000000e+00   2.280996e+06  22277s
Waiting for other threads to finish...       22277s
  692138    1.3862364e+08   0.000000e+00   4.138778e+05  22299s
  692298    1.3862363e+08   0.000000e+00   1.714684e+06  22318s
  692398    1.3862361e+08   0.000000e+00   1.714930e+07  22328s
  692568    1.3862360e+08   0.000000e+00   7.388802e+05  22349s
Waiting for other threads to finish...       22340s
  692738    1.3862358e+08   0.000000e+00   1.097713e+06  22371s
  692838    1.3862357e+08   0.000000e+00   6.872291e+05  22382s
  692938    1.3862357e+08   0.000000e+00   6.610973e+05  22393s
  693118    1.3862356e+08   0.000000e+00   6.522807e+05  22415s
Waiting for other threads to finish...       22404s
  693228    1.3862354e+08   0.000000e+00   1.126788e+06  22426s
  693338    1.3862353e+08   0.000000e+00   1.331166e+06  22437s
  693468    1.3862353e+08   0.000000e+00   2.017307e+06  22448s
  693588    1.3862352e+08   0.000000e+00   4.693995e+05  22459s
  693708    1.3862351e+08   0.000000e+00   1.140145e+06  22470s
  693818    1.3862350e+08   0.000000e+00   3.312836e+05  22480s
Waiting for other threads to finish...       22467s
  693928    1.3862350e+08   0.000000e+00   9.206696e+05  22490s
  694048    1.3862349e+08   0.000000e+00   8.766024e+05  22501s
  694158    1.3862349e+08   0.000000e+00   7.865880e+05  22512s

    Nodes    |    Current Node    |     Objective Bounds      |     Work
 Expl Unexpl |  Obj  Depth IntInf | Incumbent    BestBd   Gap | It/Node Time

     0     0 1.2472e+08    0    9          - 1.2472e+08      -     - 19884s
  694268    1.3862348e+08   0.000000e+00   6.303553e+05  22522s
  694388    1.3862348e+08   0.000000e+00   2.771575e+05  22534s
Waiting for other threads to finish...       22530s
  694538    1.3862330e+08   0.000000e+00   1.982284e+07  22547s
  694658    1.3862327e+08   0.000000e+00   1.107395e+07  22559s
  694758    1.3862324e+08   0.000000e+00   1.067643e+07  22568s
  694858    1.3862321e+08   0.000000e+00   9.181714e+06  22578s
  694968    1.3862317e+08   0.000000e+00   7.769137e+06  22589s
  695068    1.3862311e+08   0.000000e+00   9.383956e+06  22598s
Waiting for other threads to finish...       22593s
  695228    1.3862303e+08   0.000000e+00   3.235201e+05  22615s
  695328    1.3862299e+08   0.000000e+00   1.476184e+07  22624s
  695428    1.3862295e+08   0.000000e+00   3.758266e+05  22634s
  695598    1.3862278e+08   0.000000e+00   3.098536e+06  22654s
  695698    1.3862274e+08   0.000000e+00   6.332362e+07  22664s
Waiting for other threads to finish...       22656s
  695798    1.3862274e+08   0.000000e+00   6.331990e+07  22673s
  695948    1.3862265e+08   0.000000e+00   3.620788e+06  22690s
  696148    1.3862249e+08   0.000000e+00   4.825878e+06  22711s
  696248    1.3862245e+08   0.000000e+00   5.001811e+07  22722s
  696348    1.3862241e+08   0.000000e+00   3.349744e+07  22732s
Waiting for other threads to finish...       22719s
  696468    1.3862235e+08   0.000000e+00   1.094063e+06  22743s
  696678    1.3862202e+08   0.000000e+00   1.155959e+06  22758s
  696798    1.3862195e+08   0.000000e+00   2.013644e+07  22770s
  696968    1.3862183e+08   0.000000e+00   1.648636e+07  22788s
Waiting for other threads to finish...       22783s
  697138    1.3862178e+08   0.000000e+00   1.703680e+07  22804s
  697308    1.3862175e+08   0.000000e+00   1.724718e+07  22821s
  697488    1.3862172e+08   0.000000e+00   1.607287e+07  22837s
  697658    1.3862169e+08   0.000000e+00   1.667410e+07  22854s
Waiting for other threads to finish...       22846s
  697818    1.3862166e+08   0.000000e+00   1.708377e+07  22870s
  697998    1.3862163e+08   0.000000e+00   1.776621e+07  22887s
  698168    1.3862161e+08   0.000000e+00   1.652627e+07  22903s
H    0     0                    1.248285e+08 1.2472e+08  0.08%     - 20286s

Explored 1 nodes (671299 simplex iterations) in 20287.58 seconds (10796.73 work units)
Thread count was 12 (of 192 available processors)

Solution count 1: 1.24828e+08 

Optimal solution found (tolerance 1.00e-02)
Warning: max constraint violation (6.5738e-04) exceeds tolerance
Best objective 1.248284746328e+08, best bound 1.247227370923e+08, gap 0.0847%
Set parameter LogFile to value ""
  698328    1.3862157e+08   0.000000e+00   1.614686e+07  22920s
Waiting for other threads to finish...       22909s
  698498    1.3862154e+08   0.000000e+00   1.693905e+07  22937s
  698668    1.3862152e+08   0.000000e+00   1.593187e+07  22953s
  698828    1.3862141e+08   0.000000e+00   2.063637e+07  22971s
  698928    1.3862137e+08   0.000000e+00   2.303331e+07  22980s
Waiting for other threads to finish...       22972s
  699108    1.3862135e+08   0.000000e+00   2.430804e+07  22996s
  699268    1.3862128e+08   0.000000e+00   2.692846e+07  23012s
  699428    1.3862120e+08   0.000000e+00   2.303695e+07  23030s
  699598    1.3862111e+08   0.000000e+00   2.460871e+07  23047s
Waiting for other threads to finish...       23035s
  699768    1.3862107e+08   0.000000e+00   2.040919e+07  23064s
  699938    1.3862103e+08   0.000000e+00   2.183677e+07  23081s
  700118    1.3862100e+08   0.000000e+00   2.146719e+07  23097s
Waiting for other threads to finish...       23098s
  700288    1.3862094e+08   0.000000e+00   2.120540e+07  23114s
  700478    1.3862088e+08   0.000000e+00   2.198444e+07  23133s
  700658    1.3862083e+08   0.000000e+00   2.188685e+07  23151s
  700848    1.3862081e+08   0.000000e+00   2.194469e+07  23169s
Waiting for other threads to finish...       23162s
  701028    1.3862078e+08   0.000000e+00   2.083317e+07  23186s
  701198    1.3862073e+08   0.000000e+00   1.527900e+07  23203s
  701298    1.3862071e+08   0.000000e+00   2.154623e+07  23213s
  701398    1.3862070e+08   0.000000e+00   2.175461e+07  23223s
  701498    1.3862067e+08   0.000000e+00   2.091480e+07  23232s
Waiting for other threads to finish...       23225s
  701678    1.3862064e+08   0.000000e+00   2.100978e+07  23250s
  701838    1.3862060e+08   0.000000e+00   2.198147e+07  23267s
  701998    1.3862056e+08   0.000000e+00   2.135546e+07  23284s
Waiting for other threads to finish...       23288s
  702158    1.3862048e+08   0.000000e+00   4.655905e+06  23302s
  702338    1.3862040e+08   0.000000e+00   1.707918e+07  23323s
  702438    1.3862037e+08   0.000000e+00   1.761738e+07  23333s
  702628    1.3862032e+08   0.000000e+00   1.882719e+07  23352s
Waiting for other threads to finish...       23351s
  702788    1.3862025e+08   0.000000e+00   2.110424e+07  23370s
  702948    1.3862020e+08   0.000000e+00   1.719860e+07  23388s
  703108    1.3862016e+08   0.000000e+00   9.765849e+06  23406s
  703208    1.3862014e+08   0.000000e+00   1.738042e+07  23416s
Waiting for other threads to finish...       23414s
  703388    1.3862010e+08   0.000000e+00   1.864067e+07  23434s
  703558    1.3862008e+08   0.000000e+00   2.188766e+07  23451s
  703738    1.3862006e+08   0.000000e+00   1.852775e+07  23470s
  703838    1.3862004e+08   0.000000e+00   1.887731e+07  23480s
Waiting for other threads to finish...       23477s
  704008    1.3862000e+08   0.000000e+00   1.911021e+07  23498s
  704168    1.3861998e+08   0.000000e+00   2.144692e+06  23519s
  704328    1.3861995e+08   0.000000e+00   3.072416e+06  23539s
Waiting for other threads to finish...       23541s
  704488    1.3861993e+08   0.000000e+00   9.799384e+05  23560s
  704658    1.3861989e+08   0.000000e+00   5.983256e+06  23581s
  704858    1.3861985e+08   0.000000e+00   6.051607e+06  23603s
  704958    1.3861984e+08   0.000000e+00   9.560464e+07  23615s
Waiting for other threads to finish...       23604s
  705078    1.3861984e+08   0.000000e+00   9.560463e+07  23626s
  705188    1.3861983e+08   0.000000e+00   1.039615e+08  23637s
  705368    1.3861980e+08   0.000000e+00   9.846799e+07  23655s
  705538    1.3861980e+08   0.000000e+00   1.080184e+08  23673s
Waiting for other threads to finish...       23667s
  705708    1.3861980e+08   0.000000e+00   1.079942e+08  23689s
  705888    1.3861980e+08   0.000000e+00   1.063686e+08  23707s
  706068    1.3861980e+08   0.000000e+00   1.081528e+08  23725s
  706248    1.3861979e+08   0.000000e+00   1.066870e+08  23743s
Waiting for other threads to finish...       23730s
  706418    1.3861979e+08   0.000000e+00   1.033595e+06  23760s
  706598    1.3861979e+08   0.000000e+00   9.302979e+05  23778s
  706698    1.3861979e+08   0.000000e+00   7.777806e+05  23788s
  706888    1.3861979e+08   0.000000e+00   9.355758e+05  23807s
Waiting for other threads to finish...       23793s
  706988    1.3861979e+08   0.000000e+00   7.749127e+05  23816s
  707088    1.3861979e+08   0.000000e+00   1.004027e+06  23826s
  707238    1.3861978e+08   0.000000e+00   9.895453e+05  23845s
  707398    1.3861975e+08   0.000000e+00   1.092574e+06  23865s
Waiting for other threads to finish...       23856s
  707558    1.3861973e+08   0.000000e+00   8.939452e+05  23887s
  707668    1.3861973e+08   0.000000e+00   8.086486e+05  23897s
  707788    1.3861973e+08   0.000000e+00   8.086461e+05  23908s
  707918    1.3861973e+08   0.000000e+00   8.085475e+05  23919s
  708038    1.3861973e+08   0.000000e+00   7.143474e+05  23931s
Waiting for other threads to finish...       23920s
  708208    1.3861972e+08   0.000000e+00   6.407757e+05  23952s
  708368    1.3861970e+08   0.000000e+00   8.595352e+05  23973s
  708528    1.3861969e+08   0.000000e+00   5.887761e+05  23993s
Waiting for other threads to finish...       23983s
  708628    1.3861968e+08   0.000000e+00   1.052833e+06  24005s
  708808    1.3861967e+08   0.000000e+00   6.139618e+05  24027s
  708908    1.3861966e+08   0.000000e+00   9.726136e+05  24038s
Waiting for other threads to finish...       24046s
  709088    1.3861964e+08   0.000000e+00   8.636876e+05  24060s
  709238    1.3861963e+08   0.000000e+00   7.369007e+05  24080s
  709418    1.3861962e+08   0.000000e+00   7.330448e+05  24102s
Waiting for other threads to finish...       24109s
  709588    1.3861960e+08   0.000000e+00   6.006413e+05  24124s
