Running on node: tcn1177
Job started at: Sun Nov 23 16:22:00 CET 2025
Python module loaded.
Activated virtual environment.
Configured Gurobi runtime paths.
Working directory: /home/scur1696/AdOpT-NET0-RegToNation/generic_node_optimization
[SLURM] Detected CPU total: 192
[CONFIG] Using 5 workers × 8 threads (total 40 threads)
[SAMPLING] Method: LATIN HYPERCUBE SAMPLING
   Full grid would be: 1080 combinations
   LHS samples: 50
   Reduction: 95.4%

[OK] Total runs to execute: 50

[CONFIG] System configuration:
   - Strategy: Manual configuration
   - Total logical processors: 192
   - Parallel workers: 5
   - Threads per worker: 8
   - Total thread usage: 40 (of 192)
   - CPU utilization: 20.8%
   [INFO] Conservative CPU usage (20.8%)
       Consider increasing workers or threads_per_worker for better performance

================================================================================
PARALLEL CREATION + GUROBI-ENV OPTIMIZATION RUNNER
================================================================================
Total runs: 50
Max parallel workers: 5
Threads per worker: 8
Results folder: /gpfs/home3/scur1696/AdOpT-NET0-RegToNation/generic_node_optimization/results/parallel_creation_test_20251123_162207
================================================================================


================================================================================
PHASE 1: Creating 50 models in PARALLEL
Using 'spawn' context for clean process separation
================================================================================

[CREATE] Creating model: parallel_run_0004
      Node       lon        lat  alt
0     BIG1  0.836099  51.924400    0
1     BIG2  8.119301  51.924400    0
2   SMALL1  7.682309  51.026089    0
3   SMALL2  4.769028  51.026089    0
4   SMALL3  7.682309  52.822711    0
5   SMALL4  4.769028  52.822711    0
6  STORAGE  6.496768  51.071748    0
New network
Max size per arc:          BIG1  BIG2  SMALL1  SMALL2  SMALL3  SMALL4  STORAGE
BIG1        0  1000    1000    1000    1000    1000     1000
BIG2     1000     0    1000    1000    1000    1000     1000
SMALL1   1000  1000       0    1000    1000    1000     1000
SMALL2   1000  1000    1000       0    1000    1000     1000
SMALL3   1000  1000    1000    1000       0    1000     1000
SMALL4   1000  1000    1000    1000    1000       0     1000
STORAGE  1000  1000    1000    1000    1000    1000        0
Connection:          BIG1  BIG2  SMALL1  SMALL2  SMALL3  SMALL4  STORAGE
BIG1        0     1       1       1       1       1        1
BIG2        1     0       1       1       1       1        1
SMALL1      1     1       0       1       1       1        1
SMALL2      1     1       1       0       1       1        1
SMALL3      1     1       1       1       0       1        1
SMALL4      1     1       1       1       1       0        1
STORAGE     1     1       1       1       1       1        0
📍 Calculating distances from scenario coordinates
✅ Using calculated distances from topology coordinates
Distance matrix saved for both networks
Created smooth electricity prices for BIG1:
Created smooth electricity prices for BIG2:
Created smooth electricity prices for SMALL1:
Created smooth electricity prices for SMALL2:
Created smooth electricity prices for SMALL3:
Created smooth electricity prices for SMALL4:
Created smooth electricity prices for STORAGE:
[SUCCESS] Model created: parallel_run_0004
[CREATE] Creating model: parallel_run_0009
      Node       lon        lat  alt
0     BIG1  0.836099  51.924400    0
1     BIG2  8.119301  51.924400    0
2   SMALL1  7.682309  51.026089    0
3   SMALL2  4.769028  51.026089    0
4   SMALL3  7.682309  52.822711    0
5   SMALL4  4.769028  52.822711    0
6  STORAGE  6.496768  51.071748    0
New network
Max size per arc:          BIG1  BIG2  SMALL1  SMALL2  SMALL3  SMALL4  STORAGE
BIG1        0  1000    1000    1000    1000    1000     1000
BIG2     1000     0    1000    1000    1000    1000     1000
SMALL1   1000  1000       0    1000    1000    1000     1000
SMALL2   1000  1000    1000       0    1000    1000     1000
SMALL3   1000  1000    1000    1000       0    1000     1000
SMALL4   1000  1000    1000    1000    1000       0     1000
STORAGE  1000  1000    1000    1000    1000    1000        0
Connection:          BIG1  BIG2  SMALL1  SMALL2  SMALL3  SMALL4  STORAGE
BIG1        0     1       1       1       1       1        1
BIG2        1     0       1       1       1       1        1
SMALL1      1     1       0       1       1       1        1
SMALL2      1     1       1       0       1       1        1
SMALL3      1     1       1       1       0       1        1
SMALL4      1     1       1       1       1       0        1
STORAGE     1     1       1       1       1       1        0
📍 Calculating distances from scenario coordinates
✅ Using calculated distances from topology coordinates
Distance matrix saved for both networks
Created smooth electricity prices for BIG1:
Created smooth electricity prices for BIG2:
Created smooth electricity prices for SMALL1:
Created smooth electricity prices for SMALL2:
Created smooth electricity prices for SMALL3:
Created smooth electricity prices for SMALL4:
Created smooth electricity prices for STORAGE:
[SUCCESS] Model created: parallel_run_0009
[CREATE] Creating model: parallel_run_0012
      Node       lon        lat  alt
0     BIG1  0.836099  51.924400    0
1     BIG2  8.119301  51.924400    0
2   SMALL1  7.682309  51.026089    0
3   SMALL2  4.769028  51.026089    0
4   SMALL3  7.682309  52.822711    0
5   SMALL4  4.769028  52.822711    0
6  STORAGE  6.496768  51.071748    0
New network
Max size per arc:          BIG1  BIG2  SMALL1  SMALL2  SMALL3  SMALL4  STORAGE
BIG1        0  1000    1000    1000    1000    1000     1000
BIG2     1000     0    1000    1000    1000    1000     1000
SMALL1   1000  1000       0    1000    1000    1000     1000
SMALL2   1000  1000    1000       0    1000    1000     1000
SMALL3   1000  1000    1000    1000       0    1000     1000
SMALL4   1000  1000    1000    1000    1000       0     1000
STORAGE  1000  1000    1000    1000    1000    1000        0
Connection:          BIG1  BIG2  SMALL1  SMALL2  SMALL3  SMALL4  STORAGE
BIG1        0     1       1       1       1       1        1
BIG2        1     0       1       1       1       1        1
SMALL1      1     1       0       1       1       1        1
SMALL2      1     1       1       0       1       1        1
SMALL3      1     1       1       1       0       1        1
SMALL4      1     1       1       1       1       0        1
STORAGE     1     1       1       1       1       1        0
📍 Calculating distances from scenario coordinates
✅ Using calculated distances from topology coordinates
Distance matrix saved for both networks
Created smooth electricity prices for BIG1:
Created smooth electricity prices for BIG2:
Created smooth electricity prices for SMALL1:
Created smooth electricity prices for SMALL2:
Created smooth electricity prices for SMALL3:
Created smooth electricity prices for SMALL4:
Created smooth electricity prices for STORAGE:
[SUCCESS] Model created: parallel_run_0012
[CREATE] Creating model: parallel_run_0017
      Node       lon        lat  alt
0     BIG1  0.836099  51.924400    0
1     BIG2  8.119301  51.924400    0
2   SMALL1  7.682309  51.026089    0
3   SMALL2  4.769028  51.026089    0
4   SMALL3  7.682309  52.822711    0
5   SMALL4  4.769028  52.822711    0
6  STORAGE  6.496768  51.071748    0
New network
Max size per arc:          BIG1  BIG2  SMALL1  SMALL2  SMALL3  SMALL4  STORAGE
BIG1        0  1000    1000    1000    1000    1000     1000
BIG2     1000     0    1000    1000    1000    1000     1000
SMALL1   1000  1000       0    1000    1000    1000     1000
SMALL2   1000  1000    1000       0    1000    1000     1000
SMALL3   1000  1000    1000    1000       0    1000     1000
SMALL4   1000  1000    1000    1000    1000       0     1000
STORAGE  1000  1000    1000    1000    1000    1000        0
Connection:          BIG1  BIG2  SMALL1  SMALL2  SMALL3  SMALL4  STORAGE
BIG1        0     1       1       1       1       1        1
BIG2        1     0       1       1       1       1        1
SMALL1      1     1       0       1       1       1        1
SMALL2      1     1       1       0       1       1        1
SMALL3      1     1       1       1       0       1        1
SMALL4      1     1       1       1       1       0        1
STORAGE     1     1       1       1       1       1        0
📍 Calculating distances from scenario coordinates
✅ Using calculated distances from topology coordinates
Distance matrix saved for both networks
Created smooth electricity prices for BIG1:
Created smooth electricity prices for BIG2:
Created smooth electricity prices for SMALL1:
Created smooth electricity prices for SMALL2:
Created smooth electricity prices for SMALL3:
Created smooth electricity prices for SMALL4:
Created smooth electricity prices for STORAGE:
[SUCCESS] Model created: parallel_run_0017
[CREATE] Creating model: parallel_run_0023
      Node       lon        lat  alt
0     BIG1  0.836099  51.924400    0
1     BIG2  8.119301  51.924400    0
2   SMALL1  7.682309  51.026089    0
3   SMALL2  4.769028  51.026089    0
4   SMALL3  7.682309  52.822711    0
5   SMALL4  4.769028  52.822711    0
6  STORAGE  6.496768  51.071748    0
New network
Max size per arc:          BIG1  BIG2  SMALL1  SMALL2  SMALL3  SMALL4  STORAGE
BIG1        0  1000    1000    1000    1000    1000     1000
BIG2     1000     0    1000    1000    1000    1000     1000
SMALL1   1000  1000       0    1000    1000    1000     1000
SMALL2   1000  1000    1000       0    1000    1000     1000
SMALL3   1000  1000    1000    1000       0    1000     1000
SMALL4   1000  1000    1000    1000    1000       0     1000
STORAGE  1000  1000    1000    1000    1000    1000        0
Connection:          BIG1  BIG2  SMALL1  SMALL2  SMALL3  SMALL4  STORAGE
BIG1        0     1       1       1       1       1        1
BIG2        1     0       1       1       1       1        1
SMALL1      1     1       0       1       1       1        1
SMALL2      1     1       1       0       1       1        1
SMALL3      1     1       1       1       0       1        1
SMALL4      1     1       1       1       1       0        1
STORAGE     1     1       1       1       1       1        0
📍 Calculating distances from scenario coordinates
✅ Using calculated distances from topology coordinates
Distance matrix saved for both networks
Created smooth electricity prices for BIG1:
Created smooth electricity prices for BIG2:
Created smooth electricity prices for SMALL1:
Created smooth electricity prices for SMALL2:
Created smooth electricity prices for SMALL3:
Created smooth electricity prices for SMALL4:
Created smooth electricity prices for STORAGE:
[SUCCESS] Model created: parallel_run_0023
[CREATE] Creating model: parallel_run_0028
      Node       lon        lat  alt
0     BIG1  0.836099  51.924400    0
1     BIG2  8.119301  51.924400    0
2   SMALL1  7.682309  51.026089    0
3   SMALL2  4.769028  51.026089    0
4   SMALL3  7.682309  52.822711    0
5   SMALL4  4.769028  52.822711    0
6  STORAGE  6.496768  51.071748    0
New network
Max size per arc:          BIG1  BIG2  SMALL1  SMALL2  SMALL3  SMALL4  STORAGE
BIG1        0  1000    1000    1000    1000    1000     1000
BIG2     1000     0    1000    1000    1000    1000     1000
SMALL1   1000  1000       0    1000    1000    1000     1000
SMALL2   1000  1000    1000       0    1000    1000     1000
SMALL3   1000  1000    1000    1000       0    1000     1000
SMALL4   1000  1000    1000    1000    1000       0     1000
STORAGE  1000  1000    1000    1000    1000    1000        0
Connection:          BIG1  BIG2  SMALL1  SMALL2  SMALL3  SMALL4  STORAGE
BIG1        0     1       1       1       1       1        1
BIG2        1     0       1       1       1       1        1
SMALL1      1     1       0       1       1       1        1
SMALL2      1     1       1       0       1       1        1
SMALL3      1     1       1       1       0       1        1
SMALL4      1     1       1       1       1       0        1
STORAGE     1     1       1       1       1       1        0
📍 Calculating distances from scenario coordinates
✅ Using calculated distances from topology coordinates
Distance matrix saved for both networks
Created smooth electricity prices for BIG1:
Created smooth electricity prices for BIG2:
Created smooth electricity prices for SMALL1:
Created smooth electricity prices for SMALL2:
Created smooth electricity prices for SMALL3:
Created smooth electricity prices for SMALL4:
Created smooth electricity prices for STORAGE:
[SUCCESS] Model created: parallel_run_0028
[CREATE] Creating model: parallel_run_0033
      Node       lon        lat  alt
0     BIG1  0.836099  51.924400    0
1     BIG2  8.119301  51.924400    0
2   SMALL1  7.682309  51.026089    0
3   SMALL2  4.769028  51.026089    0
4   SMALL3  7.682309  52.822711    0
5   SMALL4  4.769028  52.822711    0
6  STORAGE  6.496768  51.071748    0
New network
Max size per arc:          BIG1  BIG2  SMALL1  SMALL2  SMALL3  SMALL4  STORAGE
BIG1        0  1000    1000    1000    1000    1000     1000
BIG2     1000     0    1000    1000    1000    1000     1000
SMALL1   1000  1000       0    1000    1000    1000     1000
SMALL2   1000  1000    1000       0    1000    1000     1000
SMALL3   1000  1000    1000    1000       0    1000     1000
SMALL4   1000  1000    1000    1000    1000       0     1000
STORAGE  1000  1000    1000    1000    1000    1000        0
Connection:          BIG1  BIG2  SMALL1  SMALL2  SMALL3  SMALL4  STORAGE
BIG1        0     1       1       1       1       1        1
BIG2        1     0       1       1       1       1        1
SMALL1      1     1       0       1       1       1        1
SMALL2      1     1       1       0       1       1        1
SMALL3      1     1       1       1       0       1        1
SMALL4      1     1       1       1       1       0        1
STORAGE     1     1       1       1       1       1        0
📍 Calculating distances from scenario coordinates
✅ Using calculated distances from topology coordinates
Distance matrix saved for both networks
Created smooth electricity prices for BIG1:
Created smooth electricity prices for BIG2:
Created smooth electricity prices for SMALL1:
Created smooth electricity prices for SMALL2:
Created smooth electricity prices for SMALL3:
Created smooth electricity prices for SMALL4:
Created smooth electricity prices for STORAGE:
[SUCCESS] Model created: parallel_run_0033
[CREATE] Creating model: parallel_run_0038
      Node       lon        lat  alt
0     BIG1  0.836099  51.924400    0
1     BIG2  8.119301  51.924400    0
2   SMALL1  7.682309  51.026089    0
3   SMALL2  4.769028  51.026089    0
4   SMALL3  7.682309  52.822711    0
5   SMALL4  4.769028  52.822711    0
6  STORAGE  6.496768  51.071748    0
New network
Max size per arc:          BIG1  BIG2  SMALL1  SMALL2  SMALL3  SMALL4  STORAGE
BIG1        0  1000    1000    1000    1000    1000     1000
BIG2     1000     0    1000    1000    1000    1000     1000
SMALL1   1000  1000       0    1000    1000    1000     1000
SMALL2   1000  1000    1000       0    1000    1000     1000
SMALL3   1000  1000    1000    1000       0    1000     1000
SMALL4   1000  1000    1000    1000    1000       0     1000
STORAGE  1000  1000    1000    1000    1000    1000        0
Connection:          BIG1  BIG2  SMALL1  SMALL2  SMALL3  SMALL4  STORAGE
BIG1        0     1       1       1       1       1        1
BIG2        1     0       1       1       1       1        1
SMALL1      1     1       0       1       1       1        1
SMALL2      1     1       1       0       1       1        1
SMALL3      1     1       1       1       0       1        1
SMALL4      1     1       1       1       1       0        1
STORAGE     1     1       1       1       1       1        0
📍 Calculating distances from scenario coordinates
✅ Using calculated distances from topology coordinates
Distance matrix saved for both networks
Created smooth electricity prices for BIG1:
Created smooth electricity prices for BIG2:
Created smooth electricity prices for SMALL1:
Created smooth electricity prices for SMALL2:
Created smooth electricity prices for SMALL3:
Created smooth electricity prices for SMALL4:
Created smooth electricity prices for STORAGE:
[SUCCESS] Model created: parallel_run_0038
[CREATE] Creating model: parallel_run_0042
      Node       lon        lat  alt
0     BIG1  0.836099  51.924400    0
1     BIG2  8.119301  51.924400    0
2   SMALL1  7.682309  51.026089    0
3   SMALL2  4.769028  51.026089    0
4   SMALL3  7.682309  52.822711    0
5   SMALL4  4.769028  52.822711    0
6  STORAGE  6.496768  51.071748    0
New network
Max size per arc:          BIG1  BIG2  SMALL1  SMALL2  SMALL3  SMALL4  STORAGE
BIG1        0  1000    1000    1000    1000    1000     1000
BIG2     1000     0    1000    1000    1000    1000     1000
SMALL1   1000  1000       0    1000    1000    1000     1000
SMALL2   1000  1000    1000       0    1000    1000     1000
SMALL3   1000  1000    1000    1000       0    1000     1000
SMALL4   1000  1000    1000    1000    1000       0     1000
STORAGE  1000  1000    1000    1000    1000    1000        0
Connection:          BIG1  BIG2  SMALL1  SMALL2  SMALL3  SMALL4  STORAGE
BIG1        0     1       1       1       1       1        1
BIG2        1     0       1       1       1       1        1
SMALL1      1     1       0       1       1       1        1
SMALL2      1     1       1       0       1       1        1
SMALL3      1     1       1       1       0       1        1
SMALL4      1     1       1       1       1       0        1
STORAGE     1     1       1       1       1       1        0
📍 Calculating distances from scenario coordinates
✅ Using calculated distances from topology coordinates
Distance matrix saved for both networks
Created smooth electricity prices for BIG1:
Created smooth electricity prices for BIG2:
Created smooth electricity prices for SMALL1:
Created smooth electricity prices for SMALL2:
Created smooth electricity prices for SMALL3:
Created smooth electricity prices for SMALL4:
Created smooth electricity prices for STORAGE:
[SUCCESS] Model created: parallel_run_0042
[CREATE] Creating model: parallel_run_0048
      Node       lon        lat  alt
0     BIG1  0.836099  51.924400    0
1     BIG2  8.119301  51.924400    0
2   SMALL1  7.682309  51.026089    0
3   SMALL2  4.769028  51.026089    0
4   SMALL3  7.682309  52.822711    0
5   SMALL4  4.769028  52.822711    0
6  STORAGE  6.496768  51.071748    0
New network
Max size per arc:          BIG1  BIG2  SMALL1  SMALL2  SMALL3  SMALL4  STORAGE
BIG1        0  1000    1000    1000    1000    1000     1000
BIG2     1000     0    1000    1000    1000    1000     1000
SMALL1   1000  1000       0    1000    1000    1000     1000
SMALL2   1000  1000    1000       0    1000    1000     1000
SMALL3   1000  1000    1000    1000       0    1000     1000
SMALL4   1000  1000    1000    1000    1000       0     1000
STORAGE  1000  1000    1000    1000    1000    1000        0
Connection:          BIG1  BIG2  SMALL1  SMALL2  SMALL3  SMALL4  STORAGE
BIG1        0     1       1       1       1       1        1
BIG2        1     0       1       1       1       1        1
SMALL1      1     1       0       1       1       1        1
SMALL2      1     1       1       0       1       1        1
SMALL3      1     1       1       1       0       1        1
SMALL4      1     1       1       1       1       0        1
STORAGE     1     1       1       1       1       1        0
📍 Calculating distances from scenario coordinates
✅ Using calculated distances from topology coordinates
Distance matrix saved for both networks
Created smooth electricity prices for BIG1:
Created smooth electricity prices for BIG2:
Created smooth electricity prices for SMALL1:
Created smooth electricity prices for SMALL2:
Created smooth electricity prices for SMALL3:
Created smooth electricity prices for SMALL4:
Created smooth electricity prices for STORAGE:
[SUCCESS] Model created: parallel_run_0048
[CREATE] Creating model: parallel_run_0003
      Node       lon        lat  alt
0     BIG1  0.836099  51.924400    0
1     BIG2  8.119301  51.924400    0
2   SMALL1  7.682309  51.026089    0
3   SMALL2  4.769028  51.026089    0
4   SMALL3  7.682309  52.822711    0
5   SMALL4  4.769028  52.822711    0
6  STORAGE  6.496768  51.071748    0
New network
Max size per arc:          BIG1  BIG2  SMALL1  SMALL2  SMALL3  SMALL4  STORAGE
BIG1        0  1000    1000    1000    1000    1000     1000
BIG2     1000     0    1000    1000    1000    1000     1000
SMALL1   1000  1000       0    1000    1000    1000     1000
SMALL2   1000  1000    1000       0    1000    1000     1000
SMALL3   1000  1000    1000    1000       0    1000     1000
SMALL4   1000  1000    1000    1000    1000       0     1000
STORAGE  1000  1000    1000    1000    1000    1000        0
Connection:          BIG1  BIG2  SMALL1  SMALL2  SMALL3  SMALL4  STORAGE
BIG1        0     1       1       1       1       1        1
BIG2        1     0       1       1       1       1        1
SMALL1      1     1       0       1       1       1        1
SMALL2      1     1       1       0       1       1        1
SMALL3      1     1       1       1       0       1        1
SMALL4      1     1       1       1       1       0        1
STORAGE     1     1       1       1       1       1        0
📍 Calculating distances from scenario coordinates
✅ Using calculated distances from topology coordinates
Distance matrix saved for both networks
Created smooth electricity prices for BIG1:
Created smooth electricity prices for BIG2:
Created smooth electricity prices for SMALL1:
Created smooth electricity prices for SMALL2:
Created smooth electricity prices for SMALL3:
Created smooth electricity prices for SMALL4:
Created smooth electricity prices for STORAGE:
[SUCCESS] Model created: parallel_run_0003
[CREATE] Creating model: parallel_run_0007
      Node       lon        lat  alt
0     BIG1  0.836099  51.924400    0
1     BIG2  8.119301  51.924400    0
2   SMALL1  7.682309  51.026089    0
3   SMALL2  4.769028  51.026089    0
4   SMALL3  7.682309  52.822711    0
5   SMALL4  4.769028  52.822711    0
6  STORAGE  6.496768  51.071748    0
New network
Max size per arc:          BIG1  BIG2  SMALL1  SMALL2  SMALL3  SMALL4  STORAGE
BIG1        0  1000    1000    1000    1000    1000     1000
BIG2     1000     0    1000    1000    1000    1000     1000
SMALL1   1000  1000       0    1000    1000    1000     1000
SMALL2   1000  1000    1000       0    1000    1000     1000
SMALL3   1000  1000    1000    1000       0    1000     1000
SMALL4   1000  1000    1000    1000    1000       0     1000
STORAGE  1000  1000    1000    1000    1000    1000        0
Connection:          BIG1  BIG2  SMALL1  SMALL2  SMALL3  SMALL4  STORAGE
BIG1        0     1       1       1       1       1        1
BIG2        1     0       1       1       1       1        1
SMALL1      1     1       0       1       1       1        1
SMALL2      1     1       1       0       1       1        1
SMALL3      1     1       1       1       0       1        1
SMALL4      1     1       1       1       1       0        1
STORAGE     1     1       1       1       1       1        0
📍 Calculating distances from scenario coordinates
✅ Using calculated distances from topology coordinates
Distance matrix saved for both networks
Created smooth electricity prices for BIG1:
Created smooth electricity prices for BIG2:
Created smooth electricity prices for SMALL1:
Created smooth electricity prices for SMALL2:
Created smooth electricity prices for SMALL3:
Created smooth electricity prices for SMALL4:
Created smooth electricity prices for STORAGE:
[SUCCESS] Model created: parallel_run_0007
[CREATE] Creating model: parallel_run_0011
      Node       lon        lat  alt
0     BIG1  0.836099  51.924400    0
1     BIG2  8.119301  51.924400    0
2   SMALL1  7.682309  51.026089    0
3   SMALL2  4.769028  51.026089    0
4   SMALL3  7.682309  52.822711    0
5   SMALL4  4.769028  52.822711    0
6  STORAGE  6.496768  51.071748    0
New network
Max size per arc:          BIG1  BIG2  SMALL1  SMALL2  SMALL3  SMALL4  STORAGE
BIG1        0  1000    1000    1000    1000    1000     1000
BIG2     1000     0    1000    1000    1000    1000     1000
SMALL1   1000  1000       0    1000    1000    1000     1000
SMALL2   1000  1000    1000       0    1000    1000     1000
SMALL3   1000  1000    1000    1000       0    1000     1000
SMALL4   1000  1000    1000    1000    1000       0     1000
STORAGE  1000  1000    1000    1000    1000    1000        0
Connection:          BIG1  BIG2  SMALL1  SMALL2  SMALL3  SMALL4  STORAGE
BIG1        0     1       1       1       1       1        1
BIG2        1     0       1       1       1       1        1
SMALL1      1     1       0       1       1       1        1
SMALL2      1     1       1       0       1       1        1
SMALL3      1     1       1       1       0       1        1
SMALL4      1     1       1       1       1       0        1
STORAGE     1     1       1       1       1       1        0
📍 Calculating distances from scenario coordinates
✅ Using calculated distances from topology coordinates
Distance matrix saved for both networks
Created smooth electricity prices for BIG1:
Created smooth electricity prices for BIG2:
Created smooth electricity prices for SMALL1:
Created smooth electricity prices for SMALL2:
Created smooth electricity prices for SMALL3:
Created smooth electricity prices for SMALL4:
Created smooth electricity prices for STORAGE:
[SUCCESS] Model created: parallel_run_0011
[CREATE] Creating model: parallel_run_0016
      Node       lon        lat  alt
0     BIG1  0.836099  51.924400    0
1     BIG2  8.119301  51.924400    0
2   SMALL1  7.682309  51.026089    0
3   SMALL2  4.769028  51.026089    0
4   SMALL3  7.682309  52.822711    0
5   SMALL4  4.769028  52.822711    0
6  STORAGE  6.496768  51.071748    0
New network
Max size per arc:          BIG1  BIG2  SMALL1  SMALL2  SMALL3  SMALL4  STORAGE
BIG1        0  1000    1000    1000    1000    1000     1000
BIG2     1000     0    1000    1000    1000    1000     1000
SMALL1   1000  1000       0    1000    1000    1000     1000
SMALL2   1000  1000    1000       0    1000    1000     1000
SMALL3   1000  1000    1000    1000       0    1000     1000
SMALL4   1000  1000    1000    1000    1000       0     1000
STORAGE  1000  1000    1000    1000    1000    1000        0
Connection:          BIG1  BIG2  SMALL1  SMALL2  SMALL3  SMALL4  STORAGE
BIG1        0     1       1       1       1       1        1
BIG2        1     0       1       1       1       1        1
SMALL1      1     1       0       1       1       1        1
SMALL2      1     1       1       0       1       1        1
SMALL3      1     1       1       1       0       1        1
SMALL4      1     1       1       1       1       0        1
STORAGE     1     1       1       1       1       1        0
📍 Calculating distances from scenario coordinates
✅ Using calculated distances from topology coordinates
Distance matrix saved for both networks
Created smooth electricity prices for BIG1:
Created smooth electricity prices for BIG2:
Created smooth electricity prices for SMALL1:
Created smooth electricity prices for SMALL2:
Created smooth electricity prices for SMALL3:
Created smooth electricity prices for SMALL4:
Created smooth electricity prices for STORAGE:
[SUCCESS] Model created: parallel_run_0016
[CREATE] Creating model: parallel_run_0022
      Node       lon        lat  alt
0     BIG1  0.836099  51.924400    0
1     BIG2  8.119301  51.924400    0
2   SMALL1  7.682309  51.026089    0
3   SMALL2  4.769028  51.026089    0
4   SMALL3  7.682309  52.822711    0
5   SMALL4  4.769028  52.822711    0
6  STORAGE  6.496768  51.071748    0
New network
Max size per arc:          BIG1  BIG2  SMALL1  SMALL2  SMALL3  SMALL4  STORAGE
BIG1        0  1000    1000    1000    1000    1000     1000
BIG2     1000     0    1000    1000    1000    1000     1000
SMALL1   1000  1000       0    1000    1000    1000     1000
SMALL2   1000  1000    1000       0    1000    1000     1000
SMALL3   1000  1000    1000    1000       0    1000     1000
SMALL4   1000  1000    1000    1000    1000       0     1000
STORAGE  1000  1000    1000    1000    1000    1000        0
Connection:          BIG1  BIG2  SMALL1  SMALL2  SMALL3  SMALL4  STORAGE
BIG1        0     1       1       1       1       1        1
BIG2        1     0       1       1       1       1        1
SMALL1      1     1       0       1       1       1        1
SMALL2      1     1       1       0       1       1        1
SMALL3      1     1       1       1       0       1        1
SMALL4      1     1       1       1       1       0        1
STORAGE     1     1       1       1       1       1        0
📍 Calculating distances from scenario coordinates
✅ Using calculated distances from topology coordinates
Distance matrix saved for both networks
Created smooth electricity prices for BIG1:
Created smooth electricity prices for BIG2:
Created smooth electricity prices for SMALL1:
Created smooth electricity prices for SMALL2:
Created smooth electricity prices for SMALL3:
Created smooth electricity prices for SMALL4:
Created smooth electricity prices for STORAGE:
[SUCCESS] Model created: parallel_run_0022
[CREATE] Creating model: parallel_run_0027
      Node       lon        lat  alt
0     BIG1  0.836099  51.924400    0
1     BIG2  8.119301  51.924400    0
2   SMALL1  7.682309  51.026089    0
3   SMALL2  4.769028  51.026089    0
4   SMALL3  7.682309  52.822711    0
5   SMALL4  4.769028  52.822711    0
6  STORAGE  6.496768  51.071748    0
New network
Max size per arc:          BIG1  BIG2  SMALL1  SMALL2  SMALL3  SMALL4  STORAGE
BIG1        0  1000    1000    1000    1000    1000     1000
BIG2     1000     0    1000    1000    1000    1000     1000
SMALL1   1000  1000       0    1000    1000    1000     1000
SMALL2   1000  1000    1000       0    1000    1000     1000
SMALL3   1000  1000    1000    1000       0    1000     1000
SMALL4   1000  1000    1000    1000    1000       0     1000
STORAGE  1000  1000    1000    1000    1000    1000        0
Connection:          BIG1  BIG2  SMALL1  SMALL2  SMALL3  SMALL4  STORAGE
BIG1        0     1       1       1       1       1        1
BIG2        1     0       1       1       1       1        1
SMALL1      1     1       0       1       1       1        1
SMALL2      1     1       1       0       1       1        1
SMALL3      1     1       1       1       0       1        1
SMALL4      1     1       1       1       1       0        1
STORAGE     1     1       1       1       1       1        0
📍 Calculating distances from scenario coordinates
✅ Using calculated distances from topology coordinates
Distance matrix saved for both networks
Created smooth electricity prices for BIG1:
Created smooth electricity prices for BIG2:
Created smooth electricity prices for SMALL1:
Created smooth electricity prices for SMALL2:
Created smooth electricity prices for SMALL3:
Created smooth electricity prices for SMALL4:
Created smooth electricity prices for STORAGE:
[SUCCESS] Model created: parallel_run_0027
[CREATE] Creating model: parallel_run_0032
      Node       lon        lat  alt
0     BIG1  0.836099  51.924400    0
1     BIG2  8.119301  51.924400    0
2   SMALL1  7.682309  51.026089    0
3   SMALL2  4.769028  51.026089    0
4   SMALL3  7.682309  52.822711    0
5   SMALL4  4.769028  52.822711    0
6  STORAGE  6.496768  51.071748    0
New network
Max size per arc:          BIG1  BIG2  SMALL1  SMALL2  SMALL3  SMALL4  STORAGE
BIG1        0  1000    1000    1000    1000    1000     1000
BIG2     1000     0    1000    1000    1000    1000     1000
SMALL1   1000  1000       0    1000    1000    1000     1000
SMALL2   1000  1000    1000       0    1000    1000     1000
SMALL3   1000  1000    1000    1000       0    1000     1000
SMALL4   1000  1000    1000    1000    1000       0     1000
STORAGE  1000  1000    1000    1000    1000    1000        0
Connection:          BIG1  BIG2  SMALL1  SMALL2  SMALL3  SMALL4  STORAGE
BIG1        0     1       1       1       1       1        1
BIG2        1     0       1       1       1       1        1
SMALL1      1     1       0       1       1       1        1
SMALL2      1     1       1       0       1       1        1
SMALL3      1     1       1       1       0       1        1
SMALL4      1     1       1       1       1       0        1
STORAGE     1     1       1       1       1       1        0
📍 Calculating distances from scenario coordinates
✅ Using calculated distances from topology coordinates
Distance matrix saved for both networks
Created smooth electricity prices for BIG1:
Created smooth electricity prices for BIG2:
Created smooth electricity prices for SMALL1:
Created smooth electricity prices for SMALL2:
Created smooth electricity prices for SMALL3:
Created smooth electricity prices for SMALL4:
Created smooth electricity prices for STORAGE:
[SUCCESS] Model created: parallel_run_0032
[CREATE] Creating model: parallel_run_0037
      Node       lon        lat  alt
0     BIG1  0.836099  51.924400    0
1     BIG2  8.119301  51.924400    0
2   SMALL1  7.682309  51.026089    0
3   SMALL2  4.769028  51.026089    0
4   SMALL3  7.682309  52.822711    0
5   SMALL4  4.769028  52.822711    0
6  STORAGE  6.496768  51.071748    0
New network
Max size per arc:          BIG1  BIG2  SMALL1  SMALL2  SMALL3  SMALL4  STORAGE
BIG1        0  1000    1000    1000    1000    1000     1000
BIG2     1000     0    1000    1000    1000    1000     1000
SMALL1   1000  1000       0    1000    1000    1000     1000
SMALL2   1000  1000    1000       0    1000    1000     1000
SMALL3   1000  1000    1000    1000       0    1000     1000
SMALL4   1000  1000    1000    1000    1000       0     1000
STORAGE  1000  1000    1000    1000    1000    1000        0
Connection:          BIG1  BIG2  SMALL1  SMALL2  SMALL3  SMALL4  STORAGE
BIG1        0     1       1       1       1       1        1
BIG2        1     0       1       1       1       1        1
SMALL1      1     1       0       1       1       1        1
SMALL2      1     1       1       0       1       1        1
SMALL3      1     1       1       1       0       1        1
SMALL4      1     1       1       1       1       0        1
STORAGE     1     1       1       1       1       1        0
📍 Calculating distances from scenario coordinates
✅ Using calculated distances from topology coordinates
Distance matrix saved for both networks
Created smooth electricity prices for BIG1:
Created smooth electricity prices for BIG2:
Created smooth electricity prices for SMALL1:
Created smooth electricity prices for SMALL2:
Created smooth electricity prices for SMALL3:
Created smooth electricity prices for SMALL4:
Created smooth electricity prices for STORAGE:
[SUCCESS] Model created: parallel_run_0037
[CREATE] Creating model: parallel_run_0041
      Node       lon        lat  alt
0     BIG1  0.836099  51.924400    0
1     BIG2  8.119301  51.924400    0
2   SMALL1  7.682309  51.026089    0
3   SMALL2  4.769028  51.026089    0
4   SMALL3  7.682309  52.822711    0
5   SMALL4  4.769028  52.822711    0
6  STORAGE  6.496768  51.071748    0
New network
Max size per arc:          BIG1  BIG2  SMALL1  SMALL2  SMALL3  SMALL4  STORAGE
BIG1        0  1000    1000    1000    1000    1000     1000
BIG2     1000     0    1000    1000    1000    1000     1000
SMALL1   1000  1000       0    1000    1000    1000     1000
SMALL2   1000  1000    1000       0    1000    1000     1000
SMALL3   1000  1000    1000    1000       0    1000     1000
SMALL4   1000  1000    1000    1000    1000       0     1000
STORAGE  1000  1000    1000    1000    1000    1000        0
Connection:          BIG1  BIG2  SMALL1  SMALL2  SMALL3  SMALL4  STORAGE
BIG1        0     1       1       1       1       1        1
BIG2        1     0       1       1       1       1        1
SMALL1      1     1       0       1       1       1        1
SMALL2      1     1       1       0       1       1        1
SMALL3      1     1       1       1       0       1        1
SMALL4      1     1       1       1       1       0        1
STORAGE     1     1       1       1       1       1        0
📍 Calculating distances from scenario coordinates
✅ Using calculated distances from topology coordinates
Distance matrix saved for both networks
Created smooth electricity prices for BIG1:
Created smooth electricity prices for BIG2:
Created smooth electricity prices for SMALL1:
Created smooth electricity prices for SMALL2:
Created smooth electricity prices for SMALL3:
Created smooth electricity prices for SMALL4:
Created smooth electricity prices for STORAGE:
[SUCCESS] Model created: parallel_run_0041
[CREATE] Creating model: parallel_run_0046
      Node       lon        lat  alt
0     BIG1  0.836099  51.924400    0
1     BIG2  8.119301  51.924400    0
2   SMALL1  7.682309  51.026089    0
3   SMALL2  4.769028  51.026089    0
4   SMALL3  7.682309  52.822711    0
5   SMALL4  4.769028  52.822711    0
6  STORAGE  6.496768  51.071748    0
New network
Max size per arc:          BIG1  BIG2  SMALL1  SMALL2  SMALL3  SMALL4  STORAGE
BIG1        0  1000    1000    1000    1000    1000     1000
BIG2     1000     0    1000    1000    1000    1000     1000
SMALL1   1000  1000       0    1000    1000    1000     1000
SMALL2   1000  1000    1000       0    1000    1000     1000
SMALL3   1000  1000    1000    1000       0    1000     1000
SMALL4   1000  1000    1000    1000    1000       0     1000
STORAGE  1000  1000    1000    1000    1000    1000        0
Connection:          BIG1  BIG2  SMALL1  SMALL2  SMALL3  SMALL4  STORAGE
BIG1        0     1       1       1       1       1        1
BIG2        1     0       1       1       1       1        1
SMALL1      1     1       0       1       1       1        1
SMALL2      1     1       1       0       1       1        1
SMALL3      1     1       1       1       0       1        1
SMALL4      1     1       1       1       1       0        1
STORAGE     1     1       1       1       1       1        0
📍 Calculating distances from scenario coordinates
✅ Using calculated distances from topology coordinates
Distance matrix saved for both networks
Created smooth electricity prices for BIG1:
Created smooth electricity prices for BIG2:
Created smooth electricity prices for SMALL1:
Created smooth electricity prices for SMALL2:
Created smooth electricity prices for SMALL3:
Created smooth electricity prices for SMALL4:
Created smooth electricity prices for STORAGE:
[SUCCESS] Model created: parallel_run_0046
[CREATE] Creating model: parallel_run_0005
      Node       lon        lat  alt
0     BIG1  0.836099  51.924400    0
1     BIG2  8.119301  51.924400    0
2   SMALL1  7.682309  51.026089    0
3   SMALL2  4.769028  51.026089    0
4   SMALL3  7.682309  52.822711    0
5   SMALL4  4.769028  52.822711    0
6  STORAGE  6.496768  51.071748    0
New network
Max size per arc:          BIG1  BIG2  SMALL1  SMALL2  SMALL3  SMALL4  STORAGE
BIG1        0  1000    1000    1000    1000    1000     1000
BIG2     1000     0    1000    1000    1000    1000     1000
SMALL1   1000  1000       0    1000    1000    1000     1000
SMALL2   1000  1000    1000       0    1000    1000     1000
SMALL3   1000  1000    1000    1000       0    1000     1000
SMALL4   1000  1000    1000    1000    1000       0     1000
STORAGE  1000  1000    1000    1000    1000    1000        0
Connection:          BIG1  BIG2  SMALL1  SMALL2  SMALL3  SMALL4  STORAGE
BIG1        0     1       1       1       1       1        1
BIG2        1     0       1       1       1       1        1
SMALL1      1     1       0       1       1       1        1
SMALL2      1     1       1       0       1       1        1
SMALL3      1     1       1       1       0       1        1
SMALL4      1     1       1       1       1       0        1
STORAGE     1     1       1       1       1       1        0
📍 Calculating distances from scenario coordinates
✅ Using calculated distances from topology coordinates
Distance matrix saved for both networks
Created smooth electricity prices for BIG1:
Created smooth electricity prices for BIG2:
Created smooth electricity prices for SMALL1:
Created smooth electricity prices for SMALL2:
Created smooth electricity prices for SMALL3:
Created smooth electricity prices for SMALL4:
Created smooth electricity prices for STORAGE:
[SUCCESS] Model created: parallel_run_0005
[CREATE] Creating model: parallel_run_0008
      Node       lon        lat  alt
0     BIG1  0.836099  51.924400    0
1     BIG2  8.119301  51.924400    0
2   SMALL1  7.682309  51.026089    0
3   SMALL2  4.769028  51.026089    0
4   SMALL3  7.682309  52.822711    0
5   SMALL4  4.769028  52.822711    0
6  STORAGE  6.496768  51.071748    0
New network
Max size per arc:          BIG1  BIG2  SMALL1  SMALL2  SMALL3  SMALL4  STORAGE
BIG1        0  1000    1000    1000    1000    1000     1000
BIG2     1000     0    1000    1000    1000    1000     1000
SMALL1   1000  1000       0    1000    1000    1000     1000
SMALL2   1000  1000    1000       0    1000    1000     1000
SMALL3   1000  1000    1000    1000       0    1000     1000
SMALL4   1000  1000    1000    1000    1000       0     1000
STORAGE  1000  1000    1000    1000    1000    1000        0
Connection:          BIG1  BIG2  SMALL1  SMALL2  SMALL3  SMALL4  STORAGE
BIG1        0     1       1       1       1       1        1
BIG2        1     0       1       1       1       1        1
SMALL1      1     1       0       1       1       1        1
SMALL2      1     1       1       0       1       1        1
SMALL3      1     1       1       1       0       1        1
SMALL4      1     1       1       1       1       0        1
STORAGE     1     1       1       1       1       1        0
📍 Calculating distances from scenario coordinates
✅ Using calculated distances from topology coordinates
Distance matrix saved for both networks
Created smooth electricity prices for BIG1:
Created smooth electricity prices for BIG2:
Created smooth electricity prices for SMALL1:
Created smooth electricity prices for SMALL2:
Created smooth electricity prices for SMALL3:
Created smooth electricity prices for SMALL4:
Created smooth electricity prices for STORAGE:
[SUCCESS] Model created: parallel_run_0008
[CREATE] Creating model: parallel_run_0013
      Node       lon        lat  alt
0     BIG1  0.836099  51.924400    0
1     BIG2  8.119301  51.924400    0
2   SMALL1  7.682309  51.026089    0
3   SMALL2  4.769028  51.026089    0
4   SMALL3  7.682309  52.822711    0
5   SMALL4  4.769028  52.822711    0
6  STORAGE  6.496768  51.071748    0
New network
Max size per arc:          BIG1  BIG2  SMALL1  SMALL2  SMALL3  SMALL4  STORAGE
BIG1        0  1000    1000    1000    1000    1000     1000
BIG2     1000     0    1000    1000    1000    1000     1000
SMALL1   1000  1000       0    1000    1000    1000     1000
SMALL2   1000  1000    1000       0    1000    1000     1000
SMALL3   1000  1000    1000    1000       0    1000     1000
SMALL4   1000  1000    1000    1000    1000       0     1000
STORAGE  1000  1000    1000    1000    1000    1000        0
Connection:          BIG1  BIG2  SMALL1  SMALL2  SMALL3  SMALL4  STORAGE
BIG1        0     1       1       1       1       1        1
BIG2        1     0       1       1       1       1        1
SMALL1      1     1       0       1       1       1        1
SMALL2      1     1       1       0       1       1        1
SMALL3      1     1       1       1       0       1        1
SMALL4      1     1       1       1       1       0        1
STORAGE     1     1       1       1       1       1        0
📍 Calculating distances from scenario coordinates
✅ Using calculated distances from topology coordinates
Distance matrix saved for both networks
Created smooth electricity prices for BIG1:
Created smooth electricity prices for BIG2:
Created smooth electricity prices for SMALL1:
Created smooth electricity prices for SMALL2:
Created smooth electricity prices for SMALL3:
Created smooth electricity prices for SMALL4:
Created smooth electricity prices for STORAGE:
[SUCCESS] Model created: parallel_run_0013
[CREATE] Creating model: parallel_run_0019
      Node       lon        lat  alt
0     BIG1  0.836099  51.924400    0
1     BIG2  8.119301  51.924400    0
2   SMALL1  7.682309  51.026089    0
3   SMALL2  4.769028  51.026089    0
4   SMALL3  7.682309  52.822711    0
5   SMALL4  4.769028  52.822711    0
6  STORAGE  6.496768  51.071748    0
New network
Max size per arc:          BIG1  BIG2  SMALL1  SMALL2  SMALL3  SMALL4  STORAGE
BIG1        0  1000    1000    1000    1000    1000     1000
BIG2     1000     0    1000    1000    1000    1000     1000
SMALL1   1000  1000       0    1000    1000    1000     1000
SMALL2   1000  1000    1000       0    1000    1000     1000
SMALL3   1000  1000    1000    1000       0    1000     1000
SMALL4   1000  1000    1000    1000    1000       0     1000
STORAGE  1000  1000    1000    1000    1000    1000        0
Connection:          BIG1  BIG2  SMALL1  SMALL2  SMALL3  SMALL4  STORAGE
BIG1        0     1       1       1       1       1        1
BIG2        1     0       1       1       1       1        1
SMALL1      1     1       0       1       1       1        1
SMALL2      1     1       1       0       1       1        1
SMALL3      1     1       1       1       0       1        1
SMALL4      1     1       1       1       1       0        1
STORAGE     1     1       1       1       1       1        0
📍 Calculating distances from scenario coordinates
✅ Using calculated distances from topology coordinates
Distance matrix saved for both networks
Created smooth electricity prices for BIG1:
Created smooth electricity prices for BIG2:
Created smooth electricity prices for SMALL1:
Created smooth electricity prices for SMALL2:
Created smooth electricity prices for SMALL3:
Created smooth electricity prices for SMALL4:
Created smooth electricity prices for STORAGE:
[SUCCESS] Model created: parallel_run_0019
[CREATE] Creating model: parallel_run_0021
      Node       lon        lat  alt
0     BIG1  0.836099  51.924400    0
1     BIG2  8.119301  51.924400    0
2   SMALL1  7.682309  51.026089    0
3   SMALL2  4.769028  51.026089    0
4   SMALL3  7.682309  52.822711    0
5   SMALL4  4.769028  52.822711    0
6  STORAGE  6.496768  51.071748    0
New network
Max size per arc:          BIG1  BIG2  SMALL1  SMALL2  SMALL3  SMALL4  STORAGE
BIG1        0  1000    1000    1000    1000    1000     1000
BIG2     1000     0    1000    1000    1000    1000     1000
SMALL1   1000  1000       0    1000    1000    1000     1000
SMALL2   1000  1000    1000       0    1000    1000     1000
SMALL3   1000  1000    1000    1000       0    1000     1000
SMALL4   1000  1000    1000    1000    1000       0     1000
STORAGE  1000  1000    1000    1000    1000    1000        0
Connection:          BIG1  BIG2  SMALL1  SMALL2  SMALL3  SMALL4  STORAGE
BIG1        0     1       1       1       1       1        1
BIG2        1     0       1       1       1       1        1
SMALL1      1     1       0       1       1       1        1
SMALL2      1     1       1       0       1       1        1
SMALL3      1     1       1       1       0       1        1
SMALL4      1     1       1       1       1       0        1
STORAGE     1     1       1       1       1       1        0
📍 Calculating distances from scenario coordinates
✅ Using calculated distances from topology coordinates
Distance matrix saved for both networks
Created smooth electricity prices for BIG1:
Created smooth electricity prices for BIG2:
Created smooth electricity prices for SMALL1:
Created smooth electricity prices for SMALL2:
Created smooth electricity prices for SMALL3:
Created smooth electricity prices for SMALL4:
Created smooth electricity prices for STORAGE:
[SUCCESS] Model created: parallel_run_0021
[CREATE] Creating model: parallel_run_0026
      Node       lon        lat  alt
0     BIG1  0.836099  51.924400    0
1     BIG2  8.119301  51.924400    0
2   SMALL1  7.682309  51.026089    0
3   SMALL2  4.769028  51.026089    0
4   SMALL3  7.682309  52.822711    0
5   SMALL4  4.769028  52.822711    0
6  STORAGE  6.496768  51.071748    0
New network
Max size per arc:          BIG1  BIG2  SMALL1  SMALL2  SMALL3  SMALL4  STORAGE
BIG1        0  1000    1000    1000    1000    1000     1000
BIG2     1000     0    1000    1000    1000    1000     1000
SMALL1   1000  1000       0    1000    1000    1000     1000
SMALL2   1000  1000    1000       0    1000    1000     1000
SMALL3   1000  1000    1000    1000       0    1000     1000
SMALL4   1000  1000    1000    1000    1000       0     1000
STORAGE  1000  1000    1000    1000    1000    1000        0
Connection:          BIG1  BIG2  SMALL1  SMALL2  SMALL3  SMALL4  STORAGE
BIG1        0     1       1       1       1       1        1
BIG2        1     0       1       1       1       1        1
SMALL1      1     1       0       1       1       1        1
SMALL2      1     1       1       0       1       1        1
SMALL3      1     1       1       1       0       1        1
SMALL4      1     1       1       1       1       0        1
STORAGE     1     1       1       1       1       1        0
📍 Calculating distances from scenario coordinates
✅ Using calculated distances from topology coordinates
Distance matrix saved for both networks
Created smooth electricity prices for BIG1:
Created smooth electricity prices for BIG2:
Created smooth electricity prices for SMALL1:
Created smooth electricity prices for SMALL2:
Created smooth electricity prices for SMALL3:
Created smooth electricity prices for SMALL4:
Created smooth electricity prices for STORAGE:
[SUCCESS] Model created: parallel_run_0026
[CREATE] Creating model: parallel_run_0031
      Node       lon        lat  alt
0     BIG1  0.836099  51.924400    0
1     BIG2  8.119301  51.924400    0
2   SMALL1  7.682309  51.026089    0
3   SMALL2  4.769028  51.026089    0
4   SMALL3  7.682309  52.822711    0
5   SMALL4  4.769028  52.822711    0
6  STORAGE  6.496768  51.071748    0
New network
Max size per arc:          BIG1  BIG2  SMALL1  SMALL2  SMALL3  SMALL4  STORAGE
BIG1        0  1000    1000    1000    1000    1000     1000
BIG2     1000     0    1000    1000    1000    1000     1000
SMALL1   1000  1000       0    1000    1000    1000     1000
SMALL2   1000  1000    1000       0    1000    1000     1000
SMALL3   1000  1000    1000    1000       0    1000     1000
SMALL4   1000  1000    1000    1000    1000       0     1000
STORAGE  1000  1000    1000    1000    1000    1000        0
Connection:          BIG1  BIG2  SMALL1  SMALL2  SMALL3  SMALL4  STORAGE
BIG1        0     1       1       1       1       1        1
BIG2        1     0       1       1       1       1        1
SMALL1      1     1       0       1       1       1        1
SMALL2      1     1       1       0       1       1        1
SMALL3      1     1       1       1       0       1        1
SMALL4      1     1       1       1       1       0        1
STORAGE     1     1       1       1       1       1        0
📍 Calculating distances from scenario coordinates
✅ Using calculated distances from topology coordinates
Distance matrix saved for both networks
Created smooth electricity prices for BIG1:
Created smooth electricity prices for BIG2:
Created smooth electricity prices for SMALL1:
Created smooth electricity prices for SMALL2:
Created smooth electricity prices for SMALL3:
Created smooth electricity prices for SMALL4:
Created smooth electricity prices for STORAGE:
[SUCCESS] Model created: parallel_run_0031
[CREATE] Creating model: parallel_run_0036
      Node       lon        lat  alt
0     BIG1  0.836099  51.924400    0
1     BIG2  8.119301  51.924400    0
2   SMALL1  7.682309  51.026089    0
3   SMALL2  4.769028  51.026089    0
4   SMALL3  7.682309  52.822711    0
5   SMALL4  4.769028  52.822711    0
6  STORAGE  6.496768  51.071748    0
New network
Max size per arc:          BIG1  BIG2  SMALL1  SMALL2  SMALL3  SMALL4  STORAGE
BIG1        0  1000    1000    1000    1000    1000     1000
BIG2     1000     0    1000    1000    1000    1000     1000
SMALL1   1000  1000       0    1000    1000    1000     1000
SMALL2   1000  1000    1000       0    1000    1000     1000
SMALL3   1000  1000    1000    1000       0    1000     1000
SMALL4   1000  1000    1000    1000    1000       0     1000
STORAGE  1000  1000    1000    1000    1000    1000        0
Connection:          BIG1  BIG2  SMALL1  SMALL2  SMALL3  SMALL4  STORAGE
BIG1        0     1       1       1       1       1        1
BIG2        1     0       1       1       1       1        1
SMALL1      1     1       0       1       1       1        1
SMALL2      1     1       1       0       1       1        1
SMALL3      1     1       1       1       0       1        1
SMALL4      1     1       1       1       1       0        1
STORAGE     1     1       1       1       1       1        0
📍 Calculating distances from scenario coordinates
✅ Using calculated distances from topology coordinates
Distance matrix saved for both networks
Created smooth electricity prices for BIG1:
Created smooth electricity prices for BIG2:
Created smooth electricity prices for SMALL1:
Created smooth electricity prices for SMALL2:
Created smooth electricity prices for SMALL3:
Created smooth electricity prices for SMALL4:
Created smooth electricity prices for STORAGE:
[SUCCESS] Model created: parallel_run_0036
[CREATE] Creating model: parallel_run_0043
      Node       lon        lat  alt
0     BIG1  0.836099  51.924400    0
1     BIG2  8.119301  51.924400    0
2   SMALL1  7.682309  51.026089    0
3   SMALL2  4.769028  51.026089    0
4   SMALL3  7.682309  52.822711    0
5   SMALL4  4.769028  52.822711    0
6  STORAGE  6.496768  51.071748    0
New network
Max size per arc:          BIG1  BIG2  SMALL1  SMALL2  SMALL3  SMALL4  STORAGE
BIG1        0  1000    1000    1000    1000    1000     1000
BIG2     1000     0    1000    1000    1000    1000     1000
SMALL1   1000  1000       0    1000    1000    1000     1000
SMALL2   1000  1000    1000       0    1000    1000     1000
SMALL3   1000  1000    1000    1000       0    1000     1000
SMALL4   1000  1000    1000    1000    1000       0     1000
STORAGE  1000  1000    1000    1000    1000    1000        0
Connection:          BIG1  BIG2  SMALL1  SMALL2  SMALL3  SMALL4  STORAGE
BIG1        0     1       1       1       1       1        1
BIG2        1     0       1       1       1       1        1
SMALL1      1     1       0       1       1       1        1
SMALL2      1     1       1       0       1       1        1
SMALL3      1     1       1       1       0       1        1
SMALL4      1     1       1       1       1       0        1
STORAGE     1     1       1       1       1       1        0
📍 Calculating distances from scenario coordinates
✅ Using calculated distances from topology coordinates
Distance matrix saved for both networks
Created smooth electricity prices for BIG1:
Created smooth electricity prices for BIG2:
Created smooth electricity prices for SMALL1:
Created smooth electricity prices for SMALL2:
Created smooth electricity prices for SMALL3:
Created smooth electricity prices for SMALL4:
Created smooth electricity prices for STORAGE:
[SUCCESS] Model created: parallel_run_0043
[CREATE] Creating model: parallel_run_0047
      Node       lon        lat  alt
0     BIG1  0.836099  51.924400    0
1     BIG2  8.119301  51.924400    0
2   SMALL1  7.682309  51.026089    0
3   SMALL2  4.769028  51.026089    0
4   SMALL3  7.682309  52.822711    0
5   SMALL4  4.769028  52.822711    0
6  STORAGE  6.496768  51.071748    0
New network
Max size per arc:          BIG1  BIG2  SMALL1  SMALL2  SMALL3  SMALL4  STORAGE
BIG1        0  1000    1000    1000    1000    1000     1000
BIG2     1000     0    1000    1000    1000    1000     1000
SMALL1   1000  1000       0    1000    1000    1000     1000
SMALL2   1000  1000    1000       0    1000    1000     1000
SMALL3   1000  1000    1000    1000       0    1000     1000
SMALL4   1000  1000    1000    1000    1000       0     1000
STORAGE  1000  1000    1000    1000    1000    1000        0
Connection:          BIG1  BIG2  SMALL1  SMALL2  SMALL3  SMALL4  STORAGE
BIG1        0     1       1       1       1       1        1
BIG2        1     0       1       1       1       1        1
SMALL1      1     1       0       1       1       1        1
SMALL2      1     1       1       0       1       1        1
SMALL3      1     1       1       1       0       1        1
SMALL4      1     1       1       1       1       0        1
STORAGE     1     1       1       1       1       1        0
📍 Calculating distances from scenario coordinates
✅ Using calculated distances from topology coordinates
Distance matrix saved for both networks
Created smooth electricity prices for BIG1:
Created smooth electricity prices for BIG2:
Created smooth electricity prices for SMALL1:
Created smooth electricity prices for SMALL2:
Created smooth electricity prices for SMALL3:
Created smooth electricity prices for SMALL4:
Created smooth electricity prices for STORAGE:
[SUCCESS] Model created: parallel_run_0047
[CREATE] Creating model: parallel_run_0002
      Node       lon        lat  alt
0     BIG1  0.836099  51.924400    0
1     BIG2  8.119301  51.924400    0
2   SMALL1  7.682309  51.026089    0
3   SMALL2  4.769028  51.026089    0
4   SMALL3  7.682309  52.822711    0
5   SMALL4  4.769028  52.822711    0
6  STORAGE  6.496768  51.071748    0
New network
Max size per arc:          BIG1  BIG2  SMALL1  SMALL2  SMALL3  SMALL4  STORAGE
BIG1        0  1000    1000    1000    1000    1000     1000
BIG2     1000     0    1000    1000    1000    1000     1000
SMALL1   1000  1000       0    1000    1000    1000     1000
SMALL2   1000  1000    1000       0    1000    1000     1000
SMALL3   1000  1000    1000    1000       0    1000     1000
SMALL4   1000  1000    1000    1000    1000       0     1000
STORAGE  1000  1000    1000    1000    1000    1000        0
Connection:          BIG1  BIG2  SMALL1  SMALL2  SMALL3  SMALL4  STORAGE
BIG1        0     1       1       1       1       1        1
BIG2        1     0       1       1       1       1        1
SMALL1      1     1       0       1       1       1        1
SMALL2      1     1       1       0       1       1        1
SMALL3      1     1       1       1       0       1        1
SMALL4      1     1       1       1       1       0        1
STORAGE     1     1       1       1       1       1        0
📍 Calculating distances from scenario coordinates
✅ Using calculated distances from topology coordinates
Distance matrix saved for both networks
Created smooth electricity prices for BIG1:
Created smooth electricity prices for BIG2:
Created smooth electricity prices for SMALL1:
Created smooth electricity prices for SMALL2:
Created smooth electricity prices for SMALL3:
Created smooth electricity prices for SMALL4:
Created smooth electricity prices for STORAGE:
[SUCCESS] Model created: parallel_run_0002
[CREATE] Creating model: parallel_run_0010
      Node       lon        lat  alt
0     BIG1  0.836099  51.924400    0
1     BIG2  8.119301  51.924400    0
2   SMALL1  7.682309  51.026089    0
3   SMALL2  4.769028  51.026089    0
4   SMALL3  7.682309  52.822711    0
5   SMALL4  4.769028  52.822711    0
6  STORAGE  6.496768  51.071748    0
New network
Max size per arc:          BIG1  BIG2  SMALL1  SMALL2  SMALL3  SMALL4  STORAGE
BIG1        0  1000    1000    1000    1000    1000     1000
BIG2     1000     0    1000    1000    1000    1000     1000
SMALL1   1000  1000       0    1000    1000    1000     1000
SMALL2   1000  1000    1000       0    1000    1000     1000
SMALL3   1000  1000    1000    1000       0    1000     1000
SMALL4   1000  1000    1000    1000    1000       0     1000
STORAGE  1000  1000    1000    1000    1000    1000        0
Connection:          BIG1  BIG2  SMALL1  SMALL2  SMALL3  SMALL4  STORAGE
BIG1        0     1       1       1       1       1        1
BIG2        1     0       1       1       1       1        1
SMALL1      1     1       0       1       1       1        1
SMALL2      1     1       1       0       1       1        1
SMALL3      1     1       1       1       0       1        1
SMALL4      1     1       1       1       1       0        1
STORAGE     1     1       1       1       1       1        0
📍 Calculating distances from scenario coordinates
✅ Using calculated distances from topology coordinates
Distance matrix saved for both networks
Created smooth electricity prices for BIG1:
Created smooth electricity prices for BIG2:
Created smooth electricity prices for SMALL1:
Created smooth electricity prices for SMALL2:
Created smooth electricity prices for SMALL3:
Created smooth electricity prices for SMALL4:
Created smooth electricity prices for STORAGE:
[SUCCESS] Model created: parallel_run_0010
[CREATE] Creating model: parallel_run_0015
      Node       lon        lat  alt
0     BIG1  0.836099  51.924400    0
1     BIG2  8.119301  51.924400    0
2   SMALL1  7.682309  51.026089    0
3   SMALL2  4.769028  51.026089    0
4   SMALL3  7.682309  52.822711    0
5   SMALL4  4.769028  52.822711    0
6  STORAGE  6.496768  51.071748    0
New network
Max size per arc:          BIG1  BIG2  SMALL1  SMALL2  SMALL3  SMALL4  STORAGE
BIG1        0  1000    1000    1000    1000    1000     1000
BIG2     1000     0    1000    1000    1000    1000     1000
SMALL1   1000  1000       0    1000    1000    1000     1000
SMALL2   1000  1000    1000       0    1000    1000     1000
SMALL3   1000  1000    1000    1000       0    1000     1000
SMALL4   1000  1000    1000    1000    1000       0     1000
STORAGE  1000  1000    1000    1000    1000    1000        0
Connection:          BIG1  BIG2  SMALL1  SMALL2  SMALL3  SMALL4  STORAGE
BIG1        0     1       1       1       1       1        1
BIG2        1     0       1       1       1       1        1
SMALL1      1     1       0       1       1       1        1
SMALL2      1     1       1       0       1       1        1
SMALL3      1     1       1       1       0       1        1
SMALL4      1     1       1       1       1       0        1
STORAGE     1     1       1       1       1       1        0
📍 Calculating distances from scenario coordinates
✅ Using calculated distances from topology coordinates
Distance matrix saved for both networks
Created smooth electricity prices for BIG1:
Created smooth electricity prices for BIG2:
Created smooth electricity prices for SMALL1:
Created smooth electricity prices for SMALL2:
Created smooth electricity prices for SMALL3:
Created smooth electricity prices for SMALL4:
Created smooth electricity prices for STORAGE:
[SUCCESS] Model created: parallel_run_0015
[CREATE] Creating model: parallel_run_0020
      Node       lon        lat  alt
0     BIG1  0.836099  51.924400    0
1     BIG2  8.119301  51.924400    0
2   SMALL1  7.682309  51.026089    0
3   SMALL2  4.769028  51.026089    0
4   SMALL3  7.682309  52.822711    0
5   SMALL4  4.769028  52.822711    0
6  STORAGE  6.496768  51.071748    0
New network
Max size per arc:          BIG1  BIG2  SMALL1  SMALL2  SMALL3  SMALL4  STORAGE
BIG1        0  1000    1000    1000    1000    1000     1000
BIG2     1000     0    1000    1000    1000    1000     1000
SMALL1   1000  1000       0    1000    1000    1000     1000
SMALL2   1000  1000    1000       0    1000    1000     1000
SMALL3   1000  1000    1000    1000       0    1000     1000
SMALL4   1000  1000    1000    1000    1000       0     1000
STORAGE  1000  1000    1000    1000    1000    1000        0
Connection:          BIG1  BIG2  SMALL1  SMALL2  SMALL3  SMALL4  STORAGE
BIG1        0     1       1       1       1       1        1
BIG2        1     0       1       1       1       1        1
SMALL1      1     1       0       1       1       1        1
SMALL2      1     1       1       0       1       1        1
SMALL3      1     1       1       1       0       1        1
SMALL4      1     1       1       1       1       0        1
STORAGE     1     1       1       1       1       1        0
📍 Calculating distances from scenario coordinates
✅ Using calculated distances from topology coordinates
Distance matrix saved for both networks
Created smooth electricity prices for BIG1:
Created smooth electricity prices for BIG2:
Created smooth electricity prices for SMALL1:
Created smooth electricity prices for SMALL2:
Created smooth electricity prices for SMALL3:
Created smooth electricity prices for SMALL4:
Created smooth electricity prices for STORAGE:
[SUCCESS] Model created: parallel_run_0020
[CREATE] Creating model: parallel_run_0025
      Node       lon        lat  alt
0     BIG1  0.836099  51.924400    0
1     BIG2  8.119301  51.924400    0
2   SMALL1  7.682309  51.026089    0
3   SMALL2  4.769028  51.026089    0
4   SMALL3  7.682309  52.822711    0
5   SMALL4  4.769028  52.822711    0
6  STORAGE  6.496768  51.071748    0
New network
Max size per arc:          BIG1  BIG2  SMALL1  SMALL2  SMALL3  SMALL4  STORAGE
BIG1        0  1000    1000    1000    1000    1000     1000
BIG2     1000     0    1000    1000    1000    1000     1000
SMALL1   1000  1000       0    1000    1000    1000     1000
SMALL2   1000  1000    1000       0    1000    1000     1000
SMALL3   1000  1000    1000    1000       0    1000     1000
SMALL4   1000  1000    1000    1000    1000       0     1000
STORAGE  1000  1000    1000    1000    1000    1000        0
Connection:          BIG1  BIG2  SMALL1  SMALL2  SMALL3  SMALL4  STORAGE
BIG1        0     1       1       1       1       1        1
BIG2        1     0       1       1       1       1        1
SMALL1      1     1       0       1       1       1        1
SMALL2      1     1       1       0       1       1        1
SMALL3      1     1       1       1       0       1        1
SMALL4      1     1       1       1       1       0        1
STORAGE     1     1       1       1       1       1        0
📍 Calculating distances from scenario coordinates
✅ Using calculated distances from topology coordinates
Distance matrix saved for both networks
Created smooth electricity prices for BIG1:
Created smooth electricity prices for BIG2:
Created smooth electricity prices for SMALL1:
Created smooth electricity prices for SMALL2:
Created smooth electricity prices for SMALL3:
Created smooth electricity prices for SMALL4:
Created smooth electricity prices for STORAGE:
[SUCCESS] Model created: parallel_run_0025
[CREATE] Creating model: parallel_run_0030
      Node       lon        lat  alt
0     BIG1  0.836099  51.924400    0
1     BIG2  8.119301  51.924400    0
2   SMALL1  7.682309  51.026089    0
3   SMALL2  4.769028  51.026089    0
4   SMALL3  7.682309  52.822711    0
5   SMALL4  4.769028  52.822711    0
6  STORAGE  6.496768  51.071748    0
New network
Max size per arc:          BIG1  BIG2  SMALL1  SMALL2  SMALL3  SMALL4  STORAGE
BIG1        0  1000    1000    1000    1000    1000     1000
BIG2     1000     0    1000    1000    1000    1000     1000
SMALL1   1000  1000       0    1000    1000    1000     1000
SMALL2   1000  1000    1000       0    1000    1000     1000
SMALL3   1000  1000    1000    1000       0    1000     1000
SMALL4   1000  1000    1000    1000    1000       0     1000
STORAGE  1000  1000    1000    1000    1000    1000        0
Connection:          BIG1  BIG2  SMALL1  SMALL2  SMALL3  SMALL4  STORAGE
BIG1        0     1       1       1       1       1        1
BIG2        1     0       1       1       1       1        1
SMALL1      1     1       0       1       1       1        1
SMALL2      1     1       1       0       1       1        1
SMALL3      1     1       1       1       0       1        1
SMALL4      1     1       1       1       1       0        1
STORAGE     1     1       1       1       1       1        0
📍 Calculating distances from scenario coordinates
✅ Using calculated distances from topology coordinates
Distance matrix saved for both networks
Created smooth electricity prices for BIG1:
Created smooth electricity prices for BIG2:
Created smooth electricity prices for SMALL1:
Created smooth electricity prices for SMALL2:
Created smooth electricity prices for SMALL3:
Created smooth electricity prices for SMALL4:
Created smooth electricity prices for STORAGE:
[SUCCESS] Model created: parallel_run_0030
[CREATE] Creating model: parallel_run_0035
      Node       lon        lat  alt
0     BIG1  0.836099  51.924400    0
1     BIG2  8.119301  51.924400    0
2   SMALL1  7.682309  51.026089    0
3   SMALL2  4.769028  51.026089    0
4   SMALL3  7.682309  52.822711    0
5   SMALL4  4.769028  52.822711    0
6  STORAGE  6.496768  51.071748    0
New network
Max size per arc:          BIG1  BIG2  SMALL1  SMALL2  SMALL3  SMALL4  STORAGE
BIG1        0  1000    1000    1000    1000    1000     1000
BIG2     1000     0    1000    1000    1000    1000     1000
SMALL1   1000  1000       0    1000    1000    1000     1000
SMALL2   1000  1000    1000       0    1000    1000     1000
SMALL3   1000  1000    1000    1000       0    1000     1000
SMALL4   1000  1000    1000    1000    1000       0     1000
STORAGE  1000  1000    1000    1000    1000    1000        0
Connection:          BIG1  BIG2  SMALL1  SMALL2  SMALL3  SMALL4  STORAGE
BIG1        0     1       1       1       1       1        1
BIG2        1     0       1       1       1       1        1
SMALL1      1     1       0       1       1       1        1
SMALL2      1     1       1       0       1       1        1
SMALL3      1     1       1       1       0       1        1
SMALL4      1     1       1       1       1       0        1
STORAGE     1     1       1       1       1       1        0
📍 Calculating distances from scenario coordinates
✅ Using calculated distances from topology coordinates
Distance matrix saved for both networks
Created smooth electricity prices for BIG1:
Created smooth electricity prices for BIG2:
Created smooth electricity prices for SMALL1:
Created smooth electricity prices for SMALL2:
Created smooth electricity prices for SMALL3:
Created smooth electricity prices for SMALL4:
Created smooth electricity prices for STORAGE:
[SUCCESS] Model created: parallel_run_0035
[CREATE] Creating model: parallel_run_0040
      Node       lon        lat  alt
0     BIG1  0.836099  51.924400    0
1     BIG2  8.119301  51.924400    0
2   SMALL1  7.682309  51.026089    0
3   SMALL2  4.769028  51.026089    0
4   SMALL3  7.682309  52.822711    0
5   SMALL4  4.769028  52.822711    0
6  STORAGE  6.496768  51.071748    0
New network
Max size per arc:          BIG1  BIG2  SMALL1  SMALL2  SMALL3  SMALL4  STORAGE
BIG1        0  1000    1000    1000    1000    1000     1000
BIG2     1000     0    1000    1000    1000    1000     1000
SMALL1   1000  1000       0    1000    1000    1000     1000
SMALL2   1000  1000    1000       0    1000    1000     1000
SMALL3   1000  1000    1000    1000       0    1000     1000
SMALL4   1000  1000    1000    1000    1000       0     1000
STORAGE  1000  1000    1000    1000    1000    1000        0
Connection:          BIG1  BIG2  SMALL1  SMALL2  SMALL3  SMALL4  STORAGE
BIG1        0     1       1       1       1       1        1
BIG2        1     0       1       1       1       1        1
SMALL1      1     1       0       1       1       1        1
SMALL2      1     1       1       0       1       1        1
SMALL3      1     1       1       1       0       1        1
SMALL4      1     1       1       1       1       0        1
STORAGE     1     1       1       1       1       1        0
📍 Calculating distances from scenario coordinates
✅ Using calculated distances from topology coordinates
Distance matrix saved for both networks
Created smooth electricity prices for BIG1:
Created smooth electricity prices for BIG2:
Created smooth electricity prices for SMALL1:
Created smooth electricity prices for SMALL2:
Created smooth electricity prices for SMALL3:
Created smooth electricity prices for SMALL4:
Created smooth electricity prices for STORAGE:
[SUCCESS] Model created: parallel_run_0040
[CREATE] Creating model: parallel_run_0045
      Node       lon        lat  alt
0     BIG1  0.836099  51.924400    0
1     BIG2  8.119301  51.924400    0
2   SMALL1  7.682309  51.026089    0
3   SMALL2  4.769028  51.026089    0
4   SMALL3  7.682309  52.822711    0
5   SMALL4  4.769028  52.822711    0
6  STORAGE  6.496768  51.071748    0
New network
Max size per arc:          BIG1  BIG2  SMALL1  SMALL2  SMALL3  SMALL4  STORAGE
BIG1        0  1000    1000    1000    1000    1000     1000
BIG2     1000     0    1000    1000    1000    1000     1000
SMALL1   1000  1000       0    1000    1000    1000     1000
SMALL2   1000  1000    1000       0    1000    1000     1000
SMALL3   1000  1000    1000    1000       0    1000     1000
SMALL4   1000  1000    1000    1000    1000       0     1000
STORAGE  1000  1000    1000    1000    1000    1000        0
Connection:          BIG1  BIG2  SMALL1  SMALL2  SMALL3  SMALL4  STORAGE
BIG1        0     1       1       1       1       1        1
BIG2        1     0       1       1       1       1        1
SMALL1      1     1       0       1       1       1        1
SMALL2      1     1       1       0       1       1        1
SMALL3      1     1       1       1       0       1        1
SMALL4      1     1       1       1       1       0        1
STORAGE     1     1       1       1       1       1        0
📍 Calculating distances from scenario coordinates
✅ Using calculated distances from topology coordinates
Distance matrix saved for both networks
Created smooth electricity prices for BIG1:
Created smooth electricity prices for BIG2:
Created smooth electricity prices for SMALL1:
Created smooth electricity prices for SMALL2:
Created smooth electricity prices for SMALL3:
Created smooth electricity prices for SMALL4:
Created smooth electricity prices for STORAGE:
[SUCCESS] Model created: parallel_run_0045
[CREATE] Creating model: parallel_run_0050
      Node       lon        lat  alt
0     BIG1  0.836099  51.924400    0
1     BIG2  8.119301  51.924400    0
2   SMALL1  7.682309  51.026089    0
3   SMALL2  4.769028  51.026089    0
4   SMALL3  7.682309  52.822711    0
5   SMALL4  4.769028  52.822711    0
6  STORAGE  6.496768  51.071748    0
New network
Max size per arc:          BIG1  BIG2  SMALL1  SMALL2  SMALL3  SMALL4  STORAGE
BIG1        0  1000    1000    1000    1000    1000     1000
BIG2     1000     0    1000    1000    1000    1000     1000
SMALL1   1000  1000       0    1000    1000    1000     1000
SMALL2   1000  1000    1000       0    1000    1000     1000
SMALL3   1000  1000    1000    1000       0    1000     1000
SMALL4   1000  1000    1000    1000    1000       0     1000
STORAGE  1000  1000    1000    1000    1000    1000        0
Connection:          BIG1  BIG2  SMALL1  SMALL2  SMALL3  SMALL4  STORAGE
BIG1        0     1       1       1       1       1        1
BIG2        1     0       1       1       1       1        1
SMALL1      1     1       0       1       1       1        1
SMALL2      1     1       1       0       1       1        1
SMALL3      1     1       1       1       0       1        1
SMALL4      1     1       1       1       1       0        1
STORAGE     1     1       1       1       1       1        0
📍 Calculating distances from scenario coordinates
✅ Using calculated distances from topology coordinates
Distance matrix saved for both networks
Created smooth electricity prices for BIG1:
Created smooth electricity prices for BIG2:
Created smooth electricity prices for SMALL1:
Created smooth electricity prices for SMALL2:
Created smooth electricity prices for SMALL3:
Created smooth electricity prices for SMALL4:
Created smooth electricity prices for STORAGE:
[SUCCESS] Model created: parallel_run_0050
[CREATE] Creating model: parallel_run_0001
      Node       lon        lat  alt
0     BIG1  0.836099  51.924400    0
1     BIG2  8.119301  51.924400    0
2   SMALL1  7.682309  51.026089    0
3   SMALL2  4.769028  51.026089    0
4   SMALL3  7.682309  52.822711    0
5   SMALL4  4.769028  52.822711    0
6  STORAGE  6.496768  51.071748    0
New network
Max size per arc:          BIG1  BIG2  SMALL1  SMALL2  SMALL3  SMALL4  STORAGE
BIG1        0  1000    1000    1000    1000    1000     1000
BIG2     1000     0    1000    1000    1000    1000     1000
SMALL1   1000  1000       0    1000    1000    1000     1000
SMALL2   1000  1000    1000       0    1000    1000     1000
SMALL3   1000  1000    1000    1000       0    1000     1000
SMALL4   1000  1000    1000    1000    1000       0     1000
STORAGE  1000  1000    1000    1000    1000    1000        0
Connection:          BIG1  BIG2  SMALL1  SMALL2  SMALL3  SMALL4  STORAGE
BIG1        0     1       1       1       1       1        1
BIG2        1     0       1       1       1       1        1
SMALL1      1     1       0       1       1       1        1
SMALL2      1     1       1       0       1       1        1
SMALL3      1     1       1       1       0       1        1
SMALL4      1     1       1       1       1       0        1
STORAGE     1     1       1       1       1       1        0
📍 Calculating distances from scenario coordinates
✅ Using calculated distances from topology coordinates
Distance matrix saved for both networks
Created smooth electricity prices for BIG1:
Created smooth electricity prices for BIG2:
Created smooth electricity prices for SMALL1:
Created smooth electricity prices for SMALL2:
Created smooth electricity prices for SMALL3:
Created smooth electricity prices for SMALL4:
Created smooth electricity prices for STORAGE:
[SUCCESS] Model created: parallel_run_0001
[CREATE] Creating model: parallel_run_0006
      Node       lon        lat  alt
0     BIG1  0.836099  51.924400    0
1     BIG2  8.119301  51.924400    0
2   SMALL1  7.682309  51.026089    0
3   SMALL2  4.769028  51.026089    0
4   SMALL3  7.682309  52.822711    0
5   SMALL4  4.769028  52.822711    0
6  STORAGE  6.496768  51.071748    0
New network
Max size per arc:          BIG1  BIG2  SMALL1  SMALL2  SMALL3  SMALL4  STORAGE
BIG1        0  1000    1000    1000    1000    1000     1000
BIG2     1000     0    1000    1000    1000    1000     1000
SMALL1   1000  1000       0    1000    1000    1000     1000
SMALL2   1000  1000    1000       0    1000    1000     1000
SMALL3   1000  1000    1000    1000       0    1000     1000
SMALL4   1000  1000    1000    1000    1000       0     1000
STORAGE  1000  1000    1000    1000    1000    1000        0
Connection:          BIG1  BIG2  SMALL1  SMALL2  SMALL3  SMALL4  STORAGE
BIG1        0     1       1       1       1       1        1
BIG2        1     0       1       1       1       1        1
SMALL1      1     1       0       1       1       1        1
SMALL2      1     1       1       0       1       1        1
SMALL3      1     1       1       1       0       1        1
SMALL4      1     1       1       1       1       0        1
STORAGE     1     1       1       1       1       1        0
📍 Calculating distances from scenario coordinates
✅ Using calculated distances from topology coordinates
Distance matrix saved for both networks
Created smooth electricity prices for BIG1:
Created smooth electricity prices for BIG2:
Created smooth electricity prices for SMALL1:
Created smooth electricity prices for SMALL2:
Created smooth electricity prices for SMALL3:
Created smooth electricity prices for SMALL4:
Created smooth electricity prices for STORAGE:
[SUCCESS] Model created: parallel_run_0006
[CREATE] Creating model: parallel_run_0014
      Node       lon        lat  alt
0     BIG1  0.836099  51.924400    0
1     BIG2  8.119301  51.924400    0
2   SMALL1  7.682309  51.026089    0
3   SMALL2  4.769028  51.026089    0
4   SMALL3  7.682309  52.822711    0
5   SMALL4  4.769028  52.822711    0
6  STORAGE  6.496768  51.071748    0
New network
Max size per arc:          BIG1  BIG2  SMALL1  SMALL2  SMALL3  SMALL4  STORAGE
BIG1        0  1000    1000    1000    1000    1000     1000
BIG2     1000     0    1000    1000    1000    1000     1000
SMALL1   1000  1000       0    1000    1000    1000     1000
SMALL2   1000  1000    1000       0    1000    1000     1000
SMALL3   1000  1000    1000    1000       0    1000     1000
SMALL4   1000  1000    1000    1000    1000       0     1000
STORAGE  1000  1000    1000    1000    1000    1000        0
Connection:          BIG1  BIG2  SMALL1  SMALL2  SMALL3  SMALL4  STORAGE
BIG1        0     1       1       1       1       1        1
BIG2        1     0       1       1       1       1        1
SMALL1      1     1       0       1       1       1        1
SMALL2      1     1       1       0       1       1        1
SMALL3      1     1       1       1       0       1        1
SMALL4      1     1       1       1       1       0        1
STORAGE     1     1       1       1       1       1        0
📍 Calculating distances from scenario coordinates
✅ Using calculated distances from topology coordinates
Distance matrix saved for both networks
Created smooth electricity prices for BIG1:
Created smooth electricity prices for BIG2:
Created smooth electricity prices for SMALL1:
Created smooth electricity prices for SMALL2:
Created smooth electricity prices for SMALL3:
Created smooth electricity prices for SMALL4:
Created smooth electricity prices for STORAGE:
[SUCCESS] Model created: parallel_run_0014
[CREATE] Creating model: parallel_run_0018
      Node       lon        lat  alt
0     BIG1  0.836099  51.924400    0
1     BIG2  8.119301  51.924400    0
2   SMALL1  7.682309  51.026089    0
3   SMALL2  4.769028  51.026089    0
4   SMALL3  7.682309  52.822711    0
5   SMALL4  4.769028  52.822711    0
6  STORAGE  6.496768  51.071748    0
New network
Max size per arc:          BIG1  BIG2  SMALL1  SMALL2  SMALL3  SMALL4  STORAGE
BIG1        0  1000    1000    1000    1000    1000     1000
BIG2     1000     0    1000    1000    1000    1000     1000
SMALL1   1000  1000       0    1000    1000    1000     1000
SMALL2   1000  1000    1000       0    1000    1000     1000
SMALL3   1000  1000    1000    1000       0    1000     1000
SMALL4   1000  1000    1000    1000    1000       0     1000
STORAGE  1000  1000    1000    1000    1000    1000        0
Connection:          BIG1  BIG2  SMALL1  SMALL2  SMALL3  SMALL4  STORAGE
BIG1        0     1       1       1       1       1        1
BIG2        1     0       1       1       1       1        1
SMALL1      1     1       0       1       1       1        1
SMALL2      1     1       1       0       1       1        1
SMALL3      1     1       1       1       0       1        1
SMALL4      1     1       1       1       1       0        1
STORAGE     1     1       1       1       1       1        0
📍 Calculating distances from scenario coordinates
✅ Using calculated distances from topology coordinates
Distance matrix saved for both networks
Created smooth electricity prices for BIG1:
Created smooth electricity prices for BIG2:
Created smooth electricity prices for SMALL1:
Created smooth electricity prices for SMALL2:
Created smooth electricity prices for SMALL3:
Created smooth electricity prices for SMALL4:
Created smooth electricity prices for STORAGE:
[SUCCESS] Model created: parallel_run_0018
[CREATE] Creating model: parallel_run_0024
      Node       lon        lat  alt
0     BIG1  0.836099  51.924400    0
1     BIG2  8.119301  51.924400    0
2   SMALL1  7.682309  51.026089    0
3   SMALL2  4.769028  51.026089    0
4   SMALL3  7.682309  52.822711    0
5   SMALL4  4.769028  52.822711    0
6  STORAGE  6.496768  51.071748    0
New network
Max size per arc:          BIG1  BIG2  SMALL1  SMALL2  SMALL3  SMALL4  STORAGE
BIG1        0  1000    1000    1000    1000    1000     1000
BIG2     1000     0    1000    1000    1000    1000     1000
SMALL1   1000  1000       0    1000    1000    1000     1000
SMALL2   1000  1000    1000       0    1000    1000     1000
SMALL3   1000  1000    1000    1000       0    1000     1000
SMALL4   1000  1000    1000    1000    1000       0     1000
STORAGE  1000  1000    1000    1000    1000    1000        0
Connection:          BIG1  BIG2  SMALL1  SMALL2  SMALL3  SMALL4  STORAGE
BIG1        0     1       1       1       1       1        1
BIG2        1     0       1       1       1       1        1
SMALL1      1     1       0       1       1       1        1
SMALL2      1     1       1       0       1       1        1
SMALL3      1     1       1       1       0       1        1
SMALL4      1     1       1       1       1       0        1
STORAGE     1     1       1       1       1       1        0
📍 Calculating distances from scenario coordinates
✅ Using calculated distances from topology coordinates
Distance matrix saved for both networks
Created smooth electricity prices for BIG1:
Created smooth electricity prices for BIG2:
Created smooth electricity prices for SMALL1:
Created smooth electricity prices for SMALL2:
Created smooth electricity prices for SMALL3:
Created smooth electricity prices for SMALL4:
Created smooth electricity prices for STORAGE:
[SUCCESS] Model created: parallel_run_0024
[CREATE] Creating model: parallel_run_0029
      Node       lon        lat  alt
0     BIG1  0.836099  51.924400    0
1     BIG2  8.119301  51.924400    0
2   SMALL1  7.682309  51.026089    0
3   SMALL2  4.769028  51.026089    0
4   SMALL3  7.682309  52.822711    0
5   SMALL4  4.769028  52.822711    0
6  STORAGE  6.496768  51.071748    0
New network
Max size per arc:          BIG1  BIG2  SMALL1  SMALL2  SMALL3  SMALL4  STORAGE
BIG1        0  1000    1000    1000    1000    1000     1000
BIG2     1000     0    1000    1000    1000    1000     1000
SMALL1   1000  1000       0    1000    1000    1000     1000
SMALL2   1000  1000    1000       0    1000    1000     1000
SMALL3   1000  1000    1000    1000       0    1000     1000
SMALL4   1000  1000    1000    1000    1000       0     1000
STORAGE  1000  1000    1000    1000    1000    1000        0
Connection:          BIG1  BIG2  SMALL1  SMALL2  SMALL3  SMALL4  STORAGE
BIG1        0     1       1       1       1       1        1
BIG2        1     0       1       1       1       1        1
SMALL1      1     1       0       1       1       1        1
SMALL2      1     1       1       0       1       1        1
SMALL3      1     1       1       1       0       1        1
SMALL4      1     1       1       1       1       0        1
STORAGE     1     1       1       1       1       1        0
📍 Calculating distances from scenario coordinates
✅ Using calculated distances from topology coordinates
Distance matrix saved for both networks
Created smooth electricity prices for BIG1:
Created smooth electricity prices for BIG2:
Created smooth electricity prices for SMALL1:
Created smooth electricity prices for SMALL2:
Created smooth electricity prices for SMALL3:
Created smooth electricity prices for SMALL4:
Created smooth electricity prices for STORAGE:
[SUCCESS] Model created: parallel_run_0029
[CREATE] Creating model: parallel_run_0034
      Node       lon        lat  alt
0     BIG1  0.836099  51.924400    0
1     BIG2  8.119301  51.924400    0
2   SMALL1  7.682309  51.026089    0
3   SMALL2  4.769028  51.026089    0
4   SMALL3  7.682309  52.822711    0
5   SMALL4  4.769028  52.822711    0
6  STORAGE  6.496768  51.071748    0
New network
Max size per arc:          BIG1  BIG2  SMALL1  SMALL2  SMALL3  SMALL4  STORAGE
BIG1        0  1000    1000    1000    1000    1000     1000
BIG2     1000     0    1000    1000    1000    1000     1000
SMALL1   1000  1000       0    1000    1000    1000     1000
SMALL2   1000  1000    1000       0    1000    1000     1000
SMALL3   1000  1000    1000    1000       0    1000     1000
SMALL4   1000  1000    1000    1000    1000       0     1000
STORAGE  1000  1000    1000    1000    1000    1000        0
Connection:          BIG1  BIG2  SMALL1  SMALL2  SMALL3  SMALL4  STORAGE
BIG1        0     1       1       1       1       1        1
BIG2        1     0       1       1       1       1        1
SMALL1      1     1       0       1       1       1        1
SMALL2      1     1       1       0       1       1        1
SMALL3      1     1       1       1       0       1        1
SMALL4      1     1       1       1       1       0        1
STORAGE     1     1       1       1       1       1        0
📍 Calculating distances from scenario coordinates
✅ Using calculated distances from topology coordinates
Distance matrix saved for both networks
Created smooth electricity prices for BIG1:
Created smooth electricity prices for BIG2:
Created smooth electricity prices for SMALL1:
Created smooth electricity prices for SMALL2:
Created smooth electricity prices for SMALL3:
Created smooth electricity prices for SMALL4:
Created smooth electricity prices for STORAGE:
[SUCCESS] Model created: parallel_run_0034
[CREATE] Creating model: parallel_run_0039
      Node       lon        lat  alt
0     BIG1  0.836099  51.924400    0
1     BIG2  8.119301  51.924400    0
2   SMALL1  7.682309  51.026089    0
3   SMALL2  4.769028  51.026089    0
4   SMALL3  7.682309  52.822711    0
5   SMALL4  4.769028  52.822711    0
6  STORAGE  6.496768  51.071748    0
New network
Max size per arc:          BIG1  BIG2  SMALL1  SMALL2  SMALL3  SMALL4  STORAGE
BIG1        0  1000    1000    1000    1000    1000     1000
BIG2     1000     0    1000    1000    1000    1000     1000
SMALL1   1000  1000       0    1000    1000    1000     1000
SMALL2   1000  1000    1000       0    1000    1000     1000
SMALL3   1000  1000    1000    1000       0    1000     1000
SMALL4   1000  1000    1000    1000    1000       0     1000
STORAGE  1000  1000    1000    1000    1000    1000        0
Connection:          BIG1  BIG2  SMALL1  SMALL2  SMALL3  SMALL4  STORAGE
BIG1        0     1       1       1       1       1        1
BIG2        1     0       1       1       1       1        1
SMALL1      1     1       0       1       1       1        1
SMALL2      1     1       1       0       1       1        1
SMALL3      1     1       1       1       0       1        1
SMALL4      1     1       1       1       1       0        1
STORAGE     1     1       1       1       1       1        0
📍 Calculating distances from scenario coordinates
✅ Using calculated distances from topology coordinates
Distance matrix saved for both networks
Created smooth electricity prices for BIG1:
Created smooth electricity prices for BIG2:
Created smooth electricity prices for SMALL1:
Created smooth electricity prices for SMALL2:
Created smooth electricity prices for SMALL3:
Created smooth electricity prices for SMALL4:
Created smooth electricity prices for STORAGE:
[SUCCESS] Model created: parallel_run_0039
[CREATE] Creating model: parallel_run_0044
      Node       lon        lat  alt
0     BIG1  0.836099  51.924400    0
1     BIG2  8.119301  51.924400    0
2   SMALL1  7.682309  51.026089    0
3   SMALL2  4.769028  51.026089    0
4   SMALL3  7.682309  52.822711    0
5   SMALL4  4.769028  52.822711    0
6  STORAGE  6.496768  51.071748    0
New network
Max size per arc:          BIG1  BIG2  SMALL1  SMALL2  SMALL3  SMALL4  STORAGE
BIG1        0  1000    1000    1000    1000    1000     1000
BIG2     1000     0    1000    1000    1000    1000     1000
SMALL1   1000  1000       0    1000    1000    1000     1000
SMALL2   1000  1000    1000       0    1000    1000     1000
SMALL3   1000  1000    1000    1000       0    1000     1000
SMALL4   1000  1000    1000    1000    1000       0     1000
STORAGE  1000  1000    1000    1000    1000    1000        0
Connection:          BIG1  BIG2  SMALL1  SMALL2  SMALL3  SMALL4  STORAGE
BIG1        0     1       1       1       1       1        1
BIG2        1     0       1       1       1       1        1
SMALL1      1     1       0       1       1       1        1
SMALL2      1     1       1       0       1       1        1
SMALL3      1     1       1       1       0       1        1
SMALL4      1     1       1       1       1       0        1
STORAGE     1     1       1       1       1       1        0
📍 Calculating distances from scenario coordinates
✅ Using calculated distances from topology coordinates
Distance matrix saved for both networks
Created smooth electricity prices for BIG1:
Created smooth electricity prices for BIG2:
Created smooth electricity prices for SMALL1:
Created smooth electricity prices for SMALL2:
Created smooth electricity prices for SMALL3:
Created smooth electricity prices for SMALL4:
Created smooth electricity prices for STORAGE:
[SUCCESS] Model created: parallel_run_0044
[CREATE] Creating model: parallel_run_0049
      Node       lon        lat  alt
0     BIG1  0.836099  51.924400    0
1     BIG2  8.119301  51.924400    0
2   SMALL1  7.682309  51.026089    0
3   SMALL2  4.769028  51.026089    0
4   SMALL3  7.682309  52.822711    0
5   SMALL4  4.769028  52.822711    0
6  STORAGE  6.496768  51.071748    0
New network
Max size per arc:          BIG1  BIG2  SMALL1  SMALL2  SMALL3  SMALL4  STORAGE
BIG1        0  1000    1000    1000    1000    1000     1000
BIG2     1000     0    1000    1000    1000    1000     1000
SMALL1   1000  1000       0    1000    1000    1000     1000
SMALL2   1000  1000    1000       0    1000    1000     1000
SMALL3   1000  1000    1000    1000       0    1000     1000
SMALL4   1000  1000    1000    1000    1000       0     1000
STORAGE  1000  1000    1000    1000    1000    1000        0
Connection:          BIG1  BIG2  SMALL1  SMALL2  SMALL3  SMALL4  STORAGE
BIG1        0     1       1       1       1       1        1
BIG2        1     0       1       1       1       1        1
SMALL1      1     1       0       1       1       1        1
SMALL2      1     1       1       0       1       1        1
SMALL3      1     1       1       1       0       1        1
SMALL4      1     1       1       1       1       0        1
STORAGE     1     1       1       1       1       1        0
📍 Calculating distances from scenario coordinates
✅ Using calculated distances from topology coordinates
Distance matrix saved for both networks
Created smooth electricity prices for BIG1:
Created smooth electricity prices for BIG2:
Created smooth electricity prices for SMALL1:
Created smooth electricity prices for SMALL2:
Created smooth electricity prices for SMALL3:
Created smooth electricity prices for SMALL4:
Created smooth electricity prices for STORAGE:
[SUCCESS] Model created: parallel_run_0049
Model creation progress: 1/50 completed
Model creation progress: 2/50 completed
Model creation progress: 3/50 completed
Model creation progress: 4/50 completed
Model creation progress: 5/50 completed
Model creation progress: 6/50 completed
Model creation progress: 7/50 completed
Model creation progress: 8/50 completed
Model creation progress: 9/50 completed
Model creation progress: 10/50 completed
Model creation progress: 11/50 completed
Model creation progress: 12/50 completed
Model creation progress: 13/50 completed
Model creation progress: 14/50 completed
Model creation progress: 15/50 completed
Model creation progress: 16/50 completed
Model creation progress: 17/50 completed
Model creation progress: 18/50 completed
Model creation progress: 19/50 completed
Model creation progress: 20/50 completed
Model creation progress: 21/50 completed
Model creation progress: 22/50 completed
Model creation progress: 23/50 completed
Model creation progress: 24/50 completed
Model creation progress: 25/50 completed
Model creation progress: 26/50 completed
Model creation progress: 27/50 completed
Model creation progress: 28/50 completed
Model creation progress: 29/50 completed
Model creation progress: 30/50 completed
Model creation progress: 31/50 completed
Model creation progress: 32/50 completed
Model creation progress: 33/50 completed
Model creation progress: 34/50 completed
Model creation progress: 35/50 completed
Model creation progress: 36/50 completed
Model creation progress: 37/50 completed
Model creation progress: 38/50 completed
Model creation progress: 39/50 completed
Model creation progress: 40/50 completed
Model creation progress: 41/50 completed
Model creation progress: 42/50 completed
Model creation progress: 43/50 completed
Model creation progress: 44/50 completed
Model creation progress: 45/50 completed
Model creation progress: 46/50 completed
Model creation progress: 47/50 completed
Model creation progress: 48/50 completed
Model creation progress: 49/50 completed
Model creation progress: 50/50 completed

[COMPLETE] Model creation complete: 50 models ready to solve
   Creation time: 86.8s (1.4 min)

================================================================================
PHASE 2: Solving 50 models in PARALLEL
Using 'spawn' context for clean Gurobi environment per worker
================================================================================

[SOLVING] parallel_run_0003
Set parameter WLSAccessID
[SOLVING] parallel_run_0004
Set parameter WLSAccessID
[SOLVING] parallel_run_0005
Set parameter WLSAccessID
[SOLVING] parallel_run_0001
Set parameter WLSAccessID
Set parameter WLSSecret
Set parameter WLSSecret
Set parameter WLSSecret
Set parameter LicenseID to value 2729390
Set parameter WLSSecret
Set parameter LicenseID to value 2729390
Set parameter LicenseID to value 2729390
Set parameter LicenseID to value 2729390
[SOLVING] parallel_run_0002
Set parameter WLSAccessID
Set parameter WLSSecret
Set parameter LicenseID to value 2729390
Academic license 2729390 - for non-commercial use only - registered to m.___@uu.nl
Set parameter Threads to value 8
Academic license 2729390 - for non-commercial use only - registered to m.___@uu.nl
Set parameter Threads to value 8
Academic license 2729390 - for non-commercial use only - registered to m.___@uu.nl
Set parameter Threads to value 8
Academic license 2729390 - for non-commercial use only - registered to m.___@uu.nl
Set parameter Threads to value 8
Academic license 2729390 - for non-commercial use only - registered to m.___@uu.nl
Set parameter Threads to value 8
  [CONFIG] Gurobi default env configured: 8 threads per worker
--- Reading in data ---
Input data folder has been checked successfully - no errors occurred.
--- Reading in data complete ---
--- Constructing Model ---
Constructing Investment Period period1
Constructing Investment Period period1 completed
	 - Constructing Network hydrogenPipelineOnshore_lowP
			gdp.bigm Transformation...
			gdp.bigm Transformation completed in 0 s
		 - Constructing Arc BIG1 - BIG2 completed
			gdp.bigm Transformation...
			gdp.bigm Transformation completed in 0 s
		 - Constructing Arc BIG1 - SMALL1 completed
			gdp.bigm Transformation...
			gdp.bigm Transformation completed in 0 s
		 - Constructing Arc BIG1 - SMALL2 completed
			gdp.bigm Transformation...
			gdp.bigm Transformation completed in 0 s
		 - Constructing Arc BIG1 - SMALL3 completed
			gdp.bigm Transformation...
			gdp.bigm Transformation completed in 0 s
		 - Constructing Arc BIG1 - SMALL4 completed
			gdp.bigm Transformation...
			gdp.bigm Transformation completed in 0 s
		 - Constructing Arc BIG1 - STORAGE completed
			gdp.bigm Transformation...
			gdp.bigm Transformation completed in 0 s
		 - Constructing Arc BIG2 - BIG1 completed
			gdp.bigm Transformation...
			gdp.bigm Transformation completed in 0 s
		 - Constructing Arc BIG2 - SMALL1 completed
			gdp.bigm Transformation...
			gdp.bigm Transformation completed in 0 s
		 - Constructing Arc BIG2 - SMALL2 completed
			gdp.bigm Transformation...
			gdp.bigm Transformation completed in 0 s
		 - Constructing Arc BIG2 - SMALL3 completed
			gdp.bigm Transformation...
			gdp.bigm Transformation completed in 0 s
		 - Constructing Arc BIG2 - SMALL4 completed
			gdp.bigm Transformation...
			gdp.bigm Transformation completed in 0 s
		 - Constructing Arc BIG2 - STORAGE completed
			gdp.bigm Transformation...
			gdp.bigm Transformation completed in 0 s
		 - Constructing Arc SMALL1 - BIG1 completed
			gdp.bigm Transformation...
			gdp.bigm Transformation completed in 0 s
		 - Constructing Arc SMALL1 - BIG2 completed
			gdp.bigm Transformation...
			gdp.bigm Transformation completed in 0 s
		 - Constructing Arc SMALL1 - SMALL2 completed
			gdp.bigm Transformation...
			gdp.bigm Transformation completed in 0 s
		 - Constructing Arc SMALL1 - SMALL3 completed
			gdp.bigm Transformation...
			gdp.bigm Transformation completed in 0 s
		 - Constructing Arc SMALL1 - SMALL4 completed
			gdp.bigm Transformation...
			gdp.bigm Transformation completed in 0 s
		 - Constructing Arc SMALL1 - STORAGE completed
			gdp.bigm Transformation...
			gdp.bigm Transformation completed in 0 s
		 - Constructing Arc SMALL2 - BIG1 completed
			gdp.bigm Transformation...
			gdp.bigm Transformation completed in 0 s
		 - Constructing Arc SMALL2 - BIG2 completed
			gdp.bigm Transformation...
			gdp.bigm Transformation completed in 0 s
		 - Constructing Arc SMALL2 - SMALL1 completed
			gdp.bigm Transformation...
			gdp.bigm Transformation completed in 0 s
		 - Constructing Arc SMALL2 - SMALL3 completed
			gdp.bigm Transformation...
			gdp.bigm Transformation completed in 0 s
		 - Constructing Arc SMALL2 - SMALL4 completed
			gdp.bigm Transformation...
			gdp.bigm Transformation completed in 0 s
		 - Constructing Arc SMALL2 - STORAGE completed
			gdp.bigm Transformation...
			gdp.bigm Transformation completed in 0 s
		 - Constructing Arc SMALL3 - BIG1 completed
			gdp.bigm Transformation...
			gdp.bigm Transformation completed in 0 s
		 - Constructing Arc SMALL3 - BIG2 completed
			gdp.bigm Transformation...
			gdp.bigm Transformation completed in 0 s
		 - Constructing Arc SMALL3 - SMALL1 completed
			gdp.bigm Transformation...
			gdp.bigm Transformation completed in 0 s
		 - Constructing Arc SMALL3 - SMALL2 completed
			gdp.bigm Transformation...
			gdp.bigm Transformation completed in 0 s
		 - Constructing Arc SMALL3 - SMALL4 completed
			gdp.bigm Transformation...
			gdp.bigm Transformation completed in 0 s
		 - Constructing Arc SMALL3 - STORAGE completed
			gdp.bigm Transformation...
			gdp.bigm Transformation completed in 0 s
		 - Constructing Arc SMALL4 - BIG1 completed
			gdp.bigm Transformation...
			gdp.bigm Transformation completed in 0 s
		 - Constructing Arc SMALL4 - BIG2 completed
			gdp.bigm Transformation...
			gdp.bigm Transformation completed in 0 s
		 - Constructing Arc SMALL4 - SMALL1 completed
			gdp.bigm Transformation...
			gdp.bigm Transformation completed in 0 s
		 - Constructing Arc SMALL4 - SMALL2 completed
			gdp.bigm Transformation...
			gdp.bigm Transformation completed in 0 s
		 - Constructing Arc SMALL4 - SMALL3 completed
			gdp.bigm Transformation...
			gdp.bigm Transformation completed in 0 s
		 - Constructing Arc SMALL4 - STORAGE completed
			gdp.bigm Transformation...
			gdp.bigm Transformation completed in 0 s
		 - Constructing Arc STORAGE - BIG1 completed
			gdp.bigm Transformation...
			gdp.bigm Transformation completed in 0 s
		 - Constructing Arc STORAGE - BIG2 completed
			gdp.bigm Transformation...
			gdp.bigm Transformation completed in 0 s
		 - Constructing Arc STORAGE - SMALL1 completed
			gdp.bigm Transformation...
			gdp.bigm Transformation completed in 0 s
		 - Constructing Arc STORAGE - SMALL2 completed
			gdp.bigm Transformation...
			gdp.bigm Transformation completed in 0 s
		 - Constructing Arc STORAGE - SMALL3 completed
			gdp.bigm Transformation...
			gdp.bigm Transformation completed in 0 s
		 - Constructing Arc STORAGE - SMALL4 completed
	 - Constructing Network hydrogenPipelineOnshore_lowP completed
			gdp.bigm Transformation...
			gdp.bigm Transformation completed in 79 s
	 - Constructing Network hydrogenPipelineOnshore_highP
			gdp.bigm Transformation...
			gdp.bigm Transformation completed in 0 s
		 - Constructing Arc BIG1 - BIG2 completed
			gdp.bigm Transformation...
			gdp.bigm Transformation completed in 0 s
		 - Constructing Arc BIG1 - SMALL1 completed
			gdp.bigm Transformation...
			gdp.bigm Transformation completed in 0 s
		 - Constructing Arc BIG1 - SMALL2 completed
			gdp.bigm Transformation...
			gdp.bigm Transformation completed in 0 s
		 - Constructing Arc BIG1 - SMALL3 completed
			gdp.bigm Transformation...
			gdp.bigm Transformation completed in 0 s
		 - Constructing Arc BIG1 - SMALL4 completed
			gdp.bigm Transformation...
			gdp.bigm Transformation completed in 0 s
		 - Constructing Arc BIG1 - STORAGE completed
			gdp.bigm Transformation...
			gdp.bigm Transformation completed in 0 s
		 - Constructing Arc BIG2 - BIG1 completed
			gdp.bigm Transformation...
			gdp.bigm Transformation completed in 0 s
		 - Constructing Arc BIG2 - SMALL1 completed
			gdp.bigm Transformation...
			gdp.bigm Transformation completed in 0 s
		 - Constructing Arc BIG2 - SMALL2 completed
			gdp.bigm Transformation...
			gdp.bigm Transformation completed in 0 s
		 - Constructing Arc BIG2 - SMALL3 completed
			gdp.bigm Transformation...
			gdp.bigm Transformation completed in 0 s
		 - Constructing Arc BIG2 - SMALL4 completed
			gdp.bigm Transformation...
			gdp.bigm Transformation completed in 0 s
		 - Constructing Arc BIG2 - STORAGE completed
			gdp.bigm Transformation...
			gdp.bigm Transformation completed in 0 s
		 - Constructing Arc SMALL1 - BIG1 completed
			gdp.bigm Transformation...
			gdp.bigm Transformation completed in 0 s
		 - Constructing Arc SMALL1 - BIG2 completed
			gdp.bigm Transformation...
			gdp.bigm Transformation completed in 0 s
		 - Constructing Arc SMALL1 - SMALL2 completed
			gdp.bigm Transformation...
			gdp.bigm Transformation completed in 0 s
		 - Constructing Arc SMALL1 - SMALL3 completed
			gdp.bigm Transformation...
			gdp.bigm Transformation completed in 0 s
		 - Constructing Arc SMALL1 - SMALL4 completed
			gdp.bigm Transformation...
			gdp.bigm Transformation completed in 0 s
		 - Constructing Arc SMALL1 - STORAGE completed
			gdp.bigm Transformation...
			gdp.bigm Transformation completed in 0 s
		 - Constructing Arc SMALL2 - BIG1 completed
			gdp.bigm Transformation...
			gdp.bigm Transformation completed in 0 s
		 - Constructing Arc SMALL2 - BIG2 completed
			gdp.bigm Transformation...
			gdp.bigm Transformation completed in 0 s
		 - Constructing Arc SMALL2 - SMALL1 completed
			gdp.bigm Transformation...
			gdp.bigm Transformation completed in 0 s
		 - Constructing Arc SMALL2 - SMALL3 completed
			gdp.bigm Transformation...
			gdp.bigm Transformation completed in 0 s
		 - Constructing Arc SMALL2 - SMALL4 completed
			gdp.bigm Transformation...
			gdp.bigm Transformation completed in 0 s
		 - Constructing Arc SMALL2 - STORAGE completed
			gdp.bigm Transformation...
			gdp.bigm Transformation completed in 0 s
		 - Constructing Arc SMALL3 - BIG1 completed
			gdp.bigm Transformation...
			gdp.bigm Transformation completed in 0 s
		 - Constructing Arc SMALL3 - BIG2 completed
			gdp.bigm Transformation...
			gdp.bigm Transformation completed in 0 s
		 - Constructing Arc SMALL3 - SMALL1 completed
			gdp.bigm Transformation...
			gdp.bigm Transformation completed in 0 s
		 - Constructing Arc SMALL3 - SMALL2 completed
			gdp.bigm Transformation...
			gdp.bigm Transformation completed in 0 s
		 - Constructing Arc SMALL3 - SMALL4 completed
			gdp.bigm Transformation...
			gdp.bigm Transformation completed in 0 s
		 - Constructing Arc SMALL3 - STORAGE completed
			gdp.bigm Transformation...
			gdp.bigm Transformation completed in 0 s
		 - Constructing Arc SMALL4 - BIG1 completed
			gdp.bigm Transformation...
			gdp.bigm Transformation completed in 0 s
		 - Constructing Arc SMALL4 - BIG2 completed
			gdp.bigm Transformation...
			gdp.bigm Transformation completed in 0 s
		 - Constructing Arc SMALL4 - SMALL1 completed
			gdp.bigm Transformation...
			gdp.bigm Transformation completed in 0 s
		 - Constructing Arc SMALL4 - SMALL2 completed
			gdp.bigm Transformation...
			gdp.bigm Transformation completed in 0 s
		 - Constructing Arc SMALL4 - SMALL3 completed
			gdp.bigm Transformation...
			gdp.bigm Transformation completed in 0 s
		 - Constructing Arc SMALL4 - STORAGE completed
			gdp.bigm Transformation...
			gdp.bigm Transformation completed in 0 s
		 - Constructing Arc STORAGE - BIG1 completed
			gdp.bigm Transformation...
			gdp.bigm Transformation completed in 0 s
		 - Constructing Arc STORAGE - BIG2 completed
			gdp.bigm Transformation...
			gdp.bigm Transformation completed in 0 s
		 - Constructing Arc STORAGE - SMALL1 completed
			gdp.bigm Transformation...
			gdp.bigm Transformation completed in 0 s
		 - Constructing Arc STORAGE - SMALL2 completed
			gdp.bigm Transformation...
			gdp.bigm Transformation completed in 0 s
		 - Constructing Arc STORAGE - SMALL3 completed
			gdp.bigm Transformation...
			gdp.bigm Transformation completed in 0 s
		 - Constructing Arc STORAGE - SMALL4 completed
	 - Constructing Network hydrogenPipelineOnshore_highP completed
			gdp.bigm Transformation...
			gdp.bigm Transformation completed in 79 s
	 - Adding Technology Electrolyzer_big
			gdp.bigm Transformation...
			gdp.bigm Transformation completed in 0 s
	 - Adding Technology Storage_H2_highP
			gdp.bigm Transformation...
			gdp.bigm Transformation completed in 4 s
	 - Adding Compressor hydrogen_Compressor_hydrogenPipelineOnshore_lowP_hydrogenPipelineOnshore_lowP
	 - Adding Compressor hydrogen_Compressor_hydrogenPipelineOnshore_lowP_hydrogenPipelineOnshore_highP
	 - Adding Compressor hydrogen_Compressor_hydrogenPipelineOnshore_lowP_Storage_H2_highP
	 - Adding Compressor hydrogen_Compressor_hydrogenPipelineOnshore_lowP_Demand
	 - Adding Compressor hydrogen_Compressor_hydrogenPipelineOnshore_highP_hydrogenPipelineOnshore_lowP
	 - Adding Compressor hydrogen_Compressor_hydrogenPipelineOnshore_highP_hydrogenPipelineOnshore_highP
	 - Adding Compressor hydrogen_Compressor_hydrogenPipelineOnshore_highP_Storage_H2_highP
	 - Adding Compressor hydrogen_Compressor_hydrogenPipelineOnshore_highP_Demand
	 - Adding Compressor hydrogen_Compressor_Electrolyzer_big_hydrogenPipelineOnshore_lowP
	 - Adding Compressor hydrogen_Compressor_Electrolyzer_big_hydrogenPipelineOnshore_highP
	 - Adding Compressor hydrogen_Compressor_Electrolyzer_big_Storage_H2_highP
	 - Adding Compressor hydrogen_Compressor_Electrolyzer_big_Demand
	 - Adding Compressor hydrogen_Compressor_Storage_H2_highP_hydrogenPipelineOnshore_lowP
	 - Adding Compressor hydrogen_Compressor_Storage_H2_highP_hydrogenPipelineOnshore_highP
	 - Adding Compressor hydrogen_Compressor_Storage_H2_highP_Storage_H2_highP
	 - Adding Compressor hydrogen_Compressor_Storage_H2_highP_Demand
	 - Adding Compressor hydrogen_Compressor_Import_hydrogenPipelineOnshore_lowP
	 - Adding Compressor hydrogen_Compressor_Import_hydrogenPipelineOnshore_highP
	 - Adding Compressor hydrogen_Compressor_Import_Storage_H2_highP
	 - Adding Compressor hydrogen_Compressor_Import_Demand_existing
	 - Adding Technology Electrolyzer_big
			gdp.bigm Transformation...
			gdp.bigm Transformation completed in 0 s
	 - Adding Technology Storage_H2_highP
			gdp.bigm Transformation...
			gdp.bigm Transformation completed in 4 s
	 - Adding Compressor hydrogen_Compressor_hydrogenPipelineOnshore_lowP_hydrogenPipelineOnshore_lowP
	 - Adding Compressor hydrogen_Compressor_hydrogenPipelineOnshore_lowP_hydrogenPipelineOnshore_highP
	 - Adding Compressor hydrogen_Compressor_hydrogenPipelineOnshore_lowP_Storage_H2_highP
	 - Adding Compressor hydrogen_Compressor_hydrogenPipelineOnshore_lowP_Demand
	 - Adding Compressor hydrogen_Compressor_hydrogenPipelineOnshore_highP_hydrogenPipelineOnshore_lowP
	 - Adding Compressor hydrogen_Compressor_hydrogenPipelineOnshore_highP_hydrogenPipelineOnshore_highP
	 - Adding Compressor hydrogen_Compressor_hydrogenPipelineOnshore_highP_Storage_H2_highP
	 - Adding Compressor hydrogen_Compressor_hydrogenPipelineOnshore_highP_Demand
	 - Adding Compressor hydrogen_Compressor_Electrolyzer_big_hydrogenPipelineOnshore_lowP
	 - Adding Compressor hydrogen_Compressor_Electrolyzer_big_hydrogenPipelineOnshore_highP
	 - Adding Compressor hydrogen_Compressor_Electrolyzer_big_Storage_H2_highP
	 - Adding Compressor hydrogen_Compressor_Electrolyzer_big_Demand
	 - Adding Compressor hydrogen_Compressor_Storage_H2_highP_hydrogenPipelineOnshore_lowP
	 - Adding Compressor hydrogen_Compressor_Storage_H2_highP_hydrogenPipelineOnshore_highP
	 - Adding Compressor hydrogen_Compressor_Storage_H2_highP_Storage_H2_highP
	 - Adding Compressor hydrogen_Compressor_Storage_H2_highP_Demand
	 - Adding Compressor hydrogen_Compressor_Import_hydrogenPipelineOnshore_lowP
	 - Adding Compressor hydrogen_Compressor_Import_hydrogenPipelineOnshore_highP
	 - Adding Compressor hydrogen_Compressor_Import_Storage_H2_highP
	 - Adding Compressor hydrogen_Compressor_Import_Demand_existing
	 - Adding Technology Electrolyzer_small
	 - Adding Technology Storage_H2_lowP
			gdp.bigm Transformation...
			gdp.bigm Transformation completed in 4 s
	 - Adding Compressor hydrogen_Compressor_hydrogenPipelineOnshore_lowP_hydrogenPipelineOnshore_lowP
	 - Adding Compressor hydrogen_Compressor_hydrogenPipelineOnshore_lowP_hydrogenPipelineOnshore_highP
	 - Adding Compressor hydrogen_Compressor_hydrogenPipelineOnshore_lowP_Storage_H2_lowP
	 - Adding Compressor hydrogen_Compressor_hydrogenPipelineOnshore_lowP_Demand
	 - Adding Compressor hydrogen_Compressor_hydrogenPipelineOnshore_highP_hydrogenPipelineOnshore_lowP
	 - Adding Compressor hydrogen_Compressor_hydrogenPipelineOnshore_highP_hydrogenPipelineOnshore_highP
	 - Adding Compressor hydrogen_Compressor_hydrogenPipelineOnshore_highP_Storage_H2_lowP
	 - Adding Compressor hydrogen_Compressor_hydrogenPipelineOnshore_highP_Demand
	 - Adding Compressor hydrogen_Compressor_Electrolyzer_small_hydrogenPipelineOnshore_lowP
	 - Adding Compressor hydrogen_Compressor_Electrolyzer_small_hydrogenPipelineOnshore_highP
	 - Adding Compressor hydrogen_Compressor_Electrolyzer_small_Storage_H2_lowP
	 - Adding Compressor hydrogen_Compressor_Electrolyzer_small_Demand
	 - Adding Compressor hydrogen_Compressor_Storage_H2_lowP_hydrogenPipelineOnshore_lowP
	 - Adding Compressor hydrogen_Compressor_Storage_H2_lowP_hydrogenPipelineOnshore_highP
	 - Adding Compressor hydrogen_Compressor_Storage_H2_lowP_Storage_H2_lowP
	 - Adding Compressor hydrogen_Compressor_Storage_H2_lowP_Demand
	 - Adding Technology Electrolyzer_small
	 - Adding Technology Storage_H2_lowP
			gdp.bigm Transformation...
			gdp.bigm Transformation completed in 4 s
	 - Adding Compressor hydrogen_Compressor_hydrogenPipelineOnshore_lowP_hydrogenPipelineOnshore_lowP
	 - Adding Compressor hydrogen_Compressor_hydrogenPipelineOnshore_lowP_hydrogenPipelineOnshore_highP
	 - Adding Compressor hydrogen_Compressor_hydrogenPipelineOnshore_lowP_Storage_H2_lowP
	 - Adding Compressor hydrogen_Compressor_hydrogenPipelineOnshore_lowP_Demand
	 - Adding Compressor hydrogen_Compressor_hydrogenPipelineOnshore_highP_hydrogenPipelineOnshore_lowP
	 - Adding Compressor hydrogen_Compressor_hydrogenPipelineOnshore_highP_hydrogenPipelineOnshore_highP
	 - Adding Compressor hydrogen_Compressor_hydrogenPipelineOnshore_highP_Storage_H2_lowP
	 - Adding Compressor hydrogen_Compressor_hydrogenPipelineOnshore_highP_Demand
	 - Adding Compressor hydrogen_Compressor_Electrolyzer_small_hydrogenPipelineOnshore_lowP
	 - Adding Compressor hydrogen_Compressor_Electrolyzer_small_hydrogenPipelineOnshore_highP
	 - Adding Compressor hydrogen_Compressor_Electrolyzer_small_Storage_H2_lowP
	 - Adding Compressor hydrogen_Compressor_Electrolyzer_small_Demand
	 - Adding Compressor hydrogen_Compressor_Storage_H2_lowP_hydrogenPipelineOnshore_lowP
	 - Adding Compressor hydrogen_Compressor_Storage_H2_lowP_hydrogenPipelineOnshore_highP
	 - Adding Compressor hydrogen_Compressor_Storage_H2_lowP_Storage_H2_lowP
	 - Adding Compressor hydrogen_Compressor_Storage_H2_lowP_Demand
	 - Adding Technology Electrolyzer_small
	 - Adding Technology Storage_H2_lowP
			gdp.bigm Transformation...
			gdp.bigm Transformation completed in 4 s
	 - Adding Compressor hydrogen_Compressor_hydrogenPipelineOnshore_lowP_hydrogenPipelineOnshore_lowP
	 - Adding Compressor hydrogen_Compressor_hydrogenPipelineOnshore_lowP_hydrogenPipelineOnshore_highP
	 - Adding Compressor hydrogen_Compressor_hydrogenPipelineOnshore_lowP_Storage_H2_lowP
	 - Adding Compressor hydrogen_Compressor_hydrogenPipelineOnshore_lowP_Demand
	 - Adding Compressor hydrogen_Compressor_hydrogenPipelineOnshore_highP_hydrogenPipelineOnshore_lowP
	 - Adding Compressor hydrogen_Compressor_hydrogenPipelineOnshore_highP_hydrogenPipelineOnshore_highP
	 - Adding Compressor hydrogen_Compressor_hydrogenPipelineOnshore_highP_Storage_H2_lowP
	 - Adding Compressor hydrogen_Compressor_hydrogenPipelineOnshore_highP_Demand
	 - Adding Compressor hydrogen_Compressor_Electrolyzer_small_hydrogenPipelineOnshore_lowP
	 - Adding Compressor hydrogen_Compressor_Electrolyzer_small_hydrogenPipelineOnshore_highP
	 - Adding Compressor hydrogen_Compressor_Electrolyzer_small_Storage_H2_lowP
	 - Adding Compressor hydrogen_Compressor_Electrolyzer_small_Demand
	 - Adding Compressor hydrogen_Compressor_Storage_H2_lowP_hydrogenPipelineOnshore_lowP
	 - Adding Compressor hydrogen_Compressor_Storage_H2_lowP_hydrogenPipelineOnshore_highP
	 - Adding Compressor hydrogen_Compressor_Storage_H2_lowP_Storage_H2_lowP
	 - Adding Compressor hydrogen_Compressor_Storage_H2_lowP_Demand
	 - Adding Technology Electrolyzer_small
	 - Adding Technology Storage_H2_lowP
			gdp.bigm Transformation...
			gdp.bigm Transformation completed in 4 s
	 - Adding Compressor hydrogen_Compressor_hydrogenPipelineOnshore_lowP_hydrogenPipelineOnshore_lowP
	 - Adding Compressor hydrogen_Compressor_hydrogenPipelineOnshore_lowP_hydrogenPipelineOnshore_highP
	 - Adding Compressor hydrogen_Compressor_hydrogenPipelineOnshore_lowP_Storage_H2_lowP
	 - Adding Compressor hydrogen_Compressor_hydrogenPipelineOnshore_lowP_Demand
	 - Adding Compressor hydrogen_Compressor_hydrogenPipelineOnshore_highP_hydrogenPipelineOnshore_lowP
	 - Adding Compressor hydrogen_Compressor_hydrogenPipelineOnshore_highP_hydrogenPipelineOnshore_highP
	 - Adding Compressor hydrogen_Compressor_hydrogenPipelineOnshore_highP_Storage_H2_lowP
	 - Adding Compressor hydrogen_Compressor_hydrogenPipelineOnshore_highP_Demand
	 - Adding Compressor hydrogen_Compressor_Electrolyzer_small_hydrogenPipelineOnshore_lowP
	 - Adding Compressor hydrogen_Compressor_Electrolyzer_small_hydrogenPipelineOnshore_highP
	 - Adding Compressor hydrogen_Compressor_Electrolyzer_small_Storage_H2_lowP
	 - Adding Compressor hydrogen_Compressor_Electrolyzer_small_Demand
	 - Adding Compressor hydrogen_Compressor_Storage_H2_lowP_hydrogenPipelineOnshore_lowP
	 - Adding Compressor hydrogen_Compressor_Storage_H2_lowP_hydrogenPipelineOnshore_highP
	 - Adding Compressor hydrogen_Compressor_Storage_H2_lowP_Storage_H2_lowP
	 - Adding Compressor hydrogen_Compressor_Storage_H2_lowP_Demand
	 - Adding Technology Storage_H2_Cavern_existing
			gdp.bigm Transformation...
			gdp.bigm Transformation completed in 4 s
	 - Adding Compressor hydrogen_Compressor_hydrogenPipelineOnshore_lowP_hydrogenPipelineOnshore_lowP
	 - Adding Compressor hydrogen_Compressor_hydrogenPipelineOnshore_lowP_hydrogenPipelineOnshore_highP
	 - Adding Compressor hydrogen_Compressor_hydrogenPipelineOnshore_lowP_Storage_H2_Cavern_existing
	 - Adding Compressor hydrogen_Compressor_hydrogenPipelineOnshore_highP_hydrogenPipelineOnshore_lowP
	 - Adding Compressor hydrogen_Compressor_hydrogenPipelineOnshore_highP_hydrogenPipelineOnshore_highP
	 - Adding Compressor hydrogen_Compressor_hydrogenPipelineOnshore_highP_Storage_H2_Cavern_existing
	 - Adding Compressor hydrogen_Compressor_Storage_H2_Cavern_existing_hydrogenPipelineOnshore_lowP
	 - Adding Compressor hydrogen_Compressor_Storage_H2_Cavern_existing_hydrogenPipelineOnshore_highP
	 - Adding Compressor hydrogen_Compressor_Storage_H2_Cavern_existing_Storage_H2_Cavern_existing_existing
Constructing model completed in 441s
Constructing balances...
Constructing balances completed in 17s
Set objective on infrastructure due to willingness to pay
Set parameter OutputFlag to value 1
Set parameter LogFile to value "/gpfs/home3/scur1696/AdOpT-NET0-RegToNation/generic_node_optimization/results/parallel_creation_test_20251123_162207/parallel_run_0001/userData/20251123163115-1/solver_log.txt"
Solver log file: /gpfs/home3/scur1696/AdOpT-NET0-RegToNation/generic_node_optimization/results/parallel_creation_test_20251123_162207/parallel_run_0001/userData/20251123163115-1/solver_log.txt
Set parameter TimeLimit to value 180000
Set parameter MIPGap to value 0.01
Set parameter MIPFocus to value 0
Set parameter Threads to value 8
Set parameter NodefileStart to value 60
Set parameter Method to value -1
Set parameter Heuristics to value 0.05
Set parameter Presolve to value 1
Set parameter BranchDir to value 0
Set parameter LPWarmStart to value 0
Set parameter IntFeasTol to value 1e-05
Set parameter FeasibilityTol to value 1e-06
Set parameter Cuts to value -1
Set parameter NumericFocus to value 0
  [CONFIG] Gurobi default env configured: 8 threads per worker
--- Reading in data ---
Input data folder has been checked successfully - no errors occurred.
--- Reading in data complete ---
--- Constructing Model ---
Constructing Investment Period period1
Constructing Investment Period period1 completed
	 - Constructing Network hydrogenPipelineOnshore_lowP
			gdp.bigm Transformation...
			gdp.bigm Transformation completed in 0 s
		 - Constructing Arc BIG1 - BIG2 completed
			gdp.bigm Transformation...
			gdp.bigm Transformation completed in 0 s
		 - Constructing Arc BIG1 - SMALL1 completed
			gdp.bigm Transformation...
			gdp.bigm Transformation completed in 0 s
		 - Constructing Arc BIG1 - SMALL2 completed
			gdp.bigm Transformation...
			gdp.bigm Transformation completed in 0 s
		 - Constructing Arc BIG1 - SMALL3 completed
			gdp.bigm Transformation...
			gdp.bigm Transformation completed in 0 s
		 - Constructing Arc BIG1 - SMALL4 completed
			gdp.bigm Transformation...
			gdp.bigm Transformation completed in 0 s
		 - Constructing Arc BIG1 - STORAGE completed
			gdp.bigm Transformation...
			gdp.bigm Transformation completed in 0 s
		 - Constructing Arc BIG2 - BIG1 completed
			gdp.bigm Transformation...
			gdp.bigm Transformation completed in 0 s
		 - Constructing Arc BIG2 - SMALL1 completed
			gdp.bigm Transformation...
			gdp.bigm Transformation completed in 0 s
		 - Constructing Arc BIG2 - SMALL2 completed
			gdp.bigm Transformation...
			gdp.bigm Transformation completed in 0 s
		 - Constructing Arc BIG2 - SMALL3 completed
			gdp.bigm Transformation...
			gdp.bigm Transformation completed in 0 s
		 - Constructing Arc BIG2 - SMALL4 completed
			gdp.bigm Transformation...
			gdp.bigm Transformation completed in 0 s
		 - Constructing Arc BIG2 - STORAGE completed
			gdp.bigm Transformation...
			gdp.bigm Transformation completed in 0 s
		 - Constructing Arc SMALL1 - BIG1 completed
			gdp.bigm Transformation...
			gdp.bigm Transformation completed in 0 s
		 - Constructing Arc SMALL1 - BIG2 completed
			gdp.bigm Transformation...
			gdp.bigm Transformation completed in 0 s
		 - Constructing Arc SMALL1 - SMALL2 completed
			gdp.bigm Transformation...
			gdp.bigm Transformation completed in 0 s
		 - Constructing Arc SMALL1 - SMALL3 completed
			gdp.bigm Transformation...
			gdp.bigm Transformation completed in 0 s
		 - Constructing Arc SMALL1 - SMALL4 completed
			gdp.bigm Transformation...
			gdp.bigm Transformation completed in 0 s
		 - Constructing Arc SMALL1 - STORAGE completed
			gdp.bigm Transformation...
			gdp.bigm Transformation completed in 0 s
		 - Constructing Arc SMALL2 - BIG1 completed
			gdp.bigm Transformation...
			gdp.bigm Transformation completed in 0 s
		 - Constructing Arc SMALL2 - BIG2 completed
			gdp.bigm Transformation...
			gdp.bigm Transformation completed in 0 s
		 - Constructing Arc SMALL2 - SMALL1 completed
			gdp.bigm Transformation...
			gdp.bigm Transformation completed in 0 s
		 - Constructing Arc SMALL2 - SMALL3 completed
			gdp.bigm Transformation...
			gdp.bigm Transformation completed in 0 s
		 - Constructing Arc SMALL2 - SMALL4 completed
			gdp.bigm Transformation...
			gdp.bigm Transformation completed in 0 s
		 - Constructing Arc SMALL2 - STORAGE completed
			gdp.bigm Transformation...
			gdp.bigm Transformation completed in 0 s
		 - Constructing Arc SMALL3 - BIG1 completed
			gdp.bigm Transformation...
			gdp.bigm Transformation completed in 0 s
		 - Constructing Arc SMALL3 - BIG2 completed
			gdp.bigm Transformation...
			gdp.bigm Transformation completed in 0 s
		 - Constructing Arc SMALL3 - SMALL1 completed
			gdp.bigm Transformation...
			gdp.bigm Transformation completed in 0 s
		 - Constructing Arc SMALL3 - SMALL2 completed
			gdp.bigm Transformation...
			gdp.bigm Transformation completed in 0 s
		 - Constructing Arc SMALL3 - SMALL4 completed
			gdp.bigm Transformation...
			gdp.bigm Transformation completed in 0 s
		 - Constructing Arc SMALL3 - STORAGE completed
			gdp.bigm Transformation...
			gdp.bigm Transformation completed in 0 s
		 - Constructing Arc SMALL4 - BIG1 completed
			gdp.bigm Transformation...
			gdp.bigm Transformation completed in 0 s
		 - Constructing Arc SMALL4 - BIG2 completed
			gdp.bigm Transformation...
			gdp.bigm Transformation completed in 0 s
		 - Constructing Arc SMALL4 - SMALL1 completed
			gdp.bigm Transformation...
			gdp.bigm Transformation completed in 0 s
		 - Constructing Arc SMALL4 - SMALL2 completed
			gdp.bigm Transformation...
			gdp.bigm Transformation completed in 0 s
		 - Constructing Arc SMALL4 - SMALL3 completed
			gdp.bigm Transformation...
			gdp.bigm Transformation completed in 0 s
		 - Constructing Arc SMALL4 - STORAGE completed
			gdp.bigm Transformation...
			gdp.bigm Transformation completed in 0 s
		 - Constructing Arc STORAGE - BIG1 completed
			gdp.bigm Transformation...
			gdp.bigm Transformation completed in 0 s
		 - Constructing Arc STORAGE - BIG2 completed
			gdp.bigm Transformation...
			gdp.bigm Transformation completed in 0 s
		 - Constructing Arc STORAGE - SMALL1 completed
			gdp.bigm Transformation...
			gdp.bigm Transformation completed in 0 s
		 - Constructing Arc STORAGE - SMALL2 completed
			gdp.bigm Transformation...
			gdp.bigm Transformation completed in 0 s
		 - Constructing Arc STORAGE - SMALL3 completed
			gdp.bigm Transformation...
			gdp.bigm Transformation completed in 0 s
		 - Constructing Arc STORAGE - SMALL4 completed
	 - Constructing Network hydrogenPipelineOnshore_lowP completed
			gdp.bigm Transformation...
			gdp.bigm Transformation completed in 80 s
	 - Constructing Network hydrogenPipelineOnshore_highP
			gdp.bigm Transformation...
			gdp.bigm Transformation completed in 0 s
		 - Constructing Arc BIG1 - BIG2 completed
			gdp.bigm Transformation...
			gdp.bigm Transformation completed in 0 s
		 - Constructing Arc BIG1 - SMALL1 completed
			gdp.bigm Transformation...
			gdp.bigm Transformation completed in 0 s
		 - Constructing Arc BIG1 - SMALL2 completed
			gdp.bigm Transformation...
			gdp.bigm Transformation completed in 0 s
		 - Constructing Arc BIG1 - SMALL3 completed
			gdp.bigm Transformation...
			gdp.bigm Transformation completed in 0 s
		 - Constructing Arc BIG1 - SMALL4 completed
			gdp.bigm Transformation...
			gdp.bigm Transformation completed in 0 s
		 - Constructing Arc BIG1 - STORAGE completed
			gdp.bigm Transformation...
			gdp.bigm Transformation completed in 0 s
		 - Constructing Arc BIG2 - BIG1 completed
			gdp.bigm Transformation...
			gdp.bigm Transformation completed in 0 s
		 - Constructing Arc BIG2 - SMALL1 completed
			gdp.bigm Transformation...
			gdp.bigm Transformation completed in 0 s
		 - Constructing Arc BIG2 - SMALL2 completed
			gdp.bigm Transformation...
			gdp.bigm Transformation completed in 0 s
		 - Constructing Arc BIG2 - SMALL3 completed
			gdp.bigm Transformation...
			gdp.bigm Transformation completed in 0 s
		 - Constructing Arc BIG2 - SMALL4 completed
			gdp.bigm Transformation...
			gdp.bigm Transformation completed in 0 s
		 - Constructing Arc BIG2 - STORAGE completed
			gdp.bigm Transformation...
			gdp.bigm Transformation completed in 0 s
		 - Constructing Arc SMALL1 - BIG1 completed
			gdp.bigm Transformation...
			gdp.bigm Transformation completed in 0 s
		 - Constructing Arc SMALL1 - BIG2 completed
			gdp.bigm Transformation...
			gdp.bigm Transformation completed in 0 s
		 - Constructing Arc SMALL1 - SMALL2 completed
			gdp.bigm Transformation...
			gdp.bigm Transformation completed in 0 s
		 - Constructing Arc SMALL1 - SMALL3 completed
			gdp.bigm Transformation...
			gdp.bigm Transformation completed in 0 s
		 - Constructing Arc SMALL1 - SMALL4 completed
			gdp.bigm Transformation...
			gdp.bigm Transformation completed in 0 s
		 - Constructing Arc SMALL1 - STORAGE completed
			gdp.bigm Transformation...
			gdp.bigm Transformation completed in 0 s
		 - Constructing Arc SMALL2 - BIG1 completed
			gdp.bigm Transformation...
			gdp.bigm Transformation completed in 0 s
		 - Constructing Arc SMALL2 - BIG2 completed
			gdp.bigm Transformation...
			gdp.bigm Transformation completed in 0 s
		 - Constructing Arc SMALL2 - SMALL1 completed
			gdp.bigm Transformation...
			gdp.bigm Transformation completed in 0 s
		 - Constructing Arc SMALL2 - SMALL3 completed
			gdp.bigm Transformation...
			gdp.bigm Transformation completed in 0 s
		 - Constructing Arc SMALL2 - SMALL4 completed
			gdp.bigm Transformation...
			gdp.bigm Transformation completed in 0 s
		 - Constructing Arc SMALL2 - STORAGE completed
			gdp.bigm Transformation...
			gdp.bigm Transformation completed in 0 s
		 - Constructing Arc SMALL3 - BIG1 completed
			gdp.bigm Transformation...
			gdp.bigm Transformation completed in 0 s
		 - Constructing Arc SMALL3 - BIG2 completed
			gdp.bigm Transformation...
			gdp.bigm Transformation completed in 0 s
		 - Constructing Arc SMALL3 - SMALL1 completed
			gdp.bigm Transformation...
			gdp.bigm Transformation completed in 0 s
		 - Constructing Arc SMALL3 - SMALL2 completed
			gdp.bigm Transformation...
			gdp.bigm Transformation completed in 0 s
		 - Constructing Arc SMALL3 - SMALL4 completed
			gdp.bigm Transformation...
			gdp.bigm Transformation completed in 0 s
		 - Constructing Arc SMALL3 - STORAGE completed
			gdp.bigm Transformation...
			gdp.bigm Transformation completed in 0 s
		 - Constructing Arc SMALL4 - BIG1 completed
			gdp.bigm Transformation...
			gdp.bigm Transformation completed in 0 s
		 - Constructing Arc SMALL4 - BIG2 completed
			gdp.bigm Transformation...
			gdp.bigm Transformation completed in 0 s
		 - Constructing Arc SMALL4 - SMALL1 completed
			gdp.bigm Transformation...
			gdp.bigm Transformation completed in 0 s
		 - Constructing Arc SMALL4 - SMALL2 completed
			gdp.bigm Transformation...
			gdp.bigm Transformation completed in 0 s
		 - Constructing Arc SMALL4 - SMALL3 completed
			gdp.bigm Transformation...
			gdp.bigm Transformation completed in 0 s
		 - Constructing Arc SMALL4 - STORAGE completed
			gdp.bigm Transformation...
			gdp.bigm Transformation completed in 0 s
		 - Constructing Arc STORAGE - BIG1 completed
			gdp.bigm Transformation...
			gdp.bigm Transformation completed in 0 s
		 - Constructing Arc STORAGE - BIG2 completed
			gdp.bigm Transformation...
			gdp.bigm Transformation completed in 0 s
		 - Constructing Arc STORAGE - SMALL1 completed
			gdp.bigm Transformation...
			gdp.bigm Transformation completed in 0 s
		 - Constructing Arc STORAGE - SMALL2 completed
			gdp.bigm Transformation...
			gdp.bigm Transformation completed in 0 s
		 - Constructing Arc STORAGE - SMALL3 completed
			gdp.bigm Transformation...
			gdp.bigm Transformation completed in 0 s
		 - Constructing Arc STORAGE - SMALL4 completed
	 - Constructing Network hydrogenPipelineOnshore_highP completed
			gdp.bigm Transformation...
			gdp.bigm Transformation completed in 80 s
	 - Adding Technology Electrolyzer_big
			gdp.bigm Transformation...
			gdp.bigm Transformation completed in 0 s
	 - Adding Technology Storage_H2_highP
			gdp.bigm Transformation...
			gdp.bigm Transformation completed in 4 s
	 - Adding Compressor hydrogen_Compressor_hydrogenPipelineOnshore_lowP_hydrogenPipelineOnshore_lowP
	 - Adding Compressor hydrogen_Compressor_hydrogenPipelineOnshore_lowP_hydrogenPipelineOnshore_highP
	 - Adding Compressor hydrogen_Compressor_hydrogenPipelineOnshore_lowP_Storage_H2_highP
	 - Adding Compressor hydrogen_Compressor_hydrogenPipelineOnshore_lowP_Demand
	 - Adding Compressor hydrogen_Compressor_hydrogenPipelineOnshore_highP_hydrogenPipelineOnshore_lowP
	 - Adding Compressor hydrogen_Compressor_hydrogenPipelineOnshore_highP_hydrogenPipelineOnshore_highP
	 - Adding Compressor hydrogen_Compressor_hydrogenPipelineOnshore_highP_Storage_H2_highP
	 - Adding Compressor hydrogen_Compressor_hydrogenPipelineOnshore_highP_Demand
	 - Adding Compressor hydrogen_Compressor_Electrolyzer_big_hydrogenPipelineOnshore_lowP
	 - Adding Compressor hydrogen_Compressor_Electrolyzer_big_hydrogenPipelineOnshore_highP
	 - Adding Compressor hydrogen_Compressor_Electrolyzer_big_Storage_H2_highP
	 - Adding Compressor hydrogen_Compressor_Electrolyzer_big_Demand
	 - Adding Compressor hydrogen_Compressor_Storage_H2_highP_hydrogenPipelineOnshore_lowP
	 - Adding Compressor hydrogen_Compressor_Storage_H2_highP_hydrogenPipelineOnshore_highP
	 - Adding Compressor hydrogen_Compressor_Storage_H2_highP_Storage_H2_highP
	 - Adding Compressor hydrogen_Compressor_Storage_H2_highP_Demand
	 - Adding Compressor hydrogen_Compressor_Import_hydrogenPipelineOnshore_lowP
	 - Adding Compressor hydrogen_Compressor_Import_hydrogenPipelineOnshore_highP
	 - Adding Compressor hydrogen_Compressor_Import_Storage_H2_highP
	 - Adding Compressor hydrogen_Compressor_Import_Demand_existing
	 - Adding Technology Electrolyzer_big
			gdp.bigm Transformation...
			gdp.bigm Transformation completed in 0 s
	 - Adding Technology Storage_H2_highP
			gdp.bigm Transformation...
			gdp.bigm Transformation completed in 4 s
	 - Adding Compressor hydrogen_Compressor_hydrogenPipelineOnshore_lowP_hydrogenPipelineOnshore_lowP
	 - Adding Compressor hydrogen_Compressor_hydrogenPipelineOnshore_lowP_hydrogenPipelineOnshore_highP
	 - Adding Compressor hydrogen_Compressor_hydrogenPipelineOnshore_lowP_Storage_H2_highP
	 - Adding Compressor hydrogen_Compressor_hydrogenPipelineOnshore_lowP_Demand
	 - Adding Compressor hydrogen_Compressor_hydrogenPipelineOnshore_highP_hydrogenPipelineOnshore_lowP
	 - Adding Compressor hydrogen_Compressor_hydrogenPipelineOnshore_highP_hydrogenPipelineOnshore_highP
	 - Adding Compressor hydrogen_Compressor_hydrogenPipelineOnshore_highP_Storage_H2_highP
	 - Adding Compressor hydrogen_Compressor_hydrogenPipelineOnshore_highP_Demand
	 - Adding Compressor hydrogen_Compressor_Electrolyzer_big_hydrogenPipelineOnshore_lowP
	 - Adding Compressor hydrogen_Compressor_Electrolyzer_big_hydrogenPipelineOnshore_highP
	 - Adding Compressor hydrogen_Compressor_Electrolyzer_big_Storage_H2_highP
	 - Adding Compressor hydrogen_Compressor_Electrolyzer_big_Demand
	 - Adding Compressor hydrogen_Compressor_Storage_H2_highP_hydrogenPipelineOnshore_lowP
	 - Adding Compressor hydrogen_Compressor_Storage_H2_highP_hydrogenPipelineOnshore_highP
	 - Adding Compressor hydrogen_Compressor_Storage_H2_highP_Storage_H2_highP
	 - Adding Compressor hydrogen_Compressor_Storage_H2_highP_Demand
	 - Adding Compressor hydrogen_Compressor_Import_hydrogenPipelineOnshore_lowP
	 - Adding Compressor hydrogen_Compressor_Import_hydrogenPipelineOnshore_highP
	 - Adding Compressor hydrogen_Compressor_Import_Storage_H2_highP
	 - Adding Compressor hydrogen_Compressor_Import_Demand_existing
	 - Adding Technology Electrolyzer_small
	 - Adding Technology Storage_H2_lowP
			gdp.bigm Transformation...
			gdp.bigm Transformation completed in 4 s
	 - Adding Compressor hydrogen_Compressor_hydrogenPipelineOnshore_lowP_hydrogenPipelineOnshore_lowP
	 - Adding Compressor hydrogen_Compressor_hydrogenPipelineOnshore_lowP_hydrogenPipelineOnshore_highP
	 - Adding Compressor hydrogen_Compressor_hydrogenPipelineOnshore_lowP_Storage_H2_lowP
	 - Adding Compressor hydrogen_Compressor_hydrogenPipelineOnshore_lowP_Demand
	 - Adding Compressor hydrogen_Compressor_hydrogenPipelineOnshore_highP_hydrogenPipelineOnshore_lowP
	 - Adding Compressor hydrogen_Compressor_hydrogenPipelineOnshore_highP_hydrogenPipelineOnshore_highP
	 - Adding Compressor hydrogen_Compressor_hydrogenPipelineOnshore_highP_Storage_H2_lowP
	 - Adding Compressor hydrogen_Compressor_hydrogenPipelineOnshore_highP_Demand
	 - Adding Compressor hydrogen_Compressor_Electrolyzer_small_hydrogenPipelineOnshore_lowP
	 - Adding Compressor hydrogen_Compressor_Electrolyzer_small_hydrogenPipelineOnshore_highP
	 - Adding Compressor hydrogen_Compressor_Electrolyzer_small_Storage_H2_lowP
	 - Adding Compressor hydrogen_Compressor_Electrolyzer_small_Demand
	 - Adding Compressor hydrogen_Compressor_Storage_H2_lowP_hydrogenPipelineOnshore_lowP
	 - Adding Compressor hydrogen_Compressor_Storage_H2_lowP_hydrogenPipelineOnshore_highP
	 - Adding Compressor hydrogen_Compressor_Storage_H2_lowP_Storage_H2_lowP
	 - Adding Compressor hydrogen_Compressor_Storage_H2_lowP_Demand
	 - Adding Technology Electrolyzer_small
	 - Adding Technology Storage_H2_lowP
			gdp.bigm Transformation...
			gdp.bigm Transformation completed in 4 s
	 - Adding Compressor hydrogen_Compressor_hydrogenPipelineOnshore_lowP_hydrogenPipelineOnshore_lowP
	 - Adding Compressor hydrogen_Compressor_hydrogenPipelineOnshore_lowP_hydrogenPipelineOnshore_highP
	 - Adding Compressor hydrogen_Compressor_hydrogenPipelineOnshore_lowP_Storage_H2_lowP
	 - Adding Compressor hydrogen_Compressor_hydrogenPipelineOnshore_lowP_Demand
	 - Adding Compressor hydrogen_Compressor_hydrogenPipelineOnshore_highP_hydrogenPipelineOnshore_lowP
	 - Adding Compressor hydrogen_Compressor_hydrogenPipelineOnshore_highP_hydrogenPipelineOnshore_highP
	 - Adding Compressor hydrogen_Compressor_hydrogenPipelineOnshore_highP_Storage_H2_lowP
	 - Adding Compressor hydrogen_Compressor_hydrogenPipelineOnshore_highP_Demand
	 - Adding Compressor hydrogen_Compressor_Electrolyzer_small_hydrogenPipelineOnshore_lowP
	 - Adding Compressor hydrogen_Compressor_Electrolyzer_small_hydrogenPipelineOnshore_highP
	 - Adding Compressor hydrogen_Compressor_Electrolyzer_small_Storage_H2_lowP
	 - Adding Compressor hydrogen_Compressor_Electrolyzer_small_Demand
	 - Adding Compressor hydrogen_Compressor_Storage_H2_lowP_hydrogenPipelineOnshore_lowP
	 - Adding Compressor hydrogen_Compressor_Storage_H2_lowP_hydrogenPipelineOnshore_highP
	 - Adding Compressor hydrogen_Compressor_Storage_H2_lowP_Storage_H2_lowP
	 - Adding Compressor hydrogen_Compressor_Storage_H2_lowP_Demand
	 - Adding Technology Electrolyzer_small
	 - Adding Technology Storage_H2_lowP
			gdp.bigm Transformation...
			gdp.bigm Transformation completed in 4 s
	 - Adding Compressor hydrogen_Compressor_hydrogenPipelineOnshore_lowP_hydrogenPipelineOnshore_lowP
	 - Adding Compressor hydrogen_Compressor_hydrogenPipelineOnshore_lowP_hydrogenPipelineOnshore_highP
	 - Adding Compressor hydrogen_Compressor_hydrogenPipelineOnshore_lowP_Storage_H2_lowP
	 - Adding Compressor hydrogen_Compressor_hydrogenPipelineOnshore_lowP_Demand
	 - Adding Compressor hydrogen_Compressor_hydrogenPipelineOnshore_highP_hydrogenPipelineOnshore_lowP
	 - Adding Compressor hydrogen_Compressor_hydrogenPipelineOnshore_highP_hydrogenPipelineOnshore_highP
	 - Adding Compressor hydrogen_Compressor_hydrogenPipelineOnshore_highP_Storage_H2_lowP
	 - Adding Compressor hydrogen_Compressor_hydrogenPipelineOnshore_highP_Demand
	 - Adding Compressor hydrogen_Compressor_Electrolyzer_small_hydrogenPipelineOnshore_lowP
	 - Adding Compressor hydrogen_Compressor_Electrolyzer_small_hydrogenPipelineOnshore_highP
	 - Adding Compressor hydrogen_Compressor_Electrolyzer_small_Storage_H2_lowP
	 - Adding Compressor hydrogen_Compressor_Electrolyzer_small_Demand
	 - Adding Compressor hydrogen_Compressor_Storage_H2_lowP_hydrogenPipelineOnshore_lowP
	 - Adding Compressor hydrogen_Compressor_Storage_H2_lowP_hydrogenPipelineOnshore_highP
	 - Adding Compressor hydrogen_Compressor_Storage_H2_lowP_Storage_H2_lowP
	 - Adding Compressor hydrogen_Compressor_Storage_H2_lowP_Demand
	 - Adding Technology Electrolyzer_small
	 - Adding Technology Storage_H2_lowP
			gdp.bigm Transformation...
			gdp.bigm Transformation completed in 4 s
	 - Adding Compressor hydrogen_Compressor_hydrogenPipelineOnshore_lowP_hydrogenPipelineOnshore_lowP
	 - Adding Compressor hydrogen_Compressor_hydrogenPipelineOnshore_lowP_hydrogenPipelineOnshore_highP
	 - Adding Compressor hydrogen_Compressor_hydrogenPipelineOnshore_lowP_Storage_H2_lowP
	 - Adding Compressor hydrogen_Compressor_hydrogenPipelineOnshore_lowP_Demand
	 - Adding Compressor hydrogen_Compressor_hydrogenPipelineOnshore_highP_hydrogenPipelineOnshore_lowP
	 - Adding Compressor hydrogen_Compressor_hydrogenPipelineOnshore_highP_hydrogenPipelineOnshore_highP
	 - Adding Compressor hydrogen_Compressor_hydrogenPipelineOnshore_highP_Storage_H2_lowP
	 - Adding Compressor hydrogen_Compressor_hydrogenPipelineOnshore_highP_Demand
	 - Adding Compressor hydrogen_Compressor_Electrolyzer_small_hydrogenPipelineOnshore_lowP
	 - Adding Compressor hydrogen_Compressor_Electrolyzer_small_hydrogenPipelineOnshore_highP
	 - Adding Compressor hydrogen_Compressor_Electrolyzer_small_Storage_H2_lowP
	 - Adding Compressor hydrogen_Compressor_Electrolyzer_small_Demand
	 - Adding Compressor hydrogen_Compressor_Storage_H2_lowP_hydrogenPipelineOnshore_lowP
	 - Adding Compressor hydrogen_Compressor_Storage_H2_lowP_hydrogenPipelineOnshore_highP
	 - Adding Compressor hydrogen_Compressor_Storage_H2_lowP_Storage_H2_lowP
	 - Adding Compressor hydrogen_Compressor_Storage_H2_lowP_Demand
	 - Adding Technology Storage_H2_Cavern_existing
			gdp.bigm Transformation...
			gdp.bigm Transformation completed in 4 s
	 - Adding Compressor hydrogen_Compressor_hydrogenPipelineOnshore_lowP_hydrogenPipelineOnshore_lowP
	 - Adding Compressor hydrogen_Compressor_hydrogenPipelineOnshore_lowP_hydrogenPipelineOnshore_highP
	 - Adding Compressor hydrogen_Compressor_hydrogenPipelineOnshore_lowP_Storage_H2_Cavern_existing
	 - Adding Compressor hydrogen_Compressor_hydrogenPipelineOnshore_highP_hydrogenPipelineOnshore_lowP
	 - Adding Compressor hydrogen_Compressor_hydrogenPipelineOnshore_highP_hydrogenPipelineOnshore_highP
	 - Adding Compressor hydrogen_Compressor_hydrogenPipelineOnshore_highP_Storage_H2_Cavern_existing
	 - Adding Compressor hydrogen_Compressor_Storage_H2_Cavern_existing_hydrogenPipelineOnshore_lowP
	 - Adding Compressor hydrogen_Compressor_Storage_H2_Cavern_existing_hydrogenPipelineOnshore_highP
	 - Adding Compressor hydrogen_Compressor_Storage_H2_Cavern_existing_Storage_H2_Cavern_existing_existing
Constructing model completed in 446s
Constructing balances...
Constructing balances completed in 17s
Set objective on infrastructure due to willingness to pay
Set parameter OutputFlag to value 1
Set parameter LogFile to value "/gpfs/home3/scur1696/AdOpT-NET0-RegToNation/generic_node_optimization/results/parallel_creation_test_20251123_162207/parallel_run_0005/userData/20251123163121-1/solver_log.txt"
Solver log file: /gpfs/home3/scur1696/AdOpT-NET0-RegToNation/generic_node_optimization/results/parallel_creation_test_20251123_162207/parallel_run_0005/userData/20251123163121-1/solver_log.txt
Set parameter TimeLimit to value 180000
Set parameter MIPGap to value 0.01
Set parameter MIPFocus to value 0
Set parameter Threads to value 8
Set parameter NodefileStart to value 60
Set parameter Method to value -1
Set parameter Heuristics to value 0.05
Set parameter Presolve to value 1
Set parameter BranchDir to value 0
Set parameter LPWarmStart to value 0
Set parameter IntFeasTol to value 1e-05
Set parameter FeasibilityTol to value 1e-06
Set parameter Cuts to value -1
Set parameter NumericFocus to value 0
Gurobi Optimizer version 13.0.0 build v13.0.0rc1 (linux64 - "Red Hat Enterprise Linux 9.4 (Plow)")

CPU model: AMD EPYC 9654 96-Core Processor, instruction set [SSE2|AVX|AVX2|AVX512]
Thread count: 192 physical cores, 192 logical processors, using up to 8 threads

Non-default parameters:
TimeLimit  180000
MIPGap  0.01
LPWarmStart  0
NodefileStart  60
Presolve  1
Threads  8

Academic license 2729390 - for non-commercial use only - registered to m.___@uu.nl
Optimize a model with 9050179 rows, 6728544 columns and 21385595 nonzeros (Min)
Model fingerprint: 0x895b28a1
Model has 1 linear objective coefficients
Variable types: 5869892 continuous, 858652 integer (858652 binary)
Coefficient statistics:
  Matrix range     [2e-03, 2e+08]
  Objective range  [1e+00, 1e+00]
  Bounds range     [5e-02, 6e+08]
  RHS range        [1e+00, 6e+09]
Warning: Model contains large matrix coefficients
Warning: Model contains large rhs
         Consider reformulating model or setting NumericFocus parameter
         to avoid numerical issues.
  [CONFIG] Gurobi default env configured: 8 threads per worker
--- Reading in data ---
Input data folder has been checked successfully - no errors occurred.
--- Reading in data complete ---
--- Constructing Model ---
Constructing Investment Period period1
Constructing Investment Period period1 completed
	 - Constructing Network hydrogenPipelineOnshore_lowP
			gdp.bigm Transformation...
			gdp.bigm Transformation completed in 0 s
		 - Constructing Arc BIG1 - BIG2 completed
			gdp.bigm Transformation...
			gdp.bigm Transformation completed in 0 s
		 - Constructing Arc BIG1 - SMALL1 completed
			gdp.bigm Transformation...
			gdp.bigm Transformation completed in 0 s
		 - Constructing Arc BIG1 - SMALL2 completed
			gdp.bigm Transformation...
			gdp.bigm Transformation completed in 0 s
		 - Constructing Arc BIG1 - SMALL3 completed
			gdp.bigm Transformation...
			gdp.bigm Transformation completed in 0 s
		 - Constructing Arc BIG1 - SMALL4 completed
			gdp.bigm Transformation...
			gdp.bigm Transformation completed in 0 s
		 - Constructing Arc BIG1 - STORAGE completed
			gdp.bigm Transformation...
			gdp.bigm Transformation completed in 0 s
		 - Constructing Arc BIG2 - BIG1 completed
			gdp.bigm Transformation...
			gdp.bigm Transformation completed in 0 s
		 - Constructing Arc BIG2 - SMALL1 completed
			gdp.bigm Transformation...
			gdp.bigm Transformation completed in 0 s
		 - Constructing Arc BIG2 - SMALL2 completed
			gdp.bigm Transformation...
			gdp.bigm Transformation completed in 0 s
		 - Constructing Arc BIG2 - SMALL3 completed
			gdp.bigm Transformation...
			gdp.bigm Transformation completed in 0 s
		 - Constructing Arc BIG2 - SMALL4 completed
			gdp.bigm Transformation...
			gdp.bigm Transformation completed in 0 s
		 - Constructing Arc BIG2 - STORAGE completed
			gdp.bigm Transformation...
			gdp.bigm Transformation completed in 0 s
		 - Constructing Arc SMALL1 - BIG1 completed
			gdp.bigm Transformation...
			gdp.bigm Transformation completed in 0 s
		 - Constructing Arc SMALL1 - BIG2 completed
			gdp.bigm Transformation...
			gdp.bigm Transformation completed in 0 s
		 - Constructing Arc SMALL1 - SMALL2 completed
			gdp.bigm Transformation...
			gdp.bigm Transformation completed in 0 s
		 - Constructing Arc SMALL1 - SMALL3 completed
			gdp.bigm Transformation...
			gdp.bigm Transformation completed in 0 s
		 - Constructing Arc SMALL1 - SMALL4 completed
			gdp.bigm Transformation...
			gdp.bigm Transformation completed in 0 s
		 - Constructing Arc SMALL1 - STORAGE completed
			gdp.bigm Transformation...
			gdp.bigm Transformation completed in 0 s
		 - Constructing Arc SMALL2 - BIG1 completed
			gdp.bigm Transformation...
			gdp.bigm Transformation completed in 0 s
		 - Constructing Arc SMALL2 - BIG2 completed
			gdp.bigm Transformation...
			gdp.bigm Transformation completed in 0 s
		 - Constructing Arc SMALL2 - SMALL1 completed
			gdp.bigm Transformation...
			gdp.bigm Transformation completed in 0 s
		 - Constructing Arc SMALL2 - SMALL3 completed
			gdp.bigm Transformation...
			gdp.bigm Transformation completed in 0 s
		 - Constructing Arc SMALL2 - SMALL4 completed
			gdp.bigm Transformation...
			gdp.bigm Transformation completed in 0 s
		 - Constructing Arc SMALL2 - STORAGE completed
			gdp.bigm Transformation...
			gdp.bigm Transformation completed in 0 s
		 - Constructing Arc SMALL3 - BIG1 completed
			gdp.bigm Transformation...
			gdp.bigm Transformation completed in 0 s
		 - Constructing Arc SMALL3 - BIG2 completed
			gdp.bigm Transformation...
			gdp.bigm Transformation completed in 0 s
		 - Constructing Arc SMALL3 - SMALL1 completed
			gdp.bigm Transformation...
			gdp.bigm Transformation completed in 0 s
		 - Constructing Arc SMALL3 - SMALL2 completed
			gdp.bigm Transformation...
			gdp.bigm Transformation completed in 0 s
		 - Constructing Arc SMALL3 - SMALL4 completed
			gdp.bigm Transformation...
			gdp.bigm Transformation completed in 0 s
		 - Constructing Arc SMALL3 - STORAGE completed
			gdp.bigm Transformation...
			gdp.bigm Transformation completed in 0 s
		 - Constructing Arc SMALL4 - BIG1 completed
			gdp.bigm Transformation...
			gdp.bigm Transformation completed in 0 s
		 - Constructing Arc SMALL4 - BIG2 completed
			gdp.bigm Transformation...
			gdp.bigm Transformation completed in 0 s
		 - Constructing Arc SMALL4 - SMALL1 completed
			gdp.bigm Transformation...
			gdp.bigm Transformation completed in 0 s
		 - Constructing Arc SMALL4 - SMALL2 completed
			gdp.bigm Transformation...
			gdp.bigm Transformation completed in 0 s
		 - Constructing Arc SMALL4 - SMALL3 completed
			gdp.bigm Transformation...
			gdp.bigm Transformation completed in 0 s
		 - Constructing Arc SMALL4 - STORAGE completed
			gdp.bigm Transformation...
			gdp.bigm Transformation completed in 0 s
		 - Constructing Arc STORAGE - BIG1 completed
			gdp.bigm Transformation...
			gdp.bigm Transformation completed in 0 s
		 - Constructing Arc STORAGE - BIG2 completed
			gdp.bigm Transformation...
			gdp.bigm Transformation completed in 0 s
		 - Constructing Arc STORAGE - SMALL1 completed
			gdp.bigm Transformation...
			gdp.bigm Transformation completed in 0 s
		 - Constructing Arc STORAGE - SMALL2 completed
			gdp.bigm Transformation...
			gdp.bigm Transformation completed in 0 s
		 - Constructing Arc STORAGE - SMALL3 completed
			gdp.bigm Transformation...
			gdp.bigm Transformation completed in 0 s
		 - Constructing Arc STORAGE - SMALL4 completed
	 - Constructing Network hydrogenPipelineOnshore_lowP completed
			gdp.bigm Transformation...
			gdp.bigm Transformation completed in 77 s
	 - Constructing Network hydrogenPipelineOnshore_highP
			gdp.bigm Transformation...
			gdp.bigm Transformation completed in 0 s
		 - Constructing Arc BIG1 - BIG2 completed
			gdp.bigm Transformation...
			gdp.bigm Transformation completed in 0 s
		 - Constructing Arc BIG1 - SMALL1 completed
			gdp.bigm Transformation...
			gdp.bigm Transformation completed in 0 s
		 - Constructing Arc BIG1 - SMALL2 completed
			gdp.bigm Transformation...
			gdp.bigm Transformation completed in 0 s
		 - Constructing Arc BIG1 - SMALL3 completed
			gdp.bigm Transformation...
			gdp.bigm Transformation completed in 0 s
		 - Constructing Arc BIG1 - SMALL4 completed
			gdp.bigm Transformation...
			gdp.bigm Transformation completed in 0 s
		 - Constructing Arc BIG1 - STORAGE completed
			gdp.bigm Transformation...
			gdp.bigm Transformation completed in 0 s
		 - Constructing Arc BIG2 - BIG1 completed
			gdp.bigm Transformation...
			gdp.bigm Transformation completed in 0 s
		 - Constructing Arc BIG2 - SMALL1 completed
			gdp.bigm Transformation...
			gdp.bigm Transformation completed in 0 s
		 - Constructing Arc BIG2 - SMALL2 completed
			gdp.bigm Transformation...
			gdp.bigm Transformation completed in 0 s
		 - Constructing Arc BIG2 - SMALL3 completed
			gdp.bigm Transformation...
			gdp.bigm Transformation completed in 0 s
		 - Constructing Arc BIG2 - SMALL4 completed
			gdp.bigm Transformation...
			gdp.bigm Transformation completed in 0 s
		 - Constructing Arc BIG2 - STORAGE completed
			gdp.bigm Transformation...
			gdp.bigm Transformation completed in 0 s
		 - Constructing Arc SMALL1 - BIG1 completed
			gdp.bigm Transformation...
			gdp.bigm Transformation completed in 0 s
		 - Constructing Arc SMALL1 - BIG2 completed
			gdp.bigm Transformation...
			gdp.bigm Transformation completed in 0 s
		 - Constructing Arc SMALL1 - SMALL2 completed
			gdp.bigm Transformation...
			gdp.bigm Transformation completed in 0 s
		 - Constructing Arc SMALL1 - SMALL3 completed
			gdp.bigm Transformation...
			gdp.bigm Transformation completed in 0 s
		 - Constructing Arc SMALL1 - SMALL4 completed
			gdp.bigm Transformation...
			gdp.bigm Transformation completed in 0 s
		 - Constructing Arc SMALL1 - STORAGE completed
			gdp.bigm Transformation...
			gdp.bigm Transformation completed in 0 s
		 - Constructing Arc SMALL2 - BIG1 completed
			gdp.bigm Transformation...
			gdp.bigm Transformation completed in 0 s
		 - Constructing Arc SMALL2 - BIG2 completed
			gdp.bigm Transformation...
			gdp.bigm Transformation completed in 0 s
		 - Constructing Arc SMALL2 - SMALL1 completed
			gdp.bigm Transformation...
			gdp.bigm Transformation completed in 0 s
		 - Constructing Arc SMALL2 - SMALL3 completed
			gdp.bigm Transformation...
			gdp.bigm Transformation completed in 0 s
		 - Constructing Arc SMALL2 - SMALL4 completed
			gdp.bigm Transformation...
			gdp.bigm Transformation completed in 0 s
		 - Constructing Arc SMALL2 - STORAGE completed
			gdp.bigm Transformation...
			gdp.bigm Transformation completed in 0 s
		 - Constructing Arc SMALL3 - BIG1 completed
			gdp.bigm Transformation...
			gdp.bigm Transformation completed in 0 s
		 - Constructing Arc SMALL3 - BIG2 completed
			gdp.bigm Transformation...
			gdp.bigm Transformation completed in 0 s
		 - Constructing Arc SMALL3 - SMALL1 completed
			gdp.bigm Transformation...
			gdp.bigm Transformation completed in 0 s
		 - Constructing Arc SMALL3 - SMALL2 completed
			gdp.bigm Transformation...
			gdp.bigm Transformation completed in 0 s
		 - Constructing Arc SMALL3 - SMALL4 completed
			gdp.bigm Transformation...
			gdp.bigm Transformation completed in 0 s
		 - Constructing Arc SMALL3 - STORAGE completed
			gdp.bigm Transformation...
			gdp.bigm Transformation completed in 0 s
		 - Constructing Arc SMALL4 - BIG1 completed
			gdp.bigm Transformation...
			gdp.bigm Transformation completed in 0 s
		 - Constructing Arc SMALL4 - BIG2 completed
			gdp.bigm Transformation...
			gdp.bigm Transformation completed in 0 s
		 - Constructing Arc SMALL4 - SMALL1 completed
			gdp.bigm Transformation...
			gdp.bigm Transformation completed in 0 s
		 - Constructing Arc SMALL4 - SMALL2 completed
			gdp.bigm Transformation...
			gdp.bigm Transformation completed in 0 s
		 - Constructing Arc SMALL4 - SMALL3 completed
			gdp.bigm Transformation...
			gdp.bigm Transformation completed in 0 s
		 - Constructing Arc SMALL4 - STORAGE completed
			gdp.bigm Transformation...
			gdp.bigm Transformation completed in 0 s
		 - Constructing Arc STORAGE - BIG1 completed
			gdp.bigm Transformation...
			gdp.bigm Transformation completed in 0 s
		 - Constructing Arc STORAGE - BIG2 completed
			gdp.bigm Transformation...
			gdp.bigm Transformation completed in 0 s
		 - Constructing Arc STORAGE - SMALL1 completed
			gdp.bigm Transformation...
			gdp.bigm Transformation completed in 0 s
		 - Constructing Arc STORAGE - SMALL2 completed
			gdp.bigm Transformation...
			gdp.bigm Transformation completed in 0 s
		 - Constructing Arc STORAGE - SMALL3 completed
			gdp.bigm Transformation...
			gdp.bigm Transformation completed in 0 s
		 - Constructing Arc STORAGE - SMALL4 completed
	 - Constructing Network hydrogenPipelineOnshore_highP completed
			gdp.bigm Transformation...
			gdp.bigm Transformation completed in 78 s
	 - Adding Technology Electrolyzer_big
			gdp.bigm Transformation...
			gdp.bigm Transformation completed in 0 s
	 - Adding Technology Storage_H2_highP
			gdp.bigm Transformation...
			gdp.bigm Transformation completed in 4 s
	 - Adding Compressor hydrogen_Compressor_hydrogenPipelineOnshore_lowP_hydrogenPipelineOnshore_lowP
	 - Adding Compressor hydrogen_Compressor_hydrogenPipelineOnshore_lowP_hydrogenPipelineOnshore_highP
	 - Adding Compressor hydrogen_Compressor_hydrogenPipelineOnshore_lowP_Storage_H2_highP
	 - Adding Compressor hydrogen_Compressor_hydrogenPipelineOnshore_lowP_Demand
	 - Adding Compressor hydrogen_Compressor_hydrogenPipelineOnshore_highP_hydrogenPipelineOnshore_lowP
	 - Adding Compressor hydrogen_Compressor_hydrogenPipelineOnshore_highP_hydrogenPipelineOnshore_highP
	 - Adding Compressor hydrogen_Compressor_hydrogenPipelineOnshore_highP_Storage_H2_highP
	 - Adding Compressor hydrogen_Compressor_hydrogenPipelineOnshore_highP_Demand
	 - Adding Compressor hydrogen_Compressor_Electrolyzer_big_hydrogenPipelineOnshore_lowP
	 - Adding Compressor hydrogen_Compressor_Electrolyzer_big_hydrogenPipelineOnshore_highP
	 - Adding Compressor hydrogen_Compressor_Electrolyzer_big_Storage_H2_highP
	 - Adding Compressor hydrogen_Compressor_Electrolyzer_big_Demand
	 - Adding Compressor hydrogen_Compressor_Storage_H2_highP_hydrogenPipelineOnshore_lowP
	 - Adding Compressor hydrogen_Compressor_Storage_H2_highP_hydrogenPipelineOnshore_highP
	 - Adding Compressor hydrogen_Compressor_Storage_H2_highP_Storage_H2_highP
	 - Adding Compressor hydrogen_Compressor_Storage_H2_highP_Demand
	 - Adding Compressor hydrogen_Compressor_Import_hydrogenPipelineOnshore_lowP
	 - Adding Compressor hydrogen_Compressor_Import_hydrogenPipelineOnshore_highP
	 - Adding Compressor hydrogen_Compressor_Import_Storage_H2_highP
	 - Adding Compressor hydrogen_Compressor_Import_Demand_existing
	 - Adding Technology Electrolyzer_big
			gdp.bigm Transformation...
			gdp.bigm Transformation completed in 0 s
	 - Adding Technology Storage_H2_highP
			gdp.bigm Transformation...
			gdp.bigm Transformation completed in 4 s
	 - Adding Compressor hydrogen_Compressor_hydrogenPipelineOnshore_lowP_hydrogenPipelineOnshore_lowP
	 - Adding Compressor hydrogen_Compressor_hydrogenPipelineOnshore_lowP_hydrogenPipelineOnshore_highP
	 - Adding Compressor hydrogen_Compressor_hydrogenPipelineOnshore_lowP_Storage_H2_highP
	 - Adding Compressor hydrogen_Compressor_hydrogenPipelineOnshore_lowP_Demand
	 - Adding Compressor hydrogen_Compressor_hydrogenPipelineOnshore_highP_hydrogenPipelineOnshore_lowP
	 - Adding Compressor hydrogen_Compressor_hydrogenPipelineOnshore_highP_hydrogenPipelineOnshore_highP
	 - Adding Compressor hydrogen_Compressor_hydrogenPipelineOnshore_highP_Storage_H2_highP
	 - Adding Compressor hydrogen_Compressor_hydrogenPipelineOnshore_highP_Demand
	 - Adding Compressor hydrogen_Compressor_Electrolyzer_big_hydrogenPipelineOnshore_lowP
	 - Adding Compressor hydrogen_Compressor_Electrolyzer_big_hydrogenPipelineOnshore_highP
	 - Adding Compressor hydrogen_Compressor_Electrolyzer_big_Storage_H2_highP
	 - Adding Compressor hydrogen_Compressor_Electrolyzer_big_Demand
	 - Adding Compressor hydrogen_Compressor_Storage_H2_highP_hydrogenPipelineOnshore_lowP
	 - Adding Compressor hydrogen_Compressor_Storage_H2_highP_hydrogenPipelineOnshore_highP
	 - Adding Compressor hydrogen_Compressor_Storage_H2_highP_Storage_H2_highP
	 - Adding Compressor hydrogen_Compressor_Storage_H2_highP_Demand
	 - Adding Compressor hydrogen_Compressor_Import_hydrogenPipelineOnshore_lowP
	 - Adding Compressor hydrogen_Compressor_Import_hydrogenPipelineOnshore_highP
	 - Adding Compressor hydrogen_Compressor_Import_Storage_H2_highP
	 - Adding Compressor hydrogen_Compressor_Import_Demand_existing
	 - Adding Technology Electrolyzer_small
	 - Adding Technology Storage_H2_lowP
			gdp.bigm Transformation...
			gdp.bigm Transformation completed in 4 s
	 - Adding Compressor hydrogen_Compressor_hydrogenPipelineOnshore_lowP_hydrogenPipelineOnshore_lowP
	 - Adding Compressor hydrogen_Compressor_hydrogenPipelineOnshore_lowP_hydrogenPipelineOnshore_highP
	 - Adding Compressor hydrogen_Compressor_hydrogenPipelineOnshore_lowP_Storage_H2_lowP
	 - Adding Compressor hydrogen_Compressor_hydrogenPipelineOnshore_lowP_Demand
	 - Adding Compressor hydrogen_Compressor_hydrogenPipelineOnshore_highP_hydrogenPipelineOnshore_lowP
	 - Adding Compressor hydrogen_Compressor_hydrogenPipelineOnshore_highP_hydrogenPipelineOnshore_highP
	 - Adding Compressor hydrogen_Compressor_hydrogenPipelineOnshore_highP_Storage_H2_lowP
	 - Adding Compressor hydrogen_Compressor_hydrogenPipelineOnshore_highP_Demand
	 - Adding Compressor hydrogen_Compressor_Electrolyzer_small_hydrogenPipelineOnshore_lowP
	 - Adding Compressor hydrogen_Compressor_Electrolyzer_small_hydrogenPipelineOnshore_highP
	 - Adding Compressor hydrogen_Compressor_Electrolyzer_small_Storage_H2_lowP
	 - Adding Compressor hydrogen_Compressor_Electrolyzer_small_Demand
	 - Adding Compressor hydrogen_Compressor_Storage_H2_lowP_hydrogenPipelineOnshore_lowP
	 - Adding Compressor hydrogen_Compressor_Storage_H2_lowP_hydrogenPipelineOnshore_highP
	 - Adding Compressor hydrogen_Compressor_Storage_H2_lowP_Storage_H2_lowP
	 - Adding Compressor hydrogen_Compressor_Storage_H2_lowP_Demand
	 - Adding Technology Electrolyzer_small
	 - Adding Technology Storage_H2_lowP
			gdp.bigm Transformation...
			gdp.bigm Transformation completed in 4 s
	 - Adding Compressor hydrogen_Compressor_hydrogenPipelineOnshore_lowP_hydrogenPipelineOnshore_lowP
	 - Adding Compressor hydrogen_Compressor_hydrogenPipelineOnshore_lowP_hydrogenPipelineOnshore_highP
	 - Adding Compressor hydrogen_Compressor_hydrogenPipelineOnshore_lowP_Storage_H2_lowP
	 - Adding Compressor hydrogen_Compressor_hydrogenPipelineOnshore_lowP_Demand
	 - Adding Compressor hydrogen_Compressor_hydrogenPipelineOnshore_highP_hydrogenPipelineOnshore_lowP
	 - Adding Compressor hydrogen_Compressor_hydrogenPipelineOnshore_highP_hydrogenPipelineOnshore_highP
	 - Adding Compressor hydrogen_Compressor_hydrogenPipelineOnshore_highP_Storage_H2_lowP
	 - Adding Compressor hydrogen_Compressor_hydrogenPipelineOnshore_highP_Demand
	 - Adding Compressor hydrogen_Compressor_Electrolyzer_small_hydrogenPipelineOnshore_lowP
	 - Adding Compressor hydrogen_Compressor_Electrolyzer_small_hydrogenPipelineOnshore_highP
	 - Adding Compressor hydrogen_Compressor_Electrolyzer_small_Storage_H2_lowP
	 - Adding Compressor hydrogen_Compressor_Electrolyzer_small_Demand
	 - Adding Compressor hydrogen_Compressor_Storage_H2_lowP_hydrogenPipelineOnshore_lowP
	 - Adding Compressor hydrogen_Compressor_Storage_H2_lowP_hydrogenPipelineOnshore_highP
	 - Adding Compressor hydrogen_Compressor_Storage_H2_lowP_Storage_H2_lowP
	 - Adding Compressor hydrogen_Compressor_Storage_H2_lowP_Demand
	 - Adding Technology Electrolyzer_small
	 - Adding Technology Storage_H2_lowP
			gdp.bigm Transformation...
			gdp.bigm Transformation completed in 4 s
	 - Adding Compressor hydrogen_Compressor_hydrogenPipelineOnshore_lowP_hydrogenPipelineOnshore_lowP
	 - Adding Compressor hydrogen_Compressor_hydrogenPipelineOnshore_lowP_hydrogenPipelineOnshore_highP
	 - Adding Compressor hydrogen_Compressor_hydrogenPipelineOnshore_lowP_Storage_H2_lowP
	 - Adding Compressor hydrogen_Compressor_hydrogenPipelineOnshore_lowP_Demand
	 - Adding Compressor hydrogen_Compressor_hydrogenPipelineOnshore_highP_hydrogenPipelineOnshore_lowP
	 - Adding Compressor hydrogen_Compressor_hydrogenPipelineOnshore_highP_hydrogenPipelineOnshore_highP
	 - Adding Compressor hydrogen_Compressor_hydrogenPipelineOnshore_highP_Storage_H2_lowP
	 - Adding Compressor hydrogen_Compressor_hydrogenPipelineOnshore_highP_Demand
	 - Adding Compressor hydrogen_Compressor_Electrolyzer_small_hydrogenPipelineOnshore_lowP
	 - Adding Compressor hydrogen_Compressor_Electrolyzer_small_hydrogenPipelineOnshore_highP
	 - Adding Compressor hydrogen_Compressor_Electrolyzer_small_Storage_H2_lowP
	 - Adding Compressor hydrogen_Compressor_Electrolyzer_small_Demand
	 - Adding Compressor hydrogen_Compressor_Storage_H2_lowP_hydrogenPipelineOnshore_lowP
	 - Adding Compressor hydrogen_Compressor_Storage_H2_lowP_hydrogenPipelineOnshore_highP
	 - Adding Compressor hydrogen_Compressor_Storage_H2_lowP_Storage_H2_lowP
	 - Adding Compressor hydrogen_Compressor_Storage_H2_lowP_Demand
	 - Adding Technology Electrolyzer_small
	 - Adding Technology Storage_H2_lowP
			gdp.bigm Transformation...
			gdp.bigm Transformation completed in 4 s
	 - Adding Compressor hydrogen_Compressor_hydrogenPipelineOnshore_lowP_hydrogenPipelineOnshore_lowP
	 - Adding Compressor hydrogen_Compressor_hydrogenPipelineOnshore_lowP_hydrogenPipelineOnshore_highP
	 - Adding Compressor hydrogen_Compressor_hydrogenPipelineOnshore_lowP_Storage_H2_lowP
	 - Adding Compressor hydrogen_Compressor_hydrogenPipelineOnshore_lowP_Demand
	 - Adding Compressor hydrogen_Compressor_hydrogenPipelineOnshore_highP_hydrogenPipelineOnshore_lowP
	 - Adding Compressor hydrogen_Compressor_hydrogenPipelineOnshore_highP_hydrogenPipelineOnshore_highP
	 - Adding Compressor hydrogen_Compressor_hydrogenPipelineOnshore_highP_Storage_H2_lowP
	 - Adding Compressor hydrogen_Compressor_hydrogenPipelineOnshore_highP_Demand
	 - Adding Compressor hydrogen_Compressor_Electrolyzer_small_hydrogenPipelineOnshore_lowP
	 - Adding Compressor hydrogen_Compressor_Electrolyzer_small_hydrogenPipelineOnshore_highP
	 - Adding Compressor hydrogen_Compressor_Electrolyzer_small_Storage_H2_lowP
	 - Adding Compressor hydrogen_Compressor_Electrolyzer_small_Demand
	 - Adding Compressor hydrogen_Compressor_Storage_H2_lowP_hydrogenPipelineOnshore_lowP
	 - Adding Compressor hydrogen_Compressor_Storage_H2_lowP_hydrogenPipelineOnshore_highP
	 - Adding Compressor hydrogen_Compressor_Storage_H2_lowP_Storage_H2_lowP
	 - Adding Compressor hydrogen_Compressor_Storage_H2_lowP_Demand
	 - Adding Technology Storage_H2_Cavern_existing
			gdp.bigm Transformation...
			gdp.bigm Transformation completed in 4 s
	 - Adding Compressor hydrogen_Compressor_hydrogenPipelineOnshore_lowP_hydrogenPipelineOnshore_lowP
	 - Adding Compressor hydrogen_Compressor_hydrogenPipelineOnshore_lowP_hydrogenPipelineOnshore_highP
	 - Adding Compressor hydrogen_Compressor_hydrogenPipelineOnshore_lowP_Storage_H2_Cavern_existing
	 - Adding Compressor hydrogen_Compressor_hydrogenPipelineOnshore_highP_hydrogenPipelineOnshore_lowP
	 - Adding Compressor hydrogen_Compressor_hydrogenPipelineOnshore_highP_hydrogenPipelineOnshore_highP
	 - Adding Compressor hydrogen_Compressor_hydrogenPipelineOnshore_highP_Storage_H2_Cavern_existing
	 - Adding Compressor hydrogen_Compressor_Storage_H2_Cavern_existing_hydrogenPipelineOnshore_lowP
	 - Adding Compressor hydrogen_Compressor_Storage_H2_Cavern_existing_hydrogenPipelineOnshore_highP
	 - Adding Compressor hydrogen_Compressor_Storage_H2_Cavern_existing_Storage_H2_Cavern_existing_existing
Constructing model completed in 444s
Constructing balances...
Constructing balances completed in 17s
Set objective on infrastructure due to willingness to pay
Set parameter OutputFlag to value 1
Set parameter LogFile to value "/gpfs/home3/scur1696/AdOpT-NET0-RegToNation/generic_node_optimization/results/parallel_creation_test_20251123_162207/parallel_run_0004/userData/20251123163119-1/solver_log.txt"
Solver log file: /gpfs/home3/scur1696/AdOpT-NET0-RegToNation/generic_node_optimization/results/parallel_creation_test_20251123_162207/parallel_run_0004/userData/20251123163119-1/solver_log.txt
Set parameter TimeLimit to value 180000
Set parameter MIPGap to value 0.01
Set parameter MIPFocus to value 0
Set parameter Threads to value 8
Set parameter NodefileStart to value 60
Set parameter Method to value -1
Set parameter Heuristics to value 0.05
Set parameter Presolve to value 1
Set parameter BranchDir to value 0
Set parameter LPWarmStart to value 0
Set parameter IntFeasTol to value 1e-05
Set parameter FeasibilityTol to value 1e-06
Set parameter Cuts to value -1
Set parameter NumericFocus to value 0
Gurobi Optimizer version 13.0.0 build v13.0.0rc1 (linux64 - "Red Hat Enterprise Linux 9.4 (Plow)")

CPU model: AMD EPYC 9654 96-Core Processor, instruction set [SSE2|AVX|AVX2|AVX512]
Thread count: 192 physical cores, 192 logical processors, using up to 8 threads

Non-default parameters:
TimeLimit  180000
MIPGap  0.01
LPWarmStart  0
NodefileStart  60
Presolve  1
Threads  8

Academic license 2729390 - for non-commercial use only - registered to m.___@uu.nl
Optimize a model with 9050179 rows, 6728544 columns and 21385595 nonzeros (Min)
Model fingerprint: 0x08942462
Model has 1 linear objective coefficients
Variable types: 5869892 continuous, 858652 integer (858652 binary)
Coefficient statistics:
  Matrix range     [2e-03, 2e+08]
  Objective range  [1e+00, 1e+00]
  Bounds range     [5e-02, 6e+08]
  RHS range        [1e+00, 5e+09]
Warning: Model contains large matrix coefficients
Warning: Model contains large rhs
         Consider reformulating model or setting NumericFocus parameter
         to avoid numerical issues.
  [CONFIG] Gurobi default env configured: 8 threads per worker
--- Reading in data ---
Input data folder has been checked successfully - no errors occurred.
--- Reading in data complete ---
--- Constructing Model ---
Constructing Investment Period period1
Constructing Investment Period period1 completed
	 - Constructing Network hydrogenPipelineOnshore_lowP
			gdp.bigm Transformation...
			gdp.bigm Transformation completed in 0 s
		 - Constructing Arc BIG1 - BIG2 completed
			gdp.bigm Transformation...
			gdp.bigm Transformation completed in 0 s
		 - Constructing Arc BIG1 - SMALL1 completed
			gdp.bigm Transformation...
			gdp.bigm Transformation completed in 0 s
		 - Constructing Arc BIG1 - SMALL2 completed
			gdp.bigm Transformation...
			gdp.bigm Transformation completed in 0 s
		 - Constructing Arc BIG1 - SMALL3 completed
			gdp.bigm Transformation...
			gdp.bigm Transformation completed in 0 s
		 - Constructing Arc BIG1 - SMALL4 completed
			gdp.bigm Transformation...
			gdp.bigm Transformation completed in 0 s
		 - Constructing Arc BIG1 - STORAGE completed
			gdp.bigm Transformation...
			gdp.bigm Transformation completed in 0 s
		 - Constructing Arc BIG2 - BIG1 completed
			gdp.bigm Transformation...
			gdp.bigm Transformation completed in 0 s
		 - Constructing Arc BIG2 - SMALL1 completed
			gdp.bigm Transformation...
			gdp.bigm Transformation completed in 0 s
		 - Constructing Arc BIG2 - SMALL2 completed
			gdp.bigm Transformation...
			gdp.bigm Transformation completed in 0 s
		 - Constructing Arc BIG2 - SMALL3 completed
			gdp.bigm Transformation...
			gdp.bigm Transformation completed in 0 s
		 - Constructing Arc BIG2 - SMALL4 completed
			gdp.bigm Transformation...
			gdp.bigm Transformation completed in 0 s
		 - Constructing Arc BIG2 - STORAGE completed
			gdp.bigm Transformation...
			gdp.bigm Transformation completed in 0 s
		 - Constructing Arc SMALL1 - BIG1 completed
			gdp.bigm Transformation...
			gdp.bigm Transformation completed in 0 s
		 - Constructing Arc SMALL1 - BIG2 completed
			gdp.bigm Transformation...
			gdp.bigm Transformation completed in 0 s
		 - Constructing Arc SMALL1 - SMALL2 completed
			gdp.bigm Transformation...
			gdp.bigm Transformation completed in 0 s
		 - Constructing Arc SMALL1 - SMALL3 completed
			gdp.bigm Transformation...
			gdp.bigm Transformation completed in 0 s
		 - Constructing Arc SMALL1 - SMALL4 completed
			gdp.bigm Transformation...
			gdp.bigm Transformation completed in 0 s
		 - Constructing Arc SMALL1 - STORAGE completed
			gdp.bigm Transformation...
			gdp.bigm Transformation completed in 0 s
		 - Constructing Arc SMALL2 - BIG1 completed
			gdp.bigm Transformation...
			gdp.bigm Transformation completed in 0 s
		 - Constructing Arc SMALL2 - BIG2 completed
			gdp.bigm Transformation...
			gdp.bigm Transformation completed in 0 s
		 - Constructing Arc SMALL2 - SMALL1 completed
			gdp.bigm Transformation...
			gdp.bigm Transformation completed in 0 s
		 - Constructing Arc SMALL2 - SMALL3 completed
			gdp.bigm Transformation...
			gdp.bigm Transformation completed in 0 s
		 - Constructing Arc SMALL2 - SMALL4 completed
			gdp.bigm Transformation...
			gdp.bigm Transformation completed in 0 s
		 - Constructing Arc SMALL2 - STORAGE completed
			gdp.bigm Transformation...
			gdp.bigm Transformation completed in 0 s
		 - Constructing Arc SMALL3 - BIG1 completed
			gdp.bigm Transformation...
			gdp.bigm Transformation completed in 0 s
		 - Constructing Arc SMALL3 - BIG2 completed
			gdp.bigm Transformation...
			gdp.bigm Transformation completed in 0 s
		 - Constructing Arc SMALL3 - SMALL1 completed
			gdp.bigm Transformation...
			gdp.bigm Transformation completed in 0 s
		 - Constructing Arc SMALL3 - SMALL2 completed
			gdp.bigm Transformation...
			gdp.bigm Transformation completed in 0 s
		 - Constructing Arc SMALL3 - SMALL4 completed
			gdp.bigm Transformation...
			gdp.bigm Transformation completed in 0 s
		 - Constructing Arc SMALL3 - STORAGE completed
			gdp.bigm Transformation...
			gdp.bigm Transformation completed in 0 s
		 - Constructing Arc SMALL4 - BIG1 completed
			gdp.bigm Transformation...
			gdp.bigm Transformation completed in 0 s
		 - Constructing Arc SMALL4 - BIG2 completed
			gdp.bigm Transformation...
			gdp.bigm Transformation completed in 0 s
		 - Constructing Arc SMALL4 - SMALL1 completed
			gdp.bigm Transformation...
			gdp.bigm Transformation completed in 0 s
		 - Constructing Arc SMALL4 - SMALL2 completed
			gdp.bigm Transformation...
			gdp.bigm Transformation completed in 0 s
		 - Constructing Arc SMALL4 - SMALL3 completed
			gdp.bigm Transformation...
			gdp.bigm Transformation completed in 0 s
		 - Constructing Arc SMALL4 - STORAGE completed
			gdp.bigm Transformation...
			gdp.bigm Transformation completed in 0 s
		 - Constructing Arc STORAGE - BIG1 completed
			gdp.bigm Transformation...
			gdp.bigm Transformation completed in 0 s
		 - Constructing Arc STORAGE - BIG2 completed
			gdp.bigm Transformation...
			gdp.bigm Transformation completed in 0 s
		 - Constructing Arc STORAGE - SMALL1 completed
			gdp.bigm Transformation...
			gdp.bigm Transformation completed in 0 s
		 - Constructing Arc STORAGE - SMALL2 completed
			gdp.bigm Transformation...
			gdp.bigm Transformation completed in 0 s
		 - Constructing Arc STORAGE - SMALL3 completed
			gdp.bigm Transformation...
			gdp.bigm Transformation completed in 0 s
		 - Constructing Arc STORAGE - SMALL4 completed
	 - Constructing Network hydrogenPipelineOnshore_lowP completed
			gdp.bigm Transformation...
			gdp.bigm Transformation completed in 78 s
	 - Constructing Network hydrogenPipelineOnshore_highP
			gdp.bigm Transformation...
			gdp.bigm Transformation completed in 0 s
		 - Constructing Arc BIG1 - BIG2 completed
			gdp.bigm Transformation...
			gdp.bigm Transformation completed in 0 s
		 - Constructing Arc BIG1 - SMALL1 completed
			gdp.bigm Transformation...
			gdp.bigm Transformation completed in 0 s
		 - Constructing Arc BIG1 - SMALL2 completed
			gdp.bigm Transformation...
			gdp.bigm Transformation completed in 0 s
		 - Constructing Arc BIG1 - SMALL3 completed
			gdp.bigm Transformation...
			gdp.bigm Transformation completed in 0 s
		 - Constructing Arc BIG1 - SMALL4 completed
			gdp.bigm Transformation...
			gdp.bigm Transformation completed in 0 s
		 - Constructing Arc BIG1 - STORAGE completed
			gdp.bigm Transformation...
			gdp.bigm Transformation completed in 0 s
		 - Constructing Arc BIG2 - BIG1 completed
			gdp.bigm Transformation...
			gdp.bigm Transformation completed in 0 s
		 - Constructing Arc BIG2 - SMALL1 completed
			gdp.bigm Transformation...
			gdp.bigm Transformation completed in 0 s
		 - Constructing Arc BIG2 - SMALL2 completed
			gdp.bigm Transformation...
			gdp.bigm Transformation completed in 0 s
		 - Constructing Arc BIG2 - SMALL3 completed
			gdp.bigm Transformation...
			gdp.bigm Transformation completed in 0 s
		 - Constructing Arc BIG2 - SMALL4 completed
			gdp.bigm Transformation...
			gdp.bigm Transformation completed in 0 s
		 - Constructing Arc BIG2 - STORAGE completed
			gdp.bigm Transformation...
			gdp.bigm Transformation completed in 0 s
		 - Constructing Arc SMALL1 - BIG1 completed
			gdp.bigm Transformation...
			gdp.bigm Transformation completed in 0 s
		 - Constructing Arc SMALL1 - BIG2 completed
			gdp.bigm Transformation...
			gdp.bigm Transformation completed in 0 s
		 - Constructing Arc SMALL1 - SMALL2 completed
			gdp.bigm Transformation...
			gdp.bigm Transformation completed in 0 s
		 - Constructing Arc SMALL1 - SMALL3 completed
			gdp.bigm Transformation...
			gdp.bigm Transformation completed in 0 s
		 - Constructing Arc SMALL1 - SMALL4 completed
			gdp.bigm Transformation...
			gdp.bigm Transformation completed in 0 s
		 - Constructing Arc SMALL1 - STORAGE completed
			gdp.bigm Transformation...
			gdp.bigm Transformation completed in 0 s
		 - Constructing Arc SMALL2 - BIG1 completed
			gdp.bigm Transformation...
			gdp.bigm Transformation completed in 0 s
		 - Constructing Arc SMALL2 - BIG2 completed
			gdp.bigm Transformation...
			gdp.bigm Transformation completed in 0 s
		 - Constructing Arc SMALL2 - SMALL1 completed
			gdp.bigm Transformation...
			gdp.bigm Transformation completed in 0 s
		 - Constructing Arc SMALL2 - SMALL3 completed
			gdp.bigm Transformation...
			gdp.bigm Transformation completed in 0 s
		 - Constructing Arc SMALL2 - SMALL4 completed
			gdp.bigm Transformation...
			gdp.bigm Transformation completed in 0 s
		 - Constructing Arc SMALL2 - STORAGE completed
			gdp.bigm Transformation...
			gdp.bigm Transformation completed in 0 s
		 - Constructing Arc SMALL3 - BIG1 completed
			gdp.bigm Transformation...
			gdp.bigm Transformation completed in 0 s
		 - Constructing Arc SMALL3 - BIG2 completed
			gdp.bigm Transformation...
			gdp.bigm Transformation completed in 0 s
		 - Constructing Arc SMALL3 - SMALL1 completed
			gdp.bigm Transformation...
			gdp.bigm Transformation completed in 0 s
		 - Constructing Arc SMALL3 - SMALL2 completed
			gdp.bigm Transformation...
			gdp.bigm Transformation completed in 0 s
		 - Constructing Arc SMALL3 - SMALL4 completed
			gdp.bigm Transformation...
			gdp.bigm Transformation completed in 0 s
		 - Constructing Arc SMALL3 - STORAGE completed
			gdp.bigm Transformation...
			gdp.bigm Transformation completed in 0 s
		 - Constructing Arc SMALL4 - BIG1 completed
			gdp.bigm Transformation...
			gdp.bigm Transformation completed in 0 s
		 - Constructing Arc SMALL4 - BIG2 completed
			gdp.bigm Transformation...
			gdp.bigm Transformation completed in 0 s
		 - Constructing Arc SMALL4 - SMALL1 completed
			gdp.bigm Transformation...
			gdp.bigm Transformation completed in 0 s
		 - Constructing Arc SMALL4 - SMALL2 completed
			gdp.bigm Transformation...
			gdp.bigm Transformation completed in 0 s
		 - Constructing Arc SMALL4 - SMALL3 completed
			gdp.bigm Transformation...
			gdp.bigm Transformation completed in 0 s
		 - Constructing Arc SMALL4 - STORAGE completed
			gdp.bigm Transformation...
			gdp.bigm Transformation completed in 0 s
		 - Constructing Arc STORAGE - BIG1 completed
			gdp.bigm Transformation...
			gdp.bigm Transformation completed in 0 s
		 - Constructing Arc STORAGE - BIG2 completed
			gdp.bigm Transformation...
			gdp.bigm Transformation completed in 0 s
		 - Constructing Arc STORAGE - SMALL1 completed
			gdp.bigm Transformation...
			gdp.bigm Transformation completed in 0 s
		 - Constructing Arc STORAGE - SMALL2 completed
			gdp.bigm Transformation...
			gdp.bigm Transformation completed in 0 s
		 - Constructing Arc STORAGE - SMALL3 completed
			gdp.bigm Transformation...
			gdp.bigm Transformation completed in 0 s
		 - Constructing Arc STORAGE - SMALL4 completed
	 - Constructing Network hydrogenPipelineOnshore_highP completed
			gdp.bigm Transformation...
			gdp.bigm Transformation completed in 78 s
	 - Adding Technology Electrolyzer_big
			gdp.bigm Transformation...
			gdp.bigm Transformation completed in 0 s
	 - Adding Technology Storage_H2_highP
			gdp.bigm Transformation...
			gdp.bigm Transformation completed in 4 s
	 - Adding Compressor hydrogen_Compressor_hydrogenPipelineOnshore_lowP_hydrogenPipelineOnshore_lowP
	 - Adding Compressor hydrogen_Compressor_hydrogenPipelineOnshore_lowP_hydrogenPipelineOnshore_highP
	 - Adding Compressor hydrogen_Compressor_hydrogenPipelineOnshore_lowP_Storage_H2_highP
	 - Adding Compressor hydrogen_Compressor_hydrogenPipelineOnshore_lowP_Demand
	 - Adding Compressor hydrogen_Compressor_hydrogenPipelineOnshore_highP_hydrogenPipelineOnshore_lowP
	 - Adding Compressor hydrogen_Compressor_hydrogenPipelineOnshore_highP_hydrogenPipelineOnshore_highP
	 - Adding Compressor hydrogen_Compressor_hydrogenPipelineOnshore_highP_Storage_H2_highP
	 - Adding Compressor hydrogen_Compressor_hydrogenPipelineOnshore_highP_Demand
	 - Adding Compressor hydrogen_Compressor_Electrolyzer_big_hydrogenPipelineOnshore_lowP
	 - Adding Compressor hydrogen_Compressor_Electrolyzer_big_hydrogenPipelineOnshore_highP
	 - Adding Compressor hydrogen_Compressor_Electrolyzer_big_Storage_H2_highP
	 - Adding Compressor hydrogen_Compressor_Electrolyzer_big_Demand
	 - Adding Compressor hydrogen_Compressor_Storage_H2_highP_hydrogenPipelineOnshore_lowP
	 - Adding Compressor hydrogen_Compressor_Storage_H2_highP_hydrogenPipelineOnshore_highP
	 - Adding Compressor hydrogen_Compressor_Storage_H2_highP_Storage_H2_highP
	 - Adding Compressor hydrogen_Compressor_Storage_H2_highP_Demand
	 - Adding Compressor hydrogen_Compressor_Import_hydrogenPipelineOnshore_lowP
	 - Adding Compressor hydrogen_Compressor_Import_hydrogenPipelineOnshore_highP
	 - Adding Compressor hydrogen_Compressor_Import_Storage_H2_highP
	 - Adding Compressor hydrogen_Compressor_Import_Demand_existing
	 - Adding Technology Electrolyzer_big
			gdp.bigm Transformation...
			gdp.bigm Transformation completed in 0 s
	 - Adding Technology Storage_H2_highP
			gdp.bigm Transformation...
			gdp.bigm Transformation completed in 4 s
	 - Adding Compressor hydrogen_Compressor_hydrogenPipelineOnshore_lowP_hydrogenPipelineOnshore_lowP
	 - Adding Compressor hydrogen_Compressor_hydrogenPipelineOnshore_lowP_hydrogenPipelineOnshore_highP
	 - Adding Compressor hydrogen_Compressor_hydrogenPipelineOnshore_lowP_Storage_H2_highP
	 - Adding Compressor hydrogen_Compressor_hydrogenPipelineOnshore_lowP_Demand
	 - Adding Compressor hydrogen_Compressor_hydrogenPipelineOnshore_highP_hydrogenPipelineOnshore_lowP
	 - Adding Compressor hydrogen_Compressor_hydrogenPipelineOnshore_highP_hydrogenPipelineOnshore_highP
	 - Adding Compressor hydrogen_Compressor_hydrogenPipelineOnshore_highP_Storage_H2_highP
	 - Adding Compressor hydrogen_Compressor_hydrogenPipelineOnshore_highP_Demand
	 - Adding Compressor hydrogen_Compressor_Electrolyzer_big_hydrogenPipelineOnshore_lowP
	 - Adding Compressor hydrogen_Compressor_Electrolyzer_big_hydrogenPipelineOnshore_highP
	 - Adding Compressor hydrogen_Compressor_Electrolyzer_big_Storage_H2_highP
	 - Adding Compressor hydrogen_Compressor_Electrolyzer_big_Demand
	 - Adding Compressor hydrogen_Compressor_Storage_H2_highP_hydrogenPipelineOnshore_lowP
	 - Adding Compressor hydrogen_Compressor_Storage_H2_highP_hydrogenPipelineOnshore_highP
	 - Adding Compressor hydrogen_Compressor_Storage_H2_highP_Storage_H2_highP
	 - Adding Compressor hydrogen_Compressor_Storage_H2_highP_Demand
	 - Adding Compressor hydrogen_Compressor_Import_hydrogenPipelineOnshore_lowP
	 - Adding Compressor hydrogen_Compressor_Import_hydrogenPipelineOnshore_highP
	 - Adding Compressor hydrogen_Compressor_Import_Storage_H2_highP
	 - Adding Compressor hydrogen_Compressor_Import_Demand_existing
	 - Adding Technology Electrolyzer_small
	 - Adding Technology Storage_H2_lowP
			gdp.bigm Transformation...
			gdp.bigm Transformation completed in 4 s
	 - Adding Compressor hydrogen_Compressor_hydrogenPipelineOnshore_lowP_hydrogenPipelineOnshore_lowP
	 - Adding Compressor hydrogen_Compressor_hydrogenPipelineOnshore_lowP_hydrogenPipelineOnshore_highP
	 - Adding Compressor hydrogen_Compressor_hydrogenPipelineOnshore_lowP_Storage_H2_lowP
	 - Adding Compressor hydrogen_Compressor_hydrogenPipelineOnshore_lowP_Demand
	 - Adding Compressor hydrogen_Compressor_hydrogenPipelineOnshore_highP_hydrogenPipelineOnshore_lowP
	 - Adding Compressor hydrogen_Compressor_hydrogenPipelineOnshore_highP_hydrogenPipelineOnshore_highP
	 - Adding Compressor hydrogen_Compressor_hydrogenPipelineOnshore_highP_Storage_H2_lowP
	 - Adding Compressor hydrogen_Compressor_hydrogenPipelineOnshore_highP_Demand
	 - Adding Compressor hydrogen_Compressor_Electrolyzer_small_hydrogenPipelineOnshore_lowP
	 - Adding Compressor hydrogen_Compressor_Electrolyzer_small_hydrogenPipelineOnshore_highP
	 - Adding Compressor hydrogen_Compressor_Electrolyzer_small_Storage_H2_lowP
	 - Adding Compressor hydrogen_Compressor_Electrolyzer_small_Demand
	 - Adding Compressor hydrogen_Compressor_Storage_H2_lowP_hydrogenPipelineOnshore_lowP
	 - Adding Compressor hydrogen_Compressor_Storage_H2_lowP_hydrogenPipelineOnshore_highP
	 - Adding Compressor hydrogen_Compressor_Storage_H2_lowP_Storage_H2_lowP
	 - Adding Compressor hydrogen_Compressor_Storage_H2_lowP_Demand
	 - Adding Technology Electrolyzer_small
	 - Adding Technology Storage_H2_lowP
			gdp.bigm Transformation...
			gdp.bigm Transformation completed in 4 s
	 - Adding Compressor hydrogen_Compressor_hydrogenPipelineOnshore_lowP_hydrogenPipelineOnshore_lowP
	 - Adding Compressor hydrogen_Compressor_hydrogenPipelineOnshore_lowP_hydrogenPipelineOnshore_highP
	 - Adding Compressor hydrogen_Compressor_hydrogenPipelineOnshore_lowP_Storage_H2_lowP
	 - Adding Compressor hydrogen_Compressor_hydrogenPipelineOnshore_lowP_Demand
	 - Adding Compressor hydrogen_Compressor_hydrogenPipelineOnshore_highP_hydrogenPipelineOnshore_lowP
	 - Adding Compressor hydrogen_Compressor_hydrogenPipelineOnshore_highP_hydrogenPipelineOnshore_highP
	 - Adding Compressor hydrogen_Compressor_hydrogenPipelineOnshore_highP_Storage_H2_lowP
	 - Adding Compressor hydrogen_Compressor_hydrogenPipelineOnshore_highP_Demand
	 - Adding Compressor hydrogen_Compressor_Electrolyzer_small_hydrogenPipelineOnshore_lowP
	 - Adding Compressor hydrogen_Compressor_Electrolyzer_small_hydrogenPipelineOnshore_highP
	 - Adding Compressor hydrogen_Compressor_Electrolyzer_small_Storage_H2_lowP
	 - Adding Compressor hydrogen_Compressor_Electrolyzer_small_Demand
	 - Adding Compressor hydrogen_Compressor_Storage_H2_lowP_hydrogenPipelineOnshore_lowP
	 - Adding Compressor hydrogen_Compressor_Storage_H2_lowP_hydrogenPipelineOnshore_highP
	 - Adding Compressor hydrogen_Compressor_Storage_H2_lowP_Storage_H2_lowP
	 - Adding Compressor hydrogen_Compressor_Storage_H2_lowP_Demand
	 - Adding Technology Electrolyzer_small
	 - Adding Technology Storage_H2_lowP
			gdp.bigm Transformation...
			gdp.bigm Transformation completed in 4 s
	 - Adding Compressor hydrogen_Compressor_hydrogenPipelineOnshore_lowP_hydrogenPipelineOnshore_lowP
	 - Adding Compressor hydrogen_Compressor_hydrogenPipelineOnshore_lowP_hydrogenPipelineOnshore_highP
	 - Adding Compressor hydrogen_Compressor_hydrogenPipelineOnshore_lowP_Storage_H2_lowP
	 - Adding Compressor hydrogen_Compressor_hydrogenPipelineOnshore_lowP_Demand
	 - Adding Compressor hydrogen_Compressor_hydrogenPipelineOnshore_highP_hydrogenPipelineOnshore_lowP
	 - Adding Compressor hydrogen_Compressor_hydrogenPipelineOnshore_highP_hydrogenPipelineOnshore_highP
	 - Adding Compressor hydrogen_Compressor_hydrogenPipelineOnshore_highP_Storage_H2_lowP
	 - Adding Compressor hydrogen_Compressor_hydrogenPipelineOnshore_highP_Demand
	 - Adding Compressor hydrogen_Compressor_Electrolyzer_small_hydrogenPipelineOnshore_lowP
	 - Adding Compressor hydrogen_Compressor_Electrolyzer_small_hydrogenPipelineOnshore_highP
	 - Adding Compressor hydrogen_Compressor_Electrolyzer_small_Storage_H2_lowP
	 - Adding Compressor hydrogen_Compressor_Electrolyzer_small_Demand
	 - Adding Compressor hydrogen_Compressor_Storage_H2_lowP_hydrogenPipelineOnshore_lowP
	 - Adding Compressor hydrogen_Compressor_Storage_H2_lowP_hydrogenPipelineOnshore_highP
	 - Adding Compressor hydrogen_Compressor_Storage_H2_lowP_Storage_H2_lowP
	 - Adding Compressor hydrogen_Compressor_Storage_H2_lowP_Demand
	 - Adding Technology Electrolyzer_small
	 - Adding Technology Storage_H2_lowP
			gdp.bigm Transformation...
			gdp.bigm Transformation completed in 4 s
	 - Adding Compressor hydrogen_Compressor_hydrogenPipelineOnshore_lowP_hydrogenPipelineOnshore_lowP
	 - Adding Compressor hydrogen_Compressor_hydrogenPipelineOnshore_lowP_hydrogenPipelineOnshore_highP
	 - Adding Compressor hydrogen_Compressor_hydrogenPipelineOnshore_lowP_Storage_H2_lowP
	 - Adding Compressor hydrogen_Compressor_hydrogenPipelineOnshore_lowP_Demand
	 - Adding Compressor hydrogen_Compressor_hydrogenPipelineOnshore_highP_hydrogenPipelineOnshore_lowP
	 - Adding Compressor hydrogen_Compressor_hydrogenPipelineOnshore_highP_hydrogenPipelineOnshore_highP
	 - Adding Compressor hydrogen_Compressor_hydrogenPipelineOnshore_highP_Storage_H2_lowP
	 - Adding Compressor hydrogen_Compressor_hydrogenPipelineOnshore_highP_Demand
	 - Adding Compressor hydrogen_Compressor_Electrolyzer_small_hydrogenPipelineOnshore_lowP
	 - Adding Compressor hydrogen_Compressor_Electrolyzer_small_hydrogenPipelineOnshore_highP
	 - Adding Compressor hydrogen_Compressor_Electrolyzer_small_Storage_H2_lowP
	 - Adding Compressor hydrogen_Compressor_Electrolyzer_small_Demand
	 - Adding Compressor hydrogen_Compressor_Storage_H2_lowP_hydrogenPipelineOnshore_lowP
	 - Adding Compressor hydrogen_Compressor_Storage_H2_lowP_hydrogenPipelineOnshore_highP
	 - Adding Compressor hydrogen_Compressor_Storage_H2_lowP_Storage_H2_lowP
	 - Adding Compressor hydrogen_Compressor_Storage_H2_lowP_Demand
	 - Adding Technology Storage_H2_Cavern_existing
			gdp.bigm Transformation...
			gdp.bigm Transformation completed in 4 s
	 - Adding Compressor hydrogen_Compressor_hydrogenPipelineOnshore_lowP_hydrogenPipelineOnshore_lowP
	 - Adding Compressor hydrogen_Compressor_hydrogenPipelineOnshore_lowP_hydrogenPipelineOnshore_highP
	 - Adding Compressor hydrogen_Compressor_hydrogenPipelineOnshore_lowP_Storage_H2_Cavern_existing
	 - Adding Compressor hydrogen_Compressor_hydrogenPipelineOnshore_highP_hydrogenPipelineOnshore_lowP
	 - Adding Compressor hydrogen_Compressor_hydrogenPipelineOnshore_highP_hydrogenPipelineOnshore_highP
	 - Adding Compressor hydrogen_Compressor_hydrogenPipelineOnshore_highP_Storage_H2_Cavern_existing
	 - Adding Compressor hydrogen_Compressor_Storage_H2_Cavern_existing_hydrogenPipelineOnshore_lowP
	 - Adding Compressor hydrogen_Compressor_Storage_H2_Cavern_existing_hydrogenPipelineOnshore_highP
	 - Adding Compressor hydrogen_Compressor_Storage_H2_Cavern_existing_Storage_H2_Cavern_existing_existing
Constructing model completed in 446s
Constructing balances...
Constructing balances completed in 16s
Set objective on infrastructure due to willingness to pay
Set parameter OutputFlag to value 1
Set parameter LogFile to value "/gpfs/home3/scur1696/AdOpT-NET0-RegToNation/generic_node_optimization/results/parallel_creation_test_20251123_162207/parallel_run_0003/userData/20251123163120-1/solver_log.txt"
Solver log file: /gpfs/home3/scur1696/AdOpT-NET0-RegToNation/generic_node_optimization/results/parallel_creation_test_20251123_162207/parallel_run_0003/userData/20251123163120-1/solver_log.txt
Set parameter TimeLimit to value 180000
Set parameter MIPGap to value 0.01
Set parameter MIPFocus to value 0
Set parameter Threads to value 8
Set parameter NodefileStart to value 60
Set parameter Method to value -1
Set parameter Heuristics to value 0.05
Set parameter Presolve to value 1
Set parameter BranchDir to value 0
Set parameter LPWarmStart to value 0
Set parameter IntFeasTol to value 1e-05
Set parameter FeasibilityTol to value 1e-06
Set parameter Cuts to value -1
Set parameter NumericFocus to value 0
Gurobi Optimizer version 13.0.0 build v13.0.0rc1 (linux64 - "Red Hat Enterprise Linux 9.4 (Plow)")

CPU model: AMD EPYC 9654 96-Core Processor, instruction set [SSE2|AVX|AVX2|AVX512]
Thread count: 192 physical cores, 192 logical processors, using up to 8 threads

Non-default parameters:
TimeLimit  180000
MIPGap  0.01
LPWarmStart  0
NodefileStart  60
Presolve  1
Threads  8

Academic license 2729390 - for non-commercial use only - registered to m.___@uu.nl
Optimize a model with 9050179 rows, 6728544 columns and 21385595 nonzeros (Min)
Model fingerprint: 0x7c63cb01
Model has 1 linear objective coefficients
Variable types: 5869892 continuous, 858652 integer (858652 binary)
Coefficient statistics:
  Matrix range     [2e-03, 2e+08]
  Objective range  [1e+00, 1e+00]
  Bounds range     [5e-02, 6e+08]
  RHS range        [1e+00, 8e+09]
Warning: Model contains large matrix coefficients
Warning: Model contains large rhs
         Consider reformulating model or setting NumericFocus parameter
         to avoid numerical issues.
Gurobi Optimizer version 13.0.0 build v13.0.0rc1 (linux64 - "Red Hat Enterprise Linux 9.4 (Plow)")

CPU model: AMD EPYC 9654 96-Core Processor, instruction set [SSE2|AVX|AVX2|AVX512]
Thread count: 192 physical cores, 192 logical processors, using up to 8 threads

Non-default parameters:
TimeLimit  180000
MIPGap  0.01
LPWarmStart  0
NodefileStart  60
Presolve  1
Threads  8

Academic license 2729390 - for non-commercial use only - registered to m.___@uu.nl
Optimize a model with 9050179 rows, 6728544 columns and 21385595 nonzeros (Min)
Model fingerprint: 0x1248e9d1
Model has 1 linear objective coefficients
Variable types: 5869892 continuous, 858652 integer (858652 binary)
Coefficient statistics:
  Matrix range     [2e-03, 2e+08]
  Objective range  [1e+00, 1e+00]
  Bounds range     [5e-02, 6e+08]
  RHS range        [1e+00, 8e+09]
Warning: Model contains large matrix coefficients
Warning: Model contains large rhs
         Consider reformulating model or setting NumericFocus parameter
         to avoid numerical issues.
Presolve removed 5361748 rows and 3924941 columns (presolve time = 5s)...
  [CONFIG] Gurobi default env configured: 8 threads per worker
--- Reading in data ---
Input data folder has been checked successfully - no errors occurred.
--- Reading in data complete ---
--- Constructing Model ---
Constructing Investment Period period1
Constructing Investment Period period1 completed
	 - Constructing Network hydrogenPipelineOnshore_lowP
			gdp.bigm Transformation...
			gdp.bigm Transformation completed in 0 s
		 - Constructing Arc BIG1 - BIG2 completed
			gdp.bigm Transformation...
			gdp.bigm Transformation completed in 0 s
		 - Constructing Arc BIG1 - SMALL1 completed
			gdp.bigm Transformation...
			gdp.bigm Transformation completed in 0 s
		 - Constructing Arc BIG1 - SMALL2 completed
			gdp.bigm Transformation...
			gdp.bigm Transformation completed in 0 s
		 - Constructing Arc BIG1 - SMALL3 completed
			gdp.bigm Transformation...
			gdp.bigm Transformation completed in 0 s
		 - Constructing Arc BIG1 - SMALL4 completed
			gdp.bigm Transformation...
			gdp.bigm Transformation completed in 0 s
		 - Constructing Arc BIG1 - STORAGE completed
			gdp.bigm Transformation...
			gdp.bigm Transformation completed in 0 s
		 - Constructing Arc BIG2 - BIG1 completed
			gdp.bigm Transformation...
			gdp.bigm Transformation completed in 0 s
		 - Constructing Arc BIG2 - SMALL1 completed
			gdp.bigm Transformation...
			gdp.bigm Transformation completed in 0 s
		 - Constructing Arc BIG2 - SMALL2 completed
			gdp.bigm Transformation...
			gdp.bigm Transformation completed in 0 s
		 - Constructing Arc BIG2 - SMALL3 completed
			gdp.bigm Transformation...
			gdp.bigm Transformation completed in 0 s
		 - Constructing Arc BIG2 - SMALL4 completed
			gdp.bigm Transformation...
			gdp.bigm Transformation completed in 0 s
		 - Constructing Arc BIG2 - STORAGE completed
			gdp.bigm Transformation...
			gdp.bigm Transformation completed in 0 s
		 - Constructing Arc SMALL1 - BIG1 completed
			gdp.bigm Transformation...
			gdp.bigm Transformation completed in 0 s
		 - Constructing Arc SMALL1 - BIG2 completed
			gdp.bigm Transformation...
			gdp.bigm Transformation completed in 0 s
		 - Constructing Arc SMALL1 - SMALL2 completed
			gdp.bigm Transformation...
			gdp.bigm Transformation completed in 0 s
		 - Constructing Arc SMALL1 - SMALL3 completed
			gdp.bigm Transformation...
			gdp.bigm Transformation completed in 0 s
		 - Constructing Arc SMALL1 - SMALL4 completed
			gdp.bigm Transformation...
			gdp.bigm Transformation completed in 0 s
		 - Constructing Arc SMALL1 - STORAGE completed
			gdp.bigm Transformation...
			gdp.bigm Transformation completed in 0 s
		 - Constructing Arc SMALL2 - BIG1 completed
			gdp.bigm Transformation...
			gdp.bigm Transformation completed in 0 s
		 - Constructing Arc SMALL2 - BIG2 completed
			gdp.bigm Transformation...
			gdp.bigm Transformation completed in 0 s
		 - Constructing Arc SMALL2 - SMALL1 completed
			gdp.bigm Transformation...
			gdp.bigm Transformation completed in 0 s
		 - Constructing Arc SMALL2 - SMALL3 completed
			gdp.bigm Transformation...
			gdp.bigm Transformation completed in 0 s
		 - Constructing Arc SMALL2 - SMALL4 completed
			gdp.bigm Transformation...
			gdp.bigm Transformation completed in 0 s
		 - Constructing Arc SMALL2 - STORAGE completed
			gdp.bigm Transformation...
			gdp.bigm Transformation completed in 0 s
		 - Constructing Arc SMALL3 - BIG1 completed
			gdp.bigm Transformation...
			gdp.bigm Transformation completed in 0 s
		 - Constructing Arc SMALL3 - BIG2 completed
			gdp.bigm Transformation...
			gdp.bigm Transformation completed in 0 s
		 - Constructing Arc SMALL3 - SMALL1 completed
			gdp.bigm Transformation...
			gdp.bigm Transformation completed in 0 s
		 - Constructing Arc SMALL3 - SMALL2 completed
			gdp.bigm Transformation...
			gdp.bigm Transformation completed in 0 s
		 - Constructing Arc SMALL3 - SMALL4 completed
			gdp.bigm Transformation...
			gdp.bigm Transformation completed in 0 s
		 - Constructing Arc SMALL3 - STORAGE completed
			gdp.bigm Transformation...
			gdp.bigm Transformation completed in 0 s
		 - Constructing Arc SMALL4 - BIG1 completed
			gdp.bigm Transformation...
			gdp.bigm Transformation completed in 0 s
		 - Constructing Arc SMALL4 - BIG2 completed
			gdp.bigm Transformation...
			gdp.bigm Transformation completed in 0 s
		 - Constructing Arc SMALL4 - SMALL1 completed
			gdp.bigm Transformation...
			gdp.bigm Transformation completed in 0 s
		 - Constructing Arc SMALL4 - SMALL2 completed
			gdp.bigm Transformation...
			gdp.bigm Transformation completed in 0 s
		 - Constructing Arc SMALL4 - SMALL3 completed
			gdp.bigm Transformation...
			gdp.bigm Transformation completed in 0 s
		 - Constructing Arc SMALL4 - STORAGE completed
			gdp.bigm Transformation...
			gdp.bigm Transformation completed in 0 s
		 - Constructing Arc STORAGE - BIG1 completed
			gdp.bigm Transformation...
			gdp.bigm Transformation completed in 0 s
		 - Constructing Arc STORAGE - BIG2 completed
			gdp.bigm Transformation...
			gdp.bigm Transformation completed in 0 s
		 - Constructing Arc STORAGE - SMALL1 completed
			gdp.bigm Transformation...
			gdp.bigm Transformation completed in 0 s
		 - Constructing Arc STORAGE - SMALL2 completed
			gdp.bigm Transformation...
			gdp.bigm Transformation completed in 0 s
		 - Constructing Arc STORAGE - SMALL3 completed
			gdp.bigm Transformation...
			gdp.bigm Transformation completed in 0 s
		 - Constructing Arc STORAGE - SMALL4 completed
	 - Constructing Network hydrogenPipelineOnshore_lowP completed
			gdp.bigm Transformation...
			gdp.bigm Transformation completed in 78 s
	 - Constructing Network hydrogenPipelineOnshore_highP
			gdp.bigm Transformation...
			gdp.bigm Transformation completed in 0 s
		 - Constructing Arc BIG1 - BIG2 completed
			gdp.bigm Transformation...
			gdp.bigm Transformation completed in 0 s
		 - Constructing Arc BIG1 - SMALL1 completed
			gdp.bigm Transformation...
			gdp.bigm Transformation completed in 0 s
		 - Constructing Arc BIG1 - SMALL2 completed
			gdp.bigm Transformation...
			gdp.bigm Transformation completed in 0 s
		 - Constructing Arc BIG1 - SMALL3 completed
			gdp.bigm Transformation...
			gdp.bigm Transformation completed in 0 s
		 - Constructing Arc BIG1 - SMALL4 completed
			gdp.bigm Transformation...
			gdp.bigm Transformation completed in 0 s
		 - Constructing Arc BIG1 - STORAGE completed
			gdp.bigm Transformation...
			gdp.bigm Transformation completed in 0 s
		 - Constructing Arc BIG2 - BIG1 completed
			gdp.bigm Transformation...
			gdp.bigm Transformation completed in 0 s
		 - Constructing Arc BIG2 - SMALL1 completed
			gdp.bigm Transformation...
			gdp.bigm Transformation completed in 0 s
		 - Constructing Arc BIG2 - SMALL2 completed
			gdp.bigm Transformation...
			gdp.bigm Transformation completed in 0 s
		 - Constructing Arc BIG2 - SMALL3 completed
			gdp.bigm Transformation...
			gdp.bigm Transformation completed in 0 s
		 - Constructing Arc BIG2 - SMALL4 completed
			gdp.bigm Transformation...
			gdp.bigm Transformation completed in 0 s
		 - Constructing Arc BIG2 - STORAGE completed
			gdp.bigm Transformation...
			gdp.bigm Transformation completed in 0 s
		 - Constructing Arc SMALL1 - BIG1 completed
			gdp.bigm Transformation...
			gdp.bigm Transformation completed in 0 s
		 - Constructing Arc SMALL1 - BIG2 completed
			gdp.bigm Transformation...
			gdp.bigm Transformation completed in 0 s
		 - Constructing Arc SMALL1 - SMALL2 completed
			gdp.bigm Transformation...
			gdp.bigm Transformation completed in 0 s
		 - Constructing Arc SMALL1 - SMALL3 completed
			gdp.bigm Transformation...
			gdp.bigm Transformation completed in 0 s
		 - Constructing Arc SMALL1 - SMALL4 completed
			gdp.bigm Transformation...
			gdp.bigm Transformation completed in 0 s
		 - Constructing Arc SMALL1 - STORAGE completed
			gdp.bigm Transformation...
			gdp.bigm Transformation completed in 0 s
		 - Constructing Arc SMALL2 - BIG1 completed
			gdp.bigm Transformation...
			gdp.bigm Transformation completed in 0 s
		 - Constructing Arc SMALL2 - BIG2 completed
			gdp.bigm Transformation...
			gdp.bigm Transformation completed in 0 s
		 - Constructing Arc SMALL2 - SMALL1 completed
			gdp.bigm Transformation...
			gdp.bigm Transformation completed in 0 s
		 - Constructing Arc SMALL2 - SMALL3 completed
			gdp.bigm Transformation...
			gdp.bigm Transformation completed in 0 s
		 - Constructing Arc SMALL2 - SMALL4 completed
			gdp.bigm Transformation...
			gdp.bigm Transformation completed in 0 s
		 - Constructing Arc SMALL2 - STORAGE completed
			gdp.bigm Transformation...
			gdp.bigm Transformation completed in 0 s
		 - Constructing Arc SMALL3 - BIG1 completed
			gdp.bigm Transformation...
			gdp.bigm Transformation completed in 0 s
		 - Constructing Arc SMALL3 - BIG2 completed
			gdp.bigm Transformation...
			gdp.bigm Transformation completed in 0 s
		 - Constructing Arc SMALL3 - SMALL1 completed
			gdp.bigm Transformation...
			gdp.bigm Transformation completed in 0 s
		 - Constructing Arc SMALL3 - SMALL2 completed
			gdp.bigm Transformation...
			gdp.bigm Transformation completed in 0 s
		 - Constructing Arc SMALL3 - SMALL4 completed
			gdp.bigm Transformation...
			gdp.bigm Transformation completed in 0 s
		 - Constructing Arc SMALL3 - STORAGE completed
			gdp.bigm Transformation...
			gdp.bigm Transformation completed in 0 s
		 - Constructing Arc SMALL4 - BIG1 completed
			gdp.bigm Transformation...
			gdp.bigm Transformation completed in 0 s
		 - Constructing Arc SMALL4 - BIG2 completed
			gdp.bigm Transformation...
			gdp.bigm Transformation completed in 0 s
		 - Constructing Arc SMALL4 - SMALL1 completed
			gdp.bigm Transformation...
			gdp.bigm Transformation completed in 0 s
		 - Constructing Arc SMALL4 - SMALL2 completed
			gdp.bigm Transformation...
			gdp.bigm Transformation completed in 0 s
		 - Constructing Arc SMALL4 - SMALL3 completed
			gdp.bigm Transformation...
			gdp.bigm Transformation completed in 0 s
		 - Constructing Arc SMALL4 - STORAGE completed
			gdp.bigm Transformation...
			gdp.bigm Transformation completed in 0 s
		 - Constructing Arc STORAGE - BIG1 completed
			gdp.bigm Transformation...
			gdp.bigm Transformation completed in 0 s
		 - Constructing Arc STORAGE - BIG2 completed
			gdp.bigm Transformation...
			gdp.bigm Transformation completed in 0 s
		 - Constructing Arc STORAGE - SMALL1 completed
			gdp.bigm Transformation...
			gdp.bigm Transformation completed in 0 s
		 - Constructing Arc STORAGE - SMALL2 completed
			gdp.bigm Transformation...
			gdp.bigm Transformation completed in 0 s
		 - Constructing Arc STORAGE - SMALL3 completed
			gdp.bigm Transformation...
			gdp.bigm Transformation completed in 0 s
		 - Constructing Arc STORAGE - SMALL4 completed
	 - Constructing Network hydrogenPipelineOnshore_highP completed
			gdp.bigm Transformation...
			gdp.bigm Transformation completed in 78 s
	 - Adding Technology Electrolyzer_big
			gdp.bigm Transformation...
			gdp.bigm Transformation completed in 0 s
	 - Adding Technology Storage_H2_highP
			gdp.bigm Transformation...
			gdp.bigm Transformation completed in 4 s
	 - Adding Compressor hydrogen_Compressor_hydrogenPipelineOnshore_lowP_hydrogenPipelineOnshore_lowP
	 - Adding Compressor hydrogen_Compressor_hydrogenPipelineOnshore_lowP_hydrogenPipelineOnshore_highP
	 - Adding Compressor hydrogen_Compressor_hydrogenPipelineOnshore_lowP_Storage_H2_highP
	 - Adding Compressor hydrogen_Compressor_hydrogenPipelineOnshore_lowP_Demand
	 - Adding Compressor hydrogen_Compressor_hydrogenPipelineOnshore_highP_hydrogenPipelineOnshore_lowP
	 - Adding Compressor hydrogen_Compressor_hydrogenPipelineOnshore_highP_hydrogenPipelineOnshore_highP
	 - Adding Compressor hydrogen_Compressor_hydrogenPipelineOnshore_highP_Storage_H2_highP
	 - Adding Compressor hydrogen_Compressor_hydrogenPipelineOnshore_highP_Demand
	 - Adding Compressor hydrogen_Compressor_Electrolyzer_big_hydrogenPipelineOnshore_lowP
	 - Adding Compressor hydrogen_Compressor_Electrolyzer_big_hydrogenPipelineOnshore_highP
	 - Adding Compressor hydrogen_Compressor_Electrolyzer_big_Storage_H2_highP
	 - Adding Compressor hydrogen_Compressor_Electrolyzer_big_Demand
	 - Adding Compressor hydrogen_Compressor_Storage_H2_highP_hydrogenPipelineOnshore_lowP
	 - Adding Compressor hydrogen_Compressor_Storage_H2_highP_hydrogenPipelineOnshore_highP
	 - Adding Compressor hydrogen_Compressor_Storage_H2_highP_Storage_H2_highP
	 - Adding Compressor hydrogen_Compressor_Storage_H2_highP_Demand
	 - Adding Compressor hydrogen_Compressor_Import_hydrogenPipelineOnshore_lowP
	 - Adding Compressor hydrogen_Compressor_Import_hydrogenPipelineOnshore_highP
	 - Adding Compressor hydrogen_Compressor_Import_Storage_H2_highP
	 - Adding Compressor hydrogen_Compressor_Import_Demand_existing
	 - Adding Technology Electrolyzer_big
			gdp.bigm Transformation...
			gdp.bigm Transformation completed in 0 s
	 - Adding Technology Storage_H2_highP
			gdp.bigm Transformation...
			gdp.bigm Transformation completed in 4 s
	 - Adding Compressor hydrogen_Compressor_hydrogenPipelineOnshore_lowP_hydrogenPipelineOnshore_lowP
	 - Adding Compressor hydrogen_Compressor_hydrogenPipelineOnshore_lowP_hydrogenPipelineOnshore_highP
	 - Adding Compressor hydrogen_Compressor_hydrogenPipelineOnshore_lowP_Storage_H2_highP
	 - Adding Compressor hydrogen_Compressor_hydrogenPipelineOnshore_lowP_Demand
	 - Adding Compressor hydrogen_Compressor_hydrogenPipelineOnshore_highP_hydrogenPipelineOnshore_lowP
	 - Adding Compressor hydrogen_Compressor_hydrogenPipelineOnshore_highP_hydrogenPipelineOnshore_highP
	 - Adding Compressor hydrogen_Compressor_hydrogenPipelineOnshore_highP_Storage_H2_highP
	 - Adding Compressor hydrogen_Compressor_hydrogenPipelineOnshore_highP_Demand
	 - Adding Compressor hydrogen_Compressor_Electrolyzer_big_hydrogenPipelineOnshore_lowP
	 - Adding Compressor hydrogen_Compressor_Electrolyzer_big_hydrogenPipelineOnshore_highP
	 - Adding Compressor hydrogen_Compressor_Electrolyzer_big_Storage_H2_highP
	 - Adding Compressor hydrogen_Compressor_Electrolyzer_big_Demand
	 - Adding Compressor hydrogen_Compressor_Storage_H2_highP_hydrogenPipelineOnshore_lowP
	 - Adding Compressor hydrogen_Compressor_Storage_H2_highP_hydrogenPipelineOnshore_highP
	 - Adding Compressor hydrogen_Compressor_Storage_H2_highP_Storage_H2_highP
	 - Adding Compressor hydrogen_Compressor_Storage_H2_highP_Demand
	 - Adding Compressor hydrogen_Compressor_Import_hydrogenPipelineOnshore_lowP
	 - Adding Compressor hydrogen_Compressor_Import_hydrogenPipelineOnshore_highP
	 - Adding Compressor hydrogen_Compressor_Import_Storage_H2_highP
	 - Adding Compressor hydrogen_Compressor_Import_Demand_existing
	 - Adding Technology Electrolyzer_small
	 - Adding Technology Storage_H2_lowP
			gdp.bigm Transformation...
			gdp.bigm Transformation completed in 4 s
	 - Adding Compressor hydrogen_Compressor_hydrogenPipelineOnshore_lowP_hydrogenPipelineOnshore_lowP
	 - Adding Compressor hydrogen_Compressor_hydrogenPipelineOnshore_lowP_hydrogenPipelineOnshore_highP
	 - Adding Compressor hydrogen_Compressor_hydrogenPipelineOnshore_lowP_Storage_H2_lowP
	 - Adding Compressor hydrogen_Compressor_hydrogenPipelineOnshore_lowP_Demand
	 - Adding Compressor hydrogen_Compressor_hydrogenPipelineOnshore_highP_hydrogenPipelineOnshore_lowP
	 - Adding Compressor hydrogen_Compressor_hydrogenPipelineOnshore_highP_hydrogenPipelineOnshore_highP
	 - Adding Compressor hydrogen_Compressor_hydrogenPipelineOnshore_highP_Storage_H2_lowP
	 - Adding Compressor hydrogen_Compressor_hydrogenPipelineOnshore_highP_Demand
	 - Adding Compressor hydrogen_Compressor_Electrolyzer_small_hydrogenPipelineOnshore_lowP
	 - Adding Compressor hydrogen_Compressor_Electrolyzer_small_hydrogenPipelineOnshore_highP
	 - Adding Compressor hydrogen_Compressor_Electrolyzer_small_Storage_H2_lowP
	 - Adding Compressor hydrogen_Compressor_Electrolyzer_small_Demand
	 - Adding Compressor hydrogen_Compressor_Storage_H2_lowP_hydrogenPipelineOnshore_lowP
	 - Adding Compressor hydrogen_Compressor_Storage_H2_lowP_hydrogenPipelineOnshore_highP
	 - Adding Compressor hydrogen_Compressor_Storage_H2_lowP_Storage_H2_lowP
	 - Adding Compressor hydrogen_Compressor_Storage_H2_lowP_Demand
	 - Adding Technology Electrolyzer_small
	 - Adding Technology Storage_H2_lowP
			gdp.bigm Transformation...
			gdp.bigm Transformation completed in 4 s
	 - Adding Compressor hydrogen_Compressor_hydrogenPipelineOnshore_lowP_hydrogenPipelineOnshore_lowP
	 - Adding Compressor hydrogen_Compressor_hydrogenPipelineOnshore_lowP_hydrogenPipelineOnshore_highP
	 - Adding Compressor hydrogen_Compressor_hydrogenPipelineOnshore_lowP_Storage_H2_lowP
	 - Adding Compressor hydrogen_Compressor_hydrogenPipelineOnshore_lowP_Demand
	 - Adding Compressor hydrogen_Compressor_hydrogenPipelineOnshore_highP_hydrogenPipelineOnshore_lowP
	 - Adding Compressor hydrogen_Compressor_hydrogenPipelineOnshore_highP_hydrogenPipelineOnshore_highP
	 - Adding Compressor hydrogen_Compressor_hydrogenPipelineOnshore_highP_Storage_H2_lowP
	 - Adding Compressor hydrogen_Compressor_hydrogenPipelineOnshore_highP_Demand
	 - Adding Compressor hydrogen_Compressor_Electrolyzer_small_hydrogenPipelineOnshore_lowP
	 - Adding Compressor hydrogen_Compressor_Electrolyzer_small_hydrogenPipelineOnshore_highP
	 - Adding Compressor hydrogen_Compressor_Electrolyzer_small_Storage_H2_lowP
	 - Adding Compressor hydrogen_Compressor_Electrolyzer_small_Demand
	 - Adding Compressor hydrogen_Compressor_Storage_H2_lowP_hydrogenPipelineOnshore_lowP
	 - Adding Compressor hydrogen_Compressor_Storage_H2_lowP_hydrogenPipelineOnshore_highP
	 - Adding Compressor hydrogen_Compressor_Storage_H2_lowP_Storage_H2_lowP
	 - Adding Compressor hydrogen_Compressor_Storage_H2_lowP_Demand
	 - Adding Technology Electrolyzer_small
	 - Adding Technology Storage_H2_lowP
			gdp.bigm Transformation...
			gdp.bigm Transformation completed in 4 s
	 - Adding Compressor hydrogen_Compressor_hydrogenPipelineOnshore_lowP_hydrogenPipelineOnshore_lowP
	 - Adding Compressor hydrogen_Compressor_hydrogenPipelineOnshore_lowP_hydrogenPipelineOnshore_highP
	 - Adding Compressor hydrogen_Compressor_hydrogenPipelineOnshore_lowP_Storage_H2_lowP
	 - Adding Compressor hydrogen_Compressor_hydrogenPipelineOnshore_lowP_Demand
	 - Adding Compressor hydrogen_Compressor_hydrogenPipelineOnshore_highP_hydrogenPipelineOnshore_lowP
	 - Adding Compressor hydrogen_Compressor_hydrogenPipelineOnshore_highP_hydrogenPipelineOnshore_highP
	 - Adding Compressor hydrogen_Compressor_hydrogenPipelineOnshore_highP_Storage_H2_lowP
	 - Adding Compressor hydrogen_Compressor_hydrogenPipelineOnshore_highP_Demand
	 - Adding Compressor hydrogen_Compressor_Electrolyzer_small_hydrogenPipelineOnshore_lowP
	 - Adding Compressor hydrogen_Compressor_Electrolyzer_small_hydrogenPipelineOnshore_highP
	 - Adding Compressor hydrogen_Compressor_Electrolyzer_small_Storage_H2_lowP
	 - Adding Compressor hydrogen_Compressor_Electrolyzer_small_Demand
	 - Adding Compressor hydrogen_Compressor_Storage_H2_lowP_hydrogenPipelineOnshore_lowP
	 - Adding Compressor hydrogen_Compressor_Storage_H2_lowP_hydrogenPipelineOnshore_highP
	 - Adding Compressor hydrogen_Compressor_Storage_H2_lowP_Storage_H2_lowP
	 - Adding Compressor hydrogen_Compressor_Storage_H2_lowP_Demand
	 - Adding Technology Electrolyzer_small
	 - Adding Technology Storage_H2_lowP
			gdp.bigm Transformation...
			gdp.bigm Transformation completed in 4 s
	 - Adding Compressor hydrogen_Compressor_hydrogenPipelineOnshore_lowP_hydrogenPipelineOnshore_lowP
	 - Adding Compressor hydrogen_Compressor_hydrogenPipelineOnshore_lowP_hydrogenPipelineOnshore_highP
	 - Adding Compressor hydrogen_Compressor_hydrogenPipelineOnshore_lowP_Storage_H2_lowP
	 - Adding Compressor hydrogen_Compressor_hydrogenPipelineOnshore_lowP_Demand
	 - Adding Compressor hydrogen_Compressor_hydrogenPipelineOnshore_highP_hydrogenPipelineOnshore_lowP
	 - Adding Compressor hydrogen_Compressor_hydrogenPipelineOnshore_highP_hydrogenPipelineOnshore_highP
	 - Adding Compressor hydrogen_Compressor_hydrogenPipelineOnshore_highP_Storage_H2_lowP
	 - Adding Compressor hydrogen_Compressor_hydrogenPipelineOnshore_highP_Demand
	 - Adding Compressor hydrogen_Compressor_Electrolyzer_small_hydrogenPipelineOnshore_lowP
	 - Adding Compressor hydrogen_Compressor_Electrolyzer_small_hydrogenPipelineOnshore_highP
	 - Adding Compressor hydrogen_Compressor_Electrolyzer_small_Storage_H2_lowP
	 - Adding Compressor hydrogen_Compressor_Electrolyzer_small_Demand
	 - Adding Compressor hydrogen_Compressor_Storage_H2_lowP_hydrogenPipelineOnshore_lowP
	 - Adding Compressor hydrogen_Compressor_Storage_H2_lowP_hydrogenPipelineOnshore_highP
	 - Adding Compressor hydrogen_Compressor_Storage_H2_lowP_Storage_H2_lowP
	 - Adding Compressor hydrogen_Compressor_Storage_H2_lowP_Demand
	 - Adding Technology Storage_H2_Cavern_existing
			gdp.bigm Transformation...
			gdp.bigm Transformation completed in 4 s
	 - Adding Compressor hydrogen_Compressor_hydrogenPipelineOnshore_lowP_hydrogenPipelineOnshore_lowP
	 - Adding Compressor hydrogen_Compressor_hydrogenPipelineOnshore_lowP_hydrogenPipelineOnshore_highP
	 - Adding Compressor hydrogen_Compressor_hydrogenPipelineOnshore_lowP_Storage_H2_Cavern_existing
	 - Adding Compressor hydrogen_Compressor_hydrogenPipelineOnshore_highP_hydrogenPipelineOnshore_lowP
	 - Adding Compressor hydrogen_Compressor_hydrogenPipelineOnshore_highP_hydrogenPipelineOnshore_highP
	 - Adding Compressor hydrogen_Compressor_hydrogenPipelineOnshore_highP_Storage_H2_Cavern_existing
	 - Adding Compressor hydrogen_Compressor_Storage_H2_Cavern_existing_hydrogenPipelineOnshore_lowP
	 - Adding Compressor hydrogen_Compressor_Storage_H2_Cavern_existing_hydrogenPipelineOnshore_highP
	 - Adding Compressor hydrogen_Compressor_Storage_H2_Cavern_existing_Storage_H2_Cavern_existing_existing
Constructing model completed in 448s
Constructing balances...
Constructing balances completed in 17s
Set objective on infrastructure due to willingness to pay
Set parameter OutputFlag to value 1
Set parameter LogFile to value "/gpfs/home3/scur1696/AdOpT-NET0-RegToNation/generic_node_optimization/results/parallel_creation_test_20251123_162207/parallel_run_0002/userData/20251123163122-1/solver_log.txt"
Solver log file: /gpfs/home3/scur1696/AdOpT-NET0-RegToNation/generic_node_optimization/results/parallel_creation_test_20251123_162207/parallel_run_0002/userData/20251123163122-1/solver_log.txt
Set parameter TimeLimit to value 180000
Set parameter MIPGap to value 0.01
Set parameter MIPFocus to value 0
Set parameter Threads to value 8
Set parameter NodefileStart to value 60
Set parameter Method to value -1
Set parameter Heuristics to value 0.05
Set parameter Presolve to value 1
Set parameter BranchDir to value 0
Set parameter LPWarmStart to value 0
Set parameter IntFeasTol to value 1e-05
Set parameter FeasibilityTol to value 1e-06
Set parameter Cuts to value -1
Set parameter NumericFocus to value 0
Presolve removed 5361748 rows and 3924941 columns (presolve time = 5s)...
Presolve removed 5528318 rows and 4082751 columns (presolve time = 10s)...
Gurobi Optimizer version 13.0.0 build v13.0.0rc1 (linux64 - "Red Hat Enterprise Linux 9.4 (Plow)")

CPU model: AMD EPYC 9654 96-Core Processor, instruction set [SSE2|AVX|AVX2|AVX512]
Thread count: 192 physical cores, 192 logical processors, using up to 8 threads

Non-default parameters:
TimeLimit  180000
MIPGap  0.01
LPWarmStart  0
NodefileStart  60
Presolve  1
Threads  8

Academic license 2729390 - for non-commercial use only - registered to m.___@uu.nl
Optimize a model with 9050179 rows, 6728544 columns and 21385595 nonzeros (Min)
Model fingerprint: 0xac55482f
Model has 1 linear objective coefficients
Variable types: 5869892 continuous, 858652 integer (858652 binary)
Coefficient statistics:
  Matrix range     [2e-03, 2e+08]
  Objective range  [1e+00, 1e+00]
  Bounds range     [5e-02, 6e+08]
  RHS range        [1e+00, 8e+09]
Warning: Model contains large matrix coefficients
Warning: Model contains large rhs
         Consider reformulating model or setting NumericFocus parameter
         to avoid numerical issues.
Presolve removed 5361748 rows and 3924941 columns (presolve time = 5s)...
Presolve removed 5528318 rows and 4082751 columns (presolve time = 10s)...
Presolve removed 5361748 rows and 3924941 columns (presolve time = 5s)...
Presolve removed 5528318 rows and 4082751 columns (presolve time = 15s)...
Presolve removed 5528318 rows and 4082751 columns (presolve time = 10s)...
Presolve removed 5528318 rows and 4082751 columns (presolve time = 15s)...
Presolve removed 5528318 rows and 4082751 columns (presolve time = 10s)...
Presolve removed 5528318 rows and 4082751 columns (presolve time = 20s)...
Presolve removed 5361748 rows and 3924941 columns (presolve time = 5s)...
Presolve removed 5528318 rows and 4082751 columns (presolve time = 15s)...
Presolve removed 5528318 rows and 4082751 columns (presolve time = 20s)...
Presolve removed 5528318 rows and 4082751 columns (presolve time = 15s)...
Presolve removed 5528318 rows and 4082751 columns (presolve time = 10s)...
Presolve removed 5528318 rows and 4082751 columns (presolve time = 26s)...
Presolve removed 5528318 rows and 4082751 columns (presolve time = 20s)...
Presolve removed 5528318 rows and 4082751 columns (presolve time = 26s)...
Presolve removed 5528318 rows and 4082751 columns (presolve time = 20s)...
Presolve removed 5545992 rows and 4161654 columns (presolve time = 30s)...
Presolve removed 5528318 rows and 4082751 columns (presolve time = 15s)...
Presolve removed 5528318 rows and 4082751 columns (presolve time = 26s)...
Presolve removed 5545992 rows and 4161654 columns (presolve time = 30s)...
Presolve removed 5554871 rows and 4161696 columns (presolve time = 35s)...
Presolve removed 5528318 rows and 4082751 columns (presolve time = 26s)...
Presolve removed 5528318 rows and 4082751 columns (presolve time = 20s)...
Presolve removed 5545992 rows and 4161696 columns (presolve time = 30s)...
Presolve removed 5554871 rows and 4161696 columns (presolve time = 35s)...
Presolve removed 5545992 rows and 4161654 columns (presolve time = 30s)...
Presolve removed 5554871 rows and 4161696 columns (presolve time = 40s)...
Presolve removed 5554871 rows and 4161696 columns
Presolve time: 41.01s
Presolved: 3495308 rows, 2566848 columns, 11519714 nonzeros
Presolve removed 5554871 rows and 4161696 columns (presolve time = 35s)...
Presolve removed 5528318 rows and 4082751 columns (presolve time = 26s)...
Presolve removed 5554871 rows and 4161696 columns (presolve time = 40s)...
Presolve removed 5554871 rows and 4161696 columns
Presolve time: 40.91s
Presolved: 3495308 rows, 2566848 columns, 11519714 nonzeros
Presolve removed 5554871 rows and 4161696 columns (presolve time = 35s)...
Presolve removed 5545992 rows and 4161654 columns (presolve time = 30s)...
Presolve removed 5554871 rows and 4161696 columns (presolve time = 40s)...
Presolve removed 5554871 rows and 4161696 columns
Presolve time: 40.88s
Presolved: 3495308 rows, 2566848 columns, 11519714 nonzeros
Variable types: 2137564 continuous, 429284 integer (429284 binary)
Presolve removed 5554871 rows and 4161696 columns (presolve time = 41s)...
Presolve removed 5554871 rows and 4161696 columns
Presolve time: 41.35s
Presolved: 3495308 rows, 2566848 columns, 11519714 nonzeros
Presolve removed 5554871 rows and 4161696 columns (presolve time = 35s)...
Variable types: 2137564 continuous, 429284 integer (429284 binary)
Variable types: 2137564 continuous, 429284 integer (429284 binary)
Presolve removed 5554871 rows and 4161696 columns (presolve time = 41s)...
Presolve removed 5554871 rows and 4161696 columns
Presolve time: 41.50s
Presolved: 3495308 rows, 2566848 columns, 11519714 nonzeros
Variable types: 2137564 continuous, 429284 integer (429284 binary)
Variable types: 2137564 continuous, 429284 integer (429284 binary)
Deterministic concurrent LP optimizer: primal simplex, dual simplex, and barrier
Showing barrier log only...

Found heuristic solution: objective 4.931922e+07
Root barrier log...

Ordering time: 2.79s
Deterministic concurrent LP optimizer: primal simplex, dual simplex, and barrier
Showing barrier log only...


Barrier statistics:
 Dense cols : 103
 AA' NZ     : 1.544e+07
 Factor NZ  : 6.624e+07 (roughly 2.6 GB of memory)
 Factor Ops : 4.369e+09 (less than 1 second per iteration)
 Threads    : 5
Root barrier log...


                  Objective                Residual
Iter       Primal          Dual         Primal    Dual     Compl     Time
   0   1.87709124e+10 -2.51779314e+11  7.28e+09 1.55e+01  1.19e+08    84s
   1   1.99257730e+10 -5.41703092e+11  7.05e+09 5.23e+01  1.13e+08    86s
Ordering time: 3.33s
   2   1.25508902e+10 -4.68673294e+11  4.12e+09 1.91e+00  6.74e+07    88s
Deterministic concurrent LP optimizer: primal simplex, dual simplex, and barrier
Showing barrier log only...


Barrier statistics:
 Dense cols : 103
 AA' NZ     : 1.544e+07
 Factor NZ  : 6.624e+07 (roughly 2.6 GB of memory)
 Factor Ops : 4.369e+09 (less than 1 second per iteration)
 Threads    : 5
   3   3.21289325e+09 -4.21749709e+11  2.81e+08 8.56e-06  4.66e+06    91s
Root barrier log...


                  Objective                Residual
Iter       Primal          Dual         Primal    Dual     Compl     Time
   0   1.40952057e+10 -2.57185878e+11  5.38e+09 9.85e+00  8.63e+07    85s
   4   2.96339822e+09 -3.16696014e+11  8.09e+07 5.89e-04  1.39e+06    92s
   1   1.51062633e+10 -4.18392492e+11  5.21e+09 6.34e+01  7.85e+07    87s
   5   2.96747692e+09 -2.19730088e+11  2.81e+07 1.82e-05  4.93e+05    94s
Ordering time: 3.18s
   2   1.00256868e+10 -3.84865000e+11  3.10e+09 3.72e+00  4.74e+07    89s
   6   2.81973400e+09 -1.98635913e+11  8.20e+06 1.46e-05  1.63e+05    95s

Barrier statistics:
 Dense cols : 103
 AA' NZ     : 1.544e+07
 Factor NZ  : 6.624e+07 (roughly 2.6 GB of memory)
 Factor Ops : 4.369e+09 (less than 1 second per iteration)
 Threads    : 5
   3   3.65204122e+09 -3.58921747e+11  3.66e+08 8.50e-07  5.74e+06    91s
   7   2.38823992e+09 -1.77430814e+11  5.95e+06 1.25e-04  1.22e+05    97s

                  Objective                Residual
Iter       Primal          Dual         Primal    Dual     Compl     Time
   0   7.87829910e+09 -2.56599321e+11  2.63e+09 6.88e+00  4.36e+07    85s
   8   2.08154687e+09 -1.54420955e+11  5.26e+06 4.27e-04  1.07e+05    99s
   1   8.56817379e+09 -5.84568552e+11  2.55e+09 5.68e+01  4.13e+07    87s
   4   3.01947190e+09 -2.85840149e+11  1.51e+07 1.25e-06  2.77e+05    94s
   9   1.79255207e+09 -1.16895202e+11  4.52e+06 1.93e-04  8.90e+04   100s
   5   3.01202838e+09 -2.46984282e+11  6.96e+06 9.81e-07  1.42e+05    95s
   2   5.87877530e+09 -4.34984256e+11  1.47e+09 1.51e+00  2.42e+07    89s
  10   1.57882052e+09 -1.05279987e+11  3.98e+06 2.24e-05  7.83e+04   102s
   6   3.01154949e+09 -2.42564901e+11  6.48e+06 9.48e-07  1.33e+05    97s
   3   3.08460705e+09 -3.73493061e+11  1.42e+08 1.86e-05  2.40e+06    91s
   7   3.00562921e+09 -2.20228377e+11  5.45e+06 8.56e-07  1.14e+05    99s
   4   2.99503223e+09 -2.67427308e+11  3.86e+06 9.78e-06  1.03e+05    93s
  11   1.15254722e+09 -7.13902197e+10  2.73e+06 8.88e-04  5.20e+04   106s
   8   3.00164279e+09 -2.03408908e+11  5.05e+06 7.46e-07  1.05e+05   101s
   5   3.00463058e+09 -1.98796090e+11  1.23e+06 7.54e-06  4.83e+04    95s
   9   2.70781508e+09 -1.56389702e+11  3.86e+06 3.50e-04  7.89e+04   102s
   6   3.00480385e+09 -1.17702372e+11  8.31e+05 2.68e-06  2.78e+04    96s
  12   4.84276229e+08 -4.58231493e+10  9.75e+05 1.63e-03  2.21e+04   109s
   7   2.91395772e+09 -8.27693075e+10  1.84e+05 9.00e-06  1.49e+04    98s
  10   1.94172873e+09 -1.28127420e+11  2.11e+06 2.90e-04  4.91e+04   105s
  13   2.18143771e+08 -2.55006812e+10  2.81e+05 1.90e-03  8.06e+03   111s
   8   2.80568505e+09 -2.58774578e+10  4.00e+04 3.04e-05  4.58e+03    99s
  14   1.72398092e+08 -1.80929003e+10  1.57e+05 7.01e-04  4.92e+03   113s
   9   2.41869962e+09 -1.16200558e+10  9.97e-08 9.63e-05  2.15e+03   102s
  11   1.17656374e+09 -7.37915343e+10  8.71e+05 5.75e-06  2.25e+04   109s
  15   1.60542729e+08 -1.10684688e+10  1.26e+05 2.22e-06  3.18e+03   116s
  10   1.86792782e+09 -5.90451685e+09  2.51e-07 5.05e-05  1.19e+03   104s
  16   1.57623346e+08 -8.90581094e+09  1.18e+05 3.95e-07  2.65e+03   117s
  12   7.04397881e+08 -4.27938620e+10  1.40e+05 1.04e-05  8.18e+03   112s
  17   1.53460255e+08 -7.87953630e+09  1.02e+05 2.96e-07  2.28e+03   119s
  11   1.00336415e+09 -4.43561182e+09  2.00e-07 3.89e-05  8.32e+02   106s
  12   6.65709686e+08 -1.87253602e+09  2.97e-07 1.72e-05  3.88e+02   108s
  18   1.36571084e+08 -5.59272748e+09  4.68e+04 3.09e-07  1.31e+03   120s
  13   6.23215142e+08 -1.20704181e+10  1.24e+04 6.15e-05  2.01e+03   114s
Deterministic concurrent LP optimizer: primal simplex, dual simplex, and barrier
Showing barrier log only...

  13   4.72471545e+08 -1.04075919e+09  6.99e-07 9.41e-06  2.32e+02   109s
  14   5.82295527e+08 -5.46581122e+09  3.15e+02 4.50e-05  9.26e+02   116s
Deterministic concurrent LP optimizer: primal simplex, dual simplex, and barrier
Showing barrier log only...

Root barrier log...

  19   1.34474021e+08 -3.90886248e+09  4.02e+04 4.18e-06  9.39e+02   123s
  14   4.26909791e+08 -4.69749373e+08  5.35e-07 4.16e-06  1.37e+02   110s
  15   5.76613091e+08 -2.21753153e+09  2.51e+02 2.10e-05  4.28e+02   118s
Root barrier log...

  20   1.33848565e+08 -3.21705419e+09  3.81e+04 3.21e-06  7.92e+02   125s
  16   5.26209407e+08 -1.75498217e+09  1.58e+02 1.72e-05  3.49e+02   119s
  15   3.91053294e+08 -3.15059326e+08  1.33e-06 3.03e-06  1.08e+02   113s
Ordering time: 3.13s
  17   4.46692593e+08 -1.35457929e+09  1.01e+02 1.35e-05  2.76e+02   121s
Ordering time: 2.76s
  16   3.32323571e+08 -6.27629750e+07  6.45e-07 1.08e-06  6.05e+01   115s

Barrier statistics:
 Dense cols : 103
 AA' NZ     : 1.544e+07
 Factor NZ  : 6.624e+07 (roughly 2.6 GB of memory)
 Factor Ops : 4.369e+09 (less than 1 second per iteration)
 Threads    : 5
  18   4.29565051e+08 -9.45760090e+08  9.40e+01 9.62e-06  2.11e+02   122s
  21   1.33749128e+08 -2.26573999e+09  3.28e+04 2.32e-06  5.98e+02   129s

Barrier statistics:
 Dense cols : 103
 AA' NZ     : 1.466e+07
 Factor NZ  : 6.547e+07 (roughly 2.6 GB of memory)
 Factor Ops : 4.419e+09 (less than 1 second per iteration)
 Threads    : 6

                  Objective                Residual
Iter       Primal          Dual         Primal    Dual     Compl     Time
   0   7.49241541e+09 -2.55566138e+11  1.67e+09 1.02e+01  4.12e+07   133s

                  Objective                Residual
Iter       Primal          Dual         Primal    Dual     Compl     Time
  19   4.15796069e+08 -8.19523072e+08  8.94e+01 8.61e-06  1.89e+02   124s
   0   9.84984677e+09 -2.30583649e+11  3.62e+09 9.30e+00  6.97e+07   127s
  17   2.31523332e+08  1.63674553e+07  3.92e-06 4.77e-07  3.29e+01   118s
  22   1.33648341e+08 -1.46491476e+09  2.81e+04 5.32e-07  4.31e+02   131s
   1   8.12290936e+09 -5.58631447e+11  1.62e+09 4.81e+01  3.91e+07   134s
   1   1.05845920e+10 -3.65353336e+11  3.51e+09 6.67e+01  6.35e+07   128s
  18   2.12505397e+08  4.06281912e+07  4.00e-06 3.11e-07  2.63e+01   120s
  20   4.04516020e+08 -7.82665592e+08  8.41e+01 8.34e-06  1.82e+02   127s
   2   6.83894297e+09 -3.37305119e+11  2.09e+09 4.28e+00  3.85e+07   130s
  23   1.33365086e+08 -8.25022152e+08  2.10e+04 3.09e-04  2.73e+02   134s
   2   5.66619968e+09 -4.45377346e+11  9.46e+08 9.90e-01  2.29e+07   137s
  19   2.10909206e+08  4.22570780e+07  3.81e-06 3.01e-07  2.58e+01   122s
   3   3.95598529e+09 -3.09817623e+11  9.90e+08 1.36e-06  1.89e+07   132s
  21   3.65193819e+08 -5.10610412e+08  6.85e+01 6.04e-06  1.34e+02   130s
  24   1.33268398e+08 -5.82949900e+08  1.66e+04 2.43e-04  2.02e+02   137s
   3   2.92915263e+09 -3.64672247e+11  7.39e+07 2.58e-06  1.86e+06   140s
  20   2.06503980e+08  5.95513708e+07  3.88e-06 2.48e-07  2.25e+01   124s
   4   1.55734210e+09 -2.74298382e+11  1.16e+07 3.40e-07  2.63e+05   134s
   4   2.98394507e+09 -2.53023320e+11  1.97e+06 6.64e-07  8.52e+04   142s
  21   1.97343685e+08  6.25144195e+07  3.28e-06 2.36e-07  2.06e+01   126s
  22   2.41362894e+08 -1.97182930e+08  2.75e+01 2.86e-06  6.71e+01   133s
   5   1.56443636e+09 -1.77048329e+11  2.92e+06 1.74e-07  7.82e+04   136s
  25   1.33204783e+08 -3.89272461e+08  1.26e+04 1.67e-04  1.43e+02   139s
   5   2.99766599e+09 -1.33545498e+11  4.37e+05 2.94e-07  2.88e+04   143s
   6   1.56531794e+09 -1.54161876e+11  2.32e+06 1.43e-07  6.19e+04   137s
  22   1.93104706e+08  7.25596482e+07  3.22e-06 1.94e-07  1.84e+01   128s
  26   1.32841908e+08 -3.26031502e+08  7.75e+03 1.41e-04  1.07e+02   141s
  23   2.25657691e+08 -1.54413293e+08  2.36e+01 2.50e-06  5.82e+01   135s
   6   2.97759606e+09 -9.25929198e+10  7.23e+04 2.77e-07  1.57e+04   145s
   7   1.56542100e+09 -7.68296079e+10  6.82e+05 2.84e-07  2.10e+04   139s
  23   1.90415405e+08  8.03294542e+07  3.08e-06 1.62e-07  1.68e+01   131s
  24   2.22898051e+08 -1.15319965e+08  2.28e+01 2.16e-06  5.18e+01   138s
  27   1.32749461e+08 -2.02025423e+08  6.53e+03 9.74e-05  7.75e+01   144s
   7   2.87488688e+09 -2.00307923e+10  2.32e+03 3.82e-08  3.52e+03   147s
   8   1.54328700e+09 -6.77864480e+10  4.12e+05 2.92e-07  1.59e+04   141s
   8   2.73910060e+09 -1.03585087e+10  8.10e+02 9.79e-07  2.01e+03   149s
  25   2.13887585e+08 -1.18729555e+07  1.94e+01 1.40e-06  3.46e+01   140s
  24   1.84978692e+08  8.75094880e+07  2.84e-06 1.32e-07  1.49e+01   134s
   9   1.29794794e+09 -4.33681439e+10  1.27e+05 2.89e-08  8.16e+03   143s
  26   1.99387904e+08  3.54819101e+07  1.42e+01 9.94e-07  2.51e+01   141s
  28   1.32541782e+08 -1.11694061e+08  4.92e+03 6.90e-05  5.36e+01   148s
   9   2.44077943e+09 -7.62405802e+09  3.97e+02 9.13e-07  1.54e+03   151s
  10   1.24187956e+09 -1.06480930e+10  3.38e+03 2.93e-07  1.86e+03   145s
  27   1.73846066e+08  9.40691019e+07  6.66e+00 4.39e-07  1.22e+01   143s
  25   1.46546132e+08  1.01431740e+08  1.27e-06 5.66e-08  6.90e+00   137s
  10   1.67841688e+09 -7.17678929e+09  2.60e-07 8.42e-07  1.35e+03   153s
  11   1.20920368e+09 -4.69312770e+09  1.79e+03 8.94e-08  9.20e+02   148s
  26   1.43400021e+08  1.05850513e+08  1.13e-06 3.70e-08  5.75e+00   139s
  29   1.32142155e+08 -4.02862328e+07  2.68e+03 5.11e-05  3.34e+01   152s
  28   1.57665948e+08  1.25983231e+08  3.25e+00 1.14e-07  4.85e+00   146s
  12   1.16458840e+09 -3.15160292e+09  1.47e+03 3.98e-08  6.73e+02   149s
  11   7.48871726e+08 -2.49234581e+09  1.83e-04 2.28e-07  4.96e+02   156s
  29   1.51827562e+08  1.31334003e+08  2.01e+00 8.80e-08  3.14e+00   148s
  13   6.63261216e+08 -2.34709697e+09  3.48e+00 5.69e-09  4.68e+02   151s
  12   4.13392997e+08 -9.74419366e+08  5.03e-05 7.52e-08  2.12e+02   157s
  14   3.52435718e+08 -9.07642025e+08  9.87e-01 4.19e-09  1.96e+02   152s
  30   1.51322151e+08  1.34388492e+08  1.90e+00 6.05e-08  2.59e+00   149s
  30   1.31693794e+08 -1.77861118e+07  1.71e+03 4.31e-05  2.69e+01   156s
  31   1.49879661e+08  1.35731635e+08  1.57e+00 5.31e-08  2.17e+00   151s
  15   9.80728389e+07 -2.32586468e+08  1.04e-01 1.46e-08  5.14e+01   154s
  27   1.36061380e+08  1.07244670e+08  8.38e-07 3.03e-08  4.41e+00   145s
  13   3.41686513e+08 -3.71689745e+08  3.95e-05 4.83e-08  1.09e+02   160s
  31   1.31419709e+08  2.39377361e+07  1.43e+03 2.84e-05  1.90e+01   158s
  32   1.49281409e+08  1.38194046e+08  1.45e+00 2.37e-08  1.70e+00   152s
  16   4.39301901e+07 -8.04310231e+07  2.95e-02 1.38e-09  1.93e+01   156s
  32   1.30969006e+08  5.71724839e+07  1.15e+03 1.64e-05  1.28e+01   160s
  14   3.17369219e+08 -1.46346717e+08  3.70e-05 1.88e-08  7.10e+01   163s
  33   1.48748155e+08  1.38643573e+08  1.34e+00 1.85e-08  1.55e+00   154s
  17   3.46420666e+07 -3.80268060e+07  2.02e-02 1.91e-09  1.13e+01   158s
  33   1.30237325e+08  7.47052030e+07  8.45e+02 1.19e-05  9.36e+00   162s
  18   3.23025870e+07 -2.22352816e+07  1.82e-02 8.29e-10  8.47e+00   159s
  34   1.46845316e+08  1.40110194e+08  9.60e-01 1.12e-08  1.03e+00   156s
  28   1.35659394e+08  1.07596269e+08  5.66e-06 2.90e-08  4.29e+00   150s
  15   2.15297642e+08 -4.94026854e+07  2.43e-05 8.44e-09  4.05e+01   166s
  34   1.29589610e+08  8.07141494e+07  7.53e+02 1.05e-05  8.17e+00   164s
  19   3.15666023e+07 -1.31747508e+07  1.75e-02 1.06e-09  6.95e+00   160s
  35   1.28725182e+08  8.87074937e+07  6.58e+02 8.62e-06  6.65e+00   165s
  20   3.12374627e+07 -1.22365042e+07  1.71e-02 4.58e-10  6.75e+00   162s
  35   1.44740373e+08  1.41473710e+08  4.53e-01 9.55e-09  5.04e-01   159s
  16   1.84023753e+08 -1.99202294e+07  1.90e-05 6.24e-09  3.12e+01   168s
  29   1.34675713e+08  1.07707238e+08  6.66e-06 2.84e-08  4.13e+00   154s
  21   3.05433418e+07 -5.54810310e+06  1.63e-02 8.73e-10  5.61e+00   164s
  36   1.28351298e+08  9.37537018e+07  6.04e+02 7.38e-06  5.73e+00   168s
  17   1.65151237e+08  8.22289743e+06  1.61e-05 4.42e-09  2.40e+01   171s
  22   2.79170646e+07  5.31130439e+06  1.25e-02 1.57e-08  3.51e+00   166s
  36   1.43819523e+08  1.42353389e+08  2.57e-01 3.84e-09  2.27e-01   163s
  37   1.27472231e+08  9.67930232e+07  5.30e+02 6.51e-06  5.05e+00   169s
  18   1.60462985e+08  1.20462309e+07  1.53e-05 4.09e-09  2.27e+01   173s
  38   1.26858610e+08  9.92030984e+07  4.82e+02 5.60e-06  4.54e+00   171s
  37   1.43231922e+08  1.42465547e+08  1.15e-01 2.07e-08  1.18e-01   165s
  23   2.73209337e+07  8.47205321e+06  1.18e-02 4.23e-10  2.93e+00   169s
  30   1.32805449e+08  1.07971777e+08  1.47e-05 2.75e-08  3.80e+00   160s
  19   1.58638082e+08  1.54324607e+07  1.50e-05 3.49e-09  2.19e+01   176s
  39   1.25766903e+08  1.00700693e+08  3.84e+02 5.15e-06  4.07e+00   173s
  38   1.43098540e+08  1.42587800e+08  8.57e-02 3.04e-08  7.90e-02   168s
  24   2.58989531e+07  1.06839654e+07  9.90e-03 5.88e-08  2.36e+00   171s
  40   1.25162953e+08  1.01610333e+08  3.46e+02 4.91e-06  3.81e+00   175s
  39   1.43018969e+08  1.42631977e+08  6.63e-02 2.04e-08  5.98e-02   169s
  20   1.56551853e+08  3.13039619e+07  1.46e-05 2.36e-09  1.92e+01   178s
  41   1.24995348e+08  1.03070806e+08  3.34e+02 4.57e-06  3.55e+00   177s
  40   1.42927458e+08  1.42662859e+08  4.48e-02 3.32e-08  4.09e-02   171s
  25   2.56314136e+07  1.24797274e+07  9.49e-03 2.78e-08  2.04e+00   174s
  41   1.42892488e+08  1.42688783e+08  3.64e-02 3.28e-08  3.14e-02   172s
  42   1.24489481e+08  1.05629602e+08  3.07e+02 3.82e-06  3.05e+00   179s
  21   1.43792797e+08  6.49312612e+07  1.17e-05 2.68e-09  1.21e+01   182s
  26   2.17258974e+07  1.62971749e+07  3.23e-03 2.68e-08  8.43e-01   176s
  42   1.42871940e+08  1.42702588e+08  3.15e-02 4.40e-08  2.61e-02   174s
  31   1.28229058e+08  1.11958311e+08  4.67e-05 1.46e-08  2.49e+00   167s
  43   1.24051646e+08  1.07983244e+08  2.84e+02 3.17e-06  2.60e+00   180s
  43   1.42834046e+08  1.42711704e+08  2.29e-02 4.28e-08  1.89e-02   176s
  44   1.23588407e+08  1.09909592e+08  2.61e+02 2.80e-06  2.21e+00   182s
  27   2.06698533e+07  1.85612705e+07  1.38e-03 4.90e-07  3.27e-01   179s
  22   1.33107925e+08  7.05094158e+07  9.86e-06 8.73e-10  9.58e+00   185s
  45   1.22769193e+08  1.10588873e+08  2.11e+02 2.54e-06  1.96e+00   184s
  28   2.03128937e+07  1.89159703e+07  8.77e-04 2.87e-07  2.17e-01   181s
  44   1.42822270e+08  1.42718885e+08  2.02e-02 5.20e-08  1.59e-02   179s
  23   1.10889903e+08  7.86785624e+07  5.27e-06 3.73e-08  4.93e+00   189s
  29   2.02906288e+07  1.89765276e+07  8.49e-04 2.08e-07  2.04e-01   183s
  46   1.22367282e+08  1.11831295e+08  1.88e+02 2.12e-06  1.69e+00   186s
  30   2.02674940e+07  1.92212275e+07  8.17e-04 1.33e-07  1.62e-01   184s
  45   1.42795053e+08  1.42726387e+08  1.39e-02 5.27e-08  1.06e-02   181s
  47   1.21845787e+08  1.12634525e+08  1.58e+02 1.79e-06  1.47e+00   188s
  32   1.23071761e+08  1.13010743e+08  9.22e-05 1.10e-08  1.54e+00   176s
  24   1.08798646e+08  8.00943493e+07  4.96e-06 2.68e-08  4.39e+00   192s
  48   1.21252809e+08  1.13520017e+08  1.23e+02 1.52e-06  1.22e+00   190s
  31   2.00841816e+07  1.93525229e+07  5.54e-04 8.26e-08  1.14e-01   186s
  46   1.42782167e+08  1.42730745e+08  1.08e-02 6.22e-08  7.90e-03   184s
  49   1.20811301e+08  1.14223580e+08  9.71e+01 1.27e-06  1.03e+00   191s
  25   1.08039428e+08  8.09003765e+07  4.79e-06 2.33e-08  4.15e+00   195s
  32   1.99558760e+07  1.95087707e+07  3.76e-04 4.05e-08  6.94e-02   189s
  47   1.42763905e+08  1.42733877e+08  6.42e-03 7.79e-08  4.61e-03   187s
  50   1.20410404e+08  1.14722644e+08  7.49e+01 1.12e-06  8.76e-01   193s
  26   1.02689097e+08  8.22849170e+07  3.56e-06 1.47e-08  3.12e+00   198s
  48   1.42756454e+08  1.42735882e+08  4.63e-03 1.06e-07  3.16e-03   189s
  51   1.20175990e+08  1.15179858e+08  6.20e+01 9.55e-07  7.62e-01   195s
  33   1.22479794e+08  1.14430151e+08  8.89e-05 5.21e-09  1.23e+00   184s
  33   1.98532155e+07  1.95715038e+07  2.41e-04 2.48e-08  4.38e-02   194s
  49   1.42751957e+08  1.42737038e+08  3.45e-03 1.99e-07  2.29e-03   191s
  52   1.20046547e+08  1.15706060e+08  5.52e+01 7.93e-07  6.57e-01   198s
  50   1.42747386e+08  1.42737355e+08  2.30e-03 1.90e-07  1.54e-03   193s
  53   1.19849314e+08  1.15977708e+08  4.51e+01 7.11e-07  5.79e-01   200s
  27   9.96121278e+07  8.29026729e+07  3.40e-06 1.49e-08  2.56e+00   203s
  54   1.19616996e+08  1.16359951e+08  3.33e+01 6.06e-07  4.77e-01   201s
  51   1.42745732e+08  1.42737680e+08  1.86e-03 1.72e-07  1.24e-03   195s
  34   1.97785648e+07  1.96127588e+07  1.43e-04 1.92e-08  2.58e-02   199s
  52   1.42743744e+08  1.42737928e+08  1.34e-03 1.55e-07  8.95e-04   197s
  55   1.19481564e+08  1.16843888e+08  2.68e+01 4.62e-07  3.78e-01   203s
  53   1.42742054e+08  1.42738131e+08  9.28e-04 1.25e-07  6.03e-04   198s
  56   1.19358640e+08  1.17346226e+08  2.17e+01 3.09e-07  2.81e-01   205s
  34   1.20711344e+08  1.14968609e+08  7.47e-05 3.30e-09  8.79e-01   193s
  57   1.19250610e+08  1.17601922e+08  1.80e+01 2.41e-07  2.25e-01   206s
  35   1.97317845e+07  1.96337508e+07  8.37e-05 4.45e-09  1.52e-02   203s
  54   1.42740963e+08  1.42738303e+08  6.63e-04 9.42e-08  4.08e-04   201s
  28   9.82328133e+07  8.35642340e+07  4.04e-06 9.55e-09  2.24e+00   211s
  58   1.19183210e+08  1.17736784e+08  1.60e+01 2.03e-07  1.95e-01   208s
  55   1.42740072e+08  1.42738380e+08  4.23e-04 8.78e-08  2.60e-04   203s
  59   1.19122699e+08  1.17842937e+08  1.43e+01 1.73e-07  1.71e-01   210s
  60   1.19075048e+08  1.17891287e+08  1.31e+01 1.59e-07  1.57e-01   211s
  36   1.97054744e+07  1.96463482e+07  5.00e-05 1.07e-08  9.18e-03   208s
  56   1.42739474e+08  1.42738466e+08  2.54e-04 5.46e-08  1.56e-04   205s
  61   1.19056974e+08  1.17914624e+08  1.26e+01 1.52e-07  1.51e-01   213s
  57   1.42739196e+08  1.42738500e+08  1.76e-04 4.97e-08  1.08e-04   207s
  35   1.17805126e+08  1.15429654e+08  3.22e-05 1.53e-09  3.63e-01   202s
  62   1.19018317e+08  1.17987213e+08  1.17e+01 1.32e-07  1.35e-01   215s
  58   1.42739014e+08  1.42738507e+08  1.24e-04 4.75e-08  7.88e-05   209s
  37   1.96914956e+07  1.96521974e+07  3.22e-05 6.52e-09  6.10e-03   213s
  59   1.42738934e+08  1.42738528e+08  1.02e-04 4.32e-08  6.33e-05   210s
  63   1.18997342e+08  1.18045952e+08  1.12e+01 1.16e-07  1.23e-01   217s
  29   9.43835455e+07  8.50950553e+07  1.12e-05 3.26e-09  1.42e+00   220s
  64   1.18977687e+08  1.18090261e+08  1.07e+01 1.03e-07  1.14e-01   218s
  60   1.42738824e+08  1.42738535e+08  7.16e-05 4.37e-08  4.52e-05   212s
  38   1.96875352e+07  1.96557824e+07  2.74e-05 1.75e-09  4.93e-03   215s
  65   1.18961945e+08  1.18123232e+08  1.04e+01 9.30e-08  1.07e-01   220s
  61   1.42738743e+08  1.42738547e+08  4.87e-05 3.67e-08  3.06e-05   214s
  36   1.16754998e+08  1.15704829e+08  1.44e-05 5.69e-10  1.61e-01   208s
  39   1.96753811e+07  1.96588924e+07  1.26e-05 3.61e-09  2.56e-03   217s
  66   1.18916031e+08  1.18143358e+08  9.42e+00 8.67e-08  9.86e-02   222s
  40   1.96707764e+07  1.96610343e+07  7.28e-06 3.84e-09  1.51e-03   220s
  62   1.42738638e+08  1.42738555e+08  2.51e-05 2.17e-08  1.32e-05   218s
  67   1.18874484e+08  1.18164553e+08  8.55e+00 7.98e-08  9.04e-02   224s
  41   1.96678592e+07  1.96624774e+07  3.84e-06 2.33e-09  8.36e-04   222s
  68   1.18832151e+08  1.18186140e+08  7.67e+00 7.30e-08  8.20e-02   226s
  63   1.42738595e+08  1.42738560e+08  1.04e-05 9.66e-09  5.60e-06   220s
  30   9.39836411e+07  8.61584983e+07  9.43e-06 5.12e-09  1.20e+00   230s
  42   1.96661764e+07  1.96633728e+07  1.93e-06 1.98e-09  4.35e-04   223s
  69   1.18805930e+08  1.18203671e+08  7.14e+00 6.72e-08  7.61e-02   228s
  64   1.42738574e+08  1.42738561e+08  3.09e-06 4.07e-09  2.04e-06   222s
  37   1.16242746e+08  1.15783126e+08  5.29e-06 5.34e-10  7.03e-02   217s
  70   1.18779232e+08  1.18217223e+08  6.60e+00 6.28e-08  7.09e-02   229s
  43   1.96651405e+07  1.96638495e+07  7.14e-07 1.48e-09  2.01e-04   226s
  65   1.42738566e+08  1.42738562e+08  5.31e-07 2.27e-08  6.44e-07   224s
  71   1.18755906e+08  1.18229064e+08  6.12e+00 5.90e-08  6.62e-02   231s
  72   1.18734431e+08  1.18239731e+08  5.69e+00 5.58e-08  6.21e-02   233s
  66   1.42738563e+08  1.42738562e+08  4.93e-07 1.32e-08  1.40e-07   227s
  44   1.96648383e+07  1.96641810e+07  3.89e-07 3.26e-09  1.02e-04   230s
  38   1.16057581e+08  1.15839056e+08  2.42e-06 5.49e-10  3.34e-02   222s
  73   1.18717666e+08  1.18252306e+08  5.36e+00 5.16e-08  5.82e-02   235s
  67   1.42738562e+08  1.42738562e+08  2.01e-07 1.12e-08  2.09e-08   229s
  74   1.18702584e+08  1.18262766e+08  5.07e+00 4.83e-08  5.48e-02   237s
  68   1.42738562e+08  1.42738562e+08  6.44e-07 7.27e-09  1.54e-09   232s

Barrier solved model in 68 iterations and 231.70 seconds (174.87 work units)
Optimal objective 1.42738562e+08

  45   1.96646000e+07  1.96643178e+07  2.85e-07 3.49e-09  4.38e-05   235s
  75   1.18686362e+08  1.18271368e+08  4.76e+00 4.54e-08  5.16e-02   239s
  31   9.07453604e+07  8.66783917e+07  7.56e-05 3.26e-09  6.22e-01   242s

Root crossover log...

  39   1.15991715e+08  1.15862225e+08  1.48e-06 3.85e-10  1.98e-02   226s
  318753 DPushes remaining with DInf 1.4054673e-05               234s
  76   1.18669896e+08  1.18282890e+08  4.45e+00 4.18e-08  4.80e-02   242s
  40   1.15962985e+08  1.15875047e+08  1.21e-06 5.24e-10  1.35e-02   229s
  46   1.96644528e+07  1.96643725e+07  2.44e-07 3.49e-09  1.25e-05   239s
  77   1.18656438e+08  1.18291492e+08  4.20e+00 3.89e-08  4.51e-02   244s
  47   1.96644126e+07  1.96643918e+07  1.29e-07 1.66e-09  3.23e-06   242s
  41   1.15944942e+08  1.15886154e+08  1.10e-06 5.49e-10  9.00e-03   233s
  78   1.18640451e+08  1.18299103e+08  3.90e+00 3.63e-08  4.21e-02   246s
  32   8.98925513e+07  8.71378542e+07  7.79e-05 3.17e-10  4.22e-01   251s
  48   1.96643982e+07  1.96643956e+07  6.15e-08 3.14e-09  4.10e-07   245s
  79   1.18625811e+08  1.18307401e+08  3.64e+00 3.34e-08  3.92e-02   249s
  42   1.15938243e+08  1.15889649e+08  9.83e-07 6.93e-10  7.44e-03   237s
  80   1.18618621e+08  1.18311909e+08  3.51e+00 3.19e-08  3.78e-02   251s
  49   1.96643965e+07  1.96643964e+07  2.05e-08 6.27e-08  1.27e-08   248s
  81   1.18594782e+08  1.18336469e+08  3.09e+00 2.44e-08  3.14e-02   253s
  43   1.15932853e+08  1.15892644e+08  8.62e-07 2.72e-10  6.15e-03   241s
  50   1.96643965e+07  1.96643965e+07  1.10e-07 8.74e-08  2.45e-10   251s

Barrier solved model in 50 iterations and 251.19 seconds (196.11 work units)
Optimal objective 1.96643965e+07

  82   1.18560763e+08  1.18344914e+08  2.50e+00 2.16e-08  2.63e-02   255s

Root crossover log...

  279242 DPushes remaining with DInf 0.0000000e+00               253s
  33   8.87836590e+07  8.72974566e+07  4.99e-05 3.17e-10  2.27e-01   260s
  83   1.18541641e+08  1.18358736e+08  2.16e+00 1.56e-08  2.21e-02   257s
  44   1.15929146e+08  1.15896224e+08  7.67e-07 5.49e-10  5.04e-03   245s
  84   1.18512373e+08  1.18364798e+08  1.65e+00 1.25e-08  1.80e-02   259s
  85   1.18492153e+08  1.18375313e+08  1.31e+00 9.05e-09  1.42e-02   261s
  86   1.18476638e+08  1.18380551e+08  1.04e+00 7.01e-09  1.17e-02   263s
  45   1.15920428e+08  1.15898908e+08  5.32e-07 5.49e-10  3.29e-03   251s
  34   8.84135602e+07  8.73766557e+07  4.07e-05 1.40e-09  1.59e-01   267s
  87   1.18470640e+08  1.18388113e+08  9.41e-01 4.31e-09  9.91e-03   265s
  88   1.18455855e+08  1.18390964e+08  6.94e-01 3.33e-09  7.89e-03   267s
  109507 DPushes remaining with DInf 0.0000000e+00               262s
  35   8.81705234e+07  8.73992419e+07  3.15e-05 4.66e-10  1.18e-01   272s
  89   1.18450354e+08  1.18394229e+08  6.03e-01 2.45e-09  6.80e-03   269s
  46   1.15915561e+08  1.15900895e+08  3.60e-07 4.07e-10  2.24e-03   258s
  90   1.18440976e+08  1.18397180e+08  4.48e-01 4.13e-09  5.34e-03   271s
  91   1.18436102e+08  1.18400544e+08  3.68e-01 2.89e-10  4.30e-03   274s
  36   8.80822872e+07  8.74003044e+07  2.93e-05 1.86e-09  1.04e-01   277s
  92   1.18431238e+08  1.18404094e+08  2.91e-01 4.80e-09  3.25e-03   276s
   76710 DPushes remaining with DInf 0.0000000e+00               270s
  93   1.18426702e+08  1.18405765e+08  2.19e-01 2.62e-09  2.52e-03   278s
  37   8.79624067e+07  8.74225671e+07  3.05e-05 1.16e-09  8.26e-02   281s
  47   1.15912173e+08  1.15902270e+08  2.25e-07 3.17e-10  1.52e-03   266s
  94   1.18421712e+08  1.18407806e+08  1.40e-01 1.51e-09  1.67e-03   280s
  95   1.18419644e+08  1.18408850e+08  1.07e-01 3.93e-09  1.29e-03   283s
  38   8.79556565e+07  8.74405966e+07  3.19e-05 3.64e-10  7.88e-02   288s
  96   1.18417238e+08  1.18409856e+08  7.04e-02 3.29e-09  8.91e-04   285s
   68646 DPushes remaining with DInf 0.0000000e+00               280s
  97   1.18416008e+08  1.18410387e+08  5.18e-02 2.44e-09  6.82e-04   287s
  98   1.18414950e+08  1.18411031e+08  3.61e-02 6.43e-09  4.75e-04   289s
  48   1.15911349e+08  1.15903396e+08  1.89e-07 7.06e-10  1.22e-03   277s
  99   1.18413941e+08  1.18411388e+08  2.14e-02 8.70e-09  3.18e-04   291s
  39   8.78101081e+07  8.74649845e+07  1.59e-05 1.63e-09  5.28e-02   294s
 100   1.18413250e+08  1.18411703e+08  1.12e-02 2.24e-09  1.98e-04   294s
   67816 DPushes remaining with DInf 0.0000000e+00               290s
 101   1.18413052e+08  1.18411967e+08  7.71e-03 1.66e-09  1.33e-04   296s
  49   1.15910341e+08  1.15904494e+08  1.56e-07 5.64e-10  8.95e-04   285s
 102   1.18412881e+08  1.18412118e+08  5.46e-03 2.50e-09  9.37e-05   298s
 103   1.18412747e+08  1.18412169e+08  3.73e-03 6.98e-10  7.31e-05   299s
 104   1.18412712e+08  1.18412202e+08  3.28e-03 1.78e-09  6.46e-05   301s
 105   1.18412648e+08  1.18412255e+08  2.48e-03 5.27e-09  5.04e-05   302s
 106   1.18412612e+08  1.18412276e+08  2.02e-03 6.08e-09  4.36e-05   303s
  40   8.77187636e+07  8.74922482e+07  5.76e-05 1.16e-09  3.47e-02   306s
   66986 DPushes remaining with DInf 0.0000000e+00               297s
 107   1.18412581e+08  1.18412308e+08  1.64e-03 4.51e-09  3.59e-05   305s
  50   1.15908442e+08  1.15905930e+08  1.78e-07 5.86e-10  3.84e-04   293s
 108   1.18412555e+08  1.18412331e+08  1.32e-03 6.32e-09  2.97e-05   306s
 109   1.18412540e+08  1.18412346e+08  1.13e-03 5.01e-09  2.59e-05   308s
 110   1.18412521e+08  1.18412359e+08  8.94e-04 5.50e-09  2.19e-05   309s
   66156 DPushes remaining with DInf 0.0000000e+00               303s
 111   1.18412512e+08  1.18412371e+08  7.82e-04 1.48e-09  1.93e-05   311s
 112   1.18412499e+08  1.18412386e+08  6.23e-04 3.52e-09  1.56e-05   312s
  51   1.15907647e+08  1.15906481e+08  1.64e-07 4.46e-10  1.79e-04   300s
 113   1.18412488e+08  1.18412396e+08  4.60e-04 2.30e-09  1.29e-05   314s
  41   8.76426874e+07  8.75084394e+07  3.24e-04 2.79e-09  2.05e-02   317s
 114   1.18412484e+08  1.18412401e+08  4.08e-04 1.46e-09  1.17e-05   316s
   65326 DPushes remaining with DInf 0.0000000e+00               310s
  52   1.15907327e+08  1.15906834e+08  1.22e-07 6.14e-10  7.54e-05   304s
 115   1.18412480e+08  1.18412407e+08  3.41e-04 3.49e-10  1.02e-05   317s
  53   1.15907265e+08  1.15906942e+08  1.04e-07 4.63e-10  4.95e-05   307s
 116   1.18412475e+08  1.18412412e+08  2.71e-04 4.69e-10  8.95e-06   320s
   64496 DPushes remaining with DInf 0.0000000e+00               315s
  42   8.76003382e+07  8.75171786e+07  2.52e-04 3.17e-10  1.27e-02   326s
  54   1.15907227e+08  1.15906977e+08  5.59e-08 5.82e-10  3.84e-05   311s
 117   1.18412470e+08  1.18412422e+08  2.04e-04 1.75e-09  6.89e-06   324s
  55   1.15907209e+08  1.15907004e+08  4.82e-08 3.91e-10  3.14e-05   315s
 118   1.18412467e+08  1.18412426e+08  1.68e-04 2.07e-09  5.93e-06   329s
  43   8.75647086e+07  8.75206600e+07  1.52e-04 5.08e-10  6.74e-03   333s
   63666 DPushes remaining with DInf 0.0000000e+00               324s
 119   1.18412466e+08  1.18412428e+08  1.51e-04 2.36e-09  5.48e-06   331s
  56   1.15907193e+08  1.15907028e+08  1.10e-07 5.24e-10  2.52e-05   319s
   60659 DPushes remaining with DInf 0.0000000e+00               326s
 120   1.18412464e+08  1.18412430e+08  1.22e-04 2.24e-09  4.95e-06   334s
  57   1.15907177e+08  1.15907043e+08  1.83e-07 3.39e-10  2.06e-05   323s
  44   8.75482437e+07  8.75216507e+07  1.03e-04 9.22e-10  4.07e-03   339s
   58999 DPushes remaining with DInf 0.0000000e+00               331s
 121   1.18412463e+08  1.18412431e+08  1.06e-04 2.10e-09  4.56e-06   338s
  58   1.15907169e+08  1.15907059e+08  4.75e-07 2.50e-10  1.68e-05   327s
  45   8.75416358e+07  8.75219572e+07  7.99e-05 5.62e-10  3.01e-03   343s
 122   1.18412462e+08  1.18412432e+08  1.03e-04 2.24e-09  4.42e-06   341s
  59   1.15907162e+08  1.15907082e+08  1.22e-07 5.24e-10  1.23e-05   329s
   57338 DPushes remaining with DInf 0.0000000e+00               336s
  46   8.75396474e+07  8.75220798e+07  7.28e-05 3.46e-10  2.69e-03   348s
  60   1.15907154e+08  1.15907087e+08  2.85e-07 3.59e-10  1.03e-05   333s
 123   1.18412461e+08  1.18412435e+08  8.94e-05 1.22e-09  3.91e-06   346s
  61   1.15907149e+08  1.15907101e+08  1.51e-07 3.91e-10  7.30e-06   335s
   56470 DPushes remaining with DInf 0.0000000e+00               343s
 124   1.18412461e+08  1.18412438e+08  7.85e-05 3.60e-10  3.23e-06   349s
  47   8.75367212e+07  8.75222606e+07  6.21e-05 8.15e-10  2.21e-03   352s
  62   1.15907148e+08  1.15907104e+08  2.64e-07 5.82e-10  6.70e-06   338s
  63   1.15907146e+08  1.15907111e+08  3.90e-07 4.97e-10  5.32e-06   340s
 125   1.18412460e+08  1.18412439e+08  6.75e-05 4.66e-10  2.99e-06   353s
  48   8.75344556e+07  8.75224541e+07  5.34e-05 2.10e-09  1.83e-03   356s
  64   1.15907143e+08  1.15907112e+08  4.25e-07 3.49e-10  4.71e-06   341s
  65   1.15907140e+08  1.15907119e+08  1.30e-07 5.96e-10  3.13e-06   343s
   55625 DPushes remaining with DInf 0.0000000e+00               350s
 126   1.18412459e+08  1.18412442e+08  5.18e-05 1.86e-09  2.50e-06   356s
  49   8.75288658e+07  8.75227542e+07  2.99e-05 1.28e-09  9.34e-04   361s
  66   1.15907135e+08  1.15907120e+08  3.59e-07 6.40e-10  2.33e-06   346s
 127   1.18412458e+08  1.18412444e+08  4.60e-05 3.67e-09  2.16e-06   362s
  67   1.15907135e+08  1.15907120e+08  4.21e-07 5.24e-10  2.25e-06   349s
  50   8.75251747e+07  8.75229889e+07  1.03e-05 9.31e-10  3.34e-04   365s
   54760 DPushes remaining with DInf 0.0000000e+00               356s
  68   1.15907134e+08  1.15907124e+08  5.68e-08 4.00e-10  1.63e-06   351s
  51   8.75240860e+07  8.75231056e+07  4.51e-06 4.66e-10  1.50e-04   368s
 128   1.18412458e+08  1.18412444e+08  4.27e-05 3.81e-09  2.08e-06   366s
  52   8.75235775e+07  8.75231398e+07  1.92e-06 9.31e-10  6.69e-05   370s
  69   1.15907134e+08  1.15907125e+08  3.73e-08 5.25e-10  1.33e-06   356s
  53   8.75233574e+07  8.75231562e+07  8.61e-07 4.66e-10  3.08e-05   372s
 129   1.18412457e+08  1.18412445e+08  3.58e-05 4.10e-09  1.78e-06   370s
   54020 DPushes remaining with DInf 0.0000000e+00               365s
  54   8.75232712e+07  8.75231650e+07  4.48e-07 3.17e-10  1.62e-05   376s
 130   1.18412457e+08  1.18412446e+08  3.19e-05 3.90e-09  1.69e-06   373s
  55   8.75232218e+07  8.75231692e+07  2.16e-07 4.64e-10  8.04e-06   378s
  70   1.15907134e+08  1.15907127e+08  6.52e-08 3.96e-10  1.02e-06   363s
   53190 DPushes remaining with DInf 0.0000000e+00               372s
 131   1.18412456e+08  1.18412447e+08  1.97e-05 4.74e-09  1.43e-06   378s
  56   8.75231969e+07  8.75231729e+07  9.87e-08 9.31e-10  3.67e-06   382s
  71   1.15907134e+08  1.15907128e+08  1.82e-07 8.15e-10  9.43e-07   368s
 132   1.18412456e+08  1.18412448e+08  1.32e-05 3.96e-09  1.15e-06   382s
  57   8.75231853e+07  8.75231743e+07  4.84e-08 3.26e-09  1.67e-06   385s
   52360 DPushes remaining with DInf 0.0000000e+00               377s
  58   8.75231780e+07  8.75231750e+07  5.36e-07 6.41e-10  4.60e-07   387s
  72   1.15907134e+08  1.15907131e+08  1.99e-07 5.82e-10  4.36e-07   372s
 133   1.18412456e+08  1.18412449e+08  1.17e-05 4.02e-09  1.07e-06   387s
  59   8.75231763e+07  8.75231750e+07  1.01e-07 7.32e-09  1.86e-07   390s
  73   1.15907134e+08  1.15907131e+08  1.52e-07 4.02e-10  3.91e-07   375s
  60   8.75231753e+07  8.75231751e+07  3.36e-07 1.26e-08  2.65e-08   392s
   51530 DPushes remaining with DInf 0.0000000e+00               384s
 134   1.18412456e+08  1.18412449e+08  8.75e-06 3.64e-09  9.51e-07   391s
  74   1.15907134e+08  1.15907133e+08  2.89e-08 5.59e-10  1.67e-07   379s
  61   8.75231751e+07  8.75231751e+07  1.75e-06 1.63e-08  2.85e-09   394s

Barrier solved model in 61 iterations and 394.31 seconds (267.79 work units)
Optimal objective 8.75231751e+07


Root crossover log...

  229862 DPushes remaining with DInf 0.0000000e+00               396s
  120840 DPushes remaining with DInf 0.0000000e+00               390s
  75   1.15907134e+08  1.15907134e+08  2.29e-07 7.75e-10  8.94e-09   381s

Barrier solved model in 75 iterations and 381.32 seconds (292.47 work units)
Optimal objective 1.15907134e+08


Root crossover log...

  252946 DPushes remaining with DInf 6.6540690e-06               384s
 135   1.18412455e+08  1.18412450e+08  6.99e-06 3.09e-09  7.79e-07   397s
   81118 DPushes remaining with DInf 0.0000000e+00               400s
   50810 DPushes remaining with DInf 0.0000000e+00               392s
  112955 DPushes remaining with DInf 0.0000000e+00               386s
 136   1.18412455e+08  1.18412450e+08  6.91e-06 2.76e-09  7.62e-07   400s
   35047 DPushes remaining with DInf 0.0000000e+00               390s
Warning: Markowitz tolerance tightened to 0.5

  143508 PPushes remaining with PInf 2.7702884e-05               390s
   49980 DPushes remaining with DInf 0.0000000e+00               398s
 137   1.18412455e+08  1.18412451e+08  6.11e-06 2.18e-09  7.23e-07   405s
   64685 DPushes remaining with DInf 0.0000000e+00               409s
   47761 DPushes remaining with DInf 0.0000000e+00               401s
   65857 PPushes remaining with PInf 5.5632615e-04               395s
 138   1.18412455e+08  1.18412451e+08  5.02e-06 2.44e-09  6.35e-07   410s

Barrier solved model in 138 iterations and 410.30 seconds (322.12 work units)
Optimal objective 1.18412455e+08


Root crossover log...

  283836 DPushes remaining with DInf 0.0000000e+00               412s
   63750 DPushes remaining with DInf 0.0000000e+00               415s
   49035 PPushes remaining with PInf 1.0177760e-05               401s
   46931 DPushes remaining with DInf 0.0000000e+00               410s
   33038 PPushes remaining with PInf 3.6165764e-06               406s
  141386 DPushes remaining with DInf 0.0000000e+00               419s
   96179 DPushes remaining with DInf 0.0000000e+00               421s
   60485 DPushes remaining with DInf 0.0000000e+00               424s
   24101 PPushes remaining with PInf 3.6165764e-06               411s
   46101 DPushes remaining with DInf 0.0000000e+00               419s
   84227 DPushes remaining with DInf 0.0000000e+00               426s
   10712 PPushes remaining with PInf 0.0000000e+00               415s
   59597 DPushes remaining with DInf 0.0000000e+00               432s
   80906 DPushes remaining with DInf 0.0000000e+00               431s
       0 PPushes remaining with PInf 0.0000000e+00               419s

  Push phase complete: Pinf 0.0000000e+00, Dinf 6.0946304e-02    419s


Root simplex log...

Iteration    Objective       Primal Inf.    Dual Inf.      Time
  354416    1.1590713e+08   0.000000e+00   6.094630e-02    420s
  354444    1.1590713e+08   0.000000e+00   0.000000e+00    421s
Crossover time: 39.23 seconds (36.58 work units)
Concurrent spin time: 0.01s

Solved with barrier
   45271 DPushes remaining with DInf 0.0000000e+00               428s
   78416 DPushes remaining with DInf 0.0000000e+00               435s
  354444    1.1590713e+08   0.000000e+00   0.000000e+00    423s

Root relaxation: objective 1.159071e+08, 354444 iterations, 352.11 seconds (271.39 work units)
   58739 DPushes remaining with DInf 0.0000000e+00               439s
   57895 DPushes remaining with DInf 0.0000000e+00               443s
   75096 DPushes remaining with DInf 0.0000000e+00               440s
   44441 DPushes remaining with DInf 0.0000000e+00               437s
   56116 DPushes remaining with DInf 0.0000000e+00               446s
   70946 DPushes remaining with DInf 0.0000000e+00               446s
   69286 DPushes remaining with DInf 0.0000000e+00               450s
   43611 DPushes remaining with DInf 0.0000000e+00               446s
   54211 DPushes remaining with DInf 0.0000000e+00               458s
   66322 DPushes remaining with DInf 0.0000000e+00               456s
   51960 DPushes remaining with DInf 0.0000000e+00               460s
       0 DPushes remaining with DInf 0.0000000e+00               463s
   69726 DPushes remaining with DInf 0.0000000e+00               457s
Warning: Markowitz tolerance tightened to 0.5

  172205 PPushes remaining with PInf 5.9570489e-04               463s
   42781 DPushes remaining with DInf 0.0000000e+00               455s
   65007 PPushes remaining with PInf 6.6473157e-04               465s
   64662 DPushes remaining with DInf 0.0000000e+00               464s
   18100 PPushes remaining with PInf 2.3582549e-04               471s
   63832 DPushes remaining with DInf 0.0000000e+00               468s
   41951 DPushes remaining with DInf 0.0000000e+00               465s
   63002 DPushes remaining with DInf 0.0000000e+00               471s
    7065 PPushes remaining with PInf 2.7089511e-05               476s
   62172 DPushes remaining with DInf 0.0000000e+00               476s
       0 PPushes remaining with PInf 0.0000000e+00               480s

  Push phase complete: Pinf 0.0000000e+00, Dinf 2.9844719e+00    480s


Root simplex log...

Iteration    Objective       Primal Inf.    Dual Inf.      Time
  360681    8.7523175e+07   0.000000e+00   2.984472e+00    481s
  360724    8.7523175e+07   0.000000e+00   0.000000e+00    482s
Crossover time: 87.16 seconds (50.66 work units)
Concurrent spin time: 0.16s

Solved with barrier
   41121 DPushes remaining with DInf 0.0000000e+00               474s
  360724    8.7523175e+07   0.000000e+00   0.000000e+00    484s

Root relaxation: objective 8.752318e+07, 360724 iterations, 366.57 seconds (224.98 work units)
Total elapsed time = 485.35s (DegenMoves)
   60512 DPushes remaining with DInf 0.0000000e+00               483s
   59682 DPushes remaining with DInf 0.0000000e+00               486s
   40291 DPushes remaining with DInf 0.0000000e+00               483s
   58022 DPushes remaining with DInf 0.0000000e+00               492s
   56362 DPushes remaining with DInf 0.0000000e+00               498s
   39461 DPushes remaining with DInf 0.0000000e+00               492s
   55532 DPushes remaining with DInf 0.0000000e+00               500s
   53872 DPushes remaining with DInf 0.0000000e+00               506s
   45135 DPushes remaining with DInf 0.0000000e+00               503s
   38631 DPushes remaining with DInf 0.0000000e+00               502s
   52212 DPushes remaining with DInf 0.0000000e+00               514s
   37801 DPushes remaining with DInf 0.0000000e+00               511s
   51382 DPushes remaining with DInf 0.0000000e+00               517s
   50552 DPushes remaining with DInf 0.0000000e+00               520s
   37841 DPushes remaining with DInf 0.0000000e+00               523s
   48892 DPushes remaining with DInf 0.0000000e+00               526s
   36971 DPushes remaining with DInf 0.0000000e+00               520s
   47232 DPushes remaining with DInf 0.0000000e+00               532s
   35050 DPushes remaining with DInf 0.0000000e+00               531s
   46402 DPushes remaining with DInf 0.0000000e+00               536s
   36141 DPushes remaining with DInf 0.0000000e+00               529s
       0 DPushes remaining with DInf 0.0000000e+00               532s
Warning: Markowitz tolerance tightened to 0.5

  136721 PPushes remaining with PInf 0.0000000e+00               533s
   26218 PPushes remaining with PInf 0.0000000e+00               535s
   44742 DPushes remaining with DInf 0.0000000e+00               542s
   17320 PPushes remaining with PInf 0.0000000e+00               540s
   35311 DPushes remaining with DInf 0.0000000e+00               539s
   43912 DPushes remaining with DInf 0.0000000e+00               546s
   35047 DPushes remaining with DInf 0.0000000e+00               542s
Warning: Markowitz tolerance tightened to 0.5

  106640 PPushes remaining with PInf 5.3315599e-04               543s
    8283 PPushes remaining with PInf 0.0000000e+00               545s
   42252 DPushes remaining with DInf 0.0000000e+00               552s
     825 PPushes remaining with PInf 0.0000000e+00               550s
       0 PPushes remaining with PInf 0.0000000e+00               551s

  Push phase complete: Pinf 0.0000000e+00, Dinf 2.0856714e-09    552s


Root simplex log...

Iteration    Objective       Primal Inf.    Dual Inf.      Time
  371410    1.9664396e+07   0.000000e+00   0.000000e+00    552s
Crossover time: 300.97 seconds (94.32 work units)
Concurrent spin time: 0.02s

Solved with barrier
  371410    1.9664396e+07   0.000000e+00   0.000000e+00    554s

Root relaxation: objective 1.966440e+07, 371410 iterations, 442.17 seconds (196.64 work units)
   40592 DPushes remaining with DInf 0.0000000e+00               558s
Total elapsed time = 555.35s (DegenMoves)
   39762 DPushes remaining with DInf 0.0000000e+00               562s
   38102 DPushes remaining with DInf 0.0000000e+00               566s
   36442 DPushes remaining with DInf 0.0000000e+00               572s
   35047 DPushes remaining with DInf 0.0000000e+00               578s
Warning: Markowitz tolerance tightened to 0.5

   96350 PPushes remaining with PInf 3.1271280e-02               579s
   93715 PPushes remaining with PInf 3.1728957e-02               610s
   91784 PPushes remaining with PInf 5.7677816e-02               638s

    Nodes    |    Current Node    |     Objective Bounds      |     Work
 Expl Unexpl |  Obj  Depth IntInf | Incumbent    BestBd   Gap | It/Node Time

     0     0 1.1591e+08    0    3          - 1.1591e+08      -     -  627s
   75847 PPushes remaining with PInf 1.6084925e-01               642s
   68710 PPushes remaining with PInf 1.5637175e-01               645s
   12740 PPushes remaining with PInf 6.9780145e-01               652s
H    0     0                    1.236714e+08 1.1591e+08  6.28%     -  639s
    7113 PPushes remaining with PInf 6.4827092e-01               656s
    1751 PPushes remaining with PInf 6.1867370e-01               661s
       0 PPushes remaining with PInf 5.9333371e-01               668s

  Push phase complete: Pinf 5.9333371e-01, Dinf 4.8882213e+07    668s


    Nodes    |    Current Node    |     Objective Bounds      |     Work
 Expl Unexpl |  Obj  Depth IntInf | Incumbent    BestBd   Gap | It/Node Time

     0     0 1.9664e+07    0    6 4.9319e+07 1.9664e+07  60.1%     -  666s

Root simplex log...

Iteration    Objective       Primal Inf.    Dual Inf.      Time
  330693    1.1841245e+08   0.000000e+00   4.888221e+07    671s
H    0     0                    1.971386e+07 1.9664e+07  0.25%     -  668s

Explored 1 nodes (475975 simplex iterations) in 669.56 seconds (369.47 work units)
Thread count was 8 (of 192 available processors)

Solution count 2: 1.97139e+07 4.93192e+07 

Optimal solution found (tolerance 1.00e-02)
Warning: max constraint violation (1.9082e-03) exceeds tolerance
         (possibly due to large matrix coefficients)
Best objective 1.971385828222e+07, best bound 1.966439648213e+07, gap 0.2509%
Set parameter LogFile to value ""
H    0     0                    1.206826e+08 1.1591e+08  3.96%     -  665s
   59109 PPushes remaining with PInf 1.2951611e-03               678s

    Nodes    |    Current Node    |     Objective Bounds      |     Work
 Expl Unexpl |  Obj  Depth IntInf | Incumbent    BestBd   Gap | It/Node Time

     0     0 8.7523e+07    0    6          - 8.7523e+07      -     -  692s
H    0     0                    1.195810e+08 1.1591e+08  3.07%     -  688s
  331523    1.1841245e+08   0.000000e+00   1.840832e+08    702s
H    0     0                    1.159553e+08 1.1591e+08  0.04%     -  689s

Explored 1 nodes (468355 simplex iterations) in 690.81 seconds (524.14 work units)
Thread count was 8 (of 192 available processors)

Solution count 4: 1.15955e+08 1.19581e+08 1.20683e+08 1.23671e+08 

Optimal solution found (tolerance 1.00e-02)
Warning: max constraint violation (1.8239e-03) exceeds tolerance
         (possibly due to large matrix coefficients)
Best objective 1.159553373358e+08, best bound 1.159071336090e+08, gap 0.0416%
Set parameter LogFile to value ""
H    0     0                    1.053467e+08 8.7523e+07  16.9%     -  716s
  332353    1.1841245e+08   0.000000e+00   1.815457e+08    729s
   43384 PPushes remaining with PInf 7.7022383e-05               731s
   39504 PPushes remaining with PInf 7.5989294e-05               747s
  333183    1.1841245e+08   0.000000e+00   3.169616e+06    765s
   34904 PPushes remaining with PInf 7.5989291e-05               763s
   31517 PPushes remaining with PInf 2.0293643e-04               781s
  334013    1.1841245e+08   0.000000e+00   3.019698e+06    804s
   29326 PPushes remaining with PInf 2.0293641e-04               799s
   27430 PPushes remaining with PInf 2.0293646e-04               817s
  334778    1.1841245e+08   0.000000e+00   1.753953e+06    837s
   25871 PPushes remaining with PInf 2.0293645e-04               835s
# ==========================================================
# = Solver Results                                         =
# ==========================================================
# ----------------------------------------------------------
#   Problem Information
# ----------------------------------------------------------
Problem: 
- Name: unknown
  Lower bound: 115907133.60903639
  Upper bound: 115955337.33576782
  Number of objectives: 1
  Number of constraints: 9050179
  Number of variables: 6728544
  Number of binary variables: 858652
  Number of integer variables: 858652
  Number of continuous variables: 5011240
  Number of nonzeros: 21385595
  Sense: minimize
  Number of solutions: 4
# ----------------------------------------------------------
#   Solver Information
# ----------------------------------------------------------
Solver: 
- Name: Gurobi 13.00
  Status: ok
  Wallclock time: 690.974771976471
  Termination condition: optimal
  Termination message: Model was solved to optimality (subject to tolerances), and an optimal solution is available.
# ----------------------------------------------------------
#   Solution Information
# ----------------------------------------------------------
Solution: 
- number of solutions: 0
  number of solutions displayed: 0
Writing results to /gpfs/home3/scur1696/AdOpT-NET0-RegToNation/generic_node_optimization/results/parallel_creation_test_20251123_162207/parallel_run_0002/userData/20251123163122-1
[SUCCESS] Solved: parallel_run_0002
[SOLVING] parallel_run_0007
Set parameter Threads to value 8
   24941 PPushes remaining with PInf 1.9748796e-04               836s
   20479 PPushes remaining with PInf 1.4713979e-04               842s
# ==========================================================
# = Solver Results                                         =
# ==========================================================
# ----------------------------------------------------------
#   Problem Information
# ----------------------------------------------------------
Problem: 
- Name: unknown
  Lower bound: 19664396.48212505
  Upper bound: 19713858.282222334
  Number of objectives: 1
  Number of constraints: 9050179
  Number of variables: 6728544
  Number of binary variables: 858652
  Number of integer variables: 858652
  Number of continuous variables: 5011240
  Number of nonzeros: 21385595
  Sense: minimize
  Number of solutions: 2
# ----------------------------------------------------------
#   Solver Information
# ----------------------------------------------------------
Solver: 
- Name: Gurobi 13.00
  Status: ok
  Wallclock time: 669.6599600315094
  Termination condition: optimal
  Termination message: Model was solved to optimality (subject to tolerances), and an optimal solution is available.
# ----------------------------------------------------------
#   Solution Information
# ----------------------------------------------------------
Solution: 
- number of solutions: 0
  number of solutions displayed: 0
Writing results to /gpfs/home3/scur1696/AdOpT-NET0-RegToNation/generic_node_optimization/results/parallel_creation_test_20251123_162207/parallel_run_0004/userData/20251123163119-1
[SUCCESS] Solved: parallel_run_0004
[SOLVING] parallel_run_0009
Set parameter Threads to value 8
   17982 PPushes remaining with PInf 4.4113554e-06               845s
   11959 PPushes remaining with PInf 0.0000000e+00               851s
    6961 PPushes remaining with PInf 0.0000000e+00               855s
    1426 PPushes remaining with PInf 0.0000000e+00               860s
       0 PPushes remaining with PInf 0.0000000e+00               862s

  Push phase complete: Pinf 0.0000000e+00, Dinf 2.2719011e+00    862s


Root simplex log...

Iteration    Objective       Primal Inf.    Dual Inf.      Time
  379549    1.4273856e+08   0.000000e+00   2.271901e+00    863s
  379554    1.4273856e+08   0.000000e+00   0.000000e+00    864s
Crossover time: 632.24 seconds (322.67 work units)
Concurrent spin time: 0.02s

Solved with barrier
  335608    1.1841245e+08   0.000000e+00   1.212597e+06    872s
  379554    1.4273856e+08   0.000000e+00   0.000000e+00    867s

Root relaxation: objective 1.427386e+08, 379554 iterations, 796.48 seconds (439.96 work units)
  336438    1.1841245e+08   0.000000e+00   3.769704e+06    908s

    Nodes    |    Current Node    |     Objective Bounds      |     Work
 Expl Unexpl |  Obj  Depth IntInf | Incumbent    BestBd   Gap | It/Node Time

     0     0 1.4274e+08    0    9          - 1.4274e+08      -     -  927s
  337268    1.1841245e+08   0.000000e+00   4.613893e+06    944s
  338098    1.1841245e+08   0.000000e+00   1.455569e+06    980s
  338928    1.1841245e+08   0.000000e+00   2.875306e+06   1014s
  339758    1.1841245e+08   0.000000e+00   1.242574e+06   1047s
  340588    1.1841245e+08   0.000000e+00   6.703353e+05   1080s
  341418    1.1841245e+08   0.000000e+00   1.000610e+06   1111s
  342248    1.1841245e+08   0.000000e+00   8.182212e+05   1143s
H    0     0                    8.756089e+07 8.7523e+07  0.04%     - 1158s

Explored 1 nodes (480463 simplex iterations) in 1159.11 seconds (748.17 work units)
Thread count was 8 (of 192 available processors)

Solution count 2: 8.75609e+07 1.05347e+08 

Optimal solution found (tolerance 1.00e-02)
Warning: max constraint violation (7.8914e-04) exceeds tolerance
Best objective 8.756089449212e+07, best bound 8.752317510302e+07, gap 0.0431%
Set parameter LogFile to value ""
  343078    1.1841245e+08   0.000000e+00   8.106477e+05   1172s
  343908    1.1841245e+08   0.000000e+00   9.877426e+05   1205s
  344738    1.1841245e+08   0.000000e+00   8.079920e+05   1239s
  345568    1.1841245e+08   0.000000e+00   1.099518e+06   1276s
# ==========================================================
# = Solver Results                                         =
# ==========================================================
# ----------------------------------------------------------
#   Problem Information
# ----------------------------------------------------------
Problem: 
- Name: unknown
  Lower bound: 87523175.10302263
  Upper bound: 87560894.49211931
  Number of objectives: 1
  Number of constraints: 9050179
  Number of variables: 6728544
  Number of binary variables: 858652
  Number of integer variables: 858652
  Number of continuous variables: 5011240
  Number of nonzeros: 21385595
  Sense: minimize
  Number of solutions: 2
# ----------------------------------------------------------
#   Solver Information
# ----------------------------------------------------------
Solver: 
- Name: Gurobi 13.00
  Status: ok
  Wallclock time: 1159.3442080020905
  Termination condition: optimal
  Termination message: Model was solved to optimality (subject to tolerances), and an optimal solution is available.
# ----------------------------------------------------------
#   Solution Information
# ----------------------------------------------------------
Solution: 
- number of solutions: 0
  number of solutions displayed: 0
Writing results to /gpfs/home3/scur1696/AdOpT-NET0-RegToNation/generic_node_optimization/results/parallel_creation_test_20251123_162207/parallel_run_0001/userData/20251123163115-1
[SUCCESS] Solved: parallel_run_0001
[SOLVING] parallel_run_0008
Set parameter Threads to value 8
  346398    1.1841245e+08   0.000000e+00   1.109455e+06   1316s
H    0     0                    1.428443e+08 1.4274e+08  0.07%     - 1314s

Explored 1 nodes (454189 simplex iterations) in 1316.16 seconds (771.31 work units)
Thread count was 8 (of 192 available processors)

Solution count 1: 1.42844e+08 

Optimal solution found (tolerance 1.00e-02)
Warning: max constraint violation (3.0971e-03) exceeds tolerance
         (possibly due to large matrix coefficients)
Best objective 1.428442991442e+08, best bound 1.427385620655e+08, gap 0.0740%
Set parameter LogFile to value ""
  347228    1.1841245e+08   0.000000e+00   2.329329e+06   1355s
  348058    1.1841245e+08   0.000000e+00   1.923463e+06   1392s
  348888    1.1841245e+08   0.000000e+00   2.158910e+06   1429s
  349718    1.1841245e+08   0.000000e+00   2.102636e+06   1467s
# ==========================================================
# = Solver Results                                         =
# ==========================================================
# ----------------------------------------------------------
#   Problem Information
# ----------------------------------------------------------
Problem: 
- Name: unknown
  Lower bound: 142738562.06552497
  Upper bound: 142844299.14419767
  Number of objectives: 1
  Number of constraints: 9050179
  Number of variables: 6728544
  Number of binary variables: 858652
  Number of integer variables: 858652
  Number of continuous variables: 5011240
  Number of nonzeros: 21385595
  Sense: minimize
  Number of solutions: 1
# ----------------------------------------------------------
#   Solver Information
# ----------------------------------------------------------
Solver: 
- Name: Gurobi 13.00
  Status: ok
  Wallclock time: 1316.348305940628
  Termination condition: optimal
  Termination message: Model was solved to optimality (subject to tolerances), and an optimal solution is available.
# ----------------------------------------------------------
#   Solution Information
# ----------------------------------------------------------
Solution: 
- number of solutions: 0
  number of solutions displayed: 0
Writing results to /gpfs/home3/scur1696/AdOpT-NET0-RegToNation/generic_node_optimization/results/parallel_creation_test_20251123_162207/parallel_run_0003/userData/20251123163120-1
[SUCCESS] Solved: parallel_run_0003
[SOLVING] parallel_run_0006
Set parameter Threads to value 8
  350548    1.1841245e+08   0.000000e+00   2.111685e+06   1504s
  351378    1.1841245e+08   0.000000e+00   1.863572e+06   1542s
  352208    1.1841245e+08   0.000000e+00   6.400804e+05   1580s
  353038    1.1841245e+08   0.000000e+00   6.398619e+05   1619s
  353868    1.1841245e+08   0.000000e+00   6.888456e+05   1658s
  354698    1.1841245e+08   0.000000e+00   5.329354e+05   1690s
  355528    1.1841245e+08   0.000000e+00   7.849882e+05   1729s
  356358    1.1841245e+08   0.000000e+00   3.262497e+05   1768s
  357188    1.1841245e+08   0.000000e+00   4.179431e+05   1806s
  358018    1.1841245e+08   0.000000e+00   3.120728e+05   1845s
  358848    1.1841245e+08   0.000000e+00   4.546607e+05   1885s
  359678    1.1841245e+08   0.000000e+00   3.669012e+05   1926s
  360508    1.1841245e+08   0.000000e+00   3.959075e+05   1966s
  361338    1.1841245e+08   0.000000e+00   3.607782e+05   2006s
  362168    1.1841245e+08   0.000000e+00   3.075929e+05   2048s
  [CONFIG] Gurobi default env configured: 8 threads per worker
--- Reading in data ---
Input data folder has been checked successfully - no errors occurred.
--- Reading in data complete ---
--- Constructing Model ---
Constructing Investment Period period1
Constructing Investment Period period1 completed
	 - Constructing Network hydrogenPipelineOnshore_lowP
			gdp.bigm Transformation...
			gdp.bigm Transformation completed in 0 s
		 - Constructing Arc BIG1 - BIG2 completed
			gdp.bigm Transformation...
			gdp.bigm Transformation completed in 0 s
		 - Constructing Arc BIG1 - SMALL1 completed
			gdp.bigm Transformation...
			gdp.bigm Transformation completed in 0 s
		 - Constructing Arc BIG1 - SMALL2 completed
			gdp.bigm Transformation...
			gdp.bigm Transformation completed in 0 s
		 - Constructing Arc BIG1 - SMALL3 completed
			gdp.bigm Transformation...
			gdp.bigm Transformation completed in 0 s
		 - Constructing Arc BIG1 - SMALL4 completed
			gdp.bigm Transformation...
			gdp.bigm Transformation completed in 0 s
		 - Constructing Arc BIG1 - STORAGE completed
			gdp.bigm Transformation...
			gdp.bigm Transformation completed in 0 s
		 - Constructing Arc BIG2 - BIG1 completed
			gdp.bigm Transformation...
			gdp.bigm Transformation completed in 0 s
		 - Constructing Arc BIG2 - SMALL1 completed
			gdp.bigm Transformation...
			gdp.bigm Transformation completed in 0 s
		 - Constructing Arc BIG2 - SMALL2 completed
			gdp.bigm Transformation...
			gdp.bigm Transformation completed in 0 s
		 - Constructing Arc BIG2 - SMALL3 completed
			gdp.bigm Transformation...
			gdp.bigm Transformation completed in 0 s
		 - Constructing Arc BIG2 - SMALL4 completed
			gdp.bigm Transformation...
			gdp.bigm Transformation completed in 0 s
		 - Constructing Arc BIG2 - STORAGE completed
			gdp.bigm Transformation...
			gdp.bigm Transformation completed in 0 s
		 - Constructing Arc SMALL1 - BIG1 completed
			gdp.bigm Transformation...
			gdp.bigm Transformation completed in 0 s
		 - Constructing Arc SMALL1 - BIG2 completed
			gdp.bigm Transformation...
			gdp.bigm Transformation completed in 0 s
		 - Constructing Arc SMALL1 - SMALL2 completed
			gdp.bigm Transformation...
			gdp.bigm Transformation completed in 0 s
		 - Constructing Arc SMALL1 - SMALL3 completed
			gdp.bigm Transformation...
			gdp.bigm Transformation completed in 0 s
		 - Constructing Arc SMALL1 - SMALL4 completed
			gdp.bigm Transformation...
			gdp.bigm Transformation completed in 0 s
		 - Constructing Arc SMALL1 - STORAGE completed
			gdp.bigm Transformation...
			gdp.bigm Transformation completed in 0 s
		 - Constructing Arc SMALL2 - BIG1 completed
			gdp.bigm Transformation...
			gdp.bigm Transformation completed in 0 s
		 - Constructing Arc SMALL2 - BIG2 completed
			gdp.bigm Transformation...
			gdp.bigm Transformation completed in 0 s
		 - Constructing Arc SMALL2 - SMALL1 completed
			gdp.bigm Transformation...
			gdp.bigm Transformation completed in 0 s
		 - Constructing Arc SMALL2 - SMALL3 completed
			gdp.bigm Transformation...
			gdp.bigm Transformation completed in 0 s
		 - Constructing Arc SMALL2 - SMALL4 completed
			gdp.bigm Transformation...
			gdp.bigm Transformation completed in 0 s
		 - Constructing Arc SMALL2 - STORAGE completed
			gdp.bigm Transformation...
			gdp.bigm Transformation completed in 0 s
		 - Constructing Arc SMALL3 - BIG1 completed
			gdp.bigm Transformation...
			gdp.bigm Transformation completed in 0 s
		 - Constructing Arc SMALL3 - BIG2 completed
			gdp.bigm Transformation...
			gdp.bigm Transformation completed in 0 s
		 - Constructing Arc SMALL3 - SMALL1 completed
			gdp.bigm Transformation...
			gdp.bigm Transformation completed in 0 s
		 - Constructing Arc SMALL3 - SMALL2 completed
			gdp.bigm Transformation...
			gdp.bigm Transformation completed in 0 s
		 - Constructing Arc SMALL3 - SMALL4 completed
			gdp.bigm Transformation...
			gdp.bigm Transformation completed in 0 s
		 - Constructing Arc SMALL3 - STORAGE completed
			gdp.bigm Transformation...
			gdp.bigm Transformation completed in 0 s
		 - Constructing Arc SMALL4 - BIG1 completed
			gdp.bigm Transformation...
			gdp.bigm Transformation completed in 0 s
		 - Constructing Arc SMALL4 - BIG2 completed
			gdp.bigm Transformation...
			gdp.bigm Transformation completed in 0 s
		 - Constructing Arc SMALL4 - SMALL1 completed
			gdp.bigm Transformation...
			gdp.bigm Transformation completed in 0 s
		 - Constructing Arc SMALL4 - SMALL2 completed
			gdp.bigm Transformation...
			gdp.bigm Transformation completed in 0 s
		 - Constructing Arc SMALL4 - SMALL3 completed
			gdp.bigm Transformation...
			gdp.bigm Transformation completed in 0 s
		 - Constructing Arc SMALL4 - STORAGE completed
			gdp.bigm Transformation...
			gdp.bigm Transformation completed in 0 s
		 - Constructing Arc STORAGE - BIG1 completed
			gdp.bigm Transformation...
			gdp.bigm Transformation completed in 0 s
		 - Constructing Arc STORAGE - BIG2 completed
			gdp.bigm Transformation...
			gdp.bigm Transformation completed in 0 s
		 - Constructing Arc STORAGE - SMALL1 completed
			gdp.bigm Transformation...
			gdp.bigm Transformation completed in 0 s
		 - Constructing Arc STORAGE - SMALL2 completed
			gdp.bigm Transformation...
			gdp.bigm Transformation completed in 0 s
		 - Constructing Arc STORAGE - SMALL3 completed
			gdp.bigm Transformation...
			gdp.bigm Transformation completed in 0 s
		 - Constructing Arc STORAGE - SMALL4 completed
	 - Constructing Network hydrogenPipelineOnshore_lowP completed
			gdp.bigm Transformation...
			gdp.bigm Transformation completed in 79 s
	 - Constructing Network hydrogenPipelineOnshore_highP
			gdp.bigm Transformation...
			gdp.bigm Transformation completed in 0 s
		 - Constructing Arc BIG1 - BIG2 completed
			gdp.bigm Transformation...
			gdp.bigm Transformation completed in 0 s
		 - Constructing Arc BIG1 - SMALL1 completed
			gdp.bigm Transformation...
			gdp.bigm Transformation completed in 0 s
		 - Constructing Arc BIG1 - SMALL2 completed
			gdp.bigm Transformation...
			gdp.bigm Transformation completed in 0 s
		 - Constructing Arc BIG1 - SMALL3 completed
			gdp.bigm Transformation...
			gdp.bigm Transformation completed in 0 s
		 - Constructing Arc BIG1 - SMALL4 completed
			gdp.bigm Transformation...
			gdp.bigm Transformation completed in 0 s
		 - Constructing Arc BIG1 - STORAGE completed
			gdp.bigm Transformation...
			gdp.bigm Transformation completed in 0 s
		 - Constructing Arc BIG2 - BIG1 completed
			gdp.bigm Transformation...
			gdp.bigm Transformation completed in 0 s
		 - Constructing Arc BIG2 - SMALL1 completed
			gdp.bigm Transformation...
			gdp.bigm Transformation completed in 0 s
		 - Constructing Arc BIG2 - SMALL2 completed
			gdp.bigm Transformation...
			gdp.bigm Transformation completed in 0 s
		 - Constructing Arc BIG2 - SMALL3 completed
			gdp.bigm Transformation...
			gdp.bigm Transformation completed in 0 s
		 - Constructing Arc BIG2 - SMALL4 completed
			gdp.bigm Transformation...
			gdp.bigm Transformation completed in 0 s
		 - Constructing Arc BIG2 - STORAGE completed
			gdp.bigm Transformation...
			gdp.bigm Transformation completed in 0 s
		 - Constructing Arc SMALL1 - BIG1 completed
			gdp.bigm Transformation...
			gdp.bigm Transformation completed in 0 s
		 - Constructing Arc SMALL1 - BIG2 completed
			gdp.bigm Transformation...
			gdp.bigm Transformation completed in 0 s
		 - Constructing Arc SMALL1 - SMALL2 completed
			gdp.bigm Transformation...
			gdp.bigm Transformation completed in 0 s
		 - Constructing Arc SMALL1 - SMALL3 completed
			gdp.bigm Transformation...
			gdp.bigm Transformation completed in 0 s
		 - Constructing Arc SMALL1 - SMALL4 completed
			gdp.bigm Transformation...
			gdp.bigm Transformation completed in 0 s
		 - Constructing Arc SMALL1 - STORAGE completed
			gdp.bigm Transformation...
			gdp.bigm Transformation completed in 0 s
		 - Constructing Arc SMALL2 - BIG1 completed
			gdp.bigm Transformation...
			gdp.bigm Transformation completed in 0 s
		 - Constructing Arc SMALL2 - BIG2 completed
			gdp.bigm Transformation...
			gdp.bigm Transformation completed in 0 s
		 - Constructing Arc SMALL2 - SMALL1 completed
			gdp.bigm Transformation...
			gdp.bigm Transformation completed in 0 s
		 - Constructing Arc SMALL2 - SMALL3 completed
			gdp.bigm Transformation...
			gdp.bigm Transformation completed in 0 s
		 - Constructing Arc SMALL2 - SMALL4 completed
			gdp.bigm Transformation...
			gdp.bigm Transformation completed in 0 s
		 - Constructing Arc SMALL2 - STORAGE completed
			gdp.bigm Transformation...
			gdp.bigm Transformation completed in 0 s
		 - Constructing Arc SMALL3 - BIG1 completed
			gdp.bigm Transformation...
			gdp.bigm Transformation completed in 0 s
		 - Constructing Arc SMALL3 - BIG2 completed
			gdp.bigm Transformation...
			gdp.bigm Transformation completed in 0 s
		 - Constructing Arc SMALL3 - SMALL1 completed
			gdp.bigm Transformation...
			gdp.bigm Transformation completed in 0 s
		 - Constructing Arc SMALL3 - SMALL2 completed
			gdp.bigm Transformation...
			gdp.bigm Transformation completed in 0 s
		 - Constructing Arc SMALL3 - SMALL4 completed
			gdp.bigm Transformation...
			gdp.bigm Transformation completed in 0 s
		 - Constructing Arc SMALL3 - STORAGE completed
			gdp.bigm Transformation...
			gdp.bigm Transformation completed in 0 s
		 - Constructing Arc SMALL4 - BIG1 completed
			gdp.bigm Transformation...
			gdp.bigm Transformation completed in 0 s
		 - Constructing Arc SMALL4 - BIG2 completed
			gdp.bigm Transformation...
			gdp.bigm Transformation completed in 0 s
		 - Constructing Arc SMALL4 - SMALL1 completed
			gdp.bigm Transformation...
			gdp.bigm Transformation completed in 0 s
		 - Constructing Arc SMALL4 - SMALL2 completed
			gdp.bigm Transformation...
			gdp.bigm Transformation completed in 0 s
		 - Constructing Arc SMALL4 - SMALL3 completed
			gdp.bigm Transformation...
			gdp.bigm Transformation completed in 0 s
		 - Constructing Arc SMALL4 - STORAGE completed
			gdp.bigm Transformation...
			gdp.bigm Transformation completed in 0 s
		 - Constructing Arc STORAGE - BIG1 completed
			gdp.bigm Transformation...
			gdp.bigm Transformation completed in 0 s
		 - Constructing Arc STORAGE - BIG2 completed
			gdp.bigm Transformation...
			gdp.bigm Transformation completed in 0 s
		 - Constructing Arc STORAGE - SMALL1 completed
			gdp.bigm Transformation...
			gdp.bigm Transformation completed in 0 s
		 - Constructing Arc STORAGE - SMALL2 completed
			gdp.bigm Transformation...
			gdp.bigm Transformation completed in 0 s
		 - Constructing Arc STORAGE - SMALL3 completed
			gdp.bigm Transformation...
			gdp.bigm Transformation completed in 0 s
		 - Constructing Arc STORAGE - SMALL4 completed
	 - Constructing Network hydrogenPipelineOnshore_highP completed
			gdp.bigm Transformation...
			gdp.bigm Transformation completed in 80 s
	 - Adding Technology Electrolyzer_big
			gdp.bigm Transformation...
			gdp.bigm Transformation completed in 0 s
	 - Adding Technology Storage_H2_highP
			gdp.bigm Transformation...
			gdp.bigm Transformation completed in 4 s
	 - Adding Compressor hydrogen_Compressor_hydrogenPipelineOnshore_lowP_hydrogenPipelineOnshore_lowP
	 - Adding Compressor hydrogen_Compressor_hydrogenPipelineOnshore_lowP_hydrogenPipelineOnshore_highP
	 - Adding Compressor hydrogen_Compressor_hydrogenPipelineOnshore_lowP_Storage_H2_highP
	 - Adding Compressor hydrogen_Compressor_hydrogenPipelineOnshore_lowP_Demand
	 - Adding Compressor hydrogen_Compressor_hydrogenPipelineOnshore_highP_hydrogenPipelineOnshore_lowP
	 - Adding Compressor hydrogen_Compressor_hydrogenPipelineOnshore_highP_hydrogenPipelineOnshore_highP
	 - Adding Compressor hydrogen_Compressor_hydrogenPipelineOnshore_highP_Storage_H2_highP
	 - Adding Compressor hydrogen_Compressor_hydrogenPipelineOnshore_highP_Demand
	 - Adding Compressor hydrogen_Compressor_Electrolyzer_big_hydrogenPipelineOnshore_lowP
	 - Adding Compressor hydrogen_Compressor_Electrolyzer_big_hydrogenPipelineOnshore_highP
	 - Adding Compressor hydrogen_Compressor_Electrolyzer_big_Storage_H2_highP
	 - Adding Compressor hydrogen_Compressor_Electrolyzer_big_Demand
	 - Adding Compressor hydrogen_Compressor_Storage_H2_highP_hydrogenPipelineOnshore_lowP
	 - Adding Compressor hydrogen_Compressor_Storage_H2_highP_hydrogenPipelineOnshore_highP
	 - Adding Compressor hydrogen_Compressor_Storage_H2_highP_Storage_H2_highP
	 - Adding Compressor hydrogen_Compressor_Storage_H2_highP_Demand
	 - Adding Compressor hydrogen_Compressor_Import_hydrogenPipelineOnshore_lowP
	 - Adding Compressor hydrogen_Compressor_Import_hydrogenPipelineOnshore_highP
	 - Adding Compressor hydrogen_Compressor_Import_Storage_H2_highP
	 - Adding Compressor hydrogen_Compressor_Import_Demand_existing
	 - Adding Technology Electrolyzer_big
			gdp.bigm Transformation...
			gdp.bigm Transformation completed in 0 s
	 - Adding Technology Storage_H2_highP
			gdp.bigm Transformation...
			gdp.bigm Transformation completed in 4 s
	 - Adding Compressor hydrogen_Compressor_hydrogenPipelineOnshore_lowP_hydrogenPipelineOnshore_lowP
	 - Adding Compressor hydrogen_Compressor_hydrogenPipelineOnshore_lowP_hydrogenPipelineOnshore_highP
	 - Adding Compressor hydrogen_Compressor_hydrogenPipelineOnshore_lowP_Storage_H2_highP
	 - Adding Compressor hydrogen_Compressor_hydrogenPipelineOnshore_lowP_Demand
	 - Adding Compressor hydrogen_Compressor_hydrogenPipelineOnshore_highP_hydrogenPipelineOnshore_lowP
	 - Adding Compressor hydrogen_Compressor_hydrogenPipelineOnshore_highP_hydrogenPipelineOnshore_highP
	 - Adding Compressor hydrogen_Compressor_hydrogenPipelineOnshore_highP_Storage_H2_highP
	 - Adding Compressor hydrogen_Compressor_hydrogenPipelineOnshore_highP_Demand
	 - Adding Compressor hydrogen_Compressor_Electrolyzer_big_hydrogenPipelineOnshore_lowP
	 - Adding Compressor hydrogen_Compressor_Electrolyzer_big_hydrogenPipelineOnshore_highP
	 - Adding Compressor hydrogen_Compressor_Electrolyzer_big_Storage_H2_highP
	 - Adding Compressor hydrogen_Compressor_Electrolyzer_big_Demand
	 - Adding Compressor hydrogen_Compressor_Storage_H2_highP_hydrogenPipelineOnshore_lowP
	 - Adding Compressor hydrogen_Compressor_Storage_H2_highP_hydrogenPipelineOnshore_highP
	 - Adding Compressor hydrogen_Compressor_Storage_H2_highP_Storage_H2_highP
	 - Adding Compressor hydrogen_Compressor_Storage_H2_highP_Demand
	 - Adding Compressor hydrogen_Compressor_Import_hydrogenPipelineOnshore_lowP
	 - Adding Compressor hydrogen_Compressor_Import_hydrogenPipelineOnshore_highP
	 - Adding Compressor hydrogen_Compressor_Import_Storage_H2_highP
	 - Adding Compressor hydrogen_Compressor_Import_Demand_existing
	 - Adding Technology Electrolyzer_small
	 - Adding Technology Storage_H2_lowP
			gdp.bigm Transformation...
			gdp.bigm Transformation completed in 4 s
	 - Adding Compressor hydrogen_Compressor_hydrogenPipelineOnshore_lowP_hydrogenPipelineOnshore_lowP
	 - Adding Compressor hydrogen_Compressor_hydrogenPipelineOnshore_lowP_hydrogenPipelineOnshore_highP
	 - Adding Compressor hydrogen_Compressor_hydrogenPipelineOnshore_lowP_Storage_H2_lowP
	 - Adding Compressor hydrogen_Compressor_hydrogenPipelineOnshore_lowP_Demand
	 - Adding Compressor hydrogen_Compressor_hydrogenPipelineOnshore_highP_hydrogenPipelineOnshore_lowP
	 - Adding Compressor hydrogen_Compressor_hydrogenPipelineOnshore_highP_hydrogenPipelineOnshore_highP
	 - Adding Compressor hydrogen_Compressor_hydrogenPipelineOnshore_highP_Storage_H2_lowP
	 - Adding Compressor hydrogen_Compressor_hydrogenPipelineOnshore_highP_Demand
	 - Adding Compressor hydrogen_Compressor_Electrolyzer_small_hydrogenPipelineOnshore_lowP
	 - Adding Compressor hydrogen_Compressor_Electrolyzer_small_hydrogenPipelineOnshore_highP
	 - Adding Compressor hydrogen_Compressor_Electrolyzer_small_Storage_H2_lowP
	 - Adding Compressor hydrogen_Compressor_Electrolyzer_small_Demand
	 - Adding Compressor hydrogen_Compressor_Storage_H2_lowP_hydrogenPipelineOnshore_lowP
	 - Adding Compressor hydrogen_Compressor_Storage_H2_lowP_hydrogenPipelineOnshore_highP
	 - Adding Compressor hydrogen_Compressor_Storage_H2_lowP_Storage_H2_lowP
	 - Adding Compressor hydrogen_Compressor_Storage_H2_lowP_Demand
	 - Adding Technology Electrolyzer_small
	 - Adding Technology Storage_H2_lowP
			gdp.bigm Transformation...
			gdp.bigm Transformation completed in 4 s
	 - Adding Compressor hydrogen_Compressor_hydrogenPipelineOnshore_lowP_hydrogenPipelineOnshore_lowP
	 - Adding Compressor hydrogen_Compressor_hydrogenPipelineOnshore_lowP_hydrogenPipelineOnshore_highP
	 - Adding Compressor hydrogen_Compressor_hydrogenPipelineOnshore_lowP_Storage_H2_lowP
	 - Adding Compressor hydrogen_Compressor_hydrogenPipelineOnshore_lowP_Demand
	 - Adding Compressor hydrogen_Compressor_hydrogenPipelineOnshore_highP_hydrogenPipelineOnshore_lowP
	 - Adding Compressor hydrogen_Compressor_hydrogenPipelineOnshore_highP_hydrogenPipelineOnshore_highP
	 - Adding Compressor hydrogen_Compressor_hydrogenPipelineOnshore_highP_Storage_H2_lowP
	 - Adding Compressor hydrogen_Compressor_hydrogenPipelineOnshore_highP_Demand
	 - Adding Compressor hydrogen_Compressor_Electrolyzer_small_hydrogenPipelineOnshore_lowP
	 - Adding Compressor hydrogen_Compressor_Electrolyzer_small_hydrogenPipelineOnshore_highP
	 - Adding Compressor hydrogen_Compressor_Electrolyzer_small_Storage_H2_lowP
	 - Adding Compressor hydrogen_Compressor_Electrolyzer_small_Demand
	 - Adding Compressor hydrogen_Compressor_Storage_H2_lowP_hydrogenPipelineOnshore_lowP
	 - Adding Compressor hydrogen_Compressor_Storage_H2_lowP_hydrogenPipelineOnshore_highP
	 - Adding Compressor hydrogen_Compressor_Storage_H2_lowP_Storage_H2_lowP
	 - Adding Compressor hydrogen_Compressor_Storage_H2_lowP_Demand
	 - Adding Technology Electrolyzer_small
	 - Adding Technology Storage_H2_lowP
			gdp.bigm Transformation...
			gdp.bigm Transformation completed in 4 s
	 - Adding Compressor hydrogen_Compressor_hydrogenPipelineOnshore_lowP_hydrogenPipelineOnshore_lowP
	 - Adding Compressor hydrogen_Compressor_hydrogenPipelineOnshore_lowP_hydrogenPipelineOnshore_highP
	 - Adding Compressor hydrogen_Compressor_hydrogenPipelineOnshore_lowP_Storage_H2_lowP
	 - Adding Compressor hydrogen_Compressor_hydrogenPipelineOnshore_lowP_Demand
	 - Adding Compressor hydrogen_Compressor_hydrogenPipelineOnshore_highP_hydrogenPipelineOnshore_lowP
	 - Adding Compressor hydrogen_Compressor_hydrogenPipelineOnshore_highP_hydrogenPipelineOnshore_highP
	 - Adding Compressor hydrogen_Compressor_hydrogenPipelineOnshore_highP_Storage_H2_lowP
	 - Adding Compressor hydrogen_Compressor_hydrogenPipelineOnshore_highP_Demand
	 - Adding Compressor hydrogen_Compressor_Electrolyzer_small_hydrogenPipelineOnshore_lowP
	 - Adding Compressor hydrogen_Compressor_Electrolyzer_small_hydrogenPipelineOnshore_highP
	 - Adding Compressor hydrogen_Compressor_Electrolyzer_small_Storage_H2_lowP
	 - Adding Compressor hydrogen_Compressor_Electrolyzer_small_Demand
	 - Adding Compressor hydrogen_Compressor_Storage_H2_lowP_hydrogenPipelineOnshore_lowP
	 - Adding Compressor hydrogen_Compressor_Storage_H2_lowP_hydrogenPipelineOnshore_highP
	 - Adding Compressor hydrogen_Compressor_Storage_H2_lowP_Storage_H2_lowP
	 - Adding Compressor hydrogen_Compressor_Storage_H2_lowP_Demand
	 - Adding Technology Electrolyzer_small
	 - Adding Technology Storage_H2_lowP
			gdp.bigm Transformation...
			gdp.bigm Transformation completed in 4 s
	 - Adding Compressor hydrogen_Compressor_hydrogenPipelineOnshore_lowP_hydrogenPipelineOnshore_lowP
	 - Adding Compressor hydrogen_Compressor_hydrogenPipelineOnshore_lowP_hydrogenPipelineOnshore_highP
	 - Adding Compressor hydrogen_Compressor_hydrogenPipelineOnshore_lowP_Storage_H2_lowP
	 - Adding Compressor hydrogen_Compressor_hydrogenPipelineOnshore_lowP_Demand
	 - Adding Compressor hydrogen_Compressor_hydrogenPipelineOnshore_highP_hydrogenPipelineOnshore_lowP
	 - Adding Compressor hydrogen_Compressor_hydrogenPipelineOnshore_highP_hydrogenPipelineOnshore_highP
	 - Adding Compressor hydrogen_Compressor_hydrogenPipelineOnshore_highP_Storage_H2_lowP
	 - Adding Compressor hydrogen_Compressor_hydrogenPipelineOnshore_highP_Demand
	 - Adding Compressor hydrogen_Compressor_Electrolyzer_small_hydrogenPipelineOnshore_lowP
	 - Adding Compressor hydrogen_Compressor_Electrolyzer_small_hydrogenPipelineOnshore_highP
	 - Adding Compressor hydrogen_Compressor_Electrolyzer_small_Storage_H2_lowP
	 - Adding Compressor hydrogen_Compressor_Electrolyzer_small_Demand
	 - Adding Compressor hydrogen_Compressor_Storage_H2_lowP_hydrogenPipelineOnshore_lowP
	 - Adding Compressor hydrogen_Compressor_Storage_H2_lowP_hydrogenPipelineOnshore_highP
	 - Adding Compressor hydrogen_Compressor_Storage_H2_lowP_Storage_H2_lowP
	 - Adding Compressor hydrogen_Compressor_Storage_H2_lowP_Demand
	 - Adding Technology Storage_H2_Cavern_existing
			gdp.bigm Transformation...
			gdp.bigm Transformation completed in 4 s
	 - Adding Compressor hydrogen_Compressor_hydrogenPipelineOnshore_lowP_hydrogenPipelineOnshore_lowP
	 - Adding Compressor hydrogen_Compressor_hydrogenPipelineOnshore_lowP_hydrogenPipelineOnshore_highP
	 - Adding Compressor hydrogen_Compressor_hydrogenPipelineOnshore_lowP_Storage_H2_Cavern_existing
	 - Adding Compressor hydrogen_Compressor_hydrogenPipelineOnshore_highP_hydrogenPipelineOnshore_lowP
	 - Adding Compressor hydrogen_Compressor_hydrogenPipelineOnshore_highP_hydrogenPipelineOnshore_highP
	 - Adding Compressor hydrogen_Compressor_hydrogenPipelineOnshore_highP_Storage_H2_Cavern_existing
	 - Adding Compressor hydrogen_Compressor_Storage_H2_Cavern_existing_hydrogenPipelineOnshore_lowP
	 - Adding Compressor hydrogen_Compressor_Storage_H2_Cavern_existing_hydrogenPipelineOnshore_highP
	 - Adding Compressor hydrogen_Compressor_Storage_H2_Cavern_existing_Storage_H2_Cavern_existing_existing
Constructing model completed in 617s
Constructing balances...
Constructing balances completed in 19s
Set objective on infrastructure due to willingness to pay
Set parameter OutputFlag to value 1
Set parameter LogFile to value "/gpfs/home3/scur1696/AdOpT-NET0-RegToNation/generic_node_optimization/results/parallel_creation_test_20251123_162207/parallel_run_0007/userData/20251123170554-1/solver_log.txt"
Solver log file: /gpfs/home3/scur1696/AdOpT-NET0-RegToNation/generic_node_optimization/results/parallel_creation_test_20251123_162207/parallel_run_0007/userData/20251123170554-1/solver_log.txt
Set parameter TimeLimit to value 180000
Set parameter MIPGap to value 0.01
Set parameter MIPFocus to value 0
Set parameter Threads to value 8
Set parameter NodefileStart to value 60
Set parameter Method to value -1
Set parameter Heuristics to value 0.05
Set parameter Presolve to value 1
Set parameter BranchDir to value 0
Set parameter LPWarmStart to value 0
Set parameter IntFeasTol to value 1e-05
Set parameter FeasibilityTol to value 1e-06
Set parameter Cuts to value -1
Set parameter NumericFocus to value 0
  362998    1.1841245e+08   0.000000e+00   2.577126e+05   2085s
  [CONFIG] Gurobi default env configured: 8 threads per worker
--- Reading in data ---
Input data folder has been checked successfully - no errors occurred.
--- Reading in data complete ---
--- Constructing Model ---
Constructing Investment Period period1
Constructing Investment Period period1 completed
	 - Constructing Network hydrogenPipelineOnshore_lowP
			gdp.bigm Transformation...
			gdp.bigm Transformation completed in 0 s
		 - Constructing Arc BIG1 - BIG2 completed
			gdp.bigm Transformation...
			gdp.bigm Transformation completed in 0 s
		 - Constructing Arc BIG1 - SMALL1 completed
			gdp.bigm Transformation...
			gdp.bigm Transformation completed in 0 s
		 - Constructing Arc BIG1 - SMALL2 completed
			gdp.bigm Transformation...
			gdp.bigm Transformation completed in 0 s
		 - Constructing Arc BIG1 - SMALL3 completed
			gdp.bigm Transformation...
			gdp.bigm Transformation completed in 0 s
		 - Constructing Arc BIG1 - SMALL4 completed
			gdp.bigm Transformation...
			gdp.bigm Transformation completed in 0 s
		 - Constructing Arc BIG1 - STORAGE completed
			gdp.bigm Transformation...
			gdp.bigm Transformation completed in 0 s
		 - Constructing Arc BIG2 - BIG1 completed
			gdp.bigm Transformation...
			gdp.bigm Transformation completed in 0 s
		 - Constructing Arc BIG2 - SMALL1 completed
			gdp.bigm Transformation...
			gdp.bigm Transformation completed in 0 s
		 - Constructing Arc BIG2 - SMALL2 completed
			gdp.bigm Transformation...
			gdp.bigm Transformation completed in 0 s
		 - Constructing Arc BIG2 - SMALL3 completed
			gdp.bigm Transformation...
			gdp.bigm Transformation completed in 0 s
		 - Constructing Arc BIG2 - SMALL4 completed
			gdp.bigm Transformation...
			gdp.bigm Transformation completed in 0 s
		 - Constructing Arc BIG2 - STORAGE completed
			gdp.bigm Transformation...
			gdp.bigm Transformation completed in 0 s
		 - Constructing Arc SMALL1 - BIG1 completed
			gdp.bigm Transformation...
			gdp.bigm Transformation completed in 0 s
		 - Constructing Arc SMALL1 - BIG2 completed
			gdp.bigm Transformation...
			gdp.bigm Transformation completed in 0 s
		 - Constructing Arc SMALL1 - SMALL2 completed
			gdp.bigm Transformation...
			gdp.bigm Transformation completed in 0 s
		 - Constructing Arc SMALL1 - SMALL3 completed
			gdp.bigm Transformation...
			gdp.bigm Transformation completed in 0 s
		 - Constructing Arc SMALL1 - SMALL4 completed
			gdp.bigm Transformation...
			gdp.bigm Transformation completed in 0 s
		 - Constructing Arc SMALL1 - STORAGE completed
			gdp.bigm Transformation...
			gdp.bigm Transformation completed in 0 s
		 - Constructing Arc SMALL2 - BIG1 completed
			gdp.bigm Transformation...
			gdp.bigm Transformation completed in 0 s
		 - Constructing Arc SMALL2 - BIG2 completed
			gdp.bigm Transformation...
			gdp.bigm Transformation completed in 0 s
		 - Constructing Arc SMALL2 - SMALL1 completed
			gdp.bigm Transformation...
			gdp.bigm Transformation completed in 0 s
		 - Constructing Arc SMALL2 - SMALL3 completed
			gdp.bigm Transformation...
			gdp.bigm Transformation completed in 0 s
		 - Constructing Arc SMALL2 - SMALL4 completed
			gdp.bigm Transformation...
			gdp.bigm Transformation completed in 0 s
		 - Constructing Arc SMALL2 - STORAGE completed
			gdp.bigm Transformation...
			gdp.bigm Transformation completed in 0 s
		 - Constructing Arc SMALL3 - BIG1 completed
			gdp.bigm Transformation...
			gdp.bigm Transformation completed in 0 s
		 - Constructing Arc SMALL3 - BIG2 completed
			gdp.bigm Transformation...
			gdp.bigm Transformation completed in 0 s
		 - Constructing Arc SMALL3 - SMALL1 completed
			gdp.bigm Transformation...
			gdp.bigm Transformation completed in 0 s
		 - Constructing Arc SMALL3 - SMALL2 completed
			gdp.bigm Transformation...
			gdp.bigm Transformation completed in 0 s
		 - Constructing Arc SMALL3 - SMALL4 completed
			gdp.bigm Transformation...
			gdp.bigm Transformation completed in 0 s
		 - Constructing Arc SMALL3 - STORAGE completed
			gdp.bigm Transformation...
			gdp.bigm Transformation completed in 0 s
		 - Constructing Arc SMALL4 - BIG1 completed
			gdp.bigm Transformation...
			gdp.bigm Transformation completed in 0 s
		 - Constructing Arc SMALL4 - BIG2 completed
			gdp.bigm Transformation...
			gdp.bigm Transformation completed in 0 s
		 - Constructing Arc SMALL4 - SMALL1 completed
			gdp.bigm Transformation...
			gdp.bigm Transformation completed in 0 s
		 - Constructing Arc SMALL4 - SMALL2 completed
			gdp.bigm Transformation...
			gdp.bigm Transformation completed in 0 s
		 - Constructing Arc SMALL4 - SMALL3 completed
			gdp.bigm Transformation...
			gdp.bigm Transformation completed in 0 s
		 - Constructing Arc SMALL4 - STORAGE completed
			gdp.bigm Transformation...
			gdp.bigm Transformation completed in 0 s
		 - Constructing Arc STORAGE - BIG1 completed
			gdp.bigm Transformation...
			gdp.bigm Transformation completed in 0 s
		 - Constructing Arc STORAGE - BIG2 completed
			gdp.bigm Transformation...
			gdp.bigm Transformation completed in 0 s
		 - Constructing Arc STORAGE - SMALL1 completed
			gdp.bigm Transformation...
			gdp.bigm Transformation completed in 0 s
		 - Constructing Arc STORAGE - SMALL2 completed
			gdp.bigm Transformation...
			gdp.bigm Transformation completed in 0 s
		 - Constructing Arc STORAGE - SMALL3 completed
			gdp.bigm Transformation...
			gdp.bigm Transformation completed in 0 s
		 - Constructing Arc STORAGE - SMALL4 completed
	 - Constructing Network hydrogenPipelineOnshore_lowP completed
			gdp.bigm Transformation...
			gdp.bigm Transformation completed in 78 s
	 - Constructing Network hydrogenPipelineOnshore_highP
			gdp.bigm Transformation...
			gdp.bigm Transformation completed in 0 s
		 - Constructing Arc BIG1 - BIG2 completed
			gdp.bigm Transformation...
			gdp.bigm Transformation completed in 0 s
		 - Constructing Arc BIG1 - SMALL1 completed
			gdp.bigm Transformation...
			gdp.bigm Transformation completed in 0 s
		 - Constructing Arc BIG1 - SMALL2 completed
			gdp.bigm Transformation...
			gdp.bigm Transformation completed in 0 s
		 - Constructing Arc BIG1 - SMALL3 completed
			gdp.bigm Transformation...
			gdp.bigm Transformation completed in 0 s
		 - Constructing Arc BIG1 - SMALL4 completed
			gdp.bigm Transformation...
			gdp.bigm Transformation completed in 0 s
		 - Constructing Arc BIG1 - STORAGE completed
			gdp.bigm Transformation...
			gdp.bigm Transformation completed in 0 s
		 - Constructing Arc BIG2 - BIG1 completed
			gdp.bigm Transformation...
			gdp.bigm Transformation completed in 0 s
		 - Constructing Arc BIG2 - SMALL1 completed
			gdp.bigm Transformation...
			gdp.bigm Transformation completed in 0 s
		 - Constructing Arc BIG2 - SMALL2 completed
			gdp.bigm Transformation...
			gdp.bigm Transformation completed in 0 s
		 - Constructing Arc BIG2 - SMALL3 completed
			gdp.bigm Transformation...
			gdp.bigm Transformation completed in 0 s
		 - Constructing Arc BIG2 - SMALL4 completed
			gdp.bigm Transformation...
			gdp.bigm Transformation completed in 0 s
		 - Constructing Arc BIG2 - STORAGE completed
			gdp.bigm Transformation...
			gdp.bigm Transformation completed in 0 s
		 - Constructing Arc SMALL1 - BIG1 completed
			gdp.bigm Transformation...
			gdp.bigm Transformation completed in 0 s
		 - Constructing Arc SMALL1 - BIG2 completed
			gdp.bigm Transformation...
			gdp.bigm Transformation completed in 0 s
		 - Constructing Arc SMALL1 - SMALL2 completed
			gdp.bigm Transformation...
			gdp.bigm Transformation completed in 0 s
		 - Constructing Arc SMALL1 - SMALL3 completed
			gdp.bigm Transformation...
			gdp.bigm Transformation completed in 0 s
		 - Constructing Arc SMALL1 - SMALL4 completed
			gdp.bigm Transformation...
			gdp.bigm Transformation completed in 0 s
		 - Constructing Arc SMALL1 - STORAGE completed
			gdp.bigm Transformation...
			gdp.bigm Transformation completed in 0 s
		 - Constructing Arc SMALL2 - BIG1 completed
			gdp.bigm Transformation...
			gdp.bigm Transformation completed in 0 s
		 - Constructing Arc SMALL2 - BIG2 completed
			gdp.bigm Transformation...
			gdp.bigm Transformation completed in 0 s
		 - Constructing Arc SMALL2 - SMALL1 completed
			gdp.bigm Transformation...
			gdp.bigm Transformation completed in 0 s
		 - Constructing Arc SMALL2 - SMALL3 completed
			gdp.bigm Transformation...
			gdp.bigm Transformation completed in 0 s
		 - Constructing Arc SMALL2 - SMALL4 completed
			gdp.bigm Transformation...
			gdp.bigm Transformation completed in 0 s
		 - Constructing Arc SMALL2 - STORAGE completed
			gdp.bigm Transformation...
			gdp.bigm Transformation completed in 0 s
		 - Constructing Arc SMALL3 - BIG1 completed
			gdp.bigm Transformation...
			gdp.bigm Transformation completed in 0 s
		 - Constructing Arc SMALL3 - BIG2 completed
			gdp.bigm Transformation...
			gdp.bigm Transformation completed in 0 s
		 - Constructing Arc SMALL3 - SMALL1 completed
			gdp.bigm Transformation...
			gdp.bigm Transformation completed in 0 s
		 - Constructing Arc SMALL3 - SMALL2 completed
			gdp.bigm Transformation...
			gdp.bigm Transformation completed in 0 s
		 - Constructing Arc SMALL3 - SMALL4 completed
			gdp.bigm Transformation...
			gdp.bigm Transformation completed in 0 s
		 - Constructing Arc SMALL3 - STORAGE completed
			gdp.bigm Transformation...
			gdp.bigm Transformation completed in 0 s
		 - Constructing Arc SMALL4 - BIG1 completed
			gdp.bigm Transformation...
			gdp.bigm Transformation completed in 0 s
		 - Constructing Arc SMALL4 - BIG2 completed
			gdp.bigm Transformation...
			gdp.bigm Transformation completed in 0 s
		 - Constructing Arc SMALL4 - SMALL1 completed
			gdp.bigm Transformation...
			gdp.bigm Transformation completed in 0 s
		 - Constructing Arc SMALL4 - SMALL2 completed
			gdp.bigm Transformation...
			gdp.bigm Transformation completed in 0 s
		 - Constructing Arc SMALL4 - SMALL3 completed
			gdp.bigm Transformation...
			gdp.bigm Transformation completed in 0 s
		 - Constructing Arc SMALL4 - STORAGE completed
			gdp.bigm Transformation...
			gdp.bigm Transformation completed in 0 s
		 - Constructing Arc STORAGE - BIG1 completed
			gdp.bigm Transformation...
			gdp.bigm Transformation completed in 0 s
		 - Constructing Arc STORAGE - BIG2 completed
			gdp.bigm Transformation...
			gdp.bigm Transformation completed in 0 s
		 - Constructing Arc STORAGE - SMALL1 completed
			gdp.bigm Transformation...
			gdp.bigm Transformation completed in 0 s
		 - Constructing Arc STORAGE - SMALL2 completed
			gdp.bigm Transformation...
			gdp.bigm Transformation completed in 0 s
		 - Constructing Arc STORAGE - SMALL3 completed
			gdp.bigm Transformation...
			gdp.bigm Transformation completed in 0 s
		 - Constructing Arc STORAGE - SMALL4 completed
	 - Constructing Network hydrogenPipelineOnshore_highP completed
			gdp.bigm Transformation...
			gdp.bigm Transformation completed in 79 s
	 - Adding Technology Electrolyzer_big
			gdp.bigm Transformation...
			gdp.bigm Transformation completed in 0 s
	 - Adding Technology Storage_H2_highP
			gdp.bigm Transformation...
			gdp.bigm Transformation completed in 4 s
	 - Adding Compressor hydrogen_Compressor_hydrogenPipelineOnshore_lowP_hydrogenPipelineOnshore_lowP
	 - Adding Compressor hydrogen_Compressor_hydrogenPipelineOnshore_lowP_hydrogenPipelineOnshore_highP
	 - Adding Compressor hydrogen_Compressor_hydrogenPipelineOnshore_lowP_Storage_H2_highP
	 - Adding Compressor hydrogen_Compressor_hydrogenPipelineOnshore_lowP_Demand
	 - Adding Compressor hydrogen_Compressor_hydrogenPipelineOnshore_highP_hydrogenPipelineOnshore_lowP
	 - Adding Compressor hydrogen_Compressor_hydrogenPipelineOnshore_highP_hydrogenPipelineOnshore_highP
	 - Adding Compressor hydrogen_Compressor_hydrogenPipelineOnshore_highP_Storage_H2_highP
	 - Adding Compressor hydrogen_Compressor_hydrogenPipelineOnshore_highP_Demand
	 - Adding Compressor hydrogen_Compressor_Electrolyzer_big_hydrogenPipelineOnshore_lowP
	 - Adding Compressor hydrogen_Compressor_Electrolyzer_big_hydrogenPipelineOnshore_highP
	 - Adding Compressor hydrogen_Compressor_Electrolyzer_big_Storage_H2_highP
	 - Adding Compressor hydrogen_Compressor_Electrolyzer_big_Demand
	 - Adding Compressor hydrogen_Compressor_Storage_H2_highP_hydrogenPipelineOnshore_lowP
	 - Adding Compressor hydrogen_Compressor_Storage_H2_highP_hydrogenPipelineOnshore_highP
	 - Adding Compressor hydrogen_Compressor_Storage_H2_highP_Storage_H2_highP
	 - Adding Compressor hydrogen_Compressor_Storage_H2_highP_Demand
	 - Adding Compressor hydrogen_Compressor_Import_hydrogenPipelineOnshore_lowP
	 - Adding Compressor hydrogen_Compressor_Import_hydrogenPipelineOnshore_highP
	 - Adding Compressor hydrogen_Compressor_Import_Storage_H2_highP
	 - Adding Compressor hydrogen_Compressor_Import_Demand_existing
	 - Adding Technology Electrolyzer_big
			gdp.bigm Transformation...
			gdp.bigm Transformation completed in 0 s
	 - Adding Technology Storage_H2_highP
			gdp.bigm Transformation...
			gdp.bigm Transformation completed in 4 s
	 - Adding Compressor hydrogen_Compressor_hydrogenPipelineOnshore_lowP_hydrogenPipelineOnshore_lowP
	 - Adding Compressor hydrogen_Compressor_hydrogenPipelineOnshore_lowP_hydrogenPipelineOnshore_highP
	 - Adding Compressor hydrogen_Compressor_hydrogenPipelineOnshore_lowP_Storage_H2_highP
	 - Adding Compressor hydrogen_Compressor_hydrogenPipelineOnshore_lowP_Demand
	 - Adding Compressor hydrogen_Compressor_hydrogenPipelineOnshore_highP_hydrogenPipelineOnshore_lowP
	 - Adding Compressor hydrogen_Compressor_hydrogenPipelineOnshore_highP_hydrogenPipelineOnshore_highP
	 - Adding Compressor hydrogen_Compressor_hydrogenPipelineOnshore_highP_Storage_H2_highP
	 - Adding Compressor hydrogen_Compressor_hydrogenPipelineOnshore_highP_Demand
	 - Adding Compressor hydrogen_Compressor_Electrolyzer_big_hydrogenPipelineOnshore_lowP
	 - Adding Compressor hydrogen_Compressor_Electrolyzer_big_hydrogenPipelineOnshore_highP
	 - Adding Compressor hydrogen_Compressor_Electrolyzer_big_Storage_H2_highP
	 - Adding Compressor hydrogen_Compressor_Electrolyzer_big_Demand
	 - Adding Compressor hydrogen_Compressor_Storage_H2_highP_hydrogenPipelineOnshore_lowP
	 - Adding Compressor hydrogen_Compressor_Storage_H2_highP_hydrogenPipelineOnshore_highP
	 - Adding Compressor hydrogen_Compressor_Storage_H2_highP_Storage_H2_highP
	 - Adding Compressor hydrogen_Compressor_Storage_H2_highP_Demand
	 - Adding Compressor hydrogen_Compressor_Import_hydrogenPipelineOnshore_lowP
	 - Adding Compressor hydrogen_Compressor_Import_hydrogenPipelineOnshore_highP
	 - Adding Compressor hydrogen_Compressor_Import_Storage_H2_highP
	 - Adding Compressor hydrogen_Compressor_Import_Demand_existing
	 - Adding Technology Electrolyzer_small
	 - Adding Technology Storage_H2_lowP
			gdp.bigm Transformation...
			gdp.bigm Transformation completed in 4 s
	 - Adding Compressor hydrogen_Compressor_hydrogenPipelineOnshore_lowP_hydrogenPipelineOnshore_lowP
	 - Adding Compressor hydrogen_Compressor_hydrogenPipelineOnshore_lowP_hydrogenPipelineOnshore_highP
	 - Adding Compressor hydrogen_Compressor_hydrogenPipelineOnshore_lowP_Storage_H2_lowP
	 - Adding Compressor hydrogen_Compressor_hydrogenPipelineOnshore_lowP_Demand
	 - Adding Compressor hydrogen_Compressor_hydrogenPipelineOnshore_highP_hydrogenPipelineOnshore_lowP
	 - Adding Compressor hydrogen_Compressor_hydrogenPipelineOnshore_highP_hydrogenPipelineOnshore_highP
	 - Adding Compressor hydrogen_Compressor_hydrogenPipelineOnshore_highP_Storage_H2_lowP
	 - Adding Compressor hydrogen_Compressor_hydrogenPipelineOnshore_highP_Demand
	 - Adding Compressor hydrogen_Compressor_Electrolyzer_small_hydrogenPipelineOnshore_lowP
	 - Adding Compressor hydrogen_Compressor_Electrolyzer_small_hydrogenPipelineOnshore_highP
	 - Adding Compressor hydrogen_Compressor_Electrolyzer_small_Storage_H2_lowP
	 - Adding Compressor hydrogen_Compressor_Electrolyzer_small_Demand
	 - Adding Compressor hydrogen_Compressor_Storage_H2_lowP_hydrogenPipelineOnshore_lowP
	 - Adding Compressor hydrogen_Compressor_Storage_H2_lowP_hydrogenPipelineOnshore_highP
	 - Adding Compressor hydrogen_Compressor_Storage_H2_lowP_Storage_H2_lowP
	 - Adding Compressor hydrogen_Compressor_Storage_H2_lowP_Demand
	 - Adding Technology Electrolyzer_small
	 - Adding Technology Storage_H2_lowP
			gdp.bigm Transformation...
			gdp.bigm Transformation completed in 4 s
	 - Adding Compressor hydrogen_Compressor_hydrogenPipelineOnshore_lowP_hydrogenPipelineOnshore_lowP
	 - Adding Compressor hydrogen_Compressor_hydrogenPipelineOnshore_lowP_hydrogenPipelineOnshore_highP
	 - Adding Compressor hydrogen_Compressor_hydrogenPipelineOnshore_lowP_Storage_H2_lowP
	 - Adding Compressor hydrogen_Compressor_hydrogenPipelineOnshore_lowP_Demand
	 - Adding Compressor hydrogen_Compressor_hydrogenPipelineOnshore_highP_hydrogenPipelineOnshore_lowP
	 - Adding Compressor hydrogen_Compressor_hydrogenPipelineOnshore_highP_hydrogenPipelineOnshore_highP
	 - Adding Compressor hydrogen_Compressor_hydrogenPipelineOnshore_highP_Storage_H2_lowP
	 - Adding Compressor hydrogen_Compressor_hydrogenPipelineOnshore_highP_Demand
	 - Adding Compressor hydrogen_Compressor_Electrolyzer_small_hydrogenPipelineOnshore_lowP
	 - Adding Compressor hydrogen_Compressor_Electrolyzer_small_hydrogenPipelineOnshore_highP
	 - Adding Compressor hydrogen_Compressor_Electrolyzer_small_Storage_H2_lowP
	 - Adding Compressor hydrogen_Compressor_Electrolyzer_small_Demand
	 - Adding Compressor hydrogen_Compressor_Storage_H2_lowP_hydrogenPipelineOnshore_lowP
	 - Adding Compressor hydrogen_Compressor_Storage_H2_lowP_hydrogenPipelineOnshore_highP
	 - Adding Compressor hydrogen_Compressor_Storage_H2_lowP_Storage_H2_lowP
	 - Adding Compressor hydrogen_Compressor_Storage_H2_lowP_Demand
	 - Adding Technology Electrolyzer_small
	 - Adding Technology Storage_H2_lowP
			gdp.bigm Transformation...
			gdp.bigm Transformation completed in 4 s
	 - Adding Compressor hydrogen_Compressor_hydrogenPipelineOnshore_lowP_hydrogenPipelineOnshore_lowP
	 - Adding Compressor hydrogen_Compressor_hydrogenPipelineOnshore_lowP_hydrogenPipelineOnshore_highP
	 - Adding Compressor hydrogen_Compressor_hydrogenPipelineOnshore_lowP_Storage_H2_lowP
	 - Adding Compressor hydrogen_Compressor_hydrogenPipelineOnshore_lowP_Demand
	 - Adding Compressor hydrogen_Compressor_hydrogenPipelineOnshore_highP_hydrogenPipelineOnshore_lowP
	 - Adding Compressor hydrogen_Compressor_hydrogenPipelineOnshore_highP_hydrogenPipelineOnshore_highP
	 - Adding Compressor hydrogen_Compressor_hydrogenPipelineOnshore_highP_Storage_H2_lowP
	 - Adding Compressor hydrogen_Compressor_hydrogenPipelineOnshore_highP_Demand
	 - Adding Compressor hydrogen_Compressor_Electrolyzer_small_hydrogenPipelineOnshore_lowP
	 - Adding Compressor hydrogen_Compressor_Electrolyzer_small_hydrogenPipelineOnshore_highP
	 - Adding Compressor hydrogen_Compressor_Electrolyzer_small_Storage_H2_lowP
	 - Adding Compressor hydrogen_Compressor_Electrolyzer_small_Demand
	 - Adding Compressor hydrogen_Compressor_Storage_H2_lowP_hydrogenPipelineOnshore_lowP
	 - Adding Compressor hydrogen_Compressor_Storage_H2_lowP_hydrogenPipelineOnshore_highP
	 - Adding Compressor hydrogen_Compressor_Storage_H2_lowP_Storage_H2_lowP
	 - Adding Compressor hydrogen_Compressor_Storage_H2_lowP_Demand
	 - Adding Technology Electrolyzer_small
	 - Adding Technology Storage_H2_lowP
			gdp.bigm Transformation...
			gdp.bigm Transformation completed in 4 s
	 - Adding Compressor hydrogen_Compressor_hydrogenPipelineOnshore_lowP_hydrogenPipelineOnshore_lowP
	 - Adding Compressor hydrogen_Compressor_hydrogenPipelineOnshore_lowP_hydrogenPipelineOnshore_highP
	 - Adding Compressor hydrogen_Compressor_hydrogenPipelineOnshore_lowP_Storage_H2_lowP
	 - Adding Compressor hydrogen_Compressor_hydrogenPipelineOnshore_lowP_Demand
	 - Adding Compressor hydrogen_Compressor_hydrogenPipelineOnshore_highP_hydrogenPipelineOnshore_lowP
	 - Adding Compressor hydrogen_Compressor_hydrogenPipelineOnshore_highP_hydrogenPipelineOnshore_highP
	 - Adding Compressor hydrogen_Compressor_hydrogenPipelineOnshore_highP_Storage_H2_lowP
	 - Adding Compressor hydrogen_Compressor_hydrogenPipelineOnshore_highP_Demand
	 - Adding Compressor hydrogen_Compressor_Electrolyzer_small_hydrogenPipelineOnshore_lowP
	 - Adding Compressor hydrogen_Compressor_Electrolyzer_small_hydrogenPipelineOnshore_highP
	 - Adding Compressor hydrogen_Compressor_Electrolyzer_small_Storage_H2_lowP
	 - Adding Compressor hydrogen_Compressor_Electrolyzer_small_Demand
	 - Adding Compressor hydrogen_Compressor_Storage_H2_lowP_hydrogenPipelineOnshore_lowP
	 - Adding Compressor hydrogen_Compressor_Storage_H2_lowP_hydrogenPipelineOnshore_highP
	 - Adding Compressor hydrogen_Compressor_Storage_H2_lowP_Storage_H2_lowP
	 - Adding Compressor hydrogen_Compressor_Storage_H2_lowP_Demand
	 - Adding Technology Storage_H2_Cavern_existing
			gdp.bigm Transformation...
			gdp.bigm Transformation completed in 4 s
	 - Adding Compressor hydrogen_Compressor_hydrogenPipelineOnshore_lowP_hydrogenPipelineOnshore_lowP
	 - Adding Compressor hydrogen_Compressor_hydrogenPipelineOnshore_lowP_hydrogenPipelineOnshore_highP
	 - Adding Compressor hydrogen_Compressor_hydrogenPipelineOnshore_lowP_Storage_H2_Cavern_existing
	 - Adding Compressor hydrogen_Compressor_hydrogenPipelineOnshore_highP_hydrogenPipelineOnshore_lowP
	 - Adding Compressor hydrogen_Compressor_hydrogenPipelineOnshore_highP_hydrogenPipelineOnshore_highP
	 - Adding Compressor hydrogen_Compressor_hydrogenPipelineOnshore_highP_Storage_H2_Cavern_existing
	 - Adding Compressor hydrogen_Compressor_Storage_H2_Cavern_existing_hydrogenPipelineOnshore_lowP
	 - Adding Compressor hydrogen_Compressor_Storage_H2_Cavern_existing_hydrogenPipelineOnshore_highP
	 - Adding Compressor hydrogen_Compressor_Storage_H2_Cavern_existing_Storage_H2_Cavern_existing_existing
Constructing model completed in 615s
Constructing balances...
Constructing balances completed in 19s
Set objective on infrastructure due to willingness to pay
Set parameter OutputFlag to value 1
Set parameter LogFile to value "/gpfs/home3/scur1696/AdOpT-NET0-RegToNation/generic_node_optimization/results/parallel_creation_test_20251123_162207/parallel_run_0009/userData/20251123170601-1/solver_log.txt"
Solver log file: /gpfs/home3/scur1696/AdOpT-NET0-RegToNation/generic_node_optimization/results/parallel_creation_test_20251123_162207/parallel_run_0009/userData/20251123170601-1/solver_log.txt
Set parameter TimeLimit to value 180000
Set parameter MIPGap to value 0.01
Set parameter MIPFocus to value 0
Set parameter Threads to value 8
Set parameter NodefileStart to value 60
Set parameter Method to value -1
Set parameter Heuristics to value 0.05
Set parameter Presolve to value 1
Set parameter BranchDir to value 0
Set parameter LPWarmStart to value 0
Set parameter IntFeasTol to value 1e-05
Set parameter FeasibilityTol to value 1e-06
Set parameter Cuts to value -1
Set parameter NumericFocus to value 0
Gurobi Optimizer version 13.0.0 build v13.0.0rc1 (linux64 - "Red Hat Enterprise Linux 9.4 (Plow)")

CPU model: AMD EPYC 9654 96-Core Processor, instruction set [SSE2|AVX|AVX2|AVX512]
Thread count: 192 physical cores, 192 logical processors, using up to 8 threads

Non-default parameters:
TimeLimit  180000
MIPGap  0.01
LPWarmStart  0
NodefileStart  60
Presolve  1
Threads  8

Academic license 2729390 - for non-commercial use only - registered to m.___@uu.nl
Optimize a model with 9050179 rows, 6728544 columns and 21385595 nonzeros (Min)
Model fingerprint: 0x79720cc2
Model has 1 linear objective coefficients
Variable types: 5869892 continuous, 858652 integer (858652 binary)
Coefficient statistics:
  Matrix range     [2e-03, 2e+08]
  Objective range  [1e+00, 1e+00]
  Bounds range     [5e-02, 6e+08]
  RHS range        [1e+00, 7e+09]
Warning: Model contains large matrix coefficients
Warning: Model contains large rhs
         Consider reformulating model or setting NumericFocus parameter
         to avoid numerical issues.
Gurobi Optimizer version 13.0.0 build v13.0.0rc1 (linux64 - "Red Hat Enterprise Linux 9.4 (Plow)")

CPU model: AMD EPYC 9654 96-Core Processor, instruction set [SSE2|AVX|AVX2|AVX512]
Thread count: 192 physical cores, 192 logical processors, using up to 8 threads

Non-default parameters:
TimeLimit  180000
MIPGap  0.01
LPWarmStart  0
NodefileStart  60
Presolve  1
Threads  8

Academic license 2729390 - for non-commercial use only - registered to m.___@uu.nl
Optimize a model with 9050179 rows, 6728544 columns and 21385595 nonzeros (Min)
Model fingerprint: 0xa84ca6d3
Model has 1 linear objective coefficients
Variable types: 5869892 continuous, 858652 integer (858652 binary)
Coefficient statistics:
  Matrix range     [2e-03, 2e+08]
  Objective range  [1e+00, 1e+00]
  Bounds range     [5e-02, 6e+08]
  RHS range        [1e+00, 7e+09]
Warning: Model contains large matrix coefficients
Warning: Model contains large rhs
         Consider reformulating model or setting NumericFocus parameter
         to avoid numerical issues.
Presolve removed 5361748 rows and 3924941 columns (presolve time = 5s)...
Presolve removed 5361748 rows and 3924941 columns (presolve time = 5s)...
Presolve removed 5528318 rows and 4082751 columns (presolve time = 10s)...
Presolve removed 5528318 rows and 4082751 columns (presolve time = 10s)...
Presolve removed 5528318 rows and 4082751 columns (presolve time = 15s)...
Presolve removed 5528318 rows and 4082751 columns (presolve time = 15s)...
Presolve removed 5528318 rows and 4082751 columns (presolve time = 20s)...
Presolve removed 5528318 rows and 4082751 columns (presolve time = 20s)...
Presolve removed 5528318 rows and 4082751 columns (presolve time = 26s)...
  363828    1.1841245e+08   0.000000e+00   1.037948e+05   2122s
Presolve removed 5528318 rows and 4082751 columns (presolve time = 26s)...
Presolve removed 5545992 rows and 4161654 columns (presolve time = 30s)...
Presolve removed 5545992 rows and 4161654 columns (presolve time = 30s)...
Presolve removed 5554871 rows and 4161696 columns (presolve time = 35s)...
Presolve removed 5554871 rows and 4161696 columns (presolve time = 35s)...
Presolve removed 5554871 rows and 4161696 columns (presolve time = 41s)...
Presolve removed 5554871 rows and 4161696 columns
Presolve time: 41.36s
Presolved: 3495308 rows, 2566848 columns, 11519714 nonzeros
Presolve removed 5554871 rows and 4161696 columns (presolve time = 40s)...
Presolve removed 5554871 rows and 4161696 columns
Presolve time: 41.03s
Presolved: 3495308 rows, 2566848 columns, 11519714 nonzeros
Variable types: 2137564 continuous, 429284 integer (429284 binary)
Variable types: 2137564 continuous, 429284 integer (429284 binary)
  364658    1.1841245e+08   0.000000e+00   1.004072e+05   2156s
Found heuristic solution: objective 1.255760e+08
Deterministic concurrent LP optimizer: primal simplex, dual simplex, and barrier
Showing barrier log only...

Root barrier log...

Ordering time: 2.80s

Barrier statistics:
 Dense cols : 103
 AA' NZ     : 1.544e+07
 Factor NZ  : 6.624e+07 (roughly 2.6 GB of memory)
 Factor Ops : 4.369e+09 (less than 1 second per iteration)
 Threads    : 5

                  Objective                Residual
Iter       Primal          Dual         Primal    Dual     Compl     Time
   0   7.57846832e+09 -2.54200902e+11  2.22e+09 7.83e+00  4.13e+07    83s
   1   8.23582442e+09 -5.70408592e+11  2.15e+09 5.42e+01  3.91e+07    85s
   2   5.70004493e+09 -4.50443212e+11  1.24e+09 5.62e-01  2.27e+07    88s
Deterministic concurrent LP optimizer: primal simplex, dual simplex, and barrier
Showing barrier log only...

Root barrier log...

   3   3.16856125e+09 -3.78183024e+11  1.97e+08 1.01e-05  3.78e+06    90s
   4   2.99138968e+09 -2.90707077e+11  3.41e+06 1.95e-06  1.08e+05    92s
   5   2.99838779e+09 -2.38394397e+11  1.41e+06 2.03e-06  6.12e+04    93s
Ordering time: 2.83s

Barrier statistics:
 Dense cols : 103
 AA' NZ     : 1.544e+07
 Factor NZ  : 6.624e+07 (roughly 2.6 GB of memory)
 Factor Ops : 4.369e+09 (less than 1 second per iteration)
 Threads    : 6
   6   2.99697202e+09 -1.37608525e+11  6.74e+05 5.35e-04  3.07e+04    95s

                  Objective                Residual
Iter       Primal          Dual         Primal    Dual     Compl     Time
   0   7.31908860e+09 -2.61657983e+11  1.78e+09 7.10e+00  4.32e+07   101s
   7   2.87151181e+09 -1.13902307e+11  2.59e+05 7.10e-04  2.10e+04    97s
   1   7.94978185e+09 -5.83040429e+11  1.73e+09 4.97e+01  4.10e+07   102s
   8   2.79156481e+09 -2.71161661e+10  2.36e+04 7.08e-04  4.71e+03    99s
   2   5.58401213e+09 -4.44889761e+11  1.05e+09 2.21e+00  2.53e+07   104s
   9   2.70052553e+09 -1.31754336e+10  1.12e+04 3.68e-08  2.47e+03   101s
  365488    1.1841245e+08   0.000000e+00   8.826186e+04   2194s
   3   2.86376072e+09 -3.77571355e+11  1.69e+08 1.52e-05  4.26e+06   107s
  10   2.46565061e+09 -7.48758845e+09  3.47e+03 2.19e-08  1.53e+03   103s
   4   2.61574035e+09 -2.99997717e+11  7.92e+06 5.14e-06  2.39e+05   109s
  11   2.44260778e+09 -7.15694042e+09  3.33e+03 2.12e-08  1.48e+03   105s
  12   2.32035770e+09 -5.35026679e+09  2.82e+03 1.63e-08  1.18e+03   106s
   5   2.63048098e+09 -1.36320833e+11  9.68e+05 3.00e-07  4.01e+04   111s
  13   1.58073498e+09 -4.73071388e+09  1.28e+03 1.43e-08  9.68e+02   108s
   6   2.63231311e+09 -2.72889444e+10  5.99e+04 4.80e-07  5.19e+03   113s
  14   7.10022489e+08 -2.43094545e+09  2.46e+02 7.21e-09  4.81e+02   109s
   7   2.60375094e+09 -1.72722705e+10  9.71e-07 1.25e-05  3.04e+03   115s
  15   4.87656075e+08 -9.83650337e+08  1.40e+02 2.86e-09  2.25e+02   111s
   8   2.38435866e+09 -1.13078596e+10  2.04e-07 8.33e-06  2.10e+03   116s
  16   4.20400157e+08 -3.70526445e+08  1.16e+02 1.16e-09  1.21e+02   113s
   9   1.49076389e+09 -5.78842332e+09  4.52e-06 4.11e-06  1.11e+03   118s
  17   3.89589031e+08 -1.96788369e+08  1.06e+02 8.29e-10  8.98e+01   115s
  10   9.88879737e+08 -3.45145691e+09  3.10e-06 2.54e-06  6.79e+02   120s
  18   2.61424897e+08 -6.79031270e+07  5.68e+01 1.28e-09  5.04e+01   117s
  11   9.37057492e+08 -2.90088135e+09  2.53e-06 2.21e-06  5.87e+02   122s
  19   2.22477563e+08 -1.48466808e+07  4.41e+01 8.59e-10  3.63e+01   119s
  12   6.36054314e+08 -2.71544119e+09  9.40e-07 2.05e-06  5.13e+02   123s
  20   2.05075542e+08  1.08427906e+07  3.82e+01 4.80e-10  2.97e+01   120s
  13   4.40309570e+08 -1.78567588e+09  7.85e-07 1.47e-06  3.41e+02   125s
  21   2.00558086e+08  1.95453648e+07  3.67e+01 4.22e-10  2.77e+01   122s
  14   2.96753379e+08 -8.50962373e+08  4.37e-07 7.03e-07  1.76e+02   127s
  22   1.97695727e+08  3.74955674e+07  3.53e+01 4.69e-10  2.45e+01   123s
  15   2.60036920e+08 -4.42591522e+08  4.86e-07 4.04e-07  1.08e+02   129s
  23   1.68939578e+08  5.42295670e+07  1.99e+01 5.02e-10  1.76e+01   126s
  16   2.31709017e+08 -1.25802293e+08  3.07e-07 1.12e-07  5.47e+01   131s
  17   1.54797134e+08 -4.65853040e+07  9.34e-07 6.07e-08  3.08e+01   133s
  24   1.62128754e+08  9.62928677e+07  1.71e+01 6.10e-10  1.01e+01   130s
  18   1.25700379e+08 -1.18915000e+07  1.28e-06 3.40e-08  2.11e+01   135s
  19   1.14131079e+08 -2.50013184e+06  9.61e-07 2.68e-08  1.78e+01   137s
  366318    1.1841245e+08   0.000000e+00   5.336075e+04   2225s
  25   1.37969347e+08  1.05896804e+08  7.95e+00 1.50e-06  4.91e+00   133s
  20   1.11338382e+08 -6.41283140e+05  1.01e-06 2.55e-08  1.71e+01   138s
  26   1.34017998e+08  1.08006197e+08  6.47e+00 4.14e-07  3.98e+00   136s
  21   1.10050821e+08  3.37055973e+05  9.92e-07 2.50e-08  1.68e+01   140s
  27   1.29931670e+08  1.11327365e+08  5.04e+00 3.54e-10  2.85e+00   138s
  22   1.08980509e+08  4.93771437e+06  9.62e-07 2.27e-08  1.59e+01   142s
  28   1.26685530e+08  1.13681239e+08  3.73e+00 5.03e-10  1.99e+00   140s
  23   1.00129602e+08  2.35364770e+07  7.11e-07 1.54e-08  1.17e+01   146s
  29   1.23866036e+08  1.13939087e+08  2.68e+00 2.97e-10  1.52e+00   142s
  30   1.23144703e+08  1.15070323e+08  2.42e+00 3.35e-10  1.24e+00   144s
  24   7.81944374e+07  4.75743517e+07  1.70e-07 3.73e-09  4.69e+00   149s
  31   1.22820799e+08  1.15319624e+08  2.32e+00 4.70e-10  1.15e+00   146s
  32   1.18692421e+08  1.16055616e+08  7.36e-01 7.35e-10  4.07e-01   149s
  25   7.50671395e+07  5.01582445e+07  2.16e-07 2.65e-09  3.81e+00   153s
  33   1.17166550e+08  1.16364894e+08  2.00e-01 5.67e-10  1.24e-01   151s
  26   7.41910768e+07  5.09487072e+07  1.64e-07 2.50e-09  3.56e+00   155s
  34   1.16771670e+08  1.16472544e+08  6.87e-02 8.15e-10  4.63e-02   154s
  27   7.33189420e+07  5.12954289e+07  5.87e-08 2.59e-09  3.37e+00   158s
  28   7.08119532e+07  5.33939802e+07  2.24e-08 2.15e-09  2.67e+00   160s
  35   1.16633350e+08  1.16511473e+08  2.48e-02 3.35e-10  1.89e-02   157s
  36   1.16604578e+08  1.16527668e+08  1.58e-02 3.17e-10  1.19e-02   158s
  29   6.94185998e+07  5.53191178e+07  1.51e-07 1.98e-09  2.16e+00   163s
  367148    1.1841245e+08   0.000000e+00   2.204641e+04   2251s
  37   1.16582736e+08  1.16537170e+08  9.27e-03 2.72e-10  7.07e-03   159s
  38   1.16570970e+08  1.16542292e+08  5.79e-03 4.01e-10  4.45e-03   161s
  30   6.36413612e+07  5.61660638e+07  6.80e-08 1.05e-09  1.14e+00   166s
  39   1.16564311e+08  1.16544870e+08  3.86e-03 5.81e-10  3.02e-03   162s
  40   1.16558743e+08  1.16547292e+08  2.24e-03 5.49e-10  1.78e-03   164s
  41   1.16555602e+08  1.16548605e+08  1.31e-03 3.17e-10  1.09e-03   165s
  42   1.16553289e+08  1.16549634e+08  6.46e-04 5.66e-10  5.68e-04   166s
  43   1.16552117e+08  1.16550294e+08  3.23e-04 3.07e-08  2.83e-04   168s
  31   6.16882799e+07  5.62573900e+07  9.09e-07 2.68e-09  8.31e-01   172s
  44   1.16551449e+08  1.16550576e+08  1.45e-04 3.17e-10  1.36e-04   169s
  45   1.16551061e+08  1.16550719e+08  4.18e-05 5.49e-10  5.31e-05   171s
  46   1.16550951e+08  1.16550817e+08  1.62e-05 3.73e-10  2.08e-05   173s
  47   1.16550913e+08  1.16550859e+08  7.70e-06 8.96e-08  8.49e-06   174s
  32   6.10925083e+07  5.67830236e+07  1.91e-06 1.75e-09  6.59e-01   180s
  48   1.16550891e+08  1.16550872e+08  3.02e-06 3.18e-08  2.86e-06   177s
  49   1.16550882e+08  1.16550878e+08  1.16e-07 2.42e-09  6.66e-07   178s
  50   1.16550879e+08  1.16550878e+08  1.78e-07 3.17e-10  8.12e-08   180s
  51   1.16550879e+08  1.16550879e+08  9.23e-07 2.71e-09  1.55e-08   183s
  33   6.09013957e+07  5.71132812e+07  2.50e-06 2.59e-10  5.80e-01   188s
  52   1.16550879e+08  1.16550879e+08  1.62e-07 4.60e-09  1.36e-09   185s

Barrier solved model in 52 iterations and 185.19 seconds (139.87 work units)
Optimal objective 1.16550879e+08


Root crossover log...

  367978    1.1841245e+08   0.000000e+00   1.868215e+04   2279s
  377162 DPushes remaining with DInf 0.0000000e+00               187s
  34   5.97340669e+07  5.74739397e+07  1.33e-07 2.40e-10  3.46e-01   192s
  144149 DPushes remaining with DInf 0.0000000e+00               194s
  35   5.91182959e+07  5.78816392e+07  1.03e-05 9.31e-10  1.89e-01   198s
   88680 DPushes remaining with DInf 0.0000000e+00               196s
   35047 DPushes remaining with DInf 0.0000000e+00               201s
Warning: Markowitz tolerance tightened to 0.5

  133584 PPushes remaining with PInf 1.5203877e-02               201s
  36   5.89067541e+07  5.80114153e+07  1.40e-05 5.82e-10  1.37e-01   205s
   36015 PPushes remaining with PInf 0.0000000e+00               205s
  37   5.88801478e+07  5.80449767e+07  1.23e-05 6.64e-10  1.28e-01   212s
   21728 PPushes remaining with PInf 0.0000000e+00               210s
  38   5.88480285e+07  5.80988867e+07  2.04e-05 8.15e-10  1.15e-01   217s
  368808    1.1841245e+08   0.000000e+00   1.525311e+04   2307s
   12918 PPushes remaining with PInf 0.0000000e+00               216s
  39   5.87744102e+07  5.81244389e+07  2.19e-05 2.44e-09  9.95e-02   221s
    5910 PPushes remaining with PInf 0.0000000e+00               221s
  40   5.86904288e+07  5.82124595e+07  1.92e-05 5.08e-10  7.31e-02   226s
       0 PPushes remaining with PInf 2.5539671e-01               225s

  Push phase complete: Pinf 2.5539671e-01, Dinf 8.4272268e+05    225s


Root simplex log...

Iteration    Objective       Primal Inf.    Dual Inf.      Time
  453804    1.1655088e+08   0.000000e+00   8.427227e+05    226s
  41   5.85861843e+07  5.82215141e+07  1.93e-05 3.72e-10  5.58e-02   233s
  454054    1.1655088e+08   0.000000e+00   1.342912e+06    231s
  454304    1.1655088e+08   0.000000e+00   1.342912e+06    237s
  42   5.85384524e+07  5.82745498e+07  1.69e-05 5.82e-10  4.04e-02   244s
  369638    1.1841245e+08   0.000000e+00   1.403079e+04   2334s
  454554    1.1655088e+08   0.000000e+00   1.614115e+06    243s
  454804    1.1655088e+08   0.000000e+00   1.613981e+06    249s
  43   5.84305945e+07  5.82919254e+07  1.01e-05 1.05e-09  2.12e-02   254s
  455064    1.1655088e+08   0.000000e+00   1.342915e+06    255s
  44   5.83509555e+07  5.83009486e+07  3.47e-06 6.93e-10  7.65e-03   259s
  45   5.83245619e+07  5.83043019e+07  1.35e-06 5.49e-10  3.10e-03   263s
  455324    1.1655088e+08   0.000000e+00   1.573377e+06    261s
  46   5.83139752e+07  5.83058251e+07  5.22e-07 4.27e-10  1.25e-03   266s
  47   5.83113948e+07  5.83061591e+07  3.26e-07 3.79e-10  8.01e-04   268s
  48   5.83097505e+07  5.83064394e+07  2.01e-07 3.60e-10  5.07e-04   270s
  455584    1.1655088e+08   0.000000e+00   6.223089e+05    267s
  370468    1.1841245e+08   0.000000e+00   1.140263e+04   2361s
  49   5.83086386e+07  5.83066684e+07  1.45e-07 6.98e-10  3.01e-04   274s
  455844    1.1655088e+08   0.000000e+00   9.547071e+05    272s
  50   5.83080699e+07  5.83067844e+07  1.20e-07 3.33e-10  1.97e-04   278s
  456104    1.1655088e+08   0.000000e+00   1.188611e+06    277s
  51   5.83076273e+07  5.83068823e+07  5.44e-08 5.36e-10  1.14e-04   282s
  52   5.83074502e+07  5.83069296e+07  7.48e-08 6.98e-10  7.97e-05   287s
  456364    1.1655088e+08   0.000000e+00   1.888517e+06    283s
  53   5.83073393e+07  5.83069706e+07  7.60e-08 3.47e-10  5.64e-05   292s
  456624    1.1655088e+08   0.000000e+00   8.069491e+05    289s
  54   5.83072234e+07  5.83069971e+07  6.68e-08 6.98e-10  3.46e-05   298s
  456884    1.1655088e+08   0.000000e+00   1.853550e+06    294s
  371298    1.1841245e+08   0.000000e+00   1.422139e+04   2386s
  55   5.83071046e+07  5.83070186e+07  1.11e-07 4.66e-10  1.32e-05   302s
  457144    1.1655088e+08   0.000000e+00   5.502480e+05    300s
  56   5.83070597e+07  5.83070313e+07  9.66e-08 1.28e-09  4.35e-06   306s
  57   5.83070433e+07  5.83070346e+07  7.54e-08 5.48e-10  1.34e-06   309s
  457404    1.1655088e+08   0.000000e+00   6.352809e+05    306s
  58   5.83070379e+07  5.83070352e+07  2.18e-08 4.24e-10  4.05e-07   312s
  457664    1.1655088e+08   0.000000e+00   4.849494e+05    311s
  59   5.83070372e+07  5.83070353e+07  1.69e-07 5.88e-10  2.98e-07   316s
  60   5.83070358e+07  5.83070355e+07  9.53e-07 9.31e-10  4.66e-08   318s
  61   5.83070358e+07  5.83070357e+07  2.39e-07 4.62e-10  1.35e-08   320s
  457924    1.1655088e+08   0.000000e+00   7.156616e+05    316s
  62   5.83070358e+07  5.83070357e+07  3.25e-06 7.45e-09  1.69e-09   322s

Barrier solved model in 62 iterations and 321.60 seconds (232.48 work units)
Optimal objective 5.83070358e+07


Root crossover log...

  233300 DPushes remaining with DInf 1.0217075e-05               323s
  372128    1.1841245e+08   0.000000e+00   1.016034e+04   2412s
   69837 DPushes remaining with DInf 0.0000000e+00               325s
  458184    1.1655088e+08   0.000000e+00   1.074687e+06    322s
       0 DPushes remaining with DInf 0.0000000e+00               328s
Warning: Markowitz tolerance tightened to 0.5

  178009 PPushes remaining with PInf 3.2342571e-06               328s
   52547 PPushes remaining with PInf 3.2342571e-06               330s
  458444    1.1655088e+08   0.000000e+00   1.073370e+06    327s
   25620 PPushes remaining with PInf 0.0000000e+00               335s
  458704    1.1655088e+08   0.000000e+00   1.072098e+06    332s
   10954 PPushes remaining with PInf 0.0000000e+00               340s
  458964    1.1655088e+08   0.000000e+00   8.559503e+05    338s
    3049 PPushes remaining with PInf 0.0000000e+00               345s
  459224    1.1655088e+08   0.000000e+00   4.505406e+05    343s
       0 PPushes remaining with PInf 0.0000000e+00               347s

  Push phase complete: Pinf 0.0000000e+00, Dinf 1.9000263e-09    348s


Root simplex log...

Iteration    Objective       Primal Inf.    Dual Inf.      Time
  370276    5.8307036e+07   0.000000e+00   0.000000e+00    348s
Crossover time: 26.44 seconds (21.48 work units)
Concurrent spin time: 0.03s

Solved with barrier
  370276    5.8307036e+07   0.000000e+00   0.000000e+00    350s

Root relaxation: objective 5.830704e+07, 370276 iterations, 263.99 seconds (183.30 work units)
  372958    1.1841245e+08   0.000000e+00   6.678981e+03   2439s
  459484    1.1655088e+08   0.000000e+00   5.525451e+05    348s
  459744    1.1655088e+08   0.000000e+00   3.725268e+05    353s
  460004    1.1655088e+08   0.000000e+00   4.043500e+05    358s
  460264    1.1655088e+08   0.000000e+00   2.032607e+05    364s
  460524    1.1655088e+08   0.000000e+00   1.543155e+05    369s
  373788    1.1841245e+08   0.000000e+00   4.526183e+03   2463s
  460794    1.1655088e+08   0.000000e+00   1.162998e+05    374s
  461064    1.1655088e+08   0.000000e+00   6.942773e+04    380s
  461324    1.1655088e+08   0.000000e+00   3.965354e+04    385s
  461584    1.1655088e+08   0.000000e+00   8.834698e+02    390s
  461944    1.1655088e+08   0.000000e+00   1.723935e+00    397s
  374618    1.1841245e+08   0.000000e+00   4.215297e+03   2490s

    Nodes    |    Current Node    |     Objective Bounds      |     Work
 Expl Unexpl |  Obj  Depth IntInf | Incumbent    BestBd   Gap | It/Node Time

     0     0 5.8307e+07    0    5 1.2558e+08 5.8307e+07  53.6%     -  402s
  462074    1.1655088e+08   0.000000e+00   0.000000e+00    401s
Crossover time: 215.37 seconds (281.09 work units)
H    0     0                    5.835029e+07 5.8307e+07  0.07%     -  405s

Explored 1 nodes (484631 simplex iterations) in 406.16 seconds (303.63 work units)
Thread count was 8 (of 192 available processors)

Solution count 2: 5.83503e+07 1.25576e+08 

Optimal solution found (tolerance 1.00e-02)
Warning: max constraint violation (1.3825e-04) exceeds tolerance
Best objective 5.835028711544e+07, best bound 5.830703575865e+07, gap 0.0741%
Set parameter LogFile to value ""
  375448    1.1841245e+08   0.000000e+00   3.547446e+03   2516s
  [CONFIG] Gurobi default env configured: 8 threads per worker
--- Reading in data ---
Input data folder has been checked successfully - no errors occurred.
--- Reading in data complete ---
--- Constructing Model ---
Constructing Investment Period period1
Constructing Investment Period period1 completed
	 - Constructing Network hydrogenPipelineOnshore_lowP
			gdp.bigm Transformation...
			gdp.bigm Transformation completed in 0 s
		 - Constructing Arc BIG1 - BIG2 completed
			gdp.bigm Transformation...
			gdp.bigm Transformation completed in 0 s
		 - Constructing Arc BIG1 - SMALL1 completed
			gdp.bigm Transformation...
			gdp.bigm Transformation completed in 0 s
		 - Constructing Arc BIG1 - SMALL2 completed
			gdp.bigm Transformation...
			gdp.bigm Transformation completed in 0 s
		 - Constructing Arc BIG1 - SMALL3 completed
			gdp.bigm Transformation...
			gdp.bigm Transformation completed in 0 s
		 - Constructing Arc BIG1 - SMALL4 completed
			gdp.bigm Transformation...
			gdp.bigm Transformation completed in 0 s
		 - Constructing Arc BIG1 - STORAGE completed
			gdp.bigm Transformation...
			gdp.bigm Transformation completed in 0 s
		 - Constructing Arc BIG2 - BIG1 completed
			gdp.bigm Transformation...
			gdp.bigm Transformation completed in 0 s
		 - Constructing Arc BIG2 - SMALL1 completed
			gdp.bigm Transformation...
			gdp.bigm Transformation completed in 0 s
		 - Constructing Arc BIG2 - SMALL2 completed
			gdp.bigm Transformation...
			gdp.bigm Transformation completed in 0 s
		 - Constructing Arc BIG2 - SMALL3 completed
			gdp.bigm Transformation...
			gdp.bigm Transformation completed in 0 s
		 - Constructing Arc BIG2 - SMALL4 completed
			gdp.bigm Transformation...
			gdp.bigm Transformation completed in 0 s
		 - Constructing Arc BIG2 - STORAGE completed
			gdp.bigm Transformation...
			gdp.bigm Transformation completed in 0 s
		 - Constructing Arc SMALL1 - BIG1 completed
			gdp.bigm Transformation...
			gdp.bigm Transformation completed in 0 s
		 - Constructing Arc SMALL1 - BIG2 completed
			gdp.bigm Transformation...
			gdp.bigm Transformation completed in 0 s
		 - Constructing Arc SMALL1 - SMALL2 completed
			gdp.bigm Transformation...
			gdp.bigm Transformation completed in 0 s
		 - Constructing Arc SMALL1 - SMALL3 completed
			gdp.bigm Transformation...
			gdp.bigm Transformation completed in 0 s
		 - Constructing Arc SMALL1 - SMALL4 completed
			gdp.bigm Transformation...
			gdp.bigm Transformation completed in 0 s
		 - Constructing Arc SMALL1 - STORAGE completed
			gdp.bigm Transformation...
			gdp.bigm Transformation completed in 0 s
		 - Constructing Arc SMALL2 - BIG1 completed
			gdp.bigm Transformation...
			gdp.bigm Transformation completed in 0 s
		 - Constructing Arc SMALL2 - BIG2 completed
			gdp.bigm Transformation...
			gdp.bigm Transformation completed in 0 s
		 - Constructing Arc SMALL2 - SMALL1 completed
			gdp.bigm Transformation...
			gdp.bigm Transformation completed in 0 s
		 - Constructing Arc SMALL2 - SMALL3 completed
			gdp.bigm Transformation...
			gdp.bigm Transformation completed in 0 s
		 - Constructing Arc SMALL2 - SMALL4 completed
			gdp.bigm Transformation...
			gdp.bigm Transformation completed in 0 s
		 - Constructing Arc SMALL2 - STORAGE completed
			gdp.bigm Transformation...
			gdp.bigm Transformation completed in 0 s
		 - Constructing Arc SMALL3 - BIG1 completed
			gdp.bigm Transformation...
			gdp.bigm Transformation completed in 0 s
		 - Constructing Arc SMALL3 - BIG2 completed
			gdp.bigm Transformation...
			gdp.bigm Transformation completed in 0 s
		 - Constructing Arc SMALL3 - SMALL1 completed
			gdp.bigm Transformation...
			gdp.bigm Transformation completed in 0 s
		 - Constructing Arc SMALL3 - SMALL2 completed
			gdp.bigm Transformation...
			gdp.bigm Transformation completed in 0 s
		 - Constructing Arc SMALL3 - SMALL4 completed
			gdp.bigm Transformation...
			gdp.bigm Transformation completed in 0 s
		 - Constructing Arc SMALL3 - STORAGE completed
			gdp.bigm Transformation...
			gdp.bigm Transformation completed in 0 s
		 - Constructing Arc SMALL4 - BIG1 completed
			gdp.bigm Transformation...
			gdp.bigm Transformation completed in 0 s
		 - Constructing Arc SMALL4 - BIG2 completed
			gdp.bigm Transformation...
			gdp.bigm Transformation completed in 0 s
		 - Constructing Arc SMALL4 - SMALL1 completed
			gdp.bigm Transformation...
			gdp.bigm Transformation completed in 0 s
		 - Constructing Arc SMALL4 - SMALL2 completed
			gdp.bigm Transformation...
			gdp.bigm Transformation completed in 0 s
		 - Constructing Arc SMALL4 - SMALL3 completed
			gdp.bigm Transformation...
			gdp.bigm Transformation completed in 0 s
		 - Constructing Arc SMALL4 - STORAGE completed
			gdp.bigm Transformation...
			gdp.bigm Transformation completed in 0 s
		 - Constructing Arc STORAGE - BIG1 completed
			gdp.bigm Transformation...
			gdp.bigm Transformation completed in 0 s
		 - Constructing Arc STORAGE - BIG2 completed
			gdp.bigm Transformation...
			gdp.bigm Transformation completed in 0 s
		 - Constructing Arc STORAGE - SMALL1 completed
			gdp.bigm Transformation...
			gdp.bigm Transformation completed in 0 s
		 - Constructing Arc STORAGE - SMALL2 completed
			gdp.bigm Transformation...
			gdp.bigm Transformation completed in 0 s
		 - Constructing Arc STORAGE - SMALL3 completed
			gdp.bigm Transformation...
			gdp.bigm Transformation completed in 0 s
		 - Constructing Arc STORAGE - SMALL4 completed
	 - Constructing Network hydrogenPipelineOnshore_lowP completed
			gdp.bigm Transformation...
			gdp.bigm Transformation completed in 80 s
	 - Constructing Network hydrogenPipelineOnshore_highP
			gdp.bigm Transformation...
			gdp.bigm Transformation completed in 0 s
		 - Constructing Arc BIG1 - BIG2 completed
			gdp.bigm Transformation...
			gdp.bigm Transformation completed in 0 s
		 - Constructing Arc BIG1 - SMALL1 completed
			gdp.bigm Transformation...
			gdp.bigm Transformation completed in 0 s
		 - Constructing Arc BIG1 - SMALL2 completed
			gdp.bigm Transformation...
			gdp.bigm Transformation completed in 0 s
		 - Constructing Arc BIG1 - SMALL3 completed
			gdp.bigm Transformation...
			gdp.bigm Transformation completed in 0 s
		 - Constructing Arc BIG1 - SMALL4 completed
			gdp.bigm Transformation...
			gdp.bigm Transformation completed in 0 s
		 - Constructing Arc BIG1 - STORAGE completed
			gdp.bigm Transformation...
			gdp.bigm Transformation completed in 0 s
		 - Constructing Arc BIG2 - BIG1 completed
			gdp.bigm Transformation...
			gdp.bigm Transformation completed in 0 s
		 - Constructing Arc BIG2 - SMALL1 completed
			gdp.bigm Transformation...
			gdp.bigm Transformation completed in 0 s
		 - Constructing Arc BIG2 - SMALL2 completed
			gdp.bigm Transformation...
			gdp.bigm Transformation completed in 0 s
		 - Constructing Arc BIG2 - SMALL3 completed
			gdp.bigm Transformation...
			gdp.bigm Transformation completed in 0 s
		 - Constructing Arc BIG2 - SMALL4 completed
			gdp.bigm Transformation...
			gdp.bigm Transformation completed in 0 s
		 - Constructing Arc BIG2 - STORAGE completed
			gdp.bigm Transformation...
			gdp.bigm Transformation completed in 0 s
		 - Constructing Arc SMALL1 - BIG1 completed
			gdp.bigm Transformation...
			gdp.bigm Transformation completed in 0 s
		 - Constructing Arc SMALL1 - BIG2 completed
			gdp.bigm Transformation...
			gdp.bigm Transformation completed in 0 s
		 - Constructing Arc SMALL1 - SMALL2 completed
			gdp.bigm Transformation...
			gdp.bigm Transformation completed in 0 s
		 - Constructing Arc SMALL1 - SMALL3 completed
			gdp.bigm Transformation...
			gdp.bigm Transformation completed in 0 s
		 - Constructing Arc SMALL1 - SMALL4 completed
			gdp.bigm Transformation...
			gdp.bigm Transformation completed in 0 s
		 - Constructing Arc SMALL1 - STORAGE completed
			gdp.bigm Transformation...
			gdp.bigm Transformation completed in 0 s
		 - Constructing Arc SMALL2 - BIG1 completed
			gdp.bigm Transformation...
			gdp.bigm Transformation completed in 0 s
		 - Constructing Arc SMALL2 - BIG2 completed
			gdp.bigm Transformation...
			gdp.bigm Transformation completed in 0 s
		 - Constructing Arc SMALL2 - SMALL1 completed
			gdp.bigm Transformation...
			gdp.bigm Transformation completed in 0 s
		 - Constructing Arc SMALL2 - SMALL3 completed
			gdp.bigm Transformation...
			gdp.bigm Transformation completed in 0 s
		 - Constructing Arc SMALL2 - SMALL4 completed
			gdp.bigm Transformation...
			gdp.bigm Transformation completed in 0 s
		 - Constructing Arc SMALL2 - STORAGE completed
			gdp.bigm Transformation...
			gdp.bigm Transformation completed in 0 s
		 - Constructing Arc SMALL3 - BIG1 completed
			gdp.bigm Transformation...
			gdp.bigm Transformation completed in 0 s
		 - Constructing Arc SMALL3 - BIG2 completed
			gdp.bigm Transformation...
			gdp.bigm Transformation completed in 0 s
		 - Constructing Arc SMALL3 - SMALL1 completed
			gdp.bigm Transformation...
			gdp.bigm Transformation completed in 0 s
		 - Constructing Arc SMALL3 - SMALL2 completed
			gdp.bigm Transformation...
			gdp.bigm Transformation completed in 0 s
		 - Constructing Arc SMALL3 - SMALL4 completed
			gdp.bigm Transformation...
			gdp.bigm Transformation completed in 0 s
		 - Constructing Arc SMALL3 - STORAGE completed
			gdp.bigm Transformation...
			gdp.bigm Transformation completed in 0 s
		 - Constructing Arc SMALL4 - BIG1 completed
			gdp.bigm Transformation...
			gdp.bigm Transformation completed in 0 s
		 - Constructing Arc SMALL4 - BIG2 completed
			gdp.bigm Transformation...
			gdp.bigm Transformation completed in 0 s
		 - Constructing Arc SMALL4 - SMALL1 completed
			gdp.bigm Transformation...
			gdp.bigm Transformation completed in 0 s
		 - Constructing Arc SMALL4 - SMALL2 completed
			gdp.bigm Transformation...
			gdp.bigm Transformation completed in 0 s
		 - Constructing Arc SMALL4 - SMALL3 completed
			gdp.bigm Transformation...
			gdp.bigm Transformation completed in 0 s
		 - Constructing Arc SMALL4 - STORAGE completed
			gdp.bigm Transformation...
			gdp.bigm Transformation completed in 0 s
		 - Constructing Arc STORAGE - BIG1 completed
			gdp.bigm Transformation...
			gdp.bigm Transformation completed in 0 s
		 - Constructing Arc STORAGE - BIG2 completed
			gdp.bigm Transformation...
			gdp.bigm Transformation completed in 0 s
		 - Constructing Arc STORAGE - SMALL1 completed
			gdp.bigm Transformation...
			gdp.bigm Transformation completed in 0 s
		 - Constructing Arc STORAGE - SMALL2 completed
			gdp.bigm Transformation...
			gdp.bigm Transformation completed in 0 s
		 - Constructing Arc STORAGE - SMALL3 completed
			gdp.bigm Transformation...
			gdp.bigm Transformation completed in 0 s
		 - Constructing Arc STORAGE - SMALL4 completed
	 - Constructing Network hydrogenPipelineOnshore_highP completed
			gdp.bigm Transformation...
			gdp.bigm Transformation completed in 80 s
	 - Adding Technology Electrolyzer_big
			gdp.bigm Transformation...
			gdp.bigm Transformation completed in 0 s
	 - Adding Technology Storage_H2_highP
			gdp.bigm Transformation...
			gdp.bigm Transformation completed in 4 s
	 - Adding Compressor hydrogen_Compressor_hydrogenPipelineOnshore_lowP_hydrogenPipelineOnshore_lowP
	 - Adding Compressor hydrogen_Compressor_hydrogenPipelineOnshore_lowP_hydrogenPipelineOnshore_highP
	 - Adding Compressor hydrogen_Compressor_hydrogenPipelineOnshore_lowP_Storage_H2_highP
	 - Adding Compressor hydrogen_Compressor_hydrogenPipelineOnshore_lowP_Demand
	 - Adding Compressor hydrogen_Compressor_hydrogenPipelineOnshore_highP_hydrogenPipelineOnshore_lowP
	 - Adding Compressor hydrogen_Compressor_hydrogenPipelineOnshore_highP_hydrogenPipelineOnshore_highP
	 - Adding Compressor hydrogen_Compressor_hydrogenPipelineOnshore_highP_Storage_H2_highP
	 - Adding Compressor hydrogen_Compressor_hydrogenPipelineOnshore_highP_Demand
	 - Adding Compressor hydrogen_Compressor_Electrolyzer_big_hydrogenPipelineOnshore_lowP
	 - Adding Compressor hydrogen_Compressor_Electrolyzer_big_hydrogenPipelineOnshore_highP
	 - Adding Compressor hydrogen_Compressor_Electrolyzer_big_Storage_H2_highP
	 - Adding Compressor hydrogen_Compressor_Electrolyzer_big_Demand
	 - Adding Compressor hydrogen_Compressor_Storage_H2_highP_hydrogenPipelineOnshore_lowP
	 - Adding Compressor hydrogen_Compressor_Storage_H2_highP_hydrogenPipelineOnshore_highP
	 - Adding Compressor hydrogen_Compressor_Storage_H2_highP_Storage_H2_highP
	 - Adding Compressor hydrogen_Compressor_Storage_H2_highP_Demand
	 - Adding Compressor hydrogen_Compressor_Import_hydrogenPipelineOnshore_lowP
	 - Adding Compressor hydrogen_Compressor_Import_hydrogenPipelineOnshore_highP
	 - Adding Compressor hydrogen_Compressor_Import_Storage_H2_highP
	 - Adding Compressor hydrogen_Compressor_Import_Demand_existing
	 - Adding Technology Electrolyzer_big
			gdp.bigm Transformation...
			gdp.bigm Transformation completed in 0 s
	 - Adding Technology Storage_H2_highP
			gdp.bigm Transformation...
			gdp.bigm Transformation completed in 4 s
	 - Adding Compressor hydrogen_Compressor_hydrogenPipelineOnshore_lowP_hydrogenPipelineOnshore_lowP
	 - Adding Compressor hydrogen_Compressor_hydrogenPipelineOnshore_lowP_hydrogenPipelineOnshore_highP
	 - Adding Compressor hydrogen_Compressor_hydrogenPipelineOnshore_lowP_Storage_H2_highP
	 - Adding Compressor hydrogen_Compressor_hydrogenPipelineOnshore_lowP_Demand
	 - Adding Compressor hydrogen_Compressor_hydrogenPipelineOnshore_highP_hydrogenPipelineOnshore_lowP
	 - Adding Compressor hydrogen_Compressor_hydrogenPipelineOnshore_highP_hydrogenPipelineOnshore_highP
	 - Adding Compressor hydrogen_Compressor_hydrogenPipelineOnshore_highP_Storage_H2_highP
	 - Adding Compressor hydrogen_Compressor_hydrogenPipelineOnshore_highP_Demand
	 - Adding Compressor hydrogen_Compressor_Electrolyzer_big_hydrogenPipelineOnshore_lowP
	 - Adding Compressor hydrogen_Compressor_Electrolyzer_big_hydrogenPipelineOnshore_highP
	 - Adding Compressor hydrogen_Compressor_Electrolyzer_big_Storage_H2_highP
	 - Adding Compressor hydrogen_Compressor_Electrolyzer_big_Demand
	 - Adding Compressor hydrogen_Compressor_Storage_H2_highP_hydrogenPipelineOnshore_lowP
	 - Adding Compressor hydrogen_Compressor_Storage_H2_highP_hydrogenPipelineOnshore_highP
	 - Adding Compressor hydrogen_Compressor_Storage_H2_highP_Storage_H2_highP
	 - Adding Compressor hydrogen_Compressor_Storage_H2_highP_Demand
	 - Adding Compressor hydrogen_Compressor_Import_hydrogenPipelineOnshore_lowP
	 - Adding Compressor hydrogen_Compressor_Import_hydrogenPipelineOnshore_highP
	 - Adding Compressor hydrogen_Compressor_Import_Storage_H2_highP
	 - Adding Compressor hydrogen_Compressor_Import_Demand_existing
	 - Adding Technology Electrolyzer_small
	 - Adding Technology Storage_H2_lowP
			gdp.bigm Transformation...
			gdp.bigm Transformation completed in 4 s
	 - Adding Compressor hydrogen_Compressor_hydrogenPipelineOnshore_lowP_hydrogenPipelineOnshore_lowP
	 - Adding Compressor hydrogen_Compressor_hydrogenPipelineOnshore_lowP_hydrogenPipelineOnshore_highP
	 - Adding Compressor hydrogen_Compressor_hydrogenPipelineOnshore_lowP_Storage_H2_lowP
	 - Adding Compressor hydrogen_Compressor_hydrogenPipelineOnshore_lowP_Demand
	 - Adding Compressor hydrogen_Compressor_hydrogenPipelineOnshore_highP_hydrogenPipelineOnshore_lowP
	 - Adding Compressor hydrogen_Compressor_hydrogenPipelineOnshore_highP_hydrogenPipelineOnshore_highP
	 - Adding Compressor hydrogen_Compressor_hydrogenPipelineOnshore_highP_Storage_H2_lowP
	 - Adding Compressor hydrogen_Compressor_hydrogenPipelineOnshore_highP_Demand
	 - Adding Compressor hydrogen_Compressor_Electrolyzer_small_hydrogenPipelineOnshore_lowP
	 - Adding Compressor hydrogen_Compressor_Electrolyzer_small_hydrogenPipelineOnshore_highP
	 - Adding Compressor hydrogen_Compressor_Electrolyzer_small_Storage_H2_lowP
	 - Adding Compressor hydrogen_Compressor_Electrolyzer_small_Demand
	 - Adding Compressor hydrogen_Compressor_Storage_H2_lowP_hydrogenPipelineOnshore_lowP
	 - Adding Compressor hydrogen_Compressor_Storage_H2_lowP_hydrogenPipelineOnshore_highP
	 - Adding Compressor hydrogen_Compressor_Storage_H2_lowP_Storage_H2_lowP
	 - Adding Compressor hydrogen_Compressor_Storage_H2_lowP_Demand
	 - Adding Technology Electrolyzer_small
	 - Adding Technology Storage_H2_lowP
			gdp.bigm Transformation...
			gdp.bigm Transformation completed in 4 s
	 - Adding Compressor hydrogen_Compressor_hydrogenPipelineOnshore_lowP_hydrogenPipelineOnshore_lowP
	 - Adding Compressor hydrogen_Compressor_hydrogenPipelineOnshore_lowP_hydrogenPipelineOnshore_highP
	 - Adding Compressor hydrogen_Compressor_hydrogenPipelineOnshore_lowP_Storage_H2_lowP
	 - Adding Compressor hydrogen_Compressor_hydrogenPipelineOnshore_lowP_Demand
	 - Adding Compressor hydrogen_Compressor_hydrogenPipelineOnshore_highP_hydrogenPipelineOnshore_lowP
	 - Adding Compressor hydrogen_Compressor_hydrogenPipelineOnshore_highP_hydrogenPipelineOnshore_highP
	 - Adding Compressor hydrogen_Compressor_hydrogenPipelineOnshore_highP_Storage_H2_lowP
	 - Adding Compressor hydrogen_Compressor_hydrogenPipelineOnshore_highP_Demand
	 - Adding Compressor hydrogen_Compressor_Electrolyzer_small_hydrogenPipelineOnshore_lowP
	 - Adding Compressor hydrogen_Compressor_Electrolyzer_small_hydrogenPipelineOnshore_highP
	 - Adding Compressor hydrogen_Compressor_Electrolyzer_small_Storage_H2_lowP
	 - Adding Compressor hydrogen_Compressor_Electrolyzer_small_Demand
	 - Adding Compressor hydrogen_Compressor_Storage_H2_lowP_hydrogenPipelineOnshore_lowP
	 - Adding Compressor hydrogen_Compressor_Storage_H2_lowP_hydrogenPipelineOnshore_highP
	 - Adding Compressor hydrogen_Compressor_Storage_H2_lowP_Storage_H2_lowP
	 - Adding Compressor hydrogen_Compressor_Storage_H2_lowP_Demand
	 - Adding Technology Electrolyzer_small
	 - Adding Technology Storage_H2_lowP
			gdp.bigm Transformation...
			gdp.bigm Transformation completed in 4 s
	 - Adding Compressor hydrogen_Compressor_hydrogenPipelineOnshore_lowP_hydrogenPipelineOnshore_lowP
	 - Adding Compressor hydrogen_Compressor_hydrogenPipelineOnshore_lowP_hydrogenPipelineOnshore_highP
	 - Adding Compressor hydrogen_Compressor_hydrogenPipelineOnshore_lowP_Storage_H2_lowP
	 - Adding Compressor hydrogen_Compressor_hydrogenPipelineOnshore_lowP_Demand
	 - Adding Compressor hydrogen_Compressor_hydrogenPipelineOnshore_highP_hydrogenPipelineOnshore_lowP
	 - Adding Compressor hydrogen_Compressor_hydrogenPipelineOnshore_highP_hydrogenPipelineOnshore_highP
	 - Adding Compressor hydrogen_Compressor_hydrogenPipelineOnshore_highP_Storage_H2_lowP
	 - Adding Compressor hydrogen_Compressor_hydrogenPipelineOnshore_highP_Demand
	 - Adding Compressor hydrogen_Compressor_Electrolyzer_small_hydrogenPipelineOnshore_lowP
	 - Adding Compressor hydrogen_Compressor_Electrolyzer_small_hydrogenPipelineOnshore_highP
	 - Adding Compressor hydrogen_Compressor_Electrolyzer_small_Storage_H2_lowP
	 - Adding Compressor hydrogen_Compressor_Electrolyzer_small_Demand
	 - Adding Compressor hydrogen_Compressor_Storage_H2_lowP_hydrogenPipelineOnshore_lowP
	 - Adding Compressor hydrogen_Compressor_Storage_H2_lowP_hydrogenPipelineOnshore_highP
	 - Adding Compressor hydrogen_Compressor_Storage_H2_lowP_Storage_H2_lowP
	 - Adding Compressor hydrogen_Compressor_Storage_H2_lowP_Demand
	 - Adding Technology Electrolyzer_small
	 - Adding Technology Storage_H2_lowP
			gdp.bigm Transformation...
			gdp.bigm Transformation completed in 4 s
	 - Adding Compressor hydrogen_Compressor_hydrogenPipelineOnshore_lowP_hydrogenPipelineOnshore_lowP
	 - Adding Compressor hydrogen_Compressor_hydrogenPipelineOnshore_lowP_hydrogenPipelineOnshore_highP
	 - Adding Compressor hydrogen_Compressor_hydrogenPipelineOnshore_lowP_Storage_H2_lowP
	 - Adding Compressor hydrogen_Compressor_hydrogenPipelineOnshore_lowP_Demand
	 - Adding Compressor hydrogen_Compressor_hydrogenPipelineOnshore_highP_hydrogenPipelineOnshore_lowP
	 - Adding Compressor hydrogen_Compressor_hydrogenPipelineOnshore_highP_hydrogenPipelineOnshore_highP
	 - Adding Compressor hydrogen_Compressor_hydrogenPipelineOnshore_highP_Storage_H2_lowP
	 - Adding Compressor hydrogen_Compressor_hydrogenPipelineOnshore_highP_Demand
	 - Adding Compressor hydrogen_Compressor_Electrolyzer_small_hydrogenPipelineOnshore_lowP
	 - Adding Compressor hydrogen_Compressor_Electrolyzer_small_hydrogenPipelineOnshore_highP
	 - Adding Compressor hydrogen_Compressor_Electrolyzer_small_Storage_H2_lowP
	 - Adding Compressor hydrogen_Compressor_Electrolyzer_small_Demand
	 - Adding Compressor hydrogen_Compressor_Storage_H2_lowP_hydrogenPipelineOnshore_lowP
	 - Adding Compressor hydrogen_Compressor_Storage_H2_lowP_hydrogenPipelineOnshore_highP
	 - Adding Compressor hydrogen_Compressor_Storage_H2_lowP_Storage_H2_lowP
	 - Adding Compressor hydrogen_Compressor_Storage_H2_lowP_Demand
	 - Adding Technology Storage_H2_Cavern_existing
			gdp.bigm Transformation...
			gdp.bigm Transformation completed in 4 s
	 - Adding Compressor hydrogen_Compressor_hydrogenPipelineOnshore_lowP_hydrogenPipelineOnshore_lowP
	 - Adding Compressor hydrogen_Compressor_hydrogenPipelineOnshore_lowP_hydrogenPipelineOnshore_highP
	 - Adding Compressor hydrogen_Compressor_hydrogenPipelineOnshore_lowP_Storage_H2_Cavern_existing
	 - Adding Compressor hydrogen_Compressor_hydrogenPipelineOnshore_highP_hydrogenPipelineOnshore_lowP
	 - Adding Compressor hydrogen_Compressor_hydrogenPipelineOnshore_highP_hydrogenPipelineOnshore_highP
	 - Adding Compressor hydrogen_Compressor_hydrogenPipelineOnshore_highP_Storage_H2_Cavern_existing
	 - Adding Compressor hydrogen_Compressor_Storage_H2_Cavern_existing_hydrogenPipelineOnshore_lowP
	 - Adding Compressor hydrogen_Compressor_Storage_H2_Cavern_existing_hydrogenPipelineOnshore_highP
	 - Adding Compressor hydrogen_Compressor_Storage_H2_Cavern_existing_Storage_H2_Cavern_existing_existing
Constructing model completed in 613s
Constructing balances...
Constructing balances completed in 19s
Set objective on infrastructure due to willingness to pay
Set parameter OutputFlag to value 1
Set parameter LogFile to value "/gpfs/home3/scur1696/AdOpT-NET0-RegToNation/generic_node_optimization/results/parallel_creation_test_20251123_162207/parallel_run_0008/userData/20251123171324-1/solver_log.txt"
Solver log file: /gpfs/home3/scur1696/AdOpT-NET0-RegToNation/generic_node_optimization/results/parallel_creation_test_20251123_162207/parallel_run_0008/userData/20251123171324-1/solver_log.txt
Set parameter TimeLimit to value 180000
Set parameter MIPGap to value 0.01
Set parameter MIPFocus to value 0
Set parameter Threads to value 8
Set parameter NodefileStart to value 60
Set parameter Method to value -1
Set parameter Heuristics to value 0.05
Set parameter Presolve to value 1
Set parameter BranchDir to value 0
Set parameter LPWarmStart to value 0
Set parameter IntFeasTol to value 1e-05
Set parameter FeasibilityTol to value 1e-06
Set parameter Cuts to value -1
Set parameter NumericFocus to value 0
Gurobi Optimizer version 13.0.0 build v13.0.0rc1 (linux64 - "Red Hat Enterprise Linux 9.4 (Plow)")

CPU model: AMD EPYC 9654 96-Core Processor, instruction set [SSE2|AVX|AVX2|AVX512]
Thread count: 192 physical cores, 192 logical processors, using up to 8 threads

Non-default parameters:
TimeLimit  180000
MIPGap  0.01
LPWarmStart  0
NodefileStart  60
Presolve  1
Threads  8

Academic license 2729390 - for non-commercial use only - registered to m.___@uu.nl
Optimize a model with 9050179 rows, 6728544 columns and 21385595 nonzeros (Min)
Model fingerprint: 0x3d16b005
Model has 1 linear objective coefficients
Variable types: 5869892 continuous, 858652 integer (858652 binary)
Coefficient statistics:
  Matrix range     [2e-03, 2e+08]
  Objective range  [1e+00, 1e+00]
  Bounds range     [5e-02, 6e+08]
  RHS range        [1e+00, 7e+09]
Warning: Model contains large matrix coefficients
Warning: Model contains large rhs
         Consider reformulating model or setting NumericFocus parameter
         to avoid numerical issues.
  376278    1.1841245e+08   0.000000e+00   2.606620e+03   2541s
Presolve removed 5361748 rows and 3924941 columns (presolve time = 5s)...
Presolve removed 5528318 rows and 4082751 columns (presolve time = 10s)...
Waiting for other threads to finish...         464s
Presolve removed 5528318 rows and 4082751 columns (presolve time = 15s)...
Concurrent spin time: 67.16s (can be avoided by choosing Method=3)

Solved with barrier
  462074    1.1655088e+08   0.000000e+00   0.000000e+00    470s

Root relaxation: objective 1.165509e+08, 462074 iterations, 400.48 seconds (363.42 work units)
  377108    1.1841245e+08   0.000000e+00   1.758505e+03   2563s
Total elapsed time = 471.04s (DegenMoves)
Presolve removed 5528318 rows and 4082751 columns (presolve time = 20s)...
Presolve removed 5528318 rows and 4082751 columns (presolve time = 26s)...
Presolve removed 5545992 rows and 4161696 columns (presolve time = 30s)...
Presolve removed 5554871 rows and 4161696 columns (presolve time = 35s)...
  377938    1.1841245e+08   0.000000e+00   1.356303e+03   2584s
Presolve removed 5554871 rows and 4161696 columns (presolve time = 40s)...
Presolve removed 5554871 rows and 4161696 columns
Presolve time: 40.88s
Presolved: 3495308 rows, 2566848 columns, 11519714 nonzeros
Variable types: 2137564 continuous, 429284 integer (429284 binary)
  378768    1.1841245e+08   0.000000e+00   9.184586e+02   2606s
Deterministic concurrent LP optimizer: primal simplex, dual simplex, and barrier
Showing barrier log only...

Root barrier log...

Ordering time: 2.83s

Barrier statistics:
 Dense cols : 103
 AA' NZ     : 1.544e+07
 Factor NZ  : 6.624e+07 (roughly 2.6 GB of memory)
 Factor Ops : 4.369e+09 (less than 1 second per iteration)
 Threads    : 5

                  Objective                Residual
Iter       Primal          Dual         Primal    Dual     Compl     Time
   0   1.99525822e+10 -2.57505347e+11  7.37e+09 1.30e+01  1.27e+08    84s
   1   2.12812557e+10 -4.22306459e+11  7.15e+09 6.65e+01  1.16e+08    85s
   2   1.37468838e+10 -3.96599842e+11  4.27e+09 3.80e+00  7.02e+07    87s
  379598    1.1841245e+08   0.000000e+00   7.419921e+02   2629s
   3   5.08184845e+09 -3.75177075e+11  9.06e+08 1.45e-06  1.54e+07    90s
   4   3.04109170e+09 -3.24791345e+11  3.28e+07 5.57e-06  6.04e+05    92s
   5   3.01805815e+09 -2.68395964e+11  1.10e+07 3.83e-06  2.23e+05    93s
   6   3.01777707e+09 -2.66201987e+11  1.07e+07 3.77e-06  2.17e+05    94s
   7   3.01619376e+09 -2.26180375e+11  7.52e+06 2.93e-06  1.54e+05    96s
   8   3.00777825e+09 -2.11575151e+11  6.88e+06 2.66e-06  1.41e+05    98s
   9   2.95667009e+09 -2.02116674e+11  6.04e+06 2.55e-06  1.26e+05    99s
  10   2.69992384e+09 -1.43924957e+11  5.11e+06 2.00e-06  1.02e+05   102s
  11   2.27596013e+09 -9.48338692e+10  4.05e+06 9.75e-07  7.54e+04   106s
  12   1.49638935e+09 -7.89023486e+10  2.31e+06 7.38e-07  4.66e+04   110s
  13   7.14738094e+08 -4.61253237e+10  1.15e+06 3.46e-07  2.50e+04   113s
  380428    1.1841245e+08   0.000000e+00   6.552631e+02   2653s
  14   2.39145200e+08 -2.48264599e+10  3.52e+05 4.04e-07  9.38e+03   116s
# ==========================================================
# = Solver Results                                         =
# ==========================================================
# ----------------------------------------------------------
#   Problem Information
# ----------------------------------------------------------
Problem: 
- Name: unknown
  Lower bound: 58307035.758648574
  Upper bound: 58350287.11544152
  Number of objectives: 1
  Number of constraints: 9050179
  Number of variables: 6728544
  Number of binary variables: 858652
  Number of integer variables: 858652
  Number of continuous variables: 5011240
  Number of nonzeros: 21385595
  Sense: minimize
  Number of solutions: 2
# ----------------------------------------------------------
#   Solver Information
# ----------------------------------------------------------
Solver: 
- Name: Gurobi 13.00
  Status: ok
  Wallclock time: 406.275337934494
  Termination condition: optimal
  Termination message: Model was solved to optimality (subject to tolerances), and an optimal solution is available.
# ----------------------------------------------------------
#   Solution Information
# ----------------------------------------------------------
Solution: 
- number of solutions: 0
  number of solutions displayed: 0
Writing results to /gpfs/home3/scur1696/AdOpT-NET0-RegToNation/generic_node_optimization/results/parallel_creation_test_20251123_162207/parallel_run_0007/userData/20251123170554-1
[SUCCESS] Solved: parallel_run_0007
[SOLVING] parallel_run_0010
Set parameter Threads to value 8
  15   1.53033561e+08 -1.62395653e+10  2.06e+05 6.59e-07  5.71e+03   119s
  16   1.38437067e+08 -1.09539469e+10  1.82e+05 8.60e-07  4.47e+03   121s
  17   1.31485482e+08 -9.81667255e+09  1.71e+05 8.02e-07  4.13e+03   122s
  18   1.26130915e+08 -8.12638545e+09  1.61e+05 8.75e-07  3.82e+03   124s
  19   1.07881370e+08 -5.92181870e+09  1.25e+05 6.08e-07  3.06e+03   125s
  20   9.76626249e+07 -2.55529813e+09  1.04e+05 8.89e-07  2.43e+03   127s
  21   9.42347652e+07 -1.96050556e+09  9.71e+04 8.47e-07  2.27e+03   129s
  22   8.89620373e+07  2.46495493e+08  8.56e+04 1.19e-06  1.98e+03   132s
  23   8.83356637e+07  2.28526803e+09  8.15e+04 9.93e-07  1.87e+03   134s
  24   8.84866282e+07  5.33615973e+09  7.75e+04 9.42e-07  1.80e+03   137s
  25   8.77996554e+07  7.83610994e+09  7.14e+04 9.91e-07  1.63e+03   139s
  381258    1.1841245e+08   0.000000e+00   5.679348e+02   2679s
  26   8.73453818e+07  1.18327166e+10  6.87e+04 7.47e-07  1.62e+03   142s
  27   8.71516090e+07  1.62305530e+10  6.57e+04 7.35e-07  1.54e+03   146s
  28   8.70049104e+07  2.17329116e+10  6.41e+04 6.90e-07  1.53e+03   148s
  29   8.68731398e+07  2.59413068e+10  6.27e+04 6.60e-07  1.48e+03   150s
  30   8.68074435e+07  3.87454957e+10  6.21e+04 1.62e-07  1.57e+03   153s
  31   8.67304146e+07  5.34579815e+10  6.14e+04 2.49e-07  1.63e+03   155s
  32   8.66855657e+07  5.48332043e+10  6.12e+04 2.56e-07  1.62e+03   157s
  33   8.65527935e+07  6.66923837e+10  6.03e+04 3.42e-07  1.57e+03   159s
  34   8.64621297e+07  8.05085360e+10  6.00e+04 4.98e-07  1.61e+03   163s
  35   8.63099552e+07  1.19188325e+11  5.93e+04 5.11e-07  1.67e+03   165s
  382088    1.1841245e+08   0.000000e+00   4.435599e+02   2705s
  36   8.61392502e+07  1.55375363e+11  5.88e+04 3.70e-06  1.70e+03   167s
  37   8.57824023e+07  2.18671729e+11  5.81e+04 2.12e-05  1.78e+03   169s
  38   8.54444717e+07  2.80175750e+11  5.75e+04 9.54e-07  1.79e+03   171s
  39   8.51695912e+07  3.26352748e+11  5.71e+04 1.18e-06  1.80e+03   173s
  [CONFIG] Gurobi default env configured: 8 threads per worker
--- Reading in data ---
Input data folder has been checked successfully - no errors occurred.
--- Reading in data complete ---
--- Constructing Model ---
Constructing Investment Period period1
Constructing Investment Period period1 completed
	 - Constructing Network hydrogenPipelineOnshore_lowP
			gdp.bigm Transformation...
			gdp.bigm Transformation completed in 0 s
		 - Constructing Arc BIG1 - BIG2 completed
			gdp.bigm Transformation...
			gdp.bigm Transformation completed in 0 s
		 - Constructing Arc BIG1 - SMALL1 completed
			gdp.bigm Transformation...
			gdp.bigm Transformation completed in 0 s
		 - Constructing Arc BIG1 - SMALL2 completed
			gdp.bigm Transformation...
			gdp.bigm Transformation completed in 0 s
		 - Constructing Arc BIG1 - SMALL3 completed
			gdp.bigm Transformation...
			gdp.bigm Transformation completed in 0 s
		 - Constructing Arc BIG1 - SMALL4 completed
			gdp.bigm Transformation...
			gdp.bigm Transformation completed in 0 s
		 - Constructing Arc BIG1 - STORAGE completed
			gdp.bigm Transformation...
			gdp.bigm Transformation completed in 0 s
		 - Constructing Arc BIG2 - BIG1 completed
			gdp.bigm Transformation...
			gdp.bigm Transformation completed in 0 s
		 - Constructing Arc BIG2 - SMALL1 completed
			gdp.bigm Transformation...
			gdp.bigm Transformation completed in 0 s
		 - Constructing Arc BIG2 - SMALL2 completed
			gdp.bigm Transformation...
			gdp.bigm Transformation completed in 0 s
		 - Constructing Arc BIG2 - SMALL3 completed
			gdp.bigm Transformation...
			gdp.bigm Transformation completed in 0 s
		 - Constructing Arc BIG2 - SMALL4 completed
			gdp.bigm Transformation...
			gdp.bigm Transformation completed in 0 s
		 - Constructing Arc BIG2 - STORAGE completed
			gdp.bigm Transformation...
			gdp.bigm Transformation completed in 0 s
		 - Constructing Arc SMALL1 - BIG1 completed
			gdp.bigm Transformation...
			gdp.bigm Transformation completed in 0 s
		 - Constructing Arc SMALL1 - BIG2 completed
			gdp.bigm Transformation...
			gdp.bigm Transformation completed in 0 s
		 - Constructing Arc SMALL1 - SMALL2 completed
			gdp.bigm Transformation...
			gdp.bigm Transformation completed in 0 s
		 - Constructing Arc SMALL1 - SMALL3 completed
			gdp.bigm Transformation...
			gdp.bigm Transformation completed in 0 s
		 - Constructing Arc SMALL1 - SMALL4 completed
			gdp.bigm Transformation...
			gdp.bigm Transformation completed in 0 s
		 - Constructing Arc SMALL1 - STORAGE completed
			gdp.bigm Transformation...
			gdp.bigm Transformation completed in 0 s
		 - Constructing Arc SMALL2 - BIG1 completed
			gdp.bigm Transformation...
			gdp.bigm Transformation completed in 0 s
		 - Constructing Arc SMALL2 - BIG2 completed
			gdp.bigm Transformation...
			gdp.bigm Transformation completed in 0 s
		 - Constructing Arc SMALL2 - SMALL1 completed
			gdp.bigm Transformation...
			gdp.bigm Transformation completed in 0 s
		 - Constructing Arc SMALL2 - SMALL3 completed
			gdp.bigm Transformation...
			gdp.bigm Transformation completed in 0 s
		 - Constructing Arc SMALL2 - SMALL4 completed
			gdp.bigm Transformation...
			gdp.bigm Transformation completed in 0 s
		 - Constructing Arc SMALL2 - STORAGE completed
			gdp.bigm Transformation...
			gdp.bigm Transformation completed in 0 s
		 - Constructing Arc SMALL3 - BIG1 completed
			gdp.bigm Transformation...
			gdp.bigm Transformation completed in 0 s
		 - Constructing Arc SMALL3 - BIG2 completed
			gdp.bigm Transformation...
			gdp.bigm Transformation completed in 0 s
		 - Constructing Arc SMALL3 - SMALL1 completed
			gdp.bigm Transformation...
			gdp.bigm Transformation completed in 0 s
		 - Constructing Arc SMALL3 - SMALL2 completed
			gdp.bigm Transformation...
			gdp.bigm Transformation completed in 0 s
		 - Constructing Arc SMALL3 - SMALL4 completed
			gdp.bigm Transformation...
			gdp.bigm Transformation completed in 0 s
		 - Constructing Arc SMALL3 - STORAGE completed
			gdp.bigm Transformation...
			gdp.bigm Transformation completed in 0 s
		 - Constructing Arc SMALL4 - BIG1 completed
			gdp.bigm Transformation...
			gdp.bigm Transformation completed in 0 s
		 - Constructing Arc SMALL4 - BIG2 completed
			gdp.bigm Transformation...
			gdp.bigm Transformation completed in 0 s
		 - Constructing Arc SMALL4 - SMALL1 completed
			gdp.bigm Transformation...
			gdp.bigm Transformation completed in 0 s
		 - Constructing Arc SMALL4 - SMALL2 completed
			gdp.bigm Transformation...
			gdp.bigm Transformation completed in 0 s
		 - Constructing Arc SMALL4 - SMALL3 completed
			gdp.bigm Transformation...
			gdp.bigm Transformation completed in 0 s
		 - Constructing Arc SMALL4 - STORAGE completed
			gdp.bigm Transformation...
			gdp.bigm Transformation completed in 0 s
		 - Constructing Arc STORAGE - BIG1 completed
			gdp.bigm Transformation...
			gdp.bigm Transformation completed in 0 s
		 - Constructing Arc STORAGE - BIG2 completed
			gdp.bigm Transformation...
			gdp.bigm Transformation completed in 0 s
		 - Constructing Arc STORAGE - SMALL1 completed
			gdp.bigm Transformation...
			gdp.bigm Transformation completed in 0 s
		 - Constructing Arc STORAGE - SMALL2 completed
			gdp.bigm Transformation...
			gdp.bigm Transformation completed in 0 s
		 - Constructing Arc STORAGE - SMALL3 completed
			gdp.bigm Transformation...
			gdp.bigm Transformation completed in 0 s
		 - Constructing Arc STORAGE - SMALL4 completed
	 - Constructing Network hydrogenPipelineOnshore_lowP completed
			gdp.bigm Transformation...
			gdp.bigm Transformation completed in 79 s
	 - Constructing Network hydrogenPipelineOnshore_highP
			gdp.bigm Transformation...
			gdp.bigm Transformation completed in 0 s
		 - Constructing Arc BIG1 - BIG2 completed
			gdp.bigm Transformation...
			gdp.bigm Transformation completed in 0 s
		 - Constructing Arc BIG1 - SMALL1 completed
			gdp.bigm Transformation...
			gdp.bigm Transformation completed in 0 s
		 - Constructing Arc BIG1 - SMALL2 completed
			gdp.bigm Transformation...
			gdp.bigm Transformation completed in 0 s
		 - Constructing Arc BIG1 - SMALL3 completed
			gdp.bigm Transformation...
			gdp.bigm Transformation completed in 0 s
		 - Constructing Arc BIG1 - SMALL4 completed
			gdp.bigm Transformation...
			gdp.bigm Transformation completed in 0 s
		 - Constructing Arc BIG1 - STORAGE completed
			gdp.bigm Transformation...
			gdp.bigm Transformation completed in 0 s
		 - Constructing Arc BIG2 - BIG1 completed
			gdp.bigm Transformation...
			gdp.bigm Transformation completed in 0 s
		 - Constructing Arc BIG2 - SMALL1 completed
			gdp.bigm Transformation...
			gdp.bigm Transformation completed in 0 s
		 - Constructing Arc BIG2 - SMALL2 completed
			gdp.bigm Transformation...
			gdp.bigm Transformation completed in 0 s
		 - Constructing Arc BIG2 - SMALL3 completed
			gdp.bigm Transformation...
			gdp.bigm Transformation completed in 0 s
		 - Constructing Arc BIG2 - SMALL4 completed
			gdp.bigm Transformation...
			gdp.bigm Transformation completed in 0 s
		 - Constructing Arc BIG2 - STORAGE completed
			gdp.bigm Transformation...
			gdp.bigm Transformation completed in 0 s
		 - Constructing Arc SMALL1 - BIG1 completed
			gdp.bigm Transformation...
			gdp.bigm Transformation completed in 0 s
		 - Constructing Arc SMALL1 - BIG2 completed
			gdp.bigm Transformation...
			gdp.bigm Transformation completed in 0 s
		 - Constructing Arc SMALL1 - SMALL2 completed
			gdp.bigm Transformation...
			gdp.bigm Transformation completed in 0 s
		 - Constructing Arc SMALL1 - SMALL3 completed
			gdp.bigm Transformation...
			gdp.bigm Transformation completed in 0 s
		 - Constructing Arc SMALL1 - SMALL4 completed
			gdp.bigm Transformation...
			gdp.bigm Transformation completed in 0 s
		 - Constructing Arc SMALL1 - STORAGE completed
			gdp.bigm Transformation...
			gdp.bigm Transformation completed in 0 s
		 - Constructing Arc SMALL2 - BIG1 completed
			gdp.bigm Transformation...
			gdp.bigm Transformation completed in 0 s
		 - Constructing Arc SMALL2 - BIG2 completed
			gdp.bigm Transformation...
			gdp.bigm Transformation completed in 0 s
		 - Constructing Arc SMALL2 - SMALL1 completed
			gdp.bigm Transformation...
			gdp.bigm Transformation completed in 0 s
		 - Constructing Arc SMALL2 - SMALL3 completed
			gdp.bigm Transformation...
			gdp.bigm Transformation completed in 0 s
		 - Constructing Arc SMALL2 - SMALL4 completed
			gdp.bigm Transformation...
			gdp.bigm Transformation completed in 0 s
		 - Constructing Arc SMALL2 - STORAGE completed
			gdp.bigm Transformation...
			gdp.bigm Transformation completed in 0 s
		 - Constructing Arc SMALL3 - BIG1 completed
			gdp.bigm Transformation...
			gdp.bigm Transformation completed in 0 s
		 - Constructing Arc SMALL3 - BIG2 completed
			gdp.bigm Transformation...
			gdp.bigm Transformation completed in 0 s
		 - Constructing Arc SMALL3 - SMALL1 completed
			gdp.bigm Transformation...
			gdp.bigm Transformation completed in 0 s
		 - Constructing Arc SMALL3 - SMALL2 completed
			gdp.bigm Transformation...
			gdp.bigm Transformation completed in 0 s
		 - Constructing Arc SMALL3 - SMALL4 completed
			gdp.bigm Transformation...
			gdp.bigm Transformation completed in 0 s
		 - Constructing Arc SMALL3 - STORAGE completed
			gdp.bigm Transformation...
			gdp.bigm Transformation completed in 0 s
		 - Constructing Arc SMALL4 - BIG1 completed
			gdp.bigm Transformation...
			gdp.bigm Transformation completed in 0 s
		 - Constructing Arc SMALL4 - BIG2 completed
			gdp.bigm Transformation...
			gdp.bigm Transformation completed in 0 s
		 - Constructing Arc SMALL4 - SMALL1 completed
			gdp.bigm Transformation...
			gdp.bigm Transformation completed in 0 s
		 - Constructing Arc SMALL4 - SMALL2 completed
			gdp.bigm Transformation...
			gdp.bigm Transformation completed in 0 s
		 - Constructing Arc SMALL4 - SMALL3 completed
			gdp.bigm Transformation...
			gdp.bigm Transformation completed in 0 s
		 - Constructing Arc SMALL4 - STORAGE completed
			gdp.bigm Transformation...
			gdp.bigm Transformation completed in 0 s
		 - Constructing Arc STORAGE - BIG1 completed
			gdp.bigm Transformation...
			gdp.bigm Transformation completed in 0 s
		 - Constructing Arc STORAGE - BIG2 completed
			gdp.bigm Transformation...
			gdp.bigm Transformation completed in 0 s
		 - Constructing Arc STORAGE - SMALL1 completed
			gdp.bigm Transformation...
			gdp.bigm Transformation completed in 0 s
		 - Constructing Arc STORAGE - SMALL2 completed
			gdp.bigm Transformation...
			gdp.bigm Transformation completed in 0 s
		 - Constructing Arc STORAGE - SMALL3 completed
			gdp.bigm Transformation...
			gdp.bigm Transformation completed in 0 s
		 - Constructing Arc STORAGE - SMALL4 completed
	 - Constructing Network hydrogenPipelineOnshore_highP completed
			gdp.bigm Transformation...
			gdp.bigm Transformation completed in 79 s
	 - Adding Technology Electrolyzer_big
			gdp.bigm Transformation...
			gdp.bigm Transformation completed in 0 s
	 - Adding Technology Storage_H2_highP
			gdp.bigm Transformation...
			gdp.bigm Transformation completed in 4 s
	 - Adding Compressor hydrogen_Compressor_hydrogenPipelineOnshore_lowP_hydrogenPipelineOnshore_lowP
	 - Adding Compressor hydrogen_Compressor_hydrogenPipelineOnshore_lowP_hydrogenPipelineOnshore_highP
	 - Adding Compressor hydrogen_Compressor_hydrogenPipelineOnshore_lowP_Storage_H2_highP
	 - Adding Compressor hydrogen_Compressor_hydrogenPipelineOnshore_lowP_Demand
	 - Adding Compressor hydrogen_Compressor_hydrogenPipelineOnshore_highP_hydrogenPipelineOnshore_lowP
	 - Adding Compressor hydrogen_Compressor_hydrogenPipelineOnshore_highP_hydrogenPipelineOnshore_highP
	 - Adding Compressor hydrogen_Compressor_hydrogenPipelineOnshore_highP_Storage_H2_highP
	 - Adding Compressor hydrogen_Compressor_hydrogenPipelineOnshore_highP_Demand
	 - Adding Compressor hydrogen_Compressor_Electrolyzer_big_hydrogenPipelineOnshore_lowP
	 - Adding Compressor hydrogen_Compressor_Electrolyzer_big_hydrogenPipelineOnshore_highP
	 - Adding Compressor hydrogen_Compressor_Electrolyzer_big_Storage_H2_highP
	 - Adding Compressor hydrogen_Compressor_Electrolyzer_big_Demand
	 - Adding Compressor hydrogen_Compressor_Storage_H2_highP_hydrogenPipelineOnshore_lowP
	 - Adding Compressor hydrogen_Compressor_Storage_H2_highP_hydrogenPipelineOnshore_highP
	 - Adding Compressor hydrogen_Compressor_Storage_H2_highP_Storage_H2_highP
	 - Adding Compressor hydrogen_Compressor_Storage_H2_highP_Demand
	 - Adding Compressor hydrogen_Compressor_Import_hydrogenPipelineOnshore_lowP
	 - Adding Compressor hydrogen_Compressor_Import_hydrogenPipelineOnshore_highP
	 - Adding Compressor hydrogen_Compressor_Import_Storage_H2_highP
	 - Adding Compressor hydrogen_Compressor_Import_Demand_existing
	 - Adding Technology Electrolyzer_big
			gdp.bigm Transformation...
			gdp.bigm Transformation completed in 0 s
	 - Adding Technology Storage_H2_highP
			gdp.bigm Transformation...
			gdp.bigm Transformation completed in 4 s
	 - Adding Compressor hydrogen_Compressor_hydrogenPipelineOnshore_lowP_hydrogenPipelineOnshore_lowP
	 - Adding Compressor hydrogen_Compressor_hydrogenPipelineOnshore_lowP_hydrogenPipelineOnshore_highP
	 - Adding Compressor hydrogen_Compressor_hydrogenPipelineOnshore_lowP_Storage_H2_highP
	 - Adding Compressor hydrogen_Compressor_hydrogenPipelineOnshore_lowP_Demand
	 - Adding Compressor hydrogen_Compressor_hydrogenPipelineOnshore_highP_hydrogenPipelineOnshore_lowP
	 - Adding Compressor hydrogen_Compressor_hydrogenPipelineOnshore_highP_hydrogenPipelineOnshore_highP
	 - Adding Compressor hydrogen_Compressor_hydrogenPipelineOnshore_highP_Storage_H2_highP
	 - Adding Compressor hydrogen_Compressor_hydrogenPipelineOnshore_highP_Demand
	 - Adding Compressor hydrogen_Compressor_Electrolyzer_big_hydrogenPipelineOnshore_lowP
	 - Adding Compressor hydrogen_Compressor_Electrolyzer_big_hydrogenPipelineOnshore_highP
	 - Adding Compressor hydrogen_Compressor_Electrolyzer_big_Storage_H2_highP
	 - Adding Compressor hydrogen_Compressor_Electrolyzer_big_Demand
	 - Adding Compressor hydrogen_Compressor_Storage_H2_highP_hydrogenPipelineOnshore_lowP
	 - Adding Compressor hydrogen_Compressor_Storage_H2_highP_hydrogenPipelineOnshore_highP
	 - Adding Compressor hydrogen_Compressor_Storage_H2_highP_Storage_H2_highP
	 - Adding Compressor hydrogen_Compressor_Storage_H2_highP_Demand
	 - Adding Compressor hydrogen_Compressor_Import_hydrogenPipelineOnshore_lowP
	 - Adding Compressor hydrogen_Compressor_Import_hydrogenPipelineOnshore_highP
	 - Adding Compressor hydrogen_Compressor_Import_Storage_H2_highP
	 - Adding Compressor hydrogen_Compressor_Import_Demand_existing
	 - Adding Technology Electrolyzer_small
	 - Adding Technology Storage_H2_lowP
			gdp.bigm Transformation...
			gdp.bigm Transformation completed in 4 s
	 - Adding Compressor hydrogen_Compressor_hydrogenPipelineOnshore_lowP_hydrogenPipelineOnshore_lowP
	 - Adding Compressor hydrogen_Compressor_hydrogenPipelineOnshore_lowP_hydrogenPipelineOnshore_highP
	 - Adding Compressor hydrogen_Compressor_hydrogenPipelineOnshore_lowP_Storage_H2_lowP
	 - Adding Compressor hydrogen_Compressor_hydrogenPipelineOnshore_lowP_Demand
	 - Adding Compressor hydrogen_Compressor_hydrogenPipelineOnshore_highP_hydrogenPipelineOnshore_lowP
	 - Adding Compressor hydrogen_Compressor_hydrogenPipelineOnshore_highP_hydrogenPipelineOnshore_highP
	 - Adding Compressor hydrogen_Compressor_hydrogenPipelineOnshore_highP_Storage_H2_lowP
	 - Adding Compressor hydrogen_Compressor_hydrogenPipelineOnshore_highP_Demand
	 - Adding Compressor hydrogen_Compressor_Electrolyzer_small_hydrogenPipelineOnshore_lowP
	 - Adding Compressor hydrogen_Compressor_Electrolyzer_small_hydrogenPipelineOnshore_highP
	 - Adding Compressor hydrogen_Compressor_Electrolyzer_small_Storage_H2_lowP
	 - Adding Compressor hydrogen_Compressor_Electrolyzer_small_Demand
	 - Adding Compressor hydrogen_Compressor_Storage_H2_lowP_hydrogenPipelineOnshore_lowP
	 - Adding Compressor hydrogen_Compressor_Storage_H2_lowP_hydrogenPipelineOnshore_highP
	 - Adding Compressor hydrogen_Compressor_Storage_H2_lowP_Storage_H2_lowP
	 - Adding Compressor hydrogen_Compressor_Storage_H2_lowP_Demand
	 - Adding Technology Electrolyzer_small
	 - Adding Technology Storage_H2_lowP
			gdp.bigm Transformation...
			gdp.bigm Transformation completed in 4 s
	 - Adding Compressor hydrogen_Compressor_hydrogenPipelineOnshore_lowP_hydrogenPipelineOnshore_lowP
	 - Adding Compressor hydrogen_Compressor_hydrogenPipelineOnshore_lowP_hydrogenPipelineOnshore_highP
	 - Adding Compressor hydrogen_Compressor_hydrogenPipelineOnshore_lowP_Storage_H2_lowP
	 - Adding Compressor hydrogen_Compressor_hydrogenPipelineOnshore_lowP_Demand
	 - Adding Compressor hydrogen_Compressor_hydrogenPipelineOnshore_highP_hydrogenPipelineOnshore_lowP
	 - Adding Compressor hydrogen_Compressor_hydrogenPipelineOnshore_highP_hydrogenPipelineOnshore_highP
	 - Adding Compressor hydrogen_Compressor_hydrogenPipelineOnshore_highP_Storage_H2_lowP
	 - Adding Compressor hydrogen_Compressor_hydrogenPipelineOnshore_highP_Demand
	 - Adding Compressor hydrogen_Compressor_Electrolyzer_small_hydrogenPipelineOnshore_lowP
	 - Adding Compressor hydrogen_Compressor_Electrolyzer_small_hydrogenPipelineOnshore_highP
	 - Adding Compressor hydrogen_Compressor_Electrolyzer_small_Storage_H2_lowP
	 - Adding Compressor hydrogen_Compressor_Electrolyzer_small_Demand
	 - Adding Compressor hydrogen_Compressor_Storage_H2_lowP_hydrogenPipelineOnshore_lowP
	 - Adding Compressor hydrogen_Compressor_Storage_H2_lowP_hydrogenPipelineOnshore_highP
	 - Adding Compressor hydrogen_Compressor_Storage_H2_lowP_Storage_H2_lowP
	 - Adding Compressor hydrogen_Compressor_Storage_H2_lowP_Demand
	 - Adding Technology Electrolyzer_small
	 - Adding Technology Storage_H2_lowP
			gdp.bigm Transformation...
			gdp.bigm Transformation completed in 4 s
	 - Adding Compressor hydrogen_Compressor_hydrogenPipelineOnshore_lowP_hydrogenPipelineOnshore_lowP
	 - Adding Compressor hydrogen_Compressor_hydrogenPipelineOnshore_lowP_hydrogenPipelineOnshore_highP
	 - Adding Compressor hydrogen_Compressor_hydrogenPipelineOnshore_lowP_Storage_H2_lowP
	 - Adding Compressor hydrogen_Compressor_hydrogenPipelineOnshore_lowP_Demand
	 - Adding Compressor hydrogen_Compressor_hydrogenPipelineOnshore_highP_hydrogenPipelineOnshore_lowP
	 - Adding Compressor hydrogen_Compressor_hydrogenPipelineOnshore_highP_hydrogenPipelineOnshore_highP
	 - Adding Compressor hydrogen_Compressor_hydrogenPipelineOnshore_highP_Storage_H2_lowP
	 - Adding Compressor hydrogen_Compressor_hydrogenPipelineOnshore_highP_Demand
	 - Adding Compressor hydrogen_Compressor_Electrolyzer_small_hydrogenPipelineOnshore_lowP
	 - Adding Compressor hydrogen_Compressor_Electrolyzer_small_hydrogenPipelineOnshore_highP
	 - Adding Compressor hydrogen_Compressor_Electrolyzer_small_Storage_H2_lowP
	 - Adding Compressor hydrogen_Compressor_Electrolyzer_small_Demand
	 - Adding Compressor hydrogen_Compressor_Storage_H2_lowP_hydrogenPipelineOnshore_lowP
	 - Adding Compressor hydrogen_Compressor_Storage_H2_lowP_hydrogenPipelineOnshore_highP
	 - Adding Compressor hydrogen_Compressor_Storage_H2_lowP_Storage_H2_lowP
	 - Adding Compressor hydrogen_Compressor_Storage_H2_lowP_Demand
	 - Adding Technology Electrolyzer_small
	 - Adding Technology Storage_H2_lowP
			gdp.bigm Transformation...
			gdp.bigm Transformation completed in 4 s
	 - Adding Compressor hydrogen_Compressor_hydrogenPipelineOnshore_lowP_hydrogenPipelineOnshore_lowP
	 - Adding Compressor hydrogen_Compressor_hydrogenPipelineOnshore_lowP_hydrogenPipelineOnshore_highP
	 - Adding Compressor hydrogen_Compressor_hydrogenPipelineOnshore_lowP_Storage_H2_lowP
	 - Adding Compressor hydrogen_Compressor_hydrogenPipelineOnshore_lowP_Demand
	 - Adding Compressor hydrogen_Compressor_hydrogenPipelineOnshore_highP_hydrogenPipelineOnshore_lowP
	 - Adding Compressor hydrogen_Compressor_hydrogenPipelineOnshore_highP_hydrogenPipelineOnshore_highP
	 - Adding Compressor hydrogen_Compressor_hydrogenPipelineOnshore_highP_Storage_H2_lowP
	 - Adding Compressor hydrogen_Compressor_hydrogenPipelineOnshore_highP_Demand
	 - Adding Compressor hydrogen_Compressor_Electrolyzer_small_hydrogenPipelineOnshore_lowP
	 - Adding Compressor hydrogen_Compressor_Electrolyzer_small_hydrogenPipelineOnshore_highP
	 - Adding Compressor hydrogen_Compressor_Electrolyzer_small_Storage_H2_lowP
	 - Adding Compressor hydrogen_Compressor_Electrolyzer_small_Demand
	 - Adding Compressor hydrogen_Compressor_Storage_H2_lowP_hydrogenPipelineOnshore_lowP
	 - Adding Compressor hydrogen_Compressor_Storage_H2_lowP_hydrogenPipelineOnshore_highP
	 - Adding Compressor hydrogen_Compressor_Storage_H2_lowP_Storage_H2_lowP
	 - Adding Compressor hydrogen_Compressor_Storage_H2_lowP_Demand
	 - Adding Technology Storage_H2_Cavern_existing
			gdp.bigm Transformation...
			gdp.bigm Transformation completed in 4 s
	 - Adding Compressor hydrogen_Compressor_hydrogenPipelineOnshore_lowP_hydrogenPipelineOnshore_lowP
	 - Adding Compressor hydrogen_Compressor_hydrogenPipelineOnshore_lowP_hydrogenPipelineOnshore_highP
	 - Adding Compressor hydrogen_Compressor_hydrogenPipelineOnshore_lowP_Storage_H2_Cavern_existing
	 - Adding Compressor hydrogen_Compressor_hydrogenPipelineOnshore_highP_hydrogenPipelineOnshore_lowP
	 - Adding Compressor hydrogen_Compressor_hydrogenPipelineOnshore_highP_hydrogenPipelineOnshore_highP
	 - Adding Compressor hydrogen_Compressor_hydrogenPipelineOnshore_highP_Storage_H2_Cavern_existing
	 - Adding Compressor hydrogen_Compressor_Storage_H2_Cavern_existing_hydrogenPipelineOnshore_lowP
	 - Adding Compressor hydrogen_Compressor_Storage_H2_Cavern_existing_hydrogenPipelineOnshore_highP
	 - Adding Compressor hydrogen_Compressor_Storage_H2_Cavern_existing_Storage_H2_Cavern_existing_existing
Constructing model completed in 610s
Constructing balances...
Constructing balances completed in 19s
Set objective on infrastructure due to willingness to pay
Set parameter OutputFlag to value 1
Set parameter LogFile to value "/gpfs/home3/scur1696/AdOpT-NET0-RegToNation/generic_node_optimization/results/parallel_creation_test_20251123_162207/parallel_run_0006/userData/20251123171620-1/solver_log.txt"
Solver log file: /gpfs/home3/scur1696/AdOpT-NET0-RegToNation/generic_node_optimization/results/parallel_creation_test_20251123_162207/parallel_run_0006/userData/20251123171620-1/solver_log.txt
Set parameter TimeLimit to value 180000
Set parameter MIPGap to value 0.01
Set parameter MIPFocus to value 0
Set parameter Threads to value 8
Set parameter NodefileStart to value 60
Set parameter Method to value -1
Set parameter Heuristics to value 0.05
Set parameter Presolve to value 1
Set parameter BranchDir to value 0
Set parameter LPWarmStart to value 0
Set parameter IntFeasTol to value 1e-05
Set parameter FeasibilityTol to value 1e-06
Set parameter Cuts to value -1
Set parameter NumericFocus to value 0
  40   8.48297152e+07  3.87046289e+11  5.67e+04 1.36e-06  1.85e+03   177s
Gurobi Optimizer version 13.0.0 build v13.0.0rc1 (linux64 - "Red Hat Enterprise Linux 9.4 (Plow)")

CPU model: AMD EPYC 9654 96-Core Processor, instruction set [SSE2|AVX|AVX2|AVX512]
Thread count: 192 physical cores, 192 logical processors, using up to 8 threads

Non-default parameters:
TimeLimit  180000
MIPGap  0.01
LPWarmStart  0
NodefileStart  60
Presolve  1
Threads  8

Academic license 2729390 - for non-commercial use only - registered to m.___@uu.nl
Optimize a model with 9050179 rows, 6728544 columns and 21385595 nonzeros (Min)
Model fingerprint: 0x7a112ba4
Model has 1 linear objective coefficients
Variable types: 5869892 continuous, 858652 integer (858652 binary)
Coefficient statistics:
  Matrix range     [2e-03, 2e+08]
  Objective range  [1e+00, 1e+00]
  Bounds range     [5e-02, 6e+08]
  RHS range        [1e+00, 7e+09]
Warning: Model contains large matrix coefficients
Warning: Model contains large rhs
         Consider reformulating model or setting NumericFocus parameter
         to avoid numerical issues.
  41   8.47511818e+07  4.55075699e+11  5.66e+04 2.60e-05  1.96e+03   179s
  42   8.41877941e+07  5.13569617e+11  5.60e+04 3.34e-05  1.95e+03   182s
  43   8.37959207e+07  5.90257655e+11  5.55e+04 4.77e-06  1.97e+03   184s
  44   8.34216467e+07  6.57631357e+11  5.51e+04 4.88e-06  1.98e+03   186s
Presolve removed 5361748 rows and 3924941 columns (presolve time = 5s)...
  45   8.32674409e+07  7.18919199e+11  5.49e+04 4.20e-06  2.03e+03   188s
  382918    1.1841245e+08   0.000000e+00   3.432381e+02   2728s
  46   8.29598098e+07  7.80424739e+11  5.46e+04 2.65e-06  2.04e+03   191s
Presolve removed 5528318 rows and 4082751 columns (presolve time = 10s)...
  47   8.26176914e+07  7.97608800e+11  5.42e+04 3.68e-06  1.99e+03   194s
  48   8.25448994e+07  8.63292616e+11  5.41e+04 3.81e-06  2.05e+03   196s
Presolve removed 5528318 rows and 4082751 columns (presolve time = 15s)...
  49   8.20388949e+07  9.25905012e+11  5.36e+04 3.81e-06  2.03e+03   198s
  50   8.15203094e+07  1.00922472e+12  5.30e+04 3.81e-06  2.03e+03   202s
Presolve removed 5528318 rows and 4082751 columns (presolve time = 20s)...
  51   8.11574892e+07  1.07576477e+12  5.27e+04 1.53e-05  2.03e+03   204s
  52   8.07583319e+07  1.11916816e+12  5.22e+04 9.30e-06  2.01e+03   206s
  53   8.05502452e+07  1.16618058e+12  5.20e+04 5.72e-06  2.02e+03   208s
Presolve removed 5528318 rows and 4082751 columns (presolve time = 26s)...
  54   8.04924209e+07  1.21246540e+12  5.20e+04 6.20e-06  2.05e+03   210s
Presolve removed 5545992 rows and 4161654 columns (presolve time = 30s)...
  383748    1.1841245e+08   0.000000e+00   2.645829e+02   2754s
  55   8.02103052e+07  1.27606922e+12  5.17e+04 2.66e-04  2.06e+03   215s
Presolve removed 5554871 rows and 4161696 columns (presolve time = 35s)...
  56   7.99180347e+07  1.33115445e+12  5.14e+04 7.57e-04  2.06e+03   220s

Barrier performed 56 iterations in 220.37 seconds (175.05 work units)
Numerical trouble encountered

Model may be infeasible or unbounded.  Consider using the
homogeneous algorithm (through parameter 'BarHomogeneous')

Presolve removed 5554871 rows and 4161696 columns (presolve time = 41s)...
Presolve removed 5554871 rows and 4161696 columns
Presolve time: 41.56s
Presolved: 3495308 rows, 2566848 columns, 11519714 nonzeros
Variable types: 2137564 continuous, 429284 integer (429284 binary)
  384578    1.1841245e+08   0.000000e+00   1.926853e+02   2782s
Found heuristic solution: objective 4.113460e+07
  385408    1.1841245e+08   0.000000e+00   6.224218e+01   2805s
Deterministic concurrent LP optimizer: primal simplex, dual simplex, and barrier
Showing barrier log only...

Waiting for other threads to finish...         284s
Root barrier log...

Ordering time: 3.19s
  386238    1.1841245e+08   0.000000e+00   3.723514e+01   2828s

Barrier statistics:
 Dense cols : 103
 AA' NZ     : 1.431e+07
 Factor NZ  : 6.500e+07 (roughly 2.6 GB of memory)
 Factor Ops : 4.406e+09 (less than 1 second per iteration)
 Threads    : 6

                  Objective                Residual
Iter       Primal          Dual         Primal    Dual     Compl     Time
   0   5.89968365e+09 -2.14671557e+11  2.03e+09 1.11e+01  4.04e+07   114s
   1   6.38833075e+09 -4.45024034e+11  1.96e+09 6.51e+01  3.85e+07   116s
   2   4.35105292e+09 -3.71495958e+11  1.22e+09 2.19e+00  2.43e+07   118s
   3   1.45555686e+09 -3.11329492e+11  1.26e+08 7.31e-05  2.63e+06   122s
   4   1.34681318e+09 -2.15292430e+11  2.31e+06 8.46e-05  8.00e+04   124s
   5   1.36298267e+09 -1.51463339e+11  6.35e+05 5.27e-05  3.47e+04   126s
   6   1.36661046e+09 -5.15153731e+10  2.98e+05 1.17e-05  1.13e+04   127s
   7   1.36499244e+09 -9.17774160e+09  8.28e+03 1.42e-06  1.68e+03   129s
   8   1.26572462e+09 -5.74920370e+09  3.65e+01 8.90e-07  1.10e+03   131s
  387068    1.1841245e+08   0.000000e+00   8.156840e+00   2848s
   9   8.83957646e+08 -3.12399227e+09  3.26e-07 4.95e-07  6.27e+02   133s
  10   4.23921457e+08 -6.44724389e+08  2.85e-06 8.61e-08  1.67e+02   135s
  11   2.17960191e+08 -4.34354033e+08  3.47e-06 6.07e-08  1.02e+02   138s
  12   1.56128782e+08 -3.63233230e+08  1.51e-07 5.04e-08  8.12e+01   140s
  13   1.14394801e+08 -1.64760804e+08  4.55e-07 2.45e-08  4.37e+01   141s
  14   8.09673350e+07 -1.17278337e+08  5.01e-07 1.74e-08  3.10e+01   143s
  15   6.86313300e+07 -8.55491218e+07  2.61e-08 1.27e-08  2.41e+01   145s
  16   4.30244570e+07 -1.41304104e+07  9.12e-07 2.12e-09  8.94e+00   149s
  387898    1.1841245e+08   0.000000e+00   2.958070e+00   2869s
  17   4.27737591e+07 -1.16925296e+07  8.80e-07 1.84e-09  8.52e+00   152s
  18   2.96976998e+07 -2.95990507e+06  5.99e-07 2.56e-09  5.11e+00   154s
  19   2.70062177e+07  3.30099673e+05  6.27e-07 4.77e-09  4.17e+00   156s
  20   2.58077603e+07  2.42982465e+06  4.93e-07 4.89e-10  3.66e+00   159s
  21   2.54858094e+07  2.73680216e+06  3.88e-07 4.70e-10  3.56e+00   162s
  22   2.47805334e+07  6.47861266e+06  3.95e-07 3.96e-10  2.86e+00   166s
  23   2.30756177e+07  9.66405536e+06  4.19e-07 6.75e-09  2.10e+00   169s
Waiting for other threads to finish...         347s
  388728    1.1841245e+08   0.000000e+00   1.663871e+00   2889s
  24   2.25551221e+07  1.02299113e+07  4.66e-07 8.45e-10  1.93e+00   173s
  25   1.68889144e+07  1.27773676e+07  3.17e-08 3.03e-09  6.43e-01   178s
  26   1.61719931e+07  1.37399264e+07  8.83e-08 1.34e-09  3.80e-01   186s
  389558    1.1841245e+08   0.000000e+00   7.692583e-01   2909s
  27   1.50217799e+07  1.40067078e+07  2.19e-05 2.15e-09  1.59e-01   194s
  28   1.47991487e+07  1.42403680e+07  1.96e-05 3.55e-10  8.74e-02   201s
  29   1.46089730e+07  1.43088147e+07  1.18e-05 3.84e-10  4.69e-02   206s
  30   1.44964138e+07  1.43387710e+07  5.94e-06 4.66e-09  2.47e-02   211s
  390388    1.1841245e+08   0.000000e+00   1.275846e-01   2930s
  31   1.44040450e+07  1.43507643e+07  6.27e-06 2.79e-09  8.33e-03   215s
  390607    1.1841245e+08   1.638687e-02   0.000000e+00   2937s
  32   1.43840496e+07  1.43589314e+07  2.95e-06 2.25e-10  3.93e-03   220s
  33   1.43763125e+07  1.43626169e+07  1.53e-06 3.91e-10  2.14e-03   224s
  390653    1.1841245e+08   0.000000e+00   0.000000e+00   2942s
Crossover time: 2531.77 seconds (3488.30 work units)
  34   1.43715654e+07  1.43649721e+07  6.69e-07 2.56e-09  1.03e-03   229s
Waiting for other threads to finish...         411s
  35   1.43695635e+07  1.43662676e+07  5.61e-07 8.70e-10  5.16e-04   233s
  36   1.43685063e+07  1.43669699e+07  3.63e-07 8.38e-09  2.40e-04   238s
  37   1.43681831e+07  1.43671936e+07  2.53e-07 5.82e-09  1.55e-04   243s
  38   1.43680329e+07  1.43673051e+07  1.96e-07 1.28e-09  1.14e-04   247s
  39   1.43679266e+07  1.43673747e+07  1.54e-07 5.12e-09  8.63e-05   252s
  40   1.43678023e+07  1.43674353e+07  1.29e-07 4.19e-10  5.74e-05   258s
  41   1.43677643e+07  1.43674679e+07  1.10e-07 7.22e-09  4.64e-05   263s
  42   1.43676339e+07  1.43675002e+07  1.27e-07 7.34e-10  2.09e-05   269s
  43   1.43675730e+07  1.43675121e+07  7.36e-08 2.91e-09  9.54e-06   275s
  44   1.43675543e+07  1.43675164e+07  1.55e-07 3.96e-09  5.92e-06   281s
  45   1.43675422e+07  1.43675193e+07  2.89e-08 6.98e-10  3.59e-06   284s
  46   1.43675305e+07  1.43675203e+07  1.35e-07 9.40e-10  1.59e-06   287s
Waiting for other threads to finish...        3006s
  47   1.43675243e+07  1.43675208e+07  9.39e-09 1.35e-08  5.52e-07   289s
  48   1.43675220e+07  1.43675209e+07  1.21e-08 7.71e-08  1.68e-07   291s
  49   1.43675210e+07  1.43675210e+07  1.77e-08 1.17e-07  1.05e-08   293s
  50   1.43675210e+07  1.43675210e+07  3.33e-07 2.82e-07  5.81e-10   295s

Barrier solved model in 50 iterations and 295.25 seconds (205.66 work units)
Optimal objective 1.43675210e+07


Root crossover log...

Waiting for other threads to finish...         474s
  233743 DPushes remaining with DInf 0.0000000e+00               297s
   36044 DPushes remaining with DInf 0.0000000e+00               301s
       0 DPushes remaining with DInf 0.0000000e+00               302s
Warning: Markowitz tolerance tightened to 0.5

  191139 PPushes remaining with PInf 3.4442890e-05               302s
   32938 PPushes remaining with PInf 0.0000000e+00               305s
   13484 PPushes remaining with PInf 0.0000000e+00               311s
       0 PPushes remaining with PInf 0.0000000e+00               315s

  Push phase complete: Pinf 0.0000000e+00, Dinf 7.1479456e+05    315s


Root simplex log...

Iteration    Objective       Primal Inf.    Dual Inf.      Time
  387191    1.4367521e+07   0.000000e+00   7.147946e+05    316s
  387194    1.4367521e+07   0.000000e+00   0.000000e+00    316s
Crossover time: 20.80 seconds (17.25 work units)
Concurrent spin time: 0.53s

Solved with barrier
  387194    1.4367521e+07   0.000000e+00   0.000000e+00    319s

Root relaxation: objective 1.436752e+07, 387194 iterations, 219.73 seconds (142.24 work units)
Total elapsed time = 320.14s (DegenMoves)
Waiting for other threads to finish...        3069s
Waiting for other threads to finish...         537s

    Nodes    |    Current Node    |     Objective Bounds      |     Work
 Expl Unexpl |  Obj  Depth IntInf | Incumbent    BestBd   Gap | It/Node Time

     0     0 1.4368e+07    0    4 4.1135e+07 1.4368e+07  65.1%     -  375s
H    0     0                    1.440325e+07 1.4368e+07  0.25%     -  377s

Explored 1 nodes (581183 simplex iterations) in 378.52 seconds (275.40 work units)
Thread count was 8 (of 192 available processors)

Solution count 2: 1.44032e+07 4.11346e+07 

Optimal solution found (tolerance 1.00e-02)
Warning: max constraint violation (1.3194e-05) exceeds tolerance
Best objective 1.440324504311e+07, best bound 1.436752096904e+07, gap 0.2480%
Set parameter LogFile to value ""
Waiting for other threads to finish...        3132s
Waiting for other threads to finish...         600s
Waiting for other threads to finish...        3196s

    Nodes    |    Current Node    |     Objective Bounds      |     Work
 Expl Unexpl |  Obj  Depth IntInf | Incumbent    BestBd   Gap | It/Node Time

     0     0 1.1655e+08    0    4          - 1.1655e+08      -     - 1105s
Waiting for other threads to finish...         663s
H    0     0                    1.235706e+08 1.1655e+08  5.68%     - 1115s
# ==========================================================
# = Solver Results                                         =
# ==========================================================
# ----------------------------------------------------------
#   Problem Information
# ----------------------------------------------------------
Problem: 
- Name: unknown
  Lower bound: 14367520.969040161
  Upper bound: 14403245.04311161
  Number of objectives: 1
  Number of constraints: 9050179
  Number of variables: 6728544
  Number of binary variables: 858652
  Number of integer variables: 858652
  Number of continuous variables: 5011240
  Number of nonzeros: 21385595
  Sense: minimize
  Number of solutions: 2
# ----------------------------------------------------------
#   Solver Information
# ----------------------------------------------------------
Solver: 
- Name: Gurobi 13.00
  Status: ok
  Wallclock time: 378.63998079299927
  Termination condition: optimal
  Termination message: Model was solved to optimality (subject to tolerances), and an optimal solution is available.
# ----------------------------------------------------------
#   Solution Information
# ----------------------------------------------------------
Solution: 
- number of solutions: 0
  number of solutions displayed: 0
Writing results to /gpfs/home3/scur1696/AdOpT-NET0-RegToNation/generic_node_optimization/results/parallel_creation_test_20251123_162207/parallel_run_0006/userData/20251123171620-1
[SUCCESS] Solved: parallel_run_0006
[SOLVING] parallel_run_0011
Set parameter Threads to value 8
Waiting for other threads to finish...        3259s
Waiting for other threads to finish...         726s
H    0     0                    1.206219e+08 1.1655e+08  3.37%     - 1186s
H    0     0                    1.166095e+08 1.1655e+08  0.05%     - 1187s

Explored 1 nodes (546172 simplex iterations) in 1188.85 seconds (927.73 work units)
Thread count was 8 (of 192 available processors)

Solution count 3: 1.16609e+08 1.20622e+08 1.23571e+08 

Optimal solution found (tolerance 1.00e-02)
Warning: max constraint violation (4.6108e-04) exceeds tolerance
Best objective 1.166094852354e+08, best bound 1.165508785098e+08, gap 0.0503%
Set parameter LogFile to value ""
Waiting for other threads to finish...        3322s
Waiting for other threads to finish...         790s
Waiting for other threads to finish...        3385s
Waiting for other threads to finish...         853s
# ==========================================================
# = Solver Results                                         =
# ==========================================================
# ----------------------------------------------------------
#   Problem Information
# ----------------------------------------------------------
Problem: 
- Name: unknown
  Lower bound: 116550878.50978346
  Upper bound: 116609485.2354148
  Number of objectives: 1
  Number of constraints: 9050179
  Number of variables: 6728544
  Number of binary variables: 858652
  Number of integer variables: 858652
  Number of continuous variables: 5011240
  Number of nonzeros: 21385595
  Sense: minimize
  Number of solutions: 3
# ----------------------------------------------------------
#   Solver Information
# ----------------------------------------------------------
Solver: 
- Name: Gurobi 13.00
  Status: ok
  Wallclock time: 1189.0259730815887
  Termination condition: optimal
  Termination message: Model was solved to optimality (subject to tolerances), and an optimal solution is available.
# ----------------------------------------------------------
#   Solution Information
# ----------------------------------------------------------
Solution: 
- number of solutions: 0
  number of solutions displayed: 0
Writing results to /gpfs/home3/scur1696/AdOpT-NET0-RegToNation/generic_node_optimization/results/parallel_creation_test_20251123_162207/parallel_run_0009/userData/20251123170601-1
[SUCCESS] Solved: parallel_run_0009
[SOLVING] parallel_run_0012
Set parameter Threads to value 8
Waiting for other threads to finish...        3448s
Waiting for other threads to finish...         916s
Waiting for other threads to finish...        3511s
Waiting for other threads to finish...         979s
Waiting for other threads to finish...        3575s
Waiting for other threads to finish...        1042s
Waiting for other threads to finish...        3638s
Waiting for other threads to finish...        1106s
Waiting for other threads to finish...        3701s
Waiting for other threads to finish...        1169s
Waiting for other threads to finish...        3764s
Waiting for other threads to finish...        1232s
Waiting for other threads to finish...        3827s
Waiting for other threads to finish...        1295s
Waiting for other threads to finish...        3890s
Waiting for other threads to finish...        1358s
  [CONFIG] Gurobi default env configured: 8 threads per worker
--- Reading in data ---
Input data folder has been checked successfully - no errors occurred.
--- Reading in data complete ---
--- Constructing Model ---
Constructing Investment Period period1
Constructing Investment Period period1 completed
	 - Constructing Network hydrogenPipelineOnshore_lowP
			gdp.bigm Transformation...
			gdp.bigm Transformation completed in 0 s
		 - Constructing Arc BIG1 - BIG2 completed
			gdp.bigm Transformation...
			gdp.bigm Transformation completed in 0 s
		 - Constructing Arc BIG1 - SMALL1 completed
			gdp.bigm Transformation...
			gdp.bigm Transformation completed in 0 s
		 - Constructing Arc BIG1 - SMALL2 completed
			gdp.bigm Transformation...
			gdp.bigm Transformation completed in 0 s
		 - Constructing Arc BIG1 - SMALL3 completed
			gdp.bigm Transformation...
			gdp.bigm Transformation completed in 0 s
		 - Constructing Arc BIG1 - SMALL4 completed
			gdp.bigm Transformation...
			gdp.bigm Transformation completed in 0 s
		 - Constructing Arc BIG1 - STORAGE completed
			gdp.bigm Transformation...
			gdp.bigm Transformation completed in 0 s
		 - Constructing Arc BIG2 - BIG1 completed
			gdp.bigm Transformation...
			gdp.bigm Transformation completed in 0 s
		 - Constructing Arc BIG2 - SMALL1 completed
			gdp.bigm Transformation...
			gdp.bigm Transformation completed in 0 s
		 - Constructing Arc BIG2 - SMALL2 completed
			gdp.bigm Transformation...
			gdp.bigm Transformation completed in 0 s
		 - Constructing Arc BIG2 - SMALL3 completed
			gdp.bigm Transformation...
			gdp.bigm Transformation completed in 0 s
		 - Constructing Arc BIG2 - SMALL4 completed
			gdp.bigm Transformation...
			gdp.bigm Transformation completed in 0 s
		 - Constructing Arc BIG2 - STORAGE completed
			gdp.bigm Transformation...
			gdp.bigm Transformation completed in 0 s
		 - Constructing Arc SMALL1 - BIG1 completed
			gdp.bigm Transformation...
			gdp.bigm Transformation completed in 0 s
		 - Constructing Arc SMALL1 - BIG2 completed
			gdp.bigm Transformation...
			gdp.bigm Transformation completed in 0 s
		 - Constructing Arc SMALL1 - SMALL2 completed
			gdp.bigm Transformation...
			gdp.bigm Transformation completed in 0 s
		 - Constructing Arc SMALL1 - SMALL3 completed
			gdp.bigm Transformation...
			gdp.bigm Transformation completed in 0 s
		 - Constructing Arc SMALL1 - SMALL4 completed
			gdp.bigm Transformation...
			gdp.bigm Transformation completed in 0 s
		 - Constructing Arc SMALL1 - STORAGE completed
			gdp.bigm Transformation...
			gdp.bigm Transformation completed in 0 s
		 - Constructing Arc SMALL2 - BIG1 completed
			gdp.bigm Transformation...
			gdp.bigm Transformation completed in 0 s
		 - Constructing Arc SMALL2 - BIG2 completed
			gdp.bigm Transformation...
			gdp.bigm Transformation completed in 0 s
		 - Constructing Arc SMALL2 - SMALL1 completed
			gdp.bigm Transformation...
			gdp.bigm Transformation completed in 0 s
		 - Constructing Arc SMALL2 - SMALL3 completed
			gdp.bigm Transformation...
			gdp.bigm Transformation completed in 0 s
		 - Constructing Arc SMALL2 - SMALL4 completed
			gdp.bigm Transformation...
			gdp.bigm Transformation completed in 0 s
		 - Constructing Arc SMALL2 - STORAGE completed
			gdp.bigm Transformation...
			gdp.bigm Transformation completed in 0 s
		 - Constructing Arc SMALL3 - BIG1 completed
			gdp.bigm Transformation...
			gdp.bigm Transformation completed in 0 s
		 - Constructing Arc SMALL3 - BIG2 completed
			gdp.bigm Transformation...
			gdp.bigm Transformation completed in 0 s
		 - Constructing Arc SMALL3 - SMALL1 completed
			gdp.bigm Transformation...
			gdp.bigm Transformation completed in 0 s
		 - Constructing Arc SMALL3 - SMALL2 completed
			gdp.bigm Transformation...
			gdp.bigm Transformation completed in 0 s
		 - Constructing Arc SMALL3 - SMALL4 completed
			gdp.bigm Transformation...
			gdp.bigm Transformation completed in 0 s
		 - Constructing Arc SMALL3 - STORAGE completed
			gdp.bigm Transformation...
			gdp.bigm Transformation completed in 0 s
		 - Constructing Arc SMALL4 - BIG1 completed
			gdp.bigm Transformation...
			gdp.bigm Transformation completed in 0 s
		 - Constructing Arc SMALL4 - BIG2 completed
			gdp.bigm Transformation...
			gdp.bigm Transformation completed in 0 s
		 - Constructing Arc SMALL4 - SMALL1 completed
			gdp.bigm Transformation...
			gdp.bigm Transformation completed in 0 s
		 - Constructing Arc SMALL4 - SMALL2 completed
			gdp.bigm Transformation...
			gdp.bigm Transformation completed in 0 s
		 - Constructing Arc SMALL4 - SMALL3 completed
			gdp.bigm Transformation...
			gdp.bigm Transformation completed in 0 s
		 - Constructing Arc SMALL4 - STORAGE completed
			gdp.bigm Transformation...
			gdp.bigm Transformation completed in 0 s
		 - Constructing Arc STORAGE - BIG1 completed
			gdp.bigm Transformation...
			gdp.bigm Transformation completed in 0 s
		 - Constructing Arc STORAGE - BIG2 completed
			gdp.bigm Transformation...
			gdp.bigm Transformation completed in 0 s
		 - Constructing Arc STORAGE - SMALL1 completed
			gdp.bigm Transformation...
			gdp.bigm Transformation completed in 0 s
		 - Constructing Arc STORAGE - SMALL2 completed
			gdp.bigm Transformation...
			gdp.bigm Transformation completed in 0 s
		 - Constructing Arc STORAGE - SMALL3 completed
			gdp.bigm Transformation...
			gdp.bigm Transformation completed in 0 s
		 - Constructing Arc STORAGE - SMALL4 completed
	 - Constructing Network hydrogenPipelineOnshore_lowP completed
			gdp.bigm Transformation...
			gdp.bigm Transformation completed in 80 s
	 - Constructing Network hydrogenPipelineOnshore_highP
			gdp.bigm Transformation...
			gdp.bigm Transformation completed in 0 s
		 - Constructing Arc BIG1 - BIG2 completed
			gdp.bigm Transformation...
			gdp.bigm Transformation completed in 0 s
		 - Constructing Arc BIG1 - SMALL1 completed
			gdp.bigm Transformation...
			gdp.bigm Transformation completed in 0 s
		 - Constructing Arc BIG1 - SMALL2 completed
			gdp.bigm Transformation...
			gdp.bigm Transformation completed in 0 s
		 - Constructing Arc BIG1 - SMALL3 completed
			gdp.bigm Transformation...
			gdp.bigm Transformation completed in 0 s
		 - Constructing Arc BIG1 - SMALL4 completed
			gdp.bigm Transformation...
			gdp.bigm Transformation completed in 0 s
		 - Constructing Arc BIG1 - STORAGE completed
			gdp.bigm Transformation...
			gdp.bigm Transformation completed in 0 s
		 - Constructing Arc BIG2 - BIG1 completed
			gdp.bigm Transformation...
			gdp.bigm Transformation completed in 0 s
		 - Constructing Arc BIG2 - SMALL1 completed
			gdp.bigm Transformation...
			gdp.bigm Transformation completed in 0 s
		 - Constructing Arc BIG2 - SMALL2 completed
			gdp.bigm Transformation...
			gdp.bigm Transformation completed in 0 s
		 - Constructing Arc BIG2 - SMALL3 completed
			gdp.bigm Transformation...
			gdp.bigm Transformation completed in 0 s
		 - Constructing Arc BIG2 - SMALL4 completed
			gdp.bigm Transformation...
			gdp.bigm Transformation completed in 0 s
		 - Constructing Arc BIG2 - STORAGE completed
			gdp.bigm Transformation...
			gdp.bigm Transformation completed in 0 s
		 - Constructing Arc SMALL1 - BIG1 completed
			gdp.bigm Transformation...
			gdp.bigm Transformation completed in 0 s
		 - Constructing Arc SMALL1 - BIG2 completed
			gdp.bigm Transformation...
			gdp.bigm Transformation completed in 0 s
		 - Constructing Arc SMALL1 - SMALL2 completed
			gdp.bigm Transformation...
			gdp.bigm Transformation completed in 0 s
		 - Constructing Arc SMALL1 - SMALL3 completed
			gdp.bigm Transformation...
			gdp.bigm Transformation completed in 0 s
		 - Constructing Arc SMALL1 - SMALL4 completed
			gdp.bigm Transformation...
			gdp.bigm Transformation completed in 0 s
		 - Constructing Arc SMALL1 - STORAGE completed
			gdp.bigm Transformation...
			gdp.bigm Transformation completed in 0 s
		 - Constructing Arc SMALL2 - BIG1 completed
			gdp.bigm Transformation...
			gdp.bigm Transformation completed in 0 s
		 - Constructing Arc SMALL2 - BIG2 completed
			gdp.bigm Transformation...
			gdp.bigm Transformation completed in 0 s
		 - Constructing Arc SMALL2 - SMALL1 completed
			gdp.bigm Transformation...
			gdp.bigm Transformation completed in 0 s
		 - Constructing Arc SMALL2 - SMALL3 completed
			gdp.bigm Transformation...
			gdp.bigm Transformation completed in 0 s
		 - Constructing Arc SMALL2 - SMALL4 completed
			gdp.bigm Transformation...
			gdp.bigm Transformation completed in 0 s
		 - Constructing Arc SMALL2 - STORAGE completed
			gdp.bigm Transformation...
			gdp.bigm Transformation completed in 0 s
		 - Constructing Arc SMALL3 - BIG1 completed
			gdp.bigm Transformation...
			gdp.bigm Transformation completed in 0 s
		 - Constructing Arc SMALL3 - BIG2 completed
			gdp.bigm Transformation...
			gdp.bigm Transformation completed in 0 s
		 - Constructing Arc SMALL3 - SMALL1 completed
			gdp.bigm Transformation...
			gdp.bigm Transformation completed in 0 s
		 - Constructing Arc SMALL3 - SMALL2 completed
			gdp.bigm Transformation...
			gdp.bigm Transformation completed in 0 s
		 - Constructing Arc SMALL3 - SMALL4 completed
			gdp.bigm Transformation...
			gdp.bigm Transformation completed in 0 s
		 - Constructing Arc SMALL3 - STORAGE completed
			gdp.bigm Transformation...
			gdp.bigm Transformation completed in 0 s
		 - Constructing Arc SMALL4 - BIG1 completed
			gdp.bigm Transformation...
			gdp.bigm Transformation completed in 0 s
		 - Constructing Arc SMALL4 - BIG2 completed
			gdp.bigm Transformation...
			gdp.bigm Transformation completed in 0 s
		 - Constructing Arc SMALL4 - SMALL1 completed
			gdp.bigm Transformation...
			gdp.bigm Transformation completed in 0 s
		 - Constructing Arc SMALL4 - SMALL2 completed
			gdp.bigm Transformation...
			gdp.bigm Transformation completed in 0 s
		 - Constructing Arc SMALL4 - SMALL3 completed
			gdp.bigm Transformation...
			gdp.bigm Transformation completed in 0 s
		 - Constructing Arc SMALL4 - STORAGE completed
			gdp.bigm Transformation...
			gdp.bigm Transformation completed in 0 s
		 - Constructing Arc STORAGE - BIG1 completed
			gdp.bigm Transformation...
			gdp.bigm Transformation completed in 0 s
		 - Constructing Arc STORAGE - BIG2 completed
			gdp.bigm Transformation...
			gdp.bigm Transformation completed in 0 s
		 - Constructing Arc STORAGE - SMALL1 completed
			gdp.bigm Transformation...
			gdp.bigm Transformation completed in 0 s
		 - Constructing Arc STORAGE - SMALL2 completed
			gdp.bigm Transformation...
			gdp.bigm Transformation completed in 0 s
		 - Constructing Arc STORAGE - SMALL3 completed
			gdp.bigm Transformation...
			gdp.bigm Transformation completed in 0 s
		 - Constructing Arc STORAGE - SMALL4 completed
	 - Constructing Network hydrogenPipelineOnshore_highP completed
			gdp.bigm Transformation...
			gdp.bigm Transformation completed in 79 s
	 - Adding Technology Electrolyzer_big
			gdp.bigm Transformation...
			gdp.bigm Transformation completed in 0 s
	 - Adding Technology Storage_H2_highP
			gdp.bigm Transformation...
			gdp.bigm Transformation completed in 4 s
	 - Adding Compressor hydrogen_Compressor_hydrogenPipelineOnshore_lowP_hydrogenPipelineOnshore_lowP
	 - Adding Compressor hydrogen_Compressor_hydrogenPipelineOnshore_lowP_hydrogenPipelineOnshore_highP
	 - Adding Compressor hydrogen_Compressor_hydrogenPipelineOnshore_lowP_Storage_H2_highP
	 - Adding Compressor hydrogen_Compressor_hydrogenPipelineOnshore_lowP_Demand
	 - Adding Compressor hydrogen_Compressor_hydrogenPipelineOnshore_highP_hydrogenPipelineOnshore_lowP
	 - Adding Compressor hydrogen_Compressor_hydrogenPipelineOnshore_highP_hydrogenPipelineOnshore_highP
	 - Adding Compressor hydrogen_Compressor_hydrogenPipelineOnshore_highP_Storage_H2_highP
	 - Adding Compressor hydrogen_Compressor_hydrogenPipelineOnshore_highP_Demand
	 - Adding Compressor hydrogen_Compressor_Electrolyzer_big_hydrogenPipelineOnshore_lowP
	 - Adding Compressor hydrogen_Compressor_Electrolyzer_big_hydrogenPipelineOnshore_highP
	 - Adding Compressor hydrogen_Compressor_Electrolyzer_big_Storage_H2_highP
	 - Adding Compressor hydrogen_Compressor_Electrolyzer_big_Demand
	 - Adding Compressor hydrogen_Compressor_Storage_H2_highP_hydrogenPipelineOnshore_lowP
	 - Adding Compressor hydrogen_Compressor_Storage_H2_highP_hydrogenPipelineOnshore_highP
	 - Adding Compressor hydrogen_Compressor_Storage_H2_highP_Storage_H2_highP
	 - Adding Compressor hydrogen_Compressor_Storage_H2_highP_Demand
	 - Adding Compressor hydrogen_Compressor_Import_hydrogenPipelineOnshore_lowP
	 - Adding Compressor hydrogen_Compressor_Import_hydrogenPipelineOnshore_highP
	 - Adding Compressor hydrogen_Compressor_Import_Storage_H2_highP
	 - Adding Compressor hydrogen_Compressor_Import_Demand_existing
	 - Adding Technology Electrolyzer_big
			gdp.bigm Transformation...
			gdp.bigm Transformation completed in 0 s
	 - Adding Technology Storage_H2_highP
			gdp.bigm Transformation...
			gdp.bigm Transformation completed in 4 s
	 - Adding Compressor hydrogen_Compressor_hydrogenPipelineOnshore_lowP_hydrogenPipelineOnshore_lowP
	 - Adding Compressor hydrogen_Compressor_hydrogenPipelineOnshore_lowP_hydrogenPipelineOnshore_highP
	 - Adding Compressor hydrogen_Compressor_hydrogenPipelineOnshore_lowP_Storage_H2_highP
	 - Adding Compressor hydrogen_Compressor_hydrogenPipelineOnshore_lowP_Demand
	 - Adding Compressor hydrogen_Compressor_hydrogenPipelineOnshore_highP_hydrogenPipelineOnshore_lowP
	 - Adding Compressor hydrogen_Compressor_hydrogenPipelineOnshore_highP_hydrogenPipelineOnshore_highP
	 - Adding Compressor hydrogen_Compressor_hydrogenPipelineOnshore_highP_Storage_H2_highP
	 - Adding Compressor hydrogen_Compressor_hydrogenPipelineOnshore_highP_Demand
	 - Adding Compressor hydrogen_Compressor_Electrolyzer_big_hydrogenPipelineOnshore_lowP
	 - Adding Compressor hydrogen_Compressor_Electrolyzer_big_hydrogenPipelineOnshore_highP
	 - Adding Compressor hydrogen_Compressor_Electrolyzer_big_Storage_H2_highP
	 - Adding Compressor hydrogen_Compressor_Electrolyzer_big_Demand
	 - Adding Compressor hydrogen_Compressor_Storage_H2_highP_hydrogenPipelineOnshore_lowP
	 - Adding Compressor hydrogen_Compressor_Storage_H2_highP_hydrogenPipelineOnshore_highP
	 - Adding Compressor hydrogen_Compressor_Storage_H2_highP_Storage_H2_highP
	 - Adding Compressor hydrogen_Compressor_Storage_H2_highP_Demand
	 - Adding Compressor hydrogen_Compressor_Import_hydrogenPipelineOnshore_lowP
	 - Adding Compressor hydrogen_Compressor_Import_hydrogenPipelineOnshore_highP
	 - Adding Compressor hydrogen_Compressor_Import_Storage_H2_highP
	 - Adding Compressor hydrogen_Compressor_Import_Demand_existing
	 - Adding Technology Electrolyzer_small
	 - Adding Technology Storage_H2_lowP
			gdp.bigm Transformation...
			gdp.bigm Transformation completed in 4 s
	 - Adding Compressor hydrogen_Compressor_hydrogenPipelineOnshore_lowP_hydrogenPipelineOnshore_lowP
	 - Adding Compressor hydrogen_Compressor_hydrogenPipelineOnshore_lowP_hydrogenPipelineOnshore_highP
	 - Adding Compressor hydrogen_Compressor_hydrogenPipelineOnshore_lowP_Storage_H2_lowP
	 - Adding Compressor hydrogen_Compressor_hydrogenPipelineOnshore_lowP_Demand
	 - Adding Compressor hydrogen_Compressor_hydrogenPipelineOnshore_highP_hydrogenPipelineOnshore_lowP
	 - Adding Compressor hydrogen_Compressor_hydrogenPipelineOnshore_highP_hydrogenPipelineOnshore_highP
	 - Adding Compressor hydrogen_Compressor_hydrogenPipelineOnshore_highP_Storage_H2_lowP
	 - Adding Compressor hydrogen_Compressor_hydrogenPipelineOnshore_highP_Demand
	 - Adding Compressor hydrogen_Compressor_Electrolyzer_small_hydrogenPipelineOnshore_lowP
	 - Adding Compressor hydrogen_Compressor_Electrolyzer_small_hydrogenPipelineOnshore_highP
	 - Adding Compressor hydrogen_Compressor_Electrolyzer_small_Storage_H2_lowP
	 - Adding Compressor hydrogen_Compressor_Electrolyzer_small_Demand
	 - Adding Compressor hydrogen_Compressor_Storage_H2_lowP_hydrogenPipelineOnshore_lowP
	 - Adding Compressor hydrogen_Compressor_Storage_H2_lowP_hydrogenPipelineOnshore_highP
	 - Adding Compressor hydrogen_Compressor_Storage_H2_lowP_Storage_H2_lowP
	 - Adding Compressor hydrogen_Compressor_Storage_H2_lowP_Demand
	 - Adding Technology Electrolyzer_small
	 - Adding Technology Storage_H2_lowP
			gdp.bigm Transformation...
			gdp.bigm Transformation completed in 4 s
	 - Adding Compressor hydrogen_Compressor_hydrogenPipelineOnshore_lowP_hydrogenPipelineOnshore_lowP
	 - Adding Compressor hydrogen_Compressor_hydrogenPipelineOnshore_lowP_hydrogenPipelineOnshore_highP
	 - Adding Compressor hydrogen_Compressor_hydrogenPipelineOnshore_lowP_Storage_H2_lowP
	 - Adding Compressor hydrogen_Compressor_hydrogenPipelineOnshore_lowP_Demand
	 - Adding Compressor hydrogen_Compressor_hydrogenPipelineOnshore_highP_hydrogenPipelineOnshore_lowP
	 - Adding Compressor hydrogen_Compressor_hydrogenPipelineOnshore_highP_hydrogenPipelineOnshore_highP
	 - Adding Compressor hydrogen_Compressor_hydrogenPipelineOnshore_highP_Storage_H2_lowP
	 - Adding Compressor hydrogen_Compressor_hydrogenPipelineOnshore_highP_Demand
	 - Adding Compressor hydrogen_Compressor_Electrolyzer_small_hydrogenPipelineOnshore_lowP
	 - Adding Compressor hydrogen_Compressor_Electrolyzer_small_hydrogenPipelineOnshore_highP
	 - Adding Compressor hydrogen_Compressor_Electrolyzer_small_Storage_H2_lowP
	 - Adding Compressor hydrogen_Compressor_Electrolyzer_small_Demand
	 - Adding Compressor hydrogen_Compressor_Storage_H2_lowP_hydrogenPipelineOnshore_lowP
	 - Adding Compressor hydrogen_Compressor_Storage_H2_lowP_hydrogenPipelineOnshore_highP
	 - Adding Compressor hydrogen_Compressor_Storage_H2_lowP_Storage_H2_lowP
	 - Adding Compressor hydrogen_Compressor_Storage_H2_lowP_Demand
	 - Adding Technology Electrolyzer_small
	 - Adding Technology Storage_H2_lowP
			gdp.bigm Transformation...
			gdp.bigm Transformation completed in 4 s
	 - Adding Compressor hydrogen_Compressor_hydrogenPipelineOnshore_lowP_hydrogenPipelineOnshore_lowP
	 - Adding Compressor hydrogen_Compressor_hydrogenPipelineOnshore_lowP_hydrogenPipelineOnshore_highP
	 - Adding Compressor hydrogen_Compressor_hydrogenPipelineOnshore_lowP_Storage_H2_lowP
	 - Adding Compressor hydrogen_Compressor_hydrogenPipelineOnshore_lowP_Demand
	 - Adding Compressor hydrogen_Compressor_hydrogenPipelineOnshore_highP_hydrogenPipelineOnshore_lowP
	 - Adding Compressor hydrogen_Compressor_hydrogenPipelineOnshore_highP_hydrogenPipelineOnshore_highP
	 - Adding Compressor hydrogen_Compressor_hydrogenPipelineOnshore_highP_Storage_H2_lowP
	 - Adding Compressor hydrogen_Compressor_hydrogenPipelineOnshore_highP_Demand
	 - Adding Compressor hydrogen_Compressor_Electrolyzer_small_hydrogenPipelineOnshore_lowP
	 - Adding Compressor hydrogen_Compressor_Electrolyzer_small_hydrogenPipelineOnshore_highP
	 - Adding Compressor hydrogen_Compressor_Electrolyzer_small_Storage_H2_lowP
	 - Adding Compressor hydrogen_Compressor_Electrolyzer_small_Demand
	 - Adding Compressor hydrogen_Compressor_Storage_H2_lowP_hydrogenPipelineOnshore_lowP
	 - Adding Compressor hydrogen_Compressor_Storage_H2_lowP_hydrogenPipelineOnshore_highP
	 - Adding Compressor hydrogen_Compressor_Storage_H2_lowP_Storage_H2_lowP
	 - Adding Compressor hydrogen_Compressor_Storage_H2_lowP_Demand
	 - Adding Technology Electrolyzer_small
	 - Adding Technology Storage_H2_lowP
			gdp.bigm Transformation...
			gdp.bigm Transformation completed in 4 s
	 - Adding Compressor hydrogen_Compressor_hydrogenPipelineOnshore_lowP_hydrogenPipelineOnshore_lowP
	 - Adding Compressor hydrogen_Compressor_hydrogenPipelineOnshore_lowP_hydrogenPipelineOnshore_highP
	 - Adding Compressor hydrogen_Compressor_hydrogenPipelineOnshore_lowP_Storage_H2_lowP
	 - Adding Compressor hydrogen_Compressor_hydrogenPipelineOnshore_lowP_Demand
	 - Adding Compressor hydrogen_Compressor_hydrogenPipelineOnshore_highP_hydrogenPipelineOnshore_lowP
	 - Adding Compressor hydrogen_Compressor_hydrogenPipelineOnshore_highP_hydrogenPipelineOnshore_highP
	 - Adding Compressor hydrogen_Compressor_hydrogenPipelineOnshore_highP_Storage_H2_lowP
	 - Adding Compressor hydrogen_Compressor_hydrogenPipelineOnshore_highP_Demand
	 - Adding Compressor hydrogen_Compressor_Electrolyzer_small_hydrogenPipelineOnshore_lowP
	 - Adding Compressor hydrogen_Compressor_Electrolyzer_small_hydrogenPipelineOnshore_highP
	 - Adding Compressor hydrogen_Compressor_Electrolyzer_small_Storage_H2_lowP
	 - Adding Compressor hydrogen_Compressor_Electrolyzer_small_Demand
	 - Adding Compressor hydrogen_Compressor_Storage_H2_lowP_hydrogenPipelineOnshore_lowP
	 - Adding Compressor hydrogen_Compressor_Storage_H2_lowP_hydrogenPipelineOnshore_highP
	 - Adding Compressor hydrogen_Compressor_Storage_H2_lowP_Storage_H2_lowP
	 - Adding Compressor hydrogen_Compressor_Storage_H2_lowP_Demand
	 - Adding Technology Storage_H2_Cavern_existing
			gdp.bigm Transformation...
			gdp.bigm Transformation completed in 4 s
	 - Adding Compressor hydrogen_Compressor_hydrogenPipelineOnshore_lowP_hydrogenPipelineOnshore_lowP
	 - Adding Compressor hydrogen_Compressor_hydrogenPipelineOnshore_lowP_hydrogenPipelineOnshore_highP
	 - Adding Compressor hydrogen_Compressor_hydrogenPipelineOnshore_lowP_Storage_H2_Cavern_existing
	 - Adding Compressor hydrogen_Compressor_hydrogenPipelineOnshore_highP_hydrogenPipelineOnshore_lowP
	 - Adding Compressor hydrogen_Compressor_hydrogenPipelineOnshore_highP_hydrogenPipelineOnshore_highP
	 - Adding Compressor hydrogen_Compressor_hydrogenPipelineOnshore_highP_Storage_H2_Cavern_existing
	 - Adding Compressor hydrogen_Compressor_Storage_H2_Cavern_existing_hydrogenPipelineOnshore_lowP
	 - Adding Compressor hydrogen_Compressor_Storage_H2_Cavern_existing_hydrogenPipelineOnshore_highP
	 - Adding Compressor hydrogen_Compressor_Storage_H2_Cavern_existing_Storage_H2_Cavern_existing_existing
Constructing model completed in 616s
Constructing balances...
Constructing balances completed in 20s
Set objective on infrastructure due to willingness to pay
Set parameter OutputFlag to value 1
Set parameter LogFile to value "/gpfs/home3/scur1696/AdOpT-NET0-RegToNation/generic_node_optimization/results/parallel_creation_test_20251123_162207/parallel_run_0010/userData/20251123173610-1/solver_log.txt"
Solver log file: /gpfs/home3/scur1696/AdOpT-NET0-RegToNation/generic_node_optimization/results/parallel_creation_test_20251123_162207/parallel_run_0010/userData/20251123173610-1/solver_log.txt
Set parameter TimeLimit to value 180000
Set parameter MIPGap to value 0.01
Set parameter MIPFocus to value 0
Set parameter Threads to value 8
Set parameter NodefileStart to value 60
Set parameter Method to value -1
Set parameter Heuristics to value 0.05
Set parameter Presolve to value 1
Set parameter BranchDir to value 0
Set parameter LPWarmStart to value 0
Set parameter IntFeasTol to value 1e-05
Set parameter FeasibilityTol to value 1e-06
Set parameter Cuts to value -1
Set parameter NumericFocus to value 0
Gurobi Optimizer version 13.0.0 build v13.0.0rc1 (linux64 - "Red Hat Enterprise Linux 9.4 (Plow)")

CPU model: AMD EPYC 9654 96-Core Processor, instruction set [SSE2|AVX|AVX2|AVX512]
Thread count: 192 physical cores, 192 logical processors, using up to 8 threads

Non-default parameters:
TimeLimit  180000
MIPGap  0.01
LPWarmStart  0
NodefileStart  60
Presolve  1
Threads  8

Academic license 2729390 - for non-commercial use only - registered to m.___@uu.nl
Optimize a model with 9050179 rows, 6728544 columns and 21385595 nonzeros (Min)
Model fingerprint: 0x10d75570
Model has 1 linear objective coefficients
Variable types: 5869892 continuous, 858652 integer (858652 binary)
Coefficient statistics:
  Matrix range     [2e-03, 2e+08]
  Objective range  [1e+00, 1e+00]
  Bounds range     [5e-02, 6e+08]
  RHS range        [1e+00, 6e+09]
Warning: Model contains large matrix coefficients
Warning: Model contains large rhs
         Consider reformulating model or setting NumericFocus parameter
         to avoid numerical issues.
Presolve removed 5361748 rows and 3924941 columns (presolve time = 5s)...
Presolve removed 5375567 rows and 3930000 columns (presolve time = 11s)...
Presolve removed 5528318 rows and 4082751 columns (presolve time = 15s)...
Presolve removed 5528318 rows and 4082751 columns (presolve time = 20s)...
Presolve removed 5528318 rows and 4082751 columns (presolve time = 25s)...
Presolve removed 5528318 rows and 4144064 columns (presolve time = 30s)...
Presolve removed 5545992 rows and 4161696 columns (presolve time = 35s)...
Waiting for other threads to finish...        3954s
Presolve removed 5554871 rows and 4161696 columns (presolve time = 40s)...
Presolve removed 5554871 rows and 4161696 columns (presolve time = 45s)...
Waiting for other threads to finish...        1421s
Presolve removed 5554871 rows and 4161696 columns
Presolve time: 47.34s
Presolved: 3495308 rows, 2566848 columns, 11519714 nonzeros
Variable types: 2137564 continuous, 429284 integer (429284 binary)
Deterministic concurrent LP optimizer: primal simplex, dual simplex, and barrier
Showing barrier log only...

Root barrier log...

Ordering time: 2.80s

Barrier statistics:
 Dense cols : 103
 AA' NZ     : 1.544e+07
 Factor NZ  : 6.624e+07 (roughly 2.6 GB of memory)
 Factor Ops : 4.369e+09 (less than 1 second per iteration)
 Threads    : 5

                  Objective                Residual
Iter       Primal          Dual         Primal    Dual     Compl     Time
   0   2.14220649e+10 -2.57560681e+11  8.14e+09 1.20e+01  1.36e+08    91s
   1   2.28555045e+10 -4.30504463e+11  7.89e+09 6.33e+01  1.24e+08    92s
   2   1.47001617e+10 -4.03769867e+11  4.73e+09 3.60e+00  7.51e+07    94s
   3   4.85091937e+09 -3.74313115e+11  8.40e+08 2.32e-06  1.36e+07    96s
   4   3.12652987e+09 -3.21730427e+11  7.04e+07 2.92e-06  1.19e+06    98s
   5   3.04190713e+09 -2.34367289e+11  1.63e+07 3.38e-03  2.93e+05   100s
   6   3.03368635e+09 -2.30621740e+11  1.16e+07 2.67e-03  2.15e+05   101s
   7   3.03001375e+09 -1.80382638e+11  1.01e+07 1.21e-02  1.79e+05   104s
   8   3.02042690e+09 -1.67245282e+11  7.25e+06 1.65e-02  1.34e+05   106s
   9   2.77746384e+09 -1.50887361e+11  5.90e+06 1.22e-02  1.12e+05   107s
Waiting for other threads to finish...        4017s
  10   2.16049860e+09 -1.17702847e+11  4.26e+06 1.25e-02  8.12e+04   111s
  11   1.91868081e+09 -6.96288578e+10  3.88e+06 1.18e-03  6.81e+04   113s
Waiting for other threads to finish...        1485s
  12   1.25933963e+09 -6.29379076e+10  2.68e+06 1.22e-03  4.93e+04   117s
  13   1.12186997e+09 -4.94868196e+10  2.41e+06 1.05e-03  4.36e+04   120s
  14   6.68672964e+08 -4.04826840e+10  1.58e+06 1.02e-03  2.98e+04   124s
  15   4.22060647e+08 -1.53503283e+10  1.13e+06 4.72e-04  2.06e+04   127s
  16   1.73714991e+08 -2.17341624e+09  6.78e+05 4.08e-04  1.23e+04   129s
  17   1.27915955e+08  3.22647447e+09  5.95e+05 3.73e-07  1.05e+04   132s
  18   8.15785751e+07  5.50602641e+09  5.06e+05 6.37e-07  8.95e+03   134s
  19   6.75246955e+07  1.27110667e+10  4.77e+05 1.86e-08  8.98e+03   136s
  20   6.22316193e+07  1.99122730e+10  4.57e+05 2.11e-08  9.25e+03   138s
  21   4.63034813e+07  3.74781039e+10  4.14e+05 2.96e-04  9.51e+03   141s
  22   3.36162018e+07  5.58516318e+10  3.82e+05 5.38e-04  9.43e+03   143s
  23   2.20896422e+07  9.88302364e+10  3.47e+05 4.67e-04  9.26e+03   144s
  24   1.74884683e+07  1.55467884e+11  3.32e+05 6.90e-05  9.94e+03   146s
  25   1.32379314e+07  3.07567778e+11  3.20e+05 3.47e-04  1.20e+04   149s
  26   9.48279308e+06  5.39876118e+11  3.08e+05 3.27e-07  1.35e+04   152s
  27   7.60558894e+06  7.39711087e+11  3.03e+05 4.04e-05  1.41e+04   154s
  28   6.86956502e+06  1.08001557e+12  3.00e+05 1.99e-05  1.67e+04   156s
  29   5.45331028e+06  1.43092749e+12  2.96e+05 5.07e-07  1.69e+04   158s
  30   4.77497227e+06  2.07134029e+12  2.94e+05 1.68e-06  1.95e+04   160s
  31   4.76070176e+06  2.12962653e+12  2.94e+05 3.02e-06  1.97e+04   162s
  32   4.74530043e+06  2.23755306e+12  2.94e+05 1.17e-06  1.98e+04   164s
  33   4.72595367e+06  3.23339876e+12  2.93e+05 1.92e-06  2.14e+04   167s
  34   4.43701541e+06  4.53902047e+12  2.91e+05 1.88e-06  2.12e+04   171s
Waiting for other threads to finish...        4080s
  35   2.14220649e+10 -2.57560681e+11  8.14e+09 1.20e+01  1.36e+08   175s
Waiting for other threads to finish...        1548s
  36   2.56982759e+09 -2.87730660e+10  1.05e+09 1.29e+01  1.91e+06   185s
  37   4.74003722e+08 -2.19762380e+09  2.00e+08 1.26e+00  3.53e+04   193s
  38   5.07355231e+07 -5.69461486e+08  2.48e+07 6.15e-01  1.51e+03   196s
  39   6.49204315e+06 -1.69692856e+08  2.63e+06 2.34e-01  9.63e+01   200s
  40   2.44906275e+06 -9.27566571e+07  9.83e+05 1.45e-01  3.71e+01   203s
  41   1.39727801e+06 -4.55545082e+07  5.51e+05 7.00e-02  1.98e+01   206s
  42   1.11764943e+06 -3.29434936e+07  4.27e+05 7.07e-02  1.64e+01   208s
  43   1.12428137e+06 -3.03653860e+07  3.99e+05 2.71e-02  2.32e+01   210s
  44   1.26823317e+06 -3.11618786e+07  4.06e+05 1.50e-09  6.29e+01   212s
  45   2.72763731e+06 -5.66458894e+06  4.14e+05 8.51e-08  1.49e+03   214s
  46   3.40166769e+07  4.25763885e+11  4.39e+05 1.91e-02  3.13e+08   216s
  47   3.44814522e+07  4.25815855e+11  4.40e+05 9.17e-03  5.20e+08   218s
  48*  3.43620961e+07  1.18742010e+14  1.58e+00 6.82e-02  3.44e+02   220s
  49*  3.41825459e+07  2.32822955e+19  6.32e-06 7.66e-02  5.42e-03   222s
  50*  3.23480960e+07  9.13878551e+21  6.40e-08 6.22e+01  9.75e-04   224s
  51*  2.95624255e+07  5.49084497e+26  4.90e-13 7.56e+02  1.61e-07   226s
  52*  2.95624255e+07  4.31308925e+30  4.90e-18 8.04e-01  1.61e-12   229s
  53*  2.95624255e+07  4.25115784e+35  4.90e-23 1.21e+00  1.60e-17   231s
  54*  2.95624255e+07  2.83942036e+37  4.97e-25 7.26e-01  1.10e-19   233s
Waiting for other threads to finish...        4143s
  55*  2.95658764e+07  6.26624519e+37  5.62e-26 1.12e-01  2.98e-21   235s
  56*  3.03843301e+07  4.28728212e+39  1.16e-26 3.80e-01  3.04e-21   237s
  57*  3.08556207e+07  4.87225713e+40  9.20e-27 5.28e-01  4.45e-21   239s
  58*  3.08556207e+07  1.47170795e+42  9.20e-27 6.22e+00  3.98e-20   241s
Waiting for other threads to finish...        1611s
  59*  2.62016467e+06  1.28912747e+43  5.61e-26 5.12e+02  4.74e-18   244s
  60*  5.92862380e+06  1.56557462e+45  4.68e-27 1.01e+04  8.60e-17   246s
  61*  5.92862380e+06  5.45647538e+46  4.68e-27 1.73e+04  2.60e-16   249s
  62*  5.92862380e+06  1.60155611e+47  4.68e-27 9.51e+05  8.32e-15   251s

Barrier performed 62 iterations in 250.54 seconds (177.57 work units)
Numerical trouble encountered

Waiting for other threads to finish...        4206s
Waiting for other threads to finish...        1674s
Waiting for other threads to finish...         315s
Waiting for other threads to finish...        4269s
Waiting for other threads to finish...        1737s
Waiting for other threads to finish...         378s
Waiting for other threads to finish...        4333s
Waiting for other threads to finish...        1800s
Waiting for other threads to finish...         441s
Waiting for other threads to finish...        4396s
Waiting for other threads to finish...        1864s
Waiting for other threads to finish...         504s
Waiting for other threads to finish...        4459s
Waiting for other threads to finish...        1927s
Waiting for other threads to finish...         567s
  [CONFIG] Gurobi default env configured: 8 threads per worker
--- Reading in data ---
Input data folder has been checked successfully - no errors occurred.
--- Reading in data complete ---
--- Constructing Model ---
Constructing Investment Period period1
Constructing Investment Period period1 completed
	 - Constructing Network hydrogenPipelineOnshore_lowP
			gdp.bigm Transformation...
			gdp.bigm Transformation completed in 0 s
		 - Constructing Arc BIG1 - BIG2 completed
			gdp.bigm Transformation...
			gdp.bigm Transformation completed in 0 s
		 - Constructing Arc BIG1 - SMALL1 completed
			gdp.bigm Transformation...
			gdp.bigm Transformation completed in 0 s
		 - Constructing Arc BIG1 - SMALL2 completed
			gdp.bigm Transformation...
			gdp.bigm Transformation completed in 0 s
		 - Constructing Arc BIG1 - SMALL3 completed
			gdp.bigm Transformation...
			gdp.bigm Transformation completed in 0 s
		 - Constructing Arc BIG1 - SMALL4 completed
			gdp.bigm Transformation...
			gdp.bigm Transformation completed in 0 s
		 - Constructing Arc BIG1 - STORAGE completed
			gdp.bigm Transformation...
			gdp.bigm Transformation completed in 0 s
		 - Constructing Arc BIG2 - BIG1 completed
			gdp.bigm Transformation...
			gdp.bigm Transformation completed in 0 s
		 - Constructing Arc BIG2 - SMALL1 completed
			gdp.bigm Transformation...
			gdp.bigm Transformation completed in 0 s
		 - Constructing Arc BIG2 - SMALL2 completed
			gdp.bigm Transformation...
			gdp.bigm Transformation completed in 0 s
		 - Constructing Arc BIG2 - SMALL3 completed
			gdp.bigm Transformation...
			gdp.bigm Transformation completed in 0 s
		 - Constructing Arc BIG2 - SMALL4 completed
			gdp.bigm Transformation...
			gdp.bigm Transformation completed in 0 s
		 - Constructing Arc BIG2 - STORAGE completed
			gdp.bigm Transformation...
			gdp.bigm Transformation completed in 0 s
		 - Constructing Arc SMALL1 - BIG1 completed
			gdp.bigm Transformation...
			gdp.bigm Transformation completed in 0 s
		 - Constructing Arc SMALL1 - BIG2 completed
			gdp.bigm Transformation...
			gdp.bigm Transformation completed in 0 s
		 - Constructing Arc SMALL1 - SMALL2 completed
			gdp.bigm Transformation...
			gdp.bigm Transformation completed in 0 s
		 - Constructing Arc SMALL1 - SMALL3 completed
			gdp.bigm Transformation...
			gdp.bigm Transformation completed in 0 s
		 - Constructing Arc SMALL1 - SMALL4 completed
			gdp.bigm Transformation...
			gdp.bigm Transformation completed in 0 s
		 - Constructing Arc SMALL1 - STORAGE completed
			gdp.bigm Transformation...
			gdp.bigm Transformation completed in 0 s
		 - Constructing Arc SMALL2 - BIG1 completed
			gdp.bigm Transformation...
			gdp.bigm Transformation completed in 0 s
		 - Constructing Arc SMALL2 - BIG2 completed
			gdp.bigm Transformation...
			gdp.bigm Transformation completed in 0 s
		 - Constructing Arc SMALL2 - SMALL1 completed
			gdp.bigm Transformation...
			gdp.bigm Transformation completed in 0 s
		 - Constructing Arc SMALL2 - SMALL3 completed
			gdp.bigm Transformation...
			gdp.bigm Transformation completed in 0 s
		 - Constructing Arc SMALL2 - SMALL4 completed
			gdp.bigm Transformation...
			gdp.bigm Transformation completed in 0 s
		 - Constructing Arc SMALL2 - STORAGE completed
			gdp.bigm Transformation...
			gdp.bigm Transformation completed in 0 s
		 - Constructing Arc SMALL3 - BIG1 completed
			gdp.bigm Transformation...
			gdp.bigm Transformation completed in 0 s
		 - Constructing Arc SMALL3 - BIG2 completed
			gdp.bigm Transformation...
			gdp.bigm Transformation completed in 0 s
		 - Constructing Arc SMALL3 - SMALL1 completed
			gdp.bigm Transformation...
			gdp.bigm Transformation completed in 0 s
		 - Constructing Arc SMALL3 - SMALL2 completed
			gdp.bigm Transformation...
			gdp.bigm Transformation completed in 0 s
		 - Constructing Arc SMALL3 - SMALL4 completed
			gdp.bigm Transformation...
			gdp.bigm Transformation completed in 0 s
		 - Constructing Arc SMALL3 - STORAGE completed
			gdp.bigm Transformation...
			gdp.bigm Transformation completed in 0 s
		 - Constructing Arc SMALL4 - BIG1 completed
			gdp.bigm Transformation...
			gdp.bigm Transformation completed in 0 s
		 - Constructing Arc SMALL4 - BIG2 completed
			gdp.bigm Transformation...
			gdp.bigm Transformation completed in 0 s
		 - Constructing Arc SMALL4 - SMALL1 completed
			gdp.bigm Transformation...
			gdp.bigm Transformation completed in 0 s
		 - Constructing Arc SMALL4 - SMALL2 completed
			gdp.bigm Transformation...
			gdp.bigm Transformation completed in 0 s
		 - Constructing Arc SMALL4 - SMALL3 completed
			gdp.bigm Transformation...
			gdp.bigm Transformation completed in 0 s
		 - Constructing Arc SMALL4 - STORAGE completed
			gdp.bigm Transformation...
			gdp.bigm Transformation completed in 0 s
		 - Constructing Arc STORAGE - BIG1 completed
			gdp.bigm Transformation...
			gdp.bigm Transformation completed in 0 s
		 - Constructing Arc STORAGE - BIG2 completed
			gdp.bigm Transformation...
			gdp.bigm Transformation completed in 0 s
		 - Constructing Arc STORAGE - SMALL1 completed
			gdp.bigm Transformation...
			gdp.bigm Transformation completed in 0 s
		 - Constructing Arc STORAGE - SMALL2 completed
			gdp.bigm Transformation...
			gdp.bigm Transformation completed in 0 s
		 - Constructing Arc STORAGE - SMALL3 completed
			gdp.bigm Transformation...
			gdp.bigm Transformation completed in 0 s
		 - Constructing Arc STORAGE - SMALL4 completed
	 - Constructing Network hydrogenPipelineOnshore_lowP completed
			gdp.bigm Transformation...
			gdp.bigm Transformation completed in 80 s
	 - Constructing Network hydrogenPipelineOnshore_highP
			gdp.bigm Transformation...
			gdp.bigm Transformation completed in 0 s
		 - Constructing Arc BIG1 - BIG2 completed
			gdp.bigm Transformation...
			gdp.bigm Transformation completed in 0 s
		 - Constructing Arc BIG1 - SMALL1 completed
			gdp.bigm Transformation...
			gdp.bigm Transformation completed in 0 s
		 - Constructing Arc BIG1 - SMALL2 completed
			gdp.bigm Transformation...
			gdp.bigm Transformation completed in 0 s
		 - Constructing Arc BIG1 - SMALL3 completed
			gdp.bigm Transformation...
			gdp.bigm Transformation completed in 0 s
		 - Constructing Arc BIG1 - SMALL4 completed
			gdp.bigm Transformation...
			gdp.bigm Transformation completed in 0 s
		 - Constructing Arc BIG1 - STORAGE completed
			gdp.bigm Transformation...
			gdp.bigm Transformation completed in 0 s
		 - Constructing Arc BIG2 - BIG1 completed
			gdp.bigm Transformation...
			gdp.bigm Transformation completed in 0 s
		 - Constructing Arc BIG2 - SMALL1 completed
			gdp.bigm Transformation...
			gdp.bigm Transformation completed in 0 s
		 - Constructing Arc BIG2 - SMALL2 completed
			gdp.bigm Transformation...
			gdp.bigm Transformation completed in 0 s
		 - Constructing Arc BIG2 - SMALL3 completed
			gdp.bigm Transformation...
			gdp.bigm Transformation completed in 0 s
		 - Constructing Arc BIG2 - SMALL4 completed
			gdp.bigm Transformation...
			gdp.bigm Transformation completed in 0 s
		 - Constructing Arc BIG2 - STORAGE completed
			gdp.bigm Transformation...
			gdp.bigm Transformation completed in 0 s
		 - Constructing Arc SMALL1 - BIG1 completed
			gdp.bigm Transformation...
			gdp.bigm Transformation completed in 0 s
		 - Constructing Arc SMALL1 - BIG2 completed
			gdp.bigm Transformation...
			gdp.bigm Transformation completed in 0 s
		 - Constructing Arc SMALL1 - SMALL2 completed
			gdp.bigm Transformation...
			gdp.bigm Transformation completed in 0 s
		 - Constructing Arc SMALL1 - SMALL3 completed
			gdp.bigm Transformation...
			gdp.bigm Transformation completed in 0 s
		 - Constructing Arc SMALL1 - SMALL4 completed
			gdp.bigm Transformation...
			gdp.bigm Transformation completed in 0 s
		 - Constructing Arc SMALL1 - STORAGE completed
			gdp.bigm Transformation...
			gdp.bigm Transformation completed in 0 s
		 - Constructing Arc SMALL2 - BIG1 completed
			gdp.bigm Transformation...
			gdp.bigm Transformation completed in 0 s
		 - Constructing Arc SMALL2 - BIG2 completed
			gdp.bigm Transformation...
			gdp.bigm Transformation completed in 0 s
		 - Constructing Arc SMALL2 - SMALL1 completed
			gdp.bigm Transformation...
			gdp.bigm Transformation completed in 0 s
		 - Constructing Arc SMALL2 - SMALL3 completed
			gdp.bigm Transformation...
			gdp.bigm Transformation completed in 0 s
		 - Constructing Arc SMALL2 - SMALL4 completed
			gdp.bigm Transformation...
			gdp.bigm Transformation completed in 0 s
		 - Constructing Arc SMALL2 - STORAGE completed
			gdp.bigm Transformation...
			gdp.bigm Transformation completed in 0 s
		 - Constructing Arc SMALL3 - BIG1 completed
			gdp.bigm Transformation...
			gdp.bigm Transformation completed in 0 s
		 - Constructing Arc SMALL3 - BIG2 completed
			gdp.bigm Transformation...
			gdp.bigm Transformation completed in 0 s
		 - Constructing Arc SMALL3 - SMALL1 completed
			gdp.bigm Transformation...
			gdp.bigm Transformation completed in 0 s
		 - Constructing Arc SMALL3 - SMALL2 completed
			gdp.bigm Transformation...
			gdp.bigm Transformation completed in 0 s
		 - Constructing Arc SMALL3 - SMALL4 completed
			gdp.bigm Transformation...
			gdp.bigm Transformation completed in 0 s
		 - Constructing Arc SMALL3 - STORAGE completed
			gdp.bigm Transformation...
			gdp.bigm Transformation completed in 0 s
		 - Constructing Arc SMALL4 - BIG1 completed
			gdp.bigm Transformation...
			gdp.bigm Transformation completed in 0 s
		 - Constructing Arc SMALL4 - BIG2 completed
			gdp.bigm Transformation...
			gdp.bigm Transformation completed in 0 s
		 - Constructing Arc SMALL4 - SMALL1 completed
			gdp.bigm Transformation...
			gdp.bigm Transformation completed in 0 s
		 - Constructing Arc SMALL4 - SMALL2 completed
			gdp.bigm Transformation...
			gdp.bigm Transformation completed in 0 s
		 - Constructing Arc SMALL4 - SMALL3 completed
			gdp.bigm Transformation...
			gdp.bigm Transformation completed in 0 s
		 - Constructing Arc SMALL4 - STORAGE completed
			gdp.bigm Transformation...
			gdp.bigm Transformation completed in 0 s
		 - Constructing Arc STORAGE - BIG1 completed
			gdp.bigm Transformation...
			gdp.bigm Transformation completed in 0 s
		 - Constructing Arc STORAGE - BIG2 completed
			gdp.bigm Transformation...
			gdp.bigm Transformation completed in 0 s
		 - Constructing Arc STORAGE - SMALL1 completed
			gdp.bigm Transformation...
			gdp.bigm Transformation completed in 0 s
		 - Constructing Arc STORAGE - SMALL2 completed
			gdp.bigm Transformation...
			gdp.bigm Transformation completed in 0 s
		 - Constructing Arc STORAGE - SMALL3 completed
			gdp.bigm Transformation...
			gdp.bigm Transformation completed in 0 s
		 - Constructing Arc STORAGE - SMALL4 completed
	 - Constructing Network hydrogenPipelineOnshore_highP completed
			gdp.bigm Transformation...
			gdp.bigm Transformation completed in 79 s
	 - Adding Technology Electrolyzer_big
			gdp.bigm Transformation...
			gdp.bigm Transformation completed in 0 s
	 - Adding Technology Storage_H2_highP
			gdp.bigm Transformation...
			gdp.bigm Transformation completed in 4 s
	 - Adding Compressor hydrogen_Compressor_hydrogenPipelineOnshore_lowP_hydrogenPipelineOnshore_lowP
	 - Adding Compressor hydrogen_Compressor_hydrogenPipelineOnshore_lowP_hydrogenPipelineOnshore_highP
	 - Adding Compressor hydrogen_Compressor_hydrogenPipelineOnshore_lowP_Storage_H2_highP
	 - Adding Compressor hydrogen_Compressor_hydrogenPipelineOnshore_lowP_Demand
	 - Adding Compressor hydrogen_Compressor_hydrogenPipelineOnshore_highP_hydrogenPipelineOnshore_lowP
	 - Adding Compressor hydrogen_Compressor_hydrogenPipelineOnshore_highP_hydrogenPipelineOnshore_highP
	 - Adding Compressor hydrogen_Compressor_hydrogenPipelineOnshore_highP_Storage_H2_highP
	 - Adding Compressor hydrogen_Compressor_hydrogenPipelineOnshore_highP_Demand
	 - Adding Compressor hydrogen_Compressor_Electrolyzer_big_hydrogenPipelineOnshore_lowP
	 - Adding Compressor hydrogen_Compressor_Electrolyzer_big_hydrogenPipelineOnshore_highP
	 - Adding Compressor hydrogen_Compressor_Electrolyzer_big_Storage_H2_highP
	 - Adding Compressor hydrogen_Compressor_Electrolyzer_big_Demand
	 - Adding Compressor hydrogen_Compressor_Storage_H2_highP_hydrogenPipelineOnshore_lowP
	 - Adding Compressor hydrogen_Compressor_Storage_H2_highP_hydrogenPipelineOnshore_highP
	 - Adding Compressor hydrogen_Compressor_Storage_H2_highP_Storage_H2_highP
	 - Adding Compressor hydrogen_Compressor_Storage_H2_highP_Demand
	 - Adding Compressor hydrogen_Compressor_Import_hydrogenPipelineOnshore_lowP
	 - Adding Compressor hydrogen_Compressor_Import_hydrogenPipelineOnshore_highP
	 - Adding Compressor hydrogen_Compressor_Import_Storage_H2_highP
	 - Adding Compressor hydrogen_Compressor_Import_Demand_existing
	 - Adding Technology Electrolyzer_big
			gdp.bigm Transformation...
			gdp.bigm Transformation completed in 0 s
	 - Adding Technology Storage_H2_highP
			gdp.bigm Transformation...
			gdp.bigm Transformation completed in 4 s
	 - Adding Compressor hydrogen_Compressor_hydrogenPipelineOnshore_lowP_hydrogenPipelineOnshore_lowP
	 - Adding Compressor hydrogen_Compressor_hydrogenPipelineOnshore_lowP_hydrogenPipelineOnshore_highP
	 - Adding Compressor hydrogen_Compressor_hydrogenPipelineOnshore_lowP_Storage_H2_highP
	 - Adding Compressor hydrogen_Compressor_hydrogenPipelineOnshore_lowP_Demand
	 - Adding Compressor hydrogen_Compressor_hydrogenPipelineOnshore_highP_hydrogenPipelineOnshore_lowP
	 - Adding Compressor hydrogen_Compressor_hydrogenPipelineOnshore_highP_hydrogenPipelineOnshore_highP
	 - Adding Compressor hydrogen_Compressor_hydrogenPipelineOnshore_highP_Storage_H2_highP
	 - Adding Compressor hydrogen_Compressor_hydrogenPipelineOnshore_highP_Demand
	 - Adding Compressor hydrogen_Compressor_Electrolyzer_big_hydrogenPipelineOnshore_lowP
	 - Adding Compressor hydrogen_Compressor_Electrolyzer_big_hydrogenPipelineOnshore_highP
	 - Adding Compressor hydrogen_Compressor_Electrolyzer_big_Storage_H2_highP
	 - Adding Compressor hydrogen_Compressor_Electrolyzer_big_Demand
	 - Adding Compressor hydrogen_Compressor_Storage_H2_highP_hydrogenPipelineOnshore_lowP
	 - Adding Compressor hydrogen_Compressor_Storage_H2_highP_hydrogenPipelineOnshore_highP
	 - Adding Compressor hydrogen_Compressor_Storage_H2_highP_Storage_H2_highP
	 - Adding Compressor hydrogen_Compressor_Storage_H2_highP_Demand
	 - Adding Compressor hydrogen_Compressor_Import_hydrogenPipelineOnshore_lowP
	 - Adding Compressor hydrogen_Compressor_Import_hydrogenPipelineOnshore_highP
	 - Adding Compressor hydrogen_Compressor_Import_Storage_H2_highP
	 - Adding Compressor hydrogen_Compressor_Import_Demand_existing
	 - Adding Technology Electrolyzer_small
	 - Adding Technology Storage_H2_lowP
			gdp.bigm Transformation...
			gdp.bigm Transformation completed in 4 s
	 - Adding Compressor hydrogen_Compressor_hydrogenPipelineOnshore_lowP_hydrogenPipelineOnshore_lowP
	 - Adding Compressor hydrogen_Compressor_hydrogenPipelineOnshore_lowP_hydrogenPipelineOnshore_highP
	 - Adding Compressor hydrogen_Compressor_hydrogenPipelineOnshore_lowP_Storage_H2_lowP
	 - Adding Compressor hydrogen_Compressor_hydrogenPipelineOnshore_lowP_Demand
	 - Adding Compressor hydrogen_Compressor_hydrogenPipelineOnshore_highP_hydrogenPipelineOnshore_lowP
	 - Adding Compressor hydrogen_Compressor_hydrogenPipelineOnshore_highP_hydrogenPipelineOnshore_highP
	 - Adding Compressor hydrogen_Compressor_hydrogenPipelineOnshore_highP_Storage_H2_lowP
	 - Adding Compressor hydrogen_Compressor_hydrogenPipelineOnshore_highP_Demand
	 - Adding Compressor hydrogen_Compressor_Electrolyzer_small_hydrogenPipelineOnshore_lowP
	 - Adding Compressor hydrogen_Compressor_Electrolyzer_small_hydrogenPipelineOnshore_highP
	 - Adding Compressor hydrogen_Compressor_Electrolyzer_small_Storage_H2_lowP
	 - Adding Compressor hydrogen_Compressor_Electrolyzer_small_Demand
	 - Adding Compressor hydrogen_Compressor_Storage_H2_lowP_hydrogenPipelineOnshore_lowP
	 - Adding Compressor hydrogen_Compressor_Storage_H2_lowP_hydrogenPipelineOnshore_highP
	 - Adding Compressor hydrogen_Compressor_Storage_H2_lowP_Storage_H2_lowP
	 - Adding Compressor hydrogen_Compressor_Storage_H2_lowP_Demand
	 - Adding Technology Electrolyzer_small
	 - Adding Technology Storage_H2_lowP
			gdp.bigm Transformation...
			gdp.bigm Transformation completed in 4 s
	 - Adding Compressor hydrogen_Compressor_hydrogenPipelineOnshore_lowP_hydrogenPipelineOnshore_lowP
	 - Adding Compressor hydrogen_Compressor_hydrogenPipelineOnshore_lowP_hydrogenPipelineOnshore_highP
	 - Adding Compressor hydrogen_Compressor_hydrogenPipelineOnshore_lowP_Storage_H2_lowP
	 - Adding Compressor hydrogen_Compressor_hydrogenPipelineOnshore_lowP_Demand
	 - Adding Compressor hydrogen_Compressor_hydrogenPipelineOnshore_highP_hydrogenPipelineOnshore_lowP
	 - Adding Compressor hydrogen_Compressor_hydrogenPipelineOnshore_highP_hydrogenPipelineOnshore_highP
	 - Adding Compressor hydrogen_Compressor_hydrogenPipelineOnshore_highP_Storage_H2_lowP
	 - Adding Compressor hydrogen_Compressor_hydrogenPipelineOnshore_highP_Demand
	 - Adding Compressor hydrogen_Compressor_Electrolyzer_small_hydrogenPipelineOnshore_lowP
	 - Adding Compressor hydrogen_Compressor_Electrolyzer_small_hydrogenPipelineOnshore_highP
	 - Adding Compressor hydrogen_Compressor_Electrolyzer_small_Storage_H2_lowP
	 - Adding Compressor hydrogen_Compressor_Electrolyzer_small_Demand
	 - Adding Compressor hydrogen_Compressor_Storage_H2_lowP_hydrogenPipelineOnshore_lowP
	 - Adding Compressor hydrogen_Compressor_Storage_H2_lowP_hydrogenPipelineOnshore_highP
	 - Adding Compressor hydrogen_Compressor_Storage_H2_lowP_Storage_H2_lowP
	 - Adding Compressor hydrogen_Compressor_Storage_H2_lowP_Demand
	 - Adding Technology Electrolyzer_small
	 - Adding Technology Storage_H2_lowP
			gdp.bigm Transformation...
			gdp.bigm Transformation completed in 4 s
	 - Adding Compressor hydrogen_Compressor_hydrogenPipelineOnshore_lowP_hydrogenPipelineOnshore_lowP
	 - Adding Compressor hydrogen_Compressor_hydrogenPipelineOnshore_lowP_hydrogenPipelineOnshore_highP
	 - Adding Compressor hydrogen_Compressor_hydrogenPipelineOnshore_lowP_Storage_H2_lowP
	 - Adding Compressor hydrogen_Compressor_hydrogenPipelineOnshore_lowP_Demand
	 - Adding Compressor hydrogen_Compressor_hydrogenPipelineOnshore_highP_hydrogenPipelineOnshore_lowP
	 - Adding Compressor hydrogen_Compressor_hydrogenPipelineOnshore_highP_hydrogenPipelineOnshore_highP
	 - Adding Compressor hydrogen_Compressor_hydrogenPipelineOnshore_highP_Storage_H2_lowP
	 - Adding Compressor hydrogen_Compressor_hydrogenPipelineOnshore_highP_Demand
	 - Adding Compressor hydrogen_Compressor_Electrolyzer_small_hydrogenPipelineOnshore_lowP
	 - Adding Compressor hydrogen_Compressor_Electrolyzer_small_hydrogenPipelineOnshore_highP
	 - Adding Compressor hydrogen_Compressor_Electrolyzer_small_Storage_H2_lowP
	 - Adding Compressor hydrogen_Compressor_Electrolyzer_small_Demand
	 - Adding Compressor hydrogen_Compressor_Storage_H2_lowP_hydrogenPipelineOnshore_lowP
	 - Adding Compressor hydrogen_Compressor_Storage_H2_lowP_hydrogenPipelineOnshore_highP
	 - Adding Compressor hydrogen_Compressor_Storage_H2_lowP_Storage_H2_lowP
	 - Adding Compressor hydrogen_Compressor_Storage_H2_lowP_Demand
	 - Adding Technology Electrolyzer_small
	 - Adding Technology Storage_H2_lowP
			gdp.bigm Transformation...
			gdp.bigm Transformation completed in 4 s
	 - Adding Compressor hydrogen_Compressor_hydrogenPipelineOnshore_lowP_hydrogenPipelineOnshore_lowP
	 - Adding Compressor hydrogen_Compressor_hydrogenPipelineOnshore_lowP_hydrogenPipelineOnshore_highP
	 - Adding Compressor hydrogen_Compressor_hydrogenPipelineOnshore_lowP_Storage_H2_lowP
	 - Adding Compressor hydrogen_Compressor_hydrogenPipelineOnshore_lowP_Demand
	 - Adding Compressor hydrogen_Compressor_hydrogenPipelineOnshore_highP_hydrogenPipelineOnshore_lowP
	 - Adding Compressor hydrogen_Compressor_hydrogenPipelineOnshore_highP_hydrogenPipelineOnshore_highP
	 - Adding Compressor hydrogen_Compressor_hydrogenPipelineOnshore_highP_Storage_H2_lowP
	 - Adding Compressor hydrogen_Compressor_hydrogenPipelineOnshore_highP_Demand
	 - Adding Compressor hydrogen_Compressor_Electrolyzer_small_hydrogenPipelineOnshore_lowP
	 - Adding Compressor hydrogen_Compressor_Electrolyzer_small_hydrogenPipelineOnshore_highP
	 - Adding Compressor hydrogen_Compressor_Electrolyzer_small_Storage_H2_lowP
	 - Adding Compressor hydrogen_Compressor_Electrolyzer_small_Demand
	 - Adding Compressor hydrogen_Compressor_Storage_H2_lowP_hydrogenPipelineOnshore_lowP
	 - Adding Compressor hydrogen_Compressor_Storage_H2_lowP_hydrogenPipelineOnshore_highP
	 - Adding Compressor hydrogen_Compressor_Storage_H2_lowP_Storage_H2_lowP
	 - Adding Compressor hydrogen_Compressor_Storage_H2_lowP_Demand
	 - Adding Technology Storage_H2_Cavern_existing
			gdp.bigm Transformation...
			gdp.bigm Transformation completed in 4 s
	 - Adding Compressor hydrogen_Compressor_hydrogenPipelineOnshore_lowP_hydrogenPipelineOnshore_lowP
	 - Adding Compressor hydrogen_Compressor_hydrogenPipelineOnshore_lowP_hydrogenPipelineOnshore_highP
	 - Adding Compressor hydrogen_Compressor_hydrogenPipelineOnshore_lowP_Storage_H2_Cavern_existing
	 - Adding Compressor hydrogen_Compressor_hydrogenPipelineOnshore_highP_hydrogenPipelineOnshore_lowP
	 - Adding Compressor hydrogen_Compressor_hydrogenPipelineOnshore_highP_hydrogenPipelineOnshore_highP
	 - Adding Compressor hydrogen_Compressor_hydrogenPipelineOnshore_highP_Storage_H2_Cavern_existing
	 - Adding Compressor hydrogen_Compressor_Storage_H2_Cavern_existing_hydrogenPipelineOnshore_lowP
	 - Adding Compressor hydrogen_Compressor_Storage_H2_Cavern_existing_hydrogenPipelineOnshore_highP
	 - Adding Compressor hydrogen_Compressor_Storage_H2_Cavern_existing_Storage_H2_Cavern_existing_existing
Constructing model completed in 621s
Constructing balances...
Constructing balances completed in 19s
Set objective on infrastructure due to willingness to pay
Set parameter OutputFlag to value 1
Set parameter LogFile to value "/gpfs/home3/scur1696/AdOpT-NET0-RegToNation/generic_node_optimization/results/parallel_creation_test_20251123_162207/parallel_run_0011/userData/20251123174554-1/solver_log.txt"
Solver log file: /gpfs/home3/scur1696/AdOpT-NET0-RegToNation/generic_node_optimization/results/parallel_creation_test_20251123_162207/parallel_run_0011/userData/20251123174554-1/solver_log.txt
Set parameter TimeLimit to value 180000
Set parameter MIPGap to value 0.01
Set parameter MIPFocus to value 0
Set parameter Threads to value 8
Set parameter NodefileStart to value 60
Set parameter Method to value -1
Set parameter Heuristics to value 0.05
Set parameter Presolve to value 1
Set parameter BranchDir to value 0
Set parameter LPWarmStart to value 0
Set parameter IntFeasTol to value 1e-05
Set parameter FeasibilityTol to value 1e-06
Set parameter Cuts to value -1
Set parameter NumericFocus to value 0
Gurobi Optimizer version 13.0.0 build v13.0.0rc1 (linux64 - "Red Hat Enterprise Linux 9.4 (Plow)")

CPU model: AMD EPYC 9654 96-Core Processor, instruction set [SSE2|AVX|AVX2|AVX512]
Thread count: 192 physical cores, 192 logical processors, using up to 8 threads

Non-default parameters:
TimeLimit  180000
MIPGap  0.01
LPWarmStart  0
NodefileStart  60
Presolve  1
Threads  8

Academic license 2729390 - for non-commercial use only - registered to m.___@uu.nl
Optimize a model with 9050179 rows, 6728544 columns and 21385595 nonzeros (Min)
Model fingerprint: 0x1a370c58
Model has 1 linear objective coefficients
Variable types: 5869892 continuous, 858652 integer (858652 binary)
Coefficient statistics:
  Matrix range     [2e-03, 2e+08]
  Objective range  [1e+00, 1e+00]
  Bounds range     [5e-02, 6e+08]
  RHS range        [1e+00, 8e+09]
Warning: Model contains large matrix coefficients
Warning: Model contains large rhs
         Consider reformulating model or setting NumericFocus parameter
         to avoid numerical issues.
Presolve removed 5361748 rows and 3924941 columns (presolve time = 5s)...
Presolve removed 5528318 rows and 4082751 columns (presolve time = 10s)...
Presolve removed 5528318 rows and 4082751 columns (presolve time = 15s)...
Presolve removed 5528318 rows and 4082751 columns (presolve time = 20s)...
Presolve removed 5528318 rows and 4082751 columns (presolve time = 26s)...
Presolve removed 5545992 rows and 4161654 columns (presolve time = 30s)...
Waiting for other threads to finish...        4522s
Presolve removed 5554871 rows and 4161696 columns (presolve time = 35s)...
Presolve removed 5554871 rows and 4161696 columns (presolve time = 41s)...
Presolve removed 5554871 rows and 4161696 columns
Presolve time: 41.43s
Presolved: 3495308 rows, 2566848 columns, 11519714 nonzeros
Waiting for other threads to finish...        1990s
Variable types: 2137564 continuous, 429284 integer (429284 binary)
Waiting for other threads to finish...         630s
Waiting for other threads to finish...        4585s
Waiting for other threads to finish...        2053s
Waiting for other threads to finish...         694s
Deterministic concurrent LP optimizer: primal simplex, dual simplex, and barrier
Showing barrier log only...

Root barrier log...

Ordering time: 2.80s

Barrier statistics:
 Dense cols : 103
 AA' NZ     : 1.544e+07
 Factor NZ  : 6.624e+07 (roughly 2.6 GB of memory)
 Factor Ops : 4.369e+09 (less than 1 second per iteration)
 Threads    : 5

                  Objective                Residual
Iter       Primal          Dual         Primal    Dual     Compl     Time
   0   1.65626738e+10 -2.64192613e+11  5.90e+09 1.18e+01  1.04e+08   154s
   1   1.76813643e+10 -4.24333468e+11  5.72e+09 6.55e+01  9.47e+07   155s
   2   1.15677519e+10 -3.96132546e+11  3.41e+09 3.58e+00  5.72e+07   157s
   3   4.12817944e+09 -3.73582709e+11  5.21e+08 1.94e-06  8.95e+06   160s
   4   3.01153593e+09 -3.10786148e+11  1.50e+07 9.63e-07  3.01e+05   162s
   5   3.00683985e+09 -2.72113900e+11  6.36e+06 8.70e-07  1.47e+05   164s
   6   3.00651812e+09 -2.64469247e+11  5.90e+06 8.27e-07  1.37e+05   165s
Waiting for other threads to finish...        4649s
   7   3.00219374e+09 -1.65728138e+11  5.13e+06 7.82e-07  1.03e+05   167s
   8   2.73150007e+09 -1.73559107e+11  3.95e+06 7.22e-07  8.50e+04   169s
   9   2.70765907e+09 -1.46428063e+11  3.54e+06 5.62e-07  7.41e+04   171s
  10   2.13634497e+09 -1.10366902e+11  2.74e+06 4.30e-07  5.65e+04   173s
Waiting for other threads to finish...        2117s
  11   1.26673963e+09 -8.17764538e+10  7.76e+05 2.10e-07  2.33e+04   176s
  12   8.65402736e+08 -3.30526016e+10  8.40e+04 2.30e-07  6.06e+03   178s
  13   8.05867162e+08 -7.37368850e+09  6.79e+03 2.19e-07  1.28e+03   180s
  14   7.47370098e+08 -2.38612849e+09  4.67e+01 5.36e-07  4.80e+02   182s
Waiting for other threads to finish...         757s
  15   6.44948693e+08 -2.03054850e+09  2.44e+01 4.85e-07  4.09e+02   184s
  16   4.53296975e+08 -1.25777211e+09  8.68e+00 2.91e-07  2.62e+02   186s
  17   2.52862635e+08 -7.66715206e+08  2.74e+00 1.79e-07  1.56e+02   187s
  18   1.74757623e+08 -2.21443222e+08  1.39e+00 5.80e-08  6.06e+01   189s
  19   1.37149340e+08 -1.30884155e+08  9.78e-01 3.61e-08  4.10e+01   190s
  20   1.20429950e+08 -4.08480754e+07  8.00e-01 1.84e-08  2.47e+01   192s
  21   1.15163893e+08 -3.27901049e+07  7.45e-01 1.80e-08  2.26e+01   193s
  22   1.13014185e+08 -2.39779059e+07  7.22e-01 1.41e-08  2.10e+01   195s
  23   9.63418755e+07 -1.47965294e+07  5.53e-01 1.24e-08  1.70e+01   196s
  24   8.77208469e+07  2.69253455e+07  4.59e-01 4.46e-09  9.30e+00   199s
  25   8.10874648e+07  3.31096720e+07  3.79e-01 3.41e-09  7.34e+00   201s
  26   7.73960845e+07  3.63659543e+07  3.40e-01 2.50e-09  6.28e+00   203s
  27   7.33006308e+07  3.89857314e+07  2.92e-01 4.37e-09  5.25e+00   207s
  28   7.13481222e+07  4.49479030e+07  2.64e-01 6.49e-09  4.04e+00   209s
  29   6.67004801e+07  4.79177576e+07  1.96e-01 6.26e-09  2.87e+00   213s
  30   6.48054709e+07  4.98619649e+07  1.69e-01 9.90e-09  2.29e+00   217s
  31   6.03551264e+07  5.32721376e+07  8.33e-02 3.50e-08  1.08e+00   220s
  32   5.77593038e+07  5.49414424e+07  3.38e-02 9.43e-09  4.31e-01   223s
  33   5.66896172e+07  5.54171118e+07  1.40e-02 5.59e-09  1.95e-01   227s
Waiting for other threads to finish...        4712s
  [CONFIG] Gurobi default env configured: 8 threads per worker
--- Reading in data ---
Input data folder has been checked successfully - no errors occurred.
--- Reading in data complete ---
--- Constructing Model ---
Constructing Investment Period period1
Constructing Investment Period period1 completed
	 - Constructing Network hydrogenPipelineOnshore_lowP
			gdp.bigm Transformation...
			gdp.bigm Transformation completed in 0 s
		 - Constructing Arc BIG1 - BIG2 completed
			gdp.bigm Transformation...
			gdp.bigm Transformation completed in 0 s
		 - Constructing Arc BIG1 - SMALL1 completed
			gdp.bigm Transformation...
			gdp.bigm Transformation completed in 0 s
		 - Constructing Arc BIG1 - SMALL2 completed
			gdp.bigm Transformation...
			gdp.bigm Transformation completed in 0 s
		 - Constructing Arc BIG1 - SMALL3 completed
			gdp.bigm Transformation...
			gdp.bigm Transformation completed in 0 s
		 - Constructing Arc BIG1 - SMALL4 completed
			gdp.bigm Transformation...
			gdp.bigm Transformation completed in 0 s
		 - Constructing Arc BIG1 - STORAGE completed
			gdp.bigm Transformation...
			gdp.bigm Transformation completed in 0 s
		 - Constructing Arc BIG2 - BIG1 completed
			gdp.bigm Transformation...
			gdp.bigm Transformation completed in 0 s
		 - Constructing Arc BIG2 - SMALL1 completed
			gdp.bigm Transformation...
			gdp.bigm Transformation completed in 0 s
		 - Constructing Arc BIG2 - SMALL2 completed
			gdp.bigm Transformation...
			gdp.bigm Transformation completed in 0 s
		 - Constructing Arc BIG2 - SMALL3 completed
			gdp.bigm Transformation...
			gdp.bigm Transformation completed in 0 s
		 - Constructing Arc BIG2 - SMALL4 completed
			gdp.bigm Transformation...
			gdp.bigm Transformation completed in 0 s
		 - Constructing Arc BIG2 - STORAGE completed
			gdp.bigm Transformation...
			gdp.bigm Transformation completed in 0 s
		 - Constructing Arc SMALL1 - BIG1 completed
			gdp.bigm Transformation...
			gdp.bigm Transformation completed in 0 s
		 - Constructing Arc SMALL1 - BIG2 completed
			gdp.bigm Transformation...
			gdp.bigm Transformation completed in 0 s
		 - Constructing Arc SMALL1 - SMALL2 completed
			gdp.bigm Transformation...
			gdp.bigm Transformation completed in 0 s
		 - Constructing Arc SMALL1 - SMALL3 completed
			gdp.bigm Transformation...
			gdp.bigm Transformation completed in 0 s
		 - Constructing Arc SMALL1 - SMALL4 completed
			gdp.bigm Transformation...
			gdp.bigm Transformation completed in 0 s
		 - Constructing Arc SMALL1 - STORAGE completed
			gdp.bigm Transformation...
			gdp.bigm Transformation completed in 0 s
		 - Constructing Arc SMALL2 - BIG1 completed
			gdp.bigm Transformation...
			gdp.bigm Transformation completed in 0 s
		 - Constructing Arc SMALL2 - BIG2 completed
			gdp.bigm Transformation...
			gdp.bigm Transformation completed in 0 s
		 - Constructing Arc SMALL2 - SMALL1 completed
			gdp.bigm Transformation...
			gdp.bigm Transformation completed in 0 s
		 - Constructing Arc SMALL2 - SMALL3 completed
			gdp.bigm Transformation...
			gdp.bigm Transformation completed in 0 s
		 - Constructing Arc SMALL2 - SMALL4 completed
			gdp.bigm Transformation...
			gdp.bigm Transformation completed in 0 s
		 - Constructing Arc SMALL2 - STORAGE completed
			gdp.bigm Transformation...
			gdp.bigm Transformation completed in 0 s
		 - Constructing Arc SMALL3 - BIG1 completed
			gdp.bigm Transformation...
			gdp.bigm Transformation completed in 0 s
		 - Constructing Arc SMALL3 - BIG2 completed
			gdp.bigm Transformation...
			gdp.bigm Transformation completed in 0 s
		 - Constructing Arc SMALL3 - SMALL1 completed
			gdp.bigm Transformation...
			gdp.bigm Transformation completed in 0 s
		 - Constructing Arc SMALL3 - SMALL2 completed
			gdp.bigm Transformation...
			gdp.bigm Transformation completed in 0 s
		 - Constructing Arc SMALL3 - SMALL4 completed
			gdp.bigm Transformation...
			gdp.bigm Transformation completed in 0 s
		 - Constructing Arc SMALL3 - STORAGE completed
			gdp.bigm Transformation...
			gdp.bigm Transformation completed in 0 s
		 - Constructing Arc SMALL4 - BIG1 completed
			gdp.bigm Transformation...
			gdp.bigm Transformation completed in 0 s
		 - Constructing Arc SMALL4 - BIG2 completed
			gdp.bigm Transformation...
			gdp.bigm Transformation completed in 0 s
		 - Constructing Arc SMALL4 - SMALL1 completed
			gdp.bigm Transformation...
			gdp.bigm Transformation completed in 0 s
		 - Constructing Arc SMALL4 - SMALL2 completed
			gdp.bigm Transformation...
			gdp.bigm Transformation completed in 0 s
		 - Constructing Arc SMALL4 - SMALL3 completed
			gdp.bigm Transformation...
			gdp.bigm Transformation completed in 0 s
		 - Constructing Arc SMALL4 - STORAGE completed
			gdp.bigm Transformation...
			gdp.bigm Transformation completed in 0 s
		 - Constructing Arc STORAGE - BIG1 completed
			gdp.bigm Transformation...
			gdp.bigm Transformation completed in 0 s
		 - Constructing Arc STORAGE - BIG2 completed
			gdp.bigm Transformation...
			gdp.bigm Transformation completed in 0 s
		 - Constructing Arc STORAGE - SMALL1 completed
			gdp.bigm Transformation...
			gdp.bigm Transformation completed in 0 s
		 - Constructing Arc STORAGE - SMALL2 completed
			gdp.bigm Transformation...
			gdp.bigm Transformation completed in 0 s
		 - Constructing Arc STORAGE - SMALL3 completed
			gdp.bigm Transformation...
			gdp.bigm Transformation completed in 0 s
		 - Constructing Arc STORAGE - SMALL4 completed
	 - Constructing Network hydrogenPipelineOnshore_lowP completed
			gdp.bigm Transformation...
			gdp.bigm Transformation completed in 79 s
	 - Constructing Network hydrogenPipelineOnshore_highP
			gdp.bigm Transformation...
			gdp.bigm Transformation completed in 0 s
		 - Constructing Arc BIG1 - BIG2 completed
			gdp.bigm Transformation...
			gdp.bigm Transformation completed in 0 s
		 - Constructing Arc BIG1 - SMALL1 completed
			gdp.bigm Transformation...
			gdp.bigm Transformation completed in 0 s
		 - Constructing Arc BIG1 - SMALL2 completed
			gdp.bigm Transformation...
			gdp.bigm Transformation completed in 0 s
		 - Constructing Arc BIG1 - SMALL3 completed
			gdp.bigm Transformation...
			gdp.bigm Transformation completed in 0 s
		 - Constructing Arc BIG1 - SMALL4 completed
			gdp.bigm Transformation...
			gdp.bigm Transformation completed in 0 s
		 - Constructing Arc BIG1 - STORAGE completed
			gdp.bigm Transformation...
			gdp.bigm Transformation completed in 0 s
		 - Constructing Arc BIG2 - BIG1 completed
			gdp.bigm Transformation...
			gdp.bigm Transformation completed in 0 s
		 - Constructing Arc BIG2 - SMALL1 completed
			gdp.bigm Transformation...
			gdp.bigm Transformation completed in 0 s
		 - Constructing Arc BIG2 - SMALL2 completed
			gdp.bigm Transformation...
			gdp.bigm Transformation completed in 0 s
		 - Constructing Arc BIG2 - SMALL3 completed
			gdp.bigm Transformation...
			gdp.bigm Transformation completed in 0 s
		 - Constructing Arc BIG2 - SMALL4 completed
			gdp.bigm Transformation...
			gdp.bigm Transformation completed in 0 s
		 - Constructing Arc BIG2 - STORAGE completed
			gdp.bigm Transformation...
			gdp.bigm Transformation completed in 0 s
		 - Constructing Arc SMALL1 - BIG1 completed
			gdp.bigm Transformation...
			gdp.bigm Transformation completed in 0 s
		 - Constructing Arc SMALL1 - BIG2 completed
			gdp.bigm Transformation...
			gdp.bigm Transformation completed in 0 s
		 - Constructing Arc SMALL1 - SMALL2 completed
			gdp.bigm Transformation...
			gdp.bigm Transformation completed in 0 s
		 - Constructing Arc SMALL1 - SMALL3 completed
			gdp.bigm Transformation...
			gdp.bigm Transformation completed in 0 s
		 - Constructing Arc SMALL1 - SMALL4 completed
			gdp.bigm Transformation...
			gdp.bigm Transformation completed in 0 s
		 - Constructing Arc SMALL1 - STORAGE completed
			gdp.bigm Transformation...
			gdp.bigm Transformation completed in 0 s
		 - Constructing Arc SMALL2 - BIG1 completed
			gdp.bigm Transformation...
			gdp.bigm Transformation completed in 0 s
		 - Constructing Arc SMALL2 - BIG2 completed
			gdp.bigm Transformation...
			gdp.bigm Transformation completed in 0 s
		 - Constructing Arc SMALL2 - SMALL1 completed
			gdp.bigm Transformation...
			gdp.bigm Transformation completed in 0 s
		 - Constructing Arc SMALL2 - SMALL3 completed
			gdp.bigm Transformation...
			gdp.bigm Transformation completed in 0 s
		 - Constructing Arc SMALL2 - SMALL4 completed
			gdp.bigm Transformation...
			gdp.bigm Transformation completed in 0 s
		 - Constructing Arc SMALL2 - STORAGE completed
			gdp.bigm Transformation...
			gdp.bigm Transformation completed in 0 s
		 - Constructing Arc SMALL3 - BIG1 completed
			gdp.bigm Transformation...
			gdp.bigm Transformation completed in 0 s
		 - Constructing Arc SMALL3 - BIG2 completed
			gdp.bigm Transformation...
			gdp.bigm Transformation completed in 0 s
		 - Constructing Arc SMALL3 - SMALL1 completed
			gdp.bigm Transformation...
			gdp.bigm Transformation completed in 0 s
		 - Constructing Arc SMALL3 - SMALL2 completed
			gdp.bigm Transformation...
			gdp.bigm Transformation completed in 0 s
		 - Constructing Arc SMALL3 - SMALL4 completed
			gdp.bigm Transformation...
			gdp.bigm Transformation completed in 0 s
		 - Constructing Arc SMALL3 - STORAGE completed
			gdp.bigm Transformation...
			gdp.bigm Transformation completed in 0 s
		 - Constructing Arc SMALL4 - BIG1 completed
			gdp.bigm Transformation...
			gdp.bigm Transformation completed in 0 s
		 - Constructing Arc SMALL4 - BIG2 completed
			gdp.bigm Transformation...
			gdp.bigm Transformation completed in 0 s
		 - Constructing Arc SMALL4 - SMALL1 completed
			gdp.bigm Transformation...
			gdp.bigm Transformation completed in 0 s
		 - Constructing Arc SMALL4 - SMALL2 completed
			gdp.bigm Transformation...
			gdp.bigm Transformation completed in 0 s
		 - Constructing Arc SMALL4 - SMALL3 completed
			gdp.bigm Transformation...
			gdp.bigm Transformation completed in 0 s
		 - Constructing Arc SMALL4 - STORAGE completed
			gdp.bigm Transformation...
			gdp.bigm Transformation completed in 0 s
		 - Constructing Arc STORAGE - BIG1 completed
			gdp.bigm Transformation...
			gdp.bigm Transformation completed in 0 s
		 - Constructing Arc STORAGE - BIG2 completed
			gdp.bigm Transformation...
			gdp.bigm Transformation completed in 0 s
		 - Constructing Arc STORAGE - SMALL1 completed
			gdp.bigm Transformation...
			gdp.bigm Transformation completed in 0 s
		 - Constructing Arc STORAGE - SMALL2 completed
			gdp.bigm Transformation...
			gdp.bigm Transformation completed in 0 s
		 - Constructing Arc STORAGE - SMALL3 completed
			gdp.bigm Transformation...
			gdp.bigm Transformation completed in 0 s
		 - Constructing Arc STORAGE - SMALL4 completed
	 - Constructing Network hydrogenPipelineOnshore_highP completed
			gdp.bigm Transformation...
			gdp.bigm Transformation completed in 78 s
	 - Adding Technology Electrolyzer_big
			gdp.bigm Transformation...
			gdp.bigm Transformation completed in 0 s
	 - Adding Technology Storage_H2_highP
			gdp.bigm Transformation...
			gdp.bigm Transformation completed in 4 s
	 - Adding Compressor hydrogen_Compressor_hydrogenPipelineOnshore_lowP_hydrogenPipelineOnshore_lowP
	 - Adding Compressor hydrogen_Compressor_hydrogenPipelineOnshore_lowP_hydrogenPipelineOnshore_highP
	 - Adding Compressor hydrogen_Compressor_hydrogenPipelineOnshore_lowP_Storage_H2_highP
	 - Adding Compressor hydrogen_Compressor_hydrogenPipelineOnshore_lowP_Demand
	 - Adding Compressor hydrogen_Compressor_hydrogenPipelineOnshore_highP_hydrogenPipelineOnshore_lowP
	 - Adding Compressor hydrogen_Compressor_hydrogenPipelineOnshore_highP_hydrogenPipelineOnshore_highP
	 - Adding Compressor hydrogen_Compressor_hydrogenPipelineOnshore_highP_Storage_H2_highP
	 - Adding Compressor hydrogen_Compressor_hydrogenPipelineOnshore_highP_Demand
	 - Adding Compressor hydrogen_Compressor_Electrolyzer_big_hydrogenPipelineOnshore_lowP
	 - Adding Compressor hydrogen_Compressor_Electrolyzer_big_hydrogenPipelineOnshore_highP
	 - Adding Compressor hydrogen_Compressor_Electrolyzer_big_Storage_H2_highP
	 - Adding Compressor hydrogen_Compressor_Electrolyzer_big_Demand
	 - Adding Compressor hydrogen_Compressor_Storage_H2_highP_hydrogenPipelineOnshore_lowP
	 - Adding Compressor hydrogen_Compressor_Storage_H2_highP_hydrogenPipelineOnshore_highP
	 - Adding Compressor hydrogen_Compressor_Storage_H2_highP_Storage_H2_highP
	 - Adding Compressor hydrogen_Compressor_Storage_H2_highP_Demand
	 - Adding Compressor hydrogen_Compressor_Import_hydrogenPipelineOnshore_lowP
	 - Adding Compressor hydrogen_Compressor_Import_hydrogenPipelineOnshore_highP
	 - Adding Compressor hydrogen_Compressor_Import_Storage_H2_highP
	 - Adding Compressor hydrogen_Compressor_Import_Demand_existing
	 - Adding Technology Electrolyzer_big
			gdp.bigm Transformation...
			gdp.bigm Transformation completed in 0 s
	 - Adding Technology Storage_H2_highP
			gdp.bigm Transformation...
			gdp.bigm Transformation completed in 4 s
	 - Adding Compressor hydrogen_Compressor_hydrogenPipelineOnshore_lowP_hydrogenPipelineOnshore_lowP
	 - Adding Compressor hydrogen_Compressor_hydrogenPipelineOnshore_lowP_hydrogenPipelineOnshore_highP
	 - Adding Compressor hydrogen_Compressor_hydrogenPipelineOnshore_lowP_Storage_H2_highP
	 - Adding Compressor hydrogen_Compressor_hydrogenPipelineOnshore_lowP_Demand
	 - Adding Compressor hydrogen_Compressor_hydrogenPipelineOnshore_highP_hydrogenPipelineOnshore_lowP
	 - Adding Compressor hydrogen_Compressor_hydrogenPipelineOnshore_highP_hydrogenPipelineOnshore_highP
	 - Adding Compressor hydrogen_Compressor_hydrogenPipelineOnshore_highP_Storage_H2_highP
	 - Adding Compressor hydrogen_Compressor_hydrogenPipelineOnshore_highP_Demand
	 - Adding Compressor hydrogen_Compressor_Electrolyzer_big_hydrogenPipelineOnshore_lowP
	 - Adding Compressor hydrogen_Compressor_Electrolyzer_big_hydrogenPipelineOnshore_highP
	 - Adding Compressor hydrogen_Compressor_Electrolyzer_big_Storage_H2_highP
	 - Adding Compressor hydrogen_Compressor_Electrolyzer_big_Demand
	 - Adding Compressor hydrogen_Compressor_Storage_H2_highP_hydrogenPipelineOnshore_lowP
	 - Adding Compressor hydrogen_Compressor_Storage_H2_highP_hydrogenPipelineOnshore_highP
	 - Adding Compressor hydrogen_Compressor_Storage_H2_highP_Storage_H2_highP
	 - Adding Compressor hydrogen_Compressor_Storage_H2_highP_Demand
	 - Adding Compressor hydrogen_Compressor_Import_hydrogenPipelineOnshore_lowP
	 - Adding Compressor hydrogen_Compressor_Import_hydrogenPipelineOnshore_highP
	 - Adding Compressor hydrogen_Compressor_Import_Storage_H2_highP
	 - Adding Compressor hydrogen_Compressor_Import_Demand_existing
	 - Adding Technology Electrolyzer_small
	 - Adding Technology Storage_H2_lowP
			gdp.bigm Transformation...
			gdp.bigm Transformation completed in 4 s
	 - Adding Compressor hydrogen_Compressor_hydrogenPipelineOnshore_lowP_hydrogenPipelineOnshore_lowP
	 - Adding Compressor hydrogen_Compressor_hydrogenPipelineOnshore_lowP_hydrogenPipelineOnshore_highP
	 - Adding Compressor hydrogen_Compressor_hydrogenPipelineOnshore_lowP_Storage_H2_lowP
	 - Adding Compressor hydrogen_Compressor_hydrogenPipelineOnshore_lowP_Demand
	 - Adding Compressor hydrogen_Compressor_hydrogenPipelineOnshore_highP_hydrogenPipelineOnshore_lowP
	 - Adding Compressor hydrogen_Compressor_hydrogenPipelineOnshore_highP_hydrogenPipelineOnshore_highP
	 - Adding Compressor hydrogen_Compressor_hydrogenPipelineOnshore_highP_Storage_H2_lowP
	 - Adding Compressor hydrogen_Compressor_hydrogenPipelineOnshore_highP_Demand
	 - Adding Compressor hydrogen_Compressor_Electrolyzer_small_hydrogenPipelineOnshore_lowP
	 - Adding Compressor hydrogen_Compressor_Electrolyzer_small_hydrogenPipelineOnshore_highP
	 - Adding Compressor hydrogen_Compressor_Electrolyzer_small_Storage_H2_lowP
	 - Adding Compressor hydrogen_Compressor_Electrolyzer_small_Demand
	 - Adding Compressor hydrogen_Compressor_Storage_H2_lowP_hydrogenPipelineOnshore_lowP
	 - Adding Compressor hydrogen_Compressor_Storage_H2_lowP_hydrogenPipelineOnshore_highP
	 - Adding Compressor hydrogen_Compressor_Storage_H2_lowP_Storage_H2_lowP
	 - Adding Compressor hydrogen_Compressor_Storage_H2_lowP_Demand
	 - Adding Technology Electrolyzer_small
	 - Adding Technology Storage_H2_lowP
			gdp.bigm Transformation...
			gdp.bigm Transformation completed in 4 s
	 - Adding Compressor hydrogen_Compressor_hydrogenPipelineOnshore_lowP_hydrogenPipelineOnshore_lowP
	 - Adding Compressor hydrogen_Compressor_hydrogenPipelineOnshore_lowP_hydrogenPipelineOnshore_highP
	 - Adding Compressor hydrogen_Compressor_hydrogenPipelineOnshore_lowP_Storage_H2_lowP
	 - Adding Compressor hydrogen_Compressor_hydrogenPipelineOnshore_lowP_Demand
	 - Adding Compressor hydrogen_Compressor_hydrogenPipelineOnshore_highP_hydrogenPipelineOnshore_lowP
	 - Adding Compressor hydrogen_Compressor_hydrogenPipelineOnshore_highP_hydrogenPipelineOnshore_highP
	 - Adding Compressor hydrogen_Compressor_hydrogenPipelineOnshore_highP_Storage_H2_lowP
	 - Adding Compressor hydrogen_Compressor_hydrogenPipelineOnshore_highP_Demand
	 - Adding Compressor hydrogen_Compressor_Electrolyzer_small_hydrogenPipelineOnshore_lowP
	 - Adding Compressor hydrogen_Compressor_Electrolyzer_small_hydrogenPipelineOnshore_highP
	 - Adding Compressor hydrogen_Compressor_Electrolyzer_small_Storage_H2_lowP
	 - Adding Compressor hydrogen_Compressor_Electrolyzer_small_Demand
	 - Adding Compressor hydrogen_Compressor_Storage_H2_lowP_hydrogenPipelineOnshore_lowP
	 - Adding Compressor hydrogen_Compressor_Storage_H2_lowP_hydrogenPipelineOnshore_highP
	 - Adding Compressor hydrogen_Compressor_Storage_H2_lowP_Storage_H2_lowP
	 - Adding Compressor hydrogen_Compressor_Storage_H2_lowP_Demand
	 - Adding Technology Electrolyzer_small
	 - Adding Technology Storage_H2_lowP
			gdp.bigm Transformation...
			gdp.bigm Transformation completed in 4 s
	 - Adding Compressor hydrogen_Compressor_hydrogenPipelineOnshore_lowP_hydrogenPipelineOnshore_lowP
	 - Adding Compressor hydrogen_Compressor_hydrogenPipelineOnshore_lowP_hydrogenPipelineOnshore_highP
	 - Adding Compressor hydrogen_Compressor_hydrogenPipelineOnshore_lowP_Storage_H2_lowP
	 - Adding Compressor hydrogen_Compressor_hydrogenPipelineOnshore_lowP_Demand
	 - Adding Compressor hydrogen_Compressor_hydrogenPipelineOnshore_highP_hydrogenPipelineOnshore_lowP
	 - Adding Compressor hydrogen_Compressor_hydrogenPipelineOnshore_highP_hydrogenPipelineOnshore_highP
	 - Adding Compressor hydrogen_Compressor_hydrogenPipelineOnshore_highP_Storage_H2_lowP
	 - Adding Compressor hydrogen_Compressor_hydrogenPipelineOnshore_highP_Demand
	 - Adding Compressor hydrogen_Compressor_Electrolyzer_small_hydrogenPipelineOnshore_lowP
	 - Adding Compressor hydrogen_Compressor_Electrolyzer_small_hydrogenPipelineOnshore_highP
	 - Adding Compressor hydrogen_Compressor_Electrolyzer_small_Storage_H2_lowP
	 - Adding Compressor hydrogen_Compressor_Electrolyzer_small_Demand
	 - Adding Compressor hydrogen_Compressor_Storage_H2_lowP_hydrogenPipelineOnshore_lowP
	 - Adding Compressor hydrogen_Compressor_Storage_H2_lowP_hydrogenPipelineOnshore_highP
	 - Adding Compressor hydrogen_Compressor_Storage_H2_lowP_Storage_H2_lowP
	 - Adding Compressor hydrogen_Compressor_Storage_H2_lowP_Demand
	 - Adding Technology Electrolyzer_small
	 - Adding Technology Storage_H2_lowP
			gdp.bigm Transformation...
			gdp.bigm Transformation completed in 4 s
	 - Adding Compressor hydrogen_Compressor_hydrogenPipelineOnshore_lowP_hydrogenPipelineOnshore_lowP
	 - Adding Compressor hydrogen_Compressor_hydrogenPipelineOnshore_lowP_hydrogenPipelineOnshore_highP
	 - Adding Compressor hydrogen_Compressor_hydrogenPipelineOnshore_lowP_Storage_H2_lowP
	 - Adding Compressor hydrogen_Compressor_hydrogenPipelineOnshore_lowP_Demand
	 - Adding Compressor hydrogen_Compressor_hydrogenPipelineOnshore_highP_hydrogenPipelineOnshore_lowP
	 - Adding Compressor hydrogen_Compressor_hydrogenPipelineOnshore_highP_hydrogenPipelineOnshore_highP
	 - Adding Compressor hydrogen_Compressor_hydrogenPipelineOnshore_highP_Storage_H2_lowP
	 - Adding Compressor hydrogen_Compressor_hydrogenPipelineOnshore_highP_Demand
	 - Adding Compressor hydrogen_Compressor_Electrolyzer_small_hydrogenPipelineOnshore_lowP
	 - Adding Compressor hydrogen_Compressor_Electrolyzer_small_hydrogenPipelineOnshore_highP
	 - Adding Compressor hydrogen_Compressor_Electrolyzer_small_Storage_H2_lowP
	 - Adding Compressor hydrogen_Compressor_Electrolyzer_small_Demand
	 - Adding Compressor hydrogen_Compressor_Storage_H2_lowP_hydrogenPipelineOnshore_lowP
	 - Adding Compressor hydrogen_Compressor_Storage_H2_lowP_hydrogenPipelineOnshore_highP
	 - Adding Compressor hydrogen_Compressor_Storage_H2_lowP_Storage_H2_lowP
	 - Adding Compressor hydrogen_Compressor_Storage_H2_lowP_Demand
	 - Adding Technology Storage_H2_Cavern_existing
			gdp.bigm Transformation...
			gdp.bigm Transformation completed in 4 s
	 - Adding Compressor hydrogen_Compressor_hydrogenPipelineOnshore_lowP_hydrogenPipelineOnshore_lowP
	 - Adding Compressor hydrogen_Compressor_hydrogenPipelineOnshore_lowP_hydrogenPipelineOnshore_highP
	 - Adding Compressor hydrogen_Compressor_hydrogenPipelineOnshore_lowP_Storage_H2_Cavern_existing
	 - Adding Compressor hydrogen_Compressor_hydrogenPipelineOnshore_highP_hydrogenPipelineOnshore_lowP
	 - Adding Compressor hydrogen_Compressor_hydrogenPipelineOnshore_highP_hydrogenPipelineOnshore_highP
	 - Adding Compressor hydrogen_Compressor_hydrogenPipelineOnshore_highP_Storage_H2_Cavern_existing
	 - Adding Compressor hydrogen_Compressor_Storage_H2_Cavern_existing_hydrogenPipelineOnshore_lowP
	 - Adding Compressor hydrogen_Compressor_Storage_H2_Cavern_existing_hydrogenPipelineOnshore_highP
	 - Adding Compressor hydrogen_Compressor_Storage_H2_Cavern_existing_Storage_H2_Cavern_existing_existing
Constructing model completed in 614s
Constructing balances...
Constructing balances completed in 20s
Set objective on infrastructure due to willingness to pay
Set parameter OutputFlag to value 1
Set parameter LogFile to value "/gpfs/home3/scur1696/AdOpT-NET0-RegToNation/generic_node_optimization/results/parallel_creation_test_20251123_162207/parallel_run_0012/userData/20251123174904-1/solver_log.txt"
Solver log file: /gpfs/home3/scur1696/AdOpT-NET0-RegToNation/generic_node_optimization/results/parallel_creation_test_20251123_162207/parallel_run_0012/userData/20251123174904-1/solver_log.txt
Set parameter TimeLimit to value 180000
Set parameter MIPGap to value 0.01
Set parameter MIPFocus to value 0
Set parameter Threads to value 8
Set parameter NodefileStart to value 60
Set parameter Method to value -1
Set parameter Heuristics to value 0.05
Set parameter Presolve to value 1
Set parameter BranchDir to value 0
Set parameter LPWarmStart to value 0
Set parameter IntFeasTol to value 1e-05
Set parameter FeasibilityTol to value 1e-06
Set parameter Cuts to value -1
Set parameter NumericFocus to value 0
  34   5.65482109e+07  5.54536571e+07  1.16e-02 4.19e-09  1.68e-01   231s
  35   5.63826217e+07  5.55577227e+07  8.66e-03 2.79e-09  1.26e-01   233s
Gurobi Optimizer version 13.0.0 build v13.0.0rc1 (linux64 - "Red Hat Enterprise Linux 9.4 (Plow)")

CPU model: AMD EPYC 9654 96-Core Processor, instruction set [SSE2|AVX|AVX2|AVX512]
Thread count: 192 physical cores, 192 logical processors, using up to 8 threads

Non-default parameters:
TimeLimit  180000
MIPGap  0.01
LPWarmStart  0
NodefileStart  60
Presolve  1
Threads  8

Academic license 2729390 - for non-commercial use only - registered to m.___@uu.nl
Optimize a model with 9050179 rows, 6728544 columns and 21385595 nonzeros (Min)
  36   5.63137700e+07  5.55997891e+07  7.52e-03 1.86e-09  1.09e-01   235s
Model fingerprint: 0x74e61e3d
Model has 1 linear objective coefficients
Variable types: 5869892 continuous, 858652 integer (858652 binary)
Coefficient statistics:
  Matrix range     [2e-03, 2e+08]
  Objective range  [1e+00, 1e+00]
  Bounds range     [5e-02, 6e+08]
  RHS range        [1e+00, 6e+09]
Warning: Model contains large matrix coefficients
Warning: Model contains large rhs
         Consider reformulating model or setting NumericFocus parameter
         to avoid numerical issues.
Waiting for other threads to finish...        2180s
  37   5.62948911e+07  5.56382295e+07  7.21e-03 2.91e-09  1.01e-01   237s
  38   5.61859996e+07  5.56847929e+07  5.58e-03 1.75e-09  7.68e-02   240s
  39   5.61082612e+07  5.57272025e+07  4.40e-03 9.31e-10  5.84e-02   244s
Presolve removed 5361748 rows and 3924941 columns (presolve time = 5s)...
Waiting for other threads to finish...         820s
  40   5.60483504e+07  5.57584670e+07  3.56e-03 8.15e-10  4.44e-02   248s
Presolve removed 5525567 rows and 4080000 columns (presolve time = 10s)...
  41   5.59909028e+07  5.57747960e+07  2.72e-03 4.78e-10  3.31e-02   251s
  42   5.59496938e+07  5.57909675e+07  2.07e-03 1.40e-09  2.43e-02   255s
Presolve removed 5528318 rows and 4082751 columns (presolve time = 15s)...
  43   5.59148226e+07  5.57982784e+07  1.50e-03 1.16e-09  1.79e-02   258s
Presolve removed 5528318 rows and 4082751 columns (presolve time = 20s)...
  44   5.58886467e+07  5.58060854e+07  1.09e-03 1.51e-09  1.27e-02   262s
  45   5.58703961e+07  5.58130155e+07  7.84e-04 6.13e-10  8.80e-03   265s
Presolve removed 5528318 rows and 4082751 columns (presolve time = 26s)...
  46   5.58561727e+07  5.58177556e+07  5.44e-04 1.28e-09  5.89e-03   269s
Presolve removed 5534338 rows and 4150000 columns (presolve time = 30s)...
  47   5.58434615e+07  5.58198847e+07  3.32e-04 3.52e-10  3.62e-03   273s
Presolve removed 5554871 rows and 4161696 columns (presolve time = 35s)...
  48   5.58351273e+07  5.58212110e+07  1.93e-04 1.40e-09  2.14e-03   277s
  49   5.58308821e+07  5.58219513e+07  1.22e-04 5.61e-10  1.37e-03   280s
Presolve removed 5554871 rows and 4161696 columns (presolve time = 40s)...
  50   5.58284845e+07  5.58222826e+07  8.15e-05 6.58e-10  9.54e-04   282s
Presolve removed 5554871 rows and 4161696 columns
Presolve time: 42.65s
Presolved: 3495308 rows, 2566848 columns, 11519714 nonzeros
  51   5.58268464e+07  5.58225671e+07  5.39e-05 5.54e-10  6.59e-04   284s
  52   5.58257761e+07  5.58229351e+07  3.64e-05 1.28e-09  4.37e-04   287s
  53   5.58249500e+07  5.58231046e+07  2.31e-05 7.09e-10  2.84e-04   290s
Variable types: 2137564 continuous, 429284 integer (429284 binary)
  54   5.58242858e+07  5.58232762e+07  1.26e-05 8.15e-10  1.56e-04   293s
Waiting for other threads to finish...        4775s
  55   5.58239864e+07  5.58233837e+07  7.81e-06 5.61e-10  9.29e-05   295s
  56   5.58237292e+07  5.58234304e+07  3.86e-06 6.98e-10  4.61e-05   297s
  57   5.58235659e+07  5.58234577e+07  1.23e-06 3.04e-10  1.67e-05   298s
Waiting for other threads to finish...        2243s
  58   5.58235029e+07  5.58234720e+07  3.52e-07 3.52e-10  4.78e-06   301s
  59   5.58234833e+07  5.58234783e+07  5.98e-08 1.08e-09  7.67e-07   304s
  60   5.58234806e+07  5.58234796e+07  2.44e-07 3.73e-09  1.62e-07   308s
Waiting for other threads to finish...         883s
  61   5.58234801e+07  5.58234798e+07  1.10e-07 3.03e-09  5.22e-08   311s
Deterministic concurrent LP optimizer: primal simplex, dual simplex, and barrier
Showing barrier log only...

Root barrier log...

  62   5.58234799e+07  5.58234799e+07  2.89e-08 1.32e-08  1.27e-08   314s
  63   5.58234799e+07  5.58234799e+07  4.58e-07 1.06e-08  3.61e-09   316s

Barrier solved model in 63 iterations and 316.03 seconds (237.72 work units)
Optimal objective 5.58234799e+07


Root crossover log...

  303115 DPushes remaining with DInf 2.7789166e-06               318s
Ordering time: 3.40s

Barrier statistics:
 Dense cols : 103
 AA' NZ     : 1.544e+07
 Factor NZ  : 6.624e+07 (roughly 2.6 GB of memory)
 Factor Ops : 4.369e+09 (less than 1 second per iteration)
 Threads    : 5

                  Objective                Residual
Iter       Primal          Dual         Primal    Dual     Compl     Time
   0   2.01686454e+10 -2.60300516e+11  6.63e+09 1.47e+01  1.28e+08    87s
   1   2.15314648e+10 -5.65524638e+11  6.43e+09 1.56e+02  1.23e+08    89s
   2   1.29700580e+10 -5.03298768e+11  3.58e+09 2.74e+00  6.93e+07    91s
   3   4.22770635e+09 -4.53613211e+11  5.35e+08 4.27e-06  1.08e+07    93s
   4   2.95869581e+09 -3.48975189e+11  2.14e+07 9.08e-04  4.77e+05    96s
   5   2.96036889e+09 -3.22403351e+11  1.14e+07 7.37e-04  2.74e+05    98s
   6   2.96022900e+09 -3.14793945e+11  1.13e+07 7.02e-04  2.68e+05    99s
   7   2.97102076e+09 -1.75161055e+11  7.56e+06 1.44e-04  1.60e+05   102s
   8   2.96016426e+09 -1.65180784e+11  6.99e+06 1.32e-04  1.47e+05   103s
   9   2.40585068e+09 -1.49181733e+11  3.41e+06 1.24e-04  8.18e+04   106s
  10   1.88916352e+09 -1.08644045e+11  2.62e+06 9.33e-05  6.16e+04   109s
  11   1.36658073e+09 -7.02442133e+10  1.82e+06 5.35e-05  4.10e+04   111s
  12   1.16112755e+09 -5.23163914e+10  1.48e+06 5.20e-05  3.20e+04   115s
  13   4.71155645e+08 -3.04076187e+10  3.75e+05 4.19e-06  1.04e+04   117s
  14   3.41069345e+08 -2.48680386e+10  1.53e+05 1.34e-06  6.03e+03   120s
Waiting for other threads to finish...        4838s
  15   3.13971102e+08 -1.72283098e+10  1.09e+05 2.00e-05  3.98e+03   122s
  16   2.92949891e+08 -1.02220521e+10  7.52e+04 3.18e-06  2.29e+03   124s
  17   2.89545035e+08 -5.44793327e+09  6.99e+04 1.01e-05  1.32e+03   125s
  18   2.60387113e+08 -3.27968949e+09  2.41e+04 5.74e-06  6.55e+02   127s
Waiting for other threads to finish...        2306s
  19   2.51415502e+08 -2.44038847e+09  1.49e+04 2.64e-05  4.69e+02   129s
  20   2.47648893e+08 -1.05030487e+09  1.24e+04 2.45e-06  2.23e+02   132s
  21   2.23631439e+08 -6.98201581e+08  1.88e+03 4.48e-06  1.44e+02   133s
  22   2.21564103e+08 -3.80807690e+08  1.71e+03 2.77e-06  9.38e+01   135s
  23   2.14843455e+08 -2.89442180e+08  1.48e+03 2.58e-06  7.84e+01   137s
Waiting for other threads to finish...         946s
  24   2.12203859e+08 -1.83105472e+08  1.38e+03 1.29e-06  6.14e+01   139s
  25   2.11830004e+08 -1.57168560e+08  1.36e+03 1.19e-06  5.73e+01   142s
  26   2.05851148e+08 -3.13998964e+07  1.15e+03 1.05e-07  3.69e+01   146s
  27   1.93391592e+08  2.21696541e+07  8.71e+02 6.90e-08  2.66e+01   149s
  28   1.89960073e+08  4.92023188e+07  8.06e+02 5.24e-08  2.18e+01   152s
  29   1.82882926e+08  8.43863191e+07  6.90e+02 4.45e-08  1.53e+01   155s
  30   1.75330982e+08  1.00374215e+08  5.75e+02 4.15e-08  1.17e+01   160s
  31   1.60280883e+08  1.17771197e+08  3.34e+02 8.17e-08  6.60e+00   163s
  32   1.53614353e+08  1.27332969e+08  2.30e+02 2.91e-08  4.09e+00   166s
  33   1.48263054e+08  1.32116736e+08  1.42e+02 4.31e-08  2.51e+00   169s
  34   1.43515764e+08  1.35786211e+08  6.33e+01 1.45e-08  1.20e+00   171s
  35   1.43009670e+08  1.37004998e+08  5.60e+01 8.60e-09  9.37e-01   173s
  36   1.42652816e+08  1.37727243e+08  5.09e+01 3.76e-09  7.70e-01   175s
  37   1.41505203e+08  1.38069330e+08  3.46e+01 5.69e-09  5.38e-01   177s
  38   1.40155926e+08  1.38393100e+08  1.58e+01 1.05e-09  2.76e-01   179s
  39   1.39632885e+08  1.38784814e+08  8.42e+00 2.45e-09  1.33e-01   181s
  40   1.39378488e+08  1.38880365e+08  4.71e+00 2.67e-10  7.84e-02   183s
Waiting for other threads to finish...        4902s
  41   1.39266016e+08  1.38951431e+08  3.07e+00 2.65e-10  4.96e-02   184s
  42   1.39207317e+08  1.38991922e+08  2.24e+00 4.63e-10  3.41e-02   186s
  43   1.39156524e+08  1.39011902e+08  1.53e+00 2.36e-10  2.29e-02   188s
  44   1.39122101e+08  1.39025469e+08  1.05e+00 2.08e-10  1.53e-02   189s
  45   1.39094664e+08  1.39032775e+08  6.79e-01 3.24e-10  9.83e-03   191s
Waiting for other threads to finish...        2369s
  46   1.39076646e+08  1.39037271e+08  4.35e-01 2.75e-10  6.26e-03   193s
  47   1.39063139e+08  1.39039605e+08  2.57e-01 2.44e-10  3.75e-03   194s
  48   1.39057186e+08  1.39040999e+08  1.80e-01 7.95e-09  2.58e-03   196s
  49   1.39049921e+08  1.39041905e+08  8.56e-02 8.05e-09  1.28e-03   198s
  50   1.39046354e+08  1.39042584e+08  4.00e-02 1.73e-10  6.02e-04   200s
Waiting for other threads to finish...        1009s
  51   1.39044909e+08  1.39042868e+08  2.19e-02 3.65e-08  3.26e-04   201s
  52   1.39043924e+08  1.39042987e+08  9.75e-03 7.06e-09  1.50e-04   204s
  53   1.39043494e+08  1.39043043e+08  4.51e-03 3.58e-10  7.24e-05   205s
  54   1.39043295e+08  1.39043081e+08  2.11e-03 1.83e-10  3.43e-05   207s
  55   1.39043203e+08  1.39043099e+08  1.02e-03 2.75e-10  1.68e-05   209s
  56   1.39043137e+08  1.39043108e+08  2.23e-04 2.33e-10  4.64e-06   210s
  57   1.39043118e+08  1.39043112e+08  3.33e-05 3.07e-10  1.04e-06   212s
  58   1.39043116e+08  1.39043114e+08  8.65e-06 5.18e-10  3.06e-07   214s
  59   1.39043115e+08  1.39043114e+08  2.09e-06 4.66e-10  6.57e-08   217s
  60   1.39043115e+08  1.39043115e+08  7.04e-07 4.80e-10  1.07e-08   219s
  61   1.39043115e+08  1.39043115e+08  3.84e-07 7.27e-10  2.19e-09   221s

Barrier solved model in 61 iterations and 221.07 seconds (149.70 work units)
Optimal objective 1.39043115e+08


Root crossover log...

  320870 DPushes remaining with DInf 0.0000000e+00               224s
  105731 DPushes remaining with DInf 0.0000000e+00               229s
   70753 DPushes remaining with DInf 0.0000000e+00               231s
  108359 DPushes remaining with DInf 0.0000000e+00               469s
   61837 DPushes remaining with DInf 0.0000000e+00               236s
   51549 DPushes remaining with DInf 0.0000000e+00               240s
Waiting for other threads to finish...        4965s
   46316 DPushes remaining with DInf 0.0000000e+00               247s
   45460 DPushes remaining with DInf 0.0000000e+00               253s
   82149 DPushes remaining with DInf 0.0000000e+00               489s
Waiting for other threads to finish...        2433s
   44530 DPushes remaining with DInf 0.0000000e+00               259s
Waiting for other threads to finish...        1073s
   43469 DPushes remaining with DInf 0.0000000e+00               264s
   75239 DPushes remaining with DInf 0.0000000e+00               506s
   42639 DPushes remaining with DInf 0.0000000e+00               275s
   71916 DPushes remaining with DInf 0.0000000e+00               511s
   70256 DPushes remaining with DInf 0.0000000e+00               515s
   41809 DPushes remaining with DInf 0.0000000e+00               283s
   40149 DPushes remaining with DInf 0.0000000e+00               285s
   68596 DPushes remaining with DInf 0.0000000e+00               521s
       0 DPushes remaining with DInf 0.0000000e+00               290s
   67766 DPushes remaining with DInf 0.0000000e+00               526s
Warning: Markowitz tolerance tightened to 0.5

  109174 PPushes remaining with PInf 8.9538432e-06               290s
   64153 DPushes remaining with DInf 0.0000000e+00               531s
   60833 DPushes remaining with DInf 0.0000000e+00               536s
   58343 DPushes remaining with DInf 0.0000000e+00               541s
   76488 PPushes remaining with PInf 2.6958053e-03               309s
   57513 DPushes remaining with DInf 0.0000000e+00               545s
Waiting for other threads to finish...        5028s
   74722 PPushes remaining with PInf 1.8741519e-03               311s
Waiting for other threads to finish...        2496s
   55853 DPushes remaining with DInf 0.0000000e+00               554s
   55023 DPushes remaining with DInf 0.0000000e+00               560s
Waiting for other threads to finish...        1136s
   54193 DPushes remaining with DInf 0.0000000e+00               565s
   66617 PPushes remaining with PInf 1.3706295e-03               336s
   53363 DPushes remaining with DInf 0.0000000e+00               574s
   57814 PPushes remaining with PInf 1.3706295e-03               340s
   46696 PPushes remaining with PInf 1.3706295e-03               345s
   52533 DPushes remaining with DInf 0.0000000e+00               586s
   34736 PPushes remaining with PInf 1.0615973e-03               351s
   27324 PPushes remaining with PInf 1.0615973e-03               355s
   18376 PPushes remaining with PInf 1.0615973e-03               361s
   51703 DPushes remaining with DInf 0.0000000e+00               598s
   10451 PPushes remaining with PInf 1.0615973e-03               366s
     859 PPushes remaining with PInf 1.0615973e-03               371s
       0 PPushes remaining with PInf 0.0000000e+00               373s

  Push phase complete: Pinf 0.0000000e+00, Dinf 3.5158579e+06    373s

Waiting for other threads to finish...        5091s

Root simplex log...

Iteration    Objective       Primal Inf.    Dual Inf.      Time
  379996    1.3904311e+08   0.000000e+00   3.515858e+06    374s
   50873 DPushes remaining with DInf 0.0000000e+00               611s
Waiting for other threads to finish...        2559s
  380456    1.3904311e+08   0.000000e+00   3.515837e+06    385s
   50043 DPushes remaining with DInf 0.0000000e+00               624s
Waiting for other threads to finish...        1199s
  380656    1.3904311e+08   0.000000e+00   2.677849e+06    391s
  380866    1.3904311e+08   0.000000e+00   2.677847e+06    397s
   49213 DPushes remaining with DInf 0.0000000e+00               634s
  381076    1.3904311e+08   0.000000e+00   2.678099e+06    403s
   48383 DPushes remaining with DInf 0.0000000e+00               641s
  381286    1.3904311e+08   0.000000e+00   2.449032e+06    408s
   46723 DPushes remaining with DInf 0.0000000e+00               646s
  381496    1.3904311e+08   0.000000e+00   2.269227e+06    414s
   45063 DPushes remaining with DInf 0.0000000e+00               651s
  381706    1.3904311e+08   0.000000e+00   6.571489e+05    419s
   43403 DPushes remaining with DInf 0.0000000e+00               660s
  381916    1.3904311e+08   0.000000e+00   1.038654e+06    425s
   42573 DPushes remaining with DInf 0.0000000e+00               663s
   41743 DPushes remaining with DInf 0.0000000e+00               665s
  382126    1.3904311e+08   0.000000e+00   1.403104e+06    431s
   40083 DPushes remaining with DInf 0.0000000e+00               670s
Waiting for other threads to finish...        5154s
  382336    1.3904311e+08   0.000000e+00   5.255580e+05    438s
   38423 DPushes remaining with DInf 0.0000000e+00               676s
Waiting for other threads to finish...        2622s
  382536    1.3904311e+08   0.000000e+00   1.761504e+06    444s
   36763 DPushes remaining with DInf 0.0000000e+00               681s
  382736    1.3904311e+08   0.000000e+00   5.309100e+05    451s
   35103 DPushes remaining with DInf 0.0000000e+00               687s
       0 DPushes remaining with DInf 0.0000000e+00               688s
Warning: Markowitz tolerance tightened to 0.5

  173873 PPushes remaining with PInf 1.2369254e-03               689s
Waiting for other threads to finish...        1262s
  151333 PPushes remaining with PInf 4.3672475e-03               690s
  382926    1.3904311e+08   0.000000e+00   2.045497e+06    457s
  141116 PPushes remaining with PInf 4.3672475e-03               696s
  383126    1.3904311e+08   0.000000e+00   1.713646e+06    464s
  137399 PPushes remaining with PInf 4.3672475e-03               701s
  383336    1.3904311e+08   0.000000e+00   1.202452e+06    469s
  134007 PPushes remaining with PInf 4.3672475e-03               705s
  383536    1.3904311e+08   0.000000e+00   1.374363e+06    475s
  129827 PPushes remaining with PInf 4.3672475e-03               711s
  126502 PPushes remaining with PInf 4.3672475e-03               716s
  383726    1.3904311e+08   0.000000e+00   1.318571e+06    481s
  123178 PPushes remaining with PInf 4.3672475e-03               720s
  383916    1.3904311e+08   0.000000e+00   4.931617e+05    487s
  119023 PPushes remaining with PInf 4.3672475e-03               726s
  384106    1.3904311e+08   0.000000e+00   5.898253e+05    493s
  115699 PPushes remaining with PInf 4.3672475e-03               731s
  384296    1.3904311e+08   0.000000e+00   5.450224e+05    498s
Waiting for other threads to finish...        5218s
  384486    1.3904311e+08   0.000000e+00   1.252976e+06    504s
Waiting for other threads to finish...        2685s
  384676    1.3904311e+08   0.000000e+00   1.283540e+06    510s
  384866    1.3904311e+08   0.000000e+00   2.148275e+06    516s
Waiting for other threads to finish...        1325s
  385046    1.3904311e+08   0.000000e+00   2.147767e+06    522s
  385216    1.3904311e+08   0.000000e+00   8.714886e+06    528s
  385376    1.3904311e+08   0.000000e+00   3.474915e+06    534s
  385536    1.3904311e+08   0.000000e+00   6.792986e+06    539s
  385676    1.3904311e+08   0.000000e+00   9.592795e+06    545s
   95104 PPushes remaining with PInf 3.8682553e-03               782s
  385816    1.3904311e+08   0.000000e+00   8.571291e+06    550s
   86483 PPushes remaining with PInf 3.8682553e-03               785s
   80666 PPushes remaining with PInf 3.8682553e-03               790s
  385956    1.3904311e+08   0.000000e+00   8.570095e+06    556s
   74849 PPushes remaining with PInf 3.8682553e-03               795s
  386096    1.3904311e+08   0.000000e+00   8.565711e+06    561s
Waiting for other threads to finish...        5281s
   69032 PPushes remaining with PInf 3.8682553e-03               800s
  386236    1.3904311e+08   0.000000e+00   8.745662e+06    567s
   63207 PPushes remaining with PInf 3.8682553e-03               805s
Waiting for other threads to finish...        2748s
  386376    1.3904311e+08   0.000000e+00   8.563371e+06    573s
   55253 PPushes remaining with PInf 3.8682553e-03               811s
  386516    1.3904311e+08   0.000000e+00   8.563250e+06    579s
Waiting for other threads to finish...        1389s
   49436 PPushes remaining with PInf 3.8682553e-03               815s
  386656    1.3904311e+08   0.000000e+00   8.561068e+06    584s
   43619 PPushes remaining with PInf 3.8682553e-03               820s
  386796    1.3904311e+08   0.000000e+00   8.740977e+06    590s
   37724 PPushes remaining with PInf 3.8682553e-03               826s
   19607 PPushes remaining with PInf 3.8670351e-03               830s
  386936    1.3904311e+08   0.000000e+00   8.561079e+06    596s
   13657 PPushes remaining with PInf 3.8670351e-03               836s
  387076    1.3904311e+08   0.000000e+00   8.560673e+06    603s
    8564 PPushes remaining with PInf 3.8670351e-03               840s
  387216    1.3904311e+08   0.000000e+00   8.560733e+06    609s
    2408 PPushes remaining with PInf 3.8670351e-03               845s
       0 PPushes remaining with PInf 0.0000000e+00               849s

  Push phase complete: Pinf 0.0000000e+00, Dinf 5.0596050e+05    849s

  387356    1.3904311e+08   0.000000e+00   8.560671e+06    615s

Root simplex log...

Iteration    Objective       Primal Inf.    Dual Inf.      Time
  418846    5.5823480e+07   0.000000e+00   5.059605e+05    851s
  387496    1.3904311e+08   0.000000e+00   8.740236e+06    621s
Waiting for other threads to finish...        5344s
  387636    1.3904311e+08   0.000000e+00   8.562054e+06    627s
  387776    1.3904311e+08   0.000000e+00   8.561868e+06    633s
Waiting for other threads to finish...        2812s
  419616    5.5823480e+07   0.000000e+00   1.065157e+06    872s
  387916    1.3904311e+08   0.000000e+00   9.711091e+06    639s
Waiting for other threads to finish...        1452s
  388056    1.3904311e+08   0.000000e+00   9.690556e+06    644s
  388196    1.3904311e+08   0.000000e+00   1.691007e+07    649s
  420216    5.5823480e+07   0.000000e+00   1.449493e+06    887s
  388336    1.3904311e+08   0.000000e+00   9.415115e+06    654s
  388476    1.3904311e+08   0.000000e+00   9.366901e+06    659s
  388616    1.3904311e+08   0.000000e+00   8.658437e+06    665s
  420836    5.5823480e+07   0.000000e+00   1.111924e+06    903s
  388756    1.3904311e+08   0.000000e+00   9.325801e+06    670s
  388896    1.3904311e+08   0.000000e+00   9.533089e+06    675s
  421346    5.5823480e+07   0.000000e+00   1.229895e+06    916s
  389036    1.3904311e+08   0.000000e+00   8.569472e+06    682s
  389176    1.3904311e+08   0.000000e+00   9.138051e+06    688s
Waiting for other threads to finish...        5407s
  389316    1.3904311e+08   0.000000e+00   9.021309e+06    694s
Waiting for other threads to finish...        2875s
  421976    5.5823480e+07   0.000000e+00   1.184674e+06    932s
  389456    1.3904311e+08   0.000000e+00   9.453616e+06    700s
Waiting for other threads to finish...        1515s
  389596    1.3904311e+08   0.000000e+00   9.426709e+06    706s
  422486    5.5823480e+07   0.000000e+00   7.570304e+05    947s
  389736    1.3904311e+08   0.000000e+00   9.559964e+06    712s
  389866    1.3904311e+08   0.000000e+00   8.885907e+06    717s
  390006    1.3904311e+08   0.000000e+00   9.508368e+06    722s
  423056    5.5823480e+07   6.295621e-06   2.795584e+09    962s
  390146    1.3904311e+08   0.000000e+00   1.248618e+07    728s
  390286    1.3904310e+08   0.000000e+00   7.090317e+06    733s
  390426    1.3904310e+08   0.000000e+00   1.380619e+07    739s
  423536    5.5823480e+07   0.000000e+00   8.752916e+05    976s
  390566    1.3904310e+08   0.000000e+00   1.080789e+07    745s
  390696    1.3904310e+08   0.000000e+00   1.355108e+07    750s
Waiting for other threads to finish...        5470s
  390836    1.3904310e+08   0.000000e+00   1.073321e+07    756s
  424146    5.5823479e+07   0.000000e+00   9.504737e+05    992s
Waiting for other threads to finish...        2938s
  390966    1.3904310e+08   0.000000e+00   1.085393e+07    761s
  391106    1.3904310e+08   0.000000e+00   1.151808e+07    767s
Waiting for other threads to finish...        1578s
  424656    5.5823479e+07   0.000000e+00   5.996502e+05   1007s
  391236    1.3904310e+08   0.000000e+00   1.022756e+07    772s
  391376    1.3904310e+08   0.000000e+00   1.006593e+07    778s
  391516    1.3904310e+08   0.000000e+00   9.665484e+06    783s
  391656    1.3904310e+08   0.000000e+00   9.147283e+06    788s
  425286    5.5823479e+07   0.000000e+00   6.800904e+05   1024s
  391796    1.3904310e+08   0.000000e+00   8.914510e+06    793s
  391936    1.3904310e+08   0.000000e+00   8.579907e+06    798s
  392066    1.3904310e+08   0.000000e+00   5.327254e+06    804s
  425836    5.5823479e+07   0.000000e+00   5.017585e+05   1039s
  392196    1.3904310e+08   0.000000e+00   1.521902e+07    810s
  392326    1.3904310e+08   0.000000e+00   1.053078e+07    815s
Waiting for other threads to finish...        5534s
  392466    1.3904310e+08   0.000000e+00   1.077248e+07    821s
  426496    5.5823479e+07   0.000000e+00   4.137214e+05   1057s
Waiting for other threads to finish...        3001s
  392596    1.3904310e+08   0.000000e+00   5.959549e+06    827s
Waiting for other threads to finish...        1641s
  392736    1.3904310e+08   0.000000e+00   8.336463e+06    833s
  427036    5.5823479e+07   0.000000e+00   8.480704e+05   1071s
  392876    1.3904310e+08   0.000000e+00   1.249280e+07    839s
  393016    1.3904309e+08   0.000000e+00   1.104208e+07    845s
  393146    1.3904309e+08   0.000000e+00   1.340215e+07    850s
  427666    5.5823479e+07   0.000000e+00   1.177948e+06   1089s
  393276    1.3904309e+08   0.000000e+00   1.052249e+07    856s
  393406    1.3904309e+08   0.000000e+00   1.129440e+07    862s
  393536    1.3904309e+08   0.000000e+00   7.548438e+06    867s
  428196    5.5823479e+07   0.000000e+00   6.135803e+05   1105s
  393666    1.3904309e+08   0.000000e+00   8.138798e+06    872s
  393796    1.3904309e+08   0.000000e+00   1.024215e+07    878s
Waiting for other threads to finish...        5597s
  393926    1.3904309e+08   0.000000e+00   5.413432e+06    884s
Waiting for other threads to finish...        3064s
  428826    5.5823479e+07   0.000000e+00   5.315455e+05   1123s
  394066    1.3904309e+08   0.000000e+00   8.660299e+06    890s
Waiting for other threads to finish...        1704s
  394196    1.3904309e+08   0.000000e+00   1.125262e+07    896s
  394336    1.3904309e+08   0.000000e+00   1.093050e+07    902s
  429346    5.5823479e+07   0.000000e+00   2.093027e+06   1138s
  394466    1.3904309e+08   0.000000e+00   1.207270e+07    908s
  394596    1.3904309e+08   0.000000e+00   9.331651e+06    914s
  394726    1.3904309e+08   0.000000e+00   8.967812e+06    919s
  429986    5.5823479e+07   0.000000e+00   4.650047e+05   1156s
  394846    1.3904309e+08   0.000000e+00   1.639823e+07    925s
  394966    1.3904309e+08   0.000000e+00   8.552457e+06    931s
  430506    5.5823479e+07   0.000000e+00   4.942747e+05   1172s
  395086    1.3904309e+08   0.000000e+00   1.635703e+07    938s
Waiting for other threads to finish...        5660s
  395206    1.3904309e+08   0.000000e+00   1.633402e+07    944s
Waiting for other threads to finish...        3127s
  395326    1.3904308e+08   0.000000e+00   1.250173e+07    951s
  431036    5.5823478e+07   0.000000e+00   9.096924e+05   1187s
  395446    1.3904308e+08   0.000000e+00   1.313609e+07    958s
Waiting for other threads to finish...        1768s
  395586    1.3904308e+08   0.000000e+00   1.210480e+07    964s
  431486    5.5823478e+07   0.000000e+00   1.445317e+06   1201s
  395716    1.3904308e+08   0.000000e+00   8.451275e+06    970s
  395856    1.3904308e+08   0.000000e+00   6.123325e+06    975s
  396006    1.3904308e+08   0.000000e+00   9.723543e+06    981s
  432086    5.5823478e+07   0.000000e+00   4.212987e+05   1219s
  396156    1.3904308e+08   0.000000e+00   8.725083e+06    988s
  396306    1.3904308e+08   0.000000e+00   8.210107e+06    993s
  396446    1.3904308e+08   0.000000e+00   1.030966e+07    998s
  432676    5.5823478e+07   0.000000e+00   5.530107e+05   1237s
  396596    1.3904308e+08   0.000000e+00   6.857697e+06   1003s
Waiting for other threads to finish...        5723s
  396736    1.3904308e+08   0.000000e+00   7.414977e+06   1008s
Waiting for other threads to finish...        3191s
  396886    1.3904308e+08   0.000000e+00   8.164822e+06   1014s
  397026    1.3904308e+08   0.000000e+00   1.440768e+07   1019s
  433376    5.5823478e+07   0.000000e+00   2.766039e+05   1257s
Waiting for other threads to finish...        1831s
  397166    1.3904308e+08   0.000000e+00   1.132932e+07   1024s
  397306    1.3904308e+08   0.000000e+00   1.183245e+07   1029s
Concurrent spin time: 2805.68s (can be avoided by choosing Method=3)

Solved with barrier
  390653    1.1841245e+08   6.661924e-06   6.143024e+07   5751s
  397436    1.3904308e+08   0.000000e+00   1.332485e+07   1035s
  390698    1.1841245e+08   0.000000e+00   0.000000e+00   5755s

Extra simplex iterations after uncrush: 45

Root relaxation: objective 1.184125e+08, 390698 iterations, 5684.66 seconds (3767.52 work units)
  397576    1.3904308e+08   0.000000e+00   6.619128e+06   1041s
  434036    5.5823478e+07   0.000000e+00   2.059043e+05   1277s
  397716    1.3904308e+08   0.000000e+00   1.564898e+07   1048s
  397856    1.3904308e+08   0.000000e+00   1.337302e+07   1054s
  397996    1.3904308e+08   0.000000e+00   1.326475e+07   1060s
  434686    5.5823478e+07   0.000000e+00   1.430941e+05   1297s
  398126    1.3904308e+08   0.000000e+00   9.492360e+06   1066s
  398266    1.3904308e+08   0.000000e+00   1.540829e+07   1073s
Waiting for other threads to finish...        3254s
  435226    5.5823478e+07   0.000000e+00   1.456895e+05   1314s
  398406    1.3904307e+08   0.000000e+00   1.542036e+07   1079s
Waiting for other threads to finish...        1894s
  398546    1.3904307e+08   0.000000e+00   9.175399e+06   1085s
  398696    1.3904307e+08   0.000000e+00   8.977586e+06   1092s
  435866    5.5823478e+07   0.000000e+00   1.568056e+04   1332s
  398846    1.3904307e+08   0.000000e+00   8.789914e+06   1098s
  398986    1.3904307e+08   0.000000e+00   1.335111e+07   1105s
  399126    1.3904307e+08   0.000000e+00   7.354536e+06   1110s
  399266    1.3904307e+08   0.000000e+00   8.355620e+06   1115s
  436646    5.5823478e+07   0.000000e+00   5.725456e+02   1353s
  399406    1.3904307e+08   0.000000e+00   8.741788e+06   1121s
  399546    1.3904307e+08   0.000000e+00   8.296097e+06   1126s
  399686    1.3904307e+08   0.000000e+00   5.642323e+06   1131s
  399826    1.3904307e+08   0.000000e+00   1.009407e+07   1137s
Waiting for other threads to finish...        3317s
  437476    5.5823478e+07   0.000000e+00   2.004758e+02   1375s
  399966    1.3904307e+08   0.000000e+00   8.188344e+06   1144s
Waiting for other threads to finish...        1957s
  400106    1.3904307e+08   0.000000e+00   7.004369e+06   1150s
  400246    1.3904306e+08   0.000000e+00   8.178569e+06   1157s
  400386    1.3904306e+08   0.000000e+00   9.860655e+06   1162s
  438256    5.5823478e+07   0.000000e+00   2.402963e-04   1399s
  438425    5.5823480e+07   0.000000e+00   0.000000e+00   1401s
Crossover time: 1084.72 seconds (1302.23 work units)
  400526    1.3904306e+08   0.000000e+00   9.648716e+06   1168s
  400666    1.3904306e+08   0.000000e+00   5.423768e+06   1174s
  400806    1.3904306e+08   0.000000e+00   6.962708e+06   1181s
  400946    1.3904306e+08   0.000000e+00   5.587268e+06   1188s
  401086    1.3904306e+08   0.000000e+00   8.906963e+06   1194s
  401196    1.3904306e+08   0.000000e+00   7.318382e+06   1200s
Waiting for other threads to finish...        3380s
  401296    1.3904306e+08   0.000000e+00   7.321745e+06   1208s
Waiting for other threads to finish...        2020s
  401396    1.3904305e+08   0.000000e+00   8.204314e+06   1215s
  401496    1.3904305e+08   0.000000e+00   8.344462e+06   1225s

    Nodes    |    Current Node    |     Objective Bounds      |     Work
 Expl Unexpl |  Obj  Depth IntInf | Incumbent    BestBd   Gap | It/Node Time

     0     0 1.1841e+08    0 2996          - 1.1841e+08      -     - 5945s
Waiting for other threads to finish...        1465s
  401596    1.3904305e+08   0.000000e+00   7.269124e+06   1234s
  401696    1.3904304e+08   0.000000e+00   8.117323e+06   1242s
  401796    1.3904304e+08   0.000000e+00   9.440804e+06   1250s
  401896    1.3904304e+08   0.000000e+00   2.875948e+07   1259s
Waiting for other threads to finish...        3443s
  401996    1.3904304e+08   0.000000e+00   1.020972e+07   1268s
Waiting for other threads to finish...        2083s
  402096    1.3904304e+08   0.000000e+00   1.394923e+07   1277s
  402196    1.3904304e+08   0.000000e+00   1.383494e+07   1286s
Waiting for other threads to finish...        1528s
  402296    1.3904304e+08   0.000000e+00   1.371179e+07   1295s
  402396    1.3904303e+08   0.000000e+00   1.358868e+07   1304s
  402496    1.3904303e+08   0.000000e+00   1.348065e+07   1313s
  402596    1.3904303e+08   0.000000e+00   6.816336e+06   1322s
Waiting for other threads to finish...        3507s
  402696    1.3904303e+08   0.000000e+00   7.440408e+06   1330s
Waiting for other threads to finish...        2147s
  402796    1.3904302e+08   0.000000e+00   8.248578e+06   1339s
  402896    1.3904302e+08   0.000000e+00   6.681417e+06   1347s
Waiting for other threads to finish...        1591s
  402996    1.3904301e+08   0.000000e+00   7.827399e+06   1356s
  403096    1.3904301e+08   0.000000e+00   8.712081e+06   1365s
  403196    1.3904301e+08   0.000000e+00   1.294002e+07   1372s
  403296    1.3904301e+08   0.000000e+00   7.804291e+06   1380s
  403396    1.3904300e+08   0.000000e+00   7.770846e+06   1388s
Waiting for other threads to finish...        3570s
  403496    1.3904300e+08   0.000000e+00   6.971025e+06   1395s
Waiting for other threads to finish...        2210s
  403596    1.3904300e+08   0.000000e+00   1.256678e+07   1402s
  403696    1.3904299e+08   0.000000e+00   8.810296e+06   1410s
  403796    1.3904299e+08   0.000000e+00   9.256752e+06   1417s
Waiting for other threads to finish...        1654s
  403896    1.3904299e+08   0.000000e+00   5.576498e+06   1425s
  403996    1.3904299e+08   0.000000e+00   1.218108e+07   1432s
  404096    1.3904298e+08   0.000000e+00   6.492151e+06   1440s
  404196    1.3904298e+08   0.000000e+00   9.125998e+06   1447s
  404296    1.3904298e+08   0.000000e+00   6.865399e+06   1454s
Waiting for other threads to finish...        3633s
  404396    1.3904297e+08   0.000000e+00   6.478668e+06   1462s
Waiting for other threads to finish...        2273s
  404496    1.3904297e+08   0.000000e+00   6.086977e+06   1469s
  404596    1.3904297e+08   0.000000e+00   9.327487e+06   1477s
Waiting for other threads to finish...        1718s
  404696    1.3904297e+08   0.000000e+00   9.389884e+06   1484s
  404796    1.3904296e+08   0.000000e+00   2.513407e+07   1492s
  404896    1.3904296e+08   0.000000e+00   2.503043e+07   1500s
  404996    1.3904296e+08   0.000000e+00   6.224492e+06   1508s
  405096    1.3904296e+08   0.000000e+00   6.342008e+06   1516s
Waiting for other threads to finish...        3696s
  405196    1.3904295e+08   0.000000e+00   5.534843e+06   1523s
Waiting for other threads to finish...        2336s
  405296    1.3904295e+08   0.000000e+00   6.670261e+06   1531s
  405396    1.3904295e+08   0.000000e+00   4.114573e+06   1539s
Waiting for other threads to finish...        1781s
  405496    1.3904294e+08   0.000000e+00   7.522704e+06   1546s
  405596    1.3904294e+08   0.000000e+00   2.446423e+07   1554s
  405696    1.3904293e+08   0.000000e+00   4.007836e+06   1562s
  405796    1.3904293e+08   0.000000e+00   4.889551e+06   1569s
  405896    1.3904292e+08   0.000000e+00   1.258280e+07   1577s
Waiting for other threads to finish...        3759s
  405996    1.3904290e+08   0.000000e+00   7.997635e+06   1584s
Waiting for other threads to finish...        2399s
  406096    1.3904287e+08   0.000000e+00   9.271338e+06   1593s
  406196    1.3904285e+08   0.000000e+00   5.498428e+06   1603s
Waiting for other threads to finish...        1844s
  406296    1.3904283e+08   0.000000e+00   4.805052e+06   1611s
  406396    1.3904282e+08   0.000000e+00   9.162069e+06   1619s
  406496    1.3904280e+08   0.000000e+00   8.695777e+06   1626s
  406596    1.3904278e+08   0.000000e+00   5.903799e+06   1634s
  406696    1.3904277e+08   0.000000e+00   5.286028e+06   1641s
Waiting for other threads to finish...        3822s
  406796    1.3904275e+08   0.000000e+00   8.998824e+06   1649s
Waiting for other threads to finish...        2462s
  406896    1.3904274e+08   0.000000e+00   4.664834e+06   1656s
  406996    1.3904273e+08   0.000000e+00   8.497364e+06   1664s
  407096    1.3904271e+08   0.000000e+00   3.572367e+06   1671s
Waiting for other threads to finish...        1907s
  407196    1.3904270e+08   0.000000e+00   4.191837e+06   1678s
  407296    1.3904269e+08   0.000000e+00   5.405481e+06   1685s
  407396    1.3904268e+08   0.000000e+00   3.341168e+06   1693s
  407496    1.3904266e+08   0.000000e+00   3.126071e+06   1700s
  407596    1.3904265e+08   0.000000e+00   3.322827e+06   1708s
Waiting for other threads to finish...        3886s
  407696    1.3904261e+08   0.000000e+00   4.241948e+06   1715s
Waiting for other threads to finish...        2526s
  407796    1.3904258e+08   0.000000e+00   8.023062e+06   1722s
  407896    1.3904253e+08   0.000000e+00   7.975140e+06   1729s
Waiting for other threads to finish...        1970s
  407996    1.3904250e+08   0.000000e+00   6.941015e+06   1737s
  408096    1.3904243e+08   0.000000e+00   7.785009e+06   1744s
  408196    1.3904233e+08   0.000000e+00   2.168734e+07   1751s
  408296    1.3904218e+08   0.000000e+00   6.533630e+06   1759s
  408396    1.3904207e+08   0.000000e+00   4.624019e+06   1767s
Waiting for other threads to finish...        3949s
Waiting for other threads to finish...        2589s
  408576    1.3904172e+08   0.000000e+00   4.358579e+06   1781s
  408756    1.3904126e+08   0.000000e+00   3.961077e+06   1795s
Waiting for other threads to finish...        2033s
  408946    1.3904091e+08   0.000000e+00   1.728220e+07   1810s
  409126    1.3904051e+08   0.000000e+00   3.696001e+06   1825s
  409226    1.3904032e+08   0.000000e+00   4.814054e+06   1833s
Waiting for other threads to finish...        4012s
Waiting for other threads to finish...        2652s
  409416    1.3904008e+08   0.000000e+00   1.302145e+07   1848s
  409516    1.3904001e+08   0.000000e+00   8.003100e+06   1856s
Waiting for other threads to finish...        2097s
  409696    1.3903979e+08   0.000000e+00   4.941081e+06   1870s
  409796    1.3903947e+08   0.000000e+00   4.672963e+06   1879s
  409966    1.3903904e+08   0.000000e+00   8.030051e+06   1893s
Waiting for other threads to finish...        4075s
Waiting for other threads to finish...        2715s
  410146    1.3903859e+08   0.000000e+00   1.555082e+07   1908s
  410316    1.3903828e+08   0.000000e+00   1.204006e+07   1922s
Waiting for other threads to finish...        2160s
  410486    1.3903782e+08   0.000000e+00   1.135734e+07   1936s
  410656    1.3903746e+08   0.000000e+00   1.580822e+07   1951s
Waiting for other threads to finish...        4138s
  410816    1.3903727e+08   0.000000e+00   3.791610e+06   1965s
Waiting for other threads to finish...        2778s
  410966    1.3903696e+08   0.000000e+00   1.531428e+07   1981s
Waiting for other threads to finish...        2223s
  411066    1.3903677e+08   0.000000e+00   3.148368e+06   1991s
  411246    1.3903642e+08   0.000000e+00   3.158721e+06   2008s
  411346    1.3903626e+08   0.000000e+00   6.715441e+06   2017s
Waiting for other threads to finish...        4202s
  411446    1.3903607e+08   0.000000e+00   1.543701e+07   2025s
  411546    1.3903591e+08   0.000000e+00   3.275654e+06   2032s
Waiting for other threads to finish...        2842s
  411716    1.3903546e+08   0.000000e+00   3.261010e+06   2047s
Waiting for other threads to finish...        2286s
  411896    1.3903517e+08   0.000000e+00   3.939658e+06   2062s
  412066    1.3903487e+08   0.000000e+00   4.268908e+06   2078s
Waiting for other threads to finish...        4265s
  412226    1.3903456e+08   0.000000e+00   4.279387e+06   2093s
Waiting for other threads to finish...        2905s
  412386    1.3903433e+08   0.000000e+00   1.636198e+07   2108s
Waiting for other threads to finish...        2349s
  412556    1.3903397e+08   0.000000e+00   5.306908e+06   2123s
  412706    1.3903359e+08   0.000000e+00   1.887934e+07   2138s
Waiting for other threads to finish...        4328s
  412846    1.3903294e+08   0.000000e+00   3.920646e+07   2153s
Waiting for other threads to finish...        2968s
  412986    1.3903238e+08   0.000000e+00   5.894182e+06   2168s
Waiting for other threads to finish...        2412s
  413126    1.3903187e+08   0.000000e+00   2.207608e+07   2184s
  413276    1.3903135e+08   0.000000e+00   4.335483e+06   2200s
Waiting for other threads to finish...        4391s
  413426    1.3903095e+08   0.000000e+00   2.318705e+07   2215s
Waiting for other threads to finish...        3031s
  413566    1.3903021e+08   0.000000e+00   1.060285e+08   2232s
Waiting for other threads to finish...        2476s
  413726    1.3902970e+08   0.000000e+00   6.178068e+06   2247s
  413886    1.3902899e+08   0.000000e+00   5.440421e+06   2263s
Waiting for other threads to finish...        4454s
  414066    1.3902831e+08   0.000000e+00   8.735831e+06   2278s
Waiting for other threads to finish...        3094s
  414256    1.3902782e+08   0.000000e+00   4.782433e+06   2293s
Waiting for other threads to finish...        2539s
  414426    1.3902710e+08   0.000000e+00   5.152648e+06   2309s
  414596    1.3902644e+08   0.000000e+00   4.929606e+07   2323s
  414766    1.3902578e+08   0.000000e+00   4.727855e+06   2339s
Waiting for other threads to finish...        4518s
Waiting for other threads to finish...        3157s
  414936    1.3902520e+08   0.000000e+00   4.723905e+06   2354s
  415036    1.3902481e+08   0.000000e+00   2.767679e+07   2363s
Waiting for other threads to finish...        2602s
  415136    1.3902459e+08   0.000000e+00   8.795892e+06   2371s
  415306    1.3902388e+08   0.000000e+00   8.757121e+06   2387s
  415476    1.3902303e+08   0.000000e+00   2.439470e+07   2402s
Waiting for other threads to finish...        4581s
  415576    1.3902275e+08   0.000000e+00   5.726392e+06   2411s
Waiting for other threads to finish...        3221s
  415766    1.3902215e+08   0.000000e+00   3.581224e+06   2427s
Concurrent spin time: 1263.51s (can be avoided by choosing Method=3)

Solved with barrier
  438425    5.5823480e+07   0.000000e+00   0.000000e+00   2667s

Root relaxation: objective 5.582348e+07, 438425 iterations, 2528.24 seconds (1434.01 work units)
  415866    1.3902210e+08   0.000000e+00   3.570850e+06   2435s
  415966    1.3902205e+08   0.000000e+00   3.114019e+06   2443s
  416066    1.3902199e+08   0.000000e+00   2.977486e+06   2450s
  416166    1.3902195e+08   0.000000e+00   2.851657e+06   2458s
  416266    1.3902189e+08   0.000000e+00   3.062510e+06   2466s
Waiting for other threads to finish...        4644s
Waiting for other threads to finish...        3284s
  416456    1.3902178e+08   0.000000e+00   3.465090e+06   2481s
  416556    1.3902173e+08   0.000000e+00   3.029305e+06   2489s
  416746    1.3902162e+08   0.000000e+00   2.777306e+06   2504s
  416846    1.3902156e+08   0.000000e+00   3.000157e+06   2511s
  416946    1.3902149e+08   0.000000e+00   3.401648e+06   2519s
  417046    1.3902143e+08   0.000000e+00   3.385652e+06   2527s
Waiting for other threads to finish...        4707s
  417146    1.3902136e+08   0.000000e+00   2.964613e+06   2535s
Waiting for other threads to finish...        3347s
  417246    1.3902132e+08   0.000000e+00   3.363456e+06   2542s
  417346    1.3902125e+08   0.000000e+00   3.251200e+06   2550s
  417446    1.3902120e+08   0.000000e+00   3.974871e+06   2558s
  417546    1.3902116e+08   0.000000e+00   4.280473e+06   2566s
  417646    1.3902111e+08   0.000000e+00   2.915603e+06   2574s
  417746    1.3902104e+08   0.000000e+00   3.050465e+06   2582s
  417846    1.3902097e+08   0.000000e+00   3.039626e+06   2589s
Waiting for other threads to finish...        4770s
  417946    1.3902092e+08   0.000000e+00   3.272369e+06   2597s
Waiting for other threads to finish...        3410s
  418046    1.3902086e+08   0.000000e+00   6.449899e+06   2605s
  418146    1.3902081e+08   0.000000e+00   2.829521e+06   2613s
  418246    1.3902076e+08   0.000000e+00   4.129289e+06   2620s
  418346    1.3902072e+08   0.000000e+00   3.394631e+06   2628s
  418446    1.3902066e+08   0.000000e+00   3.193205e+06   2636s
  418546    1.3902060e+08   0.000000e+00   3.176584e+06   2644s
  418646    1.3902054e+08   0.000000e+00   3.013694e+06   2652s
Waiting for other threads to finish...        4834s
  418746    1.3902051e+08   0.000000e+00   1.802480e+07   2659s
Waiting for other threads to finish...        3473s
  418846    1.3902050e+08   0.000000e+00   1.798837e+07   2667s
  418946    1.3902050e+08   0.000000e+00   1.094322e+07   2675s
  419046    1.3902049e+08   0.000000e+00   1.730132e+07   2683s
  419146    1.3902043e+08   0.000000e+00   2.927061e+06   2691s
  419246    1.3902037e+08   0.000000e+00   2.676093e+06   2699s
  419346    1.3902033e+08   0.000000e+00   2.792488e+06   2707s
  419446    1.3902027e+08   0.000000e+00   2.656197e+06   2715s
Waiting for other threads to finish...        4897s
  419546    1.3902022e+08   0.000000e+00   3.100788e+06   2722s
Waiting for other threads to finish...        3536s
  419646    1.3902020e+08   0.000000e+00   4.702259e+07   2730s
  419746    1.3902018e+08   0.000000e+00   5.759750e+06   2738s
  419846    1.3902016e+08   0.000000e+00   5.544272e+06   2746s
  419946    1.3902012e+08   0.000000e+00   4.773049e+07   2754s
  420046    1.3902009e+08   0.000000e+00   7.794446e+06   2761s
  420146    1.3902005e+08   0.000000e+00   3.021404e+06   2770s
  420246    1.3901999e+08   0.000000e+00   3.000718e+06   2778s
Waiting for other threads to finish...        4960s
  420346    1.3901994e+08   0.000000e+00   2.323864e+06   2786s
Waiting for other threads to finish...        3600s
  420536    1.3901984e+08   0.000000e+00   2.953957e+06   2806s
  420636    1.3901979e+08   0.000000e+00   2.613659e+06   2814s
  420826    1.3901971e+08   0.000000e+00   4.932034e+06   2830s
  420926    1.3901966e+08   0.000000e+00   8.547051e+06   2838s
Waiting for other threads to finish...        5023s
  421026    1.3901960e+08   0.000000e+00   2.680531e+06   2846s
Waiting for other threads to finish...        3663s
  421126    1.3901955e+08   0.000000e+00   2.512392e+06   2854s
  421226    1.3901951e+08   0.000000e+00   2.893595e+06   2862s
  421326    1.3901946e+08   0.000000e+00   2.723260e+06   2870s
  421426    1.3901943e+08   0.000000e+00   2.628452e+06   2877s
  421526    1.3901938e+08   0.000000e+00   2.455034e+06   2885s
  421626    1.3901934e+08   0.000000e+00   2.773441e+06   2893s
  421726    1.3901929e+08   0.000000e+00   2.586756e+06   2901s
Waiting for other threads to finish...        5086s
  421826    1.3901923e+08   0.000000e+00   3.930999e+06   2908s
Waiting for other threads to finish...        3726s
  422016    1.3901915e+08   0.000000e+00   1.252447e+08   2924s
  422176    1.3901914e+08   0.000000e+00   2.683252e+06   2939s
  422276    1.3901910e+08   0.000000e+00   2.745856e+06   2947s
  422376    1.3901905e+08   0.000000e+00   2.513696e+06   2954s
  422476    1.3901899e+08   0.000000e+00   2.683336e+06   2962s
  422576    1.3901893e+08   0.000000e+00   2.456132e+06   2970s
Waiting for other threads to finish...        5149s
  422676    1.3901889e+08   0.000000e+00   2.609217e+06   2978s
Waiting for other threads to finish...        3789s
  422776    1.3901884e+08   0.000000e+00   2.429380e+06   2985s
  422876    1.3901879e+08   0.000000e+00   2.658700e+06   2993s
  422976    1.3901878e+08   0.000000e+00   2.361505e+06   3000s
  423076    1.3901873e+08   0.000000e+00   2.625425e+06   3008s
  423176    1.3901868e+08   0.000000e+00   2.363702e+06   3016s
  423356    1.3901859e+08   0.000000e+00   2.563225e+06   3031s
Waiting for other threads to finish...        5213s
  423456    1.3901855e+08   0.000000e+00   2.316266e+06   3039s
Waiting for other threads to finish...        3852s
  423556    1.3901850e+08   0.000000e+00   2.534409e+06   3047s
  423656    1.3901846e+08   0.000000e+00   2.374011e+06   3055s
  423756    1.3901841e+08   0.000000e+00   2.518893e+06   3063s
  423856    1.3901837e+08   0.000000e+00   2.287258e+06   3071s
  424046    1.3901828e+08   0.000000e+00   2.239294e+06   3087s
  424146    1.3901823e+08   0.000000e+00   2.292122e+06   3097s
Waiting for other threads to finish...        5276s
Waiting for other threads to finish...        3915s
  424246    1.3901818e+08   0.000000e+00   2.495131e+06   3108s
  424346    1.3901814e+08   0.000000e+00   2.198076e+06   3116s
  424446    1.3901809e+08   0.000000e+00   2.345894e+06   3124s
  424546    1.3901805e+08   0.000000e+00   2.399239e+06   3132s
  424646    1.3901800e+08   0.000000e+00   2.540434e+06   3139s
  424746    1.3901795e+08   0.000000e+00   2.359876e+06   3147s
  424846    1.3901790e+08   0.000000e+00   2.014496e+06   3155s
Waiting for other threads to finish...        5339s
  424946    1.3901785e+08   0.000000e+00   2.132206e+06   3162s
Waiting for other threads to finish...        3979s
  425046    1.3901781e+08   0.000000e+00   2.310488e+06   3170s
  425146    1.3901777e+08   0.000000e+00   2.777877e+06   3178s
  425326    1.3901770e+08   0.000000e+00   2.217363e+06   3195s
  425506    1.3901762e+08   0.000000e+00   2.595972e+06   3210s
Waiting for other threads to finish...        5402s
  425686    1.3901754e+08   0.000000e+00   2.108853e+06   3226s
Waiting for other threads to finish...        4042s
  425866    1.3901746e+08   0.000000e+00   5.431325e+06   3240s
  426046    1.3901739e+08   0.000000e+00   1.990312e+06   3254s
  426146    1.3901735e+08   0.000000e+00   2.800566e+06   3262s
  426326    1.3901728e+08   0.000000e+00   2.020455e+06   3277s
  426426    1.3901725e+08   0.000000e+00   2.061774e+06   3285s
Waiting for other threads to finish...        5465s

    Nodes    |    Current Node    |     Objective Bounds      |     Work
 Expl Unexpl |  Obj  Depth IntInf | Incumbent    BestBd   Gap | It/Node Time

     0     0 5.5823e+07    0    7          - 5.5823e+07      -     - 3527s
Waiting for other threads to finish...        4105s
  426606    1.3901720e+08   0.000000e+00   3.626681e+06   3300s
  426786    1.3901712e+08   0.000000e+00   2.033823e+06   3315s
  426966    1.3901707e+08   0.000000e+00   2.989789e+06   3329s
H    0     0                    9.038684e+07 5.5823e+07  38.2%     - 3570s
  427146    1.3901701e+08   0.000000e+00   1.961950e+06   3344s
Waiting for other threads to finish...        5528s
Waiting for other threads to finish...        4168s
  427326    1.3901694e+08   0.000000e+00   1.590862e+06   3360s
  427506    1.3901690e+08   0.000000e+00   6.271797e+06   3375s
  427686    1.3901685e+08   0.000000e+00   1.744375e+06   3390s
  427856    1.3901679e+08   0.000000e+00   2.335026e+06   3405s
Waiting for other threads to finish...        5592s
  428036    1.3901673e+08   0.000000e+00   2.184040e+06   3420s
Waiting for other threads to finish...        4231s
  428206    1.3901668e+08   0.000000e+00   3.065232e+06   3435s
  428396    1.3901662e+08   0.000000e+00   4.751144e+06   3451s
  428496    1.3901661e+08   0.000000e+00   2.192038e+06   3458s
  428636    1.3901659e+08   0.000000e+00   3.863156e+06   3473s
Waiting for other threads to finish...        5655s
Waiting for other threads to finish...        4294s
  428776    1.3901656e+08   0.000000e+00   1.915810e+06   3488s
  428926    1.3901652e+08   0.000000e+00   1.647955e+06   3503s
     0     0 1.1843e+08    0 3000          - 1.1843e+08      -     - 8234s
  429076    1.3901649e+08   0.000000e+00   1.821917e+06   3518s
  429236    1.3901645e+08   0.000000e+00   1.856128e+06   3534s
Waiting for other threads to finish...        5718s
  429376    1.3901643e+08   0.000000e+00   1.567836e+06   3549s
Waiting for other threads to finish...        4358s
H    0     0                    5.588230e+07 5.5823e+07  0.11%     - 3793s

Explored 1 nodes (554056 simplex iterations) in 3794.70 seconds (2402.19 work units)
Thread count was 8 (of 192 available processors)

Solution count 2: 5.58823e+07 9.03868e+07 

Optimal solution found (tolerance 1.00e-02)
Warning: max constraint violation (9.2391e-05) exceeds tolerance
Best objective 5.588230121216e+07, best bound 5.582347986207e+07, gap 0.1053%
Set parameter LogFile to value ""
  429526    1.3901640e+08   0.000000e+00   3.329544e+06   3564s
  429666    1.3901637e+08   0.000000e+00   1.531301e+06   3578s
  429806    1.3901635e+08   0.000000e+00   1.429860e+06   3593s
Waiting for other threads to finish...        5781s
  429946    1.3901632e+08   0.000000e+00   2.025587e+06   3607s
Waiting for other threads to finish...        4421s
  430096    1.3901629e+08   0.000000e+00   1.700518e+06   3622s
  430236    1.3901626e+08   0.000000e+00   1.408885e+06   3637s
  430386    1.3901625e+08   0.000000e+00   3.179230e+06   3652s
Waiting for other threads to finish...        5844s
  430546    1.3901622e+08   0.000000e+00   2.508341e+06   3667s
Waiting for other threads to finish...        4484s
  430696    1.3901620e+08   0.000000e+00   1.301506e+06   3682s
  430836    1.3901618e+08   0.000000e+00   2.645713e+06   3697s
# ==========================================================
# = Solver Results                                         =
# ==========================================================
# ----------------------------------------------------------
#   Problem Information
# ----------------------------------------------------------
Problem: 
- Name: unknown
  Lower bound: 55823479.86206622
  Upper bound: 55882301.21216036
  Number of objectives: 1
  Number of constraints: 9050179
  Number of variables: 6728544
  Number of binary variables: 858652
  Number of integer variables: 858652
  Number of continuous variables: 5011240
  Number of nonzeros: 21385595
  Sense: minimize
  Number of solutions: 2
# ----------------------------------------------------------
#   Solver Information
# ----------------------------------------------------------
Solver: 
- Name: Gurobi 13.00
  Status: ok
  Wallclock time: 3794.8145668506622
  Termination condition: optimal
  Termination message: Model was solved to optimality (subject to tolerances), and an optimal solution is available.
# ----------------------------------------------------------
#   Solution Information
# ----------------------------------------------------------
Solution: 
- number of solutions: 0
  number of solutions displayed: 0
Writing results to /gpfs/home3/scur1696/AdOpT-NET0-RegToNation/generic_node_optimization/results/parallel_creation_test_20251123_162207/parallel_run_0011/userData/20251123174554-1
[SUCCESS] Solved: parallel_run_0011
[SOLVING] parallel_run_0014
Set parameter Threads to value 8
  430966    1.3901616e+08   0.000000e+00   1.320143e+06   3711s
  431136    1.3901613e+08   0.000000e+00   1.945444e+06   3726s
Waiting for other threads to finish...        5907s
Waiting for other threads to finish...        4547s
  431306    1.3901611e+08   0.000000e+00   1.867130e+06   3741s
  431496    1.3901608e+08   0.000000e+00   4.416386e+06   3757s
  431606    1.3901605e+08   0.000000e+00   4.519214e+06   3766s
  431716    1.3901603e+08   0.000000e+00   4.655881e+06   3774s
  431926    1.3901599e+08   0.000000e+00   6.023742e+06   3790s
Waiting for other threads to finish...        5971s
  432026    1.3901597e+08   0.000000e+00   4.506877e+06   3798s
Waiting for other threads to finish...        4610s
  432136    1.3901596e+08   0.000000e+00   4.577302e+06   3807s
  432246    1.3901594e+08   0.000000e+00   4.690599e+06   3815s
  432356    1.3901592e+08   0.000000e+00   4.528596e+06   3824s
  432456    1.3901581e+08   0.000000e+00   1.781861e+06   3833s
  432566    1.3901571e+08   0.000000e+00   5.558032e+06   3842s
Waiting for other threads to finish...        6034s
  432776    1.3901562e+08   0.000000e+00   5.746873e+06   3857s
Waiting for other threads to finish...        4673s
  432886    1.3901560e+08   0.000000e+00   6.412346e+06   3865s
  432996    1.3901555e+08   0.000000e+00   6.900160e+06   3873s
  433096    1.3901550e+08   0.000000e+00   5.299303e+06   3881s
  433206    1.3901546e+08   0.000000e+00   5.513487e+06   3889s
  433316    1.3901541e+08   0.000000e+00   6.500704e+06   3897s
  433426    1.3901537e+08   0.000000e+00   5.434881e+06   3905s
  433526    1.3901534e+08   0.000000e+00   6.563554e+06   3913s
Waiting for other threads to finish...        6097s
  433626    1.3901534e+08   0.000000e+00   7.289595e+06   3921s
Waiting for other threads to finish...        4737s
  433806    1.3901534e+08   0.000000e+00   8.315208e+06   3938s
  433986    1.3901534e+08   0.000000e+00   6.399992e+06   3953s
  434166    1.3901533e+08   0.000000e+00   6.614599e+06   3968s
Waiting for other threads to finish...        6160s
  434346    1.3901533e+08   0.000000e+00   6.262242e+06   3983s
  434446    1.3901533e+08   0.000000e+00   6.385903e+06   3990s
Waiting for other threads to finish...        4800s
  434546    1.3901533e+08   0.000000e+00   8.464479e+06   3998s
  434716    1.3901533e+08   0.000000e+00   6.083711e+06   4014s
  434926    1.3901531e+08   0.000000e+00   5.409941e+06   4030s
  435026    1.3901531e+08   0.000000e+00   5.843787e+06   4038s
Waiting for other threads to finish...        6223s
  435216    1.3901526e+08   0.000000e+00   7.103514e+06   4053s
Waiting for other threads to finish...        4863s
  435416    1.3901525e+08   0.000000e+00   7.490080e+06   4069s
  435616    1.3901525e+08   0.000000e+00   7.231495e+06   4085s
  435796    1.3901525e+08   0.000000e+00   6.842226e+06   4099s
  435896    1.3901524e+08   0.000000e+00   6.902793e+06   4107s
Waiting for other threads to finish...        6287s
Waiting for other threads to finish...        4926s
  436096    1.3901524e+08   0.000000e+00   2.604984e+06   4122s
  436196    1.3901523e+08   0.000000e+00   2.313939e+06   4130s
  436376    1.3901520e+08   0.000000e+00   1.989665e+06   4146s
  436546    1.3901517e+08   0.000000e+00   2.409458e+06   4162s
Waiting for other threads to finish...        6350s
  436716    1.3901514e+08   0.000000e+00   2.182782e+06   4178s
Waiting for other threads to finish...        4989s
  436876    1.3901513e+08   0.000000e+00   2.121573e+06   4192s
  437036    1.3901511e+08   0.000000e+00   2.239483e+06   4208s
  437186    1.3901510e+08   0.000000e+00   2.033382e+06   4222s
Waiting for other threads to finish...        6413s
  437306    1.3901508e+08   0.000000e+00   1.868781e+06   4237s
Waiting for other threads to finish...        5052s
  437426    1.3901507e+08   0.000000e+00   2.333147e+06   4252s
  437556    1.3901506e+08   0.000000e+00   2.093404e+06   4267s
  437726    1.3901505e+08   0.000000e+00   1.897131e+06   4282s
  437846    1.3901503e+08   0.000000e+00   1.660344e+06   4297s
Waiting for other threads to finish...        6476s
Waiting for other threads to finish...        5116s
  437996    1.3901502e+08   0.000000e+00   1.759306e+06   4313s
  438146    1.3901500e+08   0.000000e+00   1.782099e+06   4328s
  438296    1.3901498e+08   0.000000e+00   2.626195e+06   4342s
  438446    1.3901496e+08   0.000000e+00   1.951292e+06   4358s
Waiting for other threads to finish...        6539s
Waiting for other threads to finish...        5179s
  438566    1.3901493e+08   0.000000e+00   1.923140e+06   4372s
  438716    1.3901491e+08   0.000000e+00   1.894767e+06   4387s
  438836    1.3901490e+08   0.000000e+00   3.406397e+06   4402s
  439016    1.3901489e+08   0.000000e+00   2.934050e+06   4417s
Waiting for other threads to finish...        6602s
Waiting for other threads to finish...        5242s
  439176    1.3901489e+08   0.000000e+00   1.810413e+06   4433s
  439336    1.3901486e+08   0.000000e+00   3.525069e+06   4448s
  439476    1.3901483e+08   0.000000e+00   1.880947e+06   4463s
  439596    1.3901480e+08   0.000000e+00   3.322121e+06   4478s
Waiting for other threads to finish...        6666s
  439736    1.3901478e+08   0.000000e+00   1.748941e+06   4492s
Waiting for other threads to finish...        5305s
  439886    1.3901475e+08   0.000000e+00   2.688385e+06   4508s
  440066    1.3901474e+08   0.000000e+00   3.495601e+07   4523s
  440266    1.3901474e+08   0.000000e+00   3.099214e+07   4538s
Waiting for other threads to finish...        6729s
  440466    1.3901474e+08   0.000000e+00   3.140584e+07   4553s
Waiting for other threads to finish...        5368s
  440666    1.3901474e+08   0.000000e+00   3.181954e+07   4568s
  440866    1.3901474e+08   0.000000e+00   3.209098e+07   4583s
  441066    1.3901474e+08   0.000000e+00   3.135195e+07   4599s
Waiting for other threads to finish...        6792s
  441276    1.3901474e+08   0.000000e+00   3.099514e+07   4614s
  441376    1.3901474e+08   0.000000e+00   3.159514e+07   4622s
Waiting for other threads to finish...        5431s
  441476    1.3901474e+08   0.000000e+00   3.110250e+07   4630s
  441576    1.3901474e+08   0.000000e+00   3.107099e+07   4638s
  441686    1.3901474e+08   0.000000e+00   3.633812e+07   4646s
  441796    1.3901474e+08   0.000000e+00   3.390317e+07   4654s
  441896    1.3901474e+08   0.000000e+00   3.414954e+07   4662s
  441996    1.3901474e+08   0.000000e+00   3.159545e+07   4670s
Waiting for other threads to finish...        6855s
  442096    1.3901474e+08   0.000000e+00   3.208814e+07   4678s
  442196    1.3901474e+08   0.000000e+00   3.208816e+07   4686s
Waiting for other threads to finish...        5495s
  442296    1.3901473e+08   0.000000e+00   1.550438e+07   4694s
  442406    1.3901472e+08   0.000000e+00   1.500938e+07   4702s
  442516    1.3901471e+08   0.000000e+00   1.579586e+07   4710s
  442626    1.3901468e+08   0.000000e+00   4.442323e+07   4719s
  442736    1.3901468e+08   0.000000e+00   4.195055e+07   4727s
  442846    1.3901468e+08   0.000000e+00   4.241977e+07   4735s
Waiting for other threads to finish...        6918s
  442956    1.3901467e+08   0.000000e+00   1.446649e+07   4743s
Waiting for other threads to finish...        5558s
  443136    1.3901465e+08   0.000000e+00   1.495867e+07   4758s
  443236    1.3901464e+08   0.000000e+00   4.421095e+07   4766s
  443426    1.3901460e+08   0.000000e+00   1.461747e+07   4782s
  443536    1.3901458e+08   0.000000e+00   1.510996e+07   4790s
  443646    1.3901457e+08   0.000000e+00   1.581438e+07   4799s
Waiting for other threads to finish...        6981s
  443756    1.3901452e+08   0.000000e+00   1.517304e+07   4807s
Waiting for other threads to finish...        5621s
  443856    1.3901444e+08   0.000000e+00   3.274725e+06   4815s
  443966    1.3901435e+08   0.000000e+00   2.656865e+07   4824s
  444146    1.3901425e+08   0.000000e+00   2.585484e+07   4840s
  444346    1.3901416e+08   0.000000e+00   1.245378e+07   4856s
  444456    1.3901416e+08   0.000000e+00   1.208449e+07   4864s
Waiting for other threads to finish...        7045s
  444556    1.3901416e+08   0.000000e+00   1.235815e+07   4871s
Waiting for other threads to finish...        5684s
  444746    1.3901409e+08   0.000000e+00   1.392064e+07   4887s
  444846    1.3901404e+08   0.000000e+00   4.299745e+07   4895s
  444946    1.3901398e+08   0.000000e+00   1.451470e+07   4904s
  445126    1.3901389e+08   0.000000e+00   1.203431e+07   4919s
Waiting for other threads to finish...        7108s
  445306    1.3901389e+08   0.000000e+00   3.998170e+07   4934s
Waiting for other threads to finish...        5747s
  [CONFIG] Gurobi default env configured: 8 threads per worker
--- Reading in data ---
Input data folder has been checked successfully - no errors occurred.
--- Reading in data complete ---
--- Constructing Model ---
Constructing Investment Period period1
Constructing Investment Period period1 completed
	 - Constructing Network hydrogenPipelineOnshore_lowP
			gdp.bigm Transformation...
			gdp.bigm Transformation completed in 0 s
		 - Constructing Arc BIG1 - BIG2 completed
			gdp.bigm Transformation...
			gdp.bigm Transformation completed in 0 s
		 - Constructing Arc BIG1 - SMALL1 completed
			gdp.bigm Transformation...
			gdp.bigm Transformation completed in 0 s
		 - Constructing Arc BIG1 - SMALL2 completed
			gdp.bigm Transformation...
			gdp.bigm Transformation completed in 0 s
		 - Constructing Arc BIG1 - SMALL3 completed
			gdp.bigm Transformation...
			gdp.bigm Transformation completed in 0 s
		 - Constructing Arc BIG1 - SMALL4 completed
			gdp.bigm Transformation...
			gdp.bigm Transformation completed in 0 s
		 - Constructing Arc BIG1 - STORAGE completed
			gdp.bigm Transformation...
			gdp.bigm Transformation completed in 0 s
		 - Constructing Arc BIG2 - BIG1 completed
			gdp.bigm Transformation...
			gdp.bigm Transformation completed in 0 s
		 - Constructing Arc BIG2 - SMALL1 completed
			gdp.bigm Transformation...
			gdp.bigm Transformation completed in 0 s
		 - Constructing Arc BIG2 - SMALL2 completed
			gdp.bigm Transformation...
			gdp.bigm Transformation completed in 0 s
		 - Constructing Arc BIG2 - SMALL3 completed
			gdp.bigm Transformation...
			gdp.bigm Transformation completed in 0 s
		 - Constructing Arc BIG2 - SMALL4 completed
			gdp.bigm Transformation...
			gdp.bigm Transformation completed in 0 s
		 - Constructing Arc BIG2 - STORAGE completed
			gdp.bigm Transformation...
			gdp.bigm Transformation completed in 0 s
		 - Constructing Arc SMALL1 - BIG1 completed
			gdp.bigm Transformation...
			gdp.bigm Transformation completed in 0 s
		 - Constructing Arc SMALL1 - BIG2 completed
			gdp.bigm Transformation...
			gdp.bigm Transformation completed in 0 s
		 - Constructing Arc SMALL1 - SMALL2 completed
			gdp.bigm Transformation...
			gdp.bigm Transformation completed in 0 s
		 - Constructing Arc SMALL1 - SMALL3 completed
			gdp.bigm Transformation...
			gdp.bigm Transformation completed in 0 s
		 - Constructing Arc SMALL1 - SMALL4 completed
			gdp.bigm Transformation...
			gdp.bigm Transformation completed in 0 s
		 - Constructing Arc SMALL1 - STORAGE completed
			gdp.bigm Transformation...
			gdp.bigm Transformation completed in 0 s
		 - Constructing Arc SMALL2 - BIG1 completed
			gdp.bigm Transformation...
			gdp.bigm Transformation completed in 0 s
		 - Constructing Arc SMALL2 - BIG2 completed
			gdp.bigm Transformation...
			gdp.bigm Transformation completed in 0 s
		 - Constructing Arc SMALL2 - SMALL1 completed
			gdp.bigm Transformation...
			gdp.bigm Transformation completed in 0 s
		 - Constructing Arc SMALL2 - SMALL3 completed
			gdp.bigm Transformation...
			gdp.bigm Transformation completed in 0 s
		 - Constructing Arc SMALL2 - SMALL4 completed
			gdp.bigm Transformation...
			gdp.bigm Transformation completed in 0 s
		 - Constructing Arc SMALL2 - STORAGE completed
			gdp.bigm Transformation...
			gdp.bigm Transformation completed in 0 s
		 - Constructing Arc SMALL3 - BIG1 completed
			gdp.bigm Transformation...
			gdp.bigm Transformation completed in 0 s
		 - Constructing Arc SMALL3 - BIG2 completed
			gdp.bigm Transformation...
			gdp.bigm Transformation completed in 0 s
		 - Constructing Arc SMALL3 - SMALL1 completed
			gdp.bigm Transformation...
			gdp.bigm Transformation completed in 0 s
		 - Constructing Arc SMALL3 - SMALL2 completed
			gdp.bigm Transformation...
			gdp.bigm Transformation completed in 0 s
		 - Constructing Arc SMALL3 - SMALL4 completed
			gdp.bigm Transformation...
			gdp.bigm Transformation completed in 0 s
		 - Constructing Arc SMALL3 - STORAGE completed
			gdp.bigm Transformation...
			gdp.bigm Transformation completed in 0 s
		 - Constructing Arc SMALL4 - BIG1 completed
			gdp.bigm Transformation...
			gdp.bigm Transformation completed in 0 s
		 - Constructing Arc SMALL4 - BIG2 completed
			gdp.bigm Transformation...
			gdp.bigm Transformation completed in 0 s
		 - Constructing Arc SMALL4 - SMALL1 completed
			gdp.bigm Transformation...
			gdp.bigm Transformation completed in 0 s
		 - Constructing Arc SMALL4 - SMALL2 completed
			gdp.bigm Transformation...
			gdp.bigm Transformation completed in 0 s
		 - Constructing Arc SMALL4 - SMALL3 completed
			gdp.bigm Transformation...
			gdp.bigm Transformation completed in 0 s
		 - Constructing Arc SMALL4 - STORAGE completed
			gdp.bigm Transformation...
			gdp.bigm Transformation completed in 0 s
		 - Constructing Arc STORAGE - BIG1 completed
			gdp.bigm Transformation...
			gdp.bigm Transformation completed in 0 s
		 - Constructing Arc STORAGE - BIG2 completed
			gdp.bigm Transformation...
			gdp.bigm Transformation completed in 0 s
		 - Constructing Arc STORAGE - SMALL1 completed
			gdp.bigm Transformation...
			gdp.bigm Transformation completed in 0 s
		 - Constructing Arc STORAGE - SMALL2 completed
			gdp.bigm Transformation...
			gdp.bigm Transformation completed in 0 s
		 - Constructing Arc STORAGE - SMALL3 completed
			gdp.bigm Transformation...
			gdp.bigm Transformation completed in 0 s
		 - Constructing Arc STORAGE - SMALL4 completed
	 - Constructing Network hydrogenPipelineOnshore_lowP completed
			gdp.bigm Transformation...
			gdp.bigm Transformation completed in 79 s
	 - Constructing Network hydrogenPipelineOnshore_highP
			gdp.bigm Transformation...
			gdp.bigm Transformation completed in 0 s
		 - Constructing Arc BIG1 - BIG2 completed
			gdp.bigm Transformation...
			gdp.bigm Transformation completed in 0 s
		 - Constructing Arc BIG1 - SMALL1 completed
			gdp.bigm Transformation...
			gdp.bigm Transformation completed in 0 s
		 - Constructing Arc BIG1 - SMALL2 completed
			gdp.bigm Transformation...
			gdp.bigm Transformation completed in 0 s
		 - Constructing Arc BIG1 - SMALL3 completed
			gdp.bigm Transformation...
			gdp.bigm Transformation completed in 0 s
		 - Constructing Arc BIG1 - SMALL4 completed
			gdp.bigm Transformation...
			gdp.bigm Transformation completed in 0 s
		 - Constructing Arc BIG1 - STORAGE completed
			gdp.bigm Transformation...
			gdp.bigm Transformation completed in 0 s
		 - Constructing Arc BIG2 - BIG1 completed
			gdp.bigm Transformation...
			gdp.bigm Transformation completed in 0 s
		 - Constructing Arc BIG2 - SMALL1 completed
			gdp.bigm Transformation...
			gdp.bigm Transformation completed in 0 s
		 - Constructing Arc BIG2 - SMALL2 completed
			gdp.bigm Transformation...
			gdp.bigm Transformation completed in 0 s
		 - Constructing Arc BIG2 - SMALL3 completed
			gdp.bigm Transformation...
			gdp.bigm Transformation completed in 0 s
		 - Constructing Arc BIG2 - SMALL4 completed
			gdp.bigm Transformation...
			gdp.bigm Transformation completed in 0 s
		 - Constructing Arc BIG2 - STORAGE completed
			gdp.bigm Transformation...
			gdp.bigm Transformation completed in 0 s
		 - Constructing Arc SMALL1 - BIG1 completed
			gdp.bigm Transformation...
			gdp.bigm Transformation completed in 0 s
		 - Constructing Arc SMALL1 - BIG2 completed
			gdp.bigm Transformation...
			gdp.bigm Transformation completed in 0 s
		 - Constructing Arc SMALL1 - SMALL2 completed
			gdp.bigm Transformation...
			gdp.bigm Transformation completed in 0 s
		 - Constructing Arc SMALL1 - SMALL3 completed
			gdp.bigm Transformation...
			gdp.bigm Transformation completed in 0 s
		 - Constructing Arc SMALL1 - SMALL4 completed
			gdp.bigm Transformation...
			gdp.bigm Transformation completed in 0 s
		 - Constructing Arc SMALL1 - STORAGE completed
			gdp.bigm Transformation...
			gdp.bigm Transformation completed in 0 s
		 - Constructing Arc SMALL2 - BIG1 completed
			gdp.bigm Transformation...
			gdp.bigm Transformation completed in 0 s
		 - Constructing Arc SMALL2 - BIG2 completed
			gdp.bigm Transformation...
			gdp.bigm Transformation completed in 0 s
		 - Constructing Arc SMALL2 - SMALL1 completed
			gdp.bigm Transformation...
			gdp.bigm Transformation completed in 0 s
		 - Constructing Arc SMALL2 - SMALL3 completed
			gdp.bigm Transformation...
			gdp.bigm Transformation completed in 0 s
		 - Constructing Arc SMALL2 - SMALL4 completed
			gdp.bigm Transformation...
			gdp.bigm Transformation completed in 0 s
		 - Constructing Arc SMALL2 - STORAGE completed
			gdp.bigm Transformation...
			gdp.bigm Transformation completed in 0 s
		 - Constructing Arc SMALL3 - BIG1 completed
			gdp.bigm Transformation...
			gdp.bigm Transformation completed in 0 s
		 - Constructing Arc SMALL3 - BIG2 completed
			gdp.bigm Transformation...
			gdp.bigm Transformation completed in 0 s
		 - Constructing Arc SMALL3 - SMALL1 completed
			gdp.bigm Transformation...
			gdp.bigm Transformation completed in 0 s
		 - Constructing Arc SMALL3 - SMALL2 completed
			gdp.bigm Transformation...
			gdp.bigm Transformation completed in 0 s
		 - Constructing Arc SMALL3 - SMALL4 completed
			gdp.bigm Transformation...
			gdp.bigm Transformation completed in 0 s
		 - Constructing Arc SMALL3 - STORAGE completed
			gdp.bigm Transformation...
			gdp.bigm Transformation completed in 0 s
		 - Constructing Arc SMALL4 - BIG1 completed
			gdp.bigm Transformation...
			gdp.bigm Transformation completed in 0 s
		 - Constructing Arc SMALL4 - BIG2 completed
			gdp.bigm Transformation...
			gdp.bigm Transformation completed in 0 s
		 - Constructing Arc SMALL4 - SMALL1 completed
			gdp.bigm Transformation...
			gdp.bigm Transformation completed in 0 s
		 - Constructing Arc SMALL4 - SMALL2 completed
			gdp.bigm Transformation...
			gdp.bigm Transformation completed in 0 s
		 - Constructing Arc SMALL4 - SMALL3 completed
			gdp.bigm Transformation...
			gdp.bigm Transformation completed in 0 s
		 - Constructing Arc SMALL4 - STORAGE completed
			gdp.bigm Transformation...
			gdp.bigm Transformation completed in 0 s
		 - Constructing Arc STORAGE - BIG1 completed
			gdp.bigm Transformation...
			gdp.bigm Transformation completed in 0 s
		 - Constructing Arc STORAGE - BIG2 completed
			gdp.bigm Transformation...
			gdp.bigm Transformation completed in 0 s
		 - Constructing Arc STORAGE - SMALL1 completed
			gdp.bigm Transformation...
			gdp.bigm Transformation completed in 0 s
		 - Constructing Arc STORAGE - SMALL2 completed
			gdp.bigm Transformation...
			gdp.bigm Transformation completed in 0 s
		 - Constructing Arc STORAGE - SMALL3 completed
			gdp.bigm Transformation...
			gdp.bigm Transformation completed in 0 s
		 - Constructing Arc STORAGE - SMALL4 completed
	 - Constructing Network hydrogenPipelineOnshore_highP completed
			gdp.bigm Transformation...
			gdp.bigm Transformation completed in 79 s
	 - Adding Technology Electrolyzer_big
			gdp.bigm Transformation...
			gdp.bigm Transformation completed in 0 s
	 - Adding Technology Storage_H2_highP
			gdp.bigm Transformation...
			gdp.bigm Transformation completed in 4 s
	 - Adding Compressor hydrogen_Compressor_hydrogenPipelineOnshore_lowP_hydrogenPipelineOnshore_lowP
	 - Adding Compressor hydrogen_Compressor_hydrogenPipelineOnshore_lowP_hydrogenPipelineOnshore_highP
	 - Adding Compressor hydrogen_Compressor_hydrogenPipelineOnshore_lowP_Storage_H2_highP
	 - Adding Compressor hydrogen_Compressor_hydrogenPipelineOnshore_lowP_Demand
	 - Adding Compressor hydrogen_Compressor_hydrogenPipelineOnshore_highP_hydrogenPipelineOnshore_lowP
	 - Adding Compressor hydrogen_Compressor_hydrogenPipelineOnshore_highP_hydrogenPipelineOnshore_highP
	 - Adding Compressor hydrogen_Compressor_hydrogenPipelineOnshore_highP_Storage_H2_highP
	 - Adding Compressor hydrogen_Compressor_hydrogenPipelineOnshore_highP_Demand
	 - Adding Compressor hydrogen_Compressor_Electrolyzer_big_hydrogenPipelineOnshore_lowP
	 - Adding Compressor hydrogen_Compressor_Electrolyzer_big_hydrogenPipelineOnshore_highP
	 - Adding Compressor hydrogen_Compressor_Electrolyzer_big_Storage_H2_highP
	 - Adding Compressor hydrogen_Compressor_Electrolyzer_big_Demand
	 - Adding Compressor hydrogen_Compressor_Storage_H2_highP_hydrogenPipelineOnshore_lowP
	 - Adding Compressor hydrogen_Compressor_Storage_H2_highP_hydrogenPipelineOnshore_highP
	 - Adding Compressor hydrogen_Compressor_Storage_H2_highP_Storage_H2_highP
	 - Adding Compressor hydrogen_Compressor_Storage_H2_highP_Demand
	 - Adding Compressor hydrogen_Compressor_Import_hydrogenPipelineOnshore_lowP
	 - Adding Compressor hydrogen_Compressor_Import_hydrogenPipelineOnshore_highP
	 - Adding Compressor hydrogen_Compressor_Import_Storage_H2_highP
	 - Adding Compressor hydrogen_Compressor_Import_Demand_existing
	 - Adding Technology Electrolyzer_big
			gdp.bigm Transformation...
			gdp.bigm Transformation completed in 0 s
	 - Adding Technology Storage_H2_highP
			gdp.bigm Transformation...
			gdp.bigm Transformation completed in 4 s
	 - Adding Compressor hydrogen_Compressor_hydrogenPipelineOnshore_lowP_hydrogenPipelineOnshore_lowP
	 - Adding Compressor hydrogen_Compressor_hydrogenPipelineOnshore_lowP_hydrogenPipelineOnshore_highP
	 - Adding Compressor hydrogen_Compressor_hydrogenPipelineOnshore_lowP_Storage_H2_highP
	 - Adding Compressor hydrogen_Compressor_hydrogenPipelineOnshore_lowP_Demand
	 - Adding Compressor hydrogen_Compressor_hydrogenPipelineOnshore_highP_hydrogenPipelineOnshore_lowP
	 - Adding Compressor hydrogen_Compressor_hydrogenPipelineOnshore_highP_hydrogenPipelineOnshore_highP
	 - Adding Compressor hydrogen_Compressor_hydrogenPipelineOnshore_highP_Storage_H2_highP
	 - Adding Compressor hydrogen_Compressor_hydrogenPipelineOnshore_highP_Demand
	 - Adding Compressor hydrogen_Compressor_Electrolyzer_big_hydrogenPipelineOnshore_lowP
	 - Adding Compressor hydrogen_Compressor_Electrolyzer_big_hydrogenPipelineOnshore_highP
	 - Adding Compressor hydrogen_Compressor_Electrolyzer_big_Storage_H2_highP
	 - Adding Compressor hydrogen_Compressor_Electrolyzer_big_Demand
	 - Adding Compressor hydrogen_Compressor_Storage_H2_highP_hydrogenPipelineOnshore_lowP
	 - Adding Compressor hydrogen_Compressor_Storage_H2_highP_hydrogenPipelineOnshore_highP
	 - Adding Compressor hydrogen_Compressor_Storage_H2_highP_Storage_H2_highP
	 - Adding Compressor hydrogen_Compressor_Storage_H2_highP_Demand
	 - Adding Compressor hydrogen_Compressor_Import_hydrogenPipelineOnshore_lowP
	 - Adding Compressor hydrogen_Compressor_Import_hydrogenPipelineOnshore_highP
	 - Adding Compressor hydrogen_Compressor_Import_Storage_H2_highP
	 - Adding Compressor hydrogen_Compressor_Import_Demand_existing
	 - Adding Technology Electrolyzer_small
	 - Adding Technology Storage_H2_lowP
			gdp.bigm Transformation...
			gdp.bigm Transformation completed in 4 s
	 - Adding Compressor hydrogen_Compressor_hydrogenPipelineOnshore_lowP_hydrogenPipelineOnshore_lowP
	 - Adding Compressor hydrogen_Compressor_hydrogenPipelineOnshore_lowP_hydrogenPipelineOnshore_highP
	 - Adding Compressor hydrogen_Compressor_hydrogenPipelineOnshore_lowP_Storage_H2_lowP
	 - Adding Compressor hydrogen_Compressor_hydrogenPipelineOnshore_lowP_Demand
	 - Adding Compressor hydrogen_Compressor_hydrogenPipelineOnshore_highP_hydrogenPipelineOnshore_lowP
	 - Adding Compressor hydrogen_Compressor_hydrogenPipelineOnshore_highP_hydrogenPipelineOnshore_highP
	 - Adding Compressor hydrogen_Compressor_hydrogenPipelineOnshore_highP_Storage_H2_lowP
	 - Adding Compressor hydrogen_Compressor_hydrogenPipelineOnshore_highP_Demand
	 - Adding Compressor hydrogen_Compressor_Electrolyzer_small_hydrogenPipelineOnshore_lowP
	 - Adding Compressor hydrogen_Compressor_Electrolyzer_small_hydrogenPipelineOnshore_highP
	 - Adding Compressor hydrogen_Compressor_Electrolyzer_small_Storage_H2_lowP
	 - Adding Compressor hydrogen_Compressor_Electrolyzer_small_Demand
	 - Adding Compressor hydrogen_Compressor_Storage_H2_lowP_hydrogenPipelineOnshore_lowP
	 - Adding Compressor hydrogen_Compressor_Storage_H2_lowP_hydrogenPipelineOnshore_highP
	 - Adding Compressor hydrogen_Compressor_Storage_H2_lowP_Storage_H2_lowP
	 - Adding Compressor hydrogen_Compressor_Storage_H2_lowP_Demand
	 - Adding Technology Electrolyzer_small
	 - Adding Technology Storage_H2_lowP
			gdp.bigm Transformation...
			gdp.bigm Transformation completed in 4 s
	 - Adding Compressor hydrogen_Compressor_hydrogenPipelineOnshore_lowP_hydrogenPipelineOnshore_lowP
	 - Adding Compressor hydrogen_Compressor_hydrogenPipelineOnshore_lowP_hydrogenPipelineOnshore_highP
	 - Adding Compressor hydrogen_Compressor_hydrogenPipelineOnshore_lowP_Storage_H2_lowP
	 - Adding Compressor hydrogen_Compressor_hydrogenPipelineOnshore_lowP_Demand
	 - Adding Compressor hydrogen_Compressor_hydrogenPipelineOnshore_highP_hydrogenPipelineOnshore_lowP
	 - Adding Compressor hydrogen_Compressor_hydrogenPipelineOnshore_highP_hydrogenPipelineOnshore_highP
	 - Adding Compressor hydrogen_Compressor_hydrogenPipelineOnshore_highP_Storage_H2_lowP
	 - Adding Compressor hydrogen_Compressor_hydrogenPipelineOnshore_highP_Demand
	 - Adding Compressor hydrogen_Compressor_Electrolyzer_small_hydrogenPipelineOnshore_lowP
	 - Adding Compressor hydrogen_Compressor_Electrolyzer_small_hydrogenPipelineOnshore_highP
	 - Adding Compressor hydrogen_Compressor_Electrolyzer_small_Storage_H2_lowP
	 - Adding Compressor hydrogen_Compressor_Electrolyzer_small_Demand
	 - Adding Compressor hydrogen_Compressor_Storage_H2_lowP_hydrogenPipelineOnshore_lowP
	 - Adding Compressor hydrogen_Compressor_Storage_H2_lowP_hydrogenPipelineOnshore_highP
	 - Adding Compressor hydrogen_Compressor_Storage_H2_lowP_Storage_H2_lowP
	 - Adding Compressor hydrogen_Compressor_Storage_H2_lowP_Demand
	 - Adding Technology Electrolyzer_small
	 - Adding Technology Storage_H2_lowP
			gdp.bigm Transformation...
			gdp.bigm Transformation completed in 4 s
	 - Adding Compressor hydrogen_Compressor_hydrogenPipelineOnshore_lowP_hydrogenPipelineOnshore_lowP
	 - Adding Compressor hydrogen_Compressor_hydrogenPipelineOnshore_lowP_hydrogenPipelineOnshore_highP
	 - Adding Compressor hydrogen_Compressor_hydrogenPipelineOnshore_lowP_Storage_H2_lowP
	 - Adding Compressor hydrogen_Compressor_hydrogenPipelineOnshore_lowP_Demand
	 - Adding Compressor hydrogen_Compressor_hydrogenPipelineOnshore_highP_hydrogenPipelineOnshore_lowP
	 - Adding Compressor hydrogen_Compressor_hydrogenPipelineOnshore_highP_hydrogenPipelineOnshore_highP
	 - Adding Compressor hydrogen_Compressor_hydrogenPipelineOnshore_highP_Storage_H2_lowP
	 - Adding Compressor hydrogen_Compressor_hydrogenPipelineOnshore_highP_Demand
	 - Adding Compressor hydrogen_Compressor_Electrolyzer_small_hydrogenPipelineOnshore_lowP
	 - Adding Compressor hydrogen_Compressor_Electrolyzer_small_hydrogenPipelineOnshore_highP
	 - Adding Compressor hydrogen_Compressor_Electrolyzer_small_Storage_H2_lowP
	 - Adding Compressor hydrogen_Compressor_Electrolyzer_small_Demand
	 - Adding Compressor hydrogen_Compressor_Storage_H2_lowP_hydrogenPipelineOnshore_lowP
	 - Adding Compressor hydrogen_Compressor_Storage_H2_lowP_hydrogenPipelineOnshore_highP
	 - Adding Compressor hydrogen_Compressor_Storage_H2_lowP_Storage_H2_lowP
	 - Adding Compressor hydrogen_Compressor_Storage_H2_lowP_Demand
	 - Adding Technology Electrolyzer_small
	 - Adding Technology Storage_H2_lowP
			gdp.bigm Transformation...
			gdp.bigm Transformation completed in 4 s
	 - Adding Compressor hydrogen_Compressor_hydrogenPipelineOnshore_lowP_hydrogenPipelineOnshore_lowP
	 - Adding Compressor hydrogen_Compressor_hydrogenPipelineOnshore_lowP_hydrogenPipelineOnshore_highP
	 - Adding Compressor hydrogen_Compressor_hydrogenPipelineOnshore_lowP_Storage_H2_lowP
	 - Adding Compressor hydrogen_Compressor_hydrogenPipelineOnshore_lowP_Demand
	 - Adding Compressor hydrogen_Compressor_hydrogenPipelineOnshore_highP_hydrogenPipelineOnshore_lowP
	 - Adding Compressor hydrogen_Compressor_hydrogenPipelineOnshore_highP_hydrogenPipelineOnshore_highP
	 - Adding Compressor hydrogen_Compressor_hydrogenPipelineOnshore_highP_Storage_H2_lowP
	 - Adding Compressor hydrogen_Compressor_hydrogenPipelineOnshore_highP_Demand
	 - Adding Compressor hydrogen_Compressor_Electrolyzer_small_hydrogenPipelineOnshore_lowP
	 - Adding Compressor hydrogen_Compressor_Electrolyzer_small_hydrogenPipelineOnshore_highP
	 - Adding Compressor hydrogen_Compressor_Electrolyzer_small_Storage_H2_lowP
	 - Adding Compressor hydrogen_Compressor_Electrolyzer_small_Demand
	 - Adding Compressor hydrogen_Compressor_Storage_H2_lowP_hydrogenPipelineOnshore_lowP
	 - Adding Compressor hydrogen_Compressor_Storage_H2_lowP_hydrogenPipelineOnshore_highP
	 - Adding Compressor hydrogen_Compressor_Storage_H2_lowP_Storage_H2_lowP
	 - Adding Compressor hydrogen_Compressor_Storage_H2_lowP_Demand
	 - Adding Technology Storage_H2_Cavern_existing
			gdp.bigm Transformation...
			gdp.bigm Transformation completed in 4 s
	 - Adding Compressor hydrogen_Compressor_hydrogenPipelineOnshore_lowP_hydrogenPipelineOnshore_lowP
	 - Adding Compressor hydrogen_Compressor_hydrogenPipelineOnshore_lowP_hydrogenPipelineOnshore_highP
	 - Adding Compressor hydrogen_Compressor_hydrogenPipelineOnshore_lowP_Storage_H2_Cavern_existing
	 - Adding Compressor hydrogen_Compressor_hydrogenPipelineOnshore_highP_hydrogenPipelineOnshore_lowP
	 - Adding Compressor hydrogen_Compressor_hydrogenPipelineOnshore_highP_hydrogenPipelineOnshore_highP
	 - Adding Compressor hydrogen_Compressor_hydrogenPipelineOnshore_highP_Storage_H2_Cavern_existing
	 - Adding Compressor hydrogen_Compressor_Storage_H2_Cavern_existing_hydrogenPipelineOnshore_lowP
	 - Adding Compressor hydrogen_Compressor_Storage_H2_Cavern_existing_hydrogenPipelineOnshore_highP
	 - Adding Compressor hydrogen_Compressor_Storage_H2_Cavern_existing_Storage_H2_Cavern_existing_existing
Constructing model completed in 610s
Constructing balances...
Constructing balances completed in 19s
Set objective on infrastructure due to willingness to pay
Set parameter OutputFlag to value 1
Set parameter LogFile to value "/gpfs/home3/scur1696/AdOpT-NET0-RegToNation/generic_node_optimization/results/parallel_creation_test_20251123_162207/parallel_run_0014/userData/20251123191214-1/solver_log.txt"
Solver log file: /gpfs/home3/scur1696/AdOpT-NET0-RegToNation/generic_node_optimization/results/parallel_creation_test_20251123_162207/parallel_run_0014/userData/20251123191214-1/solver_log.txt
Set parameter TimeLimit to value 180000
Set parameter MIPGap to value 0.01
Set parameter MIPFocus to value 0
Set parameter Threads to value 8
Set parameter NodefileStart to value 60
Set parameter Method to value -1
Set parameter Heuristics to value 0.05
Set parameter Presolve to value 1
Set parameter BranchDir to value 0
Set parameter LPWarmStart to value 0
Set parameter IntFeasTol to value 1e-05
Set parameter FeasibilityTol to value 1e-06
Set parameter Cuts to value -1
Set parameter NumericFocus to value 0
Gurobi Optimizer version 13.0.0 build v13.0.0rc1 (linux64 - "Red Hat Enterprise Linux 9.4 (Plow)")

CPU model: AMD EPYC 9654 96-Core Processor, instruction set [SSE2|AVX|AVX2|AVX512]
Thread count: 192 physical cores, 192 logical processors, using up to 8 threads

Non-default parameters:
TimeLimit  180000
MIPGap  0.01
LPWarmStart  0
NodefileStart  60
Presolve  1
Threads  8

Academic license 2729390 - for non-commercial use only - registered to m.___@uu.nl
Optimize a model with 9050179 rows, 6728544 columns and 21385595 nonzeros (Min)
Model fingerprint: 0x8907f552
Model has 1 linear objective coefficients
Variable types: 5869892 continuous, 858652 integer (858652 binary)
Coefficient statistics:
  Matrix range     [2e-03, 2e+08]
  Objective range  [1e+00, 1e+00]
  Bounds range     [5e-02, 6e+08]
  RHS range        [1e+00, 6e+09]
Warning: Model contains large matrix coefficients
Warning: Model contains large rhs
         Consider reformulating model or setting NumericFocus parameter
         to avoid numerical issues.
  445486    1.3901388e+08   0.000000e+00   1.392097e+07   4949s
Presolve removed 5361748 rows and 3924941 columns (presolve time = 5s)...
  445586    1.3901386e+08   0.000000e+00   1.175035e+07   4957s
Presolve removed 5528318 rows and 4082751 columns (presolve time = 10s)...
Presolve removed 5528318 rows and 4082751 columns (presolve time = 15s)...
  445686    1.3901382e+08   0.000000e+00   1.616502e+07   4965s
Presolve removed 5528318 rows and 4082751 columns (presolve time = 20s)...
Presolve removed 5528318 rows and 4082751 columns (presolve time = 26s)...
Presolve removed 5545992 rows and 4161654 columns (presolve time = 30s)...
  445876    1.3901375e+08   0.000000e+00   1.180669e+07   4980s
Presolve removed 5554871 rows and 4161696 columns (presolve time = 35s)...
Presolve removed 5554871 rows and 4161696 columns (presolve time = 40s)...
  445986    1.3901371e+08   0.000000e+00   1.195030e+07   4988s
Presolve removed 5554871 rows and 4161696 columns
Presolve time: 41.20s
Presolved: 3495308 rows, 2566848 columns, 11519714 nonzeros
Waiting for other threads to finish...        7171s
  446106    1.3901368e+08   0.000000e+00   1.604938e+07   4997s
Variable types: 2137564 continuous, 429284 integer (429284 binary)
Waiting for other threads to finish...        5810s
  446216    1.3901368e+08   0.000000e+00   1.442856e+07   5005s
  446326    1.3901365e+08   0.000000e+00   1.128622e+07   5013s
Deterministic concurrent LP optimizer: primal simplex, dual simplex, and barrier
Showing barrier log only...

Root barrier log...

  446436    1.3901361e+08   0.000000e+00   1.451700e+07   5021s
Ordering time: 2.81s

Barrier statistics:
 Dense cols : 103
 AA' NZ     : 1.544e+07
 Factor NZ  : 6.624e+07 (roughly 2.6 GB of memory)
 Factor Ops : 4.369e+09 (less than 1 second per iteration)
 Threads    : 5

                  Objective                Residual
Iter       Primal          Dual         Primal    Dual     Compl     Time
   0   7.29562510e+09 -2.55004347e+11  1.89e+09 1.17e+01  3.98e+07    85s
   1   7.92588232e+09 -5.59287037e+11  1.84e+09 5.55e+01  3.77e+07    86s
  446546    1.3901356e+08   0.000000e+00   1.497497e+07   5029s
   2   5.52166999e+09 -4.41482482e+11  1.06e+09 9.10e-01  2.19e+07    88s
   3   3.06445871e+09 -3.67013050e+11  1.34e+08 1.96e-06  2.89e+06    91s
   4   2.99150091e+09 -3.02076841e+11  1.02e+07 1.50e-06  2.58e+05    93s
   5   2.99569016e+09 -2.21207110e+11  7.53e+06 7.10e-07  1.80e+05    94s
  446646    1.3901353e+08   0.000000e+00   1.946150e+07   5037s
   6   2.99980586e+09 -1.50254938e+11  2.87e+06 1.35e-05  7.40e+04    96s
   7   2.49971475e+09 -1.16584294e+11  9.96e+05 1.04e-05  3.42e+04    99s
   8   2.39422875e+09 -1.12512763e+11  4.05e+05 8.54e-06  2.40e+04   100s
   9   2.24826124e+09 -4.43412877e+10  3.08e+04 9.32e-06  7.43e+03   102s
  446746    1.3901350e+08   0.000000e+00   1.172454e+07   5045s
  10   2.14153103e+09 -8.86414899e+09  6.31e+02 4.09e-06  1.69e+03   105s
  11   2.07756751e+09 -5.05098493e+09  5.47e+02 2.13e-06  1.09e+03   107s
  12   1.86921038e+09 -3.84394185e+09  3.65e+02 1.28e-06  8.75e+02   109s
  13   1.80265691e+09 -2.75167547e+09  3.36e+02 9.95e-07  6.97e+02   110s
  446856    1.3901346e+08   0.000000e+00   1.114373e+07   5053s
  14   1.17024918e+09 -1.97126652e+09  1.14e+02 6.18e-07  4.81e+02   112s
Waiting for other threads to finish...        7234s
  15   7.30066864e+08 -1.62059862e+09  4.94e+01 5.18e-07  3.60e+02   115s
  16   4.12689520e+08 -9.16588582e+08  2.08e+01 2.33e-07  2.03e+02   118s
  446976    1.3901341e+08   0.000000e+00   1.156123e+07   5062s
  17   3.25310137e+08 -6.88921292e+08  1.54e+01 1.79e-07  1.55e+02   120s
  18   2.96576580e+08 -5.09092591e+08  1.38e+01 1.30e-07  1.23e+02   122s
Waiting for other threads to finish...        5874s
  19   2.76172591e+08 -2.53542358e+08  1.27e+01 6.38e-08  8.11e+01   124s
  20   2.11318494e+08 -1.55875816e+08  8.24e+00 4.40e-08  5.62e+01   126s
  447086    1.3901335e+08   0.000000e+00   1.270075e+07   5070s
  21   1.72523832e+08 -1.38778102e+08  6.23e+00 4.03e-08  4.76e+01   130s
  22   1.66981413e+08 -6.84026971e+07  5.94e+00 2.55e-08  3.60e+01   132s
  23   1.64155042e+08 -4.35285097e+07  5.77e+00 2.13e-08  3.18e+01   134s
  447196    1.3901334e+08   0.000000e+00   1.160798e+07   5079s
  24   1.31296433e+08  4.14690663e+07  2.66e+00 7.16e-09  1.37e+01   139s
  25   1.27731203e+08  5.82948886e+07  2.41e+00 4.46e-09  1.06e+01   140s
  26   1.26224409e+08  6.18404203e+07  2.31e+00 4.32e-09  9.85e+00   143s
  447306    1.3901332e+08   0.000000e+00   1.179253e+07   5087s
  27   1.23037123e+08  6.55371836e+07  2.11e+00 4.19e-09  8.80e+00   145s
  28   1.21025132e+08  6.87102051e+07  1.99e+00 3.14e-09  8.01e+00   147s
  29   1.17294350e+08  7.10739306e+07  1.75e+00 5.06e-09  7.07e+00   149s
  30   1.08317664e+08  7.35795994e+07  1.17e+00 7.22e-09  5.32e+00   151s
  447426    1.3901329e+08   0.000000e+00   1.606969e+07   5095s
  31   1.05482457e+08  7.75989640e+07  9.88e-01 8.27e-09  4.27e+00   154s
  32   1.03786786e+08  8.02446656e+07  8.84e-01 5.47e-09  3.60e+00   158s
  33   1.00775133e+08  8.62037250e+07  6.73e-01 2.67e-08  2.23e+00   161s
  447546    1.3901321e+08   0.000000e+00   1.505346e+07   5106s
  34   9.89431432e+07  8.90524444e+07  5.65e-01 2.08e-08  1.51e+00   164s
  35   9.43804333e+07  9.01351896e+07  2.37e-01 2.53e-08  6.50e-01   167s
  36   9.23656694e+07  9.05292035e+07  9.93e-02 1.41e-08  2.81e-01   170s
  37   9.22579179e+07  9.06585047e+07  9.20e-02 2.56e-08  2.45e-01   171s
  38   9.15591409e+07  9.06763204e+07  4.62e-02 2.39e-08  1.35e-01   174s
  39   9.15493288e+07  9.06786285e+07  4.55e-02 2.41e-08  1.33e-01   175s
  447666    1.3901314e+08   0.000000e+00   1.575505e+07   5118s
Waiting for other threads to finish...        7297s
  40   9.15044818e+07  9.07057092e+07  4.23e-02 2.21e-08  1.22e-01   177s
  41   9.11769474e+07  9.08049539e+07  1.99e-02 2.48e-08  5.70e-02   179s
  42   9.11213699e+07  9.08171898e+07  1.61e-02 2.97e-08  4.67e-02   181s
  43   9.10715757e+07  9.08383475e+07  1.30e-02 4.27e-08  3.58e-02   183s
  44   9.10350613e+07  9.08499304e+07  1.03e-02 4.83e-08  2.84e-02   185s
Waiting for other threads to finish...        5937s
  45   9.10136238e+07  9.08585730e+07  8.68e-03 5.23e-08  2.38e-02   186s
  447786    1.3901308e+08   0.000000e+00   1.490996e+07   5130s
  46   9.09873436e+07  9.08694030e+07  6.95e-03 5.73e-08  1.81e-02   188s
  47   9.09338619e+07  9.08788637e+07  2.97e-03 6.48e-08  8.46e-03   191s
  48   9.09218565e+07  9.08858178e+07  2.04e-03 6.18e-08  5.55e-03   195s
  49   9.09038405e+07  9.08882674e+07  6.90e-04 4.30e-08  2.40e-03   198s
  447906    1.3901303e+08   0.000000e+00   1.780216e+07   5143s
  50   9.09036333e+07  9.08892103e+07  6.77e-04 2.91e-08  2.22e-03   204s
  51   9.09031448e+07  9.08902540e+07  6.41e-04 1.99e-08  1.99e-03   209s
  448006    1.3901297e+08   0.000000e+00   1.464560e+07   5153s
  52   9.08977661e+07  9.08914694e+07  2.80e-04 1.35e-08  9.69e-04   214s
  53   9.08951613e+07  9.08927156e+07  1.36e-03 1.98e-09  3.43e-04   220s
  448116    1.3901295e+08   0.000000e+00   1.461951e+07   5162s
  54   9.08938712e+07  9.08929935e+07  4.43e-04 1.16e-09  1.22e-04   224s
  55   9.08935016e+07  9.08931137e+07  2.08e-04 5.55e-10  5.41e-05   228s
  448216    1.3901292e+08   0.000000e+00   2.042300e+07   5171s
  56   9.08933704e+07  9.08931363e+07  1.23e-04 3.49e-10  3.26e-05   230s
  57   9.08933371e+07  9.08931510e+07  1.01e-04 8.97e-10  2.58e-05   232s
  58   9.08932359e+07  9.08931607e+07  3.68e-05 9.31e-10  1.05e-05   235s
  59   9.08932044e+07  9.08931685e+07  1.79e-05 3.44e-10  5.05e-06   237s
  448316    1.3901289e+08   0.000000e+00   2.138781e+07   5181s
  60   9.08931891e+07  9.08931706e+07  8.78e-06 4.61e-10  2.66e-06   239s
Waiting for other threads to finish...        7360s
  61   9.08931811e+07  9.08931724e+07  4.00e-06 1.28e-09  1.26e-06   241s
  62   9.08931770e+07  9.08931734e+07  1.62e-06 1.16e-09  5.21e-07   243s
  63   9.08931753e+07  9.08931739e+07  6.40e-07 4.07e-09  1.94e-07   245s
  448416    1.3901286e+08   0.000000e+00   1.541321e+07   5189s
  64   9.08931743e+07  9.08931741e+07  1.26e-07 1.51e-08  4.11e-08   247s
Waiting for other threads to finish...        6000s
  65   9.08931741e+07  9.08931741e+07  2.76e-07 3.61e-09  7.02e-09   249s

Barrier solved model in 65 iterations and 248.75 seconds (178.17 work units)
Optimal objective 9.08931741e+07


Root crossover log...

  259994 DPushes remaining with DInf 0.0000000e+00               251s
  448516    1.3901284e+08   0.000000e+00   1.578611e+07   5197s
   71145 DPushes remaining with DInf 0.0000000e+00               255s
   65254 DPushes remaining with DInf 0.0000000e+00               261s
  448616    1.3901282e+08   0.000000e+00   1.574976e+07   5206s
   61272 DPushes remaining with DInf 0.0000000e+00               265s
   59612 DPushes remaining with DInf 0.0000000e+00               272s
   58782 DPushes remaining with DInf 0.0000000e+00               276s
  448806    1.3901278e+08   0.000000e+00   1.491011e+07   5222s
   53491 DPushes remaining with DInf 0.0000000e+00               281s
   46962 DPushes remaining with DInf 0.0000000e+00               286s
  448906    1.3901277e+08   0.000000e+00   1.545328e+07   5230s
   38211 DPushes remaining with DInf 0.0000000e+00               293s
  449006    1.3901275e+08   0.000000e+00   1.499870e+07   5239s
   37075 DPushes remaining with DInf 0.0000000e+00               296s
       0 DPushes remaining with DInf 0.0000000e+00               297s
Warning: Markowitz tolerance tightened to 0.5

  157131 PPushes remaining with PInf 7.2423288e-04               297s
   33495 PPushes remaining with PInf 2.1033966e-03               301s
Waiting for other threads to finish...        7424s
  449106    1.3901273e+08   0.000000e+00   1.570226e+07   5247s
   11599 PPushes remaining with PInf 3.6183092e-04               305s
       0 PPushes remaining with PInf 0.0000000e+00               310s

  Push phase complete: Pinf 0.0000000e+00, Dinf 4.7080015e+03    310s


Root simplex log...

Iteration    Objective       Primal Inf.    Dual Inf.      Time
  363712    9.0893174e+07   0.000000e+00   4.708002e+03    311s
Waiting for other threads to finish...        6063s
  363932    9.0893174e+07   0.000000e+00   8.923360e+07    317s
  449296    1.3901269e+08   0.000000e+00   1.101266e+07   5263s
  364112    9.0893174e+07   0.000000e+00   9.149017e+07    323s
  449396    1.3901268e+08   0.000000e+00   1.205824e+07   5271s
  364312    9.0893174e+07   0.000000e+00   5.872000e+07    331s
  449496    1.3901265e+08   0.000000e+00   1.139708e+07   5280s
  364522    9.0893174e+07   0.000000e+00   8.397383e+06    339s
  364732    9.0893174e+07   0.000000e+00   1.110415e+07    345s
  449596    1.3901262e+08   0.000000e+00   1.149573e+07   5288s
  364942    9.0893174e+07   0.000000e+00   2.168482e+07    351s
  365152    9.0893173e+07   0.000000e+00   1.124786e+07    357s
  449786    1.3901258e+08   0.000000e+00   1.262097e+07   5305s
  365362    9.0893173e+07   0.000000e+00   8.382122e+06    364s
Waiting for other threads to finish...        7487s
  365572    9.0893173e+07   0.000000e+00   1.138540e+07    370s
  449886    1.3901256e+08   0.000000e+00   1.101399e+07   5313s
Waiting for other threads to finish...        6126s
  365782    9.0893173e+07   0.000000e+00   9.823933e+06    375s
  449986    1.3901254e+08   0.000000e+00   1.399132e+07   5321s
  365992    9.0893172e+07   0.000000e+00   3.153467e+06    381s
  366202    9.0893172e+07   0.000000e+00   3.153265e+06    386s
  450086    1.3901253e+08   0.000000e+00   1.247113e+07   5329s
  366412    9.0893171e+07   0.000000e+00   6.449896e+06    392s
  450186    1.3901253e+08   0.000000e+00   1.269020e+07   5337s
  366622    9.0893171e+07   0.000000e+00   1.162760e+07    397s
  366842    9.0893170e+07   0.000000e+00   1.097830e+07    403s
  367052    9.0893170e+07   0.000000e+00   1.380559e+07    408s
  450366    1.3901247e+08   0.000000e+00   1.438782e+07   5352s
  367262    9.0893169e+07   0.000000e+00   1.250789e+07    415s
  367482    9.0893169e+07   0.000000e+00   3.436131e+06    420s
  450556    1.3901240e+08   0.000000e+00   1.465332e+07   5368s
  367702    9.0893168e+07   0.000000e+00   2.198337e+07    426s
Waiting for other threads to finish...        7550s
  367922    9.0893168e+07   0.000000e+00   1.266108e+07    432s
  450666    1.3901238e+08   0.000000e+00   1.460332e+07   5377s
  368142    9.0893168e+07   0.000000e+00   2.773020e+07    438s
Waiting for other threads to finish...        6190s
  450776    1.3901236e+08   0.000000e+00   1.461407e+07   5386s
  368362    9.0893168e+07   0.000000e+00   8.242980e+06    444s
  368582    9.0893167e+07   0.000000e+00   1.236735e+07    449s
  450876    1.3901234e+08   0.000000e+00   1.469790e+07   5394s
  368792    9.0893167e+07   0.000000e+00   1.095087e+07    455s
  450986    1.3901232e+08   0.000000e+00   1.523087e+07   5403s
  369002    9.0893165e+07   0.000000e+00   1.793608e+07    461s
  369222    9.0893165e+07   0.000000e+00   9.255786e+06    466s
  451096    1.3901230e+08   0.000000e+00   1.525015e+07   5412s
  369432    9.0893165e+07   0.000000e+00   6.364862e+06    472s
  369652    9.0893165e+07   0.000000e+00   1.053775e+07    477s
  451196    1.3901227e+08   0.000000e+00   1.408065e+07   5420s
  369872    9.0893164e+07   0.000000e+00   8.795042e+06    483s
  451306    1.3901225e+08   0.000000e+00   1.485650e+07   5429s
  370092    9.0893164e+07   0.000000e+00   1.660781e+07    488s
Waiting for other threads to finish...        7613s
  370312    9.0893164e+07   0.000000e+00   8.572718e+06    494s
  451416    1.3901223e+08   0.000000e+00   1.521090e+07   5439s
  370532    9.0893164e+07   0.000000e+00   5.036389e+06    500s
Waiting for other threads to finish...        6253s
  451526    1.3901220e+08   0.000000e+00   1.469483e+07   5448s
  370752    9.0893164e+07   0.000000e+00   3.347125e+06    505s
  370972    9.0893164e+07   0.000000e+00   1.692280e+07    511s
  451626    1.3901218e+08   0.000000e+00   1.469480e+07   5456s
  371192    9.0893163e+07   0.000000e+00   4.952986e+06    516s
  451726    1.3901216e+08   0.000000e+00   1.457270e+07   5464s
  371412    9.0893163e+07   0.000000e+00   5.035101e+06    522s
  371632    9.0893163e+07   0.000000e+00   1.195388e+07    527s
  451836    1.3901214e+08   0.000000e+00   1.536749e+07   5473s
  371852    9.0893163e+07   0.000000e+00   5.034482e+06    533s
  372072    9.0893162e+07   0.000000e+00   4.509631e+06    539s
  451946    1.3901209e+08   0.000000e+00   1.557483e+07   5482s
  372302    9.0893162e+07   0.000000e+00   5.033870e+06    545s
  452046    1.3901199e+08   0.000000e+00   1.397504e+07   5491s
  372522    9.0893162e+07   0.000000e+00   8.556623e+06    550s
Waiting for other threads to finish...        7676s
  372772    9.0893162e+07   0.000000e+00   6.649632e+06    556s
  373052    9.0893162e+07   0.000000e+00   3.623489e+06    562s
  452216    1.3901189e+08   0.000000e+00   6.044134e+06   5505s
Waiting for other threads to finish...        6316s
  373332    9.0893161e+07   0.000000e+00   1.255153e+07    568s
  373612    9.0893161e+07   0.000000e+00   2.937135e+06    575s
  452366    1.3901173e+08   0.000000e+00   2.099102e+07   5520s
  373882    9.0893161e+07   0.000000e+00   1.884732e+06    588s
  452546    1.3901167e+08   0.000000e+00   2.368670e+07   5535s
  374162    9.0893161e+07   0.000000e+00   2.072365e+06    595s
  374442    9.0893161e+07   0.000000e+00   1.354398e+06    603s
  452706    1.3901161e+08   0.000000e+00   2.051836e+07   5550s
  374712    9.0893160e+07   0.000000e+00   2.670179e+06    611s
Waiting for other threads to finish...        7740s
  374982    9.0893160e+07   0.000000e+00   1.615114e+05    623s
  452886    1.3901156e+08   0.000000e+00   2.341066e+07   5566s
Waiting for other threads to finish...        6379s
  375252    9.0893159e+07   0.000000e+00   2.608030e+06    630s
  453056    1.3901149e+08   0.000000e+00   2.114960e+07   5581s
  375512    9.0893159e+07   0.000000e+00   1.040534e+06    642s
  375782    9.0893157e+07   0.000000e+00   2.413734e+05    649s
  453216    1.3901139e+08   0.000000e+00   4.072710e+07   5596s
  376042    9.0893157e+07   0.000000e+00   6.509842e+05    657s
  377362    9.0893134e+07   0.000000e+00   7.803122e+03    665s
  453376    1.3901098e+08   0.000000e+00   2.622659e+06   5612s
  379114    9.0893077e+07   0.000000e+00   2.913136e+06    669s
  380866    9.0893056e+07   0.000000e+00   6.928261e+04    672s
  382146    9.0893033e+07   0.000000e+00   3.558504e+05    679s
Waiting for other threads to finish...        7803s
  453536    1.3901082e+08   0.000000e+00   3.428308e+07   5627s
  382406    9.0893029e+07   0.000000e+00   2.895915e+05    686s
Waiting for other threads to finish...        6442s
  383216    9.0893023e+07   0.000000e+00   7.951328e+02    695s
  453686    1.3901070e+08   0.000000e+00   3.453469e+07   5642s
  384656    9.0892988e+07   0.000000e+00   3.232546e+05    703s
  384916    9.0892984e+07   0.000000e+00   3.232062e+05    710s
  453846    1.3901058e+08   0.000000e+00   3.161367e+07   5657s
  385196    9.0892979e+07   0.000000e+00   3.174603e+06    718s
  385766    9.0892969e+07   0.000000e+00   6.783237e+04    725s
  454016    1.3901048e+08   0.000000e+00   3.944780e+06   5672s
  386316    9.0892953e+07   0.000000e+00   3.219116e+05    732s
  454126    1.3901044e+08   0.000000e+00   1.641547e+07   5681s
  387086    9.0892945e+07   0.000000e+00   1.907331e+03    739s
Waiting for other threads to finish...        7866s
  387696    9.0892936e+07   0.000000e+00   5.858112e+04    745s
  454246    1.3901044e+08   0.000000e+00   1.653873e+07   5689s
  388276    9.0892926e+07   0.000000e+00   3.408502e+03    752s
Waiting for other threads to finish...        6505s
  454366    1.3901044e+08   0.000000e+00   1.641547e+07   5698s
  388656    9.0892917e+07   0.000000e+00   1.754032e+03    760s
  454486    1.3901044e+08   0.000000e+00   1.647505e+07   5706s
  388926    9.0892910e+07   0.000000e+00   1.731653e+03    767s
  454606    1.3901044e+08   0.000000e+00   1.641547e+07   5714s
  389226    9.0892904e+07   0.000000e+00   1.696952e+03    773s
  389596    9.0892901e+07   0.000000e+00   4.215445e+05    780s
  454726    1.3901044e+08   0.000000e+00   1.653873e+07   5723s
  390886    9.0892899e+07   0.000000e+00   1.591818e+03    785s
  454846    1.3901044e+08   0.000000e+00   1.653873e+07   5731s
  391306    9.0892897e+07   0.000000e+00   1.559818e+03    791s
  454966    1.3901044e+08   0.000000e+00   1.653873e+07   5739s
  391626    9.0892894e+07   0.000000e+00   1.529500e+03    797s
  391956    9.0892890e+07   0.000000e+00   1.489652e+03    804s
  455086    1.3901044e+08   0.000000e+00   1.641547e+07   5748s
Waiting for other threads to finish...        7929s
  392246    9.0892886e+07   0.000000e+00   2.036808e+04    811s
  455196    1.3901043e+08   0.000000e+00   2.862417e+07   5755s
Waiting for other threads to finish...        6569s
  392796    9.0892885e+07   0.000000e+00   2.270034e+01    818s
  455296    1.3901039e+08   0.000000e+00   2.779771e+07   5763s
  393026    9.0892881e+07   0.000000e+00   3.440713e+01    825s
  393286    9.0892879e+07   0.000000e+00   6.258050e+00    832s
  455476    1.3901031e+08   0.000000e+00   1.523936e+07   5779s
  393866    9.0892879e+07   0.000000e+00   5.173428e+02    837s
  395166    9.0892879e+07   0.000000e+00   1.037781e+01    844s
  395656    9.0892879e+07   0.000000e+00   5.049549e+01    852s
  455656    1.3901026e+08   0.000000e+00   2.449500e+07   5800s
  396536    9.0892878e+07   0.000000e+00   2.294445e+00    860s
  398203    9.0893161e+07   2.762471e+04   0.000000e+00    863s
  401707    9.0893173e+07   1.761707e+04   0.000000e+00    866s
  455756    1.3901024e+08   0.000000e+00   9.590372e+06   5809s
  405211    9.0893174e+07   3.146192e+04   0.000000e+00    870s
Waiting for other threads to finish...        7992s
  406963    9.0893174e+07   1.309503e+04   0.000000e+00    877s
Waiting for other threads to finish...        6632s
  455936    1.3901016e+08   0.000000e+00   8.629795e+06   5825s
  408625    9.0893174e+07   1.649366e+04   0.000000e+00    889s
  409866    9.0893174e+07   8.034578e+04   0.000000e+00    895s
  456126    1.3901010e+08   0.000000e+00   3.849382e+06   5842s
  411618    9.0893174e+07   8.568725e+03   0.000000e+00    905s
  456316    1.3901008e+08   0.000000e+00   4.705350e+06   5857s
  412881    9.0893174e+07   4.010504e+03   0.000000e+00    916s
  456416    1.3901005e+08   0.000000e+00   4.598957e+06   5865s
  413176    9.0893174e+07   0.000000e+00   0.000000e+00    923s
  413184    9.0893174e+07   0.000000e+00   0.000000e+00    925s
Crossover time: 675.96 seconds (736.71 work units)
  456526    1.3901002e+08   0.000000e+00   7.951396e+06   5874s
Waiting for other threads to finish...        8055s
  456636    1.3900995e+08   0.000000e+00   4.379645e+06   5883s
Waiting for other threads to finish...        6695s
  456736    1.3900991e+08   0.000000e+00   4.786990e+06   5891s
  456836    1.3900988e+08   0.000000e+00   6.018073e+06   5899s
  456936    1.3900983e+08   0.000000e+00   5.561878e+06   5908s
  457046    1.3900977e+08   0.000000e+00   6.638254e+06   5917s
  457156    1.3900969e+08   0.000000e+00   5.651299e+06   5926s
Waiting for other threads to finish...         989s
  457266    1.3900962e+08   0.000000e+00   4.541171e+06   5935s
Waiting for other threads to finish...        8119s
  457386    1.3900956e+08   0.000000e+00   5.752542e+06   5944s
Waiting for other threads to finish...        6758s
  457496    1.3900950e+08   0.000000e+00   4.715004e+06   5953s
  457606    1.3900942e+08   0.000000e+00   5.599976e+06   5962s
  457716    1.3900934e+08   0.000000e+00   2.848615e+06   5970s
  457826    1.3900927e+08   0.000000e+00   5.522278e+06   5979s
  457946    1.3900920e+08   0.000000e+00   5.847269e+06   5989s
Waiting for other threads to finish...        1052s
  458056    1.3900912e+08   0.000000e+00   5.809266e+06   5998s
Waiting for other threads to finish...        8182s
  458166    1.3900908e+08   0.000000e+00   3.198636e+06   6006s
Waiting for other threads to finish...        6821s
  458276    1.3900899e+08   0.000000e+00   5.325921e+06   6015s
  458386    1.3900893e+08   0.000000e+00   5.517094e+06   6024s
  458496    1.3900886e+08   0.000000e+00   4.821956e+06   6033s
  458616    1.3900878e+08   0.000000e+00   5.741913e+06   6043s
  458726    1.3900872e+08   0.000000e+00   4.736050e+06   6052s
Waiting for other threads to finish...        1115s
  458846    1.3900868e+08   0.000000e+00   5.855265e+06   6062s
Waiting for other threads to finish...        8245s
  458956    1.3900859e+08   0.000000e+00   5.629071e+06   6074s
Waiting for other threads to finish...        6884s
  459076    1.3900852e+08   0.000000e+00   4.736300e+06   6087s
  459196    1.3900848e+08   0.000000e+00   4.882866e+06   6097s
  459326    1.3900842e+08   0.000000e+00   4.800871e+06   6107s
  459456    1.3900837e+08   0.000000e+00   5.092692e+06   6120s
Waiting for other threads to finish...        1178s
Waiting for other threads to finish...        8308s
  459576    1.3900832e+08   0.000000e+00   5.403003e+06   6130s
Waiting for other threads to finish...        6948s
  459696    1.3900826e+08   0.000000e+00   4.684926e+06   6140s
  459806    1.3900822e+08   0.000000e+00   6.990845e+06   6149s
  459916    1.3900819e+08   0.000000e+00   4.821718e+06   6157s
  460016    1.3900815e+08   0.000000e+00   8.123501e+06   6166s
  460216    1.3900806e+08   0.000000e+00   7.087403e+06   6182s
Waiting for other threads to finish...        1241s
  460326    1.3900802e+08   0.000000e+00   4.042528e+06   6191s
Waiting for other threads to finish...        8371s
  460426    1.3900799e+08   0.000000e+00   4.540873e+06   6199s
Waiting for other threads to finish...        7011s
  460616    1.3900794e+08   0.000000e+00   5.542340e+06   6216s
  460716    1.3900792e+08   0.000000e+00   8.382758e+06   6225s
  460886    1.3900784e+08   0.000000e+00   7.782953e+06   6240s
Waiting for other threads to finish...        1305s
  461066    1.3900776e+08   0.000000e+00   7.993259e+06   6256s
Waiting for other threads to finish...        8435s
Waiting for other threads to finish...        7074s
  461236    1.3900768e+08   0.000000e+00   8.050784e+06   6271s
  461416    1.3900761e+08   0.000000e+00   7.719340e+06   6289s
Waiting for other threads to finish...        1368s
  461596    1.3900754e+08   0.000000e+00   7.628634e+06   6311s
Waiting for other threads to finish...        8498s
  461696    1.3900741e+08   0.000000e+00   5.881070e+06   6322s
Waiting for other threads to finish...        7137s
  461796    1.3900740e+08   0.000000e+00   1.955363e+07   6333s
  461896    1.3900739e+08   0.000000e+00   1.903482e+07   6343s
  461996    1.3900739e+08   0.000000e+00   1.856911e+07   6354s
  462096    1.3900737e+08   0.000000e+00   1.927657e+07   6365s
Waiting for other threads to finish...        1431s
Waiting for other threads to finish...        8561s
  462276    1.3900731e+08   0.000000e+00   9.728123e+06   6385s
Waiting for other threads to finish...        7200s
  462456    1.3900723e+08   0.000000e+00   1.033060e+07   6402s
  462636    1.3900709e+08   0.000000e+00   1.169511e+07   6418s
  462806    1.3900700e+08   0.000000e+00   1.062078e+07   6433s
Waiting for other threads to finish...        1494s
  462906    1.3900698e+08   0.000000e+00   1.157474e+07   6441s
Waiting for other threads to finish...        8624s
  463006    1.3900697e+08   0.000000e+00   9.592976e+06   6449s
Waiting for other threads to finish...        7263s
  463196    1.3900687e+08   0.000000e+00   5.606757e+08   6465s
  463296    1.3900687e+08   0.000000e+00   5.622652e+08   6473s
  463476    1.3900686e+08   0.000000e+00   5.644172e+08   6488s
Waiting for other threads to finish...        1557s
  463646    1.3900674e+08   0.000000e+00   1.092553e+07   6503s
Waiting for other threads to finish...        8687s
Waiting for other threads to finish...        7327s
  463806    1.3900666e+08   0.000000e+00   2.467680e+08   6518s
Concurrent spin time: 661.28s (can be avoided by choosing Method=3)

Solved with barrier
  413184    9.0893174e+07   0.000000e+00   0.000000e+00   1588s

Root relaxation: objective 9.089317e+07, 413184 iterations, 1517.75 seconds (857.23 work units)
  463966    1.3900654e+08   0.000000e+00   1.125443e+07   6534s
  464126    1.3900637e+08   0.000000e+00   9.204505e+06   6553s
Waiting for other threads to finish...        8750s
  464296    1.3900630e+08   0.000000e+00   1.897791e+06   6573s
Waiting for other threads to finish...        7390s
  464396    1.3900630e+08   0.000000e+00   1.881541e+06   6581s
  464496    1.3900630e+08   0.000000e+00   1.870617e+06   6589s
  464636    1.3900628e+08   0.000000e+00   5.732961e+06   6605s
  464776    1.3900627e+08   0.000000e+00   3.980026e+06   6621s
Waiting for other threads to finish...        8814s
  464926    1.3900626e+08   0.000000e+00   9.393955e+05   6638s
Waiting for other threads to finish...        7453s
  465076    1.3900624e+08   0.000000e+00   9.407173e+05   6653s
  465206    1.3900623e+08   0.000000e+00   1.040554e+06   6668s
  465356    1.3900622e+08   0.000000e+00   9.907531e+05   6684s
Waiting for other threads to finish...        8877s
  465486    1.3900621e+08   0.000000e+00   1.155947e+06   6700s
Waiting for other threads to finish...        7516s
  465646    1.3900619e+08   0.000000e+00   7.521023e+06   6715s
  465746    1.3900616e+08   0.000000e+00   7.001606e+06   6723s

    Nodes    |    Current Node    |     Objective Bounds      |     Work
 Expl Unexpl |  Obj  Depth IntInf | Incumbent    BestBd   Gap | It/Node Time

     0     0 9.0893e+07    0    6          - 9.0893e+07      -     - 1780s
  465846    1.3900612e+08   0.000000e+00   7.477688e+06   6732s
  465946    1.3900608e+08   0.000000e+00   5.971146e+06   6740s
  466046    1.3900604e+08   0.000000e+00   5.865134e+06   6748s
  466146    1.3900601e+08   0.000000e+00   6.138267e+06   6756s
H    0     0                    1.086380e+08 9.0893e+07  16.3%     - 1814s
Waiting for other threads to finish...        8940s
  466246    1.3900599e+08   0.000000e+00   1.249825e+07   6764s
Waiting for other threads to finish...        7579s
  466426    1.3900594e+08   0.000000e+00   9.916025e+06   6780s
  466606    1.3900589e+08   0.000000e+00   9.355978e+06   6795s
  466786    1.3900584e+08   0.000000e+00   8.758382e+06   6811s
Waiting for other threads to finish...        9003s
  466966    1.3900580e+08   0.000000e+00   5.555812e+06   6827s
Waiting for other threads to finish...        7643s
  467146    1.3900577e+08   0.000000e+00   1.070838e+07   6842s
  467336    1.3900576e+08   0.000000e+00   6.222168e+06   6858s
  467526    1.3900572e+08   0.000000e+00   9.040626e+06   6874s
  467626    1.3900571e+08   0.000000e+00   3.403986e+07   6884s
Waiting for other threads to finish...        9066s
Waiting for other threads to finish...        7706s
  467806    1.3900571e+08   0.000000e+00   3.603574e+07   6904s
  467986    1.3900565e+08   0.000000e+00   5.837612e+06   6922s
  468166    1.3900558e+08   0.000000e+00   7.418972e+06   6940s
  468266    1.3900552e+08   0.000000e+00   6.845913e+06   6951s
Waiting for other threads to finish...        9130s
Waiting for other threads to finish...        7769s
  468456    1.3900540e+08   0.000000e+00   8.638141e+06   6968s
  468556    1.3900533e+08   0.000000e+00   8.816766e+06   6978s
  468656    1.3900527e+08   0.000000e+00   1.771086e+07   6989s
  468846    1.3900516e+08   0.000000e+00   8.566048e+06   7007s
Waiting for other threads to finish...        9193s
  468946    1.3900507e+08   0.000000e+00   8.378104e+06   7016s
Waiting for other threads to finish...        7832s
  469126    1.3900504e+08   0.000000e+00   7.185601e+06   7035s
H    0     0                    9.092907e+07 9.0893e+07  0.04%     - 2095s

Explored 1 nodes (492096 simplex iterations) in 2096.39 seconds (1266.35 work units)
Thread count was 8 (of 192 available processors)

Solution count 2: 9.09291e+07 1.08638e+08 

Optimal solution found (tolerance 1.00e-02)
Warning: max constraint violation (2.3016e-04) exceeds tolerance
Best objective 9.092907383828e+07, best bound 9.089317408947e+07, gap 0.0395%
Set parameter LogFile to value ""
  469306    1.3900497e+08   0.000000e+00   1.253494e+07   7053s
  469486    1.3900492e+08   0.000000e+00   7.268005e+06   7068s
Waiting for other threads to finish...        9256s
  469656    1.3900487e+08   0.000000e+00   8.281311e+06   7083s
Waiting for other threads to finish...        7895s
  469836    1.3900484e+08   0.000000e+00   7.795891e+06   7098s
  470006    1.3900480e+08   0.000000e+00   7.611508e+06   7113s
  470186    1.3900476e+08   0.000000e+00   7.650515e+06   7128s
Waiting for other threads to finish...        9319s
  470356    1.3900471e+08   0.000000e+00   8.351229e+06   7143s
Waiting for other threads to finish...        7958s
  470536    1.3900467e+08   0.000000e+00   6.859954e+06   7159s
  470706    1.3900463e+08   0.000000e+00   8.016541e+06   7174s
# ==========================================================
# = Solver Results                                         =
# ==========================================================
# ----------------------------------------------------------
#   Problem Information
# ----------------------------------------------------------
Problem: 
- Name: unknown
  Lower bound: 90893174.08946766
  Upper bound: 90929073.8382753
  Number of objectives: 1
  Number of constraints: 9050179
  Number of variables: 6728544
  Number of binary variables: 858652
  Number of integer variables: 858652
  Number of continuous variables: 5011240
  Number of nonzeros: 21385595
  Sense: minimize
  Number of solutions: 2
# ----------------------------------------------------------
#   Solver Information
# ----------------------------------------------------------
Solver: 
- Name: Gurobi 13.00
  Status: ok
  Wallclock time: 2096.5276079177856
  Termination condition: optimal
  Termination message: Model was solved to optimality (subject to tolerances), and an optimal solution is available.
# ----------------------------------------------------------
#   Solution Information
# ----------------------------------------------------------
Solution: 
- number of solutions: 0
  number of solutions displayed: 0
Writing results to /gpfs/home3/scur1696/AdOpT-NET0-RegToNation/generic_node_optimization/results/parallel_creation_test_20251123_162207/parallel_run_0014/userData/20251123191214-1
[SUCCESS] Solved: parallel_run_0014
[SOLVING] parallel_run_0013
Set parameter Threads to value 8
  470886    1.3900458e+08   0.000000e+00   2.976176e+06   7190s
Waiting for other threads to finish...        9382s
  471056    1.3900454e+08   0.000000e+00   8.179386e+06   7205s
Waiting for other threads to finish...        8022s
  471246    1.3900452e+08   0.000000e+00   8.321065e+06   7220s
  471426    1.3900447e+08   0.000000e+00   8.491245e+06   7236s
  471606    1.3900442e+08   0.000000e+00   8.153955e+06   7251s
  471776    1.3900438e+08   0.000000e+00   7.543160e+06   7266s
Waiting for other threads to finish...        9446s
Waiting for other threads to finish...        8085s
  471956    1.3900435e+08   0.000000e+00   8.200451e+06   7282s
  472136    1.3900431e+08   0.000000e+00   7.897214e+06   7296s
  472306    1.3900426e+08   0.000000e+00   8.369170e+06   7312s
  472486    1.3900426e+08   0.000000e+00   9.297710e+06   7327s
Waiting for other threads to finish...        9509s
Waiting for other threads to finish...        8148s
  472666    1.3900426e+08   0.000000e+00   9.297711e+06   7341s
  472846    1.3900426e+08   0.000000e+00   9.320565e+06   7355s
  473026    1.3900426e+08   0.000000e+00   9.320567e+06   7370s
  473206    1.3900425e+08   0.000000e+00   2.846358e+06   7385s
Waiting for other threads to finish...        9572s
  473376    1.3900423e+08   0.000000e+00   8.404251e+06   7400s
Waiting for other threads to finish...        8211s
  473546    1.3900420e+08   0.000000e+00   7.856680e+06   7415s
  473646    1.3900419e+08   0.000000e+00   9.725313e+05   7423s
  473756    1.3900419e+08   0.000000e+00   9.652434e+05   7431s
  473856    1.3900419e+08   0.000000e+00   9.367424e+05   7439s
  474026    1.3900417e+08   0.000000e+00   9.053608e+05   7455s
Waiting for other threads to finish...        9635s
Waiting for other threads to finish...        8274s
  474176    1.3900415e+08   0.000000e+00   7.967111e+05   7470s
  474346    1.3900413e+08   0.000000e+00   8.971878e+05   7486s
  474486    1.3900412e+08   0.000000e+00   3.223054e+06   7501s
  474626    1.3900411e+08   0.000000e+00   1.277863e+06   7516s
Waiting for other threads to finish...        9698s
Waiting for other threads to finish...        8337s
  474776    1.3900410e+08   0.000000e+00   7.903053e+05   7531s
  474916    1.3900409e+08   0.000000e+00   1.699133e+06   7546s
  475066    1.3900408e+08   0.000000e+00   1.183625e+06   7562s
  475206    1.3900407e+08   0.000000e+00   1.750784e+06   7577s
Waiting for other threads to finish...        9762s
Waiting for other threads to finish...        8401s
  475376    1.3900404e+08   0.000000e+00   6.784280e+05   7593s
  475516    1.3900402e+08   0.000000e+00   6.888675e+05   7609s
  475706    1.3900400e+08   0.000000e+00   6.968196e+05   7625s
  475806    1.3900399e+08   0.000000e+00   6.575111e+05   7633s
  475906    1.3900397e+08   0.000000e+00   1.143550e+06   7641s
Waiting for other threads to finish...        9825s
Waiting for other threads to finish...        8464s
  476086    1.3900395e+08   0.000000e+00   1.189490e+06   7657s
  476236    1.3900394e+08   0.000000e+00   7.190472e+05   7673s
  476386    1.3900392e+08   0.000000e+00   8.257462e+05   7688s
  476516    1.3900391e+08   0.000000e+00   7.327797e+05   7703s
Waiting for other threads to finish...        9888s
Waiting for other threads to finish...        8527s
  476666    1.3900389e+08   0.000000e+00   7.489828e+05   7719s
  476826    1.3900387e+08   0.000000e+00   7.099050e+05   7735s
  476986    1.3900386e+08   0.000000e+00   7.140969e+05   7751s
  477166    1.3900385e+08   0.000000e+00   7.878760e+05   7767s
Waiting for other threads to finish...        9951s
Waiting for other threads to finish...        8590s
  477326    1.3900383e+08   0.000000e+00   6.843656e+05   7782s
  477486    1.3900382e+08   0.000000e+00   7.388130e+05   7797s
  477686    1.3900379e+08   0.000000e+00   7.151490e+05   7815s
  477846    1.3900375e+08   0.000000e+00   8.348179e+05   7830s
Waiting for other threads to finish...       10014s
Waiting for other threads to finish...        8653s
  478006    1.3900374e+08   0.000000e+00   1.576873e+07   7846s
  478186    1.3900374e+08   0.000000e+00   1.142332e+07   7860s
  478366    1.3900371e+08   0.000000e+00   5.793452e+06   7875s
  478466    1.3900368e+08   0.000000e+00   7.885793e+05   7884s
  478566    1.3900358e+08   0.000000e+00   7.754151e+05   7892s
Waiting for other threads to finish...       10077s
  478746    1.3900350e+08   0.000000e+00   1.051006e+06   7907s
Waiting for other threads to finish...        8716s
  478916    1.3900346e+08   0.000000e+00   1.179323e+07   7923s
  479066    1.3900328e+08   0.000000e+00   7.939292e+05   7938s
  479166    1.3900324e+08   0.000000e+00   4.514077e+06   7946s
  479286    1.3900313e+08   0.000000e+00   8.130793e+05   7954s
Waiting for other threads to finish...       10141s
  479476    1.3900298e+08   0.000000e+00   7.403763e+05   7970s
Waiting for other threads to finish...        8780s
  479586    1.3900290e+08   0.000000e+00   7.149166e+05   7978s
  479686    1.3900286e+08   0.000000e+00   1.311597e+07   7986s
  479876    1.3900280e+08   0.000000e+00   8.275788e+05   8001s
  479986    1.3900278e+08   0.000000e+00   2.041340e+07   8009s
  480086    1.3900276e+08   0.000000e+00   1.959109e+07   8016s
Waiting for other threads to finish...       10204s
  480286    1.3900271e+08   0.000000e+00   7.222930e+05   8032s
Waiting for other threads to finish...        8843s
  480466    1.3900263e+08   0.000000e+00   2.204946e+07   8047s
  480646    1.3900263e+08   0.000000e+00   3.134960e+07   8062s
  480816    1.3900263e+08   0.000000e+00   3.134960e+07   8077s
Waiting for other threads to finish...       10267s
  480996    1.3900263e+08   0.000000e+00   3.134960e+07   8091s
Waiting for other threads to finish...        8906s
  481176    1.3900263e+08   0.000000e+00   2.661654e+07   8106s
  481346    1.3900263e+08   0.000000e+00   3.134956e+07   8120s
  481526    1.3900263e+08   0.000000e+00   3.134956e+07   8135s
  481696    1.3900263e+08   0.000000e+00   3.134956e+07   8149s
Waiting for other threads to finish...       10330s
Waiting for other threads to finish...        8969s
  481876    1.3900263e+08   0.000000e+00   3.134956e+07   8164s
  482056    1.3900263e+08   0.000000e+00   3.134956e+07   8179s
  482226    1.3900263e+08   0.000000e+00   3.134956e+07   8193s
  482396    1.3900263e+08   0.000000e+00   2.626125e+07   8207s
Waiting for other threads to finish...       10393s
  482576    1.3900261e+08   0.000000e+00   7.269697e+05   8222s
Waiting for other threads to finish...        9032s
  482756    1.3900258e+08   0.000000e+00   7.730058e+05   8237s
  482866    1.3900258e+08   0.000000e+00   7.659895e+05   8245s
  482966    1.3900254e+08   0.000000e+00   9.132756e+06   8253s
  483136    1.3900250e+08   0.000000e+00   7.307965e+05   8268s
Waiting for other threads to finish...       10456s
  483296    1.3900245e+08   0.000000e+00   1.160761e+07   8283s
Waiting for other threads to finish...        9095s
  483476    1.3900230e+08   0.000000e+00   6.084315e+05   8299s
  483656    1.3900223e+08   0.000000e+00   4.594689e+06   8314s
  483756    1.3900216e+08   0.000000e+00   5.294515e+06   8323s
  483936    1.3900208e+08   0.000000e+00   1.081796e+07   8339s
Waiting for other threads to finish...       10520s
Waiting for other threads to finish...        9159s
  484126    1.3900201e+08   0.000000e+00   5.405155e+05   8355s
  484306    1.3900183e+08   0.000000e+00   1.084802e+07   8371s
  484486    1.3900171e+08   0.000000e+00   8.793215e+05   8387s
  484676    1.3900162e+08   0.000000e+00   6.481530e+06   8403s
Waiting for other threads to finish...       10583s
  484776    1.3900162e+08   0.000000e+00   6.527788e+06   8411s
Waiting for other threads to finish...        9222s
  484876    1.3900162e+08   0.000000e+00   6.515805e+06   8419s
  [CONFIG] Gurobi default env configured: 8 threads per worker
--- Reading in data ---
Input data folder has been checked successfully - no errors occurred.
--- Reading in data complete ---
--- Constructing Model ---
Constructing Investment Period period1
Constructing Investment Period period1 completed
	 - Constructing Network hydrogenPipelineOnshore_lowP
			gdp.bigm Transformation...
			gdp.bigm Transformation completed in 0 s
		 - Constructing Arc BIG1 - BIG2 completed
			gdp.bigm Transformation...
			gdp.bigm Transformation completed in 0 s
		 - Constructing Arc BIG1 - SMALL1 completed
			gdp.bigm Transformation...
			gdp.bigm Transformation completed in 0 s
		 - Constructing Arc BIG1 - SMALL2 completed
			gdp.bigm Transformation...
			gdp.bigm Transformation completed in 0 s
		 - Constructing Arc BIG1 - SMALL3 completed
			gdp.bigm Transformation...
			gdp.bigm Transformation completed in 0 s
		 - Constructing Arc BIG1 - SMALL4 completed
			gdp.bigm Transformation...
			gdp.bigm Transformation completed in 0 s
		 - Constructing Arc BIG1 - STORAGE completed
			gdp.bigm Transformation...
			gdp.bigm Transformation completed in 0 s
		 - Constructing Arc BIG2 - BIG1 completed
			gdp.bigm Transformation...
			gdp.bigm Transformation completed in 0 s
		 - Constructing Arc BIG2 - SMALL1 completed
			gdp.bigm Transformation...
			gdp.bigm Transformation completed in 0 s
		 - Constructing Arc BIG2 - SMALL2 completed
			gdp.bigm Transformation...
			gdp.bigm Transformation completed in 0 s
		 - Constructing Arc BIG2 - SMALL3 completed
			gdp.bigm Transformation...
			gdp.bigm Transformation completed in 0 s
		 - Constructing Arc BIG2 - SMALL4 completed
			gdp.bigm Transformation...
			gdp.bigm Transformation completed in 0 s
		 - Constructing Arc BIG2 - STORAGE completed
			gdp.bigm Transformation...
			gdp.bigm Transformation completed in 0 s
		 - Constructing Arc SMALL1 - BIG1 completed
			gdp.bigm Transformation...
			gdp.bigm Transformation completed in 0 s
		 - Constructing Arc SMALL1 - BIG2 completed
			gdp.bigm Transformation...
			gdp.bigm Transformation completed in 0 s
		 - Constructing Arc SMALL1 - SMALL2 completed
			gdp.bigm Transformation...
			gdp.bigm Transformation completed in 0 s
		 - Constructing Arc SMALL1 - SMALL3 completed
			gdp.bigm Transformation...
			gdp.bigm Transformation completed in 0 s
		 - Constructing Arc SMALL1 - SMALL4 completed
			gdp.bigm Transformation...
			gdp.bigm Transformation completed in 0 s
		 - Constructing Arc SMALL1 - STORAGE completed
			gdp.bigm Transformation...
			gdp.bigm Transformation completed in 0 s
		 - Constructing Arc SMALL2 - BIG1 completed
			gdp.bigm Transformation...
			gdp.bigm Transformation completed in 0 s
		 - Constructing Arc SMALL2 - BIG2 completed
			gdp.bigm Transformation...
			gdp.bigm Transformation completed in 0 s
		 - Constructing Arc SMALL2 - SMALL1 completed
			gdp.bigm Transformation...
			gdp.bigm Transformation completed in 0 s
		 - Constructing Arc SMALL2 - SMALL3 completed
			gdp.bigm Transformation...
			gdp.bigm Transformation completed in 0 s
		 - Constructing Arc SMALL2 - SMALL4 completed
			gdp.bigm Transformation...
			gdp.bigm Transformation completed in 0 s
		 - Constructing Arc SMALL2 - STORAGE completed
			gdp.bigm Transformation...
			gdp.bigm Transformation completed in 0 s
		 - Constructing Arc SMALL3 - BIG1 completed
			gdp.bigm Transformation...
			gdp.bigm Transformation completed in 0 s
		 - Constructing Arc SMALL3 - BIG2 completed
			gdp.bigm Transformation...
			gdp.bigm Transformation completed in 0 s
		 - Constructing Arc SMALL3 - SMALL1 completed
			gdp.bigm Transformation...
			gdp.bigm Transformation completed in 0 s
		 - Constructing Arc SMALL3 - SMALL2 completed
			gdp.bigm Transformation...
			gdp.bigm Transformation completed in 0 s
		 - Constructing Arc SMALL3 - SMALL4 completed
			gdp.bigm Transformation...
			gdp.bigm Transformation completed in 0 s
		 - Constructing Arc SMALL3 - STORAGE completed
			gdp.bigm Transformation...
			gdp.bigm Transformation completed in 0 s
		 - Constructing Arc SMALL4 - BIG1 completed
			gdp.bigm Transformation...
			gdp.bigm Transformation completed in 0 s
		 - Constructing Arc SMALL4 - BIG2 completed
			gdp.bigm Transformation...
			gdp.bigm Transformation completed in 0 s
		 - Constructing Arc SMALL4 - SMALL1 completed
			gdp.bigm Transformation...
			gdp.bigm Transformation completed in 0 s
		 - Constructing Arc SMALL4 - SMALL2 completed
			gdp.bigm Transformation...
			gdp.bigm Transformation completed in 0 s
		 - Constructing Arc SMALL4 - SMALL3 completed
			gdp.bigm Transformation...
			gdp.bigm Transformation completed in 0 s
		 - Constructing Arc SMALL4 - STORAGE completed
			gdp.bigm Transformation...
			gdp.bigm Transformation completed in 0 s
		 - Constructing Arc STORAGE - BIG1 completed
			gdp.bigm Transformation...
			gdp.bigm Transformation completed in 0 s
		 - Constructing Arc STORAGE - BIG2 completed
			gdp.bigm Transformation...
			gdp.bigm Transformation completed in 0 s
		 - Constructing Arc STORAGE - SMALL1 completed
			gdp.bigm Transformation...
			gdp.bigm Transformation completed in 0 s
		 - Constructing Arc STORAGE - SMALL2 completed
			gdp.bigm Transformation...
			gdp.bigm Transformation completed in 0 s
		 - Constructing Arc STORAGE - SMALL3 completed
			gdp.bigm Transformation...
			gdp.bigm Transformation completed in 0 s
		 - Constructing Arc STORAGE - SMALL4 completed
	 - Constructing Network hydrogenPipelineOnshore_lowP completed
			gdp.bigm Transformation...
			gdp.bigm Transformation completed in 80 s
	 - Constructing Network hydrogenPipelineOnshore_highP
			gdp.bigm Transformation...
			gdp.bigm Transformation completed in 0 s
		 - Constructing Arc BIG1 - BIG2 completed
			gdp.bigm Transformation...
			gdp.bigm Transformation completed in 0 s
		 - Constructing Arc BIG1 - SMALL1 completed
			gdp.bigm Transformation...
			gdp.bigm Transformation completed in 0 s
		 - Constructing Arc BIG1 - SMALL2 completed
			gdp.bigm Transformation...
			gdp.bigm Transformation completed in 0 s
		 - Constructing Arc BIG1 - SMALL3 completed
			gdp.bigm Transformation...
			gdp.bigm Transformation completed in 0 s
		 - Constructing Arc BIG1 - SMALL4 completed
			gdp.bigm Transformation...
			gdp.bigm Transformation completed in 0 s
		 - Constructing Arc BIG1 - STORAGE completed
			gdp.bigm Transformation...
			gdp.bigm Transformation completed in 0 s
		 - Constructing Arc BIG2 - BIG1 completed
			gdp.bigm Transformation...
			gdp.bigm Transformation completed in 0 s
		 - Constructing Arc BIG2 - SMALL1 completed
			gdp.bigm Transformation...
			gdp.bigm Transformation completed in 0 s
		 - Constructing Arc BIG2 - SMALL2 completed
			gdp.bigm Transformation...
			gdp.bigm Transformation completed in 0 s
		 - Constructing Arc BIG2 - SMALL3 completed
			gdp.bigm Transformation...
			gdp.bigm Transformation completed in 0 s
		 - Constructing Arc BIG2 - SMALL4 completed
			gdp.bigm Transformation...
			gdp.bigm Transformation completed in 0 s
		 - Constructing Arc BIG2 - STORAGE completed
			gdp.bigm Transformation...
			gdp.bigm Transformation completed in 0 s
		 - Constructing Arc SMALL1 - BIG1 completed
			gdp.bigm Transformation...
			gdp.bigm Transformation completed in 0 s
		 - Constructing Arc SMALL1 - BIG2 completed
			gdp.bigm Transformation...
			gdp.bigm Transformation completed in 0 s
		 - Constructing Arc SMALL1 - SMALL2 completed
			gdp.bigm Transformation...
			gdp.bigm Transformation completed in 0 s
		 - Constructing Arc SMALL1 - SMALL3 completed
			gdp.bigm Transformation...
			gdp.bigm Transformation completed in 0 s
		 - Constructing Arc SMALL1 - SMALL4 completed
			gdp.bigm Transformation...
			gdp.bigm Transformation completed in 0 s
		 - Constructing Arc SMALL1 - STORAGE completed
			gdp.bigm Transformation...
			gdp.bigm Transformation completed in 0 s
		 - Constructing Arc SMALL2 - BIG1 completed
			gdp.bigm Transformation...
			gdp.bigm Transformation completed in 0 s
		 - Constructing Arc SMALL2 - BIG2 completed
			gdp.bigm Transformation...
			gdp.bigm Transformation completed in 0 s
		 - Constructing Arc SMALL2 - SMALL1 completed
			gdp.bigm Transformation...
			gdp.bigm Transformation completed in 0 s
		 - Constructing Arc SMALL2 - SMALL3 completed
			gdp.bigm Transformation...
			gdp.bigm Transformation completed in 0 s
		 - Constructing Arc SMALL2 - SMALL4 completed
			gdp.bigm Transformation...
			gdp.bigm Transformation completed in 0 s
		 - Constructing Arc SMALL2 - STORAGE completed
			gdp.bigm Transformation...
			gdp.bigm Transformation completed in 0 s
		 - Constructing Arc SMALL3 - BIG1 completed
			gdp.bigm Transformation...
			gdp.bigm Transformation completed in 0 s
		 - Constructing Arc SMALL3 - BIG2 completed
			gdp.bigm Transformation...
			gdp.bigm Transformation completed in 0 s
		 - Constructing Arc SMALL3 - SMALL1 completed
			gdp.bigm Transformation...
			gdp.bigm Transformation completed in 0 s
		 - Constructing Arc SMALL3 - SMALL2 completed
			gdp.bigm Transformation...
			gdp.bigm Transformation completed in 0 s
		 - Constructing Arc SMALL3 - SMALL4 completed
			gdp.bigm Transformation...
			gdp.bigm Transformation completed in 0 s
		 - Constructing Arc SMALL3 - STORAGE completed
			gdp.bigm Transformation...
			gdp.bigm Transformation completed in 0 s
		 - Constructing Arc SMALL4 - BIG1 completed
			gdp.bigm Transformation...
			gdp.bigm Transformation completed in 0 s
		 - Constructing Arc SMALL4 - BIG2 completed
			gdp.bigm Transformation...
			gdp.bigm Transformation completed in 0 s
		 - Constructing Arc SMALL4 - SMALL1 completed
			gdp.bigm Transformation...
			gdp.bigm Transformation completed in 0 s
		 - Constructing Arc SMALL4 - SMALL2 completed
			gdp.bigm Transformation...
			gdp.bigm Transformation completed in 0 s
		 - Constructing Arc SMALL4 - SMALL3 completed
			gdp.bigm Transformation...
			gdp.bigm Transformation completed in 0 s
		 - Constructing Arc SMALL4 - STORAGE completed
			gdp.bigm Transformation...
			gdp.bigm Transformation completed in 0 s
		 - Constructing Arc STORAGE - BIG1 completed
			gdp.bigm Transformation...
			gdp.bigm Transformation completed in 0 s
		 - Constructing Arc STORAGE - BIG2 completed
			gdp.bigm Transformation...
			gdp.bigm Transformation completed in 0 s
		 - Constructing Arc STORAGE - SMALL1 completed
			gdp.bigm Transformation...
			gdp.bigm Transformation completed in 0 s
		 - Constructing Arc STORAGE - SMALL2 completed
			gdp.bigm Transformation...
			gdp.bigm Transformation completed in 0 s
		 - Constructing Arc STORAGE - SMALL3 completed
			gdp.bigm Transformation...
			gdp.bigm Transformation completed in 0 s
		 - Constructing Arc STORAGE - SMALL4 completed
	 - Constructing Network hydrogenPipelineOnshore_highP completed
			gdp.bigm Transformation...
			gdp.bigm Transformation completed in 79 s
	 - Adding Technology Electrolyzer_big
			gdp.bigm Transformation...
			gdp.bigm Transformation completed in 0 s
	 - Adding Technology Storage_H2_highP
			gdp.bigm Transformation...
			gdp.bigm Transformation completed in 4 s
	 - Adding Compressor hydrogen_Compressor_hydrogenPipelineOnshore_lowP_hydrogenPipelineOnshore_lowP
	 - Adding Compressor hydrogen_Compressor_hydrogenPipelineOnshore_lowP_hydrogenPipelineOnshore_highP
	 - Adding Compressor hydrogen_Compressor_hydrogenPipelineOnshore_lowP_Storage_H2_highP
	 - Adding Compressor hydrogen_Compressor_hydrogenPipelineOnshore_lowP_Demand
	 - Adding Compressor hydrogen_Compressor_hydrogenPipelineOnshore_highP_hydrogenPipelineOnshore_lowP
	 - Adding Compressor hydrogen_Compressor_hydrogenPipelineOnshore_highP_hydrogenPipelineOnshore_highP
	 - Adding Compressor hydrogen_Compressor_hydrogenPipelineOnshore_highP_Storage_H2_highP
	 - Adding Compressor hydrogen_Compressor_hydrogenPipelineOnshore_highP_Demand
	 - Adding Compressor hydrogen_Compressor_Electrolyzer_big_hydrogenPipelineOnshore_lowP
	 - Adding Compressor hydrogen_Compressor_Electrolyzer_big_hydrogenPipelineOnshore_highP
	 - Adding Compressor hydrogen_Compressor_Electrolyzer_big_Storage_H2_highP
	 - Adding Compressor hydrogen_Compressor_Electrolyzer_big_Demand
	 - Adding Compressor hydrogen_Compressor_Storage_H2_highP_hydrogenPipelineOnshore_lowP
	 - Adding Compressor hydrogen_Compressor_Storage_H2_highP_hydrogenPipelineOnshore_highP
	 - Adding Compressor hydrogen_Compressor_Storage_H2_highP_Storage_H2_highP
	 - Adding Compressor hydrogen_Compressor_Storage_H2_highP_Demand
	 - Adding Compressor hydrogen_Compressor_Import_hydrogenPipelineOnshore_lowP
	 - Adding Compressor hydrogen_Compressor_Import_hydrogenPipelineOnshore_highP
	 - Adding Compressor hydrogen_Compressor_Import_Storage_H2_highP
	 - Adding Compressor hydrogen_Compressor_Import_Demand_existing
	 - Adding Technology Electrolyzer_big
			gdp.bigm Transformation...
			gdp.bigm Transformation completed in 0 s
	 - Adding Technology Storage_H2_highP
			gdp.bigm Transformation...
			gdp.bigm Transformation completed in 4 s
	 - Adding Compressor hydrogen_Compressor_hydrogenPipelineOnshore_lowP_hydrogenPipelineOnshore_lowP
	 - Adding Compressor hydrogen_Compressor_hydrogenPipelineOnshore_lowP_hydrogenPipelineOnshore_highP
	 - Adding Compressor hydrogen_Compressor_hydrogenPipelineOnshore_lowP_Storage_H2_highP
	 - Adding Compressor hydrogen_Compressor_hydrogenPipelineOnshore_lowP_Demand
	 - Adding Compressor hydrogen_Compressor_hydrogenPipelineOnshore_highP_hydrogenPipelineOnshore_lowP
	 - Adding Compressor hydrogen_Compressor_hydrogenPipelineOnshore_highP_hydrogenPipelineOnshore_highP
	 - Adding Compressor hydrogen_Compressor_hydrogenPipelineOnshore_highP_Storage_H2_highP
	 - Adding Compressor hydrogen_Compressor_hydrogenPipelineOnshore_highP_Demand
	 - Adding Compressor hydrogen_Compressor_Electrolyzer_big_hydrogenPipelineOnshore_lowP
	 - Adding Compressor hydrogen_Compressor_Electrolyzer_big_hydrogenPipelineOnshore_highP
	 - Adding Compressor hydrogen_Compressor_Electrolyzer_big_Storage_H2_highP
	 - Adding Compressor hydrogen_Compressor_Electrolyzer_big_Demand
	 - Adding Compressor hydrogen_Compressor_Storage_H2_highP_hydrogenPipelineOnshore_lowP
	 - Adding Compressor hydrogen_Compressor_Storage_H2_highP_hydrogenPipelineOnshore_highP
	 - Adding Compressor hydrogen_Compressor_Storage_H2_highP_Storage_H2_highP
	 - Adding Compressor hydrogen_Compressor_Storage_H2_highP_Demand
	 - Adding Compressor hydrogen_Compressor_Import_hydrogenPipelineOnshore_lowP
	 - Adding Compressor hydrogen_Compressor_Import_hydrogenPipelineOnshore_highP
	 - Adding Compressor hydrogen_Compressor_Import_Storage_H2_highP
	 - Adding Compressor hydrogen_Compressor_Import_Demand_existing
	 - Adding Technology Electrolyzer_small
	 - Adding Technology Storage_H2_lowP
			gdp.bigm Transformation...
			gdp.bigm Transformation completed in 4 s
	 - Adding Compressor hydrogen_Compressor_hydrogenPipelineOnshore_lowP_hydrogenPipelineOnshore_lowP
	 - Adding Compressor hydrogen_Compressor_hydrogenPipelineOnshore_lowP_hydrogenPipelineOnshore_highP
	 - Adding Compressor hydrogen_Compressor_hydrogenPipelineOnshore_lowP_Storage_H2_lowP
	 - Adding Compressor hydrogen_Compressor_hydrogenPipelineOnshore_lowP_Demand
	 - Adding Compressor hydrogen_Compressor_hydrogenPipelineOnshore_highP_hydrogenPipelineOnshore_lowP
	 - Adding Compressor hydrogen_Compressor_hydrogenPipelineOnshore_highP_hydrogenPipelineOnshore_highP
	 - Adding Compressor hydrogen_Compressor_hydrogenPipelineOnshore_highP_Storage_H2_lowP
	 - Adding Compressor hydrogen_Compressor_hydrogenPipelineOnshore_highP_Demand
	 - Adding Compressor hydrogen_Compressor_Electrolyzer_small_hydrogenPipelineOnshore_lowP
	 - Adding Compressor hydrogen_Compressor_Electrolyzer_small_hydrogenPipelineOnshore_highP
	 - Adding Compressor hydrogen_Compressor_Electrolyzer_small_Storage_H2_lowP
	 - Adding Compressor hydrogen_Compressor_Electrolyzer_small_Demand
	 - Adding Compressor hydrogen_Compressor_Storage_H2_lowP_hydrogenPipelineOnshore_lowP
	 - Adding Compressor hydrogen_Compressor_Storage_H2_lowP_hydrogenPipelineOnshore_highP
	 - Adding Compressor hydrogen_Compressor_Storage_H2_lowP_Storage_H2_lowP
	 - Adding Compressor hydrogen_Compressor_Storage_H2_lowP_Demand
	 - Adding Technology Electrolyzer_small
	 - Adding Technology Storage_H2_lowP
			gdp.bigm Transformation...
			gdp.bigm Transformation completed in 4 s
	 - Adding Compressor hydrogen_Compressor_hydrogenPipelineOnshore_lowP_hydrogenPipelineOnshore_lowP
	 - Adding Compressor hydrogen_Compressor_hydrogenPipelineOnshore_lowP_hydrogenPipelineOnshore_highP
	 - Adding Compressor hydrogen_Compressor_hydrogenPipelineOnshore_lowP_Storage_H2_lowP
	 - Adding Compressor hydrogen_Compressor_hydrogenPipelineOnshore_lowP_Demand
	 - Adding Compressor hydrogen_Compressor_hydrogenPipelineOnshore_highP_hydrogenPipelineOnshore_lowP
	 - Adding Compressor hydrogen_Compressor_hydrogenPipelineOnshore_highP_hydrogenPipelineOnshore_highP
	 - Adding Compressor hydrogen_Compressor_hydrogenPipelineOnshore_highP_Storage_H2_lowP
	 - Adding Compressor hydrogen_Compressor_hydrogenPipelineOnshore_highP_Demand
	 - Adding Compressor hydrogen_Compressor_Electrolyzer_small_hydrogenPipelineOnshore_lowP
	 - Adding Compressor hydrogen_Compressor_Electrolyzer_small_hydrogenPipelineOnshore_highP
	 - Adding Compressor hydrogen_Compressor_Electrolyzer_small_Storage_H2_lowP
	 - Adding Compressor hydrogen_Compressor_Electrolyzer_small_Demand
	 - Adding Compressor hydrogen_Compressor_Storage_H2_lowP_hydrogenPipelineOnshore_lowP
	 - Adding Compressor hydrogen_Compressor_Storage_H2_lowP_hydrogenPipelineOnshore_highP
	 - Adding Compressor hydrogen_Compressor_Storage_H2_lowP_Storage_H2_lowP
	 - Adding Compressor hydrogen_Compressor_Storage_H2_lowP_Demand
	 - Adding Technology Electrolyzer_small
	 - Adding Technology Storage_H2_lowP
			gdp.bigm Transformation...
			gdp.bigm Transformation completed in 4 s
	 - Adding Compressor hydrogen_Compressor_hydrogenPipelineOnshore_lowP_hydrogenPipelineOnshore_lowP
	 - Adding Compressor hydrogen_Compressor_hydrogenPipelineOnshore_lowP_hydrogenPipelineOnshore_highP
	 - Adding Compressor hydrogen_Compressor_hydrogenPipelineOnshore_lowP_Storage_H2_lowP
	 - Adding Compressor hydrogen_Compressor_hydrogenPipelineOnshore_lowP_Demand
	 - Adding Compressor hydrogen_Compressor_hydrogenPipelineOnshore_highP_hydrogenPipelineOnshore_lowP
	 - Adding Compressor hydrogen_Compressor_hydrogenPipelineOnshore_highP_hydrogenPipelineOnshore_highP
	 - Adding Compressor hydrogen_Compressor_hydrogenPipelineOnshore_highP_Storage_H2_lowP
	 - Adding Compressor hydrogen_Compressor_hydrogenPipelineOnshore_highP_Demand
	 - Adding Compressor hydrogen_Compressor_Electrolyzer_small_hydrogenPipelineOnshore_lowP
	 - Adding Compressor hydrogen_Compressor_Electrolyzer_small_hydrogenPipelineOnshore_highP
	 - Adding Compressor hydrogen_Compressor_Electrolyzer_small_Storage_H2_lowP
	 - Adding Compressor hydrogen_Compressor_Electrolyzer_small_Demand
	 - Adding Compressor hydrogen_Compressor_Storage_H2_lowP_hydrogenPipelineOnshore_lowP
	 - Adding Compressor hydrogen_Compressor_Storage_H2_lowP_hydrogenPipelineOnshore_highP
	 - Adding Compressor hydrogen_Compressor_Storage_H2_lowP_Storage_H2_lowP
	 - Adding Compressor hydrogen_Compressor_Storage_H2_lowP_Demand
	 - Adding Technology Electrolyzer_small
	 - Adding Technology Storage_H2_lowP
			gdp.bigm Transformation...
			gdp.bigm Transformation completed in 4 s
	 - Adding Compressor hydrogen_Compressor_hydrogenPipelineOnshore_lowP_hydrogenPipelineOnshore_lowP
	 - Adding Compressor hydrogen_Compressor_hydrogenPipelineOnshore_lowP_hydrogenPipelineOnshore_highP
	 - Adding Compressor hydrogen_Compressor_hydrogenPipelineOnshore_lowP_Storage_H2_lowP
	 - Adding Compressor hydrogen_Compressor_hydrogenPipelineOnshore_lowP_Demand
	 - Adding Compressor hydrogen_Compressor_hydrogenPipelineOnshore_highP_hydrogenPipelineOnshore_lowP
	 - Adding Compressor hydrogen_Compressor_hydrogenPipelineOnshore_highP_hydrogenPipelineOnshore_highP
	 - Adding Compressor hydrogen_Compressor_hydrogenPipelineOnshore_highP_Storage_H2_lowP
	 - Adding Compressor hydrogen_Compressor_hydrogenPipelineOnshore_highP_Demand
	 - Adding Compressor hydrogen_Compressor_Electrolyzer_small_hydrogenPipelineOnshore_lowP
	 - Adding Compressor hydrogen_Compressor_Electrolyzer_small_hydrogenPipelineOnshore_highP
	 - Adding Compressor hydrogen_Compressor_Electrolyzer_small_Storage_H2_lowP
	 - Adding Compressor hydrogen_Compressor_Electrolyzer_small_Demand
	 - Adding Compressor hydrogen_Compressor_Storage_H2_lowP_hydrogenPipelineOnshore_lowP
	 - Adding Compressor hydrogen_Compressor_Storage_H2_lowP_hydrogenPipelineOnshore_highP
	 - Adding Compressor hydrogen_Compressor_Storage_H2_lowP_Storage_H2_lowP
	 - Adding Compressor hydrogen_Compressor_Storage_H2_lowP_Demand
	 - Adding Technology Storage_H2_Cavern_existing
			gdp.bigm Transformation...
			gdp.bigm Transformation completed in 4 s
	 - Adding Compressor hydrogen_Compressor_hydrogenPipelineOnshore_lowP_hydrogenPipelineOnshore_lowP
	 - Adding Compressor hydrogen_Compressor_hydrogenPipelineOnshore_lowP_hydrogenPipelineOnshore_highP
	 - Adding Compressor hydrogen_Compressor_hydrogenPipelineOnshore_lowP_Storage_H2_Cavern_existing
	 - Adding Compressor hydrogen_Compressor_hydrogenPipelineOnshore_highP_hydrogenPipelineOnshore_lowP
	 - Adding Compressor hydrogen_Compressor_hydrogenPipelineOnshore_highP_hydrogenPipelineOnshore_highP
	 - Adding Compressor hydrogen_Compressor_hydrogenPipelineOnshore_highP_Storage_H2_Cavern_existing
	 - Adding Compressor hydrogen_Compressor_Storage_H2_Cavern_existing_hydrogenPipelineOnshore_lowP
	 - Adding Compressor hydrogen_Compressor_Storage_H2_Cavern_existing_hydrogenPipelineOnshore_highP
	 - Adding Compressor hydrogen_Compressor_Storage_H2_Cavern_existing_Storage_H2_Cavern_existing_existing
Constructing model completed in 619s
Constructing balances...
Constructing balances completed in 19s
Set objective on infrastructure due to willingness to pay
Set parameter OutputFlag to value 1
Set parameter LogFile to value "/gpfs/home3/scur1696/AdOpT-NET0-RegToNation/generic_node_optimization/results/parallel_creation_test_20251123_162207/parallel_run_0013/userData/20251123201014-1/solver_log.txt"
Solver log file: /gpfs/home3/scur1696/AdOpT-NET0-RegToNation/generic_node_optimization/results/parallel_creation_test_20251123_162207/parallel_run_0013/userData/20251123201014-1/solver_log.txt
Set parameter TimeLimit to value 180000
Set parameter MIPGap to value 0.01
Set parameter MIPFocus to value 0
Set parameter Threads to value 8
Set parameter NodefileStart to value 60
Set parameter Method to value -1
Set parameter Heuristics to value 0.05
Set parameter Presolve to value 1
Set parameter BranchDir to value 0
Set parameter LPWarmStart to value 0
Set parameter IntFeasTol to value 1e-05
Set parameter FeasibilityTol to value 1e-06
Set parameter Cuts to value -1
Set parameter NumericFocus to value 0
  484976    1.3900159e+08   0.000000e+00   7.592779e+05   8426s
Gurobi Optimizer version 13.0.0 build v13.0.0rc1 (linux64 - "Red Hat Enterprise Linux 9.4 (Plow)")

CPU model: AMD EPYC 9654 96-Core Processor, instruction set [SSE2|AVX|AVX2|AVX512]
Thread count: 192 physical cores, 192 logical processors, using up to 8 threads

Non-default parameters:
TimeLimit  180000
MIPGap  0.01
LPWarmStart  0
NodefileStart  60
Presolve  1
Threads  8

Academic license 2729390 - for non-commercial use only - registered to m.___@uu.nl
Optimize a model with 9050179 rows, 6728544 columns and 21385595 nonzeros (Min)
Model fingerprint: 0x57606445
Model has 1 linear objective coefficients
Variable types: 5869892 continuous, 858652 integer (858652 binary)
Coefficient statistics:
  Matrix range     [2e-03, 2e+08]
  Objective range  [1e+00, 1e+00]
  Bounds range     [5e-02, 6e+08]
  RHS range        [1e+00, 5e+09]
Warning: Model contains large matrix coefficients
Warning: Model contains large rhs
         Consider reformulating model or setting NumericFocus parameter
         to avoid numerical issues.
  485076    1.3900157e+08   0.000000e+00   1.074648e+06   8434s
Presolve removed 5361748 rows and 3924941 columns (presolve time = 5s)...
  485176    1.3900155e+08   0.000000e+00   1.066016e+06   8441s
Presolve removed 5515567 rows and 4070000 columns (presolve time = 10s)...
  485276    1.3900154e+08   0.000000e+00   1.019069e+06   8449s
Presolve removed 5528318 rows and 4082751 columns (presolve time = 15s)...
Presolve removed 5528318 rows and 4082751 columns (presolve time = 20s)...
Presolve removed 5528318 rows and 4082751 columns (presolve time = 27s)...
  485456    1.3900146e+08   0.000000e+00   2.043471e+07   8464s
Presolve removed 5528402 rows and 4144064 columns (presolve time = 30s)...
Waiting for other threads to finish...       10646s
Presolve removed 5554871 rows and 4161696 columns (presolve time = 35s)...
Presolve removed 5554871 rows and 4161696 columns (presolve time = 40s)...
Waiting for other threads to finish...        9285s
Presolve removed 5554871 rows and 4161696 columns
Presolve time: 42.98s
Presolved: 3495308 rows, 2566848 columns, 11519714 nonzeros
  485626    1.3900139e+08   0.000000e+00   1.597863e+06   8479s
Variable types: 2137564 continuous, 429284 integer (429284 binary)
  485796    1.3900133e+08   0.000000e+00   1.215247e+07   8495s
Deterministic concurrent LP optimizer: primal simplex, dual simplex, and barrier
Showing barrier log only...

  485976    1.3900129e+08   0.000000e+00   6.813528e+06   8509s
Root barrier log...

Ordering time: 2.82s

Barrier statistics:
 Dense cols : 103
 AA' NZ     : 1.544e+07
 Factor NZ  : 6.624e+07 (roughly 2.6 GB of memory)
 Factor Ops : 4.369e+09 (less than 1 second per iteration)
 Threads    : 5

                  Objective                Residual
Iter       Primal          Dual         Primal    Dual     Compl     Time
   0   2.56523889e+10 -2.56357799e+11  1.09e+10 1.35e+01  1.65e+08    87s
   1   2.73496672e+10 -4.34334556e+11  1.06e+10 6.26e+01  1.50e+08    90s
   2   1.74129269e+10 -4.11046348e+11  6.35e+09 3.87e+00  9.13e+07    91s
   3   5.26166398e+09 -3.85152908e+11  1.11e+09 9.09e-08  1.65e+07    95s
  486186    1.3900127e+08   0.000000e+00   8.838370e+05   8525s
   4   3.42827095e+09 -3.43808681e+11  2.32e+08 5.27e-06  3.52e+06    97s
   5   3.07832551e+09 -2.73048941e+11  3.90e+07 5.22e-02  6.28e+05    98s
   6   3.05258883e+09 -2.60128379e+11  2.52e+07 4.55e-02  4.16e+05   100s
Waiting for other threads to finish...       10709s
   7   3.05123046e+09 -2.43660883e+11  2.43e+07 3.95e-02  3.96e+05   102s
   8   3.04350060e+09 -1.43568090e+11  1.83e+07 8.92e-03  2.82e+05   103s
   9   2.73528213e+09 -1.39021625e+11  1.53e+07 8.70e-03  2.38e+05   105s
  10   2.43273013e+09 -1.02055614e+11  1.39e+07 6.90e-03  2.10e+05   107s
Waiting for other threads to finish...        9348s
  11   2.35025463e+09 -8.66142551e+10  1.31e+07 6.58e-03  1.93e+05   110s
  486376    1.3900125e+08   0.000000e+00   8.134149e+06   8541s
  12   2.08107916e+09 -5.57294442e+10  1.08e+07 8.49e-04  1.53e+05   113s
  13   1.92028171e+09 -4.15989507e+10  1.01e+07 3.03e-03  1.39e+05   116s
  14   1.53401778e+09 -3.11670043e+10  7.66e+06 2.20e-03  1.06e+05   120s
  486476    1.3900119e+08   0.000000e+00   6.833032e+05   8550s
  15   1.23744031e+09 -9.00813412e+09  6.80e+06 5.57e-03  9.31e+04   122s
  16   1.02732942e+09 -1.89026421e+09  5.98e+06 4.37e-03  8.38e+04   125s
  17   6.68243812e+08  3.43751667e+09  4.67e+06 3.67e-03  6.53e+04   128s
  486576    1.3900116e+08   0.000000e+00   1.127561e+07   8558s
  18   6.19576549e+08  9.67435487e+09  4.55e+06 2.52e-03  6.34e+04   131s
  19   4.29318175e+08  2.20332468e+10  3.90e+06 2.90e-03  5.44e+04   133s
  20   2.55403341e+08  4.38918556e+10  3.34e+06 1.64e-03  4.83e+04   136s
  21   1.99956396e+08  6.82427039e+10  3.05e+06 1.61e-03  4.55e+04   139s
  22   1.45238022e+08  9.15236753e+10  2.84e+06 2.34e-03  4.32e+04   142s
  486766    1.3900109e+08   0.000000e+00   6.603105e+05   8573s
  23   1.32475043e+08  1.42765592e+11  2.72e+06 1.38e-06  4.42e+04   146s
  24   1.04591558e+08  2.04247728e+11  2.54e+06 1.40e-06  4.30e+04   149s
  486866    1.3900106e+08   0.000000e+00   6.578084e+05   8582s
  25   4.01731641e+07  3.31182946e+11  2.07e+06 3.54e-09  3.24e+04   152s
  26   2.53176331e+07  4.66612843e+11  1.97e+06 2.19e-08  3.03e+04   154s
  27   1.75516827e+07  8.44650942e+11  1.91e+06 1.15e-07  3.13e+04   158s
  28   1.28619038e+07  1.59794388e+12  1.87e+06 6.51e-08  3.37e+04   160s
  29   1.10107548e+07  2.48163143e+12  1.86e+06 2.70e-08  3.67e+04   162s
Waiting for other threads to finish...       10772s
  30   9.55965318e+06  3.09339825e+12  1.85e+06 1.15e-06  3.69e+04   165s
  31   9.02779764e+06  4.18534457e+12  1.84e+06 9.41e-07  4.06e+04   167s
  487076    1.3900100e+08   0.000000e+00   6.493612e+05   8597s
  32   8.63387695e+06  4.90665116e+12  1.84e+06 3.61e-07  4.24e+04   170s
Waiting for other threads to finish...        9411s
  33   7.72906307e+06  6.43047585e+12  1.83e+06 7.00e-07  4.44e+04   173s
  34   7.38373216e+06  8.99496232e+12  1.83e+06 1.35e-06  5.13e+04   175s
  487176    1.3900096e+08   0.000000e+00   6.731172e+05   8606s
  35   7.11721591e+06  1.10067996e+13  1.82e+06 1.11e-06  5.57e+04   177s

Barrier performed 35 iterations in 177.39 seconds (134.71 work units)
Numerical trouble encountered

Model may be infeasible or unbounded.  Consider using the
homogeneous algorithm (through parameter 'BarHomogeneous')

  487276    1.3900096e+08   0.000000e+00   6.714050e+05   8614s
  487386    1.3900093e+08   0.000000e+00   6.001304e+05   8623s
  487496    1.3900089e+08   0.000000e+00   4.984019e+05   8631s
  487666    1.3900077e+08   0.000000e+00   3.621502e+06   8646s
Waiting for other threads to finish...       10836s
  487836    1.3900066e+08   0.000000e+00   2.101637e+07   8662s
Waiting for other threads to finish...        9474s
Waiting for other threads to finish...         241s
  488006    1.3900059e+08   0.000000e+00   4.793015e+05   8677s
  488116    1.3900054e+08   0.000000e+00   4.742616e+05   8684s
  488236    1.3900050e+08   0.000000e+00   4.663468e+05   8693s
  488356    1.3900047e+08   0.000000e+00   4.529279e+05   8700s
  488476    1.3900044e+08   0.000000e+00   4.837950e+06   8708s
  488576    1.3900039e+08   0.000000e+00   4.865916e+06   8716s
Waiting for other threads to finish...       10899s
  488676    1.3900034e+08   0.000000e+00   7.562589e+06   8724s
Waiting for other threads to finish...        9538s
Waiting for other threads to finish...         304s
  488846    1.3900023e+08   0.000000e+00   4.053748e+05   8739s
  488946    1.3900019e+08   0.000000e+00   3.595855e+05   8747s
  489056    1.3900014e+08   0.000000e+00   7.019283e+06   8755s
  489156    1.3900011e+08   0.000000e+00   5.931276e+06   8762s
  489256    1.3900007e+08   0.000000e+00   4.061323e+05   8771s
  489356    1.3900002e+08   0.000000e+00   3.644701e+05   8779s
Waiting for other threads to finish...       10962s
Waiting for other threads to finish...        9601s
  489536    1.3899991e+08   0.000000e+00   2.717814e+05   8794s
Waiting for other threads to finish...         368s
  489646    1.3899989e+08   0.000000e+00   2.685161e+05   8801s
  489756    1.3899987e+08   0.000000e+00   4.055977e+06   8809s
  489876    1.3899986e+08   0.000000e+00   2.869877e+05   8817s
  489986    1.3899983e+08   0.000000e+00   2.753718e+05   8824s
  490106    1.3899981e+08   0.000000e+00   2.761319e+05   8832s
  490216    1.3899974e+08   0.000000e+00   2.661845e+05   8840s
Waiting for other threads to finish...       11025s
  490326    1.3899972e+08   0.000000e+00   2.620734e+05   8848s
Waiting for other threads to finish...        9664s
  490456    1.3899969e+08   0.000000e+00   2.270924e+05   8857s
Waiting for other threads to finish...         431s
  490606    1.3899963e+08   0.000000e+00   2.228745e+05   8866s
  490756    1.3899956e+08   0.000000e+00   2.211804e+05   8876s
  490916    1.3899952e+08   0.000000e+00   2.084851e+05   8886s
  491066    1.3899951e+08   0.000000e+00   2.012663e+05   8895s
  491216    1.3899942e+08   0.000000e+00   2.136272e+05   8904s
Waiting for other threads to finish...       11088s
  491366    1.3899932e+08   0.000000e+00   2.307665e+05   8914s
Waiting for other threads to finish...        9727s
Waiting for other threads to finish...         494s
  491516    1.3899925e+08   0.000000e+00   2.812109e+07   8930s
  491636    1.3899920e+08   0.000000e+00   3.426877e+07   8945s
  491776    1.3899915e+08   0.000000e+00   2.834872e+07   8960s
Waiting for other threads to finish...       11151s
  491916    1.3899912e+08   0.000000e+00   2.795314e+07   8976s
Waiting for other threads to finish...        9790s
  492046    1.3899904e+08   0.000000e+00   1.662743e+05   8984s
Waiting for other threads to finish...         557s
  492196    1.3899891e+08   0.000000e+00   1.644779e+05   8994s
  492316    1.3899888e+08   0.000000e+00   8.156549e+06   9002s
  492456    1.3899885e+08   0.000000e+00   1.681233e+05   9011s
  492606    1.3899871e+08   0.000000e+00   1.683953e+05   9021s
  492726    1.3899868e+08   0.000000e+00   1.211056e+07   9029s
Waiting for other threads to finish...       11215s
  492866    1.3899852e+08   0.000000e+00   1.433217e+05   9039s
Waiting for other threads to finish...        9854s
  492986    1.3899840e+08   0.000000e+00   1.672936e+05   9047s
Waiting for other threads to finish...         620s
  493096    1.3899836e+08   0.000000e+00   1.625692e+05   9056s
  493206    1.3899835e+08   0.000000e+00   8.368301e+06   9064s
  493366    1.3899831e+08   0.000000e+00   7.167864e+05   9082s
  493526    1.3899830e+08   0.000000e+00   1.837421e+05   9098s
Waiting for other threads to finish...       11278s
Waiting for other threads to finish...        9917s
Waiting for other threads to finish...         683s
  493746    1.3899821e+08   0.000000e+00   1.114572e+07   9114s
  493866    1.3899815e+08   0.000000e+00   2.199150e+05   9122s
  493986    1.3899807e+08   0.000000e+00   2.092214e+05   9131s
  494126    1.3899798e+08   0.000000e+00   2.277418e+05   9140s
  494246    1.3899792e+08   0.000000e+00   3.414782e+05   9148s
  494356    1.3899784e+08   0.000000e+00   1.993846e+07   9157s
Waiting for other threads to finish...       11341s
  494466    1.3899779e+08   0.000000e+00   3.020870e+05   9165s
Waiting for other threads to finish...        9980s
  494566    1.3899770e+08   0.000000e+00   3.123717e+05   9172s
Waiting for other threads to finish...         747s
  494756    1.3899759e+08   0.000000e+00   9.502802e+06   9188s
  494946    1.3899752e+08   0.000000e+00   4.616282e+05   9203s
  495046    1.3899751e+08   0.000000e+00   1.452407e+07   9211s
Waiting for other threads to finish...       11404s
  495236    1.3899746e+08   0.000000e+00   3.362273e+05   9226s
Waiting for other threads to finish...       10043s
Waiting for other threads to finish...         810s
  495416    1.3899735e+08   0.000000e+00   2.812435e+05   9242s
  495586    1.3899726e+08   0.000000e+00   1.276035e+07   9258s
  495766    1.3899716e+08   0.000000e+00   8.749210e+06   9274s
Waiting for other threads to finish...       11467s
  495936    1.3899708e+08   0.000000e+00   6.715955e+06   9290s
Waiting for other threads to finish...       10106s
Waiting for other threads to finish...         873s
  496096    1.3899700e+08   0.000000e+00   2.326319e+05   9306s
  496266    1.3899696e+08   0.000000e+00   1.467323e+05   9321s
  496446    1.3899695e+08   0.000000e+00   1.660894e+05   9337s
  496546    1.3899695e+08   0.000000e+00   8.763376e+04   9345s
Waiting for other threads to finish...       11530s
  496646    1.3899695e+08   0.000000e+00   1.073180e+05   9353s
Waiting for other threads to finish...       10169s
  496756    1.3899693e+08   0.000000e+00   7.376914e+04   9362s
Waiting for other threads to finish...         936s
  496876    1.3899687e+08   0.000000e+00   9.308609e+04   9370s
  497006    1.3899679e+08   0.000000e+00   1.014125e+05   9379s
  497146    1.3899672e+08   0.000000e+00   1.318779e+06   9388s
  497296    1.3899668e+08   0.000000e+00   8.223024e+06   9404s
Waiting for other threads to finish...       11594s
  497456    1.3899664e+08   0.000000e+00   1.030821e+07   9419s
Waiting for other threads to finish...       10233s
Waiting for other threads to finish...         999s
  497686    1.3899653e+08   0.000000e+00   1.117958e+05   9436s
  497796    1.3899649e+08   0.000000e+00   1.453276e+07   9444s
  497956    1.3899648e+08   0.000000e+00   1.146067e+05   9461s
  498056    1.3899647e+08   0.000000e+00   6.845303e+06   9469s
  498166    1.3899646e+08   0.000000e+00   1.145500e+05   9477s
Waiting for other threads to finish...       11657s
  498276    1.3899646e+08   0.000000e+00   8.368800e+04   9484s
Waiting for other threads to finish...       10296s
Waiting for other threads to finish...        1062s
  498436    1.3899645e+08   0.000000e+00   6.943892e+04   9499s
  498586    1.3899645e+08   0.000000e+00   4.019381e+04   9514s
  498816    1.3899644e+08   0.000000e+00   3.851092e+04   9530s
  498966    1.3899643e+08   0.000000e+00   3.905818e+04   9540s
Waiting for other threads to finish...       11720s
  499116    1.3899642e+08   0.000000e+00   3.953982e+04   9549s
Waiting for other threads to finish...       10359s
Waiting for other threads to finish...        1126s
  499256    1.3899641e+08   0.000000e+00   3.911575e+04   9559s
  499386    1.3899640e+08   0.000000e+00   6.790119e+04   9568s
  499526    1.3899640e+08   0.000000e+00   6.997214e+04   9577s
  499676    1.3899638e+08   0.000000e+00   5.183048e+04   9586s
  499796    1.3899637e+08   0.000000e+00   6.675738e+04   9595s
  499916    1.3899636e+08   0.000000e+00   5.339232e+04   9603s
Waiting for other threads to finish...       11783s
  500036    1.3899636e+08   0.000000e+00   4.783147e+04   9610s
Waiting for other threads to finish...       10422s
  500146    1.3899635e+08   0.000000e+00   4.711867e+04   9618s
Waiting for other threads to finish...        1189s
  500336    1.3899634e+08   0.000000e+00   4.519959e+04   9634s
  500466    1.3899633e+08   0.000000e+00   4.593250e+04   9642s
  500586    1.3899633e+08   0.000000e+00   4.665162e+04   9650s
  500706    1.3899632e+08   0.000000e+00   4.737866e+04   9657s
  500826    1.3899632e+08   0.000000e+00   4.802589e+04   9665s
Waiting for other threads to finish...       11846s
  500956    1.3899632e+08   0.000000e+00   4.868667e+04   9673s
Waiting for other threads to finish...       10485s
  501076    1.3899631e+08   0.000000e+00   4.011924e+04   9681s
Waiting for other threads to finish...        1252s
  501226    1.3899631e+08   0.000000e+00   3.819591e+04   9691s
  501386    1.3899631e+08   0.000000e+00   4.178441e+04   9700s
  501536    1.3899630e+08   0.000000e+00   3.868109e+04   9710s
  501686    1.3899629e+08   0.000000e+00   4.499771e+04   9719s
  501816    1.3899629e+08   0.000000e+00   4.571155e+04   9728s
Waiting for other threads to finish...       11910s
  501936    1.3899628e+08   0.000000e+00   3.881524e+04   9736s
Waiting for other threads to finish...       10548s
  502056    1.3899628e+08   0.000000e+00   3.747241e+04   9745s
Waiting for other threads to finish...        1315s
  502166    1.3899628e+08   0.000000e+00   3.712415e+04   9752s
  502276    1.3899627e+08   0.000000e+00   3.570719e+04   9760s
  502396    1.3899627e+08   0.000000e+00   3.935964e+04   9769s
  502496    1.3899626e+08   0.000000e+00   3.969310e+04   9777s
  502666    1.3899626e+08   0.000000e+00   4.915008e+05   9793s
Waiting for other threads to finish...       11973s
Waiting for other threads to finish...       10612s
Waiting for other threads to finish...        1378s
  502796    1.3899626e+08   0.000000e+00   3.904614e+06   9808s
  502996    1.3899625e+08   0.000000e+00   4.216895e+04   9824s
  503116    1.3899624e+08   0.000000e+00   3.805879e+04   9832s
  503306    1.3899623e+08   0.000000e+00   3.716006e+06   9849s
Waiting for other threads to finish...       12036s
  503516    1.3899623e+08   0.000000e+00   4.074566e+04   9865s
Waiting for other threads to finish...       10675s
Waiting for other threads to finish...        1441s
  503636    1.3899622e+08   0.000000e+00   4.043081e+04   9873s
  503786    1.3899621e+08   0.000000e+00   8.327156e+04   9890s
  503936    1.3899621e+08   0.000000e+00   3.890418e+04   9906s
Waiting for other threads to finish...       12099s
  504126    1.3899620e+08   0.000000e+00   4.057464e+04   9922s
Waiting for other threads to finish...       10738s
  504246    1.3899620e+08   0.000000e+00   4.038788e+04   9930s
Waiting for other threads to finish...        1505s
  504346    1.3899620e+08   0.000000e+00   4.661791e+04   9938s
  504536    1.3899620e+08   0.000000e+00   9.438573e+03   9954s
  504656    1.3899620e+08   0.000000e+00   9.731962e+03   9963s
  504766    1.3899620e+08   0.000000e+00   9.958856e+03   9970s
  504886    1.3899620e+08   0.000000e+00   9.547663e+03   9979s
Waiting for other threads to finish...       12162s
  505016    1.3899620e+08   0.000000e+00   1.000849e+04   9988s
Waiting for other threads to finish...       10801s
  505126    1.3899620e+08   0.000000e+00   9.738459e+03   9997s
Waiting for other threads to finish...        1568s
  505246    1.3899620e+08   0.000000e+00   9.168877e+03  10006s
  505376    1.3899619e+08   0.000000e+00   1.013099e+04  10015s
  505526    1.3899619e+08   0.000000e+00   8.906988e+03  10024s
  505636    1.3899619e+08   0.000000e+00   8.804847e+03  10033s
  505746    1.3899619e+08   0.000000e+00   8.902416e+03  10042s
Waiting for other threads to finish...       12225s
  505866    1.3899619e+08   0.000000e+00   9.278918e+03  10051s
Waiting for other threads to finish...       10864s
  505966    1.3899619e+08   0.000000e+00   9.431695e+03  10059s
Waiting for other threads to finish...        1631s
  506096    1.3899619e+08   0.000000e+00   8.404800e+03  10068s
  506206    1.3899619e+08   0.000000e+00   8.216372e+03  10077s
  506336    1.3899617e+08   0.000000e+00   8.512461e+03  10085s
  506446    1.3899617e+08   0.000000e+00   8.530449e+03  10095s
  506586    1.3899617e+08   0.000000e+00   8.505000e+03  10104s
Waiting for other threads to finish...       12289s
  506696    1.3899617e+08   0.000000e+00   8.338821e+03  10113s
Waiting for other threads to finish...       10927s
  506856    1.3899617e+08   0.000000e+00   7.862329e+03  10122s
Waiting for other threads to finish...        1694s
  507016    1.3899617e+08   0.000000e+00   7.600963e+03  10132s
  507166    1.3899617e+08   0.000000e+00   7.528241e+03  10141s
  507316    1.3899617e+08   0.000000e+00   7.406296e+03  10151s
  507426    1.3899617e+08   0.000000e+00   7.505233e+03  10160s
  507536    1.3899616e+08   0.000000e+00   8.476011e+03  10169s
Waiting for other threads to finish...       12352s
  507666    1.3899616e+08   0.000000e+00   7.556826e+03  10177s
Waiting for other threads to finish...       10991s
  507816    1.3899616e+08   0.000000e+00   6.951341e+03  10186s
Waiting for other threads to finish...        1757s
  507966    1.3899616e+08   0.000000e+00   6.822396e+03  10195s
  508106    1.3899616e+08   0.000000e+00   6.743814e+03  10204s
  508246    1.3899616e+08   0.000000e+00   6.749688e+03  10212s
  508366    1.3899616e+08   0.000000e+00   1.008358e+04  10222s
  508496    1.3899615e+08   0.000000e+00   9.884954e+03  10231s
Waiting for other threads to finish...       12415s
  508636    1.3899614e+08   0.000000e+00   9.865332e+03  10240s
Waiting for other threads to finish...       11054s
  508776    1.3899614e+08   0.000000e+00   9.925152e+03  10250s
Waiting for other threads to finish...        1820s
  508916    1.3899613e+08   0.000000e+00   1.005200e+04  10259s
  509056    1.3899613e+08   0.000000e+00   9.802398e+03  10268s
  509196    1.3899612e+08   0.000000e+00   9.504167e+03  10278s
  509346    1.3899612e+08   0.000000e+00   3.613307e+07  10286s
  509486    1.3899611e+08   0.000000e+00   1.579762e+04  10296s
Waiting for other threads to finish...       12478s
  509596    1.3899611e+08   0.000000e+00   1.608215e+04  10305s
Waiting for other threads to finish...       11117s
Waiting for other threads to finish...        1884s
  509736    1.3899611e+08   0.000000e+00   1.400970e+04  10314s
  509876    1.3899610e+08   0.000000e+00   9.874109e+03  10323s
  510036    1.3899609e+08   0.000000e+00   9.957949e+03  10333s
  510196    1.3899609e+08   0.000000e+00   1.004799e+04  10342s
  510356    1.3899607e+08   0.000000e+00   1.058903e+04  10352s
  510506    1.3899607e+08   0.000000e+00   1.045718e+04  10361s
Waiting for other threads to finish...       12541s
  510656    1.3899604e+08   0.000000e+00   1.041872e+04  10371s
Waiting for other threads to finish...       11180s
Waiting for other threads to finish...        1947s
  510806    1.3899603e+08   0.000000e+00   1.003000e+04  10380s
  510966    1.3899602e+08   0.000000e+00   1.051289e+04  10389s
  511126    1.3899601e+08   0.000000e+00   1.063368e+04  10399s
  511286    1.3899600e+08   0.000000e+00   1.075589e+04  10409s
  511446    1.3899598e+08   0.000000e+00   1.086820e+04  10418s
Waiting for other threads to finish...       12604s
  511606    1.3899597e+08   0.000000e+00   1.102846e+04  10428s
Waiting for other threads to finish...       11243s
  511766    1.3899597e+08   0.000000e+00   1.063161e+04  10438s
Waiting for other threads to finish...        2010s
  511926    1.3899596e+08   0.000000e+00   1.068528e+04  10448s
  512086    1.3899595e+08   0.000000e+00   1.074767e+04  10457s
  512246    1.3899595e+08   0.000000e+00   1.053155e+04  10467s
  512406    1.3899594e+08   0.000000e+00   1.057121e+04  10477s
  512566    1.3899591e+08   0.000000e+00   1.065160e+04  10486s
Waiting for other threads to finish...       12668s
  512716    1.3899589e+08   0.000000e+00   9.710285e+03  10495s
Waiting for other threads to finish...       11306s
Waiting for other threads to finish...        2073s
  512866    1.3899589e+08   0.000000e+00   7.890127e+03  10505s
  512996    1.3899588e+08   0.000000e+00   8.411299e+03  10514s
  513096    1.3899588e+08   0.000000e+00   8.036221e+03  10523s
  513236    1.3899588e+08   0.000000e+00   8.191402e+03  10532s
  513346    1.3899588e+08   0.000000e+00   8.377563e+03  10540s
  513466    1.3899588e+08   0.000000e+00   8.207061e+03  10549s
Waiting for other threads to finish...       12731s
  513606    1.3899587e+08   0.000000e+00   7.869701e+03  10559s
Waiting for other threads to finish...       11370s
Waiting for other threads to finish...        2136s
  513726    1.3899585e+08   0.000000e+00   1.252693e+04  10567s
  513866    1.3899583e+08   0.000000e+00   1.158319e+04  10577s
  513996    1.3899583e+08   0.000000e+00   1.086580e+04  10585s
  514126    1.3899583e+08   0.000000e+00   1.097335e+04  10595s
  514246    1.3899583e+08   0.000000e+00   1.074765e+04  10603s
  514376    1.3899583e+08   0.000000e+00   1.089379e+04  10612s
Waiting for other threads to finish...       12794s
  514496    1.3899583e+08   0.000000e+00   1.427616e+04  10621s
Waiting for other threads to finish...       11433s
Waiting for other threads to finish...        2199s
  514706    1.3899583e+08   0.000000e+00   1.201063e+04  10636s
  514826    1.3899583e+08   0.000000e+00   1.201063e+04  10644s
  514946    1.3899583e+08   0.000000e+00   1.201063e+04  10652s
  515066    1.3899583e+08   0.000000e+00   1.201071e+04  10660s
  515186    1.3899583e+08   0.000000e+00   1.201071e+04  10668s
  515306    1.3899583e+08   0.000000e+00   1.204868e+04  10676s
Waiting for other threads to finish...       12857s
  515426    1.3899583e+08   0.000000e+00   1.204819e+04  10684s
Waiting for other threads to finish...       11496s
  515546    1.3899583e+08   0.000000e+00   1.201962e+04  10692s
Waiting for other threads to finish...        2263s
  515716    1.3899582e+08   0.000000e+00   1.602218e+04  10707s
  515896    1.3899582e+08   0.000000e+00   9.950878e+03  10722s
  516106    1.3899582e+08   0.000000e+00   5.820666e+03  10729s
  516246    1.3899581e+08   0.000000e+00   5.773103e+03  10739s
Waiting for other threads to finish...       12920s
  516396    1.3899580e+08   0.000000e+00   4.902272e+03  10748s
Waiting for other threads to finish...       11559s
Waiting for other threads to finish...        2326s
  516526    1.3899580e+08   0.000000e+00   5.243150e+03  10757s
  516716    1.3899580e+08   0.000000e+00   4.836961e+03  10766s
  516906    1.3899580e+08   0.000000e+00   4.735123e+03  10775s
  517046    1.3899580e+08   0.000000e+00   4.664577e+03  10784s
  517186    1.3899580e+08   0.000000e+00   4.912987e+03  10794s
  517306    1.3899580e+08   0.000000e+00   4.758007e+03  10802s
Waiting for other threads to finish...       12984s
  517476    1.3899580e+08   0.000000e+00   4.724060e+03  10812s
Waiting for other threads to finish...       11622s
  517896    1.3899579e+08   0.000000e+00   4.586953e+03  10817s
Waiting for other threads to finish...        2389s
  518116    1.3899579e+08   0.000000e+00   4.463991e+03  10826s
  518496    1.3899578e+08   0.000000e+00   4.260712e+03  10832s
  518976    1.3899578e+08   0.000000e+00   4.052111e+03  10837s
  519136    1.3899575e+08   0.000000e+00   4.035589e+03  10846s
  519287    1.3899572e+08   0.000000e+00   4.027121e+03  10855s
  519447    1.3899570e+08   0.000000e+00   2.944211e+04  10865s
Waiting for other threads to finish...       13047s
  519568    1.3899569e+08   0.000000e+00   2.942965e+04  10873s
Waiting for other threads to finish...       11686s
  519670    1.3899567e+08   0.000000e+00   3.930275e+04  10881s
Waiting for other threads to finish...        2452s
  519770    1.3899565e+08   0.000000e+00   2.951471e+04  10889s
  519871    1.3899563e+08   0.000000e+00   2.920480e+04  10897s
  519972    1.3899560e+08   0.000000e+00   2.916898e+04  10905s
  520072    1.3899558e+08   0.000000e+00   2.896108e+04  10913s
  520202    1.3899553e+08   0.000000e+00   2.886148e+04  10921s
  520322    1.3899551e+08   0.000000e+00   2.965226e+04  10929s
Waiting for other threads to finish...       13110s
  520433    1.3899549e+08   0.000000e+00   2.983872e+04  10937s
Waiting for other threads to finish...       11749s
Waiting for other threads to finish...        2515s
  520634    1.3899548e+08   0.000000e+00   2.947565e+03  10953s
  520784    1.3899548e+08   0.000000e+00   2.890505e+03  10960s
  520904    1.3899548e+08   0.000000e+00   2.896426e+03  10968s
  521064    1.3899548e+08   0.000000e+00   2.770781e+03  10976s
  521194    1.3899547e+08   0.000000e+00   2.860710e+03  10984s
  521304    1.3899547e+08   0.000000e+00   2.875627e+03  10993s
Waiting for other threads to finish...       13173s
  521414    1.3899547e+08   0.000000e+00   2.828873e+03  11000s
Waiting for other threads to finish...       11812s
  521594    1.3899547e+08   0.000000e+00   2.702307e+03  11008s
Waiting for other threads to finish...        2578s
  521714    1.3899547e+08   0.000000e+00   7.214442e+03  11016s
  521844    1.3899547e+08   0.000000e+00   5.245080e+03  11023s
  521997    1.3899546e+08   0.000000e+00   4.866990e+03  11033s
  522147    1.3899544e+08   0.000000e+00   4.824875e+03  11042s
  522298    1.3899542e+08   0.000000e+00   4.817032e+03  11051s
Waiting for other threads to finish...       13236s
  522450    1.3899539e+08   0.000000e+00   4.806616e+03  11060s
Waiting for other threads to finish...       11875s
  522610    1.3899537e+08   0.000000e+00   4.340703e+03  11070s
Waiting for other threads to finish...        2642s
  522760    1.3899535e+08   0.000000e+00   4.488795e+03  11078s
  522910    1.3899533e+08   0.000000e+00   4.569852e+03  11087s
  523060    1.3899530e+08   0.000000e+00   4.672264e+03  11097s
  523212    1.3899529e+08   0.000000e+00   4.785230e+03  11106s
  523315    1.3899528e+08   0.000000e+00   4.847233e+03  11114s
Waiting for other threads to finish...       13299s
  523435    1.3899527e+08   0.000000e+00   2.873981e+03  11124s
Waiting for other threads to finish...       11938s
  523545    1.3899526e+08   0.000000e+00   2.872677e+03  11132s
Waiting for other threads to finish...        2705s
  523775    1.3899526e+08   0.000000e+00   2.769133e+03  11139s
  524255    1.3899526e+08   0.000000e+00   2.711712e+03  11143s
  524785    1.3899525e+08   0.000000e+00   2.734146e+03  11147s
  526105    1.3899523e+08   0.000000e+00   3.274373e+03  11151s
  527345    1.3899521e+08   0.000000e+00   3.609233e+03  11157s
  527935    1.3899520e+08   0.000000e+00   3.496190e+03  11160s
  528175    1.3899520e+08   0.000000e+00   3.376197e+03  11169s
  528485    1.3899519e+08   0.000000e+00   3.066932e+03  11175s
  528715    1.3899519e+08   0.000000e+00   2.940527e+03  11183s
Waiting for other threads to finish...       13363s
  529135    1.3899519e+08   0.000000e+00   2.672579e+03  11189s
Waiting for other threads to finish...       12001s
  529475    1.3899519e+08   0.000000e+00   2.504420e+03  11196s
Waiting for other threads to finish...        2768s
  529685    1.3899518e+08   0.000000e+00   2.471795e+03  11204s
  529975    1.3899517e+08   0.000000e+00   2.407200e+03  11210s
  530285    1.3899517e+08   0.000000e+00   2.419416e+03  11217s
  531345    1.3899517e+08   0.000000e+00   2.004376e+03  11224s
  531555    1.3899517e+08   0.000000e+00   1.958672e+03  11233s
  531795    1.3899516e+08   0.000000e+00   1.960907e+03  11240s
Waiting for other threads to finish...       13426s
  532065    1.3899516e+08   0.000000e+00   1.813993e+03  11248s
  532385    1.3899516e+08   0.000000e+00   1.769858e+03  11255s
Waiting for other threads to finish...       12065s
Waiting for other threads to finish...        2831s
  532515    1.3899514e+08   0.000000e+00   1.558251e+03  11264s
  532705    1.3899513e+08   0.000000e+00   1.236019e+07  11273s
  532835    1.3899512e+08   0.000000e+00   4.350689e+03  11281s
  532935    1.3899511e+08   0.000000e+00   3.969463e+03  11288s
  533165    1.3899511e+08   0.000000e+00   1.261156e+03  11295s
  533415    1.3899510e+08   0.000000e+00   1.237830e+03  11301s
  533535    1.3899509e+08   0.000000e+00   1.276832e+03  11309s
Waiting for other threads to finish...       13489s
  533955    1.3899509e+08   0.000000e+00   1.132963e+03  11314s
Waiting for other threads to finish...       12128s
  534105    1.3899509e+08   0.000000e+00   1.117385e+03  11322s
Waiting for other threads to finish...        2894s
  534205    1.3899509e+08   0.000000e+00   1.119329e+03  11330s
  534315    1.3899509e+08   0.000000e+00   1.234323e+03  11338s
  534425    1.3899509e+08   0.000000e+00   1.174518e+03  11346s
  534535    1.3899509e+08   0.000000e+00   1.385092e+03  11354s
  534655    1.3899509e+08   0.000000e+00   1.440955e+03  11363s
  534785    1.3899509e+08   0.000000e+00   1.309808e+03  11371s
Waiting for other threads to finish...       13552s
  534925    1.3899509e+08   0.000000e+00   1.172152e+03  11380s
Waiting for other threads to finish...       12191s
Waiting for other threads to finish...        2957s
  535055    1.3899509e+08   0.000000e+00   1.234508e+03  11389s
  535185    1.3899509e+08   0.000000e+00   1.079688e+03  11397s
  535325    1.3899509e+08   0.000000e+00   1.215752e+03  11406s
  535455    1.3899509e+08   0.000000e+00   1.107511e+03  11415s
  535585    1.3899509e+08   0.000000e+00   1.096210e+03  11423s
  535705    1.3899509e+08   0.000000e+00   1.289465e+03  11432s
Waiting for other threads to finish...       13615s
  535825    1.3899509e+08   0.000000e+00   1.107526e+03  11440s
Waiting for other threads to finish...       12254s
  535955    1.3899509e+08   0.000000e+00   1.154914e+03  11449s
Waiting for other threads to finish...        3021s
  536085    1.3899509e+08   0.000000e+00   1.195578e+03  11458s
  536215    1.3899509e+08   0.000000e+00   1.698303e+03  11466s
  536345    1.3899508e+08   0.000000e+00   1.110652e+03  11475s
  536485    1.3899508e+08   0.000000e+00   1.128148e+03  11484s
  536625    1.3899508e+08   0.000000e+00   1.065898e+03  11493s
Waiting for other threads to finish...       13679s
  536745    1.3899507e+08   0.000000e+00   1.067882e+03  11502s
Waiting for other threads to finish...       12317s
  536945    1.3899507e+08   0.000000e+00   9.495996e+02  11510s
Waiting for other threads to finish...        3084s
  537085    1.3899507e+08   0.000000e+00   1.129627e+03  11518s
  537225    1.3899507e+08   0.000000e+00   9.265773e+02  11527s
  537365    1.3899507e+08   0.000000e+00   9.076276e+02  11536s
  537565    1.3899507e+08   0.000000e+00   8.886153e+02  11545s
  537725    1.3899507e+08   0.000000e+00   8.668714e+02  11554s
  537885    1.3899507e+08   0.000000e+00   8.511458e+02  11563s
Waiting for other threads to finish...       13742s
Waiting for other threads to finish...       12380s
  538045    1.3899507e+08   0.000000e+00   8.354007e+02  11573s
Waiting for other threads to finish...        3147s
  538205    1.3899507e+08   0.000000e+00   8.316759e+02  11582s
  538345    1.3899505e+08   0.000000e+00   8.460743e+02  11590s
  538525    1.3899505e+08   0.000000e+00   8.889268e+02  11598s
  538695    1.3899505e+08   0.000000e+00   6.494632e+06  11607s
  538865    1.3899505e+08   0.000000e+00   1.498925e+07  11616s
  539045    1.3899505e+08   0.000000e+00   1.048784e+07  11626s
Waiting for other threads to finish...       13805s
Waiting for other threads to finish...       12444s
  539255    1.3899505e+08   0.000000e+00   1.048758e+07  11635s
Waiting for other threads to finish...        3210s
  539455    1.3899505e+08   0.000000e+00   1.048805e+07  11645s
  540075    1.3899505e+08   0.000000e+00   1.048775e+07  11647s
  540405    1.3899504e+08   0.000000e+00   6.830210e+02  11652s
  540775    1.3899504e+08   0.000000e+00   6.521533e+02  11657s
  541885    1.3899503e+08   0.000000e+00   5.388175e+02  11663s
  542535    1.3899503e+08   0.000000e+00   5.047882e+02  11666s
  544205    1.3899502e+08   0.000000e+00   3.892919e+02  11678s
  544425    1.3899502e+08   0.000000e+00   3.561180e+02  11685s
Waiting for other threads to finish...       13868s
  544785    1.3899502e+08   0.000000e+00   3.204034e+02  11692s
  545205    1.3899502e+08   0.000000e+00   2.916822e+02  11696s
Waiting for other threads to finish...       12507s
  545685    1.3899502e+08   0.000000e+00   2.654127e+02  11701s
Waiting for other threads to finish...        3274s
  546895    1.3899500e+08   0.000000e+00   1.607680e+02  11707s
  547315    1.3899499e+08   0.000000e+00   1.201286e+02  11712s
  547595    1.3899499e+08   0.000000e+00   8.681228e+01  11720s
  547785    1.3899499e+08   0.000000e+00   7.956259e+01  11728s
  548135    1.3899499e+08   0.000000e+00   5.611054e+01  11734s
  548365    1.3899499e+08   0.000000e+00   3.998183e+01  11742s
  548535    1.3899499e+08   0.000000e+00   3.437731e+01  11750s
Waiting for other threads to finish...       13931s
  548665    1.3899499e+08   0.000000e+00   3.230113e+01  11759s
Waiting for other threads to finish...       12570s
Waiting for other threads to finish...        3337s
  548785    1.3899498e+08   0.000000e+00   4.930916e+06  11767s
  548905    1.3899498e+08   0.000000e+00   4.930933e+06  11775s
  549145    1.3899497e+08   0.000000e+00   4.407035e+01  11792s
  549265    1.3899496e+08   0.000000e+00   2.533148e+01  11800s
  549375    1.3899496e+08   0.000000e+00   2.302150e+01  11809s
Waiting for other threads to finish...       13994s
  549475    1.3899495e+08   0.000000e+00   2.007719e+01  11818s
Waiting for other threads to finish...       12633s
  549615    1.3899494e+08   0.000000e+00   5.686972e+06  11826s
Waiting for other threads to finish...        3400s
  549735    1.3899493e+08   0.000000e+00   1.731619e+01  11834s
  549855    1.3899493e+08   0.000000e+00   2.114707e+01  11842s
  550005    1.3899493e+08   0.000000e+00   1.785370e+01  11850s
  550165    1.3899493e+08   0.000000e+00   1.638774e+01  11858s
  550265    1.3899493e+08   0.000000e+00   1.667163e+01  11866s
  550425    1.3899493e+08   0.000000e+00   1.516266e+01  11873s
Waiting for other threads to finish...       14058s
Waiting for other threads to finish...       12696s
  550595    1.3899493e+08   0.000000e+00   1.495004e+01  11889s
Waiting for other threads to finish...        3463s
  550885    1.3899493e+08   0.000000e+00   1.218446e+01  11896s
  551145    1.3899493e+08   0.000000e+00   1.160519e+01  11903s
  551425    1.3899493e+08   0.000000e+00   9.567462e+00  11909s
  551545    1.3899493e+08   0.000000e+00   7.954864e+00  11917s
  551695    1.3899493e+08   0.000000e+00   7.288532e+00  11925s
  552165    1.3899493e+08   0.000000e+00   5.997612e+00  11929s
  552685    1.3899493e+08   0.000000e+00   5.427792e+00  11933s
  553235    1.3899493e+08   0.000000e+00   5.258458e+00  11935s
  553565    1.3899493e+08   0.000000e+00   4.307350e+00  11942s
Waiting for other threads to finish...       14121s
  553995    1.3899493e+08   0.000000e+00   3.676957e+00  11947s
Waiting for other threads to finish...       12760s
  555265    1.3899493e+08   0.000000e+00   2.369338e+00  11953s
  555925    1.3899493e+08   0.000000e+00   2.167144e+00  11955s
Waiting for other threads to finish...        3527s
  556095    1.3899493e+08   0.000000e+00   2.080439e+00  11964s
  556245    1.3899493e+08   0.000000e+00   2.023813e+00  11973s
  556395    1.3899493e+08   0.000000e+00   1.958915e+00  11982s
  556545    1.3899492e+08   0.000000e+00   1.882988e+00  11991s
  556685    1.3899492e+08   0.000000e+00   1.825636e+00  11999s
Waiting for other threads to finish...       14184s
  556835    1.3899492e+08   0.000000e+00   1.749612e+00  12009s
Waiting for other threads to finish...       12823s
  556975    1.3899492e+08   0.000000e+00   1.704415e+00  12018s
Waiting for other threads to finish...        3590s
  557105    1.3899492e+08   0.000000e+00   1.624416e+00  12026s
  557255    1.3899492e+08   0.000000e+00   1.520346e+00  12035s
  557385    1.3899492e+08   0.000000e+00   1.458582e+00  12044s
  557525    1.3899492e+08   0.000000e+00   1.392139e+00  12053s
  557665    1.3899492e+08   0.000000e+00   1.324173e+00  12061s
Waiting for other threads to finish...       14247s
  557815    1.3899492e+08   0.000000e+00   1.254047e+00  12070s
Waiting for other threads to finish...       12886s
  557985    1.3899492e+08   0.000000e+00   1.295023e+00  12078s
Waiting for other threads to finish...        3653s
  558145    1.3899492e+08   0.000000e+00   1.108683e+00  12085s
  558295    1.3899492e+08   0.000000e+00   1.048425e+00  12095s
  558445    1.3899492e+08   0.000000e+00   9.911909e-01  12104s
  558595    1.3899492e+08   0.000000e+00   9.389994e-01  12113s
  558735    1.3899492e+08   0.000000e+00   8.868240e-01  12121s
  558915    1.3899492e+08   0.000000e+00   7.871797e-01  12130s
Waiting for other threads to finish...       14310s
