ghi;dni;dhi;temp_air;ws10
0.0;0.0;0.0;5.31;4.86
0.0;0.0;0.0;4.7;4.56
0.0;0.0;0.0;4.1;4.27
0.0;0.0;0.0;3.49;3.98
0.0;0.0;0.0;2.88;3.68
0.0;0.0;0.0;2.27;3.39
0.0;0.0;0.0;1.67;3.1
0.0;0.0;0.0;1.06;2.81
0.0;0.0;0.0;2.46;4.14
31.0;76.66;24.0;3.19;4.34
40.0;6.77;39.0;3.85;4.48
21.0;0.0;21.0;4.5;4.62
20.0;0.0;20.0;4.91;4.9
9.0;0.0;9.0;5.34;5.1
4.0;0.0;4.0;5.56;5.17
0.0;0.0;0.0;5.59;5.03
0.0;0.0;0.0;5.49;4.97
0.0;0.0;0.0;5.27;5.24
0.0;0.0;0.0;5.11;5.59
0.0;0.0;0.0;5.06;6.0
0.0;0.0;0.0;4.87;6.14
0.0;0.0;0.0;4.8;6.55
0.0;0.0;0.0;4.86;7.24
0.0;0.0;0.0;4.66;7.72
0.0;0.0;0.0;4.83;8.34
0.0;0.0;0.0;5.67;8.07
0.0;0.0;0.0;5.38;9.03
0.0;0.0;0.0;4.72;8.34
0.0;0.0;0.0;4.37;7.59
0.0;0.0;0.0;3.96;7.38
0.0;0.0;0.0;3.53;7.52
0.0;0.0;0.0;3.71;7.17
0.0;0.0;0.0;3.21;7.38
4.0;0.0;4.0;3.06;7.38
33.0;0.0;33.0;3.17;7.79
12.0;0.0;12.0;3.32;7.59
105.0;195.63;73.0;3.25;7.66
31.0;0.0;31.0;3.4;7.72
4.0;0.0;4.0;3.18;7.79
0.0;0.0;0.0;2.71;7.52
0.0;0.0;0.0;2.67;7.45
0.0;0.0;0.0;2.54;7.31
0.0;0.0;0.0;2.62;7.31
0.0;0.0;0.0;2.32;7.31
0.0;0.0;0.0;2.2;7.38
0.0;0.0;0.0;2.31;7.03
0.0;0.0;0.0;2.73;6.9
0.0;0.0;0.0;2.95;6.76
0.0;0.0;0.0;3.12;6.69
0.0;0.0;0.0;3.12;6.62
0.0;0.0;0.0;3.05;6.76
0.0;0.0;0.0;2.98;6.9
0.0;0.0;0.0;2.97;7.03
0.0;0.0;0.0;3.16;7.03
0.0;0.0;0.0;3.17;6.83
0.0;0.0;0.0;3.05;6.69
0.0;0.0;0.0;3.19;6.62
5.0;0.0;5.0;3.47;6.76
81.0;166.38;56.0;3.87;7.1
75.0;40.03;68.0;4.26;7.52
98.0;145.13;74.0;4.55;7.03
35.0;0.0;35.0;4.88;6.62
14.0;0.0;14.0;4.97;6.34
0.0;0.0;0.0;4.99;5.31
0.0;0.0;0.0;5.49;5.1
0.0;0.0;0.0;6.29;6.34
0.0;0.0;0.0;7.02;7.1
0.0;0.0;0.0;7.09;6.62
0.0;0.0;0.0;7.13;6.62
0.0;0.0;0.0;6.85;6.62
0.0;0.0;0.0;6.76;6.41
0.0;0.0;0.0;6.86;5.93
0.0;0.0;0.0;7.12;5.59
0.0;0.0;0.0;7.61;6.28
0.0;0.0;0.0;8.16;7.1
0.0;0.0;0.0;8.33;7.17
0.0;0.0;0.0;8.16;6.83
0.0;0.0;0.0;7.92;6.9
0.0;0.0;0.0;7.69;6.83
0.0;0.0;0.0;7.73;6.76
0.0;0.0;0.0;7.7;6.34
5.0;0.0;5.0;7.81;6.21
9.0;0.0;9.0;7.95;6.34
15.0;0.0;15.0;8.09;6.69
12.0;0.0;12.0;8.15;6.97
9.0;0.0;9.0;8.16;7.17
4.0;0.0;4.0;8.05;7.24
0.0;0.0;0.0;8.12;7.38
0.0;0.0;0.0;8.31;7.66
0.0;0.0;0.0;8.49;7.79
0.0;0.0;0.0;7.89;7.93
0.0;0.0;0.0;6.88;8.0
0.0;0.0;0.0;6.29;7.52
0.0;0.0;0.0;6.06;7.45
0.0;0.0;0.0;5.91;7.17
0.0;0.0;0.0;5.67;6.62
0.0;0.0;0.0;5.56;6.14
0.0;0.0;0.0;5.57;5.86
0.0;0.0;0.0;5.33;5.66
0.0;0.0;0.0;5.26;5.59
0.0;0.0;0.0;5.19;5.59
0.0;0.0;0.0;5.31;5.72
0.0;0.0;0.0;5.14;6.07
0.0;0.0;0.0;5.06;6.07
0.0;0.0;0.0;5.01;6.0
6.0;0.0;6.0;5.31;5.79
93.0;261.07;53.0;5.95;5.79
73.0;33.64;67.0;6.41;5.52
16.0;0.0;16.0;6.68;5.38
80.0;165.64;59.0;6.72;5.17
33.0;111.96;27.0;6.57;4.97
0.0;0.0;0.0;6.01;4.69
0.0;0.0;0.0;5.39;4.83
0.0;0.0;0.0;5.18;5.17
0.0;0.0;0.0;5.0;5.31
0.0;0.0;0.0;5.14;6.0
0.0;0.0;0.0;5.14;6.48
0.0;0.0;0.0;5.13;6.41
0.0;0.0;0.0;5.1;6.34
0.0;0.0;0.0;5.28;6.28
0.0;0.0;0.0;5.16;6.07
0.0;0.0;0.0;5.07;5.79
0.0;0.0;0.0;5.51;5.17
0.0;0.0;0.0;5.92;5.45
0.0;0.0;0.0;5.38;5.66
0.0;0.0;0.0;4.93;6.14
0.0;0.0;0.0;4.73;6.69
0.0;0.0;0.0;4.98;7.1
0.0;0.0;0.0;5.05;7.17
30.0;51.52;25.0;5.45;7.03
14.0;0.0;14.0;6.0;7.17
81.0;49.92;72.0;6.66;7.66
117.0;250.73;74.0;6.74;7.79
84.0;185.85;60.0;6.8;7.1
7.0;0.0;7.0;6.46;6.14
0.0;0.0;0.0;6.01;5.66
0.0;0.0;0.0;5.56;5.17
0.0;0.0;0.0;5.21;5.38
0.0;0.0;0.0;5.32;5.86
0.0;0.0;0.0;6.08;7.03
0.0;0.0;0.0;6.31;7.72
0.0;0.0;0.0;7.08;7.79
0.0;0.0;0.0;7.71;8.28
0.0;0.0;0.0;8.16;8.21
0.0;0.0;0.0;8.61;8.0
0.0;0.0;0.0;9.0;8.28
0.0;0.0;0.0;9.05;8.55
0.0;0.0;0.0;8.79;9.1
0.0;0.0;0.0;8.44;9.24
0.0;0.0;0.0;8.37;9.17
0.0;0.0;0.0;8.37;9.17
0.0;0.0;0.0;9.3;8.9
0.0;0.0;0.0;9.62;9.38
4.0;0.0;4.0;9.96;9.72
62.0;51.06;54.0;10.23;9.93
13.0;0.0;13.0;10.38;10.14
62.0;11.51;60.0;10.55;10.07
38.0;0.0;38.0;10.6;9.59
5.0;0.0;5.0;10.59;8.76
0.0;0.0;0.0;10.66;8.21
0.0;0.0;0.0;10.69;7.93
0.0;0.0;0.0;10.6;7.38
0.0;0.0;0.0;10.29;6.41
0.0;0.0;0.0;9.68;6.28
0.0;0.0;0.0;9.49;6.41
0.0;0.0;0.0;9.38;6.28
0.0;0.0;0.0;9.26;6.28
0.0;0.0;0.0;9.13;5.79
0.0;0.0;0.0;8.95;5.52
0.0;0.0;0.0;8.77;6.34
0.0;0.0;0.0;8.65;7.59
0.0;0.0;0.0;8.41;8.14
0.0;0.0;0.0;8.14;8.14
0.0;0.0;0.0;8.2;8.34
0.0;0.0;0.0;8.25;8.34
0.0;0.0;0.0;8.89;8.48
0.0;0.0;0.0;8.57;8.62
6.0;0.0;6.0;8.02;9.03
16.0;0.0;16.0;7.53;9.45
13.0;0.0;13.0;7.87;10.34
13.0;0.0;13.0;8.59;11.52
10.0;0.0;10.0;7.92;12.55
5.0;0.0;5.0;6.93;13.66
0.0;0.0;0.0;6.53;13.52
0.0;0.0;0.0;5.44;16.9
0.0;0.0;0.0;4.98;17.38
0.0;0.0;0.0;5.54;14.76
0.0;0.0;0.0;5.69;13.59
0.0;0.0;0.0;5.46;13.03
0.0;0.0;0.0;5.17;12.41
0.0;0.0;0.0;5.0;11.72
0.0;0.0;0.0;4.76;11.17
0.0;0.0;0.0;4.66;9.66
0.0;0.0;0.0;4.26;10.07
0.0;0.0;0.0;4.44;9.72
0.0;0.0;0.0;4.42;9.03
0.0;0.0;0.0;4.47;8.48
0.0;0.0;0.0;4.26;8.21
0.0;0.0;0.0;4.1;7.1
0.0;0.0;0.0;4.21;5.86
0.0;0.0;0.0;4.33;5.45
4.0;0.0;4.0;4.64;5.66
48.0;12.45;46.0;5.05;6.48
13.0;0.0;13.0;5.44;7.72
79.0;39.17;72.0;5.88;7.86
77.0;102.25;63.0;6.28;7.59
17.0;0.0;17.0;6.38;6.9
0.0;0.0;0.0;6.11;6.0
0.0;0.0;0.0;6.03;5.24
0.0;0.0;0.0;5.85;4.48
0.0;0.0;0.0;5.64;4.14
0.0;0.0;0.0;6.86;5.17
0.0;0.0;0.0;7.33;5.38
0.0;0.0;0.0;7.08;5.45
0.0;0.0;0.0;6.75;5.86
0.0;0.0;0.0;6.9;5.79
0.0;0.0;0.0;6.93;5.86
0.0;0.0;0.0;6.59;5.86
0.0;0.0;0.0;6.78;6.48
0.0;0.0;0.0;7.54;7.24
0.0;0.0;0.0;8.46;7.45
0.0;0.0;0.0;9.28;7.86
0.0;0.0;0.0;9.93;8.21
0.0;0.0;0.0;10.52;8.83
0.0;0.0;0.0;10.59;8.83
4.0;0.0;4.0;10.73;9.03
10.0;0.0;10.0;10.84;9.1
25.0;0.0;25.0;10.98;9.17
13.0;0.0;13.0;10.95;9.31
12.0;0.0;12.0;10.88;9.31
5.0;0.0;5.0;10.89;9.1
0.0;0.0;0.0;10.63;9.31
0.0;0.0;0.0;10.23;9.24
0.0;0.0;0.0;9.84;9.1
0.0;0.0;0.0;9.54;8.48
0.0;0.0;0.0;9.02;7.52
0.0;0.0;0.0;8.31;6.69
0.0;0.0;0.0;7.71;6.07
0.0;0.0;0.0;7.26;5.66
0.0;0.0;0.0;7.15;5.52
0.0;0.0;0.0;7.31;5.45
0.0;0.0;0.0;7.13;5.24
0.0;0.0;0.0;6.89;5.1
0.0;0.0;0.0;6.67;4.83
0.0;0.0;0.0;6.34;4.62
0.0;0.0;0.0;6.15;4.55
0.0;0.0;0.0;5.76;4.55
0.0;0.0;0.0;5.74;4.97
0.0;0.0;0.0;5.81;4.97
34.0;47.18;29.0;6.11;5.03
45.0;6.06;44.0;6.69;5.17
95.0;78.21;80.0;7.28;5.1
60.0;5.43;59.0;7.63;4.28
49.0;7.01;48.0;7.72;5.17
6.0;0.0;6.0;7.59;4.83
0.0;0.0;0.0;7.08;4.62
0.0;0.0;0.0;6.97;4.62
0.0;0.0;0.0;6.9;4.76
0.0;0.0;0.0;6.83;4.83
0.0;0.0;0.0;6.77;5.1
0.0;0.0;0.0;6.84;5.24
0.0;0.0;0.0;6.9;5.59
0.0;0.0;0.0;7.33;6.34
0.0;0.0;0.0;7.4;6.9
0.0;0.0;0.0;7.95;7.24
0.0;0.0;0.0;8.56;7.17
0.0;0.0;0.0;8.79;7.1
0.0;0.0;0.0;8.07;6.62
0.0;0.0;0.0;7.09;6.41
0.0;0.0;0.0;6.58;6.48
0.0;0.0;0.0;6.29;6.62
0.0;0.0;0.0;6.17;7.03
0.0;0.0;0.0;6.13;7.79
42.0;101.72;31.0;6.43;8.41
97.0;208.87;62.0;6.7;8.62
48.0;0.0;48.0;7.06;8.69
21.0;0.0;21.0;7.09;8.83
82.0;102.94;67.0;7.03;8.97
6.0;0.0;6.0;6.7;8.97
0.0;0.0;0.0;6.47;9.03
0.0;0.0;0.0;6.27;8.9
0.0;0.0;0.0;6.13;8.83
0.0;0.0;0.0;6.23;8.34
0.0;0.0;0.0;6.24;8.14
0.0;0.0;0.0;6.28;8.14
0.0;0.0;0.0;6.03;8.34
0.0;0.0;0.0;5.81;8.07
0.0;0.0;0.0;5.47;7.86
0.0;0.0;0.0;5.51;7.72
0.0;0.0;0.0;5.61;7.45
0.0;0.0;0.0;5.75;7.52
0.0;0.0;0.0;5.55;7.31
0.0;0.0;0.0;5.32;7.45
0.0;0.0;0.0;5.36;7.59
0.0;0.0;0.0;5.11;0.0
0.0;0.0;0.0;5.04;0.0
0.0;0.0;0.0;4.83;7.38
33.0;36.22;29.0;4.86;7.45
119.0;393.86;52.0;5.07;7.66
82.0;30.42;76.0;5.46;7.93
132.0;257.88;83.0;5.59;8.14
112.0;322.43;64.0;5.58;8.21
40.0;65.24;35.0;5.33;7.93
0.0;0.0;0.0;5.02;7.86
0.0;0.0;0.0;4.68;7.66
0.0;0.0;0.0;4.5;7.24
0.0;0.0;0.0;4.53;7.1
0.0;0.0;0.0;4.67;7.38
0.0;0.0;0.0;4.64;7.24
0.0;0.0;0.0;4.7;6.9
0.0;0.0;0.0;4.77;6.41
0.0;0.0;0.0;4.73;5.86
0.0;0.0;0.0;4.66;5.38
0.0;0.0;0.0;4.57;4.76
0.0;0.0;0.0;4.26;4.0
0.0;0.0;0.0;3.79;3.31
0.0;0.0;0.0;3.27;2.83
0.0;0.0;0.0;2.79;2.62
0.0;0.0;0.0;2.44;2.55
0.0;0.0;0.0;2.02;2.62
0.0;0.0;0.0;1.83;2.62
49.0;141.8;33.0;2.13;2.41
116.0;335.69;58.0;3.16;2.21
115.0;144.88;86.0;4.32;2.21
172.0;611.03;54.0;5.08;2.21
119.0;361.54;64.0;5.22;2.34
65.0;337.57;38.0;4.65;2.28
0.0;0.0;0.0;3.59;2.34
0.0;0.0;0.0;2.56;2.28
0.0;0.0;0.0;1.85;2.07
0.0;0.0;0.0;0.92;1.72
0.0;0.0;0.0;0.6;1.17
0.0;0.0;0.0;1.97;0.34
0.0;0.0;0.0;1.71;0.28
0.0;0.0;0.0;1.41;0.76
0.0;0.0;0.0;0.84;0.97
0.0;0.0;0.0;-0.44;1.24
0.0;0.0;0.0;-0.76;1.24
0.0;0.0;0.0;-2.03;1.59
0.0;0.0;0.0;-2.54;1.79
0.0;0.0;0.0;-2.52;1.86
0.0;0.0;0.0;-2.61;2.0
0.0;0.0;0.0;-2.66;2.0
0.0;0.0;0.0;-2.51;2.0
0.0;0.0;0.0;-1.59;1.93
5.0;0.0;5.0;-0.41;2.07
13.0;0.0;13.0;0.92;2.14
21.0;0.0;21.0;1.61;2.21
61.0;5.09;60.0;2.28;2.14
103.0;192.94;73.0;2.46;2.69
33.0;11.99;32.0;2.36;2.9
0.0;0.0;0.0;2.04;2.69
0.0;0.0;0.0;1.46;2.97
0.0;0.0;0.0;1.04;3.38
0.0;0.0;0.0;0.87;3.79
0.0;0.0;0.0;0.96;4.21
0.0;0.0;0.0;0.95;4.21
0.0;0.0;0.0;0.9;4.28
0.0;0.0;0.0;0.99;4.28
0.0;0.0;0.0;1.0;4.28
0.0;0.0;0.0;1.04;4.28
0.0;0.0;0.0;0.98;4.41
0.0;0.0;0.0;1.14;4.41
0.0;0.0;0.0;1.23;4.48
0.0;0.0;0.0;1.53;4.55
0.0;0.0;0.0;1.68;4.48
0.0;0.0;0.0;2.05;4.48
0.0;0.0;0.0;2.29;4.9
0.0;0.0;0.0;2.81;4.97
25.0;0.0;25.0;3.3;4.97
18.0;0.0;18.0;3.65;4.83
55.0;0.0;55.0;4.1;4.76
23.0;0.0;23.0;4.4;4.69
56.0;6.29;55.0;4.52;4.62
7.0;0.0;7.0;4.57;4.48
0.0;0.0;0.0;4.19;4.41
0.0;0.0;0.0;3.79;4.34
0.0;0.0;0.0;3.44;4.28
0.0;0.0;0.0;3.3;4.41
0.0;0.0;0.0;3.23;4.69
0.0;0.0;0.0;3.12;4.69
0.0;0.0;0.0;3.06;4.83
0.0;0.0;0.0;3.1;4.76
0.0;0.0;0.0;3.48;4.76
0.0;0.0;0.0;4.11;4.62
0.0;0.0;0.0;4.84;4.62
0.0;0.0;0.0;5.32;4.55
0.0;0.0;0.0;5.74;4.62
0.0;0.0;0.0;6.16;4.9
0.0;0.0;0.0;6.62;5.17
0.0;0.0;0.0;6.87;5.31
0.0;0.0;0.0;6.84;5.31
0.0;0.0;0.0;6.48;5.24
50.0;115.92;36.0;6.49;5.45
12.0;0.0;12.0;6.59;5.66
21.0;0.0;21.0;6.72;5.79
17.0;0.0;17.0;6.85;5.93
13.0;0.0;13.0;6.9;6.07
7.0;0.0;7.0;6.98;6.07
0.0;0.0;0.0;6.93;6.07
0.0;0.0;0.0;6.84;6.21
0.0;0.0;0.0;6.73;6.41
0.0;0.0;0.0;6.65;6.41
0.0;0.0;0.0;6.86;6.69
0.0;0.0;0.0;6.64;6.83
0.0;0.0;0.0;6.44;6.76
0.0;0.0;0.0;6.21;6.55
0.0;0.0;0.0;6.07;6.07
0.0;0.0;0.0;6.0;5.66
0.0;0.0;0.0;6.01;5.45
0.0;0.0;0.0;5.97;5.31
0.0;0.0;0.0;5.88;5.03
0.0;0.0;0.0;5.78;4.9
0.0;0.0;0.0;5.72;4.69
0.0;0.0;0.0;5.65;4.41
0.0;0.0;0.0;5.46;4.21
0.0;0.0;0.0;5.23;3.79
9.0;0.0;9.0;5.19;3.52
38.0;0.0;38.0;4.72;4.55
63.0;4.7;62.0;2.96;3.66
79.0;14.52;76.0;2.5;4.34
99.0;132.39;77.0;3.2;5.66
54.0;95.41;45.0;3.11;4.21
0.0;0.0;0.0;2.67;3.59
0.0;0.0;0.0;2.15;3.52
0.0;0.0;0.0;1.83;3.59
0.0;0.0;0.0;1.55;3.45
0.0;0.0;0.0;1.04;3.31
0.0;0.0;0.0;0.64;3.17
0.0;0.0;0.0;0.33;3.1
0.0;0.0;0.0;0.07;3.03
0.0;0.0;0.0;-0.21;3.1
0.0;0.0;0.0;-0.39;3.03
0.0;0.0;0.0;-0.49;2.97
0.0;0.0;0.0;-0.66;2.9
0.0;0.0;0.0;-0.83;2.97
0.0;0.0;0.0;-0.84;3.03
0.0;0.0;0.0;-0.66;3.1
0.0;0.0;0.0;-0.61;2.97
0.0;0.0;0.0;0.44;4.28
0.0;0.0;0.0;0.66;4.41
73.0;331.61;31.0;0.95;4.28
12.0;0.0;12.0;1.57;4.07
22.0;0.0;22.0;2.19;3.66
16.0;0.0;16.0;2.23;2.0
24.0;0.0;24.0;2.32;2.0
8.0;0.0;8.0;1.99;2.76
0.0;0.0;0.0;1.46;3.31
0.0;0.0;0.0;1.24;3.17
0.0;0.0;0.0;1.36;2.76
0.0;0.0;0.0;1.46;2.55
0.0;0.0;0.0;0.48;2.34
0.0;0.0;0.0;0.13;2.62
0.0;0.0;0.0;-0.02;3.1
0.0;0.0;0.0;0.11;3.45
0.0;0.0;0.0;0.6;4.0
0.0;0.0;0.0;0.86;4.62
0.0;0.0;0.0;0.5;5.52
0.0;0.0;0.0;0.67;6.34
0.0;0.0;0.0;1.0;5.17
0.0;0.0;0.0;3.44;6.76
0.0;0.0;0.0;4.1;7.86
0.0;0.0;0.0;3.89;7.24
0.0;0.0;0.0;4.0;7.45
0.0;0.0;0.0;3.94;7.38
7.0;0.0;7.0;4.1;7.59
13.0;0.0;13.0;4.76;8.07
132.0;163.68;96.0;5.03;8.97
82.0;14.02;79.0;5.36;9.79
14.0;0.0;14.0;5.46;10.34
8.0;0.0;8.0;5.27;9.79
1.0;0.0;1.0;4.97;9.38
0.0;0.0;0.0;4.78;9.24
0.0;0.0;0.0;4.82;9.31
0.0;0.0;0.0;4.47;9.31
0.0;0.0;0.0;4.0;7.66
0.0;0.0;0.0;3.03;6.0
0.0;0.0;0.0;2.65;4.55
0.0;0.0;0.0;2.17;4.34
0.0;0.0;0.0;1.75;4.48
0.0;0.0;0.0;1.7;4.55
0.0;0.0;0.0;1.71;4.34
0.0;0.0;0.0;1.74;4.0
0.0;0.0;0.0;1.83;3.86
0.0;0.0;0.0;1.81;3.79
0.0;0.0;0.0;1.68;4.0
0.0;0.0;0.0;1.7;4.34
0.0;0.0;0.0;2.07;4.83
0.0;0.0;0.0;2.04;4.97
68.0;210.53;40.0;2.42;5.1
153.0;529.06;50.0;3.12;5.1
132.0;152.04;98.0;3.76;4.62
177.0;436.09;82.0;4.01;5.1
138.0;343.19;77.0;3.92;5.24
99.0;584.62;37.0;3.59;4.41
7.0;0.0;7.0;2.96;3.59
0.0;0.0;0.0;1.93;2.9
0.0;0.0;0.0;1.36;2.48
0.0;0.0;0.0;0.73;2.41
0.0;0.0;0.0;0.35;2.62
0.0;0.0;0.0;0.3;2.83
0.0;0.0;0.0;0.36;2.97
0.0;0.0;0.0;0.45;2.97
0.0;0.0;0.0;0.6;3.03
0.0;0.0;0.0;0.69;3.03
0.0;0.0;0.0;0.54;2.9
0.0;0.0;0.0;0.27;2.83
0.0;0.0;0.0;-0.01;2.97
0.0;0.0;0.0;-0.02;3.1
0.0;0.0;0.0;0.05;3.1
0.0;0.0;0.0;0.16;3.1
0.0;0.0;0.0;0.54;3.24
0.0;0.0;0.0;0.48;2.9
73.0;234.71;41.0;0.79;2.41
159.0;554.83;49.0;1.81;2.14
100.0;39.58;91.0;2.89;2.14
210.0;694.38;56.0;3.47;2.21
55.0;0.0;55.0;3.47;2.41
14.0;0.0;14.0;2.88;2.41
2.0;0.0;2.0;1.89;2.55
0.0;0.0;0.0;0.96;2.62
0.0;0.0;0.0;0.46;2.55
0.0;0.0;0.0;0.18;2.62
0.0;0.0;0.0;0.16;2.69
0.0;0.0;0.0;0.04;2.76
0.0;0.0;0.0;-0.03;2.76
0.0;0.0;0.0;-0.13;2.9
0.0;0.0;0.0;-0.25;2.97
0.0;0.0;0.0;-0.31;3.1
0.0;0.0;0.0;-0.3;3.24
0.0;0.0;0.0;-0.3;3.31
0.0;0.0;0.0;-0.37;3.31
0.0;0.0;0.0;-0.34;3.52
0.0;0.0;0.0;-0.05;3.72
0.0;0.0;0.0;0.21;3.59
0.0;0.0;0.0;0.48;3.66
0.0;0.0;0.0;1.26;4.41
49.0;42.92;43.0;1.88;5.31
82.0;34.66;75.0;2.32;5.66
90.0;17.29;86.0;2.4;5.72
114.0;62.0;100.0;2.42;5.31
132.0;242.05;87.0;2.49;5.03
43.0;8.75;42.0;2.02;4.62
6.0;0.0;6.0;1.3;4.48
0.0;0.0;0.0;0.81;4.48
0.0;0.0;0.0;0.57;4.55
0.0;0.0;0.0;0.42;4.28
0.0;0.0;0.0;0.0;3.79
0.0;0.0;0.0;-0.04;3.79
0.0;0.0;0.0;-0.04;3.93
0.0;0.0;0.0;-0.09;4.34
0.0;0.0;0.0;-0.13;4.69
0.0;0.0;0.0;-0.15;4.83
0.0;0.0;0.0;-0.18;4.62
0.0;0.0;0.0;-0.26;4.55
0.0;0.0;0.0;-0.3;4.55
0.0;0.0;0.0;-0.31;4.69
0.0;0.0;0.0;-0.29;4.76
0.0;0.0;0.0;-0.38;4.55
0.0;0.0;0.0;-0.06;4.41
0.0;0.0;0.0;0.01;3.93
61.0;97.66;47.0;0.49;4.0
116.0;155.54;84.0;1.44;4.21
104.0;38.26;95.0;2.14;4.55
112.0;52.19;100.0;2.39;4.97
60.0;0.0;60.0;2.23;5.45
10.0;0.0;10.0;1.63;5.17
2.0;0.0;2.0;0.98;4.76
0.0;0.0;0.0;0.44;4.62
0.0;0.0;0.0;0.21;4.62
0.0;0.0;0.0;0.01;4.48
0.0;0.0;0.0;-0.13;4.34
0.0;0.0;0.0;-0.21;4.0
0.0;0.0;0.0;-0.35;3.79
0.0;0.0;0.0;-0.25;3.72
0.0;0.0;0.0;-0.13;3.66
0.0;0.0;0.0;-0.24;3.59
0.0;0.0;0.0;-0.2;3.59
0.0;0.0;0.0;-0.52;3.45
0.0;0.0;0.0;-0.83;3.52
0.0;0.0;0.0;-1.0;3.66
0.0;0.0;0.0;-1.2;3.79
0.0;0.0;0.0;-1.39;3.86
0.0;0.0;0.0;-1.52;3.79
0.0;0.0;0.0;-1.64;3.93
66.0;108.83;50.0;-1.31;4.21
160.0;462.74;63.0;-0.77;5.24
139.0;133.7;107.0;-0.47;5.59
35.0;0.0;35.0;-0.4;5.17
70.0;5.14;69.0;-0.48;4.9
19.0;0.0;19.0;-0.7;4.41
3.0;0.0;3.0;-1.16;3.86
0.0;0.0;0.0;-1.56;3.59
0.0;0.0;0.0;-1.72;3.38
0.0;0.0;0.0;-1.91;3.1
0.0;0.0;0.0;-1.81;2.9
0.0;0.0;0.0;-2.13;2.55
0.0;0.0;0.0;-2.02;2.07
0.0;0.0;0.0;-1.96;1.59
0.0;0.0;0.0;-2.07;1.59
0.0;0.0;0.0;-2.28;1.72
0.0;0.0;0.0;-2.32;1.38
0.0;0.0;0.0;-2.52;1.59
0.0;0.0;0.0;-2.85;1.45
0.0;0.0;0.0;-2.88;1.38
0.0;0.0;0.0;-2.73;0.97
0.0;0.0;0.0;-2.73;1.1
0.0;0.0;0.0;-2.27;1.72
1.0;0.0;1.0;-2.12;2.07
13.0;0.0;13.0;-1.31;2.28
20.0;0.0;20.0;-0.63;2.48
26.0;0.0;26.0;0.0;2.55
19.0;0.0;19.0;0.32;2.76
31.0;0.0;31.0;0.32;2.62
15.0;0.0;15.0;0.47;2.34
3.0;0.0;3.0;0.29;2.0
0.0;0.0;0.0;-0.31;1.38
0.0;0.0;0.0;-0.89;1.17
0.0;0.0;0.0;-1.17;1.59
0.0;0.0;0.0;-0.99;1.86
0.0;0.0;0.0;-0.93;1.79
0.0;0.0;0.0;-1.12;1.72
0.0;0.0;0.0;-1.56;1.45
0.0;0.0;0.0;-1.8;1.31
0.0;0.0;0.0;-2.36;1.52
0.0;0.0;0.0;-2.33;1.66
0.0;0.0;0.0;-2.65;1.86
0.0;0.0;0.0;-2.81;2.0
0.0;0.0;0.0;-2.86;2.07
0.0;0.0;0.0;-2.66;2.07
0.0;0.0;0.0;-2.47;2.07
0.0;0.0;0.0;-2.38;1.86
3.0;0.0;3.0;-2.78;1.72
73.0;135.77;52.0;-1.9;1.52
131.0;206.7;86.0;0.49;1.24
132.0;96.86;108.0;1.88;1.24
188.0;374.71;97.0;2.49;1.24
129.0;162.35;96.0;2.71;1.31
41.0;0.0;41.0;2.31;1.31
3.0;0.0;3.0;1.46;1.66
0.0;0.0;0.0;0.43;1.72
0.0;0.0;0.0;-0.47;1.52
0.0;0.0;0.0;-1.1;1.45
0.0;0.0;0.0;-1.01;1.93
0.0;0.0;0.0;-0.97;1.86
0.0;0.0;0.0;-1.02;1.66
0.0;0.0;0.0;-1.44;1.45
0.0;0.0;0.0;-1.4;1.17
0.0;0.0;0.0;-1.17;0.9
0.0;0.0;0.0;-0.42;0.48
0.0;0.0;0.0;-0.44;0.55
0.0;0.0;0.0;-0.73;0.97
0.0;0.0;0.0;-0.49;1.24
0.0;0.0;0.0;-0.49;1.52
0.0;0.0;0.0;-0.37;1.59
0.0;0.0;0.0;-0.14;2.34
5.0;0.0;5.0;-0.22;2.21
72.0;113.45;54.0;0.2;1.86
67.0;4.51;66.0;0.89;1.66
138.0;107.09;111.0;1.6;2.14
165.0;206.2;114.0;1.58;2.0
200.0;697.8;55.0;1.57;1.66
47.0;7.34;46.0;1.29;0.97
3.0;0.0;3.0;0.87;0.83
0.0;0.0;0.0;-0.28;0.83
0.0;0.0;0.0;0.07;0.62
0.0;0.0;0.0;-0.04;0.34
0.0;0.0;0.0;-1.18;0.9
0.0;0.0;0.0;-1.25;0.9
0.0;0.0;0.0;-1.46;1.1
0.0;0.0;0.0;-1.38;1.17
0.0;0.0;0.0;-1.18;1.17
0.0;0.0;0.0;-0.81;1.1
0.0;0.0;0.0;-0.57;1.17
0.0;0.0;0.0;-0.58;1.52
0.0;0.0;0.0;-0.61;1.79
0.0;0.0;0.0;-0.46;1.93
0.0;0.0;0.0;-0.4;1.93
0.0;0.0;0.0;-0.33;1.93
0.0;0.0;0.0;-0.37;1.72
1.0;0.0;1.0;-0.11;1.79
44.0;6.14;43.0;0.35;1.79
25.0;0.0;25.0;0.88;2.34
39.0;0.0;39.0;1.51;2.76
41.0;0.0;41.0;1.86;2.83
42.0;0.0;42.0;2.14;2.97
20.0;0.0;20.0;2.27;2.55
6.0;0.0;6.0;2.03;2.69
0.0;0.0;0.0;1.73;2.83
0.0;0.0;0.0;1.63;2.9
0.0;0.0;0.0;1.88;3.03
0.0;0.0;0.0;1.85;2.9
0.0;0.0;0.0;2.03;2.9
0.0;0.0;0.0;2.12;2.69
0.0;0.0;0.0;2.06;2.41
0.0;0.0;0.0;1.72;2.41
0.0;0.0;0.0;1.45;2.41
0.0;0.0;0.0;1.12;2.41
0.0;0.0;0.0;0.97;2.34
0.0;0.0;0.0;0.69;2.41
0.0;0.0;0.0;0.69;2.48
0.0;0.0;0.0;0.64;2.76
0.0;0.0;0.0;0.97;2.97
0.0;0.0;0.0;1.97;3.52
2.0;0.0;2.0;3.28;4.34
16.0;0.0;16.0;4.73;5.17
153.0;286.27;87.0;5.6;5.79
172.0;225.95;113.0;6.19;6.34
227.0;584.74;77.0;6.34;6.9
194.0;566.57;71.0;6.16;7.1
86.0;109.95;70.0;5.88;7.31
4.0;0.0;4.0;5.56;7.59
0.0;0.0;0.0;5.22;7.79
0.0;0.0;0.0;5.16;8.0
0.0;0.0;0.0;5.21;7.93
0.0;0.0;0.0;5.68;7.79
0.0;0.0;0.0;5.92;7.45
0.0;0.0;0.0;6.4;7.66
0.0;0.0;0.0;6.66;8.21
0.0;0.0;0.0;6.8;9.31
0.0;0.0;0.0;7.0;9.59
0.0;0.0;0.0;7.19;8.97
0.0;0.0;0.0;7.2;8.34
0.0;0.0;0.0;7.09;7.93
0.0;0.0;0.0;6.26;7.24
0.0;0.0;0.0;4.99;6.07
0.0;0.0;0.0;3.77;4.97
0.0;0.0;0.0;3.41;4.83
2.0;0.0;2.0;2.66;4.62
19.0;0.0;19.0;2.75;4.97
200.0;629.72;52.0;3.33;5.31
236.0;632.21;68.0;3.8;5.72
241.0;654.57;70.0;4.03;6.14
209.0;649.08;65.0;4.08;6.07
94.0;133.11;74.0;4.03;6.48
18.0;0.0;18.0;3.69;6.62
0.0;0.0;0.0;3.15;6.29
0.0;0.0;0.0;3.04;6.14
0.0;0.0;0.0;2.92;5.98
0.0;0.0;0.0;2.81;5.82
0.0;0.0;0.0;2.69;5.67
0.0;0.0;0.0;2.58;5.51
0.0;0.0;0.0;2.46;5.35
0.0;0.0;0.0;2.34;5.19
0.0;0.0;0.0;2.23;5.04
0.0;0.0;0.0;2.11;4.88
0.0;0.0;0.0;2.0;4.72
0.0;0.0;0.0;1.88;4.57
0.0;0.0;0.0;1.77;4.41
0.0;0.0;0.0;1.65;4.25
0.0;0.0;0.0;1.54;4.1
0.0;0.0;0.0;1.42;3.94
56.0;386.55;24.0;1.33;4.34
54.0;5.7;53.0;1.79;4.34
46.0;0.0;46.0;2.42;4.41
51.0;0.0;51.0;2.88;4.48
47.0;0.0;47.0;3.18;4.48
47.0;0.0;47.0;3.27;4.55
36.0;0.0;36.0;3.05;4.62
6.0;0.0;6.0;2.47;4.62
0.0;0.0;0.0;1.93;4.55
0.0;0.0;0.0;1.62;4.41
0.0;0.0;0.0;1.39;4.14
0.0;0.0;0.0;1.16;4.07
0.0;0.0;0.0;1.07;3.93
0.0;0.0;0.0;0.89;3.79
0.0;0.0;0.0;0.79;3.59
0.0;0.0;0.0;0.63;3.38
0.0;0.0;0.0;0.58;3.24
0.0;0.0;0.0;0.36;3.17
0.0;0.0;0.0;0.18;3.03
0.0;0.0;0.0;0.0;2.76
0.0;0.0;0.0;-0.3;2.62
0.0;0.0;0.0;-0.56;2.55
0.0;0.0;0.0;-0.6;2.41
0.0;0.0;0.0;-1.22;2.07
29.0;22.98;27.0;-1.21;1.93
97.0;111.08;77.0;-0.32;1.79
68.0;0.0;68.0;1.25;1.72
50.0;0.0;50.0;2.93;1.93
44.0;0.0;44.0;3.61;2.07
33.0;0.0;33.0;3.93;2.28
30.0;0.0;30.0;3.8;2.62
3.0;0.0;3.0;3.14;2.83
0.0;0.0;0.0;2.08;2.9
0.0;0.0;0.0;1.24;2.83
0.0;0.0;0.0;0.66;2.55
0.0;0.0;0.0;-0.01;1.79
0.0;0.0;0.0;-0.52;1.72
0.0;0.0;0.0;-0.86;1.52
0.0;0.0;0.0;-1.08;1.31
0.0;0.0;0.0;-0.68;1.17
0.0;0.0;0.0;-0.74;1.59
0.0;0.0;0.0;-0.94;1.24
0.0;0.0;0.0;-0.92;1.03
0.0;0.0;0.0;-0.97;1.17
0.0;0.0;0.0;-0.95;1.31
0.0;0.0;0.0;-0.9;1.24
0.0;0.0;0.0;-0.88;1.17
0.0;0.0;0.0;-1.13;0.97
60.0;371.99;26.0;-0.93;0.9
99.0;108.34;79.0;-0.4;0.55
64.0;0.0;64.0;0.25;0.34
79.0;0.0;79.0;0.64;0.07
60.0;0.0;60.0;0.87;0.41
57.0;0.0;57.0;0.79;0.69
34.0;0.0;34.0;0.89;0.83
7.0;0.0;7.0;0.52;0.97
0.0;0.0;0.0;0.06;0.97
0.0;0.0;0.0;-0.28;0.9
0.0;0.0;0.0;-0.45;0.62
0.0;0.0;0.0;-0.35;0.9
0.0;0.0;0.0;-0.4;0.55
0.0;0.0;0.0;-0.49;0.55
0.0;0.0;0.0;-0.61;0.97
0.0;0.0;0.0;-0.74;1.59
0.0;0.0;0.0;-0.32;2.55
0.0;0.0;0.0;-0.37;3.93
0.0;0.0;0.0;-0.95;4.48
0.0;0.0;0.0;-1.59;4.48
0.0;0.0;0.0;-2.36;4.34
0.0;0.0;0.0;-2.79;4.28
0.0;0.0;0.0;-3.39;4.14
0.0;0.0;0.0;-3.35;3.93
37.0;41.73;33.0;-3.6;3.72
55.0;0.0;55.0;-3.43;4.14
44.0;0.0;44.0;-3.22;3.93
35.0;0.0;35.0;-3.22;3.59
58.0;0.0;58.0;-3.11;3.24
79.0;4.14;78.0;-3.05;2.9
43.0;0.0;43.0;-3.03;2.55
24.0;42.56;21.0;-3.1;2.07
0.0;0.0;0.0;-3.28;1.86
0.0;0.0;0.0;-3.52;1.59
0.0;0.0;0.0;-3.91;1.52
0.0;0.0;0.0;-3.44;2.14
0.0;0.0;0.0;-3.31;2.07
0.0;0.0;0.0;-3.19;2.07
0.0;0.0;0.0;-3.2;2.07
0.0;0.0;0.0;-3.16;2.14
0.0;0.0;0.0;-3.16;2.07
0.0;0.0;0.0;-3.11;2.07
0.0;0.0;0.0;-3.02;2.07
0.0;0.0;0.0;-2.93;2.14
0.0;0.0;0.0;-2.83;2.21
0.0;0.0;0.0;-2.72;2.21
0.0;0.0;0.0;-2.62;2.21
0.0;0.0;0.0;-2.58;2.07
19.0;0.0;19.0;-2.42;2.07
55.0;0.0;55.0;-2.09;2.14
51.0;0.0;51.0;-1.62;2.21
45.0;0.0;45.0;-1.16;2.28
38.0;0.0;38.0;-0.7;2.14
41.0;0.0;41.0;-0.61;2.0
12.0;0.0;12.0;-0.47;2.07
15.0;0.0;15.0;-0.51;2.0
0.0;0.0;0.0;-0.64;2.21
0.0;0.0;0.0;-0.64;2.34
0.0;0.0;0.0;-0.56;2.48
0.0;0.0;0.0;0.32;2.41
0.0;0.0;0.0;0.53;2.69
0.0;0.0;0.0;0.55;2.69
0.0;0.0;0.0;0.52;2.62
0.0;0.0;0.0;0.51;2.69
0.0;0.0;0.0;0.51;2.9
0.0;0.0;0.0;0.63;3.17
0.0;0.0;0.0;0.86;3.38
0.0;0.0;0.0;1.22;3.45
0.0;0.0;0.0;1.78;3.24
0.0;0.0;0.0;2.38;3.1
0.0;0.0;0.0;2.9;3.38
0.0;0.0;0.0;3.21;4.28
28.0;9.52;27.0;3.29;4.69
37.0;0.0;37.0;3.45;5.1
38.0;0.0;38.0;3.8;5.45
34.0;0.0;34.0;4.24;5.72
29.0;0.0;29.0;4.72;6.0
29.0;0.0;29.0;5.16;6.21
22.0;0.0;22.0;5.63;6.34
15.0;0.0;15.0;5.79;6.28
0.0;0.0;0.0;5.76;6.41
0.0;0.0;0.0;5.7;6.83
0.0;0.0;0.0;5.79;7.24
0.0;0.0;0.0;6.17;7.03
0.0;0.0;0.0;6.37;7.1
0.0;0.0;0.0;6.41;7.31
0.0;0.0;0.0;6.33;7.38
0.0;0.0;0.0;6.0;7.45
0.0;0.0;0.0;5.36;7.31
0.0;0.0;0.0;4.88;7.17
0.0;0.0;0.0;4.74;6.9
0.0;0.0;0.0;4.58;6.48
0.0;0.0;0.0;4.23;6.07
0.0;0.0;0.0;3.95;5.72
0.0;0.0;0.0;3.7;5.38
0.0;0.0;0.0;3.57;4.69
81.0;482.86;28.0;3.44;4.28
175.0;603.77;52.0;3.95;3.93
250.0;699.69;62.0;4.78;3.38
281.0;706.09;69.0;5.47;4.28
230.0;367.96;121.0;5.68;3.66
202.0;412.57;96.0;5.75;3.24
152.0;545.92;51.0;5.42;3.1
22.0;0.0;22.0;4.48;2.76
0.0;0.0;0.0;3.29;3.1
0.0;0.0;0.0;2.45;2.97
0.0;0.0;0.0;1.98;2.62
0.0;0.0;0.0;2.59;2.48
0.0;0.0;0.0;2.71;2.21
0.0;0.0;0.0;3.02;2.28
0.0;0.0;0.0;3.47;2.76
0.0;0.0;0.0;3.95;3.1
0.0;0.0;0.0;4.48;3.45
0.0;0.0;0.0;4.79;3.59
0.0;0.0;0.0;4.79;3.66
0.0;0.0;0.0;4.68;3.66
0.0;0.0;0.0;4.54;3.66
0.0;0.0;0.0;4.35;3.72
0.0;0.0;0.0;4.09;4.0
0.0;0.0;0.0;3.67;4.41
60.0;139.65;44.0;3.58;4.48
92.0;43.12;83.0;3.68;4.41
48.0;0.0;48.0;4.01;4.28
25.0;0.0;25.0;4.28;4.14
25.0;0.0;25.0;4.4;3.45
21.0;0.0;21.0;4.72;2.83
64.0;10.52;62.0;4.69;2.9
30.0;22.12;28.0;4.09;2.76
0.0;0.0;0.0;3.28;2.55
0.0;0.0;0.0;2.68;2.28
0.0;0.0;0.0;2.42;2.14
0.0;0.0;0.0;2.27;1.93
0.0;0.0;0.0;2.03;1.86
0.0;0.0;0.0;1.71;2.0
0.0;0.0;0.0;1.39;2.07
0.0;0.0;0.0;1.1;2.14
0.0;0.0;0.0;0.84;2.07
0.0;0.0;0.0;0.86;1.93
0.0;0.0;0.0;1.17;1.86
0.0;0.0;0.0;1.11;1.79
0.0;0.0;0.0;0.88;2.0
0.0;0.0;0.0;0.74;2.21
0.0;0.0;0.0;0.61;2.41
0.0;0.0;0.0;0.68;2.55
8.0;0.0;8.0;0.77;2.97
50.0;0.0;50.0;1.37;4.41
38.0;0.0;38.0;1.87;5.31
95.0;0.0;95.0;2.01;5.93
114.0;9.78;111.0;1.81;6.0
83.0;3.74;82.0;1.42;5.66
49.0;0.0;49.0;1.23;5.52
22.0;0.0;22.0;1.1;5.24
0.0;0.0;0.0;0.88;5.38
0.0;0.0;0.0;0.89;5.66
0.0;0.0;0.0;0.88;5.79
0.0;0.0;0.0;0.78;5.93
0.0;0.0;0.0;0.67;6.0
0.0;0.0;0.0;0.59;6.0
0.0;0.0;0.0;0.43;5.86
0.0;0.0;0.0;0.24;5.79
0.0;0.0;0.0;0.24;5.79
0.0;0.0;0.0;0.24;5.79
0.0;0.0;0.0;0.15;5.72
0.0;0.0;0.0;0.05;5.52
0.0;0.0;0.0;-0.1;5.31
0.0;0.0;0.0;-0.26;5.1
0.0;0.0;0.0;-0.42;4.9
0.0;0.0;0.0;-0.46;4.41
53.0;48.21;47.0;-0.45;4.14
81.0;13.7;78.0;-0.07;4.21
105.0;10.55;102.0;0.34;4.97
93.0;0.0;93.0;0.51;4.62
55.0;0.0;55.0;0.6;4.28
87.0;3.67;86.0;0.76;4.21
113.0;129.58;87.0;0.56;3.66
48.0;109.3;37.0;0.16;3.1
0.0;0.0;0.0;-0.6;2.83
0.0;0.0;0.0;-1.26;2.76
0.0;0.0;0.0;-1.58;2.55
0.0;0.0;0.0;-1.69;2.34
0.0;0.0;0.0;-1.96;2.21
0.0;0.0;0.0;-2.24;2.07
0.0;0.0;0.0;-2.46;1.79
0.0;0.0;0.0;-2.98;1.59
0.0;0.0;0.0;-3.66;1.38
0.0;0.0;0.0;-3.58;1.1
0.0;0.0;0.0;-3.25;0.9
0.0;0.0;0.0;-3.22;0.83
0.0;0.0;0.0;-3.32;0.83
0.0;0.0;0.0;-3.76;0.97
0.0;0.0;0.0;-4.15;1.1
0.0;0.0;0.0;-4.76;1.24
80.0;223.9;51.0;-4.59;1.24
131.0;138.31;100.0;-1.76;1.1
176.0;138.12;136.0;0.19;1.31
206.0;161.76;154.0;1.22;1.66
201.0;157.45;151.0;1.86;1.93
188.0;219.3;127.0;2.17;2.14
121.0;145.68;91.0;2.11;2.21
39.0;28.35;36.0;1.37;2.07
0.0;0.0;0.0;-0.02;2.41
0.0;0.0;0.0;-0.95;2.48
0.0;0.0;0.0;-1.51;2.55
0.0;0.0;0.0;-1.12;2.69
0.0;0.0;0.0;-1.35;2.62
0.0;0.0;0.0;-1.82;2.69
0.0;0.0;0.0;-2.14;2.76
0.0;0.0;0.0;-2.28;2.76
0.0;0.0;0.0;-2.55;2.76
0.0;0.0;0.0;-2.77;2.69
0.0;0.0;0.0;-2.95;2.62
0.0;0.0;0.0;-3.12;2.62
0.0;0.0;0.0;-3.04;2.48
0.0;0.0;0.0;-2.91;2.41
0.0;0.0;0.0;-2.74;2.34
0.0;0.0;0.0;-2.73;2.41
76.0;163.37;54.0;-2.27;2.34
200.0;605.88;61.0;-0.94;2.14
250.0;498.31;103.0;0.32;2.14
124.0;9.18;121.0;1.65;2.21
82.0;0.0;82.0;2.42;2.21
76.0;0.0;76.0;2.88;2.21
46.0;0.0;46.0;2.65;1.79
23.0;0.0;23.0;2.05;1.93
0.0;0.0;0.0;1.26;2.14
0.0;0.0;0.0;1.0;2.14
0.0;0.0;0.0;0.85;2.07
0.0;0.0;0.0;0.38;2.0
0.0;0.0;0.0;0.33;1.86
0.0;0.0;0.0;0.34;1.72
0.0;0.0;0.0;0.31;1.72
0.0;0.0;0.0;0.35;1.72
0.0;0.0;0.0;0.47;1.93
0.0;0.0;0.0;0.66;1.93
0.0;0.0;0.0;0.79;1.86
0.0;0.0;0.0;0.88;1.79
0.0;0.0;0.0;0.91;1.79
0.0;0.0;0.0;1.01;1.93
0.0;0.0;0.0;1.22;2.14
0.0;0.0;0.0;1.56;2.48
57.0;35.74;52.0;1.84;2.62
61.0;0.0;61.0;2.3;2.69
32.0;0.0;32.0;2.82;2.76
50.0;0.0;50.0;3.42;2.76
49.0;0.0;49.0;3.9;4.14
43.0;0.0;43.0;3.73;2.97
35.0;0.0;35.0;3.38;2.76
17.0;0.0;17.0;3.1;2.83
0.0;0.0;0.0;2.48;2.76
0.0;0.0;0.0;1.83;2.69
0.0;0.0;0.0;1.39;2.55
0.0;0.0;0.0;1.27;2.55
0.0;0.0;0.0;0.9;2.34
0.0;0.0;0.0;0.66;2.07
0.0;0.0;0.0;0.17;2.0
0.0;0.0;0.0;-0.07;2.0
0.0;0.0;0.0;-0.21;1.86
0.0;0.0;0.0;-0.57;1.66
0.0;0.0;0.0;-1.05;1.59
0.0;0.0;0.0;-1.29;1.66
0.0;0.0;0.0;-1.84;1.72
0.0;0.0;0.0;-2.75;1.79
0.0;0.0;0.0;-3.31;1.86
0.0;0.0;0.0;-3.32;1.93
107.0;420.16;46.0;-2.19;2.07
170.0;283.09;102.0;-0.57;2.41
280.0;643.86;83.0;0.69;2.9
333.0;787.01;67.0;1.55;3.38
325.0;760.27;71.0;1.98;3.66
285.0;763.92;60.0;2.12;3.86
194.0;626.08;55.0;1.88;3.72
77.0;279.88;43.0;1.32;4.07
0.0;0.0;0.0;0.49;4.07
0.0;0.0;0.0;0.03;4.21
0.0;0.0;0.0;-0.05;4.41
0.0;0.0;0.0;-0.15;4.62
0.0;0.0;0.0;-0.27;4.69
0.0;0.0;0.0;-0.46;4.76
0.0;0.0;0.0;-0.34;4.9
0.0;0.0;0.0;-0.16;4.97
0.0;0.0;0.0;-0.02;4.97
0.0;0.0;0.0;0.08;4.97
0.0;0.0;0.0;0.12;4.97
0.0;0.0;0.0;0.15;4.97
0.0;0.0;0.0;0.22;4.97
0.0;0.0;0.0;0.41;5.1
0.0;0.0;0.0;0.53;5.24
1.0;0.0;1.0;0.64;5.24
29.0;0.0;29.0;0.84;5.38
35.0;0.0;35.0;1.1;5.45
55.0;0.0;55.0;1.48;5.03
108.0;2.91;107.0;1.87;6.55
112.0;2.94;111.0;2.09;6.97
40.0;0.0;40.0;2.11;6.41
43.0;0.0;43.0;2.19;6.48
14.0;0.0;14.0;1.98;6.55
0.0;0.0;0.0;1.79;6.55
0.0;0.0;0.0;1.71;6.69
0.0;0.0;0.0;1.42;6.62
0.0;0.0;0.0;1.12;6.28
0.0;0.0;0.0;1.04;6.14
0.0;0.0;0.0;0.97;5.72
0.0;0.0;0.0;0.94;5.31
0.0;0.0;0.0;0.98;5.03
0.0;0.0;0.0;1.11;4.62
0.0;0.0;0.0;1.39;4.21
0.0;0.0;0.0;1.64;3.72
0.0;0.0;0.0;1.84;3.24
0.0;0.0;0.0;1.72;3.03
0.0;0.0;0.0;1.72;3.03
0.0;0.0;0.0;1.64;3.1
7.0;0.0;7.0;1.82;3.52
84.0;134.62;63.0;2.16;3.86
52.0;0.0;52.0;2.42;4.97
60.0;0.0;60.0;2.71;5.38
76.0;0.0;76.0;3.1;5.93
91.0;0.0;91.0;3.42;6.21
30.0;0.0;30.0;3.43;6.28
18.0;0.0;18.0;3.25;4.34
53.0;45.43;47.0;2.98;5.17
0.0;0.0;0.0;2.65;5.52
0.0;0.0;0.0;2.22;5.72
0.0;0.0;0.0;1.82;6.0
0.0;0.0;0.0;1.54;6.21
0.0;0.0;0.0;1.2;6.07
0.0;0.0;0.0;1.1;6.0
0.0;0.0;0.0;0.92;5.86
0.0;0.0;0.0;0.78;5.93
0.0;0.0;0.0;0.72;6.0
0.0;0.0;0.0;0.69;6.0
0.0;0.0;0.0;0.68;6.07
0.0;0.0;0.0;0.67;6.14
0.0;0.0;0.0;0.63;6.21
0.0;0.0;0.0;0.56;6.28
0.0;0.0;0.0;0.51;6.34
5.0;0.0;5.0;0.36;6.14
15.0;0.0;15.0;0.33;6.21
53.0;0.0;53.0;0.34;6.0
27.0;0.0;27.0;0.57;5.93
35.0;0.0;35.0;0.48;6.07
30.0;0.0;30.0;0.71;6.21
62.0;0.0;62.0;0.77;5.66
20.0;0.0;20.0;0.67;4.69
17.0;0.0;17.0;0.62;4.62
0.0;0.0;0.0;0.53;4.69
0.0;0.0;0.0;0.53;4.55
0.0;0.0;0.0;0.62;4.28
0.0;0.0;0.0;0.36;4.0
0.0;0.0;0.0;0.32;3.93
0.0;0.0;0.0;0.32;3.86
0.0;0.0;0.0;0.42;3.66
0.0;0.0;0.0;0.45;3.45
0.0;0.0;0.0;0.54;3.38
0.0;0.0;0.0;0.65;3.45
0.0;0.0;0.0;0.72;3.38
0.0;0.0;0.0;0.77;3.52
0.0;0.0;0.0;0.81;3.79
0.0;0.0;0.0;0.83;3.93
0.0;0.0;0.0;0.75;4.0
8.0;0.0;8.0;0.74;4.34
73.0;47.88;65.0;0.73;4.48
43.0;0.0;43.0;0.81;3.72
83.0;0.0;83.0;1.0;3.86
54.0;0.0;54.0;1.29;4.97
30.0;0.0;30.0;1.63;4.97
31.0;0.0;31.0;2.17;4.21
28.0;0.0;28.0;2.15;2.83
9.0;0.0;9.0;2.22;2.41
0.0;0.0;0.0;2.17;2.14
0.0;0.0;0.0;2.1;2.07
0.0;0.0;0.0;1.92;1.93
0.0;0.0;0.0;1.79;2.21
0.0;0.0;0.0;1.68;2.14
0.0;0.0;0.0;1.8;2.0
0.0;0.0;0.0;1.65;1.93
0.0;0.0;0.0;1.67;1.79
0.0;0.0;0.0;1.77;1.66
0.0;0.0;0.0;1.86;1.59
0.0;0.0;0.0;1.9;1.59
0.0;0.0;0.0;1.78;1.66
0.0;0.0;0.0;1.61;1.72
0.0;0.0;0.0;1.61;1.72
0.0;0.0;0.0;1.5;1.79
4.0;0.0;4.0;1.4;1.86
73.0;40.53;66.0;1.67;1.79
91.0;3.73;90.0;2.01;2.41
48.0;0.0;48.0;2.29;2.28
49.0;0.0;49.0;2.54;2.48
45.0;0.0;45.0;2.85;2.69
34.0;0.0;34.0;3.08;2.76
37.0;0.0;37.0;2.92;2.41
21.0;0.0;21.0;2.58;2.14
0.0;0.0;0.0;2.06;2.0
0.0;0.0;0.0;1.6;1.86
0.0;0.0;0.0;1.41;1.86
0.0;0.0;0.0;0.71;1.79
0.0;0.0;0.0;0.71;1.79
0.0;0.0;0.0;0.83;1.86
0.0;0.0;0.0;0.9;2.14
0.0;0.0;0.0;0.96;2.34
0.0;0.0;0.0;1.04;2.41
0.0;0.0;0.0;1.03;2.34
0.0;0.0;0.0;1.04;2.34
0.0;0.0;0.0;0.93;2.41
0.0;0.0;0.0;0.82;2.48
0.0;0.0;0.0;0.77;2.69
0.0;0.0;0.0;0.74;2.69
10.0;0.0;10.0;0.84;2.9
61.0;11.21;59.0;1.19;3.17
68.0;0.0;68.0;1.72;4.28
62.0;0.0;62.0;1.98;4.28
103.0;0.0;103.0;2.06;4.07
35.0;0.0;35.0;2.22;3.79
56.0;0.0;56.0;2.26;3.52
61.0;0.0;61.0;2.3;3.45
35.0;0.0;35.0;2.04;3.1
1.0;0.0;1.0;1.71;2.62
0.0;0.0;0.0;1.34;2.55
0.0;0.0;0.0;1.37;2.62
0.0;0.0;0.0;1.42;2.83
0.0;0.0;0.0;1.25;2.9
0.0;0.0;0.0;1.01;2.9
0.0;0.0;0.0;0.85;2.97
0.0;0.0;0.0;0.65;3.1
0.0;0.0;0.0;0.49;3.24
0.0;0.0;0.0;0.34;3.38
0.0;0.0;0.0;0.09;3.45
0.0;0.0;0.0;0.03;3.52
0.0;0.0;0.0;-0.11;3.59
0.0;0.0;0.0;-0.19;3.72
0.0;0.0;0.0;-0.23;3.93
13.0;0.0;13.0;-0.11;4.28
79.0;38.01;72.0;0.03;4.55
77.0;0.0;77.0;0.24;5.45
50.0;0.0;50.0;0.4;5.52
62.0;0.0;62.0;0.81;5.24
42.0;0.0;42.0;1.02;5.24
40.0;0.0;40.0;1.12;5.17
41.0;0.0;41.0;1.11;5.24
39.0;0.0;39.0;1.06;4.83
2.0;0.0;2.0;0.83;4.0
0.0;0.0;0.0;0.58;3.79
0.0;0.0;0.0;0.38;3.72
0.0;0.0;0.0;-0.05;3.86
0.0;0.0;0.0;-0.28;3.86
0.0;0.0;0.0;-0.51;3.66
0.0;0.0;0.0;-0.83;3.24
0.0;0.0;0.0;-1.18;2.83
0.0;0.0;0.0;-1.54;2.55
0.0;0.0;0.0;-1.73;2.48
0.0;0.0;0.0;-1.71;2.34
0.0;0.0;0.0;-1.97;2.21
0.0;0.0;0.0;-2.3;2.0
0.0;0.0;0.0;-2.4;1.93
0.0;0.0;0.0;-2.57;1.72
22.0;28.12;20.0;-2.66;1.93
45.0;0.0;45.0;-1.9;1.52
136.0;48.99;122.0;-0.63;1.17
176.0;51.14;158.0;0.28;1.17
210.0;78.12;180.0;1.05;1.31
147.0;10.53;143.0;1.53;1.59
138.0;14.72;133.0;1.81;1.86
134.0;67.65;116.0;1.87;1.93
57.0;12.17;55.0;1.63;1.93
3.0;0.0;3.0;1.03;2.14
0.0;0.0;0.0;0.33;2.21
0.0;0.0;0.0;0.17;2.07
0.0;0.0;0.0;-0.15;2.14
0.0;0.0;0.0;-0.11;2.21
0.0;0.0;0.0;0.04;2.41
0.0;0.0;0.0;0.25;2.48
0.0;0.0;0.0;0.53;2.48
0.0;0.0;0.0;0.6;2.48
0.0;0.0;0.0;0.47;2.48
0.0;0.0;0.0;0.62;2.69
0.0;0.0;0.0;0.82;2.97
0.0;0.0;0.0;1.05;3.1
0.0;0.0;0.0;1.24;3.03
0.0;0.0;0.0;1.42;3.1
44.0;273.14;23.0;1.57;2.34
124.0;224.67;80.0;1.81;2.34
66.0;0.0;66.0;2.4;2.34
132.0;8.38;129.0;2.97;2.34
188.0;43.6;171.0;3.28;2.34
143.0;7.78;140.0;3.64;2.62
104.0;0.0;104.0;4.03;3.45
67.0;0.0;67.0;3.82;3.03
18.0;0.0;18.0;3.49;3.38
4.0;0.0;4.0;3.26;3.66
0.0;0.0;0.0;3.06;3.93
0.0;0.0;0.0;3.01;4.28
0.0;0.0;0.0;3.01;4.55
0.0;0.0;0.0;2.52;4.9
0.0;0.0;0.0;1.53;5.24
0.0;0.0;0.0;0.33;5.17
0.0;0.0;0.0;-0.34;4.76
0.0;0.0;0.0;-0.48;4.28
0.0;0.0;0.0;-0.55;4.07
0.0;0.0;0.0;-0.66;3.79
0.0;0.0;0.0;-0.57;3.52
0.0;0.0;0.0;-0.3;3.38
0.0;0.0;0.0;-0.23;3.24
0.0;0.0;0.0;-0.43;2.97
23.0;12.09;22.0;-0.69;2.41
121.0;158.61;89.0;0.18;2.07
119.0;16.8;114.0;1.03;3.03
103.0;0.0;103.0;1.16;2.76
253.0;149.04;194.0;1.14;2.34
245.0;137.93;191.0;1.32;2.07
192.0;79.76;164.0;1.31;1.72
163.0;126.24;128.0;1.38;1.52
144.0;553.73;47.0;1.18;1.45
12.0;0.0;12.0;0.55;1.17
0.0;0.0;0.0;-0.75;1.31
0.0;0.0;0.0;-1.56;1.03
0.0;0.0;0.0;-1.33;0.9
0.0;0.0;0.0;-2.47;1.24
0.0;0.0;0.0;-3.55;1.59
0.0;0.0;0.0;-3.48;1.66
0.0;0.0;0.0;-3.16;1.38
0.0;0.0;0.0;-2.67;1.24
0.0;0.0;0.0;-2.69;1.24
0.0;0.0;0.0;-2.54;1.24
0.0;0.0;0.0;-2.46;1.24
0.0;0.0;0.0;-2.45;1.17
0.0;0.0;0.0;-2.68;1.1
0.0;0.0;0.0;-2.34;0.9
32.0;33.86;29.0;-1.82;0.76
111.0;101.1;90.0;-0.6;0.48
170.0;98.8;140.0;0.14;0.21
120.0;2.7;119.0;1.18;0.69
78.0;0.0;78.0;1.67;1.59
49.0;0.0;49.0;2.07;2.28
92.0;0.0;92.0;2.07;2.97
207.0;300.5;122.0;1.93;3.59
144.0;509.37;52.0;1.94;3.86
15.0;17.54;14.0;1.78;4.07
0.0;0.0;0.0;1.13;4.28
0.0;0.0;0.0;0.76;4.55
0.0;0.0;0.0;0.45;4.48
0.0;0.0;0.0;0.27;4.34
0.0;0.0;0.0;0.02;4.07
0.0;0.0;0.0;-0.24;3.72
0.0;0.0;0.0;-0.61;3.45
0.0;0.0;0.0;-0.98;3.17
0.0;0.0;0.0;-1.36;2.9
0.0;0.0;0.0;-1.76;2.62
0.0;0.0;0.0;-2.1;2.21
0.0;0.0;0.0;-2.62;1.79
0.0;0.0;0.0;-3.51;1.52
0.0;0.0;0.0;-3.87;1.31
44.0;95.21;35.0;-4.31;1.59
136.0;196.51;94.0;-2.14;1.24
131.0;19.37;125.0;-0.28;1.66
188.0;47.89;170.0;0.98;2.48
398.0;708.67;109.0;1.61;2.9
402.0;763.79;94.0;2.21;3.31
348.0;695.07;96.0;2.34;3.24
276.0;734.91;64.0;2.35;3.31
127.0;274.1;76.0;1.91;2.55
20.0;32.1;18.0;0.91;2.28
0.0;0.0;0.0;-0.37;2.41
0.0;0.0;0.0;-0.9;2.48
0.0;0.0;0.0;-1.07;2.83
0.0;0.0;0.0;-0.94;3.17
0.0;0.0;0.0;-0.79;3.45
0.0;0.0;0.0;-0.97;3.24
0.0;0.0;0.0;-1.36;3.03
0.0;0.0;0.0;-1.69;2.83
0.0;0.0;0.0;-2.04;2.55
0.0;0.0;0.0;-2.43;2.14
0.0;0.0;0.0;-3.14;1.59
0.0;0.0;0.0;-3.25;0.97
0.0;0.0;0.0;-3.42;0.9
0.0;0.0;0.0;-3.97;1.1
29.0;9.95;28.0;-4.0;1.52
175.0;450.43;76.0;-2.05;1.45
228.0;269.17;143.0;-0.38;1.79
242.0;146.61;186.0;0.67;2.34
288.0;207.83;202.0;1.42;2.69
366.0;537.69;146.0;1.98;3.17
360.0;754.77;82.0;2.07;3.59
271.0;666.46;75.0;1.75;3.86
169.0;657.9;43.0;0.79;3.03
22.0;29.59;20.0;-0.03;2.97
0.0;0.0;0.0;-1.01;3.17
0.0;0.0;0.0;-1.55;3.45
0.0;0.0;0.0;-1.36;3.24
0.0;0.0;0.0;-1.53;3.45
0.0;0.0;0.0;-1.62;3.66
0.0;0.0;0.0;-1.57;3.93
0.0;0.0;0.0;-1.43;4.21
0.0;0.0;0.0;-1.3;4.34
0.0;0.0;0.0;-1.21;4.55
0.0;0.0;0.0;-1.2;5.1
0.0;0.0;0.0;-1.23;5.66
0.0;0.0;0.0;-1.46;6.07
0.0;0.0;0.0;-1.47;6.07
0.0;0.0;0.0;-1.56;5.66
76.0;450.47;28.0;-0.95;5.38
187.0;513.53;71.0;-0.55;5.03
72.0;0.0;72.0;0.37;6.14
146.0;7.73;143.0;1.07;5.52
99.0;0.0;99.0;1.89;4.9
158.0;7.23;155.0;2.37;4.48
262.0;227.21;177.0;2.49;3.93
232.0;367.02;122.0;2.46;4.0
157.0;482.3;62.0;2.3;3.72
27.0;54.88;23.0;-2.04;2.58
0.0;0.0;0.0;-1.56;2.78
0.0;0.0;0.0;-1.07;2.99
0.0;0.0;0.0;-0.59;3.19
0.0;0.0;0.0;-0.1;3.4
0.0;0.0;0.0;0.38;3.6
0.0;0.0;0.0;0.87;3.81
0.0;0.0;0.0;1.35;4.01
0.0;0.0;0.0;1.84;4.22
0.0;0.0;0.0;2.32;4.42
0.0;0.0;0.0;2.8;4.63
0.0;0.0;0.0;3.29;4.83
0.0;0.0;0.0;3.77;5.04
0.0;0.0;0.0;4.26;5.24
0.0;0.0;0.0;4.74;5.45
0.0;0.0;0.0;5.23;5.65
0.0;0.0;0.0;5.29;5.66
0.0;0.0;0.0;6.01;4.97
0.0;0.0;0.0;6.89;5.93
0.0;0.0;0.0;6.87;6.55
0.0;0.0;0.0;7.18;6.69
0.0;0.0;0.0;7.2;7.45
0.0;0.0;0.0;6.55;9.17
0.0;0.0;0.0;6.42;10.55
0.0;0.0;0.0;5.92;10.76
0.0;0.0;0.0;5.28;10.62
0.0;0.0;0.0;4.86;10.21
0.0;0.0;0.0;4.56;8.9
0.0;0.0;0.0;4.17;8.21
0.0;0.0;0.0;4.02;8.07
0.0;0.0;0.0;3.69;7.52
0.0;0.0;0.0;3.62;7.79
0.0;0.0;0.0;3.61;7.59
0.0;0.0;0.0;3.53;7.66
0.0;0.0;0.0;3.68;6.97
0.0;0.0;0.0;3.87;6.76
0.0;0.0;0.0;3.92;6.41
0.0;0.0;0.0;3.85;6.62
0.0;0.0;0.0;4.14;7.1
38.0;8.0;37.0;5.01;7.72
167.0;265.96;102.0;5.57;7.59
248.0;284.95;151.0;6.31;9.66
231.0;95.96;192.0;6.9;9.24
356.0;390.45;185.0;7.27;9.03
258.0;113.2;209.0;7.52;9.59
347.0;556.91;129.0;7.56;8.76
293.0;682.3;77.0;7.3;8.0
145.0;276.56;86.0;6.86;7.38
46.0;180.24;30.0;6.22;7.93
0.0;0.0;0.0;5.47;7.72
0.0;0.0;0.0;5.06;7.66
0.0;0.0;0.0;4.72;7.45
0.0;0.0;0.0;4.36;7.24
0.0;0.0;0.0;4.02;6.83
0.0;0.0;0.0;3.72;6.41
0.0;0.0;0.0;3.48;6.34
0.0;0.0;0.0;3.4;6.21
0.0;0.0;0.0;3.38;6.14
0.0;0.0;0.0;3.21;5.93
0.0;0.0;0.0;2.88;5.45
0.0;0.0;0.0;2.69;4.9
0.0;0.0;0.0;2.41;4.34
0.0;0.0;0.0;1.89;4.0
36.0;7.63;35.0;1.99;2.69
76.0;3.99;75.0;2.59;2.07
173.0;54.81;154.0;2.67;1.59
242.0;106.64;198.0;3.04;1.17
383.0;479.71;170.0;3.31;1.59
38.0;0.0;38.0;2.9;1.31
63.0;0.0;63.0;2.7;0.41
101.0;3.1;100.0;2.43;0.9
16.0;0.0;16.0;2.15;1.38
24.0;10.63;23.0;1.86;1.86
0.0;0.0;0.0;1.5;2.0
0.0;0.0;0.0;1.23;2.28
0.0;0.0;0.0;1.38;2.14
0.0;0.0;0.0;1.3;2.21
0.0;0.0;0.0;1.12;2.21
0.0;0.0;0.0;0.59;2.21
0.0;0.0;0.0;0.17;2.21
0.0;0.0;0.0;-0.28;2.14
0.0;0.0;0.0;-0.71;2.07
0.0;0.0;0.0;-1.41;1.93
0.0;0.0;0.0;-2.29;1.86
0.0;0.0;0.0;-2.6;2.14
0.0;0.0;0.0;-2.25;2.34
0.0;0.0;0.0;-1.82;2.28
67.0;94.62;54.0;-1.33;2.14
89.0;7.79;87.0;0.36;1.93
325.0;631.98;102.0;2.03;2.69
405.0;704.47;110.0;2.95;4.21
272.0;113.31;221.0;3.51;4.76
430.0;692.59;122.0;3.97;5.52
397.0;756.82;92.0;3.82;5.86
299.0;625.38;94.0;3.29;5.93
168.0;365.69;86.0;2.66;5.52
50.0;140.91;36.0;2.03;5.17
0.0;0.0;0.0;1.33;4.76
0.0;0.0;0.0;0.95;4.41
0.0;0.0;0.0;0.61;4.76
0.0;0.0;0.0;0.44;4.41
0.0;0.0;0.0;0.27;4.07
0.0;0.0;0.0;0.25;3.86
0.0;0.0;0.0;-0.05;3.72
0.0;0.0;0.0;-0.17;3.66
0.0;0.0;0.0;-0.43;3.31
0.0;0.0;0.0;-0.77;3.17
0.0;0.0;0.0;-0.96;3.45
0.0;0.0;0.0;-0.94;3.66
0.0;0.0;0.0;-0.84;3.86
0.0;0.0;0.0;-0.67;4.21
67.0;83.53;55.0;-0.31;3.79
149.0;117.79;118.0;0.79;3.59
290.0;406.55;144.0;2.01;4.83
287.0;192.97;205.0;2.86;5.17
432.0;655.48;133.0;3.33;5.59
227.0;48.82;205.0;3.89;6.34
140.0;2.45;139.0;4.47;6.76
176.0;74.98;151.0;4.24;5.52
0.0;0.0;0.0;3.85;5.79
0.0;0.0;0.0;3.47;6.0
0.0;0.0;0.0;3.03;6.41
0.0;0.0;0.0;2.26;7.1
0.0;0.0;0.0;1.93;7.38
0.0;0.0;0.0;2.85;7.52
0.0;0.0;0.0;4.04;7.66
0.0;0.0;0.0;5.04;7.86
0.0;0.0;0.0;5.6;8.14
0.0;0.0;0.0;5.99;8.21
0.0;0.0;0.0;6.26;8.0
0.0;0.0;0.0;6.45;7.93
0.0;0.0;0.0;6.63;8.0
0.0;0.0;0.0;6.76;7.93
0.0;0.0;0.0;6.9;7.45
0.0;0.0;0.0;6.44;7.03
0.0;0.0;0.0;6.57;6.83
0.0;0.0;0.0;6.61;7.03
0.0;0.0;0.0;6.86;6.9
0.0;0.0;0.0;7.18;7.52
0.0;0.0;0.0;7.37;7.86
0.0;0.0;0.0;7.4;8.07
0.0;0.0;0.0;7.21;8.0
0.0;0.0;0.0;6.83;7.59
0.0;0.0;0.0;6.34;6.97
0.0;0.0;0.0;5.71;6.62
0.0;0.0;0.0;4.8;6.07
0.0;0.0;0.0;4.16;5.59
0.0;0.0;0.0;4.24;5.24
0.0;0.0;0.0;3.95;4.97
0.0;0.0;0.0;3.63;4.55
0.0;0.0;0.0;3.42;4.21
0.0;0.0;0.0;3.21;3.79
0.0;0.0;0.0;3.01;3.45
0.0;0.0;0.0;3.14;3.24
0.0;0.0;0.0;3.44;2.97
0.0;0.0;0.0;3.61;2.69
0.0;0.0;0.0;3.96;2.41
0.0;0.0;0.0;4.05;2.34
0.0;0.0;0.0;4.56;2.48
44.0;6.4;43.0;4.9;2.55
99.0;10.88;96.0;5.67;3.03
96.0;0.0;96.0;6.52;3.03
110.0;0.0;110.0;7.55;4.48
77.0;0.0;77.0;8.33;4.41
40.0;0.0;40.0;8.99;4.48
90.0;0.0;90.0;8.99;5.24
62.0;0.0;62.0;8.25;4.28
36.0;0.0;36.0;7.81;4.41
8.0;0.0;8.0;7.03;4.48
0.0;0.0;0.0;6.31;4.21
0.0;0.0;0.0;5.88;4.41
0.0;0.0;0.0;5.92;5.17
0.0;0.0;0.0;5.93;5.72
0.0;0.0;0.0;5.54;5.66
0.0;0.0;0.0;5.01;4.97
0.0;0.0;0.0;4.57;4.69
0.0;0.0;0.0;4.24;4.62
0.0;0.0;0.0;3.9;4.69
0.0;0.0;0.0;3.83;4.76
0.0;0.0;0.0;3.83;4.83
0.0;0.0;0.0;3.79;4.76
0.0;0.0;0.0;3.9;4.69
0.0;0.0;0.0;3.78;4.62
97.0;202.87;64.0;4.25;4.76
241.0;559.96;83.0;5.24;4.14
360.0;727.61;85.0;6.38;6.69
408.0;626.83;130.0;7.21;6.83
288.0;124.38;229.0;7.87;6.97
195.0;17.08;187.0;8.57;7.17
282.0;187.78;202.0;8.78;6.83
252.0;279.88;154.0;8.63;6.76
118.0;60.99;103.0;8.15;5.86
44.0;33.2;40.0;7.4;5.59
0.0;0.0;0.0;6.67;5.59
0.0;0.0;0.0;6.08;5.79
0.0;0.0;0.0;6.39;6.55
0.0;0.0;0.0;6.33;6.69
0.0;0.0;0.0;6.28;6.9
0.0;0.0;0.0;6.34;6.97
0.0;0.0;0.0;6.43;6.97
0.0;0.0;0.0;6.38;6.9
0.0;0.0;0.0;6.38;6.76
0.0;0.0;0.0;6.38;6.55
0.0;0.0;0.0;6.42;6.28
0.0;0.0;0.0;6.39;5.93
0.0;0.0;0.0;6.33;5.59
4.0;0.0;4.0;6.37;5.38
36.0;0.0;36.0;6.65;4.83
83.0;0.0;83.0;6.78;4.83
62.0;0.0;62.0;6.92;4.9
118.0;0.0;118.0;7.01;5.24
233.0;41.63;213.0;7.04;4.9
138.0;0.0;138.0;7.14;4.69
114.0;0.0;114.0;7.17;4.62
197.0;98.4;162.0;7.7;3.59
87.0;7.96;85.0;7.79;4.07
26.0;0.0;26.0;7.37;4.0
0.0;0.0;0.0;6.82;3.45
0.0;0.0;0.0;6.26;3.31
0.0;0.0;0.0;5.94;3.1
0.0;0.0;0.0;5.97;2.97
0.0;0.0;0.0;6.01;2.9
0.0;0.0;0.0;6.03;2.69
0.0;0.0;0.0;6.07;2.97
0.0;0.0;0.0;6.19;3.52
0.0;0.0;0.0;6.29;4.07
0.0;0.0;0.0;6.22;4.28
0.0;0.0;0.0;5.86;4.14
0.0;0.0;0.0;5.43;3.72
0.0;0.0;0.0;4.96;3.45
11.0;24.78;10.0;4.65;3.45
92.0;119.69;71.0;4.84;3.93
231.0;417.1;108.0;5.53;5.38
198.0;58.89;175.0;6.1;6.14
121.0;0.0;121.0;6.86;5.72
146.0;0.0;146.0;7.6;5.72
136.0;0.0;136.0;7.88;5.66
364.0;443.47;170.0;8.09;5.59
241.0;207.61;166.0;8.17;5.66
144.0;124.65;112.0;7.6;4.76
73.0;183.23;49.0;7.05;5.1
0.0;0.0;0.0;6.65;5.1
0.0;0.0;0.0;6.59;5.31
0.0;0.0;0.0;6.27;5.59
0.0;0.0;0.0;6.09;5.52
0.0;0.0;0.0;6.13;5.66
0.0;0.0;0.0;6.31;5.59
0.0;0.0;0.0;6.5;5.66
0.0;0.0;0.0;6.58;5.59
0.0;0.0;0.0;6.57;5.24
0.0;0.0;0.0;6.47;4.97
0.0;0.0;0.0;6.28;4.97
0.0;0.0;0.0;6.02;4.97
0.0;0.0;0.0;5.82;4.97
18.0;128.32;12.0;5.78;5.03
106.0;175.95;74.0;5.85;4.97
237.0;424.86;109.0;6.59;5.17
242.0;141.11;186.0;7.21;6.69
234.0;54.11;209.0;7.55;6.9
87.0;0.0;87.0;7.58;6.76
42.0;0.0;42.0;7.79;7.45
62.0;0.0;62.0;8.25;6.48
172.0;43.62;156.0;8.11;6.48
23.0;0.0;23.0;8.05;5.52
66.0;102.77;52.0;7.17;6.41
0.0;0.0;0.0;6.27;5.17
0.0;0.0;0.0;5.79;4.76
0.0;0.0;0.0;5.61;5.66
0.0;0.0;0.0;5.47;5.52
0.0;0.0;0.0;5.3;5.03
0.0;0.0;0.0;4.96;4.76
0.0;0.0;0.0;4.4;4.55
0.0;0.0;0.0;4.28;4.48
0.0;0.0;0.0;3.98;4.48
0.0;0.0;0.0;3.83;4.62
0.0;0.0;0.0;3.99;4.97
0.0;0.0;0.0;3.48;4.14
0.0;0.0;0.0;3.1;3.72
2.0;0.0;2.0;3.36;3.38
37.0;0.0;37.0;4.49;4.41
39.0;0.0;39.0;4.63;4.28
139.0;4.96;137.0;4.77;4.69
95.0;0.0;95.0;5.22;4.48
113.0;0.0;113.0;5.86;4.69
285.0;99.62;236.0;6.3;5.31
275.0;133.68;215.0;6.15;5.24
122.0;2.69;121.0;5.56;6.28
156.0;142.09;118.0;5.06;5.86
64.0;77.76;53.0;4.75;5.59
0.0;0.0;0.0;4.61;5.03
0.0;0.0;0.0;4.47;4.83
0.0;0.0;0.0;5.07;5.03
0.0;0.0;0.0;4.95;4.83
0.0;0.0;0.0;4.87;4.69
0.0;0.0;0.0;4.72;4.69
0.0;0.0;0.0;4.63;4.62
0.0;0.0;0.0;4.66;4.34
0.0;0.0;0.0;4.53;4.0
0.0;0.0;0.0;4.47;3.59
0.0;0.0;0.0;4.47;3.24
0.0;0.0;0.0;4.48;2.97
0.0;0.0;0.0;4.42;2.76
15.0;16.77;14.0;4.47;2.76
117.0;189.99;80.0;5.02;3.24
208.0;216.52;140.0;5.56;2.97
209.0;61.06;184.0;6.58;3.31
266.0;86.42;225.0;7.0;3.66
302.0;112.98;245.0;7.59;4.34
124.0;0.0;124.0;7.79;5.1
217.0;39.6;199.0;7.55;5.72
184.0;50.3;165.0;7.71;6.28
148.0;102.65;120.0;7.04;6.69
75.0;122.72;57.0;6.71;6.48
0.0;0.0;0.0;6.26;6.21
0.0;0.0;0.0;5.72;6.0
0.0;0.0;0.0;5.29;5.79
0.0;0.0;0.0;4.98;5.66
0.0;0.0;0.0;4.65;5.24
0.0;0.0;0.0;4.4;4.9
0.0;0.0;0.0;4.29;4.76
0.0;0.0;0.0;4.04;4.48
0.0;0.0;0.0;3.98;4.07
0.0;0.0;0.0;3.73;3.72
0.0;0.0;0.0;3.36;3.24
0.0;0.0;0.0;3.01;2.76
0.0;0.0;0.0;2.68;2.62
8.0;0.0;8.0;2.69;2.55
32.0;0.0;32.0;2.34;1.93
56.0;0.0;56.0;1.96;1.72
72.0;0.0;72.0;2.18;2.41
107.0;0.0;107.0;2.5;2.69
81.0;0.0;81.0;2.78;2.62
113.0;0.0;113.0;3.68;2.97
291.0;147.79;223.0;5.0;3.66
224.0;114.81;180.0;5.69;3.52
248.0;636.48;71.0;6.07;3.17
115.0;480.65;42.0;5.77;2.97
0.0;0.0;0.0;4.98;3.03
0.0;0.0;0.0;4.05;3.1
0.0;0.0;0.0;3.66;3.31
0.0;0.0;0.0;3.39;3.52
0.0;0.0;0.0;3.3;3.66
0.0;0.0;0.0;3.24;3.79
0.0;0.0;0.0;3.16;3.79
0.0;0.0;0.0;3.12;3.86
0.0;0.0;0.0;3.06;3.86
0.0;0.0;0.0;3.15;3.72
0.0;0.0;0.0;3.24;3.59
0.0;0.0;0.0;3.33;3.45
0.0;0.0;0.0;3.45;3.45
24.0;41.32;21.0;3.54;3.45
101.0;72.23;86.0;4.06;3.45
225.0;241.71;146.0;5.05;4.41
268.0;156.39;202.0;6.05;4.55
296.0;121.23;237.0;7.04;4.41
399.0;315.6;236.0;7.85;4.34
213.0;15.71;205.0;7.97;4.07
154.0;2.15;153.0;8.2;3.86
146.0;10.29;142.0;8.18;3.93
201.0;292.88;118.0;7.29;3.79
107.0;337.43;54.0;6.53;2.9
0.0;0.0;0.0;5.73;2.41
0.0;0.0;0.0;4.78;2.34
0.0;0.0;0.0;4.5;2.34
0.0;0.0;0.0;3.94;2.34
0.0;0.0;0.0;3.51;2.21
0.0;0.0;0.0;3.14;2.21
0.0;0.0;0.0;2.62;2.14
0.0;0.0;0.0;2.3;2.07
0.0;0.0;0.0;1.87;2.07
0.0;0.0;0.0;1.81;1.79
0.0;0.0;0.0;1.69;1.72
0.0;0.0;0.0;2.18;1.45
0.0;0.0;0.0;2.33;1.38
28.0;50.58;24.0;2.58;1.59
101.0;60.71;88.0;3.15;1.72
136.0;21.01;129.0;3.6;1.93
138.0;2.33;137.0;4.43;1.86
123.0;0.0;123.0;5.35;1.45
115.0;0.0;115.0;6.31;1.24
102.0;0.0;102.0;7.06;1.31
144.0;0.0;144.0;7.49;1.38
129.0;2.54;128.0;7.59;1.45
129.0;38.11;118.0;7.37;1.17
75.0;73.96;63.0;6.72;0.48
0.0;0.0;0.0;5.92;0.41
0.0;0.0;0.0;4.55;1.52
0.0;0.0;0.0;3.34;2.76
0.0;0.0;0.0;2.94;3.31
0.0;0.0;0.0;2.88;3.72
0.0;0.0;0.0;2.88;4.21
0.0;0.0;0.0;2.65;4.9
0.0;0.0;0.0;2.43;5.59
0.0;0.0;0.0;2.31;5.66
0.0;0.0;0.0;1.97;5.03
0.0;0.0;0.0;1.57;4.69
0.0;0.0;0.0;1.22;4.34
0.0;0.0;0.0;0.86;4.14
39.0;116.84;29.0;0.73;4.07
101.0;49.87;90.0;1.85;5.66
193.0;103.06;158.0;3.1;6.55
417.0;685.79;119.0;3.76;7.72
489.0;705.53;137.0;4.15;8.0
569.0;925.52;80.0;4.37;8.14
552.0;888.96;89.0;4.41;7.93
500.0;872.33;84.0;4.51;7.59
408.0;836.06;74.0;4.57;7.45
267.0;646.41;77.0;4.41;6.97
133.0;519.71;46.0;4.17;6.21
0.0;0.0;0.0;3.72;5.38
0.0;0.0;0.0;3.23;4.9
0.0;0.0;0.0;2.85;4.41
0.0;0.0;0.0;2.35;4.0
0.0;0.0;0.0;1.82;3.66
0.0;0.0;0.0;1.3;3.38
0.0;0.0;0.0;0.79;2.9
0.0;0.0;0.0;0.35;2.62
0.0;0.0;0.0;0.01;2.41
0.0;0.0;0.0;-0.25;2.41
0.0;0.0;0.0;-0.36;2.41
0.0;0.0;0.0;-0.36;2.48
0.0;0.0;0.0;-0.33;2.55
44.0;130.3;32.0;-0.09;2.69
193.0;576.98;62.0;1.21;2.83
334.0;742.83;77.0;2.39;3.59
455.0;857.58;77.0;3.16;4.28
535.0;901.0;80.0;3.72;4.48
493.0;574.64;186.0;4.17;4.41
435.0;387.43;231.0;4.73;4.41
447.0;599.06;158.0;5.04;4.14
411.0;829.91;75.0;5.05;3.86
272.0;651.8;77.0;4.87;3.45
130.0;440.48;54.0;4.42;2.69
7.0;0.0;7.0;3.5;2.14
0.0;0.0;0.0;2.41;1.66
0.0;0.0;0.0;1.43;2.34
0.0;0.0;0.0;0.92;2.14
0.0;0.0;0.0;0.56;2.0
0.0;0.0;0.0;0.27;2.34
0.0;0.0;0.0;0.19;2.69
0.0;0.0;0.0;0.2;2.83
0.0;0.0;0.0;0.14;2.9
0.0;0.0;0.0;0.1;2.9
0.0;0.0;0.0;-0.05;2.97
0.0;0.0;0.0;-0.17;2.97
0.0;0.0;0.0;-0.26;2.9
68.0;415.8;27.0;-0.23;2.83
0.0;0.0;0.0;1.05;2.83
343.0;757.81;76.0;2.39;3.03
430.0;697.99;118.0;3.43;3.79
468.0;565.5;179.0;4.1;3.93
337.0;124.05;270.0;4.55;3.93
404.0;279.95;255.0;4.92;4.0
347.0;223.4;238.0;5.07;4.0
383.0;650.89;116.0;5.03;3.93
278.0;657.07;78.0;4.74;3.66
136.0;455.92;55.0;4.26;2.97
9.0;0.0;9.0;3.19;2.34
0.0;0.0;0.0;1.87;2.34
0.0;0.0;0.0;0.98;2.62
0.0;0.0;0.0;0.34;2.69
0.0;0.0;0.0;0.16;2.83
0.0;0.0;0.0;0.1;2.9
0.0;0.0;0.0;0.24;2.76
0.0;0.0;0.0;0.08;2.55
0.0;0.0;0.0;-0.18;2.28
0.0;0.0;0.0;-0.69;2.07
0.0;0.0;0.0;-1.38;2.0
0.0;0.0;0.0;-2.06;1.93
0.0;0.0;0.0;-2.52;1.72
57.0;190.27;37.0;-1.89;1.24
124.0;87.52;103.0;-0.84;1.1
261.0;284.38;159.0;1.35;0.69
319.0;227.27;216.0;1.94;0.41
387.0;274.62;245.0;2.39;1.17
540.0;739.97;136.0;2.96;2.14
402.0;269.57;257.0;3.41;3.1
283.0;91.2;238.0;3.31;3.93
161.0;9.63;157.0;3.1;4.9
176.0;113.06;141.0;2.53;4.9
39.0;0.0;39.0;2.05;5.93
7.0;0.0;7.0;1.59;6.55
0.0;0.0;0.0;1.44;6.97
0.0;0.0;0.0;1.3;6.76
0.0;0.0;0.0;1.21;6.0
0.0;0.0;0.0;1.15;5.66
0.0;0.0;0.0;1.12;5.31
0.0;0.0;0.0;0.97;4.9
0.0;0.0;0.0;0.9;4.21
0.0;0.0;0.0;1.03;3.38
0.0;0.0;0.0;1.37;2.0
0.0;0.0;0.0;1.5;1.38
0.0;0.0;0.0;1.47;1.31
0.0;0.0;0.0;1.33;1.52
70.0;304.61;36.0;1.33;1.79
65.0;0.0;65.0;2.31;1.45
99.0;0.0;99.0;2.89;2.07
158.0;4.35;156.0;3.12;3.93
139.0;0.0;139.0;2.84;5.38
113.0;0.0;113.0;2.35;6.97
173.0;0.0;173.0;2.1;8.28
215.0;20.05;205.0;2.03;8.55
131.0;2.38;130.0;1.84;8.55
64.0;0.0;64.0;1.68;8.62
50.0;0.0;50.0;1.65;8.41
17.0;102.45;12.0;1.59;8.69
0.0;0.0;0.0;1.41;8.55
0.0;0.0;0.0;1.28;8.76
0.0;0.0;0.0;0.74;8.76
0.0;0.0;0.0;0.46;8.62
0.0;0.0;0.0;0.11;8.41
0.0;0.0;0.0;-0.15;8.21
0.0;0.0;0.0;-0.48;8.14
0.0;0.0;0.0;-0.9;8.0
0.0;0.0;0.0;-1.36;8.0
0.0;0.0;0.0;-1.74;7.79
0.0;0.0;0.0;-2.05;7.52
0.0;0.0;0.0;-2.36;7.1
80.0;364.04;37.0;-2.51;7.17
119.0;51.42;106.0;-2.73;7.31
249.0;196.6;176.0;-2.71;7.38
283.0;118.14;228.0;-2.61;7.38
424.0;345.9;241.0;-2.39;6.69
505.0;529.09;210.0;-2.26;6.34
487.0;493.53;216.0;-2.05;6.28
446.0;499.75;194.0;-1.8;6.21
376.0;521.05;154.0;-1.92;6.07
228.0;271.98;141.0;-1.99;6.07
141.0;368.03;70.0;-2.16;5.24
21.0;111.43;15.0;-2.61;4.34
0.0;0.0;0.0;-3.2;3.72
0.0;0.0;0.0;-3.01;3.59
0.0;0.0;0.0;-3.41;2.9
0.0;0.0;0.0;-4.36;2.14
0.0;0.0;0.0;-4.49;1.59
0.0;0.0;0.0;-4.12;1.38
0.0;0.0;0.0;-3.84;1.31
0.0;0.0;0.0;-3.55;1.24
0.0;0.0;0.0;-3.29;1.24
0.0;0.0;0.0;-2.64;1.17
0.0;0.0;0.0;-3.01;1.17
0.0;0.0;0.0;-3.73;1.38
57.0;88.28;46.0;-5.14;1.59
127.0;61.72;111.0;-5.31;1.72
242.0;164.2;180.0;-3.12;2.21
176.0;6.36;173.0;-2.25;2.69
208.0;7.48;204.0;-1.88;3.45
158.0;0.0;158.0;-1.44;4.55
92.0;0.0;92.0;-0.91;5.03
207.0;11.77;201.0;-0.54;4.62
210.0;41.74;192.0;-0.19;4.55
75.0;0.0;75.0;-0.05;4.9
55.0;0.0;55.0;-0.03;4.83
9.0;0.0;9.0;-0.11;4.76
0.0;0.0;0.0;-0.28;4.41
0.0;0.0;0.0;-0.68;3.93
0.0;0.0;0.0;-0.96;3.1
0.0;0.0;0.0;-1.09;2.55
0.0;0.0;0.0;-1.25;2.28
0.0;0.0;0.0;-1.53;2.07
0.0;0.0;0.0;-2.14;2.07
0.0;0.0;0.0;-2.85;1.93
0.0;0.0;0.0;-3.5;1.79
0.0;0.0;0.0;-4.2;1.59
0.0;0.0;0.0;-4.64;1.52
0.0;0.0;0.0;-4.59;1.45
16.0;0.0;16.0;-4.14;1.38
193.0;316.25;109.0;-3.9;1.66
241.0;151.1;183.0;-3.14;1.86
250.0;58.61;222.0;-0.35;1.79
151.0;0.0;151.0;0.65;2.28
163.0;0.0;163.0;1.24;2.28
138.0;0.0;138.0;1.87;2.0
216.0;13.59;209.0;1.62;1.24
276.0;146.63;212.0;1.49;1.38
239.0;287.82;144.0;0.67;1.93
137.0;275.88;81.0;0.25;2.48
35.0;281.78;17.0;-0.41;2.97
0.0;0.0;0.0;-1.16;3.1
0.0;0.0;0.0;-1.38;2.83
0.0;0.0;0.0;-1.87;2.97
0.0;0.0;0.0;-1.89;3.24
0.0;0.0;0.0;-1.87;3.52
0.0;0.0;0.0;-1.66;3.72
0.0;0.0;0.0;-1.72;3.93
0.0;0.0;0.0;-1.87;4.0
0.0;0.0;0.0;-2.04;4.0
0.0;0.0;0.0;-2.22;3.86
0.0;0.0;0.0;-2.4;3.72
0.0;0.0;0.0;-2.67;3.59
76.0;167.21;53.0;-2.56;3.52
161.0;139.71;123.0;-1.47;3.03
108.0;0.0;108.0;-0.39;4.55
148.0;0.0;148.0;0.31;4.55
424.0;299.94;260.0;0.76;4.48
428.0;252.31;283.0;1.11;4.48
454.0;335.9;264.0;1.35;4.21
510.0;709.24;141.0;1.59;3.72
438.0;769.85;98.0;1.64;3.17
311.0;668.4;87.0;1.41;2.69
177.0;591.39;54.0;0.95;2.21
39.0;304.9;18.0;-0.16;1.72
0.0;0.0;0.0;-1.83;1.86
0.0;0.0;0.0;-0.26;1.03
0.0;0.0;0.0;-2.1;1.38
0.0;0.0;0.0;-2.84;1.52
0.0;0.0;0.0;-4.0;1.72
0.0;0.0;0.0;-4.2;1.72
0.0;0.0;0.0;-4.48;1.79
0.0;0.0;0.0;-4.28;1.72
0.0;0.0;0.0;-3.76;1.59
0.0;0.0;0.0;-3.5;1.52
0.0;0.0;0.0;-1.8;1.24
0.0;0.0;0.0;-1.57;0.9
14.0;0.0;14.0;-1.48;0.41
164.0;136.53;126.0;-5.43;2.28
284.0;252.34;184.0;-1.23;3.38
290.0;104.11;239.0;0.17;3.66
349.0;130.29;277.0;0.68;3.59
419.0;224.01;289.0;1.18;3.45
354.0;117.32;287.0;1.5;3.1
375.0;222.63;258.0;1.55;2.83
421.0;653.58;129.0;1.56;2.83
275.0;420.39;132.0;1.46;2.9
162.0;408.52;75.0;1.05;2.55
38.0;203.1;23.0;0.07;1.86
0.0;0.0;0.0;-1.74;1.86
0.0;0.0;0.0;-3.37;1.93
0.0;0.0;0.0;-3.9;1.72
0.0;0.0;0.0;-3.51;1.59
0.0;0.0;0.0;-3.44;1.59
0.0;0.0;0.0;-3.63;1.59
0.0;0.0;0.0;-5.25;1.79
0.0;0.0;0.0;-5.94;1.93
0.0;0.0;0.0;-6.45;2.07
0.0;0.0;0.0;-6.35;2.0
0.0;0.0;0.0;-6.4;1.93
0.0;0.0;0.0;-6.54;2.0
97.0;272.55;56.0;-5.92;1.86
219.0;379.41;111.0;-3.27;1.59
373.0;638.57;116.0;-2.75;1.72
507.0;826.89;97.0;1.16;1.79
578.0;839.88;109.0;2.09;1.86
545.0;578.58;206.0;2.43;2.0
513.0;497.84;226.0;2.65;2.0
490.0;582.17;181.0;2.86;1.86
428.0;666.13;127.0;2.89;1.66
231.0;205.7;160.0;2.53;1.24
145.0;256.98;89.0;2.41;1.1
40.0;190.32;25.0;1.93;2.0
0.0;0.0;0.0;0.53;2.62
0.0;0.0;0.0;0.05;2.83
0.0;0.0;0.0;-0.36;3.03
0.0;0.0;0.0;-0.69;2.97
0.0;0.0;0.0;-0.85;2.97
0.0;0.0;0.0;-0.83;2.97
0.0;0.0;0.0;-0.85;2.97
0.0;0.0;0.0;-0.77;2.97
0.0;0.0;0.0;-0.64;2.97
0.0;0.0;0.0;-0.62;3.17
0.0;0.0;0.0;-0.46;3.45
0.0;0.0;0.0;-0.26;3.52
100.0;267.79;58.0;0.19;3.59
137.0;51.56;122.0;1.72;3.59
281.0;225.16;189.0;3.02;4.48
352.0;225.19;239.0;4.13;5.03
315.0;77.99;271.0;5.08;5.59
324.0;69.32;283.0;5.39;6.0
92.0;0.0;92.0;4.91;5.72
106.0;0.0;106.0;5.0;5.24
171.0;8.75;167.0;5.6;6.28
177.0;65.69;154.0;6.25;4.83
142.0;228.86;91.0;6.3;4.62
27.0;23.88;25.0;5.98;4.83
0.0;0.0;0.0;5.7;4.97
0.0;0.0;0.0;5.32;4.83
0.0;0.0;0.0;5.2;4.76
0.0;0.0;0.0;5.12;4.62
0.0;0.0;0.0;5.05;4.62
0.0;0.0;0.0;5.0;4.69
0.0;0.0;0.0;4.9;4.9
0.0;0.0;0.0;4.85;5.1
0.0;0.0;0.0;4.74;5.17
0.0;0.0;0.0;4.6;5.24
0.0;0.0;0.0;4.54;5.24
0.0;0.0;0.0;4.42;5.24
36.0;0.0;36.0;4.39;5.17
147.0;67.29;127.0;4.99;5.1
138.0;2.41;137.0;5.49;4.69
125.0;0.0;125.0;6.05;4.14
165.0;0.0;165.0;6.85;4.14
334.0;78.73;287.0;7.59;4.55
251.0;17.03;241.0;8.38;5.52
313.0;97.95;260.0;8.85;6.14
291.0;153.7;220.0;8.49;6.41
211.0;138.01;162.0;8.35;5.72
137.0;180.02;96.0;8.0;5.38
41.0;135.31;29.0;7.06;5.17
0.0;0.0;0.0;6.05;4.41
0.0;0.0;0.0;5.18;3.93
0.0;0.0;0.0;4.37;3.93
0.0;0.0;0.0;3.79;3.86
0.0;0.0;0.0;3.29;3.45
0.0;0.0;0.0;3.04;3.66
0.0;0.0;0.0;3.07;3.93
0.0;0.0;0.0;3.31;4.14
0.0;0.0;0.0;3.99;4.34
0.0;0.0;0.0;4.27;4.69
0.0;0.0;0.0;4.63;5.03
0.0;0.0;0.0;5.0;5.38
41.0;0.0;41.0;5.57;5.93
69.0;0.0;69.0;6.69;6.48
116.0;0.0;116.0;7.46;6.21
323.0;147.98;247.0;7.62;6.0
194.0;1.74;193.0;8.22;6.48
228.0;6.64;224.0;8.81;6.34
179.0;0.0;179.0;9.33;6.48
127.0;0.0;127.0;9.53;5.66
163.0;4.28;161.0;10.27;5.38
68.0;0.0;68.0;9.97;5.03
33.0;0.0;33.0;9.39;4.41
5.0;0.0;5.0;8.9;4.0
0.0;0.0;0.0;8.54;3.45
0.0;0.0;0.0;8.35;3.66
0.0;0.0;0.0;8.01;3.17
0.0;0.0;0.0;7.56;2.62
0.0;0.0;0.0;7.14;2.41
0.0;0.0;0.0;6.68;2.34
0.0;0.0;0.0;6.08;2.28
0.0;0.0;0.0;5.73;2.07
0.0;0.0;0.0;5.53;1.72
0.0;0.0;0.0;5.25;1.59
0.0;0.0;0.0;5.08;1.17
2.0;0.0;2.0;4.86;0.76
12.0;0.0;12.0;4.82;0.76
81.0;0.0;81.0;5.91;0.69
122.0;0.0;122.0;7.37;0.83
172.0;1.93;171.0;7.95;1.03
202.0;3.44;200.0;8.33;0.9
428.0;220.45;294.0;8.69;0.97
180.0;0.0;180.0;8.85;1.24
109.0;0.0;109.0;8.9;1.45
138.0;0.0;138.0;9.0;1.59
165.0;38.37;151.0;9.05;1.66
123.0;101.06;99.0;7.44;1.4
36.0;50.77;31.0;7.04;1.69
0.0;0.0;0.0;6.65;1.98
0.0;0.0;0.0;6.26;2.26
0.0;0.0;0.0;5.87;2.55
0.0;0.0;0.0;5.47;2.84
0.0;0.0;0.0;5.08;3.13
0.0;0.0;0.0;4.69;3.42
0.0;0.0;0.0;4.3;3.7
0.0;0.0;0.0;3.91;3.99
0.0;0.0;0.0;3.51;4.28
0.0;0.0;0.0;3.12;4.57
0.0;0.0;0.0;2.73;4.86
6.0;0.0;6.0;2.34;5.14
109.0;221.72;70.0;1.94;5.43
256.0;474.77;109.0;1.55;5.72
370.0;503.77;155.0;4.96;7.72
421.0;367.73;230.0;5.39;8.14
545.0;602.24;195.0;5.84;8.21
585.0;648.18;191.0;6.18;8.76
601.0;757.95;148.0;6.29;9.66
535.0;687.49;156.0;5.98;9.66
466.0;756.57;109.0;5.72;9.45
260.0;263.13;164.0;5.38;9.1
198.0;538.99;70.0;4.76;8.34
58.0;274.17;31.0;4.06;7.72
0.0;0.0;0.0;3.29;7.03
0.0;0.0;0.0;2.91;6.21
0.0;0.0;0.0;2.49;5.72
0.0;0.0;0.0;2.13;5.45
0.0;0.0;0.0;1.85;5.38
0.0;0.0;0.0;1.62;5.38
0.0;0.0;0.0;1.43;5.31
0.0;0.0;0.0;1.27;5.1
0.0;0.0;0.0;1.12;4.83
0.0;0.0;0.0;0.94;4.41
0.0;0.0;0.0;0.63;4.07
15.0;121.63;10.0;0.36;3.72
142.0;483.01;54.0;0.86;3.79
273.0;547.86;100.0;2.47;3.79
351.0;395.13;180.0;3.7;4.41
448.0;443.65;215.0;4.99;5.03
595.0;784.0;135.0;6.12;5.52
638.0;836.56;125.0;6.85;5.52
631.0;854.29;116.0;7.37;5.66
571.0;817.9;116.0;7.67;5.66
472.0;761.37;109.0;7.8;5.45
347.0;687.09;93.0;7.67;4.97
209.0;586.03;67.0;7.33;4.14
63.0;280.61;34.0;6.37;3.24
0.0;0.0;0.0;5.11;2.69
0.0;0.0;0.0;4.05;3.24
0.0;0.0;0.0;3.42;3.17
0.0;0.0;0.0;2.97;2.97
0.0;0.0;0.0;2.61;2.83
0.0;0.0;0.0;2.26;2.76
0.0;0.0;0.0;1.89;2.76
0.0;0.0;0.0;1.54;2.76
0.0;0.0;0.0;1.22;2.76
0.0;0.0;0.0;0.97;2.69
0.0;0.0;0.0;0.76;2.62
18.0;126.41;12.0;0.62;2.55
145.0;456.37;59.0;1.21;2.28
296.0;664.83;82.0;3.31;1.86
428.0;736.27;105.0;5.27;2.0
537.0;792.97;116.0;6.61;1.79
612.0;825.66;123.0;7.5;1.93
622.0;753.39;156.0;8.07;2.0
543.0;500.02;239.0;8.18;2.0
561.0;755.42;137.0;8.35;2.07
470.0;726.68;120.0;8.29;2.21
351.0;680.94;96.0;7.97;2.14
209.0;562.51;70.0;7.14;2.07
67.0;295.77;35.0;6.32;1.66
0.0;0.0;0.0;4.96;1.86
0.0;0.0;0.0;3.72;2.21
0.0;0.0;0.0;2.72;2.14
0.0;0.0;0.0;1.89;2.0
0.0;0.0;0.0;1.16;2.0
0.0;0.0;0.0;-0.1;2.07
0.0;0.0;0.0;-0.57;2.14
0.0;0.0;0.0;-0.73;2.34
0.0;0.0;0.0;-0.71;2.41
0.0;0.0;0.0;-0.66;2.34
0.0;0.0;0.0;-0.67;2.34
22.0;130.14;15.0;-0.68;2.34
151.0;457.2;62.0;0.48;2.21
301.0;655.57;86.0;3.37;2.28
434.0;735.52;107.0;4.83;3.17
543.0;790.16;119.0;5.67;3.38
560.0;588.9;208.0;6.37;4.07
541.0;444.05;264.0;6.6;4.07
488.0;324.6;289.0;6.96;4.07
519.0;554.56;205.0;7.12;4.0
378.0;320.68;222.0;7.09;3.86
337.0;564.27;123.0;6.92;3.72
216.0;571.71;72.0;6.63;3.52
72.0;318.53;36.0;5.81;2.97
0.0;0.0;0.0;4.35;2.76
0.0;0.0;0.0;3.27;2.69
0.0;0.0;0.0;2.4;2.69
0.0;0.0;0.0;1.69;2.83
0.0;0.0;0.0;1.23;2.9
0.0;0.0;0.0;1.01;2.9
0.0;0.0;0.0;1.07;2.83
0.0;0.0;0.0;1.07;2.76
0.0;0.0;0.0;1.13;2.69
0.0;0.0;0.0;1.28;2.62
0.0;0.0;0.0;1.33;2.62
4.0;0.0;4.0;1.37;2.55
95.0;69.71;81.0;2.02;2.34
247.0;317.38;141.0;3.6;2.34
398.0;539.49;155.0;5.1;3.03
413.0;295.08;253.0;6.19;3.31
539.0;512.31;230.0;6.88;3.45
613.0;685.19;182.0;7.39;3.59
607.0;707.01;170.0;7.59;3.72
534.0;612.85;184.0;7.73;3.86
436.0;535.37;173.0;7.62;3.86
292.0;335.95;163.0;7.22;3.86
205.0;467.62;85.0;6.77;3.66
66.0;203.7;42.0;6.16;2.9
0.0;0.0;0.0;5.26;2.21
0.0;0.0;0.0;4.18;1.86
0.0;0.0;0.0;3.4;1.66
0.0;0.0;0.0;2.34;1.66
0.0;0.0;0.0;1.2;1.52
0.0;0.0;0.0;0.27;1.66
0.0;0.0;0.0;-0.34;1.72
0.0;0.0;0.0;-0.66;1.72
0.0;0.0;0.0;-0.93;1.72
0.0;0.0;0.0;-1.03;1.72
0.0;0.0;0.0;-1.26;1.79
26.0;90.45;20.0;-0.95;1.66
159.0;449.32;66.0;0.6;1.24
298.0;576.54;102.0;3.55;0.62
436.0;708.01;113.0;5.67;0.69
543.0;761.22;126.0;6.78;0.97
615.0;792.1;133.0;7.63;1.24
649.0;816.8;131.0;8.3;1.31
632.0;797.66;135.0;8.89;1.59
576.0;776.12;129.0;9.3;1.93
479.0;717.74;123.0;9.49;2.28
359.0;661.19;102.0;9.43;2.48
216.0;528.06;78.0;9.04;2.55
85.0;407.83;35.0;8.1;2.34
0.0;0.0;0.0;6.55;2.76
0.0;0.0;0.0;5.66;3.72
0.0;0.0;0.0;4.87;4.07
0.0;0.0;0.0;4.47;4.34
0.0;0.0;0.0;4.34;4.69
0.0;0.0;0.0;4.35;4.97
0.0;0.0;0.0;4.26;5.1
0.0;0.0;0.0;4.43;5.17
0.0;0.0;0.0;4.57;5.24
0.0;0.0;0.0;4.59;5.31
0.0;0.0;0.0;4.54;5.31
16.0;0.0;16.0;4.6;5.24
45.0;0.0;45.0;5.26;5.31
72.0;0.0;72.0;6.27;6.07
122.0;0.0;122.0;7.07;6.62
237.0;19.88;226.0;8.01;6.21
271.0;21.18;258.0;8.58;6.28
531.0;406.7;271.0;9.13;6.21
449.0;230.89;304.0;9.75;6.34
345.0;108.48;282.0;10.04;6.69
259.0;61.91;228.0;9.56;6.69
277.0;261.85;174.0;9.2;6.48
191.0;334.57;102.0;8.72;5.79
68.0;172.74;46.0;7.95;4.97
0.0;0.0;0.0;7.06;5.24
0.0;0.0;0.0;6.78;4.9
0.0;0.0;0.0;6.47;4.62
0.0;0.0;0.0;6.16;4.55
0.0;0.0;0.0;5.86;4.55
0.0;0.0;0.0;5.63;4.48
0.0;0.0;0.0;5.5;4.55
0.0;0.0;0.0;5.49;4.83
0.0;0.0;0.0;5.53;4.97
0.0;0.0;0.0;5.59;5.03
0.0;0.0;0.0;5.61;4.9
19.0;12.7;18.0;5.62;4.55
42.0;0.0;42.0;6.16;4.21
131.0;11.37;127.0;7.29;3.59
436.0;656.51;129.0;8.86;3.59
549.0;746.25;132.0;10.51;3.59
620.0;775.35;140.0;11.66;3.86
650.0;786.85;143.0;12.15;3.72
640.0;796.35;136.0;12.41;3.24
580.0;758.35;136.0;12.6;2.55
467.0;621.34;153.0;12.61;2.07
358.0;613.09;114.0;12.39;1.72
224.0;532.01;80.0;11.82;1.38
84.0;295.25;45.0;10.72;1.03
0.0;0.0;0.0;9.1;1.17
0.0;0.0;0.0;6.67;1.45
0.0;0.0;0.0;5.08;1.66
0.0;0.0;0.0;4.0;1.86
0.0;0.0;0.0;3.69;2.14
0.0;0.0;0.0;4.11;2.41
0.0;0.0;0.0;4.29;2.62
0.0;0.0;0.0;4.33;2.69
0.0;0.0;0.0;4.21;2.69
0.0;0.0;0.0;4.01;2.69
0.0;0.0;0.0;3.95;2.76
5.0;0.0;5.0;3.57;2.83
106.0;66.63;91.0;4.16;2.83
303.0;508.97;121.0;5.63;3.1
337.0;243.0;222.0;7.18;3.59
517.0;581.35;189.0;8.58;3.93
625.0;765.7;147.0;9.63;4.21
654.0;776.17;150.0;10.34;4.34
640.0;771.51;148.0;10.65;4.41
584.0;750.62;141.0;10.58;4.48
478.0;651.01;146.0;10.01;4.48
360.0;593.67;121.0;9.54;4.41
221.0;468.59;92.0;8.63;4.34
83.0;255.85;48.0;7.6;4.28
0.0;0.0;0.0;6.68;4.14
0.0;0.0;0.0;6.33;3.86
0.0;0.0;0.0;5.68;3.72
0.0;0.0;0.0;5.31;3.72
0.0;0.0;0.0;5.04;3.86
0.0;0.0;0.0;4.89;3.72
0.0;0.0;0.0;4.74;3.66
0.0;0.0;0.0;4.62;3.66
0.0;0.0;0.0;4.52;3.59
0.0;0.0;0.0;4.47;3.66
0.0;0.0;0.0;4.33;3.72
13.0;0.0;13.0;4.27;3.52
55.0;0.0;55.0;4.45;3.93
96.0;0.0;96.0;4.95;3.59
134.0;0.0;134.0;5.62;3.38
156.0;0.0;156.0;6.39;3.31
165.0;0.0;165.0;7.76;3.31
271.0;12.23;263.0;8.97;3.17
576.0;518.3;243.0;10.08;2.9
593.0;766.61;137.0;10.72;2.62
496.0;711.3;130.0;11.09;2.34
372.0;633.7;114.0;11.11;2.07
232.0;521.64;86.0;10.8;2.07
86.0;247.38;51.0;10.16;1.79
0.0;0.0;0.0;9.3;1.52
0.0;0.0;0.0;8.11;1.1
0.0;0.0;0.0;7.08;0.83
0.0;0.0;0.0;7.2;0.69
0.0;0.0;0.0;5.78;0.97
0.0;0.0;0.0;4.18;1.24
0.0;0.0;0.0;2.79;1.72
0.0;0.0;0.0;3.08;2.14
0.0;0.0;0.0;3.83;2.41
0.0;0.0;0.0;4.39;2.62
0.0;0.0;0.0;5.65;2.9
6.0;0.0;6.0;6.11;3.17
142.0;181.48;99.0;7.29;3.1
227.0;159.86;168.0;8.91;2.83
429.0;563.69;156.0;10.87;2.9
541.0;662.79;160.0;12.86;2.9
610.0;693.48;170.0;14.6;3.1
642.0;717.58;169.0;15.89;3.31
613.0;655.12;189.0;16.76;3.59
514.0;470.45;232.0;17.28;3.86
280.0;75.13;241.0;17.31;4.21
33.0;0.0;33.0;15.97;3.93
100.0;10.55;97.0;15.31;3.66
69.0;95.8;55.0;13.53;4.83
0.0;0.0;0.0;10.7;5.38
0.0;0.0;0.0;8.79;6.0
0.0;0.0;0.0;7.23;6.14
0.0;0.0;0.0;6.01;7.79
0.0;0.0;0.0;5.22;8.14
0.0;0.0;0.0;5.26;8.21
0.0;0.0;0.0;5.17;7.38
0.0;0.0;0.0;5.42;6.9
0.0;0.0;0.0;5.51;6.62
0.0;0.0;0.0;5.46;6.28
0.0;0.0;0.0;5.38;6.21
59.0;242.85;34.0;5.59;6.14
169.0;300.69;96.0;6.11;6.14
179.0;48.04;161.0;7.24;6.83
303.0;138.85;235.0;8.05;7.38
433.0;275.83;273.0;8.55;6.97
496.0;309.62;298.0;9.24;6.97
515.0;305.73;312.0;9.65;7.17
504.0;303.74;306.0;9.8;7.31
442.0;251.67;290.0;9.02;7.93
263.0;49.66;237.0;8.6;7.66
152.0;7.21;149.0;7.86;6.28
57.0;0.0;57.0;6.8;5.79
37.0;0.0;37.0;5.75;5.93
0.0;0.0;0.0;4.63;5.31
0.0;0.0;0.0;4.08;4.41
0.0;0.0;0.0;3.81;3.72
0.0;0.0;0.0;3.68;3.31
0.0;0.0;0.0;3.59;3.03
0.0;0.0;0.0;3.76;4.07
0.0;0.0;0.0;4.0;4.62
0.0;0.0;0.0;4.03;5.72
0.0;0.0;0.0;3.84;6.34
0.0;0.0;0.0;3.65;6.28
0.0;0.0;0.0;3.55;6.14
42.0;55.11;36.0;3.64;6.07
189.0;398.3;90.0;4.29;6.28
315.0;454.91;142.0;5.38;6.76
456.0;605.9;156.0;6.16;7.66
520.0;507.5;223.0;6.87;7.93
531.0;375.52;289.0;7.45;8.07
551.0;370.85;303.0;7.64;8.07
525.0;333.6;306.0;7.68;8.07
509.0;404.29;263.0;7.57;7.93
498.0;643.93;158.0;7.25;7.79
399.0;703.81;103.0;6.84;7.72
255.0;589.5;82.0;6.24;7.45
110.0;386.17;50.0;5.61;6.55
0.0;0.0;0.0;4.88;6.14
0.0;0.0;0.0;4.36;5.72
0.0;0.0;0.0;3.94;5.17
0.0;0.0;0.0;3.65;4.83
0.0;0.0;0.0;3.4;4.48
0.0;0.0;0.0;3.54;4.34
0.0;0.0;0.0;3.78;4.28
0.0;0.0;0.0;3.74;4.0
0.0;0.0;0.0;3.55;3.72
0.0;0.0;0.0;3.63;3.59
0.0;0.0;0.0;3.98;3.52
15.0;0.0;15.0;4.33;3.66
20.0;0.0;20.0;4.82;3.93
66.0;0.0;66.0;5.05;4.62
81.0;0.0;81.0;5.7;5.03
94.0;0.0;94.0;6.72;5.17
166.0;0.0;166.0;7.54;5.24
118.0;0.0;118.0;8.1;5.38
149.0;0.0;149.0;8.48;5.79
109.0;0.0;109.0;8.68;6.0
128.0;0.0;128.0;8.59;6.0
160.0;11.77;155.0;8.75;5.72
134.0;46.99;120.0;8.77;5.31
61.0;37.51;55.0;8.68;5.45
0.0;0.0;0.0;8.34;5.1
0.0;0.0;0.0;7.92;4.76
0.0;0.0;0.0;7.58;4.76
0.0;0.0;0.0;7.39;4.83
0.0;0.0;0.0;7.02;4.76
0.0;0.0;0.0;6.67;4.62
0.0;0.0;0.0;6.48;4.41
0.0;0.0;0.0;6.67;4.0
0.0;0.0;0.0;6.85;3.59
0.0;0.0;0.0;7.04;3.45
0.0;0.0;0.0;7.28;3.72
18.0;0.0;18.0;7.74;4.21
41.0;0.0;41.0;8.15;4.62
125.0;2.56;124.0;8.64;4.69
131.0;0.0;131.0;8.94;4.97
157.0;0.0;157.0;9.03;5.45
236.0;4.59;233.0;8.97;4.9
187.0;0.0;187.0;8.66;5.52
157.0;0.0;157.0;8.8;6.21
134.0;0.0;134.0;8.64;6.41
127.0;0.0;127.0;8.14;6.69
120.0;0.0;120.0;7.92;5.45
236.0;439.88;103.0;7.83;6.07
113.0;370.84;52.0;7.35;6.83
0.0;0.0;0.0;6.58;7.31
0.0;0.0;0.0;6.13;7.31
0.0;0.0;0.0;5.72;6.76
0.0;0.0;0.0;5.42;6.48
0.0;0.0;0.0;5.07;6.34
0.0;0.0;0.0;4.86;6.21
0.0;0.0;0.0;4.82;6.21
0.0;0.0;0.0;4.94;6.28
0.0;0.0;0.0;4.99;6.28
0.0;0.0;0.0;5.01;6.14
0.0;0.0;0.0;4.91;6.07
80.0;300.83;42.0;4.95;6.0
173.0;225.98;113.0;5.51;5.52
354.0;592.43;119.0;6.35;7.24
500.0;751.66;116.0;7.06;7.59
619.0;842.9;113.0;7.74;7.17
691.0;871.14;117.0;8.38;6.76
724.0;893.57;114.0;8.89;6.69
716.0;912.0;105.0;9.13;6.97
645.0;852.56;115.0;9.21;7.38
544.0;798.44;112.0;9.09;7.45
419.0;742.54;97.0;8.69;7.38
275.0;645.48;77.0;8.02;6.97
120.0;384.59;55.0;7.27;6.0
5.0;0.0;5.0;6.48;6.0
0.0;0.0;0.0;5.78;5.38
0.0;0.0;0.0;5.38;4.83
0.0;0.0;0.0;5.05;4.21
0.0;0.0;0.0;4.74;3.72
0.0;0.0;0.0;4.43;3.31
0.0;0.0;0.0;4.1;3.03
0.0;0.0;0.0;3.9;2.97
0.0;0.0;0.0;3.77;3.03
0.0;0.0;0.0;3.75;3.17
0.0;0.0;0.0;3.7;3.31
90.0;378.76;40.0;3.89;3.24
232.0;582.95;74.0;5.23;3.31
386.0;736.32;90.0;7.21;3.86
516.0;794.61;106.0;8.49;4.69
601.0;755.12;144.0;9.33;5.79
681.0;824.3;134.0;9.84;6.07
706.0;820.76;142.0;10.09;6.0
647.0;655.47;205.0;10.16;5.86
534.0;440.93;258.0;10.38;5.72
492.0;561.15;186.0;10.23;5.1
375.0;504.65;154.0;10.31;4.55
272.0;604.29;84.0;10.06;4.21
118.0;322.77;62.0;9.48;3.31
6.0;0.0;6.0;8.43;2.83
0.0;0.0;0.0;7.18;2.48
0.0;0.0;0.0;6.3;2.55
0.0;0.0;0.0;5.6;2.55
0.0;0.0;0.0;5.05;2.55
0.0;0.0;0.0;4.65;2.41
0.0;0.0;0.0;4.43;2.14
0.0;0.0;0.0;3.98;1.93
0.0;0.0;0.0;3.3;1.86
0.0;0.0;0.0;2.6;2.0
0.0;0.0;0.0;1.99;1.93
91.0;326.94;46.0;1.86;1.86
234.0;560.6;79.0;4.17;1.45
386.0;712.09;96.0;7.56;1.52
516.0;775.41;112.0;9.52;1.93
620.0;811.45;125.0;10.77;2.41
694.0;850.03;126.0;11.65;2.69
703.0;790.9;156.0;12.32;2.83
583.0;442.06;283.0;12.79;3.17
629.0;766.45;146.0;13.0;3.52
550.0;789.78;116.0;12.77;3.66
391.0;558.62;144.0;12.24;3.72
191.0;158.51;141.0;11.11;3.66
68.0;28.1;63.0;9.64;3.1
1.0;0.0;1.0;8.36;2.62
0.0;0.0;0.0;7.29;1.72
0.0;0.0;0.0;6.55;1.45
0.0;0.0;0.0;5.92;1.66
0.0;0.0;0.0;5.59;2.28
0.0;0.0;0.0;5.73;2.97
0.0;0.0;0.0;6.05;3.72
0.0;0.0;0.0;6.29;4.41
0.0;0.0;0.0;6.24;4.97
0.0;0.0;0.0;6.26;5.17
0.0;0.0;0.0;6.01;5.03
103.0;418.99;43.0;6.0;4.14
240.0;574.72;78.0;6.76;3.38
390.0;715.27;95.0;8.15;4.0
515.0;760.49;115.0;9.13;4.07
627.0;827.95;118.0;10.0;4.21
698.0;854.68;123.0;10.76;3.72
719.0;841.95;133.0;11.37;3.1
683.0;765.85;160.0;11.86;2.41
651.0;837.06;120.0;12.23;2.21
500.0;568.92;185.0;12.44;2.21
408.0;636.26;124.0;12.45;2.21
289.0;663.09;77.0;12.14;2.69
131.0;389.31;60.0;11.44;2.62
14.0;68.65;11.0;10.13;2.76
0.0;0.0;0.0;8.49;3.03
0.0;0.0;0.0;7.41;3.31
0.0;0.0;0.0;6.88;3.45
0.0;0.0;0.0;6.83;3.45
0.0;0.0;0.0;6.98;3.31
0.0;0.0;0.0;7.15;3.17
0.0;0.0;0.0;7.27;2.97
0.0;0.0;0.0;7.23;2.9
0.0;0.0;0.0;6.93;2.83
0.0;0.0;0.0;6.47;2.76
103.0;363.16;49.0;6.42;2.55
247.0;574.53;82.0;7.84;2.21
396.0;701.73;103.0;10.38;2.07
528.0;772.32;118.0;12.21;2.14
637.0;826.54;125.0;13.59;2.0
688.0;781.1;159.0;14.73;1.72
739.0;873.88;127.0;15.81;1.59
715.0;845.58;134.0;16.7;1.72
667.0;858.28;119.0;17.28;2.07
556.0;772.69;125.0;17.43;2.55
435.0;732.5;105.0;17.25;3.17
283.0;583.4;94.0;16.62;3.45
151.0;535.43;51.0;15.19;3.93
15.0;62.15;12.0;13.33;4.34
0.0;0.0;0.0;12.38;4.48
0.0;0.0;0.0;11.54;4.48
0.0;0.0;0.0;10.81;4.55
0.0;0.0;0.0;10.23;4.69
0.0;0.0;0.0;9.84;4.83
0.0;0.0;0.0;9.42;4.76
0.0;0.0;0.0;8.93;4.69
0.0;0.0;0.0;8.38;4.48
0.0;0.0;0.0;7.89;4.07
0.0;0.0;0.0;7.33;3.52
110.0;402.28;48.0;7.18;2.83
251.0;577.92;82.0;8.33;1.93
398.0;702.83;101.0;10.52;1.93
527.0;761.64;119.0;11.89;1.72
635.0;817.23;125.0;12.91;1.24
712.0;865.53;122.0;13.88;1.03
737.0;862.93;129.0;14.73;1.31
732.0;892.6;115.0;15.28;1.45
664.0;846.62;120.0;15.19;2.62
566.0;806.26;113.0;14.0;3.72
439.0;741.27;102.0;12.54;4.62
298.0;661.23;81.0;11.13;5.1
145.0;460.43;57.0;9.82;5.24
25.0;227.21;13.0;8.69;5.03
0.0;0.0;0.0;7.86;4.69
0.0;0.0;0.0;7.32;3.52
0.0;0.0;0.0;6.86;2.28
0.0;0.0;0.0;6.4;2.14
0.0;0.0;0.0;6.2;2.97
0.0;0.0;0.0;6.23;2.9
0.0;0.0;0.0;6.09;2.69
0.0;0.0;0.0;5.84;2.62
0.0;0.0;0.0;5.58;2.97
0.0;0.0;0.0;5.45;2.83
102.0;282.18;57.0;5.72;2.21
249.0;534.28;90.0;7.33;1.45
404.0;708.72;101.0;9.74;1.72
533.0;767.91;118.0;11.54;1.31
641.0;824.07;123.0;13.16;0.97
718.0;873.17;119.0;14.44;1.17
750.0;894.52;116.0;15.44;1.52
741.0;911.82;107.0;16.03;1.72
666.0;842.9;121.0;16.42;2.28
571.0;812.91;111.0;16.5;2.97
455.0;795.74;90.0;16.2;3.59
297.0;640.9;84.0;15.39;3.79
149.0;465.59;58.0;14.0;4.0
25.0;174.44;15.0;12.07;4.34
0.0;0.0;0.0;10.96;3.93
0.0;0.0;0.0;9.67;4.07
0.0;0.0;0.0;9.17;4.28
0.0;0.0;0.0;9.23;4.76
0.0;0.0;0.0;9.12;5.17
0.0;0.0;0.0;8.52;5.45
0.0;0.0;0.0;7.82;5.79
0.0;0.0;0.0;7.4;5.86
0.0;0.0;0.0;7.23;5.93
0.0;0.0;0.0;7.35;6.0
70.0;54.63;61.0;7.84;6.28
114.0;16.52;109.0;8.5;6.97
228.0;74.0;196.0;8.79;6.62
371.0;205.47;259.0;9.48;6.69
434.0;197.46;309.0;10.21;6.62
573.0;405.64;293.0;10.92;7.38
636.0;521.83;264.0;11.33;7.59
589.0;426.12;291.0;11.2;7.31
568.0;494.98;246.0;11.16;7.45
482.0;459.78;220.0;10.56;7.79
335.0;278.79;206.0;9.84;7.79
228.0;246.67;145.0;9.54;8.07
83.0;45.06;74.0;8.99;8.07
5.0;0.0;5.0;8.45;7.17
0.0;0.0;0.0;8.49;6.48
0.0;0.0;0.0;7.97;6.21
0.0;0.0;0.0;7.69;6.0
0.0;0.0;0.0;7.47;5.79
0.0;0.0;0.0;7.17;5.59
0.0;0.0;0.0;7.09;5.59
0.0;0.0;0.0;6.98;5.38
0.0;0.0;0.0;6.95;5.31
0.0;0.0;0.0;6.81;5.1
5.0;0.0;5.0;6.48;4.76
129.0;470.71;49.0;6.46;4.48
258.0;542.74;91.0;7.11;5.1
290.0;198.99;203.0;7.96;5.1
434.0;358.39;237.0;8.51;5.03
410.0;149.04;315.0;9.22;4.97
417.0;106.56;343.0;10.11;4.69
169.0;0.0;169.0;10.68;4.97
154.0;0.0;154.0;11.42;5.17
105.0;0.0;105.0;11.26;5.03
298.0;59.26;264.0;10.63;4.55
101.0;0.0;101.0;9.95;3.86
69.0;0.0;69.0;9.69;3.52
69.0;14.71;66.0;9.36;3.17
13.0;0.0;13.0;8.83;2.97
0.0;0.0;0.0;8.56;2.55
0.0;0.0;0.0;7.9;2.9
0.0;0.0;0.0;7.26;3.24
0.0;0.0;0.0;6.53;3.31
0.0;0.0;0.0;6.26;3.24
0.0;0.0;0.0;6.28;3.1
0.0;0.0;0.0;6.34;2.97
0.0;0.0;0.0;6.31;2.69
0.0;0.0;0.0;6.28;2.55
1.0;0.0;1.0;6.38;2.69
22.0;0.0;22.0;6.77;2.83
54.0;0.0;54.0;7.49;2.9
250.0;106.35;203.0;8.87;4.34
310.0;88.42;261.0;10.67;5.03
424.0;172.97;313.0;12.21;5.66
412.0;101.63;341.0;13.27;5.45
457.0;137.32;358.0;13.94;5.24
211.0;0.0;211.0;14.03;5.52
222.0;1.52;221.0;13.26;5.52
169.0;0.0;169.0;12.34;5.38
158.0;4.25;156.0;12.21;5.03
26.0;0.0;26.0;11.7;5.38
30.0;0.0;30.0;11.33;5.17
7.0;0.0;7.0;10.68;4.62
0.0;0.0;0.0;10.02;4.69
0.0;0.0;0.0;9.81;4.62
0.0;0.0;0.0;9.39;4.55
0.0;0.0;0.0;8.46;4.07
0.0;0.0;0.0;7.26;4.14
0.0;0.0;0.0;6.34;3.52
0.0;0.0;0.0;5.79;3.24
0.0;0.0;0.0;5.29;3.1
0.0;0.0;0.0;4.82;2.97
2.0;0.0;2.0;4.61;2.69
119.0;294.23;66.0;5.04;2.62
212.0;229.93;139.0;6.07;2.69
408.0;629.23;127.0;7.27;4.07
536.0;699.95;145.0;8.0;4.07
564.0;483.01;252.0;8.87;4.14
534.0;278.94;338.0;9.62;4.28
657.0;535.29;269.0;10.03;4.21
684.0;662.45;213.0;10.47;4.14
542.0;379.11;291.0;10.63;3.93
477.0;397.3;246.0;10.53;3.66
406.0;495.24;171.0;10.15;3.59
287.0;478.99;120.0;9.51;3.59
160.0;428.46;69.0;8.74;3.45
39.0;226.56;22.0;7.88;2.9
0.0;0.0;0.0;6.88;2.28
0.0;0.0;0.0;5.96;2.21
0.0;0.0;0.0;5.23;2.21
0.0;0.0;0.0;4.56;2.34
0.0;0.0;0.0;4.06;2.34
0.0;0.0;0.0;3.63;2.34
0.0;0.0;0.0;3.27;2.34
0.0;0.0;0.0;3.0;2.41
0.0;0.0;0.0;2.78;2.41
10.0;0.0;10.0;2.51;2.28
144.0;486.23;54.0;2.98;2.07
288.0;636.14;83.0;4.69;2.07
370.0;425.59;178.0;6.2;2.76
514.0;580.86;187.0;7.33;3.38
626.0;672.2;189.0;8.32;3.66
307.0;16.98;295.0;9.22;3.86
141.0;0.0;141.0;9.66;4.14
147.0;0.0;147.0;9.44;4.83
503.0;276.35;319.0;9.22;5.24
516.0;510.95;217.0;9.23;5.17
396.0;434.82;188.0;9.0;5.24
305.0;561.51;107.0;8.4;5.38
114.0;106.22;91.0;7.72;5.52
39.0;176.38;25.0;7.04;4.62
0.0;0.0;0.0;6.04;4.41
0.0;0.0;0.0;5.5;4.14
0.0;0.0;0.0;5.09;4.0
0.0;0.0;0.0;4.78;3.86
0.0;0.0;0.0;4.66;3.72
0.0;0.0;0.0;4.39;3.66
0.0;0.0;0.0;4.13;3.72
0.0;0.0;0.0;4.07;3.72
0.0;0.0;0.0;3.99;3.66
4.0;0.0;4.0;3.81;3.59
148.0;489.52;55.0;4.19;3.31
291.0;623.96;87.0;5.32;3.79
440.0;739.66;103.0;6.5;3.79
0.0;0.0;0.0;7.43;3.66
621.0;637.45;204.0;8.29;3.52
673.0;617.85;234.0;8.99;3.24
595.0;350.87;338.0;9.61;2.97
0.0;0.0;0.0;9.81;2.9
638.0;642.27;208.0;9.93;2.9
484.0;393.95;252.0;10.14;3.1
288.0;120.29;230.0;10.12;3.38
208.0;126.21;163.0;9.87;3.59
104.0;67.99;89.0;9.16;3.72
30.0;47.8;26.0;8.1;3.79
0.0;0.0;0.0;6.64;3.45
0.0;0.0;0.0;5.82;3.24
0.0;0.0;0.0;5.26;3.38
0.0;0.0;0.0;4.81;3.59
0.0;0.0;0.0;4.52;3.66
0.0;0.0;0.0;4.32;3.66
0.0;0.0;0.0;4.07;3.66
0.0;0.0;0.0;3.82;3.59
0.0;0.0;0.0;3.74;3.45
17.0;33.87;15.0;3.61;3.31
143.0;400.44;65.0;4.07;3.45
295.0;627.37;87.0;5.11;3.52
322.0;239.13;212.0;6.0;4.9
363.0;145.26;280.0;7.21;5.31
288.0;19.75;275.0;8.35;5.52
544.0;279.97;344.0;9.18;5.52
595.0;349.1;338.0;9.82;5.52
429.0;96.94;359.0;10.76;5.03
489.0;239.18;328.0;10.93;5.03
385.0;158.63;291.0;9.58;4.69
306.0;152.29;232.0;9.14;3.93
46.0;0.0;46.0;9.5;3.1
129.0;155.76;94.0;9.45;3.1
34.0;68.23;28.0;8.85;3.1
0.0;0.0;0.0;8.38;2.83
0.0;0.0;0.0;7.51;2.83
0.0;0.0;0.0;7.21;3.17
0.0;0.0;0.0;7.25;4.0
0.0;0.0;0.0;7.24;4.48
0.0;0.0;0.0;7.31;4.55
0.0;0.0;0.0;6.66;4.34
0.0;0.0;0.0;6.19;3.45
0.0;0.0;0.0;5.62;2.97
11.0;0.0;11.0;5.42;2.34
34.0;0.0;34.0;5.4;2.0
308.0;684.4;78.0;6.17;2.21
271.0;114.15;218.0;6.16;2.41
481.0;436.14;230.0;7.29;2.76
524.0;339.84;299.0;8.57;3.03
527.0;247.87;349.0;9.61;3.31
667.0;531.22;274.0;10.35;3.03
115.0;0.0;115.0;10.84;2.76
408.0;110.83;333.0;11.09;2.41
507.0;461.28;232.0;11.16;1.86
120.0;0.0;120.0;10.95;1.03
101.0;0.0;101.0;6.8;1.39
56.0;0.0;56.0;6.91;1.55
50.0;238.71;28.0;7.02;1.7
0.0;0.0;0.0;7.12;1.86
0.0;0.0;0.0;7.23;2.02
0.0;0.0;0.0;7.34;2.17
0.0;0.0;0.0;7.44;2.33
0.0;0.0;0.0;7.55;2.48
0.0;0.0;0.0;7.66;2.64
0.0;0.0;0.0;7.77;2.79
0.0;0.0;0.0;7.87;2.95
0.0;0.0;0.0;7.98;3.11
25.0;72.73;20.0;8.09;3.26
159.0;475.18;62.0;8.19;3.42
295.0;566.83;102.0;8.3;3.57
381.0;407.66;190.0;8.41;3.73
533.0;590.14;191.0;9.35;4.14
688.0;839.45;129.0;9.72;4.28
752.0;852.04;137.0;10.17;4.41
787.0;883.8;130.0;10.66;4.55
773.0;890.03;124.0;10.99;4.69
701.0;833.59;134.0;11.23;4.9
617.0;840.39;113.0;11.35;5.03
491.0;790.64;101.0;11.38;5.17
342.0;687.34;89.0;11.11;5.17
186.0;494.19;71.0;10.68;5.1
57.0;280.24;30.0;10.08;4.76
0.0;0.0;0.0;8.87;4.76
0.0;0.0;0.0;7.77;4.34
0.0;0.0;0.0;6.98;3.79
0.0;0.0;0.0;6.41;3.66
0.0;0.0;0.0;5.98;3.86
0.0;0.0;0.0;5.56;3.59
0.0;0.0;0.0;5.11;3.1
0.0;0.0;0.0;4.88;2.62
0.0;0.0;0.0;4.62;2.55
32.0;108.88;24.0;4.33;2.62
153.0;383.37;73.0;4.77;2.62
306.0;608.99;96.0;6.0;3.17
381.0;393.51;195.0;6.73;4.14
564.0;699.28;156.0;7.09;4.21
664.0;733.21;173.0;7.47;4.69
750.0;831.26;147.0;7.95;4.97
789.0;876.98;134.0;8.31;4.9
649.0;481.82;296.0;8.82;4.76
692.0;782.57;157.0;9.39;4.55
569.0;636.58;185.0;9.4;4.28
431.0;505.15;180.0;9.48;4.21
337.0;640.06;99.0;9.39;4.07
201.0;587.39;62.0;9.17;3.93
63.0;338.36;29.0;8.55;3.45
0.0;0.0;0.0;7.28;2.48
0.0;0.0;0.0;6.37;2.14
0.0;0.0;0.0;5.51;2.28
0.0;0.0;0.0;4.86;2.41
0.0;0.0;0.0;4.65;2.62
0.0;0.0;0.0;4.36;2.55
0.0;0.0;0.0;4.09;2.21
0.0;0.0;0.0;3.69;1.66
0.0;0.0;0.0;3.84;0.83
32.0;89.61;25.0;4.4;0.14
136.0;229.9;87.0;4.25;0.76
229.0;206.25;157.0;6.26;1.03
230.0;44.05;209.0;6.72;1.24
233.0;10.22;227.0;7.01;0.9
104.0;0.0;104.0;6.54;0.34
101.0;0.0;101.0;6.37;2.07
286.0;5.33;282.0;5.87;3.79
275.0;4.08;272.0;5.72;4.28
277.0;10.19;270.0;6.27;3.66
186.0;0.0;186.0;6.57;3.31
347.0;219.81;237.0;6.8;3.17
313.0;484.62;131.0;6.63;3.03
182.0;403.27;85.0;6.29;2.62
59.0;229.49;35.0;6.07;2.55
0.0;0.0;0.0;5.42;2.14
0.0;0.0;0.0;4.64;2.28
0.0;0.0;0.0;3.95;2.41
0.0;0.0;0.0;3.57;2.41
0.0;0.0;0.0;3.34;2.41
0.0;0.0;0.0;3.03;2.34
0.0;0.0;0.0;2.82;2.34
0.0;0.0;0.0;2.55;2.28
0.0;0.0;0.0;2.33;2.28
18.0;0.0;18.0;2.26;2.14
155.0;340.23;81.0;3.16;1.79
320.0;648.27;91.0;5.49;1.79
465.0;738.56;110.0;6.72;2.55
498.0;434.81;241.0;7.52;2.76
567.0;407.73;291.0;8.32;2.76
470.0;137.91;369.0;8.9;2.62
727.0;658.11;231.0;9.67;2.62
758.0;812.89;157.0;10.18;3.03
691.0;763.37;164.0;10.56;3.59
597.0;731.06;151.0;10.33;4.21
453.0;577.44;162.0;10.12;4.55
278.0;308.53;161.0;9.75;4.83
136.0;130.94;104.0;9.11;4.97
34.0;18.41;32.0;8.35;4.41
0.0;0.0;0.0;7.3;4.0
0.0;0.0;0.0;6.62;3.93
0.0;0.0;0.0;6.21;3.86
0.0;0.0;0.0;5.96;3.66
0.0;0.0;0.0;5.72;3.59
0.0;0.0;0.0;5.6;3.59
0.0;0.0;0.0;5.44;3.66
0.0;0.0;0.0;5.39;3.66
0.0;0.0;0.0;5.31;3.59
28.0;34.43;25.0;5.34;3.38
68.0;4.51;67.0;6.14;3.31
192.0;92.35;159.0;7.48;4.34
274.0;97.0;227.0;8.77;5.59
434.0;257.26;281.0;9.89;5.66
618.0;557.0;239.0;10.75;5.38
635.0;452.59;302.0;11.54;5.59
759.0;763.58;181.0;12.08;5.86
755.0;803.94;158.0;12.26;6.14
708.0;824.64;136.0;12.22;6.14
592.0;707.51;158.0;12.04;6.0
474.0;670.07;134.0;11.57;5.86
325.0;525.03;124.0;10.88;5.79
160.0;233.69;102.0;10.09;5.59
59.0;168.68;40.0;9.26;4.9
0.0;0.0;0.0;8.2;4.28
0.0;0.0;0.0;7.47;4.07
0.0;0.0;0.0;6.84;3.93
0.0;0.0;0.0;6.42;3.72
0.0;0.0;0.0;6.07;3.59
0.0;0.0;0.0;5.77;3.38
0.0;0.0;0.0;5.61;3.24
0.0;0.0;0.0;5.3;2.97
0.0;0.0;0.0;5.04;2.76
52.0;251.37;29.0;4.87;2.9
159.0;331.92;84.0;5.6;2.69
318.0;608.9;98.0;7.15;2.97
426.0;536.54;164.0;8.57;3.31
437.0;262.4;280.0;9.67;2.55
572.0;419.68;285.0;10.7;2.41
515.0;201.61;366.0;11.6;2.41
784.0;845.85;141.0;12.67;2.21
763.0;828.66;145.0;12.95;1.38
181.0;0.0;181.0;13.09;0.41
197.0;1.62;196.0;13.0;0.83
282.0;86.14;238.0;12.97;2.0
323.0;502.06;129.0;12.92;2.76
200.0;492.17;76.0;12.41;2.97
36.0;17.15;34.0;11.53;2.76
0.0;0.0;0.0;10.87;2.69
0.0;0.0;0.0;10.16;2.69
0.0;0.0;0.0;9.79;2.76
0.0;0.0;0.0;9.46;2.83
0.0;0.0;0.0;9.07;2.9
0.0;0.0;0.0;8.78;2.97
0.0;0.0;0.0;8.62;3.03
0.0;0.0;0.0;8.48;2.97
0.0;0.0;0.0;8.31;2.97
33.0;31.32;30.0;8.32;2.97
159.0;312.98;87.0;9.31;3.03
314.0;555.87;111.0;10.98;3.24
461.0;684.96;124.0;12.65;4.07
583.0;727.78;145.0;14.07;4.48
678.0;749.42;163.0;15.23;4.76
751.0;800.24;157.0;16.14;4.97
759.0;746.73;189.0;16.74;5.1
750.0;771.79;172.0;17.07;5.38
708.0;811.43;140.0;17.14;5.59
600.0;721.04;153.0;17.14;5.59
442.0;505.66;182.0;17.01;5.45
350.0;638.58;101.0;16.61;4.9
201.0;469.38;81.0;15.84;3.93
75.0;307.02;38.0;14.87;4.55
0.0;0.0;0.0;13.67;4.41
0.0;0.0;0.0;12.72;4.55
0.0;0.0;0.0;11.93;4.62
0.0;0.0;0.0;11.17;4.62
0.0;0.0;0.0;10.46;4.62
0.0;0.0;0.0;9.85;4.76
0.0;0.0;0.0;9.35;4.9
0.0;0.0;0.0;8.88;4.83
0.0;0.0;0.0;8.54;4.55
40.0;60.02;34.0;8.4;4.34
174.0;388.81;83.0;8.88;4.34
347.0;710.05;85.0;9.93;4.76
481.0;740.52;114.0;11.18;5.38
613.0;809.59;123.0;12.13;5.45
720.0;860.3;126.0;13.04;5.52
775.0;847.84;143.0;13.94;5.52
813.0;891.18;130.0;14.77;5.66
795.0;884.35;130.0;15.56;5.79
727.0;842.0;135.0;16.2;5.93
644.0;850.56;114.0;16.66;5.93
516.0;794.22;105.0;16.92;5.72
368.0;699.03;93.0;16.73;4.97
213.0;524.45;77.0;16.13;4.14
81.0;337.69;39.0;15.27;4.76
0.0;0.0;0.0;14.42;4.34
0.0;0.0;0.0;13.74;4.83
0.0;0.0;0.0;13.11;5.31
0.0;0.0;0.0;12.26;5.24
0.0;0.0;0.0;11.47;5.03
0.0;0.0;0.0;10.85;4.69
0.0;0.0;0.0;10.45;4.48
0.0;0.0;0.0;10.06;4.28
0.0;0.0;0.0;9.9;4.28
46.0;96.1;36.0;9.91;4.28
185.0;479.1;71.0;10.45;3.79
333.0;641.28;94.0;11.45;4.62
470.0;713.28;114.0;12.85;5.03
593.0;762.44;129.0;13.94;5.24
704.0;834.74;125.0;14.93;5.31
758.0;824.32;141.0;15.94;5.59
792.0;853.9;135.0;16.86;6.07
782.0;871.57;124.0;17.79;6.41
707.0;805.81;138.0;18.61;6.62
616.0;780.85;127.0;19.14;6.69
472.0;629.87;144.0;19.23;6.34
299.0;355.32;158.0;18.84;5.59
165.0;216.79;108.0;18.01;4.34
46.0;31.2;42.0;16.94;4.55
0.0;0.0;0.0;15.92;4.14
0.0;0.0;0.0;14.75;3.86
0.0;0.0;0.0;13.69;3.66
0.0;0.0;0.0;12.89;3.72
0.0;0.0;0.0;12.31;3.72
0.0;0.0;0.0;11.91;3.66
0.0;0.0;0.0;11.51;3.52
0.0;0.0;0.0;11.14;3.31
0.0;0.0;0.0;10.79;3.17
46.0;74.04;38.0;10.7;3.1
187.0;459.15;76.0;11.12;3.1
292.0;395.96;143.0;12.2;3.31
370.0;290.54;224.0;14.02;3.52
511.0;436.41;244.0;15.62;3.45
642.0;598.51;225.0;17.14;3.24
670.0;521.64;278.0;18.45;3.17
741.0;669.39;224.0;19.34;3.24
563.0;261.25;365.0;20.08;3.52
586.0;401.92;301.0;20.31;3.79
307.0;41.32;281.0;20.35;3.66
380.0;272.93;237.0;20.44;3.52
281.0;269.87;173.0;19.91;2.97
187.0;315.21;103.0;19.43;2.28
73.0;189.47;48.0;18.53;1.93
0.0;0.0;0.0;16.91;1.93
0.0;0.0;0.0;15.53;1.79
0.0;0.0;0.0;14.32;1.72
0.0;0.0;0.0;13.1;1.66
0.0;0.0;0.0;11.77;1.72
0.0;0.0;0.0;10.85;1.66
0.0;0.0;0.0;10.19;1.59
0.0;0.0;0.0;9.81;1.52
0.0;0.0;0.0;9.29;1.66
35.0;17.87;33.0;9.1;1.66
38.0;0.0;38.0;10.47;1.38
39.0;0.0;39.0;12.52;1.17
104.0;0.0;104.0;14.08;0.83
477.0;346.36;264.0;14.76;0.48
500.0;241.52;331.0;15.34;1.03
163.0;0.0;163.0;15.69;1.72
232.0;0.0;232.0;15.67;1.45
222.0;0.0;222.0;15.93;1.79
92.0;0.0;92.0;15.27;2.55
313.0;47.44;283.0;15.34;2.9
494.0;707.65;121.0;14.96;2.69
215.0;91.69;178.0;14.84;2.07
208.0;455.55;85.0;14.62;1.79
85.0;309.61;43.0;14.13;1.59
0.0;0.0;0.0;12.69;1.86
0.0;0.0;0.0;11.46;1.86
0.0;0.0;0.0;10.36;2.0
0.0;0.0;0.0;9.79;2.14
0.0;0.0;0.0;9.35;2.07
0.0;0.0;0.0;8.94;2.07
0.0;0.0;0.0;8.71;2.14
0.0;0.0;0.0;8.49;2.21
0.0;0.0;0.0;8.48;2.34
40.0;34.56;36.0;8.44;2.07
124.0;84.31;103.0;8.85;3.31
234.0;156.56;174.0;9.71;2.97
298.0;115.9;239.0;11.28;2.21
229.0;6.47;225.0;11.92;2.41
281.0;9.96;274.0;12.72;2.55
274.0;3.96;271.0;13.46;2.34
542.0;201.8;385.0;14.17;2.62
633.0;400.76;327.0;14.4;3.03
644.0;553.95;248.0;14.74;3.03
480.0;300.66;289.0;15.19;2.9
456.0;513.02;184.0;15.19;2.55
265.0;201.58;183.0;14.35;2.76
159.0;157.24;116.0;12.62;3.1
91.0;330.21;45.0;12.03;2.07
0.0;0.0;0.0;12.16;1.72
0.0;0.0;0.0;10.94;2.07
0.0;0.0;0.0;9.97;2.28
0.0;0.0;0.0;9.43;2.48
0.0;0.0;0.0;8.85;2.62
0.0;0.0;0.0;8.43;2.69
0.0;0.0;0.0;8.1;2.62
0.0;0.0;0.0;7.99;2.55
0.0;0.0;0.0;7.74;2.69
31.0;8.37;30.0;7.93;2.76
83.0;7.92;81.0;8.79;2.69
108.0;0.0;108.0;10.08;3.66
213.0;17.57;204.0;11.44;4.21
204.0;1.61;203.0;12.41;4.28
450.0;141.74;350.0;13.24;4.55
503.0;161.84;380.0;13.69;4.69
316.0;10.25;308.0;14.27;4.55
491.0;140.94;383.0;14.71;4.97
219.0;0.0;219.0;13.41;5.45
344.0;68.95;300.0;12.99;4.76
335.0;150.03;255.0;13.17;4.69
132.0;2.44;131.0;12.33;4.83
171.0;195.04;117.0;11.42;4.83
82.0;202.93;53.0;10.91;4.55
0.0;0.0;0.0;10.6;4.34
0.0;0.0;0.0;9.79;3.72
0.0;0.0;0.0;9.23;3.45
0.0;0.0;0.0;8.65;3.24
0.0;0.0;0.0;8.18;2.97
0.0;0.0;0.0;7.85;2.83
0.0;0.0;0.0;7.6;2.83
0.0;0.0;0.0;7.5;2.9
0.0;0.0;0.0;7.5;2.83
21.0;0.0;21.0;7.55;2.69
112.0;46.87;100.0;8.23;2.41
181.0;43.61;164.0;9.3;2.69
283.0;85.39;239.0;10.55;3.1
356.0;92.97;298.0;11.35;3.59
385.0;67.77;337.0;11.2;3.52
205.0;0.0;205.0;11.3;3.86
263.0;1.28;262.0;11.65;4.9
309.0;10.4;301.0;12.13;4.62
223.0;0.0;223.0;11.89;4.14
245.0;7.8;240.0;10.61;4.0
45.0;0.0;45.0;10.44;3.45
154.0;12.1;149.0;10.53;3.72
33.0;0.0;33.0;10.71;3.52
94.0;314.11;48.0;10.29;3.52
0.0;0.0;0.0;8.47;3.31
0.0;0.0;0.0;7.75;3.17
0.0;0.0;0.0;7.3;3.24
0.0;0.0;0.0;6.92;3.31
0.0;0.0;0.0;6.62;3.31
0.0;0.0;0.0;6.43;3.31
0.0;0.0;0.0;6.11;3.24
0.0;0.0;0.0;5.99;3.24
0.0;0.0;0.0;5.95;3.17
87.0;379.26;39.0;6.07;3.24
209.0;509.02;77.0;7.09;3.17
343.0;575.21;117.0;8.33;4.0
206.0;13.51;199.0;9.5;4.07
354.0;86.17;300.0;10.63;4.34
466.0;158.94;353.0;11.33;4.76
393.0;47.04;357.0;12.02;5.1
222.0;0.0;222.0;12.43;5.38
525.0;180.16;386.0;12.48;5.66
531.0;251.71;349.0;12.14;6.14
388.0;114.94;314.0;11.8;6.55
264.0;46.37;239.0;12.11;6.9
197.0;45.64;178.0;11.86;6.76
99.0;10.58;96.0;11.45;6.69
39.0;0.0;39.0;10.81;5.79
0.0;0.0;0.0;9.85;6.07
0.0;0.0;0.0;9.18;5.79
0.0;0.0;0.0;8.81;5.79
0.0;0.0;0.0;8.6;5.86
0.0;0.0;0.0;8.44;5.79
0.0;0.0;0.0;8.35;5.79
0.0;0.0;0.0;8.23;5.72
0.0;0.0;0.0;8.08;5.52
0.0;0.0;0.0;7.87;5.17
16.0;0.0;16.0;7.87;5.1
109.0;34.28;100.0;8.45;4.41
195.0;58.09;172.0;9.23;5.86
267.0;61.41;235.0;10.14;5.52
347.0;77.85;298.0;10.87;5.45
388.0;68.67;339.0;11.31;5.31
278.0;3.91;275.0;11.82;4.97
265.0;1.27;264.0;11.8;4.83
319.0;11.63;310.0;11.9;4.69
380.0;56.5;339.0;12.52;4.48
220.0;3.09;218.0;13.05;4.07
186.0;3.69;184.0;13.14;3.66
71.0;0.0;71.0;12.77;2.76
84.0;3.49;83.0;12.46;2.28
63.0;52.17;55.0;12.09;2.76
0.0;0.0;0.0;11.36;2.28
0.0;0.0;0.0;10.73;2.62
0.0;0.0;0.0;10.26;3.17
0.0;0.0;0.0;10.28;3.66
0.0;0.0;0.0;10.34;3.79
0.0;0.0;0.0;10.39;3.72
0.0;0.0;0.0;10.44;3.52
0.0;0.0;0.0;10.48;3.59
0.0;0.0;0.0;10.52;3.52
8.0;0.0;8.0;10.54;3.24
22.0;0.0;22.0;10.58;3.17
62.0;0.0;62.0;10.73;3.52
193.0;7.64;189.0;10.85;4.21
429.0;194.61;306.0;11.41;4.14
368.0;51.67;331.0;12.29;5.17
128.0;0.0;128.0;13.05;5.86
192.0;0.0;192.0;13.45;6.21
461.0;100.44;383.0;13.51;6.69
506.0;204.61;357.0;13.48;7.31
458.0;226.44;311.0;13.12;7.72
409.0;306.51;242.0;12.47;7.72
193.0;40.25;176.0;11.7;7.86
161.0;124.17;125.0;10.96;7.66
108.0;376.48;49.0;10.15;7.31
5.0;0.0;5.0;9.49;6.48
0.0;0.0;0.0;9.05;6.28
0.0;0.0;0.0;8.68;5.86
0.0;0.0;0.0;8.35;5.45
0.0;0.0;0.0;8.12;5.03
0.0;0.0;0.0;7.95;4.48
0.0;0.0;0.0;7.73;3.86
0.0;0.0;0.0;7.47;3.38
0.0;0.0;0.0;7.31;2.83
73.0;168.54;50.0;7.35;2.48
68.0;0.0;68.0;8.37;2.62
137.0;7.47;134.0;9.42;3.45
108.0;0.0;108.0;10.8;4.28
175.0;0.0;175.0;11.62;4.69
169.0;0.0;169.0;12.69;5.17
159.0;0.0;159.0;14.02;5.17
190.0;0.0;190.0;14.75;5.17
330.0;15.41;318.0;15.22;5.72
92.0;0.0;92.0;15.84;6.0
113.0;0.0;113.0;16.05;5.86
358.0;188.09;255.0;15.87;5.38
100.0;0.0;100.0;15.92;5.79
41.0;0.0;41.0;15.55;5.17
61.0;37.5;55.0;14.91;5.24
4.0;0.0;4.0;13.78;5.38
0.0;0.0;0.0;13.06;5.24
0.0;0.0;0.0;12.6;5.1
0.0;0.0;0.0;12.4;4.9
0.0;0.0;0.0;12.17;4.34
0.0;0.0;0.0;11.87;3.93
0.0;0.0;0.0;11.4;3.59
0.0;0.0;0.0;10.81;3.24
0.0;0.0;0.0;10.21;3.1
71.0;128.97;53.0;9.77;3.1
200.0;364.53;101.0;10.18;2.9
278.0;244.78;179.0;11.16;3.66
487.0;644.52;146.0;11.7;5.03
522.0;405.02;264.0;12.63;5.38
619.0;461.95;286.0;13.5;5.86
577.0;263.25;373.0;13.92;5.86
674.0;427.38;334.0;14.17;5.86
549.0;208.63;386.0;14.55;5.79
495.0;180.05;363.0;14.48;5.45
551.0;446.25;259.0;14.52;5.1
515.0;679.61;141.0;14.31;4.76
373.0;572.26;128.0;13.9;4.48
222.0;388.37;107.0;13.21;4.14
91.0;177.64;62.0;12.46;3.59
7.0;0.0;7.0;11.35;3.24
0.0;0.0;0.0;10.18;3.03
0.0;0.0;0.0;9.3;2.76
0.0;0.0;0.0;8.67;2.55
0.0;0.0;0.0;8.29;2.41
0.0;0.0;0.0;7.84;2.28
0.0;0.0;0.0;7.75;2.07
0.0;0.0;0.0;7.69;1.93
0.0;0.0;0.0;7.59;1.86
66.0;91.19;53.0;7.84;1.79
220.0;488.35;86.0;8.18;2.14
369.0;646.07;106.0;8.98;2.28
406.0;325.46;233.0;9.9;2.21
347.0;70.38;302.0;10.51;2.41
581.0;355.4;324.0;11.33;2.55
550.0;211.03;386.0;12.11;2.97
463.0;86.49;394.0;13.22;3.31
523.0;164.63;394.0;14.15;3.45
558.0;282.81;350.0;14.66;3.52
468.0;231.41;316.0;14.98;3.66
392.0;242.33;258.0;14.99;3.72
204.0;44.09;185.0;14.87;3.66
128.0;36.78;117.0;14.26;3.45
95.0;186.27;64.0;13.67;3.1
3.0;0.0;3.0;12.92;3.1
0.0;0.0;0.0;11.88;3.1
0.0;0.0;0.0;11.17;3.24
0.0;0.0;0.0;10.33;3.38
0.0;0.0;0.0;9.74;3.38
0.0;0.0;0.0;9.24;3.31
0.0;0.0;0.0;8.89;3.03
0.0;0.0;0.0;8.49;2.83
0.0;0.0;0.0;8.33;2.76
71.0;110.01;55.0;8.47;2.62
97.0;10.83;94.0;9.61;2.62
235.0;117.18;187.0;10.96;3.1
461.0;516.9;185.0;12.48;4.55
425.0;177.67;311.0;13.59;4.41
596.0;394.31;310.0;14.48;4.07
595.0;292.57;367.0;15.23;4.0
354.0;20.0;338.0;15.58;4.9
458.0;92.9;385.0;16.2;5.1
493.0;174.85;364.0;16.71;5.38
412.0;136.52;322.0;16.66;5.1
393.0;244.8;257.0;16.75;4.97
291.0;221.35;195.0;16.61;4.34
178.0;155.6;131.0;16.23;3.59
104.0;241.84;63.0;15.6;2.62
6.0;0.0;6.0;14.55;2.14
0.0;0.0;0.0;13.17;2.0
0.0;0.0;0.0;11.99;2.0
0.0;0.0;0.0;10.98;2.14
0.0;0.0;0.0;10.33;2.21
0.0;0.0;0.0;9.95;2.41
0.0;0.0;0.0;9.9;2.69
0.0;0.0;0.0;10.25;3.03
0.0;0.0;0.0;10.62;3.38
32.0;0.0;32.0;11.42;3.66
88.0;7.15;86.0;12.73;3.86
163.0;16.99;156.0;14.14;4.14
302.0;96.97;250.0;15.29;4.97
558.0;506.36;232.0;16.32;6.07
618.0;456.41;286.0;17.02;6.14
725.0;611.74;247.0;17.94;6.21
321.0;9.98;313.0;18.45;5.86
71.0;0.0;71.0;18.46;5.72
106.0;0.0;106.0;16.08;4.55
116.0;0.0;116.0;14.93;3.59
71.0;0.0;71.0;14.15;4.28
220.0;66.45;191.0;13.39;4.76
127.0;32.8;117.0;12.83;4.07
25.0;0.0;25.0;12.62;4.21
2.0;0.0;2.0;11.79;4.34
0.0;0.0;0.0;11.27;4.0
0.0;0.0;0.0;10.65;4.07
0.0;0.0;0.0;10.3;4.28
0.0;0.0;0.0;10.04;4.28
0.0;0.0;0.0;9.89;4.34
0.0;0.0;0.0;9.77;4.69
0.0;0.0;0.0;9.68;4.76
1.0;0.0;1.0;9.56;4.62
96.0;284.94;53.0;9.56;4.28
239.0;574.02;77.0;10.25;3.59
349.0;511.58;137.0;11.37;4.14
465.0;518.16;186.0;12.58;6.07
545.0;452.08;253.0;13.38;6.14
718.0;752.64;169.0;14.18;6.28
790.0;801.67;162.0;15.09;6.62
819.0;824.61;156.0;15.72;6.97
732.0;596.23;261.0;16.26;7.17
515.0;204.8;363.0;16.32;7.03
392.0;105.43;322.0;15.92;6.62
200.0;5.35;197.0;15.55;6.34
289.0;202.71;200.0;15.51;6.83
147.0;61.74;128.0;15.22;7.79
27.0;0.0;27.0;14.64;6.9
6.0;0.0;6.0;14.02;6.55
0.0;0.0;0.0;13.44;6.55
0.0;0.0;0.0;13.52;6.76
0.0;0.0;0.0;13.34;6.69
0.0;0.0;0.0;12.88;6.34
0.0;0.0;0.0;12.45;6.14
0.0;0.0;0.0;11.76;6.07
0.0;0.0;0.0;11.4;6.14
1.0;0.0;1.0;10.94;6.07
103.0;338.8;51.0;10.49;5.86
132.0;56.21;116.0;10.65;6.07
205.0;57.6;181.0;11.09;6.69
276.0;59.2;244.0;11.53;7.86
586.0;580.33;210.0;11.84;7.72
552.0;285.76;343.0;12.12;7.31
523.0;166.82;392.0;12.11;7.45
614.0;287.86;382.0;12.37;6.97
222.0;0.0;222.0;12.61;6.9
617.0;405.75;315.0;12.51;7.31
417.0;138.1;325.0;11.53;7.24
398.0;245.14;260.0;11.72;6.83
254.0;115.48;203.0;11.08;6.97
101.0;6.44;99.0;10.76;6.48
50.0;5.6;49.0;10.51;6.07
2.0;0.0;2.0;9.37;6.07
0.0;0.0;0.0;8.87;5.72
0.0;0.0;0.0;8.58;5.52
0.0;0.0;0.0;8.29;5.31
0.0;0.0;0.0;8.12;5.24
0.0;0.0;0.0;7.96;5.24
0.0;0.0;0.0;7.86;5.31
0.0;0.0;0.0;7.82;5.38
3.0;0.0;3.0;7.79;5.45
82.0;141.07;60.0;7.98;5.72
159.0;118.5;125.0;8.66;5.66
286.0;234.0;188.0;9.33;6.28
402.0;287.52;246.0;9.98;7.03
614.0;660.18;185.0;10.69;7.31
273.0;5.46;269.0;11.04;7.38
516.0;152.45;396.0;11.45;7.59
574.0;212.92;402.0;11.69;7.59
322.0;10.08;314.0;12.28;7.86
527.0;214.38;367.0;12.3;8.28
439.0;164.58;329.0;12.02;8.21
401.0;242.35;264.0;11.64;7.59
342.0;360.25;182.0;11.46;7.1
223.0;306.55;127.0;10.94;6.69
139.0;474.38;53.0;10.38;6.0
27.0;191.26;16.0;9.74;4.41
0.0;0.0;0.0;8.94;3.45
0.0;0.0;0.0;8.43;3.03
0.0;0.0;0.0;8.0;2.76
0.0;0.0;0.0;7.69;2.69
0.0;0.0;0.0;7.26;2.28
0.0;0.0;0.0;6.95;1.93
0.0;0.0;0.0;6.94;1.72
1.0;0.0;1.0;7.0;1.79
13.0;0.0;13.0;7.4;1.66
162.0;131.43;124.0;8.18;1.52
314.0;339.79;171.0;9.21;2.21
487.0;596.88;162.0;10.61;3.31
583.0;570.85;211.0;11.66;4.07
716.0;742.84;170.0;12.68;4.97
722.0;588.16;258.0;13.46;5.79
745.0;592.87;265.0;13.87;6.34
598.0;282.74;373.0;14.44;6.69
210.0;0.0;210.0;15.08;7.1
125.0;0.0;125.0;15.5;7.03
64.0;0.0;64.0;15.53;5.93
80.0;0.0;80.0;15.35;5.1
23.0;0.0;23.0;14.39;5.52
49.0;5.43;48.0;13.09;4.9
2.0;0.0;2.0;12.4;3.1
0.0;0.0;0.0;11.72;3.1
0.0;0.0;0.0;10.75;3.86
0.0;0.0;0.0;9.88;3.38
0.0;0.0;0.0;9.33;3.24
0.0;0.0;0.0;8.89;3.31
0.0;0.0;0.0;8.86;3.31
0.0;0.0;0.0;8.88;3.17
5.0;0.0;5.0;9.11;3.17
10.0;0.0;10.0;9.59;3.17
164.0;130.48;126.0;10.25;3.03
162.0;14.19;156.0;11.02;3.52
296.0;80.54;252.0;11.7;4.0
596.0;599.94;204.0;12.53;3.59
300.0;12.22;291.0;13.46;3.38
182.0;0.0;182.0;14.02;2.97
183.0;0.0;183.0;14.34;2.83
258.0;1.25;257.0;14.35;2.83
147.0;0.0;147.0;13.54;2.55
139.0;0.0;139.0;12.56;3.93
383.0;201.83;268.0;12.64;4.76
165.0;8.91;161.0;12.53;5.59
104.0;6.28;102.0;11.99;5.72
60.0;10.71;58.0;11.17;5.86
11.0;0.0;11.0;9.93;5.31
0.0;0.0;0.0;9.08;6.34
0.0;0.0;0.0;8.68;6.41
0.0;0.0;0.0;8.54;6.55
0.0;0.0;0.0;8.59;6.55
0.0;0.0;0.0;8.52;6.41
0.0;0.0;0.0;8.45;6.07
0.0;0.0;0.0;8.45;5.72
2.0;0.0;2.0;8.43;5.1
90.0;165.93;63.0;8.5;4.83
244.0;552.5;82.0;8.99;4.0
134.0;2.35;133.0;9.76;5.45
288.0;69.33;250.0;10.9;6.21
135.0;0.0;135.0;11.33;5.72
130.0;0.0;130.0;11.39;6.0
173.0;0.0;173.0;11.5;5.59
174.0;0.0;174.0;11.57;6.97
223.0;0.0;223.0;11.42;5.66
215.0;0.0;215.0;11.65;5.59
200.0;0.0;200.0;11.99;7.1
114.0;0.0;114.0;11.93;6.69
159.0;6.65;156.0;11.69;6.0
30.0;0.0;30.0;11.18;5.24
17.0;0.0;17.0;10.75;5.24
7.0;0.0;7.0;10.37;5.45
0.0;0.0;0.0;10.01;4.9
0.0;0.0;0.0;9.67;4.76
0.0;0.0;0.0;9.36;4.41
0.0;0.0;0.0;9.11;4.14
0.0;0.0;0.0;8.4;3.79
0.0;0.0;0.0;7.89;3.59
0.0;0.0;0.0;7.44;3.52
2.0;0.0;2.0;7.1;3.59
81.0;103.18;64.0;7.43;3.66
248.0;565.9;81.0;8.4;3.31
387.0;656.65;107.0;9.55;4.97
530.0;749.48;118.0;10.98;5.1
495.0;296.97;300.0;11.85;5.52
193.0;0.0;193.0;12.38;6.07
302.0;6.3;297.0;12.69;6.14
261.0;1.23;260.0;12.48;5.93
274.0;1.25;273.0;11.57;4.9
160.0;0.0;160.0;11.49;4.62
106.0;0.0;106.0;12.02;5.03
110.0;0.0;110.0;12.05;4.28
85.0;0.0;85.0;11.95;4.07
85.0;0.0;85.0;11.69;4.34
41.0;0.0;41.0;11.7;5.1
22.0;43.74;19.0;11.69;5.45
0.0;0.0;0.0;11.85;5.79
0.0;0.0;0.0;12.09;6.62
0.0;0.0;0.0;11.91;6.07
0.0;0.0;0.0;11.19;5.45
0.0;0.0;0.0;10.39;5.1
0.0;0.0;0.0;9.86;4.9
0.0;0.0;0.0;9.43;4.55
5.0;0.0;5.0;9.08;4.21
102.0;233.96;63.0;9.14;3.86
248.0;562.5;81.0;9.95;3.31
398.0;707.84;95.0;11.13;3.79
420.0;333.78;236.0;12.18;4.48
571.0;507.51;237.0;13.32;4.28
768.0;882.21;114.0;14.38;3.79
812.0;845.05;140.0;15.54;3.72
680.0;412.93;343.0;16.71;4.0
794.0;766.23;179.0;17.51;3.93
467.0;127.04;371.0;18.03;4.0
465.0;206.38;325.0;17.47;3.66
210.0;6.94;206.0;17.17;4.41
278.0;151.41;209.0;17.0;4.48
91.0;0.0;91.0;17.0;4.34
144.0;437.33;59.0;16.76;4.97
24.0;42.16;21.0;15.77;4.14
0.0;0.0;0.0;15.26;3.79
0.0;0.0;0.0;15.12;4.07
0.0;0.0;0.0;15.07;4.07
0.0;0.0;0.0;14.8;4.07
0.0;0.0;0.0;14.63;4.14
0.0;0.0;0.0;14.38;4.14
0.0;0.0;0.0;13.87;3.79
2.0;0.0;2.0;13.52;2.97
10.0;0.0;10.0;13.39;1.66
73.0;0.0;73.0;13.79;1.79
292.0;246.73;186.0;15.23;2.0
475.0;535.52;179.0;16.43;2.97
653.0;808.17;120.0;17.14;3.86
639.0;490.1;275.0;17.75;4.55
138.0;0.0;138.0;17.41;4.34
157.0;0.0;157.0;17.17;4.28
244.0;0.0;244.0;16.65;4.21
182.0;0.0;182.0;15.91;4.34
94.0;0.0;94.0;15.15;4.48
182.0;1.73;181.0;13.76;4.55
106.0;0.0;106.0;9.91;5.76
113.0;9.15;110.0;10.16;5.43
96.0;96.57;77.0;10.42;5.1
3.0;0.0;3.0;10.68;4.78
0.0;0.0;0.0;10.93;4.45
0.0;0.0;0.0;11.19;4.13
0.0;0.0;0.0;11.44;3.8
0.0;0.0;0.0;11.7;3.47
0.0;0.0;0.0;11.95;3.15
0.0;0.0;0.0;12.21;2.82
0.0;0.0;0.0;12.46;2.5
10.0;0.0;10.0;12.72;2.17
118.0;364.17;56.0;12.98;1.84
253.0;566.37;83.0;13.23;1.52
400.0;698.24;99.0;13.49;1.19
541.0;770.62;114.0;13.74;0.87
658.0;798.99;130.0;19.57;1.24
761.0;842.75;134.0;20.78;1.38
834.0;886.04;127.0;21.69;1.38
855.0;880.38;134.0;22.35;1.45
834.0;863.9;138.0;22.79;1.59
786.0;869.67;126.0;22.99;1.72
693.0;838.81;121.0;22.99;1.72
566.0;770.79;119.0;22.84;1.52
429.0;704.52;105.0;22.57;1.31
286.0;609.13;85.0;21.99;1.1
150.0;452.14;60.0;20.87;1.03
39.0;210.43;23.0;19.16;1.72
0.0;0.0;0.0;17.17;2.14
0.0;0.0;0.0;15.47;2.21
0.0;0.0;0.0;14.2;2.14
0.0;0.0;0.0;13.2;2.07
0.0;0.0;0.0;12.45;2.14
0.0;0.0;0.0;11.96;2.34
0.0;0.0;0.0;11.72;2.41
2.0;0.0;2.0;11.48;2.41
52.0;5.82;51.0;11.78;2.41
210.0;295.06;121.0;13.04;2.62
388.0;642.85;110.0;14.84;2.97
427.0;342.11;237.0;16.78;3.31
566.0;478.81;249.0;17.98;3.93
700.0;648.13;217.0;18.53;4.21
800.0;794.56;165.0;18.93;4.55
843.0;858.25;139.0;19.25;4.97
827.0;852.47;139.0;19.39;5.31
742.0;736.41;182.0;19.39;5.38
680.0;806.03;129.0;19.22;5.24
559.0;749.45;123.0;18.61;4.83
300.0;192.7;211.0;17.88;4.48
218.0;228.85;142.0;16.95;4.0
79.0;34.78;72.0;16.07;3.31
4.0;0.0;4.0;14.9;2.76
0.0;0.0;0.0;13.95;2.55
0.0;0.0;0.0;13.05;2.41
0.0;0.0;0.0;12.31;2.14
0.0;0.0;0.0;11.82;2.0
0.0;0.0;0.0;11.35;2.07
0.0;0.0;0.0;10.92;2.41
0.0;0.0;0.0;9.88;2.83
26.0;205.13;15.0;9.71;3.79
134.0;484.51;50.0;9.97;4.28
77.0;0.0;77.0;10.63;3.86
149.0;4.61;147.0;11.53;4.07
542.0;760.01;119.0;12.1;5.24
608.0;591.07;216.0;12.62;5.45
678.0;554.69;264.0;12.97;5.31
834.0;870.86;137.0;13.31;5.17
859.0;877.64;138.0;13.75;5.03
839.0;860.95;143.0;14.06;4.9
752.0;738.93;189.0;14.23;4.55
528.0;310.85;315.0;14.24;4.21
539.0;632.37;170.0;14.13;4.28
412.0;590.81;138.0;13.76;4.07
292.0;613.53;87.0;13.28;3.79
158.0;486.66;59.0;12.77;3.52
40.0;173.76;26.0;11.7;2.83
0.0;0.0;0.0;10.72;2.76
0.0;0.0;0.0;9.88;2.76
0.0;0.0;0.0;9.28;2.76
0.0;0.0;0.0;8.81;2.76
0.0;0.0;0.0;8.58;2.76
0.0;0.0;0.0;8.46;2.83
0.0;0.0;0.0;8.34;2.97
14.0;18.13;13.0;8.22;2.76
104.0;194.54;70.0;8.51;2.41
247.0;483.09;100.0;9.7;2.28
170.0;13.8;164.0;10.98;3.38
314.0;87.87;265.0;11.04;3.38
609.0;584.1;221.0;11.46;3.24
694.0;594.04;250.0;11.63;3.03
518.0;140.99;405.0;12.11;2.97
573.0;193.27;414.0;12.19;3.17
640.0;322.35;379.0;12.63;3.31
699.0;562.02;270.0;13.01;3.38
673.0;733.88;169.0;13.27;3.17
574.0;763.82;127.0;13.12;3.1
437.0;702.31;110.0;12.96;3.24
298.0;630.78;86.0;12.7;3.45
158.0;472.04;61.0;12.19;3.38
44.0;217.63;26.0;11.01;2.69
0.0;0.0;0.0;9.99;2.48
0.0;0.0;0.0;9.22;2.28
0.0;0.0;0.0;8.86;2.28
0.0;0.0;0.0;8.67;2.48
0.0;0.0;0.0;8.12;2.69
0.0;0.0;0.0;7.48;2.69
0.0;0.0;0.0;7.17;2.62
2.0;0.0;2.0;7.22;2.62
100.0;170.39;70.0;7.61;2.62
227.0;360.11;117.0;8.55;3.17
302.0;245.43;195.0;9.37;4.21
393.0;238.06;260.0;9.99;4.55
456.0;199.92;323.0;10.52;4.69
570.0;292.62;351.0;11.16;4.28
635.0;332.72;368.0;11.64;3.66
499.0;108.04;410.0;12.41;3.24
591.0;240.47;396.0;12.96;2.9
516.0;179.16;379.0;13.29;2.55
544.0;348.72;304.0;13.42;2.14
323.0;81.79;275.0;13.31;2.07
316.0;220.38;213.0;12.79;2.14
148.0;35.51;136.0;12.04;2.34
64.0;4.82;63.0;11.31;2.07
17.0;0.0;17.0;10.85;1.03
0.0;0.0;0.0;9.91;0.76
0.0;0.0;0.0;9.12;0.9
0.0;0.0;0.0;8.77;0.97
0.0;0.0;0.0;8.28;1.03
0.0;0.0;0.0;7.3;1.24
0.0;0.0;0.0;6.76;1.31
0.0;0.0;0.0;6.71;1.24
30.0;224.44;17.0;6.73;1.17
19.0;0.0;19.0;7.77;0.83
155.0;78.29;131.0;9.09;0.21
391.0;613.35;123.0;11.04;0.07
528.0;687.99;143.0;11.59;1.1
357.0;64.55;314.0;12.07;1.93
386.0;50.71;348.0;12.39;2.34
524.0;150.6;403.0;12.78;2.48
767.0;594.05;277.0;13.32;2.62
835.0;843.55;150.0;13.71;2.69
788.0;853.85;134.0;13.88;2.62
701.0;835.2;125.0;13.66;2.55
575.0;768.19;123.0;13.51;2.69
441.0;714.19;106.0;13.27;2.9
298.0;620.98;87.0;12.84;2.97
161.0;472.84;62.0;12.37;2.83
45.0;196.04;28.0;11.48;2.07
0.0;0.0;0.0;10.53;2.0
0.0;0.0;0.0;9.76;2.07
0.0;0.0;0.0;9.07;2.07
0.0;0.0;0.0;8.44;1.86
0.0;0.0;0.0;7.7;1.59
0.0;0.0;0.0;7.03;1.79
0.0;0.0;0.0;6.85;2.14
3.0;0.0;3.0;6.71;2.0
121.0;319.62;64.0;7.64;1.79
253.0;513.81;95.0;9.03;1.45
362.0;470.5;156.0;10.77;1.93
340.0;128.47;268.0;11.28;2.28
621.0;632.72;199.0;11.85;2.55
751.0;789.18;159.0;12.34;2.76
819.0;823.05;157.0;12.95;3.03
821.0;751.99;200.0;13.42;3.24
757.0;600.15;269.0;13.51;3.38
699.0;565.73;265.0;13.54;3.17
636.0;603.47;219.0;13.33;2.9
553.0;669.62;158.0;13.42;2.62
405.0;533.27;154.0;13.26;2.34
194.0;122.98;152.0;13.02;2.34
105.0;94.7;85.0;12.66;2.34
21.0;0.0;21.0;11.75;2.14
0.0;0.0;0.0;10.72;1.86
0.0;0.0;0.0;10.06;1.72
0.0;0.0;0.0;9.37;1.93
0.0;0.0;0.0;8.88;1.79
0.0;0.0;0.0;8.74;1.59
0.0;0.0;0.0;8.36;1.59
0.0;0.0;0.0;8.26;1.93
3.0;0.0;3.0;8.25;2.21
96.0;133.84;72.0;8.7;2.21
26.0;0.0;26.0;9.73;2.07
130.0;0.0;130.0;10.76;2.69
414.0;286.9;253.0;11.79;3.38
478.0;239.63;318.0;12.26;3.38
548.0;249.03;361.0;12.75;3.24
447.0;72.04;389.0;13.19;3.1
530.0;140.31;414.0;13.62;3.03
674.0;395.51;352.0;13.81;2.83
690.0;541.46;274.0;13.75;2.48
392.0;85.22;333.0;13.87;2.14
392.0;186.03;282.0;14.0;1.79
449.0;739.06;100.0;14.02;1.45
292.0;565.34;98.0;13.86;1.17
159.0;427.41;68.0;13.47;1.03
47.0;188.15;30.0;12.41;1.24
0.0;0.0;0.0;11.23;1.45
0.0;0.0;0.0;9.63;1.59
0.0;0.0;0.0;8.89;1.24
0.0;0.0;0.0;9.77;0.69
0.0;0.0;0.0;9.75;0.34
0.0;0.0;0.0;9.54;0.21
0.0;0.0;0.0;9.26;0.14
6.0;0.0;6.0;9.04;0.0
79.0;61.05;68.0;9.07;0.41
248.0;475.5;101.0;9.16;0.69
378.0;546.3;138.0;11.92;1.24
488.0;525.06;193.0;12.95;2.62
531.0;360.59;290.0;13.53;3.31
524.0;207.56;368.0;14.03;3.79
707.0;492.63;310.0;14.41;4.34
698.0;425.35;346.0;14.86;4.76
673.0;393.82;352.0;15.07;4.9
274.0;3.9;271.0;15.01;4.69
156.0;0.0;156.0;14.63;4.07
108.0;0.0;108.0;14.23;3.59
69.0;0.0;69.0;13.59;2.76
61.0;0.0;61.0;12.97;2.83
38.0;0.0;38.0;12.36;3.03
5.0;0.0;5.0;11.16;3.59
0.0;0.0;0.0;10.8;3.52
0.0;0.0;0.0;10.77;3.59
0.0;0.0;0.0;10.98;3.17
0.0;0.0;0.0;10.99;3.31
0.0;0.0;0.0;11.12;3.38
0.0;0.0;0.0;11.23;3.38
0.0;0.0;0.0;11.34;3.45
3.0;0.0;3.0;11.19;3.38
73.0;38.69;66.0;11.45;3.17
41.0;0.0;41.0;11.95;2.9
93.0;0.0;93.0;12.52;2.76
84.0;0.0;84.0;13.37;2.62
80.0;0.0;80.0;13.94;2.07
488.0;162.19;366.0;14.99;1.79
530.0;166.14;396.0;15.54;1.52
276.0;1.21;275.0;16.11;1.38
84.0;0.0;84.0;16.69;0.97
408.0;62.31;360.0;16.93;0.76
183.0;0.0;183.0;16.89;0.62
223.0;8.42;218.0;16.85;0.62
216.0;37.89;198.0;15.95;1.24
111.0;5.78;109.0;15.01;1.66
42.0;0.0;42.0;14.58;2.07
17.0;0.0;17.0;13.77;2.41
0.0;0.0;0.0;12.64;2.76
0.0;0.0;0.0;12.23;3.1
0.0;0.0;0.0;11.96;3.66
0.0;0.0;0.0;11.54;4.0
0.0;0.0;0.0;11.27;3.72
0.0;0.0;0.0;10.72;3.24
0.0;0.0;0.0;10.16;3.17
4.0;0.0;4.0;9.76;3.17
56.0;11.01;54.0;9.83;3.17
184.0;161.09;134.0;10.61;3.31
236.0;86.28;198.0;11.51;3.72
309.0;85.27;261.0;13.02;2.69
330.0;44.82;300.0;13.94;1.86
257.0;2.66;255.0;14.59;1.45
225.0;0.0;225.0;14.71;1.31
214.0;0.0;214.0;14.65;1.38
192.0;0.0;192.0;14.29;1.59
156.0;0.0;156.0;13.93;1.93
152.0;0.0;152.0;13.52;2.34
123.0;0.0;123.0;13.12;2.76
60.0;0.0;60.0;12.6;2.97
32.0;0.0;32.0;12.04;2.9
39.0;0.0;39.0;11.54;2.76
13.0;0.0;13.0;10.44;3.45
0.0;0.0;0.0;10.14;3.45
0.0;0.0;0.0;10.12;3.38
0.0;0.0;0.0;10.23;3.45
0.0;0.0;0.0;10.32;3.59
0.0;0.0;0.0;10.33;3.66
0.0;0.0;0.0;10.29;4.0
0.0;0.0;0.0;10.29;4.41
23.0;62.96;19.0;10.3;4.9
35.0;0.0;35.0;10.41;5.31
23.0;0.0;23.0;10.58;5.59
52.0;0.0;52.0;10.86;5.93
48.0;0.0;48.0;10.96;5.52
109.0;0.0;109.0;11.38;5.79
190.0;0.0;190.0;11.5;5.93
197.0;0.0;197.0;11.93;6.14
212.0;0.0;212.0;12.23;6.07
258.0;1.22;257.0;12.43;5.79
229.0;0.0;229.0;12.55;6.0
232.0;1.44;231.0;12.7;5.45
98.0;0.0;98.0;12.65;5.66
52.0;0.0;52.0;12.48;5.52
68.0;0.0;68.0;12.54;5.31
15.0;0.0;15.0;12.66;5.03
5.0;0.0;5.0;12.54;4.76
0.0;0.0;0.0;12.59;4.48
0.0;0.0;0.0;12.45;4.14
0.0;0.0;0.0;12.34;4.14
0.0;0.0;0.0;12.05;3.93
0.0;0.0;0.0;11.62;3.79
0.0;0.0;0.0;11.24;4.07
0.0;0.0;0.0;11.03;4.21
22.0;46.81;19.0;10.7;4.21
138.0;460.0;54.0;10.82;4.28
272.0;623.33;78.0;11.53;4.0
412.0;704.93;101.0;12.33;4.76
557.0;796.67;108.0;12.76;5.24
676.0;825.2;123.0;13.52;5.45
776.0;857.27;130.0;14.26;5.31
850.0;900.83;122.0;14.9;5.31
872.0;896.16;128.0;15.32;5.59
848.0;867.73;138.0;15.5;5.93
802.0;875.79;125.0;15.45;6.14
708.0;834.21;126.0;15.15;6.34
580.0;756.73;128.0;14.65;6.34
443.0;680.9;117.0;13.97;6.14
305.0;608.3;92.0;13.21;5.93
167.0;449.57;68.0;12.41;5.59
54.0;214.74;33.0;11.51;5.31
0.0;0.0;0.0;10.61;5.24
0.0;0.0;0.0;10.05;5.24
0.0;0.0;0.0;9.73;5.31
0.0;0.0;0.0;9.56;5.31
0.0;0.0;0.0;9.45;5.24
0.0;0.0;0.0;9.33;5.03
0.0;0.0;0.0;9.19;4.9
22.0;46.49;19.0;9.13;4.97
135.0;420.87;58.0;9.52;5.1
270.0;603.52;82.0;10.42;4.62
415.0;706.82;103.0;11.49;5.59
560.0;798.13;110.0;12.35;6.0
680.0;824.89;127.0;13.2;6.21
779.0;856.92;133.0;13.9;6.34
858.0;911.52;121.0;14.45;6.41
881.0;907.67;127.0;14.84;6.34
838.0;820.67;166.0;14.95;6.34
802.0;863.32;134.0;14.96;6.34
712.0;834.61;129.0;14.74;6.34
584.0;753.82;133.0;14.34;6.34
442.0;654.36;128.0;13.8;6.14
313.0;640.47;88.0;13.12;5.93
177.0;514.91;63.0;12.39;5.52
59.0;282.85;31.0;11.73;5.59
0.0;0.0;0.0;10.92;5.38
0.0;0.0;0.0;10.4;5.31
0.0;0.0;0.0;10.11;5.31
0.0;0.0;0.0;9.91;5.31
0.0;0.0;0.0;9.73;5.31
0.0;0.0;0.0;9.58;5.45
0.0;0.0;0.0;9.45;5.59
3.0;0.0;3.0;9.36;5.66
74.0;38.21;67.0;9.74;5.66
242.0;413.88;113.0;10.53;5.86
390.0;582.03;133.0;11.38;7.03
516.0;615.29;169.0;12.61;5.03
612.0;581.6;222.0;12.92;4.69
682.0;545.03;271.0;13.69;4.55
564.0;196.57;405.0;14.2;4.62
688.0;383.81;369.0;14.71;4.69
803.0;709.07;222.0;14.72;4.69
806.0;872.9;130.0;14.62;4.69
715.0;843.67;125.0;14.59;4.76
587.0;766.03;128.0;14.31;4.83
454.0;717.48;109.0;13.79;4.97
310.0;618.67;92.0;13.09;5.1
171.0;449.45;71.0;12.26;4.76
57.0;239.79;33.0;11.51;4.28
0.0;0.0;0.0;10.44;4.07
0.0;0.0;0.0;9.64;3.86
0.0;0.0;0.0;9.14;3.59
0.0;0.0;0.0;8.77;3.31
0.0;0.0;0.0;8.49;3.24
0.0;0.0;0.0;8.29;3.24
0.0;0.0;0.0;8.14;3.31
10.0;0.0;10.0;8.08;3.17
42.0;0.0;42.0;8.5;3.1
104.0;6.42;102.0;9.62;2.97
217.0;54.35;193.0;10.99;3.66
399.0;239.35;264.0;11.98;2.97
0.0;0.0;0.0;12.78;2.97
534.0;216.11;371.0;13.62;2.76
0.0;0.0;0.0;14.83;2.48
668.0;346.37;380.0;15.75;2.34
696.0;428.12;345.0;16.27;2.41
652.0;420.62;326.0;16.02;2.83
578.0;407.11;293.0;15.54;3.52
540.0;576.64;194.0;15.31;4.07
365.0;330.03;206.0;14.76;4.21
247.0;277.35;149.0;14.12;4.07
152.0;299.78;85.0;13.53;3.93
44.0;89.03;35.0;12.82;3.66
0.0;0.0;0.0;11.78;3.93
0.0;0.0;0.0;10.66;4.0
0.0;0.0;0.0;9.98;3.93
0.0;0.0;0.0;9.64;3.79
0.0;0.0;0.0;9.25;3.86
0.0;0.0;0.0;8.94;3.86
0.0;0.0;0.0;8.68;3.86
23.0;46.02;20.0;8.48;3.86
133.0;392.64;61.0;8.81;3.86
267.0;583.8;85.0;9.75;3.59
410.0;690.71;105.0;10.87;4.34
551.0;769.51;117.0;12.03;4.34
672.0;806.65;131.0;12.99;4.07
766.0;824.56;144.0;13.93;4.0
845.0;881.02;132.0;14.73;4.21
858.0;849.98;151.0;15.35;4.14
844.0;846.04;150.0;15.92;3.59
778.0;783.93;170.0;16.39;3.24
677.0;709.28;180.0;16.75;3.24
498.0;431.11;239.0;16.7;3.1
319.0;194.78;225.0;16.31;2.9
87.0;0.0;87.0;15.93;2.48
48.0;0.0;48.0;15.38;1.72
6.0;0.0;6.0;14.57;1.93
0.0;0.0;0.0;13.91;2.28
0.0;0.0;0.0;13.52;2.97
0.0;0.0;0.0;13.32;3.79
0.0;0.0;0.0;13.2;4.55
0.0;0.0;0.0;13.1;5.1
0.0;0.0;0.0;12.54;5.52
0.0;0.0;0.0;11.83;5.79
3.0;0.0;3.0;11.87;5.52
18.0;0.0;18.0;12.03;5.31
41.0;0.0;41.0;12.44;5.17
75.0;0.0;75.0;12.75;5.31
210.0;7.09;206.0;12.83;5.66
523.0;341.48;294.0;13.67;5.86
708.0;649.56;218.0;14.33;6.41
639.0;337.28;366.0;14.71;7.52
642.0;306.49;387.0;15.09;7.45
610.0;266.87;391.0;15.4;7.45
560.0;240.96;373.0;15.32;7.38
543.0;329.39;312.0;15.3;7.17
471.0;359.13;255.0;15.11;6.9
326.0;219.3;220.0;14.54;6.55
257.0;323.92;142.0;14.0;6.14
170.0;439.58;71.0;13.44;5.59
56.0;194.6;36.0;12.74;4.97
0.0;0.0;0.0;11.97;4.41
0.0;0.0;0.0;11.35;4.07
0.0;0.0;0.0;10.8;3.86
0.0;0.0;0.0;10.44;3.72
0.0;0.0;0.0;10.13;3.72
0.0;0.0;0.0;9.87;3.66
0.0;0.0;0.0;9.61;3.59
3.0;0.0;3.0;9.49;3.45
21.0;0.0;21.0;9.97;3.38
97.0;3.21;96.0;10.98;3.1
269.0;149.58;203.0;12.13;4.14
48.0;0.0;48.0;12.86;3.79
527.0;350.5;292.0;13.13;4.41
624.0;409.65;315.0;12.9;4.28
124.0;0.0;124.0;13.79;4.41
708.0;443.42;339.0;14.61;4.62
199.0;0.0;199.0;15.01;4.55
625.0;367.05;340.0;15.21;4.55
256.0;5.7;252.0;13.4;5.03
354.0;111.28;287.0;13.04;4.48
197.0;18.59;188.0;13.56;4.41
246.0;269.87;150.0;12.6;4.76
23.0;0.0;23.0;11.88;4.14
49.0;125.64;36.0;11.16;4.34
0.0;0.0;0.0;10.57;4.14
0.0;0.0;0.0;10.19;4.14
0.0;0.0;0.0;10.1;4.21
0.0;0.0;0.0;10.28;4.41
0.0;0.0;0.0;10.18;4.76
0.0;0.0;0.0;10.17;5.03
0.0;0.0;0.0;10.12;5.1
22.0;46.23;19.0;10.23;5.1
143.0;503.07;51.0;10.47;5.1
218.0;292.48;127.0;11.13;4.69
321.0;294.83;191.0;12.0;6.62
404.0;257.35;259.0;12.74;5.86
554.0;416.25;275.0;13.54;6.07
655.0;483.97;290.0;14.3;6.07
699.0;463.29;324.0;14.81;6.07
660.0;335.23;381.0;15.07;5.93
689.0;415.28;348.0;15.11;5.93
650.0;417.1;326.0;15.27;5.66
638.0;581.0;230.0;15.21;5.38
497.0;428.15;239.0;15.28;5.17
381.0;385.88;194.0;14.88;5.1
242.0;249.75;153.0;14.37;4.97
159.0;335.46;83.0;13.71;4.55
61.0;259.47;34.0;12.75;3.79
0.0;0.0;0.0;11.83;3.45
0.0;0.0;0.0;11.05;3.52
0.0;0.0;0.0;10.5;3.45
0.0;0.0;0.0;10.07;3.38
0.0;0.0;0.0;9.72;3.24
0.0;0.0;0.0;9.4;2.97
0.0;0.0;0.0;9.17;2.83
3.0;0.0;3.0;9.0;2.69
54.0;5.48;53.0;9.34;2.41
200.0;212.4;134.0;10.52;2.28
328.0;324.6;185.0;12.02;2.28
481.0;495.49;202.0;13.51;1.79
608.0;582.11;218.0;14.7;1.31
705.0;629.99;230.0;15.67;1.03
811.0;788.3;173.0;16.37;0.97
808.0;702.87;223.0;17.02;1.38
800.0;712.3;215.0;17.39;1.79
773.0;777.3;169.0;17.69;1.86
695.0;781.38;146.0;17.48;1.72
615.0;860.65;96.0;17.36;1.52
474.0;793.63;89.0;17.25;1.38
316.0;636.07;89.0;16.99;1.17
178.0;497.63;65.0;16.39;1.1
62.0;267.83;34.0;15.32;1.24
0.0;0.0;0.0;14.12;1.59
0.0;0.0;0.0;12.82;1.66
0.0;0.0;0.0;11.69;1.72
0.0;0.0;0.0;10.75;1.72
0.0;0.0;0.0;9.84;1.66
0.0;0.0;0.0;9.06;1.66
0.0;0.0;0.0;8.63;1.59
23.0;46.75;20.0;8.9;1.31
133.0;411.99;58.0;9.23;1.03
266.0;589.84;83.0;11.15;0.34
409.0;699.89;101.0;13.69;0.41
548.0;769.58;115.0;15.3;0.55
669.0;807.92;128.0;16.46;0.97
764.0;829.23;139.0;17.27;1.17
791.0;722.95;206.0;17.93;1.31
720.0;466.2;332.0;18.46;1.24
542.0;160.71;410.0;18.82;1.17
548.0;216.15;380.0;19.39;1.17
537.0;308.72;320.0;19.36;1.17
371.0;134.24;290.0;19.09;1.1
351.0;282.17;214.0;18.68;1.52
310.0;598.91;96.0;17.79;2.14
179.0;496.71;66.0;16.58;2.14
67.0;333.57;32.0;15.42;2.41
0.0;0.0;0.0;13.84;2.48
0.0;0.0;0.0;12.52;2.14
0.0;0.0;0.0;11.53;2.0
0.0;0.0;0.0;10.79;2.14
0.0;0.0;0.0;10.29;2.28
0.0;0.0;0.0;9.93;2.34
0.0;0.0;0.0;9.67;2.34
22.0;47.13;19.0;9.56;2.28
132.0;407.76;58.0;10.02;2.07
260.0;558.65;87.0;11.35;2.0
400.0;666.65;107.0;12.89;2.41
498.0;567.48;179.0;14.38;2.62
629.0;663.49;185.0;15.58;2.97
683.0;568.11;255.0;16.79;2.9
700.0;470.98;319.0;17.61;2.83
666.0;350.9;374.0;18.32;2.69
695.0;432.2;340.0;18.82;2.41
704.0;562.16;267.0;19.13;2.0
594.0;449.43;278.0;19.54;1.59
508.0;463.82;228.0;19.56;1.38
411.0;504.26;166.0;19.37;1.38
307.0;584.36;98.0;18.71;1.52
167.0;390.65;78.0;17.67;1.59
63.0;266.15;35.0;16.02;1.93
0.0;0.0;0.0;14.69;2.07
0.0;0.0;0.0;13.42;2.0
0.0;0.0;0.0;12.47;1.59
0.0;0.0;0.0;11.32;1.03
0.0;0.0;0.0;11.88;0.41
0.0;0.0;0.0;11.29;0.62
0.0;0.0;0.0;9.59;1.1
3.0;0.0;3.0;9.24;1.1
15.0;0.0;15.0;9.53;0.9
79.0;0.0;79.0;11.75;1.1
202.0;41.01;184.0;13.56;1.38
342.0;133.56;267.0;14.52;1.79
644.0;731.3;155.0;16.45;2.0
761.0;832.71;134.0;18.27;2.14
836.0;875.52;128.0;19.78;2.34
855.0;859.4;140.0;20.99;2.48
837.0;843.76;144.0;21.84;2.69
790.0;839.96;137.0;22.34;2.97
702.0;811.94;131.0;22.53;3.1
584.0;758.41;126.0;22.54;3.17
453.0;707.67;109.0;22.27;3.31
314.0;628.65;89.0;21.52;3.03
180.0;499.89;66.0;20.42;3.24
64.0;284.7;34.0;19.15;3.1
0.0;0.0;0.0;17.91;3.1
0.0;0.0;0.0;16.97;2.9
0.0;0.0;0.0;16.48;2.76
0.0;0.0;0.0;16.33;2.9
0.0;0.0;0.0;16.22;2.97
0.0;0.0;0.0;15.93;2.83
0.0;0.0;0.0;15.55;2.83
18.0;32.1;16.0;15.26;2.76
126.0;366.55;60.0;15.44;2.48
261.0;580.7;82.0;16.48;2.21
405.0;700.69;98.0;17.98;2.34
541.0;763.09;113.0;19.38;3.24
662.0;803.78;125.0;20.24;4.0
756.0;825.26;135.0;20.97;4.62
831.0;868.49;129.0;21.56;5.1
854.0;864.45;135.0;22.02;5.38
837.0;848.76;140.0;22.37;5.45
781.0;823.26;141.0;22.57;5.45
698.0;806.17;131.0;22.74;5.03
539.0;582.76;187.0;22.74;4.34
425.0;577.88;144.0;22.34;3.66
309.0;603.24;93.0;21.6;3.86
132.0;170.92;93.0;20.71;3.66
25.0;0.0;25.0;20.3;4.0
0.0;0.0;0.0;19.9;4.69
0.0;0.0;0.0;19.54;5.1
0.0;0.0;0.0;19.01;5.17
0.0;0.0;0.0;18.37;4.97
0.0;0.0;0.0;17.73;4.9
0.0;0.0;0.0;17.17;4.97
0.0;0.0;0.0;16.74;4.97
3.0;0.0;3.0;16.47;4.97
12.0;0.0;12.0;16.55;5.1
47.0;0.0;47.0;16.99;4.9
150.0;4.57;148.0;17.58;5.52
353.0;157.11;265.0;18.5;5.52
568.0;476.45;250.0;19.34;5.66
642.0;465.46;292.0;20.24;5.66
773.0;685.75;219.0;21.2;5.79
828.0;782.98;177.0;22.04;5.86
821.0;795.36;168.0;22.67;5.72
783.0;825.93;141.0;23.04;5.38
700.0;809.03;131.0;23.24;5.1
579.0;743.3;130.0;23.17;4.55
447.0;682.66;115.0;22.85;3.86
312.0;617.09;91.0;22.11;3.17
175.0;464.5;69.0;21.18;3.59
63.0;284.63;33.0;20.3;3.66
0.0;0.0;0.0;19.2;4.21
0.0;0.0;0.0;18.37;4.48
0.0;0.0;0.0;17.97;4.55
0.0;0.0;0.0;17.41;4.07
0.0;0.0;0.0;16.95;3.86
0.0;0.0;0.0;16.4;3.93
0.0;0.0;0.0;16.04;4.14
17.0;16.52;16.0;15.75;4.28
124.0;364.66;59.0;15.88;4.28
259.0;580.82;81.0;16.54;4.21
397.0;673.64;103.0;17.3;5.03
531.0;733.04;121.0;18.09;5.59
650.0;769.44;137.0;18.64;5.66
752.0;814.56;140.0;19.24;5.45
813.0;821.17;150.0;19.88;5.45
845.0;842.3;145.0;20.46;4.41
829.0;824.86;152.0;20.79;3.24
790.0;846.69;132.0;21.44;2.69
699.0;807.7;131.0;21.93;2.21
530.0;551.3;197.0;22.36;1.86
405.0;485.28;169.0;22.6;1.79
292.0;497.07;114.0;22.66;2.0
144.0;232.33;91.0;22.07;1.93
25.0;0.0;25.0;21.18;1.93
0.0;0.0;0.0;19.81;2.14
0.0;0.0;0.0;18.67;2.21
0.0;0.0;0.0;18.11;2.62
0.0;0.0;0.0;17.88;2.83
0.0;0.0;0.0;17.6;2.55
0.0;0.0;0.0;17.23;2.41
0.0;0.0;0.0;16.87;2.41
3.0;0.0;3.0;16.55;2.21
117.0;304.73;63.0;16.53;2.0
87.0;0.0;87.0;17.3;1.79
235.0;89.56;196.0;18.71;1.93
434.0;363.53;231.0;20.31;1.86
528.0;370.91;281.0;21.21;2.07
619.0;414.31;308.0;22.04;2.21
793.0;757.29;182.0;22.67;2.14
667.0;362.38;366.0;23.27;2.0
708.0;476.58;317.0;23.74;1.79
797.0;867.53;123.0;24.08;1.66
682.0;750.99;154.0;23.98;1.38
573.0;725.27;135.0;24.36;1.31
440.0;651.98;123.0;24.42;0.83
309.0;603.4;93.0;24.41;0.14
152.0;285.15;87.0;24.12;0.9
61.0;247.63;35.0;22.84;1.52
0.0;0.0;0.0;21.34;1.79
0.0;0.0;0.0;19.75;1.72
0.0;0.0;0.0;18.18;1.45
0.0;0.0;0.0;17.3;1.1
0.0;0.0;0.0;18.26;0.62
0.0;0.0;0.0;17.19;0.9
0.0;0.0;0.0;14.95;1.45
15.0;17.13;14.0;14.25;1.59
116.0;312.38;61.0;14.72;1.79
231.0;423.89;102.0;16.99;1.93
362.0;522.55;135.0;18.4;2.62
504.0;645.8;144.0;20.03;3.24
635.0;747.31;138.0;20.79;3.66
716.0;722.76;174.0;21.32;4.0
770.0;711.98;196.0;21.47;4.07
753.0;587.87;265.0;21.64;4.0
721.0;529.25;287.0;21.96;3.86
587.0;306.46;349.0;22.16;3.45
591.0;470.95;260.0;22.38;2.97
556.0;679.13;146.0;22.7;2.48
365.0;347.73;196.0;22.62;1.79
260.0;346.61;136.0;22.52;1.24
179.0;509.51;63.0;22.09;1.03
64.0;286.72;34.0;20.92;1.17
0.0;0.0;0.0;19.98;1.38
0.0;0.0;0.0;19.07;1.52
0.0;0.0;0.0;18.3;1.59
0.0;0.0;0.0;17.66;1.45
0.0;0.0;0.0;16.87;1.24
0.0;0.0;0.0;16.43;0.9
0.0;0.0;0.0;16.79;0.69
2.0;0.0;2.0;16.8;0.55
11.0;0.0;11.0;16.57;0.62
208.0;303.5;116.0;17.77;0.28
363.0;547.0;126.0;19.67;0.41
490.0;603.88;154.0;20.88;0.41
617.0;694.15;156.0;21.96;0.83
668.0;582.04;232.0;22.82;1.1
571.0;239.6;378.0;23.45;1.24
370.0;24.11;350.0;24.07;1.31
356.0;20.74;339.0;24.41;1.45
309.0;11.59;300.0;24.75;1.45
520.0;297.5;311.0;24.84;1.38
414.0;233.66;273.0;24.83;1.45
416.0;574.4;137.0;23.31;1.66
266.0;383.29;129.0;22.6;1.7
103.0;66.0;88.0;21.89;1.75
32.0;19.2;30.0;21.18;1.79
0.0;0.0;0.0;20.47;1.83
0.0;0.0;0.0;19.76;1.87
0.0;0.0;0.0;19.05;1.92
0.0;0.0;0.0;18.34;1.96
0.0;0.0;0.0;17.63;2.0
0.0;0.0;0.0;16.92;2.04
0.0;0.0;0.0;16.22;2.08
2.0;0.0;2.0;15.51;2.13
11.0;0.0;11.0;14.8;2.17
32.0;0.0;32.0;14.09;2.21
64.0;0.0;64.0;13.38;2.25
123.0;0.0;123.0;12.67;2.3
583.0;552.84;217.0;15.21;3.72
504.0;192.71;360.0;15.58;4.0
444.0;75.88;383.0;17.37;4.83
653.0;345.32;367.0;17.96;4.97
636.0;327.46;368.0;18.77;4.69
739.0;701.7;195.0;18.64;4.97
569.0;403.33;286.0;17.86;5.31
449.0;307.0;264.0;17.28;5.66
256.0;80.43;217.0;16.34;5.72
224.0;193.55;155.0;15.82;5.66
179.0;503.95;65.0;15.16;5.17
34.0;29.16;31.0;14.43;5.03
0.0;0.0;0.0;13.66;4.21
0.0;0.0;0.0;12.86;3.93
0.0;0.0;0.0;12.35;3.72
0.0;0.0;0.0;11.91;3.79
0.0;0.0;0.0;11.73;3.72
0.0;0.0;0.0;11.78;3.86
0.0;0.0;0.0;11.95;4.0
2.0;0.0;2.0;12.36;4.21
11.0;0.0;11.0;12.94;4.41
128.0;36.79;117.0;13.69;3.72
225.0;79.18;191.0;14.64;5.79
460.0;470.31;200.0;15.04;5.66
399.0;124.07;317.0;15.75;5.72
510.0;199.67;361.0;16.47;5.66
453.0;83.43;386.0;17.12;5.72
316.0;7.25;310.0;17.41;5.59
484.0;102.72;400.0;17.87;5.52
615.0;357.57;338.0;18.16;5.1
529.0;303.81;316.0;18.39;5.03
462.0;340.49;257.0;18.54;4.69
334.0;243.64;216.0;18.24;3.93
288.0;488.91;114.0;17.98;3.1
126.0;146.33;93.0;17.47;2.21
43.0;78.36;35.0;16.78;1.59
0.0;0.0;0.0;15.9;1.45
0.0;0.0;0.0;14.55;1.38
0.0;0.0;0.0;13.28;1.31
0.0;0.0;0.0;12.4;1.38
0.0;0.0;0.0;11.6;1.52
0.0;0.0;0.0;11.14;1.52
0.0;0.0;0.0;10.91;1.45
9.0;0.0;9.0;11.49;1.1
31.0;0.0;31.0;12.72;0.48
121.0;30.25;112.0;13.36;0.21
384.0;654.27;104.0;15.72;1.03
426.0;366.28;224.0;16.74;1.59
531.0;401.71;266.0;17.66;2.14
716.0;731.39;171.0;18.48;2.55
772.0;721.86;193.0;18.85;2.97
709.0;475.44;316.0;18.53;3.31
712.0;505.49;299.0;18.55;3.72
691.0;560.72;257.0;18.81;3.79
559.0;382.6;291.0;19.07;3.45
481.0;404.02;238.0;19.04;3.24
432.0;638.85;123.0;18.83;3.1
91.0;0.0;91.0;18.41;2.83
131.0;177.99;91.0;17.68;2.48
38.0;49.41;33.0;17.15;2.28
0.0;0.0;0.0;16.31;2.34
0.0;0.0;0.0;15.67;2.28
0.0;0.0;0.0;15.09;2.34
0.0;0.0;0.0;14.76;2.34
0.0;0.0;0.0;14.55;2.14
0.0;0.0;0.0;14.52;2.07
0.0;0.0;0.0;14.36;2.0
2.0;0.0;2.0;14.31;1.79
121.0;412.36;52.0;14.55;1.66
179.0;179.12;126.0;15.46;1.59
378.0;637.84;106.0;16.82;1.86
480.0;565.36;169.0;17.79;2.48
647.0;795.86;123.0;18.66;2.97
748.0;831.97;129.0;19.32;3.38
811.0;842.62;136.0;19.8;3.72
849.0;874.41;127.0;20.12;3.79
829.0;847.82;137.0;20.33;3.66
794.0;878.1;115.0;20.46;3.45
699.0;824.56;122.0;20.47;3.31
552.0;660.85;155.0;20.27;2.97
330.0;240.2;214.0;19.93;2.62
283.0;471.25;116.0;19.44;2.41
124.0;142.97;92.0;18.76;2.28
33.0;29.95;30.0;17.78;2.07
0.0;0.0;0.0;16.85;2.0
0.0;0.0;0.0;16.14;1.86
0.0;0.0;0.0;15.54;1.52
0.0;0.0;0.0;15.01;0.97
0.0;0.0;0.0;15.79;0.28
0.0;0.0;0.0;15.58;0.14
0.0;0.0;0.0;15.32;0.34
10.0;0.0;10.0;15.01;0.69
97.0;211.4;62.0;14.75;0.69
238.0;526.86;83.0;15.61;0.21
379.0;654.35;101.0;17.56;0.34
517.0;732.75;115.0;18.38;2.14
624.0;733.57;142.0;19.01;2.76
749.0;846.79;120.0;19.5;3.17
822.0;880.01;118.0;20.02;3.38
847.0;877.86;123.0;20.13;3.45
831.0;863.45;127.0;20.3;3.66
755.0;778.05;154.0;20.6;3.79
690.0;805.46;127.0;20.71;3.59
340.0;101.68;279.0;20.7;3.38
160.0;4.15;158.0;20.46;3.24
149.0;31.12;138.0;20.19;2.97
105.0;76.29;88.0;19.66;2.55
56.0;232.2;33.0;19.13;2.0
0.0;0.0;0.0;18.67;1.93
0.0;0.0;0.0;18.39;2.0
0.0;0.0;0.0;18.32;2.34
0.0;0.0;0.0;18.26;2.9
0.0;0.0;0.0;18.21;3.24
0.0;0.0;0.0;17.99;3.03
0.0;0.0;0.0;17.53;2.9
2.0;0.0;2.0;17.15;3.03
44.0;6.11;43.0;17.2;3.24
65.0;0.0;65.0;17.61;3.17
70.0;0.0;70.0;17.84;4.0
119.0;0.0;119.0;18.24;4.62
185.0;0.0;185.0;18.66;4.69
148.0;0.0;148.0;18.81;4.97
141.0;0.0;141.0;18.73;4.48
168.0;0.0;168.0;18.44;3.59
157.0;0.0;157.0;17.95;3.72
104.0;0.0;104.0;17.79;3.86
101.0;0.0;101.0;17.8;3.93
121.0;0.0;121.0;17.72;3.86
88.0;0.0;88.0;17.62;2.69
206.0;153.21;152.0;17.7;1.66
102.0;72.17;86.0;17.7;0.83
35.0;40.89;31.0;17.4;1.17
0.0;0.0;0.0;17.29;1.03
0.0;0.0;0.0;17.15;1.52
0.0;0.0;0.0;16.99;2.0
0.0;0.0;0.0;16.84;2.28
0.0;0.0;0.0;16.84;2.28
0.0;0.0;0.0;16.73;2.07
0.0;0.0;0.0;16.55;1.79
2.0;0.0;2.0;16.37;1.59
10.0;0.0;10.0;16.56;1.52
30.0;0.0;30.0;17.17;2.0
85.0;0.0;85.0;18.09;2.9
159.0;0.0;159.0;18.41;2.9
131.0;0.0;131.0;19.08;3.03
129.0;0.0;129.0;19.71;3.24
182.0;0.0;182.0;19.98;3.31
313.0;7.29;307.0;20.42;3.03
403.0;45.49;366.0;20.39;2.62
294.0;7.79;288.0;20.57;2.34
359.0;60.24;317.0;20.57;2.14
294.0;51.83;263.0;20.55;2.14
346.0;304.07;200.0;20.14;2.41
279.0;480.99;110.0;19.5;2.48
110.0;99.78;88.0;18.92;2.48
7.0;0.0;7.0;17.92;1.79
0.0;0.0;0.0;17.08;1.72
0.0;0.0;0.0;16.39;1.52
0.0;0.0;0.0;15.8;1.24
0.0;0.0;0.0;15.18;1.1
0.0;0.0;0.0;14.26;1.1
0.0;0.0;0.0;13.6;1.03
0.0;0.0;0.0;13.59;0.9
17.0;119.74;12.0;14.07;0.76
78.0;106.41;61.0;13.72;0.41
226.0;464.23;92.0;14.43;0.14
366.0;602.91;113.0;16.25;0.48
505.0;700.65;124.0;17.79;0.62
621.0;726.28;147.0;19.15;0.76
719.0;760.7;157.0;20.44;1.1
673.0;450.8;314.0;21.36;1.45
564.0;199.65;400.0;21.69;1.79
709.0;505.98;298.0;22.12;2.21
681.0;539.28;266.0;21.86;2.48
678.0;771.4;141.0;21.7;2.9
556.0;688.39;145.0;21.71;2.9
436.0;672.18;114.0;21.5;2.83
301.0;596.88;92.0;20.89;2.76
149.0;314.82;80.0;20.06;2.69
48.0;157.86;33.0;18.96;2.28
0.0;0.0;0.0;17.94;2.48
0.0;0.0;0.0;17.3;2.69
0.0;0.0;0.0;17.07;2.69
0.0;0.0;0.0;16.97;2.76
0.0;0.0;0.0;16.75;2.69
0.0;0.0;0.0;16.49;2.48
0.0;0.0;0.0;16.2;2.34
1.0;0.0;1.0;15.73;2.41
32.0;0.0;32.0;15.72;2.48
120.0;38.37;109.0;16.25;2.83
96.0;0.0;96.0;16.86;2.97
402.0;319.17;229.0;17.66;3.03
472.0;274.95;293.0;18.38;2.9
694.0;693.04;183.0;18.99;3.03
454.0;91.82;381.0;19.58;3.31
349.0;17.07;335.0;19.91;3.72
404.0;45.62;367.0;19.23;4.0
669.0;520.54;269.0;19.09;4.28
435.0;148.2;332.0;18.54;4.55
306.0;63.77;268.0;18.2;4.07
167.0;6.28;164.0;17.94;2.97
117.0;8.6;114.0;17.62;1.31
164.0;450.06;66.0;17.36;1.31
47.0;149.79;33.0;16.93;1.52
0.0;0.0;0.0;16.58;2.0
0.0;0.0;0.0;16.18;2.55
0.0;0.0;0.0;15.61;3.17
0.0;0.0;0.0;15.17;3.59
0.0;0.0;0.0;14.71;3.79
0.0;0.0;0.0;14.56;3.93
0.0;0.0;0.0;14.52;4.14
8.0;0.0;8.0;14.35;4.28
9.0;0.0;9.0;14.13;4.48
32.0;0.0;32.0;14.11;4.34
77.0;0.0;77.0;14.37;4.62
197.0;7.4;193.0;14.98;5.66
164.0;0.0;164.0;15.44;5.93
198.0;0.0;198.0;16.03;6.07
146.0;0.0;146.0;16.48;5.93
269.0;1.22;268.0;16.82;5.86
235.0;0.0;235.0;16.78;5.72
120.0;0.0;120.0;16.57;5.31
135.0;0.0;135.0;16.77;5.45
203.0;3.36;201.0;16.69;5.31
176.0;10.49;171.0;16.27;5.17
118.0;8.63;115.0;15.81;5.17
69.0;9.25;67.0;15.27;4.55
7.0;0.0;7.0;14.63;4.28
0.0;0.0;0.0;14.25;4.0
0.0;0.0;0.0;13.88;3.79
0.0;0.0;0.0;13.61;3.79
0.0;0.0;0.0;13.26;3.79
0.0;0.0;0.0;13.03;3.52
0.0;0.0;0.0;12.64;3.31
0.0;0.0;0.0;12.45;3.31
1.0;0.0;1.0;12.16;3.17
20.0;0.0;20.0;12.34;2.9
229.0;527.59;80.0;12.83;2.83
286.0;261.01;178.0;13.72;3.31
248.0;37.15;228.0;15.05;3.31
335.0;60.22;296.0;15.58;3.03
410.0;83.08;349.0;16.47;3.03
299.0;6.31;294.0;17.03;2.97
177.0;0.0;177.0;17.53;2.76
145.0;0.0;145.0;17.98;2.9
197.0;0.0;197.0;18.27;3.1
441.0;154.5;334.0;17.69;3.03
243.0;16.85;233.0;15.87;3.1
158.0;4.21;156.0;15.26;2.14
88.0;0.0;88.0;15.08;1.1
32.0;0.0;32.0;15.34;0.97
9.0;0.0;9.0;14.4;1.93
0.0;0.0;0.0;14.03;1.79
0.0;0.0;0.0;13.49;2.0
0.0;0.0;0.0;13.15;2.28
0.0;0.0;0.0;12.89;2.55
0.0;0.0;0.0;12.6;2.55
0.0;0.0;0.0;12.43;2.41
0.0;0.0;0.0;12.23;2.34
1.0;0.0;1.0;11.75;2.34
44.0;6.63;43.0;11.77;2.41
218.0;449.69;92.0;12.19;3.1
221.0;92.3;183.0;12.84;2.9
312.0;115.58;250.0;13.79;2.97
532.0;431.99;253.0;14.78;2.48
669.0;603.37;227.0;15.61;2.48
244.0;0.0;244.0;16.31;2.62
182.0;0.0;182.0;16.68;2.69
593.0;260.15;383.0;17.22;2.69
467.0;122.94;373.0;17.38;2.55
391.0;89.7;329.0;17.17;2.9
380.0;167.24;281.0;15.5;3.17
57.0;0.0;57.0;15.2;3.24
26.0;0.0;26.0;15.14;3.52
56.0;0.0;56.0;14.37;3.52
38.0;90.78;30.0;13.36;3.24
0.0;0.0;0.0;12.87;3.45
0.0;0.0;0.0;12.49;3.72
0.0;0.0;0.0;12.29;3.79
0.0;0.0;0.0;11.89;3.72
0.0;0.0;0.0;11.52;3.66
0.0;0.0;0.0;11.41;3.66
0.0;0.0;0.0;11.41;3.79
1.0;0.0;1.0;11.54;3.79
9.0;0.0;9.0;11.86;3.66
115.0;32.39;106.0;12.31;3.52
213.0;78.14;181.0;13.05;4.9
352.0;192.74;249.0;13.9;4.55
446.0;220.5;304.0;14.83;4.83
521.0;238.08;347.0;15.42;5.03
667.0;444.85;316.0;16.16;5.1
612.0;283.58;381.0;16.89;5.17
448.0;76.94;386.0;16.34;5.24
494.0;157.23;374.0;16.65;4.9
404.0;105.83;331.0;16.74;4.41
253.0;22.02;240.0;16.91;3.93
262.0;97.45;216.0;16.82;3.45
90.0;0.0;90.0;16.44;3.03
135.0;246.46;83.0;16.15;2.34
36.0;81.28;29.0;15.44;1.86
0.0;0.0;0.0;14.65;1.79
0.0;0.0;0.0;14.07;1.72
0.0;0.0;0.0;13.53;1.59
0.0;0.0;0.0;13.04;1.66
0.0;0.0;0.0;12.21;1.38
0.0;0.0;0.0;11.7;1.45
0.0;0.0;0.0;11.42;1.17
1.0;0.0;1.0;11.33;0.97
51.0;27.4;47.0;11.54;0.9
63.0;0.0;63.0;12.77;0.83
47.0;0.0;47.0;13.86;1.24
82.0;0.0;82.0;14.3;1.72
196.0;0.0;196.0;14.65;1.66
144.0;0.0;144.0;14.87;1.79
280.0;3.81;277.0;15.41;2.21
189.0;0.0;189.0;16.25;2.62
72.0;0.0;72.0;16.41;2.83
183.0;0.0;183.0;16.6;2.9
106.0;0.0;106.0;16.74;2.76
326.0;90.0;273.0;16.71;1.59
149.0;2.13;148.0;15.51;0.55
57.0;0.0;57.0;14.79;2.62
41.0;0.0;41.0;13.96;4.14
7.0;0.0;7.0;13.67;3.31
0.0;0.0;0.0;13.36;3.38
0.0;0.0;0.0;12.79;3.38
0.0;0.0;0.0;12.55;3.72
0.0;0.0;0.0;12.22;4.14
0.0;0.0;0.0;12.03;4.41
0.0;0.0;0.0;11.97;4.62
0.0;0.0;0.0;11.92;4.76
1.0;0.0;1.0;11.91;4.9
69.0;97.62;55.0;11.94;5.03
217.0;476.01;87.0;12.34;5.24
361.0;632.06;105.0;13.06;6.07
505.0;728.02;119.0;13.68;6.21
550.0;488.99;237.0;14.23;6.55
539.0;269.52;343.0;14.82;6.76
671.0;451.85;316.0;15.16;6.76
629.0;310.58;377.0;15.44;6.97
546.0;184.38;398.0;15.56;7.38
532.0;211.81;371.0;15.71;7.72
559.0;393.23;289.0;15.38;7.52
413.0;236.72;274.0;14.92;7.17
340.0;288.1;205.0;14.67;6.76
294.0;599.0;91.0;14.49;6.41
158.0;449.33;65.0;14.23;5.93
38.0;110.02;29.0;13.6;5.59
0.0;0.0;0.0;13.13;5.03
0.0;0.0;0.0;12.77;4.69
0.0;0.0;0.0;12.69;4.55
0.0;0.0;0.0;12.69;4.48
0.0;0.0;0.0;12.48;4.34
0.0;0.0;0.0;12.62;4.34
0.0;0.0;0.0;12.43;4.34
0.0;0.0;0.0;12.16;4.34
69.0;113.65;53.0;12.06;4.41
64.0;0.0;64.0;12.16;4.07
62.0;0.0;62.0;12.82;5.1
505.0;744.3;112.0;13.5;5.52
398.0;142.62;307.0;14.26;5.72
598.0;414.98;297.0;14.78;5.72
311.0;10.21;303.0;15.22;5.59
568.0;213.66;395.0;15.7;5.72
430.0;63.67;379.0;15.85;6.14
615.0;383.67;324.0;15.98;6.34
453.0;178.12;331.0;15.58;6.55
245.0;18.79;234.0;15.66;6.62
279.0;134.99;216.0;15.45;6.07
255.0;382.92;126.0;15.03;5.79
94.0;68.36;80.0;14.42;4.69
16.0;0.0;16.0;13.96;4.62
0.0;0.0;0.0;13.22;4.34
0.0;0.0;0.0;12.84;4.41
0.0;0.0;0.0;12.46;4.41
0.0;0.0;0.0;12.37;4.34
0.0;0.0;0.0;12.35;4.21
0.0;0.0;0.0;12.25;4.21
0.0;0.0;0.0;11.96;4.0
0.0;0.0;0.0;11.74;4.0
80.0;202.79;52.0;11.83;4.14
226.0;578.29;71.0;12.58;4.28
346.0;582.12;113.0;13.48;5.31
354.0;211.12;243.0;14.19;5.52
425.0;190.26;304.0;14.99;5.93
494.0;199.07;350.0;15.56;6.21
255.0;1.28;254.0;15.99;6.62
762.0;652.3;235.0;16.05;6.83
592.0;267.74;378.0;16.21;7.38
556.0;262.97;357.0;15.91;7.1
269.0;10.25;262.0;15.83;7.03
313.0;75.4;269.0;15.08;6.83
292.0;167.84;214.0;14.85;7.24
119.0;8.96;116.0;14.43;6.69
95.0;74.06;80.0;14.35;6.21
26.0;38.94;23.0;13.95;5.66
0.0;0.0;0.0;13.44;5.59
0.0;0.0;0.0;12.95;5.52
0.0;0.0;0.0;12.63;5.52
0.0;0.0;0.0;12.44;5.59
0.0;0.0;0.0;12.29;5.59
0.0;0.0;0.0;12.17;5.38
0.0;0.0;0.0;12.02;5.24
0.0;0.0;0.0;11.89;5.03
34.0;0.0;34.0;11.89;4.83
169.0;218.54;111.0;12.45;4.41
238.0;143.29;181.0;13.27;5.38
218.0;19.1;208.0;14.12;5.79
567.0;569.57;206.0;14.65;6.0
462.0;149.72;354.0;15.14;6.07
655.0;428.14;321.0;15.8;5.86
639.0;341.16;364.0;16.25;5.31
610.0;299.69;371.0;16.4;4.83
472.0;132.46;372.0;16.78;4.34
535.0;346.4;299.0;16.49;3.86
478.0;429.84;228.0;16.34;3.52
249.0;84.29;210.0;15.81;3.17
155.0;51.12;138.0;14.95;2.28
40.0;0.0;40.0;14.32;1.52
8.0;0.0;8.0;14.39;0.62
0.0;0.0;0.0;13.48;1.17
0.0;0.0;0.0;12.91;1.38
0.0;0.0;0.0;12.54;2.07
0.0;0.0;0.0;12.56;2.34
0.0;0.0;0.0;12.49;2.55
0.0;0.0;0.0;12.65;2.62
0.0;0.0;0.0;12.83;2.48
0.0;0.0;0.0;12.74;1.72
8.0;0.0;8.0;12.69;1.17
63.0;0.0;63.0;13.2;1.1
60.0;0.0;60.0;13.86;1.66
278.0;78.68;237.0;14.57;1.45
484.0;337.24;271.0;15.25;1.31
418.0;101.49;345.0;16.29;1.45
136.0;0.0;136.0;16.99;1.31
161.0;0.0;161.0;17.55;0.83
523.0;168.42;389.0;18.12;0.41
319.0;17.26;306.0;18.1;0.34
243.0;4.42;240.0;17.39;0.69
91.0;0.0;91.0;16.3;1.45
168.0;8.69;164.0;15.91;2.07
214.0;224.08;140.0;15.68;1.59
84.0;45.53;75.0;15.59;1.79
32.0;111.32;24.0;14.94;1.59
0.0;0.0;0.0;14.13;2.14
0.0;0.0;0.0;13.41;2.34
0.0;0.0;0.0;12.94;2.34
0.0;0.0;0.0;12.49;2.28
0.0;0.0;0.0;12.12;2.28
0.0;0.0;0.0;11.94;2.41
0.0;0.0;0.0;11.89;2.48
0.0;0.0;0.0;11.91;2.69
8.0;0.0;8.0;12.32;2.9
44.0;0.0;44.0;13.23;3.03
191.0;58.58;168.0;14.11;4.21
344.0;198.59;241.0;15.1;4.0
331.0;65.15;290.0;15.98;4.21
563.0;343.03;317.0;16.52;4.55
439.0;82.46;375.0;16.97;4.9
576.0;233.11;389.0;17.0;5.24
752.0;662.74;226.0;16.97;5.59
713.0;675.03;206.0;16.95;5.79
640.0;682.09;178.0;16.73;6.07
545.0;708.3;136.0;16.64;6.21
421.0;676.51;111.0;16.25;6.28
274.0;542.97;96.0;15.61;6.21
137.0;348.53;69.0;14.94;5.66
26.0;57.88;22.0;14.2;4.9
0.0;0.0;0.0;13.42;4.62
0.0;0.0;0.0;12.97;4.41
0.0;0.0;0.0;12.87;4.07
0.0;0.0;0.0;12.62;3.66
0.0;0.0;0.0;12.45;3.17
0.0;0.0;0.0;12.47;2.62
0.0;0.0;0.0;12.65;2.48
0.0;0.0;0.0;12.69;2.69
7.0;0.0;7.0;12.95;2.83
137.0;108.9;109.0;13.49;2.69
312.0;438.46;141.0;14.71;2.9
474.0;654.83;136.0;15.26;3.38
569.0;601.28;192.0;16.0;2.97
541.0;296.53;329.0;16.75;2.69
701.0;564.59;264.0;17.4;2.48
679.0;442.4;325.0;17.88;2.41
704.0;524.22;289.0;18.02;2.41
453.0;114.81;367.0;17.77;2.83
479.0;234.0;321.0;17.57;3.24
301.0;66.06;263.0;17.4;3.72
404.0;598.85;131.0;16.93;4.14
255.0;430.36;115.0;16.36;4.41
144.0;436.55;60.0;15.58;4.21
28.0;90.56;22.0;14.9;4.21
0.0;0.0;0.0;13.91;4.21
0.0;0.0;0.0;13.32;4.28
0.0;0.0;0.0;12.97;4.28
0.0;0.0;0.0;12.75;4.14
0.0;0.0;0.0;12.62;4.0
0.0;0.0;0.0;12.49;3.79
0.0;0.0;0.0;12.41;3.72
0.0;0.0;0.0;12.48;3.66
76.0;267.21;43.0;12.8;3.79
183.0;357.95;92.0;13.49;4.0
248.0;198.82;171.0;14.4;4.55
390.0;342.67;214.0;15.2;5.24
517.0;443.48;240.0;16.01;5.38
522.0;268.0;331.0;16.72;5.31
558.0;247.46;367.0;17.13;5.1
483.0;115.28;391.0;17.46;5.24
549.0;210.24;383.0;17.58;5.31
593.0;361.49;323.0;17.47;5.24
468.0;222.88;318.0;17.9;5.45
291.0;57.6;258.0;17.7;5.72
232.0;70.57;200.0;17.14;4.83
107.0;6.2;105.0;16.32;4.41
52.0;5.27;51.0;15.4;4.41
14.0;0.0;14.0;14.9;4.21
0.0;0.0;0.0;14.67;4.48
0.0;0.0;0.0;14.74;4.9
0.0;0.0;0.0;14.67;5.31
0.0;0.0;0.0;14.51;5.59
0.0;0.0;0.0;14.5;5.66
0.0;0.0;0.0;14.47;5.79
0.0;0.0;0.0;14.55;6.0
0.0;0.0;0.0;14.57;6.07
7.0;0.0;7.0;14.82;6.07
19.0;0.0;19.0;15.24;6.0
126.0;5.2;124.0;16.02;5.1
195.0;13.7;188.0;17.29;6.41
444.0;266.81;278.0;18.52;6.76
627.0;564.5;226.0;19.71;7.93
734.0;725.03;176.0;20.26;7.93
721.0;600.58;243.0;20.84;7.86
712.0;598.17;241.0;20.81;7.72
601.0;402.84;301.0;20.86;7.31
634.0;729.06;145.0;20.85;7.45
514.0;645.04;146.0;20.52;6.62
400.0;643.2;110.0;20.03;6.0
264.0;546.93;89.0;19.47;5.45
125.0;321.32;65.0;18.65;5.03
23.0;66.41;19.0;17.94;4.9
0.0;0.0;0.0;17.02;4.48
0.0;0.0;0.0;16.26;4.28
0.0;0.0;0.0;15.7;4.28
0.0;0.0;0.0;15.31;4.28
0.0;0.0;0.0;15.14;4.21
0.0;0.0;0.0;15.1;4.21
0.0;0.0;0.0;15.0;4.14
0.0;0.0;0.0;14.98;4.0
58.0;127.98;43.0;15.06;3.86
193.0;479.3;74.0;15.79;3.72
331.0;605.19;100.0;17.0;3.59
466.0;682.58;119.0;18.79;4.14
587.0;731.05;134.0;20.14;4.14
691.0;779.67;139.0;21.42;4.0
760.0;804.08;143.0;22.52;4.14
787.0;802.61;150.0;23.42;4.34
773.0;785.82;156.0;24.03;4.48
732.0;794.69;142.0;24.39;4.48
643.0;754.09;139.0;24.47;4.34
536.0;727.1;123.0;24.3;4.14
401.0;647.01;111.0;23.95;3.72
261.0;539.18;90.0;23.39;2.97
121.0;293.91;67.0;22.46;2.48
18.0;35.05;16.0;21.41;1.93
0.0;0.0;0.0;20.0;2.07
0.0;0.0;0.0;18.72;2.07
0.0;0.0;0.0;17.73;2.07
0.0;0.0;0.0;16.9;2.07
0.0;0.0;0.0;16.19;2.0
0.0;0.0;0.0;15.59;1.93
0.0;0.0;0.0;14.94;1.79
0.0;0.0;0.0;14.17;1.66
47.0;61.42;40.0;13.76;1.38
177.0;375.18;85.0;15.05;0.9
318.0;549.08;110.0;17.62;0.83
464.0;684.26;118.0;19.3;0.48
589.0;742.18;131.0;20.69;0.14
690.0;780.94;139.0;21.92;0.14
755.0;793.47;148.0;22.88;0.28
754.0;697.53;202.0;23.51;0.41
689.0;528.83;275.0;23.9;0.83
671.0;595.89;230.0;24.04;1.17
634.0;728.33;149.0;23.95;1.17
531.0;718.05;125.0;23.66;1.72
399.0;648.75;110.0;22.84;2.48
261.0;553.74;87.0;21.52;2.48
125.0;354.31;61.0;20.37;2.28
20.0;74.37;16.0;19.33;2.34
0.0;0.0;0.0;17.95;2.48
0.0;0.0;0.0;16.86;2.62
0.0;0.0;0.0;16.09;2.69
0.0;0.0;0.0;15.64;2.76
0.0;0.0;0.0;15.29;2.83
0.0;0.0;0.0;14.97;2.9
0.0;0.0;0.0;14.62;2.97
0.0;0.0;0.0;14.22;2.97
57.0;144.57;41.0;14.04;2.9
191.0;483.27;74.0;14.57;2.83
329.0;598.6;104.0;15.65;3.31
472.0;703.92;118.0;17.14;3.45
592.0;733.94;141.0;18.52;3.38
690.0;755.26;159.0;19.77;3.17
763.0;792.04;159.0;20.78;2.97
790.0;785.82;170.0;21.55;2.9
776.0;768.76;176.0;22.07;2.9
739.0;798.51;150.0;22.31;2.9
649.0;755.24;148.0;22.19;2.9
540.0;737.46;125.0;21.79;2.97
406.0;668.73;110.0;21.05;3.1
268.0;584.82;86.0;20.03;3.1
126.0;366.34;61.0;18.78;2.97
17.0;39.67;15.0;17.08;2.83
0.0;0.0;0.0;15.61;2.76
0.0;0.0;0.0;14.39;2.69
0.0;0.0;0.0;13.53;2.55
0.0;0.0;0.0;12.93;2.48
0.0;0.0;0.0;12.45;2.55
0.0;0.0;0.0;12.12;2.62
0.0;0.0;0.0;11.91;2.62
0.0;0.0;0.0;11.72;2.41
53.0;130.45;39.0;11.69;2.21
188.0;489.69;71.0;12.49;1.86
323.0;600.71;99.0;13.82;2.07
456.0;659.89;126.0;15.04;1.52
587.0;742.04;133.0;16.28;1.17
689.0;780.84;142.0;17.57;1.24
754.0;790.67;153.0;18.81;1.45
780.0;785.71;162.0;19.9;1.79
771.0;782.76;162.0;20.72;2.28
729.0;795.81;144.0;21.31;2.62
643.0;765.81;137.0;21.61;2.76
540.0;758.96;115.0;21.64;3.1
402.0;677.74;104.0;21.19;3.45
263.0;587.49;82.0;20.38;3.38
91.0;126.35;69.0;19.49;2.83
14.0;42.61;12.0;18.68;2.76
0.0;0.0;0.0;17.89;2.69
0.0;0.0;0.0;17.76;2.62
0.0;0.0;0.0;17.77;2.55
0.0;0.0;0.0;17.81;2.62
0.0;0.0;0.0;17.54;2.9
0.0;0.0;0.0;17.22;2.9
0.0;0.0;0.0;17.04;2.55
0.0;0.0;0.0;16.9;2.28
5.0;0.0;5.0;16.91;2.41
19.0;0.0;19.0;17.02;2.28
103.0;0.0;103.0;17.3;1.72
116.0;0.0;116.0;18.28;2.07
55.0;0.0;55.0;18.59;1.72
119.0;0.0;119.0;18.75;2.0
196.0;0.0;196.0;18.96;2.48
75.0;0.0;75.0;18.81;3.38
84.0;0.0;84.0;18.17;4.0
144.0;0.0;144.0;17.0;4.55
127.0;0.0;127.0;16.04;5.1
387.0;249.5;248.0;15.5;4.62
281.0;199.24;194.0;15.99;4.62
242.0;492.01;92.0;15.87;4.76
106.0;251.87;63.0;15.49;4.34
12.0;23.06;11.0;14.69;4.07
0.0;0.0;0.0;14.02;3.59
0.0;0.0;0.0;13.51;3.52
0.0;0.0;0.0;13.3;3.52
0.0;0.0;0.0;13.03;3.45
0.0;0.0;0.0;12.87;3.31
0.0;0.0;0.0;12.58;2.9
0.0;0.0;0.0;12.29;2.41
0.0;0.0;0.0;11.98;2.07
42.0;69.69;35.0;11.87;1.66
28.0;0.0;28.0;12.33;1.1
184.0;70.89;158.0;13.93;1.1
100.0;0.0;100.0;14.78;1.93
125.0;0.0;125.0;15.19;1.86
116.0;0.0;116.0;15.66;1.86
207.0;0.0;207.0;16.01;1.86
161.0;0.0;161.0;16.14;1.79
141.0;0.0;141.0;15.87;1.93
129.0;0.0;129.0;15.76;1.79
224.0;3.05;222.0;15.43;1.45
325.0;117.29;260.0;15.26;1.24
147.0;4.61;145.0;14.99;1.1
130.0;36.48;119.0;14.76;1.1
51.0;5.98;50.0;14.44;1.1
9.0;0.0;9.0;14.19;1.79
0.0;0.0;0.0;13.85;1.86
0.0;0.0;0.0;13.62;1.86
0.0;0.0;0.0;13.46;1.72
0.0;0.0;0.0;13.29;1.52
0.0;0.0;0.0;12.98;1.59
0.0;0.0;0.0;12.71;1.86
0.0;0.0;0.0;12.57;1.86
0.0;0.0;0.0;12.28;1.66
35.0;41.27;31.0;12.1;1.52
141.0;205.16;94.0;12.59;1.17
277.0;385.03;137.0;13.87;1.31
437.0;606.53;139.0;14.97;1.52
548.0;618.05;175.0;15.89;1.72
479.0;213.71;331.0;16.83;1.72
521.0;207.35;365.0;17.56;1.86
215.0;0.0;215.0;18.04;2.14
200.0;0.0;200.0;18.27;2.62
277.0;6.88;272.0;16.0;3.59
460.0;234.54;307.0;15.66;3.1
531.0;754.83;115.0;16.08;2.62
284.0;209.15;194.0;16.32;2.83
225.0;395.79;107.0;15.24;2.62
121.0;427.84;51.0;14.99;2.07
1.0;0.0;1.0;13.9;2.41
0.0;0.0;0.0;13.39;2.9
0.0;0.0;0.0;13.0;2.9
0.0;0.0;0.0;12.76;3.24
0.0;0.0;0.0;12.17;3.59
0.0;0.0;0.0;12.04;3.72
0.0;0.0;0.0;11.83;3.72
0.0;0.0;0.0;11.66;3.52
0.0;0.0;0.0;11.63;3.52
46.0;139.28;33.0;11.72;3.59
176.0;474.07;69.0;12.08;3.45
314.0;602.08;97.0;12.74;4.83
448.0;665.57;123.0;13.48;5.03
444.0;284.7;273.0;14.5;5.24
236.0;2.9;234.0;15.35;5.31
92.0;0.0;92.0;15.84;5.24
680.0;498.63;293.0;16.07;5.38
318.0;13.03;308.0;16.37;5.59
594.0;399.05;305.0;16.57;5.72
520.0;375.75;276.0;16.44;5.93
446.0;421.54;215.0;16.19;5.86
361.0;515.23;141.0;14.9;4.96
236.0;475.18;96.0;14.66;4.77
112.0;362.7;54.0;14.43;4.58
8.0;0.0;8.0;14.19;4.4
0.0;0.0;0.0;13.96;4.21
0.0;0.0;0.0;13.72;4.02
0.0;0.0;0.0;13.49;3.83
0.0;0.0;0.0;13.25;3.65
0.0;0.0;0.0;13.02;3.46
0.0;0.0;0.0;12.78;3.27
0.0;0.0;0.0;12.55;3.08
0.0;0.0;0.0;12.31;2.9
27.0;11.15;26.0;12.08;2.71
53.0;0.0;53.0;11.84;2.52
138.0;16.8;132.0;11.61;2.33
286.0;127.77;224.0;11.37;2.14
315.0;68.6;274.0;14.92;2.69
464.0;196.52;329.0;15.92;2.83
322.0;18.75;308.0;16.95;3.17
392.0;49.14;354.0;17.55;2.9
315.0;13.08;305.0;17.88;3.1
376.0;58.23;334.0;18.24;3.1
321.0;47.96;290.0;18.33;2.83
113.0;0.0;113.0;18.44;2.76
221.0;77.91;188.0;18.33;2.9
134.0;51.54;119.0;18.42;3.1
46.0;6.41;45.0;17.91;2.76
5.0;0.0;5.0;17.47;2.83
0.0;0.0;0.0;16.72;2.97
0.0;0.0;0.0;16.49;3.1
0.0;0.0;0.0;16.37;3.17
0.0;0.0;0.0;16.11;3.31
0.0;0.0;0.0;16.09;3.52
0.0;0.0;0.0;16.19;3.66
0.0;0.0;0.0;16.35;3.72
0.0;0.0;0.0;16.49;3.59
48.0;220.85;29.0;16.59;3.72
143.0;278.8;82.0;17.13;4.14
58.0;0.0;58.0;17.71;4.07
215.0;35.26;198.0;18.73;3.93
302.0;60.53;266.0;19.15;4.28
413.0;128.65;325.0;18.99;4.07
327.0;22.85;310.0;18.88;3.66
143.0;0.0;143.0;19.24;3.38
174.0;0.0;174.0;20.05;3.79
137.0;0.0;137.0;20.28;3.59
239.0;7.77;234.0;20.64;3.66
402.0;321.36;228.0;20.28;2.9
198.0;49.99;177.0;19.39;2.9
130.0;52.21;115.0;18.69;3.17
9.0;0.0;9.0;18.39;2.62
2.0;0.0;2.0;18.01;2.28
0.0;0.0;0.0;17.22;2.34
0.0;0.0;0.0;16.68;2.76
0.0;0.0;0.0;16.17;3.03
0.0;0.0;0.0;15.71;2.9
0.0;0.0;0.0;15.32;2.9
0.0;0.0;0.0;15.21;2.9
0.0;0.0;0.0;15.12;2.97
0.0;0.0;0.0;15.02;2.97
5.0;0.0;5.0;14.86;2.9
38.0;0.0;38.0;14.95;2.76
275.0;439.31;121.0;15.66;4.0
433.0;655.61;119.0;16.37;3.86
573.0;770.68;117.0;17.44;3.59
666.0;779.61;135.0;18.24;3.45
653.0;530.29;260.0;19.15;3.45
645.0;442.94;305.0;19.66;3.45
575.0;300.49;347.0;20.0;3.17
652.0;604.0;220.0;20.43;3.03
336.0;64.07;295.0;20.45;2.69
281.0;68.77;244.0;20.59;2.69
106.0;0.0;106.0;20.44;2.76
243.0;599.63;73.0;19.82;2.76
31.0;0.0;31.0;19.06;2.83
0.0;0.0;0.0;17.7;2.28
0.0;0.0;0.0;16.73;2.21
0.0;0.0;0.0;15.87;2.07
0.0;0.0;0.0;15.12;2.07
0.0;0.0;0.0;14.55;2.21
0.0;0.0;0.0;14.44;2.34
0.0;0.0;0.0;14.11;2.55
0.0;0.0;0.0;13.78;2.76
0.0;0.0;0.0;13.47;2.83
6.0;0.0;6.0;13.53;2.83
90.0;47.24;80.0;13.91;2.55
167.0;60.49;146.0;14.89;3.17
351.0;315.31;201.0;15.81;4.0
444.0;319.4;256.0;16.69;4.14
642.0;697.52;169.0;17.85;4.41
750.0;849.42;123.0;18.63;4.28
718.0;656.53;216.0;19.04;3.93
509.0;185.25;369.0;19.84;3.72
213.0;0.0;213.0;19.95;3.72
438.0;216.77;300.0;19.82;3.17
491.0;664.11;136.0;19.43;2.62
321.0;399.73;156.0;18.12;3.17
88.0;3.58;87.0;17.21;2.62
34.0;0.0;34.0;16.89;1.86
0.0;0.0;0.0;16.82;2.69
0.0;0.0;0.0;16.13;2.69
0.0;0.0;0.0;15.61;2.48
0.0;0.0;0.0;15.06;2.48
0.0;0.0;0.0;14.71;2.55
0.0;0.0;0.0;14.36;2.62
0.0;0.0;0.0;13.98;2.9
0.0;0.0;0.0;13.7;2.97
0.0;0.0;0.0;13.62;2.83
15.0;0.0;15.0;13.57;2.62
146.0;355.65;72.0;13.99;2.34
293.0;587.65;91.0;15.09;3.17
401.0;531.26;150.0;16.05;3.17
456.0;365.52;242.0;17.11;2.9
440.0;171.84;324.0;17.93;2.76
501.0;199.97;354.0;18.73;2.76
549.0;248.17;360.0;19.51;2.83
443.0;104.97;364.0;20.15;2.9
141.0;0.0;141.0;20.51;2.83
576.0;620.62;183.0;20.46;2.41
281.0;75.33;241.0;20.68;2.14
226.0;102.69;184.0;20.5;1.93
222.0;515.2;80.0;19.68;1.66
8.0;0.0;8.0;18.04;2.07
0.0;0.0;0.0;17.15;1.1
0.0;0.0;0.0;16.5;1.24
0.0;0.0;0.0;15.63;1.52
0.0;0.0;0.0;14.91;1.59
0.0;0.0;0.0;14.51;1.86
0.0;0.0;0.0;14.36;1.93
0.0;0.0;0.0;14.36;1.93
0.0;0.0;0.0;14.59;2.0
0.0;0.0;0.0;14.96;2.0
3.0;0.0;3.0;15.3;2.07
14.0;0.0;14.0;16.0;2.07
26.0;0.0;26.0;16.87;2.62
44.0;0.0;44.0;16.15;1.93
55.0;0.0;55.0;16.1;2.07
102.0;0.0;102.0;16.45;2.9
383.0;61.47;338.0;16.65;3.72
590.0;337.52;334.0;16.85;5.17
679.0;593.79;234.0;17.39;4.34
62.0;0.0;62.0;17.87;4.07
370.0;114.33;298.0;19.0;3.79
441.0;491.19;182.0;19.1;4.55
361.0;649.21;98.0;18.24;4.97
152.0;136.26;115.0;17.74;4.97
15.0;0.0;15.0;17.04;4.69
0.0;0.0;0.0;16.43;4.14
0.0;0.0;0.0;15.62;4.0
0.0;0.0;0.0;14.95;3.86
0.0;0.0;0.0;14.58;4.07
0.0;0.0;0.0;14.36;4.28
0.0;0.0;0.0;14.22;4.41
0.0;0.0;0.0;14.12;4.28
0.0;0.0;0.0;14.05;4.14
0.0;0.0;0.0;13.93;4.21
33.0;164.36;22.0;13.83;4.34
151.0;448.42;61.0;14.09;4.69
217.0;216.78;144.0;14.55;4.55
237.0;66.55;206.0;15.46;5.79
310.0;74.26;267.0;15.77;6.0
269.0;11.96;261.0;16.57;6.41
306.0;15.09;295.0;16.78;7.03
508.0;185.36;368.0;16.98;7.59
388.0;56.29;346.0;17.05;8.07
376.0;66.94;329.0;16.98;8.62
380.0;129.35;299.0;16.9;8.76
415.0;395.39;208.0;16.42;8.0
238.0;139.6;182.0;15.9;7.59
148.0;127.17;114.0;15.32;7.45
47.0;30.46;43.0;14.86;7.24
0.0;0.0;0.0;14.42;7.03
0.0;0.0;0.0;14.09;6.9
0.0;0.0;0.0;13.89;6.97
0.0;0.0;0.0;13.78;6.9
0.0;0.0;0.0;13.63;6.83
0.0;0.0;0.0;13.46;6.69
0.0;0.0;0.0;13.46;6.62
0.0;0.0;0.0;13.43;6.48
0.0;0.0;0.0;13.3;6.28
4.0;0.0;4.0;13.18;6.07
87.0;55.85;76.0;13.33;5.93
151.0;45.02;136.0;13.98;6.48
263.0;108.13;213.0;15.07;7.17
365.0;154.58;276.0;15.67;7.24
245.0;6.01;241.0;15.93;7.24
553.0;301.78;334.0;16.37;7.38
500.0;171.53;371.0;16.5;7.24
573.0;312.32;341.0;16.75;7.45
491.0;220.43;337.0;16.7;7.31
435.0;224.89;295.0;16.72;6.97
341.0;186.65;244.0;16.59;6.55
267.0;226.65;177.0;16.4;6.07
198.0;399.09;93.0;16.0;5.52
87.0;362.6;41.0;15.49;4.83
0.0;0.0;0.0;14.98;4.07
0.0;0.0;0.0;14.45;3.93
0.0;0.0;0.0;14.02;3.72
0.0;0.0;0.0;13.69;3.52
0.0;0.0;0.0;13.43;3.31
0.0;0.0;0.0;13.18;3.17
0.0;0.0;0.0;12.96;3.1
0.0;0.0;0.0;12.77;2.97
0.0;0.0;0.0;12.58;2.9
4.0;0.0;4.0;12.41;2.76
146.0;450.39;59.0;12.93;2.34
285.0;603.78;86.0;14.47;2.14
421.0;684.17;107.0;16.03;2.14
534.0;684.79;142.0;17.09;1.86
634.0;723.23;155.0;17.93;1.86
726.0;824.98;130.0;18.35;2.34
754.0;824.05;137.0;18.55;2.62
727.0;766.82;160.0;18.61;3.03
684.0;779.75;142.0;18.58;3.31
536.0;513.89;218.0;17.73;3.66
459.0;593.32;153.0;17.47;3.86
312.0;427.56;144.0;17.05;4.14
180.0;309.19;100.0;16.46;4.14
85.0;367.9;40.0;15.76;3.66
0.0;0.0;0.0;14.78;3.52
0.0;0.0;0.0;14.13;3.52
0.0;0.0;0.0;13.8;3.38
0.0;0.0;0.0;13.63;3.24
0.0;0.0;0.0;13.34;3.17
0.0;0.0;0.0;13.07;3.03
0.0;0.0;0.0;12.86;2.97
0.0;0.0;0.0;12.69;2.97
0.0;0.0;0.0;12.53;2.97
3.0;0.0;3.0;12.48;2.97
92.0;89.79;75.0;13.01;2.83
262.0;484.74;104.0;14.25;2.83
408.0;643.3;115.0;15.49;3.59
536.0;716.97;128.0;16.57;3.52
605.0;632.79;188.0;17.69;3.1
602.0;443.6;283.0;18.48;2.69
418.0;81.84;357.0;19.2;2.55
512.0;214.69;354.0;19.32;2.83
112.0;0.0;112.0;18.78;3.17
53.0;0.0;53.0;18.42;3.38
116.0;0.0;116.0;18.27;3.45
135.0;7.72;132.0;17.98;3.45
88.0;11.8;85.0;17.36;3.1
73.0;271.92;41.0;16.71;2.62
0.0;0.0;0.0;15.77;2.07
0.0;0.0;0.0;14.85;1.86
0.0;0.0;0.0;14.12;1.72
0.0;0.0;0.0;13.33;1.59
0.0;0.0;0.0;12.38;1.38
0.0;0.0;0.0;11.69;1.45
0.0;0.0;0.0;10.93;1.38
0.0;0.0;0.0;10.91;1.24
0.0;0.0;0.0;11.49;1.03
18.0;58.98;15.0;12.33;0.83
142.0;474.48;54.0;12.05;0.69
276.0;595.78;84.0;13.81;0.34
406.0;643.9;115.0;15.98;0.69
528.0;693.03;136.0;16.99;0.9
622.0;704.69;160.0;17.79;1.17
702.0;769.83;151.0;18.55;1.52
676.0;591.7;237.0;19.19;1.86
640.0;510.66;266.0;19.57;2.0
523.0;308.25;311.0;19.89;2.07
464.0;319.1;269.0;19.88;2.07
435.0;524.02;169.0;19.8;1.86
287.0;348.62;153.0;19.57;1.59
157.0;212.2;104.0;18.93;1.03
68.0;247.87;40.0;18.29;0.62
0.0;0.0;0.0;16.89;1.24
0.0;0.0;0.0;15.45;1.38
0.0;0.0;0.0;14.28;1.38
0.0;0.0;0.0;13.43;1.31
0.0;0.0;0.0;12.75;1.24
0.0;0.0;0.0;12.51;1.1
0.0;0.0;0.0;12.55;0.9
0.0;0.0;0.0;13.11;0.76
0.0;0.0;0.0;12.88;0.55
18.0;85.57;14.0;12.76;0.55
72.0;33.05;66.0;12.61;0.62
174.0;109.88;139.0;14.43;0.41
388.0;566.51;134.0;16.39;0.69
527.0;702.65;132.0;17.65;0.83
639.0;781.99;129.0;18.8;1.17
630.0;536.29;248.0;19.51;1.52
724.0;763.79;160.0;19.64;1.59
733.0;826.06;131.0;20.19;1.72
695.0;852.38;112.0;20.28;1.86
592.0;774.16;122.0;20.43;2.14
476.0;729.02;109.0;20.41;2.41
334.0;621.13;98.0;19.93;2.41
198.0;518.07;71.0;19.17;2.14
68.0;295.87;36.0;18.16;1.79
0.0;0.0;0.0;17.2;2.14
0.0;0.0;0.0;16.05;2.07
0.0;0.0;0.0;15.26;1.93
0.0;0.0;0.0;14.58;1.86
0.0;0.0;0.0;13.98;1.79
0.0;0.0;0.0;13.26;1.66
0.0;0.0;0.0;13.03;1.45
0.0;0.0;0.0;13.11;1.31
0.0;0.0;0.0;12.67;1.38
6.0;0.0;6.0;12.24;1.45
22.0;0.0;22.0;12.69;1.45
81.0;0.0;81.0;15.71;1.03
209.0;44.97;189.0;16.97;1.59
436.0;363.39;233.0;18.18;1.93
536.0;430.09;257.0;19.28;2.62
707.0;808.4;134.0;19.83;3.17
737.0;819.21;135.0;19.15;3.24
706.0;747.52;164.0;19.46;3.03
652.0;716.06;165.0;19.85;3.31
588.0;774.4;121.0;19.76;3.66
473.0;729.26;109.0;19.35;3.59
329.0;609.93;100.0;18.93;3.24
191.0;499.1;71.0;18.31;2.69
65.0;290.51;35.0;17.6;2.21
0.0;0.0;0.0;16.55;2.48
0.0;0.0;0.0;15.83;2.41
0.0;0.0;0.0;15.42;2.41
0.0;0.0;0.0;15.19;2.48
0.0;0.0;0.0;15.01;2.55
0.0;0.0;0.0;14.78;2.28
0.0;0.0;0.0;14.57;2.0
0.0;0.0;0.0;14.25;1.93
0.0;0.0;0.0;13.86;1.86
7.0;0.0;7.0;13.45;1.66
87.0;103.66;69.0;13.31;1.24
254.0;504.85;97.0;14.89;0.97
397.0;637.07;116.0;16.34;1.38
431.0;351.31;236.0;17.17;1.79
415.0;156.55;314.0;17.77;2.48
450.0;146.05;347.0;17.77;3.31
597.0;388.4;313.0;17.74;3.79
577.0;360.46;317.0;18.0;4.0
680.0;817.85;127.0;17.55;3.79
583.0;763.06;126.0;17.45;3.1
470.0;729.63;109.0;17.6;2.69
324.0;595.89;103.0;17.52;2.69
187.0;488.03;72.0;17.17;2.76
62.0;295.02;33.0;16.62;2.28
0.0;0.0;0.0;15.83;1.79
0.0;0.0;0.0;15.05;1.93
0.0;0.0;0.0;14.56;1.93
0.0;0.0;0.0;14.01;1.93
0.0;0.0;0.0;13.63;1.86
0.0;0.0;0.0;13.28;1.86
0.0;0.0;0.0;13.37;2.0
0.0;0.0;0.0;13.51;2.14
0.0;0.0;0.0;13.72;2.28
5.0;0.0;5.0;13.68;2.34
123.0;406.78;54.0;14.22;2.14
267.0;605.57;81.0;15.41;1.93
403.0;679.05;106.0;17.44;2.07
531.0;745.31;120.0;18.35;2.69
649.0;830.76;116.0;19.1;3.31
736.0;905.03;101.0;19.7;3.59
760.0;892.08;111.0;20.17;3.59
737.0;853.01;125.0;20.57;3.72
683.0;836.12;121.0;20.77;3.79
583.0;768.48;126.0;20.83;3.72
469.0;734.2;109.0;20.75;3.59
320.0;589.84;104.0;20.51;3.52
183.0;481.01;72.0;19.92;2.9
55.0;235.94;33.0;19.04;2.62
0.0;0.0;0.0;17.89;2.34
0.0;0.0;0.0;17.02;2.34
0.0;0.0;0.0;16.73;2.34
0.0;0.0;0.0;16.4;2.48
0.0;0.0;0.0;16.09;2.55
0.0;0.0;0.0;15.8;2.41
0.0;0.0;0.0;15.44;2.21
0.0;0.0;0.0;15.01;2.14
0.0;0.0;0.0;14.71;2.21
1.0;0.0;1.0;14.44;2.34
109.0;295.94;60.0;14.89;2.28
191.0;201.14;130.0;16.11;2.28
276.0;179.87;198.0;17.46;2.83
473.0;529.4;183.0;18.54;3.52
618.0;755.56;136.0;19.38;4.0
627.0;568.8;230.0;20.02;4.48
523.0;247.32;344.0;20.46;4.48
261.0;5.61;257.0;20.84;4.34
122.0;0.0;122.0;20.49;3.79
95.0;0.0;95.0;19.56;2.69
82.0;0.0;82.0;18.54;2.07
28.0;0.0;28.0;17.5;2.34
25.0;0.0;25.0;17.18;2.14
9.0;0.0;9.0;17.17;1.93
0.0;0.0;0.0;16.39;2.0
0.0;0.0;0.0;15.87;1.86
0.0;0.0;0.0;15.59;1.86
0.0;0.0;0.0;15.29;2.0
0.0;0.0;0.0;14.87;2.07
0.0;0.0;0.0;14.52;2.14
0.0;0.0;0.0;14.1;2.14
0.0;0.0;0.0;13.75;2.07
0.0;0.0;0.0;13.59;2.07
1.0;0.0;1.0;13.6;1.72
50.0;12.38;48.0;13.92;1.72
154.0;86.85;128.0;14.61;2.28
259.0;144.23;197.0;15.56;2.62
372.0;222.39;251.0;16.72;2.48
456.0;255.42;294.0;17.79;2.69
504.0;256.4;326.0;18.87;2.9
570.0;354.21;315.0;19.53;2.41
532.0;288.91;327.0;20.4;2.28
542.0;406.69;272.0;20.82;2.28
402.0;216.73;275.0;21.01;2.34
402.0;484.21;169.0;20.79;2.28
275.0;398.18;133.0;20.6;1.79
159.0;366.89;78.0;20.17;1.17
15.0;0.0;15.0;19.32;1.79
0.0;0.0;0.0;18.46;2.41
0.0;0.0;0.0;17.86;2.55
0.0;0.0;0.0;17.35;2.76
0.0;0.0;0.0;16.94;3.1
0.0;0.0;0.0;16.82;3.17
0.0;0.0;0.0;17.01;3.17
0.0;0.0;0.0;17.05;2.9
0.0;0.0;0.0;16.89;2.69
0.0;0.0;0.0;16.74;3.38
0.0;0.0;0.0;16.71;4.41
54.0;19.06;51.0;16.92;4.69
132.0;50.78;117.0;17.36;4.28
241.0;119.71;190.0;18.55;2.97
164.0;1.85;163.0;19.84;3.24
444.0;252.18;285.0;21.17;3.66
636.0;659.01;181.0;22.24;3.86
700.0;791.88;133.0;23.15;4.0
293.0;17.01;281.0;24.14;3.93
333.0;54.57;297.0;24.43;3.1
339.0;116.93;271.0;24.27;1.52
188.0;16.79;180.0;24.16;1.93
122.0;8.53;119.0;23.62;2.76
103.0;78.83;86.0;23.23;3.38
34.0;103.07;26.0;22.44;3.52
0.0;0.0;0.0;21.53;3.17
0.0;0.0;0.0;21.27;3.1
0.0;0.0;0.0;20.94;3.17
0.0;0.0;0.0;20.46;3.38
0.0;0.0;0.0;20.09;3.59
0.0;0.0;0.0;19.72;3.59
0.0;0.0;0.0;19.05;3.45
0.0;0.0;0.0;18.2;3.24
0.0;0.0;0.0;17.37;3.1
0.0;0.0;0.0;16.86;3.03
31.0;0.0;31.0;16.83;2.9
54.0;0.0;54.0;17.58;3.03
207.0;59.22;182.0;18.78;3.24
276.0;65.23;241.0;19.66;3.24
375.0;122.86;298.0;20.5;3.45
665.0;761.74;142.0;21.45;4.0
670.0;681.12;185.0;22.07;4.34
568.0;397.78;289.0;22.39;4.28
641.0;784.33;127.0;22.56;4.07
501.0;542.46;188.0;22.42;4.0
415.0;597.79;133.0;22.06;3.86
292.0;562.42;97.0;21.4;3.38
143.0;308.84;78.0;20.62;2.9
39.0;193.74;25.0;19.64;2.55
0.0;0.0;0.0;18.77;1.72
0.0;0.0;0.0;17.75;1.38
0.0;0.0;0.0;16.77;1.24
0.0;0.0;0.0;16.36;0.97
0.0;0.0;0.0;15.85;1.03
0.0;0.0;0.0;15.45;1.17
0.0;0.0;0.0;14.97;1.72
0.0;0.0;0.0;15.49;1.1
0.0;0.0;0.0;16.56;0.48
0.0;0.0;0.0;16.12;0.62
59.0;40.25;53.0;15.03;1.03
206.0;340.96;108.0;17.4;0.48
192.0;43.03;174.0;18.68;2.41
466.0;568.81;163.0;19.17;2.0
556.0;581.18;194.0;20.15;1.45
641.0;679.67;177.0;20.94;1.59
583.0;419.47;286.0;21.62;1.79
684.0;784.55;137.0;22.2;1.24
603.0;651.36;179.0;22.65;0.9
525.0;651.66;152.0;22.83;1.59
380.0;451.93;169.0;22.77;2.41
247.0;324.89;136.0;22.14;2.9
132.0;253.42;80.0;21.07;2.97
31.0;119.71;23.0;19.7;3.17
0.0;0.0;0.0;18.25;3.45
0.0;0.0;0.0;17.18;3.52
0.0;0.0;0.0;16.37;3.38
0.0;0.0;0.0;15.78;3.31
0.0;0.0;0.0;15.33;3.31
0.0;0.0;0.0;15.0;3.38
0.0;0.0;0.0;14.83;3.38
0.0;0.0;0.0;14.75;3.38
0.0;0.0;0.0;14.73;3.38
0.0;0.0;0.0;14.75;3.31
40.0;6.9;39.0;14.88;3.38
189.0;254.08;117.0;15.61;4.21
133.0;2.41;132.0;16.77;4.41
293.0;88.88;246.0;17.73;4.48
251.0;12.92;243.0;18.5;4.55
239.0;2.95;237.0;19.3;4.41
489.0;213.08;339.0;19.67;4.21
390.0;83.7;332.0;20.1;4.21
268.0;15.47;258.0;20.21;4.28
230.0;14.09;222.0;20.09;4.0
246.0;77.93;210.0;19.78;3.66
124.0;11.89;120.0;19.3;3.59
47.0;0.0;47.0;18.69;2.9
28.0;114.14;21.0;18.01;2.07
0.0;0.0;0.0;17.25;1.86
0.0;0.0;0.0;16.59;2.0
0.0;0.0;0.0;16.05;2.14
0.0;0.0;0.0;15.55;1.93
0.0;0.0;0.0;15.1;1.66
0.0;0.0;0.0;14.86;1.66
0.0;0.0;0.0;14.75;1.66
0.0;0.0;0.0;14.56;1.86
0.0;0.0;0.0;14.59;1.72
0.0;0.0;0.0;14.34;1.86
8.0;0.0;8.0;14.25;1.72
118.0;35.8;108.0;14.38;1.79
255.0;170.58;185.0;14.58;2.76
279.0;74.3;240.0;14.62;3.45
415.0;199.99;292.0;15.06;3.66
533.0;361.64;289.0;15.45;3.93
459.0;170.05;340.0;15.57;3.79
250.0;4.36;247.0;16.38;4.0
142.0;0.0;142.0;17.44;4.48
361.0;166.98;267.0;17.06;6.14
250.0;91.91;208.0;17.1;6.0
247.0;359.21;128.0;16.99;6.48
98.0;97.72;79.0;16.42;5.79
25.0;107.61;19.0;15.71;5.86
0.0;0.0;0.0;15.29;5.24
0.0;0.0;0.0;14.83;5.38
0.0;0.0;0.0;14.6;5.24
0.0;0.0;0.0;14.5;5.24
0.0;0.0;0.0;14.32;4.97
0.0;0.0;0.0;14.02;4.9
0.0;0.0;0.0;13.93;5.1
0.0;0.0;0.0;13.91;4.9
0.0;0.0;0.0;13.91;4.9
0.0;0.0;0.0;13.63;5.03
71.0;132.02;53.0;13.69;5.17
210.0;414.28;96.0;14.14;5.31
316.0;393.76;156.0;15.08;6.34
282.0;78.71;241.0;15.77;7.31
446.0;268.39;282.0;16.31;6.55
675.0;823.11;123.0;17.2;6.48
566.0;389.6;295.0;17.69;6.62
258.0;5.85;254.0;17.97;6.83
479.0;296.54;290.0;18.08;6.9
386.0;222.18;262.0;17.54;6.62
174.0;11.06;169.0;17.16;6.07
164.0;70.55;141.0;16.63;5.45
120.0;243.45;74.0;16.25;5.03
25.0;179.57;16.0;15.7;4.83
0.0;0.0;0.0;15.15;4.28
0.0;0.0;0.0;14.65;4.0
0.0;0.0;0.0;14.3;3.93
0.0;0.0;0.0;14.05;3.79
0.0;0.0;0.0;13.72;3.59
0.0;0.0;0.0;13.58;3.38
0.0;0.0;0.0;13.35;3.31
0.0;0.0;0.0;13.2;3.17
0.0;0.0;0.0;13.16;3.1
0.0;0.0;0.0;13.14;2.97
14.0;0.0;14.0;13.23;2.83
64.0;0.0;64.0;13.75;2.41
209.0;77.06;178.0;14.22;3.52
351.0;216.68;239.0;15.09;3.17
368.0;126.85;291.0;15.9;2.97
475.0;240.06;315.0;16.88;2.76
361.0;57.86;321.0;17.54;2.55
284.0;14.71;274.0;17.69;2.41
322.0;53.74;288.0;17.88;2.34
217.0;12.65;210.0;18.2;2.0
333.0;326.8;187.0;17.97;1.93
48.0;0.0;48.0;16.32;2.34
54.0;5.45;53.0;15.46;2.14
17.0;67.54;14.0;15.06;1.79
0.0;0.0;0.0;14.41;1.72
0.0;0.0;0.0;13.94;1.86
0.0;0.0;0.0;13.49;2.0
0.0;0.0;0.0;13.03;2.0
0.0;0.0;0.0;12.61;2.07
0.0;0.0;0.0;12.27;2.21
0.0;0.0;0.0;12.26;2.14
0.0;0.0;0.0;12.16;2.0
0.0;0.0;0.0;11.96;1.72
0.0;0.0;0.0;11.58;1.79
61.0;101.77;48.0;11.41;1.38
165.0;202.36;111.0;12.78;1.17
303.0;374.18;154.0;15.04;2.07
426.0;471.9;184.0;16.35;3.24
347.0;101.18;286.0;17.42;3.17
285.0;19.63;272.0;18.12;3.31
347.0;49.49;313.0;18.43;3.72
350.0;57.76;311.0;17.35;3.86
117.0;0.0;117.0;16.83;3.52
123.0;0.0;123.0;16.73;2.69
80.0;0.0;80.0;16.33;3.38
153.0;63.45;133.0;15.66;3.52
73.0;39.38;66.0;15.52;3.79
12.0;0.0;12.0;15.25;3.66
0.0;0.0;0.0;15.12;2.97
0.0;0.0;0.0;14.8;2.9
0.0;0.0;0.0;14.18;2.69
0.0;0.0;0.0;13.82;2.55
0.0;0.0;0.0;13.52;2.48
0.0;0.0;0.0;13.24;2.28
0.0;0.0;0.0;13.23;2.07
0.0;0.0;0.0;13.25;1.86
0.0;0.0;0.0;13.44;1.59
0.0;0.0;0.0;13.5;1.38
77.0;275.55;43.0;13.53;1.17
90.0;11.42;87.0;14.31;1.24
268.0;241.07;173.0;14.91;1.03
297.0;115.98;238.0;15.79;1.59
493.0;429.22;236.0;16.51;1.93
118.0;0.0;118.0;17.5;2.07
387.0;87.9;327.0;18.27;2.55
497.0;277.33;311.0;18.83;3.03
601.0;739.83;140.0;19.19;3.52
451.0;452.91;205.0;19.11;3.86
360.0;467.62;156.0;18.75;4.0
239.0;410.09;112.0;18.12;4.21
121.0;360.28;59.0;17.37;4.21
10.0;0.0;10.0;16.26;4.55
0.0;0.0;0.0;15.08;4.55
0.0;0.0;0.0;14.42;4.62
0.0;0.0;0.0;13.96;4.62
0.0;0.0;0.0;13.63;4.76
0.0;0.0;0.0;13.4;4.69
0.0;0.0;0.0;13.28;4.48
0.0;0.0;0.0;13.31;3.93
0.0;0.0;0.0;13.28;3.31
0.0;0.0;0.0;13.4;2.69
0.0;0.0;0.0;13.4;2.14
80.0;352.89;38.0;13.32;1.72
210.0;514.68;77.0;14.15;1.24
356.0;666.81;96.0;14.83;1.66
483.0;733.29;113.0;15.46;1.52
593.0;802.26;116.0;16.18;0.97
656.0;807.62;128.0;16.93;0.48
483.0;228.57;328.0;17.59;0.41
426.0;145.64;329.0;17.76;1.17
462.0;283.06;287.0;17.74;1.86
295.0;79.92;252.0;17.69;2.34
153.0;6.96;150.0;17.58;2.48
134.0;36.17;123.0;17.09;2.28
93.0;150.29;68.0;16.51;2.14
8.0;0.0;8.0;15.56;1.72
0.0;0.0;0.0;14.84;1.72
0.0;0.0;0.0;13.96;1.86
0.0;0.0;0.0;13.35;1.79
0.0;0.0;0.0;12.96;1.72
0.0;0.0;0.0;12.9;2.14
0.0;0.0;0.0;13.03;2.62
0.0;0.0;0.0;13.14;3.24
0.0;0.0;0.0;13.08;3.45
0.0;0.0;0.0;13.2;3.86
0.0;0.0;0.0;13.62;4.41
7.0;0.0;7.0;13.96;5.1
68.0;0.0;68.0;14.3;5.17
48.0;0.0;48.0;15.87;5.45
49.0;0.0;49.0;16.19;5.38
169.0;0.0;169.0;15.59;5.03
237.0;6.16;233.0;15.89;4.69
194.0;0.0;194.0;16.32;4.34
100.0;0.0;100.0;16.84;4.55
216.0;4.89;213.0;16.93;4.69
95.0;0.0;95.0;17.02;4.34
159.0;9.4;155.0;16.61;4.48
57.0;0.0;57.0;16.51;4.41
10.0;0.0;10.0;16.23;3.79
5.0;0.0;5.0;16.16;3.1
0.0;0.0;0.0;15.52;2.76
0.0;0.0;0.0;15.02;2.83
0.0;0.0;0.0;14.88;2.9
0.0;0.0;0.0;14.32;2.69
0.0;0.0;0.0;13.95;2.62
0.0;0.0;0.0;13.78;2.55
0.0;0.0;0.0;13.68;2.48
0.0;0.0;0.0;13.76;2.28
0.0;0.0;0.0;13.36;2.21
0.0;0.0;0.0;13.22;2.14
67.0;263.16;38.0;13.19;1.93
205.0;532.33;72.0;13.93;1.59
343.0;644.84;97.0;15.1;2.55
396.0;397.04;199.0;15.91;2.41
474.0;395.87;242.0;16.94;2.48
531.0;409.29;267.0;17.97;2.76
562.0;434.94;271.0;18.72;3.17
447.0;193.44;320.0;19.34;3.38
448.0;271.26;283.0;19.47;3.45
384.0;271.04;241.0;19.49;3.45
309.0;302.38;182.0;19.07;3.38
253.0;590.86;80.0;18.59;3.38
81.0;122.85;62.0;18.03;3.66
0.0;0.0;0.0;17.19;3.59
0.0;0.0;0.0;16.46;3.59
0.0;0.0;0.0;16.13;3.72
0.0;0.0;0.0;16.17;3.72
0.0;0.0;0.0;16.37;3.86
0.0;0.0;0.0;16.79;4.07
0.0;0.0;0.0;17.01;4.55
0.0;0.0;0.0;16.91;4.76
0.0;0.0;0.0;16.84;4.14
0.0;0.0;0.0;16.61;3.72
0.0;0.0;0.0;16.36;3.45
13.0;0.0;13.0;15.95;2.97
21.0;0.0;21.0;15.95;2.76
172.0;42.41;156.0;15.86;3.45
82.0;0.0;82.0;16.45;3.86
118.0;0.0;118.0;17.04;3.66
241.0;7.81;236.0;17.66;3.38
528.0;364.22;286.0;17.69;3.03
77.0;0.0;77.0;17.68;2.83
475.0;359.74;258.0;17.95;2.76
431.0;444.2;199.0;17.96;2.76
81.0;0.0;81.0;18.04;2.69
226.0;449.42;97.0;17.69;2.14
102.0;336.17;52.0;17.36;1.66
0.0;0.0;0.0;16.44;1.45
0.0;0.0;0.0;15.19;1.52
0.0;0.0;0.0;14.18;1.52
0.0;0.0;0.0;13.22;1.72
0.0;0.0;0.0;12.54;1.86
0.0;0.0;0.0;12.1;2.0
0.0;0.0;0.0;12.15;2.28
0.0;0.0;0.0;12.19;2.55
0.0;0.0;0.0;12.21;2.62
0.0;0.0;0.0;12.0;2.41
0.0;0.0;0.0;11.61;2.14
10.0;0.0;10.0;11.26;1.86
200.0;547.34;68.0;12.0;1.59
337.0;654.28;93.0;13.67;1.72
465.0;734.22;107.0;14.62;1.66
581.0;827.94;103.0;15.56;0.97
625.0;768.8;136.0;16.44;0.62
559.0;451.69;261.0;17.05;0.69
566.0;510.21;236.0;17.69;0.9
499.0;436.4;238.0;17.9;0.97
418.0;404.33;209.0;18.07;1.24
297.0;291.07;178.0;17.95;1.59
182.0;216.91;121.0;15.96;1.77
85.0;210.16;55.0;15.76;1.75
0.0;0.0;0.0;15.55;1.74
0.0;0.0;0.0;15.34;1.72
0.0;0.0;0.0;15.13;1.71
0.0;0.0;0.0;14.92;1.69
0.0;0.0;0.0;14.71;1.67
0.0;0.0;0.0;14.5;1.66
0.0;0.0;0.0;14.29;1.64
0.0;0.0;0.0;14.08;1.63
0.0;0.0;0.0;13.87;1.61
0.0;0.0;0.0;13.66;1.6
0.0;0.0;0.0;13.46;1.58
35.0;29.62;32.0;13.25;1.57
124.0;95.37;101.0;13.04;1.55
242.0;203.79;166.0;12.83;1.53
340.0;242.01;222.0;17.4;0.62
506.0;540.41;194.0;18.54;0.21
612.0;724.78;151.0;19.28;0.62
657.0;803.34;127.0;19.95;1.17
642.0;797.79;126.0;20.7;1.72
589.0;787.53;118.0;21.1;2.07
491.0;725.47;116.0;20.99;2.14
367.0;638.4;106.0;20.53;2.0
232.0;526.28;84.0;20.03;1.93
88.0;245.18;53.0;19.19;1.31
0.0;0.0;0.0;18.29;0.83
0.0;0.0;0.0;17.02;1.66
0.0;0.0;0.0;16.13;1.52
0.0;0.0;0.0;15.16;1.52
0.0;0.0;0.0;14.25;1.59
0.0;0.0;0.0;13.59;1.72
0.0;0.0;0.0;13.2;1.93
0.0;0.0;0.0;12.61;2.0
0.0;0.0;0.0;12.38;1.93
0.0;0.0;0.0;12.27;1.79
0.0;0.0;0.0;12.24;1.72
33.0;30.99;30.0;12.29;1.59
95.0;29.56;88.0;14.02;0.9
162.0;32.56;150.0;15.31;1.45
269.0;93.12;224.0;16.08;2.07
498.0;521.9;199.0;17.45;2.55
633.0;817.11;117.0;18.73;3.1
654.0;806.1;126.0;19.36;3.59
636.0;789.93;129.0;20.04;4.0
570.0;728.66;138.0;20.42;4.41
485.0;715.59;119.0;20.44;4.83
361.0;627.53;108.0;20.03;5.17
230.0;548.4;79.0;19.15;5.24
89.0;285.26;50.0;17.98;4.9
0.0;0.0;0.0;16.62;4.97
0.0;0.0;0.0;15.77;4.9
0.0;0.0;0.0;15.32;4.76
0.0;0.0;0.0;15.1;4.76
0.0;0.0;0.0;15.0;4.69
0.0;0.0;0.0;14.82;4.55
0.0;0.0;0.0;14.6;4.34
0.0;0.0;0.0;14.44;4.21
0.0;0.0;0.0;14.25;4.0
0.0;0.0;0.0;14.04;3.86
0.0;0.0;0.0;13.82;3.66
51.0;195.05;33.0;13.68;3.45
179.0;443.25;76.0;14.35;3.03
327.0;642.46;93.0;15.72;2.28
466.0;770.59;97.0;17.3;2.07
560.0;777.57;118.0;18.47;1.52
645.0;863.0;104.0;19.25;0.83
656.0;816.66;125.0;19.85;0.48
616.0;714.5;161.0;20.4;0.41
539.0;604.14;184.0;20.54;0.28
457.0;594.9;156.0;20.48;0.28
306.0;357.29;164.0;20.0;0.14
165.0;174.45;118.0;19.41;0.28
81.0;244.96;49.0;18.65;0.55
0.0;0.0;0.0;17.53;0.69
0.0;0.0;0.0;16.24;2.07
0.0;0.0;0.0;15.64;2.34
0.0;0.0;0.0;15.35;2.55
0.0;0.0;0.0;15.09;2.76
0.0;0.0;0.0;14.83;2.9
0.0;0.0;0.0;14.59;2.76
0.0;0.0;0.0;14.24;2.69
0.0;0.0;0.0;13.99;2.62
0.0;0.0;0.0;13.69;2.62
0.0;0.0;0.0;13.4;2.69
30.0;34.19;27.0;13.22;2.69
161.0;333.42;85.0;13.91;2.55
311.0;575.28;104.0;15.17;2.28
429.0;621.81;134.0;15.97;3.17
542.0;732.37;129.0;16.66;3.72
619.0;798.75;122.0;17.04;4.0
636.0;770.12;139.0;17.31;4.07
625.0;778.81;133.0;17.5;3.79
574.0;781.39;119.0;17.71;3.45
473.0;703.42;121.0;17.65;3.24
353.0;638.32;103.0;17.39;3.03
223.0;569.4;73.0;16.87;2.83
82.0;305.22;44.0;16.16;2.41
0.0;0.0;0.0;15.11;2.28
0.0;0.0;0.0;14.2;2.28
0.0;0.0;0.0;13.57;2.28
0.0;0.0;0.0;13.17;2.28
0.0;0.0;0.0;12.89;2.21
0.0;0.0;0.0;12.67;2.28
0.0;0.0;0.0;12.53;2.21
0.0;0.0;0.0;12.24;2.28
0.0;0.0;0.0;11.95;2.28
0.0;0.0;0.0;11.57;2.34
0.0;0.0;0.0;11.35;2.41
43.0;168.27;29.0;11.2;2.28
175.0;469.84;70.0;11.89;1.72
325.0;678.12;84.0;13.68;1.93
456.0;763.9;97.0;15.17;2.21
552.0;783.04;114.0;16.28;2.34
624.0;822.66;116.0;17.17;2.48
630.0;758.85;144.0;17.81;2.69
611.0;738.91;148.0;18.19;2.97
568.0;773.07;122.0;18.3;3.17
482.0;761.93;105.0;18.32;3.31
355.0;671.31;96.0;18.0;3.31
217.0;559.43;73.0;17.41;3.1
80.0;338.06;40.0;16.68;2.69
0.0;0.0;0.0;15.42;2.62
0.0;0.0;0.0;14.2;2.62
0.0;0.0;0.0;13.48;2.55
0.0;0.0;0.0;12.95;2.41
0.0;0.0;0.0;12.56;2.48
0.0;0.0;0.0;12.29;2.48
0.0;0.0;0.0;12.05;2.41
0.0;0.0;0.0;11.85;2.34
0.0;0.0;0.0;11.68;2.28
0.0;0.0;0.0;11.68;2.0
0.0;0.0;0.0;11.65;1.93
17.0;0.0;17.0;11.58;1.93
67.0;4.57;66.0;12.24;1.72
61.0;0.0;61.0;13.19;1.59
223.0;45.12;202.0;14.35;1.79
280.0;52.28;251.0;15.15;1.79
395.0;156.67;299.0;16.24;2.0
528.0;421.72;260.0;17.22;2.34
430.0;209.2;300.0;17.49;2.41
342.0;115.49;276.0;17.81;2.21
429.0;547.92;161.0;17.83;2.21
193.0;65.8;168.0;17.77;2.34
166.0;242.72;105.0;17.38;1.86
61.0;160.57;43.0;17.07;1.72
0.0;0.0;0.0;16.17;1.59
0.0;0.0;0.0;14.98;1.86
0.0;0.0;0.0;14.28;2.14
0.0;0.0;0.0;13.74;2.07
0.0;0.0;0.0;13.25;2.07
0.0;0.0;0.0;12.87;2.28
0.0;0.0;0.0;12.82;2.41
0.0;0.0;0.0;12.92;2.41
0.0;0.0;0.0;12.96;2.48
0.0;0.0;0.0;13.04;2.34
0.0;0.0;0.0;13.09;2.41
8.0;0.0;8.0;13.37;2.48
97.0;60.61;84.0;13.98;2.41
168.0;63.5;146.0;14.74;2.97
364.0;407.89;176.0;15.87;3.38
429.0;369.02;226.0;16.64;3.59
306.0;52.64;274.0;17.29;3.79
412.0;174.47;302.0;18.17;3.93
335.0;76.28;288.0;18.79;4.07
243.0;21.2;231.0;19.51;4.28
308.0;173.77;224.0;19.71;4.34
225.0;149.74;169.0;19.55;4.21
202.0;546.5;68.0;19.25;3.93
49.0;94.49;39.0;18.84;3.79
0.0;0.0;0.0;17.99;3.31
0.0;0.0;0.0;17.57;2.76
0.0;0.0;0.0;17.11;2.9
0.0;0.0;0.0;16.76;3.1
0.0;0.0;0.0;16.33;3.17
0.0;0.0;0.0;15.9;3.17
0.0;0.0;0.0;15.51;3.31
0.0;0.0;0.0;15.35;3.38
0.0;0.0;0.0;15.22;3.17
0.0;0.0;0.0;15.19;2.97
0.0;0.0;0.0;15.18;2.97
12.0;0.0;12.0;15.16;2.97
71.0;14.29;68.0;15.59;2.69
196.0;131.62;151.0;16.71;3.03
243.0;81.08;206.0;17.96;3.03
221.0;14.67;213.0;18.92;2.9
513.0;487.5;219.0;20.11;3.31
493.0;362.96;266.0;20.95;3.59
381.0;142.42;294.0;21.32;3.59
363.0;173.07;266.0;21.81;3.79
280.0;121.43;222.0;22.13;3.86
290.0;423.93;134.0;21.93;3.59
189.0;489.49;72.0;21.67;3.24
56.0;200.93;36.0;20.93;2.9
0.0;0.0;0.0;19.71;2.62
0.0;0.0;0.0;18.71;2.28
0.0;0.0;0.0;18.1;2.41
0.0;0.0;0.0;17.4;2.62
0.0;0.0;0.0;16.87;2.62
0.0;0.0;0.0;16.52;2.62
0.0;0.0;0.0;16.07;2.62
0.0;0.0;0.0;15.72;2.62
0.0;0.0;0.0;15.46;2.55
0.0;0.0;0.0;15.15;2.55
0.0;0.0;0.0;14.91;2.34
21.0;30.87;19.0;14.67;2.28
139.0;306.76;76.0;15.22;1.93
283.0;554.33;96.0;16.77;1.45
413.0;679.64;106.0;18.77;1.45
502.0;684.33;132.0;20.23;1.38
570.0;725.54;136.0;21.35;1.86
455.0;275.67;284.0;22.09;2.28
425.0;232.85;284.0;22.65;2.48
332.0;124.35;263.0;23.09;2.83
354.0;326.41;200.0;23.13;3.17
311.0;580.2;101.0;22.63;3.1
178.0;433.82;77.0;22.17;2.69
48.0;150.22;34.0;21.0;2.41
0.0;0.0;0.0;19.62;2.41
0.0;0.0;0.0;18.7;2.28
0.0;0.0;0.0;17.73;2.41
0.0;0.0;0.0;17.07;2.41
0.0;0.0;0.0;16.54;2.41
0.0;0.0;0.0;16.16;2.41
0.0;0.0;0.0;15.84;2.34
0.0;0.0;0.0;15.53;2.21
0.0;0.0;0.0;15.21;2.21
0.0;0.0;0.0;14.91;2.28
0.0;0.0;0.0;14.69;2.41
13.0;0.0;13.0;14.5;2.55
120.0;199.22;80.0;15.14;2.48
277.0;540.94;97.0;16.73;2.34
406.0;666.58;108.0;18.39;2.76
474.0;580.34;163.0;19.68;2.9
547.0;650.68;161.0;20.66;3.03
424.0;214.59;292.0;21.69;3.24
374.0;141.64;289.0;22.28;3.31
313.0;98.32;259.0;22.6;3.17
70.0;0.0;70.0;22.36;2.69
84.0;0.0;84.0;21.77;2.0
35.0;0.0;35.0;21.11;1.17
9.0;0.0;9.0;20.58;1.38
0.0;0.0;0.0;19.63;1.79
0.0;0.0;0.0;18.52;1.93
0.0;0.0;0.0;18.28;1.52
0.0;0.0;0.0;18.0;1.45
0.0;0.0;0.0;17.61;1.59
0.0;0.0;0.0;17.31;1.38
0.0;0.0;0.0;17.11;1.45
0.0;0.0;0.0;16.92;1.59
0.0;0.0;0.0;16.58;1.72
0.0;0.0;0.0;16.45;1.86
0.0;0.0;0.0;16.2;1.93
3.0;0.0;3.0;16.05;2.07
15.0;0.0;15.0;16.09;2.21
109.0;6.1;107.0;17.11;2.9
270.0;153.72;202.0;17.35;3.03
205.0;11.3;199.0;17.89;2.9
88.0;0.0;88.0;18.92;2.55
416.0;211.5;287.0;20.04;2.14
318.0;72.31;275.0;20.52;2.0
324.0;125.1;256.0;20.63;1.93
116.0;0.0;116.0;19.6;2.21
93.0;0.0;93.0;18.35;2.28
32.0;0.0;32.0;18.42;1.93
5.0;0.0;5.0;17.97;1.72
0.0;0.0;0.0;17.28;1.72
0.0;0.0;0.0;17.06;2.14
0.0;0.0;0.0;16.74;2.21
0.0;0.0;0.0;16.47;2.41
0.0;0.0;0.0;16.39;2.41
0.0;0.0;0.0;16.44;2.55
0.0;0.0;0.0;16.61;2.83
0.0;0.0;0.0;16.45;2.97
0.0;0.0;0.0;16.28;3.03
0.0;0.0;0.0;15.95;3.38
0.0;0.0;0.0;15.86;3.59
3.0;0.0;3.0;15.79;4.0
114.0;198.39;76.0;15.75;4.14
164.0;77.28;139.0;16.46;4.34
133.0;2.28;132.0;16.74;4.69
172.0;1.9;171.0;17.65;4.97
370.0;156.04;279.0;18.23;5.31
345.0;94.27;288.0;18.62;5.45
366.0;140.87;283.0;18.69;5.86
197.0;7.44;193.0;18.17;6.14
158.0;6.61;155.0;18.19;6.48
177.0;78.59;150.0;18.03;5.72
89.0;37.39;81.0;17.4;5.45
23.0;27.03;21.0;16.44;5.45
0.0;0.0;0.0;15.49;5.31
0.0;0.0;0.0;14.75;5.38
0.0;0.0;0.0;14.37;5.17
0.0;0.0;0.0;14.28;4.76
0.0;0.0;0.0;14.21;4.34
0.0;0.0;0.0;14.17;4.0
0.0;0.0;0.0;13.94;3.59
0.0;0.0;0.0;13.76;3.03
0.0;0.0;0.0;13.57;2.41
0.0;0.0;0.0;13.45;2.0
0.0;0.0;0.0;13.47;1.59
9.0;0.0;9.0;13.39;1.17
38.0;0.0;38.0;14.46;1.03
74.0;0.0;74.0;15.92;2.55
213.0;53.13;190.0;16.93;4.07
251.0;44.12;228.0;17.2;3.86
231.0;12.11;224.0;17.66;3.59
152.0;0.0;152.0;17.54;3.17
339.0;102.8;279.0;17.8;2.76
456.0;503.72;188.0;18.2;2.41
397.0;593.7;131.0;18.27;2.21
240.0;293.44;141.0;18.15;2.14
155.0;409.46;70.0;17.56;2.07
29.0;74.04;24.0;16.93;1.86
0.0;0.0;0.0;15.85;2.0
0.0;0.0;0.0;15.03;1.59
0.0;0.0;0.0;14.82;1.52
0.0;0.0;0.0;14.52;1.52
0.0;0.0;0.0;14.28;1.45
0.0;0.0;0.0;13.96;1.45
0.0;0.0;0.0;13.74;1.45
0.0;0.0;0.0;13.54;1.59
0.0;0.0;0.0;13.43;1.38
0.0;0.0;0.0;13.32;1.1
0.0;0.0;0.0;13.23;0.97
2.0;0.0;2.0;13.07;1.03
70.0;27.44;65.0;13.3;1.1
159.0;76.41;135.0;15.08;0.69
247.0;116.8;197.0;15.92;1.03
251.0;46.48;227.0;16.62;1.17
278.0;41.89;254.0;17.73;1.24
326.0;77.44;280.0;17.81;1.03
95.0;0.0;95.0;18.02;1.1
56.0;0.0;56.0;18.22;1.17
117.0;0.0;117.0;18.03;0.9
145.0;33.22;134.0;17.88;0.9
97.0;74.55;82.0;17.68;0.97
23.0;49.14;20.0;17.15;1.24
0.0;0.0;0.0;16.19;1.66
0.0;0.0;0.0;14.99;1.52
0.0;0.0;0.0;14.39;1.38
0.0;0.0;0.0;13.55;1.17
0.0;0.0;0.0;12.75;1.45
0.0;0.0;0.0;12.51;1.66
0.0;0.0;0.0;12.59;1.52
0.0;0.0;0.0;12.55;1.66
0.0;0.0;0.0;12.66;1.86
0.0;0.0;0.0;12.94;1.86
0.0;0.0;0.0;13.23;1.93
2.0;0.0;2.0;13.76;2.0
67.0;28.17;62.0;14.29;2.34
103.0;6.46;101.0;14.81;3.72
204.0;49.62;183.0;15.43;5.03
190.0;7.82;186.0;15.72;5.52
159.0;0.0;159.0;16.12;5.79
141.0;0.0;141.0;16.41;5.79
65.0;0.0;65.0;16.55;5.72
136.0;0.0;136.0;16.46;5.66
76.0;0.0;76.0;16.46;6.07
50.0;0.0;50.0;16.44;5.38
30.0;0.0;30.0;16.44;5.38
2.0;0.0;2.0;16.45;5.59
0.0;0.0;0.0;16.18;6.07
0.0;0.0;0.0;15.24;6.55
0.0;0.0;0.0;14.85;6.9
0.0;0.0;0.0;14.5;6.97
0.0;0.0;0.0;14.37;6.9
0.0;0.0;0.0;14.29;6.76
0.0;0.0;0.0;14.22;6.69
0.0;0.0;0.0;14.11;6.83
0.0;0.0;0.0;13.96;6.76
0.0;0.0;0.0;13.78;6.55
0.0;0.0;0.0;13.65;6.34
3.0;0.0;3.0;13.6;6.28
49.0;5.79;48.0;13.61;6.14
144.0;55.81;127.0;14.34;4.48
118.0;0.0;118.0;14.24;5.45
68.0;0.0;68.0;14.27;5.38
72.0;0.0;72.0;14.41;5.45
88.0;0.0;88.0;14.37;4.97
82.0;0.0;82.0;14.39;5.1
80.0;0.0;80.0;14.29;5.24
59.0;0.0;59.0;14.11;5.24
86.0;0.0;86.0;14.09;5.38
64.0;10.62;62.0;13.93;5.17
4.0;0.0;4.0;13.7;5.03
0.0;0.0;0.0;13.4;5.52
0.0;0.0;0.0;12.86;5.03
0.0;0.0;0.0;12.78;4.97
0.0;0.0;0.0;12.7;5.31
0.0;0.0;0.0;12.62;5.45
0.0;0.0;0.0;12.5;5.31
0.0;0.0;0.0;12.41;5.24
0.0;0.0;0.0;12.36;5.31
0.0;0.0;0.0;12.39;5.31
0.0;0.0;0.0;12.4;5.45
0.0;0.0;0.0;12.39;5.45
1.0;0.0;1.0;12.38;5.72
43.0;0.0;43.0;12.44;5.79
141.0;53.37;125.0;12.29;5.45
126.0;2.42;125.0;12.54;5.17
125.0;0.0;125.0;12.81;6.0
136.0;0.0;136.0;12.9;7.24
139.0;0.0;139.0;13.08;7.24
109.0;0.0;109.0;13.23;6.9
84.0;0.0;84.0;13.45;6.83
80.0;0.0;80.0;13.59;6.14
75.0;0.0;75.0;13.59;4.97
35.0;0.0;35.0;13.51;4.97
4.0;0.0;4.0;13.38;5.03
0.0;0.0;0.0;13.3;5.03
0.0;0.0;0.0;13.2;4.69
0.0;0.0;0.0;13.26;4.69
0.0;0.0;0.0;13.31;4.69
0.0;0.0;0.0;13.33;4.55
0.0;0.0;0.0;13.31;4.34
0.0;0.0;0.0;13.26;4.14
0.0;0.0;0.0;13.19;4.0
0.0;0.0;0.0;13.09;3.93
0.0;0.0;0.0;13.01;3.86
0.0;0.0;0.0;12.96;3.79
0.0;0.0;0.0;12.95;3.66
23.0;0.0;23.0;13.09;3.38
102.0;10.17;99.0;12.9;3.31
120.0;0.0;120.0;13.2;3.03
93.0;0.0;93.0;13.55;3.86
121.0;0.0;121.0;13.86;4.07
101.0;0.0;101.0;14.11;4.21
56.0;0.0;56.0;14.48;4.14
96.0;0.0;96.0;14.51;3.72
70.0;0.0;70.0;14.51;3.38
57.0;0.0;57.0;14.52;3.17
71.0;34.2;65.0;14.35;3.03
5.0;0.0;5.0;14.01;2.76
0.0;0.0;0.0;13.72;2.83
0.0;0.0;0.0;13.24;3.24
0.0;0.0;0.0;13.16;3.31
0.0;0.0;0.0;13.03;3.31
0.0;0.0;0.0;12.82;3.38
0.0;0.0;0.0;12.56;3.31
0.0;0.0;0.0;12.28;3.38
0.0;0.0;0.0;11.94;3.52
0.0;0.0;0.0;11.71;3.52
0.0;0.0;0.0;11.48;3.45
0.0;0.0;0.0;11.11;3.31
0.0;0.0;0.0;10.79;3.24
47.0;6.31;46.0;10.87;3.38
98.0;6.89;96.0;11.48;3.45
118.0;0.0;118.0;11.91;4.55
158.0;2.04;157.0;12.25;4.97
194.0;3.66;192.0;12.5;4.76
291.0;54.71;260.0;12.63;4.62
154.0;0.0;154.0;12.96;4.62
101.0;0.0;101.0;13.08;4.48
80.0;0.0;80.0;13.02;4.21
153.0;73.45;131.0;12.91;3.66
55.0;11.84;53.0;12.72;3.45
2.0;0.0;2.0;12.47;3.24
0.0;0.0;0.0;12.17;3.03
0.0;0.0;0.0;11.71;3.24
0.0;0.0;0.0;11.72;3.17
0.0;0.0;0.0;11.7;2.9
0.0;0.0;0.0;11.52;2.69
0.0;0.0;0.0;11.51;2.48
0.0;0.0;0.0;11.3;2.14
0.0;0.0;0.0;11.27;2.0
0.0;0.0;0.0;10.98;2.21
0.0;0.0;0.0;10.77;2.34
0.0;0.0;0.0;10.51;2.62
0.0;0.0;0.0;10.38;2.76
0.0;0.0;0.0;10.32;2.69
136.0;56.09;120.0;10.9;2.07
149.0;10.03;145.0;11.52;2.41
285.0;111.12;231.0;12.15;2.83
303.0;84.97;257.0;12.45;2.41
378.0;187.14;273.0;12.66;2.21
129.0;0.0;129.0;12.69;2.21
97.0;0.0;97.0;12.62;1.93
77.0;0.0;77.0;12.69;1.59
87.0;0.0;87.0;12.49;1.1
101.0;215.5;66.0;12.3;0.83
1.0;0.0;1.0;11.93;0.9
0.0;0.0;0.0;11.16;1.38
0.0;0.0;0.0;10.72;0.28
0.0;0.0;0.0;10.48;0.14
0.0;0.0;0.0;9.65;0.69
0.0;0.0;0.0;9.15;1.24
0.0;0.0;0.0;9.04;1.66
0.0;0.0;0.0;9.31;1.86
0.0;0.0;0.0;9.43;2.07
0.0;0.0;0.0;9.38;2.28
0.0;0.0;0.0;9.39;2.48
0.0;0.0;0.0;9.56;2.83
0.0;0.0;0.0;9.8;3.1
17.0;0.0;17.0;10.12;3.38
100.0;10.7;97.0;10.62;3.79
139.0;7.62;136.0;11.39;3.72
74.0;0.0;74.0;11.98;3.79
196.0;5.6;193.0;12.72;3.52
342.0;131.42;269.0;14.04;3.72
361.0;191.5;258.0;14.88;5.03
316.0;179.6;229.0;15.1;5.45
291.0;298.44;172.0;15.3;5.79
210.0;338.34;113.0;15.05;5.86
90.0;173.2;63.0;14.6;5.66
0.0;0.0;0.0;13.9;5.38
0.0;0.0;0.0;13.35;4.97
0.0;0.0;0.0;12.97;4.41
0.0;0.0;0.0;12.69;4.14
0.0;0.0;0.0;12.56;3.79
0.0;0.0;0.0;12.31;3.45
0.0;0.0;0.0;12.11;3.52
0.0;0.0;0.0;12.02;3.52
0.0;0.0;0.0;11.97;3.38
0.0;0.0;0.0;11.86;3.03
0.0;0.0;0.0;11.66;2.76
0.0;0.0;0.0;11.46;2.69
0.0;0.0;0.0;11.33;2.97
88.0;229.16;55.0;11.61;3.17
169.0;174.25;121.0;13.17;3.03
239.0;154.42;179.0;14.48;3.79
223.0;37.85;205.0;15.86;5.72
364.0;211.1;252.0;16.73;5.86
404.0;272.83;254.0;17.54;5.79
431.0;398.51;219.0;17.94;6.0
406.0;482.94;175.0;18.14;6.21
284.0;285.38;172.0;17.71;5.86
159.0;121.32;125.0;17.2;5.72
82.0;147.29;60.0;16.41;5.1
0.0;0.0;0.0;15.63;4.9
0.0;0.0;0.0;14.77;4.9
0.0;0.0;0.0;14.6;4.97
0.0;0.0;0.0;14.38;5.03
0.0;0.0;0.0;14.34;5.1
0.0;0.0;0.0;14.43;5.03
0.0;0.0;0.0;14.43;5.1
0.0;0.0;0.0;14.43;5.24
0.0;0.0;0.0;14.52;5.52
0.0;0.0;0.0;14.75;5.66
0.0;0.0;0.0;14.87;6.0
0.0;0.0;0.0;14.75;6.14
0.0;0.0;0.0;14.44;6.62
17.0;0.0;17.0;14.28;6.62
42.0;0.0;42.0;14.5;7.24
91.0;0.0;91.0;14.24;7.17
145.0;2.13;144.0;13.58;7.17
263.0;51.42;236.0;13.29;7.59
234.0;20.22;223.0;13.39;7.66
315.0;119.75;252.0;13.3;9.59
302.0;167.3;223.0;12.76;8.55
289.0;328.88;162.0;12.65;10.48
218.0;460.17;92.0;12.49;10.83
107.0;427.09;46.0;12.85;10.55
0.0;0.0;0.0;12.95;9.52
0.0;0.0;0.0;13.05;8.55
0.0;0.0;0.0;12.64;7.45
0.0;0.0;0.0;12.55;6.97
0.0;0.0;0.0;12.45;6.83
0.0;0.0;0.0;12.36;6.48
0.0;0.0;0.0;12.1;6.55
0.0;0.0;0.0;11.75;6.62
0.0;0.0;0.0;11.38;6.48
0.0;0.0;0.0;11.11;6.14
0.0;0.0;0.0;10.98;6.14
0.0;0.0;0.0;11.05;6.07
0.0;0.0;0.0;11.23;5.93
50.0;29.79;46.0;11.56;5.72
158.0;161.93;115.0;12.09;4.69
183.0;52.86;163.0;12.74;4.55
112.0;0.0;112.0;13.46;4.76
65.0;0.0;65.0;13.94;4.34
79.0;0.0;79.0;14.12;4.07
73.0;0.0;73.0;15.27;4.76
113.0;0.0;113.0;16.3;6.83
70.0;0.0;70.0;16.84;7.31
117.0;41.14;106.0;16.4;6.62
48.0;22.01;45.0;15.89;6.41
0.0;0.0;0.0;15.52;6.0
0.0;0.0;0.0;15.47;5.93
0.0;0.0;0.0;15.22;6.14
0.0;0.0;0.0;14.96;6.28
0.0;0.0;0.0;14.47;6.55
0.0;0.0;0.0;14.28;6.62
0.0;0.0;0.0;14.06;6.76
0.0;0.0;0.0;13.86;6.83
0.0;0.0;0.0;13.77;6.97
0.0;0.0;0.0;13.55;6.76
0.0;0.0;0.0;13.17;6.55
0.0;0.0;0.0;12.88;6.41
0.0;0.0;0.0;12.72;6.21
76.0;208.7;49.0;12.86;6.21
179.0;280.16;106.0;13.43;5.31
314.0;514.43;122.0;14.04;6.28
411.0;596.04;137.0;14.43;6.28
485.0;692.5;129.0;14.7;6.14
478.0;576.36;171.0;15.12;6.14
474.0;635.97;147.0;15.27;5.86
347.0;317.47;201.0;15.25;5.66
274.0;305.22;160.0;15.16;5.38
165.0;195.48;114.0;14.88;4.83
56.0;53.95;49.0;14.46;3.93
0.0;0.0;0.0;13.58;3.38
0.0;0.0;0.0;12.92;2.97
0.0;0.0;0.0;12.16;2.55
0.0;0.0;0.0;11.84;2.34
0.0;0.0;0.0;11.59;2.0
0.0;0.0;0.0;11.3;1.86
0.0;0.0;0.0;11.06;2.14
0.0;0.0;0.0;10.99;2.21
0.0;0.0;0.0;10.82;2.07
0.0;0.0;0.0;10.62;1.86
0.0;0.0;0.0;10.38;1.79
0.0;0.0;0.0;10.11;1.72
0.0;0.0;0.0;10.01;2.0
83.0;337.45;41.0;10.34;2.07
203.0;481.31;80.0;11.43;2.21
321.0;589.56;104.0;13.15;2.55
419.0;673.48;113.0;14.56;2.9
474.0;680.4;128.0;15.58;3.38
483.0;633.91;149.0;16.21;3.79
357.0;240.07;235.0;16.54;4.28
72.0;0.0;72.0;16.63;4.41
59.0;0.0;59.0;16.14;4.21
193.0;396.97;92.0;15.7;3.86
58.0;89.28;47.0;15.32;3.59
0.0;0.0;0.0;14.8;3.38
0.0;0.0;0.0;14.48;3.52
0.0;0.0;0.0;15.06;4.21
0.0;0.0;0.0;15.03;4.34
0.0;0.0;0.0;14.62;4.34
0.0;0.0;0.0;14.18;4.34
0.0;0.0;0.0;14.08;4.28
0.0;0.0;0.0;14.01;4.41
0.0;0.0;0.0;13.97;4.69
0.0;0.0;0.0;14.08;4.62
0.0;0.0;0.0;14.2;4.69
0.0;0.0;0.0;14.32;4.76
0.0;0.0;0.0;14.46;4.62
7.0;0.0;7.0;14.66;4.41
85.0;7.98;83.0;15.01;4.34
53.0;0.0;53.0;15.49;4.28
104.0;0.0;104.0;16.03;5.1
74.0;0.0;74.0;16.25;5.1
120.0;0.0;120.0;16.31;5.31
61.0;0.0;61.0;16.09;5.86
41.0;0.0;41.0;16.14;6.28
34.0;0.0;34.0;16.15;6.9
18.0;0.0;18.0;15.72;7.1
44.0;34.28;40.0;15.29;6.48
0.0;0.0;0.0;15.24;5.93
0.0;0.0;0.0;15.45;5.59
0.0;0.0;0.0;15.87;6.07
0.0;0.0;0.0;16.0;5.59
0.0;0.0;0.0;16.0;5.17
0.0;0.0;0.0;15.74;5.1
0.0;0.0;0.0;15.41;4.62
0.0;0.0;0.0;14.74;3.59
0.0;0.0;0.0;13.75;3.59
0.0;0.0;0.0;13.05;3.31
0.0;0.0;0.0;12.51;2.69
0.0;0.0;0.0;11.67;2.34
0.0;0.0;0.0;11.02;2.41
71.0;261.79;41.0;10.65;2.34
202.0;529.59;72.0;11.83;1.93
320.0;626.25;96.0;13.47;2.21
412.0;674.04;113.0;14.86;2.69
465.0;665.53;134.0;15.85;3.24
483.0;661.79;142.0;16.53;3.1
382.0;332.56;217.0;16.97;2.76
394.0;584.65;136.0;17.1;2.34
295.0;485.29;123.0;17.05;2.07
186.0;414.11;86.0;16.8;1.79
50.0;72.63;42.0;16.09;1.93
0.0;0.0;0.0;15.1;2.48
0.0;0.0;0.0;14.29;2.9
0.0;0.0;0.0;13.64;3.17
0.0;0.0;0.0;13.19;2.9
0.0;0.0;0.0;13.03;2.69
0.0;0.0;0.0;12.81;2.62
0.0;0.0;0.0;12.61;2.69
0.0;0.0;0.0;12.64;2.9
0.0;0.0;0.0;12.59;3.17
0.0;0.0;0.0;12.55;3.24
0.0;0.0;0.0;12.51;3.24
0.0;0.0;0.0;12.36;3.17
0.0;0.0;0.0;12.17;3.1
56.0;127.69;42.0;11.92;3.03
180.0;382.69;88.0;12.52;2.41
303.0;550.42;109.0;13.56;2.97
372.0;497.51;154.0;14.15;3.52
289.0;109.82;235.0;14.62;4.07
394.0;333.7;224.0;14.59;4.41
314.0;161.19;235.0;14.24;4.55
163.0;9.19;159.0;14.15;5.03
64.0;0.0;64.0;13.82;4.76
31.0;0.0;31.0;13.76;4.41
15.0;0.0;15.0;13.51;4.28
0.0;0.0;0.0;13.0;4.21
0.0;0.0;0.0;12.49;3.66
0.0;0.0;0.0;13.1;4.07
0.0;0.0;0.0;13.05;4.0
0.0;0.0;0.0;12.72;4.55
0.0;0.0;0.0;12.43;4.9
0.0;0.0;0.0;12.3;4.14
0.0;0.0;0.0;12.43;3.45
0.0;0.0;0.0;12.25;3.24
0.0;0.0;0.0;11.6;3.24
0.0;0.0;0.0;11.47;3.1
0.0;0.0;0.0;11.24;3.1
0.0;0.0;0.0;10.99;2.97
36.0;28.66;33.0;10.77;2.83
104.0;42.5;94.0;10.97;2.0
117.0;5.76;115.0;11.87;1.52
120.0;0.0;120.0;12.17;1.17
66.0;0.0;66.0;12.18;1.52
107.0;0.0;107.0;12.06;2.14
155.0;2.07;154.0;12.03;2.69
170.0;13.99;164.0;12.22;3.1
166.0;52.68;148.0;12.88;3.66
49.0;0.0;49.0;12.78;3.79
20.0;0.0;20.0;11.14;3.92
0.0;0.0;0.0;11.15;4.18
0.0;0.0;0.0;11.17;4.45
0.0;0.0;0.0;11.19;4.71
0.0;0.0;0.0;11.2;4.98
0.0;0.0;0.0;11.22;5.25
0.0;0.0;0.0;11.23;5.51
0.0;0.0;0.0;11.25;5.78
0.0;0.0;0.0;11.27;6.04
0.0;0.0;0.0;11.28;6.31
0.0;0.0;0.0;11.3;6.57
0.0;0.0;0.0;11.31;6.84
0.0;0.0;0.0;11.33;7.1
0.0;0.0;0.0;11.35;7.37
13.0;0.0;13.0;11.36;7.64
44.0;0.0;44.0;11.38;7.9
63.0;0.0;63.0;12.81;7.03
96.0;0.0;96.0;12.74;6.83
120.0;0.0;120.0;12.78;7.03
97.0;0.0;97.0;12.99;6.97
84.0;0.0;84.0;13.06;6.76
118.0;0.0;118.0;13.3;6.34
62.0;0.0;62.0;13.46;6.21
26.0;0.0;26.0;13.82;6.28
22.0;0.0;22.0;14.1;6.28
0.0;0.0;0.0;14.18;6.21
0.0;0.0;0.0;14.0;6.21
0.0;0.0;0.0;13.22;5.93
0.0;0.0;0.0;12.74;5.59
0.0;0.0;0.0;12.65;5.52
0.0;0.0;0.0;12.67;5.45
0.0;0.0;0.0;12.75;5.03
0.0;0.0;0.0;12.75;5.38
0.0;0.0;0.0;12.63;5.52
0.0;0.0;0.0;12.34;5.03
0.0;0.0;0.0;12.05;4.14
0.0;0.0;0.0;11.87;3.52
0.0;0.0;0.0;11.72;3.1
50.0;168.95;34.0;11.55;2.76
151.0;266.56;91.0;11.94;2.28
164.0;56.44;145.0;12.84;2.14
78.0;0.0;78.0;13.46;1.66
204.0;21.07;194.0;14.38;2.0
195.0;12.2;189.0;14.82;2.69
193.0;14.83;186.0;15.07;2.76
197.0;40.83;180.0;14.18;2.34
177.0;91.2;147.0;14.19;2.9
136.0;208.68;91.0;13.93;2.9
27.0;23.76;25.0;13.52;2.97
0.0;0.0;0.0;13.06;3.38
0.0;0.0;0.0;12.72;3.72
0.0;0.0;0.0;12.65;4.41
0.0;0.0;0.0;12.88;4.97
0.0;0.0;0.0;13.03;5.93
0.0;0.0;0.0;13.22;6.41
0.0;0.0;0.0;13.67;6.97
0.0;0.0;0.0;13.94;7.52
0.0;0.0;0.0;14.11;8.14
0.0;0.0;0.0;14.16;8.41
0.0;0.0;0.0;13.85;8.28
0.0;0.0;0.0;14.14;7.86
0.0;0.0;0.0;14.8;7.52
5.0;0.0;5.0;15.23;7.17
26.0;0.0;26.0;15.56;6.83
68.0;0.0;68.0;15.82;6.55
80.0;0.0;80.0;15.59;6.21
102.0;0.0;102.0;15.58;6.69
65.0;0.0;65.0;15.75;6.83
80.0;0.0;80.0;15.89;7.03
64.0;0.0;64.0;15.52;6.34
51.0;0.0;51.0;15.2;4.21
31.0;0.0;31.0;14.74;2.69
14.0;0.0;14.0;14.25;2.21
0.0;0.0;0.0;13.61;2.48
0.0;0.0;0.0;12.95;2.48
0.0;0.0;0.0;12.98;2.62
0.0;0.0;0.0;12.78;1.79
0.0;0.0;0.0;12.92;2.83
0.0;0.0;0.0;13.02;2.97
0.0;0.0;0.0;12.64;3.45
0.0;0.0;0.0;12.38;3.79
0.0;0.0;0.0;12.2;3.79
0.0;0.0;0.0;11.87;4.0
0.0;0.0;0.0;11.72;4.21
0.0;0.0;0.0;11.7;3.93
0.0;0.0;0.0;11.51;4.0
41.0;129.89;30.0;11.46;4.21
122.0;139.66;92.0;12.15;4.83
232.0;285.25;139.0;13.07;5.03
303.0;299.43;180.0;14.07;6.14
144.0;0.0;144.0;14.72;5.52
87.0;0.0;87.0;15.25;5.31
68.0;0.0;68.0;14.92;4.76
356.0;569.52;126.0;14.1;5.17
284.0;638.79;82.0;13.99;4.55
64.0;4.93;63.0;13.91;4.07
26.0;42.08;23.0;13.58;4.14
0.0;0.0;0.0;13.04;4.28
0.0;0.0;0.0;12.82;4.48
0.0;0.0;0.0;12.69;4.97
0.0;0.0;0.0;12.5;5.1
0.0;0.0;0.0;12.42;4.9
0.0;0.0;0.0;12.38;4.76
0.0;0.0;0.0;12.31;4.76
0.0;0.0;0.0;12.27;4.62
0.0;0.0;0.0;12.22;4.55
0.0;0.0;0.0;12.15;4.34
0.0;0.0;0.0;11.86;4.14
0.0;0.0;0.0;11.58;3.79
0.0;0.0;0.0;11.36;3.31
50.0;313.82;25.0;11.12;3.17
169.0;519.95;60.0;11.41;3.31
260.0;461.51;112.0;12.66;3.93
312.0;355.34;168.0;13.73;4.62
352.0;338.76;197.0;14.34;5.38
314.0;185.63;226.0;14.56;5.86
320.0;244.71;209.0;14.54;5.31
240.0;135.81;186.0;14.4;4.55
83.0;0.0;83.0;14.09;4.55
18.0;0.0;18.0;13.66;4.48
9.0;0.0;9.0;13.22;4.34
0.0;0.0;0.0;12.77;4.21
0.0;0.0;0.0;12.51;3.79
0.0;0.0;0.0;11.88;3.79
0.0;0.0;0.0;11.82;4.07
0.0;0.0;0.0;11.7;4.21
0.0;0.0;0.0;11.64;3.93
0.0;0.0;0.0;11.65;2.62
0.0;0.0;0.0;11.74;1.45
0.0;0.0;0.0;11.78;1.24
0.0;0.0;0.0;11.79;1.24
0.0;0.0;0.0;11.66;1.45
0.0;0.0;0.0;11.37;1.52
0.0;0.0;0.0;10.58;1.66
9.0;0.0;9.0;10.28;1.86
91.0;48.91;81.0;10.95;0.76
160.0;72.94;137.0;12.19;1.38
134.0;2.5;133.0;13.14;2.34
88.0;0.0;88.0;13.52;2.21
274.0;111.08;222.0;14.25;2.21
154.0;4.47;152.0;14.48;2.28
229.0;120.09;182.0;14.81;2.34
63.0;0.0;63.0;14.79;2.34
135.0;342.07;70.0;14.24;2.48
25.0;85.43;20.0;13.54;2.21
0.0;0.0;0.0;12.62;2.28
0.0;0.0;0.0;12.05;2.28
0.0;0.0;0.0;11.65;2.41
0.0;0.0;0.0;11.43;2.62
0.0;0.0;0.0;11.01;2.83
0.0;0.0;0.0;10.52;2.9
0.0;0.0;0.0;10.08;2.83
0.0;0.0;0.0;9.74;2.69
0.0;0.0;0.0;9.42;2.62
0.0;0.0;0.0;9.16;2.69
0.0;0.0;0.0;9.03;2.62
0.0;0.0;0.0;8.87;2.62
0.0;0.0;0.0;8.74;2.48
13.0;0.0;13.0;8.71;2.41
158.0;496.81;59.0;9.53;2.62
263.0;545.22;94.0;10.96;2.62
330.0;479.52;141.0;12.44;2.9
348.0;356.46;189.0;13.56;3.1
383.0;441.4;179.0;14.42;3.24
269.0;131.4;211.0;14.92;3.1
296.0;353.12;160.0;15.13;2.83
233.0;410.46;111.0;15.03;2.69
119.0;239.56;75.0;14.63;2.34
12.0;0.0;12.0;14.08;2.34
0.0;0.0;0.0;13.35;2.34
0.0;0.0;0.0;12.87;2.34
0.0;0.0;0.0;12.57;2.48
0.0;0.0;0.0;12.36;2.62
0.0;0.0;0.0;12.22;2.48
0.0;0.0;0.0;11.95;2.28
0.0;0.0;0.0;11.65;2.34
0.0;0.0;0.0;11.11;2.34
0.0;0.0;0.0;10.63;2.28
0.0;0.0;0.0;10.18;2.28
0.0;0.0;0.0;9.89;2.48
0.0;0.0;0.0;9.75;2.62
0.0;0.0;0.0;9.72;2.48
27.0;77.46;22.0;9.65;2.34
138.0;350.39;70.0;9.13;2.28
250.0;495.75;99.0;10.11;2.55
345.0;597.06;113.0;11.18;2.83
370.0;474.69;161.0;12.27;2.83
337.0;291.52;204.0;13.24;2.83
0.0;0.0;0.0;13.89;2.76
297.0;385.31;151.0;14.21;2.76
170.0;134.05;131.0;14.32;2.9
101.0;152.25;74.0;14.1;2.62
15.0;43.58;13.0;13.52;2.14
0.0;0.0;0.0;12.73;2.21
0.0;0.0;0.0;12.3;2.41
0.0;0.0;0.0;11.74;2.41
0.0;0.0;0.0;11.33;2.48
0.0;0.0;0.0;11.15;2.69
0.0;0.0;0.0;10.85;2.76
0.0;0.0;0.0;10.62;2.69
0.0;0.0;0.0;10.33;2.62
0.0;0.0;0.0;10.07;2.55
0.0;0.0;0.0;10.01;2.48
0.0;0.0;0.0;9.82;2.41
0.0;0.0;0.0;9.75;2.41
0.0;0.0;0.0;9.72;2.41
7.0;0.0;7.0;9.59;2.28
49.0;0.0;49.0;10.16;2.14
114.0;13.37;110.0;10.66;2.69
123.0;2.61;122.0;11.23;2.55
222.0;57.53;197.0;11.64;2.28
161.0;4.44;159.0;12.1;2.21
134.0;2.33;133.0;12.39;2.28
190.0;64.39;166.0;12.68;2.48
225.0;425.08;104.0;12.91;2.69
85.0;87.7;70.0;12.89;2.76
10.0;0.0;10.0;12.56;2.34
0.0;0.0;0.0;11.97;2.28
0.0;0.0;0.0;11.6;2.28
0.0;0.0;0.0;11.31;2.0
0.0;0.0;0.0;10.97;2.14
0.0;0.0;0.0;10.74;2.28
0.0;0.0;0.0;10.43;2.55
0.0;0.0;0.0;9.84;2.76
0.0;0.0;0.0;9.28;2.97
0.0;0.0;0.0;8.75;3.03
0.0;0.0;0.0;8.31;3.03
0.0;0.0;0.0;7.93;2.97
0.0;0.0;0.0;7.61;2.97
0.0;0.0;0.0;7.41;2.97
25.0;128.57;18.0;7.37;2.97
41.0;0.0;41.0;8.05;3.03
158.0;91.9;131.0;8.87;3.17
245.0;180.18;177.0;9.81;3.59
129.0;0.0;129.0;10.59;3.72
353.0;369.09;189.0;11.0;3.66
387.0;621.6;124.0;11.95;3.86
326.0;589.35;110.0;12.47;3.93
213.0;373.57;109.0;12.9;4.14
87.0;109.24;69.0;12.7;3.72
2.0;0.0;2.0;12.49;3.66
0.0;0.0;0.0;12.2;3.66
0.0;0.0;0.0;11.9;3.59
0.0;0.0;0.0;11.78;3.66
0.0;0.0;0.0;11.73;4.07
0.0;0.0;0.0;11.52;4.14
0.0;0.0;0.0;11.06;4.21
0.0;0.0;0.0;10.44;4.48
0.0;0.0;0.0;10.12;4.55
0.0;0.0;0.0;10.06;4.83
0.0;0.0;0.0;10.15;5.31
0.0;0.0;0.0;10.15;5.66
0.0;0.0;0.0;10.2;5.93
0.0;0.0;0.0;10.44;6.0
18.0;60.74;15.0;10.57;6.14
137.0;442.75;58.0;10.91;6.07
255.0;610.26;79.0;11.59;6.34
228.0;139.86;176.0;12.35;7.1
333.0;359.37;181.0;12.64;7.38
0.0;0.0;0.0;12.6;7.52
289.0;220.61;197.0;12.48;7.66
335.0;671.6;93.0;12.12;7.79
124.0;40.42;113.0;11.6;7.86
103.0;252.29;63.0;11.03;7.45
5.0;0.0;5.0;10.56;7.31
0.0;0.0;0.0;10.19;7.1
0.0;0.0;0.0;9.98;6.9
0.0;0.0;0.0;9.77;6.21
0.0;0.0;0.0;9.52;5.86
0.0;0.0;0.0;9.21;5.24
0.0;0.0;0.0;8.85;4.48
0.0;0.0;0.0;8.5;4.0
0.0;0.0;0.0;8.16;3.72
0.0;0.0;0.0;7.88;3.45
0.0;0.0;0.0;7.48;3.1
0.0;0.0;0.0;7.18;2.9
0.0;0.0;0.0;6.9;2.83
0.0;0.0;0.0;6.67;2.97
16.0;67.68;13.0;6.59;2.97
135.0;456.11;56.0;6.67;2.83
255.0;636.06;75.0;8.14;2.55
346.0;690.86;93.0;9.7;2.97
404.0;726.29;101.0;10.54;3.52
0.0;0.0;0.0;11.05;3.31
397.0;722.7;100.0;11.36;3.24
350.0;779.27;74.0;11.45;3.31
233.0;575.25;80.0;11.32;3.24
114.0;400.37;53.0;10.82;3.17
1.0;0.0;1.0;9.81;3.17
0.0;0.0;0.0;8.76;3.1
0.0;0.0;0.0;8.13;2.97
0.0;0.0;0.0;7.95;2.9
0.0;0.0;0.0;7.65;2.69
0.0;0.0;0.0;7.55;2.41
0.0;0.0;0.0;7.43;2.21
0.0;0.0;0.0;6.99;2.21
0.0;0.0;0.0;6.63;2.14
0.0;0.0;0.0;6.37;2.21
0.0;0.0;0.0;6.19;2.28
0.0;0.0;0.0;5.95;2.28
0.0;0.0;0.0;5.83;2.41
0.0;0.0;0.0;5.71;2.41
7.0;0.0;7.0;5.64;2.48
123.0;386.96;58.0;6.13;2.21
240.0;576.41;80.0;7.37;1.72
315.0;546.29;118.0;8.88;1.86
284.0;218.76;194.0;9.93;1.93
124.0;0.0;124.0;10.63;2.34
130.0;2.47;129.0;10.85;3.03
177.0;60.34;156.0;10.78;3.31
127.0;57.74;112.0;10.58;3.72
45.0;6.84;44.0;10.06;3.59
0.0;0.0;0.0;9.51;3.1
0.0;0.0;0.0;9.08;2.41
0.0;0.0;0.0;8.8;2.0
0.0;0.0;0.0;8.47;2.07
0.0;0.0;0.0;8.5;2.55
0.0;0.0;0.0;8.78;3.17
0.0;0.0;0.0;9.37;3.45
0.0;0.0;0.0;10.26;3.66
0.0;0.0;0.0;11.13;4.41
0.0;0.0;0.0;11.18;4.62
0.0;0.0;0.0;10.83;4.9
0.0;0.0;0.0;10.74;5.24
0.0;0.0;0.0;10.7;5.38
0.0;0.0;0.0;10.89;5.52
5.0;0.0;5.0;10.93;5.45
83.0;104.46;66.0;11.28;5.31
179.0;220.46;119.0;11.8;5.38
216.0;143.66;165.0;12.32;5.03
228.0;96.14;189.0;12.65;6.21
251.0;121.26;200.0;12.68;5.38
230.0;107.8;187.0;13.03;5.79
82.0;0.0;82.0;13.04;4.83
89.0;7.88;87.0;13.02;4.9
43.0;7.14;42.0;12.66;4.97
0.0;0.0;0.0;12.29;5.17
0.0;0.0;0.0;11.87;5.52
0.0;0.0;0.0;11.58;5.72
0.0;0.0;0.0;11.44;5.52
0.0;0.0;0.0;11.48;5.59
0.0;0.0;0.0;11.82;5.93
0.0;0.0;0.0;12.16;6.21
0.0;0.0;0.0;12.33;6.48
0.0;0.0;0.0;12.17;6.14
0.0;0.0;0.0;11.46;6.21
0.0;0.0;0.0;10.72;6.48
0.0;0.0;0.0;10.35;6.48
0.0;0.0;0.0;9.99;6.76
0.0;0.0;0.0;9.59;7.03
3.0;0.0;3.0;9.99;6.97
112.0;361.88;55.0;10.14;7.24
229.0;573.58;76.0;10.78;6.34
318.0;643.94;93.0;11.57;5.93
353.0;555.18;131.0;12.16;5.52
381.0;631.8;119.0;12.56;5.03
367.0;674.55;102.0;12.59;5.03
316.0;708.64;78.0;12.38;5.31
164.0;226.2;108.0;11.93;5.72
45.0;14.92;43.0;11.34;6.21
0.0;0.0;0.0;10.47;6.55
0.0;0.0;0.0;9.78;6.62
0.0;0.0;0.0;9.47;6.62
0.0;0.0;0.0;9.23;6.21
0.0;0.0;0.0;8.96;5.79
0.0;0.0;0.0;8.8;5.52
0.0;0.0;0.0;8.78;5.31
0.0;0.0;0.0;8.96;5.31
0.0;0.0;0.0;9.24;5.59
0.0;0.0;0.0;9.51;6.0
0.0;0.0;0.0;9.69;6.07
0.0;0.0;0.0;9.5;6.0
0.0;0.0;0.0;9.47;6.07
0.0;0.0;0.0;9.45;6.14
1.0;0.0;1.0;9.4;6.07
67.0;52.54;59.0;9.66;6.07
204.0;405.61;98.0;9.96;6.07
198.0;110.52;160.0;10.24;6.14
317.0;398.36;160.0;10.82;7.66
194.0;39.14;178.0;11.19;7.66
238.0;139.59;184.0;11.29;7.17
100.0;0.0;100.0;11.24;6.97
107.0;37.27;98.0;10.89;6.21
71.0;148.43;52.0;10.58;6.14
0.0;0.0;0.0;9.99;5.52
0.0;0.0;0.0;9.66;5.17
0.0;0.0;0.0;9.3;4.83
0.0;0.0;0.0;9.32;4.55
0.0;0.0;0.0;9.14;4.34
0.0;0.0;0.0;8.94;4.28
0.0;0.0;0.0;8.86;4.21
0.0;0.0;0.0;8.51;4.0
0.0;0.0;0.0;8.51;4.0
0.0;0.0;0.0;8.41;3.93
0.0;0.0;0.0;8.29;3.66
0.0;0.0;0.0;8.1;3.72
0.0;0.0;0.0;8.22;3.66
0.0;0.0;0.0;8.34;3.66
0.0;0.0;0.0;8.19;3.59
75.0;102.01;60.0;8.42;3.31
149.0;132.85;115.0;8.95;3.17
166.0;53.22;148.0;9.97;3.45
357.0;636.0;110.0;10.68;4.14
327.0;404.55;164.0;11.05;4.14
351.0;645.85;105.0;11.35;4.14
298.0;664.02;83.0;11.4;4.28
194.0;505.32;75.0;11.18;4.0
87.0;385.13;40.0;10.72;3.24
0.0;0.0;0.0;9.84;2.76
0.0;0.0;0.0;8.86;2.28
0.0;0.0;0.0;8.18;2.0
0.0;0.0;0.0;7.56;1.52
0.0;0.0;0.0;6.86;1.1
0.0;0.0;0.0;7.96;0.34
0.0;0.0;0.0;7.3;0.48
0.0;0.0;0.0;6.65;1.1
0.0;0.0;0.0;5.64;1.38
0.0;0.0;0.0;5.43;1.72
0.0;0.0;0.0;6.35;2.14
0.0;0.0;0.0;7.2;2.14
0.0;0.0;0.0;7.69;2.21
0.0;0.0;0.0;8.1;2.28
0.0;0.0;0.0;8.36;2.34
51.0;21.15;48.0;8.12;2.76
82.0;3.99;81.0;8.96;2.83
157.0;45.09;142.0;9.47;2.83
188.0;49.66;169.0;9.76;3.17
123.0;0.0;123.0;9.83;3.66
137.0;8.0;134.0;9.58;4.14
116.0;9.44;113.0;9.45;4.34
72.0;4.36;71.0;9.22;4.34
32.0;8.61;31.0;8.97;4.34
0.0;0.0;0.0;8.61;4.48
0.0;0.0;0.0;8.3;4.55
0.0;0.0;0.0;8.38;4.83
0.0;0.0;0.0;8.2;5.1
0.0;0.0;0.0;8.39;5.38
0.0;0.0;0.0;8.53;5.24
0.0;0.0;0.0;8.87;4.97
0.0;0.0;0.0;9.31;4.48
0.0;0.0;0.0;9.71;4.07
0.0;0.0;0.0;9.96;3.59
0.0;0.0;0.0;9.85;3.38
0.0;0.0;0.0;9.63;3.38
0.0;0.0;0.0;9.43;3.31
0.0;0.0;0.0;9.48;3.31
0.0;0.0;0.0;9.6;3.45
15.0;0.0;15.0;9.72;2.9
36.0;0.0;36.0;10.13;2.97
53.0;0.0;53.0;10.64;3.24
52.0;0.0;52.0;11.21;3.45
69.0;0.0;69.0;11.8;3.45
83.0;0.0;83.0;12.58;4.0
63.0;0.0;63.0;13.16;3.79
34.0;0.0;34.0;13.34;4.0
18.0;0.0;18.0;13.36;4.07
0.0;0.0;0.0;13.23;4.07
0.0;0.0;0.0;13.05;4.07
0.0;0.0;0.0;12.81;4.28
0.0;0.0;0.0;12.84;4.55
0.0;0.0;0.0;12.83;5.03
0.0;0.0;0.0;13.61;5.79
0.0;0.0;0.0;14.9;7.24
0.0;0.0;0.0;14.99;7.1
0.0;0.0;0.0;14.95;6.41
0.0;0.0;0.0;14.9;6.0
0.0;0.0;0.0;14.94;6.28
0.0;0.0;0.0;14.8;6.14
0.0;0.0;0.0;14.57;5.86
0.0;0.0;0.0;14.43;5.72
0.0;0.0;0.0;14.35;5.66
8.0;0.0;8.0;14.74;6.48
19.0;0.0;19.0;14.63;6.28
39.0;0.0;39.0;14.62;5.86
73.0;0.0;73.0;14.48;5.86
71.0;0.0;71.0;14.39;6.48
86.0;0.0;86.0;14.02;6.28
36.0;0.0;36.0;13.72;6.07
58.0;0.0;58.0;13.52;6.14
21.0;0.0;21.0;13.08;5.79
0.0;0.0;0.0;12.39;5.38
0.0;0.0;0.0;11.91;5.24
0.0;0.0;0.0;11.36;4.76
0.0;0.0;0.0;10.94;5.52
0.0;0.0;0.0;10.96;5.17
0.0;0.0;0.0;10.67;4.69
0.0;0.0;0.0;10.57;4.34
0.0;0.0;0.0;10.28;4.0
0.0;0.0;0.0;10.15;3.31
0.0;0.0;0.0;10.08;4.0
0.0;0.0;0.0;9.84;4.07
0.0;0.0;0.0;9.66;3.86
0.0;0.0;0.0;9.57;3.79
0.0;0.0;0.0;9.28;3.59
0.0;0.0;0.0;8.95;3.45
46.0;23.77;43.0;9.08;3.17
72.0;4.27;71.0;8.82;5.03
260.0;462.08;114.0;8.56;5.66
319.0;541.7;121.0;8.82;6.07
284.0;305.57;168.0;9.47;7.03
227.0;162.33;169.0;9.97;7.52
181.0;143.29;138.0;9.87;8.0
145.0;269.01;88.0;9.75;8.55
49.0;111.45;38.0;9.27;8.28
0.0;0.0;0.0;8.77;8.14
0.0;0.0;0.0;8.48;8.48
0.0;0.0;0.0;8.2;9.03
0.0;0.0;0.0;7.72;8.07
0.0;0.0;0.0;7.52;8.14
0.0;0.0;0.0;7.34;8.07
0.0;0.0;0.0;7.26;8.07
0.0;0.0;0.0;7.14;7.86
0.0;0.0;0.0;6.99;7.52
0.0;0.0;0.0;6.81;7.38
0.0;0.0;0.0;6.69;6.9
0.0;0.0;0.0;6.55;6.0
0.0;0.0;0.0;6.42;5.45
0.0;0.0;0.0;6.29;5.17
0.0;0.0;0.0;6.14;5.17
80.0;297.55;44.0;6.01;4.97
192.0;528.49;71.0;6.75;5.24
227.0;289.92;137.0;7.75;5.1
324.0;586.36;113.0;8.4;6.76
329.0;529.62;131.0;8.65;7.17
213.0;128.03;168.0;8.83;7.38
236.0;411.18;115.0;8.97;7.59
113.0;106.73;91.0;8.99;7.45
40.0;64.5;34.0;8.77;7.79
0.0;0.0;0.0;8.48;7.93
0.0;0.0;0.0;8.3;7.79
0.0;0.0;0.0;8.29;7.45
0.0;0.0;0.0;8.5;7.24
0.0;0.0;0.0;8.37;7.31
0.0;0.0;0.0;8.29;7.17
0.0;0.0;0.0;8.34;6.83
0.0;0.0;0.0;8.27;6.76
0.0;0.0;0.0;8.16;6.76
0.0;0.0;0.0;8.01;6.76
0.0;0.0;0.0;7.84;6.28
0.0;0.0;0.0;7.62;5.72
0.0;0.0;0.0;7.39;5.17
0.0;0.0;0.0;7.18;4.69
0.0;0.0;0.0;6.88;4.14
74.0;267.69;43.0;6.5;3.24
179.0;451.71;78.0;7.25;3.1
265.0;544.42;99.0;8.6;2.83
304.0;496.88;128.0;9.58;3.1
305.0;437.35;144.0;10.05;3.24
297.0;503.3;123.0;10.22;3.59
230.0;405.53;113.0;10.12;4.0
150.0;369.26;76.0;9.87;3.52
55.0;274.6;31.0;9.32;3.31
0.0;0.0;0.0;8.51;3.17
0.0;0.0;0.0;7.96;2.76
0.0;0.0;0.0;7.62;2.48
0.0;0.0;0.0;7.53;2.62
0.0;0.0;0.0;7.44;2.69
0.0;0.0;0.0;7.43;3.1
0.0;0.0;0.0;7.55;3.31
0.0;0.0;0.0;7.83;3.45
0.0;0.0;0.0;8.07;3.59
0.0;0.0;0.0;8.34;3.93
0.0;0.0;0.0;8.67;4.28
0.0;0.0;0.0;8.89;4.34
0.0;0.0;0.0;8.94;4.28
0.0;0.0;0.0;8.93;4.34
0.0;0.0;0.0;9.21;4.41
40.0;27.12;37.0;9.43;4.34
33.0;0.0;33.0;9.98;4.55
55.0;0.0;55.0;10.73;4.41
64.0;0.0;64.0;11.28;5.24
40.0;0.0;40.0;11.53;5.17
40.0;0.0;40.0;11.71;5.03
38.0;0.0;38.0;11.91;4.97
27.0;0.0;27.0;12.0;5.24
30.0;36.65;27.0;11.54;4.83
0.0;0.0;0.0;10.56;4.55
0.0;0.0;0.0;9.65;4.55
0.0;0.0;0.0;8.99;4.55
0.0;0.0;0.0;8.28;4.62
0.0;0.0;0.0;7.71;4.34
0.0;0.0;0.0;7.23;4.07
0.0;0.0;0.0;6.86;3.79
0.0;0.0;0.0;6.76;3.66
0.0;0.0;0.0;6.75;3.72
0.0;0.0;0.0;6.86;3.72
0.0;0.0;0.0;6.86;3.59
0.0;0.0;0.0;6.85;3.72
0.0;0.0;0.0;6.58;3.79
0.0;0.0;0.0;6.56;3.93
0.0;0.0;0.0;6.76;4.0
6.0;0.0;6.0;7.36;4.07
28.0;0.0;28.0;8.1;4.07
44.0;0.0;44.0;9.0;4.07
239.0;244.9;155.0;10.03;4.41
88.0;0.0;88.0;10.83;4.41
57.0;0.0;57.0;11.74;4.69
45.0;0.0;45.0;12.11;4.76
14.0;0.0;14.0;12.23;4.9
33.0;78.58;27.0;11.95;4.62
0.0;0.0;0.0;11.44;4.48
0.0;0.0;0.0;11.0;4.41
0.0;0.0;0.0;10.66;4.41
0.0;0.0;0.0;10.35;4.28
0.0;0.0;0.0;10.15;4.21
0.0;0.0;0.0;10.17;4.41
0.0;0.0;0.0;10.16;4.14
0.0;0.0;0.0;10.12;3.72
0.0;0.0;0.0;9.54;3.45
0.0;0.0;0.0;9.47;3.24
0.0;0.0;0.0;9.26;3.1
0.0;0.0;0.0;8.9;3.1
0.0;0.0;0.0;8.78;3.03
0.0;0.0;0.0;8.63;3.1
0.0;0.0;0.0;8.42;3.03
64.0;289.0;35.0;8.14;3.24
164.0;467.2;67.0;8.73;3.31
260.0;641.27;75.0;9.67;3.1
271.0;414.88;131.0;10.61;3.45
310.0;569.57;110.0;11.32;4.0
218.0;203.86;151.0;11.78;4.28
131.0;55.25;116.0;11.72;4.0
81.0;43.57;73.0;11.68;3.59
37.0;169.15;25.0;11.2;3.59
0.0;0.0;0.0;10.47;3.1
0.0;0.0;0.0;9.9;3.03
0.0;0.0;0.0;9.57;3.24
0.0;0.0;0.0;9.05;3.38
0.0;0.0;0.0;9.14;3.72
0.0;0.0;0.0;9.22;3.79
0.0;0.0;0.0;9.46;3.93
0.0;0.0;0.0;9.81;4.48
0.0;0.0;0.0;10.31;4.9
0.0;0.0;0.0;11.13;4.97
0.0;0.0;0.0;11.88;5.03
0.0;0.0;0.0;12.67;5.72
0.0;0.0;0.0;13.12;6.28
0.0;0.0;0.0;13.24;6.69
0.0;0.0;0.0;13.23;6.97
12.0;0.0;12.0;13.33;7.1
27.0;0.0;27.0;13.55;7.17
130.0;45.93;117.0;13.86;7.1
32.0;0.0;32.0;14.03;6.97
28.0;0.0;28.0;14.06;7.03
33.0;0.0;33.0;14.15;6.83
26.0;0.0;26.0;14.18;6.34
12.0;0.0;12.0;14.04;6.21
3.0;0.0;3.0;13.87;6.0
0.0;0.0;0.0;13.83;5.72
0.0;0.0;0.0;13.86;5.52
0.0;0.0;0.0;13.9;5.31
0.0;0.0;0.0;14.04;4.97
0.0;0.0;0.0;13.98;5.17
0.0;0.0;0.0;13.95;5.24
0.0;0.0;0.0;13.85;5.52
0.0;0.0;0.0;13.83;5.72
0.0;0.0;0.0;13.8;5.52
0.0;0.0;0.0;13.75;5.59
0.0;0.0;0.0;13.61;5.52
0.0;0.0;0.0;13.31;5.59
0.0;0.0;0.0;13.16;5.66
0.0;0.0;0.0;13.18;5.79
0.0;0.0;0.0;13.2;6.0
5.0;0.0;5.0;12.98;6.0
43.0;0.0;43.0;13.05;6.14
32.0;0.0;32.0;13.26;6.28
49.0;0.0;49.0;13.62;6.34
85.0;0.0;85.0;14.07;6.14
182.0;116.53;145.0;14.47;6.48
124.0;53.75;110.0;14.42;5.38
82.0;69.47;70.0;14.29;5.17
13.0;0.0;13.0;13.82;4.76
0.0;0.0;0.0;13.08;4.48
0.0;0.0;0.0;12.34;4.34
0.0;0.0;0.0;11.8;4.41
0.0;0.0;0.0;11.37;4.41
0.0;0.0;0.0;11.12;4.41
0.0;0.0;0.0;10.89;4.28
0.0;0.0;0.0;10.7;4.34
0.0;0.0;0.0;10.49;4.21
0.0;0.0;0.0;10.21;4.0
0.0;0.0;0.0;9.92;3.93
0.0;0.0;0.0;9.61;3.93
0.0;0.0;0.0;9.26;3.93
0.0;0.0;0.0;8.93;3.93
0.0;0.0;0.0;8.79;4.07
0.0;0.0;0.0;8.6;3.86
43.0;141.08;31.0;8.53;3.72
145.0;406.59;67.0;9.19;3.79
230.0;528.81;86.0;10.33;3.59
288.0;619.99;89.0;11.4;4.0
322.0;744.34;73.0;12.39;4.28
277.0;602.5;89.0;13.08;4.34
215.0;529.33;80.0;13.36;4.14
125.0;406.17;57.0;13.17;4.21
25.0;108.8;19.0;12.48;4.34
0.0;0.0;0.0;11.72;4.55
0.0;0.0;0.0;11.39;4.69
0.0;0.0;0.0;11.18;4.9
0.0;0.0;0.0;11.44;4.83
0.0;0.0;0.0;11.61;5.03
0.0;0.0;0.0;11.78;5.1
0.0;0.0;0.0;11.6;4.9
0.0;0.0;0.0;11.38;4.62
0.0;0.0;0.0;11.21;4.41
0.0;0.0;0.0;11.07;4.14
0.0;0.0;0.0;11.16;4.14
0.0;0.0;0.0;11.46;4.21
0.0;0.0;0.0;11.61;4.21
0.0;0.0;0.0;11.64;4.41
0.0;0.0;0.0;11.66;4.28
45.0;212.47;28.0;10.3;3.38
100.0;117.88;78.0;10.45;2.76
132.0;63.68;115.0;11.27;2.83
217.0;240.84;141.0;11.93;3.17
195.0;130.67;152.0;12.36;4.14
96.0;3.26;95.0;12.54;4.14
50.0;0.0;50.0;12.29;4.69
17.0;0.0;17.0;11.93;5.72
5.0;0.0;5.0;11.74;6.0
0.0;0.0;0.0;11.63;5.86
0.0;0.0;0.0;11.53;5.45
0.0;0.0;0.0;11.35;5.31
0.0;0.0;0.0;11.35;5.1
0.0;0.0;0.0;11.05;5.03
0.0;0.0;0.0;10.81;5.03
0.0;0.0;0.0;10.63;4.69
0.0;0.0;0.0;10.61;4.48
0.0;0.0;0.0;10.77;4.55
0.0;0.0;0.0;10.81;4.34
0.0;0.0;0.0;10.8;4.0
0.0;0.0;0.0;10.73;3.66
0.0;0.0;0.0;10.42;3.79
0.0;0.0;0.0;10.0;3.66
0.0;0.0;0.0;9.43;3.45
36.0;120.02;27.0;8.97;3.38
139.0;429.85;61.0;9.47;3.24
222.0;542.65;80.0;10.29;2.97
276.0;609.31;87.0;11.26;3.24
300.0;682.78;79.0;11.95;3.72
210.0;255.62;133.0;12.49;4.14
168.0;261.9;104.0;12.53;3.45
54.0;12.74;52.0;12.25;3.31
12.0;22.22;11.0;11.42;4.07
0.0;0.0;0.0;11.5;5.89
0.0;0.0;0.0;11.37;5.86
0.0;0.0;0.0;11.24;5.83
0.0;0.0;0.0;11.11;5.81
0.0;0.0;0.0;10.97;5.78
0.0;0.0;0.0;10.84;5.75
0.0;0.0;0.0;10.71;5.72
0.0;0.0;0.0;10.58;5.69
0.0;0.0;0.0;10.44;5.66
0.0;0.0;0.0;10.31;5.63
0.0;0.0;0.0;10.18;5.6
0.0;0.0;0.0;10.05;5.58
0.0;0.0;0.0;9.91;5.55
0.0;0.0;0.0;9.78;5.52
0.0;0.0;0.0;9.65;5.49
11.0;0.0;11.0;9.52;5.46
54.0;5.84;53.0;8.44;6.48
198.0;421.97;92.0;8.62;6.83
286.0;741.03;64.0;8.99;7.66
291.0;690.0;75.0;9.22;7.52
275.0;729.36;63.0;9.33;7.66
187.0;453.03;81.0;9.24;7.72
78.0;115.77;61.0;8.99;7.24
9.0;0.0;9.0;8.47;6.76
0.0;0.0;0.0;7.88;6.41
0.0;0.0;0.0;7.65;6.41
0.0;0.0;0.0;7.56;6.41
0.0;0.0;0.0;7.35;6.48
0.0;0.0;0.0;7.18;6.07
0.0;0.0;0.0;7.03;5.66
0.0;0.0;0.0;6.68;4.9
0.0;0.0;0.0;6.36;4.28
0.0;0.0;0.0;5.89;4.28
0.0;0.0;0.0;5.43;4.55
0.0;0.0;0.0;5.05;4.76
0.0;0.0;0.0;4.8;4.62
0.0;0.0;0.0;4.56;4.55
0.0;0.0;0.0;4.49;4.62
0.0;0.0;0.0;4.3;4.55
11.0;0.0;11.0;4.07;4.41
81.0;72.23;69.0;4.35;4.48
188.0;365.81;98.0;4.77;5.24
156.0;74.74;134.0;5.03;5.93
220.0;263.15;139.0;5.06;5.86
201.0;255.71;128.0;5.18;5.59
87.0;13.11;84.0;5.12;5.1
56.0;28.19;52.0;4.99;5.17
5.0;0.0;5.0;4.53;4.55
0.0;0.0;0.0;3.97;4.21
0.0;0.0;0.0;3.67;3.86
0.0;0.0;0.0;3.41;3.52
0.0;0.0;0.0;2.99;3.31
0.0;0.0;0.0;2.59;2.9
0.0;0.0;0.0;2.2;2.62
0.0;0.0;0.0;1.94;2.48
0.0;0.0;0.0;1.75;2.48
0.0;0.0;0.0;1.66;2.34
0.0;0.0;0.0;1.64;2.34
0.0;0.0;0.0;1.53;2.28
0.0;0.0;0.0;1.68;2.14
0.0;0.0;0.0;1.92;1.93
0.0;0.0;0.0;1.82;1.79
0.0;0.0;0.0;1.34;1.79
21.0;54.34;18.0;0.32;1.93
96.0;173.81;68.0;0.85;1.66
155.0;195.11;108.0;2.99;1.52
134.0;38.04;123.0;4.06;1.59
177.0;115.65;142.0;4.61;1.79
145.0;67.77;126.0;4.64;1.72
108.0;58.07;95.0;4.63;1.93
40.0;7.3;39.0;4.29;2.34
5.0;0.0;5.0;3.68;2.62
0.0;0.0;0.0;3.01;2.97
0.0;0.0;0.0;2.65;2.9
0.0;0.0;0.0;2.41;3.03
0.0;0.0;0.0;2.66;2.76
0.0;0.0;0.0;2.53;2.76
0.0;0.0;0.0;2.53;2.69
0.0;0.0;0.0;2.56;2.34
0.0;0.0;0.0;2.68;2.07
0.0;0.0;0.0;2.71;1.79
0.0;0.0;0.0;2.83;1.52
0.0;0.0;0.0;2.88;1.45
0.0;0.0;0.0;3.17;1.31
0.0;0.0;0.0;3.47;1.31
0.0;0.0;0.0;3.78;1.45
0.0;0.0;0.0;4.09;1.59
2.0;0.0;2.0;4.16;1.72
61.0;25.62;57.0;4.93;1.66
118.0;67.85;102.0;5.84;1.52
165.0;123.22;130.0;6.67;1.86
155.0;73.94;133.0;7.25;2.14
104.0;10.9;101.0;7.62;2.48
17.0;0.0;17.0;7.62;2.34
61.0;68.05;52.0;7.54;2.55
0.0;0.0;0.0;7.01;2.9
0.0;0.0;0.0;6.55;3.17
0.0;0.0;0.0;6.36;3.31
0.0;0.0;0.0;6.25;3.31
0.0;0.0;0.0;6.11;3.03
0.0;0.0;0.0;6.01;3.24
0.0;0.0;0.0;6.15;3.24
0.0;0.0;0.0;6.17;3.17
0.0;0.0;0.0;6.33;3.1
0.0;0.0;0.0;6.28;2.97
0.0;0.0;0.0;5.98;2.55
0.0;0.0;0.0;5.9;2.28
0.0;0.0;0.0;5.69;2.34
0.0;0.0;0.0;5.73;2.41
0.0;0.0;0.0;6.17;2.41
0.0;0.0;0.0;6.4;2.62
7.0;0.0;7.0;6.59;3.17
29.0;0.0;29.0;6.83;3.38
83.0;8.67;81.0;7.01;3.66
69.0;0.0;69.0;7.08;4.14
73.0;0.0;73.0;6.87;4.55
37.0;0.0;37.0;6.75;4.69
16.0;0.0;16.0;6.52;4.62
9.0;0.0;9.0;6.28;4.55
0.0;0.0;0.0;5.88;4.76
0.0;0.0;0.0;5.43;5.17
0.0;0.0;0.0;4.87;5.79
0.0;0.0;0.0;4.35;5.66
0.0;0.0;0.0;4.34;6.48
0.0;0.0;0.0;4.25;6.9
0.0;0.0;0.0;4.07;7.1
0.0;0.0;0.0;4.12;7.24
0.0;0.0;0.0;4.02;7.31
0.0;0.0;0.0;3.92;7.31
0.0;0.0;0.0;3.72;7.45
0.0;0.0;0.0;3.47;7.31
0.0;0.0;0.0;3.28;7.45
0.0;0.0;0.0;3.09;7.72
0.0;0.0;0.0;3.04;8.14
0.0;0.0;0.0;2.87;8.41
2.0;0.0;2.0;2.76;8.21
10.0;0.0;10.0;2.32;8.34
17.0;0.0;17.0;2.31;8.34
41.0;0.0;41.0;2.28;8.55
94.0;3.48;93.0;2.21;8.28
142.0;82.88;120.0;2.18;8.0
42.0;0.0;42.0;2.06;8.14
40.0;8.13;39.0;1.92;7.72
0.0;0.0;0.0;1.71;7.59
0.0;0.0;0.0;1.65;7.31
0.0;0.0;0.0;1.62;7.03
0.0;0.0;0.0;1.58;6.76
0.0;0.0;0.0;1.47;6.34
0.0;0.0;0.0;1.4;5.93
0.0;0.0;0.0;1.38;5.59
0.0;0.0;0.0;1.17;5.31
0.0;0.0;0.0;0.96;5.1
0.0;0.0;0.0;0.81;4.76
0.0;0.0;0.0;0.71;4.55
0.0;0.0;0.0;0.62;4.41
0.0;0.0;0.0;0.66;4.28
0.0;0.0;0.0;0.67;4.14
0.0;0.0;0.0;0.62;4.07
0.0;0.0;0.0;0.56;4.0
3.0;0.0;3.0;-0.22;4.21
43.0;7.07;42.0;-0.09;4.14
21.0;0.0;21.0;0.27;4.48
63.0;0.0;63.0;0.6;5.24
78.0;0.0;78.0;0.84;5.31
145.0;95.92;120.0;0.77;4.76
74.0;9.77;72.0;0.51;5.03
24.0;0.0;24.0;0.13;4.48
0.0;0.0;0.0;-0.26;4.0
0.0;0.0;0.0;-0.89;3.72
0.0;0.0;0.0;-1.23;3.79
0.0;0.0;0.0;-1.31;3.93
0.0;0.0;0.0;-1.44;3.66
0.0;0.0;0.0;-1.6;3.52
0.0;0.0;0.0;-1.67;3.31
0.0;0.0;0.0;-1.65;3.17
0.0;0.0;0.0;-1.63;3.03
0.0;0.0;0.0;-1.76;2.9
0.0;0.0;0.0;-1.89;2.83
0.0;0.0;0.0;-1.98;2.69
0.0;0.0;0.0;-2.06;2.48
0.0;0.0;0.0;-2.08;2.21
0.0;0.0;0.0;-2.19;2.07
0.0;0.0;0.0;-2.4;2.07
6.0;0.0;6.0;-2.59;2.07
37.0;0.0;37.0;-2.28;1.93
34.0;0.0;34.0;-1.3;1.93
76.0;0.0;76.0;-0.38;2.14
106.0;10.8;103.0;0.19;2.62
152.0;128.97;119.0;0.46;2.76
39.0;0.0;39.0;0.45;2.76
19.0;0.0;19.0;0.05;2.34
0.0;0.0;0.0;-0.52;2.14
0.0;0.0;0.0;-0.88;2.07
0.0;0.0;0.0;-0.92;2.0
0.0;0.0;0.0;-0.94;2.07
0.0;0.0;0.0;-1.04;2.07
0.0;0.0;0.0;-1.18;2.07
0.0;0.0;0.0;-1.27;2.0
0.0;0.0;0.0;-1.39;2.14
0.0;0.0;0.0;-1.41;2.41
0.0;0.0;0.0;-1.36;2.76
0.0;0.0;0.0;-1.12;3.03
0.0;0.0;0.0;-1.1;3.31
0.0;0.0;0.0;-0.92;3.52
0.0;0.0;0.0;-0.79;3.79
0.0;0.0;0.0;-0.63;4.07
0.0;0.0;0.0;-0.52;4.28
0.0;0.0;0.0;-0.23;4.97
27.0;0.0;27.0;0.15;5.17
41.0;0.0;41.0;0.64;5.1
62.0;0.0;62.0;1.2;4.62
36.0;0.0;36.0;1.53;4.41
20.0;0.0;20.0;1.76;4.14
22.0;0.0;22.0;1.92;4.21
7.0;0.0;7.0;1.88;4.28
0.0;0.0;0.0;1.69;4.28
0.0;0.0;0.0;1.55;4.28
0.0;0.0;0.0;1.57;4.21
0.0;0.0;0.0;1.48;3.86
0.0;0.0;0.0;1.14;3.79
0.0;0.0;0.0;1.14;3.1
0.0;0.0;0.0;0.87;2.62
0.0;0.0;0.0;0.84;2.14
0.0;0.0;0.0;0.49;1.59
0.0;0.0;0.0;-0.2;1.17
0.0;0.0;0.0;-0.49;1.17
0.0;0.0;0.0;-1.58;1.59
0.0;0.0;0.0;-1.83;1.93
0.0;0.0;0.0;-1.83;2.21
0.0;0.0;0.0;-1.55;2.48
0.0;0.0;0.0;-1.02;2.55
0.0;0.0;0.0;-1.2;2.14
66.0;110.12;52.0;-0.8;1.72
58.0;0.0;58.0;1.03;1.52
167.0;196.41;117.0;2.07;1.79
45.0;0.0;45.0;2.8;2.34
26.0;0.0;26.0;3.0;2.62
45.0;0.0;45.0;2.91;2.69
19.0;0.0;19.0;2.51;2.55
0.0;0.0;0.0;1.72;2.41
0.0;0.0;0.0;0.85;2.55
0.0;0.0;0.0;0.63;2.48
0.0;0.0;0.0;0.51;2.41
0.0;0.0;0.0;0.22;2.55
0.0;0.0;0.0;0.11;2.55
0.0;0.0;0.0;0.1;2.62
0.0;0.0;0.0;0.13;2.69
0.0;0.0;0.0;0.12;2.69
0.0;0.0;0.0;0.23;2.69
0.0;0.0;0.0;0.18;2.76
0.0;0.0;0.0;0.22;2.69
0.0;0.0;0.0;0.23;2.62
0.0;0.0;0.0;0.03;2.55
0.0;0.0;0.0;-0.11;2.48
0.0;0.0;0.0;-0.3;2.34
0.0;0.0;0.0;-0.4;2.34
65.0;122.46;50.0;-0.28;1.72
144.0;297.43;84.0;0.64;1.17
231.0;672.31;63.0;2.41;1.17
237.0;606.82;77.0;3.03;1.31
217.0;623.58;66.0;3.24;1.17
157.0;546.07;55.0;3.16;0.69
58.0;187.45;39.0;2.87;0.21
0.0;0.0;0.0;2.31;0.34
0.0;0.0;0.0;1.48;0.55
0.0;0.0;0.0;0.86;0.34
0.0;0.0;0.0;-0.03;0.83
0.0;0.0;0.0;-1.86;1.38
0.0;0.0;0.0;-2.86;1.66
0.0;0.0;0.0;-3.36;2.0
0.0;0.0;0.0;-3.27;2.14
0.0;0.0;0.0;-3.08;2.34
0.0;0.0;0.0;-2.78;2.34
0.0;0.0;0.0;-2.49;2.34
0.0;0.0;0.0;-2.15;2.34
0.0;0.0;0.0;-2.01;2.48
0.0;0.0;0.0;-1.96;2.55
0.0;0.0;0.0;-1.95;2.48
0.0;0.0;0.0;-1.92;2.48
0.0;0.0;0.0;-2.06;2.62
64.0;127.22;49.0;-1.32;2.76
56.0;0.0;56.0;0.25;2.9
122.0;57.08;108.0;1.6;2.76
128.0;54.03;114.0;2.78;3.1
138.0;121.98;109.0;3.21;3.24
152.0;520.39;57.0;3.06;3.72
42.0;51.37;37.0;2.31;3.52
0.0;0.0;0.0;1.26;3.38
0.0;0.0;0.0;0.48;3.31
0.0;0.0;0.0;0.16;3.31
0.0;0.0;0.0;0.01;3.31
0.0;0.0;0.0;0.01;3.31
0.0;0.0;0.0;-0.08;3.45
0.0;0.0;0.0;-0.02;3.45
0.0;0.0;0.0;-0.04;3.59
0.0;0.0;0.0;-0.09;3.66
0.0;0.0;0.0;-0.17;3.59
0.0;0.0;0.0;-0.25;3.45
0.0;0.0;0.0;-0.28;3.31
0.0;0.0;0.0;-0.29;3.17
0.0;0.0;0.0;-0.29;3.1
0.0;0.0;0.0;-0.31;3.1
0.0;0.0;0.0;-0.46;3.03
0.0;0.0;0.0;0.11;3.38
66.0;185.21;45.0;0.17;3.31
63.0;5.19;62.0;0.54;2.97
133.0;99.69;109.0;1.2;3.17
208.0;447.61;94.0;1.6;3.17
175.0;342.72;95.0;1.88;3.03
98.0;117.7;77.0;1.95;2.69
49.0;139.18;36.0;1.62;2.34
0.0;0.0;0.0;0.64;2.41
0.0;0.0;0.0;0.03;2.62
0.0;0.0;0.0;-0.31;2.76
0.0;0.0;0.0;-0.32;2.97
0.0;0.0;0.0;-0.63;2.97
0.0;0.0;0.0;-0.73;2.9
0.0;0.0;0.0;-0.84;2.83
0.0;0.0;0.0;-0.98;2.9
0.0;0.0;0.0;-0.72;2.9
0.0;0.0;0.0;-0.46;2.9
0.0;0.0;0.0;-0.14;2.97
0.0;0.0;0.0;0.19;3.03
0.0;0.0;0.0;0.73;3.1
0.0;0.0;0.0;1.14;3.31
0.0;0.0;0.0;1.53;3.52
0.0;0.0;0.0;1.92;3.79
0.0;0.0;0.0;2.0;4.0
9.0;0.0;9.0;2.27;4.14
60.0;5.32;59.0;2.9;4.34
37.0;0.0;37.0;3.69;4.55
61.0;0.0;61.0;4.29;4.69
28.0;0.0;28.0;4.59;4.76
27.0;0.0;27.0;4.74;4.83
5.0;0.0;5.0;4.71;5.03
0.0;0.0;0.0;4.65;5.52
0.0;0.0;0.0;4.68;5.66
0.0;0.0;0.0;4.72;5.66
0.0;0.0;0.0;4.79;5.72
0.0;0.0;0.0;5.3;5.66
0.0;0.0;0.0;5.53;5.59
0.0;0.0;0.0;5.82;5.24
0.0;0.0;0.0;6.21;4.69
0.0;0.0;0.0;6.69;4.28
0.0;0.0;0.0;7.23;4.0
0.0;0.0;0.0;7.78;3.72
0.0;0.0;0.0;8.25;3.72
0.0;0.0;0.0;8.66;3.72
0.0;0.0;0.0;8.96;3.45
0.0;0.0;0.0;9.09;3.38
0.0;0.0;0.0;9.15;3.59
0.0;0.0;0.0;8.81;4.28
13.0;0.0;13.0;9.12;4.55
41.0;0.0;41.0;9.63;4.76
25.0;0.0;25.0;10.14;4.9
61.0;0.0;61.0;10.44;4.83
78.0;8.89;76.0;10.69;5.31
88.0;99.74;71.0;10.36;6.0
37.0;69.88;31.0;9.32;6.14
0.0;0.0;0.0;8.26;6.0
0.0;0.0;0.0;7.59;5.79
0.0;0.0;0.0;7.29;5.59
0.0;0.0;0.0;7.2;5.52
0.0;0.0;0.0;7.24;5.17
0.0;0.0;0.0;6.85;4.97
0.0;0.0;0.0;6.56;4.62
0.0;0.0;0.0;6.39;4.41
0.0;0.0;0.0;6.33;4.21
0.0;0.0;0.0;6.23;4.21
0.0;0.0;0.0;6.26;4.07
0.0;0.0;0.0;6.11;3.59
0.0;0.0;0.0;5.81;3.03
0.0;0.0;0.0;5.55;2.76
0.0;0.0;0.0;5.23;2.83
0.0;0.0;0.0;5.04;3.03
0.0;0.0;0.0;4.93;3.52
26.0;0.0;26.0;5.34;3.79
48.0;0.0;48.0;5.89;4.14
113.0;65.9;98.0;6.57;0.0
90.0;12.4;87.0;7.24;0.0
51.0;0.0;51.0;7.5;5.24
47.0;0.0;47.0;7.79;5.03
10.0;0.0;10.0;7.54;4.69
0.0;0.0;0.0;7.11;4.83
0.0;0.0;0.0;7.54;4.9
0.0;0.0;0.0;7.74;5.38
0.0;0.0;0.0;7.67;5.52
0.0;0.0;0.0;7.24;5.17
0.0;0.0;0.0;6.42;4.48
0.0;0.0;0.0;5.73;4.21
0.0;0.0;0.0;5.3;4.48
0.0;0.0;0.0;5.18;4.69
0.0;0.0;0.0;5.18;4.62
0.0;0.0;0.0;5.15;4.9
0.0;0.0;0.0;5.12;4.62
0.0;0.0;0.0;4.68;4.48
0.0;0.0;0.0;4.49;4.28
0.0;0.0;0.0;4.13;3.79
0.0;0.0;0.0;3.89;3.31
0.0;0.0;0.0;4.24;3.93
49.0;125.06;37.0;4.57;3.93
29.0;0.0;29.0;4.93;3.86
84.0;13.43;81.0;5.58;3.79
140.0;134.59;108.0;6.07;3.86
51.0;0.0;51.0;6.34;4.41
26.0;0.0;26.0;6.6;4.55
11.0;0.0;11.0;6.23;4.07
0.0;0.0;0.0;5.56;4.07
0.0;0.0;0.0;5.22;4.0
0.0;0.0;0.0;4.81;4.14
0.0;0.0;0.0;4.42;4.21
0.0;0.0;0.0;4.06;3.86
0.0;0.0;0.0;4.03;4.07
0.0;0.0;0.0;4.34;4.9
0.0;0.0;0.0;4.73;5.45
0.0;0.0;0.0;5.33;6.76
0.0;0.0;0.0;6.26;6.34
0.0;0.0;0.0;6.68;6.83
0.0;0.0;0.0;6.48;6.9
0.0;0.0;0.0;6.1;6.41
0.0;0.0;0.0;5.7;6.07
0.0;0.0;0.0;5.42;5.79
0.0;0.0;0.0;5.36;5.38
0.0;0.0;0.0;5.19;5.24
52.0;196.14;34.0;5.25;4.69
75.0;40.97;68.0;5.51;4.48
39.0;0.0;39.0;5.56;4.28
33.0;0.0;33.0;5.4;4.14
49.0;0.0;49.0;5.02;4.14
11.0;0.0;11.0;5.21;4.48
49.0;345.12;23.0;5.37;6.0
0.0;0.0;0.0;5.14;5.59
0.0;0.0;0.0;4.58;5.59
0.0;0.0;0.0;4.29;5.86
0.0;0.0;0.0;3.92;6.07
0.0;0.0;0.0;4.11;5.52
0.0;0.0;0.0;4.05;5.59
0.0;0.0;0.0;4.25;5.72
0.0;0.0;0.0;4.24;5.45
0.0;0.0;0.0;4.09;5.31
0.0;0.0;0.0;3.97;5.31
0.0;0.0;0.0;4.07;5.24
0.0;0.0;0.0;4.29;5.24
0.0;0.0;0.0;4.26;5.03
0.0;0.0;0.0;4.16;4.9
0.0;0.0;0.0;3.77;4.76
0.0;0.0;0.0;3.51;4.55
0.0;0.0;0.0;3.55;4.62
14.0;0.0;14.0;3.56;4.76
12.0;0.0;12.0;4.28;5.38
183.0;548.19;65.0;4.83;5.66
145.0;178.38;104.0;5.19;4.97
91.0;33.41;84.0;5.28;5.03
33.0;0.0;33.0;5.14;5.72
15.0;0.0;15.0;5.07;5.38
0.0;0.0;0.0;4.97;4.83
0.0;0.0;0.0;4.89;4.55
0.0;0.0;0.0;4.64;4.34
0.0;0.0;0.0;4.23;4.21
0.0;0.0;0.0;4.35;3.93
0.0;0.0;0.0;3.97;3.72
0.0;0.0;0.0;3.62;3.52
0.0;0.0;0.0;3.28;3.45
0.0;0.0;0.0;3.06;3.45
0.0;0.0;0.0;2.91;3.52
0.0;0.0;0.0;2.99;3.72
0.0;0.0;0.0;3.04;3.86
0.0;0.0;0.0;2.99;3.86
0.0;0.0;0.0;3.03;3.79
0.0;0.0;0.0;3.18;3.93
0.0;0.0;0.0;3.29;4.14
0.0;0.0;0.0;3.48;4.28
25.0;11.96;24.0;3.78;4.62
73.0;49.16;65.0;4.29;5.03
119.0;123.04;93.0;5.04;5.31
57.0;0.0;57.0;5.51;5.72
56.0;0.0;56.0;5.66;6.14
41.0;0.0;41.0;5.67;6.41
4.0;0.0;4.0;5.48;6.76
0.0;0.0;0.0;4.83;7.66
0.0;0.0;0.0;4.66;7.66
0.0;0.0;0.0;4.6;7.17
0.0;0.0;0.0;5.92;7.1
0.0;0.0;0.0;6.15;6.21
0.0;0.0;0.0;7.27;6.69
0.0;0.0;0.0;8.33;7.03
0.0;0.0;0.0;8.72;7.1
0.0;0.0;0.0;8.33;6.34
0.0;0.0;0.0;7.77;5.31
0.0;0.0;0.0;7.44;4.48
0.0;0.0;0.0;7.26;4.28
0.0;0.0;0.0;7.15;4.14
0.0;0.0;0.0;6.86;4.14
0.0;0.0;0.0;6.61;3.86
0.0;0.0;0.0;6.25;3.31
0.0;0.0;0.0;5.87;3.03
39.0;125.5;29.0;5.62;2.83
40.0;0.0;40.0;6.19;2.55
54.0;0.0;54.0;6.75;1.59
53.0;0.0;53.0;6.83;1.31
26.0;0.0;26.0;6.78;2.07
13.0;0.0;13.0;6.9;2.41
7.0;0.0;7.0;6.91;2.69
0.0;0.0;0.0;6.89;3.1
0.0;0.0;0.0;6.97;3.03
0.0;0.0;0.0;7.05;2.62
0.0;0.0;0.0;7.2;2.28
0.0;0.0;0.0;7.38;3.1
0.0;0.0;0.0;7.83;2.97
0.0;0.0;0.0;8.21;3.1
0.0;0.0;0.0;8.43;3.45
0.0;0.0;0.0;8.46;4.21
0.0;0.0;0.0;8.26;4.55
0.0;0.0;0.0;7.92;4.48
0.0;0.0;0.0;7.69;3.93
0.0;0.0;0.0;7.34;3.45
0.0;0.0;0.0;7.12;3.17
0.0;0.0;0.0;7.23;3.03
0.0;0.0;0.0;7.49;2.9
0.0;0.0;0.0;7.57;3.31
27.0;39.57;24.0;7.72;3.17
71.0;64.53;61.0;8.48;3.24
149.0;348.54;78.0;9.22;3.24
163.0;365.78;83.0;9.95;3.38
136.0;276.43;81.0;10.32;3.59
108.0;418.37;47.0;10.46;3.72
32.0;175.0;21.0;10.07;3.52
0.0;0.0;0.0;9.2;3.31
0.0;0.0;0.0;8.31;3.03
0.0;0.0;0.0;7.78;3.03
0.0;0.0;0.0;7.42;3.03
0.0;0.0;0.0;7.44;3.38
0.0;0.0;0.0;7.36;3.45
0.0;0.0;0.0;7.31;3.59
0.0;0.0;0.0;7.27;3.59
0.0;0.0;0.0;7.18;3.66
0.0;0.0;0.0;6.96;3.72
0.0;0.0;0.0;7.18;4.0
0.0;0.0;0.0;7.39;4.14
0.0;0.0;0.0;7.25;4.28
0.0;0.0;0.0;7.29;4.34
0.0;0.0;0.0;7.46;4.34
0.0;0.0;0.0;7.43;4.34
0.0;0.0;0.0;7.26;4.07
46.0;333.22;22.0;7.49;4.34
96.0;224.85;62.0;8.26;4.55
140.0;284.94;83.0;8.91;4.55
195.0;664.49;52.0;9.32;4.62
90.0;51.11;80.0;9.6;4.69
31.0;0.0;31.0;9.63;4.48
11.0;0.0;11.0;9.26;4.28
0.0;0.0;0.0;8.76;4.07
0.0;0.0;0.0;8.09;4.07
0.0;0.0;0.0;7.45;4.14
0.0;0.0;0.0;6.77;4.21
0.0;0.0;0.0;6.29;4.62
0.0;0.0;0.0;5.9;4.76
0.0;0.0;0.0;5.66;4.9
0.0;0.0;0.0;5.46;5.03
0.0;0.0;0.0;5.32;5.03
0.0;0.0;0.0;5.18;4.69
0.0;0.0;0.0;4.97;4.34
0.0;0.0;0.0;4.71;4.07
0.0;0.0;0.0;4.43;3.72
0.0;0.0;0.0;4.24;3.59
0.0;0.0;0.0;4.21;3.31
0.0;0.0;0.0;4.18;3.03
0.0;0.0;0.0;3.83;3.24
25.0;43.91;22.0;4.37;3.38
79.0;115.22;62.0;5.59;3.59
135.0;269.74;82.0;6.94;3.86
119.0;118.04;94.0;7.69;3.93
117.0;171.47;84.0;7.79;4.07
84.0;193.19;57.0;7.71;4.14
25.0;87.25;20.0;7.42;4.0
0.0;0.0;0.0;6.86;3.93
0.0;0.0;0.0;6.48;3.59
0.0;0.0;0.0;6.23;3.31
0.0;0.0;0.0;6.36;3.24
0.0;0.0;0.0;6.33;3.03
0.0;0.0;0.0;6.12;3.03
0.0;0.0;0.0;5.71;2.97
0.0;0.0;0.0;5.51;2.97
0.0;0.0;0.0;5.41;3.03
0.0;0.0;0.0;5.32;3.1
0.0;0.0;0.0;5.46;3.31
0.0;0.0;0.0;5.74;3.52
0.0;0.0;0.0;6.04;3.79
0.0;0.0;0.0;6.43;4.0
0.0;0.0;0.0;6.66;4.21
0.0;0.0;0.0;6.64;4.41
0.0;0.0;0.0;6.57;4.14
34.0;185.45;22.0;6.73;4.21
43.0;6.95;42.0;6.89;4.34
93.0;67.35;80.0;7.28;4.48
106.0;81.53;89.0;7.68;4.9
133.0;316.85;73.0;7.92;5.17
78.0;168.0;55.0;7.73;5.31
13.0;0.0;13.0;7.39;5.45
0.0;0.0;0.0;6.92;5.52
0.0;0.0;0.0;6.66;5.45
0.0;0.0;0.0;6.63;5.45
0.0;0.0;0.0;6.73;5.59
0.0;0.0;0.0;6.54;5.72
0.0;0.0;0.0;6.6;5.72
0.0;0.0;0.0;6.54;5.93
0.0;0.0;0.0;6.83;5.93
0.0;0.0;0.0;7.02;5.86
0.0;0.0;0.0;7.26;5.93
0.0;0.0;0.0;7.45;6.34
0.0;0.0;0.0;7.86;6.48
0.0;0.0;0.0;8.3;6.69
0.0;0.0;0.0;8.53;6.83
0.0;0.0;0.0;8.83;6.97
0.0;0.0;0.0;9.07;7.1
0.0;0.0;0.0;9.01;6.9
7.0;0.0;7.0;9.23;7.17
19.0;0.0;19.0;9.53;7.52
31.0;0.0;31.0;9.56;7.93
97.0;53.58;86.0;9.19;8.21
108.0;144.86;81.0;8.79;8.34
71.0;119.25;55.0;8.36;8.48
20.0;57.44;17.0;7.93;8.41
0.0;0.0;0.0;7.45;8.21
0.0;0.0;0.0;7.03;7.72
0.0;0.0;0.0;6.72;7.38
0.0;0.0;0.0;6.34;7.03
0.0;0.0;0.0;6.21;6.76
0.0;0.0;0.0;6.03;6.41
0.0;0.0;0.0;5.96;5.93
0.0;0.0;0.0;5.87;5.38
0.0;0.0;0.0;5.7;4.97
0.0;0.0;0.0;5.51;4.69
0.0;0.0;0.0;5.36;4.41
0.0;0.0;0.0;5.16;4.07
0.0;0.0;0.0;5.03;3.86
0.0;0.0;0.0;5.06;4.0
0.0;0.0;0.0;5.31;4.55
0.0;0.0;0.0;5.5;5.1
0.0;0.0;0.0;5.21;4.97
27.0;121.22;20.0;5.27;5.1
89.0;240.65;56.0;5.44;4.97
160.0;563.26;55.0;5.83;4.9
172.0;534.01;64.0;6.15;4.69
154.0;523.07;58.0;6.23;4.62
95.0;364.86;47.0;6.03;4.62
19.0;60.16;16.0;5.59;4.69
0.0;0.0;0.0;5.12;4.76
0.0;0.0;0.0;4.9;5.03
0.0;0.0;0.0;4.77;5.31
0.0;0.0;0.0;4.51;5.31
0.0;0.0;0.0;4.09;5.66
0.0;0.0;0.0;3.79;5.45
0.0;0.0;0.0;3.46;5.24
0.0;0.0;0.0;3.18;5.03
0.0;0.0;0.0;2.99;4.9
0.0;0.0;0.0;2.8;4.69
0.0;0.0;0.0;2.64;4.48
0.0;0.0;0.0;2.39;4.21
0.0;0.0;0.0;2.06;3.79
0.0;0.0;0.0;1.68;3.38
0.0;0.0;0.0;1.2;2.97
0.0;0.0;0.0;0.84;2.69
0.0;0.0;0.0;0.25;2.69
23.0;91.9;18.0;-0.02;2.41
85.0;224.12;55.0;0.25;1.93
153.0;529.28;56.0;1.08;1.59
166.0;511.85;64.0;2.01;1.59
142.0;431.45;64.0;2.43;1.79
106.0;550.12;35.0;2.26;2.21
16.0;41.99;14.0;1.61;2.55
0.0;0.0;0.0;0.86;2.83
0.0;0.0;0.0;0.58;0.0
0.0;0.0;0.0;0.6;0.0
0.0;0.0;0.0;0.77;3.52
0.0;0.0;0.0;1.07;3.86
0.0;0.0;0.0;1.38;4.14
0.0;0.0;0.0;1.93;4.41
0.0;0.0;0.0;2.62;4.55
0.0;0.0;0.0;3.06;4.55
0.0;0.0;0.0;3.19;4.41
0.0;0.0;0.0;3.49;4.34
0.0;0.0;0.0;3.7;4.34
0.0;0.0;0.0;4.0;4.21
0.0;0.0;0.0;3.88;4.07
0.0;0.0;0.0;3.54;4.0
0.0;0.0;0.0;3.68;4.21
0.0;0.0;0.0;3.4;4.21
12.0;0.0;12.0;3.71;4.34
101.0;474.43;39.0;4.42;4.55
95.0;99.87;77.0;5.16;4.76
132.0;249.46;83.0;5.61;4.9
98.0;117.87;77.0;5.96;4.9
56.0;55.25;49.0;6.22;5.03
4.0;0.0;4.0;6.52;5.24
0.0;0.0;0.0;6.61;5.66
0.0;0.0;0.0;6.5;5.86
0.0;0.0;0.0;6.37;6.0
0.0;0.0;0.0;6.22;6.07
0.0;0.0;0.0;6.07;5.93
0.0;0.0;0.0;6.48;6.07
0.0;0.0;0.0;6.79;6.21
0.0;0.0;0.0;6.7;6.41
0.0;0.0;0.0;6.55;6.07
0.0;0.0;0.0;6.17;6.14
0.0;0.0;0.0;5.82;6.14
0.0;0.0;0.0;5.73;6.41
0.0;0.0;0.0;5.62;6.48
0.0;0.0;0.0;5.56;6.34
0.0;0.0;0.0;5.53;6.28
0.0;0.0;0.0;5.51;6.62
0.0;0.0;0.0;5.83;6.48
10.0;0.0;10.0;5.94;6.62
23.0;0.0;23.0;6.16;6.55
32.0;0.0;32.0;6.34;6.34
57.0;0.0;57.0;6.5;6.14
91.0;91.09;75.0;6.39;5.79
50.0;40.18;45.0;6.0;5.17
7.0;0.0;7.0;6.02;4.83
0.0;0.0;0.0;5.95;4.62
0.0;0.0;0.0;5.65;3.66
0.0;0.0;0.0;5.8;3.86
0.0;0.0;0.0;5.95;4.06
0.0;0.0;0.0;6.11;4.26
0.0;0.0;0.0;6.26;4.46
0.0;0.0;0.0;6.41;4.66
0.0;0.0;0.0;6.56;4.86
0.0;0.0;0.0;6.72;5.06
0.0;0.0;0.0;6.87;5.26
0.0;0.0;0.0;7.02;5.46
0.0;0.0;0.0;7.17;5.66
0.0;0.0;0.0;7.32;5.86
0.0;0.0;0.0;7.48;6.06
0.0;0.0;0.0;7.63;6.26
0.0;0.0;0.0;7.78;6.47
0.0;0.0;0.0;7.93;6.67
7.0;0.0;7.0;7.94;7.24
21.0;0.0;21.0;8.04;7.24
85.0;74.51;72.0;8.23;7.38
100.0;94.21;82.0;8.39;7.66
89.0;92.34;73.0;8.6;8.0
64.0;122.65;49.0;8.67;8.14
18.0;144.11;12.0;8.51;7.93
0.0;0.0;0.0;8.14;7.72
0.0;0.0;0.0;7.86;7.59
0.0;0.0;0.0;7.62;7.52
0.0;0.0;0.0;7.19;7.59
0.0;0.0;0.0;7.0;6.83
0.0;0.0;0.0;6.46;6.55
0.0;0.0;0.0;5.94;6.07
0.0;0.0;0.0;5.43;5.52
0.0;0.0;0.0;5.05;4.97
0.0;0.0;0.0;4.72;4.48
0.0;0.0;0.0;4.27;4.07
0.0;0.0;0.0;3.76;3.72
0.0;0.0;0.0;3.23;3.45
0.0;0.0;0.0;2.71;3.31
0.0;0.0;0.0;2.37;3.24
0.0;0.0;0.0;2.13;3.31
0.0;0.0;0.0;2.29;3.79
14.0;23.81;13.0;2.29;3.72
77.0;229.9;49.0;2.76;3.52
150.0;605.42;46.0;3.59;3.17
169.0;641.68;48.0;4.36;2.83
130.0;385.95;64.0;4.76;2.55
74.0;216.14;48.0;4.61;2.28
12.0;0.0;12.0;3.95;2.21
0.0;0.0;0.0;3.02;2.34
0.0;0.0;0.0;2.35;2.41
0.0;0.0;0.0;1.92;2.48
0.0;0.0;0.0;1.62;2.41
0.0;0.0;0.0;1.6;2.48
0.0;0.0;0.0;1.21;2.34
0.0;0.0;0.0;0.67;2.07
0.0;0.0;0.0;-0.19;1.72
0.0;0.0;0.0;-1.01;1.72
0.0;0.0;0.0;-1.65;1.93
0.0;0.0;0.0;-2.17;2.14
0.0;0.0;0.0;-1.89;2.34
0.0;0.0;0.0;-1.33;2.55
0.0;0.0;0.0;-0.74;2.69
0.0;0.0;0.0;-0.41;2.69
0.0;0.0;0.0;-0.31;2.62
0.0;0.0;0.0;-0.61;2.9
6.0;0.0;6.0;-0.67;2.9
65.0;134.41;49.0;-0.12;2.69
144.0;573.32;47.0;0.99;2.62
164.0;623.04;48.0;2.11;2.76
44.0;0.0;44.0;2.84;3.03
38.0;8.45;37.0;3.07;3.31
7.0;0.0;7.0;2.9;3.59
0.0;0.0;0.0;2.63;3.59
0.0;0.0;0.0;2.76;3.59
0.0;0.0;0.0;2.89;3.59
0.0;0.0;0.0;3.06;3.66
0.0;0.0;0.0;3.01;3.59
0.0;0.0;0.0;3.31;3.66
0.0;0.0;0.0;3.54;3.72
0.0;0.0;0.0;3.77;3.72
0.0;0.0;0.0;3.98;3.86
0.0;0.0;0.0;4.12;0.0
0.0;0.0;0.0;4.18;0.0
0.0;0.0;0.0;4.23;4.07
0.0;0.0;0.0;4.33;4.14
0.0;0.0;0.0;4.53;4.21
0.0;0.0;0.0;4.56;4.21
0.0;0.0;0.0;4.61;4.28
0.0;0.0;0.0;4.63;4.28
7.0;0.0;7.0;4.7;4.34
56.0;85.91;46.0;5.09;4.48
120.0;341.9;63.0;5.83;4.69
151.0;516.52;56.0;6.32;4.9
138.0;545.41;47.0;6.67;5.03
69.0;197.17;46.0;6.6;5.03
9.0;0.0;9.0;6.27;4.97
0.0;0.0;0.0;5.7;4.9
0.0;0.0;0.0;5.48;4.97
0.0;0.0;0.0;5.36;5.03
0.0;0.0;0.0;5.36;5.1
0.0;0.0;0.0;4.99;4.97
0.0;0.0;0.0;4.89;4.97
0.0;0.0;0.0;4.81;4.97
0.0;0.0;0.0;4.78;4.97
0.0;0.0;0.0;4.8;5.03
0.0;0.0;0.0;4.83;5.1
0.0;0.0;0.0;4.87;5.31
0.0;0.0;0.0;5.11;5.52
0.0;0.0;0.0;5.22;5.79
0.0;0.0;0.0;5.45;6.07
0.0;0.0;0.0;5.68;6.28
0.0;0.0;0.0;5.69;6.41
0.0;0.0;0.0;5.83;6.28
8.0;0.0;8.0;5.85;6.28
65.0;166.85;46.0;6.23;6.34
132.0;504.98;49.0;6.69;6.41
124.0;269.55;75.0;7.13;6.55
100.0;187.93;69.0;7.28;6.55
54.0;78.25;45.0;7.12;6.48
9.0;0.0;9.0;6.71;6.34
0.0;0.0;0.0;6.31;6.07
0.0;0.0;0.0;5.97;0.0
0.0;0.0;0.0;5.72;0.0
0.0;0.0;0.0;5.56;4.76
0.0;0.0;0.0;5.35;4.34
0.0;0.0;0.0;5.16;3.66
0.0;0.0;0.0;4.96;2.97
0.0;0.0;0.0;4.54;2.48
0.0;0.0;0.0;4.0;2.07
0.0;0.0;0.0;3.27;1.52
0.0;0.0;0.0;2.07;1.59
0.0;0.0;0.0;1.55;2.28
0.0;0.0;0.0;1.71;2.55
0.0;0.0;0.0;2.08;2.69
0.0;0.0;0.0;2.22;2.69
0.0;0.0;0.0;2.07;2.55
0.0;0.0;0.0;2.04;2.28
4.0;0.0;4.0;1.81;2.21
64.0;179.43;44.0;1.94;2.14
127.0;450.27;54.0;2.71;2.0
147.0;506.21;56.0;3.69;1.86
116.0;330.91;62.0;4.1;1.86
66.0;185.0;45.0;3.92;1.93
9.0;0.0;9.0;3.21;2.07
0.0;0.0;0.0;2.26;2.34
0.0;0.0;0.0;1.71;2.55
0.0;0.0;0.0;1.55;2.76
0.0;0.0;0.0;1.77;2.83
0.0;0.0;0.0;1.48;2.69
0.0;0.0;0.0;1.71;2.76
0.0;0.0;0.0;2.09;2.69
0.0;0.0;0.0;2.43;2.69
0.0;0.0;0.0;2.85;2.62
0.0;0.0;0.0;3.33;2.76
0.0;0.0;0.0;3.6;2.9
0.0;0.0;0.0;3.82;3.03
0.0;0.0;0.0;3.82;3.31
0.0;0.0;0.0;3.54;3.52
0.0;0.0;0.0;3.08;3.86
0.0;0.0;0.0;2.81;4.0
0.0;0.0;0.0;2.51;3.79
1.0;0.0;1.0;2.65;4.14
26.0;0.0;26.0;2.84;4.34
30.0;0.0;30.0;3.21;4.41
40.0;0.0;40.0;3.84;4.69
29.0;0.0;29.0;4.75;4.9
12.0;0.0;12.0;6.01;5.24
3.0;0.0;3.0;7.66;6.14
0.0;0.0;0.0;8.83;6.34
0.0;0.0;0.0;9.14;6.07
0.0;0.0;0.0;9.22;5.86
0.0;0.0;0.0;9.38;6.0
0.0;0.0;0.0;9.58;5.72
0.0;0.0;0.0;9.73;5.86
0.0;0.0;0.0;9.9;6.07
0.0;0.0;0.0;10.06;6.14
0.0;0.0;0.0;10.22;6.07
0.0;0.0;0.0;10.52;6.28
0.0;0.0;0.0;10.86;6.76
0.0;0.0;0.0;11.11;6.97
0.0;0.0;0.0;11.12;7.1
0.0;0.0;0.0;11.06;7.31
0.0;0.0;0.0;10.98;7.45
0.0;0.0;0.0;10.94;7.59
0.0;0.0;0.0;10.28;7.17
5.0;0.0;5.0;10.03;7.38
61.0;186.94;41.0;10.09;7.66
118.0;405.03;54.0;10.33;7.93
151.0;596.23;46.0;10.55;7.93
103.0;237.45;65.0;10.58;7.52
80.0;414.82;34.0;10.37;6.69
9.0;0.0;9.0;9.82;5.59
0.0;0.0;0.0;9.11;4.69
0.0;0.0;0.0;8.59;4.14
0.0;0.0;0.0;8.34;4.14
0.0;0.0;0.0;8.18;4.41
0.0;0.0;0.0;7.99;4.83
0.0;0.0;0.0;7.69;4.97
0.0;0.0;0.0;7.48;5.24
0.0;0.0;0.0;7.34;5.17
0.0;0.0;0.0;7.19;5.1
0.0;0.0;0.0;7.11;5.03
0.0;0.0;0.0;7.16;5.03
0.0;0.0;0.0;7.24;4.97
0.0;0.0;0.0;7.16;4.9
0.0;0.0;0.0;7.27;5.31
0.0;0.0;0.0;7.3;5.59
0.0;0.0;0.0;7.46;5.93
0.0;0.0;0.0;7.71;5.86
3.0;0.0;3.0;7.7;5.66
28.0;0.0;28.0;7.9;5.52
64.0;32.02;59.0;8.26;5.31
70.0;28.66;65.0;8.45;5.45
17.0;0.0;17.0;8.48;5.38
20.0;0.0;20.0;8.37;5.59
8.0;0.0;8.0;8.0;5.38
0.0;0.0;0.0;7.64;5.17
0.0;0.0;0.0;7.35;4.9
0.0;0.0;0.0;7.25;4.76
0.0;0.0;0.0;7.47;4.62
0.0;0.0;0.0;8.03;4.07
0.0;0.0;0.0;8.42;3.93
0.0;0.0;0.0;9.0;4.28
0.0;0.0;0.0;9.42;4.76
0.0;0.0;0.0;9.58;4.83
0.0;0.0;0.0;9.63;4.76
0.0;0.0;0.0;9.66;4.76
0.0;0.0;0.0;9.73;5.17
0.0;0.0;0.0;9.76;5.52
0.0;0.0;0.0;9.68;5.79
0.0;0.0;0.0;9.5;5.59
0.0;0.0;0.0;9.26;5.24
0.0;0.0;0.0;8.84;4.76
0.0;0.0;0.0;8.66;5.03
36.0;19.42;34.0;8.8;5.31
40.0;0.0;40.0;9.25;5.52
61.0;11.56;59.0;9.5;5.66
18.0;0.0;18.0;9.56;5.93
39.0;27.58;36.0;9.4;5.79
8.0;0.0;8.0;9.14;5.59
0.0;0.0;0.0;8.53;5.24
0.0;0.0;0.0;8.01;4.97
0.0;0.0;0.0;7.69;4.69
0.0;0.0;0.0;7.27;4.55
0.0;0.0;0.0;7.0;4.55
0.0;0.0;0.0;6.9;4.34
0.0;0.0;0.0;6.9;4.14
0.0;0.0;0.0;6.91;3.86
0.0;0.0;0.0;6.92;3.79
0.0;0.0;0.0;7.0;3.59
0.0;0.0;0.0;7.02;3.45
0.0;0.0;0.0;6.99;3.38
0.0;0.0;0.0;6.88;3.31
0.0;0.0;0.0;7.08;3.38
0.0;0.0;0.0;6.85;3.31
0.0;0.0;0.0;6.65;3.45
0.0;0.0;0.0;6.15;4.07
0.0;0.0;0.0;6.42;4.55
40.0;39.55;36.0;6.58;5.03
128.0;569.49;41.0;6.85;5.45
136.0;477.94;54.0;7.14;5.52
104.0;262.36;63.0;7.33;5.31
57.0;138.99;42.0;7.24;4.9
8.0;0.0;8.0;6.88;4.34
0.0;0.0;0.0;6.38;3.66
0.0;0.0;0.0;6.14;2.97
0.0;0.0;0.0;5.81;2.62
0.0;0.0;0.0;5.24;3.24
0.0;0.0;0.0;5.36;3.52
0.0;0.0;0.0;4.82;4.28
0.0;0.0;0.0;4.08;4.69
0.0;0.0;0.0;3.25;4.97
0.0;0.0;0.0;2.78;4.9
0.0;0.0;0.0;2.79;4.21
0.0;0.0;0.0;2.99;3.52
0.0;0.0;0.0;3.19;3.38
0.0;0.0;0.0;3.24;3.31
0.0;0.0;0.0;3.14;3.03
0.0;0.0;0.0;2.96;2.55
0.0;0.0;0.0;2.57;2.28
0.0;0.0;0.0;2.18;2.14
0.0;0.0;0.0;2.06;2.14
37.0;30.17;34.0;2.23;2.14
74.0;72.72;63.0;2.62;2.0
124.0;328.8;68.0;2.85;2.41
104.0;257.6;64.0;2.91;2.76
61.0;177.25;42.0;2.92;2.83
6.0;0.0;6.0;2.65;2.48
0.0;0.0;0.0;2.1;2.34
0.0;0.0;0.0;2.11;2.34
0.0;0.0;0.0;2.04;2.34
0.0;0.0;0.0;1.89;2.48
0.0;0.0;0.0;1.93;2.21
0.0;0.0;0.0;1.75;2.34
0.0;0.0;0.0;1.67;2.55
0.0;0.0;0.0;2.04;2.76
0.0;0.0;0.0;2.02;2.83
0.0;0.0;0.0;1.97;2.9
0.0;0.0;0.0;2.13;2.83
0.0;0.0;0.0;2.4;2.83
0.0;0.0;0.0;2.6;2.97
0.0;0.0;0.0;2.88;3.03
0.0;0.0;0.0;2.97;3.03
0.0;0.0;0.0;3.03;2.97
0.0;0.0;0.0;3.51;3.03
0.0;0.0;0.0;4.02;2.97
35.0;30.66;32.0;4.73;3.03
122.0;533.69;42.0;5.66;3.38
39.0;0.0;39.0;6.48;3.45
44.0;0.0;44.0;7.01;3.38
28.0;0.0;28.0;7.13;3.31
2.0;0.0;2.0;6.8;3.31
0.0;0.0;0.0;6.3;3.17
0.0;0.0;0.0;6.11;3.1
0.0;0.0;0.0;6.28;3.03
0.0;0.0;0.0;6.1;2.9
0.0;0.0;0.0;5.39;2.55
0.0;0.0;0.0;5.14;2.41
0.0;0.0;0.0;5.09;2.21
0.0;0.0;0.0;4.63;2.0
0.0;0.0;0.0;4.03;1.93
0.0;0.0;0.0;3.43;1.93
0.0;0.0;0.0;2.95;2.07
0.0;0.0;0.0;2.5;2.07
0.0;0.0;0.0;1.85;1.79
0.0;0.0;0.0;0.98;1.38
0.0;0.0;0.0;0.67;1.1
0.0;0.0;0.0;0.27;1.03
0.0;0.0;0.0;-0.65;2.62
0.0;0.0;0.0;-0.47;2.48
54.0;165.97;38.0;0.0;2.34
120.0;497.79;46.0;1.31;2.21
143.0;564.82;48.0;2.58;2.14
112.0;344.86;59.0;3.08;1.86
62.0;188.46;42.0;3.03;1.59
7.0;0.0;7.0;1.95;1.24
0.0;0.0;0.0;0.59;1.17
0.0;0.0;0.0;-0.12;1.24
0.0;0.0;0.0;-0.23;1.24
0.0;0.0;0.0;-0.89;1.38
0.0;0.0;0.0;-1.19;1.24
0.0;0.0;0.0;-1.65;1.24
0.0;0.0;0.0;-1.9;1.31
0.0;0.0;0.0;-2.31;1.45
0.0;0.0;0.0;-2.38;1.79
0.0;0.0;0.0;-1.87;1.93
0.0;0.0;0.0;-1.41;2.07
0.0;0.0;0.0;-1.09;2.07
0.0;0.0;0.0;-0.96;2.07
0.0;0.0;0.0;-0.97;2.07
0.0;0.0;0.0;-1.01;2.0
0.0;0.0;0.0;-1.07;2.07
0.0;0.0;0.0;-0.71;1.86
0.0;0.0;0.0;-0.95;2.21
42.0;63.11;36.0;-0.73;2.41
90.0;176.22;64.0;-0.34;2.69
105.0;185.26;74.0;0.27;2.76
55.0;13.06;53.0;0.57;2.76
23.0;0.0;23.0;0.56;2.97
2.0;0.0;2.0;0.25;2.97
0.0;0.0;0.0;-0.16;2.97
0.0;0.0;0.0;-0.48;2.97
0.0;0.0;0.0;-0.65;2.9
0.0;0.0;0.0;-0.74;2.9
0.0;0.0;0.0;-0.22;3.03
0.0;0.0;0.0;0.05;3.03
0.0;0.0;0.0;0.05;2.97
0.0;0.0;0.0;-0.01;2.97
0.0;0.0;0.0;-0.03;3.03
0.0;0.0;0.0;-0.05;3.17
0.0;0.0;0.0;-0.05;3.17
0.0;0.0;0.0;-0.22;3.03
0.0;0.0;0.0;-0.37;2.83
0.0;0.0;0.0;-0.58;2.41
0.0;0.0;0.0;-0.72;2.48
0.0;0.0;0.0;-0.81;2.0
0.0;0.0;0.0;-0.2;2.0
0.0;0.0;0.0;-0.15;2.07
9.0;0.0;9.0;0.02;2.41
32.0;0.0;32.0;0.24;2.69
32.0;0.0;32.0;0.51;2.55
23.0;0.0;23.0;0.61;2.14
19.0;0.0;19.0;0.71;1.86
1.0;0.0;1.0;0.61;1.52
0.0;0.0;0.0;0.49;1.38
0.0;0.0;0.0;0.38;1.31
0.0;0.0;0.0;0.26;1.38
0.0;0.0;0.0;0.22;1.45
0.0;0.0;0.0;0.45;1.52
0.0;0.0;0.0;0.39;1.52
0.0;0.0;0.0;0.25;1.52
0.0;0.0;0.0;0.13;1.45
0.0;0.0;0.0;-0.01;1.31
0.0;0.0;0.0;-0.07;1.1
0.0;0.0;0.0;0.03;1.03
0.0;0.0;0.0;0.12;1.17
0.0;0.0;0.0;0.23;1.38
0.0;0.0;0.0;0.39;1.45
0.0;0.0;0.0;0.45;1.66
0.0;0.0;0.0;0.67;1.93
0.0;0.0;0.0;0.73;2.07
0.0;0.0;0.0;1.17;2.28
20.0;0.0;20.0;1.76;2.62
10.0;0.0;10.0;2.63;2.9
60.0;18.07;57.0;3.16;2.97
36.0;0.0;36.0;3.83;3.24
17.0;0.0;17.0;4.16;3.52
1.0;0.0;1.0;4.46;3.59
0.0;0.0;0.0;4.92;3.52
0.0;0.0;0.0;5.37;3.52
0.0;0.0;0.0;5.88;3.72
0.0;0.0;0.0;6.5;4.0
0.0;0.0;0.0;6.97;4.0
0.0;0.0;0.0;6.71;3.93
0.0;0.0;0.0;6.16;3.93
0.0;0.0;0.0;5.73;3.93
0.0;0.0;0.0;5.96;3.93
0.0;0.0;0.0;6.14;3.79
0.0;0.0;0.0;6.55;3.59
0.0;0.0;0.0;6.34;3.45
0.0;0.0;0.0;5.56;3.1
0.0;0.0;0.0;4.55;2.62
0.0;0.0;0.0;3.6;2.28
0.0;0.0;0.0;2.55;2.34
0.0;0.0;0.0;2.33;2.34
0.0;0.0;0.0;1.84;2.14
51.0;174.26;35.0;2.02;1.72
111.0;448.36;46.0;2.65;1.38
82.0;78.53;69.0;3.46;0.83
44.0;0.0;44.0;3.88;0.41
11.0;0.0;11.0;3.83;0.41
5.0;0.0;5.0;3.53;0.83
0.0;0.0;0.0;2.92;1.31
0.0;0.0;0.0;2.51;1.66
0.0;0.0;0.0;2.35;1.86
0.0;0.0;0.0;2.25;2.07
0.0;0.0;0.0;2.37;1.93
0.0;0.0;0.0;1.97;2.07
0.0;0.0;0.0;2.24;2.28
0.0;0.0;0.0;2.7;2.69
0.0;0.0;0.0;3.29;2.76
0.0;0.0;0.0;4.07;2.9
0.0;0.0;0.0;4.83;2.97
0.0;0.0;0.0;5.53;3.24
0.0;0.0;0.0;5.94;3.45
0.0;0.0;0.0;6.18;3.52
0.0;0.0;0.0;6.2;3.45
0.0;0.0;0.0;6.26;3.45
0.0;0.0;0.0;6.25;3.1
0.0;0.0;0.0;6.17;2.97
39.0;65.95;33.0;6.25;3.03
33.0;0.0;33.0;6.42;3.24
51.0;6.05;50.0;6.66;3.45
31.0;0.0;31.0;6.89;3.52
14.0;0.0;14.0;6.97;3.31
1.0;0.0;1.0;6.91;3.03
0.0;0.0;0.0;6.69;2.97
0.0;0.0;0.0;6.57;3.03
0.0;0.0;0.0;6.44;3.17
0.0;0.0;0.0;6.36;3.24
0.0;0.0;0.0;5.79;3.24
0.0;0.0;0.0;5.72;3.24
0.0;0.0;0.0;5.59;3.24
0.0;0.0;0.0;5.36;3.31
0.0;0.0;0.0;5.18;3.52
0.0;0.0;0.0;5.09;3.52
0.0;0.0;0.0;4.89;3.38
0.0;0.0;0.0;4.8;3.31
0.0;0.0;0.0;4.68;3.24
0.0;0.0;0.0;4.38;3.17
0.0;0.0;0.0;4.15;3.17
0.0;0.0;0.0;3.94;3.17
0.0;0.0;0.0;3.7;3.1
0.0;0.0;0.0;3.41;3.1
14.0;0.0;14.0;3.07;3.03
26.0;0.0;26.0;2.94;2.83
29.0;0.0;29.0;2.87;2.97
29.0;0.0;29.0;2.74;3.03
19.0;0.0;19.0;2.48;3.1
1.0;0.0;1.0;2.05;2.9
0.0;0.0;0.0;1.54;2.9
0.0;0.0;0.0;1.33;3.38
0.0;0.0;0.0;1.3;3.93
0.0;0.0;0.0;1.17;3.86
0.0;0.0;0.0;1.25;4.0
0.0;0.0;0.0;1.24;3.72
0.0;0.0;0.0;1.17;4.07
0.0;0.0;0.0;0.94;4.48
0.0;0.0;0.0;0.75;5.03
0.0;0.0;0.0;0.47;5.03
0.0;0.0;0.0;0.08;4.55
0.0;0.0;0.0;-0.12;3.93
0.0;0.0;0.0;-0.21;3.59
0.0;0.0;0.0;-0.24;3.31
0.0;0.0;0.0;-0.22;3.93
0.0;0.0;0.0;0.0;3.93
0.0;0.0;0.0;0.23;4.0
0.0;0.0;0.0;0.41;4.97
8.0;0.0;8.0;1.33;5.1
21.0;0.0;21.0;2.75;5.38
99.0;175.83;70.0;4.18;5.72
82.0;118.2;64.0;5.35;5.45
25.0;0.0;25.0;5.85;5.66
2.0;0.0;2.0;5.99;6.28
0.0;0.0;0.0;5.91;6.48
0.0;0.0;0.0;6.2;6.07
0.0;0.0;0.0;6.8;5.59
0.0;0.0;0.0;7.04;5.24
0.0;0.0;0.0;6.95;5.52
0.0;0.0;0.0;6.91;5.66
0.0;0.0;0.0;6.96;5.59
0.0;0.0;0.0;6.93;5.59
0.0;0.0;0.0;6.85;5.45
0.0;0.0;0.0;6.74;4.69
0.0;0.0;0.0;6.28;3.86
0.0;0.0;0.0;5.72;3.59
0.0;0.0;0.0;5.45;3.72
0.0;0.0;0.0;5.06;3.86
0.0;0.0;0.0;4.82;4.0
0.0;0.0;0.0;4.56;4.0
0.0;0.0;0.0;4.13;3.86
0.0;0.0;0.0;4.17;4.0
52.0;224.05;32.0;4.35;4.21
114.0;502.14;42.0;4.85;4.41
131.0;478.81;52.0;5.36;4.76
101.0;262.1;61.0;5.76;4.9
58.0;149.41;42.0;6.02;5.17
7.0;0.0;7.0;5.84;5.31
0.0;0.0;0.0;5.59;5.45
0.0;0.0;0.0;5.65;5.59
0.0;0.0;0.0;5.57;5.52
0.0;0.0;0.0;5.74;5.59
0.0;0.0;0.0;5.45;5.45
0.0;0.0;0.0;5.46;5.45
0.0;0.0;0.0;5.53;5.31
0.0;0.0;0.0;5.46;5.24
0.0;0.0;0.0;5.46;5.52
0.0;0.0;0.0;5.41;5.66
0.0;0.0;0.0;5.27;5.1
0.0;0.0;0.0;5.07;4.69
0.0;0.0;0.0;4.74;4.55
0.0;0.0;0.0;4.24;4.21
0.0;0.0;0.0;3.91;4.0
0.0;0.0;0.0;3.78;4.14
0.0;0.0;0.0;3.9;3.79
0.0;0.0;0.0;3.57;3.72
45.0;134.91;33.0;3.71;3.79
105.0;390.73;49.0;4.28;3.79
130.0;472.18;52.0;4.89;4.21
121.0;489.95;46.0;5.52;4.41
43.0;37.11;39.0;5.8;4.62
1.0;0.0;1.0;5.73;4.83
0.0;0.0;0.0;5.9;4.97
0.0;0.0;0.0;5.96;5.66
0.0;0.0;0.0;5.96;6.28
0.0;0.0;0.0;5.91;6.41
0.0;0.0;0.0;6.47;7.03
0.0;0.0;0.0;6.98;7.52
0.0;0.0;0.0;7.51;8.21
0.0;0.0;0.0;7.22;8.83
0.0;0.0;0.0;7.12;9.52
0.0;0.0;0.0;7.41;8.62
0.0;0.0;0.0;7.4;7.72
0.0;0.0;0.0;6.86;7.31
0.0;0.0;0.0;6.23;6.76
0.0;0.0;0.0;5.63;6.34
0.0;0.0;0.0;5.11;6.41
0.0;0.0;0.0;5.06;6.14
0.0;0.0;0.0;5.37;5.86
0.0;0.0;0.0;5.26;6.0
7.0;0.0;7.0;5.27;6.69
23.0;0.0;23.0;5.21;7.03
140.0;579.97;44.0;4.97;7.93
16.0;0.0;16.0;4.88;6.0
8.0;0.0;8.0;5.28;5.59
9.0;0.0;9.0;4.91;6.14
0.0;0.0;0.0;4.24;6.0
0.0;0.0;0.0;4.16;6.21
0.0;0.0;0.0;3.81;5.86
0.0;0.0;0.0;3.68;5.45
0.0;0.0;0.0;3.21;5.24
0.0;0.0;0.0;3.14;5.38
0.0;0.0;0.0;3.37;5.45
0.0;0.0;0.0;3.34;5.79
0.0;0.0;0.0;3.31;6.07
0.0;0.0;0.0;3.71;6.48
0.0;0.0;0.0;4.13;6.21
0.0;0.0;0.0;4.52;6.14
0.0;0.0;0.0;4.58;6.07
0.0;0.0;0.0;4.62;5.86
0.0;0.0;0.0;4.7;5.38
0.0;0.0;0.0;5.03;5.31
0.0;0.0;0.0;5.62;5.24
0.0;0.0;0.0;5.71;4.69
18.0;0.0;18.0;5.99;3.79
41.0;0.0;41.0;6.54;3.79
57.0;12.05;55.0;7.2;4.55
41.0;0.0;41.0;8.65;5.52
12.0;0.0;12.0;9.88;6.41
5.0;0.0;5.0;10.19;6.55
0.0;0.0;0.0;10.07;6.62
0.0;0.0;0.0;9.76;6.69
0.0;0.0;0.0;9.49;6.83
0.0;0.0;0.0;9.56;7.03
0.0;0.0;0.0;9.89;7.1
0.0;0.0;0.0;10.28;7.1
0.0;0.0;0.0;10.49;7.52
0.0;0.0;0.0;10.58;7.93
0.0;0.0;0.0;10.59;8.0
0.0;0.0;0.0;10.41;7.66
0.0;0.0;0.0;9.94;7.38
0.0;0.0;0.0;8.96;7.24
0.0;0.0;0.0;7.38;6.28
0.0;0.0;0.0;6.32;4.9
0.0;0.0;0.0;5.94;4.48
0.0;0.0;0.0;5.66;4.97
0.0;0.0;0.0;5.47;5.24
0.0;0.0;0.0;5.56;6.0
59.0;349.16;28.0;5.44;7.31
85.0;180.66;59.0;4.87;8.34
100.0;180.09;70.0;4.54;6.9
87.0;141.7;65.0;3.9;7.31
13.0;0.0;13.0;4.27;7.1
1.0;0.0;1.0;3.73;7.38
0.0;0.0;0.0;3.72;7.52
0.0;0.0;0.0;4.04;7.79
0.0;0.0;0.0;4.31;8.55
0.0;0.0;0.0;4.78;10.21
0.0;0.0;0.0;3.99;12.48
0.0;0.0;0.0;5.9;12.28
0.0;0.0;0.0;6.68;12.62
0.0;0.0;0.0;6.82;12.41
0.0;0.0;0.0;7.01;12.48
0.0;0.0;0.0;6.85;12.28
0.0;0.0;0.0;6.6;11.86
0.0;0.0;0.0;6.46;11.1
0.0;0.0;0.0;6.23;10.48
0.0;0.0;0.0;5.95;10.28
0.0;0.0;0.0;5.77;9.66
0.0;0.0;0.0;5.58;8.48
0.0;0.0;0.0;5.5;7.03
0.0;0.0;0.0;5.2;6.28
64.0;427.02;26.0;5.04;6.07
114.0;491.77;43.0;5.23;5.93
96.0;137.46;73.0;5.52;5.93
69.0;44.8;62.0;5.7;5.72
42.0;26.8;39.0;5.77;5.38
6.0;0.0;6.0;5.89;5.1
0.0;0.0;0.0;5.96;4.97
0.0;0.0;0.0;5.72;4.9
0.0;0.0;0.0;5.65;4.76
0.0;0.0;0.0;5.59;4.28
0.0;0.0;0.0;5.8;3.72
0.0;0.0;0.0;5.92;3.52
0.0;0.0;0.0;5.73;2.9
0.0;0.0;0.0;5.41;2.69
0.0;0.0;0.0;5.28;2.76
0.0;0.0;0.0;5.21;3.03
0.0;0.0;0.0;5.3;3.45
0.0;0.0;0.0;5.49;3.79
0.0;0.0;0.0;5.76;4.0
0.0;0.0;0.0;5.88;4.07
0.0;0.0;0.0;5.92;4.34
0.0;0.0;0.0;5.95;4.48
0.0;0.0;0.0;5.61;3.72
0.0;0.0;0.0;5.49;3.52
42.0;100.76;33.0;5.5;3.24
87.0;186.24;60.0;6.06;3.24
57.0;11.89;55.0;6.71;3.45
44.0;0.0;44.0;6.9;3.72
10.0;0.0;10.0;6.72;3.72
2.0;0.0;2.0;6.24;3.45
0.0;0.0;0.0;5.87;3.1
0.0;0.0;0.0;5.71;3.1
0.0;0.0;0.0;5.66;3.17
0.0;0.0;0.0;5.66;3.38
0.0;0.0;0.0;5.52;3.66
0.0;0.0;0.0;5.54;4.0
0.0;0.0;0.0;5.4;4.28
0.0;0.0;0.0;5.39;4.34
0.0;0.0;0.0;5.34;4.28
0.0;0.0;0.0;5.3;4.21
0.0;0.0;0.0;4.97;4.07
0.0;0.0;0.0;4.47;4.0
0.0;0.0;0.0;4.24;3.93
0.0;0.0;0.0;4.06;3.93
0.0;0.0;0.0;4.15;4.0
0.0;0.0;0.0;4.17;4.07
0.0;0.0;0.0;4.06;4.21
0.0;0.0;0.0;4.79;4.34
23.0;0.0;23.0;5.64;4.62
69.0;68.63;59.0;6.42;4.9
75.0;41.38;68.0;7.02;5.03
23.0;0.0;23.0;7.2;5.03
13.0;0.0;13.0;7.21;4.97
2.0;0.0;2.0;6.96;4.9
0.0;0.0;0.0;6.58;4.9
0.0;0.0;0.0;6.33;4.9
0.0;0.0;0.0;5.98;4.9
0.0;0.0;0.0;5.93;4.9
0.0;0.0;0.0;5.63;4.97
0.0;0.0;0.0;5.54;5.03
0.0;0.0;0.0;5.56;5.03
0.0;0.0;0.0;5.58;4.97
0.0;0.0;0.0;5.56;4.97
0.0;0.0;0.0;5.5;4.9
0.0;0.0;0.0;5.39;4.9
0.0;0.0;0.0;5.37;4.83
0.0;0.0;0.0;5.56;4.69
0.0;0.0;0.0;5.46;4.55
0.0;0.0;0.0;5.56;4.48
0.0;0.0;0.0;5.82;4.62
0.0;0.0;0.0;6.1;4.55
0.0;0.0;0.0;6.41;4.83
17.0;0.0;17.0;6.57;4.97
33.0;0.0;33.0;6.75;4.97
47.0;0.0;47.0;7.01;5.1
27.0;0.0;27.0;7.15;5.66
30.0;0.0;30.0;7.31;5.86
3.0;0.0;3.0;7.32;6.14
0.0;0.0;0.0;7.21;6.21
0.0;0.0;0.0;7.39;6.07
0.0;0.0;0.0;7.6;5.93
0.0;0.0;0.0;7.76;5.86
0.0;0.0;0.0;7.89;5.93
0.0;0.0;0.0;8.11;6.0
0.0;0.0;0.0;8.35;6.07
0.0;0.0;0.0;8.49;6.14
0.0;0.0;0.0;8.59;6.14
0.0;0.0;0.0;8.6;6.28
0.0;0.0;0.0;8.53;6.41
0.0;0.0;0.0;8.52;6.55
0.0;0.0;0.0;8.43;6.62
0.0;0.0;0.0;8.35;6.62
0.0;0.0;0.0;8.41;6.69
0.0;0.0;0.0;8.54;6.76
0.0;0.0;0.0;8.61;6.9
0.0;0.0;0.0;8.81;6.97
22.0;0.0;22.0;9.07;7.03
42.0;0.0;42.0;9.28;6.97
40.0;0.0;40.0;9.41;6.9
30.0;0.0;30.0;9.43;6.9
23.0;0.0;23.0;9.41;7.1
5.0;0.0;5.0;9.27;7.17
0.0;0.0;0.0;9.05;7.03
0.0;0.0;0.0;10.17;7.2
0.0;0.0;0.0;9.57;6.91
0.0;0.0;0.0;8.96;6.62
0.0;0.0;0.0;8.35;6.32
0.0;0.0;0.0;7.74;6.03
0.0;0.0;0.0;7.14;5.74
0.0;0.0;0.0;6.53;5.44
0.0;0.0;0.0;5.92;5.15
