ghi;dni;dhi;temp_air;ws10
0.0;0.0;0.0;-0.81;2.11
0.0;0.0;0.0;-0.22;2.26
0.0;0.0;0.0;0.37;2.4
0.0;0.0;0.0;0.96;2.54
0.0;0.0;0.0;1.55;2.68
0.0;0.0;0.0;2.13;2.82
0.0;0.0;0.0;2.72;2.97
0.0;0.0;0.0;3.31;3.11
38.0;0.0;38.0;2.94;2.9
42.0;0.0;42.0;3.4;2.97
23.0;0.0;23.0;3.93;3.1
65.0;0.0;65.0;4.37;3.17
33.0;0.0;33.0;4.41;3.45
23.0;0.0;23.0;4.49;3.52
6.0;0.0;6.0;4.28;3.45
0.0;0.0;0.0;4.14;3.31
0.0;0.0;0.0;4.08;3.24
0.0;0.0;0.0;3.88;3.03
0.0;0.0;0.0;3.62;2.97
0.0;0.0;0.0;3.81;3.03
0.0;0.0;0.0;3.8;2.97
0.0;0.0;0.0;3.73;2.76
0.0;0.0;0.0;3.67;2.62
0.0;0.0;0.0;3.59;2.62
0.0;0.0;0.0;3.52;2.62
0.0;0.0;0.0;3.36;2.97
0.0;0.0;0.0;3.19;3.45
0.0;0.0;0.0;2.66;3.59
0.0;0.0;0.0;2.18;3.38
0.0;0.0;0.0;2.38;3.52
0.0;0.0;0.0;2.72;4.0
0.0;0.0;0.0;3.97;4.97
110.0;459.64;34.0;4.81;5.03
91.0;16.37;87.0;5.52;5.24
26.0;0.0;26.0;6.04;5.59
43.0;0.0;43.0;5.73;5.72
24.0;0.0;24.0;5.49;5.72
30.0;0.0;30.0;5.62;5.24
20.0;0.0;20.0;5.53;4.83
0.0;0.0;0.0;4.79;5.17
0.0;0.0;0.0;3.87;5.03
0.0;0.0;0.0;2.97;4.83
0.0;0.0;0.0;2.3;4.83
0.0;0.0;0.0;1.77;4.62
0.0;0.0;0.0;1.32;4.55
0.0;0.0;0.0;1.05;4.69
0.0;0.0;0.0;0.87;5.03
0.0;0.0;0.0;0.67;5.45
0.0;0.0;0.0;0.4;5.66
0.0;0.0;0.0;0.21;5.59
0.0;0.0;0.0;0.12;5.59
0.0;0.0;0.0;0.14;5.66
0.0;0.0;0.0;0.58;5.86
0.0;0.0;0.0;0.88;6.07
0.0;0.0;0.0;1.19;6.28
0.0;0.0;0.0;0.81;6.62
85.0;180.6;55.0;1.16;6.62
39.0;0.0;39.0;1.32;6.0
124.0;27.79;116.0;1.38;5.17
99.0;3.44;98.0;1.87;5.93
122.0;35.61;113.0;1.99;5.24
23.0;0.0;23.0;2.11;5.86
15.0;0.0;15.0;1.91;5.72
0.0;0.0;0.0;1.34;5.38
0.0;0.0;0.0;0.58;5.17
0.0;0.0;0.0;0.67;5.79
0.0;0.0;0.0;0.66;6.0
0.0;0.0;0.0;0.89;5.45
0.0;0.0;0.0;0.5;5.17
0.0;0.0;0.0;0.24;4.76
0.0;0.0;0.0;0.19;4.48
0.0;0.0;0.0;0.5;4.48
0.0;0.0;0.0;0.89;4.34
0.0;0.0;0.0;1.0;4.28
0.0;0.0;0.0;1.12;4.41
0.0;0.0;0.0;1.38;5.03
0.0;0.0;0.0;1.66;6.28
0.0;0.0;0.0;1.92;6.9
0.0;0.0;0.0;2.07;7.03
0.0;0.0;0.0;2.26;6.9
21.0;0.0;21.0;2.1;6.83
100.0;32.43;92.0;2.44;6.9
46.0;0.0;46.0;2.94;7.1
72.0;0.0;72.0;3.28;7.17
48.0;0.0;48.0;3.62;7.03
49.0;0.0;49.0;4.04;7.24
7.0;0.0;7.0;4.44;7.45
0.0;0.0;0.0;4.59;7.38
0.0;0.0;0.0;4.61;7.17
0.0;0.0;0.0;4.59;7.1
0.0;0.0;0.0;4.58;6.97
0.0;0.0;0.0;4.81;6.28
0.0;0.0;0.0;4.68;6.0
0.0;0.0;0.0;4.56;5.86
0.0;0.0;0.0;4.35;5.86
0.0;0.0;0.0;4.17;5.93
0.0;0.0;0.0;3.79;5.86
0.0;0.0;0.0;3.46;5.66
0.0;0.0;0.0;3.15;5.59
0.0;0.0;0.0;2.95;5.59
0.0;0.0;0.0;2.98;5.59
0.0;0.0;0.0;3.03;5.38
0.0;0.0;0.0;3.08;5.31
0.0;0.0;0.0;3.59;5.31
28.0;0.0;28.0;3.81;5.31
149.0;189.52;102.0;4.05;5.52
28.0;0.0;28.0;4.45;5.66
31.0;0.0;31.0;5.02;5.72
23.0;0.0;23.0;4.94;5.45
25.0;0.0;25.0;4.89;5.38
10.0;0.0;10.0;4.72;4.97
0.0;0.0;0.0;4.41;4.69
0.0;0.0;0.0;4.23;4.55
0.0;0.0;0.0;3.79;4.14
0.0;0.0;0.0;3.92;4.07
0.0;0.0;0.0;4.0;3.66
0.0;0.0;0.0;3.9;3.38
0.0;0.0;0.0;3.69;3.24
0.0;0.0;0.0;3.35;3.1
0.0;0.0;0.0;3.21;3.24
0.0;0.0;0.0;3.09;3.31
0.0;0.0;0.0;2.78;3.17
0.0;0.0;0.0;2.73;3.03
0.0;0.0;0.0;2.68;2.83
0.0;0.0;0.0;2.44;2.83
0.0;0.0;0.0;2.54;2.9
0.0;0.0;0.0;2.73;2.9
0.0;0.0;0.0;3.14;2.83
15.0;0.0;15.0;3.58;2.97
25.0;0.0;25.0;4.45;4.07
24.0;0.0;24.0;4.57;4.55
30.0;0.0;30.0;4.69;4.0
26.0;0.0;26.0;4.63;4.28
16.0;0.0;16.0;4.54;4.55
17.0;0.0;17.0;4.36;4.76
0.0;0.0;0.0;4.09;5.52
0.0;0.0;0.0;4.13;6.28
0.0;0.0;0.0;4.04;6.83
0.0;0.0;0.0;3.41;6.34
0.0;0.0;0.0;3.0;5.59
0.0;0.0;0.0;2.67;5.17
0.0;0.0;0.0;2.43;4.9
0.0;0.0;0.0;2.63;5.1
0.0;0.0;0.0;2.71;4.83
0.0;0.0;0.0;2.5;4.55
0.0;0.0;0.0;2.22;4.28
0.0;0.0;0.0;1.58;3.79
0.0;0.0;0.0;1.01;3.59
0.0;0.0;0.0;0.74;3.79
0.0;0.0;0.0;0.71;4.14
0.0;0.0;0.0;1.2;4.41
0.0;0.0;0.0;2.42;4.76
44.0;5.87;43.0;3.1;4.97
82.0;7.97;80.0;3.78;5.24
97.0;3.39;96.0;4.93;5.31
80.0;0.0;80.0;5.73;5.1
86.0;0.0;86.0;6.25;5.24
121.0;144.09;94.0;6.61;5.79
82.0;584.54;35.0;6.7;5.45
0.0;0.0;0.0;6.29;5.38
0.0;0.0;0.0;6.1;5.59
0.0;0.0;0.0;5.88;5.59
0.0;0.0;0.0;5.98;5.52
0.0;0.0;0.0;6.08;5.31
0.0;0.0;0.0;6.26;5.31
0.0;0.0;0.0;5.89;5.03
0.0;0.0;0.0;5.77;4.83
0.0;0.0;0.0;5.37;4.48
0.0;0.0;0.0;4.99;4.28
0.0;0.0;0.0;4.94;4.07
0.0;0.0;0.0;4.41;3.79
0.0;0.0;0.0;4.02;3.66
0.0;0.0;0.0;3.9;3.52
0.0;0.0;0.0;3.43;3.24
0.0;0.0;0.0;3.15;3.03
0.0;0.0;0.0;3.5;3.17
97.0;261.96;52.0;4.66;3.24
179.0;352.18;90.0;7.38;4.07
217.0;313.52;124.0;9.8;4.62
290.0;738.63;68.0;11.47;4.97
260.0;734.26;66.0;12.47;6.14
201.0;831.24;43.0;12.83;6.21
88.0;661.01;33.0;12.46;6.14
0.0;0.0;0.0;11.75;6.07
0.0;0.0;0.0;11.46;6.21
0.0;0.0;0.0;11.38;6.34
0.0;0.0;0.0;11.27;6.62
0.0;0.0;0.0;11.45;7.31
0.0;0.0;0.0;11.37;7.52
0.0;0.0;0.0;10.98;7.59
0.0;0.0;0.0;10.35;7.59
0.0;0.0;0.0;9.77;7.79
0.0;0.0;0.0;9.15;7.52
0.0;0.0;0.0;8.55;7.17
0.0;0.0;0.0;8.1;6.83
0.0;0.0;0.0;7.66;6.14
0.0;0.0;0.0;7.37;5.52
0.0;0.0;0.0;6.92;5.17
0.0;0.0;0.0;6.39;5.1
0.0;0.0;0.0;6.13;4.97
113.0;421.27;40.0;5.98;5.03
190.0;420.39;83.0;6.62;4.55
171.0;113.8;137.0;7.12;5.93
278.0;610.64;93.0;7.56;6.55
258.0;674.55;78.0;7.75;6.41
189.0;658.44;62.0;7.73;6.07
98.0;801.37;29.0;7.23;5.72
0.0;0.0;0.0;6.49;5.86
0.0;0.0;0.0;6.03;6.0
0.0;0.0;0.0;5.85;6.0
0.0;0.0;0.0;5.49;5.79
0.0;0.0;0.0;5.35;5.72
0.0;0.0;0.0;4.99;5.17
0.0;0.0;0.0;4.58;4.83
0.0;0.0;0.0;4.1;4.48
0.0;0.0;0.0;3.66;4.07
0.0;0.0;0.0;3.18;3.72
0.0;0.0;0.0;2.68;3.38
0.0;0.0;0.0;2.39;3.17
0.0;0.0;0.0;2.1;3.03
0.0;0.0;0.0;1.79;2.9
0.0;0.0;0.0;1.46;2.97
0.0;0.0;0.0;1.29;3.03
0.0;0.0;0.0;2.57;3.66
111.0;405.92;40.0;4.19;4.28
158.0;210.55;104.0;6.26;4.83
269.0;654.49;72.0;7.98;4.48
294.0;746.38;66.0;9.32;5.03
265.0;745.58;64.0;10.12;4.76
171.0;464.8;80.0;10.35;5.52
53.0;67.35;47.0;9.88;4.97
0.0;0.0;0.0;8.87;4.55
0.0;0.0;0.0;8.03;4.28
0.0;0.0;0.0;7.4;3.93
0.0;0.0;0.0;6.84;3.66
0.0;0.0;0.0;6.57;3.38
0.0;0.0;0.0;6.14;3.38
0.0;0.0;0.0;5.7;3.31
0.0;0.0;0.0;5.17;3.1
0.0;0.0;0.0;4.47;2.83
0.0;0.0;0.0;3.67;2.83
0.0;0.0;0.0;3.34;3.17
0.0;0.0;0.0;3.4;3.45
0.0;0.0;0.0;3.53;3.52
0.0;0.0;0.0;3.46;3.45
0.0;0.0;0.0;3.3;3.38
0.0;0.0;0.0;3.08;3.31
0.0;0.0;0.0;3.04;3.45
117.0;441.54;39.0;4.1;3.24
220.0;645.97;53.0;6.09;3.17
288.0;758.18;58.0;7.67;3.66
303.0;772.46;65.0;8.37;4.14
277.0;796.51;60.0;8.61;3.93
200.0;714.33;58.0;8.53;3.45
95.0;618.39;38.0;7.71;3.03
0.0;0.0;0.0;6.15;2.83
0.0;0.0;0.0;5.33;2.62
0.0;0.0;0.0;5.11;2.48
0.0;0.0;0.0;4.85;2.48
0.0;0.0;0.0;3.72;2.55
0.0;0.0;0.0;3.98;2.41
0.0;0.0;0.0;3.73;2.34
0.0;0.0;0.0;3.39;2.21
0.0;0.0;0.0;3.02;2.14
0.0;0.0;0.0;2.09;2.14
0.0;0.0;0.0;1.08;2.0
0.0;0.0;0.0;0.17;1.86
0.0;0.0;0.0;-0.75;1.72
0.0;0.0;0.0;-1.31;1.59
0.0;0.0;0.0;-1.81;1.72
0.0;0.0;0.0;-2.24;1.86
0.0;0.0;0.0;-1.77;2.14
123.0;498.54;34.0;-0.21;1.86
220.0;636.74;54.0;2.77;1.79
286.0;742.23;59.0;5.27;1.93
303.0;765.65;65.0;7.14;2.34
277.0;787.97;60.0;8.23;2.62
192.0;609.25;69.0;8.29;3.03
98.0;639.77;37.0;7.79;2.97
0.0;0.0;0.0;6.33;2.76
0.0;0.0;0.0;5.76;2.55
0.0;0.0;0.0;5.27;2.62
0.0;0.0;0.0;5.16;2.69
0.0;0.0;0.0;5.58;2.9
0.0;0.0;0.0;5.57;2.9
0.0;0.0;0.0;5.55;2.9
0.0;0.0;0.0;5.52;2.83
0.0;0.0;0.0;5.56;2.9
0.0;0.0;0.0;5.49;2.9
0.0;0.0;0.0;5.59;2.97
0.0;0.0;0.0;5.64;3.03
0.0;0.0;0.0;5.67;3.03
0.0;0.0;0.0;5.61;2.83
0.0;0.0;0.0;5.38;2.55
0.0;0.0;0.0;5.19;0.0
1.0;0.0;1.0;5.27;0.0
40.0;0.0;40.0;5.3;2.55
43.0;0.0;43.0;5.43;2.62
39.0;0.0;39.0;5.58;2.62
45.0;0.0;45.0;5.57;2.48
149.0;64.64;131.0;5.69;2.48
49.0;0.0;49.0;5.58;3.03
20.0;0.0;20.0;5.17;3.31
0.0;0.0;0.0;4.69;3.45
0.0;0.0;0.0;3.78;3.66
0.0;0.0;0.0;3.04;3.24
0.0;0.0;0.0;2.25;2.97
0.0;0.0;0.0;1.99;3.38
0.0;0.0;0.0;1.33;3.59
0.0;0.0;0.0;0.85;3.59
0.0;0.0;0.0;0.42;3.59
0.0;0.0;0.0;0.21;3.66
0.0;0.0;0.0;0.05;3.79
0.0;0.0;0.0;-0.25;3.79
0.0;0.0;0.0;-0.12;3.79
0.0;0.0;0.0;-0.03;3.72
0.0;0.0;0.0;-0.06;3.59
0.0;0.0;0.0;-0.12;3.52
0.0;0.0;0.0;-0.35;3.45
6.0;0.0;6.0;0.67;3.79
44.0;0.0;44.0;0.88;3.86
62.0;0.0;62.0;1.1;4.9
59.0;0.0;59.0;1.89;5.79
28.0;0.0;28.0;2.26;5.1
38.0;0.0;38.0;2.35;5.38
65.0;0.0;65.0;2.41;5.52
18.0;0.0;18.0;2.0;4.28
0.0;0.0;0.0;1.42;4.0
0.0;0.0;0.0;1.31;4.14
0.0;0.0;0.0;1.15;4.21
0.0;0.0;0.0;0.92;4.14
0.0;0.0;0.0;1.17;4.9
0.0;0.0;0.0;0.99;4.97
0.0;0.0;0.0;0.78;4.97
0.0;0.0;0.0;0.73;4.69
0.0;0.0;0.0;0.55;4.21
0.0;0.0;0.0;0.21;3.93
0.0;0.0;0.0;0.25;3.79
0.0;0.0;0.0;0.25;3.66
0.0;0.0;0.0;0.24;3.45
0.0;0.0;0.0;0.35;3.52
0.0;0.0;0.0;0.39;3.31
0.0;0.0;0.0;0.39;3.1
2.0;0.0;2.0;0.2;2.97
47.0;5.41;46.0;0.31;2.9
82.0;3.73;81.0;0.63;2.83
91.0;0.0;91.0;0.99;3.24
38.0;0.0;38.0;1.47;3.59
26.0;0.0;26.0;1.9;3.79
19.0;0.0;19.0;2.06;3.66
17.0;0.0;17.0;1.76;2.9
0.0;0.0;0.0;1.05;2.69
0.0;0.0;0.0;-0.37;2.55
0.0;0.0;0.0;-0.66;2.55
0.0;0.0;0.0;-1.52;2.34
0.0;0.0;0.0;-1.84;2.14
0.0;0.0;0.0;-2.36;2.07
0.0;0.0;0.0;-2.89;1.86
0.0;0.0;0.0;-3.17;1.59
0.0;0.0;0.0;-3.19;1.38
0.0;0.0;0.0;-3.26;1.38
0.0;0.0;0.0;-3.55;1.31
0.0;0.0;0.0;-3.22;1.1
0.0;0.0;0.0;-3.14;1.03
0.0;0.0;0.0;-2.89;0.97
0.0;0.0;0.0;-2.84;0.83
0.0;0.0;0.0;-2.6;0.62
9.0;13.83;8.0;-1.71;0.34
118.0;347.28;53.0;-1.43;0.28
232.0;643.06;58.0;-0.92;0.62
295.0;703.75;72.0;-0.5;1.03
313.0;715.4;82.0;0.0;1.38
269.0;579.4;102.0;0.31;1.66
182.0;385.61;99.0;0.51;1.79
106.0;532.58;48.0;0.28;1.66
0.0;0.0;0.0;-0.97;2.0
0.0;0.0;0.0;-2.23;2.07
0.0;0.0;0.0;-3.08;1.93
0.0;0.0;0.0;-3.92;1.79
0.0;0.0;0.0;-4.07;1.52
0.0;0.0;0.0;-3.76;1.31
0.0;0.0;0.0;-3.72;1.31
0.0;0.0;0.0;-3.72;1.24
0.0;0.0;0.0;-3.4;1.17
0.0;0.0;0.0;-3.48;1.17
0.0;0.0;0.0;-4.04;1.38
0.0;0.0;0.0;-4.41;1.45
0.0;0.0;0.0;-4.72;1.59
0.0;0.0;0.0;-4.92;1.59
0.0;0.0;0.0;-4.92;1.59
0.0;0.0;0.0;-5.03;1.59
17.0;134.28;7.0;-5.18;1.86
131.0;453.53;45.0;-3.46;1.45
240.0;673.16;56.0;-0.42;1.31
303.0;722.07;72.0;1.5;1.31
332.0;818.59;65.0;2.95;1.38
309.0;857.09;59.0;3.84;1.38
232.0;808.94;55.0;4.0;1.03
124.0;782.21;36.0;3.45;1.03
0.0;0.0;0.0;1.01;1.24
0.0;0.0;0.0;-1.7;1.59
0.0;0.0;0.0;-3.63;1.72
0.0;0.0;0.0;-4.7;1.72
0.0;0.0;0.0;-4.8;1.66
0.0;0.0;0.0;-4.73;1.59
0.0;0.0;0.0;-4.63;1.52
0.0;0.0;0.0;-4.37;1.38
0.0;0.0;0.0;-4.3;1.38
0.0;0.0;0.0;-4.03;1.24
0.0;0.0;0.0;-3.72;1.17
0.0;0.0;0.0;-3.47;1.1
0.0;0.0;0.0;-3.43;0.97
0.0;0.0;0.0;-3.5;0.83
0.0;0.0;0.0;-3.56;0.83
0.0;0.0;0.0;-3.66;0.9
3.0;0.0;3.0;-4.76;1.31
112.0;249.75;64.0;-4.0;1.1
235.0;604.62;68.0;-1.38;0.97
290.0;600.52;96.0;0.53;0.97
309.0;622.07;104.0;2.04;1.03
223.0;260.81;146.0;2.99;1.1
178.0;301.18;111.0;3.24;1.03
111.0;482.02;55.0;2.64;1.24
0.0;0.0;0.0;0.48;1.03
0.0;0.0;0.0;-0.77;1.03
0.0;0.0;0.0;-3.68;1.66
0.0;0.0;0.0;-4.84;1.86
0.0;0.0;0.0;-4.57;1.45
0.0;0.0;0.0;-3.21;0.69
0.0;0.0;0.0;-4.15;1.17
0.0;0.0;0.0;-2.93;0.55
0.0;0.0;0.0;-3.08;0.69
0.0;0.0;0.0;-3.02;0.55
0.0;0.0;0.0;-3.41;0.97
0.0;0.0;0.0;-3.54;0.97
0.0;0.0;0.0;-3.29;0.41
0.0;0.0;0.0;-3.4;0.55
0.0;0.0;0.0;-3.7;0.76
0.0;0.0;0.0;-4.07;0.9
15.0;63.2;10.0;-4.64;1.93
51.0;5.13;50.0;-3.12;1.86
88.0;3.58;87.0;-1.69;2.07
58.0;0.0;58.0;-0.63;2.62
36.0;0.0;36.0;-0.01;2.9
27.0;0.0;27.0;0.27;3.38
21.0;0.0;21.0;0.03;2.83
16.0;0.0;16.0;-0.36;2.07
0.0;0.0;0.0;-0.66;2.0
0.0;0.0;0.0;-1.22;2.21
0.0;0.0;0.0;-1.23;2.48
0.0;0.0;0.0;-1.81;2.69
0.0;0.0;0.0;-2.15;3.03
0.0;0.0;0.0;-2.04;3.1
0.0;0.0;0.0;-1.44;3.1
0.0;0.0;0.0;-0.56;3.31
0.0;0.0;0.0;-0.58;3.38
0.0;0.0;0.0;-0.69;3.31
0.0;0.0;0.0;-1.05;3.24
0.0;0.0;0.0;-1.45;3.24
0.0;0.0;0.0;-1.48;3.31
0.0;0.0;0.0;-1.66;3.52
0.0;0.0;0.0;-1.6;3.86
0.0;0.0;0.0;-1.47;4.21
2.0;0.0;2.0;-0.52;5.24
80.0;55.65;69.0;0.7;5.79
83.0;3.54;82.0;1.63;6.41
35.0;0.0;35.0;1.98;5.93
46.0;0.0;46.0;1.74;8.0
27.0;0.0;27.0;1.41;8.9
29.0;0.0;29.0;1.67;9.31
11.0;0.0;11.0;1.77;9.03
0.0;0.0;0.0;1.65;8.55
0.0;0.0;0.0;1.55;7.59
0.0;0.0;0.0;1.47;6.83
0.0;0.0;0.0;1.22;6.07
0.0;0.0;0.0;1.55;5.72
0.0;0.0;0.0;1.63;5.45
0.0;0.0;0.0;1.59;5.17
0.0;0.0;0.0;1.51;4.97
0.0;0.0;0.0;1.51;5.1
0.0;0.0;0.0;1.63;5.52
0.0;0.0;0.0;1.74;5.86
0.0;0.0;0.0;2.41;6.28
0.0;0.0;0.0;2.68;6.07
0.0;0.0;0.0;2.77;6.07
0.0;0.0;0.0;2.45;6.41
0.0;0.0;0.0;1.92;6.34
7.0;0.0;7.0;1.42;5.66
51.0;4.99;50.0;1.47;5.45
43.0;0.0;43.0;1.49;5.31
104.0;3.0;103.0;1.88;6.0
99.0;0.0;99.0;2.43;5.86
75.0;0.0;75.0;2.14;6.76
21.0;0.0;21.0;2.04;7.1
14.0;0.0;14.0;1.35;7.1
0.0;0.0;0.0;0.92;6.83
0.0;0.0;0.0;0.71;6.62
0.0;0.0;0.0;0.47;6.69
0.0;0.0;0.0;0.58;6.48
0.0;0.0;0.0;0.57;5.93
0.0;0.0;0.0;0.21;5.38
0.0;0.0;0.0;-0.06;4.9
0.0;0.0;0.0;-0.26;4.83
0.0;0.0;0.0;-0.35;5.24
0.0;0.0;0.0;-0.35;5.86
0.0;0.0;0.0;-0.06;5.93
0.0;0.0;0.0;-0.08;6.34
0.0;0.0;0.0;-0.21;5.79
0.0;0.0;0.0;-0.48;5.59
0.0;0.0;0.0;-0.62;5.31
0.0;0.0;0.0;-0.96;4.55
5.0;0.0;5.0;-0.94;4.0
13.0;0.0;13.0;-0.89;3.66
30.0;0.0;30.0;-0.54;3.17
53.0;0.0;53.0;-0.21;3.38
75.0;0.0;75.0;-0.19;3.79
64.0;0.0;64.0;-0.23;4.48
41.0;0.0;41.0;-0.23;4.14
21.0;0.0;21.0;-0.77;3.93
0.0;0.0;0.0;-1.58;4.07
0.0;0.0;0.0;-1.89;4.28
0.0;0.0;0.0;-1.94;4.34
0.0;0.0;0.0;-1.86;4.21
0.0;0.0;0.0;-2.02;4.41
0.0;0.0;0.0;-1.91;4.55
0.0;0.0;0.0;-2.02;4.62
0.0;0.0;0.0;-2.53;4.55
0.0;0.0;0.0;-2.72;4.69
0.0;0.0;0.0;-2.55;4.76
0.0;0.0;0.0;-2.68;4.76
0.0;0.0;0.0;-2.56;4.76
0.0;0.0;0.0;-2.44;4.69
0.0;0.0;0.0;-2.11;4.69
0.0;0.0;0.0;-2.13;4.48
0.0;0.0;0.0;-2.29;4.34
15.0;22.28;13.0;-2.25;4.34
50.0;0.0;50.0;-2.15;4.07
90.0;3.42;89.0;-2.04;3.72
39.0;0.0;39.0;-1.72;4.83
33.0;0.0;33.0;-1.57;4.62
29.0;0.0;29.0;-1.48;4.34
22.0;0.0;22.0;-1.59;4.41
51.0;0.0;51.0;-1.82;3.66
2.0;0.0;2.0;-2.31;3.1
0.0;0.0;0.0;-3.2;2.62
0.0;0.0;0.0;-3.97;2.62
0.0;0.0;0.0;-5.19;2.76
0.0;0.0;0.0;-5.81;2.9
0.0;0.0;0.0;-6.67;2.83
0.0;0.0;0.0;-7.84;2.69
0.0;0.0;0.0;-9.45;2.55
0.0;0.0;0.0;-10.83;2.48
0.0;0.0;0.0;-11.58;2.48
0.0;0.0;0.0;-11.49;2.48
0.0;0.0;0.0;-11.08;2.55
0.0;0.0;0.0;-10.34;2.48
0.0;0.0;0.0;-9.55;2.34
0.0;0.0;0.0;-9.02;2.21
0.0;0.0;0.0;-8.82;2.0
18.0;32.36;15.0;-7.68;1.79
55.0;4.76;54.0;-6.14;1.52
68.0;0.0;68.0;-4.2;1.24
70.0;0.0;70.0;-2.66;1.03
97.0;0.0;97.0;-1.55;0.9
88.0;0.0;88.0;-1.29;0.62
49.0;0.0;49.0;-1.33;0.97
37.0;0.0;37.0;-1.78;1.45
3.0;0.0;3.0;-3.18;2.0
0.0;0.0;0.0;-3.95;1.72
0.0;0.0;0.0;-4.33;1.38
0.0;0.0;0.0;-4.44;1.17
0.0;0.0;0.0;-3.52;0.69
0.0;0.0;0.0;-3.63;0.55
0.0;0.0;0.0;-4.0;0.34
0.0;0.0;0.0;-4.36;0.14
0.0;0.0;0.0;-4.66;0.28
0.0;0.0;0.0;-4.57;0.41
0.0;0.0;0.0;-4.49;0.83
0.0;0.0;0.0;-5.8;1.31
0.0;0.0;0.0;-6.44;1.66
0.0;0.0;0.0;-6.49;1.79
0.0;0.0;0.0;-6.51;1.86
0.0;0.0;0.0;-6.64;2.07
15.0;10.44;14.0;-6.01;2.07
51.0;0.0;51.0;-5.83;2.48
46.0;0.0;46.0;-5.61;2.48
52.0;0.0;52.0;-5.44;2.28
104.0;0.0;104.0;-5.19;2.41
55.0;0.0;55.0;-4.97;2.55
49.0;0.0;49.0;-4.57;2.76
22.0;0.0;22.0;-4.28;2.14
4.0;0.0;4.0;-4.28;1.38
0.0;0.0;0.0;-4.66;1.31
0.0;0.0;0.0;-4.86;1.52
0.0;0.0;0.0;-4.67;1.86
0.0;0.0;0.0;-5.31;1.31
0.0;0.0;0.0;-5.0;2.48
0.0;0.0;0.0;-4.72;3.38
0.0;0.0;0.0;-4.4;4.0
0.0;0.0;0.0;-4.26;4.34
0.0;0.0;0.0;-4.26;4.76
0.0;0.0;0.0;-4.57;5.1
0.0;0.0;0.0;-4.83;5.38
0.0;0.0;0.0;-5.17;5.66
0.0;0.0;0.0;-5.54;5.86
0.0;0.0;0.0;-5.92;6.07
0.0;0.0;0.0;-6.3;6.14
6.0;0.0;6.0;-7.15;6.21
24.0;0.0;24.0;-7.26;6.55
40.0;0.0;40.0;-7.25;6.34
81.0;0.0;81.0;-7.01;6.55
67.0;0.0;67.0;-6.8;6.41
33.0;0.0;33.0;-6.43;6.34
28.0;0.0;28.0;-6.09;6.21
41.0;0.0;41.0;-5.78;6.76
3.0;0.0;3.0;-5.71;6.41
0.0;0.0;0.0;-5.75;6.28
0.0;0.0;0.0;-5.89;6.21
0.0;0.0;0.0;-6.0;6.0
0.0;0.0;0.0;-6.16;6.41
0.0;0.0;0.0;-6.21;6.07
0.0;0.0;0.0;-6.37;5.66
0.0;0.0;0.0;-6.5;5.31
0.0;0.0;0.0;-6.58;4.97
0.0;0.0;0.0;-6.7;4.83
0.0;0.0;0.0;-6.76;4.69
0.0;0.0;0.0;-6.88;4.62
0.0;0.0;0.0;-7.04;4.62
0.0;0.0;0.0;-7.18;4.55
0.0;0.0;0.0;-7.34;4.48
0.0;0.0;0.0;-7.53;4.48
30.0;97.89;20.0;-8.5;4.14
60.0;4.54;59.0;-8.5;4.34
92.0;3.26;91.0;-8.39;4.69
105.0;0.0;105.0;-8.17;4.62
87.0;0.0;87.0;-8.06;3.79
122.0;3.02;121.0;-7.92;3.86
51.0;0.0;51.0;-7.79;4.55
31.0;0.0;31.0;-7.92;4.41
8.0;0.0;8.0;-8.16;4.14
0.0;0.0;0.0;-8.4;3.79
0.0;0.0;0.0;-8.52;3.66
0.0;0.0;0.0;-8.62;3.66
0.0;0.0;0.0;-8.86;3.59
0.0;0.0;0.0;-9.18;3.17
0.0;0.0;0.0;-9.64;2.76
0.0;0.0;0.0;-10.38;2.9
0.0;0.0;0.0;-10.53;3.03
0.0;0.0;0.0;-10.7;2.97
0.0;0.0;0.0;-10.67;2.83
0.0;0.0;0.0;-11.04;2.9
0.0;0.0;0.0;-11.52;2.97
0.0;0.0;0.0;-11.31;2.97
0.0;0.0;0.0;-11.22;2.9
0.0;0.0;0.0;-11.09;2.69
35.0;142.15;20.0;-10.7;2.28
80.0;22.33;75.0;-10.3;2.0
170.0;102.99;138.0;-9.42;1.79
225.0;141.67;174.0;-8.24;1.66
243.0;154.71;186.0;-7.55;1.52
215.0;128.19;172.0;-7.25;1.31
170.0;121.56;138.0;-6.73;1.03
115.0;184.95;86.0;-6.19;0.62
11.0;0.0;11.0;-7.13;0.28
0.0;0.0;0.0;-8.25;0.21
0.0;0.0;0.0;-9.23;0.21
0.0;0.0;0.0;-10.15;0.14
0.0;0.0;0.0;-10.12;0.48
0.0;0.0;0.0;-10.89;1.1
0.0;0.0;0.0;-14.66;1.52
0.0;0.0;0.0;-18.59;1.17
0.0;0.0;0.0;-20.73;0.76
0.0;0.0;0.0;-21.54;0.69
0.0;0.0;0.0;-21.7;0.69
0.0;0.0;0.0;-21.35;0.83
0.0;0.0;0.0;-20.08;0.97
0.0;0.0;0.0;-19.46;1.03
0.0;0.0;0.0;-18.74;0.9
0.0;0.0;0.0;-18.46;0.76
16.0;0.0;16.0;-17.94;0.41
70.0;8.79;68.0;-15.94;0.41
106.0;6.36;104.0;-14.05;0.55
129.0;5.49;127.0;-12.46;0.69
194.0;50.97;175.0;-10.97;0.55
139.0;8.83;136.0;-10.39;0.14
199.0;216.66;141.0;-10.01;0.48
144.0;397.02;80.0;-10.27;0.9
14.0;0.0;14.0;-10.06;0.76
0.0;0.0;0.0;-10.36;0.83
0.0;0.0;0.0;-10.85;1.03
0.0;0.0;0.0;-12.48;1.45
0.0;0.0;0.0;-11.26;1.17
0.0;0.0;0.0;-11.84;1.31
0.0;0.0;0.0;-12.8;1.45
0.0;0.0;0.0;-14.28;1.45
0.0;0.0;0.0;-15.32;1.45
0.0;0.0;0.0;-15.13;1.38
0.0;0.0;0.0;-14.94;1.38
0.0;0.0;0.0;-14.46;1.38
0.0;0.0;0.0;-14.65;1.45
0.0;0.0;0.0;-15.02;1.52
0.0;0.0;0.0;-14.97;1.52
0.0;0.0;0.0;-13.62;1.24
22.0;8.88;21.0;-12.79;1.31
67.0;4.32;66.0;-12.26;1.31
129.0;21.96;122.0;-10.55;1.24
209.0;92.27;175.0;-9.89;1.31
108.0;0.0;108.0;-9.3;1.59
179.0;46.46;163.0;-9.03;2.14
43.0;0.0;43.0;-8.93;2.48
27.0;0.0;27.0;-9.66;2.28
5.0;0.0;5.0;-10.92;2.34
0.0;0.0;0.0;-12.34;2.48
0.0;0.0;0.0;-13.32;2.41
0.0;0.0;0.0;-14.02;2.41
0.0;0.0;0.0;-13.53;2.28
0.0;0.0;0.0;-12.7;2.28
0.0;0.0;0.0;-12.02;2.41
0.0;0.0;0.0;-11.16;2.48
0.0;0.0;0.0;-10.24;2.55
0.0;0.0;0.0;-9.89;2.62
0.0;0.0;0.0;-10.67;2.69
0.0;0.0;0.0;-11.02;2.76
0.0;0.0;0.0;-10.08;2.69
0.0;0.0;0.0;-9.11;2.76
0.0;0.0;0.0;-7.77;3.03
0.0;0.0;0.0;-6.65;3.31
10.0;0.0;10.0;-5.04;4.07
34.0;0.0;34.0;-3.89;4.55
104.0;3.1;103.0;-2.85;4.76
74.0;0.0;74.0;-1.94;5.03
51.0;0.0;51.0;-1.44;5.72
32.0;0.0;32.0;-1.01;6.21
25.0;0.0;25.0;-0.68;6.28
16.0;0.0;16.0;-0.32;6.34
12.0;0.0;12.0;0.09;6.34
0.0;0.0;0.0;1.07;6.04
0.0;0.0;0.0;0.64;5.73
0.0;0.0;0.0;0.22;5.41
0.0;0.0;0.0;-0.21;5.1
0.0;0.0;0.0;-0.64;4.79
0.0;0.0;0.0;-1.06;4.48
0.0;0.0;0.0;-1.49;4.17
0.0;0.0;0.0;-1.92;3.86
0.0;0.0;0.0;-2.34;3.55
0.0;0.0;0.0;-2.77;3.24
0.0;0.0;0.0;-3.2;2.92
0.0;0.0;0.0;-3.62;2.61
0.0;0.0;0.0;-4.05;2.3
0.0;0.0;0.0;-4.48;1.99
0.0;0.0;0.0;-4.91;1.68
49.0;41.67;44.0;-5.33;1.37
67.0;0.0;67.0;-1.08;2.07
116.0;6.11;114.0;1.38;1.59
201.0;68.91;175.0;3.21;1.31
153.0;12.94;148.0;3.47;1.66
271.0;336.55;152.0;3.95;1.93
191.0;234.52;125.0;4.16;2.21
115.0;263.29;69.0;3.92;2.41
4.0;0.0;4.0;3.42;2.83
0.0;0.0;0.0;2.6;3.17
0.0;0.0;0.0;2.17;3.31
0.0;0.0;0.0;2.21;3.24
0.0;0.0;0.0;2.17;3.03
0.0;0.0;0.0;1.81;2.48
0.0;0.0;0.0;1.12;2.07
0.0;0.0;0.0;0.77;1.93
0.0;0.0;0.0;0.47;2.07
0.0;0.0;0.0;0.55;2.07
0.0;0.0;0.0;0.82;2.21
0.0;0.0;0.0;1.03;2.28
0.0;0.0;0.0;1.11;2.21
0.0;0.0;0.0;1.26;2.07
0.0;0.0;0.0;1.36;2.0
0.0;0.0;0.0;1.22;1.93
30.0;0.0;30.0;1.34;1.45
31.0;0.0;31.0;2.21;0.9
60.0;0.0;60.0;3.18;0.41
64.0;0.0;64.0;3.36;0.69
60.0;0.0;60.0;3.14;0.83
55.0;0.0;55.0;2.78;0.97
79.0;0.0;79.0;2.79;1.1
67.0;22.31;63.0;2.68;1.24
9.0;0.0;9.0;2.17;1.38
0.0;0.0;0.0;1.51;1.45
0.0;0.0;0.0;1.59;1.03
0.0;0.0;0.0;2.29;0.48
0.0;0.0;0.0;1.35;0.9
0.0;0.0;0.0;0.94;0.97
0.0;0.0;0.0;0.75;0.97
0.0;0.0;0.0;1.33;0.76
0.0;0.0;0.0;1.22;0.34
0.0;0.0;0.0;0.89;0.62
0.0;0.0;0.0;0.11;0.9
0.0;0.0;0.0;-0.63;0.76
0.0;0.0;0.0;-1.31;0.69
0.0;0.0;0.0;-1.92;0.62
0.0;0.0;0.0;-2.66;0.34
0.0;0.0;0.0;-3.69;0.34
75.0;187.75;51.0;-4.28;0.34
187.0;339.01;103.0;-2.1;0.14
285.0;455.39;132.0;-0.16;0.21
334.0;465.83;154.0;2.07;0.48
337.0;439.79;163.0;2.75;1.03
346.0;672.09;102.0;2.7;1.59
253.0;529.5;99.0;2.94;2.28
137.0;369.67;69.0;2.52;2.21
18.0;80.55;14.0;1.5;2.34
0.0;0.0;0.0;-0.37;2.48
0.0;0.0;0.0;-2.18;2.14
0.0;0.0;0.0;-3.36;1.72
0.0;0.0;0.0;-1.97;1.45
0.0;0.0;0.0;-1.94;1.1
0.0;0.0;0.0;-2.45;0.69
0.0;0.0;0.0;-2.77;0.69
0.0;0.0;0.0;-3.09;0.62
0.0;0.0;0.0;-3.42;0.62
0.0;0.0;0.0;-3.59;0.69
0.0;0.0;0.0;-3.75;0.69
0.0;0.0;0.0;-3.81;0.62
0.0;0.0;0.0;-3.84;0.55
0.0;0.0;0.0;-3.9;0.55
0.0;0.0;0.0;-3.99;0.55
91.0;310.87;50.0;-3.55;0.69
202.0;400.67;101.0;-1.72;0.48
296.0;478.73;133.0;0.83;0.34
349.0;501.18;153.0;3.04;0.07
354.0;484.5;160.0;4.36;0.48
359.0;701.36;101.0;4.0;0.97
269.0;591.98;94.0;4.08;1.17
145.0;397.6;70.0;4.38;1.24
22.0;92.28;17.0;2.91;1.38
0.0;0.0;0.0;2.57;1.03
0.0;0.0;0.0;0.91;0.97
0.0;0.0;0.0;-0.77;1.1
0.0;0.0;0.0;-1.76;1.17
0.0;0.0;0.0;-2.32;1.17
0.0;0.0;0.0;-2.23;1.1
0.0;0.0;0.0;-2.59;1.03
0.0;0.0;0.0;-2.84;0.9
0.0;0.0;0.0;-2.96;0.69
0.0;0.0;0.0;-2.92;0.69
0.0;0.0;0.0;-2.84;0.9
0.0;0.0;0.0;-2.87;0.83
0.0;0.0;0.0;-2.92;0.97
0.0;0.0;0.0;-3.51;1.31
0.0;0.0;0.0;-3.76;1.31
94.0;330.78;49.0;-3.49;1.45
207.0;432.81;96.0;-1.03;1.38
226.0;170.98;167.0;1.24;1.72
331.0;416.86;166.0;4.93;1.93
362.0;523.14;150.0;6.83;2.21
364.0;732.46;91.0;8.06;2.55
257.0;499.26;107.0;8.37;2.55
88.0;46.55;79.0;7.56;2.34
8.0;0.0;8.0;5.5;2.62
0.0;0.0;0.0;2.68;2.62
0.0;0.0;0.0;0.39;2.34
0.0;0.0;0.0;-1.22;2.21
0.0;0.0;0.0;-1.6;1.93
0.0;0.0;0.0;-2.37;1.86
0.0;0.0;0.0;-2.68;1.79
0.0;0.0;0.0;-2.65;1.66
0.0;0.0;0.0;-2.41;1.52
0.0;0.0;0.0;-1.4;1.17
0.0;0.0;0.0;-0.68;0.9
0.0;0.0;0.0;-0.9;1.03
0.0;0.0;0.0;-1.42;1.24
0.0;0.0;0.0;-1.28;1.1
0.0;0.0;0.0;-1.03;1.03
0.0;0.0;0.0;-1.55;1.38
65.0;71.28;55.0;-1.52;1.72
143.0;95.81;118.0;1.03;1.52
236.0;200.15;166.0;4.59;2.21
290.0;249.61;190.0;6.08;3.17
279.0;192.62;200.0;6.64;3.59
324.0;484.6;141.0;7.09;3.72
139.0;36.03;128.0;7.34;3.52
138.0;297.81;79.0;7.1;2.83
34.0;252.61;18.0;5.73;2.41
0.0;0.0;0.0;3.49;2.48
0.0;0.0;0.0;1.8;2.48
0.0;0.0;0.0;0.78;2.55
0.0;0.0;0.0;-0.71;2.28
0.0;0.0;0.0;-1.79;2.14
0.0;0.0;0.0;-2.52;1.93
0.0;0.0;0.0;-2.82;1.79
0.0;0.0;0.0;-2.94;1.72
0.0;0.0;0.0;-2.88;1.66
0.0;0.0;0.0;-2.98;1.59
0.0;0.0;0.0;-2.64;1.45
0.0;0.0;0.0;-2.94;1.59
0.0;0.0;0.0;-3.69;1.93
0.0;0.0;0.0;-3.59;1.79
0.0;0.0;0.0;-3.68;1.79
103.0;380.33;48.0;-3.03;1.93
214.0;444.46;96.0;0.7;1.72
202.0;95.92;168.0;4.15;1.72
258.0;147.97;198.0;6.42;2.0
253.0;120.46;203.0;7.54;2.0
235.0;130.69;185.0;8.18;1.86
192.0;151.5;145.0;8.36;1.52
178.0;645.62;47.0;7.95;1.24
7.0;0.0;7.0;6.18;1.52
0.0;0.0;0.0;5.39;1.1
0.0;0.0;0.0;2.66;1.52
0.0;0.0;0.0;1.63;1.52
0.0;0.0;0.0;0.35;1.66
0.0;0.0;0.0;-0.16;1.79
0.0;0.0;0.0;-0.39;2.14
0.0;0.0;0.0;0.28;2.55
0.0;0.0;0.0;1.49;2.97
0.0;0.0;0.0;2.34;3.52
0.0;0.0;0.0;2.83;3.59
0.0;0.0;0.0;3.19;3.86
0.0;0.0;0.0;3.21;3.66
0.0;0.0;0.0;3.13;3.1
0.0;0.0;0.0;2.93;2.76
0.0;0.0;0.0;2.72;2.48
82.0;147.62;60.0;2.26;2.07
76.0;0.0;76.0;2.93;1.45
356.0;796.03;70.0;5.49;1.31
350.0;462.92;160.0;7.5;1.38
264.0;138.06;206.0;8.51;1.1
289.0;288.96;177.0;9.22;1.03
291.0;672.66;79.0;9.46;0.62
141.0;269.58;85.0;8.79;0.97
19.0;13.77;18.0;7.23;2.07
0.0;0.0;0.0;4.96;2.76
0.0;0.0;0.0;3.44;2.83
0.0;0.0;0.0;2.16;2.55
0.0;0.0;0.0;2.17;2.28
0.0;0.0;0.0;2.0;2.14
0.0;0.0;0.0;1.72;2.07
0.0;0.0;0.0;1.94;2.14
0.0;0.0;0.0;2.06;2.07
0.0;0.0;0.0;1.47;1.72
0.0;0.0;0.0;0.82;1.59
0.0;0.0;0.0;0.37;1.66
0.0;0.0;0.0;0.71;1.59
0.0;0.0;0.0;1.18;1.45
0.0;0.0;0.0;1.23;1.52
0.0;0.0;0.0;1.44;1.59
105.0;319.14;56.0;1.54;2.07
161.0;127.35;126.0;3.7;1.86
310.0;483.3;134.0;6.47;2.21
399.0;705.29;106.0;7.82;2.48
366.0;479.83;162.0;8.97;2.28
291.0;282.69;180.0;9.62;1.45
298.0;687.18;78.0;10.03;0.83
169.0;465.69;70.0;9.94;1.1
33.0;90.56;26.0;8.14;1.66
0.0;0.0;0.0;5.05;2.0
0.0;0.0;0.0;3.96;1.52
0.0;0.0;0.0;5.0;0.41
0.0;0.0;0.0;1.95;1.79
0.0;0.0;0.0;2.24;2.55
0.0;0.0;0.0;2.65;3.03
0.0;0.0;0.0;2.57;3.45
0.0;0.0;0.0;2.09;3.72
0.0;0.0;0.0;1.33;3.72
0.0;0.0;0.0;1.07;3.72
0.0;0.0;0.0;1.07;3.72
0.0;0.0;0.0;1.11;3.52
0.0;0.0;0.0;1.12;2.97
0.0;0.0;0.0;1.15;2.76
0.0;0.0;0.0;1.03;2.83
116.0;398.42;53.0;1.15;2.76
257.0;675.91;68.0;2.55;2.48
350.0;685.43;97.0;4.49;2.9
383.0;573.14;142.0;5.84;3.03
373.0;476.46;168.0;6.83;3.03
408.0;849.8;70.0;7.55;3.17
313.0;744.24;71.0;7.95;3.24
180.0;528.8;65.0;7.85;2.41
54.0;390.22;22.0;6.7;1.45
0.0;0.0;0.0;3.46;1.93
0.0;0.0;0.0;0.76;2.76
0.0;0.0;0.0;0.07;2.83
0.0;0.0;0.0;0.85;2.83
0.0;0.0;0.0;1.61;2.9
0.0;0.0;0.0;2.23;3.03
0.0;0.0;0.0;3.12;3.24
0.0;0.0;0.0;3.57;3.38
0.0;0.0;0.0;3.69;3.31
0.0;0.0;0.0;3.67;3.45
0.0;0.0;0.0;3.49;3.31
0.0;0.0;0.0;3.38;2.9
0.0;0.0;0.0;3.11;2.34
0.0;0.0;0.0;2.08;2.07
0.0;0.0;0.0;1.61;1.72
0.0;0.0;0.0;2.16;1.38
175.0;158.18;130.0;3.03;1.17
163.0;24.06;154.0;4.67;0.9
233.0;75.19;201.0;5.59;0.41
139.0;0.0;139.0;6.01;0.83
190.0;34.75;176.0;6.72;1.66
140.0;21.2;133.0;7.09;2.14
64.0;0.0;64.0;7.16;3.03
27.0;23.06;25.0;6.8;2.76
0.0;0.0;0.0;5.89;2.62
0.0;0.0;0.0;4.78;2.48
0.0;0.0;0.0;3.76;2.28
0.0;0.0;0.0;3.14;2.07
0.0;0.0;0.0;2.04;1.93
0.0;0.0;0.0;1.1;1.79
0.0;0.0;0.0;0.38;1.72
0.0;0.0;0.0;0.07;1.52
0.0;0.0;0.0;0.08;1.1
0.0;0.0;0.0;-0.3;0.97
0.0;0.0;0.0;-0.51;0.97
0.0;0.0;0.0;-0.96;1.24
0.0;0.0;0.0;-0.56;1.72
0.0;0.0;0.0;0.46;1.93
0.0;0.0;0.0;1.07;2.0
26.0;0.0;26.0;1.87;2.14
71.0;0.0;71.0;2.42;1.86
56.0;0.0;56.0;2.62;1.93
62.0;0.0;62.0;2.6;2.14
70.0;0.0;70.0;2.55;2.41
79.0;0.0;79.0;2.29;2.9
50.0;0.0;50.0;1.87;3.03
17.0;0.0;17.0;1.56;2.9
29.0;21.86;27.0;1.27;2.69
0.0;0.0;0.0;0.98;2.34
0.0;0.0;0.0;0.8;2.14
0.0;0.0;0.0;0.67;2.21
0.0;0.0;0.0;0.61;2.28
0.0;0.0;0.0;0.48;2.21
0.0;0.0;0.0;0.2;2.07
0.0;0.0;0.0;0.02;1.79
0.0;0.0;0.0;0.01;1.72
0.0;0.0;0.0;-0.34;1.66
0.0;0.0;0.0;-0.7;1.59
0.0;0.0;0.0;-0.82;1.31
0.0;0.0;0.0;-0.94;1.03
0.0;0.0;0.0;-0.99;0.69
0.0;0.0;0.0;-0.94;0.76
0.0;0.0;0.0;-1.41;0.9
96.0;133.44;73.0;-0.72;0.97
168.0;105.29;137.0;0.27;1.52
228.0;106.68;187.0;1.47;1.79
253.0;91.75;213.0;2.87;1.79
255.0;85.23;217.0;4.28;1.79
242.0;96.8;202.0;5.59;1.45
315.0;631.63;100.0;6.53;1.17
202.0;594.13;64.0;6.92;1.52
58.0;270.13;32.0;6.08;1.66
0.0;0.0;0.0;3.62;2.48
0.0;0.0;0.0;0.79;2.34
0.0;0.0;0.0;-1.28;2.07
0.0;0.0;0.0;-2.18;2.14
0.0;0.0;0.0;-2.64;1.86
0.0;0.0;0.0;-2.6;1.52
0.0;0.0;0.0;-2.45;1.31
0.0;0.0;0.0;-2.5;1.38
0.0;0.0;0.0;-2.98;1.72
0.0;0.0;0.0;-2.33;1.66
0.0;0.0;0.0;-1.83;1.79
0.0;0.0;0.0;-0.15;2.07
0.0;0.0;0.0;1.03;2.48
0.0;0.0;0.0;2.1;2.83
7.0;0.0;7.0;2.61;3.24
96.0;118.46;75.0;3.09;3.72
135.0;33.39;125.0;3.87;4.0
134.0;2.57;133.0;5.05;5.24
158.0;4.53;156.0;5.8;6.07
207.0;26.6;195.0;6.15;5.93
164.0;9.56;160.0;6.26;5.66
130.0;8.68;127.0;5.98;5.24
187.0;425.72;86.0;5.58;4.9
62.0;287.03;33.0;4.73;3.66
0.0;0.0;0.0;3.45;3.03
0.0;0.0;0.0;1.89;3.03
0.0;0.0;0.0;0.91;3.03
0.0;0.0;0.0;0.67;2.83
0.0;0.0;0.0;0.35;2.55
0.0;0.0;0.0;-0.51;2.28
0.0;0.0;0.0;-1.64;2.0
0.0;0.0;0.0;-2.71;1.79
0.0;0.0;0.0;-3.12;1.59
0.0;0.0;0.0;-3.68;1.52
0.0;0.0;0.0;-4.24;1.45
0.0;0.0;0.0;-4.45;1.66
0.0;0.0;0.0;-4.55;1.86
0.0;0.0;0.0;-4.58;1.79
8.0;0.0;8.0;-4.65;1.79
114.0;208.51;76.0;-3.59;1.66
198.0;183.83;142.0;0.29;1.52
221.0;83.59;188.0;3.55;1.31
449.0;792.74;95.0;5.9;1.86
286.0;129.27;227.0;7.36;2.69
388.0;585.3;140.0;8.45;3.03
238.0;208.18;165.0;8.98;3.1
182.0;355.02;96.0;8.95;2.76
49.0;94.49;39.0;7.79;2.28
0.0;0.0;0.0;5.34;2.34
0.0;0.0;0.0;2.42;2.07
0.0;0.0;0.0;1.22;1.72
0.0;0.0;0.0;3.18;0.97
0.0;0.0;0.0;2.02;1.17
0.0;0.0;0.0;0.46;1.31
0.0;0.0;0.0;0.49;1.1
0.0;0.0;0.0;-0.94;1.38
0.0;0.0;0.0;-2.16;1.79
0.0;0.0;0.0;-2.36;1.72
0.0;0.0;0.0;-2.3;1.72
0.0;0.0;0.0;-2.41;1.79
0.0;0.0;0.0;-1.89;1.93
0.0;0.0;0.0;-1.54;2.14
3.0;0.0;3.0;-1.49;2.41
147.0;475.2;58.0;0.34;2.34
80.0;0.0;80.0;4.44;2.76
226.0;89.98;190.0;6.81;3.31
235.0;55.32;210.0;8.44;3.86
268.0;93.12;225.0;9.8;4.28
210.0;41.96;192.0;10.02;4.28
173.0;44.97;157.0;9.83;4.21
98.0;20.22;93.0;9.29;3.86
38.0;18.07;36.0;8.17;3.72
0.0;0.0;0.0;6.49;3.38
0.0;0.0;0.0;5.65;3.1
0.0;0.0;0.0;5.03;3.1
0.0;0.0;0.0;4.82;3.59
0.0;0.0;0.0;4.78;3.79
0.0;0.0;0.0;4.57;3.66
0.0;0.0;0.0;4.32;3.59
0.0;0.0;0.0;4.03;3.45
0.0;0.0;0.0;3.8;3.45
0.0;0.0;0.0;3.61;3.38
0.0;0.0;0.0;3.31;3.17
0.0;0.0;0.0;2.8;2.97
0.0;0.0;0.0;1.95;2.76
0.0;0.0;0.0;1.2;2.69
24.0;284.05;11.0;0.7;2.55
170.0;649.66;45.0;1.8;2.14
237.0;317.38;137.0;4.28;2.28
370.0;579.63;135.0;6.2;2.69
412.0;535.76;167.0;7.43;3.1
405.0;462.38;189.0;8.24;3.45
325.0;274.0;206.0;8.81;3.52
314.0;512.44;129.0;8.91;3.1
220.0;590.64;71.0;8.75;2.62
86.0;476.29;31.0;8.01;1.79
0.0;0.0;0.0;6.24;1.93
0.0;0.0;0.0;3.79;1.93
0.0;0.0;0.0;2.53;1.72
0.0;0.0;0.0;1.68;1.79
0.0;0.0;0.0;0.82;1.72
0.0;0.0;0.0;0.09;1.72
0.0;0.0;0.0;-0.8;1.72
0.0;0.0;0.0;-1.78;1.79
0.0;0.0;0.0;-2.44;1.93
0.0;0.0;0.0;-2.7;2.0
0.0;0.0;0.0;-2.69;2.0
0.0;0.0;0.0;-2.73;1.93
0.0;0.0;0.0;-2.91;1.93
0.0;0.0;0.0;-3.0;1.93
25.0;216.64;14.0;-2.91;1.79
174.0;637.69;48.0;-0.75;1.38
313.0;767.8;67.0;3.4;1.1
418.0;817.85;82.0;6.96;1.31
478.0;838.5;90.0;8.62;1.79
490.0;844.35;91.0;9.39;1.59
432.0;725.6;113.0;9.88;1.45
118.0;0.0;118.0;10.19;1.31
118.0;38.86;108.0;10.21;0.97
33.0;0.0;33.0;8.97;0.97
0.0;0.0;0.0;5.41;2.07
0.0;0.0;0.0;2.89;2.21
0.0;0.0;0.0;2.55;1.86
0.0;0.0;0.0;2.07;1.66
0.0;0.0;0.0;1.11;1.52
0.0;0.0;0.0;0.11;1.66
0.0;0.0;0.0;0.28;1.59
0.0;0.0;0.0;0.6;1.45
0.0;0.0;0.0;0.26;1.52
0.0;0.0;0.0;0.07;1.38
0.0;0.0;0.0;-0.12;1.45
0.0;0.0;0.0;0.08;1.31
0.0;0.0;0.0;0.43;1.1
0.0;0.0;0.0;0.35;1.17
11.0;0.0;11.0;0.41;1.31
52.0;0.0;52.0;1.7;1.03
75.0;0.0;75.0;3.22;0.97
166.0;12.01;161.0;5.59;1.1
144.0;0.0;144.0;6.77;1.66
224.0;29.29;210.0;7.5;2.48
131.0;0.0;131.0;8.4;3.24
61.0;0.0;61.0;8.5;3.38
43.0;0.0;43.0;7.92;3.38
34.0;7.99;33.0;7.46;3.38
0.0;0.0;0.0;6.45;2.9
0.0;0.0;0.0;4.98;2.62
0.0;0.0;0.0;3.87;2.76
0.0;0.0;0.0;3.35;3.31
0.0;0.0;0.0;3.09;3.1
0.0;0.0;0.0;2.8;2.97
0.0;0.0;0.0;2.3;2.9
0.0;0.0;0.0;2.3;2.76
0.0;0.0;0.0;2.28;2.62
0.0;0.0;0.0;2.08;2.55
0.0;0.0;0.0;2.41;2.41
0.0;0.0;0.0;2.38;2.34
0.0;0.0;0.0;2.43;2.14
0.0;0.0;0.0;1.72;2.14
13.0;0.0;13.0;2.22;2.0
92.0;43.24;83.0;2.49;1.93
163.0;51.33;146.0;4.63;2.14
223.0;61.65;197.0;6.07;2.76
320.0;179.44;235.0;7.06;3.24
264.0;66.19;232.0;8.03;3.38
259.0;91.04;218.0;8.7;3.17
215.0;95.58;179.0;8.73;2.69
186.0;258.05;117.0;8.7;2.14
94.0;430.74;38.0;8.14;0.9
0.0;0.0;0.0;7.77;0.55
0.0;0.0;0.0;4.9;1.45
0.0;0.0;0.0;2.66;1.86
0.0;0.0;0.0;1.67;1.86
0.0;0.0;0.0;0.43;1.93
0.0;0.0;0.0;-0.59;1.86
0.0;0.0;0.0;-1.22;1.72
0.0;0.0;0.0;-1.46;1.52
0.0;0.0;0.0;-1.62;1.45
0.0;0.0;0.0;-1.63;1.45
0.0;0.0;0.0;-1.45;1.38
0.0;0.0;0.0;-1.39;1.31
0.0;0.0;0.0;-1.99;1.52
0.0;0.0;0.0;-2.11;1.52
17.0;15.1;16.0;-1.73;1.31
108.0;79.62;91.0;0.23;1.17
263.0;368.32;139.0;2.94;1.24
273.0;149.78;209.0;5.0;1.45
316.0;160.68;239.0;6.76;1.45
185.0;6.14;182.0;7.96;1.52
257.0;81.19;220.0;8.62;1.38
283.0;285.42;174.0;8.93;1.03
166.0;154.16;124.0;9.08;0.97
60.0;66.73;51.0;8.19;1.66
0.0;0.0;0.0;6.23;1.86
0.0;0.0;0.0;5.46;1.24
0.0;0.0;0.0;5.19;1.1
0.0;0.0;0.0;1.55;2.14
0.0;0.0;0.0;1.94;2.0
0.0;0.0;0.0;1.98;1.86
0.0;0.0;0.0;0.99;1.86
0.0;0.0;0.0;0.13;1.86
0.0;0.0;0.0;-0.02;1.72
0.0;0.0;0.0;-0.25;1.79
0.0;0.0;0.0;0.0;1.79
0.0;0.0;0.0;0.7;1.79
0.0;0.0;0.0;1.26;1.72
0.0;0.0;0.0;1.56;1.66
18.0;13.98;17.0;1.56;1.66
51.0;0.0;51.0;3.04;1.59
74.0;0.0;74.0;4.02;1.31
62.0;0.0;62.0;5.4;1.52
124.0;0.0;124.0;6.14;2.14
145.0;0.0;145.0;6.43;2.14
97.0;0.0;97.0;6.31;1.79
47.0;0.0;47.0;6.32;2.07
57.0;0.0;57.0;6.2;1.79
37.0;0.0;37.0;5.94;1.52
0.0;0.0;0.0;5.39;1.52
0.0;0.0;0.0;4.58;1.59
0.0;0.0;0.0;3.87;1.52
0.0;0.0;0.0;3.65;1.38
0.0;0.0;0.0;3.44;1.45
0.0;0.0;0.0;3.31;1.52
0.0;0.0;0.0;3.07;1.59
0.0;0.0;0.0;2.91;1.59
0.0;0.0;0.0;2.63;1.45
0.0;0.0;0.0;2.14;1.45
0.0;0.0;0.0;1.53;1.45
0.0;0.0;0.0;1.15;1.45
0.0;0.0;0.0;0.63;1.45
0.0;0.0;0.0;-0.2;1.52
30.0;65.04;25.0;-0.29;1.38
189.0;552.54;65.0;1.38;1.03
327.0;693.02;86.0;3.4;1.38
424.0;709.29;113.0;4.82;1.72
456.0;599.54;162.0;6.0;2.28
424.0;426.05;211.0;6.76;2.41
459.0;739.53;114.0;7.37;2.55
378.0;723.8;94.0;7.74;2.9
249.0;598.08;80.0;7.7;3.03
113.0;518.72;38.0;7.34;2.48
0.0;0.0;0.0;6.12;1.79
0.0;0.0;0.0;4.52;1.66
0.0;0.0;0.0;2.45;1.72
0.0;0.0;0.0;1.08;2.0
0.0;0.0;0.0;0.36;2.0
0.0;0.0;0.0;-0.23;2.0
0.0;0.0;0.0;-0.48;2.0
0.0;0.0;0.0;-0.68;2.0
0.0;0.0;0.0;-0.78;2.0
0.0;0.0;0.0;-0.7;1.93
0.0;0.0;0.0;-1.0;1.86
0.0;0.0;0.0;-1.34;1.86
0.0;0.0;0.0;-1.1;1.72
0.0;0.0;0.0;-0.09;1.66
30.0;36.46;27.0;0.64;1.93
95.0;26.09;89.0;2.13;2.62
111.0;0.0;111.0;2.97;3.45
316.0;225.17;216.0;3.4;3.93
164.0;2.02;163.0;3.89;4.0
106.0;0.0;106.0;4.0;3.93
50.0;0.0;50.0;4.26;3.93
45.0;0.0;45.0;4.44;3.86
35.0;0.0;35.0;4.62;3.79
14.0;0.0;14.0;4.63;3.45
0.0;0.0;0.0;4.33;2.9
0.0;0.0;0.0;4.02;3.03
0.0;0.0;0.0;3.53;3.1
0.0;0.0;0.0;2.67;3.38
0.0;0.0;0.0;2.07;3.03
0.0;0.0;0.0;1.35;2.69
0.0;0.0;0.0;0.53;2.48
0.0;0.0;0.0;0.18;2.28
0.0;0.0;0.0;-0.64;2.14
0.0;0.0;0.0;-1.18;1.86
0.0;0.0;0.0;-1.83;1.72
0.0;0.0;0.0;-2.15;1.59
0.0;0.0;0.0;-2.29;1.45
0.0;0.0;0.0;-2.68;1.45
31.0;34.19;28.0;-2.74;1.45
105.0;42.46;95.0;-0.85;1.1
159.0;27.85;149.0;1.0;1.24
162.0;4.45;160.0;2.97;1.45
149.0;0.0;149.0;4.68;1.66
152.0;0.0;152.0;5.99;1.86
96.0;0.0;96.0;6.85;2.07
193.0;37.23;178.0;7.29;2.41
250.0;539.82;92.0;7.02;2.62
116.0;460.12;45.0;6.48;2.34
0.0;0.0;0.0;4.99;2.34
0.0;0.0;0.0;3.39;2.41
0.0;0.0;0.0;2.32;2.28
0.0;0.0;0.0;1.77;2.34
0.0;0.0;0.0;1.04;1.66
0.0;0.0;0.0;1.2;0.83
0.0;0.0;0.0;1.26;0.14
0.0;0.0;0.0;0.7;0.34
0.0;0.0;0.0;0.37;0.28
0.0;0.0;0.0;0.16;0.34
0.0;0.0;0.0;-0.35;0.48
0.0;0.0;0.0;-0.57;0.55
0.0;0.0;0.0;-1.22;0.9
0.0;0.0;0.0;-1.6;0.97
56.0;268.02;31.0;-0.84;0.76
206.0;572.22;68.0;-0.25;0.97
350.0;732.11;83.0;2.07;0.97
462.0;816.76;90.0;4.38;0.97
533.0;881.21;86.0;6.34;1.24
553.0;923.41;76.0;7.9;1.93
515.0;921.8;70.0;8.33;2.14
421.0;869.85;66.0;8.87;2.21
281.0;725.45;65.0;8.65;2.07
126.0;527.75;42.0;7.21;2.41
0.0;0.0;0.0;5.62;2.62
0.0;0.0;0.0;3.9;2.55
0.0;0.0;0.0;2.78;2.21
0.0;0.0;0.0;1.36;1.72
0.0;0.0;0.0;1.1;0.97
0.0;0.0;0.0;0.89;0.62
0.0;0.0;0.0;-0.05;0.55
0.0;0.0;0.0;-0.62;0.48
0.0;0.0;0.0;-1.03;0.41
0.0;0.0;0.0;-1.29;0.41
0.0;0.0;0.0;-1.67;0.48
0.0;0.0;0.0;-1.69;0.62
0.0;0.0;0.0;-1.19;0.62
0.0;0.0;0.0;-0.94;0.76
17.0;0.0;17.0;-0.75;0.83
87.0;8.1;85.0;0.61;0.69
134.0;5.4;132.0;2.25;0.83
137.0;0.0;137.0;4.41;0.9
346.0;175.47;256.0;6.83;1.03
532.0;819.72;104.0;8.72;1.17
513.0;895.18;76.0;9.69;0.97
205.0;45.96;186.0;10.04;0.76
189.0;165.13;139.0;10.05;0.48
126.0;481.64;47.0;9.45;1.17
0.0;0.0;0.0;8.12;1.59
0.0;0.0;0.0;5.98;1.17
0.0;0.0;0.0;6.45;0.76
0.0;0.0;0.0;4.56;1.1
0.0;0.0;0.0;3.52;1.38
0.0;0.0;0.0;3.06;1.52
0.0;0.0;0.0;2.71;1.52
0.0;0.0;0.0;2.39;1.38
0.0;0.0;0.0;1.98;1.38
0.0;0.0;0.0;1.33;1.52
0.0;0.0;0.0;0.85;1.66
0.0;0.0;0.0;0.35;1.79
0.0;0.0;0.0;0.02;1.93
0.0;0.0;0.0;-0.55;2.0
15.0;0.0;15.0;-0.7;1.93
123.0;59.39;108.0;1.59;1.45
256.0;210.01;177.0;3.85;1.59
319.0;192.75;229.0;6.2;1.45
453.0;478.21;205.0;8.53;1.45
520.0;731.49;134.0;10.36;1.86
479.0;707.07;130.0;11.24;1.79
242.0;97.95;201.0;11.59;1.52
233.0;344.33;127.0;11.09;0.9
129.0;461.89;51.0;9.58;1.52
0.0;0.0;0.0;4.03;0.12
0.0;0.0;0.0;4.1;0.5
0.0;0.0;0.0;4.17;0.88
0.0;0.0;0.0;4.24;1.26
0.0;0.0;0.0;4.3;1.63
0.0;0.0;0.0;4.37;2.01
0.0;0.0;0.0;4.44;2.39
0.0;0.0;0.0;4.5;2.77
0.0;0.0;0.0;4.57;3.15
0.0;0.0;0.0;4.64;3.52
0.0;0.0;0.0;4.7;3.9
0.0;0.0;0.0;4.77;4.28
0.0;0.0;0.0;4.84;4.66
0.0;0.0;0.0;4.91;5.04
73.0;353.99;34.0;4.97;5.41
226.0;603.91;70.0;5.04;5.79
360.0;688.55;97.0;6.8;6.14
469.0;765.85;107.0;6.97;8.21
377.0;234.61;254.0;7.15;8.21
137.0;0.0;137.0;7.45;8.07
220.0;22.04;209.0;7.67;8.07
36.0;0.0;36.0;7.29;8.21
83.0;0.0;83.0;6.92;7.66
83.0;80.59;69.0;6.25;6.9
0.0;0.0;0.0;5.53;6.28
0.0;0.0;0.0;4.77;5.79
0.0;0.0;0.0;4.44;5.66
0.0;0.0;0.0;4.29;5.24
0.0;0.0;0.0;3.77;5.03
0.0;0.0;0.0;3.28;4.97
0.0;0.0;0.0;2.76;4.76
0.0;0.0;0.0;2.23;4.62
0.0;0.0;0.0;1.72;4.48
0.0;0.0;0.0;1.21;4.21
0.0;0.0;0.0;0.82;4.07
0.0;0.0;0.0;0.15;3.79
0.0;0.0;0.0;-0.32;3.66
0.0;0.0;0.0;-0.69;3.52
60.0;138.05;44.0;-0.81;3.45
178.0;230.96;117.0;0.74;3.66
350.0;575.08;127.0;2.38;4.69
338.0;215.28;235.0;3.36;6.28
115.0;0.0;115.0;3.89;6.21
201.0;5.57;198.0;4.29;5.86
288.0;83.27;246.0;4.6;5.45
77.0;0.0;77.0;5.0;5.24
164.0;69.2;142.0;4.72;4.48
86.0;78.41;72.0;4.49;3.93
0.0;0.0;0.0;3.31;2.97
0.0;0.0;0.0;1.79;2.48
0.0;0.0;0.0;-0.19;2.41
0.0;0.0;0.0;-1.09;2.21
0.0;0.0;0.0;-1.82;2.34
0.0;0.0;0.0;-2.41;2.41
0.0;0.0;0.0;-3.58;2.69
0.0;0.0;0.0;-3.61;3.1
0.0;0.0;0.0;-3.84;3.31
0.0;0.0;0.0;-2.96;3.52
0.0;0.0;0.0;-2.36;3.86
0.0;0.0;0.0;-1.7;4.07
0.0;0.0;0.0;-1.61;3.93
0.0;0.0;0.0;-1.81;3.66
73.0;230.13;45.0;-1.61;3.45
227.0;503.81;91.0;-0.88;3.72
320.0;391.25;166.0;0.13;5.17
364.0;272.59;232.0;1.04;4.9
132.0;0.0;132.0;2.03;4.9
158.0;0.0;158.0;2.79;5.17
255.0;41.19;234.0;3.39;5.72
261.0;115.14;211.0;3.24;5.59
48.0;0.0;48.0;3.18;5.38
145.0;479.88;57.0;2.36;4.34
0.0;0.0;0.0;1.56;3.52
0.0;0.0;0.0;0.51;2.97
0.0;0.0;0.0;-1.01;2.48
0.0;0.0;0.0;-2.6;2.41
0.0;0.0;0.0;-4.03;2.34
0.0;0.0;0.0;-4.69;2.34
0.0;0.0;0.0;-4.84;2.28
0.0;0.0;0.0;-4.62;2.07
0.0;0.0;0.0;-4.08;1.86
0.0;0.0;0.0;-4.16;1.86
0.0;0.0;0.0;-4.06;1.79
0.0;0.0;0.0;-2.86;1.59
0.0;0.0;0.0;-2.54;1.38
0.0;0.0;0.0;-2.4;1.03
73.0;196.1;48.0;-2.33;0.69
206.0;333.57;114.0;-1.4;0.41
280.0;225.3;190.0;0.19;0.69
358.0;244.87;238.0;1.28;1.1
354.0;147.77;274.0;1.92;1.59
194.0;1.82;193.0;2.12;1.93
356.0;190.22;258.0;2.13;2.07
148.0;2.28;147.0;2.21;2.07
74.0;0.0;74.0;1.98;2.28
124.0;255.06;76.0;1.45;2.14
6.0;0.0;6.0;0.33;1.86
0.0;0.0;0.0;-1.75;1.86
0.0;0.0;0.0;-2.82;1.59
0.0;0.0;0.0;-1.49;0.97
0.0;0.0;0.0;-1.7;0.9
0.0;0.0;0.0;-2.19;1.03
0.0;0.0;0.0;-2.56;1.1
0.0;0.0;0.0;-2.79;1.17
0.0;0.0;0.0;-2.96;1.17
0.0;0.0;0.0;-3.16;1.17
0.0;0.0;0.0;-3.28;1.1
0.0;0.0;0.0;-3.78;1.38
0.0;0.0;0.0;-6.32;1.93
0.0;0.0;0.0;-7.26;2.69
79.0;210.0;51.0;-6.58;3.24
96.0;7.1;94.0;-4.48;4.21
214.0;64.14;188.0;-3.68;4.69
286.0;88.73;242.0;-3.3;4.9
390.0;208.37;276.0;-2.67;4.9
322.0;84.61;275.0;-1.89;4.9
176.0;1.92;175.0;-1.41;4.9
320.0;236.13;215.0;-1.37;4.97
250.0;312.38;146.0;-1.83;4.76
100.0;98.45;81.0;-2.32;4.62
7.0;0.0;7.0;-3.19;3.59
0.0;0.0;0.0;-4.22;3.1
0.0;0.0;0.0;-4.89;3.03
0.0;0.0;0.0;-6.3;2.55
0.0;0.0;0.0;-7.25;2.62
0.0;0.0;0.0;-8.27;2.34
0.0;0.0;0.0;-8.91;2.48
0.0;0.0;0.0;-9.01;2.62
0.0;0.0;0.0;-9.37;2.69
0.0;0.0;0.0;-9.53;2.76
0.0;0.0;0.0;-9.65;2.69
0.0;0.0;0.0;-9.71;2.62
0.0;0.0;0.0;-9.55;2.55
0.0;0.0;0.0;-9.46;2.41
71.0;114.93;55.0;-9.34;2.41
251.0;559.78;90.0;-8.24;2.83
235.0;92.4;197.0;-5.98;2.48
199.0;9.97;194.0;-4.32;2.41
177.0;0.0;177.0;-3.21;2.28
371.0;151.5;286.0;-2.48;2.0
265.0;43.73;242.0;-2.02;1.79
117.0;0.0;117.0;-1.78;1.86
210.0;147.97;160.0;-1.79;2.0
118.0;171.9;84.0;-2.04;2.21
7.0;0.0;7.0;-2.81;1.86
0.0;0.0;0.0;-4.63;1.79
0.0;0.0;0.0;-6.29;1.86
0.0;0.0;0.0;-6.77;1.86
0.0;0.0;0.0;-6.87;1.93
0.0;0.0;0.0;-6.1;2.48
0.0;0.0;0.0;-5.08;2.69
0.0;0.0;0.0;-4.87;2.76
0.0;0.0;0.0;-4.86;2.69
0.0;0.0;0.0;-5.6;2.34
0.0;0.0;0.0;-6.5;2.34
0.0;0.0;0.0;-7.73;2.28
0.0;0.0;0.0;-8.47;2.21
0.0;0.0;0.0;-8.8;2.14
61.0;48.23;54.0;-8.6;2.0
197.0;211.21;135.0;-7.67;2.48
315.0;287.66;195.0;-5.54;2.69
194.0;5.91;191.0;-4.68;3.17
227.0;8.95;222.0;-3.93;3.17
312.0;63.54;276.0;-3.28;3.1
275.0;48.94;249.0;-2.88;2.97
347.0;290.11;215.0;-2.57;2.9
282.0;425.82;136.0;-2.62;2.55
103.0;83.92;86.0;-2.92;2.07
12.0;45.8;10.0;-3.98;1.24
0.0;0.0;0.0;-3.65;0.21
0.0;0.0;0.0;-4.35;0.48
0.0;0.0;0.0;-4.81;0.76
0.0;0.0;0.0;-5.0;0.83
0.0;0.0;0.0;-5.27;0.69
0.0;0.0;0.0;-5.45;0.55
0.0;0.0;0.0;-5.56;0.48
0.0;0.0;0.0;-5.7;0.55
0.0;0.0;0.0;-5.89;0.48
0.0;0.0;0.0;-6.08;0.55
0.0;0.0;0.0;-6.33;0.76
0.0;0.0;0.0;-6.72;0.9
0.0;0.0;0.0;-7.16;0.97
100.0;284.6;57.0;-6.93;0.97
261.0;537.54;100.0;-6.85;1.38
406.0;666.55;124.0;-7.65;2.34
523.0;775.3;125.0;-4.28;3.24
510.0;498.05;229.0;-3.34;3.72
292.0;41.95;268.0;-2.76;3.72
166.0;0.0;166.0;-2.42;3.79
246.0;63.02;217.0;-2.19;3.79
236.0;204.13;165.0;-2.34;3.86
157.0;385.84;77.0;-2.76;3.59
22.0;186.39;13.0;-3.64;2.83
0.0;0.0;0.0;-5.42;2.62
0.0;0.0;0.0;-7.14;2.48
0.0;0.0;0.0;-7.62;2.9
0.0;0.0;0.0;-8.6;2.9
0.0;0.0;0.0;-9.93;2.97
0.0;0.0;0.0;-11.0;3.03
0.0;0.0;0.0;-11.49;2.9
0.0;0.0;0.0;-11.74;2.76
0.0;0.0;0.0;-12.01;2.62
0.0;0.0;0.0;-12.36;2.62
0.0;0.0;0.0;-12.59;2.62
0.0;0.0;0.0;-12.76;2.62
0.0;0.0;0.0;-12.73;2.55
110.0;331.06;58.0;-12.47;2.55
277.0;602.31;93.0;-11.73;2.97
420.0;703.96;118.0;-7.52;3.03
505.0;651.02;167.0;-5.28;3.1
363.0;124.59;292.0;-4.02;3.24
341.0;86.56;291.0;-3.2;3.1
447.0;357.95;253.0;-2.54;2.97
443.0;625.46;152.0;-2.25;2.9
348.0;751.26;83.0;-2.25;2.97
181.0;561.08;62.0;-2.62;3.03
24.0;170.15;15.0;-3.64;2.34
0.0;0.0;0.0;-5.77;2.14
0.0;0.0;0.0;-7.63;2.0
0.0;0.0;0.0;-6.75;1.79
0.0;0.0;0.0;-5.7;1.66
0.0;0.0;0.0;-4.85;1.59
0.0;0.0;0.0;-5.0;1.59
0.0;0.0;0.0;-5.64;1.72
0.0;0.0;0.0;-6.62;1.79
0.0;0.0;0.0;-7.87;1.93
0.0;0.0;0.0;-8.47;1.93
0.0;0.0;0.0;-9.4;2.07
0.0;0.0;0.0;-10.68;2.34
0.0;0.0;0.0;-11.55;2.55
112.0;306.61;62.0;-11.34;2.69
278.0;571.45;100.0;-9.91;3.24
418.0;664.46;129.0;-5.21;4.07
530.0;739.04;142.0;-3.31;4.48
590.0;764.47;150.0;-2.09;4.69
607.0;797.38;142.0;-1.12;5.03
553.0;736.38;150.0;-0.49;5.17
442.0;601.67;159.0;-0.17;5.17
332.0;626.32;108.0;-0.22;5.17
143.0;230.6;93.0;-0.67;4.97
29.0;243.52;15.0;-1.7;4.34
0.0;0.0;0.0;-3.01;4.21
0.0;0.0;0.0;-3.93;4.14
0.0;0.0;0.0;-3.97;4.34
0.0;0.0;0.0;-4.22;4.14
0.0;0.0;0.0;-4.41;3.86
0.0;0.0;0.0;-4.6;3.59
0.0;0.0;0.0;-4.79;3.45
0.0;0.0;0.0;-5.09;3.24
0.0;0.0;0.0;-5.23;2.9
0.0;0.0;0.0;-5.27;2.69
0.0;0.0;0.0;-5.23;2.48
0.0;0.0;0.0;-5.19;2.34
0.0;0.0;0.0;-5.09;2.14
42.0;0.0;42.0;-4.55;2.21
97.0;3.15;96.0;-3.48;2.28
138.0;2.27;137.0;-2.34;2.07
261.0;41.44;239.0;-1.57;1.66
330.0;80.86;283.0;-0.73;1.24
235.0;10.19;229.0;-0.38;1.03
148.0;0.0;148.0;-0.33;0.9
179.0;8.41;175.0;-0.34;0.83
167.0;38.62;153.0;-0.53;0.83
113.0;90.28;93.0;-0.71;0.9
27.0;144.98;18.0;-1.03;0.97
0.0;0.0;0.0;-1.59;1.31
0.0;0.0;0.0;-1.87;1.59
0.0;0.0;0.0;-2.51;1.17
0.0;0.0;0.0;-2.67;1.38
0.0;0.0;0.0;-2.83;1.66
0.0;0.0;0.0;-3.01;1.93
0.0;0.0;0.0;-3.08;2.0
0.0;0.0;0.0;-3.05;2.07
0.0;0.0;0.0;-2.79;2.48
0.0;0.0;0.0;-2.7;2.76
0.0;0.0;0.0;-2.61;2.76
0.0;0.0;0.0;-2.65;2.83
0.0;0.0;0.0;-2.71;3.03
28.0;0.0;28.0;-2.71;3.1
99.0;3.09;98.0;-2.73;3.52
232.0;58.19;206.0;-2.42;3.93
269.0;44.72;245.0;-1.98;4.21
203.0;1.7;202.0;-1.14;4.34
229.0;6.73;225.0;-0.8;4.34
103.0;0.0;103.0;-0.38;4.55
93.0;0.0;93.0;-0.38;4.55
75.0;0.0;75.0;-0.36;4.69
55.0;0.0;55.0;-0.68;4.28
14.0;0.0;14.0;-1.2;3.79
0.0;0.0;0.0;-2.15;3.31
0.0;0.0;0.0;-2.73;2.9
0.0;0.0;0.0;-2.76;2.76
0.0;0.0;0.0;-2.49;2.76
0.0;0.0;0.0;-1.74;3.1
0.0;0.0;0.0;-1.11;3.52
0.0;0.0;0.0;-0.81;3.72
0.0;0.0;0.0;-0.53;3.86
0.0;0.0;0.0;-0.24;4.14
0.0;0.0;0.0;0.06;4.48
0.0;0.0;0.0;0.33;4.62
0.0;0.0;0.0;0.54;4.69
0.0;0.0;0.0;0.73;4.97
50.0;0.0;50.0;0.91;5.17
56.0;0.0;56.0;1.25;5.45
162.0;4.42;160.0;1.71;6.9
110.0;0.0;110.0;1.97;7.03
195.0;1.69;194.0;2.14;7.24
164.0;0.0;164.0;2.15;6.69
343.0;113.67;279.0;2.27;5.31
120.0;0.0;120.0;2.03;4.48
117.0;2.69;116.0;2.05;4.21
52.0;0.0;52.0;1.7;4.07
22.0;28.08;20.0;1.21;4.55
0.0;0.0;0.0;0.71;4.28
0.0;0.0;0.0;0.33;4.34
0.0;0.0;0.0;0.0;4.21
0.0;0.0;0.0;0.16;4.62
0.0;0.0;0.0;0.2;4.62
0.0;0.0;0.0;-0.01;4.62
0.0;0.0;0.0;-0.4;4.62
0.0;0.0;0.0;0.01;4.69
0.0;0.0;0.0;0.15;4.69
0.0;0.0;0.0;0.27;5.72
0.0;0.0;0.0;0.56;6.28
0.0;0.0;0.0;0.88;6.55
0.0;0.0;0.0;0.96;6.69
18.0;0.0;18.0;0.99;6.76
97.0;0.0;97.0;1.27;5.93
123.0;0.0;123.0;1.36;5.86
117.0;0.0;117.0;1.86;5.31
147.0;0.0;147.0;2.39;5.86
169.0;0.0;169.0;2.98;6.28
213.0;5.28;210.0;3.47;6.14
118.0;0.0;118.0;3.71;5.72
101.0;0.0;101.0;3.76;5.52
109.0;55.18;96.0;3.48;6.0
26.0;39.6;23.0;3.24;6.21
0.0;0.0;0.0;2.77;5.86
0.0;0.0;0.0;2.23;5.24
0.0;0.0;0.0;1.98;5.52
0.0;0.0;0.0;2.36;6.83
0.0;0.0;0.0;2.21;7.52
0.0;0.0;0.0;1.78;7.31
0.0;0.0;0.0;1.61;7.03
0.0;0.0;0.0;1.38;6.69
0.0;0.0;0.0;0.43;6.69
0.0;0.0;0.0;-0.77;5.24
0.0;0.0;0.0;-1.81;5.03
0.0;0.0;0.0;-2.14;5.38
4.0;0.0;4.0;-2.38;5.66
113.0;160.31;82.0;-2.21;4.62
160.0;40.98;146.0;-2.16;4.62
167.0;4.3;165.0;-1.87;4.28
497.0;512.61;213.0;-1.43;3.93
606.0;737.09;161.0;-1.05;4.0
628.0;799.54;140.0;-0.53;4.21
360.0;125.56;288.0;-0.12;4.34
249.0;46.42;226.0;0.21;4.34
289.0;314.27;169.0;0.37;4.28
185.0;403.79;88.0;0.09;4.0
47.0;298.89;23.0;-0.6;3.79
0.0;0.0;0.0;-1.65;2.97
0.0;0.0;0.0;-2.47;3.03
0.0;0.0;0.0;-2.3;3.79
0.0;0.0;0.0;-2.17;4.07
0.0;0.0;0.0;-2.09;3.86
0.0;0.0;0.0;-2.14;3.66
0.0;0.0;0.0;-1.81;3.59
0.0;0.0;0.0;-1.55;3.52
0.0;0.0;0.0;-1.19;3.52
0.0;0.0;0.0;-1.06;3.45
0.0;0.0;0.0;-1.03;3.31
0.0;0.0;0.0;-0.89;3.31
2.0;0.0;2.0;-0.84;3.52
92.0;55.15;81.0;-1.12;3.72
236.0;215.74;161.0;-1.53;4.07
297.0;140.27;231.0;-1.44;4.07
363.0;144.7;282.0;-1.07;4.62
508.0;379.12;277.0;-0.75;5.45
551.0;490.49;249.0;-0.33;5.66
431.0;250.61;286.0;0.04;5.52
260.0;53.95;233.0;0.09;5.03
343.0;548.36;131.0;0.14;4.62
176.0;310.4;100.0;-0.22;3.66
53.0;330.12;25.0;-1.19;2.69
0.0;0.0;0.0;-3.03;2.48
0.0;0.0;0.0;-5.09;2.55
0.0;0.0;0.0;-5.68;2.62
0.0;0.0;0.0;-6.63;2.69
0.0;0.0;0.0;-7.29;2.83
0.0;0.0;0.0;-7.84;2.97
0.0;0.0;0.0;-7.69;3.1
0.0;0.0;0.0;-7.1;3.31
0.0;0.0;0.0;-6.01;3.52
0.0;0.0;0.0;-4.78;3.66
0.0;0.0;0.0;-3.89;3.72
0.0;0.0;0.0;-3.32;3.52
6.0;0.0;6.0;-2.8;3.45
134.0;243.23;84.0;-2.23;3.17
235.0;200.75;164.0;-0.88;4.28
240.0;50.37;216.0;0.56;5.59
234.0;12.38;227.0;1.76;6.07
339.0;66.68;298.0;2.64;6.28
333.0;57.97;297.0;2.92;6.0
337.0;85.66;287.0;3.45;6.07
112.0;0.0;112.0;4.07;6.48
168.0;23.0;159.0;3.9;4.97
72.0;0.0;72.0;3.96;5.17
46.0;179.12;30.0;3.78;4.83
0.0;0.0;0.0;3.36;4.28
0.0;0.0;0.0;2.78;3.72
0.0;0.0;0.0;2.43;4.0
0.0;0.0;0.0;2.34;3.72
0.0;0.0;0.0;2.22;3.66
0.0;0.0;0.0;2.3;3.79
0.0;0.0;0.0;2.5;3.86
0.0;0.0;0.0;2.46;3.72
0.0;0.0;0.0;2.52;3.45
0.0;0.0;0.0;2.41;3.31
0.0;0.0;0.0;2.36;3.31
0.0;0.0;0.0;2.25;3.31
2.0;0.0;2.0;2.08;3.24
81.0;23.62;76.0;2.3;3.03
324.0;622.76;100.0;3.83;3.31
341.0;232.2;229.0;5.37;4.07
331.0;91.03;279.0;6.83;4.55
349.0;75.76;302.0;7.96;4.9
516.0;378.38;279.0;8.79;5.66
576.0;708.23;159.0;9.59;5.72
502.0;750.62;119.0;9.48;5.1
371.0;684.24;100.0;10.52;4.0
195.0;405.47;92.0;10.58;3.24
28.0;10.66;27.0;9.45;2.62
0.0;0.0;0.0;6.79;2.69
0.0;0.0;0.0;4.66;2.48
0.0;0.0;0.0;3.0;2.48
0.0;0.0;0.0;1.27;2.41
0.0;0.0;0.0;-0.08;2.34
0.0;0.0;0.0;-0.94;2.28
0.0;0.0;0.0;-1.26;2.34
0.0;0.0;0.0;-1.37;2.41
0.0;0.0;0.0;-1.5;2.41
0.0;0.0;0.0;-1.7;2.34
0.0;0.0;0.0;-1.97;2.34
0.0;0.0;0.0;-2.19;2.34
10.0;0.0;10.0;-2.32;2.28
149.0;289.29;86.0;-1.25;2.0
339.0;672.67;93.0;4.85;1.79
475.0;729.19;119.0;9.05;2.07
460.0;343.19;262.0;11.21;2.76
520.0;389.86;276.0;12.18;3.17
546.0;449.63;262.0;13.32;3.72
536.0;533.81;219.0;14.26;4.28
373.0;244.61;247.0;14.57;4.41
267.0;197.13;188.0;14.12;3.86
122.0;58.01;107.0;13.0;3.79
36.0;40.69;32.0;11.65;3.79
0.0;0.0;0.0;9.89;3.72
0.0;0.0;0.0;8.42;3.79
0.0;0.0;0.0;7.63;3.66
0.0;0.0;0.0;6.9;3.66
0.0;0.0;0.0;6.2;3.38
0.0;0.0;0.0;5.51;3.24
0.0;0.0;0.0;4.78;3.1
0.0;0.0;0.0;3.95;2.97
0.0;0.0;0.0;3.14;2.76
0.0;0.0;0.0;2.24;2.62
0.0;0.0;0.0;1.72;2.41
0.0;0.0;0.0;1.37;2.34
20.0;49.46;17.0;0.95;2.28
157.0;321.6;85.0;2.21;2.0
323.0;559.58;115.0;6.73;1.72
481.0;744.83;113.0;11.29;1.66
434.0;272.91;275.0;14.25;2.07
342.0;64.94;301.0;15.97;2.83
564.0;502.46;244.0;17.07;3.38
596.0;769.78;135.0;17.28;3.66
511.0;761.66;115.0;17.16;3.86
200.0;54.27;178.0;17.08;4.48
110.0;30.41;102.0;16.0;4.62
43.0;77.86;35.0;14.38;4.62
0.0;0.0;0.0;13.33;4.55
0.0;0.0;0.0;12.62;4.69
0.0;0.0;0.0;11.72;4.62
0.0;0.0;0.0;11.16;4.21
0.0;0.0;0.0;10.22;3.72
0.0;0.0;0.0;9.17;3.38
0.0;0.0;0.0;8.2;3.17
0.0;0.0;0.0;7.56;3.1
0.0;0.0;0.0;7.02;3.1
0.0;0.0;0.0;6.91;3.1
0.0;0.0;0.0;6.95;3.03
0.0;0.0;0.0;7.23;2.97
5.0;0.0;5.0;7.09;2.76
154.0;278.29;90.0;7.91;2.62
295.0;399.79;144.0;9.95;2.76
213.0;22.0;202.0;13.0;3.45
426.0;253.29;277.0;15.0;4.76
485.0;298.39;295.0;16.32;5.66
606.0;652.57;187.0;17.22;6.28
474.0;339.48;269.0;17.51;6.97
182.0;3.81;180.0;16.56;6.21
72.0;0.0;72.0;14.98;5.79
119.0;44.84;107.0;14.01;5.79
25.0;0.0;25.0;13.36;5.59
0.0;0.0;0.0;12.78;5.38
0.0;0.0;0.0;12.37;5.31
0.0;0.0;0.0;11.71;5.1
0.0;0.0;0.0;11.25;4.83
0.0;0.0;0.0;11.06;4.69
0.0;0.0;0.0;10.64;4.48
0.0;0.0;0.0;10.36;4.41
0.0;0.0;0.0;10.18;4.48
0.0;0.0;0.0;9.48;4.48
0.0;0.0;0.0;8.49;4.28
0.0;0.0;0.0;6.74;4.0
0.0;0.0;0.0;5.43;3.52
6.0;0.0;6.0;4.47;2.69
163.0;288.06;95.0;4.32;3.1
267.0;239.79;175.0;5.25;3.31
141.0;0.0;141.0;5.79;3.31
184.0;0.0;184.0;6.72;3.31
111.0;0.0;111.0;7.71;3.38
342.0;54.08;307.0;8.69;3.31
430.0;211.89;301.0;9.62;3.38
518.0;734.71;129.0;10.5;3.03
353.0;489.6;150.0;10.68;2.55
228.0;532.88;83.0;10.42;2.07
69.0;286.67;37.0;9.67;1.31
0.0;0.0;0.0;7.93;0.97
0.0;0.0;0.0;7.72;0.62
0.0;0.0;0.0;3.92;1.59
0.0;0.0;0.0;2.92;1.66
0.0;0.0;0.0;1.93;1.66
0.0;0.0;0.0;0.66;1.86
0.0;0.0;0.0;-0.47;2.07
0.0;0.0;0.0;-0.94;2.0
0.0;0.0;0.0;-0.78;1.72
0.0;0.0;0.0;-1.61;1.86
0.0;0.0;0.0;-2.36;2.0
0.0;0.0;0.0;-2.29;1.93
17.0;0.0;17.0;-1.91;1.59
131.0;111.5;104.0;0.84;1.1
311.0;395.25;157.0;5.01;0.9
493.0;699.9;135.0;8.51;0.9
564.0;617.22;194.0;11.6;1.24
629.0;673.35;193.0;13.76;2.62
504.0;291.24;314.0;14.94;3.86
630.0;819.59;127.0;15.23;4.14
525.0;741.32;129.0;14.78;3.86
396.0;696.59;104.0;14.82;3.93
156.0;122.94;122.0;14.15;3.03
68.0;241.31;40.0;12.9;2.62
0.0;0.0;0.0;11.16;2.55
0.0;0.0;0.0;9.55;2.48
0.0;0.0;0.0;8.01;2.55
0.0;0.0;0.0;6.67;2.55
0.0;0.0;0.0;5.25;2.41
0.0;0.0;0.0;4.34;2.21
0.0;0.0;0.0;4.1;2.0
0.0;0.0;0.0;4.12;1.86
0.0;0.0;0.0;4.06;1.72
0.0;0.0;0.0;3.65;1.66
0.0;0.0;0.0;3.15;1.52
0.0;0.0;0.0;2.94;1.38
36.0;93.85;28.0;3.26;1.24
179.0;326.34;98.0;4.41;0.76
362.0;632.01;112.0;6.84;0.28
520.0;792.64;110.0;9.58;0.48
627.0;839.66;119.0;11.0;0.83
690.0;874.65;119.0;12.08;0.97
685.0;842.63;131.0;12.95;1.17
663.0;913.36;98.0;13.54;1.59
544.0;794.26;116.0;13.83;2.0
416.0;759.94;94.0;13.78;2.41
247.0;604.99;77.0;13.31;2.69
75.0;290.63;40.0;11.9;2.62
0.0;0.0;0.0;9.65;2.97
0.0;0.0;0.0;8.18;3.03
0.0;0.0;0.0;7.98;3.17
0.0;0.0;0.0;7.03;3.17
0.0;0.0;0.0;6.24;2.97
0.0;0.0;0.0;5.37;2.76
0.0;0.0;0.0;4.27;2.41
0.0;0.0;0.0;2.87;2.14
0.0;0.0;0.0;1.42;1.86
0.0;0.0;0.0;0.56;1.66
0.0;0.0;0.0;0.05;1.45
0.0;0.0;0.0;-0.28;1.31
42.0;120.39;31.0;-0.21;1.1
208.0;515.23;77.0;2.2;0.83
383.0;724.84;92.0;6.71;1.03
525.0;799.26;107.0;10.7;1.31
632.0;850.09;113.0;13.83;1.86
691.0;873.71;116.0;16.09;2.62
696.0;875.45;116.0;17.55;3.31
655.0;879.01;107.0;18.43;3.52
491.0;563.0;185.0;18.91;3.66
309.0;268.55;194.0;18.83;3.45
198.0;276.8;119.0;18.25;3.17
60.0;112.18;46.0;16.83;2.97
0.0;0.0;0.0;14.45;2.9
0.0;0.0;0.0;12.59;2.83
0.0;0.0;0.0;11.53;2.62
0.0;0.0;0.0;9.82;2.41
0.0;0.0;0.0;8.19;2.14
0.0;0.0;0.0;7.09;2.0
0.0;0.0;0.0;6.15;2.0
0.0;0.0;0.0;5.17;2.07
0.0;0.0;0.0;4.56;2.07
0.0;0.0;0.0;4.45;2.07
0.0;0.0;0.0;4.37;2.14
0.0;0.0;0.0;3.78;2.14
49.0;164.11;33.0;3.74;2.07
208.0;484.09;82.0;6.0;1.66
384.0;711.91;94.0;10.8;1.45
527.0;796.32;106.0;14.11;1.79
590.0;683.44;169.0;15.96;2.83
617.0;607.52;214.0;17.13;3.66
675.0;804.46;138.0;18.09;4.48
638.0;819.77;123.0;18.75;4.83
528.0;720.64;133.0;18.97;5.1
385.0;591.64;129.0;18.68;5.24
189.0;224.3;124.0;17.4;4.34
47.0;30.97;43.0;16.31;3.66
0.0;0.0;0.0;14.63;2.62
0.0;0.0;0.0;12.79;2.62
0.0;0.0;0.0;11.63;2.69
0.0;0.0;0.0;10.52;2.69
0.0;0.0;0.0;9.66;2.76
0.0;0.0;0.0;9.49;2.83
0.0;0.0;0.0;9.19;3.17
0.0;0.0;0.0;9.52;3.31
0.0;0.0;0.0;9.89;3.52
0.0;0.0;0.0;10.38;3.66
0.0;0.0;0.0;10.88;3.93
0.0;0.0;0.0;10.63;4.62
6.0;0.0;6.0;9.65;5.03
23.0;0.0;23.0;8.99;5.24
211.0;62.92;185.0;9.79;5.1
253.0;35.56;234.0;10.0;5.17
383.0;122.3;307.0;10.51;5.31
205.0;0.0;205.0;11.11;5.31
403.0;104.09;333.0;11.63;5.17
612.0;690.39;175.0;12.07;4.9
384.0;213.5;266.0;12.16;4.97
277.0;160.14;207.0;11.96;4.48
112.0;17.0;107.0;11.79;3.59
65.0;112.36;50.0;11.19;2.55
0.0;0.0;0.0;9.97;2.0
0.0;0.0;0.0;8.22;1.72
0.0;0.0;0.0;6.28;1.59
0.0;0.0;0.0;4.97;1.79
0.0;0.0;0.0;3.68;1.86
0.0;0.0;0.0;2.59;2.0
0.0;0.0;0.0;1.96;2.14
0.0;0.0;0.0;1.72;2.28
0.0;0.0;0.0;1.52;2.34
0.0;0.0;0.0;1.16;2.28
0.0;0.0;0.0;0.83;2.21
0.0;0.0;0.0;0.67;2.34
70.0;337.3;33.0;1.07;2.48
222.0;495.83;87.0;3.8;2.34
277.0;193.3;196.0;7.54;1.93
279.0;55.56;249.0;9.31;2.97
314.0;43.07;287.0;10.37;3.24
235.0;1.48;234.0;11.09;3.24
285.0;13.29;276.0;11.54;3.1
418.0;155.25;319.0;11.89;3.03
256.0;28.71;240.0;11.94;2.83
369.0;457.5;167.0;11.74;3.03
187.0;184.27;132.0;10.86;3.17
8.0;0.0;8.0;10.29;2.21
0.0;0.0;0.0;8.98;1.93
0.0;0.0;0.0;7.44;2.07
0.0;0.0;0.0;6.2;2.21
0.0;0.0;0.0;4.99;2.28
0.0;0.0;0.0;4.05;2.28
0.0;0.0;0.0;3.68;2.34
0.0;0.0;0.0;3.14;2.48
0.0;0.0;0.0;2.59;2.55
0.0;0.0;0.0;2.28;2.69
0.0;0.0;0.0;2.11;2.76
0.0;0.0;0.0;1.88;2.69
0.0;0.0;0.0;1.51;2.62
72.0;302.33;37.0;1.27;2.48
243.0;614.6;72.0;3.68;2.14
413.0;762.68;89.0;8.4;2.83
537.0;762.54;121.0;10.62;3.79
550.0;479.29;247.0;12.25;4.21
580.0;439.0;282.0;13.46;4.97
486.0;216.92;338.0;14.14;5.52
449.0;205.5;317.0;14.29;5.03
371.0;172.68;274.0;14.53;4.97
250.0;94.19;208.0;14.49;4.41
134.0;39.63;122.0;14.02;3.52
61.0;63.33;52.0;13.32;2.97
0.0;0.0;0.0;12.15;2.48
0.0;0.0;0.0;10.86;2.28
0.0;0.0;0.0;9.56;2.34
0.0;0.0;0.0;8.64;2.41
0.0;0.0;0.0;8.17;2.41
0.0;0.0;0.0;8.07;2.28
0.0;0.0;0.0;7.54;2.07
0.0;0.0;0.0;6.89;2.0
0.0;0.0;0.0;6.66;1.86
0.0;0.0;0.0;6.07;1.79
0.0;0.0;0.0;5.18;2.07
0.0;0.0;0.0;4.37;2.14
49.0;57.46;42.0;4.07;2.07
209.0;355.44;108.0;6.11;1.79
282.0;190.45;200.0;10.59;2.07
314.0;90.73;264.0;12.98;2.69
340.0;61.18;301.0;14.38;3.24
601.0;489.85;266.0;15.38;3.93
372.0;64.04;328.0;16.56;5.03
614.0;652.27;192.0;17.17;4.97
466.0;408.0;235.0;17.81;5.38
355.0;379.8;184.0;17.77;4.76
220.0;309.38;125.0;17.26;4.07
105.0;416.67;44.0;16.05;3.79
0.0;0.0;0.0;14.1;3.38
0.0;0.0;0.0;12.41;3.1
0.0;0.0;0.0;11.44;3.03
0.0;0.0;0.0;10.32;3.03
0.0;0.0;0.0;9.44;3.1
0.0;0.0;0.0;8.72;3.1
0.0;0.0;0.0;8.16;3.1
0.0;0.0;0.0;7.71;3.03
0.0;0.0;0.0;7.34;2.97
0.0;0.0;0.0;7.33;2.97
0.0;0.0;0.0;7.04;2.83
0.0;0.0;0.0;6.4;2.62
34.0;7.82;33.0;5.78;2.21
25.0;0.0;25.0;7.57;1.66
102.0;0.0;102.0;12.38;1.1
247.0;23.36;234.0;14.33;0.9
170.0;0.0;170.0;15.14;0.48
166.0;0.0;166.0;15.53;1.31
209.0;0.0;209.0;15.26;2.41
119.0;0.0;119.0;13.93;2.55
260.0;28.04;244.0;13.6;2.62
165.0;6.6;162.0;13.51;2.14
135.0;35.33;124.0;12.86;2.55
75.0;112.84;58.0;9.39;3.32
0.0;0.0;0.0;9.2;3.41
0.0;0.0;0.0;9.01;3.49
0.0;0.0;0.0;8.82;3.58
0.0;0.0;0.0;8.63;3.66
0.0;0.0;0.0;8.44;3.75
0.0;0.0;0.0;8.25;3.84
0.0;0.0;0.0;8.06;3.92
0.0;0.0;0.0;7.87;4.01
0.0;0.0;0.0;7.68;4.09
0.0;0.0;0.0;7.49;4.18
0.0;0.0;0.0;7.3;4.27
0.0;0.0;0.0;7.11;4.35
87.0;313.8;45.0;6.92;4.44
136.0;50.69;121.0;6.74;4.52
245.0;92.77;204.0;6.55;4.61
304.0;71.17;264.0;11.48;5.79
337.0;54.02;302.0;12.03;5.79
399.0;85.03;340.0;12.27;4.83
647.0;587.11;238.0;13.42;4.34
266.0;10.67;259.0;13.94;4.0
289.0;48.7;261.0;14.34;3.93
308.0;202.7;215.0;14.26;3.79
265.0;529.26;98.0;12.75;3.38
111.0;393.8;50.0;12.45;2.28
0.0;0.0;0.0;11.37;1.93
0.0;0.0;0.0;9.19;2.0
0.0;0.0;0.0;7.95;2.14
0.0;0.0;0.0;6.96;2.34
0.0;0.0;0.0;6.48;2.28
0.0;0.0;0.0;5.96;2.14
0.0;0.0;0.0;5.22;2.28
0.0;0.0;0.0;4.61;2.34
0.0;0.0;0.0;4.22;2.48
0.0;0.0;0.0;3.74;2.55
0.0;0.0;0.0;3.66;2.48
0.0;0.0;0.0;3.19;2.21
25.0;0.0;25.0;3.29;1.93
264.0;596.55;84.0;5.75;1.59
196.0;26.81;184.0;9.95;2.48
108.0;0.0;108.0;11.51;3.59
296.0;24.5;280.0;12.25;3.59
275.0;8.59;269.0;12.9;3.1
63.0;0.0;63.0;13.32;2.76
307.0;28.76;288.0;14.26;2.62
544.0;643.89;171.0;14.5;2.69
390.0;472.96;171.0;14.54;2.69
274.0;559.85;95.0;14.15;2.76
109.0;351.93;53.0;13.43;1.79
0.0;0.0;0.0;11.86;1.45
0.0;0.0;0.0;10.27;1.17
0.0;0.0;0.0;8.97;1.45
0.0;0.0;0.0;7.41;1.79
0.0;0.0;0.0;5.98;2.0
0.0;0.0;0.0;4.98;2.0
0.0;0.0;0.0;3.95;1.93
0.0;0.0;0.0;3.05;1.93
0.0;0.0;0.0;2.21;2.0
0.0;0.0;0.0;1.79;2.07
0.0;0.0;0.0;1.49;2.14
0.0;0.0;0.0;1.28;2.28
14.0;0.0;14.0;1.75;2.14
227.0;341.44;122.0;5.1;2.07
143.0;2.21;142.0;10.1;2.34
106.0;0.0;106.0;11.36;3.72
221.0;1.52;220.0;11.26;4.14
119.0;0.0;119.0;11.62;3.79
121.0;0.0;121.0;11.07;4.21
481.0;233.08;326.0;11.45;3.38
519.0;527.77;211.0;12.31;3.31
438.0;672.04;124.0;12.41;3.31
278.0;561.91;96.0;12.4;2.83
110.0;330.63;56.0;11.79;1.79
0.0;0.0;0.0;10.3;2.0
0.0;0.0;0.0;8.31;2.21
0.0;0.0;0.0;7.15;2.07
0.0;0.0;0.0;5.72;2.21
0.0;0.0;0.0;4.69;2.28
0.0;0.0;0.0;4.15;2.48
0.0;0.0;0.0;3.89;2.69
0.0;0.0;0.0;3.79;2.9
0.0;0.0;0.0;4.02;3.03
0.0;0.0;0.0;3.88;3.03
0.0;0.0;0.0;3.55;2.83
0.0;0.0;0.0;3.49;2.76
36.0;0.0;36.0;3.64;2.9
110.0;9.58;107.0;4.6;2.97
267.0;109.0;217.0;6.19;3.93
389.0;181.63;284.0;7.05;3.72
389.0;91.97;328.0;7.88;3.66
247.0;2.82;245.0;8.5;3.52
105.0;0.0;105.0;9.22;3.45
198.0;0.0;198.0;9.65;3.1
273.0;28.92;256.0;10.02;3.1
363.0;328.81;208.0;10.21;3.31
262.0;429.84;121.0;9.83;3.03
120.0;394.02;54.0;9.2;2.07
0.0;0.0;0.0;7.96;1.31
0.0;0.0;0.0;6.22;1.17
0.0;0.0;0.0;3.37;1.86
0.0;0.0;0.0;2.03;2.0
0.0;0.0;0.0;0.76;2.07
0.0;0.0;0.0;-0.1;2.14
0.0;0.0;0.0;-0.44;2.14
0.0;0.0;0.0;-0.18;2.34
0.0;0.0;0.0;0.92;2.62
0.0;0.0;0.0;1.09;2.41
0.0;0.0;0.0;0.58;2.07
0.0;0.0;0.0;-0.08;1.72
10.0;0.0;10.0;0.74;1.1
35.0;0.0;35.0;2.34;0.34
77.0;0.0;77.0;3.57;0.83
66.0;0.0;66.0;3.62;1.31
102.0;0.0;102.0;3.39;1.66
84.0;0.0;84.0;4.18;2.62
97.0;0.0;97.0;4.12;3.45
157.0;0.0;157.0;4.23;3.86
116.0;0.0;116.0;4.45;4.0
63.0;0.0;63.0;3.99;3.31
32.0;0.0;32.0;3.91;3.72
29.0;0.0;29.0;3.64;3.24
0.0;0.0;0.0;3.31;2.48
0.0;0.0;0.0;2.96;2.21
0.0;0.0;0.0;2.07;2.48
0.0;0.0;0.0;1.56;2.9
0.0;0.0;0.0;1.08;2.97
0.0;0.0;0.0;0.99;2.55
0.0;0.0;0.0;0.98;2.62
0.0;0.0;0.0;0.86;2.55
0.0;0.0;0.0;0.91;2.48
0.0;0.0;0.0;0.83;2.07
0.0;0.0;0.0;0.68;2.07
0.0;0.0;0.0;0.39;2.21
34.0;0.0;34.0;0.43;2.28
162.0;64.69;141.0;1.22;2.55
398.0;464.18;180.0;2.47;2.97
529.0;531.82;216.0;3.53;2.97
495.0;239.15;334.0;4.78;3.59
448.0;118.4;363.0;5.77;3.66
411.0;77.83;355.0;6.15;3.66
564.0;384.94;303.0;6.54;3.59
285.0;33.55;265.0;6.88;3.38
346.0;254.37;224.0;6.65;3.1
225.0;220.09;151.0;6.65;2.83
61.0;17.06;58.0;6.27;2.14
0.0;0.0;0.0;5.15;1.66
0.0;0.0;0.0;3.38;1.72
0.0;0.0;0.0;1.64;1.45
0.0;0.0;0.0;0.77;1.38
0.0;0.0;0.0;0.01;1.38
0.0;0.0;0.0;-0.06;1.24
0.0;0.0;0.0;0.51;1.03
0.0;0.0;0.0;0.53;0.69
0.0;0.0;0.0;0.48;0.28
0.0;0.0;0.0;0.38;0.21
0.0;0.0;0.0;0.03;0.34
0.0;0.0;0.0;-0.5;0.48
113.0;295.64;63.0;-0.86;0.34
288.0;554.18;105.0;0.75;0.21
467.0;736.8;117.0;2.68;0.69
594.0;741.13;154.0;4.36;1.24
674.0;699.0;200.0;5.53;1.79
750.0;797.17;174.0;6.59;2.07
768.0;855.0;149.0;7.64;2.21
701.0;781.2;168.0;8.28;2.14
625.0;831.23;126.0;8.66;2.07
467.0;696.77;130.0;8.62;1.93
294.0;534.87;112.0;8.55;1.79
131.0;389.07;61.0;8.07;1.59
0.0;0.0;0.0;6.85;1.59
0.0;0.0;0.0;4.27;1.52
0.0;0.0;0.0;2.85;1.66
0.0;0.0;0.0;2.84;1.45
0.0;0.0;0.0;4.05;1.17
0.0;0.0;0.0;3.54;0.76
0.0;0.0;0.0;2.93;0.69
0.0;0.0;0.0;2.19;0.83
0.0;0.0;0.0;1.09;0.97
0.0;0.0;0.0;0.2;1.03
0.0;0.0;0.0;-1.03;1.24
0.0;0.0;0.0;-2.04;1.38
127.0;388.87;59.0;-1.76;1.38
305.0;631.38;93.0;2.05;1.17
464.0;701.56;127.0;5.81;1.66
450.0;267.21;290.0;7.79;2.55
672.0;683.8;205.0;9.09;2.62
785.0;898.04;132.0;9.93;2.14
786.0;897.93;132.0;10.85;1.66
718.0;833.24;146.0;11.57;1.38
630.0;838.86;123.0;12.05;1.1
475.0;717.69;125.0;12.27;0.9
310.0;615.75;98.0;12.32;0.83
138.0;418.45;61.0;11.73;0.41
0.0;0.0;0.0;9.69;1.45
0.0;0.0;0.0;6.38;1.72
0.0;0.0;0.0;5.51;1.66
0.0;0.0;0.0;3.18;1.86
0.0;0.0;0.0;1.26;2.07
0.0;0.0;0.0;0.25;2.21
0.0;0.0;0.0;-0.26;2.34
0.0;0.0;0.0;-0.56;2.41
0.0;0.0;0.0;-0.75;2.41
0.0;0.0;0.0;-0.79;2.48
0.0;0.0;0.0;-0.68;2.48
0.0;0.0;0.0;-0.45;2.62
70.0;33.23;64.0;0.84;2.41
299.0;586.04;99.0;4.54;2.07
468.0;720.71;118.0;10.02;2.34
613.0;801.59;129.0;12.46;3.24
704.0;808.47;148.0;14.37;3.66
733.0;743.51;189.0;15.78;3.86
684.0;581.44;258.0;16.68;4.14
406.0;94.12;341.0;16.82;4.34
478.0;330.36;277.0;16.68;4.28
428.0;514.59;175.0;16.37;4.07
271.0;387.61;136.0;15.79;3.38
115.0;212.67;75.0;14.53;2.9
0.0;0.0;0.0;12.34;2.62
0.0;0.0;0.0;10.52;2.34
0.0;0.0;0.0;8.83;0.97
0.0;0.0;0.0;8.9;0.48
0.0;0.0;0.0;8.09;0.69
0.0;0.0;0.0;6.05;1.31
0.0;0.0;0.0;5.12;1.45
0.0;0.0;0.0;4.37;1.59
0.0;0.0;0.0;3.6;1.72
0.0;0.0;0.0;3.1;1.93
0.0;0.0;0.0;2.71;2.0
0.0;0.0;0.0;2.52;2.14
12.0;0.0;12.0;3.08;2.28
119.0;8.65;116.0;4.46;2.21
360.0;285.22;220.0;7.29;3.72
532.0;504.3;225.0;8.27;3.59
614.0;509.8;261.0;9.78;3.17
730.0;741.71;184.0;11.55;1.93
637.0;458.67;299.0;13.04;0.69
168.0;0.0;168.0;14.06;1.59
181.0;0.0;181.0;14.14;2.34
53.0;0.0;53.0;13.74;2.34
75.0;0.0;75.0;13.03;2.07
91.0;83.28;75.0;11.96;2.55
0.0;0.0;0.0;10.87;3.1
0.0;0.0;0.0;9.64;3.1
0.0;0.0;0.0;9.07;3.31
0.0;0.0;0.0;7.86;3.24
0.0;0.0;0.0;6.8;3.03
0.0;0.0;0.0;5.97;2.62
0.0;0.0;0.0;5.21;2.41
0.0;0.0;0.0;4.69;2.28
0.0;0.0;0.0;4.2;2.41
0.0;0.0;0.0;3.77;2.48
0.0;0.0;0.0;3.51;2.48
0.0;0.0;0.0;3.34;2.76
22.0;0.0;22.0;3.26;2.83
60.0;0.0;60.0;3.21;2.9
79.0;0.0;79.0;2.93;2.69
154.0;0.0;154.0;3.16;2.69
135.0;0.0;135.0;3.4;2.62
94.0;0.0;94.0;3.86;2.76
85.0;0.0;85.0;4.27;2.9
76.0;0.0;76.0;4.73;2.9
145.0;0.0;145.0;4.95;2.76
80.0;0.0;80.0;5.21;2.76
33.0;0.0;33.0;5.34;3.1
13.0;0.0;13.0;5.17;3.03
1.0;0.0;1.0;4.89;2.9
0.0;0.0;0.0;4.61;2.83
0.0;0.0;0.0;3.88;2.07
0.0;0.0;0.0;3.65;2.14
0.0;0.0;0.0;3.63;2.21
0.0;0.0;0.0;3.55;2.07
0.0;0.0;0.0;3.48;1.79
0.0;0.0;0.0;3.24;1.66
0.0;0.0;0.0;2.72;1.59
0.0;0.0;0.0;2.55;1.38
0.0;0.0;0.0;2.33;1.31
1.0;0.0;1.0;1.99;1.38
42.0;0.0;42.0;2.59;1.31
72.0;0.0;72.0;3.52;2.21
176.0;5.99;173.0;4.44;3.03
303.0;40.42;278.0;4.71;2.97
226.0;1.43;225.0;5.31;2.97
136.0;0.0;136.0;5.93;3.03
197.0;0.0;197.0;6.77;3.24
404.0;85.38;344.0;7.18;3.17
225.0;4.84;222.0;7.34;3.1
246.0;45.69;223.0;7.27;3.24
61.0;0.0;61.0;7.18;3.24
71.0;19.98;67.0;6.79;2.48
3.0;0.0;3.0;6.16;1.93
0.0;0.0;0.0;5.6;1.59
0.0;0.0;0.0;4.72;1.03
0.0;0.0;0.0;4.18;0.83
0.0;0.0;0.0;3.95;0.83
0.0;0.0;0.0;3.45;1.17
0.0;0.0;0.0;3.06;1.52
0.0;0.0;0.0;2.79;1.72
0.0;0.0;0.0;2.82;1.86
0.0;0.0;0.0;2.81;1.86
0.0;0.0;0.0;2.64;1.86
2.0;0.0;2.0;2.6;1.86
13.0;0.0;13.0;2.87;1.86
145.0;19.3;138.0;3.72;2.07
416.0;418.87;204.0;4.94;2.48
586.0;633.75;191.0;6.23;3.17
440.0;123.2;353.0;6.8;2.97
520.0;190.87;377.0;8.04;3.52
381.0;44.04;348.0;8.68;3.52
263.0;5.66;259.0;9.16;3.59
332.0;62.49;293.0;9.37;3.31
116.0;0.0;116.0;9.88;3.66
172.0;49.46;154.0;9.32;3.38
81.0;34.29;74.0;8.79;3.03
7.0;0.0;7.0;8.06;2.55
0.0;0.0;0.0;6.43;2.41
0.0;0.0;0.0;5.91;2.34
0.0;0.0;0.0;4.95;2.41
0.0;0.0;0.0;3.9;2.41
0.0;0.0;0.0;2.99;2.55
0.0;0.0;0.0;2.95;2.62
0.0;0.0;0.0;3.19;2.83
0.0;0.0;0.0;3.58;3.03
0.0;0.0;0.0;3.94;3.24
0.0;0.0;0.0;4.15;3.59
1.0;0.0;1.0;4.75;4.0
53.0;0.0;53.0;5.71;4.28
126.0;5.44;124.0;6.97;4.28
92.0;0.0;92.0;8.2;6.9
242.0;7.96;237.0;8.17;7.17
118.0;0.0;118.0;8.63;6.62
154.0;0.0;154.0;10.18;5.86
128.0;0.0;128.0;9.75;5.66
174.0;0.0;174.0;8.69;5.1
541.0;466.63;248.0;8.16;4.9
374.0;273.98;234.0;8.97;5.59
47.0;0.0;47.0;9.19;5.24
87.0;43.25;78.0;8.58;4.9
14.0;93.54;10.0;8.11;4.69
0.0;0.0;0.0;7.22;4.48
0.0;0.0;0.0;6.37;4.21
0.0;0.0;0.0;5.96;4.21
0.0;0.0;0.0;5.3;4.21
0.0;0.0;0.0;5.09;4.34
0.0;0.0;0.0;4.74;4.34
0.0;0.0;0.0;4.62;4.07
0.0;0.0;0.0;4.26;4.07
0.0;0.0;0.0;4.29;4.07
0.0;0.0;0.0;4.18;4.07
2.0;0.0;2.0;4.1;4.07
98.0;60.87;85.0;4.5;4.07
333.0;608.48;106.0;5.45;4.41
294.0;94.96;245.0;6.56;5.31
356.0;80.62;305.0;7.9;5.52
596.0;388.8;318.0;8.9;5.72
610.0;333.96;357.0;9.8;5.86
279.0;3.96;276.0;10.68;6.14
393.0;65.79;346.0;11.18;5.59
531.0;416.36;268.0;11.47;5.1
415.0;382.72;218.0;11.87;4.62
307.0;465.55;134.0;11.84;3.52
167.0;481.08;65.0;11.5;1.66
18.0;128.02;12.0;10.9;0.48
0.0;0.0;0.0;7.7;1.38
0.0;0.0;0.0;4.91;2.28
0.0;0.0;0.0;3.75;2.48
0.0;0.0;0.0;3.22;2.48
0.0;0.0;0.0;3.0;2.55
0.0;0.0;0.0;3.03;2.55
0.0;0.0;0.0;3.14;2.76
0.0;0.0;0.0;3.61;2.69
0.0;0.0;0.0;3.64;2.41
0.0;0.0;0.0;3.71;2.0
2.0;0.0;2.0;4.08;1.66
22.0;0.0;22.0;4.8;1.38
69.0;0.0;69.0;6.04;1.24
220.0;21.12;209.0;7.89;0.97
148.0;0.0;148.0;9.62;0.62
242.0;1.39;241.0;11.68;0.55
251.0;1.31;250.0;14.06;0.62
520.0;182.59;381.0;15.62;1.1
425.0;100.25;353.0;16.39;2.28
151.0;0.0;151.0;16.16;2.55
239.0;34.72;221.0;15.68;2.97
176.0;47.95;158.0;14.71;2.62
64.0;4.63;63.0;14.09;2.62
2.0;0.0;2.0;13.29;2.62
0.0;0.0;0.0;11.76;3.03
0.0;0.0;0.0;10.97;2.76
0.0;0.0;0.0;10.3;3.31
0.0;0.0;0.0;10.09;3.72
0.0;0.0;0.0;9.64;3.93
0.0;0.0;0.0;9.5;4.07
0.0;0.0;0.0;9.11;4.07
0.0;0.0;0.0;9.04;3.93
0.0;0.0;0.0;8.76;3.79
0.0;0.0;0.0;8.87;3.93
25.0;134.85;17.0;8.92;4.07
16.0;0.0;16.0;9.01;4.21
70.0;0.0;70.0;8.95;4.34
96.0;0.0;96.0;9.58;4.07
156.0;0.0;156.0;9.78;4.0
103.0;0.0;103.0;10.93;3.45
401.0;53.55;360.0;12.32;3.59
373.0;36.59;345.0;13.28;3.45
539.0;270.1;344.0;14.05;3.38
336.0;61.03;297.0;14.23;3.59
439.0;469.23;194.0;14.26;3.59
223.0;137.15;171.0;14.12;3.38
166.0;432.19;71.0;13.25;2.55
23.0;127.22;16.0;12.26;1.52
0.0;0.0;0.0;10.81;1.45
0.0;0.0;0.0;8.7;1.72
0.0;0.0;0.0;7.38;1.66
0.0;0.0;0.0;6.34;1.66
0.0;0.0;0.0;5.13;1.72
0.0;0.0;0.0;4.15;1.66
0.0;0.0;0.0;3.36;1.72
0.0;0.0;0.0;2.84;1.79
0.0;0.0;0.0;2.61;1.79
0.0;0.0;0.0;2.31;1.86
3.0;0.0;3.0;2.61;1.86
138.0;191.9;94.0;4.17;1.59
136.0;7.73;133.0;8.32;1.38
334.0;152.75;253.0;11.03;1.93
361.0;80.48;309.0;12.66;2.34
382.0;54.96;342.0;13.46;2.21
147.0;0.0;147.0;14.04;2.14
400.0;50.72;361.0;14.29;2.07
248.0;2.76;246.0;15.0;1.66
427.0;175.83;314.0;14.13;1.86
253.0;43.75;230.0;13.09;2.34
110.0;0.0;110.0;13.31;2.14
89.0;31.3;82.0;12.84;1.52
16.0;33.86;14.0;12.1;1.24
0.0;0.0;0.0;10.9;0.62
0.0;0.0;0.0;10.84;0.41
0.0;0.0;0.0;10.21;0.48
0.0;0.0;0.0;9.61;0.62
0.0;0.0;0.0;8.8;0.76
0.0;0.0;0.0;7.53;0.83
0.0;0.0;0.0;6.54;0.76
0.0;0.0;0.0;5.75;0.55
0.0;0.0;0.0;4.74;0.41
0.0;0.0;0.0;4.14;0.28
6.0;0.0;6.0;3.7;0.07
133.0;149.33;98.0;4.76;0.0
330.0;496.24;135.0;7.34;0.48
513.0;712.31;132.0;9.67;1.66
660.0;804.01;137.0;11.6;2.76
755.0;829.34;148.0;12.79;3.24
780.0;765.27;188.0;13.56;3.17
787.0;794.64;173.0;14.11;3.17
735.0;777.51;168.0;14.76;3.03
626.0;700.96;173.0;15.32;2.97
498.0;670.61;143.0;14.95;2.76
346.0;620.9;106.0;14.65;2.62
174.0;443.96;73.0;14.13;2.41
20.0;47.55;17.0;12.96;2.21
0.0;0.0;0.0;11.47;2.21
0.0;0.0;0.0;10.66;2.07
0.0;0.0;0.0;8.94;2.0
0.0;0.0;0.0;7.66;2.0
0.0;0.0;0.0;6.81;2.07
0.0;0.0;0.0;6.58;2.0
0.0;0.0;0.0;5.81;2.0
0.0;0.0;0.0;5.14;1.79
0.0;0.0;0.0;5.02;1.59
0.0;0.0;0.0;4.66;1.52
6.0;0.0;6.0;4.71;1.38
52.0;0.0;52.0;5.96;0.97
114.0;0.0;114.0;8.21;1.03
121.0;0.0;121.0;10.11;0.97
428.0;161.89;322.0;11.78;1.03
434.0;97.83;362.0;13.24;1.24
406.0;51.45;366.0;14.52;1.59
582.0;264.05;377.0;15.22;1.79
359.0;38.21;331.0;15.98;1.72
341.0;58.48;303.0;16.3;1.72
263.0;48.79;237.0;16.18;2.14
310.0;420.31;146.0;15.67;1.72
102.0;51.88;90.0;14.45;1.31
18.0;14.9;17.0;13.25;1.38
0.0;0.0;0.0;12.19;0.9
0.0;0.0;0.0;12.02;0.97
0.0;0.0;0.0;11.99;0.9
0.0;0.0;0.0;11.35;0.76
0.0;0.0;0.0;10.17;0.9
0.0;0.0;0.0;8.82;1.24
0.0;0.0;0.0;7.17;1.45
0.0;0.0;0.0;6.21;1.52
0.0;0.0;0.0;5.88;1.45
0.0;0.0;0.0;6.27;1.24
27.0;37.33;24.0;6.03;0.9
161.0;253.71;99.0;6.26;0.34
329.0;449.72;148.0;9.39;0.21
510.0;661.9;150.0;13.0;0.69
649.0;745.08;158.0;14.69;0.97
750.0;793.31;163.0;15.88;1.66
648.0;384.03;348.0;16.47;2.34
563.0;224.37;388.0;16.45;2.34
530.0;226.8;363.0;16.64;2.34
554.0;442.38;265.0;16.49;2.28
115.0;0.0;115.0;16.48;2.28
253.0;187.91;179.0;16.27;2.28
164.0;323.3;88.0;15.55;1.86
31.0;140.7;21.0;14.27;2.0
0.0;0.0;0.0;12.47;2.34
0.0;0.0;0.0;11.34;2.48
0.0;0.0;0.0;9.74;2.34
0.0;0.0;0.0;8.18;2.21
0.0;0.0;0.0;6.83;2.07
0.0;0.0;0.0;6.34;1.86
0.0;0.0;0.0;6.38;1.59
0.0;0.0;0.0;6.2;1.45
0.0;0.0;0.0;5.3;1.52
0.0;0.0;0.0;4.32;1.52
29.0;35.1;26.0;3.7;1.45
195.0;453.34;82.0;5.7;0.97
336.0;459.33;149.0;9.77;1.17
527.0;711.31;137.0;13.43;1.45
669.0;791.7;144.0;15.54;2.07
737.0;727.31;196.0;16.74;2.07
770.0;691.8;227.0;17.46;1.66
772.0;704.5;220.0;17.93;1.38
710.0;651.52;228.0;18.3;1.24
635.0;692.83;180.0;18.52;1.03
473.0;520.44;192.0;18.51;0.83
337.0;510.83;134.0;18.36;0.9
169.0;330.79;90.0;17.69;1.17
30.0;79.97;24.0;16.16;1.93
0.0;0.0;0.0;13.96;2.34
0.0;0.0;0.0;12.3;2.55
0.0;0.0;0.0;10.67;2.41
0.0;0.0;0.0;9.15;2.28
0.0;0.0;0.0;7.89;2.0
0.0;0.0;0.0;7.14;1.86
0.0;0.0;0.0;6.63;1.52
0.0;0.0;0.0;6.65;1.24
0.0;0.0;0.0;6.8;0.9
0.0;0.0;0.0;6.31;0.83
34.0;55.26;29.0;5.85;0.83
182.0;338.49;96.0;7.14;0.69
355.0;544.1;131.0;11.0;0.69
531.0;716.61;135.0;15.36;0.83
669.0;785.37;145.0;17.68;1.45
762.0;809.17;157.0;18.89;2.14
820.0;848.39;151.0;19.49;2.21
827.0;870.36;142.0;19.9;1.93
765.0;828.82;149.0;20.19;1.66
671.0;813.49;134.0;20.25;1.59
520.0;710.38;134.0;20.22;1.86
359.0;618.54;111.0;19.79;2.28
189.0;461.77;77.0;18.86;2.28
41.0;215.3;24.0;16.96;2.9
0.0;0.0;0.0;15.0;3.24
0.0;0.0;0.0;14.23;1.93
0.0;0.0;0.0;12.08;1.86
0.0;0.0;0.0;10.78;1.79
0.0;0.0;0.0;10.21;1.59
0.0;0.0;0.0;10.12;1.31
0.0;0.0;0.0;9.33;1.17
0.0;0.0;0.0;8.21;1.03
0.0;0.0;0.0;7.52;0.9
0.0;0.0;0.0;6.98;0.83
8.0;0.0;8.0;6.71;0.83
79.0;3.86;78.0;8.21;0.55
185.0;33.64;171.0;12.12;0.41
482.0;511.82;197.0;15.31;0.07
658.0;749.42;155.0;17.24;0.34
765.0;818.43;150.0;18.37;0.69
828.0;869.81;139.0;19.06;0.83
777.0;724.89;204.0;19.31;0.97
415.0;75.01;359.0;19.37;0.9
611.0;607.41;208.0;19.24;0.48
237.0;23.78;224.0;18.77;1.17
80.0;0.0;80.0;18.27;1.38
106.0;44.67;95.0;17.19;0.76
16.0;0.0;16.0;16.09;0.97
0.0;0.0;0.0;14.48;0.97
0.0;0.0;0.0;14.85;0.28
0.0;0.0;0.0;13.87;0.41
0.0;0.0;0.0;12.91;0.41
0.0;0.0;0.0;12.05;0.55
0.0;0.0;0.0;11.16;0.76
0.0;0.0;0.0;10.24;0.9
0.0;0.0;0.0;9.18;0.83
0.0;0.0;0.0;8.24;0.69
0.0;0.0;0.0;7.57;0.69
10.0;0.0;10.0;7.13;0.69
18.0;0.0;18.0;8.74;0.55
199.0;47.55;179.0;12.27;0.55
103.0;0.0;103.0;15.07;0.21
336.0;45.92;305.0;16.6;0.28
138.0;0.0;138.0;17.78;0.28
376.0;30.16;352.0;18.89;0.21
788.0;752.04;191.0;19.47;0.69
401.0;61.34;355.0;20.0;0.9
365.0;74.99;315.0;20.04;0.34
448.0;418.07;218.0;20.28;0.34
365.0;629.97;108.0;19.71;0.62
162.0;248.1;100.0;17.17;1.38
42.0;161.39;28.0;15.8;1.38
0.0;0.0;0.0;14.78;0.9
0.0;0.0;0.0;12.59;1.59
0.0;0.0;0.0;11.97;1.31
0.0;0.0;0.0;11.23;1.17
0.0;0.0;0.0;10.38;1.17
0.0;0.0;0.0;10.34;0.9
0.0;0.0;0.0;9.8;0.62
0.0;0.0;0.0;9.3;0.69
0.0;0.0;0.0;8.87;0.83
0.0;0.0;0.0;8.76;0.76
41.0;57.08;35.0;8.4;0.55
182.0;283.54;106.0;10.03;0.41
355.0;496.55;144.0;13.35;0.28
531.0;681.32;146.0;16.44;0.55
662.0;736.45;162.0;18.12;0.48
768.0;807.91;155.0;19.31;0.55
817.0;823.45;159.0;20.13;1.03
725.0;554.47;283.0;20.51;1.52
654.0;476.67;295.0;20.87;1.79
326.0;40.3;299.0;20.8;2.14
482.0;527.59;190.0;20.47;2.41
335.0;459.4;146.0;19.74;2.28
190.0;414.15;85.0;19.02;1.31
48.0;209.72;29.0;17.94;1.1
0.0;0.0;0.0;15.73;1.38
0.0;0.0;0.0;13.36;2.21
0.0;0.0;0.0;11.8;2.14
0.0;0.0;0.0;10.85;1.86
0.0;0.0;0.0;10.52;1.59
0.0;0.0;0.0;10.27;1.38
0.0;0.0;0.0;10.64;1.03
0.0;0.0;0.0;10.48;0.83
0.0;0.0;0.0;9.91;0.76
0.0;0.0;0.0;9.36;0.69
66.0;273.15;36.0;8.85;0.62
229.0;554.05;78.0;9.54;0.28
391.0;650.08;112.0;11.63;0.62
560.0;767.91;123.0;13.48;1.03
690.0;805.63;140.0;15.09;1.38
782.0;829.08;150.0;16.47;1.72
840.0;867.35;144.0;17.52;1.93
842.0;878.29;139.0;18.24;1.86
783.0;848.82;141.0;18.66;1.93
689.0;833.29;128.0;18.89;2.14
539.0;740.01;127.0;18.89;2.34
380.0;662.93;105.0;18.58;2.55
205.0;490.02;79.0;17.88;2.28
43.0;127.09;31.0;16.53;2.07
0.0;0.0;0.0;14.73;2.14
0.0;0.0;0.0;13.35;2.07
0.0;0.0;0.0;11.44;1.79
0.0;0.0;0.0;10.7;1.52
0.0;0.0;0.0;10.98;1.17
0.0;0.0;0.0;11.21;0.83
0.0;0.0;0.0;10.48;0.76
0.0;0.0;0.0;9.82;0.69
0.0;0.0;0.0;9.25;0.48
0.0;0.0;0.0;8.78;0.41
46.0;61.15;39.0;8.4;0.34
192.0;292.47;111.0;9.11;0.28
357.0;456.91;159.0;11.11;0.83
538.0;661.44;159.0;13.36;0.55
668.0;710.98;180.0;15.22;0.97
773.0;784.84;172.0;16.69;1.38
816.0;784.36;184.0;17.73;1.59
814.0;783.96;184.0;18.4;1.59
752.0;738.65;191.0;18.75;1.52
610.0;551.45;237.0;19.02;1.59
450.0;385.72;234.0;18.92;1.72
323.0;370.63;168.0;18.63;1.93
118.0;53.7;104.0;17.94;1.79
32.0;30.54;29.0;16.76;2.07
0.0;0.0;0.0;15.31;2.41
0.0;0.0;0.0;14.43;2.97
0.0;0.0;0.0;13.8;2.97
0.0;0.0;0.0;13.06;2.28
0.0;0.0;0.0;11.98;1.52
0.0;0.0;0.0;11.05;1.1
0.0;0.0;0.0;11.07;0.76
0.0;0.0;0.0;9.85;0.83
0.0;0.0;0.0;8.78;1.31
0.0;0.0;0.0;8.68;1.45
6.0;0.0;6.0;8.47;1.17
20.0;0.0;20.0;9.23;0.28
35.0;0.0;35.0;10.12;0.83
92.0;0.0;92.0;11.43;0.9
186.0;0.0;186.0;12.28;0.9
308.0;10.4;300.0;13.89;1.31
460.0;82.82;393.0;15.28;1.66
277.0;2.48;275.0;15.74;2.14
205.0;0.0;205.0;16.19;2.55
186.0;0.0;186.0;14.81;1.59
96.0;0.0;96.0;14.86;1.31
122.0;0.0;122.0;15.35;1.31
80.0;3.78;79.0;15.46;0.83
9.0;0.0;9.0;14.76;0.07
0.0;0.0;0.0;12.95;1.38
0.0;0.0;0.0;8.4;2.62
0.0;0.0;0.0;7.85;2.21
0.0;0.0;0.0;7.53;2.07
0.0;0.0;0.0;7.43;2.0
0.0;0.0;0.0;7.35;1.66
0.0;0.0;0.0;7.35;1.59
0.0;0.0;0.0;7.25;1.45
0.0;0.0;0.0;7.21;1.52
0.0;0.0;0.0;7.1;1.38
8.0;0.0;8.0;7.09;1.38
52.0;0.0;52.0;7.11;1.38
89.0;0.0;89.0;7.3;1.52
113.0;0.0;113.0;8.21;1.03
236.0;2.88;234.0;9.29;1.52
247.0;1.29;246.0;10.72;1.66
209.0;0.0;209.0;12.32;1.45
239.0;0.0;239.0;13.61;1.31
186.0;0.0;186.0;14.56;2.0
206.0;0.0;206.0;14.04;2.21
185.0;1.77;184.0;14.43;2.34
52.0;0.0;52.0;14.23;2.14
19.0;0.0;19.0;10.26;1.81
23.0;0.0;23.0;10.43;1.8
0.0;0.0;0.0;10.6;1.78
0.0;0.0;0.0;10.77;1.77
0.0;0.0;0.0;10.93;1.76
0.0;0.0;0.0;11.1;1.75
0.0;0.0;0.0;11.27;1.74
0.0;0.0;0.0;11.44;1.73
0.0;0.0;0.0;11.6;1.72
0.0;0.0;0.0;11.77;1.71
0.0;0.0;0.0;11.94;1.7
0.0;0.0;0.0;12.11;1.69
7.0;0.0;7.0;12.27;1.67
21.0;0.0;21.0;12.44;1.66
41.0;0.0;41.0;12.61;1.65
55.0;0.0;55.0;12.78;1.64
85.0;0.0;85.0;16.13;2.07
123.0;0.0;123.0;16.35;2.28
128.0;0.0;128.0;16.28;1.93
238.0;0.0;238.0;16.54;1.45
410.0;63.75;361.0;17.24;1.1
443.0;163.36;331.0;17.84;1.24
48.0;0.0;48.0;18.31;1.38
105.0;0.0;105.0;18.35;1.79
19.0;0.0;19.0;17.94;1.79
19.0;0.0;19.0;17.0;1.38
0.0;0.0;0.0;15.78;1.31
0.0;0.0;0.0;14.45;0.83
0.0;0.0;0.0;13.39;0.97
0.0;0.0;0.0;13.34;1.24
0.0;0.0;0.0;13.18;1.24
0.0;0.0;0.0;12.97;1.1
0.0;0.0;0.0;12.52;1.1
0.0;0.0;0.0;11.32;1.31
0.0;0.0;0.0;10.97;1.24
0.0;0.0;0.0;10.9;1.03
7.0;0.0;7.0;10.96;0.9
45.0;0.0;45.0;12.11;0.9
136.0;2.23;135.0;13.51;0.69
68.0;0.0;68.0;15.1;2.34
105.0;0.0;105.0;15.25;2.34
119.0;0.0;119.0;15.73;2.07
133.0;0.0;133.0;15.95;2.14
199.0;0.0;199.0;16.39;2.21
126.0;0.0;126.0;16.87;2.14
312.0;27.59;293.0;16.23;2.28
110.0;0.0;110.0;15.6;2.14
78.0;0.0;78.0;15.65;2.0
19.0;0.0;19.0;15.58;1.72
51.0;106.1;39.0;15.06;1.03
0.0;0.0;0.0;14.45;1.38
0.0;0.0;0.0;13.43;1.38
0.0;0.0;0.0;13.26;1.59
0.0;0.0;0.0;12.87;1.86
0.0;0.0;0.0;12.55;2.0
0.0;0.0;0.0;12.28;2.07
0.0;0.0;0.0;12.24;2.07
0.0;0.0;0.0;12.13;2.07
0.0;0.0;0.0;11.74;2.07
0.0;0.0;0.0;11.96;2.14
8.0;0.0;8.0;12.1;2.21
38.0;0.0;38.0;12.56;2.62
78.0;0.0;78.0;13.47;2.0
174.0;0.0;174.0;15.84;1.59
84.0;0.0;84.0;17.14;1.59
157.0;0.0;157.0;17.73;1.66
286.0;2.44;284.0;18.04;1.31
475.0;94.05;398.0;18.59;0.97
106.0;0.0;106.0;19.73;1.1
127.0;0.0;127.0;20.58;1.45
295.0;62.54;259.0;19.45;2.07
78.0;0.0;78.0;18.01;3.59
21.0;0.0;21.0;16.63;2.69
31.0;8.57;30.0;15.71;2.34
0.0;0.0;0.0;14.74;2.21
0.0;0.0;0.0;13.89;1.72
0.0;0.0;0.0;12.91;1.1
0.0;0.0;0.0;12.61;0.97
0.0;0.0;0.0;12.54;0.9
0.0;0.0;0.0;11.91;1.03
0.0;0.0;0.0;11.77;1.31
0.0;0.0;0.0;11.52;1.31
0.0;0.0;0.0;11.65;1.17
0.0;0.0;0.0;11.63;1.24
8.0;0.0;8.0;11.64;1.59
27.0;0.0;27.0;11.47;2.14
73.0;0.0;73.0;11.08;2.28
99.0;0.0;99.0;11.05;2.28
150.0;0.0;150.0;10.91;2.48
118.0;0.0;118.0;11.19;2.97
142.0;0.0;142.0;11.31;3.24
143.0;0.0;143.0;11.64;3.17
119.0;0.0;119.0;12.17;3.1
104.0;0.0;104.0;12.21;2.83
64.0;0.0;64.0;11.97;2.76
90.0;0.0;90.0;11.97;2.69
23.0;0.0;23.0;11.88;2.28
37.0;16.62;35.0;11.72;1.72
0.0;0.0;0.0;11.55;1.38
0.0;0.0;0.0;10.85;2.14
0.0;0.0;0.0;10.65;2.14
0.0;0.0;0.0;10.47;1.93
0.0;0.0;0.0;10.26;1.86
0.0;0.0;0.0;10.06;1.79
0.0;0.0;0.0;9.86;1.86
0.0;0.0;0.0;9.51;2.07
0.0;0.0;0.0;9.21;2.21
0.0;0.0;0.0;8.89;2.97
8.0;0.0;8.0;8.71;2.48
96.0;6.55;94.0;8.49;2.83
122.0;0.0;122.0;8.19;3.31
101.0;0.0;101.0;7.5;2.69
96.0;0.0;96.0;7.51;2.34
103.0;0.0;103.0;7.64;2.07
99.0;0.0;99.0;8.02;2.21
132.0;0.0;132.0;8.38;2.41
97.0;0.0;97.0;8.85;2.83
91.0;0.0;91.0;9.25;3.03
57.0;0.0;57.0;9.44;2.97
67.0;0.0;67.0;9.52;3.31
20.0;0.0;20.0;9.44;3.38
15.0;0.0;15.0;9.17;3.1
0.0;0.0;0.0;8.84;3.24
0.0;0.0;0.0;7.84;3.79
0.0;0.0;0.0;7.74;3.86
0.0;0.0;0.0;7.67;4.07
0.0;0.0;0.0;7.62;4.28
0.0;0.0;0.0;7.63;4.21
0.0;0.0;0.0;7.67;3.93
0.0;0.0;0.0;7.84;3.79
0.0;0.0;0.0;7.95;3.72
0.0;0.0;0.0;8.1;3.1
8.0;0.0;8.0;8.37;3.52
22.0;0.0;22.0;8.71;2.97
49.0;0.0;49.0;9.53;2.69
51.0;0.0;51.0;11.16;2.48
113.0;0.0;113.0;12.3;2.28
126.0;0.0;126.0;13.33;3.45
99.0;0.0;99.0;14.93;3.45
152.0;0.0;152.0;16.81;3.38
112.0;0.0;112.0;18.19;3.38
112.0;0.0;112.0;18.85;3.31
199.0;3.42;197.0;19.15;3.79
136.0;2.25;135.0;19.02;3.52
114.0;27.77;106.0;18.19;3.31
40.0;15.69;38.0;17.0;3.59
0.0;0.0;0.0;16.09;3.59
0.0;0.0;0.0;14.66;2.83
0.0;0.0;0.0;13.84;2.28
0.0;0.0;0.0;12.78;1.79
0.0;0.0;0.0;11.4;1.45
0.0;0.0;0.0;10.59;1.24
0.0;0.0;0.0;10.38;1.03
0.0;0.0;0.0;10.52;0.9
0.0;0.0;0.0;10.36;0.83
0.0;0.0;0.0;10.08;0.69
83.0;164.0;58.0;10.02;0.69
43.0;0.0;43.0;11.19;0.76
116.0;0.0;116.0;12.6;1.17
118.0;0.0;118.0;12.75;1.72
135.0;0.0;135.0;13.74;2.41
246.0;0.0;246.0;14.27;3.03
129.0;0.0;129.0;14.93;2.83
112.0;0.0;112.0;15.26;2.14
71.0;0.0;71.0;15.58;1.79
132.0;0.0;132.0;15.77;1.24
285.0;44.27;259.0;16.5;1.59
343.0;369.12;178.0;16.45;1.66
110.0;20.59;104.0;16.1;1.1
38.0;7.64;37.0;15.18;1.1
0.0;0.0;0.0;14.0;1.38
0.0;0.0;0.0;12.21;1.72
0.0;0.0;0.0;10.85;1.66
0.0;0.0;0.0;9.78;1.79
0.0;0.0;0.0;8.94;1.66
0.0;0.0;0.0;8.91;1.38
0.0;0.0;0.0;8.43;1.17
0.0;0.0;0.0;7.78;0.83
0.0;0.0;0.0;7.38;0.34
0.0;0.0;0.0;7.13;0.14
9.0;0.0;9.0;7.39;0.14
122.0;18.96;116.0;8.34;0.21
350.0;318.92;200.0;10.42;0.9
574.0;691.24;154.0;12.25;1.79
710.0;767.92;158.0;13.57;1.79
718.0;542.43;286.0;14.93;1.93
728.0;474.2;332.0;15.69;2.07
680.0;374.9;368.0;16.64;1.86
712.0;550.76;278.0;17.05;2.07
414.0;102.06;342.0;17.19;2.28
387.0;179.61;281.0;16.97;2.28
129.0;0.0;129.0;16.72;2.34
59.0;0.0;59.0;15.76;2.0
45.0;22.32;42.0;14.92;1.93
0.0;0.0;0.0;13.67;1.86
0.0;0.0;0.0;13.13;0.21
0.0;0.0;0.0;12.45;0.62
0.0;0.0;0.0;11.04;0.97
0.0;0.0;0.0;11.48;0.69
0.0;0.0;0.0;11.31;0.28
0.0;0.0;0.0;10.73;0.62
0.0;0.0;0.0;9.52;1.17
0.0;0.0;0.0;9.42;1.1
0.0;0.0;0.0;9.11;1.17
19.0;0.0;19.0;9.38;0.83
24.0;0.0;24.0;10.72;0.69
38.0;0.0;38.0;11.56;1.03
67.0;0.0;67.0;11.23;1.52
113.0;0.0;113.0;11.63;1.72
195.0;0.0;195.0;12.31;1.93
272.0;1.19;271.0;12.39;2.07
340.0;10.78;331.0;12.47;2.21
223.0;0.0;223.0;13.87;2.34
165.0;0.0;165.0;14.6;2.55
262.0;26.98;246.0;14.75;2.48
147.0;4.42;145.0;14.68;2.34
166.0;130.98;127.0;14.22;2.21
68.0;123.35;51.0;13.63;1.59
0.0;0.0;0.0;12.77;1.24
0.0;0.0;0.0;10.9;0.97
0.0;0.0;0.0;9.86;1.1
0.0;0.0;0.0;9.47;1.03
0.0;0.0;0.0;9.13;0.97
0.0;0.0;0.0;8.51;1.03
0.0;0.0;0.0;7.24;1.31
0.0;0.0;0.0;6.21;1.45
0.0;0.0;0.0;6.59;1.52
0.0;0.0;0.0;7.27;1.66
13.0;0.0;13.0;8.1;1.79
102.0;3.09;101.0;8.98;2.0
177.0;10.49;172.0;10.37;2.34
461.0;303.18;275.0;12.22;1.72
533.0;260.92;344.0;14.04;1.66
466.0;91.06;393.0;15.69;1.93
0.0;0.0;0.0;17.36;1.93
855.0;826.54;163.0;18.39;2.0
547.0;195.45;392.0;18.47;2.41
68.0;0.0;68.0;18.3;2.21
65.0;0.0;65.0;16.82;2.41
39.0;0.0;39.0;16.71;1.1
143.0;63.14;124.0;16.45;0.41
23.0;0.0;23.0;16.05;0.0
0.0;0.0;0.0;15.41;0.48
0.0;0.0;0.0;12.46;1.52
0.0;0.0;0.0;11.48;1.59
0.0;0.0;0.0;10.22;1.59
0.0;0.0;0.0;9.13;1.66
0.0;0.0;0.0;8.36;1.66
0.0;0.0;0.0;8.35;1.38
0.0;0.0;0.0;8.06;1.31
0.0;0.0;0.0;7.67;1.38
0.0;0.0;0.0;7.23;1.31
79.0;89.83;64.0;8.49;0.69
58.0;0.0;58.0;10.01;0.28
127.0;0.0;127.0;12.49;0.14
224.0;6.49;220.0;13.17;1.45
562.0;320.5;329.0;15.31;2.14
793.0;749.84;190.0;16.88;2.41
861.0;833.15;159.0;17.71;2.69
829.0;746.75;202.0;18.5;2.69
666.0;422.37;330.0;19.07;2.9
323.0;26.64;304.0;19.8;3.31
178.0;0.0;178.0;19.97;3.52
154.0;4.36;152.0;18.96;3.38
148.0;69.08;127.0;18.64;3.17
80.0;186.81;53.0;17.76;3.24
0.0;0.0;0.0;16.33;3.17
0.0;0.0;0.0;15.68;3.03
0.0;0.0;0.0;14.78;2.9
0.0;0.0;0.0;14.16;2.62
0.0;0.0;0.0;13.06;2.55
0.0;0.0;0.0;12.36;2.48
0.0;0.0;0.0;12.09;2.34
0.0;0.0;0.0;11.79;2.34
0.0;0.0;0.0;11.69;2.34
0.0;0.0;0.0;11.52;2.28
10.0;0.0;10.0;11.77;2.07
165.0;78.88;139.0;12.99;1.93
247.0;68.37;214.0;14.4;2.28
298.0;43.61;271.0;16.34;2.9
459.0;142.55;355.0;16.3;2.48
706.0;500.86;302.0;17.81;2.14
595.0;215.4;413.0;19.0;1.52
168.0;0.0;168.0;19.63;1.24
328.0;12.53;318.0;19.91;0.76
63.0;0.0;63.0;19.71;0.62
51.0;0.0;51.0;19.48;1.1
61.0;0.0;61.0;19.06;0.9
50.0;0.0;50.0;17.75;1.17
73.0;121.76;55.0;16.77;1.1
0.0;0.0;0.0;16.11;1.59
0.0;0.0;0.0;14.32;1.59
0.0;0.0;0.0;13.2;1.31
0.0;0.0;0.0;12.89;0.97
0.0;0.0;0.0;12.19;1.1
0.0;0.0;0.0;10.91;1.45
0.0;0.0;0.0;10.19;1.45
0.0;0.0;0.0;9.72;1.31
0.0;0.0;0.0;9.04;1.24
0.0;0.0;0.0;8.82;1.03
11.0;0.0;11.0;9.85;1.03
33.0;0.0;33.0;10.98;0.76
88.0;0.0;88.0;12.8;0.55
334.0;73.99;288.0;14.62;0.76
488.0;180.32;356.0;15.83;0.83
524.0;153.28;400.0;16.53;0.97
125.0;0.0;125.0;17.15;0.97
406.0;34.35;377.0;17.82;1.03
476.0;106.22;391.0;18.26;1.59
404.0;86.33;342.0;17.97;2.34
485.0;400.91;243.0;16.52;2.9
169.0;8.61;165.0;15.87;3.03
99.0;6.45;97.0;15.7;3.31
25.0;0.0;25.0;15.04;2.76
0.0;0.0;0.0;14.13;2.34
0.0;0.0;0.0;12.73;2.55
0.0;0.0;0.0;12.35;2.55
0.0;0.0;0.0;12.22;2.0
0.0;0.0;0.0;11.99;1.72
0.0;0.0;0.0;11.81;1.66
0.0;0.0;0.0;11.57;1.79
0.0;0.0;0.0;11.29;1.86
0.0;0.0;0.0;11.04;1.86
0.0;0.0;0.0;10.82;1.93
11.0;0.0;11.0;10.66;2.0
25.0;0.0;25.0;10.58;1.86
40.0;0.0;40.0;10.65;1.66
74.0;0.0;74.0;12.26;2.07
98.0;0.0;98.0;12.66;2.07
121.0;0.0;121.0;13.31;2.07
92.0;0.0;92.0;14.36;1.79
173.0;0.0;173.0;15.21;1.38
287.0;3.74;284.0;15.13;1.66
112.0;0.0;112.0;15.28;2.07
174.0;0.0;174.0;14.79;2.62
92.0;0.0;92.0;14.1;2.97
140.0;47.91;125.0;12.77;3.38
38.0;0.0;38.0;11.66;2.97
0.0;0.0;0.0;10.62;3.17
0.0;0.0;0.0;9.42;2.97
0.0;0.0;0.0;9.2;2.76
0.0;0.0;0.0;8.99;2.62
0.0;0.0;0.0;8.81;2.83
0.0;0.0;0.0;8.74;2.9
0.0;0.0;0.0;8.66;2.83
0.0;0.0;0.0;8.58;2.76
0.0;0.0;0.0;8.4;2.69
0.0;0.0;0.0;7.99;2.34
11.0;0.0;11.0;7.71;1.52
55.0;0.0;55.0;8.34;1.86
166.0;4.07;164.0;9.23;1.38
203.0;1.6;202.0;10.17;0.97
459.0;131.65;362.0;11.33;0.9
508.0;126.62;405.0;11.96;1.59
401.0;28.18;377.0;12.5;2.41
565.0;164.96;425.0;12.88;2.69
493.0;116.8;399.0;13.52;2.69
209.0;0.0;209.0;13.79;2.76
102.0;0.0;102.0;14.04;3.03
161.0;6.38;158.0;14.1;3.24
25.0;0.0;25.0;13.81;3.03
27.0;0.0;27.0;13.33;3.52
0.0;0.0;0.0;12.61;4.34
0.0;0.0;0.0;10.95;4.69
0.0;0.0;0.0;10.24;5.03
0.0;0.0;0.0;9.84;5.31
0.0;0.0;0.0;9.51;5.52
0.0;0.0;0.0;9.2;5.52
0.0;0.0;0.0;8.94;5.59
0.0;0.0;0.0;8.49;5.66
0.0;0.0;0.0;8.14;5.66
1.0;0.0;1.0;7.76;5.66
11.0;0.0;11.0;7.36;5.52
25.0;0.0;25.0;6.98;5.45
49.0;0.0;49.0;6.54;5.45
68.0;0.0;68.0;5.46;5.72
76.0;0.0;76.0;5.52;5.59
82.0;0.0;82.0;5.77;5.79
111.0;0.0;111.0;6.06;6.21
86.0;0.0;86.0;6.58;6.41
99.0;0.0;99.0;6.91;6.69
109.0;0.0;109.0;7.3;6.28
52.0;0.0;52.0;7.64;6.9
38.0;0.0;38.0;7.88;7.38
63.0;0.0;63.0;8.17;7.66
15.0;0.0;15.0;8.35;8.0
0.0;0.0;0.0;8.49;8.07
0.0;0.0;0.0;8.25;7.52
0.0;0.0;0.0;8.44;7.31
0.0;0.0;0.0;8.58;7.31
0.0;0.0;0.0;8.64;7.38
0.0;0.0;0.0;8.59;7.38
0.0;0.0;0.0;8.51;7.38
0.0;0.0;0.0;8.27;7.31
0.0;0.0;0.0;7.94;7.24
1.0;0.0;1.0;7.6;7.17
16.0;0.0;16.0;7.32;7.03
26.0;0.0;26.0;7.08;6.69
100.0;0.0;100.0;6.93;6.07
75.0;0.0;75.0;6.99;5.79
66.0;0.0;66.0;7.04;5.59
130.0;0.0;130.0;6.95;5.59
87.0;0.0;87.0;7.06;5.59
94.0;0.0;94.0;7.2;5.52
73.0;0.0;73.0;7.16;5.24
74.0;0.0;74.0;7.49;5.59
52.0;0.0;52.0;7.41;5.38
38.0;0.0;38.0;7.39;5.45
23.0;0.0;23.0;7.6;5.72
10.0;0.0;10.0;7.58;5.66
0.0;0.0;0.0;7.52;5.79
0.0;0.0;0.0;6.84;5.38
0.0;0.0;0.0;6.85;5.59
0.0;0.0;0.0;6.91;5.66
0.0;0.0;0.0;6.99;5.79
0.0;0.0;0.0;7.03;5.86
0.0;0.0;0.0;7.09;5.93
0.0;0.0;0.0;7.11;6.0
0.0;0.0;0.0;7.04;6.0
1.0;0.0;1.0;7.0;6.14
13.0;0.0;13.0;6.93;6.34
26.0;0.0;26.0;6.89;6.28
41.0;0.0;41.0;6.88;6.14
55.0;0.0;55.0;7.2;5.38
95.0;0.0;95.0;7.48;5.59
91.0;0.0;91.0;7.63;5.38
78.0;0.0;78.0;7.8;4.9
86.0;0.0;86.0;8.07;4.62
73.0;0.0;73.0;8.2;4.76
93.0;0.0;93.0;8.7;4.97
98.0;0.0;98.0;8.4;5.24
76.0;0.0;76.0;8.33;5.79
46.0;0.0;46.0;7.91;5.79
34.0;0.0;34.0;7.59;5.59
0.0;0.0;0.0;7.31;5.52
0.0;0.0;0.0;6.86;4.83
0.0;0.0;0.0;6.86;4.76
0.0;0.0;0.0;6.87;4.69
0.0;0.0;0.0;6.9;4.55
0.0;0.0;0.0;6.9;4.48
0.0;0.0;0.0;6.9;4.41
0.0;0.0;0.0;6.91;4.34
0.0;0.0;0.0;6.9;4.34
1.0;0.0;1.0;6.92;4.21
12.0;0.0;12.0;7.01;4.21
38.0;0.0;38.0;7.09;4.0
63.0;0.0;63.0;7.25;5.1
73.0;0.0;73.0;7.29;3.86
119.0;0.0;119.0;7.46;3.52
129.0;0.0;129.0;7.84;3.31
97.0;0.0;97.0;8.07;3.24
112.0;0.0;112.0;8.38;4.21
90.0;0.0;90.0;8.45;3.93
82.0;0.0;82.0;8.76;3.79
76.0;0.0;76.0;8.91;3.45
83.0;0.0;83.0;9.05;3.17
96.0;3.06;95.0;8.92;2.83
44.0;0.0;44.0;8.79;2.34
0.0;0.0;0.0;8.68;2.14
0.0;0.0;0.0;8.57;1.86
0.0;0.0;0.0;8.48;1.86
0.0;0.0;0.0;8.37;2.0
0.0;0.0;0.0;8.35;2.14
0.0;0.0;0.0;8.42;2.28
0.0;0.0;0.0;8.44;2.41
0.0;0.0;0.0;8.46;2.41
0.0;0.0;0.0;8.47;2.34
1.0;0.0;1.0;8.47;2.28
73.0;30.92;67.0;8.62;2.07
39.0;0.0;39.0;8.93;2.0
77.0;0.0;77.0;9.52;2.0
89.0;0.0;89.0;9.75;2.83
132.0;0.0;132.0;10.38;3.17
154.0;0.0;154.0;10.95;3.38
115.0;0.0;115.0;11.87;3.17
118.0;0.0;118.0;13.05;3.24
102.0;0.0;102.0;13.99;3.38
77.0;0.0;77.0;14.68;3.17
92.0;0.0;92.0;15.45;3.38
61.0;0.0;61.0;15.79;2.83
24.0;0.0;24.0;14.75;2.69
15.0;0.0;15.0;13.81;2.9
0.0;0.0;0.0;13.32;2.62
0.0;0.0;0.0;12.58;2.62
0.0;0.0;0.0;12.36;2.62
0.0;0.0;0.0;12.11;2.41
0.0;0.0;0.0;11.85;2.14
0.0;0.0;0.0;11.62;1.93
0.0;0.0;0.0;11.51;1.59
0.0;0.0;0.0;11.56;1.59
0.0;0.0;0.0;11.02;1.59
2.0;0.0;2.0;10.97;1.31
25.0;0.0;25.0;11.33;1.17
208.0;146.95;156.0;11.93;2.07
265.0;75.24;227.0;12.6;2.41
410.0;160.98;307.0;14.23;2.28
583.0;331.08;335.0;15.46;2.76
486.0;99.36;404.0;16.51;3.17
530.0;118.15;428.0;17.07;2.76
704.0;383.51;374.0;18.07;2.69
671.0;395.31;348.0;18.24;3.1
144.0;0.0;144.0;18.65;3.59
338.0;77.07;290.0;18.57;3.66
327.0;222.58;219.0;18.63;3.86
250.0;387.87;121.0;18.38;3.38
102.0;205.35;66.0;16.83;3.24
0.0;0.0;0.0;15.59;2.14
0.0;0.0;0.0;15.07;2.0
0.0;0.0;0.0;13.94;1.93
0.0;0.0;0.0;12.73;2.0
0.0;0.0;0.0;11.71;2.07
0.0;0.0;0.0;10.86;1.86
0.0;0.0;0.0;10.12;1.72
0.0;0.0;0.0;9.74;1.72
0.0;0.0;0.0;9.47;1.93
2.0;0.0;2.0;9.24;2.07
23.0;0.0;23.0;9.88;2.0
156.0;36.51;143.0;12.02;2.48
413.0;439.78;190.0;13.78;2.55
565.0;537.61;220.0;15.64;2.62
452.0;113.21;367.0;17.27;2.69
750.0;557.44;289.0;18.82;2.97
657.0;284.39;411.0;19.71;3.24
769.0;519.57;321.0;20.05;3.66
183.0;0.0;183.0;19.86;3.72
65.0;0.0;65.0;20.03;3.59
54.0;0.0;54.0;18.21;2.9
50.0;0.0;50.0;16.96;2.14
163.0;65.64;141.0;16.26;2.48
69.0;39.3;62.0;15.6;2.76
0.0;0.0;0.0;14.9;2.28
0.0;0.0;0.0;14.02;2.21
0.0;0.0;0.0;13.22;2.34
0.0;0.0;0.0;12.69;2.41
0.0;0.0;0.0;12.09;2.41
0.0;0.0;0.0;11.78;2.55
0.0;0.0;0.0;11.72;2.28
0.0;0.0;0.0;11.16;2.07
0.0;0.0;0.0;10.88;2.21
20.0;122.22;14.0;10.55;2.41
51.0;0.0;51.0;10.84;2.34
239.0;240.1;153.0;12.09;3.1
227.0;31.43;211.0;13.2;2.9
550.0;484.83;238.0;14.72;2.55
752.0;798.62;151.0;16.21;2.69
842.0;826.64;157.0;17.49;2.55
854.0;739.63;213.0;18.37;2.48
903.0;885.46;138.0;19.16;2.62
664.0;370.39;360.0;19.61;2.69
660.0;544.61;257.0;18.52;3.79
513.0;420.95;249.0;17.03;3.38
413.0;506.18;165.0;17.37;2.62
215.0;207.27;145.0;17.6;3.03
115.0;276.48;65.0;16.84;2.76
6.0;0.0;6.0;15.75;2.41
0.0;0.0;0.0;15.11;2.48
0.0;0.0;0.0;14.17;2.62
0.0;0.0;0.0;13.69;2.69
0.0;0.0;0.0;13.49;3.03
0.0;0.0;0.0;12.88;3.24
0.0;0.0;0.0;12.47;3.17
0.0;0.0;0.0;12.43;3.31
0.0;0.0;0.0;12.44;3.59
2.0;0.0;2.0;12.35;3.79
13.0;0.0;13.0;12.52;3.72
35.0;0.0;35.0;12.78;3.72
52.0;0.0;52.0;13.36;3.66
78.0;0.0;78.0;13.74;4.69
343.0;26.52;323.0;14.37;4.07
325.0;8.43;318.0;15.66;4.55
541.0;126.69;431.0;16.05;4.41
616.0;224.12;422.0;17.03;4.69
635.0;314.89;376.0;18.06;4.83
128.0;0.0;128.0;18.44;4.76
291.0;34.96;269.0;18.87;4.9
239.0;52.82;213.0;18.81;5.17
108.0;5.88;106.0;16.59;5.38
49.0;5.45;48.0;15.87;4.21
6.0;0.0;6.0;15.49;4.34
0.0;0.0;0.0;14.82;3.86
0.0;0.0;0.0;14.5;4.07
0.0;0.0;0.0;14.12;4.55
0.0;0.0;0.0;13.98;4.97
0.0;0.0;0.0;13.92;5.86
0.0;0.0;0.0;13.74;6.21
0.0;0.0;0.0;13.1;5.59
0.0;0.0;0.0;12.45;4.9
2.0;0.0;2.0;11.97;4.41
29.0;0.0;29.0;12.02;4.28
305.0;532.94;112.0;12.39;4.14
437.0;499.38;181.0;13.4;4.9
451.0;219.52;309.0;14.95;5.38
658.0;482.98;293.0;15.98;6.21
781.0;615.58;269.0;16.65;6.41
251.0;0.0;251.0;16.48;5.93
80.0;0.0;80.0;16.95;6.69
383.0;26.69;361.0;16.95;5.93
653.0;500.17;281.0;17.02;6.28
145.0;0.0;145.0;16.67;5.66
96.0;0.0;96.0;16.37;4.41
174.0;78.8;147.0;16.05;3.86
132.0;386.79;60.0;15.45;3.17
8.0;0.0;8.0;14.41;2.97
0.0;0.0;0.0;12.94;3.17
0.0;0.0;0.0;11.81;2.97
0.0;0.0;0.0;10.85;2.41
0.0;0.0;0.0;9.97;2.07
0.0;0.0;0.0;9.16;2.21
0.0;0.0;0.0;8.64;2.21
0.0;0.0;0.0;7.97;2.14
0.0;0.0;0.0;7.1;2.0
2.0;0.0;2.0;6.0;1.79
35.0;0.0;35.0;6.78;1.24
238.0;214.3;160.0;9.97;0.9
217.0;21.39;206.0;12.15;0.76
400.0;134.17;313.0;13.29;0.0
120.0;0.0;120.0;14.42;0.21
154.0;0.0;154.0;15.31;0.69
113.0;0.0;113.0;15.55;1.1
197.0;0.0;197.0;14.58;0.9
115.0;0.0;115.0;14.93;0.83
87.0;0.0;87.0;14.75;0.83
132.0;0.0;132.0;14.95;0.76
205.0;20.14;195.0;15.58;0.69
116.0;8.7;113.0;15.59;0.69
106.0;169.57;74.0;15.38;0.83
6.0;0.0;6.0;14.43;1.45
0.0;0.0;0.0;12.62;1.38
0.0;0.0;0.0;11.29;1.93
0.0;0.0;0.0;10.52;2.34
0.0;0.0;0.0;10.1;2.34
0.0;0.0;0.0;9.84;2.48
0.0;0.0;0.0;9.78;2.62
0.0;0.0;0.0;10.11;2.69
0.0;0.0;0.0;10.58;2.48
18.0;34.39;16.0;10.34;2.14
13.0;0.0;13.0;10.53;1.72
27.0;0.0;27.0;11.03;1.1
81.0;0.0;81.0;11.95;1.03
124.0;0.0;124.0;14.84;0.76
270.0;3.95;267.0;16.85;1.79
486.0;97.06;405.0;18.19;2.41
785.0;554.64;301.0;18.8;2.41
746.0;466.55;340.0;19.45;2.28
804.0;739.61;192.0;19.82;2.0
720.0;739.99;167.0;20.14;2.21
600.0;716.31;145.0;19.97;2.0
435.0;585.43;143.0;19.44;2.0
161.0;54.7;142.0;18.18;2.62
12.0;0.0;12.0;16.81;2.48
1.0;0.0;1.0;16.12;2.28
0.0;0.0;0.0;14.89;2.21
0.0;0.0;0.0;14.46;2.48
0.0;0.0;0.0;14.01;2.62
0.0;0.0;0.0;13.66;2.9
0.0;0.0;0.0;13.28;3.45
0.0;0.0;0.0;12.65;3.72
0.0;0.0;0.0;11.7;3.31
0.0;0.0;0.0;10.84;2.97
2.0;0.0;2.0;10.31;2.9
157.0;425.72;67.0;10.08;2.97
325.0;620.64;97.0;10.03;3.17
485.0;699.65;123.0;10.32;2.97
643.0;781.52;134.0;11.22;2.34
780.0;851.41;133.0;12.52;2.14
864.0;857.79;147.0;14.21;1.66
915.0;882.18;144.0;15.59;1.24
912.0;881.1;144.0;16.78;1.03
859.0;866.09;141.0;17.65;1.03
754.0;811.74;146.0;18.28;0.83
615.0;742.45;142.0;18.64;0.48
473.0;716.78;114.0;18.78;0.41
296.0;563.49;99.0;18.65;0.76
141.0;407.96;62.0;18.09;1.1
17.0;114.65;12.0;16.77;1.93
0.0;0.0;0.0;15.3;2.21
0.0;0.0;0.0;13.9;2.41
0.0;0.0;0.0;12.76;2.21
0.0;0.0;0.0;11.69;1.93
0.0;0.0;0.0;10.7;1.66
0.0;0.0;0.0;10.84;1.24
0.0;0.0;0.0;11.0;0.97
0.0;0.0;0.0;9.88;1.1
3.0;0.0;3.0;9.0;1.79
31.0;0.0;31.0;11.0;2.55
59.0;0.0;59.0;12.91;2.76
54.0;0.0;54.0;14.07;3.52
114.0;0.0;114.0;14.96;2.69
159.0;0.0;159.0;15.17;2.55
453.0;65.7;398.0;15.91;2.41
583.0;169.09;435.0;16.96;2.34
340.0;8.02;333.0;17.76;2.48
85.0;0.0;85.0;18.11;2.34
78.0;0.0;78.0;18.39;2.41
148.0;0.0;148.0;18.25;2.48
238.0;45.74;215.0;18.06;2.83
194.0;116.54;153.0;17.81;2.69
87.0;66.32;74.0;17.2;2.21
2.0;0.0;2.0;16.02;1.93
0.0;0.0;0.0;15.06;1.86
0.0;0.0;0.0;13.98;1.72
0.0;0.0;0.0;13.07;1.59
0.0;0.0;0.0;12.44;1.66
0.0;0.0;0.0;11.54;1.86
0.0;0.0;0.0;10.88;1.93
0.0;0.0;0.0;10.26;1.86
0.0;0.0;0.0;9.86;1.79
5.0;0.0;5.0;10.09;1.79
112.0;116.42;87.0;10.93;1.66
313.0;561.61;105.0;12.93;1.79
467.0;628.69;140.0;14.78;2.83
553.0;480.25;239.0;16.7;2.07
721.0;680.8;202.0;18.29;2.14
743.0;527.27;301.0;19.5;2.07
792.0;559.06;302.0;20.27;1.93
857.0;744.58;206.0;21.02;2.21
180.0;0.0;180.0;21.28;2.34
588.0;344.29;329.0;21.33;1.66
71.0;0.0;71.0;20.16;0.76
41.0;0.0;41.0;19.32;0.62
68.0;0.0;68.0;18.07;0.69
25.0;0.0;25.0;17.61;0.14
5.0;0.0;5.0;16.89;0.69
0.0;0.0;0.0;15.15;1.72
0.0;0.0;0.0;14.35;1.38
0.0;0.0;0.0;13.6;1.38
0.0;0.0;0.0;13.54;1.59
0.0;0.0;0.0;13.78;2.07
0.0;0.0;0.0;13.77;2.97
0.0;0.0;0.0;13.43;2.83
0.0;0.0;0.0;12.88;2.14
3.0;0.0;3.0;12.51;2.07
84.0;32.37;77.0;12.47;2.07
186.0;72.63;159.0;12.92;2.55
314.0;138.1;242.0;13.6;3.24
417.0;157.26;314.0;15.23;3.59
563.0;268.52;358.0;16.14;3.52
647.0;309.75;387.0;16.86;3.59
557.0;136.73;437.0;17.49;3.86
491.0;77.66;423.0;16.9;4.07
308.0;4.8;304.0;17.08;3.59
205.0;0.0;205.0;16.91;4.34
152.0;0.0;152.0;16.31;4.76
165.0;3.95;163.0;15.67;4.97
27.0;0.0;27.0;12.84;4.47
13.0;0.0;13.0;12.53;4.19
4.0;0.0;4.0;12.22;3.91
0.0;0.0;0.0;11.91;3.63
0.0;0.0;0.0;11.59;3.35
0.0;0.0;0.0;11.28;3.07
0.0;0.0;0.0;10.97;2.79
0.0;0.0;0.0;10.66;2.51
0.0;0.0;0.0;10.35;2.23
0.0;0.0;0.0;10.03;1.95
0.0;0.0;0.0;9.72;1.66
24.0;59.57;20.0;9.41;1.38
154.0;349.14;78.0;9.1;1.1
301.0;455.77;131.0;8.79;0.82
418.0;398.08;210.0;8.47;0.54
599.0;596.0;208.0;8.16;0.26
741.0;703.75;203.0;14.59;1.03
564.0;170.15;421.0;15.49;2.28
665.0;274.26;424.0;15.9;2.14
678.0;296.54;418.0;16.1;1.79
671.0;349.84;379.0;16.68;1.72
608.0;364.09;333.0;16.79;1.38
496.0;326.04;286.0;16.66;1.1
349.0;228.07;233.0;16.44;1.17
322.0;647.92;90.0;16.24;1.24
150.0;419.23;65.0;15.49;1.03
13.0;18.78;12.0;14.25;1.03
0.0;0.0;0.0;13.06;1.66
0.0;0.0;0.0;12.26;1.86
0.0;0.0;0.0;11.31;1.86
0.0;0.0;0.0;10.5;1.59
0.0;0.0;0.0;10.57;1.31
0.0;0.0;0.0;10.91;1.03
0.0;0.0;0.0;10.98;0.69
0.0;0.0;0.0;10.58;0.41
13.0;0.0;13.0;9.86;0.48
85.0;27.4;79.0;9.6;0.62
235.0;179.06;168.0;10.75;0.97
397.0;324.69;227.0;13.49;1.86
625.0;681.86;177.0;15.73;1.93
779.0;819.14;152.0;16.43;3.03
832.0;730.92;217.0;16.74;3.31
711.0;350.09;403.0;16.82;3.31
785.0;509.16;338.0;16.93;3.24
660.0;326.57;387.0;16.97;3.03
551.0;245.79;365.0;17.05;3.03
470.0;260.18;302.0;17.04;3.03
439.0;519.2;174.0;16.69;3.17
256.0;291.64;151.0;16.31;3.31
132.0;258.71;79.0;15.39;3.03
7.0;0.0;7.0;14.06;2.62
0.0;0.0;0.0;13.28;2.62
0.0;0.0;0.0;12.04;2.28
0.0;0.0;0.0;10.65;1.86
0.0;0.0;0.0;11.64;1.03
0.0;0.0;0.0;11.71;0.69
0.0;0.0;0.0;11.19;0.41
0.0;0.0;0.0;10.49;0.0
0.0;0.0;0.0;9.99;0.21
21.0;28.57;19.0;9.73;0.41
144.0;254.29;88.0;9.95;0.41
327.0;580.94;109.0;11.01;0.28
517.0;779.71;108.0;14.15;0.41
660.0;799.47;134.0;16.57;0.76
782.0;823.41;151.0;17.87;1.1
869.0;839.34;162.0;18.74;1.31
819.0;581.32;307.0;19.4;2.0
846.0;655.29;270.0;19.41;2.0
848.0;791.94;185.0;19.52;1.79
678.0;528.92;277.0;19.64;1.79
536.0;418.67;265.0;19.45;1.86
435.0;492.05;183.0;19.47;2.0
288.0;436.54;130.0;18.98;1.66
135.0;265.83;80.0;18.29;1.45
12.0;0.0;12.0;17.09;1.66
0.0;0.0;0.0;15.74;2.14
0.0;0.0;0.0;14.05;2.0
0.0;0.0;0.0;13.46;1.66
0.0;0.0;0.0;14.5;1.17
0.0;0.0;0.0;14.73;0.83
0.0;0.0;0.0;14.07;0.62
0.0;0.0;0.0;13.33;0.41
0.0;0.0;0.0;12.56;0.41
33.0;140.27;23.0;11.85;0.48
162.0;393.06;75.0;11.69;0.34
315.0;515.63;121.0;12.78;0.28
488.0;669.91;136.0;16.28;0.83
639.0;733.18;156.0;18.43;0.76
770.0;791.25;163.0;19.84;1.72
840.0;757.85;201.0;20.52;1.79
906.0;831.37;173.0;20.98;1.66
913.0;855.65;160.0;21.26;1.79
863.0;840.93;158.0;21.57;1.79
743.0;729.44;189.0;21.84;1.52
623.0;713.63;160.0;21.78;1.45
482.0;694.8;125.0;21.49;1.45
251.0;266.65;154.0;20.99;1.31
111.0;124.48;85.0;20.12;1.38
3.0;0.0;3.0;18.68;1.59
0.0;0.0;0.0;16.95;1.79
0.0;0.0;0.0;15.9;1.66
0.0;0.0;0.0;14.51;1.93
0.0;0.0;0.0;16.19;1.03
0.0;0.0;0.0;15.26;0.97
0.0;0.0;0.0;14.0;0.9
0.0;0.0;0.0;12.63;1.1
0.0;0.0;0.0;12.28;1.1
4.0;0.0;4.0;12.85;0.07
15.0;0.0;15.0;12.17;0.76
29.0;0.0;29.0;13.68;1.24
43.0;0.0;43.0;14.99;1.45
194.0;0.0;194.0;16.82;0.97
286.0;6.51;281.0;18.04;1.79
786.0;631.55;253.0;18.45;2.21
680.0;311.6;405.0;19.0;1.86
817.0;616.33;274.0;18.72;1.79
99.0;0.0;99.0;18.62;2.34
436.0;94.64;364.0;18.69;2.41
55.0;0.0;55.0;18.51;2.14
49.0;0.0;49.0;18.62;2.21
208.0;131.31;160.0;18.63;1.93
123.0;189.79;83.0;18.27;1.45
12.0;0.0;12.0;17.43;1.45
0.0;0.0;0.0;16.32;1.1
0.0;0.0;0.0;15.5;1.03
0.0;0.0;0.0;14.76;1.1
0.0;0.0;0.0;13.13;1.38
0.0;0.0;0.0;11.56;1.52
0.0;0.0;0.0;11.28;1.17
0.0;0.0;0.0;11.51;0.83
0.0;0.0;0.0;11.66;0.55
17.0;0.0;17.0;11.28;0.28
136.0;210.49;89.0;11.46;0.14
300.0;444.51;132.0;13.0;0.28
487.0;675.56;131.0;15.09;0.48
638.0;743.71;147.0;17.24;0.69
738.0;703.9;197.0;18.8;1.1
782.0;603.78;272.0;19.95;1.59
815.0;589.8;294.0;20.59;1.86
863.0;724.54;224.0;21.17;1.86
852.0;825.65;158.0;21.29;1.66
747.0;757.22;170.0;21.52;1.52
620.0;712.05;156.0;21.4;1.59
482.0;696.32;122.0;21.39;1.66
305.0;525.53;112.0;21.11;1.52
150.0;357.5;74.0;20.57;1.24
14.0;0.0;14.0;19.13;1.03
0.0;0.0;0.0;19.96;0.28
0.0;0.0;0.0;18.89;0.0
0.0;0.0;0.0;17.79;0.41
0.0;0.0;0.0;16.83;0.76
0.0;0.0;0.0;15.47;0.97
0.0;0.0;0.0;14.43;1.17
0.0;0.0;0.0;13.16;1.31
0.0;0.0;0.0;12.62;1.31
28.0;67.11;23.0;12.25;1.31
129.0;165.09;92.0;12.99;1.03
326.0;575.71;108.0;14.93;0.55
490.0;684.22;129.0;17.97;0.69
632.0;709.74;163.0;19.5;1.38
760.0;767.05;170.0;20.79;1.72
868.0;845.81;153.0;21.6;2.21
905.0;835.88;166.0;21.92;2.28
893.0;805.38;182.0;22.42;2.21
849.0;806.83;170.0;22.69;2.07
752.0;763.91;169.0;22.85;2.0
635.0;755.0;142.0;22.86;1.86
484.0;694.31;124.0;22.91;1.86
316.0;574.71;104.0;22.39;1.31
157.0;405.91;70.0;21.41;0.69
30.0;137.64;21.0;20.53;0.76
0.0;0.0;0.0;19.94;1.03
0.0;0.0;0.0;18.83;1.1
0.0;0.0;0.0;17.72;1.1
0.0;0.0;0.0;15.84;1.38
0.0;0.0;0.0;13.68;1.59
0.0;0.0;0.0;12.47;1.66
0.0;0.0;0.0;11.56;1.66
0.0;0.0;0.0;10.74;1.79
38.0;172.5;25.0;10.23;1.79
164.0;391.38;76.0;11.61;1.45
320.0;545.76;113.0;15.51;1.38
482.0;651.31;138.0;18.4;1.59
638.0;742.43;147.0;20.38;1.52
772.0;809.38;149.0;21.55;1.52
706.0;418.47;352.0;22.58;1.59
787.0;518.77;328.0;23.11;2.0
441.0;41.87;404.0;23.06;2.07
483.0;87.83;409.0;23.11;2.0
618.0;383.36;325.0;23.52;2.14
471.0;259.83;301.0;23.54;2.14
469.0;632.77;140.0;23.41;1.93
252.0;259.14;156.0;23.32;1.86
147.0;319.43;78.0;22.4;1.79
31.0;148.97;21.0;20.63;2.21
0.0;0.0;0.0;18.97;2.21
0.0;0.0;0.0;16.77;1.79
0.0;0.0;0.0;15.5;1.52
0.0;0.0;0.0;15.45;1.45
0.0;0.0;0.0;14.97;1.45
0.0;0.0;0.0;13.88;1.59
0.0;0.0;0.0;13.09;1.59
0.0;0.0;0.0;12.52;1.59
28.0;52.55;24.0;12.14;1.59
161.0;372.54;77.0;12.87;1.24
297.0;429.15;134.0;16.0;0.97
467.0;595.87;152.0;17.87;1.17
630.0;722.28;152.0;19.28;0.07
758.0;779.02;158.0;20.33;0.41
815.0;706.46;217.0;21.68;1.38
859.0;717.17;224.0;21.96;2.41
902.0;842.4;157.0;22.16;2.83
681.0;375.84;364.0;22.2;2.76
630.0;416.8;311.0;22.45;2.69
579.0;562.94;210.0;22.37;2.69
52.0;0.0;52.0;22.21;2.69
277.0;365.64;141.0;21.82;2.41
147.0;317.09;78.0;20.68;1.86
25.0;58.15;21.0;19.73;1.59
0.0;0.0;0.0;18.37;1.59
0.0;0.0;0.0;16.91;1.52
0.0;0.0;0.0;15.7;1.66
0.0;0.0;0.0;15.0;1.79
0.0;0.0;0.0;13.94;2.07
0.0;0.0;0.0;13.12;2.21
0.0;0.0;0.0;12.62;2.14
0.0;0.0;0.0;11.93;2.14
3.0;0.0;3.0;11.36;2.14
152.0;296.44;85.0;12.33;2.0
327.0;583.79;105.0;15.05;2.0
497.0;710.73;121.0;16.6;2.34
647.0;770.19;137.0;18.25;2.21
771.0;805.86;150.0;19.73;2.55
866.0;846.57;149.0;20.55;3.1
874.0;751.7;208.0;21.03;3.38
872.0;750.21;208.0;21.37;3.24
839.0;781.72;179.0;21.45;3.17
654.0;469.74;294.0;21.63;2.83
659.0;826.91;116.0;21.81;2.69
396.0;342.51;217.0;21.45;2.48
236.0;195.51;163.0;20.55;2.9
150.0;324.01;79.0;18.97;2.62
35.0;184.76;22.0;18.27;1.93
0.0;0.0;0.0;17.65;2.07
0.0;0.0;0.0;16.47;2.14
0.0;0.0;0.0;15.66;2.21
0.0;0.0;0.0;15.3;2.14
0.0;0.0;0.0;14.45;2.21
0.0;0.0;0.0;14.03;2.21
0.0;0.0;0.0;13.16;2.21
0.0;0.0;0.0;12.61;2.07
3.0;0.0;3.0;11.94;1.93
157.0;331.19;82.0;12.72;1.59
315.0;517.56;118.0;15.59;1.45
479.0;644.19;138.0;17.62;1.72
634.0;735.12;147.0;19.08;2.0
629.0;399.51;321.0;20.41;2.07
743.0;506.28;314.0;21.19;2.07
213.0;0.0;213.0;21.86;2.07
564.0;141.12;439.0;22.19;2.14
115.0;0.0;115.0;22.4;2.14
212.0;0.0;212.0;22.21;2.83
218.0;3.04;216.0;20.54;2.76
181.0;5.73;178.0;19.03;1.17
268.0;314.88;150.0;19.16;1.31
123.0;158.68;88.0;19.3;1.86
29.0;83.51;23.0;18.34;2.14
0.0;0.0;0.0;16.9;1.79
0.0;0.0;0.0;16.17;2.0
0.0;0.0;0.0;15.63;1.93
0.0;0.0;0.0;14.76;2.07
0.0;0.0;0.0;14.0;2.07
0.0;0.0;0.0;13.33;2.07
0.0;0.0;0.0;12.74;2.07
0.0;0.0;0.0;12.47;2.0
31.0;77.13;25.0;11.97;2.07
157.0;339.5;80.0;13.18;1.93
323.0;572.32;105.0;15.89;1.86
477.0;645.79;135.0;18.0;2.21
635.0;743.91;142.0;19.6;2.69
757.0;780.58;155.0;20.99;2.76
851.0;819.85;156.0;21.76;2.9
772.0;497.19;331.0;22.41;2.76
574.0;155.7;436.0;23.11;2.83
612.0;250.64;400.0;23.41;3.24
624.0;402.22;315.0;22.74;4.69
213.0;1.52;212.0;21.93;3.79
144.0;0.0;144.0;21.81;3.79
92.0;0.0;92.0;20.52;4.41
35.0;0.0;35.0;18.21;3.45
8.0;0.0;8.0;17.57;2.76
0.0;0.0;0.0;17.39;4.21
0.0;0.0;0.0;16.49;5.24
0.0;0.0;0.0;15.72;5.52
0.0;0.0;0.0;14.81;6.07
0.0;0.0;0.0;13.91;5.45
0.0;0.0;0.0;13.19;4.9
0.0;0.0;0.0;12.55;4.48
0.0;0.0;0.0;11.98;4.34
44.0;243.12;25.0;11.55;4.34
15.0;0.0;15.0;11.82;5.1
41.0;0.0;41.0;11.6;5.03
288.0;83.06;244.0;12.05;5.45
170.0;0.0;170.0;12.88;6.0
375.0;37.59;346.0;13.55;6.48
341.0;9.43;333.0;14.38;7.03
456.0;47.33;414.0;14.88;7.31
701.0;328.12;410.0;15.54;7.24
659.0;314.23;393.0;15.95;6.9
616.0;362.78;337.0;16.59;6.76
457.0;216.73;314.0;16.75;6.41
456.0;537.87;173.0;16.58;6.14
317.0;532.81;116.0;16.03;5.45
164.0;398.72;75.0;15.4;4.83
37.0;174.34;24.0;14.72;4.28
0.0;0.0;0.0;13.77;4.62
0.0;0.0;0.0;13.27;4.28
0.0;0.0;0.0;12.72;4.0
0.0;0.0;0.0;12.48;4.0
0.0;0.0;0.0;12.11;3.93
0.0;0.0;0.0;11.71;3.86
0.0;0.0;0.0;11.48;3.86
0.0;0.0;0.0;11.23;3.72
44.0;229.58;26.0;10.59;3.45
177.0;470.91;70.0;10.9;3.03
334.0;606.0;103.0;11.65;3.45
499.0;705.91;125.0;12.67;3.66
608.0;615.41;200.0;14.35;4.07
750.0;725.78;190.0;15.44;4.34
826.0;713.24;221.0;16.51;4.55
786.0;502.4;340.0;17.15;4.41
738.0;400.06;383.0;18.12;4.28
681.0;356.48;379.0;18.65;4.07
636.0;407.87;322.0;18.85;3.59
511.0;332.97;291.0;19.08;3.38
478.0;633.54;144.0;19.14;2.76
313.0;504.78;122.0;18.93;1.93
162.0;378.76;77.0;18.51;1.31
41.0;224.31;24.0;17.39;1.24
0.0;0.0;0.0;16.2;1.24
0.0;0.0;0.0;15.49;1.17
0.0;0.0;0.0;14.43;1.24
0.0;0.0;0.0;13.57;1.24
0.0;0.0;0.0;12.78;1.31
0.0;0.0;0.0;11.48;1.45
0.0;0.0;0.0;10.42;1.52
0.0;0.0;0.0;9.54;1.66
43.0;229.13;25.0;8.68;1.79
178.0;479.57;69.0;9.89;1.45
338.0;626.97;99.0;13.61;1.1
500.0;711.57;123.0;16.23;1.1
643.0;749.63;146.0;17.79;0.9
774.0;804.76;153.0;19.07;0.48
874.0;855.71;148.0;20.02;0.41
947.0;929.02;122.0;20.75;0.34
912.0;845.91;161.0;21.41;0.55
854.0;806.85;170.0;21.83;0.76
699.0;574.89;256.0;22.12;0.9
584.0;542.63;225.0;22.23;0.97
435.0;454.39;195.0;22.11;1.17
253.0;234.55;164.0;21.86;1.45
141.0;230.57;89.0;21.0;1.17
9.0;0.0;9.0;19.77;1.52
0.0;0.0;0.0;19.09;0.9
0.0;0.0;0.0;17.1;1.31
0.0;0.0;0.0;16.09;1.38
0.0;0.0;0.0;15.81;1.24
0.0;0.0;0.0;15.55;1.1
0.0;0.0;0.0;15.1;1.1
0.0;0.0;0.0;14.52;1.1
0.0;0.0;0.0;13.26;1.31
26.0;38.16;23.0;12.44;1.38
162.0;369.62;78.0;13.52;0.97
317.0;532.63;114.0;16.53;0.62
476.0;638.06;138.0;19.1;0.55
624.0;702.93;158.0;20.89;0.14
760.0;784.0;155.0;21.96;0.62
850.0;813.17;160.0;22.92;1.1
907.0;848.84;153.0;23.75;1.17
911.0;860.18;147.0;24.3;1.17
854.0;822.85;156.0;24.53;1.38
738.0;717.01;185.0;24.6;1.72
590.0;582.74;204.0;24.45;1.93
480.0;659.63;131.0;24.17;2.0
287.0;381.14;142.0;23.81;1.72
167.0;414.89;73.0;23.08;1.45
40.0;179.57;26.0;22.03;1.79
0.0;0.0;0.0;20.46;2.21
0.0;0.0;0.0;18.78;2.28
0.0;0.0;0.0;17.22;2.28
0.0;0.0;0.0;16.05;2.28
0.0;0.0;0.0;15.21;2.21
0.0;0.0;0.0;14.32;2.14
0.0;0.0;0.0;13.6;1.86
0.0;0.0;0.0;13.22;1.59
13.0;0.0;13.0;12.86;1.38
142.0;228.93;90.0;14.05;0.97
306.0;467.22;128.0;17.25;0.97
474.0;621.25;145.0;20.13;1.52
631.0;724.17;151.0;22.36;2.34
769.0;802.19;150.0;23.77;3.03
864.0;842.57;149.0;24.5;3.17
893.0;808.14;175.0;25.02;2.55
893.0;808.1;175.0;25.7;2.62
801.0;659.8;241.0;25.98;2.83
716.0;637.42;224.0;26.1;2.76
595.0;588.12;205.0;26.08;3.1
479.0;643.48;138.0;25.72;3.52
265.0;277.96;159.0;25.08;3.24
98.0;52.74;86.0;24.11;3.17
23.0;25.34;21.0;22.47;3.1
0.0;0.0;0.0;21.11;2.97
0.0;0.0;0.0;19.94;2.76
0.0;0.0;0.0;18.77;2.55
0.0;0.0;0.0;17.49;2.34
0.0;0.0;0.0;16.17;2.14
0.0;0.0;0.0;15.0;2.07
0.0;0.0;0.0;14.02;1.93
0.0;0.0;0.0;13.27;1.66
23.0;12.75;22.0;12.94;1.45
152.0;290.83;86.0;14.13;1.03
310.0;491.15;123.0;17.64;1.03
476.0;630.96;142.0;20.48;1.24
623.0;694.19;163.0;22.6;1.24
763.0;789.34;154.0;24.41;1.38
858.0;828.43;155.0;25.87;1.79
901.0;830.53;163.0;26.86;2.41
920.0;876.48;141.0;27.5;2.76
868.0;851.43;145.0;28.04;2.69
763.0;788.43;154.0;28.26;2.41
623.0;692.98;163.0;28.27;2.48
492.0;693.43;124.0;27.85;2.55
322.0;557.32;109.0;27.14;2.55
169.0;420.34;73.0;26.06;2.83
42.0;200.57;26.0;24.33;3.1
0.0;0.0;0.0;23.11;3.38
0.0;0.0;0.0;22.07;3.45
0.0;0.0;0.0;21.17;3.24
0.0;0.0;0.0;20.27;2.97
0.0;0.0;0.0;19.25;2.55
0.0;0.0;0.0;18.04;2.28
0.0;0.0;0.0;16.8;2.07
0.0;0.0;0.0;15.66;1.93
28.0;51.16;24.0;14.7;1.66
165.0;397.11;75.0;15.52;1.52
326.0;583.57;104.0;19.04;1.93
491.0;697.48;122.0;21.42;2.62
640.0;757.86;138.0;23.69;2.69
771.0;815.44;142.0;25.13;3.24
867.0;856.77;140.0;26.27;3.72
911.0;859.72;147.0;27.22;3.93
930.0;906.64;124.0;27.83;4.14
873.0;867.55;136.0;28.16;4.28
768.0;804.75;146.0;28.16;4.28
631.0;726.96;148.0;27.85;4.21
492.0;696.28;122.0;27.33;3.93
322.0;561.44;107.0;26.72;3.45
166.0;397.1;75.0;25.71;3.45
41.0;173.83;27.0;24.24;3.24
0.0;0.0;0.0;22.97;3.31
0.0;0.0;0.0;21.68;2.76
0.0;0.0;0.0;20.35;2.69
0.0;0.0;0.0;19.3;2.55
0.0;0.0;0.0;18.4;2.34
0.0;0.0;0.0;17.39;2.41
0.0;0.0;0.0;16.85;2.41
0.0;0.0;0.0;16.37;2.41
32.0;77.07;26.0;16.01;2.34
161.0;371.27;77.0;16.54;2.0
319.0;555.24;108.0;18.52;1.93
486.0;680.96;126.0;20.6;2.14
637.0;749.17;141.0;22.97;2.62
764.0;796.23;150.0;24.56;3.1
855.0;825.06;155.0;25.8;3.59
903.0;838.32;158.0;26.51;4.0
913.0;861.49;147.0;27.24;4.0
866.0;847.24;146.0;27.76;3.38
766.0;796.54;150.0;28.03;3.1
626.0;703.81;158.0;28.15;3.1
494.0;699.21;122.0;27.89;2.83
328.0;581.3;105.0;27.44;2.55
174.0;448.11;71.0;26.39;2.69
43.0;197.03;27.0;24.7;2.83
0.0;0.0;0.0;23.4;3.03
0.0;0.0;0.0;22.24;2.76
0.0;0.0;0.0;21.35;2.48
0.0;0.0;0.0;20.33;2.21
0.0;0.0;0.0;19.05;2.0
0.0;0.0;0.0;17.96;2.0
0.0;0.0;0.0;17.29;2.07
0.0;0.0;0.0;17.04;2.28
7.0;0.0;7.0;16.91;2.21
146.0;265.75;86.0;17.84;2.07
309.0;503.25;118.0;20.22;2.14
474.0;641.78;135.0;22.16;2.48
625.0;720.89;148.0;23.68;2.55
758.0;787.45;151.0;25.1;2.55
853.0;827.58;151.0;26.18;2.41
901.0;841.73;153.0;26.98;2.41
916.0;876.0;137.0;27.69;2.48
868.0;861.11;136.0;28.16;2.34
764.0;798.74;146.0;28.43;1.93
632.0;730.35;146.0;28.29;1.45
491.0;690.97;123.0;28.32;1.45
327.0;577.79;105.0;27.85;1.66
176.0;455.61;71.0;27.08;1.45
37.0;122.28;27.0;25.82;1.59
0.0;0.0;0.0;24.01;2.21
0.0;0.0;0.0;22.51;1.93
0.0;0.0;0.0;21.11;1.45
0.0;0.0;0.0;20.25;1.24
0.0;0.0;0.0;19.95;1.03
0.0;0.0;0.0;18.61;1.24
0.0;0.0;0.0;18.3;1.1
0.0;0.0;0.0;18.67;0.76
3.0;0.0;3.0;18.16;0.76
121.0;137.65;90.0;18.88;0.55
286.0;403.72;133.0;21.39;0.48
452.0;566.62;153.0;23.97;0.76
604.0;665.42;164.0;24.81;0.55
528.0;216.74;361.0;25.42;0.76
600.0;238.2;398.0;26.15;0.83
472.0;64.15;415.0;27.47;0.69
418.0;33.73;388.0;27.73;1.1
790.0;660.98;228.0;27.88;1.31
653.0;480.6;281.0;28.07;1.38
497.0;321.4;283.0;27.91;1.1
399.0;348.93;213.0;27.54;0.9
291.0;405.47;135.0;27.03;1.31
15.0;0.0;15.0;26.45;1.38
4.0;0.0;4.0;25.18;0.69
0.0;0.0;0.0;23.34;2.34
0.0;0.0;0.0;22.59;2.14
0.0;0.0;0.0;21.9;2.28
0.0;0.0;0.0;21.6;2.76
0.0;0.0;0.0;21.09;2.76
0.0;0.0;0.0;20.42;2.62
0.0;0.0;0.0;19.92;2.55
0.0;0.0;0.0;19.68;2.34
3.0;0.0;3.0;19.29;2.28
14.0;0.0;14.0;19.56;2.14
41.0;0.0;41.0;19.85;2.0
71.0;0.0;71.0;20.5;2.21
215.0;3.03;213.0;21.38;1.59
377.0;45.45;342.0;21.84;1.17
307.0;4.72;303.0;22.27;1.31
348.0;9.0;340.0;23.16;1.03
433.0;40.48;397.0;23.85;0.76
312.0;5.88;307.0;24.51;1.03
460.0;116.24;370.0;24.99;1.17
480.0;277.7;295.0;25.09;0.48
345.0;196.82;240.0;25.65;0.48
247.0;218.08;163.0;25.66;0.83
145.0;246.32;88.0;25.32;0.9
27.0;36.3;24.0;24.61;0.97
0.0;0.0;0.0;21.42;1.1
0.0;0.0;0.0;20.2;0.69
0.0;0.0;0.0;19.98;0.55
0.0;0.0;0.0;19.75;0.34
0.0;0.0;0.0;19.49;0.69
0.0;0.0;0.0;18.5;1.03
0.0;0.0;0.0;17.2;1.45
0.0;0.0;0.0;16.56;1.66
23.0;26.47;21.0;16.85;1.79
55.0;0.0;55.0;18.26;1.86
150.0;23.83;141.0;19.99;2.76
411.0;406.51;197.0;21.82;2.9
579.0;575.64;199.0;24.74;2.28
721.0;696.45;185.0;26.43;1.24
808.0;723.38;195.0;28.06;0.76
869.0;780.21;176.0;28.89;0.55
889.0;826.52;154.0;30.13;0.14
839.0;800.73;158.0;31.02;0.48
722.0;684.33;192.0;31.46;1.1
81.0;0.0;81.0;30.56;2.34
168.0;1.87;167.0;29.27;2.97
29.0;0.0;29.0;28.54;2.76
24.0;0.0;24.0;26.95;0.76
4.0;0.0;4.0;26.28;0.07
0.0;0.0;0.0;24.51;2.14
0.0;0.0;0.0;23.25;2.41
0.0;0.0;0.0;22.19;2.07
0.0;0.0;0.0;21.08;1.45
0.0;0.0;0.0;20.45;2.55
0.0;0.0;0.0;20.1;2.55
0.0;0.0;0.0;19.32;1.17
0.0;0.0;0.0;18.71;2.41
3.0;0.0;3.0;18.57;3.03
94.0;49.33;83.0;18.83;2.07
296.0;453.8;125.0;19.49;2.48
329.0;171.2;239.0;20.12;2.41
366.0;90.98;306.0;21.07;2.28
597.0;345.86;331.0;22.22;2.28
217.0;0.0;217.0;22.58;2.48
206.0;0.0;206.0;22.27;3.45
80.0;0.0;80.0;21.6;4.14
112.0;0.0;112.0;20.34;4.41
396.0;55.51;353.0;19.92;3.86
90.0;0.0;90.0;20.14;2.62
119.0;0.0;119.0;20.76;2.14
195.0;77.76;165.0;20.87;2.0
159.0;331.92;82.0;20.94;1.59
32.0;60.16;27.0;20.63;1.59
0.0;0.0;0.0;18.96;2.34
0.0;0.0;0.0;18.12;2.55
0.0;0.0;0.0;17.46;2.48
0.0;0.0;0.0;16.74;2.0
0.0;0.0;0.0;16.1;1.52
0.0;0.0;0.0;15.4;1.59
0.0;0.0;0.0;15.42;1.45
0.0;0.0;0.0;15.42;1.38
3.0;0.0;3.0;15.36;1.45
14.0;0.0;14.0;15.96;1.31
58.0;0.0;58.0;17.02;1.72
97.0;0.0;97.0;18.0;2.0
206.0;1.52;205.0;18.99;2.34
360.0;33.83;334.0;19.6;2.28
563.0;179.55;411.0;20.21;1.93
495.0;78.86;425.0;21.0;1.79
279.0;1.12;278.0;21.89;1.66
484.0;89.36;408.0;22.14;2.07
460.0;113.6;372.0;20.83;3.52
57.0;0.0;57.0;20.38;3.03
186.0;5.62;183.0;20.97;2.48
236.0;176.17;168.0;20.76;2.76
64.0;4.31;63.0;19.17;2.48
42.0;168.28;28.0;18.37;1.03
0.0;0.0;0.0;18.57;1.17
0.0;0.0;0.0;17.55;0.97
0.0;0.0;0.0;16.41;1.38
0.0;0.0;0.0;15.82;1.45
0.0;0.0;0.0;15.2;1.45
0.0;0.0;0.0;14.42;1.66
0.0;0.0;0.0;13.81;1.72
0.0;0.0;0.0;13.26;1.79
7.0;0.0;7.0;13.01;1.72
91.0;40.7;82.0;14.06;1.24
248.0;237.33;159.0;16.75;0.97
453.0;559.14;160.0;18.47;1.1
431.0;180.85;312.0;19.86;1.52
630.0;415.44;311.0;21.2;1.31
659.0;329.76;380.0;22.2;1.24
448.0;46.21;407.0;22.87;1.17
795.0;544.57;311.0;23.46;0.97
777.0;593.87;272.0;23.78;0.76
715.0;632.52;225.0;24.05;0.41
519.0;356.88;281.0;24.0;0.14
459.0;542.71;169.0;24.0;0.76
316.0;505.07;121.0;22.51;1.66
167.0;383.29;78.0;21.45;1.86
42.0;156.29;29.0;20.54;1.03
0.0;0.0;0.0;20.2;0.9
0.0;0.0;0.0;20.41;0.55
0.0;0.0;0.0;19.81;0.34
0.0;0.0;0.0;19.23;0.48
0.0;0.0;0.0;18.67;0.62
0.0;0.0;0.0;18.08;0.69
0.0;0.0;0.0;17.32;0.76
0.0;0.0;0.0;16.31;1.03
3.0;0.0;3.0;15.63;0.9
141.0;259.03;84.0;15.77;0.34
303.0;492.0;119.0;17.88;0.21
473.0;649.99;133.0;19.94;0.07
623.0;716.68;152.0;19.55;0.0
756.0;786.01;153.0;21.49;0.28
820.0;730.91;202.0;22.78;0.28
841.0;667.49;249.0;23.75;0.21
666.0;280.25;417.0;24.36;0.41
672.0;349.33;375.0;24.85;1.1
677.0;518.97;275.0;25.0;1.38
610.0;634.28;187.0;24.93;1.52
452.0;512.74;178.0;25.0;1.38
258.0;240.87;165.0;24.63;0.9
176.0;447.95;72.0;24.34;0.21
44.0;204.65;27.0;22.93;0.76
0.0;0.0;0.0;20.74;1.79
0.0;0.0;0.0;18.99;1.93
0.0;0.0;0.0;17.97;2.07
0.0;0.0;0.0;17.04;2.07
0.0;0.0;0.0;16.5;2.0
0.0;0.0;0.0;16.07;1.93
0.0;0.0;0.0;15.74;1.79
0.0;0.0;0.0;15.22;1.72
9.0;0.0;9.0;14.56;1.79
143.0;283.24;81.0;15.32;1.52
267.0;324.49;146.0;18.8;1.24
459.0;609.1;141.0;21.4;1.72
542.0;457.1;242.0;22.46;2.48
691.0;596.28;234.0;23.93;2.83
719.0;473.42;319.0;24.97;2.48
364.0;13.54;352.0;25.71;2.28
576.0;158.75;435.0;26.14;2.21
823.0;747.07;188.0;26.6;2.07
737.0;720.48;179.0;27.05;2.07
536.0;412.4;261.0;27.35;1.79
480.0;649.41;133.0;27.35;1.24
65.0;0.0;65.0;27.03;1.24
174.0;435.26;73.0;25.95;1.31
35.0;84.49;28.0;23.52;1.93
0.0;0.0;0.0;23.3;2.76
0.0;0.0;0.0;22.13;3.1
0.0;0.0;0.0;21.23;2.9
0.0;0.0;0.0;20.63;2.76
0.0;0.0;0.0;20.05;2.34
0.0;0.0;0.0;19.2;2.0
0.0;0.0;0.0;18.22;1.79
0.0;0.0;0.0;17.4;1.59
3.0;0.0;3.0;17.09;1.59
117.0;133.23;88.0;17.89;1.31
253.0;266.33;154.0;20.29;0.97
354.0;234.16;232.0;22.59;0.41
588.0;607.3;190.0;21.93;3.66
754.0;794.14;146.0;22.53;4.14
856.0;846.91;141.0;23.61;4.14
896.0;838.68;153.0;24.63;3.93
898.0;839.17;153.0;25.22;4.07
862.0;848.53;141.0;25.36;4.14
768.0;808.48;142.0;25.34;3.86
633.0;730.48;146.0;25.63;3.45
497.0;709.47;118.0;25.58;3.17
328.0;577.9;105.0;21.49;2.73
173.0;431.36;73.0;21.56;2.65
29.0;48.46;25.0;21.63;2.58
0.0;0.0;0.0;21.7;2.51
0.0;0.0;0.0;21.76;2.43
0.0;0.0;0.0;21.83;2.36
0.0;0.0;0.0;21.9;2.29
0.0;0.0;0.0;21.97;2.21
0.0;0.0;0.0;22.04;2.14
0.0;0.0;0.0;22.11;2.07
0.0;0.0;0.0;22.18;1.99
15.0;0.0;15.0;22.24;1.92
131.0;212.61;85.0;22.31;1.85
289.0;442.66;125.0;22.38;1.77
458.0;609.76;141.0;22.45;1.7
509.0;366.78;269.0;22.52;1.63
744.0;771.5;154.0;29.64;1.86
840.0;812.06;155.0;31.27;1.52
884.0;815.5;162.0;32.1;1.38
708.0;366.26;383.0;32.5;1.59
577.0;196.61;410.0;32.55;2.14
730.0;696.35;191.0;32.33;2.14
553.0;460.64;246.0;31.82;1.38
339.0;177.91;244.0;31.67;1.72
264.0;272.28;159.0;31.41;1.38
144.0;233.25;90.0;30.77;0.83
41.0;158.3;28.0;27.78;3.79
0.0;0.0;0.0;27.42;3.24
0.0;0.0;0.0;23.41;5.66
0.0;0.0;0.0;21.23;5.17
0.0;0.0;0.0;20.14;4.14
0.0;0.0;0.0;19.28;4.69
0.0;0.0;0.0;18.56;4.34
0.0;0.0;0.0;18.15;4.14
0.0;0.0;0.0;18.02;4.0
15.0;0.0;15.0;17.93;3.66
14.0;0.0;14.0;17.96;3.45
27.0;0.0;27.0;18.01;3.59
56.0;0.0;56.0;18.11;3.72
116.0;0.0;116.0;18.09;4.07
133.0;0.0;133.0;18.14;4.28
160.0;0.0;160.0;18.39;4.28
161.0;0.0;161.0;19.15;4.62
143.0;0.0;143.0;19.77;4.21
167.0;0.0;167.0;20.15;3.93
240.0;1.29;239.0;20.32;4.0
305.0;34.53;282.0;20.55;3.59
148.0;0.0;148.0;20.48;3.17
180.0;54.5;159.0;20.52;2.97
45.0;0.0;45.0;20.39;2.34
13.0;0.0;13.0;20.14;1.79
0.0;0.0;0.0;19.49;0.55
0.0;0.0;0.0;19.08;0.76
0.0;0.0;0.0;18.57;0.97
0.0;0.0;0.0;17.88;0.97
0.0;0.0;0.0;16.93;1.45
0.0;0.0;0.0;16.72;1.72
0.0;0.0;0.0;16.13;1.86
0.0;0.0;0.0;16.08;1.72
3.0;0.0;3.0;15.6;1.59
34.0;0.0;34.0;16.18;1.31
203.0;111.47;162.0;17.79;2.14
385.0;318.89;220.0;18.46;2.28
524.0;395.61;266.0;19.3;2.07
647.0;460.12;296.0;20.24;1.93
639.0;293.37;392.0;21.13;1.31
788.0;528.26;321.0;22.36;0.76
893.0;812.38;173.0;23.64;0.34
862.0;835.56;153.0;24.95;0.48
752.0;743.54;177.0;25.45;1.1
641.0;741.94;147.0;25.74;1.72
491.0;676.88;130.0;25.69;2.0
330.0;579.4;107.0;25.33;2.0
176.0;446.67;73.0;24.8;1.72
33.0;74.09;27.0;23.77;1.52
0.0;0.0;0.0;22.41;1.59
0.0;0.0;0.0;20.58;1.45
0.0;0.0;0.0;19.45;1.52
0.0;0.0;0.0;18.76;1.59
0.0;0.0;0.0;17.73;1.59
0.0;0.0;0.0;17.33;1.38
0.0;0.0;0.0;17.56;1.1
0.0;0.0;0.0;18.17;0.28
15.0;15.75;14.0;17.65;0.28
140.0;287.76;79.0;17.44;0.34
305.0;543.18;106.0;19.14;0.28
474.0;680.11;123.0;21.31;0.62
630.0;763.47;133.0;23.63;2.0
714.0;673.39;201.0;24.95;2.28
835.0;797.8;164.0;25.9;1.52
855.0;725.68;214.0;26.95;1.52
877.0;784.71;182.0;27.69;2.0
815.0;714.61;209.0;28.05;1.93
730.0;689.63;197.0;28.26;1.79
478.0;264.51;302.0;28.1;1.79
421.0;407.22;204.0;28.02;1.79
224.0;140.49;170.0;27.72;1.66
144.0;234.79;90.0;27.09;1.24
8.0;0.0;8.0;25.84;1.17
0.0;0.0;0.0;24.76;1.24
0.0;0.0;0.0;22.93;2.0
0.0;0.0;0.0;22.12;2.21
0.0;0.0;0.0;21.05;1.72
0.0;0.0;0.0;21.68;1.1
0.0;0.0;0.0;21.52;0.83
0.0;0.0;0.0;20.41;0.97
0.0;0.0;0.0;18.68;1.52
2.0;0.0;2.0;18.52;1.59
13.0;0.0;13.0;18.93;1.38
58.0;0.0;58.0;19.4;1.31
41.0;0.0;41.0;20.09;1.38
65.0;0.0;65.0;20.73;0.69
129.0;0.0;129.0;20.12;1.31
166.0;0.0;166.0;20.01;1.93
141.0;0.0;141.0;19.62;2.41
241.0;0.0;241.0;19.54;2.76
176.0;0.0;176.0;19.4;2.9
138.0;0.0;138.0;19.28;2.83
175.0;0.0;175.0;19.13;2.55
95.0;0.0;95.0;19.0;2.34
45.0;0.0;45.0;18.95;2.48
30.0;0.0;30.0;18.61;2.34
4.0;0.0;4.0;18.01;1.79
0.0;0.0;0.0;17.18;2.83
0.0;0.0;0.0;17.06;2.83
0.0;0.0;0.0;17.0;3.38
0.0;0.0;0.0;17.13;4.48
0.0;0.0;0.0;16.87;3.86
0.0;0.0;0.0;16.55;3.17
0.0;0.0;0.0;16.27;2.9
0.0;0.0;0.0;15.97;3.31
26.0;116.59;19.0;15.65;3.52
29.0;0.0;29.0;15.52;3.1
151.0;30.28;140.0;15.93;3.79
403.0;399.4;198.0;16.93;4.34
498.0;345.44;274.0;18.17;4.07
475.0;142.18;367.0;19.08;3.93
343.0;13.11;332.0;20.18;3.59
548.0;130.43;433.0;21.07;3.24
734.0;417.28;365.0;20.94;2.83
223.0;0.0;223.0;21.27;2.9
340.0;23.32;322.0;19.53;4.48
260.0;12.04;252.0;17.8;4.83
352.0;208.75;241.0;17.96;3.86
184.0;60.04;161.0;18.39;3.31
131.0;166.31;93.0;18.36;2.41
28.0;50.96;24.0;17.98;1.79
0.0;0.0;0.0;16.85;1.03
0.0;0.0;0.0;15.47;1.52
0.0;0.0;0.0;14.04;1.72
0.0;0.0;0.0;13.08;1.66
0.0;0.0;0.0;12.45;1.66
0.0;0.0;0.0;11.69;1.66
0.0;0.0;0.0;11.16;1.72
0.0;0.0;0.0;10.93;1.52
5.0;0.0;5.0;10.69;1.45
13.0;0.0;13.0;12.22;1.17
165.0;47.01;148.0;14.86;0.97
455.0;611.61;142.0;16.31;1.17
606.0;689.23;160.0;17.92;2.41
620.0;407.43;311.0;18.83;2.28
546.0;159.88;412.0;19.67;2.07
551.0;131.7;435.0;20.26;1.93
641.0;244.48;425.0;20.83;2.34
344.0;11.82;334.0;20.75;2.07
467.0;120.61;374.0;20.82;2.14
124.0;0.0;124.0;20.36;1.72
237.0;32.01;220.0;19.9;1.31
185.0;62.78;161.0;19.61;0.9
80.0;17.57;76.0;19.12;0.48
22.0;12.91;21.0;18.54;0.21
0.0;0.0;0.0;17.43;1.1
0.0;0.0;0.0;16.42;1.86
0.0;0.0;0.0;16.24;2.0
0.0;0.0;0.0;15.83;1.45
0.0;0.0;0.0;15.36;0.9
0.0;0.0;0.0;15.07;1.17
0.0;0.0;0.0;14.92;1.24
0.0;0.0;0.0;14.84;1.24
2.0;0.0;2.0;14.72;1.31
13.0;0.0;13.0;14.64;1.17
42.0;0.0;42.0;15.07;1.17
224.0;31.36;208.0;15.71;1.79
386.0;123.9;306.0;15.91;2.0
550.0;262.82;351.0;17.62;2.41
723.0;489.82;313.0;18.81;2.55
138.0;0.0;138.0;19.81;2.69
170.0;0.0;170.0;18.18;2.62
409.0;37.85;377.0;19.24;3.24
97.0;0.0;97.0;19.0;2.69
113.0;0.0;113.0;19.53;3.1
43.0;0.0;43.0;18.2;2.55
29.0;0.0;29.0;18.71;3.24
41.0;0.0;41.0;18.4;3.38
3.0;0.0;3.0;17.08;3.1
0.0;0.0;0.0;16.69;2.76
0.0;0.0;0.0;16.0;2.83
0.0;0.0;0.0;15.62;3.17
0.0;0.0;0.0;15.05;3.24
0.0;0.0;0.0;14.46;3.17
0.0;0.0;0.0;14.0;3.03
0.0;0.0;0.0;13.85;2.83
0.0;0.0;0.0;13.61;2.69
2.0;0.0;2.0;13.31;2.76
25.0;0.0;25.0;13.37;2.76
197.0;114.48;156.0;14.0;2.97
122.0;0.0;122.0;14.51;3.52
320.0;51.22;287.0;15.71;2.9
630.0;435.25;301.0;16.56;2.97
635.0;299.08;385.0;17.05;3.45
259.0;0.0;259.0;17.62;3.93
718.0;382.18;381.0;18.03;4.28
621.0;261.69;400.0;18.75;4.83
671.0;510.67;278.0;18.95;4.48
591.0;578.47;208.0;19.25;4.48
417.0;392.92;209.0;19.56;4.48
179.0;52.57;159.0;19.23;3.52
124.0;141.9;92.0;18.76;3.03
5.0;0.0;5.0;17.91;2.9
0.0;0.0;0.0;16.76;2.69
0.0;0.0;0.0;15.74;2.34
0.0;0.0;0.0;15.04;2.34
0.0;0.0;0.0;14.25;2.48
0.0;0.0;0.0;13.79;2.55
0.0;0.0;0.0;13.53;2.69
0.0;0.0;0.0;13.08;2.62
0.0;0.0;0.0;12.48;2.41
2.0;0.0;2.0;12.37;2.48
13.0;0.0;13.0;12.93;2.55
256.0;317.13;143.0;13.35;3.24
300.0;128.23;235.0;13.44;3.38
533.0;441.86;249.0;14.03;3.24
401.0;63.61;353.0;14.54;4.28
291.0;2.4;289.0;15.9;4.28
747.0;444.3;357.0;16.17;4.69
792.0;541.54;315.0;15.54;5.1
567.0;178.99;416.0;16.07;5.17
210.0;0.0;210.0;16.46;5.24
409.0;137.63;318.0;16.47;5.03
340.0;179.78;245.0;16.63;4.83
324.0;571.95;107.0;16.34;4.69
90.0;35.66;82.0;16.02;4.21
29.0;67.81;24.0;15.03;3.72
0.0;0.0;0.0;13.94;3.24
0.0;0.0;0.0;13.75;3.03
0.0;0.0;0.0;13.59;3.17
0.0;0.0;0.0;13.07;3.17
0.0;0.0;0.0;12.95;3.24
0.0;0.0;0.0;13.12;3.17
0.0;0.0;0.0;13.0;3.03
0.0;0.0;0.0;12.73;3.1
2.0;0.0;2.0;12.11;3.17
13.0;0.0;13.0;12.0;3.52
43.0;0.0;43.0;12.25;3.59
270.0;81.16;229.0;12.84;3.93
477.0;294.77;288.0;14.28;4.48
732.0;739.56;175.0;15.48;4.55
659.0;343.14;373.0;15.82;4.48
245.0;0.0;245.0;16.58;4.62
147.0;0.0;147.0;16.83;4.62
160.0;0.0;160.0;17.2;5.31
374.0;39.07;344.0;15.99;4.97
580.0;539.2;224.0;15.68;3.93
51.0;0.0;51.0;16.04;3.79
163.0;31.72;151.0;16.27;4.07
62.0;4.48;61.0;15.54;4.07
3.0;0.0;3.0;14.43;3.79
0.0;0.0;0.0;13.53;3.31
0.0;0.0;0.0;13.17;3.1
0.0;0.0;0.0;12.78;3.03
0.0;0.0;0.0;12.46;3.17
0.0;0.0;0.0;12.2;3.31
0.0;0.0;0.0;11.87;3.24
0.0;0.0;0.0;11.59;3.24
0.0;0.0;0.0;11.56;3.17
19.0;104.44;14.0;11.49;3.17
22.0;0.0;22.0;11.9;3.24
269.0;400.02;128.0;12.68;3.52
276.0;93.37;229.0;13.58;4.0
244.0;9.38;238.0;14.3;4.0
591.0;352.53;326.0;15.72;4.41
499.0;110.55;407.0;17.21;5.03
897.0;853.21;150.0;17.95;5.38
748.0;450.64;352.0;18.88;5.72
807.0;698.63;219.0;18.98;5.24
241.0;1.3;240.0;18.84;4.9
405.0;136.53;315.0;18.79;4.76
249.0;43.71;226.0;18.74;3.93
83.0;0.0;83.0;17.83;4.97
119.0;130.84;90.0;17.18;4.55
26.0;56.55;22.0;17.05;4.62
0.0;0.0;0.0;17.46;4.34
0.0;0.0;0.0;16.93;4.0
0.0;0.0;0.0;16.88;4.48
0.0;0.0;0.0;16.67;4.83
0.0;0.0;0.0;16.01;5.03
0.0;0.0;0.0;15.6;5.17
0.0;0.0;0.0;15.27;5.17
0.0;0.0;0.0;14.95;5.17
14.0;43.87;12.0;14.54;5.03
140.0;384.71;65.0;14.62;4.97
300.0;582.07;96.0;15.52;4.41
468.0;705.81;114.0;16.85;5.52
621.0;772.85;128.0;18.37;6.21
753.0;823.77;135.0;19.76;6.34
827.0;800.39;162.0;21.07;6.83
801.0;591.33;284.0;22.04;6.83
858.0;742.92;206.0;22.59;6.41
811.0;717.37;208.0;23.37;6.14
727.0;693.5;196.0;23.78;5.93
559.0;489.32;237.0;23.58;5.24
392.0;325.69;221.0;23.48;4.41
287.0;393.96;139.0;22.95;3.66
117.0;122.64;90.0;22.42;3.52
24.0;43.43;21.0;21.3;3.38
0.0;0.0;0.0;20.79;2.9
0.0;0.0;0.0;20.12;2.97
0.0;0.0;0.0;19.86;3.03
0.0;0.0;0.0;19.78;3.03
0.0;0.0;0.0;19.69;3.03
0.0;0.0;0.0;19.11;3.03
0.0;0.0;0.0;18.66;3.03
0.0;0.0;0.0;18.16;3.03
1.0;0.0;1.0;17.9;2.69
12.0;0.0;12.0;17.75;2.07
63.0;0.0;63.0;18.56;1.86
356.0;284.19;214.0;20.03;2.28
513.0;418.12;247.0;23.27;4.07
725.0;760.02;156.0;23.87;4.28
827.0;812.59;153.0;24.61;4.21
806.0;620.83;264.0;25.23;4.28
417.0;34.23;387.0;25.56;4.07
675.0;378.83;357.0;25.94;4.07
169.0;0.0;169.0;26.02;3.79
56.0;0.0;56.0;25.91;3.24
146.0;0.0;146.0;24.79;2.07
33.0;0.0;33.0;23.69;2.07
158.0;393.48;72.0;22.13;2.21
11.0;0.0;11.0;21.13;1.17
0.0;0.0;0.0;20.66;1.17
0.0;0.0;0.0;19.24;1.52
0.0;0.0;0.0;19.05;1.31
0.0;0.0;0.0;18.84;2.28
0.0;0.0;0.0;18.54;2.97
0.0;0.0;0.0;17.98;3.66
0.0;0.0;0.0;17.37;3.72
0.0;0.0;0.0;16.71;3.52
1.0;0.0;1.0;16.28;3.52
56.0;5.25;55.0;15.85;3.79
243.0;294.56;141.0;15.68;4.14
452.0;655.0;126.0;16.14;4.62
608.0;737.69;140.0;16.57;4.48
677.0;586.29;239.0;17.8;4.55
617.0;276.57;388.0;18.52;4.69
642.0;259.26;416.0;19.28;5.24
686.0;330.22;397.0;19.64;5.31
736.0;507.03;311.0;20.03;5.52
714.0;651.12;217.0;19.91;5.52
547.0;453.04;250.0;19.86;5.17
427.0;447.98;193.0;19.42;4.55
301.0;474.9;124.0;19.04;3.93
161.0;419.61;70.0;18.53;2.76
26.0;76.41;21.0;17.49;2.0
0.0;0.0;0.0;16.07;2.14
0.0;0.0;0.0;14.82;2.14
0.0;0.0;0.0;13.73;2.0
0.0;0.0;0.0;12.99;1.72
0.0;0.0;0.0;12.34;1.66
0.0;0.0;0.0;12.07;1.52
0.0;0.0;0.0;11.16;1.66
0.0;0.0;0.0;10.19;1.79
2.0;0.0;2.0;9.77;1.79
99.0;127.6;75.0;10.2;1.66
285.0;528.92;103.0;13.61;1.52
368.0;320.75;209.0;15.57;2.0
569.0;594.37;193.0;16.59;2.97
737.0;787.46;150.0;17.49;3.31
776.0;646.09;242.0;18.41;3.93
851.0;733.06;213.0;18.81;4.07
640.0;251.75;420.0;19.21;3.72
169.0;0.0;169.0;19.98;4.48
526.0;207.35;368.0;20.16;4.97
507.0;343.93;282.0;20.05;4.9
142.0;0.0;142.0;19.97;4.83
203.0;105.1;164.0;18.26;5.31
99.0;65.09;85.0;16.26;4.14
21.0;31.51;19.0;15.5;3.59
0.0;0.0;0.0;14.8;3.31
0.0;0.0;0.0;14.17;3.17
0.0;0.0;0.0;13.66;3.31
0.0;0.0;0.0;13.43;3.52
0.0;0.0;0.0;12.9;3.45
0.0;0.0;0.0;12.35;3.45
0.0;0.0;0.0;11.91;3.52
0.0;0.0;0.0;11.58;3.52
1.0;0.0;1.0;11.22;3.45
125.0;312.36;67.0;11.39;3.38
290.0;561.62;98.0;12.5;3.24
458.0;684.67;120.0;13.9;4.0
608.0;738.82;142.0;15.4;4.48
615.0;412.78;308.0;16.58;4.41
652.0;336.98;374.0;17.36;4.07
307.0;2.3;305.0;18.29;4.48
682.0;317.47;405.0;18.88;4.55
715.0;451.18;338.0;19.08;4.21
747.0;752.01;175.0;19.37;4.21
616.0;683.26;170.0;19.37;3.72
432.0;466.01;190.0;19.58;3.38
316.0;563.11;108.0;19.43;2.55
161.0;431.54;69.0;18.96;1.79
23.0;65.16;19.0;17.64;1.86
0.0;0.0;0.0;16.25;1.93
0.0;0.0;0.0;14.32;2.14
0.0;0.0;0.0;12.86;2.14
0.0;0.0;0.0;11.77;2.07
0.0;0.0;0.0;10.99;2.14
0.0;0.0;0.0;10.36;2.07
0.0;0.0;0.0;9.95;1.86
0.0;0.0;0.0;9.55;1.79
1.0;0.0;1.0;9.21;1.79
124.0;327.48;64.0;9.82;1.66
270.0;465.28;112.0;13.38;1.38
453.0;683.52;117.0;16.16;1.66
573.0;631.33;176.0;17.73;2.0
738.0;801.89;143.0;19.12;2.69
830.0;822.23;153.0;20.17;3.1
887.0;849.67;150.0;20.87;2.9
887.0;839.18;156.0;21.61;2.76
847.0;837.96;148.0;22.17;2.76
762.0;820.62;139.0;22.53;2.48
551.0;479.1;239.0;22.7;1.93
462.0;616.25;143.0;22.7;1.72
292.0;451.62;126.0;22.49;1.38
144.0;312.5;78.0;22.02;0.69
23.0;67.56;19.0;20.9;0.76
0.0;0.0;0.0;21.63;0.83
0.0;0.0;0.0;17.35;1.86
0.0;0.0;0.0;15.85;2.07
0.0;0.0;0.0;14.89;2.0
0.0;0.0;0.0;14.27;1.86
0.0;0.0;0.0;13.43;1.79
0.0;0.0;0.0;12.89;1.66
0.0;0.0;0.0;12.51;1.59
1.0;0.0;1.0;12.15;1.59
40.0;0.0;40.0;13.0;1.45
226.0;260.94;138.0;16.2;1.1
430.0;610.92;131.0;19.91;1.1
580.0;681.16;153.0;22.09;0.97
719.0;767.35;151.0;23.89;1.1
772.0;668.11;223.0;24.92;1.38
745.0;482.76;327.0;25.63;1.45
798.0;607.18;270.0;26.17;1.38
836.0;825.03;149.0;26.56;1.38
756.0;816.99;137.0;26.84;1.31
616.0;728.13;143.0;26.93;1.45
470.0;666.79;126.0;26.91;1.59
308.0;563.37;102.0;26.56;1.59
148.0;368.23;71.0;25.66;1.03
17.0;17.57;16.0;23.95;1.17
0.0;0.0;0.0;22.25;1.52
0.0;0.0;0.0;20.34;2.07
0.0;0.0;0.0;18.82;2.07
0.0;0.0;0.0;17.67;2.0
0.0;0.0;0.0;16.98;1.79
0.0;0.0;0.0;16.08;1.79
0.0;0.0;0.0;15.45;1.79
0.0;0.0;0.0;15.02;1.72
1.0;0.0;1.0;14.86;1.59
93.0;129.13;70.0;16.0;1.1
248.0;373.3;123.0;18.5;0.69
423.0;578.78;141.0;22.58;0.48
584.0;697.75;148.0;24.61;0.07
716.0;759.78;155.0;26.13;0.34
811.0;791.44;162.0;27.26;0.28
867.0;818.04;160.0;28.16;0.48
867.0;807.56;166.0;28.81;0.9
829.0;806.12;159.0;29.23;1.24
749.0;800.2;144.0;29.47;1.38
610.0;709.97;150.0;29.47;1.45
467.0;661.39;127.0;29.27;1.45
301.0;530.73;108.0;28.84;1.45
144.0;347.97;72.0;27.77;1.31
16.0;18.34;15.0;26.09;1.79
0.0;0.0;0.0;23.69;2.0
0.0;0.0;0.0;22.08;1.72
0.0;0.0;0.0;21.2;1.59
0.0;0.0;0.0;19.79;1.79
0.0;0.0;0.0;19.27;1.66
0.0;0.0;0.0;18.83;1.59
0.0;0.0;0.0;18.13;1.59
0.0;0.0;0.0;17.36;1.59
1.0;0.0;1.0;16.42;1.66
93.0;142.47;68.0;15.98;1.86
255.0;421.17;115.0;18.99;1.86
424.0;591.77;137.0;21.33;2.14
586.0;711.29;143.0;23.56;1.52
716.0;761.72;155.0;25.37;1.59
811.0;793.13;162.0;26.91;1.93
868.0;819.61;161.0;28.06;2.41
872.0;820.6;161.0;28.91;2.69
838.0;830.59;149.0;29.4;2.76
757.0;823.19;136.0;29.63;2.69
613.0;724.31;145.0;29.56;2.62
464.0;654.11;129.0;29.28;2.62
307.0;567.0;102.0;28.55;2.48
145.0;371.42;69.0;27.19;2.41
17.0;38.43;15.0;25.34;2.48
0.0;0.0;0.0;23.76;2.69
0.0;0.0;0.0;22.33;2.55
0.0;0.0;0.0;21.11;2.55
0.0;0.0;0.0;20.07;2.48
0.0;0.0;0.0;19.25;2.41
0.0;0.0;0.0;18.39;2.28
0.0;0.0;0.0;17.46;2.07
0.0;0.0;0.0;16.65;1.86
0.0;0.0;0.0;16.87;1.31
81.0;86.81;66.0;16.95;2.21
85.0;0.0;85.0;19.83;2.55
273.0;113.94;218.0;21.99;3.38
507.0;446.26;230.0;23.6;3.72
380.0;61.26;335.0;24.95;3.86
716.0;531.55;282.0;26.09;3.38
476.0;77.83;409.0;26.92;3.17
822.0;696.14;220.0;27.56;2.9
577.0;219.85;395.0;28.14;2.48
734.0;775.94;150.0;28.85;2.34
600.0;696.91;151.0;29.17;2.41
448.0;603.77;140.0;29.2;2.34
296.0;534.28;104.0;28.74;1.93
108.0;133.51;81.0;27.93;1.38
2.0;0.0;2.0;26.25;0.9
0.0;0.0;0.0;25.25;0.97
0.0;0.0;0.0;22.96;1.52
0.0;0.0;0.0;21.64;1.72
0.0;0.0;0.0;20.59;1.72
0.0;0.0;0.0;19.97;1.59
0.0;0.0;0.0;19.45;1.38
0.0;0.0;0.0;19.26;1.1
0.0;0.0;0.0;19.01;0.97
0.0;0.0;0.0;18.14;1.03
85.0;111.73;66.0;18.8;0.55
237.0;354.33;121.0;20.53;0.41
427.0;639.1;120.0;24.17;0.41
574.0;700.0;141.0;25.87;1.72
696.0;730.29;161.0;27.6;2.34
744.0;619.91;239.0;28.9;2.34
850.0;800.81;162.0;29.66;1.52
845.0;778.65;173.0;29.9;1.38
816.0;800.15;155.0;30.05;1.79
631.0;470.16;278.0;30.0;2.21
515.0;414.12;249.0;29.46;2.48
41.0;0.0;41.0;28.95;2.76
48.0;0.0;48.0;26.86;2.62
13.0;0.0;13.0;24.18;2.69
2.0;0.0;2.0;22.86;2.0
0.0;0.0;0.0;25.0;0.69
0.0;0.0;0.0;22.31;2.69
0.0;0.0;0.0;21.44;3.03
0.0;0.0;0.0;20.82;2.76
0.0;0.0;0.0;19.89;2.97
0.0;0.0;0.0;19.04;2.55
0.0;0.0;0.0;18.68;2.62
0.0;0.0;0.0;18.43;2.55
0.0;0.0;0.0;17.75;3.1
35.0;0.0;35.0;17.44;3.17
240.0;369.46;120.0;17.54;2.9
424.0;623.45;126.0;18.19;3.31
576.0;697.62;146.0;19.79;2.69
573.0;354.52;314.0;20.82;2.9
667.0;406.04;337.0;21.66;3.31
733.0;464.24;335.0;22.5;3.45
674.0;333.24;387.0;23.24;3.66
717.0;499.84;305.0;23.93;3.79
648.0;503.4;271.0;24.22;4.0
576.0;601.29;191.0;24.44;4.14
460.0;662.28;125.0;24.28;4.0
298.0;555.43;101.0;23.91;3.52
144.0;400.72;65.0;23.25;2.28
11.0;22.75;10.0;21.91;1.79
0.0;0.0;0.0;20.02;1.86
0.0;0.0;0.0;18.2;2.07
0.0;0.0;0.0;16.82;2.0
0.0;0.0;0.0;16.03;1.52
0.0;0.0;0.0;17.05;0.83
0.0;0.0;0.0;16.52;0.48
0.0;0.0;0.0;16.08;0.34
0.0;0.0;0.0;15.51;0.48
0.0;0.0;0.0;15.0;0.62
112.0;340.58;56.0;14.87;0.48
275.0;583.55;87.0;15.85;0.28
436.0;674.99;115.0;19.46;0.34
587.0;734.35;136.0;21.68;0.76
692.0;697.34;184.0;23.06;0.69
785.0;725.23;197.0;24.11;0.62
734.0;467.6;334.0;24.99;0.48
0.0;0.0;0.0;25.76;0.62
835.0;835.39;148.0;26.43;0.62
749.0;816.68;139.0;26.93;0.62
619.0;758.41;135.0;27.2;0.83
466.0;685.14;121.0;27.26;1.24
303.0;584.9;97.0;26.93;1.79
144.0;416.55;63.0;25.78;2.0
11.0;24.35;10.0;23.95;2.55
0.0;0.0;0.0;22.45;2.76
0.0;0.0;0.0;21.43;2.62
0.0;0.0;0.0;20.44;2.48
0.0;0.0;0.0;19.31;2.34
0.0;0.0;0.0;17.95;2.07
0.0;0.0;0.0;16.73;1.66
0.0;0.0;0.0;16.26;1.45
0.0;0.0;0.0;15.65;1.59
0.0;0.0;0.0;15.17;1.72
74.0;86.67;60.0;15.43;1.66
186.0;156.5;136.0;18.62;1.31
57.0;0.0;57.0;22.57;1.38
539.0;586.72;180.0;24.22;3.86
540.0;298.75;323.0;23.97;5.52
385.0;37.09;355.0;24.05;4.83
139.0;0.0;139.0;24.54;4.62
135.0;0.0;135.0;23.74;4.83
118.0;0.0;118.0;21.84;4.28
117.0;0.0;117.0;20.34;4.41
93.0;0.0;93.0;19.8;4.0
72.0;0.0;72.0;19.79;3.1
71.0;0.0;71.0;19.92;2.41
12.0;0.0;12.0;20.09;2.21
3.0;0.0;3.0;19.27;1.93
0.0;0.0;0.0;17.62;1.86
0.0;0.0;0.0;16.96;2.07
0.0;0.0;0.0;16.48;2.21
0.0;0.0;0.0;16.11;2.14
0.0;0.0;0.0;15.44;2.28
0.0;0.0;0.0;14.97;2.41
0.0;0.0;0.0;14.74;2.62
0.0;0.0;0.0;14.71;2.69
0.0;0.0;0.0;14.64;2.62
85.0;151.32;61.0;14.82;2.48
225.0;322.0;123.0;15.95;2.34
266.0;112.63;213.0;17.39;3.31
382.0;154.21;288.0;18.42;2.21
538.0;289.97;328.0;19.52;2.0
624.0;326.01;361.0;20.88;2.14
754.0;527.3;305.0;21.7;2.34
763.0;540.05;301.0;22.25;2.28
602.0;265.16;385.0;22.67;2.07
589.0;366.22;317.0;22.93;1.79
410.0;173.58;300.0;23.14;1.38
345.0;248.65;221.0;23.02;1.1
110.0;5.76;108.0;22.51;0.55
129.0;333.73;66.0;21.48;0.9
8.0;0.0;8.0;20.09;1.86
0.0;0.0;0.0;19.43;2.07
0.0;0.0;0.0;18.04;2.28
0.0;0.0;0.0;17.01;2.0
0.0;0.0;0.0;16.41;1.59
0.0;0.0;0.0;15.94;1.59
0.0;0.0;0.0;15.98;1.79
0.0;0.0;0.0;15.63;1.86
0.0;0.0;0.0;15.22;1.66
0.0;0.0;0.0;15.07;1.38
9.0;0.0;9.0;15.06;0.97
63.0;0.0;63.0;15.26;0.83
88.0;0.0;88.0;15.76;0.83
361.0;121.87;287.0;15.87;1.1
702.0;760.39;153.0;16.75;1.24
803.0;804.1;156.0;18.08;1.66
837.0;765.19;187.0;18.88;1.93
838.0;752.26;196.0;19.86;2.28
804.0;769.35;176.0;20.89;2.28
623.0;452.39;288.0;21.41;2.21
553.0;546.47;208.0;21.62;2.07
447.0;640.94;129.0;22.01;1.86
289.0;552.04;99.0;21.88;1.79
131.0;366.01;63.0;21.37;1.72
5.0;0.0;5.0;20.09;2.0
0.0;0.0;0.0;19.15;2.62
0.0;0.0;0.0;18.28;2.9
0.0;0.0;0.0;17.72;2.97
0.0;0.0;0.0;17.24;2.9
0.0;0.0;0.0;16.63;2.83
0.0;0.0;0.0;16.27;2.69
0.0;0.0;0.0;15.73;2.55
0.0;0.0;0.0;15.62;2.41
0.0;0.0;0.0;15.13;2.41
63.0;52.43;55.0;15.13;2.69
221.0;330.97;118.0;15.8;2.69
391.0;532.83;143.0;17.13;3.38
442.0;292.67;265.0;19.05;3.52
641.0;575.21;227.0;20.49;3.52
746.0;649.24;225.0;21.92;3.66
795.0;662.06;234.0;23.26;3.86
678.0;362.96;369.0;24.2;3.93
796.0;771.41;168.0;24.92;3.79
451.0;130.04;355.0;25.29;3.59
513.0;434.11;240.0;25.63;3.45
48.0;0.0;48.0;25.54;3.52
25.0;0.0;25.0;25.21;3.17
12.0;0.0;12.0;24.32;2.62
1.0;0.0;1.0;23.04;2.21
0.0;0.0;0.0;21.07;0.76
0.0;0.0;0.0;19.75;0.9
0.0;0.0;0.0;18.98;1.31
0.0;0.0;0.0;18.54;2.07
0.0;0.0;0.0;18.2;2.34
0.0;0.0;0.0;17.55;2.34
0.0;0.0;0.0;17.06;2.14
0.0;0.0;0.0;16.7;1.86
0.0;0.0;0.0;16.58;1.79
46.0;13.38;44.0;16.61;1.72
29.0;0.0;29.0;17.6;1.72
65.0;0.0;65.0;19.04;1.86
105.0;0.0;105.0;20.13;1.38
152.0;0.0;152.0;21.06;0.69
386.0;41.24;353.0;22.42;0.48
591.0;225.98;400.0;23.5;0.9
735.0;511.1;301.0;23.76;1.24
515.0;152.74;391.0;23.49;1.52
202.0;0.0;202.0;22.21;1.38
126.0;0.0;126.0;22.26;1.31
133.0;0.0;133.0;22.23;1.86
45.0;0.0;45.0;21.67;2.28
15.0;0.0;15.0;20.71;2.28
1.0;0.0;1.0;19.45;2.07
0.0;0.0;0.0;17.96;3.72
0.0;0.0;0.0;17.54;3.52
0.0;0.0;0.0;17.28;3.79
0.0;0.0;0.0;17.14;4.07
0.0;0.0;0.0;17.08;4.28
0.0;0.0;0.0;16.95;4.14
0.0;0.0;0.0;16.56;4.21
0.0;0.0;0.0;16.18;3.66
0.0;0.0;0.0;15.87;3.52
13.0;0.0;13.0;15.72;3.24
22.0;0.0;22.0;15.55;3.66
40.0;0.0;40.0;15.14;4.07
70.0;0.0;70.0;15.63;3.03
115.0;0.0;115.0;15.67;3.31
133.0;0.0;133.0;16.05;3.59
104.0;0.0;104.0;16.25;4.9
124.0;0.0;124.0;16.16;5.38
133.0;0.0;133.0;16.31;6.14
96.0;0.0;96.0;16.18;5.24
66.0;0.0;66.0;16.11;5.1
66.0;0.0;66.0;16.08;4.55
138.0;29.82;128.0;15.69;3.89
96.0;153.2;69.0;15.58;3.71
0.0;0.0;0.0;15.47;3.52
0.0;0.0;0.0;15.37;3.34
0.0;0.0;0.0;15.26;3.15
0.0;0.0;0.0;15.16;2.97
0.0;0.0;0.0;15.05;2.78
0.0;0.0;0.0;14.95;2.6
0.0;0.0;0.0;14.84;2.41
0.0;0.0;0.0;14.74;2.23
0.0;0.0;0.0;14.63;2.04
0.0;0.0;0.0;14.53;1.86
93.0;335.53;46.0;14.42;1.67
253.0;564.1;84.0;14.32;1.49
415.0;666.42;112.0;14.21;1.3
522.0;548.13;196.0;14.11;1.12
594.0;437.86;283.0;18.87;2.83
656.0;405.87;334.0;19.77;2.97
753.0;541.52;299.0;20.58;2.83
779.0;600.78;273.0;21.21;2.69
752.0;628.82;246.0;21.94;2.76
722.0;786.8;149.0;22.21;2.83
536.0;516.01;217.0;22.65;2.76
442.0;668.07;120.0;22.66;2.55
286.0;598.95;89.0;22.45;2.14
112.0;295.17;62.0;21.66;1.38
0.0;0.0;0.0;19.87;1.45
0.0;0.0;0.0;17.61;2.21
0.0;0.0;0.0;16.09;2.0
0.0;0.0;0.0;14.72;1.72
0.0;0.0;0.0;14.69;1.31
0.0;0.0;0.0;15.07;1.1
0.0;0.0;0.0;14.6;1.17
0.0;0.0;0.0;13.93;1.17
0.0;0.0;0.0;13.62;1.03
0.0;0.0;0.0;12.98;0.97
90.0;314.21;47.0;12.63;0.9
203.0;279.84;120.0;13.96;0.76
396.0;586.44;131.0;17.34;1.31
576.0;765.03;123.0;19.76;2.21
700.0;786.96;143.0;21.27;2.48
794.0;809.14;154.0;22.51;2.07
847.0;825.37;157.0;23.47;1.59
866.0;860.91;143.0;24.33;1.45
834.0;882.63;126.0;24.97;1.24
726.0;807.63;140.0;25.45;1.1
592.0;737.83;138.0;25.75;0.83
431.0;630.63;129.0;25.92;0.48
203.0;184.29;143.0;25.56;0.34
81.0;90.46;66.0;24.23;1.03
0.0;0.0;0.0;22.24;1.52
0.0;0.0;0.0;22.44;0.97
0.0;0.0;0.0;20.49;1.31
0.0;0.0;0.0;18.87;1.66
0.0;0.0;0.0;17.85;1.66
0.0;0.0;0.0;16.95;1.66
0.0;0.0;0.0;16.5;1.52
0.0;0.0;0.0;16.19;1.38
0.0;0.0;0.0;16.21;1.31
0.0;0.0;0.0;16.59;1.17
69.0;142.23;50.0;16.69;1.17
215.0;378.12;104.0;17.81;0.9
387.0;587.9;123.0;20.59;0.83
550.0;710.8;131.0;22.39;0.48
678.0;755.75;145.0;24.08;0.69
523.0;182.62;379.0;25.27;1.38
759.0;601.05;258.0;25.45;1.52
279.0;1.19;278.0;25.81;1.59
374.0;32.52;348.0;26.08;1.79
196.0;0.0;196.0;25.9;2.0
221.0;6.53;217.0;24.86;2.07
60.0;0.0;60.0;23.33;2.34
101.0;6.21;99.0;21.84;1.72
44.0;6.17;43.0;21.3;1.1
0.0;0.0;0.0;20.62;1.38
0.0;0.0;0.0;19.94;1.66
0.0;0.0;0.0;19.3;1.86
0.0;0.0;0.0;19.06;2.07
0.0;0.0;0.0;18.83;2.14
0.0;0.0;0.0;18.68;2.28
0.0;0.0;0.0;18.39;2.07
0.0;0.0;0.0;17.88;1.86
0.0;0.0;0.0;17.3;1.79
0.0;0.0;0.0;17.0;1.93
7.0;0.0;7.0;16.95;1.86
20.0;0.0;20.0;17.16;1.79
78.0;0.0;78.0;17.4;2.0
91.0;0.0;91.0;17.82;1.79
109.0;0.0;109.0;18.98;1.38
262.0;2.54;260.0;20.48;1.52
415.0;46.93;376.0;21.37;2.21
591.0;236.0;394.0;21.93;3.03
732.0;634.99;226.0;22.12;3.79
582.0;411.13;286.0;22.15;4.41
169.0;0.0;169.0;21.75;4.28
231.0;59.27;203.0;21.39;3.93
46.0;0.0;46.0;20.91;3.59
16.0;0.0;16.0;20.28;3.38
0.0;0.0;0.0;19.39;3.1
0.0;0.0;0.0;18.42;2.69
0.0;0.0;0.0;17.88;2.62
0.0;0.0;0.0;17.59;2.55
0.0;0.0;0.0;17.32;2.34
0.0;0.0;0.0;17.08;2.21
0.0;0.0;0.0;16.81;2.21
0.0;0.0;0.0;16.62;2.34
0.0;0.0;0.0;16.36;2.55
0.0;0.0;0.0;16.06;2.76
7.0;0.0;7.0;15.72;2.83
26.0;0.0;26.0;15.54;2.69
60.0;0.0;60.0;15.65;2.55
125.0;0.0;125.0;15.74;2.21
307.0;25.71;289.0;15.78;2.41
496.0;151.89;377.0;15.94;2.83
388.0;32.59;361.0;16.55;3.66
280.0;2.4;278.0;17.8;3.52
277.0;3.78;274.0;18.74;3.45
164.0;0.0;164.0;19.49;3.38
177.0;0.0;177.0;19.63;3.03
237.0;68.23;205.0;19.86;2.9
131.0;31.75;121.0;19.62;2.07
50.0;12.94;48.0;19.23;1.66
0.0;0.0;0.0;18.65;1.31
0.0;0.0;0.0;18.05;2.21
0.0;0.0;0.0;17.69;2.0
0.0;0.0;0.0;17.07;2.0
0.0;0.0;0.0;16.72;1.79
0.0;0.0;0.0;16.17;1.79
0.0;0.0;0.0;15.97;1.79
0.0;0.0;0.0;16.44;1.93
0.0;0.0;0.0;16.58;2.07
0.0;0.0;0.0;16.57;2.14
8.0;0.0;8.0;16.59;2.28
66.0;0.0;66.0;16.87;2.97
99.0;0.0;99.0;17.57;3.31
163.0;0.0;163.0;18.79;3.66
242.0;4.3;239.0;19.87;3.59
282.0;5.12;278.0;20.64;3.59
393.0;35.11;364.0;21.68;3.66
602.0;258.01;388.0;22.72;3.52
757.0;725.4;183.0;24.11;3.45
697.0;782.88;138.0;25.48;3.38
567.0;721.47;132.0;26.04;3.31
415.0;642.22;116.0;26.24;3.52
253.0;520.4;91.0;25.81;3.17
88.0;212.45;56.0;24.67;2.62
0.0;0.0;0.0;23.07;2.34
0.0;0.0;0.0;21.86;2.0
0.0;0.0;0.0;20.2;1.93
0.0;0.0;0.0;19.09;2.0
0.0;0.0;0.0;18.21;2.07
0.0;0.0;0.0;17.66;2.07
0.0;0.0;0.0;17.17;2.0
0.0;0.0;0.0;16.68;2.0
0.0;0.0;0.0;16.2;2.0
0.0;0.0;0.0;15.66;2.07
47.0;49.93;41.0;15.48;2.07
191.0;288.18;110.0;17.42;1.72
349.0;438.97;157.0;20.5;2.21
525.0;637.88;156.0;22.51;2.34
672.0;755.7;147.0;24.23;2.62
768.0;789.02;154.0;26.06;2.97
826.0;816.34;154.0;27.43;3.52
839.0;840.72;144.0;28.4;4.14
751.0;695.09;203.0;28.66;4.21
688.0;751.11;154.0;28.74;4.07
547.0;638.73;164.0;28.71;3.93
420.0;664.47;113.0;28.37;3.59
250.0;510.57;93.0;27.63;2.76
84.0;184.18;57.0;26.13;2.21
0.0;0.0;0.0;24.51;2.48
0.0;0.0;0.0;23.12;2.41
0.0;0.0;0.0;21.71;2.41
0.0;0.0;0.0;20.54;2.34
0.0;0.0;0.0;19.37;2.21
0.0;0.0;0.0;18.57;2.14
0.0;0.0;0.0;17.68;2.07
0.0;0.0;0.0;17.03;2.0
0.0;0.0;0.0;16.66;1.86
0.0;0.0;0.0;16.35;1.66
54.0;102.8;42.0;16.12;1.59
207.0;399.47;96.0;17.6;1.31
380.0;612.35;114.0;20.83;1.86
535.0;696.63;134.0;23.58;1.52
674.0;771.71;140.0;25.4;2.07
771.0;805.96;146.0;27.03;2.76
798.0;743.49;188.0;27.85;3.79
773.0;656.68;232.0;27.82;3.72
763.0;747.38;176.0;28.13;3.52
679.0;733.28;160.0;28.25;3.38
572.0;749.7;125.0;27.68;3.03
413.0;650.11;115.0;27.5;2.97
249.0;526.98;89.0;26.96;2.48
91.0;280.74;51.0;25.81;2.0
0.0;0.0;0.0;24.38;2.0
0.0;0.0;0.0;23.75;2.41
0.0;0.0;0.0;22.63;2.28
0.0;0.0;0.0;21.41;2.21
0.0;0.0;0.0;20.15;2.07
0.0;0.0;0.0;19.32;1.79
0.0;0.0;0.0;19.27;1.45
0.0;0.0;0.0;19.16;1.31
0.0;0.0;0.0;18.59;1.38
0.0;0.0;0.0;18.33;1.31
44.0;44.15;39.0;18.53;1.17
189.0;313.15;103.0;19.69;0.76
358.0;519.3;134.0;22.02;1.03
513.0;625.06;155.0;24.16;1.31
651.0;715.34;158.0;25.92;1.66
750.0;763.54;160.0;27.2;2.55
789.0;736.25;187.0;27.48;2.69
798.0;751.56;181.0;28.02;2.62
775.0;802.69;147.0;28.5;2.55
678.0;750.85;149.0;28.67;2.41
503.0;507.79;202.0;28.7;2.21
401.0;620.25;119.0;28.5;2.07
251.0;560.67;83.0;26.65;2.48
75.0;159.11;53.0;24.47;2.69
0.0;0.0;0.0;23.41;1.59
0.0;0.0;0.0;23.41;2.21
0.0;0.0;0.0;21.79;2.07
0.0;0.0;0.0;20.31;1.66
0.0;0.0;0.0;20.62;1.17
0.0;0.0;0.0;21.43;0.69
0.0;0.0;0.0;20.92;0.41
0.0;0.0;0.0;20.53;0.07
0.0;0.0;0.0;20.1;0.41
0.0;0.0;0.0;19.63;0.28
37.0;27.33;34.0;19.26;0.21
195.0;361.14;97.0;19.76;0.07
363.0;565.05;121.0;21.88;0.41
526.0;691.44;132.0;23.14;1.45
661.0;759.09;140.0;24.24;1.86
746.0;759.83;161.0;25.02;2.21
820.0;834.55;140.0;25.75;2.21
824.0;836.19;140.0;26.45;2.0
733.0;680.14;203.0;27.19;2.0
680.0;768.67;141.0;27.23;2.07
397.0;213.85;271.0;27.19;2.28
336.0;346.02;180.0;26.87;2.69
230.0;456.74;95.0;25.99;2.21
84.0;276.17;47.0;25.19;1.52
0.0;0.0;0.0;23.98;1.79
0.0;0.0;0.0;22.94;1.38
0.0;0.0;0.0;21.81;1.52
0.0;0.0;0.0;21.09;1.59
0.0;0.0;0.0;20.14;1.72
0.0;0.0;0.0;19.79;1.59
0.0;0.0;0.0;19.85;1.24
0.0;0.0;0.0;20.02;0.97
0.0;0.0;0.0;20.25;0.69
0.0;0.0;0.0;19.84;0.41
34.0;18.83;32.0;19.42;0.28
183.0;302.16;102.0;19.82;0.07
378.0;639.73;106.0;21.76;0.62
470.0;471.01;203.0;23.41;1.31
635.0;667.19;179.0;24.97;1.59
749.0;769.18;159.0;25.98;1.79
806.0;798.13;158.0;26.73;2.0
779.0;700.63;208.0;27.21;1.72
630.0;394.3;324.0;27.7;1.31
61.0;0.0;61.0;27.61;1.03
128.0;0.0;128.0;27.65;1.17
287.0;192.42;201.0;26.19;2.97
147.0;82.35;123.0;24.81;2.76
75.0;200.62;49.0;23.97;1.1
0.0;0.0;0.0;23.36;0.69
0.0;0.0;0.0;23.72;0.97
0.0;0.0;0.0;21.84;1.38
0.0;0.0;0.0;19.87;1.66
0.0;0.0;0.0;18.97;1.72
0.0;0.0;0.0;18.34;1.72
0.0;0.0;0.0;17.28;1.86
0.0;0.0;0.0;16.4;1.93
0.0;0.0;0.0;15.79;1.79
0.0;0.0;0.0;15.47;1.59
41.0;58.43;35.0;15.94;1.17
178.0;268.19;107.0;16.98;0.76
375.0;625.53;111.0;19.06;1.03
538.0;730.67;126.0;20.48;1.45
673.0;787.6;137.0;22.01;1.72
772.0;823.15;143.0;23.36;2.07
835.0;862.87;137.0;24.43;2.21
839.0;864.65;137.0;25.18;2.14
796.0;861.8;130.0;25.8;2.0
699.0;818.05;131.0;26.22;1.93
564.0;754.52;125.0;26.35;2.07
409.0;681.78;107.0;26.21;2.21
240.0;543.2;84.0;25.7;2.28
74.0;215.77;47.0;24.31;2.0
0.0;0.0;0.0;22.24;2.28
0.0;0.0;0.0;20.55;2.48
0.0;0.0;0.0;19.08;2.55
0.0;0.0;0.0;17.8;2.48
0.0;0.0;0.0;16.49;2.21
0.0;0.0;0.0;15.38;1.93
0.0;0.0;0.0;14.65;1.86
0.0;0.0;0.0;13.99;1.72
0.0;0.0;0.0;13.34;1.72
0.0;0.0;0.0;12.75;1.66
49.0;131.18;36.0;12.49;1.66
205.0;470.57;82.0;14.72;1.17
389.0;701.88;95.0;19.14;1.24
541.0;748.89;121.0;21.39;1.17
670.0;786.62;137.0;23.28;1.72
769.0;822.42;143.0;24.6;1.45
832.0;862.38;137.0;25.54;1.03
822.0;829.69;151.0;26.2;0.76
780.0;826.55;144.0;26.72;0.55
662.0;705.01;175.0;27.03;0.34
385.0;192.04;274.0;27.18;0.48
394.0;633.42;116.0;27.18;0.83
225.0;470.19;92.0;26.81;1.24
67.0;174.16;46.0;25.46;1.17
0.0;0.0;0.0;23.87;1.66
0.0;0.0;0.0;22.03;1.72
0.0;0.0;0.0;20.48;1.72
0.0;0.0;0.0;19.39;2.0
0.0;0.0;0.0;18.26;2.14
0.0;0.0;0.0;17.48;1.93
0.0;0.0;0.0;16.77;1.72
0.0;0.0;0.0;15.92;1.66
0.0;0.0;0.0;15.52;1.66
0.0;0.0;0.0;15.12;1.66
33.0;31.42;30.0;14.93;1.59
179.0;310.07;99.0;16.47;1.31
356.0;558.13;124.0;20.38;1.52
514.0;663.37;144.0;22.15;1.93
652.0;745.66;149.0;23.99;2.62
749.0;779.52;158.0;25.6;3.03
810.0;820.85;151.0;26.71;3.24
818.0;833.01;147.0;27.22;2.97
772.0;818.48;145.0;27.6;2.62
665.0;739.3;157.0;27.67;2.41
512.0;583.5;177.0;27.74;2.69
389.0;632.57;114.0;27.41;2.9
217.0;441.71;94.0;26.63;2.69
29.0;0.0;29.0;25.19;2.34
0.0;0.0;0.0;23.48;2.0
0.0;0.0;0.0;22.3;2.62
0.0;0.0;0.0;21.45;2.83
0.0;0.0;0.0;20.78;3.03
0.0;0.0;0.0;20.05;2.97
0.0;0.0;0.0;19.26;2.69
0.0;0.0;0.0;18.43;2.41
0.0;0.0;0.0;17.77;2.28
0.0;0.0;0.0;17.14;2.07
0.0;0.0;0.0;16.34;1.86
37.0;65.32;31.0;15.61;1.79
188.0;396.71;87.0;17.02;1.72
334.0;472.79;139.0;18.78;2.34
514.0;688.73;132.0;20.14;2.48
632.0;693.95;166.0;21.75;2.97
685.0;590.65;239.0;22.92;3.38
804.0;821.58;147.0;23.8;3.24
732.0;593.35;256.0;24.86;3.17
585.0;316.03;344.0;25.55;3.1
666.0;765.27;143.0;26.01;2.97
519.0;638.42;155.0;26.18;3.03
361.0;515.68;139.0;25.97;3.24
210.0;427.05;93.0;25.48;3.17
57.0;134.84;42.0;24.64;2.83
0.0;0.0;0.0;23.37;2.9
0.0;0.0;0.0;22.25;3.45
0.0;0.0;0.0;21.33;3.66
0.0;0.0;0.0;20.46;3.72
0.0;0.0;0.0;19.65;3.52
0.0;0.0;0.0;18.8;3.03
0.0;0.0;0.0;18.02;2.62
0.0;0.0;0.0;17.24;2.48
0.0;0.0;0.0;16.5;2.34
0.0;0.0;0.0;15.81;2.28
17.0;0.0;17.0;15.26;2.21
159.0;230.93;101.0;15.99;1.93
342.0;527.89;126.0;18.05;2.62
471.0;525.84;181.0;19.55;2.83
622.0;674.72;171.0;21.11;2.9
728.0;748.69;165.0;22.54;3.59
758.0;694.31;205.0;23.93;4.14
693.0;498.2;295.0;24.85;4.34
742.0;766.77;160.0;25.7;4.34
553.0;410.52;274.0;26.03;4.34
209.0;8.83;204.0;26.04;4.14
56.0;0.0;56.0;25.6;3.79
41.0;0.0;41.0;24.94;3.24
25.0;0.0;25.0;23.86;2.48
0.0;0.0;0.0;22.47;2.21
0.0;0.0;0.0;21.03;2.0
0.0;0.0;0.0;20.23;2.0
0.0;0.0;0.0;19.54;2.07
0.0;0.0;0.0;18.75;1.86
0.0;0.0;0.0;17.84;1.72
0.0;0.0;0.0;17.26;1.52
0.0;0.0;0.0;16.71;1.59
0.0;0.0;0.0;16.15;1.45
0.0;0.0;0.0;16.42;0.97
4.0;0.0;4.0;16.09;1.1
115.0;68.63;98.0;17.18;0.62
324.0;458.26;138.0;19.15;0.48
499.0;663.85;135.0;20.71;0.55
640.0;753.06;139.0;22.62;0.69
733.0;779.9;149.0;24.02;0.62
639.0;384.51;334.0;25.19;0.55
711.0;560.68;265.0;26.18;0.62
512.0;198.57;362.0;26.63;0.62
95.0;0.0;95.0;26.61;0.69
73.0;0.0;73.0;24.58;1.66
69.0;0.0;69.0;24.13;1.86
134.0;90.65;110.0;24.03;1.66
25.0;0.0;25.0;23.5;1.72
0.0;0.0;0.0;22.34;1.59
0.0;0.0;0.0;21.75;1.79
0.0;0.0;0.0;20.4;1.45
0.0;0.0;0.0;19.75;1.1
0.0;0.0;0.0;20.67;0.48
0.0;0.0;0.0;20.17;0.69
0.0;0.0;0.0;18.77;1.03
0.0;0.0;0.0;17.51;1.59
0.0;0.0;0.0;17.42;1.59
0.0;0.0;0.0;17.14;1.24
4.0;0.0;4.0;17.07;0.97
32.0;0.0;32.0;18.06;0.34
41.0;0.0;41.0;18.72;0.55
180.0;3.67;178.0;19.81;1.03
211.0;1.51;210.0;20.82;1.1
278.0;6.71;273.0;21.16;1.03
385.0;41.78;352.0;21.61;1.17
378.0;36.62;349.0;22.29;1.45
480.0;156.98;362.0;22.92;1.31
70.0;0.0;70.0;23.66;1.45
155.0;0.0;155.0;22.47;2.69
117.0;0.0;117.0;20.83;2.62
25.0;0.0;25.0;20.14;2.0
15.0;0.0;15.0;20.01;2.34
0.0;0.0;0.0;19.21;2.55
0.0;0.0;0.0;18.62;2.28
0.0;0.0;0.0;18.32;2.41
0.0;0.0;0.0;17.93;2.41
0.0;0.0;0.0;17.57;2.69
0.0;0.0;0.0;17.32;2.97
0.0;0.0;0.0;17.07;2.97
0.0;0.0;0.0;17.04;2.62
0.0;0.0;0.0;17.01;2.48
0.0;0.0;0.0;16.93;2.41
3.0;0.0;3.0;16.86;2.48
19.0;0.0;19.0;17.07;2.62
30.0;0.0;30.0;17.23;2.97
73.0;0.0;73.0;17.76;2.9
124.0;0.0;124.0;18.17;2.62
238.0;1.35;237.0;18.65;2.55
134.0;0.0;134.0;18.94;2.69
264.0;2.54;262.0;19.54;3.1
515.0;213.92;355.0;19.99;3.66
509.0;332.44;287.0;19.26;3.31
391.0;263.79;245.0;19.6;3.17
234.0;121.14;184.0;19.77;3.38
173.0;289.95;99.0;19.77;3.38
42.0;98.24;33.0;18.62;3.17
0.0;0.0;0.0;18.19;2.83
0.0;0.0;0.0;17.63;2.83
0.0;0.0;0.0;17.49;2.83
0.0;0.0;0.0;17.32;2.97
0.0;0.0;0.0;17.02;3.03
0.0;0.0;0.0;16.77;2.83
0.0;0.0;0.0;16.55;2.69
0.0;0.0;0.0;16.35;2.76
0.0;0.0;0.0;16.13;2.83
0.0;0.0;0.0;15.89;2.9
13.0;0.0;13.0;15.68;2.83
115.0;80.12;96.0;16.24;2.62
320.0;477.48;131.0;17.46;3.1
489.0;653.6;137.0;18.8;3.66
630.0;747.4;140.0;20.44;3.38
707.0;717.17;177.0;21.95;3.38
646.0;415.02;321.0;23.07;3.1
688.0;518.59;281.0;23.89;2.9
692.0;646.42;211.0;24.48;3.03
572.0;507.76;235.0;24.82;3.17
472.0;529.96;181.0;24.85;2.9
346.0;546.43;123.0;24.71;2.9
192.0;443.42;81.0;24.09;2.55
38.0;80.9;31.0;22.8;2.55
0.0;0.0;0.0;21.27;2.62
0.0;0.0;0.0;20.32;2.28
0.0;0.0;0.0;19.11;2.14
0.0;0.0;0.0;17.93;2.0
0.0;0.0;0.0;16.94;1.86
0.0;0.0;0.0;16.07;1.79
0.0;0.0;0.0;15.55;1.59
0.0;0.0;0.0;15.16;1.38
0.0;0.0;0.0;14.99;1.24
0.0;0.0;0.0;14.87;1.1
24.0;43.12;21.0;14.61;1.1
170.0;393.85;78.0;16.07;0.76
344.0;614.15;103.0;19.59;0.69
497.0;695.03;125.0;21.85;0.69
630.0;755.79;137.0;23.81;0.83
724.0;782.98;148.0;25.19;1.1
784.0;822.22;143.0;26.09;1.03
782.0;812.91;147.0;26.77;0.97
738.0;807.9;140.0;27.24;0.9
641.0;762.66;138.0;27.64;0.83
510.0;705.03;126.0;27.76;0.69
357.0;622.22;106.0;27.75;0.41
191.0;460.53;78.0;27.34;0.14
35.0;86.04;28.0;25.75;0.83
0.0;0.0;0.0;23.68;1.24
0.0;0.0;0.0;25.15;0.83
0.0;0.0;0.0;23.4;1.17
0.0;0.0;0.0;20.44;1.72
0.0;0.0;0.0;18.92;1.79
0.0;0.0;0.0;17.93;1.79
0.0;0.0;0.0;17.26;1.72
0.0;0.0;0.0;16.79;1.66
0.0;0.0;0.0;16.43;1.59
0.0;0.0;0.0;16.08;1.52
22.0;45.6;19.0;15.85;1.52
170.0;421.73;73.0;17.17;1.24
340.0;619.58;99.0;21.06;1.03
487.0;678.74;126.0;23.99;1.17
622.0;750.45;135.0;26.1;1.59
715.0;778.45;145.0;27.36;1.93
771.0;807.94;144.0;28.33;2.21
764.0;787.23;152.0;29.04;2.55
729.0;804.11;137.0;29.48;2.69
628.0;747.76;138.0;29.67;2.48
493.0;670.2;131.0;29.65;2.28
341.0;579.52;110.0;29.1;2.34
190.0;482.65;74.0;27.75;2.14
41.0;170.77;28.0;25.91;2.62
0.0;0.0;0.0;24.26;2.28
0.0;0.0;0.0;22.24;3.03
0.0;0.0;0.0;21.34;1.52
0.0;0.0;0.0;20.59;1.72
0.0;0.0;0.0;20.4;2.14
0.0;0.0;0.0;20.05;2.28
0.0;0.0;0.0;19.78;2.0
0.0;0.0;0.0;19.62;1.93
0.0;0.0;0.0;19.41;1.79
0.0;0.0;0.0;19.13;1.79
2.0;0.0;2.0;18.75;1.93
15.0;0.0;15.0;18.35;2.07
113.0;2.59;112.0;18.06;2.14
73.0;0.0;73.0;18.67;1.72
159.0;0.0;159.0;18.72;1.72
358.0;45.28;325.0;18.91;1.79
384.0;46.61;348.0;19.26;1.59
666.0;496.38;282.0;20.42;1.66
603.0;427.5;290.0;21.65;1.38
540.0;454.7;244.0;22.57;1.31
347.0;186.73;247.0;23.06;1.45
342.0;599.38;106.0;23.16;1.79
107.0;59.51;93.0;22.5;2.34
29.0;70.59;24.0;21.49;1.79
0.0;0.0;0.0;20.41;1.59
0.0;0.0;0.0;19.18;1.79
0.0;0.0;0.0;18.59;2.07
0.0;0.0;0.0;18.11;2.14
0.0;0.0;0.0;17.95;2.14
0.0;0.0;0.0;17.66;2.21
0.0;0.0;0.0;17.35;2.34
0.0;0.0;0.0;16.91;2.48
0.0;0.0;0.0;16.76;2.28
0.0;0.0;0.0;16.36;2.07
4.0;0.0;4.0;15.97;2.14
98.0;53.87;86.0;16.56;2.14
254.0;230.36;166.0;18.14;2.69
493.0;710.43;120.0;18.6;3.31
625.0;761.56;136.0;19.49;2.83
659.0;587.39;233.0;20.41;2.62
555.0;244.55;367.0;21.06;2.55
708.0;601.51;245.0;21.23;2.48
428.0;103.01;353.0;21.7;2.48
622.0;734.62;147.0;21.93;2.55
351.0;194.02;248.0;21.74;2.69
329.0;534.97;121.0;21.43;2.55
162.0;325.99;87.0;21.04;1.86
26.0;61.1;22.0;20.34;1.24
0.0;0.0;0.0;18.76;1.45
0.0;0.0;0.0;18.91;1.24
0.0;0.0;0.0;17.94;1.31
0.0;0.0;0.0;17.38;1.17
0.0;0.0;0.0;17.06;1.03
0.0;0.0;0.0;16.7;1.03
0.0;0.0;0.0;16.06;1.1
0.0;0.0;0.0;15.41;1.24
0.0;0.0;0.0;14.85;1.31
0.0;0.0;0.0;14.75;1.52
21.0;73.64;17.0;14.78;1.66
116.0;114.1;91.0;15.27;1.38
301.0;438.6;135.0;16.87;1.79
372.0;262.67;235.0;17.87;3.31
612.0;721.87;151.0;18.76;3.45
712.0;771.82;155.0;19.66;3.38
220.0;0.0;220.0;20.41;3.66
437.0;86.18;371.0;20.93;4.07
551.0;299.78;334.0;20.79;4.34
437.0;199.34;309.0;21.03;4.48
414.0;372.52;218.0;21.04;4.28
306.0;429.91;141.0;20.82;4.0
169.0;404.76;78.0;20.18;2.97
20.0;33.31;18.0;19.1;2.28
0.0;0.0;0.0;17.61;2.14
0.0;0.0;0.0;16.38;2.0
0.0;0.0;0.0;14.98;1.86
0.0;0.0;0.0;13.83;1.93
0.0;0.0;0.0;12.94;1.93
0.0;0.0;0.0;12.37;1.93
0.0;0.0;0.0;12.04;1.93
0.0;0.0;0.0;11.9;2.0
0.0;0.0;0.0;11.76;2.07
0.0;0.0;0.0;11.69;2.14
3.0;0.0;3.0;12.02;2.28
50.0;0.0;50.0;13.59;2.28
228.0;162.7;167.0;16.96;2.28
197.0;11.58;191.0;19.47;2.83
335.0;66.13;293.0;21.66;4.0
663.0;622.52;216.0;23.06;4.69
766.0;815.75;145.0;24.49;5.86
755.0;782.35;159.0;25.29;6.34
714.0;789.3;146.0;25.67;7.66
443.0;221.14;302.0;25.21;7.1
366.0;247.44;237.0;25.03;6.9
30.0;0.0;30.0;24.77;6.55
165.0;414.54;74.0;24.2;6.41
19.0;36.67;17.0;22.96;5.86
0.0;0.0;0.0;22.02;4.69
0.0;0.0;0.0;18.74;1.59
0.0;0.0;0.0;17.79;1.86
0.0;0.0;0.0;17.25;2.14
0.0;0.0;0.0;16.84;2.48
0.0;0.0;0.0;17.06;3.17
0.0;0.0;0.0;17.47;4.9
0.0;0.0;0.0;17.64;5.52
0.0;0.0;0.0;17.84;5.52
0.0;0.0;0.0;17.96;5.66
2.0;0.0;2.0;17.9;5.66
37.0;0.0;37.0;17.84;5.79
181.0;59.25;159.0;17.73;5.59
433.0;485.89;183.0;18.11;6.07
248.0;11.08;241.0;18.59;7.59
512.0;239.37;341.0;19.02;7.72
353.0;29.05;331.0;19.33;7.72
377.0;42.23;345.0;19.62;7.72
459.0;149.59;352.0;19.87;7.17
432.0;203.79;303.0;20.26;6.83
440.0;499.56;182.0;20.33;6.21
201.0;91.01;167.0;20.12;5.72
81.0;23.35;76.0;19.68;4.97
6.0;0.0;6.0;19.03;4.34
0.0;0.0;0.0;18.41;3.79
0.0;0.0;0.0;17.46;3.45
0.0;0.0;0.0;16.64;3.1
0.0;0.0;0.0;15.78;2.76
0.0;0.0;0.0;14.82;2.83
0.0;0.0;0.0;14.16;2.9
0.0;0.0;0.0;13.61;2.83
0.0;0.0;0.0;13.12;2.83
0.0;0.0;0.0;12.65;2.55
0.0;0.0;0.0;12.08;2.34
7.0;0.0;7.0;11.39;2.14
144.0;326.91;76.0;11.65;1.59
289.0;418.79;135.0;14.65;1.38
468.0;647.82;137.0;16.48;1.52
609.0;746.92;140.0;17.93;1.66
705.0;783.78;148.0;19.32;1.72
752.0;788.29;158.0;20.64;1.72
744.0;759.0;172.0;21.76;1.45
703.0;772.23;154.0;22.62;1.1
608.0;738.45;144.0;23.33;0.97
471.0;652.97;137.0;24.06;1.86
317.0;564.63;109.0;24.38;1.79
99.0;71.87;84.0;23.77;1.59
9.0;0.0;9.0;22.1;2.14
0.0;0.0;0.0;20.3;2.28
0.0;0.0;0.0;19.43;2.48
0.0;0.0;0.0;18.44;2.48
0.0;0.0;0.0;17.7;2.55
0.0;0.0;0.0;17.17;2.48
0.0;0.0;0.0;16.46;2.28
0.0;0.0;0.0;15.82;2.21
0.0;0.0;0.0;15.41;2.28
0.0;0.0;0.0;15.4;2.28
0.0;0.0;0.0;15.16;2.28
2.0;0.0;2.0;15.03;2.14
96.0;78.33;80.0;15.93;1.66
223.0;178.53;158.0;19.26;0.9
246.0;53.22;219.0;20.68;0.83
347.0;89.71;291.0;22.1;1.45
582.0;431.47;277.0;22.64;2.21
706.0;685.71;192.0;22.75;2.48
632.0;461.67;286.0;23.07;2.55
329.0;33.97;305.0;22.84;2.69
427.0;219.69;290.0;22.32;2.62
302.0;134.25;234.0;22.28;1.45
274.0;377.3;137.0;22.27;0.83
139.0;314.93;75.0;21.67;1.03
8.0;0.0;8.0;21.06;0.76
0.0;0.0;0.0;20.18;1.03
0.0;0.0;0.0;18.67;1.45
0.0;0.0;0.0;17.96;1.79
0.0;0.0;0.0;17.45;2.21
0.0;0.0;0.0;17.07;2.55
0.0;0.0;0.0;17.05;2.76
0.0;0.0;0.0;16.89;2.55
0.0;0.0;0.0;16.55;2.21
0.0;0.0;0.0;16.2;1.66
0.0;0.0;0.0;15.96;0.9
7.0;0.0;7.0;16.58;0.48
127.0;259.35;75.0;16.63;0.69
292.0;502.2;111.0;19.3;1.38
442.0;597.59;141.0;22.33;1.24
575.0;683.25;151.0;24.72;1.38
668.0;721.13;161.0;26.34;1.79
717.0;739.02;166.0;27.23;1.52
701.0;683.03;192.0;28.15;0.97
650.0;655.3;190.0;28.96;1.45
563.0;635.08;170.0;29.17;1.86
380.0;349.01;205.0;29.3;2.34
59.0;0.0;59.0;29.02;3.03
137.0;338.95;70.0;28.07;3.79
2.0;0.0;2.0;26.84;3.72
0.0;0.0;0.0;25.81;3.1
0.0;0.0;0.0;24.79;2.97
0.0;0.0;0.0;23.81;2.97
0.0;0.0;0.0;23.13;3.24
0.0;0.0;0.0;22.7;3.31
0.0;0.0;0.0;22.06;3.24
0.0;0.0;0.0;21.71;3.79
0.0;0.0;0.0;20.68;3.86
0.0;0.0;0.0;19.66;3.79
0.0;0.0;0.0;18.89;3.79
7.0;0.0;7.0;18.14;4.07
148.0;432.09;63.0;17.88;4.41
310.0;597.11;97.0;18.16;5.17
382.0;349.99;207.0;18.65;6.0
234.0;8.11;229.0;19.09;7.72
242.0;2.86;240.0;19.14;7.59
117.0;0.0;117.0;18.9;6.9
247.0;1.35;246.0;18.97;6.41
241.0;2.87;239.0;19.17;6.55
179.0;0.0;179.0;18.7;6.07
131.0;0.0;131.0;18.12;5.24
181.0;79.46;153.0;17.77;4.28
95.0;88.51;78.0;16.3;2.01
3.0;0.0;3.0;16.17;1.92
0.0;0.0;0.0;16.04;1.83
0.0;0.0;0.0;15.91;1.74
0.0;0.0;0.0;15.78;1.65
0.0;0.0;0.0;15.66;1.56
0.0;0.0;0.0;15.53;1.47
0.0;0.0;0.0;15.4;1.39
0.0;0.0;0.0;15.27;1.3
0.0;0.0;0.0;15.14;1.21
0.0;0.0;0.0;15.01;1.12
0.0;0.0;0.0;14.88;1.03
1.0;0.0;1.0;14.76;0.94
82.0;45.75;73.0;14.63;0.85
49.0;0.0;49.0;14.5;0.76
131.0;0.0;131.0;14.37;0.67
102.0;0.0;102.0;17.2;2.14
148.0;0.0;148.0;17.5;2.83
131.0;0.0;131.0;17.23;2.83
134.0;0.0;134.0;17.69;3.17
91.0;0.0;91.0;19.41;3.52
119.0;0.0;119.0;20.32;3.59
118.0;0.0;118.0;20.84;3.52
151.0;34.05;139.0;20.76;3.38
58.0;5.21;57.0;20.14;2.9
5.0;0.0;5.0;18.87;2.83
0.0;0.0;0.0;17.64;2.34
0.0;0.0;0.0;16.89;2.21
0.0;0.0;0.0;16.53;2.62
0.0;0.0;0.0;16.14;2.97
0.0;0.0;0.0;15.62;3.17
0.0;0.0;0.0;15.31;3.03
0.0;0.0;0.0;14.89;2.69
0.0;0.0;0.0;14.64;2.62
0.0;0.0;0.0;14.38;2.62
0.0;0.0;0.0;14.21;2.48
1.0;0.0;1.0;14.08;2.34
13.0;0.0;13.0;14.18;2.69
47.0;0.0;47.0;14.54;3.59
153.0;2.01;152.0;14.91;3.86
203.0;1.63;202.0;16.05;4.21
243.0;4.31;240.0;16.91;4.34
333.0;25.77;314.0;18.18;4.48
389.0;62.45;343.0;19.12;4.48
404.0;103.93;332.0;19.89;4.55
407.0;197.03;287.0;19.99;4.0
253.0;67.2;220.0;20.0;3.79
148.0;31.71;137.0;19.78;3.52
79.0;48.28;70.0;19.39;3.66
3.0;0.0;3.0;18.82;4.0
0.0;0.0;0.0;18.07;4.21
0.0;0.0;0.0;17.17;4.28
0.0;0.0;0.0;16.59;4.21
0.0;0.0;0.0;16.11;4.0
0.0;0.0;0.0;15.74;3.93
0.0;0.0;0.0;15.18;3.72
0.0;0.0;0.0;14.67;3.59
0.0;0.0;0.0;14.4;3.59
0.0;0.0;0.0;14.17;3.52
0.0;0.0;0.0;14.07;3.45
0.0;0.0;0.0;13.88;3.52
22.0;0.0;22.0;13.76;3.24
106.0;2.86;105.0;14.31;5.03
122.0;0.0;122.0;14.57;5.52
189.0;1.64;188.0;15.05;5.38
172.0;0.0;172.0;15.84;5.1
197.0;0.0;197.0;16.73;5.24
387.0;61.46;342.0;17.67;5.52
304.0;23.25;288.0;18.49;5.66
185.0;0.0;185.0;19.22;5.59
128.0;0.0;128.0;19.36;5.03
119.0;8.79;116.0;19.17;4.21
44.0;0.0;44.0;18.74;3.86
0.0;0.0;0.0;18.2;3.72
0.0;0.0;0.0;17.81;3.79
0.0;0.0;0.0;17.25;4.07
0.0;0.0;0.0;17.04;4.21
0.0;0.0;0.0;16.82;4.28
0.0;0.0;0.0;16.43;4.21
0.0;0.0;0.0;15.53;4.0
0.0;0.0;0.0;14.96;3.86
0.0;0.0;0.0;14.47;3.72
0.0;0.0;0.0;13.99;3.59
0.0;0.0;0.0;13.7;3.52
0.0;0.0;0.0;13.3;3.59
100.0;140.35;74.0;13.27;3.52
177.0;81.05;149.0;13.74;4.34
226.0;38.87;207.0;14.58;4.69
334.0;84.25;283.0;15.41;4.9
536.0;341.92;301.0;16.62;4.97
658.0;573.38;240.0;17.86;5.1
567.0;332.58;325.0;18.95;5.24
558.0;403.92;282.0;20.14;5.31
487.0;414.01;239.0;21.01;5.24
403.0;491.15;167.0;21.2;4.97
290.0;595.5;90.0;20.88;4.76
128.0;405.88;57.0;19.91;4.41
0.0;0.0;0.0;18.44;4.28
0.0;0.0;0.0;17.25;4.14
0.0;0.0;0.0;16.67;3.93
0.0;0.0;0.0;15.83;3.72
0.0;0.0;0.0;15.0;3.52
0.0;0.0;0.0;14.19;3.24
0.0;0.0;0.0;13.48;3.03
0.0;0.0;0.0;12.78;2.97
0.0;0.0;0.0;12.25;2.97
0.0;0.0;0.0;11.71;2.97
0.0;0.0;0.0;11.21;2.9
0.0;0.0;0.0;10.74;2.9
137.0;452.09;55.0;10.89;2.83
290.0;559.03;99.0;12.18;3.17
456.0;713.49;110.0;13.72;3.59
599.0;808.06;113.0;15.14;3.52
700.0;857.69;114.0;16.67;3.66
746.0;863.77;120.0;18.03;3.93
757.0;900.27;106.0;19.1;4.14
707.0;893.15;101.0;19.91;4.28
602.0;840.19;103.0;20.43;4.28
465.0;782.95;93.0;20.49;4.14
255.0;393.66;125.0;20.28;4.0
111.0;272.0;65.0;19.64;3.45
0.0;0.0;0.0;18.37;3.38
0.0;0.0;0.0;17.19;3.24
0.0;0.0;0.0;16.65;3.03
0.0;0.0;0.0;15.99;2.76
0.0;0.0;0.0;15.46;2.55
0.0;0.0;0.0;14.69;2.34
0.0;0.0;0.0;13.97;1.93
0.0;0.0;0.0;13.31;1.45
0.0;0.0;0.0;12.96;1.1
0.0;0.0;0.0;13.02;0.83
0.0;0.0;0.0;13.25;0.62
0.0;0.0;0.0;12.92;0.55
116.0;287.33;65.0;12.98;0.34
273.0;488.41;108.0;14.69;0.48
431.0;625.67;130.0;16.93;0.62
575.0;751.48;126.0;18.78;0.55
673.0;799.57;130.0;20.26;0.34
718.0;805.11;138.0;21.45;0.21
728.0;839.22;125.0;22.28;0.28
654.0;746.71;151.0;22.86;0.41
426.0;264.97;270.0;22.72;0.9
243.0;68.13;211.0;22.62;0.21
161.0;67.78;139.0;22.34;0.48
67.0;42.88;60.0;21.7;0.97
0.0;0.0;0.0;20.54;1.17
0.0;0.0;0.0;18.99;1.17
0.0;0.0;0.0;18.34;1.24
0.0;0.0;0.0;18.11;1.1
0.0;0.0;0.0;17.52;1.03
0.0;0.0;0.0;16.08;1.24
0.0;0.0;0.0;15.1;1.38
0.0;0.0;0.0;14.59;1.31
0.0;0.0;0.0;14.21;1.17
0.0;0.0;0.0;13.89;1.03
0.0;0.0;0.0;13.61;1.03
0.0;0.0;0.0;13.22;1.03
125.0;403.24;55.0;13.47;0.9
255.0;401.23;121.0;15.84;0.76
415.0;567.9;144.0;17.35;0.9
566.0;732.94;131.0;19.47;0.9
648.0;727.45;157.0;20.88;0.97
715.0;811.44;134.0;21.69;0.9
713.0;811.06;134.0;22.53;0.83
668.0;815.02;123.0;23.06;1.03
557.0;731.75;130.0;23.18;1.1
396.0;523.47;153.0;22.87;0.83
251.0;442.21;110.0;22.56;0.69
39.0;0.0;39.0;22.01;0.48
0.0;0.0;0.0;20.66;1.72
0.0;0.0;0.0;19.0;1.79
0.0;0.0;0.0;18.51;1.38
0.0;0.0;0.0;17.83;1.31
0.0;0.0;0.0;16.92;1.38
0.0;0.0;0.0;15.84;1.66
0.0;0.0;0.0;14.64;1.93
0.0;0.0;0.0;13.82;1.93
0.0;0.0;0.0;13.21;1.79
0.0;0.0;0.0;12.81;1.72
0.0;0.0;0.0;12.47;1.59
0.0;0.0;0.0;12.05;1.52
80.0;82.51;66.0;12.51;1.24
261.0;457.45;110.0;15.41;1.17
423.0;629.66;125.0;17.39;0.97
564.0;743.04;126.0;20.03;1.1
664.0;802.09;126.0;21.67;1.31
713.0;819.3;130.0;22.82;1.45
711.0;819.26;130.0;23.52;1.45
640.0;738.28;150.0;23.96;1.45
559.0;760.9;119.0;24.15;1.24
423.0;684.58;109.0;24.09;0.9
260.0;536.59;92.0;23.85;0.76
101.0;310.38;54.0;22.78;0.97
0.0;0.0;0.0;21.1;1.59
0.0;0.0;0.0;19.15;1.59
0.0;0.0;0.0;17.99;1.79
0.0;0.0;0.0;17.27;1.38
0.0;0.0;0.0;16.95;1.24
0.0;0.0;0.0;17.67;0.62
0.0;0.0;0.0;16.27;0.97
0.0;0.0;0.0;16.48;0.76
0.0;0.0;0.0;16.18;0.69
0.0;0.0;0.0;15.52;0.9
0.0;0.0;0.0;14.26;1.1
0.0;0.0;0.0;13.48;1.1
32.0;0.0;32.0;13.89;0.69
262.0;493.6;101.0;15.8;0.34
384.0;466.64;165.0;17.02;0.48
357.0;136.66;277.0;19.19;0.28
417.0;142.54;322.0;20.08;0.83
498.0;229.11;336.0;20.97;1.31
464.0;173.19;342.0;21.32;1.1
579.0;537.45;225.0;21.93;0.76
110.0;0.0;110.0;21.75;1.31
48.0;0.0;48.0;20.58;2.21
135.0;39.05;123.0;19.21;2.21
60.0;48.13;53.0;18.39;1.66
0.0;0.0;0.0;17.92;1.24
0.0;0.0;0.0;17.02;1.31
0.0;0.0;0.0;16.56;1.31
0.0;0.0;0.0;16.1;1.38
0.0;0.0;0.0;15.96;1.38
0.0;0.0;0.0;15.59;1.52
0.0;0.0;0.0;15.4;1.66
0.0;0.0;0.0;14.93;1.72
0.0;0.0;0.0;14.57;1.79
0.0;0.0;0.0;14.07;1.79
0.0;0.0;0.0;13.46;1.72
0.0;0.0;0.0;13.19;1.38
32.0;0.0;32.0;12.97;1.1
146.0;43.45;132.0;13.84;0.83
282.0;139.69;217.0;14.82;1.24
209.0;5.16;206.0;15.59;1.1
308.0;31.71;287.0;16.36;0.9
479.0;195.0;342.0;17.55;1.03
672.0;704.67;179.0;18.04;1.1
491.0;292.24;300.0;18.38;0.97
411.0;262.52;262.0;18.57;0.83
194.0;26.82;182.0;18.57;0.76
166.0;109.48;133.0;18.55;0.62
84.0;215.15;54.0;18.19;0.48
0.0;0.0;0.0;17.2;0.69
0.0;0.0;0.0;15.95;1.17
0.0;0.0;0.0;14.82;1.79
0.0;0.0;0.0;14.18;1.93
0.0;0.0;0.0;13.54;2.0
0.0;0.0;0.0;13.24;2.0
0.0;0.0;0.0;12.97;2.0
0.0;0.0;0.0;13.21;1.86
0.0;0.0;0.0;13.59;1.79
0.0;0.0;0.0;13.88;2.0
0.0;0.0;0.0;14.06;2.34
0.0;0.0;0.0;14.04;2.69
10.0;0.0;10.0;14.07;2.62
33.0;0.0;33.0;14.11;2.83
51.0;0.0;51.0;14.64;3.66
100.0;0.0;100.0;15.2;3.52
106.0;0.0;106.0;16.12;3.59
209.0;0.0;209.0;16.81;3.72
138.0;0.0;138.0;17.07;3.79
85.0;0.0;85.0;16.93;3.86
58.0;0.0;58.0;16.45;4.07
59.0;0.0;59.0;16.19;3.79
95.0;6.77;93.0;16.33;3.66
42.0;14.99;40.0;16.59;3.45
0.0;0.0;0.0;16.65;3.24
0.0;0.0;0.0;16.68;3.1
0.0;0.0;0.0;16.76;3.59
0.0;0.0;0.0;16.7;3.38
0.0;0.0;0.0;16.41;3.24
0.0;0.0;0.0;16.1;3.03
0.0;0.0;0.0;15.74;2.83
0.0;0.0;0.0;15.39;2.62
0.0;0.0;0.0;15.09;2.62
0.0;0.0;0.0;14.53;2.83
0.0;0.0;0.0;14.34;2.9
0.0;0.0;0.0;14.17;2.9
20.0;0.0;20.0;14.26;2.9
87.0;0.0;87.0;15.52;2.9
271.0;131.22;211.0;17.33;2.97
406.0;251.34;262.0;19.52;3.52
541.0;434.61;257.0;21.32;4.0
609.0;527.88;243.0;22.67;4.21
635.0;620.42;207.0;23.52;4.28
638.0;802.18;122.0;24.08;4.41
514.0;664.65;144.0;24.03;4.41
398.0;669.62;106.0;23.18;3.45
141.0;65.6;122.0;22.21;3.03
75.0;212.06;48.0;21.26;2.76
0.0;0.0;0.0;19.79;2.62
0.0;0.0;0.0;18.72;2.48
0.0;0.0;0.0;17.74;1.86
0.0;0.0;0.0;16.54;1.79
0.0;0.0;0.0;15.69;1.52
0.0;0.0;0.0;15.59;1.1
0.0;0.0;0.0;14.71;1.1
0.0;0.0;0.0;14.08;1.03
0.0;0.0;0.0;13.51;0.76
0.0;0.0;0.0;13.07;0.48
0.0;0.0;0.0;12.89;0.41
0.0;0.0;0.0;12.61;0.34
32.0;0.0;32.0;12.54;0.21
179.0;141.82;135.0;13.6;0.21
215.0;46.34;194.0;15.19;1.45
176.0;1.76;175.0;16.89;2.07
171.0;0.0;171.0;18.74;2.48
320.0;30.49;299.0;20.14;2.48
339.0;43.8;309.0;21.37;3.31
627.0;788.39;124.0;21.61;3.86
463.0;475.35;201.0;21.98;4.28
210.0;53.45;187.0;21.77;4.0
97.0;7.05;95.0;21.14;4.07
36.0;8.25;35.0;20.02;3.52
0.0;0.0;0.0;18.77;3.17
0.0;0.0;0.0;18.03;2.76
0.0;0.0;0.0;17.75;2.14
0.0;0.0;0.0;17.3;1.93
0.0;0.0;0.0;16.63;1.52
0.0;0.0;0.0;16.16;1.45
0.0;0.0;0.0;15.87;1.59
0.0;0.0;0.0;15.47;1.59
0.0;0.0;0.0;14.6;1.52
0.0;0.0;0.0;14.07;1.52
0.0;0.0;0.0;13.65;1.52
0.0;0.0;0.0;13.06;1.79
47.0;13.72;45.0;13.29;1.93
209.0;274.32;125.0;14.83;2.14
79.0;0.0;79.0;16.08;2.28
194.0;3.54;192.0;17.31;2.48
318.0;46.54;288.0;18.82;2.9
411.0;116.97;331.0;20.42;3.1
589.0;501.54;248.0;21.69;3.31
564.0;565.81;206.0;22.37;4.0
462.0;493.02;193.0;22.45;4.14
345.0;452.28;153.0;22.4;3.79
28.0;0.0;28.0;21.38;3.79
51.0;78.2;42.0;20.23;3.52
0.0;0.0;0.0;19.37;3.24
0.0;0.0;0.0;18.39;3.1
0.0;0.0;0.0;17.45;2.97
0.0;0.0;0.0;16.99;3.17
0.0;0.0;0.0;16.5;3.1
0.0;0.0;0.0;16.05;2.97
0.0;0.0;0.0;15.54;2.76
0.0;0.0;0.0;14.8;2.62
0.0;0.0;0.0;14.12;2.55
0.0;0.0;0.0;13.6;2.55
0.0;0.0;0.0;13.14;2.55
0.0;0.0;0.0;12.77;2.62
92.0;303.52;49.0;12.73;2.55
154.0;79.43;130.0;13.88;2.41
340.0;355.16;182.0;15.9;3.38
449.0;390.99;230.0;17.32;3.59
438.0;199.99;310.0;18.81;3.72
568.0;429.94;276.0;19.84;3.93
677.0;809.07;131.0;20.75;4.21
625.0;800.14;123.0;21.21;4.48
521.0;748.12;117.0;21.54;4.76
379.0;642.5;110.0;21.46;4.9
196.0;327.63;107.0;20.88;4.62
52.0;100.97;41.0;19.78;3.93
0.0;0.0;0.0;18.72;3.38
0.0;0.0;0.0;17.76;3.17
0.0;0.0;0.0;17.01;3.1
0.0;0.0;0.0;16.53;3.24
0.0;0.0;0.0;15.77;3.17
0.0;0.0;0.0;15.27;3.1
0.0;0.0;0.0;14.49;3.03
0.0;0.0;0.0;13.83;2.9
0.0;0.0;0.0;13.25;2.76
0.0;0.0;0.0;12.69;2.69
0.0;0.0;0.0;12.12;2.55
0.0;0.0;0.0;11.67;2.55
85.0;247.1;51.0;11.5;2.48
247.0;533.47;88.0;12.61;2.48
390.0;592.27;129.0;14.4;2.97
530.0;719.74;130.0;15.86;3.24
625.0;771.1;135.0;17.24;3.52
674.0;802.26;133.0;18.45;3.86
677.0;822.69;126.0;19.33;4.21
614.0;779.72;129.0;19.97;4.48
511.0;726.07;123.0;20.29;4.76
374.0;641.94;109.0;20.09;4.69
205.0;417.92;94.0;19.62;4.21
65.0;282.16;36.0;18.65;3.72
0.0;0.0;0.0;17.32;3.45
0.0;0.0;0.0;16.35;3.52
0.0;0.0;0.0;15.83;3.38
0.0;0.0;0.0;14.87;3.24
0.0;0.0;0.0;14.02;3.1
0.0;0.0;0.0;13.23;2.97
0.0;0.0;0.0;12.49;2.83
0.0;0.0;0.0;11.81;2.69
0.0;0.0;0.0;11.14;2.62
0.0;0.0;0.0;10.5;2.55
0.0;0.0;0.0;9.93;2.48
0.0;0.0;0.0;9.41;2.41
89.0;322.09;46.0;9.21;2.34
218.0;343.63;117.0;10.55;2.34
347.0;391.8;176.0;12.1;2.41
521.0;669.24;152.0;13.92;2.69
642.0;825.87;121.0;15.55;2.9
678.0;808.09;137.0;17.14;3.1
680.0;832.05;127.0;18.42;3.38
624.0;810.89;124.0;19.35;3.52
524.0;779.26;112.0;19.89;3.72
386.0;715.14;95.0;20.06;3.72
219.0;543.29;78.0;19.7;3.45
62.0;289.88;34.0;18.64;3.52
0.0;0.0;0.0;17.13;3.59
0.0;0.0;0.0;15.95;3.52
0.0;0.0;0.0;14.82;3.31
0.0;0.0;0.0;14.05;3.03
0.0;0.0;0.0;13.25;2.69
0.0;0.0;0.0;12.42;2.28
0.0;0.0;0.0;11.3;1.79
0.0;0.0;0.0;10.12;1.45
0.0;0.0;0.0;9.8;1.24
0.0;0.0;0.0;9.58;1.03
0.0;0.0;0.0;9.6;0.9
0.0;0.0;0.0;9.64;0.76
84.0;309.14;44.0;9.65;0.69
242.0;538.35;86.0;11.17;0.55
340.0;384.09;174.0;14.08;0.69
487.0;557.64;182.0;16.33;0.97
607.0;720.21;156.0;18.21;1.24
666.0;796.0;137.0;19.55;1.38
585.0;517.1;244.0;20.51;1.45
595.0;731.41;148.0;21.0;1.52
510.0;755.26;115.0;21.16;1.31
370.0;670.85;101.0;21.22;1.1
220.0;599.76;68.0;20.97;0.9
61.0;342.94;30.0;19.74;1.52
0.0;0.0;0.0;17.49;2.14
0.0;0.0;0.0;15.48;2.41
0.0;0.0;0.0;14.07;2.34
0.0;0.0;0.0;12.74;2.14
0.0;0.0;0.0;11.64;1.93
0.0;0.0;0.0;10.97;1.72
0.0;0.0;0.0;10.68;1.52
0.0;0.0;0.0;10.51;1.38
0.0;0.0;0.0;10.37;1.31
0.0;0.0;0.0;9.79;1.45
0.0;0.0;0.0;9.4;1.59
0.0;0.0;0.0;9.04;1.72
49.0;47.9;43.0;9.22;1.66
214.0;378.15;106.0;11.52;1.24
410.0;752.5;88.0;15.47;1.45
530.0;768.69;113.0;18.08;1.72
619.0;799.66;122.0;19.8;2.14
661.0;806.51;129.0;20.77;2.21
663.0;826.94;122.0;21.55;2.14
559.0;619.16;184.0;22.08;2.14
492.0;717.25;121.0;22.18;1.79
182.0;37.97;167.0;21.63;0.41
111.0;48.52;99.0;21.46;0.21
53.0;285.09;29.0;20.72;0.34
0.0;0.0;0.0;19.2;0.9
0.0;0.0;0.0;17.53;1.52
0.0;0.0;0.0;16.33;2.14
0.0;0.0;0.0;15.59;1.93
0.0;0.0;0.0;14.45;1.79
0.0;0.0;0.0;13.33;1.66
0.0;0.0;0.0;12.34;1.59
0.0;0.0;0.0;11.57;1.59
0.0;0.0;0.0;11.01;1.52
0.0;0.0;0.0;10.8;1.59
0.0;0.0;0.0;10.98;1.52
0.0;0.0;0.0;11.05;1.59
74.0;272.46;41.0;11.03;1.52
21.0;0.0;21.0;12.99;1.03
48.0;0.0;48.0;14.29;0.83
93.0;0.0;93.0;15.76;0.62
67.0;0.0;67.0;17.07;0.62
110.0;0.0;110.0;18.33;0.76
62.0;0.0;62.0;18.83;0.41
76.0;0.0;76.0;18.82;0.55
89.0;0.0;89.0;18.92;0.9
116.0;2.57;115.0;19.41;0.55
115.0;66.34;99.0;19.21;0.9
43.0;192.4;28.0;17.98;1.03
0.0;0.0;0.0;17.29;1.66
0.0;0.0;0.0;16.34;1.72
0.0;0.0;0.0;15.58;1.38
0.0;0.0;0.0;14.43;1.52
0.0;0.0;0.0;13.91;1.31
0.0;0.0;0.0;13.5;1.31
0.0;0.0;0.0;13.17;1.38
0.0;0.0;0.0;12.94;1.38
0.0;0.0;0.0;12.82;1.31
0.0;0.0;0.0;13.05;1.24
0.0;0.0;0.0;13.31;1.38
0.0;0.0;0.0;13.72;1.66
74.0;299.26;39.0;14.25;1.72
156.0;133.49;119.0;14.82;1.72
118.0;0.0;118.0;16.11;2.21
100.0;0.0;100.0;16.92;2.97
319.0;62.09;281.0;17.63;2.83
336.0;56.96;299.0;18.21;2.69
550.0;483.17;239.0;18.71;2.83
82.0;0.0;82.0;19.08;2.76
402.0;393.53;203.0;19.17;2.62
333.0;587.39;108.0;19.37;2.21
160.0;285.05;93.0;18.62;2.21
31.0;83.64;25.0;17.49;2.41
0.0;0.0;0.0;16.33;2.48
0.0;0.0;0.0;15.78;2.34
0.0;0.0;0.0;15.44;2.28
0.0;0.0;0.0;15.03;2.28
0.0;0.0;0.0;14.82;2.21
0.0;0.0;0.0;14.7;2.14
0.0;0.0;0.0;14.52;2.14
0.0;0.0;0.0;14.31;1.93
0.0;0.0;0.0;14.11;1.72
0.0;0.0;0.0;14.16;1.66
0.0;0.0;0.0;14.26;1.86
0.0;0.0;0.0;14.18;2.69
9.0;0.0;9.0;13.61;4.55
63.0;0.0;63.0;12.65;5.38
178.0;26.52;167.0;11.69;4.76
123.0;0.0;123.0;11.56;3.86
138.0;0.0;138.0;11.61;3.86
127.0;0.0;127.0;12.45;4.0
364.0;87.73;308.0;13.91;4.41
266.0;27.17;250.0;14.39;4.55
78.0;0.0;78.0;14.17;4.62
80.0;0.0;80.0;13.9;4.69
147.0;222.82;96.0;13.49;4.55
31.0;122.12;23.0;12.97;3.72
0.0;0.0;0.0;12.16;3.52
0.0;0.0;0.0;11.66;3.52
0.0;0.0;0.0;10.88;3.24
0.0;0.0;0.0;10.58;3.59
0.0;0.0;0.0;10.49;3.86
0.0;0.0;0.0;10.0;3.93
0.0;0.0;0.0;9.73;3.86
0.0;0.0;0.0;9.31;3.72
0.0;0.0;0.0;8.99;3.79
0.0;0.0;0.0;8.84;3.93
0.0;0.0;0.0;8.84;4.0
0.0;0.0;0.0;8.7;4.62
29.0;9.21;28.0;8.69;4.62
77.0;0.0;77.0;9.07;5.52
64.0;0.0;64.0;9.52;6.0
196.0;7.63;192.0;9.7;5.1
111.0;0.0;111.0;9.51;4.83
185.0;0.0;185.0;10.06;4.48
200.0;0.0;200.0;11.67;5.1
103.0;0.0;103.0;11.84;6.07
257.0;60.73;227.0;11.64;5.66
220.0;126.69;173.0;11.44;5.59
129.0;143.68;97.0;11.1;5.79
23.0;50.61;20.0;10.21;5.24
0.0;0.0;0.0;9.59;4.76
0.0;0.0;0.0;9.28;4.55
0.0;0.0;0.0;8.83;4.0
0.0;0.0;0.0;8.77;3.72
0.0;0.0;0.0;8.67;3.38
0.0;0.0;0.0;8.48;3.1
0.0;0.0;0.0;8.26;2.97
0.0;0.0;0.0;7.67;2.69
0.0;0.0;0.0;6.9;2.41
0.0;0.0;0.0;6.24;2.28
0.0;0.0;0.0;5.74;2.07
0.0;0.0;0.0;5.12;1.93
71.0;373.71;32.0;4.56;1.66
231.0;605.24;71.0;6.02;1.1
382.0;697.05;99.0;8.07;1.52
513.0;767.86;114.0;9.33;1.31
551.0;590.79;198.0;10.42;1.03
646.0;816.62;128.0;11.27;0.83
642.0;825.41;124.0;12.29;1.03
574.0;763.37;133.0;13.18;1.38
476.0;745.71;112.0;13.9;1.38
341.0;682.3;92.0;14.31;1.17
173.0;471.02;71.0;14.32;1.1
29.0;226.18;17.0;13.1;1.79
0.0;0.0;0.0;11.27;2.0
0.0;0.0;0.0;9.62;1.31
0.0;0.0;0.0;10.35;0.55
0.0;0.0;0.0;9.35;0.69
0.0;0.0;0.0;8.36;1.03
0.0;0.0;0.0;6.53;1.38
0.0;0.0;0.0;5.75;1.72
0.0;0.0;0.0;5.89;1.79
0.0;0.0;0.0;6.35;1.79
0.0;0.0;0.0;6.29;1.79
0.0;0.0;0.0;6.63;1.72
0.0;0.0;0.0;7.05;1.79
30.0;9.99;29.0;7.47;1.93
84.0;3.85;83.0;9.28;2.0
289.0;278.94;177.0;11.71;2.41
394.0;326.24;226.0;13.55;3.79
411.0;210.94;286.0;14.72;5.45
338.0;65.17;297.0;15.29;5.03
334.0;64.29;294.0;15.23;4.41
189.0;1.75;188.0;15.34;4.41
247.0;58.06;219.0;15.13;4.07
98.0;0.0;98.0;15.08;3.79
89.0;38.03;81.0;14.65;3.03
24.0;170.81;16.0;13.95;2.9
0.0;0.0;0.0;12.93;2.83
0.0;0.0;0.0;11.92;2.76
0.0;0.0;0.0;11.35;3.17
0.0;0.0;0.0;10.96;3.31
0.0;0.0;0.0;10.73;3.52
0.0;0.0;0.0;10.62;3.66
0.0;0.0;0.0;10.55;3.86
0.0;0.0;0.0;10.53;3.72
0.0;0.0;0.0;10.49;3.38
0.0;0.0;0.0;9.95;2.97
0.0;0.0;0.0;9.61;2.83
0.0;0.0;0.0;9.56;2.55
17.0;0.0;17.0;9.86;2.28
85.0;7.82;83.0;10.27;2.0
141.0;7.56;138.0;10.37;1.72
228.0;27.44;214.0;10.61;2.07
222.0;6.81;218.0;10.94;2.69
87.0;0.0;87.0;11.83;2.55
196.0;0.0;196.0;11.59;2.14
86.0;0.0;86.0;11.69;2.34
435.0;619.33;140.0;12.06;2.21
282.0;422.32;133.0;11.68;2.48
162.0;484.82;63.0;11.87;2.21
19.0;123.09;14.0;11.55;1.86
0.0;0.0;0.0;10.86;1.79
0.0;0.0;0.0;10.61;1.72
0.0;0.0;0.0;9.93;1.52
0.0;0.0;0.0;9.56;1.59
0.0;0.0;0.0;9.26;1.66
0.0;0.0;0.0;8.9;1.66
0.0;0.0;0.0;8.7;1.59
0.0;0.0;0.0;8.75;1.66
0.0;0.0;0.0;8.71;1.79
0.0;0.0;0.0;8.84;1.86
0.0;0.0;0.0;8.57;2.07
0.0;0.0;0.0;9.01;2.14
28.0;10.92;27.0;9.8;2.21
51.0;0.0;51.0;10.5;2.28
114.0;0.0;114.0;11.42;2.55
165.0;1.98;164.0;11.86;2.9
164.0;0.0;164.0;12.33;3.24
124.0;0.0;124.0;12.93;3.1
85.0;0.0;85.0;13.73;2.97
324.0;96.33;270.0;14.9;3.72
312.0;189.2;223.0;15.91;3.72
302.0;571.05;104.0;16.17;3.66
150.0;414.08;68.0;15.68;3.17
11.0;0.0;11.0;14.3;2.76
0.0;0.0;0.0;12.6;2.55
0.0;0.0;0.0;11.24;2.34
0.0;0.0;0.0;10.23;2.28
0.0;0.0;0.0;9.09;2.21
0.0;0.0;0.0;8.13;2.14
0.0;0.0;0.0;7.44;2.07
0.0;0.0;0.0;6.8;2.07
0.0;0.0;0.0;6.22;2.0
0.0;0.0;0.0;5.75;2.0
0.0;0.0;0.0;5.37;2.0
0.0;0.0;0.0;4.92;1.79
0.0;0.0;0.0;4.55;1.72
50.0;229.01;30.0;4.21;1.52
191.0;417.12;88.0;6.33;1.17
364.0;698.56;93.0;9.47;1.1
487.0;742.88;115.0;11.78;1.17
577.0;784.18;124.0;13.59;1.31
609.0;759.63;143.0;14.91;1.31
604.0;771.04;137.0;15.66;1.24
539.0;720.91;139.0;16.27;1.31
447.0;725.57;110.0;16.65;1.45
304.0;607.66;97.0;16.71;1.38
159.0;536.85;56.0;16.35;0.83
8.0;0.0;8.0;15.32;0.28
0.0;0.0;0.0;14.36;0.34
0.0;0.0;0.0;11.95;1.31
0.0;0.0;0.0;10.55;1.52
0.0;0.0;0.0;8.81;1.79
0.0;0.0;0.0;7.5;1.72
0.0;0.0;0.0;6.62;1.59
0.0;0.0;0.0;5.96;1.59
0.0;0.0;0.0;5.52;1.59
0.0;0.0;0.0;5.34;1.59
0.0;0.0;0.0;5.04;1.66
0.0;0.0;0.0;4.93;1.79
0.0;0.0;0.0;4.81;1.86
38.0;96.34;30.0;4.86;1.86
208.0;581.39;67.0;6.5;1.59
364.0;714.73;90.0;10.11;1.45
494.0;782.33;106.0;13.87;1.31
573.0;778.86;127.0;16.77;1.17
567.0;600.16;202.0;18.63;1.59
593.0;734.83;152.0;19.79;2.14
527.0;677.48;155.0;20.51;2.62
440.0;706.63;116.0;20.87;2.83
301.0;612.73;96.0;20.68;2.34
125.0;263.87;76.0;19.68;2.0
6.0;0.0;6.0;17.78;2.28
0.0;0.0;0.0;15.69;2.62
0.0;0.0;0.0;14.19;2.76
0.0;0.0;0.0;13.12;2.9
0.0;0.0;0.0;12.17;2.83
0.0;0.0;0.0;11.22;2.62
0.0;0.0;0.0;10.33;2.55
0.0;0.0;0.0;9.65;2.48
0.0;0.0;0.0;9.27;2.41
0.0;0.0;0.0;9.02;2.34
0.0;0.0;0.0;8.71;2.28
0.0;0.0;0.0;8.46;2.21
0.0;0.0;0.0;8.26;2.21
46.0;254.04;26.0;8.41;2.14
197.0;550.22;66.0;9.79;1.86
330.0;583.49;109.0;13.32;1.79
457.0;680.06;123.0;16.38;2.07
534.0;680.09;148.0;18.41;2.69
571.0;683.41;159.0;19.64;3.1
559.0;667.69;162.0;20.45;3.1
390.0;252.15;253.0;20.88;2.97
292.0;176.77;212.0;21.03;2.97
115.0;9.13;112.0;20.78;2.69
74.0;38.99;67.0;20.2;2.07
0.0;0.0;0.0;17.21;0.74
0.0;0.0;0.0;16.69;1.01
0.0;0.0;0.0;16.17;1.29
0.0;0.0;0.0;15.64;1.57
0.0;0.0;0.0;15.12;1.85
0.0;0.0;0.0;14.6;2.12
0.0;0.0;0.0;14.08;2.4
0.0;0.0;0.0;13.56;2.68
0.0;0.0;0.0;13.03;2.96
0.0;0.0;0.0;12.51;3.24
0.0;0.0;0.0;11.99;3.51
0.0;0.0;0.0;11.47;3.79
0.0;0.0;0.0;10.95;4.07
28.0;71.37;23.0;10.42;4.35
115.0;82.91;96.0;9.9;4.62
192.0;75.79;164.0;9.38;4.9
405.0;475.69;176.0;12.85;6.97
283.0;52.03;254.0;13.2;7.03
97.0;0.0;97.0;14.15;8.48
320.0;75.42;276.0;14.34;7.24
250.0;33.85;232.0;14.6;6.83
205.0;36.31;189.0;15.19;7.03
142.0;37.93;130.0;15.12;6.62
129.0;472.23;50.0;14.92;5.52
0.0;0.0;0.0;14.6;5.52
0.0;0.0;0.0;14.21;5.72
0.0;0.0;0.0;13.84;5.93
0.0;0.0;0.0;13.77;6.07
0.0;0.0;0.0;13.78;5.79
0.0;0.0;0.0;13.52;5.59
0.0;0.0;0.0;13.28;5.24
0.0;0.0;0.0;13.22;5.03
0.0;0.0;0.0;13.25;5.1
0.0;0.0;0.0;13.2;5.31
0.0;0.0;0.0;13.07;5.38
0.0;0.0;0.0;12.92;5.17
0.0;0.0;0.0;12.63;4.9
18.0;15.22;17.0;12.37;4.55
139.0;200.3;94.0;12.72;4.41
341.0;718.24;79.0;13.9;4.07
467.0;786.99;92.0;14.91;4.97
425.0;324.15;246.0;16.0;5.86
506.0;482.3;223.0;16.74;6.69
140.0;0.0;140.0;17.4;6.69
209.0;11.41;203.0;17.51;6.28
163.0;9.2;159.0;17.38;6.21
252.0;467.33;107.0;16.67;4.69
92.0;161.3;66.0;16.1;4.21
0.0;0.0;0.0;15.24;3.72
0.0;0.0;0.0;14.9;3.38
0.0;0.0;0.0;14.38;2.83
0.0;0.0;0.0;13.59;2.48
0.0;0.0;0.0;12.8;1.93
0.0;0.0;0.0;11.4;1.72
0.0;0.0;0.0;9.96;1.66
0.0;0.0;0.0;9.62;1.45
0.0;0.0;0.0;10.22;1.1
0.0;0.0;0.0;10.35;1.03
0.0;0.0;0.0;10.42;1.03
0.0;0.0;0.0;10.34;1.03
0.0;0.0;0.0;10.3;1.1
22.0;48.91;19.0;10.14;1.1
33.0;0.0;33.0;10.62;0.62
45.0;0.0;45.0;11.45;1.03
76.0;0.0;76.0;11.72;1.86
77.0;0.0;77.0;11.56;2.14
108.0;0.0;108.0;11.29;1.72
68.0;0.0;68.0;11.14;1.38
56.0;0.0;56.0;10.97;1.03
67.0;0.0;67.0;11.06;0.83
43.0;0.0;43.0;11.06;0.69
38.0;0.0;38.0;10.85;0.83
0.0;0.0;0.0;10.61;1.17
0.0;0.0;0.0;10.36;1.52
0.0;0.0;0.0;10.2;1.86
0.0;0.0;0.0;9.43;1.59
0.0;0.0;0.0;9.2;1.66
0.0;0.0;0.0;9.03;1.38
0.0;0.0;0.0;8.88;1.24
0.0;0.0;0.0;8.73;1.17
0.0;0.0;0.0;8.62;1.17
0.0;0.0;0.0;8.35;0.69
0.0;0.0;0.0;8.53;1.03
0.0;0.0;0.0;8.46;1.17
0.0;0.0;0.0;8.4;1.1
7.0;0.0;7.0;8.36;1.03
15.0;0.0;15.0;8.54;1.17
36.0;0.0;36.0;8.57;1.59
68.0;0.0;68.0;8.61;1.66
86.0;0.0;86.0;8.68;1.86
94.0;0.0;94.0;8.74;1.93
88.0;0.0;88.0;8.83;1.72
78.0;0.0;78.0;8.83;2.07
71.0;0.0;71.0;8.99;2.14
108.0;10.06;105.0;8.99;2.41
34.0;0.0;34.0;8.74;2.48
0.0;0.0;0.0;8.44;2.48
0.0;0.0;0.0;8.06;2.21
0.0;0.0;0.0;7.72;2.07
0.0;0.0;0.0;7.34;2.14
0.0;0.0;0.0;7.18;1.86
0.0;0.0;0.0;6.88;1.86
0.0;0.0;0.0;6.7;2.0
0.0;0.0;0.0;6.77;2.14
0.0;0.0;0.0;6.69;2.28
0.0;0.0;0.0;6.17;2.55
0.0;0.0;0.0;5.7;2.62
0.0;0.0;0.0;5.12;2.55
0.0;0.0;0.0;4.61;2.34
20.0;57.07;17.0;4.28;2.07
96.0;52.12;85.0;4.77;1.79
275.0;379.35;142.0;6.01;2.28
257.0;82.31;219.0;7.38;2.55
177.0;1.86;176.0;8.68;2.28
396.0;199.82;282.0;9.46;2.0
499.0;517.02;209.0;10.13;1.93
475.0;627.36;156.0;10.8;2.07
406.0;755.72;91.0;11.31;1.79
270.0;687.96;69.0;11.41;1.45
102.0;363.58;50.0;11.12;1.1
0.0;0.0;0.0;10.0;0.69
0.0;0.0;0.0;9.6;0.83
0.0;0.0;0.0;6.96;1.45
0.0;0.0;0.0;4.55;2.21
0.0;0.0;0.0;3.81;2.34
0.0;0.0;0.0;3.34;2.41
0.0;0.0;0.0;3.0;2.41
0.0;0.0;0.0;2.63;2.28
0.0;0.0;0.0;2.33;2.28
0.0;0.0;0.0;2.3;2.34
0.0;0.0;0.0;2.34;2.34
0.0;0.0;0.0;2.44;2.21
0.0;0.0;0.0;2.8;2.07
6.0;0.0;6.0;3.59;1.86
104.0;92.01;85.0;4.82;1.59
200.0;124.34;157.0;7.89;1.24
433.0;729.2;100.0;10.23;1.38
449.0;464.77;202.0;12.48;1.72
483.0;474.28;215.0;14.11;2.48
562.0;841.06;95.0;15.1;3.1
498.0;801.73;95.0;15.74;3.59
368.0;608.44;118.0;15.48;3.45
187.0;213.16;126.0;14.96;2.69
77.0;160.56;55.0;14.26;2.48
0.0;0.0;0.0;13.12;2.28
0.0;0.0;0.0;11.84;2.28
0.0;0.0;0.0;11.69;2.07
0.0;0.0;0.0;12.07;1.79
0.0;0.0;0.0;11.69;1.52
0.0;0.0;0.0;11.2;1.31
0.0;0.0;0.0;11.06;1.17
0.0;0.0;0.0;11.03;1.1
0.0;0.0;0.0;10.9;1.24
0.0;0.0;0.0;10.88;1.38
0.0;0.0;0.0;10.88;1.45
0.0;0.0;0.0;10.88;1.52
0.0;0.0;0.0;10.83;1.52
7.0;0.0;7.0;10.76;1.59
53.0;0.0;53.0;10.78;1.52
138.0;20.52;131.0;10.96;1.38
124.0;0.0;124.0;11.48;1.79
88.0;0.0;88.0;11.64;1.93
89.0;0.0;89.0;11.69;2.0
88.0;0.0;88.0;11.95;2.34
98.0;0.0;98.0;12.17;2.34
77.0;0.0;77.0;12.13;2.14
27.0;0.0;27.0;12.1;1.93
47.0;22.89;44.0;11.68;1.59
0.0;0.0;0.0;11.35;1.24
0.0;0.0;0.0;11.09;0.97
0.0;0.0;0.0;10.87;0.76
0.0;0.0;0.0;11.14;0.41
0.0;0.0;0.0;11.19;0.28
0.0;0.0;0.0;11.1;0.41
0.0;0.0;0.0;10.94;0.48
0.0;0.0;0.0;10.62;0.69
0.0;0.0;0.0;10.45;0.76
0.0;0.0;0.0;10.47;0.76
0.0;0.0;0.0;10.32;0.83
0.0;0.0;0.0;10.31;0.97
0.0;0.0;0.0;10.29;1.1
6.0;0.0;6.0;10.32;1.17
79.0;30.41;73.0;10.73;1.79
79.0;0.0;79.0;11.29;1.66
137.0;0.0;137.0;11.82;1.66
148.0;0.0;148.0;12.66;1.72
210.0;7.22;206.0;13.34;1.79
368.0;194.88;262.0;14.12;1.86
322.0;177.17;235.0;14.47;2.0
321.0;418.49;154.0;14.48;2.07
216.0;430.27;98.0;14.53;2.14
89.0;399.61;39.0;14.27;1.93
0.0;0.0;0.0;12.8;2.14
0.0;0.0;0.0;11.42;2.21
0.0;0.0;0.0;10.68;2.21
0.0;0.0;0.0;10.74;2.21
0.0;0.0;0.0;10.04;2.07
0.0;0.0;0.0;9.07;1.86
0.0;0.0;0.0;8.14;1.52
0.0;0.0;0.0;7.58;1.38
0.0;0.0;0.0;7.38;1.17
0.0;0.0;0.0;7.22;0.97
0.0;0.0;0.0;6.75;0.97
0.0;0.0;0.0;6.41;0.9
0.0;0.0;0.0;5.96;0.9
3.0;0.0;3.0;5.58;0.83
126.0;254.27;77.0;6.71;0.69
152.0;42.24;138.0;8.5;0.34
241.0;81.52;205.0;10.57;0.34
329.0;153.2;250.0;12.21;0.14
538.0;763.68;119.0;13.84;0.0
491.0;594.49;171.0;15.31;0.41
469.0;746.02;107.0;16.23;0.41
295.0;320.48;169.0;16.79;0.41
133.0;67.08;115.0;16.85;0.28
82.0;352.27;40.0;16.42;0.48
0.0;0.0;0.0;15.22;0.62
0.0;0.0;0.0;14.65;0.41
0.0;0.0;0.0;13.5;1.03
0.0;0.0;0.0;12.65;0.97
0.0;0.0;0.0;9.81;1.66
0.0;0.0;0.0;8.62;2.0
0.0;0.0;0.0;8.62;2.07
0.0;0.0;0.0;8.74;2.0
0.0;0.0;0.0;8.76;1.86
0.0;0.0;0.0;8.69;1.79
0.0;0.0;0.0;8.19;1.86
0.0;0.0;0.0;7.99;1.86
0.0;0.0;0.0;8.35;1.86
2.0;0.0;2.0;9.41;1.86
85.0;58.48;74.0;10.53;1.72
102.0;3.06;101.0;11.04;1.59
96.0;0.0;96.0;12.22;2.41
85.0;0.0;85.0;12.64;2.55
56.0;0.0;56.0;12.93;2.28
91.0;0.0;91.0;13.31;2.69
72.0;0.0;72.0;13.42;2.83
103.0;0.0;103.0;13.3;2.28
142.0;102.88;115.0;13.49;2.41
37.0;17.64;35.0;12.98;1.79
0.0;0.0;0.0;11.95;1.59
0.0;0.0;0.0;10.65;1.31
0.0;0.0;0.0;9.46;1.59
0.0;0.0;0.0;9.42;1.31
0.0;0.0;0.0;9.14;1.24
0.0;0.0;0.0;9.2;1.24
0.0;0.0;0.0;8.96;1.31
0.0;0.0;0.0;8.98;1.31
0.0;0.0;0.0;8.54;1.38
0.0;0.0;0.0;8.33;1.38
0.0;0.0;0.0;8.51;1.38
0.0;0.0;0.0;8.87;1.31
0.0;0.0;0.0;8.25;1.45
2.0;0.0;2.0;8.35;1.38
123.0;288.91;70.0;8.73;1.31
225.0;273.51;137.0;11.03;1.24
400.0;688.36;103.0;12.82;1.52
497.0;789.92;98.0;14.02;2.28
530.0;786.7;107.0;15.14;2.76
515.0;770.45;109.0;15.9;2.62
454.0;741.01;103.0;16.43;2.48
359.0;720.93;84.0;16.7;2.41
215.0;553.44;73.0;16.6;2.14
74.0;362.59;35.0;15.88;1.59
0.0;0.0;0.0;14.41;1.86
0.0;0.0;0.0;12.83;2.14
0.0;0.0;0.0;11.52;2.21
0.0;0.0;0.0;10.43;2.21
0.0;0.0;0.0;9.42;2.0
0.0;0.0;0.0;8.49;1.93
0.0;0.0;0.0;7.8;2.0
0.0;0.0;0.0;7.34;2.07
0.0;0.0;0.0;7.03;2.14
0.0;0.0;0.0;6.84;2.14
0.0;0.0;0.0;6.63;2.07
0.0;0.0;0.0;6.36;2.07
0.0;0.0;0.0;6.04;2.0
0.0;0.0;0.0;5.69;2.0
142.0;508.95;51.0;6.4;1.79
284.0;650.08;78.0;10.27;1.59
407.0;734.09;94.0;13.59;1.86
494.0;790.29;99.0;15.79;2.41
527.0;787.3;108.0;17.29;3.31
523.0;815.24;98.0;18.14;3.59
459.0;773.64;97.0;18.59;3.52
355.0;721.45;84.0;18.71;3.38
216.0;590.22;68.0;18.33;2.9
72.0;392.96;32.0;17.07;2.48
0.0;0.0;0.0;15.05;2.69
0.0;0.0;0.0;13.5;2.83
0.0;0.0;0.0;12.52;2.83
0.0;0.0;0.0;11.95;3.1
0.0;0.0;0.0;11.44;2.97
0.0;0.0;0.0;10.92;2.83
0.0;0.0;0.0;10.42;2.62
0.0;0.0;0.0;9.98;2.41
0.0;0.0;0.0;9.52;2.21
0.0;0.0;0.0;9.44;2.0
0.0;0.0;0.0;9.04;1.72
0.0;0.0;0.0;9.24;1.52
0.0;0.0;0.0;9.26;1.59
0.0;0.0;0.0;9.35;1.66
110.0;229.7;70.0;9.92;1.45
245.0;410.24;117.0;10.23;1.1
399.0;712.11;99.0;12.56;0.97
493.0;802.8;96.0;14.88;0.76
526.0;799.3;105.0;16.32;0.76
516.0;804.76;101.0;17.14;0.97
451.0;763.77;98.0;17.57;0.62
350.0;721.93;83.0;17.88;0.34
213.0;604.15;65.0;17.88;0.41
63.0;312.26;33.0;17.23;0.69
0.0;0.0;0.0;15.06;1.17
0.0;0.0;0.0;12.9;1.52
0.0;0.0;0.0;11.54;1.66
0.0;0.0;0.0;10.03;2.0
0.0;0.0;0.0;8.76;2.0
0.0;0.0;0.0;7.84;1.93
0.0;0.0;0.0;7.31;2.0
0.0;0.0;0.0;7.15;2.21
0.0;0.0;0.0;7.12;2.34
0.0;0.0;0.0;7.03;2.34
0.0;0.0;0.0;6.85;2.34
0.0;0.0;0.0;6.61;2.28
0.0;0.0;0.0;6.35;2.21
0.0;0.0;0.0;6.12;2.21
130.0;472.05;50.0;6.88;2.07
270.0;625.14;78.0;10.8;2.0
391.0;713.62;94.0;14.24;2.14
464.0;711.35;116.0;16.36;2.9
446.0;483.47;194.0;17.56;3.72
202.0;11.76;196.0;18.05;4.07
221.0;43.82;201.0;18.12;3.93
157.0;27.47;147.0;17.8;3.45
91.0;16.72;87.0;17.4;2.55
17.0;0.0;17.0;16.46;2.55
0.0;0.0;0.0;15.18;2.83
0.0;0.0;0.0;14.24;2.97
0.0;0.0;0.0;13.73;2.9
0.0;0.0;0.0;13.72;3.03
0.0;0.0;0.0;13.58;2.9
0.0;0.0;0.0;13.59;2.62
0.0;0.0;0.0;13.18;2.48
0.0;0.0;0.0;13.12;2.34
0.0;0.0;0.0;12.8;2.07
0.0;0.0;0.0;12.78;1.72
0.0;0.0;0.0;12.72;1.38
0.0;0.0;0.0;12.6;1.1
0.0;0.0;0.0;12.47;0.97
0.0;0.0;0.0;12.44;0.9
47.0;6.07;46.0;12.56;0.76
78.0;0.0;78.0;13.27;0.55
101.0;0.0;101.0;13.73;0.69
96.0;0.0;96.0;14.01;1.38
204.0;11.63;198.0;14.66;1.79
289.0;97.14;240.0;15.09;2.34
249.0;84.3;211.0;15.78;2.62
149.0;22.32;141.0;16.02;2.14
118.0;81.36;99.0;15.83;1.45
31.0;35.38;28.0;15.38;0.55
0.0;0.0;0.0;14.47;0.62
0.0;0.0;0.0;13.06;1.17
0.0;0.0;0.0;12.25;1.24
0.0;0.0;0.0;11.25;1.59
0.0;0.0;0.0;10.53;1.86
0.0;0.0;0.0;10.85;2.0
0.0;0.0;0.0;11.45;2.21
0.0;0.0;0.0;11.46;2.28
0.0;0.0;0.0;11.88;2.28
0.0;0.0;0.0;12.19;2.41
0.0;0.0;0.0;12.3;2.76
0.0;0.0;0.0;12.52;3.03
0.0;0.0;0.0;12.75;2.97
0.0;0.0;0.0;12.84;3.03
48.0;6.25;47.0;13.32;3.59
150.0;73.99;128.0;14.1;3.52
338.0;487.72;140.0;14.82;3.66
121.0;0.0;121.0;15.71;3.93
187.0;5.88;184.0;16.47;4.34
397.0;382.88;206.0;16.96;4.14
79.0;0.0;79.0;16.69;4.55
249.0;275.05;152.0;16.86;4.07
91.0;26.33;85.0;16.99;3.72
36.0;100.98;28.0;16.3;3.59
0.0;0.0;0.0;15.45;3.17
0.0;0.0;0.0;14.9;2.76
0.0;0.0;0.0;14.33;2.69
0.0;0.0;0.0;13.63;3.03
0.0;0.0;0.0;13.51;2.9
0.0;0.0;0.0;13.38;3.17
0.0;0.0;0.0;13.07;4.34
0.0;0.0;0.0;12.59;5.59
0.0;0.0;0.0;11.8;6.97
0.0;0.0;0.0;10.5;7.24
0.0;0.0;0.0;8.83;6.69
0.0;0.0;0.0;7.98;5.79
0.0;0.0;0.0;7.66;5.38
0.0;0.0;0.0;7.5;5.17
22.0;0.0;22.0;7.43;4.48
270.0;690.74;68.0;7.66;6.14
261.0;174.63;191.0;8.09;6.55
65.0;0.0;65.0;8.53;6.97
152.0;0.0;152.0;9.11;6.76
73.0;0.0;73.0;9.59;6.76
38.0;0.0;38.0;9.95;6.62
202.0;115.27;162.0;10.15;6.69
190.0;580.36;61.0;10.17;6.21
41.0;203.47;26.0;9.69;5.66
0.0;0.0;0.0;8.62;5.17
0.0;0.0;0.0;8.26;4.69
0.0;0.0;0.0;7.9;4.83
0.0;0.0;0.0;8.01;5.52
0.0;0.0;0.0;7.48;5.31
0.0;0.0;0.0;6.97;5.03
0.0;0.0;0.0;6.55;4.62
0.0;0.0;0.0;6.31;4.34
0.0;0.0;0.0;5.9;4.07
0.0;0.0;0.0;5.78;3.86
0.0;0.0;0.0;5.65;3.66
0.0;0.0;0.0;5.37;3.38
0.0;0.0;0.0;5.38;3.24
0.0;0.0;0.0;5.51;3.24
108.0;371.5;52.0;6.16;3.38
202.0;267.79;125.0;7.21;3.59
245.0;141.51;189.0;8.0;4.83
441.0;649.58;137.0;8.92;4.48
457.0;580.74;167.0;9.73;4.14
330.0;184.53;240.0;10.52;3.93
352.0;391.85;182.0;11.01;3.59
318.0;673.68;88.0;11.53;3.17
187.0;586.01;60.0;11.56;2.41
38.0;219.69;23.0;10.84;1.03
0.0;0.0;0.0;10.16;0.48
0.0;0.0;0.0;8.57;1.03
0.0;0.0;0.0;6.78;1.31
0.0;0.0;0.0;5.44;1.59
0.0;0.0;0.0;4.05;1.79
0.0;0.0;0.0;3.06;1.72
0.0;0.0;0.0;2.39;1.72
0.0;0.0;0.0;1.99;1.79
0.0;0.0;0.0;1.64;1.86
0.0;0.0;0.0;1.38;1.86
0.0;0.0;0.0;1.07;1.86
0.0;0.0;0.0;0.84;2.0
0.0;0.0;0.0;1.02;2.07
0.0;0.0;0.0;1.41;2.34
107.0;417.67;46.0;2.67;2.62
178.0;180.45;127.0;6.24;3.45
349.0;583.67;121.0;8.82;3.93
438.0;680.79;123.0;10.11;5.86
418.0;449.46;196.0;10.98;5.52
371.0;319.38;217.0;11.56;5.31
332.0;338.58;187.0;11.66;5.03
194.0;113.15;156.0;11.76;4.9
109.0;89.95;90.0;11.61;3.93
26.0;79.5;21.0;10.81;3.17
0.0;0.0;0.0;9.62;2.9
0.0;0.0;0.0;8.52;2.9
0.0;0.0;0.0;8.01;2.9
0.0;0.0;0.0;7.4;2.69
0.0;0.0;0.0;7.28;2.69
0.0;0.0;0.0;6.81;2.69
0.0;0.0;0.0;6.65;2.55
0.0;0.0;0.0;6.09;2.41
0.0;0.0;0.0;5.3;2.28
0.0;0.0;0.0;4.72;2.14
0.0;0.0;0.0;4.17;2.07
0.0;0.0;0.0;3.7;2.0
0.0;0.0;0.0;3.19;2.0
0.0;0.0;0.0;2.63;1.93
87.0;226.38;55.0;2.63;1.66
228.0;482.51;94.0;5.73;1.38
323.0;472.09;141.0;9.32;1.24
448.0;767.35;97.0;11.92;1.52
477.0;747.18;112.0;13.34;1.93
461.0;727.97;114.0;14.26;2.21
400.0;697.87;105.0;14.85;2.34
300.0;644.83;87.0;15.16;2.21
168.0;510.26;63.0;15.01;1.45
28.0;138.94;20.0;14.01;1.03
0.0;0.0;0.0;11.56;1.38
0.0;0.0;0.0;8.85;1.93
0.0;0.0;0.0;7.01;2.21
0.0;0.0;0.0;5.8;2.21
0.0;0.0;0.0;4.95;2.14
0.0;0.0;0.0;4.24;2.07
0.0;0.0;0.0;3.63;2.0
0.0;0.0;0.0;3.29;1.86
0.0;0.0;0.0;2.92;1.79
0.0;0.0;0.0;2.52;1.79
0.0;0.0;0.0;2.13;1.86
0.0;0.0;0.0;1.93;1.79
0.0;0.0;0.0;1.77;1.72
0.0;0.0;0.0;1.61;1.72
99.0;395.14;45.0;1.86;1.66
239.0;601.15;75.0;5.67;1.52
360.0;704.49;92.0;9.62;1.45
447.0;776.3;96.0;12.91;1.52
483.0;794.86;99.0;15.22;2.21
465.0;764.02;105.0;16.54;2.76
403.0;733.44;97.0;17.21;2.76
301.0;677.24;81.0;17.35;2.41
166.0;538.94;58.0;16.91;1.59
27.0;171.99;18.0;15.53;1.59
0.0;0.0;0.0;12.59;2.07
0.0;0.0;0.0;10.07;2.41
0.0;0.0;0.0;8.47;2.34
0.0;0.0;0.0;7.47;2.28
0.0;0.0;0.0;6.29;2.14
0.0;0.0;0.0;5.28;2.07
0.0;0.0;0.0;4.48;2.0
0.0;0.0;0.0;3.92;2.0
0.0;0.0;0.0;3.72;1.93
0.0;0.0;0.0;3.37;1.93
0.0;0.0;0.0;3.08;1.86
0.0;0.0;0.0;2.8;1.86
0.0;0.0;0.0;2.53;1.79
0.0;0.0;0.0;2.5;1.72
91.0;348.57;45.0;2.94;1.52
226.0;541.24;81.0;5.42;1.45
350.0;690.09;91.0;7.17;1.24
434.0;749.64;99.0;9.82;1.03
465.0;743.11;110.0;12.42;0.9
456.0;764.38;100.0;14.65;0.97
395.0;728.6;95.0;15.82;1.31
116.0;9.39;113.0;16.16;1.86
135.0;297.33;77.0;15.45;1.93
17.0;42.42;15.0;14.76;2.0
0.0;0.0;0.0;13.72;2.0
0.0;0.0;0.0;12.85;1.79
0.0;0.0;0.0;11.59;1.59
0.0;0.0;0.0;10.64;1.38
0.0;0.0;0.0;10.17;1.31
0.0;0.0;0.0;9.95;1.45
0.0;0.0;0.0;9.94;1.93
0.0;0.0;0.0;10.12;2.41
0.0;0.0;0.0;10.14;2.69
0.0;0.0;0.0;10.03;2.97
0.0;0.0;0.0;9.69;3.24
0.0;0.0;0.0;8.94;3.66
0.0;0.0;0.0;8.04;3.93
0.0;0.0;0.0;7.15;4.07
32.0;0.0;32.0;6.61;3.93
20.0;0.0;20.0;6.11;3.72
31.0;0.0;31.0;5.92;3.66
66.0;0.0;66.0;5.76;3.38
104.0;0.0;104.0;5.78;3.1
160.0;4.34;158.0;5.92;3.03
87.0;0.0;87.0;6.12;2.62
115.0;9.55;112.0;6.55;2.0
44.0;0.0;44.0;6.88;1.24
9.0;0.0;9.0;6.96;0.55
0.0;0.0;0.0;6.17;1.45
0.0;0.0;0.0;5.52;1.52
0.0;0.0;0.0;5.01;1.45
0.0;0.0;0.0;4.37;0.97
0.0;0.0;0.0;4.56;0.69
0.0;0.0;0.0;4.8;0.62
0.0;0.0;0.0;4.6;0.83
0.0;0.0;0.0;4.13;1.1
0.0;0.0;0.0;4.48;1.45
0.0;0.0;0.0;4.61;1.79
0.0;0.0;0.0;4.58;2.14
0.0;0.0;0.0;4.6;2.48
0.0;0.0;0.0;4.6;2.76
0.0;0.0;0.0;4.2;2.69
42.0;16.31;40.0;4.26;2.83
72.0;0.0;72.0;4.74;3.59
85.0;0.0;85.0;4.99;3.66
75.0;0.0;75.0;5.4;3.59
77.0;0.0;77.0;6.11;3.59
83.0;0.0;83.0;6.56;3.52
57.0;0.0;57.0;7.09;3.38
55.0;0.0;55.0;7.39;3.17
41.0;0.0;41.0;7.52;2.9
10.0;0.0;10.0;7.3;2.55
0.0;0.0;0.0;6.79;2.48
0.0;0.0;0.0;6.37;2.48
0.0;0.0;0.0;6.01;2.34
0.0;0.0;0.0;5.23;2.21
0.0;0.0;0.0;4.68;2.0
0.0;0.0;0.0;4.24;1.72
0.0;0.0;0.0;3.37;1.38
0.0;0.0;0.0;3.2;1.03
0.0;0.0;0.0;3.79;0.62
0.0;0.0;0.0;3.5;0.55
0.0;0.0;0.0;2.92;0.62
0.0;0.0;0.0;2.47;0.69
0.0;0.0;0.0;2.19;0.83
0.0;0.0;0.0;1.42;0.83
20.0;0.0;20.0;1.01;0.48
112.0;35.54;103.0;3.02;0.69
115.0;2.78;114.0;4.41;0.48
127.0;0.0;127.0;6.15;0.21
160.0;2.17;159.0;7.34;0.48
338.0;286.92;209.0;8.0;0.9
119.0;0.0;119.0;8.24;0.97
143.0;42.83;130.0;8.29;0.9
88.0;72.43;75.0;8.14;0.76
2.0;0.0;2.0;7.86;0.62
0.0;0.0;0.0;7.24;1.03
0.0;0.0;0.0;6.57;1.17
0.0;0.0;0.0;6.22;1.24
0.0;0.0;0.0;6.04;1.31
0.0;0.0;0.0;5.58;1.45
0.0;0.0;0.0;5.64;1.52
0.0;0.0;0.0;5.5;1.79
0.0;0.0;0.0;5.19;1.86
0.0;0.0;0.0;5.07;1.45
0.0;0.0;0.0;4.55;1.17
0.0;0.0;0.0;4.18;0.9
0.0;0.0;0.0;4.35;0.62
0.0;0.0;0.0;3.66;0.9
0.0;0.0;0.0;3.17;1.38
78.0;362.03;37.0;3.19;1.59
210.0;539.55;76.0;4.58;1.79
334.0;692.9;88.0;5.61;1.66
419.0;765.24;93.0;7.01;1.17
450.0;762.4;102.0;8.24;0.55
436.0;754.01;101.0;9.48;0.41
377.0;732.68;91.0;10.47;0.55
272.0;647.0;79.0;11.01;0.62
139.0;481.6;55.0;11.05;0.48
8.0;0.0;8.0;10.24;0.55
0.0;0.0;0.0;7.92;1.31
0.0;0.0;0.0;6.13;1.66
0.0;0.0;0.0;4.99;1.66
0.0;0.0;0.0;3.52;2.07
0.0;0.0;0.0;2.72;2.28
0.0;0.0;0.0;2.37;2.41
0.0;0.0;0.0;2.11;2.41
0.0;0.0;0.0;1.82;2.28
0.0;0.0;0.0;1.32;2.14
0.0;0.0;0.0;0.71;2.0
0.0;0.0;0.0;0.07;1.86
0.0;0.0;0.0;-0.31;1.93
0.0;0.0;0.0;-0.53;1.93
0.0;0.0;0.0;-0.56;2.0
36.0;18.42;34.0;-0.47;1.86
103.0;28.75;96.0;2.39;1.52
157.0;31.43;146.0;6.02;1.59
203.0;40.39;186.0;8.35;1.79
340.0;292.54;208.0;10.25;2.07
395.0;564.88;147.0;11.84;2.14
282.0;277.83;175.0;12.75;2.07
241.0;463.9;105.0;13.25;1.86
124.0;371.83;61.0;12.82;1.38
4.0;0.0;4.0;11.49;1.59
0.0;0.0;0.0;9.08;2.0
0.0;0.0;0.0;7.2;2.14
0.0;0.0;0.0;5.94;2.14
0.0;0.0;0.0;5.23;1.93
0.0;0.0;0.0;4.44;2.0
0.0;0.0;0.0;3.76;2.0
0.0;0.0;0.0;3.1;1.86
0.0;0.0;0.0;2.82;1.72
0.0;0.0;0.0;2.75;1.59
0.0;0.0;0.0;2.16;1.66
0.0;0.0;0.0;1.81;1.66
0.0;0.0;0.0;2.19;1.52
0.0;0.0;0.0;2.19;1.38
0.0;0.0;0.0;2.48;1.17
17.0;0.0;17.0;2.97;0.97
112.0;54.47;99.0;4.81;0.9
161.0;40.58;147.0;6.68;0.9
67.0;0.0;67.0;8.36;1.1
337.0;311.65;198.0;9.2;1.1
228.0;64.54;200.0;10.16;1.1
56.0;0.0;56.0;10.44;1.17
82.0;0.0;82.0;10.57;1.31
24.0;0.0;24.0;10.5;1.31
0.0;0.0;0.0;10.14;1.31
0.0;0.0;0.0;9.56;1.45
0.0;0.0;0.0;9.07;1.45
0.0;0.0;0.0;8.66;1.45
0.0;0.0;0.0;8.59;1.52
0.0;0.0;0.0;8.31;1.52
0.0;0.0;0.0;7.93;1.45
0.0;0.0;0.0;7.56;1.52
0.0;0.0;0.0;7.01;1.59
0.0;0.0;0.0;6.11;1.79
0.0;0.0;0.0;5.31;1.79
0.0;0.0;0.0;4.95;1.72
0.0;0.0;0.0;4.86;1.86
0.0;0.0;0.0;4.95;1.93
0.0;0.0;0.0;5.11;2.0
67.0;362.48;31.0;5.18;2.14
119.0;85.54;99.0;8.46;2.62
154.0;35.29;142.0;11.1;2.41
231.0;97.42;191.0;13.15;2.34
435.0;796.2;84.0;14.13;2.34
390.0;627.56;121.0;14.57;2.83
334.0;605.59;107.0;15.3;2.55
149.0;84.77;125.0;16.05;2.55
16.0;0.0;16.0;15.72;2.83
0.0;0.0;0.0;14.08;2.69
0.0;0.0;0.0;12.32;2.55
0.0;0.0;0.0;10.85;2.34
0.0;0.0;0.0;9.7;2.34
0.0;0.0;0.0;8.76;2.14
0.0;0.0;0.0;8.01;2.28
0.0;0.0;0.0;7.87;2.34
0.0;0.0;0.0;7.93;2.55
0.0;0.0;0.0;8.4;2.69
0.0;0.0;0.0;9.12;2.97
0.0;0.0;0.0;10.2;3.59
0.0;0.0;0.0;11.07;4.0
0.0;0.0;0.0;11.42;4.21
0.0;0.0;0.0;11.37;4.34
0.0;0.0;0.0;11.43;4.28
8.0;0.0;8.0;11.66;4.07
116.0;82.97;97.0;12.87;5.45
251.0;334.3;139.0;14.19;4.55
380.0;695.39;98.0;15.42;4.62
392.0;594.42;133.0;16.83;4.62
225.0;70.83;195.0;18.03;4.48
216.0;116.28;173.0;18.68;4.34
38.0;0.0;38.0;18.61;5.93
69.0;58.09;60.0;17.78;6.41
0.0;0.0;0.0;16.65;5.93
0.0;0.0;0.0;15.74;5.59
0.0;0.0;0.0;15.01;5.03
0.0;0.0;0.0;14.33;4.28
0.0;0.0;0.0;13.56;3.1
0.0;0.0;0.0;12.97;3.52
0.0;0.0;0.0;12.35;4.28
0.0;0.0;0.0;11.41;4.21
0.0;0.0;0.0;10.6;4.07
0.0;0.0;0.0;10.5;3.79
0.0;0.0;0.0;9.67;3.59
0.0;0.0;0.0;9.1;2.9
0.0;0.0;0.0;7.76;1.93
0.0;0.0;0.0;7.64;0.83
0.0;0.0;0.0;7.47;0.55
15.0;0.0;15.0;6.9;0.76
141.0;191.78;98.0;6.8;0.83
286.0;548.35;105.0;9.26;1.17
379.0;699.15;99.0;10.86;1.31
409.0;692.01;111.0;12.47;1.31
135.0;2.39;134.0;13.82;1.93
302.0;449.56;138.0;14.24;1.72
131.0;51.22;117.0;14.49;1.38
92.0;206.34;61.0;14.35;1.03
0.0;0.0;0.0;13.62;1.45
0.0;0.0;0.0;11.62;2.5
0.0;0.0;0.0;10.73;2.43
0.0;0.0;0.0;9.85;2.35
0.0;0.0;0.0;8.96;2.28
0.0;0.0;0.0;8.07;2.21
0.0;0.0;0.0;7.18;2.14
0.0;0.0;0.0;6.29;2.07
0.0;0.0;0.0;5.4;2.0
0.0;0.0;0.0;4.51;1.93
0.0;0.0;0.0;3.62;1.86
0.0;0.0;0.0;2.73;1.79
0.0;0.0;0.0;1.84;1.72
0.0;0.0;0.0;0.95;1.65
0.0;0.0;0.0;0.06;1.58
34.0;46.77;30.0;-0.82;1.51
114.0;86.58;95.0;-1.71;1.43
203.0;156.84;152.0;3.01;1.31
211.0;70.8;183.0;5.32;1.24
265.0;138.63;206.0;7.79;1.17
188.0;29.02;176.0;9.56;1.1
82.0;0.0;82.0;10.66;1.38
60.0;0.0;60.0;11.14;1.52
106.0;398.24;48.0;10.97;1.24
0.0;0.0;0.0;10.65;1.31
0.0;0.0;0.0;9.7;1.31
0.0;0.0;0.0;8.94;1.38
0.0;0.0;0.0;8.3;1.52
0.0;0.0;0.0;8.12;2.21
0.0;0.0;0.0;8.2;2.21
0.0;0.0;0.0;8.1;2.07
0.0;0.0;0.0;8.21;2.0
0.0;0.0;0.0;8.37;1.93
0.0;0.0;0.0;8.35;1.86
0.0;0.0;0.0;8.42;1.86
0.0;0.0;0.0;7.74;1.72
0.0;0.0;0.0;7.0;1.86
0.0;0.0;0.0;7.4;1.86
0.0;0.0;0.0;7.81;1.93
37.0;98.82;29.0;7.95;2.0
161.0;409.87;73.0;8.58;1.66
55.0;0.0;55.0;9.8;1.59
74.0;0.0;74.0;10.98;1.72
128.0;0.0;128.0;11.82;1.59
119.0;0.0;119.0;12.67;1.86
85.0;0.0;85.0;12.71;2.21
66.0;0.0;66.0;12.81;2.48
13.0;0.0;13.0;12.77;2.69
0.0;0.0;0.0;12.62;2.83
0.0;0.0;0.0;12.49;2.9
0.0;0.0;0.0;12.47;2.97
0.0;0.0;0.0;12.58;2.97
0.0;0.0;0.0;12.55;2.76
0.0;0.0;0.0;12.69;2.76
0.0;0.0;0.0;12.89;2.69
0.0;0.0;0.0;13.04;2.83
0.0;0.0;0.0;13.16;2.97
0.0;0.0;0.0;12.97;3.03
0.0;0.0;0.0;12.69;2.97
0.0;0.0;0.0;12.41;2.76
0.0;0.0;0.0;11.87;2.62
0.0;0.0;0.0;11.66;2.55
0.0;0.0;0.0;11.26;2.55
37.0;143.94;26.0;11.12;2.41
164.0;471.46;65.0;13.08;2.34
209.0;218.75;140.0;14.46;2.28
112.0;0.0;112.0;15.73;2.55
74.0;0.0;74.0;16.08;2.55
95.0;0.0;95.0;15.98;2.48
94.0;0.0;94.0;15.62;2.62
62.0;0.0;62.0;15.71;2.55
53.0;36.58;48.0;14.91;2.28
0.0;0.0;0.0;14.53;1.93
0.0;0.0;0.0;14.17;1.59
0.0;0.0;0.0;13.9;1.38
0.0;0.0;0.0;13.55;1.24
0.0;0.0;0.0;12.8;0.55
0.0;0.0;0.0;12.87;0.55
0.0;0.0;0.0;12.62;1.17
0.0;0.0;0.0;12.62;1.59
0.0;0.0;0.0;12.44;1.86
0.0;0.0;0.0;12.27;1.72
0.0;0.0;0.0;12.1;1.72
0.0;0.0;0.0;11.87;1.72
0.0;0.0;0.0;11.77;1.66
0.0;0.0;0.0;11.66;1.66
0.0;0.0;0.0;11.54;1.72
4.0;0.0;4.0;11.46;1.86
52.0;0.0;52.0;11.63;2.14
55.0;0.0;55.0;11.42;2.48
36.0;0.0;36.0;11.0;3.03
35.0;0.0;35.0;10.62;3.72
33.0;0.0;33.0;10.24;3.86
44.0;0.0;44.0;9.88;3.1
43.0;0.0;43.0;9.63;2.48
27.0;0.0;27.0;9.4;2.07
0.0;0.0;0.0;9.2;1.79
0.0;0.0;0.0;9.05;1.45
0.0;0.0;0.0;9.0;1.17
0.0;0.0;0.0;9.0;1.31
0.0;0.0;0.0;8.75;1.52
0.0;0.0;0.0;8.74;1.86
0.0;0.0;0.0;8.66;2.28
0.0;0.0;0.0;8.32;2.41
0.0;0.0;0.0;7.71;2.48
0.0;0.0;0.0;7.12;2.07
0.0;0.0;0.0;6.7;1.45
0.0;0.0;0.0;6.13;1.52
0.0;0.0;0.0;5.78;1.79
0.0;0.0;0.0;5.1;1.86
0.0;0.0;0.0;5.08;1.72
42.0;311.46;21.0;4.74;1.52
170.0;568.18;56.0;5.8;1.24
278.0;640.85;82.0;6.66;1.66
298.0;367.15;160.0;7.65;1.93
180.0;24.63;170.0;8.05;1.72
142.0;5.08;140.0;8.39;1.86
191.0;93.88;159.0;8.72;2.14
229.0;675.5;60.0;8.73;2.41
62.0;85.87;51.0;8.59;2.48
0.0;0.0;0.0;8.13;1.86
0.0;0.0;0.0;7.24;1.93
0.0;0.0;0.0;6.64;2.21
0.0;0.0;0.0;5.63;2.41
0.0;0.0;0.0;6.23;2.28
0.0;0.0;0.0;5.8;2.55
0.0;0.0;0.0;4.98;2.69
0.0;0.0;0.0;4.82;2.76
0.0;0.0;0.0;4.2;2.9
0.0;0.0;0.0;4.34;3.03
0.0;0.0;0.0;3.88;3.03
0.0;0.0;0.0;3.67;3.03
0.0;0.0;0.0;3.75;3.03
0.0;0.0;0.0;4.24;3.17
0.0;0.0;0.0;4.71;3.31
22.0;47.64;19.0;5.17;3.38
122.0;204.06;82.0;5.23;3.24
150.0;63.1;131.0;6.5;3.38
167.0;32.34;155.0;7.58;4.07
296.0;289.16;180.0;8.12;4.21
200.0;61.65;176.0;8.43;4.07
182.0;86.23;153.0;8.53;3.86
146.0;150.53;109.0;8.52;3.66
43.0;16.14;41.0;8.55;3.59
0.0;0.0;0.0;8.31;3.52
0.0;0.0;0.0;8.29;3.31
0.0;0.0;0.0;8.23;2.97
0.0;0.0;0.0;8.22;2.69
0.0;0.0;0.0;7.62;2.34
0.0;0.0;0.0;7.62;2.07
0.0;0.0;0.0;7.59;1.86
0.0;0.0;0.0;7.58;1.79
0.0;0.0;0.0;7.63;1.59
0.0;0.0;0.0;7.64;1.38
0.0;0.0;0.0;7.65;1.17
0.0;0.0;0.0;7.55;0.9
0.0;0.0;0.0;7.35;0.62
0.0;0.0;0.0;7.44;0.41
0.0;0.0;0.0;7.43;0.28
13.0;0.0;13.0;7.08;0.55
83.0;41.79;75.0;7.24;0.83
103.0;6.75;101.0;7.64;0.83
94.0;0.0;94.0;8.51;1.03
187.0;37.84;172.0;9.82;1.1
228.0;119.58;182.0;10.66;0.76
183.0;93.42;152.0;11.35;0.34
201.0;530.01;73.0;11.8;0.41
88.0;433.79;36.0;11.54;0.83
0.0;0.0;0.0;10.45;1.59
0.0;0.0;0.0;8.99;1.86
0.0;0.0;0.0;7.68;1.59
0.0;0.0;0.0;7.16;1.17
0.0;0.0;0.0;6.03;1.24
0.0;0.0;0.0;5.24;1.24
0.0;0.0;0.0;4.85;1.17
0.0;0.0;0.0;4.71;1.1
0.0;0.0;0.0;4.33;1.1
0.0;0.0;0.0;3.35;1.1
0.0;0.0;0.0;3.22;1.03
0.0;0.0;0.0;3.09;0.97
0.0;0.0;0.0;3.31;0.9
0.0;0.0;0.0;3.23;0.76
0.0;0.0;0.0;3.7;1.17
20.0;55.4;17.0;3.89;1.31
117.0;203.34;79.0;4.67;1.24
229.0;394.16;114.0;6.37;1.03
356.0;785.29;72.0;8.76;0.9
396.0;826.99;72.0;10.79;0.9
378.0;799.78;74.0;12.07;0.97
318.0;766.62;67.0;12.78;1.03
216.0;674.26;56.0;12.88;0.9
86.0;440.04;35.0;12.17;0.62
0.0;0.0;0.0;10.35;0.83
0.0;0.0;0.0;8.35;1.17
0.0;0.0;0.0;6.73;1.45
0.0;0.0;0.0;5.5;1.52
0.0;0.0;0.0;4.74;1.59
0.0;0.0;0.0;4.26;1.52
0.0;0.0;0.0;4.3;1.31
0.0;0.0;0.0;4.76;1.1
0.0;0.0;0.0;4.89;0.69
0.0;0.0;0.0;4.48;0.41
0.0;0.0;0.0;3.98;0.07
0.0;0.0;0.0;3.72;0.28
0.0;0.0;0.0;3.31;0.69
0.0;0.0;0.0;2.88;0.69
0.0;0.0;0.0;2.47;0.83
6.0;0.0;6.0;2.11;1.17
60.0;5.48;59.0;3.5;1.45
76.0;0.0;76.0;4.4;1.59
67.0;0.0;67.0;5.29;1.79
101.0;0.0;101.0;6.13;1.93
36.0;0.0;36.0;6.88;2.21
44.0;0.0;44.0;7.1;2.34
48.0;0.0;48.0;7.33;2.41
23.0;0.0;23.0;7.08;2.41
0.0;0.0;0.0;6.57;2.28
0.0;0.0;0.0;6.12;2.28
0.0;0.0;0.0;5.84;2.48
0.0;0.0;0.0;5.63;2.21
0.0;0.0;0.0;5.38;2.48
0.0;0.0;0.0;5.28;2.76
0.0;0.0;0.0;5.22;2.76
0.0;0.0;0.0;5.08;2.69
0.0;0.0;0.0;5.04;2.62
0.0;0.0;0.0;4.95;2.55
0.0;0.0;0.0;4.84;2.69
0.0;0.0;0.0;4.68;2.41
0.0;0.0;0.0;4.62;2.83
0.0;0.0;0.0;4.52;2.69
0.0;0.0;0.0;4.51;2.55
5.0;0.0;5.0;4.38;2.14
50.0;0.0;50.0;4.8;2.07
64.0;0.0;64.0;5.33;2.41
169.0;39.72;155.0;6.16;2.41
110.0;0.0;110.0;6.65;2.41
47.0;0.0;47.0;7.23;2.48
27.0;0.0;27.0;7.41;2.48
31.0;0.0;31.0;7.56;2.41
12.0;0.0;12.0;7.37;2.21
0.0;0.0;0.0;6.89;1.93
0.0;0.0;0.0;6.42;1.93
0.0;0.0;0.0;6.17;1.93
0.0;0.0;0.0;5.9;1.79
0.0;0.0;0.0;5.15;1.86
0.0;0.0;0.0;4.71;1.45
0.0;0.0;0.0;4.38;0.83
0.0;0.0;0.0;4.36;0.34
0.0;0.0;0.0;4.36;0.21
0.0;0.0;0.0;4.44;0.21
0.0;0.0;0.0;4.48;0.34
0.0;0.0;0.0;4.57;0.48
0.0;0.0;0.0;4.57;0.62
0.0;0.0;0.0;4.58;0.62
0.0;0.0;0.0;4.57;0.69
2.0;0.0;2.0;4.5;0.76
42.0;0.0;42.0;4.41;0.62
58.0;0.0;58.0;4.89;0.48
61.0;0.0;61.0;5.51;0.48
59.0;0.0;59.0;5.98;0.48
70.0;0.0;70.0;6.42;0.28
58.0;0.0;58.0;6.89;0.14
60.0;0.0;60.0;7.06;0.0
42.0;38.26;38.0;6.96;0.69
0.0;0.0;0.0;6.48;1.24
0.0;0.0;0.0;5.99;1.45
0.0;0.0;0.0;5.58;1.45
0.0;0.0;0.0;5.16;1.31
0.0;0.0;0.0;4.53;1.03
0.0;0.0;0.0;4.37;0.9
0.0;0.0;0.0;3.83;0.97
0.0;0.0;0.0;3.87;0.83
0.0;0.0;0.0;3.87;0.62
0.0;0.0;0.0;3.85;0.55
0.0;0.0;0.0;3.97;0.62
0.0;0.0;0.0;3.93;0.69
0.0;0.0;0.0;3.77;0.76
0.0;0.0;0.0;3.91;0.76
0.0;0.0;0.0;4.09;0.97
2.0;0.0;2.0;4.15;0.97
36.0;0.0;36.0;4.06;0.97
61.0;0.0;61.0;4.5;0.97
48.0;0.0;48.0;5.36;0.83
64.0;0.0;64.0;6.1;0.83
71.0;0.0;71.0;6.91;1.03
65.0;0.0;65.0;7.16;0.97
50.0;0.0;50.0;7.43;0.83
16.0;0.0;16.0;7.36;0.55
0.0;0.0;0.0;6.8;1.17
0.0;0.0;0.0;6.24;1.45
0.0;0.0;0.0;5.72;1.31
0.0;0.0;0.0;4.98;1.1
0.0;0.0;0.0;4.16;0.9
0.0;0.0;0.0;3.89;0.97
0.0;0.0;0.0;3.42;1.17
0.0;0.0;0.0;3.52;1.17
0.0;0.0;0.0;3.87;1.24
0.0;0.0;0.0;3.59;1.52
0.0;0.0;0.0;3.89;1.59
0.0;0.0;0.0;4.24;1.59
0.0;0.0;0.0;4.05;1.79
0.0;0.0;0.0;4.16;1.79
0.0;0.0;0.0;4.14;1.72
1.0;0.0;1.0;4.01;1.66
50.0;6.07;49.0;5.18;1.66
73.0;0.0;73.0;6.53;1.79
57.0;0.0;57.0;7.58;2.34
164.0;27.06;154.0;8.44;2.97
140.0;11.16;136.0;8.9;2.9
110.0;6.52;108.0;9.08;2.97
94.0;36.76;86.0;9.19;2.9
25.0;0.0;25.0;8.91;1.93
0.0;0.0;0.0;8.5;1.79
0.0;0.0;0.0;8.06;1.72
0.0;0.0;0.0;7.68;1.66
0.0;0.0;0.0;7.21;1.59
0.0;0.0;0.0;6.85;2.21
0.0;0.0;0.0;6.83;2.34
0.0;0.0;0.0;6.65;2.48
0.0;0.0;0.0;6.08;2.48
0.0;0.0;0.0;5.62;2.34
0.0;0.0;0.0;5.33;2.21
0.0;0.0;0.0;5.28;2.07
0.0;0.0;0.0;5.35;2.0
0.0;0.0;0.0;5.2;2.0
0.0;0.0;0.0;4.78;2.0
0.0;0.0;0.0;5.08;2.14
1.0;0.0;1.0;5.03;2.21
71.0;56.07;62.0;5.98;2.48
155.0;135.88;119.0;7.18;2.34
160.0;44.81;145.0;8.13;2.34
183.0;54.75;163.0;9.14;2.55
242.0;220.11;164.0;9.38;2.14
143.0;46.24;129.0;9.49;1.72
140.0;228.98;91.0;9.74;1.66
30.0;21.25;28.0;9.48;1.52
0.0;0.0;0.0;8.83;1.38
0.0;0.0;0.0;7.63;1.45
0.0;0.0;0.0;6.68;1.79
0.0;0.0;0.0;5.65;1.86
0.0;0.0;0.0;5.55;1.93
0.0;0.0;0.0;5.65;2.07
0.0;0.0;0.0;6.04;2.07
0.0;0.0;0.0;5.93;2.07
0.0;0.0;0.0;5.83;2.0
0.0;0.0;0.0;5.47;1.93
0.0;0.0;0.0;5.2;1.86
0.0;0.0;0.0;4.73;1.79
0.0;0.0;0.0;4.12;1.79
0.0;0.0;0.0;3.94;1.72
0.0;0.0;0.0;3.84;1.79
1.0;0.0;1.0;3.91;1.72
98.0;230.35;62.0;4.48;1.52
240.0;690.54;60.0;6.93;1.38
311.0;707.95;77.0;8.94;1.31
348.0;744.89;79.0;10.27;1.1
335.0;736.38;77.0;11.22;0.97
271.0;652.24;76.0;11.85;0.83
183.0;608.21;55.0;12.04;0.48
52.0;220.15;32.0;11.66;0.48
0.0;0.0;0.0;9.82;0.97
0.0;0.0;0.0;8.68;1.03
0.0;0.0;0.0;7.65;1.1
0.0;0.0;0.0;6.02;1.24
0.0;0.0;0.0;5.19;1.17
0.0;0.0;0.0;3.82;1.24
0.0;0.0;0.0;2.88;1.38
0.0;0.0;0.0;2.84;1.24
0.0;0.0;0.0;2.6;1.31
0.0;0.0;0.0;1.94;1.72
0.0;0.0;0.0;2.0;1.45
0.0;0.0;0.0;2.43;1.17
0.0;0.0;0.0;2.4;1.1
0.0;0.0;0.0;2.68;1.24
0.0;0.0;0.0;3.19;1.38
0.0;0.0;0.0;3.34;1.31
104.0;308.97;57.0;3.22;1.1
196.0;374.33;100.0;4.28;1.1
302.0;677.17;81.0;6.09;1.17
321.0;596.55;108.0;7.73;1.31
196.0;98.14;162.0;8.7;1.79
224.0;348.83;121.0;9.51;2.41
99.0;62.8;86.0;9.8;2.34
5.0;0.0;5.0;9.38;1.93
0.0;0.0;0.0;8.83;2.14
0.0;0.0;0.0;8.45;2.41
0.0;0.0;0.0;8.22;2.62
0.0;0.0;0.0;8.07;2.76
0.0;0.0;0.0;7.56;2.83
0.0;0.0;0.0;7.06;2.9
0.0;0.0;0.0;6.53;2.83
0.0;0.0;0.0;6.02;2.76
0.0;0.0;0.0;5.69;2.48
0.0;0.0;0.0;5.22;2.28
0.0;0.0;0.0;4.69;2.28
0.0;0.0;0.0;4.17;2.21
0.0;0.0;0.0;3.95;2.14
0.0;0.0;0.0;3.49;2.07
0.0;0.0;0.0;3.37;2.0
0.0;0.0;0.0;3.46;2.0
118.0;513.47;42.0;3.97;1.93
125.0;63.41;109.0;5.62;2.07
90.0;0.0;90.0;7.12;2.07
184.0;65.15;161.0;8.4;2.07
279.0;420.28;135.0;9.49;2.34
191.0;195.42;134.0;10.02;2.48
90.0;39.28;82.0;10.06;2.34
27.0;11.82;26.0;9.49;1.86
0.0;0.0;0.0;8.23;2.07
0.0;0.0;0.0;7.11;2.14
0.0;0.0;0.0;6.17;2.28
0.0;0.0;0.0;6.11;2.28
0.0;0.0;0.0;6.04;2.34
0.0;0.0;0.0;5.81;2.34
0.0;0.0;0.0;5.25;2.34
0.0;0.0;0.0;4.72;2.28
0.0;0.0;0.0;4.4;2.28
0.0;0.0;0.0;4.15;2.21
0.0;0.0;0.0;4.2;2.21
0.0;0.0;0.0;4.98;2.14
0.0;0.0;0.0;5.63;2.07
0.0;0.0;0.0;6.25;1.93
0.0;0.0;0.0;6.64;1.79
0.0;0.0;0.0;6.85;1.72
83.0;173.65;58.0;7.1;1.79
146.0;145.02;110.0;7.98;1.52
215.0;219.97;145.0;8.97;1.38
259.0;306.46;152.0;9.94;1.31
261.0;357.04;140.0;10.59;1.38
217.0;350.48;116.0;11.05;1.24
143.0;329.27;77.0;11.15;0.9
43.0;171.42;29.0;10.82;1.1
0.0;0.0;0.0;9.57;1.38
0.0;0.0;0.0;7.86;1.45
0.0;0.0;0.0;6.5;1.66
0.0;0.0;0.0;5.32;1.86
0.0;0.0;0.0;4.37;1.93
0.0;0.0;0.0;3.66;2.0
0.0;0.0;0.0;3.34;2.0
0.0;0.0;0.0;3.07;1.93
0.0;0.0;0.0;2.77;1.86
0.0;0.0;0.0;2.77;1.79
0.0;0.0;0.0;2.55;1.86
0.0;0.0;0.0;2.55;1.93
0.0;0.0;0.0;2.84;1.93
0.0;0.0;0.0;2.68;1.86
0.0;0.0;0.0;3.01;1.79
0.0;0.0;0.0;2.96;1.79
86.0;221.45;55.0;3.99;1.66
192.0;425.8;88.0;5.9;1.66
221.0;254.55;141.0;8.04;1.66
276.0;399.62;138.0;9.79;2.41
258.0;351.96;140.0;10.85;2.83
200.0;263.36;125.0;11.33;3.03
159.0;501.73;60.0;11.07;2.9
44.0;215.66;27.0;10.04;3.38
0.0;0.0;0.0;8.55;3.31
0.0;0.0;0.0;7.47;3.31
0.0;0.0;0.0;7.25;3.52
0.0;0.0;0.0;7.23;3.72
0.0;0.0;0.0;6.72;4.55
0.0;0.0;0.0;6.48;4.62
0.0;0.0;0.0;6.32;4.9
0.0;0.0;0.0;6.2;4.76
0.0;0.0;0.0;6.2;4.14
0.0;0.0;0.0;5.98;3.79
0.0;0.0;0.0;6.36;3.86
0.0;0.0;0.0;6.35;4.0
0.0;0.0;0.0;5.98;4.0
0.0;0.0;0.0;5.43;3.93
0.0;0.0;0.0;4.72;3.59
0.0;0.0;0.0;4.02;3.38
103.0;440.96;43.0;3.39;3.72
192.0;428.61;89.0;3.33;3.72
141.0;32.21;131.0;3.76;4.21
258.0;307.38;153.0;4.25;4.41
252.0;319.54;146.0;4.26;4.48
207.0;298.41;123.0;4.16;4.48
104.0;97.79;85.0;4.05;4.14
32.0;65.71;27.0;2.9;3.38
0.0;0.0;0.0;2.32;2.9
0.0;0.0;0.0;1.48;2.62
0.0;0.0;0.0;0.9;2.48
0.0;0.0;0.0;0.63;2.41
0.0;0.0;0.0;0.21;2.62
0.0;0.0;0.0;-0.22;2.41
0.0;0.0;0.0;-0.79;2.07
0.0;0.0;0.0;-1.14;1.93
0.0;0.0;0.0;-1.67;2.07
0.0;0.0;0.0;-2.04;2.34
0.0;0.0;0.0;-2.11;2.55
0.0;0.0;0.0;-1.99;2.55
0.0;0.0;0.0;-1.35;2.21
0.0;0.0;0.0;-1.15;2.21
0.0;0.0;0.0;-0.38;2.55
0.0;0.0;0.0;-0.39;2.28
54.0;37.82;49.0;0.15;2.9
196.0;473.65;84.0;0.55;3.31
270.0;531.58;107.0;1.3;3.1
322.0;680.56;92.0;2.1;2.69
313.0;685.36;88.0;2.7;2.48
257.0;643.19;78.0;2.99;2.0
161.0;532.95;59.0;2.94;1.59
36.0;122.49;27.0;2.57;1.17
0.0;0.0;0.0;1.17;1.1
0.0;0.0;0.0;-0.64;1.38
0.0;0.0;0.0;-1.68;1.52
0.0;0.0;0.0;-2.89;1.72
0.0;0.0;0.0;-3.42;1.79
0.0;0.0;0.0;-3.9;1.93
0.0;0.0;0.0;-3.79;2.14
0.0;0.0;0.0;-2.64;2.41
0.0;0.0;0.0;-1.93;2.9
0.0;0.0;0.0;-1.02;3.17
0.0;0.0;0.0;-0.16;3.31
0.0;0.0;0.0;0.06;3.45
0.0;0.0;0.0;0.05;3.38
0.0;0.0;0.0;0.06;3.45
0.0;0.0;0.0;0.05;3.45
0.0;0.0;0.0;0.11;3.59
79.0;218.01;51.0;0.94;3.86
196.0;528.62;73.0;2.51;3.86
265.0;547.97;99.0;4.06;3.66
268.0;391.73;137.0;5.45;3.79
267.0;430.83;127.0;6.25;3.93
225.0;446.92;102.0;6.44;4.97
93.0;68.93;80.0;6.11;4.9
21.0;14.09;20.0;5.14;4.69
0.0;0.0;0.0;4.03;4.48
0.0;0.0;0.0;3.34;4.48
0.0;0.0;0.0;3.15;4.69
0.0;0.0;0.0;3.44;4.69
0.0;0.0;0.0;4.32;4.62
0.0;0.0;0.0;4.56;4.41
0.0;0.0;0.0;4.38;3.86
0.0;0.0;0.0;4.14;3.31
0.0;0.0;0.0;4.13;2.97
0.0;0.0;0.0;3.9;2.76
0.0;0.0;0.0;3.87;2.69
0.0;0.0;0.0;3.69;2.55
0.0;0.0;0.0;3.57;2.34
0.0;0.0;0.0;3.57;2.34
0.0;0.0;0.0;3.49;2.48
0.0;0.0;0.0;3.45;2.55
56.0;64.14;48.0;3.81;2.97
92.0;21.84;87.0;4.5;2.9
83.0;0.0;83.0;5.11;3.1
104.0;3.02;103.0;5.2;3.17
37.0;0.0;37.0;5.08;4.21
45.0;0.0;45.0;5.13;4.28
72.0;21.52;68.0;5.64;4.21
13.0;0.0;13.0;5.28;4.14
0.0;0.0;0.0;5.07;4.28
0.0;0.0;0.0;4.63;4.21
0.0;0.0;0.0;4.02;4.0
0.0;0.0;0.0;3.78;3.93
0.0;0.0;0.0;3.66;3.86
0.0;0.0;0.0;3.45;3.79
0.0;0.0;0.0;3.45;3.79
0.0;0.0;0.0;3.67;3.66
0.0;0.0;0.0;3.72;3.72
0.0;0.0;0.0;3.45;3.66
0.0;0.0;0.0;3.43;3.59
0.0;0.0;0.0;3.47;3.31
0.0;0.0;0.0;3.29;3.03
0.0;0.0;0.0;2.94;2.9
0.0;0.0;0.0;2.82;2.83
0.0;0.0;0.0;2.71;2.76
57.0;74.33;48.0;3.13;2.55
169.0;350.53;90.0;3.76;2.21
274.0;662.59;78.0;4.88;2.76
316.0;732.59;76.0;5.64;2.83
299.0;681.13;82.0;6.37;2.69
243.0;623.66;75.0;6.74;2.76
150.0;518.21;55.0;6.78;2.55
35.0;181.02;23.0;6.15;2.0
0.0;0.0;0.0;4.76;1.93
0.0;0.0;0.0;3.1;1.79
0.0;0.0;0.0;1.66;1.93
0.0;0.0;0.0;0.38;2.14
0.0;0.0;0.0;-0.32;2.41
0.0;0.0;0.0;-1.03;2.07
0.0;0.0;0.0;-1.65;1.72
0.0;0.0;0.0;-1.69;1.45
0.0;0.0;0.0;-2.04;1.45
0.0;0.0;0.0;-2.4;1.45
0.0;0.0;0.0;-2.49;1.31
0.0;0.0;0.0;-2.22;1.17
0.0;0.0;0.0;-2.09;1.1
0.0;0.0;0.0;-2.22;1.1
0.0;0.0;0.0;-2.1;1.1
0.0;0.0;0.0;-1.88;1.03
80.0;306.32;44.0;-3.24;1.52
185.0;495.86;75.0;-0.47;1.1
278.0;701.14;73.0;1.76;0.97
318.0;749.19;75.0;2.97;0.48
305.0;722.51;77.0;3.77;0.34
244.0;641.35;73.0;4.17;0.34
151.0;536.32;54.0;3.9;0.28
32.0;140.35;23.0;3.03;0.41
0.0;0.0;0.0;1.91;0.21
0.0;0.0;0.0;1.18;0.14
0.0;0.0;0.0;0.72;0.55
0.0;0.0;0.0;-0.2;1.1
0.0;0.0;0.0;-2.83;1.86
0.0;0.0;0.0;-3.05;1.72
0.0;0.0;0.0;-3.26;1.52
0.0;0.0;0.0;-3.17;1.31
0.0;0.0;0.0;-3.57;1.52
0.0;0.0;0.0;-3.64;1.59
0.0;0.0;0.0;-3.57;1.59
0.0;0.0;0.0;-3.53;1.66
0.0;0.0;0.0;-3.45;1.72
0.0;0.0;0.0;-3.19;1.79
0.0;0.0;0.0;-3.13;1.86
0.0;0.0;0.0;-3.08;1.86
51.0;61.38;44.0;-2.64;2.21
128.0;132.79;99.0;-0.57;1.93
260.0;591.6;89.0;1.42;2.07
301.0;656.92;90.0;2.87;2.41
292.0;652.49;88.0;3.8;2.83
245.0;670.5;68.0;4.15;2.69
149.0;537.77;53.0;3.83;1.93
30.0;144.99;21.0;2.66;1.86
0.0;0.0;0.0;0.96;2.14
0.0;0.0;0.0;-0.55;2.41
0.0;0.0;0.0;-1.28;2.55
0.0;0.0;0.0;-1.72;2.48
0.0;0.0;0.0;-2.16;2.48
0.0;0.0;0.0;-2.11;2.48
0.0;0.0;0.0;-2.01;2.55
0.0;0.0;0.0;-1.8;2.55
0.0;0.0;0.0;-1.38;2.48
0.0;0.0;0.0;-1.2;2.48
0.0;0.0;0.0;-0.62;2.41
0.0;0.0;0.0;-0.56;2.28
0.0;0.0;0.0;-0.3;2.28
0.0;0.0;0.0;-0.17;2.34
0.0;0.0;0.0;0.05;2.34
0.0;0.0;0.0;0.21;2.34
31.0;9.04;30.0;0.65;2.34
85.0;23.25;80.0;1.22;2.21
51.0;0.0;51.0;1.89;2.0
33.0;0.0;33.0;2.29;1.93
25.0;0.0;25.0;2.65;2.07
87.0;3.82;86.0;2.47;2.14
48.0;0.0;48.0;2.28;2.07
3.0;0.0;3.0;2.03;2.0
0.0;0.0;0.0;1.79;2.0
0.0;0.0;0.0;1.65;2.07
0.0;0.0;0.0;1.6;2.07
0.0;0.0;0.0;1.5;2.07
0.0;0.0;0.0;1.65;2.28
0.0;0.0;0.0;1.64;2.41
0.0;0.0;0.0;1.61;2.34
0.0;0.0;0.0;1.56;2.21
0.0;0.0;0.0;1.5;2.14
0.0;0.0;0.0;1.4;2.14
0.0;0.0;0.0;1.5;2.07
0.0;0.0;0.0;1.4;2.07
0.0;0.0;0.0;1.38;1.93
0.0;0.0;0.0;1.25;1.86
0.0;0.0;0.0;1.0;1.79
0.0;0.0;0.0;0.84;2.0
47.0;65.23;40.0;0.87;2.07
88.0;28.33;82.0;1.28;2.9
103.0;7.08;101.0;1.83;3.03
188.0;120.56;150.0;2.28;3.1
52.0;0.0;52.0;2.59;3.24
46.0;0.0;46.0;2.76;3.24
28.0;0.0;28.0;2.33;2.76
5.0;0.0;5.0;1.76;2.62
0.0;0.0;0.0;1.15;2.41
0.0;0.0;0.0;0.86;2.21
0.0;0.0;0.0;0.33;2.07
0.0;0.0;0.0;0.51;2.14
0.0;0.0;0.0;0.45;2.07
0.0;0.0;0.0;0.19;2.28
0.0;0.0;0.0;-0.03;2.21
0.0;0.0;0.0;-0.2;2.14
0.0;0.0;0.0;-0.2;2.34
0.0;0.0;0.0;-0.35;2.48
0.0;0.0;0.0;-0.48;2.41
0.0;0.0;0.0;-0.49;2.48
0.0;0.0;0.0;-0.42;2.55
0.0;0.0;0.0;-0.3;2.55
0.0;0.0;0.0;-0.19;2.21
0.0;0.0;0.0;-0.13;1.79
30.0;9.61;29.0;0.44;2.28
73.0;9.59;71.0;0.66;2.76
131.0;39.34;120.0;0.83;2.76
162.0;64.03;142.0;1.11;2.28
116.0;9.85;113.0;1.35;2.07
69.0;0.0;69.0;1.3;2.0
43.0;0.0;43.0;1.19;2.07
4.0;0.0;4.0;0.48;1.66
0.0;0.0;0.0;-0.4;1.86
0.0;0.0;0.0;-1.16;1.79
0.0;0.0;0.0;-1.54;1.66
0.0;0.0;0.0;-2.59;1.52
0.0;0.0;0.0;-2.24;1.38
0.0;0.0;0.0;-1.82;1.1
0.0;0.0;0.0;-2.17;0.83
0.0;0.0;0.0;-2.36;0.76
0.0;0.0;0.0;-2.16;0.83
0.0;0.0;0.0;-2.43;0.97
0.0;0.0;0.0;-2.3;0.9
0.0;0.0;0.0;-2.64;1.17
0.0;0.0;0.0;-3.35;1.45
0.0;0.0;0.0;-3.03;1.38
0.0;0.0;0.0;-2.74;1.59
0.0;0.0;0.0;-2.49;1.72
35.0;19.82;33.0;-2.22;1.31
73.0;9.73;71.0;-1.38;1.93
61.0;0.0;61.0;-0.02;2.28
102.0;3.23;101.0;0.23;2.48
77.0;0.0;77.0;0.38;2.69
65.0;0.0;65.0;0.49;2.69
42.0;0.0;42.0;0.3;2.41
5.0;0.0;5.0;0.14;1.93
0.0;0.0;0.0;-0.83;1.72
0.0;0.0;0.0;-3.95;1.52
0.0;0.0;0.0;-3.62;1.57
0.0;0.0;0.0;-3.28;1.61
0.0;0.0;0.0;-2.95;1.66
0.0;0.0;0.0;-2.61;1.7
0.0;0.0;0.0;-2.28;1.75
0.0;0.0;0.0;-1.94;1.79
0.0;0.0;0.0;-1.61;1.84
0.0;0.0;0.0;-1.27;1.88
0.0;0.0;0.0;-0.94;1.92
0.0;0.0;0.0;-0.6;1.97
0.0;0.0;0.0;-0.27;2.01
0.0;0.0;0.0;0.07;2.06
0.0;0.0;0.0;0.4;2.1
0.0;0.0;0.0;0.74;2.15
63.0;286.11;35.0;1.07;2.19
136.0;241.95;87.0;2.99;2.69
88.0;3.65;87.0;5.28;3.31
155.0;55.37;138.0;6.89;4.41
155.0;63.39;136.0;7.6;4.62
57.0;0.0;57.0;8.01;5.1
93.0;118.67;73.0;8.08;4.83
20.0;55.99;17.0;7.84;4.48
0.0;0.0;0.0;7.2;4.07
0.0;0.0;0.0;6.7;4.07
0.0;0.0;0.0;6.63;3.86
0.0;0.0;0.0;6.09;3.38
0.0;0.0;0.0;5.94;3.31
0.0;0.0;0.0;5.62;3.17
0.0;0.0;0.0;5.89;3.17
0.0;0.0;0.0;5.83;3.59
0.0;0.0;0.0;5.78;3.93
0.0;0.0;0.0;5.68;4.21
0.0;0.0;0.0;5.65;4.28
0.0;0.0;0.0;5.55;4.28
0.0;0.0;0.0;5.42;4.14
0.0;0.0;0.0;5.18;4.14
0.0;0.0;0.0;4.94;4.34
0.0;0.0;0.0;4.66;4.41
58.0;242.38;35.0;4.42;4.41
178.0;656.21;47.0;5.14;4.28
265.0;789.31;51.0;6.19;3.38
278.0;627.26;87.0;7.29;4.0
259.0;531.13;101.0;8.08;4.28
205.0;459.0;90.0;8.49;4.07
142.0;605.16;41.0;8.31;3.31
20.0;57.43;17.0;7.4;2.83
0.0;0.0;0.0;5.77;2.34
0.0;0.0;0.0;3.89;2.21
0.0;0.0;0.0;2.0;2.14
0.0;0.0;0.0;0.43;2.0
0.0;0.0;0.0;1.26;1.59
0.0;0.0;0.0;1.72;1.38
0.0;0.0;0.0;1.43;1.31
0.0;0.0;0.0;1.08;1.31
0.0;0.0;0.0;1.54;1.1
0.0;0.0;0.0;1.28;1.1
0.0;0.0;0.0;1.22;1.03
0.0;0.0;0.0;0.65;1.17
0.0;0.0;0.0;0.23;1.17
0.0;0.0;0.0;1.02;0.76
0.0;0.0;0.0;1.52;0.07
0.0;0.0;0.0;1.71;0.21
35.0;32.61;32.0;1.42;0.9
56.0;0.0;56.0;2.43;0.62
154.0;111.73;124.0;3.6;0.83
71.0;0.0;71.0;4.03;1.38
47.0;0.0;47.0;4.69;1.79
46.0;0.0;46.0;5.03;1.31
26.0;0.0;26.0;5.19;0.97
20.0;78.42;16.0;5.12;0.48
0.0;0.0;0.0;4.05;0.97
0.0;0.0;0.0;2.09;1.45
0.0;0.0;0.0;0.6;1.79
0.0;0.0;0.0;-0.22;1.79
0.0;0.0;0.0;-0.18;1.59
0.0;0.0;0.0;-0.29;1.38
0.0;0.0;0.0;-0.71;1.45
0.0;0.0;0.0;-1.3;1.72
0.0;0.0;0.0;-1.13;1.72
0.0;0.0;0.0;-0.81;1.93
0.0;0.0;0.0;-0.04;1.93
0.0;0.0;0.0;-0.46;2.0
0.0;0.0;0.0;-1.16;2.14
0.0;0.0;0.0;-1.34;2.14
0.0;0.0;0.0;-1.15;1.93
0.0;0.0;0.0;-1.05;1.72
50.0;190.54;33.0;-0.99;1.59
130.0;236.93;84.0;0.82;0.97
221.0;469.96;96.0;2.92;0.9
266.0;567.01;96.0;4.1;1.17
280.0;729.51;66.0;4.72;1.66
153.0;161.93;113.0;5.22;2.21
72.0;42.69;65.0;5.07;2.14
16.0;40.08;14.0;3.88;2.41
0.0;0.0;0.0;2.83;2.48
0.0;0.0;0.0;2.26;2.07
0.0;0.0;0.0;2.0;1.66
0.0;0.0;0.0;1.91;1.59
0.0;0.0;0.0;2.44;1.66
0.0;0.0;0.0;2.54;1.38
0.0;0.0;0.0;3.36;0.69
0.0;0.0;0.0;3.6;0.14
0.0;0.0;0.0;3.34;0.34
0.0;0.0;0.0;2.8;0.83
0.0;0.0;0.0;2.92;0.76
0.0;0.0;0.0;2.99;0.76
0.0;0.0;0.0;2.82;1.1
0.0;0.0;0.0;2.99;1.17
0.0;0.0;0.0;3.23;0.97
0.0;0.0;0.0;3.16;1.17
59.0;404.51;24.0;4.03;1.86
116.0;167.04;84.0;4.97;2.21
239.0;656.35;66.0;5.98;2.69
266.0;604.74;86.0;6.46;3.03
261.0;610.71;83.0;6.73;3.45
212.0;570.41;72.0;6.98;3.38
116.0;344.17;60.0;7.23;3.1
28.0;306.61;13.0;6.68;2.62
0.0;0.0;0.0;5.77;1.93
0.0;0.0;0.0;4.68;1.45
0.0;0.0;0.0;3.41;1.86
0.0;0.0;0.0;2.6;2.21
0.0;0.0;0.0;3.44;1.66
0.0;0.0;0.0;3.36;1.79
0.0;0.0;0.0;3.6;1.93
0.0;0.0;0.0;3.75;1.72
0.0;0.0;0.0;3.93;1.45
0.0;0.0;0.0;4.47;1.1
0.0;0.0;0.0;5.47;0.69
0.0;0.0;0.0;4.88;1.03
0.0;0.0;0.0;3.88;1.59
0.0;0.0;0.0;4.32;2.0
0.0;0.0;0.0;4.82;2.28
0.0;0.0;0.0;5.19;2.21
49.0;226.39;30.0;5.0;2.76
168.0;661.08;43.0;5.59;3.03
242.0;696.56;60.0;6.07;2.83
292.0;808.52;53.0;7.0;3.38
215.0;310.67;125.0;7.73;3.72
197.0;446.76;88.0;7.97;3.93
103.0;229.01;66.0;7.69;3.52
26.0;270.5;13.0;6.67;2.97
0.0;0.0;0.0;5.21;2.69
0.0;0.0;0.0;4.11;2.76
0.0;0.0;0.0;3.38;2.97
0.0;0.0;0.0;2.85;3.03
0.0;0.0;0.0;2.2;2.62
0.0;0.0;0.0;1.65;2.55
0.0;0.0;0.0;1.23;2.55
0.0;0.0;0.0;1.02;2.55
0.0;0.0;0.0;0.67;2.55
0.0;0.0;0.0;0.43;2.48
0.0;0.0;0.0;0.06;2.48
0.0;0.0;0.0;-0.2;2.48
0.0;0.0;0.0;-0.09;2.48
0.0;0.0;0.0;0.52;2.34
0.0;0.0;0.0;1.37;2.41
0.0;0.0;0.0;1.86;2.55
25.0;12.28;24.0;2.03;2.48
64.0;5.36;63.0;2.4;2.76
30.0;0.0;30.0;2.88;3.1
61.0;0.0;61.0;3.34;3.31
57.0;0.0;57.0;3.74;3.03
36.0;0.0;36.0;3.44;3.17
65.0;31.15;60.0;3.24;3.66
18.0;84.54;14.0;2.94;3.24
0.0;0.0;0.0;2.63;3.03
0.0;0.0;0.0;2.38;3.03
0.0;0.0;0.0;2.19;3.1
0.0;0.0;0.0;2.1;3.24
0.0;0.0;0.0;1.8;3.17
0.0;0.0;0.0;1.79;4.14
0.0;0.0;0.0;1.86;3.93
0.0;0.0;0.0;1.73;4.07
0.0;0.0;0.0;1.31;4.07
0.0;0.0;0.0;0.99;3.93
0.0;0.0;0.0;0.89;4.0
0.0;0.0;0.0;0.88;3.93
0.0;0.0;0.0;0.87;3.86
0.0;0.0;0.0;0.75;3.86
0.0;0.0;0.0;0.73;3.72
0.0;0.0;0.0;0.78;3.72
34.0;63.27;29.0;0.97;3.38
55.0;0.0;55.0;1.18;4.14
55.0;0.0;55.0;1.47;4.55
49.0;0.0;49.0;1.78;4.34
155.0;76.78;133.0;1.91;4.21
163.0;223.66;109.0;1.91;4.14
77.0;68.91;66.0;2.0;3.72
13.0;21.42;12.0;1.59;2.83
0.0;0.0;0.0;1.21;2.41
0.0;0.0;0.0;0.89;2.07
0.0;0.0;0.0;0.67;2.07
0.0;0.0;0.0;0.8;2.28
0.0;0.0;0.0;1.41;2.28
0.0;0.0;0.0;1.66;2.34
0.0;0.0;0.0;1.78;2.28
0.0;0.0;0.0;1.92;2.34
0.0;0.0;0.0;1.99;2.55
0.0;0.0;0.0;1.96;2.83
0.0;0.0;0.0;1.93;2.9
0.0;0.0;0.0;1.78;2.83
0.0;0.0;0.0;1.46;2.69
0.0;0.0;0.0;1.36;2.62
0.0;0.0;0.0;1.07;2.41
0.0;0.0;0.0;0.73;2.21
33.0;78.2;27.0;0.44;2.07
155.0;565.05;52.0;0.77;2.0
243.0;737.02;55.0;2.34;2.14
276.0;713.39;69.0;3.27;2.48
276.0;754.01;61.0;4.09;2.62
193.0;424.38;91.0;4.84;2.55
140.0;654.7;36.0;4.9;2.0
19.0;86.6;15.0;4.11;1.79
0.0;0.0;0.0;2.18;1.66
0.0;0.0;0.0;-0.06;1.79
0.0;0.0;0.0;-1.62;1.79
0.0;0.0;0.0;-2.41;1.72
0.0;0.0;0.0;-2.68;1.59
0.0;0.0;0.0;-2.39;1.38
0.0;0.0;0.0;-1.88;1.1
0.0;0.0;0.0;-1.85;0.97
0.0;0.0;0.0;-1.88;0.76
0.0;0.0;0.0;-2.03;0.69
0.0;0.0;0.0;-2.27;0.76
0.0;0.0;0.0;-2.39;0.83
0.0;0.0;0.0;-2.31;0.83
0.0;0.0;0.0;-2.14;0.76
0.0;0.0;0.0;-1.98;0.76
0.0;0.0;0.0;-1.71;0.76
15.0;0.0;15.0;-1.34;1.03
110.0;177.55;78.0;-0.95;1.17
195.0;363.28;103.0;1.25;1.03
275.0;727.66;65.0;2.71;0.97
227.0;398.07;114.0;3.63;0.9
187.0;388.48;94.0;4.23;0.97
109.0;297.1;62.0;3.91;1.17
17.0;65.49;14.0;2.73;1.79
0.0;0.0;0.0;1.25;1.86
0.0;0.0;0.0;0.06;1.79
0.0;0.0;0.0;-0.49;1.79
0.0;0.0;0.0;-0.31;1.79
0.0;0.0;0.0;-0.99;2.0
0.0;0.0;0.0;-1.12;2.07
0.0;0.0;0.0;-0.58;2.07
0.0;0.0;0.0;0.33;2.28
0.0;0.0;0.0;0.61;2.48
0.0;0.0;0.0;0.57;2.28
0.0;0.0;0.0;0.22;1.93
0.0;0.0;0.0;-0.34;1.72
0.0;0.0;0.0;-1.18;1.93
0.0;0.0;0.0;-1.3;1.79
0.0;0.0;0.0;-1.09;1.86
0.0;0.0;0.0;-0.82;1.93
24.0;27.61;22.0;-0.61;2.41
144.0;510.38;53.0;0.77;1.79
201.0;433.34;92.0;3.22;1.31
279.0;787.05;53.0;4.81;1.66
253.0;618.98;78.0;6.16;1.45
216.0;674.88;55.0;6.45;1.59
100.0;234.67;63.0;6.08;1.72
16.0;43.91;14.0;4.44;1.72
0.0;0.0;0.0;2.63;2.07
0.0;0.0;0.0;1.55;2.28
0.0;0.0;0.0;0.42;2.21
0.0;0.0;0.0;-0.3;1.93
0.0;0.0;0.0;-0.25;2.0
0.0;0.0;0.0;-0.42;2.0
0.0;0.0;0.0;-0.74;2.0
0.0;0.0;0.0;-0.99;1.93
0.0;0.0;0.0;-1.1;1.93
0.0;0.0;0.0;-1.31;1.93
0.0;0.0;0.0;-1.53;2.0
0.0;0.0;0.0;-1.65;2.14
0.0;0.0;0.0;-1.77;2.14
0.0;0.0;0.0;-1.78;1.93
0.0;0.0;0.0;-1.39;1.79
0.0;0.0;0.0;-0.49;1.59
22.0;14.19;21.0;1.12;0.76
72.0;28.33;67.0;1.61;0.62
76.0;0.0;76.0;2.36;0.76
121.0;24.49;114.0;3.83;0.76
105.0;10.65;102.0;4.69;0.55
126.0;84.09;106.0;5.12;0.0
60.0;25.44;56.0;5.12;0.48
5.0;0.0;5.0;4.94;0.41
0.0;0.0;0.0;4.43;0.48
0.0;0.0;0.0;3.96;0.76
0.0;0.0;0.0;3.5;0.83
0.0;0.0;0.0;3.1;0.69
0.0;0.0;0.0;2.37;0.83
0.0;0.0;0.0;1.32;1.03
0.0;0.0;0.0;0.76;1.1
0.0;0.0;0.0;0.0;1.24
0.0;0.0;0.0;-0.49;1.31
0.0;0.0;0.0;-1.08;1.38
0.0;0.0;0.0;-1.87;1.45
0.0;0.0;0.0;-2.14;1.45
0.0;0.0;0.0;-2.77;1.66
0.0;0.0;0.0;-3.03;2.07
0.0;0.0;0.0;-3.07;2.34
0.0;0.0;0.0;-2.92;2.48
18.0;0.0;18.0;-2.47;2.76
123.0;297.54;71.0;-0.91;2.48
155.0;160.99;115.0;1.44;2.69
270.0;723.75;64.0;3.43;2.97
139.0;53.42;124.0;4.87;3.24
130.0;96.93;107.0;5.54;3.38
113.0;344.0;59.0;5.44;3.38
25.0;286.38;12.0;4.31;3.38
0.0;0.0;0.0;2.65;3.38
0.0;0.0;0.0;1.6;3.38
0.0;0.0;0.0;0.88;3.17
0.0;0.0;0.0;0.34;3.03
0.0;0.0;0.0;-0.03;3.17
0.0;0.0;0.0;-0.1;3.03
0.0;0.0;0.0;-0.27;2.9
0.0;0.0;0.0;-0.5;2.83
0.0;0.0;0.0;-0.71;2.76
0.0;0.0;0.0;-0.74;2.9
0.0;0.0;0.0;-0.63;2.97
0.0;0.0;0.0;-0.49;3.03
0.0;0.0;0.0;-0.29;3.03
0.0;0.0;0.0;-0.03;3.03
0.0;0.0;0.0;0.0;2.97
0.0;0.0;0.0;-0.25;2.9
35.0;179.61;23.0;-0.05;3.17
145.0;577.45;45.0;0.63;3.17
228.0;696.07;56.0;2.29;3.03
270.0;744.12;59.0;3.95;3.52
265.0;732.02;60.0;5.06;3.79
217.0;692.5;53.0;5.38;3.72
88.0;140.29;66.0;5.17;3.86
20.0;153.86;13.0;4.13;3.93
0.0;0.0;0.0;3.02;4.14
0.0;0.0;0.0;2.37;4.07
0.0;0.0;0.0;1.82;3.72
0.0;0.0;0.0;1.38;3.31
0.0;0.0;0.0;1.02;3.31
0.0;0.0;0.0;0.86;3.1
0.0;0.0;0.0;0.69;2.9
0.0;0.0;0.0;0.46;2.69
0.0;0.0;0.0;0.09;2.55
0.0;0.0;0.0;-0.21;2.48
0.0;0.0;0.0;-0.4;2.34
0.0;0.0;0.0;-0.9;2.07
0.0;0.0;0.0;-1.37;1.93
0.0;0.0;0.0;-1.72;1.93
0.0;0.0;0.0;-2.06;1.93
0.0;0.0;0.0;-2.31;2.0
10.0;0.0;10.0;-0.53;2.76
76.0;46.59;68.0;1.54;2.62
175.0;288.77;104.0;3.75;2.48
252.0;605.08;81.0;5.49;2.76
271.0;780.21;53.0;6.64;2.9
111.0;46.51;100.0;7.3;2.9
93.0;172.21;66.0;7.15;2.9
22.0;174.98;14.0;5.97;3.03
0.0;0.0;0.0;4.37;3.1
0.0;0.0;0.0;3.25;2.97
0.0;0.0;0.0;2.39;2.76
0.0;0.0;0.0;1.7;2.48
0.0;0.0;0.0;0.73;2.07
0.0;0.0;0.0;0.34;1.59
0.0;0.0;0.0;-0.05;1.38
0.0;0.0;0.0;-0.43;1.24
0.0;0.0;0.0;-0.83;1.24
0.0;0.0;0.0;-1.02;1.24
0.0;0.0;0.0;-1.09;1.24
0.0;0.0;0.0;-0.96;1.17
0.0;0.0;0.0;-0.76;1.17
0.0;0.0;0.0;-0.23;1.03
0.0;0.0;0.0;0.06;1.03
0.0;0.0;0.0;0.12;1.17
23.0;47.17;20.0;0.77;1.17
92.0;117.41;72.0;1.85;1.1
131.0;89.88;109.0;3.62;0.97
137.0;49.68;123.0;5.1;0.9
217.0;387.23;109.0;6.5;1.03
107.0;42.32;97.0;7.5;1.24
72.0;57.37;63.0;7.65;1.31
11.0;0.0;11.0;6.28;1.72
0.0;0.0;0.0;4.33;1.79
0.0;0.0;0.0;3.28;1.72
0.0;0.0;0.0;2.83;1.59
0.0;0.0;0.0;2.27;1.72
0.0;0.0;0.0;1.14;1.72
0.0;0.0;0.0;0.78;1.72
0.0;0.0;0.0;0.32;1.72
0.0;0.0;0.0;0.53;1.59
0.0;0.0;0.0;0.31;1.52
0.0;0.0;0.0;0.32;1.52
0.0;0.0;0.0;0.16;1.45
0.0;0.0;0.0;0.26;1.38
0.0;0.0;0.0;0.16;1.31
0.0;0.0;0.0;0.49;1.24
0.0;0.0;0.0;0.63;1.17
0.0;0.0;0.0;0.52;1.31
10.0;0.0;10.0;1.34;1.45
45.0;0.0;45.0;2.34;1.38
43.0;0.0;43.0;4.25;1.52
142.0;64.04;124.0;5.73;1.52
118.0;25.13;111.0;6.84;1.45
148.0;182.03;105.0;7.37;1.24
77.0;82.75;64.0;6.57;1.66
22.0;171.96;14.0;6.03;1.86
0.0;0.0;0.0;5.08;2.07
0.0;0.0;0.0;4.33;2.0
0.0;0.0;0.0;3.62;1.79
0.0;0.0;0.0;2.98;1.72
0.0;0.0;0.0;3.95;1.24
0.0;0.0;0.0;3.51;1.17
0.0;0.0;0.0;4.19;0.76
0.0;0.0;0.0;3.93;0.69
0.0;0.0;0.0;3.57;0.83
0.0;0.0;0.0;3.5;0.69
0.0;0.0;0.0;3.72;0.48
0.0;0.0;0.0;3.62;0.69
0.0;0.0;0.0;3.55;0.83
0.0;0.0;0.0;3.5;1.03
0.0;0.0;0.0;3.6;1.03
0.0;0.0;0.0;3.76;0.97
10.0;0.0;10.0;4.14;0.69
27.0;0.0;27.0;3.83;0.9
57.0;0.0;57.0;4.24;0.83
54.0;0.0;54.0;4.66;0.62
65.0;0.0;65.0;5.12;0.9
59.0;0.0;59.0;5.02;0.9
50.0;6.35;49.0;5.06;0.9
18.0;84.92;14.0;4.89;0.97
0.0;0.0;0.0;4.54;1.03
0.0;0.0;0.0;4.24;1.03
0.0;0.0;0.0;4.01;1.03
0.0;0.0;0.0;3.81;0.9
0.0;0.0;0.0;3.61;1.17
0.0;0.0;0.0;3.53;1.45
0.0;0.0;0.0;3.45;1.59
0.0;0.0;0.0;3.33;1.66
0.0;0.0;0.0;3.21;1.72
0.0;0.0;0.0;3.07;1.66
0.0;0.0;0.0;2.91;1.93
0.0;0.0;0.0;2.66;2.14
0.0;0.0;0.0;2.19;2.41
0.0;0.0;0.0;1.71;2.41
0.0;0.0;0.0;1.35;2.48
0.0;0.0;0.0;1.12;2.55
18.0;16.77;17.0;1.02;2.48
33.0;0.0;33.0;1.04;2.69
41.0;0.0;41.0;1.08;2.9
69.0;0.0;69.0;1.16;3.31
58.0;0.0;58.0;1.14;3.66
52.0;0.0;52.0;1.1;3.45
61.0;25.33;57.0;1.01;3.59
4.0;0.0;4.0;0.93;3.52
0.0;0.0;0.0;0.81;3.38
0.0;0.0;0.0;0.66;3.1
0.0;0.0;0.0;0.6;3.03
0.0;0.0;0.0;0.59;2.97
0.0;0.0;0.0;0.61;3.03
0.0;0.0;0.0;0.63;3.03
0.0;0.0;0.0;0.65;3.1
0.0;0.0;0.0;0.66;3.17
0.0;0.0;0.0;0.68;3.24
0.0;0.0;0.0;0.71;3.24
0.0;0.0;0.0;0.83;3.31
0.0;0.0;0.0;1.0;3.72
0.0;0.0;0.0;1.25;4.34
0.0;0.0;0.0;1.32;4.55
0.0;0.0;0.0;1.22;4.55
0.0;0.0;0.0;1.0;4.48
15.0;0.0;15.0;1.19;3.79
77.0;54.18;68.0;1.18;4.07
90.0;12.42;87.0;1.25;3.86
107.0;10.72;104.0;1.34;3.52
161.0;111.45;130.0;1.64;3.72
80.0;4.22;79.0;1.94;3.66
58.0;18.93;55.0;1.82;3.79
22.0;164.54;14.0;1.54;3.79
0.0;0.0;0.0;1.36;3.79
0.0;0.0;0.0;1.28;4.07
0.0;0.0;0.0;1.33;4.34
0.0;0.0;0.0;1.33;4.34
0.0;0.0;0.0;1.67;4.69
0.0;0.0;0.0;2.04;4.55
0.0;0.0;0.0;2.19;4.48
0.0;0.0;0.0;2.29;4.62
0.0;0.0;0.0;2.06;4.76
0.0;0.0;0.0;1.8;4.97
0.0;0.0;0.0;2.03;5.31
0.0;0.0;0.0;2.15;5.66
0.0;0.0;0.0;2.24;5.72
0.0;0.0;0.0;2.26;5.45
0.0;0.0;0.0;2.07;5.45
0.0;0.0;0.0;1.78;5.72
20.0;34.75;18.0;2.22;5.93
86.0;90.72;71.0;2.74;6.0
73.0;0.0;73.0;3.17;6.62
65.0;0.0;65.0;3.23;6.0
87.0;0.0;87.0;3.42;6.41
66.0;0.0;66.0;3.36;6.48
30.0;0.0;30.0;3.35;6.28
4.0;0.0;4.0;3.08;5.72
0.0;0.0;0.0;2.92;5.45
0.0;0.0;0.0;2.59;5.24
0.0;0.0;0.0;2.33;5.1
0.0;0.0;0.0;2.1;4.9
0.0;0.0;0.0;1.84;4.14
0.0;0.0;0.0;1.56;3.59
0.0;0.0;0.0;1.31;3.52
0.0;0.0;0.0;1.33;3.66
0.0;0.0;0.0;1.25;3.66
0.0;0.0;0.0;1.35;3.52
0.0;0.0;0.0;1.39;3.59
0.0;0.0;0.0;1.48;3.66
0.0;0.0;0.0;1.71;3.79
0.0;0.0;0.0;2.27;4.28
0.0;0.0;0.0;2.87;4.76
0.0;0.0;0.0;3.48;5.24
15.0;17.64;14.0;3.84;5.45
70.0;36.43;64.0;4.29;5.72
97.0;20.77;92.0;4.71;5.72
127.0;35.77;117.0;5.07;5.86
155.0;96.93;128.0;5.48;6.28
50.0;0.0;50.0;5.86;6.62
17.0;0.0;17.0;6.23;7.24
5.0;0.0;5.0;6.2;7.17
0.0;0.0;0.0;5.27;6.62
0.0;0.0;0.0;4.79;6.21
0.0;0.0;0.0;4.41;6.0
0.0;0.0;0.0;4.05;6.41
0.0;0.0;0.0;3.96;6.28
0.0;0.0;0.0;3.98;6.55
0.0;0.0;0.0;3.98;6.69
0.0;0.0;0.0;3.96;6.9
0.0;0.0;0.0;3.93;7.1
0.0;0.0;0.0;3.72;7.52
0.0;0.0;0.0;3.44;7.31
0.0;0.0;0.0;3.08;7.31
0.0;0.0;0.0;2.84;7.79
0.0;0.0;0.0;2.48;7.52
0.0;0.0;0.0;1.87;6.9
0.0;0.0;0.0;1.56;6.62
19.0;35.75;17.0;1.17;6.55
86.0;91.35;71.0;1.2;6.07
114.0;45.74;103.0;1.55;5.93
99.0;3.58;98.0;2.09;6.21
133.0;43.02;121.0;2.21;6.55
56.0;0.0;56.0;2.24;6.07
138.0;602.49;41.0;1.42;6.48
21.0;96.58;16.0;1.41;6.21
0.0;0.0;0.0;0.56;5.38
0.0;0.0;0.0;0.05;5.24
0.0;0.0;0.0;-0.23;5.17
0.0;0.0;0.0;-0.51;5.1
0.0;0.0;0.0;-0.48;5.38
0.0;0.0;0.0;-0.54;5.03
0.0;0.0;0.0;-1.04;4.62
0.0;0.0;0.0;-1.36;4.55
0.0;0.0;0.0;-1.72;4.41
0.0;0.0;0.0;-1.96;4.28
0.0;0.0;0.0;-2.44;3.93
0.0;0.0;0.0;-2.55;3.93
0.0;0.0;0.0;-2.99;3.93
0.0;0.0;0.0;-3.27;3.86
0.0;0.0;0.0;-3.34;3.66
0.0;0.0;0.0;-3.19;3.72
19.0;36.16;17.0;-2.58;4.07
138.0;573.85;44.0;-2.17;4.41
156.0;187.2;111.0;-1.62;4.07
234.0;457.41;106.0;-1.02;3.86
141.0;57.25;125.0;-0.32;3.86
79.0;4.18;78.0;0.09;3.72
88.0;117.23;69.0;0.22;3.38
25.0;169.64;16.0;0.0;2.62
0.0;0.0;0.0;-0.31;2.14
0.0;0.0;0.0;-0.52;1.59
0.0;0.0;0.0;-0.72;0.97
0.0;0.0;0.0;-0.58;0.34
0.0;0.0;0.0;-0.92;0.97
0.0;0.0;0.0;-0.86;1.38
0.0;0.0;0.0;-0.92;1.79
0.0;0.0;0.0;-1.21;2.21
0.0;0.0;0.0;-1.43;2.48
0.0;0.0;0.0;-2.01;2.76
0.0;0.0;0.0;-2.45;2.76
0.0;0.0;0.0;-2.94;2.41
0.0;0.0;0.0;-2.78;2.28
0.0;0.0;0.0;-2.68;2.34
0.0;0.0;0.0;-2.52;3.03
0.0;0.0;0.0;-2.8;2.83
18.0;36.5;16.0;-2.61;3.24
72.0;42.8;65.0;-2.33;3.45
78.0;4.16;77.0;-1.61;4.14
72.0;0.0;72.0;-0.86;4.69
125.0;28.56;117.0;-0.58;4.28
58.0;0.0;58.0;-0.47;4.48
90.0;122.49;70.0;-0.54;4.21
6.0;0.0;6.0;-0.79;3.86
0.0;0.0;0.0;-1.13;3.66
0.0;0.0;0.0;-1.31;3.38
0.0;0.0;0.0;-1.59;3.45
0.0;0.0;0.0;-1.8;3.31
0.0;0.0;0.0;-1.82;3.38
0.0;0.0;0.0;-1.78;3.31
0.0;0.0;0.0;-1.74;3.59
0.0;0.0;0.0;-1.97;3.52
0.0;0.0;0.0;-2.03;3.52
0.0;0.0;0.0;-2.19;3.52
0.0;0.0;0.0;-2.34;3.31
0.0;0.0;0.0;-2.36;3.38
0.0;0.0;0.0;-2.54;3.24
0.0;0.0;0.0;-2.52;3.66
0.0;0.0;0.0;-2.49;3.52
0.0;0.0;0.0;-2.5;3.45
13.0;0.0;13.0;-2.42;3.59
74.0;48.96;66.0;-2.2;3.79
77.0;4.16;76.0;-1.89;3.59
64.0;0.0;64.0;-1.67;3.31
50.0;0.0;50.0;-1.6;3.03
44.0;0.0;44.0;-1.52;2.83
37.0;0.0;37.0;-1.49;2.69
7.0;0.0;7.0;-1.56;2.76
0.0;0.0;0.0;-1.7;2.76
0.0;0.0;0.0;-1.96;2.62
0.0;0.0;0.0;-2.03;2.76
0.0;0.0;0.0;-2.18;2.76
0.0;0.0;0.0;-2.14;2.9
0.0;0.0;0.0;-2.22;2.97
0.0;0.0;0.0;-2.39;2.69
0.0;0.0;0.0;-2.46;2.83
0.0;0.0;0.0;-2.63;2.69
0.0;0.0;0.0;-2.74;2.69
0.0;0.0;0.0;-3.03;2.48
0.0;0.0;0.0;-3.25;2.21
0.0;0.0;0.0;-3.36;2.28
0.0;0.0;0.0;-3.45;2.48
0.0;0.0;0.0;-3.55;2.55
0.0;0.0;0.0;-3.7;2.41
14.0;0.0;14.0;-3.63;2.48
72.0;42.84;65.0;-3.57;2.55
118.0;49.82;106.0;-3.42;2.41
53.0;0.0;53.0;-3.21;2.21
46.0;0.0;46.0;-3.01;2.07
32.0;0.0;32.0;-2.99;1.93
25.0;0.0;25.0;-2.99;2.07
7.0;0.0;7.0;-3.11;2.07
0.0;0.0;0.0;-3.36;2.07
0.0;0.0;0.0;-3.49;2.14
0.0;0.0;0.0;-3.66;1.86
0.0;0.0;0.0;-3.75;1.79
0.0;0.0;0.0;-4.09;2.28
0.0;0.0;0.0;-4.43;1.86
0.0;0.0;0.0;-4.8;1.72
0.0;0.0;0.0;-4.53;1.86
0.0;0.0;0.0;-4.71;1.79
0.0;0.0;0.0;-4.69;1.93
0.0;0.0;0.0;-4.84;1.93
0.0;0.0;0.0;-4.93;2.0
0.0;0.0;0.0;-5.16;2.0
0.0;0.0;0.0;-5.3;2.0
0.0;0.0;0.0;-5.38;2.0
0.0;0.0;0.0;-5.41;2.0
11.0;0.0;11.0;-5.63;2.07
66.0;24.47;62.0;-5.51;2.07
75.0;0.0;75.0;-5.04;2.07
59.0;0.0;59.0;-4.69;2.07
55.0;0.0;55.0;-4.32;1.86
45.0;0.0;45.0;-4.14;1.79
32.0;0.0;32.0;-4.11;1.93
7.0;0.0;7.0;-4.39;2.07
0.0;0.0;0.0;-4.94;1.86
0.0;0.0;0.0;-5.13;1.93
0.0;0.0;0.0;-5.41;1.79
0.0;0.0;0.0;-5.58;1.66
0.0;0.0;0.0;-5.84;1.66
0.0;0.0;0.0;-5.97;1.38
0.0;0.0;0.0;-6.15;1.45
0.0;0.0;0.0;-6.48;1.45
0.0;0.0;0.0;-6.29;1.45
0.0;0.0;0.0;-6.34;1.52
0.0;0.0;0.0;-6.04;1.45
0.0;0.0;0.0;-5.57;1.31
0.0;0.0;0.0;-5.16;1.24
0.0;0.0;0.0;-5.17;1.17
0.0;0.0;0.0;-4.74;0.83
0.0;0.0;0.0;-4.39;0.62
16.0;18.54;15.0;-4.46;0.9
79.0;67.19;68.0;-3.9;0.97
92.0;12.41;89.0;-3.51;1.24
83.0;0.0;83.0;-2.53;1.59
99.0;3.52;98.0;-2.11;1.66
65.0;0.0;65.0;-1.82;1.86
109.0;224.51;71.0;-1.97;2.0
29.0;130.81;21.0;-2.17;2.0
0.0;0.0;0.0;-2.72;1.72
0.0;0.0;0.0;-3.01;1.86
0.0;0.0;0.0;-3.22;1.93
0.0;0.0;0.0;-3.5;2.07
0.0;0.0;0.0;-3.72;1.93
0.0;0.0;0.0;-4.1;1.86
0.0;0.0;0.0;-4.2;1.86
0.0;0.0;0.0;-4.5;1.86
0.0;0.0;0.0;-5.07;1.79
0.0;0.0;0.0;-5.53;1.72
0.0;0.0;0.0;-5.66;1.66
0.0;0.0;0.0;-5.62;1.66
0.0;0.0;0.0;-6.0;1.66
0.0;0.0;0.0;-6.36;1.79
0.0;0.0;0.0;-6.31;1.79
0.0;0.0;0.0;-6.51;1.79
18.0;37.01;16.0;-6.32;1.17
132.0;487.55;52.0;-5.44;0.83
215.0;598.07;70.0;-3.85;0.62
274.0;750.57;61.0;-2.44;0.48
267.0;680.04;73.0;-1.39;0.34
197.0;417.3;94.0;-1.03;0.48
140.0;520.32;51.0;-0.97;0.55
35.0;237.68;20.0;-1.8;1.03
0.0;0.0;0.0;-3.31;1.52
0.0;0.0;0.0;-4.55;1.72
0.0;0.0;0.0;-5.19;1.66
0.0;0.0;0.0;-5.4;1.59
0.0;0.0;0.0;-4.67;1.31
0.0;0.0;0.0;-3.98;0.9
0.0;0.0;0.0;-3.89;0.55
0.0;0.0;0.0;-4.09;0.62
0.0;0.0;0.0;-4.69;0.97
0.0;0.0;0.0;-5.22;1.03
0.0;0.0;0.0;-4.78;0.9
0.0;0.0;0.0;-4.76;0.69
0.0;0.0;0.0;-4.93;0.69
0.0;0.0;0.0;-5.18;0.76
0.0;0.0;0.0;-5.43;0.83
0.0;0.0;0.0;-5.6;0.83
24.0;110.62;18.0;-6.41;1.03
132.0;480.05;53.0;-5.05;0.9
221.0;637.24;66.0;-2.06;0.69
268.0;687.99;72.0;0.37;0.55
278.0;753.43;62.0;1.88;0.41
205.0;458.74;91.0;2.5;0.21
143.0;543.5;49.0;2.02;0.9
38.0;276.2;20.0;0.62;1.79
0.0;0.0;0.0;-1.43;2.0
0.0;0.0;0.0;-5.52;0.98
0.0;0.0;0.0;-4.93;1.12
0.0;0.0;0.0;-4.34;1.26
0.0;0.0;0.0;-3.75;1.4
0.0;0.0;0.0;-3.17;1.55
0.0;0.0;0.0;-2.58;1.69
0.0;0.0;0.0;-1.99;1.83
0.0;0.0;0.0;-1.4;1.97
