ghi;dni;dhi;temp_air;ws10
0.0;0.0;0.0;4.4;1.45
0.0;0.0;0.0;3.8;1.55
0.0;0.0;0.0;3.2;1.64
0.0;0.0;0.0;2.6;1.73
0.0;0.0;0.0;2.0;1.83
0.0;0.0;0.0;1.4;1.92
0.0;0.0;0.0;0.8;2.02
0.0;0.0;0.0;0.21;2.11
59.0;193.74;39.0;1.41;2.21
105.0;49.21;94.0;1.64;3.38
259.0;474.95;112.0;2.01;3.52
218.0;135.09;170.0;2.6;3.24
192.0;72.66;166.0;3.12;3.1
129.0;15.78;124.0;3.24;3.17
112.0;51.02;100.0;3.23;3.38
17.0;0.0;17.0;2.95;3.17
0.0;0.0;0.0;2.38;2.9
0.0;0.0;0.0;1.73;2.9
0.0;0.0;0.0;1.38;3.1
0.0;0.0;0.0;1.26;3.1
0.0;0.0;0.0;1.18;3.17
0.0;0.0;0.0;1.03;3.24
0.0;0.0;0.0;0.92;3.17
0.0;0.0;0.0;0.48;3.17
0.0;0.0;0.0;0.26;3.17
0.0;0.0;0.0;-0.1;3.24
0.0;0.0;0.0;-0.35;3.38
0.0;0.0;0.0;-0.49;3.45
0.0;0.0;0.0;-0.54;3.52
0.0;0.0;0.0;-0.39;3.93
0.0;0.0;0.0;-0.33;4.07
0.0;0.0;0.0;-0.32;4.41
15.0;0.0;15.0;-0.14;4.55
25.0;0.0;25.0;0.15;4.62
26.0;0.0;26.0;0.55;4.9
118.0;2.8;117.0;1.04;5.03
130.0;5.57;128.0;1.34;4.76
27.0;0.0;27.0;1.51;4.69
35.0;0.0;35.0;1.74;4.69
55.0;74.57;46.0;1.63;4.14
0.0;0.0;0.0;1.44;4.69
0.0;0.0;0.0;1.19;4.48
0.0;0.0;0.0;1.03;4.41
0.0;0.0;0.0;0.79;4.48
0.0;0.0;0.0;0.69;4.48
0.0;0.0;0.0;0.63;4.48
0.0;0.0;0.0;0.55;4.41
0.0;0.0;0.0;0.46;4.21
0.0;0.0;0.0;0.36;4.07
0.0;0.0;0.0;0.42;4.0
0.0;0.0;0.0;0.42;3.86
0.0;0.0;0.0;0.32;3.72
0.0;0.0;0.0;0.24;3.66
0.0;0.0;0.0;0.21;3.59
0.0;0.0;0.0;0.2;3.31
0.0;0.0;0.0;0.53;2.97
13.0;0.0;13.0;0.36;3.24
115.0;75.65;98.0;0.51;3.17
157.0;57.81;139.0;1.02;3.66
71.0;0.0;71.0;1.69;3.59
91.0;0.0;91.0;1.93;3.17
117.0;6.24;115.0;2.07;2.97
108.0;37.59;99.0;1.92;2.69
66.0;146.33;48.0;1.62;2.28
0.0;0.0;0.0;1.25;1.59
0.0;0.0;0.0;0.82;1.45
0.0;0.0;0.0;0.05;1.45
0.0;0.0;0.0;-0.87;1.45
0.0;0.0;0.0;-1.25;1.38
0.0;0.0;0.0;-1.5;1.38
0.0;0.0;0.0;-1.04;1.24
0.0;0.0;0.0;-1.04;1.17
0.0;0.0;0.0;-0.99;1.03
0.0;0.0;0.0;-1.08;0.97
0.0;0.0;0.0;-1.1;0.97
0.0;0.0;0.0;-1.15;0.97
0.0;0.0;0.0;-1.49;1.1
0.0;0.0;0.0;-1.66;1.1
0.0;0.0;0.0;-1.65;1.03
0.0;0.0;0.0;-1.79;1.31
32.0;9.59;31.0;-1.82;1.38
129.0;124.18;101.0;-1.76;2.34
133.0;22.4;126.0;-0.16;2.41
104.0;0.0;104.0;1.07;2.41
194.0;68.91;169.0;1.95;2.62
60.0;0.0;60.0;2.56;2.62
105.0;28.96;98.0;2.79;2.69
22.0;0.0;22.0;2.5;2.34
0.0;0.0;0.0;1.85;1.79
0.0;0.0;0.0;0.78;1.86
0.0;0.0;0.0;-0.18;1.72
0.0;0.0;0.0;-1.02;2.14
0.0;0.0;0.0;-1.56;1.66
0.0;0.0;0.0;-1.74;1.38
0.0;0.0;0.0;-0.88;1.03
0.0;0.0;0.0;-0.24;0.76
0.0;0.0;0.0;-0.27;0.62
0.0;0.0;0.0;-0.15;0.48
0.0;0.0;0.0;-0.19;0.34
0.0;0.0;0.0;-0.15;0.34
0.0;0.0;0.0;-0.12;0.41
0.0;0.0;0.0;-0.23;0.55
0.0;0.0;0.0;-0.31;0.62
0.0;0.0;0.0;-0.8;1.1
26.0;0.0;26.0;-0.62;1.1
111.0;57.43;98.0;0.08;1.17
82.0;0.0;82.0;-2.15;1.86
145.0;11.08;141.0;0.81;2.07
154.0;16.45;148.0;1.96;2.41
149.0;33.86;138.0;2.54;2.83
180.0;323.64;101.0;2.63;2.97
13.0;0.0;13.0;2.47;2.9
0.0;0.0;0.0;1.92;2.41
0.0;0.0;0.0;1.53;2.41
0.0;0.0;0.0;1.13;2.55
0.0;0.0;0.0;0.04;2.21
0.0;0.0;0.0;-0.33;2.28
0.0;0.0;0.0;-0.77;2.21
0.0;0.0;0.0;-1.35;1.93
0.0;0.0;0.0;-1.58;1.93
0.0;0.0;0.0;-1.52;2.07
0.0;0.0;0.0;-1.58;2.07
0.0;0.0;0.0;-1.83;1.93
0.0;0.0;0.0;-2.32;1.72
0.0;0.0;0.0;-2.02;1.59
0.0;0.0;0.0;-1.67;1.45
0.0;0.0;0.0;-1.35;1.45
0.0;0.0;0.0;-1.5;1.52
30.0;9.48;29.0;-1.22;1.45
57.0;0.0;57.0;-1.14;1.59
60.0;0.0;60.0;-0.81;1.93
61.0;0.0;61.0;1.86;2.21
66.0;0.0;66.0;2.17;1.93
71.0;0.0;71.0;2.43;1.86
53.0;0.0;53.0;2.4;1.72
45.0;15.32;43.0;2.09;1.52
0.0;0.0;0.0;1.59;1.17
0.0;0.0;0.0;1.05;1.03
0.0;0.0;0.0;0.32;1.17
0.0;0.0;0.0;-0.46;1.38
0.0;0.0;0.0;-0.92;1.38
0.0;0.0;0.0;-1.13;1.38
0.0;0.0;0.0;-1.13;1.38
0.0;0.0;0.0;-1.09;1.38
0.0;0.0;0.0;-1.14;1.38
0.0;0.0;0.0;-1.21;1.31
0.0;0.0;0.0;-1.06;1.24
0.0;0.0;0.0;-0.92;1.24
0.0;0.0;0.0;-0.93;1.24
0.0;0.0;0.0;-0.79;1.17
0.0;0.0;0.0;-0.63;1.1
0.0;0.0;0.0;-2.38;2.14
69.0;291.52;38.0;-2.28;2.07
207.0;673.92;53.0;-1.28;2.55
295.0;663.46;85.0;0.59;2.69
253.0;214.07;175.0;1.78;2.69
221.0;113.88;179.0;2.28;2.83
149.0;30.35;139.0;2.65;2.9
88.0;8.03;86.0;2.66;2.83
104.0;525.3;34.0;2.39;2.62
0.0;0.0;0.0;1.75;2.14
0.0;0.0;0.0;0.86;2.14
0.0;0.0;0.0;0.4;2.28
0.0;0.0;0.0;-0.43;2.0
0.0;0.0;0.0;-1.6;2.0
0.0;0.0;0.0;-2.2;1.86
0.0;0.0;0.0;-2.48;1.86
0.0;0.0;0.0;-2.44;1.79
0.0;0.0;0.0;-2.25;1.86
0.0;0.0;0.0;-2.21;2.0
0.0;0.0;0.0;-1.99;1.93
0.0;0.0;0.0;-2.23;1.79
0.0;0.0;0.0;-2.48;1.72
0.0;0.0;0.0;-2.67;1.72
0.0;0.0;0.0;-2.75;1.79
0.0;0.0;0.0;-3.08;1.72
40.0;27.97;37.0;-3.06;1.86
177.0;378.65;90.0;-1.8;2.34
184.0;103.74;151.0;0.23;3.24
142.0;8.19;139.0;1.82;3.31
140.0;8.09;137.0;2.52;3.38
97.0;0.0;97.0;2.82;3.59
159.0;174.71;115.0;2.85;3.52
106.0;514.51;36.0;2.61;3.17
0.0;0.0;0.0;1.54;2.69
0.0;0.0;0.0;0.3;2.76
0.0;0.0;0.0;-0.6;2.83
0.0;0.0;0.0;-1.18;2.97
0.0;0.0;0.0;-1.64;2.9
0.0;0.0;0.0;-2.15;2.69
0.0;0.0;0.0;-2.67;2.34
0.0;0.0;0.0;-2.61;2.0
0.0;0.0;0.0;-3.09;2.0
0.0;0.0;0.0;-3.18;2.0
0.0;0.0;0.0;-2.32;1.72
0.0;0.0;0.0;-2.73;1.79
0.0;0.0;0.0;-3.03;1.86
0.0;0.0;0.0;-3.12;1.93
0.0;0.0;0.0;-3.18;2.0
0.0;0.0;0.0;-2.96;1.79
48.0;64.63;41.0;-2.73;1.72
131.0;112.49;105.0;-2.33;2.07
238.0;297.04;143.0;-0.95;2.34
250.0;195.47;178.0;0.3;2.48
196.0;61.6;173.0;1.1;2.69
203.0;128.51;160.0;1.49;2.97
184.0;294.54;109.0;1.87;3.17
115.0;597.39;32.0;1.57;2.62
0.0;0.0;0.0;0.72;2.9
0.0;0.0;0.0;0.14;3.31
0.0;0.0;0.0;-0.35;3.38
0.0;0.0;0.0;-0.69;3.03
0.0;0.0;0.0;-0.7;3.1
0.0;0.0;0.0;-0.87;2.83
0.0;0.0;0.0;-1.07;2.83
0.0;0.0;0.0;-1.34;2.97
0.0;0.0;0.0;-1.64;3.03
0.0;0.0;0.0;-2.21;3.03
0.0;0.0;0.0;-2.64;2.9
0.0;0.0;0.0;-3.0;2.97
0.0;0.0;0.0;-3.26;3.03
0.0;0.0;0.0;-3.56;3.03
0.0;0.0;0.0;-3.89;2.97
0.0;0.0;0.0;-4.04;2.62
59.0;146.15;43.0;-4.02;2.9
120.0;73.08;103.0;-2.65;3.31
109.0;3.11;108.0;-0.99;3.59
93.0;0.0;93.0;0.24;3.52
151.0;10.64;147.0;0.99;3.52
157.0;32.61;146.0;1.54;3.52
121.0;42.72;110.0;1.68;3.45
60.0;42.28;54.0;1.3;3.17
0.0;0.0;0.0;0.15;3.03
0.0;0.0;0.0;-0.84;3.24
0.0;0.0;0.0;-1.44;3.24
0.0;0.0;0.0;-1.84;3.24
0.0;0.0;0.0;-2.2;3.03
0.0;0.0;0.0;-2.72;2.83
0.0;0.0;0.0;-3.43;2.62
0.0;0.0;0.0;-4.1;2.48
0.0;0.0;0.0;-4.5;2.48
0.0;0.0;0.0;-4.51;2.41
0.0;0.0;0.0;-4.63;2.34
0.0;0.0;0.0;-5.01;2.48
0.0;0.0;0.0;-5.12;2.55
0.0;0.0;0.0;-4.95;2.41
0.0;0.0;0.0;-5.06;2.41
0.0;0.0;0.0;-5.2;2.48
51.0;81.26;42.0;-4.68;2.21
130.0;102.46;106.0;-3.9;2.97
235.0;262.67;150.0;-1.75;3.1
284.0;300.45;172.0;-0.27;2.76
350.0;610.45;119.0;0.7;2.62
324.0;699.78;86.0;1.38;2.97
239.0;671.82;64.0;1.61;3.03
119.0;579.42;35.0;1.23;2.62
0.0;0.0;0.0;-0.01;2.28
0.0;0.0;0.0;-1.47;2.07
0.0;0.0;0.0;-2.68;1.93
0.0;0.0;0.0;-4.19;2.21
0.0;0.0;0.0;-4.28;2.0
0.0;0.0;0.0;-4.44;2.0
0.0;0.0;0.0;-4.14;1.79
0.0;0.0;0.0;-4.16;1.72
0.0;0.0;0.0;-2.69;1.17
0.0;0.0;0.0;-2.35;0.97
0.0;0.0;0.0;-1.88;0.83
0.0;0.0;0.0;-1.84;0.76
0.0;0.0;0.0;-1.66;0.69
0.0;0.0;0.0;-1.69;0.83
0.0;0.0;0.0;-1.73;1.03
0.0;0.0;0.0;-3.05;1.52
14.0;0.0;14.0;-2.24;1.38
48.0;0.0;48.0;-1.1;1.59
86.0;0.0;86.0;0.04;1.79
54.0;0.0;54.0;1.58;2.0
136.0;5.25;134.0;2.3;2.28
43.0;0.0;43.0;2.28;1.93
47.0;0.0;47.0;1.78;1.66
47.0;6.75;46.0;1.91;1.79
0.0;0.0;0.0;1.5;1.79
0.0;0.0;0.0;1.41;1.86
0.0;0.0;0.0;1.5;1.86
0.0;0.0;0.0;1.85;1.72
0.0;0.0;0.0;1.91;1.72
0.0;0.0;0.0;1.97;1.45
0.0;0.0;0.0;2.01;1.24
0.0;0.0;0.0;2.31;1.1
0.0;0.0;0.0;2.55;1.1
0.0;0.0;0.0;2.82;1.1
0.0;0.0;0.0;3.21;1.03
0.0;0.0;0.0;3.75;0.9
0.0;0.0;0.0;4.02;0.9
0.0;0.0;0.0;4.23;0.76
0.0;0.0;0.0;4.7;0.55
0.0;0.0;0.0;5.13;0.48
38.0;17.6;36.0;5.12;0.48
53.0;0.0;53.0;5.12;0.55
104.0;3.05;103.0;5.23;0.48
158.0;18.54;151.0;5.4;0.48
182.0;39.08;167.0;5.68;0.48
67.0;0.0;67.0;5.42;0.76
30.0;0.0;30.0;5.31;0.9
33.0;0.0;33.0;4.86;1.24
0.0;0.0;0.0;4.77;1.31
0.0;0.0;0.0;5.03;1.31
0.0;0.0;0.0;5.44;1.24
0.0;0.0;0.0;5.13;1.52
0.0;0.0;0.0;5.2;1.59
0.0;0.0;0.0;5.2;1.93
0.0;0.0;0.0;5.25;2.14
0.0;0.0;0.0;5.22;1.93
0.0;0.0;0.0;5.18;1.93
0.0;0.0;0.0;5.07;2.0
0.0;0.0;0.0;5.01;2.07
0.0;0.0;0.0;4.92;2.07
0.0;0.0;0.0;4.9;2.28
0.0;0.0;0.0;5.06;2.62
0.0;0.0;0.0;5.13;2.83
0.0;0.0;0.0;5.24;1.79
54.0;86.75;44.0;5.1;2.14
121.0;70.91;104.0;5.36;2.14
146.0;27.26;137.0;6.39;1.86
159.0;18.41;152.0;6.89;1.66
72.0;0.0;72.0;7.51;1.86
138.0;11.46;134.0;7.86;0.9
157.0;129.65;122.0;7.77;0.41
61.0;32.33;56.0;7.35;0.9
0.0;0.0;0.0;6.55;1.31
0.0;0.0;0.0;6.06;1.72
0.0;0.0;0.0;5.83;1.79
0.0;0.0;0.0;5.65;1.66
0.0;0.0;0.0;5.44;1.86
0.0;0.0;0.0;5.48;1.66
0.0;0.0;0.0;5.38;1.52
0.0;0.0;0.0;5.36;1.66
0.0;0.0;0.0;5.59;1.93
0.0;0.0;0.0;5.81;2.07
0.0;0.0;0.0;5.84;2.62
0.0;0.0;0.0;5.66;2.34
0.0;0.0;0.0;5.58;2.83
0.0;0.0;0.0;5.25;2.9
0.0;0.0;0.0;4.8;2.83
0.0;0.0;0.0;4.65;3.45
15.0;0.0;15.0;4.02;3.38
76.0;4.14;75.0;3.33;3.31
85.0;0.0;85.0;2.84;3.24
88.0;0.0;88.0;2.54;3.1
98.0;0.0;98.0;2.36;3.1
74.0;0.0;74.0;2.16;3.38
49.0;0.0;49.0;1.89;2.97
47.0;6.33;46.0;1.66;2.76
0.0;0.0;0.0;1.3;3.45
0.0;0.0;0.0;1.03;3.52
0.0;0.0;0.0;0.93;3.86
0.0;0.0;0.0;1.07;4.41
0.0;0.0;0.0;0.89;4.41
0.0;0.0;0.0;0.61;4.41
0.0;0.0;0.0;0.14;4.14
0.0;0.0;0.0;-0.35;3.93
0.0;0.0;0.0;-0.8;3.66
0.0;0.0;0.0;-1.41;3.24
0.0;0.0;0.0;-1.74;3.1
0.0;0.0;0.0;-2.06;3.03
0.0;0.0;0.0;-2.24;2.9
0.0;0.0;0.0;-2.4;2.62
0.0;0.0;0.0;-2.4;2.9
0.0;0.0;0.0;-2.24;2.48
31.0;0.0;31.0;-2.15;2.14
37.0;0.0;37.0;-0.99;2.76
146.0;23.88;138.0;0.17;2.55
92.0;0.0;92.0;1.07;2.34
207.0;61.1;183.0;1.85;2.34
195.0;78.74;167.0;2.35;2.07
215.0;383.06;109.0;2.67;1.86
87.0;117.64;68.0;2.6;1.38
0.0;0.0;0.0;2.27;0.55
0.0;0.0;0.0;1.92;0.41
0.0;0.0;0.0;1.41;0.48
0.0;0.0;0.0;0.4;0.69
0.0;0.0;0.0;0.08;1.1
0.0;0.0;0.0;-0.04;1.59
0.0;0.0;0.0;-0.13;1.86
0.0;0.0;0.0;-0.04;1.93
0.0;0.0;0.0;-0.11;1.79
0.0;0.0;0.0;-0.09;1.52
0.0;0.0;0.0;0.04;1.45
0.0;0.0;0.0;0.12;0.76
0.0;0.0;0.0;0.26;0.69
0.0;0.0;0.0;0.62;0.62
0.0;0.0;0.0;0.79;0.69
0.0;0.0;0.0;1.32;0.55
35.0;8.28;34.0;1.38;0.69
80.0;4.06;79.0;1.74;0.76
67.0;0.0;67.0;1.87;1.03
105.0;0.0;105.0;1.99;1.17
82.0;0.0;82.0;2.37;1.66
156.0;22.28;148.0;3.22;1.93
119.0;24.98;112.0;3.18;3.1
103.0;224.18;66.0;3.42;3.52
0.0;0.0;0.0;2.94;3.52
0.0;0.0;0.0;2.56;3.24
0.0;0.0;0.0;2.39;2.83
0.0;0.0;0.0;2.15;2.55
0.0;0.0;0.0;2.02;2.21
0.0;0.0;0.0;2.09;1.93
0.0;0.0;0.0;2.14;2.0
0.0;0.0;0.0;2.1;2.34
0.0;0.0;0.0;1.99;2.41
0.0;0.0;0.0;1.93;2.28
0.0;0.0;0.0;1.62;2.07
0.0;0.0;0.0;1.43;1.79
0.0;0.0;0.0;1.32;1.59
0.0;0.0;0.0;0.99;1.38
0.0;0.0;0.0;0.77;1.17
0.0;0.0;0.0;0.64;1.31
56.0;65.1;48.0;1.38;1.72
124.0;64.34;108.0;1.79;1.72
167.0;47.0;151.0;2.74;2.07
173.0;22.97;164.0;3.75;2.34
181.0;27.55;170.0;4.06;2.28
274.0;311.75;161.0;3.8;2.07
205.0;292.46;122.0;3.1;1.86
79.0;65.22;68.0;2.59;1.52
0.0;0.0;0.0;3.4;1.03
0.0;0.0;0.0;3.38;0.69
0.0;0.0;0.0;3.23;0.28
0.0;0.0;0.0;3.0;0.28
0.0;0.0;0.0;2.66;0.28
0.0;0.0;0.0;2.16;0.62
0.0;0.0;0.0;1.67;0.76
0.0;0.0;0.0;1.13;1.03
0.0;0.0;0.0;0.41;1.17
0.0;0.0;0.0;-0.1;1.03
0.0;0.0;0.0;-0.38;1.03
0.0;0.0;0.0;-0.59;1.17
0.0;0.0;0.0;-0.69;1.31
0.0;0.0;0.0;-1.33;1.52
0.0;0.0;0.0;-1.74;1.59
0.0;0.0;0.0;-1.84;1.52
48.0;31.98;44.0;-1.8;1.52
222.0;613.05;68.0;-0.05;1.52
349.0;859.48;54.0;-0.99;2.07
396.0;807.81;77.0;4.58;2.83
405.0;814.57;77.0;6.09;3.17
351.0;715.79;89.0;7.84;3.31
271.0;730.52;61.0;7.92;3.17
144.0;586.05;43.0;7.11;3.24
2.0;0.0;2.0;5.34;3.31
0.0;0.0;0.0;3.59;3.45
0.0;0.0;0.0;2.81;3.52
0.0;0.0;0.0;2.69;3.52
0.0;0.0;0.0;2.67;3.86
0.0;0.0;0.0;2.85;4.21
0.0;0.0;0.0;3.18;4.62
0.0;0.0;0.0;3.57;4.9
0.0;0.0;0.0;3.93;4.97
0.0;0.0;0.0;4.49;5.1
0.0;0.0;0.0;5.12;5.31
0.0;0.0;0.0;5.72;5.66
0.0;0.0;0.0;6.54;6.14
0.0;0.0;0.0;7.11;6.48
0.0;0.0;0.0;7.57;6.76
0.0;0.0;0.0;7.84;6.69
51.0;39.25;46.0;8.14;7.24
135.0;86.67;113.0;8.7;7.79
250.0;271.54;156.0;9.15;7.79
333.0;444.58;156.0;9.89;7.93
358.0;534.3;141.0;10.5;8.34
321.0;527.49;126.0;10.95;8.48
219.0;343.4;119.0;11.05;7.38
91.0;102.22;73.0;10.83;8.55
2.0;0.0;2.0;10.42;8.28
0.0;0.0;0.0;10.09;8.41
0.0;0.0;0.0;9.94;8.34
0.0;0.0;0.0;9.68;8.0
0.0;0.0;0.0;9.6;7.52
0.0;0.0;0.0;9.33;6.9
0.0;0.0;0.0;9.09;6.76
0.0;0.0;0.0;8.83;7.1
0.0;0.0;0.0;8.59;7.17
0.0;0.0;0.0;8.68;7.03
0.0;0.0;0.0;8.51;6.83
0.0;0.0;0.0;8.6;6.48
0.0;0.0;0.0;8.44;5.93
0.0;0.0;0.0;8.27;5.59
0.0;0.0;0.0;8.23;5.38
0.0;0.0;0.0;8.5;5.52
60.0;77.05;50.0;8.74;5.38
104.0;23.39;98.0;9.44;5.45
282.0;423.8;134.0;10.25;4.9
186.0;32.38;173.0;10.91;5.59
76.0;0.0;76.0;11.36;6.34
155.0;18.75;148.0;11.59;6.14
133.0;37.29;122.0;11.57;6.0
56.0;5.56;55.0;11.33;5.86
2.0;0.0;2.0;10.98;5.93
0.0;0.0;0.0;10.61;6.21
0.0;0.0;0.0;10.5;6.41
0.0;0.0;0.0;10.37;6.83
0.0;0.0;0.0;10.02;6.83
0.0;0.0;0.0;9.78;6.9
0.0;0.0;0.0;9.76;6.41
0.0;0.0;0.0;9.77;5.66
0.0;0.0;0.0;9.71;5.38
0.0;0.0;0.0;9.71;5.17
0.0;0.0;0.0;9.37;4.83
0.0;0.0;0.0;9.27;4.62
0.0;0.0;0.0;8.98;4.28
0.0;0.0;0.0;8.72;3.93
0.0;0.0;0.0;8.25;3.66
0.0;0.0;0.0;8.8;3.79
48.0;22.68;45.0;8.8;3.86
78.0;0.0;78.0;9.05;3.59
54.0;0.0;54.0;9.6;3.59
50.0;0.0;50.0;9.99;3.93
71.0;0.0;71.0;10.46;3.66
80.0;0.0;80.0;10.71;3.1
49.0;0.0;49.0;10.53;1.79
28.0;0.0;28.0;9.92;1.52
1.0;0.0;1.0;8.69;3.79
0.0;0.0;0.0;6.71;5.86
0.0;0.0;0.0;5.05;5.86
0.0;0.0;0.0;3.81;6.34
0.0;0.0;0.0;3.09;5.24
0.0;0.0;0.0;3.16;3.86
0.0;0.0;0.0;3.24;2.55
0.0;0.0;0.0;3.38;1.38
0.0;0.0;0.0;3.57;0.55
0.0;0.0;0.0;2.89;1.1
0.0;0.0;0.0;2.65;1.31
0.0;0.0;0.0;2.57;1.52
0.0;0.0;0.0;2.92;1.66
0.0;0.0;0.0;2.62;1.86
0.0;0.0;0.0;2.33;2.07
0.0;0.0;0.0;1.9;2.14
38.0;0.0;38.0;2.28;2.48
83.0;3.81;82.0;3.35;2.76
146.0;16.87;140.0;4.43;3.31
297.0;259.55;191.0;5.04;4.07
436.0;908.67;57.0;5.91;5.03
33.0;0.0;33.0;6.64;5.1
106.0;6.6;104.0;7.2;5.1
72.0;21.31;68.0;6.9;4.28
10.0;0.0;10.0;6.44;4.0
0.0;0.0;0.0;5.86;3.66
0.0;0.0;0.0;5.19;3.17
0.0;0.0;0.0;4.86;2.55
0.0;0.0;0.0;4.74;2.28
0.0;0.0;0.0;4.48;1.86
0.0;0.0;0.0;4.24;1.52
0.0;0.0;0.0;3.73;1.31
0.0;0.0;0.0;3.11;1.52
0.0;0.0;0.0;2.97;1.93
0.0;0.0;0.0;2.91;2.48
0.0;0.0;0.0;2.45;2.48
0.0;0.0;0.0;1.98;2.48
0.0;0.0;0.0;1.45;2.48
0.0;0.0;0.0;0.79;2.62
0.0;0.0;0.0;0.36;2.62
105.0;472.18;40.0;0.15;2.34
247.0;712.14;58.0;0.74;3.1
360.0;824.57;64.0;1.3;2.62
420.0;842.19;73.0;2.24;1.52
425.0;824.39;78.0;2.9;0.76
322.0;441.49;152.0;3.74;0.97
184.0;133.6;143.0;4.17;1.79
87.0;52.15;77.0;4.28;2.41
4.0;0.0;4.0;3.74;1.86
0.0;0.0;0.0;3.1;2.34
0.0;0.0;0.0;2.92;2.83
0.0;0.0;0.0;2.1;2.97
0.0;0.0;0.0;2.15;2.83
0.0;0.0;0.0;2.23;2.76
0.0;0.0;0.0;2.05;2.69
0.0;0.0;0.0;2.61;2.76
0.0;0.0;0.0;2.51;2.83
0.0;0.0;0.0;2.4;2.48
0.0;0.0;0.0;2.04;2.21
0.0;0.0;0.0;1.52;1.93
0.0;0.0;0.0;0.25;1.79
0.0;0.0;0.0;-0.8;1.59
0.0;0.0;0.0;-1.86;1.66
0.0;0.0;0.0;-0.67;1.45
108.0;483.99;40.0;-0.09;1.24
113.0;22.34;107.0;2.13;1.03
154.0;19.31;147.0;3.76;2.34
69.0;0.0;69.0;4.41;2.76
96.0;0.0;96.0;4.46;2.69
155.0;10.28;151.0;4.31;2.62
126.0;16.08;121.0;4.0;2.48
116.0;163.43;84.0;3.94;2.83
9.0;0.0;9.0;3.23;2.69
0.0;0.0;0.0;2.2;2.76
0.0;0.0;0.0;1.55;2.83
0.0;0.0;0.0;1.38;3.31
0.0;0.0;0.0;0.83;3.03
0.0;0.0;0.0;0.43;2.83
0.0;0.0;0.0;0.25;2.62
0.0;0.0;0.0;0.33;2.62
0.0;0.0;0.0;0.21;2.41
0.0;0.0;0.0;-0.1;2.28
0.0;0.0;0.0;0.23;2.14
0.0;0.0;0.0;0.04;2.0
0.0;0.0;0.0;-0.31;1.93
0.0;0.0;0.0;-0.42;1.79
0.0;0.0;0.0;-0.81;1.52
0.0;0.0;0.0;-1.74;1.31
112.0;501.95;40.0;-1.1;0.97
245.0;632.82;73.0;0.81;0.55
366.0;811.55;69.0;2.19;1.24
384.0;581.62;140.0;2.93;1.52
379.0;515.38;158.0;3.62;1.79
404.0;864.69;64.0;4.04;2.07
197.0;155.49;148.0;4.2;2.14
143.0;330.14;77.0;3.97;1.72
13.0;0.0;13.0;3.36;1.1
0.0;0.0;0.0;1.93;1.1
0.0;0.0;0.0;1.39;1.1
0.0;0.0;0.0;1.54;1.17
0.0;0.0;0.0;2.22;0.83
0.0;0.0;0.0;2.07;0.28
0.0;0.0;0.0;1.26;0.9
0.0;0.0;0.0;-0.81;1.38
0.0;0.0;0.0;0.19;1.03
0.0;0.0;0.0;0.58;0.76
0.0;0.0;0.0;-0.15;1.03
0.0;0.0;0.0;-0.56;1.24
0.0;0.0;0.0;-0.48;1.45
0.0;0.0;0.0;-0.46;1.52
0.0;0.0;0.0;-0.27;1.31
0.0;0.0;0.0;0.25;1.03
17.0;0.0;17.0;0.71;1.17
126.0;39.98;115.0;1.78;1.1
175.0;40.58;160.0;3.08;1.31
119.0;0.0;119.0;4.5;1.24
111.0;0.0;111.0;5.07;1.24
110.0;0.0;110.0;5.56;1.31
112.0;6.26;110.0;5.49;1.17
62.0;4.9;61.0;5.28;1.1
3.0;0.0;3.0;4.78;1.1
0.0;0.0;0.0;4.37;1.38
0.0;0.0;0.0;4.27;1.66
0.0;0.0;0.0;4.22;1.24
0.0;0.0;0.0;4.29;1.38
0.0;0.0;0.0;4.45;1.38
0.0;0.0;0.0;4.67;1.52
0.0;0.0;0.0;4.93;1.59
0.0;0.0;0.0;5.08;1.52
0.0;0.0;0.0;5.18;1.79
0.0;0.0;0.0;5.59;2.0
0.0;0.0;0.0;5.98;2.07
0.0;0.0;0.0;6.35;2.21
0.0;0.0;0.0;6.59;2.07
0.0;0.0;0.0;6.65;2.0
0.0;0.0;0.0;6.69;2.0
80.0;140.34;59.0;7.08;2.28
93.0;3.59;92.0;7.78;2.28
49.0;0.0;49.0;8.65;2.41
182.0;21.06;173.0;9.11;2.69
147.0;2.29;146.0;9.23;2.55
129.0;2.49;128.0;9.3;2.28
47.0;0.0;47.0;9.98;2.0
65.0;4.8;64.0;9.81;1.86
5.0;0.0;5.0;9.63;1.79
0.0;0.0;0.0;9.18;1.86
0.0;0.0;0.0;8.92;1.86
0.0;0.0;0.0;9.58;1.72
0.0;0.0;0.0;9.5;1.86
0.0;0.0;0.0;9.44;1.86
0.0;0.0;0.0;9.68;2.28
0.0;0.0;0.0;10.02;2.69
0.0;0.0;0.0;10.12;2.83
0.0;0.0;0.0;10.26;3.1
0.0;0.0;0.0;10.3;3.1
0.0;0.0;0.0;10.32;2.83
0.0;0.0;0.0;10.03;2.62
0.0;0.0;0.0;10.02;2.83
0.0;0.0;0.0;9.84;2.76
0.0;0.0;0.0;10.21;2.48
117.0;497.11;41.0;9.84;2.14
261.0;719.47;58.0;10.7;2.34
359.0;742.41;79.0;11.68;3.17
362.0;456.64;165.0;11.84;4.0
86.0;0.0;86.0;12.19;4.83
254.0;150.27;193.0;12.28;4.76
50.0;0.0;50.0;12.21;4.0
64.0;4.7;63.0;11.91;3.24
22.0;29.56;20.0;11.18;3.03
0.0;0.0;0.0;10.37;2.83
0.0;0.0;0.0;9.82;2.9
0.0;0.0;0.0;8.96;2.28
0.0;0.0;0.0;8.13;1.72
0.0;0.0;0.0;8.46;0.97
0.0;0.0;0.0;7.15;1.24
0.0;0.0;0.0;5.83;1.66
0.0;0.0;0.0;5.5;1.72
0.0;0.0;0.0;5.66;1.93
0.0;0.0;0.0;5.57;2.0
0.0;0.0;0.0;5.62;1.86
0.0;0.0;0.0;5.33;1.79
0.0;0.0;0.0;5.16;1.79
0.0;0.0;0.0;5.36;2.07
0.0;0.0;0.0;6.42;2.48
46.0;6.4;45.0;6.72;2.55
185.0;202.94;127.0;6.93;2.62
36.0;0.0;36.0;7.08;2.55
94.0;0.0;94.0;7.43;2.41
113.0;0.0;113.0;7.8;2.07
156.0;9.75;152.0;8.16;1.52
63.0;0.0;63.0;8.37;1.31
81.0;18.44;77.0;8.85;1.17
8.0;0.0;8.0;8.51;1.38
0.0;0.0;0.0;7.65;1.66
0.0;0.0;0.0;6.91;1.59
0.0;0.0;0.0;6.26;1.38
0.0;0.0;0.0;6.04;1.1
0.0;0.0;0.0;5.84;1.03
0.0;0.0;0.0;5.22;1.17
0.0;0.0;0.0;4.41;1.31
0.0;0.0;0.0;3.79;1.31
0.0;0.0;0.0;3.24;1.24
0.0;0.0;0.0;3.21;1.1
0.0;0.0;0.0;3.62;0.97
0.0;0.0;0.0;3.82;0.97
0.0;0.0;0.0;4.43;0.76
0.0;0.0;0.0;4.7;0.55
0.0;0.0;0.0;4.6;0.97
100.0;244.24;61.0;4.58;0.76
265.0;701.14;62.0;6.31;0.55
295.0;340.21;164.0;8.91;0.48
422.0;727.7;102.0;10.18;0.48
455.0;849.14;73.0;10.98;0.62
172.0;16.88;165.0;11.28;0.76
208.0;154.41;156.0;11.59;1.17
196.0;678.0;46.0;11.5;0.9
24.0;26.3;22.0;10.89;2.86
0.0;0.0;0.0;10.23;2.7
0.0;0.0;0.0;9.57;2.54
0.0;0.0;0.0;8.91;2.39
0.0;0.0;0.0;8.25;2.23
0.0;0.0;0.0;7.59;2.07
0.0;0.0;0.0;6.93;1.92
0.0;0.0;0.0;6.27;1.76
0.0;0.0;0.0;5.61;1.6
0.0;0.0;0.0;4.95;1.45
0.0;0.0;0.0;4.29;1.29
0.0;0.0;0.0;3.63;1.13
0.0;0.0;0.0;2.97;0.98
0.0;0.0;0.0;2.31;0.82
0.0;0.0;0.0;1.65;0.66
0.0;0.0;0.0;0.99;0.51
35.0;0.0;35.0;1.69;0.69
150.0;68.18;130.0;2.41;0.76
337.0;516.54;136.0;3.7;1.24
165.0;6.76;162.0;4.62;1.38
89.0;0.0;89.0;5.9;1.59
101.0;0.0;101.0;6.88;1.72
61.0;0.0;61.0;7.66;1.93
131.0;146.25;98.0;7.9;1.86
44.0;236.64;25.0;7.35;1.93
0.0;0.0;0.0;6.26;1.93
0.0;0.0;0.0;5.61;1.93
0.0;0.0;0.0;3.93;2.0
0.0;0.0;0.0;3.33;2.0
0.0;0.0;0.0;3.47;1.93
0.0;0.0;0.0;2.94;2.0
0.0;0.0;0.0;2.35;1.93
0.0;0.0;0.0;1.67;2.0
0.0;0.0;0.0;1.45;1.93
0.0;0.0;0.0;1.54;2.0
0.0;0.0;0.0;1.83;2.07
0.0;0.0;0.0;1.94;2.0
0.0;0.0;0.0;1.78;1.79
0.0;0.0;0.0;1.5;1.59
0.0;0.0;0.0;1.39;1.52
15.0;0.0;15.0;1.96;1.66
103.0;6.73;101.0;2.79;1.38
116.0;0.0;116.0;3.84;1.52
249.0;80.29;213.0;4.15;1.38
476.0;884.97;70.0;5.02;1.52
169.0;11.8;164.0;6.17;1.79
171.0;54.95;152.0;6.45;1.93
90.0;21.73;85.0;6.4;1.66
25.0;11.82;24.0;6.34;1.66
0.0;0.0;0.0;5.29;1.52
0.0;0.0;0.0;4.16;1.31
0.0;0.0;0.0;4.5;1.45
0.0;0.0;0.0;3.75;1.52
0.0;0.0;0.0;3.58;1.52
0.0;0.0;0.0;3.41;1.52
0.0;0.0;0.0;3.23;1.52
0.0;0.0;0.0;3.15;1.31
0.0;0.0;0.0;3.1;1.1
0.0;0.0;0.0;3.76;0.69
0.0;0.0;0.0;3.56;0.55
0.0;0.0;0.0;3.45;0.34
0.0;0.0;0.0;3.32;0.34
0.0;0.0;0.0;3.21;0.48
0.0;0.0;0.0;3.41;0.55
56.0;11.72;54.0;3.47;0.62
54.0;0.0;54.0;3.81;0.76
39.0;0.0;39.0;4.61;1.17
117.0;0.0;117.0;4.59;1.45
111.0;0.0;111.0;4.61;1.45
69.0;0.0;69.0;4.42;1.38
125.0;5.71;123.0;4.04;1.38
110.0;55.42;97.0;3.56;1.38
35.0;67.51;29.0;2.9;1.38
0.0;0.0;0.0;2.5;1.24
0.0;0.0;0.0;2.22;1.24
0.0;0.0;0.0;1.0;0.9
0.0;0.0;0.0;1.0;0.9
0.0;0.0;0.0;0.95;0.97
0.0;0.0;0.0;0.93;0.69
0.0;0.0;0.0;1.01;0.62
0.0;0.0;0.0;1.08;0.48
0.0;0.0;0.0;1.09;0.28
0.0;0.0;0.0;1.11;0.07
0.0;0.0;0.0;1.14;0.14
0.0;0.0;0.0;1.31;0.97
0.0;0.0;0.0;1.57;1.38
0.0;0.0;0.0;1.42;1.17
0.0;0.0;0.0;2.08;1.52
38.0;0.0;38.0;3.06;2.07
162.0;78.59;138.0;4.99;2.76
301.0;296.13;182.0;6.47;3.38
258.0;85.28;219.0;7.5;3.79
343.0;258.59;222.0;8.61;4.55
298.0;210.15;207.0;9.98;6.28
330.0;684.58;87.0;10.27;5.52
207.0;619.09;59.0;9.95;4.41
57.0;311.09;28.0;9.13;3.86
0.0;0.0;0.0;7.87;3.72
0.0;0.0;0.0;7.15;3.79
0.0;0.0;0.0;6.71;4.41
0.0;0.0;0.0;6.88;4.76
0.0;0.0;0.0;6.7;4.83
0.0;0.0;0.0;6.81;4.97
0.0;0.0;0.0;7.12;5.38
0.0;0.0;0.0;7.4;5.72
0.0;0.0;0.0;7.7;6.21
0.0;0.0;0.0;7.72;6.34
0.0;0.0;0.0;7.9;5.93
0.0;0.0;0.0;7.72;5.24
0.0;0.0;0.0;7.48;4.62
0.0;0.0;0.0;7.15;4.21
0.0;0.0;0.0;7.56;4.76
96.0;123.36;74.0;7.25;4.55
297.0;762.43;61.0;7.8;3.86
35.0;0.0;35.0;8.72;2.76
74.0;0.0;74.0;8.82;2.21
54.0;0.0;54.0;8.96;1.93
151.0;2.28;150.0;8.96;1.72
55.0;0.0;55.0;9.38;1.59
78.0;4.11;77.0;9.64;3.17
8.0;0.0;8.0;9.54;3.52
0.0;0.0;0.0;9.15;3.93
0.0;0.0;0.0;8.49;4.28
0.0;0.0;0.0;8.36;4.0
0.0;0.0;0.0;7.95;3.72
0.0;0.0;0.0;7.44;3.45
0.0;0.0;0.0;7.13;3.17
0.0;0.0;0.0;6.89;2.9
0.0;0.0;0.0;6.56;2.76
0.0;0.0;0.0;6.46;2.48
0.0;0.0;0.0;6.61;2.41
0.0;0.0;0.0;6.83;2.34
0.0;0.0;0.0;6.83;2.34
0.0;0.0;0.0;6.81;2.28
0.0;0.0;0.0;6.63;2.41
0.0;0.0;0.0;6.54;1.86
77.0;38.39;70.0;6.57;1.86
74.0;0.0;74.0;7.01;1.86
79.0;0.0;79.0;7.5;1.79
41.0;0.0;41.0;7.93;1.79
82.0;0.0;82.0;7.89;1.59
55.0;0.0;55.0;7.99;0.97
68.0;0.0;68.0;7.75;1.17
57.0;0.0;57.0;7.53;1.17
22.0;0.0;22.0;7.24;1.24
0.0;0.0;0.0;6.77;1.31
0.0;0.0;0.0;6.26;1.31
0.0;0.0;0.0;5.7;1.45
0.0;0.0;0.0;5.21;1.45
0.0;0.0;0.0;4.87;1.24
0.0;0.0;0.0;4.56;0.97
0.0;0.0;0.0;4.4;0.55
0.0;0.0;0.0;4.24;0.48
0.0;0.0;0.0;4.17;0.34
0.0;0.0;0.0;4.09;0.34
0.0;0.0;0.0;4.1;0.28
0.0;0.0;0.0;3.92;0.55
0.0;0.0;0.0;3.88;0.76
0.0;0.0;0.0;3.83;1.1
1.0;0.0;1.0;3.39;1.86
77.0;32.18;71.0;3.16;2.0
59.0;0.0;59.0;3.18;1.93
170.0;14.45;164.0;3.47;1.93
168.0;4.24;166.0;3.75;1.45
133.0;0.0;133.0;4.11;1.24
172.0;8.94;168.0;4.01;1.59
129.0;5.42;127.0;3.81;1.66
96.0;15.82;92.0;3.77;2.21
14.0;0.0;14.0;3.35;2.69
0.0;0.0;0.0;2.87;3.24
0.0;0.0;0.0;2.21;3.59
0.0;0.0;0.0;1.0;4.41
0.0;0.0;0.0;0.87;4.34
0.0;0.0;0.0;0.82;4.48
0.0;0.0;0.0;0.76;4.62
0.0;0.0;0.0;0.6;4.69
0.0;0.0;0.0;0.46;4.55
0.0;0.0;0.0;0.46;4.48
0.0;0.0;0.0;0.51;4.55
0.0;0.0;0.0;0.57;4.76
0.0;0.0;0.0;0.56;5.03
0.0;0.0;0.0;0.54;5.1
0.0;0.0;0.0;0.46;4.9
8.0;0.0;8.0;0.46;4.48
97.0;83.94;81.0;0.56;5.1
65.0;0.0;65.0;0.89;5.72
183.0;21.44;174.0;1.79;5.93
125.0;0.0;125.0;2.53;6.0
240.0;39.02;221.0;2.69;5.38
263.0;95.12;220.0;3.23;5.03
121.0;2.68;120.0;3.37;4.41
46.0;0.0;46.0;3.25;3.59
38.0;18.04;36.0;2.9;2.69
0.0;0.0;0.0;2.34;2.14
0.0;0.0;0.0;1.4;1.66
0.0;0.0;0.0;-0.46;1.86
0.0;0.0;0.0;-1.35;1.52
0.0;0.0;0.0;-1.07;1.31
0.0;0.0;0.0;0.13;0.9
0.0;0.0;0.0;-0.05;0.9
0.0;0.0;0.0;-1.49;1.24
0.0;0.0;0.0;-1.85;1.24
0.0;0.0;0.0;-1.7;1.24
0.0;0.0;0.0;-0.98;1.72
0.0;0.0;0.0;-0.43;1.93
0.0;0.0;0.0;-0.05;1.86
0.0;0.0;0.0;-0.16;1.86
3.0;0.0;3.0;0.32;1.72
90.0;56.44;79.0;0.87;1.86
157.0;48.93;141.0;2.42;1.86
293.0;214.36;202.0;4.27;2.21
339.0;222.59;232.0;5.98;2.41
359.0;254.19;234.0;7.13;2.69
240.0;61.28;212.0;8.38;3.17
140.0;7.92;137.0;9.17;3.38
147.0;118.3;116.0;9.08;3.38
48.0;60.71;41.0;8.51;3.52
0.0;0.0;0.0;7.92;3.93
0.0;0.0;0.0;7.41;4.34
0.0;0.0;0.0;7.37;4.9
0.0;0.0;0.0;7.06;5.03
0.0;0.0;0.0;6.91;5.17
0.0;0.0;0.0;6.81;5.59
0.0;0.0;0.0;7.11;5.93
0.0;0.0;0.0;7.33;6.34
0.0;0.0;0.0;7.37;6.69
0.0;0.0;0.0;7.4;6.69
0.0;0.0;0.0;7.7;6.41
0.0;0.0;0.0;7.89;5.93
0.0;0.0;0.0;7.96;5.52
0.0;0.0;0.0;7.72;5.17
10.0;0.0;10.0;8.2;4.62
127.0;220.85;83.0;8.09;3.79
148.0;30.16;138.0;8.54;3.31
294.0;202.68;207.0;9.2;4.21
469.0;702.29;128.0;9.53;5.17
357.0;235.57;240.0;9.72;5.38
439.0;675.6;127.0;9.61;5.17
363.0;706.86;92.0;9.36;4.97
229.0;573.62;76.0;8.9;4.41
31.0;0.0;31.0;7.95;3.93
0.0;0.0;0.0;6.68;3.72
0.0;0.0;0.0;5.48;3.1
0.0;0.0;0.0;4.7;3.59
0.0;0.0;0.0;4.17;3.59
0.0;0.0;0.0;3.68;3.45
0.0;0.0;0.0;3.12;2.97
0.0;0.0;0.0;2.65;2.55
0.0;0.0;0.0;1.93;2.21
0.0;0.0;0.0;1.16;2.14
0.0;0.0;0.0;0.72;2.07
0.0;0.0;0.0;0.09;1.66
0.0;0.0;0.0;0.05;1.59
0.0;0.0;0.0;-0.29;1.66
0.0;0.0;0.0;0.18;1.93
12.0;0.0;12.0;0.55;2.48
79.0;19.64;75.0;0.98;2.48
57.0;0.0;57.0;1.67;3.38
226.0;55.29;202.0;2.8;3.31
192.0;8.16;188.0;3.51;3.45
373.0;255.18;245.0;4.32;3.79
368.0;329.95;214.0;4.77;4.14
307.0;360.61;167.0;4.86;4.21
230.0;523.18;88.0;4.92;4.0
90.0;434.52;36.0;4.7;3.38
0.0;0.0;0.0;3.86;2.62
0.0;0.0;0.0;2.79;2.28
0.0;0.0;0.0;1.85;2.48
0.0;0.0;0.0;1.42;2.34
0.0;0.0;0.0;0.85;2.07
0.0;0.0;0.0;-0.4;1.93
0.0;0.0;0.0;-0.57;1.66
0.0;0.0;0.0;-0.93;1.66
0.0;0.0;0.0;-0.95;1.59
0.0;0.0;0.0;-1.13;1.52
0.0;0.0;0.0;-1.02;1.31
0.0;0.0;0.0;-0.21;1.1
0.0;0.0;0.0;-0.49;1.1
0.0;0.0;0.0;-1.08;1.24
14.0;0.0;14.0;-0.14;2.07
74.0;9.61;72.0;0.94;3.38
153.0;29.33;143.0;1.47;4.55
378.0;467.06;173.0;1.78;5.24
296.0;102.94;245.0;1.72;5.52
154.0;0.0;154.0;2.14;5.31
226.0;33.92;210.0;2.35;5.38
310.0;353.61;171.0;2.29;5.1
185.0;224.54;123.0;2.49;4.9
82.0;279.54;46.0;1.93;4.83
0.0;0.0;0.0;1.15;4.28
0.0;0.0;0.0;0.27;3.79
0.0;0.0;0.0;0.4;3.79
0.0;0.0;0.0;-0.05;3.52
0.0;0.0;0.0;-0.26;3.38
0.0;0.0;0.0;-0.74;3.03
0.0;0.0;0.0;-0.88;3.03
0.0;0.0;0.0;-1.32;2.9
0.0;0.0;0.0;-1.32;2.83
0.0;0.0;0.0;-1.37;2.9
0.0;0.0;0.0;-1.26;2.97
0.0;0.0;0.0;-1.27;2.83
0.0;0.0;0.0;-1.13;2.76
0.0;0.0;0.0;-1.08;2.48
16.0;0.0;16.0;-0.7;2.69
135.0;202.13;92.0;-0.31;3.31
183.0;69.42;159.0;0.5;3.24
203.0;27.04;191.0;1.34;2.97
191.0;5.99;188.0;2.2;2.83
139.0;0.0;139.0;2.45;2.69
226.0;31.47;211.0;2.95;2.41
249.0;140.71;193.0;3.18;2.14
124.0;32.05;115.0;2.92;1.79
51.0;30.01;47.0;2.74;1.45
0.0;0.0;0.0;2.01;1.03
0.0;0.0;0.0;0.86;0.97
0.0;0.0;0.0;-0.24;1.38
0.0;0.0;0.0;-0.86;1.52
0.0;0.0;0.0;-0.91;1.59
0.0;0.0;0.0;-0.83;1.66
0.0;0.0;0.0;-0.56;1.86
0.0;0.0;0.0;-0.1;2.14
0.0;0.0;0.0;-0.08;2.34
0.0;0.0;0.0;-0.14;2.48
0.0;0.0;0.0;-0.07;2.62
0.0;0.0;0.0;-0.13;2.69
0.0;0.0;0.0;-0.16;2.9
0.0;0.0;0.0;-0.49;2.83
17.0;0.0;17.0;-0.58;3.17
78.0;9.2;76.0;-0.06;3.52
87.0;0.0;87.0;0.64;4.9
251.0;75.76;217.0;1.29;5.38
263.0;49.46;238.0;1.86;5.38
261.0;42.58;239.0;2.26;5.52
432.0;519.0;182.0;2.85;6.07
393.0;734.73;97.0;3.06;5.72
247.0;542.75;92.0;2.91;5.45
108.0;522.37;36.0;2.47;4.62
0.0;0.0;0.0;1.61;4.21
0.0;0.0;0.0;0.52;3.86
0.0;0.0;0.0;0.2;3.93
0.0;0.0;0.0;-0.27;3.72
0.0;0.0;0.0;-0.7;3.59
0.0;0.0;0.0;-1.05;3.52
0.0;0.0;0.0;-1.35;3.45
0.0;0.0;0.0;-1.63;3.31
0.0;0.0;0.0;-2.04;3.17
0.0;0.0;0.0;-2.29;3.03
0.0;0.0;0.0;-2.55;2.9
0.0;0.0;0.0;-2.82;2.76
0.0;0.0;0.0;-3.03;2.69
0.0;0.0;0.0;-3.23;2.69
30.0;174.8;19.0;-3.04;3.1
180.0;468.23;76.0;-2.02;2.97
337.0;680.85;95.0;-0.29;3.86
466.0;830.72;89.0;0.96;3.86
517.0;769.74;124.0;2.15;3.93
522.0;734.02;139.0;2.94;4.0
434.0;501.31;190.0;3.41;3.93
325.0;355.58;180.0;3.25;3.66
187.0;179.11;135.0;3.04;3.31
86.0;210.71;56.0;2.23;2.55
0.0;0.0;0.0;0.93;2.55
0.0;0.0;0.0;0.08;2.48
0.0;0.0;0.0;-0.44;2.55
0.0;0.0;0.0;-1.11;2.41
0.0;0.0;0.0;-1.94;2.14
0.0;0.0;0.0;-2.6;2.0
0.0;0.0;0.0;-3.13;2.0
0.0;0.0;0.0;-3.27;1.72
0.0;0.0;0.0;-2.88;1.45
0.0;0.0;0.0;-3.03;1.59
0.0;0.0;0.0;-3.07;1.66
0.0;0.0;0.0;-2.47;1.24
0.0;0.0;0.0;-2.21;1.17
0.0;0.0;0.0;-2.97;1.52
24.0;44.43;21.0;-3.43;1.66
180.0;458.34;76.0;-1.91;1.1
290.0;399.56;146.0;0.77;1.66
367.0;359.56;202.0;2.21;2.14
478.0;591.44;173.0;2.96;2.41
485.0;571.26;184.0;3.57;2.55
302.0;117.94;244.0;3.6;2.76
260.0;145.38;200.0;3.43;2.83
107.0;10.17;104.0;3.31;2.97
54.0;20.42;51.0;2.74;2.62
0.0;0.0;0.0;1.28;2.41
0.0;0.0;0.0;0.5;2.14
0.0;0.0;0.0;0.62;2.28
0.0;0.0;0.0;0.46;2.28
0.0;0.0;0.0;0.54;2.14
0.0;0.0;0.0;0.6;2.21
0.0;0.0;0.0;0.53;2.0
0.0;0.0;0.0;0.53;1.86
0.0;0.0;0.0;0.6;1.93
0.0;0.0;0.0;0.78;1.86
0.0;0.0;0.0;0.78;1.66
0.0;0.0;0.0;0.49;1.38
0.0;0.0;0.0;0.31;1.1
0.0;0.0;0.0;0.39;0.97
25.0;41.56;22.0;0.65;0.55
127.0;112.18;101.0;0.97;0.48
191.0;71.15;165.0;2.24;0.48
136.0;0.0;136.0;3.0;0.83
138.0;0.0;138.0;4.28;2.0
110.0;0.0;110.0;5.12;2.62
376.0;297.87;228.0;5.46;2.97
169.0;14.37;163.0;5.66;3.24
113.0;13.34;109.0;5.31;3.31
54.0;19.81;51.0;4.71;2.9
0.0;0.0;0.0;4.04;2.48
0.0;0.0;0.0;3.63;2.21
0.0;0.0;0.0;4.18;2.34
0.0;0.0;0.0;4.26;2.41
0.0;0.0;0.0;4.47;2.69
0.0;0.0;0.0;4.7;2.97
0.0;0.0;0.0;4.89;3.17
0.0;0.0;0.0;4.92;3.24
0.0;0.0;0.0;5.11;3.17
0.0;0.0;0.0;5.08;3.17
0.0;0.0;0.0;4.99;3.17
0.0;0.0;0.0;4.82;3.17
0.0;0.0;0.0;4.63;3.24
0.0;0.0;0.0;4.25;3.17
9.0;0.0;9.0;4.63;3.03
125.0;92.95;103.0;4.53;2.48
148.0;13.5;143.0;4.41;2.76
256.0;70.34;223.0;4.69;3.03
242.0;24.71;229.0;5.23;3.52
216.0;9.31;211.0;5.88;3.86
372.0;264.97;239.0;6.39;4.28
336.0;369.14;180.0;6.5;4.48
247.0;449.74;110.0;6.15;4.28
123.0;525.55;41.0;5.53;3.59
0.0;0.0;0.0;4.35;3.1
0.0;0.0;0.0;3.26;3.03
0.0;0.0;0.0;1.97;3.03
0.0;0.0;0.0;1.34;2.97
0.0;0.0;0.0;0.8;2.9
0.0;0.0;0.0;-0.11;2.69
0.0;0.0;0.0;-0.77;2.62
0.0;0.0;0.0;-1.31;2.55
0.0;0.0;0.0;-1.94;2.41
0.0;0.0;0.0;-2.57;2.34
0.0;0.0;0.0;-3.08;2.28
0.0;0.0;0.0;-3.43;2.28
0.0;0.0;0.0;-3.65;2.28
0.0;0.0;0.0;-3.78;2.34
52.0;367.02;22.0;-3.35;2.69
209.0;579.26;69.0;-1.55;3.31
282.0;292.86;172.0;-0.07;3.66
491.0;847.41;89.0;1.21;3.72
557.0;865.82;97.0;2.35;3.86
574.0;883.07;95.0;3.37;4.21
533.0;877.63;88.0;4.05;4.48
436.0;827.94;82.0;4.32;4.62
297.0;746.62;66.0;4.29;4.55
126.0;498.18;46.0;3.76;3.93
0.0;0.0;0.0;2.55;3.72
0.0;0.0;0.0;1.41;3.66
0.0;0.0;0.0;0.61;3.66
0.0;0.0;0.0;-0.01;3.38
0.0;0.0;0.0;-0.49;3.24
0.0;0.0;0.0;-0.79;3.1
0.0;0.0;0.0;-1.06;2.97
0.0;0.0;0.0;-1.3;2.76
0.0;0.0;0.0;-1.76;2.41
0.0;0.0;0.0;-2.44;2.14
0.0;0.0;0.0;-3.17;2.0
0.0;0.0;0.0;-3.47;1.93
0.0;0.0;0.0;-3.66;1.86
0.0;0.0;0.0;-3.7;1.79
57.0;380.97;24.0;-3.63;1.79
223.0;668.73;58.0;-1.29;1.45
368.0;735.32;88.0;1.71;2.21
492.0;836.05;91.0;3.14;2.41
570.0;903.93;85.0;4.54;2.55
577.0;885.62;92.0;5.57;2.76
536.0;878.63;86.0;6.4;2.76
439.0;830.0;80.0;6.83;3.03
297.0;725.73;69.0;6.71;3.03
132.0;532.87;44.0;5.9;2.62
0.0;0.0;0.0;3.9;2.69
0.0;0.0;0.0;2.26;2.69
0.0;0.0;0.0;1.74;2.69
0.0;0.0;0.0;1.38;2.9
0.0;0.0;0.0;1.28;2.9
0.0;0.0;0.0;1.01;2.97
0.0;0.0;0.0;1.08;3.03
0.0;0.0;0.0;1.28;3.17
0.0;0.0;0.0;1.28;3.24
0.0;0.0;0.0;1.34;3.38
0.0;0.0;0.0;1.37;3.66
0.0;0.0;0.0;1.62;3.79
0.0;0.0;0.0;1.67;3.86
0.0;0.0;0.0;1.65;3.86
44.0;120.13;33.0;1.74;3.86
166.0;226.33;109.0;2.39;4.0
278.0;261.65;177.0;3.1;4.55
446.0;595.97;157.0;4.11;4.76
502.0;592.43;181.0;5.04;4.62
560.0;801.27;117.0;5.88;4.62
506.0;724.94;131.0;6.09;4.76
417.0;697.15;112.0;6.27;4.83
271.0;520.48;105.0;5.92;4.62
131.0;489.1;48.0;5.54;4.55
0.0;0.0;0.0;4.96;4.28
0.0;0.0;0.0;4.46;4.21
0.0;0.0;0.0;4.55;4.21
0.0;0.0;0.0;4.23;4.14
0.0;0.0;0.0;3.78;3.79
0.0;0.0;0.0;3.43;3.66
0.0;0.0;0.0;2.84;3.38
0.0;0.0;0.0;2.7;3.31
0.0;0.0;0.0;2.35;3.31
0.0;0.0;0.0;2.21;3.31
0.0;0.0;0.0;2.14;3.31
0.0;0.0;0.0;2.0;3.1
0.0;0.0;0.0;1.59;2.76
0.0;0.0;0.0;1.4;2.41
32.0;20.71;30.0;1.46;2.0
105.0;23.35;99.0;2.82;2.07
146.0;7.67;143.0;4.41;2.62
126.0;0.0;126.0;5.27;2.97
85.0;0.0;85.0;5.55;2.9
103.0;0.0;103.0;5.79;2.83
107.0;0.0;107.0;6.02;3.1
125.0;0.0;125.0;5.74;2.55
60.0;0.0;60.0;5.58;1.86
86.0;91.82;70.0;5.32;2.07
0.0;0.0;0.0;4.85;2.34
0.0;0.0;0.0;4.29;2.55
0.0;0.0;0.0;4.04;2.62
0.0;0.0;0.0;3.8;2.41
0.0;0.0;0.0;3.68;2.21
0.0;0.0;0.0;3.59;1.79
0.0;0.0;0.0;3.57;1.38
0.0;0.0;0.0;3.54;1.31
0.0;0.0;0.0;3.65;1.17
0.0;0.0;0.0;3.8;1.31
0.0;0.0;0.0;3.98;1.86
0.0;0.0;0.0;4.2;2.41
0.0;0.0;0.0;4.27;3.17
0.0;0.0;0.0;4.26;3.66
24.0;0.0;24.0;4.43;3.38
119.0;41.95;108.0;4.58;3.17
210.0;70.6;182.0;5.26;4.14
118.0;0.0;118.0;5.87;4.69
222.0;9.05;217.0;6.22;4.69
371.0;157.97;282.0;7.09;5.17
309.0;96.67;258.0;7.53;5.1
133.0;0.0;133.0;7.86;5.17
194.0;130.91;151.0;7.54;4.69
80.0;55.93;70.0;7.28;4.14
0.0;0.0;0.0;6.46;3.59
0.0;0.0;0.0;5.45;3.24
0.0;0.0;0.0;4.39;3.31
0.0;0.0;0.0;3.86;3.17
0.0;0.0;0.0;3.72;3.03
0.0;0.0;0.0;3.42;2.97
0.0;0.0;0.0;3.13;2.9
0.0;0.0;0.0;3.04;2.83
0.0;0.0;0.0;3.09;2.9
0.0;0.0;0.0;3.26;3.03
0.0;0.0;0.0;3.54;3.31
0.0;0.0;0.0;3.77;3.52
0.0;0.0;0.0;3.9;3.72
0.0;0.0;0.0;4.09;3.93
57.0;168.54;39.0;4.34;4.0
150.0;112.15;120.0;4.58;4.28
232.0;102.0;191.0;5.1;4.76
359.0;229.55;244.0;5.45;5.03
516.0;577.23;194.0;6.09;5.1
247.0;15.83;238.0;6.31;5.03
432.0;366.07;237.0;6.32;4.9
398.0;515.04;165.0;6.29;4.83
253.0;342.1;139.0;6.22;4.83
155.0;610.86;43.0;5.94;4.76
0.0;0.0;0.0;5.23;4.34
0.0;0.0;0.0;4.18;4.14
0.0;0.0;0.0;4.15;4.41
0.0;0.0;0.0;3.57;4.28
0.0;0.0;0.0;2.99;4.0
0.0;0.0;0.0;2.45;3.79
0.0;0.0;0.0;1.99;3.66
0.0;0.0;0.0;1.57;3.38
0.0;0.0;0.0;0.85;3.1
0.0;0.0;0.0;0.27;2.69
0.0;0.0;0.0;-0.37;2.34
0.0;0.0;0.0;-1.04;2.14
0.0;0.0;0.0;-1.75;2.0
0.0;0.0;0.0;-2.17;1.79
52.0;89.29;42.0;-1.78;1.45
239.0;586.46;79.0;0.41;1.17
396.0;741.39;94.0;2.78;1.79
524.0;853.1;92.0;3.97;1.31
591.0;870.01;101.0;5.28;0.83
607.0;888.61;97.0;6.32;0.41
569.0;894.34;88.0;7.18;0.28
472.0;859.3;79.0;7.78;0.28
320.0;718.95;77.0;7.88;0.28
153.0;537.56;52.0;7.65;0.41
0.0;0.0;0.0;6.95;0.83
0.0;0.0;0.0;5.38;0.83
0.0;0.0;0.0;4.9;0.55
0.0;0.0;0.0;4.35;0.14
0.0;0.0;0.0;3.75;0.41
0.0;0.0;0.0;3.02;0.97
0.0;0.0;0.0;1.26;1.31
0.0;0.0;0.0;0.13;1.38
0.0;0.0;0.0;-0.25;1.31
0.0;0.0;0.0;-0.59;1.24
0.0;0.0;0.0;-1.21;1.24
0.0;0.0;0.0;-1.42;1.17
0.0;0.0;0.0;-1.17;1.03
0.0;0.0;0.0;-1.58;1.1
84.0;443.5;32.0;-1.7;1.03
255.0;690.17;63.0;0.66;0.55
401.0;746.17;93.0;4.72;0.41
500.0;719.0;132.0;6.84;0.28
521.0;557.51;204.0;8.49;0.14
591.0;804.54;125.0;9.75;0.62
503.0;585.68;185.0;10.73;1.38
358.0;322.3;209.0;11.18;1.79
327.0;741.09;73.0;11.09;1.72
112.0;161.11;81.0;10.45;1.1
0.0;0.0;0.0;9.14;1.31
0.0;0.0;0.0;6.42;1.72
0.0;0.0;0.0;4.17;2.0
0.0;0.0;0.0;2.73;2.07
0.0;0.0;0.0;1.59;2.14
0.0;0.0;0.0;0.83;2.14
0.0;0.0;0.0;0.25;2.14
0.0;0.0;0.0;-0.39;2.07
0.0;0.0;0.0;-0.88;2.07
0.0;0.0;0.0;-0.74;2.0
0.0;0.0;0.0;-0.96;2.0
0.0;0.0;0.0;-1.24;2.07
0.0;0.0;0.0;-0.88;2.07
0.0;0.0;0.0;-1.04;2.07
84.0;383.5;37.0;-0.41;2.14
254.0;659.38;67.0;2.76;2.07
396.0;707.74;100.0;5.55;3.03
525.0;831.27;95.0;6.97;3.52
596.0;872.83;95.0;8.3;3.79
596.0;822.92;115.0;9.46;3.79
568.0;870.29;91.0;10.23;3.72
475.0;847.51;79.0;10.69;3.66
327.0;728.11;74.0;10.7;3.59
160.0;548.39;52.0;10.14;3.03
0.0;0.0;0.0;8.73;2.76
0.0;0.0;0.0;7.11;2.69
0.0;0.0;0.0;6.61;2.62
0.0;0.0;0.0;5.45;2.55
0.0;0.0;0.0;4.29;2.41
0.0;0.0;0.0;3.12;2.34
0.0;0.0;0.0;2.13;2.14
0.0;0.0;0.0;1.81;1.72
0.0;0.0;0.0;1.38;1.52
0.0;0.0;0.0;0.33;1.59
0.0;0.0;0.0;-0.15;1.45
0.0;0.0;0.0;-0.08;1.24
0.0;0.0;0.0;-0.19;1.17
0.0;0.0;0.0;-0.42;1.17
94.0;469.07;34.0;0.02;0.97
264.0;688.46;65.0;2.13;0.48
408.0;748.12;91.0;6.24;0.9
536.0;855.08;89.0;8.6;1.79
611.0;907.83;85.0;10.84;2.48
604.0;839.28;109.0;12.77;3.1
572.0;869.45;91.0;14.18;3.86
470.0;802.66;91.0;14.8;4.28
321.0;658.72;89.0;14.56;4.07
164.0;551.01;53.0;12.6;4.58
6.0;0.0;6.0;11.77;4.52
0.0;0.0;0.0;10.93;4.47
0.0;0.0;0.0;10.09;4.41
0.0;0.0;0.0;9.26;4.35
0.0;0.0;0.0;8.42;4.29
0.0;0.0;0.0;7.58;4.23
0.0;0.0;0.0;6.75;4.18
0.0;0.0;0.0;5.91;4.12
0.0;0.0;0.0;5.07;4.06
0.0;0.0;0.0;4.24;4.0
0.0;0.0;0.0;3.4;3.94
0.0;0.0;0.0;2.56;3.88
0.0;0.0;0.0;1.73;3.83
0.0;0.0;0.0;0.89;3.77
95.0;353.1;46.0;0.05;3.71
256.0;533.21;96.0;1.55;3.24
412.0;676.18;118.0;2.9;3.66
526.0;732.53;135.0;4.22;3.66
593.0;759.02;145.0;5.39;3.52
502.0;394.76;265.0;6.37;3.24
552.0;702.81;156.0;7.17;2.83
389.0;371.36;210.0;7.83;2.55
265.0;293.13;159.0;8.15;2.34
120.0;142.56;90.0;8.1;2.14
8.0;0.0;8.0;7.46;1.38
0.0;0.0;0.0;6.55;0.83
0.0;0.0;0.0;6.38;0.07
0.0;0.0;0.0;5.78;0.34
0.0;0.0;0.0;4.91;0.83
0.0;0.0;0.0;4.4;1.45
0.0;0.0;0.0;3.9;2.14
0.0;0.0;0.0;3.61;2.55
0.0;0.0;0.0;3.48;2.41
0.0;0.0;0.0;3.56;2.41
0.0;0.0;0.0;3.63;2.34
0.0;0.0;0.0;3.77;2.34
0.0;0.0;0.0;3.95;2.34
0.0;0.0;0.0;4.26;2.48
55.0;34.66;50.0;4.58;2.83
190.0;173.41;137.0;5.32;2.97
202.0;31.79;188.0;6.51;2.97
486.0;554.44;187.0;8.32;3.52
463.0;312.26;277.0;9.74;3.79
76.0;0.0;76.0;10.84;3.59
88.0;0.0;88.0;11.36;3.93
74.0;0.0;74.0;10.42;3.72
115.0;2.73;114.0;8.59;4.21
15.0;0.0;15.0;7.74;4.34
10.0;0.0;10.0;6.83;3.03
0.0;0.0;0.0;5.9;2.55
0.0;0.0;0.0;4.99;2.83
0.0;0.0;0.0;4.91;3.52
0.0;0.0;0.0;4.41;4.0
0.0;0.0;0.0;4.04;3.86
0.0;0.0;0.0;3.66;3.17
0.0;0.0;0.0;3.09;1.66
0.0;0.0;0.0;2.16;1.17
0.0;0.0;0.0;1.72;0.0
0.0;0.0;0.0;1.63;0.0
0.0;0.0;0.0;2.2;2.07
0.0;0.0;0.0;3.14;2.97
0.0;0.0;0.0;3.36;2.83
69.0;80.11;57.0;3.74;3.1
161.0;73.9;138.0;4.47;3.38
282.0;148.0;216.0;5.45;2.83
326.0;104.62;269.0;6.94;4.55
465.0;296.13;287.0;7.7;5.1
313.0;45.83;285.0;7.88;5.66
150.0;0.0;150.0;8.21;5.52
211.0;18.3;202.0;8.03;5.03
155.0;21.57;147.0;7.87;4.41
43.0;0.0;43.0;6.74;4.55
13.0;0.0;13.0;6.1;3.66
0.0;0.0;0.0;5.23;3.31
0.0;0.0;0.0;4.26;3.17
0.0;0.0;0.0;3.66;2.28
0.0;0.0;0.0;2.9;1.52
0.0;0.0;0.0;2.41;1.17
0.0;0.0;0.0;1.02;1.66
0.0;0.0;0.0;0.35;1.79
0.0;0.0;0.0;0.35;1.72
0.0;0.0;0.0;1.0;1.86
0.0;0.0;0.0;1.46;2.14
0.0;0.0;0.0;1.96;2.28
0.0;0.0;0.0;2.36;2.62
0.0;0.0;0.0;2.29;3.1
60.0;32.18;55.0;2.17;3.24
60.0;0.0;60.0;3.12;3.38
105.0;0.0;105.0;4.77;4.07
198.0;3.63;196.0;5.12;5.66
92.0;0.0;92.0;5.61;5.59
145.0;0.0;145.0;6.22;4.97
157.0;0.0;157.0;7.08;5.45
109.0;0.0;109.0;7.69;5.59
93.0;0.0;93.0;7.82;5.38
69.0;4.47;68.0;8.09;6.55
12.0;0.0;12.0;8.44;6.69
0.0;0.0;0.0;8.47;6.62
0.0;0.0;0.0;7.96;5.1
0.0;0.0;0.0;8.07;5.38
0.0;0.0;0.0;8.1;5.24
0.0;0.0;0.0;8.08;4.41
0.0;0.0;0.0;7.87;3.24
0.0;0.0;0.0;7.32;2.97
0.0;0.0;0.0;6.66;2.21
0.0;0.0;0.0;5.77;1.1
0.0;0.0;0.0;5.42;0.62
0.0;0.0;0.0;4.17;1.17
0.0;0.0;0.0;3.77;1.1
0.0;0.0;0.0;3.5;1.03
57.0;18.63;54.0;3.55;0.83
124.0;15.5;119.0;4.46;0.83
450.0;763.38;101.0;5.65;1.31
490.0;500.09;212.0;6.52;1.72
556.0;540.92;225.0;7.19;2.21
189.0;0.0;189.0;8.1;2.9
304.0;53.1;273.0;7.64;3.03
85.0;0.0;85.0;8.46;3.1
183.0;47.34;165.0;8.73;3.45
82.0;13.14;79.0;7.9;2.76
14.0;0.0;14.0;6.41;2.9
0.0;0.0;0.0;5.1;2.97
0.0;0.0;0.0;4.06;3.17
0.0;0.0;0.0;3.49;2.83
0.0;0.0;0.0;3.16;2.55
0.0;0.0;0.0;2.64;2.14
0.0;0.0;0.0;1.87;1.86
0.0;0.0;0.0;0.72;1.66
0.0;0.0;0.0;0.29;1.52
0.0;0.0;0.0;0.19;1.38
0.0;0.0;0.0;0.6;1.17
0.0;0.0;0.0;0.91;1.03
0.0;0.0;0.0;0.63;1.03
0.0;0.0;0.0;0.18;1.1
130.0;492.1;48.0;0.21;1.59
164.0;60.95;144.0;1.8;2.0
112.0;0.0;112.0;3.12;2.76
126.0;0.0;126.0;3.96;2.48
125.0;0.0;125.0;4.6;2.34
272.0;15.96;262.0;5.61;2.55
401.0;176.64;297.0;5.99;2.83
472.0;608.33;164.0;6.16;2.9
292.0;317.02;170.0;5.88;2.97
169.0;335.28;91.0;5.53;2.83
16.0;0.0;16.0;4.6;2.34
0.0;0.0;0.0;3.63;1.45
0.0;0.0;0.0;2.14;1.1
0.0;0.0;0.0;2.42;0.9
0.0;0.0;0.0;1.6;1.1
0.0;0.0;0.0;0.39;1.24
0.0;0.0;0.0;-0.16;1.17
0.0;0.0;0.0;-0.75;1.1
0.0;0.0;0.0;-1.61;1.17
0.0;0.0;0.0;-1.89;1.1
0.0;0.0;0.0;-1.93;1.03
0.0;0.0;0.0;-1.94;0.83
0.0;0.0;0.0;-2.24;0.69
0.0;0.0;0.0;-2.67;0.69
105.0;203.13;70.0;-1.59;0.34
308.0;665.0;86.0;1.11;0.28
455.0;715.12;120.0;3.55;0.69
527.0;583.79;196.0;5.17;0.62
638.0;793.28;144.0;6.0;0.41
58.0;0.0;58.0;7.09;1.1
217.0;3.37;215.0;7.63;1.31
98.0;0.0;98.0;7.77;1.52
89.0;0.0;89.0;6.84;2.28
99.0;29.53;92.0;5.26;2.83
17.0;0.0;17.0;4.74;2.0
0.0;0.0;0.0;3.79;2.62
0.0;0.0;0.0;2.32;2.97
0.0;0.0;0.0;1.69;3.1
0.0;0.0;0.0;0.95;3.03
0.0;0.0;0.0;0.52;2.97
0.0;0.0;0.0;0.23;3.03
0.0;0.0;0.0;0.09;3.03
0.0;0.0;0.0;0.31;3.03
0.0;0.0;0.0;0.37;2.97
0.0;0.0;0.0;0.52;3.03
0.0;0.0;0.0;0.3;2.69
0.0;0.0;0.0;0.23;2.62
0.0;0.0;0.0;0.19;2.55
0.0;0.0;0.0;0.74;4.34
159.0;41.23;145.0;1.24;5.24
314.0;170.85;233.0;2.46;4.76
249.0;17.47;239.0;3.33;4.83
74.0;0.0;74.0;3.84;4.76
290.0;20.41;277.0;4.74;4.62
65.0;0.0;65.0;5.49;4.69
286.0;73.66;248.0;6.08;5.03
223.0;93.92;186.0;6.12;4.69
82.0;8.29;80.0;5.86;4.21
35.0;218.82;20.0;5.27;3.31
0.0;0.0;0.0;4.19;2.62
0.0;0.0;0.0;2.67;2.41
0.0;0.0;0.0;1.6;2.28
0.0;0.0;0.0;0.5;2.14
0.0;0.0;0.0;-0.37;1.79
0.0;0.0;0.0;-0.64;1.45
0.0;0.0;0.0;-1.34;1.59
0.0;0.0;0.0;-2.4;1.72
0.0;0.0;0.0;-2.21;1.59
0.0;0.0;0.0;-0.76;1.1
0.0;0.0;0.0;-1.01;1.1
0.0;0.0;0.0;-1.96;1.31
0.0;0.0;0.0;-2.77;1.59
0.0;0.0;0.0;-2.08;1.66
244.0;257.78;155.0;1.47;2.21
182.0;8.34;178.0;2.91;3.24
390.0;174.72;289.0;3.92;3.72
456.0;217.84;318.0;5.21;4.0
307.0;29.58;288.0;6.48;4.21
126.0;0.0;126.0;7.69;4.62
103.0;0.0;103.0;7.48;4.34
148.0;7.53;145.0;6.35;4.69
35.0;0.0;35.0;4.75;4.9
7.0;0.0;7.0;3.81;4.76
0.0;0.0;0.0;3.17;4.55
0.0;0.0;0.0;2.66;3.86
0.0;0.0;0.0;2.29;3.38
0.0;0.0;0.0;1.83;2.69
0.0;0.0;0.0;1.36;2.14
0.0;0.0;0.0;1.03;1.59
0.0;0.0;0.0;0.76;0.97
0.0;0.0;0.0;1.43;0.34
0.0;0.0;0.0;1.34;0.41
0.0;0.0;0.0;0.86;0.83
0.0;0.0;0.0;0.56;0.9
0.0;0.0;0.0;0.54;1.1
0.0;0.0;0.0;0.05;1.45
76.0;31.66;70.0;0.79;1.59
234.0;207.98;161.0;3.72;1.93
473.0;729.28;119.0;5.59;3.45
554.0;632.28;185.0;6.89;3.52
534.0;391.33;284.0;8.14;3.59
348.0;57.15;311.0;9.39;3.93
417.0;182.36;306.0;10.08;4.21
423.0;363.58;232.0;10.17;4.48
378.0;677.38;105.0;10.08;4.55
209.0;543.83;73.0;9.4;4.14
43.0;259.95;23.0;8.69;4.14
0.0;0.0;0.0;7.38;3.72
0.0;0.0;0.0;6.28;3.66
0.0;0.0;0.0;5.73;3.66
0.0;0.0;0.0;5.17;3.72
0.0;0.0;0.0;4.54;3.79
0.0;0.0;0.0;4.23;3.93
0.0;0.0;0.0;3.74;3.86
0.0;0.0;0.0;3.44;3.79
0.0;0.0;0.0;3.14;3.72
0.0;0.0;0.0;2.89;3.72
0.0;0.0;0.0;2.69;3.66
0.0;0.0;0.0;2.49;3.52
0.0;0.0;0.0;2.25;3.31
151.0;450.69;63.0;2.91;3.72
299.0;473.75;130.0;4.35;4.34
477.0;710.7;128.0;5.92;4.9
484.0;373.44;264.0;7.6;4.9
517.0;330.64;304.0;8.91;4.76
484.0;242.13;326.0;10.09;5.24
454.0;244.45;304.0;10.5;5.17
459.0;466.01;212.0;10.93;5.38
381.0;660.11;112.0;10.61;5.03
206.0;475.65;85.0;10.06;4.34
42.0;197.27;26.0;9.32;4.07
0.0;0.0;0.0;8.2;4.0
0.0;0.0;0.0;7.72;4.34
0.0;0.0;0.0;6.96;4.07
0.0;0.0;0.0;6.17;3.79
0.0;0.0;0.0;5.36;3.52
0.0;0.0;0.0;4.56;3.24
0.0;0.0;0.0;3.83;0.0
0.0;0.0;0.0;3.3;0.0
0.0;0.0;0.0;2.63;2.83
0.0;0.0;0.0;2.13;2.76
0.0;0.0;0.0;1.63;2.55
0.0;0.0;0.0;1.21;2.48
0.0;0.0;0.0;0.93;2.48
103.0;94.51;84.0;1.51;2.21
223.0;146.22;170.0;3.77;2.97
374.0;285.87;232.0;5.64;3.86
553.0;580.2;208.0;7.06;3.72
653.0;742.09;171.0;8.61;4.28
166.0;0.0;166.0;9.84;4.69
115.0;0.0;115.0;10.57;4.69
109.0;0.0;109.0;10.9;4.48
154.0;7.28;151.0;11.07;4.55
95.0;11.6;92.0;10.88;4.14
27.0;23.46;25.0;10.05;4.21
0.0;0.0;0.0;8.84;4.28
0.0;0.0;0.0;7.79;4.14
0.0;0.0;0.0;7.12;3.93
0.0;0.0;0.0;6.46;3.79
0.0;0.0;0.0;5.86;3.72
0.0;0.0;0.0;5.14;3.66
0.0;0.0;0.0;4.45;3.66
0.0;0.0;0.0;3.93;3.72
0.0;0.0;0.0;3.45;3.66
0.0;0.0;0.0;2.93;3.52
0.0;0.0;0.0;2.55;3.38
0.0;0.0;0.0;2.2;3.31
6.0;0.0;6.0;2.03;3.17
158.0;425.45;70.0;2.86;2.97
317.0;518.7;126.0;4.24;3.66
483.0;686.75;138.0;5.78;4.07
603.0;763.18;145.0;6.99;3.66
636.0;661.25;203.0;8.03;3.59
286.0;15.09;276.0;8.5;3.38
317.0;43.31;290.0;9.03;3.24
368.0;187.27;267.0;9.47;2.62
248.0;120.08;198.0;9.8;2.07
208.0;437.37;93.0;9.9;1.72
46.0;178.96;30.0;9.4;1.79
0.0;0.0;0.0;7.67;2.28
0.0;0.0;0.0;6.18;3.17
0.0;0.0;0.0;5.39;2.83
0.0;0.0;0.0;4.49;2.48
0.0;0.0;0.0;3.39;2.14
0.0;0.0;0.0;2.13;1.93
0.0;0.0;0.0;1.25;1.79
0.0;0.0;0.0;0.48;1.66
0.0;0.0;0.0;0.0;1.52
0.0;0.0;0.0;-0.32;1.45
0.0;0.0;0.0;-0.55;1.38
0.0;0.0;0.0;-0.55;1.31
8.0;0.0;8.0;-0.46;1.24
167.0;470.25;67.0;0.97;0.55
344.0;655.12;99.0;3.68;0.62
498.0;742.12;121.0;5.9;1.03
618.0;805.82;130.0;7.56;1.31
695.0;868.05;122.0;9.07;1.38
697.0;847.55;131.0;10.29;1.52
649.0;830.97;127.0;11.24;1.72
538.0;746.41;132.0;11.8;1.93
400.0;701.04;105.0;11.96;2.07
225.0;538.96;81.0;11.68;2.14
56.0;277.98;30.0;10.64;1.79
0.0;0.0;0.0;8.8;2.21
0.0;0.0;0.0;7.64;2.28
0.0;0.0;0.0;6.05;2.21
0.0;0.0;0.0;4.53;2.14
0.0;0.0;0.0;3.38;1.93
0.0;0.0;0.0;2.71;1.72
0.0;0.0;0.0;2.25;1.59
0.0;0.0;0.0;1.87;1.52
0.0;0.0;0.0;1.48;1.45
0.0;0.0;0.0;1.36;1.38
0.0;0.0;0.0;1.75;1.24
0.0;0.0;0.0;1.77;1.24
9.0;0.0;9.0;1.29;1.31
173.0;476.04;69.0;1.2;0.76
352.0;668.89;98.0;4.37;0.55
512.0;780.71;111.0;6.8;0.9
627.0;819.89;126.0;8.56;1.24
693.0;844.66;131.0;9.99;1.66
694.0;818.93;143.0;11.07;2.14
642.0;786.76;144.0;11.62;2.69
518.0;641.74;166.0;11.76;3.31
389.0;616.21;127.0;11.28;3.79
149.0;110.54;119.0;10.61;3.86
28.0;10.24;27.0;9.35;3.24
0.0;0.0;0.0;7.95;2.76
0.0;0.0;0.0;7.63;3.38
0.0;0.0;0.0;7.41;3.79
0.0;0.0;0.0;6.52;4.14
0.0;0.0;0.0;5.64;4.07
0.0;0.0;0.0;4.75;4.0
0.0;0.0;0.0;4.1;4.0
0.0;0.0;0.0;3.3;4.0
0.0;0.0;0.0;2.72;3.86
0.0;0.0;0.0;2.28;3.79
0.0;0.0;0.0;2.02;3.72
0.0;0.0;0.0;1.8;3.52
11.0;0.0;11.0;1.69;3.31
86.0;22.29;81.0;2.3;3.59
199.0;67.45;173.0;2.62;3.59
155.0;0.0;155.0;3.38;3.03
99.0;0.0;99.0;3.8;2.69
117.0;0.0;117.0;4.1;2.14
111.0;0.0;111.0;3.89;2.0
144.0;0.0;144.0;4.16;2.0
200.0;3.62;198.0;4.84;2.07
76.0;0.0;76.0;4.15;1.52
96.0;10.89;93.0;3.98;1.52
56.0;206.43;35.0;3.85;1.38
0.0;0.0;0.0;3.39;1.03
0.0;0.0;0.0;3.13;1.17
0.0;0.0;0.0;2.17;1.38
0.0;0.0;0.0;1.79;1.24
0.0;0.0;0.0;1.42;1.03
0.0;0.0;0.0;1.11;1.03
0.0;0.0;0.0;0.7;0.76
0.0;0.0;0.0;0.62;0.83
0.0;0.0;0.0;-0.12;0.97
0.0;0.0;0.0;-0.74;0.9
0.0;0.0;0.0;-1.37;0.69
0.0;0.0;0.0;-1.9;0.55
14.0;0.0;14.0;-1.95;0.62
113.0;73.87;96.0;0.09;0.48
236.0;132.92;184.0;2.64;0.48
273.0;57.16;243.0;4.93;0.83
450.0;228.33;308.0;6.84;1.31
613.0;525.32;258.0;8.51;1.45
713.0;852.39;131.0;9.93;1.59
671.0;857.64;120.0;11.07;1.86
562.0;792.75;120.0;11.77;2.21
418.0;730.68;101.0;12.04;2.41
243.0;593.37;77.0;11.79;2.34
68.0;349.69;31.0;10.8;1.72
0.0;0.0;0.0;9.19;1.86
0.0;0.0;0.0;7.36;1.86
0.0;0.0;0.0;5.38;1.93
0.0;0.0;0.0;4.27;1.86
0.0;0.0;0.0;3.56;1.79
0.0;0.0;0.0;2.84;1.66
0.0;0.0;0.0;2.15;1.52
0.0;0.0;0.0;1.51;1.45
0.0;0.0;0.0;0.82;1.45
0.0;0.0;0.0;0.42;1.45
0.0;0.0;0.0;0.44;1.38
0.0;0.0;0.0;0.25;1.38
16.0;0.0;16.0;-0.11;1.31
200.0;567.91;66.0;1.33;0.76
382.0;730.57;92.0;5.14;0.69
544.0;829.52;104.0;7.7;1.31
660.0;868.81;115.0;9.3;1.66
735.0;917.85;110.0;10.72;1.79
739.0;908.81;114.0;11.91;2.0
685.0;879.23;116.0;12.71;2.21
574.0;814.91;116.0;13.1;2.34
431.0;762.34;97.0;13.09;2.41
252.0;623.45;75.0;12.65;2.28
73.0;364.08;33.0;11.54;1.66
0.0;0.0;0.0;9.83;2.0
0.0;0.0;0.0;7.92;2.0
0.0;0.0;0.0;6.01;2.0
0.0;0.0;0.0;5.0;2.0
0.0;0.0;0.0;3.92;1.93
0.0;0.0;0.0;3.09;1.79
0.0;0.0;0.0;2.58;1.66
0.0;0.0;0.0;2.0;1.66
0.0;0.0;0.0;1.38;1.66
0.0;0.0;0.0;0.76;1.66
0.0;0.0;0.0;0.34;1.59
0.0;0.0;0.0;-0.01;1.52
18.0;0.0;18.0;-0.27;1.52
202.0;541.82;71.0;1.8;0.9
385.0;717.71;96.0;5.59;0.83
549.0;824.64;107.0;8.14;1.1
660.0;850.39;122.0;9.85;1.1
734.0;897.87;118.0;11.33;1.17
735.0;876.4;128.0;12.59;1.31
688.0;869.89;121.0;13.49;1.59
577.0;806.76;120.0;14.01;1.79
432.0;745.96;102.0;14.1;2.0
253.0;600.65;80.0;13.75;1.93
76.0;359.94;35.0;12.78;1.31
0.0;0.0;0.0;10.81;1.31
0.0;0.0;0.0;8.19;2.07
0.0;0.0;0.0;6.54;2.07
0.0;0.0;0.0;5.67;1.93
0.0;0.0;0.0;5.46;1.72
0.0;0.0;0.0;5.0;1.59
0.0;0.0;0.0;4.84;1.45
0.0;0.0;0.0;5.42;1.17
0.0;0.0;0.0;5.36;0.97
0.0;0.0;0.0;4.81;0.97
0.0;0.0;0.0;4.09;1.03
0.0;0.0;0.0;3.41;1.1
18.0;0.0;18.0;2.88;1.17
87.0;12.12;84.0;3.75;0.41
132.0;2.45;131.0;6.07;0.41
153.0;0.0;153.0;8.15;0.55
418.0;153.61;320.0;9.69;0.55
583.0;405.11;303.0;11.14;0.41
434.0;117.57;352.0;12.47;0.55
300.0;22.85;285.0;13.27;0.83
327.0;87.59;277.0;13.57;0.97
278.0;143.3;214.0;13.49;0.97
111.0;17.12;106.0;12.65;0.9
46.0;50.88;40.0;12.1;0.48
0.0;0.0;0.0;11.21;0.34
0.0;0.0;0.0;10.62;0.0
0.0;0.0;0.0;10.02;0.69
0.0;0.0;0.0;8.08;1.24
0.0;0.0;0.0;7.56;1.59
0.0;0.0;0.0;7.15;1.86
0.0;0.0;0.0;6.54;1.93
0.0;0.0;0.0;6.18;1.93
0.0;0.0;0.0;5.65;2.14
0.0;0.0;0.0;4.72;2.41
0.0;0.0;0.0;3.77;2.48
0.0;0.0;0.0;3.1;2.48
22.0;0.0;22.0;2.62;2.48
185.0;347.26;97.0;3.9;2.48
374.0;603.78;124.0;5.49;3.59
537.0;740.35;132.0;6.93;3.45
651.0;785.04;146.0;8.56;3.38
734.0;876.15;124.0;9.75;3.38
746.0;889.97;121.0;10.81;3.66
687.0;848.71;126.0;11.53;4.0
577.0;784.04;126.0;11.8;4.21
433.0;725.39;106.0;11.71;4.34
258.0;594.22;82.0;11.1;4.0
82.0;360.84;38.0;10.17;3.45
0.0;0.0;0.0;8.91;3.38
0.0;0.0;0.0;8.28;3.79
0.0;0.0;0.0;7.49;3.79
0.0;0.0;0.0;6.85;3.59
0.0;0.0;0.0;6.12;3.38
0.0;0.0;0.0;5.45;3.38
0.0;0.0;0.0;4.87;3.24
0.0;0.0;0.0;4.2;2.9
0.0;0.0;0.0;3.7;2.76
0.0;0.0;0.0;3.19;2.83
0.0;0.0;0.0;2.87;2.97
0.0;0.0;0.0;2.42;2.97
48.0;293.02;24.0;2.14;2.97
210.0;482.23;85.0;3.06;2.69
391.0;655.18;116.0;5.08;0.0
559.0;798.15;118.0;6.74;0.0
675.0;844.97;127.0;8.48;4.28
748.0;889.84;124.0;10.07;4.48
715.0;748.18;186.0;11.4;5.03
696.0;851.95;129.0;12.51;5.59
591.0;812.7;120.0;12.71;5.72
446.0;751.73;104.0;12.35;5.72
261.0;576.23;88.0;11.84;5.52
60.0;95.3;48.0;10.79;5.24
0.0;0.0;0.0;9.4;5.24
0.0;0.0;0.0;8.99;5.17
0.0;0.0;0.0;8.33;5.1
0.0;0.0;0.0;7.6;4.97
0.0;0.0;0.0;6.89;4.97
0.0;0.0;0.0;6.21;4.97
0.0;0.0;0.0;5.68;5.1
0.0;0.0;0.0;5.34;5.24
0.0;0.0;0.0;4.98;5.24
0.0;0.0;0.0;4.64;5.24
0.0;0.0;0.0;4.37;5.38
0.0;0.0;0.0;4.14;5.52
55.0;353.17;24.0;3.97;5.66
235.0;633.97;67.0;5.27;5.24
420.0;780.49;88.0;6.5;6.69
576.0;842.32;106.0;7.75;7.17
687.0;867.27;120.0;9.16;8.55
756.0;901.97;119.0;9.88;8.28
751.0;868.25;133.0;10.1;7.52
688.0;804.44;149.0;10.37;8.0
588.0;782.75;131.0;11.05;8.21
367.0;372.49;196.0;10.62;7.66
212.0;262.95;132.0;10.53;7.38
67.0;138.57;49.0;10.01;6.28
0.0;0.0;0.0;9.06;5.93
0.0;0.0;0.0;8.03;6.21
0.0;0.0;0.0;7.32;5.79
0.0;0.0;0.0;6.8;5.45
0.0;0.0;0.0;6.33;5.17
0.0;0.0;0.0;6.06;4.97
0.0;0.0;0.0;5.54;4.76
0.0;0.0;0.0;5.2;4.41
0.0;0.0;0.0;4.81;4.21
0.0;0.0;0.0;4.44;4.07
0.0;0.0;0.0;4.13;3.79
0.0;0.0;0.0;3.94;3.66
60.0;352.41;27.0;3.74;3.86
239.0;620.46;71.0;4.52;3.17
420.0;754.07;95.0;6.03;4.14
573.0;811.14;116.0;7.57;4.0
686.0;845.26;129.0;8.98;4.14
750.0;867.58;133.0;10.1;4.48
761.0;880.71;130.0;10.86;4.41
701.0;837.68;136.0;11.47;4.41
593.0;783.89;132.0;11.5;4.48
419.0;580.78;150.0;11.55;4.14
242.0;405.53;117.0;11.08;3.66
68.0;127.01;51.0;10.38;2.83
0.0;0.0;0.0;9.4;2.41
0.0;0.0;0.0;8.05;2.55
0.0;0.0;0.0;7.17;2.55
0.0;0.0;0.0;6.4;2.34
0.0;0.0;0.0;5.27;2.0
0.0;0.0;0.0;4.06;1.79
0.0;0.0;0.0;3.79;1.59
0.0;0.0;0.0;3.89;1.38
0.0;0.0;0.0;3.74;1.31
0.0;0.0;0.0;3.94;1.17
0.0;0.0;0.0;4.17;1.1
0.0;0.0;0.0;4.15;1.1
23.0;0.0;23.0;3.92;1.17
70.0;0.0;70.0;5.36;0.76
221.0;59.55;195.0;7.78;0.62
160.0;0.0;160.0;8.97;0.55
240.0;4.52;237.0;10.01;1.45
267.0;4.19;264.0;9.94;1.59
144.0;0.0;144.0;9.42;1.72
146.0;0.0;146.0;9.01;1.03
53.0;0.0;53.0;9.03;0.48
158.0;4.28;156.0;8.87;0.62
110.0;9.61;107.0;8.68;1.03
22.0;0.0;22.0;8.37;1.24
0.0;0.0;0.0;8.1;1.17
0.0;0.0;0.0;7.82;0.83
0.0;0.0;0.0;7.6;0.9
0.0;0.0;0.0;7.52;0.83
0.0;0.0;0.0;7.53;0.83
0.0;0.0;0.0;7.52;0.76
0.0;0.0;0.0;7.74;0.62
0.0;0.0;0.0;7.8;0.48
0.0;0.0;0.0;7.79;0.41
0.0;0.0;0.0;7.67;0.41
0.0;0.0;0.0;7.49;0.48
0.0;0.0;0.0;7.12;0.62
64.0;284.81;34.0;6.45;0.83
253.0;655.44;68.0;7.66;0.69
438.0;789.32;89.0;9.51;0.9
595.0;860.41;101.0;10.89;1.52
695.0;850.23;126.0;11.88;1.31
742.0;812.84;156.0;12.81;0.62
781.0;921.85;112.0;13.91;0.21
727.0;903.02;110.0;14.67;0.07
616.0;850.0;109.0;15.29;0.69
463.0;768.17;101.0;15.55;1.59
284.0;645.29;80.0;15.44;2.28
105.0;451.67;41.0;14.6;2.07
0.0;0.0;0.0;12.84;2.41
0.0;0.0;0.0;12.77;3.59
0.0;0.0;0.0;12.34;4.55
0.0;0.0;0.0;11.87;5.31
0.0;0.0;0.0;11.29;5.79
0.0;0.0;0.0;10.7;6.14
0.0;0.0;0.0;10.3;6.21
0.0;0.0;0.0;10.13;6.28
0.0;0.0;0.0;9.93;6.28
0.0;0.0;0.0;9.55;6.0
0.0;0.0;0.0;9.21;4.07
0.0;0.0;0.0;8.51;2.14
38.0;26.99;35.0;7.71;1.66
47.0;0.0;47.0;7.77;1.1
102.0;0.0;102.0;8.73;0.07
104.0;0.0;104.0;8.23;1.17
95.0;0.0;95.0;7.96;2.07
198.0;0.0;198.0;7.8;2.07
270.0;4.11;267.0;8.33;1.93
247.0;2.91;245.0;8.9;1.66
274.0;26.64;258.0;9.7;1.38
467.0;778.55;97.0;10.53;1.38
288.0;653.03;79.0;10.77;1.79
106.0;439.58;42.0;10.19;2.28
0.0;0.0;0.0;8.99;2.55
0.0;0.0;0.0;7.92;1.86
0.0;0.0;0.0;6.38;1.79
0.0;0.0;0.0;4.87;1.79
0.0;0.0;0.0;3.9;1.93
0.0;0.0;0.0;3.29;1.93
0.0;0.0;0.0;3.43;2.07
0.0;0.0;0.0;3.88;2.07
0.0;0.0;0.0;4.41;2.28
0.0;0.0;0.0;4.43;2.55
0.0;0.0;0.0;5.35;2.97
0.0;0.0;0.0;6.5;3.52
43.0;34.2;39.0;7.23;3.93
28.0;0.0;28.0;7.7;4.55
82.0;0.0;82.0;7.6;4.83
63.0;0.0;63.0;7.79;4.83
187.0;0.0;187.0;9.43;4.9
337.0;24.64;319.0;10.98;5.31
746.0;792.08;164.0;13.55;5.79
403.0;89.61;341.0;15.46;5.59
289.0;34.73;268.0;16.05;4.76
199.0;16.69;191.0;16.39;4.55
140.0;30.87;130.0;15.59;3.79
22.0;0.0;22.0;14.51;3.52
0.0;0.0;0.0;12.82;3.03
0.0;0.0;0.0;11.7;3.31
0.0;0.0;0.0;10.9;3.17
0.0;0.0;0.0;10.22;2.97
0.0;0.0;0.0;9.76;2.83
0.0;0.0;0.0;9.09;2.83
0.0;0.0;0.0;8.7;2.83
0.0;0.0;0.0;8.29;2.76
0.0;0.0;0.0;7.95;2.62
0.0;0.0;0.0;7.41;2.41
0.0;0.0;0.0;6.71;2.21
0.0;0.0;0.0;5.82;2.0
67.0;179.23;45.0;5.59;1.79
156.0;86.87;130.0;7.54;1.03
202.0;26.16;190.0;10.02;1.52
317.0;66.11;278.0;12.08;1.86
430.0;128.6;342.0;13.44;2.0
279.0;5.44;275.0;14.66;2.28
317.0;14.88;306.0;14.92;2.14
204.0;0.0;204.0;15.55;2.34
213.0;3.29;211.0;15.16;2.41
237.0;47.61;214.0;14.07;1.79
120.0;12.2;116.0;13.12;1.72
28.0;0.0;28.0;12.72;1.52
0.0;0.0;0.0;12.1;1.72
0.0;0.0;0.0;11.73;1.72
0.0;0.0;0.0;11.24;1.72
0.0;0.0;0.0;11.08;1.93
0.0;0.0;0.0;10.99;2.28
0.0;0.0;0.0;10.51;2.55
0.0;0.0;0.0;10.18;2.48
0.0;0.0;0.0;9.63;2.34
0.0;0.0;0.0;9.15;2.21
0.0;0.0;0.0;8.58;2.14
0.0;0.0;0.0;7.74;2.28
0.0;0.0;0.0;7.31;2.34
64.0;132.28;47.0;8.06;2.55
136.0;39.36;124.0;10.28;3.79
239.0;62.49;210.0;12.34;4.0
372.0;136.1;291.0;14.63;4.83
612.0;512.17;259.0;16.26;4.97
734.0;740.67;186.0;17.09;4.97
657.0;490.82;292.0;17.21;5.03
708.0;802.53;146.0;17.3;5.31
565.0;607.1;193.0;17.14;5.93
390.0;392.19;199.0;17.34;6.28
247.0;346.79;132.0;17.01;5.38
95.0;235.41;58.0;16.24;5.24
0.0;0.0;0.0;15.14;5.1
0.0;0.0;0.0;14.7;5.17
0.0;0.0;0.0;13.72;4.97
0.0;0.0;0.0;12.98;4.83
0.0;0.0;0.0;12.45;4.83
0.0;0.0;0.0;11.98;4.9
0.0;0.0;0.0;11.39;5.03
0.0;0.0;0.0;10.8;4.9
0.0;0.0;0.0;10.59;4.76
0.0;0.0;0.0;10.49;4.62
0.0;0.0;0.0;10.42;4.62
0.0;0.0;0.0;10.5;4.76
50.0;37.24;45.0;11.05;5.17
126.0;22.54;119.0;12.38;5.59
191.0;14.91;184.0;13.39;4.48
138.0;0.0;138.0;14.63;3.66
74.0;0.0;74.0;15.55;3.59
130.0;0.0;130.0;16.6;3.03
140.0;0.0;140.0;17.4;1.93
163.0;0.0;163.0;18.21;1.45
162.0;0.0;162.0;18.53;1.38
61.0;0.0;61.0;18.71;1.03
44.0;0.0;44.0;16.8;2.01
18.0;0.0;18.0;15.95;2.09
0.0;0.0;0.0;15.09;2.17
0.0;0.0;0.0;14.24;2.24
0.0;0.0;0.0;13.38;2.32
0.0;0.0;0.0;12.53;2.4
0.0;0.0;0.0;11.68;2.47
0.0;0.0;0.0;10.82;2.55
0.0;0.0;0.0;9.97;2.62
0.0;0.0;0.0;9.11;2.7
0.0;0.0;0.0;8.26;2.78
0.0;0.0;0.0;7.41;2.85
0.0;0.0;0.0;6.55;2.93
0.0;0.0;0.0;5.7;3.01
45.0;22.35;42.0;4.84;3.08
232.0;344.61;125.0;3.99;3.16
234.0;51.12;210.0;6.75;3.93
117.0;0.0;117.0;7.34;4.41
201.0;0.0;201.0;8.33;4.76
472.0;123.58;380.0;8.9;4.69
593.0;310.16;361.0;9.71;5.03
466.0;151.9;359.0;10.05;5.03
321.0;51.89;289.0;10.27;4.9
230.0;34.63;213.0;10.36;4.76
267.0;414.41;128.0;9.9;4.28
64.0;37.27;58.0;9.38;3.72
0.0;0.0;0.0;8.59;2.9
0.0;0.0;0.0;7.88;2.28
0.0;0.0;0.0;6.7;1.79
0.0;0.0;0.0;5.19;1.72
0.0;0.0;0.0;4.2;1.86
0.0;0.0;0.0;3.46;1.93
0.0;0.0;0.0;3.12;1.79
0.0;0.0;0.0;3.15;1.59
0.0;0.0;0.0;3.05;1.45
0.0;0.0;0.0;3.0;1.38
0.0;0.0;0.0;1.94;1.52
0.0;0.0;0.0;2.35;1.31
64.0;85.74;52.0;2.88;1.17
132.0;28.48;123.0;5.23;0.9
274.0;105.31;224.0;7.35;1.24
221.0;4.96;218.0;8.04;1.52
162.0;0.0;162.0;8.78;1.79
118.0;0.0;118.0;8.74;1.59
111.0;0.0;111.0;8.78;0.76
80.0;0.0;80.0;8.99;0.76
81.0;0.0;81.0;9.45;1.72
173.0;4.04;171.0;9.73;1.59
112.0;5.9;110.0;9.62;1.38
61.0;24.27;57.0;9.2;1.45
0.0;0.0;0.0;8.59;1.31
0.0;0.0;0.0;8.89;1.79
0.0;0.0;0.0;8.88;1.93
0.0;0.0;0.0;8.86;2.14
0.0;0.0;0.0;8.92;2.34
0.0;0.0;0.0;8.86;2.48
0.0;0.0;0.0;8.72;2.41
0.0;0.0;0.0;8.49;2.07
0.0;0.0;0.0;8.27;1.79
0.0;0.0;0.0;8.06;1.66
0.0;0.0;0.0;7.81;1.52
0.0;0.0;0.0;7.54;1.45
51.0;20.6;48.0;7.36;1.38
235.0;329.66;129.0;7.23;2.0
344.0;260.37;219.0;8.27;2.07
459.0;286.68;284.0;9.27;2.14
559.0;336.79;322.0;10.57;2.21
539.0;218.96;374.0;11.65;2.07
459.0;107.06;378.0;12.54;1.79
316.0;19.65;302.0;12.75;1.52
376.0;112.08;306.0;12.85;1.66
256.0;60.19;226.0;13.0;1.59
234.0;247.86;149.0;12.81;1.59
11.0;0.0;11.0;12.27;1.52
0.0;0.0;0.0;11.18;1.93
0.0;0.0;0.0;9.99;1.45
0.0;0.0;0.0;8.99;1.17
0.0;0.0;0.0;7.46;1.72
0.0;0.0;0.0;8.12;2.34
0.0;0.0;0.0;8.47;3.45
0.0;0.0;0.0;7.94;2.41
0.0;0.0;0.0;7.14;1.03
0.0;0.0;0.0;7.52;0.07
0.0;0.0;0.0;6.42;0.9
0.0;0.0;0.0;6.76;0.76
0.0;0.0;0.0;6.87;0.97
50.0;13.22;48.0;7.11;0.83
122.0;12.23;118.0;8.46;1.86
340.0;236.95;225.0;8.63;2.41
267.0;19.5;255.0;9.17;3.24
109.0;0.0;109.0;9.36;3.66
140.0;0.0;140.0;9.39;3.1
187.0;0.0;187.0;10.02;3.17
120.0;0.0;120.0;11.01;3.24
142.0;0.0;142.0;12.04;3.31
60.0;0.0;60.0;11.98;3.24
70.0;0.0;70.0;10.37;4.07
26.0;0.0;26.0;8.98;4.48
0.0;0.0;0.0;8.1;4.14
0.0;0.0;0.0;7.14;4.41
0.0;0.0;0.0;6.34;4.55
0.0;0.0;0.0;5.79;4.69
0.0;0.0;0.0;5.22;4.9
0.0;0.0;0.0;4.79;5.1
0.0;0.0;0.0;4.45;5.31
0.0;0.0;0.0;4.33;5.45
0.0;0.0;0.0;4.19;5.59
0.0;0.0;0.0;3.83;5.52
0.0;0.0;0.0;3.57;5.52
0.0;0.0;0.0;3.19;5.52
106.0;325.11;55.0;2.99;4.9
297.0;613.65;93.0;3.65;5.79
479.0;737.98;117.0;4.59;6.34
633.0;804.37;134.0;6.08;6.76
746.0;844.21;144.0;7.49;7.03
797.0;830.26;164.0;8.53;6.97
634.0;360.81;358.0;9.21;6.76
518.0;210.96;366.0;9.64;6.62
444.0;200.9;317.0;10.22;6.55
483.0;677.98;140.0;10.26;6.55
311.0;593.68;103.0;10.07;6.28
111.0;238.51;69.0;9.4;5.66
0.0;0.0;0.0;8.3;5.24
0.0;0.0;0.0;7.27;5.1
0.0;0.0;0.0;6.55;5.03
0.0;0.0;0.0;5.87;4.83
0.0;0.0;0.0;5.22;4.55
0.0;0.0;0.0;4.63;4.28
0.0;0.0;0.0;4.02;3.93
0.0;0.0;0.0;3.38;3.66
0.0;0.0;0.0;2.84;3.52
0.0;0.0;0.0;2.32;3.31
0.0;0.0;0.0;1.82;3.1
0.0;0.0;0.0;1.37;2.97
124.0;461.73;49.0;1.37;2.83
311.0;660.12;88.0;3.46;3.24
494.0;772.69;111.0;5.32;4.07
647.0;828.47;129.0;6.98;4.28
761.0;868.04;138.0;8.55;4.55
808.0;838.6;165.0;9.88;4.97
811.0;840.01;165.0;10.9;5.31
756.0;824.11;159.0;11.53;5.59
649.0;787.83;148.0;11.75;5.79
502.0;741.78;124.0;11.62;5.72
325.0;652.5;94.0;11.36;5.45
138.0;461.56;55.0;10.62;4.9
0.0;0.0;0.0;9.33;4.97
0.0;0.0;0.0;8.42;4.97
0.0;0.0;0.0;7.61;4.76
0.0;0.0;0.0;6.87;4.55
0.0;0.0;0.0;6.18;4.28
0.0;0.0;0.0;5.54;4.07
0.0;0.0;0.0;4.88;3.79
0.0;0.0;0.0;4.12;3.52
0.0;0.0;0.0;3.42;3.24
0.0;0.0;0.0;2.71;2.9
0.0;0.0;0.0;1.93;2.62
0.0;0.0;0.0;1.12;2.48
128.0;452.5;52.0;0.86;2.21
319.0;670.27;89.0;3.78;2.34
503.0;778.81;113.0;5.84;2.83
660.0;842.76;129.0;7.52;2.69
770.0;868.11;143.0;9.16;2.62
831.0;885.82;148.0;10.61;2.76
834.0;886.06;149.0;11.79;2.76
782.0;884.29;138.0;12.69;2.69
664.0;817.65;141.0;13.28;2.55
518.0;785.23;115.0;13.57;2.62
337.0;690.6;90.0;13.47;2.62
147.0;506.72;54.0;12.67;2.21
0.0;0.0;0.0;10.82;2.55
0.0;0.0;0.0;9.43;2.97
0.0;0.0;0.0;8.12;2.9
0.0;0.0;0.0;6.91;2.62
0.0;0.0;0.0;5.44;2.28
0.0;0.0;0.0;3.81;2.07
0.0;0.0;0.0;2.65;1.86
0.0;0.0;0.0;1.73;1.66
0.0;0.0;0.0;1.22;1.59
0.0;0.0;0.0;0.71;1.45
0.0;0.0;0.0;0.45;1.38
0.0;0.0;0.0;0.26;1.31
131.0;443.97;54.0;1.14;0.97
319.0;648.64;93.0;3.92;0.62
495.0;727.56;127.0;7.44;0.48
659.0;833.28;130.0;9.36;0.55
772.0;872.38;138.0;10.97;0.69
832.0;890.02;142.0;12.41;1.1
835.0;890.51;143.0;13.57;1.66
779.0;874.23;139.0;14.39;2.0
666.0;823.87;136.0;14.82;2.14
511.0;746.86;125.0;14.92;2.21
339.0;689.23;90.0;14.68;2.07
146.0;470.03;58.0;13.88;1.52
0.0;0.0;0.0;12.36;1.72
0.0;0.0;0.0;10.61;2.21
0.0;0.0;0.0;8.54;2.21
0.0;0.0;0.0;7.09;2.07
0.0;0.0;0.0;5.98;2.0
0.0;0.0;0.0;4.59;1.86
0.0;0.0;0.0;3.48;1.66
0.0;0.0;0.0;2.81;1.52
0.0;0.0;0.0;2.34;1.38
0.0;0.0;0.0;1.85;1.31
0.0;0.0;0.0;1.47;1.38
0.0;0.0;0.0;1.3;1.45
135.0;436.08;57.0;2.27;1.24
327.0;667.33;91.0;6.62;1.03
507.0;765.49;116.0;10.93;1.59
661.0;830.27;130.0;13.42;2.55
769.0;853.41;145.0;15.32;3.24
829.0;871.14;150.0;16.84;3.79
826.0;855.29;158.0;17.91;4.14
771.0;839.87;153.0;18.63;4.21
663.0;803.79;143.0;18.94;4.14
515.0;757.11;121.0;18.74;4.0
338.0;668.76;94.0;17.96;3.59
151.0;492.43;57.0;16.5;3.52
0.0;0.0;0.0;14.41;3.45
0.0;0.0;0.0;13.29;3.52
0.0;0.0;0.0;11.92;3.45
0.0;0.0;0.0;10.8;3.38
0.0;0.0;0.0;9.83;3.31
0.0;0.0;0.0;8.99;3.24
0.0;0.0;0.0;8.2;3.1
0.0;0.0;0.0;7.47;2.97
0.0;0.0;0.0;6.74;2.9
0.0;0.0;0.0;6.07;2.83
0.0;0.0;0.0;5.43;2.76
0.0;0.0;0.0;4.84;2.69
144.0;483.04;55.0;5.0;2.55
335.0;688.36;88.0;8.54;2.48
509.0;752.37;121.0;11.67;3.1
619.0;647.32;202.0;13.51;3.86
681.0;549.24;277.0;14.98;4.55
751.0;610.05;273.0;16.03;5.03
825.0;838.32;167.0;16.79;5.31
774.0;838.37;154.0;17.19;5.38
662.0;788.6;149.0;17.43;5.38
532.0;813.08;106.0;17.21;5.24
67.0;0.0;67.0;16.61;4.55
112.0;164.49;80.0;15.51;4.34
0.0;0.0;0.0;13.92;4.14
0.0;0.0;0.0;13.29;4.21
0.0;0.0;0.0;12.43;3.93
0.0;0.0;0.0;11.54;3.79
0.0;0.0;0.0;10.48;3.66
0.0;0.0;0.0;9.34;3.45
0.0;0.0;0.0;8.37;3.24
0.0;0.0;0.0;7.66;3.03
0.0;0.0;0.0;7.06;2.9
0.0;0.0;0.0;6.41;2.34
0.0;0.0;0.0;5.93;2.21
0.0;0.0;0.0;5.5;2.07
39.0;0.0;39.0;5.48;1.72
152.0;24.73;143.0;9.24;1.93
213.0;15.37;205.0;11.32;2.21
271.0;13.87;262.0;12.96;1.79
490.0;156.79;374.0;14.26;1.03
734.0;580.25;277.0;15.19;0.69
824.0;859.61;146.0;16.41;0.55
719.0;671.44;220.0;17.28;0.9
343.0;55.04;307.0;17.74;0.69
148.0;0.0;148.0;17.66;1.03
177.0;48.39;159.0;17.39;1.17
137.0;322.96;73.0;16.63;1.03
0.0;0.0;0.0;15.45;1.59
0.0;0.0;0.0;13.82;2.21
0.0;0.0;0.0;12.53;2.21
0.0;0.0;0.0;11.47;2.07
0.0;0.0;0.0;10.11;2.0
0.0;0.0;0.0;9.03;1.93
0.0;0.0;0.0;8.3;1.79
0.0;0.0;0.0;7.93;1.72
0.0;0.0;0.0;7.4;1.66
0.0;0.0;0.0;6.94;1.59
0.0;0.0;0.0;6.81;1.52
0.0;0.0;0.0;6.84;1.38
143.0;415.68;62.0;7.78;1.03
327.0;617.89;99.0;10.37;0.62
508.0;742.34;118.0;13.25;0.9
651.0;783.7;139.0;14.72;0.83
755.0;804.99;156.0;16.16;0.76
821.0;852.72;146.0;17.41;0.9
822.0;853.0;146.0;18.32;1.1
762.0;822.19;148.0;18.86;1.03
660.0;798.41;135.0;19.17;0.9
511.0;736.49;120.0;19.21;0.9
335.0;633.92;97.0;19.08;0.97
154.0;460.9;61.0;18.55;0.9
0.0;0.0;0.0;17.04;1.1
0.0;0.0;0.0;14.9;1.52
0.0;0.0;0.0;16.09;0.83
0.0;0.0;0.0;15.38;0.34
0.0;0.0;0.0;14.48;0.9
0.0;0.0;0.0;13.18;1.1
0.0;0.0;0.0;11.22;1.31
0.0;0.0;0.0;9.76;1.52
0.0;0.0;0.0;8.93;1.45
0.0;0.0;0.0;8.36;1.31
0.0;0.0;0.0;7.74;1.24
0.0;0.0;0.0;6.89;1.24
151.0;439.81;63.0;7.39;0.97
337.0;641.73;97.0;11.42;0.69
518.0;756.46;117.0;14.98;0.41
666.0;808.8;134.0;17.09;0.62
779.0;856.61;138.0;18.68;1.52
837.0;874.9;141.0;19.73;2.34
838.0;875.39;141.0;20.41;2.9
781.0;858.28;137.0;20.78;3.03
673.0;821.47;130.0;20.92;3.1
520.0;746.74;121.0;20.78;3.1
344.0;654.5;96.0;20.26;2.9
160.0;482.06;61.0;19.22;2.41
0.0;0.0;0.0;17.36;2.41
0.0;0.0;0.0;15.7;2.62
0.0;0.0;0.0;14.17;2.55
0.0;0.0;0.0;12.73;2.48
0.0;0.0;0.0;11.32;2.41
0.0;0.0;0.0;10.01;2.34
0.0;0.0;0.0;9.0;2.41
0.0;0.0;0.0;8.31;2.48
0.0;0.0;0.0;7.69;2.28
0.0;0.0;0.0;7.03;2.07
0.0;0.0;0.0;6.32;1.93
0.0;0.0;0.0;5.87;1.79
149.0;360.53;75.0;7.08;1.38
342.0;614.9;109.0;11.18;1.31
530.0;761.08;123.0;14.19;1.93
678.0;806.45;144.0;16.03;2.21
796.0;871.86;140.0;17.8;2.28
854.0;888.18;144.0;19.3;2.41
855.0;888.9;144.0;20.43;2.55
793.0;856.95;147.0;21.21;2.83
688.0;835.31;133.0;21.62;2.97
541.0;795.96;113.0;21.7;3.03
359.0;695.68;93.0;21.29;2.76
168.0;512.11;61.0;20.21;2.28
5.0;0.0;5.0;18.22;2.34
0.0;0.0;0.0;16.43;2.34
0.0;0.0;0.0;13.9;2.21
0.0;0.0;0.0;12.38;1.93
0.0;0.0;0.0;12.0;1.72
0.0;0.0;0.0;10.34;1.79
0.0;0.0;0.0;8.67;1.79
0.0;0.0;0.0;7.49;1.66
0.0;0.0;0.0;6.73;1.45
0.0;0.0;0.0;6.11;1.38
0.0;0.0;0.0;5.47;1.59
6.0;0.0;6.0;5.08;1.72
171.0;522.91;61.0;6.48;1.52
363.0;703.5;93.0;11.52;1.59
531.0;739.75;132.0;15.32;2.21
666.0;736.7;175.0;17.84;3.24
713.0;580.33;274.0;19.56;3.86
792.0;669.83;254.0;20.81;4.21
863.0;894.87;144.0;21.61;4.34
809.0;890.02;135.0;22.29;4.34
695.0;841.58;133.0;22.72;4.41
542.0;781.78;119.0;22.62;4.41
353.0;635.08;108.0;21.92;3.79
132.0;202.36;89.0;20.53;3.93
7.0;0.0;7.0;18.55;4.14
0.0;0.0;0.0;17.21;4.34
0.0;0.0;0.0;15.94;4.41
0.0;0.0;0.0;14.78;4.21
0.0;0.0;0.0;13.6;3.93
0.0;0.0;0.0;12.67;3.72
0.0;0.0;0.0;11.94;3.45
0.0;0.0;0.0;11.35;3.1
0.0;0.0;0.0;10.98;2.76
0.0;0.0;0.0;10.29;2.55
0.0;0.0;0.0;9.73;2.48
8.0;0.0;8.0;9.45;2.55
31.0;0.0;31.0;9.92;2.41
148.0;12.87;143.0;13.01;3.38
83.0;0.0;83.0;14.53;4.07
174.0;0.0;174.0;15.55;4.14
140.0;0.0;140.0;16.06;4.07
155.0;0.0;155.0;16.71;4.07
244.0;0.0;244.0;18.58;5.1
219.0;0.0;219.0;19.82;6.07
527.0;330.79;305.0;19.93;6.34
521.0;718.23;130.0;19.81;5.93
345.0;608.99;108.0;19.61;5.17
68.0;9.26;66.0;18.99;3.93
3.0;0.0;3.0;17.74;3.24
0.0;0.0;0.0;16.04;3.45
0.0;0.0;0.0;15.27;3.45
0.0;0.0;0.0;14.46;3.31
0.0;0.0;0.0;13.77;3.17
0.0;0.0;0.0;13.01;3.03
0.0;0.0;0.0;12.54;2.76
0.0;0.0;0.0;11.75;2.55
0.0;0.0;0.0;11.22;2.55
0.0;0.0;0.0;10.98;2.55
0.0;0.0;0.0;10.69;2.34
3.0;0.0;3.0;10.44;2.14
44.0;0.0;44.0;10.48;1.79
83.0;0.0;83.0;11.59;1.72
178.0;1.82;177.0;12.1;1.38
124.0;0.0;124.0;12.87;1.52
268.0;2.62;266.0;13.38;1.45
371.0;23.44;352.0;14.07;1.1
750.0;592.23;270.0;14.78;0.9
293.0;6.54;288.0;15.05;1.1
99.0;0.0;99.0;14.9;1.1
271.0;49.3;244.0;14.95;1.03
144.0;10.19;140.0;15.32;0.62
33.0;0.0;33.0;14.93;0.69
1.0;0.0;1.0;14.11;0.97
0.0;0.0;0.0;12.86;0.69
0.0;0.0;0.0;11.95;1.03
0.0;0.0;0.0;11.19;1.31
0.0;0.0;0.0;10.77;1.24
0.0;0.0;0.0;10.41;1.24
0.0;0.0;0.0;10.52;1.1
0.0;0.0;0.0;10.41;1.03
0.0;0.0;0.0;10.2;1.1
0.0;0.0;0.0;10.24;1.03
0.0;0.0;0.0;10.48;1.17
9.0;0.0;9.0;10.95;1.31
129.0;159.78;93.0;11.35;1.52
157.0;17.59;150.0;11.16;2.28
135.0;0.0;135.0;11.41;3.72
433.0;144.32;335.0;12.91;3.24
509.0;161.41;385.0;13.83;3.45
572.0;201.42;408.0;14.59;3.52
477.0;90.92;403.0;15.16;3.59
408.0;57.34;364.0;16.09;3.86
413.0;119.53;332.0;16.83;4.14
399.0;265.0;253.0;17.07;4.21
275.0;255.13;174.0;16.9;4.28
99.0;53.81;87.0;16.06;3.79
11.0;0.0;11.0;14.57;3.52
0.0;0.0;0.0;13.21;3.31
0.0;0.0;0.0;11.91;3.24
0.0;0.0;0.0;10.77;2.9
0.0;0.0;0.0;9.76;2.62
0.0;0.0;0.0;8.79;2.21
0.0;0.0;0.0;7.57;1.93
0.0;0.0;0.0;6.63;1.79
0.0;0.0;0.0;6.05;1.66
0.0;0.0;0.0;5.7;1.45
0.0;0.0;0.0;5.35;1.38
16.0;38.84;14.0;5.8;1.1
145.0;225.93;93.0;6.63;0.62
219.0;89.42;183.0;8.35;0.34
494.0;551.07;187.0;9.36;0.55
545.0;351.34;305.0;10.78;0.83
223.0;0.0;223.0;12.08;0.69
334.0;9.78;326.0;12.73;0.34
215.0;0.0;215.0;12.83;0.41
102.0;0.0;102.0;12.77;0.69
148.0;0.0;148.0;12.88;0.9
88.0;0.0;88.0;12.94;1.38
34.0;0.0;34.0;12.89;1.24
45.0;0.0;45.0;12.7;1.45
8.0;0.0;8.0;12.25;1.66
0.0;0.0;0.0;11.13;2.0
0.0;0.0;0.0;10.3;1.79
0.0;0.0;0.0;9.27;1.79
0.0;0.0;0.0;8.91;1.66
0.0;0.0;0.0;8.54;1.66
0.0;0.0;0.0;8.42;1.59
0.0;0.0;0.0;7.56;1.59
0.0;0.0;0.0;7.59;1.31
0.0;0.0;0.0;7.29;1.17
0.0;0.0;0.0;7.36;0.97
23.0;123.92;16.0;7.25;0.9
184.0;468.21;74.0;7.95;0.62
360.0;591.94;119.0;10.27;0.55
390.0;217.33;268.0;12.73;0.83
694.0;803.42;142.0;14.88;1.72
752.0;678.08;226.0;16.43;2.76
845.0;820.68;171.0;17.46;3.24
849.0;837.19;162.0;18.26;3.52
815.0;886.56;129.0;18.65;3.66
705.0;849.44;124.0;18.92;3.86
553.0;787.68;114.0;18.76;3.93
371.0;678.33;98.0;18.32;3.72
182.0;500.18;67.0;17.36;3.31
14.0;0.0;14.0;15.8;3.31
0.0;0.0;0.0;14.97;3.24
0.0;0.0;0.0;14.0;3.17
0.0;0.0;0.0;12.92;3.1
0.0;0.0;0.0;11.97;2.97
0.0;0.0;0.0;10.99;2.76
0.0;0.0;0.0;9.92;2.55
0.0;0.0;0.0;8.71;2.34
0.0;0.0;0.0;7.55;2.14
0.0;0.0;0.0;6.67;2.0
0.0;0.0;0.0;5.99;1.79
32.0;244.23;17.0;5.52;1.66
199.0;550.81;67.0;7.02;1.17
389.0;707.02;98.0;11.32;1.1
569.0;801.02;116.0;13.32;1.66
721.0;859.67;127.0;14.91;1.59
830.0;895.6;132.0;16.43;1.45
896.0;936.11;124.0;17.72;1.59
900.0;947.98;119.0;18.69;1.72
836.0;917.72;123.0;19.35;1.66
716.0;858.69;126.0;19.74;1.45
560.0;786.83;119.0;19.9;1.24
380.0;692.61;99.0;19.79;1.03
191.0;531.42;67.0;19.41;0.69
16.0;0.0;16.0;18.32;0.48
0.0;0.0;0.0;18.44;0.62
0.0;0.0;0.0;17.39;1.03
0.0;0.0;0.0;13.68;1.66
0.0;0.0;0.0;11.57;1.86
0.0;0.0;0.0;10.47;1.72
0.0;0.0;0.0;9.35;1.59
0.0;0.0;0.0;8.57;1.45
0.0;0.0;0.0;8.16;1.31
0.0;0.0;0.0;7.69;1.17
0.0;0.0;0.0;6.8;1.24
35.0;241.4;19.0;6.11;1.24
202.0;540.35;70.0;8.05;0.69
389.0;694.76;100.0;12.58;0.41
574.0;807.54;114.0;15.86;0.41
722.0;854.93;128.0;17.98;0.83
826.0;877.47;139.0;19.67;1.1
895.0;931.11;124.0;20.94;1.38
593.0;209.18;420.0;21.85;1.59
782.0;744.85;201.0;22.34;1.79
708.0;830.24;135.0;22.68;2.0
563.0;793.14;116.0;22.7;2.21
381.0;687.16;100.0;22.27;2.34
192.0;523.79;68.0;21.12;2.21
17.0;0.0;17.0;19.05;2.41
0.0;0.0;0.0;16.72;3.17
0.0;0.0;0.0;15.1;3.03
0.0;0.0;0.0;13.78;2.83
0.0;0.0;0.0;12.59;2.69
0.0;0.0;0.0;11.63;2.69
0.0;0.0;0.0;11.22;2.97
0.0;0.0;0.0;11.03;2.97
0.0;0.0;0.0;10.57;2.55
0.0;0.0;0.0;9.61;2.28
0.0;0.0;0.0;8.25;2.14
22.0;28.14;20.0;7.31;2.0
178.0;325.49;97.0;8.41;1.52
390.0;678.13;105.0;12.21;0.83
576.0;800.13;117.0;14.51;0.69
731.0;868.94;124.0;16.41;0.69
835.0;892.63;133.0;18.14;0.76
895.0;921.4;129.0;19.51;1.03
903.0;944.36;119.0;20.55;1.66
839.0;914.35;123.0;21.17;2.34
720.0;855.48;127.0;21.43;2.9
567.0;795.89;116.0;21.28;3.1
383.0;681.83;102.0;20.92;3.03
194.0;508.1;72.0;20.0;2.14
18.0;0.0;18.0;18.39;1.79
0.0;0.0;0.0;16.89;1.93
0.0;0.0;0.0;14.69;1.93
0.0;0.0;0.0;13.06;1.93
0.0;0.0;0.0;12.04;1.86
0.0;0.0;0.0;11.02;1.79
0.0;0.0;0.0;9.67;1.79
0.0;0.0;0.0;8.65;1.72
0.0;0.0;0.0;8.03;1.66
0.0;0.0;0.0;7.69;1.66
0.0;0.0;0.0;7.39;1.66
40.0;224.28;23.0;7.31;1.59
208.0;536.82;72.0;9.85;0.97
396.0;692.58;102.0;13.22;0.55
574.0;782.54;122.0;15.62;0.9
726.0;851.57;128.0;17.12;1.24
829.0;873.56;139.0;18.46;1.31
893.0;913.04;131.0;19.57;1.52
878.0;876.07;148.0;20.31;1.38
820.0;859.98;144.0;20.77;1.24
707.0;811.59;142.0;21.07;1.17
548.0;712.66;142.0;21.07;1.03
381.0;664.59;105.0;20.84;1.17
198.0;529.86;69.0;20.24;1.38
20.0;0.0;20.0;18.59;1.45
0.0;0.0;0.0;17.1;1.52
0.0;0.0;0.0;15.09;1.79
0.0;0.0;0.0;14.09;2.41
0.0;0.0;0.0;14.91;3.38
0.0;0.0;0.0;14.9;4.14
0.0;0.0;0.0;14.76;4.28
0.0;0.0;0.0;14.59;4.14
0.0;0.0;0.0;14.3;4.07
0.0;0.0;0.0;14.06;4.07
0.0;0.0;0.0;13.81;3.93
25.0;24.86;23.0;13.55;3.79
83.0;7.76;81.0;13.33;3.66
91.0;0.0;91.0;14.28;3.31
163.0;0.0;163.0;14.57;3.31
178.0;0.0;178.0;15.68;4.21
89.0;0.0;89.0;16.96;4.97
643.0;296.04;395.0;18.16;5.17
164.0;0.0;164.0;19.23;5.17
96.0;0.0;96.0;17.72;4.07
62.0;0.0;62.0;18.42;3.45
49.0;0.0;49.0;18.44;3.66
139.0;4.78;137.0;17.51;2.69
167.0;291.75;95.0;16.83;2.69
11.0;0.0;11.0;16.01;2.69
0.0;0.0;0.0;14.16;3.24
0.0;0.0;0.0;13.53;3.1
0.0;0.0;0.0;13.15;3.1
0.0;0.0;0.0;12.89;3.03
0.0;0.0;0.0;12.47;2.83
0.0;0.0;0.0;12.05;2.83
0.0;0.0;0.0;12.0;2.9
0.0;0.0;0.0;11.43;2.83
0.0;0.0;0.0;10.93;2.62
0.0;0.0;0.0;10.47;2.41
40.0;141.14;28.0;9.95;2.21
157.0;179.33;110.0;10.85;1.86
318.0;314.29;182.0;13.8;3.1
404.0;220.41;275.0;15.12;3.93
500.0;222.73;342.0;15.94;4.21
530.0;166.97;397.0;17.3;4.83
810.0;677.9;240.0;18.21;4.97
834.0;759.01;197.0;18.76;5.1
763.0;690.74;216.0;19.36;5.17
684.0;740.74;164.0;19.67;5.59
355.0;138.97;275.0;19.85;5.45
179.0;26.09;168.0;19.37;5.17
79.0;8.0;77.0;18.5;4.34
8.0;0.0;8.0;17.17;4.14
0.0;0.0;0.0;15.96;4.0
0.0;0.0;0.0;15.05;4.0
0.0;0.0;0.0;14.37;3.86
0.0;0.0;0.0;13.64;3.52
0.0;0.0;0.0;13.2;3.17
0.0;0.0;0.0;12.89;2.83
0.0;0.0;0.0;12.49;2.41
0.0;0.0;0.0;12.2;1.79
0.0;0.0;0.0;11.88;1.24
0.0;0.0;0.0;11.69;0.62
4.0;0.0;4.0;11.48;0.62
81.0;3.75;80.0;11.4;0.62
62.0;0.0;62.0;12.91;1.03
189.0;1.7;188.0;13.81;1.66
214.0;0.0;214.0;14.12;2.21
499.0;128.79;396.0;14.71;1.72
546.0;146.94;422.0;14.4;0.9
398.0;29.69;373.0;14.45;0.48
347.0;18.87;332.0;14.93;0.41
141.0;0.0;141.0;14.92;1.45
59.0;0.0;59.0;13.51;3.1
115.0;0.0;115.0;12.25;4.62
24.0;0.0;24.0;10.92;5.38
18.0;0.0;18.0;9.72;5.72
0.0;0.0;0.0;9.43;5.72
0.0;0.0;0.0;9.03;5.52
0.0;0.0;0.0;8.81;5.38
0.0;0.0;0.0;8.64;4.97
0.0;0.0;0.0;8.45;4.48
0.0;0.0;0.0;8.33;4.14
0.0;0.0;0.0;8.3;4.14
0.0;0.0;0.0;8.15;3.86
0.0;0.0;0.0;8.07;3.52
0.0;0.0;0.0;7.9;3.38
48.0;180.96;31.0;7.62;3.45
133.0;70.23;114.0;7.84;3.59
205.0;38.58;188.0;8.28;4.14
0.0;0.0;0.0;9.25;5.03
617.0;450.99;294.0;10.3;5.24
674.0;396.06;356.0;11.03;4.97
621.0;230.27;426.0;11.1;4.83
0.0;0.0;0.0;12.24;5.1
695.0;456.41;331.0;12.75;4.9
457.0;144.14;355.0;12.9;4.83
163.0;0.0;163.0;13.03;4.76
254.0;128.61;199.0;12.61;4.34
194.0;405.26;90.0;12.23;3.79
26.0;0.0;26.0;11.6;3.45
0.0;0.0;0.0;10.11;3.17
0.0;0.0;0.0;9.33;3.03
0.0;0.0;0.0;8.39;2.83
0.0;0.0;0.0;7.48;2.55
0.0;0.0;0.0;6.65;2.41
0.0;0.0;0.0;5.94;2.34
0.0;0.0;0.0;5.53;2.21
0.0;0.0;0.0;5.05;2.0
0.0;0.0;0.0;4.53;1.93
0.0;0.0;0.0;4.15;1.79
45.0;111.92;34.0;4.38;1.38
177.0;218.48;117.0;5.63;1.03
334.0;319.5;192.0;8.46;1.38
599.0;805.12;119.0;9.72;1.38
715.0;747.75;177.0;11.14;1.1
826.0;806.47;176.0;12.38;1.1
868.0;788.48;198.0;13.37;1.17
819.0;648.74;269.0;14.45;1.31
698.0;457.34;332.0;15.01;1.52
587.0;388.5;311.0;15.29;1.79
269.0;29.09;252.0;15.5;2.0
265.0;148.6;201.0;15.51;1.66
210.0;504.13;79.0;15.31;1.31
24.0;0.0;24.0;14.21;1.45
0.0;0.0;0.0;12.88;1.03
0.0;0.0;0.0;13.14;0.69
0.0;0.0;0.0;12.01;0.97
0.0;0.0;0.0;9.86;1.45
0.0;0.0;0.0;8.81;1.59
0.0;0.0;0.0;8.48;1.45
0.0;0.0;0.0;8.64;1.31
0.0;0.0;0.0;8.07;1.24
0.0;0.0;0.0;7.3;1.31
0.0;0.0;0.0;6.77;1.24
38.0;48.76;33.0;6.36;1.17
240.0;599.36;73.0;7.62;0.55
419.0;702.83;104.0;10.89;0.55
563.0;662.04;166.0;13.07;0.97
749.0;868.94;121.0;14.42;1.45
846.0;877.64;136.0;15.51;2.0
689.0;348.35;392.0;16.54;2.55
844.0;733.66;220.0;17.7;3.03
634.0;323.8;374.0;18.66;3.45
621.0;483.77;276.0;19.13;3.38
313.0;68.12;273.0;18.97;3.38
196.0;34.59;181.0;17.38;2.42
120.0;53.22;106.0;16.57;2.41
26.0;0.0;26.0;15.75;2.41
0.0;0.0;0.0;14.93;2.4
0.0;0.0;0.0;14.11;2.39
0.0;0.0;0.0;13.3;2.39
0.0;0.0;0.0;12.48;2.38
0.0;0.0;0.0;11.66;2.37
0.0;0.0;0.0;10.84;2.37
0.0;0.0;0.0;10.03;2.36
0.0;0.0;0.0;9.21;2.35
0.0;0.0;0.0;8.39;2.35
0.0;0.0;0.0;7.57;2.34
26.0;0.0;26.0;6.76;2.33
43.0;0.0;43.0;5.94;2.33
140.0;2.21;139.0;5.12;2.32
172.0;0.0;172.0;8.29;2.48
194.0;0.0;194.0;8.62;2.48
126.0;0.0;126.0;8.8;2.62
425.0;37.41;393.0;9.57;3.03
542.0;128.93;432.0;10.67;3.24
689.0;435.69;338.0;11.22;3.03
564.0;333.87;325.0;12.07;2.83
375.0;150.85;286.0;12.44;2.76
286.0;196.96;200.0;12.42;2.41
157.0;161.52;114.0;12.27;2.0
30.0;0.0;30.0;12.0;1.59
0.0;0.0;0.0;10.58;1.38
0.0;0.0;0.0;9.92;1.45
0.0;0.0;0.0;9.03;1.59
0.0;0.0;0.0;8.47;1.59
0.0;0.0;0.0;8.08;1.66
0.0;0.0;0.0;7.92;1.66
0.0;0.0;0.0;7.2;1.72
0.0;0.0;0.0;6.65;1.79
0.0;0.0;0.0;6.19;1.86
0.0;0.0;0.0;5.75;2.0
56.0;144.38;40.0;5.81;1.79
98.0;10.47;95.0;7.6;1.59
176.0;13.17;170.0;10.12;2.83
324.0;67.62;283.0;11.49;3.45
521.0;226.36;356.0;12.99;3.79
576.0;207.42;407.0;14.34;4.0
722.0;403.23;376.0;15.29;4.21
753.0;476.73;345.0;16.2;4.21
722.0;512.24;308.0;16.2;4.07
381.0;58.46;339.0;16.29;3.93
309.0;60.74;273.0;16.34;4.0
181.0;20.48;172.0;15.84;3.66
95.0;11.14;92.0;15.31;3.24
29.0;0.0;29.0;14.59;2.97
0.0;0.0;0.0;13.86;2.83
0.0;0.0;0.0;13.35;2.97
0.0;0.0;0.0;12.93;3.1
0.0;0.0;0.0;12.54;3.38
0.0;0.0;0.0;12.3;3.79
0.0;0.0;0.0;12.17;4.14
0.0;0.0;0.0;11.88;4.41
0.0;0.0;0.0;11.79;4.55
0.0;0.0;0.0;11.61;4.62
0.0;0.0;0.0;11.42;4.55
13.0;0.0;13.0;11.03;4.62
48.0;0.0;48.0;11.1;4.76
79.0;0.0;79.0;11.01;4.9
172.0;0.0;172.0;11.8;5.03
311.0;16.4;299.0;13.29;6.0
144.0;0.0;144.0;14.43;6.76
391.0;22.07;372.0;15.28;7.45
169.0;0.0;169.0;15.0;6.55
373.0;25.9;352.0;15.29;7.17
159.0;0.0;159.0;15.28;6.69
201.0;3.36;199.0;15.28;5.86
45.0;0.0;45.0;15.17;5.59
28.0;0.0;28.0;15.0;5.38
5.0;0.0;5.0;14.61;5.17
0.0;0.0;0.0;14.06;5.17
0.0;0.0;0.0;13.74;5.03
0.0;0.0;0.0;13.27;5.03
0.0;0.0;0.0;13.03;5.24
0.0;0.0;0.0;12.6;5.1
0.0;0.0;0.0;12.36;4.9
0.0;0.0;0.0;12.04;4.76
0.0;0.0;0.0;11.82;4.62
0.0;0.0;0.0;11.55;4.48
0.0;0.0;0.0;11.31;4.34
19.0;0.0;19.0;11.28;4.34
23.0;0.0;23.0;11.73;4.48
115.0;0.0;115.0;12.88;4.9
238.0;9.79;232.0;14.02;5.03
384.0;57.16;342.0;15.34;5.03
760.0;607.1;262.0;16.81;5.59
600.0;199.24;428.0;18.01;5.31
398.0;25.55;376.0;18.88;4.83
555.0;189.36;401.0;19.43;4.9
209.0;0.0;209.0;19.51;4.76
173.0;0.0;173.0;19.51;4.83
145.0;4.49;143.0;19.56;5.03
91.0;7.26;89.0;19.07;4.83
17.0;0.0;17.0;18.35;4.76
0.0;0.0;0.0;17.85;4.14
0.0;0.0;0.0;17.07;4.0
0.0;0.0;0.0;16.58;3.86
0.0;0.0;0.0;16.02;3.59
0.0;0.0;0.0;15.47;3.31
0.0;0.0;0.0;14.9;3.17
0.0;0.0;0.0;14.34;2.9
0.0;0.0;0.0;13.68;2.62
0.0;0.0;0.0;12.94;2.34
0.0;0.0;0.0;12.46;1.93
38.0;16.31;36.0;12.12;1.66
125.0;33.62;115.0;13.37;1.38
396.0;528.3;150.0;15.43;2.0
580.0;693.4;153.0;16.51;1.79
727.0;771.34;158.0;17.79;1.52
822.0;786.2;175.0;19.36;1.31
883.0;831.59;163.0;20.72;1.1
823.0;659.07;254.0;21.6;1.03
765.0;633.81;248.0;22.24;1.03
682.0;658.26;204.0;23.02;1.45
569.0;712.4;141.0;23.06;2.07
394.0;602.48;124.0;23.04;2.55
217.0;462.96;88.0;22.28;2.48
50.0;144.48;35.0;20.8;2.21
0.0;0.0;0.0;19.83;2.14
0.0;0.0;0.0;18.11;2.21
0.0;0.0;0.0;16.57;2.07
0.0;0.0;0.0;15.16;1.93
0.0;0.0;0.0;13.82;1.86
0.0;0.0;0.0;13.0;1.79
0.0;0.0;0.0;12.49;1.66
0.0;0.0;0.0;12.19;1.52
0.0;0.0;0.0;11.93;1.45
0.0;0.0;0.0;11.26;1.59
70.0;197.88;45.0;11.01;1.52
240.0;485.2;94.0;13.52;1.17
417.0;616.37;128.0;17.19;1.31
589.0;720.76;143.0;19.19;1.86
733.0;786.02;151.0;20.69;1.86
834.0;816.45;160.0;22.11;1.86
884.0;830.39;163.0;23.3;1.86
886.0;843.22;156.0;24.27;2.0
829.0;827.52;152.0;25.05;2.28
719.0;780.92;150.0;25.54;2.76
568.0;697.72;147.0;25.42;3.03
397.0;603.17;125.0;25.28;3.1
219.0;465.08;88.0;24.04;2.41
52.0;130.71;38.0;22.51;0.76
0.0;0.0;0.0;20.87;2.34
0.0;0.0;0.0;19.64;2.34
0.0;0.0;0.0;18.46;2.21
0.0;0.0;0.0;16.93;1.93
0.0;0.0;0.0;15.63;1.79
0.0;0.0;0.0;14.85;1.45
0.0;0.0;0.0;14.08;1.45
0.0;0.0;0.0;13.81;1.31
0.0;0.0;0.0;13.67;1.17
0.0;0.0;0.0;13.43;1.1
72.0;192.31;47.0;13.34;1.03
235.0;427.19;105.0;14.74;0.62
422.0;616.5;131.0;17.99;0.34
592.0;704.53;154.0;19.88;0.28
739.0;781.84;158.0;21.48;0.34
839.0;811.56;167.0;22.96;0.9
890.0;824.67;172.0;24.25;1.66
901.0;866.29;149.0;25.29;2.62
848.0;860.5;142.0;25.9;3.17
736.0;815.26;140.0;25.82;3.17
592.0;770.67;125.0;25.26;3.17
415.0;672.23;110.0;25.04;3.03
237.0;555.02;79.0;23.92;2.34
69.0;317.15;34.0;22.11;1.86
0.0;0.0;0.0;20.5;2.14
0.0;0.0;0.0;18.88;2.28
0.0;0.0;0.0;17.77;2.28
0.0;0.0;0.0;17.14;2.41
0.0;0.0;0.0;16.31;2.69
0.0;0.0;0.0;15.85;2.83
0.0;0.0;0.0;15.66;2.83
0.0;0.0;0.0;15.26;2.48
0.0;0.0;0.0;14.96;2.07
0.0;0.0;0.0;14.44;2.0
90.0;359.36;42.0;14.04;1.86
229.0;373.82;114.0;15.38;1.66
402.0;513.6;158.0;16.98;1.93
382.0;131.3;300.0;18.67;3.45
725.0;732.18;179.0;19.35;3.59
779.0;626.15;259.0;20.36;2.76
749.0;447.89;358.0;21.51;1.66
879.0;803.13;180.0;22.61;0.83
484.0;97.23;404.0;23.37;0.55
660.0;563.09;247.0;23.92;0.97
575.0;703.36;147.0;23.83;1.31
56.0;0.0;56.0;22.69;1.24
37.0;0.0;37.0;22.45;1.24
6.0;0.0;6.0;20.18;1.86
0.0;0.0;0.0;17.73;2.69
0.0;0.0;0.0;16.39;2.28
0.0;0.0;0.0;15.65;2.21
0.0;0.0;0.0;15.51;2.07
0.0;0.0;0.0;15.15;2.07
0.0;0.0;0.0;14.66;1.79
0.0;0.0;0.0;13.98;1.45
0.0;0.0;0.0;13.14;1.45
0.0;0.0;0.0;12.26;1.52
0.0;0.0;0.0;12.09;1.38
43.0;14.59;41.0;12.14;1.03
25.0;0.0;25.0;14.15;0.76
391.0;460.2;171.0;16.35;2.97
270.0;20.73;257.0;16.86;4.62
455.0;118.94;366.0;17.59;4.21
378.0;24.01;358.0;18.66;3.59
637.0;241.08;426.0;20.05;3.24
687.0;328.91;400.0;21.07;3.1
746.0;558.78;285.0;21.82;3.03
632.0;479.75;279.0;22.24;3.24
550.0;600.65;183.0;22.41;3.52
404.0;605.47;126.0;22.09;3.86
225.0;450.83;94.0;20.95;3.31
56.0;128.46;41.0;20.23;3.03
0.0;0.0;0.0;18.72;2.69
0.0;0.0;0.0;17.67;2.97
0.0;0.0;0.0;16.36;3.1
0.0;0.0;0.0;15.44;2.9
0.0;0.0;0.0;15.01;2.76
0.0;0.0;0.0;14.73;2.55
0.0;0.0;0.0;14.51;2.21
0.0;0.0;0.0;14.19;2.0
0.0;0.0;0.0;13.99;1.93
0.0;0.0;0.0;14.03;2.21
8.0;0.0;8.0;13.77;2.76
109.0;9.55;106.0;13.32;2.97
104.0;0.0;104.0;13.82;3.17
92.0;0.0;92.0;13.54;3.45
182.0;0.0;182.0;13.09;3.52
171.0;0.0;171.0;12.73;3.79
345.0;7.98;338.0;12.56;3.66
325.0;4.57;321.0;12.9;3.52
156.0;0.0;156.0;13.08;2.83
266.0;4.06;263.0;13.79;2.62
454.0;290.15;276.0;13.57;1.93
224.0;51.97;200.0;14.24;2.07
154.0;102.22;124.0;14.32;2.21
67.0;216.81;41.0;13.98;2.14
0.0;0.0;0.0;14.07;1.86
0.0;0.0;0.0;13.29;1.93
0.0;0.0;0.0;12.89;2.14
0.0;0.0;0.0;12.49;2.34
0.0;0.0;0.0;12.1;2.55
0.0;0.0;0.0;11.6;2.62
0.0;0.0;0.0;11.07;2.55
0.0;0.0;0.0;10.39;2.48
0.0;0.0;0.0;9.83;2.34
0.0;0.0;0.0;9.16;2.07
65.0;76.53;54.0;8.72;1.86
138.0;37.85;126.0;10.81;1.59
284.0;119.9;226.0;12.79;1.93
611.0;728.91;150.0;14.17;1.59
767.0;831.26;141.0;15.65;1.1
869.0;862.23;147.0;17.41;0.76
920.0;876.55;149.0;18.4;0.41
916.0;874.71;149.0;19.42;0.62
863.0;870.54;141.0;20.23;0.9
751.0;825.27;140.0;21.07;0.83
604.0;771.24;129.0;21.46;1.03
426.0;667.46;116.0;21.5;1.52
246.0;546.66;84.0;21.09;2.07
70.0;219.44;43.0;19.95;1.93
0.0;0.0;0.0;18.97;1.86
0.0;0.0;0.0;17.51;1.86
0.0;0.0;0.0;16.03;1.72
0.0;0.0;0.0;15.28;1.59
0.0;0.0;0.0;14.5;1.66
0.0;0.0;0.0;13.48;1.79
0.0;0.0;0.0;12.66;1.93
0.0;0.0;0.0;11.97;2.0
0.0;0.0;0.0;11.46;1.93
0.0;0.0;0.0;11.08;1.93
46.0;13.61;44.0;11.32;1.79
133.0;28.13;124.0;13.64;1.59
397.0;441.99;182.0;16.28;2.34
476.0;297.67;287.0;17.95;2.69
715.0;660.61;216.0;19.4;3.17
846.0;796.88;177.0;20.47;3.59
813.0;578.45;303.0;21.28;4.07
708.0;351.57;399.0;21.89;4.48
582.0;205.66;411.0;22.33;4.9
355.0;35.01;329.0;22.23;5.1
305.0;46.9;276.0;22.1;4.97
247.0;77.08;211.0;21.7;4.55
143.0;66.85;123.0;20.89;4.07
48.0;47.57;42.0;19.66;3.86
0.0;0.0;0.0;18.38;3.1
0.0;0.0;0.0;17.36;2.48
0.0;0.0;0.0;15.9;1.72
0.0;0.0;0.0;13.62;3.66
0.0;0.0;0.0;11.18;4.14
0.0;0.0;0.0;10.14;3.31
0.0;0.0;0.0;9.7;3.52
0.0;0.0;0.0;9.13;3.59
0.0;0.0;0.0;8.59;3.59
0.0;0.0;0.0;8.04;3.38
9.0;0.0;9.0;7.71;3.1
43.0;0.0;43.0;7.74;2.41
56.0;0.0;56.0;8.05;3.66
113.0;0.0;113.0;7.97;3.86
189.0;0.0;189.0;8.07;4.21
154.0;0.0;154.0;8.47;4.41
166.0;0.0;166.0;8.63;3.86
171.0;0.0;171.0;8.83;4.69
87.0;0.0;87.0;8.98;4.21
96.0;0.0;96.0;9.11;4.62
83.0;0.0;83.0;8.52;4.9
51.0;0.0;51.0;8.08;4.97
30.0;0.0;30.0;7.77;4.83
7.0;0.0;7.0;7.67;4.62
0.0;0.0;0.0;7.7;3.59
0.0;0.0;0.0;7.26;3.79
0.0;0.0;0.0;6.89;4.14
0.0;0.0;0.0;6.54;4.28
0.0;0.0;0.0;6.37;4.07
0.0;0.0;0.0;6.4;4.07
0.0;0.0;0.0;6.51;4.34
0.0;0.0;0.0;6.73;4.62
0.0;0.0;0.0;7.05;4.41
0.0;0.0;0.0;7.43;4.28
67.0;71.86;56.0;7.64;4.14
69.0;0.0;69.0;7.84;4.21
48.0;0.0;48.0;9.07;3.03
104.0;0.0;104.0;9.52;3.59
130.0;0.0;130.0;9.64;3.79
107.0;0.0;107.0;9.65;4.62
262.0;0.0;262.0;9.9;4.9
142.0;0.0;142.0;10.95;4.48
175.0;0.0;175.0;11.52;4.0
141.0;0.0;141.0;11.84;3.79
88.0;0.0;88.0;11.89;3.66
179.0;10.59;174.0;11.95;3.38
90.0;3.28;89.0;11.85;2.76
7.0;0.0;7.0;11.67;1.93
0.0;0.0;0.0;11.5;2.14
0.0;0.0;0.0;11.2;2.0
0.0;0.0;0.0;10.95;1.93
0.0;0.0;0.0;10.87;1.86
0.0;0.0;0.0;10.79;1.52
0.0;0.0;0.0;10.71;1.03
0.0;0.0;0.0;10.61;1.31
0.0;0.0;0.0;10.54;1.52
0.0;0.0;0.0;10.54;1.66
0.0;0.0;0.0;10.62;1.66
9.0;0.0;9.0;10.79;1.86
44.0;0.0;44.0;11.08;2.21
128.0;0.0;128.0;11.98;3.17
110.0;0.0;110.0;12.64;3.72
149.0;0.0;149.0;13.35;4.34
128.0;0.0;128.0;13.78;4.21
412.0;25.91;389.0;15.65;3.66
458.0;49.73;414.0;16.98;3.45
742.0;515.8;310.0;17.32;3.72
452.0;114.82;366.0;17.5;4.0
143.0;0.0;143.0;17.93;4.41
172.0;8.43;168.0;17.58;4.41
153.0;78.06;129.0;16.34;3.79
8.0;0.0;8.0;15.75;3.1
0.0;0.0;0.0;14.54;3.24
0.0;0.0;0.0;13.89;3.17
0.0;0.0;0.0;13.34;3.03
0.0;0.0;0.0;13.28;2.97
0.0;0.0;0.0;13.01;2.9
0.0;0.0;0.0;12.77;2.62
0.0;0.0;0.0;12.46;2.41
0.0;0.0;0.0;12.15;2.34
0.0;0.0;0.0;12.32;2.21
0.0;0.0;0.0;12.04;1.93
76.0;94.45;61.0;12.04;1.66
131.0;24.18;123.0;12.97;1.45
166.0;4.03;164.0;13.62;2.83
266.0;15.53;256.0;14.61;2.07
386.0;47.13;350.0;15.84;1.93
224.0;0.0;224.0;16.87;2.0
505.0;78.71;435.0;17.6;2.55
330.0;4.51;326.0;18.26;2.83
566.0;178.69;416.0;18.45;3.1
405.0;67.9;354.0;18.82;3.45
235.0;7.97;230.0;18.74;3.17
298.0;163.5;220.0;18.66;3.03
172.0;122.53;134.0;18.01;2.21
69.0;130.37;51.0;16.52;2.34
0.0;0.0;0.0;14.95;1.66
0.0;0.0;0.0;14.15;1.38
0.0;0.0;0.0;13.17;2.0
0.0;0.0;0.0;13.22;1.93
0.0;0.0;0.0;12.84;2.0
0.0;0.0;0.0;12.41;2.07
0.0;0.0;0.0;11.72;2.14
0.0;0.0;0.0;11.24;2.07
0.0;0.0;0.0;10.92;2.07
0.0;0.0;0.0;10.7;2.07
106.0;315.7;55.0;10.74;2.14
159.0;56.99;140.0;11.68;3.59
285.0;106.28;232.0;13.18;3.72
401.0;137.75;312.0;14.64;3.86
421.0;71.83;366.0;16.0;4.07
263.0;0.0;263.0;17.13;4.21
508.0;79.67;437.0;17.7;4.14
657.0;252.13;433.0;18.06;4.07
676.0;355.39;377.0;19.02;4.14
517.0;197.86;368.0;18.89;3.86
545.0;511.4;223.0;18.91;3.93
416.0;561.04;147.0;18.71;3.93
244.0;447.59;104.0;18.28;3.72
89.0;297.98;47.0;17.32;3.52
0.0;0.0;0.0;16.42;3.93
0.0;0.0;0.0;15.52;3.66
0.0;0.0;0.0;14.58;3.38
0.0;0.0;0.0;13.8;3.1
0.0;0.0;0.0;13.22;2.9
0.0;0.0;0.0;12.73;2.62
0.0;0.0;0.0;12.3;2.55
0.0;0.0;0.0;11.83;2.34
0.0;0.0;0.0;11.44;2.14
0.0;0.0;0.0;11.06;2.14
69.0;54.82;60.0;11.23;2.07
211.0;190.6;147.0;12.5;2.34
309.0;149.75;234.0;14.13;2.62
553.0;476.77;244.0;15.73;2.83
770.0;805.16;152.0;17.29;3.17
874.0;847.21;153.0;18.55;3.24
924.0;860.17;156.0;19.5;3.24
921.0;859.39;156.0;20.39;3.24
840.0;768.54;192.0;20.95;3.31
600.0;352.3;334.0;21.26;3.52
548.0;512.83;224.0;21.15;3.72
406.0;500.17;165.0;20.76;3.66
211.0;253.66;131.0;20.31;3.38
57.0;48.68;50.0;19.17;3.03
0.0;0.0;0.0;17.78;2.9
0.0;0.0;0.0;16.61;2.9
0.0;0.0;0.0;15.68;2.83
0.0;0.0;0.0;14.95;2.76
0.0;0.0;0.0;14.09;2.62
0.0;0.0;0.0;13.38;2.48
0.0;0.0;0.0;12.85;2.34
0.0;0.0;0.0;12.05;2.14
0.0;0.0;0.0;10.98;2.07
0.0;0.0;0.0;10.36;2.0
117.0;377.88;54.0;10.14;1.86
295.0;609.31;89.0;12.84;1.72
470.0;699.89;118.0;14.91;2.41
639.0;773.82;136.0;16.4;2.34
783.0;833.2;142.0;17.95;2.34
883.0;863.13;147.0;19.37;2.55
929.0;864.16;156.0;20.59;2.97
925.0;863.37;155.0;21.28;3.31
869.0;848.58;152.0;21.74;3.52
768.0;828.31;141.0;21.81;3.93
615.0;752.48;138.0;21.38;4.07
440.0;648.53;126.0;20.75;3.66
267.0;562.98;88.0;20.19;2.97
77.0;143.27;56.0;19.17;2.83
0.0;0.0;0.0;17.63;2.28
0.0;0.0;0.0;16.35;2.21
0.0;0.0;0.0;15.18;2.21
0.0;0.0;0.0;14.08;2.14
0.0;0.0;0.0;12.97;2.07
0.0;0.0;0.0;11.91;2.07
0.0;0.0;0.0;11.17;2.0
0.0;0.0;0.0;10.62;1.86
0.0;0.0;0.0;10.1;1.79
0.0;0.0;0.0;9.62;1.79
119.0;384.25;54.0;9.83;1.52
294.0;599.47;90.0;12.69;1.24
476.0;716.92;114.0;14.94;1.66
642.0;782.39;132.0;16.45;1.93
783.0;831.37;142.0;17.94;2.0
883.0;860.32;148.0;19.3;2.21
933.0;873.78;150.0;20.29;2.34
935.0;884.17;145.0;21.11;2.41
873.0;857.47;147.0;21.56;2.34
763.0;814.4;145.0;21.84;2.48
623.0;773.61;131.0;21.88;2.62
437.0;622.87;134.0;20.69;3.1
263.0;521.11;96.0;19.67;2.34
86.0;207.6;55.0;19.16;0.83
0.0;0.0;0.0;17.75;2.07
0.0;0.0;0.0;16.27;1.86
0.0;0.0;0.0;14.65;1.52
0.0;0.0;0.0;13.72;1.45
0.0;0.0;0.0;13.17;1.31
0.0;0.0;0.0;13.32;1.1
0.0;0.0;0.0;13.27;0.9
0.0;0.0;0.0;13.42;0.62
0.0;0.0;0.0;13.04;0.48
0.0;0.0;0.0;12.69;0.69
62.0;29.15;57.0;12.02;0.9
151.0;40.88;137.0;13.6;0.34
291.0;110.48;235.0;15.97;0.48
196.0;0.0;196.0;17.7;0.83
151.0;0.0;151.0;19.29;1.17
878.0;852.92;148.0;20.68;1.38
923.0;854.46;156.0;21.57;1.31
792.0;504.98;340.0;22.46;1.17
463.0;67.19;406.0;22.83;0.76
634.0;424.62;311.0;23.1;0.97
498.0;352.66;273.0;22.9;1.45
361.0;315.12;207.0;20.61;1.72
183.0;130.05;141.0;20.07;1.03
12.0;0.0;12.0;19.37;1.24
0.0;0.0;0.0;19.29;1.24
0.0;0.0;0.0;17.59;1.24
0.0;0.0;0.0;15.27;1.72
0.0;0.0;0.0;14.37;1.52
0.0;0.0;0.0;13.89;1.31
0.0;0.0;0.0;12.98;1.38
0.0;0.0;0.0;12.32;1.45
0.0;0.0;0.0;12.06;1.31
0.0;0.0;0.0;11.55;1.31
0.0;0.0;0.0;11.22;1.24
58.0;17.27;55.0;12.08;0.97
283.0;525.47;102.0;14.25;0.76
467.0;680.18;121.0;16.18;0.55
636.0;766.1;134.0;17.76;0.41
766.0;790.5;154.0;19.17;0.9
780.0;573.85;288.0;20.09;1.1
746.0;404.84;382.0;21.08;1.1
768.0;456.16;359.0;21.58;1.31
662.0;323.53;387.0;22.14;1.38
554.0;257.05;358.0;22.4;1.17
450.0;240.62;296.0;21.75;1.52
341.0;254.62;216.0;20.01;1.86
65.0;0.0;65.0;18.62;1.38
9.0;0.0;9.0;17.97;1.1
0.0;0.0;0.0;17.36;0.9
0.0;0.0;0.0;16.23;1.45
0.0;0.0;0.0;15.56;1.45
0.0;0.0;0.0;15.1;1.45
0.0;0.0;0.0;14.47;1.52
0.0;0.0;0.0;14.03;1.31
0.0;0.0;0.0;13.95;1.24
0.0;0.0;0.0;13.7;1.24
0.0;0.0;0.0;13.1;1.24
0.0;0.0;0.0;12.95;0.97
57.0;11.37;55.0;12.86;0.83
187.0;106.82;150.0;14.84;0.55
207.0;17.63;198.0;16.94;0.28
283.0;21.31;269.0;17.62;0.07
393.0;48.99;355.0;18.57;0.28
397.0;26.78;374.0;19.27;0.48
639.0;219.87;441.0;19.54;0.62
380.0;14.48;367.0;20.31;0.83
298.0;2.35;296.0;20.77;1.03
75.0;0.0;75.0;21.1;1.1
349.0;79.44;298.0;21.31;1.38
452.0;685.48;114.0;21.19;1.45
279.0;591.87;85.0;20.42;1.66
104.0;336.96;51.0;19.43;1.31
0.0;0.0;0.0;18.01;0.62
0.0;0.0;0.0;17.75;0.34
0.0;0.0;0.0;17.15;0.76
0.0;0.0;0.0;16.59;0.21
0.0;0.0;0.0;16.02;0.07
0.0;0.0;0.0;15.47;0.21
0.0;0.0;0.0;15.08;0.48
0.0;0.0;0.0;14.44;0.69
0.0;0.0;0.0;13.78;0.76
0.0;0.0;0.0;13.2;0.9
108.0;230.39;67.0;13.02;0.83
262.0;376.18;131.0;14.74;0.55
483.0;720.57;114.0;16.01;0.28
651.0;797.43;126.0;17.99;0.76
796.0;858.34;129.0;19.67;1.03
892.0;876.59;138.0;21.1;1.24
933.0;867.04;151.0;21.74;1.31
930.0;866.01;151.0;22.38;1.31
794.0;616.53;268.0;23.0;1.24
720.0;656.7;217.0;23.2;1.1
623.0;757.92;135.0;23.51;1.17
433.0;575.52;148.0;23.55;1.24
254.0;421.06;115.0;23.07;1.38
70.0;68.82;59.0;22.07;1.38
0.0;0.0;0.0;20.67;1.93
0.0;0.0;0.0;18.87;1.86
0.0;0.0;0.0;17.21;1.72
0.0;0.0;0.0;16.89;1.45
0.0;0.0;0.0;16.85;1.24
0.0;0.0;0.0;16.63;1.1
0.0;0.0;0.0;15.88;1.17
0.0;0.0;0.0;14.73;1.31
0.0;0.0;0.0;13.98;1.38
0.0;0.0;0.0;14.04;1.17
129.0;405.75;56.0;14.41;0.9
301.0;600.02;91.0;15.58;0.48
479.0;710.58;114.0;18.97;0.97
657.0;819.95;116.0;20.7;1.31
786.0;837.6;134.0;22.24;1.66
881.0;855.54;144.0;23.48;1.93
862.0;673.14;254.0;24.54;2.07
928.0;868.01;146.0;25.41;2.14
863.0;829.57;154.0;25.94;2.14
292.0;7.82;286.0;26.37;2.14
97.0;0.0;97.0;26.41;2.07
48.0;0.0;48.0;26.13;2.34
192.0;144.4;144.0;25.35;2.07
98.0;240.24;59.0;24.06;1.79
0.0;0.0;0.0;22.41;1.72
0.0;0.0;0.0;20.38;1.79
0.0;0.0;0.0;18.83;1.93
0.0;0.0;0.0;17.64;1.86
0.0;0.0;0.0;16.86;2.14
0.0;0.0;0.0;16.8;2.62
0.0;0.0;0.0;16.74;2.62
0.0;0.0;0.0;16.39;2.41
0.0;0.0;0.0;15.77;2.28
0.0;0.0;0.0;15.08;2.21
104.0;187.04;70.0;14.94;2.14
196.0;119.44;154.0;17.42;1.86
343.0;207.71;236.0;20.08;2.21
421.0;157.3;317.0;20.88;2.83
117.0;0.0;117.0;20.95;2.76
154.0;0.0;154.0;21.2;2.62
618.0;187.95;448.0;21.92;2.69
921.0;846.77;157.0;23.73;3.1
736.0;469.56;334.0;25.35;3.45
746.0;743.58;174.0;26.55;3.38
612.0;710.37;152.0;27.39;3.52
467.0;720.98;107.0;26.38;3.38
38.0;0.0;38.0;25.39;2.55
107.0;309.49;56.0;24.33;2.34
0.0;0.0;0.0;22.88;0.9
0.0;0.0;0.0;21.25;1.1
0.0;0.0;0.0;19.36;1.59
0.0;0.0;0.0;17.99;1.79
0.0;0.0;0.0;17.41;1.79
0.0;0.0;0.0;16.64;1.86
0.0;0.0;0.0;16.14;2.0
0.0;0.0;0.0;16.15;2.21
0.0;0.0;0.0;16.22;2.21
0.0;0.0;0.0;15.81;1.86
76.0;49.04;67.0;16.88;1.03
31.0;0.0;31.0;17.99;0.07
166.0;1.94;165.0;19.36;0.69
396.0;120.77;316.0;20.61;0.83
386.0;43.54;352.0;21.54;0.62
523.0;113.45;425.0;22.41;1.52
816.0;555.38;313.0;23.43;1.24
886.0;749.28;209.0;24.69;0.34
637.0;272.87;403.0;26.3;0.14
485.0;142.7;375.0;25.56;2.62
119.0;0.0;119.0;24.54;1.03
49.0;0.0;49.0;24.64;0.83
46.0;0.0;46.0;24.14;2.0
18.0;0.0;18.0;22.73;1.86
0.0;0.0;0.0;19.17;1.17
0.0;0.0;0.0;18.4;1.52
0.0;0.0;0.0;18.08;1.03
0.0;0.0;0.0;17.66;1.31
0.0;0.0;0.0;17.15;1.1
0.0;0.0;0.0;16.72;0.97
0.0;0.0;0.0;15.89;1.17
0.0;0.0;0.0;15.92;0.97
0.0;0.0;0.0;15.54;0.62
0.0;0.0;0.0;15.09;0.62
57.0;10.8;55.0;15.18;0.69
106.0;2.82;105.0;16.37;1.17
123.0;0.0;123.0;18.67;1.86
419.0;155.21;316.0;20.07;1.59
218.0;0.0;218.0;21.3;1.1
508.0;100.58;421.0;22.55;0.34
859.0;668.26;253.0;23.22;0.62
842.0;627.79;274.0;23.66;0.9
445.0;53.56;399.0;23.91;1.24
272.0;3.88;269.0;22.4;2.9
71.0;0.0;71.0;22.24;2.69
61.0;0.0;61.0;22.09;2.76
41.0;0.0;41.0;21.39;2.48
21.0;0.0;21.0;20.58;2.21
0.0;0.0;0.0;18.91;1.66
0.0;0.0;0.0;18.18;2.28
0.0;0.0;0.0;17.46;2.48
0.0;0.0;0.0;17.02;2.14
0.0;0.0;0.0;16.62;1.93
0.0;0.0;0.0;16.12;1.93
0.0;0.0;0.0;15.67;1.86
0.0;0.0;0.0;15.26;1.93
0.0;0.0;0.0;14.77;1.93
0.0;0.0;0.0;14.37;1.86
128.0;348.01;63.0;14.52;1.72
234.0;230.28;152.0;16.14;1.79
340.0;196.49;238.0;17.74;2.69
611.0;640.85;185.0;19.27;4.0
679.0;498.04;289.0;20.33;3.79
117.0;0.0;117.0;21.5;3.17
694.0;296.28;425.0;22.45;3.03
408.0;22.08;388.0;23.32;3.1
804.0;635.88;257.0;23.76;3.24
685.0;540.14;267.0;23.93;3.03
540.0;444.27;250.0;23.45;4.14
445.0;601.8;141.0;21.73;3.79
290.0;589.27;89.0;21.34;3.38
113.0;314.33;59.0;20.74;3.24
0.0;0.0;0.0;20.21;2.21
0.0;0.0;0.0;19.02;2.14
0.0;0.0;0.0;17.92;2.07
0.0;0.0;0.0;17.18;2.0
0.0;0.0;0.0;16.44;1.93
0.0;0.0;0.0;15.9;1.86
0.0;0.0;0.0;15.3;1.79
0.0;0.0;0.0;14.99;1.59
0.0;0.0;0.0;14.5;1.45
0.0;0.0;0.0;14.41;1.24
115.0;233.73;71.0;14.78;0.9
200.0;123.12;156.0;16.72;0.69
211.0;17.3;202.0;18.89;0.48
100.0;0.0;100.0;19.86;0.55
335.0;17.86;321.0;21.28;0.76
641.0;266.44;410.0;22.29;1.1
462.0;46.21;420.0;22.93;1.24
622.0;192.92;447.0;23.39;1.03
268.0;0.0;268.0;23.77;0.83
94.0;0.0;94.0;23.73;1.38
105.0;0.0;105.0;22.83;2.21
46.0;0.0;46.0;21.52;1.59
158.0;52.46;140.0;20.71;1.72
19.0;0.0;19.0;20.17;1.79
0.0;0.0;0.0;19.4;0.97
0.0;0.0;0.0;18.94;0.76
0.0;0.0;0.0;18.72;0.76
0.0;0.0;0.0;18.21;0.55
0.0;0.0;0.0;17.79;0.48
0.0;0.0;0.0;16.27;1.1
0.0;0.0;0.0;15.52;1.1
0.0;0.0;0.0;15.0;1.1
0.0;0.0;0.0;14.02;1.52
1.0;0.0;1.0;13.94;1.31
39.0;0.0;39.0;14.13;1.31
49.0;0.0;49.0;16.07;1.59
345.0;207.16;237.0;17.58;1.24
396.0;116.98;318.0;18.53;1.38
177.0;0.0;177.0;19.3;1.66
369.0;16.13;355.0;20.26;2.0
220.0;0.0;220.0;21.11;2.21
500.0;71.57;435.0;22.01;2.28
480.0;76.5;414.0;22.64;2.55
657.0;460.91;299.0;22.87;2.83
648.0;810.97;116.0;22.32;3.03
484.0;756.69;99.0;20.1;2.23
300.0;620.04;86.0;19.69;2.13
120.0;357.59;57.0;19.28;2.03
0.0;0.0;0.0;18.87;1.93
0.0;0.0;0.0;18.46;1.84
0.0;0.0;0.0;18.05;1.74
0.0;0.0;0.0;17.64;1.64
0.0;0.0;0.0;17.23;1.54
0.0;0.0;0.0;16.83;1.44
0.0;0.0;0.0;16.42;1.34
0.0;0.0;0.0;16.01;1.24
0.0;0.0;0.0;15.6;1.14
3.0;0.0;3.0;15.19;1.04
130.0;335.24;66.0;14.78;0.94
301.0;558.8;100.0;14.37;0.84
305.0;122.53;241.0;13.96;0.74
611.0;635.05;187.0;18.43;2.21
666.0;461.92;303.0;18.99;2.14
530.0;118.55;427.0;19.95;1.93
245.0;0.0;245.0;21.06;1.66
785.0;475.13;353.0;21.69;1.52
762.0;522.04;311.0;22.07;1.52
731.0;672.16;208.0;22.65;1.79
622.0;719.33;149.0;22.79;2.34
448.0;597.4;143.0;22.37;2.41
290.0;561.84;95.0;21.85;1.93
121.0;353.37;58.0;21.04;1.52
0.0;0.0;0.0;20.44;1.72
0.0;0.0;0.0;19.29;2.07
0.0;0.0;0.0;18.32;2.21
0.0;0.0;0.0;17.51;2.14
0.0;0.0;0.0;16.68;2.0
0.0;0.0;0.0;15.74;1.86
0.0;0.0;0.0;14.68;1.86
0.0;0.0;0.0;13.91;1.72
0.0;0.0;0.0;13.39;1.66
4.0;0.0;4.0;13.1;1.52
135.0;374.82;63.0;13.88;1.24
289.0;471.27;119.0;16.5;1.17
480.0;676.58;126.0;18.68;2.07
647.0;758.43;140.0;20.01;2.21
729.0;629.26;234.0;21.24;2.21
750.0;471.47;340.0;22.25;2.0
827.0;559.36;317.0;23.16;1.93
815.0;536.14;327.0;23.75;1.79
819.0;662.38;246.0;24.35;1.86
609.0;338.72;345.0;24.75;1.93
520.0;370.22;276.0;24.67;2.0
429.0;497.8;174.0;24.58;2.14
170.0;65.91;147.0;24.22;1.93
92.0;122.0;70.0;23.15;1.79
0.0;0.0;0.0;21.97;1.86
0.0;0.0;0.0;20.66;1.93
0.0;0.0;0.0;19.49;1.86
0.0;0.0;0.0;18.44;1.72
0.0;0.0;0.0;17.53;1.66
0.0;0.0;0.0;17.01;1.52
0.0;0.0;0.0;16.63;1.38
0.0;0.0;0.0;16.62;1.24
0.0;0.0;0.0;16.31;1.24
1.0;0.0;1.0;15.53;1.31
97.0;108.71;76.0;16.03;0.97
154.0;33.18;142.0;17.0;0.62
385.0;309.14;223.0;19.4;0.62
339.0;53.79;303.0;20.65;1.03
572.0;256.55;370.0;22.06;1.31
564.0;153.96;430.0;23.24;1.45
591.0;151.22;453.0;24.11;1.52
497.0;66.95;436.0;24.62;1.93
546.0;137.39;427.0;24.7;1.72
606.0;335.6;344.0;25.13;1.93
313.0;39.36;287.0;24.25;2.34
109.0;0.0;109.0;23.28;2.69
81.0;0.0;81.0;22.07;2.55
64.0;21.94;60.0;21.19;2.41
0.0;0.0;0.0;20.22;1.86
0.0;0.0;0.0;19.44;1.66
0.0;0.0;0.0;18.74;1.52
0.0;0.0;0.0;18.07;1.38
0.0;0.0;0.0;17.62;1.24
0.0;0.0;0.0;17.33;1.59
0.0;0.0;0.0;17.13;1.45
0.0;0.0;0.0;16.85;1.45
0.0;0.0;0.0;16.2;1.66
4.0;0.0;4.0;16.0;1.59
48.0;0.0;48.0;16.13;1.24
180.0;71.72;154.0;17.17;0.97
440.0;506.87;174.0;19.19;0.62
334.0;50.75;300.0;20.24;0.97
760.0;737.28;179.0;21.51;1.03
693.0;357.04;382.0;22.72;0.97
840.0;602.17;290.0;23.65;1.1
603.0;167.75;450.0;23.84;0.55
647.0;280.21;404.0;23.58;0.55
292.0;6.39;287.0;22.29;1.79
57.0;0.0;57.0;20.65;1.59
142.0;0.0;142.0;20.77;1.52
26.0;0.0;26.0;20.88;1.17
30.0;0.0;30.0;20.76;0.97
0.0;0.0;0.0;22.78;0.41
0.0;0.0;0.0;21.75;0.48
0.0;0.0;0.0;20.34;0.69
0.0;0.0;0.0;19.55;0.9
0.0;0.0;0.0;18.44;1.03
0.0;0.0;0.0;18.8;0.62
0.0;0.0;0.0;18.05;0.55
0.0;0.0;0.0;17.33;0.76
0.0;0.0;0.0;16.64;0.97
2.0;0.0;2.0;15.6;1.17
87.0;66.64;74.0;16.47;0.76
186.0;85.33;155.0;17.59;0.69
374.0;277.86;228.0;19.09;0.34
297.0;26.84;279.0;20.46;0.34
413.0;60.87;365.0;21.42;0.28
809.0;628.66;261.0;22.33;0.0
545.0;106.12;448.0;23.16;0.14
461.0;46.01;419.0;23.86;0.48
702.0;383.54;369.0;24.54;0.62
622.0;369.05;333.0;24.76;0.55
333.0;54.27;297.0;24.83;0.69
304.0;129.58;237.0;24.84;1.52
118.0;8.47;115.0;24.56;1.52
102.0;161.24;72.0;23.59;1.79
0.0;0.0;0.0;21.5;1.31
0.0;0.0;0.0;19.95;2.21
0.0;0.0;0.0;19.11;2.55
0.0;0.0;0.0;18.33;2.76
0.0;0.0;0.0;17.82;2.62
0.0;0.0;0.0;17.25;2.34
0.0;0.0;0.0;16.67;2.21
0.0;0.0;0.0;15.79;1.93
0.0;0.0;0.0;14.98;1.66
1.0;0.0;1.0;14.3;1.45
60.0;10.21;58.0;14.74;1.24
68.0;0.0;68.0;17.32;1.38
243.0;39.92;222.0;19.35;3.17
404.0;125.17;320.0;20.32;4.0
531.0;188.81;382.0;21.53;4.14
700.0;366.85;380.0;22.67;4.21
848.0;616.55;284.0;23.48;4.14
936.0;861.33;149.0;23.99;3.86
808.0;630.48;260.0;23.97;3.66
760.0;752.34;170.0;24.23;3.24
540.0;421.29;260.0;23.8;3.31
306.0;129.21;239.0;23.14;3.45
268.0;396.17;127.0;22.4;3.24
91.0;101.15;72.0;21.67;3.17
0.0;0.0;0.0;20.74;2.9
0.0;0.0;0.0;19.85;2.62
0.0;0.0;0.0;19.24;2.34
0.0;0.0;0.0;18.34;2.07
0.0;0.0;0.0;17.42;2.07
0.0;0.0;0.0;16.73;2.07
0.0;0.0;0.0;16.21;2.0
0.0;0.0;0.0;15.63;1.86
0.0;0.0;0.0;14.91;1.66
1.0;0.0;1.0;14.31;1.52
24.0;0.0;24.0;15.03;1.03
40.0;0.0;40.0;16.96;0.69
279.0;79.77;237.0;19.22;0.34
340.0;55.1;303.0;20.38;0.48
498.0;143.1;385.0;21.37;0.62
644.0;265.81;412.0;22.5;0.69
844.0;604.12;291.0;23.31;1.1
794.0;485.53;350.0;23.86;1.72
595.0;195.38;425.0;24.45;2.14
540.0;207.56;377.0;24.49;2.48
315.0;39.05;289.0;24.44;2.76
56.0;0.0;56.0;23.25;2.41
132.0;13.99;127.0;22.45;0.83
16.0;0.0;16.0;21.39;1.72
1.0;0.0;1.0;20.65;1.52
0.0;0.0;0.0;19.21;1.1
0.0;0.0;0.0;18.67;0.76
0.0;0.0;0.0;17.81;0.9
0.0;0.0;0.0;17.44;0.83
0.0;0.0;0.0;16.77;1.1
0.0;0.0;0.0;16.47;1.1
0.0;0.0;0.0;16.43;1.03
0.0;0.0;0.0;16.25;1.1
6.0;0.0;6.0;16.33;1.17
103.0;126.76;78.0;16.9;1.1
141.0;19.17;134.0;17.3;1.38
277.0;77.8;236.0;18.09;1.03
344.0;59.53;304.0;18.42;1.31
589.0;291.12;359.0;19.29;1.31
598.0;200.39;423.0;20.68;1.03
740.0;378.84;393.0;22.1;1.31
763.0;427.24;372.0;22.98;1.38
471.0;68.89;411.0;24.09;1.31
687.0;530.3;270.0;24.3;1.45
68.0;0.0;68.0;24.23;1.38
42.0;0.0;42.0;22.57;1.03
204.0;133.69;156.0;21.81;1.1
119.0;256.29;70.0;21.16;1.52
4.0;0.0;4.0;22.5;0.34
0.0;0.0;0.0;21.83;0.14
0.0;0.0;0.0;19.03;1.31
0.0;0.0;0.0;17.94;1.52
0.0;0.0;0.0;17.5;1.31
0.0;0.0;0.0;17.45;1.1
0.0;0.0;0.0;16.46;1.24
0.0;0.0;0.0;15.71;1.52
0.0;0.0;0.0;15.39;1.38
9.0;0.0;9.0;15.28;1.24
113.0;177.0;78.0;16.06;0.9
243.0;246.25;153.0;18.19;0.9
475.0;652.34;131.0;20.09;1.17
636.0;721.44;151.0;21.52;1.59
787.0;816.04;142.0;22.94;1.72
871.0;809.2;164.0;23.91;1.66
890.0;731.05;220.0;24.96;1.59
871.0;679.17;249.0;25.64;1.52
761.0;508.15;318.0;26.3;1.38
708.0;581.7;250.0;26.55;1.24
275.0;16.46;264.0;26.69;1.03
401.0;371.16;207.0;26.46;1.66
273.0;402.22;128.0;25.2;1.66
98.0;119.32;75.0;24.64;1.24
6.0;0.0;6.0;23.69;1.45
0.0;0.0;0.0;21.9;1.52
0.0;0.0;0.0;20.37;1.72
0.0;0.0;0.0;19.16;2.0
0.0;0.0;0.0;18.39;2.28
0.0;0.0;0.0;18.19;2.34
0.0;0.0;0.0;17.84;2.21
0.0;0.0;0.0;17.45;2.21
0.0;0.0;0.0;17.29;2.34
2.0;0.0;2.0;17.16;2.48
131.0;307.8;70.0;17.49;2.41
279.0;407.31;130.0;18.82;2.41
309.0;125.09;243.0;20.42;3.38
553.0;441.62;256.0;21.91;4.07
774.0;780.32;157.0;23.18;4.14
383.0;19.45;366.0;24.45;4.07
895.0;744.85;212.0;25.46;3.79
600.0;161.49;452.0;26.32;3.17
571.0;163.89;428.0;27.08;2.69
568.0;254.98;367.0;27.53;2.55
627.0;703.62;156.0;27.66;2.97
452.0;566.84;155.0;27.2;2.76
253.0;303.95;143.0;26.52;2.34
101.0;128.69;76.0;25.5;2.21
6.0;0.0;6.0;24.21;1.79
0.0;0.0;0.0;22.83;2.21
0.0;0.0;0.0;21.9;2.21
0.0;0.0;0.0;21.01;1.93
0.0;0.0;0.0;20.25;1.52
0.0;0.0;0.0;19.67;1.03
0.0;0.0;0.0;20.26;0.48
0.0;0.0;0.0;18.56;1.17
0.0;0.0;0.0;18.13;1.1
1.0;0.0;1.0;18.51;0.76
13.0;0.0;13.0;18.09;0.83
30.0;0.0;30.0;19.68;0.9
71.0;0.0;71.0;18.6;1.93
104.0;0.0;104.0;18.23;1.38
655.0;434.93;311.0;19.21;1.93
427.0;40.03;392.0;20.65;2.48
843.0;609.34;284.0;22.53;2.55
535.0;97.05;446.0;24.0;2.62
222.0;0.0;222.0;25.05;2.55
239.0;0.0;239.0;23.87;3.93
235.0;4.47;232.0;22.66;4.0
80.0;0.0;80.0;22.17;3.59
111.0;2.75;110.0;21.64;2.69
12.0;0.0;12.0;20.79;1.66
1.0;0.0;1.0;19.25;0.55
0.0;0.0;0.0;18.38;0.07
0.0;0.0;0.0;17.89;1.03
0.0;0.0;0.0;17.67;1.38
0.0;0.0;0.0;17.41;1.1
0.0;0.0;0.0;16.93;1.31
0.0;0.0;0.0;16.43;1.17
0.0;0.0;0.0;15.44;1.1
0.0;0.0;0.0;15.16;0.97
1.0;0.0;1.0;14.93;0.9
28.0;0.0;28.0;15.08;0.83
228.0;185.67;160.0;16.94;0.9
113.0;0.0;113.0;18.19;1.79
382.0;95.12;318.0;18.84;2.21
538.0;195.93;383.0;19.39;2.34
418.0;33.16;389.0;20.25;2.34
869.0;658.12;265.0;21.19;2.28
804.0;499.16;346.0;22.02;2.28
660.0;290.63;406.0;22.67;2.55
574.0;256.95;371.0;22.98;2.97
265.0;11.91;257.0;22.98;3.31
115.0;0.0;115.0;22.91;3.31
28.0;0.0;28.0;20.89;2.69
13.0;0.0;13.0;19.75;1.93
2.0;0.0;2.0;18.78;2.14
0.0;0.0;0.0;18.15;2.21
0.0;0.0;0.0;17.5;2.48
0.0;0.0;0.0;16.94;2.69
0.0;0.0;0.0;16.45;2.9
0.0;0.0;0.0;16.17;3.24
0.0;0.0;0.0;15.83;3.45
0.0;0.0;0.0;15.85;3.31
0.0;0.0;0.0;15.88;3.52
1.0;0.0;1.0;15.44;4.28
19.0;0.0;19.0;15.09;5.17
69.0;0.0;69.0;15.06;4.97
0.0;0.0;0.0;15.04;4.83
273.0;14.86;263.0;15.59;5.86
594.0;289.43;365.0;16.34;6.28
541.0;124.59;432.0;17.96;6.76
188.0;0.0;188.0;18.94;6.34
189.0;0.0;189.0;19.39;6.07
405.0;27.44;381.0;19.99;6.14
397.0;46.79;360.0;19.9;5.93
565.0;468.45;250.0;19.84;5.45
273.0;70.15;236.0;19.73;5.38
246.0;251.56;154.0;19.47;5.31
61.0;10.08;59.0;18.65;4.76
1.0;0.0;1.0;17.51;4.21
0.0;0.0;0.0;17.01;4.14
0.0;0.0;0.0;16.49;4.14
0.0;0.0;0.0;16.05;4.07
0.0;0.0;0.0;15.3;4.07
0.0;0.0;0.0;14.55;3.93
0.0;0.0;0.0;14.09;3.72
0.0;0.0;0.0;13.53;3.59
0.0;0.0;0.0;13.06;3.72
8.0;0.0;8.0;12.73;3.66
141.0;361.77;69.0;12.82;3.52
314.0;565.04;107.0;13.66;3.45
479.0;625.02;149.0;15.23;3.93
633.0;662.78;187.0;16.52;4.28
769.0;714.03;204.0;17.65;4.69
894.0;826.28;171.0;18.6;4.69
930.0;791.62;203.0;19.36;4.69
915.0;749.1;227.0;20.17;4.76
879.0;779.25;197.0;20.76;4.83
799.0;814.81;154.0;20.85;4.76
642.0;698.02;172.0;20.79;4.55
351.0;196.8;247.0;20.69;4.34
279.0;376.17;141.0;20.26;4.14
117.0;185.43;80.0;19.59;3.52
8.0;0.0;8.0;18.94;3.24
0.0;0.0;0.0;18.25;3.03
0.0;0.0;0.0;17.7;3.03
0.0;0.0;0.0;17.12;3.59
0.0;0.0;0.0;16.32;3.93
0.0;0.0;0.0;15.69;4.0
0.0;0.0;0.0;14.83;3.59
0.0;0.0;0.0;14.35;3.31
0.0;0.0;0.0;14.03;2.9
1.0;0.0;1.0;13.82;2.62
65.0;10.05;63.0;13.99;2.55
260.0;311.24;146.0;15.0;2.55
285.0;87.14;239.0;17.22;3.59
464.0;221.44;315.0;18.39;3.59
516.0;165.55;385.0;19.52;3.66
506.0;92.56;425.0;20.67;3.93
892.0;725.01;226.0;21.65;4.07
877.0;683.48;249.0;22.4;3.93
820.0;645.17;255.0;22.9;3.86
724.0;610.88;240.0;23.4;3.72
557.0;444.98;257.0;23.43;3.86
368.0;251.21;235.0;23.07;4.14
203.0;114.15;161.0;22.3;3.93
119.0;204.32;78.0;21.24;3.86
8.0;0.0;8.0;19.84;3.93
0.0;0.0;0.0;19.09;3.66
0.0;0.0;0.0;18.48;3.52
0.0;0.0;0.0;17.89;3.24
0.0;0.0;0.0;17.36;2.83
0.0;0.0;0.0;16.78;2.55
0.0;0.0;0.0;16.35;2.62
0.0;0.0;0.0;15.81;2.55
0.0;0.0;0.0;15.4;2.34
7.0;0.0;7.0;15.07;2.14
143.0;397.17;64.0;15.21;1.66
310.0;570.85;101.0;17.06;1.86
480.0;663.21;130.0;19.23;2.97
580.0;511.35;236.0;20.53;3.24
668.0;453.72;309.0;21.59;3.38
705.0;370.22;381.0;22.23;3.31
776.0;435.35;376.0;22.94;3.17
701.0;295.92;429.0;23.69;3.17
767.0;503.29;326.0;24.04;2.97
611.0;321.58;356.0;24.11;3.03
598.0;567.43;215.0;24.21;3.1
493.0;705.19;119.0;24.05;3.17
311.0;569.22;101.0;23.68;2.9
113.0;163.6;80.0;22.84;2.48
1.0;0.0;1.0;22.08;2.69
0.0;0.0;0.0;20.85;2.62
0.0;0.0;0.0;19.93;2.83
0.0;0.0;0.0;19.33;3.31
0.0;0.0;0.0;18.76;3.31
0.0;0.0;0.0;18.19;3.03
0.0;0.0;0.0;17.67;2.9
0.0;0.0;0.0;17.28;2.76
0.0;0.0;0.0;17.06;2.55
2.0;0.0;2.0;16.67;2.48
82.0;45.29;73.0;16.83;2.76
213.0;142.12;161.0;17.51;3.24
351.0;208.53;241.0;17.98;4.0
441.0;179.91;320.0;18.54;3.93
588.0;280.61;366.0;19.17;3.86
700.0;359.93;385.0;20.32;4.14
517.0;78.35;445.0;20.97;3.79
681.0;264.29;438.0;20.95;3.66
772.0;514.43;321.0;20.86;3.79
556.0;223.05;379.0;21.34;4.0
491.0;272.3;307.0;21.08;4.34
469.0;600.52;150.0;20.42;4.28
239.0;213.59;160.0;19.81;3.86
37.0;0.0;37.0;19.31;3.52
11.0;0.0;11.0;18.9;2.69
0.0;0.0;0.0;17.73;2.28
0.0;0.0;0.0;16.67;2.14
0.0;0.0;0.0;15.64;2.14
0.0;0.0;0.0;14.8;2.21
0.0;0.0;0.0;14.24;2.34
0.0;0.0;0.0;14.16;2.62
0.0;0.0;0.0;14.15;2.69
0.0;0.0;0.0;13.83;2.48
8.0;0.0;8.0;13.4;2.41
145.0;418.25;62.0;13.7;2.28
307.0;560.74;102.0;15.45;2.28
488.0;696.12;121.0;17.5;3.66
631.0;688.69;168.0;18.74;4.07
727.0;614.45;241.0;20.1;4.55
809.0;611.35;274.0;20.69;4.21
905.0;754.06;212.0;21.34;4.21
842.0;582.8;306.0;22.13;4.34
763.0;492.54;331.0;22.26;4.28
633.0;366.45;342.0;22.36;4.07
652.0;756.95;140.0;22.27;3.86
481.0;650.39;135.0;21.76;3.79
310.0;550.28;106.0;21.53;4.14
142.0;358.58;69.0;20.84;3.86
10.0;0.0;10.0;19.97;3.93
0.0;0.0;0.0;19.04;3.59
0.0;0.0;0.0;18.16;3.24
0.0;0.0;0.0;17.46;3.1
0.0;0.0;0.0;16.95;3.17
0.0;0.0;0.0;16.76;3.17
0.0;0.0;0.0;16.46;3.24
0.0;0.0;0.0;16.07;3.17
0.0;0.0;0.0;15.68;2.97
8.0;0.0;8.0;15.35;2.83
150.0;459.39;59.0;15.64;2.69
319.0;618.83;93.0;16.88;2.83
493.0;709.89;119.0;19.04;3.38
648.0;750.02;144.0;20.54;4.0
767.0;736.02;185.0;21.73;4.14
883.0;822.84;163.0;23.0;4.0
960.0;897.65;135.0;24.17;3.79
925.0;804.44;185.0;25.26;3.72
885.0;822.84;163.0;26.01;3.79
793.0;809.2;150.0;26.31;3.86
663.0;784.31;132.0;26.46;3.93
501.0;722.71;116.0;26.44;3.93
321.0;605.64;96.0;25.89;3.52
150.0;420.76;64.0;24.85;3.45
11.0;0.0;11.0;23.73;3.38
0.0;0.0;0.0;22.47;3.24
0.0;0.0;0.0;21.52;3.1
0.0;0.0;0.0;20.64;2.97
0.0;0.0;0.0;19.73;2.83
0.0;0.0;0.0;18.77;2.55
0.0;0.0;0.0;17.71;2.28
0.0;0.0;0.0;16.62;2.14
0.0;0.0;0.0;15.69;2.0
8.0;0.0;8.0;14.89;1.79
147.0;430.06;62.0;15.24;1.38
311.0;567.52;104.0;18.01;1.1
493.0;704.78;122.0;20.08;1.52
662.0;784.68;135.0;21.58;1.31
810.0;853.93;135.0;23.14;1.03
902.0;859.56;150.0;24.67;0.76
970.0;909.62;134.0;26.04;0.62
961.0;885.82;146.0;27.16;0.76
905.0;860.15;150.0;27.96;0.97
806.0;832.64;144.0;28.5;1.1
671.0;796.94;131.0;28.67;0.97
508.0;736.82;115.0;28.54;0.83
327.0;620.6;96.0;28.31;0.69
152.0;429.01;64.0;27.56;1.1
12.0;0.0;12.0;26.37;1.03
0.0;0.0;0.0;25.66;0.97
0.0;0.0;0.0;24.87;0.9
0.0;0.0;0.0;24.11;0.83
0.0;0.0;0.0;23.07;0.97
0.0;0.0;0.0;21.15;1.24
0.0;0.0;0.0;19.93;1.45
0.0;0.0;0.0;19.39;1.31
0.0;0.0;0.0;18.99;1.17
7.0;0.0;7.0;18.97;0.97
137.0;350.04;68.0;19.11;0.76
301.0;527.16;109.0;20.9;0.34
478.0;661.71;130.0;23.48;0.21
651.0;767.3;136.0;25.0;0.14
789.0;813.78;146.0;26.41;0.62
879.0;817.45;164.0;27.69;1.66
931.0;831.32;167.0;28.23;2.14
892.0;715.09;234.0;28.88;2.34
830.0;662.86;248.0;29.35;2.62
684.0;486.52;297.0;29.55;3.03
619.0;628.22;193.0;29.47;3.03
475.0;614.27;147.0;29.23;3.1
326.0;624.89;93.0;28.65;3.1
157.0;466.54;61.0;27.16;3.31
3.0;0.0;3.0;24.86;4.55
0.0;0.0;0.0;23.02;5.17
0.0;0.0;0.0;21.16;5.24
0.0;0.0;0.0;19.6;5.1
0.0;0.0;0.0;18.56;4.76
0.0;0.0;0.0;17.7;4.55
0.0;0.0;0.0;16.65;4.9
0.0;0.0;0.0;15.58;5.1
0.0;0.0;0.0;14.53;5.1
2.0;0.0;2.0;13.61;4.97
146.0;422.37;63.0;12.89;4.97
318.0;602.3;99.0;12.86;5.52
486.0;664.33;137.0;13.9;5.72
653.0;744.0;154.0;15.05;5.86
773.0;726.8;199.0;16.46;6.0
895.0;829.11;170.0;17.87;6.0
974.0;908.67;139.0;19.17;6.0
960.0;872.62;157.0;20.27;6.48
909.0;859.69;154.0;20.71;6.9
815.0;844.44;143.0;20.83;7.03
676.0;798.75;134.0;20.72;6.9
515.0;750.24;114.0;20.55;6.69
332.0;634.66;95.0;20.14;6.41
160.0;474.96;62.0;19.38;5.52
13.0;0.0;13.0;18.09;5.72
0.0;0.0;0.0;16.98;5.45
0.0;0.0;0.0;16.11;5.24
0.0;0.0;0.0;15.35;4.9
0.0;0.0;0.0;14.73;4.62
0.0;0.0;0.0;14.16;4.34
0.0;0.0;0.0;13.69;4.14
0.0;0.0;0.0;13.17;4.0
0.0;0.0;0.0;12.66;3.86
9.0;0.0;9.0;12.17;3.79
154.0;495.35;57.0;12.17;3.72
325.0;642.0;92.0;13.01;4.07
504.0;739.46;116.0;15.39;4.48
673.0;811.76;129.0;16.87;4.55
815.0;857.69;138.0;18.27;4.62
908.0;862.56;154.0;19.56;4.62
977.0;913.16;138.0;20.64;4.83
969.0;888.9;151.0;21.52;5.03
908.0;849.29;162.0;22.12;5.03
818.0;847.9;143.0;22.45;4.97
675.0;792.4;137.0;22.49;4.9
512.0;734.64;119.0;22.25;4.9
297.0;430.57;136.0;21.65;4.9
140.0;299.78;78.0;20.74;4.41
6.0;0.0;6.0;19.84;4.28
0.0;0.0;0.0;18.82;4.0
0.0;0.0;0.0;18.08;3.66
0.0;0.0;0.0;17.49;3.59
0.0;0.0;0.0;17.0;3.59
0.0;0.0;0.0;16.56;3.52
0.0;0.0;0.0;16.19;3.38
0.0;0.0;0.0;15.77;3.38
0.0;0.0;0.0;15.35;3.31
8.0;0.0;8.0;14.93;3.1
96.0;92.28;78.0;14.77;3.03
28.0;0.0;28.0;15.3;3.31
239.0;36.26;220.0;16.46;3.24
648.0;761.71;138.0;17.17;2.9
791.0;818.91;145.0;18.42;2.62
877.0;806.82;172.0;20.36;2.62
950.0;874.16;147.0;21.96;2.83
931.0;820.47;176.0;23.19;3.52
801.0;577.12;294.0;23.89;4.07
803.0;832.58;140.0;24.08;4.48
659.0;764.05;140.0;23.78;4.62
501.0;715.43;118.0;23.29;4.69
311.0;528.94;113.0;22.63;4.55
144.0;347.47;72.0;21.78;3.66
12.0;0.0;12.0;20.85;3.59
0.0;0.0;0.0;19.68;3.59
0.0;0.0;0.0;18.77;3.45
0.0;0.0;0.0;17.93;3.38
0.0;0.0;0.0;17.21;3.24
0.0;0.0;0.0;16.58;3.31
0.0;0.0;0.0;16.07;3.38
0.0;0.0;0.0;15.56;3.38
0.0;0.0;0.0;15.08;3.24
6.0;0.0;6.0;14.62;3.24
142.0;417.09;61.0;14.71;3.38
310.0;592.22;96.0;15.74;3.66
492.0;720.49;115.0;17.81;4.07
652.0;772.92;135.0;19.51;4.34
799.0;842.3;135.0;20.98;4.97
892.0;848.39;151.0;22.08;5.45
950.0;874.38;147.0;23.09;5.66
947.0;862.93;153.0;23.83;5.72
897.0;850.26;150.0;24.56;5.59
800.0;822.35;145.0;24.8;5.52
663.0;775.52;136.0;24.7;5.59
502.0;715.0;119.0;24.57;5.45
320.0;581.85;102.0;23.99;5.24
152.0;414.42;66.0;22.93;4.9
12.0;0.0;12.0;21.97;4.62
0.0;0.0;0.0;20.63;4.28
0.0;0.0;0.0;19.61;4.0
0.0;0.0;0.0;18.72;3.72
0.0;0.0;0.0;17.89;3.45
0.0;0.0;0.0;17.12;3.17
0.0;0.0;0.0;16.3;2.9
0.0;0.0;0.0;15.56;2.55
0.0;0.0;0.0;14.74;2.34
7.0;0.0;7.0;13.9;2.21
145.0;439.79;60.0;13.86;1.93
313.0;604.78;95.0;16.04;2.07
493.0;723.53;115.0;18.31;2.55
657.0;787.22;131.0;19.89;2.34
802.0;846.73;135.0;21.5;2.41
894.0;853.4;149.0;23.05;2.62
959.0;890.98;141.0;24.33;2.76
951.0;867.39;153.0;25.55;3.03
896.0;842.28;156.0;26.45;3.24
803.0;825.99;145.0;27.06;3.45
666.0;781.17;135.0;27.31;3.79
510.0;740.78;113.0;27.22;4.21
329.0;624.12;95.0;26.75;4.28
156.0;438.04;65.0;25.89;3.72
13.0;0.0;13.0;24.55;4.0
0.0;0.0;0.0;23.22;3.93
0.0;0.0;0.0;22.18;3.52
0.0;0.0;0.0;21.19;3.17
0.0;0.0;0.0;20.21;2.9
0.0;0.0;0.0;19.27;2.69
0.0;0.0;0.0;18.32;2.48
0.0;0.0;0.0;17.28;2.34
0.0;0.0;0.0;16.3;2.28
6.0;0.0;6.0;15.49;2.28
147.0;462.89;58.0;15.69;2.14
314.0;611.97;94.0;18.03;2.34
493.0;720.92;117.0;20.36;3.24
660.0;794.12;130.0;21.89;3.38
806.0;852.49;135.0;23.42;3.66
894.0;846.99;155.0;24.82;3.93
963.0;896.74;140.0;26.02;4.21
955.0;874.08;151.0;26.99;4.55
906.0;860.53;150.0;27.66;4.83
808.0;833.45;144.0;28.05;5.03
671.0;786.88;136.0;28.17;5.31
508.0;727.47;118.0;27.9;5.52
328.0;613.16;98.0;27.35;5.52
155.0;428.14;66.0;26.39;4.76
13.0;0.0;13.0;25.04;4.48
0.0;0.0;0.0;23.75;4.34
0.0;0.0;0.0;22.68;4.21
0.0;0.0;0.0;21.6;4.0
0.0;0.0;0.0;20.66;3.79
0.0;0.0;0.0;19.82;3.59
0.0;0.0;0.0;19.03;3.59
0.0;0.0;0.0;18.36;3.59
0.0;0.0;0.0;17.74;3.59
5.0;0.0;5.0;17.15;3.52
141.0;423.67;60.0;17.04;3.45
310.0;594.2;97.0;17.94;3.52
489.0;710.69;119.0;19.98;4.83
656.0;783.09;134.0;21.38;4.83
801.0;840.51;140.0;22.85;4.76
903.0;870.43;144.0;24.23;4.83
963.0;897.1;140.0;25.33;5.17
960.0;885.16;146.0;26.21;5.24
906.0;860.62;150.0;26.87;5.31
808.0;833.43;144.0;27.25;5.38
671.0;788.26;135.0;27.52;5.24
509.0;729.19;118.0;27.58;5.17
329.0;615.67;98.0;26.95;4.9
157.0;442.47;65.0;26.07;4.21
13.0;0.0;13.0;24.37;3.79
0.0;0.0;0.0;22.9;3.66
0.0;0.0;0.0;21.69;3.52
0.0;0.0;0.0;20.63;3.45
0.0;0.0;0.0;19.73;3.17
0.0;0.0;0.0;18.9;2.76
0.0;0.0;0.0;18.05;2.41
0.0;0.0;0.0;17.14;2.21
0.0;0.0;0.0;16.21;2.0
5.0;0.0;5.0;15.32;1.93
137.0;405.19;60.0;15.33;1.66
302.0;573.63;97.0;17.94;1.79
477.0;685.12;121.0;19.77;1.45
641.0;758.58;136.0;21.13;1.1
783.0;817.1;141.0;22.49;0.69
865.0;796.41;171.0;23.79;0.48
820.0;543.08;322.0;24.93;0.28
827.0;554.75;317.0;25.69;0.41
826.0;658.09;248.0;26.65;0.62
761.0;712.98;193.0;27.23;0.62
646.0;726.48;152.0;27.66;0.9
478.0;622.84;144.0;27.66;1.03
308.0;517.03;114.0;27.43;0.97
145.0;360.78;70.0;26.85;1.1
13.0;0.0;13.0;25.26;1.52
0.0;0.0;0.0;23.62;1.38
0.0;0.0;0.0;23.09;1.31
0.0;0.0;0.0;23.09;1.17
0.0;0.0;0.0;23.37;0.97
0.0;0.0;0.0;22.69;0.9
0.0;0.0;0.0;21.22;1.17
0.0;0.0;0.0;20.39;1.24
0.0;0.0;0.0;19.77;1.17
1.0;0.0;1.0;19.34;1.1
131.0;360.17;63.0;18.98;1.03
297.0;550.24;101.0;20.16;0.21
475.0;680.73;122.0;23.95;0.83
642.0;762.65;135.0;25.83;1.31
786.0;821.73;141.0;27.4;1.52
882.0;840.62;150.0;28.68;1.45
947.0;878.31;142.0;29.75;1.17
945.0;867.23;148.0;30.67;0.97
891.0;842.73;151.0;31.38;0.83
790.0;803.46;150.0;31.9;0.83
659.0;769.18;136.0;32.22;0.83
497.0;699.35;122.0;31.06;0.56
320.0;586.42;100.0;30.39;0.8
152.0;418.78;65.0;29.71;1.04
13.0;0.0;13.0;29.03;1.28
0.0;0.0;0.0;28.35;1.52
0.0;0.0;0.0;27.68;1.76
0.0;0.0;0.0;27.0;2.0
0.0;0.0;0.0;26.32;2.24
0.0;0.0;0.0;25.65;2.48
0.0;0.0;0.0;24.97;2.72
0.0;0.0;0.0;24.29;2.96
0.0;0.0;0.0;23.62;3.2
4.0;0.0;4.0;22.94;3.44
135.0;405.34;59.0;22.26;3.68
306.0;608.48;90.0;21.59;3.92
484.0;722.78;110.0;20.91;4.16
652.0;796.92;123.0;27.04;4.9
789.0;836.63;133.0;28.75;5.31
896.0;878.03;132.0;30.32;5.52
946.0;880.98;139.0;31.66;5.45
949.0;881.72;139.0;32.76;5.24
895.0;856.63;143.0;33.6;5.1
794.0;817.43;143.0;34.09;5.1
659.0;772.25;134.0;34.24;5.03
486.0;656.59;134.0;34.0;5.03
322.0;597.32;98.0;33.36;4.97
128.0;231.3;80.0;32.17;4.34
11.0;0.0;11.0;30.09;4.55
0.0;0.0;0.0;28.47;4.41
0.0;0.0;0.0;27.23;4.28
0.0;0.0;0.0;26.12;4.07
0.0;0.0;0.0;25.19;3.93
0.0;0.0;0.0;24.43;3.79
0.0;0.0;0.0;23.7;3.59
0.0;0.0;0.0;22.98;3.45
0.0;0.0;0.0;22.38;3.38
3.0;0.0;3.0;21.88;3.38
114.0;231.03;71.0;21.92;3.31
280.0;463.68;116.0;23.2;3.24
458.0;617.89;139.0;25.22;4.28
627.0;724.22;147.0;27.19;5.24
768.0;785.21;153.0;28.9;5.72
873.0;828.14;153.0;30.48;5.93
937.0;865.13;145.0;31.9;5.93
935.0;853.8;151.0;33.12;5.72
887.0;840.97;149.0;34.12;5.38
783.0;788.77;155.0;34.74;5.17
646.0;731.25;149.0;35.09;5.03
478.0;626.96;142.0;34.98;4.83
303.0;493.62;118.0;34.4;4.83
115.0;154.43;83.0;33.07;3.86
10.0;0.0;10.0;30.95;4.55
0.0;0.0;0.0;29.33;4.28
0.0;0.0;0.0;28.24;3.93
0.0;0.0;0.0;27.24;3.1
0.0;0.0;0.0;26.15;2.34
0.0;0.0;0.0;24.59;1.79
0.0;0.0;0.0;23.22;1.52
0.0;0.0;0.0;22.72;1.31
0.0;0.0;0.0;22.57;1.17
0.0;0.0;0.0;22.51;1.1
116.0;259.91;68.0;22.72;0.83
267.0;403.02;125.0;24.09;0.41
456.0;623.25;135.0;26.74;0.48
616.0;690.65;159.0;28.41;0.76
690.0;545.82;263.0;30.32;2.0
821.0;681.5;229.0;32.15;2.55
320.0;3.28;317.0;33.82;2.62
881.0;707.13;232.0;35.14;3.1
821.0;656.63;245.0;36.04;3.72
778.0;784.02;154.0;36.51;4.21
615.0;622.6;192.0;36.57;4.62
442.0;481.65;184.0;36.14;4.97
246.0;232.33;159.0;35.16;5.1
119.0;183.75;81.0;33.78;4.76
13.0;0.0;13.0;31.58;4.9
0.0;0.0;0.0;30.16;4.97
0.0;0.0;0.0;28.97;4.9
0.0;0.0;0.0;27.85;4.69
0.0;0.0;0.0;26.9;4.55
0.0;0.0;0.0;26.12;4.41
0.0;0.0;0.0;25.48;4.14
0.0;0.0;0.0;24.79;3.72
0.0;0.0;0.0;24.12;3.45
0.0;0.0;0.0;23.48;3.17
113.0;245.68;68.0;23.35;3.03
278.0;470.19;113.0;24.43;2.76
428.0;496.34;173.0;27.46;4.07
614.0;681.23;164.0;29.48;4.55
761.0;769.18;160.0;31.28;4.62
870.0;826.16;153.0;32.97;4.34
920.0;826.92;164.0;34.41;3.72
918.0;812.18;173.0;35.61;2.97
876.0;815.46;161.0;36.36;2.34
786.0;801.95;148.0;36.9;2.14
652.0;756.89;138.0;37.06;2.28
488.0;676.22;126.0;36.73;2.55
309.0;531.98;110.0;36.08;3.1
142.0;344.15;71.0;34.64;3.24
12.0;0.0;12.0;32.56;1.03
0.0;0.0;0.0;31.37;1.1
0.0;0.0;0.0;28.22;1.66
0.0;0.0;0.0;26.48;1.93
0.0;0.0;0.0;25.19;2.14
0.0;0.0;0.0;24.17;2.14
0.0;0.0;0.0;23.19;2.21
0.0;0.0;0.0;22.35;2.14
0.0;0.0;0.0;21.54;2.0
0.0;0.0;0.0;20.83;1.93
85.0;82.61;70.0;20.99;1.79
268.0;420.66;121.0;24.53;1.93
60.0;0.0;60.0;27.13;2.76
215.0;1.52;214.0;29.55;3.38
726.0;658.69;212.0;31.61;4.21
868.0;823.5;154.0;33.18;4.83
927.0;849.44;151.0;34.5;5.38
931.0;850.85;151.0;35.83;5.59
883.0;838.71;148.0;36.69;5.45
609.0;320.69;354.0;37.53;5.24
647.0;742.59;143.0;36.03;2.97
487.0;674.87;126.0;35.74;1.86
300.0;481.81;120.0;34.93;2.55
153.0;437.49;63.0;33.23;2.48
12.0;0.0;12.0;32.53;0.62
0.0;0.0;0.0;30.13;2.48
0.0;0.0;0.0;28.61;4.0
0.0;0.0;0.0;27.16;4.07
0.0;0.0;0.0;26.02;3.38
0.0;0.0;0.0;25.2;2.76
0.0;0.0;0.0;24.45;2.48
0.0;0.0;0.0;23.82;2.41
0.0;0.0;0.0;23.14;2.28
0.0;0.0;0.0;22.51;2.14
102.0;188.96;68.0;22.3;2.21
253.0;359.28;128.0;23.0;2.62
424.0;512.69;162.0;23.52;2.69
578.0;581.92;195.0;25.04;2.48
738.0;722.45;175.0;26.77;2.28
850.0;795.48;161.0;28.58;1.86
879.0;735.09;208.0;30.14;1.45
918.0;836.14;152.0;31.51;1.1
866.0;811.8;155.0;32.66;0.97
768.0;771.36;155.0;33.53;0.83
637.0;726.87;144.0;34.02;0.55
473.0;632.45;135.0;34.24;0.62
228.0;179.62;161.0;34.17;0.97
97.0;82.91;80.0;33.5;1.52
7.0;0.0;7.0;31.51;1.86
0.0;0.0;0.0;30.03;1.93
0.0;0.0;0.0;28.4;1.79
0.0;0.0;0.0;27.03;1.79
0.0;0.0;0.0;26.45;2.41
0.0;0.0;0.0;26.29;3.03
0.0;0.0;0.0;25.87;3.1
0.0;0.0;0.0;25.33;3.1
0.0;0.0;0.0;24.7;2.83
0.0;0.0;0.0;24.06;2.62
88.0;106.61;69.0;24.0;2.41
273.0;473.55;109.0;25.69;2.41
450.0;627.95;130.0;28.25;2.14
617.0;724.62;141.0;30.18;2.69
759.0;785.16;148.0;32.42;3.66
864.0;826.39;149.0;34.26;4.48
924.0;853.04;146.0;35.75;5.1
923.0;842.2;152.0;36.8;5.1
792.0;588.39;277.0;37.01;5.17
232.0;0.0;232.0;35.51;3.59
630.0;692.01;161.0;34.53;2.55
381.0;284.72;229.0;33.89;2.62
264.0;314.21;147.0;33.47;2.07
61.0;4.9;60.0;32.7;1.38
2.0;0.0;2.0;31.72;2.76
0.0;0.0;0.0;29.73;2.48
0.0;0.0;0.0;28.06;2.14
0.0;0.0;0.0;26.78;2.62
0.0;0.0;0.0;25.64;2.76
0.0;0.0;0.0;24.67;2.62
0.0;0.0;0.0;23.78;2.34
0.0;0.0;0.0;22.88;2.21
0.0;0.0;0.0;21.97;2.21
0.0;0.0;0.0;21.32;2.21
51.0;5.67;50.0;21.13;2.0
270.0;441.0;118.0;21.83;2.62
246.0;49.2;221.0;21.79;3.59
229.0;4.58;226.0;21.3;4.07
374.0;37.32;345.0;21.28;4.34
651.0;284.64;405.0;22.08;4.07
931.0;851.61;155.0;22.83;3.72
930.0;838.47;163.0;23.69;3.93
835.0;682.57;238.0;24.29;4.07
754.0;686.75;209.0;24.62;4.28
658.0;767.94;138.0;24.7;4.34
487.0;662.03;134.0;24.47;4.34
303.0;495.13;119.0;24.02;4.14
140.0;334.35;72.0;23.37;4.0
10.0;0.0;10.0;21.66;3.86
0.0;0.0;0.0;20.87;3.31
0.0;0.0;0.0;20.06;3.17
0.0;0.0;0.0;19.34;3.03
0.0;0.0;0.0;18.67;2.76
0.0;0.0;0.0;18.22;2.55
0.0;0.0;0.0;17.62;2.41
0.0;0.0;0.0;17.39;2.41
0.0;0.0;0.0;16.97;2.34
0.0;0.0;0.0;17.05;2.55
72.0;45.82;64.0;17.39;2.55
182.0;96.22;149.0;18.24;3.93
441.0;556.7;159.0;18.47;4.34
366.0;85.6;310.0;19.46;4.28
759.0;746.27;180.0;20.41;4.48
864.0;787.75;184.0;21.56;4.62
945.0;875.5;148.0;22.64;4.76
950.0;876.37;149.0;23.86;4.83
907.0;876.47;141.0;24.82;5.03
810.0;848.73;137.0;25.45;5.24
672.0;802.69;129.0;25.73;5.24
509.0;743.68;113.0;25.6;5.24
327.0;628.38;94.0;25.19;5.17
148.0;400.17;67.0;24.48;5.03
10.0;0.0;10.0;23.48;4.21
0.0;0.0;0.0;22.2;4.07
0.0;0.0;0.0;21.16;4.07
0.0;0.0;0.0;20.2;4.14
0.0;0.0;0.0;19.3;4.07
0.0;0.0;0.0;18.44;3.86
0.0;0.0;0.0;17.53;3.66
0.0;0.0;0.0;16.86;3.45
0.0;0.0;0.0;16.26;3.24
0.0;0.0;0.0;15.67;2.83
124.0;393.79;56.0;15.57;2.48
298.0;609.6;90.0;16.78;2.69
478.0;724.81;112.0;18.51;2.69
648.0;798.11;127.0;20.36;2.07
791.0;846.86;135.0;22.24;1.59
896.0;878.03;139.0;24.11;1.38
954.0;892.87;142.0;25.84;1.31
963.0;905.61;136.0;27.43;1.17
915.0;893.24;135.0;28.72;0.83
813.0;854.55;136.0;29.83;0.9
675.0;808.01;129.0;30.66;1.17
511.0;748.57;113.0;31.14;1.24
329.0;635.35;94.0;31.28;1.59
155.0;466.84;61.0;30.8;2.07
10.0;0.0;10.0;29.25;2.55
0.0;0.0;0.0;27.62;3.1
0.0;0.0;0.0;26.56;3.93
0.0;0.0;0.0;25.66;4.21
0.0;0.0;0.0;24.84;4.21
0.0;0.0;0.0;24.01;4.07
0.0;0.0;0.0;23.33;3.86
0.0;0.0;0.0;22.57;3.52
0.0;0.0;0.0;21.89;3.17
0.0;0.0;0.0;21.29;2.9
113.0;310.46;60.0;21.06;2.28
282.0;542.15;98.0;22.39;1.66
463.0;685.45;118.0;24.62;0.69
626.0;747.69;139.0;26.64;1.59
775.0;819.8;141.0;28.01;2.62
883.0;861.74;141.0;29.03;2.41
940.0;876.21;144.0;30.02;2.34
944.0;877.96;143.0;30.88;2.34
897.0;865.4;142.0;31.55;2.55
800.0;837.7;137.0;31.97;2.76
660.0;780.82;133.0;32.06;3.17
494.0;702.72;121.0;31.71;3.45
309.0;544.91;108.0;31.01;3.72
143.0;384.63;66.0;29.94;3.93
9.0;0.0;9.0;28.19;3.79
0.0;0.0;0.0;26.74;3.38
0.0;0.0;0.0;25.51;3.1
0.0;0.0;0.0;24.37;2.9
0.0;0.0;0.0;23.35;2.76
0.0;0.0;0.0;22.38;2.48
0.0;0.0;0.0;21.34;2.28
0.0;0.0;0.0;20.05;2.0
0.0;0.0;0.0;18.9;2.0
0.0;0.0;0.0;18.06;2.0
111.0;302.33;60.0;18.02;1.86
282.0;551.07;96.0;21.2;2.14
461.0;685.76;117.0;21.94;3.59
628.0;758.65;135.0;23.45;3.45
769.0;808.25;145.0;25.13;3.17
872.0;837.3;152.0;26.73;3.17
928.0;852.94;154.0;28.09;3.1
902.0;761.44;208.0;29.13;2.97
815.0;631.04;265.0;29.89;3.03
782.0;785.47;161.0;30.42;3.17
453.0;194.35;322.0;30.51;3.45
345.0;188.74;245.0;30.25;3.72
312.0;565.57;104.0;29.71;4.0
124.0;231.23;78.0;28.8;4.0
3.0;0.0;3.0;27.2;3.31
0.0;0.0;0.0;26.22;3.17
0.0;0.0;0.0;25.34;3.17
0.0;0.0;0.0;24.32;3.31
0.0;0.0;0.0;23.28;3.31
0.0;0.0;0.0;22.41;3.24
0.0;0.0;0.0;21.63;3.03
0.0;0.0;0.0;20.96;2.76
0.0;0.0;0.0;20.27;2.62
0.0;0.0;0.0;19.7;2.62
61.0;30.01;56.0;19.64;2.62
268.0;494.63;102.0;20.59;2.9
439.0;614.12;132.0;20.98;3.52
613.0;735.78;136.0;22.44;3.31
757.0;796.7;143.0;23.99;3.31
850.0;803.53;160.0;25.44;3.45
915.0;842.9;151.0;26.8;3.72
866.0;690.85;237.0;28.03;3.93
854.0;776.41;178.0;28.32;3.86
770.0;780.04;154.0;28.58;4.0
645.0;757.7;135.0;29.3;4.0
484.0;686.5;121.0;29.3;3.86
305.0;551.03;103.0;29.16;3.86
136.0;349.21;67.0;28.54;3.66
8.0;0.0;8.0;26.79;3.17
0.0;0.0;0.0;25.55;2.69
0.0;0.0;0.0;24.45;2.48
0.0;0.0;0.0;23.35;2.28
0.0;0.0;0.0;22.29;2.28
0.0;0.0;0.0;21.36;2.34
0.0;0.0;0.0;20.71;2.48
0.0;0.0;0.0;20.2;2.62
0.0;0.0;0.0;19.62;2.48
0.0;0.0;0.0;18.97;2.34
104.0;267.54;60.0;18.74;2.07
277.0;545.51;95.0;20.84;2.48
459.0;690.6;115.0;21.54;3.52
630.0;776.24;128.0;23.05;3.38
769.0;816.35;141.0;24.64;3.17
877.0;858.33;141.0;26.14;3.03
935.0;873.76;144.0;27.51;3.03
935.0;863.15;150.0;28.69;3.03
887.0;850.87;147.0;29.59;3.24
788.0;812.7;147.0;30.19;3.45
653.0;767.79;137.0;30.38;3.72
490.0;699.35;121.0;30.16;3.93
312.0;583.07;99.0;29.53;4.07
144.0;423.17;61.0;28.5;4.14
7.0;0.0;7.0;27.01;3.59
0.0;0.0;0.0;25.51;3.45
0.0;0.0;0.0;24.23;3.45
0.0;0.0;0.0;23.08;3.38
0.0;0.0;0.0;22.12;3.24
0.0;0.0;0.0;21.29;3.03
0.0;0.0;0.0;20.45;2.69
0.0;0.0;0.0;19.65;2.41
0.0;0.0;0.0;18.88;2.28
0.0;0.0;0.0;18.2;2.21
102.0;265.0;59.0;18.08;2.07
268.0;491.54;105.0;19.84;2.55
446.0;634.71;131.0;21.47;3.17
620.0;747.2;138.0;23.34;3.03
744.0;735.83;179.0;25.28;2.83
860.0;809.4;167.0;27.16;2.69
911.0;807.4;181.0;28.78;2.55
911.0;793.71;190.0;30.12;2.48
865.0;782.8;185.0;31.14;2.41
785.0;802.35;153.0;31.93;2.41
619.0;639.39;190.0;32.37;2.48
422.0;416.02;203.0;32.5;2.55
304.0;533.05;110.0;32.17;2.62
139.0;380.27;65.0;31.47;2.55
6.0;0.0;6.0;29.72;1.79
0.0;0.0;0.0;27.55;1.79
0.0;0.0;0.0;25.5;1.72
0.0;0.0;0.0;24.48;1.66
0.0;0.0;0.0;23.65;1.52
0.0;0.0;0.0;22.31;1.59
0.0;0.0;0.0;21.33;1.52
0.0;0.0;0.0;20.79;1.38
0.0;0.0;0.0;20.75;1.24
0.0;0.0;0.0;20.49;1.24
102.0;274.98;58.0;20.66;0.97
267.0;497.66;103.0;22.19;0.41
463.0;713.97;110.0;25.68;0.28
623.0;760.02;134.0;27.68;0.48
765.0;810.33;144.0;29.85;1.24
869.0;839.89;151.0;31.85;1.72
932.0;867.17;149.0;33.46;1.93
932.0;856.41;155.0;34.66;1.93
890.0;856.4;147.0;35.63;2.0
789.0;817.47;146.0;36.3;2.14
657.0;783.85;132.0;36.66;2.21
493.0;714.13;118.0;36.44;2.76
312.0;587.61;99.0;35.63;3.59
146.0;450.88;59.0;34.29;3.86
7.0;0.0;7.0;32.02;3.93
0.0;0.0;0.0;30.53;3.66
0.0;0.0;0.0;29.36;3.59
0.0;0.0;0.0;28.23;3.79
0.0;0.0;0.0;27.31;3.93
0.0;0.0;0.0;26.52;3.79
0.0;0.0;0.0;25.68;3.31
0.0;0.0;0.0;24.85;2.83
0.0;0.0;0.0;24.03;2.48
0.0;0.0;0.0;23.23;2.34
95.0;234.61;58.0;22.72;2.0
278.0;586.39;86.0;24.16;1.86
436.0;619.28;131.0;27.08;1.86
608.0;730.88;139.0;29.16;2.21
749.0;780.57;152.0;31.26;2.62
856.0;824.83;152.0;33.18;3.1
913.0;839.53;156.0;34.64;3.38
918.0;840.96;156.0;35.68;3.52
867.0;814.83;161.0;36.41;3.45
768.0;774.13;160.0;36.81;3.38
629.0;701.56;160.0;36.91;3.31
52.0;0.0;52.0;36.68;3.38
27.0;0.0;27.0;34.67;2.97
88.0;73.22;74.0;33.3;1.79
6.0;0.0;6.0;31.99;4.07
0.0;0.0;0.0;30.39;4.07
0.0;0.0;0.0;29.13;3.59
0.0;0.0;0.0;27.99;2.76
0.0;0.0;0.0;26.74;2.0
0.0;0.0;0.0;25.23;1.66
0.0;0.0;0.0;24.22;1.31
0.0;0.0;0.0;24.15;1.1
0.0;0.0;0.0;22.57;1.52
0.0;0.0;0.0;21.91;0.9
9.0;0.0;9.0;21.4;0.76
41.0;0.0;41.0;22.38;1.17
276.0;112.12;221.0;23.1;1.59
310.0;46.88;280.0;24.21;0.28
734.0;761.21;153.0;26.45;1.24
813.0;719.4;200.0;28.54;1.93
906.0;844.07;146.0;30.4;1.72
917.0;857.57;141.0;31.6;1.31
851.0;797.48;161.0;32.48;1.17
69.0;0.0;69.0;32.8;1.17
57.0;0.0;57.0;31.96;1.38
52.0;0.0;52.0;29.73;2.97
209.0;150.29;155.0;28.13;2.62
126.0;316.82;66.0;27.52;1.45
5.0;0.0;5.0;27.79;1.24
0.0;0.0;0.0;26.03;1.31
0.0;0.0;0.0;24.91;1.45
0.0;0.0;0.0;23.74;1.79
0.0;0.0;0.0;23.29;2.21
0.0;0.0;0.0;23.37;2.69
0.0;0.0;0.0;23.78;3.03
0.0;0.0;0.0;24.01;3.31
0.0;0.0;0.0;23.73;3.17
0.0;0.0;0.0;23.53;2.9
74.0;111.15;57.0;23.45;2.62
191.0;167.15;137.0;23.6;2.48
416.0;562.88;141.0;24.85;1.52
596.0;720.83;136.0;25.66;1.72
736.0;773.32;147.0;26.57;1.93
842.0;815.86;148.0;27.96;1.66
865.0;731.88;207.0;28.78;1.31
870.0;733.73;207.0;29.48;1.1
595.0;210.66;413.0;30.1;1.45
748.0;739.62;169.0;30.86;1.45
272.0;16.52;261.0;30.89;1.93
142.0;0.0;142.0;30.76;2.34
230.0;220.94;151.0;29.62;2.34
47.0;0.0;47.0;29.43;0.97
0.0;0.0;0.0;28.09;1.52
0.0;0.0;0.0;26.68;2.0
0.0;0.0;0.0;25.78;2.83
0.0;0.0;0.0;24.87;3.59
0.0;0.0;0.0;24.05;3.66
0.0;0.0;0.0;23.25;3.17
0.0;0.0;0.0;22.57;2.55
0.0;0.0;0.0;21.88;2.07
0.0;0.0;0.0;21.05;1.79
0.0;0.0;0.0;20.05;1.59
96.0;299.02;51.0;19.77;1.38
264.0;551.73;87.0;22.28;1.45
441.0;680.35;110.0;24.15;2.9
606.0;754.34;126.0;25.4;2.83
744.0;797.37;138.0;26.74;2.83
848.0;829.07;144.0;27.74;2.69
895.0;823.24;156.0;28.68;2.62
911.0;847.87;146.0;29.27;2.76
859.0;823.07;149.0;28.96;3.03
765.0;794.68;144.0;29.38;3.1
632.0;748.2;135.0;29.48;3.1
475.0;693.56;115.0;29.55;3.03
305.0;601.57;91.0;29.33;2.9
135.0;415.28;58.0;28.89;2.76
0.0;0.0;0.0;28.85;2.76
0.0;0.0;0.0;27.57;3.31
0.0;0.0;0.0;26.53;3.38
0.0;0.0;0.0;25.4;2.9
0.0;0.0;0.0;24.52;2.69
0.0;0.0;0.0;23.76;2.69
0.0;0.0;0.0;23.12;2.62
0.0;0.0;0.0;22.52;2.28
0.0;0.0;0.0;21.82;2.0
0.0;0.0;0.0;21.01;1.93
99.0;344.63;48.0;20.58;1.72
268.0;577.68;84.0;22.61;1.79
448.0;710.1;104.0;24.13;3.1
610.0;764.45;125.0;25.76;2.9
749.0;807.05;137.0;27.47;2.62
858.0;850.63;137.0;29.18;2.41
912.0;855.81;145.0;30.7;2.34
912.0;845.84;150.0;31.99;2.28
866.0;832.53;149.0;32.94;2.28
771.0;805.14;143.0;33.59;2.34
640.0;768.08;131.0;33.99;2.55
481.0;713.27;112.0;33.85;2.14
303.0;596.35;92.0;33.6;2.34
114.0;240.06;70.0;32.89;1.79
0.0;0.0;0.0;31.3;1.31
0.0;0.0;0.0;31.17;0.69
0.0;0.0;0.0;29.73;0.9
0.0;0.0;0.0;27.29;1.52
0.0;0.0;0.0;25.38;1.86
0.0;0.0;0.0;24.26;1.79
0.0;0.0;0.0;23.59;1.52
0.0;0.0;0.0;23.27;1.31
0.0;0.0;0.0;22.95;1.24
0.0;0.0;0.0;22.68;1.17
74.0;137.52;54.0;22.8;0.97
234.0;398.51;108.0;24.02;0.69
424.0;634.43;118.0;26.43;1.52
588.0;714.59;136.0;27.55;1.79
577.0;331.75;326.0;29.04;1.86
601.0;242.31;396.0;30.07;2.07
862.0;742.11;198.0;31.12;1.93
892.0;817.18;157.0;32.15;2.0
747.0;519.91;300.0;32.31;2.28
258.0;2.57;256.0;32.54;2.41
182.0;0.0;182.0;32.63;1.86
192.0;11.64;186.0;28.57;3.03
31.0;0.0;31.0;24.74;2.69
18.0;0.0;18.0;24.0;1.52
0.0;0.0;0.0;22.66;1.79
0.0;0.0;0.0;22.17;2.0
0.0;0.0;0.0;21.72;2.28
0.0;0.0;0.0;21.32;2.48
0.0;0.0;0.0;20.89;2.55
0.0;0.0;0.0;20.59;2.21
0.0;0.0;0.0;20.46;1.93
0.0;0.0;0.0;20.48;1.86
0.0;0.0;0.0;20.65;2.21
0.0;0.0;0.0;20.7;2.34
83.0;224.03;51.0;20.55;2.14
245.0;471.63;97.0;21.03;2.0
431.0;662.27;113.0;21.17;3.03
594.0;734.24;131.0;22.34;3.24
732.0;776.35;146.0;23.6;3.45
742.0;534.11;291.0;25.01;3.31
660.0;273.17;416.0;26.17;3.17
864.0;722.77;215.0;27.34;3.24
730.0;470.73;326.0;28.0;3.45
694.0;576.68;246.0;28.64;3.52
618.0;712.86;148.0;28.69;3.38
466.0;675.6;119.0;28.56;3.17
296.0;583.35;92.0;28.35;2.97
127.0;386.03;58.0;27.64;2.34
0.0;0.0;0.0;26.09;2.21
0.0;0.0;0.0;24.88;2.21
0.0;0.0;0.0;23.83;2.14
0.0;0.0;0.0;22.73;2.21
0.0;0.0;0.0;21.87;2.21
0.0;0.0;0.0;20.94;2.21
0.0;0.0;0.0;19.99;2.0
0.0;0.0;0.0;19.11;1.86
0.0;0.0;0.0;18.58;1.59
0.0;0.0;0.0;18.2;1.45
92.0;328.1;46.0;18.23;1.24
259.0;562.0;84.0;20.38;0.76
438.0;696.7;105.0;22.78;0.97
603.0;760.42;125.0;24.27;0.28
743.0;803.44;138.0;25.82;0.34
829.0;785.55;167.0;27.34;0.48
901.0;842.29;150.0;28.76;0.55
921.0;877.98;134.0;30.0;0.9
841.0;776.27;176.0;31.06;1.52
502.0;163.83;375.0;31.87;1.86
70.0;0.0;70.0;32.43;2.0
343.0;222.82;229.0;32.71;1.79
221.0;207.19;149.0;32.14;1.24
118.0;323.27;61.0;30.8;0.14
0.0;0.0;0.0;25.28;0.34
0.0;0.0;0.0;24.97;0.97
0.0;0.0;0.0;23.91;1.31
0.0;0.0;0.0;22.72;2.21
0.0;0.0;0.0;21.61;1.72
0.0;0.0;0.0;20.85;1.17
0.0;0.0;0.0;20.33;1.72
0.0;0.0;0.0;19.73;1.72
0.0;0.0;0.0;19.13;1.93
0.0;0.0;0.0;19.04;2.97
81.0;225.43;50.0;18.47;3.03
182.0;155.37;134.0;18.66;2.76
304.0;176.57;220.0;19.25;4.07
597.0;718.19;147.0;19.99;3.93
394.0;58.58;350.0;20.66;3.93
843.0;795.48;174.0;21.24;3.72
725.0;370.79;395.0;21.77;3.59
435.0;34.65;404.0;22.08;3.45
395.0;25.73;373.0;22.32;3.38
483.0;131.88;381.0;22.52;3.38
266.0;13.73;257.0;22.5;3.38
374.0;296.34;223.0;22.4;3.38
245.0;298.36;142.0;22.21;3.31
120.0;339.46;61.0;21.8;2.97
0.0;0.0;0.0;21.03;2.76
0.0;0.0;0.0;19.71;2.83
0.0;0.0;0.0;18.68;2.9
0.0;0.0;0.0;17.85;2.76
0.0;0.0;0.0;17.31;2.62
0.0;0.0;0.0;16.73;2.62
0.0;0.0;0.0;16.01;2.48
0.0;0.0;0.0;15.23;2.41
0.0;0.0;0.0;14.6;2.21
0.0;0.0;0.0;14.33;2.0
43.0;14.84;41.0;14.3;1.93
232.0;411.18;106.0;15.62;1.93
271.0;114.05;217.0;17.62;2.41
576.0;662.91;162.0;19.13;1.79
581.0;334.99;330.0;20.54;1.59
512.0;117.96;413.0;21.61;1.1
394.0;20.26;376.0;21.96;0.9
700.0;329.19;406.0;22.29;0.21
394.0;26.95;371.0;23.03;0.62
155.0;0.0;155.0;23.81;1.24
133.0;0.0;133.0;24.33;1.24
126.0;0.0;126.0;23.48;1.17
162.0;55.42;143.0;22.87;2.41
83.0;93.46;67.0;22.04;2.21
0.0;0.0;0.0;20.94;3.1
0.0;0.0;0.0;19.54;2.48
0.0;0.0;0.0;18.74;0.62
0.0;0.0;0.0;18.46;0.69
0.0;0.0;0.0;18.02;1.03
0.0;0.0;0.0;17.12;1.45
0.0;0.0;0.0;16.22;1.66
0.0;0.0;0.0;15.52;1.79
0.0;0.0;0.0;15.71;1.79
0.0;0.0;0.0;15.95;1.72
85.0;318.11;43.0;16.96;1.24
169.0;125.04;131.0;18.49;0.76
307.0;197.38;214.0;20.02;1.86
435.0;234.57;289.0;20.79;2.9
694.0;638.26;217.0;21.33;2.97
725.0;482.42;321.0;22.36;2.83
824.0;610.22;283.0;23.85;2.76
834.0;624.89;277.0;24.54;2.97
643.0;285.37;400.0;25.19;3.17
368.0;35.08;341.0;25.69;3.31
494.0;314.62;289.0;25.78;3.31
433.0;528.57;166.0;25.84;3.17
275.0;478.91;112.0;25.3;2.76
120.0;391.74;54.0;24.66;2.34
0.0;0.0;0.0;22.97;2.55
0.0;0.0;0.0;21.2;1.79
0.0;0.0;0.0;20.08;1.1
0.0;0.0;0.0;20.2;0.9
0.0;0.0;0.0;18.21;1.38
0.0;0.0;0.0;16.65;1.72
0.0;0.0;0.0;16.09;1.79
0.0;0.0;0.0;15.7;1.72
0.0;0.0;0.0;15.55;1.59
0.0;0.0;0.0;15.42;1.52
84.0;325.01;42.0;15.02;1.52
258.0;597.33;78.0;16.57;1.31
427.0;678.28;109.0;18.48;2.69
506.0;428.83;240.0;19.09;2.62
633.0;469.56;283.0;19.75;2.48
800.0;697.7;217.0;20.53;2.34
812.0;592.24;288.0;21.43;2.21
894.0;812.75;171.0;22.29;1.66
848.0;801.49;167.0;23.38;1.59
758.0;789.3;152.0;24.1;1.45
616.0;714.45;152.0;24.61;1.38
260.0;69.61;225.0;24.9;1.86
253.0;375.97;126.0;25.05;1.93
55.0;18.11;52.0;24.75;1.38
0.0;0.0;0.0;23.75;1.93
0.0;0.0;0.0;22.49;3.03
0.0;0.0;0.0;20.71;4.07
0.0;0.0;0.0;18.97;3.31
0.0;0.0;0.0;18.12;2.62
0.0;0.0;0.0;17.65;2.0
0.0;0.0;0.0;17.29;1.45
0.0;0.0;0.0;17.09;0.9
0.0;0.0;0.0;16.97;0.55
0.0;0.0;0.0;16.8;0.48
13.0;0.0;13.0;17.06;0.28
48.0;0.0;48.0;17.67;0.55
163.0;6.43;160.0;17.68;1.52
167.0;0.0;167.0;18.55;1.59
324.0;21.52;308.0;19.74;1.66
189.0;0.0;189.0;20.45;1.79
240.0;0.0;240.0;20.49;1.59
319.0;3.38;316.0;20.26;0.41
121.0;0.0;121.0;19.79;1.66
68.0;0.0;68.0;19.15;2.9
98.0;0.0;98.0;18.57;3.31
67.0;0.0;67.0;18.23;3.45
93.0;0.0;93.0;17.84;3.1
74.0;79.87;61.0;17.65;2.69
0.0;0.0;0.0;18.06;2.48
0.0;0.0;0.0;17.77;2.21
0.0;0.0;0.0;17.39;2.0
0.0;0.0;0.0;16.95;1.93
0.0;0.0;0.0;16.64;1.86
0.0;0.0;0.0;16.04;1.72
0.0;0.0;0.0;15.08;1.72
0.0;0.0;0.0;13.87;1.66
0.0;0.0;0.0;13.12;1.59
0.0;0.0;0.0;12.71;1.59
79.0;299.58;42.0;12.43;1.52
217.0;351.23;113.0;14.24;1.38
427.0;678.8;112.0;16.87;2.69
582.0;691.65;156.0;18.19;3.24
724.0;739.2;176.0;19.45;3.24
701.0;424.4;348.0;20.57;3.24
916.0;872.82;147.0;21.71;3.31
862.0;701.04;241.0;22.7;3.45
752.0;514.32;317.0;23.15;3.79
648.0;443.95;309.0;23.35;3.93
305.0;35.66;282.0;23.46;3.79
361.0;281.21;221.0;23.24;3.79
219.0;222.64;145.0;22.9;3.72
106.0;300.42;58.0;22.23;3.17
0.0;0.0;0.0;20.58;3.03
0.0;0.0;0.0;19.26;3.03
0.0;0.0;0.0;18.17;2.97
0.0;0.0;0.0;17.23;3.1
0.0;0.0;0.0;16.53;3.31
0.0;0.0;0.0;15.95;3.31
0.0;0.0;0.0;15.39;3.31
0.0;0.0;0.0;14.85;3.38
0.0;0.0;0.0;14.32;3.24
0.0;0.0;0.0;13.77;3.1
61.0;132.67;45.0;13.47;2.9
240.0;514.59;89.0;14.33;2.76
430.0;699.71;107.0;16.51;3.52
604.0;782.17;124.0;18.3;3.38
772.0;894.14;111.0;19.99;3.1
591.0;220.54;408.0;21.55;3.03
871.0;742.79;218.0;22.85;2.69
725.0;374.49;394.0;23.82;2.55
295.0;2.37;293.0;24.49;2.34
507.0;170.73;377.0;24.53;1.86
592.0;619.4;194.0;24.75;1.59
402.0;426.05;191.0;24.18;1.14
179.0;103.18;145.0;23.66;1.15
66.0;51.06;58.0;23.14;1.16
0.0;0.0;0.0;22.63;1.17
0.0;0.0;0.0;22.11;1.18
0.0;0.0;0.0;21.59;1.18
0.0;0.0;0.0;21.08;1.19
0.0;0.0;0.0;20.56;1.2
0.0;0.0;0.0;20.04;1.21
0.0;0.0;0.0;19.52;1.22
0.0;0.0;0.0;19.01;1.23
0.0;0.0;0.0;18.49;1.24
0.0;0.0;0.0;17.97;1.25
78.0;340.0;38.0;17.46;1.26
248.0;591.6;76.0;16.94;1.26
431.0;723.08;99.0;16.42;1.27
604.0;798.16;116.0;24.32;2.41
757.0;865.51;119.0;26.32;3.31
862.0;887.93;127.0;27.95;4.21
927.0;917.77;122.0;29.28;5.03
928.0;907.19;128.0;30.16;5.45
880.0;893.53;128.0;30.62;5.66
780.0;864.13;124.0;30.75;5.66
636.0;804.57;121.0;30.58;5.45
469.0;736.97;106.0;30.07;5.03
289.0;633.83;82.0;29.19;4.41
114.0;429.98;48.0;27.75;4.14
0.0;0.0;0.0;26.17;4.0
0.0;0.0;0.0;24.92;3.79
0.0;0.0;0.0;23.8;3.66
0.0;0.0;0.0;22.88;3.59
0.0;0.0;0.0;22.12;3.52
0.0;0.0;0.0;21.46;3.45
0.0;0.0;0.0;20.76;3.31
0.0;0.0;0.0;20.21;3.24
0.0;0.0;0.0;19.69;3.1
0.0;0.0;0.0;19.23;3.03
73.0;313.95;37.0;18.99;3.03
244.0;579.85;77.0;20.17;3.17
421.0;689.81;106.0;22.99;3.52
588.0;753.57;129.0;25.07;4.55
733.0;806.83;140.0;26.75;5.52
840.0;839.29;147.0;28.12;6.21
899.0;854.78;151.0;29.25;6.62
915.0;880.92;140.0;30.14;6.76
862.0;856.54;143.0;30.7;6.76
756.0;803.38;148.0;30.96;6.62
612.0;727.79;148.0;30.89;6.21
433.0;588.03;145.0;30.48;5.45
258.0;460.51;109.0;29.67;5.03
101.0;332.85;51.0;28.2;4.69
0.0;0.0;0.0;26.74;4.21
0.0;0.0;0.0;25.7;4.07
0.0;0.0;0.0;24.8;4.34
0.0;0.0;0.0;24.13;4.34
0.0;0.0;0.0;23.66;4.21
0.0;0.0;0.0;23.06;4.07
0.0;0.0;0.0;22.44;3.03
0.0;0.0;0.0;21.02;2.21
0.0;0.0;0.0;19.51;2.07
0.0;0.0;0.0;18.06;1.66
54.0;116.43;41.0;18.1;1.38
208.0;378.62;100.0;19.21;1.31
384.0;550.52;134.0;22.91;2.21
560.0;683.96;145.0;23.85;2.69
697.0;721.91;168.0;24.89;2.0
709.0;490.54;305.0;25.93;1.59
838.0;713.64;215.0;26.84;1.45
871.0;799.89;169.0;27.68;1.24
811.0;742.98;189.0;28.3;1.31
735.0;774.14;151.0;28.66;1.93
586.0;672.53;159.0;28.45;2.69
434.0;638.73;123.0;27.71;3.38
258.0;502.45;97.0;27.1;3.38
94.0;292.83;51.0;26.14;2.83
0.0;0.0;0.0;25.0;2.9
0.0;0.0;0.0;23.86;2.9
0.0;0.0;0.0;23.02;2.76
0.0;0.0;0.0;22.38;2.69
0.0;0.0;0.0;21.74;2.55
0.0;0.0;0.0;21.03;2.41
0.0;0.0;0.0;20.35;2.34
0.0;0.0;0.0;20.01;2.21
0.0;0.0;0.0;19.64;2.14
0.0;0.0;0.0;19.23;1.86
42.0;46.03;37.0;18.71;1.66
161.0;148.7;119.0;19.64;1.66
391.0;600.15;120.0;20.51;0.83
568.0;728.01;128.0;21.64;1.66
719.0;806.25;130.0;22.75;1.86
821.0;829.04;140.0;23.99;1.86
885.0;857.79;138.0;25.39;1.93
881.0;837.31;148.0;26.69;2.07
843.0;846.86;136.0;27.45;2.28
746.0;816.61;132.0;28.08;2.28
604.0;754.5;127.0;28.46;2.34
437.0;667.43;114.0;28.4;2.34
196.0;192.3;135.0;27.91;2.41
86.0;230.16;53.0;27.09;2.21
0.0;0.0;0.0;25.63;2.07
0.0;0.0;0.0;24.55;1.72
0.0;0.0;0.0;23.28;1.45
0.0;0.0;0.0;22.31;1.38
0.0;0.0;0.0;22.05;1.17
0.0;0.0;0.0;22.62;0.9
0.0;0.0;0.0;21.74;1.1
0.0;0.0;0.0;21.53;0.9
0.0;0.0;0.0;21.27;0.83
0.0;0.0;0.0;20.92;0.76
56.0;170.55;38.0;20.56;0.76
218.0;479.2;84.0;21.22;0.28
396.0;634.8;111.0;23.46;0.62
567.0;730.92;127.0;25.27;1.24
715.0;797.78;134.0;27.01;1.79
821.0;831.27;140.0;28.76;2.48
880.0;849.6;142.0;30.25;3.17
895.0;873.84;132.0;31.39;3.72
847.0;860.11;131.0;32.07;4.0
737.0;796.72;140.0;32.18;4.14
625.0;827.76;104.0;31.93;4.55
101.0;0.0;101.0;31.28;4.62
51.0;0.0;51.0;30.53;3.24
75.0;157.35;53.0;29.32;2.48
0.0;0.0;0.0;27.35;1.79
0.0;0.0;0.0;25.78;1.66
0.0;0.0;0.0;24.18;1.59
0.0;0.0;0.0;22.72;1.52
0.0;0.0;0.0;22.13;1.31
0.0;0.0;0.0;22.96;0.83
0.0;0.0;0.0;21.32;1.17
0.0;0.0;0.0;20.55;1.24
0.0;0.0;0.0;20.03;1.38
0.0;0.0;0.0;19.33;1.66
51.0;146.42;36.0;18.95;1.66
171.0;209.55;113.0;20.47;1.59
281.0;183.72;199.0;22.21;2.21
552.0;688.86;139.0;23.1;1.79
685.0;713.54;167.0;24.37;1.72
682.0;444.32;319.0;25.51;1.52
781.0;577.11;281.0;26.47;0.83
772.0;543.16;299.0;27.75;0.28
795.0;721.69;196.0;28.76;0.34
706.0;709.82;176.0;29.42;1.1
610.0;790.06;115.0;29.21;1.72
91.0;0.0;91.0;28.67;1.31
78.0;0.0;78.0;23.39;3.86
81.0;227.65;50.0;20.37;0.9
0.0;0.0;0.0;20.46;2.69
0.0;0.0;0.0;20.24;1.03
0.0;0.0;0.0;19.72;1.45
0.0;0.0;0.0;19.12;1.1
0.0;0.0;0.0;19.76;0.14
0.0;0.0;0.0;18.95;0.83
0.0;0.0;0.0;19.02;0.69
0.0;0.0;0.0;19.0;0.83
0.0;0.0;0.0;18.85;1.1
0.0;0.0;0.0;19.69;0.07
26.0;10.07;25.0;19.41;1.72
95.0;10.95;92.0;20.15;1.86
35.0;0.0;35.0;21.09;1.17
58.0;0.0;58.0;21.26;1.1
88.0;0.0;88.0;21.21;1.45
108.0;0.0;108.0;20.95;1.03
104.0;0.0;104.0;20.64;0.83
89.0;0.0;89.0;20.43;1.38
99.0;0.0;99.0;20.17;1.72
78.0;0.0;78.0;20.54;2.21
72.0;0.0;72.0;20.28;2.41
186.0;14.75;179.0;19.7;0.69
22.0;0.0;22.0;19.24;1.03
30.0;0.0;30.0;18.95;1.17
0.0;0.0;0.0;18.03;1.66
0.0;0.0;0.0;17.86;0.41
0.0;0.0;0.0;18.02;0.55
0.0;0.0;0.0;16.96;1.03
0.0;0.0;0.0;16.91;0.97
0.0;0.0;0.0;17.25;0.69
0.0;0.0;0.0;16.96;1.1
0.0;0.0;0.0;17.22;1.45
0.0;0.0;0.0;17.07;1.79
0.0;0.0;0.0;16.97;1.86
10.0;0.0;10.0;16.91;1.59
51.0;0.0;51.0;17.02;1.52
279.0;190.47;195.0;17.38;1.45
283.0;43.73;257.0;17.53;1.79
86.0;0.0;86.0;17.93;2.14
85.0;0.0;85.0;18.31;2.55
102.0;0.0;102.0;18.6;2.97
424.0;40.42;389.0;19.07;3.66
104.0;0.0;104.0;19.51;4.21
200.0;0.0;200.0;19.9;3.59
495.0;402.88;245.0;19.66;3.52
345.0;318.31;195.0;19.51;2.97
126.0;32.95;116.0;19.32;3.52
71.0;178.84;48.0;19.11;3.1
0.0;0.0;0.0;17.96;3.31
0.0;0.0;0.0;17.54;3.03
0.0;0.0;0.0;17.08;2.97
0.0;0.0;0.0;17.08;3.31
0.0;0.0;0.0;17.26;3.31
0.0;0.0;0.0;17.12;2.83
0.0;0.0;0.0;16.87;2.55
0.0;0.0;0.0;16.66;2.83
0.0;0.0;0.0;16.29;2.9
0.0;0.0;0.0;15.85;2.62
55.0;268.88;30.0;15.39;2.41
209.0;473.74;82.0;15.94;2.28
407.0;716.41;93.0;17.18;3.31
566.0;749.97;122.0;18.33;3.72
705.0;786.04;140.0;19.59;4.14
807.0;806.21;154.0;20.64;4.14
875.0;848.35;146.0;21.56;3.86
871.0;824.56;159.0;22.4;3.86
787.0;698.13;213.0;23.05;4.21
722.0;768.02;155.0;23.27;4.14
557.0;605.77;183.0;23.33;3.93
131.0;0.0;131.0;23.24;3.52
235.0;456.98;98.0;22.72;2.83
83.0;336.83;41.0;21.81;2.55
0.0;0.0;0.0;20.73;2.69
0.0;0.0;0.0;20.18;2.69
0.0;0.0;0.0;19.62;2.69
0.0;0.0;0.0;19.13;2.69
0.0;0.0;0.0;18.45;2.41
0.0;0.0;0.0;17.84;2.28
0.0;0.0;0.0;17.58;2.41
0.0;0.0;0.0;17.34;2.62
0.0;0.0;0.0;17.16;2.76
0.0;0.0;0.0;16.59;2.69
51.0;233.92;30.0;16.15;2.55
203.0;441.3;86.0;16.75;2.41
273.0;174.49;197.0;18.16;3.38
553.0;707.43;136.0;19.52;4.28
645.0;579.34;230.0;20.35;4.14
747.0;616.7;249.0;21.41;4.0
824.0;695.58;228.0;22.25;3.79
791.0;592.39;281.0;22.73;3.52
818.0;799.31;163.0;23.42;3.59
713.0;741.19;168.0;23.71;3.52
587.0;735.93;135.0;23.87;3.59
428.0;686.96;109.0;23.7;3.59
250.0;570.87;81.0;23.16;3.24
81.0;339.72;40.0;22.1;2.76
0.0;0.0;0.0;20.51;2.9
0.0;0.0;0.0;19.47;2.9
0.0;0.0;0.0;18.63;2.76
0.0;0.0;0.0;17.84;2.62
0.0;0.0;0.0;17.07;2.48
0.0;0.0;0.0;16.33;2.41
0.0;0.0;0.0;15.66;2.34
0.0;0.0;0.0;15.01;2.34
0.0;0.0;0.0;14.34;2.21
0.0;0.0;0.0;13.6;2.07
48.0;219.53;29.0;13.02;1.93
213.0;530.23;74.0;14.44;1.59
392.0;665.44;104.0;17.46;2.28
564.0;754.87;121.0;18.69;2.55
716.0;823.73;128.0;19.95;2.62
820.0;847.15;138.0;21.04;2.62
874.0;853.31;145.0;21.89;2.62
884.0;866.85;140.0;22.7;2.62
839.0;864.51;133.0;23.32;2.62
735.0;822.1;133.0;23.73;2.62
591.0;759.53;127.0;23.91;2.62
427.0;698.78;105.0;23.79;2.69
247.0;571.52;80.0;23.29;2.55
77.0;334.48;38.0;22.26;1.79
0.0;0.0;0.0;20.64;1.72
0.0;0.0;0.0;18.73;1.59
0.0;0.0;0.0;17.84;1.66
0.0;0.0;0.0;17.04;1.72
0.0;0.0;0.0;16.41;1.72
0.0;0.0;0.0;15.82;1.79
0.0;0.0;0.0;15.29;1.72
0.0;0.0;0.0;15.19;1.52
0.0;0.0;0.0;15.15;1.38
0.0;0.0;0.0;15.06;1.24
44.0;204.09;27.0;14.87;1.17
209.0;520.93;74.0;15.74;0.69
389.0;667.43;102.0;18.25;0.41
562.0;759.99;118.0;20.12;0.28
710.0;818.24;128.0;21.65;0.07
814.0;842.34;138.0;23.1;0.34
873.0;860.59;140.0;24.33;0.41
878.0;862.57;140.0;25.48;0.34
829.0;847.9;139.0;26.37;0.34
729.0;817.37;133.0;27.05;0.41
585.0;753.87;127.0;27.4;0.62
422.0;691.24;106.0;27.39;1.03
235.0;523.79;84.0;27.02;1.24
72.0;302.42;38.0;25.61;1.31
0.0;0.0;0.0;23.81;1.17
0.0;0.0;0.0;24.44;0.76
0.0;0.0;0.0;21.79;1.38
0.0;0.0;0.0;20.07;2.0
0.0;0.0;0.0;20.33;2.97
0.0;0.0;0.0;20.04;3.45
0.0;0.0;0.0;19.3;3.24
0.0;0.0;0.0;18.57;3.17
0.0;0.0;0.0;17.91;2.97
0.0;0.0;0.0;17.33;2.76
33.0;74.98;27.0;16.93;2.48
130.0;93.7;106.0;17.19;2.55
367.0;561.81;127.0;18.07;2.9
556.0;742.84;124.0;19.11;3.17
710.0;822.64;127.0;20.05;3.52
806.0;823.79;147.0;20.89;3.93
869.0;852.65;145.0;21.51;4.0
874.0;853.64;146.0;21.96;3.72
824.0;839.89;143.0;22.49;3.52
729.0;820.96;133.0;22.92;3.59
581.0;746.6;130.0;23.06;3.72
420.0;694.73;105.0;22.87;3.79
233.0;524.14;84.0;22.3;3.66
55.0;129.43;41.0;21.32;2.97
0.0;0.0;0.0;19.96;2.83
0.0;0.0;0.0;19.01;2.69
0.0;0.0;0.0;18.27;2.76
0.0;0.0;0.0;17.58;2.97
0.0;0.0;0.0;16.87;3.24
0.0;0.0;0.0;16.21;3.38
0.0;0.0;0.0;15.64;3.38
0.0;0.0;0.0;15.11;3.31
0.0;0.0;0.0;14.66;3.31
0.0;0.0;0.0;14.29;3.31
40.0;182.45;26.0;13.96;3.17
202.0;501.81;75.0;14.43;2.97
382.0;650.41;106.0;15.78;3.86
554.0;739.39;126.0;17.32;4.21
704.0;807.28;134.0;18.74;4.55
808.0;830.26;146.0;19.91;4.83
867.0;847.09;150.0;20.7;4.9
876.0;861.18;144.0;21.51;5.03
778.0;693.24;218.0;21.93;5.17
722.0;805.3;140.0;22.18;5.45
575.0;727.68;138.0;22.06;5.52
410.0;660.59;113.0;21.72;5.45
235.0;556.78;79.0;21.02;4.83
64.0;269.67;36.0;20.09;4.28
0.0;0.0;0.0;18.65;3.93
0.0;0.0;0.0;17.9;3.86
0.0;0.0;0.0;17.28;3.66
0.0;0.0;0.0;16.72;3.45
0.0;0.0;0.0;16.11;3.1
0.0;0.0;0.0;15.47;2.83
0.0;0.0;0.0;14.71;2.62
0.0;0.0;0.0;14.06;2.55
0.0;0.0;0.0;13.38;2.34
0.0;0.0;0.0;12.68;2.21
39.0;204.31;24.0;11.94;1.93
202.0;515.97;73.0;12.91;1.45
383.0;664.33;103.0;15.63;1.72
557.0;755.04;122.0;17.05;1.86
710.0;824.55;130.0;18.72;1.93
810.0;836.82;145.0;20.33;1.93
869.0;853.4;149.0;21.74;1.86
883.0;878.28;139.0;22.92;1.72
832.0;864.91;136.0;23.82;1.72
727.0;821.55;136.0;24.49;1.86
578.0;747.16;132.0;24.79;2.0
413.0;686.56;107.0;24.68;1.86
231.0;550.71;79.0;24.26;1.59
33.0;0.0;33.0;23.0;1.1
0.0;0.0;0.0;21.47;1.03
0.0;0.0;0.0;21.74;0.34
0.0;0.0;0.0;21.12;0.48
0.0;0.0;0.0;20.28;0.9
0.0;0.0;0.0;18.39;1.24
0.0;0.0;0.0;15.63;1.66
0.0;0.0;0.0;14.86;1.52
0.0;0.0;0.0;14.81;1.24
0.0;0.0;0.0;14.61;1.03
0.0;0.0;0.0;14.24;1.03
33.0;142.68;23.0;13.7;1.1
194.0;490.03;73.0;15.32;0.83
374.0;645.03;104.0;18.76;0.83
546.0;737.75;123.0;21.23;1.45
689.0;784.91;139.0;23.32;1.93
800.0;830.84;142.0;25.11;2.34
849.0;822.93;157.0;26.6;2.55
849.0;809.09;166.0;27.63;2.55
813.0;835.88;143.0;28.3;2.62
652.0;595.01;226.0;28.58;2.55
544.0;638.88;165.0;28.56;2.48
376.0;534.28;140.0;28.11;2.62
216.0;482.06;85.0;27.16;2.62
33.0;0.0;33.0;25.4;2.55
0.0;0.0;0.0;23.69;2.21
0.0;0.0;0.0;21.99;2.07
0.0;0.0;0.0;20.46;1.79
0.0;0.0;0.0;19.62;1.45
0.0;0.0;0.0;19.01;1.31
0.0;0.0;0.0;18.14;1.38
0.0;0.0;0.0;17.69;1.31
0.0;0.0;0.0;17.06;1.31
0.0;0.0;0.0;16.56;1.31
0.0;0.0;0.0;16.16;1.31
27.0;89.91;21.0;16.15;1.24
182.0;422.45;79.0;17.49;0.83
357.0;584.61;114.0;20.8;0.97
473.0;469.71;205.0;22.76;1.59
685.0;792.29;132.0;23.97;1.86
788.0;817.27;143.0;24.79;1.79
846.0;835.28;146.0;26.0;1.59
850.0;835.76;147.0;26.69;1.45
795.0;810.45;148.0;26.95;1.66
626.0;537.57;243.0;27.43;1.66
521.0;578.5;180.0;27.28;1.66
379.0;582.65;124.0;27.25;1.59
217.0;519.8;78.0;26.68;1.38
32.0;0.0;32.0;25.25;1.31
0.0;0.0;0.0;23.31;1.72
0.0;0.0;0.0;21.82;1.66
0.0;0.0;0.0;20.69;1.72
0.0;0.0;0.0;20.28;1.59
0.0;0.0;0.0;20.44;1.31
0.0;0.0;0.0;20.7;1.24
0.0;0.0;0.0;19.96;1.24
0.0;0.0;0.0;19.01;1.31
0.0;0.0;0.0;18.43;1.24
0.0;0.0;0.0;17.8;1.24
29.0;126.25;21.0;17.15;1.24
182.0;452.88;73.0;18.27;0.76
356.0;600.9;108.0;21.29;0.76
0.0;0.0;0.0;23.47;0.55
0.0;0.0;0.0;24.88;0.28
0.0;0.0;0.0;26.02;0.34
0.0;0.0;0.0;26.86;1.17
838.0;818.54;152.0;27.38;1.59
775.0;760.99;170.0;27.77;1.45
656.0;653.12;193.0;28.44;1.31
398.0;218.58;270.0;28.67;0.76
308.0;288.35;183.0;28.64;0.9
135.0;95.06;110.0;27.85;1.72
31.0;0.0;31.0;26.38;2.07
0.0;0.0;0.0;25.0;2.14
0.0;0.0;0.0;23.43;2.0
0.0;0.0;0.0;22.49;1.93
0.0;0.0;0.0;21.55;2.14
0.0;0.0;0.0;20.33;2.0
0.0;0.0;0.0;19.27;1.79
0.0;0.0;0.0;18.54;1.66
0.0;0.0;0.0;17.95;1.59
0.0;0.0;0.0;17.64;1.45
0.0;0.0;0.0;17.2;1.38
3.0;0.0;3.0;17.36;1.24
31.0;0.0;31.0;18.65;0.83
91.0;0.0;91.0;20.73;1.17
206.0;7.08;202.0;21.97;2.14
408.0;111.21;331.0;22.62;3.1
473.0;116.14;382.0;22.53;3.38
463.0;76.91;399.0;22.51;3.72
447.0;63.48;394.0;23.19;3.66
639.0;380.22;338.0;23.64;3.66
533.0;304.85;318.0;24.07;3.86
457.0;373.07;240.0;24.17;4.07
385.0;647.59;107.0;23.93;4.14
205.0;495.17;77.0;23.4;4.07
29.0;0.0;29.0;22.35;3.38
0.0;0.0;0.0;20.96;3.52
0.0;0.0;0.0;20.41;3.31
0.0;0.0;0.0;19.76;3.17
0.0;0.0;0.0;19.37;3.38
0.0;0.0;0.0;18.9;3.72
0.0;0.0;0.0;18.07;3.72
0.0;0.0;0.0;17.33;3.72
0.0;0.0;0.0;16.65;3.66
0.0;0.0;0.0;16.11;3.66
0.0;0.0;0.0;15.6;3.52
26.0;141.39;18.0;15.12;3.59
188.0;507.76;69.0;15.44;3.31
366.0;649.05;102.0;16.67;4.21
543.0;750.89;121.0;18.23;4.41
692.0;810.69;133.0;19.91;4.76
796.0;835.2;144.0;21.33;5.31
850.0;838.2;155.0;22.39;5.52
849.0;823.58;164.0;23.31;5.52
807.0;838.61;146.0;23.97;5.38
705.0;806.79;139.0;24.41;5.31
564.0;763.43;123.0;24.49;5.31
392.0;677.67;104.0;24.18;5.31
210.0;531.65;75.0;23.54;4.9
25.0;0.0;25.0;22.47;4.21
0.0;0.0;0.0;20.97;4.14
0.0;0.0;0.0;20.07;4.0
0.0;0.0;0.0;19.28;3.86
0.0;0.0;0.0;18.53;3.59
0.0;0.0;0.0;17.69;3.24
0.0;0.0;0.0;16.83;2.83
0.0;0.0;0.0;15.76;2.55
0.0;0.0;0.0;14.69;2.21
0.0;0.0;0.0;13.51;2.0
0.0;0.0;0.0;12.59;1.93
24.0;150.48;16.0;11.95;1.79
184.0;497.47;69.0;12.83;1.45
365.0;651.42;102.0;15.98;1.52
540.0;744.08;124.0;17.56;1.93
692.0;814.11;133.0;19.25;2.0
796.0;838.36;144.0;20.94;2.14
850.0;841.32;155.0;22.4;2.34
848.0;826.83;163.0;23.59;2.41
810.0;855.11;139.0;24.45;2.41
703.0;811.17;137.0;25.02;2.34
562.0;767.12;122.0;25.24;2.28
391.0;689.48;101.0;25.12;2.28
206.0;533.54;73.0;24.61;2.07
24.0;0.0;24.0;23.14;1.45
0.0;0.0;0.0;20.44;1.66
0.0;0.0;0.0;19.29;1.59
0.0;0.0;0.0;18.47;1.59
0.0;0.0;0.0;17.67;1.66
0.0;0.0;0.0;17.13;1.52
0.0;0.0;0.0;16.54;1.45
0.0;0.0;0.0;15.69;1.38
0.0;0.0;0.0;15.02;1.31
0.0;0.0;0.0;14.66;1.17
0.0;0.0;0.0;14.22;1.1
20.0;100.54;15.0;13.74;1.1
177.0;473.76;69.0;14.54;0.62
356.0;628.92;104.0;17.49;0.34
531.0;733.64;123.0;20.01;0.0
683.0;804.44;133.0;21.91;0.55
782.0;814.5;151.0;23.6;0.97
835.0;816.57;163.0;25.07;1.17
838.0;816.83;164.0;26.32;1.1
791.0;819.34;151.0;27.33;1.03
693.0;799.83;138.0;28.05;0.97
547.0;732.33;130.0;28.41;0.97
377.0;646.4;108.0;28.42;1.1
178.0;351.65;92.0;27.79;1.45
21.0;0.0;21.0;25.73;1.79
0.0;0.0;0.0;23.08;1.79
0.0;0.0;0.0;21.5;1.72
0.0;0.0;0.0;20.17;1.86
0.0;0.0;0.0;19.04;2.0
0.0;0.0;0.0;17.87;2.28
0.0;0.0;0.0;17.4;2.48
0.0;0.0;0.0;17.01;2.55
0.0;0.0;0.0;16.6;2.41
0.0;0.0;0.0;16.15;2.34
0.0;0.0;0.0;15.72;2.28
15.0;43.21;13.0;15.3;2.14
162.0;378.22;77.0;16.17;1.79
339.0;568.39;113.0;20.01;1.24
503.0;645.4;146.0;22.66;1.45
644.0;700.72;167.0;24.88;1.72
751.0;747.73;174.0;26.64;1.45
816.0;795.35;164.0;27.85;1.03
819.0;795.87;165.0;28.84;0.97
776.0;810.32;146.0;29.62;0.83
632.0;618.88;205.0;30.1;0.55
528.0;695.36;135.0;30.36;0.28
357.0;585.49;116.0;30.33;0.41
171.0;342.0;89.0;29.65;0.48
21.0;0.0;21.0;27.96;0.83
0.0;0.0;0.0;26.1;1.24
0.0;0.0;0.0;26.87;0.41
0.0;0.0;0.0;25.8;0.55
0.0;0.0;0.0;24.51;0.97
0.0;0.0;0.0;22.24;1.31
0.0;0.0;0.0;20.56;1.52
0.0;0.0;0.0;19.65;1.59
0.0;0.0;0.0;18.87;1.59
0.0;0.0;0.0;19.04;1.31
0.0;0.0;0.0;19.24;1.17
13.0;0.0;13.0;19.21;1.1
139.0;234.78;87.0;19.05;0.9
236.0;152.08;176.0;20.13;0.76
277.0;59.99;244.0;20.66;0.76
366.0;73.78;316.0;20.57;1.38
69.0;0.0;69.0;20.91;1.52
239.0;0.0;239.0;20.08;3.31
99.0;0.0;99.0;19.71;3.24
171.0;0.0;171.0;20.66;2.69
89.0;0.0;89.0;21.54;1.93
244.0;24.96;230.0;22.06;0.69
185.0;39.31;169.0;21.66;0.34
89.0;21.29;84.0;19.18;1.66
19.0;0.0;19.0;18.27;1.17
0.0;0.0;0.0;17.84;1.59
0.0;0.0;0.0;16.94;1.59
0.0;0.0;0.0;16.4;1.45
0.0;0.0;0.0;16.14;1.31
0.0;0.0;0.0;15.65;1.24
0.0;0.0;0.0;15.08;1.52
0.0;0.0;0.0;14.85;1.38
0.0;0.0;0.0;14.92;1.31
0.0;0.0;0.0;14.52;1.38
0.0;0.0;0.0;14.46;1.31
11.0;0.0;11.0;14.61;1.17
116.0;114.56;91.0;15.24;0.83
149.0;12.77;144.0;15.6;2.28
267.0;47.52;241.0;16.15;2.9
651.0;727.77;160.0;17.01;2.62
558.0;249.53;367.0;18.28;2.55
741.0;565.65;281.0;19.17;2.28
486.0;101.87;403.0;20.07;2.07
571.0;264.94;367.0;20.75;2.07
463.0;193.58;331.0;20.92;2.07
345.0;141.96;266.0;21.27;2.14
261.0;193.86;183.0;21.19;2.28
124.0;117.41;97.0;20.61;2.14
9.0;0.0;9.0;19.45;1.72
0.0;0.0;0.0;18.12;2.28
0.0;0.0;0.0;17.59;2.14
0.0;0.0;0.0;16.58;2.14
0.0;0.0;0.0;15.55;2.28
0.0;0.0;0.0;14.69;2.34
0.0;0.0;0.0;14.3;2.34
0.0;0.0;0.0;13.7;2.28
0.0;0.0;0.0;13.03;2.28
0.0;0.0;0.0;12.52;2.28
0.0;0.0;0.0;11.98;2.21
9.0;0.0;9.0;11.42;2.07
164.0;460.59;65.0;12.1;1.86
340.0;615.57;101.0;14.65;2.83
512.0;715.06;123.0;15.72;2.9
654.0;762.39;142.0;16.95;3.17
699.0;596.91;244.0;17.71;3.03
720.0;524.77;295.0;18.24;2.69
673.0;408.04;342.0;18.6;2.48
721.0;650.03;223.0;19.04;2.55
589.0;506.1;246.0;19.6;2.48
451.0;427.51;215.0;19.88;2.14
244.0;158.45;181.0;19.84;1.72
178.0;484.51;69.0;19.71;1.45
15.0;0.0;15.0;18.63;0.97
0.0;0.0;0.0;17.4;1.72
0.0;0.0;0.0;16.48;1.86
0.0;0.0;0.0;15.83;1.86
0.0;0.0;0.0;15.15;1.86
0.0;0.0;0.0;14.87;1.66
0.0;0.0;0.0;13.98;1.52
0.0;0.0;0.0;13.76;1.38
0.0;0.0;0.0;13.38;1.31
0.0;0.0;0.0;13.46;1.1
0.0;0.0;0.0;13.7;0.97
1.0;0.0;1.0;14.21;0.76
21.0;0.0;21.0;14.7;0.55
83.0;0.0;83.0;15.53;0.76
142.0;0.0;142.0;16.3;1.17
105.0;0.0;105.0;16.65;1.38
188.0;0.0;188.0;17.53;1.72
358.0;21.08;341.0;18.46;1.79
233.0;0.0;233.0;19.1;2.28
424.0;78.72;364.0;18.78;2.97
398.0;109.87;324.0;17.45;2.9
317.0;109.59;257.0;17.88;2.9
180.0;43.28;163.0;17.92;2.07
105.0;72.76;89.0;18.11;1.86
9.0;0.0;9.0;17.63;1.86
0.0;0.0;0.0;16.27;1.59
0.0;0.0;0.0;15.6;1.72
0.0;0.0;0.0;15.12;2.0
0.0;0.0;0.0;14.91;1.86
0.0;0.0;0.0;14.73;2.0
0.0;0.0;0.0;14.18;2.0
0.0;0.0;0.0;14.01;2.0
0.0;0.0;0.0;13.85;1.86
0.0;0.0;0.0;13.96;1.72
0.0;0.0;0.0;13.9;1.72
6.0;0.0;6.0;13.66;1.86
153.0;408.02;68.0;14.2;2.0
307.0;458.23;132.0;15.22;3.66
441.0;440.72;204.0;16.06;3.93
603.0;592.25;209.0;17.38;3.93
410.0;68.81;358.0;18.53;4.14
454.0;80.95;389.0;19.52;4.28
763.0;661.81;231.0;20.36;4.28
693.0;585.58;249.0;20.85;4.14
613.0;609.66;205.0;21.07;3.86
495.0;629.93;153.0;20.98;3.59
342.0;616.12;103.0;20.82;3.66
164.0;437.67;70.0;20.38;3.24
12.0;0.0;12.0;19.47;3.1
0.0;0.0;0.0;18.61;3.31
0.0;0.0;0.0;17.9;3.38
0.0;0.0;0.0;17.28;3.38
0.0;0.0;0.0;16.75;3.1
0.0;0.0;0.0;16.04;2.69
0.0;0.0;0.0;15.27;2.48
0.0;0.0;0.0;14.53;2.41
0.0;0.0;0.0;13.9;2.41
0.0;0.0;0.0;13.35;2.28
0.0;0.0;0.0;12.82;2.21
5.0;0.0;5.0;12.29;2.14
147.0;370.75;71.0;12.56;1.72
311.0;485.89;127.0;15.38;2.0
487.0;630.4;150.0;16.95;2.62
636.0;712.94;164.0;18.66;2.97
739.0;746.94;177.0;19.95;3.03
799.0;778.0;177.0;21.11;2.9
800.0;778.66;177.0;22.08;2.62
756.0;794.24;157.0;22.69;2.28
656.0;774.59;141.0;23.22;2.28
503.0;676.26;139.0;23.42;2.69
331.0;564.02;115.0;23.2;2.9
160.0;434.2;69.0;22.66;2.48
9.0;0.0;9.0;21.47;2.0
0.0;0.0;0.0;19.37;1.79
0.0;0.0;0.0;17.71;1.93
0.0;0.0;0.0;16.3;2.0
0.0;0.0;0.0;15.5;1.93
0.0;0.0;0.0;14.8;1.86
0.0;0.0;0.0;14.38;1.66
0.0;0.0;0.0;13.84;1.66
0.0;0.0;0.0;13.62;1.59
0.0;0.0;0.0;13.27;1.52
0.0;0.0;0.0;12.64;1.59
0.0;0.0;0.0;12.24;1.52
145.0;376.91;69.0;13.29;1.17
323.0;572.65;108.0;16.28;1.31
498.0;692.55;130.0;18.28;2.21
646.0;768.07;140.0;19.79;2.21
748.0;789.03;157.0;21.3;2.07
794.0;775.21;177.0;22.55;2.28
795.0;776.12;177.0;23.48;2.48
746.0;775.94;164.0;23.94;2.41
643.0;743.44;152.0;24.2;2.48
503.0;699.12;130.0;24.21;2.62
332.0;595.31;107.0;23.7;2.69
152.0;401.31;70.0;22.94;2.21
6.0;0.0;6.0;21.72;1.93
0.0;0.0;0.0;20.43;2.0
0.0;0.0;0.0;19.38;2.14
0.0;0.0;0.0;18.52;2.21
0.0;0.0;0.0;17.56;2.21
0.0;0.0;0.0;16.66;2.14
0.0;0.0;0.0;15.7;2.14
0.0;0.0;0.0;15.32;2.14
0.0;0.0;0.0;14.62;2.07
0.0;0.0;0.0;14.15;2.0
0.0;0.0;0.0;13.5;2.0
0.0;0.0;0.0;13.16;2.0
139.0;353.06;69.0;13.59;1.79
311.0;523.94;116.0;17.22;2.14
475.0;611.59;152.0;19.07;2.9
631.0;730.74;152.0;20.68;3.24
731.0;751.08;171.0;22.04;3.59
781.0;753.52;184.0;22.96;3.59
761.0;686.54;217.0;23.62;3.38
733.0;753.47;171.0;24.06;3.24
638.0;748.52;147.0;24.38;3.31
489.0;663.85;138.0;24.43;3.38
324.0;581.95;107.0;21.98;2.94
149.0;422.06;65.0;21.87;2.94
0.0;0.0;0.0;21.75;2.94
0.0;0.0;0.0;21.64;2.95
0.0;0.0;0.0;21.53;2.95
0.0;0.0;0.0;21.41;2.95
0.0;0.0;0.0;21.3;2.95
0.0;0.0;0.0;21.19;2.95
0.0;0.0;0.0;21.07;2.95
0.0;0.0;0.0;20.96;2.95
0.0;0.0;0.0;20.85;2.95
0.0;0.0;0.0;20.73;2.95
0.0;0.0;0.0;20.62;2.95
0.0;0.0;0.0;20.51;2.95
85.0;56.44;74.0;20.4;2.95
67.0;0.0;67.0;20.28;2.95
230.0;28.58;215.0;21.79;2.83
119.0;0.0;119.0;21.53;2.76
178.0;0.0;178.0;21.12;3.31
352.0;22.83;334.0;20.47;3.45
117.0;0.0;117.0;18.53;4.55
480.0;160.45;361.0;17.89;4.0
188.0;0.0;188.0;18.16;4.28
290.0;93.53;241.0;19.11;3.66
253.0;266.48;155.0;19.36;2.76
80.0;41.31;72.0;19.39;2.41
0.0;0.0;0.0;19.11;1.86
0.0;0.0;0.0;18.55;2.0
0.0;0.0;0.0;17.92;1.93
0.0;0.0;0.0;17.24;1.79
0.0;0.0;0.0;16.69;1.79
0.0;0.0;0.0;15.68;1.93
0.0;0.0;0.0;15.16;1.93
0.0;0.0;0.0;14.54;2.07
0.0;0.0;0.0;14.16;2.0
0.0;0.0;0.0;13.65;1.93
0.0;0.0;0.0;12.98;1.86
0.0;0.0;0.0;12.54;1.86
145.0;449.14;59.0;13.07;1.66
300.0;481.43;124.0;15.96;3.45
462.0;571.37;164.0;16.98;3.52
516.0;362.22;281.0;18.21;3.38
678.0;584.9;246.0;19.37;3.31
815.0;871.49;131.0;20.44;2.97
449.0;82.86;384.0;21.17;2.69
570.0;307.86;343.0;21.86;2.55
421.0;159.25;318.0;22.17;2.41
447.0;508.7;183.0;22.25;2.34
217.0;140.67;166.0;21.91;2.41
90.0;74.37;76.0;21.23;2.07
0.0;0.0;0.0;20.37;1.86
0.0;0.0;0.0;18.68;2.07
0.0;0.0;0.0;17.27;1.93
0.0;0.0;0.0;16.07;1.86
0.0;0.0;0.0;15.05;2.0
0.0;0.0;0.0;14.52;2.14
0.0;0.0;0.0;13.94;2.07
0.0;0.0;0.0;13.2;1.93
0.0;0.0;0.0;12.78;1.79
0.0;0.0;0.0;12.71;1.59
0.0;0.0;0.0;12.77;1.45
0.0;0.0;0.0;12.93;1.31
38.0;0.0;38.0;13.29;1.17
162.0;38.65;148.0;15.38;1.52
317.0;138.94;245.0;16.68;2.48
270.0;15.5;260.0;17.61;2.55
130.0;0.0;130.0;18.23;2.48
540.0;198.45;385.0;19.08;2.14
718.0;589.46;258.0;19.48;2.21
553.0;287.87;342.0;19.97;2.48
63.0;0.0;63.0;20.02;2.83
169.0;1.95;168.0;20.4;3.1
161.0;39.18;147.0;20.07;3.24
83.0;60.18;72.0;19.65;2.83
0.0;0.0;0.0;19.04;2.14
0.0;0.0;0.0;17.38;1.31
0.0;0.0;0.0;16.41;1.45
0.0;0.0;0.0;15.55;1.45
0.0;0.0;0.0;14.45;1.59
0.0;0.0;0.0;13.86;1.72
0.0;0.0;0.0;13.21;1.93
0.0;0.0;0.0;12.9;1.93
0.0;0.0;0.0;12.13;2.0
0.0;0.0;0.0;11.58;2.0
0.0;0.0;0.0;11.34;1.86
0.0;0.0;0.0;11.14;1.79
135.0;406.24;60.0;11.5;1.59
322.0;646.46;90.0;14.37;1.59
500.0;763.33;107.0;15.81;2.41
646.0;817.87;121.0;17.25;2.76
761.0;879.13;118.0;18.44;2.9
740.0;649.75;235.0;19.49;2.97
768.0;744.6;190.0;19.93;2.62
675.0;599.82;238.0;20.46;2.48
551.0;483.22;243.0;20.69;2.41
392.0;335.98;221.0;20.54;2.62
209.0;136.36;161.0;19.82;3.31
65.0;22.57;61.0;18.89;3.45
0.0;0.0;0.0;17.85;3.38
0.0;0.0;0.0;17.19;3.38
0.0;0.0;0.0;16.69;3.31
0.0;0.0;0.0;16.3;3.24
0.0;0.0;0.0;15.7;3.31
0.0;0.0;0.0;15.29;3.17
0.0;0.0;0.0;14.61;2.76
0.0;0.0;0.0;13.96;2.48
0.0;0.0;0.0;13.65;2.34
0.0;0.0;0.0;12.77;2.21
0.0;0.0;0.0;12.12;2.14
0.0;0.0;0.0;11.69;2.07
139.0;469.18;54.0;12.06;1.93
278.0;407.89;133.0;13.19;2.76
306.0;123.18;243.0;14.31;3.66
496.0;327.37;287.0;15.12;4.07
401.0;70.08;350.0;15.89;3.79
533.0;188.8;387.0;16.45;3.66
405.0;53.1;364.0;17.06;3.66
263.0;4.14;260.0;17.45;3.72
235.0;6.32;231.0;17.84;3.86
128.0;0.0;128.0;17.66;3.72
262.0;349.05;141.0;17.53;3.86
78.0;58.25;68.0;17.28;3.31
0.0;0.0;0.0;16.61;2.62
0.0;0.0;0.0;15.38;2.55
0.0;0.0;0.0;14.73;2.28
0.0;0.0;0.0;14.24;2.07
0.0;0.0;0.0;13.62;1.93
0.0;0.0;0.0;13.1;1.86
0.0;0.0;0.0;12.43;1.79
0.0;0.0;0.0;12.05;1.86
0.0;0.0;0.0;12.07;2.0
0.0;0.0;0.0;12.02;2.07
0.0;0.0;0.0;11.75;2.14
0.0;0.0;0.0;11.31;2.07
113.0;253.24;68.0;11.42;2.0
261.0;338.0;142.0;13.27;2.62
489.0;749.99;108.0;14.25;3.52
624.0;765.51;138.0;15.61;4.21
712.0;740.31;176.0;16.05;4.41
672.0;479.61;303.0;16.15;4.41
637.0;395.91;333.0;17.24;4.69
595.0;397.48;309.0;17.66;4.76
615.0;751.9;143.0;17.66;4.69
477.0;729.88;113.0;17.77;4.83
305.0;632.97;89.0;17.38;4.83
126.0;445.57;52.0;16.81;4.48
0.0;0.0;0.0;15.74;3.86
0.0;0.0;0.0;14.68;3.86
0.0;0.0;0.0;13.84;3.79
0.0;0.0;0.0;13.18;3.72
0.0;0.0;0.0;12.57;3.59
0.0;0.0;0.0;12.05;3.59
0.0;0.0;0.0;11.6;3.66
0.0;0.0;0.0;11.16;3.66
0.0;0.0;0.0;10.79;3.59
0.0;0.0;0.0;10.44;3.59
0.0;0.0;0.0;10.1;3.52
0.0;0.0;0.0;9.81;3.45
134.0;470.71;52.0;9.96;3.38
317.0;662.58;86.0;11.03;3.52
494.0;771.0;105.0;12.81;3.93
644.0;836.38;116.0;14.58;4.07
756.0;887.19;117.0;16.26;4.34
816.0;917.21;114.0;17.69;4.62
827.0;954.75;98.0;18.85;4.9
751.0;886.79;117.0;19.65;5.03
640.0;847.74;112.0;20.08;5.17
485.0;772.02;104.0;20.27;5.24
305.0;652.18;86.0;20.1;5.17
122.0;442.57;51.0;19.42;4.41
0.0;0.0;0.0;17.94;4.62
0.0;0.0;0.0;16.93;4.48
0.0;0.0;0.0;15.8;4.55
0.0;0.0;0.0;14.88;4.34
0.0;0.0;0.0;14.12;4.07
0.0;0.0;0.0;13.47;3.79
0.0;0.0;0.0;12.86;3.38
0.0;0.0;0.0;12.18;2.97
0.0;0.0;0.0;11.57;2.55
0.0;0.0;0.0;10.88;2.21
0.0;0.0;0.0;10.12;2.07
0.0;0.0;0.0;9.34;1.93
126.0;427.65;53.0;9.36;1.59
301.0;593.91;96.0;11.97;1.66
482.0;742.46;110.0;13.78;1.79
633.0;818.9;119.0;15.27;1.24
748.0;879.34;118.0;16.88;1.17
807.0;910.27;114.0;18.39;1.17
814.0;935.18;104.0;19.72;1.31
754.0;916.54;103.0;20.77;1.38
625.0;818.95;119.0;21.43;1.38
476.0;761.89;104.0;21.56;1.59
296.0;632.77;87.0;21.42;1.79
116.0;426.54;50.0;20.85;1.86
0.0;0.0;0.0;19.65;1.59
0.0;0.0;0.0;17.78;1.24
0.0;0.0;0.0;18.28;0.69
0.0;0.0;0.0;17.62;0.97
0.0;0.0;0.0;16.43;1.03
0.0;0.0;0.0;15.48;1.03
0.0;0.0;0.0;14.57;1.03
0.0;0.0;0.0;13.99;1.1
0.0;0.0;0.0;13.47;1.03
0.0;0.0;0.0;13.0;1.03
0.0;0.0;0.0;12.65;1.03
0.0;0.0;0.0;12.23;1.1
122.0;418.71;52.0;12.19;0.9
302.0;623.38;89.0;13.69;0.41
478.0;743.72;108.0;16.89;0.21
622.0;798.07;124.0;18.91;0.21
735.0;860.24;122.0;20.64;0.41
790.0;878.23;125.0;22.1;0.62
804.0;926.06;105.0;23.18;0.9
732.0;871.63;117.0;23.77;1.03
612.0;797.91;123.0;24.26;1.17
462.0;730.91;109.0;24.24;1.52
286.0;612.78;87.0;23.88;2.0
107.0;382.54;50.0;23.14;2.21
0.0;0.0;0.0;21.38;2.21
0.0;0.0;0.0;19.9;2.21
0.0;0.0;0.0;18.02;1.72
0.0;0.0;0.0;17.75;1.17
0.0;0.0;0.0;18.1;1.1
0.0;0.0;0.0;17.38;1.1
0.0;0.0;0.0;16.84;0.97
0.0;0.0;0.0;16.16;0.97
0.0;0.0;0.0;15.6;0.97
0.0;0.0;0.0;15.56;0.83
0.0;0.0;0.0;15.49;0.62
0.0;0.0;0.0;15.19;0.55
124.0;458.33;49.0;15.07;0.62
296.0;615.07;88.0;14.89;0.28
461.0;690.38;120.0;17.66;0.14
618.0;802.83;120.0;19.71;0.34
723.0;840.99;127.0;21.33;0.48
785.0;883.08;120.0;22.27;0.41
753.0;791.62;159.0;23.01;0.21
704.0;804.78;140.0;23.35;0.28
382.0;139.85;297.0;23.69;0.76
333.0;236.6;220.0;23.58;1.31
146.0;43.86;132.0;23.24;1.86
95.0;293.21;53.0;22.61;2.0
0.0;0.0;0.0;21.28;1.79
0.0;0.0;0.0;20.3;1.72
0.0;0.0;0.0;18.76;1.31
0.0;0.0;0.0;19.58;0.69
0.0;0.0;0.0;19.4;0.48
0.0;0.0;0.0;18.47;0.97
0.0;0.0;0.0;15.89;1.38
0.0;0.0;0.0;14.75;1.52
0.0;0.0;0.0;13.71;1.72
0.0;0.0;0.0;12.96;1.86
0.0;0.0;0.0;12.54;2.0
0.0;0.0;0.0;12.58;2.14
112.0;374.81;52.0;13.22;2.14
283.0;561.81;95.0;16.14;2.0
456.0;691.37;117.0;18.81;3.03
605.0;780.13;124.0;20.81;3.79
721.0;854.22;119.0;22.1;4.0
725.0;711.77;192.0;22.92;4.07
702.0;644.9;221.0;23.7;3.93
478.0;198.28;340.0;24.04;4.14
89.0;0.0;89.0;23.99;4.34
230.0;48.71;207.0;24.2;4.34
224.0;299.81;130.0;23.97;4.41
67.0;94.58;54.0;23.14;4.21
0.0;0.0;0.0;21.95;4.14
0.0;0.0;0.0;20.81;4.55
0.0;0.0;0.0;20.14;4.62
0.0;0.0;0.0;19.36;4.55
0.0;0.0;0.0;18.77;4.55
0.0;0.0;0.0;18.17;4.62
0.0;0.0;0.0;17.62;4.69
0.0;0.0;0.0;17.16;4.62
0.0;0.0;0.0;17.04;4.41
0.0;0.0;0.0;17.05;4.14
0.0;0.0;0.0;17.15;3.86
0.0;0.0;0.0;17.16;3.72
83.0;140.57;61.0;17.38;3.66
202.0;172.17;145.0;18.62;3.79
82.0;0.0;82.0;20.1;4.9
79.0;0.0;79.0;21.69;6.0
176.0;0.0;176.0;22.48;6.34
111.0;0.0;111.0;23.34;6.62
131.0;0.0;131.0;23.93;6.55
111.0;0.0;111.0;24.27;6.69
85.0;0.0;85.0;24.8;6.28
104.0;0.0;104.0;25.41;6.34
51.0;0.0;51.0;25.26;5.52
17.0;0.0;17.0;24.37;4.62
0.0;0.0;0.0;23.57;4.41
0.0;0.0;0.0;18.22;1.79
0.0;0.0;0.0;18.49;2.69
0.0;0.0;0.0;18.27;3.38
0.0;0.0;0.0;17.72;3.45
0.0;0.0;0.0;17.28;3.52
0.0;0.0;0.0;17.03;3.24
0.0;0.0;0.0;16.75;2.97
0.0;0.0;0.0;16.52;2.97
0.0;0.0;0.0;16.34;3.17
0.0;0.0;0.0;16.14;3.52
0.0;0.0;0.0;16.04;3.31
30.0;0.0;30.0;16.0;3.1
165.0;76.34;140.0;16.57;2.48
446.0;697.69;109.0;17.62;2.83
593.0;778.38;119.0;19.36;3.93
688.0;796.61;133.0;21.64;6.0
423.0;89.16;357.0;23.54;6.41
471.0;150.67;360.0;24.4;6.34
459.0;186.53;331.0;24.59;5.72
422.0;253.26;272.0;24.55;5.66
224.0;52.03;200.0;23.78;4.21
217.0;324.31;119.0;22.9;3.17
50.0;39.76;45.0;21.37;3.38
0.0;0.0;0.0;19.52;3.24
0.0;0.0;0.0;18.01;1.79
0.0;0.0;0.0;17.81;0.76
0.0;0.0;0.0;17.63;0.62
0.0;0.0;0.0;17.41;0.83
0.0;0.0;0.0;17.11;0.55
0.0;0.0;0.0;16.86;0.34
0.0;0.0;0.0;15.94;1.45
0.0;0.0;0.0;15.37;1.72
0.0;0.0;0.0;15.15;2.07
0.0;0.0;0.0;15.25;2.07
0.0;0.0;0.0;14.91;2.21
69.0;80.37;57.0;15.07;2.48
68.0;0.0;68.0;15.79;2.83
198.0;18.78;189.0;17.37;3.24
284.0;33.05;264.0;19.15;4.14
410.0;102.51;339.0;20.19;4.41
588.0;350.59;330.0;20.9;4.41
116.0;0.0;116.0;20.98;4.55
444.0;157.06;337.0;19.83;4.28
376.0;153.31;286.0;20.66;4.34
240.0;70.21;208.0;20.37;4.14
234.0;435.16;105.0;19.82;3.24
83.0;358.66;40.0;18.97;2.34
0.0;0.0;0.0;17.7;1.72
0.0;0.0;0.0;16.56;1.66
0.0;0.0;0.0;15.41;1.79
0.0;0.0;0.0;14.75;2.0
0.0;0.0;0.0;14.22;2.14
0.0;0.0;0.0;13.72;2.07
0.0;0.0;0.0;12.93;2.0
0.0;0.0;0.0;12.14;1.93
0.0;0.0;0.0;11.44;2.07
0.0;0.0;0.0;10.94;2.14
0.0;0.0;0.0;11.39;2.07
0.0;0.0;0.0;11.45;1.93
57.0;41.19;51.0;11.77;1.72
81.0;0.0;81.0;13.65;1.79
151.0;2.1;150.0;14.9;1.59
148.0;0.0;148.0;16.08;1.66
149.0;0.0;149.0;17.18;1.86
279.0;6.84;274.0;17.62;1.93
138.0;0.0;138.0;17.79;2.0
305.0;23.66;289.0;18.14;2.41
333.0;96.26;277.0;18.81;3.1
115.0;0.0;115.0;19.18;3.45
94.0;3.44;93.0;19.21;3.79
56.0;105.27;44.0;19.05;4.21
0.0;0.0;0.0;19.07;5.17
0.0;0.0;0.0;19.48;6.0
0.0;0.0;0.0;19.6;6.97
0.0;0.0;0.0;19.54;7.1
0.0;0.0;0.0;19.51;7.31
0.0;0.0;0.0;19.48;7.52
0.0;0.0;0.0;19.58;7.66
0.0;0.0;0.0;19.94;7.52
0.0;0.0;0.0;19.77;7.24
0.0;0.0;0.0;19.3;6.76
0.0;0.0;0.0;19.33;6.76
0.0;0.0;0.0;19.73;6.9
55.0;42.24;49.0;19.64;7.03
122.0;18.95;116.0;19.23;7.1
83.0;0.0;83.0;19.96;7.52
496.0;457.1;223.0;21.28;6.34
661.0;751.12;147.0;22.39;7.93
715.0;783.98;145.0;24.02;10.41
726.0;828.96;127.0;24.52;10.21
630.0;679.38;174.0;24.86;9.59
420.0;277.59;260.0;25.04;8.69
321.0;292.38;191.0;25.05;7.86
182.0;210.6;122.0;24.56;7.93
41.0;37.01;37.0;23.64;7.59
0.0;0.0;0.0;23.03;7.31
0.0;0.0;0.0;21.99;8.14
0.0;0.0;0.0;21.73;7.93
0.0;0.0;0.0;21.67;7.38
0.0;0.0;0.0;21.27;6.41
0.0;0.0;0.0;20.51;5.52
0.0;0.0;0.0;20.1;4.83
0.0;0.0;0.0;20.06;4.34
0.0;0.0;0.0;20.12;4.0
0.0;0.0;0.0;20.09;4.0
0.0;0.0;0.0;20.23;4.83
0.0;0.0;0.0;20.18;5.1
71.0;137.31;52.0;19.94;4.14
176.0;124.66;137.0;15.96;2.83
121.0;0.0;121.0;14.68;2.76
88.0;0.0;88.0;13.81;2.62
123.0;0.0;123.0;13.7;1.66
199.0;0.0;199.0;13.99;2.9
343.0;34.83;318.0;14.21;2.55
594.0;553.97;225.0;15.9;3.03
356.0;143.6;274.0;17.02;3.17
407.0;694.74;102.0;17.19;3.45
237.0;576.88;76.0;17.38;3.03
61.0;225.19;38.0;16.97;2.28
0.0;0.0;0.0;16.21;1.52
0.0;0.0;0.0;15.53;1.24
0.0;0.0;0.0;15.15;0.97
0.0;0.0;0.0;15.93;0.62
0.0;0.0;0.0;15.28;0.76
0.0;0.0;0.0;13.83;1.45
0.0;0.0;0.0;13.31;1.72
0.0;0.0;0.0;12.79;1.66
0.0;0.0;0.0;12.66;1.38
0.0;0.0;0.0;12.55;1.17
0.0;0.0;0.0;12.93;1.03
0.0;0.0;0.0;12.89;0.97
80.0;222.72;50.0;13.1;0.69
275.0;643.73;76.0;13.81;0.55
359.0;359.78;192.0;14.04;0.34
511.0;505.73;213.0;15.1;0.34
634.0;642.17;200.0;16.0;0.28
678.0;643.43;216.0;16.65;0.48
449.0;131.85;355.0;17.5;0.69
581.0;506.83;246.0;18.26;0.9
484.0;480.9;212.0;18.76;0.97
422.0;768.41;89.0;18.67;1.38
236.0;585.54;76.0;18.59;1.59
65.0;332.68;33.0;18.02;1.59
0.0;0.0;0.0;16.78;1.72
0.0;0.0;0.0;14.8;1.66
0.0;0.0;0.0;14.16;1.45
0.0;0.0;0.0;13.51;1.45
0.0;0.0;0.0;12.72;1.52
0.0;0.0;0.0;12.29;1.45
0.0;0.0;0.0;12.17;1.31
0.0;0.0;0.0;12.41;1.1
0.0;0.0;0.0;12.31;1.1
0.0;0.0;0.0;11.55;1.24
0.0;0.0;0.0;11.39;1.17
0.0;0.0;0.0;11.71;1.03
65.0;114.5;50.0;11.9;0.97
159.0;85.14;133.0;13.02;0.76
303.0;193.35;214.0;14.32;0.83
560.0;710.88;144.0;14.77;1.38
114.0;0.0;114.0;15.36;1.86
519.0;242.49;346.0;15.89;2.34
381.0;62.14;337.0;16.82;2.55
523.0;356.82;289.0;17.27;2.69
485.0;501.65;204.0;17.38;3.24
384.0;607.93;124.0;17.14;3.24
179.0;246.82;113.0;16.65;3.24
37.0;55.41;32.0;15.97;3.03
0.0;0.0;0.0;15.31;2.76
0.0;0.0;0.0;15.01;3.17
0.0;0.0;0.0;14.56;3.03
0.0;0.0;0.0;14.11;2.83
0.0;0.0;0.0;13.93;2.76
0.0;0.0;0.0;13.41;2.97
0.0;0.0;0.0;13.01;3.17
0.0;0.0;0.0;12.45;3.17
0.0;0.0;0.0;12.14;3.1
0.0;0.0;0.0;11.7;3.03
0.0;0.0;0.0;11.48;3.03
0.0;0.0;0.0;11.41;3.1
60.0;94.28;48.0;11.59;3.24
250.0;517.21;94.0;12.03;4.07
205.0;30.67;191.0;12.64;3.93
259.0;24.09;245.0;13.46;4.14
326.0;37.47;301.0;14.28;4.21
370.0;50.79;334.0;14.95;4.28
397.0;76.8;343.0;15.67;4.41
648.0;768.54;148.0;16.39;4.55
547.0;769.82;120.0;16.91;4.48
396.0;691.98;104.0;17.05;4.34
221.0;550.61;77.0;16.7;4.0
51.0;261.09;29.0;16.02;3.59
0.0;0.0;0.0;14.95;3.38
0.0;0.0;0.0;14.26;3.17
0.0;0.0;0.0;13.58;2.9
0.0;0.0;0.0;12.88;2.69
0.0;0.0;0.0;12.17;2.48
0.0;0.0;0.0;11.56;2.41
0.0;0.0;0.0;10.88;2.21
0.0;0.0;0.0;9.97;2.07
0.0;0.0;0.0;9.21;1.86
0.0;0.0;0.0;8.59;1.66
0.0;0.0;0.0;8.18;1.52
0.0;0.0;0.0;8.28;1.24
80.0;299.47;43.0;8.51;1.1
222.0;349.2;118.0;9.56;1.1
366.0;411.08;180.0;10.42;0.83
535.0;620.5;177.0;11.57;0.62
674.0;819.25;131.0;12.76;0.62
724.0;836.46;135.0;14.1;0.76
725.0;857.93;126.0;15.4;0.83
659.0;825.93;126.0;16.51;1.03
546.0;781.19;117.0;17.39;1.1
393.0;703.9;100.0;17.79;1.03
216.0;551.55;75.0;17.68;0.83
47.0;255.46;27.0;17.11;0.83
0.0;0.0;0.0;15.59;0.9
0.0;0.0;0.0;15.02;0.41
0.0;0.0;0.0;14.13;0.9
0.0;0.0;0.0;11.89;1.45
0.0;0.0;0.0;11.04;1.52
0.0;0.0;0.0;10.73;1.45
0.0;0.0;0.0;10.68;1.31
0.0;0.0;0.0;11.47;1.1
0.0;0.0;0.0;11.57;0.97
0.0;0.0;0.0;11.33;1.03
0.0;0.0;0.0;11.04;1.1
0.0;0.0;0.0;10.79;1.24
12.0;0.0;12.0;10.84;1.38
61.0;0.0;61.0;12.37;1.59
94.0;0.0;94.0;14.72;1.66
263.0;29.68;246.0;16.02;2.21
355.0;66.83;311.0;17.58;2.9
576.0;398.89;297.0;18.88;3.24
545.0;333.24;314.0;19.36;3.45
304.0;34.37;282.0;19.4;3.1
153.0;0.0;153.0;19.22;3.38
231.0;102.31;189.0;18.97;2.62
110.0;44.04;99.0;18.79;2.97
20.0;0.0;20.0;17.79;2.97
0.0;0.0;0.0;16.68;2.48
0.0;0.0;0.0;14.91;2.83
0.0;0.0;0.0;13.69;2.48
0.0;0.0;0.0;13.12;2.14
0.0;0.0;0.0;12.33;2.07
0.0;0.0;0.0;11.89;2.34
0.0;0.0;0.0;11.38;2.28
0.0;0.0;0.0;10.7;2.21
0.0;0.0;0.0;10.31;2.0
0.0;0.0;0.0;9.99;2.21
0.0;0.0;0.0;9.48;2.28
0.0;0.0;0.0;9.13;2.28
53.0;86.18;43.0;9.25;1.93
135.0;51.7;120.0;10.49;2.48
239.0;78.74;204.0;10.88;3.31
449.0;351.76;249.0;11.17;3.86
413.0;136.1;324.0;11.26;3.52
531.0;289.33;330.0;12.3;3.79
201.0;0.0;201.0;13.12;3.79
309.0;36.24;286.0;13.82;4.14
333.0;131.95;262.0;14.23;4.21
366.0;620.15;115.0;14.52;4.0
202.0;520.83;75.0;14.31;3.38
9.0;0.0;9.0;13.82;2.9
0.0;0.0;0.0;12.9;2.41
0.0;0.0;0.0;12.66;2.28
0.0;0.0;0.0;12.36;2.07
0.0;0.0;0.0;12.15;2.0
0.0;0.0;0.0;12.07;2.0
0.0;0.0;0.0;11.67;2.14
0.0;0.0;0.0;11.56;2.21
0.0;0.0;0.0;10.97;2.41
0.0;0.0;0.0;10.68;2.48
0.0;0.0;0.0;10.85;2.55
0.0;0.0;0.0;10.45;2.41
0.0;0.0;0.0;9.62;2.21
73.0;320.72;37.0;9.0;2.0
247.0;590.34;78.0;10.52;1.86
413.0;701.52;104.0;12.27;2.83
553.0;763.74;122.0;13.67;3.45
653.0;803.8;131.0;15.29;3.93
694.0;792.84;147.0;16.38;3.86
690.0;806.63;139.0;17.0;3.72
634.0;808.72;125.0;17.37;3.66
516.0;738.06;123.0;17.9;3.72
368.0;671.75;100.0;18.0;3.86
193.0;500.15;74.0;17.63;3.31
21.0;0.0;21.0;16.62;2.69
0.0;0.0;0.0;15.12;2.62
0.0;0.0;0.0;14.54;2.76
0.0;0.0;0.0;13.55;2.41
0.0;0.0;0.0;12.47;2.28
0.0;0.0;0.0;11.54;2.28
0.0;0.0;0.0;10.77;2.34
0.0;0.0;0.0;10.36;2.48
0.0;0.0;0.0;10.1;2.62
0.0;0.0;0.0;10.06;2.62
0.0;0.0;0.0;9.99;2.55
0.0;0.0;0.0;9.95;2.55
0.0;0.0;0.0;9.9;2.55
64.0;230.54;39.0;9.95;2.48
238.0;559.54;80.0;11.34;2.07
408.0;692.01;106.0;13.55;3.59
541.0;723.15;136.0;15.19;4.0
622.0;694.71;174.0;16.48;3.93
623.0;556.12;242.0;17.28;4.28
649.0;666.68;197.0;18.13;4.55
606.0;713.12;161.0;18.74;4.55
486.0;622.54;158.0;18.88;4.62
359.0;646.04;105.0;18.59;4.48
170.0;349.11;89.0;18.03;3.86
19.0;0.0;19.0;17.08;3.86
0.0;0.0;0.0;16.0;3.59
0.0;0.0;0.0;15.58;3.66
0.0;0.0;0.0;15.04;3.66
0.0;0.0;0.0;14.42;3.52
0.0;0.0;0.0;13.89;3.38
0.0;0.0;0.0;13.34;3.31
0.0;0.0;0.0;12.81;3.24
0.0;0.0;0.0;12.26;3.1
0.0;0.0;0.0;11.94;2.97
0.0;0.0;0.0;11.68;2.83
0.0;0.0;0.0;11.34;2.62
0.0;0.0;0.0;11.01;2.48
47.0;86.02;38.0;10.84;2.28
106.0;17.96;101.0;11.95;2.55
199.0;37.01;183.0;13.01;3.1
280.0;50.38;252.0;14.05;3.1
428.0;173.36;317.0;15.17;2.97
593.0;476.3;269.0;16.31;2.83
564.0;413.17;286.0;17.7;2.97
558.0;549.61;218.0;18.69;2.9
451.0;496.89;192.0;19.5;2.83
313.0;423.38;149.0;19.71;2.76
92.0;26.54;86.0;19.47;2.69
10.0;0.0;10.0;18.04;2.76
0.0;0.0;0.0;16.62;3.03
0.0;0.0;0.0;15.64;2.69
0.0;0.0;0.0;14.95;2.62
0.0;0.0;0.0;14.26;2.48
0.0;0.0;0.0;13.46;2.34
0.0;0.0;0.0;12.56;2.21
0.0;0.0;0.0;11.69;2.14
0.0;0.0;0.0;10.92;2.07
0.0;0.0;0.0;10.19;2.07
0.0;0.0;0.0;9.6;2.0
0.0;0.0;0.0;9.07;2.0
0.0;0.0;0.0;8.6;1.93
62.0;277.83;34.0;8.41;1.79
231.0;553.74;79.0;10.1;0.9
391.0;639.9;117.0;12.29;1.52
498.0;573.1;182.0;13.9;1.79
637.0;791.26;134.0;15.28;1.72
685.0;808.46;139.0;16.6;1.79
672.0;790.79;144.0;17.66;2.0
619.0;808.88;123.0;18.37;2.34
494.0;709.85;128.0;18.67;2.62
340.0;592.32;114.0;18.62;2.62
125.0;136.25;95.0;18.37;2.21
14.0;0.0;14.0;17.65;1.93
0.0;0.0;0.0;16.62;2.14
0.0;0.0;0.0;15.45;2.28
0.0;0.0;0.0;14.73;2.28
0.0;0.0;0.0;13.62;2.34
0.0;0.0;0.0;12.79;2.28
0.0;0.0;0.0;11.97;2.34
0.0;0.0;0.0;11.03;2.28
0.0;0.0;0.0;10.15;2.0
0.0;0.0;0.0;9.27;1.86
0.0;0.0;0.0;8.6;1.86
0.0;0.0;0.0;7.98;1.86
0.0;0.0;0.0;7.46;1.93
61.0;288.88;33.0;7.26;1.86
230.0;554.48;80.0;9.09;1.17
393.0;646.17;119.0;11.77;2.07
535.0;727.6;137.0;12.99;2.14
640.0;795.5;138.0;14.31;2.07
680.0;781.58;156.0;15.72;2.34
667.0;763.78;161.0;16.88;2.69
607.0;756.89;147.0;17.58;2.97
281.0;74.52;243.0;18.02;3.17
320.0;492.36;135.0;18.07;3.45
141.0;233.34;91.0;17.63;3.38
12.0;0.0;12.0;16.41;3.45
0.0;0.0;0.0;15.05;3.79
0.0;0.0;0.0;14.34;3.93
0.0;0.0;0.0;13.48;3.86
0.0;0.0;0.0;12.66;3.66
0.0;0.0;0.0;11.84;3.24
0.0;0.0;0.0;10.96;2.62
0.0;0.0;0.0;9.94;2.0
0.0;0.0;0.0;9.25;1.24
0.0;0.0;0.0;9.25;1.03
0.0;0.0;0.0;9.55;0.76
0.0;0.0;0.0;9.71;0.21
0.0;0.0;0.0;9.57;0.28
56.0;257.92;32.0;8.53;0.83
224.0;544.04;79.0;8.93;0.48
390.0;669.28;109.0;10.98;0.69
526.0;726.15;132.0;12.84;0.97
627.0;779.09;139.0;14.69;1.24
659.0;737.8;168.0;16.32;1.45
657.0;763.76;155.0;17.56;1.59
608.0;800.28;126.0;18.33;2.0
491.0;737.69;119.0;18.57;2.28
338.0;640.68;101.0;18.45;2.48
166.0;475.1;67.0;17.82;2.14
9.0;0.0;9.0;16.6;2.07
0.0;0.0;0.0;14.89;2.21
0.0;0.0;0.0;13.85;2.21
0.0;0.0;0.0;12.35;1.93
0.0;0.0;0.0;11.63;1.59
0.0;0.0;0.0;11.56;1.38
0.0;0.0;0.0;10.64;1.45
0.0;0.0;0.0;10.32;1.31
0.0;0.0;0.0;10.44;1.17
0.0;0.0;0.0;10.29;1.03
0.0;0.0;0.0;10.13;0.97
0.0;0.0;0.0;9.82;1.03
0.0;0.0;0.0;9.36;1.17
54.0;280.4;29.0;8.8;1.24
220.0;540.96;78.0;9.2;0.62
385.0;666.45;108.0;11.99;0.97
522.0;724.72;132.0;14.12;1.24
619.0;764.08;144.0;15.96;1.52
0.0;0.0;0.0;17.52;1.93
648.0;748.43;160.0;18.68;2.41
595.0;770.77;135.0;19.39;2.69
485.0;736.06;118.0;19.71;2.9
332.0;637.18;100.0;19.56;3.1
161.0;469.17;66.0;15.8;2.39
8.0;0.0;8.0;15.53;2.44
0.0;0.0;0.0;15.27;2.48
0.0;0.0;0.0;15.0;2.53
0.0;0.0;0.0;14.73;2.57
0.0;0.0;0.0;14.46;2.62
0.0;0.0;0.0;14.2;2.67
0.0;0.0;0.0;13.93;2.71
0.0;0.0;0.0;13.66;2.76
0.0;0.0;0.0;13.4;2.81
0.0;0.0;0.0;13.13;2.85
0.0;0.0;0.0;12.86;2.9
0.0;0.0;0.0;12.59;2.95
0.0;0.0;0.0;12.33;2.99
29.0;23.46;27.0;12.06;3.04
163.0;193.46;113.0;11.79;3.08
116.0;0.0;116.0;12.35;4.97
97.0;0.0;97.0;12.12;4.83
141.0;0.0;141.0;12.59;4.62
289.0;18.31;277.0;12.93;5.03
442.0;183.99;323.0;12.94;5.66
272.0;27.06;256.0;13.43;6.07
192.0;10.14;187.0;14.15;6.34
313.0;555.41;114.0;14.17;6.28
110.0;127.16;85.0;13.73;6.41
0.0;0.0;0.0;12.96;5.38
0.0;0.0;0.0;12.58;4.9
0.0;0.0;0.0;11.97;4.62
0.0;0.0;0.0;11.74;4.69
0.0;0.0;0.0;11.61;4.62
0.0;0.0;0.0;11.22;4.55
0.0;0.0;0.0;10.96;4.76
0.0;0.0;0.0;10.51;4.69
0.0;0.0;0.0;10.05;4.48
0.0;0.0;0.0;9.44;4.21
0.0;0.0;0.0;8.92;4.0
0.0;0.0;0.0;8.59;4.28
0.0;0.0;0.0;8.3;4.21
51.0;307.41;26.0;7.98;4.0
223.0;625.05;64.0;8.77;3.66
231.0;103.16;189.0;10.11;4.55
247.0;32.13;230.0;11.45;4.76
381.0;129.05;302.0;12.37;4.9
576.0;508.87;245.0;13.52;4.9
643.0;790.37;136.0;14.4;4.83
545.0;621.37;181.0;15.27;4.76
363.0;291.44;221.0;15.72;4.9
211.0;136.18;163.0;15.27;4.76
91.0;68.15;78.0;14.62;4.34
0.0;0.0;0.0;13.91;3.52
0.0;0.0;0.0;13.42;3.1
0.0;0.0;0.0;12.78;2.9
0.0;0.0;0.0;12.31;2.62
0.0;0.0;0.0;11.99;2.34
0.0;0.0;0.0;11.9;2.34
0.0;0.0;0.0;11.92;2.21
0.0;0.0;0.0;11.84;1.86
0.0;0.0;0.0;11.74;1.79
0.0;0.0;0.0;11.95;1.86
0.0;0.0;0.0;11.87;1.86
0.0;0.0;0.0;12.06;1.79
0.0;0.0;0.0;12.06;1.86
43.0;219.68;26.0;12.19;2.0
109.0;39.95;99.0;12.66;2.34
175.0;27.31;164.0;13.17;2.69
205.0;11.44;199.0;13.72;3.24
519.0;469.25;234.0;14.67;3.66
551.0;458.63;255.0;15.86;4.07
597.0;642.91;188.0;17.56;4.69
570.0;768.6;124.0;18.28;4.83
458.0;718.53;112.0;18.51;4.97
318.0;674.96;84.0;18.62;5.17
146.0;486.74;56.0;18.24;4.83
0.0;0.0;0.0;17.41;4.41
0.0;0.0;0.0;16.18;4.07
0.0;0.0;0.0;15.85;4.28
0.0;0.0;0.0;15.25;4.14
0.0;0.0;0.0;14.84;3.86
0.0;0.0;0.0;14.22;3.79
0.0;0.0;0.0;13.77;3.86
0.0;0.0;0.0;13.31;3.72
0.0;0.0;0.0;12.65;3.52
0.0;0.0;0.0;12.24;3.31
0.0;0.0;0.0;11.8;3.03
0.0;0.0;0.0;11.47;2.76
0.0;0.0;0.0;11.05;2.62
20.0;13.62;19.0;10.79;2.48
86.0;12.19;83.0;11.6;2.62
129.0;2.51;128.0;13.1;2.41
97.0;0.0;97.0;14.62;1.79
133.0;0.0;133.0;16.07;1.24
192.0;0.0;192.0;17.65;0.9
611.0;710.16;163.0;18.95;0.83
574.0;796.87;116.0;19.95;0.83
462.0;754.44;103.0;20.55;0.76
312.0;668.82;84.0;20.77;0.55
141.0;480.22;55.0;20.57;0.48
0.0;0.0;0.0;19.92;0.83
0.0;0.0;0.0;18.09;0.97
0.0;0.0;0.0;16.83;0.07
0.0;0.0;0.0;15.78;0.76
0.0;0.0;0.0;14.27;1.24
0.0;0.0;0.0;12.81;1.45
0.0;0.0;0.0;11.7;1.45
0.0;0.0;0.0;11.05;1.45
0.0;0.0;0.0;10.85;1.45
0.0;0.0;0.0;10.6;1.45
0.0;0.0;0.0;10.34;1.52
0.0;0.0;0.0;10.12;1.52
0.0;0.0;0.0;9.98;1.45
22.0;0.0;22.0;9.91;1.38
205.0;578.44;65.0;11.11;1.03
371.0;715.45;89.0;15.51;1.1
509.0;785.7;104.0;19.14;1.79
607.0;829.87;111.0;21.71;2.9
656.0;861.12;109.0;23.49;3.38
635.0;823.33;120.0;24.67;3.66
562.0;773.0;122.0;25.41;3.72
454.0;744.41;104.0;25.72;3.72
306.0;665.42;83.0;25.56;3.59
135.0;467.44;54.0;24.69;3.03
0.0;0.0;0.0;22.69;2.9
0.0;0.0;0.0;20.81;2.9
0.0;0.0;0.0;19.81;3.03
0.0;0.0;0.0;18.81;2.97
0.0;0.0;0.0;18.06;2.97
0.0;0.0;0.0;17.4;3.03
0.0;0.0;0.0;16.92;2.97
0.0;0.0;0.0;16.51;3.03
0.0;0.0;0.0;16.18;3.03
0.0;0.0;0.0;15.86;2.97
0.0;0.0;0.0;15.42;2.76
0.0;0.0;0.0;15.03;2.76
0.0;0.0;0.0;14.69;2.76
21.0;0.0;21.0;14.44;2.69
144.0;180.77;101.0;15.49;2.9
371.0;741.44;82.0;17.72;3.17
366.0;254.48;236.0;19.83;4.0
519.0;509.43;217.0;21.48;4.55
632.0;806.22;124.0;22.68;4.9
614.0;773.99;134.0;23.68;5.17
537.0;691.89;147.0;24.3;5.31
442.0;723.37;106.0;24.35;5.24
296.0;643.66;84.0;23.86;5.03
126.0;435.78;53.0;23.11;4.62
0.0;0.0;0.0;21.71;4.62
0.0;0.0;0.0;20.49;4.69
0.0;0.0;0.0;19.33;5.31
0.0;0.0;0.0;18.56;5.03
0.0;0.0;0.0;17.84;4.48
0.0;0.0;0.0;17.3;4.34
0.0;0.0;0.0;16.75;4.28
0.0;0.0;0.0;16.48;3.93
0.0;0.0;0.0;16.22;3.24
0.0;0.0;0.0;15.53;2.69
0.0;0.0;0.0;14.69;2.69
0.0;0.0;0.0;13.63;2.76
0.0;0.0;0.0;12.59;2.55
4.0;0.0;4.0;12.04;1.66
52.0;0.0;52.0;12.11;0.97
60.0;0.0;60.0;12.62;0.97
97.0;0.0;97.0;12.68;0.83
160.0;0.0;160.0;13.04;0.69
483.0;320.02;283.0;13.38;0.83
312.0;48.8;282.0;13.8;1.1
267.0;37.63;246.0;14.58;1.38
91.0;0.0;91.0;14.84;1.45
57.0;0.0;57.0;14.92;1.72
56.0;12.36;54.0;14.7;2.07
0.0;0.0;0.0;14.04;1.66
0.0;0.0;0.0;13.26;1.79
0.0;0.0;0.0;12.97;1.52
0.0;0.0;0.0;12.64;1.66
0.0;0.0;0.0;12.67;1.52
0.0;0.0;0.0;12.57;1.45
0.0;0.0;0.0;12.62;1.45
0.0;0.0;0.0;12.71;1.24
0.0;0.0;0.0;12.54;1.17
0.0;0.0;0.0;12.76;0.9
0.0;0.0;0.0;12.59;0.83
0.0;0.0;0.0;12.49;0.69
0.0;0.0;0.0;12.96;0.28
16.0;0.0;16.0;13.07;0.28
110.0;69.72;94.0;13.74;1.93
185.0;52.5;165.0;14.21;2.28
189.0;7.98;185.0;14.31;1.79
281.0;37.74;259.0;14.95;1.31
335.0;67.76;293.0;15.79;1.1
502.0;406.94;254.0;16.82;1.17
356.0;159.25;268.0;17.41;1.38
313.0;227.29;210.0;18.12;1.45
194.0;160.42;143.0;18.17;1.66
90.0;173.01;63.0;17.77;1.38
0.0;0.0;0.0;17.11;0.9
0.0;0.0;0.0;16.22;0.55
0.0;0.0;0.0;14.67;1.72
0.0;0.0;0.0;13.88;1.45
0.0;0.0;0.0;13.34;1.03
0.0;0.0;0.0;12.64;1.24
0.0;0.0;0.0;11.79;1.38
0.0;0.0;0.0;11.52;1.17
0.0;0.0;0.0;11.37;1.1
0.0;0.0;0.0;11.0;1.1
0.0;0.0;0.0;10.88;1.03
0.0;0.0;0.0;10.6;1.03
0.0;0.0;0.0;10.33;1.03
11.0;0.0;11.0;10.18;0.97
81.0;13.32;78.0;10.12;0.62
127.0;5.31;125.0;12.03;0.48
113.0;0.0;113.0;13.76;0.48
136.0;0.0;136.0;16.41;0.55
255.0;13.02;247.0;18.42;0.83
407.0;182.1;297.0;20.07;0.9
540.0;780.54;113.0;21.41;0.9
431.0;744.11;98.0;22.26;0.97
278.0;630.96;81.0;22.44;1.17
107.0;372.37;51.0;21.84;1.17
0.0;0.0;0.0;20.49;1.17
0.0;0.0;0.0;18.99;0.97
0.0;0.0;0.0;18.48;0.55
0.0;0.0;0.0;17.83;0.41
0.0;0.0;0.0;17.3;0.48
0.0;0.0;0.0;16.69;0.48
0.0;0.0;0.0;16.01;0.41
0.0;0.0;0.0;15.47;0.62
0.0;0.0;0.0;13.53;1.31
0.0;0.0;0.0;12.36;1.31
0.0;0.0;0.0;11.86;1.1
0.0;0.0;0.0;11.67;0.9
0.0;0.0;0.0;11.69;0.83
9.0;0.0;9.0;12.04;0.69
92.0;36.19;84.0;11.96;0.69
146.0;16.13;140.0;13.7;0.34
132.0;0.0;132.0;15.77;0.0
338.0;106.43;277.0;17.95;0.41
458.0;285.5;284.0;20.49;1.03
366.0;121.93;293.0;22.34;1.59
203.0;7.39;199.0;23.31;2.62
148.0;2.26;147.0;22.81;2.76
178.0;127.22;139.0;21.87;1.66
85.0;193.43;57.0;20.76;1.86
0.0;0.0;0.0;19.57;2.28
0.0;0.0;0.0;18.65;1.93
0.0;0.0;0.0;17.54;2.41
0.0;0.0;0.0;17.33;2.76
0.0;0.0;0.0;16.78;2.9
0.0;0.0;0.0;16.2;3.03
0.0;0.0;0.0;15.42;2.76
0.0;0.0;0.0;15.13;2.07
0.0;0.0;0.0;14.85;2.07
0.0;0.0;0.0;14.6;1.79
0.0;0.0;0.0;14.28;1.52
0.0;0.0;0.0;13.83;1.1
0.0;0.0;0.0;13.66;0.9
11.0;0.0;11.0;13.3;1.24
129.0;179.92;90.0;14.78;1.66
336.0;674.7;88.0;16.99;1.79
472.0;761.15;101.0;18.66;2.48
573.0;830.76;101.0;20.31;3.17
601.0;796.0;120.0;21.51;3.79
595.0;812.4;113.0;22.54;4.21
516.0;738.8;120.0;22.87;4.48
413.0;722.02;98.0;23.18;4.55
208.0;269.17;127.0;22.97;3.93
103.0;423.99;44.0;22.22;3.45
0.0;0.0;0.0;20.8;3.59
0.0;0.0;0.0;19.68;3.66
0.0;0.0;0.0;19.06;4.41
0.0;0.0;0.0;18.78;4.48
0.0;0.0;0.0;18.63;4.41
0.0;0.0;0.0;18.27;4.14
0.0;0.0;0.0;17.82;3.86
0.0;0.0;0.0;17.42;3.72
0.0;0.0;0.0;17.0;3.66
0.0;0.0;0.0;16.6;3.38
0.0;0.0;0.0;16.06;3.03
0.0;0.0;0.0;15.67;2.83
0.0;0.0;0.0;15.28;2.76
11.0;0.0;11.0;15.03;2.69
162.0;442.36;68.0;16.22;3.24
326.0;647.27;91.0;18.09;3.31
450.0;683.69;120.0;19.7;3.93
562.0;809.7;106.0;21.2;4.41
596.0;796.23;119.0;22.44;4.83
571.0;738.19;137.0;23.18;4.97
538.0;844.5;90.0;23.42;4.97
408.0;722.1;97.0;23.38;4.83
258.0;609.51;78.0;23.0;4.21
86.0;276.95;49.0;22.18;3.38
0.0;0.0;0.0;20.72;3.17
0.0;0.0;0.0;19.52;3.03
0.0;0.0;0.0;18.61;2.62
0.0;0.0;0.0;17.63;2.48
0.0;0.0;0.0;16.83;2.48
0.0;0.0;0.0;16.2;2.48
0.0;0.0;0.0;15.72;2.55
0.0;0.0;0.0;15.39;2.55
0.0;0.0;0.0;15.16;2.48
0.0;0.0;0.0;14.88;2.41
0.0;0.0;0.0;14.56;2.34
0.0;0.0;0.0;14.38;2.34
0.0;0.0;0.0;14.13;2.28
10.0;0.0;10.0;13.73;2.21
164.0;485.1;63.0;14.8;2.0
325.0;658.22;89.0;17.47;2.28
465.0;763.74;100.0;19.51;3.52
554.0;790.07;113.0;20.94;4.0
586.0;774.58;126.0;22.16;4.48
571.0;755.3;131.0;23.04;4.83
513.0;763.82;112.0;23.44;5.03
402.0;712.73;99.0;23.48;4.97
253.0;603.97;78.0;22.98;4.41
87.0;335.7;44.0;22.04;3.79
0.0;0.0;0.0;20.65;3.72
0.0;0.0;0.0;19.48;3.59
0.0;0.0;0.0;18.86;3.79
0.0;0.0;0.0;18.31;3.86
0.0;0.0;0.0;17.86;4.07
0.0;0.0;0.0;17.51;4.21
0.0;0.0;0.0;17.17;4.34
0.0;0.0;0.0;16.84;4.34
0.0;0.0;0.0;16.55;4.21
0.0;0.0;0.0;16.25;4.21
0.0;0.0;0.0;16.09;4.55
0.0;0.0;0.0;15.98;5.03
0.0;0.0;0.0;15.88;5.24
7.0;0.0;7.0;15.93;5.31
161.0;490.44;61.0;16.79;5.17
286.0;443.49;129.0;18.06;5.31
377.0;382.55;196.0;19.26;5.1
445.0;377.82;236.0;20.4;5.66
401.0;193.66;287.0;21.47;6.14
289.0;45.05;263.0;22.17;6.34
137.0;0.0;137.0;22.42;6.34
334.0;393.24;169.0;22.14;5.66
163.0;126.66;127.0;21.36;5.03
59.0;89.7;48.0;20.52;5.66
0.0;0.0;0.0;19.56;5.31
0.0;0.0;0.0;18.96;5.24
0.0;0.0;0.0;18.91;4.97
0.0;0.0;0.0;18.67;4.76
0.0;0.0;0.0;18.14;4.48
0.0;0.0;0.0;17.87;4.28
0.0;0.0;0.0;17.6;4.14
0.0;0.0;0.0;17.47;4.0
0.0;0.0;0.0;17.12;3.52
0.0;0.0;0.0;16.57;2.9
0.0;0.0;0.0;15.92;2.34
0.0;0.0;0.0;15.25;1.93
0.0;0.0;0.0;14.22;1.52
2.0;0.0;2.0;13.91;1.03
133.0;275.58;78.0;14.45;0.48
298.0;532.26;112.0;15.95;0.34
398.0;480.41;173.0;18.39;0.55
546.0;795.39;110.0;20.16;1.03
507.0;490.19;221.0;21.09;1.24
511.0;542.13;201.0;21.82;0.9
293.0;91.43;246.0;22.21;1.17
192.0;36.22;177.0;22.05;2.07
127.0;43.05;115.0;21.02;2.62
53.0;76.78;44.0;19.86;1.86
0.0;0.0;0.0;18.89;1.59
0.0;0.0;0.0;18.08;1.1
0.0;0.0;0.0;17.57;1.72
0.0;0.0;0.0;16.7;0.97
0.0;0.0;0.0;15.83;1.17
0.0;0.0;0.0;15.5;1.52
0.0;0.0;0.0;15.18;1.38
0.0;0.0;0.0;14.89;1.17
0.0;0.0;0.0;14.69;1.17
0.0;0.0;0.0;14.46;1.17
0.0;0.0;0.0;14.38;1.1
0.0;0.0;0.0;14.21;1.03
0.0;0.0;0.0;14.0;1.03
5.0;0.0;5.0;13.35;1.1
156.0;507.05;57.0;14.21;0.55
305.0;620.49;91.0;16.38;0.41
441.0;724.84;105.0;18.62;0.69
539.0;793.53;108.0;20.26;0.9
575.0;792.05;117.0;21.37;0.69
574.0;829.71;104.0;22.05;0.55
495.0;755.01;111.0;22.47;0.9
377.0;673.03;102.0;22.52;1.1
213.0;417.15;99.0;22.36;1.24
69.0;250.32;41.0;21.64;0.69
0.0;0.0;0.0;20.66;0.41
0.0;0.0;0.0;19.03;1.03
0.0;0.0;0.0;17.15;1.72
0.0;0.0;0.0;16.01;1.79
0.0;0.0;0.0;15.25;1.66
0.0;0.0;0.0;14.82;1.45
0.0;0.0;0.0;14.25;1.38
0.0;0.0;0.0;13.86;1.31
0.0;0.0;0.0;13.37;1.24
0.0;0.0;0.0;12.86;1.24
0.0;0.0;0.0;12.45;1.24
0.0;0.0;0.0;12.13;1.24
0.0;0.0;0.0;11.8;1.24
0.0;0.0;0.0;11.48;1.17
145.0;445.25;60.0;11.11;1.03
295.0;575.95;99.0;14.5;0.76
434.0;706.29;110.0;17.48;1.03
528.0;765.63;116.0;19.06;1.79
562.0;755.62;129.0;20.11;2.0
567.0;821.57;106.0;21.05;2.07
486.0;735.32;116.0;21.64;2.0
375.0;684.59;99.0;21.86;2.07
227.0;559.96;77.0;21.66;2.0
66.0;262.78;38.0;20.75;1.52
0.0;0.0;0.0;19.21;1.79
0.0;0.0;0.0;17.41;2.0
0.0;0.0;0.0;16.44;2.14
0.0;0.0;0.0;14.92;2.0
0.0;0.0;0.0;13.96;1.86
0.0;0.0;0.0;13.0;1.79
0.0;0.0;0.0;12.25;1.66
0.0;0.0;0.0;11.85;1.52
0.0;0.0;0.0;11.4;1.45
0.0;0.0;0.0;10.86;1.52
0.0;0.0;0.0;10.44;1.45
0.0;0.0;0.0;10.19;1.38
0.0;0.0;0.0;9.8;1.38
0.0;0.0;0.0;9.5;1.38
100.0;123.29;77.0;9.89;1.31
293.0;586.8;96.0;13.5;1.1
436.0;738.02;101.0;15.53;1.66
532.0;797.24;107.0;17.21;1.79
567.0;794.24;116.0;18.77;1.93
565.0;833.04;102.0;20.01;2.14
489.0;767.4;107.0;20.79;2.34
370.0;683.84;98.0;21.13;2.69
221.0;548.53;77.0;20.95;2.55
61.0;236.91;37.0;20.14;1.59
0.0;0.0;0.0;18.83;1.52
0.0;0.0;0.0;16.96;1.86
0.0;0.0;0.0;15.47;2.34
0.0;0.0;0.0;14.41;2.28
0.0;0.0;0.0;13.4;2.14
0.0;0.0;0.0;12.66;2.0
0.0;0.0;0.0;11.93;1.86
0.0;0.0;0.0;11.23;1.72
0.0;0.0;0.0;10.66;1.66
0.0;0.0;0.0;10.44;1.52
0.0;0.0;0.0;10.17;1.38
0.0;0.0;0.0;9.98;1.31
0.0;0.0;0.0;10.15;1.17
0.0;0.0;0.0;10.19;1.03
133.0;378.74;64.0;10.0;0.97
294.0;607.03;93.0;12.69;0.69
436.0;748.17;100.0;15.09;0.9
501.0;668.48;148.0;16.81;0.76
561.0;780.24;122.0;18.33;0.62
571.0;864.69;95.0;19.59;0.83
483.0;757.49;110.0;20.41;1.17
365.0;670.26;102.0;20.77;1.52
203.0;431.54;92.0;20.58;1.79
63.0;312.11;33.0;19.67;1.52
0.0;0.0;0.0;18.08;2.0
0.0;0.0;0.0;16.56;2.14
0.0;0.0;0.0;15.19;2.21
0.0;0.0;0.0;14.29;2.07
0.0;0.0;0.0;13.26;1.93
0.0;0.0;0.0;12.22;1.93
0.0;0.0;0.0;11.44;1.86
0.0;0.0;0.0;10.85;1.72
0.0;0.0;0.0;10.38;1.59
0.0;0.0;0.0;10.1;1.59
0.0;0.0;0.0;9.88;1.59
0.0;0.0;0.0;9.58;1.52
0.0;0.0;0.0;9.05;1.59
0.0;0.0;0.0;8.71;1.79
126.0;343.07;65.0;9.05;1.38
244.0;330.77;136.0;12.21;1.24
418.0;677.52;117.0;14.11;1.59
511.0;734.17;127.0;15.83;1.45
566.0;816.2;111.0;17.65;1.93
561.0;843.73;101.0;18.78;2.48
476.0;745.26;113.0;19.67;2.97
362.0;682.07;98.0;20.12;3.24
214.0;555.64;74.0;20.12;3.03
53.0;208.81;34.0;19.22;2.14
0.0;0.0;0.0;17.52;2.55
0.0;0.0;0.0;16.3;2.9
0.0;0.0;0.0;14.87;2.69
0.0;0.0;0.0;14.0;2.69
0.0;0.0;0.0;13.17;2.48
0.0;0.0;0.0;12.08;2.14
0.0;0.0;0.0;10.89;2.0
0.0;0.0;0.0;10.04;1.93
0.0;0.0;0.0;9.33;1.86
0.0;0.0;0.0;8.88;1.86
0.0;0.0;0.0;8.49;1.79
0.0;0.0;0.0;8.21;1.66
0.0;0.0;0.0;7.8;1.66
0.0;0.0;0.0;7.35;1.66
77.0;51.89;68.0;7.68;1.1
127.0;15.53;122.0;9.5;1.17
153.0;4.55;151.0;11.08;1.52
317.0;121.62;254.0;13.12;2.0
491.0;516.03;206.0;15.07;2.28
543.0;792.69;115.0;16.74;2.69
475.0;761.77;108.0;18.0;3.38
356.0;670.55;100.0;18.67;3.86
207.0;522.77;78.0;18.8;4.0
50.0;221.11;31.0;17.98;3.66
0.0;0.0;0.0;16.6;4.0
0.0;0.0;0.0;15.61;4.21
0.0;0.0;0.0;14.47;4.14
0.0;0.0;0.0;13.73;4.0
0.0;0.0;0.0;13.03;3.72
0.0;0.0;0.0;12.35;3.31
0.0;0.0;0.0;11.71;3.1
0.0;0.0;0.0;11.12;2.97
0.0;0.0;0.0;10.6;2.83
0.0;0.0;0.0;10.05;2.62
0.0;0.0;0.0;9.41;2.48
0.0;0.0;0.0;8.68;2.34
0.0;0.0;0.0;8.02;2.34
0.0;0.0;0.0;7.47;2.41
128.0;420.01;57.0;7.55;2.34
282.0;592.53;94.0;10.06;2.69
421.0;729.41;104.0;11.77;3.59
498.0;703.71;137.0;13.34;3.59
544.0;749.36;134.0;14.89;3.72
542.0;800.47;114.0;16.14;4.0
466.0;728.22;119.0;17.06;4.55
352.0;666.59;101.0;17.54;5.1
204.0;529.75;76.0;17.35;5.03
46.0;210.04;29.0;16.31;4.83
0.0;0.0;0.0;15.0;5.03
0.0;0.0;0.0;14.19;5.03
0.0;0.0;0.0;13.8;4.9
0.0;0.0;0.0;13.21;4.76
0.0;0.0;0.0;12.64;4.48
0.0;0.0;0.0;12.03;4.21
0.0;0.0;0.0;11.5;4.21
0.0;0.0;0.0;11.02;4.14
0.0;0.0;0.0;10.5;4.0
0.0;0.0;0.0;10.08;4.0
0.0;0.0;0.0;9.69;3.86
0.0;0.0;0.0;9.25;3.45
0.0;0.0;0.0;8.76;3.31
0.0;0.0;0.0;8.39;3.52
111.0;285.45;64.0;8.16;2.9
268.0;534.13;101.0;9.6;3.03
398.0;632.9;126.0;11.28;4.0
496.0;724.43;128.0;13.0;3.86
545.0;785.98;119.0;14.61;4.0
540.0;815.91;108.0;15.87;4.41
471.0;782.99;102.0;16.71;4.41
347.0;670.51;98.0;16.92;4.28
197.0;511.54;76.0;16.59;4.41
42.0;184.19;28.0;15.65;3.86
0.0;0.0;0.0;14.24;3.66
0.0;0.0;0.0;13.24;3.45
0.0;0.0;0.0;11.93;3.31
0.0;0.0;0.0;11.22;3.24
0.0;0.0;0.0;10.6;3.24
0.0;0.0;0.0;10.1;3.52
0.0;0.0;0.0;9.73;3.66
0.0;0.0;0.0;9.37;3.24
0.0;0.0;0.0;8.95;2.83
0.0;0.0;0.0;8.64;2.83
0.0;0.0;0.0;8.56;2.83
0.0;0.0;0.0;8.39;2.62
0.0;0.0;0.0;8.09;2.62
0.0;0.0;0.0;7.87;2.69
115.0;380.63;54.0;8.38;2.83
268.0;584.34;88.0;10.0;3.17
401.0;696.57;105.0;11.68;4.0
479.0;689.88;132.0;13.28;4.28
524.0;735.74;129.0;14.69;4.41
504.0;701.91;136.0;15.94;4.41
444.0;697.31;119.0;16.87;4.76
333.0;633.49;101.0;17.09;5.17
190.0;513.99;71.0;16.89;5.45
34.0;126.49;25.0;16.13;4.97
0.0;0.0;0.0;14.9;4.41
0.0;0.0;0.0;13.83;4.41
0.0;0.0;0.0;12.81;4.69
0.0;0.0;0.0;12.46;4.69
0.0;0.0;0.0;12.09;4.55
0.0;0.0;0.0;11.92;4.41
0.0;0.0;0.0;11.75;4.21
0.0;0.0;0.0;11.46;3.86
0.0;0.0;0.0;11.01;3.66
0.0;0.0;0.0;10.79;3.59
0.0;0.0;0.0;10.47;3.52
0.0;0.0;0.0;10.32;3.31
0.0;0.0;0.0;10.11;2.97
0.0;0.0;0.0;10.1;2.55
82.0;121.9;63.0;10.35;1.59
80.0;0.0;80.0;11.6;2.14
70.0;0.0;70.0;13.01;2.34
106.0;0.0;106.0;14.48;2.55
95.0;0.0;95.0;16.04;2.62
114.0;0.0;114.0;17.29;2.83
172.0;6.51;169.0;18.1;3.1
123.0;5.54;121.0;18.38;3.24
154.0;256.0;96.0;18.08;3.1
24.0;45.2;21.0;17.07;2.34
0.0;0.0;0.0;15.38;2.28
0.0;0.0;0.0;14.1;2.28
0.0;0.0;0.0;11.69;2.07
0.0;0.0;0.0;10.77;1.86
0.0;0.0;0.0;9.67;1.72
0.0;0.0;0.0;8.61;1.66
0.0;0.0;0.0;7.93;1.59
0.0;0.0;0.0;7.6;1.38
0.0;0.0;0.0;7.33;1.31
0.0;0.0;0.0;7.34;1.03
0.0;0.0;0.0;7.11;0.9
0.0;0.0;0.0;6.9;0.9
0.0;0.0;0.0;6.61;0.97
0.0;0.0;0.0;5.94;0.83
51.0;13.2;49.0;6.55;0.76
139.0;43.51;126.0;7.36;0.83
143.0;4.82;141.0;8.63;0.83
292.0;105.47;240.0;10.79;0.69
528.0;787.93;113.0;13.05;0.55
489.0;659.52;150.0;15.06;0.34
429.0;653.76;131.0;16.28;0.62
261.0;286.42;159.0;16.81;0.97
137.0;180.44;97.0;16.79;1.17
28.0;113.52;21.0;16.1;1.03
0.0;0.0;0.0;14.59;0.97
0.0;0.0;0.0;13.74;0.9
0.0;0.0;0.0;11.42;1.38
0.0;0.0;0.0;11.08;1.79
0.0;0.0;0.0;10.98;2.55
0.0;0.0;0.0;10.56;2.9
0.0;0.0;0.0;10.11;2.55
0.0;0.0;0.0;9.9;2.14
0.0;0.0;0.0;9.75;2.14
0.0;0.0;0.0;9.42;1.93
0.0;0.0;0.0;9.02;1.59
0.0;0.0;0.0;8.99;1.45
0.0;0.0;0.0;8.92;1.66
0.0;0.0;0.0;8.72;1.59
21.0;0.0;21.0;8.61;1.38
39.0;0.0;39.0;8.7;1.72
57.0;0.0;57.0;8.71;2.34
85.0;0.0;85.0;8.69;2.69
111.0;0.0;111.0;8.73;2.9
122.0;0.0;122.0;8.42;3.45
82.0;0.0;82.0;8.23;3.24
69.0;0.0;69.0;7.92;3.24
49.0;0.0;49.0;7.56;3.17
14.0;0.0;14.0;7.15;3.24
0.0;0.0;0.0;6.67;3.93
0.0;0.0;0.0;6.47;3.86
0.0;0.0;0.0;5.98;3.52
0.0;0.0;0.0;5.84;3.72
0.0;0.0;0.0;5.72;3.86
0.0;0.0;0.0;5.52;4.0
0.0;0.0;0.0;5.52;4.07
0.0;0.0;0.0;5.39;4.14
0.0;0.0;0.0;5.19;4.41
0.0;0.0;0.0;5.22;4.34
0.0;0.0;0.0;5.21;4.34
0.0;0.0;0.0;5.17;4.21
0.0;0.0;0.0;5.08;4.0
0.0;0.0;0.0;4.92;3.93
79.0;154.18;57.0;5.42;2.9
168.0;124.32;132.0;5.75;2.76
64.0;0.0;64.0;6.25;2.9
161.0;2.07;160.0;6.91;2.69
288.0;79.36;247.0;7.63;2.41
201.0;9.92;196.0;7.96;2.28
68.0;0.0;68.0;8.37;2.28
123.0;5.78;121.0;8.57;2.21
129.0;174.45;92.0;8.62;2.34
8.0;0.0;8.0;8.63;2.55
0.0;0.0;0.0;8.25;2.28
0.0;0.0;0.0;7.44;2.34
0.0;0.0;0.0;6.95;2.28
0.0;0.0;0.0;6.6;2.07
0.0;0.0;0.0;6.54;1.45
0.0;0.0;0.0;6.19;1.1
0.0;0.0;0.0;6.24;1.31
0.0;0.0;0.0;5.83;1.31
0.0;0.0;0.0;5.58;1.79
0.0;0.0;0.0;5.29;2.07
0.0;0.0;0.0;5.02;2.41
0.0;0.0;0.0;4.86;2.34
0.0;0.0;0.0;4.68;2.41
0.0;0.0;0.0;4.43;3.03
20.0;0.0;20.0;4.97;2.62
22.0;0.0;22.0;5.11;2.83
72.0;0.0;72.0;5.27;3.45
108.0;0.0;108.0;5.41;3.79
114.0;0.0;114.0;5.64;4.07
76.0;0.0;76.0;6.21;4.76
69.0;0.0;69.0;6.66;5.24
69.0;0.0;69.0;6.48;4.97
45.0;0.0;45.0;6.02;4.21
2.0;0.0;2.0;5.61;4.69
0.0;0.0;0.0;5.17;4.9
0.0;0.0;0.0;4.89;4.41
0.0;0.0;0.0;4.14;3.93
0.0;0.0;0.0;3.71;4.21
0.0;0.0;0.0;2.54;3.66
0.0;0.0;0.0;2.09;2.62
0.0;0.0;0.0;1.95;2.48
0.0;0.0;0.0;1.91;2.41
0.0;0.0;0.0;1.96;2.76
0.0;0.0;0.0;1.91;3.31
0.0;0.0;0.0;2.01;3.45
0.0;0.0;0.0;2.44;3.93
0.0;0.0;0.0;2.9;4.21
0.0;0.0;0.0;3.33;4.28
41.0;7.47;40.0;3.27;4.9
126.0;39.23;115.0;3.66;4.76
105.0;0.0;105.0;4.34;4.76
181.0;8.45;177.0;5.18;4.69
270.0;63.16;238.0;6.2;4.41
470.0;666.11;141.0;7.64;4.9
410.0;658.39;123.0;8.47;4.41
258.0;341.63;143.0;9.56;5.1
143.0;305.69;81.0;9.63;4.48
14.0;0.0;14.0;8.85;3.93
0.0;0.0;0.0;8.08;3.45
0.0;0.0;0.0;7.79;3.1
0.0;0.0;0.0;7.72;3.24
0.0;0.0;0.0;8.01;3.52
0.0;0.0;0.0;7.88;3.24
0.0;0.0;0.0;7.88;2.76
0.0;0.0;0.0;7.46;2.48
0.0;0.0;0.0;7.71;2.48
0.0;0.0;0.0;8.47;2.69
0.0;0.0;0.0;8.8;2.55
0.0;0.0;0.0;8.83;2.41
0.0;0.0;0.0;8.81;2.41
0.0;0.0;0.0;8.77;2.55
0.0;0.0;0.0;8.77;2.55
8.0;0.0;8.0;7.79;1.72
21.0;0.0;21.0;8.23;1.45
65.0;0.0;65.0;9.7;1.52
125.0;0.0;125.0;10.66;1.79
68.0;0.0;68.0;11.09;2.14
292.0;112.48;237.0;12.25;2.34
431.0;802.66;85.0;13.29;3.03
136.0;18.08;130.0;13.73;3.31
92.0;55.47;81.0;13.52;3.86
4.0;0.0;4.0;12.14;3.91
0.0;0.0;0.0;11.76;3.71
0.0;0.0;0.0;11.39;3.51
0.0;0.0;0.0;11.01;3.31
0.0;0.0;0.0;10.64;3.11
0.0;0.0;0.0;10.26;2.91
0.0;0.0;0.0;9.89;2.71
0.0;0.0;0.0;9.51;2.51
0.0;0.0;0.0;9.14;2.31
0.0;0.0;0.0;8.76;2.1
0.0;0.0;0.0;8.39;1.9
0.0;0.0;0.0;8.01;1.7
0.0;0.0;0.0;7.63;1.5
0.0;0.0;0.0;7.26;1.3
0.0;0.0;0.0;6.88;1.1
72.0;223.4;45.0;6.51;0.9
168.0;194.99;116.0;9.86;0.97
100.0;0.0;100.0;11.55;1.1
329.0;259.37;210.0;13.03;1.31
482.0;790.63;93.0;14.32;1.17
354.0;285.83;217.0;16.12;1.03
402.0;749.59;86.0;17.83;1.38
201.0;167.34;147.0;18.54;1.86
104.0;131.95;79.0;18.42;1.52
6.0;0.0;6.0;17.25;1.79
0.0;0.0;0.0;15.62;2.07
0.0;0.0;0.0;14.59;2.07
0.0;0.0;0.0;13.4;2.21
0.0;0.0;0.0;12.33;2.07
0.0;0.0;0.0;11.61;1.93
0.0;0.0;0.0;10.77;1.86
0.0;0.0;0.0;10.45;1.66
0.0;0.0;0.0;10.35;1.59
0.0;0.0;0.0;10.23;1.72
0.0;0.0;0.0;10.45;2.0
0.0;0.0;0.0;11.13;2.14
0.0;0.0;0.0;11.28;2.28
0.0;0.0;0.0;11.25;2.34
0.0;0.0;0.0;11.2;2.41
69.0;240.28;41.0;12.06;2.07
181.0;286.09;106.0;13.25;2.28
341.0;667.96;89.0;14.83;2.62
433.0;753.25;91.0;15.93;3.03
476.0;796.37;88.0;17.54;3.45
444.0;701.72;111.0;18.5;3.38
323.0;371.79;168.0;19.34;3.31
193.0;157.13;143.0;19.44;3.1
95.0;102.6;76.0;18.81;2.76
4.0;0.0;4.0;17.66;2.76
0.0;0.0;0.0;16.69;2.76
0.0;0.0;0.0;15.8;2.69
0.0;0.0;0.0;15.38;2.55
0.0;0.0;0.0;15.09;2.48
0.0;0.0;0.0;14.79;2.41
0.0;0.0;0.0;14.54;2.28
0.0;0.0;0.0;14.02;1.72
0.0;0.0;0.0;13.82;0.76
0.0;0.0;0.0;14.07;0.55
0.0;0.0;0.0;13.44;1.24
0.0;0.0;0.0;13.49;1.79
0.0;0.0;0.0;13.14;2.0
0.0;0.0;0.0;12.76;2.0
0.0;0.0;0.0;12.42;2.0
7.0;0.0;7.0;12.3;2.07
45.0;0.0;45.0;12.26;1.86
35.0;0.0;35.0;12.22;1.79
59.0;0.0;59.0;12.29;1.93
55.0;0.0;55.0;12.19;2.41
66.0;0.0;66.0;12.05;2.69
62.0;0.0;62.0;11.84;2.55
35.0;0.0;35.0;11.64;2.21
115.0;237.59;72.0;11.34;1.72
2.0;0.0;2.0;11.04;1.03
0.0;0.0;0.0;10.84;0.55
0.0;0.0;0.0;10.95;0.34
0.0;0.0;0.0;9.37;0.41
0.0;0.0;0.0;9.05;0.9
0.0;0.0;0.0;9.16;1.17
0.0;0.0;0.0;9.11;1.59
0.0;0.0;0.0;9.1;2.28
0.0;0.0;0.0;8.92;2.9
0.0;0.0;0.0;8.66;3.17
0.0;0.0;0.0;8.25;3.38
0.0;0.0;0.0;8.11;3.52
0.0;0.0;0.0;7.87;3.52
0.0;0.0;0.0;7.57;3.45
0.0;0.0;0.0;7.34;3.38
15.0;0.0;15.0;6.93;3.1
156.0;169.86;113.0;7.06;3.52
280.0;334.25;157.0;7.52;4.07
383.0;494.84;163.0;8.21;3.93
468.0;759.82;105.0;9.37;4.0
397.0;470.77;178.0;9.83;4.0
72.0;0.0;72.0;10.35;4.14
161.0;74.33;138.0;10.45;3.93
111.0;214.85;73.0;10.32;3.45
0.0;0.0;0.0;10.1;3.59
0.0;0.0;0.0;9.84;3.45
0.0;0.0;0.0;9.6;3.24
0.0;0.0;0.0;9.04;2.69
0.0;0.0;0.0;8.69;2.55
0.0;0.0;0.0;8.4;2.41
0.0;0.0;0.0;8.13;2.28
0.0;0.0;0.0;7.68;2.21
0.0;0.0;0.0;7.32;2.0
0.0;0.0;0.0;6.9;1.79
0.0;0.0;0.0;6.27;1.72
0.0;0.0;0.0;5.78;1.72
0.0;0.0;0.0;5.26;1.72
0.0;0.0;0.0;4.88;1.59
0.0;0.0;0.0;4.54;1.52
42.0;48.24;37.0;4.98;1.45
111.0;40.21;101.0;6.89;1.66
103.0;0.0;103.0;7.94;1.72
175.0;11.37;170.0;8.89;1.59
221.0;31.71;206.0;9.99;1.31
255.0;80.33;218.0;10.9;1.17
349.0;525.62;137.0;11.92;1.31
230.0;347.33;124.0;12.2;1.66
78.0;52.07;69.0;11.93;1.79
0.0;0.0;0.0;11.13;1.31
0.0;0.0;0.0;9.73;1.38
0.0;0.0;0.0;8.26;1.38
0.0;0.0;0.0;6.89;1.38
0.0;0.0;0.0;6.65;1.17
0.0;0.0;0.0;6.98;0.9
0.0;0.0;0.0;7.0;0.76
0.0;0.0;0.0;6.69;0.83
0.0;0.0;0.0;5.81;1.03
0.0;0.0;0.0;5.56;1.03
0.0;0.0;0.0;5.98;0.76
0.0;0.0;0.0;5.48;0.48
0.0;0.0;0.0;4.5;0.41
0.0;0.0;0.0;4.35;0.48
0.0;0.0;0.0;4.23;0.62
68.0;392.41;29.0;4.26;0.69
219.0;671.44;55.0;5.58;0.83
346.0;766.39;71.0;7.31;1.1
428.0;792.55;83.0;9.82;1.45
472.0;834.62;81.0;12.73;1.93
468.0;872.66;70.0;15.08;2.69
393.0;799.58;74.0;16.48;3.17
276.0;687.7;69.0;17.02;3.24
91.0;124.34;70.0;16.59;2.9
0.0;0.0;0.0;15.28;2.76
0.0;0.0;0.0;13.73;2.55
0.0;0.0;0.0;12.66;2.48
0.0;0.0;0.0;12.06;2.69
0.0;0.0;0.0;11.63;2.83
0.0;0.0;0.0;11.52;3.03
0.0;0.0;0.0;11.43;3.17
0.0;0.0;0.0;11.53;3.38
0.0;0.0;0.0;11.51;3.52
0.0;0.0;0.0;11.46;3.52
0.0;0.0;0.0;11.4;3.45
0.0;0.0;0.0;11.3;3.52
0.0;0.0;0.0;11.26;3.52
0.0;0.0;0.0;11.17;3.52
0.0;0.0;0.0;11.16;3.52
38.0;52.55;33.0;11.78;3.59
127.0;95.9;104.0;12.55;3.52
184.0;67.74;160.0;13.97;3.1
179.0;16.25;172.0;15.43;3.72
217.0;34.49;201.0;16.51;4.21
210.0;33.21;195.0;17.09;4.07
87.0;0.0;87.0;17.38;3.52
47.0;0.0;47.0;17.4;2.9
23.0;0.0;23.0;16.81;2.97
0.0;0.0;0.0;16.01;3.1
0.0;0.0;0.0;15.23;2.97
0.0;0.0;0.0;14.72;2.9
0.0;0.0;0.0;14.28;3.03
0.0;0.0;0.0;13.55;2.83
0.0;0.0;0.0;12.75;2.62
0.0;0.0;0.0;12.7;2.69
0.0;0.0;0.0;12.75;2.76
0.0;0.0;0.0;12.71;2.9
0.0;0.0;0.0;12.81;2.97
0.0;0.0;0.0;12.74;3.1
0.0;0.0;0.0;12.87;3.1
0.0;0.0;0.0;12.56;2.9
0.0;0.0;0.0;12.22;2.55
0.0;0.0;0.0;11.72;2.14
40.0;76.97;33.0;11.03;1.66
107.0;46.72;96.0;11.84;1.59
89.0;0.0;89.0;14.45;1.86
84.0;0.0;84.0;15.41;2.55
95.0;0.0;95.0;15.82;2.9
39.0;0.0;39.0;15.67;2.41
134.0;5.12;132.0;15.64;2.21
113.0;13.66;109.0;15.49;2.07
49.0;6.2;48.0;15.02;2.0
0.0;0.0;0.0;14.56;1.93
0.0;0.0;0.0;13.98;1.79
0.0;0.0;0.0;13.07;1.79
0.0;0.0;0.0;12.62;1.72
0.0;0.0;0.0;11.67;1.79
0.0;0.0;0.0;11.28;1.79
0.0;0.0;0.0;10.71;1.79
0.0;0.0;0.0;10.34;1.72
0.0;0.0;0.0;9.83;1.66
0.0;0.0;0.0;9.22;1.59
0.0;0.0;0.0;8.98;1.59
0.0;0.0;0.0;8.55;1.52
0.0;0.0;0.0;8.53;1.38
0.0;0.0;0.0;8.21;1.38
0.0;0.0;0.0;8.02;1.38
46.0;172.87;31.0;7.99;1.45
190.0;523.54;69.0;9.51;1.1
310.0;619.63;96.0;12.68;1.31
409.0;763.53;87.0;14.49;1.72
452.0;806.61;85.0;15.77;2.41
424.0;720.25;105.0;16.8;3.1
386.0;831.01;65.0;17.21;2.76
266.0;695.56;65.0;17.45;2.55
124.0;507.53;44.0;16.85;2.07
0.0;0.0;0.0;15.66;1.93
0.0;0.0;0.0;14.07;1.86
0.0;0.0;0.0;12.5;1.72
0.0;0.0;0.0;11.54;1.72
0.0;0.0;0.0;10.77;1.52
0.0;0.0;0.0;10.32;1.38
0.0;0.0;0.0;10.17;1.24
0.0;0.0;0.0;9.83;1.24
0.0;0.0;0.0;9.27;1.24
0.0;0.0;0.0;8.97;1.1
0.0;0.0;0.0;8.98;0.9
0.0;0.0;0.0;8.56;0.83
0.0;0.0;0.0;7.86;0.76
0.0;0.0;0.0;7.69;0.69
0.0;0.0;0.0;7.5;0.76
38.0;96.82;30.0;8.63;0.69
168.0;361.53;86.0;9.61;0.55
267.0;381.27;137.0;11.17;0.48
297.0;244.43;195.0;13.49;0.48
377.0;443.83;177.0;14.84;1.24
374.0;481.02;163.0;15.53;1.72
302.0;379.37;157.0;15.43;2.0
226.0;424.35;105.0;15.43;1.93
108.0;337.53;56.0;15.11;1.45
0.0;0.0;0.0;14.11;1.52
0.0;0.0;0.0;12.75;1.79
0.0;0.0;0.0;11.6;1.86
0.0;0.0;0.0;10.75;1.93
0.0;0.0;0.0;10.16;1.79
0.0;0.0;0.0;9.53;1.52
0.0;0.0;0.0;8.96;1.52
0.0;0.0;0.0;8.13;1.66
0.0;0.0;0.0;8.27;1.45
0.0;0.0;0.0;8.4;1.24
0.0;0.0;0.0;8.22;1.17
0.0;0.0;0.0;8.19;1.03
0.0;0.0;0.0;8.0;0.97
0.0;0.0;0.0;8.18;0.83
0.0;0.0;0.0;8.59;0.69
20.0;0.0;20.0;8.98;0.69
76.0;8.99;74.0;9.5;0.28
57.0;0.0;57.0;10.97;0.21
106.0;0.0;106.0;12.16;0.07
114.0;0.0;114.0;13.23;0.14
104.0;0.0;104.0;13.81;0.34
173.0;31.73;161.0;14.25;0.76
139.0;60.41;122.0;14.17;1.17
67.0;53.12;59.0;13.87;1.31
0.0;0.0;0.0;12.85;1.45
0.0;0.0;0.0;10.99;1.59
0.0;0.0;0.0;9.45;1.45
0.0;0.0;0.0;10.74;0.97
0.0;0.0;0.0;8.15;1.52
0.0;0.0;0.0;7.13;1.59
0.0;0.0;0.0;6.78;1.72
0.0;0.0;0.0;6.78;1.86
0.0;0.0;0.0;7.02;2.07
0.0;0.0;0.0;7.35;2.21
0.0;0.0;0.0;7.62;2.34
0.0;0.0;0.0;8.14;2.41
0.0;0.0;0.0;8.62;2.34
0.0;0.0;0.0;8.75;2.21
0.0;0.0;0.0;8.34;2.07
47.0;322.46;23.0;7.9;2.0
192.0;636.7;53.0;9.15;1.59
235.0;255.79;150.0;11.58;1.45
324.0;367.09;174.0;13.59;1.79
458.0;886.74;66.0;14.97;2.07
344.0;374.09;183.0;15.91;1.86
288.0;339.28;161.0;16.46;1.86
146.0;79.21;124.0;16.46;2.14
72.0;81.51;60.0;15.81;1.93
0.0;0.0;0.0;14.32;2.07
0.0;0.0;0.0;12.64;2.0
0.0;0.0;0.0;11.18;2.0
0.0;0.0;0.0;9.75;1.86
0.0;0.0;0.0;8.47;1.86
0.0;0.0;0.0;7.72;1.93
0.0;0.0;0.0;7.32;2.0
0.0;0.0;0.0;7.11;2.07
0.0;0.0;0.0;6.84;2.14
0.0;0.0;0.0;6.85;2.21
0.0;0.0;0.0;6.95;2.21
0.0;0.0;0.0;6.81;2.28
0.0;0.0;0.0;7.13;2.41
0.0;0.0;0.0;7.61;2.55
0.0;0.0;0.0;8.11;2.62
30.0;85.25;24.0;9.32;2.48
185.0;616.46;53.0;10.7;2.62
280.0;530.42;106.0;12.26;2.69
354.0;539.12;136.0;13.68;3.45
407.0;653.12;121.0;14.86;4.0
326.0;323.68;188.0;15.51;4.0
223.0;129.55;175.0;15.77;3.86
161.0;134.94;124.0;15.58;3.24
61.0;48.63;54.0;15.01;3.17
0.0;0.0;0.0;14.12;3.1
0.0;0.0;0.0;13.29;2.9
0.0;0.0;0.0;12.56;2.76
0.0;0.0;0.0;11.56;2.41
0.0;0.0;0.0;10.97;2.41
0.0;0.0;0.0;10.49;2.48
0.0;0.0;0.0;10.08;2.48
0.0;0.0;0.0;9.85;2.55
0.0;0.0;0.0;9.9;2.55
0.0;0.0;0.0;9.84;2.62
0.0;0.0;0.0;10.11;2.62
0.0;0.0;0.0;10.28;2.62
0.0;0.0;0.0;10.34;2.55
0.0;0.0;0.0;10.52;2.41
0.0;0.0;0.0;10.29;2.34
34.0;180.79;22.0;11.15;2.69
180.0;604.81;53.0;11.93;2.69
305.0;728.77;69.0;13.3;2.55
385.0;749.68;85.0;14.58;3.79
424.0;772.26;89.0;15.7;4.69
422.0;819.11;76.0;16.37;4.97
345.0;714.31;83.0;16.73;4.9
241.0;642.71;67.0;16.52;4.21
93.0;298.35;51.0;15.82;4.28
0.0;0.0;0.0;14.6;4.07
0.0;0.0;0.0;13.66;3.86
0.0;0.0;0.0;13.15;3.66
0.0;0.0;0.0;12.82;3.59
0.0;0.0;0.0;12.5;3.52
0.0;0.0;0.0;12.12;3.59
0.0;0.0;0.0;11.87;3.72
0.0;0.0;0.0;11.61;3.79
0.0;0.0;0.0;11.37;3.79
0.0;0.0;0.0;11.18;3.66
0.0;0.0;0.0;10.88;3.52
0.0;0.0;0.0;10.67;3.38
0.0;0.0;0.0;10.49;3.17
0.0;0.0;0.0;10.34;3.1
0.0;0.0;0.0;10.26;3.17
32.0;176.26;21.0;11.06;3.31
131.0;218.57;86.0;12.1;3.59
288.0;653.77;79.0;13.62;3.38
383.0;770.11;78.0;14.87;4.48
427.0;814.4;77.0;15.57;5.1
403.0;752.6;88.0;15.92;5.52
309.0;514.93;122.0;15.93;5.59
246.0;706.89;57.0;15.49;5.03
64.0;72.62;54.0;14.93;6.28
0.0;0.0;0.0;14.31;5.72
0.0;0.0;0.0;13.99;5.59
0.0;0.0;0.0;13.51;5.59
0.0;0.0;0.0;13.35;5.45
0.0;0.0;0.0;13.48;5.17
0.0;0.0;0.0;13.53;5.1
0.0;0.0;0.0;13.47;5.1
0.0;0.0;0.0;13.39;4.55
0.0;0.0;0.0;13.16;2.97
0.0;0.0;0.0;12.5;2.0
0.0;0.0;0.0;11.36;2.14
0.0;0.0;0.0;10.55;1.72
0.0;0.0;0.0;9.44;1.24
0.0;0.0;0.0;9.88;0.83
0.0;0.0;0.0;9.0;0.9
29.0;170.99;19.0;7.63;1.17
133.0;242.77;84.0;8.76;0.76
179.0;104.57;146.0;10.85;0.55
238.0;127.56;188.0;11.97;1.24
71.0;0.0;71.0;12.41;2.41
175.0;16.88;168.0;12.68;2.83
69.0;0.0;69.0;12.61;2.76
73.0;0.0;73.0;12.49;2.34
41.0;7.42;40.0;12.24;2.21
0.0;0.0;0.0;11.63;2.0
0.0;0.0;0.0;10.9;2.0
0.0;0.0;0.0;9.83;1.79
0.0;0.0;0.0;8.23;1.59
0.0;0.0;0.0;7.19;1.66
0.0;0.0;0.0;6.74;1.66
0.0;0.0;0.0;6.28;1.59
0.0;0.0;0.0;6.54;1.31
0.0;0.0;0.0;5.74;1.45
0.0;0.0;0.0;4.71;1.59
0.0;0.0;0.0;4.61;1.45
0.0;0.0;0.0;4.5;1.38
0.0;0.0;0.0;4.51;1.24
0.0;0.0;0.0;4.4;1.17
0.0;0.0;0.0;4.13;1.1
14.0;0.0;14.0;4.88;1.24
161.0;525.66;57.0;6.4;0.76
295.0;738.22;65.0;8.78;0.9
332.0;494.85;140.0;10.27;1.66
389.0;628.05;124.0;11.25;2.21
390.0;698.15;103.0;11.84;2.07
340.0;735.59;78.0;12.17;1.86
172.0;218.44;115.0;12.2;1.59
81.0;227.48;51.0;11.86;0.97
0.0;0.0;0.0;10.87;0.69
0.0;0.0;0.0;10.65;0.48
0.0;0.0;0.0;10.05;0.62
0.0;0.0;0.0;9.4;0.76
0.0;0.0;0.0;8.7;0.9
0.0;0.0;0.0;6.94;1.31
0.0;0.0;0.0;5.67;1.45
0.0;0.0;0.0;4.79;1.38
0.0;0.0;0.0;4.07;1.38
0.0;0.0;0.0;3.59;1.38
0.0;0.0;0.0;3.25;1.38
0.0;0.0;0.0;2.95;1.45
0.0;0.0;0.0;2.74;1.59
0.0;0.0;0.0;2.48;1.66
0.0;0.0;0.0;2.33;1.79
17.0;0.0;17.0;2.75;1.59
163.0;572.44;52.0;4.63;1.52
288.0;708.74;70.0;8.34;1.79
371.0;747.25;84.0;11.38;2.28
411.0;770.06;89.0;13.87;2.9
411.0;829.47;73.0;15.5;3.24
334.0;708.56;84.0;16.35;3.31
229.0;628.2;67.0;16.31;3.45
83.0;263.31;49.0;15.31;3.38
0.0;0.0;0.0;13.53;3.24
0.0;0.0;0.0;12.08;3.17
0.0;0.0;0.0;11.13;3.1
0.0;0.0;0.0;10.17;2.9
0.0;0.0;0.0;9.43;2.76
0.0;0.0;0.0;8.79;2.62
0.0;0.0;0.0;8.19;2.48
0.0;0.0;0.0;7.43;2.28
0.0;0.0;0.0;6.58;2.0
0.0;0.0;0.0;6.16;1.79
0.0;0.0;0.0;6.02;1.45
0.0;0.0;0.0;6.72;1.1
0.0;0.0;0.0;6.9;0.9
0.0;0.0;0.0;6.52;1.03
0.0;0.0;0.0;6.72;1.38
6.0;0.0;6.0;8.25;1.38
54.0;0.0;54.0;8.97;1.17
25.0;0.0;25.0;9.96;1.1
70.0;0.0;70.0;10.51;2.28
59.0;0.0;59.0;10.36;3.79
394.0;764.88;85.0;9.93;3.66
297.0;500.61;122.0;9.91;3.45
226.0;635.48;64.0;9.77;3.03
71.0;166.04;50.0;9.55;3.03
0.0;0.0;0.0;8.92;2.62
0.0;0.0;0.0;8.42;2.07
0.0;0.0;0.0;7.9;1.66
0.0;0.0;0.0;7.38;2.62
0.0;0.0;0.0;6.94;2.34
0.0;0.0;0.0;6.42;2.34
0.0;0.0;0.0;5.87;2.62
0.0;0.0;0.0;6.07;3.17
0.0;0.0;0.0;5.89;3.17
0.0;0.0;0.0;6.13;3.38
0.0;0.0;0.0;6.29;3.59
0.0;0.0;0.0;6.08;3.93
0.0;0.0;0.0;5.78;3.31
0.0;0.0;0.0;5.77;2.9
0.0;0.0;0.0;5.85;3.66
11.0;0.0;11.0;6.14;4.21
141.0;386.69;69.0;6.18;4.34
239.0;393.54;121.0;6.39;5.31
249.0;177.98;182.0;6.93;5.86
345.0;430.85;168.0;7.58;6.0
395.0;761.42;90.0;8.24;6.0
327.0;684.13;90.0;8.5;5.93
220.0;583.17;73.0;8.44;5.59
78.0;233.99;49.0;7.91;4.9
0.0;0.0;0.0;7.14;4.76
0.0;0.0;0.0;6.47;4.62
0.0;0.0;0.0;5.97;4.48
0.0;0.0;0.0;5.67;4.41
0.0;0.0;0.0;5.04;3.79
0.0;0.0;0.0;4.62;4.28
0.0;0.0;0.0;4.17;4.14
0.0;0.0;0.0;3.73;3.59
0.0;0.0;0.0;3.31;3.59
0.0;0.0;0.0;2.62;3.45
0.0;0.0;0.0;2.24;2.97
0.0;0.0;0.0;1.82;2.69
0.0;0.0;0.0;1.34;2.28
0.0;0.0;0.0;0.8;2.07
0.0;0.0;0.0;0.34;2.07
11.0;0.0;11.0;-0.04;2.0
106.0;142.52;80.0;0.76;1.72
185.0;148.61;141.0;2.86;2.34
293.0;338.01;167.0;4.09;2.28
400.0;734.15;101.0;5.19;1.79
395.0;772.81;88.0;6.17;1.38
305.0;547.5;117.0;6.82;0.97
219.0;581.57;74.0;7.09;0.83
70.0;172.83;49.0;6.91;0.97
0.0;0.0;0.0;6.06;1.24
0.0;0.0;0.0;4.24;1.31
0.0;0.0;0.0;3.26;1.45
0.0;0.0;0.0;1.85;1.59
0.0;0.0;0.0;1.92;1.38
0.0;0.0;0.0;1.84;1.31
0.0;0.0;0.0;0.87;1.45
0.0;0.0;0.0;0.59;1.31
0.0;0.0;0.0;0.29;1.17
0.0;0.0;0.0;0.02;1.1
0.0;0.0;0.0;0.07;0.97
0.0;0.0;0.0;0.21;0.83
0.0;0.0;0.0;0.45;0.76
0.0;0.0;0.0;-0.33;0.62
0.0;0.0;0.0;-1.75;0.48
3.0;0.0;3.0;-1.89;0.62
83.0;55.95;73.0;-1.31;0.55
116.0;13.68;112.0;0.3;0.55
164.0;24.38;155.0;2.44;0.41
246.0;121.34;197.0;4.17;0.21
285.0;251.25;186.0;5.65;0.21
280.0;428.87;134.0;6.32;0.34
203.0;478.34;85.0;6.35;0.28
73.0;226.54;46.0;5.94;0.14
0.0;0.0;0.0;5.02;0.07
0.0;0.0;0.0;4.22;0.21
0.0;0.0;0.0;3.44;0.41
0.0;0.0;0.0;1.87;0.76
0.0;0.0;0.0;1.09;0.76
0.0;0.0;0.0;-0.91;0.76
0.0;0.0;0.0;-2.17;0.69
0.0;0.0;0.0;-2.06;0.76
0.0;0.0;0.0;-1.92;0.9
0.0;0.0;0.0;-1.75;0.76
0.0;0.0;0.0;-1.64;0.62
0.0;0.0;0.0;-1.67;0.69
0.0;0.0;0.0;-1.38;0.55
0.0;0.0;0.0;-1.59;0.55
0.0;0.0;0.0;-1.36;0.55
3.0;0.0;3.0;-0.78;0.41
93.0;108.52;74.0;-0.62;0.48
158.0;90.04;132.0;1.23;0.48
246.0;196.92;174.0;3.24;0.55
324.0;389.55;168.0;5.05;0.76
379.0;741.87;89.0;6.25;1.03
318.0;702.04;81.0;6.86;1.17
219.0;647.13;61.0;6.85;1.1
58.0;102.59;46.0;6.2;1.24
0.0;0.0;0.0;4.96;1.31
0.0;0.0;0.0;3.56;1.45
0.0;0.0;0.0;2.15;1.45
0.0;0.0;0.0;1.48;1.45
0.0;0.0;0.0;0.89;1.45
0.0;0.0;0.0;0.33;1.52
0.0;0.0;0.0;-0.26;1.45
0.0;0.0;0.0;-0.62;1.38
0.0;0.0;0.0;-0.58;1.24
0.0;0.0;0.0;-0.52;1.17
0.0;0.0;0.0;-0.82;1.24
0.0;0.0;0.0;-1.17;1.24
0.0;0.0;0.0;-1.33;1.17
0.0;0.0;0.0;-1.45;1.1
0.0;0.0;0.0;-1.49;1.03
1.0;0.0;1.0;-2.99;0.9
84.0;69.96;72.0;-1.62;0.76
139.0;49.09;125.0;0.28;0.62
189.0;60.74;167.0;2.45;0.9
267.0;186.3;193.0;4.5;1.24
365.0;657.42;110.0;6.57;1.59
331.0;791.39;66.0;7.92;2.0
205.0;529.5;77.0;8.21;1.93
74.0;269.87;43.0;7.28;2.28
0.0;0.0;0.0;5.56;2.62
0.0;0.0;0.0;4.23;2.76
0.0;0.0;0.0;3.53;2.76
0.0;0.0;0.0;2.86;2.55
0.0;0.0;0.0;3.18;2.76
0.0;0.0;0.0;3.59;2.9
0.0;0.0;0.0;3.99;3.03
0.0;0.0;0.0;4.2;3.1
0.0;0.0;0.0;4.39;3.1
0.0;0.0;0.0;4.44;2.97
0.0;0.0;0.0;4.24;2.83
0.0;0.0;0.0;3.88;2.62
0.0;0.0;0.0;3.53;2.41
0.0;0.0;0.0;3.23;2.28
0.0;0.0;0.0;2.77;2.21
2.0;0.0;2.0;2.17;2.14
127.0;416.62;57.0;2.85;1.86
240.0;521.77;93.0;5.41;1.66
337.0;680.0;93.0;7.65;1.79
385.0;758.82;86.0;9.43;2.14
378.0;774.11;80.0;10.39;2.34
307.0;659.19;88.0;10.94;2.48
211.0;622.32;62.0;11.05;2.48
67.0;212.61;43.0;10.21;2.48
0.0;0.0;0.0;8.55;2.28
0.0;0.0;0.0;7.21;2.14
0.0;0.0;0.0;6.29;2.07
0.0;0.0;0.0;5.2;1.66
0.0;0.0;0.0;4.22;1.59
0.0;0.0;0.0;3.96;1.52
0.0;0.0;0.0;3.71;1.66
0.0;0.0;0.0;3.25;1.72
0.0;0.0;0.0;2.89;1.79
0.0;0.0;0.0;3.0;1.66
0.0;0.0;0.0;2.78;1.59
0.0;0.0;0.0;2.37;1.52
0.0;0.0;0.0;1.92;1.45
0.0;0.0;0.0;1.67;1.38
0.0;0.0;0.0;1.27;1.31
0.0;0.0;0.0;2.39;1.03
129.0;473.9;51.0;3.64;0.69
249.0;628.72;74.0;5.55;0.76
318.0;585.0;110.0;8.0;0.97
374.0;718.75;93.0;9.89;1.17
368.0;740.56;85.0;11.36;1.52
301.0;649.06;87.0;12.19;1.93
213.0;661.81;56.0;12.27;1.93
79.0;405.38;34.0;11.52;1.86
0.0;0.0;0.0;9.96;2.0
0.0;0.0;0.0;8.4;2.0
0.0;0.0;0.0;6.59;1.86
0.0;0.0;0.0;5.31;1.59
0.0;0.0;0.0;4.83;1.52
0.0;0.0;0.0;4.37;1.59
0.0;0.0;0.0;4.3;1.59
0.0;0.0;0.0;3.98;1.59
0.0;0.0;0.0;3.92;1.52
0.0;0.0;0.0;3.75;1.52
0.0;0.0;0.0;3.4;1.52
0.0;0.0;0.0;2.71;1.52
0.0;0.0;0.0;2.5;1.38
0.0;0.0;0.0;2.47;1.31
0.0;0.0;0.0;2.31;1.24
0.0;0.0;0.0;3.65;1.38
85.0;111.64;67.0;4.03;1.17
249.0;661.73;67.0;6.61;0.97
330.0;698.12;84.0;9.46;1.17
372.0;737.15;86.0;11.29;1.38
368.0;764.31;78.0;12.47;1.79
301.0;675.23;80.0;13.1;2.07
201.0;586.88;63.0;13.1;1.86
64.0;210.54;41.0;12.36;1.72
0.0;0.0;0.0;10.81;1.86
0.0;0.0;0.0;8.8;1.79
0.0;0.0;0.0;7.04;1.59
0.0;0.0;0.0;5.89;1.45
0.0;0.0;0.0;5.77;1.17
0.0;0.0;0.0;6.39;0.9
0.0;0.0;0.0;4.84;1.24
0.0;0.0;0.0;3.82;1.24
0.0;0.0;0.0;3.38;1.03
0.0;0.0;0.0;2.98;0.97
0.0;0.0;0.0;2.35;0.9
0.0;0.0;0.0;1.57;0.83
0.0;0.0;0.0;1.35;0.9
0.0;0.0;0.0;1.24;0.97
0.0;0.0;0.0;1.27;1.03
0.0;0.0;0.0;0.09;0.9
122.0;455.82;50.0;0.88;0.97
247.0;658.54;68.0;3.04;0.97
303.0;521.05;121.0;5.03;0.97
372.0;737.46;88.0;7.43;1.1
369.0;769.59;79.0;9.36;1.45
297.0;640.0;89.0;10.42;1.72
202.0;591.84;64.0;10.72;1.66
65.0;232.35;40.0;10.1;1.52
0.0;0.0;0.0;8.64;1.93
0.0;0.0;0.0;7.02;1.93
0.0;0.0;0.0;5.41;1.86
0.0;0.0;0.0;3.67;1.79
0.0;0.0;0.0;3.35;1.45
0.0;0.0;0.0;2.57;1.52
0.0;0.0;0.0;1.45;1.66
0.0;0.0;0.0;0.98;1.52
0.0;0.0;0.0;0.68;1.45
0.0;0.0;0.0;0.24;1.45
0.0;0.0;0.0;-0.21;1.52
0.0;0.0;0.0;-0.42;1.45
0.0;0.0;0.0;-0.73;1.45
0.0;0.0;0.0;-1.25;1.52
0.0;0.0;0.0;-1.41;1.38
0.0;0.0;0.0;-0.83;1.31
62.0;25.85;58.0;-0.46;1.31
71.0;0.0;71.0;0.02;1.38
64.0;0.0;64.0;0.89;1.45
72.0;0.0;72.0;2.18;1.52
70.0;0.0;70.0;3.62;1.59
54.0;0.0;54.0;4.73;1.66
41.0;0.0;41.0;5.21;1.72
30.0;0.0;30.0;5.04;1.52
0.0;0.0;0.0;4.08;1.59
0.0;0.0;0.0;2.9;1.86
0.0;0.0;0.0;1.68;1.93
0.0;0.0;0.0;-0.08;1.59
0.0;0.0;0.0;-0.79;1.66
0.0;0.0;0.0;-1.45;1.66
0.0;0.0;0.0;-1.9;1.59
0.0;0.0;0.0;-2.06;1.52
0.0;0.0;0.0;-2.13;1.45
0.0;0.0;0.0;-2.16;1.31
0.0;0.0;0.0;-1.62;1.1
0.0;0.0;0.0;-1.09;0.9
0.0;0.0;0.0;-0.95;0.69
0.0;0.0;0.0;-1.13;0.62
0.0;0.0;0.0;-1.26;0.76
0.0;0.0;0.0;-1.61;1.52
51.0;6.59;50.0;-1.21;1.66
50.0;0.0;50.0;-0.24;1.79
61.0;0.0;61.0;0.78;1.66
64.0;0.0;64.0;1.89;1.52
73.0;0.0;73.0;2.97;1.45
84.0;0.0;84.0;3.71;1.52
59.0;0.0;59.0;3.94;1.59
32.0;9.56;31.0;3.74;1.31
0.0;0.0;0.0;0.06;0.81
0.0;0.0;0.0;0.32;0.93
0.0;0.0;0.0;0.57;1.05
0.0;0.0;0.0;0.83;1.17
0.0;0.0;0.0;1.08;1.3
0.0;0.0;0.0;1.34;1.42
0.0;0.0;0.0;1.59;1.54
0.0;0.0;0.0;1.84;1.66
0.0;0.0;0.0;2.1;1.78
0.0;0.0;0.0;2.35;1.9
0.0;0.0;0.0;2.61;2.02
0.0;0.0;0.0;2.86;2.14
0.0;0.0;0.0;3.12;2.27
0.0;0.0;0.0;3.37;2.39
0.0;0.0;0.0;3.63;2.51
0.0;0.0;0.0;3.88;2.63
69.0;52.76;61.0;4.54;3.1
74.0;0.0;74.0;4.98;2.97
142.0;14.56;137.0;5.39;3.03
262.0;210.71;182.0;5.82;3.03
160.0;18.82;153.0;6.37;2.97
285.0;579.9;99.0;6.57;3.17
81.0;8.71;79.0;6.67;2.97
57.0;162.46;40.0;6.1;3.17
0.0;0.0;0.0;5.51;2.76
0.0;0.0;0.0;4.66;2.48
0.0;0.0;0.0;4.37;2.28
0.0;0.0;0.0;4.23;2.14
0.0;0.0;0.0;4.21;2.0
0.0;0.0;0.0;3.58;1.45
0.0;0.0;0.0;3.8;0.76
0.0;0.0;0.0;3.74;0.76
0.0;0.0;0.0;2.19;1.31
0.0;0.0;0.0;2.56;1.1
0.0;0.0;0.0;3.36;0.76
0.0;0.0;0.0;2.88;0.9
0.0;0.0;0.0;1.55;1.38
0.0;0.0;0.0;1.05;1.72
0.0;0.0;0.0;1.65;1.79
0.0;0.0;0.0;2.01;1.93
90.0;188.43;62.0;2.66;1.86
205.0;392.12;102.0;3.65;2.28
209.0;135.05;163.0;4.81;2.69
158.0;15.91;152.0;5.71;2.76
84.0;0.0;84.0;6.62;2.9
120.0;9.41;117.0;7.95;3.31
82.0;8.77;80.0;8.71;3.52
14.0;0.0;14.0;8.53;3.52
0.0;0.0;0.0;7.48;3.52
0.0;0.0;0.0;6.69;3.59
0.0;0.0;0.0;6.35;3.72
0.0;0.0;0.0;6.91;4.21
0.0;0.0;0.0;7.04;4.55
0.0;0.0;0.0;6.95;4.69
0.0;0.0;0.0;6.8;4.76
0.0;0.0;0.0;6.7;4.76
0.0;0.0;0.0;6.65;4.55
0.0;0.0;0.0;6.68;4.41
0.0;0.0;0.0;6.82;4.28
0.0;0.0;0.0;7.04;3.79
0.0;0.0;0.0;7.17;3.38
0.0;0.0;0.0;7.06;2.83
0.0;0.0;0.0;6.47;2.21
0.0;0.0;0.0;6.52;2.14
84.0;171.66;59.0;6.3;1.86
97.0;11.55;94.0;7.44;1.59
69.0;0.0;69.0;8.33;1.79
108.0;0.0;108.0;9.18;2.14
164.0;27.21;154.0;9.33;2.07
116.0;6.31;114.0;9.93;2.21
71.0;4.42;70.0;9.97;1.86
39.0;39.16;35.0;9.53;1.66
0.0;0.0;0.0;8.92;1.66
0.0;0.0;0.0;8.41;1.52
0.0;0.0;0.0;7.74;1.66
0.0;0.0;0.0;6.8;1.86
0.0;0.0;0.0;6.03;1.93
0.0;0.0;0.0;5.34;1.86
0.0;0.0;0.0;5.14;1.66
0.0;0.0;0.0;5.02;1.93
0.0;0.0;0.0;4.32;1.52
0.0;0.0;0.0;4.84;0.9
0.0;0.0;0.0;4.79;0.69
0.0;0.0;0.0;3.18;1.31
0.0;0.0;0.0;3.19;1.38
0.0;0.0;0.0;3.75;1.52
0.0;0.0;0.0;4.09;1.1
0.0;0.0;0.0;4.09;0.9
78.0;133.08;59.0;4.07;1.86
45.0;0.0;45.0;2.91;2.97
57.0;0.0;57.0;2.63;3.79
239.0;155.79;181.0;3.66;5.1
218.0;114.93;176.0;4.7;4.83
220.0;237.93;145.0;5.0;4.9
144.0;191.07;101.0;5.03;3.93
61.0;237.43;37.0;4.84;3.45
0.0;0.0;0.0;4.36;2.83
0.0;0.0;0.0;3.81;2.62
0.0;0.0;0.0;3.42;2.28
0.0;0.0;0.0;3.24;2.21
0.0;0.0;0.0;2.54;1.86
0.0;0.0;0.0;1.8;1.38
0.0;0.0;0.0;2.11;1.1
0.0;0.0;0.0;1.93;1.1
0.0;0.0;0.0;0.98;1.24
0.0;0.0;0.0;1.47;1.03
0.0;0.0;0.0;-0.52;1.59
0.0;0.0;0.0;-1.02;1.72
0.0;0.0;0.0;-1.23;1.79
0.0;0.0;0.0;-1.01;1.86
0.0;0.0;0.0;-0.74;1.93
0.0;0.0;0.0;0.39;1.79
72.0;100.01;58.0;1.04;1.72
104.0;19.66;99.0;3.32;1.79
176.0;69.1;153.0;4.68;1.79
364.0;797.14;69.0;5.71;1.79
354.0;781.26;70.0;7.0;1.79
307.0;803.53;55.0;8.2;1.79
106.0;53.62;94.0;9.05;1.86
64.0;309.6;33.0;8.59;1.59
0.0;0.0;0.0;7.38;1.72
0.0;0.0;0.0;5.86;1.93
0.0;0.0;0.0;5.0;2.0
0.0;0.0;0.0;4.2;1.93
0.0;0.0;0.0;4.15;2.07
0.0;0.0;0.0;4.28;2.07
0.0;0.0;0.0;4.83;2.34
0.0;0.0;0.0;5.25;2.62
0.0;0.0;0.0;5.53;2.83
0.0;0.0;0.0;5.84;3.03
0.0;0.0;0.0;6.38;3.24
0.0;0.0;0.0;6.89;3.45
0.0;0.0;0.0;7.34;3.59
0.0;0.0;0.0;7.97;3.72
0.0;0.0;0.0;8.46;4.07
0.0;0.0;0.0;8.14;3.86
28.0;0.0;28.0;8.79;4.28
132.0;83.4;111.0;9.48;4.62
81.0;0.0;81.0;10.6;4.34
92.0;0.0;92.0;11.33;5.45
101.0;0.0;101.0;11.85;5.66
52.0;0.0;52.0;11.96;5.79
67.0;4.49;66.0;11.81;5.52
42.0;60.43;36.0;11.62;5.24
0.0;0.0;0.0;11.42;4.97
0.0;0.0;0.0;11.25;4.69
0.0;0.0;0.0;11.18;4.34
0.0;0.0;0.0;10.86;4.21
0.0;0.0;0.0;10.82;3.86
0.0;0.0;0.0;10.8;3.59
0.0;0.0;0.0;10.78;3.31
0.0;0.0;0.0;10.42;2.97
0.0;0.0;0.0;10.13;2.62
0.0;0.0;0.0;10.03;2.21
0.0;0.0;0.0;9.88;2.0
0.0;0.0;0.0;9.63;1.93
0.0;0.0;0.0;9.47;1.86
0.0;0.0;0.0;9.33;1.86
0.0;0.0;0.0;9.21;1.79
0.0;0.0;0.0;9.67;2.14
48.0;22.27;45.0;9.84;2.21
170.0;260.72;105.0;10.27;2.41
133.0;18.28;127.0;10.87;2.69
48.0;0.0;48.0;11.39;3.03
52.0;0.0;52.0;12.08;3.24
69.0;0.0;69.0;12.32;3.31
88.0;22.56;83.0;12.01;3.45
6.0;0.0;6.0;11.59;3.79
0.0;0.0;0.0;11.23;4.07
0.0;0.0;0.0;11.05;3.86
0.0;0.0;0.0;11.22;3.86
0.0;0.0;0.0;11.19;4.34
0.0;0.0;0.0;11.28;4.83
0.0;0.0;0.0;11.29;4.9
0.0;0.0;0.0;11.12;4.14
0.0;0.0;0.0;11.1;3.79
0.0;0.0;0.0;10.66;3.59
0.0;0.0;0.0;10.22;3.1
0.0;0.0;0.0;9.5;2.69
0.0;0.0;0.0;8.98;2.48
0.0;0.0;0.0;8.28;2.14
0.0;0.0;0.0;7.02;1.52
0.0;0.0;0.0;7.21;0.9
0.0;0.0;0.0;6.37;0.55
79.0;196.71;53.0;6.11;0.55
208.0;522.41;79.0;6.61;0.34
306.0;702.41;77.0;8.19;0.48
132.0;5.49;130.0;8.77;1.31
344.0;739.37;79.0;8.98;1.72
226.0;290.77;136.0;9.35;1.93
134.0;163.13;98.0;9.2;1.59
62.0;296.02;33.0;8.92;1.1
0.0;0.0;0.0;7.7;1.24
0.0;0.0;0.0;6.88;1.03
0.0;0.0;0.0;7.16;0.83
0.0;0.0;0.0;7.67;0.62
0.0;0.0;0.0;7.41;0.76
0.0;0.0;0.0;7.22;0.62
0.0;0.0;0.0;6.99;0.76
0.0;0.0;0.0;6.97;0.62
0.0;0.0;0.0;6.96;0.41
0.0;0.0;0.0;6.67;0.21
0.0;0.0;0.0;6.61;0.21
0.0;0.0;0.0;6.34;0.48
0.0;0.0;0.0;6.21;0.55
0.0;0.0;0.0;6.24;0.55
0.0;0.0;0.0;6.24;0.62
0.0;0.0;0.0;6.37;0.41
59.0;69.36;50.0;6.44;0.48
75.0;4.09;74.0;6.72;0.41
141.0;24.69;133.0;7.17;0.62
179.0;49.69;161.0;7.76;0.76
162.0;30.82;151.0;8.32;0.76
110.0;6.49;108.0;8.78;0.76
82.0;13.64;79.0;9.06;0.83
59.0;276.98;32.0;8.98;0.83
0.0;0.0;0.0;8.57;0.97
0.0;0.0;0.0;8.04;1.1
0.0;0.0;0.0;7.68;1.17
0.0;0.0;0.0;7.74;0.9
0.0;0.0;0.0;7.85;0.83
0.0;0.0;0.0;7.73;0.9
0.0;0.0;0.0;7.8;0.83
0.0;0.0;0.0;7.76;0.9
0.0;0.0;0.0;7.69;0.83
0.0;0.0;0.0;7.57;0.83
0.0;0.0;0.0;7.51;0.76
0.0;0.0;0.0;7.44;0.76
0.0;0.0;0.0;7.31;0.83
0.0;0.0;0.0;7.62;0.9
0.0;0.0;0.0;7.9;0.97
0.0;0.0;0.0;8.23;0.62
40.0;7.85;39.0;8.55;0.48
56.0;0.0;56.0;9.26;0.62
224.0;242.22;146.0;10.49;1.1
188.0;63.78;165.0;11.01;1.38
74.0;0.0;74.0;11.32;1.66
80.0;0.0;80.0;11.37;1.66
32.0;0.0;32.0;11.17;1.86
53.0;185.36;35.0;10.97;2.21
0.0;0.0;0.0;10.55;2.41
0.0;0.0;0.0;10.29;2.55
0.0;0.0;0.0;10.04;2.69
0.0;0.0;0.0;9.19;2.83
0.0;0.0;0.0;8.94;3.03
0.0;0.0;0.0;8.37;3.38
0.0;0.0;0.0;7.67;3.45
0.0;0.0;0.0;6.95;3.38
0.0;0.0;0.0;6.4;3.52
0.0;0.0;0.0;5.81;3.59
0.0;0.0;0.0;5.45;3.59
0.0;0.0;0.0;5.02;3.59
0.0;0.0;0.0;4.68;3.38
0.0;0.0;0.0;4.36;3.31
0.0;0.0;0.0;4.32;3.38
0.0;0.0;0.0;4.56;3.59
90.0;383.34;42.0;4.48;3.79
216.0;648.85;60.0;4.51;4.34
305.0;715.21;76.0;4.89;4.55
355.0;788.18;72.0;5.42;4.62
349.0;784.45;71.0;5.83;4.62
291.0;717.77;71.0;6.49;4.55
202.0;717.99;45.0;6.99;4.76
72.0;485.25;25.0;6.89;4.21
0.0;0.0;0.0;6.52;4.41
0.0;0.0;0.0;5.86;4.28
0.0;0.0;0.0;5.71;4.21
0.0;0.0;0.0;5.83;4.28
0.0;0.0;0.0;5.72;4.21
0.0;0.0;0.0;5.48;4.14
0.0;0.0;0.0;5.4;4.28
0.0;0.0;0.0;5.0;4.41
0.0;0.0;0.0;4.73;4.76
0.0;0.0;0.0;4.41;4.83
0.0;0.0;0.0;4.22;4.83
0.0;0.0;0.0;3.96;4.83
0.0;0.0;0.0;3.78;4.69
0.0;0.0;0.0;3.53;4.62
0.0;0.0;0.0;3.4;4.62
0.0;0.0;0.0;3.51;4.14
61.0;97.49;49.0;3.43;4.41
59.0;0.0;59.0;3.48;4.76
53.0;0.0;53.0;3.84;5.17
58.0;0.0;58.0;4.17;5.17
58.0;0.0;58.0;4.41;5.45
58.0;0.0;58.0;4.23;5.17
17.0;0.0;17.0;3.79;5.1
9.0;0.0;9.0;3.27;4.76
0.0;0.0;0.0;2.72;4.69
0.0;0.0;0.0;2.4;4.48
0.0;0.0;0.0;2.13;4.34
0.0;0.0;0.0;2.18;4.34
0.0;0.0;0.0;1.92;4.0
0.0;0.0;0.0;1.73;3.86
0.0;0.0;0.0;1.7;3.72
0.0;0.0;0.0;1.34;3.72
0.0;0.0;0.0;1.15;3.59
0.0;0.0;0.0;1.13;3.38
0.0;0.0;0.0;1.14;3.1
0.0;0.0;0.0;0.93;2.9
0.0;0.0;0.0;0.59;2.97
0.0;0.0;0.0;0.59;3.03
0.0;0.0;0.0;0.42;3.03
0.0;0.0;0.0;0.78;3.24
48.0;33.04;44.0;0.75;2.9
42.0;0.0;42.0;1.21;3.45
27.0;0.0;27.0;1.51;3.59
31.0;0.0;31.0;1.84;3.59
103.0;0.0;103.0;2.35;3.59
37.0;0.0;37.0;2.55;3.38
68.0;4.59;67.0;2.68;3.31
44.0;82.73;36.0;2.62;3.24
0.0;0.0;0.0;2.2;2.76
0.0;0.0;0.0;1.93;2.83
0.0;0.0;0.0;1.69;2.76
0.0;0.0;0.0;1.14;2.62
0.0;0.0;0.0;1.08;2.41
0.0;0.0;0.0;0.85;2.41
0.0;0.0;0.0;0.25;2.34
0.0;0.0;0.0;-0.17;2.41
0.0;0.0;0.0;-0.65;2.48
0.0;0.0;0.0;-1.2;2.48
0.0;0.0;0.0;-1.42;2.41
0.0;0.0;0.0;-1.61;2.41
0.0;0.0;0.0;-1.86;2.34
0.0;0.0;0.0;-2.01;2.34
0.0;0.0;0.0;-2.15;2.34
0.0;0.0;0.0;-1.86;2.41
52.0;50.36;46.0;-1.64;2.41
197.0;502.38;79.0;-0.57;2.76
260.0;428.06;125.0;0.55;2.9
339.0;692.68;93.0;1.68;3.1
297.0;452.39;138.0;2.58;3.38
207.0;210.11;143.0;2.91;3.59
148.0;243.41;95.0;2.73;3.72
54.0;185.95;36.0;2.22;3.31
0.0;0.0;0.0;1.1;3.38
0.0;0.0;0.0;0.21;3.45
0.0;0.0;0.0;-0.36;3.45
0.0;0.0;0.0;-0.96;3.59
0.0;0.0;0.0;-1.12;3.45
0.0;0.0;0.0;-1.37;3.24
0.0;0.0;0.0;-1.58;3.24
0.0;0.0;0.0;-1.72;3.38
0.0;0.0;0.0;-1.89;3.38
0.0;0.0;0.0;-2.1;3.31
0.0;0.0;0.0;-2.31;3.17
0.0;0.0;0.0;-2.52;3.17
0.0;0.0;0.0;-2.69;3.17
0.0;0.0;0.0;-2.81;3.17
0.0;0.0;0.0;-2.93;3.17
0.0;0.0;0.0;-2.81;3.24
49.0;42.62;44.0;-2.69;3.24
75.0;4.29;74.0;-2.13;3.86
69.0;0.0;69.0;-1.42;3.52
67.0;0.0;67.0;-0.84;3.59
58.0;0.0;58.0;-0.17;3.86
56.0;0.0;56.0;0.1;3.86
45.0;0.0;45.0;-0.01;3.86
36.0;30.92;33.0;-0.25;3.79
0.0;0.0;0.0;-0.57;3.38
0.0;0.0;0.0;-0.96;3.52
0.0;0.0;0.0;-1.18;3.45
0.0;0.0;0.0;-2.13;4.0
0.0;0.0;0.0;-2.12;3.93
0.0;0.0;0.0;-2.23;3.17
0.0;0.0;0.0;-2.3;2.97
0.0;0.0;0.0;-2.34;2.97
0.0;0.0;0.0;-2.38;2.9
0.0;0.0;0.0;-2.11;2.83
0.0;0.0;0.0;-2.09;2.83
0.0;0.0;0.0;-2.37;2.76
0.0;0.0;0.0;-2.44;2.76
0.0;0.0;0.0;-2.47;2.55
0.0;0.0;0.0;-2.8;2.34
0.0;0.0;0.0;-2.92;2.62
42.0;17.3;40.0;-2.57;2.9
82.0;8.63;80.0;-1.83;3.03
35.0;0.0;35.0;-1.17;2.97
67.0;0.0;67.0;-0.66;2.83
102.0;0.0;102.0;-0.34;2.62
101.0;3.29;100.0;-0.25;2.41
53.0;0.0;53.0;-0.3;2.14
40.0;51.36;35.0;-0.47;1.93
0.0;0.0;0.0;-0.74;1.66
0.0;0.0;0.0;-0.98;1.93
0.0;0.0;0.0;-1.06;2.14
0.0;0.0;0.0;-1.86;2.41
0.0;0.0;0.0;-1.89;2.41
0.0;0.0;0.0;-2.16;2.21
0.0;0.0;0.0;-2.22;2.28
0.0;0.0;0.0;-2.32;2.34
0.0;0.0;0.0;-2.5;2.48
0.0;0.0;0.0;-2.75;2.55
0.0;0.0;0.0;-2.97;2.62
0.0;0.0;0.0;-3.17;2.69
0.0;0.0;0.0;-3.07;2.83
0.0;0.0;0.0;-3.28;2.76
0.0;0.0;0.0;-3.41;2.69
0.0;0.0;0.0;-3.29;3.1
70.0;219.29;45.0;-2.92;3.24
209.0;646.87;60.0;-2.21;3.52
301.0;731.65;73.0;-1.58;3.72
356.0;817.44;68.0;-1.1;3.52
299.0;460.46;138.0;-0.71;3.24
288.0;694.53;77.0;-0.41;2.9
121.0;100.96;99.0;-0.38;2.76
56.0;194.29;37.0;-0.52;2.28
0.0;0.0;0.0;-0.95;1.1
0.0;0.0;0.0;-1.25;0.41
0.0;0.0;0.0;-1.75;0.76
0.0;0.0;0.0;-2.01;0.97
0.0;0.0;0.0;-1.82;1.31
0.0;0.0;0.0;-1.71;1.52
0.0;0.0;0.0;-1.57;1.72
0.0;0.0;0.0;-1.42;1.86
0.0;0.0;0.0;-1.26;1.86
0.0;0.0;0.0;-1.1;1.79
0.0;0.0;0.0;-1.04;1.59
0.0;0.0;0.0;-1.29;1.45
0.0;0.0;0.0;-1.55;1.17
0.0;0.0;0.0;-1.29;0.83
0.0;0.0;0.0;-1.06;0.69
0.0;0.0;0.0;-1.27;0.69
38.0;17.78;36.0;-1.22;0.55
40.0;0.0;40.0;-0.78;0.48
68.0;0.0;68.0;-0.05;0.21
40.0;0.0;40.0;0.07;0.41
151.0;20.04;144.0;0.07;1.31
107.0;3.29;106.0;0.08;1.72
87.0;18.33;83.0;0.2;2.0
45.0;81.34;37.0;-0.3;2.28
0.0;0.0;0.0;-1.17;2.34
0.0;0.0;0.0;-1.69;2.69
0.0;0.0;0.0;-1.94;3.03
0.0;0.0;0.0;-1.55;2.83
0.0;0.0;0.0;-1.53;3.24
0.0;0.0;0.0;-1.64;3.59
0.0;0.0;0.0;-1.86;3.93
0.0;0.0;0.0;-2.42;4.34
0.0;0.0;0.0;-3.17;4.41
0.0;0.0;0.0;-3.8;4.55
0.0;0.0;0.0;-4.31;4.41
0.0;0.0;0.0;-4.67;4.28
0.0;0.0;0.0;-4.85;4.41
0.0;0.0;0.0;-4.82;4.34
0.0;0.0;0.0;-4.71;4.28
0.0;0.0;0.0;-5.08;4.07
74.0;306.0;40.0;-5.17;3.93
92.0;17.55;88.0;-4.83;4.9
85.0;0.0;85.0;-4.36;4.83
153.0;19.94;146.0;-3.83;4.41
69.0;0.0;69.0;-3.44;4.97
102.0;3.29;101.0;-3.23;5.1
87.0;18.3;83.0;-3.45;4.21
40.0;40.39;36.0;-3.76;3.59
0.0;0.0;0.0;-4.24;3.59
0.0;0.0;0.0;-4.71;3.72
0.0;0.0;0.0;-5.47;3.66
0.0;0.0;0.0;-6.3;3.38
0.0;0.0;0.0;-6.81;3.17
0.0;0.0;0.0;-7.2;3.17
0.0;0.0;0.0;-7.66;2.83
0.0;0.0;0.0;-8.5;2.28
0.0;0.0;0.0;-9.9;1.86
0.0;0.0;0.0;-7.79;1.31
0.0;0.0;0.0;-7.23;0.55
0.0;0.0;0.0;-7.08;0.21
0.0;0.0;0.0;-6.95;0.83
0.0;0.0;0.0;-6.72;1.31
0.0;0.0;0.0;-8.85;1.66
0.0;0.0;0.0;-9.72;1.79
65.0;200.32;43.0;-8.51;1.93
143.0;176.35;103.0;-7.8;2.21
112.0;6.47;110.0;-6.18;2.48
196.0;82.71;167.0;-4.19;2.83
130.0;5.73;128.0;-2.87;3.1
26.0;0.0;26.0;-2.23;3.24
125.0;118.64;99.0;-1.88;3.31
39.0;40.07;35.0;-1.75;3.52
0.0;0.0;0.0;-1.76;3.59
0.0;0.0;0.0;-1.68;3.72
0.0;0.0;0.0;-1.47;3.66
0.0;0.0;0.0;-0.69;3.72
0.0;0.0;0.0;-0.53;3.66
0.0;0.0;0.0;-0.74;3.72
0.0;0.0;0.0;-0.76;3.66
0.0;0.0;0.0;-0.87;3.72
0.0;0.0;0.0;-0.6;3.93
0.0;0.0;0.0;-0.85;3.93
0.0;0.0;0.0;-0.65;3.93
0.0;0.0;0.0;-0.87;3.93
0.0;0.0;0.0;-1.3;3.86
0.0;0.0;0.0;-1.41;3.93
0.0;0.0;0.0;-0.72;4.34
0.0;0.0;0.0;0.81;6.07
54.0;110.45;42.0;1.86;7.1
50.0;0.0;50.0;3.01;7.72
60.0;0.0;60.0;4.03;8.55
64.0;0.0;64.0;4.48;9.03
55.0;0.0;55.0;4.81;8.83
57.0;0.0;57.0;4.88;7.93
79.0;9.1;77.0;4.89;8.14
31.0;9.93;30.0;5.1;8.83
0.0;0.0;0.0;5.33;8.41
0.0;0.0;0.0;5.83;7.93
0.0;0.0;0.0;5.92;7.52
0.0;0.0;0.0;6.04;8.0
0.0;0.0;0.0;6.2;7.17
0.0;0.0;0.0;6.42;6.76
0.0;0.0;0.0;6.76;6.48
0.0;0.0;0.0;6.98;6.0
0.0;0.0;0.0;6.98;5.52
0.0;0.0;0.0;7.27;5.45
0.0;0.0;0.0;7.3;5.52
0.0;0.0;0.0;7.56;5.45
0.0;0.0;0.0;7.91;5.31
0.0;0.0;0.0;7.94;5.1
0.0;0.0;0.0;7.74;5.03
0.0;0.0;0.0;8.43;5.66
58.0;158.01;41.0;8.46;5.45
202.0;684.26;48.0;8.86;5.1
301.0;812.28;51.0;9.58;5.03
337.0;765.51;69.0;10.23;3.93
154.0;25.78;145.0;10.45;4.0
78.0;0.0;78.0;10.88;3.93
48.0;0.0;48.0;10.93;4.9
30.0;9.83;29.0;10.44;4.14
0.0;0.0;0.0;10.1;3.72
0.0;0.0;0.0;9.75;3.52
0.0;0.0;0.0;9.23;3.17
0.0;0.0;0.0;9.56;3.31
0.0;0.0;0.0;9.19;2.41
0.0;0.0;0.0;8.84;2.28
0.0;0.0;0.0;8.5;2.34
0.0;0.0;0.0;7.77;1.86
0.0;0.0;0.0;7.19;1.52
0.0;0.0;0.0;6.85;1.86
0.0;0.0;0.0;5.7;3.93
0.0;0.0;0.0;3.91;3.59
0.0;0.0;0.0;3.39;2.0
0.0;0.0;0.0;3.09;1.03
0.0;0.0;0.0;2.96;0.55
0.0;0.0;0.0;1.95;1.1
65.0;243.82;39.0;2.58;0.83
152.0;254.06;95.0;3.6;0.83
189.0;146.4;144.0;3.93;0.97
179.0;57.14;159.0;4.44;1.17
132.0;8.59;129.0;4.71;1.31
76.0;0.0;76.0;5.15;2.07
66.0;0.0;66.0;5.32;2.14
30.0;9.72;29.0;5.07;1.38
0.0;0.0;0.0;4.78;1.38
0.0;0.0;0.0;4.73;1.38
0.0;0.0;0.0;4.98;1.66
0.0;0.0;0.0;5.43;1.66
0.0;0.0;0.0;5.89;0.83
0.0;0.0;0.0;5.08;1.24
0.0;0.0;0.0;4.76;1.24
0.0;0.0;0.0;4.81;1.31
0.0;0.0;0.0;4.73;0.9
0.0;0.0;0.0;5.13;0.34
0.0;0.0;0.0;4.92;0.62
0.0;0.0;0.0;5.04;0.62
0.0;0.0;0.0;4.94;0.76
0.0;0.0;0.0;5.03;1.17
0.0;0.0;0.0;5.12;1.38
0.0;0.0;0.0;5.4;1.66
30.0;9.45;29.0;6.47;3.45
108.0;62.56;94.0;8.84;5.52
127.0;19.54;121.0;10.46;6.48
61.0;0.0;61.0;11.76;6.14
72.0;0.0;72.0;12.26;5.03
72.0;0.0;72.0;12.53;4.48
55.0;0.0;55.0;12.54;4.55
32.0;9.61;31.0;12.49;5.52
0.0;0.0;0.0;12.76;5.52
0.0;0.0;0.0;12.83;5.66
0.0;0.0;0.0;13.24;6.55
0.0;0.0;0.0;12.6;5.86
0.0;0.0;0.0;13.16;6.14
0.0;0.0;0.0;13.15;5.66
0.0;0.0;0.0;12.77;4.9
0.0;0.0;0.0;12.15;4.34
0.0;0.0;0.0;11.38;4.07
0.0;0.0;0.0;10.63;3.79
0.0;0.0;0.0;10.15;3.45
0.0;0.0;0.0;9.6;3.59
0.0;0.0;0.0;8.81;3.72
0.0;0.0;0.0;7.76;3.38
0.0;0.0;0.0;6.94;2.83
0.0;0.0;0.0;6.77;3.03
42.0;38.07;38.0;6.22;1.79
147.0;214.95;99.0;5.96;0.97
151.0;48.87;136.0;7.11;2.14
342.0;773.71;71.0;7.5;2.83
268.0;322.56;155.0;7.63;3.1
220.0;263.73;139.0;8.09;2.9
162.0;317.52;91.0;8.11;2.55
68.0;303.42;36.0;7.64;1.72
0.0;0.0;0.0;6.73;0.83
0.0;0.0;0.0;6.77;0.0
0.0;0.0;0.0;6.08;0.28
0.0;0.0;0.0;5.62;0.76
0.0;0.0;0.0;4.95;0.9
0.0;0.0;0.0;4.4;0.55
0.0;0.0;0.0;3.91;0.62
0.0;0.0;0.0;3.39;1.03
0.0;0.0;0.0;2.88;0.83
0.0;0.0;0.0;2.2;0.97
0.0;0.0;0.0;0.28;1.31
0.0;0.0;0.0;-0.82;1.38
0.0;0.0;0.0;-0.64;1.1
0.0;0.0;0.0;-0.2;0.76
0.0;0.0;0.0;-0.24;0.62
0.0;0.0;0.0;-0.25;0.83
81.0;516.98;27.0;-0.43;0.76
141.0;170.43;103.0;0.21;0.07
257.0;443.14;121.0;1.38;0.28
190.0;68.46;166.0;2.1;0.48
230.0;165.25;172.0;2.44;0.41
158.0;58.42;140.0;2.65;0.28
90.0;17.79;86.0;2.78;0.41
80.0;467.62;30.0;2.47;0.41
0.0;0.0;0.0;2.05;0.28
0.0;0.0;0.0;1.79;0.34
0.0;0.0;0.0;1.53;0.55
0.0;0.0;0.0;0.47;0.76
0.0;0.0;0.0;0.56;0.69
0.0;0.0;0.0;0.28;0.83
0.0;0.0;0.0;-0.01;0.9
0.0;0.0;0.0;0.13;0.83
0.0;0.0;0.0;0.07;0.83
0.0;0.0;0.0;0.0;0.97
0.0;0.0;0.0;-0.12;0.9
0.0;0.0;0.0;-0.7;1.1
0.0;0.0;0.0;-1.43;1.17
0.0;0.0;0.0;-1.42;1.1
0.0;0.0;0.0;-1.84;1.31
0.0;0.0;0.0;-2.59;1.17
46.0;67.34;39.0;-2.34;1.38
190.0;552.23;67.0;-0.07;1.66
209.0;211.73;144.0;2.28;1.93
197.0;85.47;167.0;4.39;2.21
118.0;2.84;117.0;5.58;2.07
100.0;3.23;99.0;6.18;1.86
70.0;4.42;69.0;6.32;1.72
81.0;497.73;27.0;5.77;1.86
0.0;0.0;0.0;4.44;2.07
0.0;0.0;0.0;2.69;2.14
0.0;0.0;0.0;2.02;2.07
0.0;0.0;0.0;1.3;1.93
0.0;0.0;0.0;0.41;2.0
0.0;0.0;0.0;0.05;1.93
0.0;0.0;0.0;-0.4;1.93
0.0;0.0;0.0;-0.08;1.72
0.0;0.0;0.0;-0.04;1.45
0.0;0.0;0.0;-0.12;1.45
0.0;0.0;0.0;-0.01;1.31
0.0;0.0;0.0;-0.37;1.38
0.0;0.0;0.0;-0.69;1.66
0.0;0.0;0.0;-0.49;1.66
0.0;0.0;0.0;-0.42;1.45
0.0;0.0;0.0;0.27;1.66
44.0;57.93;38.0;0.95;1.72
32.0;0.0;32.0;1.99;1.86
50.0;0.0;50.0;2.99;1.93
71.0;0.0;71.0;4.0;1.79
43.0;0.0;43.0;5.22;2.0
77.0;0.0;77.0;5.23;2.34
27.0;0.0;27.0;5.21;2.55
20.0;0.0;20.0;4.9;2.55
0.0;0.0;0.0;4.69;2.48
0.0;0.0;0.0;4.57;2.41
0.0;0.0;0.0;4.58;2.41
0.0;0.0;0.0;4.7;2.62
0.0;0.0;0.0;5.11;2.9
0.0;0.0;0.0;5.48;2.97
0.0;0.0;0.0;5.87;3.03
0.0;0.0;0.0;6.09;3.17
0.0;0.0;0.0;6.21;3.45
0.0;0.0;0.0;6.16;3.45
0.0;0.0;0.0;6.09;3.31
0.0;0.0;0.0;6.15;3.45
0.0;0.0;0.0;5.97;3.45
0.0;0.0;0.0;5.89;3.38
0.0;0.0;0.0;6.28;3.24
0.0;0.0;0.0;6.48;3.38
12.0;0.0;12.0;6.96;3.38
120.0;103.3;97.0;7.73;3.79
144.0;42.27;131.0;9.22;4.28
231.0;190.21;164.0;10.87;4.14
222.0;155.52;167.0;12.1;4.21
287.0;702.55;68.0;12.43;4.83
196.0;606.25;57.0;12.46;4.34
71.0;303.7;37.0;12.17;4.14
0.0;0.0;0.0;10.94;3.79
0.0;0.0;0.0;9.85;3.52
0.0;0.0;0.0;9.39;3.52
0.0;0.0;0.0;9.87;4.14
0.0;0.0;0.0;10.01;4.21
0.0;0.0;0.0;9.81;4.14
0.0;0.0;0.0;9.5;4.14
0.0;0.0;0.0;9.49;4.14
0.0;0.0;0.0;9.61;3.93
0.0;0.0;0.0;9.63;4.0
0.0;0.0;0.0;9.65;4.34
0.0;0.0;0.0;9.5;4.34
0.0;0.0;0.0;9.23;4.21
0.0;0.0;0.0;9.17;4.14
0.0;0.0;0.0;9.25;4.14
0.0;0.0;0.0;9.81;4.69
10.0;0.0;10.0;10.06;4.97
41.0;0.0;41.0;10.67;5.17
52.0;0.0;52.0;11.29;5.17
60.0;0.0;60.0;11.95;4.76
172.0;45.1;156.0;12.43;4.55
291.0;718.46;66.0;12.75;4.14
173.0;380.98;85.0;12.84;4.14
39.0;17.57;37.0;12.48;3.59
0.0;0.0;0.0;11.5;3.24
0.0;0.0;0.0;10.59;3.31
0.0;0.0;0.0;10.15;3.31
0.0;0.0;0.0;9.31;3.03
0.0;0.0;0.0;9.17;2.9
0.0;0.0;0.0;8.98;2.83
0.0;0.0;0.0;9.12;2.9
0.0;0.0;0.0;9.11;2.9
0.0;0.0;0.0;9.01;2.69
0.0;0.0;0.0;8.81;2.55
0.0;0.0;0.0;8.41;2.28
0.0;0.0;0.0;7.73;2.21
0.0;0.0;0.0;7.16;2.21
0.0;0.0;0.0;6.55;2.07
0.0;0.0;0.0;5.66;1.93
0.0;0.0;0.0;5.31;2.07
50.0;106.68;39.0;4.69;1.93
200.0;677.02;49.0;6.2;1.59
293.0;748.54;62.0;8.72;1.52
351.0;819.27;61.0;10.25;1.59
349.0;797.6;65.0;11.34;1.72
299.0;753.01;62.0;11.93;1.59
201.0;614.27;58.0;12.13;1.52
85.0;466.2;31.0;11.66;1.38
0.0;0.0;0.0;9.2;0.7
0.0;0.0;0.0;8.6;0.79
0.0;0.0;0.0;8.0;0.89
0.0;0.0;0.0;7.4;0.98
0.0;0.0;0.0;6.8;1.08
0.0;0.0;0.0;6.2;1.17
0.0;0.0;0.0;5.6;1.26
0.0;0.0;0.0;5.0;1.36
