ghi;dni;dhi;temp_air;ws10
0.0;0.0;0.0;5.05;1.75
0.0;0.0;0.0;5.02;1.66
0.0;0.0;0.0;4.99;1.58
0.0;0.0;0.0;4.96;1.49
0.0;0.0;0.0;4.92;1.4
0.0;0.0;0.0;4.89;1.32
0.0;0.0;0.0;4.86;1.23
0.0;0.0;0.0;4.83;1.15
4.0;0.0;4.0;5.85;2.34
117.0;84.63;98.0;6.36;2.83
160.0;38.14;147.0;7.02;3.93
234.0;83.99;199.0;7.57;4.62
172.0;6.71;169.0;8.05;4.76
148.0;2.33;147.0;8.3;3.93
63.0;0.0;63.0;8.51;3.66
52.0;0.0;52.0;8.4;3.59
79.0;364.89;36.0;8.27;3.59
0.0;0.0;0.0;8.15;3.79
0.0;0.0;0.0;8.09;3.86
0.0;0.0;0.0;7.97;4.21
0.0;0.0;0.0;8.0;4.41
0.0;0.0;0.0;8.07;4.48
0.0;0.0;0.0;8.1;4.55
0.0;0.0;0.0;8.1;4.62
0.0;0.0;0.0;8.02;4.62
0.0;0.0;0.0;8.09;4.55
0.0;0.0;0.0;8.16;4.41
0.0;0.0;0.0;8.24;4.21
0.0;0.0;0.0;8.27;3.93
0.0;0.0;0.0;8.29;3.52
0.0;0.0;0.0;8.29;3.31
0.0;0.0;0.0;8.32;2.83
24.0;26.49;22.0;8.36;2.55
95.0;31.15;88.0;8.5;2.34
120.0;5.86;118.0;8.65;2.34
161.0;9.58;157.0;8.86;2.62
163.0;4.46;161.0;9.23;3.45
232.0;71.93;201.0;9.42;3.72
124.0;2.72;123.0;9.51;4.07
85.0;3.83;84.0;9.6;4.07
40.0;16.65;38.0;9.72;3.93
0.0;0.0;0.0;9.78;3.93
0.0;0.0;0.0;9.88;3.93
0.0;0.0;0.0;10.31;3.86
0.0;0.0;0.0;10.47;3.93
0.0;0.0;0.0;10.59;4.0
0.0;0.0;0.0;10.63;3.93
0.0;0.0;0.0;10.67;4.0
0.0;0.0;0.0;10.62;3.93
0.0;0.0;0.0;10.6;4.0
0.0;0.0;0.0;10.49;4.21
0.0;0.0;0.0;10.29;4.14
0.0;0.0;0.0;10.06;4.28
0.0;0.0;0.0;9.75;4.21
0.0;0.0;0.0;9.39;4.07
0.0;0.0;0.0;8.94;3.72
49.0;410.58;18.0;8.82;3.59
159.0;311.07;89.0;9.09;3.52
205.0;131.55;160.0;9.47;3.38
131.0;0.0;131.0;9.77;3.72
176.0;8.9;172.0;9.92;3.59
193.0;25.42;182.0;10.01;3.24
61.0;0.0;61.0;9.91;2.41
170.0;208.8;115.0;10.05;2.41
45.0;32.65;41.0;9.94;2.0
0.0;0.0;0.0;9.85;2.0
0.0;0.0;0.0;9.78;2.07
0.0;0.0;0.0;9.95;2.48
0.0;0.0;0.0;9.91;2.55
0.0;0.0;0.0;9.8;2.21
0.0;0.0;0.0;9.73;2.14
0.0;0.0;0.0;9.75;2.34
0.0;0.0;0.0;9.73;2.76
0.0;0.0;0.0;9.49;3.03
0.0;0.0;0.0;9.29;3.66
0.0;0.0;0.0;9.0;4.41
0.0;0.0;0.0;8.44;4.83
0.0;0.0;0.0;7.79;4.76
0.0;0.0;0.0;7.29;4.69
0.0;0.0;0.0;7.42;5.1
23.0;13.23;22.0;7.61;5.45
76.0;4.44;75.0;7.77;6.07
176.0;61.25;155.0;8.19;7.66
127.0;0.0;127.0;8.33;8.48
121.0;0.0;121.0;8.86;9.79
116.0;0.0;116.0;8.88;9.24
69.0;0.0;69.0;7.48;6.41
42.0;0.0;42.0;6.85;6.41
59.0;88.02;48.0;4.8;6.14
0.0;0.0;0.0;4.48;4.97
0.0;0.0;0.0;4.02;4.34
0.0;0.0;0.0;4.07;3.86
0.0;0.0;0.0;3.71;3.52
0.0;0.0;0.0;3.33;3.1
0.0;0.0;0.0;3.07;2.55
0.0;0.0;0.0;2.52;2.28
0.0;0.0;0.0;2.16;2.14
0.0;0.0;0.0;1.93;2.21
0.0;0.0;0.0;1.78;2.34
0.0;0.0;0.0;2.33;2.34
0.0;0.0;0.0;2.65;2.21
0.0;0.0;0.0;2.86;2.14
0.0;0.0;0.0;2.72;2.0
0.0;0.0;0.0;3.19;2.28
37.0;145.05;26.0;3.31;2.48
193.0;579.68;62.0;3.68;2.34
93.0;0.0;93.0;5.07;3.17
175.0;14.25;169.0;6.52;3.45
279.0;123.69;223.0;7.57;3.79
243.0;77.89;209.0;8.56;3.93
73.0;0.0;73.0;8.81;3.86
43.0;0.0;43.0;8.68;3.72
52.0;47.05;46.0;8.26;3.59
0.0;0.0;0.0;7.66;2.83
0.0;0.0;0.0;6.93;2.41
0.0;0.0;0.0;6.83;2.48
0.0;0.0;0.0;6.59;2.28
0.0;0.0;0.0;6.48;2.21
0.0;0.0;0.0;6.5;2.14
0.0;0.0;0.0;6.58;2.0
0.0;0.0;0.0;6.68;1.79
0.0;0.0;0.0;6.66;1.52
0.0;0.0;0.0;6.82;1.52
0.0;0.0;0.0;6.87;1.66
0.0;0.0;0.0;6.92;1.72
0.0;0.0;0.0;6.8;1.79
0.0;0.0;0.0;6.56;1.93
0.0;0.0;0.0;6.39;2.07
43.0;249.47;24.0;5.96;2.07
138.0;163.26;101.0;6.78;2.14
252.0;284.26;154.0;7.69;2.48
403.0;700.64;107.0;8.63;3.59
396.0;497.27;170.0;9.09;3.72
180.0;13.68;174.0;9.53;3.45
260.0;223.45;176.0;10.11;3.31
111.0;22.16;105.0;10.33;3.1
61.0;84.52;50.0;10.03;2.69
0.0;0.0;0.0;8.98;1.93
0.0;0.0;0.0;7.88;1.79
0.0;0.0;0.0;7.84;1.45
0.0;0.0;0.0;7.21;1.52
0.0;0.0;0.0;6.35;1.59
0.0;0.0;0.0;6.23;1.38
0.0;0.0;0.0;6.37;1.17
0.0;0.0;0.0;6.63;1.03
0.0;0.0;0.0;6.64;0.97
0.0;0.0;0.0;6.72;0.97
0.0;0.0;0.0;6.54;1.03
0.0;0.0;0.0;6.26;0.97
0.0;0.0;0.0;6.08;0.97
0.0;0.0;0.0;5.88;0.97
0.0;0.0;0.0;6.35;1.24
45.0;287.21;23.0;6.51;1.17
100.0;39.58;91.0;7.3;0.97
292.0;500.17;119.0;8.06;1.17
428.0;858.56;64.0;8.94;1.31
459.0;843.68;74.0;9.9;1.24
438.0;821.27;76.0;10.52;1.45
310.0;438.73;144.0;10.92;1.38
143.0;80.49;121.0;11.14;1.17
75.0;188.17;50.0;11.02;0.9
0.0;0.0;0.0;10.32;0.34
0.0;0.0;0.0;10.05;0.07
0.0;0.0;0.0;9.47;0.76
0.0;0.0;0.0;7.67;1.24
0.0;0.0;0.0;6.15;1.66
0.0;0.0;0.0;5.25;1.66
0.0;0.0;0.0;4.78;1.52
0.0;0.0;0.0;4.11;1.59
0.0;0.0;0.0;3.65;1.66
0.0;0.0;0.0;3.21;1.66
0.0;0.0;0.0;2.91;1.59
0.0;0.0;0.0;2.57;1.59
0.0;0.0;0.0;2.26;1.52
0.0;0.0;0.0;2.28;1.45
0.0;0.0;0.0;2.05;1.31
47.0;298.14;24.0;2.08;1.31
206.0;687.76;49.0;3.34;1.03
346.0;826.8;59.0;6.16;0.9
247.0;93.99;207.0;8.82;0.76
364.0;342.57;207.0;10.69;0.69
435.0;747.07;104.0;12.02;0.9
319.0;446.31;149.0;12.86;1.03
201.0;304.3;117.0;13.18;0.97
85.0;250.65;51.0;12.79;0.41
0.0;0.0;0.0;12.16;0.55
0.0;0.0;0.0;9.89;1.31
0.0;0.0;0.0;8.92;1.31
0.0;0.0;0.0;7.36;1.59
0.0;0.0;0.0;6.0;1.79
0.0;0.0;0.0;4.94;1.66
0.0;0.0;0.0;4.33;1.52
0.0;0.0;0.0;3.98;1.45
0.0;0.0;0.0;3.66;1.45
0.0;0.0;0.0;3.44;1.45
0.0;0.0;0.0;3.3;1.38
0.0;0.0;0.0;3.15;1.31
0.0;0.0;0.0;3.19;1.17
0.0;0.0;0.0;2.96;1.17
0.0;0.0;0.0;3.42;0.97
43.0;231.36;25.0;3.43;0.97
168.0;335.85;91.0;4.55;0.76
358.0;892.46;47.0;6.68;0.69
394.0;606.12;135.0;9.48;0.62
404.0;497.41;175.0;11.26;0.48
386.0;480.41;172.0;12.6;0.48
317.0;427.6;153.0;13.35;0.41
209.0;337.11;115.0;13.6;0.41
94.0;332.08;48.0;13.29;0.21
0.0;0.0;0.0;12.74;0.14
0.0;0.0;0.0;11.97;0.21
0.0;0.0;0.0;8.71;1.52
0.0;0.0;0.0;6.89;1.86
0.0;0.0;0.0;5.8;1.72
0.0;0.0;0.0;4.8;1.72
0.0;0.0;0.0;4.26;1.66
0.0;0.0;0.0;3.8;1.59
0.0;0.0;0.0;3.49;1.52
0.0;0.0;0.0;3.21;1.45
0.0;0.0;0.0;3.05;1.45
0.0;0.0;0.0;2.83;1.45
0.0;0.0;0.0;2.71;1.45
0.0;0.0;0.0;2.61;1.45
0.0;0.0;0.0;2.61;1.17
50.0;343.67;23.0;2.63;1.17
206.0;668.5;52.0;4.38;0.83
341.0;771.55;71.0;7.09;0.62
309.0;240.01;206.0;9.7;0.62
420.0;559.92;161.0;11.68;0.41
275.0;118.32;222.0;13.03;0.48
183.0;36.24;169.0;13.62;0.69
243.0;550.18;88.0;13.83;0.9
111.0;537.23;35.0;13.38;0.55
0.0;0.0;0.0;12.77;0.48
0.0;0.0;0.0;11.92;0.83
0.0;0.0;0.0;8.02;1.93
0.0;0.0;0.0;6.44;1.86
0.0;0.0;0.0;5.63;1.72
0.0;0.0;0.0;5.56;1.66
0.0;0.0;0.0;5.43;1.66
0.0;0.0;0.0;5.32;1.52
0.0;0.0;0.0;5.47;1.31
0.0;0.0;0.0;4.96;1.52
0.0;0.0;0.0;4.91;1.31
0.0;0.0;0.0;4.69;1.24
0.0;0.0;0.0;4.13;1.45
0.0;0.0;0.0;3.85;1.31
0.0;0.0;0.0;4.29;1.17
49.0;327.31;23.0;4.74;0.97
175.0;380.0;87.0;5.6;0.62
86.0;0.0;86.0;7.0;0.55
314.0;257.49;203.0;8.27;0.48
477.0;866.92;74.0;9.22;0.62
382.0;452.8;178.0;10.14;0.48
375.0;750.48;83.0;10.29;0.21
262.0;713.04;59.0;10.46;0.41
114.0;553.68;34.0;10.19;0.69
0.0;0.0;0.0;9.35;0.76
0.0;0.0;0.0;8.64;0.76
0.0;0.0;0.0;8.51;0.69
0.0;0.0;0.0;7.83;0.34
0.0;0.0;0.0;7.2;0.07
0.0;0.0;0.0;6.58;0.62
0.0;0.0;0.0;5.71;0.97
0.0;0.0;0.0;5.3;0.9
0.0;0.0;0.0;4.13;0.41
0.0;0.0;0.0;2.57;0.48
0.0;0.0;0.0;2.18;0.76
0.0;0.0;0.0;1.75;0.9
0.0;0.0;0.0;1.8;0.83
0.0;0.0;0.0;1.84;0.9
0.0;0.0;0.0;1.99;0.69
32.0;62.18;27.0;2.44;0.76
110.0;51.52;98.0;3.36;0.69
202.0;99.09;167.0;4.4;0.76
222.0;50.79;200.0;5.72;0.97
212.0;23.54;201.0;7.04;1.52
177.0;8.83;173.0;8.18;1.72
156.0;10.2;152.0;9.04;1.93
143.0;59.08;126.0;9.58;2.28
82.0;155.84;59.0;9.53;1.59
0.0;0.0;0.0;9.02;1.17
0.0;0.0;0.0;8.31;1.24
0.0;0.0;0.0;7.47;1.24
0.0;0.0;0.0;7.04;1.24
0.0;0.0;0.0;6.76;1.24
0.0;0.0;0.0;6.64;1.52
0.0;0.0;0.0;6.59;1.66
0.0;0.0;0.0;6.44;1.72
0.0;0.0;0.0;6.29;1.72
0.0;0.0;0.0;6.47;1.86
0.0;0.0;0.0;6.79;1.86
0.0;0.0;0.0;6.84;1.79
0.0;0.0;0.0;6.55;1.93
0.0;0.0;0.0;6.52;2.07
0.0;0.0;0.0;6.96;2.34
28.0;24.54;26.0;6.87;2.76
106.0;38.41;97.0;6.9;2.28
220.0;140.84;170.0;7.16;2.21
395.0;572.0;146.0;7.88;2.62
463.0;747.19;112.0;8.58;2.9
472.0;883.76;69.0;9.07;3.31
390.0;792.42;77.0;9.48;3.52
255.0;587.88;84.0;9.41;3.66
120.0;563.85;35.0;8.93;3.24
0.0;0.0;0.0;7.95;2.34
0.0;0.0;0.0;6.25;2.0
0.0;0.0;0.0;5.28;2.9
0.0;0.0;0.0;4.8;3.1
0.0;0.0;0.0;4.23;3.1
0.0;0.0;0.0;3.76;3.03
0.0;0.0;0.0;3.46;3.03
0.0;0.0;0.0;3.28;3.1
0.0;0.0;0.0;3.7;3.03
0.0;0.0;0.0;3.96;3.03
0.0;0.0;0.0;3.97;3.03
0.0;0.0;0.0;4.16;2.97
0.0;0.0;0.0;4.24;2.97
0.0;0.0;0.0;4.31;2.97
0.0;0.0;0.0;4.87;3.24
0.0;0.0;0.0;4.98;3.1
143.0;161.1;105.0;5.39;3.31
150.0;19.61;143.0;6.14;4.14
146.0;2.29;145.0;6.78;4.28
234.0;42.34;214.0;7.49;4.48
394.0;475.06;176.0;8.31;4.48
388.0;778.74;78.0;9.5;4.76
159.0;88.41;133.0;10.54;4.34
66.0;45.46;59.0;10.32;3.24
0.0;0.0;0.0;9.3;2.9
0.0;0.0;0.0;8.63;2.69
0.0;0.0;0.0;9.01;2.41
0.0;0.0;0.0;8.72;2.34
0.0;0.0;0.0;8.46;2.14
0.0;0.0;0.0;7.65;1.86
0.0;0.0;0.0;6.53;1.72
0.0;0.0;0.0;5.45;1.79
0.0;0.0;0.0;4.69;1.79
0.0;0.0;0.0;3.97;1.59
0.0;0.0;0.0;4.38;0.9
0.0;0.0;0.0;4.5;0.21
0.0;0.0;0.0;3.83;0.21
0.0;0.0;0.0;3.34;0.28
0.0;0.0;0.0;3.68;0.14
48.0;249.97;27.0;3.91;0.21
132.0;113.67;105.0;4.39;0.76
57.0;0.0;57.0;5.62;1.17
182.0;13.64;176.0;6.49;1.66
101.0;0.0;101.0;7.54;2.14
42.0;0.0;42.0;8.42;2.69
165.0;14.95;159.0;8.82;3.24
168.0;107.61;136.0;9.18;3.03
78.0;95.37;63.0;8.69;2.9
0.0;0.0;0.0;8.14;2.97
0.0;0.0;0.0;7.74;3.03
0.0;0.0;0.0;7.84;3.24
0.0;0.0;0.0;7.47;2.97
0.0;0.0;0.0;7.24;2.76
0.0;0.0;0.0;7.23;2.69
0.0;0.0;0.0;7.34;2.83
0.0;0.0;0.0;7.49;3.17
0.0;0.0;0.0;7.59;3.52
0.0;0.0;0.0;7.54;3.79
0.0;0.0;0.0;7.67;4.07
0.0;0.0;0.0;7.71;4.14
0.0;0.0;0.0;7.69;4.34
0.0;0.0;0.0;7.64;4.0
0.0;0.0;0.0;7.43;3.72
56.0;386.31;23.0;7.2;3.03
211.0;639.36;58.0;7.28;2.55
315.0;534.51;122.0;7.64;2.69
436.0;770.71;95.0;7.84;2.9
430.0;544.08;170.0;8.21;3.38
408.0;505.45;173.0;8.73;4.07
337.0;440.04;159.0;8.88;4.28
273.0;661.74;74.0;8.7;4.14
135.0;634.92;33.0;8.29;3.79
0.0;0.0;0.0;7.4;3.38
0.0;0.0;0.0;6.33;3.17
0.0;0.0;0.0;5.65;3.31
0.0;0.0;0.0;4.92;3.1
0.0;0.0;0.0;4.38;2.97
0.0;0.0;0.0;3.98;2.9
0.0;0.0;0.0;4.09;2.9
0.0;0.0;0.0;3.53;2.69
0.0;0.0;0.0;3.25;2.62
0.0;0.0;0.0;2.98;2.55
0.0;0.0;0.0;2.81;2.48
0.0;0.0;0.0;2.57;2.28
0.0;0.0;0.0;2.74;2.21
0.0;0.0;0.0;2.91;2.41
0.0;0.0;0.0;2.88;2.48
42.0;126.52;31.0;2.8;2.55
98.0;20.73;93.0;3.45;2.62
308.0;473.42;136.0;4.25;3.45
204.0;26.96;192.0;5.55;4.76
221.0;24.96;209.0;6.5;4.76
155.0;2.14;154.0;6.56;4.55
136.0;2.45;135.0;6.74;4.41
99.0;3.29;98.0;6.89;3.86
52.0;6.09;51.0;6.32;3.72
0.0;0.0;0.0;5.85;3.24
0.0;0.0;0.0;5.36;2.69
0.0;0.0;0.0;5.83;3.1
0.0;0.0;0.0;5.63;3.03
0.0;0.0;0.0;5.52;2.97
0.0;0.0;0.0;5.34;2.83
0.0;0.0;0.0;5.25;2.97
0.0;0.0;0.0;5.08;3.24
0.0;0.0;0.0;4.8;3.38
0.0;0.0;0.0;4.69;3.1
0.0;0.0;0.0;4.65;2.9
0.0;0.0;0.0;4.68;2.55
0.0;0.0;0.0;4.61;2.34
0.0;0.0;0.0;4.62;2.14
0.0;0.0;0.0;4.76;2.0
43.0;124.19;32.0;4.7;1.86
112.0;41.13;102.0;4.91;1.79
248.0;205.11;173.0;5.75;1.86
195.0;17.87;187.0;6.3;2.28
261.0;64.08;230.0;6.51;2.55
365.0;314.0;217.0;6.9;2.48
286.0;218.84;196.0;6.52;2.48
246.0;419.3;117.0;6.32;2.41
96.0;161.13;69.0;5.83;2.55
0.0;0.0;0.0;5.06;2.28
0.0;0.0;0.0;4.07;2.14
0.0;0.0;0.0;3.89;2.07
0.0;0.0;0.0;3.17;2.14
0.0;0.0;0.0;2.89;2.14
0.0;0.0;0.0;3.04;2.0
0.0;0.0;0.0;3.09;1.93
0.0;0.0;0.0;2.77;1.86
0.0;0.0;0.0;2.45;1.86
0.0;0.0;0.0;2.29;1.66
0.0;0.0;0.0;2.76;1.45
0.0;0.0;0.0;2.83;1.24
0.0;0.0;0.0;2.87;1.31
0.0;0.0;0.0;2.68;0.9
0.0;0.0;0.0;2.85;0.41
25.0;11.07;24.0;3.01;0.14
96.0;16.31;92.0;3.17;0.62
156.0;19.02;149.0;3.39;1.31
173.0;6.66;170.0;3.78;1.93
281.0;86.27;239.0;4.85;2.55
336.0;214.89;234.0;5.68;2.9
255.0;125.38;203.0;6.55;3.59
287.0;681.19;75.0;6.89;3.79
141.0;590.25;40.0;6.52;3.66
0.0;0.0;0.0;5.64;3.59
0.0;0.0;0.0;4.58;3.31
0.0;0.0;0.0;4.12;2.9
0.0;0.0;0.0;3.34;2.55
0.0;0.0;0.0;2.52;2.41
0.0;0.0;0.0;1.8;2.55
0.0;0.0;0.0;1.54;2.76
0.0;0.0;0.0;1.34;2.83
0.0;0.0;0.0;0.94;2.69
0.0;0.0;0.0;0.52;2.48
0.0;0.0;0.0;0.28;2.41
0.0;0.0;0.0;0.69;2.34
0.0;0.0;0.0;0.56;2.28
0.0;0.0;0.0;0.6;2.21
0.0;0.0;0.0;1.09;2.62
63.0;401.53;26.0;1.29;2.62
229.0;719.39;51.0;2.55;2.34
376.0;847.17;62.0;4.6;2.97
414.0;562.42;159.0;6.1;3.31
422.0;444.87;204.0;7.73;4.48
429.0;520.84;180.0;8.72;4.07
447.0;958.6;46.0;9.0;3.45
294.0;695.57;75.0;9.08;3.45
119.0;297.62;67.0;8.81;3.31
0.0;0.0;0.0;7.6;2.48
0.0;0.0;0.0;6.05;2.07
0.0;0.0;0.0;4.8;1.93
0.0;0.0;0.0;3.67;1.86
0.0;0.0;0.0;2.84;1.86
0.0;0.0;0.0;1.99;1.79
0.0;0.0;0.0;1.27;1.72
0.0;0.0;0.0;0.69;1.59
0.0;0.0;0.0;0.36;1.45
0.0;0.0;0.0;0.11;1.31
0.0;0.0;0.0;0.15;1.17
0.0;0.0;0.0;0.32;1.03
0.0;0.0;0.0;0.71;0.76
0.0;0.0;0.0;0.7;0.55
0.0;0.0;0.0;0.5;0.69
63.0;393.22;26.0;0.2;0.83
204.0;480.52;84.0;1.24;0.83
314.0;463.44;141.0;3.66;1.31
421.0;602.57;146.0;5.21;1.86
511.0;877.75;78.0;6.76;2.55
467.0;706.03;127.0;7.85;3.03
355.0;447.91;166.0;8.3;3.59
215.0;213.47;147.0;7.87;3.31
67.0;22.42;63.0;7.53;3.1
0.0;0.0;0.0;6.8;2.9
0.0;0.0;0.0;6.24;2.69
0.0;0.0;0.0;6.23;2.55
0.0;0.0;0.0;5.94;2.62
0.0;0.0;0.0;5.77;2.62
0.0;0.0;0.0;5.75;2.28
0.0;0.0;0.0;5.85;2.21
0.0;0.0;0.0;5.94;2.0
0.0;0.0;0.0;5.85;1.72
0.0;0.0;0.0;5.75;1.79
0.0;0.0;0.0;5.6;1.66
0.0;0.0;0.0;5.51;1.79
0.0;0.0;0.0;5.35;2.0
0.0;0.0;0.0;5.02;2.0
0.0;0.0;0.0;5.34;1.79
48.0;135.21;35.0;5.29;1.72
227.0;682.18;55.0;6.07;1.59
366.0;784.47;71.0;7.23;1.93
250.0;67.47;219.0;8.48;2.97
323.0;153.02;247.0;9.82;3.52
300.0;123.68;240.0;10.32;3.38
260.0;124.51;207.0;10.39;2.76
123.0;9.31;120.0;10.41;3.03
117.0;241.64;73.0;9.13;2.55
0.0;0.0;0.0;8.41;2.34
0.0;0.0;0.0;7.13;2.07
0.0;0.0;0.0;6.26;2.28
0.0;0.0;0.0;5.14;2.0
0.0;0.0;0.0;4.43;1.66
0.0;0.0;0.0;3.3;1.59
0.0;0.0;0.0;2.37;1.59
0.0;0.0;0.0;1.64;1.59
0.0;0.0;0.0;1.01;1.66
0.0;0.0;0.0;0.52;1.72
0.0;0.0;0.0;0.32;1.79
0.0;0.0;0.0;0.15;1.93
0.0;0.0;0.0;0.26;2.0
0.0;0.0;0.0;0.73;2.0
0.0;0.0;0.0;0.89;2.0
74.0;528.99;22.0;0.6;1.93
247.0;812.93;40.0;2.39;1.38
382.0;836.64;65.0;5.44;2.76
495.0;948.93;56.0;6.77;3.31
533.0;931.8;67.0;8.01;3.72
514.0;900.19;74.0;8.97;3.93
441.0;866.24;69.0;9.6;4.07
282.0;527.42;110.0;9.4;3.03
152.0;543.46;51.0;9.43;3.17
0.0;0.0;0.0;8.41;1.86
0.0;0.0;0.0;6.87;1.24
0.0;0.0;0.0;6.66;1.17
0.0;0.0;0.0;7.22;0.97
0.0;0.0;0.0;4.03;1.72
0.0;0.0;0.0;3.06;1.59
0.0;0.0;0.0;2.5;1.59
0.0;0.0;0.0;1.83;1.66
0.0;0.0;0.0;1.74;1.52
0.0;0.0;0.0;1.72;1.38
0.0;0.0;0.0;1.81;1.17
0.0;0.0;0.0;1.87;1.03
0.0;0.0;0.0;1.84;0.83
0.0;0.0;0.0;1.71;0.76
0.0;0.0;0.0;1.9;0.48
20.0;0.0;20.0;1.97;0.28
142.0;104.96;115.0;2.74;0.14
365.0;730.66;86.0;5.16;0.07
425.0;585.98;152.0;7.23;0.41
530.0;921.31;66.0;9.05;1.38
505.0;866.98;78.0;10.63;2.0
303.0;219.26;208.0;11.72;2.34
328.0;854.58;46.0;12.19;2.62
143.0;427.09;62.0;11.83;2.07
0.0;0.0;0.0;10.7;2.07
0.0;0.0;0.0;9.5;2.14
0.0;0.0;0.0;8.96;2.62
0.0;0.0;0.0;8.62;2.62
0.0;0.0;0.0;8.38;2.55
0.0;0.0;0.0;7.89;2.41
0.0;0.0;0.0;7.32;2.28
0.0;0.0;0.0;6.66;2.07
0.0;0.0;0.0;6.07;1.86
0.0;0.0;0.0;5.6;1.86
0.0;0.0;0.0;5.18;1.86
0.0;0.0;0.0;5.3;1.79
0.0;0.0;0.0;5.27;1.72
0.0;0.0;0.0;5.32;1.59
0.0;0.0;0.0;5.56;1.72
71.0;437.22;26.0;5.98;1.52
166.0;200.04;114.0;7.58;1.1
249.0;171.48;183.0;9.83;1.72
437.0;643.6;135.0;11.2;2.76
512.0;831.95;90.0;12.63;3.24
499.0;826.1;89.0;13.34;3.1
417.0;720.51;102.0;13.45;2.9
235.0;257.55;149.0;13.27;2.69
103.0;113.69;81.0;12.95;1.93
0.0;0.0;0.0;12.42;1.24
0.0;0.0;0.0;11.84;0.62
0.0;0.0;0.0;11.86;0.9
0.0;0.0;0.0;10.77;1.03
0.0;0.0;0.0;10.13;1.03
0.0;0.0;0.0;8.56;1.17
0.0;0.0;0.0;6.7;1.38
0.0;0.0;0.0;5.58;1.45
0.0;0.0;0.0;4.9;1.52
0.0;0.0;0.0;4.7;1.45
0.0;0.0;0.0;4.85;1.17
0.0;0.0;0.0;5.36;0.62
0.0;0.0;0.0;5.07;0.41
0.0;0.0;0.0;4.81;0.34
0.0;0.0;0.0;4.37;0.48
75.0;474.44;25.0;4.33;0.28
223.0;551.85;78.0;4.95;0.0
369.0;708.71;94.0;6.46;0.28
486.0;873.75;73.0;8.4;0.9
369.0;232.91;250.0;10.46;1.86
522.0;897.68;73.0;12.46;3.17
406.0;616.56;134.0;13.38;3.24
257.0;340.35;142.0;13.82;3.24
91.0;55.72;80.0;13.57;2.9
5.0;0.0;5.0;12.07;2.76
0.0;0.0;0.0;10.26;2.69
0.0;0.0;0.0;9.73;2.55
0.0;0.0;0.0;9.16;2.41
0.0;0.0;0.0;9.1;2.34
0.0;0.0;0.0;8.77;2.34
0.0;0.0;0.0;8.24;2.34
0.0;0.0;0.0;8.04;2.48
0.0;0.0;0.0;7.77;2.69
0.0;0.0;0.0;7.82;2.97
0.0;0.0;0.0;7.87;3.1
0.0;0.0;0.0;7.84;3.1
0.0;0.0;0.0;7.61;3.03
0.0;0.0;0.0;7.58;2.9
0.0;0.0;0.0;7.96;2.97
81.0;528.01;24.0;7.39;3.31
250.0;756.62;49.0;7.47;3.52
374.0;715.64;94.0;7.79;4.14
493.0;879.88;74.0;8.4;4.83
486.0;635.33;159.0;8.81;5.1
395.0;321.36;233.0;9.32;5.52
249.0;78.62;214.0;9.52;5.66
328.0;766.28;66.0;9.37;5.59
78.0;19.87;74.0;8.76;5.03
5.0;0.0;5.0;7.84;4.21
0.0;0.0;0.0;6.67;4.07
0.0;0.0;0.0;6.35;3.93
0.0;0.0;0.0;5.6;3.52
0.0;0.0;0.0;5.05;3.45
0.0;0.0;0.0;4.69;3.38
0.0;0.0;0.0;4.39;3.24
0.0;0.0;0.0;3.74;2.76
0.0;0.0;0.0;3.27;2.55
0.0;0.0;0.0;2.71;2.48
0.0;0.0;0.0;2.68;2.41
0.0;0.0;0.0;2.64;2.41
0.0;0.0;0.0;2.31;2.62
0.0;0.0;0.0;1.92;2.55
0.0;0.0;0.0;2.37;2.76
54.0;108.48;42.0;2.41;2.9
199.0;327.56;111.0;3.41;3.59
179.0;27.88;168.0;4.35;4.97
249.0;50.02;225.0;5.24;5.66
107.0;0.0;107.0;5.95;6.48
193.0;5.9;190.0;5.71;6.34
172.0;6.68;169.0;6.39;7.45
124.0;5.78;122.0;6.23;7.38
66.0;4.87;65.0;5.88;6.07
9.0;0.0;9.0;5.51;4.9
0.0;0.0;0.0;5.3;4.07
0.0;0.0;0.0;6.06;4.41
0.0;0.0;0.0;5.9;4.28
0.0;0.0;0.0;5.63;4.21
0.0;0.0;0.0;5.22;4.21
0.0;0.0;0.0;4.81;4.21
0.0;0.0;0.0;4.59;4.21
0.0;0.0;0.0;4.24;4.0
0.0;0.0;0.0;3.82;3.79
0.0;0.0;0.0;3.77;3.93
0.0;0.0;0.0;3.86;4.14
0.0;0.0;0.0;3.68;4.34
0.0;0.0;0.0;3.28;3.79
0.0;0.0;0.0;3.65;2.97
28.0;0.0;28.0;3.32;3.17
138.0;66.24;120.0;3.84;2.9
336.0;454.78;155.0;4.72;2.76
286.0;99.28;238.0;5.7;3.03
349.0;162.7;264.0;6.69;3.24
541.0;915.7;72.0;7.45;3.45
353.0;322.02;207.0;8.08;3.86
304.0;531.28;118.0;8.2;4.07
166.0;477.7;66.0;7.82;3.66
10.0;0.0;10.0;7.16;2.55
0.0;0.0;0.0;5.97;2.07
0.0;0.0;0.0;4.68;2.07
0.0;0.0;0.0;3.5;2.0
0.0;0.0;0.0;2.44;2.0
0.0;0.0;0.0;1.73;2.0
0.0;0.0;0.0;1.43;2.07
0.0;0.0;0.0;0.69;2.07
0.0;0.0;0.0;0.11;2.0
0.0;0.0;0.0;-0.37;2.0
0.0;0.0;0.0;-0.82;2.0
0.0;0.0;0.0;-0.82;1.86
0.0;0.0;0.0;-1.05;2.28
0.0;0.0;0.0;-0.79;2.41
0.0;0.0;0.0;-0.27;2.34
61.0;137.64;45.0;0.53;2.55
155.0;101.84;127.0;2.19;2.34
414.0;876.73;62.0;3.97;3.59
518.0;927.62;66.0;5.41;4.0
558.0;909.91;79.0;6.76;3.93
506.0;705.02;142.0;7.94;4.48
388.0;434.9;189.0;8.4;4.34
275.0;347.21;152.0;8.59;4.41
94.0;37.49;86.0;8.23;3.72
11.0;0.0;11.0;7.38;2.9
0.0;0.0;0.0;6.17;2.62
0.0;0.0;0.0;5.52;2.21
0.0;0.0;0.0;4.93;2.0
0.0;0.0;0.0;4.21;2.07
0.0;0.0;0.0;4.04;2.14
0.0;0.0;0.0;3.65;2.28
0.0;0.0;0.0;3.55;2.21
0.0;0.0;0.0;3.57;2.28
0.0;0.0;0.0;3.26;2.28
0.0;0.0;0.0;2.87;2.21
0.0;0.0;0.0;2.4;2.14
0.0;0.0;0.0;2.4;2.07
0.0;0.0;0.0;2.62;2.0
0.0;0.0;0.0;3.61;2.14
87.0;478.17;30.0;3.63;2.07
256.0;718.84;56.0;5.04;1.86
405.0;844.28;63.0;6.66;2.07
489.0;798.18;97.0;8.2;2.34
473.0;527.83;193.0;9.17;2.48
298.0;84.54;254.0;9.34;2.69
87.0;0.0;87.0;9.37;2.97
255.0;259.45;162.0;9.47;2.9
173.0;496.63;65.0;9.29;2.63
12.0;0.0;12.0;8.87;2.49
0.0;0.0;0.0;8.44;2.36
0.0;0.0;0.0;8.01;2.23
0.0;0.0;0.0;7.58;2.09
0.0;0.0;0.0;7.16;1.96
0.0;0.0;0.0;6.73;1.83
0.0;0.0;0.0;6.3;1.69
0.0;0.0;0.0;5.88;1.56
0.0;0.0;0.0;5.45;1.42
0.0;0.0;0.0;5.02;1.29
0.0;0.0;0.0;4.6;1.16
0.0;0.0;0.0;4.17;1.02
0.0;0.0;0.0;3.74;0.89
0.0;0.0;0.0;3.32;0.76
0.0;0.0;0.0;2.89;0.62
48.0;40.9;43.0;2.57;0.76
146.0;67.47;127.0;3.95;0.69
203.0;44.04;185.0;7.22;1.38
469.0;626.21;159.0;9.7;2.28
550.0;813.7;115.0;11.61;3.03
541.0;825.2;108.0;13.0;3.66
481.0;851.77;84.0;13.89;4.07
343.0;686.54;94.0;14.14;4.41
190.0;586.71;60.0;13.44;4.21
14.0;0.0;14.0;11.69;4.28
0.0;0.0;0.0;9.78;4.28
0.0;0.0;0.0;8.6;4.55
0.0;0.0;0.0;7.75;4.76
0.0;0.0;0.0;7.64;4.97
0.0;0.0;0.0;7.78;4.9
0.0;0.0;0.0;8.26;4.83
0.0;0.0;0.0;8.23;4.55
0.0;0.0;0.0;7.79;4.14
0.0;0.0;0.0;7.41;4.0
0.0;0.0;0.0;6.91;4.21
0.0;0.0;0.0;5.72;4.9
0.0;0.0;0.0;4.58;5.03
0.0;0.0;0.0;3.75;4.76
0.0;0.0;0.0;3.29;4.69
94.0;470.45;35.0;3.19;4.55
262.0;666.52;72.0;4.09;3.86
407.0;763.64;92.0;5.21;5.17
512.0;825.59;100.0;6.44;5.52
566.0;876.06;94.0;7.24;5.24
551.0;856.31;98.0;7.93;5.45
488.0;863.08;82.0;8.56;5.52
224.0;130.8;176.0;8.64;5.1
63.0;0.0;63.0;8.21;4.62
17.0;0.0;17.0;7.13;4.21
0.0;0.0;0.0;5.83;3.66
0.0;0.0;0.0;4.94;3.1
0.0;0.0;0.0;4.08;2.9
0.0;0.0;0.0;3.34;2.69
0.0;0.0;0.0;2.82;2.76
0.0;0.0;0.0;2.32;2.69
0.0;0.0;0.0;1.83;2.69
0.0;0.0;0.0;1.23;2.41
0.0;0.0;0.0;0.73;2.07
0.0;0.0;0.0;0.88;1.86
0.0;0.0;0.0;0.8;1.79
0.0;0.0;0.0;1.25;1.38
0.0;0.0;0.0;1.28;1.31
0.0;0.0;0.0;1.49;1.45
98.0;497.45;34.0;1.76;1.24
256.0;589.02;86.0;3.33;1.17
371.0;533.23;149.0;5.36;3.31
509.0;783.14;115.0;6.21;3.79
569.0;865.53;99.0;6.95;3.38
545.0;796.84;120.0;7.74;3.31
469.0;739.3;118.0;8.2;2.97
309.0;436.35;147.0;8.33;2.9
195.0;552.47;68.0;8.16;2.83
18.0;0.0;18.0;7.34;2.14
0.0;0.0;0.0;5.86;1.93
0.0;0.0;0.0;4.76;1.86
0.0;0.0;0.0;3.43;1.66
0.0;0.0;0.0;2.76;1.45
0.0;0.0;0.0;2.1;1.38
0.0;0.0;0.0;1.7;1.17
0.0;0.0;0.0;1.11;1.17
0.0;0.0;0.0;0.87;1.17
0.0;0.0;0.0;0.82;0.97
0.0;0.0;0.0;0.36;0.97
0.0;0.0;0.0;-0.02;0.97
0.0;0.0;0.0;-0.14;0.9
0.0;0.0;0.0;-0.39;0.9
0.0;0.0;0.0;-0.19;0.69
97.0;454.57;37.0;-0.22;0.62
267.0;677.5;69.0;1.81;0.41
411.0;761.47;91.0;4.96;0.34
482.0;654.52;150.0;7.25;0.21
570.0;873.35;92.0;9.28;0.14
558.0;866.58;92.0;10.64;0.28
495.0;870.25;78.0;11.85;0.55
362.0;756.13;78.0;12.44;0.69
202.0;610.94;59.0;12.57;1.03
19.0;0.0;19.0;11.46;1.72
0.0;0.0;0.0;9.47;1.93
0.0;0.0;0.0;8.14;1.72
0.0;0.0;0.0;6.83;1.45
0.0;0.0;0.0;7.03;1.1
0.0;0.0;0.0;6.76;0.83
0.0;0.0;0.0;5.81;0.48
0.0;0.0;0.0;4.99;0.41
0.0;0.0;0.0;4.06;0.62
0.0;0.0;0.0;3.36;0.76
0.0;0.0;0.0;2.77;0.9
0.0;0.0;0.0;1.94;1.03
0.0;0.0;0.0;1.67;1.03
0.0;0.0;0.0;1.48;1.03
0.0;0.0;0.0;2.24;0.9
102.0;479.99;37.0;1.93;0.97
269.0;658.84;74.0;4.17;0.48
424.0;806.17;82.0;7.52;0.28
534.0;881.82;83.0;9.85;0.76
599.0;964.34;67.0;11.52;1.31
574.0;909.29;81.0;12.88;2.21
499.0;864.33;81.0;13.35;2.48
365.0;736.93;85.0;13.36;2.76
152.0;201.45;104.0;12.97;2.69
22.0;0.0;22.0;11.71;2.21
0.0;0.0;0.0;9.66;2.28
0.0;0.0;0.0;8.38;2.41
0.0;0.0;0.0;7.0;2.48
0.0;0.0;0.0;5.95;2.55
0.0;0.0;0.0;5.45;2.97
0.0;0.0;0.0;5.56;3.45
0.0;0.0;0.0;5.17;3.59
0.0;0.0;0.0;4.71;3.59
0.0;0.0;0.0;4.51;3.66
0.0;0.0;0.0;4.24;3.59
0.0;0.0;0.0;3.89;3.72
0.0;0.0;0.0;3.71;3.79
0.0;0.0;0.0;3.5;3.79
0.0;0.0;0.0;3.65;3.45
108.0;511.03;37.0;3.92;3.59
279.0;687.18;73.0;4.68;3.38
430.0;793.86;90.0;5.65;4.41
535.0;841.56;101.0;6.95;4.97
580.0;843.39;111.0;7.75;4.97
449.0;360.37;252.0;8.5;5.03
409.0;405.67;211.0;8.99;5.17
382.0;790.96;78.0;8.75;5.72
217.0;651.53;59.0;7.99;4.9
18.0;0.0;18.0;7.15;4.62
0.0;0.0;0.0;5.99;4.34
0.0;0.0;0.0;5.65;4.21
0.0;0.0;0.0;4.87;4.0
0.0;0.0;0.0;4.27;4.07
0.0;0.0;0.0;3.85;4.14
0.0;0.0;0.0;3.3;4.0
0.0;0.0;0.0;2.74;3.66
0.0;0.0;0.0;2.16;3.1
0.0;0.0;0.0;1.5;2.55
0.0;0.0;0.0;1.35;2.07
0.0;0.0;0.0;0.77;1.86
0.0;0.0;0.0;0.54;1.72
0.0;0.0;0.0;0.21;1.79
0.0;0.0;0.0;-0.2;1.86
111.0;498.1;40.0;0.02;1.59
278.0;638.86;84.0;2.48;1.45
339.0;328.38;197.0;4.41;2.62
496.0;626.87;170.0;5.78;3.66
469.0;383.55;254.0;6.31;3.59
562.0;778.32;133.0;6.85;3.72
417.0;418.2;211.0;7.27;3.79
372.0;697.1;101.0;7.57;3.72
177.0;295.85;104.0;7.41;3.17
26.0;0.0;26.0;6.84;2.34
0.0;0.0;0.0;5.47;1.93
0.0;0.0;0.0;4.06;1.93
0.0;0.0;0.0;2.77;1.93
0.0;0.0;0.0;1.86;1.86
0.0;0.0;0.0;1.1;1.93
0.0;0.0;0.0;0.58;1.86
0.0;0.0;0.0;0.16;1.86
0.0;0.0;0.0;-0.21;1.93
0.0;0.0;0.0;-0.67;2.07
0.0;0.0;0.0;-0.83;2.07
0.0;0.0;0.0;-0.94;2.14
0.0;0.0;0.0;-0.87;2.07
0.0;0.0;0.0;-0.66;2.0
0.0;0.0;0.0;-0.2;2.07
114.0;492.37;42.0;0.1;2.14
306.0;819.17;54.0;3.1;1.72
439.0;797.02;91.0;5.86;2.83
376.0;215.47;263.0;7.4;4.48
472.0;382.26;256.0;8.16;4.48
349.0;118.76;283.0;8.61;4.48
239.0;32.19;223.0;8.95;4.48
263.0;183.12;191.0;8.82;4.62
238.0;752.95;49.0;8.18;4.34
22.0;0.0;22.0;7.14;4.14
0.0;0.0;0.0;5.63;4.14
0.0;0.0;0.0;4.59;3.79
0.0;0.0;0.0;3.46;3.24
0.0;0.0;0.0;2.57;2.9
0.0;0.0;0.0;1.82;2.55
0.0;0.0;0.0;0.97;2.21
0.0;0.0;0.0;0.46;1.93
0.0;0.0;0.0;0.39;1.79
0.0;0.0;0.0;0.04;1.86
0.0;0.0;0.0;-0.36;1.79
0.0;0.0;0.0;-0.28;1.59
0.0;0.0;0.0;-0.48;1.66
0.0;0.0;0.0;-0.43;1.66
0.0;0.0;0.0;-0.32;1.59
98.0;273.32;57.0;-0.02;1.66
159.0;60.96;140.0;2.81;1.66
320.0;244.95;212.0;4.91;2.41
445.0;402.74;232.0;6.35;4.0
410.0;214.18;288.0;7.16;3.86
543.0;662.1;172.0;8.25;3.66
497.0;737.52;127.0;8.77;3.38
413.0;890.27;59.0;9.26;3.38
223.0;599.33;70.0;9.07;2.9
29.0;0.0;29.0;8.35;2.21
0.0;0.0;0.0;6.79;1.79
0.0;0.0;0.0;4.83;1.66
0.0;0.0;0.0;4.05;1.45
0.0;0.0;0.0;3.55;1.31
0.0;0.0;0.0;3.2;1.17
0.0;0.0;0.0;2.26;1.1
0.0;0.0;0.0;1.48;1.1
0.0;0.0;0.0;0.89;1.17
0.0;0.0;0.0;0.34;1.17
0.0;0.0;0.0;-0.12;1.24
0.0;0.0;0.0;-0.61;1.38
0.0;0.0;0.0;-1.08;1.66
0.0;0.0;0.0;-1.28;1.86
0.0;0.0;0.0;-1.09;2.07
117.0;474.43;44.0;-0.17;2.14
262.0;471.83;113.0;2.94;2.28
362.0;384.07;191.0;5.52;3.31
313.0;91.87;264.0;7.32;4.21
367.0;132.35;291.0;8.55;4.76
357.0;125.67;286.0;9.19;5.31
283.0;75.06;245.0;9.33;5.72
290.0;253.67;188.0;9.03;6.34
89.0;7.71;87.0;8.59;6.9
30.0;22.62;28.0;7.55;6.28
0.0;0.0;0.0;6.71;5.66
0.0;0.0;0.0;6.87;5.72
0.0;0.0;0.0;6.14;4.69
0.0;0.0;0.0;5.82;4.28
0.0;0.0;0.0;5.09;4.14
0.0;0.0;0.0;4.11;3.38
0.0;0.0;0.0;3.22;2.9
0.0;0.0;0.0;2.05;2.83
0.0;0.0;0.0;1.87;2.83
0.0;0.0;0.0;1.12;2.83
0.0;0.0;0.0;0.7;2.83
0.0;0.0;0.0;0.36;2.76
0.0;0.0;0.0;0.15;2.83
0.0;0.0;0.0;0.07;2.55
123.0;475.26;48.0;0.43;2.62
255.0;390.65;130.0;1.81;3.03
433.0;678.32;128.0;3.16;5.17
519.0;646.91;171.0;4.13;5.72
616.0;887.94;102.0;5.25;5.93
471.0;365.15;263.0;5.9;5.52
418.0;364.09;232.0;6.37;5.31
202.0;44.27;184.0;6.61;4.97
164.0;166.75;120.0;6.46;4.34
65.0;454.25;23.0;5.93;3.38
0.0;0.0;0.0;4.56;2.9
0.0;0.0;0.0;3.54;3.03
0.0;0.0;0.0;2.6;3.03
0.0;0.0;0.0;2.04;3.03
0.0;0.0;0.0;1.48;2.97
0.0;0.0;0.0;0.9;2.9
0.0;0.0;0.0;0.34;2.69
0.0;0.0;0.0;-0.28;2.55
0.0;0.0;0.0;-0.7;2.55
0.0;0.0;0.0;-1.03;2.55
0.0;0.0;0.0;-1.2;2.55
0.0;0.0;0.0;-1.28;2.48
0.0;0.0;0.0;-1.38;2.41
0.0;0.0;0.0;-1.49;2.14
133.0;562.32;42.0;-0.93;1.79
311.0;737.09;72.0;2.26;1.86
464.0;825.81;89.0;4.15;2.69
577.0;897.62;90.0;6.3;4.14
625.0;904.81;97.0;7.56;4.07
623.0;938.49;84.0;8.5;3.72
522.0;777.89;121.0;9.14;3.66
375.0;581.41;136.0;9.1;3.59
195.0;298.32;115.0;8.79;3.45
54.0;196.84;35.0;7.97;2.55
0.0;0.0;0.0;6.53;1.93
0.0;0.0;0.0;5.32;1.86
0.0;0.0;0.0;3.93;2.0
0.0;0.0;0.0;3.18;2.0
0.0;0.0;0.0;3.14;1.86
0.0;0.0;0.0;3.21;1.79
0.0;0.0;0.0;3.04;1.79
0.0;0.0;0.0;2.54;1.79
0.0;0.0;0.0;2.47;1.72
0.0;0.0;0.0;2.26;1.66
0.0;0.0;0.0;2.62;1.52
0.0;0.0;0.0;2.96;1.45
0.0;0.0;0.0;3.2;1.45
0.0;0.0;0.0;3.62;1.31
107.0;259.15;64.0;4.12;1.17
317.0;779.11;61.0;5.27;1.1
419.0;599.62;144.0;6.85;1.38
558.0;836.99;100.0;8.63;1.66
304.0;47.6;276.0;10.62;2.07
129.0;0.0;129.0;12.36;2.97
212.0;11.54;206.0;13.15;3.38
234.0;91.44;196.0;13.37;2.97
148.0;99.09;121.0;13.24;2.34
41.0;59.65;35.0;12.47;1.86
0.0;0.0;0.0;10.6;1.59
0.0;0.0;0.0;9.48;1.52
0.0;0.0;0.0;8.2;1.45
0.0;0.0;0.0;6.71;1.45
0.0;0.0;0.0;4.97;1.52
0.0;0.0;0.0;3.84;1.38
0.0;0.0;0.0;3.23;1.24
0.0;0.0;0.0;2.92;1.1
0.0;0.0;0.0;2.31;1.03
0.0;0.0;0.0;1.5;1.1
0.0;0.0;0.0;0.77;1.24
0.0;0.0;0.0;0.24;1.24
0.0;0.0;0.0;-0.17;1.31
0.0;0.0;0.0;-0.2;1.31
139.0;558.48;44.0;0.4;1.03
317.0;741.79;70.0;3.59;0.69
473.0;844.12;82.0;6.76;0.48
584.0;904.15;85.0;9.39;0.28
635.0;924.07;87.0;11.25;0.55
623.0;919.87;86.0;12.56;0.97
553.0;901.31;80.0;13.39;1.24
414.0;780.8;86.0;13.85;1.31
254.0;697.29;61.0;13.85;1.24
70.0;372.61;31.0;13.2;1.24
0.0;0.0;0.0;11.42;1.86
0.0;0.0;0.0;9.27;1.52
0.0;0.0;0.0;9.54;0.9
0.0;0.0;0.0;8.98;0.48
0.0;0.0;0.0;7.15;0.97
0.0;0.0;0.0;4.75;1.31
0.0;0.0;0.0;2.82;1.66
0.0;0.0;0.0;2.03;1.79
0.0;0.0;0.0;1.54;1.86
0.0;0.0;0.0;1.15;1.86
0.0;0.0;0.0;0.8;1.86
0.0;0.0;0.0;0.49;1.79
0.0;0.0;0.0;0.29;1.66
0.0;0.0;0.0;-0.01;1.45
142.0;556.33;45.0;0.66;1.24
315.0;687.52;83.0;4.65;1.03
472.0;814.39;91.0;8.27;1.03
576.0;844.35;106.0;10.75;0.97
626.0;861.47;111.0;12.36;0.83
564.0;637.17;189.0;13.35;0.48
462.0;472.18;212.0;13.92;0.48
386.0;586.44;137.0;14.15;0.55
256.0;675.92;66.0;14.06;0.62
68.0;294.29;36.0;13.38;0.83
0.0;0.0;0.0;11.6;1.1
0.0;0.0;0.0;8.88;1.66
0.0;0.0;0.0;8.04;1.52
0.0;0.0;0.0;9.11;1.03
0.0;0.0;0.0;8.72;0.69
0.0;0.0;0.0;7.87;0.76
0.0;0.0;0.0;6.63;1.1
0.0;0.0;0.0;4.28;1.38
0.0;0.0;0.0;3.09;1.31
0.0;0.0;0.0;2.67;1.24
0.0;0.0;0.0;2.36;1.17
0.0;0.0;0.0;2.05;1.24
0.0;0.0;0.0;1.69;1.31
0.0;0.0;0.0;1.45;0.9
131.0;386.17;62.0;2.16;0.76
296.0;529.28;115.0;4.86;0.55
419.0;520.61;173.0;8.23;0.48
576.0;826.47;112.0;10.22;0.55
629.0;859.57;111.0;11.48;1.1
502.0;409.56;259.0;12.21;1.45
423.0;331.37;246.0;12.76;1.66
276.0;156.13;209.0;12.84;1.72
162.0;112.12;130.0;12.65;1.72
52.0;88.65;42.0;11.94;1.17
0.0;0.0;0.0;10.81;1.03
0.0;0.0;0.0;9.31;1.1
0.0;0.0;0.0;9.46;0.97
0.0;0.0;0.0;9.15;0.69
0.0;0.0;0.0;8.59;0.34
0.0;0.0;0.0;7.71;0.62
0.0;0.0;0.0;6.36;1.1
0.0;0.0;0.0;4.58;1.17
0.0;0.0;0.0;3.93;1.17
0.0;0.0;0.0;2.52;1.38
0.0;0.0;0.0;1.56;1.45
0.0;0.0;0.0;1.18;1.45
0.0;0.0;0.0;1.07;1.31
0.0;0.0;0.0;2.39;0.83
45.0;0.0;45.0;3.24;0.76
131.0;8.66;128.0;5.94;0.62
182.0;6.29;179.0;8.19;0.28
267.0;28.26;251.0;9.58;0.69
374.0;111.94;306.0;11.04;2.34
455.0;277.54;289.0;11.34;2.83
213.0;9.28;208.0;11.29;3.03
176.0;13.84;170.0;10.52;2.69
148.0;69.03;128.0;9.81;2.28
46.0;42.78;41.0;9.22;1.86
0.0;0.0;0.0;8.25;2.07
0.0;0.0;0.0;7.81;2.14
0.0;0.0;0.0;7.28;2.28
0.0;0.0;0.0;6.94;2.07
0.0;0.0;0.0;6.64;1.72
0.0;0.0;0.0;6.23;1.66
0.0;0.0;0.0;6.05;1.52
0.0;0.0;0.0;6.06;1.45
0.0;0.0;0.0;6.18;1.31
0.0;0.0;0.0;6.15;1.24
0.0;0.0;0.0;5.72;1.17
0.0;0.0;0.0;5.87;0.9
0.0;0.0;0.0;5.69;0.97
0.0;0.0;0.0;5.59;0.9
46.0;0.0;46.0;6.1;0.83
60.0;0.0;60.0;7.53;1.59
61.0;0.0;61.0;8.55;1.52
169.0;0.0;169.0;9.82;2.07
269.0;16.33;259.0;10.53;2.28
584.0;673.37;178.0;11.06;1.93
438.0;356.93;244.0;11.64;1.86
380.0;502.1;160.0;11.72;1.59
247.0;513.56;96.0;11.58;0.9
72.0;239.79;43.0;11.26;0.48
0.0;0.0;0.0;10.05;1.66
0.0;0.0;0.0;8.34;1.93
0.0;0.0;0.0;7.23;1.93
0.0;0.0;0.0;6.39;2.0
0.0;0.0;0.0;5.95;2.0
0.0;0.0;0.0;5.84;1.93
0.0;0.0;0.0;5.44;2.0
0.0;0.0;0.0;5.16;2.28
0.0;0.0;0.0;4.96;2.62
0.0;0.0;0.0;5.27;2.83
0.0;0.0;0.0;5.49;2.76
0.0;0.0;0.0;5.73;2.69
0.0;0.0;0.0;5.86;2.55
0.0;0.0;0.0;6.63;2.69
68.0;15.62;65.0;6.94;2.76
166.0;39.34;152.0;7.31;2.9
320.0;170.48;237.0;7.6;2.97
121.0;0.0;121.0;8.05;2.83
173.0;0.0;173.0;9.25;2.83
56.0;0.0;56.0;10.37;2.9
225.0;10.94;219.0;11.29;2.76
161.0;4.52;159.0;11.22;2.62
240.0;452.53;105.0;10.94;2.55
82.0;328.01;41.0;10.21;2.07
0.0;0.0;0.0;9.23;2.0
0.0;0.0;0.0;8.53;1.52
0.0;0.0;0.0;8.05;1.52
0.0;0.0;0.0;7.81;1.66
0.0;0.0;0.0;7.6;1.79
0.0;0.0;0.0;7.52;1.86
0.0;0.0;0.0;7.28;1.79
0.0;0.0;0.0;7.06;1.52
0.0;0.0;0.0;6.89;1.31
0.0;0.0;0.0;6.67;1.1
0.0;0.0;0.0;6.54;1.1
0.0;0.0;0.0;6.48;1.03
0.0;0.0;0.0;6.51;0.9
0.0;0.0;0.0;6.54;0.97
125.0;228.83;80.0;6.91;0.76
264.0;296.67;157.0;7.58;1.31
250.0;50.84;225.0;8.27;0.9
276.0;29.26;259.0;9.05;0.55
285.0;22.5;271.0;10.25;0.69
348.0;78.36;300.0;11.3;1.24
473.0;453.95;222.0;11.53;1.66
439.0;789.37;86.0;11.37;1.59
234.0;389.93;116.0;11.41;1.72
92.0;433.95;36.0;11.17;2.0
0.0;0.0;0.0;10.27;2.0
0.0;0.0;0.0;9.03;2.07
0.0;0.0;0.0;8.38;2.21
0.0;0.0;0.0;7.83;2.34
0.0;0.0;0.0;7.59;2.41
0.0;0.0;0.0;7.19;2.48
0.0;0.0;0.0;6.83;2.76
0.0;0.0;0.0;6.61;2.76
0.0;0.0;0.0;6.31;2.48
0.0;0.0;0.0;5.75;2.48
0.0;0.0;0.0;5.23;2.48
0.0;0.0;0.0;4.44;2.48
0.0;0.0;0.0;4.07;2.48
0.0;0.0;0.0;4.73;2.69
62.0;4.97;61.0;5.17;2.48
119.0;2.74;118.0;6.45;2.62
201.0;12.08;195.0;7.11;2.97
85.0;0.0;85.0;8.26;3.86
191.0;0.0;191.0;9.1;4.0
115.0;0.0;115.0;9.62;4.62
337.0;109.39;276.0;10.07;4.97
122.0;0.0;122.0;10.08;4.9
62.0;0.0;62.0;10.14;4.41
49.0;30.05;45.0;9.85;3.93
0.0;0.0;0.0;8.93;3.24
0.0;0.0;0.0;8.1;2.55
0.0;0.0;0.0;7.49;2.34
0.0;0.0;0.0;7.26;2.41
0.0;0.0;0.0;7.42;2.62
0.0;0.0;0.0;7.48;2.83
0.0;0.0;0.0;7.41;3.1
0.0;0.0;0.0;7.45;3.72
0.0;0.0;0.0;7.37;4.0
0.0;0.0;0.0;7.03;3.79
0.0;0.0;0.0;7.06;3.79
0.0;0.0;0.0;6.86;3.66
0.0;0.0;0.0;6.56;3.45
0.0;0.0;0.0;5.42;3.31
155.0;407.72;71.0;5.7;3.72
330.0;591.34;111.0;6.46;4.41
490.0;739.63;119.0;7.92;4.48
531.0;524.67;221.0;8.91;4.41
578.0;547.46;232.0;9.39;4.34
529.0;421.03;267.0;10.12;4.48
90.0;0.0;90.0;10.29;3.93
165.0;4.38;163.0;10.02;3.59
37.0;0.0;37.0;8.41;3.31
33.0;0.0;33.0;7.25;3.45
0.0;0.0;0.0;6.48;2.62
0.0;0.0;0.0;6.31;3.1
0.0;0.0;0.0;5.9;3.93
0.0;0.0;0.0;5.56;3.59
0.0;0.0;0.0;5.12;3.66
0.0;0.0;0.0;4.86;3.93
0.0;0.0;0.0;4.3;3.31
0.0;0.0;0.0;3.91;3.1
0.0;0.0;0.0;3.58;2.9
0.0;0.0;0.0;3.49;2.69
0.0;0.0;0.0;3.29;2.07
0.0;0.0;0.0;3.04;1.59
0.0;0.0;0.0;2.09;2.9
0.0;0.0;0.0;1.48;4.0
184.0;635.68;50.0;0.61;3.66
372.0;799.47;72.0;0.97;4.21
533.0;892.25;81.0;2.01;4.14
644.0;936.47;86.0;3.13;4.07
688.0;929.41;96.0;4.16;4.0
683.0;950.37;87.0;4.88;3.93
614.0;948.85;76.0;5.3;3.79
469.0;831.36;86.0;5.34;3.72
300.0;738.64;67.0;5.02;3.86
109.0;503.01;38.0;4.3;3.79
0.0;0.0;0.0;3.46;2.97
0.0;0.0;0.0;2.75;1.86
0.0;0.0;0.0;1.59;1.1
0.0;0.0;0.0;2.06;0.83
0.0;0.0;0.0;0.43;1.17
0.0;0.0;0.0;-0.66;1.38
0.0;0.0;0.0;-1.27;1.38
0.0;0.0;0.0;-1.18;1.17
0.0;0.0;0.0;-0.52;0.9
0.0;0.0;0.0;-0.58;0.9
0.0;0.0;0.0;-0.87;0.9
0.0;0.0;0.0;-0.85;0.69
0.0;0.0;0.0;-0.83;0.41
6.0;0.0;6.0;-1.97;1.1
191.0;653.91;50.0;-1.16;0.97
375.0;778.53;79.0;1.29;1.86
541.0;895.23;83.0;2.83;2.48
652.0;936.97;89.0;4.66;3.45
681.0;861.46;128.0;5.8;3.93
497.0;292.73;312.0;6.38;4.07
357.0;115.45;291.0;6.92;4.07
423.0;554.63;165.0;7.04;4.14
308.0;753.85;67.0;6.63;4.0
62.0;48.22;55.0;5.78;3.72
0.0;0.0;0.0;4.42;2.83
0.0;0.0;0.0;3.47;2.34
0.0;0.0;0.0;2.61;2.48
0.0;0.0;0.0;1.59;2.21
0.0;0.0;0.0;0.43;1.93
0.0;0.0;0.0;-0.64;1.79
0.0;0.0;0.0;-1.47;1.66
0.0;0.0;0.0;-1.99;1.66
0.0;0.0;0.0;-2.38;1.66
0.0;0.0;0.0;-2.6;1.66
0.0;0.0;0.0;-2.53;1.45
0.0;0.0;0.0;-2.41;1.38
0.0;0.0;0.0;-2.15;1.24
8.0;0.0;8.0;-1.01;1.03
200.0;689.32;48.0;-0.19;0.48
388.0;817.77;73.0;1.55;0.83
548.0;898.09;84.0;3.35;2.76
470.0;280.57;300.0;4.43;2.76
318.0;30.92;298.0;5.25;2.69
283.0;15.7;273.0;5.8;2.69
367.0;124.92;295.0;6.57;2.76
185.0;8.52;181.0;6.56;2.62
230.0;250.05;149.0;6.13;2.48
118.0;529.63;39.0;5.91;2.48
0.0;0.0;0.0;4.73;2.07
0.0;0.0;0.0;3.46;2.0
0.0;0.0;0.0;2.11;2.07
0.0;0.0;0.0;1.06;2.0
0.0;0.0;0.0;-0.08;1.93
0.0;0.0;0.0;-1.13;1.72
0.0;0.0;0.0;-1.68;1.59
0.0;0.0;0.0;-2.04;1.52
0.0;0.0;0.0;-2.46;1.59
0.0;0.0;0.0;-2.41;1.45
0.0;0.0;0.0;-1.19;1.03
0.0;0.0;0.0;-0.88;0.76
0.0;0.0;0.0;-0.97;0.76
9.0;0.0;9.0;-1.28;1.1
207.0;718.6;45.0;-0.27;0.62
337.0;497.15;143.0;2.07;0.9
283.0;63.25;250.0;3.88;1.59
606.0;705.43;175.0;5.4;1.86
508.0;283.79;323.0;6.86;2.0
76.0;0.0;76.0;7.46;1.79
243.0;10.33;237.0;7.28;1.52
285.0;107.57;234.0;7.34;1.31
157.0;42.66;143.0;7.42;1.45
68.0;58.77;59.0;7.26;1.31
0.0;0.0;0.0;6.33;1.03
0.0;0.0;0.0;4.38;1.38
0.0;0.0;0.0;3.37;1.31
0.0;0.0;0.0;3.03;1.03
0.0;0.0;0.0;3.11;0.76
0.0;0.0;0.0;2.39;0.55
0.0;0.0;0.0;1.76;0.83
0.0;0.0;0.0;-0.3;1.24
0.0;0.0;0.0;-1.03;1.45
0.0;0.0;0.0;-0.93;1.38
0.0;0.0;0.0;-0.81;1.52
0.0;0.0;0.0;-0.69;1.79
0.0;0.0;0.0;-0.66;2.07
4.0;0.0;4.0;-0.48;2.14
83.0;8.68;81.0;0.36;2.21
164.0;15.18;158.0;1.68;3.17
305.0;87.32;259.0;2.83;3.52
265.0;12.99;257.0;4.0;3.93
177.0;0.0;177.0;4.9;4.07
204.0;0.0;204.0;5.41;4.0
93.0;0.0;93.0;5.55;3.72
120.0;0.0;120.0;5.65;3.52
91.0;0.0;91.0;5.41;3.03
46.0;6.36;45.0;4.66;2.69
0.0;0.0;0.0;3.74;2.83
0.0;0.0;0.0;2.51;2.9
0.0;0.0;0.0;1.91;3.03
0.0;0.0;0.0;1.7;2.9
0.0;0.0;0.0;1.56;2.69
0.0;0.0;0.0;1.42;2.55
0.0;0.0;0.0;1.22;2.55
0.0;0.0;0.0;1.05;2.55
0.0;0.0;0.0;0.66;2.62
0.0;0.0;0.0;0.19;2.76
0.0;0.0;0.0;0.06;2.97
0.0;0.0;0.0;-0.15;3.17
0.0;0.0;0.0;-0.17;3.17
6.0;0.0;6.0;-0.01;3.72
115.0;63.71;100.0;0.83;3.93
286.0;247.25;187.0;2.4;4.28
144.0;0.0;144.0;3.47;4.83
145.0;0.0;145.0;4.33;5.1
436.0;143.54;341.0;4.78;5.03
179.0;0.0;179.0;5.76;5.93
120.0;0.0;120.0;5.84;6.07
87.0;0.0;87.0;5.56;6.0
62.0;0.0;62.0;3.0;5.76
27.0;0.0;27.0;3.17;5.45
0.0;0.0;0.0;3.34;5.14
0.0;0.0;0.0;3.52;4.83
0.0;0.0;0.0;3.69;4.52
0.0;0.0;0.0;3.87;4.21
0.0;0.0;0.0;4.04;3.9
0.0;0.0;0.0;4.21;3.59
0.0;0.0;0.0;4.39;3.28
0.0;0.0;0.0;4.56;2.97
0.0;0.0;0.0;4.74;2.65
0.0;0.0;0.0;4.91;2.34
0.0;0.0;0.0;5.08;2.03
0.0;0.0;0.0;5.26;1.72
0.0;0.0;0.0;5.43;1.41
16.0;37.55;14.0;5.61;1.1
87.0;12.47;84.0;6.61;2.14
84.0;0.0;84.0;7.49;2.48
221.0;13.03;214.0;8.41;2.9
344.0;65.47;303.0;9.76;2.76
452.0;169.46;339.0;10.82;3.1
100.0;0.0;100.0;11.33;3.45
353.0;99.17;294.0;11.85;3.86
161.0;2.05;160.0;11.75;4.14
211.0;158.49;157.0;11.56;4.69
106.0;260.58;63.0;10.87;4.21
0.0;0.0;0.0;9.66;3.31
0.0;0.0;0.0;8.32;2.83
0.0;0.0;0.0;7.27;2.41
0.0;0.0;0.0;6.28;2.34
0.0;0.0;0.0;5.43;2.14
0.0;0.0;0.0;4.69;1.86
0.0;0.0;0.0;3.86;1.66
0.0;0.0;0.0;3.41;1.38
0.0;0.0;0.0;3.5;1.03
0.0;0.0;0.0;3.92;0.62
0.0;0.0;0.0;3.66;0.07
0.0;0.0;0.0;3.23;0.48
0.0;0.0;0.0;2.38;0.9
26.0;154.48;17.0;2.84;0.9
158.0;211.71;106.0;3.53;0.9
257.0;146.09;197.0;6.12;1.45
213.0;9.22;208.0;7.98;1.52
448.0;204.34;319.0;9.07;1.1
387.0;78.89;334.0;9.93;0.97
506.0;273.84;325.0;10.54;0.83
338.0;76.72;292.0;11.04;0.83
390.0;349.79;218.0;11.13;0.83
228.0;200.09;159.0;11.26;0.9
76.0;59.19;66.0;10.95;1.03
0.0;0.0;0.0;10.35;0.83
0.0;0.0;0.0;9.11;1.31
0.0;0.0;0.0;8.17;1.72
0.0;0.0;0.0;7.13;1.93
0.0;0.0;0.0;6.46;2.28
0.0;0.0;0.0;5.74;2.76
0.0;0.0;0.0;5.38;3.24
0.0;0.0;0.0;5.02;3.31
0.0;0.0;0.0;4.91;3.38
0.0;0.0;0.0;4.89;3.45
0.0;0.0;0.0;4.76;3.38
0.0;0.0;0.0;4.5;3.1
0.0;0.0;0.0;4.3;2.83
17.0;15.8;16.0;4.52;3.03
63.0;0.0;63.0;4.6;2.9
172.0;19.24;164.0;4.99;2.62
0.0;0.0;0.0;6.2;2.76
141.0;0.0;141.0;7.29;2.34
117.0;0.0;117.0;8.16;1.86
281.0;12.02;273.0;8.52;1.38
452.0;263.19;293.0;8.94;0.97
185.0;6.05;182.0;9.93;0.55
131.0;11.46;127.0;10.46;0.07
60.0;17.36;57.0;10.38;0.41
0.0;0.0;0.0;9.85;1.24
0.0;0.0;0.0;8.38;1.31
0.0;0.0;0.0;7.22;1.59
0.0;0.0;0.0;6.17;1.72
0.0;0.0;0.0;5.41;1.86
0.0;0.0;0.0;5.39;2.0
0.0;0.0;0.0;5.28;2.21
0.0;0.0;0.0;5.02;2.34
0.0;0.0;0.0;4.97;2.34
0.0;0.0;0.0;4.86;2.34
0.0;0.0;0.0;4.79;2.41
0.0;0.0;0.0;4.99;2.41
0.0;0.0;0.0;5.04;2.69
25.0;58.48;21.0;5.06;3.45
124.0;62.51;108.0;5.27;3.93
267.0;154.35;202.0;5.43;4.97
119.0;0.0;119.0;6.2;7.1
285.0;18.71;273.0;6.19;6.55
287.0;11.73;279.0;6.55;6.41
522.0;292.3;326.0;7.34;4.83
301.0;37.79;278.0;8.85;4.83
103.0;0.0;103.0;9.26;5.52
291.0;450.32;132.0;8.86;6.07
133.0;435.7;56.0;7.6;5.45
0.0;0.0;0.0;6.34;5.38
0.0;0.0;0.0;5.68;4.69
0.0;0.0;0.0;4.79;4.48
0.0;0.0;0.0;4.09;4.28
0.0;0.0;0.0;3.45;4.0
0.0;0.0;0.0;2.9;3.79
0.0;0.0;0.0;2.6;3.45
0.0;0.0;0.0;2.04;2.9
0.0;0.0;0.0;2.04;3.24
0.0;0.0;0.0;1.75;3.59
0.0;0.0;0.0;1.57;3.72
0.0;0.0;0.0;1.25;3.59
0.0;0.0;0.0;2.15;3.66
43.0;299.17;21.0;3.05;3.1
230.0;604.96;72.0;4.32;3.93
397.0;628.59;129.0;5.99;5.31
557.0;736.8;146.0;6.7;7.38
400.0;108.26;330.0;7.32;7.79
192.0;0.0;192.0;8.04;8.48
401.0;88.85;341.0;8.11;8.41
483.0;304.94;296.0;8.05;7.86
198.0;7.93;194.0;7.99;7.59
214.0;128.79;168.0;7.74;6.69
149.0;548.19;50.0;7.36;6.0
0.0;0.0;0.0;6.54;5.17
0.0;0.0;0.0;6.11;4.69
0.0;0.0;0.0;5.27;4.48
0.0;0.0;0.0;4.73;4.28
0.0;0.0;0.0;4.26;4.28
0.0;0.0;0.0;4.2;4.28
0.0;0.0;0.0;4.09;4.07
0.0;0.0;0.0;3.9;3.66
0.0;0.0;0.0;3.59;3.31
0.0;0.0;0.0;3.36;3.17
0.0;0.0;0.0;3.46;3.24
0.0;0.0;0.0;3.51;3.17
0.0;0.0;0.0;3.57;2.97
47.0;304.9;23.0;3.53;2.83
227.0;559.26;78.0;4.35;2.07
408.0;688.12;111.0;6.22;2.62
552.0;719.32;147.0;8.01;4.28
664.0;788.69;150.0;9.82;5.03
626.0;511.84;272.0;10.32;4.76
687.0;754.36;174.0;11.44;5.86
596.0;663.69;186.0;11.83;5.59
427.0;428.28;209.0;11.99;5.24
293.0;423.57;140.0;11.51;4.9
68.0;21.69;64.0;10.84;3.72
0.0;0.0;0.0;9.87;2.83
0.0;0.0;0.0;10.53;2.55
0.0;0.0;0.0;10.4;2.41
0.0;0.0;0.0;10.04;2.34
0.0;0.0;0.0;9.82;2.34
0.0;0.0;0.0;9.57;2.28
0.0;0.0;0.0;9.12;2.14
0.0;0.0;0.0;9.05;1.93
0.0;0.0;0.0;8.83;1.79
0.0;0.0;0.0;8.45;1.59
0.0;0.0;0.0;8.08;1.45
0.0;0.0;0.0;7.62;1.59
0.0;0.0;0.0;7.19;1.72
46.0;226.38;27.0;6.74;2.0
234.0;581.53;76.0;7.68;1.79
416.0;702.7;109.0;9.92;2.76
573.0;791.92;123.0;11.05;2.9
669.0;788.66;151.0;12.56;2.97
666.0;623.07;232.0;13.91;2.9
703.0;800.28;155.0;15.03;2.9
628.0;774.61;146.0;15.63;2.97
505.0;748.15;121.0;15.79;2.9
333.0;637.93;100.0;15.57;2.76
144.0;446.18;60.0;14.88;2.55
0.0;0.0;0.0;13.4;2.0
0.0;0.0;0.0;12.05;2.28
0.0;0.0;0.0;10.21;2.28
0.0;0.0;0.0;8.59;2.14
0.0;0.0;0.0;7.23;2.0
0.0;0.0;0.0;6.07;1.72
0.0;0.0;0.0;5.33;1.59
0.0;0.0;0.0;4.82;1.52
0.0;0.0;0.0;4.48;1.24
0.0;0.0;0.0;4.31;1.03
0.0;0.0;0.0;3.55;1.1
0.0;0.0;0.0;3.02;1.1
0.0;0.0;0.0;2.52;1.17
53.0;280.32;28.0;2.87;0.97
242.0;588.45;79.0;4.77;0.55
428.0;721.43;109.0;8.4;0.62
584.0;796.92;127.0;11.24;0.48
684.0;805.27;151.0;13.37;0.21
688.0;661.48;224.0;15.16;0.28
718.0;816.58;155.0;16.67;0.76
638.0;775.47;152.0;17.73;1.03
514.0;753.63;124.0;18.42;1.24
342.0;658.1;99.0;18.59;1.38
150.0;468.58;60.0;18.12;1.59
0.0;0.0;0.0;16.18;1.93
0.0;0.0;0.0;13.75;1.59
0.0;0.0;0.0;13.78;0.83
0.0;0.0;0.0;11.71;0.9
0.0;0.0;0.0;8.07;1.86
0.0;0.0;0.0;7.02;2.28
0.0;0.0;0.0;6.39;2.48
0.0;0.0;0.0;5.82;2.55
0.0;0.0;0.0;5.35;2.62
0.0;0.0;0.0;4.82;2.48
0.0;0.0;0.0;4.17;2.34
0.0;0.0;0.0;3.67;2.41
0.0;0.0;0.0;3.29;2.48
62.0;359.91;28.0;3.1;2.41
252.0;612.77;79.0;5.14;2.07
442.0;744.18;109.0;8.31;2.69
597.0;801.84;133.0;10.38;2.55
697.0;809.63;157.0;12.45;2.41
704.0;678.13;225.0;14.24;2.21
730.0;819.73;161.0;15.59;1.72
654.0;795.37;152.0;16.45;1.17
531.0;787.82;120.0;16.94;0.83
353.0;680.56;99.0;17.02;0.76
159.0;505.48;60.0;16.68;0.83
0.0;0.0;0.0;15.26;0.62
0.0;0.0;0.0;14.99;0.69
0.0;0.0;0.0;12.43;1.38
0.0;0.0;0.0;9.39;1.86
0.0;0.0;0.0;7.48;1.59
0.0;0.0;0.0;6.3;1.31
0.0;0.0;0.0;4.83;1.38
0.0;0.0;0.0;3.74;1.59
0.0;0.0;0.0;3.35;1.59
0.0;0.0;0.0;3.09;1.52
0.0;0.0;0.0;2.82;1.38
0.0;0.0;0.0;2.35;1.38
0.0;0.0;0.0;2.06;1.31
63.0;310.67;32.0;1.96;1.24
255.0;597.92;83.0;4.63;0.83
445.0;739.87;110.0;8.59;0.76
606.0;825.51;124.0;11.33;0.83
715.0;866.03;133.0;13.42;0.76
734.0;771.91;185.0;15.17;0.83
731.0;814.28;162.0;16.48;0.97
658.0;805.59;146.0;17.34;1.17
523.0;739.73;134.0;17.84;1.17
357.0;689.34;97.0;17.94;1.1
162.0;510.98;60.0;17.55;1.1
0.0;0.0;0.0;15.8;1.86
0.0;0.0;0.0;13.1;1.79
0.0;0.0;0.0;11.83;1.52
0.0;0.0;0.0;12.69;1.1
0.0;0.0;0.0;11.49;0.83
0.0;0.0;0.0;9.84;0.83
0.0;0.0;0.0;7.7;1.1
0.0;0.0;0.0;5.05;1.45
0.0;0.0;0.0;3.75;1.66
0.0;0.0;0.0;3.05;1.72
0.0;0.0;0.0;2.57;1.72
0.0;0.0;0.0;2.16;1.72
0.0;0.0;0.0;1.8;1.72
68.0;332.92;33.0;1.91;1.52
256.0;576.74;87.0;4.83;1.1
439.0;683.26;126.0;9.98;1.03
586.0;721.45;161.0;13.36;0.83
710.0;834.47;145.0;15.79;0.48
746.0;801.6;172.0;17.48;0.21
755.0;887.12;131.0;18.65;0.28
606.0;595.37;225.0;19.43;0.48
482.0;545.28;193.0;19.88;0.62
364.0;708.48;94.0;19.98;0.76
157.0;432.74;69.0;19.64;0.69
0.0;0.0;0.0;18.63;0.48
0.0;0.0;0.0;17.05;0.9
0.0;0.0;0.0;12.67;1.72
0.0;0.0;0.0;10.01;2.21
0.0;0.0;0.0;8.36;2.21
0.0;0.0;0.0;7.39;2.28
0.0;0.0;0.0;6.6;2.28
0.0;0.0;0.0;5.89;2.21
0.0;0.0;0.0;5.2;2.14
0.0;0.0;0.0;4.53;2.07
0.0;0.0;0.0;3.96;1.93
0.0;0.0;0.0;3.51;1.86
0.0;0.0;0.0;3.14;1.86
73.0;352.95;34.0;3.06;1.72
268.0;626.67;81.0;5.68;1.52
460.0;763.89;106.0;10.65;1.59
616.0;826.19;125.0;13.5;1.52
716.0;835.64;146.0;15.47;1.38
746.0;786.53;179.0;16.98;1.1
752.0;861.6;142.0;18.15;0.97
674.0;835.04;136.0;18.93;0.76
543.0;795.71;118.0;19.34;0.76
362.0;675.34;102.0;19.36;0.76
167.0;497.41;64.0;18.98;0.83
0.0;0.0;0.0;17.77;0.55
0.0;0.0;0.0;17.31;0.83
0.0;0.0;0.0;14.18;1.45
0.0;0.0;0.0;12.68;1.45
0.0;0.0;0.0;11.83;1.31
0.0;0.0;0.0;10.47;1.66
0.0;0.0;0.0;9.43;1.59
0.0;0.0;0.0;9.36;1.38
0.0;0.0;0.0;8.22;1.45
0.0;0.0;0.0;6.54;1.79
0.0;0.0;0.0;5.68;1.93
0.0;0.0;0.0;5.19;1.86
0.0;0.0;0.0;4.87;1.66
77.0;353.78;36.0;5.49;1.38
271.0;618.85;83.0;8.22;0.76
460.0;746.69;110.0;11.56;0.83
620.0;830.72;122.0;13.88;0.9
716.0;828.09;147.0;15.86;0.76
750.0;795.11;173.0;17.58;0.62
756.0;868.71;137.0;18.93;0.62
677.0;841.82;131.0;19.81;0.62
546.0;798.98;116.0;20.28;0.62
367.0;691.78;98.0;20.32;0.62
171.0;517.16;62.0;19.89;0.83
0.0;0.0;0.0;18.33;1.59
0.0;0.0;0.0;15.51;1.93
0.0;0.0;0.0;13.15;1.93
0.0;0.0;0.0;12.41;1.72
0.0;0.0;0.0;12.25;1.52
0.0;0.0;0.0;11.82;1.38
0.0;0.0;0.0;9.96;1.38
0.0;0.0;0.0;8.01;1.31
0.0;0.0;0.0;6.81;1.17
0.0;0.0;0.0;6.09;1.1
0.0;0.0;0.0;5.57;1.17
0.0;0.0;0.0;4.96;1.31
0.0;0.0;0.0;4.36;1.38
80.0;329.75;40.0;4.51;1.17
241.0;391.35;120.0;7.65;0.69
469.0;767.85;105.0;12.44;0.62
624.0;828.56;123.0;15.74;0.48
728.0;856.79;135.0;18.16;0.41
767.0;840.57;153.0;19.88;0.34
0.0;0.0;0.0;20.89;0.21
642.0;693.86;189.0;21.39;0.07
430.0;337.49;247.0;21.61;0.34
346.0;550.05;130.0;21.49;0.48
142.0;251.82;88.0;21.02;0.48
0.0;0.0;0.0;19.52;0.83
0.0;0.0;0.0;17.94;0.97
0.0;0.0;0.0;15.58;1.52
0.0;0.0;0.0;13.6;1.79
0.0;0.0;0.0;11.97;1.66
0.0;0.0;0.0;10.98;2.0
0.0;0.0;0.0;11.32;2.83
0.0;0.0;0.0;11.28;3.1
0.0;0.0;0.0;10.93;3.1
0.0;0.0;0.0;10.41;3.03
0.0;0.0;0.0;10.02;2.9
0.0;0.0;0.0;9.43;2.69
0.0;0.0;0.0;9.02;2.62
73.0;213.05;46.0;8.76;2.55
282.0;629.39;84.0;10.6;2.41
466.0;732.22;115.0;13.68;2.69
627.0;826.47;123.0;15.96;2.41
727.0;839.21;142.0;17.8;2.07
769.0;837.87;153.0;19.3;1.79
735.0;770.55;179.0;20.42;1.66
633.0;651.33;205.0;21.13;1.52
536.0;726.79;139.0;21.48;1.45
368.0;665.83;104.0;21.4;1.38
172.0;472.29;69.0;20.94;1.31
0.0;0.0;0.0;19.58;0.97
0.0;0.0;0.0;19.12;0.9
0.0;0.0;0.0;16.95;1.24
0.0;0.0;0.0;15.66;1.17
0.0;0.0;0.0;14.1;1.31
0.0;0.0;0.0;12.55;1.52
0.0;0.0;0.0;9.84;2.0
0.0;0.0;0.0;8.29;2.07
0.0;0.0;0.0;7.47;2.14
0.0;0.0;0.0;6.83;2.0
0.0;0.0;0.0;6.37;1.86
0.0;0.0;0.0;5.96;1.79
0.0;0.0;0.0;5.77;1.59
92.0;385.85;41.0;6.35;1.17
288.0;634.39;85.0;8.79;0.83
480.0;765.47;109.0;12.99;1.03
641.0;847.19;120.0;15.96;1.17
745.0;874.61;131.0;18.17;1.24
788.0;877.14;139.0;19.82;1.1
779.0;895.29;129.0;20.96;1.03
687.0;831.67;137.0;21.68;0.9
559.0;803.33;117.0;22.02;1.03
377.0;687.04;102.0;22.02;1.24
182.0;532.22;64.0;21.58;1.24
0.0;0.0;0.0;20.53;0.48
0.0;0.0;0.0;19.9;0.41
0.0;0.0;0.0;17.6;1.17
0.0;0.0;0.0;14.58;3.93
0.0;0.0;0.0;12.22;4.28
0.0;0.0;0.0;10.85;3.03
0.0;0.0;0.0;9.51;1.93
0.0;0.0;0.0;8.46;1.66
0.0;0.0;0.0;7.81;1.59
0.0;0.0;0.0;7.15;1.59
0.0;0.0;0.0;6.53;1.59
0.0;0.0;0.0;5.94;1.52
0.0;0.0;0.0;5.36;1.45
98.0;406.89;42.0;5.51;1.24
298.0;648.43;87.0;7.79;0.9
491.0;779.65;109.0;10.57;1.38
649.0;848.25;123.0;12.41;1.59
753.0;874.18;135.0;14.16;1.72
796.0;874.31;145.0;15.74;1.72
787.0;895.35;133.0;17.03;1.79
698.0;842.99;137.0;17.91;1.93
566.0;804.83;120.0;18.4;2.07
383.0;688.09;105.0;18.41;2.07
186.0;528.15;67.0;18.0;1.93
6.0;0.0;6.0;16.99;1.1
0.0;0.0;0.0;15.54;0.62
0.0;0.0;0.0;14.47;0.9
0.0;0.0;0.0;12.03;1.31
0.0;0.0;0.0;9.78;1.79
0.0;0.0;0.0;8.16;2.07
0.0;0.0;0.0;7.51;1.79
0.0;0.0;0.0;7.79;1.38
0.0;0.0;0.0;7.42;1.24
0.0;0.0;0.0;6.79;1.24
0.0;0.0;0.0;6.16;1.31
0.0;0.0;0.0;5.45;1.31
0.0;0.0;0.0;4.67;1.38
106.0;440.27;43.0;3.6;1.59
307.0;665.04;87.0;6.43;1.17
502.0;793.54;109.0;10.3;1.72
0.0;0.0;0.0;12.32;1.72
765.0;885.03;135.0;14.31;1.72
803.0;868.9;152.0;16.12;1.79
799.0;906.34;133.0;17.6;1.86
713.0;869.15;131.0;18.66;1.86
578.0;827.88;116.0;19.28;1.79
394.0;713.71;103.0;19.42;1.72
195.0;563.59;66.0;19.03;1.52
8.0;0.0;8.0;17.98;0.69
0.0;0.0;0.0;16.72;0.76
0.0;0.0;0.0;15.35;0.83
0.0;0.0;0.0;14.24;0.97
0.0;0.0;0.0;11.57;1.38
0.0;0.0;0.0;9.82;1.72
0.0;0.0;0.0;9.67;1.45
0.0;0.0;0.0;8.79;1.45
0.0;0.0;0.0;7.02;1.59
0.0;0.0;0.0;6.02;1.72
0.0;0.0;0.0;5.5;1.66
0.0;0.0;0.0;5.26;1.52
0.0;0.0;0.0;5.5;1.31
108.0;403.87;48.0;5.63;1.03
305.0;618.66;97.0;7.79;0.41
490.0;711.26;134.0;11.52;0.48
636.0;742.51;168.0;13.86;0.55
744.0;789.74;178.0;15.86;0.69
812.0;884.82;145.0;17.63;0.69
798.0;894.25;137.0;19.06;0.55
712.0;853.48;137.0;20.04;0.48
582.0;827.52;117.0;20.6;0.55
397.0;714.61;103.0;20.71;0.62
199.0;572.18;66.0;20.33;0.97
9.0;0.0;9.0;18.89;1.59
0.0;0.0;0.0;16.22;2.21
0.0;0.0;0.0;13.9;2.34
0.0;0.0;0.0;11.88;2.14
0.0;0.0;0.0;10.65;1.79
0.0;0.0;0.0;10.48;1.31
0.0;0.0;0.0;10.68;0.48
0.0;0.0;0.0;9.64;0.41
0.0;0.0;0.0;7.37;1.24
0.0;0.0;0.0;6.07;1.52
0.0;0.0;0.0;5.43;1.66
0.0;0.0;0.0;4.79;1.66
0.0;0.0;0.0;4.26;1.52
116.0;447.94;47.0;4.62;1.17
315.0;661.59;89.0;8.04;0.83
509.0;786.92;111.0;13.1;0.69
667.0;853.07;125.0;16.39;0.69
770.0;877.32;137.0;18.59;0.69
816.0;892.67;139.0;20.06;0.69
806.0;910.59;129.0;21.18;0.9
716.0;860.18;133.0;21.95;1.1
582.0;820.15;118.0;22.36;1.24
398.0;708.32;104.0;22.37;1.31
199.0;559.39;67.0;21.97;1.31
10.0;0.0;10.0;20.61;1.1
0.0;0.0;0.0;17.63;1.86
0.0;0.0;0.0;14.85;2.14
0.0;0.0;0.0;12.43;1.86
0.0;0.0;0.0;11.13;1.66
0.0;0.0;0.0;9.67;2.21
0.0;0.0;0.0;9.08;2.55
0.0;0.0;0.0;8.2;2.48
0.0;0.0;0.0;7.3;2.48
0.0;0.0;0.0;6.56;2.48
0.0;0.0;0.0;6.0;2.55
0.0;0.0;0.0;5.39;2.48
0.0;0.0;0.0;4.69;2.34
124.0;482.73;47.0;4.51;2.07
327.0;685.91;89.0;8.15;1.79
523.0;808.21;110.0;11.49;2.14
683.0;872.92;124.0;13.33;2.07
787.0;896.31;136.0;15.18;1.86
829.0;895.24;146.0;16.88;1.72
818.0;917.44;132.0;18.25;1.59
727.0;865.38;137.0;19.19;1.31
595.0;839.27;117.0;19.69;1.1
411.0;740.41;101.0;19.76;0.97
208.0;592.95;66.0;19.46;0.76
12.0;0.0;12.0;18.58;0.62
0.0;0.0;0.0;16.24;1.38
0.0;0.0;0.0;14.11;1.38
0.0;0.0;0.0;12.12;1.52
0.0;0.0;0.0;10.29;2.62
0.0;0.0;0.0;10.19;3.66
0.0;0.0;0.0;9.7;4.0
0.0;0.0;0.0;8.98;3.72
0.0;0.0;0.0;8.19;3.45
0.0;0.0;0.0;7.36;3.1
0.0;0.0;0.0;6.59;2.97
0.0;0.0;0.0;5.92;2.83
0.0;0.0;0.0;5.3;2.69
125.0;448.54;51.0;5.24;2.48
326.0;664.1;92.0;7.68;2.9
520.0;784.56;115.0;10.08;2.97
680.0;859.95;125.0;12.12;2.62
787.0;895.96;132.0;14.02;2.34
837.0;922.58;129.0;15.57;2.07
818.0;916.28;129.0;16.74;1.79
727.0;866.21;133.0;17.59;1.66
595.0;837.26;115.0;18.04;1.45
409.0;727.02;102.0;18.13;1.38
207.0;572.11;68.0;17.78;1.17
13.0;0.0;13.0;17.07;0.62
0.0;0.0;0.0;15.69;0.69
0.0;0.0;0.0;13.53;1.24
0.0;0.0;0.0;11.96;1.52
0.0;0.0;0.0;11.02;1.52
0.0;0.0;0.0;8.56;2.07
0.0;0.0;0.0;7.94;2.55
0.0;0.0;0.0;7.43;2.83
0.0;0.0;0.0;6.71;2.69
0.0;0.0;0.0;5.96;2.55
0.0;0.0;0.0;5.23;2.41
0.0;0.0;0.0;4.54;2.28
0.0;0.0;0.0;3.88;2.14
134.0;492.82;50.0;4.05;1.66
336.0;684.9;91.0;7.77;1.66
534.0;815.11;109.0;11.07;1.72
697.0;891.83;117.0;13.59;1.66
805.0;928.27;122.0;15.68;1.45
851.0;941.88;124.0;17.3;1.24
831.0;936.34;123.0;18.38;1.03
735.0;872.87;133.0;19.04;0.9
596.0;823.2;121.0;19.37;0.9
381.0;549.51;147.0;19.3;0.83
194.0;426.1;89.0;18.82;0.62
14.0;0.0;14.0;18.19;0.21
0.0;0.0;0.0;16.99;0.76
0.0;0.0;0.0;14.38;1.59
0.0;0.0;0.0;12.62;1.79
0.0;0.0;0.0;11.29;1.86
0.0;0.0;0.0;10.32;1.66
0.0;0.0;0.0;9.72;1.24
0.0;0.0;0.0;8.11;1.17
0.0;0.0;0.0;6.77;1.45
0.0;0.0;0.0;5.94;1.66
0.0;0.0;0.0;5.32;1.79
0.0;0.0;0.0;4.66;1.93
0.0;0.0;0.0;4.18;2.0
138.0;488.9;52.0;4.78;1.45
339.0;674.83;94.0;8.79;1.38
536.0;803.32;113.0;12.75;1.86
693.0;866.8;125.0;15.37;2.14
804.0;914.3;127.0;17.32;1.86
854.0;940.41;124.0;18.67;1.66
793.0;799.72;185.0;19.64;1.59
697.0;720.91;197.0;20.26;1.45
575.0;718.1;158.0;20.51;1.31
328.0;314.42;193.0;20.5;1.45
203.0;480.28;83.0;20.0;1.79
15.0;0.0;15.0;18.78;2.14
0.0;0.0;0.0;16.49;2.9
0.0;0.0;0.0;14.18;3.66
0.0;0.0;0.0;12.33;3.52
0.0;0.0;0.0;10.99;3.1
0.0;0.0;0.0;9.82;2.97
0.0;0.0;0.0;8.74;2.9
0.0;0.0;0.0;7.97;2.76
0.0;0.0;0.0;7.03;2.48
0.0;0.0;0.0;6.03;2.21
0.0;0.0;0.0;5.1;2.21
0.0;0.0;0.0;4.28;2.21
0.0;0.0;0.0;3.42;2.07
149.0;551.41;49.0;3.24;1.66
354.0;724.81;87.0;6.47;1.86
547.0;821.9;110.0;9.2;1.86
706.0;886.12;121.0;11.71;1.59
813.0;920.7;127.0;13.88;1.03
863.0;946.68;124.0;15.83;0.48
851.0;966.83;112.0;17.46;0.07
753.0;901.91;124.0;18.74;0.28
619.0;874.49;108.0;19.58;0.34
431.0;773.94;96.0;19.91;0.28
224.0;615.95;68.0;19.72;0.14
17.0;0.0;17.0;19.08;0.62
0.0;0.0;0.0;17.79;0.41
0.0;0.0;0.0;16.35;0.28
0.0;0.0;0.0;14.62;0.55
0.0;0.0;0.0;11.89;1.17
0.0;0.0;0.0;8.44;1.72
0.0;0.0;0.0;7.09;1.86
0.0;0.0;0.0;6.1;1.93
0.0;0.0;0.0;5.31;1.93
0.0;0.0;0.0;4.61;1.86
0.0;0.0;0.0;4.02;1.86
0.0;0.0;0.0;3.6;1.86
0.0;0.0;0.0;3.36;1.79
154.0;546.08;52.0;3.72;1.52
358.0;717.21;90.0;8.32;1.38
556.0;834.59;108.0;12.29;1.45
719.0;911.22;113.0;15.13;1.17
823.0;933.73;123.0;17.28;0.62
877.0;973.33;113.0;18.94;0.48
851.0;953.93;118.0;20.28;0.83
757.0;902.73;124.0;21.17;1.1
619.0;862.33;112.0;21.65;1.38
430.0;754.05;101.0;21.69;1.72
225.0;600.03;71.0;21.23;2.0
18.0;0.0;18.0;19.99;1.66
0.0;0.0;0.0;17.97;1.86
0.0;0.0;0.0;15.82;1.79
0.0;0.0;0.0;14.07;1.66
0.0;0.0;0.0;15.1;1.1
0.0;0.0;0.0;14.53;0.69
0.0;0.0;0.0;13.38;0.48
0.0;0.0;0.0;11.98;0.28
0.0;0.0;0.0;10.7;0.21
0.0;0.0;0.0;9.55;0.48
0.0;0.0;0.0;8.46;0.76
0.0;0.0;0.0;7.67;0.9
0.0;0.0;0.0;6.79;0.97
153.0;504.67;56.0;5.34;0.83
356.0;691.4;94.0;9.64;0.48
532.0;730.82;136.0;14.15;0.28
714.0;894.21;115.0;16.87;0.69
825.0;942.69;114.0;19.1;1.31
886.0;1003.55;94.0;20.78;1.79
848.0;950.29;114.0;22.03;2.41
777.0;968.84;94.0;22.86;2.97
381.0;142.01;297.0;23.23;3.59
345.0;352.48;190.0;23.03;3.79
223.0;576.88;73.0;22.34;3.86
13.0;0.0;13.0;20.89;3.24
0.0;0.0;0.0;18.87;3.45
0.0;0.0;0.0;17.5;3.45
0.0;0.0;0.0;16.25;3.17
0.0;0.0;0.0;15.24;2.69
0.0;0.0;0.0;14.21;2.28
0.0;0.0;0.0;12.91;2.0
0.0;0.0;0.0;11.61;1.79
0.0;0.0;0.0;10.43;1.66
0.0;0.0;0.0;9.59;1.45
0.0;0.0;0.0;8.88;1.31
0.0;0.0;0.0;8.12;1.31
0.0;0.0;0.0;7.73;1.24
157.0;506.06;57.0;8.94;0.69
350.0;653.33;99.0;11.47;1.03
548.0;799.06;111.0;14.04;2.28
692.0;828.59;133.0;15.75;2.28
596.0;305.78;364.0;16.85;1.86
597.0;253.34;396.0;17.57;1.86
371.0;28.34;349.0;18.01;2.28
287.0;9.88;280.0;16.79;2.76
252.0;16.81;242.0;15.26;4.48
146.0;2.26;145.0;12.44;6.21
32.0;0.0;32.0;9.9;5.86
18.0;0.0;18.0;8.35;5.45
0.0;0.0;0.0;5.92;4.76
0.0;0.0;0.0;5.5;4.41
0.0;0.0;0.0;5.31;4.21
0.0;0.0;0.0;5.16;4.07
0.0;0.0;0.0;5.11;3.86
0.0;0.0;0.0;4.99;3.72
0.0;0.0;0.0;4.86;3.79
0.0;0.0;0.0;4.65;3.59
0.0;0.0;0.0;4.49;3.45
0.0;0.0;0.0;4.22;3.38
0.0;0.0;0.0;4.08;3.59
0.0;0.0;0.0;4.05;3.45
100.0;78.82;84.0;4.16;3.45
217.0;92.45;181.0;5.17;4.9
478.0;467.49;220.0;6.9;5.45
649.0;624.1;225.0;9.08;5.93
726.0;594.88;272.0;10.66;5.86
662.0;356.08;378.0;11.65;5.31
290.0;3.84;287.0;12.61;4.83
313.0;15.44;302.0;13.46;4.69
563.0;611.51;197.0;13.68;4.83
453.0;824.18;85.0;13.36;5.03
235.0;618.72;70.0;12.51;5.1
22.0;0.0;22.0;11.27;4.83
0.0;0.0;0.0;9.72;4.28
0.0;0.0;0.0;8.8;4.76
0.0;0.0;0.0;7.6;4.76
0.0;0.0;0.0;6.54;4.55
0.0;0.0;0.0;5.56;4.14
0.0;0.0;0.0;4.82;3.79
0.0;0.0;0.0;4.29;3.52
0.0;0.0;0.0;3.77;3.24
0.0;0.0;0.0;3.4;2.97
0.0;0.0;0.0;3.13;2.9
0.0;0.0;0.0;2.97;2.76
0.0;0.0;0.0;2.84;2.76
155.0;393.6;73.0;3.52;2.9
295.0;309.19;173.0;4.97;4.14
271.0;37.71;250.0;6.66;4.62
346.0;40.93;318.0;8.64;4.76
236.0;0.0;236.0;10.57;4.55
184.0;0.0;184.0;11.97;4.48
224.0;0.0;224.0;12.75;4.62
752.0;860.37;136.0;13.03;4.62
213.0;3.32;211.0;12.59;4.07
346.0;326.78;199.0;11.78;3.52
90.0;7.41;88.0;10.68;3.17
24.0;0.0;24.0;9.61;2.62
0.0;0.0;0.0;9.38;1.59
0.0;0.0;0.0;9.01;1.31
0.0;0.0;0.0;8.27;1.17
0.0;0.0;0.0;7.18;1.1
0.0;0.0;0.0;6.22;1.31
0.0;0.0;0.0;5.68;1.72
0.0;0.0;0.0;5.16;2.0
0.0;0.0;0.0;4.65;2.07
0.0;0.0;0.0;4.16;1.93
0.0;0.0;0.0;3.45;1.79
0.0;0.0;0.0;2.92;1.66
0.0;0.0;0.0;2.47;1.59
151.0;322.94;82.0;2.57;1.45
383.0;720.5;95.0;5.12;2.07
541.0;674.68;162.0;6.77;2.34
613.0;482.06;281.0;8.51;1.93
682.0;454.7;331.0;10.26;1.52
487.0;91.84;413.0;11.83;1.31
415.0;46.96;378.0;12.51;1.03
492.0;169.55;370.0;12.96;0.9
302.0;39.65;278.0;13.37;0.97
301.0;183.16;218.0;12.91;1.33
153.0;117.11;121.0;12.06;1.34
25.0;0.0;25.0;11.21;1.34
0.0;0.0;0.0;10.36;1.34
0.0;0.0;0.0;9.51;1.35
0.0;0.0;0.0;8.65;1.35
0.0;0.0;0.0;7.8;1.36
0.0;0.0;0.0;6.95;1.36
0.0;0.0;0.0;6.1;1.37
0.0;0.0;0.0;5.25;1.37
0.0;0.0;0.0;4.39;1.38
0.0;0.0;0.0;3.54;1.38
0.0;0.0;0.0;2.69;1.39
0.0;0.0;0.0;1.84;1.39
0.0;0.0;0.0;0.99;1.4
178.0;529.77;62.0;0.13;1.4
397.0;775.63;83.0;4.96;1.38
560.0;751.83;134.0;6.91;2.07
706.0;790.42;158.0;8.09;1.93
734.0;593.89;273.0;9.02;1.86
504.0;109.91;415.0;10.4;1.66
582.0;227.37;402.0;11.14;1.24
577.0;323.61;343.0;11.66;1.45
294.0;34.5;273.0;11.09;2.07
96.0;0.0;96.0;10.78;2.55
113.0;25.32;106.0;9.07;1.59
12.0;0.0;12.0;8.88;0.14
0.0;0.0;0.0;7.35;0.76
0.0;0.0;0.0;6.44;0.55
0.0;0.0;0.0;6.1;0.21
0.0;0.0;0.0;5.09;0.97
0.0;0.0;0.0;4.8;0.97
0.0;0.0;0.0;4.34;1.17
0.0;0.0;0.0;4.03;1.1
0.0;0.0;0.0;3.66;1.38
0.0;0.0;0.0;3.28;1.31
0.0;0.0;0.0;3.65;1.1
0.0;0.0;0.0;4.19;1.03
0.0;0.0;0.0;4.5;1.1
98.0;44.6;88.0;5.0;1.59
308.0;317.15;178.0;5.42;2.21
387.0;185.5;281.0;6.66;2.0
131.0;0.0;131.0;8.0;1.86
434.0;64.06;384.0;9.15;1.79
414.0;38.1;383.0;10.12;1.86
567.0;199.91;408.0;11.07;2.21
485.0;156.9;371.0;11.71;2.41
407.0;165.01;306.0;11.99;2.48
130.0;0.0;130.0;11.76;2.62
52.0;0.0;52.0;10.79;2.83
29.0;0.0;29.0;9.66;2.41
0.0;0.0;0.0;8.26;1.31
0.0;0.0;0.0;7.13;1.31
0.0;0.0;0.0;5.74;1.45
0.0;0.0;0.0;4.65;1.52
0.0;0.0;0.0;4.41;1.17
0.0;0.0;0.0;5.19;0.69
0.0;0.0;0.0;4.71;0.62
0.0;0.0;0.0;4.12;0.76
0.0;0.0;0.0;3.61;0.76
0.0;0.0;0.0;3.15;0.55
0.0;0.0;0.0;2.75;0.48
6.0;0.0;6.0;2.34;0.69
187.0;518.61;68.0;2.97;0.48
390.0;696.51;101.0;5.31;0.83
521.0;550.14;204.0;7.57;1.45
578.0;367.35;320.0;9.26;1.66
721.0;533.97;302.0;10.4;2.0
752.0;529.56;319.0;11.52;2.41
653.0;344.17;378.0;12.63;2.76
563.0;283.56;356.0;13.21;2.97
615.0;762.15;146.0;13.37;3.1
436.0;674.05;124.0;13.16;3.1
114.0;21.21;108.0;12.58;2.97
23.0;11.39;22.0;11.06;2.14
0.0;0.0;0.0;9.67;1.38
0.0;0.0;0.0;8.41;1.45
0.0;0.0;0.0;7.08;1.66
0.0;0.0;0.0;5.88;1.72
0.0;0.0;0.0;4.82;1.72
0.0;0.0;0.0;4.11;1.72
0.0;0.0;0.0;3.42;1.59
0.0;0.0;0.0;2.9;1.31
0.0;0.0;0.0;2.22;1.17
0.0;0.0;0.0;1.9;1.03
0.0;0.0;0.0;1.62;0.9
8.0;0.0;8.0;1.59;0.83
114.0;72.45;97.0;2.69;0.69
120.0;0.0;120.0;5.34;0.9
111.0;0.0;111.0;7.22;1.59
310.0;16.98;298.0;8.05;2.55
415.0;48.17;377.0;8.95;3.45
421.0;41.39;387.0;9.25;3.52
324.0;7.48;318.0;10.08;3.24
459.0;119.99;371.0;11.83;4.21
508.0;386.35;269.0;12.58;5.03
287.0;137.32;223.0;12.26;4.83
237.0;517.26;89.0;11.41;4.28
57.0;340.34;26.0;10.36;3.1
0.0;0.0;0.0;8.5;3.17
0.0;0.0;0.0;7.3;3.17
0.0;0.0;0.0;6.15;3.1
0.0;0.0;0.0;5.22;2.97
0.0;0.0;0.0;4.09;2.62
0.0;0.0;0.0;3.16;2.41
0.0;0.0;0.0;2.45;2.34
0.0;0.0;0.0;1.67;2.21
0.0;0.0;0.0;0.88;2.0
0.0;0.0;0.0;0.08;1.79
0.0;0.0;0.0;-0.34;1.79
16.0;115.96;11.0;-0.48;1.93
152.0;204.33;103.0;0.93;1.79
411.0;736.74;98.0;3.72;2.97
605.0;840.15;113.0;5.47;3.66
542.0;268.58;351.0;7.2;3.31
736.0;542.31;306.0;8.69;3.17
762.0;524.65;329.0;9.91;2.97
600.0;231.96;413.0;10.89;2.83
297.0;8.14;291.0;11.22;3.31
247.0;8.04;242.0;10.14;3.38
208.0;25.58;196.0;8.68;2.48
117.0;20.74;111.0;7.46;1.79
57.0;296.8;29.0;6.36;1.45
0.0;0.0;0.0;6.77;1.52
0.0;0.0;0.0;5.77;1.72
0.0;0.0;0.0;5.42;2.07
0.0;0.0;0.0;5.11;2.34
0.0;0.0;0.0;4.74;2.55
0.0;0.0;0.0;4.79;2.76
0.0;0.0;0.0;4.74;2.76
0.0;0.0;0.0;4.58;2.83
0.0;0.0;0.0;4.48;2.9
0.0;0.0;0.0;4.3;3.03
0.0;0.0;0.0;3.98;3.03
17.0;82.64;13.0;3.75;3.1
131.0;110.24;104.0;4.76;3.38
179.0;18.62;171.0;6.76;3.79
328.0;77.94;282.0;8.26;4.07
404.0;75.47;350.0;9.82;4.21
275.0;1.25;274.0;11.16;4.0
168.0;0.0;168.0;12.12;3.72
412.0;40.76;379.0;12.43;3.72
248.0;1.35;247.0;12.04;2.97
176.0;0.0;176.0;11.26;2.62
75.0;0.0;75.0;9.78;2.69
89.0;3.42;88.0;9.35;1.45
60.0;317.69;29.0;9.63;1.66
0.0;0.0;0.0;8.29;1.52
0.0;0.0;0.0;7.21;1.52
0.0;0.0;0.0;6.29;1.38
0.0;0.0;0.0;5.97;1.52
0.0;0.0;0.0;5.97;1.59
0.0;0.0;0.0;5.94;1.72
0.0;0.0;0.0;5.73;1.52
0.0;0.0;0.0;5.41;1.66
0.0;0.0;0.0;5.11;1.86
0.0;0.0;0.0;4.9;2.14
0.0;0.0;0.0;4.76;2.28
13.0;18.64;12.0;4.77;2.34
106.0;36.0;97.0;5.29;2.0
314.0;273.83;195.0;5.42;2.34
451.0;290.86;278.0;6.44;3.38
375.0;50.02;339.0;7.75;3.38
335.0;11.24;326.0;8.49;3.1
294.0;2.4;292.0;10.06;2.34
627.0;280.4;399.0;10.83;1.24
763.0;815.26;157.0;11.33;0.83
519.0;396.41;270.0;10.54;1.72
217.0;31.55;202.0;10.47;1.24
45.0;0.0;45.0;10.39;0.83
47.0;109.12;36.0;10.09;0.83
0.0;0.0;0.0;8.19;1.59
0.0;0.0;0.0;7.1;1.17
0.0;0.0;0.0;6.5;1.31
0.0;0.0;0.0;5.47;1.72
0.0;0.0;0.0;4.58;1.86
0.0;0.0;0.0;4.0;1.93
0.0;0.0;0.0;3.76;2.0
0.0;0.0;0.0;3.54;2.0
0.0;0.0;0.0;3.47;1.93
0.0;0.0;0.0;3.22;1.93
0.0;0.0;0.0;2.71;1.86
24.0;118.92;17.0;2.45;1.86
55.0;0.0;55.0;4.04;1.72
180.0;15.93;173.0;6.43;2.14
313.0;55.06;280.0;7.97;2.41
363.0;38.68;335.0;9.34;2.28
520.0;132.95;413.0;10.83;2.34
353.0;10.76;344.0;11.9;2.14
716.0;454.37;345.0;12.56;1.86
506.0;168.78;380.0;13.13;1.52
464.0;251.89;305.0;13.57;1.31
138.0;0.0;138.0;13.93;1.24
272.0;676.38;70.0;13.7;1.24
69.0;374.91;30.0;13.12;0.76
0.0;0.0;0.0;11.85;1.31
0.0;0.0;0.0;9.94;2.0
0.0;0.0;0.0;8.78;2.28
0.0;0.0;0.0;8.03;2.14
0.0;0.0;0.0;7.17;1.86
0.0;0.0;0.0;6.44;1.93
0.0;0.0;0.0;5.98;2.14
0.0;0.0;0.0;5.54;2.21
0.0;0.0;0.0;5.28;2.21
0.0;0.0;0.0;5.18;2.0
0.0;0.0;0.0;5.02;1.86
11.0;0.0;11.0;4.89;1.79
84.0;7.69;82.0;6.57;1.79
266.0;128.35;209.0;8.53;1.93
603.0;795.03;123.0;10.1;2.34
686.0;620.79;234.0;11.64;2.48
396.0;33.39;369.0;12.58;2.0
220.0;0.0;220.0;13.26;1.66
329.0;7.32;323.0;13.89;1.31
471.0;124.05;378.0;14.19;0.97
206.0;1.58;205.0;14.48;0.48
51.0;0.0;51.0;14.76;0.48
160.0;92.8;132.0;14.54;0.69
11.0;0.0;11.0;13.78;0.55
0.0;0.0;0.0;11.85;1.59
0.0;0.0;0.0;10.16;1.93
0.0;0.0;0.0;9.63;1.86
0.0;0.0;0.0;9.18;1.86
0.0;0.0;0.0;8.6;1.79
0.0;0.0;0.0;8.23;1.66
0.0;0.0;0.0;7.86;1.52
0.0;0.0;0.0;7.81;1.52
0.0;0.0;0.0;7.06;1.66
0.0;0.0;0.0;6.78;1.52
0.0;0.0;0.0;6.69;1.38
23.0;43.38;20.0;6.35;1.31
86.0;7.55;84.0;8.36;1.17
212.0;40.11;194.0;9.55;2.28
182.0;0.0;182.0;10.5;1.93
162.0;0.0;162.0;11.61;1.72
252.0;0.0;252.0;12.75;1.52
363.0;13.04;352.0;13.99;1.03
733.0;493.23;327.0;14.62;0.76
682.0;536.65;278.0;15.59;0.55
470.0;262.03;303.0;15.81;0.28
447.0;648.08;133.0;15.92;0.21
262.0;593.85;81.0;15.65;0.07
52.0;117.73;39.0;15.17;0.21
0.0;0.0;0.0;13.94;1.17
0.0;0.0;0.0;12.23;1.66
0.0;0.0;0.0;10.92;1.59
0.0;0.0;0.0;9.7;1.66
0.0;0.0;0.0;8.9;1.72
0.0;0.0;0.0;8.3;1.72
0.0;0.0;0.0;8.13;1.52
0.0;0.0;0.0;7.67;1.38
0.0;0.0;0.0;7.15;1.59
0.0;0.0;0.0;6.55;1.72
0.0;0.0;0.0;6.57;1.59
24.0;26.94;22.0;6.87;1.31
107.0;22.24;101.0;8.16;1.17
378.0;465.39;167.0;9.53;1.86
578.0;657.99;175.0;10.9;1.86
640.0;464.54;298.0;12.66;2.0
244.0;0.0;244.0;13.98;1.79
183.0;0.0;183.0;14.92;1.52
671.0;348.51;383.0;16.03;1.31
788.0;867.84;132.0;16.46;1.1
473.0;263.94;304.0;16.54;1.17
337.0;223.6;228.0;16.23;1.52
152.0;68.22;131.0;15.46;1.59
53.0;105.63;41.0;14.43;1.1
0.0;0.0;0.0;13.54;1.45
0.0;0.0;0.0;12.32;1.66
0.0;0.0;0.0;11.26;1.59
0.0;0.0;0.0;10.62;1.52
0.0;0.0;0.0;10.26;1.45
0.0;0.0;0.0;9.38;1.24
0.0;0.0;0.0;8.61;1.1
0.0;0.0;0.0;7.98;1.17
0.0;0.0;0.0;7.75;1.17
0.0;0.0;0.0;7.39;1.24
0.0;0.0;0.0;7.02;1.24
21.0;12.62;20.0;6.59;1.17
86.0;3.64;85.0;7.91;0.69
143.0;2.18;142.0;10.32;0.41
511.0;415.09;255.0;12.04;0.55
416.0;75.66;360.0;13.14;0.83
497.0;102.46;413.0;13.92;1.03
485.0;75.26;421.0;14.05;1.1
285.0;1.21;284.0;14.64;0.97
76.0;0.0;76.0;15.35;0.62
58.0;0.0;58.0;15.48;1.1
118.0;0.0;118.0;14.13;1.38
173.0;115.81;137.0;14.13;1.17
75.0;333.99;36.0;13.46;0.97
0.0;0.0;0.0;12.78;1.31
0.0;0.0;0.0;11.74;1.24
0.0;0.0;0.0;10.55;1.45
0.0;0.0;0.0;9.69;1.24
0.0;0.0;0.0;9.11;1.24
0.0;0.0;0.0;8.55;1.52
0.0;0.0;0.0;7.98;1.66
0.0;0.0;0.0;7.46;1.72
0.0;0.0;0.0;7.36;1.52
0.0;0.0;0.0;7.09;1.31
0.0;0.0;0.0;7.08;1.1
20.0;0.0;20.0;6.91;1.03
113.0;25.05;106.0;8.56;0.69
437.0;717.92;105.0;10.12;0.76
594.0;694.11;163.0;11.5;1.31
418.0;75.26;362.0;12.35;1.24
665.0;346.1;380.0;13.35;1.45
616.0;217.88;430.0;14.41;1.31
716.0;435.93;353.0;15.7;0.9
112.0;0.0;112.0;16.2;0.69
630.0;732.01;157.0;16.33;1.38
246.0;52.7;220.0;16.17;1.66
179.0;127.45;139.0;15.97;1.79
76.0;325.21;37.0;14.88;1.59
0.0;0.0;0.0;13.21;1.1
0.0;0.0;0.0;12.18;0.62
0.0;0.0;0.0;11.47;0.9
0.0;0.0;0.0;11.6;0.62
0.0;0.0;0.0;10.88;0.28
0.0;0.0;0.0;8.89;0.97
0.0;0.0;0.0;7.21;1.17
0.0;0.0;0.0;6.25;1.17
0.0;0.0;0.0;5.49;1.38
0.0;0.0;0.0;4.93;1.59
0.0;0.0;0.0;4.48;1.52
51.0;269.11;27.0;4.13;1.45
241.0;580.79;76.0;6.68;1.03
386.0;449.8;176.0;10.24;1.1
619.0;772.7;136.0;12.4;0.9
697.0;596.33;251.0;14.25;0.83
859.0;847.63;158.0;15.72;1.59
807.0;597.45;295.0;16.8;1.79
703.0;397.23;371.0;17.34;1.72
638.0;396.15;335.0;17.47;1.66
466.0;234.19;314.0;17.5;1.52
257.0;62.47;226.0;17.72;1.59
185.0;138.88;141.0;17.41;1.38
62.0;138.14;45.0;16.45;1.31
0.0;0.0;0.0;14.58;1.72
0.0;0.0;0.0;13.31;1.79
0.0;0.0;0.0;11.79;1.72
0.0;0.0;0.0;10.37;1.79
0.0;0.0;0.0;9.31;1.86
0.0;0.0;0.0;8.48;1.86
0.0;0.0;0.0;7.79;1.86
0.0;0.0;0.0;7.12;1.86
0.0;0.0;0.0;6.6;1.93
0.0;0.0;0.0;6.25;2.0
0.0;0.0;0.0;5.97;2.0
56.0;297.69;28.0;5.73;1.93
243.0;567.98;79.0;8.02;1.79
441.0;693.9;114.0;11.72;2.14
636.0;823.33;118.0;14.15;2.14
776.0;851.43;136.0;16.07;2.14
872.0;879.0;142.0;17.25;1.86
898.0;856.77;161.0;18.2;1.59
796.0;618.74;277.0;18.74;1.86
761.0;737.22;195.0;18.89;1.93
433.0;170.28;322.0;19.06;2.0
449.0;595.09;152.0;19.13;2.0
260.0;481.58;106.0;18.95;2.07
16.0;0.0;16.0;18.17;1.52
0.0;0.0;0.0;16.59;0.9
0.0;0.0;0.0;16.13;0.76
0.0;0.0;0.0;13.21;1.31
0.0;0.0;0.0;11.8;1.52
0.0;0.0;0.0;10.62;1.59
0.0;0.0;0.0;9.7;1.66
0.0;0.0;0.0;8.86;1.79
0.0;0.0;0.0;8.09;1.79
0.0;0.0;0.0;7.43;1.79
0.0;0.0;0.0;6.91;1.86
0.0;0.0;0.0;6.46;1.79
59.0;283.18;31.0;6.25;1.66
247.0;555.7;84.0;8.49;1.45
451.0;714.95;111.0;13.0;1.66
644.0;830.76;118.0;15.66;1.72
725.0;653.98;231.0;17.76;2.0
875.0;870.6;149.0;19.2;2.69
772.0;491.1;348.0;20.08;3.17
798.0;609.42;285.0;20.67;3.24
794.0;833.12;152.0;20.8;3.45
659.0;804.98;132.0;20.81;3.66
207.0;15.94;199.0;20.68;3.38
106.0;6.2;104.0;19.08;3.31
84.0;324.79;42.0;16.27;3.24
0.0;0.0;0.0;15.26;1.1
0.0;0.0;0.0;14.65;0.41
0.0;0.0;0.0;13.68;0.83
0.0;0.0;0.0;12.48;1.03
0.0;0.0;0.0;10.9;1.31
0.0;0.0;0.0;9.56;1.52
0.0;0.0;0.0;8.66;1.66
0.0;0.0;0.0;8.18;1.86
0.0;0.0;0.0;7.94;2.07
0.0;0.0;0.0;7.64;2.14
0.0;0.0;0.0;7.36;2.14
62.0;279.82;33.0;7.14;2.07
251.0;564.06;83.0;9.43;1.66
295.0;141.73;227.0;13.31;2.14
639.0;805.22;126.0;15.65;2.41
785.0;853.74;137.0;17.68;2.48
880.0;881.45;142.0;18.74;2.9
836.0;650.91;272.0;19.41;3.03
874.0;835.8;168.0;19.95;3.17
447.0;84.04;382.0;20.01;3.17
73.0;0.0;73.0;20.49;2.69
169.0;1.98;168.0;20.01;2.76
76.0;0.0;76.0;17.62;3.93
18.0;0.0;18.0;16.14;2.62
0.0;0.0;0.0;15.15;2.62
0.0;0.0;0.0;13.96;2.83
0.0;0.0;0.0;13.09;2.62
0.0;0.0;0.0;12.22;2.28
0.0;0.0;0.0;11.18;2.07
0.0;0.0;0.0;10.27;2.0
0.0;0.0;0.0;9.52;2.07
0.0;0.0;0.0;8.95;2.21
0.0;0.0;0.0;8.46;2.21
0.0;0.0;0.0;7.96;2.21
0.0;0.0;0.0;7.44;2.14
69.0;341.52;32.0;7.12;2.14
265.0;618.6;78.0;9.27;1.93
465.0;735.59;109.0;12.75;2.48
659.0;850.29;114.0;15.32;2.76
800.0;875.97;132.0;17.23;2.83
896.0;904.18;136.0;18.64;2.83
871.0;730.28;236.0;19.63;3.17
733.0;434.18;365.0;20.03;3.24
798.0;823.28;159.0;20.02;2.83
588.0;518.05;246.0;20.23;2.69
494.0;760.6;108.0;19.93;2.48
293.0;642.23;82.0;19.67;2.28
88.0;317.32;45.0;18.75;1.52
0.0;0.0;0.0;17.5;1.24
0.0;0.0;0.0;15.9;1.31
0.0;0.0;0.0;15.03;1.17
0.0;0.0;0.0;13.15;1.45
0.0;0.0;0.0;11.92;1.45
0.0;0.0;0.0;11.51;1.24
0.0;0.0;0.0;10.82;1.24
0.0;0.0;0.0;9.28;1.59
0.0;0.0;0.0;8.64;1.45
0.0;0.0;0.0;8.56;1.24
0.0;0.0;0.0;8.47;1.17
73.0;345.2;34.0;8.48;1.03
269.0;616.27;80.0;10.5;0.62
470.0;741.71;108.0;13.49;0.69
665.0;853.04;115.0;15.67;0.62
809.0;891.56;126.0;17.36;0.83
905.0;918.5;130.0;18.65;1.17
936.0;915.74;137.0;19.32;1.38
914.0;920.75;131.0;20.04;1.45
821.0;883.32;133.0;20.42;1.45
698.0;896.12;104.0;20.64;1.38
501.0;774.14;106.0;20.51;1.17
286.0;573.29;96.0;20.25;1.03
93.0;353.57;44.0;19.67;0.62
0.0;0.0;0.0;18.23;0.76
0.0;0.0;0.0;15.71;1.72
0.0;0.0;0.0;13.65;1.93
0.0;0.0;0.0;12.09;1.86
0.0;0.0;0.0;10.98;1.66
0.0;0.0;0.0;11.13;1.24
0.0;0.0;0.0;11.16;1.03
0.0;0.0;0.0;11.33;0.9
0.0;0.0;0.0;9.82;1.38
0.0;0.0;0.0;8.9;1.59
0.0;0.0;0.0;8.37;1.59
57.0;119.1;43.0;8.24;1.45
218.0;289.39;128.0;10.74;1.17
422.0;510.07;171.0;13.85;1.31
642.0;777.21;138.0;15.57;1.03
755.0;719.95;201.0;17.43;0.97
888.0;879.66;143.0;18.97;1.17
923.0;888.68;145.0;20.13;1.59
808.0;618.88;280.0;20.81;1.86
830.0;917.4;113.0;21.29;1.86
380.0;87.15;322.0;21.5;1.72
430.0;463.97;192.0;21.4;1.86
145.0;32.91;134.0;20.73;2.28
74.0;148.25;53.0;19.27;1.59
0.0;0.0;0.0;18.35;1.45
0.0;0.0;0.0;15.89;1.45
0.0;0.0;0.0;14.3;1.59
0.0;0.0;0.0;13.05;1.66
0.0;0.0;0.0;11.94;1.72
0.0;0.0;0.0;11.14;1.72
0.0;0.0;0.0;10.89;1.59
0.0;0.0;0.0;11.17;1.24
0.0;0.0;0.0;11.65;0.83
0.0;0.0;0.0;11.31;0.69
0.0;0.0;0.0;9.09;1.52
75.0;270.36;42.0;8.33;2.14
270.0;577.32;88.0;10.4;1.03
469.0;699.53;122.0;14.06;1.24
656.0;803.52;132.0;15.91;1.86
800.0;850.09;143.0;17.38;2.0
894.0;875.28;150.0;18.74;2.07
933.0;898.3;144.0;19.88;2.07
886.0;827.23;178.0;20.72;2.07
836.0;915.6;118.0;21.27;2.14
586.0;495.4;255.0;21.37;2.28
307.0;116.36;247.0;21.36;2.41
303.0;652.58;83.0;20.85;2.14
90.0;262.61;52.0;19.69;1.72
0.0;0.0;0.0;18.28;1.1
0.0;0.0;0.0;16.31;1.38
0.0;0.0;0.0;14.67;2.0
0.0;0.0;0.0;13.27;1.93
0.0;0.0;0.0;12.93;1.31
0.0;0.0;0.0;14.0;0.76
0.0;0.0;0.0;11.08;1.59
0.0;0.0;0.0;9.87;1.66
0.0;0.0;0.0;9.4;1.45
0.0;0.0;0.0;9.2;1.31
0.0;0.0;0.0;8.86;1.24
84.0;363.64;38.0;8.41;1.17
281.0;626.12;81.0;10.68;0.83
480.0;740.1;110.0;14.84;1.03
669.0;838.79;119.0;17.22;1.52
811.0;874.83;132.0;19.11;2.14
900.0;888.59;142.0;20.62;2.48
940.0;910.19;138.0;21.74;2.55
922.0;927.16;126.0;22.5;2.55
837.0;915.14;117.0;22.98;2.62
680.0;821.49;129.0;23.14;2.34
446.0;503.54;185.0;23.04;1.86
302.0;635.4;86.0;22.76;1.59
94.0;284.28;52.0;21.88;1.03
0.0;0.0;0.0;19.43;1.59
0.0;0.0;0.0;17.5;1.24
0.0;0.0;0.0;17.4;0.97
0.0;0.0;0.0;17.04;0.9
0.0;0.0;0.0;15.17;1.17
0.0;0.0;0.0;13.54;1.38
0.0;0.0;0.0;13.19;1.24
0.0;0.0;0.0;13.47;0.97
0.0;0.0;0.0;12.39;1.1
0.0;0.0;0.0;10.32;1.59
0.0;0.0;0.0;9.85;1.45
87.0;359.13;40.0;10.02;1.17
280.0;599.63;86.0;11.34;0.69
477.0;710.68;119.0;15.43;0.83
667.0;825.22;123.0;17.64;0.9
808.0;859.67;138.0;19.35;1.1
896.0;871.5;150.0;20.68;1.03
935.0;893.78;145.0;21.7;0.97
912.0;898.8;138.0;22.48;1.03
833.0;899.52;123.0;23.01;1.17
688.0;842.14;121.0;23.34;1.38
485.0;666.07;138.0;23.34;1.45
297.0;592.28;94.0;23.08;1.38
101.0;338.28;50.0;22.34;0.76
0.0;0.0;0.0;20.82;1.45
0.0;0.0;0.0;18.71;1.86
0.0;0.0;0.0;16.55;1.72
0.0;0.0;0.0;15.4;1.03
0.0;0.0;0.0;14.39;1.1
0.0;0.0;0.0;13.26;1.93
0.0;0.0;0.0;12.39;1.86
0.0;0.0;0.0;14.04;0.9
0.0;0.0;0.0;13.4;1.1
0.0;0.0;0.0;11.17;1.52
0.0;0.0;0.0;10.65;1.45
84.0;281.13;46.0;10.08;1.45
273.0;522.04;102.0;12.27;0.97
483.0;717.28;119.0;15.98;0.76
673.0;830.0;123.0;17.87;0.62
814.0;863.89;138.0;19.72;0.76
912.0;902.33;137.0;21.38;0.97
941.0;897.83;145.0;22.67;1.1
917.0;903.09;137.0;23.48;1.1
802.0;789.33;177.0;23.94;1.03
637.0;640.72;204.0;24.18;0.97
449.0;494.67;190.0;24.08;0.83
296.0;564.36;101.0;23.73;0.69
99.0;292.64;54.0;23.04;0.28
0.0;0.0;0.0;22.23;0.48
0.0;0.0;0.0;19.69;1.52
0.0;0.0;0.0;17.44;1.79
0.0;0.0;0.0;15.66;1.59
0.0;0.0;0.0;14.42;1.38
0.0;0.0;0.0;13.5;1.38
0.0;0.0;0.0;12.88;1.52
0.0;0.0;0.0;12.53;1.38
0.0;0.0;0.0;11.89;1.52
0.0;0.0;0.0;11.45;1.45
0.0;0.0;0.0;11.25;1.31
43.0;14.35;41.0;11.16;1.24
164.0;66.36;142.0;12.41;0.69
63.0;0.0;63.0;14.81;0.55
342.0;52.55;307.0;15.86;0.83
132.0;0.0;132.0;16.81;1.45
81.0;0.0;81.0;17.44;2.14
192.0;0.0;192.0;17.46;2.55
229.0;0.0;229.0;17.83;3.17
203.0;0.0;203.0;17.17;3.66
183.0;0.0;183.0;14.93;3.72
186.0;5.7;183.0;13.83;2.55
143.0;25.84;134.0;13.66;1.66
29.0;0.0;29.0;13.11;1.52
0.0;0.0;0.0;11.91;1.1
0.0;0.0;0.0;11.78;0.62
0.0;0.0;0.0;11.68;0.21
0.0;0.0;0.0;11.7;0.28
0.0;0.0;0.0;11.54;0.41
0.0;0.0;0.0;11.29;0.83
0.0;0.0;0.0;10.54;0.62
0.0;0.0;0.0;10.33;0.62
0.0;0.0;0.0;9.79;1.1
0.0;0.0;0.0;9.41;1.03
0.0;0.0;0.0;9.41;0.97
40.0;6.97;39.0;9.77;1.03
80.0;0.0;80.0;10.49;1.45
121.0;0.0;121.0;10.75;2.07
78.0;0.0;78.0;11.09;2.41
73.0;0.0;73.0;11.79;2.14
335.0;5.78;330.0;12.55;2.0
467.0;48.22;424.0;12.79;1.59
165.0;0.0;165.0;13.37;1.59
162.0;0.0;162.0;13.64;1.52
524.0;312.9;311.0;14.29;0.55
241.0;32.15;224.0;14.11;0.9
286.0;484.29;116.0;13.99;2.07
100.0;269.19;57.0;13.37;2.07
0.0;0.0;0.0;12.18;1.24
0.0;0.0;0.0;11.0;1.52
0.0;0.0;0.0;9.9;1.66
0.0;0.0;0.0;9.13;1.72
0.0;0.0;0.0;8.77;1.79
0.0;0.0;0.0;8.66;1.79
0.0;0.0;0.0;8.35;1.86
0.0;0.0;0.0;8.16;1.86
0.0;0.0;0.0;7.99;1.79
0.0;0.0;0.0;8.15;1.59
0.0;0.0;0.0;8.02;1.45
106.0;433.52;42.0;7.83;1.31
300.0;636.81;84.0;9.32;1.31
464.0;588.56;159.0;10.94;1.72
643.0;686.99;181.0;12.33;1.31
566.0;219.83;392.0;13.12;0.76
743.0;430.13;370.0;14.7;0.76
678.0;266.12;440.0;15.14;0.9
461.0;51.66;416.0;15.82;1.03
814.0;815.96;162.0;16.35;0.97
558.0;387.91;293.0;17.15;0.9
211.0;13.18;204.0;16.49;1.45
316.0;647.35;87.0;14.42;2.0
113.0;374.92;52.0;13.56;1.79
0.0;0.0;0.0;12.46;2.07
0.0;0.0;0.0;11.61;1.59
0.0;0.0;0.0;10.75;1.79
0.0;0.0;0.0;10.0;1.86
0.0;0.0;0.0;9.28;1.86
0.0;0.0;0.0;8.72;1.66
0.0;0.0;0.0;8.08;1.52
0.0;0.0;0.0;7.6;1.59
0.0;0.0;0.0;7.62;1.52
0.0;0.0;0.0;7.74;1.59
0.0;0.0;0.0;8.44;1.52
28.0;0.0;28.0;8.45;1.59
122.0;8.75;119.0;9.65;1.52
180.0;3.83;178.0;10.74;2.41
368.0;69.57;321.0;11.91;2.21
603.0;279.46;381.0;13.1;1.72
764.0;473.67;352.0;13.9;1.31
853.0;625.57;292.0;15.17;1.03
808.0;569.01;311.0;16.17;1.17
228.0;0.0;228.0;16.81;1.52
62.0;0.0;62.0;16.39;1.66
441.0;438.39;207.0;14.83;1.86
95.0;0.0;95.0;14.53;1.24
43.0;0.0;43.0;13.67;0.9
0.0;0.0;0.0;13.22;1.03
0.0;0.0;0.0;11.87;0.9
0.0;0.0;0.0;11.57;0.07
0.0;0.0;0.0;10.71;0.55
0.0;0.0;0.0;9.55;0.83
0.0;0.0;0.0;9.38;0.62
0.0;0.0;0.0;8.87;0.62
0.0;0.0;0.0;8.76;0.28
0.0;0.0;0.0;8.45;0.21
0.0;0.0;0.0;8.03;0.55
0.0;0.0;0.0;7.92;0.62
115.0;450.02;45.0;8.18;0.41
310.0;655.02;83.0;9.47;0.9
500.0;727.64;118.0;11.02;0.9
685.0;823.66;126.0;12.79;1.24
498.0;124.19;399.0;13.92;0.9
711.0;358.79;398.0;14.82;0.41
290.0;0.0;290.0;15.74;1.1
364.0;11.42;354.0;16.26;1.52
538.0;167.98;403.0;16.96;1.66
475.0;202.07;336.0;17.24;1.66
326.0;130.53;256.0;17.32;1.86
260.0;314.65;147.0;16.94;2.48
119.0;397.45;52.0;16.3;2.55
0.0;0.0;0.0;14.98;1.93
0.0;0.0;0.0;13.99;1.45
0.0;0.0;0.0;13.09;1.59
0.0;0.0;0.0;12.11;1.79
0.0;0.0;0.0;11.45;1.66
0.0;0.0;0.0;10.92;1.45
0.0;0.0;0.0;10.34;1.24
0.0;0.0;0.0;9.87;1.17
0.0;0.0;0.0;9.58;1.17
0.0;0.0;0.0;9.25;1.31
0.0;0.0;0.0;8.86;1.52
96.0;225.86;60.0;8.63;1.79
262.0;354.17;138.0;10.33;2.21
332.0;151.44;252.0;11.21;3.03
490.0;236.19;329.0;12.79;4.07
444.0;68.76;389.0;13.5;4.07
82.0;0.0;82.0;13.59;4.41
347.0;5.55;342.0;14.38;4.41
638.0;226.65;439.0;14.58;4.48
844.0;887.17;129.0;14.68;4.62
647.0;638.94;206.0;14.79;4.55
544.0;842.74;90.0;11.83;4.19
154.0;30.4;143.0;11.9;4.01
48.0;5.83;47.0;11.97;3.83
0.0;0.0;0.0;12.05;3.65
0.0;0.0;0.0;12.12;3.47
0.0;0.0;0.0;12.19;3.29
0.0;0.0;0.0;12.26;3.11
0.0;0.0;0.0;12.33;2.93
0.0;0.0;0.0;12.4;2.75
0.0;0.0;0.0;12.47;2.57
0.0;0.0;0.0;12.55;2.38
0.0;0.0;0.0;12.62;2.2
0.0;0.0;0.0;12.69;2.02
0.0;0.0;0.0;12.76;1.84
120.0;429.04;50.0;12.83;1.66
320.0;653.3;89.0;12.9;1.48
525.0;779.03;111.0;16.3;1.52
709.0;857.49;122.0;18.89;1.45
859.0;917.1;123.0;21.19;1.52
953.0;943.79;125.0;23.05;1.59
992.0;964.8;120.0;24.55;1.38
926.0;867.96;162.0;25.69;1.17
861.0;905.78;129.0;26.5;1.1
673.0;700.37;188.0;26.98;0.97
396.0;271.64;249.0;27.1;0.97
217.0;139.94;166.0;26.83;1.03
133.0;475.98;50.0;26.19;1.03
0.0;0.0;0.0;24.97;1.1
0.0;0.0;0.0;23.2;1.66
0.0;0.0;0.0;21.32;2.14
0.0;0.0;0.0;19.58;2.28
0.0;0.0;0.0;18.27;2.34
0.0;0.0;0.0;17.31;2.62
0.0;0.0;0.0;16.52;3.03
0.0;0.0;0.0;15.69;3.03
0.0;0.0;0.0;15.08;2.83
0.0;0.0;0.0;14.49;2.48
0.0;0.0;0.0;13.93;2.28
120.0;407.58;52.0;13.71;2.0
0.0;0.0;0.0;15.21;2.07
515.0;727.73;126.0;18.15;2.07
712.0;856.88;123.0;20.98;1.79
848.0;880.63;139.0;23.25;1.45
935.0;894.63;148.0;24.97;1.1
984.0;939.24;133.0;26.33;0.83
923.0;851.1;172.0;27.38;0.76
735.0;528.19;307.0;28.08;0.69
521.0;273.48;331.0;28.36;0.62
318.0;106.71;260.0;28.24;0.55
171.0;46.32;154.0;27.78;0.62
74.0;45.13;66.0;27.19;0.41
0.0;0.0;0.0;26.04;0.55
0.0;0.0;0.0;24.68;1.24
0.0;0.0;0.0;22.86;1.59
0.0;0.0;0.0;21.07;1.93
0.0;0.0;0.0;19.36;1.86
0.0;0.0;0.0;18.02;1.79
0.0;0.0;0.0;17.36;2.55
0.0;0.0;0.0;16.92;2.69
0.0;0.0;0.0;16.11;2.07
0.0;0.0;0.0;15.1;1.93
0.0;0.0;0.0;14.2;2.0
117.0;352.04;57.0;14.02;1.86
329.0;674.43;86.0;16.77;1.93
393.0;273.46;246.0;18.84;2.21
683.0;760.73;158.0;21.01;1.86
844.0;871.71;140.0;23.32;1.72
915.0;842.41;172.0;25.49;1.93
931.0;802.67;202.0;27.31;2.14
707.0;327.87;417.0;28.77;2.76
599.0;246.17;399.0;29.79;3.31
698.0;792.01;146.0;30.31;3.59
348.0;159.36;261.0;30.56;4.0
289.0;408.51;138.0;30.26;4.62
117.0;283.17;66.0;28.95;4.34
0.0;0.0;0.0;27.45;3.59
0.0;0.0;0.0;25.66;3.79
0.0;0.0;0.0;23.96;3.59
0.0;0.0;0.0;22.67;3.38
0.0;0.0;0.0;21.5;3.45
0.0;0.0;0.0;20.41;3.59
0.0;0.0;0.0;19.24;3.45
0.0;0.0;0.0;18.28;3.17
0.0;0.0;0.0;17.33;2.9
0.0;0.0;0.0;16.42;2.9
0.0;0.0;0.0;15.52;2.9
130.0;448.4;52.0;15.14;2.62
324.0;627.18;96.0;16.08;2.9
512.0;688.25;140.0;17.79;3.24
642.0;596.13;229.0;19.54;3.38
730.0;516.02;312.0;21.05;3.66
950.0;919.43;137.0;22.36;3.93
999.0;965.57;120.0;23.32;4.28
973.0;970.03;113.0;23.88;4.48
872.0;919.55;123.0;24.26;4.55
733.0;883.93;115.0;24.42;4.41
544.0;786.09;113.0;24.39;4.21
347.0;703.9;85.0;24.02;4.0
142.0;486.51;53.0;23.17;3.79
0.0;0.0;0.0;21.74;3.17
0.0;0.0;0.0;20.18;2.9
0.0;0.0;0.0;18.98;2.62
0.0;0.0;0.0;17.92;2.34
0.0;0.0;0.0;16.88;2.0
0.0;0.0;0.0;15.66;1.66
0.0;0.0;0.0;14.45;1.31
0.0;0.0;0.0;13.67;1.17
0.0;0.0;0.0;13.48;0.9
0.0;0.0;0.0;13.07;0.69
0.0;0.0;0.0;12.45;0.76
131.0;428.46;55.0;12.17;0.76
334.0;659.98;92.0;14.23;0.41
537.0;778.49;114.0;17.16;0.55
719.0;851.32;127.0;19.41;0.69
859.0;886.26;139.0;21.33;1.24
955.0;922.81;137.0;23.07;2.0
982.0;918.45;144.0;24.55;2.62
948.0;899.18;149.0;25.71;2.9
863.0;886.62;139.0;26.5;2.97
691.0;731.49;178.0;26.97;2.97
527.0;710.12;136.0;27.05;2.9
331.0;603.05;105.0;26.76;2.69
144.0;484.53;54.0;25.98;2.34
0.0;0.0;0.0;24.36;1.66
0.0;0.0;0.0;22.67;1.86
0.0;0.0;0.0;21.14;2.0
0.0;0.0;0.0;19.6;1.79
0.0;0.0;0.0;18.12;1.38
0.0;0.0;0.0;16.81;1.03
0.0;0.0;0.0;15.88;0.83
0.0;0.0;0.0;15.18;0.41
0.0;0.0;0.0;14.37;0.14
0.0;0.0;0.0;13.57;0.41
0.0;0.0;0.0;12.99;0.48
140.0;481.39;53.0;12.87;0.48
333.0;646.4;94.0;15.11;0.55
540.0;781.85;113.0;18.68;0.76
725.0;868.31;119.0;21.2;0.76
865.0;903.41;129.0;23.5;1.79
957.0;928.49;132.0;25.33;3.03
995.0;950.33;126.0;26.49;3.72
964.0;942.1;125.0;27.22;3.86
874.0;916.2;124.0;27.66;3.93
735.0;881.4;115.0;27.8;3.93
547.0;784.94;113.0;27.38;4.07
346.0;675.88;91.0;26.68;4.55
147.0;493.27;54.0;25.22;4.28
0.0;0.0;0.0;23.19;3.38
0.0;0.0;0.0;21.68;2.69
0.0;0.0;0.0;20.55;2.28
0.0;0.0;0.0;19.36;1.52
0.0;0.0;0.0;18.13;0.97
0.0;0.0;0.0;17.07;0.97
0.0;0.0;0.0;16.0;1.03
0.0;0.0;0.0;14.78;1.17
0.0;0.0;0.0;13.96;1.38
0.0;0.0;0.0;13.3;1.59
0.0;0.0;0.0;12.74;1.66
131.0;385.9;60.0;12.8;1.45
332.0;633.19;96.0;16.42;2.07
536.0;770.72;113.0;18.75;2.55
720.0;856.72;120.0;20.69;2.21
859.0;891.16;131.0;22.45;1.59
904.0;790.49;200.0;23.73;1.45
878.0;641.66;290.0;25.1;1.66
765.0;433.62;378.0;26.16;1.79
611.0;259.58;398.0;26.89;2.0
657.0;623.65;217.0;27.38;2.55
356.0;163.91;265.0;27.16;2.97
108.0;0.0;108.0;26.74;3.31
111.0;182.95;76.0;25.79;3.38
0.0;0.0;0.0;24.7;2.76
0.0;0.0;0.0;23.05;2.62
0.0;0.0;0.0;21.72;2.55
0.0;0.0;0.0;20.41;2.41
0.0;0.0;0.0;19.17;2.41
0.0;0.0;0.0;18.06;2.76
0.0;0.0;0.0;17.03;2.83
0.0;0.0;0.0;16.06;2.62
0.0;0.0;0.0;15.23;2.48
0.0;0.0;0.0;14.51;2.21
0.0;0.0;0.0;13.77;1.93
137.0;422.11;58.0;13.66;1.59
322.0;569.74;108.0;16.03;1.31
485.0;553.09;180.0;18.67;1.1
595.0;446.85;281.0;20.95;0.48
835.0;826.56;158.0;22.98;0.21
938.0;888.43;145.0;24.78;0.14
980.0;921.3;134.0;26.33;0.41
960.0;936.97;122.0;27.7;0.83
843.0;841.33;151.0;28.76;1.31
702.0;784.36;147.0;29.5;1.72
479.0;509.49;195.0;29.76;1.72
140.0;10.46;136.0;29.75;1.86
123.0;252.51;74.0;29.39;1.72
0.0;0.0;0.0;27.87;1.03
0.0;0.0;0.0;25.93;1.38
0.0;0.0;0.0;24.08;1.38
0.0;0.0;0.0;22.48;1.38
0.0;0.0;0.0;20.92;1.17
0.0;0.0;0.0;19.52;1.17
0.0;0.0;0.0;18.53;1.45
0.0;0.0;0.0;17.82;1.72
0.0;0.0;0.0;17.14;1.72
0.0;0.0;0.0;16.48;1.79
0.0;0.0;0.0;15.8;1.72
141.0;436.29;58.0;15.88;1.59
327.0;594.59;102.0;18.33;1.17
435.0;375.46;227.0;20.72;2.28
599.0;462.42;273.0;22.37;2.69
848.0;865.87;137.0;23.77;3.03
947.0;914.46;129.0;25.04;3.38
984.0;935.75;123.0;26.24;4.0
949.0;914.97;129.0;26.79;4.48
819.0;771.47;183.0;26.66;4.83
717.0;831.45;127.0;25.87;4.83
549.0;788.01;108.0;25.55;4.62
327.0;564.04;110.0;24.98;4.34
143.0;416.72;61.0;24.01;3.86
0.0;0.0;0.0;23.77;2.9
0.0;0.0;0.0;22.39;2.48
0.0;0.0;0.0;21.13;2.14
0.0;0.0;0.0;19.96;1.86
0.0;0.0;0.0;18.69;1.86
0.0;0.0;0.0;17.74;2.0
0.0;0.0;0.0;17.09;2.41
0.0;0.0;0.0;16.22;2.83
0.0;0.0;0.0;15.34;2.97
0.0;0.0;0.0;14.53;2.76
0.0;0.0;0.0;13.85;2.55
148.0;465.75;58.0;13.64;2.62
347.0;658.56;96.0;14.48;2.83
548.0;770.98;119.0;15.94;2.83
735.0;865.39;123.0;17.37;2.34
869.0;886.84;139.0;18.97;1.86
975.0;948.26;125.0;20.53;1.59
1012.0;968.64;119.0;21.93;1.38
971.0;935.42;131.0;23.15;1.38
881.0;911.33;128.0;24.06;1.52
512.0;230.47;348.0;24.64;1.72
515.0;610.5;172.0;24.75;2.07
357.0;679.32;94.0;24.48;2.41
156.0;491.3;58.0;23.5;2.9
0.0;0.0;0.0;22.0;2.97
0.0;0.0;0.0;20.21;3.38
0.0;0.0;0.0;18.77;3.52
0.0;0.0;0.0;17.6;3.31
0.0;0.0;0.0;16.63;3.38
0.0;0.0;0.0;15.36;3.86
0.0;0.0;0.0;14.03;4.0
0.0;0.0;0.0;12.97;3.52
0.0;0.0;0.0;12.19;3.31
0.0;0.0;0.0;11.58;3.38
0.0;0.0;0.0;10.95;3.31
145.0;407.86;65.0;10.9;3.59
339.0;591.51;112.0;11.86;3.79
545.0;746.24;128.0;13.8;3.79
734.0;848.69;132.0;15.96;3.66
880.0;904.15;134.0;17.92;3.31
981.0;954.14;124.0;19.65;2.9
1008.0;949.49;131.0;21.16;2.76
962.0;904.71;148.0;22.21;2.9
883.0;904.5;134.0;22.57;3.1
734.0;838.04;136.0;22.73;3.24
540.0;705.68;142.0;22.57;3.38
344.0;592.98;113.0;22.1;3.52
150.0;410.61;67.0;21.3;3.45
0.0;0.0;0.0;19.83;2.97
0.0;0.0;0.0;18.47;2.48
0.0;0.0;0.0;17.23;2.34
0.0;0.0;0.0;15.98;2.83
0.0;0.0;0.0;14.73;3.38
0.0;0.0;0.0;13.63;3.45
0.0;0.0;0.0;12.67;3.17
0.0;0.0;0.0;11.92;2.83
0.0;0.0;0.0;11.27;2.48
0.0;0.0;0.0;10.68;2.07
0.0;0.0;0.0;10.02;1.79
151.0;442.29;63.0;10.13;1.59
351.0;649.74;100.0;11.56;2.83
555.0;778.84;118.0;13.0;2.69
719.0;795.63;153.0;14.53;2.34
824.0;731.6;219.0;15.72;2.41
768.0;412.25;397.0;17.06;2.41
933.0;742.43;246.0;18.04;2.48
957.0;890.8;154.0;18.81;2.69
539.0;140.99;422.0;19.48;2.62
445.0;124.39;356.0;19.31;2.83
542.0;703.02;144.0;17.66;3.66
367.0;706.76;90.0;16.8;4.14
163.0;507.85;59.0;16.04;3.59
0.0;0.0;0.0;14.99;4.34
0.0;0.0;0.0;13.91;4.07
0.0;0.0;0.0;13.19;3.79
0.0;0.0;0.0;12.53;3.52
0.0;0.0;0.0;11.84;3.45
0.0;0.0;0.0;11.03;3.24
0.0;0.0;0.0;10.25;2.97
0.0;0.0;0.0;9.61;2.69
0.0;0.0;0.0;9.12;2.48
0.0;0.0;0.0;8.67;2.34
0.0;0.0;0.0;8.29;2.14
159.0;500.76;58.0;8.55;1.72
358.0;673.92;96.0;10.43;2.55
562.0;797.1;113.0;12.35;3.17
739.0;856.5;128.0;14.33;3.45
856.0;833.77;165.0;16.11;3.31
835.0;557.88;332.0;17.6;3.03
820.0;468.19;386.0;19.02;2.9
962.0;899.13;150.0;20.15;2.97
755.0;531.49;313.0;20.66;3.17
727.0;808.47;147.0;20.94;3.38
431.0;307.97;256.0;20.89;3.59
252.0;182.61;180.0;20.4;3.79
89.0;48.22;79.0;19.76;3.86
0.0;0.0;0.0;18.88;2.55
0.0;0.0;0.0;17.38;2.14
0.0;0.0;0.0;16.05;2.62
0.0;0.0;0.0;15.07;3.03
0.0;0.0;0.0;14.16;3.17
0.0;0.0;0.0;13.2;2.9
0.0;0.0;0.0;12.31;2.34
0.0;0.0;0.0;11.48;1.86
0.0;0.0;0.0;10.66;1.52
0.0;0.0;0.0;9.8;1.38
0.0;0.0;0.0;9.32;1.24
160.0;489.39;60.0;9.68;1.1
355.0;657.05;98.0;12.29;2.07
554.0;767.58;120.0;13.94;3.17
703.0;740.98;173.0;15.41;3.24
614.0;248.04;408.0;16.35;3.24
708.0;303.35;434.0;17.25;3.17
163.0;0.0;163.0;18.41;3.17
453.0;37.58;419.0;19.51;3.1
504.0;104.4;417.0;20.16;2.83
577.0;358.7;319.0;20.55;2.9
154.0;0.0;154.0;20.34;3.31
370.0;705.99;90.0;19.28;3.66
129.0;214.3;84.0;18.81;3.72
0.0;0.0;0.0;18.51;2.83
0.0;0.0;0.0;17.26;2.21
0.0;0.0;0.0;16.06;2.21
0.0;0.0;0.0;14.89;2.41
0.0;0.0;0.0;13.82;2.48
0.0;0.0;0.0;12.82;2.34
0.0;0.0;0.0;11.84;1.93
0.0;0.0;0.0;10.83;1.59
0.0;0.0;0.0;9.99;1.38
0.0;0.0;0.0;9.37;1.24
0.0;0.0;0.0;8.81;1.17
166.0;522.03;58.0;9.09;0.9
353.0;632.9;104.0;11.86;0.62
542.0;710.19;139.0;14.02;0.9
711.0;758.61;167.0;16.11;1.66
808.0;682.55;240.0;17.79;2.0
979.0;942.73;126.0;19.31;2.34
1016.0;964.41;119.0;20.51;2.83
882.0;671.97;273.0;21.97;3.52
553.0;155.69;423.0;22.06;3.72
667.0;597.69;236.0;21.9;4.14
513.0;573.07;185.0;21.35;4.55
297.0;328.4;166.0;20.31;4.76
115.0;131.74;87.0;19.21;4.55
0.0;0.0;0.0;17.48;3.66
0.0;0.0;0.0;16.18;3.17
0.0;0.0;0.0;15.06;3.03
0.0;0.0;0.0;14.05;2.97
0.0;0.0;0.0;13.1;2.9
0.0;0.0;0.0;12.24;2.83
0.0;0.0;0.0;11.47;2.69
0.0;0.0;0.0;10.69;2.41
0.0;0.0;0.0;9.92;2.14
0.0;0.0;0.0;9.03;1.86
0.0;0.0;0.0;8.02;1.66
165.0;482.46;64.0;8.09;1.24
368.0;682.46;98.0;10.42;1.86
575.0;807.85;115.0;12.32;2.14
761.0;888.91;122.0;14.37;2.28
904.0;931.91;127.0;16.43;2.41
990.0;943.36;135.0;18.33;2.62
1033.0;976.83;123.0;19.78;2.55
992.0;942.92;136.0;21.02;2.55
626.0;247.42;419.0;21.83;2.55
626.0;450.95;300.0;22.07;2.62
474.0;405.66;241.0;22.11;2.55
341.0;503.53;139.0;21.9;2.48
173.0;516.1;62.0;21.47;2.41
2.0;0.0;2.0;20.35;2.83
0.0;0.0;0.0;18.58;3.17
0.0;0.0;0.0;17.07;3.72
0.0;0.0;0.0;15.6;3.93
0.0;0.0;0.0;14.12;4.0
0.0;0.0;0.0;12.78;4.07
0.0;0.0;0.0;11.57;4.14
0.0;0.0;0.0;10.52;3.86
0.0;0.0;0.0;9.7;3.38
0.0;0.0;0.0;9.05;3.03
0.0;0.0;0.0;8.6;3.17
152.0;344.81;79.0;8.93;3.17
367.0;658.72;105.0;10.37;4.0
566.0;757.93;133.0;12.59;4.34
756.0;861.85;135.0;14.97;4.34
902.0;914.63;138.0;17.34;4.34
993.0;938.55;141.0;19.19;4.28
1046.0;997.83;115.0;20.9;4.14
978.0;897.39;162.0;22.19;4.0
910.0;928.13;132.0;23.1;3.93
768.0;885.9;126.0;23.6;3.93
577.0;785.95;124.0;23.57;4.0
383.0;713.93;95.0;23.12;4.21
171.0;468.81;69.0;22.16;4.41
2.0;0.0;2.0;20.75;4.48
0.0;0.0;0.0;18.55;5.24
0.0;0.0;0.0;16.45;5.52
0.0;0.0;0.0;14.45;5.52
0.0;0.0;0.0;12.77;5.24
0.0;0.0;0.0;11.54;4.48
0.0;0.0;0.0;10.6;3.86
0.0;0.0;0.0;9.95;3.79
0.0;0.0;0.0;9.48;3.72
0.0;0.0;0.0;9.13;3.45
2.0;0.0;2.0;8.81;3.31
155.0;364.51;77.0;9.24;2.83
281.0;257.65;178.0;10.66;4.34
570.0;781.72;122.0;12.53;4.55
755.0;869.62;127.0;14.48;4.34
902.0;924.97;128.0;16.58;4.0
998.0;961.3;124.0;18.33;3.66
1030.0;969.6;124.0;19.79;3.45
999.0;961.85;123.0;20.85;3.24
909.0;937.12;122.0;21.64;3.17
768.0;894.79;118.0;22.19;3.24
565.0;743.52;135.0;22.16;3.45
371.0;658.27;104.0;21.9;3.79
167.0;431.75;72.0;21.18;4.07
5.0;0.0;5.0;20.28;4.34
0.0;0.0;0.0;18.04;4.9
0.0;0.0;0.0;16.24;5.1
0.0;0.0;0.0;14.58;5.03
0.0;0.0;0.0;13.14;4.76
0.0;0.0;0.0;11.91;4.21
0.0;0.0;0.0;11.03;3.72
0.0;0.0;0.0;10.38;3.38
0.0;0.0;0.0;9.87;3.1
0.0;0.0;0.0;9.45;2.9
3.0;0.0;3.0;9.07;2.76
164.0;430.21;71.0;9.47;2.41
360.0;622.34;110.0;11.07;3.66
565.0;768.95;123.0;12.84;4.14
750.0;859.49;128.0;14.76;4.34
756.0;520.17;320.0;16.99;4.69
608.0;155.95;466.0;18.3;4.48
903.0;641.2;303.0;19.12;4.28
986.0;937.34;131.0;19.77;4.14
898.0;914.02;129.0;19.87;4.21
738.0;811.66;147.0;19.95;4.41
499.0;489.44;215.0;19.84;4.55
381.0;703.8;94.0;19.16;4.55
161.0;373.09;78.0;18.73;4.41
4.0;0.0;4.0;18.25;4.0
0.0;0.0;0.0;16.77;3.79
0.0;0.0;0.0;15.47;4.14
0.0;0.0;0.0;14.12;4.21
0.0;0.0;0.0;12.92;3.93
0.0;0.0;0.0;11.88;3.38
0.0;0.0;0.0;10.98;2.83
0.0;0.0;0.0;10.21;2.55
0.0;0.0;0.0;9.56;2.55
0.0;0.0;0.0;9.07;2.55
3.0;0.0;3.0;8.62;2.48
166.0;444.4;69.0;9.0;2.21
363.0;639.31;105.0;10.66;3.17
564.0;763.29;124.0;12.32;3.45
710.0;730.88;180.0;14.12;3.24
701.0;397.84;367.0;16.17;3.1
622.0;172.19;465.0;17.29;2.48
791.0;401.26;415.0;17.94;2.28
690.0;262.72;450.0;18.72;2.0
347.0;10.68;338.0;19.87;1.72
539.0;258.97;350.0;20.17;1.72
486.0;443.18;228.0;20.27;1.72
286.0;258.58;180.0;19.93;1.86
52.0;0.0;52.0;19.33;2.07
1.0;0.0;1.0;18.87;1.86
0.0;0.0;0.0;17.92;1.86
0.0;0.0;0.0;16.98;2.97
0.0;0.0;0.0;15.57;4.41
0.0;0.0;0.0;14.27;4.41
0.0;0.0;0.0;13.45;4.07
0.0;0.0;0.0;12.83;3.79
0.0;0.0;0.0;12.22;3.59
0.0;0.0;0.0;11.73;3.52
0.0;0.0;0.0;11.29;3.45
2.0;0.0;2.0;11.0;3.31
30.0;0.0;30.0;11.38;3.03
70.0;0.0;70.0;11.99;3.17
417.0;262.97;265.0;13.59;3.1
642.0;518.89;265.0;16.16;2.55
860.0;834.9;158.0;18.33;2.0
813.0;500.53;356.0;19.73;1.72
727.0;294.15;451.0;20.91;1.45
430.0;26.23;406.0;21.53;1.03
676.0;344.67;385.0;21.86;0.48
614.0;433.38;297.0;21.89;0.48
546.0;676.34;151.0;21.7;1.24
181.0;33.98;167.0;20.79;2.55
16.0;0.0;16.0;18.13;3.17
4.0;0.0;4.0;20.24;1.79
0.0;0.0;0.0;19.17;1.79
0.0;0.0;0.0;18.24;1.93
0.0;0.0;0.0;17.39;1.86
0.0;0.0;0.0;16.84;1.59
0.0;0.0;0.0;16.18;1.38
0.0;0.0;0.0;15.33;1.45
0.0;0.0;0.0;14.62;1.66
0.0;0.0;0.0;13.95;1.86
0.0;0.0;0.0;13.35;1.79
3.0;0.0;3.0;12.7;1.72
133.0;193.53;90.0;13.03;1.66
336.0;491.38;136.0;14.94;2.21
527.0;619.51;168.0;16.72;2.48
702.0;714.41;182.0;18.44;2.55
536.0;136.57;421.0;19.84;2.83
835.0;555.67;327.0;21.04;2.9
856.0;548.17;341.0;22.0;2.76
677.0;249.97;448.0;23.16;2.76
394.0;27.2;371.0;24.12;2.97
147.0;0.0;147.0;24.55;3.31
163.0;0.0;163.0;24.12;3.79
211.0;70.03;182.0;21.2;4.41
93.0;34.85;85.0;18.11;4.21
3.0;0.0;3.0;19.13;2.41
0.0;0.0;0.0;18.22;1.59
0.0;0.0;0.0;17.16;1.24
0.0;0.0;0.0;16.55;0.62
0.0;0.0;0.0;15.98;0.83
0.0;0.0;0.0;15.49;1.24
0.0;0.0;0.0;15.36;1.52
0.0;0.0;0.0;15.06;1.66
0.0;0.0;0.0;14.82;2.14
0.0;0.0;0.0;14.28;2.62
2.0;0.0;2.0;13.81;2.97
69.0;8.93;67.0;14.03;2.83
210.0;75.87;179.0;14.76;3.72
393.0;210.02;271.0;16.47;4.48
604.0;423.8;295.0;18.27;4.41
606.0;233.63;409.0;19.93;4.41
820.0;526.58;338.0;21.21;4.55
820.0;474.15;374.0;19.86;4.9
567.0;118.82;458.0;20.81;4.62
767.0;560.73;292.0;22.73;4.83
117.0;0.0;117.0;23.26;4.21
371.0;158.25;278.0;19.29;4.55
61.0;0.0;61.0;16.32;3.1
177.0;461.55;70.0;16.24;1.66
7.0;0.0;7.0;15.74;1.45
0.0;0.0;0.0;15.22;1.93
0.0;0.0;0.0;14.9;2.14
0.0;0.0;0.0;14.76;2.28
0.0;0.0;0.0;14.33;2.34
0.0;0.0;0.0;14.08;2.41
0.0;0.0;0.0;13.7;2.41
0.0;0.0;0.0;13.44;2.41
0.0;0.0;0.0;13.06;2.34
0.0;0.0;0.0;13.09;2.21
4.0;0.0;4.0;12.67;2.28
116.0;106.31;92.0;13.26;2.14
157.0;14.63;151.0;14.45;2.76
409.0;243.89;267.0;16.03;3.24
722.0;791.45;144.0;17.5;2.76
722.0;457.19;336.0;18.95;2.48
166.0;0.0;166.0;20.42;2.41
778.0;389.7;411.0;21.74;2.34
720.0;321.15;425.0;22.7;2.34
480.0;81.32;411.0;23.43;2.28
610.0;425.16;297.0;23.33;2.07
100.0;0.0;100.0;23.18;2.21
101.0;0.0;101.0;21.17;3.59
98.0;42.72;88.0;19.1;3.17
3.0;0.0;3.0;19.09;1.17
0.0;0.0;0.0;17.71;1.72
0.0;0.0;0.0;16.89;1.59
0.0;0.0;0.0;16.43;1.17
0.0;0.0;0.0;15.64;1.38
0.0;0.0;0.0;14.85;1.45
0.0;0.0;0.0;13.93;1.59
0.0;0.0;0.0;13.2;1.59
0.0;0.0;0.0;12.71;1.66
0.0;0.0;0.0;12.33;1.72
7.0;0.0;7.0;11.99;1.72
163.0;369.41;79.0;12.82;1.38
355.0;580.73;116.0;15.33;1.1
512.0;555.3;188.0;16.86;1.31
736.0;825.79;132.0;18.81;0.69
839.0;774.85;184.0;20.07;0.28
913.0;765.18;211.0;21.4;0.76
948.0;787.01;206.0;22.38;0.83
503.0;65.24;443.0;22.24;1.1
279.0;1.18;278.0;22.81;2.14
88.0;0.0;88.0;21.77;1.66
50.0;0.0;50.0;22.7;1.24
253.0;149.95;190.0;22.99;1.45
182.0;474.01;70.0;22.71;1.31
12.0;0.0;12.0;20.02;3.59
0.0;0.0;0.0;17.52;4.14
0.0;0.0;0.0;16.32;4.14
0.0;0.0;0.0;15.27;3.45
0.0;0.0;0.0;14.41;3.03
0.0;0.0;0.0;14.0;2.83
0.0;0.0;0.0;13.76;2.9
0.0;0.0;0.0;13.82;3.17
0.0;0.0;0.0;13.55;3.17
0.0;0.0;0.0;13.3;3.52
3.0;0.0;3.0;13.29;3.72
66.0;4.37;65.0;13.28;3.93
74.0;0.0;74.0;13.36;3.24
202.0;3.42;200.0;13.91;3.24
252.0;2.73;250.0;14.03;3.24
138.0;0.0;138.0;14.64;2.9
115.0;0.0;115.0;15.33;2.9
334.0;2.12;332.0;16.49;3.17
181.0;0.0;181.0;17.99;3.38
109.0;0.0;109.0;18.81;3.38
102.0;0.0;102.0;19.85;3.52
336.0;99.52;277.0;20.1;3.1
33.0;0.0;33.0;20.42;2.83
96.0;33.55;88.0;19.03;2.97
10.0;0.0;10.0;17.71;2.14
0.0;0.0;0.0;16.93;1.86
0.0;0.0;0.0;16.31;1.93
0.0;0.0;0.0;15.64;1.79
0.0;0.0;0.0;15.09;1.79
0.0;0.0;0.0;14.52;2.14
0.0;0.0;0.0;13.91;2.21
0.0;0.0;0.0;13.35;2.14
0.0;0.0;0.0;12.99;2.0
0.0;0.0;0.0;12.49;2.07
2.0;0.0;2.0;11.97;2.14
126.0;134.55;95.0;12.63;1.86
201.0;57.95;177.0;14.49;2.34
440.0;317.55;254.0;15.59;2.76
676.0;627.17;216.0;16.94;2.62
791.0;632.65;255.0;18.37;2.07
668.0;239.31;448.0;20.44;1.79
679.0;226.5;465.0;21.71;1.38
462.0;41.22;424.0;22.27;1.38
187.0;0.0;187.0;22.13;1.45
361.0;40.51;331.0;20.91;2.83
356.0;127.83;280.0;19.21;2.28
170.0;21.23;161.0;18.95;1.38
115.0;78.98;96.0;18.42;0.62
9.0;0.0;9.0;17.22;1.24
0.0;0.0;0.0;16.45;0.76
0.0;0.0;0.0;15.43;1.03
0.0;0.0;0.0;14.65;0.9
0.0;0.0;0.0;14.34;0.28
0.0;0.0;0.0;14.22;0.97
0.0;0.0;0.0;13.93;1.31
0.0;0.0;0.0;13.99;1.17
0.0;0.0;0.0;13.8;1.1
0.0;0.0;0.0;13.74;1.17
3.0;0.0;3.0;13.44;1.17
52.0;0.0;52.0;13.65;1.1
166.0;19.26;158.0;13.96;1.17
300.0;61.35;264.0;14.76;0.76
388.0;64.0;341.0;16.0;0.34
341.0;10.61;332.0;16.91;0.14
415.0;21.73;395.0;17.26;0.34
382.0;9.52;373.0;17.77;0.34
512.0;72.59;445.0;18.49;0.34
104.0;0.0;104.0;19.44;0.76
381.0;53.9;341.0;19.54;0.69
399.0;202.96;278.0;19.28;0.76
72.0;0.0;72.0;19.16;0.34
77.0;8.24;75.0;17.49;1.03
2.0;0.0;2.0;17.78;1.79
0.0;0.0;0.0;16.59;1.45
0.0;0.0;0.0;15.91;0.76
0.0;0.0;0.0;14.94;0.62
0.0;0.0;0.0;14.03;1.03
0.0;0.0;0.0;13.25;1.24
0.0;0.0;0.0;12.66;1.24
0.0;0.0;0.0;12.51;0.97
0.0;0.0;0.0;12.21;0.76
0.0;0.0;0.0;11.68;0.76
8.0;0.0;8.0;11.54;0.34
155.0;287.48;88.0;11.95;0.07
324.0;408.23;154.0;14.12;0.9
525.0;598.94;173.0;15.25;1.17
389.0;63.93;342.0;16.31;1.31
751.0;521.86;308.0;17.63;1.38
861.0;623.24;287.0;18.73;1.38
758.0;349.67;427.0;19.58;1.24
818.0;512.99;344.0;20.02;1.17
561.0;162.63;422.0;20.49;1.24
622.0;443.89;292.0;20.95;1.17
51.0;0.0;51.0;20.88;1.24
34.0;0.0;34.0;19.43;1.93
21.0;0.0;21.0;18.82;1.17
16.0;0.0;16.0;18.07;1.45
0.0;0.0;0.0;17.26;1.72
0.0;0.0;0.0;16.43;1.59
0.0;0.0;0.0;15.55;0.83
0.0;0.0;0.0;14.91;0.62
0.0;0.0;0.0;14.3;0.9
0.0;0.0;0.0;13.84;0.9
0.0;0.0;0.0;13.39;0.62
0.0;0.0;0.0;12.99;0.07
0.0;0.0;0.0;12.53;0.21
3.0;0.0;3.0;12.2;0.34
59.0;0.0;59.0;12.41;0.41
286.0;253.92;180.0;14.33;0.83
554.0;713.58;134.0;15.96;1.03
558.0;304.35;334.0;17.36;0.83
725.0;455.49;338.0;18.67;0.76
716.0;311.36;429.0;19.95;0.76
739.0;314.53;441.0;20.92;1.03
642.0;197.84;459.0;21.31;1.31
549.0;146.05;424.0;21.21;1.59
422.0;88.62;356.0;19.59;2.28
59.0;0.0;59.0;19.06;2.69
76.0;0.0;76.0;18.45;1.66
107.0;48.65;95.0;18.45;1.17
18.0;0.0;18.0;17.38;0.9
0.0;0.0;0.0;16.82;0.62
0.0;0.0;0.0;16.04;0.48
0.0;0.0;0.0;15.3;0.76
0.0;0.0;0.0;14.83;0.76
0.0;0.0;0.0;14.25;0.76
0.0;0.0;0.0;13.45;0.83
0.0;0.0;0.0;12.73;0.9
0.0;0.0;0.0;12.5;0.69
0.0;0.0;0.0;12.39;0.55
23.0;132.6;16.0;11.52;0.48
184.0;492.86;68.0;11.98;0.41
377.0;659.68;101.0;14.13;0.62
558.0;726.18;130.0;15.98;0.83
731.0;800.85;141.0;17.58;1.03
725.0;456.3;337.0;18.85;1.03
864.0;624.4;288.0;20.28;1.24
823.0;472.44;375.0;21.46;1.45
795.0;457.93;371.0;22.31;1.45
829.0;716.49;215.0;22.82;1.45
625.0;444.99;293.0;23.07;1.72
459.0;337.85;256.0;21.75;1.43
346.0;452.24;151.0;21.36;1.47
157.0;233.29;99.0;20.98;1.5
14.0;0.0;14.0;20.59;1.54
0.0;0.0;0.0;20.21;1.57
0.0;0.0;0.0;19.82;1.61
0.0;0.0;0.0;19.44;1.64
0.0;0.0;0.0;19.05;1.68
0.0;0.0;0.0;18.67;1.71
0.0;0.0;0.0;18.29;1.75
0.0;0.0;0.0;17.9;1.78
0.0;0.0;0.0;17.52;1.82
0.0;0.0;0.0;17.13;1.85
14.0;18.52;13.0;16.75;1.89
189.0;511.89;68.0;16.36;1.92
380.0;663.11;102.0;15.98;1.96
573.0;765.95;121.0;20.81;2.69
746.0;832.69;132.0;22.34;3.17
878.0;862.55;144.0;23.82;3.52
971.0;898.01;142.0;25.17;3.93
1002.0;906.2;142.0;26.19;4.28
970.0;886.91;148.0;26.93;4.41
886.0;864.78;144.0;27.19;4.41
753.0;824.24;137.0;27.41;4.48
480.0;386.82;247.0;27.38;4.28
360.0;501.29;143.0;26.88;4.48
203.0;530.92;70.0;25.76;3.72
21.0;0.0;21.0;24.71;2.97
0.0;0.0;0.0;23.25;2.69
0.0;0.0;0.0;22.03;2.07
0.0;0.0;0.0;21.11;1.52
0.0;0.0;0.0;20.14;1.38
0.0;0.0;0.0;19.01;1.59
0.0;0.0;0.0;17.95;1.52
0.0;0.0;0.0;16.99;1.52
0.0;0.0;0.0;16.35;1.38
0.0;0.0;0.0;15.93;1.31
14.0;18.14;13.0;15.73;1.17
140.0;181.2;97.0;16.19;0.9
369.0;609.51;113.0;19.02;1.03
404.0;218.36;275.0;21.07;2.07
598.0;386.2;313.0;22.44;2.69
618.0;241.91;412.0;23.8;3.31
767.0;397.28;400.0;24.85;3.52
771.0;361.15;428.0;25.74;3.72
930.0;781.53;205.0;26.65;3.86
874.0;836.96;155.0;27.11;3.86
559.0;283.2;347.0;27.21;3.79
315.0;64.59;276.0;26.99;3.59
170.0;16.11;163.0;26.37;3.45
133.0;110.96;105.0;25.22;3.1
22.0;0.0;22.0;24.27;2.28
0.0;0.0;0.0;22.96;2.21
0.0;0.0;0.0;21.82;2.07
0.0;0.0;0.0;21.04;1.52
0.0;0.0;0.0;20.26;1.1
0.0;0.0;0.0;19.42;1.24
0.0;0.0;0.0;18.48;1.38
0.0;0.0;0.0;17.86;1.31
0.0;0.0;0.0;17.53;1.1
0.0;0.0;0.0;17.12;1.1
26.0;178.09;16.0;16.63;0.97
127.0;117.57;99.0;17.14;0.62
340.0;449.24;151.0;18.89;1.38
561.0;711.91;140.0;20.19;2.07
741.0;813.82;140.0;21.48;2.62
801.0;629.06;265.0;22.81;2.97
921.0;757.28;221.0;24.01;3.52
1000.0;896.44;148.0;24.8;3.59
900.0;688.21;261.0;25.36;3.72
823.0;670.88;246.0;25.85;3.72
762.0;838.89;133.0;26.08;3.66
585.0;753.45;129.0;26.1;3.66
396.0;664.9;106.0;25.72;3.59
204.0;511.51;74.0;24.96;3.38
22.0;0.0;22.0;23.96;2.62
0.0;0.0;0.0;22.42;2.34
0.0;0.0;0.0;21.11;2.07
0.0;0.0;0.0;20.05;1.66
0.0;0.0;0.0;18.8;1.24
0.0;0.0;0.0;18.65;0.55
0.0;0.0;0.0;16.81;1.24
0.0;0.0;0.0;15.55;1.59
0.0;0.0;0.0;14.63;1.52
0.0;0.0;0.0;14.12;1.17
28.0;192.7;17.0;14.04;0.9
191.0;502.27;71.0;14.62;0.62
382.0;657.45;105.0;17.46;1.03
575.0;756.91;127.0;19.47;1.86
747.0;821.42;140.0;21.19;2.14
874.0;836.32;161.0;22.66;2.76
887.0;651.97;284.0;23.83;3.03
969.0;801.21;207.0;24.81;3.24
865.0;587.55;319.0;25.68;3.72
868.0;790.91;187.0;26.12;4.07
760.0;825.6;140.0;26.17;4.34
540.0;562.16;199.0;25.83;4.62
365.0;491.18;150.0;24.92;4.76
208.0;527.57;73.0;23.72;4.69
23.0;0.0;23.0;22.47;3.66
0.0;0.0;0.0;20.88;3.38
0.0;0.0;0.0;19.68;2.97
0.0;0.0;0.0;18.71;2.48
0.0;0.0;0.0;17.79;2.14
0.0;0.0;0.0;16.91;1.93
0.0;0.0;0.0;15.99;1.72
0.0;0.0;0.0;15.05;1.59
0.0;0.0;0.0;14.21;1.52
0.0;0.0;0.0;13.48;1.24
30.0;224.44;17.0;13.18;1.03
195.0;530.08;68.0;14.22;0.55
390.0;687.43;100.0;16.36;0.48
586.0;786.72;120.0;18.51;0.55
757.0;841.25;135.0;20.54;1.03
894.0;881.62;142.0;22.39;1.52
988.0;917.46;139.0;24.02;1.79
1015.0;912.09;147.0;25.47;1.79
993.0;918.24;139.0;26.72;1.93
909.0;895.62;137.0;27.69;2.28
775.0;856.27;131.0;28.24;2.48
600.0;783.0;124.0;28.4;2.62
409.0;696.65;103.0;28.18;2.76
214.0;551.28;72.0;27.53;2.83
22.0;0.0;22.0;26.21;2.14
0.0;0.0;0.0;24.4;2.28
0.0;0.0;0.0;22.86;2.34
0.0;0.0;0.0;21.54;2.14
0.0;0.0;0.0;20.37;1.86
0.0;0.0;0.0;19.06;1.72
0.0;0.0;0.0;17.89;1.45
0.0;0.0;0.0;17.0;1.1
0.0;0.0;0.0;16.66;0.83
0.0;0.0;0.0;16.43;0.55
29.0;187.49;18.0;15.75;0.41
189.0;491.31;71.0;15.88;0.21
369.0;594.33;118.0;18.81;0.14
567.0;737.29;130.0;21.62;1.03
693.0;648.89;213.0;23.99;1.93
867.0;827.33;161.0;26.05;2.9
839.0;543.3;336.0;27.7;3.31
904.0;637.45;297.0;28.81;3.45
724.0;307.28;438.0;29.58;3.45
853.0;753.3;203.0;30.03;3.38
731.0;732.88;179.0;30.41;3.52
544.0;579.44;191.0;30.51;3.59
272.0;161.1;201.0;30.15;3.72
201.0;462.93;81.0;29.4;3.31
25.0;0.0;25.0;28.28;2.28
0.0;0.0;0.0;26.8;1.79
0.0;0.0;0.0;25.24;1.72
0.0;0.0;0.0;23.59;1.79
0.0;0.0;0.0;22.22;1.59
0.0;0.0;0.0;20.84;1.52
0.0;0.0;0.0;19.7;1.38
0.0;0.0;0.0;19.0;1.45
0.0;0.0;0.0;18.51;1.24
0.0;0.0;0.0;18.29;1.38
29.0;168.56;19.0;17.56;1.31
190.0;498.59;70.0;17.87;0.69
379.0;652.92;103.0;20.05;1.1
571.0;755.44;123.0;22.53;1.03
742.0;822.95;133.0;24.37;0.14
878.0;864.51;140.0;26.02;0.83
970.0;900.43;136.0;27.62;1.45
997.0;896.35;143.0;29.04;1.93
971.0;890.03;142.0;30.18;2.34
889.0;867.17;140.0;31.01;2.62
758.0;827.31;134.0;31.55;3.03
586.0;753.53;126.0;31.71;3.38
399.0;664.93;105.0;31.46;3.38
208.0;509.97;75.0;30.79;3.31
25.0;0.0;25.0;29.5;2.97
0.0;0.0;0.0;27.88;2.76
0.0;0.0;0.0;26.33;2.55
0.0;0.0;0.0;24.94;2.21
0.0;0.0;0.0;23.64;2.0
0.0;0.0;0.0;22.44;1.59
0.0;0.0;0.0;21.45;1.93
0.0;0.0;0.0;20.67;2.28
0.0;0.0;0.0;19.8;2.07
0.0;0.0;0.0;18.93;1.86
27.0;133.58;19.0;18.24;1.59
146.0;203.24;97.0;18.72;1.31
318.0;361.68;165.0;20.53;0.83
520.0;568.03;183.0;22.76;1.59
564.0;317.46;329.0;24.26;2.28
681.0;360.68;373.0;25.77;2.9
780.0;430.61;381.0;27.12;3.31
821.0;466.83;376.0;27.92;3.86
678.0;244.62;450.0;28.8;4.28
760.0;518.19;312.0;28.82;4.28
716.0;700.41;187.0;29.04;4.28
542.0;585.29;184.0;28.93;4.21
247.0;110.48;198.0;28.4;3.93
143.0;129.61;109.0;27.68;3.59
25.0;0.0;25.0;26.13;2.21
0.0;0.0;0.0;25.12;1.24
0.0;0.0;0.0;24.08;1.03
0.0;0.0;0.0;22.98;0.62
0.0;0.0;0.0;21.6;1.1
0.0;0.0;0.0;20.63;1.79
0.0;0.0;0.0;20.12;2.34
0.0;0.0;0.0;19.55;2.48
0.0;0.0;0.0;18.77;2.07
0.0;0.0;0.0;18.09;2.0
29.0;165.66;19.0;17.56;2.14
188.0;484.61;71.0;18.2;2.21
376.0;640.26;105.0;20.11;1.86
565.0;744.78;123.0;22.06;2.07
732.0;800.88;139.0;23.97;1.72
866.0;842.93;146.0;25.88;1.59
962.0;890.07;137.0;27.72;1.66
990.0;886.04;145.0;29.4;1.72
964.0;880.25;143.0;30.79;1.79
883.0;857.46;141.0;31.86;1.79
753.0;817.19;135.0;32.56;1.93
580.0;732.67;131.0;32.91;2.14
396.0;645.14;109.0;32.9;2.28
209.0;507.97;75.0;32.52;2.34
27.0;0.0;27.0;31.33;2.0
0.0;0.0;0.0;29.5;2.21
0.0;0.0;0.0;27.7;2.83
0.0;0.0;0.0;26.29;3.72
0.0;0.0;0.0;24.82;3.93
0.0;0.0;0.0;23.37;3.45
0.0;0.0;0.0;22.21;2.83
0.0;0.0;0.0;21.1;2.28
0.0;0.0;0.0;20.05;2.0
0.0;0.0;0.0;19.16;2.21
30.0;181.08;19.0;18.41;2.34
189.0;488.24;71.0;19.12;2.28
378.0;644.74;105.0;21.69;2.28
568.0;746.31;125.0;24.1;2.28
739.0;811.55;138.0;26.2;1.66
873.0;853.29;144.0;28.25;1.31
961.0;876.86;148.0;30.2;1.1
993.0;884.61;149.0;31.86;0.9
973.0;890.43;142.0;33.14;0.55
911.0;915.6;118.0;34.01;0.28
765.0;839.95;129.0;34.43;0.21
590.0;754.13;127.0;34.51;0.14
402.0;658.98;108.0;34.21;0.21
210.0;501.5;77.0;33.73;0.14
26.0;0.0;26.0;32.97;0.62
0.0;0.0;0.0;31.75;0.97
0.0;0.0;0.0;30.05;1.38
0.0;0.0;0.0;27.92;1.59
0.0;0.0;0.0;25.85;1.79
0.0;0.0;0.0;23.86;1.59
0.0;0.0;0.0;22.6;1.72
0.0;0.0;0.0;22.24;2.14
0.0;0.0;0.0;21.91;2.14
0.0;0.0;0.0;21.15;2.34
27.0;114.68;20.0;20.68;2.34
134.0;140.58;100.0;21.3;2.14
367.0;597.38;114.0;23.43;2.34
561.0;727.71;129.0;25.44;2.34
729.0;792.57;142.0;27.75;2.21
867.0;844.97;145.0;30.09;2.07
954.0;868.02;149.0;32.13;2.0
987.0;876.94;150.0;33.94;2.07
956.0;858.86;154.0;35.24;2.07
848.0;751.02;197.0;35.93;2.0
672.0;552.7;253.0;36.33;2.14
496.0;417.87;239.0;36.35;2.28
391.0;610.23;118.0;35.67;2.83
206.0;472.7;80.0;34.36;2.21
28.0;0.0;28.0;33.78;2.48
0.0;0.0;0.0;32.23;1.72
0.0;0.0;0.0;30.52;1.31
0.0;0.0;0.0;28.69;1.66
0.0;0.0;0.0;27.17;1.38
0.0;0.0;0.0;26.18;2.14
0.0;0.0;0.0;25.06;2.34
0.0;0.0;0.0;23.79;2.0
0.0;0.0;0.0;22.44;2.0
0.0;0.0;0.0;21.28;1.93
24.0;81.64;19.0;20.36;1.86
23.0;0.0;23.0;20.98;1.45
351.0;507.63;136.0;22.62;2.69
546.0;658.66;155.0;24.5;2.83
721.0;760.15;158.0;26.87;2.41
649.0;293.72;398.0;29.31;1.86
561.0;108.88;460.0;31.58;1.31
971.0;829.5;179.0;33.59;1.31
284.0;0.0;284.0;35.29;1.72
174.0;0.0;174.0;36.48;2.21
592.0;339.94;334.0;37.05;2.34
563.0;641.17;168.0;37.16;2.28
375.0;519.45;142.0;36.99;2.28
196.0;380.82;94.0;36.38;1.93
29.0;0.0;29.0;34.84;1.31
0.0;0.0;0.0;33.29;1.45
0.0;0.0;0.0;31.4;1.59
0.0;0.0;0.0;29.88;2.07
0.0;0.0;0.0;28.29;3.45
0.0;0.0;0.0;26.67;3.03
0.0;0.0;0.0;25.4;1.72
0.0;0.0;0.0;23.78;1.59
0.0;0.0;0.0;22.5;2.0
0.0;0.0;0.0;21.73;2.14
27.0;130.37;19.0;20.93;2.07
169.0;326.5;90.0;21.52;1.72
353.0;505.33;139.0;23.52;1.66
544.0;641.88;163.0;25.94;1.52
719.0;739.94;171.0;28.14;0.97
860.0;807.41;170.0;30.28;0.9
952.0;846.14;167.0;32.35;1.31
990.0;867.98;161.0;34.13;1.66
897.0;670.76;270.0;35.52;1.86
871.0;795.95;180.0;36.61;2.14
659.0;494.88;283.0;37.29;2.34
553.0;591.53;188.0;37.48;2.55
199.0;33.36;184.0;37.35;2.62
63.0;0.0;63.0;36.72;2.48
4.0;0.0;4.0;35.78;1.66
0.0;0.0;0.0;34.53;0.9
0.0;0.0;0.0;32.83;1.24
0.0;0.0;0.0;30.54;1.31
0.0;0.0;0.0;28.5;1.45
0.0;0.0;0.0;26.63;1.31
0.0;0.0;0.0;25.88;1.17
0.0;0.0;0.0;25.12;1.17
0.0;0.0;0.0;23.71;1.38
0.0;0.0;0.0;22.23;1.72
23.0;65.15;19.0;21.59;1.93
159.0;268.71;94.0;22.41;1.45
340.0;444.06;152.0;26.08;1.59
537.0;618.43;170.0;28.46;1.52
714.0;723.82;178.0;30.48;0.83
849.0;775.82;186.0;32.52;0.48
950.0;843.88;167.0;34.83;0.76
983.0;852.04;169.0;36.78;1.93
932.0;767.76;214.0;37.97;3.17
846.0;722.88;218.0;38.36;4.0
622.0;399.71;318.0;38.13;4.9
544.0;555.03;201.0;37.06;4.34
241.0;86.52;202.0;35.97;4.21
156.0;155.42;114.0;34.88;3.24
15.0;0.0;15.0;34.42;1.86
0.0;0.0;0.0;32.26;2.41
0.0;0.0;0.0;30.23;2.14
0.0;0.0;0.0;28.06;1.72
0.0;0.0;0.0;27.16;1.1
0.0;0.0;0.0;27.18;0.21
0.0;0.0;0.0;25.69;0.48
0.0;0.0;0.0;24.49;0.76
0.0;0.0;0.0;22.83;1.03
0.0;0.0;0.0;20.69;1.38
5.0;0.0;5.0;19.24;1.66
161.0;281.28;93.0;20.14;1.38
313.0;337.92;170.0;24.75;1.31
395.0;197.22;278.0;28.5;1.31
636.0;486.24;276.0;31.08;1.17
692.0;374.48;372.0;33.25;1.1
875.0;637.98;283.0;35.23;1.1
905.0;643.59;290.0;36.79;0.9
727.0;312.1;435.0;37.81;0.69
777.0;537.2;310.0;38.39;1.03
681.0;559.57;255.0;38.75;1.66
393.0;159.97;294.0;38.56;2.07
163.0;8.85;159.0;37.87;1.86
123.0;55.28;108.0;37.19;1.59
48.0;211.31;29.0;33.04;3.17
0.0;0.0;0.0;30.21;1.24
0.0;0.0;0.0;29.45;1.93
0.0;0.0;0.0;28.35;1.72
0.0;0.0;0.0;27.4;1.72
0.0;0.0;0.0;26.61;1.38
0.0;0.0;0.0;25.36;1.17
0.0;0.0;0.0;24.48;1.52
0.0;0.0;0.0;23.67;1.59
0.0;0.0;0.0;22.91;1.03
13.0;0.0;13.0;23.59;0.69
131.0;132.49;99.0;22.94;0.83
331.0;420.88;153.0;25.1;0.55
527.0;602.02;170.0;27.14;0.34
694.0;679.57;191.0;29.16;0.69
735.0;481.02;324.0;30.08;1.45
925.0;796.37;186.0;32.17;1.66
926.0;716.71;241.0;33.79;1.72
506.0;64.11;446.0;35.28;1.66
806.0;627.69;260.0;36.05;1.45
717.0;686.36;194.0;36.12;1.38
508.0;445.37;232.0;36.24;1.17
51.0;0.0;51.0;36.11;1.59
23.0;0.0;23.0;35.64;1.86
43.0;131.88;31.0;31.0;1.1
0.0;0.0;0.0;28.18;3.79
0.0;0.0;0.0;26.29;3.52
0.0;0.0;0.0;25.75;3.1
0.0;0.0;0.0;25.53;3.1
0.0;0.0;0.0;25.26;2.97
0.0;0.0;0.0;25.1;2.41
0.0;0.0;0.0;24.66;1.93
0.0;0.0;0.0;23.77;1.86
0.0;0.0;0.0;22.95;2.07
29.0;164.03;19.0;22.46;2.41
174.0;368.94;85.0;23.27;2.41
355.0;527.69;132.0;25.01;2.76
545.0;659.7;154.0;27.89;3.1
721.0;760.88;158.0;30.61;2.9
839.0;755.02;194.0;33.19;2.41
842.0;560.37;322.0;35.4;2.0
935.0;726.01;241.0;37.09;2.07
923.0;747.65;223.0;38.21;2.48
876.0;820.36;162.0;38.91;2.97
738.0;739.53;174.0;39.12;3.1
549.0;573.72;193.0;38.99;3.03
337.0;337.29;184.0;38.71;2.76
214.0;482.9;82.0;37.74;2.14
53.0;260.91;29.0;33.94;0.41
0.0;0.0;0.0;32.31;1.66
0.0;0.0;0.0;30.9;2.21
0.0;0.0;0.0;29.36;2.21
0.0;0.0;0.0;28.02;2.14
0.0;0.0;0.0;26.98;2.14
0.0;0.0;0.0;25.89;2.07
0.0;0.0;0.0;24.81;2.07
0.0;0.0;0.0;23.81;2.07
0.0;0.0;0.0;22.79;1.93
25.0;98.93;19.0;22.04;1.72
168.0;327.99;89.0;22.73;1.31
353.0;518.7;134.0;26.02;1.93
545.0;661.79;153.0;28.15;2.0
718.0;747.66;165.0;30.2;1.72
822.0;700.15;224.0;32.13;1.59
946.0;839.52;167.0;34.01;2.0
937.0;726.97;242.0;35.48;2.48
857.0;575.52;318.0;36.55;2.83
873.0;806.16;171.0;36.92;3.24
84.0;0.0;84.0;36.9;5.86
564.0;622.93;177.0;35.37;4.69
218.0;52.81;194.0;35.83;5.52
71.0;0.0;71.0;35.41;5.24
33.0;43.05;29.0;33.69;3.31
0.0;0.0;0.0;31.05;3.1
0.0;0.0;0.0;29.05;2.41
0.0;0.0;0.0;27.51;2.83
0.0;0.0;0.0;26.56;3.86
0.0;0.0;0.0;25.33;4.48
0.0;0.0;0.0;23.73;4.28
0.0;0.0;0.0;22.25;3.93
0.0;0.0;0.0;20.97;3.52
0.0;0.0;0.0;19.88;3.17
30.0;182.56;19.0;18.93;2.9
187.0;482.51;71.0;18.82;2.97
376.0;642.56;105.0;18.69;3.17
569.0;751.8;124.0;19.84;3.72
736.0;804.81;141.0;21.41;4.69
872.0;846.73;149.0;22.58;4.76
960.0;869.78;153.0;23.73;4.76
989.0;866.01;161.0;25.16;5.24
976.0;883.86;148.0;25.68;4.9
901.0;874.64;139.0;26.63;5.03
768.0;824.8;138.0;26.71;4.9
599.0;754.08;130.0;26.75;4.9
410.0;652.39;113.0;26.45;4.9
220.0;508.92;80.0;25.5;4.28
54.0;245.33;31.0;24.16;4.07
0.0;0.0;0.0;22.96;3.17
0.0;0.0;0.0;22.14;2.21
0.0;0.0;0.0;21.34;1.66
0.0;0.0;0.0;20.44;1.86
0.0;0.0;0.0;19.62;2.0
0.0;0.0;0.0;18.87;1.86
0.0;0.0;0.0;18.17;1.66
0.0;0.0;0.0;17.5;1.38
0.0;0.0;0.0;16.85;1.31
24.0;100.38;18.0;16.33;1.38
178.0;408.52;80.0;17.29;1.17
305.0;308.62;175.0;19.8;1.79
566.0;740.57;128.0;21.25;2.83
534.0;251.72;348.0;22.57;4.21
726.0;447.51;344.0;23.35;4.34
754.0;367.57;413.0;24.49;4.76
839.0;486.32;374.0;25.15;5.1
736.0;323.37;433.0;25.86;5.17
691.0;341.9;393.0;26.11;5.03
551.0;247.27;362.0;26.25;4.9
584.0;690.67;154.0;26.08;4.62
304.0;219.31;204.0;25.52;4.34
147.0;112.38;116.0;24.61;4.0
23.0;0.0;23.0;23.55;3.66
0.0;0.0;0.0;22.22;3.31
0.0;0.0;0.0;20.99;2.97
0.0;0.0;0.0;19.93;2.48
0.0;0.0;0.0;19.04;1.93
0.0;0.0;0.0;18.13;1.86
0.0;0.0;0.0;17.17;1.93
0.0;0.0;0.0;16.26;1.93
0.0;0.0;0.0;15.41;1.86
0.0;0.0;0.0;14.62;1.86
30.0;202.65;18.0;13.87;1.66
185.0;455.5;76.0;14.54;1.31
372.0;613.34;114.0;17.04;1.03
566.0;732.77;133.0;19.19;1.38
740.0;807.06;144.0;21.01;1.86
833.0;714.87;223.0;22.56;2.48
955.0;839.85;176.0;24.08;2.83
875.0;552.21;347.0;25.46;3.1
154.0;0.0;154.0;26.51;3.38
323.0;4.59;319.0;27.34;3.45
708.0;610.6;241.0;28.01;3.52
609.0;768.64;130.0;28.29;3.86
426.0;707.35;103.0;27.85;4.34
214.0;444.76;91.0;26.43;4.55
56.0;273.1;30.0;24.52;4.28
0.0;0.0;0.0;22.86;3.72
0.0;0.0;0.0;21.47;2.76
0.0;0.0;0.0;20.47;2.62
0.0;0.0;0.0;19.32;3.1
0.0;0.0;0.0;18.18;3.24
0.0;0.0;0.0;17.21;2.9
0.0;0.0;0.0;16.27;2.76
0.0;0.0;0.0;15.41;3.03
0.0;0.0;0.0;14.62;3.03
17.0;17.07;16.0;13.99;3.03
188.0;490.29;71.0;14.09;3.24
378.0;652.38;104.0;15.08;3.66
569.0;753.82;124.0;16.4;3.86
741.0;819.78;136.0;18.03;4.34
844.0;763.23;193.0;19.43;4.48
910.0;726.8;236.0;19.96;4.48
948.0;747.8;233.0;20.57;4.34
937.0;771.34;214.0;20.92;4.34
833.0;670.7;248.0;21.38;4.21
735.0;705.65;195.0;21.8;4.07
470.0;312.64;275.0;21.72;4.0
409.0;636.43;118.0;21.55;3.79
221.0;497.87;83.0;21.22;3.66
54.0;240.06;31.0;20.48;3.24
0.0;0.0;0.0;19.45;2.55
0.0;0.0;0.0;18.53;2.41
0.0;0.0;0.0;17.75;2.28
0.0;0.0;0.0;17.14;2.0
0.0;0.0;0.0;16.72;1.86
0.0;0.0;0.0;16.34;1.93
0.0;0.0;0.0;15.85;2.07
0.0;0.0;0.0;15.39;2.28
0.0;0.0;0.0;14.88;2.34
8.0;0.0;8.0;14.58;2.28
64.0;0.0;64.0;14.64;2.48
318.0;367.28;164.0;15.84;2.62
467.0;388.34;238.0;16.9;2.83
620.0;452.9;286.0;18.35;3.17
453.0;59.82;402.0;20.12;3.93
617.0;166.11;463.0;21.58;4.28
313.0;1.05;312.0;22.58;4.48
718.0;295.49;441.0;23.17;4.76
584.0;175.36;431.0;23.36;4.76
615.0;378.77;325.0;23.48;4.83
538.0;519.07;214.0;23.35;4.83
397.0;578.88;132.0;22.75;4.97
226.0;532.88;78.0;21.91;4.62
42.0;93.42;33.0;21.2;4.07
0.0;0.0;0.0;19.91;4.07
0.0;0.0;0.0;18.51;3.03
0.0;0.0;0.0;17.71;1.79
0.0;0.0;0.0;17.12;1.45
0.0;0.0;0.0;16.2;1.45
0.0;0.0;0.0;15.36;1.38
0.0;0.0;0.0;14.52;1.38
0.0;0.0;0.0;13.74;1.45
0.0;0.0;0.0;13.01;1.31
28.0;175.27;18.0;12.49;1.17
186.0;489.26;70.0;13.18;1.1
376.0;652.28;103.0;15.45;1.45
568.0;753.81;124.0;17.11;1.45
736.0;807.43;141.0;18.88;1.66
872.0;849.63;148.0;20.7;2.41
957.0;860.97;159.0;22.44;3.17
991.0;869.27;160.0;23.85;3.59
980.0;887.47;148.0;25.02;3.72
896.0;855.97;149.0;25.78;3.79
778.0;840.75;134.0;25.93;3.79
608.0;770.07;127.0;26.1;3.93
420.0;678.66;109.0;25.79;4.07
227.0;531.96;79.0;24.99;4.14
57.0;258.32;32.0;24.13;3.86
0.0;0.0;0.0;22.58;3.59
0.0;0.0;0.0;21.27;3.24
0.0;0.0;0.0;20.15;2.76
0.0;0.0;0.0;19.14;2.34
0.0;0.0;0.0;18.17;2.0
0.0;0.0;0.0;17.19;1.86
0.0;0.0;0.0;16.26;1.79
0.0;0.0;0.0;15.46;1.72
0.0;0.0;0.0;14.74;1.59
28.0;178.0;18.0;14.14;1.52
142.0;190.5;97.0;14.87;1.38
337.0;452.47;148.0;17.21;1.03
429.0;282.18;263.0;18.99;1.52
651.0;533.76;258.0;20.81;2.28
846.0;776.12;185.0;22.51;2.97
928.0;781.39;204.0;23.94;3.59
995.0;878.81;155.0;25.22;4.07
946.0;799.97;196.0;26.2;4.48
798.0;578.55;293.0;26.83;4.9
677.0;529.84;271.0;27.12;5.03
584.0;680.01;159.0;26.82;4.9
370.0;442.59;167.0;26.26;4.69
190.0;290.71;109.0;25.17;4.28
21.0;0.0;21.0;23.62;3.66
0.0;0.0;0.0;22.24;2.83
0.0;0.0;0.0;21.02;2.55
0.0;0.0;0.0;19.98;2.21
0.0;0.0;0.0;18.92;1.66
0.0;0.0;0.0;17.78;1.24
0.0;0.0;0.0;16.66;1.17
0.0;0.0;0.0;15.63;1.24
0.0;0.0;0.0;14.87;1.17
0.0;0.0;0.0;14.28;0.97
15.0;18.11;14.0;13.94;0.83
144.0;199.76;97.0;14.37;0.62
341.0;467.82;146.0;17.4;0.76
563.0;738.74;129.0;19.26;1.1
742.0;825.14;135.0;21.34;2.55
885.0;878.8;137.0;22.64;3.38
976.0;902.6;140.0;23.83;3.66
1007.0;898.84;148.0;24.97;3.86
990.0;905.58;141.0;25.87;4.0
911.0;885.45;138.0;26.47;4.07
783.0;848.0;133.0;26.76;4.0
612.0;777.22;126.0;26.63;4.0
421.0;677.54;110.0;26.09;3.79
210.0;401.5;98.0;25.22;3.59
57.0;266.9;31.0;23.82;3.1
0.0;0.0;0.0;22.74;3.1
0.0;0.0;0.0;21.7;2.9
0.0;0.0;0.0;20.63;2.41
0.0;0.0;0.0;19.78;1.79
0.0;0.0;0.0;18.7;1.1
0.0;0.0;0.0;17.45;0.83
0.0;0.0;0.0;16.24;1.31
0.0;0.0;0.0;15.87;2.28
0.0;0.0;0.0;15.34;2.62
27.0;202.95;16.0;14.83;2.83
185.0;490.87;70.0;15.23;2.83
373.0;644.41;105.0;17.25;2.76
570.0;761.96;123.0;18.87;2.55
743.0;827.29;135.0;20.48;1.86
882.0;869.95;142.0;22.12;1.52
983.0;918.08;133.0;23.55;1.38
1009.0;902.18;147.0;24.84;1.38
977.0;872.56;159.0;25.92;1.93
879.0;791.44;188.0;26.49;2.21
442.0;91.3;372.0;26.81;2.21
611.0;770.5;129.0;26.92;2.55
427.0;698.9;106.0;25.94;3.1
227.0;522.9;81.0;25.02;3.52
39.0;61.47;33.0;25.21;1.59
0.0;0.0;0.0;24.08;1.38
0.0;0.0;0.0;22.74;1.86
0.0;0.0;0.0;21.26;2.28
0.0;0.0;0.0;19.92;3.03
0.0;0.0;0.0;18.64;3.72
0.0;0.0;0.0;17.43;3.59
0.0;0.0;0.0;16.49;3.17
0.0;0.0;0.0;15.75;2.76
0.0;0.0;0.0;15.15;2.48
24.0;150.66;16.0;14.67;2.28
0.0;0.0;0.0;15.23;2.07
0.0;0.0;0.0;17.81;1.66
0.0;0.0;0.0;20.11;1.1
740.0;818.59;139.0;22.32;0.41
883.0;871.72;142.0;24.23;0.21
979.0;907.68;139.0;25.93;0.76
1011.0;904.5;147.0;27.4;1.17
989.0;898.24;147.0;28.58;1.38
915.0;891.04;137.0;29.5;1.45
782.0;841.11;137.0;30.13;1.45
616.0;783.04;126.0;30.42;1.52
424.0;683.35;110.0;30.35;1.52
234.0;561.93;77.0;29.94;1.45
51.0;173.98;34.0;29.24;1.86
0.0;0.0;0.0;27.6;1.59
0.0;0.0;0.0;26.2;1.79
0.0;0.0;0.0;24.71;2.0
0.0;0.0;0.0;23.17;1.93
0.0;0.0;0.0;21.69;1.72
0.0;0.0;0.0;20.32;1.66
0.0;0.0;0.0;19.04;1.52
0.0;0.0;0.0;17.92;1.38
0.0;0.0;0.0;17.1;1.17
0.0;0.0;0.0;17.06;0.83
0.0;0.0;0.0;17.31;0.34
0.0;0.0;0.0;19.82;0.28
571.0;767.74;122.0;22.75;0.48
742.0;822.19;139.0;25.28;1.38
885.0;874.71;142.0;27.61;2.48
972.0;886.49;152.0;29.29;3.52
1008.0;895.33;153.0;30.33;4.41
992.0;902.63;146.0;30.97;4.83
913.0;883.02;142.0;31.35;4.9
781.0;834.49;141.0;31.51;4.9
416.0;183.73;301.0;31.35;4.83
424.0;678.78;112.0;30.82;4.55
233.0;554.57;78.0;29.96;4.28
60.0;296.73;31.0;28.48;3.66
0.0;0.0;0.0;26.77;3.38
0.0;0.0;0.0;25.37;3.17
0.0;0.0;0.0;24.24;2.9
0.0;0.0;0.0;23.24;2.41
0.0;0.0;0.0;22.23;1.93
0.0;0.0;0.0;21.13;1.72
0.0;0.0;0.0;20.2;1.66
0.0;0.0;0.0;19.33;1.59
0.0;0.0;0.0;18.49;1.45
24.0;177.59;15.0;17.82;0.97
178.0;463.44;71.0;17.99;0.83
371.0;651.75;102.0;20.3;1.24
563.0;753.61;123.0;22.05;1.17
732.0;809.47;139.0;23.89;2.07
841.0;763.46;193.0;25.33;2.62
914.0;742.01;228.0;26.5;2.69
981.0;841.15;178.0;27.34;2.69
981.0;889.98;147.0;28.18;2.76
841.0;686.07;242.0;28.95;2.83
756.0;766.65;168.0;29.38;2.83
448.0;252.4;290.0;29.1;2.88
418.0;663.45;113.0;28.17;2.78
217.0;450.77;91.0;27.25;2.69
52.0;194.55;33.0;26.32;2.6
0.0;0.0;0.0;25.39;2.51
0.0;0.0;0.0;24.46;2.42
0.0;0.0;0.0;23.53;2.33
0.0;0.0;0.0;22.6;2.24
0.0;0.0;0.0;21.67;2.15
0.0;0.0;0.0;20.74;2.06
0.0;0.0;0.0;19.81;1.97
0.0;0.0;0.0;18.88;1.88
0.0;0.0;0.0;17.95;1.79
5.0;0.0;5.0;17.03;1.7
67.0;4.35;66.0;16.1;1.61
74.0;0.0;74.0;15.17;1.52
326.0;92.65;272.0;21.42;2.55
446.0;121.63;357.0;22.95;3.03
414.0;36.55;383.0;24.35;3.66
708.0;293.29;437.0;25.81;4.34
939.0;731.43;241.0;26.82;4.9
951.0;816.52;186.0;27.65;5.24
906.0;884.3;134.0;27.93;5.31
762.0;796.65;151.0;28.01;5.03
555.0;563.9;202.0;27.29;4.69
400.0;576.43;135.0;27.19;3.93
183.0;246.9;114.0;26.64;3.17
56.0;235.88;33.0;25.27;2.76
0.0;0.0;0.0;23.59;2.34
0.0;0.0;0.0;22.16;2.34
0.0;0.0;0.0;20.8;2.41
0.0;0.0;0.0;19.56;2.41
0.0;0.0;0.0;18.46;2.34
0.0;0.0;0.0;17.42;2.07
0.0;0.0;0.0;16.23;1.72
0.0;0.0;0.0;15.11;1.52
0.0;0.0;0.0;14.35;1.31
19.0;104.21;14.0;13.76;1.17
184.0;529.99;63.0;14.28;0.83
374.0;679.87;95.0;16.46;1.1
567.0;778.66;114.0;18.19;1.31
741.0;842.89;125.0;19.91;0.76
881.0;883.92;132.0;21.55;0.07
978.0;919.38;129.0;23.2;0.69
1020.0;940.34;123.0;24.74;1.17
999.0;935.24;123.0;26.1;1.59
921.0;915.37;122.0;27.15;1.86
788.0;867.13;123.0;27.83;2.07
618.0;798.78;118.0;28.13;2.14
429.0;711.4;102.0;28.06;2.14
238.0;594.28;72.0;27.62;2.21
59.0;287.88;31.0;26.73;2.14
0.0;0.0;0.0;25.02;2.21
0.0;0.0;0.0;23.48;2.41
0.0;0.0;0.0;22.14;2.14
0.0;0.0;0.0;20.85;1.79
0.0;0.0;0.0;19.56;1.59
0.0;0.0;0.0;18.34;1.45
0.0;0.0;0.0;17.29;1.24
0.0;0.0;0.0;16.48;1.1
0.0;0.0;0.0;15.79;1.1
14.0;42.99;12.0;15.31;1.03
181.0;524.39;62.0;15.81;0.69
365.0;659.96;95.0;18.58;0.83
550.0;742.26;119.0;20.8;1.86
716.0;794.65;136.0;22.63;2.0
847.0;822.11;151.0;24.41;2.21
905.0;750.92;212.0;26.11;2.62
857.0;545.37;337.0;27.58;2.76
958.0;862.9;150.0;28.93;2.76
873.0;813.58;163.0;30.27;3.03
689.0;579.05;245.0;30.93;2.97
539.0;527.28;209.0;31.51;2.83
418.0;683.32;104.0;31.04;2.48
230.0;562.49;73.0;30.16;2.83
58.0;278.55;31.0;27.7;2.48
0.0;0.0;0.0;26.2;1.93
0.0;0.0;0.0;24.77;2.0
0.0;0.0;0.0;23.43;2.28
0.0;0.0;0.0;22.26;2.41
0.0;0.0;0.0;21.26;2.55
0.0;0.0;0.0;20.46;2.41
0.0;0.0;0.0;19.68;1.79
0.0;0.0;0.0;18.85;1.38
0.0;0.0;0.0;18.12;1.17
19.0;155.54;12.0;17.76;1.03
178.0;509.99;63.0;18.06;0.83
366.0;666.99;94.0;19.71;1.72
558.0;769.62;112.0;21.07;1.86
728.0;824.53;127.0;22.62;1.79
866.0;865.45;134.0;24.2;1.72
967.0;914.07;124.0;25.78;2.0
1000.0;910.78;132.0;27.15;2.28
958.0;855.72;157.0;28.17;2.55
898.0;874.54;135.0;28.91;2.9
760.0;802.24;145.0;29.27;3.1
611.0;792.73;115.0;29.25;3.31
421.0;692.35;103.0;28.85;3.52
227.0;541.57;76.0;28.02;3.59
56.0;259.04;31.0;26.8;3.45
0.0;0.0;0.0;25.02;3.38
0.0;0.0;0.0;23.46;3.45
0.0;0.0;0.0;22.17;3.66
0.0;0.0;0.0;20.97;4.0
0.0;0.0;0.0;19.64;4.0
0.0;0.0;0.0;18.37;3.66
0.0;0.0;0.0;17.27;3.31
0.0;0.0;0.0;16.39;3.17
0.0;0.0;0.0;15.64;3.1
16.0;92.12;12.0;15.03;3.03
178.0;508.91;64.0;15.2;3.1
371.0;681.51;94.0;16.41;3.38
562.0;769.48;117.0;18.35;3.24
736.0;833.92;129.0;20.61;2.9
875.0;873.4;137.0;22.79;2.48
973.0;909.29;135.0;24.68;2.28
1010.0;917.55;136.0;26.3;2.21
995.0;925.53;129.0;27.59;1.86
913.0;894.3;133.0;28.55;1.52
790.0;870.34;123.0;29.27;1.45
623.0;813.82;114.0;29.64;1.72
432.0;725.45;99.0;29.65;2.0
239.0;606.96;70.0;29.21;2.21
61.0;333.35;29.0;28.38;1.72
0.0;0.0;0.0;26.62;2.07
0.0;0.0;0.0;24.86;2.34
0.0;0.0;0.0;23.41;2.55
0.0;0.0;0.0;22.3;2.76
0.0;0.0;0.0;21.54;3.31
0.0;0.0;0.0;20.67;3.66
0.0;0.0;0.0;19.71;3.38
0.0;0.0;0.0;18.89;3.03
0.0;0.0;0.0;18.25;2.69
15.0;95.76;11.0;17.71;2.55
175.0;503.46;63.0;18.12;2.28
367.0;676.47;93.0;20.28;2.41
558.0;767.66;115.0;22.55;2.62
728.0;821.37;131.0;24.55;2.41
871.0;874.3;133.0;26.43;2.0
963.0;898.02;136.0;28.2;1.59
1001.0;907.56;137.0;29.74;1.17
980.0;902.41;136.0;30.98;0.69
904.0;883.17;134.0;31.8;0.69
774.0;836.72;133.0;32.34;0.9
583.0;673.44;162.0;32.46;1.03
403.0;597.39;129.0;32.18;1.1
197.0;327.37;106.0;31.65;1.03
53.0;220.15;32.0;30.51;0.76
0.0;0.0;0.0;29.17;0.83
0.0;0.0;0.0;27.65;1.1
0.0;0.0;0.0;26.32;1.17
0.0;0.0;0.0;24.92;1.24
0.0;0.0;0.0;23.58;1.24
0.0;0.0;0.0;22.66;1.66
0.0;0.0;0.0;22.04;2.28
0.0;0.0;0.0;21.2;2.14
0.0;0.0;0.0;20.3;1.86
4.0;0.0;4.0;19.32;1.86
72.0;9.06;70.0;19.61;1.59
364.0;671.47;93.0;21.93;1.72
539.0;710.32;130.0;23.61;1.66
712.0;786.78;141.0;25.64;1.31
853.0;840.84;144.0;27.65;1.03
949.0;876.99;142.0;29.65;0.76
987.0;886.03;144.0;31.37;0.76
967.0;881.44;143.0;32.76;1.24
877.0;820.43;162.0;33.69;1.72
660.0;491.03;284.0;34.16;2.14
539.0;521.78;213.0;34.1;2.34
366.0;432.1;168.0;33.87;2.55
20.0;0.0;20.0;33.15;3.24
5.0;0.0;5.0;30.83;1.79
0.0;0.0;0.0;29.6;1.86
0.0;0.0;0.0;28.09;1.38
0.0;0.0;0.0;26.93;0.69
0.0;0.0;0.0;25.79;0.55
0.0;0.0;0.0;23.92;1.03
0.0;0.0;0.0;23.13;0.55
0.0;0.0;0.0;22.72;0.14
0.0;0.0;0.0;21.95;0.34
0.0;0.0;0.0;21.38;0.55
10.0;0.0;10.0;20.64;0.76
161.0;410.56;71.0;20.54;0.55
350.0;606.82;106.0;22.59;0.9
543.0;729.35;124.0;24.49;0.83
714.0;792.14;140.0;26.53;1.03
856.0;846.52;143.0;28.68;1.79
942.0;854.87;156.0;30.7;2.9
969.0;830.85;179.0;32.2;3.93
897.0;680.7;261.0;33.15;4.41
861.0;763.43;196.0;33.71;4.62
749.0;761.75;166.0;33.84;4.62
437.0;235.44;290.0;33.8;4.48
410.0;642.31;116.0;33.44;4.28
223.0;520.24;79.0;32.44;3.45
54.0;244.92;31.0;30.8;2.48
0.0;0.0;0.0;28.89;2.21
0.0;0.0;0.0;27.07;1.72
0.0;0.0;0.0;25.36;1.45
0.0;0.0;0.0;23.92;2.48
0.0;0.0;0.0;22.27;3.66
0.0;0.0;0.0;20.55;3.79
0.0;0.0;0.0;19.39;3.38
0.0;0.0;0.0;18.61;2.97
0.0;0.0;0.0;17.99;2.97
9.0;0.0;9.0;17.39;2.83
168.0;478.15;64.0;17.43;3.03
357.0;646.6;98.0;18.2;3.38
551.0;757.25;117.0;19.62;3.72
724.0;822.43;129.0;21.17;3.79
859.0;851.05;143.0;22.74;3.66
956.0;887.18;141.0;24.26;3.45
994.0;895.61;143.0;25.57;3.17
980.0;903.83;136.0;26.65;3.24
899.0;872.96;139.0;27.34;3.38
778.0;848.5;129.0;27.64;3.59
609.0;780.63;122.0;27.47;3.93
419.0;684.7;106.0;26.79;4.21
229.0;561.43;74.0;25.72;4.41
56.0;279.48;30.0;24.21;3.93
0.0;0.0;0.0;22.82;3.31
0.0;0.0;0.0;21.62;3.03
0.0;0.0;0.0;20.53;3.03
0.0;0.0;0.0;19.49;3.31
0.0;0.0;0.0;18.43;3.45
0.0;0.0;0.0;17.37;3.45
0.0;0.0;0.0;16.41;3.38
0.0;0.0;0.0;15.56;3.1
0.0;0.0;0.0;14.83;2.83
9.0;0.0;9.0;14.23;2.62
171.0;505.21;62.0;14.32;2.62
364.0;676.74;94.0;15.23;2.83
556.0;769.58;116.0;17.13;2.69
727.0;822.41;133.0;19.25;2.48
867.0;862.78;142.0;21.3;2.07
965.0;897.78;141.0;23.1;1.66
1009.0;919.42;136.0;24.64;1.38
994.0;926.89;129.0;25.97;1.38
912.0;896.48;132.0;27.07;1.59
785.0;860.85;127.0;27.81;1.93
615.0;794.18;120.0;28.09;2.34
426.0;707.6;103.0;27.91;2.76
232.0;573.97;74.0;27.19;3.1
55.0;282.43;29.0;25.84;2.62
0.0;0.0;0.0;24.45;1.93
0.0;0.0;0.0;23.13;1.31
0.0;0.0;0.0;22.13;0.97
0.0;0.0;0.0;20.73;0.9
0.0;0.0;0.0;19.04;1.24
0.0;0.0;0.0;17.8;1.59
0.0;0.0;0.0;17.09;2.0
0.0;0.0;0.0;16.59;2.48
0.0;0.0;0.0;16.04;2.48
8.0;0.0;8.0;15.44;2.28
166.0;486.09;62.0;15.69;1.93
352.0;634.2;100.0;17.61;1.86
551.0;768.01;113.0;19.75;1.93
719.0;811.33;134.0;21.76;1.59
862.0;863.84;137.0;23.54;1.24
966.0;911.71;130.0;25.13;0.97
1004.0;921.17;130.0;26.52;0.76
985.0;916.79;130.0;27.66;0.69
908.0;897.07;128.0;28.56;0.76
765.0;813.06;144.0;29.17;0.69
589.0;701.84;152.0;29.45;0.76
418.0;684.62;106.0;29.44;0.76
224.0;535.73;77.0;29.1;0.83
49.0;197.82;31.0;28.46;0.62
0.0;0.0;0.0;27.33;1.45
0.0;0.0;0.0;25.51;2.28
0.0;0.0;0.0;23.86;3.03
0.0;0.0;0.0;22.49;4.07
0.0;0.0;0.0;21.03;4.21
0.0;0.0;0.0;19.88;3.86
0.0;0.0;0.0;19.0;3.66
0.0;0.0;0.0;18.33;3.24
0.0;0.0;0.0;17.74;3.03
7.0;0.0;7.0;17.25;2.83
160.0;457.33;63.0;17.55;2.55
349.0;636.87;97.0;19.26;2.76
543.0;748.89;117.0;21.33;2.76
716.0;814.14;130.0;23.36;2.41
860.0;867.32;133.0;25.45;2.07
948.0;879.85;142.0;27.4;1.72
987.0;889.21;144.0;29.12;1.17
967.0;885.26;142.0;30.39;0.76
777.0;537.48;310.0;31.21;1.17
714.0;651.26;217.0;31.7;1.52
607.0;784.64;119.0;31.8;1.72
400.0;604.52;125.0;31.52;1.66
219.0;508.39;80.0;31.04;1.66
48.0;189.24;31.0;30.18;1.31
0.0;0.0;0.0;28.64;1.03
0.0;0.0;0.0;27.5;1.1
0.0;0.0;0.0;26.24;0.69
0.0;0.0;0.0;25.4;0.76
0.0;0.0;0.0;23.59;1.17
0.0;0.0;0.0;22.07;1.59
0.0;0.0;0.0;21.22;2.14
0.0;0.0;0.0;20.24;2.07
0.0;0.0;0.0;19.26;1.79
6.0;0.0;6.0;18.51;1.86
153.0;399.62;69.0;18.96;1.72
340.0;588.87;108.0;21.22;1.93
532.0;712.09;128.0;23.17;1.72
703.0;773.85;147.0;25.23;1.45
845.0;830.23;150.0;27.4;1.17
942.0;867.63;148.0;29.5;1.17
981.0;877.29;150.0;31.21;1.59
967.0;884.86;143.0;32.42;2.48
781.0;549.42;304.0;33.0;3.03
758.0;806.63;143.0;33.3;3.24
564.0;619.8;179.0;33.09;3.31
330.0;306.16;191.0;32.81;3.17
180.0;253.35;111.0;32.01;2.9
45.0;158.05;31.0;31.0;1.52
0.0;0.0;0.0;29.38;1.31
0.0;0.0;0.0;28.03;1.45
0.0;0.0;0.0;26.44;1.59
0.0;0.0;0.0;26.69;0.34
0.0;0.0;0.0;23.82;1.79
0.0;0.0;0.0;23.07;2.62
0.0;0.0;0.0;22.17;2.48
0.0;0.0;0.0;21.17;2.21
0.0;0.0;0.0;20.06;2.07
6.0;0.0;6.0;19.26;2.14
152.0;403.34;68.0;19.51;2.0
340.0;594.04;107.0;21.97;2.34
533.0;715.79;128.0;23.97;2.28
697.0;748.78;160.0;26.18;2.07
847.0;834.95;149.0;28.43;1.86
940.0;857.61;156.0;30.63;2.0
984.0;881.24;150.0;32.54;2.76
938.0;798.53;195.0;33.8;3.59
635.0;249.0;419.0;34.63;3.93
682.0;554.05;260.0;35.17;4.14
549.0;562.62;200.0;35.13;4.14
412.0;671.04;108.0;34.73;4.14
213.0;471.97;85.0;33.9;3.86
47.0;194.88;30.0;31.96;3.31
0.0;0.0;0.0;29.81;3.17
0.0;0.0;0.0;28.24;1.86
0.0;0.0;0.0;26.93;1.17
0.0;0.0;0.0;25.09;1.93
0.0;0.0;0.0;24.28;2.9
0.0;0.0;0.0;23.19;2.69
0.0;0.0;0.0;22.15;2.21
0.0;0.0;0.0;20.83;1.72
0.0;0.0;0.0;19.72;1.66
5.0;0.0;5.0;18.8;1.59
154.0;436.32;64.0;19.01;1.24
343.0;619.8;101.0;21.8;1.38
534.0;719.55;128.0;24.0;1.59
714.0;811.67;133.0;26.08;1.66
854.0;852.88;142.0;28.08;2.28
947.0;876.07;147.0;29.8;3.38
986.0;885.23;149.0;31.11;3.93
962.0;866.99;156.0;32.07;4.28
800.0;593.08;286.0;32.76;4.48
792.0;897.69;109.0;33.02;4.69
227.0;6.46;223.0;32.9;4.9
218.0;48.68;196.0;32.24;4.97
44.0;0.0;44.0;30.88;4.41
28.0;0.0;28.0;29.16;3.45
0.0;0.0;0.0;27.46;2.83
0.0;0.0;0.0;26.11;2.14
0.0;0.0;0.0;24.96;2.21
0.0;0.0;0.0;23.99;2.69
0.0;0.0;0.0;23.06;2.9
0.0;0.0;0.0;22.11;3.17
0.0;0.0;0.0;21.13;3.31
0.0;0.0;0.0;20.22;3.31
0.0;0.0;0.0;19.41;3.24
0.0;0.0;0.0;18.75;2.97
79.0;29.38;73.0;18.55;2.97
170.0;33.45;157.0;19.12;3.31
328.0;113.75;264.0;20.08;3.72
423.0;110.58;344.0;21.52;3.86
661.0;350.28;369.0;23.01;4.0
875.0;686.3;249.0;24.83;4.41
891.0;639.43;287.0;25.99;4.76
606.0;151.81;465.0;26.93;4.9
445.0;49.66;402.0;27.49;5.03
496.0;164.48;371.0;27.73;5.1
575.0;677.55;156.0;27.68;5.31
411.0;680.98;104.0;27.01;5.17
197.0;379.7;95.0;26.14;4.62
27.0;0.0;27.0;24.63;3.79
0.0;0.0;0.0;23.46;2.76
0.0;0.0;0.0;22.58;1.93
0.0;0.0;0.0;21.81;1.45
0.0;0.0;0.0;20.86;0.97
0.0;0.0;0.0;20.09;0.9
0.0;0.0;0.0;19.46;0.83
0.0;0.0;0.0;19.01;0.76
0.0;0.0;0.0;18.66;0.62
0.0;0.0;0.0;18.25;0.62
0.0;0.0;0.0;18.22;0.55
141.0;356.13;69.0;18.34;0.41
187.0;59.47;164.0;19.53;0.76
530.0;732.62;119.0;21.31;1.31
703.0;798.04;134.0;22.89;2.0
788.0;667.95;232.0;24.34;2.48
855.0;633.33;278.0;25.84;3.03
933.0;752.41;223.0;26.98;3.31
961.0;881.56;143.0;27.85;3.38
867.0;805.86;170.0;28.81;3.45
757.0;816.87;137.0;29.36;3.45
601.0;780.78;119.0;29.55;3.59
410.0;680.61;104.0;29.25;3.66
218.0;542.63;73.0;28.38;3.52
28.0;0.0;28.0;27.26;2.48
0.0;0.0;0.0;25.6;2.14
0.0;0.0;0.0;24.15;2.21
0.0;0.0;0.0;22.88;2.21
0.0;0.0;0.0;21.67;1.86
0.0;0.0;0.0;20.37;1.52
0.0;0.0;0.0;19.1;1.17
0.0;0.0;0.0;18.13;0.97
0.0;0.0;0.0;17.37;0.83
0.0;0.0;0.0;16.89;0.76
0.0;0.0;0.0;16.58;0.69
157.0;494.85;58.0;16.58;0.48
350.0;672.94;91.0;18.65;0.48
535.0;731.23;126.0;21.47;0.28
722.0;834.8;128.0;23.88;0.83
874.0;901.18;125.0;25.89;2.14
960.0;901.14;140.0;27.44;3.03
995.0;898.54;148.0;28.72;3.38
981.0;906.2;141.0;29.69;3.72
905.0;887.77;138.0;30.39;4.07
778.0;853.6;131.0;30.68;4.34
611.0;796.83;120.0;30.49;4.41
420.0;709.36;102.0;29.89;4.28
225.0;583.34;70.0;28.85;4.07
25.0;0.0;25.0;27.49;3.31
0.0;0.0;0.0;25.67;3.1
0.0;0.0;0.0;24.21;2.9
0.0;0.0;0.0;22.91;2.62
0.0;0.0;0.0;21.73;2.34
0.0;0.0;0.0;20.53;2.07
0.0;0.0;0.0;19.12;1.72
0.0;0.0;0.0;17.8;1.31
0.0;0.0;0.0;17.05;1.03
0.0;0.0;0.0;16.75;0.83
0.0;0.0;0.0;16.39;0.76
154.0;485.07;58.0;16.53;0.55
348.0;668.5;92.0;18.63;0.83
544.0;771.11;114.0;21.18;1.59
719.0;826.69;132.0;23.32;2.34
861.0;868.84;140.0;25.07;3.17
952.0;878.07;154.0;26.5;3.93
991.0;886.79;156.0;27.62;4.34
978.0;897.46;147.0;28.41;4.48
897.0;864.48;151.0;28.93;4.62
771.0;831.05;142.0;29.0;4.69
609.0;790.28;123.0;28.75;4.62
420.0;713.81;101.0;28.13;4.48
225.0;586.86;70.0;27.03;4.34
24.0;0.0;24.0;25.7;3.93
0.0;0.0;0.0;24.06;3.38
0.0;0.0;0.0;22.67;2.83
0.0;0.0;0.0;21.52;2.41
0.0;0.0;0.0;20.53;2.34
0.0;0.0;0.0;19.52;2.28
0.0;0.0;0.0;18.42;2.0
0.0;0.0;0.0;17.23;1.86
0.0;0.0;0.0;16.22;1.72
0.0;0.0;0.0;15.42;1.79
0.0;0.0;0.0;14.85;1.86
146.0;434.29;61.0;15.26;1.79
338.0;635.19;96.0;16.96;2.41
532.0;737.53;122.0;18.67;2.62
707.0;803.05;138.0;20.54;2.34
848.0;844.88;148.0;22.22;1.59
942.0;868.19;154.0;23.69;0.83
988.0;892.07;149.0;24.87;0.28
931.0;777.38;212.0;25.81;0.21
874.0;807.54;178.0;26.66;0.62
688.0;572.96;255.0;27.28;1.17
527.0;490.49;226.0;27.48;1.66
345.0;370.43;180.0;27.14;1.93
158.0;175.28;112.0;26.43;2.0
26.0;0.0;26.0;25.4;1.59
0.0;0.0;0.0;24.32;1.45
0.0;0.0;0.0;23.31;1.59
0.0;0.0;0.0;22.01;1.59
0.0;0.0;0.0;20.92;1.59
0.0;0.0;0.0;19.88;0.9
0.0;0.0;0.0;19.24;0.48
0.0;0.0;0.0;17.67;2.14
0.0;0.0;0.0;16.58;2.28
0.0;0.0;0.0;15.85;2.0
0.0;0.0;0.0;15.09;1.66
106.0;144.71;78.0;15.09;1.24
338.0;643.8;94.0;17.24;0.69
526.0;721.83;126.0;19.25;0.34
708.0;814.7;132.0;21.44;1.52
855.0;869.24;136.0;23.3;2.55
946.0;881.49;147.0;24.66;2.97
985.0;891.01;148.0;25.75;3.1
967.0;887.64;147.0;26.71;3.1
891.0;869.02;143.0;27.41;3.1
769.0;845.6;131.0;27.87;3.03
603.0;788.82;120.0;27.88;3.03
408.0;678.13;107.0;27.54;2.9
211.0;517.93;76.0;26.88;2.69
23.0;0.0;23.0;25.91;2.48
0.0;0.0;0.0;24.48;2.41
0.0;0.0;0.0;23.04;2.48
0.0;0.0;0.0;21.79;2.21
0.0;0.0;0.0;20.59;1.86
0.0;0.0;0.0;19.48;1.03
0.0;0.0;0.0;18.42;0.41
0.0;0.0;0.0;17.91;0.55
0.0;0.0;0.0;15.93;1.45
0.0;0.0;0.0;15.41;1.52
0.0;0.0;0.0;15.01;1.38
144.0;454.94;57.0;15.24;1.03
334.0;633.99;95.0;17.68;0.48
531.0;749.51;117.0;19.87;0.28
654.0;622.31;215.0;22.09;1.52
753.0;564.32;287.0;23.99;2.83
889.0;715.89;241.0;25.38;3.59
729.0;299.51;448.0;26.23;4.07
956.0;857.31;165.0;27.17;4.34
882.0;839.98;160.0;27.82;4.48
744.0;760.75;171.0;28.42;4.69
515.0;458.37;235.0;28.45;4.9
409.0;691.96;103.0;27.96;5.03
215.0;552.58;72.0;27.05;4.83
23.0;0.0;23.0;25.57;3.86
0.0;0.0;0.0;23.95;3.52
0.0;0.0;0.0;22.71;3.17
0.0;0.0;0.0;21.69;3.03
0.0;0.0;0.0;20.87;2.83
0.0;0.0;0.0;20.07;2.76
0.0;0.0;0.0;19.46;2.9
0.0;0.0;0.0;18.83;3.17
0.0;0.0;0.0;18.17;3.31
0.0;0.0;0.0;17.52;3.31
0.0;0.0;0.0;17.02;3.45
90.0;84.68;74.0;16.99;3.52
325.0;613.46;95.0;17.55;4.55
486.0;586.69;163.0;18.55;4.69
687.0;778.59;139.0;20.21;5.03
786.0;690.24;217.0;21.86;6.0
885.0;740.14;216.0;22.43;6.07
927.0;760.94;214.0;22.74;6.0
941.0;850.83;157.0;23.75;6.07
867.0;831.88;153.0;24.94;5.86
743.0;798.04;143.0;25.45;5.79
584.0;753.28;125.0;25.52;5.86
399.0;671.97;103.0;25.52;5.72
207.0;525.64;72.0;24.88;5.38
22.0;0.0;22.0;24.07;4.41
0.0;0.0;0.0;22.62;4.0
0.0;0.0;0.0;21.5;3.24
0.0;0.0;0.0;20.57;2.41
0.0;0.0;0.0;19.62;1.93
0.0;0.0;0.0;18.63;2.07
0.0;0.0;0.0;17.66;2.28
0.0;0.0;0.0;16.67;2.07
0.0;0.0;0.0;15.56;1.72
0.0;0.0;0.0;14.68;1.45
0.0;0.0;0.0;14.06;1.38
143.0;476.93;54.0;13.92;1.24
336.0;659.8;90.0;16.52;1.45
528.0;749.04;117.0;18.33;2.34
705.0;817.42;131.0;20.12;2.21
848.0;859.16;141.0;21.94;1.93
949.0;896.35;140.0;23.67;1.45
984.0;894.48;147.0;25.23;0.9
976.0;913.94;135.0;26.61;0.34
900.0;895.0;133.0;27.66;0.07
772.0;859.53;127.0;28.36;0.34
603.0;801.34;116.0;28.71;0.69
408.0;699.82;101.0;28.65;0.9
212.0;561.27;69.0;28.21;1.03
22.0;0.0;22.0;27.18;0.76
0.0;0.0;0.0;25.88;0.83
0.0;0.0;0.0;24.81;0.9
0.0;0.0;0.0;23.19;1.17
0.0;0.0;0.0;21.62;1.38
0.0;0.0;0.0;19.92;1.72
0.0;0.0;0.0;18.32;1.86
0.0;0.0;0.0;17.6;2.21
0.0;0.0;0.0;17.1;2.48
0.0;0.0;0.0;16.51;2.41
0.0;0.0;0.0;15.91;2.21
137.0;439.62;56.0;15.99;2.0
327.0;625.79;95.0;18.83;1.66
523.0;744.29;116.0;21.18;1.66
697.0;797.95;138.0;23.23;1.03
839.0;841.23;148.0;25.42;0.41
939.0;879.95;146.0;27.55;0.69
974.0;874.33;157.0;29.34;1.66
961.0;884.77;148.0;30.59;2.0
880.0;852.03;151.0;31.46;2.07
759.0;831.88;136.0;31.99;2.0
593.0;775.51;123.0;32.18;1.93
400.0;673.1;106.0;32.07;1.79
206.0;526.44;73.0;31.59;1.72
21.0;0.0;21.0;30.4;1.38
0.0;0.0;0.0;28.63;1.86
0.0;0.0;0.0;26.98;2.0
0.0;0.0;0.0;25.36;1.93
0.0;0.0;0.0;23.81;1.66
0.0;0.0;0.0;22.3;1.24
0.0;0.0;0.0;21.68;0.69
0.0;0.0;0.0;20.82;0.21
0.0;0.0;0.0;19.91;0.55
0.0;0.0;0.0;18.75;0.76
0.0;0.0;0.0;17.68;0.9
136.0;445.39;55.0;17.28;0.9
328.0;640.28;92.0;20.11;0.55
527.0;757.9;114.0;23.9;0.62
698.0;802.74;137.0;26.48;0.55
841.0;845.23;148.0;28.83;1.38
936.0;870.21;153.0;30.83;2.48
982.0;893.81;148.0;32.32;3.1
958.0;875.18;155.0;33.46;3.45
873.0;825.36;168.0;34.27;3.66
756.0;822.93;141.0;34.68;3.72
590.0;766.19;127.0;34.72;3.59
398.0;664.67;109.0;34.44;3.38
199.0;483.21;78.0;33.77;3.1
20.0;0.0;20.0;32.08;2.48
0.0;0.0;0.0;29.88;2.69
0.0;0.0;0.0;28.17;2.55
0.0;0.0;0.0;26.55;2.28
0.0;0.0;0.0;24.88;1.93
0.0;0.0;0.0;23.09;1.59
0.0;0.0;0.0;21.62;1.31
0.0;0.0;0.0;21.2;0.83
0.0;0.0;0.0;20.77;0.62
0.0;0.0;0.0;19.14;1.1
0.0;0.0;0.0;17.59;1.52
134.0;445.83;54.0;17.55;1.24
325.0;635.88;92.0;20.75;0.9
517.0;732.96;119.0;24.42;0.97
698.0;813.32;131.0;27.28;0.9
837.0;841.94;148.0;29.54;0.62
938.0;881.62;146.0;31.32;1.24
978.0;890.85;148.0;32.8;1.79
965.0;899.45;141.0;33.91;2.14
889.0;880.76;138.0;34.7;2.34
765.0;856.93;126.0;35.2;2.48
596.0;796.75;116.0;35.31;2.41
397.0;674.79;105.0;35.03;2.34
203.0;536.11;70.0;34.42;2.07
20.0;0.0;20.0;33.21;1.31
0.0;0.0;0.0;31.34;1.52
0.0;0.0;0.0;29.5;1.66
0.0;0.0;0.0;27.33;1.79
0.0;0.0;0.0;25.33;1.66
0.0;0.0;0.0;23.95;1.52
0.0;0.0;0.0;23.02;2.07
0.0;0.0;0.0;22.42;2.48
0.0;0.0;0.0;21.83;2.69
0.0;0.0;0.0;21.29;2.69
0.0;0.0;0.0;20.76;2.62
126.0;389.85;57.0;20.76;2.41
317.0;609.5;95.0;22.98;2.21
512.0;731.91;116.0;25.93;2.69
685.0;788.03;137.0;28.42;2.55
818.0;799.5;165.0;30.62;2.28
917.0;839.59;164.0;32.42;1.79
962.0;865.36;157.0;33.72;1.1
944.0;861.54;156.0;34.68;0.55
869.0;843.61;151.0;35.39;0.48
743.0;807.83;142.0;35.84;0.76
575.0;736.02;133.0;36.0;1.03
385.0;636.36;111.0;35.77;1.17
196.0;500.67;73.0;35.28;1.45
19.0;0.0;19.0;34.08;1.72
0.0;0.0;0.0;32.11;2.34
0.0;0.0;0.0;30.23;2.9
0.0;0.0;0.0;28.76;3.72
0.0;0.0;0.0;27.44;4.41
0.0;0.0;0.0;25.98;4.34
0.0;0.0;0.0;24.85;3.93
0.0;0.0;0.0;23.84;3.59
0.0;0.0;0.0;23.02;3.24
0.0;0.0;0.0;22.33;2.97
0.0;0.0;0.0;21.74;2.76
116.0;320.89;60.0;21.63;2.48
304.0;552.46;104.0;23.28;2.62
500.0;695.64;125.0;25.56;2.62
666.0;733.82;157.0;27.96;2.34
805.0;775.32;173.0;30.01;1.93
908.0;830.96;164.0;31.87;1.52
943.0;824.75;177.0;33.45;0.83
930.0;836.69;166.0;34.45;0.83
855.0;818.15;160.0;35.31;1.38
707.0;699.3;188.0;35.39;1.52
410.0;217.2;280.0;35.47;1.38
151.0;7.0;148.0;35.14;1.03
186.0;440.02;79.0;34.56;0.83
18.0;0.0;18.0;33.61;1.03
0.0;0.0;0.0;32.17;1.66
0.0;0.0;0.0;30.2;2.34
0.0;0.0;0.0;28.57;3.1
0.0;0.0;0.0;27.24;3.86
0.0;0.0;0.0;25.96;3.93
0.0;0.0;0.0;24.74;3.72
0.0;0.0;0.0;23.76;3.59
0.0;0.0;0.0;22.92;3.31
0.0;0.0;0.0;22.21;3.03
0.0;0.0;0.0;21.61;2.9
125.0;412.76;54.0;21.5;2.69
316.0;625.4;91.0;22.98;2.69
506.0;711.26;124.0;25.36;2.55
682.0;779.09;143.0;27.95;2.07
824.0;821.14;156.0;30.02;1.45
924.0;861.5;154.0;31.67;1.03
965.0;871.41;157.0;33.05;0.34
946.0;867.77;155.0;33.95;0.41
875.0;863.43;143.0;34.61;0.9
752.0;838.84;131.0;34.97;1.17
585.0;779.61;120.0;34.98;1.24
390.0;678.41;101.0;34.75;1.1
189.0;478.02;74.0;34.31;1.03
17.0;0.0;17.0;33.31;1.03
0.0;0.0;0.0;31.59;1.59
0.0;0.0;0.0;29.73;1.86
0.0;0.0;0.0;28.07;1.79
0.0;0.0;0.0;26.27;1.52
0.0;0.0;0.0;24.66;1.86
0.0;0.0;0.0;23.59;2.9
0.0;0.0;0.0;22.71;3.03
0.0;0.0;0.0;21.87;2.83
0.0;0.0;0.0;21.19;2.62
0.0;0.0;0.0;20.55;2.34
117.0;348.12;58.0;20.25;1.93
305.0;562.23;104.0;22.04;0.97
501.0;689.66;132.0;24.59;0.97
683.0;784.05;142.0;26.95;0.76
826.0;826.54;155.0;29.58;1.17
922.0;850.71;163.0;32.12;2.07
957.0;843.73;176.0;34.04;3.03
944.0;856.14;165.0;35.37;3.66
858.0;806.12;176.0;36.27;4.07
729.0;758.42;169.0;36.68;4.28
560.0;678.12;157.0;36.22;4.22
367.0;552.43;133.0;35.15;4.03
176.0;378.33;86.0;34.08;3.84
16.0;0.0;16.0;33.01;3.65
0.0;0.0;0.0;31.94;3.46
0.0;0.0;0.0;30.87;3.27
0.0;0.0;0.0;29.8;3.08
0.0;0.0;0.0;28.73;2.89
0.0;0.0;0.0;27.67;2.7
0.0;0.0;0.0;26.6;2.51
0.0;0.0;0.0;25.53;2.32
0.0;0.0;0.0;24.46;2.13
0.0;0.0;0.0;23.39;1.94
0.0;0.0;0.0;22.32;1.75
118.0;395.37;52.0;21.25;1.56
310.0;619.34;90.0;20.18;1.37
505.0;733.59;114.0;25.08;1.66
679.0;790.52;135.0;27.19;1.52
821.0;834.46;145.0;29.17;1.24
911.0;842.17;161.0;30.94;1.1
946.0;835.48;174.0;32.42;1.1
938.0;864.34;153.0;33.6;1.31
863.0;845.77;149.0;34.42;1.45
737.0;810.74;140.0;34.89;1.59
574.0;765.15;121.0;34.98;1.72
385.0;681.59;98.0;34.74;1.79
186.0;497.63;69.0;34.16;1.79
14.0;0.0;14.0;33.72;1.1
0.0;0.0;0.0;32.43;0.97
0.0;0.0;0.0;30.61;1.03
0.0;0.0;0.0;28.68;1.1
0.0;0.0;0.0;27.09;0.97
0.0;0.0;0.0;26.03;0.83
0.0;0.0;0.0;24.98;0.9
0.0;0.0;0.0;23.76;0.97
0.0;0.0;0.0;22.61;1.1
0.0;0.0;0.0;21.63;1.31
0.0;0.0;0.0;20.97;1.24
117.0;401.57;51.0;20.91;0.97
308.0;623.39;88.0;23.19;0.62
498.0;715.74;118.0;25.91;0.97
678.0;799.98;129.0;28.2;1.66
817.0;830.07;146.0;30.08;2.28
902.0;823.51;170.0;31.74;2.62
942.0;832.67;174.0;33.18;2.97
928.0;845.05;162.0;34.25;3.1
858.0;842.92;148.0;35.02;3.17
732.0;806.23;140.0;35.42;3.1
570.0;761.38;121.0;35.35;2.97
381.0;676.25;98.0;34.93;2.9
185.0;508.08;67.0;34.01;2.97
14.0;0.0;14.0;32.65;2.69
0.0;0.0;0.0;30.84;2.69
0.0;0.0;0.0;28.97;3.38
0.0;0.0;0.0;27.14;3.59
0.0;0.0;0.0;25.67;3.38
0.0;0.0;0.0;24.55;2.83
0.0;0.0;0.0;23.7;2.34
0.0;0.0;0.0;22.89;2.14
0.0;0.0;0.0;22.08;1.86
0.0;0.0;0.0;21.11;1.45
0.0;0.0;0.0;20.3;1.72
113.0;389.47;50.0;20.0;1.79
304.0;616.13;88.0;21.72;2.55
497.0;724.25;114.0;23.02;2.48
659.0;739.38;153.0;24.57;2.41
813.0;826.94;146.0;26.15;2.21
903.0;836.37;161.0;27.46;2.14
943.0;846.18;164.0;28.86;2.48
930.0;857.8;154.0;30.02;2.9
854.0;838.93;149.0;30.74;3.17
728.0;803.15;140.0;31.06;3.52
566.0;757.69;121.0;30.84;3.72
375.0;661.36;100.0;30.24;3.93
179.0;484.09;68.0;29.14;4.07
10.0;0.0;10.0;28.25;3.52
0.0;0.0;0.0;26.44;3.79
0.0;0.0;0.0;25.18;3.31
0.0;0.0;0.0;24.21;3.03
0.0;0.0;0.0;23.11;3.59
0.0;0.0;0.0;21.47;4.62
0.0;0.0;0.0;19.76;4.55
0.0;0.0;0.0;18.64;4.07
0.0;0.0;0.0;17.87;3.52
0.0;0.0;0.0;17.19;3.45
0.0;0.0;0.0;16.54;3.38
115.0;421.02;48.0;16.15;3.45
310.0;640.4;87.0;16.51;3.52
506.0;746.15;113.0;17.94;3.38
682.0;804.48;133.0;19.78;3.24
822.0;831.29;153.0;21.76;3.17
913.0;839.16;170.0;23.68;3.17
953.0;848.9;173.0;25.42;3.03
940.0;861.79;162.0;26.82;2.83
863.0;843.35;156.0;27.94;2.62
740.0;824.79;138.0;28.71;2.62
578.0;789.98;116.0;29.02;2.55
383.0;694.84;96.0;28.89;2.55
185.0;534.81;64.0;28.38;2.69
10.0;0.0;10.0;26.67;3.1
0.0;0.0;0.0;25.17;3.03
0.0;0.0;0.0;23.82;3.31
0.0;0.0;0.0;22.6;3.31
0.0;0.0;0.0;21.47;3.17
0.0;0.0;0.0;20.43;2.97
0.0;0.0;0.0;19.52;2.76
0.0;0.0;0.0;18.64;2.48
0.0;0.0;0.0;17.83;2.14
0.0;0.0;0.0;17.06;1.86
0.0;0.0;0.0;16.24;1.59
111.0;402.56;48.0;15.87;1.31
303.0;624.55;87.0;17.3;1.24
489.0;693.91;125.0;19.19;0.97
669.0;777.41;140.0;21.43;0.41
807.0;804.56;161.0;23.8;0.14
902.0;828.42;170.0;26.11;0.34
942.0;838.6;173.0;28.23;0.48
928.0;850.31;162.0;30.06;0.62
857.0;847.85;148.0;31.59;0.83
730.0;812.29;139.0;32.71;1.03
566.0;765.99;120.0;33.34;1.52
374.0;670.41;99.0;33.42;2.14
177.0;497.49;66.0;32.84;2.76
9.0;0.0;9.0;31.6;1.86
0.0;0.0;0.0;29.62;2.07
0.0;0.0;0.0;27.8;2.14
0.0;0.0;0.0;26.13;2.14
0.0;0.0;0.0;24.61;1.93
0.0;0.0;0.0;23.24;1.79
0.0;0.0;0.0;22.2;2.14
0.0;0.0;0.0;21.52;2.76
0.0;0.0;0.0;20.76;3.03
0.0;0.0;0.0;19.9;3.03
0.0;0.0;0.0;19.27;2.97
107.0;383.52;48.0;19.12;2.69
299.0;620.17;86.0;20.87;2.76
493.0;729.33;112.0;23.13;2.69
668.0;787.06;134.0;25.62;2.48
807.0;816.43;153.0;27.9;2.0
897.0;825.62;169.0;29.85;1.31
937.0;834.86;173.0;31.46;0.76
923.0;846.63;162.0;32.8;0.34
847.0;828.46;156.0;33.8;0.34
725.0;808.07;139.0;34.5;0.34
558.0;748.79;124.0;34.82;0.48
371.0;675.24;96.0;34.78;0.62
174.0;500.23;64.0;34.3;1.03
7.0;0.0;7.0;33.14;2.62
0.0;0.0;0.0;31.02;3.1
0.0;0.0;0.0;29.28;3.45
0.0;0.0;0.0;27.73;3.93
0.0;0.0;0.0;25.87;4.34
0.0;0.0;0.0;23.96;4.14
0.0;0.0;0.0;22.6;3.72
0.0;0.0;0.0;21.53;3.45
0.0;0.0;0.0;20.74;3.31
0.0;0.0;0.0;20.12;3.17
0.0;0.0;0.0;19.59;3.03
106.0;390.31;47.0;19.48;2.83
297.0;618.7;86.0;20.29;3.1
491.0;728.56;112.0;22.7;2.9
663.0;773.15;140.0;25.22;2.48
805.0;817.14;152.0;27.48;2.0
896.0;825.11;170.0;29.64;1.45
930.0;819.1;182.0;31.59;0.97
922.0;847.44;162.0;33.22;0.9
846.0;828.28;157.0;34.47;1.1
719.0;792.84;146.0;35.28;1.1
552.0;735.0;128.0;35.59;1.03
360.0;628.34;106.0;35.52;1.03
165.0;443.23;69.0;35.02;0.97
5.0;0.0;5.0;33.97;1.24
0.0;0.0;0.0;32.53;1.52
0.0;0.0;0.0;31.08;1.24
0.0;0.0;0.0;29.65;1.03
0.0;0.0;0.0;27.74;1.79
0.0;0.0;0.0;25.6;1.45
0.0;0.0;0.0;24.38;1.38
0.0;0.0;0.0;23.69;1.86
0.0;0.0;0.0;23.07;2.07
0.0;0.0;0.0;22.47;2.14
0.0;0.0;0.0;21.94;2.0
87.0;222.27;54.0;21.8;1.93
272.0;493.2;105.0;23.63;2.07
465.0;640.93;133.0;25.59;2.07
637.0;708.77;159.0;27.69;1.66
780.0;765.19;170.0;29.93;1.38
878.0;805.28;171.0;32.16;1.1
917.0;815.39;174.0;34.3;1.17
893.0;795.79;181.0;36.14;1.72
818.0;777.53;173.0;37.49;2.28
687.0;713.71;173.0;38.25;2.69
520.0;634.09;156.0;38.5;2.83
334.0;516.04;127.0;38.35;2.62
143.0;290.81;81.0;37.78;2.34
3.0;0.0;3.0;36.05;1.93
0.0;0.0;0.0;34.3;2.34
0.0;0.0;0.0;32.91;2.41
0.0;0.0;0.0;31.58;2.21
0.0;0.0;0.0;30.05;1.86
0.0;0.0;0.0;28.45;1.38
0.0;0.0;0.0;27.81;0.97
0.0;0.0;0.0;27.1;0.76
0.0;0.0;0.0;26.3;0.28
0.0;0.0;0.0;25.54;0.55
0.0;0.0;0.0;23.82;0.97
75.0;137.22;55.0;23.02;1.31
243.0;342.1;128.0;25.7;0.9
435.0;513.8;170.0;28.95;0.62
610.0;617.25;195.0;31.62;0.9
747.0;667.76;216.0;34.04;1.66
855.0;744.3;203.0;35.97;2.48
904.0;783.12;192.0;37.45;3.03
841.0;653.19;258.0;38.82;3.45
735.0;537.97;290.0;39.97;3.86
494.0;210.43;343.0;40.08;4.34
415.0;283.63;253.0;38.84;3.38
112.0;0.0;112.0;39.04;3.17
66.0;9.54;64.0;38.32;3.45
0.0;0.0;0.0;36.18;3.03
0.0;0.0;0.0;34.13;2.9
0.0;0.0;0.0;32.6;2.55
0.0;0.0;0.0;31.36;2.41
0.0;0.0;0.0;30.2;2.41
0.0;0.0;0.0;29.25;2.34
0.0;0.0;0.0;28.3;2.28
0.0;0.0;0.0;27.28;2.14
0.0;0.0;0.0;26.14;2.0
0.0;0.0;0.0;24.99;1.86
0.0;0.0;0.0;23.99;1.79
92.0;293.66;50.0;23.32;1.59
283.0;566.4;94.0;24.86;1.1
481.0;703.0;120.0;27.75;1.52
659.0;774.36;140.0;29.91;1.66
797.0;803.09;160.0;31.94;1.93
893.0;828.4;169.0;33.72;2.21
932.0;837.83;172.0;35.13;2.21
918.0;850.26;161.0;36.22;2.21
841.0;830.56;156.0;36.96;2.07
713.0;794.55;145.0;37.39;1.93
548.0;749.76;122.0;37.41;1.66
358.0;663.85;96.0;37.09;1.45
160.0;470.53;63.0;36.4;1.17
0.0;0.0;0.0;35.2;0.9
0.0;0.0;0.0;33.38;1.24
0.0;0.0;0.0;31.34;1.52
0.0;0.0;0.0;29.25;1.66
0.0;0.0;0.0;27.33;1.79
0.0;0.0;0.0;25.78;1.93
0.0;0.0;0.0;24.81;2.28
0.0;0.0;0.0;24.21;2.55
0.0;0.0;0.0;23.7;2.69
0.0;0.0;0.0;23.13;2.55
0.0;0.0;0.0;22.55;2.41
94.0;349.3;45.0;22.2;2.14
285.0;594.8;88.0;23.76;1.59
480.0;713.96;115.0;26.9;1.72
656.0;772.33;140.0;29.32;1.38
794.0;801.39;160.0;31.47;0.83
890.0;826.91;169.0;33.52;0.48
929.0;836.5;172.0;35.16;0.48
915.0;847.95;162.0;36.4;0.76
842.0;845.25;147.0;37.23;0.9
709.0;793.42;144.0;37.72;1.03
544.0;746.74;122.0;37.8;1.1
348.0;623.56;104.0;37.59;1.24
153.0;429.63;66.0;37.06;1.38
0.0;0.0;0.0;36.02;1.52
0.0;0.0;0.0;34.17;1.79
0.0;0.0;0.0;32.55;1.59
0.0;0.0;0.0;30.72;1.59
0.0;0.0;0.0;28.67;1.59
0.0;0.0;0.0;27.19;1.52
0.0;0.0;0.0;26.13;1.45
0.0;0.0;0.0;25.1;1.59
0.0;0.0;0.0;24.03;1.86
0.0;0.0;0.0;23.22;2.0
0.0;0.0;0.0;22.4;1.79
89.0;319.95;45.0;22.04;1.38
276.0;568.91;89.0;24.14;0.69
472.0;699.5;116.0;27.36;0.76
646.0;759.82;140.0;29.85;1.03
788.0;804.78;153.0;31.91;0.97
878.0;815.12;169.0;33.7;0.69
912.0;808.62;182.0;35.2;1.03
902.0;836.66;161.0;36.25;1.52
830.0;832.05;148.0;36.93;1.59
698.0;779.69;145.0;37.18;1.59
528.0;704.65;132.0;37.17;1.52
342.0;618.78;102.0;36.8;1.52
154.0;472.91;60.0;36.28;1.72
0.0;0.0;0.0;35.25;1.66
0.0;0.0;0.0;33.82;1.86
0.0;0.0;0.0;32.38;2.07
0.0;0.0;0.0;30.78;1.93
0.0;0.0;0.0;29.32;1.45
0.0;0.0;0.0;27.92;1.38
0.0;0.0;0.0;26.63;0.76
0.0;0.0;0.0;25.99;0.34
0.0;0.0;0.0;24.99;0.69
0.0;0.0;0.0;24.42;0.76
0.0;0.0;0.0;23.17;1.03
87.0;319.12;44.0;22.23;1.31
273.0;570.24;87.0;24.45;1.59
467.0;692.83;116.0;26.43;1.86
640.0;753.28;140.0;28.63;2.0
781.0;798.05;153.0;30.75;2.21
871.0;809.06;169.0;32.77;2.69
910.0;818.41;173.0;34.44;3.31
895.0;829.89;162.0;35.62;3.66
823.0;826.17;148.0;36.42;3.79
691.0;773.0;145.0;36.85;4.0
531.0;737.35;119.0;36.53;4.21
341.0;642.67;94.0;35.94;4.07
146.0;441.13;60.0;34.81;3.79
0.0;0.0;0.0;33.14;3.17
0.0;0.0;0.0;31.22;2.76
0.0;0.0;0.0;29.67;2.48
0.0;0.0;0.0;28.29;2.14
0.0;0.0;0.0;26.99;1.93
0.0;0.0;0.0;25.61;1.86
0.0;0.0;0.0;24.42;1.72
0.0;0.0;0.0;23.4;1.52
0.0;0.0;0.0;23.0;1.31
0.0;0.0;0.0;22.77;1.03
0.0;0.0;0.0;22.97;0.76
87.0;333.43;43.0;22.84;0.55
276.0;587.06;86.0;22.79;0.34
472.0;707.94;115.0;25.88;1.03
647.0;767.89;139.0;27.96;1.72
786.0;797.7;160.0;29.78;2.48
881.0;822.66;169.0;31.28;3.1
909.0;800.46;190.0;32.49;3.31
900.0;828.81;170.0;33.41;3.31
827.0;825.25;155.0;34.17;3.31
694.0;772.03;151.0;34.59;3.31
515.0;658.91;149.0;34.6;3.31
223.0;131.33;173.0;34.21;3.31
96.0;94.21;78.0;33.43;3.03
0.0;0.0;0.0;31.95;2.07
0.0;0.0;0.0;30.28;2.07
0.0;0.0;0.0;28.91;2.21
0.0;0.0;0.0;27.61;2.21
0.0;0.0;0.0;26.31;2.0
0.0;0.0;0.0;24.93;1.72
0.0;0.0;0.0;23.74;1.38
0.0;0.0;0.0;23.38;0.83
0.0;0.0;0.0;23.31;0.34
0.0;0.0;0.0;22.71;0.0
0.0;0.0;0.0;22.16;0.14
84.0;325.18;42.0;21.78;0.41
272.0;573.04;88.0;21.69;0.48
470.0;707.28;115.0;25.52;0.69
645.0;767.46;139.0;27.86;0.9
788.0;814.0;151.0;29.96;1.52
874.0;807.42;177.0;31.74;2.14
913.0;817.07;181.0;33.16;2.55
898.0;828.93;170.0;34.21;2.83
811.0;778.79;179.0;34.92;3.03
680.0;728.29;170.0;35.31;3.24
317.0;99.62;262.0;35.32;3.38
225.0;140.57;172.0;34.79;3.45
37.0;0.0;37.0;33.71;3.17
0.0;0.0;0.0;31.95;2.62
0.0;0.0;0.0;30.38;2.41
0.0;0.0;0.0;29.15;2.34
0.0;0.0;0.0;27.99;2.34
0.0;0.0;0.0;26.97;2.07
0.0;0.0;0.0;25.81;1.72
0.0;0.0;0.0;24.53;1.1
0.0;0.0;0.0;24.1;0.69
0.0;0.0;0.0;23.82;0.55
0.0;0.0;0.0;23.42;0.48
0.0;0.0;0.0;23.0;0.34
79.0;292.84;42.0;22.62;0.28
268.0;561.96;89.0;22.53;0.41
464.0;692.64;118.0;25.6;0.69
643.0;767.07;139.0;28.01;1.17
781.0;797.1;159.0;30.04;1.79
876.0;822.33;168.0;31.66;2.41
910.0;817.04;180.0;32.88;2.83
895.0;827.97;170.0;33.73;2.97
821.0;824.82;154.0;34.35;3.1
696.0;801.87;137.0;34.63;3.17
529.0;750.98;117.0;34.51;3.1
331.0;621.54;99.0;34.02;3.03
137.0;431.64;58.0;33.19;2.69
0.0;0.0;0.0;32.02;1.72
0.0;0.0;0.0;30.39;1.93
0.0;0.0;0.0;28.93;2.34
0.0;0.0;0.0;27.61;2.34
0.0;0.0;0.0;26.41;2.0
0.0;0.0;0.0;25.1;1.66
0.0;0.0;0.0;24.28;0.97
0.0;0.0;0.0;24.14;0.14
0.0;0.0;0.0;23.22;0.28
0.0;0.0;0.0;22.5;0.28
0.0;0.0;0.0;21.78;0.41
78.0;307.63;40.0;21.33;0.48
265.0;563.39;87.0;21.95;0.21
462.0;700.01;114.0;25.48;0.55
637.0;760.59;139.0;27.95;1.31
775.0;791.72;159.0;30.17;2.21
870.0;816.41;169.0;31.9;2.97
903.0;810.32;181.0;33.2;3.38
892.0;838.52;160.0;34.06;3.52
814.0;817.89;155.0;34.64;3.52
688.0;795.5;136.0;34.93;3.45
519.0;730.17;121.0;34.85;3.31
326.0;625.3;95.0;34.39;3.24
131.0;413.67;57.0;33.49;3.03
0.0;0.0;0.0;31.85;2.34
0.0;0.0;0.0;30.14;2.55
0.0;0.0;0.0;28.69;2.69
0.0;0.0;0.0;27.46;2.48
0.0;0.0;0.0;26.38;2.21
0.0;0.0;0.0;25.27;2.0
0.0;0.0;0.0;24.12;1.86
0.0;0.0;0.0;23.18;1.79
0.0;0.0;0.0;22.43;1.66
0.0;0.0;0.0;21.91;1.45
0.0;0.0;0.0;21.22;1.38
80.0;356.28;37.0;21.09;1.17
264.0;571.25;85.0;22.23;1.1
454.0;673.12;121.0;25.02;2.07
620.0;703.53;161.0;27.23;2.76
790.0;846.93;133.0;29.15;3.31
729.0;440.28;352.0;30.81;3.79
826.0;599.89;293.0;32.05;4.21
861.0;746.92;211.0;32.91;4.41
802.0;787.3;170.0;33.33;4.55
652.0;668.98;190.0;33.3;4.48
347.0;166.22;257.0;32.76;4.34
256.0;270.87;157.0;32.2;4.07
130.0;429.36;55.0;31.36;3.66
0.0;0.0;0.0;30.16;3.03
0.0;0.0;0.0;28.56;2.83
0.0;0.0;0.0;27.3;2.55
0.0;0.0;0.0;26.19;2.28
0.0;0.0;0.0;25.22;1.93
0.0;0.0;0.0;24.19;1.66
0.0;0.0;0.0;23.26;1.31
0.0;0.0;0.0;22.76;0.97
0.0;0.0;0.0;22.7;0.69
0.0;0.0;0.0;22.13;0.62
0.0;0.0;0.0;21.22;0.83
71.0;271.55;39.0;20.51;0.97
255.0;547.1;85.0;22.11;0.48
450.0;688.65;111.0;25.32;0.48
620.0;739.92;139.0;27.71;0.48
757.0;771.92;160.0;29.72;0.62
850.0;798.74;168.0;31.54;1.38
883.0;792.4;181.0;33.09;2.0
872.0;819.65;161.0;34.28;2.28
798.0;814.08;147.0;35.14;2.41
669.0;774.12;137.0;35.64;2.48
501.0;706.62;121.0;35.74;2.48
311.0;597.53;95.0;35.47;2.41
120.0;375.6;56.0;34.78;2.41
0.0;0.0;0.0;33.11;2.21
0.0;0.0;0.0;31.4;2.41
0.0;0.0;0.0;30.0;2.48
0.0;0.0;0.0;28.77;2.14
0.0;0.0;0.0;27.4;1.52
0.0;0.0;0.0;26.01;1.03
0.0;0.0;0.0;25.34;0.62
0.0;0.0;0.0;24.92;0.14
0.0;0.0;0.0;24.16;0.28
0.0;0.0;0.0;23.36;0.41
0.0;0.0;0.0;22.67;0.55
69.0;269.59;38.0;22.04;0.69
255.0;551.76;85.0;22.86;0.48
448.0;683.96;113.0;26.98;0.41
622.0;747.27;138.0;29.6;0.28
760.0;778.19;160.0;31.85;0.48
848.0;789.31;176.0;33.89;1.1
881.0;783.43;189.0;35.48;1.52
875.0;825.83;161.0;36.59;1.59
800.0;821.05;146.0;37.32;1.52
670.0;780.95;136.0;37.66;1.31
501.0;713.48;120.0;37.64;1.1
311.0;612.74;92.0;37.29;1.03
120.0;403.54;53.0;36.7;1.24
0.0;0.0;0.0;35.17;1.31
0.0;0.0;0.0;33.58;1.86
0.0;0.0;0.0;32.18;1.79
0.0;0.0;0.0;30.47;1.45
0.0;0.0;0.0;29.37;1.1
0.0;0.0;0.0;28.8;0.55
0.0;0.0;0.0;27.04;0.97
0.0;0.0;0.0;24.88;1.72
0.0;0.0;0.0;24.13;1.72
0.0;0.0;0.0;23.68;1.52
0.0;0.0;0.0;22.98;1.79
64.0;231.89;38.0;22.59;1.86
248.0;530.35;86.0;24.82;1.45
437.0;646.41;122.0;28.33;1.79
614.0;737.67;138.0;30.62;1.59
751.0;770.24;159.0;32.93;1.38
839.0;781.05;176.0;35.11;1.38
877.0;790.36;181.0;36.85;1.52
865.0;817.02;161.0;38.01;1.52
786.0;795.38;155.0;38.56;1.31
657.0;755.59;143.0;38.88;1.03
490.0;688.47;125.0;38.83;0.76
297.0;557.67;100.0;38.56;0.48
109.0;327.97;56.0;37.92;0.69
0.0;0.0;0.0;36.69;1.52
0.0;0.0;0.0;34.95;1.72
0.0;0.0;0.0;33.09;1.59
0.0;0.0;0.0;31.52;1.93
0.0;0.0;0.0;30.72;2.69
0.0;0.0;0.0;29.78;2.83
0.0;0.0;0.0;28.59;1.79
0.0;0.0;0.0;27.64;1.17
0.0;0.0;0.0;26.2;1.66
0.0;0.0;0.0;25.51;1.93
0.0;0.0;0.0;24.84;2.07
60.0;201.38;38.0;24.31;2.0
243.0;501.98;91.0;25.88;1.59
434.0;637.38;125.0;28.93;2.14
611.0;726.47;144.0;30.98;2.07
748.0;758.35;167.0;33.07;1.93
840.0;784.59;176.0;35.09;1.86
872.0;779.16;188.0;36.71;1.93
860.0;804.72;169.0;37.89;1.93
786.0;799.94;154.0;38.63;2.0
656.0;759.6;142.0;39.0;2.0
485.0;678.4;128.0;38.9;1.79
293.0;547.24;102.0;38.52;1.45
105.0;318.27;55.0;37.88;1.38
0.0;0.0;0.0;36.49;0.97
0.0;0.0;0.0;35.09;1.66
0.0;0.0;0.0;33.43;2.34
0.0;0.0;0.0;32.04;2.83
0.0;0.0;0.0;30.77;2.69
0.0;0.0;0.0;29.75;2.55
0.0;0.0;0.0;28.7;2.28
0.0;0.0;0.0;27.5;1.86
0.0;0.0;0.0;26.36;1.59
0.0;0.0;0.0;25.36;1.59
0.0;0.0;0.0;24.41;1.66
60.0;225.65;36.0;23.73;1.59
246.0;536.44;85.0;25.36;1.45
439.0;667.68;117.0;28.7;1.93
612.0;730.84;144.0;30.88;2.14
753.0;777.86;159.0;32.83;2.0
841.0;789.39;175.0;34.56;1.93
878.0;798.79;179.0;35.97;2.14
861.0;808.75;169.0;37.06;2.21
786.0;803.34;154.0;37.84;2.28
659.0;778.6;135.0;38.26;2.34
487.0;696.99;123.0;38.34;2.55
292.0;562.77;98.0;37.99;2.83
102.0;314.7;54.0;37.18;2.76
0.0;0.0;0.0;35.47;1.66
0.0;0.0;0.0;34.04;1.17
0.0;0.0;0.0;32.44;1.52
0.0;0.0;0.0;30.74;2.0
0.0;0.0;0.0;29.43;2.21
0.0;0.0;0.0;28.19;2.14
0.0;0.0;0.0;26.98;1.72
0.0;0.0;0.0;25.87;1.72
0.0;0.0;0.0;24.64;1.86
0.0;0.0;0.0;23.89;2.0
0.0;0.0;0.0;23.14;1.93
57.0;212.63;35.0;22.56;1.79
245.0;537.92;85.0;24.16;1.45
436.0;652.47;123.0;28.11;1.66
616.0;741.55;143.0;30.26;1.45
754.0;773.88;165.0;32.23;1.24
847.0;799.02;175.0;34.17;1.24
879.0;793.38;187.0;35.87;1.45
862.0;803.49;177.0;37.1;1.72
786.0;799.18;160.0;37.93;2.07
659.0;773.98;141.0;38.28;2.41
485.0;692.81;126.0;38.29;2.76
292.0;572.94;97.0;37.9;3.1
98.0;297.53;54.0;37.14;3.03
0.0;0.0;0.0;35.53;2.97
0.0;0.0;0.0;33.74;3.1
0.0;0.0;0.0;32.21;2.83
0.0;0.0;0.0;30.78;2.48
0.0;0.0;0.0;29.53;2.14
0.0;0.0;0.0;28.54;2.0
0.0;0.0;0.0;27.29;1.86
0.0;0.0;0.0;25.9;1.59
0.0;0.0;0.0;24.62;1.45
0.0;0.0;0.0;23.44;1.31
0.0;0.0;0.0;22.81;1.1
53.0;179.0;35.0;22.7;0.83
235.0;481.78;93.0;23.72;0.55
427.0;622.46;130.0;27.8;0.28
604.0;708.3;154.0;30.72;0.69
744.0;754.1;172.0;32.7;1.52
832.0;763.43;192.0;34.37;2.34
878.0;804.09;179.0;35.71;3.1
860.0;814.73;168.0;36.72;4.0
771.0;762.99;176.0;37.29;4.83
609.0;607.1;205.0;37.42;5.31
368.0;264.57;232.0;36.94;5.59
160.0;53.59;142.0;35.82;4.97
49.0;20.95;46.0;34.84;4.28
0.0;0.0;0.0;33.28;3.52
0.0;0.0;0.0;31.81;2.97
0.0;0.0;0.0;30.59;2.76
0.0;0.0;0.0;29.41;2.62
0.0;0.0;0.0;28.33;2.55
0.0;0.0;0.0;27.35;2.34
0.0;0.0;0.0;26.4;2.14
0.0;0.0;0.0;25.34;2.0
0.0;0.0;0.0;24.47;1.86
0.0;0.0;0.0;23.5;1.38
0.0;0.0;0.0;24.09;0.34
24.0;10.24;23.0;22.88;0.9
36.0;0.0;36.0;23.88;1.45
150.0;2.11;149.0;26.26;2.62
86.0;0.0;86.0;27.67;3.66
77.0;0.0;77.0;28.83;4.41
394.0;29.92;369.0;30.3;5.38
307.0;2.31;305.0;30.93;6.28
776.0;585.02;281.0;31.5;6.62
677.0;498.53;290.0;32.39;6.9
594.0;575.89;213.0;32.75;7.31
460.0;625.69;141.0;32.19;7.03
250.0;374.18;126.0;31.47;6.9
93.0;325.12;48.0;30.34;6.21
0.0;0.0;0.0;28.82;4.55
0.0;0.0;0.0;27.42;3.52
0.0;0.0;0.0;25.88;2.76
0.0;0.0;0.0;24.08;3.38
0.0;0.0;0.0;22.34;3.38
0.0;0.0;0.0;20.98;3.24
0.0;0.0;0.0;19.71;3.79
0.0;0.0;0.0;18.46;4.0
0.0;0.0;0.0;17.28;4.07
0.0;0.0;0.0;16.58;3.93
0.0;0.0;0.0;16.02;3.72
51.0;200.57;32.0;15.5;3.72
227.0;439.01;100.0;15.75;4.14
423.0;603.92;138.0;16.58;4.48
619.0;768.06;135.0;18.22;4.69
730.0;698.32;204.0;19.97;5.52
811.0;692.87;234.0;21.42;5.72
777.0;518.93;329.0;22.13;5.17
809.0;654.94;257.0;23.37;5.24
668.0;458.15;314.0;24.34;5.45
651.0;769.43;145.0;24.13;5.45
450.0;565.71;164.0;24.0;5.38
272.0;504.87;107.0;23.56;4.97
86.0;269.5;50.0;22.71;4.48
0.0;0.0;0.0;22.27;3.79
0.0;0.0;0.0;21.13;2.97
0.0;0.0;0.0;20.16;2.55
0.0;0.0;0.0;19.21;2.28
0.0;0.0;0.0;18.29;2.14
0.0;0.0;0.0;17.46;1.79
0.0;0.0;0.0;16.48;1.31
0.0;0.0;0.0;16.54;0.62
0.0;0.0;0.0;16.37;0.28
0.0;0.0;0.0;15.94;0.48
0.0;0.0;0.0;15.52;0.28
52.0;228.76;31.0;14.98;0.21
240.0;561.87;79.0;15.06;0.62
435.0;684.04;114.0;17.25;1.31
614.0;761.72;136.0;19.24;1.66
749.0;779.44;164.0;21.28;1.86
837.0;789.24;182.0;23.13;2.14
869.0;783.5;195.0;24.69;2.34
860.0;825.53;167.0;26.38;3.03
782.0;819.26;152.0;26.65;3.66
651.0;792.51;133.0;26.86;4.0
477.0;722.24;115.0;26.5;4.0
282.0;605.26;87.0;25.9;3.86
88.0;349.68;43.0;25.13;3.45
0.0;0.0;0.0;25.27;1.86
0.0;0.0;0.0;24.04;1.79
0.0;0.0;0.0;22.92;1.59
0.0;0.0;0.0;21.77;1.52
0.0;0.0;0.0;20.66;1.72
0.0;0.0;0.0;19.88;2.14
0.0;0.0;0.0;19.24;2.41
0.0;0.0;0.0;18.45;2.41
0.0;0.0;0.0;17.64;2.07
0.0;0.0;0.0;16.83;1.79
0.0;0.0;0.0;16.16;1.72
41.0;123.79;30.0;15.64;1.59
222.0;454.58;93.0;17.09;1.03
396.0;512.21;157.0;19.22;1.59
561.0;572.92;203.0;20.92;1.72
709.0;661.94;214.0;22.65;1.59
803.0;697.69;226.0;24.27;1.52
813.0;637.03;267.0;25.63;1.52
837.0;772.69;191.0;26.24;1.52
524.0;189.48;379.0;27.24;1.93
563.0;491.12;244.0;27.11;2.34
434.0;541.46;165.0;26.9;2.76
225.0;292.94;132.0;25.97;3.38
73.0;218.2;46.0;24.95;4.07
0.0;0.0;0.0;24.47;3.66
0.0;0.0;0.0;23.26;3.66
0.0;0.0;0.0;22.48;3.24
0.0;0.0;0.0;21.63;2.76
0.0;0.0;0.0;20.81;2.34
0.0;0.0;0.0;20.1;2.14
0.0;0.0;0.0;19.38;1.93
0.0;0.0;0.0;18.4;1.93
0.0;0.0;0.0;17.57;2.0
0.0;0.0;0.0;16.84;2.07
0.0;0.0;0.0;16.3;2.07
49.0;244.43;28.0;16.07;2.07
224.0;483.99;88.0;16.71;1.38
425.0;670.39;114.0;18.99;1.79
583.0;670.23;166.0;20.7;2.0
737.0;770.45;163.0;22.5;1.72
825.0;780.28;182.0;24.16;1.45
846.0;747.14;208.0;25.54;1.24
827.0;754.3;199.0;26.5;1.17
742.0;721.01;193.0;27.48;1.31
588.0;593.44;205.0;27.87;1.66
453.0;656.06;130.0;28.05;1.86
261.0;530.86;95.0;27.71;2.0
73.0;244.24;44.0;27.08;2.0
0.0;0.0;0.0;25.79;2.07
0.0;0.0;0.0;24.32;2.21
0.0;0.0;0.0;23.1;2.21
0.0;0.0;0.0;21.95;1.93
0.0;0.0;0.0;20.83;1.86
0.0;0.0;0.0;19.87;2.0
0.0;0.0;0.0;19.14;2.21
0.0;0.0;0.0;18.52;2.28
0.0;0.0;0.0;17.89;2.21
0.0;0.0;0.0;17.25;2.14
0.0;0.0;0.0;16.59;1.93
43.0;192.86;27.0;16.0;1.79
229.0;542.76;78.0;17.48;1.66
423.0;672.17;113.0;20.24;1.79
601.0;752.28;135.0;22.47;1.45
736.0;770.69;164.0;24.61;0.97
819.0;767.3;189.0;26.56;0.9
849.0;760.58;202.0;28.17;1.38
839.0;800.96;175.0;29.4;1.79
756.0;780.14;165.0;30.25;2.07
637.0;795.42;127.0;30.72;2.21
457.0;694.97;118.0;31.33;1.56
256.0;519.69;96.0;30.19;1.67
68.0;228.72;42.0;29.05;1.78
0.0;0.0;0.0;27.92;1.89
0.0;0.0;0.0;26.78;2.0
0.0;0.0;0.0;25.64;2.11
0.0;0.0;0.0;24.5;2.22
0.0;0.0;0.0;23.37;2.32
0.0;0.0;0.0;22.23;2.43
0.0;0.0;0.0;21.09;2.54
0.0;0.0;0.0;19.95;2.65
0.0;0.0;0.0;18.81;2.76
0.0;0.0;0.0;17.68;2.87
0.0;0.0;0.0;16.54;2.98
47.0;275.01;25.0;15.4;3.09
234.0;584.61;73.0;14.26;3.19
436.0;730.72;101.0;19.13;3.1
620.0;817.26;116.0;21.57;2.9
779.0;903.52;111.0;23.82;2.48
881.0;946.2;107.0;25.79;2.0
913.0;944.1;113.0;27.43;1.59
882.0;925.61;118.0;28.62;1.31
786.0;877.11;125.0;29.48;1.17
647.0;830.6;118.0;29.91;1.24
466.0;745.04;106.0;30.0;1.31
268.0;623.78;79.0;29.7;1.31
74.0;350.02;36.0;29.1;1.31
0.0;0.0;0.0;28.19;1.31
0.0;0.0;0.0;26.85;1.17
0.0;0.0;0.0;26.0;0.62
0.0;0.0;0.0;23.73;2.07
0.0;0.0;0.0;22.12;2.55
0.0;0.0;0.0;21.06;2.48
0.0;0.0;0.0;20.11;2.62
0.0;0.0;0.0;19.32;2.48
0.0;0.0;0.0;18.58;2.34
0.0;0.0;0.0;17.93;2.14
0.0;0.0;0.0;17.28;2.0
44.0;259.65;24.0;16.69;1.86
227.0;561.32;74.0;17.93;1.59
430.0;728.57;98.0;20.66;1.59
611.0;804.69;117.0;23.04;1.38
768.0;892.15;111.0;25.12;1.1
856.0;898.26;124.0;26.95;1.17
897.0;920.61;120.0;28.44;1.1
838.0;819.0;165.0;29.56;0.76
750.0;781.74;164.0;30.38;0.62
572.0;570.7;211.0;30.84;0.69
390.0;424.21;187.0;31.01;0.97
207.0;275.12;125.0;30.84;1.45
41.0;48.35;36.0;30.22;2.14
0.0;0.0;0.0;29.01;2.07
0.0;0.0;0.0;27.68;2.14
0.0;0.0;0.0;26.39;2.0
0.0;0.0;0.0;25.09;1.86
0.0;0.0;0.0;23.91;1.31
0.0;0.0;0.0;22.74;0.69
0.0;0.0;0.0;21.16;0.97
0.0;0.0;0.0;19.75;1.66
0.0;0.0;0.0;18.83;1.59
0.0;0.0;0.0;18.05;1.52
0.0;0.0;0.0;17.38;1.59
41.0;229.58;24.0;16.81;1.66
223.0;552.41;74.0;18.02;1.24
423.0;710.97;101.0;21.29;1.59
608.0;810.05;113.0;23.5;1.45
762.0;886.19;112.0;25.72;1.31
858.0;916.53;114.0;27.75;1.31
894.0;927.92;114.0;29.31;1.31
863.0;908.3;120.0;30.42;1.31
767.0;859.77;126.0;31.16;1.17
629.0;811.91;119.0;31.53;1.03
449.0;723.91;106.0;31.54;0.97
249.0;569.86;82.0;31.24;1.17
62.0;285.14;34.0;30.65;1.52
0.0;0.0;0.0;29.32;1.72
0.0;0.0;0.0;27.91;1.86
0.0;0.0;0.0;26.61;1.86
0.0;0.0;0.0;25.25;2.07
0.0;0.0;0.0;23.81;2.21
0.0;0.0;0.0;22.49;2.41
0.0;0.0;0.0;21.27;2.28
0.0;0.0;0.0;20.32;1.86
0.0;0.0;0.0;19.45;1.72
0.0;0.0;0.0;18.7;1.86
0.0;0.0;0.0;18.03;1.79
37.0;211.09;22.0;17.4;1.72
220.0;550.83;73.0;18.53;1.24
416.0;695.42;103.0;21.23;1.45
603.0;803.99;114.0;23.37;1.52
752.0;869.29;117.0;25.5;1.66
852.0;911.5;115.0;27.42;1.66
887.0;922.21;115.0;28.92;1.52
856.0;902.7;121.0;30.03;1.45
760.0;853.76;127.0;30.81;1.38
621.0;806.49;118.0;31.14;1.38
442.0;716.36;106.0;30.95;1.66
246.0;579.84;79.0;30.53;1.93
57.0;268.98;32.0;29.82;2.28
0.0;0.0;0.0;28.65;1.79
0.0;0.0;0.0;27.2;2.41
0.0;0.0;0.0;25.63;2.97
0.0;0.0;0.0;24.06;3.1
0.0;0.0;0.0;22.71;3.1
0.0;0.0;0.0;21.56;2.62
0.0;0.0;0.0;20.66;2.07
0.0;0.0;0.0;19.71;1.66
0.0;0.0;0.0;18.89;1.72
0.0;0.0;0.0;18.27;2.0
0.0;0.0;0.0;17.6;1.93
35.0;191.0;22.0;17.08;1.79
215.0;537.89;73.0;17.61;1.93
412.0;690.9;103.0;18.93;2.0
592.0;778.1;121.0;20.75;1.86
747.0;866.04;117.0;22.68;1.66
842.0;895.31;121.0;24.56;1.66
881.0;918.91;115.0;26.2;1.59
845.0;887.24;126.0;27.26;1.59
745.0;827.41;135.0;28.19;1.86
608.0;780.08;125.0;28.54;2.28
431.0;689.35;111.0;27.98;1.86
229.0;491.32;90.0;27.57;1.79
32.0;34.23;29.0;24.84;2.76
0.0;0.0;0.0;25.35;2.0
0.0;0.0;0.0;24.4;1.38
0.0;0.0;0.0;23.54;1.03
0.0;0.0;0.0;22.44;1.1
0.0;0.0;0.0;20.99;1.24
0.0;0.0;0.0;19.87;1.1
0.0;0.0;0.0;18.95;1.03
0.0;0.0;0.0;18.31;0.97
0.0;0.0;0.0;17.74;0.76
0.0;0.0;0.0;17.85;0.55
0.0;0.0;0.0;17.55;0.48
26.0;76.86;21.0;17.37;0.28
210.0;513.21;76.0;17.4;0.21
406.0;672.85;107.0;20.12;0.55
591.0;781.89;120.0;22.36;1.72
742.0;857.29;121.0;24.23;2.55
800.0;775.55;178.0;25.46;3.24
778.0;616.86;266.0;26.24;3.59
762.0;638.58;247.0;26.6;3.59
683.0;619.37;229.0;26.96;3.45
383.0;136.68;299.0;27.33;3.38
392.0;513.8;156.0;27.38;3.31
233.0;554.42;79.0;26.83;3.17
28.0;0.0;28.0;26.02;2.9
0.0;0.0;0.0;24.84;1.79
0.0;0.0;0.0;23.8;1.59
0.0;0.0;0.0;22.56;1.38
0.0;0.0;0.0;21.5;1.17
0.0;0.0;0.0;21.15;0.69
0.0;0.0;0.0;21.24;0.21
0.0;0.0;0.0;20.46;0.41
0.0;0.0;0.0;19.73;0.62
0.0;0.0;0.0;18.13;1.03
0.0;0.0;0.0;17.29;1.1
0.0;0.0;0.0;16.67;1.1
24.0;64.47;20.0;16.0;1.17
126.0;73.59;107.0;16.81;0.76
329.0;323.91;186.0;19.73;0.62
582.0;759.06;127.0;21.69;0.62
697.0;709.88;185.0;23.29;1.45
692.0;468.28;318.0;24.51;2.28
495.0;101.65;411.0;25.58;2.83
662.0;386.28;352.0;26.06;3.38
393.0;63.13;347.0;26.54;3.72
507.0;429.54;245.0;26.55;3.93
103.0;0.0;103.0;24.82;3.86
221.0;491.6;87.0;23.93;3.38
25.0;0.0;25.0;23.24;2.34
0.0;0.0;0.0;22.88;2.14
0.0;0.0;0.0;21.95;2.28
0.0;0.0;0.0;20.98;2.28
0.0;0.0;0.0;19.87;2.21
0.0;0.0;0.0;19.02;1.79
0.0;0.0;0.0;18.38;1.31
0.0;0.0;0.0;17.71;1.17
0.0;0.0;0.0;17.11;1.31
0.0;0.0;0.0;16.66;1.38
0.0;0.0;0.0;16.11;1.45
0.0;0.0;0.0;15.75;1.38
14.0;16.94;13.0;15.24;1.24
204.0;509.27;74.0;15.8;1.03
415.0;738.77;91.0;17.84;1.24
584.0;779.64;119.0;19.86;1.31
735.0;855.05;121.0;21.55;1.72
802.0;804.76;162.0;22.84;2.07
849.0;859.37;142.0;23.92;2.21
785.0;733.87;199.0;25.31;2.41
730.0;813.15;141.0;26.11;2.55
582.0;723.64;144.0;26.54;2.55
417.0;685.36;109.0;26.49;2.48
225.0;561.06;75.0;26.02;2.34
25.0;0.0;25.0;25.3;1.93
0.0;0.0;0.0;24.12;1.45
0.0;0.0;0.0;22.78;1.52
0.0;0.0;0.0;21.39;1.79
0.0;0.0;0.0;20.07;2.07
0.0;0.0;0.0;18.95;2.34
0.0;0.0;0.0;17.96;2.48
0.0;0.0;0.0;17.07;2.48
0.0;0.0;0.0;16.3;2.41
0.0;0.0;0.0;15.61;2.34
0.0;0.0;0.0;14.96;2.14
0.0;0.0;0.0;14.31;2.07
28.0;196.48;17.0;13.68;1.93
209.0;546.92;71.0;14.62;1.66
407.0;704.74;100.0;17.54;1.86
586.0;781.95;122.0;20.31;2.0
737.0;857.48;124.0;22.67;1.72
835.0;899.2;123.0;24.39;1.1
865.0;897.49;130.0;25.74;0.69
854.0;939.04;108.0;26.84;0.34
746.0;863.97;124.0;27.38;0.21
605.0;814.28;116.0;27.84;0.34
417.0;697.62;107.0;27.86;0.41
207.0;442.62;91.0;27.54;0.48
24.0;0.0;24.0;27.03;0.83
0.0;0.0;0.0;25.83;1.1
0.0;0.0;0.0;24.76;1.03
0.0;0.0;0.0;23.04;0.9
0.0;0.0;0.0;20.82;1.45
0.0;0.0;0.0;19.7;2.28
0.0;0.0;0.0;19.0;2.9
0.0;0.0;0.0;18.34;3.24
0.0;0.0;0.0;17.55;3.1
0.0;0.0;0.0;16.91;2.9
0.0;0.0;0.0;16.32;2.62
0.0;0.0;0.0;15.8;2.48
25.0;188.88;15.0;15.36;2.34
205.0;545.4;69.0;15.86;1.72
401.0;695.72;100.0;18.68;1.79
579.0;774.16;122.0;21.06;1.66
733.0;861.4;120.0;23.22;1.24
831.0;903.18;119.0;25.01;0.69
851.0;877.13;136.0;26.5;0.21
817.0;857.89;139.0;27.74;0.9
725.0;817.64;140.0;28.26;1.24
566.0;684.86;158.0;28.53;1.45
409.0;687.48;107.0;28.45;1.45
213.0;533.56;76.0;28.08;1.24
19.0;0.0;19.0;27.55;1.31
0.0;0.0;0.0;26.75;0.69
0.0;0.0;0.0;25.15;0.76
0.0;0.0;0.0;23.53;2.62
0.0;0.0;0.0;22.04;3.93
0.0;0.0;0.0;20.45;4.76
0.0;0.0;0.0;19.12;4.48
0.0;0.0;0.0;18.25;4.14
0.0;0.0;0.0;17.44;3.86
0.0;0.0;0.0;16.81;3.66
0.0;0.0;0.0;16.19;3.45
0.0;0.0;0.0;15.72;3.31
2.0;0.0;2.0;15.32;3.24
18.0;0.0;18.0;15.6;3.38
45.0;0.0;45.0;16.2;3.52
51.0;0.0;51.0;17.73;3.66
76.0;0.0;76.0;19.93;3.59
101.0;0.0;101.0;22.31;3.17
567.0;203.37;402.0;23.97;2.55
780.0;767.05;177.0;25.21;2.14
718.0;827.06;130.0;26.1;1.72
579.0;776.77;120.0;26.52;1.38
402.0;688.68;103.0;26.69;1.72
207.0;536.96;72.0;26.41;2.28
19.0;0.0;19.0;25.68;2.21
0.0;0.0;0.0;23.9;2.14
0.0;0.0;0.0;22.7;2.41
0.0;0.0;0.0;21.53;3.03
0.0;0.0;0.0;20.38;3.72
0.0;0.0;0.0;19.04;3.93
0.0;0.0;0.0;17.79;3.59
0.0;0.0;0.0;16.66;3.24
0.0;0.0;0.0;15.67;2.9
0.0;0.0;0.0;14.88;2.62
0.0;0.0;0.0;14.24;2.48
0.0;0.0;0.0;13.82;2.48
19.0;106.77;14.0;13.44;2.41
204.0;558.81;68.0;13.34;2.0
396.0;670.39;110.0;15.79;2.55
581.0;782.44;124.0;18.45;2.62
733.0;859.56;127.0;20.64;2.07
826.0;888.39;132.0;22.47;1.38
859.0;897.93;134.0;24.08;0.9
828.0;890.14;132.0;25.4;0.55
737.0;863.55;127.0;26.41;0.41
597.0;825.91;113.0;27.0;0.28
414.0;738.92;97.0;27.18;0.07
214.0;593.41;68.0;26.91;0.14
16.0;0.0;16.0;26.35;0.34
0.0;0.0;0.0;25.29;0.69
0.0;0.0;0.0;24.19;0.55
0.0;0.0;0.0;23.59;0.41
0.0;0.0;0.0;20.28;1.45
0.0;0.0;0.0;18.65;2.41
0.0;0.0;0.0;17.97;3.17
0.0;0.0;0.0;17.0;3.24
0.0;0.0;0.0;16.16;3.1
0.0;0.0;0.0;15.57;2.97
0.0;0.0;0.0;15.08;2.83
0.0;0.0;0.0;14.64;2.69
20.0;159.98;13.0;14.2;2.48
199.0;549.2;67.0;14.9;2.21
396.0;701.2;99.0;17.44;2.55
574.0;781.56;120.0;19.8;2.28
717.0;835.2;131.0;21.86;1.79
818.0;887.41;128.0;23.91;1.24
841.0;872.47;140.0;25.7;0.76
815.0;877.04;133.0;27.05;0.41
724.0;849.28;128.0;27.93;0.48
585.0;808.82;115.0;28.35;0.55
401.0;712.59;99.0;28.38;0.41
202.0;548.57;70.0;28.05;0.41
15.0;0.0;15.0;27.43;0.69
0.0;0.0;0.0;26.29;1.52
0.0;0.0;0.0;24.84;1.59
0.0;0.0;0.0;23.5;1.24
0.0;0.0;0.0;21.66;1.59
0.0;0.0;0.0;19.9;1.72
0.0;0.0;0.0;18.55;1.66
0.0;0.0;0.0;17.28;1.59
0.0;0.0;0.0;16.39;1.72
0.0;0.0;0.0;15.72;1.79
0.0;0.0;0.0;15.08;1.79
0.0;0.0;0.0;14.48;1.72
15.0;98.34;11.0;13.95;1.66
173.0;366.61;86.0;14.81;1.24
369.0;577.92;126.0;18.79;1.1
506.0;521.05;205.0;21.14;1.1
629.0;544.25;249.0;23.44;0.83
597.0;295.92;368.0;25.6;0.9
792.0;730.49;208.0;27.39;1.38
775.0;765.56;183.0;28.59;1.72
692.0;755.98;165.0;29.35;2.07
502.0;501.63;213.0;29.67;2.21
351.0;475.43;152.0;29.64;2.28
137.0;144.57;103.0;29.21;2.34
11.0;0.0;11.0;28.33;1.86
0.0;0.0;0.0;26.65;1.72
0.0;0.0;0.0;25.38;1.66
0.0;0.0;0.0;23.93;1.72
0.0;0.0;0.0;22.25;1.72
0.0;0.0;0.0;20.59;1.66
0.0;0.0;0.0;19.22;1.52
0.0;0.0;0.0;18.11;1.31
0.0;0.0;0.0;17.54;1.1
0.0;0.0;0.0;17.14;1.03
0.0;0.0;0.0;15.92;1.66
0.0;0.0;0.0;15.69;2.28
10.0;0.0;10.0;15.38;2.55
180.0;448.24;75.0;16.18;2.34
354.0;515.15;139.0;18.5;3.03
524.0;609.31;174.0;20.72;2.97
679.0;732.64;170.0;22.85;2.41
793.0;849.22;139.0;24.69;1.59
819.0;844.84;147.0;26.24;0.62
793.0;851.86;138.0;27.39;0.55
691.0;779.9;151.0;28.35;1.03
509.0;553.31;193.0;28.81;1.1
374.0;633.93;112.0;28.88;1.24
177.0;422.26;80.0;28.6;1.31
10.0;0.0;10.0;27.93;1.1
0.0;0.0;0.0;26.87;1.24
0.0;0.0;0.0;25.46;1.31
0.0;0.0;0.0;23.84;1.86
0.0;0.0;0.0;22.27;2.0
0.0;0.0;0.0;20.87;2.0
0.0;0.0;0.0;19.63;2.0
0.0;0.0;0.0;18.57;2.0
0.0;0.0;0.0;17.63;1.93
0.0;0.0;0.0;16.8;1.93
0.0;0.0;0.0;16.0;1.79
0.0;0.0;0.0;15.28;1.66
9.0;0.0;9.0;14.59;1.59
185.0;510.45;67.0;15.2;1.17
380.0;673.57;101.0;18.57;1.03
555.0;752.89;125.0;21.27;1.03
699.0;820.27;132.0;23.59;0.21
785.0;835.14;145.0;25.48;0.9
811.0;828.99;155.0;27.21;1.59
792.0;862.02;133.0;28.6;2.0
697.0;823.1;131.0;29.6;2.07
562.0;791.45;114.0;30.09;2.0
379.0;688.74;98.0;30.12;1.93
176.0;459.35;73.0;29.73;1.86
8.0;0.0;8.0;28.72;1.45
0.0;0.0;0.0;27.03;1.52
0.0;0.0;0.0;25.48;1.52
0.0;0.0;0.0;23.94;1.66
0.0;0.0;0.0;22.4;1.45
0.0;0.0;0.0;21.26;1.1
0.0;0.0;0.0;20.39;1.03
0.0;0.0;0.0;18.61;1.52
0.0;0.0;0.0;17.51;1.72
0.0;0.0;0.0;16.77;1.79
0.0;0.0;0.0;16.21;1.86
0.0;0.0;0.0;15.7;2.0
7.0;0.0;7.0;15.37;2.07
141.0;201.7;95.0;15.76;1.45
328.0;420.88;155.0;18.32;1.72
549.0;748.49;124.0;20.91;2.07
685.0;786.69;144.0;22.96;2.0
774.0;815.73;152.0;24.81;1.59
803.0;824.46;154.0;26.26;0.9
785.0;857.89;133.0;27.34;0.41
694.0;828.88;128.0;28.11;0.48
554.0;784.36;114.0;28.58;0.83
376.0;700.35;94.0;28.69;0.97
176.0;507.51;65.0;28.43;0.83
6.0;0.0;6.0;27.8;0.41
0.0;0.0;0.0;26.5;1.66
0.0;0.0;0.0;24.93;2.28
0.0;0.0;0.0;23.44;2.55
0.0;0.0;0.0;22.14;2.83
0.0;0.0;0.0;20.92;2.9
0.0;0.0;0.0;19.84;2.62
0.0;0.0;0.0;18.93;2.41
0.0;0.0;0.0;18.12;2.34
0.0;0.0;0.0;17.42;2.28
0.0;0.0;0.0;16.83;2.21
0.0;0.0;0.0;16.17;2.07
7.0;0.0;7.0;15.53;1.93
181.0;515.69;65.0;15.81;1.79
374.0;671.84;100.0;18.26;2.0
551.0;765.35;119.0;20.84;1.93
688.0;806.9;136.0;23.11;1.52
773.0;819.89;151.0;24.88;0.76
802.0;828.88;153.0;26.29;0.28
783.0;861.69;132.0;27.49;0.9
691.0;831.84;127.0;28.35;1.31
545.0;768.21;118.0;28.83;1.52
366.0;674.56;98.0;28.87;1.72
173.0;511.29;64.0;28.46;2.0
0.0;0.0;0.0;27.51;2.0
0.0;0.0;0.0;25.9;2.21
0.0;0.0;0.0;24.4;2.62
0.0;0.0;0.0;23.04;2.62
0.0;0.0;0.0;21.76;2.41
0.0;0.0;0.0;20.57;2.21
0.0;0.0;0.0;19.47;2.28
0.0;0.0;0.0;18.57;2.34
0.0;0.0;0.0;17.8;2.41
0.0;0.0;0.0;17.08;2.28
0.0;0.0;0.0;16.37;2.07
0.0;0.0;0.0;15.62;1.86
5.0;0.0;5.0;14.88;1.72
178.0;509.47;65.0;15.2;1.1
371.0;667.32;101.0;18.22;1.1
558.0;793.16;113.0;20.24;1.31
670.0;737.73;168.0;22.15;1.1
761.0;779.1;173.0;24.06;1.31
759.0;687.0;224.0;25.8;1.52
792.0;892.23;122.0;27.23;1.79
683.0;814.1;135.0;28.36;2.14
529.0;704.58;141.0;28.86;2.55
358.0;643.0;106.0;28.79;2.9
154.0;370.83;77.0;28.12;3.17
0.0;0.0;0.0;26.87;2.83
0.0;0.0;0.0;25.42;2.9
0.0;0.0;0.0;23.92;3.38
0.0;0.0;0.0;22.49;3.52
0.0;0.0;0.0;21.2;3.1
0.0;0.0;0.0;19.97;2.55
0.0;0.0;0.0;18.74;2.21
0.0;0.0;0.0;17.61;1.93
0.0;0.0;0.0;16.56;1.72
0.0;0.0;0.0;15.51;1.59
0.0;0.0;0.0;14.58;1.52
0.0;0.0;0.0;13.94;1.45
0.0;0.0;0.0;13.24;1.52
176.0;516.85;63.0;13.78;1.31
369.0;675.24;98.0;17.08;1.52
548.0;769.36;119.0;19.67;1.93
681.0;794.93;143.0;22.08;1.93
764.0;808.52;157.0;24.11;1.59
798.0;832.82;153.0;25.78;1.24
765.0;824.04;150.0;27.08;0.97
681.0;824.58;130.0;28.0;0.83
540.0;780.94;114.0;28.5;0.76
361.0;693.39;93.0;28.61;0.76
122.0;178.14;86.0;28.32;0.69
0.0;0.0;0.0;27.75;0.41
0.0;0.0;0.0;26.51;0.83
0.0;0.0;0.0;24.88;1.45
0.0;0.0;0.0;23.44;2.48
0.0;0.0;0.0;22.17;3.24
0.0;0.0;0.0;21.05;3.59
0.0;0.0;0.0;19.99;3.17
0.0;0.0;0.0;19.02;2.9
0.0;0.0;0.0;18.25;2.62
0.0;0.0;0.0;17.53;2.48
0.0;0.0;0.0;17.1;2.34
0.0;0.0;0.0;16.68;2.28
0.0;0.0;0.0;16.27;2.28
0.0;0.0;0.0;16.92;2.0
242.0;148.22;183.0;18.93;2.48
282.0;54.14;252.0;21.14;2.34
653.0;722.07;167.0;23.25;1.93
747.0;778.04;166.0;25.05;1.45
775.0;786.86;169.0;26.52;0.97
759.0;838.64;137.0;27.66;0.55
667.0;808.11;131.0;28.49;0.21
524.0;751.46;118.0;28.87;0.14
348.0;663.91;95.0;28.9;0.34
155.0;478.33;61.0;28.6;0.83
0.0;0.0;0.0;27.93;1.1
0.0;0.0;0.0;26.82;0.97
0.0;0.0;0.0;25.57;1.03
0.0;0.0;0.0;24.74;0.76
0.0;0.0;0.0;23.37;0.97
0.0;0.0;0.0;21.08;2.21
0.0;0.0;0.0;19.96;2.62
0.0;0.0;0.0;19.3;2.62
0.0;0.0;0.0;18.54;2.34
0.0;0.0;0.0;17.73;2.14
0.0;0.0;0.0;16.97;2.0
0.0;0.0;0.0;16.31;2.0
0.0;0.0;0.0;15.75;1.93
166.0;485.32;63.0;15.91;1.52
357.0;651.09;100.0;18.9;1.52
530.0;731.9;127.0;21.08;1.59
667.0;784.39;142.0;23.23;1.31
750.0;798.44;157.0;25.33;1.1
774.0;791.35;168.0;27.17;1.1
749.0;812.76;150.0;28.5;1.17
665.0;812.71;130.0;29.24;1.03
519.0;743.87;121.0;29.53;0.9
341.0;646.9;98.0;29.43;0.69
149.0;466.11;60.0;29.0;0.76
0.0;0.0;0.0;28.2;0.76
0.0;0.0;0.0;27.14;1.38
0.0;0.0;0.0;25.89;1.45
0.0;0.0;0.0;24.54;1.45
0.0;0.0;0.0;23.24;1.45
0.0;0.0;0.0;22.89;1.1
0.0;0.0;0.0;21.65;1.1
0.0;0.0;0.0;20.01;1.66
0.0;0.0;0.0;19.15;2.0
0.0;0.0;0.0;18.24;1.79
0.0;0.0;0.0;17.45;1.52
0.0;0.0;0.0;16.83;1.66
0.0;0.0;0.0;16.26;1.79
159.0;449.76;65.0;16.48;1.38
352.0;643.9;100.0;19.79;1.1
523.0;725.68;126.0;22.09;1.1
664.0;793.37;136.0;24.28;1.03
738.0;777.14;164.0;26.43;1.1
761.0;770.97;174.0;28.3;1.38
745.0;823.46;142.0;29.44;1.72
649.0;777.62;141.0;29.97;1.86
505.0;707.85;130.0;29.97;1.86
333.0;637.53;97.0;29.78;1.86
141.0;436.98;60.0;29.35;1.86
0.0;0.0;0.0;28.34;1.45
0.0;0.0;0.0;27.08;1.45
0.0;0.0;0.0;25.75;1.52
0.0;0.0;0.0;24.26;1.45
0.0;0.0;0.0;23.83;1.03
0.0;0.0;0.0;24.3;0.55
0.0;0.0;0.0;23.45;0.48
0.0;0.0;0.0;21.3;0.9
0.0;0.0;0.0;20.08;1.03
0.0;0.0;0.0;19.09;1.24
0.0;0.0;0.0;17.93;1.24
0.0;0.0;0.0;17.1;1.17
0.0;0.0;0.0;16.54;1.1
157.0;447.16;65.0;16.92;0.9
347.0;623.74;105.0;19.46;0.55
520.0;715.74;131.0;22.19;0.97
660.0;784.37;141.0;24.56;1.52
742.0;796.49;157.0;26.47;2.0
765.0;790.03;167.0;28.01;2.28
739.0;812.35;148.0;29.07;2.48
647.0;782.12;140.0;29.11;2.48
505.0;726.42;124.0;29.14;2.34
328.0;627.9;99.0;28.84;2.14
125.0;317.05;68.0;28.4;1.72
0.0;0.0;0.0;27.55;0.97
0.0;0.0;0.0;26.41;1.38
0.0;0.0;0.0;24.95;1.52
0.0;0.0;0.0;23.68;1.38
0.0;0.0;0.0;22.48;1.24
0.0;0.0;0.0;22.93;0.76
0.0;0.0;0.0;22.38;0.48
0.0;0.0;0.0;21.6;0.62
0.0;0.0;0.0;20.94;0.62
0.0;0.0;0.0;20.41;0.34
0.0;0.0;0.0;19.77;0.76
0.0;0.0;0.0;18.57;0.9
0.0;0.0;0.0;18.22;0.76
118.0;172.87;83.0;18.09;0.48
320.0;499.26;128.0;20.09;0.34
462.0;498.27;193.0;22.73;0.9
542.0;407.42;274.0;24.69;1.38
626.0;454.61;294.0;26.34;2.0
711.0;639.25;230.0;27.79;2.62
706.0;723.65;183.0;28.9;3.1
589.0;595.49;206.0;29.55;3.31
466.0;585.54;162.0;29.81;3.38
245.0;236.62;160.0;29.55;3.38
113.0;258.32;68.0;28.92;3.03
0.0;0.0;0.0;27.65;2.28
0.0;0.0;0.0;26.09;1.93
0.0;0.0;0.0;24.79;1.79
0.0;0.0;0.0;23.62;1.52
0.0;0.0;0.0;22.45;1.24
0.0;0.0;0.0;22.59;0.62
0.0;0.0;0.0;22.36;0.41
0.0;0.0;0.0;20.46;1.1
0.0;0.0;0.0;19.47;1.1
0.0;0.0;0.0;19.51;0.83
0.0;0.0;0.0;19.47;0.62
0.0;0.0;0.0;18.98;0.55
0.0;0.0;0.0;18.3;0.76
151.0;446.87;62.0;17.51;0.69
326.0;551.01;116.0;19.74;0.55
493.0;637.8;151.0;22.26;1.1
599.0;596.44;209.0;24.12;1.79
690.0;658.32;212.0;25.78;2.48
731.0;720.66;192.0;27.32;2.97
721.0;798.15;148.0;28.42;3.24
633.0;782.04;134.0;29.09;3.38
490.0;721.99;119.0;29.4;3.45
310.0;596.48;99.0;29.34;3.31
125.0;415.12;55.0;28.83;3.03
0.0;0.0;0.0;27.86;2.07
0.0;0.0;0.0;26.27;1.31
0.0;0.0;0.0;25.45;0.83
0.0;0.0;0.0;24.54;0.62
0.0;0.0;0.0;23.41;0.76
0.0;0.0;0.0;22.3;0.97
0.0;0.0;0.0;20.9;1.24
0.0;0.0;0.0;19.83;1.38
0.0;0.0;0.0;19.08;1.38
0.0;0.0;0.0;18.58;1.31
0.0;0.0;0.0;18.07;1.38
0.0;0.0;0.0;17.83;1.66
0.0;0.0;0.0;17.48;1.52
116.0;183.83;80.0;17.63;1.17
200.0;84.74;168.0;20.11;1.72
323.0;127.69;255.0;21.74;2.76
502.0;321.58;293.0;22.88;2.97
369.0;48.49;334.0;24.18;2.69
382.0;48.43;346.0;25.7;3.38
558.0;325.36;326.0;27.12;4.21
465.0;263.84;298.0;27.81;4.55
347.0;210.41;240.0;27.94;5.38
162.0;45.94;146.0;26.78;6.07
53.0;12.27;51.0;24.93;4.69
0.0;0.0;0.0;23.45;3.79
0.0;0.0;0.0;22.41;2.76
0.0;0.0;0.0;20.88;2.97
0.0;0.0;0.0;19.57;3.31
0.0;0.0;0.0;18.01;2.55
0.0;0.0;0.0;17.48;2.83
0.0;0.0;0.0;17.35;3.1
0.0;0.0;0.0;16.87;3.24
0.0;0.0;0.0;16.33;3.31
0.0;0.0;0.0;15.62;3.24
0.0;0.0;0.0;15.15;3.24
0.0;0.0;0.0;14.86;3.03
0.0;0.0;0.0;14.84;2.55
113.0;181.83;78.0;14.93;3.24
227.0;152.35;170.0;15.49;3.52
244.0;34.04;226.0;16.43;3.52
314.0;38.7;289.0;17.45;4.28
200.0;0.0;200.0;17.89;4.9
610.0;393.89;319.0;19.16;5.52
289.0;11.3;281.0;19.93;5.31
545.0;495.37;234.0;21.15;5.45
158.0;1.99;157.0;18.34;5.52
140.0;20.42;133.0;17.89;4.14
57.0;19.05;54.0;17.99;4.48
0.0;0.0;0.0;16.9;3.72
0.0;0.0;0.0;15.81;4.28
0.0;0.0;0.0;15.31;4.41
0.0;0.0;0.0;15.21;3.86
0.0;0.0;0.0;14.95;3.52
0.0;0.0;0.0;14.74;3.45
0.0;0.0;0.0;14.73;3.31
0.0;0.0;0.0;14.36;3.45
0.0;0.0;0.0;14.0;3.24
0.0;0.0;0.0;14.01;2.83
0.0;0.0;0.0;14.01;2.76
0.0;0.0;0.0;13.98;2.83
0.0;0.0;0.0;13.91;2.76
53.0;5.29;52.0;14.13;3.1
84.0;0.0;84.0;14.81;3.17
337.0;163.8;251.0;15.91;3.24
434.0;190.06;312.0;17.04;3.52
384.0;63.09;339.0;17.97;4.21
666.0;557.1;257.0;19.1;4.48
512.0;244.57;340.0;20.18;4.48
345.0;77.09;297.0;20.79;4.62
405.0;415.81;198.0;20.64;5.03
268.0;429.92;123.0;20.15;5.24
115.0;447.53;47.0;18.82;4.97
0.0;0.0;0.0;17.63;4.41
0.0;0.0;0.0;16.9;3.79
0.0;0.0;0.0;16.48;3.31
0.0;0.0;0.0;16.3;3.03
0.0;0.0;0.0;16.15;2.76
0.0;0.0;0.0;16.06;2.69
0.0;0.0;0.0;15.94;2.69
0.0;0.0;0.0;15.96;2.97
0.0;0.0;0.0;15.58;2.9
0.0;0.0;0.0;15.45;2.9
0.0;0.0;0.0;15.53;2.62
0.0;0.0;0.0;15.62;2.48
0.0;0.0;0.0;15.72;2.28
38.0;0.0;38.0;16.13;1.86
119.0;5.45;117.0;16.69;3.03
232.0;28.78;217.0;17.66;3.24
438.0;210.09;304.0;18.36;3.03
478.0;186.21;346.0;18.41;2.69
151.0;0.0;151.0;18.81;2.69
377.0;67.3;330.0;18.73;2.28
359.0;102.03;296.0;18.32;2.07
302.0;142.14;232.0;18.13;2.07
94.0;0.0;94.0;20.3;2.4
55.0;27.32;51.0;19.41;2.3
0.0;0.0;0.0;18.53;2.19
0.0;0.0;0.0;17.65;2.09
0.0;0.0;0.0;16.76;1.98
0.0;0.0;0.0;15.88;1.88
0.0;0.0;0.0;15.0;1.77
0.0;0.0;0.0;14.12;1.66
0.0;0.0;0.0;13.23;1.56
0.0;0.0;0.0;12.35;1.45
0.0;0.0;0.0;11.47;1.35
0.0;0.0;0.0;10.59;1.24
0.0;0.0;0.0;9.7;1.14
0.0;0.0;0.0;8.82;1.03
0.0;0.0;0.0;7.94;0.93
141.0;503.17;51.0;7.05;0.82
335.0;694.81;85.0;11.27;0.62
517.0;817.84;97.0;13.88;0.48
661.0;887.87;102.0;15.8;0.34
756.0;942.79;96.0;17.35;0.97
777.0;940.14;100.0;18.57;1.38
739.0;928.24;100.0;19.49;1.59
636.0;881.25;101.0;20.12;1.79
483.0;805.44;95.0;20.48;1.72
297.0;685.7;77.0;20.47;1.72
102.0;450.53;41.0;19.9;1.59
0.0;0.0;0.0;18.19;2.0
0.0;0.0;0.0;16.73;1.93
0.0;0.0;0.0;15.14;1.86
0.0;0.0;0.0;13.98;1.66
0.0;0.0;0.0;13.51;1.45
0.0;0.0;0.0;13.97;0.97
0.0;0.0;0.0;13.99;0.48
0.0;0.0;0.0;13.45;0.0
0.0;0.0;0.0;12.79;0.62
0.0;0.0;0.0;11.18;1.03
0.0;0.0;0.0;10.19;1.17
0.0;0.0;0.0;9.75;1.1
0.0;0.0;0.0;9.45;1.1
126.0;370.58;61.0;10.2;0.83
306.0;539.09;114.0;12.64;0.48
450.0;533.7;178.0;15.12;0.41
632.0;805.85;128.0;16.77;0.55
728.0;875.51;119.0;18.22;0.97
757.0;896.04;116.0;19.52;1.45
691.0;784.3;155.0;20.48;1.79
527.0;486.8;234.0;21.01;1.93
439.0;621.38;143.0;21.19;1.93
274.0;564.4;96.0;21.04;1.93
97.0;438.72;40.0;20.34;1.45
0.0;0.0;0.0;18.82;1.59
0.0;0.0;0.0;17.0;1.52
0.0;0.0;0.0;15.91;1.52
0.0;0.0;0.0;15.92;1.24
0.0;0.0;0.0;16.5;0.69
0.0;0.0;0.0;15.68;0.41
0.0;0.0;0.0;14.89;0.55
0.0;0.0;0.0;14.08;0.48
0.0;0.0;0.0;13.52;0.62
0.0;0.0;0.0;12.94;0.83
0.0;0.0;0.0;11.32;1.17
0.0;0.0;0.0;10.01;1.38
0.0;0.0;0.0;9.27;1.31
134.0;488.62;50.0;9.91;1.03
322.0;658.21;90.0;12.94;0.55
501.0;783.04;105.0;16.25;0.48
645.0;862.81;109.0;18.4;1.03
731.0;892.77;114.0;19.98;1.79
747.0;876.71;124.0;21.17;2.34
713.0;877.07;118.0;21.91;2.55
611.0;832.96;114.0;22.31;2.62
467.0;781.32;99.0;22.4;2.62
284.0;667.87;77.0;22.07;2.48
92.0;425.79;39.0;21.17;1.66
0.0;0.0;0.0;19.33;1.66
0.0;0.0;0.0;17.75;1.31
0.0;0.0;0.0;18.19;0.97
0.0;0.0;0.0;18.02;0.55
0.0;0.0;0.0;17.32;0.14
0.0;0.0;0.0;16.54;0.21
0.0;0.0;0.0;15.75;0.34
0.0;0.0;0.0;14.9;0.55
0.0;0.0;0.0;14.2;0.83
0.0;0.0;0.0;12.71;1.03
0.0;0.0;0.0;11.39;1.17
0.0;0.0;0.0;10.38;1.24
0.0;0.0;0.0;9.7;1.24
130.0;480.99;49.0;9.94;1.03
320.0;670.95;86.0;13.32;0.62
503.0;805.16;99.0;16.86;0.62
645.0;875.21;105.0;19.08;0.34
730.0;905.92;108.0;20.64;0.62
759.0;926.58;105.0;21.72;1.03
712.0;889.55;113.0;22.38;1.03
610.0;843.69;111.0;22.76;1.03
461.0;779.58;98.0;22.86;1.1
280.0;673.2;75.0;22.58;1.17
86.0;403.17;38.0;21.87;0.9
0.0;0.0;0.0;20.32;0.76
0.0;0.0;0.0;18.05;1.45
0.0;0.0;0.0;16.2;1.93
0.0;0.0;0.0;14.67;2.0
0.0;0.0;0.0;13.48;2.0
0.0;0.0;0.0;12.62;1.93
0.0;0.0;0.0;11.94;1.79
0.0;0.0;0.0;11.6;1.66
0.0;0.0;0.0;11.24;1.66
0.0;0.0;0.0;11.01;1.66
0.0;0.0;0.0;10.84;1.59
0.0;0.0;0.0;10.63;1.59
0.0;0.0;0.0;10.44;1.52
127.0;479.17;48.0;10.77;1.31
318.0;678.23;84.0;13.95;0.9
495.0;789.52;102.0;17.34;0.97
639.0;871.51;105.0;19.17;0.83
716.0;878.23;117.0;20.81;0.69
740.0;885.85;119.0;22.27;0.83
697.0;861.85;121.0;23.35;1.17
602.0;839.27;110.0;24.0;1.45
459.0;795.15;93.0;24.21;1.45
274.0;665.31;75.0;24.02;1.38
81.0;395.89;36.0;23.2;1.03
0.0;0.0;0.0;21.55;0.76
0.0;0.0;0.0;21.32;0.41
0.0;0.0;0.0;20.53;0.21
0.0;0.0;0.0;19.24;0.69
0.0;0.0;0.0;16.42;1.52
0.0;0.0;0.0;14.17;1.79
0.0;0.0;0.0;13.15;1.72
0.0;0.0;0.0;12.55;1.66
0.0;0.0;0.0;12.25;1.59
0.0;0.0;0.0;12.35;1.38
0.0;0.0;0.0;13.4;0.97
0.0;0.0;0.0;13.81;0.28
0.0;0.0;0.0;13.63;0.28
114.0;371.95;54.0;13.07;0.41
301.0;609.53;93.0;14.45;0.34
475.0;733.16;113.0;17.41;0.55
604.0;774.11;133.0;19.57;1.24
663.0;715.88;178.0;21.18;2.0
689.0;736.86;176.0;22.2;2.62
641.0;684.47;187.0;22.71;3.03
512.0;509.46;216.0;22.94;3.31
401.0;542.91;154.0;22.77;3.1
214.0;309.81;123.0;22.16;2.9
61.0;175.42;42.0;21.17;2.07
0.0;0.0;0.0;19.64;1.86
0.0;0.0;0.0;18.27;2.0
0.0;0.0;0.0;16.8;1.79
0.0;0.0;0.0;15.57;1.59
0.0;0.0;0.0;15.2;1.17
0.0;0.0;0.0;15.49;0.9
0.0;0.0;0.0;15.45;0.34
0.0;0.0;0.0;15.1;0.28
0.0;0.0;0.0;14.6;0.48
0.0;0.0;0.0;14.14;0.41
0.0;0.0;0.0;13.68;0.48
0.0;0.0;0.0;13.2;0.55
0.0;0.0;0.0;12.78;0.69
97.0;240.91;59.0;13.22;0.83
264.0;426.73;120.0;15.37;0.55
453.0;675.92;122.0;18.18;0.62
594.0;787.93;118.0;20.1;0.48
679.0;829.25;121.0;21.79;0.28
705.0;849.06;118.0;23.24;0.28
681.0;882.67;100.0;24.43;0.28
570.0;798.91;110.0;25.23;0.34
419.0;698.35;105.0;25.58;0.55
234.0;492.42;92.0;25.43;0.9
66.0;300.99;35.0;24.63;1.17
0.0;0.0;0.0;22.84;1.86
0.0;0.0;0.0;21.02;1.79
0.0;0.0;0.0;19.53;1.72
0.0;0.0;0.0;18.82;1.45
0.0;0.0;0.0;19.62;0.97
0.0;0.0;0.0;19.69;0.48
0.0;0.0;0.0;19.1;0.21
0.0;0.0;0.0;18.44;0.55
0.0;0.0;0.0;17.36;0.9
0.0;0.0;0.0;16.53;0.97
0.0;0.0;0.0;16.22;0.97
0.0;0.0;0.0;15.75;0.97
0.0;0.0;0.0;15.27;0.97
93.0;220.58;59.0;15.77;0.62
275.0;506.55;106.0;16.89;0.21
397.0;430.37;188.0;20.17;0.55
600.0;813.64;112.0;22.29;1.38
685.0;857.42;112.0;23.89;2.07
692.0;817.19;131.0;25.1;2.48
664.0;842.05;114.0;26.02;2.69
525.0;622.19;170.0;26.57;2.76
420.0;722.45;99.0;26.71;2.83
244.0;597.08;75.0;26.36;2.83
61.0;276.32;34.0;25.05;2.34
0.0;0.0;0.0;22.9;2.48
0.0;0.0;0.0;21.6;2.28
0.0;0.0;0.0;20.07;2.07
0.0;0.0;0.0;18.62;1.79
0.0;0.0;0.0;17.58;1.52
0.0;0.0;0.0;17.09;1.24
0.0;0.0;0.0;17.09;0.97
0.0;0.0;0.0;16.81;0.55
0.0;0.0;0.0;16.32;0.14
0.0;0.0;0.0;15.71;0.41
0.0;0.0;0.0;15.11;0.69
0.0;0.0;0.0;14.14;0.9
0.0;0.0;0.0;13.46;0.97
108.0;411.91;46.0;14.25;0.62
287.0;603.43;88.0;16.26;0.41
461.0;745.55;102.0;19.35;0.34
600.0;828.01;107.0;21.54;0.62
679.0;849.84;115.0;23.34;1.31
705.0;868.51;113.0;24.77;1.93
661.0;844.01;114.0;25.74;2.34
561.0;795.96;111.0;26.3;2.55
418.0;735.7;95.0;26.3;2.69
241.0;604.87;73.0;25.93;2.9
58.0;281.15;32.0;24.87;2.48
0.0;0.0;0.0;23.03;2.41
0.0;0.0;0.0;21.88;2.21
0.0;0.0;0.0;20.55;2.07
0.0;0.0;0.0;19.25;1.79
0.0;0.0;0.0;18.24;1.52
0.0;0.0;0.0;17.76;1.24
0.0;0.0;0.0;17.66;0.97
0.0;0.0;0.0;17.65;0.76
0.0;0.0;0.0;17.2;0.48
0.0;0.0;0.0;16.76;0.14
0.0;0.0;0.0;16.33;0.28
0.0;0.0;0.0;15.87;0.69
0.0;0.0;0.0;15.06;0.83
101.0;360.85;48.0;15.88;0.69
222.0;254.67;139.0;17.43;0.41
369.0;358.19;198.0;19.93;0.76
557.0;683.58;153.0;21.82;1.38
503.0;305.01;302.0;23.35;2.34
538.0;351.68;300.0;24.55;3.24
562.0;508.53;235.0;25.26;3.93
470.0;451.66;217.0;25.41;4.41
323.0;315.84;186.0;25.01;4.55
232.0;583.53;73.0;24.38;3.93
36.0;57.29;31.0;23.39;2.83
0.0;0.0;0.0;21.91;2.69
0.0;0.0;0.0;20.73;2.55
0.0;0.0;0.0;19.7;2.28
0.0;0.0;0.0;18.69;2.0
0.0;0.0;0.0;17.93;1.86
0.0;0.0;0.0;17.15;1.86
0.0;0.0;0.0;16.43;1.86
0.0;0.0;0.0;15.78;1.93
0.0;0.0;0.0;15.46;2.0
0.0;0.0;0.0;15.31;2.14
0.0;0.0;0.0;15.02;2.34
0.0;0.0;0.0;14.78;2.41
0.0;0.0;0.0;14.55;2.48
81.0;181.55;55.0;15.05;2.21
297.0;701.83;71.0;16.37;2.69
452.0;735.35;104.0;17.6;3.03
564.0;710.89;147.0;18.99;3.31
617.0;643.4;196.0;19.86;3.45
681.0;821.6;129.0;20.72;3.79
627.0;747.69;150.0;21.19;4.0
456.0;410.83;228.0;21.48;4.14
172.0;14.0;166.0;21.4;4.21
20.0;0.0;20.0;20.43;4.07
27.0;0.0;27.0;19.18;3.17
0.0;0.0;0.0;18.27;3.17
0.0;0.0;0.0;17.74;3.1
0.0;0.0;0.0;17.02;2.83
0.0;0.0;0.0;16.44;2.55
0.0;0.0;0.0;15.9;2.21
0.0;0.0;0.0;15.46;1.79
0.0;0.0;0.0;14.93;1.72
0.0;0.0;0.0;14.56;1.66
0.0;0.0;0.0;14.24;1.45
0.0;0.0;0.0;14.03;1.24
0.0;0.0;0.0;13.76;1.17
0.0;0.0;0.0;13.56;1.03
0.0;0.0;0.0;13.48;0.9
49.0;21.5;46.0;14.41;0.76
239.0;358.38;125.0;14.82;0.55
253.0;74.62;218.0;16.56;1.31
433.0;274.84;273.0;17.59;1.52
206.0;0.0;206.0;18.2;1.45
61.0;0.0;61.0;18.81;1.45
190.0;0.0;190.0;18.88;1.17
185.0;1.82;184.0;18.68;0.83
341.0;408.68;168.0;17.76;0.9
136.0;83.95;114.0;16.84;1.31
25.0;0.0;25.0;16.23;0.83
0.0;0.0;0.0;15.81;0.9
0.0;0.0;0.0;14.59;1.03
0.0;0.0;0.0;14.09;1.1
0.0;0.0;0.0;13.7;1.17
0.0;0.0;0.0;13.12;1.31
0.0;0.0;0.0;12.77;1.24
0.0;0.0;0.0;12.25;1.17
0.0;0.0;0.0;12.25;1.03
0.0;0.0;0.0;11.94;1.17
0.0;0.0;0.0;11.8;1.03
0.0;0.0;0.0;11.15;1.1
0.0;0.0;0.0;10.92;1.03
0.0;0.0;0.0;10.33;1.17
98.0;404.91;43.0;9.75;1.1
283.0;646.18;80.0;11.56;0.62
458.0;776.57;97.0;13.75;0.48
592.0;839.55;107.0;15.63;0.34
670.0;858.98;116.0;17.15;0.69
676.0;809.6;140.0;18.29;1.03
584.0;590.91;213.0;19.01;1.38
539.0;760.13;125.0;19.54;1.59
378.0;593.12;130.0;19.75;1.66
215.0;525.47;80.0;19.51;2.0
25.0;0.0;25.0;18.72;2.14
0.0;0.0;0.0;17.08;2.21
0.0;0.0;0.0;15.94;2.55
0.0;0.0;0.0;14.67;2.34
0.0;0.0;0.0;13.49;2.07
0.0;0.0;0.0;12.56;2.0
0.0;0.0;0.0;11.94;1.93
0.0;0.0;0.0;11.33;2.0
0.0;0.0;0.0;10.99;1.93
0.0;0.0;0.0;10.64;1.93
0.0;0.0;0.0;10.41;1.93
0.0;0.0;0.0;10.25;1.93
0.0;0.0;0.0;10.01;1.93
0.0;0.0;0.0;9.73;2.0
97.0;431.45;40.0;9.43;1.93
273.0;612.53;83.0;11.77;2.07
443.0;733.76;105.0;13.87;2.9
577.0;807.72;114.0;15.55;3.38
639.0;763.77;150.0;16.97;3.86
356.0;60.87;316.0;17.71;4.28
489.0;321.13;289.0;18.01;4.83
364.0;183.5;265.0;18.04;4.97
289.0;234.88;192.0;18.11;5.1
100.0;19.86;95.0;17.44;4.48
18.0;0.0;18.0;16.22;3.86
0.0;0.0;0.0;14.32;2.97
0.0;0.0;0.0;13.08;2.48
0.0;0.0;0.0;12.72;2.34
0.0;0.0;0.0;12.21;1.72
0.0;0.0;0.0;10.8;1.86
0.0;0.0;0.0;9.64;2.07
0.0;0.0;0.0;8.81;2.07
0.0;0.0;0.0;7.97;2.07
0.0;0.0;0.0;7.11;2.0
0.0;0.0;0.0;6.49;1.79
0.0;0.0;0.0;6.14;1.59
0.0;0.0;0.0;6.2;1.31
0.0;0.0;0.0;6.53;1.03
94.0;436.21;38.0;6.69;0.83
278.0;656.42;77.0;7.71;0.76
449.0;766.87;99.0;9.84;1.24
586.0;838.72;109.0;11.55;1.79
656.0;827.66;130.0;13.07;1.79
677.0;835.57;132.0;14.29;1.52
643.0;851.47;117.0;15.14;1.17
544.0;814.0;109.0;15.83;1.38
398.0;752.73;91.0;16.46;1.93
219.0;624.13;65.0;16.3;1.86
21.0;0.0;21.0;15.75;1.59
0.0;0.0;0.0;14.38;1.24
0.0;0.0;0.0;12.76;1.31
0.0;0.0;0.0;11.68;1.31
0.0;0.0;0.0;10.65;1.45
0.0;0.0;0.0;9.96;1.38
0.0;0.0;0.0;9.41;1.38
0.0;0.0;0.0;9.03;1.31
0.0;0.0;0.0;9.05;1.24
0.0;0.0;0.0;8.7;1.24
0.0;0.0;0.0;8.66;1.1
0.0;0.0;0.0;8.74;0.97
0.0;0.0;0.0;9.03;0.83
0.0;0.0;0.0;8.99;0.76
75.0;224.68;47.0;8.04;0.83
184.0;152.21;138.0;9.26;0.76
435.0;725.43;107.0;12.02;1.31
568.0;799.33;117.0;13.94;2.07
623.0;726.06;165.0;15.47;2.69
621.0;650.35;200.0;16.85;3.17
521.0;427.6;259.0;17.88;3.52
411.0;315.51;244.0;18.48;3.79
388.0;734.91;92.0;18.77;3.79
209.0;587.42;67.0;18.59;3.52
20.0;0.0;20.0;17.47;2.41
0.0;0.0;0.0;15.57;2.14
0.0;0.0;0.0;13.68;1.72
0.0;0.0;0.0;12.23;1.66
0.0;0.0;0.0;11.63;1.52
0.0;0.0;0.0;10.87;1.52
0.0;0.0;0.0;10.16;1.52
0.0;0.0;0.0;9.85;1.38
0.0;0.0;0.0;9.96;1.17
0.0;0.0;0.0;10.29;1.03
0.0;0.0;0.0;10.04;1.03
0.0;0.0;0.0;9.53;1.1
0.0;0.0;0.0;9.37;1.1
0.0;0.0;0.0;9.22;1.1
84.0;372.35;39.0;8.59;1.24
264.0;607.01;83.0;10.25;0.97
433.0;730.13;106.0;13.78;1.79
563.0;789.71;121.0;16.05;2.69
639.0;803.42;136.0;17.79;3.38
663.0;826.53;132.0;18.99;3.72
601.0;725.67;160.0;19.85;3.86
437.0;410.11;222.0;20.55;3.93
376.0;688.92;102.0;20.97;3.93
204.0;578.62;67.0;20.96;3.59
16.0;0.0;16.0;19.61;2.48
0.0;0.0;0.0;17.45;2.07
0.0;0.0;0.0;15.73;2.0
0.0;0.0;0.0;14.61;2.21
0.0;0.0;0.0;14.22;2.48
0.0;0.0;0.0;13.82;2.69
0.0;0.0;0.0;13.54;2.69
0.0;0.0;0.0;13.35;2.62
0.0;0.0;0.0;12.78;2.48
0.0;0.0;0.0;12.25;2.41
0.0;0.0;0.0;11.8;2.28
0.0;0.0;0.0;11.19;2.14
0.0;0.0;0.0;10.68;1.93
0.0;0.0;0.0;10.27;1.93
21.0;0.0;21.0;10.71;1.86
23.0;0.0;23.0;12.56;1.66
125.0;0.0;125.0;15.18;2.48
82.0;0.0;82.0;16.73;3.1
119.0;0.0;119.0;18.29;3.31
203.0;0.0;203.0;19.26;3.52
337.0;76.32;291.0;19.47;3.38
135.0;0.0;135.0;20.03;3.38
56.0;0.0;56.0;20.35;2.9
115.0;73.32;98.0;19.59;1.72
14.0;0.0;14.0;17.67;1.86
0.0;0.0;0.0;16.15;1.66
0.0;0.0;0.0;16.38;0.9
0.0;0.0;0.0;15.62;1.03
0.0;0.0;0.0;14.55;1.1
0.0;0.0;0.0;14.02;1.24
0.0;0.0;0.0;13.98;1.93
0.0;0.0;0.0;13.69;2.9
0.0;0.0;0.0;12.13;2.76
0.0;0.0;0.0;11.05;2.69
0.0;0.0;0.0;10.27;2.55
0.0;0.0;0.0;9.61;2.48
0.0;0.0;0.0;9.07;2.28
0.0;0.0;0.0;8.69;2.34
52.0;88.28;42.0;9.68;2.0
137.0;51.71;122.0;10.04;2.21
271.0;141.14;209.0;10.63;2.14
217.0;9.08;212.0;11.57;2.07
209.0;1.62;208.0;12.58;1.93
418.0;161.22;316.0;13.34;2.0
179.0;0.0;179.0;13.89;2.0
198.0;7.78;194.0;14.22;1.93
225.0;113.47;181.0;14.46;2.0
124.0;110.13;99.0;14.22;1.72
14.0;0.0;14.0;13.93;1.45
0.0;0.0;0.0;13.33;1.03
0.0;0.0;0.0;12.73;0.9
0.0;0.0;0.0;11.84;1.38
0.0;0.0;0.0;11.23;1.45
0.0;0.0;0.0;10.95;1.38
0.0;0.0;0.0;10.76;1.31
0.0;0.0;0.0;10.75;1.24
0.0;0.0;0.0;10.5;1.31
0.0;0.0;0.0;10.4;1.24
0.0;0.0;0.0;10.4;1.31
0.0;0.0;0.0;10.27;1.24
0.0;0.0;0.0;10.13;1.31
0.0;0.0;0.0;10.14;1.38
26.0;0.0;26.0;10.06;1.79
69.0;0.0;69.0;10.68;1.59
146.0;2.3;145.0;11.81;1.72
137.0;0.0;137.0;13.28;1.79
508.0;406.95;259.0;14.41;1.66
613.0;721.57;160.0;15.43;1.38
407.0;194.0;292.0;16.59;1.1
440.0;494.85;188.0;17.38;0.69
314.0;444.04;144.0;17.54;0.41
164.0;360.01;84.0;17.53;1.03
12.0;0.0;12.0;16.81;1.1
0.0;0.0;0.0;15.4;1.1
0.0;0.0;0.0;14.08;0.97
0.0;0.0;0.0;13.45;0.97
0.0;0.0;0.0;12.92;0.97
0.0;0.0;0.0;12.73;0.83
0.0;0.0;0.0;12.31;0.97
0.0;0.0;0.0;12.07;1.1
0.0;0.0;0.0;11.77;1.1
0.0;0.0;0.0;10.99;1.31
0.0;0.0;0.0;10.51;1.38
0.0;0.0;0.0;10.18;1.38
0.0;0.0;0.0;10.07;1.31
0.0;0.0;0.0;10.06;1.24
32.0;9.47;31.0;10.32;1.52
40.0;0.0;40.0;11.19;1.59
79.0;0.0;79.0;11.83;1.93
81.0;0.0;81.0;12.51;2.0
221.0;4.94;218.0;12.81;1.72
99.0;0.0;99.0;13.39;1.86
169.0;0.0;169.0;13.58;1.93
202.0;11.9;196.0;14.0;2.0
175.0;37.04;161.0;14.63;1.93
34.0;0.0;34.0;15.1;1.45
7.0;0.0;7.0;14.63;0.55
0.0;0.0;0.0;14.41;0.14
0.0;0.0;0.0;13.34;0.69
0.0;0.0;0.0;12.26;0.9
0.0;0.0;0.0;11.31;1.03
0.0;0.0;0.0;10.3;1.03
0.0;0.0;0.0;9.64;0.97
0.0;0.0;0.0;9.34;0.83
0.0;0.0;0.0;9.63;0.69
0.0;0.0;0.0;9.39;0.55
0.0;0.0;0.0;8.98;0.41
0.0;0.0;0.0;8.64;0.0
0.0;0.0;0.0;8.34;0.55
0.0;0.0;0.0;7.89;0.69
56.0;186.64;37.0;7.95;0.55
169.0;161.96;124.0;9.05;0.48
346.0;412.87;170.0;11.64;0.48
539.0;808.22;105.0;13.63;0.48
621.0;851.59;108.0;15.31;0.76
643.0;872.04;104.0;16.62;1.03
595.0;833.67;109.0;17.53;1.1
488.0;754.86;111.0;18.09;1.03
340.0;637.77;102.0;18.35;1.1
183.0;596.79;56.0;18.01;1.45
8.0;0.0;8.0;17.24;1.38
0.0;0.0;0.0;15.78;1.24
0.0;0.0;0.0;14.06;1.03
0.0;0.0;0.0;14.65;0.55
0.0;0.0;0.0;14.14;0.48
0.0;0.0;0.0;12.62;1.17
0.0;0.0;0.0;10.86;1.45
0.0;0.0;0.0;10.09;1.45
0.0;0.0;0.0;9.94;1.38
0.0;0.0;0.0;9.73;1.38
0.0;0.0;0.0;9.67;1.31
0.0;0.0;0.0;9.81;1.1
0.0;0.0;0.0;9.87;1.03
0.0;0.0;0.0;9.74;1.03
66.0;367.53;30.0;9.43;1.1
235.0;584.48;75.0;10.89;0.9
400.0;715.74;98.0;14.37;0.83
530.0;792.59;108.0;16.5;0.55
611.0;838.23;110.0;18.08;0.55
627.0;834.88;115.0;19.33;0.76
582.0;807.83;115.0;20.18;0.9
482.0;752.15;110.0;20.71;0.9
340.0;670.43;93.0;20.86;0.97
169.0;518.74;61.0;20.56;0.97
7.0;0.0;7.0;19.75;0.76
0.0;0.0;0.0;18.89;0.48
0.0;0.0;0.0;17.78;0.41
0.0;0.0;0.0;15.19;1.31
0.0;0.0;0.0;13.38;1.59
0.0;0.0;0.0;12.15;1.72
0.0;0.0;0.0;11.53;1.72
0.0;0.0;0.0;11.03;1.66
0.0;0.0;0.0;10.72;1.72
0.0;0.0;0.0;10.27;1.72
0.0;0.0;0.0;10.09;1.66
0.0;0.0;0.0;10.04;1.59
0.0;0.0;0.0;10.1;1.45
0.0;0.0;0.0;10.25;1.52
33.0;31.88;30.0;10.39;1.59
67.0;0.0;67.0;11.91;1.31
135.0;2.39;134.0;14.88;1.45
242.0;28.42;227.0;16.52;1.38
358.0;111.3;292.0;17.63;1.31
441.0;241.6;294.0;18.43;1.38
301.0;57.57;268.0;19.02;1.45
128.0;0.0;128.0;19.26;1.38
81.0;0.0;81.0;19.34;1.24
49.0;0.0;49.0;18.67;0.69
0.0;0.0;0.0;17.44;0.83
0.0;0.0;0.0;16.14;0.76
0.0;0.0;0.0;15.21;1.31
0.0;0.0;0.0;14.5;1.52
0.0;0.0;0.0;13.97;1.66
0.0;0.0;0.0;13.42;1.59
0.0;0.0;0.0;13.16;1.45
0.0;0.0;0.0;13.21;1.24
0.0;0.0;0.0;13.13;1.38
0.0;0.0;0.0;12.98;1.31
0.0;0.0;0.0;12.86;1.52
0.0;0.0;0.0;12.62;1.38
0.0;0.0;0.0;12.58;1.72
0.0;0.0;0.0;12.6;2.21
10.0;0.0;10.0;12.49;1.1
20.0;0.0;20.0;12.79;1.1
121.0;0.0;121.0;13.7;1.31
409.0;340.13;231.0;14.3;1.31
499.0;441.97;239.0;15.29;1.38
331.0;69.57;289.0;16.44;1.72
242.0;15.83;233.0;17.02;1.93
145.0;0.0;145.0;17.22;2.34
82.0;0.0;82.0;16.74;2.76
48.0;0.0;48.0;15.05;2.48
0.0;0.0;0.0;14.22;2.0
0.0;0.0;0.0;13.81;1.59
0.0;0.0;0.0;13.16;3.38
0.0;0.0;0.0;12.85;3.45
0.0;0.0;0.0;12.58;2.9
0.0;0.0;0.0;12.33;2.76
0.0;0.0;0.0;12.31;2.83
0.0;0.0;0.0;12.22;2.69
0.0;0.0;0.0;12.01;2.55
0.0;0.0;0.0;11.64;2.48
0.0;0.0;0.0;11.43;1.79
0.0;0.0;0.0;11.13;1.66
0.0;0.0;0.0;11.09;1.86
0.0;0.0;0.0;11.04;1.93
37.0;69.47;31.0;11.05;1.45
191.0;332.83;104.0;11.57;1.52
298.0;281.26;183.0;12.58;1.66
388.0;283.36;241.0;13.35;1.93
272.0;29.13;255.0;14.26;2.28
281.0;28.39;264.0;15.22;2.55
359.0;140.15;280.0;15.73;3.1
444.0;626.68;143.0;16.0;3.52
263.0;310.31;153.0;15.86;3.79
77.0;25.67;72.0;15.63;3.38
0.0;0.0;0.0;14.82;2.76
0.0;0.0;0.0;13.47;2.41
0.0;0.0;0.0;12.94;2.21
0.0;0.0;0.0;12.12;2.28
0.0;0.0;0.0;11.6;2.21
0.0;0.0;0.0;11.01;1.72
0.0;0.0;0.0;10.29;1.52
0.0;0.0;0.0;10.04;1.38
0.0;0.0;0.0;10.27;1.17
0.0;0.0;0.0;10.34;1.03
0.0;0.0;0.0;10.17;0.97
0.0;0.0;0.0;9.72;1.03
0.0;0.0;0.0;10.11;1.1
0.0;0.0;0.0;10.15;1.17
39.0;109.1;30.0;9.8;1.24
113.0;34.98;104.0;11.21;0.97
223.0;84.05;189.0;12.8;1.38
391.0;295.58;239.0;14.0;2.76
111.0;0.0;111.0;13.93;2.48
131.0;0.0;131.0;13.96;2.62
116.0;0.0;116.0;14.21;3.38
461.0;725.32;116.0;14.22;4.14
325.0;682.93;86.0;13.78;4.76
152.0;488.33;59.0;12.75;4.76
0.0;0.0;0.0;11.45;4.14
0.0;0.0;0.0;10.1;4.34
0.0;0.0;0.0;9.65;3.86
0.0;0.0;0.0;8.72;4.0
0.0;0.0;0.0;7.87;4.07
0.0;0.0;0.0;7.06;3.72
0.0;0.0;0.0;6.16;3.1
0.0;0.0;0.0;5.45;2.83
0.0;0.0;0.0;4.76;2.55
0.0;0.0;0.0;4.08;2.21
0.0;0.0;0.0;3.4;2.0
0.0;0.0;0.0;2.7;1.66
0.0;0.0;0.0;2.57;1.31
0.0;0.0;0.0;2.67;1.1
49.0;305.27;25.0;2.65;1.03
221.0;568.86;77.0;3.84;0.55
390.0;722.19;101.0;5.7;1.66
519.0;784.77;119.0;7.05;2.34
590.0;783.61;140.0;8.39;2.34
615.0;822.78;130.0;9.76;2.28
573.0;808.29;125.0;10.54;1.86
474.0;766.37;113.0;11.05;1.66
331.0;700.42;89.0;11.18;1.59
156.0;537.1;56.0;10.95;1.52
0.0;0.0;0.0;10.38;1.03
0.0;0.0;0.0;9.23;0.76
0.0;0.0;0.0;8.71;0.83
0.0;0.0;0.0;7.69;0.97
0.0;0.0;0.0;6.44;1.1
0.0;0.0;0.0;5.12;1.24
0.0;0.0;0.0;4.13;1.24
0.0;0.0;0.0;3.48;1.24
0.0;0.0;0.0;3.23;1.24
0.0;0.0;0.0;2.67;1.45
0.0;0.0;0.0;2.19;1.59
0.0;0.0;0.0;2.07;1.45
0.0;0.0;0.0;2.55;1.1
0.0;0.0;0.0;3.03;0.83
46.0;307.74;23.0;2.64;0.76
218.0;582.32;73.0;3.53;0.28
386.0;730.13;97.0;5.88;0.21
515.0;793.77;114.0;7.89;0.48
602.0;867.22;108.0;9.51;0.9
618.0;863.55;113.0;10.8;1.31
566.0;802.38;125.0;11.75;1.59
467.0;760.98;112.0;12.28;1.45
321.0;668.39;93.0;12.45;1.45
149.0;494.49;59.0;12.14;1.52
0.0;0.0;0.0;11.29;1.24
0.0;0.0;0.0;9.76;0.9
0.0;0.0;0.0;9.42;0.83
0.0;0.0;0.0;7.13;1.45
0.0;0.0;0.0;5.62;1.72
0.0;0.0;0.0;4.82;1.66
0.0;0.0;0.0;4.58;1.38
0.0;0.0;0.0;4.44;1.17
0.0;0.0;0.0;3.7;1.31
0.0;0.0;0.0;3.63;1.31
0.0;0.0;0.0;3.99;1.24
0.0;0.0;0.0;4.05;1.24
0.0;0.0;0.0;4.44;1.52
0.0;0.0;0.0;4.45;1.24
13.0;0.0;13.0;5.41;1.59
43.0;0.0;43.0;5.7;1.86
59.0;0.0;59.0;6.24;1.79
45.0;0.0;45.0;6.52;1.66
143.0;0.0;143.0;7.04;1.72
82.0;0.0;82.0;7.75;1.52
90.0;0.0;90.0;8.72;1.17
53.0;0.0;53.0;8.91;0.62
117.0;5.94;115.0;8.69;0.76
38.0;0.0;38.0;8.64;0.9
0.0;0.0;0.0;8.35;1.24
0.0;0.0;0.0;8.05;1.45
0.0;0.0;0.0;8.1;2.41
0.0;0.0;0.0;7.84;2.34
0.0;0.0;0.0;7.68;2.21
0.0;0.0;0.0;7.63;1.86
0.0;0.0;0.0;7.65;1.45
0.0;0.0;0.0;7.54;0.97
0.0;0.0;0.0;7.08;0.69
0.0;0.0;0.0;6.29;0.97
0.0;0.0;0.0;5.49;1.1
0.0;0.0;0.0;5.44;0.97
0.0;0.0;0.0;5.51;0.76
0.0;0.0;0.0;5.13;0.83
37.0;223.94;22.0;5.23;0.76
207.0;569.05;70.0;5.31;0.76
372.0;723.24;92.0;7.66;1.31
491.0;751.73;118.0;8.92;1.79
539.0;656.61;171.0;9.84;2.28
372.0;140.73;291.0;10.66;2.76
337.0;122.12;271.0;10.94;3.03
363.0;349.67;203.0;11.39;3.17
195.0;114.27;157.0;11.45;3.45
65.0;17.25;62.0;7.75;3.55
0.0;0.0;0.0;8.22;3.43
0.0;0.0;0.0;8.69;3.32
0.0;0.0;0.0;9.16;3.21
0.0;0.0;0.0;9.63;3.09
0.0;0.0;0.0;10.1;2.98
0.0;0.0;0.0;10.57;2.87
0.0;0.0;0.0;11.04;2.75
0.0;0.0;0.0;11.51;2.64
0.0;0.0;0.0;11.98;2.53
0.0;0.0;0.0;12.45;2.42
0.0;0.0;0.0;12.92;2.3
0.0;0.0;0.0;13.38;2.19
0.0;0.0;0.0;13.85;2.08
0.0;0.0;0.0;14.32;1.96
18.0;14.93;17.0;14.79;1.85
191.0;456.91;81.0;14.03;2.14
312.0;410.7;153.0;14.77;2.62
504.0;844.44;85.0;15.11;2.97
529.0;647.69;166.0;15.96;3.03
533.0;601.16;187.0;16.56;2.97
546.0;823.36;101.0;16.86;3.03
449.0;780.19;92.0;17.23;3.17
321.0;772.83;64.0;17.22;3.24
140.0;534.86;47.0;16.94;2.76
0.0;0.0;0.0;15.74;1.86
0.0;0.0;0.0;13.85;1.59
0.0;0.0;0.0;12.77;2.34
0.0;0.0;0.0;11.48;2.14
0.0;0.0;0.0;10.38;1.86
0.0;0.0;0.0;9.69;1.72
0.0;0.0;0.0;8.98;1.52
0.0;0.0;0.0;8.59;1.38
0.0;0.0;0.0;8.12;1.45
0.0;0.0;0.0;7.43;1.52
0.0;0.0;0.0;7.05;1.52
0.0;0.0;0.0;6.78;1.52
0.0;0.0;0.0;6.68;1.52
0.0;0.0;0.0;6.46;1.45
18.0;15.85;17.0;6.69;1.45
146.0;173.27;105.0;8.0;1.38
249.0;175.02;182.0;9.98;2.0
252.0;50.84;227.0;11.27;2.48
396.0;217.67;275.0;12.56;2.9
601.0;893.18;91.0;13.36;3.45
526.0;723.93;138.0;14.01;3.93
359.0;350.83;200.0;14.23;4.28
192.0;115.73;154.0;13.62;4.76
90.0;105.92;72.0;12.88;4.69
0.0;0.0;0.0;11.98;4.34
0.0;0.0;0.0;11.2;4.34
0.0;0.0;0.0;10.49;4.28
0.0;0.0;0.0;10.22;4.14
0.0;0.0;0.0;10.42;4.14
0.0;0.0;0.0;10.51;5.1
0.0;0.0;0.0;10.47;3.86
0.0;0.0;0.0;10.32;3.52
0.0;0.0;0.0;9.24;3.17
0.0;0.0;0.0;8.9;2.28
0.0;0.0;0.0;8.17;2.41
0.0;0.0;0.0;7.19;2.41
0.0;0.0;0.0;6.27;2.21
0.0;0.0;0.0;5.58;2.0
29.0;151.93;20.0;4.35;1.79
200.0;580.61;65.0;5.44;1.52
363.0;729.18;87.0;7.16;2.34
486.0;779.86;106.0;8.46;2.83
559.0;794.38;121.0;9.85;2.97
555.0;700.83;158.0;11.02;2.97
536.0;786.43;118.0;11.82;3.17
450.0;804.18;89.0;12.11;3.45
290.0;592.12;98.0;12.03;3.52
113.0;283.0;66.0;11.17;3.1
0.0;0.0;0.0;10.31;2.48
0.0;0.0;0.0;9.14;2.14
0.0;0.0;0.0;9.04;1.86
0.0;0.0;0.0;8.58;1.79
0.0;0.0;0.0;7.54;1.86
0.0;0.0;0.0;6.88;1.66
0.0;0.0;0.0;6.14;1.59
0.0;0.0;0.0;5.61;1.45
0.0;0.0;0.0;5.34;1.31
0.0;0.0;0.0;5.11;1.17
0.0;0.0;0.0;5.02;1.03
0.0;0.0;0.0;5.05;0.9
0.0;0.0;0.0;5.19;0.69
0.0;0.0;0.0;4.85;0.76
25.0;126.42;18.0;2.85;1.1
197.0;591.04;62.0;4.13;0.41
364.0;756.26;81.0;6.44;0.83
475.0;735.24;120.0;7.99;1.38
435.0;330.97;254.0;9.33;1.72
83.0;0.0;83.0;10.29;2.0
326.0;117.62;264.0;10.9;2.07
420.0;652.17;130.0;11.27;2.34
237.0;299.78;141.0;11.28;2.62
139.0;609.98;40.0;10.94;2.55
0.0;0.0;0.0;10.1;2.0
0.0;0.0;0.0;8.63;1.93
0.0;0.0;0.0;6.91;1.79
0.0;0.0;0.0;5.66;1.45
0.0;0.0;0.0;4.97;1.24
0.0;0.0;0.0;4.78;1.03
0.0;0.0;0.0;4.12;1.1
0.0;0.0;0.0;3.19;1.38
0.0;0.0;0.0;2.7;1.38
0.0;0.0;0.0;2.57;1.38
0.0;0.0;0.0;2.3;1.45
0.0;0.0;0.0;2.12;1.59
0.0;0.0;0.0;2.26;1.72
0.0;0.0;0.0;2.32;1.79
23.0;116.48;17.0;3.19;2.07
194.0;588.46;62.0;4.36;1.86
356.0;732.57;85.0;6.74;2.76
477.0;767.09;110.0;8.3;3.66
556.0;814.85;114.0;9.7;3.93
574.0;821.43;116.0;10.65;3.93
506.0;677.13;152.0;11.36;4.07
451.0;839.96;81.0;11.53;4.0
299.0;708.23;75.0;11.61;4.14
122.0;435.02;53.0;11.1;3.45
0.0;0.0;0.0;9.97;2.97
0.0;0.0;0.0;8.71;2.9
0.0;0.0;0.0;7.41;2.69
0.0;0.0;0.0;6.73;2.76
0.0;0.0;0.0;6.1;2.76
0.0;0.0;0.0;5.5;2.83
0.0;0.0;0.0;4.97;2.76
0.0;0.0;0.0;4.43;2.69
0.0;0.0;0.0;3.9;2.48
0.0;0.0;0.0;3.46;2.48
0.0;0.0;0.0;3.29;2.55
0.0;0.0;0.0;3.16;2.62
0.0;0.0;0.0;2.98;2.62
0.0;0.0;0.0;2.9;2.62
20.0;104.9;15.0;2.96;2.9
192.0;585.74;63.0;3.94;2.76
353.0;708.29;94.0;6.15;3.24
478.0;769.95;113.0;7.95;3.52
557.0;815.96;118.0;9.58;3.52
576.0;822.52;121.0;10.97;3.31
531.0;792.64;120.0;12.01;3.17
433.0;737.85;111.0;12.65;3.1
292.0;659.38;86.0;12.75;3.17
120.0;438.68;52.0;12.18;2.69
0.0;0.0;0.0;10.61;2.55
0.0;0.0;0.0;8.93;2.76
0.0;0.0;0.0;7.88;2.62
0.0;0.0;0.0;6.6;2.34
0.0;0.0;0.0;5.5;2.14
0.0;0.0;0.0;4.47;1.93
0.0;0.0;0.0;3.84;1.72
0.0;0.0;0.0;3.37;1.52
0.0;0.0;0.0;3.34;1.38
0.0;0.0;0.0;2.55;1.45
0.0;0.0;0.0;2.11;1.52
0.0;0.0;0.0;1.89;1.45
0.0;0.0;0.0;1.62;1.38
0.0;0.0;0.0;1.39;1.31
3.0;0.0;3.0;2.2;1.31
146.0;240.56;94.0;3.64;0.76
285.0;354.15;157.0;5.97;0.55
427.0;549.27;169.0;8.1;0.76
401.0;258.6;263.0;10.13;1.59
532.0;654.1;173.0;11.59;2.48
525.0;797.18;115.0;12.82;2.97
424.0;726.22;110.0;13.34;2.97
285.0;648.03;85.0;13.49;2.83
116.0;429.04;51.0;13.1;2.34
0.0;0.0;0.0;11.63;2.21
0.0;0.0;0.0;9.97;2.28
0.0;0.0;0.0;9.05;2.07
0.0;0.0;0.0;8.01;2.0
0.0;0.0;0.0;6.81;2.0
0.0;0.0;0.0;5.99;1.93
0.0;0.0;0.0;5.62;1.79
0.0;0.0;0.0;5.42;1.86
0.0;0.0;0.0;5.19;1.86
0.0;0.0;0.0;4.95;1.72
0.0;0.0;0.0;4.88;1.59
0.0;0.0;0.0;4.93;1.52
0.0;0.0;0.0;5.64;1.24
0.0;0.0;0.0;6.52;0.9
14.0;50.0;12.0;6.94;0.76
179.0;556.3;61.0;6.89;0.69
336.0;688.67;90.0;9.01;0.76
462.0;769.24;104.0;11.39;1.59
537.0;802.94;112.0;13.36;2.55
549.0;778.59;125.0;14.78;3.03
512.0;778.18;115.0;15.95;3.45
418.0;735.25;103.0;16.59;3.66
277.0;639.5;82.0;16.69;3.66
111.0;418.69;49.0;15.86;3.17
0.0;0.0;0.0;13.98;3.03
0.0;0.0;0.0;12.18;2.76
0.0;0.0;0.0;11.09;2.41
0.0;0.0;0.0;9.62;2.0
0.0;0.0;0.0;8.56;1.72
0.0;0.0;0.0;7.78;1.52
0.0;0.0;0.0;6.92;1.45
0.0;0.0;0.0;5.95;1.45
0.0;0.0;0.0;5.55;1.24
0.0;0.0;0.0;5.02;1.17
0.0;0.0;0.0;4.05;1.45
0.0;0.0;0.0;3.64;1.66
0.0;0.0;0.0;3.81;1.24
0.0;0.0;0.0;4.0;1.1
10.0;0.0;10.0;3.97;1.31
175.0;547.85;61.0;4.65;1.17
333.0;691.18;89.0;8.31;0.9
457.0;759.02;107.0;10.68;0.76
538.0;820.93;107.0;12.57;1.1
560.0;845.75;103.0;13.93;1.66
510.0;782.48;114.0;14.9;2.07
418.0;753.74;98.0;15.54;2.21
274.0;630.58;84.0;15.69;2.14
107.0;400.69;49.0;15.22;1.38
0.0;0.0;0.0;13.61;1.17
0.0;0.0;0.0;11.46;1.38
0.0;0.0;0.0;9.39;2.07
0.0;0.0;0.0;8.33;2.41
0.0;0.0;0.0;7.74;2.69
0.0;0.0;0.0;7.18;2.76
0.0;0.0;0.0;6.39;2.55
0.0;0.0;0.0;5.7;2.41
0.0;0.0;0.0;5.04;2.28
0.0;0.0;0.0;4.41;2.14
0.0;0.0;0.0;3.86;2.0
0.0;0.0;0.0;3.4;1.93
0.0;0.0;0.0;3.06;1.79
0.0;0.0;0.0;2.84;1.66
7.0;0.0;7.0;2.32;1.45
174.0;568.41;58.0;3.55;0.97
335.0;713.76;86.0;7.26;0.9
460.0;783.58;102.0;9.88;1.17
542.0;846.82;101.0;11.76;1.03
561.0;856.05;102.0;13.14;0.21
511.0;792.71;113.0;14.12;0.76
418.0;762.91;97.0;14.74;1.38
275.0;651.49;81.0;14.86;1.59
105.0;395.71;49.0;14.37;1.24
0.0;0.0;0.0;12.85;1.86
0.0;0.0;0.0;10.87;2.0
0.0;0.0;0.0;9.1;1.66
0.0;0.0;0.0;7.88;1.72
0.0;0.0;0.0;6.7;1.59
0.0;0.0;0.0;6.84;1.03
0.0;0.0;0.0;6.45;0.83
0.0;0.0;0.0;6.01;0.76
0.0;0.0;0.0;5.49;0.9
0.0;0.0;0.0;4.56;0.97
0.0;0.0;0.0;3.54;1.24
0.0;0.0;0.0;3.0;1.38
0.0;0.0;0.0;2.64;1.45
0.0;0.0;0.0;2.45;1.24
5.0;0.0;5.0;1.82;1.38
165.0;529.76;59.0;3.15;0.83
321.0;675.9;88.0;7.07;0.69
449.0;775.39;98.0;9.97;0.76
530.0;838.21;97.0;12.13;0.48
549.0;845.73;99.0;13.5;0.21
503.0;798.98;105.0;14.45;0.76
408.0;755.32;93.0;14.98;0.69
270.0;662.51;75.0;15.13;0.41
100.0;383.01;47.0;14.84;0.62
0.0;0.0;0.0;13.54;1.45
0.0;0.0;0.0;11.37;1.31
0.0;0.0;0.0;11.64;0.14
0.0;0.0;0.0;9.11;1.24
0.0;0.0;0.0;7.15;1.38
0.0;0.0;0.0;6.46;1.24
0.0;0.0;0.0;5.45;1.38
0.0;0.0;0.0;4.74;1.66
0.0;0.0;0.0;4.59;1.93
0.0;0.0;0.0;4.58;2.0
0.0;0.0;0.0;4.5;2.07
0.0;0.0;0.0;4.43;2.07
0.0;0.0;0.0;4.21;1.93
0.0;0.0;0.0;3.85;1.79
4.0;0.0;4.0;3.15;1.66
161.0;530.26;57.0;4.16;1.38
319.0;692.84;83.0;8.47;1.24
442.0;766.98;98.0;11.59;1.31
517.0;802.05;106.0;13.75;1.17
538.0;825.69;102.0;15.29;1.17
490.0;762.74;113.0;16.22;1.03
378.0;602.31;129.0;16.76;0.83
261.0;628.9;78.0;16.95;0.69
99.0;399.02;45.0;16.69;0.28
0.0;0.0;0.0;15.01;1.59
0.0;0.0;0.0;12.3;1.59
0.0;0.0;0.0;10.42;1.72
0.0;0.0;0.0;9.15;1.59
0.0;0.0;0.0;8.62;1.17
0.0;0.0;0.0;8.21;1.1
0.0;0.0;0.0;6.85;1.45
0.0;0.0;0.0;5.91;1.72
0.0;0.0;0.0;5.42;1.72
0.0;0.0;0.0;4.99;1.72
0.0;0.0;0.0;4.65;1.59
0.0;0.0;0.0;4.28;1.52
0.0;0.0;0.0;3.88;1.66
0.0;0.0;0.0;3.61;1.66
0.0;0.0;0.0;3.34;1.38
157.0;520.3;57.0;4.39;1.03
313.0;671.5;87.0;8.25;0.83
438.0;756.08;102.0;11.13;0.83
512.0;790.79;110.0;13.38;0.69
534.0;814.78;107.0;14.95;0.76
492.0;782.91;108.0;16.02;0.9
398.0;736.83;96.0;16.63;0.97
260.0;632.55;78.0;16.78;0.97
94.0;370.14;45.0;16.42;0.76
0.0;0.0;0.0;14.69;1.31
0.0;0.0;0.0;12.26;1.93
0.0;0.0;0.0;10.56;1.86
0.0;0.0;0.0;9.2;2.14
0.0;0.0;0.0;8.04;2.0
0.0;0.0;0.0;7.21;1.93
0.0;0.0;0.0;6.37;1.79
0.0;0.0;0.0;5.91;1.79
0.0;0.0;0.0;5.38;1.79
0.0;0.0;0.0;4.9;1.66
0.0;0.0;0.0;4.52;1.52
0.0;0.0;0.0;3.98;1.45
0.0;0.0;0.0;3.6;1.38
0.0;0.0;0.0;3.33;1.31
0.0;0.0;0.0;3.2;1.1
153.0;504.54;58.0;4.16;0.76
310.0;673.61;86.0;7.25;0.55
433.0;744.9;105.0;10.14;0.28
510.0;793.14;110.0;12.33;0.0
529.0;801.67;112.0;14.03;0.34
487.0;770.39;112.0;15.33;0.9
396.0;740.64;95.0;16.17;1.52
256.0;625.53;78.0;16.32;2.07
94.0;393.72;43.0;15.45;2.0
0.0;0.0;0.0;13.45;2.34
0.0;0.0;0.0;11.49;2.48
0.0;0.0;0.0;10.69;2.55
0.0;0.0;0.0;9.83;2.41
0.0;0.0;0.0;9.06;2.34
0.0;0.0;0.0;8.17;2.0
0.0;0.0;0.0;7.24;1.66
0.0;0.0;0.0;6.92;1.52
0.0;0.0;0.0;6.16;1.52
0.0;0.0;0.0;6.14;1.45
0.0;0.0;0.0;5.91;1.52
0.0;0.0;0.0;5.34;1.79
0.0;0.0;0.0;5.12;2.0
0.0;0.0;0.0;5.35;2.07
0.0;0.0;0.0;5.57;2.14
150.0;509.71;56.0;6.37;2.21
306.0;672.66;85.0;9.28;2.48
426.0;728.84;108.0;10.93;4.41
506.0;793.44;109.0;12.18;4.55
525.0;801.82;111.0;12.86;4.0
480.0;755.49;115.0;13.64;3.79
388.0;709.62;102.0;14.0;3.59
253.0;621.7;78.0;13.84;3.24
90.0;370.71;43.0;13.2;2.41
0.0;0.0;0.0;11.61;2.21
0.0;0.0;0.0;9.98;2.34
0.0;0.0;0.0;9.69;2.83
0.0;0.0;0.0;8.92;3.03
0.0;0.0;0.0;8.17;2.83
0.0;0.0;0.0;7.34;2.48
0.0;0.0;0.0;6.46;2.14
0.0;0.0;0.0;5.58;1.93
0.0;0.0;0.0;4.99;1.79
0.0;0.0;0.0;4.45;1.72
0.0;0.0;0.0;4.08;1.59
0.0;0.0;0.0;3.53;1.52
0.0;0.0;0.0;3.23;1.38
0.0;0.0;0.0;2.87;1.38
0.0;0.0;0.0;2.89;1.31
148.0;520.54;54.0;3.53;0.9
305.0;686.99;82.0;6.51;0.76
426.0;747.1;103.0;8.88;1.17
509.0;827.88;98.0;10.35;1.72
532.0;848.68;97.0;11.73;2.48
487.0;802.79;102.0;12.67;2.48
391.0;740.47;95.0;13.4;2.34
253.0;635.52;76.0;13.47;2.34
89.0;386.68;41.0;13.01;1.93
0.0;0.0;0.0;11.43;2.0
0.0;0.0;0.0;9.61;2.21
0.0;0.0;0.0;8.97;2.28
0.0;0.0;0.0;7.97;2.34
0.0;0.0;0.0;7.54;2.41
0.0;0.0;0.0;6.86;2.28
0.0;0.0;0.0;6.35;2.28
0.0;0.0;0.0;6.16;2.41
0.0;0.0;0.0;6.06;2.55
0.0;0.0;0.0;5.74;2.48
0.0;0.0;0.0;5.37;2.34
0.0;0.0;0.0;4.78;2.28
0.0;0.0;0.0;4.21;2.21
0.0;0.0;0.0;3.74;2.14
0.0;0.0;0.0;3.25;2.28
141.0;492.13;54.0;3.82;2.14
296.0;664.17;83.0;7.12;2.34
421.0;749.26;100.0;9.21;3.31
501.0;816.07;99.0;10.81;3.38
518.0;809.64;106.0;12.15;3.38
476.0;777.14;106.0;12.98;3.17
384.0;731.3;94.0;13.61;3.03
249.0;638.52;73.0;13.78;2.76
85.0;361.89;41.0;13.29;2.07
0.0;0.0;0.0;11.65;2.07
0.0;0.0;0.0;9.91;2.34
0.0;0.0;0.0;9.32;2.69
0.0;0.0;0.0;8.55;3.03
0.0;0.0;0.0;7.7;2.97
0.0;0.0;0.0;6.82;2.83
0.0;0.0;0.0;6.11;2.76
0.0;0.0;0.0;5.38;2.69
0.0;0.0;0.0;4.81;2.62
0.0;0.0;0.0;4.32;2.55
0.0;0.0;0.0;4.03;2.62
0.0;0.0;0.0;3.88;2.69
0.0;0.0;0.0;3.66;2.76
0.0;0.0;0.0;3.49;2.76
0.0;0.0;0.0;3.24;2.41
113.0;236.97;72.0;3.97;2.28
111.0;6.31;109.0;6.36;2.41
121.0;0.0;121.0;8.46;2.48
230.0;28.64;216.0;10.25;2.41
374.0;251.36;247.0;11.6;2.14
289.0;114.23;235.0;12.49;1.93
361.0;602.35;124.0;13.06;1.93
248.0;652.36;70.0;13.09;1.79
84.0;377.71;39.0;12.78;1.52
0.0;0.0;0.0;11.47;1.86
0.0;0.0;0.0;9.75;2.0
0.0;0.0;0.0;8.59;2.07
0.0;0.0;0.0;7.48;1.79
0.0;0.0;0.0;6.69;1.59
0.0;0.0;0.0;6.24;1.52
0.0;0.0;0.0;5.6;1.59
0.0;0.0;0.0;5.24;1.59
0.0;0.0;0.0;4.77;1.72
0.0;0.0;0.0;4.92;1.86
0.0;0.0;0.0;5.9;1.93
0.0;0.0;0.0;6.2;2.0
0.0;0.0;0.0;6.49;2.07
0.0;0.0;0.0;6.5;2.07
0.0;0.0;0.0;6.4;2.28
84.0;82.69;70.0;6.73;2.28
272.0;546.25;101.0;7.87;2.41
405.0;712.98;105.0;9.07;2.76
452.0;612.22;155.0;9.99;2.69
498.0;755.41;119.0;10.93;2.55
469.0;783.93;101.0;11.89;2.48
307.0;353.43;169.0;12.62;2.62
111.0;22.21;105.0;13.1;2.9
34.0;8.56;33.0;12.7;2.14
0.0;0.0;0.0;11.84;2.21
0.0;0.0;0.0;10.47;2.28
0.0;0.0;0.0;10.16;2.62
0.0;0.0;0.0;9.07;2.48
0.0;0.0;0.0;7.96;2.28
0.0;0.0;0.0;7.03;2.14
0.0;0.0;0.0;6.5;2.21
0.0;0.0;0.0;6.27;2.21
0.0;0.0;0.0;6.5;2.07
0.0;0.0;0.0;6.91;2.14
0.0;0.0;0.0;7.13;2.21
0.0;0.0;0.0;7.28;2.14
0.0;0.0;0.0;7.22;2.21
0.0;0.0;0.0;7.32;2.28
0.0;0.0;0.0;7.72;2.21
81.0;78.49;68.0;8.19;2.14
167.0;87.3;140.0;8.63;2.07
82.0;0.0;82.0;9.3;1.93
78.0;0.0;78.0;9.72;1.86
159.0;0.0;159.0;10.05;1.93
86.0;0.0;86.0;10.12;2.0
94.0;0.0;94.0;10.26;2.0
107.0;18.68;102.0;10.37;1.93
42.0;26.19;39.0;10.31;1.79
0.0;0.0;0.0;9.88;1.66
0.0;0.0;0.0;9.51;1.66
0.0;0.0;0.0;9.43;1.52
0.0;0.0;0.0;9.04;1.52
0.0;0.0;0.0;8.83;1.45
0.0;0.0;0.0;8.48;1.31
0.0;0.0;0.0;8.14;1.24
0.0;0.0;0.0;7.71;1.24
0.0;0.0;0.0;6.69;1.52
0.0;0.0;0.0;6.05;1.38
0.0;0.0;0.0;5.39;1.24
0.0;0.0;0.0;4.71;1.03
0.0;0.0;0.0;4.84;0.76
0.0;0.0;0.0;4.45;0.9
0.0;0.0;0.0;6.2;1.24
101.0;222.24;65.0;7.05;0.76
203.0;209.43;139.0;8.46;0.34
285.0;212.89;197.0;10.05;0.14
220.0;27.2;207.0;11.33;0.48
277.0;78.81;238.0;12.38;0.97
363.0;339.02;206.0;13.16;0.97
252.0;176.74;184.0;13.34;1.1
177.0;226.31;117.0;13.32;1.31
79.0;400.29;34.0;12.63;1.31
0.0;0.0;0.0;11.33;1.72
0.0;0.0;0.0;9.96;1.93
0.0;0.0;0.0;9.09;1.66
0.0;0.0;0.0;7.79;1.59
0.0;0.0;0.0;7.11;1.38
0.0;0.0;0.0;6.7;1.31
0.0;0.0;0.0;5.96;1.38
0.0;0.0;0.0;5.79;1.17
0.0;0.0;0.0;6.11;0.9
0.0;0.0;0.0;6.48;0.55
0.0;0.0;0.0;6.43;0.34
0.0;0.0;0.0;5.91;0.41
0.0;0.0;0.0;5.93;0.21
0.0;0.0;0.0;5.74;0.34
0.0;0.0;0.0;5.24;0.14
11.0;0.0;11.0;5.34;0.69
93.0;0.0;93.0;6.73;0.76
100.0;0.0;100.0;7.37;1.1
319.0;177.05;235.0;8.23;1.1
45.0;0.0;45.0;7.27;1.72
132.0;0.0;132.0;7.62;2.34
63.0;0.0;63.0;7.87;2.83
47.0;0.0;47.0;7.6;3.1
10.0;0.0;10.0;7.01;3.59
0.0;0.0;0.0;5.93;2.97
0.0;0.0;0.0;5.57;2.76
0.0;0.0;0.0;5.3;2.0
0.0;0.0;0.0;4.58;0.76
0.0;0.0;0.0;4.29;0.55
0.0;0.0;0.0;4.72;0.34
0.0;0.0;0.0;4.77;0.55
0.0;0.0;0.0;4.43;1.1
0.0;0.0;0.0;3.88;1.52
0.0;0.0;0.0;3.49;1.31
0.0;0.0;0.0;3.16;1.24
0.0;0.0;0.0;3.01;0.9
0.0;0.0;0.0;2.98;0.55
0.0;0.0;0.0;2.95;0.48
0.0;0.0;0.0;3.59;1.38
45.0;0.0;45.0;3.48;1.17
55.0;0.0;55.0;4.18;1.72
36.0;0.0;36.0;5.06;1.52
95.0;0.0;95.0;5.67;1.31
183.0;4.1;181.0;5.99;1.17
88.0;0.0;88.0;6.51;0.9
52.0;0.0;52.0;6.87;0.48
100.0;15.36;96.0;6.95;0.28
44.0;46.1;39.0;6.93;0.21
0.0;0.0;0.0;6.5;0.34
0.0;0.0;0.0;5.42;0.97
0.0;0.0;0.0;3.81;0.83
0.0;0.0;0.0;3.55;0.83
0.0;0.0;0.0;3.42;0.41
0.0;0.0;0.0;3.53;0.41
0.0;0.0;0.0;3.19;0.83
0.0;0.0;0.0;3.28;0.69
0.0;0.0;0.0;2.98;0.62
0.0;0.0;0.0;2.55;0.62
0.0;0.0;0.0;2.33;0.69
0.0;0.0;0.0;1.87;0.97
0.0;0.0;0.0;1.3;0.97
0.0;0.0;0.0;1.07;0.83
0.0;0.0;0.0;-0.18;0.9
120.0;495.46;45.0;0.71;0.41
206.0;240.8;135.0;2.33;0.21
397.0;757.33;92.0;3.76;0.62
415.0;506.75;178.0;5.02;0.97
420.0;457.47;198.0;6.14;1.66
409.0;537.07;165.0;6.98;2.28
306.0;392.67;158.0;7.55;2.21
217.0;507.12;86.0;7.52;2.07
47.0;65.64;40.0;7.14;2.07
0.0;0.0;0.0;6.24;2.21
0.0;0.0;0.0;5.27;2.0
0.0;0.0;0.0;4.54;1.93
0.0;0.0;0.0;3.88;1.72
0.0;0.0;0.0;3.48;1.72
0.0;0.0;0.0;3.34;1.79
0.0;0.0;0.0;3.26;1.79
0.0;0.0;0.0;2.75;1.66
0.0;0.0;0.0;2.44;1.52
0.0;0.0;0.0;2.45;1.66
0.0;0.0;0.0;2.66;1.72
0.0;0.0;0.0;3.11;1.72
0.0;0.0;0.0;3.31;1.72
0.0;0.0;0.0;3.54;1.66
0.0;0.0;0.0;2.77;1.31
66.0;54.07;58.0;2.76;0.97
132.0;34.32;122.0;4.54;0.55
364.0;590.98;128.0;5.85;0.69
374.0;359.57;207.0;6.86;0.9
468.0;696.72;132.0;7.2;1.45
468.0;863.63;78.0;7.83;1.93
199.0;66.76;174.0;7.88;1.72
104.0;19.51;99.0;7.98;1.52
56.0;142.95;41.0;7.97;1.17
0.0;0.0;0.0;7.28;1.1
0.0;0.0;0.0;5.98;1.03
0.0;0.0;0.0;5.32;2.48
0.0;0.0;0.0;4.35;2.28
0.0;0.0;0.0;3.4;1.52
0.0;0.0;0.0;3.98;0.9
0.0;0.0;0.0;4.26;0.69
0.0;0.0;0.0;4.05;0.69
0.0;0.0;0.0;3.63;0.76
0.0;0.0;0.0;3.44;0.69
0.0;0.0;0.0;2.62;0.97
0.0;0.0;0.0;2.16;1.1
0.0;0.0;0.0;1.96;1.17
0.0;0.0;0.0;2.21;1.1
0.0;0.0;0.0;2.59;1.38
109.0;435.78;46.0;2.96;1.52
264.0;656.28;75.0;5.0;1.45
389.0;752.5;91.0;6.65;2.62
483.0;878.0;78.0;7.75;3.17
388.0;356.75;217.0;8.94;3.86
396.0;501.17;171.0;9.55;3.59
203.0;75.23;175.0;9.74;3.52
106.0;23.59;100.0;9.47;2.9
69.0;329.05;35.0;8.79;1.93
0.0;0.0;0.0;7.5;2.0
0.0;0.0;0.0;6.42;1.93
0.0;0.0;0.0;4.6;1.59
0.0;0.0;0.0;3.33;1.79
0.0;0.0;0.0;2.46;1.79
0.0;0.0;0.0;2.05;1.72
0.0;0.0;0.0;1.69;1.79
0.0;0.0;0.0;1.47;1.86
0.0;0.0;0.0;1.44;1.93
0.0;0.0;0.0;1.61;2.0
0.0;0.0;0.0;1.7;2.0
0.0;0.0;0.0;1.23;2.07
0.0;0.0;0.0;1.67;2.07
0.0;0.0;0.0;1.96;2.14
0.0;0.0;0.0;2.35;2.34
55.0;28.32;51.0;3.22;2.62
29.0;0.0;29.0;4.58;2.69
322.0;392.09;168.0;6.29;3.59
398.0;464.87;185.0;7.23;3.72
210.0;18.89;201.0;7.45;4.76
433.0;692.18;124.0;7.24;4.76
355.0;699.99;96.0;7.51;4.69
182.0;285.18;110.0;7.13;4.55
69.0;343.71;34.0;6.48;3.79
0.0;0.0;0.0;5.24;3.38
0.0;0.0;0.0;4.17;2.9
0.0;0.0;0.0;3.24;1.38
0.0;0.0;0.0;2.1;2.0
0.0;0.0;0.0;2.1;2.55
0.0;0.0;0.0;1.87;2.83
0.0;0.0;0.0;2.04;3.1
0.0;0.0;0.0;1.89;3.1
0.0;0.0;0.0;1.44;2.83
0.0;0.0;0.0;0.77;2.48
0.0;0.0;0.0;0.22;2.41
0.0;0.0;0.0;-0.04;2.41
0.0;0.0;0.0;-0.06;2.41
0.0;0.0;0.0;0.18;2.21
0.0;0.0;0.0;-0.85;1.93
104.0;434.8;44.0;-0.2;2.0
258.0;646.76;76.0;2.19;2.07
384.0;757.19;89.0;4.21;3.03
467.0;826.0;91.0;5.98;4.0
504.0;907.64;74.0;7.24;4.28
426.0;664.44;131.0;8.01;4.48
351.0;684.94;99.0;8.48;4.76
203.0;434.71;94.0;8.26;4.55
59.0;209.07;38.0;7.64;3.72
0.0;0.0;0.0;6.63;3.45
0.0;0.0;0.0;5.94;3.24
0.0;0.0;0.0;5.08;2.76
0.0;0.0;0.0;4.81;2.76
0.0;0.0;0.0;4.86;3.03
0.0;0.0;0.0;4.7;3.24
0.0;0.0;0.0;5.12;3.45
0.0;0.0;0.0;5.31;3.45
0.0;0.0;0.0;5.67;3.31
0.0;0.0;0.0;5.79;3.17
0.0;0.0;0.0;5.98;3.24
0.0;0.0;0.0;6.08;3.17
0.0;0.0;0.0;6.26;3.03
0.0;0.0;0.0;6.43;2.97
0.0;0.0;0.0;6.92;3.03
101.0;437.69;42.0;7.02;3.03
250.0;632.6;74.0;7.91;2.83
365.0;677.86;103.0;9.01;3.66
452.0;789.29;95.0;10.23;3.93
458.0;711.08;123.0;11.34;3.93
415.0;645.3;130.0;11.76;3.52
341.0;664.05;98.0;11.89;3.24
218.0;602.12;68.0;11.67;3.1
64.0;302.53;34.0;10.97;2.0
0.0;0.0;0.0;9.96;1.66
0.0;0.0;0.0;8.98;1.59
0.0;0.0;0.0;7.68;1.31
0.0;0.0;0.0;7.28;1.1
0.0;0.0;0.0;7.09;0.9
0.0;0.0;0.0;6.52;0.48
0.0;0.0;0.0;5.84;0.28
0.0;0.0;0.0;5.28;0.14
0.0;0.0;0.0;4.65;0.14
0.0;0.0;0.0;3.94;0.55
0.0;0.0;0.0;3.38;0.83
0.0;0.0;0.0;1.95;1.1
0.0;0.0;0.0;1.12;1.17
0.0;0.0;0.0;1.07;1.17
0.0;0.0;0.0;1.0;0.97
100.0;455.69;40.0;1.04;1.03
251.0;657.93;70.0;3.54;0.76
378.0;771.82;82.0;6.55;0.55
456.0;814.24;90.0;8.61;0.48
479.0;823.78;93.0;10.04;0.41
439.0;778.28;97.0;10.92;0.34
353.0;741.63;83.0;11.35;0.34
219.0;613.88;67.0;11.28;0.48
63.0;306.14;33.0;9.63;0.67
0.0;0.0;0.0;8.91;0.83
0.0;0.0;0.0;8.19;1.0
0.0;0.0;0.0;7.47;1.16
0.0;0.0;0.0;6.75;1.33
0.0;0.0;0.0;6.03;1.49
0.0;0.0;0.0;5.31;1.66
0.0;0.0;0.0;4.58;1.82
0.0;0.0;0.0;3.86;1.99
0.0;0.0;0.0;3.14;2.15
0.0;0.0;0.0;2.42;2.32
0.0;0.0;0.0;1.7;2.48
0.0;0.0;0.0;0.98;2.65
0.0;0.0;0.0;0.25;2.81
0.0;0.0;0.0;-0.47;2.98
0.0;0.0;0.0;-1.19;3.14
106.0;590.96;30.0;-0.05;2.55
260.0;735.12;60.0;2.21;2.21
389.0;832.92;72.0;4.76;3.17
471.0;886.34;75.0;6.58;3.45
492.0;881.73;81.0;8.13;3.59
464.0;905.52;68.0;9.27;3.66
369.0;833.55;67.0;9.8;3.72
233.0;735.16;52.0;9.76;3.59
74.0;515.83;24.0;8.87;2.69
0.0;0.0;0.0;6.86;2.41
0.0;0.0;0.0;5.09;2.34
0.0;0.0;0.0;4.32;2.55
0.0;0.0;0.0;3.26;2.41
0.0;0.0;0.0;1.95;2.21
0.0;0.0;0.0;0.95;2.0
0.0;0.0;0.0;0.08;1.86
0.0;0.0;0.0;-0.58;1.79
0.0;0.0;0.0;-0.88;1.66
0.0;0.0;0.0;-1.26;1.45
0.0;0.0;0.0;-1.53;1.31
0.0;0.0;0.0;-1.69;1.24
0.0;0.0;0.0;-1.88;1.24
0.0;0.0;0.0;-1.74;1.1
0.0;0.0;0.0;-2.41;1.38
103.0;573.21;31.0;-2.28;1.17
260.0;761.78;55.0;0.19;0.76
388.0;844.45;69.0;2.93;0.69
468.0;884.81;75.0;4.86;0.62
492.0;894.8;77.0;6.3;0.62
459.0;891.32;71.0;7.34;0.55
369.0;845.69;64.0;7.97;0.69
233.0;743.11;51.0;8.02;0.76
72.0;500.1;24.0;7.41;0.28
0.0;0.0;0.0;6.03;0.48
0.0;0.0;0.0;3.94;1.1
0.0;0.0;0.0;2.0;1.79
0.0;0.0;0.0;0.8;2.14
0.0;0.0;0.0;0.17;2.21
0.0;0.0;0.0;-0.12;2.28
0.0;0.0;0.0;-0.45;2.28
0.0;0.0;0.0;-0.77;2.28
0.0;0.0;0.0;-1.09;2.14
0.0;0.0;0.0;-1.31;2.14
0.0;0.0;0.0;-1.39;2.07
0.0;0.0;0.0;-1.47;2.07
0.0;0.0;0.0;-1.52;1.93
0.0;0.0;0.0;-1.5;1.86
0.0;0.0;0.0;-1.77;1.79
95.0;513.52;32.0;-1.37;1.59
250.0;724.94;57.0;1.39;1.24
375.0;813.29;70.0;5.24;1.31
456.0;867.22;73.0;7.58;1.17
480.0;877.46;75.0;9.33;1.03
444.0;849.08;76.0;10.15;0.76
344.0;715.65;87.0;10.44;0.62
226.0;722.09;50.0;10.53;0.76
70.0;483.51;24.0;9.94;1.38
0.0;0.0;0.0;8.2;2.07
0.0;0.0;0.0;6.26;2.28
0.0;0.0;0.0;4.99;2.07
0.0;0.0;0.0;3.68;2.0
0.0;0.0;0.0;2.81;1.79
0.0;0.0;0.0;2.16;1.66
0.0;0.0;0.0;1.38;1.52
0.0;0.0;0.0;0.95;1.52
0.0;0.0;0.0;0.4;1.59
0.0;0.0;0.0;0.06;1.59
0.0;0.0;0.0;-0.15;1.59
0.0;0.0;0.0;-0.22;1.59
0.0;0.0;0.0;-0.34;1.59
0.0;0.0;0.0;-0.41;1.52
0.0;0.0;0.0;-1.18;1.38
93.0;525.74;30.0;-0.9;1.17
248.0;732.64;55.0;1.91;0.76
372.0;813.71;69.0;5.65;0.62
454.0;867.45;73.0;8.11;0.55
478.0;877.17;75.0;10.09;0.41
447.0;873.45;70.0;11.52;0.34
356.0;813.56;65.0;12.31;0.21
223.0;700.54;53.0;12.45;0.07
69.0;476.66;24.0;11.9;0.41
0.0;0.0;0.0;10.19;0.69
0.0;0.0;0.0;9.51;0.69
0.0;0.0;0.0;8.62;0.97
0.0;0.0;0.0;6.57;1.31
0.0;0.0;0.0;3.93;1.31
0.0;0.0;0.0;2.14;1.38
0.0;0.0;0.0;0.94;1.38
0.0;0.0;0.0;0.09;1.45
0.0;0.0;0.0;-0.47;1.52
0.0;0.0;0.0;-0.95;1.52
0.0;0.0;0.0;-1.25;1.52
0.0;0.0;0.0;-1.45;1.45
0.0;0.0;0.0;-1.67;1.31
0.0;0.0;0.0;-1.9;1.31
0.0;0.0;0.0;-2.14;1.31
94.0;563.86;28.0;-1.81;1.17
248.0;736.43;56.0;0.89;0.69
377.0;838.27;67.0;4.82;0.62
458.0;878.92;74.0;7.53;0.41
486.0;902.91;73.0;9.68;0.21
454.0;897.79;68.0;11.21;0.34
359.0;813.75;69.0;12.03;0.41
229.0;736.39;51.0;12.19;0.55
70.0;501.15;23.0;11.28;1.45
0.0;0.0;0.0;9.01;1.79
0.0;0.0;0.0;6.52;1.38
0.0;0.0;0.0;6.92;1.03
0.0;0.0;0.0;5.31;0.97
0.0;0.0;0.0;2.84;1.38
0.0;0.0;0.0;0.97;1.72
0.0;0.0;0.0;0.21;1.79
0.0;0.0;0.0;-0.27;1.79
0.0;0.0;0.0;-0.53;1.72
0.0;0.0;0.0;-0.95;1.72
0.0;0.0;0.0;-1.24;1.79
0.0;0.0;0.0;-1.3;1.72
0.0;0.0;0.0;-1.27;1.52
0.0;0.0;0.0;-1.33;1.38
0.0;0.0;0.0;-1.13;1.17
90.0;524.72;30.0;-1.4;1.31
244.0;712.94;60.0;1.25;1.17
371.0;797.61;78.0;5.64;1.38
451.0;837.4;87.0;8.35;1.45
478.0;864.99;84.0;10.32;1.31
445.0;849.71;81.0;11.74;1.38
356.0;788.34;76.0;12.63;1.59
224.0;697.45;56.0;12.94;1.79
69.0;482.46;24.0;11.96;1.72
0.0;0.0;0.0;9.46;2.0
0.0;0.0;0.0;6.54;2.14
0.0;0.0;0.0;4.24;2.07
0.0;0.0;0.0;2.77;2.07
0.0;0.0;0.0;1.73;2.07
0.0;0.0;0.0;1.03;2.07
0.0;0.0;0.0;0.54;2.07
0.0;0.0;0.0;0.05;2.07
0.0;0.0;0.0;-0.18;2.0
0.0;0.0;0.0;-0.42;1.86
0.0;0.0;0.0;-0.61;1.72
0.0;0.0;0.0;-0.77;1.66
0.0;0.0;0.0;-0.82;1.52
0.0;0.0;0.0;-0.77;1.45
0.0;0.0;0.0;-1.7;1.17
87.0;501.25;31.0;-1.51;1.17
241.0;700.46;62.0;1.04;0.69
369.0;800.04;77.0;4.58;0.55
449.0;839.18;86.0;6.95;0.48
474.0;848.59;89.0;8.55;0.55
447.0;866.65;77.0;9.52;0.62
357.0;804.87;72.0;10.09;0.76
225.0;712.05;54.0;10.06;0.9
69.0;484.56;24.0;9.07;1.17
0.0;0.0;0.0;7.1;1.38
0.0;0.0;0.0;5.4;1.17
0.0;0.0;0.0;6.25;0.62
0.0;0.0;0.0;5.38;0.28
0.0;0.0;0.0;4.52;0.62
0.0;0.0;0.0;3.5;1.1
0.0;0.0;0.0;1.62;1.38
0.0;0.0;0.0;0.56;1.38
0.0;0.0;0.0;-0.25;1.31
0.0;0.0;0.0;-0.64;1.24
0.0;0.0;0.0;-1.02;1.24
0.0;0.0;0.0;-1.2;1.24
0.0;0.0;0.0;-1.15;1.24
0.0;0.0;0.0;-1.15;1.24
0.0;0.0;0.0;-2.49;1.17
85.0;512.94;29.0;-2.34;1.03
237.0;703.29;59.0;-0.02;0.55
365.0;805.05;73.0;3.82;0.41
449.0;861.68;78.0;6.31;0.34
472.0;856.19;85.0;7.92;0.21
445.0;871.72;74.0;8.85;0.21
353.0;795.75;72.0;9.19;0.34
225.0;726.39;51.0;8.91;0.41
68.0;464.49;25.0;8.07;0.28
0.0;0.0;0.0;7.07;0.07
0.0;0.0;0.0;5.86;0.69
0.0;0.0;0.0;3.33;1.24
0.0;0.0;0.0;1.08;1.79
0.0;0.0;0.0;-0.23;1.86
0.0;0.0;0.0;-0.88;1.72
0.0;0.0;0.0;-1.15;1.72
0.0;0.0;0.0;-1.34;1.72
0.0;0.0;0.0;-1.45;1.66
0.0;0.0;0.0;-1.61;1.66
0.0;0.0;0.0;-1.76;1.66
0.0;0.0;0.0;-1.72;1.59
0.0;0.0;0.0;-1.69;1.52
0.0;0.0;0.0;-1.73;1.52
0.0;0.0;0.0;-1.9;1.52
81.0;468.56;31.0;-1.63;1.45
183.0;287.16;111.0;1.23;0.83
310.0;460.42;144.0;4.34;0.62
454.0;893.5;71.0;6.56;0.76
478.0;892.49;76.0;7.77;1.03
448.0;890.73;70.0;8.53;0.9
356.0;817.54;68.0;8.97;0.76
225.0;719.54;53.0;8.99;0.69
68.0;476.23;24.0;8.44;0.83
0.0;0.0;0.0;6.42;1.59
0.0;0.0;0.0;4.24;2.28
0.0;0.0;0.0;2.14;2.0
0.0;0.0;0.0;0.79;2.0
0.0;0.0;0.0;-0.1;1.93
0.0;0.0;0.0;-0.75;1.86
0.0;0.0;0.0;-1.07;1.79
0.0;0.0;0.0;-1.23;1.72
0.0;0.0;0.0;-1.37;1.66
0.0;0.0;0.0;-1.44;1.59
0.0;0.0;0.0;-1.62;1.66
0.0;0.0;0.0;-1.72;1.66
0.0;0.0;0.0;-1.67;1.59
0.0;0.0;0.0;-1.65;1.52
0.0;0.0;0.0;-2.08;1.52
80.0;508.01;27.0;-2.01;1.59
234.0;716.4;56.0;0.58;1.17
363.0;820.15;69.0;4.46;1.1
450.0;887.88;71.0;6.85;1.31
474.0;888.72;75.0;8.43;1.52
445.0;885.96;70.0;9.55;1.66
354.0;813.57;68.0;10.26;1.59
223.0;716.51;52.0;10.45;1.38
72.0;563.27;20.0;9.3;2.0
0.0;0.0;0.0;6.56;2.48
0.0;0.0;0.0;4.73;2.41
0.0;0.0;0.0;3.81;2.28
0.0;0.0;0.0;2.55;2.14
0.0;0.0;0.0;1.63;2.14
0.0;0.0;0.0;1.0;2.14
0.0;0.0;0.0;0.56;2.21
0.0;0.0;0.0;0.28;2.21
0.0;0.0;0.0;0.12;2.21
0.0;0.0;0.0;0.0;2.14
0.0;0.0;0.0;0.23;2.07
0.0;0.0;0.0;-0.04;2.14
0.0;0.0;0.0;0.41;2.07
0.0;0.0;0.0;0.78;2.14
0.0;0.0;0.0;0.54;2.34
77.0;480.25;28.0;0.84;2.21
234.0;734.91;53.0;2.9;1.93
360.0;816.25;69.0;5.0;2.0
447.0;884.35;71.0;6.39;2.34
472.0;884.71;76.0;7.71;2.07
445.0;895.14;67.0;8.79;1.86
355.0;823.55;66.0;9.57;1.72
222.0;713.13;52.0;9.89;1.59
68.0;498.09;22.0;8.78;1.93
0.0;0.0;0.0;6.14;2.41
0.0;0.0;0.0;4.4;2.28
0.0;0.0;0.0;3.78;2.07
0.0;0.0;0.0;2.6;2.0
0.0;0.0;0.0;1.55;2.0
0.0;0.0;0.0;0.92;1.93
0.0;0.0;0.0;0.5;1.93
0.0;0.0;0.0;0.34;1.93
0.0;0.0;0.0;0.25;1.79
0.0;0.0;0.0;-0.09;1.72
0.0;0.0;0.0;-0.09;1.72
0.0;0.0;0.0;0.06;1.72
0.0;0.0;0.0;0.39;1.52
0.0;0.0;0.0;0.97;1.45
0.0;0.0;0.0;0.66;1.59
73.0;440.8;29.0;0.67;1.52
220.0;638.79;64.0;2.34;0.9
345.0;738.77;83.0;4.3;0.69
415.0;722.38;109.0;5.68;1.03
474.0;918.52;64.0;6.61;0.76
424.0;792.58;90.0;7.51;0.48
347.0;793.34;69.0;8.05;0.41
191.0;436.55;87.0;8.05;0.28
57.0;281.09;31.0;7.45;0.41
0.0;0.0;0.0;6.09;1.1
0.0;0.0;0.0;4.28;1.1
0.0;0.0;0.0;5.21;0.41
0.0;0.0;0.0;4.57;0.41
0.0;0.0;0.0;3.83;0.48
0.0;0.0;0.0;3.32;0.62
0.0;0.0;0.0;1.47;1.24
0.0;0.0;0.0;2.18;0.62
0.0;0.0;0.0;1.94;0.34
0.0;0.0;0.0;1.77;0.55
0.0;0.0;0.0;0.33;1.17
0.0;0.0;0.0;-0.32;1.17
0.0;0.0;0.0;0.23;0.9
0.0;0.0;0.0;0.46;0.34
0.0;0.0;0.0;0.45;0.41
73.0;511.8;23.0;0.35;0.76
184.0;367.42;95.0;1.62;0.21
290.0;430.73;138.0;3.9;0.48
407.0;713.04;106.0;5.4;0.55
352.0;341.38;200.0;6.57;1.17
258.0;123.62;206.0;7.01;1.03
106.0;0.0;106.0;6.23;0.83
95.0;20.99;90.0;6.02;0.83
29.0;10.78;28.0;5.5;0.97
0.0;0.0;0.0;5.2;0.83
0.0;0.0;0.0;4.93;0.69
0.0;0.0;0.0;5.13;0.76
0.0;0.0;0.0;5.19;0.48
0.0;0.0;0.0;5.07;0.62
0.0;0.0;0.0;4.37;1.1
0.0;0.0;0.0;4.54;1.24
0.0;0.0;0.0;4.61;1.45
0.0;0.0;0.0;4.46;1.59
0.0;0.0;0.0;4.8;1.52
0.0;0.0;0.0;3.73;1.86
0.0;0.0;0.0;2.79;1.93
0.0;0.0;0.0;2.33;1.79
0.0;0.0;0.0;1.86;1.79
0.0;0.0;0.0;1.62;1.93
67.0;418.15;27.0;1.62;1.86
220.0;703.16;51.0;4.01;1.45
349.0;817.11;62.0;7.5;1.59
436.0;888.82;62.0;9.24;2.34
452.0;844.13;77.0;10.24;2.41
421.0;816.63;78.0;10.93;1.86
337.0;754.8;73.0;11.48;1.45
212.0;654.75;56.0;11.5;0.97
62.0;386.65;26.0;11.04;0.76
0.0;0.0;0.0;9.32;1.03
0.0;0.0;0.0;7.75;1.31
0.0;0.0;0.0;6.83;1.38
0.0;0.0;0.0;4.74;1.79
0.0;0.0;0.0;3.37;1.79
0.0;0.0;0.0;2.5;1.72
0.0;0.0;0.0;1.99;1.66
0.0;0.0;0.0;1.45;1.52
0.0;0.0;0.0;1.02;1.52
0.0;0.0;0.0;0.68;1.38
0.0;0.0;0.0;0.52;1.31
0.0;0.0;0.0;0.37;1.31
0.0;0.0;0.0;0.13;1.38
0.0;0.0;0.0;-0.12;1.45
0.0;0.0;0.0;-0.39;1.45
63.0;362.8;29.0;-0.33;1.45
220.0;704.23;52.0;2.23;0.97
347.0;800.7;67.0;5.89;0.97
434.0;869.98;69.0;8.54;0.9
458.0;859.35;77.0;10.42;0.83
431.0;858.15;71.0;11.57;0.69
342.0;769.42;73.0;12.21;0.76
217.0;687.79;53.0;12.4;0.83
67.0;470.21;23.0;11.93;1.1
0.0;0.0;0.0;10.09;1.86
0.0;0.0;0.0;7.75;2.28
0.0;0.0;0.0;5.82;2.07
0.0;0.0;0.0;4.32;2.0
0.0;0.0;0.0;3.27;1.86
0.0;0.0;0.0;2.62;1.79
0.0;0.0;0.0;2.12;1.66
0.0;0.0;0.0;1.69;1.59
0.0;0.0;0.0;1.06;1.66
0.0;0.0;0.0;0.53;1.79
0.0;0.0;0.0;0.25;1.79
0.0;0.0;0.0;-0.01;1.86
0.0;0.0;0.0;-0.18;1.86
0.0;0.0;0.0;-0.28;1.79
0.0;0.0;0.0;-0.36;1.79
66.0;446.31;25.0;-0.33;1.72
217.0;683.9;55.0;2.42;1.24
345.0;792.51;69.0;6.63;1.24
430.0;853.2;73.0;9.27;1.45
454.0;835.99;84.0;10.61;1.38
428.0;837.49;77.0;11.65;1.38
346.0;792.38;69.0;12.32;1.38
218.0;682.74;55.0;12.48;1.31
67.0;456.71;24.0;11.95;0.83
0.0;0.0;0.0;9.57;1.52
0.0;0.0;0.0;6.95;1.72
0.0;0.0;0.0;6.55;1.72
0.0;0.0;0.0;5.36;1.79
0.0;0.0;0.0;4.11;2.0
0.0;0.0;0.0;3.42;2.0
0.0;0.0;0.0;3.17;1.72
0.0;0.0;0.0;2.69;1.72
0.0;0.0;0.0;2.24;1.66
0.0;0.0;0.0;1.68;1.79
0.0;0.0;0.0;1.39;1.79
0.0;0.0;0.0;1.38;1.79
0.0;0.0;0.0;1.43;1.72
0.0;0.0;0.0;1.68;1.59
0.0;0.0;0.0;2.26;1.52
30.0;22.2;28.0;2.51;1.45
28.0;0.0;28.0;3.4;1.17
186.0;72.06;161.0;5.02;1.24
363.0;498.3;155.0;5.98;1.1
171.0;6.79;168.0;6.74;0.69
208.0;42.98;190.0;7.34;0.62
320.0;632.03;99.0;7.95;0.69
202.0;551.94;70.0;8.18;0.48
69.0;495.61;22.0;8.06;0.07
0.0;0.0;0.0;7.33;0.41
0.0;0.0;0.0;6.44;0.76
0.0;0.0;0.0;6.67;0.21
0.0;0.0;0.0;6.28;0.62
0.0;0.0;0.0;5.67;0.83
0.0;0.0;0.0;4.66;1.03
0.0;0.0;0.0;3.96;1.03
0.0;0.0;0.0;3.36;1.17
0.0;0.0;0.0;3.22;0.97
0.0;0.0;0.0;3.02;0.97
0.0;0.0;0.0;3.06;0.9
0.0;0.0;0.0;3.16;0.97
0.0;0.0;0.0;3.19;0.9
0.0;0.0;0.0;3.74;0.69
0.0;0.0;0.0;3.49;0.83
61.0;418.36;24.0;4.05;0.62
123.0;85.54;103.0;4.63;0.55
225.0;176.44;164.0;5.53;0.83
191.0;28.81;179.0;6.89;1.1
129.0;0.0;129.0;8.02;1.72
139.0;2.39;138.0;8.66;2.48
128.0;5.72;126.0;9.0;3.45
128.0;91.79;106.0;9.23;3.59
42.0;73.21;35.0;8.65;2.48
0.0;0.0;0.0;7.76;2.55
0.0;0.0;0.0;7.17;2.62
0.0;0.0;0.0;7.13;1.93
0.0;0.0;0.0;6.93;2.55
0.0;0.0;0.0;6.65;2.76
0.0;0.0;0.0;6.25;2.76
0.0;0.0;0.0;5.93;2.62
0.0;0.0;0.0;5.68;2.62
0.0;0.0;0.0;5.7;2.62
0.0;0.0;0.0;5.56;2.62
0.0;0.0;0.0;5.55;2.69
0.0;0.0;0.0;5.55;2.9
0.0;0.0;0.0;5.75;3.03
0.0;0.0;0.0;5.94;3.03
0.0;0.0;0.0;6.19;2.97
11.0;0.0;11.0;6.35;2.76
73.0;4.3;72.0;6.58;2.48
63.0;0.0;63.0;6.82;2.48
127.0;0.0;127.0;7.23;2.41
119.0;0.0;119.0;7.65;2.28
62.0;0.0;62.0;7.89;1.66
101.0;0.0;101.0;8.27;1.79
138.0;129.0;107.0;8.56;1.79
46.0;113.98;35.0;8.56;3.1
0.0;0.0;0.0;7.48;3.24
0.0;0.0;0.0;6.08;2.9
0.0;0.0;0.0;5.84;2.76
0.0;0.0;0.0;5.21;2.55
0.0;0.0;0.0;4.54;2.83
0.0;0.0;0.0;3.95;3.24
0.0;0.0;0.0;3.56;3.52
0.0;0.0;0.0;3.44;3.59
0.0;0.0;0.0;3.05;3.72
0.0;0.0;0.0;2.9;3.86
0.0;0.0;0.0;2.53;3.59
0.0;0.0;0.0;2.24;3.38
0.0;0.0;0.0;2.23;3.31
0.0;0.0;0.0;2.38;3.45
0.0;0.0;0.0;2.02;3.45
62.0;480.1;21.0;1.84;3.31
216.0;718.07;50.0;2.86;3.03
348.0;829.38;63.0;4.53;3.72
437.0;891.35;67.0;5.61;4.07
463.0;880.4;75.0;6.72;4.34
436.0;866.93;73.0;7.79;4.69
348.0;778.61;75.0;8.36;4.21
227.0;734.24;50.0;8.41;3.66
73.0;502.52;24.0;7.77;2.76
0.0;0.0;0.0;6.14;2.34
0.0;0.0;0.0;4.42;2.14
0.0;0.0;0.0;3.14;1.93
0.0;0.0;0.0;1.9;1.79
0.0;0.0;0.0;0.81;1.72
0.0;0.0;0.0;-0.01;1.66
0.0;0.0;0.0;-0.67;1.52
0.0;0.0;0.0;-1.31;1.52
0.0;0.0;0.0;-1.58;1.45
0.0;0.0;0.0;-1.96;1.38
0.0;0.0;0.0;-2.11;1.38
0.0;0.0;0.0;-2.14;1.31
0.0;0.0;0.0;-2.28;1.31
0.0;0.0;0.0;-2.19;1.24
0.0;0.0;0.0;-2.49;1.31
58.0;416.54;23.0;-2.18;1.17
213.0;699.95;52.0;-0.05;0.76
344.0;813.99;65.0;2.73;0.62
434.0;885.27;67.0;4.71;0.34
453.0;828.53;88.0;6.2;0.14
382.0;553.81;150.0;7.34;0.55
332.0;663.49;99.0;7.89;0.83
199.0;462.96;87.0;7.85;0.76
54.0;172.4;37.0;7.43;0.69
0.0;0.0;0.0;6.5;0.69
0.0;0.0;0.0;6.22;0.55
0.0;0.0;0.0;5.53;0.34
0.0;0.0;0.0;5.02;0.41
0.0;0.0;0.0;4.28;0.76
0.0;0.0;0.0;3.37;1.03
0.0;0.0;0.0;2.63;1.03
0.0;0.0;0.0;2.32;1.03
0.0;0.0;0.0;2.04;0.97
0.0;0.0;0.0;1.6;1.03
0.0;0.0;0.0;0.65;1.17
0.0;0.0;0.0;0.06;1.17
0.0;0.0;0.0;-0.11;1.1
0.0;0.0;0.0;-0.21;1.1
0.0;0.0;0.0;-0.63;0.97
51.0;290.03;27.0;-0.62;0.9
208.0;681.34;52.0;0.92;0.48
340.0;807.03;64.0;3.44;0.34
427.0;866.85;68.0;5.38;0.55
454.0;858.14;76.0;6.59;0.83
428.0;846.77;73.0;7.49;1.03
346.0;787.28;69.0;7.63;1.1
219.0;662.84;58.0;7.74;1.1
71.0;450.84;26.0;7.1;1.17
0.0;0.0;0.0;5.93;1.38
0.0;0.0;0.0;4.35;1.1
0.0;0.0;0.0;4.13;1.03
0.0;0.0;0.0;4.41;0.76
0.0;0.0;0.0;4.01;0.62
0.0;0.0;0.0;3.7;0.55
0.0;0.0;0.0;3.33;0.69
0.0;0.0;0.0;2.66;0.83
0.0;0.0;0.0;1.59;1.03
0.0;0.0;0.0;1.02;1.1
0.0;0.0;0.0;0.8;1.1
0.0;0.0;0.0;0.85;1.03
0.0;0.0;0.0;1.08;0.9
0.0;0.0;0.0;1.16;0.83
0.0;0.0;0.0;0.86;0.76
57.0;441.31;21.0;1.03;0.62
214.0;754.33;42.0;1.83;0.41
339.0;820.28;59.0;3.18;0.48
403.0;739.42;97.0;4.58;0.76
329.0;274.65;208.0;5.95;0.97
393.0;645.73;122.0;7.06;1.38
360.0;881.94;49.0;7.77;1.79
231.0;770.57;43.0;8.07;2.14
71.0;445.02;26.0;7.5;1.72
0.0;0.0;0.0;6.34;1.79
0.0;0.0;0.0;5.44;1.72
0.0;0.0;0.0;5.21;1.66
0.0;0.0;0.0;4.81;1.93
0.0;0.0;0.0;4.97;2.14
0.0;0.0;0.0;5.21;2.34
0.0;0.0;0.0;5.32;2.48
0.0;0.0;0.0;5.01;2.55
0.0;0.0;0.0;4.72;2.76
0.0;0.0;0.0;4.75;3.03
0.0;0.0;0.0;4.67;3.1
0.0;0.0;0.0;4.46;3.1
0.0;0.0;0.0;4.32;3.17
0.0;0.0;0.0;4.55;3.31
0.0;0.0;0.0;5.37;4.0
30.0;37.27;27.0;5.4;4.14
61.0;0.0;61.0;5.55;4.55
64.0;0.0;64.0;5.91;5.1
68.0;0.0;68.0;6.29;5.66
164.0;4.54;162.0;6.78;6.21
83.0;0.0;83.0;7.46;6.97
196.0;90.52;164.0;8.05;6.97
24.0;0.0;24.0;8.27;7.1
26.0;0.0;26.0;8.25;7.03
0.0;0.0;0.0;8.32;7.03
0.0;0.0;0.0;8.59;7.03
0.0;0.0;0.0;9.33;7.24
0.0;0.0;0.0;9.48;6.62
0.0;0.0;0.0;9.35;5.93
0.0;0.0;0.0;9.33;5.93
0.0;0.0;0.0;9.47;6.21
0.0;0.0;0.0;9.58;6.07
0.0;0.0;0.0;9.38;7.1
0.0;0.0;0.0;9.17;7.1
0.0;0.0;0.0;8.68;6.55
0.0;0.0;0.0;7.86;5.38
0.0;0.0;0.0;6.78;4.97
0.0;0.0;0.0;6.41;4.48
0.0;0.0;0.0;6.65;3.86
14.0;0.0;14.0;6.46;3.79
18.0;0.0;18.0;6.58;4.07
84.0;0.0;84.0;6.9;4.21
191.0;29.01;179.0;6.96;5.03
140.0;0.0;140.0;6.62;5.52
321.0;301.72;194.0;6.91;4.76
170.0;39.49;156.0;6.73;4.69
136.0;101.44;111.0;6.64;4.41
76.0;480.62;26.0;5.55;4.48
0.0;0.0;0.0;5.27;4.21
0.0;0.0;0.0;4.71;3.93
0.0;0.0;0.0;4.5;3.86
0.0;0.0;0.0;4.16;3.79
0.0;0.0;0.0;3.5;3.59
0.0;0.0;0.0;3.15;3.52
0.0;0.0;0.0;2.73;3.38
0.0;0.0;0.0;2.32;3.17
0.0;0.0;0.0;2.09;2.97
0.0;0.0;0.0;1.99;2.9
0.0;0.0;0.0;1.9;2.76
0.0;0.0;0.0;2.21;2.83
0.0;0.0;0.0;2.49;2.83
0.0;0.0;0.0;2.0;2.69
0.0;0.0;0.0;2.02;2.62
53.0;406.81;21.0;1.86;2.55
206.0;695.19;49.0;3.2;2.41
302.0;555.72;113.0;5.15;3.24
289.0;207.9;203.0;6.49;3.93
351.0;339.76;201.0;8.02;4.76
421.0;784.89;90.0;8.79;4.97
362.0;857.53;57.0;8.98;4.55
229.0;714.1;52.0;9.43;4.55
61.0;198.79;40.0;8.58;3.17
0.0;0.0;0.0;7.1;2.69
0.0;0.0;0.0;6.16;2.76
0.0;0.0;0.0;5.96;2.69
0.0;0.0;0.0;5.68;2.76
0.0;0.0;0.0;5.64;2.97
0.0;0.0;0.0;5.57;3.03
0.0;0.0;0.0;5.58;3.03
0.0;0.0;0.0;5.63;3.1
0.0;0.0;0.0;5.94;3.31
0.0;0.0;0.0;6.12;3.31
0.0;0.0;0.0;6.13;3.03
0.0;0.0;0.0;6.27;2.9
0.0;0.0;0.0;6.47;2.83
0.0;0.0;0.0;6.52;2.76
0.0;0.0;0.0;7.38;3.03
44.0;231.08;26.0;7.53;3.1
128.0;124.26;100.0;7.73;3.17
158.0;35.3;146.0;8.16;3.1
219.0;62.83;193.0;8.66;3.93
123.0;0.0;123.0;8.9;4.0
170.0;11.83;165.0;9.31;3.93
158.0;25.22;149.0;9.52;3.93
60.0;0.0;60.0;9.66;4.14
54.0;121.11;41.0;9.63;4.0
0.0;0.0;0.0;9.54;4.07
0.0;0.0;0.0;9.46;4.28
0.0;0.0;0.0;9.3;4.34
0.0;0.0;0.0;9.23;4.48
0.0;0.0;0.0;9.19;4.62
0.0;0.0;0.0;9.24;4.76
0.0;0.0;0.0;9.34;4.83
0.0;0.0;0.0;9.37;5.17
0.0;0.0;0.0;9.13;5.1
0.0;0.0;0.0;9.04;4.97
0.0;0.0;0.0;9.08;5.31
0.0;0.0;0.0;9.09;5.1
0.0;0.0;0.0;8.91;4.83
0.0;0.0;0.0;8.3;4.21
0.0;0.0;0.0;7.31;3.1
55.0;466.11;19.0;6.33;2.97
206.0;706.86;47.0;6.31;2.69
339.0;820.96;60.0;7.03;3.17
425.0;862.06;68.0;7.49;3.52
455.0;853.83;77.0;8.24;3.72
429.0;828.49;78.0;8.61;3.79
348.0;756.42;77.0;8.69;3.66
228.0;677.31;58.0;8.47;3.31
79.0;448.96;30.0;8.06;2.76
0.0;0.0;0.0;6.9;1.86
0.0;0.0;0.0;5.45;1.66
0.0;0.0;0.0;4.15;1.86
0.0;0.0;0.0;3.02;1.93
0.0;0.0;0.0;2.12;1.93
0.0;0.0;0.0;1.38;1.86
0.0;0.0;0.0;0.96;1.72
0.0;0.0;0.0;0.61;1.59
0.0;0.0;0.0;0.33;1.59
0.0;0.0;0.0;-0.02;1.59
0.0;0.0;0.0;-0.18;1.66
0.0;0.0;0.0;-0.46;1.86
0.0;0.0;0.0;-0.12;1.59
0.0;0.0;0.0;1.6;0.97
0.0;0.0;0.0;1.73;0.28
52.0;417.33;20.0;1.4;0.28
207.0;698.84;50.0;1.52;0.14
343.0;826.72;62.0;3.3;0.21
440.0;911.86;62.0;4.61;0.76
466.0;879.37;76.0;5.67;1.1
443.0;868.63;74.0;6.53;0.97
362.0;811.71;70.0;7.03;0.62
236.0;708.31;57.0;7.13;0.28
84.0;495.33;29.0;6.95;0.48
0.0;0.0;0.0;6.04;1.24
0.0;0.0;0.0;3.83;1.45
0.0;0.0;0.0;2.98;1.45
0.0;0.0;0.0;3.33;1.03
0.0;0.0;0.0;3.15;0.97
0.0;0.0;0.0;2.61;0.76
0.0;0.0;0.0;2.09;0.34
0.0;0.0;0.0;1.76;0.28
0.0;0.0;0.0;1.51;0.34
0.0;0.0;0.0;1.12;0.62
0.0;0.0;0.0;1.03;0.55
0.0;0.0;0.0;0.56;0.83
0.0;0.0;0.0;0.3;0.41
0.0;0.0;0.0;0.19;0.48
0.0;0.0;0.0;-0.39;0.9
48.0;327.97;23.0;-0.19;0.69
153.0;245.0;98.0;0.47;0.55
241.0;238.19;160.0;2.81;0.83
359.0;474.61;162.0;4.39;1.24
457.0;848.32;80.0;5.54;1.52
437.0;849.62;75.0;6.42;1.72
297.0;412.39;148.0;6.85;1.93
232.0;675.74;60.0;6.95;2.0
61.0;150.4;44.0;6.31;1.59
0.0;0.0;0.0;4.9;1.79
0.0;0.0;0.0;3.6;1.72
0.0;0.0;0.0;2.51;1.31
0.0;0.0;0.0;2.23;1.24
0.0;0.0;0.0;2.04;1.1
0.0;0.0;0.0;2.1;1.03
0.0;0.0;0.0;1.66;1.1
0.0;0.0;0.0;1.18;1.17
0.0;0.0;0.0;1.03;1.1
0.0;0.0;0.0;0.88;1.03
0.0;0.0;0.0;0.88;0.97
0.0;0.0;0.0;0.71;1.03
0.0;0.0;0.0;0.33;1.17
0.0;0.0;0.0;0.58;1.24
0.0;0.0;0.0;1.41;1.52
48.0;355.81;21.0;1.6;1.52
104.0;49.01;93.0;2.48;1.38
176.0;61.7;155.0;4.36;1.79
294.0;230.92;198.0;5.3;2.28
205.0;26.94;193.0;6.33;2.55
248.0;95.92;207.0;7.16;3.1
184.0;55.1;164.0;6.89;3.1
143.0;109.18;115.0;6.41;2.76
49.0;52.12;43.0;5.31;2.43
0.0;0.0;0.0;5.28;2.34
0.0;0.0;0.0;5.25;2.26
0.0;0.0;0.0;5.22;2.17
0.0;0.0;0.0;5.18;2.09
0.0;0.0;0.0;5.15;2.0
0.0;0.0;0.0;5.12;1.92
0.0;0.0;0.0;5.09;1.83
