ghi;dni;dhi;temp_air;ws10
0.0;0.0;0.0;3.52;4.29
0.0;0.0;0.0;3.28;4.29
0.0;0.0;0.0;3.03;4.3
0.0;0.0;0.0;2.79;4.31
0.0;0.0;0.0;2.54;4.32
0.0;0.0;0.0;2.29;4.32
0.0;0.0;0.0;2.05;4.33
0.0;0.0;0.0;1.8;4.34
13.0;21.72;12.0;3.83;4.41
58.0;12.19;56.0;4.74;4.34
196.0;402.63;95.0;5.79;4.62
32.0;0.0;32.0;6.22;4.34
154.0;54.92;137.0;6.58;4.41
232.0;497.31;94.0;6.91;4.48
17.0;0.0;17.0;7.02;4.41
65.0;315.95;33.0;6.63;4.21
0.0;0.0;0.0;5.96;3.86
0.0;0.0;0.0;5.62;4.0
0.0;0.0;0.0;5.45;4.0
0.0;0.0;0.0;4.99;3.66
0.0;0.0;0.0;5.07;3.72
0.0;0.0;0.0;4.95;3.72
0.0;0.0;0.0;4.79;3.79
0.0;0.0;0.0;4.5;3.93
0.0;0.0;0.0;4.18;3.93
0.0;0.0;0.0;3.94;3.93
0.0;0.0;0.0;3.81;3.93
0.0;0.0;0.0;3.68;3.93
0.0;0.0;0.0;3.67;3.86
0.0;0.0;0.0;3.48;3.72
0.0;0.0;0.0;3.4;3.59
0.0;0.0;0.0;2.94;3.31
17.0;64.76;14.0;2.38;3.03
116.0;321.95;63.0;2.65;2.69
212.0;512.48;83.0;3.66;2.97
283.0;689.5;75.0;4.65;3.59
296.0;716.88;73.0;5.09;3.38
259.0;687.48;67.0;5.57;3.24
180.0;599.6;55.0;5.84;3.1
69.0;347.94;33.0;5.67;2.55
0.0;0.0;0.0;5.0;2.07
0.0;0.0;0.0;4.43;1.79
0.0;0.0;0.0;4.07;1.59
0.0;0.0;0.0;4.33;1.45
0.0;0.0;0.0;3.7;1.38
0.0;0.0;0.0;3.81;0.97
0.0;0.0;0.0;3.88;0.83
0.0;0.0;0.0;3.14;1.1
0.0;0.0;0.0;2.65;1.31
0.0;0.0;0.0;2.34;1.38
0.0;0.0;0.0;1.82;1.52
0.0;0.0;0.0;2.07;1.38
0.0;0.0;0.0;2.01;1.45
0.0;0.0;0.0;2.49;1.66
0.0;0.0;0.0;2.59;2.0
0.0;0.0;0.0;2.15;1.66
12.0;21.41;11.0;2.01;1.45
98.0;175.43;69.0;2.04;1.86
133.0;83.1;112.0;2.28;1.38
194.0;174.93;141.0;2.61;1.17
160.0;63.96;140.0;2.82;1.66
212.0;341.41;116.0;3.1;1.45
180.0;584.04;57.0;3.35;1.17
51.0;104.02;40.0;3.29;1.03
0.0;0.0;0.0;3.07;0.83
0.0;0.0;0.0;2.93;0.76
0.0;0.0;0.0;2.75;0.55
0.0;0.0;0.0;3.2;1.38
0.0;0.0;0.0;2.93;1.45
0.0;0.0;0.0;2.77;1.52
0.0;0.0;0.0;2.71;1.59
0.0;0.0;0.0;2.83;1.66
0.0;0.0;0.0;2.81;1.79
0.0;0.0;0.0;2.67;1.79
0.0;0.0;0.0;2.59;1.93
0.0;0.0;0.0;2.44;2.14
0.0;0.0;0.0;2.27;2.28
0.0;0.0;0.0;2.13;2.41
0.0;0.0;0.0;1.93;2.41
0.0;0.0;0.0;2.12;2.62
15.0;42.34;13.0;1.88;2.55
74.0;54.18;65.0;1.76;2.34
74.0;0.0;74.0;1.81;2.69
274.0;617.55;86.0;2.25;2.48
266.0;496.1;110.0;3.17;2.62
215.0;346.03;117.0;3.6;2.55
172.0;493.32;67.0;3.74;2.9
72.0;351.39;34.0;3.53;2.97
0.0;0.0;0.0;3.07;2.55
0.0;0.0;0.0;2.69;2.62
0.0;0.0;0.0;2.56;2.9
0.0;0.0;0.0;2.47;2.69
0.0;0.0;0.0;1.98;2.69
0.0;0.0;0.0;1.31;2.76
0.0;0.0;0.0;0.47;2.76
0.0;0.0;0.0;0.0;2.83
0.0;0.0;0.0;-0.59;2.83
0.0;0.0;0.0;-0.83;2.97
0.0;0.0;0.0;-1.35;3.03
0.0;0.0;0.0;-1.31;3.1
0.0;0.0;0.0;-0.98;3.17
0.0;0.0;0.0;-0.77;3.1
0.0;0.0;0.0;-0.69;3.03
0.0;0.0;0.0;-0.74;2.97
20.0;104.45;15.0;-0.69;2.83
84.0;83.82;70.0;-0.19;2.48
98.0;11.76;95.0;0.26;2.9
79.0;0.0;79.0;1.11;3.66
74.0;0.0;74.0;1.63;3.59
40.0;0.0;40.0;2.04;3.52
72.0;4.65;71.0;2.09;3.52
35.0;9.04;34.0;1.94;2.76
0.0;0.0;0.0;1.46;2.14
0.0;0.0;0.0;0.85;2.0
0.0;0.0;0.0;0.37;2.0
0.0;0.0;0.0;-0.8;2.0
0.0;0.0;0.0;-0.99;1.86
0.0;0.0;0.0;-0.86;1.52
0.0;0.0;0.0;-1.42;1.59
0.0;0.0;0.0;-1.38;1.59
0.0;0.0;0.0;-1.27;1.66
0.0;0.0;0.0;-1.01;1.72
0.0;0.0;0.0;-1.16;1.79
0.0;0.0;0.0;-1.22;1.72
0.0;0.0;0.0;-1.48;1.72
0.0;0.0;0.0;-1.22;1.72
0.0;0.0;0.0;-1.38;1.93
0.0;0.0;0.0;-1.43;2.21
22.0;164.53;14.0;-1.19;2.28
114.0;273.68;68.0;-0.31;2.21
119.0;42.89;108.0;0.85;2.83
123.0;16.25;118.0;1.6;2.83
49.0;0.0;49.0;2.06;2.76
62.0;0.0;62.0;2.41;2.83
35.0;0.0;35.0;2.66;2.83
18.0;0.0;18.0;2.7;2.83
0.0;0.0;0.0;2.05;2.83
0.0;0.0;0.0;1.14;2.9
0.0;0.0;0.0;0.4;2.9
0.0;0.0;0.0;-0.08;2.83
0.0;0.0;0.0;-0.36;2.62
0.0;0.0;0.0;-0.63;2.41
0.0;0.0;0.0;-0.6;2.21
0.0;0.0;0.0;-1.02;2.28
0.0;0.0;0.0;-1.34;2.21
0.0;0.0;0.0;-2.09;2.21
0.0;0.0;0.0;-2.53;2.14
0.0;0.0;0.0;-2.59;2.0
0.0;0.0;0.0;-2.95;2.0
0.0;0.0;0.0;-3.08;1.86
0.0;0.0;0.0;-3.18;1.79
0.0;0.0;0.0;-2.84;1.38
22.0;141.43;15.0;-2.82;1.59
139.0;543.57;47.0;-1.27;1.38
243.0;721.12;57.0;0.39;1.52
293.0;710.84;73.0;1.61;1.59
305.0;720.92;74.0;2.85;1.79
177.0;144.84;135.0;3.46;1.86
93.0;31.79;86.0;3.72;1.93
22.0;0.0;22.0;3.53;1.86
0.0;0.0;0.0;2.86;2.07
0.0;0.0;0.0;2.28;2.21
0.0;0.0;0.0;2.16;2.34
0.0;0.0;0.0;1.29;1.93
0.0;0.0;0.0;1.33;2.0
0.0;0.0;0.0;1.51;2.07
0.0;0.0;0.0;1.59;2.14
0.0;0.0;0.0;1.42;2.21
0.0;0.0;0.0;1.18;2.28
0.0;0.0;0.0;0.99;2.34
0.0;0.0;0.0;0.79;2.41
0.0;0.0;0.0;0.99;2.48
0.0;0.0;0.0;1.16;2.55
0.0;0.0;0.0;1.28;2.62
0.0;0.0;0.0;1.37;2.69
0.0;0.0;0.0;1.53;2.9
15.0;19.81;14.0;1.84;2.9
87.0;99.68;70.0;2.54;2.9
46.0;0.0;46.0;3.31;2.76
66.0;0.0;66.0;4.54;2.69
51.0;0.0;51.0;4.79;2.83
121.0;23.94;114.0;5.28;2.83
31.0;0.0;31.0;5.79;3.03
45.0;33.7;41.0;5.87;2.97
0.0;0.0;0.0;5.78;2.97
0.0;0.0;0.0;5.46;2.97
0.0;0.0;0.0;5.38;3.03
0.0;0.0;0.0;5.35;3.03
0.0;0.0;0.0;5.38;2.9
0.0;0.0;0.0;5.29;2.69
0.0;0.0;0.0;4.87;2.55
0.0;0.0;0.0;4.35;2.76
0.0;0.0;0.0;3.77;2.76
0.0;0.0;0.0;3.51;2.69
0.0;0.0;0.0;3.27;2.69
0.0;0.0;0.0;3.06;2.62
0.0;0.0;0.0;2.99;2.55
0.0;0.0;0.0;2.84;2.48
0.0;0.0;0.0;2.66;2.28
0.0;0.0;0.0;2.88;2.07
12.0;0.0;12.0;2.88;1.93
82.0;69.79;70.0;3.11;1.79
160.0;160.75;118.0;4.39;1.86
281.0;615.68;88.0;5.19;1.72
306.0;713.87;74.0;6.18;1.66
0.0;0.0;0.0;6.78;1.38
0.0;0.0;0.0;7.22;1.17
86.0;411.22;36.0;6.99;1.03
0.0;0.0;0.0;6.25;1.66
0.0;0.0;0.0;5.01;1.86
0.0;0.0;0.0;4.36;1.93
0.0;0.0;0.0;3.19;1.72
0.0;0.0;0.0;2.73;1.52
0.0;0.0;0.0;2.15;1.66
0.0;0.0;0.0;1.83;1.52
0.0;0.0;0.0;1.23;1.52
0.0;0.0;0.0;0.86;1.38
0.0;0.0;0.0;0.3;1.52
0.0;0.0;0.0;-0.17;1.52
0.0;0.0;0.0;-0.78;1.79
0.0;0.0;0.0;-1.31;2.0
0.0;0.0;0.0;-1.58;1.93
0.0;0.0;0.0;-1.97;1.79
0.0;0.0;0.0;-2.08;2.07
24.0;151.44;16.0;-1.35;1.93
79.0;51.88;70.0;0.45;1.66
104.0;15.2;100.0;2.28;1.86
156.0;53.86;139.0;3.76;2.55
166.0;58.02;147.0;4.3;3.1
109.0;10.08;106.0;4.76;3.31
58.0;0.0;58.0;4.81;3.59
40.0;8.03;39.0;4.68;3.59
0.0;0.0;0.0;4.33;2.62
0.0;0.0;0.0;4.0;2.62
0.0;0.0;0.0;3.53;2.76
0.0;0.0;0.0;3.07;2.83
0.0;0.0;0.0;2.87;2.97
0.0;0.0;0.0;2.75;3.17
0.0;0.0;0.0;2.62;3.17
0.0;0.0;0.0;2.26;3.1
0.0;0.0;0.0;2.22;3.31
0.0;0.0;0.0;2.06;3.45
0.0;0.0;0.0;2.05;3.38
0.0;0.0;0.0;1.67;3.31
0.0;0.0;0.0;1.81;3.38
0.0;0.0;0.0;1.76;3.38
0.0;0.0;0.0;1.72;3.38
0.0;0.0;0.0;1.63;3.66
12.0;0.0;12.0;1.6;3.66
26.0;0.0;26.0;2.14;4.07
25.0;0.0;25.0;3.03;4.14
50.0;0.0;50.0;3.7;4.07
91.0;0.0;91.0;4.3;3.93
54.0;0.0;54.0;4.76;4.28
76.0;4.32;75.0;5.08;4.55
32.0;0.0;32.0;4.92;3.52
0.0;0.0;0.0;4.85;3.24
0.0;0.0;0.0;4.92;3.03
0.0;0.0;0.0;5.02;2.9
0.0;0.0;0.0;4.99;2.48
0.0;0.0;0.0;5.01;2.21
0.0;0.0;0.0;5.04;1.93
0.0;0.0;0.0;5.06;1.66
0.0;0.0;0.0;5.0;1.38
0.0;0.0;0.0;4.83;1.24
0.0;0.0;0.0;4.68;0.9
0.0;0.0;0.0;4.93;0.14
0.0;0.0;0.0;4.74;0.28
0.0;0.0;0.0;4.13;0.97
0.0;0.0;0.0;4.1;1.45
0.0;0.0;0.0;4.24;1.45
0.0;0.0;0.0;4.59;1.59
14.0;17.97;13.0;4.54;1.72
67.0;16.96;64.0;4.93;1.66
73.0;0.0;73.0;5.4;2.21
57.0;0.0;57.0;5.65;2.41
0.0;0.0;0.0;5.82;2.34
0.0;0.0;0.0;5.84;2.41
40.0;0.0;40.0;5.77;2.76
29.0;0.0;29.0;5.6;2.76
0.0;0.0;0.0;5.37;2.34
0.0;0.0;0.0;5.09;2.55
0.0;0.0;0.0;4.81;2.76
0.0;0.0;0.0;4.24;2.69
0.0;0.0;0.0;4.06;2.69
0.0;0.0;0.0;3.95;2.76
0.0;0.0;0.0;3.9;2.9
0.0;0.0;0.0;3.94;2.83
0.0;0.0;0.0;3.77;2.48
0.0;0.0;0.0;3.76;2.41
0.0;0.0;0.0;3.56;2.48
0.0;0.0;0.0;3.38;2.69
0.0;0.0;0.0;3.12;2.9
0.0;0.0;0.0;2.4;2.9
0.0;0.0;0.0;1.98;2.9
0.0;0.0;0.0;1.54;2.76
6.0;0.0;6.0;1.02;2.62
74.0;33.56;68.0;1.21;2.9
26.0;0.0;26.0;2.12;3.31
80.0;0.0;80.0;3.09;3.24
111.0;2.98;110.0;4.08;2.97
72.0;0.0;72.0;5.19;2.69
93.0;16.82;89.0;6.14;2.48
44.0;14.92;42.0;6.61;2.69
0.0;0.0;0.0;5.76;2.55
0.0;0.0;0.0;4.91;2.9
0.0;0.0;0.0;4.19;3.17
0.0;0.0;0.0;2.91;2.83
0.0;0.0;0.0;2.3;2.9
0.0;0.0;0.0;1.76;2.9
0.0;0.0;0.0;1.36;2.97
0.0;0.0;0.0;1.16;3.1
0.0;0.0;0.0;1.12;3.17
0.0;0.0;0.0;1.16;3.17
0.0;0.0;0.0;1.06;3.24
0.0;0.0;0.0;0.92;3.17
0.0;0.0;0.0;0.68;3.1
0.0;0.0;0.0;0.41;3.03
0.0;0.0;0.0;0.15;3.03
0.0;0.0;0.0;-0.08;3.03
27.0;135.78;19.0;-0.25;2.97
149.0;536.46;52.0;0.71;2.9
239.0;574.09;83.0;2.61;2.83
305.0;679.0;84.0;4.4;3.03
308.0;602.86;104.0;5.86;3.1
276.0;581.43;96.0;6.8;3.1
202.0;514.48;78.0;7.22;3.03
110.0;538.64;36.0;6.84;2.62
0.0;0.0;0.0;5.36;2.69
0.0;0.0;0.0;3.73;2.83
0.0;0.0;0.0;2.72;2.97
0.0;0.0;0.0;1.98;2.83
0.0;0.0;0.0;1.35;2.76
0.0;0.0;0.0;0.74;2.76
0.0;0.0;0.0;0.21;2.62
0.0;0.0;0.0;-0.22;2.62
0.0;0.0;0.0;-0.44;2.55
0.0;0.0;0.0;-0.61;2.62
0.0;0.0;0.0;-0.87;2.62
0.0;0.0;0.0;-0.98;2.62
0.0;0.0;0.0;-0.63;2.55
0.0;0.0;0.0;-0.64;2.55
0.0;0.0;0.0;-0.63;2.55
0.0;0.0;0.0;-0.6;2.55
23.0;65.86;19.0;-0.26;2.48
124.0;273.31;74.0;0.53;2.41
222.0;434.03;103.0;2.14;2.62
304.0;652.0;90.0;3.53;2.83
320.0;673.71;90.0;4.68;2.69
290.0;661.77;83.0;5.45;2.62
201.0;482.86;83.0;5.49;2.34
91.0;276.98;52.0;5.06;2.41
0.0;0.0;0.0;3.74;2.76
0.0;0.0;0.0;2.32;2.9
0.0;0.0;0.0;1.53;2.97
0.0;0.0;0.0;1.4;3.03
0.0;0.0;0.0;1.07;2.97
0.0;0.0;0.0;0.68;2.9
0.0;0.0;0.0;0.7;2.97
0.0;0.0;0.0;0.73;2.97
0.0;0.0;0.0;0.98;3.03
0.0;0.0;0.0;0.91;3.03
0.0;0.0;0.0;0.8;3.1
0.0;0.0;0.0;0.74;3.17
0.0;0.0;0.0;0.53;3.1
0.0;0.0;0.0;0.64;3.1
0.0;0.0;0.0;0.76;3.1
0.0;0.0;0.0;0.75;3.1
32.0;191.49;20.0;0.7;3.17
71.0;21.6;67.0;1.51;3.17
56.0;0.0;56.0;3.29;3.17
118.0;6.04;116.0;4.75;3.52
112.0;2.9;111.0;5.83;3.66
120.0;12.65;116.0;6.37;3.38
110.0;40.35;100.0;6.54;3.66
67.0;76.23;56.0;6.32;3.66
0.0;0.0;0.0;6.03;3.79
0.0;0.0;0.0;5.65;3.86
0.0;0.0;0.0;5.65;3.93
0.0;0.0;0.0;5.59;3.86
0.0;0.0;0.0;5.74;3.86
0.0;0.0;0.0;5.88;3.93
0.0;0.0;0.0;6.03;4.0
0.0;0.0;0.0;6.24;4.28
0.0;0.0;0.0;6.41;4.28
0.0;0.0;0.0;6.46;4.28
0.0;0.0;0.0;6.35;4.48
0.0;0.0;0.0;6.01;4.69
0.0;0.0;0.0;5.93;4.97
0.0;0.0;0.0;5.69;5.1
0.0;0.0;0.0;5.51;5.79
0.0;0.0;0.0;6.27;6.76
7.0;0.0;7.0;6.46;6.69
66.0;16.0;63.0;6.78;6.41
87.0;3.58;86.0;7.08;6.14
68.0;0.0;68.0;7.4;6.07
64.0;0.0;64.0;7.68;5.79
66.0;0.0;66.0;7.85;5.24
69.0;0.0;69.0;8.08;4.48
37.0;0.0;37.0;8.28;3.66
0.0;0.0;0.0;8.48;3.1
0.0;0.0;0.0;8.59;3.24
0.0;0.0;0.0;8.51;3.59
0.0;0.0;0.0;8.15;3.86
0.0;0.0;0.0;7.61;3.72
0.0;0.0;0.0;6.91;3.45
0.0;0.0;0.0;6.66;3.24
0.0;0.0;0.0;6.74;3.24
0.0;0.0;0.0;6.83;3.38
0.0;0.0;0.0;6.71;3.38
0.0;0.0;0.0;6.42;3.38
0.0;0.0;0.0;6.19;3.52
0.0;0.0;0.0;6.02;3.52
0.0;0.0;0.0;6.15;3.24
0.0;0.0;0.0;6.13;2.97
0.0;0.0;0.0;6.16;2.97
10.0;0.0;10.0;6.21;2.62
38.0;0.0;38.0;6.4;2.62
60.0;0.0;60.0;6.76;2.62
118.0;5.93;116.0;7.36;2.48
63.0;0.0;63.0;8.1;2.62
90.0;0.0;90.0;8.94;2.9
44.0;0.0;44.0;9.78;3.17
71.0;79.18;59.0;9.79;3.45
0.0;0.0;0.0;9.67;2.97
0.0;0.0;0.0;9.42;2.21
0.0;0.0;0.0;9.11;1.52
0.0;0.0;0.0;8.81;1.59
0.0;0.0;0.0;8.31;1.1
0.0;0.0;0.0;8.45;0.62
0.0;0.0;0.0;8.42;0.55
0.0;0.0;0.0;7.62;1.31
0.0;0.0;0.0;7.58;1.17
0.0;0.0;0.0;7.6;1.31
0.0;0.0;0.0;7.71;1.38
0.0;0.0;0.0;7.79;1.45
0.0;0.0;0.0;7.83;1.52
0.0;0.0;0.0;7.89;1.45
0.0;0.0;0.0;7.95;1.38
0.0;0.0;0.0;8.18;1.52
3.0;0.0;3.0;8.26;1.52
23.0;0.0;23.0;8.49;1.45
60.0;0.0;60.0;9.07;2.21
60.0;0.0;60.0;9.32;1.79
94.0;0.0;94.0;9.33;1.66
128.0;15.31;123.0;9.62;1.93
104.0;23.19;98.0;9.84;2.21
52.0;12.88;50.0;9.68;1.93
0.0;0.0;0.0;9.24;1.86
0.0;0.0;0.0;8.41;1.93
0.0;0.0;0.0;7.88;2.07
0.0;0.0;0.0;7.97;2.07
0.0;0.0;0.0;7.76;2.14
0.0;0.0;0.0;7.55;2.28
0.0;0.0;0.0;7.32;2.34
0.0;0.0;0.0;7.41;2.28
0.0;0.0;0.0;7.51;2.28
0.0;0.0;0.0;7.59;2.28
0.0;0.0;0.0;7.64;2.34
0.0;0.0;0.0;7.58;2.41
0.0;0.0;0.0;7.59;2.55
0.0;0.0;0.0;7.59;2.69
0.0;0.0;0.0;7.6;3.03
0.0;0.0;0.0;7.81;3.24
11.0;0.0;11.0;7.82;3.38
66.0;10.24;64.0;8.07;3.66
45.0;0.0;45.0;8.54;4.28
185.0;81.5;157.0;9.19;5.1
204.0;100.57;168.0;9.71;4.97
0.0;0.0;0.0;10.4;5.86
94.0;11.43;91.0;10.31;5.31
43.0;0.0;43.0;10.08;5.24
0.0;0.0;0.0;9.93;5.24
0.0;0.0;0.0;9.3;4.83
0.0;0.0;0.0;8.38;4.34
0.0;0.0;0.0;7.31;3.45
0.0;0.0;0.0;5.91;3.17
0.0;0.0;0.0;4.86;3.03
0.0;0.0;0.0;4.27;3.1
0.0;0.0;0.0;3.91;3.1
0.0;0.0;0.0;3.55;2.97
0.0;0.0;0.0;3.08;2.83
0.0;0.0;0.0;2.79;2.69
0.0;0.0;0.0;2.73;2.62
0.0;0.0;0.0;2.58;2.62
0.0;0.0;0.0;2.31;2.62
0.0;0.0;0.0;2.09;2.55
0.0;0.0;0.0;1.93;2.69
38.0;175.58;25.0;2.23;2.69
163.0;530.04;58.0;3.58;2.41
269.0;676.56;72.0;5.05;3.59
287.0;441.01;134.0;6.08;3.03
304.0;456.35;139.0;7.13;3.31
267.0;395.11;135.0;7.67;3.24
190.0;281.59;115.0;7.88;2.69
91.0;141.12;68.0;7.85;2.28
6.0;0.0;6.0;7.12;2.14
0.0;0.0;0.0;5.96;2.21
0.0;0.0;0.0;5.41;2.28
0.0;0.0;0.0;4.6;2.48
0.0;0.0;0.0;3.99;2.62
0.0;0.0;0.0;3.47;2.69
0.0;0.0;0.0;3.27;2.62
0.0;0.0;0.0;2.67;2.69
0.0;0.0;0.0;2.29;2.76
0.0;0.0;0.0;2.19;2.76
0.0;0.0;0.0;2.7;2.76
0.0;0.0;0.0;3.04;2.76
0.0;0.0;0.0;3.79;2.9
0.0;0.0;0.0;3.74;2.9
0.0;0.0;0.0;3.4;3.03
0.0;0.0;0.0;3.09;3.1
29.0;52.19;25.0;2.69;3.17
155.0;412.91;72.0;2.41;3.24
260.0;574.07;91.0;2.64;3.31
326.0;644.95;100.0;3.26;3.1
322.0;528.38;129.0;3.54;2.83
157.0;35.51;145.0;3.87;2.76
59.0;0.0;59.0;3.97;2.69
42.0;0.0;42.0;4.01;2.55
2.0;0.0;2.0;3.84;2.21
0.0;0.0;0.0;3.46;1.93
0.0;0.0;0.0;3.1;2.0
0.0;0.0;0.0;3.46;2.62
0.0;0.0;0.0;3.21;2.62
0.0;0.0;0.0;2.87;2.48
0.0;0.0;0.0;2.29;2.21
0.0;0.0;0.0;2.07;2.14
0.0;0.0;0.0;1.54;2.28
0.0;0.0;0.0;1.34;2.48
0.0;0.0;0.0;1.06;2.48
0.0;0.0;0.0;0.91;2.41
0.0;0.0;0.0;1.05;2.55
0.0;0.0;0.0;1.14;2.83
0.0;0.0;0.0;1.04;3.24
0.0;0.0;0.0;1.24;3.86
24.0;12.6;23.0;0.85;3.59
139.0;259.76;86.0;0.6;3.79
267.0;591.19;91.0;0.73;3.72
343.0;734.48;83.0;1.19;3.45
357.0;718.04;92.0;1.94;3.31
329.0;722.47;82.0;2.54;3.17
248.0;637.95;73.0;2.84;3.31
143.0;579.09;44.0;2.69;3.38
8.0;0.0;8.0;1.85;2.97
0.0;0.0;0.0;0.52;3.17
0.0;0.0;0.0;-0.4;3.17
0.0;0.0;0.0;-0.89;3.17
0.0;0.0;0.0;-1.56;3.03
0.0;0.0;0.0;-2.15;2.76
0.0;0.0;0.0;-2.58;2.55
0.0;0.0;0.0;-2.94;2.48
0.0;0.0;0.0;-3.23;2.41
0.0;0.0;0.0;-3.41;2.34
0.0;0.0;0.0;-3.64;2.41
0.0;0.0;0.0;-3.79;2.48
0.0;0.0;0.0;-3.86;2.55
0.0;0.0;0.0;-3.94;2.62
0.0;0.0;0.0;-4.01;2.62
0.0;0.0;0.0;-4.06;2.48
36.0;85.16;29.0;-4.04;2.55
156.0;362.02;81.0;-2.68;2.55
258.0;494.81;109.0;-0.97;2.97
330.0;606.71;113.0;0.42;2.97
356.0;675.71;104.0;1.54;2.76
331.0;696.71;90.0;2.21;2.48
236.0;495.67;98.0;2.55;2.34
120.0;285.64;70.0;2.32;1.86
9.0;0.0;9.0;1.17;2.0
0.0;0.0;0.0;-0.53;2.28
0.0;0.0;0.0;-1.67;2.28
0.0;0.0;0.0;-2.49;2.07
0.0;0.0;0.0;-3.32;1.86
0.0;0.0;0.0;-3.83;1.72
0.0;0.0;0.0;-3.6;1.45
0.0;0.0;0.0;-3.06;1.1
0.0;0.0;0.0;-3.2;1.1
0.0;0.0;0.0;-3.54;1.17
0.0;0.0;0.0;-3.16;0.97
0.0;0.0;0.0;-2.67;0.76
0.0;0.0;0.0;-2.8;0.83
0.0;0.0;0.0;-4.02;1.17
0.0;0.0;0.0;-4.12;1.24
0.0;0.0;0.0;-4.66;1.24
55.0;340.61;26.0;-4.95;1.38
183.0;598.84;57.0;-3.13;1.24
281.0;646.65;84.0;-1.32;1.66
363.0;799.59;74.0;0.17;1.66
380.0;801.25;78.0;1.36;1.86
351.0;799.97;71.0;2.14;2.28
268.0;714.85;66.0;2.44;2.76
149.0;563.63;48.0;2.22;2.69
13.0;21.31;12.0;0.88;2.28
0.0;0.0;0.0;-0.21;2.34
0.0;0.0;0.0;0.07;2.21
0.0;0.0;0.0;0.69;2.48
0.0;0.0;0.0;1.19;2.48
0.0;0.0;0.0;1.13;2.55
0.0;0.0;0.0;0.82;2.76
0.0;0.0;0.0;0.92;3.03
0.0;0.0;0.0;1.05;3.52
0.0;0.0;0.0;1.26;3.93
0.0;0.0;0.0;1.62;4.28
0.0;0.0;0.0;1.82;4.55
0.0;0.0;0.0;1.61;4.55
0.0;0.0;0.0;1.31;4.55
0.0;0.0;0.0;0.77;4.48
0.0;0.0;0.0;0.89;4.9
27.0;11.34;26.0;0.75;4.97
77.0;9.36;75.0;0.72;4.76
52.0;0.0;52.0;0.82;5.24
232.0;153.3;176.0;1.09;6.07
67.0;0.0;67.0;1.0;5.79
189.0;70.58;164.0;1.26;5.72
53.0;0.0;53.0;1.72;6.48
28.0;0.0;28.0;1.53;5.1
9.0;0.0;9.0;1.04;4.69
0.0;0.0;0.0;0.38;4.48
0.0;0.0;0.0;-0.31;4.69
0.0;0.0;0.0;-0.62;5.17
0.0;0.0;0.0;-1.18;4.76
0.0;0.0;0.0;-1.45;4.55
0.0;0.0;0.0;-1.82;4.21
0.0;0.0;0.0;-2.04;4.07
0.0;0.0;0.0;-2.28;4.07
0.0;0.0;0.0;-2.67;3.86
0.0;0.0;0.0;-2.84;3.72
0.0;0.0;0.0;-3.23;3.59
0.0;0.0;0.0;-3.46;3.86
0.0;0.0;0.0;-3.76;3.72
0.0;0.0;0.0;-4.29;3.66
0.0;0.0;0.0;-4.16;3.38
51.0;197.07;33.0;-4.32;3.17
188.0;589.35;60.0;-3.79;3.59
266.0;493.62;112.0;-2.75;3.66
236.0;154.37;179.0;-1.63;3.72
220.0;90.89;185.0;-0.66;3.86
182.0;53.01;163.0;-0.15;4.07
147.0;61.83;129.0;-0.03;4.14
86.0;53.28;76.0;-0.1;4.0
10.0;0.0;10.0;-0.48;3.66
0.0;0.0;0.0;-1.04;3.17
0.0;0.0;0.0;-1.48;3.17
0.0;0.0;0.0;-2.35;2.48
0.0;0.0;0.0;-2.53;2.34
0.0;0.0;0.0;-2.64;2.41
0.0;0.0;0.0;-3.19;2.48
0.0;0.0;0.0;-3.49;2.48
0.0;0.0;0.0;-3.77;2.62
0.0;0.0;0.0;-4.19;2.62
0.0;0.0;0.0;-4.37;2.48
0.0;0.0;0.0;-4.78;2.62
0.0;0.0;0.0;-5.13;2.69
0.0;0.0;0.0;-5.27;2.69
0.0;0.0;0.0;-5.14;2.76
0.0;0.0;0.0;-4.32;2.62
36.0;42.29;32.0;-3.85;2.76
85.0;18.12;81.0;-3.1;3.38
163.0;66.5;142.0;-2.11;3.86
165.0;26.79;155.0;-0.63;4.21
198.0;53.94;177.0;0.83;4.21
91.0;0.0;91.0;1.97;4.28
87.0;0.0;87.0;2.53;4.28
87.0;52.08;77.0;2.62;4.41
15.0;16.83;14.0;2.61;4.41
0.0;0.0;0.0;2.62;4.34
0.0;0.0;0.0;2.72;4.14
0.0;0.0;0.0;1.73;3.86
0.0;0.0;0.0;1.45;3.66
0.0;0.0;0.0;1.17;3.66
0.0;0.0;0.0;0.89;3.52
0.0;0.0;0.0;0.68;3.59
0.0;0.0;0.0;0.58;3.59
0.0;0.0;0.0;0.51;3.52
0.0;0.0;0.0;0.26;3.45
0.0;0.0;0.0;-0.2;3.24
0.0;0.0;0.0;-0.68;3.17
0.0;0.0;0.0;-0.84;3.24
0.0;0.0;0.0;-1.01;3.24
0.0;0.0;0.0;-1.45;3.03
68.0;418.56;27.0;-1.44;3.03
203.0;672.98;52.0;-0.28;3.24
313.0;785.12;62.0;1.46;3.38
382.0;829.32;69.0;3.11;3.93
399.0;830.76;72.0;4.62;4.28
310.0;468.44;138.0;5.46;4.14
272.0;640.21;80.0;5.89;3.93
110.0;132.39;84.0;6.09;4.0
11.0;0.0;11.0;5.18;3.93
0.0;0.0;0.0;3.34;3.66
0.0;0.0;0.0;2.17;3.66
0.0;0.0;0.0;2.16;3.66
0.0;0.0;0.0;1.56;3.72
0.0;0.0;0.0;1.02;3.72
0.0;0.0;0.0;0.47;3.72
0.0;0.0;0.0;0.0;3.66
0.0;0.0;0.0;-0.49;3.45
0.0;0.0;0.0;-0.99;3.17
0.0;0.0;0.0;-1.44;3.03
0.0;0.0;0.0;-1.83;2.97
0.0;0.0;0.0;-2.17;3.03
0.0;0.0;0.0;-2.42;3.17
0.0;0.0;0.0;-2.64;3.38
0.0;0.0;0.0;-2.59;3.31
62.0;256.37;36.0;-2.58;3.45
206.0;648.79;58.0;-1.22;3.03
307.0;682.75;86.0;0.69;3.52
386.0;804.44;79.0;2.42;3.66
401.0;794.0;85.0;3.81;3.79
376.0;804.54;77.0;4.74;3.86
292.0;726.04;71.0;5.16;3.86
177.0;627.43;51.0;4.77;3.52
26.0;73.55;21.0;3.45;3.52
0.0;0.0;0.0;1.52;3.59
0.0;0.0;0.0;0.49;3.72
0.0;0.0;0.0;0.2;3.72
0.0;0.0;0.0;-0.27;3.52
0.0;0.0;0.0;-0.75;3.24
0.0;0.0;0.0;-1.13;3.24
0.0;0.0;0.0;-1.46;3.38
0.0;0.0;0.0;-1.67;3.45
0.0;0.0;0.0;-1.87;3.24
0.0;0.0;0.0;-2.06;3.03
0.0;0.0;0.0;-2.25;2.9
0.0;0.0;0.0;-2.41;2.76
0.0;0.0;0.0;-2.59;2.55
0.0;0.0;0.0;-2.83;2.48
0.0;0.0;0.0;-2.83;2.34
61.0;209.56;39.0;-2.81;2.14
199.0;551.84;71.0;-0.87;1.93
310.0;683.39;86.0;1.29;2.28
396.0;834.36;74.0;2.9;2.41
416.0;847.35;75.0;4.15;2.41
386.0;837.39;71.0;5.05;2.34
304.0;776.87;64.0;5.54;2.21
181.0;628.34;52.0;5.45;1.72
29.0;82.94;23.0;-1.89;0.87
0.0;0.0;0.0;-0.83;1.25
0.0;0.0;0.0;0.23;1.64
0.0;0.0;0.0;1.29;2.03
0.0;0.0;0.0;2.35;2.42
0.0;0.0;0.0;3.41;2.81
0.0;0.0;0.0;4.46;3.2
0.0;0.0;0.0;5.52;3.59
0.0;0.0;0.0;6.58;3.97
0.0;0.0;0.0;7.64;4.36
0.0;0.0;0.0;8.7;4.75
0.0;0.0;0.0;9.76;5.14
0.0;0.0;0.0;10.81;5.53
0.0;0.0;0.0;11.87;5.92
0.0;0.0;0.0;12.93;6.31
0.0;0.0;0.0;13.99;6.69
29.0;9.2;28.0;12.48;6.14
48.0;0.0;48.0;12.29;5.86
265.0;433.8;121.0;12.32;5.24
194.0;53.81;173.0;12.48;4.76
302.0;307.17;177.0;13.02;5.66
214.0;99.8;176.0;13.35;5.52
116.0;12.76;112.0;13.46;5.52
107.0;95.31;87.0;13.16;5.72
24.0;26.06;22.0;12.66;5.38
0.0;0.0;0.0;12.08;5.66
0.0;0.0;0.0;11.63;5.79
0.0;0.0;0.0;11.7;6.34
0.0;0.0;0.0;11.5;5.38
0.0;0.0;0.0;11.02;4.55
0.0;0.0;0.0;10.95;4.07
0.0;0.0;0.0;11.1;4.34
0.0;0.0;0.0;11.1;4.62
0.0;0.0;0.0;10.93;4.9
0.0;0.0;0.0;10.64;4.69
0.0;0.0;0.0;10.49;4.55
0.0;0.0;0.0;10.53;4.97
0.0;0.0;0.0;10.83;5.72
0.0;0.0;0.0;11.26;5.72
0.0;0.0;0.0;11.96;5.31
38.0;26.69;35.0;12.56;6.07
83.0;12.5;80.0;13.24;6.55
63.0;0.0;63.0;13.61;6.48
71.0;0.0;71.0;13.79;6.28
164.0;14.58;158.0;14.29;6.21
105.0;0.0;105.0;14.5;6.14
150.0;50.29;134.0;14.99;6.34
37.0;0.0;37.0;14.81;4.9
24.0;24.64;22.0;14.36;4.48
0.0;0.0;0.0;13.77;4.55
0.0;0.0;0.0;13.38;4.07
0.0;0.0;0.0;12.75;4.69
0.0;0.0;0.0;12.7;5.24
0.0;0.0;0.0;12.61;5.72
0.0;0.0;0.0;12.4;5.72
0.0;0.0;0.0;12.29;5.31
0.0;0.0;0.0;12.18;5.17
0.0;0.0;0.0;12.12;4.97
0.0;0.0;0.0;12.06;4.69
0.0;0.0;0.0;12.03;4.48
0.0;0.0;0.0;12.02;4.41
0.0;0.0;0.0;11.87;4.62
0.0;0.0;0.0;11.66;4.34
0.0;0.0;0.0;11.1;3.86
34.0;8.6;33.0;10.76;3.86
79.0;8.2;77.0;10.98;3.93
126.0;11.75;122.0;11.61;4.83
73.0;0.0;73.0;12.26;5.45
80.0;0.0;80.0;12.69;5.17
140.0;7.69;137.0;12.87;4.34
85.0;0.0;85.0;12.88;3.38
37.0;0.0;37.0;12.78;4.14
24.0;11.68;23.0;12.74;4.34
0.0;0.0;0.0;12.92;5.86
0.0;0.0;0.0;13.14;6.9
0.0;0.0;0.0;13.23;7.93
0.0;0.0;0.0;13.07;8.34
0.0;0.0;0.0;11.52;7.66
0.0;0.0;0.0;7.9;6.83
0.0;0.0;0.0;7.21;5.86
0.0;0.0;0.0;7.09;5.66
0.0;0.0;0.0;6.86;5.79
0.0;0.0;0.0;6.28;5.79
0.0;0.0;0.0;5.86;5.38
0.0;0.0;0.0;5.69;5.31
0.0;0.0;0.0;5.49;5.66
0.0;0.0;0.0;5.33;5.86
0.0;0.0;0.0;5.05;5.59
63.0;141.42;46.0;5.29;5.72
161.0;209.49;109.0;5.86;5.52
220.0;168.13;162.0;6.48;6.0
302.0;292.17;184.0;7.34;6.34
241.0;95.04;201.0;8.04;6.41
213.0;73.44;184.0;8.25;7.03
306.0;692.87;79.0;8.1;7.03
47.0;0.0;47.0;7.92;6.83
32.0;44.37;28.0;7.78;6.14
0.0;0.0;0.0;7.69;5.59
0.0;0.0;0.0;7.73;5.31
0.0;0.0;0.0;7.46;4.76
0.0;0.0;0.0;7.19;4.28
0.0;0.0;0.0;6.57;3.93
0.0;0.0;0.0;6.21;3.79
0.0;0.0;0.0;6.34;3.72
0.0;0.0;0.0;6.76;3.72
0.0;0.0;0.0;7.05;3.66
0.0;0.0;0.0;7.02;3.45
0.0;0.0;0.0;6.93;3.24
0.0;0.0;0.0;6.63;3.03
0.0;0.0;0.0;6.54;2.76
0.0;0.0;0.0;6.42;2.41
0.0;0.0;0.0;6.22;1.86
41.0;16.1;39.0;6.26;1.59
115.0;43.56;104.0;6.65;1.72
177.0;57.23;157.0;7.02;2.41
251.0;132.18;197.0;7.34;2.41
311.0;260.76;200.0;7.43;2.14
234.0;107.58;191.0;7.67;1.72
270.0;427.18;128.0;7.73;1.45
156.0;267.1;95.0;7.64;1.24
23.0;0.0;23.0;7.37;1.24
0.0;0.0;0.0;6.55;1.59
0.0;0.0;0.0;5.79;1.72
0.0;0.0;0.0;5.86;2.07
0.0;0.0;0.0;5.36;2.07
0.0;0.0;0.0;4.45;2.14
0.0;0.0;0.0;3.65;2.14
0.0;0.0;0.0;2.88;2.0
0.0;0.0;0.0;1.99;1.52
0.0;0.0;0.0;1.56;1.45
0.0;0.0;0.0;1.08;1.66
0.0;0.0;0.0;0.66;1.72
0.0;0.0;0.0;0.3;1.79
0.0;0.0;0.0;-0.22;1.93
0.0;0.0;0.0;-0.77;2.07
0.0;0.0;0.0;-1.18;2.14
81.0;264.82;47.0;-0.92;2.0
223.0;580.01;74.0;1.93;1.79
343.0;745.63;79.0;4.44;2.0
407.0;759.77;93.0;6.28;2.21
438.0;824.6;83.0;7.67;2.28
385.0;684.67;108.0;8.57;2.0
316.0;687.92;84.0;9.02;1.86
195.0;540.51;69.0;9.06;2.14
58.0;241.77;34.0;8.23;2.14
0.0;0.0;0.0;6.35;2.69
0.0;0.0;0.0;4.93;2.9
0.0;0.0;0.0;4.47;3.1
0.0;0.0;0.0;3.82;3.03
0.0;0.0;0.0;3.25;2.97
0.0;0.0;0.0;2.72;2.83
0.0;0.0;0.0;2.21;2.83
0.0;0.0;0.0;1.7;2.76
0.0;0.0;0.0;1.25;2.69
0.0;0.0;0.0;0.89;2.69
0.0;0.0;0.0;0.63;2.76
0.0;0.0;0.0;0.43;2.83
0.0;0.0;0.0;0.3;2.83
0.0;0.0;0.0;0.15;2.76
0.0;0.0;0.0;0.34;2.9
83.0;263.92;48.0;0.73;2.83
226.0;577.77;75.0;2.79;2.62
344.0;730.38;82.0;5.25;3.17
407.0;741.48;97.0;7.37;3.38
438.0;808.45;86.0;9.14;3.52
392.0;708.19;102.0;10.41;3.59
331.0;754.12;73.0;11.21;3.72
210.0;634.77;59.0;11.37;3.52
42.0;57.76;36.0;10.74;3.03
0.0;0.0;0.0;9.03;2.83
0.0;0.0;0.0;7.92;2.83
0.0;0.0;0.0;7.06;2.62
0.0;0.0;0.0;6.66;2.69
0.0;0.0;0.0;6.17;2.76
0.0;0.0;0.0;6.29;2.83
0.0;0.0;0.0;6.37;3.03
0.0;0.0;0.0;6.35;3.03
0.0;0.0;0.0;6.52;3.03
0.0;0.0;0.0;7.16;3.03
0.0;0.0;0.0;7.44;3.17
0.0;0.0;0.0;7.64;3.31
0.0;0.0;0.0;7.32;3.38
0.0;0.0;0.0;7.33;3.38
0.0;0.0;0.0;7.26;3.66
12.0;0.0;12.0;7.65;3.59
141.0;94.02;116.0;8.5;3.24
213.0;121.06;169.0;9.58;3.86
156.0;7.09;153.0;10.24;3.93
132.0;0.0;132.0;10.51;3.72
112.0;0.0;112.0;10.42;3.38
42.0;0.0;42.0;10.37;3.1
42.0;0.0;42.0;9.92;2.55
6.0;0.0;6.0;9.44;2.41
0.0;0.0;0.0;8.95;2.62
0.0;0.0;0.0;8.47;2.9
0.0;0.0;0.0;8.07;3.1
0.0;0.0;0.0;7.79;3.03
0.0;0.0;0.0;7.54;3.03
0.0;0.0;0.0;7.04;3.52
0.0;0.0;0.0;6.76;3.93
0.0;0.0;0.0;7.36;4.28
0.0;0.0;0.0;7.65;4.62
0.0;0.0;0.0;7.96;5.03
0.0;0.0;0.0;7.72;5.31
0.0;0.0;0.0;7.3;5.59
0.0;0.0;0.0;6.73;5.93
0.0;0.0;0.0;6.64;6.41
0.0;0.0;0.0;7.32;6.83
33.0;0.0;33.0;7.79;7.52
89.0;7.39;87.0;8.61;8.0
136.0;8.15;133.0;9.28;8.48
215.0;53.75;192.0;9.84;8.97
216.0;44.91;196.0;10.4;8.0
85.0;0.0;85.0;11.01;8.34
47.0;0.0;47.0;11.33;10.76
26.0;0.0;26.0;11.36;10.62
18.0;0.0;18.0;11.7;10.83
0.0;0.0;0.0;12.06;11.1
0.0;0.0;0.0;12.07;10.83
0.0;0.0;0.0;12.08;10.9
0.0;0.0;0.0;12.34;10.69
0.0;0.0;0.0;12.64;11.03
0.0;0.0;0.0;12.87;11.66
0.0;0.0;0.0;12.65;11.52
0.0;0.0;0.0;12.0;10.34
0.0;0.0;0.0;11.48;10.0
0.0;0.0;0.0;10.29;9.03
0.0;0.0;0.0;9.75;9.31
0.0;0.0;0.0;9.19;9.93
0.0;0.0;0.0;8.25;9.38
0.0;0.0;0.0;7.51;8.83
0.0;0.0;0.0;7.81;8.28
92.0;260.61;54.0;7.58;7.79
154.0;116.28;122.0;8.0;6.9
249.0;201.01;174.0;8.87;8.69
391.0;591.4;135.0;9.56;8.28
365.0;399.65;185.0;10.62;8.14
241.0;96.58;200.0;10.8;8.41
98.0;0.0;98.0;9.38;7.86
38.0;0.0;38.0;9.86;8.34
36.0;8.49;35.0;9.17;8.55
0.0;0.0;0.0;8.71;7.38
0.0;0.0;0.0;8.15;8.14
0.0;0.0;0.0;8.99;8.76
0.0;0.0;0.0;8.62;8.62
0.0;0.0;0.0;7.6;9.03
0.0;0.0;0.0;6.94;7.31
0.0;0.0;0.0;6.67;7.52
0.0;0.0;0.0;6.29;7.24
0.0;0.0;0.0;5.88;7.24
0.0;0.0;0.0;5.69;7.52
0.0;0.0;0.0;5.48;7.72
0.0;0.0;0.0;5.35;7.52
0.0;0.0;0.0;5.19;7.17
0.0;0.0;0.0;5.07;6.83
0.0;0.0;0.0;5.44;5.93
99.0;285.94;56.0;5.44;5.93
260.0;703.64;63.0;6.09;5.79
352.0;658.65;103.0;6.63;7.45
399.0;589.16;141.0;7.44;7.79
445.0;735.47;110.0;7.99;8.07
244.0;90.78;205.0;8.12;8.07
275.0;325.99;157.0;7.94;7.93
20.0;0.0;20.0;7.77;8.14
70.0;204.02;45.0;7.22;7.52
0.0;0.0;0.0;6.67;7.03
0.0;0.0;0.0;6.05;6.07
0.0;0.0;0.0;5.28;5.45
0.0;0.0;0.0;5.01;5.03
0.0;0.0;0.0;4.59;4.83
0.0;0.0;0.0;4.14;4.76
0.0;0.0;0.0;3.73;4.76
0.0;0.0;0.0;3.53;4.83
0.0;0.0;0.0;3.44;4.97
0.0;0.0;0.0;3.44;5.03
0.0;0.0;0.0;3.75;5.03
0.0;0.0;0.0;3.95;5.17
0.0;0.0;0.0;4.0;5.03
0.0;0.0;0.0;3.86;5.1
0.0;0.0;0.0;3.8;4.97
102.0;283.82;58.0;3.97;5.1
255.0;639.01;73.0;4.91;4.41
362.0;697.05;95.0;6.31;5.93
412.0;634.3;131.0;7.56;6.9
248.0;67.3;217.0;8.32;6.28
364.0;441.67;172.0;8.85;5.79
330.0;602.17;109.0;9.07;5.17
172.0;217.44;115.0;9.0;4.69
63.0;110.02;49.0;8.2;3.17
0.0;0.0;0.0;7.46;2.83
0.0;0.0;0.0;6.59;2.55
0.0;0.0;0.0;5.85;2.62
0.0;0.0;0.0;5.18;2.83
0.0;0.0;0.0;4.62;3.1
0.0;0.0;0.0;4.61;3.38
0.0;0.0;0.0;4.75;3.59
0.0;0.0;0.0;4.95;3.93
0.0;0.0;0.0;4.77;4.28
0.0;0.0;0.0;5.04;4.55
0.0;0.0;0.0;5.41;5.1
0.0;0.0;0.0;5.78;5.86
0.0;0.0;0.0;5.69;6.28
0.0;0.0;0.0;5.73;6.76
0.0;0.0;0.0;6.43;7.79
21.0;0.0;21.0;6.84;8.34
129.0;34.51;119.0;8.05;8.28
232.0;126.26;183.0;9.45;7.79
446.0;798.82;88.0;9.81;7.66
447.0;712.73;115.0;10.42;7.1
309.0;229.62;208.0;10.84;7.59
103.0;0.0;103.0;11.34;9.17
134.0;71.14;115.0;10.18;9.17
31.0;0.0;31.0;8.74;9.1
0.0;0.0;0.0;8.46;7.59
0.0;0.0;0.0;8.3;6.76
0.0;0.0;0.0;7.95;6.76
0.0;0.0;0.0;8.05;6.55
0.0;0.0;0.0;8.08;6.21
0.0;0.0;0.0;7.89;5.52
0.0;0.0;0.0;7.77;4.9
0.0;0.0;0.0;7.5;4.34
0.0;0.0;0.0;7.47;4.07
0.0;0.0;0.0;7.75;3.93
0.0;0.0;0.0;7.97;3.66
0.0;0.0;0.0;8.2;3.66
0.0;0.0;0.0;8.32;3.66
0.0;0.0;0.0;8.24;3.59
0.0;0.0;0.0;8.22;3.45
79.0;79.0;66.0;8.33;3.1
185.0;176.44;133.0;8.83;3.03
162.0;17.8;155.0;9.37;3.72
156.0;2.21;155.0;9.84;3.59
138.0;0.0;138.0;10.42;3.31
227.0;53.93;203.0;10.88;3.1
258.0;217.41;176.0;11.36;3.24
214.0;426.47;98.0;11.46;3.45
74.0;153.57;53.0;11.14;2.97
0.0;0.0;0.0;10.13;2.9
0.0;0.0;0.0;9.27;3.03
0.0;0.0;0.0;8.91;3.1
0.0;0.0;0.0;8.6;3.17
0.0;0.0;0.0;8.27;3.17
0.0;0.0;0.0;7.88;3.17
0.0;0.0;0.0;7.35;3.24
0.0;0.0;0.0;7.04;3.24
0.0;0.0;0.0;6.86;3.38
0.0;0.0;0.0;6.63;3.45
0.0;0.0;0.0;6.56;3.59
0.0;0.0;0.0;6.81;3.72
0.0;0.0;0.0;6.94;3.66
0.0;0.0;0.0;7.08;3.66
0.0;0.0;0.0;8.49;4.28
107.0;247.89;65.0;8.9;4.55
185.0;170.14;134.0;9.65;4.14
229.0;107.93;186.0;10.58;5.1
452.0;787.18;91.0;11.81;6.69
455.0;715.95;114.0;12.38;6.07
380.0;470.84;168.0;13.16;6.21
225.0;122.95;178.0;13.61;6.21
147.0;93.88;121.0;13.42;5.17
32.0;0.0;32.0;13.03;5.52
0.0;0.0;0.0;12.79;6.07
0.0;0.0;0.0;12.73;6.41
0.0;0.0;0.0;11.64;6.62
0.0;0.0;0.0;11.31;6.97
0.0;0.0;0.0;11.45;7.24
0.0;0.0;0.0;11.82;7.52
0.0;0.0;0.0;12.02;7.45
0.0;0.0;0.0;12.11;7.66
0.0;0.0;0.0;11.77;7.66
0.0;0.0;0.0;11.14;7.59
0.0;0.0;0.0;11.21;7.79
0.0;0.0;0.0;11.39;8.0
0.0;0.0;0.0;12.08;8.0
0.0;0.0;0.0;12.6;7.86
0.0;0.0;0.0;13.12;8.28
60.0;17.2;57.0;13.24;8.48
153.0;72.16;131.0;13.8;8.83
253.0;163.52;187.0;14.37;9.24
145.0;2.16;144.0;14.56;9.45
139.0;0.0;139.0;14.93;8.62
345.0;329.31;195.0;15.47;9.45
299.0;379.46;152.0;15.79;10.07
107.0;17.73;102.0;16.01;10.14
22.0;0.0;22.0;15.99;10.0
0.0;0.0;0.0;15.99;10.07
0.0;0.0;0.0;15.86;10.07
0.0;0.0;0.0;14.22;9.1
0.0;0.0;0.0;12.49;7.03
0.0;0.0;0.0;10.59;6.0
0.0;0.0;0.0;9.22;5.86
0.0;0.0;0.0;8.47;5.59
0.0;0.0;0.0;8.13;5.38
0.0;0.0;0.0;8.25;5.1
0.0;0.0;0.0;8.21;4.69
0.0;0.0;0.0;8.14;4.28
0.0;0.0;0.0;8.06;4.0
0.0;0.0;0.0;7.93;3.86
0.0;0.0;0.0;7.83;4.0
0.0;0.0;0.0;7.81;4.34
82.0;66.89;70.0;8.12;4.9
286.0;693.46;71.0;8.61;5.24
382.0;677.44;105.0;9.26;5.45
358.0;311.16;212.0;10.01;5.86
420.0;484.69;184.0;11.11;6.21
343.0;284.32;212.0;11.55;6.41
361.0;652.16;105.0;10.6;7.1
235.0;487.95;95.0;10.44;6.0
80.0;139.0;59.0;10.3;5.79
0.0;0.0;0.0;9.56;6.07
0.0;0.0;0.0;8.88;5.66
0.0;0.0;0.0;7.8;4.76
0.0;0.0;0.0;7.49;4.83
0.0;0.0;0.0;6.95;4.97
0.0;0.0;0.0;6.46;4.9
0.0;0.0;0.0;6.07;4.83
0.0;0.0;0.0;5.77;4.76
0.0;0.0;0.0;5.48;4.62
0.0;0.0;0.0;5.34;4.55
0.0;0.0;0.0;4.96;4.34
0.0;0.0;0.0;4.61;4.28
0.0;0.0;0.0;4.35;4.21
0.0;0.0;0.0;4.23;4.14
3.0;0.0;3.0;3.71;3.93
130.0;336.07;68.0;4.23;4.0
288.0;669.27;77.0;5.72;4.48
417.0;823.23;76.0;7.62;6.28
452.0;682.7;128.0;8.75;6.48
267.0;69.07;233.0;9.44;6.28
313.0;186.68;226.0;10.08;6.14
261.0;181.04;189.0;10.29;5.86
219.0;346.0;118.0;10.09;5.03
84.0;141.14;62.0;9.94;4.62
0.0;0.0;0.0;8.83;4.0
0.0;0.0;0.0;7.72;4.14
0.0;0.0;0.0;8.07;4.97
0.0;0.0;0.0;7.84;5.45
0.0;0.0;0.0;7.9;6.14
0.0;0.0;0.0;7.53;6.48
0.0;0.0;0.0;7.51;6.9
0.0;0.0;0.0;7.55;6.9
0.0;0.0;0.0;7.08;7.24
0.0;0.0;0.0;6.79;6.76
0.0;0.0;0.0;6.34;5.45
0.0;0.0;0.0;5.48;5.38
0.0;0.0;0.0;5.14;4.76
0.0;0.0;0.0;4.81;4.21
3.0;0.0;3.0;4.46;3.79
109.0;158.2;79.0;4.64;3.52
260.0;452.34;115.0;5.78;3.31
280.0;193.04;199.0;7.21;5.17
291.0;122.92;232.0;8.42;5.1
278.0;82.39;237.0;9.21;5.45
234.0;46.68;212.0;9.36;5.31
313.0;354.95;170.0;9.11;4.28
123.0;23.58;116.0;8.9;2.97
71.0;62.24;61.0;8.78;2.21
0.0;0.0;0.0;8.53;2.76
0.0;0.0;0.0;8.43;3.1
0.0;0.0;0.0;8.11;3.52
0.0;0.0;0.0;8.18;3.72
0.0;0.0;0.0;8.05;3.79
0.0;0.0;0.0;7.87;3.86
0.0;0.0;0.0;7.76;4.0
0.0;0.0;0.0;7.45;4.14
0.0;0.0;0.0;7.22;4.14
0.0;0.0;0.0;7.07;4.07
0.0;0.0;0.0;7.06;4.21
0.0;0.0;0.0;7.17;4.28
0.0;0.0;0.0;7.36;4.34
0.0;0.0;0.0;7.49;4.48
2.0;0.0;2.0;7.74;4.48
66.0;10.26;64.0;7.96;4.76
81.0;0.0;81.0;8.48;6.21
92.0;0.0;92.0;9.39;6.48
124.0;0.0;124.0;10.06;6.69
99.0;0.0;99.0;10.51;6.76
70.0;0.0;70.0;11.27;7.24
255.0;147.04;195.0;11.54;7.31
138.0;39.75;126.0;11.57;7.03
50.0;6.04;49.0;11.19;7.03
0.0;0.0;0.0;10.72;7.24
0.0;0.0;0.0;8.95;7.38
0.0;0.0;0.0;7.77;6.07
0.0;0.0;0.0;6.64;4.9
0.0;0.0;0.0;5.92;4.62
0.0;0.0;0.0;5.26;4.0
0.0;0.0;0.0;4.55;3.45
0.0;0.0;0.0;3.86;3.24
0.0;0.0;0.0;3.41;3.17
0.0;0.0;0.0;2.96;3.17
0.0;0.0;0.0;2.84;3.03
0.0;0.0;0.0;2.53;2.9
0.0;0.0;0.0;2.72;2.69
0.0;0.0;0.0;2.39;2.62
11.0;21.78;10.0;1.99;2.76
155.0;454.71;64.0;2.9;2.62
303.0;673.12;80.0;4.97;3.17
417.0;748.02;95.0;6.79;3.52
506.0;863.72;82.0;7.87;3.79
441.0;483.8;195.0;9.19;4.55
363.0;290.47;223.0;9.64;4.48
259.0;150.03;197.0;9.67;4.62
157.0;71.68;135.0;9.52;4.55
85.0;93.96;69.0;9.18;3.86
0.0;0.0;0.0;8.62;3.45
0.0;0.0;0.0;8.01;3.17
0.0;0.0;0.0;6.98;3.31
0.0;0.0;0.0;6.5;3.59
0.0;0.0;0.0;5.89;3.72
0.0;0.0;0.0;5.33;3.79
0.0;0.0;0.0;4.84;3.59
0.0;0.0;0.0;4.43;3.45
0.0;0.0;0.0;3.92;3.59
0.0;0.0;0.0;3.72;3.72
0.0;0.0;0.0;3.63;3.86
0.0;0.0;0.0;3.59;4.14
0.0;0.0;0.0;3.58;4.34
0.0;0.0;0.0;3.61;4.34
7.0;0.0;7.0;4.19;4.48
109.0;116.81;85.0;5.1;4.83
276.0;472.19;117.0;6.51;5.1
402.0;653.72;117.0;8.23;5.79
486.0;769.54;104.0;9.75;6.07
396.0;323.01;230.0;10.88;6.14
291.0;116.96;234.0;11.89;6.28
113.0;0.0;113.0;12.21;6.34
40.0;0.0;40.0;11.67;5.31
12.0;0.0;12.0;11.56;5.24
0.0;0.0;0.0;11.41;5.1
0.0;0.0;0.0;11.21;5.03
0.0;0.0;0.0;10.82;5.03
0.0;0.0;0.0;10.61;5.03
0.0;0.0;0.0;10.38;4.9
0.0;0.0;0.0;10.17;4.97
0.0;0.0;0.0;10.06;5.17
0.0;0.0;0.0;9.95;5.17
0.0;0.0;0.0;9.91;5.24
0.0;0.0;0.0;9.84;5.38
0.0;0.0;0.0;9.86;5.52
0.0;0.0;0.0;9.98;5.93
0.0;0.0;0.0;10.12;6.41
0.0;0.0;0.0;10.35;6.62
4.0;0.0;4.0;9.63;6.69
23.0;0.0;23.0;9.8;6.97
75.0;0.0;75.0;9.99;7.24
200.0;31.71;186.0;10.47;6.69
131.0;0.0;131.0;10.92;7.86
81.0;0.0;81.0;11.39;7.17
146.0;0.0;146.0;12.11;7.66
45.0;0.0;45.0;12.52;7.59
29.0;0.0;29.0;12.76;6.9
70.0;33.35;64.0;12.85;6.62
0.0;0.0;0.0;12.77;6.21
0.0;0.0;0.0;12.73;5.72
0.0;0.0;0.0;12.05;5.72
0.0;0.0;0.0;11.86;5.1
0.0;0.0;0.0;11.7;4.48
0.0;0.0;0.0;11.52;4.21
0.0;0.0;0.0;11.35;4.0
0.0;0.0;0.0;11.17;3.93
0.0;0.0;0.0;11.05;3.93
0.0;0.0;0.0;10.97;3.93
0.0;0.0;0.0;10.84;4.0
0.0;0.0;0.0;10.72;4.14
0.0;0.0;0.0;10.62;4.41
0.0;0.0;0.0;10.55;4.76
5.0;0.0;5.0;10.31;4.9
57.0;0.0;57.0;10.31;5.1
143.0;20.13;136.0;10.53;6.28
122.0;0.0;122.0;10.82;6.55
200.0;9.85;195.0;11.09;6.76
162.0;0.0;162.0;11.5;7.52
170.0;2.01;169.0;11.73;7.72
174.0;16.32;167.0;11.69;7.38
85.0;0.0;85.0;11.66;6.41
45.0;0.0;45.0;11.54;6.07
0.0;0.0;0.0;11.07;6.34
0.0;0.0;0.0;10.59;6.34
0.0;0.0;0.0;10.46;6.55
0.0;0.0;0.0;10.11;6.41
0.0;0.0;0.0;9.85;6.21
0.0;0.0;0.0;9.65;6.0
0.0;0.0;0.0;9.4;5.72
0.0;0.0;0.0;9.07;5.45
0.0;0.0;0.0;8.84;5.45
0.0;0.0;0.0;8.78;5.31
0.0;0.0;0.0;8.81;5.17
0.0;0.0;0.0;8.81;4.97
0.0;0.0;0.0;8.8;4.28
0.0;0.0;0.0;8.34;5.03
18.0;14.92;17.0;7.97;4.62
175.0;482.42;68.0;7.19;4.41
317.0;628.32;95.0;7.64;3.79
442.0;770.99;93.0;8.78;5.45
255.0;44.83;232.0;8.83;5.45
447.0;441.22;213.0;8.91;5.45
404.0;375.44;215.0;9.73;5.93
427.0;787.95;85.0;10.06;6.41
26.0;0.0;26.0;10.09;7.03
86.0;58.04;75.0;8.48;6.62
2.0;0.0;2.0;7.65;6.21
0.0;0.0;0.0;6.89;5.72
0.0;0.0;0.0;6.36;5.86
0.0;0.0;0.0;5.68;6.83
0.0;0.0;0.0;5.13;6.41
0.0;0.0;0.0;4.56;6.28
0.0;0.0;0.0;4.03;6.41
0.0;0.0;0.0;3.78;6.69
0.0;0.0;0.0;3.69;6.9
0.0;0.0;0.0;3.02;6.62
0.0;0.0;0.0;2.73;6.48
0.0;0.0;0.0;2.36;6.34
0.0;0.0;0.0;2.15;6.14
0.0;0.0;0.0;1.93;5.79
19.0;13.8;18.0;2.73;5.93
202.0;651.0;54.0;3.31;5.72
333.0;671.43;92.0;4.24;5.86
372.0;386.22;195.0;5.3;5.93
420.0;364.42;231.0;6.24;6.28
419.0;315.39;250.0;7.07;6.55
534.0;888.42;82.0;7.44;6.41
432.0;767.24;95.0;7.71;6.21
308.0;686.76;80.0;7.74;6.21
153.0;478.54;60.0;6.6;6.21
5.0;0.0;5.0;5.86;5.59
0.0;0.0;0.0;5.11;4.69
0.0;0.0;0.0;4.26;4.07
0.0;0.0;0.0;3.69;3.72
0.0;0.0;0.0;3.15;3.45
0.0;0.0;0.0;2.68;3.24
0.0;0.0;0.0;2.38;3.24
0.0;0.0;0.0;2.54;3.17
0.0;0.0;0.0;2.67;3.17
0.0;0.0;0.0;2.92;3.31
0.0;0.0;0.0;3.1;3.59
0.0;0.0;0.0;3.31;4.07
0.0;0.0;0.0;3.51;4.48
0.0;0.0;0.0;3.59;5.24
6.0;0.0;6.0;3.89;6.62
50.0;0.0;50.0;3.72;6.97
78.0;0.0;78.0;5.09;6.69
199.0;19.4;190.0;7.46;6.9
280.0;62.95;247.0;9.49;7.86
58.0;0.0;58.0;10.58;9.45
220.0;17.5;211.0;9.12;9.24
85.0;0.0;85.0;7.68;7.72
174.0;71.22;150.0;7.51;7.93
71.0;15.06;68.0;6.98;8.14
4.0;0.0;4.0;6.17;7.03
0.0;0.0;0.0;5.58;6.0
0.0;0.0;0.0;5.29;5.03
0.0;0.0;0.0;4.82;4.14
0.0;0.0;0.0;4.12;3.17
0.0;0.0;0.0;3.19;2.83
0.0;0.0;0.0;2.53;2.9
0.0;0.0;0.0;2.1;2.76
0.0;0.0;0.0;1.66;2.55
0.0;0.0;0.0;1.06;2.28
0.0;0.0;0.0;0.53;2.21
0.0;0.0;0.0;0.53;2.28
0.0;0.0;0.0;0.76;2.34
0.0;0.0;0.0;1.08;2.62
12.0;0.0;12.0;1.11;2.69
86.0;12.58;83.0;2.36;2.9
136.0;8.1;133.0;4.13;3.72
227.0;40.46;208.0;5.29;4.28
388.0;258.56;251.0;6.32;4.97
139.0;0.0;139.0;7.11;5.31
111.0;0.0;111.0;7.6;5.59
64.0;0.0;64.0;7.32;6.0
54.0;0.0;54.0;7.33;5.86
53.0;0.0;53.0;8.85;6.13
4.0;0.0;4.0;8.86;6.06
0.0;0.0;0.0;8.87;6.0
0.0;0.0;0.0;8.89;5.93
0.0;0.0;0.0;8.9;5.86
0.0;0.0;0.0;8.91;5.79
0.0;0.0;0.0;8.92;5.73
0.0;0.0;0.0;8.94;5.66
0.0;0.0;0.0;8.95;5.59
0.0;0.0;0.0;8.96;5.52
0.0;0.0;0.0;8.97;5.46
0.0;0.0;0.0;8.98;5.39
0.0;0.0;0.0;9.0;5.32
0.0;0.0;0.0;9.01;5.25
0.0;0.0;0.0;9.02;5.19
42.0;134.7;30.0;9.03;5.12
77.0;4.09;76.0;8.74;4.14
136.0;7.98;133.0;9.33;3.52
76.0;0.0;76.0;10.12;3.45
136.0;0.0;136.0;10.9;3.17
55.0;0.0;55.0;11.37;2.83
46.0;0.0;46.0;11.73;2.83
100.0;0.0;100.0;11.81;2.76
158.0;37.47;145.0;11.89;2.83
44.0;0.0;44.0;11.71;2.48
9.0;0.0;9.0;11.14;1.86
0.0;0.0;0.0;10.54;1.59
0.0;0.0;0.0;9.58;1.31
0.0;0.0;0.0;9.23;1.31
0.0;0.0;0.0;9.04;1.38
0.0;0.0;0.0;8.96;1.66
0.0;0.0;0.0;8.91;2.07
0.0;0.0;0.0;8.83;2.62
0.0;0.0;0.0;8.85;3.31
0.0;0.0;0.0;8.6;3.38
0.0;0.0;0.0;8.19;3.24
0.0;0.0;0.0;7.91;3.45
0.0;0.0;0.0;7.81;3.72
0.0;0.0;0.0;7.57;3.93
34.0;42.23;30.0;7.4;3.93
82.0;8.0;80.0;7.5;3.38
157.0;20.96;149.0;8.22;2.55
218.0;29.1;204.0;9.78;4.0
240.0;22.18;228.0;11.17;5.59
104.0;0.0;104.0;12.49;5.24
146.0;0.0;146.0;12.83;4.97
130.0;0.0;130.0;12.81;4.21
125.0;8.52;122.0;12.78;4.14
78.0;18.74;74.0;12.66;4.0
18.0;74.01;14.0;12.13;3.79
0.0;0.0;0.0;11.06;3.79
0.0;0.0;0.0;10.27;4.07
0.0;0.0;0.0;9.73;4.28
0.0;0.0;0.0;9.28;4.69
0.0;0.0;0.0;8.86;5.1
0.0;0.0;0.0;8.65;5.31
0.0;0.0;0.0;8.93;5.17
0.0;0.0;0.0;9.47;5.17
0.0;0.0;0.0;9.8;5.24
0.0;0.0;0.0;10.01;5.24
0.0;0.0;0.0;10.19;5.24
0.0;0.0;0.0;10.21;5.31
0.0;0.0;0.0;10.17;5.52
25.0;9.96;24.0;10.8;5.66
48.0;0.0;48.0;10.94;5.79
168.0;28.39;157.0;11.05;6.07
72.0;0.0;72.0;11.45;5.79
94.0;0.0;94.0;11.97;7.93
94.0;0.0;94.0;13.29;9.17
249.0;31.74;232.0;14.22;9.1
88.0;0.0;88.0;14.52;7.38
135.0;14.01;130.0;14.13;7.03
22.0;0.0;22.0;13.92;6.69
7.0;0.0;7.0;13.94;6.62
0.0;0.0;0.0;13.98;6.9
0.0;0.0;0.0;13.19;6.97
0.0;0.0;0.0;12.95;6.97
0.0;0.0;0.0;12.86;6.48
0.0;0.0;0.0;13.12;7.03
0.0;0.0;0.0;11.96;8.28
0.0;0.0;0.0;11.61;9.24
0.0;0.0;0.0;11.58;8.48
0.0;0.0;0.0;11.38;8.83
0.0;0.0;0.0;11.06;9.86
0.0;0.0;0.0;9.78;9.79
0.0;0.0;0.0;9.03;9.38
0.0;0.0;0.0;8.35;9.59
43.0;65.96;36.0;8.76;9.59
47.0;0.0;47.0;8.83;9.79
32.0;0.0;32.0;8.54;9.52
251.0;52.79;225.0;8.68;9.1
98.0;0.0;98.0;8.46;9.03
283.0;42.18;259.0;7.6;7.79
219.0;11.09;213.0;7.14;6.28
79.0;0.0;79.0;8.13;6.48
302.0;480.86;128.0;8.9;6.69
68.0;4.48;67.0;8.46;7.38
26.0;110.76;19.0;7.77;6.34
0.0;0.0;0.0;7.17;5.17
0.0;0.0;0.0;7.32;4.9
0.0;0.0;0.0;7.18;4.9
0.0;0.0;0.0;6.78;5.03
0.0;0.0;0.0;6.49;5.1
0.0;0.0;0.0;5.99;5.03
0.0;0.0;0.0;5.61;5.17
0.0;0.0;0.0;5.27;5.03
0.0;0.0;0.0;5.04;4.9
0.0;0.0;0.0;4.97;5.17
0.0;0.0;0.0;5.13;5.59
0.0;0.0;0.0;5.54;5.72
0.0;0.0;0.0;5.96;5.72
34.0;17.87;32.0;6.18;5.59
93.0;11.22;90.0;6.5;5.45
116.0;0.0;116.0;6.64;5.17
154.0;0.0;154.0;6.83;4.97
158.0;0.0;158.0;7.37;4.07
97.0;0.0;97.0;7.81;3.45
243.0;23.8;230.0;8.43;3.1
336.0;237.68;223.0;9.13;3.31
174.0;46.35;157.0;9.61;3.38
118.0;96.6;96.0;9.94;3.31
26.0;73.78;21.0;9.88;3.1
0.0;0.0;0.0;9.32;3.03
0.0;0.0;0.0;9.05;3.31
0.0;0.0;0.0;8.67;3.66
0.0;0.0;0.0;8.34;3.79
0.0;0.0;0.0;7.88;3.86
0.0;0.0;0.0;7.76;4.21
0.0;0.0;0.0;7.75;4.62
0.0;0.0;0.0;7.8;5.03
0.0;0.0;0.0;7.94;5.24
0.0;0.0;0.0;8.04;5.03
0.0;0.0;0.0;7.84;4.62
0.0;0.0;0.0;7.92;4.9
0.0;0.0;0.0;7.98;4.97
36.0;16.99;34.0;8.95;4.55
44.0;0.0;44.0;9.92;4.69
54.0;0.0;54.0;11.25;4.62
74.0;0.0;74.0;12.19;5.31
85.0;0.0;85.0;12.85;5.52
66.0;0.0;66.0;13.58;5.66
92.0;0.0;92.0;12.81;5.45
158.0;2.08;157.0;13.4;5.79
136.0;10.76;132.0;13.07;5.1
32.0;0.0;32.0;12.24;4.48
12.0;0.0;12.0;11.89;3.86
0.0;0.0;0.0;11.46;3.93
0.0;0.0;0.0;11.3;4.07
0.0;0.0;0.0;11.22;4.28
0.0;0.0;0.0;11.09;4.69
0.0;0.0;0.0;10.97;4.62
0.0;0.0;0.0;10.94;4.69
0.0;0.0;0.0;10.61;5.1
0.0;0.0;0.0;10.14;6.76
0.0;0.0;0.0;9.07;6.21
0.0;0.0;0.0;8.62;6.07
0.0;0.0;0.0;8.28;6.69
0.0;0.0;0.0;7.71;6.21
0.0;0.0;0.0;7.35;4.83
84.0;380.45;37.0;6.88;5.52
235.0;551.94;81.0;7.3;5.38
178.0;24.34;168.0;8.18;8.41
373.0;264.81;238.0;9.02;8.41
321.0;82.55;274.0;9.89;8.28
295.0;46.12;268.0;10.74;7.79
269.0;37.71;248.0;11.13;7.59
367.0;304.75;219.0;11.34;7.38
246.0;191.18;174.0;11.36;7.1
31.0;0.0;31.0;10.5;6.48
37.0;156.11;25.0;9.73;6.21
0.0;0.0;0.0;8.88;5.72
0.0;0.0;0.0;8.52;5.38
0.0;0.0;0.0;8.14;5.17
0.0;0.0;0.0;7.54;5.1
0.0;0.0;0.0;7.02;4.97
0.0;0.0;0.0;6.59;4.83
0.0;0.0;0.0;6.22;4.69
0.0;0.0;0.0;6.04;4.55
0.0;0.0;0.0;5.93;4.41
0.0;0.0;0.0;5.58;4.21
0.0;0.0;0.0;5.2;4.0
0.0;0.0;0.0;4.83;3.79
0.0;0.0;0.0;4.36;3.59
81.0;285.92;44.0;4.55;3.59
237.0;515.96;90.0;5.71;3.24
381.0;626.47;120.0;7.69;3.79
461.0;541.14;182.0;9.44;4.69
407.0;217.38;282.0;10.54;4.62
326.0;71.08;284.0;11.48;5.24
454.0;362.89;250.0;11.86;5.59
345.0;224.16;235.0;11.98;5.52
144.0;10.49;140.0;11.63;4.76
118.0;70.29;101.0;11.03;4.55
22.0;12.28;21.0;9.94;3.66
0.0;0.0;0.0;9.25;3.93
0.0;0.0;0.0;9.08;4.55
0.0;0.0;0.0;8.99;5.24
0.0;0.0;0.0;8.79;5.79
0.0;0.0;0.0;8.59;6.14
0.0;0.0;0.0;8.19;6.48
0.0;0.0;0.0;8.04;6.83
0.0;0.0;0.0;8.21;7.03
0.0;0.0;0.0;8.72;6.76
0.0;0.0;0.0;9.24;6.0
0.0;0.0;0.0;9.64;5.17
0.0;0.0;0.0;9.72;4.41
0.0;0.0;0.0;9.64;4.0
28.0;0.0;28.0;9.69;4.14
70.0;0.0;70.0;10.14;4.62
130.0;2.37;129.0;10.39;4.62
76.0;0.0;76.0;10.25;5.24
286.0;39.61;263.0;10.68;6.76
114.0;0.0;114.0;11.39;7.59
311.0;72.26;270.0;11.94;7.38
325.0;173.46;239.0;12.6;6.07
285.0;305.43;167.0;13.16;6.28
92.0;16.22;88.0;13.55;5.72
8.0;0.0;8.0;12.92;4.76
0.0;0.0;0.0;12.32;4.28
0.0;0.0;0.0;11.79;4.07
0.0;0.0;0.0;11.49;3.1
0.0;0.0;0.0;10.91;1.93
0.0;0.0;0.0;10.4;2.07
0.0;0.0;0.0;10.55;2.83
0.0;0.0;0.0;10.83;4.48
0.0;0.0;0.0;11.1;5.66
0.0;0.0;0.0;11.33;6.9
0.0;0.0;0.0;11.64;7.03
0.0;0.0;0.0;11.41;7.79
0.0;0.0;0.0;10.9;7.59
0.0;0.0;0.0;10.62;7.45
19.0;0.0;19.0;10.71;8.41
252.0;556.03;87.0;11.18;8.55
398.0;672.33;110.0;11.74;9.45
459.0;502.73;194.0;12.08;9.79
459.0;327.49;267.0;12.06;9.79
349.0;91.39;294.0;12.41;9.66
535.0;625.14;177.0;12.38;9.52
414.0;421.31;203.0;11.75;9.03
330.0;493.38;137.0;11.01;8.62
184.0;358.28;94.0;10.3;7.66
49.0;221.16;29.0;9.51;6.76
0.0;0.0;0.0;8.56;5.86
0.0;0.0;0.0;7.69;5.31
0.0;0.0;0.0;7.02;4.83
0.0;0.0;0.0;6.55;4.9
0.0;0.0;0.0;6.39;5.45
0.0;0.0;0.0;6.18;5.66
0.0;0.0;0.0;5.99;5.79
0.0;0.0;0.0;5.63;5.52
0.0;0.0;0.0;5.05;5.38
0.0;0.0;0.0;4.65;5.52
0.0;0.0;0.0;4.41;5.86
0.0;0.0;0.0;3.78;6.28
0.0;0.0;0.0;3.11;6.28
92.0;258.18;54.0;3.72;5.79
270.0;624.41;81.0;4.69;5.52
416.0;711.58;107.0;5.6;5.72
503.0;638.03;163.0;6.92;6.14
547.0;576.12;206.0;8.1;6.83
444.0;238.78;299.0;8.75;7.24
447.0;301.09;273.0;9.25;6.97
430.0;446.78;204.0;9.34;6.76
320.0;404.05;160.0;9.24;6.34
228.0;641.03;64.0;8.94;6.07
43.0;105.34;33.0;8.26;4.62
0.0;0.0;0.0;7.09;3.24
0.0;0.0;0.0;5.83;2.34
0.0;0.0;0.0;4.94;2.21
0.0;0.0;0.0;4.15;2.21
0.0;0.0;0.0;3.33;2.34
0.0;0.0;0.0;2.84;2.41
0.0;0.0;0.0;3.1;2.55
0.0;0.0;0.0;3.24;3.03
0.0;0.0;0.0;3.46;3.38
0.0;0.0;0.0;3.63;3.38
0.0;0.0;0.0;4.0;3.52
0.0;0.0;0.0;4.15;4.14
0.0;0.0;0.0;4.29;4.48
91.0;215.47;58.0;5.62;5.24
189.0;165.24;138.0;6.55;5.24
367.0;449.87;169.0;7.63;5.72
488.0;566.23;183.0;8.95;6.69
549.0;577.41;204.0;10.19;7.24
456.0;262.79;295.0;11.24;7.79
315.0;65.17;277.0;11.65;7.93
298.0;101.8;246.0;11.66;7.31
96.0;0.0;96.0;11.72;7.24
19.0;0.0;19.0;11.75;8.0
18.0;0.0;18.0;11.32;8.41
0.0;0.0;0.0;8.11;8.83
0.0;0.0;0.0;5.85;6.55
0.0;0.0;0.0;4.9;5.31
0.0;0.0;0.0;4.67;5.24
0.0;0.0;0.0;4.95;5.38
0.0;0.0;0.0;5.04;5.52
0.0;0.0;0.0;4.71;5.66
0.0;0.0;0.0;4.62;5.86
0.0;0.0;0.0;4.59;5.86
0.0;0.0;0.0;4.53;5.86
0.0;0.0;0.0;4.43;5.79
0.0;0.0;0.0;4.3;5.72
0.0;0.0;0.0;4.35;5.79
112.0;370.74;53.0;4.61;5.86
259.0;476.79;109.0;5.52;5.1
419.0;672.64;119.0;7.26;8.69
446.0;385.75;236.0;8.1;8.62
285.0;29.85;267.0;8.84;7.31
485.0;313.9;291.0;10.1;7.31
394.0;169.99;294.0;10.96;7.24
470.0;575.81;173.0;10.75;7.59
311.0;335.35;175.0;9.08;7.1
198.0;362.19;102.0;9.33;6.07
57.0;192.53;37.0;9.03;6.34
0.0;0.0;0.0;8.16;6.07
0.0;0.0;0.0;7.4;5.72
0.0;0.0;0.0;7.07;5.24
0.0;0.0;0.0;6.77;4.9
0.0;0.0;0.0;6.47;4.62
0.0;0.0;0.0;6.25;4.34
0.0;0.0;0.0;5.81;4.28
0.0;0.0;0.0;6.01;4.48
0.0;0.0;0.0;6.18;4.62
0.0;0.0;0.0;6.52;4.9
0.0;0.0;0.0;6.73;5.17
0.0;0.0;0.0;6.89;5.59
0.0;0.0;0.0;6.98;5.86
29.0;0.0;29.0;7.01;6.41
82.0;0.0;82.0;7.05;7.03
81.0;0.0;81.0;7.24;7.52
108.0;0.0;108.0;7.7;8.0
177.0;0.0;177.0;8.24;8.48
285.0;25.67;269.0;8.78;8.41
102.0;0.0;102.0;9.36;8.14
125.0;0.0;125.0;9.94;7.86
158.0;12.19;153.0;10.38;7.93
100.0;14.83;96.0;10.58;7.79
22.0;0.0;22.0;10.72;7.66
0.0;0.0;0.0;10.75;7.72
0.0;0.0;0.0;10.46;6.83
0.0;0.0;0.0;10.4;5.93
0.0;0.0;0.0;10.13;5.38
0.0;0.0;0.0;10.17;4.62
0.0;0.0;0.0;10.01;3.79
0.0;0.0;0.0;10.14;4.41
0.0;0.0;0.0;10.34;5.31
0.0;0.0;0.0;10.41;5.86
0.0;0.0;0.0;10.45;6.55
0.0;0.0;0.0;10.43;6.62
0.0;0.0;0.0;10.39;6.69
0.0;0.0;0.0;10.34;6.76
59.0;17.53;56.0;10.36;7.03
85.0;0.0;85.0;10.58;6.9
124.0;0.0;124.0;10.82;7.03
103.0;0.0;103.0;11.57;8.21
102.0;0.0;102.0;12.13;7.66
159.0;0.0;159.0;12.45;7.66
119.0;0.0;119.0;12.65;7.66
81.0;0.0;81.0;12.45;6.9
74.0;0.0;74.0;12.36;6.69
52.0;0.0;52.0;12.07;6.34
24.0;0.0;24.0;11.94;6.21
0.0;0.0;0.0;11.79;5.93
0.0;0.0;0.0;11.97;6.34
0.0;0.0;0.0;11.92;6.07
0.0;0.0;0.0;11.79;5.86
0.0;0.0;0.0;11.65;5.86
0.0;0.0;0.0;11.26;5.72
0.0;0.0;0.0;10.99;5.66
0.0;0.0;0.0;10.54;5.45
0.0;0.0;0.0;10.36;5.38
0.0;0.0;0.0;10.14;5.31
0.0;0.0;0.0;9.96;5.31
0.0;0.0;0.0;9.81;5.31
0.0;0.0;0.0;9.63;5.38
45.0;0.0;45.0;9.23;5.72
92.0;0.0;92.0;9.58;6.55
143.0;0.0;143.0;10.11;7.45
168.0;0.0;168.0;10.81;7.1
213.0;1.61;212.0;11.38;7.45
341.0;61.51;302.0;11.91;7.31
496.0;387.65;262.0;12.36;7.17
495.0;635.23;158.0;13.23;7.59
383.0;633.79;117.0;13.29;7.1
217.0;423.36;99.0;13.2;6.83
69.0;238.91;41.0;12.44;5.93
0.0;0.0;0.0;11.51;5.86
0.0;0.0;0.0;10.72;6.07
0.0;0.0;0.0;9.97;6.14
0.0;0.0;0.0;9.41;6.41
0.0;0.0;0.0;8.76;6.48
0.0;0.0;0.0;8.44;6.48
0.0;0.0;0.0;8.2;6.41
0.0;0.0;0.0;8.31;6.28
0.0;0.0;0.0;8.43;6.34
0.0;0.0;0.0;8.75;6.48
0.0;0.0;0.0;9.03;6.28
0.0;0.0;0.0;8.33;5.66
0.0;0.0;0.0;7.2;4.9
119.0;267.43;70.0;7.21;4.62
215.0;177.26;155.0;7.07;4.34
390.0;434.53;186.0;7.33;5.38
335.0;102.24;277.0;8.59;5.79
587.0;614.2;203.0;9.39;5.59
226.0;3.13;224.0;9.8;5.93
608.0;765.58;142.0;7.57;6.83
522.0;730.34;131.0;8.81;6.28
118.0;0.0;118.0;9.26;6.07
118.0;28.25;110.0;8.34;6.28
46.0;41.12;41.0;7.37;4.55
0.0;0.0;0.0;6.48;4.0
0.0;0.0;0.0;5.7;3.17
0.0;0.0;0.0;5.27;2.83
0.0;0.0;0.0;4.74;3.03
0.0;0.0;0.0;4.49;3.24
0.0;0.0;0.0;4.43;3.52
0.0;0.0;0.0;4.52;3.45
0.0;0.0;0.0;4.32;3.59
0.0;0.0;0.0;4.12;3.66
0.0;0.0;0.0;4.06;3.52
0.0;0.0;0.0;3.87;3.31
0.0;0.0;0.0;3.9;3.17
0.0;0.0;0.0;3.93;2.83
144.0;449.1;59.0;4.29;2.62
315.0;661.93;87.0;5.9;2.83
385.0;393.43;198.0;7.46;3.86
362.0;136.14;284.0;8.76;4.41
512.0;359.93;285.0;9.47;4.48
511.0;327.34;300.0;10.19;4.69
489.0;338.92;281.0;10.47;4.62
417.0;314.71;247.0;10.56;4.34
221.0;62.94;194.0;10.56;4.07
208.0;316.28;117.0;9.8;3.93
89.0;420.66;36.0;8.91;3.03
0.0;0.0;0.0;7.92;2.28
0.0;0.0;0.0;6.86;2.21
0.0;0.0;0.0;5.96;2.14
0.0;0.0;0.0;4.88;2.14
0.0;0.0;0.0;4.01;2.14
0.0;0.0;0.0;3.29;2.0
0.0;0.0;0.0;2.4;1.86
0.0;0.0;0.0;1.68;1.72
0.0;0.0;0.0;1.23;1.59
0.0;0.0;0.0;0.8;1.66
0.0;0.0;0.0;0.55;1.52
0.0;0.0;0.0;0.58;1.31
0.0;0.0;0.0;1.18;0.97
152.0;476.17;59.0;0.35;0.28
320.0;659.23;89.0;2.34;0.34
461.0;704.58;122.0;5.35;0.28
512.0;506.41;219.0;7.27;0.21
468.0;246.81;311.0;8.34;0.21
420.0;141.58;328.0;9.78;0.28
457.0;250.52;302.0;10.41;0.28
384.0;220.2;264.0;10.55;0.28
360.0;442.81;168.0;10.85;0.28
203.0;266.96;125.0;10.82;0.34
74.0;199.44;48.0;10.61;0.48
0.0;0.0;0.0;9.14;1.03
0.0;0.0;0.0;7.12;1.93
0.0;0.0;0.0;5.7;2.07
0.0;0.0;0.0;4.84;1.93
0.0;0.0;0.0;4.54;1.72
0.0;0.0;0.0;4.79;1.45
0.0;0.0;0.0;6.2;0.83
0.0;0.0;0.0;5.82;0.55
0.0;0.0;0.0;4.72;1.03
0.0;0.0;0.0;3.34;1.31
0.0;0.0;0.0;3.36;1.17
0.0;0.0;0.0;3.65;0.97
2.0;0.0;2.0;4.07;0.69
152.0;451.96;61.0;3.88;0.34
222.0;168.37;162.0;6.34;0.14
251.0;59.56;222.0;8.94;0.21
383.0;164.32;287.0;10.63;0.48
455.0;219.79;314.0;11.46;0.76
435.0;166.42;326.0;11.83;0.34
427.0;192.41;307.0;12.1;0.41
254.0;30.92;237.0;12.29;0.97
199.0;34.23;184.0;12.28;0.97
178.0;158.45;131.0;12.11;1.03
94.0;393.41;41.0;11.78;1.1
0.0;0.0;0.0;10.79;1.72
0.0;0.0;0.0;9.22;1.79
0.0;0.0;0.0;7.34;1.86
0.0;0.0;0.0;6.01;2.0
0.0;0.0;0.0;5.18;1.93
0.0;0.0;0.0;4.7;1.86
0.0;0.0;0.0;4.36;1.72
0.0;0.0;0.0;4.24;1.72
0.0;0.0;0.0;4.24;1.79
0.0;0.0;0.0;4.1;1.86
0.0;0.0;0.0;3.72;1.86
0.0;0.0;0.0;3.3;1.93
5.0;0.0;5.0;2.98;2.0
158.0;453.27;64.0;4.06;1.66
324.0;634.85;94.0;7.88;1.72
479.0;757.01;106.0;10.44;2.07
578.0;752.79;134.0;12.3;2.62
638.0;749.73;153.0;13.53;2.9
669.0;813.47;132.0;14.32;3.03
620.0;755.65;145.0;14.75;3.03
537.0;735.88;129.0;15.1;3.31
414.0;695.72;106.0;15.09;3.31
257.0;581.34;82.0;14.78;3.17
90.0;316.42;46.0;13.98;2.41
0.0;0.0;0.0;12.14;2.41
0.0;0.0;0.0;10.71;2.62
0.0;0.0;0.0;9.4;2.62
0.0;0.0;0.0;8.27;2.55
0.0;0.0;0.0;7.22;2.41
0.0;0.0;0.0;6.28;2.28
0.0;0.0;0.0;5.3;2.07
0.0;0.0;0.0;4.34;2.0
0.0;0.0;0.0;3.58;1.86
0.0;0.0;0.0;3.1;1.72
0.0;0.0;0.0;2.69;1.66
0.0;0.0;0.0;2.15;1.72
5.0;0.0;5.0;1.76;1.72
132.0;201.49;89.0;4.35;0.62
329.0;600.2;108.0;6.74;0.48
497.0;782.36;107.0;9.67;0.48
604.0;799.5;128.0;12.11;0.62
672.0;824.84;134.0;14.1;0.9
710.0;903.43;109.0;15.47;1.31
667.0;876.11;112.0;16.2;1.45
576.0;838.83;107.0;16.6;1.66
436.0;749.07;101.0;16.71;1.79
272.0;625.37;81.0;16.53;1.72
94.0;313.87;49.0;15.76;1.38
0.0;0.0;0.0;14.01;1.72
0.0;0.0;0.0;10.83;1.79
0.0;0.0;0.0;8.96;1.72
0.0;0.0;0.0;8.14;1.59
0.0;0.0;0.0;7.75;1.38
0.0;0.0;0.0;7.15;1.31
0.0;0.0;0.0;5.66;1.45
0.0;0.0;0.0;4.15;1.79
0.0;0.0;0.0;3.25;2.0
0.0;0.0;0.0;2.94;2.14
0.0;0.0;0.0;2.84;2.07
0.0;0.0;0.0;3.18;1.93
3.0;0.0;3.0;3.92;2.14
60.0;0.0;60.0;4.37;2.07
113.0;0.0;113.0;5.24;2.14
272.0;69.41;237.0;6.44;2.28
261.0;18.31;250.0;7.83;2.41
630.0;643.29;207.0;9.58;2.41
633.0;608.67;225.0;11.27;2.34
339.0;56.4;303.0;12.73;2.0
350.0;125.94;279.0;13.2;2.07
243.0;73.06;210.0;13.34;2.34
264.0;542.33;96.0;12.94;2.62
95.0;284.41;53.0;12.14;2.41
0.0;0.0;0.0;10.84;2.48
0.0;0.0;0.0;10.53;2.76
0.0;0.0;0.0;9.96;2.55
0.0;0.0;0.0;9.58;2.14
0.0;0.0;0.0;9.31;1.93
0.0;0.0;0.0;8.51;2.0
0.0;0.0;0.0;8.02;2.07
0.0;0.0;0.0;7.48;2.14
0.0;0.0;0.0;7.38;2.07
0.0;0.0;0.0;7.12;2.21
0.0;0.0;0.0;6.79;2.21
0.0;0.0;0.0;6.7;2.28
4.0;0.0;4.0;6.98;2.41
90.0;26.61;84.0;7.14;2.07
115.0;0.0;115.0;8.09;2.55
203.0;11.77;197.0;9.15;2.55
257.0;14.84;248.0;9.92;2.9
350.0;54.31;314.0;10.27;3.52
225.0;1.48;224.0;10.56;3.86
279.0;17.1;268.0;11.2;3.93
229.0;10.56;223.0;11.47;3.79
349.0;324.46;201.0;11.35;3.86
248.0;417.05;117.0;11.25;3.24
107.0;381.7;49.0;10.98;2.34
0.0;0.0;0.0;9.9;2.07
0.0;0.0;0.0;8.32;2.41
0.0;0.0;0.0;7.13;2.55
0.0;0.0;0.0;6.16;2.83
0.0;0.0;0.0;5.38;3.03
0.0;0.0;0.0;4.67;2.9
0.0;0.0;0.0;3.96;2.62
0.0;0.0;0.0;3.46;2.55
0.0;0.0;0.0;3.17;2.55
0.0;0.0;0.0;3.15;2.55
0.0;0.0;0.0;3.37;2.62
0.0;0.0;0.0;3.46;2.83
19.0;31.81;17.0;3.56;2.9
192.0;544.43;66.0;4.56;2.76
362.0;694.56;94.0;6.82;3.52
462.0;544.98;181.0;8.24;5.38
529.0;455.98;250.0;8.45;5.38
616.0;559.83;242.0;8.98;5.38
694.0;789.3;157.0;9.99;5.59
573.0;486.19;258.0;10.59;5.66
462.0;359.55;256.0;10.48;5.59
413.0;566.71;152.0;10.65;5.59
216.0;235.54;141.0;10.44;4.83
101.0;281.67;57.0;9.92;4.48
0.0;0.0;0.0;8.49;4.21
0.0;0.0;0.0;7.16;4.21
0.0;0.0;0.0;6.26;4.0
0.0;0.0;0.0;5.53;3.86
0.0;0.0;0.0;4.96;3.79
0.0;0.0;0.0;4.5;3.59
0.0;0.0;0.0;4.16;3.31
0.0;0.0;0.0;3.81;3.1
0.0;0.0;0.0;3.58;3.03
0.0;0.0;0.0;3.69;3.1
0.0;0.0;0.0;3.87;3.03
0.0;0.0;0.0;4.0;2.62
12.0;0.0;12.0;4.09;2.34
143.0;172.7;102.0;4.18;1.79
345.0;561.67;125.0;5.89;2.62
495.0;667.61;147.0;6.7;3.31
615.0;748.42;153.0;7.49;3.1
681.0;770.89;162.0;8.63;3.03
704.0;806.95;151.0;9.63;3.03
665.0;793.72;147.0;10.47;3.38
582.0;789.66;126.0;10.79;3.31
452.0;739.89;108.0;10.84;3.45
283.0;588.79;93.0;10.56;3.45
97.0;211.9;63.0;10.09;2.76
0.0;0.0;0.0;9.47;2.14
0.0;0.0;0.0;9.01;2.21
0.0;0.0;0.0;8.36;2.07
0.0;0.0;0.0;7.77;2.28
0.0;0.0;0.0;7.05;2.48
0.0;0.0;0.0;6.02;2.62
0.0;0.0;0.0;5.6;2.55
0.0;0.0;0.0;4.94;2.41
0.0;0.0;0.0;4.49;2.21
0.0;0.0;0.0;3.79;2.21
0.0;0.0;0.0;3.45;2.21
0.0;0.0;0.0;3.42;2.21
16.0;0.0;16.0;3.17;2.21
155.0;221.89;101.0;4.86;2.14
362.0;651.58;103.0;6.81;2.62
504.0;702.25;134.0;8.55;3.17
501.0;361.34;276.0;9.92;4.07
522.0;293.34;323.0;10.66;4.07
680.0;721.53;182.0;11.18;3.79
574.0;477.71;260.0;11.32;3.52
407.0;214.79;282.0;11.48;3.45
394.0;460.28;178.0;11.47;3.45
238.0;311.97;136.0;11.16;3.38
99.0;212.54;64.0;10.82;2.69
0.0;0.0;0.0;10.1;2.34
0.0;0.0;0.0;9.45;2.62
0.0;0.0;0.0;8.62;2.62
0.0;0.0;0.0;8.01;2.62
0.0;0.0;0.0;7.64;2.69
0.0;0.0;0.0;7.36;2.76
0.0;0.0;0.0;6.85;2.69
0.0;0.0;0.0;6.32;2.55
0.0;0.0;0.0;5.61;2.62
0.0;0.0;0.0;5.09;2.62
0.0;0.0;0.0;5.21;2.62
0.0;0.0;0.0;5.1;2.62
25.0;24.69;23.0;5.07;2.55
208.0;561.58;68.0;5.93;2.41
367.0;649.68;105.0;7.78;3.17
525.0;775.65;112.0;9.46;3.45
629.0;789.77;133.0;10.62;3.59
714.0;874.91;116.0;11.95;4.0
683.0;719.36;183.0;12.34;3.72
601.0;554.42;234.0;12.54;3.52
419.0;233.63;282.0;12.57;3.45
353.0;299.84;211.0;12.59;3.24
280.0;537.48;102.0;12.73;3.17
117.0;361.21;56.0;12.19;2.62
0.0;0.0;0.0;11.11;2.76
0.0;0.0;0.0;9.82;3.03
0.0;0.0;0.0;8.48;3.1
0.0;0.0;0.0;7.65;3.1
0.0;0.0;0.0;6.97;3.03
0.0;0.0;0.0;6.44;2.97
0.0;0.0;0.0;5.98;2.83
0.0;0.0;0.0;5.61;2.69
0.0;0.0;0.0;5.31;2.55
0.0;0.0;0.0;5.04;2.55
0.0;0.0;0.0;4.79;2.48
0.0;0.0;0.0;4.51;2.48
31.0;45.96;27.0;4.28;2.34
213.0;556.42;71.0;5.54;1.59
386.0;716.35;93.0;8.87;1.93
541.0;814.14;103.0;11.16;2.14
643.0;819.47;124.0;13.25;2.14
710.0;843.8;129.0;14.98;2.21
739.0;895.87;112.0;16.3;2.28
680.0;823.65;131.0;17.05;2.41
576.0;731.19;144.0;17.47;2.76
411.0;502.24;171.0;17.29;2.55
287.0;554.61;101.0;16.78;2.07
116.0;312.03;62.0;16.03;1.79
0.0;0.0;0.0;14.53;2.07
0.0;0.0;0.0;12.7;2.0
0.0;0.0;0.0;10.41;1.86
0.0;0.0;0.0;8.92;1.72
0.0;0.0;0.0;7.55;1.93
0.0;0.0;0.0;6.51;2.0
0.0;0.0;0.0;5.69;2.0
0.0;0.0;0.0;5.14;2.14
0.0;0.0;0.0;4.77;2.14
0.0;0.0;0.0;4.43;2.0
0.0;0.0;0.0;4.09;2.0
0.0;0.0;0.0;3.88;2.14
35.0;53.75;30.0;4.1;2.14
219.0;559.22;73.0;6.78;1.93
399.0;745.07;90.0;10.21;2.07
550.0;820.62;104.0;12.3;2.14
666.0;872.23;109.0;14.17;2.07
665.0;656.03;210.0;15.72;2.21
670.0;632.94;224.0;17.02;2.34
688.0;828.5;132.0;17.85;2.41
609.0;838.39;110.0;18.31;2.69
476.0;784.07;98.0;18.33;2.83
315.0;700.95;77.0;18.04;2.83
133.0;451.42;53.0;17.02;2.14
0.0;0.0;0.0;15.07;2.41
0.0;0.0;0.0;13.95;1.03
0.0;0.0;0.0;13.72;0.97
0.0;0.0;0.0;12.54;0.9
0.0;0.0;0.0;11.53;0.83
0.0;0.0;0.0;10.59;0.83
0.0;0.0;0.0;9.74;0.83
0.0;0.0;0.0;8.97;0.76
0.0;0.0;0.0;8.37;0.55
0.0;0.0;0.0;7.84;0.55
0.0;0.0;0.0;7.18;1.03
0.0;0.0;0.0;4.03;1.72
39.0;60.61;33.0;3.29;1.86
226.0;569.44;74.0;6.42;0.83
398.0;713.61;98.0;9.78;0.9
560.0;837.97;100.0;12.61;1.1
659.0;830.99;124.0;15.05;1.38
738.0;890.45;116.0;16.87;1.66
770.0;951.55;95.0;18.01;1.79
702.0;857.02;123.0;18.55;1.79
606.0;810.66;120.0;18.68;2.07
462.0;699.15;122.0;18.69;2.48
301.0;590.67;98.0;16.54;3.6
119.0;275.7;69.0;15.62;3.7
0.0;0.0;0.0;14.69;3.8
0.0;0.0;0.0;13.77;3.9
0.0;0.0;0.0;12.84;4.0
0.0;0.0;0.0;11.92;4.1
0.0;0.0;0.0;10.99;4.2
0.0;0.0;0.0;10.07;4.3
0.0;0.0;0.0;9.14;4.4
0.0;0.0;0.0;8.21;4.5
0.0;0.0;0.0;7.29;4.61
0.0;0.0;0.0;6.36;4.71
0.0;0.0;0.0;5.44;4.81
0.0;0.0;0.0;4.51;4.91
63.0;276.34;34.0;3.59;5.01
203.0;362.98;104.0;2.66;5.11
261.0;140.84;201.0;6.22;6.48
335.0;117.25;270.0;7.13;6.83
492.0;280.44;310.0;8.33;6.41
603.0;433.58;298.0;9.42;6.76
414.0;84.03;354.0;9.74;6.28
550.0;352.91;310.0;10.17;6.28
368.0;115.93;298.0;10.26;6.0
212.0;22.43;201.0;10.29;6.21
200.0;120.76;158.0;9.96;5.52
96.0;113.22;75.0;9.3;4.62
0.0;0.0;0.0;8.61;4.34
0.0;0.0;0.0;7.92;3.72
0.0;0.0;0.0;7.17;3.72
0.0;0.0;0.0;6.84;3.93
0.0;0.0;0.0;6.51;4.14
0.0;0.0;0.0;6.26;4.48
0.0;0.0;0.0;6.51;4.83
0.0;0.0;0.0;6.62;5.31
0.0;0.0;0.0;6.92;5.79
0.0;0.0;0.0;7.3;6.14
0.0;0.0;0.0;7.69;6.41
0.0;0.0;0.0;7.98;6.55
21.0;0.0;21.0;8.28;6.41
111.0;25.13;104.0;8.76;6.34
161.0;9.27;157.0;9.19;6.14
155.0;0.0;155.0;9.39;5.72
151.0;0.0;151.0;9.67;5.17
124.0;0.0;124.0;9.75;5.31
110.0;0.0;110.0;9.57;4.76
92.0;0.0;92.0;9.11;3.31
103.0;0.0;103.0;8.38;2.69
146.0;0.0;146.0;7.89;2.28
99.0;0.0;99.0;7.53;1.72
71.0;26.37;66.0;7.22;1.17
0.0;0.0;0.0;7.12;0.83
0.0;0.0;0.0;6.84;0.76
0.0;0.0;0.0;6.86;0.41
0.0;0.0;0.0;6.64;0.76
0.0;0.0;0.0;6.51;1.17
0.0;0.0;0.0;6.51;1.38
0.0;0.0;0.0;6.39;1.66
0.0;0.0;0.0;6.35;1.86
0.0;0.0;0.0;6.28;2.0
0.0;0.0;0.0;6.28;2.14
0.0;0.0;0.0;6.4;2.21
0.0;0.0;0.0;6.5;2.07
9.0;0.0;9.0;6.76;1.79
64.0;0.0;64.0;7.75;1.86
76.0;0.0;76.0;8.64;2.83
121.0;0.0;121.0;9.04;2.28
142.0;0.0;142.0;9.57;2.41
114.0;0.0;114.0;9.33;2.28
116.0;0.0;116.0;10.43;2.48
115.0;0.0;115.0;11.07;2.48
80.0;0.0;80.0;11.35;3.24
82.0;0.0;82.0;11.25;3.24
94.0;0.0;94.0;10.86;2.83
27.0;0.0;27.0;10.12;2.34
0.0;0.0;0.0;9.44;2.0
0.0;0.0;0.0;8.93;0.83
0.0;0.0;0.0;8.63;0.76
0.0;0.0;0.0;8.13;1.03
0.0;0.0;0.0;7.94;1.1
0.0;0.0;0.0;7.67;1.52
0.0;0.0;0.0;7.63;1.66
0.0;0.0;0.0;7.47;1.72
0.0;0.0;0.0;7.56;1.72
0.0;0.0;0.0;7.53;2.0
0.0;0.0;0.0;7.41;2.48
0.0;0.0;0.0;7.46;2.34
44.0;32.62;40.0;7.53;2.48
101.0;10.35;98.0;8.17;3.93
133.0;0.0;133.0;8.48;3.79
156.0;0.0;156.0;8.64;4.28
106.0;0.0;106.0;8.77;4.34
126.0;0.0;126.0;8.98;4.76
192.0;0.0;192.0;8.87;5.17
86.0;0.0;86.0;8.77;4.55
151.0;0.0;151.0;8.83;5.03
116.0;0.0;116.0;8.61;5.38
91.0;0.0;91.0;8.64;5.38
67.0;15.17;64.0;8.39;4.83
0.0;0.0;0.0;7.78;4.76
0.0;0.0;0.0;6.67;4.69
0.0;0.0;0.0;6.05;4.55
0.0;0.0;0.0;5.17;4.34
0.0;0.0;0.0;4.4;4.28
0.0;0.0;0.0;3.75;4.0
0.0;0.0;0.0;3.15;3.66
0.0;0.0;0.0;2.62;3.38
0.0;0.0;0.0;2.11;3.38
0.0;0.0;0.0;1.71;3.31
0.0;0.0;0.0;1.37;3.24
0.0;0.0;0.0;1.06;3.17
86.0;350.4;41.0;1.03;3.24
258.0;598.74;81.0;2.53;4.0
428.0;711.88;109.0;4.31;4.62
484.0;427.45;238.0;5.75;4.76
506.0;270.51;325.0;6.94;4.48
695.0;640.77;232.0;7.93;4.21
697.0;617.3;245.0;8.73;4.14
508.0;229.42;348.0;9.36;4.14
382.0;119.26;308.0;10.02;4.14
290.0;92.74;243.0;10.03;4.07
291.0;414.91;140.0;9.89;4.0
122.0;193.32;83.0;9.39;3.31
6.0;0.0;6.0;8.67;3.1
0.0;0.0;0.0;7.15;3.03
0.0;0.0;0.0;6.31;3.1
0.0;0.0;0.0;5.41;3.1
0.0;0.0;0.0;4.77;3.1
0.0;0.0;0.0;4.18;3.03
0.0;0.0;0.0;3.6;2.97
0.0;0.0;0.0;3.03;2.83
0.0;0.0;0.0;2.46;2.69
0.0;0.0;0.0;1.87;2.48
0.0;0.0;0.0;1.32;2.41
0.0;0.0;0.0;0.81;2.34
91.0;372.56;41.0;0.7;2.14
259.0;577.63;85.0;2.96;2.0
428.0;696.79;112.0;5.59;2.14
579.0;780.15;126.0;7.93;2.21
687.0;810.08;141.0;9.77;2.69
743.0;800.32;161.0;10.79;2.97
755.0;805.02;162.0;11.49;3.24
717.0;806.7;151.0;12.04;3.66
557.0;520.35;232.0;11.98;3.86
283.0;82.23;241.0;11.4;4.14
186.0;65.23;162.0;10.58;3.79
62.0;4.86;61.0;9.9;3.31
5.0;0.0;5.0;9.22;2.9
0.0;0.0;0.0;9.15;2.83
0.0;0.0;0.0;8.12;2.76
0.0;0.0;0.0;7.45;2.76
0.0;0.0;0.0;6.6;2.83
0.0;0.0;0.0;5.79;2.9
0.0;0.0;0.0;5.02;2.9
0.0;0.0;0.0;4.39;2.76
0.0;0.0;0.0;3.74;2.62
0.0;0.0;0.0;3.09;2.48
0.0;0.0;0.0;2.45;2.41
0.0;0.0;0.0;1.82;2.34
97.0;378.72;44.0;1.6;2.21
269.0;599.74;85.0;4.26;1.66
443.0;725.72;110.0;7.27;1.86
579.0;740.92;145.0;9.41;2.21
682.0;749.8;173.0;10.92;2.76
762.0;830.83;154.0;11.94;2.76
769.0;819.18;162.0;12.79;2.76
726.0;806.19;157.0;13.41;2.76
637.0;789.04;141.0;13.76;2.69
505.0;748.0;120.0;13.84;2.62
333.0;605.11;108.0;13.63;2.41
151.0;357.59;76.0;13.07;1.93
9.0;0.0;9.0;11.69;2.0
0.0;0.0;0.0;9.83;2.55
0.0;0.0;0.0;8.23;2.48
0.0;0.0;0.0;6.83;2.34
0.0;0.0;0.0;5.4;2.14
0.0;0.0;0.0;4.1;1.93
0.0;0.0;0.0;3.67;1.72
0.0;0.0;0.0;3.26;1.59
0.0;0.0;0.0;2.59;1.66
0.0;0.0;0.0;1.87;1.72
0.0;0.0;0.0;1.47;1.66
0.0;0.0;0.0;1.18;1.59
100.0;363.91;47.0;1.46;1.38
229.0;326.6;127.0;4.55;0.83
377.0;407.2;188.0;8.23;0.97
576.0;717.67;152.0;10.86;1.17
701.0;817.69;142.0;12.78;1.66
760.0;823.0;154.0;13.89;1.93
749.0;748.7;191.0;14.68;1.93
732.0;828.28;144.0;15.23;1.93
643.0;809.37;131.0;15.59;1.86
505.0;738.51;122.0;15.68;1.72
336.0;609.47;107.0;15.53;1.59
165.0;449.22;69.0;15.07;1.38
15.0;91.84;11.0;13.85;1.79
0.0;0.0;0.0;11.45;2.48
0.0;0.0;0.0;9.79;2.48
0.0;0.0;0.0;8.37;2.41
0.0;0.0;0.0;7.07;2.28
0.0;0.0;0.0;5.86;2.21
0.0;0.0;0.0;4.82;2.14
0.0;0.0;0.0;3.97;2.0
0.0;0.0;0.0;3.41;1.93
0.0;0.0;0.0;2.95;1.86
0.0;0.0;0.0;2.63;1.72
0.0;0.0;0.0;2.3;1.66
108.0;396.59;48.0;2.25;1.52
283.0;613.64;88.0;5.52;0.83
457.0;739.27;110.0;8.99;0.97
611.0;819.09;123.0;11.79;1.03
720.0;849.85;135.0;14.27;1.1
785.0;870.68;140.0;16.28;1.17
796.0;873.87;141.0;17.66;1.24
747.0;845.97;143.0;18.53;1.31
638.0;752.52;159.0;19.04;1.24
499.0;673.71;147.0;19.26;1.24
333.0;550.56;124.0;19.13;1.38
154.0;321.62;84.0;18.45;1.45
10.0;0.0;10.0;16.74;2.21
0.0;0.0;0.0;14.22;1.79
0.0;0.0;0.0;11.36;2.21
0.0;0.0;0.0;9.36;2.28
0.0;0.0;0.0;7.86;2.28
0.0;0.0;0.0;6.8;2.28
0.0;0.0;0.0;6.03;2.21
0.0;0.0;0.0;5.43;2.21
0.0;0.0;0.0;4.94;2.21
0.0;0.0;0.0;4.51;2.21
0.0;0.0;0.0;4.01;2.14
0.0;0.0;0.0;3.62;2.07
105.0;331.44;53.0;3.92;1.93
261.0;457.94;113.0;7.69;1.59
418.0;543.66;160.0;11.21;1.86
568.0;644.24;181.0;13.75;1.86
676.0;691.18;197.0;15.88;1.86
719.0;654.85;231.0;17.58;2.28
716.0;618.26;250.0;18.65;2.97
617.0;437.34;303.0;19.17;3.45
619.0;685.49;180.0;19.42;3.66
515.0;752.4;119.0;19.41;3.66
349.0;649.36;100.0;19.1;3.93
169.0;433.28;73.0;18.32;3.86
15.0;38.69;13.0;16.65;3.59
0.0;0.0;0.0;15.27;3.66
0.0;0.0;0.0;14.1;4.0
0.0;0.0;0.0;13.09;3.93
0.0;0.0;0.0;12.15;3.86
0.0;0.0;0.0;11.48;3.52
0.0;0.0;0.0;10.92;3.52
0.0;0.0;0.0;10.55;4.21
0.0;0.0;0.0;10.58;4.34
0.0;0.0;0.0;10.48;4.28
0.0;0.0;0.0;10.35;4.34
0.0;0.0;0.0;10.28;4.48
19.0;0.0;19.0;10.37;4.48
46.0;0.0;46.0;10.71;4.97
125.0;0.0;125.0;11.23;5.66
153.0;0.0;153.0;12.01;6.34
201.0;0.0;201.0;12.08;5.66
300.0;9.34;293.0;12.62;5.17
146.0;0.0;146.0;13.13;5.24
229.0;0.0;229.0;14.25;5.52
134.0;0.0;134.0;14.86;5.52
73.0;0.0;73.0;14.01;5.59
189.0;56.81;167.0;12.9;4.07
88.0;26.61;82.0;12.19;2.9
8.0;0.0;8.0;11.64;2.0
0.0;0.0;0.0;10.87;1.72
0.0;0.0;0.0;10.51;1.66
0.0;0.0;0.0;9.97;1.59
0.0;0.0;0.0;9.23;1.72
0.0;0.0;0.0;8.62;1.72
0.0;0.0;0.0;7.61;1.86
0.0;0.0;0.0;6.74;1.52
0.0;0.0;0.0;6.07;1.03
0.0;0.0;0.0;5.61;1.03
0.0;0.0;0.0;5.05;1.24
0.0;0.0;0.0;4.93;1.31
108.0;279.86;61.0;4.72;1.52
276.0;497.25;110.0;7.7;1.1
447.0;641.58;136.0;9.64;1.38
606.0;774.95;133.0;11.54;1.79
716.0;814.63;144.0;13.7;2.28
632.0;399.28;331.0;15.49;3.52
514.0;167.99;386.0;16.06;3.79
569.0;312.74;342.0;16.47;4.28
553.0;447.49;263.0;16.94;4.41
517.0;736.14;124.0;17.04;4.0
352.0;634.19;104.0;17.03;3.52
183.0;501.44;68.0;16.58;2.69
27.0;167.34;17.0;15.19;2.21
0.0;0.0;0.0;13.39;2.41
0.0;0.0;0.0;11.73;2.34
0.0;0.0;0.0;10.29;2.28
0.0;0.0;0.0;9.0;2.34
0.0;0.0;0.0;7.92;2.28
0.0;0.0;0.0;6.88;2.14
0.0;0.0;0.0;5.94;2.14
0.0;0.0;0.0;5.38;2.28
0.0;0.0;0.0;4.82;2.07
0.0;0.0;0.0;4.15;1.72
0.0;0.0;0.0;3.95;1.59
128.0;438.33;52.0;4.35;1.31
290.0;563.3;99.0;8.02;0.76
468.0;724.89;113.0;10.57;1.03
612.0;783.61;130.0;12.25;1.17
721.0;823.63;139.0;13.92;1.1
787.0;856.11;138.0;15.29;0.9
793.0;847.31;144.0;16.35;0.76
749.0;833.21;141.0;17.2;0.55
644.0;757.88;150.0;17.54;0.48
518.0;731.05;125.0;17.75;0.48
348.0;592.71;114.0;17.68;0.48
180.0;454.57;74.0;17.42;0.62
27.0;125.46;19.0;16.64;1.1
0.0;0.0;0.0;15.16;0.97
0.0;0.0;0.0;13.46;1.24
0.0;0.0;0.0;11.72;1.45
0.0;0.0;0.0;9.68;1.93
0.0;0.0;0.0;8.6;2.21
0.0;0.0;0.0;8.13;2.34
0.0;0.0;0.0;7.77;2.34
0.0;0.0;0.0;7.39;2.34
0.0;0.0;0.0;6.93;2.28
0.0;0.0;0.0;6.41;2.14
0.0;0.0;0.0;5.85;2.0
130.0;408.34;57.0;6.18;1.59
299.0;578.08;100.0;10.31;1.38
467.0;689.36;126.0;13.58;1.38
612.0;751.9;146.0;16.19;1.17
723.0;804.46;151.0;18.38;1.03
785.0;823.88;157.0;19.95;1.1
794.0;826.07;158.0;21.05;1.52
750.0;813.89;153.0;21.78;2.0
668.0;822.24;129.0;22.17;2.21
535.0;775.96;115.0;22.31;2.28
367.0;672.49;99.0;22.14;2.21
195.0;544.27;66.0;21.44;1.72
34.0;221.38;19.0;19.79;2.28
0.0;0.0;0.0;17.56;1.93
0.0;0.0;0.0;14.84;2.41
0.0;0.0;0.0;12.92;2.48
0.0;0.0;0.0;11.7;2.48
0.0;0.0;0.0;10.75;2.48
0.0;0.0;0.0;10.08;2.55
0.0;0.0;0.0;9.46;2.55
0.0;0.0;0.0;8.87;2.55
0.0;0.0;0.0;8.25;2.41
0.0;0.0;0.0;7.62;2.34
0.0;0.0;0.0;7.03;2.34
142.0;478.01;54.0;7.36;2.0
316.0;652.63;88.0;11.36;1.72
485.0;750.72;110.0;14.37;2.0
627.0;796.01;130.0;16.72;2.41
716.0;760.44;172.0;18.71;2.69
767.0;747.7;194.0;20.44;2.62
656.0;413.53;336.0;21.77;2.55
677.0;558.82;265.0;22.86;2.41
665.0;797.95;139.0;23.48;2.28
536.0;767.1;118.0;23.7;2.07
373.0;686.21;97.0;23.65;1.72
198.0;539.83;68.0;23.13;0.97
37.0;223.06;21.0;22.51;0.41
0.0;0.0;0.0;18.02;2.28
0.0;0.0;0.0;15.62;2.62
0.0;0.0;0.0;14.1;2.62
0.0;0.0;0.0;12.78;2.48
0.0;0.0;0.0;11.61;2.41
0.0;0.0;0.0;10.68;2.34
0.0;0.0;0.0;10.0;2.21
0.0;0.0;0.0;9.64;2.14
0.0;0.0;0.0;9.19;2.07
0.0;0.0;0.0;9.02;1.86
0.0;0.0;0.0;9.05;1.66
134.0;369.66;64.0;9.44;1.38
275.0;397.85;134.0;12.6;1.17
428.0;487.79;182.0;15.14;1.38
555.0;519.96;228.0;17.16;1.52
670.0;605.85;234.0;18.99;1.72
714.0;584.12;264.0;20.35;1.93
538.0;190.31;390.0;21.27;2.07
420.0;79.63;361.0;21.71;2.28
439.0;168.98;327.0;21.63;2.48
288.0;65.63;252.0;21.15;2.69
177.0;29.57;165.0;20.55;2.62
127.0;98.12;103.0;19.74;2.28
27.0;52.85;23.0;18.23;2.14
0.0;0.0;0.0;16.95;2.14
0.0;0.0;0.0;15.72;2.0
0.0;0.0;0.0;14.65;1.86
0.0;0.0;0.0;13.58;1.72
0.0;0.0;0.0;12.52;1.66
0.0;0.0;0.0;12.28;1.38
0.0;0.0;0.0;13.11;0.76
0.0;0.0;0.0;12.83;0.41
0.0;0.0;0.0;11.71;0.9
0.0;0.0;0.0;10.86;1.03
0.0;0.0;0.0;10.38;1.03
86.0;61.68;74.0;10.04;1.24
269.0;358.95;140.0;12.29;2.07
402.0;383.07;207.0;13.42;2.41
536.0;457.88;246.0;14.52;2.41
678.0;634.11;219.0;15.08;2.62
630.0;371.92;342.0;15.99;2.62
797.0;833.08;146.0;16.85;2.76
745.0;789.68;157.0;17.71;3.24
583.0;510.22;243.0;17.79;3.93
513.0;664.77;146.0;17.05;5.1
182.0;34.19;168.0;16.06;5.24
147.0;173.15;104.0;15.19;4.97
37.0;150.73;25.0;14.29;4.41
0.0;0.0;0.0;13.64;4.28
0.0;0.0;0.0;12.45;4.34
0.0;0.0;0.0;11.66;4.41
0.0;0.0;0.0;10.83;4.41
0.0;0.0;0.0;10.14;4.34
0.0;0.0;0.0;9.38;4.28
0.0;0.0;0.0;8.77;4.28
0.0;0.0;0.0;8.26;4.21
0.0;0.0;0.0;7.85;4.34
0.0;0.0;0.0;7.51;4.41
3.0;0.0;3.0;7.24;4.41
134.0;290.43;76.0;7.25;4.34
320.0;587.45;106.0;8.15;4.21
491.0;704.7;129.0;9.68;5.03
604.0;644.46;193.0;11.28;5.52
759.0;857.16;135.0;12.55;5.93
821.0;876.3;139.0;13.48;6.07
829.0;878.8;139.0;14.25;6.14
784.0;864.74;137.0;14.35;6.21
692.0;844.9;126.0;15.06;6.41
560.0;809.94;110.0;15.18;6.28
388.0;699.62;99.0;15.03;6.0
211.0;559.37;70.0;14.53;5.31
46.0;251.41;25.0;13.41;4.83
0.0;0.0;0.0;12.21;4.62
0.0;0.0;0.0;11.2;4.48
0.0;0.0;0.0;10.29;4.14
0.0;0.0;0.0;9.38;3.72
0.0;0.0;0.0;8.48;3.59
0.0;0.0;0.0;7.77;3.72
0.0;0.0;0.0;7.2;3.72
0.0;0.0;0.0;6.7;3.59
0.0;0.0;0.0;6.17;3.45
0.0;0.0;0.0;5.64;3.38
8.0;0.0;8.0;5.19;3.38
167.0;532.29;58.0;5.61;3.45
343.0;679.98;92.0;7.49;3.79
516.0;781.43;111.0;9.5;4.28
669.0;856.61;119.0;11.35;4.69
776.0;882.45;130.0;12.93;4.97
843.0;914.19;128.0;14.11;5.1
847.0;905.14;133.0;15.06;5.1
800.0;891.27;130.0;15.71;5.03
707.0;870.24;121.0;16.11;4.97
565.0;803.1;116.0;16.19;4.97
397.0;715.24;99.0;15.96;4.9
216.0;566.92;71.0;15.45;4.34
49.0;240.22;28.0;14.28;3.66
0.0;0.0;0.0;12.78;3.59
0.0;0.0;0.0;11.52;3.52
0.0;0.0;0.0;10.55;3.45
0.0;0.0;0.0;9.8;3.45
0.0;0.0;0.0;9.16;3.24
0.0;0.0;0.0;8.6;3.03
0.0;0.0;0.0;8.01;2.83
0.0;0.0;0.0;7.35;2.55
0.0;0.0;0.0;6.6;2.55
0.0;0.0;0.0;6.04;2.69
10.0;24.03;9.0;5.72;2.83
168.0;519.6;59.0;6.5;2.55
344.0;671.32;93.0;9.09;2.34
515.0;770.87;112.0;11.56;2.48
667.0;846.34;120.0;13.8;2.83
773.0;872.22;131.0;15.87;3.17
830.0;879.26;139.0;17.6;3.38
838.0;882.1;139.0;18.78;3.79
779.0;826.24;155.0;19.29;3.86
652.0;670.79;198.0;19.49;3.79
491.0;501.31;209.0;19.31;3.93
394.0;694.95;102.0;18.77;3.86
216.0;547.32;74.0;18.08;3.17
54.0;295.76;27.0;16.64;2.76
0.0;0.0;0.0;14.85;3.1
0.0;0.0;0.0;13.45;3.31
0.0;0.0;0.0;12.45;3.45
0.0;0.0;0.0;11.58;3.24
0.0;0.0;0.0;10.71;3.1
0.0;0.0;0.0;9.89;2.97
0.0;0.0;0.0;9.17;2.97
0.0;0.0;0.0;8.52;2.97
0.0;0.0;0.0;7.97;2.97
0.0;0.0;0.0;7.49;2.97
12.0;21.39;11.0;7.08;2.9
169.0;493.7;63.0;7.69;2.55
343.0;644.5;99.0;10.18;2.55
517.0;760.59;116.0;12.51;2.76
670.0;845.52;120.0;14.69;2.97
780.0;883.81;126.0;16.65;3.24
846.0;915.65;123.0;18.28;3.59
854.0;917.12;124.0;19.33;3.93
807.0;902.91;122.0;19.95;3.93
710.0;870.34;118.0;20.31;4.07
565.0;791.6;117.0;20.36;4.14
395.0;686.85;104.0;20.08;4.21
217.0;528.33;78.0;19.47;3.66
54.0;252.26;30.0;18.02;3.17
0.0;0.0;0.0;16.35;3.86
0.0;0.0;0.0;15.05;4.14
0.0;0.0;0.0;14.01;4.14
0.0;0.0;0.0;13.08;3.93
0.0;0.0;0.0;12.16;3.86
0.0;0.0;0.0;11.33;3.86
0.0;0.0;0.0;10.49;3.79
0.0;0.0;0.0;9.75;3.45
0.0;0.0;0.0;9.04;3.24
0.0;0.0;0.0;8.36;3.24
15.0;38.6;13.0;7.74;3.45
176.0;514.65;63.0;8.13;3.31
353.0;673.27;95.0;10.12;3.93
524.0;769.4;115.0;12.08;4.14
675.0;840.23;125.0;14.12;4.21
784.0;877.88;131.0;15.99;4.48
850.0;908.92;129.0;17.36;4.9
857.0;911.87;128.0;18.28;5.17
811.0;897.6;127.0;18.87;5.17
717.0;876.33;118.0;19.16;5.03
572.0;799.22;117.0;19.02;4.97
405.0;714.06;100.0;18.44;4.83
229.0;588.65;72.0;17.51;4.28
58.0;272.82;31.0;16.04;4.07
0.0;0.0;0.0;13.96;4.34
0.0;0.0;0.0;12.49;4.34
0.0;0.0;0.0;11.31;4.0
0.0;0.0;0.0;10.34;3.66
0.0;0.0;0.0;9.52;3.31
0.0;0.0;0.0;8.79;2.97
0.0;0.0;0.0;8.16;2.83
0.0;0.0;0.0;7.57;2.76
0.0;0.0;0.0;7.04;2.69
0.0;0.0;0.0;6.5;2.62
17.0;35.2;15.0;6.0;2.55
180.0;508.13;66.0;6.78;2.21
358.0;673.12;97.0;9.19;2.28
528.0;768.85;116.0;11.32;2.55
686.0;863.94;117.0;13.41;2.62
791.0;889.49;126.0;15.4;2.76
857.0;921.16;123.0;17.09;2.76
865.0;922.94;124.0;18.34;2.69
818.0;908.08;123.0;19.08;2.34
724.0;888.14;114.0;19.55;2.0
581.0;820.77;111.0;19.68;1.59
410.0;722.3;99.0;19.57;1.17
232.0;591.92;72.0;19.22;0.97
62.0;291.92;32.0;18.34;1.1
0.0;0.0;0.0;15.86;1.79
0.0;0.0;0.0;13.21;1.93
0.0;0.0;0.0;11.3;1.86
0.0;0.0;0.0;10.42;1.72
0.0;0.0;0.0;10.01;1.52
0.0;0.0;0.0;9.09;1.59
0.0;0.0;0.0;7.9;1.86
0.0;0.0;0.0;7.21;1.93
0.0;0.0;0.0;6.85;2.14
0.0;0.0;0.0;6.72;2.28
18.0;32.4;16.0;6.59;2.28
177.0;471.49;69.0;8.14;1.79
348.0;629.76;101.0;12.14;2.14
513.0;723.98;122.0;14.7;2.69
655.0;784.84;135.0;16.74;3.17
720.0;681.46;208.0;18.14;3.59
787.0;734.69;199.0;18.96;4.41
808.0;781.41;178.0;19.33;4.28
759.0;753.29;180.0;19.72;4.07
676.0;753.55;156.0;19.98;4.28
536.0;663.28;154.0;19.78;4.07
360.0;483.91;150.0;19.67;4.14
123.0;51.12;109.0;19.21;3.59
25.0;0.0;25.0;18.11;2.48
0.0;0.0;0.0;16.29;1.86
0.0;0.0;0.0;15.36;1.38
0.0;0.0;0.0;14.67;1.31
0.0;0.0;0.0;13.87;1.31
0.0;0.0;0.0;13.35;1.38
0.0;0.0;0.0;13.01;1.59
0.0;0.0;0.0;12.83;1.86
0.0;0.0;0.0;12.64;2.21
0.0;0.0;0.0;12.41;2.41
0.0;0.0;0.0;12.1;2.48
8.0;0.0;8.0;11.7;2.41
77.0;8.56;75.0;11.67;2.41
102.0;0.0;102.0;12.59;2.28
303.0;93.72;252.0;13.24;2.69
414.0;136.55;323.0;14.35;3.93
290.0;7.95;284.0;15.5;4.48
260.0;1.24;259.0;16.28;4.55
470.0;91.41;396.0;16.7;4.48
231.0;0.0;231.0;17.2;4.55
319.0;28.85;299.0;17.96;4.41
188.0;1.73;187.0;18.01;4.21
232.0;84.6;195.0;17.77;3.93
132.0;64.89;114.0;16.99;2.55
67.0;299.19;34.0;16.48;2.07
0.0;0.0;0.0;14.61;2.83
0.0;0.0;0.0;13.48;2.55
0.0;0.0;0.0;12.78;2.62
0.0;0.0;0.0;12.57;2.55
0.0;0.0;0.0;12.24;2.62
0.0;0.0;0.0;11.79;2.69
0.0;0.0;0.0;11.98;2.62
0.0;0.0;0.0;11.65;2.55
0.0;0.0;0.0;11.36;2.28
0.0;0.0;0.0;10.88;2.14
7.0;0.0;7.0;10.08;1.86
95.0;33.58;87.0;10.65;1.31
221.0;102.27;180.0;12.27;2.55
206.0;9.12;201.0;13.4;2.0
181.0;0.0;181.0;14.15;1.38
189.0;0.0;189.0;14.62;1.45
353.0;18.58;338.0;14.37;0.97
192.0;0.0;192.0;14.36;0.48
131.0;0.0;131.0;14.33;1.38
123.0;0.0;123.0;14.05;1.17
153.0;0.0;153.0;14.07;1.79
90.0;0.0;90.0;13.73;2.21
55.0;0.0;55.0;13.28;2.34
15.0;0.0;15.0;12.99;2.41
0.0;0.0;0.0;12.65;2.41
0.0;0.0;0.0;12.38;2.55
0.0;0.0;0.0;12.12;2.76
0.0;0.0;0.0;11.76;2.9
0.0;0.0;0.0;11.39;3.17
0.0;0.0;0.0;10.94;3.52
0.0;0.0;0.0;10.58;3.79
0.0;0.0;0.0;10.06;4.14
0.0;0.0;0.0;9.5;3.59
0.0;0.0;0.0;8.89;3.79
7.0;0.0;7.0;8.4;4.0
63.0;0.0;63.0;8.2;4.28
96.0;0.0;96.0;8.2;5.38
241.0;23.54;228.0;8.28;5.38
451.0;179.54;330.0;8.71;5.45
579.0;286.08;361.0;9.43;5.86
703.0;461.47;329.0;10.65;6.28
672.0;381.15;361.0;10.81;5.59
750.0;682.42;219.0;11.71;5.79
673.0;697.61;185.0;12.42;5.38
391.0;187.86;281.0;12.81;4.97
234.0;76.58;200.0;12.94;4.69
165.0;147.68;123.0;12.74;4.41
22.0;0.0;22.0;11.98;3.45
0.0;0.0;0.0;11.06;3.45
0.0;0.0;0.0;10.39;3.31
0.0;0.0;0.0;9.29;3.24
0.0;0.0;0.0;8.35;3.31
0.0;0.0;0.0;7.62;3.31
0.0;0.0;0.0;6.65;3.03
0.0;0.0;0.0;5.82;2.83
0.0;0.0;0.0;5.08;2.62
0.0;0.0;0.0;4.59;2.48
0.0;0.0;0.0;4.27;2.55
31.0;61.98;26.0;4.12;2.55
208.0;574.64;66.0;5.33;2.34
387.0;720.8;92.0;7.46;3.45
0.0;0.0;0.0;9.04;4.62
527.0;314.36;314.0;10.13;4.83
365.0;30.05;342.0;11.13;4.76
785.0;653.81;253.0;11.73;4.55
0.0;0.0;0.0;12.61;4.41
718.0;556.86;283.0;13.14;4.14
315.0;21.35;300.0;13.43;4.0
502.0;462.05;230.0;13.37;3.79
276.0;147.58;210.0;12.48;3.24
222.0;409.94;104.0;11.97;2.48
83.0;387.14;36.0;11.59;1.45
0.0;0.0;0.0;10.7;0.62
0.0;0.0;0.0;10.27;0.69
0.0;0.0;0.0;7.5;1.38
0.0;0.0;0.0;6.3;1.45
0.0;0.0;0.0;5.52;1.52
0.0;0.0;0.0;5.02;1.72
0.0;0.0;0.0;4.85;1.86
0.0;0.0;0.0;4.62;1.93
0.0;0.0;0.0;4.58;2.0
0.0;0.0;0.0;4.96;2.0
22.0;11.74;21.0;5.32;2.14
157.0;206.82;105.0;6.96;2.07
317.0;360.49;168.0;8.7;2.14
501.0;566.18;184.0;10.35;2.69
658.0;698.83;182.0;12.19;4.0
493.0;139.18;386.0;12.59;5.17
458.0;72.23;399.0;12.93;5.38
475.0;82.71;407.0;13.2;5.31
94.0;0.0;94.0;13.38;5.38
223.0;0.0;223.0;13.5;5.31
368.0;136.88;287.0;13.78;4.97
305.0;217.56;207.0;14.02;4.28
201.0;284.97;118.0;13.94;3.72
46.0;31.99;42.0;13.13;3.03
0.0;0.0;0.0;11.92;3.38
0.0;0.0;0.0;10.81;3.31
0.0;0.0;0.0;9.77;2.83
0.0;0.0;0.0;9.08;2.55
0.0;0.0;0.0;8.34;2.83
0.0;0.0;0.0;8.04;3.03
0.0;0.0;0.0;7.47;3.03
0.0;0.0;0.0;7.01;2.97
0.0;0.0;0.0;6.72;2.69
0.0;0.0;0.0;6.4;2.62
4.0;0.0;4.0;6.28;2.62
44.0;0.0;44.0;7.36;2.41
93.0;0.0;93.0;8.43;4.48
96.0;0.0;96.0;8.65;4.41
132.0;0.0;132.0;8.83;4.69
178.0;0.0;178.0;9.24;4.48
164.0;0.0;164.0;9.73;4.48
159.0;0.0;159.0;9.93;4.28
153.0;0.0;153.0;10.0;3.86
131.0;0.0;131.0;10.54;3.59
196.0;1.68;195.0;10.71;3.38
116.0;0.0;116.0;10.63;1.88
49.0;0.0;49.0;10.42;1.84
22.0;0.0;22.0;10.2;1.79
0.0;0.0;0.0;9.99;1.74
0.0;0.0;0.0;9.78;1.69
0.0;0.0;0.0;9.56;1.65
0.0;0.0;0.0;9.35;1.6
0.0;0.0;0.0;9.14;1.55
0.0;0.0;0.0;8.92;1.5
0.0;0.0;0.0;8.71;1.45
0.0;0.0;0.0;8.5;1.41
0.0;0.0;0.0;8.28;1.36
0.0;0.0;0.0;8.07;1.31
47.0;170.14;31.0;7.85;1.26
202.0;454.21;84.0;7.64;1.22
375.0;614.92;116.0;7.43;1.17
541.0;712.2;137.0;14.38;1.59
674.0;738.35;166.0;16.29;1.86
780.0;785.55;171.0;17.42;2.14
660.0;342.65;378.0;17.8;2.28
416.0;41.06;382.0;18.05;2.41
445.0;75.95;385.0;18.6;2.62
548.0;309.21;328.0;18.41;2.69
360.0;118.76;289.0;18.33;2.83
171.0;10.95;166.0;18.21;2.9
122.0;26.85;114.0;18.05;2.9
33.0;0.0;33.0;16.97;2.76
0.0;0.0;0.0;15.15;3.52
0.0;0.0;0.0;13.24;3.86
0.0;0.0;0.0;11.8;3.24
0.0;0.0;0.0;10.66;2.62
0.0;0.0;0.0;9.64;2.28
0.0;0.0;0.0;8.82;2.14
0.0;0.0;0.0;7.9;2.07
0.0;0.0;0.0;7.26;2.0
0.0;0.0;0.0;6.54;1.93
0.0;0.0;0.0;5.89;1.86
52.0;193.23;33.0;5.58;1.72
206.0;462.39;84.0;7.43;1.38
379.0;623.53;114.0;10.03;1.52
443.0;345.12;246.0;11.43;1.59
339.0;40.5;311.0;12.76;2.21
511.0;156.74;389.0;13.85;2.48
342.0;12.11;332.0;14.56;2.69
488.0;92.67;411.0;14.89;2.83
552.0;199.28;394.0;15.1;2.9
450.0;137.19;352.0;15.4;2.83
311.0;59.92;275.0;15.5;2.55
139.0;2.17;138.0;15.61;2.55
207.0;282.08;122.0;15.38;2.28
54.0;51.54;47.0;14.8;1.38
0.0;0.0;0.0;14.15;1.66
0.0;0.0;0.0;12.54;1.45
0.0;0.0;0.0;11.26;1.45
0.0;0.0;0.0;9.99;1.86
0.0;0.0;0.0;9.19;2.14
0.0;0.0;0.0;8.95;2.14
0.0;0.0;0.0;8.62;2.14
0.0;0.0;0.0;8.16;2.14
0.0;0.0;0.0;7.9;2.07
0.0;0.0;0.0;7.51;2.07
33.0;29.26;30.0;7.26;1.93
157.0;160.56;114.0;8.08;1.79
108.0;0.0;108.0;9.56;1.72
136.0;0.0;136.0;10.32;2.0
315.0;25.92;297.0;10.91;2.21
483.0;120.29;389.0;11.33;2.14
160.0;0.0;160.0;11.97;2.34
363.0;16.79;349.0;13.1;2.9
175.0;0.0;175.0;13.65;3.59
94.0;0.0;94.0;13.86;3.72
141.0;0.0;141.0;13.7;3.79
112.0;0.0;112.0;13.52;3.59
156.0;85.35;130.0;13.1;2.9
53.0;43.06;47.0;12.77;2.83
0.0;0.0;0.0;11.56;2.76
0.0;0.0;0.0;10.78;2.69
0.0;0.0;0.0;9.94;2.62
0.0;0.0;0.0;8.93;2.48
0.0;0.0;0.0;8.02;2.41
0.0;0.0;0.0;7.22;2.21
0.0;0.0;0.0;6.62;2.07
0.0;0.0;0.0;6.25;1.93
0.0;0.0;0.0;5.54;2.0
0.0;0.0;0.0;4.93;2.0
48.0;103.14;37.0;4.46;1.86
214.0;467.43;87.0;6.27;1.52
347.0;427.89;162.0;8.65;1.72
529.0;618.0;172.0;10.62;1.72
636.0;576.15;234.0;12.16;1.79
593.0;279.2;374.0;13.14;2.34
713.0;440.06;347.0;13.3;3.1
709.0;420.82;357.0;13.53;3.1
675.0;423.37;337.0;14.21;3.24
582.0;370.86;315.0;14.18;3.1
381.0;143.42;294.0;14.16;3.24
191.0;19.31;182.0;13.72;3.24
117.0;19.49;111.0;13.27;3.1
39.0;7.0;38.0;12.54;3.1
0.0;0.0;0.0;11.87;3.1
0.0;0.0;0.0;10.96;2.83
0.0;0.0;0.0;9.81;1.79
0.0;0.0;0.0;8.48;1.93
0.0;0.0;0.0;7.63;2.0
0.0;0.0;0.0;7.2;2.07
0.0;0.0;0.0;6.83;2.21
0.0;0.0;0.0;7.11;2.41
0.0;0.0;0.0;7.37;2.69
0.0;0.0;0.0;7.92;2.9
22.0;0.0;22.0;8.2;2.97
52.0;0.0;52.0;8.56;2.76
233.0;89.47;194.0;9.11;2.97
250.0;24.1;236.0;10.13;3.86
189.0;0.0;189.0;11.05;3.72
209.0;0.0;209.0;12.3;3.86
261.0;0.0;261.0;14.09;4.28
150.0;0.0;150.0;14.88;4.21
170.0;0.0;170.0;15.47;4.21
177.0;0.0;177.0;15.79;3.93
170.0;0.0;170.0;16.17;4.07
182.0;14.92;175.0;16.48;4.0
146.0;61.07;127.0;16.21;3.38
53.0;34.18;48.0;15.62;2.9
0.0;0.0;0.0;14.15;3.1
0.0;0.0;0.0;13.64;3.17
0.0;0.0;0.0;13.14;3.38
0.0;0.0;0.0;12.59;3.59
0.0;0.0;0.0;11.94;3.66
0.0;0.0;0.0;11.52;3.72
0.0;0.0;0.0;10.95;3.72
0.0;0.0;0.0;10.37;3.59
0.0;0.0;0.0;9.88;3.59
0.0;0.0;0.0;9.64;3.66
39.0;26.17;36.0;9.58;3.93
142.0;82.38;119.0;9.49;4.14
203.0;38.69;186.0;10.0;4.34
154.0;0.0;154.0;10.72;4.28
195.0;0.0;195.0;11.57;4.14
176.0;0.0;176.0;12.82;4.0
221.0;0.0;221.0;13.53;3.79
511.0;103.35;424.0;14.35;3.59
409.0;43.55;374.0;15.07;3.31
255.0;2.76;253.0;15.58;3.03
303.0;44.1;276.0;16.06;2.55
357.0;328.35;202.0;16.16;2.34
170.0;101.82;138.0;16.05;2.14
61.0;46.76;54.0;15.79;1.52
0.0;0.0;0.0;14.74;1.45
0.0;0.0;0.0;14.0;1.31
0.0;0.0;0.0;12.89;1.24
0.0;0.0;0.0;12.92;0.9
0.0;0.0;0.0;13.07;0.21
0.0;0.0;0.0;12.25;0.83
0.0;0.0;0.0;9.85;1.31
0.0;0.0;0.0;8.19;1.59
0.0;0.0;0.0;7.34;1.66
0.0;0.0;0.0;6.57;1.86
68.0;227.91;41.0;6.36;1.86
226.0;491.51;87.0;8.95;1.31
398.0;641.49;114.0;12.43;1.52
564.0;737.25;131.0;14.82;1.79
691.0;748.51;162.0;16.63;2.07
787.0;765.59;180.0;17.99;1.79
837.0;765.67;194.0;18.95;1.45
802.0;646.65;256.0;19.87;1.93
742.0;585.45;270.0;20.47;2.21
546.0;282.97;340.0;20.96;2.41
287.0;34.14;266.0;21.18;3.31
288.0;141.06;221.0;20.93;2.9
218.0;280.37;129.0;20.02;2.07
25.0;0.0;25.0;19.62;1.1
0.0;0.0;0.0;18.8;1.1
0.0;0.0;0.0;17.5;1.03
0.0;0.0;0.0;14.95;2.14
0.0;0.0;0.0;14.14;2.41
0.0;0.0;0.0;13.61;2.48
0.0;0.0;0.0;12.92;2.41
0.0;0.0;0.0;12.1;2.0
0.0;0.0;0.0;12.17;1.59
0.0;0.0;0.0;12.1;1.72
0.0;0.0;0.0;11.93;1.93
7.0;0.0;7.0;12.08;1.93
62.0;0.0;62.0;12.43;2.28
118.0;0.0;118.0;12.47;2.14
123.0;0.0;123.0;13.38;3.45
282.0;9.86;275.0;13.77;3.93
484.0;111.88;395.0;14.89;4.9
655.0;307.47;396.0;16.02;5.45
498.0;93.29;419.0;16.39;6.14
707.0;484.7;315.0;16.12;6.14
237.0;1.37;236.0;16.08;5.93
514.0;438.69;243.0;16.17;5.72
349.0;297.14;207.0;15.66;4.55
236.0;355.64;122.0;15.03;3.1
63.0;44.74;56.0;14.58;2.0
0.0;0.0;0.0;14.03;1.52
0.0;0.0;0.0;12.49;1.59
0.0;0.0;0.0;11.4;1.79
0.0;0.0;0.0;10.95;1.86
0.0;0.0;0.0;10.74;1.93
0.0;0.0;0.0;10.37;2.0
0.0;0.0;0.0;10.22;2.0
0.0;0.0;0.0;9.88;2.07
0.0;0.0;0.0;9.69;2.07
0.0;0.0;0.0;9.21;2.21
44.0;31.77;40.0;8.99;2.14
163.0;134.6;124.0;10.16;1.66
273.0;146.93;207.0;12.43;1.93
337.0;96.07;280.0;14.15;2.0
378.0;63.17;333.0;15.47;2.69
262.0;1.25;261.0;16.1;2.34
219.0;0.0;219.0;15.64;1.31
91.0;0.0;91.0;15.08;0.34
94.0;0.0;94.0;15.08;0.62
170.0;0.0;170.0;15.03;0.69
251.0;14.51;242.0;15.36;0.55
182.0;10.4;177.0;15.76;1.52
243.0;386.25;118.0;16.06;1.79
74.0;87.63;60.0;15.77;1.03
0.0;0.0;0.0;14.39;1.24
0.0;0.0;0.0;13.29;0.69
0.0;0.0;0.0;12.79;0.76
0.0;0.0;0.0;12.06;0.48
0.0;0.0;0.0;11.2;0.69
0.0;0.0;0.0;8.86;1.03
0.0;0.0;0.0;8.28;1.24
0.0;0.0;0.0;8.07;1.59
0.0;0.0;0.0;8.11;1.66
0.0;0.0;0.0;8.18;2.07
37.0;7.72;36.0;8.62;2.34
145.0;78.47;122.0;9.22;2.69
204.0;37.59;187.0;10.42;2.83
489.0;432.75;231.0;12.84;2.48
641.0;563.62;238.0;15.17;2.97
456.0;86.18;387.0;17.1;3.52
451.0;59.01;401.0;18.66;3.93
641.0;278.27;404.0;19.72;3.79
560.0;196.65;400.0;19.69;3.59
298.0;12.23;289.0;20.16;3.45
139.0;0.0;139.0;20.05;3.45
48.0;0.0;48.0;19.96;3.17
34.0;0.0;34.0;18.35;2.14
33.0;0.0;33.0;16.83;2.0
0.0;0.0;0.0;15.44;1.79
0.0;0.0;0.0;14.94;1.86
0.0;0.0;0.0;14.62;1.72
0.0;0.0;0.0;14.25;1.45
0.0;0.0;0.0;14.0;1.31
0.0;0.0;0.0;13.68;1.17
0.0;0.0;0.0;12.96;1.31
0.0;0.0;0.0;12.15;1.38
0.0;0.0;0.0;11.52;1.59
0.0;0.0;0.0;11.28;1.45
53.0;52.65;46.0;11.74;1.31
102.0;10.12;99.0;13.06;1.79
138.0;2.2;137.0;13.34;3.17
81.0;0.0;81.0;14.42;3.93
102.0;0.0;102.0;15.7;4.41
93.0;0.0;93.0;16.05;4.48
123.0;0.0;123.0;16.81;4.55
124.0;0.0;124.0;17.43;4.83
98.0;0.0;98.0;18.15;5.03
95.0;0.0;95.0;18.76;4.76
107.0;0.0;107.0;18.52;4.83
241.0;59.63;212.0;18.04;4.48
109.0;6.07;107.0;17.47;4.62
31.0;0.0;31.0;16.85;5.03
0.0;0.0;0.0;15.46;4.83
0.0;0.0;0.0;14.64;4.83
0.0;0.0;0.0;14.08;4.69
0.0;0.0;0.0;13.7;4.62
0.0;0.0;0.0;13.48;4.55
0.0;0.0;0.0;13.09;4.62
0.0;0.0;0.0;12.55;4.69
0.0;0.0;0.0;12.16;5.03
0.0;0.0;0.0;11.7;5.03
0.0;0.0;0.0;11.52;4.9
24.0;0.0;24.0;11.52;4.62
24.0;0.0;24.0;12.02;4.34
97.0;0.0;97.0;12.92;2.14
109.0;0.0;109.0;14.03;2.28
160.0;0.0;160.0;15.32;3.38
333.0;13.66;322.0;16.0;4.07
157.0;0.0;157.0;16.69;4.34
426.0;42.04;390.0;17.33;4.28
597.0;255.41;388.0;17.8;4.07
511.0;212.02;354.0;18.6;3.93
501.0;396.37;252.0;19.11;3.52
430.0;607.25;133.0;19.05;2.55
254.0;420.9;114.0;18.91;1.79
102.0;236.03;62.0;18.49;1.1
0.0;0.0;0.0;16.41;2.14
0.0;0.0;0.0;14.96;2.34
0.0;0.0;0.0;14.07;2.14
0.0;0.0;0.0;13.4;1.93
0.0;0.0;0.0;12.8;1.86
0.0;0.0;0.0;12.75;1.79
0.0;0.0;0.0;12.73;1.72
0.0;0.0;0.0;12.2;1.79
0.0;0.0;0.0;11.84;1.79
0.0;0.0;0.0;11.38;1.72
42.0;14.32;40.0;11.1;1.52
45.0;0.0;45.0;13.4;1.17
198.0;28.2;185.0;14.45;1.03
344.0;99.29;284.0;16.07;0.76
451.0;138.39;351.0;17.77;0.62
626.0;320.63;367.0;19.42;0.76
518.0;112.39;422.0;20.66;0.76
613.0;227.14;418.0;21.47;0.55
368.0;23.16;349.0;21.82;0.14
377.0;51.16;339.0;21.95;0.21
298.0;38.05;274.0;19.78;0.41
171.0;6.1;168.0;19.11;0.76
28.0;0.0;28.0;18.83;1.24
23.0;0.0;23.0;17.94;2.0
0.0;0.0;0.0;16.9;0.41
0.0;0.0;0.0;15.71;1.59
0.0;0.0;0.0;15.07;0.97
0.0;0.0;0.0;14.64;0.69
0.0;0.0;0.0;14.06;0.41
0.0;0.0;0.0;13.17;0.14
0.0;0.0;0.0;12.24;0.0
0.0;0.0;0.0;11.64;0.07
0.0;0.0;0.0;11.78;0.21
0.0;0.0;0.0;11.87;0.34
12.0;0.0;12.0;12.24;0.62
25.0;0.0;25.0;13.25;1.03
48.0;0.0;48.0;14.3;0.62
94.0;0.0;94.0;15.21;0.07
227.0;1.38;226.0;15.56;0.28
272.0;1.23;271.0;16.11;0.14
135.0;0.0;135.0;16.76;0.34
134.0;0.0;134.0;17.6;0.69
192.0;0.0;192.0;17.27;1.38
115.0;0.0;115.0;17.26;1.31
367.0;107.4;299.0;17.63;0.9
71.0;0.0;71.0;18.46;1.59
25.0;0.0;25.0;16.99;3.45
32.0;0.0;32.0;15.76;2.9
0.0;0.0;0.0;14.64;2.62
0.0;0.0;0.0;14.06;2.41
0.0;0.0;0.0;13.61;2.34
0.0;0.0;0.0;13.07;2.48
0.0;0.0;0.0;12.74;2.48
0.0;0.0;0.0;12.35;2.55
0.0;0.0;0.0;12.28;2.62
0.0;0.0;0.0;11.93;2.55
0.0;0.0;0.0;11.71;2.48
0.0;0.0;0.0;11.4;2.62
9.0;0.0;9.0;11.35;2.76
33.0;0.0;33.0;11.73;3.31
107.0;0.0;107.0;12.38;3.66
199.0;1.64;198.0;12.91;3.79
394.0;68.76;344.0;13.56;4.14
315.0;7.39;309.0;14.72;4.69
195.0;0.0;195.0;15.21;4.55
79.0;0.0;79.0;16.32;4.97
235.0;0.0;235.0;14.7;6.07
635.0;456.25;294.0;14.51;5.72
368.0;102.27;303.0;14.94;6.0
363.0;297.75;215.0;14.63;6.28
213.0;190.47;148.0;14.01;5.72
116.0;290.83;64.0;13.24;4.69
0.0;0.0;0.0;12.06;4.14
0.0;0.0;0.0;11.44;3.66
0.0;0.0;0.0;10.57;3.72
0.0;0.0;0.0;9.91;3.79
0.0;0.0;0.0;9.38;3.93
0.0;0.0;0.0;9.04;3.72
0.0;0.0;0.0;8.74;3.72
0.0;0.0;0.0;8.46;3.86
0.0;0.0;0.0;8.38;4.0
0.0;0.0;0.0;8.66;4.28
28.0;0.0;28.0;9.16;4.62
223.0;327.82;121.0;9.91;4.55
182.0;12.79;176.0;10.81;5.24
368.0;122.62;293.0;11.63;5.45
438.0;112.42;356.0;12.35;5.79
151.0;0.0;151.0;13.51;6.48
306.0;2.32;304.0;14.8;6.21
288.0;1.16;287.0;15.29;5.72
375.0;22.98;356.0;15.86;6.34
136.0;0.0;136.0;15.92;6.07
331.0;59.56;293.0;16.37;5.93
122.0;0.0;122.0;16.63;5.59
118.0;8.72;115.0;16.26;4.62
56.0;11.0;54.0;15.69;4.34
0.0;0.0;0.0;14.35;3.93
0.0;0.0;0.0;13.72;3.79
0.0;0.0;0.0;13.17;3.59
0.0;0.0;0.0;12.57;3.38
0.0;0.0;0.0;11.82;2.83
0.0;0.0;0.0;11.1;2.62
0.0;0.0;0.0;10.44;2.83
0.0;0.0;0.0;10.07;2.62
0.0;0.0;0.0;9.87;2.62
0.0;0.0;0.0;9.74;2.21
60.0;46.11;53.0;9.72;2.07
36.0;0.0;36.0;9.99;1.66
48.0;0.0;48.0;10.41;3.38
71.0;0.0;71.0;10.98;3.59
192.0;0.0;192.0;12.1;4.55
94.0;0.0;94.0;12.83;4.97
155.0;0.0;155.0;13.43;5.24
283.0;1.15;282.0;13.92;5.79
366.0;19.3;350.0;13.71;5.31
459.0;122.38;367.0;13.82;5.59
246.0;9.37;240.0;14.58;5.93
271.0;85.63;228.0;15.33;5.66
260.0;377.74;129.0;15.3;4.55
125.0;340.92;62.0;15.07;4.07
0.0;0.0;0.0;13.72;4.0
0.0;0.0;0.0;12.59;3.59
0.0;0.0;0.0;11.57;3.31
0.0;0.0;0.0;10.86;3.17
0.0;0.0;0.0;10.0;3.31
0.0;0.0;0.0;9.46;3.31
0.0;0.0;0.0;8.98;3.31
0.0;0.0;0.0;8.56;3.45
0.0;0.0;0.0;8.39;3.59
0.0;0.0;0.0;8.31;3.66
94.0;239.29;57.0;8.53;3.72
237.0;376.1;118.0;9.76;3.52
397.0;483.32;168.0;11.78;6.07
308.0;48.69;278.0;12.97;5.66
664.0;560.28;253.0;14.04;5.52
523.0;138.1;410.0;14.95;5.59
577.0;163.14;436.0;15.74;5.72
661.0;279.74;418.0;16.29;5.72
732.0;492.17;323.0;16.6;5.59
681.0;554.46;263.0;16.85;5.31
463.0;250.56;302.0;16.87;5.17
445.0;570.7;157.0;16.73;4.62
132.0;14.31;127.0;16.46;3.86
48.0;0.0;48.0;15.69;2.76
4.0;0.0;4.0;14.39;2.21
0.0;0.0;0.0;12.99;2.14
0.0;0.0;0.0;11.61;2.21
0.0;0.0;0.0;10.39;2.28
0.0;0.0;0.0;9.43;2.28
0.0;0.0;0.0;8.69;2.21
0.0;0.0;0.0;8.07;2.0
0.0;0.0;0.0;7.36;1.86
0.0;0.0;0.0;7.31;1.59
0.0;0.0;0.0;7.35;1.31
93.0;222.47;58.0;7.76;1.03
228.0;319.86;126.0;10.01;0.62
378.0;403.29;186.0;12.32;0.62
463.0;297.64;279.0;14.29;0.83
378.0;51.66;340.0;16.11;1.45
690.0;423.12;343.0;17.4;3.1
514.0;98.14;429.0;17.47;3.45
404.0;25.27;382.0;17.99;3.79
179.0;0.0;179.0;17.72;3.31
574.0;294.99;351.0;17.85;2.97
626.0;752.16;141.0;18.03;2.97
409.0;422.02;195.0;18.04;3.03
217.0;176.06;155.0;17.8;2.69
129.0;330.55;66.0;17.32;2.0
4.0;0.0;4.0;15.92;1.79
0.0;0.0;0.0;14.04;2.0
0.0;0.0;0.0;12.4;1.93
0.0;0.0;0.0;11.16;1.93
0.0;0.0;0.0;10.13;1.86
0.0;0.0;0.0;9.31;1.72
0.0;0.0;0.0;8.86;1.52
0.0;0.0;0.0;8.74;1.31
0.0;0.0;0.0;8.8;1.1
0.0;0.0;0.0;9.33;0.76
99.0;256.36;58.0;9.25;0.41
236.0;348.6;124.0;10.36;0.34
426.0;606.35;136.0;13.37;0.62
541.0;522.41;217.0;15.73;0.97
656.0;534.3;262.0;17.44;1.24
806.0;731.23;205.0;18.5;1.03
846.0;706.28;233.0;19.39;0.83
823.0;628.2;275.0;20.27;0.69
830.0;764.23;192.0;20.82;0.34
705.0;622.71;233.0;21.14;0.48
477.0;278.21;297.0;21.19;0.55
336.0;196.28;236.0;20.8;0.83
241.0;256.51;150.0;20.55;0.97
91.0;77.55;76.0;19.85;1.17
5.0;0.0;5.0;18.29;2.07
0.0;0.0;0.0;17.04;2.28
0.0;0.0;0.0;16.16;2.34
0.0;0.0;0.0;15.77;2.21
0.0;0.0;0.0;15.35;1.93
0.0;0.0;0.0;14.74;1.79
0.0;0.0;0.0;14.1;1.72
0.0;0.0;0.0;13.49;1.59
0.0;0.0;0.0;12.77;1.52
0.0;0.0;0.0;13.0;1.38
47.0;6.16;46.0;13.24;1.24
107.0;6.18;105.0;14.39;1.03
314.0;197.76;219.0;15.12;1.38
542.0;533.64;210.0;16.72;1.31
568.0;319.25;332.0;18.28;0.97
628.0;298.67;382.0;19.65;0.34
632.0;242.63;421.0;20.96;1.17
537.0;117.84;434.0;21.49;2.28
421.0;44.22;384.0;21.63;2.76
499.0;168.43;371.0;21.6;3.17
404.0;143.26;311.0;20.74;3.86
232.0;35.17;214.0;19.81;4.41
219.0;176.31;156.0;18.73;4.0
83.0;50.97;73.0;17.85;3.38
1.0;0.0;1.0;16.89;2.9
0.0;0.0;0.0;15.64;2.9
0.0;0.0;0.0;14.73;2.83
0.0;0.0;0.0;13.75;2.76
0.0;0.0;0.0;13.03;2.69
0.0;0.0;0.0;12.39;2.83
0.0;0.0;0.0;11.64;2.9
0.0;0.0;0.0;11.07;2.76
0.0;0.0;0.0;10.56;2.76
0.0;0.0;0.0;10.04;2.41
116.0;382.17;53.0;9.76;2.21
281.0;595.5;87.0;10.32;2.48
457.0;721.42;109.0;11.73;2.55
621.0;798.09;123.0;13.37;2.48
749.0;816.52;144.0;14.8;2.41
864.0;882.1;136.0;15.82;2.28
910.0;873.42;149.0;16.65;2.14
910.0;863.24;154.0;17.42;1.93
884.0;898.09;131.0;18.06;1.79
769.0;809.85;152.0;18.48;1.72
642.0;776.97;136.0;18.63;1.66
487.0;717.72;118.0;18.6;1.52
312.0;594.7;98.0;18.33;1.45
145.0;407.2;64.0;17.83;1.38
11.0;23.63;10.0;16.68;1.66
0.0;0.0;0.0;14.81;2.21
0.0;0.0;0.0;13.29;2.41
0.0;0.0;0.0;12.17;2.48
0.0;0.0;0.0;11.33;2.55
0.0;0.0;0.0;10.7;2.62
0.0;0.0;0.0;10.18;2.76
0.0;0.0;0.0;9.8;2.83
0.0;0.0;0.0;9.43;2.76
0.0;0.0;0.0;9.11;2.76
115.0;370.91;53.0;9.49;2.9
278.0;582.53;87.0;11.32;2.69
445.0;685.53;113.0;13.46;3.45
580.0;661.6;166.0;15.63;3.79
602.0;391.86;311.0;17.13;3.52
411.0;42.33;376.0;18.07;2.97
123.0;0.0;123.0;18.43;3.03
158.0;0.0;158.0;19.1;3.66
266.0;1.19;265.0;19.12;3.79
342.0;23.57;324.0;21.15;3.93
427.0;176.03;312.0;21.99;3.66
162.0;1.94;161.0;22.0;3.31
143.0;22.08;135.0;22.14;2.14
32.0;0.0;32.0;21.85;1.24
3.0;0.0;3.0;18.71;2.69
0.0;0.0;0.0;17.59;2.69
0.0;0.0;0.0;16.83;2.48
0.0;0.0;0.0;16.06;2.14
0.0;0.0;0.0;15.28;1.86
0.0;0.0;0.0;14.46;1.72
0.0;0.0;0.0;13.91;1.66
0.0;0.0;0.0;13.51;1.72
0.0;0.0;0.0;13.36;1.93
0.0;0.0;0.0;12.9;1.38
99.0;218.46;62.0;12.96;0.97
252.0;430.45;110.0;15.03;1.1
397.0;475.19;166.0;17.6;0.41
587.0;710.83;141.0;19.99;0.62
711.0;731.0;167.0;22.08;0.97
825.0;814.81;150.0;23.53;0.83
870.0;806.28;165.0;24.59;0.41
870.0;791.83;174.0;25.55;0.28
804.0;706.77;209.0;26.06;0.76
621.0;403.62;312.0;26.45;1.03
503.0;344.88;277.0;26.66;1.38
305.0;131.13;237.0;26.54;2.0
145.0;24.68;136.0;25.91;2.21
119.0;200.78;78.0;24.9;2.28
10.0;0.0;10.0;23.38;2.48
0.0;0.0;0.0;21.64;2.9
0.0;0.0;0.0;20.38;2.9
0.0;0.0;0.0;19.55;2.69
0.0;0.0;0.0;18.82;2.48
0.0;0.0;0.0;18.01;2.41
0.0;0.0;0.0;17.36;2.55
0.0;0.0;0.0;17.14;2.62
0.0;0.0;0.0;16.8;2.48
0.0;0.0;0.0;16.36;2.48
98.0;198.28;64.0;16.37;2.34
168.0;87.4;139.0;17.83;2.28
385.0;426.35;177.0;20.55;1.79
372.0;122.41;295.0;22.13;1.93
745.0;834.13;123.0;23.74;2.34
824.0;810.97;151.0;25.23;2.21
873.0;815.21;159.0;26.53;2.14
873.0;804.09;165.0;27.66;2.48
777.0;629.53;246.0;28.41;2.9
640.0;450.9;294.0;28.93;3.31
551.0;483.82;233.0;28.93;3.52
340.0;203.56;234.0;28.61;3.24
268.0;359.59;136.0;28.16;2.55
152.0;430.45;63.0;27.26;2.69
19.0;98.63;14.0;21.31;1.03
0.0;0.0;0.0;20.26;3.1
0.0;0.0;0.0;19.37;2.83
0.0;0.0;0.0;18.21;2.07
0.0;0.0;0.0;17.62;1.66
0.0;0.0;0.0;17.37;2.48
0.0;0.0;0.0;17.18;4.14
0.0;0.0;0.0;16.93;4.34
0.0;0.0;0.0;16.86;4.62
0.0;0.0;0.0;16.44;5.17
59.0;17.29;56.0;15.57;5.38
67.0;0.0;67.0;15.11;4.69
108.0;0.0;108.0;14.83;5.17
263.0;17.45;252.0;15.03;5.52
322.0;18.74;308.0;15.36;4.83
90.0;0.0;90.0;15.05;4.48
236.0;0.0;236.0;14.64;4.41
156.0;0.0;156.0;14.68;4.55
151.0;0.0;151.0;15.45;5.45
489.0;146.93;376.0;16.43;5.93
297.0;28.82;278.0;16.41;5.86
398.0;348.09;216.0;16.1;6.0
231.0;189.5;161.0;15.3;5.93
133.0;258.05;79.0;14.23;5.59
14.0;18.74;13.0;13.11;4.28
0.0;0.0;0.0;12.23;3.86
0.0;0.0;0.0;11.56;3.79
0.0;0.0;0.0;10.88;3.79
0.0;0.0;0.0;10.3;3.59
0.0;0.0;0.0;9.77;3.38
0.0;0.0;0.0;9.38;3.17
0.0;0.0;0.0;8.84;2.76
0.0;0.0;0.0;8.33;2.62
0.0;0.0;0.0;7.89;2.34
79.0;68.42;67.0;8.02;2.0
284.0;572.55;92.0;9.7;2.28
417.0;513.16;165.0;10.99;3.24
518.0;420.9;252.0;12.1;3.24
570.0;300.62;345.0;13.32;3.59
493.0;99.69;410.0;13.9;3.72
459.0;51.22;414.0;14.45;3.86
376.0;14.72;363.0;14.98;4.14
173.0;0.0;173.0;15.45;4.48
251.0;1.3;250.0;15.86;4.62
270.0;13.61;261.0;15.89;4.48
172.0;1.91;171.0;15.8;3.31
100.0;0.0;100.0;15.61;3.52
29.0;0.0;29.0;15.37;3.86
7.0;0.0;7.0;14.4;3.72
0.0;0.0;0.0;14.34;3.72
0.0;0.0;0.0;14.29;3.86
0.0;0.0;0.0;14.19;3.93
0.0;0.0;0.0;13.98;3.79
0.0;0.0;0.0;13.95;3.66
0.0;0.0;0.0;13.85;3.52
0.0;0.0;0.0;13.77;3.38
0.0;0.0;0.0;13.68;3.24
0.0;0.0;0.0;13.6;3.03
21.0;0.0;21.0;13.59;2.9
71.0;0.0;71.0;13.75;2.9
128.0;0.0;128.0;13.98;3.72
140.0;0.0;140.0;14.53;3.72
128.0;0.0;128.0;15.03;3.59
116.0;0.0;116.0;15.65;3.66
179.0;0.0;179.0;16.29;3.24
408.0;27.13;384.0;17.35;3.31
150.0;0.0;150.0;17.88;3.1
151.0;0.0;151.0;18.34;3.03
114.0;0.0;114.0;18.49;2.83
115.0;0.0;115.0;18.54;2.62
63.0;0.0;63.0;18.47;2.48
60.0;4.67;59.0;18.11;2.21
10.0;0.0;10.0;16.91;1.86
0.0;0.0;0.0;15.95;1.93
0.0;0.0;0.0;15.15;2.07
0.0;0.0;0.0;14.38;2.14
0.0;0.0;0.0;13.4;2.21
0.0;0.0;0.0;12.76;2.34
0.0;0.0;0.0;12.41;2.55
0.0;0.0;0.0;12.15;2.69
0.0;0.0;0.0;11.87;2.76
0.0;0.0;0.0;11.5;2.76
125.0;368.9;59.0;11.56;2.83
293.0;602.66;89.0;12.52;3.1
447.0;645.84;128.0;14.46;3.45
604.0;713.83;151.0;16.03;4.07
483.0;153.14;368.0;17.3;4.55
655.0;328.14;381.0;18.52;5.45
645.0;245.15;429.0;19.25;5.24
788.0;516.92;330.0;19.91;5.38
870.0;848.75;149.0;20.34;5.03
776.0;811.4;148.0;20.62;4.97
648.0;767.37;138.0;20.7;4.83
495.0;709.06;120.0;20.45;4.97
327.0;606.39;99.0;19.88;4.97
162.0;443.61;66.0;18.93;4.41
22.0;65.6;18.0;17.69;4.28
0.0;0.0;0.0;16.27;4.21
0.0;0.0;0.0;15.23;4.14
0.0;0.0;0.0;14.35;4.0
0.0;0.0;0.0;13.61;3.79
0.0;0.0;0.0;12.93;3.66
0.0;0.0;0.0;12.32;3.59
0.0;0.0;0.0;11.72;3.59
0.0;0.0;0.0;11.19;3.59
5.0;0.0;5.0;10.77;3.72
138.0;470.87;53.0;11.02;4.0
306.0;656.0;83.0;12.3;3.66
479.0;755.21;105.0;14.48;4.62
645.0;832.03;116.0;16.1;5.38
769.0;836.35;140.0;17.54;5.86
884.0;901.77;130.0;18.72;6.0
931.0;893.17;143.0;19.75;6.0
937.0;894.88;143.0;20.51;6.07
907.0;919.07;125.0;20.97;6.14
792.0;833.01;146.0;21.21;6.0
663.0;789.41;137.0;21.19;5.86
505.0;723.47;121.0;20.95;5.66
333.0;616.26;100.0;20.48;5.38
164.0;429.88;70.0;19.7;4.34
23.0;63.11;19.0;18.57;3.86
0.0;0.0;0.0;17.03;3.52
0.0;0.0;0.0;15.86;3.45
0.0;0.0;0.0;14.97;3.45
0.0;0.0;0.0;14.22;3.38
0.0;0.0;0.0;13.55;3.31
0.0;0.0;0.0;13.01;3.24
0.0;0.0;0.0;12.47;3.1
0.0;0.0;0.0;11.94;2.97
4.0;0.0;4.0;11.44;2.9
127.0;373.57;59.0;11.62;2.9
291.0;583.1;92.0;13.05;2.97
462.0;705.03;112.0;15.21;3.59
623.0;781.9;125.0;16.89;3.66
752.0;809.95;142.0;18.38;3.72
865.0;875.55;132.0;19.55;4.14
912.0;867.16;146.0;20.7;5.1
778.0;491.86;341.0;20.8;5.03
196.0;0.0;196.0;21.16;4.9
640.0;407.99;323.0;21.07;4.48
68.0;0.0;68.0;20.64;3.93
436.0;452.48;195.0;20.54;3.57
159.0;28.94;148.0;19.68;3.45
160.0;393.91;73.0;18.82;3.33
24.0;76.09;19.0;17.96;3.2
0.0;0.0;0.0;17.1;3.08
0.0;0.0;0.0;16.24;2.96
0.0;0.0;0.0;15.38;2.84
0.0;0.0;0.0;14.52;2.72
0.0;0.0;0.0;13.66;2.59
0.0;0.0;0.0;12.8;2.47
0.0;0.0;0.0;11.93;2.35
0.0;0.0;0.0;11.07;2.23
7.0;0.0;7.0;10.21;2.11
131.0;387.06;60.0;9.35;1.98
293.0;575.13;96.0;8.49;1.86
370.0;311.52;215.0;7.63;1.74
468.0;271.19;295.0;11.5;1.79
453.0;110.06;370.0;12.24;1.59
572.0;183.73;418.0;12.92;2.21
681.0;295.12;420.0;13.79;2.48
828.0;594.65;299.0;14.81;2.76
868.0;817.86;170.0;16.29;3.1
792.0;833.75;143.0;16.5;3.31
621.0;633.22;197.0;17.03;3.93
487.0;636.21;147.0;16.78;4.48
241.0;183.2;171.0;16.37;4.9
169.0;448.44;69.0;15.77;4.21
20.0;29.42;18.0;15.05;2.28
0.0;0.0;0.0;13.72;2.14
0.0;0.0;0.0;12.74;2.48
0.0;0.0;0.0;12.4;2.97
0.0;0.0;0.0;12.48;3.79
0.0;0.0;0.0;12.49;4.62
0.0;0.0;0.0;12.17;5.03
0.0;0.0;0.0;11.67;5.17
0.0;0.0;0.0;11.2;5.03
6.0;0.0;6.0;11.02;4.9
50.0;5.41;49.0;11.33;5.1
67.0;0.0;67.0;11.77;5.31
109.0;0.0;109.0;13.01;5.72
286.0;29.74;267.0;13.96;6.48
527.0;226.48;356.0;15.54;8.07
646.0;319.39;378.0;16.87;7.93
674.0;300.44;408.0;18.32;7.79
593.0;174.03;438.0;19.87;7.93
475.0;78.39;408.0;21.2;8.07
588.0;302.65;352.0;21.89;8.0
576.0;515.53;230.0;22.02;7.79
411.0;367.43;214.0;22.01;7.1
316.0;526.04;114.0;21.52;6.14
156.0;351.02;77.0;20.53;5.66
31.0;128.28;22.0;19.15;5.17
0.0;0.0;0.0;17.71;4.76
0.0;0.0;0.0;16.49;4.48
0.0;0.0;0.0;15.78;4.41
0.0;0.0;0.0;15.39;4.28
0.0;0.0;0.0;15.1;4.0
0.0;0.0;0.0;14.6;3.72
0.0;0.0;0.0;14.17;3.59
0.0;0.0;0.0;14.08;3.52
2.0;0.0;2.0;14.16;3.45
55.0;5.38;54.0;14.57;3.38
59.0;0.0;59.0;15.01;2.97
183.0;8.01;179.0;16.12;3.93
295.0;31.26;275.0;16.34;3.52
343.0;26.46;323.0;16.64;3.52
326.0;7.14;320.0;16.95;3.31
514.0;89.14;435.0;17.43;3.1
710.0;343.16;404.0;18.14;2.76
857.0;792.21;179.0;18.68;2.48
782.0;810.38;149.0;19.02;2.21
656.0;767.1;140.0;18.96;2.0
510.0;730.7;117.0;18.88;1.79
337.0;611.62;101.0;18.67;1.72
166.0;405.18;74.0;18.34;1.72
32.0;124.52;23.0;17.63;1.93
0.0;0.0;0.0;16.23;2.28
0.0;0.0;0.0;15.03;2.55
0.0;0.0;0.0;14.15;2.83
0.0;0.0;0.0;13.35;2.97
0.0;0.0;0.0;12.54;2.97
0.0;0.0;0.0;11.83;2.83
0.0;0.0;0.0;11.14;2.62
0.0;0.0;0.0;10.6;2.48
8.0;0.0;8.0;10.19;2.34
133.0;395.57;59.0;10.49;2.14
295.0;587.17;92.0;12.63;2.0
467.0;707.43;113.0;14.78;2.41
621.0;761.83;133.0;16.96;2.62
756.0;810.14;143.0;18.8;3.03
860.0;851.61;144.0;20.11;3.03
916.0;867.94;146.0;21.38;3.1
922.0;869.29;146.0;22.45;3.24
884.0;868.2;140.0;23.4;3.31
798.0;852.51;131.0;24.14;3.38
666.0;796.6;129.0;24.67;3.31
513.0;737.76;115.0;24.93;3.1
339.0;619.11;99.0;24.87;2.83
169.0;419.22;73.0;24.3;2.21
33.0;121.11;24.0;22.59;2.07
0.0;0.0;0.0;20.6;2.55
0.0;0.0;0.0;19.29;2.62
0.0;0.0;0.0;18.44;2.69
0.0;0.0;0.0;17.89;2.62
0.0;0.0;0.0;17.39;2.48
0.0;0.0;0.0;16.86;2.41
0.0;0.0;0.0;16.35;2.34
0.0;0.0;0.0;15.84;2.28
8.0;0.0;8.0;15.47;2.28
125.0;324.32;64.0;15.99;2.07
283.0;536.63;97.0;18.71;1.93
449.0;656.44;120.0;22.15;2.48
605.0;731.34;136.0;24.68;2.83
738.0;781.66;146.0;26.73;3.03
835.0;812.83;151.0;28.33;3.31
890.0;828.86;154.0;29.73;3.45
896.0;830.35;154.0;30.77;3.59
845.0;793.7;164.0;30.84;3.79
755.0;752.91;165.0;29.4;2.97
639.0;735.74;142.0;28.34;3.03
492.0;678.32;125.0;28.06;1.86
314.0;498.23;120.0;27.58;0.9
176.0;467.82;68.0;26.55;1.79
38.0;170.43;25.0;22.01;3.93
0.0;0.0;0.0;19.61;4.34
0.0;0.0;0.0;17.28;4.55
0.0;0.0;0.0;16.04;3.59
0.0;0.0;0.0;15.46;3.31
0.0;0.0;0.0;15.07;3.59
0.0;0.0;0.0;14.41;3.52
0.0;0.0;0.0;13.76;3.52
0.0;0.0;0.0;13.18;3.59
10.0;0.0;10.0;12.77;3.03
125.0;306.88;67.0;12.54;3.17
284.0;515.26;105.0;12.9;3.45
456.0;663.5;123.0;13.59;3.17
616.0;746.19;137.0;14.75;3.31
750.0;795.52;147.0;16.03;3.1
854.0;835.93;150.0;17.32;2.83
909.0;851.79;152.0;18.53;2.55
916.0;853.02;153.0;19.49;2.28
878.0;853.3;145.0;20.3;2.28
798.0;848.62;132.0;20.76;2.48
663.0;781.55;134.0;20.91;2.83
514.0;735.4;115.0;20.68;3.17
341.0;616.29;100.0;20.17;3.31
171.0;408.34;76.0;19.38;3.17
36.0;140.73;25.0;18.08;3.45
0.0;0.0;0.0;16.43;3.66
0.0;0.0;0.0;14.96;3.86
0.0;0.0;0.0;13.7;3.66
0.0;0.0;0.0;12.58;3.17
0.0;0.0;0.0;11.64;2.76
0.0;0.0;0.0;10.88;2.48
0.0;0.0;0.0;10.18;2.62
0.0;0.0;0.0;9.63;2.83
10.0;0.0;10.0;9.33;2.76
132.0;352.97;65.0;9.55;2.34
295.0;560.19;100.0;10.9;2.62
453.0;622.89;140.0;12.57;2.9
622.0;740.86;146.0;14.37;3.1
756.0;785.69;160.0;16.1;3.24
823.0;714.3;221.0;17.64;3.38
895.0;782.54;199.0;18.93;3.52
883.0;729.38;230.0;19.89;3.52
776.0;539.55;312.0;20.71;3.59
783.0;779.97;170.0;21.21;3.79
576.0;464.5;261.0;21.39;4.07
518.0;727.92;122.0;21.17;4.41
332.0;537.37;121.0;20.67;4.62
178.0;443.74;74.0;19.86;4.21
40.0;175.06;26.0;18.33;4.21
0.0;0.0;0.0;16.87;4.41
0.0;0.0;0.0;15.71;4.76
0.0;0.0;0.0;14.63;4.97
0.0;0.0;0.0;13.59;4.97
0.0;0.0;0.0;12.62;4.83
0.0;0.0;0.0;11.77;4.69
0.0;0.0;0.0;11.05;4.62
0.0;0.0;0.0;10.47;4.55
10.0;0.0;10.0;10.01;4.48
139.0;409.36;61.0;10.05;4.14
304.0;607.97;92.0;10.84;4.76
472.0;705.73;117.0;12.17;5.31
632.0;777.61;132.0;13.75;5.52
765.0;815.47;146.0;15.27;5.86
870.0;856.12;148.0;16.62;6.21
926.0;871.86;150.0;17.64;6.34
933.0;872.73;151.0;18.45;6.34
895.0;873.51;143.0;19.01;6.28
810.0;858.96;134.0;19.32;6.28
678.0;803.66;132.0;19.33;6.34
522.0;738.89;119.0;19.08;6.34
352.0;641.83;99.0;18.6;6.21
181.0;453.34;74.0;17.95;5.72
25.0;24.48;23.0;16.88;5.45
0.0;0.0;0.0;15.77;5.31
0.0;0.0;0.0;14.85;5.38
0.0;0.0;0.0;14.02;5.66
0.0;0.0;0.0;13.28;5.72
0.0;0.0;0.0;12.71;5.72
0.0;0.0;0.0;12.44;5.66
0.0;0.0;0.0;11.93;5.66
0.0;0.0;0.0;11.41;5.52
7.0;0.0;7.0;11.0;5.31
70.0;20.92;66.0;10.94;4.97
270.0;409.48;127.0;11.06;5.38
461.0;657.43;130.0;12.19;5.93
622.0;739.8;146.0;13.47;6.07
760.0;800.52;152.0;15.05;6.14
860.0;829.56;160.0;16.24;6.34
910.0;827.5;173.0;17.29;6.69
897.0;767.21;209.0;18.06;6.97
626.0;237.89;421.0;18.29;6.76
518.0;162.43;390.0;18.27;6.41
496.0;261.54;318.0;18.69;6.41
505.0;665.75;141.0;18.46;6.21
331.0;518.12;126.0;17.9;5.93
156.0;265.15;93.0;17.24;5.52
35.0;83.99;28.0;16.43;5.45
0.0;0.0;0.0;15.97;5.31
0.0;0.0;0.0;15.56;5.17
0.0;0.0;0.0;14.99;5.1
0.0;0.0;0.0;14.37;5.31
0.0;0.0;0.0;13.42;5.45
0.0;0.0;0.0;12.85;5.45
0.0;0.0;0.0;12.09;5.17
0.0;0.0;0.0;11.54;5.03
10.0;24.55;9.0;11.2;4.76
131.0;339.08;66.0;11.26;4.62
290.0;537.67;102.0;12.06;4.55
434.0;549.77;157.0;13.86;5.1
618.0;747.17;137.0;15.68;5.52
752.0;794.87;148.0;17.33;5.72
855.0;836.24;149.0;18.78;5.79
690.0;314.19;410.0;20.31;6.28
860.0;685.31;245.0;21.3;6.07
838.0;726.91;211.0;21.69;5.59
569.0;247.15;374.0;21.61;5.31
444.0;171.63;327.0;21.53;5.31
509.0;698.87;126.0;21.43;5.1
296.0;357.63;154.0;21.5;4.97
123.0;104.56;98.0;21.01;4.21
26.0;23.55;24.0;20.77;3.86
0.0;0.0;0.0;19.8;4.28
0.0;0.0;0.0;19.02;4.55
0.0;0.0;0.0;18.2;4.55
0.0;0.0;0.0;17.51;4.14
0.0;0.0;0.0;16.9;3.72
0.0;0.0;0.0;16.36;3.45
0.0;0.0;0.0;15.87;3.38
0.0;0.0;0.0;15.67;3.45
11.0;24.22;10.0;15.44;3.52
124.0;286.27;69.0;15.57;3.31
196.0;128.57;151.0;16.47;3.31
447.0;636.74;126.0;18.3;3.38
600.0;709.59;143.0;20.14;3.24
735.0;770.88;149.0;21.95;3.31
833.0;800.35;157.0;23.63;3.66
897.0;838.9;149.0;25.1;3.93
895.0;818.47;160.0;26.31;4.07
773.0;569.9;281.0;27.09;4.07
594.0;307.64;351.0;27.57;4.07
534.0;373.48;279.0;27.73;4.0
466.0;537.11;171.0;27.71;3.93
320.0;486.95;126.0;27.54;3.86
156.0;278.55;89.0;26.41;3.03
12.0;0.0;12.0;25.25;2.34
0.0;0.0;0.0;23.51;2.69
0.0;0.0;0.0;22.29;2.69
0.0;0.0;0.0;21.32;2.21
0.0;0.0;0.0;20.23;1.79
0.0;0.0;0.0;19.07;1.86
0.0;0.0;0.0;18.27;2.21
0.0;0.0;0.0;17.87;2.28
0.0;0.0;0.0;17.55;2.28
2.0;0.0;2.0;17.24;2.28
116.0;223.42;73.0;17.61;2.28
181.0;91.36;149.0;19.37;2.0
374.0;337.07;204.0;21.48;2.69
598.0;698.5;148.0;23.02;3.17
655.0;511.57;266.0;24.71;3.17
733.0;510.1;302.0;25.51;4.07
716.0;375.54;381.0;26.16;4.69
604.0;184.74;438.0;26.15;5.24
392.0;26.62;369.0;24.93;5.79
722.0;624.72;228.0;24.69;6.07
549.0;410.95;268.0;24.45;5.72
473.0;561.42;164.0;23.75;5.52
320.0;480.4;128.0;22.84;4.69
130.0;132.3;98.0;22.11;4.0
23.0;11.39;22.0;20.75;3.93
0.0;0.0;0.0;19.71;3.79
0.0;0.0;0.0;18.8;3.45
0.0;0.0;0.0;18.0;2.97
0.0;0.0;0.0;17.28;2.55
0.0;0.0;0.0;16.6;2.0
0.0;0.0;0.0;16.16;1.72
0.0;0.0;0.0;15.67;1.66
0.0;0.0;0.0;15.3;1.66
12.0;23.76;11.0;15.0;1.59
27.0;0.0;27.0;14.94;1.1
281.0;487.99;110.0;16.48;1.03
454.0;654.15;124.0;17.42;2.76
616.0;748.02;134.0;18.52;3.1
742.0;773.09;154.0;19.87;3.17
826.0;757.23;186.0;21.31;3.59
885.0;786.62;183.0;22.45;3.79
855.0;678.48;245.0;23.21;3.72
780.0;569.01;288.0;23.85;3.59
755.0;711.26;192.0;24.01;3.31
512.0;305.23;303.0;24.09;2.97
382.0;244.8;247.0;23.96;2.76
299.0;361.72;154.0;23.48;2.83
122.0;98.7;98.0;22.8;2.62
32.0;44.89;28.0;22.25;1.93
0.0;0.0;0.0;20.67;2.62
0.0;0.0;0.0;19.28;3.31
0.0;0.0;0.0;17.93;3.45
0.0;0.0;0.0;16.92;3.17
0.0;0.0;0.0;15.84;2.83
0.0;0.0;0.0;15.19;2.69
0.0;0.0;0.0;14.54;2.48
0.0;0.0;0.0;14.09;2.34
1.0;0.0;1.0;13.83;2.28
29.0;0.0;29.0;13.89;2.07
142.0;25.68;133.0;14.97;2.34
420.0;505.43;165.0;16.05;2.83
404.0;153.62;305.0;16.82;2.69
398.0;61.79;351.0;18.11;2.41
601.0;234.21;403.0;20.02;2.28
537.0;112.02;437.0;21.18;2.34
727.0;380.21;385.0;21.91;2.41
818.0;677.25;232.0;22.3;2.69
741.0;668.93;211.0;22.55;3.17
558.0;425.88;266.0;22.79;3.59
194.0;5.43;191.0;23.32;3.72
112.0;0.0;112.0;23.12;3.72
74.0;8.18;72.0;22.64;3.52
26.0;11.07;25.0;20.86;4.07
0.0;0.0;0.0;19.68;4.14
0.0;0.0;0.0;18.56;4.28
0.0;0.0;0.0;17.51;4.07
0.0;0.0;0.0;16.53;3.66
0.0;0.0;0.0;15.92;3.38
0.0;0.0;0.0;15.61;3.03
0.0;0.0;0.0;15.5;3.17
0.0;0.0;0.0;15.08;3.24
2.0;0.0;2.0;14.58;3.17
17.0;0.0;17.0;14.51;3.03
44.0;0.0;44.0;14.88;3.45
205.0;19.82;195.0;14.88;3.1
438.0;217.25;298.0;15.95;3.31
549.0;260.27;351.0;17.32;3.45
370.0;21.29;352.0;18.28;3.45
348.0;7.84;341.0;19.36;3.45
479.0;62.23;423.0;20.23;3.45
178.0;0.0;178.0;20.39;3.52
161.0;0.0;161.0;20.03;3.79
126.0;0.0;126.0;20.11;4.0
118.0;0.0;118.0;20.0;4.34
309.0;406.9;145.0;19.84;4.34
25.0;0.0;25.0;19.43;4.21
4.0;0.0;4.0;18.51;3.59
0.0;0.0;0.0;17.89;3.31
0.0;0.0;0.0;17.23;3.45
0.0;0.0;0.0;16.36;3.59
0.0;0.0;0.0;15.62;3.79
0.0;0.0;0.0;14.85;3.79
0.0;0.0;0.0;14.13;3.59
0.0;0.0;0.0;13.15;3.59
0.0;0.0;0.0;12.52;3.59
5.0;0.0;5.0;11.7;3.38
124.0;269.59;72.0;11.67;3.1
291.0;533.66;104.0;12.46;3.72
458.0;656.23;127.0;13.89;3.66
604.0;684.42;163.0;15.64;3.66
699.0;612.57;233.0;17.45;4.0
819.0;715.47;214.0;18.94;4.34
723.0;368.34;394.0;20.1;4.14
710.0;333.24;410.0;20.86;4.21
660.0;295.51;404.0;20.91;4.48
789.0;797.58;156.0;20.86;4.41
677.0;790.11;134.0;21.04;4.69
529.0;745.01;116.0;20.83;5.03
359.0;638.57;101.0;20.28;5.17
192.0;478.7;74.0;19.48;4.83
50.0;205.37;31.0;18.47;4.07
0.0;0.0;0.0;17.13;3.59
0.0;0.0;0.0;16.01;3.17
0.0;0.0;0.0;15.02;2.83
0.0;0.0;0.0;14.09;2.62
0.0;0.0;0.0;13.27;2.55
0.0;0.0;0.0;12.56;2.48
0.0;0.0;0.0;11.93;2.48
0.0;0.0;0.0;11.38;2.41
12.0;23.53;11.0;10.89;2.21
138.0;399.47;61.0;11.07;1.66
277.0;465.4;114.0;13.08;1.52
460.0;676.3;119.0;14.86;1.31
617.0;749.77;134.0;16.69;1.24
751.0;798.0;144.0;18.24;1.31
846.0;817.15;155.0;19.67;1.52
902.0;832.83;158.0;21.2;2.14
891.0;775.09;193.0;22.25;2.55
875.0;835.32;151.0;23.26;2.97
798.0;832.25;137.0;23.68;3.45
659.0;744.22;147.0;24.0;3.93
499.0;632.22;148.0;24.13;4.14
351.0;609.98;104.0;23.68;4.28
186.0;440.49;77.0;22.61;4.28
49.0;192.57;31.0;21.23;4.21
0.0;0.0;0.0;19.64;3.86
0.0;0.0;0.0;18.13;3.45
0.0;0.0;0.0;17.08;3.31
0.0;0.0;0.0;16.45;3.1
0.0;0.0;0.0;16.37;3.03
0.0;0.0;0.0;16.33;3.1
0.0;0.0;0.0;16.45;3.24
0.0;0.0;0.0;16.44;3.24
12.0;47.21;10.0;16.37;3.24
72.0;31.16;66.0;16.44;3.59
123.0;11.43;119.0;16.52;3.31
180.0;7.94;176.0;16.47;4.0
168.0;0.0;168.0;16.75;3.31
241.0;1.31;240.0;16.95;4.0
232.0;0.0;232.0;17.08;3.45
218.0;0.0;218.0;17.06;3.45
165.0;0.0;165.0;17.14;3.38
276.0;1.15;275.0;17.3;3.38
331.0;16.36;318.0;17.61;3.66
199.0;0.0;199.0;17.87;3.45
363.0;197.86;253.0;18.05;3.31
209.0;83.79;175.0;18.24;2.9
101.0;36.24;92.0;17.96;3.03
36.0;53.0;31.0;17.9;3.03
0.0;0.0;0.0;16.94;3.03
0.0;0.0;0.0;15.84;2.97
0.0;0.0;0.0;14.66;2.69
0.0;0.0;0.0;13.61;2.34
0.0;0.0;0.0;12.68;2.14
0.0;0.0;0.0;11.76;1.93
0.0;0.0;0.0;10.83;1.86
0.0;0.0;0.0;10.0;1.72
15.0;71.23;12.0;9.5;1.79
113.0;197.68;75.0;10.21;1.52
266.0;394.68;128.0;12.95;1.86
415.0;468.59;179.0;14.29;2.0
576.0;585.67;199.0;16.2;2.34
721.0;687.88;198.0;17.45;2.55
429.0;47.31;389.0;18.69;3.17
645.0;237.27;433.0;19.43;3.93
797.0;513.89;334.0;20.45;4.34
804.0;614.44;271.0;20.8;4.55
772.0;736.89;186.0;21.12;4.62
578.0;457.04;263.0;21.2;4.9
531.0;745.54;116.0;20.81;4.76
357.0;622.34;104.0;20.15;4.55
187.0;421.5;82.0;19.3;4.34
50.0;178.72;33.0;17.84;3.66
0.0;0.0;0.0;16.52;2.9
0.0;0.0;0.0;15.37;2.28
0.0;0.0;0.0;14.38;2.0
0.0;0.0;0.0;13.49;2.0
0.0;0.0;0.0;12.58;1.86
0.0;0.0;0.0;11.75;1.66
0.0;0.0;0.0;11.44;1.79
0.0;0.0;0.0;11.27;2.07
11.0;23.94;10.0;11.07;2.28
92.0;88.62;75.0;11.94;2.14
222.0;211.9;148.0;13.34;2.55
186.0;9.94;181.0;15.2;3.1
374.0;111.91;302.0;16.93;3.17
738.0;767.05;155.0;18.13;3.66
556.0;170.34;412.0;18.77;3.86
594.0;174.6;438.0;19.63;3.66
724.0;370.66;390.0;20.15;3.52
405.0;29.96;379.0;20.49;3.45
580.0;265.19;369.0;20.57;3.31
154.0;0.0;154.0;20.86;3.45
220.0;14.36;212.0;20.7;3.24
98.0;0.0;98.0;20.33;3.03
110.0;56.04;96.0;19.8;2.83
21.0;0.0;21.0;19.3;2.28
0.0;0.0;0.0;18.23;1.79
0.0;0.0;0.0;17.62;1.45
0.0;0.0;0.0;17.08;0.97
0.0;0.0;0.0;16.59;1.17
0.0;0.0;0.0;16.03;1.72
0.0;0.0;0.0;15.7;1.93
0.0;0.0;0.0;15.44;2.14
0.0;0.0;0.0;15.04;2.28
3.0;0.0;3.0;14.3;2.28
20.0;0.0;20.0;14.32;2.21
197.0;126.17;153.0;15.46;3.45
159.0;1.99;158.0;16.29;2.9
101.0;0.0;101.0;17.11;2.97
206.0;0.0;206.0;18.03;3.31
374.0;21.3;356.0;18.25;3.93
461.0;50.37;416.0;18.41;4.41
499.0;73.24;433.0;18.76;4.76
662.0;300.7;401.0;19.74;4.9
760.0;703.51;200.0;20.65;4.55
633.0;633.12;196.0;21.44;4.62
447.0;415.9;215.0;21.48;4.55
287.0;286.89;170.0;21.16;4.28
134.0;119.79;104.0;20.5;3.66
24.0;10.37;23.0;19.24;3.24
0.0;0.0;0.0;17.81;2.83
0.0;0.0;0.0;16.63;2.62
0.0;0.0;0.0;15.59;2.55
0.0;0.0;0.0;14.46;2.28
0.0;0.0;0.0;13.46;2.0
0.0;0.0;0.0;12.84;1.79
0.0;0.0;0.0;12.41;1.86
0.0;0.0;0.0;12.25;2.07
10.0;24.5;9.0;12.45;2.21
86.0;68.14;73.0;12.74;2.28
116.0;5.74;114.0;13.1;2.69
225.0;33.85;208.0;14.19;2.9
244.0;9.34;238.0;14.83;3.03
255.0;2.63;253.0;15.17;3.45
293.0;2.37;291.0;15.57;3.66
168.0;0.0;168.0;16.05;3.86
212.0;0.0;212.0;17.01;4.28
298.0;2.3;296.0;17.14;4.28
117.0;0.0;117.0;17.28;4.34
91.0;0.0;91.0;17.32;4.48
65.0;0.0;65.0;17.66;6.0
37.0;0.0;37.0;16.53;4.76
37.0;0.0;37.0;15.42;6.14
25.0;10.32;24.0;13.91;5.31
0.0;0.0;0.0;13.27;4.0
0.0;0.0;0.0;12.64;3.52
0.0;0.0;0.0;11.96;3.03
0.0;0.0;0.0;11.13;2.76
0.0;0.0;0.0;10.71;2.97
0.0;0.0;0.0;10.37;3.03
0.0;0.0;0.0;10.03;3.1
0.0;0.0;0.0;9.72;2.97
13.0;49.76;11.0;9.51;2.76
141.0;431.31;59.0;9.95;2.55
305.0;624.47;88.0;11.57;2.48
469.0;707.73;114.0;13.4;3.31
438.0;207.19;305.0;14.68;4.07
573.0;293.84;350.0;15.67;4.34
473.0;76.96;408.0;16.81;4.83
703.0;326.94;411.0;17.2;4.83
656.0;239.68;440.0;17.94;4.55
605.0;202.7;429.0;18.42;4.07
441.0;75.32;381.0;19.09;3.72
463.0;188.14;333.0;18.78;3.38
418.0;313.22;243.0;18.96;3.31
252.0;166.34;184.0;18.71;3.24
120.0;71.6;102.0;18.33;2.97
39.0;71.94;32.0;17.27;2.28
0.0;0.0;0.0;16.21;1.93
0.0;0.0;0.0;14.86;2.0
0.0;0.0;0.0;13.54;2.0
0.0;0.0;0.0;12.29;2.0
0.0;0.0;0.0;11.11;1.93
0.0;0.0;0.0;10.1;1.79
0.0;0.0;0.0;9.48;1.66
0.0;0.0;0.0;8.92;1.72
10.0;0.0;10.0;8.44;1.72
135.0;385.48;62.0;9.15;1.45
298.0;588.3;94.0;12.51;1.31
441.0;580.93;150.0;14.89;1.24
625.0;768.72;132.0;16.87;1.38
584.0;317.76;343.0;18.39;1.1
631.0;271.25;402.0;19.46;0.9
804.0;540.93;321.0;20.07;0.83
906.0;792.34;192.0;21.03;0.83
887.0;843.0;155.0;22.03;0.9
815.0;853.48;135.0;22.82;0.97
656.0;694.38;176.0;23.48;1.24
502.0;608.16;162.0;23.36;1.31
335.0;481.47;138.0;23.24;1.31
207.0;544.14;70.0;23.02;1.17
52.0;194.63;33.0;21.66;0.21
0.0;0.0;0.0;21.06;0.48
0.0;0.0;0.0;19.97;0.76
0.0;0.0;0.0;17.43;1.31
0.0;0.0;0.0;16.38;1.38
0.0;0.0;0.0;16.5;0.97
0.0;0.0;0.0;16.43;0.69
0.0;0.0;0.0;16.05;0.69
0.0;0.0;0.0;13.79;1.31
3.0;0.0;3.0;12.19;1.72
114.0;222.76;72.0;12.61;1.45
259.0;384.44;126.0;15.71;1.17
435.0;581.81;144.0;18.13;0.55
596.0;683.67;158.0;20.44;0.55
727.0;729.67;174.0;22.34;0.62
772.0;600.84;265.0;23.87;0.97
796.0;539.97;314.0;24.81;1.1
838.0;627.08;273.0;25.57;1.1
843.0;735.89;204.0;26.08;1.1
762.0;714.05;193.0;26.55;1.17
571.0;441.09;266.0;26.8;1.24
506.0;647.2;144.0;26.78;1.24
330.0;473.8;136.0;26.56;1.17
135.0;122.99;104.0;26.25;1.17
44.0;102.21;34.0;25.12;1.17
0.0;0.0;0.0;22.95;1.93
0.0;0.0;0.0;20.85;2.21
0.0;0.0;0.0;19.31;2.21
0.0;0.0;0.0;18.24;2.41
0.0;0.0;0.0;17.51;2.55
0.0;0.0;0.0;16.96;2.55
0.0;0.0;0.0;16.42;2.55
0.0;0.0;0.0;15.93;2.55
9.0;0.0;9.0;15.52;2.48
117.0;250.49;70.0;15.9;2.28
285.0;547.72;96.0;18.24;2.14
399.0;434.57;182.0;21.46;1.86
461.0;271.9;287.0;24.06;2.14
504.0;187.52;362.0;25.81;2.69
691.0;409.08;346.0;26.82;3.31
824.0;619.74;271.0;27.63;3.72
756.0;438.49;361.0;28.25;3.79
871.0;828.07;152.0;29.0;3.86
792.0;814.37;143.0;29.66;3.79
599.0;530.64;232.0;29.96;3.86
435.0;382.46;221.0;29.68;3.52
190.0;48.82;170.0;29.61;3.45
120.0;75.33;101.0;28.81;2.62
5.0;0.0;5.0;27.24;2.14
0.0;0.0;0.0;25.48;2.48
0.0;0.0;0.0;23.95;2.69
0.0;0.0;0.0;22.1;3.79
0.0;0.0;0.0;19.87;4.14
0.0;0.0;0.0;18.46;3.59
0.0;0.0;0.0;17.73;2.9
0.0;0.0;0.0;16.94;2.9
0.0;0.0;0.0;16.43;2.97
4.0;0.0;4.0;16.45;3.38
55.0;5.36;54.0;16.88;4.48
53.0;0.0;53.0;17.44;4.07
303.0;146.45;230.0;17.79;3.66
483.0;317.61;280.0;18.29;3.72
633.0;441.44;299.0;19.09;3.72
804.0;684.59;227.0;19.5;3.52
912.0;852.07;152.0;20.8;3.59
922.0;854.99;152.0;21.89;3.79
884.0;844.29;151.0;22.76;3.79
782.0;765.43;172.0;23.2;3.66
669.0;756.1;146.0;23.44;3.52
514.0;670.06;139.0;23.37;3.38
357.0;605.19;109.0;22.95;3.24
180.0;352.73;91.0;22.29;3.1
46.0;112.28;35.0;21.41;2.76
0.0;0.0;0.0;19.89;2.62
0.0;0.0;0.0;18.64;2.41
0.0;0.0;0.0;17.6;2.14
0.0;0.0;0.0;16.67;1.93
0.0;0.0;0.0;15.73;1.79
0.0;0.0;0.0;14.63;1.72
0.0;0.0;0.0;13.58;1.66
0.0;0.0;0.0;13.17;1.45
9.0;0.0;9.0;13.16;1.24
137.0;431.13;57.0;13.15;1.24
293.0;594.63;89.0;15.97;1.31
462.0;709.56;109.0;18.07;1.59
613.0;756.7;130.0;20.44;2.0
749.0;806.99;139.0;22.49;2.41
855.0;848.9;140.0;24.11;2.55
904.0;843.5;152.0;25.35;2.48
919.0;857.48;147.0;26.31;2.21
881.0;846.74;146.0;27.11;2.14
792.0;810.66;146.0;27.71;2.14
656.0;718.5;159.0;28.03;2.07
512.0;671.78;136.0;28.2;2.21
351.0;583.17;112.0;28.17;2.28
143.0;150.6;105.0;27.76;1.79
54.0;224.73;32.0;26.43;1.45
0.0;0.0;0.0;24.04;2.69
0.0;0.0;0.0;21.56;4.69
0.0;0.0;0.0;19.36;4.41
0.0;0.0;0.0;18.15;3.52
0.0;0.0;0.0;17.25;3.03
0.0;0.0;0.0;16.44;2.76
0.0;0.0;0.0;15.67;2.76
0.0;0.0;0.0;15.03;2.62
8.0;0.0;8.0;14.67;2.41
75.0;43.38;67.0;15.03;2.28
199.0;146.21;149.0;16.15;2.76
409.0;479.38;171.0;17.51;2.14
555.0;542.84;209.0;19.3;1.93
667.0;544.28;256.0;21.04;1.52
798.0;678.44;227.0;22.69;1.24
881.0;774.37;191.0;24.17;1.45
911.0;836.69;158.0;25.37;1.86
878.0;837.73;151.0;26.19;2.0
811.0;858.47;127.0;26.73;1.72
661.0;734.46;153.0;27.03;1.38
505.0;637.87;148.0;27.15;1.45
360.0;624.71;104.0;26.94;1.79
187.0;412.33;83.0;26.4;1.93
53.0;204.67;33.0;25.42;1.79
0.0;0.0;0.0;23.53;2.34
0.0;0.0;0.0;21.87;2.62
0.0;0.0;0.0;20.68;2.83
0.0;0.0;0.0;19.74;2.76
0.0;0.0;0.0;18.92;2.69
0.0;0.0;0.0;18.16;2.48
0.0;0.0;0.0;17.44;2.34
0.0;0.0;0.0;16.71;2.14
7.0;0.0;7.0;16.02;2.14
132.0;404.01;58.0;16.21;1.93
293.0;601.55;88.0;18.49;2.07
460.0;706.52;110.0;20.84;2.28
615.0;762.07;130.0;23.33;2.41
752.0;812.68;139.0;25.51;2.97
854.0;844.27;144.0;27.16;3.38
908.0;848.95;152.0;28.5;3.31
924.0;863.73;147.0;29.6;3.17
885.0;852.98;145.0;30.48;3.1
806.0;839.83;137.0;31.11;3.1
675.0;776.52;138.0;31.5;3.1
536.0;754.14;114.0;31.16;3.28
365.0;646.86;100.0;30.08;3.19
198.0;488.01;75.0;29.0;3.1
56.0;246.29;32.0;27.93;3.01
0.0;0.0;0.0;26.85;2.92
0.0;0.0;0.0;25.77;2.83
0.0;0.0;0.0;24.7;2.75
0.0;0.0;0.0;23.62;2.66
0.0;0.0;0.0;22.54;2.57
0.0;0.0;0.0;21.47;2.48
0.0;0.0;0.0;20.39;2.39
0.0;0.0;0.0;19.31;2.3
5.0;0.0;5.0;18.24;2.21
116.0;269.46;67.0;17.16;2.12
276.0;512.46;102.0;16.08;2.04
446.0;659.6;120.0;15.01;1.95
605.0;742.83;133.0;22.48;2.0
736.0;777.79;150.0;24.37;2.14
855.0;856.9;135.0;25.88;2.14
899.0;838.26;153.0;26.84;2.28
910.0;840.8;154.0;27.57;2.48
882.0;853.3;142.0;28.02;2.76
794.0;817.48;143.0;28.22;2.97
669.0;766.61;139.0;28.36;2.97
517.0;695.39;128.0;28.22;2.9
345.0;549.5;120.0;27.71;2.83
171.0;301.86;95.0;27.07;2.55
46.0;123.62;34.0;25.72;2.69
0.0;0.0;0.0;24.03;2.62
0.0;0.0;0.0;22.7;2.62
0.0;0.0;0.0;21.62;2.55
0.0;0.0;0.0;20.63;2.48
0.0;0.0;0.0;19.81;2.48
0.0;0.0;0.0;19.13;2.41
0.0;0.0;0.0;18.46;2.34
0.0;0.0;0.0;17.79;2.21
5.0;0.0;5.0;17.14;2.07
108.0;221.66;68.0;17.22;1.72
261.0;440.54;112.0;19.41;1.66
433.0;612.55;131.0;21.83;1.72
595.0;720.45;138.0;23.92;1.52
729.0;769.45;150.0;25.81;1.45
842.0;835.07;141.0;27.44;1.72
783.0;526.25;315.0;28.51;1.38
688.0;310.47;409.0;29.18;1.1
760.0;522.59;307.0;29.71;0.9
713.0;575.34;255.0;29.96;0.9
369.0;72.35;319.0;29.93;1.31
317.0;105.52;258.0;29.74;1.52
99.0;0.0;99.0;29.44;1.31
108.0;47.73;96.0;28.65;1.17
52.0;207.04;32.0;26.46;0.83
0.0;0.0;0.0;25.33;1.79
0.0;0.0;0.0;24.48;2.62
0.0;0.0;0.0;23.52;2.97
0.0;0.0;0.0;22.46;3.24
0.0;0.0;0.0;21.61;3.24
0.0;0.0;0.0;20.75;3.17
0.0;0.0;0.0;19.86;2.83
0.0;0.0;0.0;19.22;2.69
2.0;0.0;2.0;18.94;3.03
70.0;39.11;63.0;19.03;3.31
185.0;118.75;145.0;19.45;3.38
389.0;425.01;180.0;19.64;3.03
526.0;473.79;226.0;20.46;3.03
603.0;393.88;307.0;21.8;3.24
664.0;362.5;360.0;23.18;3.52
710.0;370.23;381.0;24.26;3.45
596.0;174.81;439.0;25.19;3.1
703.0;394.74;361.0;25.86;3.24
798.0;839.53;130.0;26.09;3.45
671.0;786.08;128.0;25.89;3.38
502.0;644.23;142.0;25.6;3.24
347.0;579.76;110.0;25.14;3.17
167.0;286.92;95.0;24.44;3.1
50.0;177.04;33.0;22.98;3.03
0.0;0.0;0.0;21.72;2.97
0.0;0.0;0.0;20.66;2.69
0.0;0.0;0.0;19.7;2.41
0.0;0.0;0.0;18.69;2.14
0.0;0.0;0.0;17.84;1.93
0.0;0.0;0.0;16.95;1.79
0.0;0.0;0.0;16.02;1.52
0.0;0.0;0.0;15.46;1.38
1.0;0.0;1.0;15.08;1.31
124.0;383.23;56.0;15.73;0.97
272.0;521.8;97.0;17.74;0.9
303.0;165.17;222.0;18.72;0.9
607.0;765.83;123.0;19.84;0.69
740.0;806.17;135.0;21.06;0.41
851.0;860.64;130.0;22.68;0.07
911.0;877.35;132.0;23.83;0.41
225.0;0.0;225.0;24.92;0.97
665.0;316.43;391.0;25.85;1.31
573.0;252.75;372.0;26.28;1.59
422.0;134.71;329.0;26.25;1.52
309.0;94.92;256.0;26.09;1.66
226.0;112.66;180.0;26.14;1.52
103.0;35.94;94.0;25.55;1.52
38.0;62.93;32.0;24.5;1.66
0.0;0.0;0.0;23.25;2.14
0.0;0.0;0.0;21.91;2.34
0.0;0.0;0.0;21.15;2.21
0.0;0.0;0.0;20.74;1.79
0.0;0.0;0.0;20.4;1.59
0.0;0.0;0.0;19.82;1.31
0.0;0.0;0.0;19.53;1.1
0.0;0.0;0.0;20.04;0.76
1.0;0.0;1.0;18.46;1.31
87.0;108.06;68.0;18.28;1.45
237.0;323.49;129.0;20.06;1.31
415.0;545.99;148.0;20.2;2.41
381.0;134.76;296.0;21.36;2.62
563.0;306.92;333.0;22.6;2.28
611.0;264.1;390.0;23.54;2.0
668.0;293.08;408.0;24.69;2.21
658.0;263.14;422.0;25.48;3.03
467.0;68.18;408.0;25.99;3.59
624.0;357.34;340.0;25.78;4.07
365.0;69.58;317.0;25.83;4.34
262.0;43.02;238.0;25.44;4.34
218.0;95.64;179.0;24.69;4.34
163.0;268.28;96.0;23.75;4.21
34.0;42.3;30.0;23.07;2.76
0.0;0.0;0.0;21.79;2.07
0.0;0.0;0.0;20.46;1.79
0.0;0.0;0.0;19.4;1.86
0.0;0.0;0.0;18.58;2.14
0.0;0.0;0.0;18.22;2.41
0.0;0.0;0.0;17.79;2.55
0.0;0.0;0.0;17.35;2.55
0.0;0.0;0.0;16.82;2.41
1.0;0.0;1.0;16.57;2.41
49.0;5.74;48.0;16.66;2.55
88.0;0.0;88.0;17.23;3.1
442.0;670.68;115.0;17.64;3.38
467.0;300.27;278.0;18.31;3.79
604.0;391.59;311.0;19.78;4.62
563.0;185.44;408.0;20.77;5.45
698.0;339.62;397.0;21.41;5.66
611.0;189.7;441.0;22.3;5.93
255.0;0.0;255.0;22.41;5.93
639.0;380.26;337.0;22.83;6.21
330.0;39.17;303.0;22.52;6.14
160.0;0.0;160.0;22.33;6.07
308.0;375.8;155.0;22.02;5.59
192.0;469.9;75.0;21.71;5.03
51.0;202.79;32.0;20.39;4.28
0.0;0.0;0.0;19.34;3.72
0.0;0.0;0.0;18.52;3.79
0.0;0.0;0.0;17.65;3.24
0.0;0.0;0.0;17.09;2.83
0.0;0.0;0.0;16.5;2.97
0.0;0.0;0.0;16.16;3.24
0.0;0.0;0.0;15.87;3.38
0.0;0.0;0.0;15.48;3.52
0.0;0.0;0.0;15.03;3.59
87.0;116.03;67.0;14.99;3.72
237.0;326.66;129.0;15.49;4.55
341.0;265.4;212.0;15.97;5.17
334.0;71.65;289.0;16.93;5.38
406.0;72.29;352.0;17.98;5.72
357.0;16.77;343.0;18.57;5.66
354.0;9.04;346.0;19.44;5.72
679.0;290.38;419.0;20.49;6.07
647.0;280.08;405.0;21.23;6.41
257.0;1.26;256.0;21.33;6.41
159.0;0.0;159.0;20.66;6.76
344.0;150.9;260.0;17.99;5.72
136.0;4.92;134.0;18.15;5.17
17.0;0.0;17.0;18.56;5.24
5.0;0.0;5.0;17.19;3.79
0.0;0.0;0.0;16.82;3.86
0.0;0.0;0.0;16.4;4.0
0.0;0.0;0.0;15.99;4.14
0.0;0.0;0.0;15.87;4.34
0.0;0.0;0.0;15.62;4.48
0.0;0.0;0.0;15.16;4.48
0.0;0.0;0.0;14.95;4.34
0.0;0.0;0.0;14.9;4.28
0.0;0.0;0.0;14.61;4.0
14.0;0.0;14.0;14.72;3.86
54.0;0.0;54.0;15.19;4.76
318.0;204.34;219.0;15.69;4.55
489.0;367.01;259.0;16.71;4.55
361.0;40.23;331.0;17.61;4.55
208.0;0.0;208.0;18.89;4.55
423.0;33.92;393.0;19.56;4.55
226.0;0.0;226.0;20.59;4.83
402.0;28.96;377.0;21.14;5.24
247.0;0.0;247.0;21.43;5.45
97.0;0.0;97.0;20.81;5.59
143.0;0.0;143.0;19.62;4.97
337.0;522.71;125.0;19.23;4.69
138.0;141.58;103.0;18.56;3.79
22.0;0.0;22.0;17.18;3.17
0.0;0.0;0.0;16.43;2.83
0.0;0.0;0.0;15.9;2.62
0.0;0.0;0.0;15.62;2.41
0.0;0.0;0.0;14.84;2.34
0.0;0.0;0.0;14.19;2.62
0.0;0.0;0.0;13.7;2.76
0.0;0.0;0.0;13.51;2.83
0.0;0.0;0.0;13.01;2.83
0.0;0.0;0.0;12.67;2.83
59.0;17.79;56.0;12.73;2.83
142.0;36.68;130.0;13.81;3.17
266.0;93.2;221.0;15.1;3.72
573.0;630.18;179.0;16.25;3.79
0.0;0.0;0.0;17.06;4.14
0.0;0.0;0.0;17.77;4.55
739.0;413.14;374.0;18.32;4.76
253.0;0.0;253.0;18.43;4.83
262.0;0.0;262.0;19.02;4.76
545.0;198.2;388.0;19.52;4.9
90.0;0.0;90.0;19.86;4.97
308.0;90.07;258.0;19.84;5.1
0.0;0.0;0.0;19.26;4.48
0.0;0.0;0.0;18.65;3.59
0.0;0.0;0.0;17.94;2.83
0.0;0.0;0.0;17.04;2.55
0.0;0.0;0.0;16.21;2.62
0.0;0.0;0.0;15.42;2.55
0.0;0.0;0.0;14.54;2.34
0.0;0.0;0.0;13.87;2.28
0.0;0.0;0.0;13.55;2.28
0.0;0.0;0.0;12.85;2.34
0.0;0.0;0.0;12.32;2.41
0.0;0.0;0.0;12.03;2.48
46.0;6.0;45.0;12.29;2.48
89.0;0.0;89.0;13.63;2.83
223.0;39.49;204.0;14.91;3.66
511.0;421.67;248.0;16.23;4.07
412.0;78.04;354.0;16.83;4.41
355.0;15.64;342.0;17.34;4.21
304.0;2.27;302.0;18.26;4.14
208.0;0.0;208.0;18.57;4.28
296.0;2.32;294.0;18.87;4.14
418.0;59.4;371.0;19.2;4.0
115.0;0.0;115.0;19.36;3.79
261.0;39.7;239.0;18.98;3.72
70.0;0.0;70.0;18.7;3.45
147.0;183.64;102.0;18.31;2.62
15.0;0.0;15.0;17.23;2.21
0.0;0.0;0.0;16.63;1.45
0.0;0.0;0.0;15.77;1.38
0.0;0.0;0.0;14.73;1.31
0.0;0.0;0.0;13.94;1.31
0.0;0.0;0.0;13.52;1.52
0.0;0.0;0.0;13.4;1.59
0.0;0.0;0.0;13.6;1.45
0.0;0.0;0.0;13.77;1.52
0.0;0.0;0.0;14.0;1.66
51.0;12.15;49.0;14.38;1.72
68.0;0.0;68.0;14.81;1.72
170.0;8.34;166.0;16.22;1.59
269.0;24.11;254.0;17.64;2.07
305.0;14.83;294.0;18.91;2.41
387.0;30.11;362.0;20.21;3.17
597.0;188.35;431.0;20.82;2.9
544.0;117.74;439.0;20.79;2.69
508.0;103.4;419.0;21.19;2.83
337.0;17.71;323.0;21.09;3.1
264.0;10.21;257.0;20.92;2.9
155.0;0.0;155.0;20.71;2.55
180.0;39.74;164.0;20.51;1.86
24.0;0.0;24.0;20.43;1.03
4.0;0.0;4.0;20.26;1.17
0.0;0.0;0.0;19.33;1.72
0.0;0.0;0.0;18.53;1.79
0.0;0.0;0.0;17.98;1.86
0.0;0.0;0.0;17.69;1.79
0.0;0.0;0.0;17.28;2.0
0.0;0.0;0.0;16.76;2.28
0.0;0.0;0.0;16.44;2.69
0.0;0.0;0.0;16.03;2.76
0.0;0.0;0.0;16.05;2.9
53.0;18.46;50.0;16.23;2.83
124.0;21.78;117.0;16.65;3.03
219.0;41.87;199.0;18.55;3.17
251.0;16.12;241.0;18.96;3.93
306.0;16.21;294.0;19.46;4.62
143.0;0.0;143.0;20.28;5.17
141.0;0.0;141.0;20.47;4.97
657.0;269.44;417.0;20.98;4.62
693.0;384.98;362.0;20.98;4.28
660.0;450.95;304.0;21.53;4.07
603.0;566.82;215.0;22.21;3.93
510.0;700.87;123.0;23.01;3.45
232.0;134.53;178.0;22.42;3.24
172.0;362.9;84.0;21.84;2.69
49.0;231.81;29.0;21.46;1.72
0.0;0.0;0.0;20.03;1.79
0.0;0.0;0.0;18.66;1.93
0.0;0.0;0.0;17.79;1.79
0.0;0.0;0.0;16.95;1.86
0.0;0.0;0.0;16.38;1.79
0.0;0.0;0.0;15.61;1.79
0.0;0.0;0.0;15.14;1.59
0.0;0.0;0.0;14.69;1.45
0.0;0.0;0.0;14.19;1.38
102.0;286.85;56.0;14.29;1.03
274.0;607.35;80.0;15.94;0.69
430.0;668.34;112.0;17.92;1.45
596.0;765.91;122.0;19.3;1.79
727.0;795.83;139.0;20.68;2.34
835.0;839.79;140.0;21.99;3.03
802.0;589.3;284.0;22.83;3.52
600.0;182.1;438.0;23.58;3.72
285.0;1.16;284.0;23.8;3.59
418.0;63.42;368.0;23.98;3.66
204.0;0.0;204.0;23.73;3.59
228.0;19.96;217.0;22.6;3.31
73.0;0.0;73.0;22.16;3.24
24.0;0.0;24.0;21.81;2.9
30.0;47.24;26.0;20.36;2.21
0.0;0.0;0.0;19.72;2.0
0.0;0.0;0.0;19.18;2.07
0.0;0.0;0.0;18.74;2.07
0.0;0.0;0.0;18.07;2.21
0.0;0.0;0.0;17.43;2.28
0.0;0.0;0.0;17.16;2.34
0.0;0.0;0.0;16.87;2.55
0.0;0.0;0.0;16.7;2.55
0.0;0.0;0.0;16.19;2.21
54.0;18.97;51.0;15.79;1.79
198.0;198.52;135.0;16.82;1.86
438.0;700.55;106.0;18.21;2.28
594.0;759.93;125.0;19.7;2.76
725.0;790.7;142.0;20.83;3.17
815.0;778.25;172.0;22.1;3.45
612.0;208.48;429.0;23.23;4.07
912.0;866.64;142.0;24.1;4.62
765.0;541.02;301.0;24.38;4.83
667.0;459.79;305.0;24.41;4.76
396.0;104.06;325.0;24.77;4.97
280.0;61.84;246.0;24.2;4.14
183.0;45.14;165.0;24.2;4.14
27.0;0.0;27.0;23.78;3.24
44.0;192.81;28.0;22.23;3.45
0.0;0.0;0.0;20.97;3.03
0.0;0.0;0.0;19.73;2.76
0.0;0.0;0.0;18.91;2.9
0.0;0.0;0.0;18.24;3.03
0.0;0.0;0.0;17.51;3.17
0.0;0.0;0.0;16.81;3.24
0.0;0.0;0.0;16.23;3.45
0.0;0.0;0.0;15.73;3.52
0.0;0.0;0.0;15.29;3.59
108.0;378.58;49.0;15.33;3.66
268.0;586.88;83.0;16.38;3.66
439.0;707.67;105.0;17.95;4.48
577.0;693.86;150.0;19.51;4.9
639.0;506.97;266.0;20.86;5.38
722.0;504.37;306.0;22.2;6.14
770.0;503.15;329.0;23.14;6.14
380.0;15.78;366.0;23.62;6.0
534.0;128.43;424.0;24.02;5.66
384.0;39.43;353.0;24.03;5.45
293.0;20.56;279.0;23.87;4.97
457.0;474.06;197.0;23.76;4.48
292.0;329.72;161.0;23.91;3.79
102.0;42.03;92.0;23.41;2.34
25.0;24.64;23.0;22.34;2.07
0.0;0.0;0.0;21.02;1.93
0.0;0.0;0.0;19.57;2.0
0.0;0.0;0.0;18.43;2.07
0.0;0.0;0.0;17.2;2.07
0.0;0.0;0.0;16.4;1.79
0.0;0.0;0.0;16.0;1.31
0.0;0.0;0.0;16.89;0.76
0.0;0.0;0.0;17.07;0.21
0.0;0.0;0.0;16.81;0.41
102.0;338.77;50.0;16.33;0.69
163.0;99.03;132.0;17.28;0.48
417.0;638.33;117.0;19.76;1.24
574.0;713.83;136.0;21.61;1.86
710.0;765.55;148.0;23.2;2.28
794.0;737.26;187.0;24.56;2.55
887.0;850.16;143.0;25.85;2.9
856.0;726.85;212.0;26.8;3.24
873.0;867.59;131.0;27.8;3.03
728.0;649.77;218.0;28.53;3.1
504.0;298.63;301.0;28.82;3.03
467.0;531.94;176.0;28.74;3.17
229.0;136.45;175.0;28.42;3.31
131.0;143.94;97.0;27.4;2.48
12.0;0.0;12.0;26.91;2.76
0.0;0.0;0.0;24.88;2.14
0.0;0.0;0.0;21.0;3.66
0.0;0.0;0.0;20.05;1.52
0.0;0.0;0.0;19.43;2.14
0.0;0.0;0.0;18.83;3.17
0.0;0.0;0.0;18.81;3.24
0.0;0.0;0.0;18.53;4.0
0.0;0.0;0.0;17.82;5.24
0.0;0.0;0.0;17.13;5.24
101.0;337.56;50.0;16.66;5.31
213.0;286.35;124.0;16.13;4.97
86.0;0.0;86.0;16.2;5.93
252.0;17.98;241.0;16.94;6.07
387.0;65.53;339.0;18.01;6.41
418.0;49.89;377.0;19.08;7.03
611.0;214.02;424.0;19.69;7.03
242.0;0.0;242.0;20.2;6.55
759.0;537.5;300.0;20.71;6.34
144.0;0.0;144.0;21.06;6.41
108.0;0.0;108.0;20.0;7.59
290.0;76.99;248.0;17.76;6.55
113.0;0.0;113.0;17.81;6.55
122.0;110.93;96.0;17.21;7.17
27.0;38.83;24.0;16.22;5.52
0.0;0.0;0.0;15.08;4.9
0.0;0.0;0.0;14.47;4.97
0.0;0.0;0.0;14.28;5.52
0.0;0.0;0.0;14.38;6.0
0.0;0.0;0.0;14.45;5.86
0.0;0.0;0.0;14.51;5.52
0.0;0.0;0.0;14.5;5.45
0.0;0.0;0.0;14.51;5.31
0.0;0.0;0.0;14.33;5.03
90.0;248.96;53.0;13.91;5.03
231.0;392.19;110.0;14.35;4.69
387.0;495.88;156.0;15.15;6.48
543.0;588.68;184.0;16.39;7.03
669.0;617.2;218.0;17.42;6.69
600.0;259.68;387.0;18.11;6.0
297.0;2.29;295.0;18.31;5.79
797.0;558.12;304.0;18.84;6.28
456.0;62.16;403.0;18.98;6.0
335.0;17.9;321.0;19.88;5.86
573.0;477.15;250.0;20.73;5.79
268.0;53.31;239.0;20.7;6.28
118.0;2.55;117.0;19.18;6.0
93.0;30.11;86.0;17.6;4.9
8.0;0.0;8.0;16.72;3.93
0.0;0.0;0.0;16.34;4.48
0.0;0.0;0.0;16.07;5.03
0.0;0.0;0.0;16.25;5.17
0.0;0.0;0.0;16.19;4.97
0.0;0.0;0.0;16.18;5.1
0.0;0.0;0.0;15.83;5.03
0.0;0.0;0.0;15.43;4.97
0.0;0.0;0.0;14.86;4.28
0.0;0.0;0.0;14.7;3.86
56.0;41.07;50.0;14.51;3.66
165.0;111.04;131.0;14.91;3.66
277.0;140.18;212.0;15.22;5.31
355.0;111.86;287.0;15.98;5.1
297.0;13.72;287.0;17.02;5.03
392.0;35.43;363.0;18.17;5.24
664.0;297.44;405.0;19.36;5.72
282.0;1.13;281.0;20.07;5.79
280.0;1.17;279.0;20.54;5.86
156.0;0.0;156.0;20.93;6.14
132.0;0.0;132.0;20.86;5.52
223.0;18.44;213.0;20.96;4.76
274.0;281.65;164.0;20.98;3.79
81.0;13.02;78.0;20.7;3.79
27.0;54.83;23.0;19.23;4.41
0.0;0.0;0.0;18.64;3.93
0.0;0.0;0.0;18.03;3.72
0.0;0.0;0.0;17.59;3.72
0.0;0.0;0.0;17.25;3.66
0.0;0.0;0.0;16.73;3.66
0.0;0.0;0.0;16.4;3.45
0.0;0.0;0.0;15.5;3.1
0.0;0.0;0.0;14.75;2.9
0.0;0.0;0.0;14.08;2.83
91.0;292.64;49.0;13.74;2.76
250.0;546.41;84.0;14.59;2.97
399.0;580.7;131.0;15.67;4.07
539.0;594.15;179.0;16.91;3.72
590.0;405.7;295.0;18.21;3.79
668.0;402.72;339.0;19.41;4.14
769.0;529.21;309.0;20.46;4.34
909.0;882.57;132.0;21.56;4.41
830.0;752.04;191.0;22.4;4.34
702.0;578.78;251.0;23.05;4.07
533.0;375.49;280.0;23.5;4.14
318.0;123.95;251.0;22.56;2.28
175.0;41.17;159.0;22.7;1.93
60.0;0.0;60.0;22.29;0.9
25.0;42.47;22.0;21.34;1.1
0.0;0.0;0.0;20.31;1.31
0.0;0.0;0.0;19.69;1.45
0.0;0.0;0.0;18.98;1.38
0.0;0.0;0.0;18.07;1.72
0.0;0.0;0.0;17.3;1.72
0.0;0.0;0.0;16.82;1.79
0.0;0.0;0.0;16.7;1.86
0.0;0.0;0.0;16.85;2.07
0.0;0.0;0.0;16.94;2.34
47.0;21.29;44.0;16.99;2.41
227.0;421.41;100.0;18.0;2.34
394.0;585.7;125.0;20.34;3.31
542.0;634.24;159.0;22.86;3.93
554.0;333.66;312.0;25.25;4.07
733.0;587.56;254.0;27.19;4.48
828.0;713.45;209.0;28.71;5.03
0.0;0.0;0.0;29.6;5.52
0.0;0.0;0.0;30.29;5.66
0.0;0.0;0.0;30.4;5.59
527.0;376.44;274.0;30.44;5.38
242.0;35.27;223.0;29.68;5.17
193.0;72.42;165.0;29.04;3.79
65.0;4.42;64.0;27.57;3.17
28.0;87.95;22.0;26.85;2.28
0.0;0.0;0.0;25.01;2.34
0.0;0.0;0.0;23.54;2.34
0.0;0.0;0.0;22.35;2.28
0.0;0.0;0.0;21.52;2.21
0.0;0.0;0.0;21.1;2.21
0.0;0.0;0.0;20.7;2.14
0.0;0.0;0.0;20.42;2.34
0.0;0.0;0.0;20.05;2.9
0.0;0.0;0.0;19.57;2.76
79.0;217.07;49.0;19.32;3.1
225.0;431.61;96.0;19.42;3.66
409.0;667.39;104.0;20.03;4.21
514.0;540.05;189.0;21.27;4.55
652.0;617.93;205.0;22.96;5.03
435.0;68.84;379.0;24.57;4.97
806.0;659.39;235.0;25.97;5.03
709.0;392.15;365.0;26.89;5.45
763.0;591.83;262.0;27.21;5.17
341.0;23.2;323.0;27.37;4.48
363.0;80.56;309.0;27.45;3.72
79.0;0.0;79.0;27.43;3.24
62.0;0.0;62.0;26.56;2.0
15.0;0.0;15.0;24.34;1.86
13.0;0.0;13.0;20.64;2.07
0.0;0.0;0.0;19.4;2.62
0.0;0.0;0.0;18.33;3.24
0.0;0.0;0.0;17.67;2.14
0.0;0.0;0.0;17.54;0.97
0.0;0.0;0.0;17.29;1.24
0.0;0.0;0.0;16.95;1.38
0.0;0.0;0.0;16.81;0.9
0.0;0.0;0.0;16.78;0.48
0.0;0.0;0.0;16.81;0.97
43.0;14.76;41.0;16.6;0.83
23.0;0.0;23.0;16.85;0.48
78.0;0.0;78.0;18.27;2.62
181.0;1.67;180.0;18.6;3.17
601.0;462.97;267.0;19.18;3.1
315.0;8.62;308.0;20.21;3.31
233.0;0.0;233.0;21.8;3.59
811.0;639.6;251.0;22.94;3.72
461.0;73.39;399.0;23.63;3.72
146.0;0.0;146.0;23.62;3.93
270.0;14.96;260.0;22.8;3.59
439.0;478.71;183.0;22.7;3.66
145.0;15.69;139.0;22.24;4.0
166.0;442.62;68.0;20.47;3.72
27.0;95.12;21.0;17.77;2.28
0.0;0.0;0.0;17.16;2.28
0.0;0.0;0.0;16.58;2.62
0.0;0.0;0.0;16.18;2.97
0.0;0.0;0.0;15.97;2.97
0.0;0.0;0.0;15.92;2.97
0.0;0.0;0.0;15.71;3.17
0.0;0.0;0.0;15.5;3.38
0.0;0.0;0.0;15.29;3.59
0.0;0.0;0.0;14.98;3.66
86.0;324.07;43.0;14.88;3.66
149.0;85.1;124.0;15.59;3.31
403.0;638.93;114.0;16.13;4.83
488.0;435.14;228.0;17.24;4.76
637.0;553.21;239.0;18.73;4.9
336.0;13.58;325.0;19.93;4.97
692.0;364.07;378.0;21.11;5.38
717.0;394.82;372.0;21.89;5.66
661.0;335.67;378.0;21.98;5.79
82.0;0.0;82.0;22.36;5.72
498.0;300.08;298.0;22.08;6.62
155.0;0.0;155.0;19.11;5.45
164.0;31.58;152.0;17.98;4.0
162.0;420.28;70.0;17.39;4.76
27.0;115.97;20.0;17.63;3.66
0.0;0.0;0.0;16.99;3.52
0.0;0.0;0.0;16.51;3.59
0.0;0.0;0.0;16.23;3.38
0.0;0.0;0.0;15.73;3.24
0.0;0.0;0.0;15.02;3.24
0.0;0.0;0.0;14.46;3.24
0.0;0.0;0.0;13.93;3.1
0.0;0.0;0.0;13.54;2.97
0.0;0.0;0.0;13.21;2.97
86.0;338.84;42.0;13.18;2.97
170.0;154.55;125.0;14.17;3.03
317.0;273.39;194.0;15.2;4.34
462.0;356.12;250.0;16.55;3.93
565.0;354.05;311.0;17.83;3.66
418.0;53.22;375.0;18.78;3.45
579.0;177.77;426.0;19.42;3.38
654.0;275.22;414.0;19.72;3.1
510.0;112.92;415.0;20.59;3.17
331.0;18.17;317.0;20.95;2.97
531.0;380.76;278.0;21.08;2.69
477.0;618.33;149.0;21.07;2.34
272.0;309.85;155.0;21.09;2.21
144.0;286.65;82.0;20.66;1.66
30.0;208.56;18.0;20.13;1.45
0.0;0.0;0.0;18.53;1.86
0.0;0.0;0.0;17.22;2.07
0.0;0.0;0.0;16.44;2.0
0.0;0.0;0.0;15.52;1.79
0.0;0.0;0.0;14.49;1.59
0.0;0.0;0.0;14.19;1.31
0.0;0.0;0.0;13.74;1.24
0.0;0.0;0.0;13.51;1.17
0.0;0.0;0.0;12.27;1.52
80.0;291.4;43.0;11.74;1.59
231.0;506.07;85.0;13.98;1.31
411.0;695.03;100.0;17.27;2.0
567.0;750.36;122.0;19.16;2.41
697.0;770.28;146.0;20.61;2.97
789.0;758.1;178.0;21.84;3.24
772.0;554.27;296.0;22.77;3.03
831.0;682.62;237.0;23.49;2.83
818.0;739.82;197.0;24.24;2.76
759.0;791.15;151.0;24.69;2.62
563.0;484.63;242.0;24.87;2.55
513.0;785.72;98.0;24.86;2.62
340.0;674.47;87.0;24.64;2.48
152.0;365.19;74.0;23.99;2.0
25.0;128.16;18.0;22.76;2.14
0.0;0.0;0.0;20.98;2.28
0.0;0.0;0.0;19.56;2.34
0.0;0.0;0.0;18.31;2.28
0.0;0.0;0.0;17.17;2.21
0.0;0.0;0.0;16.18;2.21
0.0;0.0;0.0;15.38;2.21
0.0;0.0;0.0;14.73;2.21
0.0;0.0;0.0;14.06;2.07
0.0;0.0;0.0;13.39;1.93
81.0;322.46;41.0;13.03;1.72
234.0;538.86;80.0;15.29;1.03
395.0;633.74;113.0;18.93;1.45
552.0;700.79;138.0;21.4;2.21
381.0;68.7;332.0;22.96;3.45
72.0;0.0;72.0;23.05;4.62
124.0;0.0;124.0;21.58;4.69
108.0;0.0;108.0;19.82;2.83
718.0;470.48;324.0;19.88;2.9
519.0;193.1;371.0;21.34;4.28
506.0;331.74;287.0;21.11;4.97
286.0;87.49;240.0;20.34;4.97
155.0;26.84;145.0;19.84;4.07
137.0;265.67;81.0;19.54;3.17
24.0;155.05;16.0;18.54;2.07
0.0;0.0;0.0;17.71;1.52
0.0;0.0;0.0;16.23;1.31
0.0;0.0;0.0;15.3;1.31
0.0;0.0;0.0;14.93;1.17
0.0;0.0;0.0;14.55;1.17
0.0;0.0;0.0;14.39;1.03
0.0;0.0;0.0;14.87;0.76
0.0;0.0;0.0;15.04;0.48
0.0;0.0;0.0;14.82;0.48
47.0;49.55;41.0;14.59;0.55
192.0;279.11;113.0;14.88;0.48
363.0;479.15;151.0;16.91;0.83
497.0;486.04;211.0;18.05;0.9
647.0;603.35;218.0;19.06;1.38
694.0;487.58;303.0;20.35;2.34
771.0;556.81;295.0;21.27;2.62
793.0;582.94;288.0;22.08;2.55
864.0;879.8;129.0;22.94;2.69
767.0;820.32;140.0;23.46;2.76
643.0;778.25;131.0;23.82;2.76
501.0;750.95;108.0;23.86;2.83
321.0;602.95;98.0;23.67;2.83
155.0;423.31;67.0;23.11;2.21
21.0;123.76;15.0;21.93;1.79
0.0;0.0;0.0;19.94;1.86
0.0;0.0;0.0;17.88;1.93
0.0;0.0;0.0;16.18;1.86
0.0;0.0;0.0;15.18;1.79
0.0;0.0;0.0;14.81;1.59
0.0;0.0;0.0;14.48;1.45
0.0;0.0;0.0;14.16;1.31
0.0;0.0;0.0;13.29;1.45
0.0;0.0;0.0;12.63;1.45
65.0;186.34;43.0;12.45;1.45
190.0;281.88;111.0;14.36;1.03
316.0;297.81;185.0;17.8;1.24
323.0;87.02;272.0;20.09;1.52
427.0;119.92;342.0;22.06;2.07
581.0;251.31;380.0;23.68;2.69
763.0;542.89;300.0;24.95;3.17
576.0;171.24;428.0;25.87;3.66
534.0;147.6;411.0;26.61;3.86
522.0;200.75;369.0;26.92;3.86
454.0;221.19;309.0;26.93;4.07
218.0;21.12;207.0;26.43;4.14
248.0;247.9;157.0;25.42;4.07
59.0;4.88;58.0;24.19;4.28
20.0;132.56;14.0;23.94;3.59
0.0;0.0;0.0;22.57;4.41
0.0;0.0;0.0;21.1;5.72
0.0;0.0;0.0;19.26;5.79
0.0;0.0;0.0;18.31;5.45
0.0;0.0;0.0;17.85;5.59
0.0;0.0;0.0;17.83;5.66
0.0;0.0;0.0;17.29;5.52
0.0;0.0;0.0;15.91;4.76
0.0;0.0;0.0;15.0;3.79
47.0;60.86;40.0;14.61;3.59
155.0;129.76;119.0;15.09;3.59
208.0;48.02;187.0;15.45;4.62
509.0;541.42;193.0;16.58;4.48
575.0;400.52;292.0;18.0;4.41
625.0;333.47;359.0;18.96;4.28
537.0;134.0;423.0;20.11;4.28
788.0;574.13;293.0;20.64;4.41
715.0;464.4;329.0;21.03;4.55
668.0;515.89;276.0;21.53;4.62
522.0;381.27;273.0;21.59;4.62
482.0;694.79;122.0;21.53;4.48
310.0;562.86;105.0;21.11;4.21
140.0;336.98;72.0;20.09;3.38
13.0;47.68;11.0;19.08;2.97
0.0;0.0;0.0;17.57;2.62
0.0;0.0;0.0;16.62;2.34
0.0;0.0;0.0;15.82;2.0
0.0;0.0;0.0;15.18;1.72
0.0;0.0;0.0;14.56;1.52
0.0;0.0;0.0;14.16;1.31
0.0;0.0;0.0;13.78;1.31
0.0;0.0;0.0;13.85;1.31
0.0;0.0;0.0;13.97;1.45
40.0;35.74;36.0;13.83;1.38
92.0;10.93;89.0;14.77;1.31
188.0;29.91;175.0;16.31;1.79
272.0;39.57;249.0;17.85;2.07
533.0;312.38;313.0;19.47;2.21
661.0;428.67;320.0;20.85;2.07
853.0;827.24;151.0;22.07;1.72
867.0;831.37;152.0;22.8;1.45
760.0;604.38;259.0;23.16;1.38
723.0;710.23;185.0;23.49;1.24
608.0;685.56;162.0;23.82;1.24
466.0;649.97;131.0;22.97;2.09
307.0;575.77;99.0;22.27;2.12
149.0;443.1;61.0;21.58;2.15
11.0;0.0;11.0;20.88;2.18
0.0;0.0;0.0;20.18;2.21
0.0;0.0;0.0;19.49;2.24
0.0;0.0;0.0;18.79;2.28
0.0;0.0;0.0;18.09;2.31
0.0;0.0;0.0;17.4;2.34
0.0;0.0;0.0;16.7;2.37
0.0;0.0;0.0;16.01;2.4
0.0;0.0;0.0;15.31;2.43
0.0;0.0;0.0;14.61;2.47
54.0;151.51;38.0;13.92;2.5
218.0;532.14;75.0;13.22;2.53
381.0;643.01;105.0;12.53;2.56
549.0;751.5;116.0;21.09;2.97
552.0;370.23;293.0;23.5;3.24
766.0;745.92;176.0;25.54;3.45
298.0;3.55;295.0;27.03;3.79
343.0;10.52;334.0;27.82;3.86
227.0;0.0;227.0;27.76;3.86
719.0;720.2;177.0;25.43;3.72
483.0;309.95;283.0;25.23;3.31
286.0;103.99;233.0;25.57;3.72
183.0;84.49;153.0;25.1;4.07
87.0;67.73;74.0;24.26;4.14
5.0;0.0;5.0;23.15;4.07
0.0;0.0;0.0;21.56;3.45
0.0;0.0;0.0;20.48;3.45
0.0;0.0;0.0;19.72;3.93
0.0;0.0;0.0;19.21;4.0
0.0;0.0;0.0;18.7;3.72
0.0;0.0;0.0;18.26;3.86
0.0;0.0;0.0;17.77;4.0
0.0;0.0;0.0;17.33;3.86
0.0;0.0;0.0;16.78;3.52
27.0;9.77;26.0;16.47;3.24
162.0;195.67;110.0;16.69;3.31
128.0;2.34;127.0;17.4;3.79
387.0;214.43;264.0;18.34;3.86
406.0;104.71;333.0;19.26;4.07
416.0;60.86;368.0;20.73;4.62
758.0;561.85;285.0;21.54;4.69
525.0;121.9;421.0;22.62;4.9
755.0;605.95;257.0;23.2;4.97
534.0;237.34;356.0;23.2;4.62
523.0;418.69;254.0;23.09;4.69
404.0;416.44;193.0;22.52;4.34
282.0;474.68;115.0;22.27;4.0
130.0;339.6;66.0;21.61;2.9
6.0;0.0;6.0;20.76;2.41
0.0;0.0;0.0;19.56;2.34
0.0;0.0;0.0;18.41;2.48
0.0;0.0;0.0;17.89;2.62
0.0;0.0;0.0;17.58;2.83
0.0;0.0;0.0;17.16;3.03
0.0;0.0;0.0;16.65;3.17
0.0;0.0;0.0;16.06;3.1
0.0;0.0;0.0;15.47;2.9
0.0;0.0;0.0;14.94;2.69
34.0;30.26;31.0;14.43;2.55
201.0;449.11;83.0;15.13;2.55
359.0;549.93;126.0;16.52;3.66
547.0;756.55;115.0;17.61;3.52
664.0;731.28;156.0;18.73;3.86
447.0;89.03;377.0;20.05;4.14
670.0;360.93;367.0;21.18;4.28
708.0;420.79;350.0;21.98;4.55
358.0;19.53;342.0;22.63;4.69
621.0;432.21;298.0;22.96;4.97
520.0;417.43;253.0;22.99;5.03
286.0;109.22;231.0;22.85;5.03
155.0;40.17;141.0;22.46;4.48
106.0;173.08;74.0;21.85;3.59
3.0;0.0;3.0;20.99;3.17
0.0;0.0;0.0;20.11;3.1
0.0;0.0;0.0;19.2;2.76
0.0;0.0;0.0;18.41;2.41
0.0;0.0;0.0;17.31;2.28
0.0;0.0;0.0;16.4;2.28
0.0;0.0;0.0;15.63;2.28
0.0;0.0;0.0;14.88;2.28
0.0;0.0;0.0;14.45;2.34
0.0;0.0;0.0;14.42;2.28
49.0;166.9;33.0;13.92;2.21
207.0;512.13;74.0;15.0;2.07
375.0;646.29;103.0;17.26;3.1
518.0;650.98;148.0;18.86;3.52
541.0;353.96;296.0;20.08;4.0
499.0;147.99;383.0;21.12;4.34
722.0;480.24;320.0;21.68;4.48
715.0;440.87;341.0;22.2;4.62
715.0;510.55;298.0;22.85;4.55
545.0;265.92;347.0;23.21;4.55
476.0;303.14;283.0;23.38;4.48
304.0;143.88;232.0;23.02;4.07
169.0;66.65;146.0;22.54;3.31
53.0;5.52;52.0;21.73;2.07
0.0;0.0;0.0;20.79;1.72
0.0;0.0;0.0;19.15;1.72
0.0;0.0;0.0;17.8;1.66
0.0;0.0;0.0;17.46;1.59
0.0;0.0;0.0;17.23;1.59
0.0;0.0;0.0;16.67;1.59
0.0;0.0;0.0;16.24;1.59
0.0;0.0;0.0;15.87;1.66
0.0;0.0;0.0;15.13;1.93
0.0;0.0;0.0;14.92;1.93
52.0;226.91;31.0;14.46;1.93
201.0;490.98;75.0;15.52;1.66
375.0;662.67;98.0;17.3;1.93
520.0;682.35;134.0;18.89;2.69
423.0;134.86;330.0;20.07;3.93
313.0;11.52;304.0;21.18;4.62
429.0;52.72;385.0;21.84;4.83
118.0;0.0;118.0;22.6;4.9
224.0;0.0;224.0;22.74;4.76
99.0;0.0;99.0;21.96;4.41
101.0;0.0;101.0;19.35;3.17
71.0;0.0;71.0;18.25;2.76
143.0;29.28;133.0;17.9;2.69
13.0;0.0;13.0;17.7;2.62
0.0;0.0;0.0;16.91;3.1
0.0;0.0;0.0;16.4;3.31
0.0;0.0;0.0;15.96;3.38
0.0;0.0;0.0;15.94;3.59
0.0;0.0;0.0;15.63;3.66
0.0;0.0;0.0;15.36;3.79
0.0;0.0;0.0;14.92;3.79
0.0;0.0;0.0;14.55;3.86
0.0;0.0;0.0;14.19;3.86
0.0;0.0;0.0;13.86;3.79
41.0;112.11;31.0;13.86;3.79
174.0;307.67;96.0;14.56;3.24
313.0;363.75;162.0;15.72;5.66
308.0;85.26;260.0;16.34;5.59
199.0;0.0;199.0;17.49;5.66
370.0;34.67;343.0;18.86;5.66
444.0;62.49;392.0;20.07;5.86
694.0;400.85;356.0;20.33;5.72
625.0;315.5;369.0;20.52;5.72
638.0;495.35;272.0;21.1;5.52
321.0;57.09;285.0;21.34;5.1
186.0;10.13;181.0;21.24;4.97
193.0;130.2;149.0;21.0;4.55
87.0;103.67;69.0;20.43;4.41
0.0;0.0;0.0;18.34;4.0
0.0;0.0;0.0;17.31;3.24
0.0;0.0;0.0;16.72;2.69
0.0;0.0;0.0;16.19;2.62
0.0;0.0;0.0;15.56;2.62
0.0;0.0;0.0;15.37;2.76
0.0;0.0;0.0;15.05;2.62
0.0;0.0;0.0;14.72;2.55
0.0;0.0;0.0;14.08;2.41
0.0;0.0;0.0;13.36;2.34
20.0;0.0;20.0;13.18;2.28
190.0;447.31;78.0;13.97;2.14
228.0;106.75;184.0;15.44;3.59
457.0;442.67;209.0;16.61;3.38
538.0;362.36;290.0;18.03;3.31
268.0;2.58;266.0;19.38;3.59
385.0;28.93;361.0;20.23;3.79
547.0;158.23;414.0;20.65;3.72
438.0;68.02;383.0;21.33;3.59
228.0;0.0;228.0;21.49;3.38
338.0;74.92;291.0;21.95;3.38
288.0;124.4;227.0;21.84;3.03
187.0;119.67;147.0;21.56;2.48
112.0;300.55;61.0;20.83;1.52
0.0;0.0;0.0;20.15;0.07
0.0;0.0;0.0;19.56;0.28
0.0;0.0;0.0;18.85;0.34
0.0;0.0;0.0;17.94;0.62
0.0;0.0;0.0;17.03;0.76
0.0;0.0;0.0;16.13;0.83
0.0;0.0;0.0;15.76;0.76
0.0;0.0;0.0;15.22;0.48
0.0;0.0;0.0;14.78;0.21
0.0;0.0;0.0;14.44;0.21
37.0;109.21;28.0;14.16;0.34
193.0;489.45;72.0;14.49;0.28
358.0;625.55;102.0;16.86;0.83
524.0;728.32;118.0;19.36;1.03
674.0;811.17;121.0;20.95;0.76
762.0;794.96;147.0;21.95;0.41
737.0;551.48;281.0;22.82;0.34
842.0;830.72;146.0;23.86;0.34
813.0;841.44;135.0;24.52;0.28
724.0;803.71;135.0;24.88;0.28
599.0;756.33;127.0;25.18;0.21
438.0;653.22;120.0;25.33;0.07
243.0;360.09;124.0;25.23;0.34
84.0;114.69;65.0;24.76;0.55
0.0;0.0;0.0;22.85;1.1
0.0;0.0;0.0;20.65;2.0
0.0;0.0;0.0;19.13;2.14
0.0;0.0;0.0;18.11;2.14
0.0;0.0;0.0;17.45;2.14
0.0;0.0;0.0;16.66;2.21
0.0;0.0;0.0;16.06;2.07
0.0;0.0;0.0;15.65;2.0
0.0;0.0;0.0;15.31;1.93
0.0;0.0;0.0;14.93;1.86
33.0;88.64;26.0;14.58;1.79
117.0;77.86;98.0;15.86;1.59
261.0;206.77;177.0;18.23;1.17
435.0;394.86;216.0;20.13;1.45
625.0;659.78;177.0;21.86;1.66
764.0;811.98;138.0;23.36;1.72
745.0;583.62;264.0;24.5;1.86
673.0;383.21;353.0;25.31;1.93
647.0;387.38;336.0;25.23;2.34
560.0;330.26;319.0;24.99;2.69
432.0;238.44;284.0;24.77;3.1
297.0;159.35;220.0;24.85;2.97
243.0;376.61;120.0;24.53;3.17
90.0;167.13;63.0;23.8;3.1
0.0;0.0;0.0;22.4;3.1
0.0;0.0;0.0;20.91;3.03
0.0;0.0;0.0;19.76;3.03
0.0;0.0;0.0;18.86;2.83
0.0;0.0;0.0;18.01;2.69
0.0;0.0;0.0;17.27;2.62
0.0;0.0;0.0;16.47;2.62
0.0;0.0;0.0;15.77;2.41
0.0;0.0;0.0;14.97;2.34
0.0;0.0;0.0;14.24;2.34
31.0;79.46;25.0;13.68;2.28
184.0;444.36;77.0;14.63;2.07
357.0;624.94;105.0;17.14;2.41
529.0;744.88;118.0;19.39;2.69
680.0;826.6;121.0;21.35;3.45
786.0;853.9;130.0;22.69;3.93
851.0;874.09;133.0;23.67;3.93
873.0;902.43;122.0;24.47;3.86
826.0;867.69;132.0;25.08;3.66
742.0;850.64;124.0;25.44;3.59
600.0;761.43;130.0;25.54;3.66
455.0;727.84;106.0;25.26;3.59
274.0;570.3;90.0;24.62;3.66
109.0;349.54;54.0;23.58;3.38
0.0;0.0;0.0;21.82;3.24
0.0;0.0;0.0;20.17;3.31
0.0;0.0;0.0;18.89;3.1
0.0;0.0;0.0;17.74;2.69
0.0;0.0;0.0;16.69;2.41
0.0;0.0;0.0;15.75;2.41
0.0;0.0;0.0;14.97;2.55
0.0;0.0;0.0;14.42;2.62
0.0;0.0;0.0;13.97;2.69
0.0;0.0;0.0;13.57;2.62
32.0;111.09;24.0;13.22;2.48
191.0;513.6;69.0;14.17;2.07
361.0;652.19;100.0;16.67;2.69
533.0;765.2;113.0;18.78;3.03
683.0;835.97;120.0;20.91;3.31
786.0;851.76;134.0;22.88;3.66
854.0;883.19;131.0;24.32;3.93
868.0;887.51;132.0;25.43;4.14
829.0;876.05;131.0;26.25;4.41
745.0;860.03;123.0;26.64;4.48
605.0;780.47;126.0;26.77;4.41
457.0;746.24;102.0;26.46;4.28
287.0;652.88;79.0;25.77;4.28
93.0;215.6;60.0;24.63;3.66
0.0;0.0;0.0;22.71;3.1
0.0;0.0;0.0;21.07;2.9
0.0;0.0;0.0;19.76;2.76
0.0;0.0;0.0;18.73;2.83
0.0;0.0;0.0;17.89;2.76
0.0;0.0;0.0;17.11;2.62
0.0;0.0;0.0;16.39;2.48
0.0;0.0;0.0;15.55;2.34
0.0;0.0;0.0;14.87;2.34
0.0;0.0;0.0;14.4;2.41
26.0;58.4;22.0;14.04;2.28
178.0;452.49;72.0;15.14;1.86
338.0;566.59;113.0;17.82;1.72
508.0;705.2;123.0;19.94;1.52
657.0;785.83;130.0;21.81;1.31
760.0;812.95;140.0;23.41;1.45
745.0;592.09;262.0;24.93;1.93
832.0;825.35;150.0;26.06;2.69
718.0;575.85;261.0;26.8;3.03
573.0;370.9;306.0;26.95;3.52
183.0;0.0;183.0;26.58;4.0
289.0;150.47;218.0;25.65;4.28
150.0;60.42;131.0;24.96;4.07
99.0;316.09;52.0;24.17;3.45
0.0;0.0;0.0;22.51;1.93
0.0;0.0;0.0;21.59;1.38
0.0;0.0;0.0;20.31;1.24
0.0;0.0;0.0;19.28;1.38
0.0;0.0;0.0;18.5;1.38
0.0;0.0;0.0;17.55;1.59
0.0;0.0;0.0;16.87;1.72
0.0;0.0;0.0;16.42;1.79
0.0;0.0;0.0;16.18;1.79
0.0;0.0;0.0;15.88;1.79
5.0;0.0;5.0;15.72;1.66
98.0;47.63;87.0;16.91;1.31
197.0;71.07;169.0;19.26;1.38
433.0;419.9;205.0;20.55;1.52
538.0;407.34;266.0;21.97;1.79
588.0;335.62;333.0;22.86;2.76
577.0;233.75;387.0;24.15;3.24
621.0;295.16;378.0;24.73;3.1
386.0;40.49;354.0;25.48;2.97
517.0;259.62;331.0;25.44;2.76
331.0;84.1;280.0;25.39;2.62
118.0;0.0;118.0;25.23;2.76
126.0;25.79;118.0;24.74;2.76
16.0;0.0;16.0;23.92;2.21
0.0;0.0;0.0;22.46;2.48
0.0;0.0;0.0;21.58;1.66
0.0;0.0;0.0;20.51;0.9
0.0;0.0;0.0;20.38;0.83
0.0;0.0;0.0;18.19;1.38
0.0;0.0;0.0;17.09;1.59
0.0;0.0;0.0;16.59;1.59
0.0;0.0;0.0;16.04;1.66
0.0;0.0;0.0;15.73;1.72
0.0;0.0;0.0;15.38;1.72
20.0;48.88;17.0;15.11;1.52
138.0;215.27;89.0;16.84;0.83
185.0;56.29;163.0;18.93;0.83
100.0;0.0;100.0;20.64;0.83
147.0;0.0;147.0;22.03;0.69
138.0;0.0;138.0;23.31;1.03
399.0;43.22;364.0;24.11;1.59
194.0;0.0;194.0;24.35;1.03
402.0;53.36;360.0;24.25;0.07
553.0;350.67;303.0;23.9;1.1
569.0;735.07;126.0;23.8;2.07
195.0;25.87;183.0;24.17;2.55
190.0;199.39;129.0;24.21;2.9
95.0;343.6;47.0;23.94;2.9
0.0;0.0;0.0;23.37;2.28
0.0;0.0;0.0;22.15;2.69
0.0;0.0;0.0;21.78;2.83
0.0;0.0;0.0;21.12;2.9
0.0;0.0;0.0;20.78;3.17
0.0;0.0;0.0;20.49;3.31
0.0;0.0;0.0;20.23;3.17
0.0;0.0;0.0;19.95;3.1
0.0;0.0;0.0;19.67;3.24
0.0;0.0;0.0;19.49;3.38
12.0;0.0;12.0;19.35;3.31
162.0;392.4;74.0;20.17;3.31
312.0;479.75;126.0;22.45;3.52
476.0;612.71;147.0;24.76;4.14
322.0;45.33;292.0;26.87;4.21
353.0;33.16;328.0;28.09;4.69
500.0;132.62;393.0;28.38;5.03
598.0;263.15;383.0;28.11;4.9
598.0;315.15;351.0;28.51;5.38
194.0;0.0;194.0;27.74;6.28
82.0;0.0;82.0;26.84;6.83
78.0;0.0;78.0;25.58;5.38
152.0;82.9;127.0;24.28;4.41
40.0;7.4;39.0;23.3;4.28
0.0;0.0;0.0;21.28;3.45
0.0;0.0;0.0;20.27;3.03
0.0;0.0;0.0;19.21;3.03
0.0;0.0;0.0;18.34;3.17
0.0;0.0;0.0;17.6;3.24
0.0;0.0;0.0;16.96;3.17
0.0;0.0;0.0;16.43;3.1
0.0;0.0;0.0;15.96;2.97
0.0;0.0;0.0;15.49;2.83
0.0;0.0;0.0;15.08;2.83
16.0;36.92;14.0;14.79;2.69
163.0;411.99;72.0;15.53;2.48
330.0;577.37;108.0;17.26;3.03
499.0;706.13;122.0;19.07;3.17
614.0;661.74;178.0;20.75;2.83
700.0;641.88;218.0;22.19;2.83
733.0;582.27;265.0;23.34;3.17
762.0;635.3;245.0;24.18;3.24
672.0;475.44;301.0;24.96;2.97
594.0;449.22;277.0;25.5;2.83
498.0;460.6;224.0;25.95;2.69
231.0;63.66;202.0;25.96;2.55
195.0;232.25;126.0;25.54;2.55
43.0;15.34;41.0;24.8;2.0
0.0;0.0;0.0;22.72;2.62
0.0;0.0;0.0;21.32;2.69
0.0;0.0;0.0;20.41;2.97
0.0;0.0;0.0;19.87;2.9
0.0;0.0;0.0;19.42;2.9
0.0;0.0;0.0;18.99;3.03
0.0;0.0;0.0;18.41;3.17
0.0;0.0;0.0;18.01;3.17
0.0;0.0;0.0;17.63;2.97
0.0;0.0;0.0;17.2;2.97
11.0;0.0;11.0;16.91;2.9
143.0;285.1;81.0;17.6;2.69
312.0;511.44;117.0;19.74;2.97
483.0;672.58;126.0;22.32;3.72
636.0;776.12;127.0;24.64;3.86
739.0;806.3;136.0;26.8;3.93
802.0;826.87;140.0;28.46;3.72
809.0;819.25;145.0;29.59;3.31
775.0;818.71;139.0;30.38;2.97
695.0;810.63;126.0;30.88;2.97
561.0;739.59;124.0;31.05;3.17
413.0;684.79;104.0;30.83;3.52
236.0;516.17;85.0;30.19;3.72
79.0;278.66;44.0;28.85;3.24
0.0;0.0;0.0;26.93;3.03
0.0;0.0;0.0;25.28;3.03
0.0;0.0;0.0;24.13;3.17
0.0;0.0;0.0;23.29;3.31
0.0;0.0;0.0;22.64;3.38
0.0;0.0;0.0;22.05;3.31
0.0;0.0;0.0;21.44;3.24
0.0;0.0;0.0;20.81;3.03
0.0;0.0;0.0;20.19;2.97
0.0;0.0;0.0;19.63;2.97
14.0;42.67;12.0;19.16;2.9
156.0;406.47;69.0;19.83;2.83
322.0;587.26;100.0;22.51;2.55
492.0;714.47;115.0;25.26;2.62
631.0;769.06;129.0;27.86;2.34
730.0;786.84;144.0;30.24;2.14
792.0;806.36;149.0;32.35;2.14
808.0;821.42;145.0;34.1;2.34
769.0;809.55;143.0;35.38;2.69
682.0;780.68;137.0;36.11;3.17
547.0;695.32;139.0;36.44;3.72
399.0;642.24;112.0;36.27;4.14
223.0;444.57;95.0;35.57;4.07
67.0;182.2;45.0;33.99;3.24
0.0;0.0;0.0;31.37;3.03
0.0;0.0;0.0;29.62;3.31
0.0;0.0;0.0;28.63;3.79
0.0;0.0;0.0;27.91;3.79
0.0;0.0;0.0;27.06;3.31
0.0;0.0;0.0;25.89;2.69
0.0;0.0;0.0;24.28;2.14
0.0;0.0;0.0;22.5;1.86
0.0;0.0;0.0;21.05;1.86
0.0;0.0;0.0;19.87;1.79
11.0;23.15;10.0;19.0;1.59
127.0;218.44;81.0;19.81;1.1
281.0;384.26;137.0;22.72;0.21
446.0;545.29;160.0;25.6;0.83
603.0;694.25;152.0;28.98;2.0
706.0;730.85;164.0;31.86;2.76
705.0;560.34;260.0;33.77;3.38
749.0;660.68;218.0;35.22;4.0
739.0;743.21;167.0;36.29;4.55
659.0;728.88;153.0;36.77;4.69
526.0;641.94;152.0;36.84;4.55
380.0;578.63;124.0;36.44;4.41
106.0;21.19;100.0;35.5;4.0
61.0;155.41;43.0;33.97;3.03
0.0;0.0;0.0;31.43;3.17
0.0;0.0;0.0;29.6;3.45
0.0;0.0;0.0;27.86;3.59
0.0;0.0;0.0;26.06;3.52
0.0;0.0;0.0;24.39;3.31
0.0;0.0;0.0;23.11;3.1
0.0;0.0;0.0;22.09;2.76
0.0;0.0;0.0;21.24;2.14
0.0;0.0;0.0;20.45;1.72
0.0;0.0;0.0;19.43;1.31
8.0;0.0;8.0;18.98;0.97
134.0;284.87;75.0;19.45;0.69
267.0;333.83;143.0;20.46;0.97
410.0;412.43;195.0;21.86;1.52
541.0;482.63;229.0;22.95;1.17
593.0;398.16;299.0;24.91;1.52
399.0;50.58;359.0;26.47;1.52
484.0;121.21;387.0;26.77;1.93
514.0;194.54;365.0;27.28;2.0
611.0;576.6;213.0;27.34;1.45
470.0;444.35;213.0;27.81;1.03
378.0;596.02;117.0;28.29;0.34
148.0;111.34;117.0;28.33;0.55
56.0;144.38;40.0;27.76;1.31
0.0;0.0;0.0;25.87;2.07
0.0;0.0;0.0;25.18;2.14
0.0;0.0;0.0;24.14;2.48
0.0;0.0;0.0;23.23;2.55
0.0;0.0;0.0;22.8;2.48
0.0;0.0;0.0;22.14;2.34
0.0;0.0;0.0;21.61;2.28
0.0;0.0;0.0;20.92;2.21
0.0;0.0;0.0;20.42;2.14
0.0;0.0;0.0;19.82;2.21
6.0;0.0;6.0;19.38;1.93
107.0;127.69;81.0;19.53;1.86
275.0;383.04;134.0;20.39;2.28
355.0;243.21;229.0;21.71;2.21
611.0;741.55;134.0;23.32;1.72
704.0;744.07;157.0;25.03;1.17
777.0;802.56;145.0;26.64;0.76
788.0;807.09;145.0;27.95;1.17
643.0;465.79;288.0;28.65;2.14
326.0;37.89;300.0;29.01;2.83
404.0;256.08;257.0;29.17;3.17
367.0;553.88;127.0;28.58;3.52
168.0;197.38;114.0;27.62;3.86
59.0;198.59;38.0;26.4;4.28
0.0;0.0;0.0;25.2;4.21
0.0;0.0;0.0;23.14;4.55
0.0;0.0;0.0;21.46;4.28
0.0;0.0;0.0;20.02;4.0
0.0;0.0;0.0;18.86;3.66
0.0;0.0;0.0;17.81;3.72
0.0;0.0;0.0;16.75;3.1
0.0;0.0;0.0;16.1;2.9
0.0;0.0;0.0;15.71;2.55
0.0;0.0;0.0;15.25;2.07
6.0;0.0;6.0;15.01;1.86
107.0;129.94;81.0;15.26;1.86
216.0;142.56;164.0;16.68;2.9
407.0;384.62;209.0;17.94;2.83
491.0;320.31;286.0;19.18;2.48
645.0;515.14;268.0;20.58;2.34
695.0;516.54;290.0;21.82;2.48
774.0;719.97;203.0;22.86;2.69
746.0;749.04;178.0;23.61;2.62
656.0;708.11;173.0;24.13;2.34
331.0;105.33;271.0;24.34;2.28
385.0;627.57;116.0;24.26;2.21
107.0;22.33;101.0;23.88;2.14
64.0;298.2;34.0;23.22;2.21
0.0;0.0;0.0;21.78;2.21
0.0;0.0;0.0;20.21;2.9
0.0;0.0;0.0;18.93;3.24
0.0;0.0;0.0;17.73;2.97
0.0;0.0;0.0;16.81;2.41
0.0;0.0;0.0;15.92;2.0
0.0;0.0;0.0;14.99;1.66
0.0;0.0;0.0;14.02;1.59
0.0;0.0;0.0;13.37;1.59
0.0;0.0;0.0;12.95;1.66
2.0;0.0;2.0;12.67;1.66
123.0;239.12;76.0;13.52;1.45
326.0;666.92;85.0;15.53;1.93
464.0;645.17;134.0;17.45;2.07
614.0;746.01;139.0;19.36;2.14
720.0;785.18;148.0;21.06;2.0
781.0;804.53;153.0;22.46;1.79
796.0;822.13;147.0;23.73;1.59
691.0;596.5;241.0;24.23;1.38
406.0;115.06;328.0;24.54;1.17
362.0;164.55;269.0;23.78;1.93
218.0;70.77;188.0;23.9;2.48
129.0;72.06;110.0;23.76;2.0
58.0;262.07;33.0;23.35;1.52
0.0;0.0;0.0;21.23;1.79
0.0;0.0;0.0;19.85;2.34
0.0;0.0;0.0;18.97;2.41
0.0;0.0;0.0;18.36;2.0
0.0;0.0;0.0;17.82;1.72
0.0;0.0;0.0;17.59;1.24
0.0;0.0;0.0;17.56;1.1
0.0;0.0;0.0;17.37;1.31
0.0;0.0;0.0;16.97;1.17
0.0;0.0;0.0;16.22;1.24
4.0;0.0;4.0;15.48;1.59
67.0;20.73;63.0;15.53;1.38
139.0;19.56;132.0;17.39;0.9
321.0;173.17;233.0;19.15;2.0
329.0;64.73;288.0;21.15;2.9
294.0;13.79;284.0;22.73;3.72
299.0;7.72;293.0;23.58;3.59
590.0;291.47;361.0;24.25;4.0
412.0;75.96;355.0;24.77;4.34
126.0;0.0;126.0;24.73;4.62
75.0;0.0;75.0;23.82;4.14
33.0;0.0;33.0;23.26;3.45
52.0;0.0;52.0;22.14;2.83
44.0;133.16;32.0;20.31;2.21
0.0;0.0;0.0;18.38;3.03
0.0;0.0;0.0;18.13;3.93
0.0;0.0;0.0;18.27;4.28
0.0;0.0;0.0;18.36;4.55
0.0;0.0;0.0;18.56;4.69
0.0;0.0;0.0;18.87;4.83
0.0;0.0;0.0;18.8;4.9
0.0;0.0;0.0;18.52;4.9
0.0;0.0;0.0;17.99;5.03
0.0;0.0;0.0;17.44;4.97
0.0;0.0;0.0;17.08;5.03
129.0;322.06;68.0;17.26;4.9
235.0;231.31;153.0;17.91;6.55
104.0;0.0;104.0;18.96;6.83
435.0;219.04;297.0;19.86;6.69
417.0;95.61;348.0;20.91;7.45
420.0;67.23;368.0;22.08;7.86
430.0;71.62;374.0;22.67;8.21
604.0;380.51;320.0;22.88;7.86
224.0;1.49;223.0;23.32;7.59
484.0;534.14;187.0;23.54;7.59
212.0;70.02;183.0;23.36;7.59
170.0;268.3;102.0;22.51;7.31
51.0;259.5;29.0;21.58;6.55
0.0;0.0;0.0;20.19;6.41
0.0;0.0;0.0;19.07;6.62
0.0;0.0;0.0;17.82;6.41
0.0;0.0;0.0;16.91;6.07
0.0;0.0;0.0;16.56;5.79
0.0;0.0;0.0;16.43;5.72
0.0;0.0;0.0;16.27;5.66
0.0;0.0;0.0;15.82;5.45
0.0;0.0;0.0;15.69;5.38
0.0;0.0;0.0;15.55;5.17
0.0;0.0;0.0;15.4;4.83
83.0;64.58;71.0;15.44;4.21
142.0;22.79;134.0;15.95;5.86
312.0;155.57;234.0;16.85;6.0
503.0;390.99;258.0;18.12;5.79
577.0;374.57;308.0;19.68;5.66
532.0;202.65;376.0;20.61;5.52
639.0;394.59;332.0;21.42;5.31
621.0;428.42;303.0;21.38;4.83
553.0;431.61;266.0;21.64;4.69
374.0;208.58;259.0;21.93;4.62
73.0;0.0;73.0;21.52;4.55
151.0;185.3;105.0;21.08;4.0
39.0;138.58;28.0;20.48;3.1
0.0;0.0;0.0;19.67;1.86
0.0;0.0;0.0;18.86;1.38
0.0;0.0;0.0;17.93;1.03
0.0;0.0;0.0;17.08;1.24
0.0;0.0;0.0;16.41;1.38
0.0;0.0;0.0;16.02;1.59
0.0;0.0;0.0;15.75;1.72
0.0;0.0;0.0;15.72;1.72
0.0;0.0;0.0;15.75;1.86
0.0;0.0;0.0;15.69;1.93
0.0;0.0;0.0;15.7;2.0
123.0;329.34;63.0;16.02;2.07
293.0;563.94;97.0;17.19;2.83
459.0;688.81;116.0;19.39;3.24
515.0;442.9;239.0;21.43;3.66
699.0;772.44;147.0;22.96;4.34
755.0;777.96;159.0;24.0;4.55
765.0;781.55;160.0;24.82;4.48
712.0;724.85;177.0;25.4;4.48
650.0;787.3;130.0;25.89;4.48
506.0;673.25;138.0;26.08;4.55
320.0;423.06;149.0;25.97;4.62
140.0;152.28;103.0;25.51;4.41
37.0;148.82;26.0;24.43;3.24
0.0;0.0;0.0;22.89;2.83
0.0;0.0;0.0;21.91;2.69
0.0;0.0;0.0;21.02;2.69
0.0;0.0;0.0;20.21;2.83
0.0;0.0;0.0;19.68;3.03
0.0;0.0;0.0;19.31;2.9
0.0;0.0;0.0;19.04;2.62
0.0;0.0;0.0;18.44;2.62
0.0;0.0;0.0;18.12;2.76
0.0;0.0;0.0;17.92;2.55
0.0;0.0;0.0;17.76;2.34
34.0;0.0;34.0;17.7;2.62
84.0;0.0;84.0;18.15;3.1
275.0;97.07;227.0;18.98;3.93
442.0;250.13;287.0;20.32;4.55
510.0;241.9;338.0;21.49;4.41
525.0;200.7;372.0;22.64;4.28
630.0;392.14;328.0;23.84;3.93
631.0;476.94;281.0;24.72;3.79
590.0;579.31;210.0;25.14;3.72
444.0;435.6;208.0;25.37;3.66
330.0;491.1;134.0;25.28;3.66
171.0;349.27;88.0;24.78;3.52
34.0;146.21;24.0;23.62;2.41
0.0;0.0;0.0;22.06;2.28
0.0;0.0;0.0;20.66;2.07
0.0;0.0;0.0;19.23;1.79
0.0;0.0;0.0;18.42;1.24
0.0;0.0;0.0;19.3;0.76
0.0;0.0;0.0;19.01;0.55
0.0;0.0;0.0;16.84;1.38
0.0;0.0;0.0;17.02;1.52
0.0;0.0;0.0;17.05;1.66
0.0;0.0;0.0;16.24;2.0
0.0;0.0;0.0;16.22;2.21
87.0;97.21;70.0;16.18;2.14
185.0;102.79;150.0;17.49;1.93
439.0;604.89;142.0;19.48;2.55
596.0;746.59;136.0;21.4;3.24
686.0;726.61;172.0;22.85;3.86
733.0;706.63;197.0;24.03;4.76
754.0;749.26;180.0;25.1;5.66
694.0;671.66;204.0;25.77;5.93
173.0;0.0;173.0;26.04;6.07
98.0;0.0;98.0;25.75;6.28
204.0;73.61;175.0;25.56;5.79
154.0;254.04;95.0;25.27;5.17
25.0;63.68;21.0;24.12;4.28
0.0;0.0;0.0;22.16;3.31
0.0;0.0;0.0;21.17;3.31
0.0;0.0;0.0;20.18;3.03
0.0;0.0;0.0;19.32;2.76
0.0;0.0;0.0;18.59;2.76
0.0;0.0;0.0;18.03;3.03
0.0;0.0;0.0;17.7;3.38
0.0;0.0;0.0;17.26;3.59
0.0;0.0;0.0;16.66;3.59
0.0;0.0;0.0;16.02;3.31
0.0;0.0;0.0;15.51;3.1
127.0;438.07;52.0;15.23;2.62
282.0;543.15;99.0;16.33;3.79
423.0;555.94;152.0;17.74;5.03
419.0;210.59;290.0;18.68;5.24
480.0;196.11;342.0;19.68;5.24
537.0;227.91;365.0;20.68;5.24
535.0;215.23;371.0;21.46;5.38
529.0;253.74;345.0;21.65;5.52
369.0;92.78;309.0;22.06;5.93
163.0;1.88;162.0;21.37;5.93
68.0;0.0;68.0;20.62;6.34
152.0;268.97;91.0;18.88;5.45
7.0;0.0;7.0;17.82;4.9
0.0;0.0;0.0;16.28;4.41
0.0;0.0;0.0;15.58;4.21
0.0;0.0;0.0;15.17;3.93
0.0;0.0;0.0;14.68;4.0
0.0;0.0;0.0;14.23;4.41
0.0;0.0;0.0;13.7;4.28
0.0;0.0;0.0;12.99;4.07
0.0;0.0;0.0;12.51;4.21
0.0;0.0;0.0;12.22;4.48
0.0;0.0;0.0;11.83;4.55
0.0;0.0;0.0;11.86;4.76
117.0;358.19;57.0;12.11;5.24
267.0;450.01;117.0;12.63;5.72
414.0;508.37;168.0;13.59;6.0
351.0;96.89;292.0;14.51;5.66
343.0;38.57;316.0;15.35;5.79
661.0;494.17;290.0;15.9;5.72
652.0;452.61;309.0;16.27;5.66
678.0;629.92;224.0;17.33;5.72
623.0;719.66;161.0;18.15;5.79
314.0;115.77;253.0;18.22;5.86
101.0;0.0;101.0;15.8;4.87
166.0;397.68;78.0;15.74;4.66
23.0;116.48;17.0;15.69;4.46
0.0;0.0;0.0;15.63;4.26
0.0;0.0;0.0;15.58;4.06
0.0;0.0;0.0;15.52;3.85
0.0;0.0;0.0;15.47;3.65
0.0;0.0;0.0;15.41;3.45
0.0;0.0;0.0;15.35;3.24
0.0;0.0;0.0;15.3;3.04
0.0;0.0;0.0;15.24;2.84
0.0;0.0;0.0;15.19;2.63
0.0;0.0;0.0;15.13;2.43
0.0;0.0;0.0;15.08;2.23
67.0;41.79;60.0;15.02;2.03
126.0;15.0;121.0;14.96;1.82
210.0;26.87;197.0;16.44;3.03
249.0;14.78;240.0;17.12;3.03
416.0;111.43;338.0;18.08;3.03
287.0;7.99;281.0;19.05;3.24
311.0;13.2;301.0;19.47;3.17
129.0;0.0;129.0;19.85;2.97
183.0;0.0;183.0;20.24;3.17
362.0;227.74;242.0;20.18;3.03
222.0;127.79;173.0;19.99;2.76
114.0;99.42;92.0;19.56;1.93
15.0;19.41;14.0;18.96;1.45
0.0;0.0;0.0;18.06;1.31
0.0;0.0;0.0;16.89;1.38
0.0;0.0;0.0;16.19;1.38
0.0;0.0;0.0;15.64;1.38
0.0;0.0;0.0;15.16;1.45
0.0;0.0;0.0;15.19;1.31
0.0;0.0;0.0;14.93;1.45
0.0;0.0;0.0;14.94;1.31
0.0;0.0;0.0;15.14;1.17
0.0;0.0;0.0;15.05;1.1
0.0;0.0;0.0;15.02;1.1
61.0;30.53;56.0;15.23;1.17
160.0;63.69;139.0;15.87;1.38
216.0;33.31;200.0;16.45;1.59
251.0;16.52;241.0;17.26;1.72
351.0;48.84;317.0;18.0;1.93
468.0;135.25;367.0;19.07;2.34
405.0;65.02;356.0;20.08;3.1
601.0;439.8;286.0;20.29;3.38
514.0;393.92;263.0;20.02;3.38
215.0;17.25;206.0;19.8;3.38
185.0;58.19;163.0;19.5;3.31
139.0;241.05;87.0;18.98;2.62
6.0;0.0;6.0;18.37;2.0
0.0;0.0;0.0;17.52;2.41
0.0;0.0;0.0;16.99;2.21
0.0;0.0;0.0;16.59;2.07
0.0;0.0;0.0;15.83;2.21
0.0;0.0;0.0;15.19;2.34
0.0;0.0;0.0;14.68;2.55
0.0;0.0;0.0;14.24;2.76
0.0;0.0;0.0;13.79;2.83
0.0;0.0;0.0;13.65;2.9
0.0;0.0;0.0;13.86;3.03
0.0;0.0;0.0;14.33;3.31
59.0;24.99;55.0;14.73;3.59
28.0;0.0;28.0;15.29;3.72
111.0;0.0;111.0;15.83;3.86
94.0;0.0;94.0;16.14;3.45
403.0;99.66;334.0;16.83;3.86
543.0;258.5;351.0;16.83;3.86
446.0;106.76;366.0;17.12;3.66
324.0;26.7;305.0;18.09;4.14
305.0;39.54;280.0;18.48;4.76
253.0;48.38;228.0;17.96;5.03
300.0;453.45;131.0;17.28;4.9
171.0;528.32;60.0;16.59;4.41
14.0;49.99;12.0;15.72;3.72
0.0;0.0;0.0;14.82;3.45
0.0;0.0;0.0;14.04;3.38
0.0;0.0;0.0;13.46;3.24
0.0;0.0;0.0;12.68;3.03
0.0;0.0;0.0;12.03;2.83
0.0;0.0;0.0;11.41;2.76
0.0;0.0;0.0;10.82;2.69
0.0;0.0;0.0;10.34;2.69
0.0;0.0;0.0;10.05;2.62
0.0;0.0;0.0;9.85;2.55
0.0;0.0;0.0;9.78;2.48
112.0;403.06;49.0;9.76;2.41
286.0;642.07;79.0;11.31;2.62
450.0;735.73;102.0;13.26;3.86
586.0;767.73;127.0;14.49;4.97
625.0;567.92;234.0;15.34;5.17
594.0;357.4;330.0;15.72;4.97
560.0;275.17;355.0;15.95;4.97
558.0;335.19;321.0;16.22;4.9
450.0;237.48;301.0;16.17;4.9
333.0;173.99;244.0;15.95;4.83
334.0;661.69;91.0;15.67;4.34
139.0;283.71;81.0;15.49;3.66
9.0;0.0;9.0;14.62;2.97
0.0;0.0;0.0;13.94;3.03
0.0;0.0;0.0;12.71;2.83
0.0;0.0;0.0;11.74;2.69
0.0;0.0;0.0;10.91;2.48
0.0;0.0;0.0;10.18;2.41
0.0;0.0;0.0;9.58;2.34
0.0;0.0;0.0;9.01;2.28
0.0;0.0;0.0;8.49;2.21
0.0;0.0;0.0;8.07;2.21
0.0;0.0;0.0;7.67;2.07
0.0;0.0;0.0;7.28;1.93
105.0;367.13;49.0;7.21;1.59
276.0;618.14;79.0;9.82;1.24
441.0;726.61;100.0;12.08;1.31
591.0;819.74;104.0;14.11;1.52
695.0;853.11;111.0;15.51;1.93
744.0;839.99;127.0;16.28;2.07
760.0;865.5;119.0;16.87;2.0
700.0;805.83;134.0;17.34;2.0
386.0;136.56;301.0;17.56;2.14
245.0;45.43;222.0;17.86;2.48
144.0;19.35;137.0;17.8;2.14
85.0;45.29;76.0;17.49;1.17
4.0;0.0;4.0;17.03;1.1
0.0;0.0;0.0;16.66;1.59
0.0;0.0;0.0;15.81;1.93
0.0;0.0;0.0;15.62;1.93
0.0;0.0;0.0;15.53;2.07
0.0;0.0;0.0;15.31;2.14
0.0;0.0;0.0;14.83;2.21
0.0;0.0;0.0;14.3;2.28
0.0;0.0;0.0;14.15;2.14
0.0;0.0;0.0;14.29;2.0
0.0;0.0;0.0;14.34;1.86
0.0;0.0;0.0;14.43;1.86
47.0;13.45;45.0;14.56;1.79
77.0;0.0;77.0;15.36;2.21
167.0;8.59;163.0;16.54;3.17
187.0;1.69;186.0;17.34;3.17
190.0;0.0;190.0;18.73;4.07
187.0;0.0;187.0;19.49;4.55
533.0;258.09;343.0;20.55;4.76
229.0;1.43;228.0;21.08;4.69
421.0;215.41;288.0;21.32;4.48
145.0;0.0;145.0;21.09;3.86
224.0;190.92;156.0;20.79;3.59
56.0;5.18;55.0;20.53;3.45
4.0;0.0;4.0;19.38;2.9
0.0;0.0;0.0;18.48;3.59
0.0;0.0;0.0;18.15;3.59
0.0;0.0;0.0;17.6;3.31
0.0;0.0;0.0;17.02;3.24
0.0;0.0;0.0;16.91;3.45
0.0;0.0;0.0;16.61;3.38
0.0;0.0;0.0;16.35;3.31
0.0;0.0;0.0;15.83;3.17
0.0;0.0;0.0;15.35;3.1
0.0;0.0;0.0;15.08;3.1
0.0;0.0;0.0;14.96;3.1
59.0;48.3;52.0;14.9;3.03
115.0;16.07;110.0;15.56;4.21
326.0;268.51;202.0;16.19;4.69
152.0;0.0;152.0;16.94;4.41
354.0;59.12;314.0;17.58;4.48
157.0;0.0;157.0;18.11;4.48
250.0;2.73;248.0;19.04;4.9
275.0;10.1;268.0;19.39;5.1
328.0;70.22;285.0;19.71;5.24
178.0;6.05;175.0;19.43;4.83
178.0;74.17;152.0;19.15;4.41
72.0;26.72;67.0;18.72;3.93
0.0;0.0;0.0;17.83;3.03
0.0;0.0;0.0;17.41;2.97
0.0;0.0;0.0;16.96;2.69
0.0;0.0;0.0;16.58;2.48
0.0;0.0;0.0;16.21;2.55
0.0;0.0;0.0;15.86;2.69
0.0;0.0;0.0;15.53;2.69
0.0;0.0;0.0;15.14;2.62
0.0;0.0;0.0;14.07;2.48
0.0;0.0;0.0;13.61;2.41
0.0;0.0;0.0;12.92;2.34
0.0;0.0;0.0;12.6;2.28
93.0;318.88;48.0;12.45;2.21
261.0;582.19;82.0;13.8;3.1
427.0;707.4;103.0;15.09;3.03
575.0;799.97;109.0;16.95;3.1
667.0;798.51;130.0;18.19;3.38
734.0;842.32;126.0;19.34;3.45
760.0;903.58;103.0;20.18;3.31
706.0;864.81;111.0;21.22;3.31
597.0;783.92;121.0;21.59;3.1
459.0;701.79;115.0;21.69;3.03
313.0;669.74;82.0;21.54;3.17
106.0;176.5;74.0;20.94;2.34
0.0;0.0;0.0;19.72;1.93
0.0;0.0;0.0;18.39;2.07
0.0;0.0;0.0;17.09;2.21
0.0;0.0;0.0;16.44;2.41
0.0;0.0;0.0;16.1;2.62
0.0;0.0;0.0;15.75;2.69
0.0;0.0;0.0;15.4;2.69
0.0;0.0;0.0;15.08;2.55
0.0;0.0;0.0;15.22;2.41
0.0;0.0;0.0;15.24;2.34
0.0;0.0;0.0;15.03;2.41
0.0;0.0;0.0;14.67;2.48
85.0;269.53;48.0;14.46;2.41
183.0;164.66;133.0;14.91;3.1
266.0;121.1;211.0;15.54;3.86
326.0;89.87;274.0;16.97;3.72
383.0;91.26;322.0;17.62;3.79
416.0;93.38;349.0;18.31;3.86
122.0;0.0;122.0;18.84;4.0
513.0;285.46;318.0;19.17;4.21
411.0;204.32;288.0;19.17;4.14
454.0;701.45;114.0;19.13;3.93
274.0;462.84;117.0;18.66;3.66
103.0;176.72;72.0;18.2;3.24
0.0;0.0;0.0;17.26;2.41
0.0;0.0;0.0;16.8;2.14
0.0;0.0;0.0;16.04;1.86
0.0;0.0;0.0;15.14;1.79
0.0;0.0;0.0;13.49;1.79
0.0;0.0;0.0;12.03;1.66
0.0;0.0;0.0;11.48;1.52
0.0;0.0;0.0;10.98;1.45
0.0;0.0;0.0;10.92;1.24
0.0;0.0;0.0;10.21;1.38
0.0;0.0;0.0;10.04;1.59
0.0;0.0;0.0;10.45;1.72
56.0;59.96;48.0;10.97;1.86
172.0;140.07;130.0;12.72;1.72
358.0;413.04;172.0;15.17;2.41
526.0;635.21;161.0;17.02;3.24
660.0;802.42;127.0;18.5;4.34
155.0;0.0;155.0;19.15;4.9
295.0;12.54;286.0;19.11;5.03
297.0;20.64;283.0;19.18;5.38
77.0;0.0;77.0;19.28;5.31
353.0;300.5;209.0;18.72;4.76
176.0;86.97;147.0;18.24;4.21
87.0;106.2;69.0;17.87;3.93
0.0;0.0;0.0;17.42;3.52
0.0;0.0;0.0;16.59;3.17
0.0;0.0;0.0;15.84;3.03
0.0;0.0;0.0;14.83;2.76
0.0;0.0;0.0;14.08;2.41
0.0;0.0;0.0;13.53;2.21
0.0;0.0;0.0;13.23;2.07
0.0;0.0;0.0;12.63;1.72
0.0;0.0;0.0;12.14;1.38
0.0;0.0;0.0;11.26;1.45
0.0;0.0;0.0;10.85;1.72
0.0;0.0;0.0;10.8;2.0
85.0;324.22;43.0;10.89;2.14
251.0;577.71;80.0;11.97;2.07
416.0;705.6;101.0;13.76;3.1
511.0;580.09;180.0;14.96;3.66
604.0;599.97;208.0;15.94;3.31
341.0;35.28;316.0;17.0;3.03
238.0;1.4;237.0;17.67;2.9
484.0;240.66;322.0;17.52;2.76
117.0;0.0;117.0;17.79;2.97
217.0;33.78;201.0;17.56;2.97
188.0;125.12;147.0;17.32;2.76
94.0;171.21;66.0;16.98;2.41
0.0;0.0;0.0;16.32;2.28
0.0;0.0;0.0;15.86;2.41
0.0;0.0;0.0;15.34;2.69
0.0;0.0;0.0;14.97;2.76
0.0;0.0;0.0;14.06;2.76
0.0;0.0;0.0;13.22;2.62
0.0;0.0;0.0;12.31;2.62
0.0;0.0;0.0;11.6;2.62
0.0;0.0;0.0;11.05;2.62
0.0;0.0;0.0;10.62;2.55
0.0;0.0;0.0;10.24;2.48
0.0;0.0;0.0;9.89;2.48
88.0;397.93;38.0;9.76;2.41
241.0;523.75;88.0;11.45;2.83
408.0;680.22;107.0;12.62;3.45
539.0;707.8;138.0;13.44;3.31
558.0;457.46;258.0;14.7;3.59
584.0;407.57;297.0;15.57;3.52
623.0;502.56;267.0;16.34;3.45
661.0;769.34;147.0;16.86;3.38
574.0;764.33;126.0;17.25;3.45
443.0;715.76;108.0;17.28;3.38
283.0;612.08;86.0;17.2;3.38
112.0;368.12;54.0;16.86;3.17
0.0;0.0;0.0;16.28;2.55
0.0;0.0;0.0;15.4;3.1
0.0;0.0;0.0;14.58;3.24
0.0;0.0;0.0;14.02;3.1
0.0;0.0;0.0;13.42;3.03
0.0;0.0;0.0;12.95;2.9
0.0;0.0;0.0;12.5;2.83
0.0;0.0;0.0;11.95;2.83
0.0;0.0;0.0;11.55;2.76
0.0;0.0;0.0;11.07;2.69
0.0;0.0;0.0;10.68;2.62
0.0;0.0;0.0;10.37;2.62
74.0;254.64;43.0;10.34;2.55
242.0;562.06;80.0;11.74;2.48
404.0;679.52;106.0;13.83;3.03
553.0;782.29;113.0;15.79;3.03
662.0;836.53;117.0;17.66;3.03
697.0;780.41;151.0;19.26;3.24
714.0;827.23;132.0;20.45;3.45
667.0;811.45;129.0;21.17;3.31
568.0;762.81;125.0;21.52;3.17
442.0;733.14;103.0;21.56;2.97
280.0;623.42;83.0;21.27;2.76
110.0;395.93;50.0;20.46;2.07
0.0;0.0;0.0;18.71;2.21
0.0;0.0;0.0;17.12;2.41
0.0;0.0;0.0;15.79;2.41
0.0;0.0;0.0;14.64;2.34
0.0;0.0;0.0;13.58;2.21
0.0;0.0;0.0;12.55;2.07
0.0;0.0;0.0;11.65;2.0
0.0;0.0;0.0;11.01;2.07
0.0;0.0;0.0;10.47;1.93
0.0;0.0;0.0;9.98;1.59
0.0;0.0;0.0;10.08;1.31
0.0;0.0;0.0;8.87;1.72
71.0;254.64;41.0;8.85;1.59
237.0;552.22;80.0;11.17;0.97
400.0;683.46;103.0;14.43;1.17
549.0;786.28;110.0;17.35;1.86
655.0;831.31;117.0;19.27;2.48
701.0;818.64;132.0;20.43;2.48
717.0;854.45;120.0;21.24;2.55
662.0;816.29;125.0;21.63;2.9
554.0;726.55;136.0;21.86;3.24
427.0;691.91;111.0;21.8;3.31
222.0;303.12;128.0;21.36;3.17
104.0;378.01;49.0;20.47;2.48
0.0;0.0;0.0;18.9;2.48
0.0;0.0;0.0;17.93;3.1
0.0;0.0;0.0;16.9;3.03
0.0;0.0;0.0;15.74;2.55
0.0;0.0;0.0;15.15;2.28
0.0;0.0;0.0;14.49;2.21
0.0;0.0;0.0;13.85;2.14
0.0;0.0;0.0;13.34;1.93
0.0;0.0;0.0;12.74;1.86
0.0;0.0;0.0;12.34;1.72
0.0;0.0;0.0;12.62;1.38
0.0;0.0;0.0;13.2;1.03
13.0;0.0;13.0;13.76;0.76
110.0;21.4;104.0;14.91;0.55
202.0;44.13;183.0;15.69;1.03
357.0;171.43;262.0;16.69;0.76
466.0;259.8;299.0;17.73;0.48
573.0;424.38;280.0;18.17;0.14
453.0;162.87;340.0;19.07;0.14
598.0;614.4;197.0;19.66;0.34
285.0;50.89;256.0;20.15;0.62
323.0;274.95;199.0;20.51;0.62
252.0;529.29;91.0;20.33;0.69
89.0;272.53;51.0;20.07;0.62
0.0;0.0;0.0;19.38;0.69
0.0;0.0;0.0;17.46;1.52
0.0;0.0;0.0;16.59;1.31
0.0;0.0;0.0;16.29;1.17
0.0;0.0;0.0;16.13;1.03
0.0;0.0;0.0;15.82;0.97
0.0;0.0;0.0;15.21;1.03
0.0;0.0;0.0;14.2;1.24
0.0;0.0;0.0;13.63;1.45
0.0;0.0;0.0;13.42;1.66
0.0;0.0;0.0;13.28;1.72
0.0;0.0;0.0;13.16;1.79
68.0;300.24;35.0;12.84;1.79
226.0;539.09;77.0;14.23;1.72
386.0;663.58;103.0;16.5;1.93
530.0;756.44;114.0;18.8;2.14
633.0;802.03;121.0;20.96;2.48
671.0;758.29;151.0;22.47;3.24
683.0;789.73;139.0;23.49;3.66
635.0;773.83;134.0;24.16;3.72
535.0;708.8;135.0;24.43;3.86
413.0;691.77;105.0;24.54;3.93
253.0;570.03;83.0;24.21;3.79
91.0;344.96;45.0;23.27;3.03
0.0;0.0;0.0;21.32;2.83
0.0;0.0;0.0;19.94;2.9
0.0;0.0;0.0;18.69;2.9
0.0;0.0;0.0;17.68;2.9
0.0;0.0;0.0;16.91;2.97
0.0;0.0;0.0;16.18;2.9
0.0;0.0;0.0;15.44;2.55
0.0;0.0;0.0;14.64;2.21
0.0;0.0;0.0;13.74;1.86
0.0;0.0;0.0;12.87;1.66
0.0;0.0;0.0;12.47;1.38
0.0;0.0;0.0;12.1;1.31
49.0;103.84;38.0;12.14;1.24
170.0;201.91;115.0;14.63;1.03
344.0;464.03;148.0;16.29;1.31
392.0;265.71;247.0;17.83;1.59
397.0;141.97;307.0;19.49;2.83
330.0;38.18;304.0;20.52;3.66
225.0;1.46;224.0;21.1;4.07
259.0;12.46;251.0;21.13;4.0
256.0;32.21;238.0;21.23;4.21
233.0;77.37;199.0;20.91;4.62
96.0;6.84;94.0;19.67;4.41
40.0;15.72;38.0;17.06;4.69
0.0;0.0;0.0;14.95;4.76
0.0;0.0;0.0;13.5;4.21
0.0;0.0;0.0;12.5;3.1
0.0;0.0;0.0;12.11;1.93
0.0;0.0;0.0;12.0;1.45
0.0;0.0;0.0;11.77;2.14
0.0;0.0;0.0;11.59;2.97
0.0;0.0;0.0;11.34;2.97
0.0;0.0;0.0;10.89;3.72
0.0;0.0;0.0;10.46;4.28
0.0;0.0;0.0;9.99;3.86
0.0;0.0;0.0;9.77;3.66
52.0;147.14;37.0;9.65;3.66
194.0;335.35;104.0;9.97;3.93
272.0;186.48;194.0;10.83;5.1
402.0;284.44;248.0;11.91;5.17
363.0;92.15;305.0;13.06;5.24
461.0;186.31;335.0;14.1;5.03
376.0;72.19;327.0;15.18;5.03
309.0;36.12;286.0;15.52;4.83
155.0;0.0;155.0;15.66;4.48
90.0;0.0;90.0;15.46;4.14
134.0;48.91;120.0;15.24;3.93
86.0;388.02;39.0;14.59;3.31
0.0;0.0;0.0;13.5;3.03
0.0;0.0;0.0;12.25;2.07
0.0;0.0;0.0;11.33;1.86
0.0;0.0;0.0;10.14;1.93
0.0;0.0;0.0;9.07;1.79
0.0;0.0;0.0;8.18;1.79
0.0;0.0;0.0;7.56;1.93
0.0;0.0;0.0;7.11;1.86
0.0;0.0;0.0;6.63;1.72
0.0;0.0;0.0;6.24;1.66
0.0;0.0;0.0;5.74;1.79
0.0;0.0;0.0;5.38;1.86
48.0;132.74;35.0;5.45;1.86
218.0;537.2;76.0;7.92;1.59
376.0;651.98;106.0;10.04;2.0
256.0;39.1;235.0;11.64;2.48
264.0;16.0;254.0;12.86;2.83
337.0;44.68;307.0;14.38;3.24
310.0;26.72;292.0;15.36;3.24
571.0;563.77;215.0;15.62;3.24
441.0;385.33;230.0;15.61;3.03
395.0;668.57;109.0;15.82;2.9
234.0;535.27;84.0;15.71;2.55
64.0;165.22;45.0;15.41;1.79
0.0;0.0;0.0;14.51;1.66
0.0;0.0;0.0;13.69;0.76
0.0;0.0;0.0;12.69;1.1
0.0;0.0;0.0;10.95;1.79
0.0;0.0;0.0;10.04;1.86
0.0;0.0;0.0;9.22;2.0
0.0;0.0;0.0;8.72;2.07
0.0;0.0;0.0;9.19;1.93
0.0;0.0;0.0;9.5;2.0
0.0;0.0;0.0;9.47;2.07
0.0;0.0;0.0;9.2;2.14
0.0;0.0;0.0;8.58;2.28
53.0;212.98;33.0;8.24;2.28
214.0;541.76;73.0;9.59;2.21
321.0;387.86;162.0;11.45;2.62
493.0;651.34;146.0;13.95;3.03
591.0;689.99;163.0;15.91;3.72
631.0;658.53;192.0;17.05;3.86
651.0;723.89;167.0;17.9;3.66
624.0;793.84;127.0;18.48;3.52
490.0;590.49;170.0;18.83;3.45
392.0;684.99;103.0;18.87;3.24
233.0;565.3;78.0;18.62;2.9
71.0;303.16;38.0;17.79;1.86
0.0;0.0;0.0;16.23;2.07
0.0;0.0;0.0;14.8;2.14
0.0;0.0;0.0;13.47;2.14
0.0;0.0;0.0;12.19;2.14
0.0;0.0;0.0;11.18;2.0
0.0;0.0;0.0;10.4;1.86
0.0;0.0;0.0;9.75;1.72
0.0;0.0;0.0;9.1;1.72
0.0;0.0;0.0;8.61;1.72
0.0;0.0;0.0;8.4;1.66
0.0;0.0;0.0;8.0;1.72
0.0;0.0;0.0;7.7;1.79
39.0;89.02;31.0;7.64;1.72
179.0;300.58;102.0;9.16;1.38
321.0;399.28;159.0;12.88;1.38
435.0;425.85;210.0;15.55;1.59
515.0;430.42;250.0;17.51;2.0
618.0;624.1;205.0;19.14;2.28
638.0;690.33;180.0;20.5;2.55
610.0;754.07;142.0;21.58;2.69
434.0;391.62;224.0;22.09;2.76
315.0;331.73;177.0;22.16;2.69
160.0;152.91;119.0;21.89;2.21
42.0;48.68;37.0;20.74;1.86
0.0;0.0;0.0;19.09;2.07
0.0;0.0;0.0;17.32;1.45
0.0;0.0;0.0;16.44;1.24
0.0;0.0;0.0;16.05;1.1
0.0;0.0;0.0;14.99;1.17
0.0;0.0;0.0;13.77;1.31
0.0;0.0;0.0;12.21;1.52
0.0;0.0;0.0;11.0;1.72
0.0;0.0;0.0;10.39;1.59
0.0;0.0;0.0;10.1;1.45
0.0;0.0;0.0;9.24;1.59
0.0;0.0;0.0;8.37;1.93
46.0;198.12;29.0;8.14;1.93
201.0;491.95;77.0;10.15;1.17
80.0;0.0;80.0;13.79;0.83
140.0;0.0;140.0;15.93;0.48
195.0;1.64;194.0;18.15;0.34
415.0;141.59;322.0;19.59;0.34
358.0;69.88;312.0;20.8;1.03
210.0;3.25;208.0;21.47;1.52
529.0;812.4;98.0;21.88;1.79
378.0;677.9;100.0;22.19;2.0
190.0;335.79;102.0;21.91;2.14
44.0;82.86;36.0;20.84;1.79
0.0;0.0;0.0;19.28;2.28
0.0;0.0;0.0;16.99;2.41
0.0;0.0;0.0;16.17;2.48
0.0;0.0;0.0;15.81;2.48
0.0;0.0;0.0;15.48;2.41
0.0;0.0;0.0;15.1;2.21
0.0;0.0;0.0;14.71;1.79
0.0;0.0;0.0;14.33;1.72
0.0;0.0;0.0;14.16;1.72
0.0;0.0;0.0;14.24;1.66
0.0;0.0;0.0;14.58;1.59
0.0;0.0;0.0;14.84;1.59
40.0;146.82;28.0;15.04;1.45
164.0;258.15;100.0;15.31;1.66
353.0;624.34;105.0;16.14;1.93
480.0;660.29;137.0;17.14;2.07
367.0;122.05;293.0;18.39;2.41
164.0;0.0;164.0;19.66;3.17
131.0;0.0;131.0;20.35;3.52
463.0;305.08;277.0;20.82;3.59
293.0;87.65;247.0;21.03;3.38
234.0;116.29;187.0;21.03;3.45
119.0;54.69;105.0;20.85;3.38
43.0;99.56;34.0;20.05;2.69
0.0;0.0;0.0;18.77;2.48
0.0;0.0;0.0;17.7;2.48
0.0;0.0;0.0;17.47;2.62
0.0;0.0;0.0;16.91;2.83
0.0;0.0;0.0;16.62;3.1
0.0;0.0;0.0;16.17;3.38
0.0;0.0;0.0;15.59;3.45
0.0;0.0;0.0;15.05;3.38
0.0;0.0;0.0;14.43;3.31
0.0;0.0;0.0;13.79;3.45
0.0;0.0;0.0;13.51;3.72
0.0;0.0;0.0;13.41;3.93
29.0;51.52;25.0;13.62;4.28
193.0;492.3;73.0;14.65;4.48
165.0;22.91;156.0;15.91;5.52
92.0;0.0;92.0;16.72;6.28
262.0;21.61;249.0;17.38;7.17
58.0;0.0;58.0;18.08;6.62
86.0;0.0;86.0;17.32;5.45
112.0;0.0;112.0;14.95;4.14
315.0;129.09;248.0;14.13;2.9
335.0;504.77;134.0;14.86;3.31
201.0;488.19;79.0;15.68;3.03
22.0;0.0;22.0;15.72;2.21
0.0;0.0;0.0;14.67;2.07
0.0;0.0;0.0;13.45;2.41
0.0;0.0;0.0;12.81;2.48
0.0;0.0;0.0;12.45;2.62
0.0;0.0;0.0;12.04;2.76
0.0;0.0;0.0;11.66;2.97
0.0;0.0;0.0;11.19;3.1
0.0;0.0;0.0;10.75;3.17
0.0;0.0;0.0;10.56;3.24
0.0;0.0;0.0;10.38;3.24
0.0;0.0;0.0;9.82;3.1
0.0;0.0;0.0;9.32;3.1
39.0;190.39;25.0;9.05;3.17
195.0;517.6;71.0;9.7;2.83
351.0;640.78;102.0;11.26;3.59
490.0;728.77;118.0;13.09;4.0
517.0;489.25;225.0;14.67;4.9
530.0;398.84;274.0;15.36;5.1
150.0;0.0;150.0;15.86;5.03
203.0;1.67;202.0;16.0;4.55
87.0;0.0;87.0;16.18;4.28
125.0;2.55;124.0;16.09;3.86
101.0;28.71;94.0;15.84;3.45
9.0;0.0;9.0;15.27;2.55
0.0;0.0;0.0;14.15;2.21
0.0;0.0;0.0;12.48;1.79
0.0;0.0;0.0;11.89;1.72
0.0;0.0;0.0;11.29;1.79
0.0;0.0;0.0;10.54;1.86
0.0;0.0;0.0;9.67;1.93
0.0;0.0;0.0;9.15;1.86
0.0;0.0;0.0;8.74;1.93
0.0;0.0;0.0;8.45;2.07
0.0;0.0;0.0;8.24;2.0
0.0;0.0;0.0;8.23;1.93
0.0;0.0;0.0;8.81;2.07
26.0;57.63;22.0;9.04;2.21
112.0;63.73;97.0;9.59;3.1
344.0;622.02;105.0;10.99;5.03
450.0;565.34;164.0;12.33;5.03
350.0;106.41;287.0;13.27;4.76
385.0;113.07;313.0;14.03;4.9
57.0;0.0;57.0;14.47;4.83
130.0;0.0;130.0;13.05;5.1
82.0;0.0;82.0;13.63;5.79
143.0;10.36;139.0;12.6;6.07
53.0;0.0;53.0;11.62;4.97
35.0;125.09;26.0;10.94;4.55
0.0;0.0;0.0;10.12;4.83
0.0;0.0;0.0;9.22;4.0
0.0;0.0;0.0;8.87;3.93
0.0;0.0;0.0;8.54;3.93
0.0;0.0;0.0;8.19;3.86
0.0;0.0;0.0;8.06;3.86
0.0;0.0;0.0;8.07;3.93
0.0;0.0;0.0;8.49;4.14
0.0;0.0;0.0;8.64;4.14
0.0;0.0;0.0;8.49;4.0
0.0;0.0;0.0;8.31;3.86
0.0;0.0;0.0;8.26;3.86
29.0;122.56;21.0;8.2;3.86
72.0;4.33;71.0;8.94;4.97
155.0;18.43;148.0;9.63;6.07
132.0;0.0;132.0;10.55;6.0
316.0;68.12;276.0;11.61;6.14
553.0;498.65;238.0;12.72;6.07
256.0;11.08;249.0;14.1;6.28
388.0;170.24;288.0;14.9;6.41
152.0;0.0;152.0;15.2;6.0
241.0;170.93;176.0;15.12;5.79
17.0;0.0;17.0;14.89;5.59
6.0;0.0;6.0;13.8;5.38
0.0;0.0;0.0;12.7;5.17
0.0;0.0;0.0;12.48;5.38
0.0;0.0;0.0;11.89;5.31
0.0;0.0;0.0;11.69;5.31
0.0;0.0;0.0;11.62;5.24
0.0;0.0;0.0;11.57;4.97
0.0;0.0;0.0;11.55;4.83
0.0;0.0;0.0;11.41;4.83
0.0;0.0;0.0;11.32;4.69
0.0;0.0;0.0;11.22;4.62
0.0;0.0;0.0;11.08;4.41
0.0;0.0;0.0;10.71;4.28
21.0;49.08;18.0;10.57;4.14
85.0;22.04;80.0;11.26;4.0
92.0;0.0;92.0;11.8;3.79
152.0;0.0;152.0;12.39;4.34
123.0;0.0;123.0;12.75;3.59
59.0;0.0;59.0;12.92;3.1
374.0;110.15;305.0;12.73;3.72
227.0;10.31;221.0;12.6;4.55
137.0;0.0;137.0;12.83;4.41
105.0;0.0;105.0;12.78;4.55
93.0;31.04;86.0;12.58;4.55
19.0;16.75;18.0;12.51;4.83
0.0;0.0;0.0;12.38;4.97
0.0;0.0;0.0;12.15;4.55
0.0;0.0;0.0;11.86;4.55
0.0;0.0;0.0;11.85;4.34
0.0;0.0;0.0;11.83;4.21
0.0;0.0;0.0;11.8;4.07
0.0;0.0;0.0;11.79;3.86
0.0;0.0;0.0;11.77;3.66
0.0;0.0;0.0;11.49;3.52
0.0;0.0;0.0;11.13;3.52
0.0;0.0;0.0;10.69;3.52
0.0;0.0;0.0;10.51;3.52
13.0;0.0;13.0;10.03;3.38
75.0;8.98;73.0;10.64;3.72
139.0;10.78;135.0;11.32;3.79
293.0;121.95;233.0;12.67;4.97
134.0;0.0;134.0;13.74;4.62
304.0;40.23;279.0;14.92;4.41
313.0;48.31;283.0;16.03;4.0
199.0;3.47;197.0;16.93;3.93
159.0;2.04;158.0;17.18;3.66
186.0;65.17;162.0;17.27;2.97
144.0;246.06;90.0;17.01;2.14
27.0;167.95;18.0;15.91;1.79
0.0;0.0;0.0;14.71;1.72
0.0;0.0;0.0;13.68;1.45
0.0;0.0;0.0;12.41;1.45
0.0;0.0;0.0;11.53;1.45
0.0;0.0;0.0;10.73;1.52
0.0;0.0;0.0;9.71;1.59
0.0;0.0;0.0;9.14;1.52
0.0;0.0;0.0;8.87;1.24
0.0;0.0;0.0;9.02;1.03
0.0;0.0;0.0;8.54;1.03
0.0;0.0;0.0;7.62;1.24
0.0;0.0;0.0;6.74;1.45
15.0;18.95;14.0;6.43;1.52
162.0;393.95;76.0;7.71;1.03
283.0;379.24;144.0;11.17;1.03
461.0;709.98;115.0;13.74;1.52
538.0;663.74;158.0;15.95;2.48
574.0;631.24;185.0;17.52;2.9
567.0;605.96;194.0;18.67;2.76
403.0;229.63;272.0;19.4;2.55
425.0;543.28;162.0;19.76;2.62
263.0;295.33;156.0;19.7;2.9
58.0;0.0;58.0;17.83;2.45
14.0;21.05;13.0;17.19;2.52
0.0;0.0;0.0;16.55;2.6
0.0;0.0;0.0;15.91;2.68
0.0;0.0;0.0;15.27;2.76
0.0;0.0;0.0;14.63;2.84
0.0;0.0;0.0;13.99;2.92
0.0;0.0;0.0;13.35;3.0
0.0;0.0;0.0;12.72;3.08
0.0;0.0;0.0;12.08;3.16
0.0;0.0;0.0;11.44;3.24
0.0;0.0;0.0;10.8;3.32
0.0;0.0;0.0;10.16;3.4
0.0;0.0;0.0;9.52;3.48
13.0;20.58;12.0;8.88;3.56
178.0;551.43;60.0;8.24;3.64
332.0;660.16;93.0;10.7;4.83
428.0;547.0;164.0;12.04;5.93
410.0;243.15;272.0;13.37;6.0
599.0;725.0;156.0;14.16;5.86
366.0;104.9;302.0;14.51;5.66
503.0;524.08;207.0;14.61;5.66
263.0;77.37;226.0;15.03;5.31
318.0;592.18;107.0;14.72;5.1
178.0;583.63;57.0;14.26;5.03
9.0;0.0;9.0;13.21;4.14
0.0;0.0;0.0;12.07;3.72
0.0;0.0;0.0;10.91;3.1
0.0;0.0;0.0;10.11;2.55
0.0;0.0;0.0;9.24;1.93
0.0;0.0;0.0;8.16;1.52
0.0;0.0;0.0;8.6;1.38
0.0;0.0;0.0;8.67;1.66
0.0;0.0;0.0;8.43;2.0
0.0;0.0;0.0;8.48;2.0
0.0;0.0;0.0;8.65;2.14
0.0;0.0;0.0;9.16;2.41
0.0;0.0;0.0;9.71;2.76
3.0;0.0;3.0;10.12;3.17
76.0;19.08;72.0;10.26;2.97
110.0;2.8;109.0;10.94;3.59
67.0;0.0;67.0;11.37;3.93
147.0;0.0;147.0;11.61;3.86
190.0;0.0;190.0;12.67;4.69
252.0;14.89;243.0;13.24;4.48
216.0;8.94;211.0;14.24;4.69
115.0;0.0;115.0;16.13;6.0
80.0;0.0;80.0;17.12;4.28
70.0;14.9;67.0;17.24;3.86
2.0;0.0;2.0;17.16;3.72
0.0;0.0;0.0;16.78;3.45
0.0;0.0;0.0;15.78;3.24
0.0;0.0;0.0;15.82;3.31
0.0;0.0;0.0;15.82;3.24
0.0;0.0;0.0;15.8;3.31
0.0;0.0;0.0;15.69;3.24
0.0;0.0;0.0;15.51;3.17
0.0;0.0;0.0;15.47;3.17
0.0;0.0;0.0;15.38;3.1
0.0;0.0;0.0;15.24;2.9
0.0;0.0;0.0;15.13;2.69
0.0;0.0;0.0;14.94;2.55
5.0;0.0;5.0;14.81;2.62
111.0;126.65;85.0;14.98;2.76
159.0;39.66;145.0;15.53;2.97
174.0;8.45;170.0;16.43;2.97
455.0;414.29;224.0;16.71;2.9
355.0;108.23;290.0;17.21;2.97
432.0;250.36;282.0;17.93;3.17
447.0;395.73;228.0;18.41;3.24
222.0;42.87;202.0;18.7;3.24
224.0;206.19;153.0;18.61;3.03
130.0;276.58;76.0;18.41;2.83
5.0;0.0;5.0;17.63;2.0
0.0;0.0;0.0;16.24;2.0
0.0;0.0;0.0;15.18;1.86
0.0;0.0;0.0;14.63;1.72
0.0;0.0;0.0;14.18;1.66
0.0;0.0;0.0;13.47;1.59
0.0;0.0;0.0;12.42;1.38
0.0;0.0;0.0;11.98;1.1
0.0;0.0;0.0;11.76;0.97
0.0;0.0;0.0;11.12;1.1
0.0;0.0;0.0;10.36;1.31
0.0;0.0;0.0;9.75;1.45
0.0;0.0;0.0;9.59;1.45
5.0;0.0;5.0;9.54;1.38
115.0;159.27;83.0;9.75;1.03
318.0;671.62;84.0;12.89;1.03
453.0;753.72;100.0;15.13;1.38
546.0;783.64;113.0;16.83;1.79
597.0;806.35;117.0;18.03;1.79
593.0;795.11;121.0;19.03;1.79
542.0;783.27;113.0;19.85;1.79
447.0;753.29;100.0;20.36;2.0
312.0;679.71;82.0;20.5;2.21
146.0;454.46;60.0;20.17;2.21
3.0;0.0;3.0;18.91;1.93
0.0;0.0;0.0;17.13;2.21
0.0;0.0;0.0;15.82;2.21
0.0;0.0;0.0;14.59;2.41
0.0;0.0;0.0;13.66;2.48
0.0;0.0;0.0;12.95;2.48
0.0;0.0;0.0;12.29;2.48
0.0;0.0;0.0;11.7;2.48
0.0;0.0;0.0;11.19;2.48
0.0;0.0;0.0;10.67;2.48
0.0;0.0;0.0;10.16;2.41
0.0;0.0;0.0;9.76;2.48
0.0;0.0;0.0;9.38;2.34
4.0;0.0;4.0;9.0;2.21
155.0;488.5;59.0;9.13;1.66
316.0;671.86;85.0;12.2;1.38
448.0;744.28;103.0;14.94;1.66
547.0;792.7;113.0;17.54;2.14
594.0;805.11;119.0;19.9;2.76
590.0;794.07;123.0;21.78;2.97
545.0;804.44;109.0;23.11;2.97
448.0;773.99;96.0;23.86;2.9
311.0;697.91;79.0;24.09;2.62
144.0;469.32;58.0;23.68;1.79
0.0;0.0;0.0;22.38;1.66
0.0;0.0;0.0;20.08;2.14
0.0;0.0;0.0;18.14;2.48
0.0;0.0;0.0;16.83;2.48
0.0;0.0;0.0;15.77;2.48
0.0;0.0;0.0;14.86;2.41
0.0;0.0;0.0;14.05;2.34
0.0;0.0;0.0;13.4;2.41
0.0;0.0;0.0;12.96;2.48
0.0;0.0;0.0;12.53;2.41
0.0;0.0;0.0;12.02;2.34
0.0;0.0;0.0;11.75;2.55
0.0;0.0;0.0;12.01;2.9
3.0;0.0;3.0;12.51;3.31
146.0;447.66;60.0;13.13;3.1
301.0;627.92;88.0;15.51;3.17
439.0;736.87;101.0;18.02;3.72
536.0;789.06;108.0;20.03;3.86
587.0;814.13;111.0;21.6;3.86
373.0;151.05;285.0;22.89;3.66
514.0;721.64;127.0;23.84;3.72
356.0;387.59;182.0;24.3;4.07
176.0;91.89;146.0;23.89;3.72
100.0;152.3;73.0;23.18;2.97
0.0;0.0;0.0;21.59;2.55
0.0;0.0;0.0;20.41;2.21
0.0;0.0;0.0;18.05;1.59
0.0;0.0;0.0;17.27;1.1
0.0;0.0;0.0;16.67;1.59
0.0;0.0;0.0;15.74;1.93
0.0;0.0;0.0;14.79;1.93
0.0;0.0;0.0;14.17;1.59
0.0;0.0;0.0;13.51;1.86
0.0;0.0;0.0;13.39;2.41
0.0;0.0;0.0;13.34;2.62
0.0;0.0;0.0;13.23;2.69
0.0;0.0;0.0;13.1;2.83
0.0;0.0;0.0;13.08;3.17
93.0;90.58;76.0;12.83;2.21
155.0;47.82;139.0;13.66;2.9
40.0;0.0;40.0;14.6;4.28
78.0;0.0;78.0;15.07;4.41
122.0;0.0;122.0;15.48;4.28
78.0;0.0;78.0;15.14;3.59
76.0;0.0;76.0;15.1;3.52
66.0;0.0;66.0;15.22;3.79
124.0;15.6;119.0;15.19;3.93
32.0;0.0;32.0;15.49;4.0
0.0;0.0;0.0;15.21;3.38
0.0;0.0;0.0;14.61;2.97
0.0;0.0;0.0;13.72;2.83
0.0;0.0;0.0;13.53;2.69
0.0;0.0;0.0;13.26;2.48
0.0;0.0;0.0;12.58;2.41
0.0;0.0;0.0;11.83;2.62
0.0;0.0;0.0;11.25;2.69
0.0;0.0;0.0;10.62;2.55
0.0;0.0;0.0;10.12;2.41
0.0;0.0;0.0;9.8;2.34
0.0;0.0;0.0;9.43;2.41
0.0;0.0;0.0;8.92;2.21
0.0;0.0;0.0;8.55;2.07
140.0;458.43;56.0;8.35;1.66
299.0;654.67;83.0;10.28;1.86
430.0;730.57;102.0;12.51;2.21
524.0;770.37;114.0;14.51;2.62
574.0;792.68;119.0;16.0;2.76
568.0;782.16;121.0;17.14;2.62
525.0;800.24;105.0;17.92;2.41
426.0;757.01;95.0;18.39;2.34
285.0;648.32;81.0;18.43;2.48
130.0;477.51;51.0;17.95;2.48
0.0;0.0;0.0;16.62;2.0
0.0;0.0;0.0;15.12;1.93
0.0;0.0;0.0;13.72;1.59
0.0;0.0;0.0;12.18;1.79
0.0;0.0;0.0;11.15;2.0
0.0;0.0;0.0;10.57;2.07
0.0;0.0;0.0;10.25;2.14
0.0;0.0;0.0;9.98;2.07
0.0;0.0;0.0;10.05;2.07
0.0;0.0;0.0;10.02;1.93
0.0;0.0;0.0;10.16;1.79
0.0;0.0;0.0;9.72;1.72
0.0;0.0;0.0;9.1;1.52
0.0;0.0;0.0;8.78;1.72
131.0;408.35;58.0;9.14;1.52
286.0;614.88;86.0;12.49;1.38
423.0;725.11;101.0;15.22;1.45
517.0;768.38;112.0;17.59;1.59
566.0;791.34;116.0;19.48;2.0
569.0;811.04;110.0;20.91;2.28
511.0;776.29;108.0;21.85;2.21
413.0;730.15;98.0;22.44;2.14
277.0;641.23;79.0;22.62;2.21
115.0;376.01;55.0;22.18;2.07
0.0;0.0;0.0;20.46;2.34
0.0;0.0;0.0;18.54;2.62
0.0;0.0;0.0;17.36;2.62
0.0;0.0;0.0;16.41;2.55
0.0;0.0;0.0;15.62;2.62
0.0;0.0;0.0;15.01;2.55
0.0;0.0;0.0;14.4;2.41
0.0;0.0;0.0;13.89;2.41
0.0;0.0;0.0;13.55;2.41
0.0;0.0;0.0;13.22;2.41
0.0;0.0;0.0;12.87;2.41
0.0;0.0;0.0;12.53;2.34
0.0;0.0;0.0;12.2;2.34
0.0;0.0;0.0;11.93;2.34
126.0;390.15;58.0;12.12;2.21
284.0;626.98;83.0;14.25;2.21
415.0;715.0;101.0;16.99;2.41
505.0;747.21;115.0;19.49;2.69
550.0;759.82;122.0;21.56;2.9
542.0;733.42;131.0;23.15;3.03
497.0;745.97;114.0;24.14;3.24
399.0;700.17;101.0;24.61;3.66
231.0;379.63;116.0;24.56;3.86
88.0;169.12;62.0;23.94;3.52
0.0;0.0;0.0;22.21;3.52
0.0;0.0;0.0;21.11;3.79
0.0;0.0;0.0;21.55;5.93
0.0;0.0;0.0;20.53;6.28
0.0;0.0;0.0;19.27;5.86
0.0;0.0;0.0;18.41;5.38
0.0;0.0;0.0;18.03;5.24
0.0;0.0;0.0;17.8;5.24
0.0;0.0;0.0;17.64;4.97
0.0;0.0;0.0;17.61;4.83
0.0;0.0;0.0;17.59;4.76
0.0;0.0;0.0;17.41;4.55
0.0;0.0;0.0;17.34;4.34
0.0;0.0;0.0;16.93;4.0
128.0;447.58;52.0;15.77;4.07
274.0;604.66;83.0;17.08;3.66
401.0;686.27;103.0;19.01;4.76
493.0;729.51;116.0;21.09;5.45
537.0;743.84;122.0;22.91;5.52
528.0;717.34;130.0;24.22;5.24
402.0;380.12;209.0;25.18;5.24
256.0;145.3;195.0;25.7;5.31
132.0;40.39;120.0;25.51;5.1
59.0;40.56;53.0;24.82;4.55
0.0;0.0;0.0;22.88;4.21
0.0;0.0;0.0;20.13;3.86
0.0;0.0;0.0;19.21;3.38
0.0;0.0;0.0;18.79;3.52
0.0;0.0;0.0;18.14;3.72
0.0;0.0;0.0;17.34;3.72
0.0;0.0;0.0;16.95;3.72
0.0;0.0;0.0;16.34;3.31
0.0;0.0;0.0;15.74;3.03
0.0;0.0;0.0;15.27;2.83
0.0;0.0;0.0;14.82;2.62
0.0;0.0;0.0;14.57;2.41
0.0;0.0;0.0;14.52;2.41
0.0;0.0;0.0;14.83;2.69
61.0;24.2;57.0;16.36;2.9
175.0;122.12;137.0;17.41;2.76
353.0;465.89;153.0;18.84;3.52
434.0;494.51;181.0;20.23;4.21
381.0;218.99;260.0;22.1;5.17
443.0;398.71;224.0;23.5;5.52
403.0;404.35;200.0;24.58;5.79
192.0;38.64;176.0;25.0;5.24
183.0;188.8;128.0;25.3;4.97
98.0;351.66;48.0;24.9;4.34
0.0;0.0;0.0;24.03;4.0
0.0;0.0;0.0;23.01;3.59
0.0;0.0;0.0;20.65;2.69
0.0;0.0;0.0;19.74;2.83
0.0;0.0;0.0;19.18;2.97
0.0;0.0;0.0;18.8;3.03
0.0;0.0;0.0;18.39;2.97
0.0;0.0;0.0;18.0;2.9
0.0;0.0;0.0;17.75;2.97
0.0;0.0;0.0;17.54;2.9
0.0;0.0;0.0;17.26;2.83
0.0;0.0;0.0;16.92;2.83
0.0;0.0;0.0;16.69;2.9
0.0;0.0;0.0;16.46;2.83
109.0;329.64;56.0;16.66;2.83
252.0;518.87;93.0;18.55;3.1
381.0;633.94;112.0;20.61;3.79
477.0;710.85;117.0;22.45;4.0
529.0;754.8;116.0;24.04;4.21
506.0;667.61;143.0;25.29;4.41
462.0;682.96;123.0;26.0;4.62
334.0;460.43;146.0;26.31;4.62
207.0;332.68;112.0;26.12;4.41
77.0;168.53;54.0;25.37;3.52
0.0;0.0;0.0;23.56;3.45
0.0;0.0;0.0;22.12;3.59
0.0;0.0;0.0;20.81;2.9
0.0;0.0;0.0;19.9;2.76
0.0;0.0;0.0;19.16;2.69
0.0;0.0;0.0;18.48;2.69
0.0;0.0;0.0;17.84;2.62
0.0;0.0;0.0;17.41;2.55
0.0;0.0;0.0;17.16;2.62
0.0;0.0;0.0;17.04;2.9
0.0;0.0;0.0;16.95;3.1
0.0;0.0;0.0;16.74;3.31
0.0;0.0;0.0;16.64;3.59
0.0;0.0;0.0;16.59;3.79
105.0;326.39;54.0;16.94;4.14
251.0;540.29;88.0;18.74;4.07
387.0;684.37;100.0;20.87;5.72
452.0;612.47;145.0;22.62;6.48
513.0;708.77;129.0;24.01;6.55
431.0;388.34;222.0;25.07;6.21
311.0;158.95;233.0;25.75;5.72
45.0;0.0;45.0;25.85;4.97
223.0;468.13;92.0;25.71;4.21
62.0;91.74;50.0;25.09;3.59
0.0;0.0;0.0;23.76;3.66
0.0;0.0;0.0;22.72;3.72
0.0;0.0;0.0;21.96;4.76
0.0;0.0;0.0;21.72;5.24
0.0;0.0;0.0;21.31;5.1
0.0;0.0;0.0;20.84;4.76
0.0;0.0;0.0;20.38;4.62
0.0;0.0;0.0;19.84;4.69
0.0;0.0;0.0;19.43;4.69
0.0;0.0;0.0;18.95;4.62
0.0;0.0;0.0;18.6;4.55
0.0;0.0;0.0;18.48;4.48
0.0;0.0;0.0;18.34;4.48
0.0;0.0;0.0;18.35;4.41
111.0;421.83;47.0;17.08;2.34
247.0;532.1;89.0;18.26;2.21
376.0;651.57;106.0;19.98;3.1
467.0;703.54;118.0;21.67;3.79
513.0;727.07;123.0;23.01;4.14
512.0;737.82;119.0;24.05;4.55
461.0;721.54;111.0;24.81;4.55
349.0;582.01;118.0;25.13;4.34
158.0;134.96;121.0;25.03;4.0
47.0;31.95;43.0;24.18;2.83
0.0;0.0;0.0;22.23;2.21
0.0;0.0;0.0;20.33;1.66
0.0;0.0;0.0;18.89;2.48
0.0;0.0;0.0;17.82;2.41
0.0;0.0;0.0;17.01;2.14
0.0;0.0;0.0;16.18;1.93
0.0;0.0;0.0;15.49;1.79
0.0;0.0;0.0;14.5;1.72
0.0;0.0;0.0;14.56;1.38
0.0;0.0;0.0;14.44;1.17
0.0;0.0;0.0;13.41;1.38
0.0;0.0;0.0;12.75;1.45
0.0;0.0;0.0;13.11;1.24
0.0;0.0;0.0;14.25;0.83
99.0;326.15;51.0;12.67;1.59
245.0;544.2;86.0;15.58;0.97
378.0;681.49;99.0;19.04;0.97
464.0;704.88;118.0;21.53;1.31
513.0;740.09;120.0;22.78;1.79
503.0;713.3;127.0;23.59;1.86
464.0;752.94;103.0;24.04;1.93
366.0;700.33;92.0;24.19;1.86
229.0;569.81;76.0;24.03;1.79
63.0;133.75;47.0;23.34;1.45
0.0;0.0;0.0;21.92;1.79
0.0;0.0;0.0;19.98;1.93
0.0;0.0;0.0;18.24;2.28
0.0;0.0;0.0;17.1;2.21
0.0;0.0;0.0;16.14;2.0
0.0;0.0;0.0;15.18;1.86
0.0;0.0;0.0;14.35;1.93
0.0;0.0;0.0;13.71;1.93
0.0;0.0;0.0;13.25;1.93
0.0;0.0;0.0;12.88;1.93
0.0;0.0;0.0;12.54;1.86
0.0;0.0;0.0;12.5;1.66
0.0;0.0;0.0;12.41;1.52
0.0;0.0;0.0;12.24;1.31
96.0;329.55;49.0;12.76;1.86
240.0;546.28;83.0;13.52;2.62
203.0;59.35;179.0;14.56;2.41
328.0;205.9;228.0;16.09;2.34
321.0;129.36;253.0;17.62;2.21
339.0;170.62;250.0;19.39;2.21
350.0;293.34;211.0;20.47;2.28
335.0;565.33;117.0;20.84;2.69
205.0;437.4;90.0;20.98;3.03
60.0;140.22;44.0;20.21;2.97
0.0;0.0;0.0;18.59;3.24
0.0;0.0;0.0;17.18;3.59
0.0;0.0;0.0;16.46;3.31
0.0;0.0;0.0;15.74;3.38
0.0;0.0;0.0;15.15;3.31
0.0;0.0;0.0;14.61;3.24
0.0;0.0;0.0;14.07;3.24
0.0;0.0;0.0;13.6;3.31
0.0;0.0;0.0;13.16;3.45
0.0;0.0;0.0;12.8;3.66
0.0;0.0;0.0;12.47;3.86
0.0;0.0;0.0;12.19;4.07
0.0;0.0;0.0;12.02;4.14
0.0;0.0;0.0;11.92;4.07
88.0;275.24;50.0;12.21;3.79
234.0;520.14;87.0;13.22;5.38
359.0;625.93;109.0;14.4;5.03
457.0;715.97;113.0;16.61;4.55
508.0;761.13;112.0;18.42;4.14
509.0;780.82;106.0;19.64;4.55
447.0;721.78;109.0;20.51;5.03
340.0;615.74;106.0;20.61;5.45
215.0;540.09;76.0;19.97;5.66
66.0;239.29;40.0;18.77;4.9
0.0;0.0;0.0;17.25;4.55
0.0;0.0;0.0;15.95;4.14
0.0;0.0;0.0;15.07;4.07
0.0;0.0;0.0;14.43;3.72
0.0;0.0;0.0;13.8;3.38
0.0;0.0;0.0;13.16;3.1
0.0;0.0;0.0;12.54;3.17
0.0;0.0;0.0;12.01;3.17
0.0;0.0;0.0;11.52;3.03
0.0;0.0;0.0;11.14;2.97
0.0;0.0;0.0;10.83;2.9
0.0;0.0;0.0;10.57;2.83
0.0;0.0;0.0;10.31;2.55
0.0;0.0;0.0;10.02;2.41
82.0;232.22;51.0;9.95;2.21
190.0;259.15;118.0;11.28;2.62
334.0;502.02;136.0;13.61;3.31
455.0;723.8;111.0;15.23;3.03
507.0;767.11;112.0;16.77;2.9
515.0;818.57;97.0;18.17;3.1
444.0;728.26;107.0;19.13;3.31
341.0;646.23;99.0;19.56;3.59
213.0;551.88;74.0;19.31;3.93
62.0;232.43;38.0;18.38;3.59
0.0;0.0;0.0;16.71;3.52
0.0;0.0;0.0;15.39;3.59
0.0;0.0;0.0;14.02;3.45
0.0;0.0;0.0;13.29;3.1
0.0;0.0;0.0;12.57;3.1
0.0;0.0;0.0;12.13;3.38
0.0;0.0;0.0;11.82;3.38
0.0;0.0;0.0;11.33;3.31
0.0;0.0;0.0;10.9;3.24
0.0;0.0;0.0;10.56;3.1
0.0;0.0;0.0;10.21;3.17
0.0;0.0;0.0;9.99;3.31
0.0;0.0;0.0;9.84;3.1
0.0;0.0;0.0;9.89;3.03
81.0;255.96;48.0;9.1;3.03
229.0;523.73;86.0;9.93;3.17
357.0;636.87;109.0;11.46;3.03
429.0;591.39;151.0;13.42;3.1
483.0;661.34;146.0;15.35;3.17
476.0;647.28;149.0;16.61;2.97
387.0;457.1;178.0;17.5;2.76
306.0;447.19;141.0;17.86;2.76
209.0;543.8;75.0;17.72;2.97
57.0;204.25;37.0;16.94;2.62
0.0;0.0;0.0;15.15;2.48
0.0;0.0;0.0;13.66;2.62
0.0;0.0;0.0;11.91;2.76
0.0;0.0;0.0;10.96;2.76
0.0;0.0;0.0;10.17;2.55
0.0;0.0;0.0;9.45;2.28
0.0;0.0;0.0;8.77;2.21
0.0;0.0;0.0;8.15;2.21
0.0;0.0;0.0;7.66;2.21
0.0;0.0;0.0;7.23;2.14
0.0;0.0;0.0;6.87;2.14
0.0;0.0;0.0;6.53;2.0
0.0;0.0;0.0;6.12;1.86
0.0;0.0;0.0;5.63;1.72
78.0;257.33;46.0;5.4;1.72
224.0;529.36;82.0;8.08;1.17
348.0;624.35;108.0;10.83;1.24
438.0;675.43;124.0;13.23;1.38
486.0;711.96;127.0;15.36;1.79
481.0;710.34;126.0;16.9;2.07
425.0;670.71;122.0;17.89;2.14
329.0;624.47;102.0;18.31;2.41
202.0;535.23;73.0;18.22;2.76
53.0;205.08;34.0;17.28;2.48
0.0;0.0;0.0;15.36;2.69
0.0;0.0;0.0;14.04;2.69
0.0;0.0;0.0;13.09;2.69
0.0;0.0;0.0;12.29;2.62
0.0;0.0;0.0;11.61;2.55
0.0;0.0;0.0;11.17;2.55
0.0;0.0;0.0;10.73;2.69
0.0;0.0;0.0;10.46;2.76
0.0;0.0;0.0;10.19;2.76
0.0;0.0;0.0;9.87;2.69
0.0;0.0;0.0;9.56;2.69
0.0;0.0;0.0;9.38;2.76
0.0;0.0;0.0;9.3;2.9
0.0;0.0;0.0;9.43;3.03
27.0;0.0;27.0;10.27;3.17
86.0;3.8;85.0;11.98;3.31
101.0;0.0;101.0;13.37;5.38
86.0;0.0;86.0;13.88;5.45
109.0;0.0;109.0;13.88;5.1
137.0;0.0;137.0;14.13;5.17
146.0;2.24;145.0;14.11;5.24
103.0;0.0;103.0;14.38;5.45
106.0;46.67;95.0;14.37;5.31
41.0;102.93;32.0;14.15;4.62
0.0;0.0;0.0;13.08;4.34
0.0;0.0;0.0;12.31;4.48
0.0;0.0;0.0;11.83;4.14
0.0;0.0;0.0;11.04;3.72
0.0;0.0;0.0;10.61;3.59
0.0;0.0;0.0;10.1;3.17
0.0;0.0;0.0;9.5;2.69
0.0;0.0;0.0;8.71;3.03
0.0;0.0;0.0;8.32;3.03
0.0;0.0;0.0;7.72;2.48
0.0;0.0;0.0;7.16;2.34
0.0;0.0;0.0;6.38;2.14
0.0;0.0;0.0;5.75;2.41
0.0;0.0;0.0;5.32;1.93
58.0;121.52;44.0;4.96;1.66
169.0;216.5;113.0;7.08;1.59
332.0;579.58;115.0;9.93;2.14
403.0;545.6;155.0;12.22;2.9
427.0;488.23;186.0;13.98;3.38
443.0;574.68;162.0;15.3;3.66
407.0;630.51;129.0;16.56;4.0
314.0;586.87;107.0;17.12;4.21
185.0;473.09;76.0;17.05;4.21
50.0;255.18;29.0;16.14;3.59
0.0;0.0;0.0;14.43;3.66
0.0;0.0;0.0;13.17;3.59
0.0;0.0;0.0;12.15;3.24
0.0;0.0;0.0;11.51;2.97
0.0;0.0;0.0;11.03;2.62
0.0;0.0;0.0;10.6;2.55
0.0;0.0;0.0;10.24;2.55
0.0;0.0;0.0;9.94;2.48
0.0;0.0;0.0;9.74;2.55
0.0;0.0;0.0;9.71;2.69
0.0;0.0;0.0;9.85;2.69
0.0;0.0;0.0;10.06;2.62
0.0;0.0;0.0;10.36;2.62
0.0;0.0;0.0;10.42;2.62
51.0;90.38;41.0;10.33;2.34
151.0;157.56;111.0;11.7;2.14
291.0;397.92;144.0;13.84;3.45
162.0;6.68;159.0;15.08;3.45
74.0;0.0;74.0;15.52;3.24
112.0;0.0;112.0;16.0;2.9
81.0;0.0;81.0;16.3;2.69
62.0;0.0;62.0;16.23;2.48
70.0;4.44;69.0;16.06;1.93
21.0;12.95;20.0;15.81;1.03
0.0;0.0;0.0;15.4;0.34
0.0;0.0;0.0;15.05;0.07
0.0;0.0;0.0;14.27;0.69
0.0;0.0;0.0;13.85;0.69
0.0;0.0;0.0;13.77;0.62
0.0;0.0;0.0;13.77;0.9
0.0;0.0;0.0;13.76;1.17
0.0;0.0;0.0;13.8;1.38
0.0;0.0;0.0;13.57;1.45
0.0;0.0;0.0;13.44;1.45
0.0;0.0;0.0;13.08;1.52
0.0;0.0;0.0;12.88;1.59
0.0;0.0;0.0;12.5;1.66
0.0;0.0;0.0;12.28;1.72
49.0;84.85;40.0;10.68;1.86
117.0;52.19;104.0;10.67;2.21
143.0;13.72;138.0;11.16;2.14
211.0;38.27;194.0;11.72;2.0
422.0;498.88;181.0;12.5;2.0
399.0;426.51;195.0;13.22;2.0
401.0;643.85;124.0;13.82;1.93
306.0;596.26;102.0;14.11;1.72
179.0;486.31;72.0;14.31;1.72
36.0;138.46;26.0;13.83;1.52
0.0;0.0;0.0;12.78;1.45
0.0;0.0;0.0;11.36;1.59
0.0;0.0;0.0;10.44;1.31
0.0;0.0;0.0;9.16;1.66
0.0;0.0;0.0;8.53;1.72
0.0;0.0;0.0;7.97;1.86
0.0;0.0;0.0;7.31;1.86
0.0;0.0;0.0;6.59;1.86
0.0;0.0;0.0;6.11;1.93
0.0;0.0;0.0;5.79;2.0
0.0;0.0;0.0;5.71;2.07
0.0;0.0;0.0;5.59;2.0
0.0;0.0;0.0;5.88;1.93
0.0;0.0;0.0;6.54;1.86
34.0;19.7;32.0;7.08;1.86
71.0;0.0;71.0;8.96;2.14
94.0;0.0;94.0;10.75;2.62
236.0;72.87;204.0;12.28;3.86
402.0;441.56;191.0;13.23;4.14
368.0;331.91;211.0;13.76;4.14
161.0;9.41;157.0;14.14;4.21
136.0;17.81;130.0;14.28;4.21
92.0;37.22;84.0;14.22;3.66
13.0;0.0;13.0;13.87;3.86
0.0;0.0;0.0;12.34;5.03
0.0;0.0;0.0;10.89;4.34
0.0;0.0;0.0;9.89;3.52
0.0;0.0;0.0;9.28;3.31
0.0;0.0;0.0;8.36;2.83
0.0;0.0;0.0;7.5;2.55
0.0;0.0;0.0;6.54;2.41
0.0;0.0;0.0;5.89;2.41
0.0;0.0;0.0;5.64;2.34
0.0;0.0;0.0;5.45;2.28
0.0;0.0;0.0;4.87;2.21
0.0;0.0;0.0;4.46;2.21
0.0;0.0;0.0;3.91;2.21
0.0;0.0;0.0;3.55;2.21
62.0;288.8;34.0;3.19;2.28
194.0;463.38;83.0;4.97;1.93
318.0;586.73;110.0;6.8;2.34
297.0;200.45;210.0;7.87;3.45
200.0;16.93;192.0;8.52;3.38
137.0;0.0;137.0;9.16;2.97
251.0;114.36;203.0;9.43;2.9
216.0;180.85;156.0;9.76;3.03
117.0;119.1;92.0;8.83;3.03
19.0;16.01;18.0;8.07;2.62
0.0;0.0;0.0;7.1;2.76
0.0;0.0;0.0;6.5;2.9
0.0;0.0;0.0;5.62;3.24
0.0;0.0;0.0;5.11;3.17
0.0;0.0;0.0;4.7;3.1
0.0;0.0;0.0;4.55;3.1
0.0;0.0;0.0;4.56;3.03
0.0;0.0;0.0;4.35;2.97
0.0;0.0;0.0;3.95;3.1
0.0;0.0;0.0;3.81;3.38
0.0;0.0;0.0;3.77;3.59
0.0;0.0;0.0;3.68;3.79
0.0;0.0;0.0;3.62;3.93
0.0;0.0;0.0;3.76;4.14
37.0;54.11;32.0;4.59;4.9
21.0;0.0;21.0;5.18;5.24
142.0;17.16;136.0;5.8;6.55
200.0;32.64;186.0;6.57;7.72
231.0;42.78;211.0;7.58;8.0
427.0;600.99;149.0;8.05;7.52
213.0;57.89;189.0;8.6;7.59
133.0;18.37;127.0;8.57;7.72
76.0;14.64;73.0;8.05;7.45
17.0;17.34;16.0;7.44;6.83
0.0;0.0;0.0;6.95;6.97
0.0;0.0;0.0;6.45;6.83
0.0;0.0;0.0;6.05;7.03
0.0;0.0;0.0;5.86;6.55
0.0;0.0;0.0;5.71;5.93
0.0;0.0;0.0;5.46;5.66
0.0;0.0;0.0;5.21;5.66
0.0;0.0;0.0;4.88;5.52
0.0;0.0;0.0;4.77;5.24
0.0;0.0;0.0;4.73;5.1
0.0;0.0;0.0;4.69;5.1
0.0;0.0;0.0;4.63;4.9
0.0;0.0;0.0;4.49;4.62
0.0;0.0;0.0;4.38;4.48
45.0;147.95;32.0;4.33;4.14
125.0;108.68;100.0;4.59;3.93
128.0;8.7;125.0;4.94;5.24
135.0;2.36;134.0;5.72;5.03
128.0;0.0;128.0;6.39;5.03
183.0;13.12;177.0;7.11;5.24
244.0;119.68;195.0;7.32;5.45
90.0;0.0;90.0;7.23;5.45
32.0;0.0;32.0;6.97;4.97
10.0;0.0;10.0;6.59;4.48
0.0;0.0;0.0;6.23;4.41
0.0;0.0;0.0;5.92;4.9
0.0;0.0;0.0;5.28;5.45
0.0;0.0;0.0;5.07;5.45
0.0;0.0;0.0;4.94;5.03
0.0;0.0;0.0;4.76;5.1
0.0;0.0;0.0;4.48;4.83
0.0;0.0;0.0;4.02;4.48
0.0;0.0;0.0;3.48;4.69
0.0;0.0;0.0;3.09;4.21
0.0;0.0;0.0;2.49;3.66
0.0;0.0;0.0;2.34;3.31
0.0;0.0;0.0;2.54;3.31
0.0;0.0;0.0;3.54;3.31
20.0;0.0;20.0;4.96;2.69
84.0;17.75;80.0;6.51;4.14
57.0;0.0;57.0;7.61;5.86
124.0;0.0;124.0;8.03;6.07
284.0;137.79;221.0;8.08;6.07
168.0;6.63;165.0;8.28;6.07
251.0;145.91;192.0;8.87;5.93
65.0;0.0;65.0;9.77;5.93
88.0;51.21;78.0;10.08;5.24
15.0;20.67;14.0;9.93;4.48
0.0;0.0;0.0;9.22;3.72
0.0;0.0;0.0;8.23;2.9
0.0;0.0;0.0;7.9;2.97
0.0;0.0;0.0;7.46;3.03
0.0;0.0;0.0;7.29;3.1
0.0;0.0;0.0;6.9;3.17
0.0;0.0;0.0;6.91;3.1
0.0;0.0;0.0;6.96;2.83
0.0;0.0;0.0;6.91;2.34
0.0;0.0;0.0;6.5;2.21
0.0;0.0;0.0;5.84;2.41
0.0;0.0;0.0;5.61;2.34
0.0;0.0;0.0;5.2;2.55
0.0;0.0;0.0;5.2;2.76
26.0;25.37;24.0;4.89;2.41
157.0;321.88;86.0;5.84;2.41
187.0;104.53;152.0;7.62;2.55
271.0;181.23;196.0;9.59;2.9
304.0;194.62;216.0;10.9;3.03
320.0;252.67;207.0;11.89;3.45
131.0;2.5;130.0;12.39;3.38
106.0;6.41;104.0;12.33;3.31
28.0;0.0;28.0;12.11;3.38
10.0;0.0;10.0;12.17;5.64
0.0;0.0;0.0;12.06;5.42
0.0;0.0;0.0;11.95;5.19
0.0;0.0;0.0;11.85;4.97
0.0;0.0;0.0;11.74;4.74
0.0;0.0;0.0;11.63;4.52
0.0;0.0;0.0;11.52;4.29
0.0;0.0;0.0;11.41;4.07
0.0;0.0;0.0;11.3;3.84
0.0;0.0;0.0;11.2;3.62
0.0;0.0;0.0;11.09;3.39
0.0;0.0;0.0;10.98;3.16
0.0;0.0;0.0;10.87;2.94
0.0;0.0;0.0;10.76;2.71
0.0;0.0;0.0;10.65;2.49
42.0;242.16;24.0;10.55;2.26
174.0;514.17;63.0;11.87;2.41
303.0;687.91;76.0;13.97;2.69
394.0;760.65;83.0;15.72;2.83
434.0;767.11;91.0;17.07;2.69
426.0;753.05;93.0;18.1;2.62
376.0;742.91;83.0;18.73;2.62
288.0;732.97;63.0;19.01;2.55
144.0;468.02;57.0;18.81;2.21
12.0;0.0;12.0;17.67;2.14
0.0;0.0;0.0;15.99;2.48
0.0;0.0;0.0;15.06;2.55
0.0;0.0;0.0;14.45;2.48
0.0;0.0;0.0;14.15;2.55
0.0;0.0;0.0;13.83;2.62
0.0;0.0;0.0;13.59;2.62
0.0;0.0;0.0;13.31;2.62
0.0;0.0;0.0;12.98;2.55
0.0;0.0;0.0;12.64;2.48
0.0;0.0;0.0;12.07;2.48
0.0;0.0;0.0;11.7;2.55
0.0;0.0;0.0;11.48;2.69
0.0;0.0;0.0;11.25;2.76
0.0;0.0;0.0;11.22;2.9
38.0;214.75;23.0;11.74;3.45
110.0;94.7;90.0;12.71;4.55
81.0;0.0;81.0;13.71;5.24
186.0;34.66;172.0;14.75;5.45
115.0;0.0;115.0;15.54;5.52
304.0;231.0;203.0;16.44;5.38
188.0;46.21;170.0;16.72;4.48
250.0;496.33;100.0;16.89;4.28
104.0;154.43;76.0;16.55;4.62
4.0;0.0;4.0;15.6;4.48
0.0;0.0;0.0;14.89;4.62
0.0;0.0;0.0;14.47;4.76
0.0;0.0;0.0;14.61;5.59
0.0;0.0;0.0;14.55;6.48
0.0;0.0;0.0;13.84;5.93
0.0;0.0;0.0;13.57;6.14
0.0;0.0;0.0;13.2;6.34
0.0;0.0;0.0;12.89;5.59
0.0;0.0;0.0;12.43;5.24
0.0;0.0;0.0;11.98;4.97
0.0;0.0;0.0;11.76;5.1
0.0;0.0;0.0;11.62;5.17
0.0;0.0;0.0;11.68;5.38
0.0;0.0;0.0;11.76;5.79
18.0;15.29;17.0;12.11;6.07
99.0;67.78;85.0;12.48;6.34
145.0;37.46;133.0;13.07;6.9
244.0;137.84;189.0;13.72;7.52
290.0;187.55;208.0;14.3;7.72
67.0;0.0;67.0;14.78;7.52
57.0;0.0;57.0;14.77;6.69
110.0;10.08;107.0;13.29;7.93
68.0;22.62;64.0;13.22;7.17
5.0;0.0;5.0;13.22;6.97
0.0;0.0;0.0;13.03;6.76
0.0;0.0;0.0;12.56;6.0
0.0;0.0;0.0;12.34;6.28
0.0;0.0;0.0;11.47;4.14
0.0;0.0;0.0;11.01;2.07
0.0;0.0;0.0;10.7;1.38
0.0;0.0;0.0;10.13;2.28
0.0;0.0;0.0;9.46;1.86
0.0;0.0;0.0;9.04;0.97
0.0;0.0;0.0;8.62;1.66
0.0;0.0;0.0;8.21;1.93
0.0;0.0;0.0;7.78;2.14
0.0;0.0;0.0;7.37;2.21
0.0;0.0;0.0;7.11;2.21
35.0;278.94;18.0;7.12;1.38
94.0;54.48;83.0;7.61;1.45
120.0;12.68;116.0;8.36;1.66
182.0;32.98;169.0;9.04;1.72
221.0;55.52;197.0;9.88;2.14
251.0;107.61;205.0;10.59;2.48
169.0;26.32;159.0;11.07;2.9
202.0;249.21;129.0;11.35;2.76
76.0;46.4;68.0;11.34;2.07
4.0;0.0;4.0;10.77;1.66
0.0;0.0;0.0;9.6;2.07
0.0;0.0;0.0;9.0;2.0
0.0;0.0;0.0;9.22;2.07
0.0;0.0;0.0;8.85;2.14
0.0;0.0;0.0;8.22;2.28
0.0;0.0;0.0;7.7;2.34
0.0;0.0;0.0;7.29;2.21
0.0;0.0;0.0;6.93;2.21
0.0;0.0;0.0;6.49;2.28
0.0;0.0;0.0;6.04;2.34
0.0;0.0;0.0;5.56;2.34
0.0;0.0;0.0;5.13;2.41
0.0;0.0;0.0;4.86;2.55
0.0;0.0;0.0;4.56;2.76
33.0;300.75;16.0;4.44;2.69
166.0;572.72;53.0;5.44;2.62
294.0;720.69;70.0;7.42;2.97
285.0;274.84;178.0;8.98;3.52
198.0;30.41;185.0;10.09;4.55
205.0;40.22;188.0;10.65;4.69
111.0;0.0;111.0;10.65;4.14
137.0;45.08;124.0;10.65;3.93
84.0;83.28;70.0;10.28;2.9
5.0;0.0;5.0;9.43;2.21
0.0;0.0;0.0;8.33;2.07
0.0;0.0;0.0;7.75;2.07
0.0;0.0;0.0;6.96;2.62
0.0;0.0;0.0;6.81;2.76
0.0;0.0;0.0;6.41;2.62
0.0;0.0;0.0;5.78;2.55
0.0;0.0;0.0;5.45;2.83
0.0;0.0;0.0;5.32;2.9
0.0;0.0;0.0;5.14;2.69
0.0;0.0;0.0;4.73;2.41
0.0;0.0;0.0;4.25;2.21
0.0;0.0;0.0;3.69;2.07
0.0;0.0;0.0;3.22;1.86
0.0;0.0;0.0;2.78;1.79
28.0;230.2;16.0;2.6;1.66
158.0;529.26;56.0;3.99;1.03
286.0;702.39;71.0;6.61;0.9
376.0;764.57;82.0;8.57;1.1
398.0;660.09;119.0;9.91;1.59
362.0;492.91;156.0;10.88;2.34
322.0;515.36;131.0;11.52;2.83
230.0;436.68;106.0;11.58;3.17
119.0;360.04;60.0;11.27;2.97
0.0;0.0;0.0;10.29;2.76
0.0;0.0;0.0;8.85;3.03
0.0;0.0;0.0;7.8;3.38
0.0;0.0;0.0;8.29;4.0
0.0;0.0;0.0;8.26;4.28
0.0;0.0;0.0;8.16;4.55
0.0;0.0;0.0;8.14;4.69
0.0;0.0;0.0;8.4;4.9
0.0;0.0;0.0;8.74;5.1
0.0;0.0;0.0;8.87;5.31
0.0;0.0;0.0;8.83;5.31
0.0;0.0;0.0;8.74;5.31
0.0;0.0;0.0;8.88;5.59
0.0;0.0;0.0;9.17;5.93
0.0;0.0;0.0;8.95;6.07
12.0;20.94;11.0;8.61;6.28
38.0;0.0;38.0;8.73;6.41
50.0;0.0;50.0;9.3;6.28
186.0;50.03;167.0;10.55;6.14
325.0;351.73;178.0;12.47;6.9
336.0;413.79;165.0;13.3;7.24
225.0;144.78;172.0;13.71;6.69
239.0;557.95;83.0;13.81;6.14
114.0;363.12;56.0;13.51;5.79
0.0;0.0;0.0;12.82;6.07
0.0;0.0;0.0;12.23;6.07
0.0;0.0;0.0;11.62;5.66
0.0;0.0;0.0;11.16;5.45
0.0;0.0;0.0;10.72;5.38
0.0;0.0;0.0;10.25;5.24
0.0;0.0;0.0;9.85;5.1
0.0;0.0;0.0;9.44;4.69
0.0;0.0;0.0;9.11;4.48
0.0;0.0;0.0;8.83;4.28
0.0;0.0;0.0;8.69;4.07
0.0;0.0;0.0;8.37;3.93
0.0;0.0;0.0;8.21;3.93
0.0;0.0;0.0;8.33;3.93
0.0;0.0;0.0;8.61;3.86
12.0;23.03;11.0;8.3;3.66
125.0;283.13;73.0;8.97;4.0
134.0;37.06;123.0;9.9;5.17
321.0;503.87;132.0;11.05;5.31
369.0;568.66;134.0;12.3;5.52
394.0;741.47;91.0;13.56;5.86
257.0;254.42;165.0;14.28;5.17
142.0;72.64;122.0;14.17;4.34
57.0;19.27;54.0;13.92;4.14
0.0;0.0;0.0;13.36;3.86
0.0;0.0;0.0;12.69;3.79
0.0;0.0;0.0;12.16;3.86
0.0;0.0;0.0;11.73;4.07
0.0;0.0;0.0;11.44;4.14
0.0;0.0;0.0;11.37;4.21
0.0;0.0;0.0;11.18;4.21
0.0;0.0;0.0;10.82;4.14
0.0;0.0;0.0;10.32;4.0
0.0;0.0;0.0;9.86;3.86
0.0;0.0;0.0;9.57;3.59
0.0;0.0;0.0;9.22;3.31
0.0;0.0;0.0;9.09;3.17
0.0;0.0;0.0;8.93;3.1
0.0;0.0;0.0;8.92;2.9
10.0;0.0;10.0;8.44;3.24
80.0;50.23;71.0;8.93;3.24
203.0;263.52;126.0;9.87;2.97
155.0;18.9;148.0;10.55;3.17
97.0;0.0;97.0;11.1;3.52
43.0;0.0;43.0;11.33;3.38
53.0;0.0;53.0;11.95;2.9
119.0;33.2;110.0;12.17;2.34
92.0;204.33;61.0;12.14;2.0
0.0;0.0;0.0;11.62;1.79
0.0;0.0;0.0;10.93;1.66
0.0;0.0;0.0;10.45;1.66
0.0;0.0;0.0;10.26;1.72
0.0;0.0;0.0;9.88;1.79
0.0;0.0;0.0;9.56;1.86
0.0;0.0;0.0;9.16;2.0
0.0;0.0;0.0;8.6;2.14
0.0;0.0;0.0;8.4;2.14
0.0;0.0;0.0;8.38;2.07
0.0;0.0;0.0;7.97;2.07
0.0;0.0;0.0;7.62;2.21
0.0;0.0;0.0;6.92;2.34
0.0;0.0;0.0;6.57;2.34
0.0;0.0;0.0;5.93;2.48
10.0;0.0;10.0;7.0;2.83
92.0;103.01;74.0;7.33;2.97
116.0;17.38;111.0;8.46;3.24
164.0;30.07;153.0;9.88;3.72
183.0;27.22;172.0;11.01;4.0
169.0;17.52;162.0;11.76;4.21
200.0;99.18;165.0;12.11;4.21
149.0;104.86;121.0;12.15;4.07
107.0;378.75;51.0;11.73;3.52
0.0;0.0;0.0;10.57;3.24
0.0;0.0;0.0;9.28;3.24
0.0;0.0;0.0;8.45;3.38
0.0;0.0;0.0;9.23;3.38
0.0;0.0;0.0;9.4;3.66
0.0;0.0;0.0;9.72;3.72
0.0;0.0;0.0;9.86;3.66
0.0;0.0;0.0;9.35;3.52
0.0;0.0;0.0;8.65;3.66
0.0;0.0;0.0;8.05;3.52
0.0;0.0;0.0;7.42;3.52
0.0;0.0;0.0;7.05;3.52
0.0;0.0;0.0;6.86;3.52
0.0;0.0;0.0;6.81;3.45
0.0;0.0;0.0;6.82;3.38
8.0;0.0;8.0;6.58;3.45
134.0;487.28;51.0;7.3;3.45
248.0;586.28;82.0;9.17;3.24
342.0;714.03;84.0;11.41;4.07
381.0;713.27;96.0;13.2;4.55
367.0;647.69;111.0;14.56;4.97
345.0;805.92;64.0;15.36;4.97
226.0;558.93;79.0;15.42;4.0
116.0;534.4;39.0;15.06;3.24
0.0;0.0;0.0;14.04;2.9
0.0;0.0;0.0;13.08;2.76
0.0;0.0;0.0;11.95;2.69
0.0;0.0;0.0;11.69;1.93
0.0;0.0;0.0;11.18;2.14
0.0;0.0;0.0;11.14;2.34
0.0;0.0;0.0;11.23;2.55
0.0;0.0;0.0;11.28;2.76
0.0;0.0;0.0;11.16;2.97
0.0;0.0;0.0;11.13;3.38
0.0;0.0;0.0;11.01;3.93
0.0;0.0;0.0;10.62;4.0
0.0;0.0;0.0;10.4;3.93
0.0;0.0;0.0;10.35;3.72
0.0;0.0;0.0;10.18;3.66
7.0;0.0;7.0;9.58;4.0
137.0;566.36;43.0;9.7;4.0
245.0;613.59;74.0;10.56;3.59
327.0;650.13;95.0;11.59;5.52
309.0;359.37;167.0;12.41;5.59
355.0;613.92;115.0;13.27;5.24
318.0;667.59;88.0;13.53;4.76
114.0;34.74;105.0;13.89;4.41
92.0;277.74;53.0;13.56;2.97
0.0;0.0;0.0;12.49;2.28
0.0;0.0;0.0;11.29;2.34
0.0;0.0;0.0;10.29;2.55
0.0;0.0;0.0;9.14;2.55
0.0;0.0;0.0;8.63;2.55
0.0;0.0;0.0;8.22;2.48
0.0;0.0;0.0;7.77;2.55
0.0;0.0;0.0;7.43;2.55
0.0;0.0;0.0;7.18;2.55
0.0;0.0;0.0;6.94;2.55
0.0;0.0;0.0;6.75;2.55
0.0;0.0;0.0;6.59;2.62
0.0;0.0;0.0;6.56;2.69
0.0;0.0;0.0;7.09;2.76
0.0;0.0;0.0;7.69;2.83
0.0;0.0;0.0;7.73;2.97
75.0;61.86;65.0;8.49;3.17
177.0;196.88;123.0;9.54;3.79
272.0;351.84;148.0;10.55;4.34
343.0;545.08;130.0;11.66;5.38
292.0;312.91;171.0;12.8;5.03
256.0;323.09;146.0;13.24;4.62
231.0;666.02;61.0;13.69;4.34
102.0;438.45;42.0;13.36;3.79
0.0;0.0;0.0;12.49;3.79
0.0;0.0;0.0;11.95;4.07
0.0;0.0;0.0;11.58;4.21
0.0;0.0;0.0;10.96;4.41
0.0;0.0;0.0;10.45;4.28
0.0;0.0;0.0;9.96;4.07
0.0;0.0;0.0;9.63;4.21
0.0;0.0;0.0;9.3;4.28
0.0;0.0;0.0;9.39;4.48
0.0;0.0;0.0;9.34;4.34
0.0;0.0;0.0;8.96;4.21
0.0;0.0;0.0;9.04;4.0
0.0;0.0;0.0;8.74;3.93
0.0;0.0;0.0;9.06;4.07
0.0;0.0;0.0;9.02;3.59
0.0;0.0;0.0;9.58;3.93
35.0;0.0;35.0;10.31;4.14
56.0;0.0;56.0;10.62;4.0
59.0;0.0;59.0;10.5;3.59
64.0;0.0;64.0;10.53;2.97
47.0;0.0;47.0;10.74;2.76
28.0;0.0;28.0;10.83;2.62
43.0;0.0;43.0;10.99;2.69
53.0;37.49;48.0;10.96;2.48
0.0;0.0;0.0;10.57;2.28
0.0;0.0;0.0;10.07;2.0
0.0;0.0;0.0;9.79;1.79
0.0;0.0;0.0;9.09;1.45
0.0;0.0;0.0;8.82;1.31
0.0;0.0;0.0;8.51;1.17
0.0;0.0;0.0;8.2;1.17
0.0;0.0;0.0;7.84;1.31
0.0;0.0;0.0;7.92;0.55
0.0;0.0;0.0;7.97;0.76
0.0;0.0;0.0;8.07;0.9
0.0;0.0;0.0;7.96;1.03
0.0;0.0;0.0;7.81;0.97
0.0;0.0;0.0;7.79;1.24
0.0;0.0;0.0;7.76;1.52
0.0;0.0;0.0;8.1;2.0
32.0;0.0;32.0;8.15;2.21
42.0;0.0;42.0;8.34;3.1
195.0;101.81;160.0;8.91;2.97
106.0;0.0;106.0;9.75;3.38
55.0;0.0;55.0;10.72;3.31
243.0;294.64;145.0;11.53;3.38
33.0;0.0;33.0;11.76;2.76
17.0;0.0;17.0;11.75;2.62
0.0;0.0;0.0;11.36;2.48
0.0;0.0;0.0;10.35;2.14
0.0;0.0;0.0;9.47;2.07
0.0;0.0;0.0;8.55;2.69
0.0;0.0;0.0;8.19;2.55
0.0;0.0;0.0;7.89;2.69
0.0;0.0;0.0;7.75;2.62
0.0;0.0;0.0;7.35;2.55
0.0;0.0;0.0;7.04;2.62
0.0;0.0;0.0;6.88;2.76
0.0;0.0;0.0;6.99;2.76
0.0;0.0;0.0;7.43;2.76
0.0;0.0;0.0;7.61;2.76
0.0;0.0;0.0;7.89;2.76
0.0;0.0;0.0;8.16;2.76
0.0;0.0;0.0;8.26;2.41
72.0;80.54;60.0;8.21;2.48
107.0;22.95;101.0;8.56;2.41
108.0;2.95;107.0;9.26;3.03
91.0;0.0;91.0;9.88;3.1
155.0;18.69;148.0;10.2;2.83
128.0;12.16;124.0;10.44;2.83
145.0;147.34;109.0;10.84;2.76
12.0;0.0;12.0;10.17;2.21
0.0;0.0;0.0;9.35;1.93
0.0;0.0;0.0;8.59;2.0
0.0;0.0;0.0;7.83;2.07
0.0;0.0;0.0;7.33;1.45
0.0;0.0;0.0;6.78;1.79
0.0;0.0;0.0;6.71;1.72
0.0;0.0;0.0;6.37;1.72
0.0;0.0;0.0;5.95;2.0
0.0;0.0;0.0;5.82;2.21
0.0;0.0;0.0;5.71;2.48
0.0;0.0;0.0;6.07;2.21
0.0;0.0;0.0;5.9;2.0
0.0;0.0;0.0;5.79;1.79
0.0;0.0;0.0;5.17;1.86
0.0;0.0;0.0;5.02;1.86
0.0;0.0;0.0;5.83;2.0
64.0;55.22;56.0;6.76;2.55
50.0;0.0;50.0;7.66;2.9
67.0;0.0;67.0;8.68;2.69
77.0;0.0;77.0;9.63;2.69
64.0;0.0;64.0;10.22;2.55
186.0;110.72;150.0;10.17;2.21
88.0;12.45;85.0;10.07;1.72
44.0;16.18;42.0;9.77;1.38
0.0;0.0;0.0;9.08;1.72
0.0;0.0;0.0;8.58;1.86
0.0;0.0;0.0;8.28;1.93
0.0;0.0;0.0;7.93;1.79
0.0;0.0;0.0;7.37;1.79
0.0;0.0;0.0;6.87;1.79
0.0;0.0;0.0;6.37;1.86
0.0;0.0;0.0;6.13;1.79
0.0;0.0;0.0;6.39;1.72
0.0;0.0;0.0;6.21;1.79
0.0;0.0;0.0;6.34;1.79
0.0;0.0;0.0;5.51;2.0
0.0;0.0;0.0;4.71;2.0
0.0;0.0;0.0;4.02;1.79
0.0;0.0;0.0;3.69;1.86
0.0;0.0;0.0;4.92;1.59
45.0;7.1;44.0;5.71;2.0
113.0;39.51;103.0;6.95;2.41
167.0;57.35;148.0;7.79;2.34
89.0;0.0;89.0;8.74;2.14
168.0;32.72;156.0;9.35;2.14
71.0;0.0;71.0;10.14;2.28
50.0;0.0;50.0;10.29;2.28
46.0;33.19;42.0;10.01;1.79
0.0;0.0;0.0;9.15;1.86
0.0;0.0;0.0;8.61;2.0
0.0;0.0;0.0;7.9;2.07
0.0;0.0;0.0;7.41;1.45
0.0;0.0;0.0;6.57;1.52
0.0;0.0;0.0;6.38;1.52
0.0;0.0;0.0;6.03;1.72
0.0;0.0;0.0;6.01;1.59
0.0;0.0;0.0;5.81;1.45
0.0;0.0;0.0;5.06;1.52
0.0;0.0;0.0;4.73;1.52
0.0;0.0;0.0;4.5;1.52
0.0;0.0;0.0;4.79;1.31
0.0;0.0;0.0;4.75;1.31
0.0;0.0;0.0;5.06;1.45
0.0;0.0;0.0;4.09;1.03
72.0;116.96;56.0;5.07;1.17
121.0;56.21;107.0;6.19;1.31
91.0;0.0;91.0;7.08;1.45
190.0;62.81;167.0;8.17;2.28
71.0;0.0;71.0;9.43;2.34
126.0;15.72;121.0;9.89;2.41
57.0;0.0;57.0;9.94;2.48
38.0;8.5;37.0;9.71;2.21
0.0;0.0;0.0;9.3;2.14
0.0;0.0;0.0;8.92;2.28
0.0;0.0;0.0;8.69;2.34
0.0;0.0;0.0;7.99;2.21
0.0;0.0;0.0;7.91;2.21
0.0;0.0;0.0;7.65;2.28
0.0;0.0;0.0;7.58;2.07
0.0;0.0;0.0;7.56;2.07
0.0;0.0;0.0;7.36;2.21
0.0;0.0;0.0;7.22;2.14
0.0;0.0;0.0;7.18;2.21
0.0;0.0;0.0;7.04;2.28
0.0;0.0;0.0;6.96;2.34
0.0;0.0;0.0;6.75;2.41
0.0;0.0;0.0;6.57;2.55
0.0;0.0;0.0;5.71;2.21
72.0;135.49;54.0;5.84;2.28
27.0;0.0;27.0;6.65;2.28
95.0;0.0;95.0;7.69;2.41
77.0;0.0;77.0;8.35;2.48
199.0;89.05;167.0;9.13;2.76
189.0;139.85;145.0;9.85;2.83
145.0;185.99;102.0;10.04;2.97
51.0;69.72;43.0;9.68;2.55
0.0;0.0;0.0;9.09;2.34
0.0;0.0;0.0;8.69;2.62
0.0;0.0;0.0;8.28;3.24
0.0;0.0;0.0;7.97;2.97
0.0;0.0;0.0;7.91;2.69
0.0;0.0;0.0;7.98;2.34
0.0;0.0;0.0;8.0;2.07
0.0;0.0;0.0;7.83;2.0
0.0;0.0;0.0;7.82;2.0
0.0;0.0;0.0;7.82;2.0
0.0;0.0;0.0;7.54;2.28
0.0;0.0;0.0;7.3;2.21
0.0;0.0;0.0;6.96;2.0
0.0;0.0;0.0;6.83;2.0
0.0;0.0;0.0;6.75;2.0
0.0;0.0;0.0;6.56;1.45
46.0;23.26;43.0;6.58;1.38
137.0;128.53;106.0;7.46;1.52
226.0;269.16;140.0;8.37;1.59
194.0;83.66;164.0;9.38;1.59
274.0;359.73;146.0;10.4;1.45
223.0;285.87;134.0;11.13;1.38
167.0;355.0;86.0;11.48;1.52
69.0;249.98;41.0;11.28;1.38
0.0;0.0;0.0;10.36;1.86
0.0;0.0;0.0;9.58;2.0
0.0;0.0;0.0;9.06;2.21
0.0;0.0;0.0;8.94;2.41
0.0;0.0;0.0;9.04;2.48
0.0;0.0;0.0;9.09;2.48
0.0;0.0;0.0;9.08;2.55
0.0;0.0;0.0;8.83;2.48
0.0;0.0;0.0;8.43;2.48
0.0;0.0;0.0;8.13;2.48
0.0;0.0;0.0;7.96;2.55
0.0;0.0;0.0;7.73;2.48
0.0;0.0;0.0;7.51;2.28
0.0;0.0;0.0;7.42;2.14
0.0;0.0;0.0;7.2;2.21
0.0;0.0;0.0;7.41;2.62
88.0;383.56;40.0;7.79;2.48
209.0;636.21;58.0;9.11;2.14
295.0;715.8;69.0;10.97;2.41
289.0;442.29;132.0;12.62;2.48
299.0;510.82;119.0;13.65;2.41
186.0;146.04;141.0;14.37;2.48
64.0;0.0;64.0;14.63;2.07
59.0;155.41;42.0;14.22;1.79
0.0;0.0;0.0;12.78;2.28
0.0;0.0;0.0;11.82;2.14
0.0;0.0;0.0;11.09;2.07
0.0;0.0;0.0;10.62;2.07
0.0;0.0;0.0;10.29;2.0
0.0;0.0;0.0;9.81;2.07
0.0;0.0;0.0;9.45;1.86
0.0;0.0;0.0;8.88;1.86
0.0;0.0;0.0;8.36;2.07
0.0;0.0;0.0;8.0;2.14
0.0;0.0;0.0;7.73;2.14
0.0;0.0;0.0;7.57;2.21
0.0;0.0;0.0;7.64;2.28
0.0;0.0;0.0;7.79;2.41
0.0;0.0;0.0;8.0;2.55
0.0;0.0;0.0;8.49;2.48
81.0;329.52;41.0;8.79;2.48
189.0;505.18;71.0;10.39;2.34
243.0;400.59;118.0;12.11;2.62
337.0;765.48;68.0;13.54;2.83
326.0;716.27;76.0;14.77;2.83
265.0;593.36;84.0;15.55;2.48
172.0;440.55;74.0;15.89;1.93
58.0;168.41;40.0;15.55;1.93
0.0;0.0;0.0;14.26;2.21
0.0;0.0;0.0;13.11;2.07
0.0;0.0;0.0;12.49;2.07
0.0;0.0;0.0;11.72;2.14
0.0;0.0;0.0;11.34;2.34
0.0;0.0;0.0;11.5;2.83
0.0;0.0;0.0;11.28;3.1
0.0;0.0;0.0;10.71;3.24
0.0;0.0;0.0;10.09;3.1
0.0;0.0;0.0;9.73;3.03
0.0;0.0;0.0;9.45;2.76
0.0;0.0;0.0;9.16;2.76
0.0;0.0;0.0;8.82;3.17
0.0;0.0;0.0;8.89;3.45
0.0;0.0;0.0;8.87;3.38
0.0;0.0;0.0;8.34;3.03
51.0;59.47;44.0;8.28;3.45
77.0;8.7;75.0;8.89;4.76
82.0;0.0;82.0;9.46;4.97
88.0;0.0;88.0;9.85;4.21
67.0;0.0;67.0;10.23;3.86
126.0;23.17;119.0;10.43;3.59
122.0;122.87;95.0;10.64;3.59
58.0;191.41;38.0;10.5;3.1
0.0;0.0;0.0;9.79;2.97
0.0;0.0;0.0;9.21;3.24
0.0;0.0;0.0;8.89;3.38
0.0;0.0;0.0;8.88;3.1
0.0;0.0;0.0;8.66;3.24
0.0;0.0;0.0;8.67;3.31
0.0;0.0;0.0;8.57;3.24
0.0;0.0;0.0;8.68;3.17
0.0;0.0;0.0;8.78;3.1
0.0;0.0;0.0;8.87;2.97
0.0;0.0;0.0;8.94;2.9
0.0;0.0;0.0;9.02;2.97
0.0;0.0;0.0;9.13;3.1
0.0;0.0;0.0;9.2;3.17
0.0;0.0;0.0;9.18;3.1
0.0;0.0;0.0;8.65;2.83
57.0;113.95;44.0;8.74;2.83
103.0;48.61;92.0;9.2;3.72
90.0;0.0;90.0;9.74;3.52
156.0;34.82;144.0;10.44;3.52
110.0;2.92;109.0;10.98;3.31
164.0;100.28;134.0;11.28;3.66
63.0;0.0;63.0;11.36;3.1
30.0;9.78;29.0;11.14;2.07
0.0;0.0;0.0;10.74;1.93
0.0;0.0;0.0;10.36;1.79
0.0;0.0;0.0;10.22;1.93
0.0;0.0;0.0;10.3;1.59
0.0;0.0;0.0;10.34;1.59
0.0;0.0;0.0;10.43;1.31
0.0;0.0;0.0;10.49;1.24
0.0;0.0;0.0;10.5;1.17
0.0;0.0;0.0;10.51;1.1
0.0;0.0;0.0;10.56;1.03
0.0;0.0;0.0;10.55;0.9
0.0;0.0;0.0;10.52;0.83
0.0;0.0;0.0;10.48;0.69
0.0;0.0;0.0;10.5;0.9
0.0;0.0;0.0;10.55;1.1
0.0;0.0;0.0;10.1;0.9
39.0;27.14;36.0;10.22;1.1
98.0;40.4;89.0;10.53;1.86
122.0;19.9;116.0;10.94;2.0
145.0;23.44;137.0;11.54;2.14
94.0;0.0;94.0;12.03;2.21
78.0;0.0;78.0;12.55;2.0
53.0;0.0;53.0;12.84;1.24
22.0;0.0;22.0;12.75;0.97
0.0;0.0;0.0;12.37;1.24
0.0;0.0;0.0;11.97;1.38
0.0;0.0;0.0;11.68;1.72
0.0;0.0;0.0;11.47;2.14
0.0;0.0;0.0;11.3;2.07
0.0;0.0;0.0;11.13;1.93
0.0;0.0;0.0;11.07;1.72
0.0;0.0;0.0;10.85;1.72
0.0;0.0;0.0;10.72;1.59
0.0;0.0;0.0;10.57;1.52
0.0;0.0;0.0;10.29;1.52
0.0;0.0;0.0;10.12;1.52
0.0;0.0;0.0;9.81;1.45
0.0;0.0;0.0;9.78;1.31
0.0;0.0;0.0;9.7;1.24
0.0;0.0;0.0;8.56;1.45
35.0;18.68;33.0;8.22;1.03
82.0;18.24;78.0;9.3;1.03
53.0;0.0;53.0;9.77;1.24
120.0;5.91;118.0;10.49;1.66
100.0;0.0;100.0;11.37;1.86
60.0;0.0;60.0;11.87;1.66
93.0;42.39;84.0;12.07;1.66
51.0;153.09;36.0;12.04;1.52
0.0;0.0;0.0;11.76;1.38
0.0;0.0;0.0;11.49;1.31
0.0;0.0;0.0;11.36;1.38
0.0;0.0;0.0;10.86;2.0
0.0;0.0;0.0;10.72;2.14
0.0;0.0;0.0;10.68;2.34
0.0;0.0;0.0;10.38;2.48
0.0;0.0;0.0;9.93;2.76
0.0;0.0;0.0;9.63;3.03
0.0;0.0;0.0;9.59;3.31
0.0;0.0;0.0;9.74;3.59
0.0;0.0;0.0;9.74;3.72
0.0;0.0;0.0;9.66;3.86
0.0;0.0;0.0;9.6;4.07
0.0;0.0;0.0;9.6;4.21
0.0;0.0;0.0;10.09;4.14
38.0;28.93;35.0;10.44;4.28
143.0;240.79;91.0;11.23;4.41
134.0;37.3;123.0;12.6;4.48
195.0;116.39;156.0;13.73;3.79
133.0;14.98;128.0;14.3;3.72
62.0;0.0;62.0;14.83;4.55
115.0;119.0;90.0;14.98;4.34
38.0;41.65;34.0;14.61;4.0
0.0;0.0;0.0;13.65;3.86
0.0;0.0;0.0;13.18;4.14
0.0;0.0;0.0;12.83;4.28
0.0;0.0;0.0;11.61;4.41
0.0;0.0;0.0;11.32;4.34
0.0;0.0;0.0;10.76;4.14
0.0;0.0;0.0;10.37;3.86
0.0;0.0;0.0;10.0;3.59
0.0;0.0;0.0;9.03;3.45
0.0;0.0;0.0;8.28;3.24
0.0;0.0;0.0;7.67;3.1
0.0;0.0;0.0;7.26;2.97
0.0;0.0;0.0;6.72;2.83
0.0;0.0;0.0;6.35;2.69
0.0;0.0;0.0;5.87;2.62
0.0;0.0;0.0;5.72;2.76
57.0;199.26;37.0;5.85;2.62
158.0;366.75;80.0;7.13;2.28
258.0;603.3;82.0;8.86;2.41
297.0;602.19;97.0;10.53;2.28
324.0;785.24;64.0;11.82;2.14
253.0;588.72;83.0;12.69;2.21
152.0;346.22;80.0;12.91;2.21
44.0;95.52;35.0;12.17;2.21
0.0;0.0;0.0;10.52;2.48
0.0;0.0;0.0;9.05;2.34
0.0;0.0;0.0;7.85;2.21
0.0;0.0;0.0;5.66;2.21
0.0;0.0;0.0;4.92;2.07
0.0;0.0;0.0;4.27;2.0
0.0;0.0;0.0;3.72;1.93
0.0;0.0;0.0;3.25;1.86
0.0;0.0;0.0;2.79;1.79
0.0;0.0;0.0;2.38;1.86
0.0;0.0;0.0;2.04;1.93
0.0;0.0;0.0;1.77;1.86
0.0;0.0;0.0;1.53;2.0
0.0;0.0;0.0;1.43;2.21
0.0;0.0;0.0;1.26;1.93
0.0;0.0;0.0;0.72;1.38
34.0;20.59;32.0;1.26;0.69
56.0;0.0;56.0;2.31;0.69
101.0;6.93;99.0;3.44;1.38
130.0;12.15;126.0;4.6;1.59
128.0;12.18;124.0;5.73;1.66
125.0;27.93;117.0;6.8;1.93
102.0;67.98;88.0;7.35;1.79
36.0;43.24;32.0;7.22;1.86
0.0;0.0;0.0;7.34;1.64
0.0;0.0;0.0;6.71;1.77
0.0;0.0;0.0;6.09;1.9
0.0;0.0;0.0;5.47;2.03
0.0;0.0;0.0;4.84;2.16
0.0;0.0;0.0;4.22;2.29
0.0;0.0;0.0;3.59;2.42
0.0;0.0;0.0;2.97;2.55
0.0;0.0;0.0;2.35;2.68
0.0;0.0;0.0;1.72;2.81
0.0;0.0;0.0;1.1;2.94
0.0;0.0;0.0;0.47;3.07
0.0;0.0;0.0;-0.15;3.2
0.0;0.0;0.0;-0.77;3.33
0.0;0.0;0.0;-1.4;3.46
0.0;0.0;0.0;-2.02;3.59
19.0;31.92;16.0;-0.83;3.79
137.0;392.43;56.0;0.29;3.59
231.0;535.5;78.0;1.83;4.0
231.0;272.59;142.0;3.56;4.34
306.0;677.91;85.0;4.9;4.41
281.0;745.86;69.0;5.81;4.34
108.0;53.91;97.0;6.07;4.07
71.0;219.95;51.0;5.57;4.14
0.0;0.0;0.0;4.49;4.21
0.0;0.0;0.0;3.79;4.48
0.0;0.0;0.0;3.34;4.69
0.0;0.0;0.0;3.19;4.9
0.0;0.0;0.0;2.75;4.9
0.0;0.0;0.0;2.43;4.97
0.0;0.0;0.0;2.35;4.9
0.0;0.0;0.0;2.53;4.97
0.0;0.0;0.0;2.98;5.1
0.0;0.0;0.0;3.63;5.38
0.0;0.0;0.0;4.31;5.79
0.0;0.0;0.0;4.77;6.07
0.0;0.0;0.0;5.05;6.28
0.0;0.0;0.0;5.21;6.34
0.0;0.0;0.0;5.85;6.48
0.0;0.0;0.0;6.98;7.17
12.0;0.0;12.0;7.5;7.1
102.0;142.57;73.0;7.9;7.17
96.0;10.61;93.0;8.26;7.24
131.0;18.53;125.0;8.87;7.17
148.0;33.99;137.0;9.54;7.17
131.0;31.9;122.0;9.89;7.17
18.0;0.0;18.0;10.05;6.97
97.0;681.87;36.0;9.83;6.83
0.0;0.0;0.0;9.44;6.69
0.0;0.0;0.0;8.83;6.62
0.0;0.0;0.0;8.51;6.83
0.0;0.0;0.0;8.09;7.24
0.0;0.0;0.0;8.31;7.59
0.0;0.0;0.0;7.96;7.45
0.0;0.0;0.0;8.34;7.24
0.0;0.0;0.0;8.5;6.97
0.0;0.0;0.0;8.48;6.69
0.0;0.0;0.0;8.33;6.62
0.0;0.0;0.0;8.15;6.55
0.0;0.0;0.0;7.81;6.41
0.0;0.0;0.0;7.69;6.28
0.0;0.0;0.0;7.52;6.28
0.0;0.0;0.0;7.51;6.14
0.0;0.0;0.0;7.42;5.79
8.0;0.0;8.0;7.4;5.79
106.0;174.56;71.0;7.69;5.86
180.0;242.77;112.0;8.43;5.17
163.0;68.47;141.0;8.98;5.72
224.0;233.39;149.0;10.03;8.83
260.0;613.89;88.0;10.51;6.97
18.0;0.0;18.0;10.16;6.97
46.0;34.05;43.0;9.57;6.69
0.0;0.0;0.0;9.23;6.76
0.0;0.0;0.0;8.94;6.62
0.0;0.0;0.0;8.78;6.55
0.0;0.0;0.0;8.83;6.41
0.0;0.0;0.0;8.78;6.62
0.0;0.0;0.0;8.56;6.28
0.0;0.0;0.0;8.12;5.45
0.0;0.0;0.0;8.2;5.45
0.0;0.0;0.0;8.7;6.14
0.0;0.0;0.0;9.03;5.66
0.0;0.0;0.0;8.57;5.66
0.0;0.0;0.0;8.14;5.52
0.0;0.0;0.0;8.44;5.45
0.0;0.0;0.0;8.44;5.17
0.0;0.0;0.0;8.59;5.03
0.0;0.0;0.0;8.61;5.24
11.0;0.0;11.0;8.55;3.93
79.0;55.64;68.0;8.82;4.83
128.0;61.27;111.0;9.8;6.28
111.0;6.27;109.0;9.99;5.86
150.0;37.6;138.0;10.38;5.79
236.0;449.11;111.0;10.23;5.86
89.0;20.09;85.0;9.84;5.59
65.0;184.17;49.0;9.28;4.48
0.0;0.0;0.0;8.57;4.07
0.0;0.0;0.0;8.07;4.0
0.0;0.0;0.0;7.51;3.93
0.0;0.0;0.0;6.95;3.86
0.0;0.0;0.0;6.85;3.59
0.0;0.0;0.0;6.71;3.31
0.0;0.0;0.0;6.26;3.31
0.0;0.0;0.0;5.62;3.45
0.0;0.0;0.0;5.21;3.59
0.0;0.0;0.0;4.78;3.72
0.0;0.0;0.0;4.76;3.79
0.0;0.0;0.0;4.67;3.66
0.0;0.0;0.0;4.35;3.45
0.0;0.0;0.0;4.22;3.31
0.0;0.0;0.0;4.05;3.17
0.0;0.0;0.0;4.09;2.9
23.0;133.72;12.0;4.13;2.83
137.0;487.22;42.0;4.88;2.48
168.0;192.79;115.0;6.24;2.97
262.0;489.62;107.0;7.45;3.66
292.0;630.61;92.0;8.08;4.21
205.0;260.31;133.0;8.3;3.86
144.0;227.64;99.0;8.16;3.24
93.0;676.25;35.0;7.71;2.9
0.0;0.0;0.0;6.78;2.9
0.0;0.0;0.0;5.62;2.9
0.0;0.0;0.0;5.05;2.97
0.0;0.0;0.0;4.63;3.1
0.0;0.0;0.0;4.09;3.17
0.0;0.0;0.0;3.94;3.1
0.0;0.0;0.0;3.56;3.03
0.0;0.0;0.0;3.3;2.97
0.0;0.0;0.0;3.05;2.97
0.0;0.0;0.0;2.92;2.9
0.0;0.0;0.0;2.8;2.83
0.0;0.0;0.0;2.95;2.76
0.0;0.0;0.0;3.41;2.62
0.0;0.0;0.0;3.74;2.48
0.0;0.0;0.0;4.05;2.48
0.0;0.0;0.0;4.2;2.0
2.0;0.0;2.0;4.3;1.93
51.0;5.2;50.0;4.63;1.72
170.0;216.54;111.0;5.0;1.72
98.0;3.18;97.0;5.35;2.28
47.0;0.0;47.0;5.75;2.55
149.0;69.09;130.0;6.21;2.48
76.0;10.18;74.0;6.46;2.41
49.0;58.98;44.0;6.32;1.79
0.0;0.0;0.0;5.76;1.93
0.0;0.0;0.0;4.77;2.14
0.0;0.0;0.0;4.47;2.21
0.0;0.0;0.0;3.67;1.93
0.0;0.0;0.0;2.8;2.14
0.0;0.0;0.0;2.43;2.07
0.0;0.0;0.0;1.98;2.0
0.0;0.0;0.0;1.66;1.93
0.0;0.0;0.0;1.31;1.86
0.0;0.0;0.0;0.71;1.93
0.0;0.0;0.0;0.34;1.93
0.0;0.0;0.0;0.46;1.86
0.0;0.0;0.0;0.18;1.93
0.0;0.0;0.0;0.9;1.72
0.0;0.0;0.0;1.55;1.66
0.0;0.0;0.0;0.66;1.93
18.0;90.98;11.0;0.33;1.93
107.0;237.01;62.0;1.81;1.72
111.0;33.32;102.0;4.26;2.28
140.0;35.22;129.0;6.13;3.03
304.0;749.76;69.0;6.91;2.69
261.0;658.13;81.0;7.51;2.83
167.0;414.93;86.0;7.45;2.07
83.0;488.66;42.0;6.96;1.79
0.0;0.0;0.0;5.53;2.48
0.0;0.0;0.0;4.78;2.34
0.0;0.0;0.0;4.01;2.69
0.0;0.0;0.0;5.46;3.38
0.0;0.0;0.0;5.57;3.66
0.0;0.0;0.0;5.38;3.93
0.0;0.0;0.0;5.39;4.34
0.0;0.0;0.0;5.42;4.62
0.0;0.0;0.0;5.45;4.69
0.0;0.0;0.0;5.47;4.9
0.0;0.0;0.0;5.65;4.97
0.0;0.0;0.0;5.86;4.0
0.0;0.0;0.0;5.73;3.1
0.0;0.0;0.0;6.03;3.93
0.0;0.0;0.0;5.8;3.93
0.0;0.0;0.0;5.36;3.59
10.0;13.44;9.0;5.45;3.66
41.0;0.0;41.0;5.86;3.86
202.0;440.42;84.0;6.52;4.0
275.0;634.83;78.0;7.59;4.14
168.0;76.98;144.0;8.29;4.97
85.0;0.0;85.0;8.37;3.24
99.0;46.35;90.0;8.13;2.34
30.0;0.0;30.0;7.81;1.38
0.0;0.0;0.0;7.47;1.24
0.0;0.0;0.0;6.8;1.72
0.0;0.0;0.0;6.05;2.28
0.0;0.0;0.0;6.31;3.72
0.0;0.0;0.0;5.91;4.0
0.0;0.0;0.0;5.48;3.86
0.0;0.0;0.0;5.07;3.72
0.0;0.0;0.0;4.5;3.66
0.0;0.0;0.0;4.26;3.59
0.0;0.0;0.0;3.81;3.45
0.0;0.0;0.0;3.38;3.31
0.0;0.0;0.0;2.92;3.17
0.0;0.0;0.0;2.72;3.03
0.0;0.0;0.0;2.43;2.83
0.0;0.0;0.0;2.3;3.52
0.0;0.0;0.0;2.59;3.24
4.0;0.0;4.0;2.64;3.1
50.0;5.4;49.0;2.89;3.24
31.0;0.0;31.0;3.45;3.24
154.0;61.6;135.0;4.06;3.24
127.0;16.12;122.0;4.4;2.69
37.0;0.0;37.0;4.66;2.48
34.0;0.0;34.0;4.73;2.69
40.0;12.12;39.0;4.53;2.69
0.0;0.0;0.0;4.12;2.41
0.0;0.0;0.0;3.81;2.55
0.0;0.0;0.0;3.53;2.48
0.0;0.0;0.0;3.54;2.28
0.0;0.0;0.0;3.26;2.21
0.0;0.0;0.0;3.24;2.21
0.0;0.0;0.0;2.88;1.93
0.0;0.0;0.0;2.56;1.93
0.0;0.0;0.0;2.35;2.0
0.0;0.0;0.0;2.26;2.14
0.0;0.0;0.0;2.32;2.0
0.0;0.0;0.0;2.17;1.86
0.0;0.0;0.0;1.74;1.93
0.0;0.0;0.0;1.92;2.07
0.0;0.0;0.0;1.87;2.34
0.0;0.0;0.0;1.62;2.48
11.0;43.05;8.0;1.65;2.41
121.0;420.82;44.0;2.24;2.21
210.0;515.48;74.0;3.49;2.62
296.0;782.44;56.0;4.5;3.24
289.0;660.7;85.0;5.2;3.52
277.0;811.78;58.0;5.52;3.45
203.0;795.07;50.0;5.43;3.31
81.0;475.56;42.0;4.78;2.83
0.0;0.0;0.0;3.29;2.76
0.0;0.0;0.0;2.07;2.76
0.0;0.0;0.0;1.19;2.76
0.0;0.0;0.0;0.51;2.62
0.0;0.0;0.0;-0.06;2.62
0.0;0.0;0.0;-0.58;2.55
0.0;0.0;0.0;-1.11;2.41
0.0;0.0;0.0;-1.6;2.34
0.0;0.0;0.0;-1.91;2.41
0.0;0.0;0.0;-2.08;2.41
0.0;0.0;0.0;-2.22;2.41
0.0;0.0;0.0;-2.3;2.41
0.0;0.0;0.0;-2.35;2.41
0.0;0.0;0.0;-2.43;2.28
0.0;0.0;0.0;-2.5;2.28
0.0;0.0;0.0;-2.45;2.28
9.0;29.65;7.0;-2.37;2.34
123.0;464.37;39.0;-1.08;2.21
211.0;553.53;66.0;0.74;2.69
287.0;750.52;58.0;2.23;2.9
306.0;803.38;59.0;3.38;3.03
271.0;785.01;60.0;4.11;3.1
141.0;239.89;95.0;4.34;3.1
85.0;600.35;36.0;3.75;3.1
0.0;0.0;0.0;2.54;3.17
0.0;0.0;0.0;1.75;3.17
0.0;0.0;0.0;1.22;2.97
0.0;0.0;0.0;0.92;2.76
0.0;0.0;0.0;0.51;2.69
0.0;0.0;0.0;0.16;2.76
0.0;0.0;0.0;-0.13;2.69
0.0;0.0;0.0;-0.41;2.69
0.0;0.0;0.0;-0.44;2.97
0.0;0.0;0.0;-0.37;3.24
0.0;0.0;0.0;-0.1;3.31
0.0;0.0;0.0;0.25;3.31
0.0;0.0;0.0;0.48;3.17
0.0;0.0;0.0;0.48;2.9
0.0;0.0;0.0;0.92;2.76
0.0;0.0;0.0;0.99;2.48
1.0;0.0;1.0;1.57;2.83
89.0;167.68;59.0;2.58;3.24
59.0;0.0;59.0;3.5;3.45
24.0;0.0;24.0;4.03;4.21
54.0;0.0;54.0;4.82;4.55
67.0;0.0;67.0;5.23;4.69
43.0;0.0;43.0;5.59;4.69
36.0;12.29;35.0;5.48;4.28
0.0;0.0;0.0;5.4;4.21
0.0;0.0;0.0;5.6;4.28
0.0;0.0;0.0;5.86;4.55
0.0;0.0;0.0;5.86;4.69
0.0;0.0;0.0;6.03;4.9
0.0;0.0;0.0;6.07;5.1
0.0;0.0;0.0;6.0;5.31
0.0;0.0;0.0;5.75;5.38
0.0;0.0;0.0;5.34;5.31
0.0;0.0;0.0;4.87;5.1
0.0;0.0;0.0;4.5;4.9
0.0;0.0;0.0;4.02;4.62
0.0;0.0;0.0;3.53;4.48
0.0;0.0;0.0;2.95;4.41
0.0;0.0;0.0;2.56;4.34
0.0;0.0;0.0;2.69;4.41
0.0;0.0;0.0;2.86;4.28
60.0;28.24;55.0;3.75;3.86
119.0;61.88;103.0;4.66;3.59
134.0;33.08;124.0;5.75;4.34
90.0;0.0;90.0;6.63;5.03
105.0;7.49;103.0;6.99;4.83
77.0;10.48;75.0;6.76;3.86
44.0;36.95;41.0;6.55;3.66
0.0;0.0;0.0;5.6;3.52
0.0;0.0;0.0;4.89;3.45
0.0;0.0;0.0;4.21;3.31
0.0;0.0;0.0;4.11;3.17
0.0;0.0;0.0;3.68;2.83
0.0;0.0;0.0;3.46;2.62
0.0;0.0;0.0;3.38;2.69
0.0;0.0;0.0;3.23;2.69
0.0;0.0;0.0;3.29;2.97
0.0;0.0;0.0;3.59;2.97
0.0;0.0;0.0;3.76;2.9
0.0;0.0;0.0;3.27;2.55
0.0;0.0;0.0;2.42;2.41
0.0;0.0;0.0;2.14;2.28
0.0;0.0;0.0;2.26;2.07
0.0;0.0;0.0;2.5;2.0
0.0;0.0;0.0;3.11;2.0
25.0;0.0;25.0;3.66;1.86
46.0;0.0;46.0;4.56;1.93
86.0;0.0;86.0;5.26;1.93
57.0;0.0;57.0;6.08;2.41
23.0;0.0;23.0;6.81;3.24
41.0;0.0;41.0;7.06;2.76
50.0;73.92;44.0;7.16;2.69
0.0;0.0;0.0;6.54;3.03
0.0;0.0;0.0;5.75;2.97
0.0;0.0;0.0;5.36;3.03
0.0;0.0;0.0;5.08;3.03
0.0;0.0;0.0;4.49;2.97
0.0;0.0;0.0;4.13;2.97
0.0;0.0;0.0;3.71;2.83
0.0;0.0;0.0;3.27;2.76
0.0;0.0;0.0;2.9;2.62
0.0;0.0;0.0;2.56;2.48
0.0;0.0;0.0;2.35;2.48
0.0;0.0;0.0;2.84;2.48
0.0;0.0;0.0;3.45;2.21
0.0;0.0;0.0;3.65;1.93
0.0;0.0;0.0;3.61;2.07
0.0;0.0;0.0;3.86;2.14
0.0;0.0;0.0;3.94;1.79
54.0;23.03;50.0;4.52;1.86
60.0;0.0;60.0;5.6;2.41
25.0;0.0;25.0;6.64;2.9
142.0;39.54;130.0;7.16;2.9
32.0;0.0;32.0;7.74;3.1
30.0;0.0;30.0;7.77;2.83
15.0;0.0;15.0;7.75;3.1
0.0;0.0;0.0;7.56;3.1
0.0;0.0;0.0;7.45;3.03
0.0;0.0;0.0;7.43;2.97
0.0;0.0;0.0;7.14;3.03
0.0;0.0;0.0;6.96;3.17
0.0;0.0;0.0;6.87;3.31
0.0;0.0;0.0;6.7;3.52
0.0;0.0;0.0;6.31;3.72
0.0;0.0;0.0;6.28;4.07
0.0;0.0;0.0;6.22;4.34
0.0;0.0;0.0;6.31;4.69
0.0;0.0;0.0;6.48;4.97
0.0;0.0;0.0;6.65;4.97
0.0;0.0;0.0;6.89;5.24
0.0;0.0;0.0;7.52;5.52
0.0;0.0;0.0;8.04;5.86
0.0;0.0;0.0;8.46;6.21
9.0;0.0;9.0;8.83;6.41
93.0;19.66;88.0;9.13;6.48
47.0;0.0;47.0;9.41;6.41
25.0;0.0;25.0;9.71;6.21
41.0;0.0;41.0;9.87;5.86
49.0;0.0;49.0;10.02;5.79
15.0;0.0;15.0;10.07;6.07
0.0;0.0;0.0;9.96;5.59
0.0;0.0;0.0;9.58;5.59
0.0;0.0;0.0;8.76;4.97
0.0;0.0;0.0;8.38;4.14
0.0;0.0;0.0;7.45;3.86
0.0;0.0;0.0;6.66;3.45
0.0;0.0;0.0;5.5;3.1
0.0;0.0;0.0;4.91;3.1
0.0;0.0;0.0;4.24;3.03
0.0;0.0;0.0;3.53;2.9
0.0;0.0;0.0;3.13;2.9
0.0;0.0;0.0;2.24;2.83
0.0;0.0;0.0;1.83;2.9
0.0;0.0;0.0;1.79;3.03
0.0;0.0;0.0;1.52;3.03
0.0;0.0;0.0;1.61;4.0
0.0;0.0;0.0;1.22;3.93
111.0;421.73;39.0;1.64;4.0
200.0;513.49;70.0;2.48;3.66
269.0;661.03;72.0;3.09;4.83
254.0;453.32;117.0;3.66;5.03
257.0;689.33;74.0;4.01;5.03
187.0;651.61;63.0;4.03;4.97
66.0;232.25;47.0;3.54;4.34
0.0;0.0;0.0;2.63;4.07
0.0;0.0;0.0;1.88;4.0
0.0;0.0;0.0;1.35;3.86
0.0;0.0;0.0;1.05;3.79
0.0;0.0;0.0;0.79;3.79
0.0;0.0;0.0;0.69;3.72
0.0;0.0;0.0;0.55;3.59
0.0;0.0;0.0;0.32;3.45
0.0;0.0;0.0;-0.01;3.31
0.0;0.0;0.0;-0.27;3.17
0.0;0.0;0.0;-0.64;2.9
0.0;0.0;0.0;-0.84;2.69
0.0;0.0;0.0;-1.3;2.48
0.0;0.0;0.0;-1.67;2.34
0.0;0.0;0.0;-2.08;2.21
0.0;0.0;0.0;-2.57;2.14
0.0;0.0;0.0;-2.91;2.07
108.0;401.34;40.0;-1.72;1.72
199.0;511.64;70.0;0.92;1.86
267.0;649.23;74.0;2.41;2.14
295.0;758.81;66.0;3.38;2.34
225.0;429.59;111.0;3.86;2.55
168.0;456.72;81.0;3.98;2.83
59.0;145.88;47.0;3.43;2.07
0.0;0.0;0.0;2.33;2.14
0.0;0.0;0.0;1.02;2.34
0.0;0.0;0.0;0.36;2.48
0.0;0.0;0.0;0.17;2.76
0.0;0.0;0.0;-0.27;2.76
0.0;0.0;0.0;-0.75;2.76
0.0;0.0;0.0;-0.97;2.76
0.0;0.0;0.0;-1.21;2.97
0.0;0.0;0.0;-0.98;3.17
0.0;0.0;0.0;-0.57;3.38
0.0;0.0;0.0;-0.24;3.59
0.0;0.0;0.0;0.21;3.79
0.0;0.0;0.0;0.71;4.0
0.0;0.0;0.0;1.15;4.21
0.0;0.0;0.0;1.42;4.48
0.0;0.0;0.0;1.79;4.41
0.0;0.0;0.0;2.12;4.41
47.0;11.89;45.0;2.45;4.21
18.0;0.0;18.0;3.02;4.41
150.0;70.79;129.0;3.42;4.07
61.0;0.0;61.0;4.02;3.72
36.0;0.0;36.0;4.88;3.24
35.0;0.0;35.0;5.64;2.69
29.0;0.0;29.0;5.94;2.14
0.0;0.0;0.0;5.62;2.0
0.0;0.0;0.0;4.99;2.0
0.0;0.0;0.0;4.19;2.0
0.0;0.0;0.0;3.23;2.0
0.0;0.0;0.0;2.63;1.93
0.0;0.0;0.0;1.79;1.86
0.0;0.0;0.0;1.06;1.59
0.0;0.0;0.0;1.03;1.03
0.0;0.0;0.0;0.85;0.83
0.0;0.0;0.0;0.62;0.69
0.0;0.0;0.0;0.38;0.69
0.0;0.0;0.0;0.09;0.76
0.0;0.0;0.0;0.04;0.76
0.0;0.0;0.0;-0.02;0.9
0.0;0.0;0.0;0.02;1.24
0.0;0.0;0.0;0.33;1.66
0.0;0.0;0.0;0.62;1.72
30.0;0.0;30.0;1.16;1.79
61.0;0.0;61.0;1.85;1.86
78.0;0.0;78.0;2.41;1.86
92.0;0.0;92.0;3.02;1.79
53.0;0.0;53.0;3.32;1.52
36.0;0.0;36.0;3.35;1.31
23.0;0.0;23.0;3.14;0.9
0.0;0.0;0.0;2.93;0.14
0.0;0.0;0.0;2.52;1.1
0.0;0.0;0.0;1.93;1.24
0.0;0.0;0.0;1.61;1.52
0.0;0.0;0.0;1.27;1.59
0.0;0.0;0.0;1.21;1.66
0.0;0.0;0.0;1.22;1.66
0.0;0.0;0.0;1.05;1.66
0.0;0.0;0.0;0.81;1.66
0.0;0.0;0.0;0.92;1.52
0.0;0.0;0.0;0.93;1.31
0.0;0.0;0.0;0.71;1.31
0.0;0.0;0.0;0.34;1.38
0.0;0.0;0.0;0.21;1.24
0.0;0.0;0.0;0.18;1.17
0.0;0.0;0.0;0.23;1.31
0.0;0.0;0.0;0.23;1.31
28.0;0.0;28.0;0.69;1.17
69.0;0.0;69.0;1.38;1.45
76.0;0.0;76.0;1.89;1.59
91.0;0.0;91.0;2.5;1.52
132.0;45.15;120.0;3.1;1.31
77.0;10.43;75.0;3.18;1.17
17.0;0.0;17.0;3.21;1.17
0.0;0.0;0.0;2.95;0.97
0.0;0.0;0.0;2.66;1.03
0.0;0.0;0.0;2.28;1.1
0.0;0.0;0.0;2.3;1.45
0.0;0.0;0.0;2.06;1.66
0.0;0.0;0.0;1.83;1.79
0.0;0.0;0.0;1.86;1.66
0.0;0.0;0.0;1.51;1.59
0.0;0.0;0.0;1.29;1.79
0.0;0.0;0.0;1.07;2.0
0.0;0.0;0.0;0.75;2.07
0.0;0.0;0.0;0.35;2.07
0.0;0.0;0.0;0.05;2.14
0.0;0.0;0.0;-0.26;2.14
0.0;0.0;0.0;-0.23;2.14
0.0;0.0;0.0;0.23;2.34
0.0;0.0;0.0;-0.25;2.28
50.0;18.13;47.0;0.33;2.0
94.0;24.08;88.0;1.85;2.21
85.0;0.0;85.0;3.4;2.21
90.0;0.0;90.0;4.79;2.21
52.0;0.0;52.0;5.69;2.07
76.0;10.39;74.0;6.07;1.86
31.0;0.0;31.0;5.63;1.52
0.0;0.0;0.0;4.53;2.0
0.0;0.0;0.0;3.05;2.07
0.0;0.0;0.0;2.06;1.93
0.0;0.0;0.0;1.02;2.0
0.0;0.0;0.0;0.53;1.86
0.0;0.0;0.0;0.05;1.79
0.0;0.0;0.0;-0.41;1.72
0.0;0.0;0.0;-0.45;1.52
0.0;0.0;0.0;-0.29;1.38
0.0;0.0;0.0;-0.49;1.45
0.0;0.0;0.0;-0.54;1.45
0.0;0.0;0.0;-1.2;1.52
0.0;0.0;0.0;-1.39;1.24
0.0;0.0;0.0;-1.24;1.03
0.0;0.0;0.0;-1.22;0.83
0.0;0.0;0.0;-0.69;1.38
0.0;0.0;0.0;-1.25;1.45
57.0;36.42;51.0;-0.25;1.03
192.0;486.38;71.0;2.1;0.97
254.0;565.25;87.0;3.81;1.03
201.0;192.33;143.0;5.13;1.03
112.0;15.0;108.0;6.09;1.1
45.0;0.0;45.0;6.32;1.17
26.0;0.0;26.0;5.79;1.31
0.0;0.0;0.0;4.28;2.0
0.0;0.0;0.0;2.39;1.93
0.0;0.0;0.0;1.06;1.86
0.0;0.0;0.0;1.89;1.52
0.0;0.0;0.0;1.15;1.66
0.0;0.0;0.0;0.28;1.79
0.0;0.0;0.0;0.03;1.79
0.0;0.0;0.0;-0.25;1.79
0.0;0.0;0.0;-0.18;1.66
0.0;0.0;0.0;-0.23;1.59
0.0;0.0;0.0;0.06;1.45
0.0;0.0;0.0;0.09;1.31
0.0;0.0;0.0;0.03;1.24
0.0;0.0;0.0;0.19;1.1
0.0;0.0;0.0;0.21;1.1
0.0;0.0;0.0;1.18;1.03
0.0;0.0;0.0;1.08;1.24
56.0;36.55;50.0;1.97;1.1
102.0;36.22;93.0;3.38;1.17
223.0;365.53;115.0;4.91;1.24
220.0;274.92;137.0;5.59;1.17
268.0;770.44;62.0;6.03;1.03
201.0;777.43;50.0;6.31;0.9
71.0;263.03;48.0;6.09;0.97
0.0;0.0;0.0;5.03;1.31
0.0;0.0;0.0;3.67;1.45
0.0;0.0;0.0;2.94;1.59
0.0;0.0;0.0;3.27;1.31
0.0;0.0;0.0;2.86;1.38
0.0;0.0;0.0;2.87;1.31
0.0;0.0;0.0;3.29;1.17
0.0;0.0;0.0;3.49;1.17
0.0;0.0;0.0;3.85;1.1
0.0;0.0;0.0;4.14;1.31
0.0;0.0;0.0;4.62;1.59
0.0;0.0;0.0;5.25;2.07
0.0;0.0;0.0;5.51;2.55
0.0;0.0;0.0;5.46;2.97
0.0;0.0;0.0;5.12;2.9
0.0;0.0;0.0;5.1;2.62
0.0;0.0;0.0;4.85;2.55
48.0;18.33;45.0;4.84;2.76
118.0;76.52;99.0;5.1;3.45
111.0;13.53;107.0;5.33;3.03
120.0;13.23;116.0;5.92;2.97
66.0;0.0;66.0;6.2;2.83
183.0;573.53;71.0;6.34;2.41
45.0;33.82;42.0;6.08;2.48
0.0;0.0;0.0;5.53;2.69
0.0;0.0;0.0;4.99;2.83
0.0;0.0;0.0;3.85;2.83
0.0;0.0;0.0;3.34;2.97
0.0;0.0;0.0;2.41;2.83
0.0;0.0;0.0;1.6;2.83
0.0;0.0;0.0;1.12;2.69
0.0;0.0;0.0;0.68;2.48
0.0;0.0;0.0;0.19;2.34
0.0;0.0;0.0;-0.08;2.28
0.0;0.0;0.0;-0.46;2.34
0.0;0.0;0.0;-0.63;2.21
0.0;0.0;0.0;-0.49;2.0
0.0;0.0;0.0;-0.41;1.86
0.0;0.0;0.0;-0.3;1.79
0.0;0.0;0.0;1.3;2.07
0.0;0.0;0.0;1.59;2.14
62.0;61.21;52.0;2.46;2.0
94.0;24.17;88.0;3.4;2.62
102.0;6.76;100.0;4.18;3.1
39.0;0.0;39.0;4.78;3.03
117.0;22.3;111.0;5.21;2.97
17.0;0.0;17.0;5.26;3.03
47.0;33.3;44.0;4.44;2.83
0.0;0.0;0.0;3.44;2.83
0.0;0.0;0.0;2.69;2.69
0.0;0.0;0.0;1.89;2.69
0.0;0.0;0.0;1.07;2.62
0.0;0.0;0.0;0.73;2.62
0.0;0.0;0.0;0.47;2.62
0.0;0.0;0.0;0.28;2.76
0.0;0.0;0.0;0.15;3.24
0.0;0.0;0.0;0.26;3.52
0.0;0.0;0.0;0.0;3.93
0.0;0.0;0.0;-0.97;3.72
0.0;0.0;0.0;-2.12;3.38
0.0;0.0;0.0;-2.91;3.1
0.0;0.0;0.0;-3.31;2.76
0.0;0.0;0.0;-3.74;2.41
0.0;0.0;0.0;-4.0;2.21
0.0;0.0;0.0;-3.98;1.86
48.0;18.39;45.0;-3.21;1.52
41.0;0.0;41.0;-1.57;1.93
77.0;0.0;77.0;-0.97;2.55
26.0;0.0;26.0;-0.6;2.9
268.0;729.4;71.0;-0.28;3.24
202.0;738.33;56.0;-0.41;3.31
71.0;218.34;51.0;-0.95;3.38
0.0;0.0;0.0;-2.05;2.83
0.0;0.0;0.0;-2.65;2.76
0.0;0.0;0.0;-2.95;2.48
0.0;0.0;0.0;-3.47;2.48
0.0;0.0;0.0;-3.72;2.41
0.0;0.0;0.0;-3.73;2.62
0.0;0.0;0.0;-3.41;3.1
0.0;0.0;0.0;-3.13;3.17
0.0;0.0;0.0;-2.88;3.38
0.0;0.0;0.0;-2.6;3.03
0.0;0.0;0.0;-2.2;3.45
0.0;0.0;0.0;-1.84;4.21
0.0;0.0;0.0;-1.61;4.07
0.0;0.0;0.0;-1.62;4.0
0.0;0.0;0.0;-1.6;4.07
0.0;0.0;0.0;-1.91;3.52
0.0;0.0;0.0;-1.76;3.93
31.0;0.0;31.0;-1.46;4.07
65.0;0.0;65.0;-1.09;4.14
77.0;0.0;77.0;-0.34;4.14
57.0;0.0;57.0;0.13;4.0
36.0;0.0;36.0;0.24;3.72
32.0;0.0;32.0;0.02;3.24
27.0;0.0;27.0;-0.08;3.1
0.0;0.0;0.0;-0.46;2.76
0.0;0.0;0.0;-0.64;2.76
0.0;0.0;0.0;-0.95;2.76
0.0;0.0;0.0;-1.46;2.69
0.0;0.0;0.0;-1.7;2.62
0.0;0.0;0.0;-1.94;2.55
0.0;0.0;0.0;-2.04;2.48
0.0;0.0;0.0;-2.13;2.14
0.0;0.0;0.0;-2.82;1.93
0.0;0.0;0.0;-3.65;2.21
0.0;0.0;0.0;-4.15;2.28
0.0;0.0;0.0;-4.42;2.07
0.0;0.0;0.0;-4.82;1.93
0.0;0.0;0.0;-5.1;2.0
0.0;0.0;0.0;-5.04;2.21
0.0;0.0;0.0;-5.1;2.07
0.0;0.0;0.0;-5.01;2.0
84.0;196.19;52.0;-3.58;2.0
96.0;24.11;90.0;-1.55;2.34
114.0;13.45;110.0;-0.18;2.28
146.0;39.28;134.0;0.97;2.69
113.0;14.68;109.0;1.67;3.31
56.0;0.0;56.0;1.68;3.03
21.0;0.0;21.0;1.17;2.14
0.0;0.0;0.0;-0.21;2.21
0.0;0.0;0.0;-1.39;2.34
0.0;0.0;0.0;-2.05;2.41
0.0;0.0;0.0;-2.44;2.62
0.0;0.0;0.0;-2.55;2.69
0.0;0.0;0.0;-2.63;2.9
0.0;0.0;0.0;-2.71;2.9
0.0;0.0;0.0;-2.77;2.9
0.0;0.0;0.0;-2.76;3.03
0.0;0.0;0.0;-3.05;3.1
0.0;0.0;0.0;-2.93;3.31
0.0;0.0;0.0;-2.84;3.45
0.0;0.0;0.0;-2.73;3.45
0.0;0.0;0.0;-2.52;3.45
0.0;0.0;0.0;-2.5;3.72
0.0;0.0;0.0;-2.56;4.41
0.0;0.0;0.0;-2.34;4.21
22.0;0.0;22.0;-1.97;4.41
56.0;0.0;56.0;-1.65;4.9
46.0;0.0;46.0;-1.37;5.38
41.0;0.0;41.0;-1.05;5.24
43.0;0.0;43.0;-1.25;5.31
34.0;0.0;34.0;-1.23;6.07
23.0;0.0;23.0;-0.43;5.93
0.0;0.0;0.0;0.35;5.38
0.0;0.0;0.0;1.17;4.76
0.0;0.0;0.0;2.36;4.48
0.0;0.0;0.0;5.22;4.97
0.0;0.0;0.0;8.02;5.66
0.0;0.0;0.0;9.17;6.14
0.0;0.0;0.0;9.2;6.0
0.0;0.0;0.0;8.91;5.66
0.0;0.0;0.0;8.41;5.31
0.0;0.0;0.0;8.12;5.03
0.0;0.0;0.0;7.73;4.97
0.0;0.0;0.0;7.38;5.24
0.0;0.0;0.0;7.03;5.31
0.0;0.0;0.0;6.7;5.38
0.0;0.0;0.0;6.38;5.45
0.0;0.0;0.0;6.67;5.45
0.0;0.0;0.0;6.47;5.31
60.0;55.03;51.0;6.47;5.31
209.0;636.16;50.0;6.78;5.38
37.0;0.0;37.0;7.26;5.52
216.0;243.62;141.0;7.77;5.66
186.0;192.43;133.0;8.0;5.66
140.0;186.19;102.0;7.41;6.07
49.0;30.39;46.0;7.03;5.1
0.0;0.0;0.0;5.49;4.23
0.0;0.0;0.0;5.25;4.24
0.0;0.0;0.0;5.0;4.25
0.0;0.0;0.0;4.75;4.25
0.0;0.0;0.0;4.51;4.26
0.0;0.0;0.0;4.26;4.27
0.0;0.0;0.0;4.02;4.27
0.0;0.0;0.0;3.77;4.28
