ghi;dni;dhi;temp_air;ws10
0.0;0.0;0.0;8.02;2.25
0.0;0.0;0.0;8.24;2.47
0.0;0.0;0.0;8.46;2.69
0.0;0.0;0.0;8.68;2.92
0.0;0.0;0.0;8.9;3.14
0.0;0.0;0.0;9.12;3.36
0.0;0.0;0.0;9.34;3.59
31.0;81.62;25.0;9.56;3.81
163.0;378.14;81.0;11.44;4.76
48.0;0.0;48.0;12.03;4.28
90.0;0.0;90.0;12.47;3.59
100.0;0.0;100.0;12.15;4.76
39.0;0.0;39.0;12.25;5.52
28.0;0.0;28.0;12.23;5.45
28.0;0.0;28.0;11.83;4.97
39.0;78.26;32.0;11.2;3.52
0.0;0.0;0.0;10.64;2.97
0.0;0.0;0.0;9.99;3.03
0.0;0.0;0.0;9.94;3.03
0.0;0.0;0.0;9.6;1.93
0.0;0.0;0.0;8.82;1.79
0.0;0.0;0.0;8.5;1.45
0.0;0.0;0.0;8.88;1.1
0.0;0.0;0.0;7.8;1.38
0.0;0.0;0.0;7.02;1.93
0.0;0.0;0.0;6.84;2.28
0.0;0.0;0.0;6.74;2.21
0.0;0.0;0.0;8.04;1.17
0.0;0.0;0.0;8.52;0.14
0.0;0.0;0.0;6.88;1.31
0.0;0.0;0.0;6.34;1.24
47.0;353.84;21.0;6.76;0.83
193.0;649.42;52.0;7.46;0.83
183.0;88.35;154.0;8.57;1.24
401.0;816.53;75.0;9.56;2.41
427.0;811.13;82.0;10.66;4.69
400.0;783.29;83.0;11.11;5.17
330.0;776.34;67.0;11.23;4.69
198.0;573.22;65.0;11.28;4.34
53.0;239.82;31.0;10.71;3.79
0.0;0.0;0.0;9.57;3.31
0.0;0.0;0.0;8.66;2.83
0.0;0.0;0.0;7.93;2.55
0.0;0.0;0.0;7.26;2.07
0.0;0.0;0.0;6.35;2.07
0.0;0.0;0.0;5.5;2.0
0.0;0.0;0.0;4.45;1.93
0.0;0.0;0.0;3.7;1.93
0.0;0.0;0.0;2.93;1.86
0.0;0.0;0.0;2.18;1.79
0.0;0.0;0.0;1.64;1.72
0.0;0.0;0.0;1.03;1.66
0.0;0.0;0.0;0.72;1.72
0.0;0.0;0.0;0.57;1.79
0.0;0.0;0.0;0.76;1.93
39.0;190.33;25.0;0.83;2.07
190.0;620.7;55.0;2.67;1.72
298.0;614.06;96.0;7.07;1.45
374.0;644.45;116.0;10.27;1.59
146.0;2.34;145.0;11.7;2.9
172.0;17.22;165.0;11.68;3.31
249.0;281.67;153.0;11.95;2.9
108.0;46.95;97.0;11.48;3.31
43.0;95.63;34.0;11.13;3.1
0.0;0.0;0.0;10.71;2.9
0.0;0.0;0.0;10.79;2.0
0.0;0.0;0.0;10.09;1.03
0.0;0.0;0.0;8.97;1.31
0.0;0.0;0.0;10.7;0.62
0.0;0.0;0.0;9.24;2.97
0.0;0.0;0.0;9.66;3.03
0.0;0.0;0.0;9.28;2.0
0.0;0.0;0.0;9.84;1.31
0.0;0.0;0.0;9.27;0.97
0.0;0.0;0.0;8.23;1.03
0.0;0.0;0.0;5.82;1.38
0.0;0.0;0.0;4.27;1.66
0.0;0.0;0.0;3.96;1.79
0.0;0.0;0.0;4.1;1.86
47.0;352.57;21.0;3.33;1.93
182.0;555.06;61.0;4.89;1.31
304.0;670.09;83.0;8.47;0.76
379.0;692.31;101.0;11.22;0.76
355.0;427.22;172.0;13.01;0.9
243.0;115.09;196.0;13.85;1.1
245.0;268.23;153.0;14.03;1.59
91.0;16.9;87.0;13.66;1.59
49.0;144.95;35.0;13.18;1.66
0.0;0.0;0.0;12.32;1.86
0.0;0.0;0.0;11.66;1.93
0.0;0.0;0.0;11.24;1.86
0.0;0.0;0.0;11.01;1.86
0.0;0.0;0.0;10.86;2.0
0.0;0.0;0.0;10.43;2.0
0.0;0.0;0.0;10.0;1.79
0.0;0.0;0.0;9.55;2.0
0.0;0.0;0.0;9.05;2.07
0.0;0.0;0.0;8.53;1.86
0.0;0.0;0.0;8.01;1.93
0.0;0.0;0.0;7.27;1.86
0.0;0.0;0.0;6.76;1.79
0.0;0.0;0.0;6.35;1.79
0.0;0.0;0.0;6.07;1.79
37.0;148.57;26.0;6.07;1.66
142.0;219.57;94.0;7.05;1.17
310.0;710.47;75.0;10.92;1.03
389.0;749.6;87.0;13.4;1.03
381.0;546.46;146.0;14.33;1.93
420.0;874.79;61.0;14.75;2.28
275.0;402.6;136.0;14.93;2.41
176.0;351.32;92.0;14.8;2.48
48.0;121.05;36.0;14.17;2.21
0.0;0.0;0.0;13.05;2.34
0.0;0.0;0.0;12.05;2.41
0.0;0.0;0.0;11.61;2.41
0.0;0.0;0.0;11.38;2.21
0.0;0.0;0.0;11.16;2.28
0.0;0.0;0.0;10.82;2.28
0.0;0.0;0.0;10.57;2.21
0.0;0.0;0.0;9.96;2.21
0.0;0.0;0.0;9.27;2.21
0.0;0.0;0.0;8.83;2.28
0.0;0.0;0.0;8.52;2.28
0.0;0.0;0.0;8.44;2.21
0.0;0.0;0.0;8.13;2.28
0.0;0.0;0.0;7.93;2.41
0.0;0.0;0.0;8.12;2.41
39.0;188.05;25.0;8.57;2.55
183.0;542.56;64.0;9.7;2.28
315.0;732.26;72.0;11.48;2.28
342.0;464.97;154.0;13.12;3.24
423.0;759.54;95.0;14.2;4.9
402.0;761.22;88.0;14.63;4.55
329.0;727.79;76.0;14.99;4.21
210.0;616.61;61.0;15.07;3.79
64.0;304.59;33.0;14.55;2.76
0.0;0.0;0.0;13.32;2.21
0.0;0.0;0.0;12.14;1.93
0.0;0.0;0.0;10.98;2.07
0.0;0.0;0.0;10.38;2.34
0.0;0.0;0.0;9.51;2.34
0.0;0.0;0.0;8.82;2.41
0.0;0.0;0.0;8.52;2.55
0.0;0.0;0.0;8.61;2.83
0.0;0.0;0.0;8.91;3.1
0.0;0.0;0.0;9.47;3.31
0.0;0.0;0.0;9.99;3.52
0.0;0.0;0.0;10.22;3.45
0.0;0.0;0.0;10.31;3.52
0.0;0.0;0.0;10.42;3.52
0.0;0.0;0.0;10.55;3.45
45.0;280.12;24.0;10.83;3.52
163.0;340.64;88.0;11.94;3.38
198.0;120.1;158.0;13.76;3.24
289.0;234.05;194.0;15.79;2.97
214.0;41.5;196.0;17.11;3.52
340.0;402.68;173.0;17.56;3.72
144.0;17.14;138.0;17.53;4.34
120.0;61.4;105.0;16.85;4.07
34.0;19.14;32.0;16.01;3.93
0.0;0.0;0.0;15.15;3.79
0.0;0.0;0.0;14.56;3.79
0.0;0.0;0.0;14.13;3.79
0.0;0.0;0.0;13.45;3.45
0.0;0.0;0.0;13.18;3.59
0.0;0.0;0.0;12.98;3.66
0.0;0.0;0.0;12.82;3.59
0.0;0.0;0.0;12.69;3.59
0.0;0.0;0.0;12.37;3.59
0.0;0.0;0.0;11.97;3.66
0.0;0.0;0.0;11.84;3.66
0.0;0.0;0.0;11.81;3.72
0.0;0.0;0.0;11.82;3.79
0.0;0.0;0.0;11.96;3.79
0.0;0.0;0.0;12.11;3.79
37.0;132.28;27.0;12.72;3.66
148.0;248.72;93.0;13.56;3.66
171.0;59.82;151.0;15.5;4.07
270.0;179.11;197.0;16.92;4.07
380.0;507.14;159.0;17.88;4.83
349.0;445.99;163.0;18.19;4.9
325.0;663.52;91.0;18.21;4.76
208.0;550.57;72.0;17.87;5.1
56.0;158.43;39.0;17.01;4.97
0.0;0.0;0.0;15.89;4.76
0.0;0.0;0.0;15.31;4.9
0.0;0.0;0.0;15.1;5.24
0.0;0.0;0.0;15.34;5.03
0.0;0.0;0.0;15.24;5.17
0.0;0.0;0.0;15.11;5.17
0.0;0.0;0.0;15.07;5.38
0.0;0.0;0.0;14.94;5.31
0.0;0.0;0.0;14.66;5.1
0.0;0.0;0.0;14.33;4.62
0.0;0.0;0.0;14.24;4.34
0.0;0.0;0.0;14.14;4.34
0.0;0.0;0.0;14.01;4.21
0.0;0.0;0.0;13.86;4.14
0.0;0.0;0.0;13.84;4.07
0.0;0.0;0.0;13.65;3.66
60.0;0.0;60.0;14.09;4.0
101.0;0.0;101.0;14.62;4.55
119.0;0.0;119.0;14.88;4.21
140.0;2.28;139.0;14.9;4.34
127.0;0.0;127.0;14.2;3.93
155.0;25.33;146.0;13.66;3.86
72.0;0.0;72.0;13.24;2.9
23.0;0.0;23.0;12.79;1.79
0.0;0.0;0.0;12.44;1.17
0.0;0.0;0.0;12.27;0.48
0.0;0.0;0.0;11.51;0.69
0.0;0.0;0.0;10.43;1.66
0.0;0.0;0.0;9.76;1.66
0.0;0.0;0.0;9.48;1.79
0.0;0.0;0.0;9.24;2.14
0.0;0.0;0.0;8.88;1.79
0.0;0.0;0.0;8.28;1.1
0.0;0.0;0.0;7.63;1.1
0.0;0.0;0.0;7.21;1.38
0.0;0.0;0.0;7.06;1.31
0.0;0.0;0.0;6.15;1.59
0.0;0.0;0.0;5.35;1.72
0.0;0.0;0.0;4.65;1.72
0.0;0.0;0.0;3.77;1.66
193.0;595.38;60.0;5.54;1.17
322.0;726.29;77.0;8.78;1.1
416.0;826.71;76.0;10.59;1.17
445.0;822.45;83.0;11.8;1.59
423.0;810.4;81.0;12.6;2.21
349.0;773.54;72.0;12.87;2.55
238.0;747.79;49.0;12.68;2.48
75.0;344.68;36.0;12.02;1.93
0.0;0.0;0.0;10.82;1.72
0.0;0.0;0.0;9.34;1.31
0.0;0.0;0.0;8.79;0.97
0.0;0.0;0.0;9.07;0.83
0.0;0.0;0.0;9.09;0.76
0.0;0.0;0.0;6.76;1.45
0.0;0.0;0.0;6.05;1.59
0.0;0.0;0.0;5.84;1.59
0.0;0.0;0.0;6.03;1.66
0.0;0.0;0.0;5.4;1.66
0.0;0.0;0.0;5.41;1.93
0.0;0.0;0.0;4.82;2.07
0.0;0.0;0.0;5.35;1.86
0.0;0.0;0.0;5.65;1.86
0.0;0.0;0.0;6.27;1.72
36.0;115.16;27.0;6.65;2.0
138.0;173.58;99.0;7.74;1.93
120.0;5.9;118.0;9.3;1.93
199.0;38.71;183.0;10.56;2.21
97.0;0.0;97.0;11.45;2.34
83.0;0.0;83.0;11.77;2.48
105.0;0.0;105.0;11.95;2.76
85.0;3.91;84.0;11.55;2.69
16.0;0.0;16.0;10.81;2.62
0.0;0.0;0.0;10.26;2.83
0.0;0.0;0.0;9.85;2.55
0.0;0.0;0.0;9.61;2.41
0.0;0.0;0.0;8.92;2.07
0.0;0.0;0.0;8.5;2.0
0.0;0.0;0.0;7.96;2.0
0.0;0.0;0.0;7.39;2.07
0.0;0.0;0.0;7.23;2.07
0.0;0.0;0.0;7.16;2.14
0.0;0.0;0.0;7.06;2.21
0.0;0.0;0.0;6.69;2.21
0.0;0.0;0.0;6.17;2.21
0.0;0.0;0.0;5.68;2.14
0.0;0.0;0.0;5.25;2.0
0.0;0.0;0.0;4.87;2.0
48.0;290.31;25.0;5.0;2.07
82.0;13.27;79.0;6.28;1.93
175.0;61.63;154.0;8.17;2.0
331.0;368.31;178.0;9.81;2.0
197.0;22.47;187.0;10.53;1.86
214.0;46.8;194.0;11.0;1.72
264.0;274.8;164.0;11.23;1.66
231.0;664.57;59.0;11.59;2.0
77.0;310.15;40.0;11.26;2.0
0.0;0.0;0.0;10.13;2.21
0.0;0.0;0.0;9.02;2.34
0.0;0.0;0.0;8.12;2.62
0.0;0.0;0.0;8.09;2.9
0.0;0.0;0.0;7.43;2.97
0.0;0.0;0.0;6.81;2.9
0.0;0.0;0.0;6.28;2.83
0.0;0.0;0.0;5.71;2.76
0.0;0.0;0.0;5.18;2.62
0.0;0.0;0.0;4.69;2.41
0.0;0.0;0.0;4.09;2.28
0.0;0.0;0.0;3.67;2.28
0.0;0.0;0.0;3.33;2.28
0.0;0.0;0.0;3.04;2.28
0.0;0.0;0.0;2.8;2.34
52.0;360.66;23.0;3.13;2.28
203.0;650.21;55.0;4.31;1.93
332.0;758.8;72.0;7.06;1.59
422.0;823.66;78.0;9.54;1.45
455.0;829.01;84.0;11.23;1.24
436.0;827.48;80.0;12.13;0.69
343.0;664.96;99.0;12.47;0.28
180.0;248.12;115.0;12.54;0.48
37.0;8.16;36.0;12.02;0.83
0.0;0.0;0.0;10.93;0.97
0.0;0.0;0.0;9.79;0.76
0.0;0.0;0.0;8.85;0.83
0.0;0.0;0.0;7.07;1.72
0.0;0.0;0.0;6.52;1.59
0.0;0.0;0.0;5.78;1.45
0.0;0.0;0.0;5.08;1.45
0.0;0.0;0.0;4.89;1.31
0.0;0.0;0.0;4.49;1.38
0.0;0.0;0.0;4.54;1.24
0.0;0.0;0.0;4.1;1.52
0.0;0.0;0.0;4.3;1.45
0.0;0.0;0.0;4.42;1.52
0.0;0.0;0.0;4.24;1.31
0.0;0.0;0.0;3.09;1.45
49.0;269.28;27.0;3.61;1.24
135.0;143.95;102.0;5.99;0.9
306.0;565.81;111.0;8.39;0.62
369.0;511.91;154.0;9.74;0.83
267.0;102.18;221.0;10.49;1.66
209.0;36.94;193.0;10.89;2.21
378.0;867.42;57.0;11.05;2.07
213.0;444.93;95.0;10.86;1.93
93.0;469.23;34.0;10.36;1.45
0.0;0.0;0.0;9.69;1.1
0.0;0.0;0.0;8.82;0.76
0.0;0.0;0.0;7.27;1.24
0.0;0.0;0.0;6.69;1.45
0.0;0.0;0.0;5.65;1.66
0.0;0.0;0.0;5.22;1.79
0.0;0.0;0.0;4.99;1.79
0.0;0.0;0.0;3.93;1.72
0.0;0.0;0.0;3.59;1.72
0.0;0.0;0.0;3.25;1.79
0.0;0.0;0.0;3.32;1.66
0.0;0.0;0.0;2.88;1.72
0.0;0.0;0.0;2.71;1.86
0.0;0.0;0.0;2.83;1.86
0.0;0.0;0.0;2.65;1.93
50.0;276.76;27.0;3.22;1.72
203.0;640.7;55.0;4.74;1.31
331.0;741.18;74.0;7.67;0.97
355.0;447.39;166.0;10.22;0.62
451.0;799.2;89.0;11.43;0.21
436.0;813.88;81.0;11.86;0.76
188.0;53.58;168.0;12.09;0.97
118.0;33.52;109.0;12.09;1.1
63.0;100.73;50.0;11.68;1.03
0.0;0.0;0.0;10.86;0.9
0.0;0.0;0.0;9.6;0.83
0.0;0.0;0.0;8.44;1.31
0.0;0.0;0.0;7.08;1.52
0.0;0.0;0.0;6.27;1.72
0.0;0.0;0.0;6.08;1.79
0.0;0.0;0.0;6.86;1.72
0.0;0.0;0.0;7.31;1.66
0.0;0.0;0.0;6.52;1.66
0.0;0.0;0.0;6.32;1.66
0.0;0.0;0.0;7.39;1.66
0.0;0.0;0.0;8.15;1.93
0.0;0.0;0.0;8.64;2.14
0.0;0.0;0.0;9.28;2.34
0.0;0.0;0.0;9.62;2.48
38.0;94.54;30.0;9.86;3.1
117.0;73.01;100.0;10.44;3.59
135.0;11.46;131.0;11.34;4.07
68.0;0.0;68.0;11.64;4.48
68.0;0.0;68.0;12.26;4.97
59.0;0.0;59.0;12.79;4.21
32.0;0.0;32.0;13.18;5.17
38.0;0.0;38.0;12.94;5.59
9.0;0.0;9.0;12.68;5.66
0.0;0.0;0.0;12.3;5.1
0.0;0.0;0.0;12.08;4.62
0.0;0.0;0.0;12.03;4.0
0.0;0.0;0.0;11.85;3.59
0.0;0.0;0.0;11.59;2.9
0.0;0.0;0.0;11.14;2.14
0.0;0.0;0.0;10.5;1.86
0.0;0.0;0.0;9.95;1.93
0.0;0.0;0.0;9.98;2.41
0.0;0.0;0.0;11.03;3.52
0.0;0.0;0.0;11.52;4.28
0.0;0.0;0.0;11.86;4.9
0.0;0.0;0.0;12.05;5.45
0.0;0.0;0.0;12.03;5.52
0.0;0.0;0.0;12.03;5.72
55.0;336.28;26.0;12.43;5.72
113.0;55.36;100.0;13.12;5.17
306.0;532.34;119.0;14.37;5.03
352.0;404.52;179.0;14.99;5.93
284.0;126.42;226.0;14.8;6.97
372.0;438.41;178.0;14.11;7.72
364.0;731.67;86.0;13.34;8.07
234.0;541.07;85.0;13.18;6.97
98.0;419.4;41.0;12.46;7.03
0.0;0.0;0.0;11.37;5.79
0.0;0.0;0.0;10.47;4.9
0.0;0.0;0.0;9.78;4.34
0.0;0.0;0.0;9.92;3.45
0.0;0.0;0.0;9.31;3.31
0.0;0.0;0.0;8.59;3.24
0.0;0.0;0.0;7.84;3.1
0.0;0.0;0.0;6.94;2.83
0.0;0.0;0.0;5.9;2.48
0.0;0.0;0.0;4.66;2.21
0.0;0.0;0.0;3.5;2.0
0.0;0.0;0.0;2.39;1.86
0.0;0.0;0.0;1.76;2.0
0.0;0.0;0.0;1.37;2.07
0.0;0.0;0.0;0.96;1.93
59.0;363.77;27.0;0.6;1.93
215.0;666.95;57.0;2.11;1.52
346.0;763.35;76.0;6.91;1.1
426.0;755.05;101.0;9.8;1.45
467.0;801.13;97.0;11.27;2.55
445.0;776.11;99.0;11.89;3.52
273.0;239.95;181.0;12.04;4.34
125.0;32.27;116.0;12.01;4.14
42.0;7.17;41.0;11.45;3.03
0.0;0.0;0.0;10.74;2.41
0.0;0.0;0.0;10.05;2.07
0.0;0.0;0.0;9.72;1.72
0.0;0.0;0.0;9.82;1.66
0.0;0.0;0.0;9.57;1.59
0.0;0.0;0.0;9.58;1.59
0.0;0.0;0.0;9.6;1.59
0.0;0.0;0.0;9.78;1.72
0.0;0.0;0.0;10.0;1.79
0.0;0.0;0.0;9.89;1.86
0.0;0.0;0.0;10.01;2.21
0.0;0.0;0.0;10.38;2.62
0.0;0.0;0.0;10.44;2.55
0.0;0.0;0.0;10.6;2.28
0.0;0.0;0.0;10.39;2.28
12.0;0.0;12.0;10.21;2.9
24.0;0.0;24.0;10.85;3.03
70.0;0.0;70.0;11.42;3.17
38.0;0.0;38.0;11.96;3.24
79.0;0.0;79.0;12.28;4.07
40.0;0.0;40.0;12.44;4.62
45.0;0.0;45.0;12.68;4.28
51.0;0.0;51.0;12.63;3.17
60.0;48.95;53.0;12.53;2.97
0.0;0.0;0.0;12.0;2.76
0.0;0.0;0.0;11.49;2.48
0.0;0.0;0.0;11.35;2.14
0.0;0.0;0.0;11.25;2.48
0.0;0.0;0.0;11.17;2.07
0.0;0.0;0.0;10.86;1.66
0.0;0.0;0.0;10.46;1.24
0.0;0.0;0.0;9.66;1.24
0.0;0.0;0.0;8.86;1.45
0.0;0.0;0.0;7.97;1.72
0.0;0.0;0.0;6.78;1.72
0.0;0.0;0.0;6.48;1.38
0.0;0.0;0.0;6.05;1.24
0.0;0.0;0.0;6.69;0.97
0.0;0.0;0.0;6.51;0.9
62.0;381.47;27.0;6.38;1.24
218.0;671.16;56.0;7.99;1.24
350.0;771.85;73.0;9.17;1.17
443.0;836.65;78.0;11.12;1.45
479.0;843.56;84.0;12.11;1.24
457.0;821.8;85.0;12.78;1.38
381.0;768.11;81.0;13.1;1.79
244.0;541.6;89.0;12.95;1.86
98.0;313.7;52.0;12.45;1.66
0.0;0.0;0.0;11.37;1.31
0.0;0.0;0.0;9.84;1.24
0.0;0.0;0.0;8.63;1.38
0.0;0.0;0.0;8.27;1.66
0.0;0.0;0.0;7.9;1.59
0.0;0.0;0.0;7.58;1.52
0.0;0.0;0.0;7.66;1.31
0.0;0.0;0.0;7.74;1.17
0.0;0.0;0.0;7.89;1.24
0.0;0.0;0.0;8.59;1.86
0.0;0.0;0.0;8.86;2.0
0.0;0.0;0.0;9.41;1.72
0.0;0.0;0.0;9.32;1.1
0.0;0.0;0.0;9.6;0.83
0.0;0.0;0.0;9.49;1.1
36.0;42.64;32.0;8.99;2.0
166.0;250.24;105.0;9.75;1.72
305.0;475.64;133.0;10.55;1.38
407.0;628.24;131.0;11.86;0.97
473.0;812.14;90.0;13.69;0.83
457.0;815.4;85.0;14.34;3.24
375.0;717.81;92.0;14.58;4.0
264.0;686.39;65.0;14.35;3.86
114.0;492.25;40.0;13.76;3.79
0.0;0.0;0.0;12.4;3.79
0.0;0.0;0.0;11.09;3.86
0.0;0.0;0.0;10.27;3.66
0.0;0.0;0.0;9.98;2.48
0.0;0.0;0.0;9.33;2.55
0.0;0.0;0.0;8.76;2.48
0.0;0.0;0.0;7.93;2.55
0.0;0.0;0.0;7.16;2.62
0.0;0.0;0.0;6.48;2.69
0.0;0.0;0.0;5.84;2.69
0.0;0.0;0.0;5.35;2.55
0.0;0.0;0.0;4.83;2.28
0.0;0.0;0.0;4.33;2.07
0.0;0.0;0.0;3.94;2.07
0.0;0.0;0.0;3.58;2.14
63.0;354.31;29.0;3.66;1.93
208.0;548.18;73.0;5.13;1.72
256.0;241.45;168.0;8.07;1.66
349.0;348.04;195.0;10.69;1.79
417.0;509.45;175.0;12.03;2.07
404.0;515.38;167.0;12.67;2.21
329.0;437.17;155.0;12.89;2.07
259.0;616.23;78.0;12.73;1.93
103.0;311.53;55.0;12.21;1.59
0.0;0.0;0.0;11.25;1.38
0.0;0.0;0.0;9.95;1.52
0.0;0.0;0.0;9.2;1.79
0.0;0.0;0.0;8.3;1.52
0.0;0.0;0.0;8.06;2.14
0.0;0.0;0.0;7.22;1.86
0.0;0.0;0.0;6.75;2.0
0.0;0.0;0.0;6.33;1.93
0.0;0.0;0.0;6.45;1.79
0.0;0.0;0.0;6.53;1.72
0.0;0.0;0.0;6.75;1.52
0.0;0.0;0.0;6.85;1.38
0.0;0.0;0.0;6.78;1.59
0.0;0.0;0.0;6.8;1.72
0.0;0.0;0.0;6.44;1.66
69.0;427.58;27.0;5.71;1.52
223.0;662.98;58.0;7.42;1.38
357.0;770.27;74.0;10.61;1.66
448.0;823.36;81.0;12.49;2.07
487.0;840.06;85.0;13.81;1.72
466.0;819.74;86.0;14.91;1.38
393.0;778.91;80.0;15.66;1.1
273.0;695.62;66.0;15.91;0.34
121.0;500.4;42.0;15.37;1.03
0.0;0.0;0.0;13.81;1.52
0.0;0.0;0.0;11.58;1.31
0.0;0.0;0.0;10.05;1.38
0.0;0.0;0.0;8.95;1.79
0.0;0.0;0.0;8.23;1.79
0.0;0.0;0.0;7.54;1.79
0.0;0.0;0.0;7.03;1.86
0.0;0.0;0.0;6.43;1.86
0.0;0.0;0.0;5.91;1.86
0.0;0.0;0.0;5.6;1.86
0.0;0.0;0.0;5.15;1.93
0.0;0.0;0.0;4.62;1.93
0.0;0.0;0.0;4.24;1.93
0.0;0.0;0.0;3.94;2.0
0.0;0.0;0.0;3.86;1.93
74.0;477.16;26.0;4.66;1.79
227.0;671.75;58.0;6.17;1.38
361.0;769.35;76.0;9.77;1.1
455.0;832.81;81.0;11.73;1.17
495.0;850.39;85.0;13.08;1.79
469.0;800.26;95.0;13.72;2.21
402.0;801.01;77.0;14.04;2.28
278.0;696.54;68.0;13.99;2.34
126.0;513.23;43.0;13.42;2.07
0.0;0.0;0.0;12.11;1.93
0.0;0.0;0.0;10.76;1.66
0.0;0.0;0.0;9.22;1.17
0.0;0.0;0.0;8.58;1.1
0.0;0.0;0.0;8.94;0.97
0.0;0.0;0.0;8.31;1.03
0.0;0.0;0.0;6.77;1.31
0.0;0.0;0.0;5.21;1.66
0.0;0.0;0.0;4.37;1.79
0.0;0.0;0.0;3.75;1.79
0.0;0.0;0.0;3.33;1.79
0.0;0.0;0.0;2.97;1.79
0.0;0.0;0.0;2.74;1.79
0.0;0.0;0.0;2.54;1.79
0.0;0.0;0.0;2.54;1.79
75.0;456.01;28.0;2.75;1.59
233.0;691.84;57.0;4.8;1.03
368.0;789.65;73.0;9.33;0.76
462.0;839.75;82.0;11.3;0.28
496.0;833.65;91.0;12.19;0.48
475.0;808.56;94.0;12.8;0.83
398.0;742.02;94.0;13.1;1.1
279.0;664.57;76.0;12.97;1.24
120.0;386.44;56.0;12.52;1.17
0.0;0.0;0.0;11.48;1.31
0.0;0.0;0.0;9.89;0.97
0.0;0.0;0.0;9.89;0.69
0.0;0.0;0.0;8.7;0.97
0.0;0.0;0.0;7.02;1.38
0.0;0.0;0.0;5.96;1.52
0.0;0.0;0.0;5.1;1.66
0.0;0.0;0.0;4.83;1.86
0.0;0.0;0.0;4.67;1.86
0.0;0.0;0.0;4.68;1.93
0.0;0.0;0.0;5.25;1.86
0.0;0.0;0.0;5.18;2.0
0.0;0.0;0.0;5.05;2.0
0.0;0.0;0.0;5.02;2.28
0.0;0.0;0.0;5.77;2.48
57.0;160.92;40.0;6.62;2.55
36.0;0.0;36.0;8.06;2.34
185.0;45.11;168.0;9.83;2.48
362.0;353.04;201.0;11.09;2.62
242.0;38.81;223.0;12.05;3.17
192.0;10.52;187.0;12.68;4.0
57.0;0.0;57.0;13.17;4.28
134.0;29.08;125.0;12.78;2.9
84.0;88.47;69.0;12.34;2.83
0.0;0.0;0.0;11.58;2.41
0.0;0.0;0.0;10.7;2.21
0.0;0.0;0.0;10.03;2.07
0.0;0.0;0.0;9.68;1.86
0.0;0.0;0.0;8.96;1.79
0.0;0.0;0.0;8.82;2.07
0.0;0.0;0.0;8.58;2.28
0.0;0.0;0.0;8.39;2.28
0.0;0.0;0.0;8.31;2.21
0.0;0.0;0.0;7.62;2.21
0.0;0.0;0.0;7.03;2.07
0.0;0.0;0.0;6.54;1.93
0.0;0.0;0.0;6.02;1.93
0.0;0.0;0.0;5.89;1.86
0.0;0.0;0.0;5.48;2.0
58.0;156.94;41.0;5.62;1.59
238.0;691.48;58.0;7.03;1.24
335.0;552.42;125.0;10.51;0.97
447.0;730.99;111.0;12.83;0.83
494.0;792.43;103.0;13.78;0.83
482.0;816.04;91.0;14.43;1.03
409.0;777.89;84.0;14.71;1.31
305.0;797.29;55.0;14.74;1.45
139.0;541.66;45.0;14.3;1.38
0.0;0.0;0.0;13.01;1.66
0.0;0.0;0.0;11.4;1.38
0.0;0.0;0.0;11.17;0.76
0.0;0.0;0.0;11.18;0.55
0.0;0.0;0.0;10.72;0.07
0.0;0.0;0.0;9.95;0.83
0.0;0.0;0.0;7.22;1.52
0.0;0.0;0.0;5.7;1.86
0.0;0.0;0.0;4.87;1.79
0.0;0.0;0.0;4.38;1.72
0.0;0.0;0.0;4.15;1.79
0.0;0.0;0.0;3.92;1.86
0.0;0.0;0.0;3.6;1.93
0.0;0.0;0.0;3.28;1.93
0.0;0.0;0.0;3.07;1.93
81.0;468.04;29.0;3.78;1.86
241.0;687.12;60.0;5.77;1.45
378.0;792.57;74.0;9.93;1.03
475.0;854.65;79.0;12.69;0.55
513.0;860.59;85.0;14.25;0.34
490.0;825.73;91.0;14.92;1.17
420.0;803.44;81.0;15.07;1.59
298.0;723.99;68.0;14.86;1.72
146.0;574.44;44.0;14.23;1.45
0.0;0.0;0.0;13.03;1.31
0.0;0.0;0.0;11.07;1.03
0.0;0.0;0.0;11.22;0.76
0.0;0.0;0.0;11.0;0.48
0.0;0.0;0.0;9.95;1.03
0.0;0.0;0.0;7.07;1.66
0.0;0.0;0.0;5.87;1.79
0.0;0.0;0.0;5.14;1.79
0.0;0.0;0.0;4.48;1.79
0.0;0.0;0.0;3.89;1.79
0.0;0.0;0.0;3.53;1.72
0.0;0.0;0.0;3.17;1.72
0.0;0.0;0.0;2.81;1.66
0.0;0.0;0.0;2.51;1.66
0.0;0.0;0.0;2.27;1.66
85.0;491.31;29.0;2.44;1.45
246.0;705.12;58.0;5.07;0.83
384.0;798.3;75.0;9.77;0.55
481.0;860.59;79.0;12.09;0.28
520.0;865.71;86.0;13.4;0.83
494.0;816.68;96.0;14.15;1.52
426.0;809.62;81.0;14.37;1.93
307.0;751.9;65.0;14.25;2.0
151.0;583.62;45.0;13.71;1.72
0.0;0.0;0.0;12.55;1.38
0.0;0.0;0.0;10.62;0.97
0.0;0.0;0.0;10.65;0.55
0.0;0.0;0.0;10.29;0.55
0.0;0.0;0.0;9.73;0.21
0.0;0.0;0.0;9.1;0.62
0.0;0.0;0.0;7.56;1.17
0.0;0.0;0.0;5.51;1.52
0.0;0.0;0.0;4.38;1.66
0.0;0.0;0.0;3.73;1.59
0.0;0.0;0.0;3.22;1.52
0.0;0.0;0.0;2.75;1.59
0.0;0.0;0.0;2.41;1.72
0.0;0.0;0.0;2.15;1.72
0.0;0.0;0.0;2.09;1.72
88.0;495.9;30.0;2.95;1.72
248.0;692.8;61.0;4.9;1.31
320.0;406.99;161.0;8.27;1.1
383.0;371.56;208.0;10.66;0.55
529.0;884.47;82.0;11.84;0.9
498.0;805.64;102.0;12.33;1.17
432.0;815.58;81.0;12.44;1.31
312.0;748.32;68.0;12.45;1.38
161.0;646.12;41.0;12.17;1.38
0.0;0.0;0.0;11.42;1.31
0.0;0.0;0.0;10.36;1.31
0.0;0.0;0.0;9.28;1.03
0.0;0.0;0.0;10.1;0.07
0.0;0.0;0.0;8.23;1.03
0.0;0.0;0.0;6.78;1.52
0.0;0.0;0.0;6.01;1.79
0.0;0.0;0.0;5.9;1.72
0.0;0.0;0.0;5.86;1.66
0.0;0.0;0.0;6.08;1.66
0.0;0.0;0.0;5.64;1.79
0.0;0.0;0.0;5.18;1.86
0.0;0.0;0.0;4.57;1.86
0.0;0.0;0.0;4.22;1.86
0.0;0.0;0.0;4.58;1.79
60.0;108.3;47.0;4.95;1.79
171.0;168.31;125.0;6.37;1.45
128.0;2.54;127.0;8.33;1.38
252.0;58.96;224.0;10.12;1.24
324.0;135.42;255.0;10.85;1.38
109.0;0.0;109.0;11.32;1.59
107.0;0.0;107.0;11.76;1.66
169.0;63.57;148.0;11.79;1.66
92.0;73.74;78.0;11.58;1.59
0.0;0.0;0.0;10.89;2.01
0.0;0.0;0.0;10.16;1.95
0.0;0.0;0.0;9.44;1.89
0.0;0.0;0.0;8.72;1.83
0.0;0.0;0.0;7.99;1.77
0.0;0.0;0.0;7.27;1.71
0.0;0.0;0.0;6.55;1.65
0.0;0.0;0.0;5.82;1.59
0.0;0.0;0.0;5.1;1.53
0.0;0.0;0.0;4.38;1.47
0.0;0.0;0.0;3.65;1.4
0.0;0.0;0.0;2.93;1.34
0.0;0.0;0.0;2.21;1.28
0.0;0.0;0.0;1.48;1.22
0.0;0.0;0.0;0.76;1.16
14.0;0.0;14.0;0.03;1.1
242.0;574.44;83.0;4.78;1.17
387.0;733.44;95.0;7.24;1.31
451.0;622.22;153.0;8.22;2.41
551.0;918.8;79.0;8.06;3.24
402.0;349.93;227.0;7.9;3.45
386.0;507.96;163.0;7.71;3.17
309.0;654.49;90.0;7.69;3.03
150.0;443.25;64.0;7.12;2.83
0.0;0.0;0.0;6.42;1.24
0.0;0.0;0.0;5.35;0.34
0.0;0.0;0.0;3.94;1.24
0.0;0.0;0.0;3.46;1.72
0.0;0.0;0.0;1.89;1.66
0.0;0.0;0.0;1.67;1.45
0.0;0.0;0.0;2.31;1.17
0.0;0.0;0.0;1.6;1.45
0.0;0.0;0.0;1.34;1.59
0.0;0.0;0.0;1.37;1.52
0.0;0.0;0.0;0.78;1.45
0.0;0.0;0.0;1.07;1.66
0.0;0.0;0.0;0.58;1.79
0.0;0.0;0.0;0.47;1.66
0.0;0.0;0.0;0.3;1.72
86.0;332.08;44.0;1.03;1.79
258.0;659.85;73.0;2.45;1.59
404.0;793.58;85.0;4.55;1.93
503.0;846.76;94.0;6.23;2.28
540.0;843.67;103.0;7.52;2.62
534.0;882.13;89.0;8.51;3.03
441.0;757.79;105.0;9.03;3.31
317.0;669.73;90.0;9.05;3.24
151.0;408.64;70.0;8.65;2.62
6.0;0.0;6.0;7.62;1.72
0.0;0.0;0.0;6.08;0.9
0.0;0.0;0.0;6.34;0.41
0.0;0.0;0.0;5.65;0.9
0.0;0.0;0.0;2.78;1.59
0.0;0.0;0.0;1.58;1.79
0.0;0.0;0.0;1.48;1.79
0.0;0.0;0.0;0.74;1.86
0.0;0.0;0.0;1.44;2.07
0.0;0.0;0.0;2.41;2.07
0.0;0.0;0.0;3.19;2.0
0.0;0.0;0.0;3.77;1.93
0.0;0.0;0.0;3.36;2.0
0.0;0.0;0.0;2.97;2.07
0.0;0.0;0.0;3.15;2.21
41.0;7.7;40.0;4.0;2.28
163.0;116.19;130.0;4.93;2.41
222.0;76.37;191.0;6.03;2.55
334.0;190.9;241.0;7.04;2.9
396.0;281.45;249.0;8.04;3.03
367.0;233.85;248.0;8.7;3.59
179.0;11.17;174.0;8.91;3.79
150.0;26.22;141.0;8.68;4.0
83.0;34.58;76.0;8.34;3.59
7.0;0.0;7.0;7.63;3.86
0.0;0.0;0.0;6.96;3.86
0.0;0.0;0.0;6.61;3.79
0.0;0.0;0.0;6.29;4.21
0.0;0.0;0.0;6.48;4.55
0.0;0.0;0.0;6.37;4.41
0.0;0.0;0.0;6.54;4.34
0.0;0.0;0.0;6.8;3.79
0.0;0.0;0.0;6.82;3.24
0.0;0.0;0.0;6.89;2.83
0.0;0.0;0.0;7.2;2.34
0.0;0.0;0.0;7.37;2.21
0.0;0.0;0.0;7.45;2.62
0.0;0.0;0.0;7.81;3.38
0.0;0.0;0.0;8.1;4.0
54.0;45.01;48.0;8.35;3.66
54.0;0.0;54.0;8.8;4.14
225.0;80.5;192.0;9.1;4.34
196.0;10.17;191.0;9.14;4.55
238.0;22.78;226.0;9.4;4.41
456.0;522.07;188.0;10.43;3.93
387.0;477.57;171.0;11.31;3.86
219.0;163.93;162.0;11.65;3.72
87.0;38.71;79.0;11.38;3.45
7.0;0.0;7.0;10.14;3.1
0.0;0.0;0.0;9.23;3.03
0.0;0.0;0.0;8.55;2.97
0.0;0.0;0.0;8.0;3.31
0.0;0.0;0.0;7.82;3.31
0.0;0.0;0.0;7.77;3.38
0.0;0.0;0.0;7.8;3.59
0.0;0.0;0.0;7.96;3.72
0.0;0.0;0.0;8.19;4.14
0.0;0.0;0.0;8.85;4.55
0.0;0.0;0.0;9.39;4.69
0.0;0.0;0.0;9.64;4.76
0.0;0.0;0.0;9.84;4.83
0.0;0.0;0.0;9.62;5.45
0.0;0.0;0.0;9.23;4.62
35.0;0.0;35.0;9.39;4.21
84.0;0.0;84.0;9.29;3.59
55.0;0.0;55.0;9.41;3.38
101.0;0.0;101.0;9.75;4.41
90.0;0.0;90.0;9.78;4.83
80.0;0.0;80.0;10.07;3.93
75.0;0.0;75.0;10.48;3.52
45.0;0.0;45.0;9.07;2.55
53.0;0.0;53.0;7.98;1.59
9.0;0.0;9.0;7.5;1.45
0.0;0.0;0.0;7.1;1.72
0.0;0.0;0.0;6.62;1.86
0.0;0.0;0.0;6.34;2.0
0.0;0.0;0.0;5.98;2.07
0.0;0.0;0.0;5.66;1.93
0.0;0.0;0.0;5.56;1.79
0.0;0.0;0.0;5.29;1.59
0.0;0.0;0.0;5.09;1.72
0.0;0.0;0.0;4.62;1.79
0.0;0.0;0.0;4.63;1.79
0.0;0.0;0.0;4.34;1.72
0.0;0.0;0.0;3.88;1.79
0.0;0.0;0.0;3.6;1.59
0.0;0.0;0.0;2.87;1.45
108.0;491.18;39.0;2.9;1.45
265.0;632.77;78.0;5.76;1.1
384.0;614.58;127.0;7.69;1.31
294.0;99.99;244.0;9.15;1.38
169.0;0.0;169.0;9.9;1.72
86.0;0.0;86.0;10.07;2.07
95.0;0.0;95.0;10.03;1.93
233.0;185.09;167.0;9.95;1.66
133.0;195.12;91.0;9.75;0.83
15.0;63.83;12.0;8.98;0.34
0.0;0.0;0.0;7.68;1.17
0.0;0.0;0.0;6.25;1.38
0.0;0.0;0.0;5.22;1.38
0.0;0.0;0.0;4.81;1.52
0.0;0.0;0.0;4.6;1.45
0.0;0.0;0.0;4.79;1.38
0.0;0.0;0.0;3.97;1.72
0.0;0.0;0.0;3.21;1.79
0.0;0.0;0.0;3.14;1.66
0.0;0.0;0.0;3.34;1.59
0.0;0.0;0.0;3.51;1.59
0.0;0.0;0.0;3.56;1.59
0.0;0.0;0.0;3.52;1.66
0.0;0.0;0.0;3.23;1.59
59.0;41.61;53.0;3.63;1.45
114.0;13.35;110.0;5.36;1.31
208.0;44.98;189.0;7.47;1.38
284.0;79.29;244.0;8.92;1.59
352.0;149.95;271.0;9.86;1.45
448.0;436.42;218.0;10.33;1.1
189.0;12.88;183.0;10.79;0.97
310.0;512.38;125.0;10.68;0.76
121.0;122.97;94.0;9.85;0.62
21.0;137.0;14.0;8.66;0.07
0.0;0.0;0.0;7.39;0.55
0.0;0.0;0.0;6.84;0.48
0.0;0.0;0.0;4.35;1.17
0.0;0.0;0.0;2.76;1.52
0.0;0.0;0.0;1.53;1.79
0.0;0.0;0.0;0.76;1.86
0.0;0.0;0.0;0.34;1.79
0.0;0.0;0.0;-0.16;1.79
0.0;0.0;0.0;-0.6;1.79
0.0;0.0;0.0;-1.01;1.86
0.0;0.0;0.0;-1.39;1.86
0.0;0.0;0.0;-1.64;1.86
0.0;0.0;0.0;-1.75;1.86
0.0;0.0;0.0;-2.01;1.79
113.0;472.93;43.0;-1.38;1.45
276.0;648.88;79.0;2.63;1.03
426.0;789.75;89.0;6.09;0.9
491.0;681.77;144.0;7.99;0.55
560.0;826.05;110.0;9.05;1.52
525.0;729.8;137.0;9.78;2.76
172.0;4.25;170.0;10.06;3.31
153.0;19.15;146.0;9.82;2.97
151.0;259.05;93.0;9.32;2.41
16.0;36.23;14.0;8.89;2.21
0.0;0.0;0.0;7.83;2.34
0.0;0.0;0.0;7.43;3.1
0.0;0.0;0.0;6.97;3.45
0.0;0.0;0.0;6.28;4.07
0.0;0.0;0.0;5.81;4.97
0.0;0.0;0.0;5.34;5.24
0.0;0.0;0.0;4.55;4.97
0.0;0.0;0.0;3.45;4.76
0.0;0.0;0.0;2.6;5.1
0.0;0.0;0.0;1.94;5.59
0.0;0.0;0.0;1.54;5.59
0.0;0.0;0.0;1.29;4.97
0.0;0.0;0.0;0.98;4.41
0.0;0.0;0.0;0.71;4.0
121.0;513.46;43.0;1.3;4.28
303.0;779.84;63.0;2.32;3.93
430.0;760.86;102.0;3.51;5.1
426.0;379.74;231.0;4.74;6.28
565.0;793.58;129.0;5.77;6.34
567.0;870.74;100.0;6.36;5.38
481.0;782.89;109.0;6.95;5.1
356.0;713.36;92.0;6.9;4.76
197.0;582.71;64.0;6.55;4.62
31.0;236.01;17.0;5.69;4.14
0.0;0.0;0.0;4.51;4.07
0.0;0.0;0.0;3.81;3.93
0.0;0.0;0.0;3.53;3.66
0.0;0.0;0.0;3.08;3.24
0.0;0.0;0.0;2.65;2.97
0.0;0.0;0.0;2.24;2.76
0.0;0.0;0.0;1.87;2.55
0.0;0.0;0.0;1.56;2.48
0.0;0.0;0.0;1.23;2.48
0.0;0.0;0.0;1.03;2.41
0.0;0.0;0.0;0.86;2.34
0.0;0.0;0.0;0.72;2.28
0.0;0.0;0.0;0.65;2.28
0.0;0.0;0.0;0.63;2.28
118.0;455.44;47.0;1.3;2.07
280.0;615.41;88.0;3.83;1.93
428.0;759.99;97.0;6.89;2.48
526.0;808.71;107.0;9.32;2.83
569.0;826.57;111.0;11.29;3.17
562.0;853.92;100.0;12.75;3.38
476.0;771.12;106.0;13.62;3.59
351.0;686.03;94.0;13.91;3.52
197.0;571.79;64.0;13.56;2.97
32.0;236.42;17.0;12.14;2.55
0.0;0.0;0.0;10.37;2.41
0.0;0.0;0.0;8.84;2.21
0.0;0.0;0.0;7.92;2.07
0.0;0.0;0.0;6.46;1.93
0.0;0.0;0.0;5.16;1.93
0.0;0.0;0.0;4.16;1.93
0.0;0.0;0.0;3.43;1.93
0.0;0.0;0.0;2.96;1.93
0.0;0.0;0.0;2.74;1.93
0.0;0.0;0.0;2.48;2.07
0.0;0.0;0.0;2.44;2.14
0.0;0.0;0.0;2.36;2.21
0.0;0.0;0.0;2.27;2.28
0.0;0.0;0.0;2.15;2.28
122.0;468.88;47.0;3.37;2.34
285.0;629.17;86.0;5.77;1.86
432.0;759.03;98.0;9.57;1.72
530.0;807.25;108.0;11.89;1.38
570.0;812.41;116.0;13.29;0.76
569.0;864.82;97.0;13.99;0.62
483.0;784.31;103.0;14.28;0.83
358.0;701.53;92.0;14.27;1.1
200.0;565.47;66.0;14.0;1.52
35.0;236.74;19.0;12.65;2.14
0.0;0.0;0.0;10.97;2.07
0.0;0.0;0.0;9.88;1.66
0.0;0.0;0.0;9.01;1.52
0.0;0.0;0.0;9.01;1.17
0.0;0.0;0.0;9.6;0.9
0.0;0.0;0.0;8.17;1.1
0.0;0.0;0.0;6.09;1.59
0.0;0.0;0.0;5.24;1.79
0.0;0.0;0.0;4.53;1.72
0.0;0.0;0.0;4.16;1.66
0.0;0.0;0.0;4.14;1.52
0.0;0.0;0.0;4.16;1.52
0.0;0.0;0.0;4.11;1.52
0.0;0.0;0.0;3.82;1.59
114.0;335.17;59.0;4.02;1.31
250.0;377.34;129.0;6.72;1.03
418.0;654.51;127.0;9.71;0.69
532.0;796.26;112.0;11.41;0.34
572.0;798.43;122.0;12.6;0.97
520.0;626.64;175.0;12.78;1.31
486.0;772.68;108.0;13.04;1.52
360.0;690.57;95.0;12.88;1.79
175.0;335.61;94.0;12.25;2.07
30.0;97.59;23.0;11.36;1.72
0.0;0.0;0.0;10.23;1.52
0.0;0.0;0.0;9.07;0.97
0.0;0.0;0.0;8.57;1.17
0.0;0.0;0.0;8.87;0.97
0.0;0.0;0.0;7.74;1.17
0.0;0.0;0.0;6.81;1.31
0.0;0.0;0.0;7.0;1.17
0.0;0.0;0.0;6.5;1.45
0.0;0.0;0.0;6.06;1.45
0.0;0.0;0.0;5.35;1.52
0.0;0.0;0.0;4.77;1.52
0.0;0.0;0.0;5.54;1.38
0.0;0.0;0.0;6.03;1.38
0.0;0.0;0.0;6.4;1.31
58.0;11.88;56.0;6.8;1.03
118.0;9.23;115.0;8.07;0.9
132.0;0.0;132.0;9.0;0.9
248.0;28.18;233.0;10.32;0.97
464.0;367.69;255.0;11.37;0.9
552.0;749.07;136.0;11.69;1.17
403.0;386.7;212.0;11.79;1.38
244.0;151.94;185.0;11.26;1.31
166.0;252.3;104.0;10.63;1.38
38.0;184.5;24.0;10.05;1.45
0.0;0.0;0.0;8.92;1.45
0.0;0.0;0.0;8.45;1.31
0.0;0.0;0.0;7.66;1.24
0.0;0.0;0.0;7.09;1.17
0.0;0.0;0.0;6.31;1.24
0.0;0.0;0.0;5.64;1.38
0.0;0.0;0.0;5.95;1.24
0.0;0.0;0.0;5.4;1.52
0.0;0.0;0.0;4.93;1.52
0.0;0.0;0.0;4.52;1.45
0.0;0.0;0.0;3.67;1.59
0.0;0.0;0.0;3.23;1.59
0.0;0.0;0.0;3.05;1.52
0.0;0.0;0.0;3.12;1.52
90.0;110.07;71.0;3.68;1.45
235.0;273.04;145.0;7.53;1.1
440.0;733.62;107.0;9.81;1.17
532.0;750.44;129.0;11.09;2.07
530.0;580.89;197.0;11.64;2.41
524.0;614.09;180.0;11.67;2.41
360.0;242.65;239.0;11.68;2.48
252.0;167.98;186.0;11.5;2.34
167.0;243.88;106.0;11.04;2.07
35.0;112.45;26.0;10.61;1.72
0.0;0.0;0.0;9.54;1.52
0.0;0.0;0.0;8.24;1.52
0.0;0.0;0.0;7.8;1.72
0.0;0.0;0.0;7.08;1.79
0.0;0.0;0.0;6.5;1.93
0.0;0.0;0.0;6.41;1.93
0.0;0.0;0.0;5.98;2.07
0.0;0.0;0.0;5.72;2.14
0.0;0.0;0.0;5.65;2.14
0.0;0.0;0.0;5.7;2.21
0.0;0.0;0.0;5.87;2.28
0.0;0.0;0.0;5.84;2.41
0.0;0.0;0.0;5.88;2.41
0.0;0.0;0.0;5.62;2.55
81.0;62.15;70.0;6.28;2.48
142.0;23.94;134.0;8.15;2.34
273.0;111.19;222.0;9.99;3.52
225.0;12.92;218.0;11.19;4.97
127.0;0.0;127.0;11.62;4.69
142.0;0.0;142.0;12.03;4.34
113.0;0.0;113.0;12.09;4.14
91.0;0.0;91.0;12.22;4.0
134.0;94.29;110.0;11.98;3.38
48.0;261.3;26.0;11.24;2.55
0.0;0.0;0.0;10.38;2.28
0.0;0.0;0.0;9.71;2.07
0.0;0.0;0.0;8.98;2.07
0.0;0.0;0.0;8.69;2.07
0.0;0.0;0.0;8.44;2.14
0.0;0.0;0.0;8.16;2.28
0.0;0.0;0.0;7.71;2.34
0.0;0.0;0.0;7.6;2.48
0.0;0.0;0.0;7.5;2.69
0.0;0.0;0.0;7.31;2.83
0.0;0.0;0.0;7.36;2.9
0.0;0.0;0.0;7.08;2.97
0.0;0.0;0.0;7.1;3.03
0.0;0.0;0.0;7.12;3.1
28.0;0.0;28.0;8.49;3.79
170.0;59.02;150.0;9.37;4.07
282.0;125.15;224.0;10.41;3.79
293.0;62.19;259.0;11.24;4.0
73.0;0.0;73.0;11.1;4.21
335.0;96.51;280.0;11.14;3.79
0.0;0.0;0.0;10.82;3.17
84.0;0.0;84.0;10.62;2.76
0.0;0.0;0.0;10.44;2.69
50.0;260.32;27.0;10.42;2.07
0.0;0.0;0.0;9.41;2.07
0.0;0.0;0.0;8.29;2.07
0.0;0.0;0.0;8.51;1.66
0.0;0.0;0.0;6.88;1.79
0.0;0.0;0.0;5.76;1.86
0.0;0.0;0.0;5.37;2.0
0.0;0.0;0.0;4.64;2.07
0.0;0.0;0.0;4.54;2.14
0.0;0.0;0.0;4.45;2.14
0.0;0.0;0.0;4.37;2.21
0.0;0.0;0.0;4.03;2.34
0.0;0.0;0.0;4.01;2.34
0.0;0.0;0.0;4.07;2.34
0.0;0.0;0.0;4.02;2.41
131.0;328.06;70.0;5.01;2.28
334.0;768.45;70.0;7.99;2.21
466.0;783.71;99.0;11.16;2.28
559.0;804.85;115.0;13.59;2.41
606.0;836.76;114.0;15.32;2.55
599.0;864.68;102.0;16.31;2.14
518.0;807.08;104.0;16.79;1.59
364.0;580.25;128.0;16.97;1.17
228.0;603.84;69.0;16.63;0.83
57.0;324.29;27.0;15.2;0.97
0.0;0.0;0.0;12.85;1.1
0.0;0.0;0.0;11.02;1.31
0.0;0.0;0.0;9.67;1.79
0.0;0.0;0.0;8.55;2.28
0.0;0.0;0.0;7.67;2.48
0.0;0.0;0.0;7.05;2.55
0.0;0.0;0.0;6.34;2.55
0.0;0.0;0.0;5.93;2.48
0.0;0.0;0.0;5.55;2.34
0.0;0.0;0.0;5.15;2.28
0.0;0.0;0.0;5.01;2.07
0.0;0.0;0.0;4.9;2.0
0.0;0.0;0.0;4.56;2.0
0.0;0.0;0.0;4.28;1.93
156.0;519.61;57.0;4.52;2.07
326.0;666.07;94.0;6.55;2.07
480.0;803.08;100.0;8.99;1.79
582.0;847.98;110.0;11.1;1.17
616.0;819.64;130.0;12.46;0.48
619.0;895.32;100.0;13.25;0.55
533.0;826.67;105.0;13.58;1.24
405.0;760.94;92.0;13.71;1.66
239.0;627.54;71.0;13.49;1.72
62.0;341.37;29.0;12.47;1.93
0.0;0.0;0.0;10.89;1.72
0.0;0.0;0.0;9.39;0.97
0.0;0.0;0.0;9.79;0.21
0.0;0.0;0.0;8.64;0.83
0.0;0.0;0.0;6.41;1.17
0.0;0.0;0.0;4.65;1.52
0.0;0.0;0.0;4.05;1.79
0.0;0.0;0.0;3.77;1.79
0.0;0.0;0.0;3.39;1.79
0.0;0.0;0.0;3.47;1.72
0.0;0.0;0.0;3.42;1.72
0.0;0.0;0.0;3.28;1.72
0.0;0.0;0.0;3.14;1.72
0.0;0.0;0.0;2.87;1.72
104.0;107.6;83.0;2.93;1.45
290.0;430.44;138.0;5.41;1.1
448.0;621.2;151.0;8.41;0.76
564.0;751.42;142.0;10.37;0.21
620.0;827.86;125.0;11.45;1.31
584.0;733.84;155.0;11.9;1.79
439.0;411.46;224.0;12.14;2.0
361.0;497.67;154.0;11.66;2.21
223.0;474.08;94.0;11.43;2.07
66.0;357.07;30.0;10.82;1.59
0.0;0.0;0.0;9.72;1.38
0.0;0.0;0.0;8.27;1.03
0.0;0.0;0.0;8.33;0.83
0.0;0.0;0.0;8.29;0.62
0.0;0.0;0.0;7.65;0.9
0.0;0.0;0.0;5.98;1.17
0.0;0.0;0.0;4.79;1.45
0.0;0.0;0.0;3.79;1.59
0.0;0.0;0.0;3.07;1.66
0.0;0.0;0.0;2.68;1.72
0.0;0.0;0.0;2.27;1.79
0.0;0.0;0.0;1.96;1.72
0.0;0.0;0.0;2.01;1.66
0.0;0.0;0.0;1.83;1.66
161.0;500.28;61.0;2.3;1.24
331.0;648.05;99.0;6.78;0.69
487.0;796.96;102.0;9.47;0.48
585.0;827.7;116.0;10.73;1.24
629.0;844.21;120.0;11.45;1.52
591.0;746.37;151.0;12.0;1.72
437.0;390.66;231.0;12.11;2.0
269.0;154.56;204.0;11.97;2.34
209.0;358.06;110.0;11.27;2.69
69.0;362.01;31.0;10.58;2.0
0.0;0.0;0.0;9.61;1.31
0.0;0.0;0.0;8.55;0.83
0.0;0.0;0.0;8.87;0.48
0.0;0.0;0.0;8.13;0.76
0.0;0.0;0.0;6.9;1.1
0.0;0.0;0.0;5.88;1.38
0.0;0.0;0.0;5.41;1.52
0.0;0.0;0.0;5.48;1.59
0.0;0.0;0.0;5.17;1.79
0.0;0.0;0.0;5.05;1.79
0.0;0.0;0.0;5.2;1.86
0.0;0.0;0.0;5.02;1.93
0.0;0.0;0.0;4.96;2.0
0.0;0.0;0.0;4.51;2.07
117.0;141.7;88.0;5.45;1.93
309.0;501.49;127.0;7.67;2.07
405.0;411.8;204.0;9.36;3.1
425.0;257.14;278.0;10.27;4.69
292.0;31.25;273.0;10.34;4.97
142.0;0.0;142.0;10.25;4.55
127.0;0.0;127.0;10.07;4.55
188.0;25.87;177.0;9.51;3.79
125.0;35.6;115.0;9.42;4.21
42.0;45.82;37.0;8.91;3.93
0.0;0.0;0.0;8.03;4.0
0.0;0.0;0.0;7.62;4.55
0.0;0.0;0.0;7.89;4.76
0.0;0.0;0.0;7.82;4.97
0.0;0.0;0.0;7.9;4.97
0.0;0.0;0.0;8.13;4.76
0.0;0.0;0.0;8.44;4.62
0.0;0.0;0.0;8.43;4.21
0.0;0.0;0.0;8.25;3.86
0.0;0.0;0.0;8.14;3.38
0.0;0.0;0.0;8.07;2.62
0.0;0.0;0.0;8.08;2.14
0.0;0.0;0.0;7.97;2.0
3.0;0.0;3.0;7.81;2.07
69.0;9.55;67.0;8.22;2.28
129.0;5.44;127.0;8.89;1.86
237.0;38.53;218.0;9.6;1.59
425.0;258.34;276.0;10.75;1.52
594.0;698.21;166.0;11.73;1.24
565.0;638.98;182.0;12.5;1.38
370.0;203.02;261.0;12.56;1.79
220.0;60.5;194.0;12.55;2.07
22.0;0.0;22.0;12.26;2.14
14.0;0.0;14.0;11.74;2.07
0.0;0.0;0.0;10.98;1.86
0.0;0.0;0.0;10.02;2.0
0.0;0.0;0.0;9.46;2.34
0.0;0.0;0.0;8.77;2.34
0.0;0.0;0.0;8.21;2.28
0.0;0.0;0.0;8.07;2.34
0.0;0.0;0.0;7.8;2.34
0.0;0.0;0.0;7.24;2.21
0.0;0.0;0.0;7.08;2.07
0.0;0.0;0.0;6.99;2.0
0.0;0.0;0.0;7.25;1.79
0.0;0.0;0.0;7.29;1.79
0.0;0.0;0.0;6.87;1.86
7.0;0.0;7.0;6.91;1.66
174.0;531.74;60.0;6.22;1.45
324.0;549.73;119.0;8.78;0.97
446.0;555.95;169.0;11.0;0.83
600.0;852.44;104.0;12.47;0.97
633.0;834.89;117.0;13.13;0.62
620.0;838.93;113.0;14.33;0.34
381.0;219.69;262.0;15.03;1.45
382.0;547.97;144.0;14.73;2.69
246.0;559.38;84.0;13.71;2.97
77.0;349.3;36.0;12.95;2.34
0.0;0.0;0.0;12.16;1.52
0.0;0.0;0.0;11.24;0.76
0.0;0.0;0.0;10.68;0.76
0.0;0.0;0.0;9.93;1.03
0.0;0.0;0.0;9.48;1.24
0.0;0.0;0.0;9.45;0.97
0.0;0.0;0.0;9.33;0.83
0.0;0.0;0.0;8.8;1.03
0.0;0.0;0.0;8.4;1.38
0.0;0.0;0.0;8.66;1.59
0.0;0.0;0.0;8.81;1.86
0.0;0.0;0.0;8.36;2.14
0.0;0.0;0.0;8.44;2.34
7.0;0.0;7.0;8.51;2.55
166.0;410.33;76.0;9.16;2.28
282.0;314.83;163.0;10.28;2.55
199.0;9.93;194.0;11.06;2.97
318.0;64.74;280.0;11.48;3.1
94.0;0.0;94.0;11.59;2.97
419.0;188.75;304.0;12.19;2.69
115.0;0.0;115.0;12.64;2.62
439.0;820.23;79.0;12.77;2.76
159.0;98.65;130.0;12.28;2.48
47.0;41.15;42.0;10.99;2.34
0.0;0.0;0.0;10.43;1.79
0.0;0.0;0.0;9.78;1.59
0.0;0.0;0.0;9.16;1.72
0.0;0.0;0.0;8.56;1.79
0.0;0.0;0.0;7.81;1.86
0.0;0.0;0.0;7.09;1.93
0.0;0.0;0.0;6.45;1.86
0.0;0.0;0.0;6.17;1.86
0.0;0.0;0.0;6.05;1.93
0.0;0.0;0.0;5.75;2.14
0.0;0.0;0.0;5.89;2.28
0.0;0.0;0.0;6.03;2.28
0.0;0.0;0.0;5.98;2.21
9.0;0.0;9.0;5.97;2.14
66.0;4.46;65.0;6.73;1.72
237.0;148.79;180.0;8.59;1.24
452.0;536.85;179.0;10.2;1.03
341.0;86.13;290.0;11.42;1.03
156.0;0.0;156.0;12.25;1.59
56.0;0.0;56.0;12.81;2.34
97.0;0.0;97.0;13.23;2.69
204.0;33.82;189.0;12.63;2.62
187.0;181.03;133.0;12.52;2.62
45.0;31.85;41.0;11.84;2.76
0.0;0.0;0.0;10.56;2.69
0.0;0.0;0.0;9.65;2.55
0.0;0.0;0.0;9.18;1.59
0.0;0.0;0.0;8.64;1.52
0.0;0.0;0.0;8.15;1.45
0.0;0.0;0.0;7.84;1.38
0.0;0.0;0.0;7.8;1.24
0.0;0.0;0.0;7.76;1.24
0.0;0.0;0.0;7.83;1.38
0.0;0.0;0.0;7.78;1.66
0.0;0.0;0.0;7.58;1.86
0.0;0.0;0.0;7.13;2.07
0.0;0.0;0.0;6.6;2.21
13.0;0.0;13.0;6.3;2.28
176.0;418.51;80.0;6.5;1.79
131.0;2.58;130.0;7.81;1.86
336.0;161.57;253.0;9.8;2.0
613.0;833.78;115.0;11.46;1.66
571.0;524.28;239.0;12.83;1.17
539.0;465.14;251.0;13.48;0.97
438.0;332.74;253.0;13.97;0.83
55.0;0.0;55.0;14.01;0.69
98.0;3.3;97.0;13.83;1.03
67.0;138.78;49.0;12.86;0.97
0.0;0.0;0.0;11.24;1.17
0.0;0.0;0.0;9.87;0.76
0.0;0.0;0.0;8.76;1.17
0.0;0.0;0.0;6.67;1.72
0.0;0.0;0.0;5.61;1.93
0.0;0.0;0.0;4.91;2.0
0.0;0.0;0.0;4.6;2.0
0.0;0.0;0.0;4.21;2.14
0.0;0.0;0.0;3.99;2.14
0.0;0.0;0.0;3.65;2.14
0.0;0.0;0.0;3.27;2.07
0.0;0.0;0.0;2.97;2.0
0.0;0.0;0.0;2.62;1.93
15.0;0.0;15.0;2.24;1.93
201.0;592.79;62.0;3.65;1.66
374.0;714.27;93.0;6.98;1.38
532.0;838.29;97.0;9.8;0.97
631.0;868.12;108.0;11.88;0.76
675.0;885.12;110.0;13.26;1.24
650.0;854.02;117.0;14.07;1.93
579.0;847.09;104.0;14.34;2.14
451.0;795.47;91.0;14.33;2.0
283.0;687.44;72.0;14.01;2.07
97.0;441.0;38.0;13.05;2.14
0.0;0.0;0.0;11.45;2.07
0.0;0.0;0.0;10.23;1.45
0.0;0.0;0.0;10.39;0.76
0.0;0.0;0.0;9.39;1.03
0.0;0.0;0.0;8.35;1.17
0.0;0.0;0.0;7.25;1.38
0.0;0.0;0.0;6.07;1.59
0.0;0.0;0.0;5.14;1.72
0.0;0.0;0.0;4.6;1.79
0.0;0.0;0.0;4.28;1.79
0.0;0.0;0.0;4.03;1.86
0.0;0.0;0.0;3.85;1.79
0.0;0.0;0.0;3.72;1.79
13.0;0.0;13.0;3.7;1.86
201.0;559.2;67.0;4.83;1.52
362.0;612.11;118.0;8.19;1.24
528.0;803.22;107.0;11.07;0.76
631.0;855.77;111.0;12.65;0.48
606.0;604.59;217.0;13.48;1.31
540.0;437.18;265.0;13.87;1.93
523.0;590.65;189.0;13.89;2.0
348.0;310.66;206.0;13.84;1.86
283.0;668.32;75.0;13.48;1.59
103.0;478.75;37.0;10.28;0.51
0.0;0.0;0.0;10.35;0.67
0.0;0.0;0.0;10.43;0.82
0.0;0.0;0.0;10.5;0.97
0.0;0.0;0.0;10.57;1.12
0.0;0.0;0.0;10.64;1.28
0.0;0.0;0.0;10.72;1.43
0.0;0.0;0.0;10.79;1.58
0.0;0.0;0.0;10.86;1.74
0.0;0.0;0.0;10.94;1.89
0.0;0.0;0.0;11.01;2.04
0.0;0.0;0.0;11.08;2.19
0.0;0.0;0.0;11.16;2.35
0.0;0.0;0.0;11.23;2.5
19.0;31.71;17.0;11.3;2.65
111.0;49.02;99.0;11.38;2.81
168.0;19.81;160.0;12.87;3.03
219.0;15.11;211.0;13.8;3.45
344.0;75.06;298.0;14.13;3.17
496.0;282.19;313.0;14.79;3.31
427.0;170.36;319.0;15.29;3.72
410.0;231.49;278.0;15.14;3.66
324.0;231.81;217.0;14.62;3.24
184.0;129.95;143.0;14.43;2.9
83.0;204.35;54.0;13.91;2.55
0.0;0.0;0.0;13.01;2.21
0.0;0.0;0.0;12.12;2.34
0.0;0.0;0.0;12.14;2.55
0.0;0.0;0.0;11.87;2.48
0.0;0.0;0.0;11.49;2.55
0.0;0.0;0.0;11.44;2.69
0.0;0.0;0.0;11.47;2.76
0.0;0.0;0.0;11.41;2.55
0.0;0.0;0.0;11.3;2.62
0.0;0.0;0.0;11.26;2.62
0.0;0.0;0.0;11.16;2.76
0.0;0.0;0.0;11.23;2.69
0.0;0.0;0.0;11.34;2.62
19.0;14.67;18.0;11.14;2.62
107.0;35.99;98.0;12.06;2.62
153.0;9.78;149.0;13.36;3.72
207.0;9.35;202.0;14.59;4.14
147.0;0.0;147.0;15.28;4.48
249.0;6.12;245.0;15.78;4.9
136.0;0.0;136.0;16.32;5.03
271.0;31.31;253.0;16.41;4.62
274.0;111.57;222.0;16.22;3.93
158.0;62.55;138.0;15.88;2.9
66.0;75.36;55.0;15.25;1.79
0.0;0.0;0.0;14.17;1.1
0.0;0.0;0.0;12.99;0.97
0.0;0.0;0.0;12.45;1.79
0.0;0.0;0.0;11.97;1.59
0.0;0.0;0.0;11.63;1.66
0.0;0.0;0.0;10.95;1.79
0.0;0.0;0.0;10.38;1.79
0.0;0.0;0.0;10.35;1.79
0.0;0.0;0.0;9.6;1.86
0.0;0.0;0.0;9.07;1.72
0.0;0.0;0.0;8.4;1.79
0.0;0.0;0.0;7.99;1.79
0.0;0.0;0.0;7.84;1.93
14.0;0.0;14.0;7.94;1.86
129.0;82.25;108.0;10.2;1.59
269.0;180.96;194.0;12.09;2.0
433.0;370.41;233.0;13.41;3.1
198.0;0.0;198.0;14.59;3.45
264.0;9.11;258.0;15.23;3.66
128.0;0.0;128.0;15.75;3.72
220.0;6.9;216.0;15.53;3.79
247.0;65.88;216.0;15.36;3.59
103.0;3.09;102.0;15.11;3.59
52.0;20.0;49.0;14.5;3.1
0.0;0.0;0.0;13.89;2.69
0.0;0.0;0.0;13.33;2.48
0.0;0.0;0.0;13.18;2.0
0.0;0.0;0.0;12.92;2.0
0.0;0.0;0.0;12.55;1.93
0.0;0.0;0.0;12.29;1.72
0.0;0.0;0.0;11.58;1.72
0.0;0.0;0.0;10.66;1.79
0.0;0.0;0.0;9.76;1.86
0.0;0.0;0.0;9.26;1.79
0.0;0.0;0.0;8.57;1.79
0.0;0.0;0.0;8.1;1.72
0.0;0.0;0.0;7.64;1.72
31.0;76.36;25.0;7.22;1.66
212.0;498.84;82.0;8.76;1.38
390.0;669.4;109.0;12.32;1.1
530.0;722.62;136.0;15.24;0.9
631.0;779.71;141.0;17.11;1.1
669.0;780.46;151.0;18.23;1.17
648.0;758.5;156.0;18.91;1.17
572.0;727.39;147.0;19.15;1.59
445.0;667.39;128.0;18.9;2.07
282.0;560.59;98.0;18.0;2.62
105.0;344.17;52.0;16.47;2.48
0.0;0.0;0.0;14.88;1.59
0.0;0.0;0.0;13.87;1.17
0.0;0.0;0.0;13.01;0.97
0.0;0.0;0.0;12.25;1.1
0.0;0.0;0.0;11.85;1.1
0.0;0.0;0.0;11.11;1.24
0.0;0.0;0.0;10.08;1.45
0.0;0.0;0.0;9.42;1.52
0.0;0.0;0.0;8.8;1.59
0.0;0.0;0.0;8.37;1.66
0.0;0.0;0.0;8.17;1.66
0.0;0.0;0.0;7.93;1.72
0.0;0.0;0.0;7.56;1.79
31.0;47.72;27.0;7.38;1.79
144.0;105.29;116.0;9.07;1.52
279.0;185.83;200.0;11.84;1.38
529.0;697.49;145.0;14.65;1.52
633.0;765.42;148.0;16.3;2.21
642.0;657.93;202.0;17.31;2.55
624.0;651.86;198.0;17.88;2.48
545.0;601.09;191.0;18.04;2.34
398.0;435.95;189.0;18.0;2.34
260.0;400.09;127.0;17.42;2.28
99.0;259.52;58.0;16.36;1.93
0.0;0.0;0.0;14.92;1.79
0.0;0.0;0.0;13.58;1.52
0.0;0.0;0.0;12.63;1.17
0.0;0.0;0.0;11.77;0.9
0.0;0.0;0.0;11.74;0.69
0.0;0.0;0.0;9.99;1.24
0.0;0.0;0.0;9.03;1.66
0.0;0.0;0.0;8.47;1.52
0.0;0.0;0.0;7.95;1.52
0.0;0.0;0.0;7.63;1.52
0.0;0.0;0.0;7.35;1.59
0.0;0.0;0.0;7.07;1.66
0.0;0.0;0.0;6.86;1.72
26.0;11.22;25.0;6.79;1.72
137.0;77.4;116.0;8.65;1.17
328.0;329.86;186.0;12.92;1.17
534.0;698.02;146.0;15.62;1.66
645.0;793.62;138.0;17.05;2.76
687.0;810.32;141.0;18.02;3.72
557.0;420.74;280.0;18.63;4.9
581.0;729.5;148.0;18.33;5.45
402.0;436.12;191.0;17.31;5.38
115.0;5.94;113.0;16.22;4.62
118.0;413.69;51.0;15.43;3.72
0.0;0.0;0.0;14.39;3.31
0.0;0.0;0.0;13.57;3.17
0.0;0.0;0.0;13.32;3.45
0.0;0.0;0.0;13.21;3.17
0.0;0.0;0.0;12.98;3.38
0.0;0.0;0.0;12.66;3.45
0.0;0.0;0.0;12.42;3.52
0.0;0.0;0.0;12.17;3.52
0.0;0.0;0.0;11.99;3.52
0.0;0.0;0.0;11.52;3.17
0.0;0.0;0.0;11.38;3.38
0.0;0.0;0.0;11.02;3.17
0.0;0.0;0.0;10.73;2.97
33.0;31.76;30.0;11.0;3.17
117.0;32.53;108.0;11.24;2.0
182.0;20.65;173.0;11.75;2.34
336.0;110.48;274.0;11.93;2.34
337.0;52.79;303.0;12.6;2.62
366.0;60.4;325.0;13.04;3.31
284.0;15.08;274.0;12.52;3.17
254.0;16.72;244.0;12.56;2.69
234.0;40.97;214.0;12.67;2.28
148.0;32.28;137.0;12.14;1.86
24.0;0.0;24.0;11.73;1.59
0.0;0.0;0.0;11.15;1.59
0.0;0.0;0.0;10.64;1.66
0.0;0.0;0.0;10.34;1.24
0.0;0.0;0.0;9.97;1.45
0.0;0.0;0.0;9.78;1.66
0.0;0.0;0.0;9.25;1.79
0.0;0.0;0.0;8.79;1.86
0.0;0.0;0.0;8.6;1.93
0.0;0.0;0.0;7.77;2.0
0.0;0.0;0.0;7.57;1.93
0.0;0.0;0.0;7.24;2.0
0.0;0.0;0.0;6.73;2.0
0.0;0.0;0.0;6.44;1.93
37.0;50.08;32.0;6.14;1.93
101.0;10.63;98.0;8.0;1.79
249.0;92.91;208.0;10.24;1.52
231.0;12.36;224.0;12.54;1.17
293.0;21.56;279.0;14.02;0.9
417.0;106.75;344.0;15.43;0.34
464.0;191.62;336.0;15.93;0.83
528.0;484.46;236.0;16.55;2.0
299.0;123.85;238.0;16.69;2.97
203.0;130.48;158.0;16.63;3.38
130.0;459.23;52.0;16.05;2.97
0.0;0.0;0.0;14.63;2.48
0.0;0.0;0.0;13.25;2.21
0.0;0.0;0.0;12.21;1.86
0.0;0.0;0.0;11.1;1.93
0.0;0.0;0.0;10.38;2.07
0.0;0.0;0.0;9.54;2.21
0.0;0.0;0.0;8.94;2.34
0.0;0.0;0.0;8.55;2.41
0.0;0.0;0.0;8.13;2.48
0.0;0.0;0.0;7.69;2.48
0.0;0.0;0.0;7.12;2.48
0.0;0.0;0.0;6.58;2.41
0.0;0.0;0.0;6.24;2.34
49.0;104.52;38.0;6.09;2.34
235.0;483.41;96.0;7.81;2.21
423.0;689.53;115.0;10.75;1.93
570.0;762.49;134.0;13.74;2.0
668.0;802.25;143.0;15.63;2.14
722.0;853.6;134.0;16.79;2.14
679.0;764.0;165.0;17.44;2.0
472.0;307.93;285.0;17.84;2.0
488.0;752.75;114.0;17.96;2.14
172.0;57.31;152.0;17.49;2.0
122.0;351.05;61.0;16.53;1.86
0.0;0.0;0.0;14.92;2.14
0.0;0.0;0.0;13.3;2.34
0.0;0.0;0.0;12.57;2.48
0.0;0.0;0.0;11.5;2.55
0.0;0.0;0.0;10.43;2.48
0.0;0.0;0.0;9.47;2.34
0.0;0.0;0.0;8.66;2.28
0.0;0.0;0.0;8.03;2.14
0.0;0.0;0.0;7.42;2.21
0.0;0.0;0.0;7.29;2.14
0.0;0.0;0.0;7.03;2.07
0.0;0.0;0.0;6.64;2.0
0.0;0.0;0.0;6.21;2.0
74.0;352.39;35.0;6.11;1.93
264.0;641.65;76.0;7.45;2.14
451.0;789.66;94.0;9.71;2.21
440.0;292.83;271.0;12.28;2.34
328.0;37.9;303.0;14.1;2.41
563.0;348.79;321.0;15.39;2.41
495.0;233.2;337.0;16.02;2.55
518.0;426.61;257.0;16.39;2.62
458.0;594.65;160.0;15.82;2.62
305.0;546.66;112.0;14.93;2.83
86.0;90.06;70.0;13.82;3.24
0.0;0.0;0.0;12.57;3.31
0.0;0.0;0.0;11.45;3.24
0.0;0.0;0.0;10.9;2.62
0.0;0.0;0.0;10.45;2.48
0.0;0.0;0.0;10.0;2.41
0.0;0.0;0.0;9.63;2.41
0.0;0.0;0.0;9.34;2.62
0.0;0.0;0.0;9.17;2.9
0.0;0.0;0.0;8.88;2.83
0.0;0.0;0.0;8.76;2.69
0.0;0.0;0.0;8.64;2.69
0.0;0.0;0.0;8.59;2.76
0.0;0.0;0.0;8.45;2.76
48.0;60.28;41.0;8.44;2.69
128.0;33.5;118.0;9.44;2.0
197.0;21.86;187.0;10.6;2.0
189.0;1.72;188.0;11.8;2.0
207.0;0.0;207.0;12.87;1.93
693.0;722.69;188.0;13.86;2.07
685.0;760.71;166.0;14.78;2.28
480.0;314.78;286.0;15.65;2.41
423.0;439.26;201.0;16.08;2.41
278.0;383.64;141.0;15.99;2.34
130.0;380.09;61.0;15.24;1.86
0.0;0.0;0.0;13.79;2.07
0.0;0.0;0.0;11.93;2.28
0.0;0.0;0.0;11.17;2.21
0.0;0.0;0.0;10.15;2.34
0.0;0.0;0.0;9.32;2.48
0.0;0.0;0.0;8.66;2.48
0.0;0.0;0.0;7.98;2.41
0.0;0.0;0.0;7.54;2.34
0.0;0.0;0.0;7.21;2.28
0.0;0.0;0.0;6.83;2.21
0.0;0.0;0.0;6.25;2.21
0.0;0.0;0.0;5.84;2.14
0.0;0.0;0.0;5.48;2.14
56.0;90.45;45.0;5.4;2.07
218.0;296.1;128.0;7.3;2.07
408.0;540.03;158.0;10.22;2.0
537.0;569.97;202.0;13.08;1.93
676.0;773.29;158.0;15.15;1.66
728.0;831.31;143.0;16.61;1.38
688.0;749.68;173.0;17.59;1.38
563.0;546.11;224.0;18.11;1.45
487.0;694.63;133.0;18.29;1.24
257.0;271.37;159.0;17.55;1.66
113.0;210.37;74.0;16.93;1.72
0.0;0.0;0.0;15.47;1.38
0.0;0.0;0.0;13.83;0.76
0.0;0.0;0.0;13.03;0.9
0.0;0.0;0.0;10.79;1.45
0.0;0.0;0.0;9.47;1.66
0.0;0.0;0.0;8.54;1.66
0.0;0.0;0.0;8.05;1.72
0.0;0.0;0.0;7.66;1.79
0.0;0.0;0.0;7.18;1.79
0.0;0.0;0.0;6.57;1.86
0.0;0.0;0.0;6.09;1.93
0.0;0.0;0.0;5.75;2.0
0.0;0.0;0.0;5.47;2.0
75.0;228.12;46.0;5.32;1.86
264.0;533.21;99.0;7.41;1.45
450.0;710.98;117.0;11.09;1.1
597.0;779.03;135.0;14.06;0.76
704.0;841.5;136.0;15.88;0.34
745.0;856.6;138.0;16.95;0.28
732.0;871.86;129.0;17.63;0.69
646.0;830.15;127.0;17.93;1.1
505.0;747.34;121.0;17.85;1.59
349.0;725.78;84.0;17.31;1.86
110.0;169.11;78.0;16.35;1.79
0.0;0.0;0.0;14.77;1.52
0.0;0.0;0.0;12.95;0.97
0.0;0.0;0.0;13.19;0.34
0.0;0.0;0.0;12.41;0.76
0.0;0.0;0.0;9.74;1.31
0.0;0.0;0.0;7.77;1.52
0.0;0.0;0.0;6.82;1.52
0.0;0.0;0.0;6.08;1.52
0.0;0.0;0.0;5.61;1.59
0.0;0.0;0.0;5.27;1.59
0.0;0.0;0.0;4.99;1.66
0.0;0.0;0.0;4.72;1.66
0.0;0.0;0.0;4.49;1.72
79.0;226.16;49.0;4.54;1.59
267.0;530.24;100.0;7.52;1.17
451.0;692.29;123.0;12.3;0.9
596.0;760.45;141.0;15.1;0.62
705.0;836.66;136.0;16.63;0.9
750.0;861.96;135.0;17.54;1.24
737.0;877.54;126.0;18.08;1.59
654.0;846.59;121.0;18.19;2.07
512.0;764.49;116.0;17.94;2.34
335.0;639.4;99.0;17.14;2.97
146.0;435.15;62.0;15.92;2.41
0.0;0.0;0.0;14.5;1.31
0.0;0.0;0.0;13.4;0.48
0.0;0.0;0.0;12.47;0.9
0.0;0.0;0.0;11.58;1.1
0.0;0.0;0.0;10.45;1.38
0.0;0.0;0.0;9.15;1.86
0.0;0.0;0.0;8.34;1.86
0.0;0.0;0.0;7.86;1.79
0.0;0.0;0.0;7.45;1.79
0.0;0.0;0.0;7.17;1.79
0.0;0.0;0.0;6.85;1.86
0.0;0.0;0.0;6.59;1.86
0.0;0.0;0.0;6.34;1.86
82.0;224.32;51.0;6.44;1.72
270.0;518.0;104.0;8.89;1.31
454.0;682.38;127.0;13.3;0.9
602.0;762.1;142.0;16.13;0.28
711.0;839.22;136.0;17.57;0.76
756.0;864.5;135.0;18.41;1.52
742.0;880.33;125.0;18.84;2.07
659.0;848.65;121.0;18.72;2.41
514.0;754.6;120.0;18.22;3.17
338.0;632.65;102.0;17.46;3.17
149.0;431.85;64.0;16.44;2.34
0.0;0.0;0.0;15.12;1.31
0.0;0.0;0.0;14.41;0.48
0.0;0.0;0.0;13.68;0.62
0.0;0.0;0.0;13.25;0.55
0.0;0.0;0.0;12.81;0.48
0.0;0.0;0.0;12.26;0.62
0.0;0.0;0.0;10.79;1.03
0.0;0.0;0.0;8.55;1.45
0.0;0.0;0.0;7.21;1.52
0.0;0.0;0.0;6.54;1.59
0.0;0.0;0.0;6.04;1.52
0.0;0.0;0.0;5.69;1.59
0.0;0.0;0.0;5.37;1.59
84.0;201.74;55.0;5.32;1.45
270.0;490.83;110.0;8.94;0.76
454.0;656.19;136.0;13.22;0.48
604.0;747.31;149.0;15.3;0.41
716.0;837.43;138.0;16.65;0.83
760.0;862.88;136.0;17.67;1.45
746.0;878.88;126.0;18.27;1.86
666.0;858.57;118.0;18.42;2.14
520.0;765.82;117.0;18.09;2.48
341.0;634.04;102.0;17.28;2.83
150.0;418.76;66.0;16.07;2.62
0.0;0.0;0.0;14.68;1.72
0.0;0.0;0.0;13.46;1.1
0.0;0.0;0.0;12.39;0.97
0.0;0.0;0.0;12.1;0.69
0.0;0.0;0.0;11.87;0.62
0.0;0.0;0.0;11.52;0.76
0.0;0.0;0.0;10.6;0.9
0.0;0.0;0.0;9.71;0.97
0.0;0.0;0.0;8.75;1.03
0.0;0.0;0.0;8.11;1.1
0.0;0.0;0.0;7.59;1.17
0.0;0.0;0.0;7.0;1.31
0.0;0.0;0.0;6.76;1.38
79.0;140.64;58.0;6.76;1.24
262.0;416.3;124.0;10.82;0.48
453.0;630.59;144.0;12.29;0.55
604.0;731.17;155.0;13.85;0.28
719.0;837.13;137.0;15.41;0.9
763.0;861.33;136.0;16.37;1.59
749.0;877.49;126.0;16.86;2.14
665.0;845.05;122.0;17.15;2.55
521.0;754.29;121.0;16.95;2.76
346.0;643.34;101.0;16.35;2.76
156.0;445.34;65.0;15.38;2.55
0.0;0.0;0.0;14.22;1.93
0.0;0.0;0.0;12.85;1.45
0.0;0.0;0.0;12.14;1.17
0.0;0.0;0.0;11.58;0.83
0.0;0.0;0.0;11.73;0.48
0.0;0.0;0.0;11.64;0.0
0.0;0.0;0.0;11.34;0.28
0.0;0.0;0.0;10.94;0.48
0.0;0.0;0.0;10.69;0.48
0.0;0.0;0.0;10.34;0.41
0.0;0.0;0.0;9.55;0.55
0.0;0.0;0.0;8.78;0.83
0.0;0.0;0.0;8.54;1.03
73.0;83.93;60.0;8.18;1.1
275.0;451.03;123.0;10.0;1.1
462.0;639.88;145.0;11.87;0.9
618.0;755.7;150.0;13.63;0.9
698.0;729.76;187.0;14.97;1.79
724.0;701.52;210.0;15.84;2.55
671.0;590.64;249.0;16.23;3.1
614.0;632.33;205.0;16.04;3.24
508.0;671.87;149.0;15.56;3.31
317.0;449.72;144.0;14.88;3.24
92.0;52.87;81.0;14.01;2.97
0.0;0.0;0.0;13.04;2.41
0.0;0.0;0.0;12.11;2.34
0.0;0.0;0.0;11.52;2.34
0.0;0.0;0.0;11.67;2.55
0.0;0.0;0.0;11.46;2.9
0.0;0.0;0.0;10.94;2.9
0.0;0.0;0.0;10.79;2.9
0.0;0.0;0.0;10.98;3.17
0.0;0.0;0.0;10.81;3.03
0.0;0.0;0.0;10.54;3.72
0.0;0.0;0.0;10.4;3.38
0.0;0.0;0.0;10.52;3.38
0.0;0.0;0.0;10.77;3.24
56.0;18.7;53.0;11.14;3.38
243.0;280.28;147.0;11.67;4.21
350.0;229.64;235.0;12.82;4.34
117.0;0.0;117.0;12.68;4.41
107.0;0.0;107.0;12.78;4.55
209.0;0.0;209.0;12.61;4.69
179.0;0.0;179.0;12.89;4.9
252.0;7.68;247.0;14.19;5.52
113.0;0.0;113.0;13.52;5.93
70.0;0.0;70.0;12.9;6.41
50.0;0.0;50.0;12.27;6.55
0.0;0.0;0.0;11.86;7.31
0.0;0.0;0.0;11.11;5.93
0.0;0.0;0.0;9.84;4.41
0.0;0.0;0.0;9.24;3.31
0.0;0.0;0.0;9.08;2.62
0.0;0.0;0.0;8.71;3.17
0.0;0.0;0.0;8.68;4.0
0.0;0.0;0.0;8.68;4.41
0.0;0.0;0.0;8.24;4.28
0.0;0.0;0.0;8.28;3.93
0.0;0.0;0.0;8.19;3.45
0.0;0.0;0.0;7.8;3.45
0.0;0.0;0.0;7.29;4.0
88.0;126.47;67.0;6.98;4.14
155.0;31.61;144.0;7.94;3.66
431.0;452.45;202.0;8.71;4.21
668.0;884.63;111.0;8.27;5.45
400.0;70.41;350.0;8.79;5.24
547.0;230.43;376.0;9.03;5.66
188.0;0.0;188.0;9.35;5.66
281.0;15.26;271.0;8.95;5.24
233.0;18.44;223.0;8.47;4.76
59.0;0.0;59.0;6.72;4.0
70.0;9.28;68.0;6.35;2.76
0.0;0.0;0.0;5.7;2.14
0.0;0.0;0.0;5.76;1.66
0.0;0.0;0.0;5.07;2.14
0.0;0.0;0.0;4.96;2.34
0.0;0.0;0.0;4.76;2.28
0.0;0.0;0.0;4.43;2.28
0.0;0.0;0.0;4.58;2.48
0.0;0.0;0.0;4.69;2.48
0.0;0.0;0.0;4.66;2.28
0.0;0.0;0.0;4.67;2.14
0.0;0.0;0.0;4.4;2.21
0.0;0.0;0.0;3.98;2.14
0.0;0.0;0.0;3.44;2.07
63.0;23.31;59.0;3.46;2.0
172.0;53.75;153.0;5.11;2.0
442.0;482.92;195.0;6.63;2.21
562.0;489.94;251.0;8.1;2.14
570.0;320.27;341.0;9.13;2.07
485.0;136.6;383.0;9.83;1.66
512.0;193.75;371.0;10.56;1.52
624.0;615.76;218.0;10.7;2.0
320.0;98.86;266.0;10.5;2.41
336.0;492.35;141.0;9.54;1.72
135.0;196.26;92.0;8.67;0.28
0.0;0.0;0.0;7.8;1.38
0.0;0.0;0.0;6.69;1.66
0.0;0.0;0.0;6.42;1.66
0.0;0.0;0.0;5.7;1.72
0.0;0.0;0.0;4.88;1.86
0.0;0.0;0.0;4.07;1.72
0.0;0.0;0.0;3.32;1.72
0.0;0.0;0.0;2.78;1.86
0.0;0.0;0.0;2.67;1.86
0.0;0.0;0.0;2.31;1.93
0.0;0.0;0.0;2.03;2.0
0.0;0.0;0.0;1.76;1.93
0.0;0.0;0.0;1.46;1.93
60.0;11.29;58.0;2.0;1.79
57.0;0.0;57.0;4.79;1.86
155.0;0.0;155.0;7.63;2.0
300.0;28.13;282.0;9.77;1.86
345.0;29.17;324.0;10.96;1.45
621.0;362.03;349.0;11.82;0.9
669.0;527.27;283.0;12.86;1.31
324.0;34.67;301.0;12.96;2.07
247.0;23.63;234.0;11.17;3.31
174.0;27.51;163.0;9.88;3.17
92.0;35.92;84.0;9.62;2.97
6.0;0.0;6.0;9.17;3.24
0.0;0.0;0.0;8.41;3.52
0.0;0.0;0.0;7.66;3.66
0.0;0.0;0.0;6.78;3.52
0.0;0.0;0.0;5.98;3.31
0.0;0.0;0.0;5.41;3.24
0.0;0.0;0.0;4.94;3.17
0.0;0.0;0.0;4.6;3.17
0.0;0.0;0.0;4.17;3.03
0.0;0.0;0.0;3.8;3.03
0.0;0.0;0.0;3.47;3.03
0.0;0.0;0.0;3.24;3.03
0.0;0.0;0.0;2.95;2.9
136.0;415.81;60.0;3.16;2.62
340.0;675.02;94.0;4.97;2.34
524.0;783.42;115.0;7.49;2.76
670.0;835.72;131.0;9.67;2.76
777.0;894.16;129.0;11.33;2.48
816.0;906.22;131.0;12.63;2.55
783.0;874.55;139.0;13.36;3.52
678.0;774.53;161.0;13.26;4.14
426.0;301.46;259.0;12.66;4.14
303.0;309.8;178.0;12.5;4.0
138.0;185.56;96.0;11.87;3.45
7.0;0.0;7.0;10.74;3.24
0.0;0.0;0.0;9.63;2.9
0.0;0.0;0.0;8.95;1.93
0.0;0.0;0.0;7.94;1.17
0.0;0.0;0.0;8.11;0.83
0.0;0.0;0.0;8.01;0.83
0.0;0.0;0.0;7.02;1.1
0.0;0.0;0.0;5.95;1.52
0.0;0.0;0.0;5.57;1.72
0.0;0.0;0.0;5.56;1.86
0.0;0.0;0.0;5.58;1.72
0.0;0.0;0.0;5.61;1.59
0.0;0.0;0.0;5.4;1.59
25.0;0.0;25.0;5.55;1.38
92.0;0.0;92.0;7.5;1.31
111.0;0.0;111.0;9.09;1.86
146.0;0.0;146.0;10.2;2.76
239.0;1.37;238.0;11.0;3.52
276.0;2.63;274.0;11.33;4.07
133.0;0.0;133.0;11.07;4.41
220.0;1.49;219.0;11.22;4.14
255.0;26.89;240.0;11.16;3.86
148.0;7.37;145.0;10.85;3.52
83.0;17.4;79.0;10.16;2.41
9.0;0.0;9.0;9.54;1.86
0.0;0.0;0.0;8.96;1.93
0.0;0.0;0.0;8.36;2.21
0.0;0.0;0.0;7.72;2.48
0.0;0.0;0.0;7.42;2.62
0.0;0.0;0.0;6.82;2.41
0.0;0.0;0.0;6.38;2.14
0.0;0.0;0.0;5.8;2.07
0.0;0.0;0.0;5.62;1.79
0.0;0.0;0.0;5.12;1.79
0.0;0.0;0.0;4.63;1.59
0.0;0.0;0.0;4.65;1.38
0.0;0.0;0.0;4.75;1.24
32.0;0.0;32.0;5.14;0.97
67.0;0.0;67.0;6.09;1.31
532.0;783.0;115.0;7.6;1.1
701.0;912.99;103.0;8.97;1.03
563.0;277.84;359.0;10.18;1.72
470.0;107.21;388.0;10.96;2.0
623.0;385.32;336.0;11.93;2.41
664.0;707.63;186.0;12.2;2.76
554.0;753.26;131.0;11.97;2.69
382.0;671.86;106.0;11.29;2.83
173.0;381.17;84.0;10.81;2.21
14.0;95.88;10.0;10.06;1.31
0.0;0.0;0.0;8.91;1.59
0.0;0.0;0.0;8.43;1.24
0.0;0.0;0.0;7.78;1.38
0.0;0.0;0.0;7.2;1.38
0.0;0.0;0.0;6.62;1.38
0.0;0.0;0.0;5.53;1.66
0.0;0.0;0.0;4.43;1.86
0.0;0.0;0.0;4.29;1.79
0.0;0.0;0.0;3.84;1.79
0.0;0.0;0.0;3.32;1.86
0.0;0.0;0.0;2.68;1.86
0.0;0.0;0.0;2.29;1.79
150.0;421.2;66.0;2.49;1.59
352.0;664.58;99.0;5.64;1.31
537.0;779.15;118.0;9.42;1.03
681.0;830.36;133.0;11.54;0.41
786.0;887.77;130.0;12.54;0.69
789.0;786.43;184.0;12.97;0.62
777.0;825.09;159.0;13.53;0.83
659.0;671.16;203.0;13.91;1.31
426.0;284.8;265.0;14.21;1.79
60.0;0.0;60.0;13.53;2.0
104.0;46.41;93.0;12.53;1.59
4.0;0.0;4.0;11.77;0.97
0.0;0.0;0.0;10.56;0.83
0.0;0.0;0.0;9.62;0.69
0.0;0.0;0.0;8.6;0.9
0.0;0.0;0.0;7.6;1.03
0.0;0.0;0.0;6.37;1.24
0.0;0.0;0.0;5.22;1.38
0.0;0.0;0.0;4.52;1.45
0.0;0.0;0.0;4.01;1.52
0.0;0.0;0.0;3.26;1.45
0.0;0.0;0.0;2.91;1.45
0.0;0.0;0.0;2.62;1.59
0.0;0.0;0.0;2.21;1.66
136.0;273.24;80.0;3.23;1.24
354.0;655.34;101.0;7.6;0.9
538.0;766.2;122.0;10.28;0.41
680.0;816.69;137.0;11.95;0.34
780.0;860.7;140.0;13.05;0.76
747.0;643.68;249.0;13.83;1.38
212.0;0.0;212.0;14.27;2.48
69.0;0.0;69.0;14.32;3.31
54.0;0.0;54.0;13.83;2.55
253.0;133.98;197.0;13.17;2.21
43.0;0.0;43.0;11.7;1.59
9.0;0.0;9.0;10.65;0.97
0.0;0.0;0.0;9.84;1.03
0.0;0.0;0.0;8.61;0.97
0.0;0.0;0.0;7.06;1.24
0.0;0.0;0.0;5.55;1.52
0.0;0.0;0.0;4.53;1.59
0.0;0.0;0.0;4.02;1.59
0.0;0.0;0.0;3.6;1.72
0.0;0.0;0.0;3.71;1.79
0.0;0.0;0.0;3.6;1.79
0.0;0.0;0.0;3.68;1.72
0.0;0.0;0.0;3.53;1.79
0.0;0.0;0.0;3.38;1.86
152.0;361.14;76.0;3.96;1.66
325.0;470.1;141.0;7.4;1.38
264.0;38.32;243.0;10.02;1.17
426.0;134.38;336.0;12.18;1.1
699.0;582.74;263.0;13.17;1.52
438.0;70.69;383.0;13.7;2.34
245.0;0.0;245.0;13.5;2.34
107.0;0.0;107.0;13.63;2.28
71.0;0.0;71.0;13.54;2.41
204.0;47.45;184.0;12.95;2.07
104.0;36.88;95.0;12.49;1.31
13.0;19.11;12.0;11.91;0.69
0.0;0.0;0.0;11.09;1.03
0.0;0.0;0.0;9.78;1.17
0.0;0.0;0.0;8.56;1.45
0.0;0.0;0.0;8.1;1.66
0.0;0.0;0.0;7.61;1.93
0.0;0.0;0.0;7.48;1.93
0.0;0.0;0.0;7.7;1.93
0.0;0.0;0.0;7.9;2.14
0.0;0.0;0.0;7.88;2.21
0.0;0.0;0.0;7.79;2.0
0.0;0.0;0.0;7.5;1.86
0.0;0.0;0.0;7.49;2.07
134.0;213.04;88.0;7.69;2.0
169.0;25.21;159.0;9.74;1.93
339.0;128.35;268.0;12.64;1.86
241.0;2.96;239.0;14.77;1.79
419.0;69.08;367.0;16.09;1.52
296.0;5.11;292.0;16.18;1.24
270.0;2.63;268.0;16.24;0.83
281.0;10.13;274.0;16.62;1.31
281.0;39.91;258.0;16.3;1.52
196.0;37.64;180.0;15.42;1.45
70.0;4.04;69.0;14.73;0.69
11.0;0.0;11.0;13.99;0.55
0.0;0.0;0.0;13.04;1.31
0.0;0.0;0.0;12.54;0.97
0.0;0.0;0.0;11.32;1.17
0.0;0.0;0.0;10.29;1.24
0.0;0.0;0.0;9.48;1.24
0.0;0.0;0.0;8.68;1.38
0.0;0.0;0.0;8.23;1.66
0.0;0.0;0.0;7.94;1.66
0.0;0.0;0.0;6.98;1.72
0.0;0.0;0.0;6.89;1.79
0.0;0.0;0.0;6.77;1.79
3.0;0.0;3.0;6.78;1.86
79.0;18.07;75.0;7.48;1.66
84.0;0.0;84.0;9.9;1.59
174.0;0.0;174.0;12.16;1.38
311.0;25.02;294.0;13.89;1.03
661.0;470.11;305.0;15.4;0.28
696.0;486.95;313.0;16.14;1.24
166.0;0.0;166.0;15.26;2.62
81.0;0.0;81.0;15.29;3.1
68.0;0.0;68.0;14.5;3.31
35.0;0.0;35.0;14.27;3.1
27.0;0.0;27.0;13.76;2.28
2.0;0.0;2.0;13.13;1.59
0.0;0.0;0.0;12.36;1.31
0.0;0.0;0.0;10.77;1.03
0.0;0.0;0.0;10.32;0.9
0.0;0.0;0.0;9.66;1.03
0.0;0.0;0.0;9.04;1.17
0.0;0.0;0.0;8.52;1.31
0.0;0.0;0.0;8.38;1.24
0.0;0.0;0.0;7.97;1.24
0.0;0.0;0.0;7.56;1.17
0.0;0.0;0.0;6.48;1.38
0.0;0.0;0.0;5.93;1.45
7.0;0.0;7.0;5.51;1.45
147.0;238.09;93.0;6.45;1.17
340.0;471.47;148.0;9.12;1.31
552.0;738.6;136.0;10.77;1.03
706.0;834.63;135.0;12.49;1.59
702.0;551.38;282.0;13.96;2.34
733.0;557.72;292.0;15.05;2.48
783.0;780.11;183.0;15.83;2.41
711.0;798.94;153.0;16.33;2.28
593.0;819.29;115.0;16.43;2.28
407.0;694.46;107.0;16.07;2.41
216.0;573.88;70.0;12.48;1.7
31.0;207.01;18.0;12.14;1.68
0.0;0.0;0.0;11.8;1.65
0.0;0.0;0.0;11.46;1.63
0.0;0.0;0.0;11.12;1.6
0.0;0.0;0.0;10.78;1.58
0.0;0.0;0.0;10.44;1.55
0.0;0.0;0.0;10.1;1.53
0.0;0.0;0.0;9.76;1.5
0.0;0.0;0.0;9.42;1.47
0.0;0.0;0.0;9.08;1.45
0.0;0.0;0.0;8.74;1.42
0.0;0.0;0.0;8.4;1.4
11.0;0.0;11.0;8.06;1.37
90.0;21.05;85.0;7.72;1.35
186.0;31.13;173.0;7.38;1.32
386.0;186.7;279.0;14.22;2.0
426.0;115.36;346.0;16.03;2.28
696.0;515.25;299.0;17.34;2.28
561.0;194.01;406.0;18.1;1.72
483.0;115.85;393.0;18.72;1.72
696.0;718.42;189.0;18.79;1.86
543.0;594.49;192.0;19.11;2.14
372.0;489.97;157.0;18.38;2.97
195.0;379.01;96.0;17.2;3.31
30.0;129.08;21.0;15.8;2.62
0.0;0.0;0.0;14.59;1.17
0.0;0.0;0.0;14.07;0.97
0.0;0.0;0.0;13.22;0.97
0.0;0.0;0.0;12.87;0.9
0.0;0.0;0.0;12.71;0.9
0.0;0.0;0.0;12.39;0.97
0.0;0.0;0.0;12.29;0.9
0.0;0.0;0.0;11.57;1.1
0.0;0.0;0.0;10.54;1.31
0.0;0.0;0.0;9.92;1.38
0.0;0.0;0.0;9.2;1.45
14.0;0.0;14.0;8.67;1.52
183.0;403.48;85.0;9.91;1.03
372.0;574.84;129.0;14.2;0.9
549.0;678.22;157.0;16.09;2.28
689.0;734.88;176.0;17.56;3.38
780.0;765.35;187.0;18.86;3.66
795.0;717.35;219.0;19.59;3.93
777.0;737.88;201.0;20.08;4.14
453.0;138.17;355.0;20.23;4.28
486.0;399.09;249.0;20.07;4.28
313.0;257.82;199.0;19.62;4.28
103.0;22.68;97.0;18.61;4.07
27.0;68.34;22.0;17.13;3.45
0.0;0.0;0.0;15.79;3.24
0.0;0.0;0.0;14.76;2.9
0.0;0.0;0.0;14.09;2.21
0.0;0.0;0.0;13.62;1.17
0.0;0.0;0.0;12.94;0.62
0.0;0.0;0.0;13.14;0.34
0.0;0.0;0.0;12.88;0.55
0.0;0.0;0.0;12.35;1.1
0.0;0.0;0.0;12.04;1.1
0.0;0.0;0.0;10.95;1.31
0.0;0.0;0.0;9.97;1.52
12.0;0.0;12.0;9.11;1.59
91.0;20.15;86.0;10.12;1.03
215.0;60.77;189.0;15.11;0.83
470.0;384.35;246.0;17.31;0.97
663.0;639.05;214.0;18.63;1.86
775.0;745.78;194.0;19.16;2.55
560.0;190.85;406.0;19.49;2.55
465.0;95.62;390.0;19.58;2.48
721.0;796.83;153.0;20.47;2.62
563.0;668.06;164.0;20.69;3.03
286.0;177.33;207.0;20.29;3.38
197.0;365.79;99.0;19.05;2.9
37.0;156.67;25.0;17.67;1.86
0.0;0.0;0.0;16.13;1.1
0.0;0.0;0.0;15.72;0.69
0.0;0.0;0.0;15.48;0.28
0.0;0.0;0.0;14.88;0.62
0.0;0.0;0.0;14.04;0.9
0.0;0.0;0.0;13.79;0.9
0.0;0.0;0.0;13.01;0.97
0.0;0.0;0.0;11.44;1.31
0.0;0.0;0.0;10.34;1.72
0.0;0.0;0.0;9.74;1.52
0.0;0.0;0.0;9.47;1.52
12.0;0.0;12.0;9.28;1.66
188.0;386.7;90.0;10.71;1.03
380.0;575.27;131.0;14.55;0.83
556.0;675.66;159.0;16.99;1.31
702.0;759.45;165.0;18.57;2.28
793.0;790.3;174.0;19.81;3.17
821.0;785.59;184.0;20.89;3.79
785.0;747.44;196.0;20.87;4.07
724.0;797.14;153.0;20.05;4.41
566.0;667.65;165.0;19.54;4.0
386.0;530.3;148.0;18.86;2.83
197.0;353.94;101.0;18.55;1.72
34.0;99.99;26.0;17.82;1.17
0.0;0.0;0.0;16.53;1.24
0.0;0.0;0.0;15.63;0.62
0.0;0.0;0.0;15.45;0.34
0.0;0.0;0.0;14.85;0.55
0.0;0.0;0.0;14.36;0.21
0.0;0.0;0.0;14.02;0.62
0.0;0.0;0.0;12.15;1.38
0.0;0.0;0.0;11.24;1.38
0.0;0.0;0.0;10.99;1.24
0.0;0.0;0.0;12.54;0.62
0.0;0.0;0.0;12.45;0.21
19.0;14.94;18.0;10.57;1.17
156.0;177.86;110.0;11.79;1.03
179.0;20.56;170.0;15.13;0.76
307.0;59.09;272.0;17.06;1.31
281.0;9.84;274.0;17.08;2.34
393.0;40.64;361.0;17.85;2.76
401.0;35.6;372.0;18.2;2.97
503.0;132.63;398.0;17.02;3.24
472.0;158.39;358.0;16.33;2.21
394.0;168.89;292.0;15.67;1.17
37.0;0.0;37.0;15.51;1.24
185.0;265.9;112.0;15.52;1.1
20.0;11.99;19.0;14.75;0.69
0.0;0.0;0.0;13.96;0.62
0.0;0.0;0.0;13.73;1.03
0.0;0.0;0.0;13.87;0.34
0.0;0.0;0.0;13.59;0.48
0.0;0.0;0.0;12.59;0.83
0.0;0.0;0.0;13.13;0.62
0.0;0.0;0.0;13.37;0.28
0.0;0.0;0.0;13.22;0.21
0.0;0.0;0.0;13.18;0.28
0.0;0.0;0.0;13.02;0.14
0.0;0.0;0.0;12.57;0.14
33.0;138.33;23.0;11.61;0.69
208.0;462.47;86.0;12.28;0.48
379.0;514.96;151.0;14.39;0.41
511.0;469.05;231.0;15.48;0.41
613.0;442.8;296.0;16.65;1.17
607.0;283.02;383.0;17.36;2.0
632.0;287.1;397.0;17.78;2.62
716.0;515.58;306.0;18.04;3.24
705.0;702.48;197.0;17.9;3.59
534.0;515.47;221.0;17.49;3.59
414.0;632.52;126.0;17.1;3.38
182.0;233.97;117.0;16.25;2.69
38.0;115.2;28.0;15.44;1.79
0.0;0.0;0.0;14.45;1.1
0.0;0.0;0.0;13.78;0.48
0.0;0.0;0.0;13.41;0.55
0.0;0.0;0.0;12.65;0.83
0.0;0.0;0.0;11.63;1.03
0.0;0.0;0.0;11.26;1.03
0.0;0.0;0.0;11.11;0.97
0.0;0.0;0.0;10.91;0.97
0.0;0.0;0.0;10.57;1.03
0.0;0.0;0.0;10.18;1.1
0.0;0.0;0.0;10.0;1.1
15.0;0.0;15.0;10.17;1.17
57.0;0.0;57.0;11.17;1.1
105.0;0.0;105.0;12.87;0.83
69.0;0.0;69.0;13.61;1.38
200.0;0.0;200.0;14.19;1.86
207.0;0.0;207.0;14.57;2.28
295.0;2.43;293.0;14.79;2.55
162.0;0.0;162.0;15.26;2.55
182.0;0.0;182.0;15.23;3.24
304.0;45.87;276.0;15.23;3.59
253.0;91.6;211.0;14.91;3.45
206.0;355.78;106.0;14.78;3.45
30.0;33.27;27.0;13.71;3.03
0.0;0.0;0.0;13.02;2.21
0.0;0.0;0.0;12.48;2.48
0.0;0.0;0.0;11.88;2.0
0.0;0.0;0.0;11.12;1.93
0.0;0.0;0.0;10.96;2.34
0.0;0.0;0.0;10.6;2.55
0.0;0.0;0.0;10.65;2.83
0.0;0.0;0.0;10.57;2.69
0.0;0.0;0.0;9.89;2.14
0.0;0.0;0.0;8.76;1.52
0.0;0.0;0.0;8.43;1.45
45.0;217.25;27.0;9.0;1.45
218.0;463.53;91.0;9.77;1.24
433.0;711.67;111.0;10.72;1.1
337.0;77.54;290.0;11.66;1.38
740.0;801.98;159.0;13.09;1.72
688.0;426.54;347.0;14.19;2.14
524.0;123.49;422.0;15.1;2.55
744.0;560.95;294.0;15.41;2.97
545.0;256.23;358.0;15.58;3.1
524.0;453.02;246.0;15.38;3.03
96.0;0.0;96.0;14.99;2.41
56.0;0.0;56.0;14.5;2.41
34.0;53.45;29.0;12.95;4.34
0.0;0.0;0.0;10.72;4.21
0.0;0.0;0.0;8.8;4.21
0.0;0.0;0.0;7.69;4.97
0.0;0.0;0.0;7.11;5.24
0.0;0.0;0.0;6.82;5.17
0.0;0.0;0.0;6.48;4.97
0.0;0.0;0.0;6.1;4.9
0.0;0.0;0.0;5.77;4.76
0.0;0.0;0.0;5.54;4.62
0.0;0.0;0.0;5.32;4.21
0.0;0.0;0.0;5.04;3.93
50.0;249.8;28.0;4.71;3.79
240.0;559.14;84.0;5.48;3.52
439.0;695.5;121.0;6.99;4.83
621.0;781.21;144.0;8.38;4.9
770.0;845.4;154.0;9.89;4.55
873.0;899.98;150.0;11.48;4.21
896.0;884.75;162.0;12.85;3.52
857.0;850.26;172.0;13.95;3.24
737.0;720.27;209.0;14.62;3.52
430.0;196.16;309.0;14.86;3.72
330.0;236.63;220.0;14.66;3.93
240.0;504.3;95.0;14.03;3.72
56.0;258.01;31.0;12.76;3.38
0.0;0.0;0.0;11.04;2.9
0.0;0.0;0.0;10.01;2.48
0.0;0.0;0.0;8.96;2.14
0.0;0.0;0.0;7.61;1.72
0.0;0.0;0.0;6.81;1.45
0.0;0.0;0.0;6.43;1.31
0.0;0.0;0.0;5.76;1.38
0.0;0.0;0.0;4.92;1.52
0.0;0.0;0.0;4.16;1.52
0.0;0.0;0.0;3.54;1.52
0.0;0.0;0.0;3.11;1.52
51.0;214.51;31.0;2.86;1.52
238.0;531.76;87.0;4.99;0.97
433.0;673.26;122.0;9.59;0.76
612.0;762.58;143.0;11.82;0.62
758.0;828.36;151.0;13.28;0.55
859.0;880.83;148.0;14.43;1.03
882.0;867.75;159.0;15.38;1.66
857.0;870.21;153.0;16.05;2.69
774.0;862.45;139.0;16.05;3.31
611.0;740.37;152.0;15.64;3.52
434.0;655.99;127.0;15.01;3.52
189.0;220.14;125.0;14.15;3.45
37.0;49.88;32.0;13.11;2.55
0.0;0.0;0.0;12.11;2.34
0.0;0.0;0.0;11.65;2.34
0.0;0.0;0.0;11.12;2.07
0.0;0.0;0.0;10.85;2.21
0.0;0.0;0.0;10.66;2.62
0.0;0.0;0.0;10.66;2.83
0.0;0.0;0.0;10.58;3.1
0.0;0.0;0.0;10.61;3.52
0.0;0.0;0.0;10.21;3.59
0.0;0.0;0.0;10.08;3.38
0.0;0.0;0.0;10.04;3.66
26.0;10.17;25.0;9.85;4.07
85.0;3.46;84.0;10.42;4.28
144.0;2.14;143.0;11.37;4.41
115.0;0.0;115.0;12.1;4.9
318.0;16.29;306.0;12.52;5.59
98.0;0.0;98.0;13.23;6.34
452.0;58.56;403.0;13.08;5.45
89.0;0.0;89.0;13.34;4.55
106.0;0.0;106.0;13.84;3.1
337.0;70.62;293.0;14.62;3.45
311.0;195.29;219.0;14.62;4.28
170.0;142.91;128.0;14.36;3.52
34.0;28.97;31.0;13.65;2.55
0.0;0.0;0.0;12.53;2.0
0.0;0.0;0.0;11.74;1.86
0.0;0.0;0.0;10.68;1.59
0.0;0.0;0.0;10.81;0.76
0.0;0.0;0.0;10.35;0.34
0.0;0.0;0.0;9.84;0.21
0.0;0.0;0.0;9.68;0.21
0.0;0.0;0.0;9.61;0.07
0.0;0.0;0.0;9.13;0.62
0.0;0.0;0.0;6.82;1.24
0.0;0.0;0.0;5.24;1.66
63.0;280.39;34.0;5.05;1.66
245.0;527.71;90.0;7.79;1.24
433.0;638.83;132.0;11.88;1.31
631.0;800.1;132.0;13.63;1.72
759.0;811.24;158.0;15.01;1.72
849.0;840.82;164.0;16.13;2.34
851.0;762.94;210.0;16.61;2.76
781.0;633.91;264.0;16.28;3.45
731.0;715.09;200.0;15.7;4.0
563.0;547.83;220.0;15.36;4.0
392.0;445.0;181.0;14.93;3.45
103.0;10.1;100.0;14.28;2.76
7.0;0.0;7.0;13.8;1.79
0.0;0.0;0.0;13.08;1.24
0.0;0.0;0.0;12.29;1.1
0.0;0.0;0.0;11.08;1.31
0.0;0.0;0.0;10.33;1.45
0.0;0.0;0.0;10.3;1.66
0.0;0.0;0.0;10.28;1.86
0.0;0.0;0.0;9.86;1.59
0.0;0.0;0.0;9.4;0.9
0.0;0.0;0.0;8.95;1.17
0.0;0.0;0.0;8.82;1.52
0.0;0.0;0.0;8.71;1.38
64.0;248.98;37.0;8.81;1.72
73.0;0.0;73.0;9.64;1.31
277.0;115.62;222.0;11.83;0.9
0.0;0.0;0.0;12.82;0.97
151.0;0.0;151.0;12.56;0.9
217.0;0.0;217.0;12.34;1.72
175.0;0.0;175.0;12.39;2.9
199.0;0.0;199.0;12.57;3.03
162.0;0.0;162.0;12.2;3.52
184.0;0.0;184.0;11.87;3.52
96.0;0.0;96.0;11.78;3.24
43.0;0.0;43.0;11.66;3.03
24.0;0.0;24.0;11.32;2.97
0.0;0.0;0.0;11.02;3.1
0.0;0.0;0.0;10.2;3.66
0.0;0.0;0.0;9.97;3.66
0.0;0.0;0.0;9.85;3.45
0.0;0.0;0.0;9.79;3.17
0.0;0.0;0.0;9.65;2.83
0.0;0.0;0.0;9.62;2.62
0.0;0.0;0.0;9.5;2.41
0.0;0.0;0.0;9.42;2.28
0.0;0.0;0.0;9.35;2.07
0.0;0.0;0.0;9.36;1.72
6.0;0.0;6.0;9.4;1.45
27.0;0.0;27.0;9.89;1.24
81.0;0.0;81.0;10.47;1.72
99.0;0.0;99.0;11.09;2.07
199.0;0.0;199.0;11.61;2.0
199.0;0.0;199.0;11.88;2.0
148.0;0.0;148.0;11.9;1.86
172.0;0.0;172.0;11.95;2.0
325.0;18.7;311.0;12.04;2.55
126.0;0.0;126.0;12.1;3.31
52.0;0.0;52.0;12.13;3.17
30.0;0.0;30.0;12.13;3.1
53.0;114.58;40.0;11.53;2.62
0.0;0.0;0.0;10.79;2.14
0.0;0.0;0.0;10.61;1.72
0.0;0.0;0.0;9.78;1.52
0.0;0.0;0.0;8.8;1.31
0.0;0.0;0.0;8.93;1.17
0.0;0.0;0.0;8.64;1.1
0.0;0.0;0.0;9.06;0.9
0.0;0.0;0.0;9.81;0.55
0.0;0.0;0.0;9.52;0.62
0.0;0.0;0.0;7.62;1.24
0.0;0.0;0.0;7.17;1.52
73.0;278.94;40.0;7.22;1.59
163.0;94.18;134.0;8.34;1.38
454.0;676.92;126.0;11.74;1.66
593.0;622.48;197.0;12.83;2.34
754.0;760.19;182.0;13.67;2.83
689.0;386.45;370.0;14.5;3.24
481.0;72.92;419.0;14.98;3.38
137.0;0.0;137.0;15.36;3.38
253.0;1.33;252.0;15.46;3.1
75.0;0.0;75.0;15.3;2.69
69.0;0.0;69.0;15.21;2.41
177.0;140.34;134.0;14.43;2.34
65.0;214.17;40.0;13.25;1.72
0.0;0.0;0.0;12.25;1.1
0.0;0.0;0.0;11.24;0.62
0.0;0.0;0.0;11.0;0.69
0.0;0.0;0.0;10.01;0.97
0.0;0.0;0.0;9.65;1.03
0.0;0.0;0.0;8.84;1.38
0.0;0.0;0.0;8.15;1.38
0.0;0.0;0.0;8.08;1.24
0.0;0.0;0.0;7.93;1.17
0.0;0.0;0.0;8.2;1.03
0.0;0.0;0.0;8.1;1.1
76.0;276.09;42.0;8.06;1.17
0.0;0.0;0.0;10.01;1.03
463.0;691.39;125.0;11.69;0.9
644.0;787.26;140.0;13.21;1.38
781.0;829.17;154.0;14.3;1.79
847.0;790.19;192.0;15.23;2.07
670.0;301.13;413.0;15.96;2.34
678.0;359.86;380.0;16.09;2.62
740.0;705.01;208.0;16.2;2.9
612.0;684.99;175.0;16.13;3.38
321.0;189.25;229.0;14.94;3.59
200.0;213.27;134.0;14.11;3.17
38.0;16.67;36.0;13.58;2.07
0.0;0.0;0.0;12.88;0.83
0.0;0.0;0.0;12.71;1.59
0.0;0.0;0.0;11.87;1.38
0.0;0.0;0.0;11.25;1.38
0.0;0.0;0.0;10.57;1.38
0.0;0.0;0.0;9.81;1.59
0.0;0.0;0.0;9.47;1.79
0.0;0.0;0.0;8.83;1.72
0.0;0.0;0.0;8.61;1.93
0.0;0.0;0.0;8.6;2.0
0.0;0.0;0.0;8.7;2.28
46.0;31.27;42.0;8.68;2.28
163.0;82.01;137.0;9.71;2.07
346.0;239.29;228.0;11.65;1.38
539.0;423.81;266.0;13.33;1.79
702.0;576.43;264.0;14.25;1.79
828.0;726.89;223.0;14.93;1.31
819.0;628.06;281.0;15.66;1.03
633.0;273.13;406.0;16.43;1.1
488.0;142.57;380.0;16.98;1.72
589.0;596.1;207.0;17.23;2.21
435.0;572.52;155.0;17.0;2.41
229.0;342.38;122.0;16.48;1.86
74.0;259.67;42.0;15.52;1.38
0.0;0.0;0.0;13.98;1.17
0.0;0.0;0.0;11.57;1.45
0.0;0.0;0.0;10.19;1.38
0.0;0.0;0.0;9.22;1.38
0.0;0.0;0.0;9.05;1.17
0.0;0.0;0.0;8.42;1.17
0.0;0.0;0.0;8.17;1.1
0.0;0.0;0.0;7.79;1.17
0.0;0.0;0.0;7.91;1.17
0.0;0.0;0.0;7.78;1.17
0.0;0.0;0.0;7.55;1.17
83.0;278.94;46.0;7.39;0.9
273.0;550.51;96.0;8.01;1.03
443.0;571.07;159.0;11.4;0.9
645.0;766.92;148.0;13.19;0.28
712.0;592.05;260.0;14.81;1.45
806.0;651.0;262.0;15.7;2.9
828.0;643.23;275.0;15.74;3.45
724.0;448.42;350.0;15.55;3.1
775.0;804.89;163.0;15.79;3.72
522.0;377.52;279.0;15.5;4.76
222.0;32.52;206.0;15.03;4.76
140.0;41.2;127.0;14.13;4.21
51.0;55.35;44.0;12.93;2.76
0.0;0.0;0.0;11.98;2.69
0.0;0.0;0.0;11.23;1.86
0.0;0.0;0.0;11.04;2.28
0.0;0.0;0.0;10.68;2.69
0.0;0.0;0.0;10.7;3.31
0.0;0.0;0.0;10.9;2.55
0.0;0.0;0.0;10.96;1.45
0.0;0.0;0.0;10.81;1.59
0.0;0.0;0.0;10.71;1.17
0.0;0.0;0.0;10.16;0.9
0.0;0.0;0.0;10.0;0.76
91.0;327.75;46.0;9.65;0.76
258.0;432.62;117.0;10.91;0.76
403.0;398.86;203.0;12.32;1.31
463.0;227.04;315.0;13.4;1.52
668.0;464.16;312.0;14.18;2.07
765.0;537.6;314.0;14.41;2.83
878.0;781.2;204.0;14.62;3.59
851.0;787.4;192.0;14.82;3.86
742.0;691.86;214.0;15.14;3.93
533.0;403.73;272.0;14.43;4.14
189.0;10.1;184.0;14.36;3.86
229.0;317.05;128.0;12.82;3.45
25.0;0.0;25.0;12.45;2.83
0.0;0.0;0.0;11.73;2.0
0.0;0.0;0.0;11.13;1.66
0.0;0.0;0.0;10.82;1.59
0.0;0.0;0.0;10.36;1.59
0.0;0.0;0.0;9.74;1.52
0.0;0.0;0.0;9.52;1.24
0.0;0.0;0.0;9.75;1.52
0.0;0.0;0.0;9.81;1.59
0.0;0.0;0.0;9.17;1.72
0.0;0.0;0.0;9.18;1.72
0.0;0.0;0.0;9.49;1.79
58.0;56.38;50.0;9.3;2.0
100.0;3.03;99.0;10.5;2.0
283.0;92.98;236.0;11.4;2.21
433.0;166.26;324.0;12.19;2.97
104.0;0.0;104.0;12.38;3.93
308.0;3.56;305.0;12.77;3.59
366.0;12.71;355.0;13.84;3.1
321.0;5.95;316.0;14.19;3.38
562.0;242.84;376.0;14.38;3.31
600.0;602.24;209.0;14.41;3.66
482.0;739.45;114.0;14.25;3.45
272.0;547.35;96.0;13.98;3.03
83.0;285.98;45.0;13.36;2.76
0.0;0.0;0.0;12.72;2.0
0.0;0.0;0.0;11.44;0.97
0.0;0.0;0.0;10.44;1.31
0.0;0.0;0.0;9.8;1.24
0.0;0.0;0.0;9.35;1.31
0.0;0.0;0.0;9.28;1.17
0.0;0.0;0.0;10.06;0.97
0.0;0.0;0.0;9.86;0.62
0.0;0.0;0.0;9.78;0.28
0.0;0.0;0.0;9.25;0.76
0.0;0.0;0.0;7.16;1.31
100.0;355.18;48.0;6.65;1.52
292.0;588.93;95.0;9.88;1.1
330.0;170.78;243.0;12.81;1.24
545.0;400.44;281.0;14.28;2.28
697.0;523.38;292.0;14.88;3.17
646.0;275.66;413.0;15.31;3.59
658.0;262.46;430.0;16.1;4.07
592.0;195.83;427.0;16.37;4.41
683.0;498.28;300.0;16.11;4.9
599.0;590.52;214.0;16.02;4.97
410.0;425.59;197.0;15.93;4.55
272.0;536.18;98.0;15.43;3.86
34.0;7.35;33.0;14.75;2.83
0.0;0.0;0.0;13.73;2.28
0.0;0.0;0.0;13.18;2.41
0.0;0.0;0.0;12.82;2.41
0.0;0.0;0.0;12.45;2.48
0.0;0.0;0.0;12.14;2.48
0.0;0.0;0.0;12.42;2.41
0.0;0.0;0.0;12.44;2.41
0.0;0.0;0.0;11.96;2.21
0.0;0.0;0.0;11.67;2.21
0.0;0.0;0.0;11.34;2.14
0.0;0.0;0.0;11.22;2.07
48.0;13.26;46.0;11.54;2.0
184.0;103.34;149.0;12.68;2.07
469.0;633.12;144.0;14.19;2.76
646.0;736.18;158.0;15.37;3.03
763.0;725.75;199.0;16.62;3.24
688.0;354.82;387.0;17.14;3.59
691.0;322.41;410.0;17.62;3.79
675.0;335.97;391.0;18.25;4.07
643.0;407.09;329.0;17.4;4.62
580.0;533.1;231.0;17.83;4.28
426.0;494.76;177.0;16.81;3.59
198.0;167.96;143.0;16.55;3.1
69.0;122.1;52.0;15.74;2.83
0.0;0.0;0.0;14.8;2.14
0.0;0.0;0.0;14.01;2.0
0.0;0.0;0.0;13.72;1.86
0.0;0.0;0.0;13.32;1.86
0.0;0.0;0.0;12.82;2.0
0.0;0.0;0.0;12.54;1.93
0.0;0.0;0.0;12.37;1.86
0.0;0.0;0.0;12.46;1.86
0.0;0.0;0.0;12.6;2.0
0.0;0.0;0.0;12.69;2.0
0.0;0.0;0.0;12.62;1.86
71.0;77.31;59.0;12.67;1.93
265.0;393.82;130.0;13.31;2.34
277.0;75.41;238.0;14.05;1.86
600.0;547.72;235.0;14.9;1.93
698.0;511.29;299.0;15.74;2.28
588.0;183.25;432.0;16.57;2.9
788.0;508.94;343.0;16.05;3.59
873.0;820.76;177.0;16.69;3.66
796.0;828.21;155.0;16.72;3.79
401.0;120.19;322.0;16.55;3.79
472.0;675.85;130.0;16.0;3.66
275.0;526.65;101.0;15.21;3.03
91.0;302.01;48.0;14.42;2.34
0.0;0.0;0.0;13.3;1.79
0.0;0.0;0.0;12.46;1.86
0.0;0.0;0.0;11.74;1.93
0.0;0.0;0.0;11.29;2.14
0.0;0.0;0.0;10.99;2.14
0.0;0.0;0.0;10.76;2.14
0.0;0.0;0.0;10.51;2.14
0.0;0.0;0.0;10.29;2.21
0.0;0.0;0.0;9.95;2.28
0.0;0.0;0.0;9.68;2.41
0.0;0.0;0.0;9.46;2.62
95.0;219.4;60.0;9.77;2.83
283.0;484.39;115.0;11.29;2.97
457.0;549.06;171.0;13.79;4.21
488.0;255.28;317.0;15.0;6.21
546.0;200.37;389.0;16.11;6.69
343.0;9.36;335.0;16.08;6.28
585.0;159.61;445.0;16.44;5.93
770.0;532.55;317.0;17.01;5.52
401.0;50.22;362.0;16.68;5.03
194.0;0.0;194.0;16.11;4.76
127.0;0.0;127.0;15.7;4.07
91.0;0.0;91.0;15.19;3.79
12.0;0.0;12.0;14.22;3.59
0.0;0.0;0.0;13.29;3.1
0.0;0.0;0.0;12.58;3.31
0.0;0.0;0.0;11.99;2.97
0.0;0.0;0.0;11.56;2.0
0.0;0.0;0.0;10.49;1.03
0.0;0.0;0.0;10.21;0.55
0.0;0.0;0.0;10.28;0.62
0.0;0.0;0.0;8.52;1.17
0.0;0.0;0.0;7.92;1.17
0.0;0.0;0.0;7.78;1.03
0.0;0.0;0.0;6.57;1.45
118.0;396.94;53.0;6.64;1.52
290.0;487.48;119.0;10.15;1.17
491.0;661.52;144.0;12.75;1.03
637.0;640.21;206.0;14.49;1.45
796.0;776.71;185.0;15.74;1.72
861.0;740.85;226.0;16.67;2.07
858.0;666.04;272.0;17.33;2.28
871.0;784.1;202.0;17.69;2.62
825.0;885.64;135.0;17.63;3.1
656.0;754.68;156.0;17.25;3.45
485.0;698.0;128.0;16.38;3.45
287.0;559.22;99.0;15.44;3.1
100.0;349.85;48.0;14.53;2.48
0.0;0.0;0.0;13.4;1.72
0.0;0.0;0.0;12.28;1.31
0.0;0.0;0.0;11.82;0.62
0.0;0.0;0.0;11.28;0.76
0.0;0.0;0.0;10.06;1.1
0.0;0.0;0.0;9.43;1.17
0.0;0.0;0.0;9.17;1.03
0.0;0.0;0.0;8.02;1.24
0.0;0.0;0.0;7.19;1.52
0.0;0.0;0.0;7.01;1.59
0.0;0.0;0.0;6.93;1.72
123.0;410.96;54.0;7.45;1.79
318.0;623.14;97.0;9.49;1.72
509.0;721.4;128.0;12.7;1.93
689.0;808.55;142.0;14.96;2.0
827.0;857.31;150.0;16.72;2.21
928.0;918.68;138.0;17.98;2.41
947.0;903.16;150.0;18.91;2.55
918.0;904.48;144.0;19.6;2.62
840.0;918.63;122.0;20.02;2.62
680.0;822.45;133.0;20.07;2.69
488.0;700.2;128.0;19.73;2.62
287.0;542.7;103.0;19.03;2.28
102.0;342.7;50.0;17.88;1.79
0.0;0.0;0.0;16.33;1.24
0.0;0.0;0.0;14.9;0.69
0.0;0.0;0.0;14.47;0.83
0.0;0.0;0.0;12.59;1.31
0.0;0.0;0.0;11.41;1.72
0.0;0.0;0.0;10.92;1.86
0.0;0.0;0.0;10.49;1.93
0.0;0.0;0.0;10.03;1.93
0.0;0.0;0.0;9.65;1.86
0.0;0.0;0.0;9.22;1.93
0.0;0.0;0.0;8.92;1.86
118.0;343.08;59.0;9.07;1.59
310.0;577.48;103.0;12.15;0.9
501.0;688.43;135.0;17.31;0.83
677.0;775.3;150.0;19.89;0.34
817.0;832.66;157.0;21.35;0.83
922.0;906.49;140.0;22.34;1.52
944.0;902.79;145.0;22.95;1.86
915.0;904.19;139.0;23.16;2.14
834.0;905.54;124.0;23.05;2.28
675.0;808.86;135.0;22.63;2.34
485.0;686.94;130.0;21.94;2.07
283.0;511.87;108.0;21.08;1.52
100.0;303.58;53.0;19.96;1.03
0.0;0.0;0.0;18.54;0.9
0.0;0.0;0.0;17.48;0.48
0.0;0.0;0.0;15.88;1.03
0.0;0.0;0.0;14.6;1.31
0.0;0.0;0.0;14.06;1.38
0.0;0.0;0.0;13.53;1.38
0.0;0.0;0.0;12.79;1.52
0.0;0.0;0.0;12.15;1.59
0.0;0.0;0.0;11.41;1.66
0.0;0.0;0.0;10.84;1.66
0.0;0.0;0.0;10.38;1.59
119.0;323.93;62.0;10.65;1.31
311.0;568.79;105.0;14.4;0.62
503.0;685.89;136.0;19.58;0.55
674.0;761.48;154.0;22.17;0.76
821.0;840.95;152.0;23.68;1.31
916.0;890.98;145.0;24.63;1.86
934.0;874.31;158.0;25.2;2.21
896.0;852.84;162.0;25.37;2.62
805.0;825.19;156.0;25.01;2.9
622.0;623.8;204.0;24.07;2.0
467.0;602.61;154.0;23.67;1.86
292.0;557.0;100.0;22.87;1.38
110.0;373.7;51.0;22.16;0.62
0.0;0.0;0.0;21.37;0.41
0.0;0.0;0.0;20.32;0.76
0.0;0.0;0.0;17.75;1.59
0.0;0.0;0.0;16.68;1.66
0.0;0.0;0.0;16.43;1.38
0.0;0.0;0.0;15.36;1.59
0.0;0.0;0.0;14.6;2.07
0.0;0.0;0.0;14.37;2.21
0.0;0.0;0.0;14.24;2.14
0.0;0.0;0.0;13.96;2.07
0.0;0.0;0.0;14.13;2.14
50.0;5.56;49.0;14.3;1.79
253.0;262.44;157.0;16.53;1.79
339.0;154.16;256.0;20.5;2.14
646.0;653.11;198.0;21.74;3.45
699.0;484.75;312.0;22.15;3.86
410.0;27.65;386.0;22.15;3.72
320.0;3.37;317.0;21.78;3.38
397.0;24.33;376.0;21.41;2.34
176.0;0.0;176.0;20.92;1.93
163.0;0.0;163.0;20.54;2.0
97.0;0.0;97.0;19.93;1.72
57.0;0.0;57.0;19.49;1.24
34.0;0.0;34.0;18.79;1.17
0.0;0.0;0.0;17.72;0.9
0.0;0.0;0.0;18.58;0.28
0.0;0.0;0.0;16.44;0.9
0.0;0.0;0.0;15.71;0.97
0.0;0.0;0.0;15.77;0.76
0.0;0.0;0.0;15.8;0.28
0.0;0.0;0.0;13.87;1.31
0.0;0.0;0.0;13.81;1.45
0.0;0.0;0.0;14.07;1.38
0.0;0.0;0.0;14.16;1.31
0.0;0.0;0.0;14.81;0.55
34.0;0.0;34.0;13.96;1.24
131.0;10.83;127.0;16.14;1.38
202.0;9.23;197.0;17.51;0.41
270.0;10.16;263.0;18.34;1.45
306.0;6.24;301.0;19.74;2.48
192.0;0.0;192.0;20.77;2.69
527.0;94.13;443.0;21.76;2.9
733.0;428.72;362.0;22.07;2.83
659.0;414.56;331.0;22.32;2.55
661.0;760.05;148.0;22.58;2.34
486.0;678.66;130.0;22.36;2.07
305.0;602.4;94.0;19.95;1.03
110.0;335.48;55.0;19.36;1.04
0.0;0.0;0.0;18.77;1.05
0.0;0.0;0.0;18.19;1.07
0.0;0.0;0.0;17.6;1.08
0.0;0.0;0.0;17.01;1.09
0.0;0.0;0.0;16.43;1.1
0.0;0.0;0.0;15.84;1.11
0.0;0.0;0.0;15.25;1.13
0.0;0.0;0.0;14.67;1.14
0.0;0.0;0.0;14.08;1.15
0.0;0.0;0.0;13.49;1.16
0.0;0.0;0.0;12.91;1.18
68.0;125.2;45.0;12.32;1.19
245.0;379.04;105.0;11.73;1.2
442.0;563.06;137.0;11.15;1.21
617.0;658.99;163.0;19.86;1.03
761.0;724.02;181.0;21.15;1.45
873.0;809.89;168.0;22.05;2.0
898.0;777.66;204.0;22.47;2.55
884.0;786.94;203.0;22.27;2.9
827.0;827.85;172.0;21.99;2.69
708.0;817.83;156.0;21.7;2.34
538.0;745.38;147.0;21.33;2.07
342.0;608.11;129.0;20.74;1.79
159.0;500.16;77.0;19.71;1.31
0.0;0.0;0.0;18.51;1.1
0.0;0.0;0.0;16.97;1.1
0.0;0.0;0.0;15.77;0.9
0.0;0.0;0.0;15.43;0.83
0.0;0.0;0.0;14.7;0.9
0.0;0.0;0.0;13.88;1.03
0.0;0.0;0.0;13.0;1.17
0.0;0.0;0.0;11.96;1.52
0.0;0.0;0.0;11.29;1.52
0.0;0.0;0.0;10.88;1.52
0.0;0.0;0.0;10.66;1.45
74.0;149.37;46.0;11.14;1.24
254.0;399.65;105.0;13.19;0.9
451.0;578.13;136.0;17.88;0.28
621.0;646.1;174.0;20.22;0.83
781.0;765.16;166.0;21.76;1.86
886.0;823.63;167.0;22.84;2.34
931.0;850.51;170.0;23.73;2.48
906.0;830.97;185.0;24.43;2.48
839.0;841.84;171.0;24.82;2.55
719.0;832.67;155.0;24.79;2.55
547.0;760.76;146.0;24.25;2.55
350.0;623.2;130.0;23.1;2.28
165.0;521.12;78.0;21.56;1.72
0.0;0.0;0.0;19.89;0.0
0.0;0.0;0.0;17.67;0.0
0.0;0.0;0.0;17.11;0.76
0.0;0.0;0.0;16.86;0.28
0.0;0.0;0.0;16.32;0.55
0.0;0.0;0.0;14.51;1.24
0.0;0.0;0.0;13.25;1.45
0.0;0.0;0.0;12.6;1.52
0.0;0.0;0.0;11.7;1.72
0.0;0.0;0.0;11.21;1.79
0.0;0.0;0.0;10.84;1.79
60.0;62.79;48.0;11.12;1.52
230.0;273.78;127.0;14.8;0.62
462.0;613.18;126.0;18.62;0.07
632.0;673.69;164.0;20.53;0.55
776.0;737.89;181.0;21.95;0.83
855.0;721.97;223.0;22.85;1.66
858.0;637.65;286.0;23.27;2.69
880.0;742.62;234.0;23.07;2.76
801.0;710.02;236.0;23.02;2.07
694.0;729.74;198.0;23.07;1.72
439.0;339.87;259.0;22.79;1.72
296.0;331.7;178.0;22.02;1.93
110.0;105.93;92.0;20.61;1.72
0.0;0.0;0.0;18.93;1.45
0.0;0.0;0.0;17.64;1.17
0.0;0.0;0.0;16.33;1.45
0.0;0.0;0.0;15.21;1.31
0.0;0.0;0.0;15.56;0.97
0.0;0.0;0.0;14.36;1.38
0.0;0.0;0.0;13.83;1.45
0.0;0.0;0.0;13.24;1.79
0.0;0.0;0.0;13.14;2.0
0.0;0.0;0.0;13.03;1.93
0.0;0.0;0.0;12.86;1.86
57.0;46.22;48.0;12.97;1.72
178.0;100.13;140.0;15.79;1.52
0.0;0.0;0.0;18.06;1.79
419.0;143.38;319.0;19.84;2.41
770.0;728.17;181.0;21.24;3.1
868.0;770.17;192.0;21.76;3.66
891.0;735.03;230.0;21.72;4.0
877.0;744.2;228.0;21.44;4.0
758.0;594.01;284.0;21.22;3.72
386.0;67.45;340.0;21.04;3.52
210.0;5.64;207.0;20.76;3.38
196.0;58.59;175.0;20.01;3.03
81.0;23.14;77.0;18.86;2.55
0.0;0.0;0.0;17.7;2.21
0.0;0.0;0.0;16.75;1.93
0.0;0.0;0.0;16.07;1.66
0.0;0.0;0.0;15.5;1.45
0.0;0.0;0.0;15.34;1.66
0.0;0.0;0.0;15.35;1.79
0.0;0.0;0.0;15.46;1.72
0.0;0.0;0.0;15.34;1.86
0.0;0.0;0.0;14.82;1.86
0.0;0.0;0.0;14.5;1.66
0.0;0.0;0.0;14.15;1.59
72.0;100.91;52.0;14.07;1.59
182.0;101.9;143.0;15.46;2.41
355.0;232.89;226.0;17.0;3.17
488.0;264.24;303.0;18.19;2.62
465.0;99.84;384.0;19.25;2.28
674.0;306.82;404.0;20.28;2.62
609.0;171.94;454.0;20.63;3.17
775.0;478.14;357.0;20.27;3.24
632.0;301.2;391.0;20.33;3.45
536.0;284.97;341.0;20.08;3.59
455.0;387.25;248.0;19.31;3.38
221.0;99.69;185.0;18.45;3.52
57.0;0.0;57.0;17.5;3.24
0.0;0.0;0.0;16.5;2.34
0.0;0.0;0.0;15.88;0.76
0.0;0.0;0.0;14.82;0.69
0.0;0.0;0.0;13.75;1.72
0.0;0.0;0.0;13.44;1.72
0.0;0.0;0.0;12.75;1.38
0.0;0.0;0.0;11.6;1.24
0.0;0.0;0.0;11.01;1.66
0.0;0.0;0.0;10.95;1.86
0.0;0.0;0.0;10.67;1.79
0.0;0.0;0.0;10.81;1.72
30.0;0.0;30.0;11.02;1.79
277.0;469.08;96.0;12.72;2.34
465.0;592.7;135.0;14.35;3.31
589.0;510.88;230.0;15.86;4.28
786.0;752.11;174.0;17.4;4.21
846.0;681.23;245.0;18.69;4.41
912.0;773.59;213.0;19.75;4.97
829.0;592.26;310.0;19.95;5.66
841.0;823.9;180.0;19.88;5.66
718.0;802.58;167.0;20.11;5.17
559.0;774.72;143.0;20.2;5.03
363.0;648.77;127.0;20.03;4.76
179.0;565.09;78.0;19.1;4.0
0.0;0.0;0.0;17.68;3.59
0.0;0.0;0.0;16.32;3.1
0.0;0.0;0.0;15.36;2.83
0.0;0.0;0.0;14.45;2.62
0.0;0.0;0.0;13.59;2.41
0.0;0.0;0.0;12.71;2.21
0.0;0.0;0.0;11.91;2.07
0.0;0.0;0.0;11.31;2.0
0.0;0.0;0.0;10.72;1.93
0.0;0.0;0.0;10.36;1.93
0.0;0.0;0.0;9.85;1.93
89.0;175.67;53.0;10.13;1.72
284.0;480.84;97.0;13.11;1.31
481.0;634.44;126.0;16.38;0.76
658.0;723.17;148.0;18.67;1.17
795.0;761.0;174.0;20.32;1.72
899.0;818.65;175.0;21.4;2.41
943.0;844.71;178.0;21.79;3.24
917.0;823.13;194.0;21.45;3.45
850.0;834.19;179.0;21.37;3.17
710.0;752.09;192.0;21.2;2.83
551.0;713.8;166.0;20.52;2.83
370.0;663.23;127.0;19.43;2.9
196.0;693.75;70.0;18.02;2.62
0.0;0.0;0.0;16.44;2.07
0.0;0.0;0.0;15.36;1.72
0.0;0.0;0.0;14.29;1.24
0.0;0.0;0.0;13.55;1.03
0.0;0.0;0.0;12.69;1.38
0.0;0.0;0.0;12.19;1.79
0.0;0.0;0.0;12.04;1.86
0.0;0.0;0.0;11.86;1.93
0.0;0.0;0.0;12.59;1.93
0.0;0.0;0.0;13.09;2.21
0.0;0.0;0.0;13.23;2.55
9.0;0.0;9.0;13.43;2.9
119.0;10.21;115.0;14.49;3.1
73.0;0.0;73.0;16.13;4.55
214.0;1.41;213.0;17.06;4.41
145.0;0.0;145.0;18.01;4.28
317.0;3.38;314.0;18.33;4.28
583.0;135.52;460.0;18.59;4.41
658.0;244.22;443.0;18.86;4.34
777.0;615.06;281.0;19.36;4.0
609.0;438.54;306.0;19.5;3.66
568.0;790.06;140.0;19.15;3.45
371.0;666.69;125.0;18.63;3.24
185.0;580.0;78.0;17.87;2.62
16.0;0.0;16.0;16.74;2.0
0.0;0.0;0.0;15.62;2.62
0.0;0.0;0.0;14.88;2.48
0.0;0.0;0.0;14.36;2.34
0.0;0.0;0.0;13.9;2.28
0.0;0.0;0.0;13.52;2.28
0.0;0.0;0.0;13.03;2.34
0.0;0.0;0.0;12.65;2.34
0.0;0.0;0.0;12.31;2.34
0.0;0.0;0.0;12.23;2.28
0.0;0.0;0.0;12.33;2.34
103.0;246.09;51.0;12.74;2.41
284.0;456.0;104.0;14.16;3.45
479.0;614.33;132.0;15.59;4.0
646.0;668.97;171.0;16.7;3.86
797.0;758.13;175.0;17.64;3.86
870.0;725.94;225.0;18.53;0.0
882.0;667.33;275.0;18.84;0.0
873.0;689.11;265.0;19.26;3.93
846.0;815.15;187.0;19.46;4.07
728.0;809.43;167.0;19.05;3.86
572.0;795.86;139.0;18.8;3.52
286.0;250.3;193.0;18.23;3.24
110.0;69.4;97.0;17.52;2.76
10.0;0.0;10.0;16.53;2.21
0.0;0.0;0.0;15.69;2.14
0.0;0.0;0.0;15.12;2.14
0.0;0.0;0.0;14.63;2.21
0.0;0.0;0.0;14.0;2.28
0.0;0.0;0.0;13.53;2.28
0.0;0.0;0.0;13.03;2.28
0.0;0.0;0.0;12.81;2.41
0.0;0.0;0.0;12.41;2.34
0.0;0.0;0.0;11.99;2.28
0.0;0.0;0.0;11.49;2.28
67.0;46.65;57.0;12.04;2.14
104.0;2.52;103.0;14.21;1.93
300.0;103.99;241.0;17.16;2.62
338.0;47.73;304.0;18.86;3.59
323.0;10.94;314.0;19.81;4.28
171.0;0.0;171.0;19.64;4.07
123.0;0.0;123.0;19.1;3.93
244.0;0.0;244.0;18.93;4.34
264.0;0.0;264.0;19.89;4.14
269.0;5.75;265.0;20.32;3.52
559.0;748.57;150.0;20.28;2.9
370.0;652.22;126.0;19.98;2.55
163.0;341.88;98.0;19.28;2.34
17.0;0.0;17.0;18.05;1.93
0.0;0.0;0.0;16.96;1.31
0.0;0.0;0.0;15.94;1.31
0.0;0.0;0.0;15.16;1.17
0.0;0.0;0.0;14.71;1.1
0.0;0.0;0.0;14.25;1.17
0.0;0.0;0.0;13.72;1.45
0.0;0.0;0.0;13.19;1.31
0.0;0.0;0.0;12.68;1.17
0.0;0.0;0.0;12.56;1.66
0.0;0.0;0.0;12.15;1.52
106.0;243.87;53.0;12.36;1.17
222.0;184.9;148.0;15.62;0.97
439.0;454.54;180.0;18.48;0.97
649.0;691.35;155.0;20.0;0.76
787.0;739.78;177.0;21.31;0.62
897.0;821.4;164.0;22.36;0.69
920.0;791.59;197.0;23.24;1.03
777.0;466.11;364.0;23.79;1.38
567.0;184.65;417.0;23.99;1.86
516.0;230.9;355.0;23.31;2.69
153.0;0.0;153.0;22.31;2.62
103.0;0.0;103.0;21.19;1.93
76.0;5.18;75.0;20.16;1.52
10.0;0.0;10.0;19.19;0.69
0.0;0.0;0.0;18.24;0.62
0.0;0.0;0.0;17.69;0.76
0.0;0.0;0.0;16.94;1.1
0.0;0.0;0.0;16.35;1.59
0.0;0.0;0.0;15.73;1.93
0.0;0.0;0.0;15.17;1.86
0.0;0.0;0.0;14.6;1.86
0.0;0.0;0.0;14.1;1.93
0.0;0.0;0.0;13.76;2.07
0.0;0.0;0.0;13.55;2.14
104.0;213.43;57.0;14.05;1.93
267.0;352.51;125.0;15.96;1.72
414.0;360.03;208.0;18.72;1.79
653.0;693.47;156.0;20.76;1.66
799.0;770.69;162.0;22.47;0.83
887.0;785.04;185.0;23.78;0.41
869.0;640.34;283.0;24.53;1.45
909.0;803.05;196.0;24.85;2.48
853.0;842.49;167.0;24.14;3.03
727.0;806.5;163.0;23.28;2.41
572.0;785.99;139.0;22.94;1.79
369.0;614.6;136.0;22.39;0.76
182.0;465.11;91.0;21.95;0.62
21.0;0.0;21.0;21.06;1.17
0.0;0.0;0.0;18.89;0.76
0.0;0.0;0.0;18.16;0.62
0.0;0.0;0.0;16.69;1.45
0.0;0.0;0.0;16.08;1.79
0.0;0.0;0.0;15.32;1.59
0.0;0.0;0.0;14.73;1.38
0.0;0.0;0.0;14.58;1.45
0.0;0.0;0.0;14.53;1.59
0.0;0.0;0.0;14.34;1.79
0.0;0.0;0.0;14.36;1.66
51.0;8.97;49.0;14.32;1.31
52.0;0.0;52.0;16.62;0.9
277.0;69.63;237.0;19.14;0.76
156.0;0.0;156.0;20.9;0.48
303.0;6.04;298.0;21.67;0.62
246.0;0.0;246.0;22.94;0.83
660.0;229.04;450.0;23.93;1.24
195.0;0.0;195.0;24.51;2.21
854.0;847.92;162.0;23.24;2.9
693.0;687.26;211.0;22.7;2.97
506.0;517.07;220.0;22.47;1.72
348.0;497.95;158.0;22.06;1.17
164.0;312.55;102.0;21.54;0.55
23.0;0.0;23.0;20.82;0.62
0.0;0.0;0.0;19.72;0.62
0.0;0.0;0.0;18.08;1.24
0.0;0.0;0.0;17.12;1.31
0.0;0.0;0.0;16.35;1.38
0.0;0.0;0.0;15.61;1.38
0.0;0.0;0.0;14.92;1.59
0.0;0.0;0.0;14.27;1.59
0.0;0.0;0.0;13.77;1.66
0.0;0.0;0.0;13.52;1.66
0.0;0.0;0.0;13.3;1.59
85.0;88.62;65.0;13.65;1.1
258.0;296.72;137.0;17.18;0.9
302.0;100.58;244.0;19.82;1.03
261.0;8.32;255.0;21.26;2.28
156.0;0.0;156.0;21.2;2.55
233.0;0.0;233.0;21.49;3.03
144.0;0.0;144.0;21.1;3.03
332.0;4.49;328.0;20.62;2.55
816.0;721.33;226.0;20.93;2.76
637.0;503.33;283.0;21.72;2.62
534.0;614.08;193.0;21.75;2.76
351.0;502.61;158.0;20.95;2.55
173.0;368.05;99.0;20.19;1.86
23.0;0.0;23.0;19.11;1.1
0.0;0.0;0.0;18.24;0.83
0.0;0.0;0.0;17.4;0.69
0.0;0.0;0.0;17.25;0.41
0.0;0.0;0.0;16.36;0.0
0.0;0.0;0.0;15.41;0.0
0.0;0.0;0.0;14.68;1.1
0.0;0.0;0.0;14.21;1.03
0.0;0.0;0.0;13.63;0.97
0.0;0.0;0.0;12.73;1.03
0.0;0.0;0.0;11.66;1.17
52.0;8.76;50.0;12.46;0.83
239.0;212.12;152.0;14.43;0.62
419.0;354.21;214.0;17.89;0.48
612.0;527.24;231.0;19.61;1.17
800.0;741.58;183.0;20.96;1.45
901.0;796.1;185.0;22.1;1.66
636.0;186.92;464.0;23.1;2.14
656.0;229.56;451.0;23.63;2.62
853.0;810.04;189.0;23.61;3.1
732.0;788.37;176.0;23.22;3.59
545.0;629.64;194.0;22.33;3.66
415.0;810.06;102.0;21.27;3.24
187.0;446.7;96.0;20.11;2.34
23.0;0.0;23.0;18.96;1.1
0.0;0.0;0.0;17.64;0.69
0.0;0.0;0.0;17.25;0.34
0.0;0.0;0.0;16.67;0.55
0.0;0.0;0.0;16.12;0.69
0.0;0.0;0.0;15.64;0.76
0.0;0.0;0.0;15.34;0.48
0.0;0.0;0.0;14.97;0.28
0.0;0.0;0.0;14.51;0.41
0.0;0.0;0.0;13.6;0.97
0.0;0.0;0.0;11.55;1.52
121.0;272.95;58.0;12.03;1.24
308.0;499.52;102.0;15.42;0.9
491.0;600.92;142.0;18.16;0.9
676.0;726.05;150.0;19.93;0.69
815.0;776.07;168.0;21.27;1.72
918.0;831.31;169.0;22.11;2.28
950.0;826.66;188.0;22.63;2.62
930.0;820.43;196.0;22.86;3.03
836.0;742.58;226.0;22.85;3.17
738.0;796.13;175.0;22.57;3.17
398.0;187.64;293.0;22.08;2.9
373.0;568.47;152.0;21.28;2.14
206.0;591.26;84.0;20.27;1.38
25.0;0.0;25.0;19.31;1.03
0.0;0.0;0.0;17.51;0.97
0.0;0.0;0.0;17.41;0.28
0.0;0.0;0.0;15.61;1.45
0.0;0.0;0.0;15.93;0.76
0.0;0.0;0.0;15.92;0.69
0.0;0.0;0.0;14.36;1.24
0.0;0.0;0.0;14.3;1.79
0.0;0.0;0.0;14.6;1.72
0.0;0.0;0.0;14.17;1.17
0.0;0.0;0.0;13.79;1.24
17.0;0.0;17.0;14.04;1.59
27.0;0.0;27.0;14.28;1.66
67.0;0.0;67.0;16.69;1.1
68.0;0.0;68.0;16.88;1.59
146.0;0.0;146.0;17.95;1.24
164.0;0.0;164.0;19.56;1.24
187.0;0.0;187.0;20.99;1.52
178.0;0.0;178.0;22.63;1.93
839.0;788.42;190.0;23.99;0.83
90.0;0.0;90.0;24.28;2.14
59.0;0.0;59.0;22.88;3.79
78.0;0.0;78.0;20.79;2.41
143.0;153.16;111.0;20.01;0.83
13.0;0.0;13.0;19.38;1.1
0.0;0.0;0.0;18.05;0.55
0.0;0.0;0.0;16.98;0.9
0.0;0.0;0.0;15.64;1.31
0.0;0.0;0.0;15.05;1.52
0.0;0.0;0.0;15.87;2.21
0.0;0.0;0.0;15.96;2.48
0.0;0.0;0.0;15.69;2.0
0.0;0.0;0.0;15.55;1.59
0.0;0.0;0.0;14.86;1.72
0.0;0.0;0.0;14.47;1.72
72.0;33.96;64.0;14.28;1.45
312.0;511.21;99.0;15.64;1.93
452.0;453.31;187.0;16.6;2.48
243.0;4.12;240.0;17.4;2.83
450.0;74.09;388.0;18.1;3.72
99.0;0.0;99.0;18.26;4.28
396.0;15.14;382.0;17.87;4.41
514.0;76.86;445.0;17.84;3.93
507.0;105.48;420.0;17.91;3.72
377.0;49.23;342.0;18.12;3.45
460.0;335.26;271.0;17.93;3.1
170.0;15.25;164.0;17.77;2.76
68.0;0.0;68.0;17.19;2.55
4.0;0.0;4.0;16.52;1.59
0.0;0.0;0.0;15.42;0.9
0.0;0.0;0.0;14.89;0.55
0.0;0.0;0.0;15.17;0.28
0.0;0.0;0.0;13.99;0.9
0.0;0.0;0.0;13.51;0.97
0.0;0.0;0.0;13.14;0.97
0.0;0.0;0.0;13.08;0.9
0.0;0.0;0.0;12.69;0.97
0.0;0.0;0.0;12.69;1.31
0.0;0.0;0.0;12.42;1.45
102.0;130.36;71.0;12.79;1.38
297.0;427.56;118.0;14.52;1.79
452.0;441.7;193.0;16.01;2.28
574.0;405.74;278.0;17.42;2.9
620.0;287.47;379.0;18.78;3.03
879.0;721.19;226.0;19.89;3.03
829.0;511.75;355.0;20.68;3.03
861.0;629.38;295.0;21.5;3.1
754.0;515.45;328.0;22.06;3.31
649.0;502.32;291.0;22.24;3.79
596.0;811.3;137.0;22.16;4.28
400.0;695.04;125.0;21.35;3.93
220.0;654.21;80.0;20.56;4.14
29.0;0.0;29.0;19.03;3.66
0.0;0.0;0.0;17.04;2.97
0.0;0.0;0.0;15.77;2.69
0.0;0.0;0.0;14.78;2.55
0.0;0.0;0.0;13.91;2.48
0.0;0.0;0.0;13.2;2.48
0.0;0.0;0.0;12.6;2.48
0.0;0.0;0.0;12.11;2.48
0.0;0.0;0.0;11.72;2.48
0.0;0.0;0.0;11.37;2.48
0.0;0.0;0.0;11.07;2.48
128.0;270.89;63.0;11.7;2.21
315.0;489.82;109.0;14.05;2.14
507.0;625.77;139.0;16.56;2.83
690.0;738.65;150.0;18.69;3.52
838.0;812.11;156.0;20.29;3.93
941.0;865.66;156.0;21.6;4.21
964.0;836.55;188.0;22.68;4.34
960.0;877.05;170.0;23.54;4.28
892.0;885.21;159.0;24.14;4.21
781.0;899.97;138.0;24.36;4.14
618.0;868.34;125.0;24.18;4.21
410.0;718.78;124.0;23.41;4.0
228.0;688.3;79.0;22.11;3.79
29.0;0.0;29.0;20.32;3.24
0.0;0.0;0.0;18.63;2.9
0.0;0.0;0.0;17.4;2.48
0.0;0.0;0.0;16.13;2.21
0.0;0.0;0.0;14.77;2.0
0.0;0.0;0.0;13.5;1.93
0.0;0.0;0.0;12.43;1.86
0.0;0.0;0.0;11.46;1.86
0.0;0.0;0.0;10.78;1.79
0.0;0.0;0.0;10.13;1.72
0.0;0.0;0.0;9.63;1.72
142.0;351.24;57.0;10.08;1.24
323.0;525.58;101.0;14.51;0.83
517.0;657.96;129.0;18.0;0.62
698.0;759.01;142.0;20.44;0.21
848.0;833.39;147.0;22.18;0.41
942.0;865.51;156.0;23.5;1.17
981.0;878.41;165.0;24.36;1.66
976.0;913.36;152.0;24.82;2.0
903.0;908.87;149.0;24.99;2.21
766.0;851.71;156.0;24.89;2.48
610.0;833.76;135.0;24.32;2.76
415.0;732.33;122.0;23.27;2.76
224.0;644.08;83.0;21.93;2.07
30.0;0.0;30.0;20.47;1.24
0.0;0.0;0.0;18.57;0.69
0.0;0.0;0.0;17.76;0.41
0.0;0.0;0.0;17.5;0.41
0.0;0.0;0.0;17.0;0.69
0.0;0.0;0.0;16.37;0.76
0.0;0.0;0.0;15.39;0.97
0.0;0.0;0.0;13.9;1.38
0.0;0.0;0.0;12.87;1.52
0.0;0.0;0.0;12.29;1.52
0.0;0.0;0.0;11.95;1.52
71.0;20.49;66.0;12.91;1.03
193.0;75.45;161.0;16.71;0.69
408.0;289.22;237.0;19.26;0.55
306.0;21.8;290.0;20.97;0.83
719.0;486.68;309.0;22.36;1.24
898.0;755.44;211.0;23.64;1.79
649.0;193.5;469.0;24.5;2.41
680.0;252.34;452.0;24.86;2.9
904.0;919.24;140.0;24.78;3.1
767.0;860.83;149.0;24.41;3.03
605.0;818.7;137.0;23.76;2.83
264.0;134.24;210.0;22.86;2.41
74.0;0.0;74.0;21.71;2.0
49.0;413.09;32.0;20.24;1.45
0.0;0.0;0.0;18.45;1.66
0.0;0.0;0.0;17.12;1.03
0.0;0.0;0.0;16.31;0.9
0.0;0.0;0.0;15.05;1.52
0.0;0.0;0.0;14.48;1.66
0.0;0.0;0.0;14.19;1.17
0.0;0.0;0.0;13.78;1.52
0.0;0.0;0.0;13.78;1.79
0.0;0.0;0.0;14.04;1.79
0.0;0.0;0.0;14.24;1.93
98.0;93.56;75.0;15.28;1.79
152.0;21.14;143.0;17.8;1.86
251.0;33.74;231.0;19.63;2.21
204.0;0.0;204.0;20.58;3.31
255.0;0.0;255.0;21.92;3.59
907.0;791.78;186.0;23.26;3.72
960.0;845.97;172.0;24.39;4.14
950.0;867.53;165.0;24.64;4.69
889.0;886.38;151.0;24.38;4.83
763.0;851.88;150.0;23.96;4.76
521.0;496.93;236.0;23.27;4.55
323.0;301.69;201.0;22.27;4.07
224.0;621.42;85.0;21.24;3.45
55.0;525.92;32.0;19.87;2.69
0.0;0.0;0.0;18.59;1.66
0.0;0.0;0.0;17.69;1.17
0.0;0.0;0.0;16.62;1.03
0.0;0.0;0.0;16.71;0.69
0.0;0.0;0.0;16.38;0.62
0.0;0.0;0.0;14.65;1.1
0.0;0.0;0.0;14.07;1.52
0.0;0.0;0.0;13.7;1.66
0.0;0.0;0.0;13.2;1.59
0.0;0.0;0.0;12.67;1.59
126.0;230.2;69.0;13.42;0.97
332.0;556.92;94.0;16.86;0.76
508.0;634.57;131.0;19.51;1.86
634.0;568.91;215.0;21.15;2.0
814.0;763.45;169.0;22.62;1.93
925.0;840.14;159.0;24.04;1.59
957.0;841.67;172.0;25.02;1.31
847.0;585.99;316.0;25.55;1.86
863.0;816.51;182.0;25.9;2.9
753.0;825.0;158.0;26.01;3.1
499.0;420.59;257.0;25.6;2.76
200.0;34.44;186.0;25.17;2.0
111.0;30.97;104.0;24.43;1.66
48.0;280.99;35.0;23.28;1.66
0.0;0.0;0.0;21.57;2.07
0.0;0.0;0.0;20.5;2.34
0.0;0.0;0.0;19.31;2.41
0.0;0.0;0.0;18.23;2.41
0.0;0.0;0.0;17.34;2.48
0.0;0.0;0.0;16.62;2.48
0.0;0.0;0.0;16.0;2.34
0.0;0.0;0.0;15.36;2.34
0.0;0.0;0.0;14.85;2.34
0.0;0.0;0.0;14.46;2.34
145.0;340.95;60.0;15.28;2.14
333.0;548.0;98.0;17.97;2.07
514.0;643.26;131.0;20.89;2.28
692.0;742.87;144.0;23.28;2.55
840.0;816.83;149.0;25.06;2.48
943.0;870.89;148.0;26.46;2.55
965.0;850.28;171.0;27.5;2.55
854.0;591.79;317.0;28.22;2.21
738.0;459.64;354.0;28.68;1.93
621.0;408.13;326.0;28.82;1.79
327.0;69.3;287.0;28.51;2.0
408.0;673.16;133.0;27.77;2.41
231.0;639.58;85.0;26.65;2.9
56.0;430.8;35.0;24.77;3.38
0.0;0.0;0.0;22.49;2.21
0.0;0.0;0.0;20.98;2.28
0.0;0.0;0.0;19.68;2.28
0.0;0.0;0.0;18.58;2.28
0.0;0.0;0.0;17.65;2.28
0.0;0.0;0.0;16.79;2.21
0.0;0.0;0.0;16.07;2.21
0.0;0.0;0.0;15.42;2.14
0.0;0.0;0.0;14.81;2.14
0.0;0.0;0.0;14.36;2.07
146.0;338.78;61.0;15.03;1.72
334.0;550.87;97.0;17.87;1.45
524.0;672.1;123.0;21.5;1.72
687.0;724.15;152.0;23.77;1.72
841.0;818.18;148.0;25.38;1.59
944.0;872.09;147.0;26.63;1.59
983.0;886.71;154.0;27.59;1.52
968.0;896.96;153.0;28.28;1.38
897.0;891.48;151.0;28.69;1.52
615.0;387.92;334.0;28.26;1.93
587.0;723.69;168.0;27.22;2.21
404.0;638.2;142.0;26.52;2.48
227.0;590.01;91.0;25.51;2.0
53.0;312.63;37.0;24.17;1.45
0.0;0.0;0.0;22.41;1.72
0.0;0.0;0.0;21.25;1.66
0.0;0.0;0.0;20.08;1.59
0.0;0.0;0.0;19.0;1.59
0.0;0.0;0.0;18.05;1.66
0.0;0.0;0.0;17.24;1.72
0.0;0.0;0.0;16.35;1.79
0.0;0.0;0.0;15.85;1.79
0.0;0.0;0.0;15.51;1.86
0.0;0.0;0.0;15.21;1.86
138.0;289.21;65.0;16.23;1.52
324.0;507.48;105.0;19.67;1.17
513.0;640.69;130.0;23.02;0.62
679.0;710.96;153.0;25.19;0.21
832.0;804.25;150.0;26.52;0.97
934.0;858.03;149.0;27.48;1.52
972.0;871.83;156.0;28.04;2.07
958.0;882.62;155.0;28.13;2.76
897.0;900.81;142.0;28.11;3.31
775.0;877.53;138.0;27.26;4.0
421.0;213.53;297.0;26.59;3.66
380.0;521.22;165.0;25.82;2.76
225.0;571.57;92.0;25.17;1.86
54.0;298.74;38.0;24.11;0.76
0.0;0.0;0.0;23.08;0.48
0.0;0.0;0.0;22.66;0.0
0.0;0.0;0.0;22.03;0.48
0.0;0.0;0.0;20.18;1.1
0.0;0.0;0.0;18.61;1.52
0.0;0.0;0.0;17.72;1.66
0.0;0.0;0.0;17.01;1.72
0.0;0.0;0.0;16.28;1.66
0.0;0.0;0.0;15.64;1.59
0.0;0.0;0.0;15.14;1.52
132.0;244.26;70.0;16.33;1.03
322.0;501.42;105.0;20.7;0.62
510.0;634.52;130.0;23.98;0.76
675.0;704.63;153.0;25.99;1.31
819.0;776.28;160.0;27.63;1.59
929.0;851.69;149.0;28.98;1.72
967.0;865.55;156.0;29.94;2.0
963.0;899.1;144.0;30.38;2.48
888.0;881.55;148.0;29.96;2.76
763.0;846.87;147.0;29.67;2.34
98.0;0.0;98.0;28.94;1.59
47.0;0.0;47.0;28.14;1.1
25.0;0.0;25.0;26.94;0.76
36.0;53.68;33.0;25.9;0.55
0.0;0.0;0.0;23.91;1.03
0.0;0.0;0.0;22.19;0.9
0.0;0.0;0.0;22.01;0.69
0.0;0.0;0.0;21.8;0.62
0.0;0.0;0.0;20.09;1.03
0.0;0.0;0.0;18.58;1.31
0.0;0.0;0.0;17.61;1.38
0.0;0.0;0.0;16.93;1.45
0.0;0.0;0.0;16.44;1.59
0.0;0.0;0.0;16.07;1.59
133.0;246.91;70.0;16.97;1.17
316.0;472.44;111.0;21.47;0.83
511.0;635.13;130.0;24.7;0.55
683.0;723.99;146.0;26.63;0.34
820.0;776.66;160.0;28.04;0.62
930.0;850.86;150.0;29.14;0.76
968.0;865.73;156.0;29.86;1.03
954.0;875.0;156.0;30.18;1.66
856.0;789.83;192.0;29.88;1.93
68.0;0.0;68.0;29.1;2.14
54.0;0.0;54.0;28.21;1.52
174.0;12.01;169.0;27.63;0.83
175.0;219.48;123.0;27.05;0.97
67.0;515.84;37.0;26.29;0.21
0.0;0.0;0.0;24.34;0.28
0.0;0.0;0.0;23.61;0.55
0.0;0.0;0.0;22.32;0.83
0.0;0.0;0.0;21.07;1.03
0.0;0.0;0.0;19.89;1.31
0.0;0.0;0.0;18.93;1.38
0.0;0.0;0.0;18.14;1.38
0.0;0.0;0.0;17.47;1.31
0.0;0.0;0.0;16.91;1.38
0.0;0.0;0.0;16.51;1.38
142.0;296.43;66.0;17.63;0.9
318.0;475.89;111.0;21.8;0.62
496.0;575.89;150.0;24.34;0.41
685.0;727.2;145.0;26.24;0.76
839.0;820.59;141.0;27.88;1.38
932.0;853.35;149.0;29.18;1.93
981.0;890.45;145.0;29.98;2.55
977.0;925.47;132.0;30.16;3.38
901.0;907.47;137.0;30.1;3.66
759.0;827.11;155.0;28.55;3.38
80.0;0.0;80.0;28.98;2.76
109.0;0.0;109.0;28.05;2.21
40.0;0.0;40.0;27.18;1.52
6.0;0.0;6.0;26.28;0.62
0.0;0.0;0.0;24.93;0.41
0.0;0.0;0.0;24.21;0.14
0.0;0.0;0.0;23.41;0.34
0.0;0.0;0.0;22.56;0.07
0.0;0.0;0.0;21.76;0.28
0.0;0.0;0.0;21.36;0.55
0.0;0.0;0.0;19.09;1.31
0.0;0.0;0.0;18.11;1.38
0.0;0.0;0.0;17.69;1.24
0.0;0.0;0.0;17.03;1.24
72.0;15.53;68.0;17.91;0.9
133.0;6.88;130.0;21.48;0.28
419.0;310.81;232.0;23.58;0.48
574.0;390.13;284.0;25.17;0.55
204.0;0.0;204.0;26.84;0.97
176.0;0.0;176.0;28.06;1.52
389.0;12.77;377.0;28.64;2.28
384.0;12.03;373.0;28.8;2.9
874.0;837.41;168.0;28.58;3.31
761.0;826.92;156.0;27.9;3.38
540.0;532.94;227.0;27.03;2.76
315.0;245.27;212.0;23.8;1.59
180.0;228.25;125.0;23.03;1.59
47.0;111.94;40.0;22.25;1.59
0.0;0.0;0.0;21.48;1.59
0.0;0.0;0.0;20.71;1.59
0.0;0.0;0.0;19.93;1.59
0.0;0.0;0.0;19.16;1.59
0.0;0.0;0.0;18.39;1.59
0.0;0.0;0.0;17.61;1.59
0.0;0.0;0.0;16.84;1.59
0.0;0.0;0.0;16.06;1.59
0.0;0.0;0.0;15.29;1.59
36.0;111.2;27.0;14.52;1.59
197.0;427.65;86.0;13.74;1.59
384.0;600.9;121.0;12.97;1.59
570.0;706.29;144.0;12.19;1.59
732.0;768.08;160.0;19.67;1.45
858.0;806.84;170.0;21.16;0.69
938.0;827.38;177.0;22.27;0.28
854.0;547.09;339.0;23.2;0.14
901.0;734.76;228.0;23.73;0.76
747.0;514.6;312.0;23.7;2.21
671.0;603.32;228.0;23.26;2.76
541.0;645.36;160.0;22.95;2.55
363.0;564.46;124.0;22.6;2.55
180.0;400.34;82.0;21.73;2.55
29.0;119.98;21.0;20.5;2.21
0.0;0.0;0.0;18.68;1.66
0.0;0.0;0.0;17.75;1.45
0.0;0.0;0.0;16.73;1.31
0.0;0.0;0.0;15.9;1.31
0.0;0.0;0.0;15.29;1.38
0.0;0.0;0.0;14.66;1.66
0.0;0.0;0.0;13.99;1.72
0.0;0.0;0.0;13.6;1.72
0.0;0.0;0.0;13.31;1.79
34.0;85.37;27.0;13.08;1.79
193.0;391.64;91.0;13.85;1.52
385.0;599.89;122.0;16.79;1.1
567.0;692.29;149.0;19.37;0.76
720.0;724.54;180.0;20.72;0.55
839.0;745.35;203.0;21.89;0.55
796.0;462.83;370.0;22.62;0.9
595.0;129.5;473.0;23.13;1.52
671.0;245.41;446.0;22.96;1.93
456.0;63.8;402.0;22.85;2.0
271.0;5.44;267.0;22.27;2.07
369.0;150.38;280.0;21.96;1.86
270.0;188.2;190.0;21.55;1.52
140.0;158.13;101.0;20.9;1.38
24.0;58.26;20.0;20.36;1.03
0.0;0.0;0.0;19.02;0.48
0.0;0.0;0.0;18.59;0.55
0.0;0.0;0.0;17.46;0.97
0.0;0.0;0.0;17.22;0.76
0.0;0.0;0.0;16.17;1.03
0.0;0.0;0.0;15.22;1.17
0.0;0.0;0.0;14.67;1.1
0.0;0.0;0.0;14.24;1.03
0.0;0.0;0.0;13.7;1.1
39.0;132.6;28.0;13.14;1.24
187.0;352.17;95.0;14.6;0.76
376.0;553.44;133.0;18.13;0.41
566.0;689.99;149.0;20.24;0.07
727.0;750.85;167.0;21.73;0.41
857.0;803.44;171.0;22.98;1.1
941.0;838.21;169.0;23.87;2.21
910.0;686.26;263.0;24.09;2.97
932.0;822.72;177.0;24.04;3.17
843.0;784.74;178.0;23.95;3.1
718.0;758.73;159.0;24.02;3.17
554.0;694.47;142.0;23.68;3.17
363.0;553.09;127.0;23.06;2.9
184.0;414.63;81.0;22.16;2.34
33.0;155.87;22.0;21.07;1.72
0.0;0.0;0.0;19.24;2.0
0.0;0.0;0.0;18.33;1.86
0.0;0.0;0.0;17.67;1.79
0.0;0.0;0.0;17.23;1.79
0.0;0.0;0.0;16.93;1.86
0.0;0.0;0.0;16.72;2.0
0.0;0.0;0.0;16.45;2.07
0.0;0.0;0.0;16.18;2.28
0.0;0.0;0.0;15.88;2.55
42.0;167.01;28.0;15.98;2.62
176.0;286.32;101.0;16.38;2.41
355.0;461.73;152.0;17.85;3.45
242.0;14.88;233.0;19.06;4.83
223.0;0.0;223.0;20.22;5.52
674.0;346.48;378.0;20.94;5.66
657.0;226.79;448.0;21.99;5.86
783.0;407.02;399.0;22.68;6.28
896.0;735.98;220.0;22.65;6.69
749.0;528.05;301.0;23.01;6.97
699.0;704.66;179.0;22.87;6.83
516.0;551.6;188.0;22.81;6.55
272.0;193.81;189.0;22.23;6.34
120.0;79.96;100.0;21.51;5.59
14.0;0.0;14.0;20.75;5.59
0.0;0.0;0.0;19.23;5.59
0.0;0.0;0.0;18.14;5.31
0.0;0.0;0.0;18.11;5.24
0.0;0.0;0.0;17.94;5.17
0.0;0.0;0.0;17.53;4.97
0.0;0.0;0.0;17.14;4.97
0.0;0.0;0.0;17.49;4.0
0.0;0.0;0.0;18.06;3.38
0.0;0.0;0.0;18.17;4.34
14.0;0.0;14.0;17.25;3.79
35.0;0.0;35.0;17.53;3.38
76.0;0.0;76.0;17.6;2.83
140.0;0.0;140.0;17.38;4.0
137.0;0.0;137.0;18.02;4.07
405.0;33.93;376.0;18.91;4.07
631.0;193.05;453.0;17.97;4.0
557.0;99.57;463.0;19.49;4.0
628.0;192.54;451.0;18.96;4.48
469.0;76.53;404.0;20.12;3.45
515.0;227.31;347.0;20.44;3.1
486.0;444.65;221.0;20.57;3.1
361.0;549.13;125.0;20.09;2.69
190.0;444.78;78.0;19.76;1.72
34.0;148.22;23.0;19.17;1.03
0.0;0.0;0.0;18.45;1.24
0.0;0.0;0.0;17.28;1.38
0.0;0.0;0.0;16.21;1.24
0.0;0.0;0.0;15.32;1.38
0.0;0.0;0.0;14.47;1.38
0.0;0.0;0.0;13.82;1.38
0.0;0.0;0.0;13.47;1.38
0.0;0.0;0.0;13.26;1.38
0.0;0.0;0.0;13.04;1.38
43.0;164.16;29.0;12.68;1.38
207.0;478.91;81.0;13.72;1.03
395.0;640.06;113.0;16.57;0.55
574.0;716.59;140.0;19.41;1.31
733.0;765.7;161.0;21.19;1.86
864.0;818.61;164.0;22.58;2.07
949.0;852.02;163.0;23.7;2.14
970.0;846.88;170.0;24.54;2.21
945.0;849.99;163.0;24.9;3.03
857.0;815.04;164.0;24.68;3.72
727.0;774.13;154.0;24.01;4.14
559.0;698.19;142.0;23.22;3.66
380.0;619.15;113.0;22.45;2.55
194.0;457.74;78.0;21.77;1.86
37.0;158.03;25.0;20.72;1.38
0.0;0.0;0.0;19.5;1.45
0.0;0.0;0.0;18.11;1.45
0.0;0.0;0.0;17.01;1.38
0.0;0.0;0.0;16.24;1.38
0.0;0.0;0.0;15.69;1.45
0.0;0.0;0.0;15.08;1.59
0.0;0.0;0.0;14.48;1.59
0.0;0.0;0.0;14.09;1.59
0.0;0.0;0.0;14.04;1.66
44.0;174.68;29.0;14.16;1.86
203.0;455.32;83.0;15.57;1.72
342.0;396.89;167.0;17.93;2.14
518.0;508.31;210.0;19.47;3.72
626.0;444.26;294.0;20.72;3.86
619.0;244.32;410.0;21.71;4.0
901.0;728.12;229.0;22.6;4.14
788.0;409.44;401.0;23.32;4.41
859.0;622.35;286.0;23.5;4.41
723.0;454.68;336.0;23.47;4.41
556.0;296.8;336.0;23.44;4.48
107.0;0.0;107.0;23.13;4.69
217.0;69.34;187.0;22.49;4.55
28.0;0.0;28.0;21.78;3.86
26.0;38.67;23.0;20.82;3.52
0.0;0.0;0.0;19.6;3.24
0.0;0.0;0.0;19.02;3.1
0.0;0.0;0.0;18.57;3.03
0.0;0.0;0.0;18.22;3.38
0.0;0.0;0.0;18.24;3.59
0.0;0.0;0.0;18.09;3.59
0.0;0.0;0.0;18.02;3.66
0.0;0.0;0.0;17.47;3.52
0.0;0.0;0.0;17.36;3.24
14.0;0.0;14.0;17.24;2.9
163.0;212.19;107.0;17.43;3.31
225.0;74.8;192.0;17.99;3.31
256.0;21.45;243.0;18.17;2.69
452.0;124.41;359.0;18.54;2.9
373.0;19.87;356.0;19.59;3.03
872.0;665.02;258.0;20.44;3.24
897.0;670.42;263.0;21.66;3.66
825.0;551.36;317.0;20.3;3.93
833.0;766.45;180.0;20.44;3.17
699.0;699.21;180.0;19.61;3.17
544.0;650.32;154.0;20.04;2.83
368.0;566.81;122.0;20.45;2.21
130.0;101.38;104.0;20.42;1.79
31.0;75.78;25.0;19.55;1.31
0.0;0.0;0.0;19.27;1.38
0.0;0.0;0.0;17.94;1.38
0.0;0.0;0.0;16.64;1.52
0.0;0.0;0.0;15.88;1.45
0.0;0.0;0.0;15.64;1.45
0.0;0.0;0.0;15.97;1.52
0.0;0.0;0.0;15.55;1.79
0.0;0.0;0.0;15.24;1.79
0.0;0.0;0.0;15.28;1.72
41.0;138.28;29.0;15.01;1.66
184.0;321.73;99.0;15.62;1.52
374.0;539.19;136.0;17.39;1.72
561.0;671.26;154.0;19.04;2.48
618.0;425.3;300.0;20.2;2.62
734.0;467.33;334.0;20.84;2.69
889.0;689.69;252.0;21.59;3.17
939.0;764.16;216.0;21.73;3.52
926.0;802.63;186.0;21.69;3.93
570.0;177.07;419.0;21.28;4.0
161.0;0.0;161.0;21.38;4.21
181.0;0.0;181.0;21.19;4.0
378.0;597.27;118.0;20.46;3.66
197.0;453.67;80.0;19.87;3.24
35.0;99.15;27.0;18.98;2.62
0.0;0.0;0.0;18.07;2.14
0.0;0.0;0.0;17.35;1.79
0.0;0.0;0.0;16.74;1.72
0.0;0.0;0.0;16.38;1.93
0.0;0.0;0.0;15.95;2.28
0.0;0.0;0.0;15.83;2.41
0.0;0.0;0.0;15.64;1.93
0.0;0.0;0.0;15.88;1.93
0.0;0.0;0.0;15.3;1.66
46.0;195.19;29.0;14.89;0.9
75.0;3.78;74.0;15.28;1.45
355.0;446.18;158.0;16.38;1.45
527.0;534.29;203.0;17.77;1.66
652.0;512.16;269.0;18.74;2.34
673.0;334.07;387.0;19.13;3.03
695.0;274.93;441.0;19.63;3.93
751.0;335.96;433.0;19.94;4.69
497.0;62.87;439.0;18.86;4.83
522.0;119.5;420.0;19.71;4.9
502.0;193.5;358.0;19.54;4.76
363.0;131.24;284.0;19.08;4.62
237.0;96.2;195.0;18.95;4.21
27.0;0.0;27.0;18.05;3.31
4.0;0.0;4.0;17.52;2.28
0.0;0.0;0.0;15.86;1.66
0.0;0.0;0.0;15.3;1.86
0.0;0.0;0.0;14.81;1.72
0.0;0.0;0.0;14.32;1.86
0.0;0.0;0.0;14.72;2.21
0.0;0.0;0.0;14.91;1.93
0.0;0.0;0.0;14.97;2.07
0.0;0.0;0.0;14.86;2.34
0.0;0.0;0.0;14.71;2.28
42.0;137.43;30.0;14.85;2.07
202.0;438.53;86.0;14.93;1.79
389.0;613.7;118.0;15.63;1.93
551.0;633.2;167.0;16.72;1.79
493.0;175.16;362.0;17.67;2.14
137.0;0.0;137.0;18.63;2.62
166.0;0.0;166.0;19.23;3.03
127.0;0.0;127.0;19.65;3.24
94.0;0.0;94.0;19.75;3.24
194.0;0.0;194.0;18.44;3.03
106.0;0.0;106.0;18.03;1.93
350.0;111.11;283.0;18.81;1.59
382.0;607.63;116.0;18.67;1.31
200.0;460.53;80.0;18.45;1.1
43.0;179.63;28.0;18.03;0.83
0.0;0.0;0.0;16.97;1.24
0.0;0.0;0.0;16.39;1.17
0.0;0.0;0.0;15.35;1.31
0.0;0.0;0.0;14.4;1.24
0.0;0.0;0.0;13.68;1.31
0.0;0.0;0.0;13.03;1.59
0.0;0.0;0.0;12.47;1.59
0.0;0.0;0.0;12.1;1.66
0.0;0.0;0.0;11.75;1.72
48.0;205.82;30.0;11.59;1.66
212.0;502.73;79.0;12.51;1.24
398.0;652.23;110.0;15.13;1.03
581.0;742.07;131.0;18.06;1.03
742.0;795.59;147.0;19.62;0.69
860.0;812.8;164.0;20.82;0.9
941.0;835.22;169.0;21.8;1.1
973.0;852.99;165.0;22.68;1.03
955.0;868.35;153.0;23.49;1.24
848.0;782.53;179.0;23.89;2.14
734.0;781.58;151.0;23.7;2.48
570.0;716.85;137.0;23.29;2.34
391.0;635.67;112.0;22.62;2.34
201.0;458.35;81.0;21.71;2.07
43.0;176.88;28.0;20.68;1.45
0.0;0.0;0.0;19.42;1.1
0.0;0.0;0.0;18.14;1.1
0.0;0.0;0.0;17.46;1.03
0.0;0.0;0.0;16.5;1.31
0.0;0.0;0.0;15.79;1.38
0.0;0.0;0.0;15.19;1.52
0.0;0.0;0.0;14.82;1.72
0.0;0.0;0.0;14.42;1.72
0.0;0.0;0.0;14.12;1.72
36.0;68.57;30.0;13.89;1.59
43.0;0.0;43.0;15.07;1.24
211.0;52.1;188.0;18.89;1.17
422.0;237.5;278.0;20.52;1.86
518.0;217.97;355.0;21.38;1.52
594.0;207.87;416.0;22.4;1.38
890.0;699.87;243.0;23.85;1.45
968.0;846.39;166.0;24.94;1.52
944.0;850.6;158.0;25.72;2.34
492.0;92.34;413.0;25.65;3.66
559.0;295.96;338.0;24.63;4.48
503.0;471.08;218.0;23.47;4.14
115.0;0.0;115.0;22.02;3.24
18.0;0.0;18.0;20.87;2.69
29.0;34.87;26.0;19.7;2.21
0.0;0.0;0.0;19.37;1.03
0.0;0.0;0.0;18.15;1.24
0.0;0.0;0.0;17.24;1.24
0.0;0.0;0.0;16.87;1.03
0.0;0.0;0.0;17.5;0.62
0.0;0.0;0.0;16.37;0.9
0.0;0.0;0.0;16.02;0.97
0.0;0.0;0.0;15.78;0.97
0.0;0.0;0.0;15.76;1.03
40.0;114.33;30.0;15.95;1.24
159.0;185.33;110.0;17.07;1.38
369.0;518.91;140.0;18.33;1.79
512.0;488.32;216.0;19.8;2.07
594.0;367.79;319.0;20.65;2.48
752.0;511.5;314.0;21.32;3.1
727.0;332.05;420.0;21.93;3.72
821.0;472.67;373.0;22.16;4.21
807.0;491.09;353.0;21.95;4.21
770.0;557.14;293.0;22.1;4.21
683.0;611.38;226.0;22.28;3.93
497.0;445.62;227.0;21.75;3.31
371.0;532.86;136.0;21.63;2.83
207.0;484.68;79.0;21.07;2.41
44.0;172.07;29.0;20.31;1.59
0.0;0.0;0.0;19.39;1.24
0.0;0.0;0.0;18.49;0.9
0.0;0.0;0.0;17.76;0.9
0.0;0.0;0.0;16.87;1.1
0.0;0.0;0.0;16.29;1.24
0.0;0.0;0.0;15.82;1.31
0.0;0.0;0.0;15.32;1.31
0.0;0.0;0.0;14.87;1.31
0.0;0.0;0.0;14.42;1.31
46.0;194.64;29.0;14.07;1.31
198.0;423.93;86.0;15.39;0.9
382.0;596.27;119.0;18.13;0.69
550.0;637.03;164.0;19.8;0.9
714.0;722.37;174.0;21.16;1.79
819.0;701.91;218.0;22.2;2.76
897.0;721.38;230.0;22.85;2.83
703.0;265.81;451.0;23.81;2.9
827.0;543.86;324.0;24.51;2.83
861.0;824.08;155.0;24.58;2.83
721.0;748.46;161.0;23.59;3.31
561.0;685.62;145.0;22.88;2.69
363.0;497.76;143.0;22.7;1.86
196.0;411.12;87.0;22.26;1.24
32.0;56.66;27.0;21.48;0.41
0.0;0.0;0.0;20.96;0.28
0.0;0.0;0.0;20.18;0.48
0.0;0.0;0.0;18.5;0.97
0.0;0.0;0.0;17.4;1.38
0.0;0.0;0.0;17.11;1.59
0.0;0.0;0.0;16.8;1.45
0.0;0.0;0.0;16.38;1.31
0.0;0.0;0.0;15.82;1.24
0.0;0.0;0.0;15.26;1.17
48.0;206.6;30.0;15.01;1.17
206.0;473.64;81.0;16.42;0.9
401.0;673.81;104.0;18.2;1.03
569.0;714.92;136.0;20.01;1.31
723.0;758.7;156.0;21.44;1.66
826.0;727.69;203.0;22.71;2.14
904.0;747.31;213.0;23.82;2.48
533.0;79.1;458.0;24.24;2.62
914.0;777.12;195.0;24.87;3.1
849.0;797.92;165.0;24.23;3.72
719.0;745.12;161.0;22.56;3.45
268.0;29.63;250.0;22.82;2.48
387.0;614.15;115.0;22.59;1.59
171.0;251.78;104.0;22.34;0.9
45.0;168.09;30.0;21.72;0.76
0.0;0.0;0.0;20.42;0.48
0.0;0.0;0.0;19.95;0.48
0.0;0.0;0.0;19.57;0.41
0.0;0.0;0.0;19.1;0.48
0.0;0.0;0.0;17.05;1.24
0.0;0.0;0.0;16.47;1.52
0.0;0.0;0.0;15.92;1.45
0.0;0.0;0.0;15.47;1.24
0.0;0.0;0.0;15.19;1.03
30.0;34.55;27.0;15.02;1.1
75.0;3.79;74.0;16.06;0.9
261.0;143.05;198.0;18.63;0.76
224.0;8.26;219.0;20.26;1.31
373.0;48.19;337.0;21.05;1.59
442.0;53.74;396.0;21.78;1.72
718.0;320.13;422.0;22.47;2.21
827.0;491.38;361.0;22.94;2.76
928.0;811.44;177.0;22.21;2.76
848.0;789.32;171.0;22.77;2.69
649.0;513.68;264.0;22.84;3.03
542.0;601.67;176.0;22.15;2.83
383.0;592.7;120.0;21.71;2.0
205.0;460.67;82.0;21.36;1.52
44.0;155.29;30.0;20.86;1.31
0.0;0.0;0.0;19.72;0.83
0.0;0.0;0.0;18.72;0.83
0.0;0.0;0.0;18.37;0.83
0.0;0.0;0.0;17.17;1.1
0.0;0.0;0.0;16.37;1.31
0.0;0.0;0.0;15.8;1.38
0.0;0.0;0.0;15.36;1.31
0.0;0.0;0.0;14.97;1.38
0.0;0.0;0.0;14.76;1.45
44.0;161.95;30.0;14.59;1.45
179.0;292.63;102.0;15.8;1.31
283.0;195.47;197.0;18.03;1.31
401.0;195.06;283.0;19.91;2.48
511.0;204.89;358.0;20.96;2.55
637.0;273.44;403.0;22.0;2.76
823.0;525.65;337.0;22.37;3.1
962.0;825.56;179.0;22.72;3.38
950.0;855.49;158.0;22.82;3.31
864.0;820.39;160.0;22.89;3.1
737.0;779.92;152.0;23.07;2.83
574.0;717.57;137.0;22.94;2.83
396.0;638.89;112.0;22.41;2.83
209.0;477.91;81.0;21.6;2.55
51.0;219.81;31.0;20.71;1.93
0.0;0.0;0.0;19.47;1.17
0.0;0.0;0.0;18.37;0.9
0.0;0.0;0.0;17.56;1.03
0.0;0.0;0.0;18.25;0.48
0.0;0.0;0.0;17.55;0.83
0.0;0.0;0.0;15.99;1.24
0.0;0.0;0.0;15.5;1.24
0.0;0.0;0.0;14.85;1.38
0.0;0.0;0.0;14.41;1.52
43.0;151.2;30.0;14.11;1.52
176.0;277.96;103.0;15.31;1.1
377.0;562.03;130.0;18.48;0.97
493.0;430.12;233.0;20.62;0.97
575.0;325.57;332.0;22.01;0.76
855.0;799.5;171.0;23.32;1.1
921.0;775.58;204.0;24.15;1.93
585.0;119.13;472.0;24.42;2.34
594.0;143.63;461.0;24.2;2.62
233.0;0.0;233.0;24.09;2.34
141.0;0.0;141.0;23.72;2.21
57.0;0.0;57.0;23.37;1.86
151.0;6.74;148.0;22.92;1.59
124.0;59.57;108.0;22.33;1.45
34.0;54.5;29.0;21.56;1.1
0.0;0.0;0.0;20.08;1.52
0.0;0.0;0.0;19.04;1.31
0.0;0.0;0.0;17.94;1.24
0.0;0.0;0.0;17.11;1.45
0.0;0.0;0.0;16.38;1.52
0.0;0.0;0.0;15.77;1.59
0.0;0.0;0.0;15.38;1.66
0.0;0.0;0.0;14.91;1.72
0.0;0.0;0.0;14.57;1.72
46.0;199.0;29.0;14.44;1.86
209.0;492.28;80.0;15.52;1.52
395.0;644.78;112.0;18.82;1.45
580.0;740.1;133.0;20.91;2.14
746.0;804.32;146.0;22.57;2.97
880.0;855.9;148.0;23.8;3.24
964.0;879.55;151.0;24.91;3.59
988.0;875.03;158.0;25.75;3.86
971.0;890.73;146.0;26.3;4.07
879.0;844.14;154.0;26.54;4.21
750.0;804.17;146.0;26.4;4.28
583.0;730.87;137.0;25.9;4.21
405.0;661.59;110.0;25.12;3.86
219.0;519.91;79.0;24.28;3.31
53.0;248.89;30.0;23.06;2.83
0.0;0.0;0.0;21.76;2.48
0.0;0.0;0.0;20.71;2.0
0.0;0.0;0.0;19.51;1.59
0.0;0.0;0.0;18.51;1.52
0.0;0.0;0.0;17.69;1.52
0.0;0.0;0.0;16.79;1.59
0.0;0.0;0.0;16.03;1.72
0.0;0.0;0.0;15.37;1.72
0.0;0.0;0.0;14.8;1.66
46.0;212.27;28.0;14.35;1.59
209.0;497.33;79.0;15.37;1.17
392.0;641.14;111.0;19.12;0.9
577.0;739.14;131.0;21.62;0.83
738.0;794.09;146.0;23.45;0.69
868.0;835.17;154.0;24.81;0.76
950.0;857.0;158.0;25.96;1.31
927.0;725.34;239.0;26.85;1.79
942.0;834.45;169.0;27.19;1.79
867.0;824.06;159.0;27.42;2.0
736.0;773.11;155.0;27.18;2.28
596.0;780.99;119.0;26.44;3.03
206.0;44.79;186.0;25.65;2.97
141.0;107.45;112.0;24.96;2.0
51.0;215.05;31.0;24.02;1.66
0.0;0.0;0.0;21.34;1.24
0.0;0.0;0.0;20.07;1.31
0.0;0.0;0.0;18.9;1.38
0.0;0.0;0.0;18.0;1.45
0.0;0.0;0.0;17.45;1.59
0.0;0.0;0.0;17.37;1.93
0.0;0.0;0.0;17.22;2.14
0.0;0.0;0.0;17.27;2.34
0.0;0.0;0.0;17.28;2.55
46.0;202.17;29.0;17.27;2.55
206.0;491.03;78.0;18.03;2.28
387.0;628.44;112.0;20.15;2.28
577.0;748.19;126.0;21.7;2.41
727.0;771.81;152.0;23.66;3.1
859.0;823.83;155.0;25.5;3.59
941.0;847.46;158.0;27.03;3.79
965.0;843.46;165.0;28.32;3.86
908.0;750.16;213.0;28.8;3.79
763.0;539.9;299.0;29.19;3.93
733.0;772.71;152.0;29.5;4.07
526.0;534.98;199.0;29.14;3.38
391.0;615.2;116.0;28.7;2.97
211.0;477.03;82.0;27.91;3.24
50.0;203.2;31.0;26.26;2.97
0.0;0.0;0.0;24.61;2.07
0.0;0.0;0.0;23.33;2.28
0.0;0.0;0.0;22.31;2.34
0.0;0.0;0.0;21.47;2.48
0.0;0.0;0.0;20.86;2.62
0.0;0.0;0.0;20.26;2.69
0.0;0.0;0.0;19.73;2.69
0.0;0.0;0.0;19.22;2.69
0.0;0.0;0.0;18.79;2.69
40.0;132.06;29.0;18.48;2.69
202.0;465.6;81.0;19.19;2.55
387.0;624.94;114.0;21.57;2.34
570.0;720.79;136.0;24.06;2.62
734.0;783.13;151.0;26.33;3.45
867.0;834.77;154.0;27.82;3.86
950.0;858.52;157.0;28.86;3.79
980.0;865.69;159.0;29.73;3.66
953.0;858.04;158.0;30.37;3.52
854.0;785.22;179.0;30.77;3.45
682.0;591.58;237.0;31.01;3.17
548.0;601.65;180.0;30.8;2.69
399.0;636.91;114.0;30.23;2.48
212.0;479.91;82.0;29.09;2.34
50.0;191.64;32.0;27.4;2.21
0.0;0.0;0.0;25.85;2.34
0.0;0.0;0.0;24.28;2.28
0.0;0.0;0.0;22.85;2.14
0.0;0.0;0.0;21.72;2.14
0.0;0.0;0.0;20.64;2.21
0.0;0.0;0.0;19.57;2.21
0.0;0.0;0.0;18.61;2.21
0.0;0.0;0.0;18.06;2.21
0.0;0.0;0.0;17.52;2.14
43.0;169.85;29.0;17.02;2.07
202.0;467.15;81.0;17.85;1.66
386.0;614.64;118.0;21.43;1.31
571.0;718.33;139.0;24.06;1.03
735.0;781.08;154.0;25.93;0.76
869.0;831.7;159.0;27.09;0.0
947.0;843.63;168.0;28.01;0.62
903.0;649.62;287.0;28.69;0.97
934.0;798.65;194.0;29.24;1.38
875.0;832.76;159.0;29.56;1.93
748.0;793.35;151.0;29.34;3.1
581.0;722.22;139.0;28.31;3.86
401.0;638.59;115.0;27.04;3.59
209.0;449.74;87.0;25.88;2.34
51.0;212.18;31.0;24.86;0.83
0.0;0.0;0.0;23.27;0.97
0.0;0.0;0.0;22.07;1.45
0.0;0.0;0.0;21.11;1.72
0.0;0.0;0.0;20.2;1.72
0.0;0.0;0.0;19.47;1.72
0.0;0.0;0.0;19.0;1.79
0.0;0.0;0.0;18.51;1.79
0.0;0.0;0.0;18.13;1.79
0.0;0.0;0.0;17.75;1.72
35.0;98.18;27.0;17.33;1.66
189.0;387.46;89.0;18.07;1.17
375.0;576.8;124.0;22.25;0.76
563.0;704.27;140.0;25.02;0.55
725.0;766.96;155.0;26.51;0.62
858.0;819.29;159.0;27.59;1.24
946.0;853.68;158.0;28.31;2.07
970.0;849.08;165.0;28.61;2.69
949.0;853.71;158.0;28.42;2.9
860.0;809.38;164.0;28.4;2.76
735.0;769.2;156.0;28.28;2.48
574.0;708.81;140.0;27.9;2.41
395.0;622.51;116.0;27.36;2.28
208.0;449.23;86.0;26.42;1.86
49.0;179.88;32.0;25.28;1.38
0.0;0.0;0.0;23.72;0.76
0.0;0.0;0.0;23.2;0.21
0.0;0.0;0.0;22.6;0.48
0.0;0.0;0.0;21.97;0.55
0.0;0.0;0.0;21.44;0.55
0.0;0.0;0.0;20.68;0.83
0.0;0.0;0.0;18.97;1.24
0.0;0.0;0.0;17.85;1.59
0.0;0.0;0.0;17.5;1.72
35.0;99.43;27.0;17.17;1.79
193.0;416.2;86.0;18.04;1.31
381.0;607.98;117.0;22.22;1.03
566.0;711.91;139.0;24.49;0.62
729.0;774.41;154.0;26.27;0.21
863.0;825.67;159.0;27.66;0.41
946.0;848.61;163.0;28.72;1.24
867.0;569.69;327.0;29.38;2.0
956.0;861.31;158.0;29.66;2.55
861.0;802.33;171.0;29.66;2.83
740.0;776.99;155.0;29.36;3.1
576.0;703.64;145.0;28.74;3.1
397.0;624.39;117.0;27.89;2.83
211.0;459.89;86.0;26.82;2.0
51.0;200.7;32.0;25.72;0.9
0.0;0.0;0.0;24.63;0.28
0.0;0.0;0.0;23.28;0.69
0.0;0.0;0.0;23.11;0.69
0.0;0.0;0.0;22.32;0.69
0.0;0.0;0.0;21.1;0.9
0.0;0.0;0.0;19.6;1.24
0.0;0.0;0.0;18.4;1.45
0.0;0.0;0.0;17.68;1.45
0.0;0.0;0.0;17.22;1.59
37.0;126.01;27.0;16.95;1.59
195.0;437.46;83.0;18.0;1.17
379.0;604.75;117.0;22.42;0.9
564.0;709.62;139.0;25.32;0.97
731.0;783.26;150.0;27.38;0.9
866.0;835.62;154.0;28.8;0.34
949.0;858.74;157.0;29.79;0.48
975.0;854.76;165.0;30.52;1.1
954.0;859.24;158.0;31.01;1.86
865.0;815.09;164.0;31.2;2.62
739.0;775.53;155.0;30.92;3.03
578.0;714.86;140.0;30.27;3.1
401.0;639.74;114.0;29.26;3.03
213.0;474.35;84.0;27.84;2.76
55.0;242.77;32.0;26.29;1.79
0.0;0.0;0.0;24.71;0.48
0.0;0.0;0.0;23.11;1.17
0.0;0.0;0.0;21.8;1.38
0.0;0.0;0.0;20.9;1.38
0.0;0.0;0.0;20.42;1.17
0.0;0.0;0.0;19.83;1.17
0.0;0.0;0.0;19.0;1.31
0.0;0.0;0.0;18.34;1.38
0.0;0.0;0.0;18.02;1.31
36.0;115.11;27.0;17.63;1.31
194.0;443.32;81.0;18.86;0.9
379.0;610.84;115.0;22.97;0.62
565.0;715.73;137.0;26.07;0.62
725.0;769.24;155.0;28.08;1.1
858.0;822.13;158.0;29.64;1.38
947.0;855.91;158.0;30.78;1.59
972.0;851.85;165.0;31.58;1.93
952.0;857.21;158.0;31.92;2.28
863.0;811.62;165.0;31.95;2.62
737.0;772.81;155.0;31.54;2.9
574.0;700.04;145.0;30.95;3.24
398.0;626.21;117.0;29.7;3.45
212.0;474.23;83.0;28.39;2.83
51.0;200.59;32.0;27.14;1.79
0.0;0.0;0.0;25.54;0.69
0.0;0.0;0.0;25.2;0.07
0.0;0.0;0.0;24.52;0.41
0.0;0.0;0.0;23.69;0.69
0.0;0.0;0.0;23.15;0.69
0.0;0.0;0.0;22.53;0.62
0.0;0.0;0.0;21.8;0.48
0.0;0.0;0.0;21.41;0.55
0.0;0.0;0.0;20.93;0.76
30.0;64.99;25.0;20.39;0.9
184.0;378.4;88.0;20.63;0.69
367.0;559.05;126.0;23.18;0.21
550.0;673.35;148.0;25.12;1.03
715.0;749.83;160.0;26.66;1.03
852.0;813.36;160.0;28.06;1.45
940.0;848.76;158.0;29.12;2.21
965.0;844.75;165.0;29.75;2.83
945.0;849.82;158.0;30.04;3.03
857.0;804.71;165.0;30.05;3.17
736.0;776.78;151.0;29.69;3.31
573.0;704.88;141.0;29.05;3.24
397.0;628.38;115.0;28.04;2.97
210.0;463.23;84.0;26.87;2.48
50.0;190.24;32.0;25.55;1.86
0.0;0.0;0.0;24.33;1.24
0.0;0.0;0.0;23.11;0.83
0.0;0.0;0.0;22.52;0.62
0.0;0.0;0.0;21.99;0.69
0.0;0.0;0.0;21.28;0.97
0.0;0.0;0.0;20.32;1.24
0.0;0.0;0.0;19.79;1.38
0.0;0.0;0.0;19.49;1.45
0.0;0.0;0.0;19.38;1.52
32.0;79.35;26.0;19.37;1.59
187.0;415.93;82.0;20.47;1.31
368.0;586.13;116.0;23.8;1.66
548.0;684.57;140.0;25.3;1.93
713.0;758.82;152.0;26.58;2.48
836.0;789.32;165.0;27.73;2.97
924.0;824.26;165.0;28.64;3.24
954.0;832.4;166.0;29.19;3.45
934.0;837.06;159.0;29.53;3.52
842.0;779.23;172.0;29.54;3.52
728.0;763.55;153.0;29.4;3.45
565.0;690.22;142.0;28.77;3.17
391.0;612.83;116.0;26.07;1.78
206.0;445.0;85.0;25.55;1.71
51.0;190.63;33.0;25.02;1.64
0.0;0.0;0.0;24.49;1.58
0.0;0.0;0.0;23.96;1.51
0.0;0.0;0.0;23.43;1.45
0.0;0.0;0.0;22.9;1.38
0.0;0.0;0.0;22.38;1.31
0.0;0.0;0.0;21.85;1.25
0.0;0.0;0.0;21.32;1.18
0.0;0.0;0.0;20.79;1.11
0.0;0.0;0.0;20.26;1.05
35.0;119.02;26.0;19.74;0.98
192.0;443.66;80.0;19.21;0.92
377.0;621.02;110.0;18.68;0.85
559.0;716.45;132.0;18.15;0.78
722.0;777.76;147.0;26.61;0.69
856.0;829.32;151.0;27.99;0.69
934.0;840.55;160.0;28.78;0.9
892.0;647.54;279.0;29.33;0.97
537.0;91.81;452.0;29.49;1.31
862.0;819.93;157.0;29.7;1.59
733.0;768.86;154.0;29.71;1.86
564.0;670.64;153.0;29.07;2.07
371.0;501.41;146.0;28.36;2.21
173.0;231.69;110.0;27.29;2.55
26.0;10.59;25.0;25.93;2.0
0.0;0.0;0.0;24.61;1.17
0.0;0.0;0.0;23.55;0.69
0.0;0.0;0.0;22.38;0.9
0.0;0.0;0.0;21.71;1.03
0.0;0.0;0.0;21.19;1.1
0.0;0.0;0.0;20.36;1.24
0.0;0.0;0.0;19.5;1.38
0.0;0.0;0.0;18.85;1.31
0.0;0.0;0.0;18.25;1.24
31.0;80.83;25.0;17.68;1.24
184.0;398.2;84.0;18.83;0.9
368.0;580.79;119.0;22.6;0.48
556.0;711.01;133.0;25.68;0.41
722.0;784.13;143.0;27.45;0.41
851.0;824.15;151.0;28.94;0.28
935.0;846.5;156.0;30.17;0.69
960.0;843.32;162.0;30.98;1.17
920.0;791.92;187.0;31.21;2.0
858.0;815.43;157.0;30.63;2.55
734.0;776.93;149.0;30.08;2.69
362.0;122.39;287.0;29.11;3.17
35.0;0.0;35.0;28.03;3.1
57.0;0.0;57.0;27.12;2.21
6.0;0.0;6.0;26.08;1.1
0.0;0.0;0.0;24.94;1.24
0.0;0.0;0.0;23.68;1.1
0.0;0.0;0.0;22.81;0.83
0.0;0.0;0.0;22.61;0.76
0.0;0.0;0.0;21.81;0.97
0.0;0.0;0.0;21.05;1.1
0.0;0.0;0.0;20.25;1.24
0.0;0.0;0.0;19.5;1.24
0.0;0.0;0.0;18.8;1.31
30.0;82.45;24.0;18.25;1.31
179.0;372.37;86.0;19.44;0.9
363.0;573.15;118.0;23.21;0.55
547.0;690.46;137.0;26.39;0.14
712.0;764.8;148.0;28.12;0.28
840.0;804.86;157.0;29.48;0.62
923.0;827.48;162.0;30.6;1.03
943.0;805.65;181.0;31.39;1.59
884.0;700.32;236.0;31.65;2.21
856.0;819.12;152.0;31.28;2.41
720.0;742.55;161.0;30.8;2.83
104.0;0.0;104.0;29.49;2.9
95.0;0.0;95.0;28.9;2.62
27.0;0.0;27.0;28.18;2.21
16.0;0.0;16.0;27.3;1.31
0.0;0.0;0.0;25.77;0.55
0.0;0.0;0.0;24.85;0.55
0.0;0.0;0.0;24.19;0.62
0.0;0.0;0.0;23.09;0.9
0.0;0.0;0.0;22.11;0.97
0.0;0.0;0.0;21.25;1.03
0.0;0.0;0.0;20.76;0.97
0.0;0.0;0.0;20.49;0.83
0.0;0.0;0.0;19.67;0.97
29.0;70.18;24.0;18.63;1.38
177.0;370.5;85.0;19.71;1.1
358.0;549.1;124.0;23.84;0.76
548.0;700.24;133.0;26.62;0.21
710.0;763.11;148.0;28.53;0.48
843.0;815.07;152.0;30.15;1.31
926.0;837.84;156.0;31.48;1.86
962.0;857.89;151.0;32.5;2.34
938.0;850.87;151.0;32.9;2.83
855.0;818.21;152.0;33.13;3.45
728.0;768.01;150.0;33.12;3.79
553.0;644.99;158.0;32.69;3.66
313.0;278.9;188.0;32.08;3.31
126.0;66.39;108.0;30.86;2.69
29.0;21.44;27.0;29.33;1.93
0.0;0.0;0.0;27.32;1.79
0.0;0.0;0.0;25.79;1.66
0.0;0.0;0.0;24.36;1.45
0.0;0.0;0.0;23.23;1.17
0.0;0.0;0.0;22.56;1.1
0.0;0.0;0.0;21.62;1.31
0.0;0.0;0.0;20.8;1.24
0.0;0.0;0.0;20.48;1.03
0.0;0.0;0.0;19.99;1.03
22.0;28.71;20.0;19.26;1.24
178.0;376.8;85.0;20.2;0.97
368.0;602.65;112.0;23.45;0.83
552.0;708.43;133.0;25.17;1.1
715.0;772.33;147.0;27.15;1.17
849.0;824.15;151.0;28.8;1.66
928.0;835.19;161.0;29.94;2.41
974.0;878.47;144.0;30.41;2.97
889.0;706.3;236.0;30.72;3.31
857.0;816.18;156.0;30.46;3.59
741.0;798.86;140.0;29.79;3.66
577.0;726.97;132.0;29.18;3.31
396.0;634.13;112.0;28.37;2.9
212.0;487.63;80.0;27.45;2.41
52.0;226.48;31.0;26.29;1.93
0.0;0.0;0.0;25.23;1.24
0.0;0.0;0.0;24.22;0.69
0.0;0.0;0.0;23.82;0.41
0.0;0.0;0.0;23.36;0.14
0.0;0.0;0.0;22.83;0.34
0.0;0.0;0.0;22.26;0.62
0.0;0.0;0.0;21.06;0.9
0.0;0.0;0.0;20.24;1.1
0.0;0.0;0.0;19.7;1.17
27.0;88.24;21.0;19.43;1.03
179.0;407.73;79.0;20.58;0.62
363.0;597.58;110.0;23.34;0.28
546.0;704.84;130.0;25.46;0.48
705.0;758.47;148.0;27.07;0.55
838.0;810.82;152.0;28.65;0.76
921.0;833.66;156.0;29.96;1.1
958.0;853.57;152.0;30.87;1.93
934.0;847.31;151.0;31.27;2.76
852.0;814.2;153.0;31.04;3.17
712.0;723.41;168.0;30.44;2.69
554.0;653.82;154.0;29.74;1.31
350.0;429.1;158.0;29.52;0.97
182.0;299.8;101.0;28.86;1.1
45.0;152.06;31.0;27.97;0.83
0.0;0.0;0.0;26.49;0.97
0.0;0.0;0.0;25.6;0.55
0.0;0.0;0.0;25.08;0.55
0.0;0.0;0.0;24.8;0.48
0.0;0.0;0.0;24.3;0.48
0.0;0.0;0.0;23.71;0.48
0.0;0.0;0.0;23.21;0.41
0.0;0.0;0.0;22.55;0.62
0.0;0.0;0.0;21.38;0.9
19.0;15.09;18.0;20.82;1.17
166.0;324.23;87.0;21.75;0.9
344.0;511.95;128.0;24.58;0.69
528.0;646.96;147.0;26.65;0.69
690.0;722.79;160.0;28.28;1.1
794.0;691.01;210.0;29.49;1.66
715.0;341.37;402.0;30.22;2.14
734.0;335.92;417.0;30.34;2.41
799.0;503.46;334.0;30.93;2.62
442.0;55.94;394.0;28.02;2.83
236.0;1.33;235.0;27.36;1.24
468.0;364.76;245.0;27.46;0.55
224.0;71.59;192.0;27.74;1.1
122.0;59.35;106.0;27.59;0.83
39.0;87.6;31.0;27.12;0.34
0.0;0.0;0.0;26.33;0.69
0.0;0.0;0.0;25.4;0.62
0.0;0.0;0.0;24.75;0.62
0.0;0.0;0.0;24.18;0.62
0.0;0.0;0.0;23.59;0.62
0.0;0.0;0.0;23.02;0.62
0.0;0.0;0.0;22.36;1.1
0.0;0.0;0.0;22.27;1.24
0.0;0.0;0.0;21.88;1.31
24.0;62.03;20.0;21.11;1.38
165.0;322.33;87.0;21.71;1.31
311.0;356.8;161.0;23.3;1.38
513.0;582.05;171.0;25.05;1.1
663.0;624.21;206.0;26.33;0.83
749.0;559.12;277.0;27.34;0.9
673.0;268.53;427.0;28.06;1.52
898.0;697.76;240.0;28.45;2.14
920.0;820.08;163.0;28.56;2.55
848.0;810.37;153.0;27.98;3.38
729.0;781.47;142.0;27.6;3.72
567.0;708.81;134.0;27.14;3.52
389.0;622.77;111.0;26.89;3.24
204.0;457.43;81.0;26.37;2.69
42.0;121.58;31.0;25.57;1.79
0.0;0.0;0.0;24.49;1.03
0.0;0.0;0.0;23.54;0.48
0.0;0.0;0.0;23.39;0.21
0.0;0.0;0.0;22.94;0.21
0.0;0.0;0.0;22.32;0.55
0.0;0.0;0.0;21.19;0.83
0.0;0.0;0.0;20.23;1.1
0.0;0.0;0.0;19.67;1.17
0.0;0.0;0.0;19.12;1.24
22.0;47.89;19.0;18.62;1.24
176.0;399.55;80.0;19.46;0.9
370.0;630.29;106.0;22.59;0.69
554.0;730.11;126.0;24.01;0.76
716.0;785.29;142.0;25.19;0.83
847.0;826.63;150.0;26.99;0.48
933.0;850.0;155.0;28.32;0.41
970.0;870.17;150.0;29.55;0.9
925.0;810.84;177.0;30.4;1.24
859.0;819.03;157.0;30.76;2.14
739.0;792.66;144.0;30.55;3.03
578.0;730.76;132.0;29.72;3.52
396.0;637.13;112.0;28.68;3.38
210.0;481.13;81.0;27.7;2.55
43.0;134.02;31.0;26.67;1.24
0.0;0.0;0.0;25.36;0.55
0.0;0.0;0.0;24.53;0.34
0.0;0.0;0.0;23.29;0.76
0.0;0.0;0.0;22.27;0.9
0.0;0.0;0.0;21.47;1.03
0.0;0.0;0.0;20.54;1.1
0.0;0.0;0.0;19.74;1.17
0.0;0.0;0.0;18.97;1.31
0.0;0.0;0.0;18.48;1.52
28.0;131.72;20.0;18.09;1.52
186.0;482.17;71.0;18.91;1.03
369.0;635.11;104.0;22.85;0.76
555.0;738.72;123.0;25.59;0.62
714.0;783.86;142.0;27.3;0.55
845.0;825.26;150.0;28.73;0.55
931.0;848.62;155.0;30.01;0.69
968.0;868.72;150.0;31.09;1.03
944.0;862.38;149.0;31.82;1.72
867.0;840.6;147.0;31.94;2.69
741.0;801.27;140.0;31.31;3.59
580.0;739.71;129.0;30.17;3.93
394.0;635.92;111.0;28.9;3.38
209.0;478.94;81.0;28.16;2.41
42.0;124.28;31.0;27.21;1.52
0.0;0.0;0.0;25.71;1.31
0.0;0.0;0.0;24.58;0.76
0.0;0.0;0.0;23.85;0.62
0.0;0.0;0.0;22.77;0.9
0.0;0.0;0.0;22.01;1.03
0.0;0.0;0.0;21.3;1.1
0.0;0.0;0.0;20.4;1.31
0.0;0.0;0.0;19.9;1.38
0.0;0.0;0.0;19.52;1.45
19.0;0.0;19.0;19.25;1.52
176.0;430.96;74.0;20.0;1.03
358.0;603.94;107.0;23.64;0.83
544.0;714.84;127.0;26.24;0.9
705.0;770.11;144.0;27.79;1.31
835.0;812.04;152.0;29.01;1.66
915.0;824.28;162.0;30.0;1.72
915.0;742.94;216.0;30.8;1.79
908.0;782.68;187.0;31.5;1.86
842.0;792.15;164.0;31.86;2.14
728.0;777.94;145.0;31.48;2.76
569.0;715.93;133.0;30.51;2.34
382.0;592.05;119.0;29.52;2.41
197.0;413.06;87.0;28.75;2.28
39.0;114.44;29.0;27.87;1.38
0.0;0.0;0.0;26.51;0.97
0.0;0.0;0.0;25.65;0.48
0.0;0.0;0.0;25.2;0.41
0.0;0.0;0.0;24.82;0.41
0.0;0.0;0.0;24.36;0.34
0.0;0.0;0.0;23.91;0.48
0.0;0.0;0.0;23.06;0.76
0.0;0.0;0.0;22.17;0.97
0.0;0.0;0.0;21.77;0.97
17.0;0.0;17.0;21.4;1.03
155.0;293.85;86.0;22.21;0.69
334.0;492.85;130.0;24.71;0.55
513.0;610.12;158.0;26.58;0.83
682.0;709.59;166.0;27.99;1.24
804.0;734.53;187.0;29.27;1.66
809.0;548.98;308.0;30.31;1.93
808.0;486.15;351.0;31.09;2.21
842.0;611.64;279.0;31.48;2.48
794.0;659.48;230.0;31.69;2.97
679.0;627.74;209.0;31.6;3.1
506.0;489.95;208.0;30.04;2.0
233.0;87.97;194.0;29.42;1.79
114.0;49.01;101.0;28.86;1.93
17.0;0.0;17.0;27.97;1.38
0.0;0.0;0.0;26.92;1.52
0.0;0.0;0.0;26.1;1.03
0.0;0.0;0.0;25.2;0.62
0.0;0.0;0.0;25.12;0.14
0.0;0.0;0.0;24.63;0.21
0.0;0.0;0.0;24.1;0.34
0.0;0.0;0.0;23.43;0.48
0.0;0.0;0.0;22.22;0.76
0.0;0.0;0.0;21.44;0.97
17.0;0.0;17.0;21.25;0.9
165.0;364.97;80.0;21.77;0.76
349.0;565.27;116.0;23.43;0.62
534.0;687.54;135.0;26.17;0.9
701.0;763.24;147.0;27.73;1.52
831.0;804.67;156.0;28.97;1.93
921.0;840.26;155.0;30.04;2.28
959.0;860.31;151.0;30.93;2.62
935.0;853.54;150.0;31.52;2.76
854.0;821.56;152.0;31.86;2.9
734.0;792.84;141.0;31.73;3.03
570.0;721.13;132.0;31.21;3.17
390.0;635.23;109.0;30.33;3.03
84.0;7.57;82.0;29.11;2.62
39.0;117.87;29.0;27.74;2.07
0.0;0.0;0.0;26.44;1.31
0.0;0.0;0.0;25.43;0.9
0.0;0.0;0.0;24.95;0.34
0.0;0.0;0.0;24.19;0.55
0.0;0.0;0.0;22.58;1.03
0.0;0.0;0.0;21.64;1.17
0.0;0.0;0.0;20.94;1.24
0.0;0.0;0.0;20.35;1.31
0.0;0.0;0.0;19.9;1.38
16.0;0.0;16.0;19.51;1.38
165.0;372.41;79.0;20.33;0.9
350.0;577.46;113.0;24.04;0.48
533.0;687.67;135.0;26.65;0.9
696.0;752.25;151.0;28.33;0.9
831.0;805.8;156.0;30.01;0.76
921.0;841.2;155.0;31.47;1.03
959.0;861.13;151.0;32.56;1.66
936.0;855.39;150.0;33.18;2.34
854.0;822.33;152.0;33.21;2.9
730.0;783.02;145.0;32.88;3.17
566.0;712.33;134.0;32.17;3.24
388.0;627.68;111.0;31.09;3.17
202.0;460.23;81.0;29.76;2.69
38.0;119.87;28.0;28.39;1.86
0.0;0.0;0.0;27.16;1.38
0.0;0.0;0.0;25.93;0.69
0.0;0.0;0.0;25.63;0.34
0.0;0.0;0.0;23.7;1.24
0.0;0.0;0.0;22.84;1.38
0.0;0.0;0.0;22.11;1.38
0.0;0.0;0.0;21.48;1.45
0.0;0.0;0.0;20.92;1.45
0.0;0.0;0.0;20.38;1.45
15.0;0.0;15.0;19.88;1.38
175.0;458.68;70.0;20.94;0.83
360.0;621.62;106.0;24.57;0.28
542.0;713.84;130.0;27.85;0.07
708.0;778.59;145.0;29.87;0.69
840.0;820.11;154.0;31.46;1.03
932.0;855.36;154.0;32.74;1.52
970.0;875.86;149.0;33.68;2.0
942.0;857.28;155.0;34.21;2.48
864.0;837.23;150.0;34.38;2.9
739.0;798.7;143.0;34.12;3.24
577.0;736.62;131.0;33.43;3.31
393.0;642.93;110.0;32.42;3.1
206.0;485.47;79.0;31.15;2.55
39.0;134.29;28.0;29.72;1.66
0.0;0.0;0.0;28.44;0.69
0.0;0.0;0.0;27.17;0.48
0.0;0.0;0.0;26.18;0.76
0.0;0.0;0.0;25.09;0.9
0.0;0.0;0.0;23.52;1.1
0.0;0.0;0.0;22.26;1.24
0.0;0.0;0.0;21.25;1.31
0.0;0.0;0.0;20.41;1.38
0.0;0.0;0.0;19.78;1.45
15.0;0.0;15.0;19.27;1.52
176.0;476.06;68.0;20.14;1.17
359.0;624.45;105.0;24.4;0.69
548.0;734.98;125.0;28.39;0.34
712.0;791.22;141.0;30.87;0.48
841.0;822.53;154.0;32.87;0.9
927.0;845.38;159.0;34.47;1.38
966.0;866.09;155.0;35.53;1.93
948.0;871.23;149.0;36.08;2.48
865.0;839.3;150.0;36.17;2.9
743.0;811.82;138.0;35.84;3.1
577.0;739.58;130.0;35.17;3.24
393.0;644.71;110.0;34.14;3.1
205.0;488.09;78.0;32.78;2.69
38.0;136.98;27.0;31.16;1.59
0.0;0.0;0.0;29.93;0.62
0.0;0.0;0.0;28.76;0.21
0.0;0.0;0.0;28.1;0.41
0.0;0.0;0.0;27.33;0.55
0.0;0.0;0.0;26.49;0.62
0.0;0.0;0.0;25.76;0.76
0.0;0.0;0.0;24.04;1.03
0.0;0.0;0.0;22.77;1.17
0.0;0.0;0.0;21.84;1.24
13.0;0.0;13.0;20.97;1.31
163.0;391.52;75.0;21.55;1.03
347.0;582.91;111.0;25.16;0.41
532.0;695.3;133.0;29.04;0.0
701.0;772.0;145.0;31.3;0.28
829.0;799.81;162.0;33.45;0.83
920.0;837.61;160.0;35.07;1.52
953.0;845.66;162.0;36.06;2.34
935.0;851.41;155.0;36.53;3.17
858.0;830.86;151.0;36.63;3.79
733.0;791.45;144.0;36.27;4.14
568.0;721.1;133.0;35.52;4.34
388.0;635.21;110.0;34.35;4.14
201.0;475.44;78.0;32.97;3.38
36.0;114.5;27.0;31.39;2.14
0.0;0.0;0.0;30.27;1.1
0.0;0.0;0.0;28.83;0.48
0.0;0.0;0.0;28.27;0.34
0.0;0.0;0.0;27.42;0.14
0.0;0.0;0.0;26.72;0.07
0.0;0.0;0.0;26.14;0.21
0.0;0.0;0.0;25.54;0.41
0.0;0.0;0.0;24.86;0.62
0.0;0.0;0.0;23.26;0.97
13.0;0.0;13.0;21.85;1.38
165.0;426.73;70.0;22.35;1.1
345.0;588.18;108.0;26.08;0.76
531.0;700.87;130.0;28.41;0.34
697.0;766.65;146.0;30.39;0.69
824.0;795.06;162.0;32.16;1.03
910.0;818.83;168.0;33.7;1.72
948.0;841.27;162.0;34.73;2.48
930.0;846.9;155.0;35.12;3.03
848.0;814.22;156.0;35.04;3.45
724.0;776.47;147.0;34.77;3.52
567.0;724.22;131.0;34.03;2.97
383.0;621.18;112.0;33.17;2.69
197.0;458.93;79.0;32.12;2.41
35.0;117.18;26.0;30.69;1.59
0.0;0.0;0.0;28.99;1.45
0.0;0.0;0.0;27.76;0.97
0.0;0.0;0.0;26.36;0.9
0.0;0.0;0.0;25.13;1.17
0.0;0.0;0.0;24.11;1.31
0.0;0.0;0.0;23.29;1.24
0.0;0.0;0.0;22.52;1.31
0.0;0.0;0.0;21.9;1.31
0.0;0.0;0.0;21.47;1.38
12.0;0.0;12.0;21.25;1.45
157.0;381.06;73.0;22.02;1.17
341.0;583.57;107.0;25.47;0.97
523.0;687.23;131.0;28.09;1.03
687.0;754.35;146.0;29.7;0.69
814.0;784.32;162.0;31.0;0.55
547.0;116.03;442.0;31.8;0.83
777.0;425.42;380.0;32.52;1.38
690.0;294.3;421.0;32.53;2.07
825.0;759.9;180.0;32.41;2.48
609.0;431.31;289.0;32.0;2.62
575.0;762.41;117.0;30.76;2.69
372.0;586.49;117.0;30.17;2.21
191.0;426.7;82.0;29.65;1.66
32.0;93.45;25.0;28.99;1.31
0.0;0.0;0.0;28.11;0.97
0.0;0.0;0.0;27.41;0.07
0.0;0.0;0.0;26.3;0.62
0.0;0.0;0.0;25.53;0.97
0.0;0.0;0.0;24.77;1.03
0.0;0.0;0.0;24.09;1.1
0.0;0.0;0.0;23.5;1.17
0.0;0.0;0.0;22.97;1.17
0.0;0.0;0.0;22.52;1.17
10.0;0.0;10.0;22.09;1.24
147.0;316.2;78.0;22.67;1.03
329.0;528.85;118.0;25.58;0.83
515.0;661.24;139.0;27.39;1.17
630.0;563.15;227.0;28.94;1.66
659.0;369.92;352.0;30.22;2.0
705.0;335.28;402.0;31.52;2.34
785.0;446.34;369.0;32.16;2.9
898.0;778.84;187.0;32.55;3.45
814.0;730.26;195.0;32.11;3.86
722.0;784.4;141.0;31.49;3.66
501.0;492.2;206.0;30.01;3.1
360.0;528.58;131.0;29.63;2.55
181.0;362.66;89.0;28.91;2.07
25.0;41.14;22.0;27.97;1.66
0.0;0.0;0.0;27.21;1.31
0.0;0.0;0.0;26.31;1.17
0.0;0.0;0.0;25.27;0.9
0.0;0.0;0.0;24.78;0.55
0.0;0.0;0.0;24.51;0.07
0.0;0.0;0.0;22.88;0.83
0.0;0.0;0.0;22.25;1.17
0.0;0.0;0.0;21.72;1.24
0.0;0.0;0.0;21.2;1.17
9.0;0.0;9.0;20.75;1.17
152.0;361.19;74.0;21.44;0.76
335.0;566.83;110.0;24.47;0.41
520.0;680.98;134.0;26.91;0.97
655.0;641.44;197.0;28.47;1.45
767.0;638.51;238.0;29.58;1.72
795.0;521.92;324.0;30.7;2.14
914.0;760.61;206.0;31.44;2.62
907.0;800.68;177.0;31.66;3.24
837.0;795.11;164.0;31.47;3.45
713.0;757.39;153.0;31.08;3.24
557.0;709.16;133.0;30.02;2.28
376.0;611.69;112.0;29.6;1.93
192.0;456.68;77.0;29.04;1.59
30.0;98.84;23.0;28.35;1.17
0.0;0.0;0.0;27.45;0.97
0.0;0.0;0.0;26.15;0.55
0.0;0.0;0.0;25.94;0.34
0.0;0.0;0.0;25.4;0.34
0.0;0.0;0.0;24.72;0.62
0.0;0.0;0.0;23.37;0.9
0.0;0.0;0.0;22.58;0.97
0.0;0.0;0.0;21.93;1.03
0.0;0.0;0.0;21.02;1.24
9.0;0.0;9.0;20.47;1.52
159.0;430.6;67.0;20.83;1.17
342.0;605.25;103.0;24.44;0.83
528.0;711.52;126.0;27.23;0.28
692.0;769.24;144.0;29.08;0.41
825.0;811.33;154.0;30.57;0.97
912.0;835.63;159.0;31.82;1.31
946.0;844.47;161.0;32.78;1.66
918.0;824.83;167.0;33.46;2.41
842.0;803.41;163.0;33.58;3.17
722.0;779.14;147.0;32.95;3.52
561.0;717.7;133.0;32.16;3.59
380.0;630.44;109.0;31.08;3.31
195.0;480.26;75.0;29.79;2.76
30.0;116.55;22.0;28.43;1.93
0.0;0.0;0.0;27.23;0.97
0.0;0.0;0.0;26.47;0.07
0.0;0.0;0.0;25.61;0.55
0.0;0.0;0.0;23.94;1.03
0.0;0.0;0.0;22.95;1.17
0.0;0.0;0.0;22.21;1.17
0.0;0.0;0.0;21.17;1.38
0.0;0.0;0.0;20.61;1.52
0.0;0.0;0.0;20.14;1.52
6.0;0.0;6.0;19.79;1.59
148.0;354.92;73.0;20.21;1.17
331.0;557.56;112.0;24.24;0.55
516.0;671.26;138.0;27.66;0.69
676.0;723.2;162.0;29.9;1.1
812.0;778.88;169.0;31.69;1.52
898.0;801.33;177.0;33.17;2.07
936.0;826.26;169.0;34.13;2.97
914.0;820.5;168.0;34.2;3.86
837.0;799.95;162.0;33.63;4.14
714.0;761.67;153.0;32.93;4.0
554.0;701.16;137.0;32.04;3.79
370.0;593.4;116.0;30.99;3.38
188.0;443.87;78.0;29.83;2.76
28.0;90.42;22.0;28.54;2.0
0.0;0.0;0.0;27.12;1.66
0.0;0.0;0.0;26.17;1.66
0.0;0.0;0.0;25.42;1.72
0.0;0.0;0.0;24.9;2.0
0.0;0.0;0.0;24.58;2.34
0.0;0.0;0.0;24.42;2.34
0.0;0.0;0.0;24.42;2.28
0.0;0.0;0.0;24.56;1.86
0.0;0.0;0.0;24.15;1.59
6.0;0.0;6.0;23.8;1.17
129.0;224.94;82.0;23.82;0.97
281.0;317.42;157.0;25.1;1.79
386.0;235.2;254.0;25.82;2.14
645.0;619.15;206.0;26.86;1.93
468.0;88.59;395.0;27.56;1.93
489.0;69.02;427.0;28.9;3.1
758.0;390.53;396.0;29.29;4.14
726.0;359.09;400.0;30.06;4.83
786.0;646.97;241.0;30.54;5.31
712.0;760.53;153.0;30.18;5.31
555.0;711.59;133.0;29.94;5.1
368.0;593.71;115.0;29.24;4.76
169.0;313.41;92.0;28.58;4.34
21.0;31.26;19.0;27.85;3.52
0.0;0.0;0.0;26.95;2.48
0.0;0.0;0.0;25.97;2.41
0.0;0.0;0.0;25.16;2.9
0.0;0.0;0.0;24.48;3.31
0.0;0.0;0.0;23.64;3.45
0.0;0.0;0.0;22.79;3.52
0.0;0.0;0.0;22.08;3.52
0.0;0.0;0.0;21.37;3.52
0.0;0.0;0.0;20.77;3.38
6.0;0.0;6.0;20.23;3.17
161.0;484.17;61.0;20.36;2.97
350.0;658.97;94.0;21.99;3.17
535.0;742.01;120.0;24.35;3.1
699.0;790.31;140.0;26.32;2.69
830.0;823.13;153.0;27.81;2.14
913.0;832.87;166.0;29.0;2.0
926.0;778.99;205.0;29.46;1.72
785.0;467.75;361.0;29.9;1.66
678.0;366.26;370.0;30.37;1.72
628.0;477.22;278.0;29.84;1.38
445.0;314.58;259.0;29.66;1.38
76.0;0.0;76.0;28.31;1.79
28.0;0.0;28.0;28.32;2.0
4.0;0.0;4.0;27.45;1.17
0.0;0.0;0.0;26.62;1.59
0.0;0.0;0.0;25.22;1.93
0.0;0.0;0.0;24.05;2.14
0.0;0.0;0.0;22.94;2.07
0.0;0.0;0.0;21.91;1.86
0.0;0.0;0.0;21.11;1.66
0.0;0.0;0.0;20.25;1.66
0.0;0.0;0.0;19.69;1.66
0.0;0.0;0.0;19.19;1.72
0.0;0.0;0.0;18.75;1.72
123.0;200.88;82.0;18.92;1.59
342.0;631.64;98.0;20.84;1.38
522.0;699.76;132.0;23.15;2.07
649.0;620.78;211.0;24.92;2.07
842.0;857.62;138.0;26.39;1.79
907.0;817.49;175.0;27.62;1.38
946.0;841.89;168.0;28.55;1.17
918.0;820.99;175.0;29.17;1.17
841.0;800.58;169.0;29.47;1.38
712.0;748.9;164.0;27.99;1.45
558.0;717.68;135.0;27.47;1.24
384.0;668.15;102.0;27.32;1.03
183.0;431.3;79.0;26.92;1.03
26.0;118.77;19.0;26.13;1.1
0.0;0.0;0.0;24.93;1.93
0.0;0.0;0.0;23.66;1.72
0.0;0.0;0.0;22.38;1.52
0.0;0.0;0.0;21.06;1.38
0.0;0.0;0.0;19.84;1.24
0.0;0.0;0.0;18.85;1.17
0.0;0.0;0.0;17.93;1.24
0.0;0.0;0.0;17.06;1.31
0.0;0.0;0.0;16.42;1.31
0.0;0.0;0.0;15.9;1.45
154.0;461.24;61.0;16.26;1.1
340.0;630.09;98.0;19.85;0.9
528.0;731.08;122.0;21.8;0.76
691.0;778.66;143.0;23.6;0.14
822.0;808.06;160.0;25.15;0.62
910.0;832.31;166.0;26.52;1.17
944.0;841.08;168.0;27.64;1.59
916.0;820.15;175.0;28.41;1.86
835.0;784.21;178.0;28.87;2.28
710.0;747.95;164.0;28.97;2.97
556.0;716.65;135.0;28.48;3.52
371.0;621.59;110.0;27.59;3.86
157.0;259.72;95.0;26.36;3.59
27.0;159.93;18.0;25.05;2.55
0.0;0.0;0.0;24.3;1.38
0.0;0.0;0.0;23.48;0.97
0.0;0.0;0.0;22.45;0.76
0.0;0.0;0.0;22.56;0.62
0.0;0.0;0.0;22.37;0.41
0.0;0.0;0.0;21.93;0.55
0.0;0.0;0.0;21.15;0.83
0.0;0.0;0.0;19.23;1.24
0.0;0.0;0.0;18.2;1.52
0.0;0.0;0.0;17.71;1.59
151.0;451.96;61.0;17.81;1.24
334.0;618.09;98.0;21.26;0.55
521.0;721.09;122.0;23.15;0.0
684.0;769.28;144.0;25.01;0.83
814.0;799.92;160.0;26.5;1.17
897.0;809.12;175.0;27.71;1.52
926.0;802.31;187.0;28.61;1.93
869.0;696.29;241.0;29.16;2.41
836.0;807.3;161.0;29.3;2.9
715.0;781.41;146.0;28.91;3.52
549.0;707.16;135.0;28.25;3.72
362.0;586.63;117.0;27.31;3.45
178.0;427.59;77.0;26.29;2.9
26.0;168.17;17.0;25.1;2.0
0.0;0.0;0.0;23.88;1.24
0.0;0.0;0.0;23.04;0.76
0.0;0.0;0.0;21.97;0.69
0.0;0.0;0.0;21.41;0.76
0.0;0.0;0.0;20.96;0.83
0.0;0.0;0.0;20.17;0.9
0.0;0.0;0.0;18.89;1.24
0.0;0.0;0.0;18.1;1.45
0.0;0.0;0.0;17.65;1.59
0.0;0.0;0.0;17.24;1.66
146.0;432.35;61.0;17.46;1.38
271.0;310.9;153.0;21.03;1.17
437.0;406.33;213.0;23.95;2.34
680.0;769.88;141.0;25.64;3.31
810.0;804.04;154.0;26.75;4.0
830.0;633.2;266.0;27.41;4.34
533.0;91.35;449.0;27.53;4.62
787.0;502.06;335.0;27.6;5.1
583.0;215.73;403.0;27.56;5.45
620.0;486.04;267.0;26.84;5.45
507.0;552.0;185.0;26.94;5.38
350.0;541.79;125.0;26.45;4.83
180.0;462.31;72.0;25.79;4.41
21.0;98.68;16.0;24.75;3.79
0.0;0.0;0.0;23.66;3.17
0.0;0.0;0.0;23.05;3.1
0.0;0.0;0.0;22.6;3.45
0.0;0.0;0.0;22.58;3.72
0.0;0.0;0.0;22.25;3.52
0.0;0.0;0.0;21.93;3.45
0.0;0.0;0.0;21.64;3.31
0.0;0.0;0.0;21.46;3.17
0.0;0.0;0.0;21.07;3.17
0.0;0.0;0.0;20.5;2.97
135.0;360.75;65.0;20.12;2.97
186.0;68.92;160.0;20.55;3.38
429.0;386.01;217.0;22.12;4.07
583.0;456.87;264.0;23.08;4.34
561.0;206.35;393.0;24.4;4.14
684.0;311.56;407.0;25.25;4.21
844.0;600.3;293.0;26.0;4.9
818.0;583.12;294.0;25.98;5.1
749.0;568.11;276.0;25.66;4.9
538.0;289.93;328.0;25.56;4.69
310.0;77.43;265.0;25.42;4.34
264.0;198.61;182.0;24.72;3.72
182.0;489.35;69.0;23.55;2.76
11.0;0.0;11.0;21.8;1.31
0.0;0.0;0.0;22.39;0.76
0.0;0.0;0.0;21.32;0.41
0.0;0.0;0.0;20.7;0.69
0.0;0.0;0.0;20.13;0.55
0.0;0.0;0.0;19.28;0.55
0.0;0.0;0.0;17.63;1.52
0.0;0.0;0.0;17.42;1.59
0.0;0.0;0.0;17.35;1.52
0.0;0.0;0.0;17.09;0.97
0.0;0.0;0.0;16.48;1.52
144.0;443.97;59.0;16.72;1.66
330.0;626.82;95.0;18.24;2.14
513.0;714.67;122.0;20.61;2.9
677.0;765.45;144.0;22.73;2.62
807.0;796.43;160.0;24.59;2.48
895.0;821.53;166.0;26.29;2.76
889.0;712.74;236.0;27.36;3.17
828.0;602.1;288.0;28.5;3.72
789.0;676.52;227.0;28.62;4.07
696.0;735.19;165.0;28.89;4.34
532.0;661.63;149.0;28.69;4.48
363.0;631.19;104.0;24.54;3.41
175.0;460.25;70.0;24.6;3.39
17.0;89.52;13.0;24.67;3.37
0.0;0.0;0.0;24.74;3.35
0.0;0.0;0.0;24.81;3.33
0.0;0.0;0.0;24.87;3.31
0.0;0.0;0.0;24.94;3.29
0.0;0.0;0.0;25.01;3.27
0.0;0.0;0.0;25.08;3.25
0.0;0.0;0.0;25.14;3.23
0.0;0.0;0.0;25.21;3.21
0.0;0.0;0.0;25.28;3.19
0.0;0.0;0.0;25.34;3.17
12.0;0.0;12.0;25.41;3.15
266.0;322.1;146.0;25.48;3.13
456.0;504.6;181.0;25.55;3.11
641.0;666.78;178.0;30.8;4.97
770.0;709.37;195.0;31.43;4.97
860.0;747.49;198.0;31.76;4.83
811.0;536.93;320.0;31.6;4.76
772.0;488.23;335.0;31.8;4.83
779.0;676.9;218.0;31.63;5.03
674.0;691.54;176.0;30.92;4.76
528.0;678.2;137.0;30.35;4.41
320.0;439.02;141.0;29.45;3.79
155.0;332.95;80.0;28.28;3.03
13.0;48.13;11.0;26.91;2.34
0.0;0.0;0.0;25.92;2.28
0.0;0.0;0.0;25.16;2.0
0.0;0.0;0.0;24.52;1.86
0.0;0.0;0.0;23.7;1.59
0.0;0.0;0.0;22.97;1.72
0.0;0.0;0.0;22.36;1.59
0.0;0.0;0.0;21.73;1.45
0.0;0.0;0.0;21.07;1.24
0.0;0.0;0.0;20.73;0.9
0.0;0.0;0.0;20.67;0.83
124.0;306.12;67.0;20.55;0.9
310.0;542.99;109.0;22.65;1.1
497.0;666.88;135.0;24.35;0.97
653.0;696.11;171.0;25.88;1.45
751.0;633.09;239.0;27.3;1.86
844.0;681.11;242.0;28.58;2.48
921.0;817.39;175.0;29.47;3.52
898.0;811.69;173.0;29.6;3.79
820.0;789.81;167.0;29.48;3.86
668.0;656.05;197.0;29.15;3.79
520.0;634.05;156.0;28.57;3.66
298.0;333.31;163.0;27.66;3.17
60.0;4.5;59.0;26.67;2.69
9.0;0.0;9.0;25.54;2.07
0.0;0.0;0.0;24.44;1.86
0.0;0.0;0.0;23.86;1.24
0.0;0.0;0.0;23.22;0.97
0.0;0.0;0.0;22.89;0.21
0.0;0.0;0.0;22.05;0.62
0.0;0.0;0.0;21.0;0.83
0.0;0.0;0.0;19.99;1.1
0.0;0.0;0.0;19.69;1.03
0.0;0.0;0.0;19.6;0.9
0.0;0.0;0.0;20.43;0.07
42.0;0.0;42.0;20.24;0.55
99.0;0.0;99.0;21.21;1.72
480.0;610.38;150.0;23.83;0.48
446.0;168.01;330.0;26.11;1.03
677.0;444.94;318.0;27.63;1.86
823.0;636.03;262.0;28.36;2.9
860.0;656.55;262.0;28.51;3.59
871.0;745.0;207.0;28.94;4.14
818.0;796.65;161.0;28.73;3.45
629.0;542.16;241.0;28.99;2.41
529.0;689.33;135.0;29.11;2.62
344.0;574.27;113.0;28.31;3.45
155.0;360.33;76.0;26.82;2.97
8.0;0.0;8.0;25.38;2.0
0.0;0.0;0.0;24.13;1.52
0.0;0.0;0.0;23.44;0.97
0.0;0.0;0.0;22.94;0.21
0.0;0.0;0.0;21.87;0.76
0.0;0.0;0.0;20.98;1.17
0.0;0.0;0.0;20.79;1.66
0.0;0.0;0.0;20.35;1.86
0.0;0.0;0.0;20.33;1.86
0.0;0.0;0.0;20.74;2.0
0.0;0.0;0.0;20.81;2.0
97.0;143.76;71.0;21.09;1.52
243.0;249.09;152.0;23.38;0.9
474.0;607.3;147.0;25.71;0.83
634.0;663.87;177.0;28.2;1.38
768.0;720.55;188.0;30.4;1.93
858.0;760.08;189.0;32.33;3.17
858.0;672.21;247.0;33.35;4.28
869.0;763.53;190.0;33.79;4.83
501.0;124.0;399.0;33.6;4.97
579.0;417.77;281.0;33.52;4.97
464.0;453.45;206.0;32.83;4.9
320.0;470.73;132.0;31.77;4.83
121.0;157.34;87.0;30.38;4.48
6.0;0.0;6.0;28.8;3.45
0.0;0.0;0.0;27.69;3.52
0.0;0.0;0.0;26.51;2.97
0.0;0.0;0.0;25.69;2.62
0.0;0.0;0.0;25.34;2.55
0.0;0.0;0.0;24.59;1.66
0.0;0.0;0.0;23.91;1.59
0.0;0.0;0.0;23.73;1.93
0.0;0.0;0.0;22.64;1.86
0.0;0.0;0.0;22.92;2.14
0.0;0.0;0.0;22.59;1.72
120.0;331.19;61.0;22.08;1.59
294.0;498.78;113.0;23.02;2.07
438.0;458.77;192.0;23.98;1.31
628.0;636.72;191.0;25.38;2.28
617.0;321.3;359.0;26.2;3.24
639.0;251.63;418.0;26.77;3.79
494.0;68.36;432.0;27.55;3.93
467.0;57.48;416.0;27.5;3.86
617.0;291.34;378.0;27.79;3.86
678.0;725.86;162.0;27.72;4.0
458.0;432.65;213.0;27.46;4.21
189.0;55.5;167.0;26.98;4.34
126.0;192.61;85.0;26.15;4.0
5.0;0.0;5.0;25.17;3.17
0.0;0.0;0.0;24.18;1.59
0.0;0.0;0.0;23.32;1.1
0.0;0.0;0.0;22.35;1.1
0.0;0.0;0.0;21.44;1.1
0.0;0.0;0.0;21.2;0.83
0.0;0.0;0.0;21.7;0.48
0.0;0.0;0.0;21.23;0.62
0.0;0.0;0.0;21.05;0.69
0.0;0.0;0.0;20.94;0.69
0.0;0.0;0.0;20.66;0.76
69.0;39.91;62.0;20.94;0.62
300.0;546.6;103.0;22.36;0.83
497.0;702.3;122.0;23.78;0.83
658.0;749.74;145.0;25.48;0.69
743.0;637.95;232.0;27.0;1.31
863.0;769.14;189.0;28.23;2.21
902.0;793.37;184.0;29.07;2.69
889.0;816.82;166.0;29.63;3.03
810.0;793.33;161.0;29.92;3.24
687.0;762.31;147.0;29.97;3.31
526.0;702.73;130.0;29.72;3.38
342.0;599.94;106.0;29.11;3.24
154.0;410.43;68.0;28.16;2.83
3.0;0.0;3.0;26.87;2.07
0.0;0.0;0.0;25.49;1.24
0.0;0.0;0.0;24.72;0.9
0.0;0.0;0.0;23.71;0.62
0.0;0.0;0.0;23.57;0.55
0.0;0.0;0.0;23.22;0.55
0.0;0.0;0.0;22.53;0.69
0.0;0.0;0.0;21.27;1.17
0.0;0.0;0.0;20.81;1.45
0.0;0.0;0.0;20.35;1.45
0.0;0.0;0.0;19.95;1.45
116.0;330.13;59.0;20.13;1.45
296.0;542.03;102.0;23.29;1.52
492.0;697.79;121.0;25.62;1.93
657.0;756.46;141.0;27.62;2.41
785.0;782.24;160.0;29.44;2.83
873.0;808.64;166.0;30.93;3.52
902.0;805.14;175.0;31.82;4.14
884.0;812.04;167.0;32.33;4.41
805.0;789.49;161.0;32.59;4.41
679.0;746.69;152.0;32.47;4.41
518.0;688.47;132.0;32.01;4.34
333.0;579.14;107.0;31.23;4.21
147.0;373.56;70.0;30.1;3.72
0.0;0.0;0.0;28.75;2.76
0.0;0.0;0.0;27.36;2.55
0.0;0.0;0.0;26.39;2.41
0.0;0.0;0.0;25.59;2.34
0.0;0.0;0.0;24.95;2.34
0.0;0.0;0.0;24.45;2.34
0.0;0.0;0.0;24.12;2.41
0.0;0.0;0.0;23.87;2.48
0.0;0.0;0.0;23.85;2.55
0.0;0.0;0.0;23.91;2.69
0.0;0.0;0.0;24.08;2.9
107.0;270.77;61.0;24.43;2.83
283.0;478.34;113.0;26.39;2.62
449.0;530.81;168.0;29.05;3.66
545.0;401.49;272.0;30.13;4.55
767.0;736.58;180.0;31.04;4.76
844.0;732.58;205.0;31.82;4.76
877.0;741.53;209.0;32.53;4.55
873.0;794.79;173.0;32.97;4.41
795.0;772.17;167.0;32.74;4.14
536.0;328.53;305.0;32.31;3.59
510.0;672.37;135.0;31.89;3.31
212.0;108.52;170.0;30.98;2.97
59.0;4.94;58.0;29.8;2.34
0.0;0.0;0.0;28.97;1.86
0.0;0.0;0.0;26.98;1.03
0.0;0.0;0.0;26.4;1.59
0.0;0.0;0.0;25.56;1.45
0.0;0.0;0.0;24.88;0.97
0.0;0.0;0.0;24.43;0.55
0.0;0.0;0.0;24.35;0.76
0.0;0.0;0.0;24.51;0.34
0.0;0.0;0.0;24.36;1.17
0.0;0.0;0.0;23.57;0.76
0.0;0.0;0.0;23.1;0.69
64.0;35.91;58.0;22.97;1.03
268.0;408.1;124.0;24.58;1.38
386.0;316.86;219.0;26.25;1.38
612.0;622.61;190.0;28.35;2.14
752.0;702.04;194.0;30.19;3.24
846.0;755.02;189.0;31.24;3.31
403.0;23.37;382.0;32.18;3.38
425.0;37.57;392.0;32.6;3.66
181.0;0.0;181.0;32.47;3.66
156.0;0.0;156.0;31.88;3.52
345.0;160.44;256.0;30.91;3.17
285.0;364.86;145.0;29.81;2.76
126.0;251.21;76.0;28.82;2.07
0.0;0.0;0.0;27.75;1.45
0.0;0.0;0.0;26.29;1.1
0.0;0.0;0.0;25.98;0.69
0.0;0.0;0.0;25.37;0.62
0.0;0.0;0.0;24.57;0.69
0.0;0.0;0.0;24.21;0.55
0.0;0.0;0.0;24.15;0.34
0.0;0.0;0.0;22.76;1.03
0.0;0.0;0.0;22.47;0.97
0.0;0.0;0.0;21.94;1.1
0.0;0.0;0.0;21.67;1.03
86.0;140.0;63.0;21.61;0.97
254.0;342.57;134.0;24.32;0.69
443.0;520.31;170.0;27.35;0.55
580.0;513.63;233.0;29.78;1.31
734.0;643.38;224.0;32.15;2.34
795.0;602.51;272.0;33.72;3.31
362.0;11.15;352.0;34.5;4.0
561.0;148.39;431.0;34.49;4.14
621.0;321.69;361.0;34.6;3.93
418.0;121.85;333.0;33.59;4.0
171.0;1.81;170.0;33.14;4.07
242.0;199.83;166.0;31.88;2.9
12.0;0.0;12.0;30.47;1.93
0.0;0.0;0.0;29.37;1.38
0.0;0.0;0.0;27.86;2.0
0.0;0.0;0.0;27.33;1.93
0.0;0.0;0.0;26.53;0.76
0.0;0.0;0.0;25.78;0.62
0.0;0.0;0.0;24.47;1.45
0.0;0.0;0.0;23.82;1.45
0.0;0.0;0.0;23.23;1.45
0.0;0.0;0.0;23.24;1.72
0.0;0.0;0.0;23.37;1.79
0.0;0.0;0.0;23.09;1.66
57.0;24.77;53.0;22.95;1.38
144.0;28.76;134.0;25.29;0.76
280.0;84.24;236.0;29.01;0.28
360.0;72.77;311.0;31.17;0.9
246.0;1.26;245.0;33.03;0.76
839.0;733.38;204.0;34.71;0.97
871.0;741.44;208.0;36.33;1.79
853.0;750.87;197.0;37.27;2.55
771.0;715.0;195.0;37.44;3.17
651.0;688.1;173.0;37.13;3.52
493.0;634.54;145.0;36.61;2.76
312.0;528.07;113.0;35.95;2.55
130.0;328.8;67.0;34.52;2.41
0.0;0.0;0.0;32.96;1.59
0.0;0.0;0.0;30.97;0.97
0.0;0.0;0.0;29.55;1.03
0.0;0.0;0.0;28.07;1.24
0.0;0.0;0.0;27.3;1.17
0.0;0.0;0.0;27.05;1.93
0.0;0.0;0.0;27.0;2.14
0.0;0.0;0.0;26.52;2.0
0.0;0.0;0.0;25.62;1.93
0.0;0.0;0.0;24.66;1.93
0.0;0.0;0.0;23.85;1.79
98.0;252.19;58.0;23.3;1.66
282.0;509.97;106.0;25.51;1.17
474.0;659.73;131.0;29.69;1.03
648.0;746.56;147.0;32.55;1.03
775.0;766.19;171.0;34.86;0.9
863.0;792.01;179.0;36.45;0.76
892.0;785.97;191.0;37.51;1.59
873.0;795.48;180.0;37.87;2.83
798.0;787.16;166.0;37.42;3.45
669.0;744.55;154.0;36.73;3.66
501.0;664.02;139.0;35.83;3.79
315.0;546.5;111.0;34.45;3.38
131.0;346.18;66.0;32.87;2.41
0.0;0.0;0.0;31.25;1.45
0.0;0.0;0.0;30.18;1.31
0.0;0.0;0.0;28.77;1.38
0.0;0.0;0.0;27.48;0.97
0.0;0.0;0.0;26.41;1.31
0.0;0.0;0.0;25.84;1.66
0.0;0.0;0.0;25.14;1.45
0.0;0.0;0.0;25.42;0.9
0.0;0.0;0.0;25.31;0.83
0.0;0.0;0.0;23.49;1.52
0.0;0.0;0.0;23.05;1.66
79.0;121.99;60.0;22.87;1.38
260.0;411.68;119.0;25.96;0.69
450.0;585.52;147.0;29.78;0.55
620.0;681.84;164.0;32.42;0.34
748.0;714.96;186.0;34.47;0.76
807.0;660.59;238.0;36.03;1.38
861.0;735.24;207.0;36.97;2.21
852.0;772.49;181.0;37.25;3.24
774.0;749.9;174.0;35.42;3.31
648.0;707.19;161.0;35.48;2.62
480.0;612.75;148.0;35.22;2.21
299.0;495.08;116.0;34.6;2.14
62.0;16.32;59.0;33.31;1.86
0.0;0.0;0.0;31.6;1.31
0.0;0.0;0.0;30.54;0.83
0.0;0.0;0.0;29.71;0.28
0.0;0.0;0.0;28.99;0.62
0.0;0.0;0.0;28.03;0.83
0.0;0.0;0.0;27.33;0.9
0.0;0.0;0.0;26.21;1.1
0.0;0.0;0.0;24.75;1.45
0.0;0.0;0.0;24.06;1.59
0.0;0.0;0.0;23.5;1.66
0.0;0.0;0.0;23.06;1.66
86.0;183.16;58.0;22.95;1.52
264.0;441.35;114.0;25.6;0.97
456.0;615.49;139.0;30.42;0.76
629.0;715.73;152.0;33.22;0.28
759.0;748.94;172.0;34.83;0.55
851.0;790.43;172.0;36.01;1.38
879.0;784.6;183.0;36.55;2.28
855.0;778.28;181.0;36.61;3.03
780.0;770.14;166.0;36.21;3.45
656.0;738.13;150.0;35.48;3.38
486.0;642.66;140.0;34.47;3.24
303.0;530.18;109.0;33.92;2.62
121.0;316.96;64.0;33.03;1.79
0.0;0.0;0.0;31.8;0.69
0.0;0.0;0.0;30.5;0.55
0.0;0.0;0.0;29.05;0.62
0.0;0.0;0.0;28.66;0.76
0.0;0.0;0.0;27.59;0.97
0.0;0.0;0.0;26.33;1.31
0.0;0.0;0.0;25.51;1.38
0.0;0.0;0.0;24.61;1.45
0.0;0.0;0.0;23.93;1.66
0.0;0.0;0.0;23.32;1.66
0.0;0.0;0.0;22.75;1.52
82.0;166.69;57.0;22.83;1.17
264.0;450.75;112.0;25.96;0.41
454.0;616.51;138.0;30.1;0.14
628.0;716.77;152.0;32.49;1.24
758.0;749.89;172.0;33.95;1.93
850.0;791.45;172.0;35.06;2.14
878.0;786.81;182.0;35.91;2.55
853.0;779.54;180.0;36.34;3.03
774.0;756.61;173.0;36.32;3.52
654.0;740.13;149.0;35.91;3.52
486.0;656.22;135.0;35.39;3.31
302.0;541.28;106.0;34.33;2.97
120.0;335.71;61.0;32.85;2.14
0.0;0.0;0.0;31.24;1.1
0.0;0.0;0.0;29.16;0.62
0.0;0.0;0.0;28.33;0.28
0.0;0.0;0.0;27.38;0.69
0.0;0.0;0.0;27.28;0.62
0.0;0.0;0.0;26.75;0.34
0.0;0.0;0.0;26.1;0.07
0.0;0.0;0.0;25.53;0.07
0.0;0.0;0.0;25.28;0.62
0.0;0.0;0.0;22.64;1.59
0.0;0.0;0.0;22.24;1.66
53.0;27.2;49.0;22.36;1.45
259.0;436.42;113.0;24.65;1.03
382.0;339.17;209.0;28.27;2.83
609.0;658.91;173.0;30.13;3.24
745.0;717.51;186.0;31.71;3.45
840.0;772.61;180.0;32.81;3.86
868.0;767.54;191.0;33.4;4.14
843.0;761.11;188.0;33.68;4.28
768.0;751.89;173.0;33.77;4.28
641.0;708.36;160.0;33.67;4.28
472.0;613.59;146.0;32.92;4.34
286.0;468.99;118.0;31.55;4.28
107.0;244.78;65.0;29.97;3.86
0.0;0.0;0.0;28.48;3.45
0.0;0.0;0.0;27.45;3.24
0.0;0.0;0.0;26.8;3.17
0.0;0.0;0.0;26.27;3.1
0.0;0.0;0.0;25.83;3.03
0.0;0.0;0.0;25.46;3.03
0.0;0.0;0.0;25.16;2.97
0.0;0.0;0.0;24.78;2.9
0.0;0.0;0.0;24.48;2.76
0.0;0.0;0.0;24.24;2.55
0.0;0.0;0.0;24.25;2.41
62.0;62.44;53.0;24.44;2.21
219.0;244.09;138.0;25.01;2.62
414.0;457.1;182.0;26.15;2.83
614.0;678.02;167.0;27.36;2.76
751.0;737.75;178.0;28.61;2.69
842.0;778.37;179.0;29.9;2.83
870.0;772.08;191.0;30.83;2.83
840.0;750.78;196.0;31.07;2.83
769.0;757.35;172.0;31.09;2.76
655.0;760.73;141.0;30.95;2.69
485.0;674.71;129.0;30.7;2.48
298.0;556.11;101.0;30.11;2.97
112.0;316.73;59.0;28.77;3.31
0.0;0.0;0.0;27.33;2.76
0.0;0.0;0.0;26.44;1.86
0.0;0.0;0.0;25.81;1.1
0.0;0.0;0.0;25.3;0.48
0.0;0.0;0.0;24.64;0.48
0.0;0.0;0.0;24.04;0.62
0.0;0.0;0.0;23.64;0.76
0.0;0.0;0.0;23.48;0.69
0.0;0.0;0.0;23.45;0.62
0.0;0.0;0.0;23.5;0.48
0.0;0.0;0.0;23.09;0.62
72.0;134.55;53.0;22.66;0.76
245.0;391.93;116.0;24.02;0.62
369.0;316.83;209.0;24.97;0.83
553.0;490.24;231.0;26.21;0.62
678.0;536.01;263.0;27.67;0.41
748.0;532.23;296.0;28.85;0.34
777.0;539.47;304.0;29.85;0.83
795.0;644.51;244.0;30.45;1.79
719.0;624.09;229.0;30.29;2.41
618.0;657.51;176.0;28.65;2.55
455.0;578.37;152.0;27.27;2.21
200.0;137.06;152.0;26.55;0.97
100.0;239.24;61.0;26.18;0.41
0.0;0.0;0.0;25.81;0.76
0.0;0.0;0.0;26.08;0.62
0.0;0.0;0.0;25.72;0.0
0.0;0.0;0.0;25.36;0.21
0.0;0.0;0.0;25.03;0.14
0.0;0.0;0.0;24.51;0.48
0.0;0.0;0.0;23.94;0.69
0.0;0.0;0.0;23.9;0.48
0.0;0.0;0.0;23.55;0.55
0.0;0.0;0.0;22.57;0.9
0.0;0.0;0.0;22.31;0.9
62.0;79.56;51.0;22.64;0.69
252.0;444.22;107.0;23.82;0.48
355.0;278.64;215.0;25.87;0.34
587.0;612.83;186.0;27.18;0.07
726.0;693.22;191.0;28.22;0.21
767.0;590.53;267.0;28.3;0.48
801.0;610.94;267.0;29.19;0.9
657.0;323.95;381.0;29.92;1.38
118.0;0.0;118.0;30.05;1.86
614.0;656.47;175.0;30.41;2.34
454.0;586.47;149.0;27.59;2.83
276.0;485.44;108.0;26.91;1.45
101.0;277.4;57.0;26.69;0.9
0.0;0.0;0.0;26.23;0.55
0.0;0.0;0.0;25.49;0.83
0.0;0.0;0.0;25.18;0.14
0.0;0.0;0.0;24.78;0.28
0.0;0.0;0.0;24.48;0.41
0.0;0.0;0.0;24.3;0.55
0.0;0.0;0.0;23.6;0.69
0.0;0.0;0.0;23.36;0.69
0.0;0.0;0.0;23.32;0.55
0.0;0.0;0.0;23.08;0.55
0.0;0.0;0.0;22.42;0.69
72.0;155.21;51.0;22.29;0.69
254.0;469.61;102.0;23.97;0.48
443.0;626.19;130.0;25.5;0.55
618.0;727.19;144.0;27.12;0.34
753.0;778.69;154.0;28.61;0.14
832.0;783.09;171.0;29.83;0.9
827.0;680.6;234.0;30.72;1.66
824.0;740.9;195.0;30.5;3.03
745.0;717.9;186.0;27.29;2.76
614.0;661.51;174.0;27.85;1.03
141.0;0.0;141.0;27.88;0.62
266.0;435.84;117.0;27.59;0.69
81.0;136.24;60.0;27.26;1.1
0.0;0.0;0.0;26.58;0.9
0.0;0.0;0.0;25.59;1.31
0.0;0.0;0.0;24.64;1.1
0.0;0.0;0.0;23.76;1.1
0.0;0.0;0.0;23.02;1.1
0.0;0.0;0.0;22.44;1.1
0.0;0.0;0.0;21.81;1.17
0.0;0.0;0.0;21.33;1.24
0.0;0.0;0.0;20.99;1.1
0.0;0.0;0.0;20.71;1.03
0.0;0.0;0.0;20.29;1.17
75.0;196.48;49.0;20.09;1.17
257.0;495.46;98.0;22.61;0.9
445.0;633.51;130.0;25.13;1.38
621.0;736.21;143.0;27.27;1.66
752.0;776.08;157.0;29.28;1.79
836.0;790.32;171.0;30.8;2.07
863.0;785.3;181.0;31.88;2.34
801.0;667.93;236.0;32.17;2.76
751.0;739.06;178.0;31.8;3.31
633.0;734.71;147.0;31.7;3.72
464.0;648.2;132.0;31.24;3.93
282.0;542.07;99.0;30.29;3.86
97.0;287.43;54.0;28.9;3.1
0.0;0.0;0.0;27.31;1.93
0.0;0.0;0.0;25.92;1.24
0.0;0.0;0.0;24.89;0.9
0.0;0.0;0.0;24.13;0.69
0.0;0.0;0.0;24.26;0.28
0.0;0.0;0.0;24.03;0.0
0.0;0.0;0.0;23.69;0.28
0.0;0.0;0.0;23.11;0.69
0.0;0.0;0.0;21.93;1.03
0.0;0.0;0.0;21.26;1.1
0.0;0.0;0.0;20.79;1.17
69.0;162.36;48.0;20.67;1.1
252.0;471.5;102.0;23.1;0.62
444.0;638.91;128.0;26.22;0.83
614.0;717.5;150.0;28.55;0.9
753.0;780.03;157.0;30.42;1.1
836.0;794.06;170.0;31.76;2.0
868.0;804.1;172.0;32.5;2.83
837.0;781.94;178.0;32.43;3.45
759.0;772.13;163.0;31.92;3.93
632.0;737.36;147.0;31.7;4.0
462.0;649.43;132.0;31.03;3.79
274.0;519.14;101.0;30.04;3.38
92.0;268.99;53.0;28.53;2.62
0.0;0.0;0.0;26.9;1.72
0.0;0.0;0.0;25.86;0.9
0.0;0.0;0.0;25.05;0.55
0.0;0.0;0.0;24.86;0.41
0.0;0.0;0.0;24.37;0.41
0.0;0.0;0.0;23.8;0.55
0.0;0.0;0.0;23.03;0.76
0.0;0.0;0.0;22.18;0.97
0.0;0.0;0.0;21.79;0.97
0.0;0.0;0.0;21.34;1.1
0.0;0.0;0.0;20.86;1.17
58.0;94.98;46.0;20.79;1.17
216.0;291.75;124.0;22.6;0.9
285.0;124.0;224.0;25.44;1.79
434.0;208.05;300.0;26.79;2.69
499.0;173.36;367.0;28.03;3.24
777.0;642.37;240.0;28.71;3.52
775.0;563.4;289.0;29.32;3.59
561.0;179.85;410.0;29.72;3.79
621.0;394.33;318.0;29.95;3.86
608.0;682.01;162.0;30.02;4.21
442.0;595.22;142.0;29.29;4.14
260.0;468.34;106.0;28.48;3.79
83.0;213.83;53.0;27.39;3.1
0.0;0.0;0.0;26.33;2.28
0.0;0.0;0.0;25.81;2.21
0.0;0.0;0.0;25.17;1.72
0.0;0.0;0.0;24.56;1.93
0.0;0.0;0.0;24.02;1.66
0.0;0.0;0.0;23.37;1.17
0.0;0.0;0.0;22.73;1.1
0.0;0.0;0.0;22.59;1.17
0.0;0.0;0.0;22.25;1.24
0.0;0.0;0.0;21.93;1.17
0.0;0.0;0.0;21.17;1.17
62.0;137.83;45.0;21.06;1.24
221.0;323.17;120.0;23.1;1.17
367.0;345.43;198.0;24.44;1.31
564.0;565.92;201.0;26.02;1.31
724.0;722.25;176.0;27.48;1.59
762.0;604.93;258.0;28.09;2.41
91.0;0.0;91.0;27.97;3.24
229.0;0.0;229.0;28.46;3.38
542.0;237.96;360.0;28.16;3.31
140.0;0.0;140.0;27.62;3.31
41.0;0.0;41.0;26.48;2.0
113.0;12.33;109.0;25.73;0.76
82.0;236.08;50.0;25.18;0.34
0.0;0.0;0.0;24.38;0.76
0.0;0.0;0.0;23.27;0.41
0.0;0.0;0.0;22.85;1.1
0.0;0.0;0.0;22.08;0.97
0.0;0.0;0.0;22.09;0.83
0.0;0.0;0.0;21.69;0.9
0.0;0.0;0.0;21.02;0.97
0.0;0.0;0.0;20.71;1.03
0.0;0.0;0.0;20.47;0.97
0.0;0.0;0.0;19.83;1.24
0.0;0.0;0.0;20.0;1.93
61.0;141.29;44.0;20.1;1.72
239.0;442.36;102.0;21.01;1.45
408.0;513.84;158.0;23.21;0.9
602.0;715.45;145.0;24.96;0.62
741.0;776.44;154.0;26.67;0.0
828.0;805.74;159.0;27.96;0.97
831.0;732.0;204.0;28.84;1.59
461.0;75.63;398.0;29.17;2.14
685.0;576.71;246.0;28.33;3.1
166.0;0.0;166.0;27.74;3.24
334.0;223.99;223.0;27.16;1.79
216.0;262.7;132.0;26.68;1.93
52.0;45.9;46.0;26.06;2.28
0.0;0.0;0.0;25.08;1.59
0.0;0.0;0.0;24.58;1.17
0.0;0.0;0.0;24.03;1.31
0.0;0.0;0.0;23.34;0.76
0.0;0.0;0.0;23.85;0.28
0.0;0.0;0.0;23.46;0.41
0.0;0.0;0.0;23.02;0.28
0.0;0.0;0.0;21.99;0.76
0.0;0.0;0.0;21.98;0.48
0.0;0.0;0.0;21.54;0.55
0.0;0.0;0.0;21.24;0.62
58.0;127.89;43.0;19.85;0.97
249.0;514.9;91.0;21.66;0.76
439.0;659.37;120.0;24.2;0.55
608.0;737.36;139.0;25.45;0.07
744.0;789.92;149.0;26.86;0.48
823.0;796.48;164.0;28.13;1.38
803.0;655.0;244.0;28.8;2.07
808.0;741.32;193.0;28.95;2.83
730.0;731.33;176.0;28.17;3.24
604.0;697.71;156.0;26.29;2.97
435.0;608.7;136.0;26.72;2.69
174.0;120.59;136.0;26.36;2.76
77.0;246.32;46.0;25.63;2.34
0.0;0.0;0.0;24.77;1.66
0.0;0.0;0.0;24.39;1.52
0.0;0.0;0.0;23.32;1.38
0.0;0.0;0.0;22.45;1.1
0.0;0.0;0.0;21.91;1.1
0.0;0.0;0.0;21.66;1.1
0.0;0.0;0.0;21.5;1.03
0.0;0.0;0.0;21.31;0.97
0.0;0.0;0.0;20.66;1.1
0.0;0.0;0.0;20.49;1.03
0.0;0.0;0.0;20.4;1.03
42.0;43.76;37.0;20.03;1.1
236.0;444.09;101.0;22.13;1.24
295.0;153.84;221.0;23.6;2.07
575.0;620.55;182.0;24.94;2.97
621.0;425.09;302.0;25.83;3.79
703.0;460.93;323.0;26.44;4.55
739.0;488.09;324.0;25.77;4.83
671.0;382.5;355.0;26.43;5.59
673.0;555.88;254.0;26.68;5.52
588.0;647.32;175.0;26.57;5.38
416.0;534.1;156.0;26.48;5.24
196.0;202.95;133.0;26.09;4.97
61.0;124.06;46.0;25.35;4.34
0.0;0.0;0.0;24.44;3.17
0.0;0.0;0.0;24.13;2.9
0.0;0.0;0.0;23.68;2.69
0.0;0.0;0.0;23.16;2.55
0.0;0.0;0.0;22.81;2.62
0.0;0.0;0.0;22.4;2.48
0.0;0.0;0.0;22.09;2.41
0.0;0.0;0.0;21.9;2.41
0.0;0.0;0.0;21.56;2.41
0.0;0.0;0.0;21.46;2.28
0.0;0.0;0.0;21.26;2.07
38.0;26.98;35.0;21.27;2.0
225.0;388.56;108.0;22.13;2.14
419.0;591.74;136.0;23.59;2.83
407.0;169.7;300.0;24.67;2.97
506.0;193.96;361.0;25.47;2.83
544.0;170.44;404.0;25.75;2.9
510.0;109.8;417.0;26.04;3.03
656.0;354.96;364.0;24.93;3.17
667.0;545.38;258.0;24.6;2.62
524.0;438.59;246.0;24.98;2.55
443.0;671.75;119.0;24.43;2.62
235.0;415.5;108.0;23.13;2.34
69.0;232.95;42.0;22.16;0.9
0.0;0.0;0.0;21.82;0.9
0.0;0.0;0.0;22.66;1.79
0.0;0.0;0.0;21.51;1.86
0.0;0.0;0.0;20.57;1.93
0.0;0.0;0.0;19.81;1.86
0.0;0.0;0.0;19.17;1.86
0.0;0.0;0.0;18.61;1.79
0.0;0.0;0.0;18.11;1.86
0.0;0.0;0.0;17.71;2.07
0.0;0.0;0.0;17.43;2.28
0.0;0.0;0.0;17.23;2.41
65.0;258.93;37.0;17.15;2.48
259.0;593.53;82.0;18.59;2.48
449.0;706.72;113.0;20.36;2.69
623.0;782.2;132.0;22.44;3.03
763.0;835.26;141.0;24.21;3.17
844.0;840.71;156.0;25.64;3.24
865.0;824.91;169.0;26.55;3.31
832.0;802.14;175.0;27.15;3.31
750.0;790.85;160.0;27.45;3.45
624.0;776.65;135.0;27.44;3.66
450.0;694.88;118.0;27.09;4.0
258.0;565.1;88.0;26.33;4.07
72.0;297.72;39.0;25.1;3.52
0.0;0.0;0.0;23.33;3.03
0.0;0.0;0.0;22.25;2.9
0.0;0.0;0.0;21.17;2.76
0.0;0.0;0.0;20.13;2.41
0.0;0.0;0.0;18.95;2.0
0.0;0.0;0.0;17.98;1.86
0.0;0.0;0.0;17.28;1.86
0.0;0.0;0.0;16.73;1.86
0.0;0.0;0.0;16.13;1.86
0.0;0.0;0.0;15.57;1.72
0.0;0.0;0.0;15.16;1.72
61.0;228.43;37.0;14.95;1.66
253.0;579.07;82.0;16.8;1.1
442.0;694.03;114.0;20.85;1.03
615.0;771.36;133.0;23.24;0.69
754.0;825.08;142.0;24.82;0.97
834.0;831.65;156.0;26.03;1.31
772.0;571.17;292.0;26.86;1.72
719.0;495.45;315.0;27.4;2.41
724.0;723.65;187.0;27.48;3.17
612.0;754.79;140.0;27.21;3.52
441.0;682.63;118.0;26.72;3.24
253.0;564.3;86.0;26.04;2.76
63.0;227.01;39.0;24.99;1.93
0.0;0.0;0.0;23.46;1.38
0.0;0.0;0.0;21.85;1.1
0.0;0.0;0.0;22.6;0.55
0.0;0.0;0.0;22.13;0.34
0.0;0.0;0.0;20.24;1.1
0.0;0.0;0.0;19.08;1.31
0.0;0.0;0.0;18.34;1.38
0.0;0.0;0.0;17.64;1.45
0.0;0.0;0.0;17.05;1.59
0.0;0.0;0.0;16.7;1.79
0.0;0.0;0.0;16.32;1.79
57.0;205.92;36.0;16.01;1.72
244.0;543.83;85.0;17.51;1.1
431.0;670.59;116.0;21.66;0.83
605.0;758.85;133.0;24.03;0.34
739.0;802.69;146.0;25.33;0.69
809.0;780.7;175.0;26.43;1.66
825.0;745.55;201.0;27.02;2.34
595.0;251.32;391.0;27.36;2.76
622.0;441.71;296.0;26.64;2.97
587.0;692.45;157.0;25.87;3.03
426.0;648.88;122.0;25.31;2.76
239.0;515.48;89.0;23.42;1.12
59.0;218.79;37.0;23.12;1.12
0.0;0.0;0.0;22.83;1.12
0.0;0.0;0.0;22.54;1.12
0.0;0.0;0.0;22.24;1.12
0.0;0.0;0.0;21.95;1.11
0.0;0.0;0.0;21.66;1.11
0.0;0.0;0.0;21.37;1.11
0.0;0.0;0.0;21.07;1.11
0.0;0.0;0.0;20.78;1.11
0.0;0.0;0.0;20.49;1.11
0.0;0.0;0.0;20.19;1.11
0.0;0.0;0.0;19.9;1.11
11.0;10.11;10.0;19.61;1.11
175.0;359.34;71.0;19.31;1.11
361.0;539.79;109.0;19.02;1.1
542.0;667.12;129.0;25.65;0.55
697.0;766.58;133.0;27.11;0.62
814.0;853.04;124.0;28.3;1.31
873.0;909.41;115.0;29.04;1.79
864.0;931.98;111.0;29.41;2.07
781.0;895.15;124.0;29.36;2.34
653.0;859.6;123.0;28.99;2.62
488.0;810.75;112.0;28.35;2.41
296.0;706.33;94.0;27.35;2.41
103.0;493.03;56.0;26.26;1.79
0.0;0.0;0.0;25.03;0.97
0.0;0.0;0.0;23.77;0.83
0.0;0.0;0.0;22.89;1.03
0.0;0.0;0.0;22.08;1.1
0.0;0.0;0.0;21.68;1.03
0.0;0.0;0.0;21.27;1.03
0.0;0.0;0.0;20.66;1.17
0.0;0.0;0.0;19.94;1.31
0.0;0.0;0.0;19.34;1.38
0.0;0.0;0.0;18.94;1.38
0.0;0.0;0.0;18.59;1.45
9.0;10.44;8.0;18.33;1.45
160.0;279.28;80.0;20.01;0.83
351.0;502.23;118.0;24.2;0.55
540.0;668.69;128.0;26.08;0.21
689.0;747.95;141.0;27.56;0.62
809.0;842.84;130.0;28.81;1.24
871.0;910.86;115.0;29.58;1.66
814.0;802.11;169.0;29.96;2.07
645.0;476.84;297.0;30.04;2.28
640.0;826.69;134.0;29.6;2.34
482.0;801.79;114.0;29.07;2.48
290.0;697.71;94.0;28.04;2.41
103.0;577.41;51.0;26.81;2.0
0.0;0.0;0.0;25.55;1.24
0.0;0.0;0.0;24.33;0.83
0.0;0.0;0.0;23.44;0.83
0.0;0.0;0.0;23.0;0.83
0.0;0.0;0.0;22.85;0.76
0.0;0.0;0.0;22.2;0.9
0.0;0.0;0.0;21.27;1.17
0.0;0.0;0.0;20.74;1.17
0.0;0.0;0.0;20.07;1.24
0.0;0.0;0.0;19.42;1.24
0.0;0.0;0.0;18.81;1.31
8.0;10.79;7.0;18.42;1.38
162.0;306.91;75.0;20.25;0.83
348.0;498.92;118.0;24.14;0.83
536.0;665.42;128.0;26.47;0.41
684.0;744.28;141.0;28.13;0.14
791.0;806.43;144.0;29.46;0.69
861.0;896.65;120.0;30.23;1.1
827.0;850.99;146.0;30.89;1.59
672.0;567.81;260.0;30.65;2.28
616.0;758.8;155.0;30.0;2.55
453.0;687.04;141.0;29.22;2.34
269.0;580.12;109.0;28.26;2.28
43.0;11.8;42.0;27.15;1.66
0.0;0.0;0.0;25.98;0.0
0.0;0.0;0.0;24.37;0.0
0.0;0.0;0.0;23.61;1.31
0.0;0.0;0.0;22.79;1.31
0.0;0.0;0.0;22.14;0.97
0.0;0.0;0.0;22.07;0.9
0.0;0.0;0.0;21.53;1.03
0.0;0.0;0.0;21.05;1.1
0.0;0.0;0.0;20.28;1.17
0.0;0.0;0.0;19.61;1.24
0.0;0.0;0.0;19.18;1.38
6.0;11.17;5.0;18.92;1.45
158.0;292.37;76.0;20.41;0.97
343.0;491.24;118.0;23.3;0.83
530.0;658.88;128.0;25.55;0.41
678.0;739.26;141.0;26.85;0.48
792.0;823.59;134.0;28.09;0.76
831.0;832.55;146.0;28.68;1.38
706.0;508.6;301.0;28.24;2.21
255.0;2.77;253.0;27.11;2.62
68.0;0.0;68.0;26.72;1.86
165.0;4.45;163.0;25.85;1.03
188.0;162.58;144.0;24.87;0.55
80.0;327.57;54.0;23.27;0.14
0.0;0.0;0.0;22.4;0.41
0.0;0.0;0.0;22.58;1.1
0.0;0.0;0.0;21.89;1.17
0.0;0.0;0.0;21.85;1.03
0.0;0.0;0.0;22.56;0.69
0.0;0.0;0.0;21.32;0.97
0.0;0.0;0.0;20.05;1.17
0.0;0.0;0.0;18.98;1.38
0.0;0.0;0.0;18.55;1.38
0.0;0.0;0.0;18.33;1.24
0.0;0.0;0.0;18.09;1.1
2.0;0.0;2.0;17.74;1.59
79.0;14.42;75.0;18.94;1.1
262.0;186.8;177.0;21.36;1.1
508.0;574.89;159.0;23.05;1.03
679.0;745.29;140.0;24.61;0.55
794.0;829.64;134.0;25.63;0.69
766.0;637.29;244.0;26.46;1.45
789.0;756.03;190.0;26.93;2.14
630.0;465.84;296.0;26.8;2.83
480.0;319.25;289.0;25.65;1.72
41.0;0.0;41.0;25.95;1.45
24.0;0.0;24.0;24.94;0.9
59.0;121.68;50.0;24.02;0.83
0.0;0.0;0.0;23.32;0.9
0.0;0.0;0.0;21.85;0.9
0.0;0.0;0.0;20.68;1.1
0.0;0.0;0.0;20.11;1.17
0.0;0.0;0.0;19.84;1.17
0.0;0.0;0.0;19.75;1.1
0.0;0.0;0.0;19.48;1.03
0.0;0.0;0.0;17.99;1.45
0.0;0.0;0.0;17.4;1.52
0.0;0.0;0.0;16.91;1.66
0.0;0.0;0.0;16.78;1.66
0.0;0.0;0.0;16.66;1.79
162.0;338.92;69.0;17.94;1.52
355.0;557.51;103.0;21.1;1.66
539.0;692.07;121.0;23.27;1.66
682.0;754.2;139.0;24.82;1.17
780.0;795.39;150.0;26.03;0.83
800.0;737.11;199.0;26.9;1.38
827.0;874.1;138.0;27.29;2.21
735.0;805.51;161.0;26.79;2.83
630.0;845.76;128.0;26.3;3.24
446.0;710.33;134.0;25.71;3.17
274.0;711.12;89.0;24.94;2.69
87.0;612.98;45.0;24.19;1.86
0.0;0.0;0.0;23.01;1.31
0.0;0.0;0.0;21.73;1.24
0.0;0.0;0.0;20.83;1.38
0.0;0.0;0.0;20.02;1.52
0.0;0.0;0.0;19.46;1.72
0.0;0.0;0.0;18.91;1.52
0.0;0.0;0.0;19.02;1.31
0.0;0.0;0.0;19.01;1.79
0.0;0.0;0.0;19.19;2.34
0.0;0.0;0.0;19.15;2.41
0.0;0.0;0.0;19.1;2.07
0.0;0.0;0.0;18.48;2.07
14.0;0.0;14.0;19.55;2.14
336.0;501.16;111.0;22.47;2.28
502.0;585.83;150.0;24.75;2.07
598.0;507.9;234.0;26.47;2.97
522.0;187.69;374.0;26.49;3.79
313.0;7.39;307.0;26.75;4.48
72.0;0.0;72.0;27.34;4.97
66.0;0.0;66.0;27.68;5.03
54.0;0.0;54.0;27.44;5.1
50.0;0.0;50.0;26.9;4.48
32.0;0.0;32.0;26.47;4.07
21.0;0.0;21.0;25.54;3.31
0.0;0.0;0.0;24.89;3.24
0.0;0.0;0.0;23.12;1.1
0.0;0.0;0.0;22.76;1.52
0.0;0.0;0.0;22.34;2.0
0.0;0.0;0.0;21.6;1.86
0.0;0.0;0.0;20.85;1.59
0.0;0.0;0.0;20.68;2.07
0.0;0.0;0.0;20.69;1.66
0.0;0.0;0.0;20.2;1.52
0.0;0.0;0.0;19.91;1.52
0.0;0.0;0.0;19.47;1.52
0.0;0.0;0.0;19.37;1.31
143.0;257.21;74.0;19.54;1.45
312.0;401.45;133.0;22.26;1.24
494.0;568.85;154.0;25.63;1.1
534.0;342.05;290.0;26.88;1.86
554.0;245.87;361.0;27.88;2.76
131.0;0.0;131.0;27.29;2.21
91.0;0.0;91.0;26.43;0.76
65.0;0.0;65.0;25.63;1.03
86.0;0.0;86.0;24.65;1.31
134.0;0.0;134.0;24.19;2.14
155.0;96.2;131.0;24.21;2.14
13.0;0.0;13.0;24.06;0.83
0.0;0.0;0.0;22.81;1.17
0.0;0.0;0.0;22.77;2.14
0.0;0.0;0.0;21.8;1.79
0.0;0.0;0.0;20.75;1.72
0.0;0.0;0.0;19.73;1.66
0.0;0.0;0.0;19.34;1.38
0.0;0.0;0.0;18.93;1.52
0.0;0.0;0.0;19.24;1.72
0.0;0.0;0.0;20.91;2.9
0.0;0.0;0.0;22.33;4.07
0.0;0.0;0.0;22.69;4.34
0.0;0.0;0.0;22.54;3.66
21.0;0.0;21.0;23.02;3.59
52.0;0.0;52.0;22.38;2.69
323.0;112.7;256.0;24.46;3.31
624.0;615.51;187.0;26.35;4.41
459.0;112.62;371.0;27.34;4.97
520.0;158.0;393.0;27.5;4.76
125.0;0.0;125.0;26.9;5.17
64.0;0.0;64.0;22.87;4.34
53.0;0.0;53.0;21.79;3.79
59.0;0.0;59.0;21.6;3.31
35.0;0.0;35.0;21.17;3.59
8.0;0.0;8.0;20.84;3.24
0.0;0.0;0.0;20.53;2.62
0.0;0.0;0.0;21.0;1.24
0.0;0.0;0.0;20.83;0.69
0.0;0.0;0.0;20.44;0.48
0.0;0.0;0.0;20.18;0.21
0.0;0.0;0.0;19.82;0.62
0.0;0.0;0.0;19.45;0.55
0.0;0.0;0.0;18.79;0.9
0.0;0.0;0.0;18.21;1.1
0.0;0.0;0.0;17.82;1.17
0.0;0.0;0.0;17.33;1.31
0.0;0.0;0.0;16.77;1.38
145.0;290.02;69.0;18.78;0.69
345.0;561.82;98.0;21.11;0.62
524.0;686.67;118.0;22.41;1.03
674.0;772.75;128.0;23.1;1.52
772.0;816.5;137.0;23.83;1.86
814.0;837.67;144.0;24.25;2.14
769.0;753.14;188.0;24.44;2.21
262.0;4.32;259.0;24.33;2.34
550.0;609.61;200.0;23.93;2.76
438.0;778.65;112.0;23.47;2.83
251.0;699.72;84.0;22.88;2.55
68.0;646.87;38.0;22.16;1.72
0.0;0.0;0.0;21.21;1.03
0.0;0.0;0.0;20.76;1.17
0.0;0.0;0.0;20.51;0.83
0.0;0.0;0.0;20.76;0.34
0.0;0.0;0.0;20.38;0.0
0.0;0.0;0.0;19.98;0.34
0.0;0.0;0.0;19.56;0.69
0.0;0.0;0.0;18.04;1.03
0.0;0.0;0.0;17.14;1.24
0.0;0.0;0.0;16.41;1.38
0.0;0.0;0.0;16.07;1.52
0.0;0.0;0.0;15.78;1.45
136.0;247.19;72.0;16.99;1.03
282.0;288.68;156.0;20.61;1.1
514.0;661.58;125.0;22.59;1.03
657.0;732.47;142.0;23.69;1.38
701.0;599.49;237.0;24.73;1.93
704.0;515.19;294.0;25.23;2.55
564.0;242.47;378.0;25.5;3.03
699.0;765.44;171.0;25.34;3.52
594.0;809.96;133.0;24.96;3.66
381.0;503.11;173.0;24.33;3.45
245.0;690.4;84.0;23.91;3.1
29.0;24.53;28.0;23.01;2.62
0.0;0.0;0.0;22.17;2.41
0.0;0.0;0.0;21.72;1.79
0.0;0.0;0.0;21.44;1.66
0.0;0.0;0.0;20.75;1.45
0.0;0.0;0.0;19.86;1.52
0.0;0.0;0.0;19.08;1.52
0.0;0.0;0.0;18.66;1.45
0.0;0.0;0.0;18.17;1.52
0.0;0.0;0.0;17.87;1.59
0.0;0.0;0.0;17.32;1.72
0.0;0.0;0.0;16.86;1.66
0.0;0.0;0.0;16.72;1.66
128.0;203.32;76.0;17.86;1.17
332.0;528.52;103.0;20.55;1.03
498.0;607.18;143.0;22.81;1.38
638.0;668.95;170.0;23.92;1.86
720.0;666.03;207.0;24.49;2.14
484.0;116.2;392.0;24.6;2.55
676.0;490.35;302.0;24.39;2.69
442.0;131.37;352.0;23.92;2.62
477.0;382.89;261.0;22.95;1.59
418.0;725.25;122.0;23.08;0.55
213.0;456.74;109.0;22.81;1.17
34.0;0.0;34.0;22.29;0.28
0.0;0.0;0.0;21.2;0.28
0.0;0.0;0.0;20.72;1.31
0.0;0.0;0.0;19.78;1.38
0.0;0.0;0.0;19.2;1.31
0.0;0.0;0.0;19.5;1.03
0.0;0.0;0.0;18.92;1.24
0.0;0.0;0.0;17.91;1.45
0.0;0.0;0.0;17.46;1.38
0.0;0.0;0.0;16.85;1.59
0.0;0.0;0.0;16.47;1.66
0.0;0.0;0.0;16.4;1.59
0.0;0.0;0.0;16.05;1.52
101.0;91.06;78.0;17.3;1.1
215.0;106.96;169.0;20.32;1.17
351.0;168.58;253.0;22.64;1.03
476.0;234.18;313.0;24.3;0.83
590.0;328.8;338.0;25.39;0.55
680.0;469.75;310.0;26.11;1.31
326.0;14.51;315.0;26.28;1.93
329.0;29.4;309.0;25.8;2.07
286.0;39.35;264.0;25.05;2.28
185.0;19.86;177.0;24.58;2.0
133.0;76.52;116.0;23.96;1.38
33.0;0.0;33.0;23.16;0.83
0.0;0.0;0.0;22.5;0.34
0.0;0.0;0.0;22.4;0.28
0.0;0.0;0.0;21.91;0.34
0.0;0.0;0.0;21.2;0.83
0.0;0.0;0.0;19.9;1.03
0.0;0.0;0.0;19.32;1.03
0.0;0.0;0.0;18.37;1.24
0.0;0.0;0.0;17.72;1.38
0.0;0.0;0.0;16.93;1.52
0.0;0.0;0.0;16.39;1.52
0.0;0.0;0.0;15.94;1.52
0.0;0.0;0.0;15.61;1.52
139.0;308.77;62.0;16.62;1.03
332.0;548.25;98.0;20.45;0.97
513.0;681.73;119.0;23.1;0.9
655.0;746.61;138.0;24.87;1.24
759.0;811.73;140.0;26.12;1.66
808.0;855.15;138.0;26.92;2.14
788.0;857.0;142.0;26.85;2.76
242.0;2.96;240.0;26.56;3.03
119.0;0.0;119.0;25.96;3.17
422.0;792.58;107.0;25.57;3.24
148.0;133.88;119.0;24.82;2.83
29.0;0.0;29.0;23.57;2.55
0.0;0.0;0.0;22.39;2.21
0.0;0.0;0.0;22.1;2.21
0.0;0.0;0.0;21.19;2.07
0.0;0.0;0.0;20.47;2.0
0.0;0.0;0.0;19.88;2.14
0.0;0.0;0.0;19.19;2.34
0.0;0.0;0.0;18.61;2.55
0.0;0.0;0.0;18.0;2.62
0.0;0.0;0.0;17.42;2.62
0.0;0.0;0.0;16.94;2.62
0.0;0.0;0.0;16.59;2.69
0.0;0.0;0.0;16.29;2.62
143.0;345.31;58.0;16.9;2.34
332.0;557.22;96.0;19.06;2.48
522.0;718.86;109.0;21.6;2.62
657.0;756.36;136.0;23.73;2.69
762.0;821.18;139.0;25.28;2.41
802.0;841.8;146.0;26.44;2.14
790.0;866.19;141.0;27.3;1.93
710.0;849.93;140.0;27.82;2.0
591.0;858.23;120.0;27.92;2.55
419.0;793.29;108.0;27.36;3.24
229.0;715.55;78.0;25.96;3.17
28.0;0.0;28.0;24.22;2.76
0.0;0.0;0.0;22.88;2.14
0.0;0.0;0.0;21.63;1.59
0.0;0.0;0.0;21.09;1.1
0.0;0.0;0.0;21.24;0.9
0.0;0.0;0.0;20.48;0.9
0.0;0.0;0.0;19.75;0.9
0.0;0.0;0.0;18.84;0.9
0.0;0.0;0.0;17.7;0.9
0.0;0.0;0.0;16.83;0.97
0.0;0.0;0.0;15.73;1.17
0.0;0.0;0.0;14.93;1.38
0.0;0.0;0.0;14.59;1.38
132.0;292.29;61.0;15.64;1.03
325.0;540.19;98.0;20.14;0.55
508.0;682.94;118.0;22.34;0.48
657.0;770.63;129.0;23.83;1.38
754.0;814.87;139.0;24.71;2.28
789.0;824.49;150.0;25.13;2.62
769.0;823.18;156.0;25.32;2.76
690.0;802.11;156.0;25.11;3.52
548.0;704.54;165.0;24.24;3.86
261.0;144.85;205.0;23.29;3.45
168.0;267.74;113.0;22.46;2.97
4.0;0.0;4.0;21.73;2.07
0.0;0.0;0.0;21.18;1.45
0.0;0.0;0.0;21.02;1.45
0.0;0.0;0.0;20.43;1.45
0.0;0.0;0.0;20.33;1.52
0.0;0.0;0.0;20.13;1.59
0.0;0.0;0.0;20.09;1.66
0.0;0.0;0.0;19.97;1.66
0.0;0.0;0.0;19.7;1.72
0.0;0.0;0.0;19.79;1.72
0.0;0.0;0.0;19.74;1.79
0.0;0.0;0.0;19.61;1.86
0.0;0.0;0.0;19.59;1.86
108.0;158.57;70.0;19.9;1.86
128.0;7.2;125.0;21.14;2.21
255.0;44.05;230.0;22.14;2.48
417.0;151.15;314.0;22.86;2.83
595.0;375.64;313.0;23.34;3.1
457.0;103.8;377.0;23.39;3.1
231.0;0.0;231.0;23.54;2.97
244.0;4.54;241.0;23.01;2.62
132.0;0.0;132.0;22.2;1.93
66.0;0.0;66.0;20.98;1.38
75.0;5.01;74.0;20.45;1.1
3.0;0.0;3.0;20.01;0.76
0.0;0.0;0.0;19.13;1.24
0.0;0.0;0.0;19.54;2.48
0.0;0.0;0.0;19.23;2.76
0.0;0.0;0.0;19.01;3.17
0.0;0.0;0.0;18.8;3.79
0.0;0.0;0.0;18.53;3.66
0.0;0.0;0.0;18.75;3.17
0.0;0.0;0.0;18.77;2.76
0.0;0.0;0.0;18.84;2.62
0.0;0.0;0.0;18.7;2.97
0.0;0.0;0.0;18.65;2.76
0.0;0.0;0.0;18.61;2.76
71.0;29.62;64.0;18.75;2.9
181.0;62.88;155.0;19.04;2.41
450.0;507.06;164.0;19.95;2.76
535.0;417.61;252.0;20.88;2.76
699.0;693.73;181.0;21.88;2.83
688.0;558.48;260.0;22.59;3.31
573.0;312.77;343.0;21.28;3.59
522.0;326.31;308.0;21.95;3.24
442.0;367.64;246.0;21.97;3.03
283.0;239.58;193.0;21.97;2.69
33.0;0.0;33.0;21.32;2.28
3.0;0.0;3.0;19.61;1.52
0.0;0.0;0.0;18.63;1.38
0.0;0.0;0.0;19.78;1.66
0.0;0.0;0.0;19.37;1.45
0.0;0.0;0.0;18.77;1.17
0.0;0.0;0.0;18.2;1.1
0.0;0.0;0.0;18.07;0.9
0.0;0.0;0.0;17.78;0.69
0.0;0.0;0.0;17.15;0.69
0.0;0.0;0.0;17.21;0.9
0.0;0.0;0.0;17.18;0.9
0.0;0.0;0.0;16.82;0.76
0.0;0.0;0.0;16.88;0.62
20.0;0.0;20.0;17.35;0.62
102.0;0.0;102.0;17.84;0.97
477.0;620.92;129.0;18.55;1.93
616.0;691.53;150.0;19.62;2.0
609.0;424.19;294.0;20.37;2.14
591.0;318.91;348.0;21.01;2.62
621.0;427.01;309.0;20.57;2.48
529.0;347.26;303.0;20.9;1.1
531.0;721.81;150.0;21.38;0.83
0.0;0.0;0.0;21.24;1.24
195.0;615.42;79.0;20.62;1.24
0.0;0.0;0.0;18.76;0.62
0.0;0.0;0.0;18.34;0.62
0.0;0.0;0.0;18.16;0.34
0.0;0.0;0.0;17.82;0.28
0.0;0.0;0.0;17.27;0.55
0.0;0.0;0.0;16.06;0.9
0.0;0.0;0.0;15.7;0.69
0.0;0.0;0.0;15.73;0.55
0.0;0.0;0.0;15.53;0.55
0.0;0.0;0.0;15.03;1.03
0.0;0.0;0.0;15.46;0.55
0.0;0.0;0.0;15.31;0.55
0.0;0.0;0.0;15.24;0.76
71.0;34.82;63.0;15.36;0.97
171.0;51.64;150.0;16.69;1.31
246.0;41.3;223.0;18.19;1.24
624.0;722.36;140.0;19.58;1.72
694.0;679.78;192.0;20.89;2.28
759.0;794.69;157.0;21.89;2.55
729.0;761.81;176.0;22.67;2.97
551.0;407.28;288.0;22.96;3.52
397.0;250.71;266.0;22.84;3.86
376.0;729.52;110.0;22.49;3.45
17.0;0.0;17.0;21.78;3.1
0.0;0.0;0.0;20.45;2.9
0.0;0.0;0.0;19.19;2.83
0.0;0.0;0.0;18.45;2.28
0.0;0.0;0.0;17.64;2.07
0.0;0.0;0.0;16.88;1.93
0.0;0.0;0.0;16.28;1.86
0.0;0.0;0.0;15.75;1.79
0.0;0.0;0.0;15.26;1.66
0.0;0.0;0.0;14.89;1.59
0.0;0.0;0.0;14.47;1.59
0.0;0.0;0.0;14.14;1.59
0.0;0.0;0.0;13.9;1.59
0.0;0.0;0.0;13.63;1.66
89.0;101.6;66.0;14.26;1.45
180.0;66.96;153.0;16.64;1.17
452.0;535.06;156.0;18.72;1.03
549.0;474.38;233.0;20.27;0.69
700.0;717.69;173.0;21.29;0.41
639.0;443.53;305.0;21.97;0.9
427.0;92.91;360.0;22.41;1.38
92.0;0.0;92.0;21.37;1.59
108.0;0.0;108.0;21.22;1.17
125.0;2.78;124.0;20.04;1.38
83.0;16.94;80.0;19.7;1.17
0.0;0.0;0.0;18.93;0.97
0.0;0.0;0.0;18.2;1.24
0.0;0.0;0.0;17.42;0.97
0.0;0.0;0.0;16.7;1.03
0.0;0.0;0.0;16.39;0.97
0.0;0.0;0.0;15.46;1.24
0.0;0.0;0.0;15.11;1.31
0.0;0.0;0.0;15.03;1.24
0.0;0.0;0.0;15.11;1.1
0.0;0.0;0.0;14.87;1.1
0.0;0.0;0.0;14.9;0.97
0.0;0.0;0.0;14.47;1.17
0.0;0.0;0.0;14.35;1.17
118.0;291.49;53.0;15.02;0.97
302.0;520.36;94.0;16.61;0.69
472.0;638.73;121.0;17.67;0.62
609.0;703.7;143.0;18.83;0.48
702.0;742.38;160.0;19.71;0.41
706.0;650.61;219.0;20.43;0.62
395.0;67.01;347.0;20.8;1.03
59.0;0.0;59.0;21.31;1.59
48.0;0.0;48.0;21.2;1.52
33.0;0.0;33.0;20.42;1.03
16.0;0.0;16.0;19.24;0.9
0.0;0.0;0.0;17.86;0.34
0.0;0.0;0.0;17.29;0.21
0.0;0.0;0.0;16.25;1.03
0.0;0.0;0.0;15.65;1.17
0.0;0.0;0.0;15.0;1.38
0.0;0.0;0.0;14.33;1.45
0.0;0.0;0.0;13.94;1.45
0.0;0.0;0.0;13.55;1.38
0.0;0.0;0.0;13.05;1.45
0.0;0.0;0.0;12.56;1.52
0.0;0.0;0.0;12.22;1.59
0.0;0.0;0.0;11.88;1.59
0.0;0.0;0.0;11.53;1.66
117.0;296.0;52.0;12.43;1.24
295.0;499.75;97.0;15.65;1.1
360.0;240.01;229.0;17.73;1.03
581.0;598.56;187.0;19.36;0.9
711.0;778.42;146.0;20.72;1.03
744.0;780.96;163.0;21.66;1.52
717.0;763.28;174.0;22.15;1.86
655.0;815.39;141.0;22.55;2.0
533.0;807.66;124.0;22.62;2.28
326.0;511.6;148.0;22.44;2.41
177.0;633.46;72.0;21.81;2.21
0.0;0.0;0.0;20.53;1.86
0.0;0.0;0.0;19.23;1.52
0.0;0.0;0.0;18.22;1.38
0.0;0.0;0.0;18.18;1.03
0.0;0.0;0.0;17.32;1.1
0.0;0.0;0.0;16.16;1.38
0.0;0.0;0.0;15.42;1.45
0.0;0.0;0.0;14.86;1.45
0.0;0.0;0.0;14.35;1.38
0.0;0.0;0.0;13.82;1.45
0.0;0.0;0.0;13.48;1.52
0.0;0.0;0.0;13.26;1.59
0.0;0.0;0.0;13.13;1.66
107.0;245.17;54.0;13.77;1.45
291.0;491.54;98.0;16.82;1.03
470.0;647.53;119.0;19.44;0.62
608.0;712.28;142.0;20.89;0.55
708.0;780.28;145.0;22.0;0.69
741.0;783.11;162.0;22.59;0.83
670.0;615.71;235.0;23.05;1.17
616.0;674.99;194.0;23.12;1.59
455.0;485.04;212.0;22.77;1.72
348.0;674.77;117.0;22.34;1.66
170.0;612.25;72.0;21.66;1.59
0.0;0.0;0.0;20.46;1.66
0.0;0.0;0.0;19.37;1.38
0.0;0.0;0.0;19.21;0.97
0.0;0.0;0.0;19.09;0.83
0.0;0.0;0.0;18.31;1.03
0.0;0.0;0.0;17.59;1.17
0.0;0.0;0.0;17.16;1.17
0.0;0.0;0.0;16.65;1.24
0.0;0.0;0.0;16.1;1.31
0.0;0.0;0.0;15.51;1.45
0.0;0.0;0.0;15.14;1.45
0.0;0.0;0.0;14.67;1.52
0.0;0.0;0.0;14.34;1.52
102.0;225.64;54.0;14.71;1.24
285.0;480.64;98.0;18.65;0.41
460.0;627.93;122.0;20.28;0.41
596.0;689.03;148.0;21.35;0.48
694.0;757.11;151.0;22.24;0.76
718.0;729.53;182.0;22.57;1.1
633.0;524.54;265.0;23.11;1.38
459.0;235.49;313.0;22.96;1.59
290.0;80.72;250.0;22.64;2.14
37.0;0.0;37.0;21.9;1.72
156.0;511.75;77.0;20.97;0.62
0.0;0.0;0.0;20.29;0.41
0.0;0.0;0.0;19.34;0.62
0.0;0.0;0.0;17.75;1.17
0.0;0.0;0.0;16.81;1.31
0.0;0.0;0.0;16.4;1.24
0.0;0.0;0.0;15.54;1.45
0.0;0.0;0.0;15.11;1.45
0.0;0.0;0.0;14.43;1.45
0.0;0.0;0.0;13.87;1.45
0.0;0.0;0.0;13.42;1.52
0.0;0.0;0.0;13.08;1.59
0.0;0.0;0.0;12.8;1.66
0.0;0.0;0.0;12.66;1.66
99.0;224.6;52.0;13.43;1.45
281.0;472.18;99.0;17.0;1.24
458.0;628.69;122.0;20.13;0.0
600.0;716.6;137.0;21.85;0.0
692.0;758.95;151.0;22.97;0.21
724.0;761.6;168.0;23.74;0.76
669.0;648.87;217.0;24.05;1.17
599.0;655.55;196.0;24.13;1.86
299.0;97.94;251.0;23.52;2.34
331.0;640.22;119.0;22.56;2.14
156.0;564.95;72.0;21.85;1.52
0.0;0.0;0.0;20.83;0.76
0.0;0.0;0.0;20.57;0.34
0.0;0.0;0.0;18.4;1.03
0.0;0.0;0.0;17.65;1.1
0.0;0.0;0.0;16.73;1.24
0.0;0.0;0.0;15.91;1.38
0.0;0.0;0.0;15.6;1.31
0.0;0.0;0.0;15.08;1.45
0.0;0.0;0.0;14.81;1.45
0.0;0.0;0.0;14.62;1.52
0.0;0.0;0.0;14.32;1.59
0.0;0.0;0.0;14.07;1.52
0.0;0.0;0.0;14.04;1.52
105.0;272.15;49.0;14.45;1.31
271.0;434.78;105.0;17.39;1.1
454.0;627.6;121.0;20.3;0.62
590.0;691.6;146.0;21.92;0.21
677.0;717.1;169.0;22.97;1.38
680.0;627.3;225.0;23.38;2.07
531.0;283.4;335.0;23.26;2.34
537.0;454.47;260.0;22.75;2.28
495.0;734.56;139.0;22.69;2.28
331.0;675.82;111.0;22.29;1.79
137.0;398.58;80.0;21.7;1.17
0.0;0.0;0.0;20.62;0.69
0.0;0.0;0.0;20.21;0.55
0.0;0.0;0.0;20.17;0.41
0.0;0.0;0.0;19.66;0.41
0.0;0.0;0.0;19.23;0.48
0.0;0.0;0.0;18.88;0.28
0.0;0.0;0.0;18.5;0.34
0.0;0.0;0.0;17.75;0.9
0.0;0.0;0.0;15.9;1.24
0.0;0.0;0.0;15.02;1.38
0.0;0.0;0.0;14.62;1.45
0.0;0.0;0.0;14.32;1.45
0.0;0.0;0.0;13.87;1.24
91.0;192.82;52.0;14.99;0.83
251.0;349.09;119.0;17.97;0.28
430.0;541.11;145.0;20.2;0.48
572.0;644.37;161.0;21.5;0.83
668.0;708.84;169.0;22.4;1.24
694.0;696.65;192.0;22.97;1.72
652.0;629.21;220.0;23.15;2.14
349.0;79.44;301.0;23.0;2.21
275.0;73.04;240.0;22.81;2.14
253.0;271.94;166.0;22.28;2.14
135.0;444.16;74.0;21.51;2.0
0.0;0.0;0.0;20.46;1.52
0.0;0.0;0.0;19.36;1.03
0.0;0.0;0.0;19.55;0.28
0.0;0.0;0.0;19.19;0.21
0.0;0.0;0.0;18.78;0.34
0.0;0.0;0.0;18.57;0.48
0.0;0.0;0.0;18.13;0.69
0.0;0.0;0.0;17.76;0.83
0.0;0.0;0.0;17.21;0.97
0.0;0.0;0.0;17.21;1.03
0.0;0.0;0.0;17.53;1.17
0.0;0.0;0.0;17.68;1.17
0.0;0.0;0.0;17.45;1.24
73.0;90.58;55.0;17.23;1.31
243.0;317.82;124.0;18.6;1.31
422.0;516.48;152.0;20.01;1.86
352.0;96.27;291.0;20.93;2.28
162.0;0.0;162.0;21.63;2.9
536.0;271.02;342.0;21.6;3.45
523.0;283.19;330.0;21.15;3.66
361.0;96.84;303.0;21.0;3.31
349.0;219.55;245.0;21.15;3.45
170.0;50.9;154.0;20.68;3.03
82.0;68.35;73.0;20.13;2.0
0.0;0.0;0.0;19.52;1.79
0.0;0.0;0.0;18.96;0.0
0.0;0.0;0.0;18.77;0.0
0.0;0.0;0.0;18.31;1.17
0.0;0.0;0.0;17.87;1.38
0.0;0.0;0.0;18.11;1.86
0.0;0.0;0.0;17.9;1.66
0.0;0.0;0.0;17.6;1.52
0.0;0.0;0.0;17.06;1.31
0.0;0.0;0.0;16.37;1.72
0.0;0.0;0.0;16.35;1.72
0.0;0.0;0.0;15.9;1.79
0.0;0.0;0.0;15.59;1.86
75.0;112.73;53.0;15.75;1.72
196.0;145.67;142.0;18.05;1.38
414.0;489.59;160.0;19.59;1.66
568.0;641.87;164.0;20.74;1.86
656.0;677.73;185.0;21.19;2.0
697.0;720.1;185.0;22.42;2.48
612.0;515.93;263.0;23.17;2.76
566.0;594.65;213.0;23.31;3.24
373.0;294.74;235.0;22.89;3.66
298.0;547.43;129.0;22.21;3.66
136.0;571.26;64.0;17.79;3.17
0.0;0.0;0.0;17.53;3.05
0.0;0.0;0.0;17.27;2.94
0.0;0.0;0.0;17.0;2.82
0.0;0.0;0.0;16.74;2.7
0.0;0.0;0.0;16.48;2.59
0.0;0.0;0.0;16.21;2.47
0.0;0.0;0.0;15.95;2.36
0.0;0.0;0.0;15.69;2.24
0.0;0.0;0.0;15.42;2.12
0.0;0.0;0.0;15.16;2.01
0.0;0.0;0.0;14.9;1.89
0.0;0.0;0.0;14.63;1.77
0.0;0.0;0.0;14.37;1.66
143.0;446.88;59.0;14.11;1.54
329.0;655.4;91.0;13.84;1.42
497.0;759.62;109.0;17.94;2.28
617.0;786.02;129.0;19.32;2.48
556.0;368.89;303.0;20.38;2.41
529.0;278.05;334.0;21.27;2.69
470.0;214.64;327.0;21.66;2.97
571.0;758.17;129.0;21.76;2.97
438.0;730.49;104.0;21.35;2.76
261.0;601.59;82.0;20.71;2.48
80.0;365.81;38.0;19.97;2.0
0.0;0.0;0.0;18.93;1.52
0.0;0.0;0.0;18.13;1.31
0.0;0.0;0.0;17.25;1.03
0.0;0.0;0.0;16.94;0.97
0.0;0.0;0.0;16.63;0.97
0.0;0.0;0.0;16.52;0.97
0.0;0.0;0.0;16.31;0.97
0.0;0.0;0.0;15.03;1.31
0.0;0.0;0.0;15.33;1.17
0.0;0.0;0.0;14.77;1.24
0.0;0.0;0.0;14.22;1.31
0.0;0.0;0.0;13.9;1.38
0.0;0.0;0.0;14.02;1.31
84.0;65.1;72.0;14.12;1.31
255.0;286.66;152.0;16.75;0.9
423.0;461.79;189.0;18.31;1.66
477.0;324.4;277.0;19.42;2.48
544.0;355.24;302.0;19.97;3.1
540.0;314.46;321.0;20.33;3.72
533.0;370.59;288.0;20.6;4.0
449.0;334.11;256.0;20.79;4.0
348.0;351.97;189.0;20.58;3.93
245.0;541.14;87.0;20.08;3.79
30.0;9.15;29.0;19.37;3.1
0.0;0.0;0.0;18.68;2.07
0.0;0.0;0.0;18.03;1.59
0.0;0.0;0.0;17.52;1.38
0.0;0.0;0.0;16.92;1.45
0.0;0.0;0.0;16.16;1.38
0.0;0.0;0.0;15.46;1.45
0.0;0.0;0.0;15.36;1.72
0.0;0.0;0.0;15.16;1.86
0.0;0.0;0.0;15.02;1.79
0.0;0.0;0.0;15.04;1.59
0.0;0.0;0.0;14.9;1.52
0.0;0.0;0.0;14.37;1.52
0.0;0.0;0.0;14.5;1.38
125.0;343.13;63.0;15.29;1.17
313.0;616.09;94.0;17.38;1.31
415.0;447.64;190.0;18.24;2.34
449.0;266.27;286.0;19.61;3.31
376.0;76.86;324.0;20.31;3.72
534.0;312.35;318.0;19.78;4.21
148.0;0.0;148.0;19.05;3.59
241.0;17.47;231.0;18.98;3.79
406.0;643.12;119.0;18.45;2.9
127.0;41.9;115.0;17.75;2.62
30.0;9.64;29.0;17.16;2.48
0.0;0.0;0.0;16.86;2.0
0.0;0.0;0.0;16.57;1.93
0.0;0.0;0.0;16.56;2.07
0.0;0.0;0.0;16.5;2.55
0.0;0.0;0.0;16.18;3.59
0.0;0.0;0.0;15.82;3.31
0.0;0.0;0.0;15.61;2.69
0.0;0.0;0.0;15.16;2.14
0.0;0.0;0.0;14.56;1.66
0.0;0.0;0.0;13.46;1.1
0.0;0.0;0.0;13.61;0.83
0.0;0.0;0.0;13.97;0.69
0.0;0.0;0.0;13.91;0.48
94.0;118.63;73.0;13.77;0.41
314.0;617.2;97.0;14.81;0.14
245.0;44.13;223.0;16.48;0.97
595.0;725.59;154.0;15.93;2.34
600.0;510.47;257.0;14.83;2.83
101.0;0.0;101.0;13.29;2.69
315.0;33.8;293.0;13.46;0.97
82.0;0.0;82.0;14.62;1.38
175.0;13.61;169.0;14.93;2.48
86.0;3.56;85.0;13.71;3.31
54.0;173.19;37.0;12.54;2.76
0.0;0.0;0.0;12.07;1.79
0.0;0.0;0.0;11.81;1.59
0.0;0.0;0.0;11.13;2.07
0.0;0.0;0.0;10.64;2.14
0.0;0.0;0.0;10.23;2.28
0.0;0.0;0.0;9.87;2.34
0.0;0.0;0.0;9.43;2.21
0.0;0.0;0.0;8.76;2.0
0.0;0.0;0.0;7.99;2.0
0.0;0.0;0.0;7.25;1.86
0.0;0.0;0.0;6.67;1.86
0.0;0.0;0.0;6.13;1.86
0.0;0.0;0.0;5.64;1.86
137.0;484.65;53.0;5.95;1.66
324.0;687.4;85.0;9.7;1.17
490.0;770.68;109.0;12.94;1.17
491.0;366.28;270.0;15.14;0.9
493.0;244.29;330.0;16.88;0.62
578.0;412.23;297.0;17.84;1.1
639.0;724.87;171.0;18.24;1.93
565.0;790.58;121.0;18.08;2.76
416.0;707.52;108.0;17.71;3.17
168.0;156.15;125.0;16.98;2.9
55.0;215.82;35.0;16.41;1.93
0.0;0.0;0.0;15.35;1.24
0.0;0.0;0.0;14.43;1.24
0.0;0.0;0.0;14.19;0.97
0.0;0.0;0.0;13.74;1.24
0.0;0.0;0.0;13.34;1.31
0.0;0.0;0.0;12.72;1.31
0.0;0.0;0.0;12.75;1.1
0.0;0.0;0.0;12.94;0.97
0.0;0.0;0.0;12.78;0.97
0.0;0.0;0.0;12.36;1.1
0.0;0.0;0.0;12.1;1.17
0.0;0.0;0.0;11.61;1.52
0.0;0.0;0.0;11.35;1.59
89.0;117.92;69.0;11.34;1.45
143.0;23.27;135.0;13.92;1.17
227.0;34.68;210.0;16.48;1.17
270.0;25.05;255.0;17.65;1.03
490.0;258.1;319.0;18.35;1.72
568.0;418.2;285.0;18.68;2.28
533.0;410.64;270.0;19.14;2.55
112.0;0.0;112.0;18.91;2.34
274.0;165.16;203.0;18.64;2.14
186.0;270.48;113.0;18.5;1.93
55.0;286.66;30.0;17.98;1.45
0.0;0.0;0.0;16.86;1.17
0.0;0.0;0.0;16.24;0.76
0.0;0.0;0.0;16.69;0.62
0.0;0.0;0.0;16.5;0.62
0.0;0.0;0.0;15.16;1.03
0.0;0.0;0.0;13.94;1.24
0.0;0.0;0.0;13.33;1.31
0.0;0.0;0.0;12.96;1.45
0.0;0.0;0.0;12.86;1.45
0.0;0.0;0.0;12.69;1.45
0.0;0.0;0.0;12.25;1.52
0.0;0.0;0.0;11.69;1.52
0.0;0.0;0.0;11.31;1.45
102.0;223.07;65.0;11.37;1.31
223.0;208.95;152.0;15.03;0.97
356.0;283.96;218.0;17.32;0.69
569.0;699.81;153.0;18.76;0.21
634.0;699.3;174.0;19.93;0.76
676.0;805.39;135.0;20.78;1.45
491.0;314.83;291.0;21.15;1.93
324.0;105.28;266.0;21.0;2.14
386.0;638.49;115.0;20.36;2.21
221.0;540.79;78.0;19.82;2.21
50.0;268.97;28.0;19.07;1.86
0.0;0.0;0.0;18.06;1.31
0.0;0.0;0.0;17.36;0.55
0.0;0.0;0.0;17.5;0.14
0.0;0.0;0.0;17.14;0.62
0.0;0.0;0.0;15.7;1.03
0.0;0.0;0.0;14.52;1.31
0.0;0.0;0.0;13.71;1.38
0.0;0.0;0.0;13.17;1.45
0.0;0.0;0.0;12.75;1.52
0.0;0.0;0.0;12.35;1.59
0.0;0.0;0.0;12.06;1.52
0.0;0.0;0.0;11.69;1.52
0.0;0.0;0.0;11.52;1.45
119.0;413.31;52.0;11.46;1.31
303.0;643.2;87.0;14.67;0.97
466.0;745.2;107.0;17.67;0.69
591.0;796.68;121.0;19.39;0.69
670.0;839.15;122.0;20.46;1.1
676.0;811.42;135.0;21.15;1.59
544.0;469.78;248.0;21.43;1.86
491.0;564.52;183.0;21.24;2.07
319.0;331.72;180.0;20.98;2.14
218.0;552.14;75.0;20.35;2.07
44.0;235.56;26.0;19.42;1.38
0.0;0.0;0.0;18.2;0.83
0.0;0.0;0.0;18.13;0.14
0.0;0.0;0.0;16.31;1.03
0.0;0.0;0.0;15.61;1.24
0.0;0.0;0.0;14.9;1.31
0.0;0.0;0.0;13.99;1.45
0.0;0.0;0.0;13.31;1.66
0.0;0.0;0.0;12.84;1.79
0.0;0.0;0.0;12.31;1.72
0.0;0.0;0.0;11.81;1.66
0.0;0.0;0.0;11.35;1.59
0.0;0.0;0.0;10.98;1.52
0.0;0.0;0.0;10.73;1.59
115.0;404.23;51.0;10.81;1.45
298.0;635.89;87.0;14.56;0.97
460.0;737.18;108.0;18.55;0.69
590.0;807.95;117.0;20.85;0.28
666.0;839.15;122.0;22.26;0.21
675.0;823.6;130.0;23.24;0.76
642.0;841.74;116.0;23.78;1.17
547.0;819.96;104.0;23.88;1.45
394.0;718.04;97.0;23.56;1.72
216.0;563.9;73.0;22.86;1.93
40.0;225.11;24.0;21.57;1.52
0.0;0.0;0.0;19.71;1.03
0.0;0.0;0.0;19.6;0.21
0.0;0.0;0.0;19.14;0.0
0.0;0.0;0.0;18.7;0.34
0.0;0.0;0.0;17.96;0.9
0.0;0.0;0.0;16.3;1.17
0.0;0.0;0.0;15.02;1.45
0.0;0.0;0.0;14.0;1.66
0.0;0.0;0.0;13.45;1.72
0.0;0.0;0.0;13.14;1.72
0.0;0.0;0.0;13.1;1.79
0.0;0.0;0.0;13.08;1.79
0.0;0.0;0.0;12.76;1.86
109.0;375.34;51.0;12.77;1.79
289.0;610.15;89.0;15.25;1.45
456.0;739.62;106.0;18.62;1.03
577.0;781.56;123.0;21.16;0.55
644.0;787.9;137.0;22.68;0.69
656.0;778.11;145.0;23.58;1.17
624.0;802.0;127.0;24.07;1.52
524.0;758.94;118.0;24.14;1.86
380.0;680.95;102.0;23.76;2.41
170.0;269.92;103.0;22.54;2.97
31.0;121.61;23.0;20.96;2.34
0.0;0.0;0.0;19.36;1.45
0.0;0.0;0.0;18.44;0.69
0.0;0.0;0.0;18.35;0.55
0.0;0.0;0.0;17.39;0.9
0.0;0.0;0.0;16.56;1.1
0.0;0.0;0.0;15.7;1.38
0.0;0.0;0.0;14.85;1.66
0.0;0.0;0.0;14.23;1.66
0.0;0.0;0.0;13.8;1.66
0.0;0.0;0.0;13.43;1.66
0.0;0.0;0.0;13.07;1.66
0.0;0.0;0.0;12.74;1.66
0.0;0.0;0.0;12.42;1.66
106.0;364.95;51.0;12.41;1.52
283.0;596.16;90.0;14.96;1.24
451.0;733.61;107.0;18.62;0.83
577.0;794.68;119.0;21.19;0.21
656.0;837.67;121.0;22.55;0.41
668.0;831.67;126.0;23.45;0.97
627.0;826.66;119.0;23.95;1.45
518.0;751.43;120.0;24.05;1.79
378.0;692.47;99.0;23.76;2.14
204.0;543.44;72.0;22.92;2.34
32.0;181.7;21.0;21.53;1.93
0.0;0.0;0.0;19.83;1.31
0.0;0.0;0.0;18.7;0.69
0.0;0.0;0.0;18.65;0.21
0.0;0.0;0.0;18.18;0.48
0.0;0.0;0.0;17.62;0.76
0.0;0.0;0.0;16.47;0.97
0.0;0.0;0.0;15.11;1.24
0.0;0.0;0.0;13.88;1.38
0.0;0.0;0.0;12.99;1.45
0.0;0.0;0.0;12.38;1.52
0.0;0.0;0.0;11.95;1.59
0.0;0.0;0.0;11.61;1.66
0.0;0.0;0.0;11.4;1.72
104.0;367.68;50.0;11.46;1.66
284.0;610.01;89.0;14.32;1.31
449.0;727.53;111.0;18.21;0.83
574.0;788.8;123.0;21.04;0.76
649.0;818.79;130.0;22.84;1.31
661.0;810.29;137.0;23.97;2.07
620.0;807.44;128.0;24.54;2.62
528.0;799.05;109.0;24.67;2.97
376.0;696.71;99.0;24.29;3.1
195.0;496.62;77.0;23.39;2.83
30.0;216.83;18.0;21.78;2.28
0.0;0.0;0.0;19.96;1.79
0.0;0.0;0.0;18.0;1.38
0.0;0.0;0.0;18.12;1.1
0.0;0.0;0.0;17.63;1.1
0.0;0.0;0.0;15.9;1.45
0.0;0.0;0.0;14.61;1.59
0.0;0.0;0.0;13.33;1.66
0.0;0.0;0.0;12.32;1.66
0.0;0.0;0.0;11.57;1.66
0.0;0.0;0.0;10.93;1.66
0.0;0.0;0.0;10.35;1.66
0.0;0.0;0.0;9.94;1.66
0.0;0.0;0.0;9.65;1.66
103.0;391.57;47.0;9.71;1.52
284.0;633.77;84.0;13.17;0.9
446.0;734.4;108.0;18.23;0.62
569.0;786.38;123.0;20.91;0.69
643.0;815.54;130.0;22.64;0.97
647.0;777.68;148.0;23.8;1.45
600.0;748.14;148.0;24.42;2.14
516.0;772.48;115.0;24.44;2.55
300.0;333.93;169.0;23.99;2.48
177.0;387.33;87.0;23.06;2.21
20.0;59.76;17.0;21.54;1.59
0.0;0.0;0.0;19.52;1.17
0.0;0.0;0.0;18.91;0.76
0.0;0.0;0.0;18.2;0.83
0.0;0.0;0.0;17.53;0.9
0.0;0.0;0.0;16.51;1.1
0.0;0.0;0.0;15.47;1.31
0.0;0.0;0.0;14.63;1.38
0.0;0.0;0.0;13.93;1.52
0.0;0.0;0.0;13.24;1.52
0.0;0.0;0.0;12.92;1.59
0.0;0.0;0.0;12.78;1.59
0.0;0.0;0.0;12.66;1.52
0.0;0.0;0.0;12.45;1.45
70.0;107.8;55.0;12.41;1.38
239.0;385.28;119.0;14.47;0.97
336.0;291.75;203.0;18.5;0.69
492.0;510.18;205.0;19.95;0.97
613.0;746.56;147.0;21.05;1.31
597.0;633.02;194.0;21.68;1.59
601.0;799.67;122.0;21.95;1.66
482.0;667.49;139.0;21.91;1.52
304.0;384.97;155.0;21.69;1.38
160.0;308.16;90.0;21.16;1.31
17.0;66.5;14.0;20.26;1.17
0.0;0.0;0.0;18.97;1.1
0.0;0.0;0.0;17.58;0.97
0.0;0.0;0.0;18.04;0.34
0.0;0.0;0.0;17.57;0.69
0.0;0.0;0.0;17.0;0.76
0.0;0.0;0.0;16.69;0.55
0.0;0.0;0.0;16.48;0.41
0.0;0.0;0.0;16.29;0.69
0.0;0.0;0.0;14.7;1.24
0.0;0.0;0.0;14.62;1.31
0.0;0.0;0.0;14.71;1.24
0.0;0.0;0.0;14.55;1.24
0.0;0.0;0.0;14.26;1.24
93.0;354.89;45.0;14.04;1.17
247.0;468.55;103.0;16.2;0.55
407.0;620.17;127.0;18.59;0.55
534.0;718.75;133.0;20.01;0.76
615.0;786.31;128.0;21.15;1.38
630.0;791.64;130.0;21.89;1.86
558.0;658.42;167.0;22.07;2.28
474.0;666.47;135.0;21.95;2.48
332.0;565.71;116.0;21.29;2.76
170.0;427.93;75.0;20.34;2.62
15.0;74.85;12.0;19.26;1.93
0.0;0.0;0.0;18.24;1.38
0.0;0.0;0.0;17.36;1.03
0.0;0.0;0.0;17.2;0.76
0.0;0.0;0.0;17.1;0.69
0.0;0.0;0.0;16.2;0.97
0.0;0.0;0.0;15.59;1.1
0.0;0.0;0.0;15.14;1.1
0.0;0.0;0.0;14.75;1.1
0.0;0.0;0.0;14.93;1.03
0.0;0.0;0.0;15.31;0.9
0.0;0.0;0.0;15.69;0.9
0.0;0.0;0.0;16.06;1.03
0.0;0.0;0.0;16.07;1.03
57.0;60.91;49.0;16.22;1.17
174.0;128.64;135.0;17.2;1.66
345.0;351.16;188.0;18.07;2.34
423.0;314.49;249.0;19.15;2.97
584.0;672.09;171.0;19.79;3.24
464.0;264.93;298.0;20.66;3.45
307.0;57.75;273.0;20.26;3.45
260.0;59.59;230.0;20.67;3.45
220.0;122.13;174.0;20.7;3.38
166.0;428.78;73.0;20.19;3.1
10.0;0.0;10.0;19.47;2.48
0.0;0.0;0.0;18.51;1.86
0.0;0.0;0.0;17.92;1.86
0.0;0.0;0.0;17.58;2.14
0.0;0.0;0.0;17.32;2.28
0.0;0.0;0.0;17.14;2.34
0.0;0.0;0.0;17.24;2.41
0.0;0.0;0.0;17.34;2.55
0.0;0.0;0.0;17.47;2.69
0.0;0.0;0.0;17.64;2.69
0.0;0.0;0.0;17.55;2.55
0.0;0.0;0.0;17.29;2.41
0.0;0.0;0.0;17.13;2.34
0.0;0.0;0.0;17.09;2.34
69.0;156.95;49.0;17.09;2.07
181.0;163.87;132.0;17.18;2.28
227.0;65.51;198.0;17.95;2.48
48.0;0.0;48.0;18.96;2.9
72.0;0.0;72.0;19.93;3.1
496.0;360.38;272.0;20.65;3.31
567.0;745.39;132.0;21.09;3.03
460.0;648.21;137.0;21.32;3.17
275.0;320.33;156.0;19.01;2.97
145.0;292.68;83.0;19.1;2.14
5.0;0.0;5.0;18.66;1.79
0.0;0.0;0.0;17.94;1.86
0.0;0.0;0.0;17.49;2.0
0.0;0.0;0.0;17.15;1.66
0.0;0.0;0.0;16.19;1.59
0.0;0.0;0.0;15.57;1.52
0.0;0.0;0.0;14.93;1.72
0.0;0.0;0.0;14.63;1.72
0.0;0.0;0.0;14.65;1.72
0.0;0.0;0.0;14.73;1.79
0.0;0.0;0.0;14.15;1.72
0.0;0.0;0.0;13.55;1.72
0.0;0.0;0.0;13.74;1.59
0.0;0.0;0.0;14.06;1.52
74.0;226.72;46.0;14.57;1.38
250.0;552.85;87.0;15.68;1.03
402.0;641.19;121.0;17.49;0.97
233.0;18.38;223.0;19.31;1.93
552.0;575.41;204.0;20.2;1.86
558.0;556.31;215.0;21.15;2.07
567.0;745.04;136.0;21.8;2.28
477.0;736.06;114.0;21.78;2.34
330.0;630.46;99.0;21.36;2.28
162.0;464.13;66.0;20.5;2.07
7.0;0.0;7.0;19.36;1.59
0.0;0.0;0.0;17.9;1.1
0.0;0.0;0.0;17.74;0.48
0.0;0.0;0.0;17.54;0.34
0.0;0.0;0.0;17.15;0.14
0.0;0.0;0.0;16.57;0.83
0.0;0.0;0.0;14.82;1.24
0.0;0.0;0.0;14.19;1.31
0.0;0.0;0.0;13.91;1.31
0.0;0.0;0.0;13.48;1.38
0.0;0.0;0.0;12.91;1.52
0.0;0.0;0.0;12.4;1.59
0.0;0.0;0.0;11.98;1.66
0.0;0.0;0.0;11.56;1.59
76.0;284.39;42.0;11.5;1.52
236.0;474.81;98.0;14.03;1.03
405.0;680.02;110.0;17.5;0.62
514.0;687.92;143.0;19.98;0.34
594.0;758.42;139.0;21.33;0.97
591.0;693.3;167.0;21.94;1.52
557.0;718.51;145.0;22.15;1.93
438.0;567.55;161.0;21.94;2.07
301.0;478.76;128.0;21.54;2.14
160.0;475.5;64.0;20.82;2.0
0.0;0.0;0.0;19.73;1.66
0.0;0.0;0.0;18.36;1.31
0.0;0.0;0.0;17.27;0.83
0.0;0.0;0.0;17.42;0.48
0.0;0.0;0.0;17.01;0.62
0.0;0.0;0.0;15.57;1.03
0.0;0.0;0.0;14.43;1.24
0.0;0.0;0.0;13.89;1.31
0.0;0.0;0.0;13.39;1.38
0.0;0.0;0.0;12.83;1.52
0.0;0.0;0.0;12.38;1.52
0.0;0.0;0.0;11.97;1.52
0.0;0.0;0.0;11.7;1.52
0.0;0.0;0.0;11.46;1.52
74.0;302.78;39.0;11.36;1.45
246.0;576.05;81.0;13.91;0.83
404.0;698.71;104.0;17.7;0.48
525.0;765.01;116.0;19.82;0.14
594.0;786.45;126.0;21.04;0.69
607.0;792.97;126.0;21.97;1.03
559.0;763.61;125.0;22.47;1.45
469.0;745.34;109.0;22.52;1.86
323.0;645.44;93.0;22.22;2.07
152.0;451.76;63.0;21.39;2.07
0.0;0.0;0.0;20.09;1.66
0.0;0.0;0.0;18.55;1.17
0.0;0.0;0.0;18.31;0.48
0.0;0.0;0.0;18.1;0.21
0.0;0.0;0.0;16.92;0.83
0.0;0.0;0.0;15.16;1.38
0.0;0.0;0.0;14.46;1.38
0.0;0.0;0.0;14.06;1.31
0.0;0.0;0.0;13.53;1.38
0.0;0.0;0.0;13.1;1.45
0.0;0.0;0.0;12.66;1.45
0.0;0.0;0.0;12.3;1.38
0.0;0.0;0.0;11.96;1.45
0.0;0.0;0.0;11.78;1.59
75.0;340.41;37.0;11.76;1.59
236.0;535.05;85.0;14.23;0.83
392.0;666.03;109.0;17.99;0.55
520.0;762.32;116.0;19.82;0.34
591.0;794.6;122.0;21.01;0.76
595.0;766.27;134.0;21.84;1.59
560.0;782.85;119.0;22.09;2.0
448.0;675.76;125.0;21.99;2.14
294.0;495.18;120.0;21.53;2.0
134.0;317.4;73.0;20.88;1.79
0.0;0.0;0.0;19.85;1.38
0.0;0.0;0.0;18.54;1.17
0.0;0.0;0.0;18.17;0.62
0.0;0.0;0.0;18.17;0.07
0.0;0.0;0.0;17.62;0.62
0.0;0.0;0.0;16.23;1.03
0.0;0.0;0.0;15.23;1.1
0.0;0.0;0.0;13.86;1.52
0.0;0.0;0.0;13.14;1.72
0.0;0.0;0.0;12.58;1.72
0.0;0.0;0.0;12.12;1.72
0.0;0.0;0.0;11.72;1.72
0.0;0.0;0.0;11.48;1.66
0.0;0.0;0.0;11.35;1.72
65.0;241.51;39.0;11.34;1.72
235.0;550.38;82.0;12.95;1.52
395.0;692.13;104.0;16.65;1.03
516.0;757.68;118.0;19.75;1.17
590.0;801.17;121.0;21.26;2.0
597.0;784.36;129.0;22.11;2.48
558.0;788.06;118.0;22.59;2.76
424.0;570.83;154.0;22.62;2.97
286.0;470.43;123.0;22.4;2.97
112.0;176.07;79.0;21.65;2.48
0.0;0.0;0.0;20.27;1.79
0.0;0.0;0.0;18.56;1.38
0.0;0.0;0.0;17.44;1.24
0.0;0.0;0.0;17.22;1.03
0.0;0.0;0.0;15.68;1.45
0.0;0.0;0.0;14.9;1.59
0.0;0.0;0.0;14.31;1.59
0.0;0.0;0.0;14.28;1.79
0.0;0.0;0.0;14.31;1.93
0.0;0.0;0.0;14.38;1.86
0.0;0.0;0.0;13.57;1.45
0.0;0.0;0.0;13.1;1.59
0.0;0.0;0.0;13.2;2.0
0.0;0.0;0.0;13.35;2.14
49.0;96.46;39.0;13.48;2.0
126.0;47.49;113.0;14.6;1.79
229.0;88.95;192.0;16.85;1.59
335.0;161.35;251.0;19.14;1.38
351.0;117.13;283.0;20.23;1.24
201.0;1.69;200.0;21.28;1.03
217.0;10.84;211.0;21.61;1.59
112.0;0.0;112.0;21.63;1.52
73.0;0.0;73.0;21.41;1.17
53.0;5.47;52.0;21.19;1.17
0.0;0.0;0.0;20.55;0.21
0.0;0.0;0.0;19.76;0.41
0.0;0.0;0.0;18.17;0.97
0.0;0.0;0.0;17.27;1.31
0.0;0.0;0.0;16.61;1.45
0.0;0.0;0.0;15.94;1.45
0.0;0.0;0.0;15.23;1.59
0.0;0.0;0.0;14.79;1.72
0.0;0.0;0.0;14.28;1.72
0.0;0.0;0.0;13.92;1.72
0.0;0.0;0.0;13.68;1.66
0.0;0.0;0.0;13.66;1.66
0.0;0.0;0.0;13.83;1.66
0.0;0.0;0.0;14.05;1.72
58.0;220.7;36.0;13.94;1.66
214.0;463.79;89.0;15.19;1.31
376.0;656.14;106.0;17.91;1.03
483.0;670.61;137.0;20.41;0.97
563.0;755.53;128.0;21.87;1.66
576.0;761.72;129.0;22.59;2.34
546.0;795.0;110.0;22.6;2.55
390.0;477.15;169.0;22.27;2.69
169.0;65.31;147.0;21.47;2.48
102.0;162.83;73.0;20.72;1.66
0.0;0.0;0.0;19.91;0.83
0.0;0.0;0.0;18.98;0.34
0.0;0.0;0.0;18.49;0.62
0.0;0.0;0.0;19.24;0.62
0.0;0.0;0.0;17.88;1.03
0.0;0.0;0.0;17.04;1.1
0.0;0.0;0.0;15.72;1.38
0.0;0.0;0.0;15.51;1.17
0.0;0.0;0.0;14.39;1.45
0.0;0.0;0.0;13.78;1.45
0.0;0.0;0.0;13.46;1.31
0.0;0.0;0.0;13.13;1.31
0.0;0.0;0.0;12.74;1.38
0.0;0.0;0.0;12.46;1.52
46.0;114.96;35.0;12.54;1.45
177.0;245.03;112.0;15.05;0.97
298.0;297.28;177.0;18.85;0.69
464.0;600.45;157.0;20.54;0.48
404.0;227.69;274.0;21.66;0.55
450.0;319.62;264.0;22.37;1.38
443.0;399.24;226.0;21.03;1.66
396.0;519.28;158.0;20.37;1.86
198.0;141.51;151.0;20.19;1.17
12.0;0.0;12.0;19.99;1.1
0.0;0.0;0.0;19.58;1.31
0.0;0.0;0.0;18.54;0.97
0.0;0.0;0.0;17.44;0.9
0.0;0.0;0.0;16.66;0.97
0.0;0.0;0.0;15.37;1.31
0.0;0.0;0.0;14.57;1.38
0.0;0.0;0.0;13.92;1.45
0.0;0.0;0.0;13.5;1.59
0.0;0.0;0.0;13.17;1.66
0.0;0.0;0.0;12.94;1.72
0.0;0.0;0.0;12.66;1.72
0.0;0.0;0.0;11.72;1.72
0.0;0.0;0.0;11.5;1.79
0.0;0.0;0.0;11.28;1.86
50.0;185.42;33.0;11.16;1.79
209.0;475.06;85.0;13.46;1.38
367.0;648.36;106.0;16.91;0.97
493.0;748.08;114.0;19.36;0.48
566.0;791.29;118.0;20.81;0.55
582.0;809.23;115.0;21.61;1.1
545.0;820.53;103.0;21.95;1.59
427.0;694.55;112.0;21.77;1.79
274.0;506.93;108.0;21.3;1.59
107.0;230.69;68.0;20.58;1.66
0.0;0.0;0.0;19.41;1.52
0.0;0.0;0.0;18.23;1.24
0.0;0.0;0.0;17.17;0.9
0.0;0.0;0.0;17.62;0.55
0.0;0.0;0.0;17.33;0.41
0.0;0.0;0.0;16.76;0.69
0.0;0.0;0.0;14.98;1.1
0.0;0.0;0.0;13.77;1.31
0.0;0.0;0.0;13.0;1.45
0.0;0.0;0.0;12.46;1.52
0.0;0.0;0.0;12.28;1.45
0.0;0.0;0.0;12.07;1.52
0.0;0.0;0.0;12.02;1.52
0.0;0.0;0.0;12.01;1.45
49.0;205.29;31.0;11.76;1.52
175.0;260.93;108.0;14.56;1.03
353.0;582.79;121.0;16.91;1.38
486.0;733.09;118.0;18.25;1.38
329.0;99.75;273.0;19.37;2.14
135.0;0.0;135.0;19.57;2.62
213.0;11.24;207.0;19.99;2.97
72.0;0.0;72.0;19.59;3.1
201.0;167.26;147.0;18.97;3.1
69.0;42.52;62.0;18.59;2.97
0.0;0.0;0.0;17.59;2.14
0.0;0.0;0.0;16.72;1.79
0.0;0.0;0.0;16.89;2.0
0.0;0.0;0.0;16.67;1.86
0.0;0.0;0.0;16.5;2.07
0.0;0.0;0.0;15.98;2.21
0.0;0.0;0.0;16.22;2.48
0.0;0.0;0.0;16.34;2.62
0.0;0.0;0.0;16.33;2.55
0.0;0.0;0.0;15.93;2.62
0.0;0.0;0.0;16.09;2.69
0.0;0.0;0.0;16.17;2.69
0.0;0.0;0.0;16.04;2.69
0.0;0.0;0.0;16.13;2.69
35.0;71.7;29.0;16.03;2.83
56.0;0.0;56.0;15.61;2.62
74.0;0.0;74.0;16.27;2.69
76.0;0.0;76.0;16.47;2.41
178.0;1.8;177.0;16.46;1.79
102.0;0.0;102.0;16.67;2.34
494.0;655.85;147.0;16.91;2.48
357.0;403.06;178.0;17.2;3.03
102.0;3.14;101.0;17.18;3.24
30.0;0.0;30.0;16.9;4.21
0.0;0.0;0.0;16.32;4.9
0.0;0.0;0.0;16.14;5.24
0.0;0.0;0.0;16.32;5.03
0.0;0.0;0.0;16.29;4.9
0.0;0.0;0.0;16.29;4.69
0.0;0.0;0.0;16.36;4.62
0.0;0.0;0.0;16.23;4.07
0.0;0.0;0.0;16.07;3.31
0.0;0.0;0.0;15.91;2.76
0.0;0.0;0.0;15.9;2.28
0.0;0.0;0.0;15.76;2.69
0.0;0.0;0.0;15.67;2.9
0.0;0.0;0.0;15.98;2.9
0.0;0.0;0.0;15.89;2.83
41.0;163.16;28.0;15.68;2.83
140.0;128.89;108.0;17.45;3.31
327.0;490.8;136.0;19.23;3.45
104.0;0.0;104.0;20.59;4.48
509.0;619.65;167.0;21.42;5.59
510.0;575.78;186.0;21.88;5.79
444.0;463.42;201.0;22.16;5.79
123.0;0.0;123.0;21.33;5.17
89.0;0.0;89.0;21.39;5.24
52.0;12.82;50.0;20.73;4.21
0.0;0.0;0.0;19.92;4.21
0.0;0.0;0.0;19.3;4.48
0.0;0.0;0.0;19.14;4.83
0.0;0.0;0.0;19.87;5.52
0.0;0.0;0.0;18.65;5.59
0.0;0.0;0.0;17.39;5.93
0.0;0.0;0.0;17.2;5.59
0.0;0.0;0.0;16.65;6.41
0.0;0.0;0.0;16.49;5.17
0.0;0.0;0.0;16.11;4.83
0.0;0.0;0.0;15.86;4.41
0.0;0.0;0.0;15.19;4.14
0.0;0.0;0.0;14.52;3.1
0.0;0.0;0.0;13.88;3.17
13.0;0.0;13.0;13.46;3.03
72.0;4.1;71.0;14.18;3.79
37.0;0.0;37.0;14.25;3.93
178.0;6.15;175.0;13.92;4.76
407.0;268.63;260.0;15.45;4.48
393.0;213.26;274.0;16.13;4.76
295.0;86.59;250.0;16.54;4.9
144.0;2.3;143.0;15.8;5.31
208.0;222.97;139.0;14.24;4.55
118.0;460.94;48.0;14.46;3.03
0.0;0.0;0.0;14.42;2.55
0.0;0.0;0.0;14.02;2.0
0.0;0.0;0.0;13.3;2.0
0.0;0.0;0.0;14.09;2.14
0.0;0.0;0.0;14.11;2.28
0.0;0.0;0.0;13.99;2.34
0.0;0.0;0.0;13.78;2.34
0.0;0.0;0.0;13.85;2.34
0.0;0.0;0.0;13.94;2.48
0.0;0.0;0.0;14.08;2.55
0.0;0.0;0.0;14.31;2.55
0.0;0.0;0.0;14.58;2.48
0.0;0.0;0.0;14.7;2.55
0.0;0.0;0.0;14.74;2.76
34.0;125.56;25.0;15.05;2.9
171.0;316.94;95.0;14.72;3.24
230.0;139.37;177.0;15.76;3.17
226.0;35.16;209.0;16.33;3.24
362.0;176.94;266.0;17.53;4.14
312.0;83.14;266.0;18.33;5.03
391.0;302.88;235.0;18.27;4.14
98.0;0.0;98.0;18.57;4.41
47.0;0.0;47.0;18.08;4.0
41.0;6.77;40.0;17.53;3.66
0.0;0.0;0.0;16.75;3.71
0.0;0.0;0.0;16.62;3.79
0.0;0.0;0.0;16.49;3.87
0.0;0.0;0.0;16.37;3.95
0.0;0.0;0.0;16.24;4.03
0.0;0.0;0.0;16.11;4.12
0.0;0.0;0.0;15.98;4.2
0.0;0.0;0.0;15.86;4.28
0.0;0.0;0.0;15.73;4.36
0.0;0.0;0.0;15.6;4.44
0.0;0.0;0.0;15.48;4.52
0.0;0.0;0.0;15.35;4.6
0.0;0.0;0.0;15.22;4.69
0.0;0.0;0.0;15.09;4.77
25.0;44.32;22.0;14.97;4.85
126.0;101.88;102.0;14.84;4.93
219.0;117.07;175.0;13.92;1.52
370.0;329.87;212.0;14.95;1.17
305.0;85.51;259.0;15.48;2.21
370.0;184.08;269.0;16.28;3.66
175.0;1.96;174.0;16.75;4.48
270.0;157.29;203.0;16.99;4.69
28.0;0.0;28.0;17.17;4.34
23.0;0.0;23.0;16.61;2.83
0.0;0.0;0.0;15.95;2.28
0.0;0.0;0.0;15.4;2.07
0.0;0.0;0.0;14.88;2.07
0.0;0.0;0.0;14.75;2.0
0.0;0.0;0.0;14.17;2.0
0.0;0.0;0.0;13.98;1.86
0.0;0.0;0.0;13.9;2.0
0.0;0.0;0.0;13.79;1.52
0.0;0.0;0.0;13.5;1.38
0.0;0.0;0.0;13.69;1.52
0.0;0.0;0.0;13.47;1.38
0.0;0.0;0.0;12.95;1.52
0.0;0.0;0.0;12.51;1.59
0.0;0.0;0.0;12.08;1.66
24.0;47.1;21.0;12.37;1.59
142.0;177.23;101.0;13.63;1.1
316.0;500.76;130.0;15.38;1.17
451.0;687.13;125.0;16.26;1.72
473.0;519.39;196.0;17.23;2.28
490.0;545.89;193.0;17.68;2.34
452.0;543.52;177.0;17.85;1.93
390.0;642.8;119.0;18.14;1.79
256.0;566.22;88.0;18.03;1.93
105.0;450.6;42.0;17.44;1.86
0.0;0.0;0.0;16.6;1.79
0.0;0.0;0.0;15.71;1.72
0.0;0.0;0.0;15.04;1.72
0.0;0.0;0.0;14.09;1.38
0.0;0.0;0.0;13.67;1.31
0.0;0.0;0.0;13.28;1.38
0.0;0.0;0.0;12.71;1.52
0.0;0.0;0.0;12.41;1.52
0.0;0.0;0.0;11.85;1.66
0.0;0.0;0.0;11.57;1.66
0.0;0.0;0.0;11.52;1.72
0.0;0.0;0.0;12.07;1.93
0.0;0.0;0.0;11.75;1.93
0.0;0.0;0.0;11.47;1.86
19.0;0.0;19.0;11.46;2.0
171.0;383.04;84.0;11.97;1.79
233.0;163.47;173.0;14.08;1.59
298.0;148.96;228.0;16.3;2.0
312.0;102.13;258.0;17.34;2.21
452.0;424.45;223.0;17.56;2.14
301.0;113.66;244.0;17.61;2.14
138.0;2.4;137.0;17.88;2.41
168.0;123.03;132.0;17.78;2.48
68.0;102.97;54.0;17.15;2.14
0.0;0.0;0.0;16.32;2.28
0.0;0.0;0.0;15.68;2.41
0.0;0.0;0.0;15.21;2.34
0.0;0.0;0.0;15.46;2.69
0.0;0.0;0.0;15.52;2.76
0.0;0.0;0.0;15.48;2.69
0.0;0.0;0.0;15.38;2.55
0.0;0.0;0.0;15.21;2.69
0.0;0.0;0.0;15.07;3.03
0.0;0.0;0.0;14.98;3.38
0.0;0.0;0.0;15.0;3.52
0.0;0.0;0.0;15.06;3.59
0.0;0.0;0.0;14.71;3.86
0.0;0.0;0.0;14.78;3.86
13.0;0.0;13.0;14.93;4.21
37.0;0.0;37.0;15.73;4.62
50.0;0.0;50.0;15.93;4.55
204.0;25.78;192.0;16.28;4.28
214.0;15.26;206.0;16.74;4.14
129.0;0.0;129.0;17.0;3.72
43.0;0.0;43.0;17.27;3.59
136.0;2.42;135.0;17.3;3.72
166.0;131.67;128.0;17.78;3.66
44.0;15.13;42.0;17.88;3.79
0.0;0.0;0.0;17.47;3.79
0.0;0.0;0.0;17.38;3.79
0.0;0.0;0.0;17.34;3.86
0.0;0.0;0.0;18.1;4.07
0.0;0.0;0.0;18.17;4.28
0.0;0.0;0.0;18.29;4.55
0.0;0.0;0.0;18.33;4.55
0.0;0.0;0.0;18.73;4.76
0.0;0.0;0.0;18.97;4.62
0.0;0.0;0.0;18.78;3.93
0.0;0.0;0.0;18.64;3.79
0.0;0.0;0.0;18.76;3.93
0.0;0.0;0.0;18.84;3.86
0.0;0.0;0.0;19.02;3.66
8.0;0.0;8.0;19.03;3.38
87.0;27.43;81.0;19.57;3.45
153.0;25.12;144.0;20.4;3.1
152.0;2.17;151.0;20.87;3.72
104.0;0.0;104.0;20.55;4.28
62.0;0.0;62.0;19.84;4.07
58.0;0.0;58.0;19.15;4.21
247.0;139.4;190.0;18.33;4.21
223.0;435.61;99.0;17.9;3.52
46.0;23.34;43.0;17.58;3.31
0.0;0.0;0.0;16.61;2.9
0.0;0.0;0.0;15.84;2.69
0.0;0.0;0.0;15.25;2.0
0.0;0.0;0.0;14.95;1.93
0.0;0.0;0.0;14.02;1.17
0.0;0.0;0.0;14.64;0.69
0.0;0.0;0.0;14.13;0.62
0.0;0.0;0.0;13.69;0.34
0.0;0.0;0.0;13.24;0.0
0.0;0.0;0.0;12.78;0.55
0.0;0.0;0.0;11.17;1.03
0.0;0.0;0.0;9.85;1.52
0.0;0.0;0.0;9.65;1.66
0.0;0.0;0.0;9.35;1.59
12.0;0.0;12.0;9.56;1.66
158.0;354.15;82.0;10.12;1.45
318.0;604.53;104.0;12.6;1.24
436.0;694.34;119.0;14.96;1.1
415.0;364.85;227.0;16.12;1.66
337.0;146.34;260.0;16.65;2.69
304.0;131.02;240.0;16.85;3.17
357.0;545.95;136.0;16.91;3.1
214.0;366.8;111.0;16.52;2.55
93.0;448.15;37.0;16.05;1.79
0.0;0.0;0.0;15.02;1.38
0.0;0.0;0.0;13.8;0.97
0.0;0.0;0.0;14.47;0.55
0.0;0.0;0.0;14.24;0.76
0.0;0.0;0.0;13.87;0.9
0.0;0.0;0.0;13.72;0.83
0.0;0.0;0.0;13.18;1.03
0.0;0.0;0.0;13.05;1.03
0.0;0.0;0.0;12.72;0.97
0.0;0.0;0.0;11.63;1.24
0.0;0.0;0.0;11.49;1.72
0.0;0.0;0.0;10.99;1.79
0.0;0.0;0.0;10.34;1.52
0.0;0.0;0.0;9.65;1.31
12.0;0.0;12.0;9.23;1.79
175.0;527.43;64.0;10.19;1.59
272.0;354.6;148.0;12.42;1.72
461.0;824.93;88.0;13.94;2.55
519.0;806.46;107.0;15.13;3.38
529.0;801.03;111.0;15.81;3.79
490.0;801.19;102.0;16.33;3.93
391.0;746.03;92.0;16.63;3.93
243.0;588.36;80.0;16.61;3.79
86.0;378.69;40.0;15.86;3.24
0.0;0.0;0.0;14.37;3.1
0.0;0.0;0.0;13.11;2.97
0.0;0.0;0.0;12.05;2.69
0.0;0.0;0.0;11.19;2.62
0.0;0.0;0.0;10.35;2.48
0.0;0.0;0.0;9.65;2.41
0.0;0.0;0.0;9.05;2.34
0.0;0.0;0.0;8.52;2.28
0.0;0.0;0.0;8.03;2.14
0.0;0.0;0.0;7.51;2.0
0.0;0.0;0.0;7.18;2.07
0.0;0.0;0.0;6.87;2.14
0.0;0.0;0.0;6.62;2.07
0.0;0.0;0.0;6.43;2.14
11.0;0.0;11.0;6.3;2.14
169.0;499.19;66.0;7.11;1.79
322.0;668.75;91.0;10.19;1.38
454.0;808.38;92.0;13.59;0.97
511.0;785.76;113.0;15.57;0.55
518.0;761.29;124.0;16.36;0.48
471.0;728.95;121.0;16.69;0.83
385.0;730.75;95.0;16.77;0.97
219.0;420.69;104.0;16.52;0.9
83.0;364.17;40.0;16.09;0.76
0.0;0.0;0.0;14.91;0.83
0.0;0.0;0.0;14.25;0.69
0.0;0.0;0.0;14.3;0.28
0.0;0.0;0.0;11.84;1.1
0.0;0.0;0.0;10.85;1.24
0.0;0.0;0.0;11.03;1.03
0.0;0.0;0.0;9.39;1.59
0.0;0.0;0.0;8.87;1.72
0.0;0.0;0.0;8.38;1.59
0.0;0.0;0.0;8.08;1.66
0.0;0.0;0.0;7.77;1.59
0.0;0.0;0.0;7.53;1.59
0.0;0.0;0.0;7.28;1.59
0.0;0.0;0.0;7.02;1.66
9.0;0.0;9.0;6.87;1.66
144.0;331.29;77.0;7.74;1.1
300.0;580.33;102.0;11.49;0.9
348.0;354.0;191.0;13.25;1.17
488.0;734.75;119.0;14.39;1.31
444.0;485.07;195.0;15.37;0.97
463.0;745.68;108.0;15.9;1.03
362.0;653.94;105.0;15.91;1.17
243.0;652.41;67.0;15.96;1.1
68.0;217.82;43.0;15.4;1.03
0.0;0.0;0.0;14.39;1.03
0.0;0.0;0.0;13.62;0.69
0.0;0.0;0.0;13.55;0.28
0.0;0.0;0.0;11.82;0.97
0.0;0.0;0.0;10.46;1.52
0.0;0.0;0.0;10.17;1.79
0.0;0.0;0.0;9.65;1.79
0.0;0.0;0.0;9.04;1.66
0.0;0.0;0.0;8.62;1.66
0.0;0.0;0.0;8.24;1.72
0.0;0.0;0.0;7.93;1.86
0.0;0.0;0.0;7.86;1.86
0.0;0.0;0.0;7.94;1.79
0.0;0.0;0.0;8.08;1.66
6.0;0.0;6.0;8.08;1.72
149.0;403.7;69.0;9.07;1.66
286.0;519.33;111.0;12.65;1.38
378.0;505.43;156.0;15.31;1.52
478.0;714.92;122.0;16.96;2.07
499.0;760.07;112.0;17.98;2.76
375.0;370.7;200.0;18.54;3.38
362.0;683.39;96.0;18.64;3.59
197.0;345.51;105.0;18.28;3.17
46.0;53.78;40.0;17.34;2.83
0.0;0.0;0.0;16.02;2.97
0.0;0.0;0.0;15.47;3.24
0.0;0.0;0.0;15.51;3.45
0.0;0.0;0.0;15.66;3.86
0.0;0.0;0.0;15.9;4.07
0.0;0.0;0.0;16.1;4.28
0.0;0.0;0.0;16.29;4.55
0.0;0.0;0.0;16.46;4.69
0.0;0.0;0.0;16.62;4.76
0.0;0.0;0.0;16.95;4.83
0.0;0.0;0.0;17.08;4.76
0.0;0.0;0.0;16.88;4.48
0.0;0.0;0.0;16.53;4.28
0.0;0.0;0.0;16.32;4.48
6.0;0.0;6.0;16.41;4.62
157.0;520.28;56.0;16.83;5.31
253.0;366.58;131.0;17.85;6.14
40.0;0.0;40.0;18.53;5.66
43.0;0.0;43.0;18.71;6.34
44.0;0.0;44.0;18.87;6.21
72.0;0.0;72.0;18.78;5.72
112.0;0.0;112.0;18.25;5.17
39.0;0.0;39.0;18.15;5.03
11.0;0.0;11.0;17.9;5.38
0.0;0.0;0.0;17.72;5.31
0.0;0.0;0.0;17.5;5.03
0.0;0.0;0.0;17.6;4.76
0.0;0.0;0.0;17.31;4.07
0.0;0.0;0.0;17.4;4.34
0.0;0.0;0.0;17.38;4.69
0.0;0.0;0.0;17.4;4.41
0.0;0.0;0.0;17.28;4.14
0.0;0.0;0.0;17.2;4.28
0.0;0.0;0.0;17.11;4.48
0.0;0.0;0.0;17.04;4.14
0.0;0.0;0.0;16.78;3.59
0.0;0.0;0.0;16.55;3.1
0.0;0.0;0.0;16.24;2.83
3.0;0.0;3.0;15.89;2.83
51.0;0.0;51.0;16.0;2.9
121.0;12.17;117.0;17.12;2.69
137.0;2.32;136.0;18.24;2.28
342.0;226.71;231.0;19.29;1.24
475.0;700.54;124.0;20.18;0.97
410.0;559.96;150.0;20.67;2.14
338.0;602.17;108.0;20.48;2.28
153.0;150.26;114.0;20.35;2.28
49.0;94.83;39.0;19.71;2.14
0.0;0.0;0.0;18.65;2.55
0.0;0.0;0.0;18.0;2.83
0.0;0.0;0.0;17.61;2.83
0.0;0.0;0.0;17.08;2.21
0.0;0.0;0.0;16.88;2.14
0.0;0.0;0.0;16.26;2.21
0.0;0.0;0.0;15.75;2.14
0.0;0.0;0.0;15.55;2.14
0.0;0.0;0.0;15.01;2.07
0.0;0.0;0.0;14.57;1.66
0.0;0.0;0.0;14.04;1.72
0.0;0.0;0.0;13.51;1.79
0.0;0.0;0.0;13.24;1.72
0.0;0.0;0.0;12.49;1.79
0.0;0.0;0.0;11.97;1.79
101.0;128.94;77.0;13.53;1.59
252.0;391.27;125.0;16.13;1.31
354.0;452.31;161.0;19.0;1.17
463.0;712.61;117.0;20.9;1.31
500.0;818.77;93.0;22.06;1.59
423.0;634.01;131.0;22.64;1.86
356.0;710.81;87.0;23.07;1.72
100.0;19.51;95.0;23.0;1.31
54.0;165.78;37.0;21.88;1.1
0.0;0.0;0.0;19.97;1.17
0.0;0.0;0.0;18.52;1.1
0.0;0.0;0.0;17.28;1.1
0.0;0.0;0.0;15.72;1.45
0.0;0.0;0.0;14.71;1.45
0.0;0.0;0.0;14.04;1.59
0.0;0.0;0.0;13.56;1.59
0.0;0.0;0.0;13.19;1.59
0.0;0.0;0.0;13.09;1.66
0.0;0.0;0.0;13.03;1.72
0.0;0.0;0.0;13.38;1.66
0.0;0.0;0.0;13.39;1.72
0.0;0.0;0.0;13.44;1.79
0.0;0.0;0.0;13.27;1.93
0.0;0.0;0.0;13.11;2.0
135.0;400.67;62.0;13.18;1.52
283.0;611.49;87.0;14.81;1.38
409.0;750.07;92.0;16.98;1.45
468.0;749.71;107.0;18.44;1.38
489.0;788.72;100.0;19.63;1.17
456.0;805.46;88.0;20.26;1.38
342.0;655.96;96.0;20.56;1.72
162.0;209.32;109.0;20.38;1.59
30.0;10.03;29.0;19.45;1.45
0.0;0.0;0.0;17.93;1.24
0.0;0.0;0.0;16.76;0.62
0.0;0.0;0.0;16.28;0.21
0.0;0.0;0.0;16.05;0.62
0.0;0.0;0.0;14.91;0.97
0.0;0.0;0.0;13.78;1.1
0.0;0.0;0.0;13.32;1.03
0.0;0.0;0.0;12.75;1.17
0.0;0.0;0.0;12.53;1.24
0.0;0.0;0.0;12.37;1.45
0.0;0.0;0.0;12.3;1.66
0.0;0.0;0.0;12.05;1.72
0.0;0.0;0.0;12.04;1.72
0.0;0.0;0.0;11.8;1.66
0.0;0.0;0.0;11.62;1.52
45.0;0.0;45.0;12.14;1.24
55.0;0.0;55.0;13.87;1.38
222.0;69.28;193.0;14.82;1.38
176.0;6.28;173.0;15.59;1.03
109.0;0.0;109.0;16.71;0.69
273.0;116.92;220.0;17.04;0.48
217.0;113.0;175.0;17.25;0.55
138.0;107.92;111.0;17.3;0.48
65.0;350.4;31.0;16.85;0.76
0.0;0.0;0.0;15.42;0.76
0.0;0.0;0.0;15.45;0.21
0.0;0.0;0.0;14.72;0.55
0.0;0.0;0.0;13.6;0.9
0.0;0.0;0.0;12.08;1.24
0.0;0.0;0.0;11.64;1.38
0.0;0.0;0.0;11.46;1.59
0.0;0.0;0.0;11.78;1.66
0.0;0.0;0.0;11.49;1.66
0.0;0.0;0.0;11.29;1.72
0.0;0.0;0.0;11.01;1.72
0.0;0.0;0.0;10.77;1.79
0.0;0.0;0.0;10.41;1.86
0.0;0.0;0.0;9.98;1.93
0.0;0.0;0.0;9.55;1.93
137.0;464.39;56.0;9.43;1.72
288.0;659.05;82.0;11.29;1.66
321.0;327.99;185.0;13.25;1.52
443.0;618.56;150.0;15.13;1.31
485.0;770.08;111.0;16.44;1.03
450.0;782.62;98.0;17.19;0.76
354.0;724.64;87.0;17.42;0.69
208.0;529.82;77.0;17.36;0.69
62.0;328.3;31.0;16.88;0.9
0.0;0.0;0.0;15.42;1.1
0.0;0.0;0.0;13.85;1.1
0.0;0.0;0.0;12.79;1.31
0.0;0.0;0.0;11.78;1.66
0.0;0.0;0.0;10.83;1.79
0.0;0.0;0.0;10.08;1.86
0.0;0.0;0.0;9.65;1.86
0.0;0.0;0.0;9.36;1.93
0.0;0.0;0.0;8.92;1.93
0.0;0.0;0.0;8.49;1.93
0.0;0.0;0.0;8.12;2.0
0.0;0.0;0.0;7.77;2.07
0.0;0.0;0.0;7.51;2.07
0.0;0.0;0.0;7.35;2.07
0.0;0.0;0.0;7.2;2.07
133.0;474.8;52.0;8.3;1.79
282.0;651.19;81.0;10.73;1.45
384.0;659.79;113.0;13.41;1.17
183.0;8.51;179.0;15.44;0.69
434.0;551.86;168.0;16.62;0.14
195.0;22.4;185.0;17.13;0.62
321.0;547.47;121.0;16.98;0.76
119.0;61.37;104.0;16.79;0.62
49.0;163.18;34.0;16.29;0.62
0.0;0.0;0.0;15.28;0.62
0.0;0.0;0.0;15.19;0.41
0.0;0.0;0.0;14.67;0.34
0.0;0.0;0.0;13.36;1.1
0.0;0.0;0.0;12.84;1.24
0.0;0.0;0.0;12.88;1.24
0.0;0.0;0.0;12.56;1.31
0.0;0.0;0.0;12.64;1.31
0.0;0.0;0.0;12.47;1.38
0.0;0.0;0.0;12.71;1.38
0.0;0.0;0.0;12.87;1.45
0.0;0.0;0.0;12.49;1.45
0.0;0.0;0.0;12.61;1.52
0.0;0.0;0.0;12.27;1.72
0.0;0.0;0.0;12.34;1.66
53.0;5.99;52.0;12.57;1.45
139.0;39.37;127.0;13.66;1.31
232.0;98.31;192.0;15.07;1.59
246.0;64.36;216.0;15.95;1.72
217.0;27.17;204.0;16.63;2.0
205.0;31.6;191.0;16.78;2.28
155.0;24.84;146.0;16.95;2.62
117.0;62.06;102.0;16.71;1.59
38.0;78.19;31.0;16.26;1.45
0.0;0.0;0.0;15.35;1.38
0.0;0.0;0.0;14.38;1.45
0.0;0.0;0.0;13.73;1.45
0.0;0.0;0.0;13.42;1.66
0.0;0.0;0.0;12.9;1.59
0.0;0.0;0.0;12.47;1.59
0.0;0.0;0.0;12.06;1.52
0.0;0.0;0.0;11.75;1.38
0.0;0.0;0.0;11.75;1.31
0.0;0.0;0.0;11.71;1.52
0.0;0.0;0.0;11.63;1.66
0.0;0.0;0.0;11.51;1.66
0.0;0.0;0.0;11.4;1.66
0.0;0.0;0.0;11.48;1.59
0.0;0.0;0.0;11.18;1.59
102.0;226.88;65.0;11.64;1.38
262.0;588.02;85.0;12.38;1.24
372.0;654.9;108.0;14.17;1.03
260.0;88.66;219.0;15.75;0.69
319.0;191.6;228.0;16.62;0.48
390.0;559.38;144.0;17.24;0.34
139.0;13.91;134.0;17.46;0.55
18.0;0.0;18.0;17.07;0.97
22.0;0.0;22.0;15.86;0.48
0.0;0.0;0.0;15.29;0.69
0.0;0.0;0.0;14.6;1.17
0.0;0.0;0.0;13.35;1.52
0.0;0.0;0.0;12.25;1.38
0.0;0.0;0.0;11.56;1.45
0.0;0.0;0.0;10.98;1.52
0.0;0.0;0.0;10.85;1.52
0.0;0.0;0.0;10.61;1.59
0.0;0.0;0.0;10.55;1.72
0.0;0.0;0.0;10.49;1.72
0.0;0.0;0.0;10.6;1.72
0.0;0.0;0.0;10.44;1.79
0.0;0.0;0.0;10.32;1.72
0.0;0.0;0.0;10.05;1.72
0.0;0.0;0.0;10.2;1.66
74.0;69.01;63.0;10.84;1.59
246.0;491.14;100.0;12.05;1.38
208.0;65.1;182.0;13.4;1.45
234.0;54.48;209.0;14.08;1.52
198.0;16.97;190.0;14.77;1.79
198.0;29.77;185.0;14.93;2.21
57.0;0.0;57.0;15.3;2.28
67.0;0.0;67.0;15.44;2.07
49.0;246.92;28.0;14.99;1.93
0.0;0.0;0.0;14.09;2.28
0.0;0.0;0.0;13.6;2.48
0.0;0.0;0.0;12.92;2.28
0.0;0.0;0.0;12.32;2.0
0.0;0.0;0.0;11.8;2.0
0.0;0.0;0.0;11.21;1.93
0.0;0.0;0.0;10.73;1.86
0.0;0.0;0.0;10.29;1.79
0.0;0.0;0.0;9.58;1.93
0.0;0.0;0.0;9.59;1.79
0.0;0.0;0.0;9.4;1.79
0.0;0.0;0.0;8.72;1.93
0.0;0.0;0.0;8.41;1.86
0.0;0.0;0.0;8.12;1.86
0.0;0.0;0.0;7.92;1.86
122.0;487.93;46.0;8.28;1.52
271.0;684.64;70.0;10.83;1.1
356.0;598.85;119.0;13.71;0.69
448.0;766.48;99.0;15.77;0.34
463.0;775.27;100.0;16.93;0.21
290.0;191.43;207.0;17.61;0.76
241.0;223.33;162.0;17.77;1.31
183.0;439.89;80.0;17.51;1.38
49.0;253.11;28.0;16.76;0.97
0.0;0.0;0.0;15.47;0.69
0.0;0.0;0.0;14.95;0.76
0.0;0.0;0.0;14.78;0.41
0.0;0.0;0.0;14.39;0.76
0.0;0.0;0.0;12.14;1.24
0.0;0.0;0.0;11.09;1.31
0.0;0.0;0.0;10.49;1.31
0.0;0.0;0.0;9.72;1.45
0.0;0.0;0.0;9.22;1.59
0.0;0.0;0.0;9.04;1.72
0.0;0.0;0.0;9.03;1.72
0.0;0.0;0.0;8.99;1.72
0.0;0.0;0.0;8.87;1.79
0.0;0.0;0.0;8.76;1.79
0.0;0.0;0.0;8.63;1.79
104.0;321.99;55.0;8.61;1.59
252.0;582.84;83.0;10.62;1.1
368.0;693.55;96.0;13.7;0.76
441.0;754.61;100.0;15.75;0.48
434.0;649.47;132.0;16.89;1.24
402.0;666.49;115.0;17.14;1.59
336.0;740.55;76.0;17.04;1.52
161.0;288.99;94.0;16.74;1.38
47.0;246.93;27.0;16.13;0.9
0.0;0.0;0.0;15.35;0.41
0.0;0.0;0.0;15.14;0.28
0.0;0.0;0.0;14.45;0.76
0.0;0.0;0.0;14.22;0.76
0.0;0.0;0.0;13.28;0.97
0.0;0.0;0.0;12.64;1.03
0.0;0.0;0.0;12.12;1.17
0.0;0.0;0.0;11.51;1.24
0.0;0.0;0.0;11.28;1.17
0.0;0.0;0.0;11.77;0.97
0.0;0.0;0.0;12.19;0.9
0.0;0.0;0.0;11.7;1.17
0.0;0.0;0.0;11.5;1.17
0.0;0.0;0.0;11.31;1.17
0.0;0.0;0.0;10.91;1.17
87.0;181.64;60.0;11.5;1.17
232.0;453.91;102.0;13.49;0.55
345.0;566.01;125.0;15.23;0.55
428.0;697.83;115.0;15.87;0.97
424.0;606.25;144.0;16.33;1.03
364.0;476.91;160.0;16.69;1.17
128.0;8.61;125.0;16.87;1.38
200.0;609.65;60.0;16.68;1.38
45.0;240.12;26.0;16.24;1.1
0.0;0.0;0.0;15.01;0.97
0.0;0.0;0.0;14.56;0.76
0.0;0.0;0.0;14.03;0.83
0.0;0.0;0.0;13.25;0.9
0.0;0.0;0.0;11.31;1.38
0.0;0.0;0.0;10.28;1.52
0.0;0.0;0.0;9.52;1.59
0.0;0.0;0.0;9.13;1.59
0.0;0.0;0.0;8.57;1.59
0.0;0.0;0.0;8.37;1.66
0.0;0.0;0.0;8.25;1.72
0.0;0.0;0.0;8.11;1.72
0.0;0.0;0.0;7.64;1.72
0.0;0.0;0.0;7.36;1.66
0.0;0.0;0.0;7.12;1.72
71.0;89.55;58.0;8.3;1.52
185.0;201.48;128.0;10.3;1.17
368.0;713.8;93.0;12.9;0.9
402.0;568.21;149.0;14.94;0.48
441.0;699.64;120.0;16.12;0.14
420.0;771.78;92.0;16.64;0.62
305.0;566.29;109.0;16.73;0.9
179.0;439.47;79.0;16.54;0.97
44.0;245.57;25.0;15.92;0.97
0.0;0.0;0.0;14.35;0.9
0.0;0.0;0.0;14.53;0.55
0.0;0.0;0.0;14.12;0.21
0.0;0.0;0.0;13.2;0.76
0.0;0.0;0.0;11.17;1.24
0.0;0.0;0.0;9.94;1.52
0.0;0.0;0.0;9.29;1.72
0.0;0.0;0.0;8.8;1.79
0.0;0.0;0.0;8.3;1.72
0.0;0.0;0.0;7.83;1.72
0.0;0.0;0.0;7.62;1.66
0.0;0.0;0.0;7.51;1.66
0.0;0.0;0.0;7.44;1.72
0.0;0.0;0.0;7.45;1.72
0.0;0.0;0.0;6.97;1.86
103.0;380.91;49.0;7.23;1.59
251.0;629.73;75.0;9.91;1.24
370.0;738.38;88.0;12.91;1.1
432.0;737.43;106.0;14.97;0.83
452.0;769.97;101.0;15.83;0.21
417.0;767.16;93.0;16.29;0.28
320.0;677.75;87.0;16.41;0.69
183.0;487.67;73.0;16.28;0.76
43.0;237.72;25.0;15.79;0.62
0.0;0.0;0.0;14.84;0.48
0.0;0.0;0.0;14.44;0.21
0.0;0.0;0.0;13.95;0.41
0.0;0.0;0.0;11.36;1.24
0.0;0.0;0.0;9.86;1.66
0.0;0.0;0.0;9.3;1.79
0.0;0.0;0.0;8.72;1.86
0.0;0.0;0.0;8.2;1.86
0.0;0.0;0.0;7.86;1.79
0.0;0.0;0.0;7.47;1.79
0.0;0.0;0.0;7.36;1.66
0.0;0.0;0.0;7.04;1.72
0.0;0.0;0.0;6.75;1.72
0.0;0.0;0.0;6.71;1.72
0.0;0.0;0.0;6.59;1.86
101.0;390.14;47.0;6.6;1.72
244.0;597.54;79.0;9.69;1.24
368.0;739.47;88.0;12.98;1.24
432.0;751.75;102.0;14.81;1.52
450.0;770.41;101.0;15.7;1.72
356.0;455.0;165.0;16.11;1.86
250.0;283.99;153.0;16.15;2.0
140.0;187.76;98.0;15.89;1.93
43.0;256.13;24.0;15.16;1.52
0.0;0.0;0.0;14.05;1.52
0.0;0.0;0.0;13.59;1.93
0.0;0.0;0.0;13.08;2.14
0.0;0.0;0.0;12.33;2.14
0.0;0.0;0.0;11.89;2.14
0.0;0.0;0.0;11.5;2.28
0.0;0.0;0.0;11.78;2.21
0.0;0.0;0.0;11.37;2.34
0.0;0.0;0.0;11.09;2.48
0.0;0.0;0.0;11.04;2.55
0.0;0.0;0.0;10.78;2.55
0.0;0.0;0.0;10.73;2.41
0.0;0.0;0.0;11.14;2.55
0.0;0.0;0.0;11.7;2.97
0.0;0.0;0.0;11.99;3.31
46.0;14.8;44.0;12.3;3.52
109.0;18.33;104.0;13.18;3.86
91.0;0.0;91.0;14.47;3.93
193.0;25.23;182.0;15.11;4.14
258.0;95.5;215.0;15.49;4.83
248.0;117.41;199.0;15.18;4.76
271.0;409.49;132.0;14.81;4.55
174.0;455.12;73.0;14.26;4.48
38.0;192.44;24.0;14.06;4.34
0.0;0.0;0.0;13.88;4.14
0.0;0.0;0.0;13.81;4.34
0.0;0.0;0.0;13.61;4.21
0.0;0.0;0.0;13.94;4.48
0.0;0.0;0.0;13.82;4.21
0.0;0.0;0.0;13.77;4.28
0.0;0.0;0.0;13.97;4.76
0.0;0.0;0.0;14.29;4.83
0.0;0.0;0.0;14.39;4.76
0.0;0.0;0.0;14.79;4.9
0.0;0.0;0.0;14.5;5.38
0.0;0.0;0.0;14.12;5.38
0.0;0.0;0.0;14.26;5.52
0.0;0.0;0.0;14.55;5.72
0.0;0.0;0.0;14.58;5.86
25.0;0.0;25.0;14.98;5.79
53.0;0.0;53.0;15.23;6.97
40.0;0.0;40.0;15.65;7.66
37.0;0.0;37.0;15.77;7.52
39.0;0.0;39.0;15.26;6.69
102.0;0.0;102.0;14.3;6.55
163.0;50.38;146.0;13.29;5.93
71.0;4.54;70.0;12.29;5.93
4.0;0.0;4.0;12.43;4.76
0.0;0.0;0.0;11.15;5.1
0.0;0.0;0.0;10.94;5.03
0.0;0.0;0.0;10.86;4.41
0.0;0.0;0.0;10.09;5.1
0.0;0.0;0.0;9.78;4.55
0.0;0.0;0.0;10.05;4.07
0.0;0.0;0.0;10.0;3.72
0.0;0.0;0.0;10.35;3.79
0.0;0.0;0.0;10.7;3.66
0.0;0.0;0.0;10.73;3.79
0.0;0.0;0.0;10.1;3.45
0.0;0.0;0.0;10.12;2.9
0.0;0.0;0.0;10.16;2.83
0.0;0.0;0.0;10.46;2.9
0.0;0.0;0.0;10.49;3.31
50.0;31.07;46.0;10.41;4.0
105.0;18.76;100.0;10.88;4.07
31.0;0.0;31.0;11.27;4.41
154.0;4.65;152.0;11.49;5.52
64.0;0.0;64.0;11.32;6.07
40.0;0.0;40.0;11.6;5.66
101.0;0.0;101.0;11.3;5.17
27.0;0.0;27.0;11.16;4.9
31.0;99.69;24.0;11.2;4.28
0.0;0.0;0.0;11.0;4.28
0.0;0.0;0.0;10.38;3.59
0.0;0.0;0.0;10.35;3.52
0.0;0.0;0.0;10.04;2.21
0.0;0.0;0.0;10.18;2.21
0.0;0.0;0.0;10.65;2.69
0.0;0.0;0.0;10.63;3.03
0.0;0.0;0.0;10.65;3.1
0.0;0.0;0.0;10.36;2.9
0.0;0.0;0.0;10.19;2.69
0.0;0.0;0.0;10.14;2.48
0.0;0.0;0.0;10.07;2.34
0.0;0.0;0.0;9.95;2.21
0.0;0.0;0.0;10.12;2.14
0.0;0.0;0.0;10.21;2.55
52.0;39.79;47.0;9.94;3.31
59.0;0.0;59.0;10.46;3.45
328.0;578.57;116.0;11.5;3.31
395.0;615.18;132.0;12.07;4.21
229.0;56.49;204.0;12.43;4.34
382.0;638.06;120.0;12.57;4.14
178.0;77.9;152.0;12.55;3.66
157.0;331.35;85.0;12.41;3.1
42.0;303.82;21.0;11.61;2.14
0.0;0.0;0.0;9.65;1.77
0.0;0.0;0.0;9.39;1.79
0.0;0.0;0.0;9.14;1.81
0.0;0.0;0.0;8.88;1.83
0.0;0.0;0.0;8.62;1.85
0.0;0.0;0.0;8.36;1.87
0.0;0.0;0.0;8.1;1.89
0.0;0.0;0.0;7.84;1.91
0.0;0.0;0.0;7.58;1.93
0.0;0.0;0.0;7.32;1.95
0.0;0.0;0.0;7.06;1.97
0.0;0.0;0.0;6.8;1.99
0.0;0.0;0.0;6.54;2.02
0.0;0.0;0.0;6.28;2.04
0.0;0.0;0.0;6.02;2.06
89.0;415.82;38.0;5.76;2.08
184.0;272.56;113.0;8.36;1.59
31.0;0.0;31.0;10.21;1.59
211.0;44.72;192.0;11.83;1.93
39.0;0.0;39.0;12.7;2.55
79.0;0.0;79.0;12.82;2.83
315.0;710.62;79.0;12.66;2.69
96.0;41.67;87.0;12.4;2.48
34.0;161.46;23.0;11.72;1.93
0.0;0.0;0.0;10.93;1.45
0.0;0.0;0.0;10.14;1.59
0.0;0.0;0.0;9.31;1.79
0.0;0.0;0.0;9.04;2.0
0.0;0.0;0.0;8.14;2.0
0.0;0.0;0.0;8.3;1.93
0.0;0.0;0.0;8.23;1.93
0.0;0.0;0.0;8.74;2.07
0.0;0.0;0.0;8.77;2.0
0.0;0.0;0.0;8.88;2.0
0.0;0.0;0.0;8.87;1.93
0.0;0.0;0.0;8.76;1.93
0.0;0.0;0.0;8.35;1.93
0.0;0.0;0.0;7.91;1.86
0.0;0.0;0.0;7.58;1.79
8.0;0.0;8.0;7.65;1.66
180.0;263.97;112.0;8.55;1.45
291.0;399.07;147.0;9.93;1.45
418.0;774.21;91.0;11.29;2.07
292.0;178.08;214.0;11.78;2.34
68.0;0.0;68.0;11.99;2.28
249.0;323.7;142.0;11.74;2.34
136.0;200.21;93.0;11.26;2.21
17.0;14.87;16.0;10.6;1.72
0.0;0.0;0.0;9.54;1.17
0.0;0.0;0.0;9.2;0.34
0.0;0.0;0.0;8.69;0.14
0.0;0.0;0.0;9.26;0.14
0.0;0.0;0.0;6.73;1.45
0.0;0.0;0.0;6.61;1.45
0.0;0.0;0.0;7.01;1.17
0.0;0.0;0.0;6.47;1.79
0.0;0.0;0.0;6.38;2.07
0.0;0.0;0.0;6.68;2.28
0.0;0.0;0.0;6.37;2.9
0.0;0.0;0.0;5.53;3.66
0.0;0.0;0.0;4.89;3.93
0.0;0.0;0.0;4.4;4.0
0.0;0.0;0.0;3.99;4.21
85.0;402.24;38.0;3.57;4.41
232.0;643.64;68.0;4.62;4.48
349.0;734.26;86.0;5.91;5.52
419.0;766.77;97.0;7.04;5.52
438.0;775.45;100.0;8.08;5.24
398.0;740.93;98.0;8.79;4.9
312.0;695.82;83.0;9.11;4.28
183.0;570.94;61.0;9.02;3.59
40.0;315.86;19.0;8.34;2.41
0.0;0.0;0.0;7.03;1.52
0.0;0.0;0.0;6.76;0.76
0.0;0.0;0.0;5.78;0.97
0.0;0.0;0.0;4.84;1.1
0.0;0.0;0.0;3.11;1.59
0.0;0.0;0.0;2.62;1.93
0.0;0.0;0.0;2.4;2.14
0.0;0.0;0.0;2.12;2.28
0.0;0.0;0.0;2.13;2.41
0.0;0.0;0.0;2.29;2.62
0.0;0.0;0.0;2.45;2.69
0.0;0.0;0.0;2.57;2.55
0.0;0.0;0.0;3.06;2.41
0.0;0.0;0.0;3.29;2.48
0.0;0.0;0.0;4.05;2.69
71.0;254.26;42.0;5.67;2.83
158.0;174.54;114.0;7.17;2.83
108.0;0.0;108.0;8.91;2.83
142.0;2.39;141.0;9.68;3.24
128.0;0.0;128.0;10.98;3.38
146.0;4.96;144.0;11.74;3.17
91.0;0.0;91.0;12.16;4.07
63.0;0.0;63.0;12.56;4.41
22.0;30.38;20.0;11.54;4.83
0.0;0.0;0.0;11.02;3.72
0.0;0.0;0.0;10.87;3.17
0.0;0.0;0.0;10.61;3.24
0.0;0.0;0.0;10.91;4.21
0.0;0.0;0.0;10.09;3.24
0.0;0.0;0.0;9.56;2.48
0.0;0.0;0.0;8.64;2.0
0.0;0.0;0.0;7.6;1.52
0.0;0.0;0.0;7.34;2.62
0.0;0.0;0.0;7.19;2.41
0.0;0.0;0.0;7.28;1.52
0.0;0.0;0.0;6.53;1.31
0.0;0.0;0.0;5.41;1.45
0.0;0.0;0.0;4.73;1.24
0.0;0.0;0.0;3.4;1.31
76.0;341.27;38.0;5.31;0.69
224.0;625.36;68.0;7.11;0.34
49.0;0.0;49.0;9.42;0.28
43.0;0.0;43.0;10.77;1.45
177.0;11.58;172.0;10.54;2.55
391.0;729.5;98.0;9.73;2.76
60.0;0.0;60.0;9.05;1.93
69.0;4.72;68.0;8.93;1.1
3.0;0.0;3.0;8.61;1.31
0.0;0.0;0.0;7.23;1.93
0.0;0.0;0.0;6.38;1.24
0.0;0.0;0.0;5.99;0.62
0.0;0.0;0.0;5.65;0.69
0.0;0.0;0.0;4.8;1.1
0.0;0.0;0.0;3.67;1.66
0.0;0.0;0.0;3.33;1.79
0.0;0.0;0.0;2.84;1.86
0.0;0.0;0.0;2.36;1.86
0.0;0.0;0.0;1.82;1.86
0.0;0.0;0.0;1.51;1.86
0.0;0.0;0.0;1.13;1.66
0.0;0.0;0.0;0.9;1.66
0.0;0.0;0.0;1.0;1.66
0.0;0.0;0.0;0.58;1.72
77.0;377.11;36.0;0.82;1.59
227.0;656.08;65.0;2.91;1.31
316.0;555.86;121.0;5.28;1.31
418.0;786.35;93.0;7.02;1.79
440.0;809.03;92.0;8.17;2.41
402.0;777.13;91.0;8.89;2.76
312.0;706.66;82.0;9.2;2.9
185.0;596.88;59.0;9.05;2.83
41.0;339.25;19.0;8.22;2.41
0.0;0.0;0.0;6.84;2.34
0.0;0.0;0.0;5.81;2.21
0.0;0.0;0.0;4.94;2.07
0.0;0.0;0.0;4.33;2.07
0.0;0.0;0.0;3.59;1.93
0.0;0.0;0.0;2.67;1.86
0.0;0.0;0.0;1.63;1.66
0.0;0.0;0.0;0.77;1.52
0.0;0.0;0.0;0.35;1.72
0.0;0.0;0.0;0.13;1.79
0.0;0.0;0.0;0.0;1.72
0.0;0.0;0.0;0.04;1.72
0.0;0.0;0.0;-0.12;1.79
0.0;0.0;0.0;-0.33;1.86
0.0;0.0;0.0;-0.35;1.86
75.0;386.15;34.0;-0.25;1.93
194.0;417.22;92.0;1.81;1.45
137.0;11.48;133.0;5.76;1.24
165.0;12.16;160.0;8.01;1.45
293.0;193.72;210.0;8.71;2.14
335.0;433.74;162.0;9.21;2.34
131.0;15.41;126.0;9.68;2.07
84.0;23.76;79.0;9.59;1.59
30.0;123.98;22.0;8.92;1.52
0.0;0.0;0.0;7.73;1.79
0.0;0.0;0.0;7.08;2.07
0.0;0.0;0.0;6.88;2.21
0.0;0.0;0.0;7.23;2.34
0.0;0.0;0.0;7.74;2.34
0.0;0.0;0.0;8.16;2.34
0.0;0.0;0.0;8.74;2.69
0.0;0.0;0.0;9.19;3.66
0.0;0.0;0.0;9.46;4.69
0.0;0.0;0.0;9.63;4.28
0.0;0.0;0.0;8.92;3.72
0.0;0.0;0.0;7.76;2.07
0.0;0.0;0.0;6.51;0.62
0.0;0.0;0.0;5.47;0.55
0.0;0.0;0.0;4.57;0.83
78.0;462.81;30.0;3.11;1.1
217.0;623.65;66.0;5.04;1.45
337.0;739.06;81.0;6.77;2.76
301.0;258.91;195.0;7.42;3.1
289.0;182.72;211.0;7.55;3.52
403.0;809.79;81.0;7.44;4.0
283.0;534.55;110.0;7.16;4.55
188.0;647.77;52.0;6.42;4.76
36.0;248.79;20.0;5.29;4.76
0.0;0.0;0.0;3.9;5.03
0.0;0.0;0.0;2.93;5.1
0.0;0.0;0.0;2.27;5.38
0.0;0.0;0.0;2.12;5.17
0.0;0.0;0.0;2.07;5.59
0.0;0.0;0.0;2.28;5.86
0.0;0.0;0.0;2.52;5.93
0.0;0.0;0.0;2.62;5.79
0.0;0.0;0.0;2.5;5.72
0.0;0.0;0.0;2.36;5.52
0.0;0.0;0.0;2.19;5.38
0.0;0.0;0.0;1.94;5.17
0.0;0.0;0.0;1.78;5.1
0.0;0.0;0.0;1.75;5.03
0.0;0.0;0.0;1.81;5.03
72.0;394.71;32.0;2.53;5.24
229.0;725.41;55.0;3.56;5.1
337.0;731.85;85.0;4.75;5.38
411.0;775.22;95.0;5.82;6.0
430.0;770.99;102.0;6.7;5.86
393.0;736.39;101.0;7.25;5.66
295.0;597.71;102.0;7.45;5.24
179.0;548.8;64.0;7.22;4.69
39.0;311.48;19.0;6.33;4.14
0.0;0.0;0.0;4.97;3.52
0.0;0.0;0.0;3.87;3.1
0.0;0.0;0.0;3.15;3.03
0.0;0.0;0.0;2.51;3.03
0.0;0.0;0.0;2.0;2.69
0.0;0.0;0.0;1.48;2.28
0.0;0.0;0.0;0.93;1.93
0.0;0.0;0.0;0.26;1.72
0.0;0.0;0.0;-0.37;1.66
0.0;0.0;0.0;-0.85;1.66
0.0;0.0;0.0;-1.07;1.79
0.0;0.0;0.0;-1.15;1.86
0.0;0.0;0.0;-0.83;2.07
0.0;0.0;0.0;-0.61;2.28
0.0;0.0;0.0;0.18;2.41
10.0;0.0;10.0;1.56;2.69
124.0;79.93;105.0;3.64;2.69
82.0;0.0;82.0;5.78;2.48
105.0;0.0;105.0;7.19;2.62
258.0;117.9;208.0;8.17;2.62
136.0;2.53;135.0;8.98;2.07
201.0;152.05;152.0;9.29;1.24
60.0;0.0;60.0;9.24;0.76
11.0;0.0;11.0;8.68;0.69
0.0;0.0;0.0;7.64;0.28
0.0;0.0;0.0;5.98;0.76
0.0;0.0;0.0;4.53;1.59
0.0;0.0;0.0;4.67;1.38
0.0;0.0;0.0;3.85;1.59
0.0;0.0;0.0;2.97;1.66
0.0;0.0;0.0;2.77;2.14
0.0;0.0;0.0;3.25;3.17
0.0;0.0;0.0;3.22;4.41
0.0;0.0;0.0;3.13;4.83
0.0;0.0;0.0;2.88;4.41
0.0;0.0;0.0;2.46;4.21
0.0;0.0;0.0;2.05;3.93
0.0;0.0;0.0;1.67;3.59
0.0;0.0;0.0;1.29;3.24
66.0;340.72;33.0;1.16;2.55
213.0;628.07;65.0;2.46;2.21
337.0;757.62;79.0;4.72;2.34
409.0;783.88;92.0;6.66;2.34
433.0;806.41;92.0;8.09;2.28
397.0;775.31;91.0;9.01;2.34
310.0;717.91;79.0;9.36;2.28
180.0;569.13;61.0;9.17;2.07
39.0;310.86;19.0;8.26;1.72
0.0;0.0;0.0;6.83;1.66
0.0;0.0;0.0;5.01;1.66
0.0;0.0;0.0;3.7;1.93
0.0;0.0;0.0;3.06;2.21
0.0;0.0;0.0;2.09;2.21
0.0;0.0;0.0;1.39;2.21
0.0;0.0;0.0;0.76;2.21
0.0;0.0;0.0;0.48;2.21
0.0;0.0;0.0;0.3;2.28
0.0;0.0;0.0;0.18;2.28
0.0;0.0;0.0;0.0;2.28
0.0;0.0;0.0;-0.2;2.21
0.0;0.0;0.0;-0.22;2.14
0.0;0.0;0.0;-0.26;2.14
0.0;0.0;0.0;-0.4;2.07
65.0;348.3;32.0;-0.58;2.0
210.0;603.39;69.0;0.65;1.52
336.0;749.7;82.0;3.8;1.24
410.0;784.21;94.0;6.03;1.24
435.0;808.52;94.0;7.34;1.1
396.0;761.55;96.0;8.05;0.97
309.0;693.88;86.0;8.28;1.1
183.0;583.63;61.0;8.05;1.24
40.0;325.25;19.0;7.23;1.31
0.0;0.0;0.0;5.54;1.52
0.0;0.0;0.0;3.61;1.72
0.0;0.0;0.0;2.09;1.79
0.0;0.0;0.0;1.14;2.0
0.0;0.0;0.0;0.1;2.0
0.0;0.0;0.0;-0.68;2.0
0.0;0.0;0.0;-1.22;2.0
0.0;0.0;0.0;-1.47;2.0
0.0;0.0;0.0;-1.52;2.0
0.0;0.0;0.0;-1.41;2.07
0.0;0.0;0.0;-1.06;2.21
0.0;0.0;0.0;-0.98;2.28
0.0;0.0;0.0;-0.85;2.34
0.0;0.0;0.0;-0.58;2.34
0.0;0.0;0.0;-0.46;2.41
50.0;161.76;35.0;-0.69;2.41
148.0;185.49;105.0;0.7;2.14
278.0;424.11;135.0;3.63;1.86
336.0;420.79;167.0;6.31;1.79
174.0;14.26;168.0;7.67;1.86
71.0;0.0;71.0;8.07;1.86
107.0;3.11;106.0;8.17;1.93
54.0;0.0;54.0;8.06;2.07
28.0;92.45;22.0;7.06;2.0
0.0;0.0;0.0;5.79;2.07
0.0;0.0;0.0;4.69;2.34
0.0;0.0;0.0;3.71;2.48
0.0;0.0;0.0;5.09;2.76
0.0;0.0;0.0;5.31;2.83
0.0;0.0;0.0;5.47;2.69
0.0;0.0;0.0;5.41;2.83
0.0;0.0;0.0;5.91;2.97
0.0;0.0;0.0;6.21;3.03
0.0;0.0;0.0;5.73;2.9
0.0;0.0;0.0;5.77;2.97
0.0;0.0;0.0;6.12;3.17
0.0;0.0;0.0;6.38;3.31
0.0;0.0;0.0;6.68;3.38
0.0;0.0;0.0;6.98;3.52
35.0;44.05;31.0;8.02;3.59
166.0;312.96;94.0;8.59;3.66
150.0;29.79;140.0;9.21;3.59
171.0;19.98;163.0;9.85;3.31
344.0;407.24;173.0;10.21;3.52
345.0;539.71;133.0;11.18;3.45
111.0;6.23;109.0;11.89;3.45
85.0;28.67;79.0;11.8;2.69
37.0;260.15;20.0;11.01;2.21
0.0;0.0;0.0;9.87;2.28
0.0;0.0;0.0;9.03;2.41
0.0;0.0;0.0;8.37;2.34
0.0;0.0;0.0;8.26;2.34
0.0;0.0;0.0;8.34;2.21
0.0;0.0;0.0;8.08;2.48
0.0;0.0;0.0;8.81;2.76
0.0;0.0;0.0;9.13;2.83
0.0;0.0;0.0;9.54;2.83
0.0;0.0;0.0;9.97;2.9
0.0;0.0;0.0;10.51;3.1
0.0;0.0;0.0;10.76;3.24
0.0;0.0;0.0;11.03;3.45
0.0;0.0;0.0;11.28;3.59
0.0;0.0;0.0;11.38;3.52
25.0;11.24;24.0;11.84;4.28
57.0;0.0;57.0;12.12;4.28
129.0;11.97;125.0;12.53;4.62
52.0;0.0;52.0;12.74;4.62
61.0;0.0;61.0;12.74;4.69
60.0;0.0;60.0;13.01;4.76
58.0;0.0;58.0;13.07;4.9
44.0;0.0;44.0;13.06;4.07
18.0;15.17;17.0;13.04;3.86
0.0;0.0;0.0;13.03;3.72
0.0;0.0;0.0;13.08;3.52
0.0;0.0;0.0;13.15;3.24
0.0;0.0;0.0;13.05;3.24
0.0;0.0;0.0;13.01;2.9
0.0;0.0;0.0;12.79;2.48
0.0;0.0;0.0;12.8;2.21
0.0;0.0;0.0;12.67;2.21
0.0;0.0;0.0;12.7;2.0
0.0;0.0;0.0;12.23;1.86
0.0;0.0;0.0;12.07;1.72
0.0;0.0;0.0;11.94;1.79
0.0;0.0;0.0;11.91;1.72
0.0;0.0;0.0;11.78;1.59
0.0;0.0;0.0;11.52;1.45
50.0;217.77;31.0;11.33;1.17
129.0;127.84;100.0;12.22;1.03
146.0;27.03;137.0;13.59;1.79
220.0;82.84;187.0;14.39;2.14
305.0;262.83;195.0;14.82;2.48
245.0;147.9;187.0;15.03;2.76
121.0;9.35;118.0;15.09;2.97
42.0;0.0;42.0;14.44;2.41
22.0;30.05;20.0;13.65;1.93
0.0;0.0;0.0;12.73;2.0
0.0;0.0;0.0;12.54;1.86
0.0;0.0;0.0;12.37;1.66
0.0;0.0;0.0;11.82;1.24
0.0;0.0;0.0;11.71;1.1
0.0;0.0;0.0;11.66;1.17
0.0;0.0;0.0;11.42;1.24
0.0;0.0;0.0;11.05;1.52
0.0;0.0;0.0;11.13;1.45
0.0;0.0;0.0;10.7;1.52
0.0;0.0;0.0;10.29;1.66
0.0;0.0;0.0;9.91;1.59
0.0;0.0;0.0;9.36;1.38
0.0;0.0;0.0;8.84;1.38
0.0;0.0;0.0;8.46;1.52
55.0;315.37;28.0;8.87;1.52
158.0;279.49;95.0;9.79;1.38
270.0;421.97;130.0;11.86;1.59
308.0;332.1;176.0;13.22;2.48
257.0;126.79;204.0;13.81;2.83
325.0;428.56;157.0;13.98;2.83
182.0;102.73;149.0;12.69;2.76
16.0;0.0;16.0;11.86;1.52
3.0;0.0;3.0;11.19;0.83
0.0;0.0;0.0;10.28;1.17
0.0;0.0;0.0;9.97;1.38
0.0;0.0;0.0;9.41;0.69
0.0;0.0;0.0;8.43;0.97
0.0;0.0;0.0;7.52;1.24
0.0;0.0;0.0;7.12;1.45
0.0;0.0;0.0;6.46;1.59
0.0;0.0;0.0;5.97;1.66
0.0;0.0;0.0;5.75;1.66
0.0;0.0;0.0;5.58;1.72
0.0;0.0;0.0;5.19;1.86
0.0;0.0;0.0;4.73;1.93
0.0;0.0;0.0;4.11;1.79
0.0;0.0;0.0;3.58;1.66
0.0;0.0;0.0;3.26;1.59
46.0;178.4;31.0;3.58;1.59
132.0;138.35;101.0;5.4;1.59
168.0;57.45;149.0;7.0;1.79
174.0;22.69;165.0;8.42;2.21
262.0;136.48;205.0;9.49;2.69
392.0;785.73;84.0;10.09;2.9
315.0;765.04;69.0;10.51;3.1
179.0;568.41;59.0;10.48;3.03
40.0;293.21;20.0;9.8;2.62
0.0;0.0;0.0;8.48;2.69
0.0;0.0;0.0;7.51;2.69
0.0;0.0;0.0;6.8;2.69
0.0;0.0;0.0;6.23;2.69
0.0;0.0;0.0;5.75;2.69
0.0;0.0;0.0;5.4;2.76
0.0;0.0;0.0;5.08;2.76
0.0;0.0;0.0;4.8;2.76
0.0;0.0;0.0;4.58;2.83
0.0;0.0;0.0;4.4;2.9
0.0;0.0;0.0;4.25;2.97
0.0;0.0;0.0;4.12;3.1
0.0;0.0;0.0;3.99;3.17
0.0;0.0;0.0;3.86;3.31
0.0;0.0;0.0;3.73;3.38
52.0;278.3;29.0;3.52;3.24
199.0;619.27;61.0;4.72;3.31
319.0;721.73;81.0;6.83;3.59
397.0;772.51;91.0;8.63;4.28
422.0;785.87;94.0;9.91;4.62
389.0;754.93;93.0;10.8;4.76
304.0;673.92;87.0;11.29;4.62
183.0;575.85;61.0;11.17;4.0
40.0;274.6;21.0;10.12;3.66
0.0;0.0;0.0;8.55;3.52
0.0;0.0;0.0;7.4;3.38
0.0;0.0;0.0;6.46;3.17
0.0;0.0;0.0;5.91;2.83
0.0;0.0;0.0;5.16;2.76
0.0;0.0;0.0;4.51;2.69
0.0;0.0;0.0;3.9;2.69
0.0;0.0;0.0;3.36;2.55
0.0;0.0;0.0;2.92;2.55
0.0;0.0;0.0;2.55;2.62
0.0;0.0;0.0;2.35;2.69
0.0;0.0;0.0;2.13;2.55
0.0;0.0;0.0;1.76;2.48
0.0;0.0;0.0;1.42;2.48
0.0;0.0;0.0;1.16;2.48
42.0;147.58;30.0;1.6;2.62
161.0;311.2;92.0;2.88;2.14
279.0;468.19;125.0;5.39;1.79
346.0;490.39;152.0;7.65;1.66
336.0;359.52;186.0;9.21;1.31
218.0;79.02;187.0;9.99;0.76
177.0;83.71;150.0;10.24;0.69
28.0;0.0;28.0;10.1;0.55
24.0;28.46;22.0;9.63;0.21
0.0;0.0;0.0;9.32;0.28
0.0;0.0;0.0;8.0;0.9
0.0;0.0;0.0;6.94;1.31
0.0;0.0;0.0;6.62;1.45
0.0;0.0;0.0;6.09;1.66
0.0;0.0;0.0;5.82;1.72
0.0;0.0;0.0;5.9;1.86
0.0;0.0;0.0;5.88;2.07
0.0;0.0;0.0;5.93;1.86
0.0;0.0;0.0;5.41;1.38
0.0;0.0;0.0;5.29;1.93
0.0;0.0;0.0;5.32;2.07
0.0;0.0;0.0;4.97;2.21
0.0;0.0;0.0;5.23;2.48
0.0;0.0;0.0;5.45;2.55
9.0;0.0;9.0;6.25;2.34
73.0;4.53;72.0;6.65;2.07
106.0;3.05;105.0;7.58;1.93
177.0;27.83;166.0;8.48;1.93
131.0;0.0;131.0;9.15;1.93
117.0;0.0;117.0;9.45;1.93
170.0;74.25;146.0;9.52;2.0
142.0;243.35;90.0;9.37;2.14
44.0;321.82;21.0;8.86;1.93
0.0;0.0;0.0;8.01;1.93
0.0;0.0;0.0;6.95;2.0
0.0;0.0;0.0;5.86;2.07
0.0;0.0;0.0;4.94;2.34
0.0;0.0;0.0;4.3;2.34
0.0;0.0;0.0;3.49;2.21
0.0;0.0;0.0;2.93;2.14
0.0;0.0;0.0;2.47;2.21
0.0;0.0;0.0;2.13;2.14
0.0;0.0;0.0;1.85;2.14
0.0;0.0;0.0;1.65;2.14
0.0;0.0;0.0;1.66;2.14
0.0;0.0;0.0;1.63;2.21
0.0;0.0;0.0;1.53;2.34
0.0;0.0;0.0;1.4;2.41
53.0;367.34;24.0;2.18;2.62
194.0;609.61;60.0;3.73;2.41
317.0;735.65;76.0;6.3;2.69
394.0;779.82;86.0;8.35;2.83
420.0;795.57;88.0;10.11;2.9
389.0;765.68;88.0;11.23;3.03
304.0;688.2;81.0;11.8;3.24
184.0;582.03;59.0;11.68;3.24
46.0;343.58;21.0;10.6;2.83
0.0;0.0;0.0;9.03;2.62
0.0;0.0;0.0;7.86;2.34
0.0;0.0;0.0;6.81;2.21
0.0;0.0;0.0;6.25;2.21
0.0;0.0;0.0;5.35;2.14
0.0;0.0;0.0;4.32;1.86
0.0;0.0;0.0;3.2;1.72
0.0;0.0;0.0;2.5;1.66
0.0;0.0;0.0;1.95;1.72
0.0;0.0;0.0;1.68;1.66
0.0;0.0;0.0;1.43;1.66
0.0;0.0;0.0;1.19;1.72
0.0;0.0;0.0;1.07;1.79
0.0;0.0;0.0;1.01;1.79
0.0;0.0;0.0;1.07;1.86
44.0;218.17;27.0;1.72;1.79
154.0;292.2;90.0;3.52;1.45
245.0;314.87;142.0;8.0;1.17
351.0;547.08;135.0;10.12;1.17
394.0;665.82;116.0;11.46;1.24
334.0;469.9;149.0;12.33;1.52
305.0;698.58;78.0;12.61;1.59
114.0;92.61;94.0;12.53;1.45
45.0;310.14;22.0;12.23;1.45
0.0;0.0;0.0;11.22;1.45
0.0;0.0;0.0;10.22;1.31
0.0;0.0;0.0;9.56;1.45
0.0;0.0;0.0;9.16;1.59
0.0;0.0;0.0;8.74;1.66
0.0;0.0;0.0;8.22;1.66
0.0;0.0;0.0;7.89;1.59
0.0;0.0;0.0;7.47;1.59
0.0;0.0;0.0;7.73;1.45
0.0;0.0;0.0;7.57;1.52
0.0;0.0;0.0;7.7;1.52
0.0;0.0;0.0;7.63;1.52
0.0;0.0;0.0;7.7;1.38
0.0;0.0;0.0;7.43;1.52
0.0;0.0;0.0;7.79;1.38
42.0;194.81;27.0;6.41;1.59
179.0;499.2;70.0;7.79;1.1
247.0;330.53;139.0;10.27;1.1
374.0;688.95;102.0;11.89;1.1
383.0;603.05;131.0;12.99;1.31
257.0;169.88;190.0;13.53;1.86
276.0;500.04;113.0;13.5;1.72
156.0;326.8;85.0;13.29;1.38
44.0;264.35;24.0;13.09;1.1
0.0;0.0;0.0;12.17;0.9
0.0;0.0;0.0;11.18;0.97
0.0;0.0;0.0;10.28;1.31
0.0;0.0;0.0;9.73;1.31
0.0;0.0;0.0;8.87;1.45
0.0;0.0;0.0;8.55;1.59
0.0;0.0;0.0;8.4;1.72
0.0;0.0;0.0;8.39;1.79
0.0;0.0;0.0;8.37;1.72
0.0;0.0;0.0;7.97;1.86
0.0;0.0;0.0;7.91;1.86
0.0;0.0;0.0;7.43;1.93
0.0;0.0;0.0;7.02;2.0
0.0;0.0;0.0;7.08;2.0
0.0;0.0;0.0;7.04;1.93
42.0;210.02;26.0;7.48;1.59
167.0;399.47;80.0;8.49;1.59
257.0;373.66;135.0;10.93;1.86
159.0;12.66;154.0;12.18;2.55
350.0;432.66;169.0;13.05;3.45
357.0;581.95;127.0;13.49;3.45
251.0;345.44;138.0;13.66;3.52
136.0;187.5;95.0;13.55;3.03
47.0;310.65;23.0;12.88;2.55
0.0;0.0;0.0;11.86;2.48
0.0;0.0;0.0;10.92;2.48
0.0;0.0;0.0;10.23;2.55
0.0;0.0;0.0;9.6;2.48
0.0;0.0;0.0;9.16;2.62
0.0;0.0;0.0;8.93;2.69
0.0;0.0;0.0;8.99;2.83
0.0;0.0;0.0;9.24;3.17
0.0;0.0;0.0;9.61;3.45
0.0;0.0;0.0;10.32;3.66
0.0;0.0;0.0;10.55;3.79
0.0;0.0;0.0;10.76;3.79
0.0;0.0;0.0;11.01;3.86
0.0;0.0;0.0;11.37;4.0
0.0;0.0;0.0;11.57;4.14
24.0;26.5;22.0;12.11;3.86
79.0;13.8;76.0;12.63;3.93
286.0;569.91;100.0;13.51;3.66
348.0;546.66;132.0;14.35;4.0
310.0;284.05;191.0;14.95;5.52
290.0;277.66;180.0;15.17;4.62
171.0;73.09;147.0;15.47;4.48
113.0;86.29;94.0;15.24;3.24
23.0;12.67;22.0;14.6;2.62
0.0;0.0;0.0;13.38;2.34
0.0;0.0;0.0;12.24;1.72
0.0;0.0;0.0;10.87;1.03
0.0;0.0;0.0;12.05;0.41
0.0;0.0;0.0;11.45;0.83
0.0;0.0;0.0;10.31;1.03
0.0;0.0;0.0;10.17;1.17
0.0;0.0;0.0;10.14;1.24
0.0;0.0;0.0;10.17;1.24
0.0;0.0;0.0;10.41;1.17
0.0;0.0;0.0;10.43;1.24
0.0;0.0;0.0;10.39;1.31
0.0;0.0;0.0;9.7;1.24
0.0;0.0;0.0;8.27;0.97
0.0;0.0;0.0;6.87;1.31
38.0;146.92;27.0;6.33;1.52
146.0;244.24;93.0;8.36;0.69
219.0;205.3;152.0;11.0;0.21
318.0;379.3;168.0;12.25;0.28
419.0;784.0;90.0;13.17;1.1
383.0;725.03;95.0;13.4;1.31
257.0;366.95;136.0;13.52;1.59
57.0;0.0;57.0;13.28;2.0
33.0;74.3;27.0;12.62;2.0
0.0;0.0;0.0;11.65;1.86
0.0;0.0;0.0;10.9;1.79
0.0;0.0;0.0;10.52;1.79
0.0;0.0;0.0;10.26;1.86
0.0;0.0;0.0;10.09;1.79
0.0;0.0;0.0;9.52;1.72
0.0;0.0;0.0;9.32;1.52
0.0;0.0;0.0;9.32;1.66
0.0;0.0;0.0;9.36;1.79
0.0;0.0;0.0;9.35;1.79
0.0;0.0;0.0;9.35;1.66
0.0;0.0;0.0;9.23;1.24
0.0;0.0;0.0;9.46;0.9
0.0;0.0;0.0;9.46;0.62
0.0;0.0;0.0;10.04;0.83
46.0;295.8;24.0;8.39;1.24
185.0;558.17;64.0;9.91;1.79
310.0;701.47;81.0;11.52;2.55
388.0;747.6;92.0;12.14;3.52
416.0;763.43;95.0;12.86;3.86
388.0;735.43;95.0;13.41;4.14
308.0;667.21;87.0;13.65;4.21
190.0;559.21;65.0;13.48;3.86
50.0;290.41;26.0;12.55;3.66
0.0;0.0;0.0;11.1;3.52
0.0;0.0;0.0;10.13;3.59
0.0;0.0;0.0;9.42;3.52
0.0;0.0;0.0;9.43;3.38
0.0;0.0;0.0;8.85;3.45
0.0;0.0;0.0;8.35;3.59
0.0;0.0;0.0;7.87;3.66
0.0;0.0;0.0;7.52;3.86
0.0;0.0;0.0;7.22;3.86
0.0;0.0;0.0;6.81;3.86
0.0;0.0;0.0;6.45;3.79
0.0;0.0;0.0;5.98;3.52
0.0;0.0;0.0;5.46;3.24
0.0;0.0;0.0;5.04;3.1
0.0;0.0;0.0;4.69;3.1
46.0;283.84;25.0;5.26;2.97
191.0;586.14;64.0;5.91;2.41
317.0;716.3;83.0;7.64;2.41
396.0;754.06;97.0;9.21;2.83
428.0;785.43;97.0;10.34;3.03
397.0;740.56;101.0;11.09;3.17
317.0;679.03;91.0;11.46;3.31
198.0;590.16;65.0;11.33;3.17
55.0;354.48;25.0;10.34;3.1
0.0;0.0;0.0;8.77;3.17
0.0;0.0;0.0;7.59;2.97
0.0;0.0;0.0;6.45;2.48
0.0;0.0;0.0;5.47;2.0
0.0;0.0;0.0;4.37;1.86
0.0;0.0;0.0;3.68;1.93
0.0;0.0;0.0;3.06;1.93
0.0;0.0;0.0;2.61;1.93
0.0;0.0;0.0;2.31;2.0
0.0;0.0;0.0;2.03;2.07
0.0;0.0;0.0;1.83;2.07
0.0;0.0;0.0;1.65;2.07
0.0;0.0;0.0;1.46;2.0
0.0;0.0;0.0;1.28;1.93
0.0;0.0;0.0;1.19;1.86
43.0;244.21;25.0;1.14;1.93
187.0;567.66;64.0;2.55;1.38
312.0;700.25;83.0;7.0;0.97
394.0;755.24;94.0;10.05;0.83
426.0;783.45;95.0;11.35;0.76
398.0;755.4;95.0;11.76;0.83
318.0;690.52;87.0;11.94;0.97
198.0;585.14;65.0;11.79;0.97
56.0;345.97;26.0;11.16;1.17
0.0;0.0;0.0;9.58;1.45
0.0;0.0;0.0;7.49;1.45
0.0;0.0;0.0;6.11;1.59
0.0;0.0;0.0;5.21;1.59
0.0;0.0;0.0;4.03;1.72
0.0;0.0;0.0;3.22;1.79
0.0;0.0;0.0;2.49;1.79
0.0;0.0;0.0;1.85;1.72
0.0;0.0;0.0;1.37;1.66
0.0;0.0;0.0;1.06;1.72
0.0;0.0;0.0;0.86;1.72
0.0;0.0;0.0;0.68;1.72
0.0;0.0;0.0;0.57;1.79
0.0;0.0;0.0;0.34;1.79
0.0;0.0;0.0;0.17;1.79
44.0;271.97;24.0;0.31;1.79
188.0;571.95;64.0;1.66;1.38
314.0;705.37;83.0;6.28;1.03
396.0;758.7;94.0;9.41;0.76
431.0;800.13;92.0;11.19;0.28
405.0;784.83;89.0;12.07;0.21
323.0;710.57;84.0;12.32;0.48
201.0;593.02;65.0;12.1;0.62
57.0;337.5;27.0;11.32;0.83
0.0;0.0;0.0;6.25;0.46
0.0;0.0;0.0;6.47;0.68
0.0;0.0;0.0;6.69;0.9
0.0;0.0;0.0;6.91;1.13
0.0;0.0;0.0;7.13;1.35
0.0;0.0;0.0;7.35;1.58
0.0;0.0;0.0;7.57;1.8
0.0;0.0;0.0;7.8;2.02
