Unnamed: 0;Demand;Import limit;Export limit;Import price;Export price;Import emission factor;Export emission factor;Generic production
2022-01-01 00:00:00;0.0;50.0;;81.21520557752166;;;;
2022-01-01 01:00:00;0.0;50.0;;122.6480029711453;;;;
2022-01-01 02:00:00;0.0;50.0;;125.7719368410942;;;;
2022-01-01 03:00:00;0.0;50.0;;133.2227709624154;;;;
2022-01-01 04:00:00;0.0;50.0;;144.6415436214015;;;;
2022-01-01 05:00:00;0.0;50.0;;159.3870993066715;;;;
2022-01-01 06:00:00;0.0;50.0;;176.5625969527515;;;;
2022-01-01 07:00:00;0.0;50.0;;195.0866423358137;;;;
2022-01-01 08:00:00;0.0;50.0;;213.7631637654161;;;;
2022-01-01 09:00:00;0.0;50.0;;231.3824855678415;;;;
2022-01-01 10:00:00;0.0;50.0;;246.7759626186936;;;;
2022-01-01 11:00:00;0.0;50.0;;258.9191367126074;;;;
2022-01-01 12:00:00;0.0;50.0;;267.0155640062657;;;;
2022-01-01 13:00:00;0.0;50.0;;270.519419901038;;;;
2022-01-01 14:00:00;0.0;50.0;;269.2160087268579;;;;
2022-01-01 15:00:00;0.0;50.0;;263.182951004286;;;;
2022-01-01 16:00:00;0.0;50.0;;252.8644135872157;;;;
2022-01-01 17:00:00;0.0;50.0;;238.9879991733137;;;;
2022-01-01 18:00:00;0.0;50.0;;222.5415749493329;;;;
2022-01-01 19:00:00;0.0;50.0;;204.6946776261099;;;;
2022-01-01 20:00:00;0.0;50.0;;186.703404018558;;;;
2022-01-01 21:00:00;0.0;50.0;;169.8416286165383;;;;
2022-01-01 22:00:00;0.0;50.0;;155.2950526648571;;;;
2022-01-01 23:00:00;0.0;50.0;;143.2712142202782;;;;
2022-01-02 00:00:00;0.0;50.0;;135.3839252918275;;;;
2022-01-02 01:00:00;0.0;50.0;;132.0931192721501;;;;
2022-01-02 02:00:00;0.0;50.0;;134.3476994523018;;;;
2022-01-02 03:00:00;0.0;50.0;;141.121124062252;;;;
2022-01-02 04:00:00;0.0;50.0;;151.9166540510669;;;;
2022-01-02 05:00:00;0.0;50.0;;165.9654754568445;;;;
2022-01-02 06:00:00;0.0;50.0;;182.2662725198131;;;;
2022-01-02 07:00:00;0.0;50.0;;199.6506591568211;;;;
2022-01-02 08:00:00;0.0;50.0;;216.898056039964;;;;
2022-01-02 09:00:00;0.0;50.0;;232.7875654796465;;;;
2022-01-02 10:00:00;0.0;50.0;;246.2251831039351;;;;
2022-01-02 11:00:00;0.0;50.0;;256.2527352619975;;;;
2022-01-02 12:00:00;0.0;50.0;;262.1761300009841;;;;
2022-01-02 13:00:00;0.0;50.0;;263.5829281220912;;;;
2022-01-02 14:00:00;0.0;50.0;;260.3752903483477;;;;
2022-01-02 15:00:00;0.0;50.0;;252.7504475510343;;;;
2022-01-02 16:00:00;0.0;50.0;;241.2142088616347;;;;
2022-01-02 17:00:00;0.0;50.0;;226.5437459597793;;;;
2022-01-02 18:00:00;0.0;50.0;;209.72347908009;;;;
2022-01-02 19:00:00;0.0;50.0;;191.8627083528229;;;;
2022-01-02 20:00:00;0.0;50.0;;174.134229344467;;;;
2022-01-02 21:00:00;0.0;50.0;;157.696855037867;;;;
2022-01-02 22:00:00;0.0;50.0;;143.618522995269;;;;
2022-01-02 23:00:00;0.0;50.0;;131.0328038739569;;;;
2022-01-03 00:00:00;0.0;50.0;;122.4181266063404;;;;
2022-01-03 01:00:00;0.0;50.0;;118.1118578633181;;;;
2022-01-03 02:00:00;0.0;50.0;;119.9353649623006;;;;
2022-01-03 03:00:00;0.0;50.0;;125.8549260053503;;;;
2022-01-03 04:00:00;0.0;50.0;;135.4303483679611;;;;
2022-01-03 05:00:00;0.0;50.0;;147.9802626665804;;;;
2022-01-03 06:00:00;0.0;50.0;;162.630923997462;;;;
2022-01-03 07:00:00;0.0;50.0;;178.3754366261277;;;;
2022-01-03 08:00:00;0.0;50.0;;194.132715575225;;;;
2022-01-03 09:00:00;0.0;50.0;;208.8400541968815;;;;
2022-01-03 10:00:00;0.0;50.0;;221.4824849198295;;;;
2022-01-03 11:00:00;0.0;50.0;;231.2194789757029;;;;
2022-01-03 12:00:00;0.0;50.0;;237.3853995626067;;;;
2022-01-03 13:00:00;0.0;50.0;;239.5715614869404;;;;
2022-01-03 14:00:00;0.0;50.0;;237.6303544623237;;;;
2022-01-03 15:00:00;0.0;50.0;;231.6881589721062;;;;
2022-01-03 16:00:00;0.0;50.0;;222.1478529500708;;;;
2022-01-03 17:00:00;0.0;50.0;;209.6483720306787;;;;
2022-01-03 18:00:00;0.0;50.0;;195.0287368591669;;;;
2022-01-03 19:00:00;0.0;50.0;;179.2980466957156;;;;
2022-01-03 20:00:00;0.0;50.0;;163.5325652610225;;;;
2022-01-03 21:00:00;0.0;50.0;;148.8303671806933;;;;
2022-01-03 22:00:00;0.0;50.0;;136.2083579224753;;;;
2022-01-03 23:00:00;0.0;50.0;;125.1336389285548;;;;
2022-01-04 00:00:00;0.0;50.0;;117.7276184457167;;;;
2022-01-04 01:00:00;0.0;50.0;;114.3778826185648;;;;
2022-01-04 02:00:00;0.0;50.0;;116.6117393155824;;;;
2022-01-04 03:00:00;0.0;50.0;;122.8150656462096;;;;
2022-01-04 04:00:00;0.0;50.0;;132.5855391310799;;;;
2022-01-04 05:00:00;0.0;50.0;;145.2751749589086;;;;
2022-01-04 06:00:00;0.0;50.0;;160.0225810253986;;;;
2022-01-04 07:00:00;0.0;50.0;;175.8323763377228;;;;
2022-01-04 08:00:00;0.0;50.0;;191.6136101474571;;;;
2022-01-04 09:00:00;0.0;50.0;;206.2952088847291;;;;
2022-01-04 10:00:00;0.0;50.0;;218.8579649935296;;;;
2022-01-04 11:00:00;0.0;50.0;;228.4343293809193;;;;
2022-01-04 12:00:00;0.0;50.0;;234.3535731938444;;;;
2022-01-04 13:00:00;0.0;50.0;;236.193798011551;;;;
2022-01-04 14:00:00;0.0;50.0;;233.8289464345494;;;;
2022-01-04 15:00:00;0.0;50.0;;227.4133889322157;;;;
2022-01-04 16:00:00;0.0;50.0;;217.3860837325243;;;;
2022-01-04 17:00:00;0.0;50.0;;204.4346095092345;;;;
2022-01-04 18:00:00;0.0;50.0;;189.4352500456835;;;;
2022-01-04 19:00:00;0.0;50.0;;173.4059756248748;;;;
2022-01-04 20:00:00;0.0;50.0;;157.4088499633706;;;;
2022-01-04 21:00:00;0.0;50.0;;142.5177277584007;;;;
2022-01-04 22:00:00;0.0;50.0;;129.6932276388049;;;;
2022-01-04 23:00:00;0.0;50.0;;119.7846546861923;;;;
2022-01-05 00:00:00;0.0;50.0;;113.3726056219297;;;;
2022-01-05 01:00:00;0.0;50.0;;110.8275924437246;;;;
2022-01-05 02:00:00;0.0;50.0;;112.2062840633769;;;;
2022-01-05 03:00:00;0.0;50.0;;117.3390352672592;;;;
2022-01-05 04:00:00;0.0;50.0;;125.7718183489853;;;;
2022-01-05 05:00:00;0.0;50.0;;136.8275583466699;;;;
2022-01-05 06:00:00;0.0;50.0;;149.6489058934912;;;;
2022-01-05 07:00:00;0.0;50.0;;163.2773372821967;;;;
2022-01-05 08:00:00;0.0;50.0;;176.7138286066727;;;;
2022-01-05 09:00:00;0.0;50.0;;188.9834147318306;;;;
2022-01-05 10:00:00;0.0;50.0;;199.2010247346215;;;;
2022-01-05 11:00:00;0.0;50.0;;206.6214694773093;;;;
2022-01-05 12:00:00;0.0;50.0;;210.7188090321217;;;;
2022-01-05 13:00:00;0.0;50.0;;211.1913068351927;;;;
2022-01-05 14:00:00;0.0;50.0;;207.9981896115997;;;;
2022-01-05 15:00:00;0.0;50.0;;201.3443754605025;;;;
2022-01-05 16:00:00;0.0;50.0;;191.6639963603265;;;;
2022-01-05 17:00:00;0.0;50.0;;179.5848740465926;;;;
2022-01-05 18:00:00;0.0;50.0;;165.8891193159113;;;;
2022-01-05 19:00:00;0.0;50.0;;151.4594762694471;;;;
2022-01-05 20:00:00;0.0;50.0;;137.2266462595222;;;;
2022-01-05 21:00:00;0.0;50.0;;124.086139948674;;;;
2022-01-05 22:00:00;0.0;50.0;;112.8694963315739;;;;
2022-01-05 23:00:00;0.0;50.0;;105.5025243924761;;;;
2022-01-06 00:00:00;0.0;50.0;;101.2412329581976;;;;
2022-01-06 01:00:00;0.0;50.0;;100.4354741984124;;;;
2022-01-06 02:00:00;0.0;50.0;;101.9806787651618;;;;
2022-01-06 03:00:00;0.0;50.0;;107.0423374887152;;;;
2022-01-06 04:00:00;0.0;50.0;;115.2500256003499;;;;
2022-01-06 05:00:00;0.0;50.0;;126.0386018437976;;;;
2022-01-06 06:00:00;0.0;50.0;;138.6755977155379;;;;
2022-01-06 07:00:00;0.0;50.0;;152.3175149695594;;;;
2022-01-06 08:00:00;0.0;50.0;;166.0584308975593;;;;
2022-01-06 09:00:00;0.0;50.0;;178.9943636694207;;;;
2022-01-06 10:00:00;0.0;50.0;;190.2763091043602;;;;
2022-01-06 11:00:00;0.0;50.0;;199.1563743760503;;;;
2022-01-06 12:00:00;0.0;50.0;;205.0531040715077;;;;
2022-01-06 13:00:00;0.0;50.0;;207.5730300637848;;;;
2022-01-06 14:00:00;0.0;50.0;;206.5630327709525;;;;
2022-01-06 15:00:00;0.0;50.0;;202.096606850614;;;;
2022-01-06 16:00:00;0.0;50.0;;194.4832329972018;;;;
2022-01-06 17:00:00;0.0;50.0;;184.243092696552;;;;
2022-01-06 18:00:00;0.0;50.0;;172.0905048126721;;;;
2022-01-06 19:00:00;0.0;50.0;;158.8867165323604;;;;
2022-01-06 20:00:00;0.0;50.0;;145.5684875981893;;;;
2022-01-06 21:00:00;0.0;50.0;;133.0965021555764;;;;
2022-01-06 22:00:00;0.0;50.0;;122.389054069294;;;;
2022-01-06 23:00:00;0.0;50.0;;115.9124237207491;;;;
2022-01-07 00:00:00;0.0;50.0;;112.6579214324998;;;;
2022-01-07 01:00:00;0.0;50.0;;113.130309630217;;;;
2022-01-07 02:00:00;0.0;50.0;;115.947987746874;;;;
2022-01-07 03:00:00;0.0;50.0;;122.7614788762162;;;;
2022-01-07 04:00:00;0.0;50.0;;133.2399991120332;;;;
2022-01-07 05:00:00;0.0;50.0;;146.7795426872448;;;;
2022-01-07 06:00:00;0.0;50.0;;162.5602737273857;;;;
2022-01-07 07:00:00;0.0;50.0;;179.5873617970397;;;;
2022-01-07 08:00:00;0.0;50.0;;196.7739547494623;;;;
2022-01-07 09:00:00;0.0;50.0;;213.0116130420332;;;;
2022-01-07 10:00:00;0.0;50.0;;227.2276321049492;;;;
2022-01-07 11:00:00;0.0;50.0;;238.4754910657253;;;;
2022-01-07 12:00:00;0.0;50.0;;246.0159651722773;;;;
2022-01-07 13:00:00;0.0;50.0;;249.3375864364311;;;;
2022-01-07 14:00:00;0.0;50.0;;248.2294674627829;;;;
2022-01-07 15:00:00;0.0;50.0;;242.7679321143671;;;;
2022-01-07 16:00:00;0.0;50.0;;233.3677137051968;;;;
2022-01-07 17:00:00;0.0;50.0;;220.6970659739564;;;;
2022-01-07 18:00:00;0.0;50.0;;205.6648659720287;;;;
2022-01-07 19:00:00;0.0;50.0;;189.3192499487594;;;;
2022-01-07 20:00:00;0.0;50.0;;172.8274804954753;;;;
2022-01-07 21:00:00;0.0;50.0;;157.3481983398704;;;;
2022-01-07 22:00:00;0.0;50.0;;143.9942785075316;;;;
2022-01-07 23:00:00;0.0;50.0;;134.5438033210866;;;;
2022-01-08 00:00:00;0.0;50.0;;128.8996026215597;;;;
2022-01-08 01:00:00;0.0;50.0;;127.5595264513866;;;;
2022-01-08 02:00:00;0.0;50.0;;129.8888060213143;;;;
2022-01-08 03:00:00;0.0;50.0;;136.6020513372938;;;;
2022-01-08 04:00:00;0.0;50.0;;147.2433532154669;;;;
2022-01-08 05:00:00;0.0;50.0;;161.0741353310347;;;;
2022-01-08 06:00:00;0.0;50.0;;177.1399244405527;;;;
2022-01-08 07:00:00;0.0;50.0;;194.3122922155146;;;;
2022-01-08 08:00:00;0.0;50.0;;211.41449342537;;;;
2022-01-08 09:00:00;0.0;50.0;;227.2670365781099;;;;
2022-01-08 10:00:00;0.0;50.0;;240.774982711114;;;;
2022-01-08 11:00:00;0.0;50.0;;251.0072634329144;;;;
2022-01-08 12:00:00;0.0;50.0;;257.2637683461638;;;;
2022-01-08 13:00:00;0.0;50.0;;259.1184849880135;;;;
2022-01-08 14:00:00;0.0;50.0;;256.4323114084098;;;;
2022-01-08 15:00:00;0.0;50.0;;249.3872160963448;;;;
2022-01-08 16:00:00;0.0;50.0;;238.4725859700786;;;;
2022-01-08 17:00:00;0.0;50.0;;224.4226218041438;;;;
2022-01-08 18:00:00;0.0;50.0;;208.187717690744;;;;
2022-01-08 19:00:00;0.0;50.0;;190.8571493769138;;;;
2022-01-08 20:00:00;0.0;50.0;;173.6111905253889;;;;
2022-01-08 21:00:00;0.0;50.0;;157.5919540797819;;;;
2022-01-08 22:00:00;0.0;50.0;;143.8690832067959;;;;
2022-01-08 23:00:00;0.0;50.0;;132.5825895391482;;;;
2022-01-09 00:00:00;0.0;50.0;;125.2190498617176;;;;
2022-01-09 01:00:00;0.0;50.0;;122.1915883126363;;;;
2022-01-09 02:00:00;0.0;50.0;;124.3920625559994;;;;
2022-01-09 03:00:00;0.0;50.0;;130.8613271186919;;;;
2022-01-09 04:00:00;0.0;50.0;;141.1777537065215;;;;
2022-01-09 05:00:00;0.0;50.0;;154.6552174263155;;;;
2022-01-09 06:00:00;0.0;50.0;;170.4062846661922;;;;
2022-01-09 07:00:00;0.0;50.0;;187.3868806789654;;;;
2022-01-09 08:00:00;0.0;50.0;;204.4680069526522;;;;
2022-01-09 09:00:00;0.0;50.0;;220.5123456345811;;;;
2022-01-09 10:00:00;0.0;50.0;;234.451574793233;;;;
2022-01-09 11:00:00;0.0;50.0;;245.3692151889607;;;;
2022-01-09 12:00:00;0.0;50.0;;252.5338917653449;;;;
2022-01-09 13:00:00;0.0;50.0;;255.4820444246254;;;;
2022-01-09 14:00:00;0.0;50.0;;254.0095862316118;;;;
2022-01-09 15:00:00;0.0;50.0;;248.2402951691099;;;;
2022-01-09 16:00:00;0.0;50.0;;238.5549656134139;;;;
2022-01-09 17:00:00;0.0;50.0;;225.6334191180053;;;;
2022-01-09 18:00:00;0.0;50.0;;210.3624716800181;;;;
2022-01-09 19:00:00;0.0;50.0;;193.811571383556;;;;
2022-01-09 20:00:00;0.0;50.0;;177.1506024436285;;;;
2022-01-09 21:00:00;0.0;50.0;;161.5562328565235;;;;
2022-01-09 22:00:00;0.0;50.0;;148.1494921045208;;;;
2022-01-09 23:00:00;0.0;50.0;;136.0531812862943;;;;
2022-01-10 00:00:00;0.0;50.0;;127.917277042492;;;;
2022-01-10 01:00:00;0.0;50.0;;124.1838228959235;;;;
2022-01-10 02:00:00;0.0;50.0;;126.8312714538635;;;;
2022-01-10 03:00:00;0.0;50.0;;133.8008627199505;;;;
2022-01-10 04:00:00;0.0;50.0;;144.6714012583859;;;;
2022-01-10 05:00:00;0.0;50.0;;158.7532524046071;;;;
2022-01-10 06:00:00;0.0;50.0;;175.1194649491056;;;;
2022-01-10 07:00:00;0.0;50.0;;192.6781971825303;;;;
2022-01-10 08:00:00;0.0;50.0;;210.2475362449752;;;;
2022-01-10 09:00:00;0.0;50.0;;226.6454269020068;;;;
2022-01-10 10:00:00;0.0;50.0;;240.7423702827734;;;;
2022-01-10 11:00:00;0.0;50.0;;251.5570363669941;;;;
2022-01-10 12:00:00;0.0;50.0;;258.3301429862613;;;;
2022-01-10 13:00:00;0.0;50.0;;260.6062546986253;;;;
2022-01-10 14:00:00;0.0;50.0;;258.2333195252077;;;;
2022-01-10 15:00:00;0.0;50.0;;251.3856269925705;;;;
2022-01-10 16:00:00;0.0;50.0;;240.5231335230545;;;;
2022-01-10 17:00:00;0.0;50.0;;226.3795497956492;;;;
2022-01-10 18:00:00;0.0;50.0;;209.926512548944;;;;
2022-01-10 19:00:00;0.0;50.0;;192.2823208261831;;;;
2022-01-10 20:00:00;0.0;50.0;;174.6516153544555;;;;
2022-01-10 21:00:00;0.0;50.0;;158.2084575192047;;;;
2022-01-10 22:00:00;0.0;50.0;;144.0391392826943;;;;
2022-01-10 23:00:00;0.0;50.0;;131.578785378588;;;;
2022-01-11 00:00:00;0.0;50.0;;123.0259306144057;;;;
2022-01-11 01:00:00;0.0;50.0;;118.7385437786191;;;;
2022-01-11 02:00:00;0.0;50.0;;120.2385788354896;;;;
2022-01-11 03:00:00;0.0;50.0;;125.7528092323997;;;;
2022-01-11 04:00:00;0.0;50.0;;134.7890859932067;;;;
2022-01-11 05:00:00;0.0;50.0;;146.6274164571437;;;;
2022-01-11 06:00:00;0.0;50.0;;160.3457775736177;;;;
2022-01-11 07:00:00;0.0;50.0;;174.9130255650967;;;;
2022-01-11 08:00:00;0.0;50.0;;189.247665183687;;;;
2022-01-11 09:00:00;0.0;50.0;;202.2964554739191;;;;
2022-01-11 10:00:00;0.0;50.0;;213.1139554348643;;;;
2022-01-11 11:00:00;0.0;50.0;;220.9106139209623;;;;
2022-01-11 12:00:00;0.0;50.0;;225.1263297174753;;;;
2022-01-11 13:00:00;0.0;50.0;;225.4492390040091;;;;
2022-01-11 14:00:00;0.0;50.0;;221.8561133987941;;;;
2022-01-11 15:00:00;0.0;50.0;;214.5613727278612;;;;
2022-01-11 16:00:00;0.0;50.0;;204.0436001090076;;;;
2022-01-11 17:00:00;0.0;50.0;;190.9641531512383;;;;
2022-01-11 18:00:00;0.0;50.0;;176.183055065293;;;;
2022-01-11 19:00:00;0.0;50.0;;160.635971075591;;;;
2022-01-11 20:00:00;0.0;50.0;;145.3234131198367;;;;
2022-01-11 21:00:00;0.0;50.0;;131.1944268193736;;;;
2022-01-11 22:00:00;0.0;50.0;;119.1240133703299;;;;
2022-01-11 23:00:00;0.0;50.0;;109.842986632383;;;;
2022-01-12 00:00:00;0.0;50.0;;103.8738439481354;;;;
2022-01-12 01:00:00;0.0;50.0;;101.527887180751;;;;
2022-01-12 02:00:00;0.0;50.0;;102.8587286974367;;;;
2022-01-12 03:00:00;0.0;50.0;;107.713467293818;;;;
2022-01-12 04:00:00;0.0;50.0;;115.6911519620674;;;;
2022-01-12 05:00:00;0.0;50.0;;126.2053803999083;;;;
2022-01-12 06:00:00;0.0;50.0;;138.5069124996033;;;;
2022-01-12 07:00:00;0.0;50.0;;151.7403123877143;;;;
2022-01-12 08:00:00;0.0;50.0;;164.9935364437654;;;;
2022-01-12 09:00:00;0.0;50.0;;177.3624713876985;;;;
2022-01-12 10:00:00;0.0;50.0;;188.0139069366402;;;;
2022-01-12 11:00:00;0.0;50.0;;196.2338822388586;;;;
2022-01-12 12:00:00;0.0;50.0;;201.4775360080447;;;;
2022-01-12 13:00:00;0.0;50.0;;203.3791596959184;;;;
2022-01-12 14:00:00;0.0;50.0;;201.8136082610397;;;;
2022-01-12 15:00:00;0.0;50.0;;196.8847884649738;;;;
2022-01-12 16:00:00;0.0;50.0;;188.9307452342093;;;;
2022-01-12 17:00:00;0.0;50.0;;178.4785928901136;;;;
2022-01-12 18:00:00;0.0;50.0;;166.2409994154183;;;;
2022-01-12 19:00:00;0.0;50.0;;153.0513624637756;;;;
2022-01-12 20:00:00;0.0;50.0;;139.8262450895144;;;;
2022-01-12 21:00:00;0.0;50.0;;127.4849733606552;;;;
2022-01-12 22:00:00;0.0;50.0;;116.9054896656881;;;;
2022-01-12 23:00:00;0.0;50.0;;110.1379820192763;;;;
2022-01-13 00:00:00;0.0;50.0;;106.475021151642;;;;
2022-01-13 01:00:00;0.0;50.0;;106.3681897629104;;;;
2022-01-13 02:00:00;0.0;50.0;;108.7378462595775;;;;
2022-01-13 03:00:00;0.0;50.0;;114.8469226434299;;;;
2022-01-13 04:00:00;0.0;50.0;;124.3421959921441;;;;
2022-01-13 05:00:00;0.0;50.0;;136.6438911924913;;;;
2022-01-13 06:00:00;0.0;50.0;;150.9730887825829;;;;
2022-01-13 07:00:00;0.0;50.0;;166.4075827818436;;;;
2022-01-13 08:00:00;0.0;50.0;;181.9436938832741;;;;
2022-01-13 09:00:00;0.0;50.0;;196.5445542256256;;;;
2022-01-13 10:00:00;0.0;50.0;;209.2327355148931;;;;
2022-01-13 11:00:00;0.0;50.0;;219.1537816650912;;;;
2022-01-13 12:00:00;0.0;50.0;;225.6423892000214;;;;
2022-01-13 13:00:00;0.0;50.0;;228.2655246475945;;;;
2022-01-13 14:00:00;0.0;50.0;;226.8430598440046;;;;
2022-01-13 15:00:00;0.0;50.0;;221.4824120856142;;;;
2022-01-13 16:00:00;0.0;50.0;;212.5601953270265;;;;
2022-01-13 17:00:00;0.0;50.0;;200.7034806324982;;;;
2022-01-13 18:00:00;0.0;50.0;;186.7418766754138;;;;
2022-01-13 19:00:00;0.0;50.0;;171.648666705728;;;;
2022-01-13 20:00:00;0.0;50.0;;156.4719646918578;;;;
2022-01-13 21:00:00;0.0;50.0;;142.2746649059592;;;;
2022-01-13 22:00:00;0.0;50.0;;130.0426056500076;;;;
2022-01-13 23:00:00;0.0;50.0;;122.3370659169238;;;;
2022-01-14 00:00:00;0.0;50.0;;118.0648710336;;;;
2022-01-14 01:00:00;0.0;50.0;;117.6987574127711;;;;
2022-01-14 02:00:00;0.0;50.0;;119.7309076612748;;;;
2022-01-14 03:00:00;0.0;50.0;;125.8081175197423;;;;
2022-01-14 04:00:00;0.0;50.0;;135.4952547448834;;;;
2022-01-14 05:00:00;0.0;50.0;;148.1063421167029;;;;
2022-01-14 06:00:00;0.0;50.0;;162.7673456210257;;;;
2022-01-14 07:00:00;0.0;50.0;;178.4532894711948;;;;
2022-01-14 08:00:00;0.0;50.0;;194.0809173885758;;;;
2022-01-14 09:00:00;0.0;50.0;;208.5543695055149;;;;
2022-01-14 10:00:00;0.0;50.0;;220.8834484955301;;;;
2022-01-14 11:00:00;0.0;50.0;;230.2143195134357;;;;
2022-01-14 12:00:00;0.0;50.0;;235.9174399122087;;;;
2022-01-14 13:00:00;0.0;50.0;;237.6016640105434;;;;
2022-01-14 14:00:00;0.0;50.0;;235.1616114654824;;;;
2022-01-14 15:00:00;0.0;50.0;;228.7561887767745;;;;
2022-01-14 16:00:00;0.0;50.0;;218.820849399688;;;;
2022-01-14 17:00:00;0.0;50.0;;206.0130673767174;;;;
2022-01-14 18:00:00;0.0;50.0;;191.206722148487;;;;
2022-01-14 19:00:00;0.0;50.0;;175.3969828225026;;;;
2022-01-14 20:00:00;0.0;50.0;;159.6541869201075;;;;
2022-01-14 21:00:00;0.0;50.0;;145.0281043241897;;;;
2022-01-14 22:00:00;0.0;50.0;;132.505316373597;;;;
2022-01-14 23:00:00;0.0;50.0;;123.679803180047;;;;
2022-01-15 00:00:00;0.0;50.0;;118.4501943984864;;;;
2022-01-15 01:00:00;0.0;50.0;;117.251444292445;;;;
2022-01-15 02:00:00;0.0;50.0;;119.5153681528988;;;;
2022-01-15 03:00:00;0.0;50.0;;125.9080172524759;;;;
2022-01-15 04:00:00;0.0;50.0;;136.0399700527528;;;;
2022-01-15 05:00:00;0.0;50.0;;149.2688159604494;;;;
2022-01-15 06:00:00;0.0;50.0;;164.7449178934432;;;;
2022-01-15 07:00:00;0.0;50.0;;181.4815507974823;;;;
2022-01-15 08:00:00;0.0;50.0;;198.3898260111179;;;;
2022-01-15 09:00:00;0.0;50.0;;214.3784144844341;;;;
2022-01-15 10:00:00;0.0;50.0;;228.3960586305569;;;;
2022-01-15 11:00:00;0.0;50.0;;239.5317117432882;;;;
2022-01-15 12:00:00;0.0;50.0;;247.0527377537036;;;;
2022-01-15 13:00:00;0.0;50.0;;250.4722928622509;;;;
2022-01-15 14:00:00;0.0;50.0;;249.5815445401976;;;;
2022-01-15 15:00:00;0.0;50.0;;244.447618529374;;;;
2022-01-15 16:00:00;0.0;50.0;;235.4421811593572;;;;
2022-01-15 17:00:00;0.0;50.0;;223.1942539255812;;;;
2022-01-15 18:00:00;0.0;50.0;;208.575539141762;;;;
2022-01-15 19:00:00;0.0;50.0;;192.6255567340202;;;;
2022-01-15 20:00:00;0.0;50.0;;176.4933605439457;;;;
2022-01-15 21:00:00;0.0;50.0;;161.3563297459612;;;;
2022-01-15 22:00:00;0.0;50.0;;148.3309136913932;;;;
2022-01-15 23:00:00;0.0;50.0;;137.5958239713012;;;;
2022-01-16 00:00:00;0.0;50.0;;130.7810483232746;;;;
2022-01-16 01:00:00;0.0;50.0;;128.3912647138315;;;;
2022-01-16 02:00:00;0.0;50.0;;131.4539773790299;;;;
2022-01-16 03:00:00;0.0;50.0;;139.0221272111906;;;;
2022-01-16 04:00:00;0.0;50.0;;150.696698286664;;;;
2022-01-16 05:00:00;0.0;50.0;;165.7736580881348;;;;
2022-01-16 06:00:00;0.0;50.0;;183.3135729148528;;;;
2022-01-16 07:00:00;0.0;50.0;;202.1834894117338;;;;
2022-01-16 08:00:00;0.0;50.0;;221.1422059883208;;;;
2022-01-16 09:00:00;0.0;50.0;;238.9268950326502;;;;
2022-01-16 10:00:00;0.0;50.0;;254.3442296848553;;;;
2022-01-16 11:00:00;0.0;50.0;;266.3679925553538;;;;
2022-01-16 12:00:00;0.0;50.0;;274.175952907655;;;;
2022-01-16 13:00:00;0.0;50.0;;277.243243623351;;;;
2022-01-16 14:00:00;0.0;50.0;;275.3454803483136;;;;
2022-01-16 15:00:00;0.0;50.0;;268.6370516274696;;;;
2022-01-16 16:00:00;0.0;50.0;;257.5802093215518;;;;
2022-01-16 17:00:00;0.0;50.0;;242.9518257806679;;;;
2022-01-16 18:00:00;0.0;50.0;;225.7608902497329;;;;
2022-01-16 19:00:00;0.0;50.0;;207.21979563332;;;;
2022-01-16 20:00:00;0.0;50.0;;188.6084347963834;;;;
2022-01-16 21:00:00;0.0;50.0;;171.2034851226883;;;;
2022-01-16 22:00:00;0.0;50.0;;156.1907573297447;;;;
2022-01-16 23:00:00;0.0;50.0;;142.6397126379675;;;;
2022-01-17 00:00:00;0.0;50.0;;133.3085397273877;;;;
2022-01-17 01:00:00;0.0;50.0;;128.5793419628366;;;;
2022-01-17 02:00:00;0.0;50.0;;130.4709055640432;;;;
2022-01-17 03:00:00;0.0;50.0;;136.7216672589272;;;;
2022-01-17 04:00:00;0.0;50.0;;146.8306020258594;;;;
2022-01-17 05:00:00;0.0;50.0;;160.0232661313886;;;;
2022-01-17 06:00:00;0.0;50.0;;175.3159352774769;;;;
2022-01-17 07:00:00;0.0;50.0;;191.5841948733433;;;;
2022-01-17 08:00:00;0.0;50.0;;207.6469169544748;;;;
2022-01-17 09:00:00;0.0;50.0;;222.3486928350065;;;;
2022-01-17 10:00:00;0.0;50.0;;234.6294208473881;;;;
2022-01-17 11:00:00;0.0;50.0;;243.6135129754587;;;;
2022-01-17 12:00:00;0.0;50.0;;248.6405640951547;;;;
2022-01-17 13:00:00;0.0;50.0;;249.3609982157869;;;;
2022-01-17 14:00:00;0.0;50.0;;245.7114494503555;;;;
2022-01-17 15:00:00;0.0;50.0;;237.9364901301088;;;;
2022-01-17 16:00:00;0.0;50.0;;226.5385396332354;;;;
2022-01-17 17:00:00;0.0;50.0;;212.2574390271008;;;;
2022-01-17 18:00:00;0.0;50.0;;196.0311932934001;;;;
2022-01-17 19:00:00;0.0;50.0;;178.9136625980948;;;;
2022-01-17 20:00:00;0.0;50.0;;162.0032923942252;;;;
2022-01-17 21:00:00;0.0;50.0;;146.3728519584139;;;;
2022-01-17 22:00:00;0.0;50.0;;133.0001744205709;;;;
2022-01-17 23:00:00;0.0;50.0;;121.3162025671066;;;;
2022-01-18 00:00:00;0.0;50.0;;113.3369383275224;;;;
2022-01-18 01:00:00;0.0;50.0;;109.3597341432895;;;;
2022-01-18 02:00:00;0.0;50.0;;110.8108070024285;;;;
2022-01-18 03:00:00;0.0;50.0;;116.0474510552323;;;;
2022-01-18 04:00:00;0.0;50.0;;124.6394989509112;;;;
2022-01-18 05:00:00;0.0;50.0;;135.9368439475992;;;;
2022-01-18 06:00:00;0.0;50.0;;149.1283213458607;;;;
2022-01-18 07:00:00;0.0;50.0;;163.2838305965017;;;;
2022-01-18 08:00:00;0.0;50.0;;177.4272293775886;;;;
2022-01-18 09:00:00;0.0;50.0;;190.5801217106939;;;;
2022-01-18 10:00:00;0.0;50.0;;201.8512010283283;;;;
2022-01-18 11:00:00;0.0;50.0;;210.4691820319726;;;;
2022-01-18 12:00:00;0.0;50.0;;215.8467165299184;;;;
2022-01-18 13:00:00;0.0;50.0;;217.6066097376169;;;;
2022-01-18 14:00:00;0.0;50.0;;215.6325328603458;;;;
2022-01-18 15:00:00;0.0;50.0;;210.049791139439;;;;
2022-01-18 16:00:00;0.0;50.0;;201.2413602058724;;;;
2022-01-18 17:00:00;0.0;50.0;;189.785898122594;;;;
2022-01-18 18:00:00;0.0;50.0;;176.457283482826;;;;
2022-01-18 19:00:00;0.0;50.0;;162.1635894323447;;;;
2022-01-18 20:00:00;0.0;50.0;;147.866986200599;;;;
2022-01-18 21:00:00;0.0;50.0;;134.5485701822325;;;;
2022-01-18 22:00:00;0.0;50.0;;123.116587500286;;;;
2022-01-18 23:00:00;0.0;50.0;;114.3733061707858;;;;
2022-01-19 00:00:00;0.0;50.0;;108.9347461332394;;;;
2022-01-19 01:00:00;0.0;50.0;;107.1982831287814;;;;
2022-01-19 02:00:00;0.0;50.0;;109.3123787670302;;;;
2022-01-19 03:00:00;0.0;50.0;;115.165498291754;;;;
2022-01-19 04:00:00;0.0;50.0;;124.3735269173277;;;;
2022-01-19 05:00:00;0.0;50.0;;136.3415811409297;;;;
2022-01-19 06:00:00;0.0;50.0;;150.2730048386875;;;;
2022-01-19 07:00:00;0.0;50.0;;165.2309326707241;;;;
2022-01-19 08:00:00;0.0;50.0;;180.2029516208832;;;;
2022-01-19 09:00:00;0.0;50.0;;194.1700062721418;;;;
2022-01-19 10:00:00;0.0;50.0;;206.1751471525334;;;;
2022-01-19 11:00:00;0.0;50.0;;215.3989816531866;;;;
2022-01-19 12:00:00;0.0;50.0;;221.2043500341757;;;;
2022-01-19 13:00:00;0.0;50.0;;223.2053987294895;;;;
2022-01-19 14:00:00;0.0;50.0;;221.2433467214731;;;;
2022-01-19 15:00:00;0.0;50.0;;215.4472388136072;;;;
2022-01-19 16:00:00;0.0;50.0;;206.2135828149763;;;;
2022-01-19 17:00:00;0.0;50.0;;194.187851188676;;;;
2022-01-19 18:00:00;0.0;50.0;;180.199916434134;;;;
2022-01-19 19:00:00;0.0;50.0;;165.1928714597227;;;;
2022-01-19 20:00:00;0.0;50.0;;150.1839219156355;;;;
2022-01-19 21:00:00;0.0;50.0;;136.1879887352678;;;;
2022-01-19 22:00:00;0.0;50.0;;124.1420525890969;;;;
2022-01-19 23:00:00;0.0;50.0;;116.1848334219026;;;;
2022-01-20 00:00:00;0.0;50.0;;111.5383134804754;;;;
2022-01-20 01:00:00;0.0;50.0;;110.6152775552089;;;;
2022-01-20 02:00:00;0.0;50.0;;112.2192696753316;;;;
2022-01-20 03:00:00;0.0;50.0;;117.5935246386724;;;;
2022-01-20 04:00:00;0.0;50.0;;126.3118521316849;;;;
2022-01-20 05:00:00;0.0;50.0;;137.7141636197768;;;;
2022-01-20 06:00:00;0.0;50.0;;150.957290073313;;;;
2022-01-20 07:00:00;0.0;50.0;;165.0835977160451;;;;
2022-01-20 08:00:00;0.0;50.0;;179.0854728080948;;;;
2022-01-20 09:00:00;0.0;50.0;;191.967913632917;;;;
2022-01-20 10:00:00;0.0;50.0;;202.8291135154438;;;;
2022-01-20 11:00:00;0.0;50.0;;210.8969462981629;;;;
2022-01-20 12:00:00;0.0;50.0;;215.6181211337176;;;;
2022-01-20 13:00:00;0.0;50.0;;216.6671961518254;;;;
2022-01-20 14:00:00;0.0;50.0;;213.9632541518063;;;;
2022-01-20 15:00:00;0.0;50.0;;207.6933042479046;;;;
2022-01-20 16:00:00;0.0;50.0;;198.2558505213979;;;;
2022-01-20 17:00:00;0.0;50.0;;186.2893351627439;;;;
2022-01-20 18:00:00;0.0;50.0;;172.5774697034632;;;;
2022-01-20 19:00:00;0.0;50.0;;158.0272122863601;;;;
2022-01-20 20:00:00;0.0;50.0;;143.5974192125912;;;;
2022-01-20 21:00:00;0.0;50.0;;130.2292067989312;;;;
2022-01-20 22:00:00;0.0;50.0;;118.8074893791735;;;;
2022-01-20 23:00:00;0.0;50.0;;111.6161502092487;;;;
2022-01-21 00:00:00;0.0;50.0;;107.6597857098957;;;;
2022-01-21 01:00:00;0.0;50.0;;107.3435509342193;;;;
2022-01-21 02:00:00;0.0;50.0;;109.3078025468068;;;;
2022-01-21 03:00:00;0.0;50.0;;115.0518310181841;;;;
2022-01-21 04:00:00;0.0;50.0;;124.2208828766687;;;;
2022-01-21 05:00:00;0.0;50.0;;136.2188162043009;;;;
2022-01-21 06:00:00;0.0;50.0;;150.2798039292814;;;;
2022-01-21 07:00:00;0.0;50.0;;165.4819616768041;;;;
2022-01-21 08:00:00;0.0;50.0;;180.8578280996861;;;;
2022-01-21 09:00:00;0.0;50.0;;195.4136424302939;;;;
2022-01-21 10:00:00;0.0;50.0;;208.2146278387058;;;;
2022-01-21 11:00:00;0.0;50.0;;218.4210756693572;;;;
2022-01-21 12:00:00;0.0;50.0;;225.3661061580038;;;;
2022-01-21 13:00:00;0.0;50.0;;228.5947181657684;;;;
2022-01-21 14:00:00;0.0;50.0;;227.9020404084553;;;;
2022-01-21 15:00:00;0.0;50.0;;223.3612100725686;;;;
2022-01-21 16:00:00;0.0;50.0;;215.2973122196614;;;;
2022-01-21 17:00:00;0.0;50.0;;204.286901710716;;;;
2022-01-21 18:00:00;0.0;50.0;;191.0904847808411;;;;
2022-01-21 19:00:00;0.0;50.0;;176.6648157892;;;;
2022-01-21 20:00:00;0.0;50.0;;162.0495965419424;;;;
2022-01-21 21:00:00;0.0;50.0;;148.3299587440998;;;;
2022-01-21 22:00:00;0.0;50.0;;136.5351010190623;;;;
2022-01-21 23:00:00;0.0;50.0;;128.3517552532573;;;;
2022-01-22 00:00:00;0.0;50.0;;123.7499705860346;;;;
2022-01-22 01:00:00;0.0;50.0;;123.2701449194924;;;;
2022-01-22 02:00:00;0.0;50.0;;126.4119159051457;;;;
2022-01-22 03:00:00;0.0;50.0;;133.9097161957524;;;;
2022-01-22 04:00:00;0.0;50.0;;145.3918738913719;;;;
2022-01-22 05:00:00;0.0;50.0;;160.2049135304709;;;;
2022-01-22 06:00:00;0.0;50.0;;177.4643758396113;;;;
2022-01-22 07:00:00;0.0;50.0;;196.0818384599745;;;;
2022-01-22 08:00:00;0.0;50.0;;214.870993839727;;;;
2022-01-22 09:00:00;0.0;50.0;;232.5873468713628;;;;
2022-01-22 10:00:00;0.0;50.0;;248.0693585140396;;;;
2022-01-22 11:00:00;0.0;50.0;;260.281057476404;;;;
2022-01-22 12:00:00;0.0;50.0;;268.4253417839533;;;;
2022-01-22 13:00:00;0.0;50.0;;271.9461131827044;;;;
2022-01-22 14:00:00;0.0;50.0;;270.6282539677135;;;;
2022-01-22 15:00:00;0.0;50.0;;264.548804638618;;;;
2022-01-22 16:00:00;0.0;50.0;;254.168560967524;;;;
2022-01-22 17:00:00;0.0;50.0;;240.2193574345769;;;;
2022-01-22 18:00:00;0.0;50.0;;223.7015734743765;;;;
2022-01-22 19:00:00;0.0;50.0;;205.7717879159459;;;;
2022-01-22 20:00:00;0.0;50.0;;187.6851625969225;;;;
2022-01-22 21:00:00;0.0;50.0;;170.7294757344978;;;;
2022-01-22 22:00:00;0.0;50.0;;156.1047551608772;;;;
2022-01-22 23:00:00;0.0;50.0;;143.9660544958908;;;;
2022-01-23 00:00:00;0.0;50.0;;135.9893993291512;;;;
2022-01-23 01:00:00;0.0;50.0;;132.6262255942273;;;;
2022-01-23 02:00:00;0.0;50.0;;134.8919402046999;;;;
2022-01-23 03:00:00;0.0;50.0;;141.6946264018677;;;;
2022-01-23 04:00:00;0.0;50.0;;152.5365682061901;;;;
2022-01-23 05:00:00;0.0;50.0;;166.644191999846;;;;
2022-01-23 06:00:00;0.0;50.0;;183.0045255166901;;;;
2022-01-23 07:00:00;0.0;50.0;;200.4627312260061;;;;
2022-01-23 08:00:00;0.0;50.0;;217.7819017020373;;;;
2022-01-23 09:00:00;0.0;50.0;;233.7508963093481;;;;
2022-01-23 10:00:00;0.0;50.0;;247.2506660613747;;;;
2022-01-23 11:00:00;0.0;50.0;;257.3290019554085;;;;
2022-01-23 12:00:00;0.0;50.0;;263.2770134154495;;;;
2022-01-23 13:00:00;0.0;50.0;;264.6873148259745;;;;
2022-01-23 14:00:00;0.0;50.0;;261.4605750776773;;;;
2022-01-23 15:00:00;0.0;50.0;;253.7932278342981;;;;
2022-01-23 16:00:00;0.0;50.0;;242.199867564338;;;;
2022-01-23 17:00:00;0.0;50.0;;227.4682823598047;;;;
2022-01-23 18:00:00;0.0;50.0;;210.5833186492673;;;;
2022-01-23 19:00:00;0.0;50.0;;192.6519714172977;;;;
2022-01-23 20:00:00;0.0;50.0;;174.8477108316241;;;;
2022-01-23 21:00:00;0.0;50.0;;158.3489347160962;;;;
2022-01-23 22:00:00;0.0;50.0;;144.2179044575366;;;;
2022-01-23 23:00:00;0.0;50.0;;131.5436374433;;;;
2022-01-24 00:00:00;0.0;50.0;;122.8521561981881;;;;
2022-01-24 01:00:00;0.0;50.0;;118.4892157328962;;;;
2022-01-24 02:00:00;0.0;50.0;;120.3186268944399;;;;
2022-01-24 03:00:00;0.0;50.0;;126.2522222504031;;;;
2022-01-24 04:00:00;0.0;50.0;;135.8546376208546;;;;
2022-01-24 05:00:00;0.0;50.0;;148.4382593786316;;;;
2022-01-24 06:00:00;0.0;50.0;;163.1362325186595;;;;
2022-01-24 07:00:00;0.0;50.0;;178.9321345660413;;;;
2022-01-24 08:00:00;0.0;50.0;;194.7546915337524;;;;
2022-01-24 09:00:00;0.0;50.0;;209.5241800512432;;;;
2022-01-24 10:00:00;0.0;50.0;;222.2308158300881;;;;
2022-01-24 11:00:00;0.0;50.0;;232.0166687173926;;;;
2022-01-24 12:00:00;0.0;50.0;;238.2173544296385;;;;
2022-01-24 13:00:00;0.0;50.0;;240.4164145511887;;;;
2022-01-24 14:00:00;0.0;50.0;;238.4680381812913;;;;
2022-01-24 15:00:00;0.0;50.0;;232.4997411670119;;;;
2022-01-24 16:00:00;0.0;50.0;;222.9253622701178;;;;
2022-01-24 17:00:00;0.0;50.0;;210.3739739000473;;;;
2022-01-24 18:00:00;0.0;50.0;;195.6997632305869;;;;
2022-01-24 19:00:00;0.0;50.0;;179.9079470942662;;;;
2022-01-24 20:00:00;0.0;50.0;;164.0926094358715;;;;
2022-01-24 21:00:00;0.0;50.0;;149.3437286452867;;;;
2022-01-24 22:00:00;0.0;50.0;;136.6810110191971;;;;
2022-01-24 23:00:00;0.0;50.0;;125.5279976522176;;;;
2022-01-25 00:00:00;0.0;50.0;;118.0590602179847;;;;
2022-01-25 01:00:00;0.0;50.0;;114.6540750001013;;;;
2022-01-25 02:00:00;0.0;50.0;;116.8900784757982;;;;
2022-01-25 03:00:00;0.0;50.0;;123.1035626934081;;;;
2022-01-25 04:00:00;0.0;50.0;;132.8988457483042;;;;
2022-01-25 05:00:00;0.0;50.0;;145.6183726004464;;;;
2022-01-25 06:00:00;0.0;50.0;;160.4076896798416;;;;
2022-01-25 07:00:00;0.0;50.0;;176.2544632352831;;;;
2022-01-25 08:00:00;0.0;50.0;;192.076917565178;;;;
2022-01-25 09:00:00;0.0;50.0;;206.7832308398534;;;;
2022-01-25 10:00:00;0.0;50.0;;219.368749488677;;;;
2022-01-25 11:00:00;0.0;50.0;;228.9572972374391;;;;
2022-01-25 12:00:00;0.0;50.0;;234.8882024248119;;;;
2022-01-25 13:00:00;0.0;50.0;;236.7396409644913;;;;
2022-01-25 14:00:00;0.0;50.0;;234.3863892113979;;;;
2022-01-25 15:00:00;0.0;50.0;;227.9766422774742;;;;
2022-01-25 16:00:00;0.0;50.0;;217.9486600318915;;;;
2022-01-25 17:00:00;0.0;50.0;;204.9778437618282;;;;
2022-01-25 18:00:00;0.0;50.0;;189.9487186464357;;;;
2022-01-25 19:00:00;0.0;50.0;;173.8705246003229;;;;
2022-01-25 20:00:00;0.0;50.0;;157.8253686213816;;;;
2022-01-25 21:00:00;0.0;50.0;;142.8794333041513;;;;
2022-01-25 22:00:00;0.0;50.0;;130.0174243688235;;;;
2022-01-25 23:00:00;0.0;50.0;;120.0408416054644;;;;
2022-01-26 00:00:00;0.0;50.0;;113.5782407229653;;;;
2022-01-26 01:00:00;0.0;50.0;;110.9862833606387;;;;
2022-01-26 02:00:00;0.0;50.0;;112.3638995524481;;;;
2022-01-26 03:00:00;0.0;50.0;;117.5010033651896;;;;
2022-01-26 04:00:00;0.0;50.0;;125.9405864687036;;;;
2022-01-26 05:00:00;0.0;50.0;;137.0073063563192;;;;
2022-01-26 06:00:00;0.0;50.0;;149.846785779642;;;;
2022-01-26 07:00:00;0.0;50.0;;163.4993735896962;;;;
2022-01-26 08:00:00;0.0;50.0;;176.9546303408982;;;;
2022-01-26 09:00:00;0.0;50.0;;189.2286741309155;;;;
2022-01-26 10:00:00;0.0;50.0;;199.4364197276971;;;;
2022-01-26 11:00:00;0.0;50.0;;206.8462368513928;;;;
2022-01-26 12:00:00;0.0;50.0;;210.935967360869;;;;
2022-01-26 13:00:00;0.0;50.0;;211.3996731323438;;;;
2022-01-26 14:00:00;0.0;50.0;;208.201938409108;;;;
2022-01-26 15:00:00;0.0;50.0;;201.5424577679779;;;;
2022-01-26 16:00:00;0.0;50.0;;191.8481992465359;;;;
2022-01-26 17:00:00;0.0;50.0;;179.7499500214244;;;;
2022-01-26 18:00:00;0.0;50.0;;166.0321039131304;;;;
2022-01-26 19:00:00;0.0;50.0;;151.5956193463085;;;;
2022-01-26 20:00:00;0.0;50.0;;137.3485380038543;;;;
2022-01-26 21:00:00;0.0;50.0;;124.2003484803218;;;;
2022-01-26 22:00:00;0.0;50.0;;112.9713619399907;;;;
2022-01-26 23:00:00;0.0;50.0;;105.5608560208487;;;;
2022-01-27 00:00:00;0.0;50.0;;101.2516830224854;;;;
2022-01-27 01:00:00;0.0;50.0;;100.4053599802614;;;;
2022-01-27 02:00:00;0.0;50.0;;101.9513951388945;;;;
2022-01-27 03:00:00;0.0;50.0;;107.0128181781004;;;;
2022-01-27 04:00:00;0.0;50.0;;115.2170809325291;;;;
2022-01-27 05:00:00;0.0;50.0;;125.9973758026673;;;;
2022-01-27 06:00:00;0.0;50.0;;138.6322143031554;;;;
2022-01-27 07:00:00;0.0;50.0;;152.2715841907263;;;;
2022-01-27 08:00:00;0.0;50.0;;166.0125173741359;;;;
2022-01-27 09:00:00;0.0;50.0;;178.9374693069939;;;;
2022-01-27 10:00:00;0.0;50.0;;190.2137358783907;;;;
2022-01-27 11:00:00;0.0;50.0;;199.0869975547826;;;;
2022-01-27 12:00:00;0.0;50.0;;204.988204638341;;;;
2022-01-27 13:00:00;0.0;50.0;;207.507498629485;;;;
2022-01-27 14:00:00;0.0;50.0;;206.5010979523964;;;;
2022-01-27 15:00:00;0.0;50.0;;202.0243737178485;;;;
2022-01-27 16:00:00;0.0;50.0;;194.4034955149455;;;;
2022-01-27 17:00:00;0.0;50.0;;184.1652723886149;;;;
2022-01-27 18:00:00;0.0;50.0;;172.0263752241596;;;;
2022-01-27 19:00:00;0.0;50.0;;158.8322001057562;;;;
2022-01-27 20:00:00;0.0;50.0;;145.5162994051313;;;;
2022-01-27 21:00:00;0.0;50.0;;133.0487468409361;;;;
2022-01-27 22:00:00;0.0;50.0;;122.3439372355207;;;;
2022-01-27 23:00:00;0.0;50.0;;115.8242862335272;;;;
2022-01-28 00:00:00;0.0;50.0;;112.5209562859957;;;;
2022-01-28 01:00:00;0.0;50.0;;112.9479999474621;;;;
2022-01-28 02:00:00;0.0;50.0;;115.7537144469623;;;;
2022-01-28 03:00:00;0.0;50.0;;122.5572052893617;;;;
2022-01-28 04:00:00;0.0;50.0;;133.0100110904696;;;;
2022-01-28 05:00:00;0.0;50.0;;146.5162861727572;;;;
2022-01-28 06:00:00;0.0;50.0;;162.2592047695578;;;;
2022-01-28 07:00:00;0.0;50.0;;179.2567029686953;;;;
2022-01-28 08:00:00;0.0;50.0;;196.4240550283411;;;;
2022-01-28 09:00:00;0.0;50.0;;212.6378888112466;;;;
2022-01-28 10:00:00;0.0;50.0;;226.8350009653089;;;;
2022-01-28 11:00:00;0.0;50.0;;238.0640918922798;;;;
2022-01-28 12:00:00;0.0;50.0;;245.5784673178239;;;;
2022-01-28 13:00:00;0.0;50.0;;248.8717306885221;;;;
2022-01-28 14:00:00;0.0;50.0;;247.7479957313816;;;;
2022-01-28 15:00:00;0.0;50.0;;242.2995070326297;;;;
2022-01-28 16:00:00;0.0;50.0;;232.9237588009223;;;;
2022-01-28 17:00:00;0.0;50.0;;220.2792828361845;;;;
2022-01-28 18:00:00;0.0;50.0;;205.2600790665293;;;;
2022-01-28 19:00:00;0.0;50.0;;188.9299266419675;;;;
2022-01-28 20:00:00;0.0;50.0;;172.4583859337459;;;;
2022-01-28 21:00:00;0.0;50.0;;157.0182967148084;;;;
2022-01-28 22:00:00;0.0;50.0;;143.7032998556987;;;;
2022-01-28 23:00:00;0.0;50.0;;134.2323339270032;;;;
2022-01-29 00:00:00;0.0;50.0;;128.5532759096669;;;;
2022-01-29 01:00:00;0.0;50.0;;127.1681645532568;;;;
2022-01-29 02:00:00;0.0;50.0;;129.4954605798756;;;;
2022-01-29 03:00:00;0.0;50.0;;136.1982782439721;;;;
2022-01-29 04:00:00;0.0;50.0;;146.8195443192015;;;;
2022-01-29 05:00:00;0.0;50.0;;160.6221831089831;;;;
2022-01-29 06:00:00;0.0;50.0;;176.6554030932601;;;;
2022-01-29 07:00:00;0.0;50.0;;193.8045035326688;;;;
2022-01-29 08:00:00;0.0;50.0;;210.8733251817574;;;;
2022-01-29 09:00:00;0.0;50.0;;226.6850508896862;;;;
2022-01-29 10:00:00;0.0;50.0;;240.1509354000814;;;;
2022-01-29 11:00:00;0.0;50.0;;250.3643699030756;;;;
2022-01-29 12:00:00;0.0;50.0;;256.6146168678814;;;;
2022-01-29 13:00:00;0.0;50.0;;258.4631814838417;;;;
2022-01-29 14:00:00;0.0;50.0;;255.7729638067689;;;;
2022-01-29 15:00:00;0.0;50.0;;248.7428054532961;;;;
2022-01-29 16:00:00;0.0;50.0;;237.8661540643704;;;;
2022-01-29 17:00:00;0.0;50.0;;223.870497016336;;;;
2022-01-29 18:00:00;0.0;50.0;;207.6915480954993;;;;
2022-01-29 19:00:00;0.0;50.0;;190.4123556971825;;;;
2022-01-29 20:00:00;0.0;50.0;;173.2020422785495;;;;
2022-01-29 21:00:00;0.0;50.0;;157.2131254476081;;;;
2022-01-29 22:00:00;0.0;50.0;;143.5163878607702;;;;
2022-01-29 23:00:00;0.0;50.0;;132.2072099618564;;;;
2022-01-30 00:00:00;0.0;50.0;;124.8089839219941;;;;
2022-01-30 01:00:00;0.0;50.0;;121.734924264485;;;;
2022-01-30 02:00:00;0.0;50.0;;123.9221447629618;;;;
2022-01-30 03:00:00;0.0;50.0;;130.3719718992413;;;;
2022-01-30 04:00:00;0.0;50.0;;140.6475155007901;;;;
2022-01-30 05:00:00;0.0;50.0;;154.0774605024922;;;;
2022-01-30 06:00:00;0.0;50.0;;169.7648231914991;;;;
2022-01-30 07:00:00;0.0;50.0;;186.6764290414895;;;;
2022-01-30 08:00:00;0.0;50.0;;203.6901234997248;;;;
2022-01-30 09:00:00;0.0;50.0;;219.6810328209534;;;;
2022-01-30 10:00:00;0.0;50.0;;233.5781684590755;;;;
2022-01-30 11:00:00;0.0;50.0;;244.4619080145245;;;;
2022-01-30 12:00:00;0.0;50.0;;251.6023064368438;;;;
2022-01-30 13:00:00;0.0;50.0;;254.5340318990586;;;;
2022-01-30 14:00:00;0.0;50.0;;253.0653199238332;;;;
2022-01-30 15:00:00;0.0;50.0;;247.3034332753138;;;;
2022-01-30 16:00:00;0.0;50.0;;237.6505293984843;;;;
2022-01-30 17:00:00;0.0;50.0;;224.7685165042393;;;;
2022-01-30 18:00:00;0.0;50.0;;209.5500809605419;;;;
2022-01-30 19:00:00;0.0;50.0;;193.0674907257011;;;;
2022-01-30 20:00:00;0.0;50.0;;176.4697074687919;;;;
2022-01-30 21:00:00;0.0;50.0;;160.9452775709308;;;;
2022-01-30 22:00:00;0.0;50.0;;147.591797566393;;;;
2022-01-30 23:00:00;0.0;50.0;;135.4941146700955;;;;
2022-01-31 00:00:00;0.0;50.0;;127.3358664104282;;;;
2022-01-31 01:00:00;0.0;50.0;;123.5543542546761;;;;
2022-01-31 02:00:00;0.0;50.0;;126.1827844687912;;;;
2022-01-31 03:00:00;0.0;50.0;;133.1111303759089;;;;
2022-01-31 04:00:00;0.0;50.0;;143.9299936066089;;;;
2022-01-31 05:00:00;0.0;50.0;;157.9381674296579;;;;
2022-01-31 06:00:00;0.0;50.0;;174.2279443250373;;;;
2022-01-31 07:00:00;0.0;50.0;;191.7037701778258;;;;
2022-01-31 08:00:00;0.0;50.0;;209.2004742717504;;;;
2022-01-31 09:00:00;0.0;50.0;;225.5145609023929;;;;
2022-01-31 10:00:00;0.0;50.0;;239.5310542059621;;;;
2022-01-31 11:00:00;0.0;50.0;;250.2750270861625;;;;
2022-01-31 12:00:00;0.0;50.0;;257.0193102234265;;;;
2022-01-31 13:00:00;0.0;50.0;;259.2973859014497;;;;
2022-01-31 14:00:00;0.0;50.0;;256.9508197735983;;;;
2022-01-31 15:00:00;0.0;50.0;;250.1292301465486;;;;
2022-01-31 16:00:00;0.0;50.0;;239.3043207018998;;;;
2022-01-31 17:00:00;0.0;50.0;;225.2162062765086;;;;
2022-01-31 18:00:00;0.0;50.0;;208.8325805784143;;;;
2022-01-31 19:00:00;0.0;50.0;;191.2686922066489;;;;
2022-01-31 20:00:00;0.0;50.0;;173.7201130593021;;;;
2022-01-31 21:00:00;0.0;50.0;;157.3590329181498;;;;
2022-01-31 22:00:00;0.0;50.0;;143.2645772800521;;;;
2022-01-31 23:00:00;0.0;50.0;;130.8230880782261;;;;
2022-02-01 00:00:00;0.0;50.0;;122.2744976449333;;;;
2022-02-01 01:00:00;0.0;50.0;;117.964690489722;;;;
2022-02-01 02:00:00;0.0;50.0;;119.4589451302607;;;;
2022-02-01 03:00:00;0.0;50.0;;124.9405237777407;;;;
2022-02-01 04:00:00;0.0;50.0;;133.9222587460599;;;;
2022-02-01 05:00:00;0.0;50.0;;145.6868496077858;;;;
2022-02-01 06:00:00;0.0;50.0;;159.3221804071857;;;;
2022-02-01 07:00:00;0.0;50.0;;173.7982226548857;;;;
2022-02-01 08:00:00;0.0;50.0;;188.0354104240004;;;;
2022-02-01 09:00:00;0.0;50.0;;200.9930869795731;;;;
2022-02-01 10:00:00;0.0;50.0;;211.7360362099915;;;;
2022-02-01 11:00:00;0.0;50.0;;219.4942594314716;;;;
2022-02-01 12:00:00;0.0;50.0;;223.7068606723961;;;;
2022-02-01 13:00:00;0.0;50.0;;224.0542329275787;;;;
2022-02-01 14:00:00;0.0;50.0;;220.4847677038534;;;;
2022-02-01 15:00:00;0.0;50.0;;213.2169842128741;;;;
2022-02-01 16:00:00;0.0;50.0;;202.7337320819026;;;;
2022-02-01 17:00:00;0.0;50.0;;189.718434702678;;;;
2022-02-01 18:00:00;0.0;50.0;;175.0259144866311;;;;
2022-02-01 19:00:00;0.0;50.0;;159.583232713419;;;;
2022-02-01 20:00:00;0.0;50.0;;144.370813464835;;;;
2022-02-01 21:00:00;0.0;50.0;;130.3361942544962;;;;
2022-02-01 22:00:00;0.0;50.0;;118.3453016686425;;;;
2022-02-01 23:00:00;0.0;50.0;;109.0852915947827;;;;
2022-02-02 00:00:00;0.0;50.0;;103.1099179106174;;;;
2022-02-02 01:00:00;0.0;50.0;;100.7321731061002;;;;
2022-02-02 02:00:00;0.0;50.0;;102.0474938303356;;;;
2022-02-02 03:00:00;0.0;50.0;;106.856222664398;;;;
2022-02-02 04:00:00;0.0;50.0;;114.7671502843102;;;;
2022-02-02 05:00:00;0.0;50.0;;125.1900929181895;;;;
2022-02-02 06:00:00;0.0;50.0;;137.3834852097236;;;;
2022-02-02 07:00:00;0.0;50.0;;150.4964952323294;;;;
2022-02-02 08:00:00;0.0;50.0;;163.6359403409916;;;;
2022-02-02 09:00:00;0.0;50.0;;175.9062191009721;;;;
2022-02-02 10:00:00;0.0;50.0;;186.4751881613169;;;;
2022-02-02 11:00:00;0.0;50.0;;194.6267071906758;;;;
2022-02-02 12:00:00;0.0;50.0;;199.8235521033882;;;;
2022-02-02 13:00:00;0.0;50.0;;201.7039639085782;;;;
2022-02-02 14:00:00;0.0;50.0;;200.1502082733096;;;;
2022-02-02 15:00:00;0.0;50.0;;195.2555141371092;;;;
2022-02-02 16:00:00;0.0;50.0;;187.3599711844165;;;;
2022-02-02 17:00:00;0.0;50.0;;176.9893018666638;;;;
2022-02-02 18:00:00;0.0;50.0;;164.8479879442457;;;;
2022-02-02 19:00:00;0.0;50.0;;151.7719020648884;;;;
2022-02-02 20:00:00;0.0;50.0;;138.6617649190256;;;;
2022-02-02 21:00:00;0.0;50.0;;126.42868073976;;;;
2022-02-02 22:00:00;0.0;50.0;;115.9322749755823;;;;
2022-02-02 23:00:00;0.0;50.0;;109.1787436261278;;;;
2022-02-03 00:00:00;0.0;50.0;;105.5071059339462;;;;
2022-02-03 01:00:00;0.0;50.0;;105.3623830152829;;;;
2022-02-03 02:00:00;0.0;50.0;;107.7043369061297;;;;
2022-02-03 03:00:00;0.0;50.0;;113.7518127066057;;;;
2022-02-03 04:00:00;0.0;50.0;;123.1580799820072;;;;
2022-02-03 05:00:00;0.0;50.0;;135.3456649316506;;;;
2022-02-03 06:00:00;0.0;50.0;;149.5482170600535;;;;
2022-02-03 07:00:00;0.0;50.0;;164.8425776999886;;;;
2022-02-03 08:00:00;0.0;50.0;;180.230054513912;;;;
2022-02-03 09:00:00;0.0;50.0;;194.6813545579724;;;;
2022-02-03 10:00:00;0.0;50.0;;207.250109500038;;;;
2022-02-03 11:00:00;0.0;50.0;;217.0799291635927;;;;
2022-02-03 12:00:00;0.0;50.0;;223.5198971336528;;;;
2022-02-03 13:00:00;0.0;50.0;;226.1228088749075;;;;
2022-02-03 14:00:00;0.0;50.0;;224.7211528328907;;;;
2022-02-03 15:00:00;0.0;50.0;;219.4117341755243;;;;
2022-02-03 16:00:00;0.0;50.0;;210.5750400947531;;;;
2022-02-03 17:00:00;0.0;50.0;;198.8378522282009;;;;
2022-02-03 18:00:00;0.0;50.0;;185.0201672484074;;;;
2022-02-03 19:00:00;0.0;50.0;;170.0795658571271;;;;
2022-02-03 20:00:00;0.0;50.0;;155.0516160757034;;;;
2022-02-03 21:00:00;0.0;50.0;;140.9815144966076;;;;
2022-02-03 22:00:00;0.0;50.0;;128.8561612011063;;;;
2022-02-03 23:00:00;0.0;50.0;;121.170967552122;;;;
2022-02-04 00:00:00;0.0;50.0;;116.8944894271812;;;;
2022-02-04 01:00:00;0.0;50.0;;116.4891241955481;;;;
2022-02-04 02:00:00;0.0;50.0;;118.4990589469556;;;;
2022-02-04 03:00:00;0.0;50.0;;124.5090146641371;;;;
2022-02-04 04:00:00;0.0;50.0;;134.0959660473716;;;;
2022-02-04 05:00:00;0.0;50.0;;146.576314920944;;;;
2022-02-04 06:00:00;0.0;50.0;;161.0796065553521;;;;
2022-02-04 07:00:00;0.0;50.0;;176.5886328153348;;;;
2022-02-04 08:00:00;0.0;50.0;;192.0352450142572;;;;
2022-02-04 09:00:00;0.0;50.0;;206.3496913600157;;;;
2022-02-04 10:00:00;0.0;50.0;;218.5468748586448;;;;
2022-02-04 11:00:00;0.0;50.0;;227.7922416856005;;;;
2022-02-04 12:00:00;0.0;50.0;;233.4502089464777;;;;
2022-02-04 13:00:00;0.0;50.0;;235.1284719696361;;;;
2022-02-04 14:00:00;0.0;50.0;;232.7065548517208;;;;
2022-02-04 15:00:00;0.0;50.0;;226.3480797709326;;;;
2022-02-04 16:00:00;0.0;50.0;;216.4909046551623;;;;
2022-02-04 17:00:00;0.0;50.0;;203.8037094261074;;;;
2022-02-04 18:00:00;0.0;50.0;;189.1542895237427;;;;
2022-02-04 19:00:00;0.0;50.0;;173.5173862916059;;;;
2022-02-04 20:00:00;0.0;50.0;;157.9487272017995;;;;
2022-02-04 21:00:00;0.0;50.0;;143.481622805417;;;;
2022-02-04 22:00:00;0.0;50.0;;131.1017234254417;;;;
2022-02-04 23:00:00;0.0;50.0;;122.3298171906551;;;;
2022-02-05 00:00:00;0.0;50.0;;117.1141309795242;;;;
2022-02-05 01:00:00;0.0;50.0;;115.8852611324218;;;;
2022-02-05 02:00:00;0.0;50.0;;118.1322956375516;;;;
2022-02-05 03:00:00;0.0;50.0;;124.4549045326437;;;;
2022-02-05 04:00:00;0.0;50.0;;134.4701887788057;;;;
2022-02-05 05:00:00;0.0;50.0;;147.5427055903274;;;;
2022-02-05 06:00:00;0.0;50.0;;162.8483210844061;;;;
2022-02-05 07:00:00;0.0;50.0;;179.3938347152175;;;;
2022-02-05 08:00:00;0.0;50.0;;196.1109067672266;;;;
2022-02-05 09:00:00;0.0;50.0;;211.9061573532886;;;;
2022-02-05 10:00:00;0.0;50.0;;225.7509865689368;;;;
2022-02-05 11:00:00;0.0;50.0;;236.7452086006737;;;;
2022-02-05 12:00:00;0.0;50.0;;244.1778597588419;;;;
2022-02-05 13:00:00;0.0;50.0;;247.5557489242144;;;;
2022-02-05 14:00:00;0.0;50.0;;246.6699881299197;;;;
2022-02-05 15:00:00;0.0;50.0;;241.5912395423285;;;;
2022-02-05 16:00:00;0.0;50.0;;232.6969569308781;;;;
2022-02-05 17:00:00;0.0;50.0;;220.6026954390896;;;;
2022-02-05 18:00:00;0.0;50.0;;206.1566792871168;;;;
2022-02-05 19:00:00;0.0;50.0;;190.3818080077908;;;;
2022-02-05 20:00:00;0.0;50.0;;174.4196700421754;;;;
2022-02-05 21:00:00;0.0;50.0;;159.4375595435588;;;;
2022-02-05 22:00:00;0.0;50.0;;146.5619312017648;;;;
2022-02-05 23:00:00;0.0;50.0;;135.9056507823512;;;;
2022-02-06 00:00:00;0.0;50.0;;129.1281643699717;;;;
2022-02-06 01:00:00;0.0;50.0;;126.7146932452537;;;;
2022-02-06 02:00:00;0.0;50.0;;129.7386709613553;;;;
2022-02-06 03:00:00;0.0;50.0;;137.2034222209963;;;;
2022-02-06 04:00:00;0.0;50.0;;148.7152798274078;;;;
2022-02-06 05:00:00;0.0;50.0;;163.5813429537874;;;;
2022-02-06 06:00:00;0.0;50.0;;180.8790115374336;;;;
2022-02-06 07:00:00;0.0;50.0;;199.4977161119576;;;;
2022-02-06 08:00:00;0.0;50.0;;218.2176848343697;;;;
2022-02-06 09:00:00;0.0;50.0;;235.7877800133812;;;;
2022-02-06 10:00:00;0.0;50.0;;251.0294496402869;;;;
2022-02-06 11:00:00;0.0;50.0;;262.908606682751;;;;
2022-02-06 12:00:00;0.0;50.0;;270.6350544715868;;;;
2022-02-06 13:00:00;0.0;50.0;;273.662112541856;;;;
2022-02-06 14:00:00;0.0;50.0;;271.7992273502448;;;;
2022-02-06 15:00:00;0.0;50.0;;265.1659884698354;;;;
2022-02-06 16:00:00;0.0;50.0;;254.248216843797;;;;
2022-02-06 17:00:00;0.0;50.0;;239.8030302618129;;;;
2022-02-06 18:00:00;0.0;50.0;;222.8419286654087;;;;
2022-02-06 19:00:00;0.0;50.0;;204.5358410042154;;;;
2022-02-06 20:00:00;0.0;50.0;;186.1583159942514;;;;
2022-02-06 21:00:00;0.0;50.0;;168.9765912752399;;;;
2022-02-06 22:00:00;0.0;50.0;;154.167259553053;;;;
2022-02-06 23:00:00;0.0;50.0;;140.7509579539632;;;;
2022-02-07 00:00:00;0.0;50.0;;131.4930847477786;;;;
2022-02-07 01:00:00;0.0;50.0;;126.7808081496375;;;;
2022-02-07 02:00:00;0.0;50.0;;128.6475286442393;;;;
2022-02-07 03:00:00;0.0;50.0;;134.8151474885994;;;;
2022-02-07 04:00:00;0.0;50.0;;144.7886588587804;;;;
2022-02-07 05:00:00;0.0;50.0;;157.8017128136883;;;;
2022-02-07 06:00:00;0.0;50.0;;172.891151063512;;;;
2022-02-07 07:00:00;0.0;50.0;;188.9393770049645;;;;
2022-02-07 08:00:00;0.0;50.0;;204.7874914306157;;;;
2022-02-07 09:00:00;0.0;50.0;;219.2842772394798;;;;
2022-02-07 10:00:00;0.0;50.0;;231.3932793509691;;;;
2022-02-07 11:00:00;0.0;50.0;;240.2425002926151;;;;
2022-02-07 12:00:00;0.0;50.0;;245.187728894426;;;;
2022-02-07 13:00:00;0.0;50.0;;245.8910742355658;;;;
2022-02-07 14:00:00;0.0;50.0;;242.2888811325654;;;;
2022-02-07 15:00:00;0.0;50.0;;234.6192868035357;;;;
2022-02-07 16:00:00;0.0;50.0;;223.367276841117;;;;
2022-02-07 17:00:00;0.0;50.0;;209.2797281475754;;;;
2022-02-07 18:00:00;0.0;50.0;;193.2864205307169;;;;
2022-02-07 19:00:00;0.0;50.0;;176.422143095989;;;;
2022-02-07 20:00:00;0.0;50.0;;159.7539256584993;;;;
2022-02-07 21:00:00;0.0;50.0;;144.3383069221048;;;;
2022-02-07 22:00:00;0.0;50.0;;131.1430842783184;;;;
2022-02-07 23:00:00;0.0;50.0;;119.5764402913357;;;;
2022-02-08 00:00:00;0.0;50.0;;111.6711340007931;;;;
2022-02-08 01:00:00;0.0;50.0;;107.7186760049996;;;;
2022-02-08 02:00:00;0.0;50.0;;109.1566663579602;;;;
2022-02-08 03:00:00;0.0;50.0;;114.3093599382341;;;;
2022-02-08 04:00:00;0.0;50.0;;122.7613746705002;;;;
2022-02-08 05:00:00;0.0;50.0;;133.8769664943354;;;;
2022-02-08 06:00:00;0.0;50.0;;146.8640503962268;;;;
2022-02-08 07:00:00;0.0;50.0;;160.803940097997;;;;
2022-02-08 08:00:00;0.0;50.0;;174.7356957533273;;;;
2022-02-08 09:00:00;0.0;50.0;;187.696864159024;;;;
2022-02-08 10:00:00;0.0;50.0;;198.8000372411246;;;;
2022-02-08 11:00:00;0.0;50.0;;207.2858169869677;;;;
2022-02-08 12:00:00;0.0;50.0;;212.5775566526856;;;;
2022-02-08 13:00:00;0.0;50.0;;214.3182572672824;;;;
2022-02-08 14:00:00;0.0;50.0;;212.3759133405911;;;;
2022-02-08 15:00:00;0.0;50.0;;206.8822136165285;;;;
2022-02-08 16:00:00;0.0;50.0;;198.2002267782782;;;;
2022-02-08 17:00:00;0.0;50.0;;186.9184434739207;;;;
2022-02-08 18:00:00;0.0;50.0;;173.7828899290911;;;;
2022-02-08 19:00:00;0.0;50.0;;159.6888024745946;;;;
2022-02-08 20:00:00;0.0;50.0;;145.5965363775933;;;;
2022-02-08 21:00:00;0.0;50.0;;132.4797102452191;;;;
2022-02-08 22:00:00;0.0;50.0;;121.2315753892038;;;;
2022-02-08 23:00:00;0.0;50.0;;112.5912545622211;;;;
2022-02-09 00:00:00;0.0;50.0;;107.2062085407709;;;;
2022-02-09 01:00:00;0.0;50.0;;105.4669672999555;;;;
2022-02-09 02:00:00;0.0;50.0;;107.5550380069494;;;;
2022-02-09 03:00:00;0.0;50.0;;113.3154443884399;;;;
2022-02-09 04:00:00;0.0;50.0;;122.3816621531344;;;;
2022-02-09 05:00:00;0.0;50.0;;134.1637650493455;;;;
2022-02-09 06:00:00;0.0;50.0;;147.8721546943344;;;;
2022-02-09 07:00:00;0.0;50.0;;162.5886667745543;;;;
2022-02-09 08:00:00;0.0;50.0;;177.3195805610216;;;;
2022-02-09 09:00:00;0.0;50.0;;191.0706182748281;;;;
2022-02-09 10:00:00;0.0;50.0;;202.8940611370304;;;;
2022-02-09 11:00:00;0.0;50.0;;211.9772128129713;;;;
2022-02-09 12:00:00;0.0;50.0;;217.699552917094;;;;
2022-02-09 13:00:00;0.0;50.0;;219.6666645829778;;;;
2022-02-09 14:00:00;0.0;50.0;;217.7476928722487;;;;
2022-02-09 15:00:00;0.0;50.0;;212.0583935943926;;;;
2022-02-09 16:00:00;0.0;50.0;;202.9935270458006;;;;
2022-02-09 17:00:00;0.0;50.0;;191.1714034206993;;;;
2022-02-09 18:00:00;0.0;50.0;;177.4071690593092;;;;
2022-02-09 19:00:00;0.0;50.0;;162.6372111629521;;;;
2022-02-09 20:00:00;0.0;50.0;;147.8620630887219;;;;
2022-02-09 21:00:00;0.0;50.0;;134.0780965563028;;;;
2022-02-09 22:00:00;0.0;50.0;;122.2162978284874;;;;
2022-02-09 23:00:00;0.0;50.0;;114.3353448621261;;;;
2022-02-10 00:00:00;0.0;50.0;;109.7215377228277;;;;
2022-02-10 01:00:00;0.0;50.0;;108.7710419045388;;;;
2022-02-10 02:00:00;0.0;50.0;;110.351602143584;;;;
2022-02-10 03:00:00;0.0;50.0;;115.6376483012317;;;;
2022-02-10 04:00:00;0.0;50.0;;124.2104590622321;;;;
2022-02-10 05:00:00;0.0;50.0;;135.4185685844996;;;;
2022-02-10 06:00:00;0.0;50.0;;148.4450973703227;;;;
2022-02-10 07:00:00;0.0;50.0;;162.3471081336386;;;;
2022-02-10 08:00:00;0.0;50.0;;176.1209579829364;;;;
2022-02-10 09:00:00;0.0;50.0;;188.7943642213058;;;;
2022-02-10 10:00:00;0.0;50.0;;199.4720501629602;;;;
2022-02-10 11:00:00;0.0;50.0;;207.4187632392625;;;;
2022-02-10 12:00:00;0.0;50.0;;212.0730389560674;;;;
2022-02-10 13:00:00;0.0;50.0;;213.1135884329976;;;;
2022-02-10 14:00:00;0.0;50.0;;210.4535755322695;;;;
2022-02-10 15:00:00;0.0;50.0;;204.2801309802572;;;;
2022-02-10 16:00:00;0.0;50.0;;194.9975615046231;;;;
2022-02-10 17:00:00;0.0;50.0;;183.2252695047295;;;;
2022-02-10 18:00:00;0.0;50.0;;169.737438211843;;;;
2022-02-10 19:00:00;0.0;50.0;;155.4224840343719;;;;
2022-02-10 20:00:00;0.0;50.0;;141.2291136879437;;;;
2022-02-10 21:00:00;0.0;50.0;;128.0874319411214;;;;
2022-02-10 22:00:00;0.0;50.0;;116.8555294099071;;;;
2022-02-10 23:00:00;0.0;50.0;;109.7472328823137;;;;
2022-02-11 00:00:00;0.0;50.0;;105.8137341682111;;;;
2022-02-11 01:00:00;0.0;50.0;;105.4672961961434;;;;
2022-02-11 02:00:00;0.0;50.0;;107.3992624144343;;;;
2022-02-11 03:00:00;0.0;50.0;;113.0478991700979;;;;
2022-02-11 04:00:00;0.0;50.0;;122.0547460640512;;;;
2022-02-11 05:00:00;0.0;50.0;;133.8375684012112;;;;
2022-02-11 06:00:00;0.0;50.0;;147.6387650212699;;;;
2022-02-11 07:00:00;0.0;50.0;;162.5656047853727;;;;
2022-02-11 08:00:00;0.0;50.0;;177.664939188542;;;;
2022-02-11 09:00:00;0.0;50.0;;191.9567592104777;;;;
2022-02-11 10:00:00;0.0;50.0;;204.5173928543349;;;;
2022-02-11 11:00:00;0.0;50.0;;214.52865594269;;;;
2022-02-11 12:00:00;0.0;50.0;;221.3369100083889;;;;
2022-02-11 13:00:00;0.0;50.0;;224.5006557470513;;;;
2022-02-11 14:00:00;0.0;50.0;;223.820056473469;;;;
2022-02-11 15:00:00;0.0;50.0;;219.355416558706;;;;
2022-02-11 16:00:00;0.0;50.0;;211.4275804279727;;;;
2022-02-11 17:00:00;0.0;50.0;;200.5995969687343;;;;
2022-02-11 18:00:00;0.0;50.0;;187.6383385333188;;;;
2022-02-11 19:00:00;0.0;50.0;;173.4679638045531;;;;
2022-02-11 20:00:00;0.0;50.0;;159.1144485536269;;;;
2022-02-11 21:00:00;0.0;50.0;;145.6419446635445;;;;
2022-02-11 22:00:00;0.0;50.0;;134.0655625407609;;;;
2022-02-11 23:00:00;0.0;50.0;;125.9884596071726;;;;
2022-02-12 00:00:00;0.0;50.0;;121.4290183551801;;;;
2022-02-12 01:00:00;0.0;50.0;;120.911950612404;;;;
2022-02-12 02:00:00;0.0;50.0;;123.9919281953771;;;;
2022-02-12 03:00:00;0.0;50.0;;131.3431812536853;;;;
2022-02-12 04:00:00;0.0;50.0;;142.6058238866775;;;;
2022-02-12 05:00:00;0.0;50.0;;157.1437504835141;;;;
2022-02-12 06:00:00;0.0;50.0;;174.0809793921163;;;;
2022-02-12 07:00:00;0.0;50.0;;192.3457285281875;;;;
2022-02-12 08:00:00;0.0;50.0;;210.7562484959999;;;;
2022-02-12 09:00:00;0.0;50.0;;228.1143923156494;;;;
2022-02-12 10:00:00;0.0;50.0;;243.2934109106674;;;;
2022-02-12 11:00:00;0.0;50.0;;255.2785879485097;;;;
2022-02-12 12:00:00;0.0;50.0;;263.2697608638786;;;;
2022-02-12 13:00:00;0.0;50.0;;266.7134667387435;;;;
2022-02-12 14:00:00;0.0;50.0;;265.4065863761302;;;;
2022-02-12 15:00:00;0.0;50.0;;259.4510447696732;;;;
2022-02-12 16:00:00;0.0;50.0;;249.281632617932;;;;
2022-02-12 17:00:00;0.0;50.0;;235.611151942829;;;;
2022-02-12 18:00:00;0.0;50.0;;219.4079342466706;;;;
2022-02-12 19:00:00;0.0;50.0;;201.8131186279563;;;;
2022-02-12 20:00:00;0.0;50.0;;184.0804515336716;;;;
2022-02-12 21:00:00;0.0;50.0;;167.4479590806348;;;;
2022-02-12 22:00:00;0.0;50.0;;153.1062083044756;;;;
2022-02-12 23:00:00;0.0;50.0;;141.1463884496324;;;;
2022-02-13 00:00:00;0.0;50.0;;133.2681196162783;;;;
2022-02-13 01:00:00;0.0;50.0;;129.9208716340476;;;;
2022-02-13 02:00:00;0.0;50.0;;132.1428944204054;;;;
2022-02-13 03:00:00;0.0;50.0;;138.8131612918012;;;;
2022-02-13 04:00:00;0.0;50.0;;149.4371640115255;;;;
2022-02-13 05:00:00;0.0;50.0;;163.2499589281371;;;;
2022-02-13 06:00:00;0.0;50.0;;179.2692821015997;;;;
2022-02-13 07:00:00;0.0;50.0;;196.3587171247894;;;;
2022-02-13 08:00:00;0.0;50.0;;213.3205031243528;;;;
2022-02-13 09:00:00;0.0;50.0;;228.9562366205122;;;;
2022-02-13 10:00:00;0.0;50.0;;242.1796599159536;;;;
2022-02-13 11:00:00;0.0;50.0;;252.0507686516142;;;;
2022-02-13 12:00:00;0.0;50.0;;257.8796587573197;;;;
2022-02-13 13:00:00;0.0;50.0;;259.2601665551275;;;;
2022-02-13 14:00:00;0.0;50.0;;256.0949678132286;;;;
2022-02-13 15:00:00;0.0;50.0;;248.5920989805;;;;
2022-02-13 16:00:00;0.0;50.0;;237.2501506454602;;;;
2022-02-13 17:00:00;0.0;50.0;;222.8234564541776;;;;
2022-02-13 18:00:00;0.0;50.0;;206.28253717761;;;;
2022-02-13 19:00:00;0.0;50.0;;188.7120617457121;;;;
2022-02-13 20:00:00;0.0;50.0;;171.2743722321152;;;;
2022-02-13 21:00:00;0.0;50.0;;155.1033158758908;;;;
2022-02-13 22:00:00;0.0;50.0;;141.2580684140388;;;;
2022-02-13 23:00:00;0.0;50.0;;128.8006673410829;;;;
2022-02-14 00:00:00;0.0;50.0;;120.2489043056174;;;;
2022-02-14 01:00:00;0.0;50.0;;115.9286162213739;;;;
2022-02-14 02:00:00;0.0;50.0;;117.7133982282321;;;;
2022-02-14 03:00:00;0.0;50.0;;123.5159012159139;;;;
2022-02-14 04:00:00;0.0;50.0;;132.9078144933291;;;;
2022-02-14 05:00:00;0.0;50.0;;145.2179077548458;;;;
2022-02-14 06:00:00;0.0;50.0;;159.5898365500071;;;;
2022-02-14 07:00:00;0.0;50.0;;175.0341573513024;;;;
2022-02-14 08:00:00;0.0;50.0;;190.4949246819585;;;;
2022-02-14 09:00:00;0.0;50.0;;204.926637635993;;;;
2022-02-14 10:00:00;0.0;50.0;;217.3420916852488;;;;
2022-02-14 11:00:00;0.0;50.0;;226.9029605902687;;;;
2022-02-14 12:00:00;0.0;50.0;;232.9596597996446;;;;
2022-02-14 13:00:00;0.0;50.0;;235.1086828778741;;;;
2022-02-14 14:00:00;0.0;50.0;;233.1914232525336;;;;
2022-02-14 15:00:00;0.0;50.0;;227.3460490398819;;;;
2022-02-14 16:00:00;0.0;50.0;;217.9649486702616;;;;
2022-02-14 17:00:00;0.0;50.0;;205.6964057085083;;;;
2022-02-14 18:00:00;0.0;50.0;;191.3596278411957;;;;
2022-02-14 19:00:00;0.0;50.0;;175.933382890515;;;;
2022-02-14 20:00:00;0.0;50.0;;160.4734567571822;;;;
2022-02-14 21:00:00;0.0;50.0;;146.0454226811802;;;;
2022-02-14 22:00:00;0.0;50.0;;133.6573582467597;;;;
2022-02-14 23:00:00;0.0;50.0;;122.7108355841488;;;;
2022-02-15 00:00:00;0.0;50.0;;115.371502210054;;;;
2022-02-15 01:00:00;0.0;50.0;;112.0086715503988;;;;
2022-02-15 02:00:00;0.0;50.0;;114.1956882179285;;;;
2022-02-15 03:00:00;0.0;50.0;;120.2658077849715;;;;
2022-02-15 04:00:00;0.0;50.0;;129.8352754537277;;;;
2022-02-15 05:00:00;0.0;50.0;;142.2667606719494;;;;
2022-02-15 06:00:00;0.0;50.0;;156.7240046726221;;;;
2022-02-15 07:00:00;0.0;50.0;;172.21559653032;;;;
2022-02-15 08:00:00;0.0;50.0;;187.6802585410772;;;;
2022-02-15 09:00:00;0.0;50.0;;202.0532640484155;;;;
2022-02-15 10:00:00;0.0;50.0;;214.3540292290427;;;;
2022-02-15 11:00:00;0.0;50.0;;223.7316915781707;;;;
2022-02-15 12:00:00;0.0;50.0;;229.5249150316436;;;;
2022-02-15 13:00:00;0.0;50.0;;231.3306198594523;;;;
2022-02-15 14:00:00;0.0;50.0;;229.0225929260519;;;;
2022-02-15 15:00:00;0.0;50.0;;222.76249321038;;;;
2022-02-15 16:00:00;0.0;50.0;;212.9654902862232;;;;
2022-02-15 17:00:00;0.0;50.0;;200.2887464862334;;;;
2022-02-15 18:00:00;0.0;50.0;;185.5956964622247;;;;
2022-02-15 19:00:00;0.0;50.0;;169.8818272673625;;;;
2022-02-15 20:00:00;0.0;50.0;;154.2056536968949;;;;
2022-02-15 21:00:00;0.0;50.0;;139.6129646640797;;;;
2022-02-15 22:00:00;0.0;50.0;;127.0521093094579;;;;
2022-02-15 23:00:00;0.0;50.0;;117.2666236829266;;;;
2022-02-16 00:00:00;0.0;50.0;;110.913676812215;;;;
2022-02-16 01:00:00;0.0;50.0;;108.3409792239952;;;;
2022-02-16 02:00:00;0.0;50.0;;109.6932597828451;;;;
2022-02-16 03:00:00;0.0;50.0;;114.7133872838885;;;;
2022-02-16 04:00:00;0.0;50.0;;122.9556849635064;;;;
2022-02-16 05:00:00;0.0;50.0;;133.7626585139107;;;;
2022-02-16 06:00:00;0.0;50.0;;146.2967141926093;;;;
2022-02-16 07:00:00;0.0;50.0;;159.6268340645237;;;;
2022-02-16 08:00:00;0.0;50.0;;172.7612404980596;;;;
2022-02-16 09:00:00;0.0;50.0;;184.7440562818209;;;;
2022-02-16 10:00:00;0.0;50.0;;194.7149315862289;;;;
2022-02-16 11:00:00;0.0;50.0;;201.9593630128303;;;;
2022-02-16 12:00:00;0.0;50.0;;205.9651783034635;;;;
2022-02-16 13:00:00;0.0;50.0;;206.4297960028485;;;;
2022-02-16 14:00:00;0.0;50.0;;203.3138260884526;;;;
2022-02-16 15:00:00;0.0;50.0;;196.8205663804738;;;;
2022-02-16 16:00:00;0.0;50.0;;187.3632776706607;;;;
2022-02-16 17:00:00;0.0;50.0;;175.5648249191798;;;;
2022-02-16 18:00:00;0.0;50.0;;162.1814049879515;;;;
2022-02-16 19:00:00;0.0;50.0;;148.0950002161467;;;;
2022-02-16 20:00:00;0.0;50.0;;134.1918482208198;;;;
2022-02-16 21:00:00;0.0;50.0;;121.3568224957025;;;;
2022-02-16 22:00:00;0.0;50.0;;110.3899628044511;;;;
2022-02-16 23:00:00;0.0;50.0;;103.112278312076;;;;
2022-02-17 00:00:00;0.0;50.0;;98.8702504307608;;;;
2022-02-17 01:00:00;0.0;50.0;;98.01151638708959;;;;
2022-02-17 02:00:00;0.0;50.0;;99.52163359528214;;;;
2022-02-17 03:00:00;0.0;50.0;;104.461796433889;;;;
2022-02-17 04:00:00;0.0;50.0;;112.4725830777765;;;;
2022-02-17 05:00:00;0.0;50.0;;123.001304040296;;;;
2022-02-17 06:00:00;0.0;50.0;;135.3357128312736;;;;
2022-02-17 07:00:00;0.0;50.0;;148.6498886391141;;;;
2022-02-17 08:00:00;0.0;50.0;;162.0605335270524;;;;
2022-02-17 09:00:00;0.0;50.0;;174.675588670127;;;;
2022-02-17 10:00:00;0.0;50.0;;185.6715405737787;;;;
2022-02-17 11:00:00;0.0;50.0;;194.3294725170773;;;;
2022-02-17 12:00:00;0.0;50.0;;200.0823579564307;;;;
2022-02-17 13:00:00;0.0;50.0;;202.5522702788024;;;;
2022-02-17 14:00:00;0.0;50.0;;201.5681420662088;;;;
2022-02-17 15:00:00;0.0;50.0;;197.2102972120279;;;;
2022-02-17 16:00:00;0.0;50.0;;189.7787042334314;;;;
2022-02-17 17:00:00;0.0;50.0;;179.7966564793071;;;;
2022-02-17 18:00:00;0.0;50.0;;167.9529733352316;;;;
2022-02-17 19:00:00;0.0;50.0;;155.0774204983136;;;;
2022-02-17 20:00:00;0.0;50.0;;142.0832000136195;;;;
2022-02-17 21:00:00;0.0;50.0;;129.90844857716;;;;
2022-02-17 22:00:00;0.0;50.0;;119.4557908402121;;;;
2022-02-17 23:00:00;0.0;50.0;;113.0459396835868;;;;
2022-02-18 00:00:00;0.0;50.0;;109.7872126710555;;;;
2022-02-18 01:00:00;0.0;50.0;;110.1631369316015;;;;
2022-02-18 02:00:00;0.0;50.0;;112.9068968028427;;;;
2022-02-18 03:00:00;0.0;50.0;;119.5424881527745;;;;
2022-02-18 04:00:00;0.0;50.0;;129.7425916497293;;;;
2022-02-18 05:00:00;0.0;50.0;;142.9191517476345;;;;
2022-02-18 06:00:00;0.0;50.0;;158.2727212094978;;;;
2022-02-18 07:00:00;0.0;50.0;;174.8453464665878;;;;
2022-02-18 08:00:00;0.0;50.0;;191.5737415880282;;;;
2022-02-18 09:00:00;0.0;50.0;;207.3781546715036;;;;
2022-02-18 10:00:00;0.0;50.0;;221.2033847726821;;;;
2022-02-18 11:00:00;0.0;50.0;;232.1537541526073;;;;
2022-02-18 12:00:00;0.0;50.0;;239.4839534542074;;;;
2022-02-18 13:00:00;0.0;50.0;;242.7267293597446;;;;
2022-02-18 14:00:00;0.0;50.0;;241.6448176115259;;;;
2022-02-18 15:00:00;0.0;50.0;;236.3399635081366;;;;
2022-02-18 16:00:00;0.0;50.0;;227.1827112399812;;;;
2022-02-18 17:00:00;0.0;50.0;;214.8460406376929;;;;
2022-02-18 18:00:00;0.0;50.0;;200.1939309993785;;;;
2022-02-18 19:00:00;0.0;50.0;;184.2718837830936;;;;
2022-02-18 20:00:00;0.0;50.0;;168.2010610704194;;;;
2022-02-18 21:00:00;0.0;50.0;;153.1343146949425;;;;
2022-02-18 22:00:00;0.0;50.0;;140.1465444002462;;;;
2022-02-18 23:00:00;0.0;50.0;;130.8700721559463;;;;
2022-02-19 00:00:00;0.0;50.0;;125.3013187986854;;;;
2022-02-19 01:00:00;0.0;50.0;;123.9107629974851;;;;
2022-02-19 02:00:00;0.0;50.0;;126.1805532008021;;;;
2022-02-19 03:00:00;0.0;50.0;;132.7015860327433;;;;
2022-02-19 04:00:00;0.0;50.0;;143.03890602245;;;;
2022-02-19 05:00:00;0.0;50.0;;156.4800959671231;;;;
2022-02-19 06:00:00;0.0;50.0;;172.0929237397297;;;;
2022-02-19 07:00:00;0.0;50.0;;188.789365011856;;;;
2022-02-19 08:00:00;0.0;50.0;;205.4092176283395;;;;
2022-02-19 09:00:00;0.0;50.0;;220.8159094151632;;;;
2022-02-19 10:00:00;0.0;50.0;;233.9522063291606;;;;
2022-02-19 11:00:00;0.0;50.0;;243.9143774198588;;;;
2022-02-19 12:00:00;0.0;50.0;;250.0071400747136;;;;
2022-02-19 13:00:00;0.0;50.0;;251.8123191809854;;;;
2022-02-19 14:00:00;0.0;50.0;;249.2001792334967;;;;
2022-02-19 15:00:00;0.0;50.0;;242.3574229526408;;;;
2022-02-19 16:00:00;0.0;50.0;;231.7530842005897;;;;
2022-02-19 17:00:00;0.0;50.0;;218.1062490590205;;;;
2022-02-19 18:00:00;0.0;50.0;;202.3389876090627;;;;
2022-02-19 19:00:00;0.0;50.0;;185.5030091353778;;;;
2022-02-19 20:00:00;0.0;50.0;;168.7380531411534;;;;
2022-02-19 21:00:00;0.0;50.0;;153.1614848861875;;;;
2022-02-19 22:00:00;0.0;50.0;;139.8177943451365;;;;
2022-02-19 23:00:00;0.0;50.0;;128.757801165071;;;;
2022-02-20 00:00:00;0.0;50.0;;121.5157630942569;;;;
2022-02-20 01:00:00;0.0;50.0;;118.4845731126481;;;;
2022-02-20 02:00:00;0.0;50.0;;120.6202015863809;;;;
2022-02-20 03:00:00;0.0;50.0;;126.8954585973339;;;;
2022-02-20 04:00:00;0.0;50.0;;136.9019352956922;;;;
2022-02-20 05:00:00;0.0;50.0;;149.9692439678211;;;;
2022-02-20 06:00:00;0.0;50.0;;165.2397972746688;;;;
2022-02-20 07:00:00;0.0;50.0;;181.6965576864199;;;;
2022-02-20 08:00:00;0.0;50.0;;198.2573130995324;;;;
2022-02-20 09:00:00;0.0;50.0;;213.8104214044406;;;;
2022-02-20 10:00:00;0.0;50.0;;227.3419249823028;;;;
2022-02-20 11:00:00;0.0;50.0;;237.9376959769775;;;;
2022-02-20 12:00:00;0.0;50.0;;244.90577267502;;;;
2022-02-20 13:00:00;0.0;50.0;;247.7669544576515;;;;
2022-02-20 14:00:00;0.0;50.0;;246.3520365916852;;;;
2022-02-20 15:00:00;0.0;50.0;;240.7505463648817;;;;
2022-02-20 16:00:00;0.0;50.0;;231.3532024977018;;;;
2022-02-20 17:00:00;0.0;50.0;;218.8066134951397;;;;
2022-02-20 18:00:00;0.0;50.0;;203.9980855689628;;;;
2022-02-20 19:00:00;0.0;50.0;;187.9567518494374;;;;
2022-02-20 20:00:00;0.0;50.0;;171.8039023767635;;;;
2022-02-20 21:00:00;0.0;50.0;;156.6822297692659;;;;
2022-02-20 22:00:00;0.0;50.0;;143.6759074265312;;;;
2022-02-20 23:00:00;0.0;50.0;;131.8532354477063;;;;
2022-02-21 00:00:00;0.0;50.0;;123.872723616123;;;;
2022-02-21 01:00:00;0.0;50.0;;120.1511231637245;;;;
2022-02-21 02:00:00;0.0;50.0;;122.7053567504928;;;;
2022-02-21 03:00:00;0.0;50.0;;129.4392998642579;;;;
2022-02-21 04:00:00;0.0;50.0;;139.9554398133107;;;;
2022-02-21 05:00:00;0.0;50.0;;153.5847664184092;;;;
2022-02-21 06:00:00;0.0;50.0;;169.4333206230297;;;;
2022-02-21 07:00:00;0.0;50.0;;186.4402824430418;;;;
2022-02-21 08:00:00;0.0;50.0;;203.4504660350823;;;;
2022-02-21 09:00:00;0.0;50.0;;219.3082248679818;;;;
2022-02-21 10:00:00;0.0;50.0;;232.9339348496318;;;;
2022-02-21 11:00:00;0.0;50.0;;243.3872877721979;;;;
2022-02-21 12:00:00;0.0;50.0;;249.9555911647494;;;;
2022-02-21 13:00:00;0.0;50.0;;252.1783633304353;;;;
2022-02-21 14:00:00;0.0;50.0;;249.9035081877853;;;;
2022-02-21 15:00:00;0.0;50.0;;243.27710217272;;;;
2022-02-21 16:00:00;0.0;50.0;;232.7592929392519;;;;
2022-02-21 17:00:00;0.0;50.0;;219.0722926189129;;;;
2022-02-21 18:00:00;0.0;50.0;;203.1515044394885;;;;
2022-02-21 19:00:00;0.0;50.0;;186.0735043770544;;;;
2022-02-21 20:00:00;0.0;50.0;;168.9977469518713;;;;
2022-02-21 21:00:00;0.0;50.0;;153.0736939395154;;;;
2022-02-21 22:00:00;0.0;50.0;;139.3596723656597;;;;
2022-02-21 23:00:00;0.0;50.0;;127.2177012310312;;;;
2022-02-22 00:00:00;0.0;50.0;;118.8628083442753;;;;
2022-02-22 01:00:00;0.0;50.0;;114.6265941320627;;;;
2022-02-22 02:00:00;0.0;50.0;;116.0751982156667;;;;
2022-02-22 03:00:00;0.0;50.0;;121.3992783876682;;;;
2022-02-22 04:00:00;0.0;50.0;;130.1341118317748;;;;
2022-02-22 05:00:00;0.0;50.0;;141.5697187312333;;;;
2022-02-22 06:00:00;0.0;50.0;;154.8249623069911;;;;
2022-02-22 07:00:00;0.0;50.0;;168.893233773073;;;;
2022-02-22 08:00:00;0.0;50.0;;182.7372804134822;;;;
2022-02-22 09:00:00;0.0;50.0;;195.3412864370496;;;;
2022-02-22 10:00:00;0.0;50.0;;205.7963626087131;;;;
2022-02-22 11:00:00;0.0;50.0;;213.334601674659;;;;
2022-02-22 12:00:00;0.0;50.0;;217.4108113459997;;;;
2022-02-22 13:00:00;0.0;50.0;;217.7291274667665;;;;
2022-02-22 14:00:00;0.0;50.0;;214.2623310683592;;;;
2022-02-22 15:00:00;0.0;50.0;;207.22785364353;;;;
2022-02-22 16:00:00;0.0;50.0;;197.0660250653539;;;;
2022-02-22 17:00:00;0.0;50.0;;184.4322886674587;;;;
2022-02-22 18:00:00;0.0;50.0;;170.1440512484383;;;;
2022-02-22 19:00:00;0.0;50.0;;155.1256604935367;;;;
2022-02-22 20:00:00;0.0;50.0;;140.3321779300211;;;;
2022-02-22 21:00:00;0.0;50.0;;126.6865151909294;;;;
2022-02-22 22:00:00;0.0;50.0;;115.0328045395567;;;;
2022-02-22 23:00:00;0.0;50.0;;106.0030406243442;;;;
2022-02-23 00:00:00;0.0;50.0;;100.17478907268;;;;
2022-02-23 01:00:00;0.0;50.0;;97.83595257694223;;;;
2022-02-23 02:00:00;0.0;50.0;;99.11577086092808;;;;
2022-02-23 03:00:00;0.0;50.0;;103.7874413641869;;;;
2022-02-23 04:00:00;0.0;50.0;;111.4702291601065;;;;
2022-02-23 05:00:00;0.0;50.0;;121.594982628966;;;;
2022-02-23 06:00:00;0.0;50.0;;133.4393437041749;;;;
2022-02-23 07:00:00;0.0;50.0;;146.1807702905315;;;;
2022-02-23 08:00:00;0.0;50.0;;158.9370002292159;;;;
2022-02-23 09:00:00;0.0;50.0;;170.8478612408655;;;;
2022-02-23 10:00:00;0.0;50.0;;181.102733585504;;;;
2022-02-23 11:00:00;0.0;50.0;;189.0134147156164;;;;
2022-02-23 12:00:00;0.0;50.0;;194.0442067682728;;;;
2022-02-23 13:00:00;0.0;50.0;;195.8599819154917;;;;
2022-02-23 14:00:00;0.0;50.0;;194.3458597982264;;;;
2022-02-23 15:00:00;0.0;50.0;;189.5914572446821;;;;
2022-02-23 16:00:00;0.0;50.0;;181.9165915932346;;;;
2022-02-23 17:00:00;0.0;50.0;;171.8386123672887;;;;
2022-02-23 18:00:00;0.0;50.0;;160.04569749098;;;;
2022-02-23 19:00:00;0.0;50.0;;147.3446957676582;;;;
2022-02-23 20:00:00;0.0;50.0;;134.6086701575487;;;;
2022-02-23 21:00:00;0.0;50.0;;122.7257640755736;;;;
2022-02-23 22:00:00;0.0;50.0;;112.5396600707825;;;;
2022-02-23 23:00:00;0.0;50.0;;105.9508473579979;;;;
2022-02-24 00:00:00;0.0;50.0;;102.3575424424588;;;;
2022-02-24 01:00:00;0.0;50.0;;102.179454754482;;;;
2022-02-24 02:00:00;0.0;50.0;;104.453628801234;;;;
2022-02-24 03:00:00;0.0;50.0;;110.3170024025603;;;;
2022-02-24 04:00:00;0.0;50.0;;119.4373667924716;;;;
2022-02-24 05:00:00;0.0;50.0;;131.258471994983;;;;
2022-02-24 06:00:00;0.0;50.0;;145.0359853561775;;;;
2022-02-24 07:00:00;0.0;50.0;;159.8817837982583;;;;
2022-02-24 08:00:00;0.0;50.0;;174.8243059114974;;;;
2022-02-24 09:00:00;0.0;50.0;;188.8692287440188;;;;
2022-02-24 10:00:00;0.0;50.0;;201.0760997394663;;;;
2022-02-24 11:00:00;0.0;50.0;;210.6173508884307;;;;
2022-02-24 12:00:00;0.0;50.0;;216.8492696500743;;;;
2022-02-24 13:00:00;0.0;50.0;;219.3696558484392;;;;
2022-02-24 14:00:00;0.0;50.0;;218.010822380303;;;;
2022-02-24 15:00:00;0.0;50.0;;212.8691752004692;;;;
2022-02-24 16:00:00;0.0;50.0;;204.2998483071807;;;;
2022-02-24 17:00:00;0.0;50.0;;192.897150312036;;;;
2022-02-24 18:00:00;0.0;50.0;;179.467075707212;;;;
2022-02-24 19:00:00;0.0;50.0;;164.9472811623857;;;;
2022-02-24 20:00:00;0.0;50.0;;150.3620275785347;;;;
2022-02-24 21:00:00;0.0;50.0;;136.7205319299982;;;;
2022-02-24 22:00:00;0.0;50.0;;124.9706492486601;;;;
2022-02-24 23:00:00;0.0;50.0;;117.4815754743114;;;;
2022-02-25 00:00:00;0.0;50.0;;113.2948238292236;;;;
2022-02-25 01:00:00;0.0;50.0;;112.8593616906247;;;;
2022-02-25 02:00:00;0.0;50.0;;114.8040921461473;;;;
2022-02-25 03:00:00;0.0;50.0;;120.6292343632168;;;;
2022-02-25 04:00:00;0.0;50.0;;129.9116229323842;;;;
2022-02-25 05:00:00;0.0;50.0;;142.0012198233642;;;;
2022-02-25 06:00:00;0.0;50.0;;156.0472688234526;;;;
2022-02-25 07:00:00;0.0;50.0;;171.0791386814111;;;;
2022-02-25 08:00:00;0.0;50.0;;186.0447781414921;;;;
2022-02-25 09:00:00;0.0;50.0;;199.9143984755405;;;;
2022-02-25 10:00:00;0.0;50.0;;211.7244206357636;;;;
2022-02-25 11:00:00;0.0;50.0;;220.6609194667382;;;;
2022-02-25 12:00:00;0.0;50.0;;226.1153660296621;;;;
2022-02-25 13:00:00;0.0;50.0;;227.7106152340026;;;;
2022-02-25 14:00:00;0.0;50.0;;225.3498056344822;;;;
2022-02-25 15:00:00;0.0;50.0;;219.1884114318723;;;;
2022-02-25 16:00:00;0.0;50.0;;209.6466182906735;;;;
2022-02-25 17:00:00;0.0;50.0;;197.3678373296917;;;;
2022-02-25 18:00:00;0.0;50.0;;183.1821503501885;;;;
2022-02-25 19:00:00;0.0;50.0;;168.0463383784289;;;;
2022-02-25 20:00:00;0.0;50.0;;152.9712949815001;;;;
2022-02-25 21:00:00;0.0;50.0;;138.9645781516953;;;;
2022-02-25 22:00:00;0.0;50.0;;126.9720416733215;;;;
2022-02-25 23:00:00;0.0;50.0;;118.436800402529;;;;
2022-02-26 00:00:00;0.0;50.0;;113.3464358198162;;;;
2022-02-26 01:00:00;0.0;50.0;;112.1213074700954;;;;
2022-02-26 02:00:00;0.0;50.0;;114.2975512422393;;;;
2022-02-26 03:00:00;0.0;50.0;;120.4212213227409;;;;
2022-02-26 04:00:00;0.0;50.0;;130.1163992450093;;;;
2022-02-26 05:00:00;0.0;50.0;;142.7721813150798;;;;
2022-02-26 06:00:00;0.0;50.0;;157.5800771202507;;;;
2022-02-26 07:00:00;0.0;50.0;;173.593391888489;;;;
2022-02-26 08:00:00;0.0;50.0;;189.7661163492168;;;;
2022-02-26 09:00:00;0.0;50.0;;205.0457043021523;;;;
2022-02-26 10:00:00;0.0;50.0;;218.4269189903582;;;;
2022-02-26 11:00:00;0.0;50.0;;229.0534563518285;;;;
2022-02-26 12:00:00;0.0;50.0;;236.2338848533808;;;;
2022-02-26 13:00:00;0.0;50.0;;239.5145353211909;;;;
2022-02-26 14:00:00;0.0;50.0;;238.668135374001;;;;
2022-02-26 15:00:00;0.0;50.0;;233.7766062646981;;;;
2022-02-26 16:00:00;0.0;50.0;;225.1759614523613;;;;
2022-02-26 17:00:00;0.0;50.0;;213.4807291743966;;;;
2022-02-26 18:00:00;0.0;50.0;;199.5063502028875;;;;
2022-02-26 19:00:00;0.0;50.0;;184.2521599247437;;;;
2022-02-26 20:00:00;0.0;50.0;;168.8264653019253;;;;
2022-02-26 21:00:00;0.0;50.0;;154.3430397678776;;;;
2022-02-26 22:00:00;0.0;50.0;;141.8828726419449;;;;
2022-02-26 23:00:00;0.0;50.0;;131.5217324364785;;;;
2022-02-27 00:00:00;0.0;50.0;;124.9173128822833;;;;
2022-02-27 01:00:00;0.0;50.0;;122.5468343439224;;;;
2022-02-27 02:00:00;0.0;50.0;;125.4689767336043;;;;
2022-02-27 03:00:00;0.0;50.0;;132.6890440860212;;;;
2022-02-27 04:00:00;0.0;50.0;;143.8202404011231;;;;
2022-02-27 05:00:00;0.0;50.0;;158.196609292802;;;;
2022-02-27 06:00:00;0.0;50.0;;174.9179212556269;;;;
2022-02-27 07:00:00;0.0;50.0;;192.9044166062489;;;;
2022-02-27 08:00:00;0.0;50.0;;210.9894436547781;;;;
2022-02-27 09:00:00;0.0;50.0;;227.9570658644569;;;;
2022-02-27 10:00:00;0.0;50.0;;242.6645068648935;;;;
2022-02-27 11:00:00;0.0;50.0;;254.1328314825209;;;;
2022-02-27 12:00:00;0.0;50.0;;261.5750843167522;;;;
2022-02-27 13:00:00;0.0;50.0;;264.5000071697863;;;;
2022-02-27 14:00:00;0.0;50.0;;262.6921764181141;;;;
2022-02-27 15:00:00;0.0;50.0;;256.3017441281101;;;;
2022-02-27 16:00:00;0.0;50.0;;245.7645605056328;;;;
2022-02-27 17:00:00;0.0;50.0;;231.8153535387582;;;;
2022-02-27 18:00:00;0.0;50.0;;215.4256187073977;;;;
2022-02-27 19:00:00;0.0;50.0;;197.7338928393921;;;;
2022-02-27 20:00:00;0.0;50.0;;179.9668573155164;;;;
2022-02-27 21:00:00;0.0;50.0;;163.3460660669005;;;;
2022-02-27 22:00:00;0.0;50.0;;149.0166729824131;;;;
2022-02-27 23:00:00;0.0;50.0;;135.9932559710204;;;;
2022-02-28 00:00:00;0.0;50.0;;126.9914742144622;;;;
2022-02-28 01:00:00;0.0;50.0;;122.3804491127921;;;;
2022-02-28 02:00:00;0.0;50.0;;124.1734621977086;;;;
2022-02-28 03:00:00;0.0;50.0;;130.1250016630559;;;;
2022-02-28 04:00:00;0.0;50.0;;139.7470460641107;;;;
2022-02-28 05:00:00;0.0;50.0;;152.303697972809;;;;
2022-02-28 06:00:00;0.0;50.0;;166.8597539856796;;;;
2022-02-28 07:00:00;0.0;50.0;;182.343787790262;;;;
2022-02-28 08:00:00;0.0;50.0;;197.6293668393653;;;;
2022-02-28 09:00:00;0.0;50.0;;211.613021074636;;;;
2022-02-28 10:00:00;0.0;50.0;;223.2959046497228;;;;
2022-02-28 11:00:00;0.0;50.0;;231.8365083084275;;;;
2022-02-28 12:00:00;0.0;50.0;;236.6332452720557;;;;
2022-02-28 13:00:00;0.0;50.0;;237.3284234714623;;;;
2022-02-28 14:00:00;0.0;50.0;;233.861247020925;;;;
2022-02-28 15:00:00;0.0;50.0;;226.445633671608;;;;
2022-02-28 16:00:00;0.0;50.0;;215.583700777896;;;;
2022-02-28 17:00:00;0.0;50.0;;201.9902645319453;;;;
2022-02-28 18:00:00;0.0;50.0;;186.5495426709285;;;;
2022-02-28 19:00:00;0.0;50.0;;170.256602473246;;;;
2022-02-28 20:00:00;0.0;50.0;;154.1634172543775;;;;
2022-02-28 21:00:00;0.0;50.0;;139.295169041541;;;;
2022-02-28 22:00:00;0.0;50.0;;126.5766036157436;;;;
2022-02-28 23:00:00;0.0;50.0;;115.3791251770328;;;;
2022-03-01 00:00:00;0.0;50.0;;107.7050238649925;;;;
2022-03-01 01:00:00;0.0;50.0;;103.8455568602356;;;;
2022-03-01 02:00:00;0.0;50.0;;105.2273767595508;;;;
2022-03-01 03:00:00;0.0;50.0;;110.2001781716123;;;;
2022-03-01 04:00:00;0.0;50.0;;118.3534325001857;;;;
2022-03-01 05:00:00;0.0;50.0;;129.0793516759472;;;;
2022-03-01 06:00:00;0.0;50.0;;141.6054909804318;;;;
2022-03-01 07:00:00;0.0;50.0;;155.057671197881;;;;
2022-03-01 08:00:00;0.0;50.0;;168.4960155004416;;;;
2022-03-01 09:00:00;0.0;50.0;;180.9911173478041;;;;
2022-03-01 10:00:00;0.0;50.0;;191.6838639942391;;;;
2022-03-01 11:00:00;0.0;50.0;;199.857160969906;;;;
2022-03-01 12:00:00;0.0;50.0;;204.9541569109347;;;;
2022-03-01 13:00:00;0.0;50.0;;206.6223729492398;;;;
2022-03-01 14:00:00;0.0;50.0;;204.73986700048;;;;
2022-03-01 15:00:00;0.0;50.0;;199.4334664103552;;;;
2022-03-01 16:00:00;0.0;50.0;;191.0584874709948;;;;
2022-03-01 17:00:00;0.0;50.0;;180.1750316465468;;;;
2022-03-01 18:00:00;0.0;50.0;;167.5133143346911;;;;
2022-03-01 19:00:00;0.0;50.0;;153.9330596634542;;;;
2022-03-01 20:00:00;0.0;50.0;;140.3536390128732;;;;
2022-03-01 21:00:00;0.0;50.0;;127.7039089268401;;;;
2022-03-01 22:00:00;0.0;50.0;;116.8501118145544;;;;
2022-03-01 23:00:00;0.0;50.0;;108.476572949537;;;;
2022-03-02 00:00:00;0.0;50.0;;103.2413515723604;;;;
2022-03-02 01:00:00;0.0;50.0;;101.519416223329;;;;
2022-03-02 02:00:00;0.0;50.0;;103.522688396056;;;;
2022-03-02 03:00:00;0.0;50.0;;109.0649162538662;;;;
2022-03-02 04:00:00;0.0;50.0;;117.7954213571166;;;;
2022-03-02 05:00:00;0.0;50.0;;129.1349019270832;;;;
2022-03-02 06:00:00;0.0;50.0;;142.3348947202815;;;;
2022-03-02 07:00:00;0.0;50.0;;156.5018694037437;;;;
2022-03-02 08:00:00;0.0;50.0;;170.6873785828951;;;;
2022-03-02 09:00:00;0.0;50.0;;183.9174515909937;;;;
2022-03-02 10:00:00;0.0;50.0;;195.3030911793547;;;;
2022-03-02 11:00:00;0.0;50.0;;204.0484914092998;;;;
2022-03-02 12:00:00;0.0;50.0;;209.5674032651294;;;;
2022-03-02 13:00:00;0.0;50.0;;211.4639690121721;;;;
2022-03-02 14:00:00;0.0;50.0;;209.6180631439498;;;;
2022-03-02 15:00:00;0.0;50.0;;204.1393810593785;;;;
2022-03-02 16:00:00;0.0;50.0;;195.4147268921155;;;;
2022-03-02 17:00:00;0.0;50.0;;184.0330467714725;;;;
2022-03-02 18:00:00;0.0;50.0;;170.7831126182459;;;;
2022-03-02 19:00:00;0.0;50.0;;156.5617846030251;;;;
2022-03-02 20:00:00;0.0;50.0;;142.3416114037081;;;;
2022-03-02 21:00:00;0.0;50.0;;129.0750489250286;;;;
2022-03-02 22:00:00;0.0;50.0;;117.6557921297137;;;;
2022-03-02 23:00:00;0.0;50.0;;110.0304882009065;;;;
2022-03-03 00:00:00;0.0;50.0;;105.553579242844;;;;
2022-03-03 01:00:00;0.0;50.0;;104.6035286576807;;;;
2022-03-03 02:00:00;0.0;50.0;;106.1253038396575;;;;
2022-03-03 03:00:00;0.0;50.0;;111.2101564626918;;;;
2022-03-03 04:00:00;0.0;50.0;;119.4598174315786;;;;
2022-03-03 05:00:00;0.0;50.0;;130.2449023080164;;;;
2022-03-03 06:00:00;0.0;50.0;;142.7732543115659;;;;
2022-03-03 07:00:00;0.0;50.0;;156.1397377334608;;;;
2022-03-03 08:00:00;0.0;50.0;;169.3911151623232;;;;
2022-03-03 09:00:00;0.0;50.0;;181.5890654175021;;;;
2022-03-03 10:00:00;0.0;50.0;;191.8651852220893;;;;
2022-03-03 11:00:00;0.0;50.0;;199.5045554490846;;;;
2022-03-03 12:00:00;0.0;50.0;;203.9757832223657;;;;
2022-03-03 13:00:00;0.0;50.0;;204.971456394474;;;;
2022-03-03 14:00:00;0.0;50.0;;202.4192530623418;;;;
2022-03-03 15:00:00;0.0;50.0;;196.4783269854891;;;;
2022-03-03 16:00:00;0.0;50.0;;187.5500227641055;;;;
2022-03-03 17:00:00;0.0;50.0;;176.2207503277438;;;;
2022-03-03 18:00:00;0.0;50.0;;163.2495550713788;;;;
2022-03-03 19:00:00;0.0;50.0;;149.4871318781932;;;;
2022-03-03 20:00:00;0.0;50.0;;135.8364926605572;;;;
2022-03-03 21:00:00;0.0;50.0;;123.1967846935557;;;;
2022-03-03 22:00:00;0.0;50.0;;112.3912666981212;;;;
2022-03-03 23:00:00;0.0;50.0;;105.5193238227277;;;;
2022-03-04 00:00:00;0.0;50.0;;101.7002347565992;;;;
2022-03-04 01:00:00;0.0;50.0;;101.3291979321019;;;;
2022-03-04 02:00:00;0.0;50.0;;103.1822283043737;;;;
2022-03-04 03:00:00;0.0;50.0;;108.6126165955248;;;;
2022-03-04 04:00:00;0.0;50.0;;117.2660325664109;;;;
2022-03-04 05:00:00;0.0;50.0;;128.5924161679477;;;;
2022-03-04 06:00:00;0.0;50.0;;141.8598541496348;;;;
2022-03-04 07:00:00;0.0;50.0;;156.2150500707188;;;;
2022-03-04 08:00:00;0.0;50.0;;170.7326821152525;;;;
2022-03-04 09:00:00;0.0;50.0;;184.4851945037184;;;;
2022-03-04 10:00:00;0.0;50.0;;196.5740816695059;;;;
2022-03-04 11:00:00;0.0;50.0;;206.1999847700089;;;;
2022-03-04 12:00:00;0.0;50.0;;212.7370073464724;;;;
2022-03-04 13:00:00;0.0;50.0;;215.7690593376755;;;;
2022-03-04 14:00:00;0.0;50.0;;215.1117619393072;;;;
2022-03-04 15:00:00;0.0;50.0;;210.8192906954583;;;;
2022-03-04 16:00:00;0.0;50.0;;203.2015409125782;;;;
2022-03-04 17:00:00;0.0;50.0;;192.8005457259693;;;;
2022-03-04 18:00:00;0.0;50.0;;180.3456693776463;;;;
2022-03-04 19:00:00;0.0;50.0;;166.7242387685316;;;;
2022-03-04 20:00:00;0.0;50.0;;152.9249130345034;;;;
2022-03-04 21:00:00;0.0;50.0;;139.9690173336806;;;;
2022-03-04 22:00:00;0.0;50.0;;128.8374820314705;;;;
2022-03-04 23:00:00;0.0;50.0;;121.033359034378;;;;
2022-03-05 00:00:00;0.0;50.0;;116.6118106739235;;;;
2022-03-05 01:00:00;0.0;50.0;;116.0734895164215;;;;
2022-03-05 02:00:00;0.0;50.0;;119.033679126425;;;;
2022-03-05 03:00:00;0.0;50.0;;126.0942786652028;;;;
2022-03-05 04:00:00;0.0;50.0;;136.9053726016793;;;;
2022-03-05 05:00:00;0.0;50.0;;150.8535760907062;;;;
2022-03-05 06:00:00;0.0;50.0;;167.0977558688635;;;;
2022-03-05 07:00:00;0.0;50.0;;184.6267818828315;;;;
2022-03-05 08:00:00;0.0;50.0;;202.3053200577423;;;;
2022-03-05 09:00:00;0.0;50.0;;218.9928038543529;;;;
2022-03-05 10:00:00;0.0;50.0;;233.584972264462;;;;
2022-03-05 11:00:00;0.0;50.0;;245.1165402638281;;;;
2022-03-05 12:00:00;0.0;50.0;;252.8020665859937;;;;
2022-03-05 13:00:00;0.0;50.0;;256.1277287658518;;;;
2022-03-05 14:00:00;0.0;50.0;;254.876240644924;;;;
2022-03-05 15:00:00;0.0;50.0;;249.1489589040537;;;;
2022-03-05 16:00:00;0.0;50.0;;239.3785235953707;;;;
2022-03-05 17:00:00;0.0;50.0;;226.2480141840958;;;;
2022-03-05 18:00:00;0.0;50.0;;210.6964682916426;;;;
2022-03-05 19:00:00;0.0;50.0;;193.8018744596011;;;;
2022-03-05 20:00:00;0.0;50.0;;176.7734525169876;;;;
2022-03-05 21:00:00;0.0;50.0;;160.8080112035701;;;;
2022-03-05 22:00:00;0.0;50.0;;147.0363118861403;;;;
2022-03-05 23:00:00;0.0;50.0;;135.5181964283868;;;;
2022-03-06 00:00:00;0.0;50.0;;127.9192486297345;;;;
2022-03-06 01:00:00;0.0;50.0;;124.6678148062661;;;;
2022-03-06 02:00:00;0.0;50.0;;126.7952898831276;;;;
2022-03-06 03:00:00;0.0;50.0;;133.1870828227389;;;;
2022-03-06 04:00:00;0.0;50.0;;143.3753491842862;;;;
2022-03-06 05:00:00;0.0;50.0;;156.6351162940373;;;;
2022-03-06 06:00:00;0.0;50.0;;172.0210320288144;;;;
2022-03-06 07:00:00;0.0;50.0;;188.4498723919568;;;;
2022-03-06 08:00:00;0.0;50.0;;204.7429452505073;;;;
2022-03-06 09:00:00;0.0;50.0;;219.7538933251612;;;;
2022-03-06 10:00:00;0.0;50.0;;232.4343300240105;;;;
2022-03-06 11:00:00;0.0;50.0;;241.9022340764239;;;;
2022-03-06 12:00:00;0.0;50.0;;247.4964678073914;;;;
2022-03-06 13:00:00;0.0;50.0;;248.8149581077046;;;;
2022-03-06 14:00:00;0.0;50.0;;245.7699538712037;;;;
2022-03-06 15:00:00;0.0;50.0;;238.5454879824312;;;;
2022-03-06 16:00:00;0.0;50.0;;227.639460870205;;;;
2022-03-06 17:00:00;0.0;50.0;;213.7769633882842;;;;
2022-03-06 18:00:00;0.0;50.0;;197.8996501519013;;;;
2022-03-06 19:00:00;0.0;50.0;;181.044198136259;;;;
2022-03-06 20:00:00;0.0;50.0;;164.3215081181929;;;;
2022-03-06 21:00:00;0.0;50.0;;148.8141060795549;;;;
2022-03-06 22:00:00;0.0;50.0;;135.5334897539815;;;;
2022-03-06 23:00:00;0.0;50.0;;123.5370614132889;;;;
2022-03-07 00:00:00;0.0;50.0;;115.2901297948783;;;;
2022-03-07 01:00:00;0.0;50.0;;111.1092422622417;;;;
2022-03-07 02:00:00;0.0;50.0;;112.8285913557468;;;;
2022-03-07 03:00:00;0.0;50.0;;118.40053037123;;;;
2022-03-07 04:00:00;0.0;50.0;;127.4062112615029;;;;
2022-03-07 05:00:00;0.0;50.0;;139.2096005780972;;;;
2022-03-07 06:00:00;0.0;50.0;;152.9866012167061;;;;
2022-03-07 07:00:00;0.0;50.0;;167.789510475303;;;;
2022-03-07 08:00:00;0.0;50.0;;182.6049865387735;;;;
2022-03-07 09:00:00;0.0;50.0;;196.4285464557298;;;;
2022-03-07 10:00:00;0.0;50.0;;208.3171237859165;;;;
2022-03-07 11:00:00;0.0;50.0;;217.4708083755717;;;;
2022-03-07 12:00:00;0.0;50.0;;223.2710316678161;;;;
2022-03-07 13:00:00;0.0;50.0;;225.3373151256229;;;;
2022-03-07 14:00:00;0.0;50.0;;223.5146587563497;;;;
2022-03-07 15:00:00;0.0;50.0;;217.9196949459202;;;;
2022-03-07 16:00:00;0.0;50.0;;208.9229570825044;;;;
2022-03-07 17:00:00;0.0;50.0;;197.1432887958532;;;;
2022-03-07 18:00:00;0.0;50.0;;183.3873597490119;;;;
2022-03-07 19:00:00;0.0;50.0;;168.5926771536783;;;;
2022-03-07 20:00:00;0.0;50.0;;153.7760770719988;;;;
2022-03-07 21:00:00;0.0;50.0;;139.954015127226;;;;
2022-03-07 22:00:00;0.0;50.0;;128.087076681224;;;;
2022-03-07 23:00:00;0.0;50.0;;117.5572178055205;;;;
2022-03-08 00:00:00;0.0;50.0;;110.4767922525515;;;;
2022-03-08 01:00:00;0.0;50.0;;107.2065821490685;;;;
2022-03-08 02:00:00;0.0;50.0;;109.2956818944737;;;;
2022-03-08 03:00:00;0.0;50.0;;115.1059994985247;;;;
2022-03-08 04:00:00;0.0;50.0;;124.2667193688847;;;;
2022-03-08 05:00:00;0.0;50.0;;136.1548833803378;;;;
2022-03-08 06:00:00;0.0;50.0;;149.9807497684156;;;;
2022-03-08 07:00:00;0.0;50.0;;164.7957516356367;;;;
2022-03-08 08:00:00;0.0;50.0;;179.594888221294;;;;
2022-03-08 09:00:00;0.0;50.0;;193.3546288696977;;;;
2022-03-08 10:00:00;0.0;50.0;;205.1326439641474;;;;
2022-03-08 11:00:00;0.0;50.0;;214.1137788816405;;;;
2022-03-08 12:00:00;0.0;50.0;;219.6661535099617;;;;
2022-03-08 13:00:00;0.0;50.0;;221.3995416401873;;;;
2022-03-08 14:00:00;0.0;50.0;;219.1911969733521;;;;
2022-03-08 15:00:00;0.0;50.0;;213.1948532759913;;;;
2022-03-08 16:00:00;0.0;50.0;;203.8077487558146;;;;
2022-03-08 17:00:00;0.0;50.0;;191.6657019746209;;;;
2022-03-08 18:00:00;0.0;50.0;;177.5893473984392;;;;
2022-03-08 19:00:00;0.0;50.0;;162.5397466388551;;;;
2022-03-08 20:00:00;0.0;50.0;;147.5350824876042;;;;
2022-03-08 21:00:00;0.0;50.0;;133.5668835286646;;;;
2022-03-08 22:00:00;0.0;50.0;;121.5494314070046;;;;
2022-03-08 23:00:00;0.0;50.0;;112.1505666549118;;;;
2022-03-09 00:00:00;0.0;50.0;;106.0391217384899;;;;
2022-03-09 01:00:00;0.0;50.0;;103.5440319594481;;;;
2022-03-09 02:00:00;0.0;50.0;;104.831613372299;;;;
2022-03-09 03:00:00;0.0;50.0;;109.625151274775;;;;
2022-03-09 04:00:00;0.0;50.0;;117.5012940185916;;;;
2022-03-09 05:00:00;0.0;50.0;;127.8280596781752;;;;
2022-03-09 06:00:00;0.0;50.0;;139.8071610831888;;;;
2022-03-09 07:00:00;0.0;50.0;;152.5383100168778;;;;
2022-03-09 08:00:00;0.0;50.0;;165.0822189171935;;;;
2022-03-09 09:00:00;0.0;50.0;;176.5337488595497;;;;
2022-03-09 10:00:00;0.0;50.0;;186.0682364051807;;;;
2022-03-09 11:00:00;0.0;50.0;;193.0002366807653;;;;
2022-03-09 12:00:00;0.0;50.0;;196.8276482457773;;;;
2022-03-09 13:00:00;0.0;50.0;;197.2739112023547;;;;
2022-03-09 14:00:00;0.0;50.0;;194.3003088202325;;;;
2022-03-09 15:00:00;0.0;50.0;;188.09673480674;;;;
2022-03-09 16:00:00;0.0;50.0;;179.0623225492971;;;;
2022-03-09 17:00:00;0.0;50.0;;167.7787552352479;;;;
2022-03-09 18:00:00;0.0;50.0;;154.9831596052761;;;;
2022-03-09 19:00:00;0.0;50.0;;141.5014076765189;;;;
2022-03-09 20:00:00;0.0;50.0;;128.2063903891548;;;;
2022-03-09 21:00:00;0.0;50.0;;115.9349374621724;;;;
2022-03-09 22:00:00;0.0;50.0;;105.4617669174501;;;;
2022-03-09 23:00:00;0.0;50.0;;98.48086455447192;;;;
2022-03-10 00:00:00;0.0;50.0;;94.39643697672683;;;;
2022-03-10 01:00:00;0.0;50.0;;93.53684265560585;;;;
2022-03-10 02:00:00;0.0;50.0;;94.96929198589447;;;;
2022-03-10 03:00:00;0.0;50.0;;99.67804525034806;;;;
2022-03-10 04:00:00;0.0;50.0;;107.319584955449;;;;
2022-03-10 05:00:00;0.0;50.0;;117.3631512791462;;;;
2022-03-10 06:00:00;0.0;50.0;;129.1313029653392;;;;
2022-03-10 07:00:00;0.0;50.0;;141.8360001894669;;;;
2022-03-10 08:00:00;0.0;50.0;;154.6315917974854;;;;
2022-03-10 09:00:00;0.0;50.0;;166.6788473877101;;;;
2022-03-10 10:00:00;0.0;50.0;;177.1831142326627;;;;
2022-03-10 11:00:00;0.0;50.0;;185.4524047292998;;;;
2022-03-10 12:00:00;0.0;50.0;;190.9340532883933;;;;
2022-03-10 13:00:00;0.0;50.0;;193.2712950448495;;;;
2022-03-10 14:00:00;0.0;50.0;;192.3215624395662;;;;
2022-03-10 15:00:00;0.0;50.0;;188.1585765100787;;;;
2022-03-10 16:00:00;0.0;50.0;;181.070113625704;;;;
2022-03-10 17:00:00;0.0;50.0;;171.5412648953119;;;;
2022-03-10 18:00:00;0.0;50.0;;160.2353784926185;;;;
2022-03-10 19:00:00;0.0;50.0;;147.9461995465225;;;;
2022-03-10 20:00:00;0.0;50.0;;135.5439558802223;;;;
2022-03-10 21:00:00;0.0;50.0;;123.9249086991117;;;;
2022-03-10 22:00:00;0.0;50.0;;113.9502843867364;;;;
2022-03-10 23:00:00;0.0;50.0;;107.8057643417415;;;;
2022-03-11 00:00:00;0.0;50.0;;104.6644123569122;;;;
2022-03-11 01:00:00;0.0;50.0;;104.993273226224;;;;
2022-03-11 02:00:00;0.0;50.0;;107.6129047348041;;;;
2022-03-11 03:00:00;0.0;50.0;;113.9440302264729;;;;
2022-03-11 04:00:00;0.0;50.0;;123.6718219589334;;;;
2022-03-11 05:00:00;0.0;50.0;;136.2404080506217;;;;
2022-03-11 06:00:00;0.0;50.0;;150.8851418302288;;;;
2022-03-11 07:00:00;0.0;50.0;;166.6916362553227;;;;
2022-03-11 08:00:00;0.0;50.0;;182.6508428375409;;;;
2022-03-11 09:00:00;0.0;50.0;;197.7316131027267;;;;
2022-03-11 10:00:00;0.0;50.0;;210.9339114469232;;;;
2022-03-11 11:00:00;0.0;50.0;;221.3795024374388;;;;
2022-03-11 12:00:00;0.0;50.0;;228.3718793624937;;;;
2022-03-11 13:00:00;0.0;50.0;;231.4541446395719;;;;
2022-03-11 14:00:00;0.0;50.0;;230.4246381341303;;;;
2022-03-11 15:00:00;0.0;50.0;;225.3683375862683;;;;
2022-03-11 16:00:00;0.0;50.0;;216.6488334911597;;;;
2022-03-11 17:00:00;0.0;50.0;;204.8830684522268;;;;
2022-03-11 18:00:00;0.0;50.0;;190.9105087315068;;;;
2022-03-11 19:00:00;0.0;50.0;;175.7222731200036;;;;
2022-03-11 20:00:00;0.0;50.0;;160.4055065278181;;;;
2022-03-11 21:00:00;0.0;50.0;;146.0380586630861;;;;
2022-03-11 22:00:00;0.0;50.0;;133.6500350047651;;;;
2022-03-11 23:00:00;0.0;50.0;;124.7601578180176;;;;
2022-03-12 00:00:00;0.0;50.0;;119.4097155104638;;;;
2022-03-12 01:00:00;0.0;50.0;;118.0418963208661;;;;
2022-03-12 02:00:00;0.0;50.0;;120.197747929306;;;;
2022-03-12 03:00:00;0.0;50.0;;126.4086052124894;;;;
2022-03-12 04:00:00;0.0;50.0;;136.2489873873573;;;;
2022-03-12 05:00:00;0.0;50.0;;149.0386100566326;;;;
2022-03-12 06:00:00;0.0;50.0;;163.8929855202572;;;;
2022-03-12 07:00:00;0.0;50.0;;179.7899869695939;;;;
2022-03-12 08:00:00;0.0;50.0;;195.6265102547043;;;;
2022-03-12 09:00:00;0.0;50.0;;210.3083758436154;;;;
2022-03-12 10:00:00;0.0;50.0;;222.8148868662117;;;;
2022-03-12 11:00:00;0.0;50.0;;232.2906150721722;;;;
2022-03-12 12:00:00;0.0;50.0;;238.0885969177698;;;;
2022-03-12 13:00:00;0.0;50.0;;239.8011215845056;;;;
2022-03-12 14:00:00;0.0;50.0;;237.3207400072443;;;;
2022-03-12 15:00:00;0.0;50.0;;230.8097794548614;;;;
2022-03-12 16:00:00;0.0;50.0;;220.722921879286;;;;
2022-03-12 17:00:00;0.0;50.0;;207.7301435842713;;;;
2022-03-12 18:00:00;0.0;50.0;;192.7119642217457;;;;
2022-03-12 19:00:00;0.0;50.0;;176.6857565398664;;;;
2022-03-12 20:00:00;0.0;50.0;;160.719332118719;;;;
2022-03-12 21:00:00;0.0;50.0;;145.8877368162164;;;;
2022-03-12 22:00:00;0.0;50.0;;133.1728004541652;;;;
2022-03-12 23:00:00;0.0;50.0;;122.6008130492929;;;;
2022-03-13 00:00:00;0.0;50.0;;115.6626709108721;;;;
2022-03-13 01:00:00;0.0;50.0;;112.7404484982341;;;;
2022-03-13 02:00:00;0.0;50.0;;114.7760955923334;;;;
2022-03-13 03:00:00;0.0;50.0;;120.7565720061751;;;;
2022-03-13 04:00:00;0.0;50.0;;130.2815653508488;;;;
2022-03-13 05:00:00;0.0;50.0;;142.7231843840399;;;;
2022-03-13 06:00:00;0.0;50.0;;157.2556646965811;;;;
2022-03-13 07:00:00;0.0;50.0;;172.9268019107469;;;;
2022-03-13 08:00:00;0.0;50.0;;188.695111664817;;;;
2022-03-13 09:00:00;0.0;50.0;;203.5125379070192;;;;
2022-03-13 10:00:00;0.0;50.0;;216.387629168429;;;;
2022-03-13 11:00:00;0.0;50.0;;226.460119025151;;;;
2022-03-13 12:00:00;0.0;50.0;;233.0751136496043;;;;
2022-03-13 13:00:00;0.0;50.0;;235.7914673584555;;;;
2022-03-13 14:00:00;0.0;50.0;;234.4388592603215;;;;
2022-03-13 15:00:00;0.0;50.0;;229.0950631768653;;;;
2022-03-13 16:00:00;0.0;50.0;;220.1431409321943;;;;
2022-03-13 17:00:00;0.0;50.0;;208.2036286020642;;;;
2022-03-13 18:00:00;0.0;50.0;;194.1077868665899;;;;
2022-03-13 19:00:00;0.0;50.0;;178.8351540522243;;;;
2022-03-13 20:00:00;0.0;50.0;;163.4524009627275;;;;
2022-03-13 21:00:00;0.0;50.0;;149.0590706172779;;;;
2022-03-13 22:00:00;0.0;50.0;;136.6831385172491;;;;
2022-03-13 23:00:00;0.0;50.0;;125.3995564482086;;;;
2022-03-14 00:00:00;0.0;50.0;;117.7758246894084;;;;
2022-03-14 01:00:00;0.0;50.0;;114.2071541232833;;;;
2022-03-14 02:00:00;0.0;50.0;;116.6422090869667;;;;
2022-03-14 03:00:00;0.0;50.0;;123.0537103030155;;;;
2022-03-14 04:00:00;0.0;50.0;;133.0565157758911;;;;
2022-03-14 05:00:00;0.0;50.0;;146.0104309019878;;;;
2022-03-14 06:00:00;0.0;50.0;;161.0598681688306;;;;
2022-03-14 07:00:00;0.0;50.0;;177.2107250263353;;;;
2022-03-14 08:00:00;0.0;50.0;;193.37389190263;;;;
2022-03-14 09:00:00;0.0;50.0;;208.450974329607;;;;
2022-03-14 10:00:00;0.0;50.0;;221.4027132451678;;;;
2022-03-14 11:00:00;0.0;50.0;;231.3444040999713;;;;
2022-03-14 12:00:00;0.0;50.0;;237.5796163576396;;;;
2022-03-14 13:00:00;0.0;50.0;;239.684632244443;;;;
2022-03-14 14:00:00;0.0;50.0;;237.5175068020716;;;;
2022-03-14 15:00:00;0.0;50.0;;231.2298969851502;;;;
2022-03-14 16:00:00;0.0;50.0;;221.2401127910262;;;;
2022-03-14 17:00:00;0.0;50.0;;208.2317898421034;;;;
2022-03-14 18:00:00;0.0;50.0;;193.1038815739689;;;;
2022-03-14 19:00:00;0.0;50.0;;176.8904005595941;;;;
2022-03-14 20:00:00;0.0;50.0;;160.6739273883827;;;;
2022-03-14 21:00:00;0.0;50.0;;145.5413198474678;;;;
2022-03-14 22:00:00;0.0;50.0;;132.4997268251232;;;;
2022-03-14 23:00:00;0.0;50.0;;120.9190570253868;;;;
2022-03-15 00:00:00;0.0;50.0;;112.9463333902984;;;;
2022-03-15 01:00:00;0.0;50.0;;108.8943017661865;;;;
2022-03-15 02:00:00;0.0;50.0;;110.2766383904914;;;;
2022-03-15 03:00:00;0.0;50.0;;115.3387789026494;;;;
2022-03-15 04:00:00;0.0;50.0;;123.6322644275808;;;;
2022-03-15 05:00:00;0.0;50.0;;134.4957837030357;;;;
2022-03-15 06:00:00;0.0;50.0;;147.0846276987856;;;;
2022-03-15 07:00:00;0.0;50.0;;160.451218774505;;;;
2022-03-15 08:00:00;0.0;50.0;;173.6070638443233;;;;
2022-03-15 09:00:00;0.0;50.0;;185.585525666534;;;;
2022-03-15 10:00:00;0.0;50.0;;195.5173772372802;;;;
2022-03-15 11:00:00;0.0;50.0;;202.6789592644312;;;;
2022-03-15 12:00:00;0.0;50.0;;206.5621745981426;;;;
2022-03-15 13:00:00;0.0;50.0;;206.8735932241055;;;;
2022-03-15 14:00:00;0.0;50.0;;203.5822558296525;;;;
2022-03-15 15:00:00;0.0;50.0;;196.8835441454109;;;;
2022-03-15 16:00:00;0.0;50.0;;187.220638800854;;;;
2022-03-15 17:00:00;0.0;50.0;;175.2133154325007;;;;
2022-03-15 18:00:00;0.0;50.0;;161.6470472263836;;;;
2022-03-15 19:00:00;0.0;50.0;;147.3837451795139;;;;
2022-03-15 20:00:00;0.0;50.0;;133.3353951086182;;;;
2022-03-15 21:00:00;0.0;50.0;;120.3736229230212;;;;
2022-03-15 22:00:00;0.0;50.0;;109.304929166985;;;;
2022-03-15 23:00:00;0.0;50.0;;100.694304126167;;;;
2022-03-16 00:00:00;0.0;50.0;;95.12215084884934;;;;
2022-03-16 01:00:00;0.0;50.0;;92.86419713185094;;;;
2022-03-16 02:00:00;0.0;50.0;;94.0772107606899;;;;
2022-03-16 03:00:00;0.0;50.0;;98.51128999769766;;;;
2022-03-16 04:00:00;0.0;50.0;;105.8024870537496;;;;
2022-03-16 05:00:00;0.0;50.0;;115.4085393378161;;;;
2022-03-16 06:00:00;0.0;50.0;;126.6462906893961;;;;
2022-03-16 07:00:00;0.0;50.0;;138.7368921847346;;;;
2022-03-16 08:00:00;0.0;50.0;;150.8468385575142;;;;
2022-03-16 09:00:00;0.0;50.0;;162.1508380005003;;;;
2022-03-16 10:00:00;0.0;50.0;;171.8794557286614;;;;
2022-03-16 11:00:00;0.0;50.0;;179.3827191732976;;;;
2022-03-16 12:00:00;0.0;50.0;;184.1528628420056;;;;
2022-03-16 13:00:00;0.0;50.0;;185.873530918653;;;;
2022-03-16 14:00:00;0.0;50.0;;184.4346305961818;;;;
2022-03-16 15:00:00;0.0;50.0;;179.9282336658395;;;;
2022-03-16 16:00:00;0.0;50.0;;172.6568774433035;;;;
2022-03-16 17:00:00;0.0;50.0;;163.099968689868;;;;
2022-03-16 18:00:00;0.0;50.0;;151.9171397771357;;;;
2022-03-16 19:00:00;0.0;50.0;;139.8706294875552;;;;
2022-03-16 20:00:00;0.0;50.0;;127.78874967534;;;;
2022-03-16 21:00:00;0.0;50.0;;116.5112492707516;;;;
2022-03-16 22:00:00;0.0;50.0;;106.8409025860476;;;;
2022-03-16 23:00:00;0.0;50.0;;100.5547973111605;;;;
2022-03-17 00:00:00;0.0;50.0;;97.1109820786274;;;;
2022-03-17 01:00:00;0.0;50.0;;96.90730760421333;;;;
2022-03-17 02:00:00;0.0;50.0;;99.06184737163277;;;;
2022-03-17 03:00:00;0.0;50.0;;104.6233286561413;;;;
2022-03-17 04:00:00;0.0;50.0;;113.2771834265492;;;;
2022-03-17 05:00:00;0.0;50.0;;124.493120220634;;;;
2022-03-17 06:00:00;0.0;50.0;;137.5607394750875;;;;
2022-03-17 07:00:00;0.0;50.0;;151.6366329428814;;;;
2022-03-17 08:00:00;0.0;50.0;;165.7953396316449;;;;
2022-03-17 09:00:00;0.0;50.0;;179.0989330185392;;;;
2022-03-17 10:00:00;0.0;50.0;;190.66044972615;;;;
2022-03-17 11:00:00;0.0;50.0;;199.6981762584485;;;;
2022-03-17 12:00:00;0.0;50.0;;205.6159721759714;;;;
2022-03-17 13:00:00;0.0;50.0;;208.0044539170499;;;;
2022-03-17 14:00:00;0.0;50.0;;206.7138259154077;;;;
2022-03-17 15:00:00;0.0;50.0;;201.8299752070036;;;;
2022-03-17 16:00:00;0.0;50.0;;193.6926334355647;;;;
2022-03-17 17:00:00;0.0;50.0;;182.8792574318419;;;;
2022-03-17 18:00:00;0.0;50.0;;170.1417437717117;;;;
2022-03-17 19:00:00;0.0;50.0;;156.3829291870912;;;;
2022-03-17 20:00:00;0.0;50.0;;142.553176020125;;;;
2022-03-17 21:00:00;0.0;50.0;;129.6136683943371;;;;
2022-03-17 22:00:00;0.0;50.0;;118.4662518937458;;;;
2022-03-17 23:00:00;0.0;50.0;;111.3281829356866;;;;
2022-03-18 00:00:00;0.0;50.0;;107.3245615991149;;;;
2022-03-18 01:00:00;0.0;50.0;;106.878650506884;;;;
2022-03-18 02:00:00;0.0;50.0;;108.7193749788653;;;;
2022-03-18 03:00:00;0.0;50.0;;114.2307308737801;;;;
2022-03-18 04:00:00;0.0;50.0;;123.022526283043;;;;
2022-03-18 05:00:00;0.0;50.0;;134.4713293058193;;;;
2022-03-18 06:00:00;0.0;50.0;;147.7756613161511;;;;
2022-03-18 07:00:00;0.0;50.0;;162.006816897041;;;;
2022-03-18 08:00:00;0.0;50.0;;176.1857321605947;;;;
2022-03-18 09:00:00;0.0;50.0;;189.3256497966625;;;;
2022-03-18 10:00:00;0.0;50.0;;200.5161847641551;;;;
2022-03-18 11:00:00;0.0;50.0;;208.9843262130525;;;;
2022-03-18 12:00:00;0.0;50.0;;214.1558173358431;;;;
2022-03-18 13:00:00;0.0;50.0;;215.6723174613325;;;;
2022-03-18 14:00:00;0.0;50.0;;213.4319006837601;;;;
2022-03-18 15:00:00;0.0;50.0;;207.5864355307812;;;;
2022-03-18 16:00:00;0.0;50.0;;198.5445805240665;;;;
2022-03-18 17:00:00;0.0;50.0;;186.9149366984457;;;;
2022-03-18 18:00:00;0.0;50.0;;173.4787480518436;;;;
2022-03-18 19:00:00;0.0;50.0;;159.1360192980737;;;;
2022-03-18 20:00:00;0.0;50.0;;144.8471450463903;;;;
2022-03-18 21:00:00;0.0;50.0;;131.5779540787852;;;;
2022-03-18 22:00:00;0.0;50.0;;120.2195185216054;;;;
2022-03-18 23:00:00;0.0;50.0;;112.1076375909454;;;;
2022-03-19 00:00:00;0.0;50.0;;107.2544353715;;;;
2022-03-19 01:00:00;0.0;50.0;;106.059340657534;;;;
2022-03-19 02:00:00;0.0;50.0;;108.1169637733312;;;;
2022-03-19 03:00:00;0.0;50.0;;113.9116626611963;;;;
2022-03-19 04:00:00;0.0;50.0;;123.0859616219725;;;;
2022-03-19 05:00:00;0.0;50.0;;135.0595351161667;;;;
2022-03-19 06:00:00;0.0;50.0;;149.0632900594983;;;;
2022-03-19 07:00:00;0.0;50.0;;164.1960722218477;;;;
2022-03-19 08:00:00;0.0;50.0;;179.4775505676447;;;;
2022-03-19 09:00:00;0.0;50.0;;193.9232515920904;;;;
2022-03-19 10:00:00;0.0;50.0;;206.593742877687;;;;
2022-03-19 11:00:00;0.0;50.0;;216.6592602851556;;;;
2022-03-19 12:00:00;0.0;50.0;;223.4613409127835;;;;
2022-03-19 13:00:00;0.0;50.0;;226.5546033328615;;;;
2022-03-19 14:00:00;0.0;50.0;;225.7424767890962;;;;
2022-03-19 15:00:00;0.0;50.0;;221.0978698887864;;;;
2022-03-19 16:00:00;0.0;50.0;;212.9520468247397;;;;
2022-03-19 17:00:00;0.0;50.0;;201.8752961469123;;;;
2022-03-19 18:00:00;0.0;50.0;;188.6486381252761;;;;
2022-03-19 19:00:00;0.0;50.0;;174.2136841185214;;;;
2022-03-19 20:00:00;0.0;50.0;;159.6185929290855;;;;
2022-03-19 21:00:00;0.0;50.0;;145.9216037224787;;;;
2022-03-19 22:00:00;0.0;50.0;;134.1393492757603;;;;
2022-03-19 23:00:00;0.0;50.0;;124.3137830521937;;;;
2022-03-20 00:00:00;0.0;50.0;;118.0370441647415;;;;
2022-03-20 01:00:00;0.0;50.0;;115.7640843871978;;;;
2022-03-20 02:00:00;0.0;50.0;;118.5284832800237;;;;
2022-03-20 03:00:00;0.0;50.0;;125.3463771808363;;;;
2022-03-20 04:00:00;0.0;50.0;;135.8602983162518;;;;
2022-03-20 05:00:00;0.0;50.0;;149.4409296650475;;;;
2022-03-20 06:00:00;0.0;50.0;;165.2442108650718;;;;
2022-03-20 07:00:00;0.0;50.0;;182.2522469993389;;;;
2022-03-20 08:00:00;0.0;50.0;;199.3501165166006;;;;
2022-03-20 09:00:00;0.0;50.0;;215.3947813031667;;;;
2022-03-20 10:00:00;0.0;50.0;;229.3105523881031;;;;
2022-03-20 11:00:00;0.0;50.0;;240.1635954042735;;;;
2022-03-20 12:00:00;0.0;50.0;;247.215749772944;;;;
2022-03-20 13:00:00;0.0;50.0;;249.9813663859216;;;;
2022-03-20 14:00:00;0.0;50.0;;248.2792156011097;;;;
2022-03-20 15:00:00;0.0;50.0;;242.2322021182009;;;;
2022-03-20 16:00:00;0.0;50.0;;232.271454127924;;;;
2022-03-20 17:00:00;0.0;50.0;;219.0881462835688;;;;
2022-03-20 18:00:00;0.0;50.0;;203.6007185371392;;;;
2022-03-20 19:00:00;0.0;50.0;;186.8812534773317;;;;
2022-03-20 20:00:00;0.0;50.0;;170.0923140419903;;;;
2022-03-20 21:00:00;0.0;50.0;;154.3959177928225;;;;
2022-03-20 22:00:00;0.0;50.0;;140.8603261667213;;;;
2022-03-20 23:00:00;0.0;50.0;;128.5205163808169;;;;
2022-03-21 00:00:00;0.0;50.0;;119.982195006219;;;;
2022-03-21 01:00:00;0.0;50.0;;115.5966356072102;;;;
2022-03-21 02:00:00;0.0;50.0;;117.2971114544193;;;;
2022-03-21 03:00:00;0.0;50.0;;122.9226624021595;;;;
2022-03-21 04:00:00;0.0;50.0;;132.0250502056941;;;;
2022-03-21 05:00:00;0.0;50.0;;143.8963661973335;;;;
2022-03-21 06:00:00;0.0;50.0;;157.6530589333705;;;;
2022-03-21 07:00:00;0.0;50.0;;172.2817299008742;;;;
2022-03-21 08:00:00;0.0;50.0;;186.7260899244327;;;;
2022-03-21 09:00:00;0.0;50.0;;199.9466938669602;;;;
2022-03-21 10:00:00;0.0;50.0;;210.9972931746182;;;;
2022-03-21 11:00:00;0.0;50.0;;219.0774272610213;;;;
2022-03-21 12:00:00;0.0;50.0;;223.6176965655816;;;;
2022-03-21 13:00:00;0.0;50.0;;224.2874231983353;;;;
2022-03-21 14:00:00;0.0;50.0;;221.0280634000792;;;;
2022-03-21 15:00:00;0.0;50.0;;214.0407781957688;;;;
2022-03-21 16:00:00;0.0;50.0;;203.7841158349254;;;;
2022-03-21 17:00:00;0.0;50.0;;190.939525367777;;;;
2022-03-21 18:00:00;0.0;50.0;;176.3389675125586;;;;
2022-03-21 19:00:00;0.0;50.0;;160.9331200248435;;;;
2022-03-21 20:00:00;0.0;50.0;;145.714099787782;;;;
2022-03-21 21:00:00;0.0;50.0;;131.6525619086723;;;;
2022-03-21 22:00:00;0.0;50.0;;119.6214791817779;;;;
2022-03-21 23:00:00;0.0;50.0;;109.0118945334669;;;;
2022-03-22 00:00:00;0.0;50.0;;101.738789580352;;;;
2022-03-22 01:00:00;0.0;50.0;;98.07237105460737;;;;
2022-03-22 02:00:00;0.0;50.0;;99.37710686564242;;;;
2022-03-22 03:00:00;0.0;50.0;;104.0718312659424;;;;
2022-03-22 04:00:00;0.0;50.0;;111.7689237539606;;;;
2022-03-22 05:00:00;0.0;50.0;;121.901602488275;;;;
2022-03-22 06:00:00;0.0;50.0;;133.7379928007344;;;;
2022-03-22 07:00:00;0.0;50.0;;146.4459792598472;;;;
2022-03-22 08:00:00;0.0;50.0;;159.1328353987099;;;;
2022-03-22 09:00:00;0.0;50.0;;170.9241353156112;;;;
2022-03-22 10:00:00;0.0;50.0;;181.0214752432177;;;;
2022-03-22 11:00:00;0.0;50.0;;188.7433393710044;;;;
2022-03-22 12:00:00;0.0;50.0;;193.5673648965831;;;;
2022-03-22 13:00:00;0.0;50.0;;195.157178717099;;;;
2022-03-22 14:00:00;0.0;50.0;;193.3904558654123;;;;
2022-03-22 15:00:00;0.0;50.0;;188.3837651568221;;;;
2022-03-22 16:00:00;0.0;50.0;;180.4686224920287;;;;
2022-03-22 17:00:00;0.0;50.0;;170.1882138290144;;;;
2022-03-22 18:00:00;0.0;50.0;;158.231496364856;;;;
2022-03-22 19:00:00;0.0;50.0;;145.4106175979401;;;;
2022-03-22 20:00:00;0.0;50.0;;132.5887600217848;;;;
2022-03-22 21:00:00;0.0;50.0;;120.643484987008;;;;
2022-03-22 22:00:00;0.0;50.0;;110.392844148504;;;;
2022-03-22 23:00:00;0.0;50.0;;102.452521657982;;;;
2022-03-23 00:00:00;0.0;50.0;;97.47836400552963;;;;
2022-03-23 01:00:00;0.0;50.0;;95.82726858766199;;;;
2022-03-23 02:00:00;0.0;50.0;;97.7255024176572;;;;
2022-03-23 03:00:00;0.0;50.0;;102.9625601036888;;;;
2022-03-23 04:00:00;0.0;50.0;;111.2010210415197;;;;
2022-03-23 05:00:00;0.0;50.0;;121.9030790971782;;;;
2022-03-23 06:00:00;0.0;50.0;;134.3578428616216;;;;
2022-03-23 07:00:00;0.0;50.0;;147.7314936335849;;;;
2022-03-23 08:00:00;0.0;50.0;;161.1228160232663;;;;
2022-03-23 09:00:00;0.0;50.0;;173.6119275092675;;;;
2022-03-23 10:00:00;0.0;50.0;;184.3464362897283;;;;
2022-03-23 11:00:00;0.0;50.0;;192.5914463069183;;;;
2022-03-23 12:00:00;0.0;50.0;;197.7820909433475;;;;
2022-03-23 13:00:00;0.0;50.0;;199.5644902800917;;;;
2022-03-23 14:00:00;0.0;50.0;;197.8091673142181;;;;
2022-03-23 15:00:00;0.0;50.0;;192.6341448927449;;;;
2022-03-23 16:00:00;0.0;50.0;;184.3858983311189;;;;
2022-03-23 17:00:00;0.0;50.0;;173.6350719300572;;;;
2022-03-23 18:00:00;0.0;50.0;;161.1191992157014;;;;
2022-03-23 19:00:00;0.0;50.0;;147.6960209767186;;;;
2022-03-23 20:00:00;0.0;50.0;;134.2734539937157;;;;
2022-03-23 21:00:00;0.0;50.0;;121.763645962556;;;;
2022-03-23 22:00:00;0.0;50.0;;110.9994185242372;;;;
2022-03-23 23:00:00;0.0;50.0;;103.7857190695165;;;;
2022-03-24 00:00:00;0.0;50.0;;99.5328674351029;;;;
2022-03-24 01:00:00;0.0;50.0;;98.60858228422387;;;;
2022-03-24 02:00:00;0.0;50.0;;100.0458617912621;;;;
2022-03-24 03:00:00;0.0;50.0;;104.8493573372502;;;;
2022-03-24 04:00:00;0.0;50.0;;112.6265425313333;;;;
2022-03-24 05:00:00;0.0;50.0;;122.7938423105569;;;;
2022-03-24 06:00:00;0.0;50.0;;134.6004553652036;;;;
2022-03-24 07:00:00;0.0;50.0;;147.2000963819465;;;;
2022-03-24 08:00:00;0.0;50.0;;159.6768785074076;;;;
2022-03-24 09:00:00;0.0;50.0;;171.1611206431004;;;;
2022-03-24 10:00:00;0.0;50.0;;180.8409360254798;;;;
2022-03-24 11:00:00;0.0;50.0;;188.0443245444357;;;;
2022-03-24 12:00:00;0.0;50.0;;192.2662422997587;;;;
2022-03-24 13:00:00;0.0;50.0;;193.2053215998212;;;;
2022-03-24 14:00:00;0.0;50.0;;190.7906827286944;;;;
2022-03-24 15:00:00;0.0;50.0;;185.1819617288093;;;;
2022-03-24 16:00:00;0.0;50.0;;176.7547857047693;;;;
2022-03-24 17:00:00;0.0;50.0;;166.0750055471474;;;;
2022-03-24 18:00:00;0.0;50.0;;153.8422770045423;;;;
2022-03-24 19:00:00;0.0;50.0;;140.865433212263;;;;
2022-03-24 20:00:00;0.0;50.0;;127.9989290398467;;;;
2022-03-24 21:00:00;0.0;50.0;;116.0835067927062;;;;
2022-03-24 22:00:00;0.0;50.0;;105.9009967584146;;;;
2022-03-24 23:00:00;0.0;50.0;;99.39793200641854;;;;
2022-03-25 00:00:00;0.0;50.0;;95.77719414389357;;;;
2022-03-25 01:00:00;0.0;50.0;;95.40370995224387;;;;
2022-03-25 02:00:00;0.0;50.0;;97.14971310145702;;;;
2022-03-25 03:00:00;0.0;50.0;;102.2568233473706;;;;
2022-03-25 04:00:00;0.0;50.0;;110.3999035193321;;;;
2022-03-25 05:00:00;0.0;50.0;;121.0526128769457;;;;
2022-03-25 06:00:00;0.0;50.0;;133.5346330727284;;;;
2022-03-25 07:00:00;0.0;50.0;;147.039623025606;;;;
2022-03-25 08:00:00;0.0;50.0;;160.698230955597;;;;
2022-03-25 09:00:00;0.0;50.0;;173.6289826151518;;;;
2022-03-25 10:00:00;0.0;50.0;;184.9800306490517;;;;
2022-03-25 11:00:00;0.0;50.0;;194.0321687745969;;;;
2022-03-25 12:00:00;0.0;50.0;;200.178785863519;;;;
2022-03-25 13:00:00;0.0;50.0;;203.0392419244338;;;;
2022-03-25 14:00:00;0.0;50.0;;202.4199727649325;;;;
2022-03-25 15:00:00;0.0;50.0;;198.3869009311757;;;;
2022-03-25 16:00:00;0.0;50.0;;191.2240205577522;;;;
2022-03-25 17:00:00;0.0;50.0;;181.4341882401903;;;;
2022-03-25 18:00:00;0.0;50.0;;169.70370544073;;;;
2022-03-25 19:00:00;0.0;50.0;;156.8850767986574;;;;
2022-03-25 20:00:00;0.0;50.0;;143.8957638274029;;;;
2022-03-25 21:00:00;0.0;50.0;;131.7058084844289;;;;
2022-03-25 22:00:00;0.0;50.0;;121.2229653835511;;;;
2022-03-25 23:00:00;0.0;50.0;;113.8450827126168;;;;
2022-03-26 00:00:00;0.0;50.0;;109.6522745447486;;;;
2022-03-26 01:00:00;0.0;50.0;;109.1171686452006;;;;
2022-03-26 02:00:00;0.0;50.0;;111.899697313751;;;;
2022-03-26 03:00:00;0.0;50.0;;118.5355015369095;;;;
2022-03-26 04:00:00;0.0;50.0;;128.6985356734178;;;;
2022-03-26 05:00:00;0.0;50.0;;141.8095429178264;;;;
2022-03-26 06:00:00;0.0;50.0;;157.079250331529;;;;
2022-03-26 07:00:00;0.0;50.0;;173.5539549121819;;;;
2022-03-26 08:00:00;0.0;50.0;;190.1732387094715;;;;
2022-03-26 09:00:00;0.0;50.0;;205.8476591743429;;;;
2022-03-26 10:00:00;0.0;50.0;;219.543359845984;;;;
2022-03-26 11:00:00;0.0;50.0;;230.353638165383;;;;
2022-03-26 12:00:00;0.0;50.0;;237.5635694236912;;;;
2022-03-26 13:00:00;0.0;50.0;;240.6929568889463;;;;
2022-03-26 14:00:00;0.0;50.0;;239.5283591685509;;;;
2022-03-26 15:00:00;0.0;50.0;;234.1570714576953;;;;
2022-03-26 16:00:00;0.0;50.0;;224.9681304171247;;;;
2022-03-26 17:00:00;0.0;50.0;;212.6332835040312;;;;
2022-03-26 18:00:00;0.0;50.0;;198.0179118256331;;;;
2022-03-26 19:00:00;0.0;50.0;;182.1498562090962;;;;
2022-03-26 20:00:00;0.0;50.0;;166.1412357277457;;;;
2022-03-26 21:00:00;0.0;50.0;;151.1284578925238;;;;
2022-03-26 22:00:00;0.0;50.0;;138.1759147374566;;;;
2022-03-26 23:00:00;0.0;50.0;;127.3120038315488;;;;
2022-03-27 00:00:00;0.0;50.0;;120.1391736340193;;;;
2022-03-27 01:00:00;0.0;50.0;;117.0543920819314;;;;
2022-03-27 02:00:00;0.0;50.0;;119.0529119332321;;;;
2022-03-27 03:00:00;0.0;50.0;;125.0520238763017;;;;
2022-03-27 04:00:00;0.0;50.0;;134.6173482141435;;;;
2022-03-27 05:00:00;0.0;50.0;;147.0674947359412;;;;
2022-03-27 06:00:00;0.0;50.0;;161.5158780595454;;;;
2022-03-27 07:00:00;0.0;50.0;;176.9283446971839;;;;
2022-03-27 08:00:00;0.0;50.0;;192.2203103080504;;;;
2022-03-27 09:00:00;0.0;50.0;;206.3118471793973;;;;
2022-03-27 10:00:00;0.0;50.0;;218.2174654904078;;;;
2022-03-27 11:00:00;0.0;50.0;;227.1000196326648;;;;
2022-03-27 12:00:00;0.0;50.0;;232.3435630580851;;;;
2022-03-27 13:00:00;0.0;50.0;;233.5846802195298;;;;
2022-03-27 14:00:00;0.0;50.0;;230.7326525711493;;;;
2022-03-27 15:00:00;0.0;50.0;;223.9744568498628;;;;
2022-03-27 16:00:00;0.0;50.0;;213.7631056176443;;;;
2022-03-27 17:00:00;0.0;50.0;;200.7717451699274;;;;
2022-03-27 18:00:00;0.0;50.0;;185.864803672084;;;;
2022-03-27 19:00:00;0.0;50.0;;170.0273735129197;;;;
2022-03-27 20:00:00;0.0;50.0;;154.3144234466432;;;;
2022-03-27 21:00:00;0.0;50.0;;139.7474317250678;;;;
2022-03-27 22:00:00;0.0;50.0;;127.2741664465976;;;;
2022-03-27 23:00:00;0.0;50.0;;115.9773070013361;;;;
2022-03-28 00:00:00;0.0;50.0;;108.1995354595113;;;;
2022-03-28 01:00:00;0.0;50.0;;104.233741323795;;;;
2022-03-28 02:00:00;0.0;50.0;;105.8364220440145;;;;
2022-03-28 03:00:00;0.0;50.0;;111.0550598021659;;;;
2022-03-28 04:00:00;0.0;50.0;;119.5051423415218;;;;
2022-03-28 05:00:00;0.0;50.0;;130.5834864893048;;;;
2022-03-28 06:00:00;0.0;50.0;;143.5188502436049;;;;
2022-03-28 07:00:00;0.0;50.0;;157.4167095456192;;;;
2022-03-28 08:00:00;0.0;50.0;;171.3246621475097;;;;
2022-03-28 09:00:00;0.0;50.0;;184.2922171840332;;;;
2022-03-28 10:00:00;0.0;50.0;;195.4485176807411;;;;
2022-03-28 11:00:00;0.0;50.0;;204.0359292844198;;;;
2022-03-28 12:00:00;0.0;50.0;;209.487523609843;;;;
2022-03-28 13:00:00;0.0;50.0;;211.4176353677331;;;;
2022-03-28 14:00:00;0.0;50.0;;209.6999997577238;;;;
2022-03-28 15:00:00;0.0;50.0;;204.4442170457162;;;;
2022-03-28 16:00:00;0.0;50.0;;196.0118510940583;;;;
2022-03-28 17:00:00;0.0;50.0;;184.9748791944943;;;;
2022-03-28 18:00:00;0.0;50.0;;172.0825390956203;;;;
2022-03-28 19:00:00;0.0;50.0;;158.214979587398;;;;
2022-03-28 20:00:00;0.0;50.0;;144.3123126981635;;;;
2022-03-28 21:00:00;0.0;50.0;;131.3318687018074;;;;
2022-03-28 22:00:00;0.0;50.0;;120.1829926775315;;;;
2022-03-28 23:00:00;0.0;50.0;;110.2759969255629;;;;
2022-03-29 00:00:00;0.0;50.0;;103.6125961778031;;;;
2022-03-29 01:00:00;0.0;50.0;;100.5299705807323;;;;
2022-03-29 02:00:00;0.0;50.0;;102.4928740185104;;;;
2022-03-29 03:00:00;0.0;50.0;;107.9447392045319;;;;
2022-03-29 04:00:00;0.0;50.0;;116.5247602145645;;;;
2022-03-29 05:00:00;0.0;50.0;;127.6700647091542;;;;
2022-03-29 06:00:00;0.0;50.0;;140.6318184747601;;;;
2022-03-29 07:00:00;0.0;50.0;;154.5274902682594;;;;
2022-03-29 08:00:00;0.0;50.0;;168.4043718910706;;;;
2022-03-29 09:00:00;0.0;50.0;;181.3039577407746;;;;
2022-03-29 10:00:00;0.0;50.0;;192.3341987748614;;;;
2022-03-29 11:00:00;0.0;50.0;;200.7382353769866;;;;
2022-03-29 12:00:00;0.0;50.0;;205.9345525779235;;;;
2022-03-29 13:00:00;0.0;50.0;;207.5548490978491;;;;
2022-03-29 14:00:00;0.0;50.0;;205.4816687351966;;;;
2022-03-29 15:00:00;0.0;50.0;;199.8525636120611;;;;
2022-03-29 16:00:00;0.0;50.0;;191.0534021949412;;;;
2022-03-29 17:00:00;0.0;50.0;;179.6730739398376;;;;
2022-03-29 18:00:00;0.0;50.0;;166.4911055335231;;;;
2022-03-29 19:00:00;0.0;50.0;;152.3970167214221;;;;
2022-03-29 20:00:00;0.0;50.0;;138.3424666929389;;;;
2022-03-29 21:00:00;0.0;50.0;;125.2461671310226;;;;
2022-03-29 22:00:00;0.0;50.0;;113.9762061691284;;;;
2022-03-29 23:00:00;0.0;50.0;;105.1377937707855;;;;
2022-03-30 00:00:00;0.0;50.0;;99.38631689602644;;;;
2022-03-30 01:00:00;0.0;50.0;;97.02303494488768;;;;
2022-03-30 02:00:00;0.0;50.0;;98.22861618111054;;;;
2022-03-30 03:00:00;0.0;50.0;;102.7199959318778;;;;
2022-03-30 04:00:00;0.0;50.0;;110.1010051053266;;;;
2022-03-30 05:00:00;0.0;50.0;;119.7772886669458;;;;
2022-03-30 06:00:00;0.0;50.0;;131.0005764355505;;;;
2022-03-30 07:00:00;0.0;50.0;;142.9255601059999;;;;
2022-03-30 08:00:00;0.0;50.0;;154.6813603070517;;;;
2022-03-30 09:00:00;0.0;50.0;;165.4126513366281;;;;
2022-03-30 10:00:00;0.0;50.0;;174.3471384139442;;;;
2022-03-30 11:00:00;0.0;50.0;;180.8367676231543;;;;
2022-03-30 12:00:00;0.0;50.0;;184.4159360168433;;;;
2022-03-30 13:00:00;0.0;50.0;;184.8322735239607;;;;
2022-03-30 14:00:00;0.0;50.0;;182.0432842443333;;;;
2022-03-30 15:00:00;0.0;50.0;;176.2256254836651;;;;
2022-03-30 16:00:00;0.0;50.0;;167.7566512592622;;;;
2022-03-30 17:00:00;0.0;50.0;;157.1903598693791;;;;
2022-03-30 18:00:00;0.0;50.0;;145.2087822377981;;;;
2022-03-30 19:00:00;0.0;50.0;;132.5823208522918;;;;
2022-03-30 20:00:00;0.0;50.0;;120.1216741656674;;;;
2022-03-30 21:00:00;0.0;50.0;;108.6211965660545;;;;
2022-03-30 22:00:00;0.0;50.0;;98.8058163633237;;;;
2022-03-30 23:00:00;0.0;50.0;;92.24522796783654;;;;
2022-03-31 00:00:00;0.0;50.0;;88.40213332675873;;;;
2022-03-31 01:00:00;0.0;50.0;;87.58073335155308;;;;
2022-03-31 02:00:00;0.0;50.0;;88.92525476538819;;;;
2022-03-31 03:00:00;0.0;50.0;;93.33350887504767;;;;
2022-03-31 04:00:00;0.0;50.0;;100.4880332241848;;;;
2022-03-31 05:00:00;0.0;50.0;;109.8932331653954;;;;
2022-03-31 06:00:00;0.0;50.0;;120.9146572931393;;;;
2022-03-31 07:00:00;0.0;50.0;;132.8130764908742;;;;
2022-03-31 08:00:00;0.0;50.0;;144.7983271912005;;;;
2022-03-31 09:00:00;0.0;50.0;;156.0761543561694;;;;
2022-03-31 10:00:00;0.0;50.0;;165.898308648141;;;;
2022-03-31 11:00:00;0.0;50.0;;173.6215213107961;;;;
2022-03-31 12:00:00;0.0;50.0;;178.7481287681636;;;;
2022-03-31 13:00:00;0.0;50.0;;180.942230410819;;;;
2022-03-31 14:00:00;0.0;50.0;;180.0611777649534;;;;
2022-03-31 15:00:00;0.0;50.0;;176.1618083489691;;;;
2022-03-31 16:00:00;0.0;50.0;;169.5188702373843;;;;
2022-03-31 17:00:00;0.0;50.0;;160.5940439404735;;;;
2022-03-31 18:00:00;0.0;50.0;;150.0033502737714;;;;
2022-03-31 19:00:00;0.0;50.0;;138.4983837745606;;;;
2022-03-31 20:00:00;0.0;50.0;;126.8880916365388;;;;
2022-03-31 21:00:00;0.0;50.0;;116.0147694004801;;;;
2022-03-31 22:00:00;0.0;50.0;;106.673516270449;;;;
2022-03-31 23:00:00;0.0;50.0;;100.8912813291734;;;;
2022-04-01 00:00:00;0.0;50.0;;97.92360033876953;;;;
2022-04-01 01:00:00;0.0;50.0;;98.20790606238708;;;;
2022-04-01 02:00:00;0.0;50.0;;100.662264028375;;;;
2022-04-01 03:00:00;0.0;50.0;;106.5894229274646;;;;
2022-04-01 04:00:00;0.0;50.0;;115.6923636718887;;;;
2022-04-01 05:00:00;0.0;50.0;;127.4502453438623;;;;
2022-04-01 06:00:00;0.0;50.0;;141.1554898068495;;;;
2022-04-01 07:00:00;0.0;50.0;;155.944106433382;;;;
2022-04-01 08:00:00;0.0;50.0;;170.8666228816013;;;;
2022-04-01 09:00:00;0.0;50.0;;184.961516934027;;;;
2022-04-01 10:00:00;0.0;50.0;;197.3035760450033;;;;
2022-04-01 11:00:00;0.0;50.0;;207.0769553411888;;;;
2022-04-01 12:00:00;0.0;50.0;;213.6118009988744;;;;
2022-04-01 13:00:00;0.0;50.0;;216.4911170128349;;;;
2022-04-01 14:00:00;0.0;50.0;;215.5254207425652;;;;
2022-04-01 15:00:00;0.0;50.0;;210.7989880216618;;;;
2022-04-01 16:00:00;0.0;50.0;;202.6502295522501;;;;
2022-04-01 17:00:00;0.0;50.0;;191.6532171381353;;;;
2022-04-01 18:00:00;0.0;50.0;;178.5905166323628;;;;
2022-04-01 19:00:00;0.0;50.0;;164.3822819378448;;;;
2022-04-01 20:00:00;0.0;50.0;;150.0476569648294;;;;
2022-04-01 21:00:00;0.0;50.0;;136.6069318908551;;;;
2022-04-01 22:00:00;0.0;50.0;;125.0157229443628;;;;
2022-04-01 23:00:00;0.0;50.0;;116.6706068515292;;;;
2022-04-02 00:00:00;0.0;50.0;;111.6354078121634;;;;
2022-04-02 01:00:00;0.0;50.0;;110.3322351929631;;;;
2022-04-02 02:00:00;0.0;50.0;;112.3503420488745;;;;
2022-04-02 03:00:00;0.0;50.0;;118.1614694600993;;;;
2022-04-02 04:00:00;0.0;50.0;;127.3678586256681;;;;
2022-04-02 05:00:00;0.0;50.0;;139.3395246454926;;;;
2022-04-02 06:00:00;0.0;50.0;;153.2395741977957;;;;
2022-04-02 07:00:00;0.0;50.0;;168.107451761941;;;;
2022-04-02 08:00:00;0.0;50.0;;182.9143706666587;;;;
2022-04-02 09:00:00;0.0;50.0;;196.637346934681;;;;
2022-04-02 10:00:00;0.0;50.0;;208.3352448514609;;;;
2022-04-02 11:00:00;0.0;50.0;;217.1917536272794;;;;
2022-04-02 12:00:00;0.0;50.0;;222.5993834307131;;;;
2022-04-02 13:00:00;0.0;50.0;;224.19120098534;;;;
2022-04-02 14:00:00;0.0;50.0;;221.8647407888227;;;;
2022-04-02 15:00:00;0.0;50.0;;215.7817540327865;;;;
2022-04-02 16:00:00;0.0;50.0;;206.3455917243051;;;;
2022-04-02 17:00:00;0.0;50.0;;194.20251884813;;;;
2022-04-02 18:00:00;0.0;50.0;;180.17120122379;;;;
2022-04-02 19:00:00;0.0;50.0;;165.1943447845782;;;;
2022-04-02 20:00:00;0.0;50.0;;150.2696889550642;;;;
2022-04-02 21:00:00;0.0;50.0;;136.3961759362369;;;;
2022-04-02 22:00:00;0.0;50.0;;124.5052819586698;;;;
2022-04-02 23:00:00;0.0;50.0;;114.5958511921245;;;;
2022-04-03 00:00:00;0.0;50.0;;108.0895049315845;;;;
2022-04-03 01:00:00;0.0;50.0;;105.3337710778592;;;;
2022-04-03 02:00:00;0.0;50.0;;107.2317225857566;;;;
2022-04-03 03:00:00;0.0;50.0;;112.8094968958099;;;;
2022-04-03 04:00:00;0.0;50.0;;121.703642677108;;;;
2022-04-03 05:00:00;0.0;50.0;;133.325057382724;;;;
2022-04-03 06:00:00;0.0;50.0;;146.9024315958256;;;;
2022-04-03 07:00:00;0.0;50.0;;161.5360502749191;;;;
2022-04-03 08:00:00;0.0;50.0;;176.2444932302858;;;;
2022-04-03 09:00:00;0.0;50.0;;190.0644131090103;;;;
2022-04-03 10:00:00;0.0;50.0;;202.0706447987336;;;;
2022-04-03 11:00:00;0.0;50.0;;211.477510139201;;;;
2022-04-03 12:00:00;0.0;50.0;;217.6519257837884;;;;
2022-04-03 13:00:00;0.0;50.0;;220.1881688319604;;;;
2022-04-03 14:00:00;0.0;50.0;;218.9155966476912;;;;
2022-04-03 15:00:00;0.0;50.0;;213.9264730319059;;;;
2022-04-03 16:00:00;0.0;50.0;;205.5731483866461;;;;
2022-04-03 17:00:00;0.0;50.0;;194.4395244836828;;;;
2022-04-03 18:00:00;0.0;50.0;;181.2926433054728;;;;
2022-04-03 19:00:00;0.0;50.0;;167.0399798648006;;;;
2022-04-03 20:00:00;0.0;50.0;;152.6837177676942;;;;
2022-04-03 21:00:00;0.0;50.0;;139.2440845282888;;;;
2022-04-03 22:00:00;0.0;50.0;;127.6919505917742;;;;
2022-04-03 23:00:00;0.0;50.0;;117.1234177623614;;;;
2022-04-04 00:00:00;0.0;50.0;;109.9694101940249;;;;
2022-04-04 01:00:00;0.0;50.0;;106.5999464207942;;;;
2022-04-04 02:00:00;0.0;50.0;;108.8680514110093;;;;
2022-04-04 03:00:00;0.0;50.0;;114.8524911365235;;;;
2022-04-04 04:00:00;0.0;50.0;;124.1904768868092;;;;
2022-04-04 05:00:00;0.0;50.0;;136.2873645456776;;;;
2022-04-04 06:00:00;0.0;50.0;;150.3464757362672;;;;
2022-04-04 07:00:00;0.0;50.0;;165.425549999261;;;;
2022-04-04 08:00:00;0.0;50.0;;180.5184240106761;;;;
2022-04-04 09:00:00;0.0;50.0;;194.6004991212325;;;;
2022-04-04 10:00:00;0.0;50.0;;206.7043900947011;;;;
2022-04-04 11:00:00;0.0;50.0;;215.9899201518016;;;;
2022-04-04 12:00:00;0.0;50.0;;221.8175034118196;;;;
2022-04-04 13:00:00;0.0;50.0;;223.7912088214;;;;
2022-04-04 14:00:00;0.0;50.0;;221.7679458455706;;;;
2022-04-04 15:00:00;0.0;50.0;;215.886682980449;;;;
2022-04-04 16:00:00;0.0;50.0;;206.5477717257661;;;;
2022-04-04 17:00:00;0.0;50.0;;194.3973868294539;;;;
2022-04-04 18:00:00;0.0;50.0;;180.2674703078883;;;;
2022-04-04 19:00:00;0.0;50.0;;165.1226447530908;;;;
2022-04-04 20:00:00;0.0;50.0;;149.9823202361472;;;;
2022-04-04 21:00:00;0.0;50.0;;135.8559890709992;;;;
2022-04-04 22:00:00;0.0;50.0;;123.6872648747596;;;;
2022-04-04 23:00:00;0.0;50.0;;112.854870225431;;;;
2022-04-05 00:00:00;0.0;50.0;;105.3871669870163;;;;
2022-04-05 01:00:00;0.0;50.0;;101.5749443845286;;;;
2022-04-05 02:00:00;0.0;50.0;;102.8614887540501;;;;
2022-04-05 03:00:00;0.0;50.0;;107.5803732721688;;;;
2022-04-05 04:00:00;0.0;50.0;;115.3109959217542;;;;
2022-04-05 05:00:00;0.0;50.0;;125.4390434965813;;;;
2022-04-05 06:00:00;0.0;50.0;;137.1850016245956;;;;
2022-04-05 07:00:00;0.0;50.0;;149.6637513259974;;;;
2022-04-05 08:00:00;0.0;50.0;;161.9412026729707;;;;
2022-04-05 09:00:00;0.0;50.0;;173.1153237149174;;;;
2022-04-05 10:00:00;0.0;50.0;;182.3756168513721;;;;
2022-04-05 11:00:00;0.0;50.0;;189.0619732588119;;;;
2022-04-05 12:00:00;0.0;50.0;;192.6838994172788;;;;
2022-04-05 13:00:00;0.0;50.0;;192.9846788944079;;;;
2022-04-05 14:00:00;0.0;50.0;;189.9143475071532;;;;
2022-04-05 15:00:00;0.0;50.0;;183.6697396136526;;;;
2022-04-05 16:00:00;0.0;50.0;;174.6481471346136;;;;
2022-04-05 17:00:00;0.0;50.0;;163.4421851115766;;;;
2022-04-05 18:00:00;0.0;50.0;;150.7832371215818;;;;
2022-04-05 19:00:00;0.0;50.0;;137.4849095392618;;;;
2022-04-05 20:00:00;0.0;50.0;;124.3839595816015;;;;
2022-04-05 21:00:00;0.0;50.0;;112.2971884156235;;;;
2022-04-05 22:00:00;0.0;50.0;;101.9649174737974;;;;
2022-04-05 23:00:00;0.0;50.0;;93.90884298697637;;;;
2022-04-06 00:00:00;0.0;50.0;;88.69128813306426;;;;
2022-04-06 01:00:00;0.0;50.0;;86.56932744744176;;;;
2022-04-06 02:00:00;0.0;50.0;;87.7021808460758;;;;
2022-04-06 03:00:00;0.0;50.0;;91.83156094736417;;;;
2022-04-06 04:00:00;0.0;50.0;;98.63075183672353;;;;
2022-04-06 05:00:00;0.0;50.0;;107.5952206413003;;;;
2022-04-06 06:00:00;0.0;50.0;;118.0872898297515;;;;
2022-04-06 07:00:00;0.0;50.0;;129.3692853667986;;;;
2022-04-06 08:00:00;0.0;50.0;;140.6613643899702;;;;
2022-04-06 09:00:00;0.0;50.0;;151.1983891782876;;;;
2022-04-06 10:00:00;0.0;50.0;;160.2729089616336;;;;
2022-04-06 11:00:00;0.0;50.0;;167.2776383883188;;;;
2022-04-06 12:00:00;0.0;50.0;;171.7434848671632;;;;
2022-04-06 13:00:00;0.0;50.0;;173.3630833162728;;;;
2022-04-06 14:00:00;0.0;50.0;;172.0214178427808;;;;
2022-04-06 15:00:00;0.0;50.0;;167.8095483068901;;;;
2022-04-06 16:00:00;0.0;50.0;;161.0145701562767;;;;
2022-04-06 17:00:00;0.0;50.0;;152.1001789434621;;;;
2022-04-06 18:00:00;0.0;50.0;;141.6659701907457;;;;
2022-04-06 19:00:00;0.0;50.0;;130.427145614721;;;;
2022-04-06 20:00:00;0.0;50.0;;119.1587452803635;;;;
2022-04-06 21:00:00;0.0;50.0;;108.64840104653;;;;
2022-04-06 22:00:00;0.0;50.0;;99.63930332750263;;;;
2022-04-06 23:00:00;0.0;50.0;;93.7643709270402;;;;
2022-04-07 00:00:00;0.0;50.0;;90.53550173541169;;;;
2022-04-07 01:00:00;0.0;50.0;;90.32254774274752;;;;
2022-04-07 02:00:00;0.0;50.0;;92.3214373301964;;;;
2022-04-07 03:00:00;0.0;50.0;;97.49082968964298;;;;
2022-04-07 04:00:00;0.0;50.0;;105.5460307391457;;;;
2022-04-07 05:00:00;0.0;50.0;;115.9901333789475;;;;
2022-04-07 06:00:00;0.0;50.0;;128.1677835271498;;;;
2022-04-07 07:00:00;0.0;50.0;;141.2870812508332;;;;
2022-04-07 08:00:00;0.0;50.0;;154.4953996712582;;;;
2022-04-07 09:00:00;0.0;50.0;;166.9026829601571;;;;
2022-04-07 10:00:00;0.0;50.0;;177.6807434309023;;;;
2022-04-07 11:00:00;0.0;50.0;;186.1022665024793;;;;
2022-04-07 12:00:00;0.0;50.0;;191.6147032855226;;;;
2022-04-07 13:00:00;0.0;50.0;;193.8451474707462;;;;
2022-04-07 14:00:00;0.0;50.0;;192.6446750708138;;;;
2022-04-07 15:00:00;0.0;50.0;;188.0973504851748;;;;
2022-04-07 16:00:00;0.0;50.0;;180.5253229847626;;;;
2022-04-07 17:00:00;0.0;50.0;;170.4599214698924;;;;
2022-04-07 18:00:00;0.0;50.0;;158.6045126252766;;;;
2022-04-07 19:00:00;0.0;50.0;;145.7797913352743;;;;
2022-04-07 20:00:00;0.0;50.0;;132.883616604805;;;;
2022-04-07 21:00:00;0.0;50.0;;120.8169744588986;;;;
2022-04-07 22:00:00;0.0;50.0;;110.4255101738312;;;;
2022-04-07 23:00:00;0.0;50.0;;103.7537351427173;;;;
2022-04-08 00:00:00;0.0;50.0;;100.0021589194052;;;;
2022-04-08 01:00:00;0.0;50.0;;99.56647584147086;;;;
2022-04-08 02:00:00;0.0;50.0;;101.2839765406757;;;;
2022-04-08 03:00:00;0.0;50.0;;106.4208325488408;;;;
2022-04-08 04:00:00;0.0;50.0;;114.6141009657029;;;;
2022-04-08 05:00:00;0.0;50.0;;125.2848077940038;;;;
2022-04-08 06:00:00;0.0;50.0;;137.6846917669451;;;;
2022-04-08 07:00:00;0.0;50.0;;150.9477166606163;;;;
2022-04-08 08:00:00;0.0;50.0;;164.1493865709249;;;;
2022-04-08 09:00:00;0.0;50.0;;176.3850149726273;;;;
2022-04-08 10:00:00;0.0;50.0;;186.8165678488341;;;;
2022-04-08 11:00:00;0.0;50.0;;194.7264952804276;;;;
2022-04-08 12:00:00;0.0;50.0;;199.5722020652273;;;;
2022-04-08 13:00:00;0.0;50.0;;201.0073883788563;;;;
2022-04-08 14:00:00;0.0;50.0;;198.9447965493268;;;;
2022-04-08 15:00:00;0.0;50.0;;193.524021346295;;;;
2022-04-08 16:00:00;0.0;50.0;;185.1176522377272;;;;
2022-04-08 17:00:00;0.0;50.0;;174.2895569506756;;;;
2022-04-08 18:00:00;0.0;50.0;;161.775091423182;;;;
2022-04-08 19:00:00;0.0;50.0;;148.407371548594;;;;
2022-04-08 20:00:00;0.0;50.0;;135.0892969250129;;;;
2022-04-08 21:00:00;0.0;50.0;;122.7121084860609;;;;
2022-04-08 22:00:00;0.0;50.0;;112.1199691714214;;;;
2022-04-08 23:00:00;0.0;50.0;;104.5306790740168;;;;
2022-04-09 00:00:00;0.0;50.0;;99.98501064595331;;;;
2022-04-09 01:00:00;0.0;50.0;;98.85303403081701;;;;
2022-04-09 02:00:00;0.0;50.0;;100.7768450992349;;;;
2022-04-09 03:00:00;0.0;50.0;;106.174460434608;;;;
2022-04-09 04:00:00;0.0;50.0;;114.7198758083647;;;;
2022-04-09 05:00:00;0.0;50.0;;125.8687795814262;;;;
2022-04-09 06:00:00;0.0;50.0;;138.9103046787468;;;;
2022-04-09 07:00:00;0.0;50.0;;153.009305478349;;;;
2022-04-09 08:00:00;0.0;50.0;;167.2541365811806;;;;
2022-04-09 09:00:00;0.0;50.0;;180.7247066388041;;;;
2022-04-09 10:00:00;0.0;50.0;;192.5329347493017;;;;
2022-04-09 11:00:00;0.0;50.0;;201.9216297622303;;;;
2022-04-09 12:00:00;0.0;50.0;;208.2650613190517;;;;
2022-04-09 13:00:00;0.0;50.0;;211.1496648703512;;;;
2022-04-09 14:00:00;0.0;50.0;;210.3854737757519;;;;
2022-04-09 15:00:00;0.0;50.0;;206.0531169782375;;;;
2022-04-09 16:00:00;0.0;50.0;;198.4649379748624;;;;
2022-04-09 17:00:00;0.0;50.0;;188.1446354026692;;;;
2022-04-09 18:00:00;0.0;50.0;;175.8191862238239;;;;
2022-04-09 19:00:00;0.0;50.0;;162.3667862915192;;;;
2022-04-09 20:00:00;0.0;50.0;;148.7656050469119;;;;
2022-04-09 21:00:00;0.0;50.0;;136.005512948629;;;;
2022-04-09 22:00:00;0.0;50.0;;125.0273242073087;;;;
2022-04-09 23:00:00;0.0;50.0;;115.8461505397471;;;;
2022-04-10 00:00:00;0.0;50.0;;109.9633387717361;;;;
2022-04-10 01:00:00;0.0;50.0;;107.811886242799;;;;
2022-04-10 02:00:00;0.0;50.0;;110.3827237492285;;;;
2022-04-10 03:00:00;0.0;50.0;;116.7409340086792;;;;
2022-04-10 04:00:00;0.0;50.0;;126.5438377843661;;;;
2022-04-10 05:00:00;0.0;50.0;;139.2016543187901;;;;
2022-04-10 06:00:00;0.0;50.0;;153.9276029250239;;;;
2022-04-10 07:00:00;0.0;50.0;;169.7648846872754;;;;
2022-04-10 08:00:00;0.0;50.0;;185.6788184713336;;;;
2022-04-10 09:00:00;0.0;50.0;;200.6054025499309;;;;
2022-04-10 10:00:00;0.0;50.0;;213.5553388760145;;;;
2022-04-10 11:00:00;0.0;50.0;;223.6551351910699;;;;
2022-04-10 12:00:00;0.0;50.0;;230.220940774202;;;;
2022-04-10 13:00:00;0.0;50.0;;232.7957626801458;;;;
2022-04-10 14:00:00;0.0;50.0;;231.2085407594455;;;;
2022-04-10 15:00:00;0.0;50.0;;225.5689957457322;;;;
2022-04-10 16:00:00;0.0;50.0;;216.2836639632753;;;;
2022-04-10 17:00:00;0.0;50.0;;203.9981944207813;;;;
2022-04-10 18:00:00;0.0;50.0;;189.5739359494507;;;;
2022-04-10 19:00:00;0.0;50.0;;174.0111383283815;;;;
2022-04-10 20:00:00;0.0;50.0;;158.3872182144025;;;;
2022-04-10 21:00:00;0.0;50.0;;143.7725465303512;;;;
2022-04-10 22:00:00;0.0;50.0;;131.1621717194143;;;;
2022-04-10 23:00:00;0.0;50.0;;119.6422938023743;;;;
2022-04-11 00:00:00;0.0;50.0;;111.6656204949472;;;;
2022-04-11 01:00:00;0.0;50.0;;107.5629522783165;;;;
2022-04-11 02:00:00;0.0;50.0;;109.1460957313467;;;;
2022-04-11 03:00:00;0.0;50.0;;114.381727908376;;;;
2022-04-11 04:00:00;0.0;50.0;;122.8458021596283;;;;
2022-04-11 05:00:00;0.0;50.0;;133.8901907764989;;;;
2022-04-11 06:00:00;0.0;50.0;;146.6941738754945;;;;
2022-04-11 07:00:00;0.0;50.0;;160.3112208174628;;;;
2022-04-11 08:00:00;0.0;50.0;;173.7593721762764;;;;
2022-04-11 09:00:00;0.0;50.0;;186.0586255850494;;;;
2022-04-11 10:00:00;0.0;50.0;;196.3292557060443;;;;
2022-04-11 11:00:00;0.0;50.0;;203.8412422383486;;;;
2022-04-11 12:00:00;0.0;50.0;;208.0572494831623;;;;
2022-04-11 13:00:00;0.0;50.0;;208.6731451995686;;;;
2022-04-11 14:00:00;0.0;50.0;;205.6261693591825;;;;
2022-04-11 15:00:00;0.0;50.0;;199.1128640195744;;;;
2022-04-11 16:00:00;0.0;50.0;;189.5671263683663;;;;
2022-04-11 17:00:00;0.0;50.0;;177.6106800914457;;;;
2022-04-11 18:00:00;0.0;50.0;;164.0302116148389;;;;
2022-04-11 19:00:00;0.0;50.0;;149.700155396754;;;;
2022-04-11 20:00:00;0.0;50.0;;135.5509489283795;;;;
2022-04-11 21:00:00;0.0;50.0;;122.4749682468126;;;;
2022-04-11 22:00:00;0.0;50.0;;111.2896589132252;;;;
2022-04-11 23:00:00;0.0;50.0;;101.4012632616583;;;;
2022-04-12 00:00:00;0.0;50.0;;94.61650954409913;;;;
2022-04-12 01:00:00;0.0;50.0;;91.18024337284552;;;;
2022-04-12 02:00:00;0.0;50.0;;92.39067997680027;;;;
2022-04-12 03:00:00;0.0;50.0;;96.74961329397371;;;;
2022-04-12 04:00:00;0.0;50.0;;103.9088310112628;;;;
2022-04-12 05:00:00;0.0;50.0;;113.3255983650164;;;;
2022-04-12 06:00:00;0.0;50.0;;124.3297146565911;;;;
2022-04-12 07:00:00;0.0;50.0;;136.1389325936918;;;;
2022-04-12 08:00:00;0.0;50.0;;147.9339312998678;;;;
2022-04-12 09:00:00;0.0;50.0;;158.9004677852719;;;;
2022-04-12 10:00:00;0.0;50.0;;168.2927682559759;;;;
2022-04-12 11:00:00;0.0;50.0;;175.4780739326807;;;;
2022-04-12 12:00:00;0.0;50.0;;179.9613658024599;;;;
2022-04-12 13:00:00;0.0;50.0;;181.429930590485;;;;
2022-04-12 14:00:00;0.0;50.0;;179.7830125955114;;;;
2022-04-12 15:00:00;0.0;50.0;;175.1373696388058;;;;
2022-04-12 16:00:00;0.0;50.0;;167.7963406959628;;;;
2022-04-12 17:00:00;0.0;50.0;;158.2515120822228;;;;
2022-04-12 18:00:00;0.0;50.0;;147.1337778712177;;;;
2022-04-12 19:00:00;0.0;50.0;;135.2064224193749;;;;
2022-04-12 20:00:00;0.0;50.0;;123.2743627139455;;;;
2022-04-12 21:00:00;0.0;50.0;;112.1624782956019;;;;
2022-04-12 22:00:00;0.0;50.0;;102.6356222399607;;;;
2022-04-12 23:00:00;0.0;50.0;;95.24151578473946;;;;
2022-04-13 00:00:00;0.0;50.0;;90.6084978488949;;;;
2022-04-13 01:00:00;0.0;50.0;;89.05980867810449;;;;
2022-04-13 02:00:00;0.0;50.0;;90.82324131787242;;;;
2022-04-13 03:00:00;0.0;50.0;;95.68593412857669;;;;
2022-04-13 04:00:00;0.0;50.0;;103.3397653348323;;;;
2022-04-13 05:00:00;0.0;50.0;;113.2878006735702;;;;
2022-04-13 06:00:00;0.0;50.0;;124.8662476273381;;;;
2022-04-13 07:00:00;0.0;50.0;;137.2977173885736;;;;
2022-04-13 08:00:00;0.0;50.0;;149.7403547134109;;;;
2022-04-13 09:00:00;0.0;50.0;;161.3500556031856;;;;
2022-04-13 10:00:00;0.0;50.0;;171.3323963664517;;;;
2022-04-13 11:00:00;0.0;50.0;;179.0036768931304;;;;
2022-04-13 12:00:00;0.0;50.0;;183.8366596581642;;;;
2022-04-13 13:00:00;0.0;50.0;;185.4963699913037;;;;
2022-04-13 14:00:00;0.0;50.0;;183.8645414045177;;;;
2022-04-13 15:00:00;0.0;50.0;;179.0480528192089;;;;
2022-04-13 16:00:00;0.0;50.0;;171.3815594352532;;;;
2022-04-13 17:00:00;0.0;50.0;;161.3955482374151;;;;
2022-04-13 18:00:00;0.0;50.0;;149.7670219970586;;;;
2022-04-13 19:00:00;0.0;50.0;;137.2953915997609;;;;
2022-04-13 20:00:00;0.0;50.0;;124.8211441556487;;;;
2022-04-13 21:00:00;0.0;50.0;;113.1950840164862;;;;
2022-04-13 22:00:00;0.0;50.0;;103.1853179381186;;;;
2022-04-13 23:00:00;0.0;50.0;;96.45845424191006;;;;
2022-04-14 00:00:00;0.0;50.0;;92.48459936624667;;;;
2022-04-14 01:00:00;0.0;50.0;;91.6031215551999;;;;
2022-04-14 02:00:00;0.0;50.0;;92.92874534694457;;;;
2022-04-14 03:00:00;0.0;50.0;;97.38091705813744;;;;
2022-04-14 04:00:00;0.0;50.0;;104.604329075069;;;;
2022-04-14 05:00:00;0.0;50.0;;114.0543811847097;;;;
2022-04-14 06:00:00;0.0;50.0;;125.023038411746;;;;
2022-04-14 07:00:00;0.0;50.0;;136.7194874062054;;;;
2022-04-14 08:00:00;0.0;50.0;;148.3084037376044;;;;
2022-04-14 09:00:00;0.0;50.0;;158.9788607795609;;;;
2022-04-14 10:00:00;0.0;50.0;;167.9798788134383;;;;
2022-04-14 11:00:00;0.0;50.0;;174.677871231378;;;;
2022-04-14 12:00:00;0.0;50.0;;178.6039235500335;;;;
2022-04-14 13:00:00;0.0;50.0;;179.4781253072375;;;;
2022-04-14 14:00:00;0.0;50.0;;177.238673142681;;;;
2022-04-14 15:00:00;0.0;50.0;;172.0380888568012;;;;
2022-04-14 16:00:00;0.0;50.0;;164.2250947810613;;;;
2022-04-14 17:00:00;0.0;50.0;;154.3141515361442;;;;
2022-04-14 18:00:00;0.0;50.0;;142.957050670316;;;;
2022-04-14 19:00:00;0.0;50.0;;130.8960661058264;;;;
2022-04-14 20:00:00;0.0;50.0;;118.9359921600709;;;;
2022-04-14 21:00:00;0.0;50.0;;107.8618643174193;;;;
2022-04-14 22:00:00;0.0;50.0;;98.40762923630784;;;;
2022-04-14 23:00:00;0.0;50.0;;92.35286619526434;;;;
2022-04-15 00:00:00;0.0;50.0;;88.97349681317287;;;;
2022-04-15 01:00:00;0.0;50.0;;88.6043377288882;;;;
2022-04-15 02:00:00;0.0;50.0;;90.21961127447838;;;;
2022-04-15 03:00:00;0.0;50.0;;94.96398858930351;;;;
2022-04-15 04:00:00;0.0;50.0;;102.532556198421;;;;
2022-04-15 05:00:00;0.0;50.0;;112.4384492563374;;;;
2022-04-15 06:00:00;0.0;50.0;;124.0351552775131;;;;
2022-04-15 07:00:00;0.0;50.0;;136.581758273173;;;;
2022-04-15 08:00:00;0.0;50.0;;149.2719009344581;;;;
2022-04-15 09:00:00;0.0;50.0;;161.2845891364474;;;;
2022-04-15 10:00:00;0.0;50.0;;171.8362204218598;;;;
2022-04-15 11:00:00;0.0;50.0;;180.2409257439702;;;;
2022-04-15 12:00:00;0.0;50.0;;185.9584948293973;;;;
2022-04-15 13:00:00;0.0;50.0;;188.6254852086907;;;;
2022-04-15 14:00:00;0.0;50.0;;188.0696568255839;;;;
2022-04-15 15:00:00;0.0;50.0;;184.3339608765347;;;;
2022-04-15 16:00:00;0.0;50.0;;177.6809635980065;;;;
2022-04-15 17:00:00;0.0;50.0;;168.5849535735809;;;;
2022-04-15 18:00:00;0.0;50.0;;157.6959856595545;;;;
2022-04-15 19:00:00;0.0;50.0;;145.7954902612554;;;;
2022-04-15 20:00:00;0.0;50.0;;133.7380172678584;;;;
2022-04-15 21:00:00;0.0;50.0;;122.4123132010308;;;;
2022-04-15 22:00:00;0.0;50.0;;112.6734264967783;;;;
2022-04-15 23:00:00;0.0;50.0;;105.7976734400659;;;;
2022-04-16 00:00:00;0.0;50.0;;101.8806329930274;;;;
2022-04-16 01:00:00;0.0;50.0;;101.3604596195518;;;;
2022-04-16 02:00:00;0.0;50.0;;103.9360608227866;;;;
2022-04-16 03:00:00;0.0;50.0;;110.0935704818691;;;;
2022-04-16 04:00:00;0.0;50.0;;119.527878091897;;;;
2022-04-16 05:00:00;0.0;50.0;;131.7085158930804;;;;
2022-04-16 06:00:00;0.0;50.0;;145.8953816933136;;;;
2022-04-16 07:00:00;0.0;50.0;;161.2001348658484;;;;
2022-04-16 08:00:00;0.0;50.0;;176.6455278633029;;;;
2022-04-16 09:00:00;0.0;50.0;;191.2177791996737;;;;
2022-04-16 10:00:00;0.0;50.0;;203.9548227424449;;;;
2022-04-16 11:00:00;0.0;50.0;;214.0140812808706;;;;
2022-04-16 12:00:00;0.0;50.0;;220.7301372671292;;;;
2022-04-16 13:00:00;0.0;50.0;;223.6457645065003;;;;
2022-04-16 14:00:00;0.0;50.0;;222.5743500202979;;;;
2022-04-16 15:00:00;0.0;50.0;;217.5955357028204;;;;
2022-04-16 16:00:00;0.0;50.0;;209.0768271887076;;;;
2022-04-16 17:00:00;0.0;50.0;;197.6142876689492;;;;
2022-04-16 18:00:00;0.0;50.0;;184.0240019206212;;;;
2022-04-16 19:00:00;0.0;50.0;;169.2727147118277;;;;
2022-04-16 20:00:00;0.0;50.0;;154.3998091714506;;;;
2022-04-16 21:00:00;0.0;50.0;;140.4609374371442;;;;
2022-04-16 22:00:00;0.0;50.0;;128.4324853721378;;;;
2022-04-16 23:00:00;0.0;50.0;;118.3219368852566;;;;
2022-04-17 00:00:00;0.0;50.0;;111.6343927609702;;;;
2022-04-17 01:00:00;0.0;50.0;;108.745647817282;;;;
2022-04-17 02:00:00;0.0;50.0;;110.606101393985;;;;
2022-04-17 03:00:00;0.0;50.0;;116.1874075038161;;;;
2022-04-17 04:00:00;0.0;50.0;;125.0808436210076;;;;
2022-04-17 05:00:00;0.0;50.0;;136.6443072691799;;;;
2022-04-17 06:00:00;0.0;50.0;;150.0627693809827;;;;
2022-04-17 07:00:00;0.0;50.0;;164.3857385420083;;;;
2022-04-17 08:00:00;0.0;50.0;;178.6022827381821;;;;
2022-04-17 09:00:00;0.0;50.0;;191.6996682183565;;;;
2022-04-17 10:00:00;0.0;50.0;;202.7717951687665;;;;
2022-04-17 11:00:00;0.0;50.0;;211.0491611869359;;;;
2022-04-17 12:00:00;0.0;50.0;;215.9469446711678;;;;
2022-04-17 13:00:00;0.0;50.0;;217.1104570664409;;;;
2022-04-17 14:00:00;0.0;50.0;;214.4614434446737;;;;
2022-04-17 15:00:00;0.0;50.0;;208.1750448850236;;;;
2022-04-17 16:00:00;0.0;50.0;;198.6692562984026;;;;
2022-04-17 17:00:00;0.0;50.0;;186.5743783722092;;;;
2022-04-17 18:00:00;0.0;50.0;;172.7096672648544;;;;
2022-04-17 19:00:00;0.0;50.0;;157.9945341144911;;;;
2022-04-17 20:00:00;0.0;50.0;;143.3930788799791;;;;
2022-04-17 21:00:00;0.0;50.0;;129.8581818158422;;;;
2022-04-17 22:00:00;0.0;50.0;;118.2650838442064;;;;
2022-04-17 23:00:00;0.0;50.0;;107.7552369939632;;;;
2022-04-18 00:00:00;0.0;50.0;;100.5122129309959;;;;
2022-04-18 01:00:00;0.0;50.0;;96.81992707225402;;;;
2022-04-18 02:00:00;0.0;50.0;;98.31245226794127;;;;
2022-04-18 03:00:00;0.0;50.0;;103.1639259897591;;;;
2022-04-18 04:00:00;0.0;50.0;;111.0101983400718;;;;
2022-04-18 05:00:00;0.0;50.0;;121.295939184383;;;;
2022-04-18 06:00:00;0.0;50.0;;133.3052966893774;;;;
2022-04-18 07:00:00;0.0;50.0;;146.2057227923862;;;;
2022-04-18 08:00:00;0.0;50.0;;159.1207841739056;;;;
2022-04-18 09:00:00;0.0;50.0;;171.1733617188553;;;;
2022-04-18 10:00:00;0.0;50.0;;181.5456344336681;;;;
2022-04-18 11:00:00;0.0;50.0;;189.531057591724;;;;
2022-04-18 12:00:00;0.0;50.0;;194.5852637700671;;;;
2022-04-18 13:00:00;0.0;50.0;;196.3810390918193;;;;
2022-04-18 14:00:00;0.0;50.0;;194.78991946881;;;;
2022-04-18 15:00:00;0.0;50.0;;189.9126133099381;;;;
2022-04-18 16:00:00;0.0;50.0;;182.0812752645202;;;;
2022-04-18 17:00:00;0.0;50.0;;171.8244247442956;;;;
2022-04-18 18:00:00;0.0;50.0;;159.845327099664;;;;
2022-04-18 19:00:00;0.0;50.0;;146.9514235270493;;;;
2022-04-18 20:00:00;0.0;50.0;;134.0368992671498;;;;
2022-04-18 21:00:00;0.0;50.0;;121.9869796466905;;;;
2022-04-18 22:00:00;0.0;50.0;;111.6426070197156;;;;
2022-04-18 23:00:00;0.0;50.0;;102.4235280202967;;;;
2022-04-19 00:00:00;0.0;50.0;;96.21341368125928;;;;
2022-04-19 01:00:00;0.0;50.0;;93.327630970896;;;;
2022-04-19 02:00:00;0.0;50.0;;95.14645654396477;;;;
2022-04-19 03:00:00;0.0;50.0;;100.2064376398082;;;;
2022-04-19 04:00:00;0.0;50.0;;108.1723725201706;;;;
2022-04-19 05:00:00;0.0;50.0;;118.5225342972555;;;;
2022-04-19 06:00:00;0.0;50.0;;130.5527320163774;;;;
2022-04-19 07:00:00;0.0;50.0;;143.4501354202399;;;;
2022-04-19 08:00:00;0.0;50.0;;156.3359063361517;;;;
2022-04-19 09:00:00;0.0;50.0;;168.3219621239235;;;;
2022-04-19 10:00:00;0.0;50.0;;178.5771364547757;;;;
2022-04-19 11:00:00;0.0;50.0;;186.3873907533165;;;;
2022-04-19 12:00:00;0.0;50.0;;191.2148348018069;;;;
2022-04-19 13:00:00;0.0;50.0;;192.7196574573798;;;;
2022-04-19 14:00:00;0.0;50.0;;190.7900890983353;;;;
2022-04-19 15:00:00;0.0;50.0;;185.5519460485928;;;;
2022-04-19 16:00:00;0.0;50.0;;177.3699660325544;;;;
2022-04-19 17:00:00;0.0;50.0;;166.800478814409;;;;
2022-04-19 18:00:00;0.0;50.0;;154.5619586878739;;;;
2022-04-19 19:00:00;0.0;50.0;;141.4752921212951;;;;
2022-04-19 20:00:00;0.0;50.0;;128.4198371604264;;;;
2022-04-19 21:00:00;0.0;50.0;;116.2623261779545;;;;
2022-04-19 22:00:00;0.0;50.0;;105.7974247824517;;;;
2022-04-19 23:00:00;0.0;50.0;;97.57799622067941;;;;
2022-04-20 00:00:00;0.0;50.0;;92.22387100461131;;;;
2022-04-20 01:00:00;0.0;50.0;;90.01791665839355;;;;
2022-04-20 02:00:00;0.0;50.0;;91.14173347079172;;;;
2022-04-20 03:00:00;0.0;50.0;;95.31027938482576;;;;
2022-04-20 04:00:00;0.0;50.0;;102.1602895433933;;;;
2022-04-20 05:00:00;0.0;50.0;;111.1355534901502;;;;
2022-04-20 06:00:00;0.0;50.0;;121.5478586460697;;;;
2022-04-20 07:00:00;0.0;50.0;;132.6133005207435;;;;
2022-04-20 08:00:00;0.0;50.0;;143.519325285394;;;;
2022-04-20 09:00:00;0.0;50.0;;153.4719327428928;;;;
2022-04-20 10:00:00;0.0;50.0;;161.7585260053204;;;;
2022-04-20 11:00:00;0.0;50.0;;167.7849815876045;;;;
2022-04-20 12:00:00;0.0;50.0;;171.1186328311612;;;;
2022-04-20 13:00:00;0.0;50.0;;171.509924212135;;;;
2022-04-20 14:00:00;0.0;50.0;;168.9198060486639;;;;
2022-04-20 15:00:00;0.0;50.0;;163.5179423221832;;;;
2022-04-20 16:00:00;0.0;50.0;;155.6547201277693;;;;
2022-04-20 17:00:00;0.0;50.0;;145.8489450134601;;;;
2022-04-20 18:00:00;0.0;50.0;;134.7241957493527;;;;
2022-04-20 19:00:00;0.0;50.0;;123.0125053888861;;;;
2022-04-20 20:00:00;0.0;50.0;;111.4565958504317;;;;
2022-04-20 21:00:00;0.0;50.0;;100.7934411921752;;;;
2022-04-20 22:00:00;0.0;50.0;;91.68291722418118;;;;
2022-04-20 23:00:00;0.0;50.0;;85.57635351469148;;;;
2022-04-21 00:00:00;0.0;50.0;;81.99475753962987;;;;
2022-04-21 01:00:00;0.0;50.0;;81.22274543471842;;;;
2022-04-21 02:00:00;0.0;50.0;;82.47383108823121;;;;
2022-04-21 03:00:00;0.0;50.0;;86.56551150915263;;;;
2022-04-21 04:00:00;0.0;50.0;;93.19857143384195;;;;
2022-04-21 05:00:00;0.0;50.0;;101.9149102157574;;;;
2022-04-21 06:00:00;0.0;50.0;;112.1264740645067;;;;
2022-04-21 07:00:00;0.0;50.0;;123.1533028984363;;;;
2022-04-21 08:00:00;0.0;50.0;;134.2639982046608;;;;
2022-04-21 09:00:00;0.0;50.0;;144.7181831957888;;;;
2022-04-21 10:00:00;0.0;50.0;;153.8300228437628;;;;
2022-04-21 11:00:00;0.0;50.0;;161.0002627907498;;;;
2022-04-21 12:00:00;0.0;50.0;;165.7690324928152;;;;
2022-04-21 13:00:00;0.0;50.0;;167.8052131477143;;;;
2022-04-21 14:00:00;0.0;50.0;;166.9869780663055;;;;
2022-04-21 15:00:00;0.0;50.0;;163.3744714947339;;;;
2022-04-21 16:00:00;0.0;50.0;;157.2239597613566;;;;
2022-04-21 17:00:00;0.0;50.0;;148.9505353719305;;;;
2022-04-21 18:00:00;0.0;50.0;;139.1277666310654;;;;
2022-04-21 19:00:00;0.0;50.0;;128.4526425949665;;;;
2022-04-21 20:00:00;0.0;50.0;;117.6882163071658;;;;
2022-04-21 21:00:00;0.0;50.0;;107.6093769179411;;;;
2022-04-21 22:00:00;0.0;50.0;;98.95673128751005;;;;
2022-04-21 23:00:00;0.0;50.0;;93.5879374304472;;;;
2022-04-22 00:00:00;0.0;50.0;;90.81945815753217;;;;
2022-04-22 01:00:00;0.0;50.0;;91.06562785816055;;;;
2022-04-22 02:00:00;0.0;50.0;;93.33427642375125;;;;
2022-04-22 03:00:00;0.0;50.0;;98.82574421439875;;;;
2022-04-22 04:00:00;0.0;50.0;;107.263077687834;;;;
2022-04-22 05:00:00;0.0;50.0;;118.1643056229689;;;;
2022-04-22 06:00:00;0.0;50.0;;130.8727006953683;;;;
2022-04-22 07:00:00;0.0;50.0;;144.5868200737373;;;;
2022-04-22 08:00:00;0.0;50.0;;158.4305539494185;;;;
2022-04-22 09:00:00;0.0;50.0;;171.5100843374634;;;;
2022-04-22 10:00:00;0.0;50.0;;182.9569432290067;;;;
2022-04-22 11:00:00;0.0;50.0;;192.014545824772;;;;
2022-04-22 12:00:00;0.0;50.0;;198.0721090742827;;;;
2022-04-22 13:00:00;0.0;50.0;;200.748516436961;;;;
2022-04-22 14:00:00;0.0;50.0;;199.8619901815702;;;;
2022-04-22 15:00:00;0.0;50.0;;195.484332487771;;;;
2022-04-22 16:00:00;0.0;50.0;;187.9219038187862;;;;
2022-04-22 17:00:00;0.0;50.0;;177.7204312909915;;;;
2022-04-22 18:00:00;0.0;50.0;;165.6074961167032;;;;
2022-04-22 19:00:00;0.0;50.0;;152.4446412881127;;;;
2022-04-22 20:00:00;0.0;50.0;;139.1656065888648;;;;
2022-04-22 21:00:00;0.0;50.0;;126.7086166302018;;;;
2022-04-22 22:00:00;0.0;50.0;;115.9612839537666;;;;
2022-04-22 23:00:00;0.0;50.0;;108.2064198939125;;;;
2022-04-23 00:00:00;0.0;50.0;;103.5153318023388;;;;
2022-04-23 01:00:00;0.0;50.0;;102.2830812308467;;;;
2022-04-23 02:00:00;0.0;50.0;;104.1450062410129;;;;
2022-04-23 03:00:00;0.0;50.0;;109.5288032991646;;;;
2022-04-23 04:00:00;0.0;50.0;;118.0605749479773;;;;
2022-04-23 05:00:00;0.0;50.0;;129.1480934647744;;;;
2022-04-23 06:00:00;0.0;50.0;;142.019236616051;;;;
2022-04-23 07:00:00;0.0;50.0;;155.7953912115375;;;;
2022-04-23 08:00:00;0.0;50.0;;169.5138044164838;;;;
2022-04-23 09:00:00;0.0;50.0;;182.2306551466137;;;;
2022-04-23 10:00:00;0.0;50.0;;193.0639735175417;;;;
2022-04-23 11:00:00;0.0;50.0;;201.2795511161815;;;;
2022-04-23 12:00:00;0.0;50.0;;206.31248447054;;;;
2022-04-23 13:00:00;0.0;50.0;;207.8023623909586;;;;
2022-04-23 14:00:00;0.0;50.0;;205.6567653192528;;;;
2022-04-23 15:00:00;0.0;50.0;;200.0173591281101;;;;
2022-04-23 16:00:00;0.0;50.0;;191.2762755865283;;;;
2022-04-23 17:00:00;0.0;50.0;;180.0225954603801;;;;
2022-04-23 18:00:00;0.0;50.0;;167.0107749555663;;;;
2022-04-23 19:00:00;0.0;50.0;;153.1230100875464;;;;
2022-04-23 20:00:00;0.0;50.0;;139.2888143786386;;;;
2022-04-23 21:00:00;0.0;50.0;;126.4372807956358;;;;
2022-04-23 22:00:00;0.0;50.0;;115.4237668404573;;;;
2022-04-23 23:00:00;0.0;50.0;;106.225522652164;;;;
2022-04-24 00:00:00;0.0;50.0;;100.18101127199;;;;
2022-04-24 01:00:00;0.0;50.0;;97.61165644283689;;;;
2022-04-24 02:00:00;0.0;50.0;;99.37153672688689;;;;
2022-04-24 03:00:00;0.0;50.0;;104.5413379574369;;;;
2022-04-24 04:00:00;0.0;50.0;;112.7813662135941;;;;
2022-04-24 05:00:00;0.0;50.0;;123.5403205770393;;;;
2022-04-24 06:00:00;0.0;50.0;;136.1129865014099;;;;
2022-04-24 07:00:00;0.0;50.0;;149.6690831865225;;;;
2022-04-24 08:00:00;0.0;50.0;;163.3080564023047;;;;
2022-04-24 09:00:00;0.0;50.0;;176.1164235255667;;;;
2022-04-24 10:00:00;0.0;50.0;;187.2438292572605;;;;
2022-04-24 11:00:00;0.0;50.0;;195.9570033404262;;;;
2022-04-24 12:00:00;0.0;50.0;;201.6800545306955;;;;
2022-04-24 13:00:00;0.0;50.0;;204.0278502690892;;;;
2022-04-24 14:00:00;0.0;50.0;;202.8464272173866;;;;
2022-04-24 15:00:00;0.0;50.0;;198.2249155506404;;;;
2022-04-24 16:00:00;0.0;50.0;;190.4852498330525;;;;
2022-04-24 17:00:00;0.0;50.0;;180.1576621394275;;;;
2022-04-24 18:00:00;0.0;50.0;;167.963761240611;;;;
2022-04-24 19:00:00;0.0;50.0;;154.7503452393038;;;;
2022-04-24 20:00:00;0.0;50.0;;141.4451490298017;;;;
2022-04-24 21:00:00;0.0;50.0;;128.9891772452106;;;;
2022-04-24 22:00:00;0.0;50.0;;118.2767768379417;;;;
2022-04-24 23:00:00;0.0;50.0;;108.4727711312051;;;;
2022-04-25 00:00:00;0.0;50.0;;101.8329288716756;;;;
2022-04-25 01:00:00;0.0;50.0;;98.70303646928335;;;;
2022-04-25 02:00:00;0.0;50.0;;100.8112340772983;;;;
2022-04-25 03:00:00;0.0;50.0;;106.3556069984675;;;;
2022-04-25 04:00:00;0.0;50.0;;115.0093966230525;;;;
2022-04-25 05:00:00;0.0;50.0;;126.2128959635491;;;;
2022-04-25 06:00:00;0.0;50.0;;139.2354845569745;;;;
2022-04-25 07:00:00;0.0;50.0;;153.2060878306909;;;;
2022-04-25 08:00:00;0.0;50.0;;167.1836378219674;;;;
2022-04-25 09:00:00;0.0;50.0;;180.2183195654416;;;;
2022-04-25 10:00:00;0.0;50.0;;191.4291639202461;;;;
2022-04-25 11:00:00;0.0;50.0;;200.034470375862;;;;
2022-04-25 12:00:00;0.0;50.0;;205.4474965057639;;;;
2022-04-25 13:00:00;0.0;50.0;;207.280610729568;;;;
2022-04-25 14:00:00;0.0;50.0;;205.4144186839613;;;;
2022-04-25 15:00:00;0.0;50.0;;199.9651205145221;;;;
2022-04-25 16:00:00;0.0;50.0;;191.3148352227957;;;;
2022-04-25 17:00:00;0.0;50.0;;180.0587924831616;;;;
2022-04-25 18:00:00;0.0;50.0;;166.9692132330425;;;;
2022-04-25 19:00:00;0.0;50.0;;152.931693757259;;;;
2022-04-25 20:00:00;0.0;50.0;;138.9000587569755;;;;
2022-04-25 21:00:00;0.0;50.0;;125.8205812095991;;;;
2022-04-25 22:00:00;0.0;50.0;;114.5520371698251;;;;
2022-04-25 23:00:00;0.0;50.0;;104.5069416275494;;;;
2022-04-26 00:00:00;0.0;50.0;;97.57085472758972;;;;
2022-04-26 01:00:00;0.0;50.0;;94.02396893961819;;;;
2022-04-26 02:00:00;0.0;50.0;;95.20876186136292;;;;
2022-04-26 03:00:00;0.0;50.0;;99.57207140613788;;;;
2022-04-26 04:00:00;0.0;50.0;;106.7278646182386;;;;
2022-04-26 05:00:00;0.0;50.0;;116.1037954201298;;;;
2022-04-26 06:00:00;0.0;50.0;;126.9727974783253;;;;
2022-04-26 07:00:00;0.0;50.0;;138.5184269291372;;;;
2022-04-26 08:00:00;0.0;50.0;;149.8829572306185;;;;
2022-04-26 09:00:00;0.0;50.0;;160.2299247802044;;;;
2022-04-26 10:00:00;0.0;50.0;;168.8010852097412;;;;
2022-04-26 11:00:00;0.0;50.0;;174.9815735283813;;;;
2022-04-26 12:00:00;0.0;50.0;;178.3290595919608;;;;
2022-04-26 13:00:00;0.0;50.0;;178.5924950751325;;;;
2022-04-26 14:00:00;0.0;50.0;;175.7430448204091;;;;
2022-04-26 15:00:00;0.0;50.0;;169.9621302401662;;;;
2022-04-26 16:00:00;0.0;50.0;;161.627962529743;;;;
2022-04-26 17:00:00;0.0;50.0;;151.2742952500463;;;;
2022-04-26 18:00:00;0.0;50.0;;139.5669521749874;;;;
2022-04-26 19:00:00;0.0;50.0;;127.2606822008966;;;;
2022-04-26 20:00:00;0.0;50.0;;115.1321074806915;;;;
2022-04-26 21:00:00;0.0;50.0;;103.9438568687093;;;;
2022-04-26 22:00:00;0.0;50.0;;94.38149163665908;;;;
2022-04-26 23:00:00;0.0;50.0;;86.91532476323434;;;;
2022-04-27 00:00:00;0.0;50.0;;82.07498314673117;;;;
2022-04-27 01:00:00;0.0;50.0;;80.09872295739638;;;;
2022-04-27 02:00:00;0.0;50.0;;81.14593957920547;;;;
2022-04-27 03:00:00;0.0;50.0;;84.96924401821491;;;;
2022-04-27 04:00:00;0.0;50.0;;91.25776232625833;;;;
2022-04-27 05:00:00;0.0;50.0;;99.5402391711608;;;;
2022-04-27 06:00:00;0.0;50.0;;109.2303317418737;;;;
2022-04-27 07:00:00;0.0;50.0;;119.6541764566985;;;;
2022-04-27 08:00:00;0.0;50.0;;130.1026032288601;;;;
2022-04-27 09:00:00;0.0;50.0;;139.8570007811894;;;;
2022-04-27 10:00:00;0.0;50.0;;148.2585033526063;;;;
2022-04-27 11:00:00;0.0;50.0;;154.741941947797;;;;
2022-04-27 12:00:00;0.0;50.0;;158.8736311971706;;;;
2022-04-27 13:00:00;0.0;50.0;;160.3751720049567;;;;
2022-04-27 14:00:00;0.0;50.0;;159.1371573876555;;;;
2022-04-27 15:00:00;0.0;50.0;;155.2478710315385;;;;
2022-04-27 16:00:00;0.0;50.0;;148.9644007775986;;;;
2022-04-27 17:00:00;0.0;50.0;;140.7194879030903;;;;
2022-04-27 18:00:00;0.0;50.0;;131.0655840867614;;;;
2022-04-27 19:00:00;0.0;50.0;;120.6715071831285;;;;
2022-04-27 20:00:00;0.0;50.0;;110.2455265156613;;;;
2022-04-27 21:00:00;0.0;50.0;;100.5190846573619;;;;
2022-04-27 22:00:00;0.0;50.0;;92.17656561017321;;;;
2022-04-27 23:00:00;0.0;50.0;;86.72632353909603;;;;
2022-04-28 00:00:00;0.0;50.0;;83.72833705637593;;;;
2022-04-28 01:00:00;0.0;50.0;;83.52985244835705;;;;
2022-04-28 02:00:00;0.0;50.0;;85.39149813237576;;;;
2022-04-28 03:00:00;0.0;50.0;;90.18962683066195;;;;
2022-04-28 04:00:00;0.0;50.0;;97.64956300659193;;;;
2022-04-28 05:00:00;0.0;50.0;;107.3165234638979;;;;
2022-04-28 06:00:00;0.0;50.0;;118.5756553541153;;;;
2022-04-28 07:00:00;0.0;50.0;;130.7104776669428;;;;
2022-04-28 08:00:00;0.0;50.0;;142.9198273709807;;;;
2022-04-28 09:00:00;0.0;50.0;;154.3984220728946;;;;
2022-04-28 10:00:00;0.0;50.0;;164.3762868331265;;;;
2022-04-28 11:00:00;0.0;50.0;;172.1766687791623;;;;
2022-04-28 12:00:00;0.0;50.0;;177.2812461229482;;;;
2022-04-28 13:00:00;0.0;50.0;;179.3419583239908;;;;
2022-04-28 14:00:00;0.0;50.0;;178.2294342569567;;;;
2022-04-28 15:00:00;0.0;50.0;;174.0155928777093;;;;
2022-04-28 16:00:00;0.0;50.0;;167.0072039843474;;;;
2022-04-28 17:00:00;0.0;50.0;;157.6940866934447;;;;
2022-04-28 18:00:00;0.0;50.0;;146.7242131956731;;;;
2022-04-28 19:00:00;0.0;50.0;;134.8630631123537;;;;
2022-04-28 20:00:00;0.0;50.0;;122.9376646221469;;;;
2022-04-28 21:00:00;0.0;50.0;;111.7854758132088;;;;
2022-04-28 22:00:00;0.0;50.0;;102.1752230470543;;;;
2022-04-28 23:00:00;0.0;50.0;;95.99570256573651;;;;
2022-04-29 00:00:00;0.0;50.0;;92.51526597565037;;;;
2022-04-29 01:00:00;0.0;50.0;;92.10183184033384;;;;
2022-04-29 02:00:00;0.0;50.0;;93.6861082700674;;;;
2022-04-29 03:00:00;0.0;50.0;;98.43743673913124;;;;
2022-04-29 04:00:00;0.0;50.0;;106.0134311658203;;;;
2022-04-29 05:00:00;0.0;50.0;;115.8820314185756;;;;
2022-04-29 06:00:00;0.0;50.0;;127.346821775798;;;;
2022-04-29 07:00:00;0.0;50.0;;139.6138845690708;;;;
2022-04-29 08:00:00;0.0;50.0;;151.829162565695;;;;
2022-04-29 09:00:00;0.0;50.0;;163.1490697949034;;;;
2022-04-29 10:00:00;0.0;50.0;;172.7892783836957;;;;
2022-04-29 11:00:00;0.0;50.0;;180.085053050224;;;;
2022-04-29 12:00:00;0.0;50.0;;184.5457837115433;;;;
2022-04-29 13:00:00;0.0;50.0;;185.8647414368443;;;;
2022-04-29 14:00:00;0.0;50.0;;183.9518066032988;;;;
2022-04-29 15:00:00;0.0;50.0;;178.9344018551836;;;;
2022-04-29 16:00:00;0.0;50.0;;171.1505201796279;;;;
2022-04-29 17:00:00;0.0;50.0;;161.1272490377578;;;;
2022-04-29 18:00:00;0.0;50.0;;149.5379120401003;;;;
2022-04-29 19:00:00;0.0;50.0;;137.1643767062131;;;;
2022-04-29 20:00:00;0.0;50.0;;124.8474938809991;;;;
2022-04-29 21:00:00;0.0;50.0;;113.4102315782587;;;;
2022-04-29 22:00:00;0.0;50.0;;103.6249159556979;;;;
2022-04-29 23:00:00;0.0;50.0;;96.59983087982646;;;;
2022-04-30 00:00:00;0.0;50.0;;92.38535997579808;;;;
2022-04-30 01:00:00;0.0;50.0;;91.32442217154757;;;;
2022-04-30 02:00:00;0.0;50.0;;93.09663276244339;;;;
2022-04-30 03:00:00;0.0;50.0;;98.08512261124824;;;;
2022-04-30 04:00:00;0.0;50.0;;105.9787302348791;;;;
2022-04-30 05:00:00;0.0;50.0;;116.2827519583823;;;;
2022-04-30 06:00:00;0.0;50.0;;128.3395892372654;;;;
2022-04-30 07:00:00;0.0;50.0;;141.3712254565256;;;;
2022-04-30 08:00:00;0.0;50.0;;154.5344618026751;;;;
2022-04-30 09:00:00;0.0;50.0;;166.9743711874543;;;;
2022-04-30 10:00:00;0.0;50.0;;177.8809173915743;;;;
2022-04-30 11:00:00;0.0;50.0;;186.5469686544101;;;;
2022-04-30 12:00:00;0.0;50.0;;192.4063214694696;;;;
2022-04-30 13:00:00;0.0;50.0;;195.0746433900113;;;;
2022-04-30 14:00:00;0.0;50.0;;194.3831916061486;;;;
2022-04-30 15:00:00;0.0;50.0;;190.3936459411283;;;;
2022-04-30 16:00:00;0.0;50.0;;183.3891505226181;;;;
2022-04-30 17:00:00;0.0;50.0;;173.8584125078171;;;;
2022-04-30 18:00:00;0.0;50.0;;162.4719241711084;;;;
2022-04-30 19:00:00;0.0;50.0;;150.0476889149811;;;;
2022-04-30 20:00:00;0.0;50.0;;137.4806187834565;;;;
2022-04-30 21:00:00;0.0;50.0;;125.6845001997471;;;;
2022-04-30 22:00:00;0.0;50.0;;115.5368439485528;;;;
2022-04-30 23:00:00;0.0;50.0;;107.0437056004268;;;;
2022-05-01 00:00:00;0.0;50.0;;101.6040685576344;;;;
2022-05-01 01:00:00;0.0;50.0;;99.61317916063035;;;;
2022-05-01 02:00:00;0.0;50.0;;101.9885982716192;;;;
2022-05-01 03:00:00;0.0;50.0;;107.8594725649983;;;;
2022-05-01 04:00:00;0.0;50.0;;116.9113495502942;;;;
2022-05-01 05:00:00;0.0;50.0;;128.6033654511747;;;;
2022-05-01 06:00:00;0.0;50.0;;142.2090519167787;;;;
2022-05-01 07:00:00;0.0;50.0;;156.8466155031012;;;;
2022-05-01 08:00:00;0.0;50.0;;171.561528287683;;;;
2022-05-01 09:00:00;0.0;50.0;;185.3730371836289;;;;
2022-05-01 10:00:00;0.0;50.0;;197.3483239734385;;;;
2022-05-01 11:00:00;0.0;50.0;;206.6835985954086;;;;
2022-05-01 12:00:00;0.0;50.0;;212.74183216181;;;;
2022-05-01 13:00:00;0.0;50.0;;215.1237642971842;;;;
2022-05-01 14:00:00;0.0;50.0;;213.6542196259152;;;;
2022-05-01 15:00:00;0.0;50.0;;208.4442202335409;;;;
2022-05-01 16:00:00;0.0;50.0;;199.8623713452131;;;;
2022-05-01 17:00:00;0.0;50.0;;188.515673697078;;;;
2022-05-01 18:00:00;0.0;50.0;;175.1918993682237;;;;
2022-05-01 19:00:00;0.0;50.0;;160.8042719380739;;;;
2022-05-01 20:00:00;0.0;50.0;;146.3561765192446;;;;
2022-05-01 21:00:00;0.0;50.0;;132.8455739745042;;;;
2022-05-01 22:00:00;0.0;50.0;;121.1993631460251;;;;
2022-05-01 23:00:00;0.0;50.0;;110.5541405563663;;;;
2022-05-02 00:00:00;0.0;50.0;;103.1801860190187;;;;
2022-05-02 01:00:00;0.0;50.0;;99.37847347455111;;;;
2022-05-02 02:00:00;0.0;50.0;;100.8407591861742;;;;
2022-05-02 03:00:00;0.0;50.0;;105.6741378214453;;;;
2022-05-02 04:00:00;0.0;50.0;;113.4862945981468;;;;
2022-05-02 05:00:00;0.0;50.0;;123.6842182138459;;;;
2022-05-02 06:00:00;0.0;50.0;;135.5035890235055;;;;
2022-05-02 07:00:00;0.0;50.0;;148.0832352895169;;;;
2022-05-02 08:00:00;0.0;50.0;;160.5037337516644;;;;
2022-05-02 09:00:00;0.0;50.0;;171.8695180191415;;;;
2022-05-02 10:00:00;0.0;50.0;;181.3614531084921;;;;
2022-05-02 11:00:00;0.0;50.0;;188.2985236438871;;;;
2022-05-02 12:00:00;0.0;50.0;;192.1902968243555;;;;
2022-05-02 13:00:00;0.0;50.0;;192.7509898709419;;;;
2022-05-02 14:00:00;0.0;50.0;;189.9303783129603;;;;
2022-05-02 15:00:00;0.0;50.0;;183.9112067025661;;;;
2022-05-02 16:00:00;0.0;50.0;;175.086320175233;;;;
2022-05-02 17:00:00;0.0;50.0;;164.0497968614379;;;;
2022-05-02 18:00:00;0.0;50.0;;151.5095296911293;;;;
2022-05-02 19:00:00;0.0;50.0;;138.2845859509011;;;;
2022-05-02 20:00:00;0.0;50.0;;125.2095932995194;;;;
2022-05-02 21:00:00;0.0;50.0;;113.1278140601472;;;;
2022-05-02 22:00:00;0.0;50.0;;102.7908485869323;;;;
2022-05-02 23:00:00;0.0;50.0;;93.65200260482354;;;;
2022-05-03 00:00:00;0.0;50.0;;87.37860658050937;;;;
2022-05-03 01:00:00;0.0;50.0;;84.19874277052803;;;;
2022-05-03 02:00:00;0.0;50.0;;85.31542306738055;;;;
2022-05-03 03:00:00;0.0;50.0;;89.33985157425036;;;;
2022-05-03 04:00:00;0.0;50.0;;95.94743640318264;;;;
2022-05-03 05:00:00;0.0;50.0;;104.6437939120116;;;;
2022-05-03 06:00:00;0.0;50.0;;114.7980397421827;;;;
2022-05-03 07:00:00;0.0;50.0;;125.6996294889945;;;;
2022-05-03 08:00:00;0.0;50.0;;136.5888185484462;;;;
2022-05-03 09:00:00;0.0;50.0;;146.7224392238227;;;;
2022-05-03 10:00:00;0.0;50.0;;155.4077171285366;;;;
2022-05-03 11:00:00;0.0;50.0;;162.0464741323996;;;;
2022-05-03 12:00:00;0.0;50.0;;166.1857038661485;;;;
2022-05-03 13:00:00;0.0;50.0;;167.5380568845444;;;;
2022-05-03 14:00:00;0.0;50.0;;166.0155541874607;;;;
2022-05-03 15:00:00;0.0;50.0;;161.7188153856561;;;;
2022-05-03 16:00:00;0.0;50.0;;154.9325149828551;;;;
2022-05-03 17:00:00;0.0;50.0;;146.1169545422824;;;;
2022-05-03 18:00:00;0.0;50.0;;135.854774711225;;;;
2022-05-03 19:00:00;0.0;50.0;;124.8416270750822;;;;
2022-05-03 20:00:00;0.0;50.0;;113.8255483528712;;;;
2022-05-03 21:00:00;0.0;50.0;;103.5671948880952;;;;
2022-05-03 22:00:00;0.0;50.0;;94.77052285990013;;;;
2022-05-03 23:00:00;0.0;50.0;;87.93389715030919;;;;
2022-05-04 00:00:00;0.0;50.0;;83.64202450337757;;;;
2022-05-04 01:00:00;0.0;50.0;;82.20043600233726;;;;
2022-05-04 02:00:00;0.0;50.0;;83.82708510637474;;;;
2022-05-04 03:00:00;0.0;50.0;;88.31593943984569;;;;
2022-05-04 04:00:00;0.0;50.0;;95.3789985359782;;;;
2022-05-04 05:00:00;0.0;50.0;;104.5552999975554;;;;
2022-05-04 06:00:00;0.0;50.0;;115.2364502514442;;;;
2022-05-04 07:00:00;0.0;50.0;;126.7107958623016;;;;
2022-05-04 08:00:00;0.0;50.0;;138.1999066944167;;;;
2022-05-04 09:00:00;0.0;50.0;;148.9191769594724;;;;
2022-05-04 10:00:00;0.0;50.0;;158.1314692655172;;;;
2022-05-04 11:00:00;0.0;50.0;;165.2066810395253;;;;
2022-05-04 12:00:00;0.0;50.0;;169.6652551251933;;;;
2022-05-04 13:00:00;0.0;50.0;;171.1965242772649;;;;
2022-05-04 14:00:00;0.0;50.0;;169.6938113192796;;;;
2022-05-04 15:00:00;0.0;50.0;;165.2557790198507;;;;
2022-05-04 16:00:00;0.0;50.0;;158.1877670971547;;;;
2022-05-04 17:00:00;0.0;50.0;;148.9709374759946;;;;
2022-05-04 18:00:00;0.0;50.0;;138.23904946467;;;;
2022-05-04 19:00:00;0.0;50.0;;126.7270513038677;;;;
2022-05-04 20:00:00;0.0;50.0;;115.2159402515047;;;;
2022-05-04 21:00:00;0.0;50.0;;104.4804407033132;;;;
2022-05-04 22:00:00;0.0;50.0;;95.23735895887118;;;;
2022-05-04 23:00:00;0.0;50.0;;89.0175494139977;;;;
2022-05-05 00:00:00;0.0;50.0;;85.34366634621269;;;;
2022-05-05 01:00:00;0.0;50.0;;84.52577174593465;;;;
2022-05-05 02:00:00;0.0;50.0;;85.75432398351525;;;;
2022-05-05 03:00:00;0.0;50.0;;89.86914180260027;;;;
2022-05-05 04:00:00;0.0;50.0;;96.54149688552032;;;;
2022-05-05 05:00:00;0.0;50.0;;105.2683471456295;;;;
2022-05-05 06:00:00;0.0;50.0;;115.402751835328;;;;
2022-05-05 07:00:00;0.0;50.0;;126.2130097713264;;;;
2022-05-05 08:00:00;0.0;50.0;;136.9203442308117;;;;
2022-05-05 09:00:00;0.0;50.0;;146.7723347512225;;;;
2022-05-05 10:00:00;0.0;50.0;;155.0679455225882;;;;
2022-05-05 11:00:00;0.0;50.0;;161.235362040409;;;;
2022-05-05 12:00:00;0.0;50.0;;164.8486791195952;;;;
2022-05-05 13:00:00;0.0;50.0;;165.6589661594329;;;;
2022-05-05 14:00:00;0.0;50.0;;163.6054342062118;;;;
2022-05-05 15:00:00;0.0;50.0;;158.8104379742868;;;;
2022-05-05 16:00:00;0.0;50.0;;151.5981714130349;;;;
2022-05-05 17:00:00;0.0;50.0;;142.4453694962289;;;;
2022-05-05 18:00:00;0.0;50.0;;131.9605452174159;;;;
2022-05-05 19:00:00;0.0;50.0;;120.8346472711384;;;;
2022-05-05 20:00:00;0.0;50.0;;109.7957665887979;;;;
2022-05-05 21:00:00;0.0;50.0;;99.5749629592656;;;;
2022-05-05 22:00:00;0.0;50.0;;90.83964613977201;;;;
2022-05-05 23:00:00;0.0;50.0;;85.24502821138792;;;;
2022-05-06 00:00:00;0.0;50.0;;82.1233525930542;;;;
2022-05-06 01:00:00;0.0;50.0;;81.78502145407296;;;;
2022-05-06 02:00:00;0.0;50.0;;83.28365947517494;;;;
2022-05-06 03:00:00;0.0;50.0;;87.66060646574047;;;;
2022-05-06 04:00:00;0.0;50.0;;94.64335259743481;;;;
2022-05-06 05:00:00;0.0;50.0;;103.779887782248;;;;
2022-05-06 06:00:00;0.0;50.0;;114.4864917839642;;;;
2022-05-06 07:00:00;0.0;50.0;;126.0688210609106;;;;
2022-05-06 08:00:00;0.0;50.0;;137.7809456346105;;;;
2022-05-06 09:00:00;0.0;50.0;;148.8690524240237;;;;
2022-05-06 10:00:00;0.0;50.0;;158.6119279638422;;;;
2022-05-06 11:00:00;0.0;50.0;;166.3759987995078;;;;
2022-05-06 12:00:00;0.0;50.0;;171.6610460928713;;;;
2022-05-06 13:00:00;0.0;50.0;;174.1217026133918;;;;
2022-05-06 14:00:00;0.0;50.0;;173.6049756933483;;;;
2022-05-06 15:00:00;0.0;50.0;;170.1499939909664;;;;
2022-05-06 16:00:00;0.0;50.0;;164.0089791490363;;;;
2022-05-06 17:00:00;0.0;50.0;;155.6207037892292;;;;
2022-05-06 18:00:00;0.0;50.0;;145.5738630227421;;;;
2022-05-06 19:00:00;0.0;50.0;;134.5872928512028;;;;
2022-05-06 20:00:00;0.0;50.0;;123.4522526287516;;;;
2022-05-06 21:00:00;0.0;50.0;;112.9967466004092;;;;
2022-05-06 22:00:00;0.0;50.0;;104.007039451639;;;;
2022-05-06 23:00:00;0.0;50.0;;97.65683655889933;;;;
2022-05-07 00:00:00;0.0;50.0;;94.03863555641965;;;;
2022-05-07 01:00:00;0.0;50.0;;93.56143816039048;;;;
2022-05-07 02:00:00;0.0;50.0;;95.94739319798066;;;;
2022-05-07 03:00:00;0.0;50.0;;101.6376065631326;;;;
2022-05-07 04:00:00;0.0;50.0;;110.353481296539;;;;
2022-05-07 05:00:00;0.0;50.0;;121.6067663718354;;;;
2022-05-07 06:00:00;0.0;50.0;;134.7152312912626;;;;
2022-05-07 07:00:00;0.0;50.0;;148.8537295826165;;;;
2022-05-07 08:00:00;0.0;50.0;;163.1093418234786;;;;
2022-05-07 09:00:00;0.0;50.0;;176.5597394610232;;;;
2022-05-07 10:00:00;0.0;50.0;;188.3181811168992;;;;
2022-05-07 11:00:00;0.0;50.0;;197.6036129038951;;;;
2022-05-07 12:00:00;0.0;50.0;;203.7910487295629;;;;
2022-05-07 13:00:00;0.0;50.0;;206.4735744879641;;;;
2022-05-07 14:00:00;0.0;50.0;;205.4758912683673;;;;
2022-05-07 15:00:00;0.0;50.0;;200.881193213538;;;;
2022-05-07 16:00:00;0.0;50.0;;193.0106120198309;;;;
2022-05-07 17:00:00;0.0;50.0;;182.4242618168716;;;;
2022-05-07 18:00:00;0.0;50.0;;169.8740442587293;;;;
2022-05-07 19:00:00;0.0;50.0;;156.2469238929341;;;;
2022-05-07 20:00:00;0.0;50.0;;142.5109223479142;;;;
2022-05-07 21:00:00;0.0;50.0;;129.6287856606365;;;;
2022-05-07 22:00:00;0.0;50.0;;118.5181008003229;;;;
2022-05-07 23:00:00;0.0;50.0;;109.1792251418569;;;;
2022-05-08 00:00:00;0.0;50.0;;103.0067144419654;;;;
2022-05-08 01:00:00;0.0;50.0;;100.3427727881634;;;;
2022-05-08 02:00:00;0.0;50.0;;102.0574890182845;;;;
2022-05-08 03:00:00;0.0;50.0;;107.1997014271123;;;;
2022-05-08 04:00:00;0.0;50.0;;115.3954187422089;;;;
2022-05-08 05:00:00;0.0;50.0;;126.0619507438605;;;;
2022-05-08 06:00:00;0.0;50.0;;138.4344544939789;;;;
2022-05-08 07:00:00;0.0;50.0;;151.6366741514077;;;;
2022-05-08 08:00:00;0.0;50.0;;164.7350203401811;;;;
2022-05-08 09:00:00;0.0;50.0;;176.806388087922;;;;
2022-05-08 10:00:00;0.0;50.0;;187.0035010056328;;;;
2022-05-08 11:00:00;0.0;50.0;;194.6206725385612;;;;
2022-05-08 12:00:00;0.0;50.0;;199.1221185260507;;;;
2022-05-08 13:00:00;0.0;50.0;;200.1967056228792;;;;
2022-05-08 14:00:00;0.0;50.0;;197.745947914545;;;;
2022-05-08 15:00:00;0.0;50.0;;191.9470294324548;;;;
2022-05-08 16:00:00;0.0;50.0;;183.1778341919995;;;;
2022-05-08 17:00:00;0.0;50.0;;172.0396200905422;;;;
2022-05-08 18:00:00;0.0;50.0;;159.2583974236563;;;;
2022-05-08 19:00:00;0.0;50.0;;145.6859407072615;;;;
2022-05-08 20:00:00;0.0;50.0;;132.2195863183753;;;;
2022-05-08 21:00:00;0.0;50.0;;119.7406487259864;;;;
2022-05-08 22:00:00;0.0;50.0;;109.057530725126;;;;
2022-05-08 23:00:00;0.0;50.0;;99.36953541914949;;;;
2022-05-09 00:00:00;0.0;50.0;;92.69678062821808;;;;
2022-05-09 01:00:00;0.0;50.0;;89.29201003374047;;;;
2022-05-09 02:00:00;0.0;50.0;;90.66822165954707;;;;
2022-05-09 03:00:00;0.0;50.0;;95.14255815254451;;;;
2022-05-09 04:00:00;0.0;50.0;;102.3777169689312;;;;
2022-05-09 05:00:00;0.0;50.0;;111.8596262076977;;;;
2022-05-09 06:00:00;0.0;50.0;;122.9248007867958;;;;
2022-05-09 07:00:00;0.0;50.0;;134.8162900649152;;;;
2022-05-09 08:00:00;0.0;50.0;;146.7188347725597;;;;
2022-05-09 09:00:00;0.0;50.0;;157.8241612908567;;;;
2022-05-09 10:00:00;0.0;50.0;;167.3798364387758;;;;
2022-05-09 11:00:00;0.0;50.0;;174.7477275732789;;;;
2022-05-09 12:00:00;0.0;50.0;;179.4220944291201;;;;
2022-05-09 13:00:00;0.0;50.0;;181.0831911464604;;;;
2022-05-09 14:00:00;0.0;50.0;;179.6123876648386;;;;
2022-05-09 15:00:00;0.0;50.0;;175.1100392268266;;;;
2022-05-09 16:00:00;0.0;50.0;;167.8850578734139;;;;
2022-05-09 17:00:00;0.0;50.0;;158.4217129264607;;;;
2022-05-09 18:00:00;0.0;50.0;;147.3733041544548;;;;
2022-05-09 19:00:00;0.0;50.0;;135.4871570834792;;;;
2022-05-09 20:00:00;0.0;50.0;;123.5873650914904;;;;
2022-05-09 21:00:00;0.0;50.0;;112.4840857933901;;;;
2022-05-09 22:00:00;0.0;50.0;;102.9537687805568;;;;
2022-05-09 23:00:00;0.0;50.0;;94.45875961634698;;;;
2022-05-10 00:00:00;0.0;50.0;;88.7357606758357;;;;
2022-05-10 01:00:00;0.0;50.0;;86.074885022131;;;;
2022-05-10 02:00:00;0.0;50.0;;87.75196685030261;;;;
2022-05-10 03:00:00;0.0;50.0;;92.41687961583969;;;;
2022-05-10 04:00:00;0.0;50.0;;99.76659761874143;;;;
2022-05-10 05:00:00;0.0;50.0;;109.3134757473452;;;;
2022-05-10 06:00:00;0.0;50.0;;120.4133697998112;;;;
2022-05-10 07:00:00;0.0;50.0;;132.3104538878104;;;;
2022-05-10 08:00:00;0.0;50.0;;144.1919323544762;;;;
2022-05-10 09:00:00;0.0;50.0;;155.240820929382;;;;
2022-05-10 10:00:00;0.0;50.0;;164.690080158421;;;;
2022-05-10 11:00:00;0.0;50.0;;171.8870666345269;;;;
2022-05-10 12:00:00;0.0;50.0;;176.3319322234547;;;;
2022-05-10 13:00:00;0.0;50.0;;177.7200825158902;;;;
2022-05-10 14:00:00;0.0;50.0;;175.954168964749;;;;
2022-05-10 15:00:00;0.0;50.0;;171.1462718250513;;;;
2022-05-10 16:00:00;0.0;50.0;;163.6238875965348;;;;
2022-05-10 17:00:00;0.0;50.0;;153.8912280967146;;;;
2022-05-10 18:00:00;0.0;50.0;;142.6094571795886;;;;
2022-05-10 19:00:00;0.0;50.0;;130.5370844215928;;;;
2022-05-10 20:00:00;0.0;50.0;;118.4909106334073;;;;
2022-05-10 21:00:00;0.0;50.0;;107.2753299413502;;;;
2022-05-10 22:00:00;0.0;50.0;;97.62430268834312;;;;
2022-05-10 23:00:00;0.0;50.0;;90.04513789950607;;;;
2022-05-11 00:00:00;0.0;50.0;;85.10641838592363;;;;
2022-05-11 01:00:00;0.0;50.0;;83.07244123197898;;;;
2022-05-11 02:00:00;0.0;50.0;;84.10843651169321;;;;
2022-05-11 03:00:00;0.0;50.0;;87.95812037010145;;;;
2022-05-11 04:00:00;0.0;50.0;;94.28135341401182;;;;
2022-05-11 05:00:00;0.0;50.0;;102.5706193302619;;;;
2022-05-11 06:00:00;0.0;50.0;;112.1842848771983;;;;
2022-05-11 07:00:00;0.0;50.0;;122.4036696131531;;;;
2022-05-11 08:00:00;0.0;50.0;;132.475498505504;;;;
2022-05-11 09:00:00;0.0;50.0;;141.6639419287227;;;;
2022-05-11 10:00:00;0.0;50.0;;149.311275885396;;;;
2022-05-11 11:00:00;0.0;50.0;;154.8641479560905;;;;
2022-05-11 12:00:00;0.0;50.0;;157.9322122628345;;;;
2022-05-11 13:00:00;0.0;50.0;;158.2816747505742;;;;
2022-05-11 14:00:00;0.0;50.0;;155.8841883300926;;;;
2022-05-11 15:00:00;0.0;50.0;;150.8876095631281;;;;
2022-05-11 16:00:00;0.0;50.0;;143.6271542155265;;;;
2022-05-11 17:00:00;0.0;50.0;;134.5719325244255;;;;
2022-05-11 18:00:00;0.0;50.0;;124.3128145381068;;;;
2022-05-11 19:00:00;0.0;50.0;;113.5048012296108;;;;
2022-05-11 20:00:00;0.0;50.0;;102.8437818488265;;;;
2022-05-11 21:00:00;0.0;50.0;;93.0015786666272;;;;
2022-05-11 22:00:00;0.0;50.0;;84.59621051352644;;;;
2022-05-11 23:00:00;0.0;50.0;;78.96371138866576;;;;
2022-05-12 00:00:00;0.0;50.0;;75.65838012282347;;;;
2022-05-12 01:00:00;0.0;50.0;;74.9456036983361;;;;
2022-05-12 02:00:00;0.0;50.0;;76.10179615437679;;;;
2022-05-12 03:00:00;0.0;50.0;;79.8798399495363;;;;
2022-05-12 04:00:00;0.0;50.0;;86.00542621907593;;;;
2022-05-12 05:00:00;0.0;50.0;;94.05665050964814;;;;
2022-05-12 06:00:00;0.0;50.0;;103.4887747120089;;;;
2022-05-12 07:00:00;0.0;50.0;;113.6683294662492;;;;
2022-05-12 08:00:00;0.0;50.0;;123.9158562677373;;;;
2022-05-12 09:00:00;0.0;50.0;;133.5676210240473;;;;
2022-05-12 10:00:00;0.0;50.0;;141.986121923392;;;;
2022-05-12 11:00:00;0.0;50.0;;148.6118694016917;;;;
2022-05-12 12:00:00;0.0;50.0;;153.0042477251693;;;;
2022-05-12 13:00:00;0.0;50.0;;154.875940340609;;;;
2022-05-12 14:00:00;0.0;50.0;;154.1144910473009;;;;
2022-05-12 15:00:00;0.0;50.0;;150.7728271191112;;;;
2022-05-12 16:00:00;0.0;50.0;;145.0803139915484;;;;
2022-05-12 17:00:00;0.0;50.0;;137.4304751643177;;;;
2022-05-12 18:00:00;0.0;50.0;;128.3590558894981;;;;
2022-05-12 19:00:00;0.0;50.0;;118.5107453582198;;;;
2022-05-12 20:00:00;0.0;50.0;;108.5781553556447;;;;
2022-05-12 21:00:00;0.0;50.0;;99.27631532380443;;;;
2022-05-12 22:00:00;0.0;50.0;;91.28709380229171;;;;
2022-05-12 23:00:00;0.0;50.0;;86.33192111311517;;;;
2022-05-13 00:00:00;0.0;50.0;;83.782529851082;;;;
2022-05-13 01:00:00;0.0;50.0;;84.0145041580542;;;;
2022-05-13 02:00:00;0.0;50.0;;86.112010615648;;;;
2022-05-13 03:00:00;0.0;50.0;;91.17896679388599;;;;
2022-05-13 04:00:00;0.0;50.0;;98.96370024960402;;;;
2022-05-13 05:00:00;0.0;50.0;;109.0233700551642;;;;
2022-05-13 06:00:00;0.0;50.0;;120.7446296502133;;;;
2022-05-13 07:00:00;0.0;50.0;;133.393329219549;;;;
2022-05-13 08:00:00;0.0;50.0;;146.1584877178486;;;;
2022-05-13 09:00:00;0.0;50.0;;158.221022180994;;;;
2022-05-13 10:00:00;0.0;50.0;;168.7844413635988;;;;
2022-05-13 11:00:00;0.0;50.0;;177.1528168022247;;;;
2022-05-13 12:00:00;0.0;50.0;;182.7544306752934;;;;
2022-05-13 13:00:00;0.0;50.0;;185.219467611601;;;;
2022-05-13 14:00:00;0.0;50.0;;184.3911863069692;;;;
2022-05-13 15:00:00;0.0;50.0;;180.3384750628169;;;;
2022-05-13 16:00:00;0.0;50.0;;173.3564101133971;;;;
2022-05-13 17:00:00;0.0;50.0;;163.9317700748348;;;;
2022-05-13 18:00:00;0.0;50.0;;152.7504533651747;;;;
2022-05-13 19:00:00;0.0;50.0;;140.60345961662;;;;
2022-05-13 20:00:00;0.0;50.0;;128.3553358621545;;;;
2022-05-13 21:00:00;0.0;50.0;;116.8700924195539;;;;
2022-05-13 22:00:00;0.0;50.0;;106.9610450328002;;;;
2022-05-13 23:00:00;0.0;50.0;;99.81424653403582;;;;
2022-05-14 00:00:00;0.0;50.0;;95.49208987282104;;;;
2022-05-14 01:00:00;0.0;50.0;;94.36201393380715;;;;
2022-05-14 02:00:00;0.0;50.0;;96.08876801014237;;;;
2022-05-14 03:00:00;0.0;50.0;;101.0587126697045;;;;
2022-05-14 04:00:00;0.0;50.0;;108.9356159476877;;;;
2022-05-14 05:00:00;0.0;50.0;;119.1712981754876;;;;
2022-05-14 06:00:00;0.0;50.0;;131.063468808485;;;;
2022-05-14 07:00:00;0.0;50.0;;143.7821108010058;;;;
2022-05-14 08:00:00;0.0;50.0;;156.4462144481687;;;;
2022-05-14 09:00:00;0.0;50.0;;168.179662109274;;;;
2022-05-14 10:00:00;0.0;50.0;;178.1833711167899;;;;
2022-05-14 11:00:00;0.0;50.0;;185.7677070584938;;;;
2022-05-14 12:00:00;0.0;50.0;;190.4070094395633;;;;
2022-05-14 13:00:00;0.0;50.0;;191.7827881396834;;;;
2022-05-14 14:00:00;0.0;50.0;;189.8014973217591;;;;
2022-05-14 15:00:00;0.0;50.0;;184.596211033992;;;;
2022-05-14 16:00:00;0.0;50.0;;176.5231031376391;;;;
2022-05-14 17:00:00;0.0;50.0;;166.1311604302234;;;;
2022-05-14 18:00:00;0.0;50.0;;154.1279581214393;;;;
2022-05-14 19:00:00;0.0;50.0;;141.3070552076285;;;;
2022-05-14 20:00:00;0.0;50.0;;128.5354287868999;;;;
2022-05-14 21:00:00;0.0;50.0;;116.6688867467137;;;;
2022-05-14 22:00:00;0.0;50.0;;106.5047431498377;;;;
2022-05-14 23:00:00;0.0;50.0;;98.02237359485486;;;;
2022-05-15 00:00:00;0.0;50.0;;92.44500315833209;;;;
2022-05-15 01:00:00;0.0;50.0;;90.07334273152642;;;;
2022-05-15 02:00:00;0.0;50.0;;91.69285809744682;;;;
2022-05-15 03:00:00;0.0;50.0;;96.46160052987847;;;;
2022-05-15 04:00:00;0.0;50.0;;104.0608900892972;;;;
2022-05-15 05:00:00;0.0;50.0;;113.9875803703375;;;;
2022-05-15 06:00:00;0.0;50.0;;125.5865312572063;;;;
2022-05-15 07:00:00;0.0;50.0;;138.0951934117713;;;;
2022-05-15 08:00:00;0.0;50.0;;150.6796738514155;;;;
2022-05-15 09:00:00;0.0;50.0;;162.5028964546751;;;;
2022-05-15 10:00:00;0.0;50.0;;172.7800050314;;;;
2022-05-15 11:00:00;0.0;50.0;;180.8289324822187;;;;
2022-05-15 12:00:00;0.0;50.0;;186.1165013734297;;;;
2022-05-15 13:00:00;0.0;50.0;;188.2900972378272;;;;
2022-05-15 14:00:00;0.0;50.0;;187.2128588578049;;;;
2022-05-15 15:00:00;0.0;50.0;;182.9519554555741;;;;
2022-05-15 16:00:00;0.0;50.0;;175.8074048689754;;;;
2022-05-15 17:00:00;0.0;50.0;;166.2744253562921;;;;
2022-05-15 18:00:00;0.0;50.0;;155.0271339295774;;;;
2022-05-15 19:00:00;0.0;50.0;;142.8407470616227;;;;
2022-05-15 20:00:00;0.0;50.0;;130.5674612962886;;;;
2022-05-15 21:00:00;0.0;50.0;;119.0791316347104;;;;
2022-05-15 22:00:00;0.0;50.0;;109.1968360272614;;;;
2022-05-15 23:00:00;0.0;50.0;;100.1515999291324;;;;
2022-05-16 00:00:00;0.0;50.0;;94.0211691177916;;;;
2022-05-16 01:00:00;0.0;50.0;;91.13337936498516;;;;
2022-05-16 02:00:00;0.0;50.0;;93.0716154566631;;;;
2022-05-16 03:00:00;0.0;50.0;;98.18909243374328;;;;
2022-05-16 04:00:00;0.0;50.0;;106.1723029047556;;;;
2022-05-16 05:00:00;0.0;50.0;;116.5158423240648;;;;
2022-05-16 06:00:00;0.0;50.0;;128.5331216378123;;;;
2022-05-16 07:00:00;0.0;50.0;;141.4315470420207;;;;
2022-05-16 08:00:00;0.0;50.0;;154.3332468819829;;;;
2022-05-16 09:00:00;0.0;50.0;;166.3687250935015;;;;
2022-05-16 10:00:00;0.0;50.0;;176.7100471005546;;;;
2022-05-16 11:00:00;0.0;50.0;;184.6411567929804;;;;
2022-05-16 12:00:00;0.0;50.0;;189.6211217288227;;;;
2022-05-16 13:00:00;0.0;50.0;;191.3070901535278;;;;
2022-05-16 14:00:00;0.0;50.0;;189.5912127535409;;;;
2022-05-16 15:00:00;0.0;50.0;;184.577215584407;;;;
2022-05-16 16:00:00;0.0;50.0;;176.6030538731483;;;;
2022-05-16 17:00:00;0.0;50.0;;166.2121665786305;;;;
2022-05-16 18:00:00;0.0;50.0;;154.1282664938517;;;;
2022-05-16 19:00:00;0.0;50.0;;141.1710260825928;;;;
2022-05-16 20:00:00;0.0;50.0;;128.2216629255506;;;;
2022-05-16 21:00:00;0.0;50.0;;116.1451874378259;;;;
2022-05-16 22:00:00;0.0;50.0;;105.7433390909614;;;;
2022-05-16 23:00:00;0.0;50.0;;96.4774842291381;;;;
2022-05-17 00:00:00;0.0;50.0;;90.0845856963013;;;;
2022-05-17 01:00:00;0.0;50.0;;86.82034796847046;;;;
2022-05-17 02:00:00;0.0;50.0;;87.92289979696326;;;;
2022-05-17 03:00:00;0.0;50.0;;91.9573022183755;;;;
2022-05-17 04:00:00;0.0;50.0;;98.56869096216973;;;;
2022-05-17 05:00:00;0.0;50.0;;107.2282926743123;;;;
2022-05-17 06:00:00;0.0;50.0;;117.2698690704012;;;;
2022-05-17 07:00:00;0.0;50.0;;127.9309420479442;;;;
2022-05-17 08:00:00;0.0;50.0;;138.419927482169;;;;
2022-05-17 09:00:00;0.0;50.0;;147.9678365101072;;;;
2022-05-17 10:00:00;0.0;50.0;;155.8869438977686;;;;
2022-05-17 11:00:00;0.0;50.0;;161.6024546763051;;;;
2022-05-17 12:00:00;0.0;50.0;;164.6973501787135;;;;
2022-05-17 13:00:00;0.0;50.0;;164.9474258968956;;;;
2022-05-17 14:00:00;0.0;50.0;;162.3202632065126;;;;
2022-05-17 15:00:00;0.0;50.0;;156.9839520698943;;;;
2022-05-17 16:00:00;0.0;50.0;;149.2781954974791;;;;
2022-05-17 17:00:00;0.0;50.0;;139.7059852717888;;;;
2022-05-17 18:00:00;0.0;50.0;;128.8822900013309;;;;
2022-05-17 19:00:00;0.0;50.0;;117.5033580936626;;;;
2022-05-17 20:00:00;0.0;50.0;;106.2943708489704;;;;
2022-05-17 21:00:00;0.0;50.0;;95.96207906518902;;;;
2022-05-17 22:00:00;0.0;50.0;;87.13798952670147;;;;
2022-05-17 23:00:00;0.0;50.0;;80.2516461019137;;;;
2022-05-18 00:00:00;0.0;50.0;;75.78502239394162;;;;
2022-05-18 01:00:00;0.0;50.0;;73.96235241581378;;;;
2022-05-18 02:00:00;0.0;50.0;;74.92706542906896;;;;
2022-05-18 03:00:00;0.0;50.0;;78.45818002780642;;;;
2022-05-18 04:00:00;0.0;50.0;;84.26954731509545;;;;
2022-05-18 05:00:00;0.0;50.0;;91.9227223049771;;;;
2022-05-18 06:00:00;0.0;50.0;;100.8756102831835;;;;
2022-05-18 07:00:00;0.0;50.0;;110.5094719588723;;;;
2022-05-18 08:00:00;0.0;50.0;;120.1635819237823;;;;
2022-05-18 09:00:00;0.0;50.0;;129.1720268179892;;;;
2022-05-18 10:00:00;0.0;50.0;;136.9178966806436;;;;
2022-05-18 11:00:00;0.0;50.0;;142.8924960341774;;;;
2022-05-18 12:00:00;0.0;50.0;;146.6929883103033;;;;
2022-05-18 13:00:00;0.0;50.0;;148.073969925655;;;;
2022-05-18 14:00:00;0.0;50.0;;146.927696689483;;;;
2022-05-18 15:00:00;0.0;50.0;;143.3375241007825;;;;
2022-05-18 16:00:00;0.0;50.0;;137.5404888169119;;;;
2022-05-18 17:00:00;0.0;50.0;;129.9310021894485;;;;
2022-05-18 18:00:00;0.0;50.0;;121.0217585339644;;;;
2022-05-18 19:00:00;0.0;50.0;;111.4158495911669;;;;
2022-05-18 20:00:00;0.0;50.0;;101.7842195550996;;;;
2022-05-18 21:00:00;0.0;50.0;;92.80157570184521;;;;
2022-05-18 22:00:00;0.0;50.0;;85.10359034621679;;;;
2022-05-18 23:00:00;0.0;50.0;;80.08150059751682;;;;
2022-05-19 00:00:00;0.0;50.0;;77.3212691377546;;;;
2022-05-19 01:00:00;0.0;50.0;;77.14500070325408;;;;
2022-05-19 02:00:00;0.0;50.0;;78.86250558246832;;;;
2022-05-19 03:00:00;0.0;50.0;;83.28865013576244;;;;
2022-05-19 04:00:00;0.0;50.0;;90.17911628139517;;;;
2022-05-19 05:00:00;0.0;50.0;;99.11202599563106;;;;
2022-05-19 06:00:00;0.0;50.0;;109.5181943835761;;;;
2022-05-19 07:00:00;0.0;50.0;;120.7264719666413;;;;
2022-05-19 08:00:00;0.0;50.0;;131.9995694811223;;;;
2022-05-19 09:00:00;0.0;50.0;;142.5978959572552;;;;
2022-05-19 10:00:00;0.0;50.0;;151.8085726161441;;;;
2022-05-19 11:00:00;0.0;50.0;;159.0158795636868;;;;
2022-05-19 12:00:00;0.0;50.0;;163.7335324875156;;;;
2022-05-19 13:00:00;0.0;50.0;;165.6451556233926;;;;
2022-05-19 14:00:00;0.0;50.0;;164.6238337645134;;;;
2022-05-19 15:00:00;0.0;50.0;;160.7455669724845;;;;
2022-05-19 16:00:00;0.0;50.0;;154.2807786511063;;;;
2022-05-19 17:00:00;0.0;50.0;;145.6812157949082;;;;
2022-05-19 18:00:00;0.0;50.0;;135.5485884721264;;;;
2022-05-19 19:00:00;0.0;50.0;;124.5899734845335;;;;
2022-05-19 20:00:00;0.0;50.0;;113.5725240486186;;;;
2022-05-19 21:00:00;0.0;50.0;;103.2656799162482;;;;
2022-05-19 22:00:00;0.0;50.0;;94.3860000445875;;;;
2022-05-19 23:00:00;0.0;50.0;;88.68065314700229;;;;
2022-05-20 00:00:00;0.0;50.0;;85.46942860687909;;;;
2022-05-20 01:00:00;0.0;50.0;;85.09181405050694;;;;
2022-05-20 02:00:00;0.0;50.0;;86.55764920973445;;;;
2022-05-20 03:00:00;0.0;50.0;;90.94747487401777;;;;
2022-05-20 04:00:00;0.0;50.0;;97.94865346326492;;;;
2022-05-20 05:00:00;0.0;50.0;;107.0692571178394;;;;
2022-05-20 06:00:00;0.0;50.0;;117.6648005639276;;;;
2022-05-20 07:00:00;0.0;50.0;;128.9991061847311;;;;
2022-05-20 08:00:00;0.0;50.0;;140.283444400904;;;;
2022-05-20 09:00:00;0.0;50.0;;150.7416505585857;;;;
2022-05-20 10:00:00;0.0;50.0;;159.6577782616648;;;;
2022-05-20 11:00:00;0.0;50.0;;166.4119659892281;;;;
2022-05-20 12:00:00;0.0;50.0;;170.540118493824;;;;
2022-05-20 13:00:00;0.0;50.0;;171.7595345734633;;;;
2022-05-20 14:00:00;0.0;50.0;;169.9901048225265;;;;
2022-05-20 15:00:00;0.0;50.0;;165.3542402597456;;;;
2022-05-20 16:00:00;0.0;50.0;;158.1613795381524;;;;
2022-05-20 17:00:00;0.0;50.0;;148.9025101128346;;;;
2022-05-20 18:00:00;0.0;50.0;;138.2052130025913;;;;
2022-05-20 19:00:00;0.0;50.0;;126.7794877109149;;;;
2022-05-20 20:00:00;0.0;50.0;;115.399896854485;;;;
2022-05-20 21:00:00;0.0;50.0;;104.8269621863214;;;;
2022-05-20 22:00:00;0.0;50.0;;95.78094232630323;;;;
2022-05-20 23:00:00;0.0;50.0;;89.29799614030878;;;;
2022-05-21 00:00:00;0.0;50.0;;85.41475259638602;;;;
2022-05-21 01:00:00;0.0;50.0;;84.44884874616874;;;;
2022-05-21 02:00:00;0.0;50.0;;86.09086358881768;;;;
2022-05-21 03:00:00;0.0;50.0;;90.70690086905152;;;;
2022-05-21 04:00:00;0.0;50.0;;98.00490507278309;;;;
2022-05-21 05:00:00;0.0;50.0;;107.5311259309429;;;;
2022-05-21 06:00:00;0.0;50.0;;118.6754922070954;;;;
2022-05-21 07:00:00;0.0;50.0;;130.7266174023708;;;;
2022-05-21 08:00:00;0.0;50.0;;142.9014742721571;;;;
2022-05-21 09:00:00;0.0;50.0;;154.4127075430853;;;;
2022-05-21 10:00:00;0.0;50.0;;164.5149841610369;;;;
2022-05-21 11:00:00;0.0;50.0;;172.5432001152444;;;;
2022-05-21 12:00:00;0.0;50.0;;177.9663166393399;;;;
2022-05-21 13:00:00;0.0;50.0;;180.4279973548456;;;;
2022-05-21 14:00:00;0.0;50.0;;179.7857512875265;;;;
2022-05-21 15:00:00;0.0;50.0;;176.0905595610455;;;;
2022-05-21 16:00:00;0.0;50.0;;169.60943591123;;;;
2022-05-21 17:00:00;0.0;50.0;;160.7888022475501;;;;
2022-05-21 18:00:00;0.0;50.0;;150.26095546353;;;;
2022-05-21 19:00:00;0.0;50.0;;138.766927554127;;;;
2022-05-21 20:00:00;0.0;50.0;;127.1438567228483;;;;
2022-05-21 21:00:00;0.0;50.0;;116.2368373290897;;;;
2022-05-21 22:00:00;0.0;50.0;;106.8623836711201;;;;
2022-05-21 23:00:00;0.0;50.0;;99.02372769225222;;;;
2022-05-22 00:00:00;0.0;50.0;;94.00421060358097;;;;
2022-05-22 01:00:00;0.0;50.0;;92.16193791865638;;;;
2022-05-22 02:00:00;0.0;50.0;;94.35370007311565;;;;
2022-05-22 03:00:00;0.0;50.0;;99.77960584712753;;;;
2022-05-22 04:00:00;0.0;50.0;;108.1524683664319;;;;
2022-05-22 05:00:00;0.0;50.0;;118.9642550277371;;;;
2022-05-22 06:00:00;0.0;50.0;;131.5419368026058;;;;
2022-05-22 07:00:00;0.0;50.0;;145.0786589233819;;;;
2022-05-22 08:00:00;0.0;50.0;;158.6894765943813;;;;
2022-05-22 09:00:00;0.0;50.0;;171.4612875637334;;;;
2022-05-22 10:00:00;0.0;50.0;;182.5367268443448;;;;
2022-05-22 11:00:00;0.0;50.0;;191.1745607588991;;;;
2022-05-22 12:00:00;0.0;50.0;;196.7918522272381;;;;
2022-05-22 13:00:00;0.0;50.0;;199.0012827328555;;;;
2022-05-22 14:00:00;0.0;50.0;;197.6442119553434;;;;
2022-05-22 15:00:00;0.0;50.0;;192.827808744093;;;;
2022-05-22 16:00:00;0.0;50.0;;184.8916140640551;;;;
2022-05-22 17:00:00;0.0;50.0;;174.3906477323745;;;;
2022-05-22 18:00:00;0.0;50.0;;162.0569905579508;;;;
2022-05-22 19:00:00;0.0;50.0;;148.7457983819799;;;;
2022-05-22 20:00:00;0.0;50.0;;135.3840474803747;;;;
2022-05-22 21:00:00;0.0;50.0;;122.8900223249817;;;;
2022-05-22 22:00:00;0.0;50.0;;112.1175873510727;;;;
2022-05-22 23:00:00;0.0;50.0;;102.2797873234474;;;;
2022-05-23 00:00:00;0.0;50.0;;95.46427466923365;;;;
2022-05-23 01:00:00;0.0;50.0;;91.95488007890596;;;;
2022-05-23 02:00:00;0.0;50.0;;93.30596165329547;;;;
2022-05-23 03:00:00;0.0;50.0;;97.77988044231964;;;;
2022-05-23 04:00:00;0.0;50.0;;105.0136917651718;;;;
2022-05-23 05:00:00;0.0;50.0;;114.4538756518022;;;;
2022-05-23 06:00:00;0.0;50.0;;125.3964714314879;;;;
2022-05-23 07:00:00;0.0;50.0;;137.0414304986004;;;;
2022-05-23 08:00:00;0.0;50.0;;148.5356100829518;;;;
2022-05-23 09:00:00;0.0;50.0;;159.0503684322058;;;;
2022-05-23 10:00:00;0.0;50.0;;167.819750708403;;;;
2022-05-23 11:00:00;0.0;50.0;;174.2335283260888;;;;
2022-05-23 12:00:00;0.0;50.0;;177.8292036954785;;;;
2022-05-23 13:00:00;0.0;50.0;;178.3549278930928;;;;
2022-05-23 14:00:00;0.0;50.0;;175.753053833607;;;;
2022-05-23 15:00:00;0.0;50.0;;170.1965368398623;;;;
2022-05-23 16:00:00;0.0;50.0;;162.0403033061936;;;;
2022-05-23 17:00:00;0.0;50.0;;151.8247836751919;;;;
2022-05-23 18:00:00;0.0;50.0;;140.2151423352187;;;;
2022-05-23 19:00:00;0.0;50.0;;127.9734936996556;;;;
2022-05-23 20:00:00;0.0;50.0;;115.8825441885789;;;;
2022-05-23 21:00:00;0.0;50.0;;104.7075845831314;;;;
2022-05-23 22:00:00;0.0;50.0;;95.14365152473147;;;;
2022-05-23 23:00:00;0.0;50.0;;86.6907233856905;;;;
2022-05-24 00:00:00;0.0;50.0;;80.88944079518944;;;;
2022-05-24 01:00:00;0.0;50.0;;77.95502180225196;;;;
2022-05-24 02:00:00;0.0;50.0;;78.99051956268698;;;;
2022-05-24 03:00:00;0.0;50.0;;82.71959684619863;;;;
2022-05-24 04:00:00;0.0;50.0;;88.83398466308287;;;;
2022-05-24 05:00:00;0.0;50.0;;96.87550030869326;;;;
2022-05-24 06:00:00;0.0;50.0;;106.2701317056922;;;;
2022-05-24 07:00:00;0.0;50.0;;116.3553002129123;;;;
2022-05-24 08:00:00;0.0;50.0;;126.4343367845076;;;;
2022-05-24 09:00:00;0.0;50.0;;135.8088999965144;;;;
2022-05-24 10:00:00;0.0;50.0;;143.8434582932384;;;;
2022-05-24 11:00:00;0.0;50.0;;149.9873254505653;;;;
2022-05-24 12:00:00;0.0;50.0;;153.8205219781226;;;;
2022-05-24 13:00:00;0.0;50.0;;155.0839465873544;;;;
2022-05-24 14:00:00;0.0;50.0;;153.6809858462587;;;;
2022-05-24 15:00:00;0.0;50.0;;149.7064842731136;;;;
2022-05-24 16:00:00;0.0;50.0;;143.4174525401682;;;;
2022-05-24 17:00:00;0.0;50.0;;135.24705731094;;;;
2022-05-24 18:00:00;0.0;50.0;;125.7418029309965;;;;
2022-05-24 19:00:00;0.0;50.0;;115.5467768996566;;;;
2022-05-24 20:00:00;0.0;50.0;;105.3488477783581;;;;
2022-05-24 21:00:00;0.0;50.0;;95.84784856999084;;;;
2022-05-24 22:00:00;0.0;50.0;;87.6998530798393;;;;
2022-05-24 23:00:00;0.0;50.0;;81.37997047701339;;;;
2022-05-25 00:00:00;0.0;50.0;;77.41968202702364;;;;
2022-05-25 01:00:00;0.0;50.0;;76.09459025495451;;;;
2022-05-25 02:00:00;0.0;50.0;;77.59999384780127;;;;
2022-05-25 03:00:00;0.0;50.0;;81.75595481181388;;;;
2022-05-25 04:00:00;0.0;50.0;;88.29810806015783;;;;
2022-05-25 05:00:00;0.0;50.0;;96.797259238469;;;;
2022-05-25 06:00:00;0.0;50.0;;106.6921786923861;;;;
2022-05-25 07:00:00;0.0;50.0;;117.3109949942604;;;;
2022-05-25 08:00:00;0.0;50.0;;127.9355692393666;;;;
2022-05-25 09:00:00;0.0;50.0;;137.8422671752161;;;;
2022-05-25 10:00:00;0.0;50.0;;146.3586575717479;;;;
2022-05-25 11:00:00;0.0;50.0;;152.8990135783148;;;;
2022-05-25 12:00:00;0.0;50.0;;157.0112170818409;;;;
2022-05-25 13:00:00;0.0;50.0;;158.4192763575414;;;;
2022-05-25 14:00:00;0.0;50.0;;157.0196256237977;;;;
2022-05-25 15:00:00;0.0;50.0;;152.9143427764377;;;;
2022-05-25 16:00:00;0.0;50.0;;146.3756472604726;;;;
2022-05-25 17:00:00;0.0;50.0;;137.8541461206036;;;;
2022-05-25 18:00:00;0.0;50.0;;127.9176307616155;;;;
2022-05-25 19:00:00;0.0;50.0;;117.2596364990697;;;;
2022-05-25 20:00:00;0.0;50.0;;106.604323815267;;;;
2022-05-25 21:00:00;0.0;50.0;;96.67306615223637;;;;
2022-05-25 22:00:00;0.0;50.0;;88.12200302844678;;;;
2022-05-25 23:00:00;0.0;50.0;;82.37997775746504;;;;
2022-05-26 00:00:00;0.0;50.0;;78.9956600997933;;;;
2022-05-26 01:00:00;0.0;50.0;;78.25344182825975;;;;
2022-05-26 02:00:00;0.0;50.0;;79.38930850453062;;;;
2022-05-26 03:00:00;0.0;50.0;;83.19663631677564;;;;
2022-05-26 04:00:00;0.0;50.0;;89.36953782199015;;;;
2022-05-26 05:00:00;0.0;50.0;;97.43879029384604;;;;
2022-05-26 06:00:00;0.0;50.0;;106.8083337774267;;;;
2022-05-26 07:00:00;0.0;50.0;;116.8051699962926;;;;
2022-05-26 08:00:00;0.0;50.0;;126.7140386505834;;;;
2022-05-26 09:00:00;0.0;50.0;;135.8326034617006;;;;
2022-05-26 10:00:00;0.0;50.0;;143.5190783519081;;;;
2022-05-26 11:00:00;0.0;50.0;;149.2387899830233;;;;
2022-05-26 12:00:00;0.0;50.0;;152.5934435090987;;;;
2022-05-26 13:00:00;0.0;50.0;;153.3469398519657;;;;
2022-05-26 14:00:00;0.0;50.0;;151.4420001517476;;;;
2022-05-26 15:00:00;0.0;50.0;;146.9995304675247;;;;
2022-05-26 16:00:00;0.0;50.0;;140.3155607273637;;;;
2022-05-26 17:00:00;0.0;50.0;;131.8435683219601;;;;
2022-05-26 18:00:00;0.0;50.0;;122.1403994340511;;;;
2022-05-26 19:00:00;0.0;50.0;;111.8490083079286;;;;
2022-05-26 20:00:00;0.0;50.0;;101.638881656496;;;;
2022-05-26 21:00:00;0.0;50.0;;92.1852986046348;;;;
2022-05-26 22:00:00;0.0;50.0;;84.10064960479905;;;;
2022-05-26 23:00:00;0.0;50.0;;78.92874096041564;;;;
2022-05-27 00:00:00;0.0;50.0;;76.04816416858758;;;;
2022-05-27 01:00:00;0.0;50.0;;75.74740473090486;;;;
2022-05-27 02:00:00;0.0;50.0;;77.13649951488125;;;;
2022-05-27 03:00:00;0.0;50.0;;81.19199485188692;;;;
2022-05-27 04:00:00;0.0;50.0;;87.65840599125497;;;;
2022-05-27 05:00:00;0.0;50.0;;96.12200965470552;;;;
2022-05-27 06:00:00;0.0;50.0;;106.0386935906665;;;;
2022-05-27 07:00:00;0.0;50.0;;116.7683829016197;;;;
2022-05-27 08:00:00;0.0;50.0;;127.6178248279872;;;;
2022-05-27 09:00:00;0.0;50.0;;137.8842067261966;;;;
2022-05-27 10:00:00;0.0;50.0;;146.9021883056502;;;;
2022-05-27 11:00:00;0.0;50.0;;154.0880701750153;;;;
2022-05-27 12:00:00;0.0;50.0;;158.9735795437054;;;;
2022-05-27 13:00:00;0.0;50.0;;161.2447200759611;;;;
2022-05-27 14:00:00;0.0;50.0;;160.7609480694952;;;;
2022-05-27 15:00:00;0.0;50.0;;157.562848981857;;;;
2022-05-27 16:00:00;0.0;50.0;;151.875614604418;;;;
2022-05-27 17:00:00;0.0;50.0;;144.0998747459088;;;;
2022-05-27 18:00:00;0.0;50.0;;134.7942991975737;;;;
2022-05-27 19:00:00;0.0;50.0;;124.6248055198886;;;;
2022-05-27 20:00:00;0.0;50.0;;114.3234731163488;;;;
2022-05-27 21:00:00;0.0;50.0;;104.6474701407607;;;;
2022-05-27 22:00:00;0.0;50.0;;96.32828956383578;;;;
2022-05-27 23:00:00;0.0;50.0;;90.46483246512683;;;;
2022-05-28 00:00:00;0.0;50.0;;87.13281685754721;;;;
2022-05-28 01:00:00;0.0;50.0;;86.707880884429;;;;
2022-05-28 02:00:00;0.0;50.0;;88.92281274702458;;;;
2022-05-28 03:00:00;0.0;50.0;;94.19846349500327;;;;
2022-05-28 04:00:00;0.0;50.0;;102.2766747672684;;;;
2022-05-28 05:00:00;0.0;50.0;;112.7007403689711;;;;
2022-05-28 06:00:00;0.0;50.0;;124.8459901410043;;;;
2022-05-28 07:00:00;0.0;50.0;;137.952668191578;;;;
2022-05-28 08:00:00;0.0;50.0;;151.177198402543;;;;
2022-05-28 09:00:00;0.0;50.0;;163.6459061739861;;;;
2022-05-28 10:00:00;0.0;50.0;;174.5371832232632;;;;
2022-05-28 11:00:00;0.0;50.0;;183.1370086032193;;;;
2022-05-28 12:00:00;0.0;50.0;;188.8738038669217;;;;
2022-05-28 13:00:00;0.0;50.0;;191.3627573755459;;;;
2022-05-28 14:00:00;0.0;50.0;;190.4358002493035;;;;
2022-05-28 15:00:00;0.0;50.0;;186.1654047051073;;;;
2022-05-28 16:00:00;0.0;50.0;;178.861691343202;;;;
2022-05-28 17:00:00;0.0;50.0;;169.0457478010429;;;;
2022-05-28 18:00:00;0.0;50.0;;157.4134767103511;;;;
2022-05-28 19:00:00;0.0;50.0;;144.7919569927445;;;;
2022-05-28 20:00:00;0.0;50.0;;132.0666574024293;;;;
2022-05-28 21:00:00;0.0;50.0;;120.1373854065248;;;;
2022-05-28 22:00:00;0.0;50.0;;109.8423061773485;;;;
2022-05-28 23:00:00;0.0;50.0;;101.1998106270277;;;;
2022-05-29 00:00:00;0.0;50.0;;95.48585762517976;;;;
2022-05-29 01:00:00;0.0;50.0;;93.02038320918575;;;;
2022-05-29 02:00:00;0.0;50.0;;94.60526123664496;;;;
2022-05-29 03:00:00;0.0;50.0;;99.37464823607976;;;;
2022-05-29 04:00:00;0.0;50.0;;106.9781483397825;;;;
2022-05-29 05:00:00;0.0;50.0;;116.8713495622732;;;;
2022-05-29 06:00:00;0.0;50.0;;128.3462719357187;;;;
2022-05-29 07:00:00;0.0;50.0;;140.592436908569;;;;
2022-05-29 08:00:00;0.0;50.0;;152.7429951792158;;;;
2022-05-29 09:00:00;0.0;50.0;;163.9422197860517;;;;
2022-05-29 10:00:00;0.0;50.0;;173.4060086009456;;;;
2022-05-29 11:00:00;0.0;50.0;;180.4774620216802;;;;
2022-05-29 12:00:00;0.0;50.0;;184.6665067465873;;;;
2022-05-29 13:00:00;0.0;50.0;;185.668982584527;;;;
2022-05-29 14:00:00;0.0;50.0;;183.4030070857864;;;;
2022-05-29 15:00:00;0.0;50.0;;178.0173116645378;;;;
2022-05-29 16:00:00;0.0;50.0;;169.8861515265936;;;;
2022-05-29 17:00:00;0.0;50.0;;159.5552344786187;;;;
2022-05-29 18:00:00;0.0;50.0;;147.7053738274392;;;;
2022-05-29 19:00:00;0.0;50.0;;135.1191850796129;;;;
2022-05-29 20:00:00;0.0;50.0;;122.6252293131309;;;;
2022-05-29 21:00:00;0.0;50.0;;111.0461593043559;;;;
2022-05-29 22:00:00;0.0;50.0;;101.1293294801175;;;;
2022-05-29 23:00:00;0.0;50.0;;92.15591625845087;;;;
2022-05-30 00:00:00;0.0;50.0;;85.9782328390568;;;;
2022-05-30 01:00:00;0.0;50.0;;82.83459713791488;;;;
2022-05-30 02:00:00;0.0;50.0;;84.11020729260855;;;;
2022-05-30 03:00:00;0.0;50.0;;88.25770170672368;;;;
2022-05-30 04:00:00;0.0;50.0;;94.97087004901064;;;;
2022-05-30 05:00:00;0.0;50.0;;103.7678472399167;;;;
2022-05-30 06:00:00;0.0;50.0;;114.0390707885913;;;;
2022-05-30 07:00:00;0.0;50.0;;125.0690308153117;;;;
2022-05-30 08:00:00;0.0;50.0;;136.1168804422462;;;;
2022-05-30 09:00:00;0.0;50.0;;146.4207261375572;;;;
2022-05-30 10:00:00;0.0;50.0;;155.2899919448338;;;;
2022-05-30 11:00:00;0.0;50.0;;162.1120436386398;;;;
2022-05-30 12:00:00;0.0;50.0;;166.4350166036615;;;;
2022-05-30 13:00:00;0.0;50.0;;167.9603666601193;;;;
2022-05-30 14:00:00;0.0;50.0;;166.589438006183;;;;
2022-05-30 15:00:00;0.0;50.0;;162.4123519242169;;;;
2022-05-30 16:00:00;0.0;50.0;;155.7156260889182;;;;
2022-05-30 17:00:00;0.0;50.0;;146.9447813631438;;;;
2022-05-30 18:00:00;0.0;50.0;;136.6961620825762;;;;
2022-05-30 19:00:00;0.0;50.0;;125.66307598483;;;;
2022-05-30 20:00:00;0.0;50.0;;114.6138607627247;;;;
2022-05-30 21:00:00;0.0;50.0;;104.3097618075599;;;;
2022-05-30 22:00:00;0.0;50.0;;95.46635427047804;;;;
2022-05-30 23:00:00;0.0;50.0;;87.6018832823142;;;;
2022-05-31 00:00:00;0.0;50.0;;82.30698712047234;;;;
2022-05-31 01:00:00;0.0;50.0;;79.85095090308623;;;;
2022-05-31 02:00:00;0.0;50.0;;81.40301025624873;;;;
2022-05-31 03:00:00;0.0;50.0;;85.72728990644161;;;;
2022-05-31 04:00:00;0.0;50.0;;92.54102861410067;;;;
2022-05-31 05:00:00;0.0;50.0;;101.3907107681172;;;;
2022-05-31 06:00:00;0.0;50.0;;111.6721551453873;;;;
2022-05-31 07:00:00;0.0;50.0;;122.6929429143012;;;;
2022-05-31 08:00:00;0.0;50.0;;133.69654550421;;;;
2022-05-31 09:00:00;0.0;50.0;;143.930815705459;;;;
2022-05-31 10:00:00;0.0;50.0;;152.6829031935081;;;;
2022-05-31 11:00:00;0.0;50.0;;159.3489530323243;;;;
2022-05-31 12:00:00;0.0;50.0;;163.4732508793315;;;;
2022-05-31 13:00:00;0.0;50.0;;164.7633525062703;;;;
2022-05-31 14:00:00;0.0;50.0;;163.1272563414022;;;;
2022-05-31 15:00:00;0.0;50.0;;158.6581243388267;;;;
2022-05-31 16:00:00;0.0;50.0;;151.6698253999137;;;;
2022-05-31 17:00:00;0.0;50.0;;142.6294331805985;;;;
2022-05-31 18:00:00;0.0;50.0;;132.1630574228907;;;;
2022-05-31 19:00:00;0.0;50.0;;120.9674172423389;;;;
2022-05-31 20:00:00;0.0;50.0;;109.8016425852825;;;;
2022-05-31 21:00:00;0.0;50.0;;99.4014258957981;;;;
2022-05-31 22:00:00;0.0;50.0;;90.45409918114362;;;;
2022-05-31 23:00:00;0.0;50.0;;83.44443462660433;;;;
2022-06-01 00:00:00;0.0;50.0;;78.88501915428887;;;;
2022-06-01 01:00:00;0.0;50.0;;77.01817576798382;;;;
2022-06-01 02:00:00;0.0;50.0;;77.98396800639986;;;;
2022-06-01 03:00:00;0.0;50.0;;81.55628981235658;;;;
2022-06-01 04:00:00;0.0;50.0;;87.41596531730389;;;;
2022-06-01 05:00:00;0.0;50.0;;95.09303725017523;;;;
2022-06-01 06:00:00;0.0;50.0;;103.9993940655629;;;;
2022-06-01 07:00:00;0.0;50.0;;113.464365619218;;;;
2022-06-01 08:00:00;0.0;50.0;;122.7963883910635;;;;
2022-06-01 09:00:00;0.0;50.0;;131.3119085173078;;;;
2022-06-01 10:00:00;0.0;50.0;;138.401577114114;;;;
2022-06-01 11:00:00;0.0;50.0;;143.5508922932584;;;;
2022-06-01 12:00:00;0.0;50.0;;146.3935587902733;;;;
2022-06-01 13:00:00;0.0;50.0;;146.7248042136432;;;;
2022-06-01 14:00:00;0.0;50.0;;144.509511414473;;;;
2022-06-01 15:00:00;0.0;50.0;;139.8897501705479;;;;
2022-06-01 16:00:00;0.0;50.0;;133.1659809488314;;;;
2022-06-01 17:00:00;0.0;50.0;;124.7783906626318;;;;
2022-06-01 18:00:00;0.0;50.0;;115.2664204852404;;;;
2022-06-01 19:00:00;0.0;50.0;;105.2444915967225;;;;
2022-06-01 20:00:00;0.0;50.0;;95.35452572094178;;;;
2022-06-01 21:00:00;0.0;50.0;;86.22702461281672;;;;
2022-06-01 22:00:00;0.0;50.0;;78.43605699283748;;;;
2022-06-01 23:00:00;0.0;50.0;;73.23117345160045;;;;
2022-06-02 00:00:00;0.0;50.0;;70.18712881905509;;;;
2022-06-02 01:00:00;0.0;50.0;;69.54275610168635;;;;
2022-06-02 02:00:00;0.0;50.0;;70.6169908017165;;;;
2022-06-02 03:00:00;0.0;50.0;;74.12175520856287;;;;
2022-06-02 04:00:00;0.0;50.0;;79.8059489701186;;;;
2022-06-02 05:00:00;0.0;50.0;;87.27568192335235;;;;
2022-06-02 06:00:00;0.0;50.0;;96.02810977798549;;;;
2022-06-02 07:00:00;0.0;50.0;;105.4779950360824;;;;
2022-06-02 08:00:00;0.0;50.0;;115.0023722201861;;;;
2022-06-02 09:00:00;0.0;50.0;;123.9661084779644;;;;
2022-06-02 10:00:00;0.0;50.0;;131.7834241154103;;;;
2022-06-02 11:00:00;0.0;50.0;;137.9340045189974;;;;
2022-06-02 12:00:00;0.0;50.0;;142.0184883902693;;;;
2022-06-02 13:00:00;0.0;50.0;;143.7664766206739;;;;
2022-06-02 14:00:00;0.0;50.0;;143.0648792244532;;;;
2022-06-02 15:00:00;0.0;50.0;;139.9682599703818;;;;
2022-06-02 16:00:00;0.0;50.0;;134.6904351323232;;;;
2022-06-02 17:00:00;0.0;50.0;;127.6030152824552;;;;
2022-06-02 18:00:00;0.0;50.0;;119.1926435247538;;;;
2022-06-02 19:00:00;0.0;50.0;;110.0517528069996;;;;
2022-06-02 20:00:00;0.0;50.0;;100.8268160353389;;;;
2022-06-02 21:00:00;0.0;50.0;;92.1905685489016;;;;
2022-06-02 22:00:00;0.0;50.0;;84.77592164165402;;;;
2022-06-02 23:00:00;0.0;50.0;;80.19059682377045;;;;
2022-06-03 00:00:00;0.0;50.0;;77.83470661773453;;;;
2022-06-03 01:00:00;0.0;50.0;;78.0600974708681;;;;
2022-06-03 02:00:00;0.0;50.0;;80.00167404700215;;;;
2022-06-03 03:00:00;0.0;50.0;;84.70498130907573;;;;
2022-06-03 04:00:00;0.0;50.0;;91.93609667767298;;;;
2022-06-03 05:00:00;0.0;50.0;;101.2819369640088;;;;
2022-06-03 06:00:00;0.0;50.0;;112.1763477555205;;;;
2022-06-03 07:00:00;0.0;50.0;;123.9369490729453;;;;
2022-06-03 08:00:00;0.0;50.0;;135.8116513852036;;;;
2022-06-03 09:00:00;0.0;50.0;;147.0149727940657;;;;
2022-06-03 10:00:00;0.0;50.0;;156.8154949345274;;;;
2022-06-03 11:00:00;0.0;50.0;;164.5673432690422;;;;
2022-06-03 12:00:00;0.0;50.0;;169.7652847825678;;;;
2022-06-03 13:00:00;0.0;50.0;;172.0553096139354;;;;
2022-06-03 14:00:00;0.0;50.0;;171.2840932978719;;;;
2022-06-03 15:00:00;0.0;50.0;;167.5198195915094;;;;
2022-06-03 16:00:00;0.0;50.0;;161.0315667050905;;;;
2022-06-03 17:00:00;0.0;50.0;;152.2886066564371;;;;
2022-06-03 18:00:00;0.0;50.0;;141.9060128558695;;;;
2022-06-03 19:00:00;0.0;50.0;;130.6242668911356;;;;
2022-06-03 20:00:00;0.0;50.0;;119.2396991403959;;;;
2022-06-03 21:00:00;0.0;50.0;;108.5650711295712;;;;
2022-06-03 22:00:00;0.0;50.0;;99.35490329470925;;;;
2022-06-03 23:00:00;0.0;50.0;;92.73490592277017;;;;
2022-06-04 00:00:00;0.0;50.0;;88.73993483711371;;;;
2022-06-04 01:00:00;0.0;50.0;;87.71329989145447;;;;
2022-06-04 02:00:00;0.0;50.0;;89.32024580627868;;;;
2022-06-04 03:00:00;0.0;50.0;;93.93936736005224;;;;
2022-06-04 04:00:00;0.0;50.0;;101.2521173911066;;;;
2022-06-04 05:00:00;0.0;50.0;;110.7534484711459;;;;
2022-06-04 06:00:00;0.0;50.0;;121.7898927886755;;;;
2022-06-04 07:00:00;0.0;50.0;;133.5996097089577;;;;
2022-06-04 08:00:00;0.0;50.0;;145.3619883109994;;;;
2022-06-04 09:00:00;0.0;50.0;;156.2627576460859;;;;
2022-06-04 10:00:00;0.0;50.0;;165.5505006192455;;;;
2022-06-04 11:00:00;0.0;50.0;;172.5923484300613;;;;
2022-06-04 12:00:00;0.0;50.0;;176.8954381179576;;;;
2022-06-04 13:00:00;0.0;50.0;;178.1707349853801;;;;
2022-06-04 14:00:00;0.0;50.0;;176.3272722004536;;;;
2022-06-04 15:00:00;0.0;50.0;;171.4956491434053;;;;
2022-06-04 16:00:00;0.0;50.0;;163.9999034112831;;;;
2022-06-04 17:00:00;0.0;50.0;;154.3456002148772;;;;
2022-06-04 18:00:00;0.0;50.0;;143.188773749611;;;;
2022-06-04 19:00:00;0.0;50.0;;131.2786897207833;;;;
2022-06-04 20:00:00;0.0;50.0;;119.4153079842442;;;;
2022-06-04 21:00:00;0.0;50.0;;108.3921754014581;;;;
2022-06-04 22:00:00;0.0;50.0;;98.94858438647223;;;;
2022-06-04 23:00:00;0.0;50.0;;91.08209352521263;;;;
2022-06-05 00:00:00;0.0;50.0;;85.92122494870593;;;;
2022-06-05 01:00:00;0.0;50.0;;83.74230550670444;;;;
2022-06-05 02:00:00;0.0;50.0;;85.25780548917044;;;;
2022-06-05 03:00:00;0.0;50.0;;89.69765122259213;;;;
2022-06-05 04:00:00;0.0;50.0;;96.76936393148856;;;;
2022-06-05 05:00:00;0.0;50.0;;106.0023085482747;;;;
2022-06-05 06:00:00;0.0;50.0;;116.7946359894357;;;;
2022-06-05 07:00:00;0.0;50.0;;128.4287815485855;;;;
2022-06-05 08:00:00;0.0;50.0;;140.1352946497621;;;;
2022-06-05 09:00:00;0.0;50.0;;151.1321257340737;;;;
2022-06-05 10:00:00;0.0;50.0;;160.69374983204;;;;
2022-06-05 11:00:00;0.0;50.0;;168.1799851280845;;;;
2022-06-05 12:00:00;0.0;50.0;;173.0926508135586;;;;
2022-06-05 13:00:00;0.0;50.0;;175.1073664863787;;;;
2022-06-05 14:00:00;0.0;50.0;;174.094177313293;;;;
2022-06-05 15:00:00;0.0;50.0;;170.131857765377;;;;
2022-06-05 16:00:00;0.0;50.0;;163.4882633360554;;;;
2022-06-05 17:00:00;0.0;50.0;;154.6219064612805;;;;
2022-06-05 18:00:00;0.0;50.0;;144.1477288072457;;;;
2022-06-05 19:00:00;0.0;50.0;;132.7992662285838;;;;
2022-06-05 20:00:00;0.0;50.0;;121.3765459216951;;;;
2022-06-05 21:00:00;0.0;50.0;;110.6854568342702;;;;
2022-06-05 22:00:00;0.0;50.0;;101.4960091727815;;;;
2022-06-05 23:00:00;0.0;50.0;;93.11288880895042;;;;
2022-06-06 00:00:00;0.0;50.0;;87.44683655053652;;;;
2022-06-06 01:00:00;0.0;50.0;;84.79107669434991;;;;
2022-06-06 02:00:00;0.0;50.0;;86.60159670838488;;;;
2022-06-06 03:00:00;0.0;50.0;;91.36252940456197;;;;
2022-06-06 04:00:00;0.0;50.0;;98.7844504901648;;;;
2022-06-06 05:00:00;0.0;50.0;;108.3969907954532;;;;
2022-06-06 06:00:00;0.0;50.0;;119.5725705695598;;;;
2022-06-06 07:00:00;0.0;50.0;;131.5644036236567;;;;
2022-06-06 08:00:00;0.0;50.0;;143.5651193642765;;;;
2022-06-06 09:00:00;0.0;50.0;;154.755787103054;;;;
2022-06-06 10:00:00;0.0;50.0;;164.3749972821341;;;;
2022-06-06 11:00:00;0.0;50.0;;171.7625464742283;;;;
2022-06-06 12:00:00;0.0;50.0;;176.4062768331089;;;;
2022-06-06 13:00:00;0.0;50.0;;177.9798307845461;;;;
2022-06-06 14:00:00;0.0;50.0;;176.3712633661365;;;;
2022-06-06 15:00:00;0.0;50.0;;171.6893835944803;;;;
2022-06-06 16:00:00;0.0;50.0;;164.2656531326334;;;;
2022-06-06 17:00:00;0.0;50.0;;154.5946157670947;;;;
2022-06-06 18:00:00;0.0;50.0;;143.3516668761221;;;;
2022-06-06 19:00:00;0.0;50.0;;131.2967081445057;;;;
2022-06-06 20:00:00;0.0;50.0;;119.2545447839435;;;;
2022-06-06 21:00:00;0.0;50.0;;108.0240646431205;;;;
2022-06-06 22:00:00;0.0;50.0;;98.34791607754342;;;;
2022-06-06 23:00:00;0.0;50.0;;89.74785524402414;;;;
2022-06-07 00:00:00;0.0;50.0;;83.8256628290336;;;;
2022-06-07 01:00:00;0.0;50.0;;80.81545181711287;;;;
2022-06-07 02:00:00;0.0;50.0;;81.84937659097837;;;;
2022-06-07 03:00:00;0.0;50.0;;85.6111985299802;;;;
2022-06-07 04:00:00;0.0;50.0;;91.77189354659517;;;;
2022-06-07 05:00:00;0.0;50.0;;99.836283172691;;;;
2022-06-07 06:00:00;0.0;50.0;;109.1825723695806;;;;
2022-06-07 07:00:00;0.0;50.0;;119.1041164636043;;;;
2022-06-07 08:00:00;0.0;50.0;;128.8683056329008;;;;
2022-06-07 09:00:00;0.0;50.0;;137.7577419764291;;;;
2022-06-07 10:00:00;0.0;50.0;;145.1285405525162;;;;
2022-06-07 11:00:00;0.0;50.0;;150.4469157973015;;;;
2022-06-07 12:00:00;0.0;50.0;;153.3302552708331;;;;
2022-06-07 13:00:00;0.0;50.0;;153.5638081281016;;;;
2022-06-07 14:00:00;0.0;50.0;;151.1186500784588;;;;
2022-06-07 15:00:00;0.0;50.0;;146.1537659604507;;;;
2022-06-07 16:00:00;0.0;50.0;;138.9857769888818;;;;
2022-06-07 17:00:00;0.0;50.0;;130.0821573661266;;;;
2022-06-07 18:00:00;0.0;50.0;;120.0127954713669;;;;
2022-06-07 19:00:00;0.0;50.0;;109.4286816626411;;;;
2022-06-07 20:00:00;0.0;50.0;;98.99983736877508;;;;
2022-06-07 21:00:00;0.0;50.0;;89.37808614985094;;;;
2022-06-07 22:00:00;0.0;50.0;;81.15712716399845;;;;
2022-06-07 23:00:00;0.0;50.0;;74.76179632335965;;;;
2022-06-08 00:00:00;0.0;50.0;;70.62270671840898;;;;
2022-06-08 01:00:00;0.0;50.0;;68.94494218664283;;;;
2022-06-08 02:00:00;0.0;50.0;;69.84383337748062;;;;
2022-06-08 03:00:00;0.0;50.0;;73.13530957585976;;;;
2022-06-08 04:00:00;0.0;50.0;;78.55260702908282;;;;
2022-06-08 05:00:00;0.0;50.0;;85.69238591835203;;;;
2022-06-08 06:00:00;0.0;50.0;;94.04816536554779;;;;
2022-06-08 07:00:00;0.0;50.0;;103.0346735155829;;;;
2022-06-08 08:00:00;0.0;50.0;;112.0334968774301;;;;
2022-06-08 09:00:00;0.0;50.0;;120.4331005383166;;;;
2022-06-08 10:00:00;0.0;50.0;;127.6665465545294;;;;
2022-06-08 11:00:00;0.0;50.0;;133.2410195153523;;;;
2022-06-08 12:00:00;0.0;50.0;;136.786559864311;;;;
2022-06-08 13:00:00;0.0;50.0;;138.0670958378775;;;;
2022-06-08 14:00:00;0.0;50.0;;137.001196778936;;;;
2022-06-08 15:00:00;0.0;50.0;;133.6517893715515;;;;
2022-06-08 16:00:00;0.0;50.0;;128.2415566483558;;;;
2022-06-08 17:00:00;0.0;50.0;;121.136454765023;;;;
2022-06-08 18:00:00;0.0;50.0;;112.8234702298735;;;;
2022-06-08 19:00:00;0.0;50.0;;103.8709441276414;;;;
2022-06-08 20:00:00;0.0;50.0;;94.89247855328695;;;;
2022-06-08 21:00:00;0.0;50.0;;86.51380802039367;;;;
2022-06-08 22:00:00;0.0;50.0;;79.3320177866132;;;;
2022-06-08 23:00:00;0.0;50.0;;74.66500018782087;;;;
2022-06-09 00:00:00;0.0;50.0;;72.10703417636812;;;;
2022-06-09 01:00:00;0.0;50.0;;71.95627752090844;;;;
2022-06-09 02:00:00;0.0;50.0;;73.55602637495544;;;;
2022-06-09 03:00:00;0.0;50.0;;77.68302806351372;;;;
2022-06-09 04:00:00;0.0;50.0;;84.10509299923459;;;;
2022-06-09 05:00:00;0.0;50.0;;92.42822855504582;;;;
2022-06-09 06:00:00;0.0;50.0;;102.1289512595844;;;;
2022-06-09 07:00:00;0.0;50.0;;112.5751894668986;;;;
2022-06-09 08:00:00;0.0;50.0;;123.0828900598505;;;;
2022-06-09 09:00:00;0.0;50.0;;132.9554924465795;;;;
2022-06-09 10:00:00;0.0;50.0;;141.5337846204921;;;;
2022-06-09 11:00:00;0.0;50.0;;148.2362141881422;;;;
2022-06-09 12:00:00;0.0;50.0;;152.6217086931218;;;;
2022-06-09 13:00:00;0.0;50.0;;154.3888258779049;;;;
2022-06-09 14:00:00;0.0;50.0;;153.4321134352231;;;;
2022-06-09 15:00:00;0.0;50.0;;149.8120613151463;;;;
2022-06-09 16:00:00;0.0;50.0;;143.7882382790712;;;;
2022-06-09 17:00:00;0.0;50.0;;135.7718629163762;;;;
2022-06-09 18:00:00;0.0;50.0;;126.3200191358819;;;;
2022-06-09 19:00:00;0.0;50.0;;116.0993262441909;;;;
2022-06-09 20:00:00;0.0;50.0;;105.8275669205213;;;;
2022-06-09 21:00:00;0.0;50.0;;96.21927023038057;;;;
2022-06-09 22:00:00;0.0;50.0;;87.94182497030693;;;;
2022-06-09 23:00:00;0.0;50.0;;82.6478986360704;;;;
2022-06-10 00:00:00;0.0;50.0;;79.6848464799565;;;;
2022-06-10 01:00:00;0.0;50.0;;79.36226407380907;;;;
2022-06-10 02:00:00;0.0;50.0;;80.73243819692999;;;;
2022-06-10 03:00:00;0.0;50.0;;84.8244361685032;;;;
2022-06-10 04:00:00;0.0;50.0;;91.35264459599256;;;;
2022-06-10 05:00:00;0.0;50.0;;99.85254861961697;;;;
2022-06-10 06:00:00;0.0;50.0;;109.7344043010178;;;;
2022-06-10 07:00:00;0.0;50.0;;120.3060231032535;;;;
2022-06-10 08:00:00;0.0;50.0;;130.837377718494;;;;
2022-06-10 09:00:00;0.0;50.0;;140.5961680029286;;;;
2022-06-10 10:00:00;0.0;50.0;;148.9111425815011;;;;
2022-06-10 11:00:00;0.0;50.0;;155.2059866292846;;;;
2022-06-10 12:00:00;0.0;50.0;;159.046542033528;;;;
2022-06-10 13:00:00;0.0;50.0;;160.1685096241904;;;;
2022-06-10 14:00:00;0.0;50.0;;158.5000758939409;;;;
2022-06-10 15:00:00;0.0;50.0;;154.1607124071878;;;;
2022-06-10 16:00:00;0.0;50.0;;147.4471592170876;;;;
2022-06-10 17:00:00;0.0;50.0;;138.8117516100249;;;;
2022-06-10 18:00:00;0.0;50.0;;128.8297827881581;;;;
2022-06-10 19:00:00;0.0;50.0;;118.177053956034;;;;
2022-06-10 20:00:00;0.0;50.0;;107.5684945612736;;;;
2022-06-10 21:00:00;0.0;50.0;;97.72005676084031;;;;
2022-06-10 22:00:00;0.0;50.0;;89.28635136589796;;;;
2022-06-10 23:00:00;0.0;50.0;;83.26356215241847;;;;
2022-06-11 00:00:00;0.0;50.0;;79.66324217839629;;;;
2022-06-11 01:00:00;0.0;50.0;;78.78128969812911;;;;
2022-06-11 02:00:00;0.0;50.0;;80.31192062272208;;;;
2022-06-11 03:00:00;0.0;50.0;;84.61351590965849;;;;
2022-06-11 04:00:00;0.0;50.0;;91.42359145746296;;;;
2022-06-11 05:00:00;0.0;50.0;;100.3136122579468;;;;
2022-06-11 06:00:00;0.0;50.0;;110.7171012287074;;;;
2022-06-11 07:00:00;0.0;50.0;;121.9646764007058;;;;
2022-06-11 08:00:00;0.0;50.0;;133.323540479626;;;;
2022-06-11 09:00:00;0.0;50.0;;144.0633266132466;;;;
2022-06-11 10:00:00;0.0;50.0;;153.4784685529834;;;;
2022-06-11 11:00:00;0.0;50.0;;160.9559980153448;;;;
2022-06-11 12:00:00;0.0;50.0;;166.005890846343;;;;
2022-06-11 13:00:00;0.0;50.0;;168.3067364380073;;;;
2022-06-11 14:00:00;0.0;50.0;;167.7114364266058;;;;
2022-06-11 15:00:00;0.0;50.0;;164.2635144057226;;;;
2022-06-11 16:00:00;0.0;50.0;;158.2087253600571;;;;
2022-06-11 17:00:00;0.0;50.0;;149.9756310192592;;;;
2022-06-11 18:00:00;0.0;50.0;;140.147860823648;;;;
2022-06-11 19:00:00;0.0;50.0;;129.4244313023375;;;;
2022-06-11 20:00:00;0.0;50.0;;118.5774989066471;;;;
2022-06-11 21:00:00;0.0;50.0;;108.4044149996879;;;;
2022-06-11 22:00:00;0.0;50.0;;99.65423672797442;;;;
2022-06-11 23:00:00;0.0;50.0;;92.3698689417107;;;;
2022-06-12 00:00:00;0.0;50.0;;87.71376940405895;;;;
2022-06-12 01:00:00;0.0;50.0;;86.03139869226804;;;;
2022-06-12 02:00:00;0.0;50.0;;88.08142895173512;;;;
2022-06-12 03:00:00;0.0;50.0;;93.1517926067641;;;;
2022-06-12 04:00:00;0.0;50.0;;100.9710289916568;;;;
2022-06-12 05:00:00;0.0;50.0;;111.070890928813;;;;
2022-06-12 06:00:00;0.0;50.0;;122.8182623467495;;;;
2022-06-12 07:00:00;0.0;50.0;;135.4532480416764;;;;
2022-06-12 08:00:00;0.0;50.0;;148.1443814519328;;;;
2022-06-12 09:00:00;0.0;50.0;;160.0502644089666;;;;
2022-06-12 10:00:00;0.0;50.0;;170.3765250056608;;;;
2022-06-12 11:00:00;0.0;50.0;;178.4321632281809;;;;
2022-06-12 12:00:00;0.0;50.0;;183.6578472047713;;;;
2022-06-12 13:00:00;0.0;50.0;;185.6977186570804;;;;
2022-06-12 14:00:00;0.0;50.0;;184.4126500588751;;;;
2022-06-12 15:00:00;0.0;50.0;;179.9068854743971;;;;
2022-06-12 16:00:00;0.0;50.0;;172.4966763656173;;;;
2022-06-12 17:00:00;0.0;50.0;;162.702358609162;;;;
2022-06-12 18:00:00;0.0;50.0;;151.1975327727012;;;;
2022-06-12 19:00:00;0.0;50.0;;138.7867976766317;;;;
2022-06-12 20:00:00;0.0;50.0;;126.3222082559481;;;;
2022-06-12 21:00:00;0.0;50.0;;114.6675959419611;;;;
2022-06-12 22:00:00;0.0;50.0;;104.6118442036314;;;;
2022-06-12 23:00:00;0.0;50.0;;95.45784362414085;;;;
2022-06-13 00:00:00;0.0;50.0;;89.12973209391436;;;;
2022-06-13 01:00:00;0.0;50.0;;85.88483334047922;;;;
2022-06-13 02:00:00;0.0;50.0;;87.14882422292146;;;;
2022-06-13 03:00:00;0.0;50.0;;91.32729803591988;;;;
2022-06-13 04:00:00;0.0;50.0;;98.08831125798582;;;;
2022-06-13 05:00:00;0.0;50.0;;106.9094612780605;;;;
2022-06-13 06:00:00;0.0;50.0;;117.1336446814237;;;;
2022-06-13 07:00:00;0.0;50.0;;128.0031933422032;;;;
2022-06-13 08:00:00;0.0;50.0;;138.7368019133698;;;;
2022-06-13 09:00:00;0.0;50.0;;148.5522995620792;;;;
2022-06-13 10:00:00;0.0;50.0;;156.7522304221597;;;;
2022-06-13 11:00:00;0.0;50.0;;162.7444357370235;;;;
2022-06-13 12:00:00;0.0;50.0;;166.1108177079816;;;;
2022-06-13 13:00:00;0.0;50.0;;166.5976690899941;;;;
2022-06-13 14:00:00;0.0;50.0;;164.1659030549293;;;;
2022-06-13 15:00:00;0.0;50.0;;158.9712141743917;;;;
2022-06-13 16:00:00;0.0;50.0;;151.3582713622816;;;;
2022-06-13 17:00:00;0.0;50.0;;141.8213928760675;;;;
2022-06-13 18:00:00;0.0;50.0;;130.9779931337074;;;;
2022-06-13 19:00:00;0.0;50.0;;119.5352858812723;;;;
2022-06-13 20:00:00;0.0;50.0;;108.2326799408733;;;;
2022-06-13 21:00:00;0.0;50.0;;97.78986808727164;;;;
2022-06-13 22:00:00;0.0;50.0;;88.85687556986385;;;;
2022-06-13 23:00:00;0.0;50.0;;80.98880080383597;;;;
2022-06-14 00:00:00;0.0;50.0;;75.59598469553057;;;;
2022-06-14 01:00:00;0.0;50.0;;72.88110612358568;;;;
2022-06-14 02:00:00;0.0;50.0;;73.84948704148576;;;;
2022-06-14 03:00:00;0.0;50.0;;77.33554426669323;;;;
2022-06-14 04:00:00;0.0;50.0;;83.0542680193092;;;;
2022-06-14 05:00:00;0.0;50.0;;90.57700739475243;;;;
2022-06-14 06:00:00;0.0;50.0;;99.36775478601692;;;;
2022-06-14 07:00:00;0.0;50.0;;108.8030844021204;;;;
2022-06-14 08:00:00;0.0;50.0;;118.2302270779682;;;;
2022-06-14 09:00:00;0.0;50.0;;126.9972786112628;;;;
2022-06-14 10:00:00;0.0;50.0;;134.5078002901859;;;;
2022-06-14 11:00:00;0.0;50.0;;140.2466191087921;;;;
2022-06-14 12:00:00;0.0;50.0;;143.8216449807884;;;;
2022-06-14 13:00:00;0.0;50.0;;144.9876974480808;;;;
2022-06-14 14:00:00;0.0;50.0;;143.6666178215331;;;;
2022-06-14 15:00:00;0.0;50.0;;139.9476081804687;;;;
2022-06-14 16:00:00;0.0;50.0;;134.0758930454843;;;;
2022-06-14 17:00:00;0.0;50.0;;126.4473378394963;;;;
2022-06-14 18:00:00;0.0;50.0;;117.5662954804833;;;;
2022-06-14 19:00:00;0.0;50.0;;108.0416378569308;;;;
2022-06-14 20:00:00;0.0;50.0;;98.51273335139051;;;;
2022-06-14 21:00:00;0.0;50.0;;89.6386189471317;;;;
2022-06-14 22:00:00;0.0;50.0;;82.0238067172564;;;;
2022-06-14 23:00:00;0.0;50.0;;76.14133800517737;;;;
2022-06-15 00:00:00;0.0;50.0;;72.46525845021023;;;;
2022-06-15 01:00:00;0.0;50.0;;71.25488130565228;;;;
2022-06-15 02:00:00;0.0;50.0;;72.66855353372486;;;;
2022-06-15 03:00:00;0.0;50.0;;76.56306067240486;;;;
2022-06-15 04:00:00;0.0;50.0;;82.69292147878623;;;;
2022-06-15 05:00:00;0.0;50.0;;90.65269339886189;;;;
2022-06-15 06:00:00;0.0;50.0;;99.91780151418156;;;;
2022-06-15 07:00:00;0.0;50.0;;109.8616594612928;;;;
2022-06-15 08:00:00;0.0;50.0;;119.8159063367684;;;;
2022-06-15 09:00:00;0.0;50.0;;129.0989155033754;;;;
2022-06-15 10:00:00;0.0;50.0;;137.0832776230768;;;;
2022-06-15 11:00:00;0.0;50.0;;143.2188598614796;;;;
2022-06-15 12:00:00;0.0;50.0;;147.0831067475113;;;;
2022-06-15 13:00:00;0.0;50.0;;148.4122730005095;;;;
2022-06-15 14:00:00;0.0;50.0;;147.1058941889585;;;;
2022-06-15 15:00:00;0.0;50.0;;143.2603611860985;;;;
2022-06-15 16:00:00;0.0;50.0;;137.1344876855084;;;;
2022-06-15 17:00:00;0.0;50.0;;129.1519536843376;;;;
2022-06-15 18:00:00;0.0;50.0;;119.8537817530281;;;;
2022-06-15 19:00:00;0.0;50.0;;109.8729484402431;;;;
2022-06-15 20:00:00;0.0;50.0;;99.89135295574883;;;;
2022-06-15 21:00:00;0.0;50.0;;90.58295870505273;;;;
2022-06-15 22:00:00;0.0;50.0;;82.57096481680651;;;;
2022-06-15 23:00:00;0.0;50.0;;77.21841892159335;;;;
2022-06-16 00:00:00;0.0;50.0;;74.07084218410529;;;;
2022-06-16 01:00:00;0.0;50.0;;73.40063370048068;;;;
2022-06-16 02:00:00;0.0;50.0;;74.46840378830821;;;;
2022-06-16 03:00:00;0.0;50.0;;78.04208989800057;;;;
2022-06-16 04:00:00;0.0;50.0;;83.8311746070627;;;;
2022-06-16 05:00:00;0.0;50.0;;91.40062835447141;;;;
2022-06-16 06:00:00;0.0;50.0;;100.1913617730224;;;;
2022-06-16 07:00:00;0.0;50.0;;109.56766580214;;;;
2022-06-16 08:00:00;0.0;50.0;;118.8594337692925;;;;
2022-06-16 09:00:00;0.0;50.0;;127.4067117903793;;;;
2022-06-16 10:00:00;0.0;50.0;;134.6124925767374;;;;
2022-06-16 11:00:00;0.0;50.0;;139.9702247447695;;;;
2022-06-16 12:00:00;0.0;50.0;;143.1074928031721;;;;
2022-06-16 13:00:00;0.0;50.0;;143.8059978514659;;;;
2022-06-16 14:00:00;0.0;50.0;;142.0106232550086;;;;
2022-06-16 15:00:00;0.0;50.0;;137.8393732821343;;;;
2022-06-16 16:00:00;0.0;50.0;;131.5677496265297;;;;
2022-06-16 17:00:00;0.0;50.0;;123.6204038261574;;;;
2022-06-16 18:00:00;0.0;50.0;;114.521307672512;;;;
2022-06-16 19:00:00;0.0;50.0;;104.8668469462602;;;;
2022-06-16 20:00:00;0.0;50.0;;95.28947484693732;;;;
2022-06-16 21:00:00;0.0;50.0;;86.41970461309012;;;;
2022-06-16 22:00:00;0.0;50.0;;78.84204981135359;;;;
2022-06-16 23:00:00;0.0;50.0;;74.01917050764055;;;;
2022-06-17 00:00:00;0.0;50.0;;71.34211785123492;;;;
2022-06-17 01:00:00;0.0;50.0;;71.08034714088822;;;;
2022-06-17 02:00:00;0.0;50.0;;72.38040904551553;;;;
2022-06-17 03:00:00;0.0;50.0;;76.18478851150962;;;;
2022-06-17 04:00:00;0.0;50.0;;82.25265752545317;;;;
2022-06-17 05:00:00;0.0;50.0;;90.19043934927447;;;;
2022-06-17 06:00:00;0.0;50.0;;99.49215908301262;;;;
2022-06-17 07:00:00;0.0;50.0;;109.5557802312329;;;;
2022-06-17 08:00:00;0.0;50.0;;119.734370088773;;;;
2022-06-17 09:00:00;0.0;50.0;;129.3613402724193;;;;
2022-06-17 10:00:00;0.0;50.0;;137.8181512147899;;;;
2022-06-17 11:00:00;0.0;50.0;;144.5579582723727;;;;
2022-06-17 12:00:00;0.0;50.0;;149.1438931852955;;;;
2022-06-17 13:00:00;0.0;50.0;;151.2761302577775;;;;
2022-06-17 14:00:00;0.0;50.0;;150.8141991563365;;;;
2022-06-17 15:00:00;0.0;50.0;;147.8026703096642;;;;
2022-06-17 16:00:00;0.0;50.0;;142.4617636924812;;;;
2022-06-17 17:00:00;0.0;50.0;;135.1735760976316;;;;
2022-06-17 18:00:00;0.0;50.0;;126.4499519392911;;;;
2022-06-17 19:00:00;0.0;50.0;;116.910989765466;;;;
2022-06-17 20:00:00;0.0;50.0;;107.2476303326941;;;;
2022-06-17 21:00:00;0.0;50.0;;98.17214329851467;;;;
2022-06-17 22:00:00;0.0;50.0;;90.3678889673188;;;;
2022-06-17 23:00:00;0.0;50.0;;84.89375228670364;;;;
2022-06-18 00:00:00;0.0;50.0;;81.78993823036899;;;;
2022-06-18 01:00:00;0.0;50.0;;81.41492438264096;;;;
2022-06-18 02:00:00;0.0;50.0;;83.49090823412766;;;;
2022-06-18 03:00:00;0.0;50.0;;88.44399223481483;;;;
2022-06-18 04:00:00;0.0;50.0;;96.03241586594956;;;;
2022-06-18 05:00:00;0.0;50.0;;105.8246183109852;;;;
2022-06-18 06:00:00;0.0;50.0;;117.2284603554946;;;;
2022-06-18 07:00:00;0.0;50.0;;129.5231657069972;;;;
2022-06-18 08:00:00;0.0;50.0;;141.9296583915252;;;;
2022-06-18 09:00:00;0.0;50.0;;153.6380682128591;;;;
2022-06-18 10:00:00;0.0;50.0;;163.8747771335643;;;;
2022-06-18 11:00:00;0.0;50.0;;171.952285167093;;;;
2022-06-18 12:00:00;0.0;50.0;;177.3326478581652;;;;
2022-06-18 13:00:00;0.0;50.0;;179.6533602473613;;;;
2022-06-18 14:00:00;0.0;50.0;;178.7697068073519;;;;
2022-06-18 15:00:00;0.0;50.0;;174.7553349974153;;;;
2022-06-18 16:00:00;0.0;50.0;;167.9021430705974;;;;
2022-06-18 17:00:00;0.0;50.0;;158.6919771431114;;;;
2022-06-18 18:00:00;0.0;50.0;;147.7735319133791;;;;
2022-06-18 19:00:00;0.0;50.0;;135.9245765197599;;;;
2022-06-18 20:00:00;0.0;50.0;;123.9795651971727;;;;
2022-06-18 21:00:00;0.0;50.0;;112.7850434717811;;;;
2022-06-18 22:00:00;0.0;50.0;;103.1277771796807;;;;
2022-06-18 23:00:00;0.0;50.0;;95.05627923233185;;;;
2022-06-19 00:00:00;0.0;50.0;;89.731292171143;;;;
2022-06-19 01:00:00;0.0;50.0;;87.45644513782086;;;;
2022-06-19 02:00:00;0.0;50.0;;88.94771656953203;;;;
2022-06-19 03:00:00;0.0;50.0;;93.42695211939557;;;;
2022-06-19 04:00:00;0.0;50.0;;100.5674839464801;;;;
2022-06-19 05:00:00;0.0;50.0;;109.8604020061586;;;;
2022-06-19 06:00:00;0.0;50.0;;120.6418515249766;;;;
2022-06-19 07:00:00;0.0;50.0;;132.1464292464538;;;;
2022-06-19 08:00:00;0.0;50.0;;143.5644510232094;;;;
2022-06-19 09:00:00;0.0;50.0;;154.0887860425277;;;;
2022-06-19 10:00:00;0.0;50.0;;162.986110020261;;;;
2022-06-19 11:00:00;0.0;50.0;;169.6315350902601;;;;
2022-06-19 12:00:00;0.0;50.0;;173.557331499426;;;;
2022-06-19 13:00:00;0.0;50.0;;174.4894314572182;;;;
2022-06-19 14:00:00;0.0;50.0;;172.3526390797462;;;;
2022-06-19 15:00:00;0.0;50.0;;167.3014549746832;;;;
2022-06-19 16:00:00;0.0;50.0;;159.6677170443729;;;;
2022-06-19 17:00:00;0.0;50.0;;149.9631685715372;;;;
2022-06-19 18:00:00;0.0;50.0;;138.8266017885962;;;;
2022-06-19 19:00:00;0.0;50.0;;126.9969613674004;;;;
2022-06-19 20:00:00;0.0;50.0;;115.258276400367;;;;
2022-06-19 21:00:00;0.0;50.0;;104.3790982205059;;;;
2022-06-19 22:00:00;0.0;50.0;;95.0609937620078;;;;
2022-06-19 23:00:00;0.0;50.0;;86.65419313453233;;;;
2022-06-20 00:00:00;0.0;50.0;;80.87648102674636;;;;
2022-06-20 01:00:00;0.0;50.0;;77.9539648914558;;;;
2022-06-20 02:00:00;0.0;50.0;;79.15954817659703;;;;
2022-06-20 03:00:00;0.0;50.0;;83.06806923543745;;;;
2022-06-20 04:00:00;0.0;50.0;;89.39003029198497;;;;
2022-06-20 05:00:00;0.0;50.0;;97.67866493058989;;;;
2022-06-20 06:00:00;0.0;50.0;;107.3532691267916;;;;
2022-06-20 07:00:00;0.0;50.0;;117.749878213621;;;;
2022-06-20 08:00:00;0.0;50.0;;128.1592154738453;;;;
2022-06-20 09:00:00;0.0;50.0;;137.8695984688107;;;;
2022-06-20 10:00:00;0.0;50.0;;146.2217800255672;;;;
2022-06-20 11:00:00;0.0;50.0;;152.6535204643352;;;;
2022-06-20 12:00:00;0.0;50.0;;156.7308392014622;;;;
2022-06-20 13:00:00;0.0;50.0;;158.1792686541285;;;;
2022-06-20 14:00:00;0.0;50.0;;156.9000087947735;;;;
2022-06-20 15:00:00;0.0;50.0;;152.9788379237391;;;;
2022-06-20 16:00:00;0.0;50.0;;146.6742362251585;;;;
2022-06-20 17:00:00;0.0;50.0;;138.4170056897419;;;;
2022-06-20 18:00:00;0.0;50.0;;128.7749193232531;;;;
2022-06-20 19:00:00;0.0;50.0;;118.4014823236337;;;;
2022-06-20 20:00:00;0.0;50.0;;108.0060334985121;;;;
2022-06-20 21:00:00;0.0;50.0;;98.30161032097294;;;;
2022-06-20 22:00:00;0.0;50.0;;89.96644056384733;;;;
2022-06-20 23:00:00;0.0;50.0;;82.58282444423259;;;;
2022-06-21 00:00:00;0.0;50.0;;77.623038458104;;;;
2022-06-21 01:00:00;0.0;50.0;;75.34276673235401;;;;
2022-06-21 02:00:00;0.0;50.0;;76.81214974553052;;;;
2022-06-21 03:00:00;0.0;50.0;;80.89400238589054;;;;
2022-06-21 04:00:00;0.0;50.0;;87.32724678861649;;;;
2022-06-21 05:00:00;0.0;50.0;;95.68113607377083;;;;
2022-06-21 06:00:00;0.0;50.0;;105.3978208332897;;;;
2022-06-21 07:00:00;0.0;50.0;;115.8167679339178;;;;
2022-06-21 08:00:00;0.0;50.0;;126.2230047321316;;;;
2022-06-21 09:00:00;0.0;50.0;;135.8952879543722;;;;
2022-06-21 10:00:00;0.0;50.0;;144.1658864616636;;;;
2022-06-21 11:00:00;0.0;50.0;;150.4664128546107;;;;
2022-06-21 12:00:00;0.0;50.0;;154.3587865698024;;;;
2022-06-21 13:00:00;0.0;50.0;;155.5691002930445;;;;
2022-06-21 14:00:00;0.0;50.0;;154.0110656521907;;;;
2022-06-21 15:00:00;0.0;50.0;;149.7887676647178;;;;
2022-06-21 16:00:00;0.0;50.0;;143.1911832180227;;;;
2022-06-21 17:00:00;0.0;50.0;;134.6623543410591;;;;
2022-06-21 18:00:00;0.0;50.0;;124.7815902788452;;;;
2022-06-21 19:00:00;0.0;50.0;;114.2162920058926;;;;
2022-06-21 20:00:00;0.0;50.0;;103.6701906611027;;;;
2022-06-21 21:00:00;0.0;50.0;;93.85058954117693;;;;
2022-06-21 22:00:00;0.0;50.0;;85.3980962235935;;;;
2022-06-21 23:00:00;0.0;50.0;;78.8069075533886;;;;
2022-06-22 00:00:00;0.0;50.0;;74.52571924325622;;;;
2022-06-22 01:00:00;0.0;50.0;;72.78760097472457;;;;
2022-06-22 02:00:00;0.0;50.0;;73.69693403910617;;;;
2022-06-22 03:00:00;0.0;50.0;;77.07104802859568;;;;
2022-06-22 04:00:00;0.0;50.0;;82.61151994738479;;;;
2022-06-22 05:00:00;0.0;50.0;;89.87289149603811;;;;
2022-06-22 06:00:00;0.0;50.0;;98.2983787601575;;;;
2022-06-22 07:00:00;0.0;50.0;;107.249548811937;;;;
2022-06-22 08:00:00;0.0;50.0;;116.073612149778;;;;
2022-06-22 09:00:00;0.0;50.0;;124.1254859408042;;;;
2022-06-22 10:00:00;0.0;50.0;;130.8224669399171;;;;
2022-06-22 11:00:00;0.0;50.0;;135.6870396098105;;;;
2022-06-22 12:00:00;0.0;50.0;;138.3694563900031;;;;
2022-06-22 13:00:00;0.0;50.0;;138.6817895644219;;;;
2022-06-22 14:00:00;0.0;50.0;;136.587553346584;;;;
2022-06-22 15:00:00;0.0;50.0;;132.2191466729394;;;;
2022-06-22 16:00:00;0.0;50.0;;125.8599621543592;;;;
2022-06-22 17:00:00;0.0;50.0;;117.9290451446816;;;;
2022-06-22 18:00:00;0.0;50.0;;108.9407507861995;;;;
2022-06-22 19:00:00;0.0;50.0;;99.47692724337777;;;;
2022-06-22 20:00:00;0.0;50.0;;90.13823540720185;;;;
2022-06-22 21:00:00;0.0;50.0;;81.51582178948566;;;;
2022-06-22 22:00:00;0.0;50.0;;74.15275291376994;;;;
2022-06-22 23:00:00;0.0;50.0;;69.25875613560423;;;;
2022-06-23 00:00:00;0.0;50.0;;66.40254369216032;;;;
2022-06-23 01:00:00;0.0;50.0;;65.81745276927059;;;;
2022-06-23 02:00:00;0.0;50.0;;66.83217779661044;;;;
2022-06-23 03:00:00;0.0;50.0;;70.15150223621154;;;;
2022-06-23 04:00:00;0.0;50.0;;75.53045624410365;;;;
2022-06-23 05:00:00;0.0;50.0;;82.59558902214354;;;;
2022-06-23 06:00:00;0.0;50.0;;90.87272973004843;;;;
2022-06-23 07:00:00;0.0;50.0;;99.80893867812539;;;;
2022-06-23 08:00:00;0.0;50.0;;108.8137594609084;;;;
2022-06-23 09:00:00;0.0;50.0;;117.2869301205073;;;;
2022-06-23 10:00:00;0.0;50.0;;124.6703814653757;;;;
2022-06-23 11:00:00;0.0;50.0;;130.478762260501;;;;
2022-06-23 12:00:00;0.0;50.0;;134.3349470627886;;;;
2022-06-23 13:00:00;0.0;50.0;;135.9904449280264;;;;
2022-06-23 14:00:00;0.0;50.0;;135.3324409354768;;;;
2022-06-23 15:00:00;0.0;50.0;;132.4076530250437;;;;
2022-06-23 16:00:00;0.0;50.0;;127.4163489500218;;;;
2022-06-23 17:00:00;0.0;50.0;;120.7053818000147;;;;
2022-06-23 18:00:00;0.0;50.0;;112.7460662163926;;;;
2022-06-23 19:00:00;0.0;50.0;;104.0962937383745;;;;
2022-06-23 20:00:00;0.0;50.0;;95.36946421641369;;;;
2022-06-23 21:00:00;0.0;50.0;;87.19291482919954;;;;
2022-06-23 22:00:00;0.0;50.0;;80.17213140133616;;;;
2022-06-23 23:00:00;0.0;50.0;;75.86286802242124;;;;
2022-06-24 00:00:00;0.0;50.0;;73.66598267668705;;;;
2022-06-24 01:00:00;0.0;50.0;;73.91042003984921;;;;
2022-06-24 02:00:00;0.0;50.0;;75.7522150896673;;;;
2022-06-24 03:00:00;0.0;50.0;;80.21189104083189;;;;
2022-06-24 04:00:00;0.0;50.0;;87.06373447652547;;;;
2022-06-24 05:00:00;0.0;50.0;;95.91178167566895;;;;
2022-06-24 06:00:00;0.0;50.0;;106.2260031549837;;;;
2022-06-24 07:00:00;0.0;50.0;;117.3568910727473;;;;
2022-06-24 08:00:00;0.0;50.0;;128.5941986496298;;;;
2022-06-24 09:00:00;0.0;50.0;;139.2026165707606;;;;
2022-06-24 10:00:00;0.0;50.0;;148.4874131901219;;;;
2022-06-24 11:00:00;0.0;50.0;;155.8360461282817;;;;
2022-06-24 12:00:00;0.0;50.0;;160.7566100349666;;;;
2022-06-24 13:00:00;0.0;50.0;;162.9272031946312;;;;
2022-06-24 14:00:00;0.0;50.0;;162.2038081510426;;;;
2022-06-24 15:00:00;0.0;50.0;;158.642740945103;;;;
2022-06-24 16:00:00;0.0;50.0;;152.5054538050648;;;;
2022-06-24 17:00:00;0.0;50.0;;144.2273059834496;;;;
2022-06-24 18:00:00;0.0;50.0;;134.3996621410384;;;;
2022-06-24 19:00:00;0.0;50.0;;123.7130344949831;;;;
2022-06-24 20:00:00;0.0;50.0;;112.9255796110947;;;;
2022-06-24 21:00:00;0.0;50.0;;102.8102606828539;;;;
2022-06-24 22:00:00;0.0;50.0;;94.08572448610148;;;;
2022-06-24 23:00:00;0.0;50.0;;87.84947093429452;;;;
2022-06-25 00:00:00;0.0;50.0;;84.10135511565076;;;;
2022-06-25 01:00:00;0.0;50.0;;83.16371033691738;;;;
2022-06-25 02:00:00;0.0;50.0;;84.68834735860341;;;;
2022-06-25 03:00:00;0.0;50.0;;89.06970296400851;;;;
2022-06-25 04:00:00;0.0;50.0;;96.00761680007365;;;;
2022-06-25 05:00:00;0.0;50.0;;105.0245171014995;;;;
2022-06-25 06:00:00;0.0;50.0;;115.4942702895739;;;;
2022-06-25 07:00:00;0.0;50.0;;126.6926754022808;;;;
2022-06-25 08:00:00;0.0;50.0;;137.8472584313482;;;;
2022-06-25 09:00:00;0.0;50.0;;148.1898855266426;;;;
2022-06-25 10:00:00;0.0;50.0;;157.0071434516526;;;;
2022-06-25 11:00:00;0.0;50.0;;163.6844134852319;;;;
2022-06-25 12:00:00;0.0;50.0;;167.7693267477183;;;;
2022-06-25 13:00:00;0.0;50.0;;168.9759913156864;;;;
2022-06-25 14:00:00;0.0;50.0;;167.2299774999133;;;;
2022-06-25 15:00:00;0.0;50.0;;162.637716986366;;;;
2022-06-25 16:00:00;0.0;50.0;;155.5256171571015;;;;
2022-06-25 17:00:00;0.0;50.0;;146.3696698665458;;;;
2022-06-25 18:00:00;0.0;50.0;;135.790031693513;;;;
2022-06-25 19:00:00;0.0;50.0;;124.495029894455;;;;
2022-06-25 20:00:00;0.0;50.0;;113.242003265491;;;;
2022-06-25 21:00:00;0.0;50.0;;102.7896587205212;;;;
2022-06-25 22:00:00;0.0;50.0;;93.83170132025523;;;;
2022-06-25 23:00:00;0.0;50.0;;86.41063159849165;;;;
2022-06-26 00:00:00;0.0;50.0;;81.54938317413274;;;;
2022-06-26 01:00:00;0.0;50.0;;79.51741280697512;;;;
2022-06-26 02:00:00;0.0;50.0;;80.94821129788832;;;;
2022-06-26 03:00:00;0.0;50.0;;85.16009944771834;;;;
2022-06-26 04:00:00;0.0;50.0;;91.87164846082885;;;;
2022-06-26 05:00:00;0.0;50.0;;100.639840813692;;;;
2022-06-26 06:00:00;0.0;50.0;;110.8843255519884;;;;
2022-06-26 07:00:00;0.0;50.0;;121.9214215922087;;;;
2022-06-26 08:00:00;0.0;50.0;;133.0250919866994;;;;
2022-06-26 09:00:00;0.0;50.0;;143.4530423449264;;;;
2022-06-26 10:00:00;0.0;50.0;;152.5218836375161;;;;
2022-06-26 11:00:00;0.0;50.0;;159.6309970375758;;;;
2022-06-26 12:00:00;0.0;50.0;;164.3067121429461;;;;
2022-06-26 13:00:00;0.0;50.0;;166.2288078157891;;;;
2022-06-26 14:00:00;0.0;50.0;;165.2605144132591;;;;
2022-06-26 15:00:00;0.0;50.0;;161.4854992580915;;;;
2022-06-26 16:00:00;0.0;50.0;;155.1763720637967;;;;
2022-06-26 17:00:00;0.0;50.0;;146.7670303606266;;;;
2022-06-26 18:00:00;0.0;50.0;;136.8363346253829;;;;
2022-06-26 19:00:00;0.0;50.0;;126.0676553136638;;;;
2022-06-26 20:00:00;0.0;50.0;;115.2270958882126;;;;
2022-06-26 21:00:00;0.0;50.0;;105.0838870647359;;;;
2022-06-26 22:00:00;0.0;50.0;;96.36729148569954;;;;
2022-06-26 23:00:00;0.0;50.0;;88.44564093662265;;;;
2022-06-27 00:00:00;0.0;50.0;;83.09631442313433;;;;
2022-06-27 01:00:00;0.0;50.0;;80.60272683981236;;;;
2022-06-27 02:00:00;0.0;50.0;;82.31494724939661;;;;
2022-06-27 03:00:00;0.0;50.0;;86.83267393473322;;;;
2022-06-27 04:00:00;0.0;50.0;;93.88557359799378;;;;
2022-06-27 05:00:00;0.0;50.0;;103.028177680478;;;;
2022-06-27 06:00:00;0.0;50.0;;113.6634559484374;;;;
2022-06-27 07:00:00;0.0;50.0;;125.0787542376651;;;;
2022-06-27 08:00:00;0.0;50.0;;136.4996981864536;;;;
2022-06-27 09:00:00;0.0;50.0;;147.1453570174574;;;;
2022-06-27 10:00:00;0.0;50.0;;156.2909421206967;;;;
2022-06-27 11:00:00;0.0;50.0;;163.3115265121725;;;;
2022-06-27 12:00:00;0.0;50.0;;167.7163860931469;;;;
2022-06-27 13:00:00;0.0;50.0;;169.2086035379406;;;;
2022-06-27 14:00:00;0.0;50.0;;167.680301450168;;;;
2022-06-27 15:00:00;0.0;50.0;;163.2369695125958;;;;
2022-06-27 16:00:00;0.0;50.0;;156.1775091980687;;;;
2022-06-27 17:00:00;0.0;50.0;;146.9838192190626;;;;
2022-06-27 18:00:00;0.0;50.0;;136.2923423438386;;;;
2022-06-27 19:00:00;0.0;50.0;;124.8292706217284;;;;
2022-06-27 20:00:00;0.0;50.0;;113.3756117852304;;;;
2022-06-27 21:00:00;0.0;50.0;;102.6956804809435;;;;
2022-06-27 22:00:00;0.0;50.0;;93.4976149373367;;;;
2022-06-27 23:00:00;0.0;50.0;;85.35978633292677;;;;
2022-06-28 00:00:00;0.0;50.0;;79.7663667611541;;;;
2022-06-28 01:00:00;0.0;50.0;;76.93850343674703;;;;
2022-06-28 02:00:00;0.0;50.0;;77.91422416396364;;;;
2022-06-28 03:00:00;0.0;50.0;;81.48873976065146;;;;
2022-06-28 04:00:00;0.0;50.0;;87.3487272776245;;;;
2022-06-28 05:00:00;0.0;50.0;;95.02372037802155;;;;
2022-06-28 06:00:00;0.0;50.0;;103.9206751710539;;;;
2022-06-28 07:00:00;0.0;50.0;;113.3675601888851;;;;
2022-06-28 08:00:00;0.0;50.0;;122.6646210509827;;;;
2022-06-28 09:00:00;0.0;50.0;;131.1272026833155;;;;
2022-06-28 10:00:00;0.0;50.0;;138.1364129528328;;;;
2022-06-28 11:00:00;0.0;50.0;;143.1942987545646;;;;
2022-06-28 12:00:00;0.0;50.0;;145.9330568229706;;;;
2022-06-28 13:00:00;0.0;50.0;;146.1534092655244;;;;
2022-06-28 14:00:00;0.0;50.0;;143.8181757102815;;;;
2022-06-28 15:00:00;0.0;50.0;;139.0778163303711;;;;
2022-06-28 16:00:00;0.0;50.0;;132.2468422338413;;;;
2022-06-28 17:00:00;0.0;50.0;;123.7690996953028;;;;
2022-06-28 18:00:00;0.0;50.0;;114.1872828627847;;;;
2022-06-28 19:00:00;0.0;50.0;;104.111387796989;;;;
2022-06-28 20:00:00;0.0;50.0;;94.18335283305117;;;;
2022-06-28 21:00:00;0.0;50.0;;85.02811307596878;;;;
2022-06-28 22:00:00;0.0;50.0;;77.20732032667914;;;;
2022-06-28 23:00:00;0.0;50.0;;71.15227945564786;;;;
2022-06-29 00:00:00;0.0;50.0;;67.24318409306844;;;;
2022-06-29 01:00:00;0.0;50.0;;65.67666336213424;;;;
2022-06-29 02:00:00;0.0;50.0;;66.53395616352483;;;;
2022-06-29 03:00:00;0.0;50.0;;69.66551339279368;;;;
2022-06-29 04:00:00;0.0;50.0;;74.8192606093067;;;;
2022-06-29 05:00:00;0.0;50.0;;81.61277207018071;;;;
2022-06-29 06:00:00;0.0;50.0;;89.56423475500938;;;;
2022-06-29 07:00:00;0.0;50.0;;98.1158219870504;;;;
2022-06-29 08:00:00;0.0;50.0;;106.6823168914109;;;;
2022-06-29 09:00:00;0.0;50.0;;114.6814509757255;;;;
2022-06-29 10:00:00;0.0;50.0;;121.5687460337407;;;;
2022-06-29 11:00:00;0.0;50.0;;126.8758606223183;;;;
2022-06-29 12:00:00;0.0;50.0;;130.2473155516054;;;;
2022-06-29 13:00:00;0.0;50.0;;131.464617326237;;;;
2022-06-29 14:00:00;0.0;50.0;;130.4487817081567;;;;
2022-06-29 15:00:00;0.0;50.0;;127.2684345735259;;;;
2022-06-29 16:00:00;0.0;50.0;;122.1270343409238;;;;
2022-06-29 17:00:00;0.0;50.0;;115.3678438455767;;;;
2022-06-29 18:00:00;0.0;50.0;;107.4514744323218;;;;
2022-06-29 19:00:00;0.0;50.0;;98.92816972807522;;;;
2022-06-29 20:00:00;0.0;50.0;;90.38549064187367;;;;
2022-06-29 21:00:00;0.0;50.0;;82.41308031738322;;;;
2022-06-29 22:00:00;0.0;50.0;;75.57632370428652;;;;
2022-06-29 23:00:00;0.0;50.0;;71.16394238820055;;;;
2022-06-30 00:00:00;0.0;50.0;;68.76276666677433;;;;
2022-06-30 01:00:00;0.0;50.0;;68.65677119976345;;;;
2022-06-30 02:00:00;0.0;50.0;;70.18692370533213;;;;
2022-06-30 03:00:00;0.0;50.0;;74.12612589572261;;;;
2022-06-30 04:00:00;0.0;50.0;;80.2538794313599;;;;
2022-06-30 05:00:00;0.0;50.0;;88.19532843738288;;;;
2022-06-30 06:00:00;0.0;50.0;;97.44831418155576;;;;
2022-06-30 07:00:00;0.0;50.0;;107.4174388343168;;;;
2022-06-30 08:00:00;0.0;50.0;;117.4502951426577;;;;
2022-06-30 09:00:00;0.0;50.0;;126.8843174349223;;;;
2022-06-30 10:00:00;0.0;50.0;;135.0840073094416;;;;
2022-06-30 11:00:00;0.0;50.0;;141.4954584442648;;;;
2022-06-30 12:00:00;0.0;50.0;;145.6935305336049;;;;
2022-06-30 13:00:00;0.0;50.0;;147.3969845498639;;;;
2022-06-30 14:00:00;0.0;50.0;;146.4923752747198;;;;
2022-06-30 15:00:00;0.0;50.0;;143.044636781637;;;;
2022-06-30 16:00:00;0.0;50.0;;137.2877985047979;;;;
2022-06-30 17:00:00;0.0;50.0;;129.6317938571596;;;;
2022-06-30 18:00:00;0.0;50.0;;120.6110081759957;;;;
2022-06-30 19:00:00;0.0;50.0;;110.8617098316028;;;;
2022-06-30 20:00:00;0.0;50.0;;101.0612196951495;;;;
2022-06-30 21:00:00;0.0;50.0;;91.88859308724767;;;;
2022-06-30 22:00:00;0.0;50.0;;83.9867103039915;;;;
2022-06-30 23:00:00;0.0;50.0;;78.96870359972814;;;;
2022-07-01 00:00:00;0.0;50.0;;76.17232810496262;;;;
2022-07-01 01:00:00;0.0;50.0;;75.89999412160746;;;;
2022-07-01 02:00:00;0.0;50.0;;77.21217349392619;;;;
2022-07-01 03:00:00;0.0;50.0;;81.13211261568975;;;;
2022-07-01 04:00:00;0.0;50.0;;87.38017964970939;;;;
2022-07-01 05:00:00;0.0;50.0;;95.51669992309371;;;;
2022-07-01 06:00:00;0.0;50.0;;104.9741441172711;;;;
2022-07-01 07:00:00;0.0;50.0;;115.0899170905097;;;;
2022-07-01 08:00:00;0.0;50.0;;125.1598975233201;;;;
2022-07-01 09:00:00;0.0;50.0;;134.4852194711973;;;;
2022-07-01 10:00:00;0.0;50.0;;142.4248076261368;;;;
2022-07-01 11:00:00;0.0;50.0;;148.4377577940646;;;;
2022-07-01 12:00:00;0.0;50.0;;152.1153992652228;;;;
2022-07-01 13:00:00;0.0;50.0;;153.2043089049495;;;;
2022-07-01 14:00:00;0.0;50.0;;151.626974565792;;;;
2022-07-01 15:00:00;0.0;50.0;;147.4847467144817;;;;
2022-07-01 16:00:00;0.0;50.0;;141.06820030364;;;;
2022-07-01 17:00:00;0.0;50.0;;132.8080232341126;;;;
2022-07-01 18:00:00;0.0;50.0;;123.2655431904005;;;;
2022-07-01 19:00:00;0.0;50.0;;113.0767450451234;;;;
2022-07-01 20:00:00;0.0;50.0;;102.9256218395105;;;;
2022-07-01 21:00:00;0.0;50.0;;93.49961439036429;;;;
2022-07-01 22:00:00;0.0;50.0;;85.429541852977;;;;
2022-07-01 23:00:00;0.0;50.0;;79.70968726807156;;;;
2022-07-02 00:00:00;0.0;50.0;;76.30350754495674;;;;
2022-07-02 01:00:00;0.0;50.0;;75.50026996078842;;;;
2022-07-02 02:00:00;0.0;50.0;;76.96967137465128;;;;
2022-07-02 03:00:00;0.0;50.0;;81.09590966385697;;;;
2022-07-02 04:00:00;0.0;50.0;;87.62306351783964;;;;
2022-07-02 05:00:00;0.0;50.0;;96.13948041738942;;;;
2022-07-02 06:00:00;0.0;50.0;;106.1058763206747;;;;
2022-07-02 07:00:00;0.0;50.0;;116.881617764216;;;;
2022-07-02 08:00:00;0.0;50.0;;127.7671798505196;;;;
2022-07-02 09:00:00;0.0;50.0;;138.058516493672;;;;
2022-07-02 10:00:00;0.0;50.0;;147.0841730215739;;;;
2022-07-02 11:00:00;0.0;50.0;;154.2639776452583;;;;
2022-07-02 12:00:00;0.0;50.0;;159.1203263144177;;;;
2022-07-02 13:00:00;0.0;50.0;;161.3326178260799;;;;
2022-07-02 14:00:00;0.0;50.0;;160.7544986912642;;;;
2022-07-02 15:00:00;0.0;50.0;;157.439601166019;;;;
2022-07-02 16:00:00;0.0;50.0;;151.6345475515904;;;;
2022-07-02 17:00:00;0.0;50.0;;143.7413961991614;;;;
2022-07-02 18:00:00;0.0;50.0;;134.3259553538396;;;;
2022-07-02 19:00:00;0.0;50.0;;124.0487879652691;;;;
2022-07-02 20:00:00;0.0;50.0;;113.6552588010039;;;;
2022-07-02 21:00:00;0.0;50.0;;103.8946639287836;;;;
2022-07-02 22:00:00;0.0;50.0;;95.50057555500916;;;;
2022-07-02 23:00:00;0.0;50.0;;88.54966941954812;;;;
2022-07-03 00:00:00;0.0;50.0;;84.12674995738834;;;;
2022-07-03 01:00:00;0.0;50.0;;82.54970242297058;;;;
2022-07-03 02:00:00;0.0;50.0;;84.51520042835095;;;;
2022-07-03 03:00:00;0.0;50.0;;89.37874833284312;;;;
2022-07-03 04:00:00;0.0;50.0;;96.87850315386953;;;;
2022-07-03 05:00:00;0.0;50.0;;106.5670563438472;;;;
2022-07-03 06:00:00;0.0;50.0;;117.8337747985337;;;;
2022-07-03 07:00:00;0.0;50.0;;129.9584581388847;;;;
2022-07-03 08:00:00;0.0;50.0;;142.1390692453305;;;;
2022-07-03 09:00:00;0.0;50.0;;153.566904461927;;;;
2022-07-03 10:00:00;0.0;50.0;;163.4767861752705;;;;
2022-07-03 11:00:00;0.0;50.0;;171.1998118038776;;;;
2022-07-03 12:00:00;0.0;50.0;;176.2080453851947;;;;
2022-07-03 13:00:00;0.0;50.0;;178.1642116745415;;;;
2022-07-03 14:00:00;0.0;50.0;;176.9379045463407;;;;
2022-07-03 15:00:00;0.0;50.0;;172.6176939615838;;;;
2022-07-03 16:00:00;0.0;50.0;;165.5057003773591;;;;
2022-07-03 17:00:00;0.0;50.0;;156.1056672777534;;;;
2022-07-03 18:00:00;0.0;50.0;;145.0702121478325;;;;
2022-07-03 19:00:00;0.0;50.0;;133.1586323217418;;;;
2022-07-03 20:00:00;0.0;50.0;;121.1947967785835;;;;
2022-07-03 21:00:00;0.0;50.0;;110.0086547484797;;;;
2022-07-03 22:00:00;0.0;50.0;;100.3631367130667;;;;
2022-07-03 23:00:00;0.0;50.0;;91.62613670580878;;;;
2022-07-04 00:00:00;0.0;50.0;;85.59343726755667;;;;
2022-07-04 01:00:00;0.0;50.0;;82.5214726764739;;;;
2022-07-04 02:00:00;0.0;50.0;;83.72938093216821;;;;
2022-07-04 03:00:00;0.0;50.0;;87.74088499148345;;;;
2022-07-04 04:00:00;0.0;50.0;;94.23224547821414;;;;
2022-07-04 05:00:00;0.0;50.0;;102.7048103275929;;;;
2022-07-04 06:00:00;0.0;50.0;;112.5240382046759;;;;
2022-07-04 07:00:00;0.0;50.0;;122.9607956678353;;;;
2022-07-04 08:00:00;0.0;50.0;;133.258844360617;;;;
2022-07-04 09:00:00;0.0;50.0;;142.6806741314284;;;;
2022-07-04 10:00:00;0.0;50.0;;150.5556769750516;;;;
2022-07-04 11:00:00;0.0;50.0;;156.3130221367019;;;;
2022-07-04 12:00:00;0.0;50.0;;159.5453578941325;;;;
2022-07-04 13:00:00;0.0;50.0;;160.0104427049867;;;;
2022-07-04 14:00:00;0.0;50.0;;157.6804600232294;;;;
2022-07-04 15:00:00;0.0;50.0;;152.6898433061711;;;;
2022-07-04 16:00:00;0.0;50.0;;145.3787874351825;;;;
2022-07-04 17:00:00;0.0;50.0;;136.2156721014566;;;;
2022-07-04 18:00:00;0.0;50.0;;125.8055152240611;;;;
2022-07-04 19:00:00;0.0;50.0;;114.8188148228425;;;;
2022-07-04 20:00:00;0.0;50.0;;103.9649643451311;;;;
2022-07-04 21:00:00;0.0;50.0;;93.93257174806841;;;;
2022-07-04 22:00:00;0.0;50.0;;85.34554575249928;;;;
2022-07-04 23:00:00;0.0;50.0;;77.82113623207798;;;;
2022-07-05 00:00:00;0.0;50.0;;72.67227983128197;;;;
2022-07-05 01:00:00;0.0;50.0;;70.09781356873114;;;;
2022-07-05 02:00:00;0.0;50.0;;71.02604028667042;;;;
2022-07-05 03:00:00;0.0;50.0;;74.38073425523191;;;;
2022-07-05 04:00:00;0.0;50.0;;79.88303867943301;;;;
2022-07-05 05:00:00;0.0;50.0;;87.12269556272986;;;;
2022-07-05 06:00:00;0.0;50.0;;95.57612566179783;;;;
2022-07-05 07:00:00;0.0;50.0;;104.6487145482647;;;;
2022-07-05 08:00:00;0.0;50.0;;113.7129500079124;;;;
2022-07-05 09:00:00;0.0;50.0;;122.1428173976384;;;;
2022-07-05 10:00:00;0.0;50.0;;129.3574236836255;;;;
2022-07-05 11:00:00;0.0;50.0;;134.8625090190724;;;;
2022-07-05 12:00:00;0.0;50.0;;138.2874634545424;;;;
2022-07-05 13:00:00;0.0;50.0;;139.4046675094003;;;;
2022-07-05 14:00:00;0.0;50.0;;138.1349764663112;;;;
2022-07-05 15:00:00;0.0;50.0;;134.5618004278056;;;;
2022-07-05 16:00:00;0.0;50.0;;128.9181864339191;;;;
2022-07-05 17:00:00;0.0;50.0;;121.578493193903;;;;
2022-07-05 18:00:00;0.0;50.0;;113.0352810502042;;;;
2022-07-05 19:00:00;0.0;50.0;;103.8689610919344;;;;
2022-07-05 20:00:00;0.0;50.0;;94.7051092917618;;;;
2022-07-05 21:00:00;0.0;50.0;;86.17006424953257;;;;
2022-07-05 22:00:00;0.0;50.0;;78.85061860299444;;;;
2022-07-05 23:00:00;0.0;50.0;;73.23285017963869;;;;
2022-07-06 00:00:00;0.0;50.0;;69.73337098039121;;;;
2022-07-06 01:00:00;0.0;50.0;;68.60170684763382;;;;
2022-07-06 02:00:00;0.0;50.0;;69.95540647901593;;;;
2022-07-06 03:00:00;0.0;50.0;;73.69953317020436;;;;
2022-07-06 04:00:00;0.0;50.0;;79.60054933218859;;;;
2022-07-06 05:00:00;0.0;50.0;;87.27027056344771;;;;
2022-07-06 06:00:00;0.0;50.0;;96.19457622269448;;;;
2022-07-06 07:00:00;0.0;50.0;;105.7720337705765;;;;
2022-07-06 08:00:00;0.0;50.0;;115.3572927736887;;;;
2022-07-06 09:00:00;0.0;50.0;;124.2997082578303;;;;
2022-07-06 10:00:00;0.0;50.0;;131.9875310781567;;;;
2022-07-06 11:00:00;0.0;50.0;;137.8936237159712;;;;
2022-07-06 12:00:00;0.0;50.0;;141.6094573620382;;;;
2022-07-06 13:00:00;0.0;50.0;;142.8793606322449;;;;
2022-07-06 14:00:00;0.0;50.0;;141.6219521141114;;;;
2022-07-06 15:00:00;0.0;50.0;;137.9154420540318;;;;
2022-07-06 16:00:00;0.0;50.0;;132.0206618369625;;;;
2022-07-06 17:00:00;0.0;50.0;;124.3273450552844;;;;
2022-07-06 18:00:00;0.0;50.0;;115.3751691648076;;;;
2022-07-06 19:00:00;0.0;50.0;;105.7680215137733;;;;
2022-07-06 20:00:00;0.0;50.0;;96.16255330727355;;;;
2022-07-06 21:00:00;0.0;50.0;;87.20425646135435;;;;
2022-07-06 22:00:00;0.0;50.0;;79.49502839950623;;;;
2022-07-06 23:00:00;0.0;50.0;;74.382653526214;;;;
2022-07-07 00:00:00;0.0;50.0;;71.39563036345312;;;;
2022-07-07 01:00:00;0.0;50.0;;70.79216935941142;;;;
2022-07-07 02:00:00;0.0;50.0;;71.82415976528546;;;;
2022-07-07 03:00:00;0.0;50.0;;75.26683005830205;;;;
2022-07-07 04:00:00;0.0;50.0;;80.84894361627381;;;;
2022-07-07 05:00:00;0.0;50.0;;88.15070912246341;;;;
2022-07-07 06:00:00;0.0;50.0;;96.63374418534957;;;;
2022-07-07 07:00:00;0.0;50.0;;105.6825996238774;;;;
2022-07-07 08:00:00;0.0;50.0;;114.6518615387406;;;;
2022-07-07 09:00:00;0.0;50.0;;122.9089699135386;;;;
2022-07-07 10:00:00;0.0;50.0;;129.8701500332201;;;;
2022-07-07 11:00:00;0.0;50.0;;135.044232586364;;;;
2022-07-07 12:00:00;0.0;50.0;;138.0679707541184;;;;
2022-07-07 13:00:00;0.0;50.0;;138.7371198344455;;;;
2022-07-07 14:00:00;0.0;50.0;;137.0041398396603;;;;
2022-07-07 15:00:00;0.0;50.0;;132.9869822506388;;;;
2022-07-07 16:00:00;0.0;50.0;;126.9408147103617;;;;
2022-07-07 17:00:00;0.0;50.0;;119.2758211544573;;;;
2022-07-07 18:00:00;0.0;50.0;;110.4919376495297;;;;
2022-07-07 19:00:00;0.0;50.0;;101.1785995867542;;;;
2022-07-07 20:00:00;0.0;50.0;;91.94098883121478;;;;
2022-07-07 21:00:00;0.0;50.0;;83.3872553862203;;;;
2022-07-07 22:00:00;0.0;50.0;;76.07752882626637;;;;
2022-07-07 23:00:00;0.0;50.0;;71.4659018318701;;;;
2022-07-08 00:00:00;0.0;50.0;;68.92420374223232;;;;
2022-07-08 01:00:00;0.0;50.0;;68.71648293300636;;;;
2022-07-08 02:00:00;0.0;50.0;;69.97970839498305;;;;
2022-07-08 03:00:00;0.0;50.0;;73.66434872103977;;;;
2022-07-08 04:00:00;0.0;50.0;;79.53165649893138;;;;
2022-07-08 05:00:00;0.0;50.0;;87.21245839281679;;;;
2022-07-08 06:00:00;0.0;50.0;;96.21176300565827;;;;
2022-07-08 07:00:00;0.0;50.0;;105.9516977858557;;;;
2022-07-08 08:00:00;0.0;50.0;;115.7966098855809;;;;
2022-07-08 09:00:00;0.0;50.0;;125.1090507037851;;;;
2022-07-08 10:00:00;0.0;50.0;;133.2882217441631;;;;
2022-07-08 11:00:00;0.0;50.0;;139.8033782551596;;;;
2022-07-08 12:00:00;0.0;50.0;;144.237134089111;;;;
2022-07-08 13:00:00;0.0;50.0;;146.2970463417509;;;;
2022-07-08 14:00:00;0.0;50.0;;145.8528507884715;;;;
2022-07-08 15:00:00;0.0;50.0;;142.9395013924548;;;;
2022-07-08 16:00:00;0.0;50.0;;137.7642067985094;;;;
2022-07-08 17:00:00;0.0;50.0;;130.6985988264024;;;;
2022-07-08 18:00:00;0.0;50.0;;122.2480938639035;;;;
2022-07-08 19:00:00;0.0;50.0;;113.0163692860252;;;;
2022-07-08 20:00:00;0.0;50.0;;103.6706009843492;;;;
2022-07-08 21:00:00;0.0;50.0;;94.88861162427489;;;;
2022-07-08 22:00:00;0.0;50.0;;87.34063511685278;;;;
2022-07-08 23:00:00;0.0;50.0;;82.08820757223735;;;;
2022-07-09 00:00:00;0.0;50.0;;79.13248966029124;;;;
2022-07-09 01:00:00;0.0;50.0;;78.80919671030433;;;;
2022-07-09 02:00:00;0.0;50.0;;80.81536767031876;;;;
2022-07-09 03:00:00;0.0;50.0;;85.60694169101055;;;;
2022-07-09 04:00:00;0.0;50.0;;92.94780879328329;;;;
2022-07-09 05:00:00;0.0;50.0;;102.420387341717;;;;
2022-07-09 06:00:00;0.0;50.0;;113.4486963964593;;;;
2022-07-09 07:00:00;0.0;50.0;;125.3460126896743;;;;
2022-07-09 08:00:00;0.0;50.0;;137.3471040582558;;;;
2022-07-09 09:00:00;0.0;50.0;;148.6696297968513;;;;
2022-07-09 10:00:00;0.0;50.0;;158.5696379585554;;;;
2022-07-09 11:00:00;0.0;50.0;;166.3831776421351;;;;
2022-07-09 12:00:00;0.0;50.0;;171.593204554387;;;;
2022-07-09 13:00:00;0.0;50.0;;173.8438178252617;;;;
2022-07-09 14:00:00;0.0;50.0;;172.9954366750007;;;;
2022-07-09 15:00:00;0.0;50.0;;169.1153763009835;;;;
2022-07-09 16:00:00;0.0;50.0;;162.4823757283558;;;;
2022-07-09 17:00:00;0.0;50.0;;153.5689086863365;;;;
2022-07-09 18:00:00;0.0;50.0;;143.0052627589649;;;;
2022-07-09 19:00:00;0.0;50.0;;131.5418496450146;;;;
2022-07-09 20:00:00;0.0;50.0;;119.9851458298011;;;;
2022-07-09 21:00:00;0.0;50.0;;109.1473081488291;;;;
2022-07-09 22:00:00;0.0;50.0;;99.7971069719427;;;;
2022-07-09 23:00:00;0.0;50.0;;92.02366111658287;;;;
2022-07-10 00:00:00;0.0;50.0;;86.91158787203257;;;;
2022-07-10 01:00:00;0.0;50.0;;84.75462707699364;;;;
2022-07-10 02:00:00;0.0;50.0;;86.20568888825639;;;;
2022-07-10 03:00:00;0.0;50.0;;90.55831770277725;;;;
2022-07-10 04:00:00;0.0;50.0;;97.49174109919352;;;;
2022-07-10 05:00:00;0.0;50.0;;106.5116830323004;;;;
2022-07-10 06:00:00;0.0;50.0;;116.9708684432603;;;;
2022-07-10 07:00:00;0.0;50.0;;128.1342741655598;;;;
2022-07-10 08:00:00;0.0;50.0;;139.2068616702782;;;;
2022-07-10 09:00:00;0.0;50.0;;149.4113782515795;;;;
2022-07-10 10:00:00;0.0;50.0;;158.0324430318473;;;;
2022-07-10 11:00:00;0.0;50.0;;164.4689951596375;;;;
2022-07-10 12:00:00;0.0;50.0;;168.2742965288205;;;;
2022-07-10 13:00:00;0.0;50.0;;169.1754871045231;;;;
2022-07-10 14:00:00;0.0;50.0;;167.1070278453613;;;;
2022-07-10 15:00:00;0.0;50.0;;162.2033169058575;;;;
2022-07-10 16:00:00;0.0;50.0;;154.7946545052432;;;;
2022-07-10 17:00:00;0.0;50.0;;145.377871005583;;;;
2022-07-10 18:00:00;0.0;50.0;;134.5777496223882;;;;
2022-07-10 19:00:00;0.0;50.0;;123.1125944180652;;;;
2022-07-10 20:00:00;0.0;50.0;;111.7337449664482;;;;
2022-07-10 21:00:00;0.0;50.0;;101.1852165379836;;;;
2022-07-10 22:00:00;0.0;50.0;;92.14762432459582;;;;
2022-07-10 23:00:00;0.0;50.0;;84.03870255811376;;;;
2022-07-11 00:00:00;0.0;50.0;;78.47622525027586;;;;
2022-07-11 01:00:00;0.0;50.0;;75.67963407859963;;;;
2022-07-11 02:00:00;0.0;50.0;;76.84275689541553;;;;
2022-07-11 03:00:00;0.0;50.0;;80.63027581313384;;;;
2022-07-11 04:00:00;0.0;50.0;;86.7599944190465;;;;
2022-07-11 05:00:00;0.0;50.0;;94.79899518744227;;;;
2022-07-11 06:00:00;0.0;50.0;;104.1794043604112;;;;
2022-07-11 07:00:00;0.0;50.0;;114.258835586964;;;;
2022-07-11 08:00:00;0.0;50.0;;124.3447486510151;;;;
2022-07-11 09:00:00;0.0;50.0;;133.7612184529447;;;;
2022-07-11 10:00:00;0.0;50.0;;141.8612722786236;;;;
2022-07-11 11:00:00;0.0;50.0;;148.1015740152495;;;;
2022-07-11 12:00:00;0.0;50.0;;152.0553172049746;;;;
2022-07-11 13:00:00;0.0;50.0;;153.4620765168162;;;;
2022-07-11 14:00:00;0.0;50.0;;152.2153943289347;;;;
2022-07-11 15:00:00;0.0;50.0;;148.4045150775802;;;;
2022-07-11 16:00:00;0.0;50.0;;142.2812490469845;;;;
2022-07-11 17:00:00;0.0;50.0;;134.2668849408648;;;;
2022-07-11 18:00:00;0.0;50.0;;124.9067043749432;;;;
2022-07-11 19:00:00;0.0;50.0;;114.8383155106296;;;;
2022-07-11 20:00:00;0.0;50.0;;104.7518265408894;;;;
2022-07-11 21:00:00;0.0;50.0;;95.33878492564578;;;;
2022-07-11 22:00:00;0.0;50.0;;87.25386861610318;;;;
2022-07-11 23:00:00;0.0;50.0;;80.13158111336784;;;;
2022-07-12 00:00:00;0.0;50.0;;75.36051638609835;;;;
2022-07-12 01:00:00;0.0;50.0;;73.18690084430108;;;;
2022-07-12 02:00:00;0.0;50.0;;74.61223968028162;;;;
2022-07-12 03:00:00;0.0;50.0;;78.57344802477937;;;;
2022-07-12 04:00:00;0.0;50.0;;84.81582597640141;;;;
2022-07-12 05:00:00;0.0;50.0;;92.92510976405163;;;;
2022-07-12 06:00:00;0.0;50.0;;102.3565141138688;;;;
2022-07-12 07:00:00;0.0;50.0;;112.4716537088747;;;;
2022-07-12 08:00:00;0.0;50.0;;122.5724127301384;;;;
2022-07-12 09:00:00;0.0;50.0;;131.9676286928001;;;;
2022-07-12 10:00:00;0.0;50.0;;140.0015299711416;;;;
2022-07-12 11:00:00;0.0;50.0;;146.1284766257164;;;;
2022-07-12 12:00:00;0.0;50.0;;149.9112828585903;;;;
2022-07-12 13:00:00;0.0;50.0;;151.0896491282707;;;;
2022-07-12 14:00:00;0.0;50.0;;149.5781582437828;;;;
2022-07-12 15:00:00;0.0;50.0;;145.4811377134714;;;;
2022-07-12 16:00:00;0.0;50.0;;139.0750774070424;;;;
2022-07-12 17:00:00;0.0;50.0;;130.7856425437715;;;;
2022-07-12 18:00:00;0.0;50.0;;121.1829445437117;;;;
2022-07-12 19:00:00;0.0;50.0;;110.9139675186919;;;;
2022-07-12 20:00:00;0.0;50.0;;100.6760743326498;;;;
2022-07-12 21:00:00;0.0;50.0;;91.14358053162579;;;;
2022-07-12 22:00:00;0.0;50.0;;82.94051200799429;;;;
2022-07-12 23:00:00;0.0;50.0;;76.57919738012367;;;;
2022-07-13 00:00:00;0.0;50.0;;72.45887624825612;;;;
2022-07-13 01:00:00;0.0;50.0;;70.80940373372728;;;;
2022-07-13 02:00:00;0.0;50.0;;71.69065685834974;;;;
2022-07-13 03:00:00;0.0;50.0;;74.96699288767134;;;;
2022-07-13 04:00:00;0.0;50.0;;80.35045133994102;;;;
2022-07-13 05:00:00;0.0;50.0;;87.41279788122904;;;;
2022-07-13 06:00:00;0.0;50.0;;95.60849143756266;;;;
2022-07-13 07:00:00;0.0;50.0;;104.3224958974434;;;;
2022-07-13 08:00:00;0.0;50.0;;112.9064386553814;;;;
2022-07-13 09:00:00;0.0;50.0;;120.7414974335089;;;;
2022-07-13 10:00:00;0.0;50.0;;127.2618811948146;;;;
2022-07-13 11:00:00;0.0;50.0;;132.0023231175772;;;;
2022-07-13 12:00:00;0.0;50.0;;134.6226627864482;;;;
2022-07-13 13:00:00;0.0;50.0;;134.9257453160916;;;;
2022-07-13 14:00:00;0.0;50.0;;132.887344124346;;;;
2022-07-13 15:00:00;0.0;50.0;;128.6358995044255;;;;
2022-07-13 16:00:00;0.0;50.0;;122.452770396772;;;;
2022-07-13 17:00:00;0.0;50.0;;114.737832391152;;;;
2022-07-13 18:00:00;0.0;50.0;;105.9927971303592;;;;
2022-07-13 19:00:00;0.0;50.0;;96.7811340192613;;;;
2022-07-13 20:00:00;0.0;50.0;;87.69009239479234;;;;
2022-07-13 21:00:00;0.0;50.0;;79.29547784874363;;;;
2022-07-13 22:00:00;0.0;50.0;;72.12937452123128;;;;
2022-07-13 23:00:00;0.0;50.0;;67.40484038306775;;;;
2022-07-14 00:00:00;0.0;50.0;;64.66522744187756;;;;
2022-07-14 01:00:00;0.0;50.0;;64.13084996047054;;;;
2022-07-14 02:00:00;0.0;50.0;;65.11592489800839;;;;
2022-07-14 03:00:00;0.0;50.0;;68.34548707199816;;;;
2022-07-14 04:00:00;0.0;50.0;;73.58603346594204;;;;
2022-07-14 05:00:00;0.0;50.0;;80.47746081234342;;;;
2022-07-14 06:00:00;0.0;50.0;;88.5483656252049;;;;
2022-07-14 07:00:00;0.0;50.0;;97.26194050026285;;;;
2022-07-14 08:00:00;0.0;50.0;;106.0365374356215;;;;
2022-07-14 09:00:00;0.0;50.0;;114.2927059099881;;;;
2022-07-14 10:00:00;0.0;50.0;;121.4877079672518;;;;
2022-07-14 11:00:00;0.0;50.0;;127.1502849293637;;;;
2022-07-14 12:00:00;0.0;50.0;;130.9078300128176;;;;
2022-07-14 13:00:00;0.0;50.0;;132.5099390211563;;;;
2022-07-14 14:00:00;0.0;50.0;;131.8579336753766;;;;
2022-07-14 15:00:00;0.0;50.0;;129.0006150912274;;;;
2022-07-14 16:00:00;0.0;50.0;;124.1385418253484;;;;
2022-07-14 17:00:00;0.0;50.0;;117.605230021303;;;;
2022-07-14 18:00:00;0.0;50.0;;109.8555125956875;;;;
2022-07-14 19:00:00;0.0;50.0;;101.4289096298083;;;;
2022-07-14 20:00:00;0.0;50.0;;92.92390318157922;;;;
2022-07-14 21:00:00;0.0;50.0;;84.96111726940073;;;;
2022-07-14 22:00:00;0.0;50.0;;78.12925525161356;;;;
2022-07-14 23:00:00;0.0;50.0;;73.9801430200064;;;;
2022-07-15 00:00:00;0.0;50.0;;71.88519864698759;;;;
2022-07-15 01:00:00;0.0;50.0;;72.17161944806931;;;;
2022-07-15 02:00:00;0.0;50.0;;73.9711758372649;;;;
2022-07-15 03:00:00;0.0;50.0;;78.32057804260646;;;;
2022-07-15 04:00:00;0.0;50.0;;85.00235607394374;;;;
2022-07-15 05:00:00;0.0;50.0;;93.6378567201341;;;;
2022-07-15 06:00:00;0.0;50.0;;103.7000302977116;;;;
2022-07-15 07:00:00;0.0;50.0;;114.5614537608007;;;;
2022-07-15 08:00:00;0.0;50.0;;125.5286613538262;;;;
2022-07-15 09:00:00;0.0;50.0;;135.8907794048279;;;;
2022-07-15 10:00:00;0.0;50.0;;144.9690554915179;;;;
2022-07-15 11:00:00;0.0;50.0;;152.1548247242264;;;;
2022-07-15 12:00:00;0.0;50.0;;156.9702129838955;;;;
2022-07-15 13:00:00;0.0;50.0;;159.089666077979;;;;
2022-07-15 14:00:00;0.0;50.0;;158.3836013334412;;;;
2022-07-15 15:00:00;0.0;50.0;;154.909530599952;;;;
2022-07-15 16:00:00;0.0;50.0;;148.9212172735746;;;;
2022-07-15 17:00:00;0.0;50.0;;140.8416126096885;;;;
2022-07-15 18:00:00;0.0;50.0;;131.242177429032;;;;
2022-07-15 19:00:00;0.0;50.0;;120.8000464057985;;;;
2022-07-15 20:00:00;0.0;50.0;;110.2621024989304;;;;
2022-07-15 21:00:00;0.0;50.0;;100.3821870491374;;;;
2022-07-15 22:00:00;0.0;50.0;;91.86756852784467;;;;
2022-07-15 23:00:00;0.0;50.0;;85.82794184757141;;;;
2022-07-16 00:00:00;0.0;50.0;;82.21458214898061;;;;
2022-07-16 01:00:00;0.0;50.0;;81.34240767079918;;;;
2022-07-16 02:00:00;0.0;50.0;;82.8259152854238;;;;
2022-07-16 03:00:00;0.0;50.0;;87.10553595531375;;;;
2022-07-16 04:00:00;0.0;50.0;;93.89030140862164;;;;
2022-07-16 05:00:00;0.0;50.0;;102.7114587067394;;;;
2022-07-16 06:00:00;0.0;50.0;;112.9563994196157;;;;
2022-07-16 07:00:00;0.0;50.0;;123.915843058077;;;;
2022-07-16 08:00:00;0.0;50.0;;134.8287201921398;;;;
2022-07-16 09:00:00;0.0;50.0;;144.9461790331892;;;;
2022-07-16 10:00:00;0.0;50.0;;153.5551446015571;;;;
2022-07-16 11:00:00;0.0;50.0;;160.0752467011755;;;;
2022-07-16 12:00:00;0.0;50.0;;164.0555456262859;;;;
2022-07-16 13:00:00;0.0;50.0;;165.2368484687612;;;;
2022-07-16 14:00:00;0.0;50.0;;163.5265103805272;;;;
2022-07-16 15:00:00;0.0;50.0;;159.0395081459856;;;;
2022-07-16 16:00:00;0.0;50.0;;152.0796737538074;;;;
2022-07-16 17:00:00;0.0;50.0;;143.128047377699;;;;
2022-07-16 18:00:00;0.0;50.0;;132.7888881566263;;;;
2022-07-16 19:00:00;0.0;50.0;;121.7555579917325;;;;
2022-07-16 20:00:00;0.0;50.0;;110.7605782068623;;;;
2022-07-16 21:00:00;0.0;50.0;;100.5442580041307;;;;
2022-07-16 22:00:00;0.0;50.0;;91.78919970193104;;;;
2022-07-16 23:00:00;0.0;50.0;;84.57825000981342;;;;
2022-07-17 00:00:00;0.0;50.0;;79.866222117886;;;;
2022-07-17 01:00:00;0.0;50.0;;77.92017506863326;;;;
2022-07-17 02:00:00;0.0;50.0;;79.32071791159939;;;;
2022-07-17 03:00:00;0.0;50.0;;83.44442314513196;;;;
2022-07-17 04:00:00;0.0;50.0;;90.01866465043176;;;;
2022-07-17 05:00:00;0.0;50.0;;98.60805518192544;;;;
2022-07-17 06:00:00;0.0;50.0;;108.6471397108563;;;;
2022-07-17 07:00:00;0.0;50.0;;119.4649029150112;;;;
2022-07-17 08:00:00;0.0;50.0;;130.3510338826042;;;;
2022-07-17 09:00:00;0.0;50.0;;140.5784294113618;;;;
2022-07-17 10:00:00;0.0;50.0;;149.4730101053127;;;;
2022-07-17 11:00:00;0.0;50.0;;156.4370302388105;;;;
2022-07-17 12:00:00;0.0;50.0;;161.0135469809061;;;;
2022-07-17 13:00:00;0.0;50.0;;162.8931333111629;;;;
2022-07-17 14:00:00;0.0;50.0;;161.9517718659431;;;;
2022-07-17 15:00:00;0.0;50.0;;158.2605462965879;;;;
2022-07-17 16:00:00;0.0;50.0;;152.0782565276844;;;;
2022-07-17 17:00:00;0.0;50.0;;143.8358974319828;;;;
2022-07-17 18:00:00;0.0;50.0;;134.097214178923;;;;
2022-07-17 19:00:00;0.0;50.0;;123.5475911158841;;;;
2022-07-17 20:00:00;0.0;50.0;;112.9276176162622;;;;
2022-07-17 21:00:00;0.0;50.0;;102.9915527120801;;;;
2022-07-17 22:00:00;0.0;50.0;;94.44078240648082;;;;
2022-07-17 23:00:00;0.0;50.0;;86.71235529698195;;;;
2022-07-18 00:00:00;0.0;50.0;;81.5094807154029;;;;
2022-07-18 01:00:00;0.0;50.0;;79.11412445542234;;;;
2022-07-18 02:00:00;0.0;50.0;;80.79768848521209;;;;
2022-07-18 03:00:00;0.0;50.0;;85.23164530593016;;;;
2022-07-18 04:00:00;0.0;50.0;;92.15449651032306;;;;
2022-07-18 05:00:00;0.0;50.0;;101.123942902788;;;;
2022-07-18 06:00:00;0.0;50.0;;111.5489948248123;;;;
2022-07-18 07:00:00;0.0;50.0;;122.734828306937;;;;
2022-07-18 08:00:00;0.0;50.0;;133.9231773473809;;;;
2022-07-18 09:00:00;0.0;50.0;;144.3568097934256;;;;
2022-07-18 10:00:00;0.0;50.0;;153.3220732147591;;;;
2022-07-18 11:00:00;0.0;50.0;;160.2068398356434;;;;
2022-07-18 12:00:00;0.0;50.0;;164.534798877612;;;;
2022-07-18 13:00:00;0.0;50.0;;166.0030626967585;;;;
2022-07-18 14:00:00;0.0;50.0;;164.5065260259452;;;;
2022-07-18 15:00:00;0.0;50.0;;160.1501316920015;;;;
2022-07-18 16:00:00;0.0;50.0;;153.22526417827;;;;
2022-07-18 17:00:00;0.0;50.0;;144.2132846028436;;;;
2022-07-18 18:00:00;0.0;50.0;;133.7286789217595;;;;
2022-07-18 19:00:00;0.0;50.0;;122.488145794326;;;;
2022-07-18 20:00:00;0.0;50.0;;111.2520352421853;;;;
2022-07-18 21:00:00;0.0;50.0;;100.7684185346225;;;;
2022-07-18 22:00:00;0.0;50.0;;91.7395927145684;;;;
2022-07-18 23:00:00;0.0;50.0;;83.79310854266254;;;;
2022-07-19 00:00:00;0.0;50.0;;78.3433773789578;;;;
2022-07-19 01:00:00;0.0;50.0;;75.60812952100002;;;;
2022-07-19 02:00:00;0.0;50.0;;76.56800765138061;;;;
2022-07-19 03:00:00;0.0;50.0;;80.0839905558093;;;;
2022-07-19 04:00:00;0.0;50.0;;85.8434602423107;;;;
2022-07-19 05:00:00;0.0;50.0;;93.38657495844186;;;;
2022-07-19 06:00:00;0.0;50.0;;102.1303064688041;;;;
2022-07-19 07:00:00;0.0;50.0;;111.4190848617392;;;;
2022-07-19 08:00:00;0.0;50.0;;120.5577818087955;;;;
2022-07-19 09:00:00;0.0;50.0;;128.8788550383397;;;;
2022-07-19 10:00:00;0.0;50.0;;135.7679162397081;;;;
2022-07-19 11:00:00;0.0;50.0;;140.7347955436504;;;;
2022-07-19 12:00:00;0.0;50.0;;143.4180274446703;;;;
2022-07-19 13:00:00;0.0;50.0;;143.632991703041;;;;
2022-07-19 14:00:00;0.0;50.0;;141.3452256107816;;;;
2022-07-19 15:00:00;0.0;50.0;;136.7016662107166;;;;
2022-07-19 16:00:00;0.0;50.0;;129.9921734134122;;;;
2022-07-19 17:00:00;0.0;50.0;;121.6548572885144;;;;
2022-07-19 18:00:00;0.0;50.0;;112.2272731403144;;;;
2022-07-19 19:00:00;0.0;50.0;;102.3220982702708;;;;
2022-07-19 20:00:00;0.0;50.0;;92.56841094638668;;;;
2022-07-19 21:00:00;0.0;50.0;;83.57455892461024;;;;
2022-07-19 22:00:00;0.0;50.0;;75.88636996601302;;;;
2022-07-19 23:00:00;0.0;50.0;;69.96947903171002;;;;
2022-07-20 00:00:00;0.0;50.0;;66.15954043477977;;;;
2022-07-20 01:00:00;0.0;50.0;;64.65779975854113;;;;
2022-07-20 02:00:00;0.0;50.0;;65.50259263989597;;;;
2022-07-20 03:00:00;0.0;50.0;;68.58711696339351;;;;
2022-07-20 04:00:00;0.0;50.0;;73.66268270928103;;;;
2022-07-20 05:00:00;0.0;50.0;;80.35401732671457;;;;
2022-07-20 06:00:00;0.0;50.0;;88.1839170179671;;;;
2022-07-20 07:00:00;0.0;50.0;;96.60185648112494;;;;
2022-07-20 08:00:00;0.0;50.0;;105.0319965608282;;;;
2022-07-20 09:00:00;0.0;50.0;;112.9027325330545;;;;
2022-07-20 10:00:00;0.0;50.0;;119.6881854197006;;;;
2022-07-20 11:00:00;0.0;50.0;;124.9249973723146;;;;
2022-07-20 12:00:00;0.0;50.0;;128.2583327197561;;;;
2022-07-20 13:00:00;0.0;50.0;;129.4651484658869;;;;
2022-07-20 14:00:00;0.0;50.0;;128.4658538473821;;;;
2022-07-20 15:00:00;0.0;50.0;;125.3248560067719;;;;
2022-07-20 16:00:00;0.0;50.0;;120.2539320907031;;;;
2022-07-20 17:00:00;0.0;50.0;;113.5958899414416;;;;
2022-07-20 18:00:00;0.0;50.0;;105.806176883074;;;;
2022-07-20 19:00:00;0.0;50.0;;97.41116208152536;;;;
2022-07-20 20:00:00;0.0;50.0;;88.99150868406649;;;;
2022-07-20 21:00:00;0.0;50.0;;81.13546349234286;;;;
2022-07-20 22:00:00;0.0;50.0;;74.40019043195709;;;;
2022-07-20 23:00:00;0.0;50.0;;70.09348401392624;;;;
2022-07-21 00:00:00;0.0;50.0;;67.76418386992378;;;;
2022-07-21 01:00:00;0.0;50.0;;67.69592373804167;;;;
2022-07-21 02:00:00;0.0;50.0;;69.1977308298234;;;;
2022-07-21 03:00:00;0.0;50.0;;73.07777775880173;;;;
2022-07-21 04:00:00;0.0;50.0;;79.11887345692656;;;;
2022-07-21 05:00:00;0.0;50.0;;86.9549742928775;;;;
2022-07-21 06:00:00;0.0;50.0;;96.08751124665548;;;;
2022-07-21 07:00:00;0.0;50.0;;105.9259505788386;;;;
2022-07-21 08:00:00;0.0;50.0;;115.8274248803986;;;;
2022-07-21 09:00:00;0.0;50.0;;125.1319621083707;;;;
2022-07-21 10:00:00;0.0;50.0;;133.2137632658713;;;;
2022-07-21 11:00:00;0.0;50.0;;139.5293046752396;;;;
2022-07-21 12:00:00;0.0;50.0;;143.6617339991212;;;;
2022-07-21 13:00:00;0.0;50.0;;145.3320182474487;;;;
2022-07-21 14:00:00;0.0;50.0;;144.4288457648369;;;;
2022-07-21 15:00:00;0.0;50.0;;141.0166255921655;;;;
2022-07-21 16:00:00;0.0;50.0;;135.3350306971512;;;;
2022-07-21 17:00:00;0.0;50.0;;127.7799367532304;;;;
2022-07-21 18:00:00;0.0;50.0;;118.8810314457705;;;;
2022-07-21 19:00:00;0.0;50.0;;109.2616748544139;;;;
2022-07-21 20:00:00;0.0;50.0;;99.59535071044677;;;;
2022-07-21 21:00:00;0.0;50.0;;90.55021451433919;;;;
2022-07-21 22:00:00;0.0;50.0;;82.76108289044927;;;;
2022-07-21 23:00:00;0.0;50.0;;77.85732423625399;;;;
2022-07-22 00:00:00;0.0;50.0;;75.14395206787165;;;;
2022-07-22 01:00:00;0.0;50.0;;74.91660491882296;;;;
2022-07-22 02:00:00;0.0;50.0;;76.20900293042955;;;;
2022-07-22 03:00:00;0.0;50.0;;80.07695391560674;;;;
2022-07-22 04:00:00;0.0;50.0;;86.2442621245857;;;;
2022-07-22 05:00:00;0.0;50.0;;94.27631718916648;;;;
2022-07-22 06:00:00;0.0;50.0;;103.6117448400907;;;;
2022-07-22 07:00:00;0.0;50.0;;113.6002665303076;;;;
2022-07-22 08:00:00;0.0;50.0;;123.5459866265053;;;;
2022-07-22 09:00:00;0.0;50.0;;132.7590196955714;;;;
2022-07-22 10:00:00;0.0;50.0;;140.6048069504641;;;;
2022-07-22 11:00:00;0.0;50.0;;146.5417696751866;;;;
2022-07-22 12:00:00;0.0;50.0;;150.1644980810226;;;;
2022-07-22 13:00:00;0.0;50.0;;151.2286131647283;;;;
2022-07-22 14:00:00;0.0;50.0;;149.6651415471792;;;;
2022-07-22 15:00:00;0.0;50.0;;145.5780015480488;;;;
2022-07-22 16:00:00;0.0;50.0;;139.2376137287726;;;;
2022-07-22 17:00:00;0.0;50.0;;131.0812795372995;;;;
2022-07-22 18:00:00;0.0;50.0;;121.6602021929741;;;;
2022-07-22 19:00:00;0.0;50.0;;111.6056590599359;;;;
2022-07-22 20:00:00;0.0;50.0;;101.5851581508176;;;;
2022-07-22 21:00:00;0.0;50.0;;92.27905017384626;;;;
2022-07-22 22:00:00;0.0;50.0;;84.3129851952367;;;;
2022-07-22 23:00:00;0.0;50.0;;78.70975225268899;;;;
2022-07-23 00:00:00;0.0;50.0;;75.3876430475268;;;;
2022-07-23 01:00:00;0.0;50.0;;74.63622937826605;;;;
2022-07-23 02:00:00;0.0;50.0;;76.08412203928432;;;;
2022-07-23 03:00:00;0.0;50.0;;80.16183407219125;;;;
2022-07-23 04:00:00;0.0;50.0;;86.61535476745723;;;;
2022-07-23 05:00:00;0.0;50.0;;95.03880820289731;;;;
2022-07-23 06:00:00;0.0;50.0;;104.8945429979158;;;;
2022-07-23 07:00:00;0.0;50.0;;115.5512516875839;;;;
2022-07-23 08:00:00;0.0;50.0;;126.3128728812402;;;;
2022-07-23 09:00:00;0.0;50.0;;136.4829121906054;;;;
2022-07-23 10:00:00;0.0;50.0;;145.4018194848903;;;;
2022-07-23 11:00:00;0.0;50.0;;152.4884208006571;;;;
2022-07-23 12:00:00;0.0;50.0;;157.2785332848833;;;;
2022-07-23 13:00:00;0.0;50.0;;159.4560619177254;;;;
2022-07-23 14:00:00;0.0;50.0;;158.8879464517558;;;;
2022-07-23 15:00:00;0.0;50.0;;155.620543992074;;;;
2022-07-23 16:00:00;0.0;50.0;;149.8860608318391;;;;
2022-07-23 17:00:00;0.0;50.0;;142.0912304406608;;;;
2022-07-23 18:00:00;0.0;50.0;;132.780712198859;;;;
2022-07-23 19:00:00;0.0;50.0;;122.619585133276;;;;
2022-07-23 20:00:00;0.0;50.0;;112.3410049650646;;;;
2022-07-23 21:00:00;0.0;50.0;;102.6972976917652;;;;
2022-07-23 22:00:00;0.0;50.0;;94.40554510855793;;;;
2022-07-23 23:00:00;0.0;50.0;;87.58372521113193;;;;
2022-07-24 00:00:00;0.0;50.0;;83.25802283824268;;;;
2022-07-24 01:00:00;0.0;50.0;;81.74816693348399;;;;
2022-07-24 02:00:00;0.0;50.0;;83.69944804535366;;;;
2022-07-24 03:00:00;0.0;50.0;;88.518833595536;;;;
2022-07-24 04:00:00;0.0;50.0;;95.94544821409949;;;;
2022-07-24 05:00:00;0.0;50.0;;105.5358600949644;;;;
2022-07-24 06:00:00;0.0;50.0;;116.6958734391079;;;;
2022-07-24 07:00:00;0.0;50.0;;128.7023036605217;;;;
2022-07-24 08:00:00;0.0;50.0;;140.7718041769657;;;;
2022-07-24 09:00:00;0.0;50.0;;152.0926113650569;;;;
2022-07-24 10:00:00;0.0;50.0;;161.9157890448394;;;;
2022-07-24 11:00:00;0.0;50.0;;169.5740527490994;;;;
2022-07-24 12:00:00;0.0;50.0;;174.5505210764627;;;;
2022-07-24 13:00:00;0.0;50.0;;176.5009982415163;;;;
2022-07-24 14:00:00;0.0;50.0;;175.2932495797849;;;;
2022-07-24 15:00:00;0.0;50.0;;171.0192181557686;;;;
2022-07-24 16:00:00;0.0;50.0;;163.9777291556562;;;;
2022-07-24 17:00:00;0.0;50.0;;154.6694288659374;;;;
2022-07-24 18:00:00;0.0;50.0;;143.7361513628992;;;;
2022-07-24 19:00:00;0.0;50.0;;131.9454908154964;;;;
2022-07-24 20:00:00;0.0;50.0;;120.1036338358628;;;;
2022-07-24 21:00:00;0.0;50.0;;109.0276106809796;;;;
2022-07-24 22:00:00;0.0;50.0;;99.4716222115516;;;;
2022-07-24 23:00:00;0.0;50.0;;90.85885051981856;;;;
2022-07-25 00:00:00;0.0;50.0;;84.92922192688124;;;;
2022-07-25 01:00:00;0.0;50.0;;81.93551801971547;;;;
2022-07-25 02:00:00;0.0;50.0;;83.14020659182736;;;;
2022-07-25 03:00:00;0.0;50.0;;87.12522304560622;;;;
2022-07-25 04:00:00;0.0;50.0;;93.56696916934624;;;;
2022-07-25 05:00:00;0.0;50.0;;101.9753006212322;;;;
2022-07-25 06:00:00;0.0;50.0;;111.7229696240614;;;;
2022-07-25 07:00:00;0.0;50.0;;122.0937502212394;;;;
2022-07-25 08:00:00;0.0;50.0;;132.3306889394744;;;;
2022-07-25 09:00:00;0.0;50.0;;141.6943284399452;;;;
2022-07-25 10:00:00;0.0;50.0;;149.5131606452198;;;;
2022-07-25 11:00:00;0.0;50.0;;155.2375392783324;;;;
2022-07-25 12:00:00;0.0;50.0;;158.4571390942805;;;;
2022-07-25 13:00:00;0.0;50.0;;158.9393972873937;;;;
2022-07-25 14:00:00;0.0;50.0;;156.6279586045977;;;;
2022-07-25 15:00:00;0.0;50.0;;151.6717569693037;;;;
2022-07-25 16:00:00;0.0;50.0;;144.3972738992453;;;;
2022-07-25 17:00:00;0.0;50.0;;135.2873369458683;;;;
2022-07-25 18:00:00;0.0;50.0;;124.9404836187779;;;;
2022-07-25 19:00:00;0.0;50.0;;114.0284828803947;;;;
2022-07-25 20:00:00;0.0;50.0;;103.253317223551;;;;
2022-07-25 21:00:00;0.0;50.0;;93.29252459002149;;;;
2022-07-25 22:00:00;0.0;50.0;;84.76964302131177;;;;
2022-07-25 23:00:00;0.0;50.0;;77.3375775214667;;;;
2022-07-26 00:00:00;0.0;50.0;;72.267596182971;;;;
2022-07-26 01:00:00;0.0;50.0;;69.74836103530141;;;;
2022-07-26 02:00:00;0.0;50.0;;70.67194368418122;;;;
2022-07-26 03:00:00;0.0;50.0;;74.00533330987793;;;;
2022-07-26 04:00:00;0.0;50.0;;79.47664267827093;;;;
2022-07-26 05:00:00;0.0;50.0;;86.67712100715838;;;;
2022-07-26 06:00:00;0.0;50.0;;95.09042512545034;;;;
2022-07-26 07:00:00;0.0;50.0;;104.1229723156873;;;;
2022-07-26 08:00:00;0.0;50.0;;113.1454054838101;;;;
2022-07-26 09:00:00;0.0;50.0;;121.5366063649451;;;;
2022-07-26 10:00:00;0.0;50.0;;128.7225953138296;;;;
2022-07-26 11:00:00;0.0;50.0;;134.207047205423;;;;
2022-07-26 12:00:00;0.0;50.0;;137.6231667535404;;;;
2022-07-26 13:00:00;0.0;50.0;;138.737688818662;;;;
2022-07-26 14:00:00;0.0;50.0;;137.4767473282253;;;;
2022-07-26 15:00:00;0.0;50.0;;133.9154623257214;;;;
2022-07-26 16:00:00;0.0;50.0;;128.2977806957638;;;;
2022-07-26 17:00:00;0.0;50.0;;120.9961907538089;;;;
2022-07-26 18:00:00;0.0;50.0;;112.5012129280092;;;;
2022-07-26 19:00:00;0.0;50.0;;103.3826140703083;;;;
2022-07-26 20:00:00;0.0;50.0;;94.26626947890105;;;;
2022-07-26 21:00:00;0.0;50.0;;85.77336695144184;;;;
2022-07-26 22:00:00;0.0;50.0;;78.48749027092583;;;;
2022-07-26 23:00:00;0.0;50.0;;72.93122243840124;;;;
2022-07-27 00:00:00;0.0;50.0;;69.4850858722777;;;;
2022-07-27 01:00:00;0.0;50.0;;68.4016786051898;;;;
2022-07-27 02:00:00;0.0;50.0;;69.75495518431332;;;;
2022-07-27 03:00:00;0.0;50.0;;73.49083392543142;;;;
2022-07-27 04:00:00;0.0;50.0;;79.37197485385325;;;;
2022-07-27 05:00:00;0.0;50.0;;87.01380825290374;;;;
2022-07-27 06:00:00;0.0;50.0;;95.9036599245311;;;;
2022-07-27 07:00:00;0.0;50.0;;105.4452720600113;;;;
2022-07-27 08:00:00;0.0;50.0;;114.9926474696047;;;;
2022-07-27 09:00:00;0.0;50.0;;123.8973808182527;;;;
2022-07-27 10:00:00;0.0;50.0;;131.552236091429;;;;
2022-07-27 11:00:00;0.0;50.0;;137.4394840666147;;;;
2022-07-27 12:00:00;0.0;50.0;;141.1488689806899;;;;
2022-07-27 13:00:00;0.0;50.0;;142.4239966154261;;;;
2022-07-27 14:00:00;0.0;50.0;;141.1687170095115;;;;
2022-07-27 15:00:00;0.0;50.0;;137.4743590509403;;;;
2022-07-27 16:00:00;0.0;50.0;;131.590480385191;;;;
2022-07-27 17:00:00;0.0;50.0;;123.9228383102586;;;;
2022-07-27 18:00:00;0.0;50.0;;114.9915400022547;;;;
2022-07-27 19:00:00;0.0;50.0;;105.4107502736551;;;;
2022-07-27 20:00:00;0.0;50.0;;95.83157775889833;;;;
2022-07-27 21:00:00;0.0;50.0;;86.90263280605174;;;;
2022-07-27 22:00:00;0.0;50.0;;79.21743048557991;;;;
2022-07-27 23:00:00;0.0;50.0;;74.16206043153409;;;;
2022-07-28 00:00:00;0.0;50.0;;71.22054283966064;;;;
2022-07-28 01:00:00;0.0;50.0;;70.65598601288744;;;;
2022-07-28 02:00:00;0.0;50.0;;71.68181309531545;;;;
2022-07-28 03:00:00;0.0;50.0;;75.11653575249159;;;;
2022-07-28 04:00:00;0.0;50.0;;80.68554547075024;;;;
2022-07-28 05:00:00;0.0;50.0;;87.96768835202082;;;;
2022-07-28 06:00:00;0.0;50.0;;96.43119735845892;;;;
2022-07-28 07:00:00;0.0;50.0;;105.4610884238156;;;;
2022-07-28 08:00:00;0.0;50.0;;114.4090824111426;;;;
2022-07-28 09:00:00;0.0;50.0;;122.6397319667343;;;;
2022-07-28 10:00:00;0.0;50.0;;129.5785521378609;;;;
2022-07-28 11:00:00;0.0;50.0;;134.7433854450704;;;;
2022-07-28 12:00:00;0.0;50.0;;137.7740090546718;;;;
2022-07-28 13:00:00;0.0;50.0;;138.4518096196585;;;;
2022-07-28 14:00:00;0.0;50.0;;136.7255090095482;;;;
2022-07-28 15:00:00;0.0;50.0;;132.7029959575278;;;;
2022-07-28 16:00:00;0.0;50.0;;126.6583785291286;;;;
2022-07-28 17:00:00;0.0;50.0;;119.0002232901251;;;;
2022-07-28 18:00:00;0.0;50.0;;110.2379379907602;;;;
2022-07-28 19:00:00;0.0;50.0;;100.9446000285222;;;;
2022-07-28 20:00:00;0.0;50.0;;91.72616237344107;;;;
2022-07-28 21:00:00;0.0;50.0;;83.18752907847318;;;;
2022-07-28 22:00:00;0.0;50.0;;75.89184544704493;;;;
2022-07-28 23:00:00;0.0;50.0;;71.3265356650322;;;;
2022-07-29 00:00:00;0.0;50.0;;68.82387675744744;;;;
2022-07-29 01:00:00;0.0;50.0;;68.65042527438898;;;;
2022-07-29 02:00:00;0.0;50.0;;69.90943905766454;;;;
2022-07-29 03:00:00;0.0;50.0;;73.58877596426916;;;;
2022-07-29 04:00:00;0.0;50.0;;79.45310308326903;;;;
2022-07-29 05:00:00;0.0;50.0;;87.13008229506445;;;;
2022-07-29 06:00:00;0.0;50.0;;96.12452098945904;;;;
2022-07-29 07:00:00;0.0;50.0;;105.8544553154085;;;;
2022-07-29 08:00:00;0.0;50.0;;115.6863867736878;;;;
2022-07-29 09:00:00;0.0;50.0;;124.9886674705616;;;;
2022-07-29 10:00:00;0.0;50.0;;133.1630361578204;;;;
2022-07-29 11:00:00;0.0;50.0;;139.6748862162191;;;;
2022-07-29 12:00:00;0.0;50.0;;144.1015403012542;;;;
2022-07-29 13:00:00;0.0;50.0;;146.1521005986899;;;;
2022-07-29 14:00:00;0.0;50.0;;145.7055070406247;;;;
2022-07-29 15:00:00;0.0;50.0;;142.8029847673461;;;;
2022-07-29 16:00:00;0.0;50.0;;137.6514582903716;;;;
2022-07-29 17:00:00;0.0;50.0;;130.6114320171649;;;;
2022-07-29 18:00:00;0.0;50.0;;122.1789197507162;;;;
2022-07-29 19:00:00;0.0;50.0;;112.954503735255;;;;
2022-07-29 20:00:00;0.0;50.0;;103.6105150005342;;;;
2022-07-29 21:00:00;0.0;50.0;;94.83687219950208;;;;
2022-07-29 22:00:00;0.0;50.0;;87.29874186925619;;;;
2022-07-29 23:00:00;0.0;50.0;;82.10481144179721;;;;
2022-07-30 00:00:00;0.0;50.0;;79.19779149170809;;;;
2022-07-30 01:00:00;0.0;50.0;;78.9272188944131;;;;
2022-07-30 02:00:00;0.0;50.0;;80.937338491248;;;;
2022-07-30 03:00:00;0.0;50.0;;85.73970839276126;;;;
2022-07-30 04:00:00;0.0;50.0;;93.09309361976077;;;;
2022-07-30 05:00:00;0.0;50.0;;102.5809261980592;;;;
2022-07-30 06:00:00;0.0;50.0;;113.6306329420652;;;;
2022-07-30 07:00:00;0.0;50.0;;125.5521409817636;;;;
2022-07-30 08:00:00;0.0;50.0;;137.5792475018809;;;;
2022-07-30 09:00:00;0.0;50.0;;148.9247624308296;;;;
2022-07-30 10:00:00;0.0;50.0;;158.8327123002085;;;;
2022-07-30 11:00:00;0.0;50.0;;166.6538256366343;;;;
2022-07-30 12:00:00;0.0;50.0;;171.8653196707581;;;;
2022-07-30 13:00:00;0.0;50.0;;174.1212708852988;;;;
2022-07-30 14:00:00;0.0;50.0;;173.2723183265331;;;;
2022-07-30 15:00:00;0.0;50.0;;169.3832214579765;;;;
2022-07-30 16:00:00;0.0;50.0;;162.7406102389945;;;;
2022-07-30 17:00:00;0.0;50.0;;153.8145500100632;;;;
2022-07-30 18:00:00;0.0;50.0;;143.2378434473382;;;;
2022-07-30 19:00:00;0.0;50.0;;131.7536989749073;;;;
2022-07-30 20:00:00;0.0;50.0;;120.1730090451641;;;;
2022-07-30 21:00:00;0.0;50.0;;109.3176593022258;;;;
2022-07-30 22:00:00;0.0;50.0;;99.95217704030046;;;;
2022-07-30 23:00:00;0.0;50.0;;92.2195583833124;;;;
2022-07-31 00:00:00;0.0;50.0;;87.1509898694107;;;;
2022-07-31 01:00:00;0.0;50.0;;85.04145654684999;;;;
2022-07-31 02:00:00;0.0;50.0;;86.49455172818107;;;;
2022-07-31 03:00:00;0.0;50.0;;90.85384233879016;;;;
2022-07-31 04:00:00;0.0;50.0;;97.80408804145327;;;;
2022-07-31 05:00:00;0.0;50.0;;106.8498087192241;;;;
2022-07-31 06:00:00;0.0;50.0;;117.3464246605195;;;;
2022-07-31 07:00:00;0.0;50.0;;128.549591041826;;;;
2022-07-31 08:00:00;0.0;50.0;;139.662766149411;;;;
2022-07-31 09:00:00;0.0;50.0;;149.9074034272087;;;;
2022-07-31 10:00:00;0.0;50.0;;158.5696091286902;;;;
2022-07-31 11:00:00;0.0;50.0;;165.0351867551088;;;;
2022-07-31 12:00:00;0.0;50.0;;168.8564656932659;;;;
2022-07-31 13:00:00;0.0;50.0;;169.7577034651302;;;;
2022-07-31 14:00:00;0.0;50.0;;167.6833816282496;;;;
2022-07-31 15:00:00;0.0;50.0;;162.7637952830258;;;;
2022-07-31 16:00:00;0.0;50.0;;155.3325619017467;;;;
2022-07-31 17:00:00;0.0;50.0;;145.8870910456194;;;;
2022-07-31 18:00:00;0.0;50.0;;135.0552827378666;;;;
2022-07-31 19:00:00;0.0;50.0;;123.5594738481288;;;;
2022-07-31 20:00:00;0.0;50.0;;112.1465039752529;;;;
2022-07-31 21:00:00;0.0;50.0;;101.5639660496446;;;;
2022-07-31 22:00:00;0.0;50.0;;92.49222530269662;;;;
2022-07-31 23:00:00;0.0;50.0;;84.397299630921;;;;
2022-08-01 00:00:00;0.0;50.0;;78.85776842426861;;;;
2022-08-01 01:00:00;0.0;50.0;;76.09789957647426;;;;
2022-08-01 02:00:00;0.0;50.0;;77.27525812285757;;;;
2022-08-01 03:00:00;0.0;50.0;;81.09148245305919;;;;
2022-08-01 04:00:00;0.0;50.0;;87.26011503552024;;;;
2022-08-01 05:00:00;0.0;50.0;;95.3419822683548;;;;
2022-08-01 06:00:00;0.0;50.0;;104.7783368321303;;;;
2022-08-01 07:00:00;0.0;50.0;;114.9186325449401;;;;
2022-08-01 08:00:00;0.0;50.0;;125.0734251852323;;;;
2022-08-01 09:00:00;0.0;50.0;;134.5518394183468;;;;
2022-08-01 10:00:00;0.0;50.0;;142.7007017232172;;;;
2022-08-01 11:00:00;0.0;50.0;;148.9688890361494;;;;
2022-08-01 12:00:00;0.0;50.0;;152.9367617308958;;;;
2022-08-01 13:00:00;0.0;50.0;;154.3447147008065;;;;
2022-08-01 14:00:00;0.0;50.0;;153.0921992343239;;;;
2022-08-01 15:00:00;0.0;50.0;;149.2556781750048;;;;
2022-08-01 16:00:00;0.0;50.0;;143.0989003561091;;;;
2022-08-01 17:00:00;0.0;50.0;;135.0399481071723;;;;
2022-08-01 18:00:00;0.0;50.0;;125.6266323661818;;;;
2022-08-01 19:00:00;0.0;50.0;;115.4961775087647;;;;
2022-08-01 20:00:00;0.0;50.0;;105.3470444096114;;;;
2022-08-01 21:00:00;0.0;50.0;;95.87708486196672;;;;
2022-08-01 22:00:00;0.0;50.0;;87.74565106174738;;;;
2022-08-01 23:00:00;0.0;50.0;;80.62170987725283;;;;
2022-08-02 00:00:00;0.0;50.0;;75.86139912817339;;;;
2022-08-02 01:00:00;0.0;50.0;;73.71736545530777;;;;
2022-08-02 02:00:00;0.0;50.0;;75.15605409582707;;;;
2022-08-02 03:00:00;0.0;50.0;;79.15171941038284;;;;
2022-08-02 04:00:00;0.0;50.0;;85.44306587835693;;;;
2022-08-02 05:00:00;0.0;50.0;;93.61603940365514;;;;
2022-08-02 06:00:00;0.0;50.0;;103.1200029644659;;;;
2022-08-02 07:00:00;0.0;50.0;;113.3091644450063;;;;
2022-08-02 08:00:00;0.0;50.0;;123.4810711994049;;;;
2022-08-02 09:00:00;0.0;50.0;;132.9402085842463;;;;
2022-08-02 10:00:00;0.0;50.0;;141.0351378976192;;;;
2022-08-02 11:00:00;0.0;50.0;;147.2009891336695;;;;
2022-08-02 12:00:00;0.0;50.0;;151.0054951178737;;;;
2022-08-02 13:00:00;0.0;50.0;;152.1843972584221;;;;
2022-08-02 14:00:00;0.0;50.0;;150.6600098428369;;;;
2022-08-02 15:00:00;0.0;50.0;;146.5303079881326;;;;
2022-08-02 16:00:00;0.0;50.0;;140.0795911883167;;;;
2022-08-02 17:00:00;0.0;50.0;;131.7386653878152;;;;
2022-08-02 18:00:00;0.0;50.0;;122.0772708776663;;;;
2022-08-02 19:00:00;0.0;50.0;;111.7463595612772;;;;
2022-08-02 20:00:00;0.0;50.0;;101.4405617233763;;;;
2022-08-02 21:00:00;0.0;50.0;;91.84120978402188;;;;
2022-08-02 22:00:00;0.0;50.0;;83.57622360030406;;;;
2022-08-02 23:00:00;0.0;50.0;;77.21002931363057;;;;
2022-08-03 00:00:00;0.0;50.0;;73.10282164168204;;;;
2022-08-03 01:00:00;0.0;50.0;;71.4842587456932;;;;
2022-08-03 02:00:00;0.0;50.0;;72.37628110994852;;;;
2022-08-03 03:00:00;0.0;50.0;;75.6917463907552;;;;
2022-08-03 04:00:00;0.0;50.0;;81.13548566107667;;;;
2022-08-03 05:00:00;0.0;50.0;;88.27046594242333;;;;
2022-08-03 06:00:00;0.0;50.0;;96.54788690880176;;;;
2022-08-03 07:00:00;0.0;50.0;;105.3453804760887;;;;
2022-08-03 08:00:00;0.0;50.0;;114.0157402825041;;;;
2022-08-03 09:00:00;0.0;50.0;;121.9276204626017;;;;
2022-08-03 10:00:00;0.0;50.0;;128.514423396301;;;;
2022-08-03 11:00:00;0.0;50.0;;133.298638453777;;;;
2022-08-03 12:00:00;0.0;50.0;;135.944099911245;;;;
2022-08-03 13:00:00;0.0;50.0;;136.2565284669905;;;;
2022-08-03 14:00:00;0.0;50.0;;134.2076592981677;;;;
2022-08-03 15:00:00;0.0;50.0;;129.9235320693116;;;;
2022-08-03 16:00:00;0.0;50.0;;123.6802864805403;;;;
2022-08-03 17:00:00;0.0;50.0;;115.8900643632694;;;;
2022-08-03 18:00:00;0.0;50.0;;107.0588414721272;;;;
2022-08-03 19:00:00;0.0;50.0;;97.75572238931473;;;;
2022-08-03 20:00:00;0.0;50.0;;88.57551986445225;;;;
2022-08-03 21:00:00;0.0;50.0;;80.0972808896827;;;;
2022-08-03 22:00:00;0.0;50.0;;72.86068654776867;;;;
2022-08-03 23:00:00;0.0;50.0;;68.12497146836746;;;;
2022-08-04 00:00:00;0.0;50.0;;65.39063443132096;;;;
2022-08-04 01:00:00;0.0;50.0;;64.88442966169188;;;;
2022-08-04 02:00:00;0.0;50.0;;65.88031654239904;;;;
2022-08-04 03:00:00;0.0;50.0;;69.14438479276687;;;;
2022-08-04 04:00:00;0.0;50.0;;74.4451498147364;;;;
2022-08-04 05:00:00;0.0;50.0;;81.41416611090378;;;;
2022-08-04 06:00:00;0.0;50.0;;89.58064880595944;;;;
2022-08-04 07:00:00;0.0;50.0;;98.39477852064789;;;;
2022-08-04 08:00:00;0.0;50.0;;107.2720180290978;;;;
2022-08-04 09:00:00;0.0;50.0;;115.6317494785544;;;;
2022-08-04 10:00:00;0.0;50.0;;122.9201460462165;;;;
2022-08-04 11:00:00;0.0;50.0;;128.6575974252804;;;;
2022-08-04 12:00:00;0.0;50.0;;132.4638865676665;;;;
2022-08-04 13:00:00;0.0;50.0;;134.0888326465497;;;;
2022-08-04 14:00:00;0.0;50.0;;133.4317138212426;;;;
2022-08-04 15:00:00;0.0;50.0;;130.544981595715;;;;
2022-08-04 16:00:00;0.0;50.0;;125.6287266700541;;;;
2022-08-04 17:00:00;0.0;50.0;;119.0194573367542;;;;
2022-08-04 18:00:00;0.0;50.0;;111.1697988386101;;;;
2022-08-04 19:00:00;0.0;50.0;;102.6365234377166;;;;
2022-08-04 20:00:00;0.0;50.0;;94.02831585170318;;;;
2022-08-04 21:00:00;0.0;50.0;;85.97164028424211;;;;
2022-08-04 22:00:00;0.0;50.0;;79.05799627690223;;;;
2022-08-04 23:00:00;0.0;50.0;;74.89922325798257;;;;
2022-08-05 00:00:00;0.0;50.0;;72.81977543046767;;;;
2022-08-05 01:00:00;0.0;50.0;;73.14769071048688;;;;
2022-08-05 02:00:00;0.0;50.0;;74.96874507642877;;;;
2022-08-05 03:00:00;0.0;50.0;;79.37329705579234;;;;
2022-08-05 04:00:00;0.0;50.0;;86.14569897653053;;;;
2022-08-05 05:00:00;0.0;50.0;;94.90054329837182;;;;
2022-08-05 06:00:00;0.0;50.0;;105.1050630477758;;;;
2022-08-05 07:00:00;0.0;50.0;;116.120604426002;;;;
2022-08-05 08:00:00;0.0;50.0;;127.2373520417464;;;;
2022-08-05 09:00:00;0.0;50.0;;137.7387359675207;;;;
2022-08-05 10:00:00;0.0;50.0;;146.9296478430142;;;;
2022-08-05 11:00:00;0.0;50.0;;154.2042472154642;;;;
2022-08-05 12:00:00;0.0;50.0;;159.0775172177272;;;;
2022-08-05 13:00:00;0.0;50.0;;161.2211066881295;;;;
2022-08-05 14:00:00;0.0;50.0;;160.4998118721199;;;;
2022-08-05 15:00:00;0.0;50.0;;156.9687116202848;;;;
2022-08-05 16:00:00;0.0;50.0;;150.8925855034419;;;;
2022-08-05 17:00:00;0.0;50.0;;142.6998777194165;;;;
2022-08-05 18:00:00;0.0;50.0;;132.9730343648911;;;;
2022-08-05 19:00:00;0.0;50.0;;122.3999781922858;;;;
2022-08-05 20:00:00;0.0;50.0;;111.7276773774112;;;;
2022-08-05 21:00:00;0.0;50.0;;101.7209022080919;;;;
2022-08-05 22:00:00;0.0;50.0;;93.09207352151793;;;;
2022-08-05 23:00:00;0.0;50.0;;87.0183517844994;;;;
2022-08-06 00:00:00;0.0;50.0;;83.39933150010327;;;;
2022-08-06 01:00:00;0.0;50.0;;82.56013764300434;;;;
2022-08-06 02:00:00;0.0;50.0;;84.06661570167208;;;;
2022-08-06 03:00:00;0.0;50.0;;88.4137570519523;;;;
2022-08-06 04:00:00;0.0;50.0;;95.29930126572086;;;;
2022-08-06 05:00:00;0.0;50.0;;104.2506703593871;;;;
2022-08-06 06:00:00;0.0;50.0;;114.6521258164774;;;;
2022-08-06 07:00:00;0.0;50.0;;125.7783635612836;;;;
2022-08-06 08:00:00;0.0;50.0;;136.8610004477551;;;;
2022-08-06 09:00:00;0.0;50.0;;147.1309520565562;;;;
2022-08-06 10:00:00;0.0;50.0;;155.8858679306746;;;;
2022-08-06 11:00:00;0.0;50.0;;162.5179158828042;;;;
2022-08-06 12:00:00;0.0;50.0;;166.5756765229441;;;;
2022-08-06 13:00:00;0.0;50.0;;167.7797052542884;;;;
2022-08-06 14:00:00;0.0;50.0;;166.0521311162641;;;;
2022-08-06 15:00:00;0.0;50.0;;161.5046510244571;;;;
2022-08-06 16:00:00;0.0;50.0;;154.4534512586692;;;;
2022-08-06 17:00:00;0.0;50.0;;145.3685948603939;;;;
2022-08-06 18:00:00;0.0;50.0;;134.8689382554141;;;;
2022-08-06 19:00:00;0.0;50.0;;123.6536697121921;;;;
2022-08-06 20:00:00;0.0;50.0;;112.4836239267794;;;;
2022-08-06 21:00:00;0.0;50.0;;102.1033704199771;;;;
2022-08-06 22:00:00;0.0;50.0;;93.20865224778323;;;;
2022-08-06 23:00:00;0.0;50.0;;85.92589931130321;;;;
2022-08-07 00:00:00;0.0;50.0;;81.18605475351568;;;;
2022-08-07 01:00:00;0.0;50.0;;79.25552396208107;;;;
2022-08-07 02:00:00;0.0;50.0;;80.68088069172978;;;;
2022-08-07 03:00:00;0.0;50.0;;84.87514757905586;;;;
2022-08-07 04:00:00;0.0;50.0;;91.56464651984425;;;;
2022-08-07 05:00:00;0.0;50.0;;100.3034041823512;;;;
2022-08-07 06:00:00;0.0;50.0;;110.5156234688479;;;;
2022-08-07 07:00:00;0.0;50.0;;121.5172272423506;;;;
2022-08-07 08:00:00;0.0;50.0;;132.5794429912981;;;;
2022-08-07 09:00:00;0.0;50.0;;142.9702363328705;;;;
2022-08-07 10:00:00;0.0;50.0;;152.0065251354295;;;;
2022-08-07 11:00:00;0.0;50.0;;159.0877932060382;;;;
2022-08-07 12:00:00;0.0;50.0;;163.7379471202539;;;;
2022-08-07 13:00:00;0.0;50.0;;165.6466275677421;;;;
2022-08-07 14:00:00;0.0;50.0;;164.6912465394109;;;;
2022-08-07 15:00:00;0.0;50.0;;160.9401761527427;;;;
2022-08-07 16:00:00;0.0;50.0;;154.6558463307405;;;;
2022-08-07 17:00:00;0.0;50.0;;146.2726948898124;;;;
2022-08-07 18:00:00;0.0;50.0;;136.3754692147725;;;;
2022-08-07 19:00:00;0.0;50.0;;125.6493860515738;;;;
2022-08-07 20:00:00;0.0;50.0;;114.8491856376056;;;;
2022-08-07 21:00:00;0.0;50.0;;104.7400368457399;;;;
2022-08-07 22:00:00;0.0;50.0;;96.0502679976436;;;;
2022-08-07 23:00:00;0.0;50.0;;88.24497336799595;;;;
2022-08-08 00:00:00;0.0;50.0;;83.00617562723033;;;;
2022-08-08 01:00:00;0.0;50.0;;80.61706277626578;;;;
2022-08-08 02:00:00;0.0;50.0;;82.33356760010248;;;;
2022-08-08 03:00:00;0.0;50.0;;86.85696520013903;;;;
2022-08-08 04:00:00;0.0;50.0;;93.91330189580842;;;;
2022-08-08 05:00:00;0.0;50.0;;103.0562420107797;;;;
2022-08-08 06:00:00;0.0;50.0;;113.6853043667691;;;;
2022-08-08 07:00:00;0.0;50.0;;125.0987700133026;;;;
2022-08-08 08:00:00;0.0;50.0;;136.5207689070123;;;;
2022-08-08 09:00:00;0.0;50.0;;147.176331425012;;;;
2022-08-08 10:00:00;0.0;50.0;;156.3284613589415;;;;
2022-08-08 11:00:00;0.0;50.0;;163.3530188811606;;;;
2022-08-08 12:00:00;0.0;50.0;;167.7550680018524;;;;
2022-08-08 13:00:00;0.0;50.0;;169.2441430892527;;;;
2022-08-08 14:00:00;0.0;50.0;;167.7078767099194;;;;
2022-08-08 15:00:00;0.0;50.0;;163.2586220679875;;;;
2022-08-08 16:00:00;0.0;50.0;;156.1873494458118;;;;
2022-08-08 17:00:00;0.0;50.0;;146.9970898706263;;;;
2022-08-08 18:00:00;0.0;50.0;;136.3121222915428;;;;
2022-08-08 19:00:00;0.0;50.0;;124.8631772970672;;;;
2022-08-08 20:00:00;0.0;50.0;;113.4141338901035;;;;
2022-08-08 21:00:00;0.0;50.0;;102.7370853422635;;;;
2022-08-08 22:00:00;0.0;50.0;;93.5392257480594;;;;
2022-08-08 23:00:00;0.0;50.0;;85.49050799180725;;;;
2022-08-09 00:00:00;0.0;50.0;;79.980175447856;;;;
2022-08-09 01:00:00;0.0;50.0;;77.23561091712685;;;;
2022-08-09 02:00:00;0.0;50.0;;78.21481304128775;;;;
2022-08-09 03:00:00;0.0;50.0;;81.80496141449864;;;;
2022-08-09 04:00:00;0.0;50.0;;87.6862379160677;;;;
2022-08-09 05:00:00;0.0;50.0;;95.38548256586026;;;;
2022-08-09 06:00:00;0.0;50.0;;104.3081591833373;;;;
2022-08-09 07:00:00;0.0;50.0;;113.7879110284328;;;;
2022-08-09 08:00:00;0.0;50.0;;123.1167350352617;;;;
2022-08-09 09:00:00;0.0;50.0;;131.6114326655534;;;;
2022-08-09 10:00:00;0.0;50.0;;138.6510134721322;;;;
2022-08-09 11:00:00;0.0;50.0;;143.7339093171293;;;;
2022-08-09 12:00:00;0.0;50.0;;146.4886994639036;;;;
2022-08-09 13:00:00;0.0;50.0;;146.7135824674828;;;;
2022-08-09 14:00:00;0.0;50.0;;144.3757214410639;;;;
2022-08-09 15:00:00;0.0;50.0;;139.6277537034516;;;;
2022-08-09 16:00:00;0.0;50.0;;132.7760439345659;;;;
2022-08-09 17:00:00;0.0;50.0;;124.2653092566581;;;;
2022-08-09 18:00:00;0.0;50.0;;114.6431207338319;;;;
2022-08-09 19:00:00;0.0;50.0;;104.5285909434748;;;;
2022-08-09 20:00:00;0.0;50.0;;94.56980483653211;;;;
2022-08-09 21:00:00;0.0;50.0;;85.38643019550022;;;;
2022-08-09 22:00:00;0.0;50.0;;77.53944597533591;;;;
2022-08-09 23:00:00;0.0;50.0;;71.5346750294059;;;;
2022-08-10 00:00:00;0.0;50.0;;67.68172878797509;;;;
2022-08-10 01:00:00;0.0;50.0;;66.18574764330174;;;;
2022-08-10 02:00:00;0.0;50.0;;67.05344936914844;;;;
2022-08-10 03:00:00;0.0;50.0;;70.2153615815065;;;;
2022-08-10 04:00:00;0.0;50.0;;75.41910582925864;;;;
2022-08-10 05:00:00;0.0;50.0;;82.27537989806572;;;;
2022-08-10 06:00:00;0.0;50.0;;90.29577108505966;;;;
2022-08-10 07:00:00;0.0;50.0;;98.91686576239468;;;;
2022-08-10 08:00:00;0.0;50.0;;107.5494729917609;;;;
2022-08-10 09:00:00;0.0;50.0;;115.6081004417832;;;;
2022-08-10 10:00:00;0.0;50.0;;122.5510801282395;;;;
2022-08-10 11:00:00;0.0;50.0;;127.9080282399987;;;;
2022-08-10 12:00:00;0.0;50.0;;131.3163917862526;;;;
2022-08-10 13:00:00;0.0;50.0;;132.5425763972264;;;;
2022-08-10 14:00:00;0.0;50.0;;131.5133186465852;;;;
2022-08-10 15:00:00;0.0;50.0;;128.2936547189403;;;;
2022-08-10 16:00:00;0.0;50.0;;123.102652980575;;;;
2022-08-10 17:00:00;0.0;50.0;;116.2862686587833;;;;
2022-08-10 18:00:00;0.0;50.0;;108.3087026212011;;;;
2022-08-10 19:00:00;0.0;50.0;;99.71514240814929;;;;
2022-08-10 20:00:00;0.0;50.0;;91.09703997141693;;;;
2022-08-10 21:00:00;0.0;50.0;;83.05918145292631;;;;
2022-08-10 22:00:00;0.0;50.0;;76.1673884044869;;;;
2022-08-10 23:00:00;0.0;50.0;;71.79773375478948;;;;
2022-08-11 00:00:00;0.0;50.0;;69.45053917391336;;;;
2022-08-11 01:00:00;0.0;50.0;;69.4168453280464;;;;
2022-08-11 02:00:00;0.0;50.0;;70.95876636328282;;;;
2022-08-11 03:00:00;0.0;50.0;;74.9387372534276;;;;
2022-08-11 04:00:00;0.0;50.0;;81.13651738951233;;;;
2022-08-11 05:00:00;0.0;50.0;;89.17156351498707;;;;
2022-08-11 06:00:00;0.0;50.0;;98.53634248558048;;;;
2022-08-11 07:00:00;0.0;50.0;;108.6227909234247;;;;
2022-08-11 08:00:00;0.0;50.0;;118.7659441997765;;;;
2022-08-11 09:00:00;0.0;50.0;;128.2938503163267;;;;
2022-08-11 10:00:00;0.0;50.0;;136.5796616417283;;;;
2022-08-11 11:00:00;0.0;50.0;;143.0612007441798;;;;
2022-08-11 12:00:00;0.0;50.0;;147.3054006763865;;;;
2022-08-11 13:00:00;0.0;50.0;;149.0187790597446;;;;
2022-08-11 14:00:00;0.0;50.0;;148.0952313879395;;;;
2022-08-11 15:00:00;0.0;50.0;;144.6013531116817;;;;
2022-08-11 16:00:00;0.0;50.0;;138.7810315632643;;;;
2022-08-11 17:00:00;0.0;50.0;;131.0424080412497;;;;
2022-08-11 18:00:00;0.0;50.0;;121.9266120035967;;;;
2022-08-11 19:00:00;0.0;50.0;;112.0727084236745;;;;
2022-08-11 20:00:00;0.0;50.0;;102.1643549020681;;;;
2022-08-11 21:00:00;0.0;50.0;;92.89597750074526;;;;
2022-08-11 22:00:00;0.0;50.0;;84.90964968958068;;;;
2022-08-11 23:00:00;0.0;50.0;;79.92717265346576;;;;
2022-08-12 00:00:00;0.0;50.0;;77.18579228373524;;;;
2022-08-12 01:00:00;0.0;50.0;;76.9941940330358;;;;
2022-08-12 02:00:00;0.0;50.0;;78.3216061393644;;;;
2022-08-12 03:00:00;0.0;50.0;;82.29312746579825;;;;
2022-08-12 04:00:00;0.0;50.0;;88.62974450428167;;;;
2022-08-12 05:00:00;0.0;50.0;;96.88353742725779;;;;
2022-08-12 06:00:00;0.0;50.0;;106.4744794886126;;;;
2022-08-12 07:00:00;0.0;50.0;;116.7346169445594;;;;
2022-08-12 08:00:00;0.0;50.0;;126.9521338555305;;;;
2022-08-12 09:00:00;0.0;50.0;;136.4224846171536;;;;
2022-08-12 10:00:00;0.0;50.0;;144.4876134008166;;;;
2022-08-12 11:00:00;0.0;50.0;;150.5893511839721;;;;
2022-08-12 12:00:00;0.0;50.0;;154.3154257030114;;;;
2022-08-12 13:00:00;0.0;50.0;;155.4123519345602;;;;
2022-08-12 14:00:00;0.0;50.0;;153.8082915404909;;;;
2022-08-12 15:00:00;0.0;50.0;;149.6096665060231;;;;
2022-08-12 16:00:00;0.0;50.0;;143.1019577490433;;;;
2022-08-12 17:00:00;0.0;50.0;;134.7226213858154;;;;
2022-08-12 18:00:00;0.0;50.0;;125.0360618490407;;;;
2022-08-12 19:00:00;0.0;50.0;;114.6948146458805;;;;
2022-08-12 20:00:00;0.0;50.0;;104.3972306654719;;;;
2022-08-12 21:00:00;0.0;50.0;;94.83330748656525;;;;
2022-08-12 22:00:00;0.0;50.0;;86.64803725884894;;;;
2022-08-12 23:00:00;0.0;50.0;;80.92990841923228;;;;
2022-08-13 00:00:00;0.0;50.0;;77.55843236382856;;;;
2022-08-13 01:00:00;0.0;50.0;;76.82609276763284;;;;
2022-08-13 02:00:00;0.0;50.0;;78.31615917819352;;;;
2022-08-13 03:00:00;0.0;50.0;;82.51418338362205;;;;
2022-08-13 04:00:00;0.0;50.0;;89.15895078104327;;;;
2022-08-13 05:00:00;0.0;50.0;;97.83362687307138;;;;
2022-08-13 06:00:00;0.0;50.0;;107.9786094746643;;;;
2022-08-13 07:00:00;0.0;50.0;;118.9379989399093;;;;
2022-08-13 08:00:00;0.0;50.0;;130.0009532350348;;;;
2022-08-13 09:00:00;0.0;50.0;;140.4593705080854;;;;
2022-08-13 10:00:00;0.0;50.0;;149.6323227517129;;;;
2022-08-13 11:00:00;0.0;50.0;;156.9162767047705;;;;
2022-08-13 12:00:00;0.0;50.0;;161.8336350001074;;;;
2022-08-13 13:00:00;0.0;50.0;;164.0696078157989;;;;
2022-08-13 14:00:00;0.0;50.0;;163.488064702824;;;;
2022-08-13 15:00:00;0.0;50.0;;160.1341525246166;;;;
2022-08-13 16:00:00;0.0;50.0;;154.2389392132501;;;;
2022-08-13 17:00:00;0.0;50.0;;146.221498508886;;;;
2022-08-13 18:00:00;0.0;50.0;;136.6459536960236;;;;
2022-08-13 19:00:00;0.0;50.0;;126.1986353686573;;;;
2022-08-13 20:00:00;0.0;50.0;;115.6304590749091;;;;
2022-08-13 21:00:00;0.0;50.0;;105.709987226479;;;;
2022-08-13 22:00:00;0.0;50.0;;97.17412602554438;;;;
2022-08-13 23:00:00;0.0;50.0;;90.19539107927433;;;;
2022-08-14 00:00:00;0.0;50.0;;85.78555060279308;;;;
2022-08-14 01:00:00;0.0;50.0;;84.27782859317446;;;;
2022-08-14 02:00:00;0.0;50.0;;86.28444466053644;;;;
2022-08-14 03:00:00;0.0;50.0;;91.24862171087153;;;;
2022-08-14 04:00:00;0.0;50.0;;98.90995982541345;;;;
2022-08-14 05:00:00;0.0;50.0;;108.8088154941586;;;;
2022-08-14 06:00:00;0.0;50.0;;120.3236673327542;;;;
2022-08-14 07:00:00;0.0;50.0;;132.7094463833832;;;;
2022-08-14 08:00:00;0.0;50.0;;145.1518503231893;;;;
2022-08-14 09:00:00;0.0;50.0;;156.8282860213306;;;;
2022-08-14 10:00:00;0.0;50.0;;166.955092057342;;;;
2022-08-14 11:00:00;0.0;50.0;;174.8525236986222;;;;
2022-08-14 12:00:00;0.0;50.0;;179.9793899671884;;;;
2022-08-14 13:00:00;0.0;50.0;;181.9848391023302;;;;
2022-08-14 14:00:00;0.0;50.0;;180.7341177183107;;;;
2022-08-14 15:00:00;0.0;50.0;;176.320050855421;;;;
2022-08-14 16:00:00;0.0;50.0;;169.0580991691211;;;;
2022-08-14 17:00:00;0.0;50.0;;159.4462610753575;;;;
2022-08-14 18:00:00;0.0;50.0;;148.1573342852439;;;;
2022-08-14 19:00:00;0.0;50.0;;135.9768807022;;;;
2022-08-14 20:00:00;0.0;50.0;;123.7558828740884;;;;
2022-08-14 21:00:00;0.0;50.0;;112.3329689931175;;;;
2022-08-14 22:00:00;0.0;50.0;;102.4851368557971;;;;
2022-08-14 23:00:00;0.0;50.0;;93.66029806822158;;;;
2022-08-15 00:00:00;0.0;50.0;;87.60056101360942;;;;
2022-08-15 01:00:00;0.0;50.0;;84.5647078412708;;;;
2022-08-15 02:00:00;0.0;50.0;;85.81350362209679;;;;
2022-08-15 03:00:00;0.0;50.0;;89.92834247859858;;;;
2022-08-15 04:00:00;0.0;50.0;;96.57729120259205;;;;
2022-08-15 05:00:00;0.0;50.0;;105.2543931942604;;;;
2022-08-15 06:00:00;0.0;50.0;;115.313346488189;;;;
2022-08-15 07:00:00;0.0;50.0;;126.0154197549045;;;;
2022-08-15 08:00:00;0.0;50.0;;136.5793323371097;;;;
2022-08-15 09:00:00;0.0;50.0;;146.2457946973348;;;;
2022-08-15 10:00:00;0.0;50.0;;154.3167701876032;;;;
2022-08-15 11:00:00;0.0;50.0;;160.2170420071638;;;;
2022-08-15 12:00:00;0.0;50.0;;163.5256101315755;;;;
2022-08-15 13:00:00;0.0;50.0;;164.0073196564272;;;;
2022-08-15 14:00:00;0.0;50.0;;161.6064816318279;;;;
2022-08-15 15:00:00;0.0;50.0;;156.484782127524;;;;
2022-08-15 16:00:00;0.0;50.0;;148.9741915117796;;;;
2022-08-15 17:00:00;0.0;50.0;;139.5783619954405;;;;
2022-08-15 18:00:00;0.0;50.0;;128.898597753087;;;;
2022-08-15 19:00:00;0.0;50.0;;117.6353518800101;;;;
2022-08-15 20:00:00;0.0;50.0;;106.5146615186893;;;;
2022-08-15 21:00:00;0.0;50.0;;96.23850342910703;;;;
2022-08-15 22:00:00;0.0;50.0;;87.44677130812833;;;;
2022-08-15 23:00:00;0.0;50.0;;79.81700315733532;;;;
2022-08-16 00:00:00;0.0;50.0;;74.62305327428305;;;;
2022-08-16 01:00:00;0.0;50.0;;72.06243072619144;;;;
2022-08-16 02:00:00;0.0;50.0;;73.01548061782756;;;;
2022-08-16 03:00:00;0.0;50.0;;76.45979871525081;;;;
2022-08-16 04:00:00;0.0;50.0;;82.11385183514847;;;;
2022-08-16 05:00:00;0.0;50.0;;89.5544709086096;;;;
2022-08-16 06:00:00;0.0;50.0;;98.24285712665525;;;;
2022-08-16 07:00:00;0.0;50.0;;107.5723475930587;;;;
2022-08-16 08:00:00;0.0;50.0;;116.8894034080243;;;;
2022-08-16 09:00:00;0.0;50.0;;125.55535604494;;;;
2022-08-16 10:00:00;0.0;50.0;;132.9698504936453;;;;
2022-08-16 11:00:00;0.0;50.0;;138.6334398933132;;;;
2022-08-16 12:00:00;0.0;50.0;;142.1592604595911;;;;
2022-08-16 13:00:00;0.0;50.0;;143.3092752167836;;;;
2022-08-16 14:00:00;0.0;50.0;;142.0077144089643;;;;
2022-08-16 15:00:00;0.0;50.0;;138.3333840732768;;;;
2022-08-16 16:00:00;0.0;50.0;;132.5298302975085;;;;
2022-08-16 17:00:00;0.0;50.0;;124.9791931934425;;;;
2022-08-16 18:00:00;0.0;50.0;;116.1977513422046;;;;
2022-08-16 19:00:00;0.0;50.0;;106.7834864316269;;;;
2022-08-16 20:00:00;0.0;50.0;;97.37009486676453;;;;
2022-08-16 21:00:00;0.0;50.0;;88.60138775904325;;;;
2022-08-16 22:00:00;0.0;50.0;;81.07565375978396;;;;
2022-08-16 23:00:00;0.0;50.0;;75.37602465534067;;;;
2022-08-17 00:00:00;0.0;50.0;;71.85206938695296;;;;
2022-08-17 01:00:00;0.0;50.0;;70.767956701689;;;;
2022-08-17 02:00:00;0.0;50.0;;72.16891900043072;;;;
2022-08-17 03:00:00;0.0;50.0;;76.0322948355833;;;;
2022-08-17 04:00:00;0.0;50.0;;82.11545670914747;;;;
2022-08-17 05:00:00;0.0;50.0;;90.02004584407857;;;;
2022-08-17 06:00:00;0.0;50.0;;99.22155352323287;;;;
2022-08-17 07:00:00;0.0;50.0;;109.1015723576212;;;;
2022-08-17 08:00:00;0.0;50.0;;118.9885353216178;;;;
2022-08-17 09:00:00;0.0;50.0;;128.2137724526857;;;;
2022-08-17 10:00:00;0.0;50.0;;136.1393040921048;;;;
2022-08-17 11:00:00;0.0;50.0;;142.2294253351257;;;;
2022-08-17 12:00:00;0.0;50.0;;146.0662261508679;;;;
2022-08-17 13:00:00;0.0;50.0;;147.392129707305;;;;
2022-08-17 14:00:00;0.0;50.0;;146.1063354198315;;;;
2022-08-17 15:00:00;0.0;50.0;;142.2857788050207;;;;
2022-08-17 16:00:00;0.0;50.0;;136.1952132841026;;;;
2022-08-17 17:00:00;0.0;50.0;;128.2521162818969;;;;
2022-08-17 18:00:00;0.0;50.0;;119.0089144482269;;;;
2022-08-17 19:00:00;0.0;50.0;;109.090056115554;;;;
2022-08-17 20:00:00;0.0;50.0;;99.17655042031444;;;;
2022-08-17 21:00:00;0.0;50.0;;89.93239844978699;;;;
2022-08-17 22:00:00;0.0;50.0;;81.97963970255407;;;;
2022-08-17 23:00:00;0.0;50.0;;76.7837268809754;;;;
2022-08-18 00:00:00;0.0;50.0;;73.77683079358637;;;;
2022-08-18 01:00:00;0.0;50.0;;73.22487206956869;;;;
2022-08-18 02:00:00;0.0;50.0;;74.28524604344744;;;;
2022-08-18 03:00:00;0.0;50.0;;77.84562382514294;;;;
2022-08-18 04:00:00;0.0;50.0;;83.61898949408324;;;;
2022-08-18 05:00:00;0.0;50.0;;91.17345821243177;;;;
2022-08-18 06:00:00;0.0;50.0;;99.94929011663982;;;;
2022-08-18 07:00:00;0.0;50.0;;109.3139899311092;;;;
2022-08-18 08:00:00;0.0;50.0;;118.5987773963093;;;;
2022-08-18 09:00:00;0.0;50.0;;127.1385265691695;;;;
2022-08-18 10:00:00;0.0;50.0;;134.3370281358915;;;;
2022-08-18 11:00:00;0.0;50.0;;139.6853374605654;;;;
2022-08-18 12:00:00;0.0;50.0;;142.823234297633;;;;
2022-08-18 13:00:00;0.0;50.0;;143.5288511860732;;;;
2022-08-18 14:00:00;0.0;50.0;;141.7485696658245;;;;
2022-08-18 15:00:00;0.0;50.0;;137.5951962181237;;;;
2022-08-18 16:00:00;0.0;50.0;;131.3450963139306;;;;
2022-08-18 17:00:00;0.0;50.0;;123.4105985960185;;;;
2022-08-18 18:00:00;0.0;50.0;;114.3182565401928;;;;
2022-08-18 19:00:00;0.0;50.0;;104.6737751952798;;;;
2022-08-18 20:00:00;0.0;50.0;;95.11396585113475;;;;
2022-08-18 21:00:00;0.0;50.0;;86.26484233700859;;;;
2022-08-18 22:00:00;0.0;50.0;;78.7015119103618;;;;
2022-08-18 23:00:00;0.0;50.0;;74.00471895551699;;;;
2022-08-19 00:00:00;0.0;50.0;;71.44715083008138;;;;
2022-08-19 01:00:00;0.0;50.0;;71.30577009866923;;;;
2022-08-19 02:00:00;0.0;50.0;;72.61099816188948;;;;
2022-08-19 03:00:00;0.0;50.0;;76.4296534446293;;;;
2022-08-19 04:00:00;0.0;50.0;;82.5161013123712;;;;
2022-08-19 05:00:00;0.0;50.0;;90.48417934393794;;;;
2022-08-19 06:00:00;0.0;50.0;;99.81951836894586;;;;
2022-08-19 07:00:00;0.0;50.0;;109.927476618311;;;;
2022-08-19 08:00:00;0.0;50.0;;120.1529917100858;;;;
2022-08-19 09:00:00;0.0;50.0;;129.8275707008328;;;;
2022-08-19 10:00:00;0.0;50.0;;138.3229680918374;;;;
2022-08-19 11:00:00;0.0;50.0;;145.0902398229095;;;;
2022-08-19 12:00:00;0.0;50.0;;149.6921013854689;;;;
2022-08-19 13:00:00;0.0;50.0;;151.8309246820559;;;;
2022-08-19 14:00:00;0.0;50.0;;151.3728990263626;;;;
2022-08-19 15:00:00;0.0;50.0;;148.3628466906572;;;;
2022-08-19 16:00:00;0.0;50.0;;143.0096039520781;;;;
2022-08-19 17:00:00;0.0;50.0;;135.6852820639538;;;;
2022-08-19 18:00:00;0.0;50.0;;126.9142980317446;;;;
2022-08-19 19:00:00;0.0;50.0;;117.3276825225747;;;;
2022-08-19 20:00:00;0.0;50.0;;107.6248024404407;;;;
2022-08-19 21:00:00;0.0;50.0;;98.51286990185243;;;;
2022-08-19 22:00:00;0.0;50.0;;90.67959307841087;;;;
2022-08-19 23:00:00;0.0;50.0;;85.31582135659134;;;;
2022-08-20 00:00:00;0.0;50.0;;82.33376731670927;;;;
2022-08-20 01:00:00;0.0;50.0;;82.09208701367979;;;;
2022-08-20 02:00:00;0.0;50.0;;84.18749286761226;;;;
2022-08-20 03:00:00;0.0;50.0;;89.18404490110687;;;;
2022-08-20 04:00:00;0.0;50.0;;96.83337464847862;;;;
2022-08-20 05:00:00;0.0;50.0;;106.7031301595182;;;;
2022-08-20 06:00:00;0.0;50.0;;118.1982003159994;;;;
2022-08-20 07:00:00;0.0;50.0;;130.5920106629544;;;;
2022-08-20 08:00:00;0.0;50.0;;143.0986224223614;;;;
2022-08-20 09:00:00;0.0;50.0;;154.8990122423464;;;;
2022-08-20 10:00:00;0.0;50.0;;165.2176817275618;;;;
2022-08-20 11:00:00;0.0;50.0;;173.3672535266915;;;;
2022-08-20 12:00:00;0.0;50.0;;178.7985300447184;;;;
2022-08-20 13:00:00;0.0;50.0;;181.1473819132409;;;;
2022-08-20 14:00:00;0.0;50.0;;180.2554450403103;;;;
2022-08-20 15:00:00;0.0;50.0;;176.2048227360673;;;;
2022-08-20 16:00:00;0.0;50.0;;169.3013971611131;;;;
2022-08-20 17:00:00;0.0;50.0;;160.0231909871784;;;;
2022-08-20 18:00:00;0.0;50.0;;149.020253824112;;;;
2022-08-20 19:00:00;0.0;50.0;;137.0666893586442;;;;
2022-08-20 20:00:00;0.0;50.0;;125.0164851823717;;;;
2022-08-20 21:00:00;0.0;50.0;;113.7189017554806;;;;
2022-08-20 22:00:00;0.0;50.0;;103.9721878084512;;;;
2022-08-20 23:00:00;0.0;50.0;;95.9725765037681;;;;
2022-08-21 00:00:00;0.0;50.0;;90.74514513777632;;;;
2022-08-21 01:00:00;0.0;50.0;;88.59886137401307;;;;
2022-08-21 02:00:00;0.0;50.0;;90.11414774260078;;;;
2022-08-21 03:00:00;0.0;50.0;;94.65939136522208;;;;
2022-08-21 04:00:00;0.0;50.0;;101.9057752671427;;;;
2022-08-21 05:00:00;0.0;50.0;;111.3270768061827;;;;
2022-08-21 06:00:00;0.0;50.0;;122.2582632230083;;;;
2022-08-21 07:00:00;0.0;50.0;;133.9169861850842;;;;
2022-08-21 08:00:00;0.0;50.0;;145.4898953723098;;;;
2022-08-21 09:00:00;0.0;50.0;;156.158080184801;;;;
2022-08-21 10:00:00;0.0;50.0;;165.1820206501479;;;;
2022-08-21 11:00:00;0.0;50.0;;171.9216141781333;;;;
2022-08-21 12:00:00;0.0;50.0;;175.8994908411526;;;;
2022-08-21 13:00:00;0.0;50.0;;176.8370251087791;;;;
2022-08-21 14:00:00;0.0;50.0;;174.6722264590777;;;;
2022-08-21 15:00:00;0.0;50.0;;169.5537608844963;;;;
2022-08-21 16:00:00;0.0;50.0;;161.8191252064642;;;;
2022-08-21 17:00:00;0.0;50.0;;151.9831286628915;;;;
2022-08-21 18:00:00;0.0;50.0;;140.7001638274311;;;;
2022-08-21 19:00:00;0.0;50.0;;128.7161994064165;;;;
2022-08-21 20:00:00;0.0;50.0;;116.8246048130802;;;;
2022-08-21 21:00:00;0.0;50.0;;105.7992939360826;;;;
2022-08-21 22:00:00;0.0;50.0;;96.35725781170004;;;;
2022-08-21 23:00:00;0.0;50.0;;87.96769972614328;;;;
2022-08-22 00:00:00;0.0;50.0;;82.23889801380092;;;;
2022-08-22 01:00:00;0.0;50.0;;79.40293975685685;;;;
2022-08-22 02:00:00;0.0;50.0;;80.62681247859949;;;;
2022-08-22 03:00:00;0.0;50.0;;84.60533464416002;;;;
2022-08-22 04:00:00;0.0;50.0;;91.0408708860337;;;;
2022-08-22 05:00:00;0.0;50.0;;99.47971107778204;;;;
2022-08-22 06:00:00;0.0;50.0;;109.3307470596619;;;;
2022-08-22 07:00:00;0.0;50.0;;119.9179495715624;;;;
2022-08-22 08:00:00;0.0;50.0;;130.5166991371387;;;;
2022-08-22 09:00:00;0.0;50.0;;140.4069436860321;;;;
2022-08-22 10:00:00;0.0;50.0;;148.9166410948798;;;;
2022-08-22 11:00:00;0.0;50.0;;155.4686468538941;;;;
2022-08-22 12:00:00;0.0;50.0;;159.6223197766689;;;;
2022-08-22 13:00:00;0.0;50.0;;161.0930968263653;;;;
2022-08-22 14:00:00;0.0;50.0;;159.7850719813862;;;;
2022-08-22 15:00:00;0.0;50.0;;155.7898980232528;;;;
2022-08-22 16:00:00;0.0;50.0;;149.3796841174259;;;;
2022-08-22 17:00:00;0.0;50.0;;140.9835114089906;;;;
2022-08-22 18:00:00;0.0;50.0;;131.1613999318025;;;;
2022-08-22 19:00:00;0.0;50.0;;120.5873928940412;;;;
2022-08-22 20:00:00;0.0;50.0;;109.9883527120421;;;;
2022-08-22 21:00:00;0.0;50.0;;100.1000040541393;;;;
2022-08-22 22:00:00;0.0;50.0;;91.60816377233022;;;;
2022-08-22 23:00:00;0.0;50.0;;84.21384989901415;;;;
2022-08-23 00:00:00;0.0;50.0;;79.28530394156545;;;;
2022-08-23 01:00:00;0.0;50.0;;77.08565508017881;;;;
2022-08-23 02:00:00;0.0;50.0;;78.58904157339728;;;;
2022-08-23 03:00:00;0.0;50.0;;82.77185507611433;;;;
2022-08-23 04:00:00;0.0;50.0;;89.36144645540477;;;;
2022-08-23 05:00:00;0.0;50.0;;97.91247438385224;;;;
2022-08-23 06:00:00;0.0;50.0;;107.8539353872616;;;;
2022-08-23 07:00:00;0.0;50.0;;118.5107407980831;;;;
2022-08-23 08:00:00;0.0;50.0;;129.1567303637951;;;;
2022-08-23 09:00:00;0.0;50.0;;139.0533664609011;;;;
2022-08-23 10:00:00;0.0;50.0;;147.5162482436287;;;;
2022-08-23 11:00:00;0.0;50.0;;153.9677033156961;;;;
2022-08-23 12:00:00;0.0;50.0;;157.9568418830004;;;;
2022-08-23 13:00:00;0.0;50.0;;159.2039812233715;;;;
2022-08-23 14:00:00;0.0;50.0;;157.611664686915;;;;
2022-08-23 15:00:00;0.0;50.0;;153.2924743354405;;;;
2022-08-23 16:00:00;0.0;50.0;;146.5372447950971;;;;
2022-08-23 17:00:00;0.0;50.0;;137.8098425438502;;;;
2022-08-23 18:00:00;0.0;50.0;;127.6960661725974;;;;
2022-08-23 19:00:00;0.0;50.0;;116.8844997045947;;;;
2022-08-23 20:00:00;0.0;50.0;;106.0963528627861;;;;
2022-08-23 21:00:00;0.0;50.0;;96.05201834387731;;;;
2022-08-23 22:00:00;0.0;50.0;;87.40857366042414;;;;
2022-08-23 23:00:00;0.0;50.0;;80.78865388595416;;;;
2022-08-24 00:00:00;0.0;50.0;;76.5309440004127;;;;
2022-08-24 01:00:00;0.0;50.0;;74.87540044188755;;;;
2022-08-24 02:00:00;0.0;50.0;;75.81379993172916;;;;
2022-08-24 03:00:00;0.0;50.0;;79.28672650147996;;;;
2022-08-24 04:00:00;0.0;50.0;;84.99328771133796;;;;
2022-08-24 05:00:00;0.0;50.0;;92.46869163251866;;;;
2022-08-24 06:00:00;0.0;50.0;;101.1432623234415;;;;
2022-08-24 07:00:00;0.0;50.0;;110.3614843181303;;;;
2022-08-24 08:00:00;0.0;50.0;;119.4481407722909;;;;
2022-08-24 09:00:00;0.0;50.0;;127.7398450922882;;;;
2022-08-24 10:00:00;0.0;50.0;;134.6424581659503;;;;
2022-08-24 11:00:00;0.0;50.0;;139.6550197125394;;;;
2022-08-24 12:00:00;0.0;50.0;;142.4211357504087;;;;
2022-08-24 13:00:00;0.0;50.0;;142.7408590668143;;;;
2022-08-24 14:00:00;0.0;50.0;;140.5871588182779;;;;
2022-08-24 15:00:00;0.0;50.0;;136.0899442990272;;;;
2022-08-24 16:00:00;0.0;50.0;;129.5439757897568;;;;
2022-08-24 17:00:00;0.0;50.0;;121.3777361262599;;;;
2022-08-24 18:00:00;0.0;50.0;;112.1222057539139;;;;
2022-08-24 19:00:00;0.0;50.0;;102.3722705093469;;;;
2022-08-24 20:00:00;0.0;50.0;;92.75094018627605;;;;
2022-08-24 21:00:00;0.0;50.0;;83.87692538220672;;;;
2022-08-24 22:00:00;0.0;50.0;;76.29944183686194;;;;
2022-08-24 23:00:00;0.0;50.0;;71.37781555024246;;;;
2022-08-25 00:00:00;0.0;50.0;;68.54751017713477;;;;
2022-08-25 01:00:00;0.0;50.0;;68.05598629309002;;;;
2022-08-25 02:00:00;0.0;50.0;;69.10376316075184;;;;
2022-08-25 03:00:00;0.0;50.0;;72.53178628433957;;;;
2022-08-25 04:00:00;0.0;50.0;;78.09160166618159;;;;
2022-08-25 05:00:00;0.0;50.0;;85.39542917322159;;;;
2022-08-25 06:00:00;0.0;50.0;;93.9551841947293;;;;
2022-08-25 07:00:00;0.0;50.0;;103.1927092835014;;;;
2022-08-25 08:00:00;0.0;50.0;;112.5025613893998;;;;
2022-08-25 09:00:00;0.0;50.0;;121.2568495557874;;;;
2022-08-25 10:00:00;0.0;50.0;;128.8841725002598;;;;
2022-08-25 11:00:00;0.0;50.0;;134.8852256211266;;;;
2022-08-25 12:00:00;0.0;50.0;;138.8698887657464;;;;
2022-08-25 13:00:00;0.0;50.0;;140.5777326055809;;;;
2022-08-25 14:00:00;0.0;50.0;;139.8915338445864;;;;
2022-08-25 15:00:00;0.0;50.0;;136.8626771014659;;;;
2022-08-25 16:00:00;0.0;50.0;;131.7012594725797;;;;
2022-08-25 17:00:00;0.0;50.0;;124.7640272224142;;;;
2022-08-25 18:00:00;0.0;50.0;;116.5379651423938;;;;
2022-08-25 19:00:00;0.0;50.0;;107.5979064745793;;;;
2022-08-25 20:00:00;0.0;50.0;;98.57981554974599;;;;
2022-08-25 21:00:00;0.0;50.0;;90.13022570303121;;;;
2022-08-25 22:00:00;0.0;50.0;;82.87481013927045;;;;
2022-08-25 23:00:00;0.0;50.0;;78.54085312153468;;;;
2022-08-26 00:00:00;0.0;50.0;;76.39120313858207;;;;
2022-08-26 01:00:00;0.0;50.0;;76.77056889181564;;;;
2022-08-26 02:00:00;0.0;50.0;;78.68347273739195;;;;
2022-08-26 03:00:00;0.0;50.0;;83.31149904557589;;;;
2022-08-26 04:00:00;0.0;50.0;;90.42270585470533;;;;
2022-08-26 05:00:00;0.0;50.0;;99.61234760602177;;;;
2022-08-26 06:00:00;0.0;50.0;;110.3178861267555;;;;
2022-08-26 07:00:00;0.0;50.0;;121.8704869972285;;;;
2022-08-26 08:00:00;0.0;50.0;;133.5299870852028;;;;
2022-08-26 09:00:00;0.0;50.0;;144.5423874102851;;;;
2022-08-26 10:00:00;0.0;50.0;;154.1775244275427;;;;
2022-08-26 11:00:00;0.0;50.0;;161.8010684373887;;;;
2022-08-26 12:00:00;0.0;50.0;;166.9017973405872;;;;
2022-08-26 13:00:00;0.0;50.0;;169.1467705470855;;;;
2022-08-26 14:00:00;0.0;50.0;;168.3822735990232;;;;
2022-08-26 15:00:00;0.0;50.0;;164.6808332331376;;;;
2022-08-26 16:00:00;0.0;50.0;;158.2989809060262;;;;
2022-08-26 17:00:00;0.0;50.0;;149.7041910080703;;;;
2022-08-26 18:00:00;0.0;50.0;;139.4948005695438;;;;
2022-08-26 19:00:00;0.0;50.0;;128.4068007302364;;;;
2022-08-26 20:00:00;0.0;50.0;;117.2138984111993;;;;
2022-08-26 21:00:00;0.0;50.0;;106.7154572254796;;;;
2022-08-26 22:00:00;0.0;50.0;;97.65827310496259;;;;
2022-08-26 23:00:00;0.0;50.0;;91.32433501539865;;;;
2022-08-27 00:00:00;0.0;50.0;;87.57341738637274;;;;
2022-08-27 01:00:00;0.0;50.0;;86.74186196435484;;;;
2022-08-27 02:00:00;0.0;50.0;;88.32993839243639;;;;
2022-08-27 03:00:00;0.0;50.0;;92.8988493564026;;;;
2022-08-27 04:00:00;0.0;50.0;;100.1350436280063;;;;
2022-08-27 05:00:00;0.0;50.0;;109.5410963998121;;;;
2022-08-27 06:00:00;0.0;50.0;;120.4657989105574;;;;
2022-08-27 07:00:00;0.0;50.0;;132.1527813229898;;;;
2022-08-27 08:00:00;0.0;50.0;;143.7874544487746;;;;
2022-08-27 09:00:00;0.0;50.0;;154.5663961261501;;;;
2022-08-27 10:00:00;0.0;50.0;;163.7494399895798;;;;
2022-08-27 11:00:00;0.0;50.0;;170.7042425938454;;;;
2022-08-27 12:00:00;0.0;50.0;;174.9571970571417;;;;
2022-08-27 13:00:00;0.0;50.0;;176.2116863864468;;;;
2022-08-27 14:00:00;0.0;50.0;;174.3864115962265;;;;
2022-08-27 15:00:00;0.0;50.0;;169.6046349605626;;;;
2022-08-27 16:00:00;0.0;50.0;;162.1939322016685;;;;
2022-08-27 17:00:00;0.0;50.0;;152.6529840576452;;;;
2022-08-27 18:00:00;0.0;50.0;;141.6213794091953;;;;
2022-08-27 19:00:00;0.0;50.0;;129.8423733232229;;;;
2022-08-27 20:00:00;0.0;50.0;;118.1065918234899;;;;
2022-08-27 21:00:00;0.0;50.0;;107.201804113316;;;;
2022-08-27 22:00:00;0.0;50.0;;97.85590808863691;;;;
2022-08-27 23:00:00;0.0;50.0;;90.24454403832635;;;;
2022-08-28 00:00:00;0.0;50.0;;85.30357399519953;;;;
2022-08-28 01:00:00;0.0;50.0;;83.3145849298048;;;;
2022-08-28 02:00:00;0.0;50.0;;84.81550952276766;;;;
2022-08-28 03:00:00;0.0;50.0;;89.228010326071;;;;
2022-08-28 04:00:00;0.0;50.0;;96.26028997570481;;;;
2022-08-28 05:00:00;0.0;50.0;;105.4449012808077;;;;
2022-08-28 06:00:00;0.0;50.0;;116.178119534202;;;;
2022-08-28 07:00:00;0.0;50.0;;127.7498912015069;;;;
2022-08-28 08:00:00;0.0;50.0;;139.3876522787971;;;;
2022-08-28 09:00:00;0.0;50.0;;150.3167082759212;;;;
2022-08-28 10:00:00;0.0;50.0;;159.8135794848288;;;;
2022-08-28 11:00:00;0.0;50.0;;167.2527873101946;;;;
2022-08-28 12:00:00;0.0;50.0;;172.1346382948342;;;;
2022-08-28 13:00:00;0.0;50.0;;174.1356077019122;;;;
2022-08-28 14:00:00;0.0;50.0;;173.1324709980305;;;;
2022-08-28 15:00:00;0.0;50.0;;169.1938078534022;;;;
2022-08-28 16:00:00;0.0;50.0;;162.5876899751267;;;;
2022-08-28 17:00:00;0.0;50.0;;153.7653168556634;;;;
2022-08-28 18:00:00;0.0;50.0;;143.348807778005;;;;
2022-08-28 19:00:00;0.0;50.0;;132.0697369214427;;;;
2022-08-28 20:00:00;0.0;50.0;;120.7158136854875;;;;
2022-08-28 21:00:00;0.0;50.0;;110.0932848818;;;;
2022-08-28 22:00:00;0.0;50.0;;100.9552091339908;;;;
2022-08-28 23:00:00;0.0;50.0;;92.78818664652415;;;;
2022-08-29 00:00:00;0.0;50.0;;87.3167065913433;;;;
2022-08-29 01:00:00;0.0;50.0;;84.84731912970818;;;;
2022-08-29 02:00:00;0.0;50.0;;86.65323633120067;;;;
2022-08-29 03:00:00;0.0;50.0;;91.41281255506398;;;;
2022-08-29 04:00:00;0.0;50.0;;98.84218688449866;;;;
2022-08-29 05:00:00;0.0;50.0;;108.4690835179484;;;;
2022-08-29 06:00:00;0.0;50.0;;119.6602396616518;;;;
2022-08-29 07:00:00;0.0;50.0;;131.6670800914074;;;;
2022-08-29 08:00:00;0.0;50.0;;143.6801574013149;;;;
2022-08-29 09:00:00;0.0;50.0;;154.8797445703078;;;;
2022-08-29 10:00:00;0.0;50.0;;164.501023334541;;;;
2022-08-29 11:00:00;0.0;50.0;;171.8897346407852;;;;
2022-08-29 12:00:00;0.0;50.0;;176.5306851837121;;;;
2022-08-29 13:00:00;0.0;50.0;;178.1056286302757;;;;
2022-08-29 14:00:00;0.0;50.0;;176.4977166063153;;;;
2022-08-29 15:00:00;0.0;50.0;;171.8242762413214;;;;
2022-08-29 16:00:00;0.0;50.0;;164.3951566579933;;;;
2022-08-29 17:00:00;0.0;50.0;;154.7257608335277;;;;
2022-08-29 18:00:00;0.0;50.0;;143.472718377997;;;;
2022-08-29 19:00:00;0.0;50.0;;131.4089276055119;;;;
2022-08-29 20:00:00;0.0;50.0;;119.3514708349175;;;;
2022-08-29 21:00:00;0.0;50.0;;108.1104609964832;;;;
2022-08-29 22:00:00;0.0;50.0;;98.43009312651328;;;;
2022-08-29 23:00:00;0.0;50.0;;89.99163328909593;;;;
2022-08-30 00:00:00;0.0;50.0;;84.22818777137269;;;;
2022-08-30 01:00:00;0.0;50.0;;81.37640963513576;;;;
2022-08-30 02:00:00;0.0;50.0;;82.4109249351933;;;;
2022-08-30 03:00:00;0.0;50.0;;86.19750590014056;;;;
2022-08-30 04:00:00;0.0;50.0;;92.40245301668978;;;;
2022-08-30 05:00:00;0.0;50.0;;100.5256693411265;;;;
2022-08-30 06:00:00;0.0;50.0;;109.9409097623361;;;;
2022-08-30 07:00:00;0.0;50.0;;119.9371776612022;;;;
2022-08-30 08:00:00;0.0;50.0;;129.7749317439603;;;;
2022-08-30 09:00:00;0.0;50.0;;138.7246734684506;;;;
2022-08-30 10:00:00;0.0;50.0;;146.1404024389266;;;;
2022-08-30 11:00:00;0.0;50.0;;151.486304703238;;;;
2022-08-30 12:00:00;0.0;50.0;;154.3818333672702;;;;
2022-08-30 13:00:00;0.0;50.0;;154.615628122818;;;;
2022-08-30 14:00:00;0.0;50.0;;152.1512999320914;;;;
2022-08-30 15:00:00;0.0;50.0;;147.148371781561;;;;
2022-08-30 16:00:00;0.0;50.0;;139.9227803760614;;;;
2022-08-30 17:00:00;0.0;50.0;;130.9492611362339;;;;
2022-08-30 18:00:00;0.0;50.0;;120.8034061919292;;;;
2022-08-30 19:00:00;0.0;50.0;;110.1418705189556;;;;
2022-08-30 20:00:00;0.0;50.0;;99.6414601208758;;;;
2022-08-30 21:00:00;0.0;50.0;;89.96092576210481;;;;
2022-08-30 22:00:00;0.0;50.0;;81.6894156639785;;;;
2022-08-30 23:00:00;0.0;50.0;;75.39790415937219;;;;
2022-08-31 00:00:00;0.0;50.0;;71.37008303249158;;;;
2022-08-31 01:00:00;0.0;50.0;;69.8259088390832;;;;
2022-08-31 02:00:00;0.0;50.0;;70.74044848428012;;;;
2022-08-31 03:00:00;0.0;50.0;;74.07845677570178;;;;
2022-08-31 04:00:00;0.0;50.0;;79.56769068431652;;;;
2022-08-31 05:00:00;0.0;50.0;;86.79862835752857;;;;
2022-08-31 06:00:00;0.0;50.0;;95.25722020472858;;;;
2022-08-31 07:00:00;0.0;50.0;;104.3528536101659;;;;
2022-08-31 08:00:00;0.0;50.0;;113.4635254022671;;;;
2022-08-31 09:00:00;0.0;50.0;;121.9665922772178;;;;
2022-08-31 10:00:00;0.0;50.0;;129.2886808432708;;;;
2022-08-31 11:00:00;0.0;50.0;;134.9384711405601;;;;
2022-08-31 12:00:00;0.0;50.0;;138.5357018449925;;;;
2022-08-31 13:00:00;0.0;50.0;;139.8409805370609;;;;
2022-08-31 14:00:00;0.0;50.0;;138.7641035570298;;;;
2022-08-31 15:00:00;0.0;50.0;;135.3728380581553;;;;
2022-08-31 16:00:00;0.0;50.0;;129.8953622131518;;;;
2022-08-31 17:00:00;0.0;50.0;;122.7005664624305;;;;
2022-08-31 18:00:00;0.0;50.0;;114.2801586617919;;;;
2022-08-31 19:00:00;0.0;50.0;;105.2089036050014;;;;
2022-08-31 20:00:00;0.0;50.0;;96.11348694137791;;;;
2022-08-31 21:00:00;0.0;50.0;;87.63079789149266;;;;
2022-08-31 22:00:00;0.0;50.0;;80.35887467492168;;;;
2022-08-31 23:00:00;0.0;50.0;;75.78320303655316;;;;
2022-09-01 00:00:00;0.0;50.0;;73.34144573006502;;;;
2022-09-01 01:00:00;0.0;50.0;;73.3413433725182;;;;
2022-09-01 02:00:00;0.0;50.0;;74.97046216977867;;;;
2022-09-01 03:00:00;0.0;50.0;;79.1776869059602;;;;
2022-09-01 04:00:00;0.0;50.0;;85.72605189365146;;;;
2022-09-01 05:00:00;0.0;50.0;;94.21444160483239;;;;
2022-09-01 06:00:00;0.0;50.0;;104.1030717946624;;;;
2022-09-01 07:00:00;0.0;50.0;;114.7531700792613;;;;
2022-09-01 08:00:00;0.0;50.0;;125.4642892738132;;;;
2022-09-01 09:00:00;0.0;50.0;;135.5353550798279;;;;
2022-09-01 10:00:00;0.0;50.0;;144.2922170843273;;;;
2022-09-01 11:00:00;0.0;50.0;;151.146618749415;;;;
2022-09-01 12:00:00;0.0;50.0;;155.6304427435475;;;;
2022-09-01 13:00:00;0.0;50.0;;157.4396420772756;;;;
2022-09-01 14:00:00;0.0;50.0;;156.4621571740394;;;;
2022-09-01 15:00:00;0.0;50.0;;152.7664983270759;;;;
2022-09-01 16:00:00;0.0;50.0;;146.6163097546893;;;;
2022-09-01 17:00:00;0.0;50.0;;138.4380885855494;;;;
2022-09-01 18:00:00;0.0;50.0;;128.802409958625;;;;
2022-09-01 19:00:00;0.0;50.0;;118.3826278116693;;;;
2022-09-01 20:00:00;0.0;50.0;;107.9089902404201;;;;
2022-09-01 21:00:00;0.0;50.0;;98.11340075675267;;;;
2022-09-01 22:00:00;0.0;50.0;;89.67938591265724;;;;
2022-09-01 23:00:00;0.0;50.0;;84.44739701075551;;;;
2022-09-02 00:00:00;0.0;50.0;;81.58587614269746;;;;
2022-09-02 01:00:00;0.0;50.0;;81.41636661316834;;;;
2022-09-02 02:00:00;0.0;50.0;;82.81774771504297;;;;
2022-09-02 03:00:00;0.0;50.0;;87.01524568031007;;;;
2022-09-02 04:00:00;0.0;50.0;;93.71424714758432;;;;
2022-09-02 05:00:00;0.0;50.0;;102.443265083802;;;;
2022-09-02 06:00:00;0.0;50.0;;112.588764711223;;;;
2022-09-02 07:00:00;0.0;50.0;;123.4446941175515;;;;
2022-09-02 08:00:00;0.0;50.0;;134.2539697802836;;;;
2022-09-02 09:00:00;0.0;50.0;;144.2637010050217;;;;
2022-09-02 10:00:00;0.0;50.0;;152.7922907114325;;;;
2022-09-02 11:00:00;0.0;50.0;;159.2457630917075;;;;
2022-09-02 12:00:00;0.0;50.0;;163.189123009388;;;;
2022-09-02 13:00:00;0.0;50.0;;164.343894544627;;;;
2022-09-02 14:00:00;0.0;50.0;;162.6427011563527;;;;
2022-09-02 15:00:00;0.0;50.0;;158.2022592240734;;;;
2022-09-02 16:00:00;0.0;50.0;;151.3172800997609;;;;
2022-09-02 17:00:00;0.0;50.0;;142.4577814487965;;;;
2022-09-02 18:00:00;0.0;50.0;;132.2138989672031;;;;
2022-09-02 19:00:00;0.0;50.0;;121.2827456010437;;;;
2022-09-02 20:00:00;0.0;50.0;;110.3922853875067;;;;
2022-09-02 21:00:00;0.0;50.0;;100.2772260074826;;;;
2022-09-02 22:00:00;0.0;50.0;;91.61991716270347;;;;
2022-09-02 23:00:00;0.0;50.0;;85.60449786865273;;;;
2022-09-03 00:00:00;0.0;50.0;;82.07264755026972;;;;
2022-09-03 01:00:00;0.0;50.0;;81.32769103830194;;;;
2022-09-03 02:00:00;0.0;50.0;;82.9020704360815;;;;
2022-09-03 03:00:00;0.0;50.0;;87.3403646074764;;;;
2022-09-03 04:00:00;0.0;50.0;;94.37207850063015;;;;
2022-09-03 05:00:00;0.0;50.0;;103.549369600264;;;;
2022-09-03 06:00:00;0.0;50.0;;114.2882838257141;;;;
2022-09-03 07:00:00;0.0;50.0;;125.8987576223068;;;;
2022-09-03 08:00:00;0.0;50.0;;137.6260975907998;;;;
2022-09-03 09:00:00;0.0;50.0;;148.709303366258;;;;
2022-09-03 10:00:00;0.0;50.0;;158.4236900247016;;;;
2022-09-03 11:00:00;0.0;50.0;;166.1422376480204;;;;
2022-09-03 12:00:00;0.0;50.0;;171.3549749002917;;;;
2022-09-03 13:00:00;0.0;50.0;;173.724329767724;;;;
2022-09-03 14:00:00;0.0;50.0;;173.1010751609053;;;;
2022-09-03 15:00:00;0.0;50.0;;169.5420688988257;;;;
2022-09-03 16:00:00;0.0;50.0;;163.305720779915;;;;
2022-09-03 17:00:00;0.0;50.0;;154.8205601481096;;;;
2022-09-03 18:00:00;0.0;50.0;;144.6882012175465;;;;
2022-09-03 19:00:00;0.0;50.0;;133.6184892082794;;;;
2022-09-03 20:00:00;0.0;50.0;;122.4162837065656;;;;
2022-09-03 21:00:00;0.0;50.0;;111.900722108767;;;;
2022-09-03 22:00:00;0.0;50.0;;102.8572728766047;;;;
2022-09-03 23:00:00;0.0;50.0;;95.5069518828801;;;;
2022-09-04 00:00:00;0.0;50.0;;90.87322922198705;;;;
2022-09-04 01:00:00;0.0;50.0;;89.31225996450283;;;;
2022-09-04 02:00:00;0.0;50.0;;91.43673109754054;;;;
2022-09-04 03:00:00;0.0;50.0;;96.69532674435379;;;;
2022-09-04 04:00:00;0.0;50.0;;104.8022871740289;;;;
2022-09-04 05:00:00;0.0;50.0;;115.2842637375521;;;;
2022-09-04 06:00:00;0.0;50.0;;127.479309286218;;;;
2022-09-04 07:00:00;0.0;50.0;;140.60311559391;;;;
2022-09-04 08:00:00;0.0;50.0;;153.7889051819963;;;;
2022-09-04 09:00:00;0.0;50.0;;166.1728003024859;;;;
2022-09-04 10:00:00;0.0;50.0;;176.916362824554;;;;
2022-09-04 11:00:00;0.0;50.0;;185.291799203385;;;;
2022-09-04 12:00:00;0.0;50.0;;190.7196380072916;;;;
2022-09-04 13:00:00;0.0;50.0;;192.8425911432131;;;;
2022-09-04 14:00:00;0.0;50.0;;191.5276249404816;;;;
2022-09-04 15:00:00;0.0;50.0;;186.865455709677;;;;
2022-09-04 16:00:00;0.0;50.0;;179.1879767110757;;;;
2022-09-04 17:00:00;0.0;50.0;;169.0119055280089;;;;
2022-09-04 18:00:00;0.0;50.0;;157.0599931596662;;;;
2022-09-04 19:00:00;0.0;50.0;;144.1550844366298;;;;
2022-09-04 20:00:00;0.0;50.0;;131.2037966526863;;;;
2022-09-04 21:00:00;0.0;50.0;;119.0894205764108;;;;
2022-09-04 22:00:00;0.0;50.0;;108.6442935413545;;;;
2022-09-04 23:00:00;0.0;50.0;;99.31978332486591;;;;
2022-09-05 00:00:00;0.0;50.0;;92.92365211895525;;;;
2022-09-05 01:00:00;0.0;50.0;;89.73478887504253;;;;
2022-09-05 02:00:00;0.0;50.0;;91.05416328856734;;;;
2022-09-05 03:00:00;0.0;50.0;;95.42475001658212;;;;
2022-09-05 04:00:00;0.0;50.0;;102.4873585993698;;;;
2022-09-05 05:00:00;0.0;50.0;;111.698382242094;;;;
2022-09-05 06:00:00;0.0;50.0;;122.3675623614343;;;;
2022-09-05 07:00:00;0.0;50.0;;133.7201524882444;;;;
2022-09-05 08:00:00;0.0;50.0;;144.9303121277017;;;;
2022-09-05 09:00:00;0.0;50.0;;155.1925122444126;;;;
2022-09-05 10:00:00;0.0;50.0;;163.7575712184467;;;;
2022-09-05 11:00:00;0.0;50.0;;170.0180015073852;;;;
2022-09-05 12:00:00;0.0;50.0;;173.5228899782414;;;;
2022-09-05 13:00:00;0.0;50.0;;174.0271537559023;;;;
2022-09-05 14:00:00;0.0;50.0;;171.478188703874;;;;
2022-09-05 15:00:00;0.0;50.0;;166.0426557230736;;;;
2022-09-05 16:00:00;0.0;50.0;;158.0779604283904;;;;
2022-09-05 17:00:00;0.0;50.0;;148.1089186792539;;;;
2022-09-05 18:00:00;0.0;50.0;;136.7868995788656;;;;
2022-09-05 19:00:00;0.0;50.0;;124.8464006661075;;;;
2022-09-05 20:00:00;0.0;50.0;;113.0534728261331;;;;
2022-09-05 21:00:00;0.0;50.0;;102.1528369008557;;;;
2022-09-05 22:00:00;0.0;50.0;;92.82236786047159;;;;
2022-09-05 23:00:00;0.0;50.0;;84.75512988200546;;;;
2022-09-06 00:00:00;0.0;50.0;;79.2703897537425;;;;
2022-09-06 01:00:00;0.0;50.0;;76.58282716336583;;;;
2022-09-06 02:00:00;0.0;50.0;;77.60070657643699;;;;
2022-09-06 03:00:00;0.0;50.0;;81.26768007290102;;;;
2022-09-06 04:00:00;0.0;50.0;;87.28277959349107;;;;
2022-09-06 05:00:00;0.0;50.0;;95.19393177292503;;;;
2022-09-06 06:00:00;0.0;50.0;;104.4313222144941;;;;
2022-09-06 07:00:00;0.0;50.0;;114.3422594428946;;;;
2022-09-06 08:00:00;0.0;50.0;;124.2355348890341;;;;
2022-09-06 09:00:00;0.0;50.0;;133.4351537259281;;;;
2022-09-06 10:00:00;0.0;50.0;;141.3173611494098;;;;
2022-09-06 11:00:00;0.0;50.0;;147.3466678599632;;;;
2022-09-06 12:00:00;0.0;50.0;;151.1036456848354;;;;
2022-09-06 13:00:00;0.0;50.0;;152.3288158516903;;;;
2022-09-06 14:00:00;0.0;50.0;;150.9393747916367;;;;
2022-09-06 15:00:00;0.0;50.0;;147.0336029428071;;;;
2022-09-06 16:00:00;0.0;50.0;;140.8694880415115;;;;
2022-09-06 17:00:00;0.0;50.0;;132.8536280542863;;;;
2022-09-06 18:00:00;0.0;50.0;;123.5194482311456;;;;
2022-09-06 19:00:00;0.0;50.0;;113.5017491201031;;;;
2022-09-06 20:00:00;0.0;50.0;;103.4841500463533;;;;
2022-09-06 21:00:00;0.0;50.0;;94.15744791038313;;;;
2022-09-06 22:00:00;0.0;50.0;;86.15905007852308;;;;
2022-09-06 23:00:00;0.0;50.0;;80.12969127274675;;;;
2022-09-07 00:00:00;0.0;50.0;;76.4111814789365;;;;
2022-09-07 01:00:00;0.0;50.0;;75.28457030803213;;;;
2022-09-07 02:00:00;0.0;50.0;;76.77232287527846;;;;
2022-09-07 03:00:00;0.0;50.0;;80.8818322675112;;;;
2022-09-07 04:00:00;0.0;50.0;;87.35279284332205;;;;
2022-09-07 05:00:00;0.0;50.0;;95.7576003345029;;;;
2022-09-07 06:00:00;0.0;50.0;;105.5414352097829;;;;
2022-09-07 07:00:00;0.0;50.0;;116.0459317261397;;;;
2022-09-07 08:00:00;0.0;50.0;;126.5652436076083;;;;
2022-09-07 09:00:00;0.0;50.0;;136.3787551729213;;;;
2022-09-07 10:00:00;0.0;50.0;;144.8266004474388;;;;
2022-09-07 11:00:00;0.0;50.0;;151.3171466194187;;;;
2022-09-07 12:00:00;0.0;50.0;;155.4015463836009;;;;
2022-09-07 13:00:00;0.0;50.0;;156.7916884690061;;;;
2022-09-07 14:00:00;0.0;50.0;;155.4025956285864;;;;
2022-09-07 15:00:00;0.0;50.0;;151.3321049752662;;;;
2022-09-07 16:00:00;0.0;50.0;;144.8546309577249;;;;
2022-09-07 17:00:00;0.0;50.0;;136.4128350834478;;;;
2022-09-07 18:00:00;0.0;50.0;;126.5853644371307;;;;
2022-09-07 19:00:00;0.0;50.0;;116.0418597851723;;;;
2022-09-07 20:00:00;0.0;50.0;;105.4990666803631;;;;
2022-09-07 21:00:00;0.0;50.0;;95.66800635864878;;;;
2022-09-07 22:00:00;0.0;50.0;;87.2075624547653;;;;
2022-09-07 23:00:00;0.0;50.0;;81.71057770990089;;;;
2022-09-08 00:00:00;0.0;50.0;;78.53808478812502;;;;
2022-09-08 01:00:00;0.0;50.0;;77.98414015917113;;;;
2022-09-08 02:00:00;0.0;50.0;;79.11579426561586;;;;
2022-09-08 03:00:00;0.0;50.0;;82.90974881700501;;;;
2022-09-08 04:00:00;0.0;50.0;;89.06024636304156;;;;
2022-09-08 05:00:00;0.0;50.0;;97.1028558946778;;;;
2022-09-08 06:00:00;0.0;50.0;;106.4442077676985;;;;
2022-09-08 07:00:00;0.0;50.0;;116.4072123487279;;;;
2022-09-08 08:00:00;0.0;50.0;;126.2817987082932;;;;
2022-09-08 09:00:00;0.0;50.0;;135.3641855836669;;;;
2022-09-08 10:00:00;0.0;50.0;;143.0232579259958;;;;
2022-09-08 11:00:00;0.0;50.0;;148.7186780623526;;;;
2022-09-08 12:00:00;0.0;50.0;;152.0565483415917;;;;
2022-09-08 13:00:00;0.0;50.0;;152.7917360639145;;;;
2022-09-08 14:00:00;0.0;50.0;;150.8791298390398;;;;
2022-09-08 15:00:00;0.0;50.0;;146.4429624086769;;;;
2022-09-08 16:00:00;0.0;50.0;;139.7865991097295;;;;
2022-09-08 17:00:00;0.0;50.0;;131.3398076259496;;;;
2022-09-08 18:00:00;0.0;50.0;;121.6700304163347;;;;
2022-09-08 19:00:00;0.0;50.0;;111.4081468869293;;;;
2022-09-08 20:00:00;0.0;50.0;;101.2373771483722;;;;
2022-09-08 21:00:00;0.0;50.0;;91.81690977425085;;;;
2022-09-08 22:00:00;0.0;50.0;;83.76591120639284;;;;
2022-09-08 23:00:00;0.0;50.0;;78.79361997039857;;;;
2022-09-09 00:00:00;0.0;50.0;;76.09849273817946;;;;
2022-09-09 01:00:00;0.0;50.0;;75.97574319011598;;;;
2022-09-09 02:00:00;0.0;50.0;;77.36983565479811;;;;
2022-09-09 03:00:00;0.0;50.0;;81.43974440429369;;;;
2022-09-09 04:00:00;0.0;50.0;;87.92728949172967;;;;
2022-09-09 05:00:00;0.0;50.0;;96.4167294762905;;;;
2022-09-09 06:00:00;0.0;50.0;;106.3640368048772;;;;
2022-09-09 07:00:00;0.0;50.0;;117.129541656424;;;;
2022-09-09 08:00:00;0.0;50.0;;128.0130965359621;;;;
2022-09-09 09:00:00;0.0;50.0;;138.3122796843827;;;;
2022-09-09 10:00:00;0.0;50.0;;147.3583563665751;;;;
2022-09-09 11:00:00;0.0;50.0;;154.5621927975641;;;;
2022-09-09 12:00:00;0.0;50.0;;159.4649990510816;;;;
2022-09-09 13:00:00;0.0;50.0;;161.7405092945936;;;;
2022-09-09 14:00:00;0.0;50.0;;161.2573473921179;;;;
2022-09-09 15:00:00;0.0;50.0;;158.0438201443592;;;;
2022-09-09 16:00:00;0.0;50.0;;152.3360099940945;;;;
2022-09-09 17:00:00;0.0;50.0;;144.5300396752687;;;;
2022-09-09 18:00:00;0.0;50.0;;135.1911931431577;;;;
2022-09-09 19:00:00;0.0;50.0;;124.9850726995055;;;;
2022-09-09 20:00:00;0.0;50.0;;114.6499422045174;;;;
2022-09-09 21:00:00;0.0;50.0;;104.9423704642348;;;;
2022-09-09 22:00:00;0.0;50.0;;96.59669320383503;;;;
2022-09-09 23:00:00;0.0;50.0;;90.91583974906887;;;;
2022-09-10 00:00:00;0.0;50.0;;87.76800013643923;;;;
2022-09-10 01:00:00;0.0;50.0;;87.53850761846041;;;;
2022-09-10 02:00:00;0.0;50.0;;89.76947322437394;;;;
2022-09-10 03:00:00;0.0;50.0;;95.09194128674945;;;;
2022-09-10 04:00:00;0.0;50.0;;103.247663218363;;;;
2022-09-10 05:00:00;0.0;50.0;;113.7710280279882;;;;
2022-09-10 06:00:00;0.0;50.0;;126.0256398240386;;;;
2022-09-10 07:00:00;0.0;50.0;;139.2474636155669;;;;
2022-09-10 08:00:00;0.0;50.0;;152.5885772593742;;;;
2022-09-10 09:00:00;0.0;50.0;;165.1835025105071;;;;
2022-09-10 10:00:00;0.0;50.0;;176.1949478562858;;;;
2022-09-10 11:00:00;0.0;50.0;;184.8828868917253;;;;
2022-09-10 12:00:00;0.0;50.0;;190.6736372805705;;;;
2022-09-10 13:00:00;0.0;50.0;;193.1811394603453;;;;
2022-09-10 14:00:00;0.0;50.0;;192.2572068300013;;;;
2022-09-10 15:00:00;0.0;50.0;;187.9578067366766;;;;
2022-09-10 16:00:00;0.0;50.0;;180.5954811805985;;;;
2022-09-10 17:00:00;0.0;50.0;;170.6945025391373;;;;
2022-09-10 18:00:00;0.0;50.0;;158.9616967281199;;;;
2022-09-10 19:00:00;0.0;50.0;;146.2249807899742;;;;
2022-09-10 20:00:00;0.0;50.0;;133.3859654769581;;;;
2022-09-10 21:00:00;0.0;50.0;;121.346065849725;;;;
2022-09-10 22:00:00;0.0;50.0;;110.9585223396892;;;;
2022-09-10 23:00:00;0.0;50.0;;102.4499002556743;;;;
2022-09-11 00:00:00;0.0;50.0;;96.89497235726935;;;;
2022-09-11 01:00:00;0.0;50.0;;94.62634948258047;;;;
2022-09-11 02:00:00;0.0;50.0;;96.24245154224835;;;;
2022-09-11 03:00:00;0.0;50.0;;101.0945664272146;;;;
2022-09-11 04:00:00;0.0;50.0;;108.831701734063;;;;
2022-09-11 05:00:00;0.0;50.0;;118.8920858794402;;;;
2022-09-11 06:00:00;0.0;50.0;;130.5624555694395;;;;
2022-09-11 07:00:00;0.0;50.0;;143.0090047228134;;;;
2022-09-11 08:00:00;0.0;50.0;;155.3553034370243;;;;
2022-09-11 09:00:00;0.0;50.0;;166.735259762335;;;;
2022-09-11 10:00:00;0.0;50.0;;176.3533465091962;;;;
2022-09-11 11:00:00;0.0;50.0;;183.5430653771363;;;;
2022-09-11 12:00:00;0.0;50.0;;187.7897121827372;;;;
2022-09-11 13:00:00;0.0;50.0;;188.8016515326988;;;;
2022-09-11 14:00:00;0.0;50.0;;186.492632382144;;;;
2022-09-11 15:00:00;0.0;50.0;;181.0263055885081;;;;
2022-09-11 16:00:00;0.0;50.0;;172.7580952961111;;;;
2022-09-11 17:00:00;0.0;50.0;;162.2519697810471;;;;
2022-09-11 18:00:00;0.0;50.0;;150.2007507731568;;;;
2022-09-11 19:00:00;0.0;50.0;;137.4032146261245;;;;
2022-09-11 20:00:00;0.0;50.0;;124.7039991953942;;;;
2022-09-11 21:00:00;0.0;50.0;;112.9347032787295;;;;
2022-09-11 22:00:00;0.0;50.0;;102.8573132392906;;;;
2022-09-11 23:00:00;0.0;50.0;;93.93204389684428;;;;
2022-09-12 00:00:00;0.0;50.0;;87.84425526521619;;;;
2022-09-12 01:00:00;0.0;50.0;;84.8462253524272;;;;
2022-09-12 02:00:00;0.0;50.0;;86.15596936689056;;;;
2022-09-12 03:00:00;0.0;50.0;;90.40540263048422;;;;
2022-09-12 04:00:00;0.0;50.0;;97.27729188879488;;;;
2022-09-12 05:00:00;0.0;50.0;;106.2856447816466;;;;
2022-09-12 06:00:00;0.0;50.0;;116.8073858044279;;;;
2022-09-12 07:00:00;0.0;50.0;;128.1129186144693;;;;
2022-09-12 08:00:00;0.0;50.0;;139.431030760543;;;;
2022-09-12 09:00:00;0.0;50.0;;149.9889873376882;;;;
2022-09-12 10:00:00;0.0;50.0;;159.0761253386884;;;;
2022-09-12 11:00:00;0.0;50.0;;166.075795603572;;;;
2022-09-12 12:00:00;0.0;50.0;;170.5163543683174;;;;
2022-09-12 13:00:00;0.0;50.0;;172.0998134919049;;;;
2022-09-12 14:00:00;0.0;50.0;;170.7135606598242;;;;
2022-09-12 15:00:00;0.0;50.0;;166.452687129567;;;;
2022-09-12 16:00:00;0.0;50.0;;159.5942616121827;;;;
2022-09-12 17:00:00;0.0;50.0;;150.6079889391137;;;;
2022-09-12 18:00:00;0.0;50.0;;140.1033498386386;;;;
2022-09-12 19:00:00;0.0;50.0;;128.807480448111;;;;
2022-09-12 20:00:00;0.0;50.0;;117.4916938016379;;;;
2022-09-12 21:00:00;0.0;50.0;;106.9320306231588;;;;
2022-09-12 22:00:00;0.0;50.0;;97.86143853133359;;;;
2022-09-12 23:00:00;0.0;50.0;;89.98875079322019;;;;
2022-09-13 00:00:00;0.0;50.0;;84.75055588328803;;;;
2022-09-13 01:00:00;0.0;50.0;;82.42706225754591;;;;
2022-09-13 02:00:00;0.0;50.0;;84.03009787176434;;;;
2022-09-13 03:00:00;0.0;50.0;;88.49472188600468;;;;
2022-09-13 04:00:00;0.0;50.0;;95.53173142716489;;;;
2022-09-13 05:00:00;0.0;50.0;;104.6735514624453;;;;
2022-09-13 06:00:00;0.0;50.0;;115.3028848923395;;;;
2022-09-13 07:00:00;0.0;50.0;;126.6915974275017;;;;
2022-09-13 08:00:00;0.0;50.0;;138.060776174305;;;;
2022-09-13 09:00:00;0.0;50.0;;148.6354260986476;;;;
2022-09-13 10:00:00;0.0;50.0;;157.6852126541783;;;;
2022-09-13 11:00:00;0.0;50.0;;164.5822530610816;;;;
2022-09-13 12:00:00;0.0;50.0;;168.846496123038;;;;
2022-09-13 13:00:00;0.0;50.0;;170.1785471977548;;;;
2022-09-13 14:00:00;0.0;50.0;;168.4853409940436;;;;
2022-09-13 15:00:00;0.0;50.0;;163.868216336114;;;;
2022-09-13 16:00:00;0.0;50.0;;156.6537727774935;;;;
2022-09-13 17:00:00;0.0;50.0;;147.3190693182066;;;;
2022-09-13 18:00:00;0.0;50.0;;136.5119572280473;;;;
2022-09-13 19:00:00;0.0;50.0;;124.953743269935;;;;
2022-09-13 20:00:00;0.0;50.0;;113.4255261277399;;;;
2022-09-13 21:00:00;0.0;50.0;;102.6878542123218;;;;
2022-09-13 22:00:00;0.0;50.0;;93.44406255230678;;;;
2022-09-13 23:00:00;0.0;50.0;;86.38881733172475;;;;
2022-09-14 00:00:00;0.0;50.0;;81.85675680048237;;;;
2022-09-14 01:00:00;0.0;50.0;;80.11189071927183;;;;
2022-09-14 02:00:00;0.0;50.0;;81.11407234606087;;;;
2022-09-14 03:00:00;0.0;50.0;;84.8285379941984;;;;
2022-09-14 04:00:00;0.0;50.0;;90.92400084738357;;;;
2022-09-14 05:00:00;0.0;50.0;;98.91467491425342;;;;
2022-09-14 06:00:00;0.0;50.0;;108.1865278569665;;;;
2022-09-14 07:00:00;0.0;50.0;;118.043711465115;;;;
2022-09-14 08:00:00;0.0;50.0;;127.7584562202202;;;;
2022-09-14 09:00:00;0.0;50.0;;136.6223514391477;;;;
2022-09-14 10:00:00;0.0;50.0;;143.9995123341835;;;;
2022-09-14 11:00:00;0.0;50.0;;149.361834536467;;;;
2022-09-14 12:00:00;0.0;50.0;;152.3222207582115;;;;
2022-09-14 13:00:00;0.0;50.0;;152.6694206501771;;;;
2022-09-14 14:00:00;0.0;50.0;;150.3683586763215;;;;
2022-09-14 15:00:00;0.0;50.0;;145.5660883263994;;;;
2022-09-14 16:00:00;0.0;50.0;;138.5700550405551;;;;
2022-09-14 17:00:00;0.0;50.0;;129.8390571764348;;;;
2022-09-14 18:00:00;0.0;50.0;;119.9418396966732;;;;
2022-09-14 19:00:00;0.0;50.0;;109.5141898105656;;;;
2022-09-14 20:00:00;0.0;50.0;;99.22784646890145;;;;
2022-09-14 21:00:00;0.0;50.0;;89.73156185398585;;;;
2022-09-14 22:00:00;0.0;50.0;;81.62636485377229;;;;
2022-09-14 23:00:00;0.0;50.0;;76.37882280894948;;;;
2022-09-15 00:00:00;0.0;50.0;;73.37391192271267;;;;
2022-09-15 01:00:00;0.0;50.0;;72.8699334288141;;;;
2022-09-15 02:00:00;0.0;50.0;;73.99303856283947;;;;
2022-09-15 03:00:00;0.0;50.0;;77.66301953593465;;;;
2022-09-15 04:00:00;0.0;50.0;;83.61342861838291;;;;
2022-09-15 05:00:00;0.0;50.0;;91.43399694978876;;;;
2022-09-15 06:00:00;0.0;50.0;;100.5965154234243;;;;
2022-09-15 07:00:00;0.0;50.0;;110.4907887748084;;;;
2022-09-15 08:00:00;0.0;50.0;;120.4520707319687;;;;
2022-09-15 09:00:00;0.0;50.0;;129.8312155199367;;;;
2022-09-15 10:00:00;0.0;50.0;;138.0033323876951;;;;
2022-09-15 11:00:00;0.0;50.0;;144.4382291651724;;;;
2022-09-15 12:00:00;0.0;50.0;;148.7071394702298;;;;
2022-09-15 13:00:00;0.0;50.0;;150.5325816041492;;;;
2022-09-15 14:00:00;0.0;50.0;;149.7988287963943;;;;
2022-09-15 15:00:00;0.0;50.0;;146.561443613582;;;;
2022-09-15 16:00:00;0.0;50.0;;141.0415103101036;;;;
2022-09-15 17:00:00;0.0;50.0;;133.6241103259801;;;;
2022-09-15 18:00:00;0.0;50.0;;124.8183614072146;;;;
2022-09-15 19:00:00;0.0;50.0;;115.2489495121878;;;;
2022-09-15 20:00:00;0.0;50.0;;105.5852669120368;;;;
2022-09-15 21:00:00;0.0;50.0;;96.53432618976473;;;;
2022-09-15 22:00:00;0.0;50.0;;88.76303095975123;;;;
2022-09-15 23:00:00;0.0;50.0;;84.15151968229593;;;;
2022-09-16 00:00:00;0.0;50.0;;81.87858648733697;;;;
2022-09-16 01:00:00;0.0;50.0;;82.31303178348585;;;;
2022-09-16 02:00:00;0.0;50.0;;84.36590639431462;;;;
2022-09-16 03:00:00;0.0;50.0;;89.32457429490546;;;;
2022-09-16 04:00:00;0.0;50.0;;96.94488014992405;;;;
2022-09-16 05:00:00;0.0;50.0;;106.7931390787818;;;;
2022-09-16 06:00:00;0.0;50.0;;118.2747250792228;;;;
2022-09-16 07:00:00;0.0;50.0;;130.6651229995862;;;;
2022-09-16 08:00:00;0.0;50.0;;143.1650607226432;;;;
2022-09-16 09:00:00;0.0;50.0;;154.9647541246092;;;;
2022-09-16 10:00:00;0.0;50.0;;165.3021522583818;;;;
2022-09-16 11:00:00;0.0;50.0;;173.491225726844;;;;
2022-09-16 12:00:00;0.0;50.0;;178.9810611030696;;;;
2022-09-16 13:00:00;0.0;50.0;;181.3951742861714;;;;
2022-09-16 14:00:00;0.0;50.0;;180.5849366663048;;;;
2022-09-16 15:00:00;0.0;50.0;;176.6154252902629;;;;
2022-09-16 16:00:00;0.0;50.0;;169.7792850624802;;;;
2022-09-16 17:00:00;0.0;50.0;;160.5613738193175;;;;
2022-09-16 18:00:00;0.0;50.0;;149.6164742086695;;;;
2022-09-16 19:00:00;0.0;50.0;;137.7178013422198;;;;
2022-09-16 20:00:00;0.0;50.0;;125.7108155567667;;;;
2022-09-16 21:00:00;0.0;50.0;;114.4540134840069;;;;
2022-09-16 22:00:00;0.0;50.0;;104.7460192730439;;;;
2022-09-16 23:00:00;0.0;50.0;;97.97748383494965;;;;
2022-09-17 00:00:00;0.0;50.0;;93.9739350311035;;;;
2022-09-17 01:00:00;0.0;50.0;;93.09976175019409;;;;
2022-09-17 02:00:00;0.0;50.0;;94.80307871092832;;;;
2022-09-17 03:00:00;0.0;50.0;;99.70306776944494;;;;
2022-09-17 04:00:00;0.0;50.0;;107.4668300854639;;;;
2022-09-17 05:00:00;0.0;50.0;;117.5576077316671;;;;
2022-09-17 06:00:00;0.0;50.0;;129.2870459599319;;;;
2022-09-17 07:00:00;0.0;50.0;;141.83620237446;;;;
2022-09-17 08:00:00;0.0;50.0;;154.3326843427652;;;;
2022-09-17 09:00:00;0.0;50.0;;165.9056954836642;;;;
2022-09-17 10:00:00;0.0;50.0;;175.7647995079578;;;;
2022-09-17 11:00:00;0.0;50.0;;183.2375960286846;;;;
2022-09-17 12:00:00;0.0;50.0;;187.8034649710609;;;;
2022-09-17 13:00:00;0.0;50.0;;189.1513956683904;;;;
2022-09-17 14:00:00;0.0;50.0;;187.1859225223674;;;;
2022-09-17 15:00:00;0.0;50.0;;182.0452688857399;;;;
2022-09-17 16:00:00;0.0;50.0;;174.0831272840817;;;;
2022-09-17 17:00:00;0.0;50.0;;163.8358903485512;;;;
2022-09-17 18:00:00;0.0;50.0;;151.9990257375231;;;;
2022-09-17 19:00:00;0.0;50.0;;139.3570902795814;;;;
2022-09-17 20:00:00;0.0;50.0;;126.7626314896284;;;;
2022-09-17 21:00:00;0.0;50.0;;115.0628288300887;;;;
2022-09-17 22:00:00;0.0;50.0;;105.0415543908283;;;;
2022-09-17 23:00:00;0.0;50.0;;96.90234835905387;;;;
2022-09-18 00:00:00;0.0;50.0;;91.6229611229534;;;;
2022-09-18 01:00:00;0.0;50.0;;89.51053622127775;;;;
2022-09-18 02:00:00;0.0;50.0;;91.11990678113695;;;;
2022-09-18 03:00:00;0.0;50.0;;95.85953707353218;;;;
2022-09-18 04:00:00;0.0;50.0;;103.4105024930759;;;;
2022-09-18 05:00:00;0.0;50.0;;113.2784163710201;;;;
2022-09-18 06:00:00;0.0;50.0;;124.8060436436859;;;;
2022-09-18 07:00:00;0.0;50.0;;137.2318978512187;;;;
2022-09-18 08:00:00;0.0;50.0;;149.7293036139106;;;;
2022-09-18 09:00:00;0.0;50.0;;161.4721071160145;;;;
2022-09-18 10:00:00;0.0;50.0;;171.6820218219879;;;;
2022-09-18 11:00:00;0.0;50.0;;179.6739797881345;;;;
2022-09-18 12:00:00;0.0;50.0;;184.9294449549395;;;;
2022-09-18 13:00:00;0.0;50.0;;187.0904994348439;;;;
2022-09-18 14:00:00;0.0;50.0;;186.0260277762048;;;;
2022-09-18 15:00:00;0.0;50.0;;181.7948911854888;;;;
2022-09-18 16:00:00;0.0;50.0;;174.6955236016331;;;;
2022-09-18 17:00:00;0.0;50.0;;165.2294393363186;;;;
2022-09-18 18:00:00;0.0;50.0;;154.0498883828975;;;;
2022-09-18 19:00:00;0.0;50.0;;141.9344968279165;;;;
2022-09-18 20:00:00;0.0;50.0;;129.7310186231134;;;;
2022-09-18 21:00:00;0.0;50.0;;118.3111967027044;;;;
2022-09-18 22:00:00;0.0;50.0;;108.4978218103343;;;;
2022-09-18 23:00:00;0.0;50.0;;99.74240062746608;;;;
2022-09-19 00:00:00;0.0;50.0;;93.8875141460586;;;;
2022-09-19 01:00:00;0.0;50.0;;91.25481423879438;;;;
2022-09-19 02:00:00;0.0;50.0;;93.1965934243419;;;;
2022-09-19 03:00:00;0.0;50.0;;98.31329126904404;;;;
2022-09-19 04:00:00;0.0;50.0;;106.2979659705538;;;;
2022-09-19 05:00:00;0.0;50.0;;116.64411262196;;;;
2022-09-19 06:00:00;0.0;50.0;;128.6705458961335;;;;
2022-09-19 07:00:00;0.0;50.0;;141.5813238979454;;;;
2022-09-19 08:00:00;0.0;50.0;;154.5026026147293;;;;
2022-09-19 09:00:00;0.0;50.0;;166.5454577023309;;;;
2022-09-19 10:00:00;0.0;50.0;;176.8921888328871;;;;
2022-09-19 11:00:00;0.0;50.0;;184.8310228276792;;;;
2022-09-19 12:00:00;0.0;50.0;;189.8192497079166;;;;
2022-09-19 13:00:00;0.0;50.0;;191.5094197695157;;;;
2022-09-19 14:00:00;0.0;50.0;;189.7787629694355;;;;
2022-09-19 15:00:00;0.0;50.0;;184.7459200051361;;;;
2022-09-19 16:00:00;0.0;50.0;;176.7521417559345;;;;
2022-09-19 17:00:00;0.0;50.0;;166.3491708041173;;;;
2022-09-19 18:00:00;0.0;50.0;;154.247554344706;;;;
2022-09-19 19:00:00;0.0;50.0;;141.2719706762742;;;;
2022-09-19 20:00:00;0.0;50.0;;128.3044703271293;;;;
2022-09-19 21:00:00;0.0;50.0;;116.2211321946671;;;;
2022-09-19 22:00:00;0.0;50.0;;105.816751913427;;;;
2022-09-19 23:00:00;0.0;50.0;;96.77165854405312;;;;
2022-09-20 00:00:00;0.0;50.0;;90.59597249099076;;;;
2022-09-20 01:00:00;0.0;50.0;;87.55204636453252;;;;
2022-09-20 02:00:00;0.0;50.0;;88.67056024898072;;;;
2022-09-20 03:00:00;0.0;50.0;;92.74859270033403;;;;
2022-09-20 04:00:00;0.0;50.0;;99.41865856256844;;;;
2022-09-20 05:00:00;0.0;50.0;;108.1531135420309;;;;
2022-09-20 06:00:00;0.0;50.0;;118.2799864826828;;;;
2022-09-20 07:00:00;0.0;50.0;;129.04214752164;;;;
2022-09-20 08:00:00;0.0;50.0;;139.6290681172237;;;;
2022-09-20 09:00:00;0.0;50.0;;149.2611002214996;;;;
2022-09-20 10:00:00;0.0;50.0;;157.2401939598228;;;;
2022-09-20 11:00:00;0.0;50.0;;162.9931134682883;;;;
2022-09-20 12:00:00;0.0;50.0;;166.1113511750921;;;;
2022-09-20 13:00:00;0.0;50.0;;166.3618418942369;;;;
2022-09-20 14:00:00;0.0;50.0;;163.7142732327674;;;;
2022-09-20 15:00:00;0.0;50.0;;158.3224381270416;;;;
2022-09-20 16:00:00;0.0;50.0;;150.5450135870677;;;;
2022-09-20 17:00:00;0.0;50.0;;140.8833955453159;;;;
2022-09-20 18:00:00;0.0;50.0;;129.9683137748838;;;;
2022-09-20 19:00:00;0.0;50.0;;118.4958863300724;;;;
2022-09-20 20:00:00;0.0;50.0;;107.197517833753;;;;
2022-09-20 21:00:00;0.0;50.0;;96.780315581449;;;;
2022-09-20 22:00:00;0.0;50.0;;87.88148224215576;;;;
2022-09-20 23:00:00;0.0;50.0;;81.12815078658564;;;;
2022-09-21 00:00:00;0.0;50.0;;76.81315343786036;;;;
2022-09-21 01:00:00;0.0;50.0;;75.16890944429565;;;;
2022-09-21 02:00:00;0.0;50.0;;76.1542903619364;;;;
2022-09-21 03:00:00;0.0;50.0;;79.7468134532246;;;;
2022-09-21 04:00:00;0.0;50.0;;85.65571756864405;;;;
2022-09-21 05:00:00;0.0;50.0;;93.43955828487881;;;;
2022-09-21 06:00:00;0.0;50.0;;102.5439800788057;;;;
2022-09-21 07:00:00;0.0;50.0;;112.3353417543129;;;;
2022-09-21 08:00:00;0.0;50.0;;122.1407715498956;;;;
2022-09-21 09:00:00;0.0;50.0;;131.2945999076998;;;;
2022-09-21 10:00:00;0.0;50.0;;139.1747928673287;;;;
2022-09-21 11:00:00;0.0;50.0;;145.2530518992336;;;;
2022-09-21 12:00:00;0.0;50.0;;149.1245793639738;;;;
2022-09-21 13:00:00;0.0;50.0;;150.5274741910429;;;;
2022-09-21 14:00:00;0.0;50.0;;149.3663593111643;;;;
2022-09-21 15:00:00;0.0;50.0;;145.7185726002365;;;;
2022-09-21 16:00:00;0.0;50.0;;139.8258541507265;;;;
2022-09-21 17:00:00;0.0;50.0;;132.0918401048821;;;;
2022-09-21 18:00:00;0.0;50.0;;123.0352570753957;;;;
2022-09-21 19:00:00;0.0;50.0;;113.2747022110982;;;;
2022-09-21 20:00:00;0.0;50.0;;103.4861161421356;;;;
2022-09-21 21:00:00;0.0;50.0;;94.35385727019101;;;;
2022-09-21 22:00:00;0.0;50.0;;86.52507969026976;;;;
2022-09-21 23:00:00;0.0;50.0;;81.61200497736513;;;;
2022-09-22 00:00:00;0.0;50.0;;78.99444380407047;;;;
2022-09-22 01:00:00;0.0;50.0;;79.01102568802109;;;;
2022-09-22 02:00:00;0.0;50.0;;80.76599570456585;;;;
2022-09-22 03:00:00;0.0;50.0;;85.29619375676006;;;;
2022-09-22 04:00:00;0.0;50.0;;92.34702325665492;;;;
2022-09-22 05:00:00;0.0;50.0;;101.4848798931219;;;;
2022-09-22 06:00:00;0.0;50.0;;112.134209246436;;;;
2022-09-22 07:00:00;0.0;50.0;;123.6002444686371;;;;
2022-09-22 08:00:00;0.0;50.0;;135.1347621914853;;;;
2022-09-22 09:00:00;0.0;50.0;;145.9694234568591;;;;
2022-09-22 10:00:00;0.0;50.0;;155.37746656967;;;;
2022-09-22 11:00:00;0.0;50.0;;162.7375015409804;;;;
2022-09-22 12:00:00;0.0;50.0;;167.5533662778722;;;;
2022-09-22 13:00:00;0.0;50.0;;169.4982327996136;;;;
2022-09-22 14:00:00;0.0;50.0;;168.4358653738531;;;;
2022-09-22 15:00:00;0.0;50.0;;164.4412526696576;;;;
2022-09-22 16:00:00;0.0;50.0;;157.8071499779545;;;;
2022-09-22 17:00:00;0.0;50.0;;148.9941094304492;;;;
2022-09-22 18:00:00;0.0;50.0;;138.6240551906791;;;;
2022-09-22 19:00:00;0.0;50.0;;127.417784089917;;;;
2022-09-22 20:00:00;0.0;50.0;;116.1496777209708;;;;
2022-09-22 21:00:00;0.0;50.0;;105.6080688884427;;;;
2022-09-22 22:00:00;0.0;50.0;;96.52456699469911;;;;
2022-09-22 23:00:00;0.0;50.0;;90.9130821437345;;;;
2022-09-23 00:00:00;0.0;50.0;;87.84721868460622;;;;
2022-09-23 01:00:00;0.0;50.0;;87.68433307002725;;;;
2022-09-23 02:00:00;0.0;50.0;;89.19675371904258;;;;
2022-09-23 03:00:00;0.0;50.0;;93.72209432357832;;;;
2022-09-23 04:00:00;0.0;50.0;;100.933943509596;;;;
2022-09-23 05:00:00;0.0;50.0;;110.3260780727138;;;;
2022-09-23 06:00:00;0.0;50.0;;121.2436739751987;;;;
2022-09-23 07:00:00;0.0;50.0;;132.9282842586022;;;;
2022-09-23 08:00:00;0.0;50.0;;144.5665113727268;;;;
2022-09-23 09:00:00;0.0;50.0;;155.3504846051694;;;;
2022-09-23 10:00:00;0.0;50.0;;164.5297123740093;;;;
2022-09-23 11:00:00;0.0;50.0;;171.4734914224604;;;;
2022-09-23 12:00:00;0.0;50.0;;175.713763654017;;;;
2022-09-23 13:00:00;0.0;50.0;;176.9668165261799;;;;
2022-09-23 14:00:00;0.0;50.0;;175.1457619748238;;;;
2022-09-23 15:00:00;0.0;50.0;;170.3691516592006;;;;
2022-09-23 16:00:00;0.0;50.0;;162.9596621345406;;;;
2022-09-23 17:00:00;0.0;50.0;;153.4170637136156;;;;
2022-09-23 18:00:00;0.0;50.0;;142.3860530866487;;;;
2022-09-23 19:00:00;0.0;50.0;;130.6081444421673;;;;
2022-09-23 20:00:00;0.0;50.0;;118.8814468870174;;;;
2022-09-23 21:00:00;0.0;50.0;;107.9927390406918;;;;
2022-09-23 22:00:00;0.0;50.0;;98.6748842939125;;;;
2022-09-23 23:00:00;0.0;50.0;;92.21811687013533;;;;
2022-09-24 00:00:00;0.0;50.0;;88.43126764867233;;;;
2022-09-24 01:00:00;0.0;50.0;;87.65026439892844;;;;
2022-09-24 02:00:00;0.0;50.0;;89.34918080978449;;;;
2022-09-24 03:00:00;0.0;50.0;;94.13308273751231;;;;
2022-09-24 04:00:00;0.0;50.0;;101.7084184832616;;;;
2022-09-24 05:00:00;0.0;50.0;;111.5972425198231;;;;
2022-09-24 06:00:00;0.0;50.0;;123.1675664364278;;;;
2022-09-24 07:00:00;0.0;50.0;;135.6686804807073;;;;
2022-09-24 08:00:00;0.0;50.0;;148.2935298585488;;;;
2022-09-24 09:00:00;0.0;50.0;;160.2268198530527;;;;
2022-09-24 10:00:00;0.0;50.0;;170.6960925889226;;;;
2022-09-24 11:00:00;0.0;50.0;;179.0156750839036;;;;
2022-09-24 12:00:00;0.0;50.0;;184.6435734992038;;;;
2022-09-24 13:00:00;0.0;50.0;;187.204754622721;;;;
2022-09-24 14:00:00;0.0;50.0;;186.5371324046865;;;;
2022-09-24 15:00:00;0.0;50.0;;182.6995726717211;;;;
2022-09-24 16:00:00;0.0;50.0;;175.9699147995448;;;;
2022-09-24 17:00:00;0.0;50.0;;166.8253235615755;;;;
2022-09-24 18:00:00;0.0;50.0;;155.9074832319077;;;;
2022-09-24 19:00:00;0.0;50.0;;143.9882426786534;;;;
2022-09-24 20:00:00;0.0;50.0;;131.9238676037475;;;;
2022-09-24 21:00:00;0.0;50.0;;120.5914996799041;;;;
2022-09-24 22:00:00;0.0;50.0;;110.8479618577757;;;;
2022-09-24 23:00:00;0.0;50.0;;102.942493858552;;;;
2022-09-25 00:00:00;0.0;50.0;;97.96926093396563;;;;
2022-09-25 01:00:00;0.0;50.0;;96.3047651590021;;;;
2022-09-25 02:00:00;0.0;50.0;;98.59881961824303;;;;
2022-09-25 03:00:00;0.0;50.0;;104.2718742398377;;;;
2022-09-25 04:00:00;0.0;50.0;;113.0171501895871;;;;
2022-09-25 05:00:00;0.0;50.0;;124.3134285420759;;;;
2022-09-25 06:00:00;0.0;50.0;;137.4507881777928;;;;
2022-09-25 07:00:00;0.0;50.0;;151.5907034563004;;;;
2022-09-25 08:00:00;0.0;50.0;;165.8060773126094;;;;
2022-09-25 09:00:00;0.0;50.0;;179.1470356387434;;;;
2022-09-25 10:00:00;0.0;50.0;;190.7179194495158;;;;
2022-09-25 11:00:00;0.0;50.0;;199.7410109751739;;;;
2022-09-25 12:00:00;0.0;50.0;;205.6046760635348;;;;
2022-09-25 13:00:00;0.0;50.0;;207.9108165574715;;;;
2022-09-25 14:00:00;0.0;50.0;;206.4988008069392;;;;
2022-09-25 15:00:00;0.0;50.0;;201.4732855702165;;;;
2022-09-25 16:00:00;0.0;50.0;;193.1855864742295;;;;
2022-09-25 17:00:00;0.0;50.0;;182.2140872685313;;;;
2022-09-25 18:00:00;0.0;50.0;;169.3307731334786;;;;
2022-09-25 19:00:00;0.0;50.0;;155.4222994948255;;;;
2022-09-25 20:00:00;0.0;50.0;;141.4555886395676;;;;
2022-09-25 21:00:00;0.0;50.0;;128.3946235491996;;;;
2022-09-25 22:00:00;0.0;50.0;;117.1318646702572;;;;
2022-09-25 23:00:00;0.0;50.0;;107.0959097287309;;;;
2022-09-26 00:00:00;0.0;50.0;;100.2159292250483;;;;
2022-09-26 01:00:00;0.0;50.0;;96.79437623874077;;;;
2022-09-26 02:00:00;0.0;50.0;;98.21607043117469;;;;
2022-09-26 03:00:00;0.0;50.0;;102.919923634567;;;;
2022-09-26 04:00:00;0.0;50.0;;110.528228926677;;;;
2022-09-26 05:00:00;0.0;50.0;;120.4590310040809;;;;
2022-09-26 06:00:00;0.0;50.0;;131.9728432579175;;;;
2022-09-26 07:00:00;0.0;50.0;;144.2347096403776;;;;
2022-09-26 08:00:00;0.0;50.0;;156.3420345319526;;;;
2022-09-26 09:00:00;0.0;50.0;;167.4217715200096;;;;
2022-09-26 10:00:00;0.0;50.0;;176.6665735616109;;;;
2022-09-26 11:00:00;0.0;50.0;;183.4248480629122;;;;
2022-09-26 12:00:00;0.0;50.0;;187.2172440482232;;;;
2022-09-26 13:00:00;0.0;50.0;;187.7672471279871;;;;
2022-09-26 14:00:00;0.0;50.0;;185.0303135637195;;;;
2022-09-26 15:00:00;0.0;50.0;;179.1703168922109;;;;
2022-09-26 16:00:00;0.0;50.0;;170.5751111104384;;;;
2022-09-26 17:00:00;0.0;50.0;;159.810211579988;;;;
2022-09-26 18:00:00;0.0;50.0;;147.585642058929;;;;
2022-09-26 19:00:00;0.0;50.0;;134.6956327535908;;;;
2022-09-26 20:00:00;0.0;50.0;;121.9632344128325;;;;
2022-09-26 21:00:00;0.0;50.0;;110.1983633723312;;;;
2022-09-26 22:00:00;0.0;50.0;;100.1307589612009;;;;
2022-09-26 23:00:00;0.0;50.0;;91.44430226590923;;;;
2022-09-27 00:00:00;0.0;50.0;;85.54091637422655;;;;
2022-09-27 01:00:00;0.0;50.0;;82.65849678304231;;;;
2022-09-27 02:00:00;0.0;50.0;;83.75248121292132;;;;
2022-09-27 03:00:00;0.0;50.0;;87.70152655502692;;;;
2022-09-27 04:00:00;0.0;50.0;;94.185260599873;;;;
2022-09-27 05:00:00;0.0;50.0;;102.7175622794865;;;;
2022-09-27 06:00:00;0.0;50.0;;112.6833314629663;;;;
2022-09-27 07:00:00;0.0;50.0;;123.3762695877928;;;;
2022-09-27 08:00:00;0.0;50.0;;134.0607373538485;;;;
2022-09-27 09:00:00;0.0;50.0;;143.9996399510142;;;;
2022-09-27 10:00:00;0.0;50.0;;152.5127039693904;;;;
2022-09-27 11:00:00;0.0;50.0;;159.0201899216789;;;;
2022-09-27 12:00:00;0.0;50.0;;163.0792614332069;;;;
2022-09-27 13:00:00;0.0;50.0;;164.4112280547555;;;;
2022-09-27 14:00:00;0.0;50.0;;162.9149816831545;;;;
2022-09-27 15:00:00;0.0;50.0;;158.6903989670239;;;;
2022-09-27 16:00:00;0.0;50.0;;152.0238715121075;;;;
2022-09-27 17:00:00;0.0;50.0;;143.3661322713148;;;;
2022-09-27 18:00:00;0.0;50.0;;133.2963263243494;;;;
2022-09-27 19:00:00;0.0;50.0;;122.4924500013773;;;;
2022-09-27 20:00:00;0.0;50.0;;111.6881399155041;;;;
2022-09-27 21:00:00;0.0;50.0;;101.6229149408593;;;;
2022-09-27 22:00:00;0.0;50.0;;92.98876592357755;;;;
2022-09-27 23:00:00;0.0;50.0;;86.49014928845443;;;;
2022-09-28 00:00:00;0.0;50.0;;82.4898536030255;;;;
2022-09-28 01:00:00;0.0;50.0;;81.29156256276255;;;;
2022-09-28 02:00:00;0.0;50.0;;82.90156985431395;;;;
2022-09-28 03:00:00;0.0;50.0;;87.34262263143188;;;;
2022-09-28 04:00:00;0.0;50.0;;94.33085022597038;;;;
2022-09-28 05:00:00;0.0;50.0;;103.4165254188483;;;;
2022-09-28 06:00:00;0.0;50.0;;113.9911056319831;;;;
2022-09-28 07:00:00;0.0;50.0;;125.3458621534343;;;;
2022-09-28 08:00:00;0.0;50.0;;136.7058998936562;;;;
2022-09-28 09:00:00;0.0;50.0;;147.3022097613933;;;;
2022-09-28 10:00:00;0.0;50.0;;156.4127362118639;;;;
2022-09-28 11:00:00;0.0;50.0;;163.4098202274331;;;;
2022-09-28 12:00:00;0.0;50.0;;167.81497509295;;;;
2022-09-28 13:00:00;0.0;50.0;;169.3197292233403;;;;
2022-09-28 14:00:00;0.0;50.0;;167.8303670961349;;;;
2022-09-28 15:00:00;0.0;50.0;;163.4414114210821;;;;
2022-09-28 16:00:00;0.0;50.0;;156.4595891378219;;;;
2022-09-28 17:00:00;0.0;50.0;;147.3537611296718;;;;
2022-09-28 18:00:00;0.0;50.0;;136.7476424392314;;;;
2022-09-28 19:00:00;0.0;50.0;;125.3645125814018;;;;
2022-09-28 20:00:00;0.0;50.0;;113.9751334108287;;;;
2022-09-28 21:00:00;0.0;50.0;;103.355479808753;;;;
2022-09-28 22:00:00;0.0;50.0;;94.21392859925697;;;;
2022-09-28 23:00:00;0.0;50.0;;88.28733741484412;;;;
2022-09-29 00:00:00;0.0;50.0;;84.87273108373904;;;;
2022-09-29 01:00:00;0.0;50.0;;84.2870732780255;;;;
2022-09-29 02:00:00;0.0;50.0;;85.51470979141362;;;;
2022-09-29 03:00:00;0.0;50.0;;89.61499437580848;;;;
2022-09-29 04:00:00;0.0;50.0;;96.25936878473613;;;;
2022-09-29 05:00:00;0.0;50.0;;104.9467314680077;;;;
2022-09-29 06:00:00;0.0;50.0;;115.040472441079;;;;
2022-09-29 07:00:00;0.0;50.0;;125.8030214855783;;;;
2022-09-29 08:00:00;0.0;50.0;;136.4706369672357;;;;
2022-09-29 09:00:00;0.0;50.0;;146.2826235446047;;;;
2022-09-29 10:00:00;0.0;50.0;;154.5601675618124;;;;
2022-09-29 11:00:00;0.0;50.0;;160.7247921033645;;;;
2022-09-29 12:00:00;0.0;50.0;;164.3402554571631;;;;
2022-09-29 13:00:00;0.0;50.0;;165.1494919353918;;;;
2022-09-29 14:00:00;0.0;50.0;;163.0939749435526;;;;
2022-09-29 15:00:00;0.0;50.0;;158.3160791715947;;;;
2022-09-29 16:00:00;0.0;50.0;;151.1243294781264;;;;
2022-09-29 17:00:00;0.0;50.0;;141.9937675905404;;;;
2022-09-29 18:00:00;0.0;50.0;;131.5355042812561;;;;
2022-09-29 19:00:00;0.0;50.0;;120.4446922098347;;;;
2022-09-29 20:00:00;0.0;50.0;;109.4467697706058;;;;
2022-09-29 21:00:00;0.0;50.0;;99.26200637623273;;;;
2022-09-29 22:00:00;0.0;50.0;;90.55685790665649;;;;
2022-09-29 23:00:00;0.0;50.0;;85.19251057755993;;;;
2022-09-30 00:00:00;0.0;50.0;;82.285587748877;;;;
2022-09-30 01:00:00;0.0;50.0;;82.16077746756851;;;;
2022-09-30 02:00:00;0.0;50.0;;83.66409606758413;;;;
2022-09-30 03:00:00;0.0;50.0;;88.06588873313433;;;;
2022-09-30 04:00:00;0.0;50.0;;95.08073321269569;;;;
2022-09-30 05:00:00;0.0;50.0;;104.2592353612245;;;;
2022-09-30 06:00:00;0.0;50.0;;115.0143123238929;;;;
2022-09-30 07:00:00;0.0;50.0;;126.6537599535875;;;;
2022-09-30 08:00:00;0.0;50.0;;138.4287999717699;;;;
2022-09-30 09:00:00;0.0;50.0;;149.5721943409104;;;;
2022-09-30 10:00:00;0.0;50.0;;159.3599431617741;;;;
2022-09-30 11:00:00;0.0;50.0;;167.1586828544347;;;;
2022-09-30 12:00:00;0.0;50.0;;172.4640978282903;;;;
2022-09-30 13:00:00;0.0;50.0;;174.9363218420805;;;;
2022-09-30 14:00:00;0.0;50.0;;174.416916129443;;;;
2022-09-30 15:00:00;0.0;50.0;;170.9475442783903;;;;
2022-09-30 16:00:00;0.0;50.0;;164.7781033514038;;;;
2022-09-30 17:00:00;0.0;50.0;;156.346367525769;;;;
2022-09-30 18:00:00;0.0;50.0;;146.2481445008772;;;;
2022-09-30 19:00:00;0.0;50.0;;135.199164254546;;;;
2022-09-30 20:00:00;0.0;50.0;;124.0074464102156;;;;
2022-09-30 21:00:00;0.0;50.0;;113.4998307013091;;;;
2022-09-30 22:00:00;0.0;50.0;;104.4736240730882;;;;
2022-09-30 23:00:00;0.0;50.0;;98.34319396273891;;;;
2022-10-01 00:00:00;0.0;50.0;;94.9559975196174;;;;
2022-10-01 01:00:00;0.0;50.0;;94.72678949306264;;;;
2022-10-01 02:00:00;0.0;50.0;;97.13912764866409;;;;
2022-10-01 03:00:00;0.0;50.0;;102.898155418136;;;;
2022-10-01 04:00:00;0.0;50.0;;111.7181470707979;;;;
2022-10-01 05:00:00;0.0;50.0;;123.101859364087;;;;
2022-10-01 06:00:00;0.0;50.0;;136.3618593205164;;;;
2022-10-01 07:00:00;0.0;50.0;;150.6682622253688;;;;
2022-10-01 08:00:00;0.0;50.0;;165.102078445445;;;;
2022-10-01 09:00:00;0.0;50.0;;178.718117568442;;;;
2022-10-01 10:00:00;0.0;50.0;;190.617785738896;;;;
2022-10-01 11:00:00;0.0;50.0;;200.0042673797367;;;;
2022-10-01 12:00:00;0.0;50.0;;206.261196338879;;;;
2022-10-01 13:00:00;0.0;50.0;;208.9666237681566;;;;
2022-10-01 14:00:00;0.0;50.0;;207.9601685123345;;;;
2022-10-01 15:00:00;0.0;50.0;;203.30604228909;;;;
2022-10-01 16:00:00;0.0;50.0;;195.3408382855341;;;;
2022-10-01 17:00:00;0.0;50.0;;184.6183950912962;;;;
2022-10-01 18:00:00;0.0;50.0;;171.9176088409837;;;;
2022-10-01 19:00:00;0.0;50.0;;158.1347492642745;;;;
2022-10-01 20:00:00;0.0;50.0;;144.2481948354296;;;;
2022-10-01 21:00:00;0.0;50.0;;131.2236248081709;;;;
2022-10-01 22:00:00;0.0;50.0;;119.9825041696654;;;;
2022-10-01 23:00:00;0.0;50.0;;110.7956953445861;;;;
2022-10-02 00:00:00;0.0;50.0;;104.8007279610832;;;;
2022-10-02 01:00:00;0.0;50.0;;102.3657872434684;;;;
2022-10-02 02:00:00;0.0;50.0;;104.1139062641812;;;;
2022-10-02 03:00:00;0.0;50.0;;109.3624604773676;;;;
2022-10-02 04:00:00;0.0;50.0;;117.7237234999594;;;;
2022-10-02 05:00:00;0.0;50.0;;128.6038917684583;;;;
2022-10-02 06:00:00;0.0;50.0;;141.2335347195659;;;;
2022-10-02 07:00:00;0.0;50.0;;154.7117639819834;;;;
2022-10-02 08:00:00;0.0;50.0;;168.0845385484477;;;;
2022-10-02 09:00:00;0.0;50.0;;180.4108429603394;;;;
2022-10-02 10:00:00;0.0;50.0;;190.8298265206428;;;;
2022-10-02 11:00:00;0.0;50.0;;198.6142681679051;;;;
2022-10-02 12:00:00;0.0;50.0;;203.2089631696138;;;;
2022-10-02 13:00:00;0.0;50.0;;204.3001014397309;;;;
2022-10-02 14:00:00;0.0;50.0;;201.806778714878;;;;
2022-10-02 15:00:00;0.0;50.0;;195.8965827152184;;;;
2022-10-02 16:00:00;0.0;50.0;;186.9525444289337;;;;
2022-10-02 17:00:00;0.0;50.0;;175.5786614991642;;;;
2022-10-02 18:00:00;0.0;50.0;;162.5305107738837;;;;
2022-10-02 19:00:00;0.0;50.0;;148.6830957359597;;;;
2022-10-02 20:00:00;0.0;50.0;;134.9397757343616;;;;
2022-10-02 21:00:00;0.0;50.0;;122.2036542373356;;;;
2022-10-02 22:00:00;0.0;50.0;;111.2936281438347;;;;
2022-10-02 23:00:00;0.0;50.0;;101.6422808698829;;;;
2022-10-03 00:00:00;0.0;50.0;;95.06051625920959;;;;
2022-10-03 01:00:00;0.0;50.0;;91.82071433021311;;;;
2022-10-03 02:00:00;0.0;50.0;;93.23409334000587;;;;
2022-10-03 03:00:00;0.0;50.0;;97.83577678105999;;;;
2022-10-03 04:00:00;0.0;50.0;;105.2798408821182;;;;
2022-10-03 05:00:00;0.0;50.0;;115.0379592686949;;;;
2022-10-03 06:00:00;0.0;50.0;;126.4284038278828;;;;
2022-10-03 07:00:00;0.0;50.0;;138.6669086962518;;;;
2022-10-03 08:00:00;0.0;50.0;;150.9162760044518;;;;
2022-10-03 09:00:00;0.0;50.0;;162.3444262164181;;;;
2022-10-03 10:00:00;0.0;50.0;;172.1825140603313;;;;
2022-10-03 11:00:00;0.0;50.0;;179.7643719931375;;;;
2022-10-03 12:00:00;0.0;50.0;;184.5750955458866;;;;
2022-10-03 13:00:00;0.0;50.0;;186.2853057026562;;;;
2022-10-03 14:00:00;0.0;50.0;;184.7761791386644;;;;
2022-10-03 15:00:00;0.0;50.0;;180.1487644819524;;;;
2022-10-03 16:00:00;0.0;50.0;;172.7169444561056;;;;
2022-10-03 17:00:00;0.0;50.0;;162.9838629724193;;;;
2022-10-03 18:00:00;0.0;50.0;;151.6191931893169;;;;
2022-10-03 19:00:00;0.0;50.0;;139.394294954352;;;;
2022-10-03 20:00:00;0.0;50.0;;127.1504607428686;;;;
2022-10-03 21:00:00;0.0;50.0;;115.7209084707292;;;;
2022-10-03 22:00:00;0.0;50.0;;105.9077258299818;;;;
2022-10-03 23:00:00;0.0;50.0;;97.39821774018257;;;;
2022-10-04 00:00:00;0.0;50.0;;91.7402826109521;;;;
2022-10-04 01:00:00;0.0;50.0;;89.23919546258351;;;;
2022-10-04 02:00:00;0.0;50.0;;90.97746677689025;;;;
2022-10-04 03:00:00;0.0;50.0;;95.8136807353016;;;;
2022-10-04 04:00:00;0.0;50.0;;103.4328094795465;;;;
2022-10-04 05:00:00;0.0;50.0;;113.3336387095837;;;;
2022-10-04 06:00:00;0.0;50.0;;124.8437891984225;;;;
2022-10-04 07:00:00;0.0;50.0;;137.1809852502792;;;;
2022-10-04 08:00:00;0.0;50.0;;149.5012412180513;;;;
2022-10-04 09:00:00;0.0;50.0;;160.9537744570949;;;;
2022-10-04 10:00:00;0.0;50.0;;170.7459327441521;;;;
2022-10-04 11:00:00;0.0;50.0;;178.200918456458;;;;
2022-10-04 12:00:00;0.0;50.0;;182.8002535841944;;;;
2022-10-04 13:00:00;0.0;50.0;;184.2273690161557;;;;
2022-10-04 14:00:00;0.0;50.0;;182.3840538373109;;;;
2022-10-04 15:00:00;0.0;50.0;;177.3959691845111;;;;
2022-10-04 16:00:00;0.0;50.0;;169.5892576490366;;;;
2022-10-04 17:00:00;0.0;50.0;;159.4885714076345;;;;
2022-10-04 18:00:00;0.0;50.0;;147.7784936034209;;;;
2022-10-04 19:00:00;0.0;50.0;;135.2555361092973;;;;
2022-10-04 20:00:00;0.0;50.0;;122.7651032222971;;;;
2022-10-04 21:00:00;0.0;50.0;;111.1388544543724;;;;
2022-10-04 22:00:00;0.0;50.0;;101.1385518398659;;;;
2022-10-04 23:00:00;0.0;50.0;;93.51154385902854;;;;
2022-10-05 00:00:00;0.0;50.0;;88.61604931163606;;;;
2022-10-05 01:00:00;0.0;50.0;;86.72991995111512;;;;
2022-10-05 02:00:00;0.0;50.0;;87.80937433012431;;;;
2022-10-05 03:00:00;0.0;50.0;;91.82379880182954;;;;
2022-10-05 04:00:00;0.0;50.0;;98.42156990673229;;;;
2022-10-05 05:00:00;0.0;50.0;;107.0755777382553;;;;
2022-10-05 06:00:00;0.0;50.0;;117.1154831914165;;;;
2022-10-05 07:00:00;0.0;50.0;;127.7879367039853;;;;
2022-10-05 08:00:00;0.0;50.0;;138.3019441618601;;;;
2022-10-05 09:00:00;0.0;50.0;;147.8982627464565;;;;
2022-10-05 10:00:00;0.0;50.0;;155.8874606080427;;;;
2022-10-05 11:00:00;0.0;50.0;;161.6969431034584;;;;
2022-10-05 12:00:00;0.0;50.0;;164.91228836678;;;;
2022-10-05 13:00:00;0.0;50.0;;165.2927997598192;;;;
2022-10-05 14:00:00;0.0;50.0;;162.8027026975403;;;;
2022-10-05 15:00:00;0.0;50.0;;157.5942716133627;;;;
2022-10-05 16:00:00;0.0;50.0;;150.0104403067535;;;;
2022-10-05 17:00:00;0.0;50.0;;140.5489399433858;;;;
2022-10-05 18:00:00;0.0;50.0;;129.8325929943958;;;;
2022-10-05 19:00:00;0.0;50.0;;118.5499371028703;;;;
2022-10-05 20:00:00;0.0;50.0;;107.4201422188377;;;;
2022-10-05 21:00:00;0.0;50.0;;97.14469055425218;;;;
2022-10-05 22:00:00;0.0;50.0;;88.36956161278529;;;;
2022-10-05 23:00:00;0.0;50.0;;82.695188743901;;;;
2022-10-06 00:00:00;0.0;50.0;;79.4407498308293;;;;
2022-10-06 01:00:00;0.0;50.0;;78.89719105271281;;;;
2022-10-06 02:00:00;0.0;50.0;;80.11016740291848;;;;
2022-10-06 03:00:00;0.0;50.0;;84.0904890132503;;;;
2022-10-06 04:00:00;0.0;50.0;;90.54148710548519;;;;
2022-10-06 05:00:00;0.0;50.0;;99.02290234213928;;;;
2022-10-06 06:00:00;0.0;50.0;;108.9554815074686;;;;
2022-10-06 07:00:00;0.0;50.0;;119.6813014492198;;;;
2022-10-06 08:00:00;0.0;50.0;;130.4812691249013;;;;
2022-10-06 09:00:00;0.0;50.0;;140.6486542306607;;;;
2022-10-06 10:00:00;0.0;50.0;;149.5098767822409;;;;
2022-10-06 11:00:00;0.0;50.0;;156.4797860202833;;;;
2022-10-06 12:00:00;0.0;50.0;;161.1088809484555;;;;
2022-10-06 13:00:00;0.0;50.0;;163.090250973826;;;;
2022-10-06 14:00:00;0.0;50.0;;162.2970241904661;;;;
2022-10-06 15:00:00;0.0;50.0;;158.7795195351404;;;;
2022-10-06 16:00:00;0.0;50.0;;152.7923758183327;;;;
2022-10-06 17:00:00;0.0;50.0;;144.7487367173953;;;;
2022-10-06 18:00:00;0.0;50.0;;135.2092848101308;;;;
2022-10-06 19:00:00;0.0;50.0;;124.8359531514295;;;;
2022-10-06 20:00:00;0.0;50.0;;114.3724557057618;;;;
2022-10-06 21:00:00;0.0;50.0;;104.5674893493795;;;;
2022-10-06 22:00:00;0.0;50.0;;96.15294615798044;;;;
2022-10-06 23:00:00;0.0;50.0;;91.16087676171271;;;;
2022-10-07 00:00:00;0.0;50.0;;88.6998329463358;;;;
2022-10-07 01:00:00;0.0;50.0;;89.1676994704647;;;;
2022-10-07 02:00:00;0.0;50.0;;91.38435957250391;;;;
2022-10-07 03:00:00;0.0;50.0;;96.75918078208984;;;;
2022-10-07 04:00:00;0.0;50.0;;105.0160364758607;;;;
2022-10-07 05:00:00;0.0;50.0;;115.6869220977036;;;;
2022-10-07 06:00:00;0.0;50.0;;128.1207357142798;;;;
2022-10-07 07:00:00;0.0;50.0;;141.5455095520165;;;;
2022-10-07 08:00:00;0.0;50.0;;155.0926824119657;;;;
2022-10-07 09:00:00;0.0;50.0;;167.8891310031241;;;;
2022-10-07 10:00:00;0.0;50.0;;179.0906707925843;;;;
2022-10-07 11:00:00;0.0;50.0;;187.955605433587;;;;
2022-10-07 12:00:00;0.0;50.0;;193.8887235692552;;;;
2022-10-07 13:00:00;0.0;50.0;;196.4927170454739;;;;
2022-10-07 14:00:00;0.0;50.0;;195.6078758823262;;;;
2022-10-07 15:00:00;0.0;50.0;;191.3130478415544;;;;
2022-10-07 16:00:00;0.0;50.0;;183.915324357513;;;;
2022-10-07 17:00:00;0.0;50.0;;173.9360933780108;;;;
2022-10-07 18:00:00;0.0;50.0;;162.0749992313176;;;;
2022-10-07 19:00:00;0.0;50.0;;149.1856874763674;;;;
2022-10-07 20:00:00;0.0;50.0;;136.1801061132031;;;;
2022-10-07 21:00:00;0.0;50.0;;123.984986562785;;;;
2022-10-07 22:00:00;0.0;50.0;;113.4665361908379;;;;
2022-10-07 23:00:00;0.0;50.0;;106.1426997561273;;;;
2022-10-08 00:00:00;0.0;50.0;;101.81574232135;;;;
2022-10-08 01:00:00;0.0;50.0;;100.8766255367439;;;;
2022-10-08 02:00:00;0.0;50.0;;102.7201692308917;;;;
2022-10-08 03:00:00;0.0;50.0;;108.0306448439366;;;;
2022-10-08 04:00:00;0.0;50.0;;116.4456727118823;;;;
2022-10-08 05:00:00;0.0;50.0;;127.3810610201868;;;;
2022-10-08 06:00:00;0.0;50.0;;140.0789021488248;;;;
2022-10-08 07:00:00;0.0;50.0;;153.6655896487164;;;;
2022-10-08 08:00:00;0.0;50.0;;167.1951675931683;;;;
2022-10-08 09:00:00;0.0;50.0;;179.7364463367989;;;;
2022-10-08 10:00:00;0.0;50.0;;190.4146632778898;;;;
2022-10-08 11:00:00;0.0;50.0;;198.506893276383;;;;
2022-10-08 12:00:00;0.0;50.0;;203.4514163324277;;;;
2022-10-08 13:00:00;0.0;50.0;;204.9118917008109;;;;
2022-10-08 14:00:00;0.0;50.0;;202.7895624869356;;;;
2022-10-08 15:00:00;0.0;50.0;;197.2274629339088;;;;
2022-10-08 16:00:00;0.0;50.0;;188.6051908895255;;;;
2022-10-08 17:00:00;0.0;50.0;;177.5020379264031;;;;
2022-10-08 18:00:00;0.0;50.0;;164.6712729137107;;;;
2022-10-08 19:00:00;0.0;50.0;;150.9714948072455;;;;
2022-10-08 20:00:00;0.0;50.0;;137.3288821873317;;;;
2022-10-08 21:00:00;0.0;50.0;;124.6535102289728;;;;
2022-10-08 22:00:00;0.0;50.0;;113.7969140927121;;;;
2022-10-08 23:00:00;0.0;50.0;;104.980615312137;;;;
2022-10-09 00:00:00;0.0;50.0;;99.26651657009585;;;;
2022-10-09 01:00:00;0.0;50.0;;96.98563653792243;;;;
2022-10-09 02:00:00;0.0;50.0;;98.73539553226105;;;;
2022-10-09 03:00:00;0.0;50.0;;103.8785861451368;;;;
2022-10-09 04:00:00;0.0;50.0;;112.0704864970735;;;;
2022-10-09 05:00:00;0.0;50.0;;122.7685459173375;;;;
2022-10-09 06:00:00;0.0;50.0;;135.260377832069;;;;
2022-10-09 07:00:00;0.0;50.0;;148.7269475825256;;;;
2022-10-09 08:00:00;0.0;50.0;;162.272402122399;;;;
2022-10-09 09:00:00;0.0;50.0;;175.0010881072835;;;;
2022-10-09 10:00:00;0.0;50.0;;186.0620151700029;;;;
2022-10-09 11:00:00;0.0;50.0;;194.7254674522798;;;;
2022-10-09 12:00:00;0.0;50.0;;200.4194690834714;;;;
2022-10-09 13:00:00;0.0;50.0;;202.7583528580688;;;;
2022-10-09 14:00:00;0.0;50.0;;201.594508293428;;;;
2022-10-09 15:00:00;0.0;50.0;;197.0073044401634;;;;
2022-10-09 16:00:00;0.0;50.0;;189.3203679331142;;;;
2022-10-09 17:00:00;0.0;50.0;;179.054809958454;;;;
2022-10-09 18:00:00;0.0;50.0;;166.9341512390517;;;;
2022-10-09 19:00:00;0.0;50.0;;153.8029099078074;;;;
2022-10-09 20:00:00;0.0;50.0;;140.5854418274625;;;;
2022-10-09 21:00:00;0.0;50.0;;128.2080569988259;;;;
2022-10-09 22:00:00;0.0;50.0;;117.5629046975174;;;;
2022-10-09 23:00:00;0.0;50.0;;108.0734590812816;;;;
2022-10-10 00:00:00;0.0;50.0;;101.7245847030676;;;;
2022-10-10 01:00:00;0.0;50.0;;98.8712571782485;;;;
2022-10-10 02:00:00;0.0;50.0;;100.9765105413177;;;;
2022-10-10 03:00:00;0.0;50.0;;106.5301327435153;;;;
2022-10-10 04:00:00;0.0;50.0;;115.1925959235648;;;;
2022-10-10 05:00:00;0.0;50.0;;126.4156030668194;;;;
2022-10-10 06:00:00;0.0;50.0;;139.4614915103012;;;;
2022-10-10 07:00:00;0.0;50.0;;153.4570530432879;;;;
2022-10-10 08:00:00;0.0;50.0;;167.4579883356422;;;;
2022-10-10 09:00:00;0.0;50.0;;180.5111584479478;;;;
2022-10-10 10:00:00;0.0;50.0;;191.730642742526;;;;
2022-10-10 11:00:00;0.0;50.0;;200.3366402631254;;;;
2022-10-10 12:00:00;0.0;50.0;;205.7497493788708;;;;
2022-10-10 13:00:00;0.0;50.0;;207.5825621820354;;;;
2022-10-10 14:00:00;0.0;50.0;;205.7122018743935;;;;
2022-10-10 15:00:00;0.0;50.0;;200.2521740884628;;;;
2022-10-10 16:00:00;0.0;50.0;;191.5934671938815;;;;
2022-10-10 17:00:00;0.0;50.0;;180.3247264578403;;;;
2022-10-10 18:00:00;0.0;50.0;;167.2237511266143;;;;
2022-10-10 19:00:00;0.0;50.0;;153.1722791483188;;;;
2022-10-10 20:00:00;0.0;50.0;;139.1271222690764;;;;
2022-10-10 21:00:00;0.0;50.0;;126.0235020607877;;;;
2022-10-10 22:00:00;0.0;50.0;;114.7337637350533;;;;
2022-10-10 23:00:00;0.0;50.0;;104.9207091754039;;;;
2022-10-11 00:00:00;0.0;50.0;;98.2227809911545;;;;
2022-10-11 01:00:00;0.0;50.0;;94.92228673753927;;;;
2022-10-11 02:00:00;0.0;50.0;;96.12388900739131;;;;
2022-10-11 03:00:00;0.0;50.0;;100.5343550682774;;;;
2022-10-11 04:00:00;0.0;50.0;;107.7635193152844;;;;
2022-10-11 05:00:00;0.0;50.0;;117.2335617281162;;;;
2022-10-11 06:00:00;0.0;50.0;;128.2040161011421;;;;
2022-10-11 07:00:00;0.0;50.0;;139.8479330470285;;;;
2022-10-11 08:00:00;0.0;50.0;;151.3030865990677;;;;
2022-10-11 09:00:00;0.0;50.0;;161.736609191339;;;;
2022-10-11 10:00:00;0.0;50.0;;170.3897639085409;;;;
2022-10-11 11:00:00;0.0;50.0;;176.6330166841309;;;;
2022-10-11 12:00:00;0.0;50.0;;180.011824035874;;;;
2022-10-11 13:00:00;0.0;50.0;;180.2826724288676;;;;
2022-10-11 14:00:00;0.0;50.0;;177.4063664514573;;;;
2022-10-11 15:00:00;0.0;50.0;;171.5734591523006;;;;
2022-10-11 16:00:00;0.0;50.0;;163.1575033126176;;;;
2022-10-11 17:00:00;0.0;50.0;;152.7051707473599;;;;
2022-10-11 18:00:00;0.0;50.0;;140.8874737202657;;;;
2022-10-11 19:00:00;0.0;50.0;;128.4598891114761;;;;
2022-10-11 20:00:00;0.0;50.0;;116.2157036632675;;;;
2022-10-11 21:00:00;0.0;50.0;;104.9171069818951;;;;
2022-10-11 22:00:00;0.0;50.0;;95.26421438184514;;;;
2022-10-11 23:00:00;0.0;50.0;;87.94225283335378;;;;
2022-10-12 00:00:00;0.0;50.0;;83.2679949247177;;;;
2022-10-12 01:00:00;0.0;50.0;;81.48618192771808;;;;
2022-10-12 02:00:00;0.0;50.0;;82.5517375425569;;;;
2022-10-12 03:00:00;0.0;50.0;;86.44201846546136;;;;
2022-10-12 04:00:00;0.0;50.0;;92.84411911579883;;;;
2022-10-12 05:00:00;0.0;50.0;;101.2763555937034;;;;
2022-10-12 06:00:00;0.0;50.0;;111.1457651333819;;;;
2022-10-12 07:00:00;0.0;50.0;;121.7609450242219;;;;
2022-10-12 08:00:00;0.0;50.0;;132.3946782631566;;;;
2022-10-12 09:00:00;0.0;50.0;;142.3177129037389;;;;
2022-10-12 10:00:00;0.0;50.0;;150.8615320326335;;;;
2022-10-12 11:00:00;0.0;50.0;;157.4553705750337;;;;
2022-10-12 12:00:00;0.0;50.0;;161.6551075186632;;;;
2022-10-12 13:00:00;0.0;50.0;;163.1710974564138;;;;
2022-10-12 14:00:00;0.0;50.0;;161.9108956720898;;;;
2022-10-12 15:00:00;0.0;50.0;;157.9528861792982;;;;
2022-10-12 16:00:00;0.0;50.0;;151.5655706569662;;;;
2022-10-12 17:00:00;0.0;50.0;;143.1755356587443;;;;
2022-10-12 18:00:00;0.0;50.0;;133.3549617034534;;;;
2022-10-12 19:00:00;0.0;50.0;;122.7734990094774;;;;
2022-10-12 20:00:00;0.0;50.0;;112.1588215711308;;;;
2022-10-12 21:00:00;0.0;50.0;;102.2549567919256;;;;
2022-10-12 22:00:00;0.0;50.0;;93.76893193907983;;;;
2022-10-12 23:00:00;0.0;50.0;;88.4466883636415;;;;
2022-10-13 00:00:00;0.0;50.0;;85.61654959457793;;;;
2022-10-13 01:00:00;0.0;50.0;;85.63527836119532;;;;
2022-10-13 02:00:00;0.0;50.0;;87.53864992871218;;;;
2022-10-13 03:00:00;0.0;50.0;;92.4520651417331;;;;
2022-10-13 04:00:00;0.0;50.0;;100.0998601076449;;;;
2022-10-13 05:00:00;0.0;50.0;;110.0130680627953;;;;
2022-10-13 06:00:00;0.0;50.0;;121.5626504399446;;;;
2022-10-13 07:00:00;0.0;50.0;;134.0063508211271;;;;
2022-10-13 08:00:00;0.0;50.0;;146.5324765389565;;;;
2022-10-13 09:00:00;0.0;50.0;;158.3002806061766;;;;
2022-10-13 10:00:00;0.0;50.0;;168.5341305879031;;;;
2022-10-13 11:00:00;0.0;50.0;;176.5384300773335;;;;
2022-10-13 12:00:00;0.0;50.0;;181.7867733713329;;;;
2022-10-13 13:00:00;0.0;50.0;;183.910514799491;;;;
2022-10-13 14:00:00;0.0;50.0;;182.7768373205323;;;;
2022-10-13 15:00:00;0.0;50.0;;178.4669724075175;;;;
2022-10-13 16:00:00;0.0;50.0;;171.285259197365;;;;
2022-10-13 17:00:00;0.0;50.0;;161.7322723903652;;;;
2022-10-13 18:00:00;0.0;50.0;;150.4741463785816;;;;
2022-10-13 19:00:00;0.0;50.0;;138.3007771857738;;;;
2022-10-13 20:00:00;0.0;50.0;;126.0652301817156;;;;
2022-10-13 21:00:00;0.0;50.0;;114.6209772030496;;;;
2022-10-13 22:00:00;0.0;50.0;;104.7623113746769;;;;
2022-10-13 23:00:00;0.0;50.0;;98.66776728220269;;;;
2022-10-14 00:00:00;0.0;50.0;;95.33673152896223;;;;
2022-10-14 01:00:00;0.0;50.0;;95.15688537968167;;;;
2022-10-14 02:00:00;0.0;50.0;;96.79873703059128;;;;
2022-10-14 03:00:00;0.0;50.0;;101.7132909094258;;;;
2022-10-14 04:00:00;0.0;50.0;;109.5468574534403;;;;
2022-10-14 05:00:00;0.0;50.0;;119.7435951231558;;;;
2022-10-14 06:00:00;0.0;50.0;;131.5905412589888;;;;
2022-10-14 07:00:00;0.0;50.0;;144.2653313573802;;;;
2022-10-14 08:00:00;0.0;50.0;;156.8848786385884;;;;
2022-10-14 09:00:00;0.0;50.0;;168.5775395083692;;;;
2022-10-14 10:00:00;0.0;50.0;;178.5284021685309;;;;
2022-10-14 11:00:00;0.0;50.0;;186.0654018457528;;;;
2022-10-14 12:00:00;0.0;50.0;;190.6764503109204;;;;
2022-10-14 13:00:00;0.0;50.0;;192.0421330416839;;;;
2022-10-14 14:00:00;0.0;50.0;;190.0580853145964;;;;
2022-10-14 15:00:00;0.0;50.0;;184.8680818171706;;;;
2022-10-14 16:00:00;0.0;50.0;;176.8304864548287;;;;
2022-10-14 17:00:00;0.0;50.0;;166.4908852847165;;;;
2022-10-14 18:00:00;0.0;50.0;;154.5278660668585;;;;
2022-10-14 19:00:00;0.0;50.0;;141.7527372802455;;;;
2022-10-14 20:00:00;0.0;50.0;;129.0268195212245;;;;
2022-10-14 21:00:00;0.0;50.0;;117.2082925395129;;;;
2022-10-14 22:00:00;0.0;50.0;;107.0916560773142;;;;
2022-10-14 23:00:00;0.0;50.0;;100.0795748408846;;;;
2022-10-15 00:00:00;0.0;50.0;;95.96577930105497;;;;
2022-10-15 01:00:00;0.0;50.0;;95.1165669972177;;;;
2022-10-15 02:00:00;0.0;50.0;;96.95599844828055;;;;
2022-10-15 03:00:00;0.0;50.0;;102.1504577508878;;;;
2022-10-15 04:00:00;0.0;50.0;;110.3678859112643;;;;
2022-10-15 05:00:00;0.0;50.0;;121.0974798334951;;;;
2022-10-15 06:00:00;0.0;50.0;;133.6418159126951;;;;
2022-10-15 07:00:00;0.0;50.0;;147.205206916213;;;;
2022-10-15 08:00:00;0.0;50.0;;160.9067558360582;;;;
2022-10-15 09:00:00;0.0;50.0;;173.8691058201946;;;;
2022-10-15 10:00:00;0.0;50.0;;185.2349130007649;;;;
2022-10-15 11:00:00;0.0;50.0;;194.2604816458256;;;;
2022-10-15 12:00:00;0.0;50.0;;200.3561788905873;;;;
2022-10-15 13:00:00;0.0;50.0;;203.1342564795494;;;;
2022-10-15 14:00:00;0.0;50.0;;202.4183312440908;;;;
2022-10-15 15:00:00;0.0;50.0;;198.2544244760697;;;;
2022-10-15 16:00:00;0.0;50.0;;190.9433962092182;;;;
2022-10-15 17:00:00;0.0;50.0;;181.0058865169826;;;;
2022-10-15 18:00:00;0.0;50.0;;169.1516218813953;;;;
2022-10-15 19:00:00;0.0;50.0;;156.2192752891744;;;;
2022-10-15 20:00:00;0.0;50.0;;143.1394410462532;;;;
2022-10-15 21:00:00;0.0;50.0;;130.8611082467826;;;;
2022-10-15 22:00:00;0.0;50.0;;120.299572235835;;;;
2022-10-15 23:00:00;0.0;50.0;;111.7234826613853;;;;
2022-10-16 00:00:00;0.0;50.0;;106.3229336163238;;;;
2022-10-16 01:00:00;0.0;50.0;;104.5107642050514;;;;
2022-10-16 02:00:00;0.0;50.0;;106.9960274278129;;;;
2022-10-16 03:00:00;0.0;50.0;;113.1526266413676;;;;
2022-10-16 04:00:00;0.0;50.0;;122.6531637372857;;;;
2022-10-16 05:00:00;0.0;50.0;;134.9270894204313;;;;
2022-10-16 06:00:00;0.0;50.0;;149.2006681539796;;;;
2022-10-16 07:00:00;0.0;50.0;;164.5591207530769;;;;
2022-10-16 08:00:00;0.0;50.0;;179.9900427497922;;;;
2022-10-16 09:00:00;0.0;50.0;;194.4760175331446;;;;
2022-10-16 10:00:00;0.0;50.0;;207.0312652484567;;;;
2022-10-16 11:00:00;0.0;50.0;;216.8113243969814;;;;
2022-10-16 12:00:00;0.0;50.0;;223.158252899927;;;;
2022-10-16 13:00:00;0.0;50.0;;225.6421729291586;;;;
2022-10-16 14:00:00;0.0;50.0;;224.110494070742;;;;
2022-10-16 15:00:00;0.0;50.0;;218.6507999249667;;;;
2022-10-16 16:00:00;0.0;50.0;;209.6502310859164;;;;
2022-10-16 17:00:00;0.0;50.0;;197.7339565987047;;;;
2022-10-16 18:00:00;0.0;50.0;;183.7447112282069;;;;
2022-10-16 19:00:00;0.0;50.0;;168.6575997033936;;;;
2022-10-16 20:00:00;0.0;50.0;;153.5060136902737;;;;
2022-10-16 21:00:00;0.0;50.0;;139.3381753569084;;;;
2022-10-16 22:00:00;0.0;50.0;;127.1182936351588;;;;
2022-10-16 23:00:00;0.0;50.0;;116.2263268419966;;;;
2022-10-17 00:00:00;0.0;50.0;;108.7580787889949;;;;
2022-10-17 01:00:00;0.0;50.0;;105.0421822715637;;;;
2022-10-17 02:00:00;0.0;50.0;;106.5814558145543;;;;
2022-10-17 03:00:00;0.0;50.0;;111.6893973597287;;;;
2022-10-17 04:00:00;0.0;50.0;;119.9512898084291;;;;
2022-10-17 05:00:00;0.0;50.0;;130.7356315441587;;;;
2022-10-17 06:00:00;0.0;50.0;;143.2315509889034;;;;
2022-10-17 07:00:00;0.0;50.0;;156.51673417143;;;;
2022-10-17 08:00:00;0.0;50.0;;169.633178940929;;;;
2022-10-17 09:00:00;0.0;50.0;;181.6356532569294;;;;
2022-10-17 10:00:00;0.0;50.0;;191.6690328072675;;;;
2022-10-17 11:00:00;0.0;50.0;;199.0032318444163;;;;
2022-10-17 12:00:00;0.0;50.0;;203.1164764718075;;;;
2022-10-17 13:00:00;0.0;50.0;;203.7075651582863;;;;
2022-10-17 14:00:00;0.0;50.0;;200.7274743955262;;;;
2022-10-17 15:00:00;0.0;50.0;;194.3685768629693;;;;
2022-10-17 16:00:00;0.0;50.0;;185.0508466413237;;;;
2022-10-17 17:00:00;0.0;50.0;;173.3850840694096;;;;
2022-10-17 18:00:00;0.0;50.0;;160.1327481289603;;;;
2022-10-17 19:00:00;0.0;50.0;;146.1536692111599;;;;
2022-10-17 20:00:00;0.0;50.0;;132.3480245571276;;;;
2022-10-17 21:00:00;0.0;50.0;;119.5827863746569;;;;
2022-10-17 22:00:00;0.0;50.0;;108.658543803543;;;;
2022-10-17 23:00:00;0.0;50.0;;99.22251501681748;;;;
2022-10-18 00:00:00;0.0;50.0;;92.817747085948;;;;
2022-10-18 01:00:00;0.0;50.0;;89.69172252403234;;;;
2022-10-18 02:00:00;0.0;50.0;;90.88925447992769;;;;
2022-10-18 03:00:00;0.0;50.0;;95.1863112667429;;;;
2022-10-18 04:00:00;0.0;50.0;;102.2343569988453;;;;
2022-10-18 05:00:00;0.0;50.0;;111.5107290670533;;;;
2022-10-18 06:00:00;0.0;50.0;;122.3423396042937;;;;
2022-10-18 07:00:00;0.0;50.0;;133.9668198034242;;;;
2022-10-18 08:00:00;0.0;50.0;;145.5765335851529;;;;
2022-10-18 09:00:00;0.0;50.0;;156.375355216716;;;;
2022-10-18 10:00:00;0.0;50.0;;165.6209657539822;;;;
2022-10-18 11:00:00;0.0;50.0;;172.688449515827;;;;
2022-10-18 12:00:00;0.0;50.0;;177.0955057836598;;;;
2022-10-18 13:00:00;0.0;50.0;;178.544268200216;;;;
2022-10-18 14:00:00;0.0;50.0;;176.9249464251623;;;;
2022-10-18 15:00:00;0.0;50.0;;172.3506322071196;;;;
2022-10-18 16:00:00;0.0;50.0;;165.1200627073716;;;;
2022-10-18 17:00:00;0.0;50.0;;155.7205753418311;;;;
2022-10-18 18:00:00;0.0;50.0;;144.7811486440247;;;;
2022-10-18 19:00:00;0.0;50.0;;133.0446363512019;;;;
2022-10-18 20:00:00;0.0;50.0;;121.3079672060395;;;;
2022-10-18 21:00:00;0.0;50.0;;110.3731840680016;;;;
2022-10-18 22:00:00;0.0;50.0;;100.9927414833458;;;;
2022-10-18 23:00:00;0.0;50.0;;93.93300413781859;;;;
2022-10-19 00:00:00;0.0;50.0;;89.5878189202145;;;;
2022-10-19 01:00:00;0.0;50.0;;88.28270441428185;;;;
2022-10-19 02:00:00;0.0;50.0;;90.03010891100828;;;;
2022-10-19 03:00:00;0.0;50.0;;94.84740466010078;;;;
2022-10-19 04:00:00;0.0;50.0;;102.4311592378868;;;;
2022-10-19 05:00:00;0.0;50.0;;112.2889682354387;;;;
2022-10-19 06:00:00;0.0;50.0;;123.7658854039655;;;;
2022-10-19 07:00:00;0.0;50.0;;136.088902302489;;;;
2022-10-19 08:00:00;0.0;50.0;;148.4233296404234;;;;
2022-10-19 09:00:00;0.0;50.0;;159.9223803899674;;;;
2022-10-19 10:00:00;0.0;50.0;;169.8173291584569;;;;
2022-10-19 11:00:00;0.0;50.0;;177.4203692010124;;;;
2022-10-19 12:00:00;0.0;50.0;;182.2165239308716;;;;
2022-10-19 13:00:00;0.0;50.0;;183.8644846116514;;;;
2022-10-19 14:00:00;0.0;50.0;;182.2517981209769;;;;
2022-10-19 15:00:00;0.0;50.0;;177.4832295312585;;;;
2022-10-19 16:00:00;0.0;50.0;;169.8851088110991;;;;
2022-10-19 17:00:00;0.0;50.0;;159.9864681585437;;;;
2022-10-19 18:00:00;0.0;50.0;;148.462297074463;;;;
2022-10-19 19:00:00;0.0;50.0;;136.0980226004469;;;;
2022-10-19 20:00:00;0.0;50.0;;123.7309468650132;;;;
2022-10-19 21:00:00;0.0;50.0;;112.2000851392864;;;;
2022-10-19 22:00:00;0.0;50.0;;102.2763176170833;;;;
2022-10-19 23:00:00;0.0;50.0;;95.83661903734551;;;;
2022-10-20 00:00:00;0.0;50.0;;92.12689216115172;;;;
2022-10-20 01:00:00;0.0;50.0;;91.4860621830378;;;;
2022-10-20 02:00:00;0.0;50.0;;92.81498006761457;;;;
2022-10-20 03:00:00;0.0;50.0;;97.26319973191984;;;;
2022-10-20 04:00:00;0.0;50.0;;104.4764074408415;;;;
2022-10-20 05:00:00;0.0;50.0;;113.9087905854781;;;;
2022-10-20 06:00:00;0.0;50.0;;124.8595571937946;;;;
2022-10-20 07:00:00;0.0;50.0;;136.5496964011925;;;;
2022-10-20 08:00:00;0.0;50.0;;148.1308812807109;;;;
2022-10-20 09:00:00;0.0;50.0;;158.7924037220152;;;;
2022-10-20 10:00:00;0.0;50.0;;167.7676535496849;;;;
2022-10-20 11:00:00;0.0;50.0;;174.4496791803943;;;;
2022-10-20 12:00:00;0.0;50.0;;178.3634427208736;;;;
2022-10-20 13:00:00;0.0;50.0;;179.2410892658349;;;;
2022-10-20 14:00:00;0.0;50.0;;177.0075160457581;;;;
2022-10-20 15:00:00;0.0;50.0;;171.8181254656125;;;;
2022-10-20 16:00:00;0.0;50.0;;164.0104923653368;;;;
2022-10-20 17:00:00;0.0;50.0;;154.1005562704012;;;;
2022-10-20 18:00:00;0.0;50.0;;142.7480876415132;;;;
2022-10-20 19:00:00;0.0;50.0;;130.7050120469654;;;;
2022-10-20 20:00:00;0.0;50.0;;118.7674180136533;;;;
2022-10-20 21:00:00;0.0;50.0;;107.7100064487184;;;;
2022-10-20 22:00:00;0.0;50.0;;98.26424256155869;;;;
2022-10-20 23:00:00;0.0;50.0;;92.43835739227501;;;;
2022-10-21 00:00:00;0.0;50.0;;89.2844734468588;;;;
2022-10-21 01:00:00;0.0;50.0;;89.14426546826996;;;;
2022-10-21 02:00:00;0.0;50.0;;90.77621026370716;;;;
2022-10-21 03:00:00;0.0;50.0;;95.54886397623714;;;;
2022-10-21 04:00:00;0.0;50.0;;103.1593832191318;;;;
2022-10-21 05:00:00;0.0;50.0;;113.1196998892339;;;;
2022-10-21 06:00:00;0.0;50.0;;124.788053914034;;;;
2022-10-21 07:00:00;0.0;50.0;;137.4126177707578;;;;
2022-10-21 08:00:00;0.0;50.0;;150.1768850355065;;;;
2022-10-21 09:00:00;0.0;50.0;;162.2638776620151;;;;
2022-10-21 10:00:00;0.0;50.0;;172.8777223564641;;;;
2022-10-21 11:00:00;0.0;50.0;;181.3389056237924;;;;
2022-10-21 12:00:00;0.0;50.0;;187.0918487887186;;;;
2022-10-21 13:00:00;0.0;50.0;;189.7674094881365;;;;
2022-10-21 14:00:00;0.0;50.0;;189.1992829805859;;;;
2022-10-21 15:00:00;0.0;50.0;;185.4238945044071;;;;
2022-10-21 16:00:00;0.0;50.0;;178.7175069195261;;;;
2022-10-21 17:00:00;0.0;50.0;;169.551058377749;;;;
2022-10-21 18:00:00;0.0;50.0;;158.5854864289215;;;;
2022-10-21 19:00:00;0.0;50.0;;146.6087210308622;;;;
2022-10-21 20:00:00;0.0;50.0;;134.4790190049019;;;;
2022-10-21 21:00:00;0.0;50.0;;123.088554371184;;;;
2022-10-21 22:00:00;0.0;50.0;;113.2953426681623;;;;
2022-10-21 23:00:00;0.0;50.0;;106.6379129566049;;;;
2022-10-22 00:00:00;0.0;50.0;;102.9567639904026;;;;
2022-10-22 01:00:00;0.0;50.0;;102.7003786887263;;;;
2022-10-22 02:00:00;0.0;50.0;;105.315961267554;;;;
2022-10-22 03:00:00;0.0;50.0;;111.5568893470968;;;;
2022-10-22 04:00:00;0.0;50.0;;121.1157109006354;;;;
2022-10-22 05:00:00;0.0;50.0;;133.4593823351596;;;;
2022-10-22 06:00:00;0.0;50.0;;147.8387786609912;;;;
2022-10-22 07:00:00;0.0;50.0;;163.35116389633;;;;
2022-10-22 08:00:00;0.0;50.0;;178.996231473104;;;;
2022-10-22 09:00:00;0.0;50.0;;193.7583091222609;;;;
2022-10-22 10:00:00;0.0;50.0;;206.6627206177139;;;;
2022-10-22 11:00:00;0.0;50.0;;216.8479502010377;;;;
2022-10-22 12:00:00;0.0;50.0;;223.6319340510371;;;;
2022-10-22 13:00:00;0.0;50.0;;226.5620621157105;;;;
2022-10-22 14:00:00;0.0;50.0;;225.4568293292259;;;;
2022-10-22 15:00:00;0.0;50.0;;220.3971277161272;;;;
2022-10-22 16:00:00;0.0;50.0;;211.7494491654168;;;;
2022-10-22 17:00:00;0.0;50.0;;200.1304026131551;;;;
2022-10-22 18:00:00;0.0;50.0;;186.363325259671;;;;
2022-10-22 19:00:00;0.0;50.0;;171.4209090377623;;;;
2022-10-22 20:00:00;0.0;50.0;;156.3585903812115;;;;
2022-10-22 21:00:00;0.0;50.0;;142.2392009588037;;;;
2022-10-22 22:00:00;0.0;50.0;;130.0586374909956;;;;
2022-10-22 23:00:00;0.0;50.0;;120.09216031931;;;;
2022-10-23 00:00:00;0.0;50.0;;113.5926043260237;;;;
2022-10-23 01:00:00;0.0;50.0;;110.9430994575226;;;;
2022-10-23 02:00:00;0.0;50.0;;112.8337303635887;;;;
2022-10-23 03:00:00;0.0;50.0;;118.51838005371;;;;
2022-10-23 04:00:00;0.0;50.0;;127.5822052633685;;;;
2022-10-23 05:00:00;0.0;50.0;;139.3761286041221;;;;
2022-10-23 06:00:00;0.0;50.0;;153.0533536829399;;;;
2022-10-23 07:00:00;0.0;50.0;;167.6550507217594;;;;
2022-10-23 08:00:00;0.0;50.0;;182.1497740348199;;;;
2022-10-23 09:00:00;0.0;50.0;;195.5152970974264;;;;
2022-10-23 10:00:00;0.0;50.0;;206.8075492558908;;;;
2022-10-23 11:00:00;0.0;50.0;;215.241224840208;;;;
2022-10-23 12:00:00;0.0;50.0;;220.2299501902223;;;;
2022-10-23 13:00:00;0.0;50.0;;221.4216811145474;;;;
2022-10-23 14:00:00;0.0;50.0;;218.7172994757187;;;;
2022-10-23 15:00:00;0.0;50.0;;212.2983263486592;;;;
2022-10-23 16:00:00;0.0;50.0;;202.6000281435971;;;;
2022-10-23 17:00:00;0.0;50.0;;190.28113344997;;;;
2022-10-23 18:00:00;0.0;50.0;;176.1555919846907;;;;
2022-10-23 19:00:00;0.0;50.0;;161.1546840794883;;;;
2022-10-23 20:00:00;0.0;50.0;;146.2635792725706;;;;
2022-10-23 21:00:00;0.0;50.0;;132.458267882029;;;;
2022-10-23 22:00:00;0.0;50.0;;120.6384017691676;;;;
2022-10-23 23:00:00;0.0;50.0;;110.1749204317211;;;;
2022-10-24 00:00:00;0.0;50.0;;103.0406550113242;;;;
2022-10-24 01:00:00;0.0;50.0;;99.52621981632345;;;;
2022-10-24 02:00:00;0.0;50.0;;101.0648096760009;;;;
2022-10-24 03:00:00;0.0;50.0;;106.0551360530479;;;;
2022-10-24 04:00:00;0.0;50.0;;114.1257537587334;;;;
2022-10-24 05:00:00;0.0;50.0;;124.7071848409263;;;;
2022-10-24 06:00:00;0.0;50.0;;137.0546775360579;;;;
2022-10-24 07:00:00;0.0;50.0;;150.3271267658727;;;;
2022-10-24 08:00:00;0.0;50.0;;163.6045025129446;;;;
2022-10-24 09:00:00;0.0;50.0;;175.9930627501838;;;;
2022-10-24 10:00:00;0.0;50.0;;186.6567285878312;;;;
2022-10-24 11:00:00;0.0;50.0;;194.8759006601041;;;;
2022-10-24 12:00:00;0.0;50.0;;200.0961806792671;;;;
2022-10-24 13:00:00;0.0;50.0;;201.9587096637306;;;;
2022-10-24 14:00:00;0.0;50.0;;200.3338819722316;;;;
2022-10-24 15:00:00;0.0;50.0;;195.3220403131211;;;;
2022-10-24 16:00:00;0.0;50.0;;187.2653404082726;;;;
2022-10-24 17:00:00;0.0;50.0;;176.716374903526;;;;
2022-10-24 18:00:00;0.0;50.0;;164.3990531187426;;;;
2022-10-24 19:00:00;0.0;50.0;;151.1467253512374;;;;
2022-10-24 20:00:00;0.0;50.0;;137.8631012049092;;;;
2022-10-24 21:00:00;0.0;50.0;;125.4671527087172;;;;
2022-10-24 22:00:00;0.0;50.0;;114.8195629485876;;;;
2022-10-24 23:00:00;0.0;50.0;;105.5821483559602;;;;
2022-10-25 00:00:00;0.0;50.0;;99.43595603276464;;;;
2022-10-25 01:00:00;0.0;50.0;;96.71346447933597;;;;
2022-10-25 02:00:00;0.0;50.0;;98.60229983061605;;;;
2022-10-25 03:00:00;0.0;50.0;;103.8525644059973;;;;
2022-10-25 04:00:00;0.0;50.0;;112.117958438108;;;;
2022-10-25 05:00:00;0.0;50.0;;122.8458623748681;;;;
2022-10-25 06:00:00;0.0;50.0;;135.3122109948207;;;;
2022-10-25 07:00:00;0.0;50.0;;148.6730501037783;;;;
2022-10-25 08:00:00;0.0;50.0;;162.0192980566502;;;;
2022-10-25 09:00:00;0.0;50.0;;174.4286884758416;;;;
2022-10-25 10:00:00;0.0;50.0;;185.0482979564432;;;;
2022-10-25 11:00:00;0.0;50.0;;193.1416160430605;;;;
2022-10-25 12:00:00;0.0;50.0;;198.1451782426132;;;;
2022-10-25 13:00:00;0.0;50.0;;199.7035681646995;;;;
2022-10-25 14:00:00;0.0;50.0;;197.7083730363408;;;;
2022-10-25 15:00:00;0.0;50.0;;192.2906640851648;;;;
2022-10-25 16:00:00;0.0;50.0;;183.8201239776795;;;;
2022-10-25 17:00:00;0.0;50.0;;172.8663417661423;;;;
2022-10-25 18:00:00;0.0;50.0;;160.1770839765185;;;;
2022-10-25 19:00:00;0.0;50.0;;146.6097037005008;;;;
2022-10-25 20:00:00;0.0;50.0;;133.0768492573417;;;;
2022-10-25 21:00:00;0.0;50.0;;120.4771002428973;;;;
2022-10-25 22:00:00;0.0;50.0;;109.6375216191746;;;;
2022-10-25 23:00:00;0.0;50.0;;101.3605592772679;;;;
2022-10-26 00:00:00;0.0;50.0;;96.04531596542361;;;;
2022-10-26 01:00:00;0.0;50.0;;93.98976974527076;;;;
2022-10-26 02:00:00;0.0;50.0;;95.15950795627538;;;;
2022-10-26 03:00:00;0.0;50.0;;99.50568227646872;;;;
2022-10-26 04:00:00;0.0;50.0;;106.6515370338602;;;;
2022-10-26 05:00:00;0.0;50.0;;116.018496885313;;;;
2022-10-26 06:00:00;0.0;50.0;;126.8903374972631;;;;
2022-10-26 07:00:00;0.0;50.0;;138.4465385664127;;;;
2022-10-26 08:00:00;0.0;50.0;;149.83919077521;;;;
2022-10-26 09:00:00;0.0;50.0;;160.2398138946853;;;;
2022-10-26 10:00:00;0.0;50.0;;168.8976345437245;;;;
2022-10-26 11:00:00;0.0;50.0;;175.19000375977;;;;
2022-10-26 12:00:00;0.0;50.0;;178.6629268628143;;;;
2022-10-26 13:00:00;0.0;50.0;;179.0687222971503;;;;
2022-10-26 14:00:00;0.0;50.0;;176.3649306118742;;;;
2022-10-26 15:00:00;0.0;50.0;;170.7258081606309;;;;
2022-10-26 16:00:00;0.0;50.0;;162.5170546598839;;;;
2022-10-26 17:00:00;0.0;50.0;;152.2701024202773;;;;
2022-10-26 18:00:00;0.0;50.0;;140.6622840512071;;;;
2022-10-26 19:00:00;0.0;50.0;;128.4363626279142;;;;
2022-10-26 20:00:00;0.0;50.0;;116.377732197664;;;;
2022-10-26 21:00:00;0.0;50.0;;105.2431229084774;;;;
2022-10-26 22:00:00;0.0;50.0;;95.73452436832767;;;;
2022-10-26 23:00:00;0.0;50.0;;89.57731059156487;;;;
2022-10-27 00:00:00;0.0;50.0;;86.04562480170243;;;;
2022-10-27 01:00:00;0.0;50.0;;85.44892123580983;;;;
2022-10-27 02:00:00;0.0;50.0;;86.7665845986642;;;;
2022-10-27 03:00:00;0.0;50.0;;91.07279781977222;;;;
2022-10-27 04:00:00;0.0;50.0;;98.05089831813886;;;;
2022-10-27 05:00:00;0.0;50.0;;107.2189422305046;;;;
2022-10-27 06:00:00;0.0;50.0;;117.9627360464438;;;;
2022-10-27 07:00:00;0.0;50.0;;129.5611858126122;;;;
2022-10-27 08:00:00;0.0;50.0;;141.2426492752818;;;;
2022-10-27 09:00:00;0.0;50.0;;152.2352062431211;;;;
2022-10-27 10:00:00;0.0;50.0;;161.8214171666543;;;;
2022-10-27 11:00:00;0.0;50.0;;169.3761394359734;;;;
2022-10-27 12:00:00;0.0;50.0;;174.397675185247;;;;
2022-10-27 13:00:00;0.0;50.0;;176.5521544394859;;;;
2022-10-27 14:00:00;0.0;50.0;;175.6974009047393;;;;
2022-10-27 15:00:00;0.0;50.0;;171.8988803806995;;;;
2022-10-27 16:00:00;0.0;50.0;;165.4205551015221;;;;
2022-10-27 17:00:00;0.0;50.0;;156.7096460725637;;;;
2022-10-27 18:00:00;0.0;50.0;;146.3740785446158;;;;
2022-10-27 19:00:00;0.0;50.0;;135.1434140517161;;;;
2022-10-27 20:00:00;0.0;50.0;;123.8162728187607;;;;
2022-10-27 21:00:00;0.0;50.0;;113.2120030777876;;;;
2022-10-27 22:00:00;0.0;50.0;;104.1075690474461;;;;
2022-10-27 23:00:00;0.0;50.0;;98.69787265964527;;;;
2022-10-28 00:00:00;0.0;50.0;;96.02383883176864;;;;
2022-10-28 01:00:00;0.0;50.0;;96.52652310900773;;;;
2022-10-28 02:00:00;0.0;50.0;;98.92861630888092;;;;
2022-10-28 03:00:00;0.0;50.0;;104.7454751154337;;;;
2022-10-28 04:00:00;0.0;50.0;;113.6864576356396;;;;
2022-10-28 05:00:00;0.0;50.0;;125.2434571894046;;;;
2022-10-28 06:00:00;0.0;50.0;;138.7125458943325;;;;
2022-10-28 07:00:00;0.0;50.0;;153.242828077948;;;;
2022-10-28 08:00:00;0.0;50.0;;167.9165997585685;;;;
2022-10-28 09:00:00;0.0;50.0;;181.7766697496171;;;;
2022-10-28 10:00:00;0.0;50.0;;193.9128103347109;;;;
2022-10-28 11:00:00;0.0;50.0;;203.5102993594296;;;;
2022-10-28 12:00:00;0.0;50.0;;209.940612004423;;;;
2022-10-28 13:00:00;0.0;50.0;;212.7743954512808;;;;
2022-10-28 14:00:00;0.0;50.0;;211.8250108300588;;;;
2022-10-28 15:00:00;0.0;50.0;;207.1697567350381;;;;
2022-10-28 16:00:00;0.0;50.0;;199.1567002654056;;;;
2022-10-28 17:00:00;0.0;50.0;;188.3506544934924;;;;
2022-10-28 18:00:00;0.0;50.0;;175.5136677325441;;;;
2022-10-28 19:00:00;0.0;50.0;;161.5559286823151;;;;
2022-10-28 20:00:00;0.0;50.0;;147.4789758372856;;;;
2022-10-28 21:00:00;0.0;50.0;;134.2828007050693;;;;
2022-10-28 22:00:00;0.0;50.0;;122.8993277565802;;;;
2022-10-28 23:00:00;0.0;50.0;;114.9582784272808;;;;
2022-10-29 00:00:00;0.0;50.0;;110.2604360598213;;;;
2022-10-29 01:00:00;0.0;50.0;;109.2371570915887;;;;
2022-10-29 02:00:00;0.0;50.0;;111.2360999990046;;;;
2022-10-29 03:00:00;0.0;50.0;;116.9890656951967;;;;
2022-10-29 04:00:00;0.0;50.0;;126.1019618849305;;;;
2022-10-29 05:00:00;0.0;50.0;;137.9500249237954;;;;
2022-10-29 06:00:00;0.0;50.0;;151.7080765398051;;;;
2022-10-29 07:00:00;0.0;50.0;;166.4246308080586;;;;
2022-10-29 08:00:00;0.0;50.0;;181.0770123527851;;;;
2022-10-29 09:00:00;0.0;50.0;;194.6679996077594;;;;
2022-10-29 10:00:00;0.0;50.0;;206.2482632472342;;;;
2022-10-29 11:00:00;0.0;50.0;;215.0274483948759;;;;
2022-10-29 12:00:00;0.0;50.0;;220.3872599073226;;;;
2022-10-29 13:00:00;0.0;50.0;;221.9680068916603;;;;
2022-10-29 14:00:00;0.0;50.0;;219.6566385023276;;;;
2022-10-29 15:00:00;0.0;50.0;;213.6205075674775;;;;
2022-10-29 16:00:00;0.0;50.0;;204.2745735912079;;;;
2022-10-29 17:00:00;0.0;50.0;;192.2494823041373;;;;
2022-10-29 18:00:00;0.0;50.0;;178.3514636979832;;;;
2022-10-29 19:00:00;0.0;50.0;;163.5159284552046;;;;
2022-10-29 20:00:00;0.0;50.0;;148.7434323850458;;;;
2022-10-29 21:00:00;0.0;50.0;;135.0178176823744;;;;
2022-10-29 22:00:00;0.0;50.0;;123.2584393152263;;;;
2022-10-29 23:00:00;0.0;50.0;;113.6989200582557;;;;
2022-10-30 00:00:00;0.0;50.0;;107.5020627081334;;;;
2022-10-30 01:00:00;0.0;50.0;;105.0171750966191;;;;
2022-10-30 02:00:00;0.0;50.0;;106.9054348588393;;;;
2022-10-30 03:00:00;0.0;50.0;;112.4648085463998;;;;
2022-10-30 04:00:00;0.0;50.0;;121.3336969945091;;;;
2022-10-30 05:00:00;0.0;50.0;;132.9207275682073;;;;
2022-10-30 06:00:00;0.0;50.0;;146.4569238037168;;;;
2022-10-30 07:00:00;0.0;50.0;;161.0462000780559;;;;
2022-10-30 08:00:00;0.0;50.0;;175.724701493462;;;;
2022-10-30 09:00:00;0.0;50.0;;189.5071353447574;;;;
2022-10-30 10:00:00;0.0;50.0;;201.4775339223231;;;;
2022-10-30 11:00:00;0.0;50.0;;210.8444015636155;;;;
2022-10-30 12:00:00;0.0;50.0;;216.9907205780133;;;;
2022-10-30 13:00:00;0.0;50.0;;219.5068103695929;;;;
2022-10-30 14:00:00;0.0;50.0;;218.2278845181276;;;;
2022-10-30 15:00:00;0.0;50.0;;213.2491801148169;;;;
2022-10-30 16:00:00;0.0;50.0;;204.9135685226034;;;;
2022-10-30 17:00:00;0.0;50.0;;193.7947458688015;;;;
2022-10-30 18:00:00;0.0;50.0;;180.668137667496;;;;
2022-10-30 19:00:00;0.0;50.0;;166.4548940608317;;;;
2022-10-30 20:00:00;0.0;50.0;;152.1474319971999;;;;
2022-10-30 21:00:00;0.0;50.0;;138.757531183025;;;;
2022-10-30 22:00:00;0.0;50.0;;127.2423029235666;;;;
2022-10-30 23:00:00;0.0;50.0;;116.965154836137;;;;
2022-10-31 00:00:00;0.0;50.0;;110.0901160839599;;;;
2022-10-31 01:00:00;0.0;50.0;;106.9907541312977;;;;
2022-10-31 02:00:00;0.0;50.0;;109.2678506063548;;;;
2022-10-31 03:00:00;0.0;50.0;;115.2687701416719;;;;
2022-10-31 04:00:00;0.0;50.0;;124.6360396495953;;;;
2022-10-31 05:00:00;0.0;50.0;;136.7762862277357;;;;
2022-10-31 06:00:00;0.0;50.0;;150.8850554365173;;;;
2022-10-31 07:00:00;0.0;50.0;;166.0202463005738;;;;
2022-10-31 08:00:00;0.0;50.0;;181.1660082077289;;;;
2022-10-31 09:00:00;0.0;50.0;;195.2905297566492;;;;
2022-10-31 10:00:00;0.0;50.0;;207.4313906132549;;;;
2022-10-31 11:00:00;0.0;50.0;;216.7451523507562;;;;
2022-10-31 12:00:00;0.0;50.0;;222.5990722770151;;;;
2022-10-31 13:00:00;0.0;50.0;;224.586891053271;;;;
2022-10-31 14:00:00;0.0;50.0;;222.5649691388914;;;;
2022-10-31 15:00:00;0.0;50.0;;216.6721297021215;;;;
2022-10-31 16:00:00;0.0;50.0;;207.3143599477275;;;;
2022-10-31 17:00:00;0.0;50.0;;195.1305080070521;;;;
2022-10-31 18:00:00;0.0;50.0;;180.960670010527;;;;
2022-10-31 19:00:00;0.0;50.0;;165.759484323904;;;;
2022-10-31 20:00:00;0.0;50.0;;150.562328993123;;;;
2022-10-31 21:00:00;0.0;50.0;;136.3831393949299;;;;
2022-10-31 22:00:00;0.0;50.0;;124.1673272854727;;;;
2022-10-31 23:00:00;0.0;50.0;;113.5358151654195;;;;
2022-11-01 00:00:00;0.0;50.0;;106.2733992587604;;;;
2022-11-01 01:00:00;0.0;50.0;;102.6873958472965;;;;
2022-11-01 02:00:00;0.0;50.0;;103.9887105259393;;;;
2022-11-01 03:00:00;0.0;50.0;;108.7601538807395;;;;
2022-11-01 04:00:00;0.0;50.0;;116.5801300821982;;;;
2022-11-01 05:00:00;0.0;50.0;;126.8214408288133;;;;
2022-11-01 06:00:00;0.0;50.0;;138.6947999384188;;;;
2022-11-01 07:00:00;0.0;50.0;;151.2993593393704;;;;
2022-11-01 08:00:00;0.0;50.0;;163.7017765544582;;;;
2022-11-01 09:00:00;0.0;50.0;;174.9888152388072;;;;
2022-11-01 10:00:00;0.0;50.0;;184.3422743344518;;;;
2022-11-01 11:00:00;0.0;50.0;;191.0889021426218;;;;
2022-11-01 12:00:00;0.0;50.0;;194.7387569657919;;;;
2022-11-01 13:00:00;0.0;50.0;;195.0330362233758;;;;
2022-11-01 14:00:00;0.0;50.0;;191.9238521439393;;;;
2022-11-01 15:00:00;0.0;50.0;;185.6146368204495;;;;
2022-11-01 16:00:00;0.0;50.0;;176.5073233075076;;;;
2022-11-01 17:00:00;0.0;50.0;;165.1946918215629;;;;
2022-11-01 18:00:00;0.0;50.0;;152.4084784292277;;;;
2022-11-01 19:00:00;0.0;50.0;;138.9648748505118;;;;
2022-11-01 20:00:00;0.0;50.0;;125.7244426196675;;;;
2022-11-01 21:00:00;0.0;50.0;;113.5079778222668;;;;
2022-11-01 22:00:00;0.0;50.0;;103.0710713599566;;;;
2022-11-01 23:00:00;0.0;50.0;;95.14122029453559;;;;
2022-11-02 00:00:00;0.0;50.0;;90.07444043184273;;;;
2022-11-02 01:00:00;0.0;50.0;;88.13854448303042;;;;
2022-11-02 02:00:00;0.0;50.0;;89.29338387530822;;;;
2022-11-02 03:00:00;0.0;50.0;;93.50261792839123;;;;
2022-11-02 04:00:00;0.0;50.0;;100.425089188216;;;;
2022-11-02 05:00:00;0.0;50.0;;109.5458037317623;;;;
2022-11-02 06:00:00;0.0;50.0;;120.2191704073048;;;;
2022-11-02 07:00:00;0.0;50.0;;131.6973099142244;;;;
2022-11-02 08:00:00;0.0;50.0;;143.196709686223;;;;
2022-11-02 09:00:00;0.0;50.0;;153.9292559496481;;;;
2022-11-02 10:00:00;0.0;50.0;;163.1753066728351;;;;
2022-11-02 11:00:00;0.0;50.0;;170.3076630952218;;;;
2022-11-02 12:00:00;0.0;50.0;;174.8554772687633;;;;
2022-11-02 13:00:00;0.0;50.0;;176.5067445446583;;;;
2022-11-02 14:00:00;0.0;50.0;;175.1524645188764;;;;
2022-11-02 15:00:00;0.0;50.0;;170.8760206578938;;;;
2022-11-02 16:00:00;0.0;50.0;;163.9643971630595;;;;
2022-11-02 17:00:00;0.0;50.0;;154.8849692713428;;;;
2022-11-02 18:00:00;0.0;50.0;;144.2549659102083;;;;
2022-11-02 19:00:00;0.0;50.0;;132.8019908651689;;;;
2022-11-02 20:00:00;0.0;50.0;;121.3195799138235;;;;
2022-11-02 21:00:00;0.0;50.0;;110.6080224326989;;;;
2022-11-02 22:00:00;0.0;50.0;;101.4299557794918;;;;
2022-11-02 23:00:00;0.0;50.0;;95.66339388209852;;;;
2022-11-03 00:00:00;0.0;50.0;;92.59174569248513;;;;
2022-11-03 01:00:00;0.0;50.0;;92.60474628363619;;;;
2022-11-03 02:00:00;0.0;50.0;;94.66442901673909;;;;
2022-11-03 03:00:00;0.0;50.0;;99.97626122217223;;;;
2022-11-03 04:00:00;0.0;50.0;;108.2406130109816;;;;
2022-11-03 05:00:00;0.0;50.0;;118.9571582206046;;;;
2022-11-03 06:00:00;0.0;50.0;;131.4481405210538;;;;
2022-11-03 07:00:00;0.0;50.0;;144.9092475224105;;;;
2022-11-03 08:00:00;0.0;50.0;;158.4539295575097;;;;
2022-11-03 09:00:00;0.0;50.0;;171.1822827610676;;;;
2022-11-03 10:00:00;0.0;50.0;;182.2353265235082;;;;
2022-11-03 11:00:00;0.0;50.0;;190.8771355639072;;;;
2022-11-03 12:00:00;0.0;50.0;;196.5327160268799;;;;
2022-11-03 13:00:00;0.0;50.0;;198.8235647388242;;;;
2022-11-03 14:00:00;0.0;50.0;;197.5907968462413;;;;
2022-11-03 15:00:00;0.0;50.0;;192.9165198363034;;;;
2022-11-03 16:00:00;0.0;50.0;;185.1424389448528;;;;
2022-11-03 17:00:00;0.0;50.0;;174.8151496364545;;;;
2022-11-03 18:00:00;0.0;50.0;;162.6536218269673;;;;
2022-11-03 19:00:00;0.0;50.0;;149.5034506139449;;;;
2022-11-03 20:00:00;0.0;50.0;;136.2807763976097;;;;
2022-11-03 21:00:00;0.0;50.0;;123.9111784378032;;;;
2022-11-03 22:00:00;0.0;50.0;;113.2542719777565;;;;
2022-11-03 23:00:00;0.0;50.0;;106.6496103672156;;;;
2022-11-04 00:00:00;0.0;50.0;;103.0368016353809;;;;
2022-11-04 01:00:00;0.0;50.0;;102.8285062239636;;;;
2022-11-04 02:00:00;0.0;50.0;;104.6010847353796;;;;
2022-11-04 03:00:00;0.0;50.0;;109.9055018656663;;;;
2022-11-04 04:00:00;0.0;50.0;;118.3662551146719;;;;
2022-11-04 05:00:00;0.0;50.0;;129.3833879281526;;;;
2022-11-04 06:00:00;0.0;50.0;;142.1907251823165;;;;
2022-11-04 07:00:00;0.0;50.0;;155.8852349870978;;;;
2022-11-04 08:00:00;0.0;50.0;;169.5271238791132;;;;
2022-11-04 09:00:00;0.0;50.0;;182.1702877515214;;;;
2022-11-04 10:00:00;0.0;50.0;;192.9443256994725;;;;
2022-11-04 11:00:00;0.0;50.0;;201.1039361244853;;;;
2022-11-04 12:00:00;0.0;50.0;;206.0902191177458;;;;
2022-11-04 13:00:00;0.0;50.0;;207.5683877685217;;;;
2022-11-04 14:00:00;0.0;50.0;;205.4340651146092;;;;
2022-11-04 15:00:00;0.0;50.0;;199.8265165260828;;;;
2022-11-04 16:00:00;0.0;50.0;;191.1275691410808;;;;
2022-11-04 17:00:00;0.0;50.0;;179.9310499991614;;;;
2022-11-04 18:00:00;0.0;50.0;;167.0017890350597;;;;
2022-11-04 19:00:00;0.0;50.0;;153.2007467614299;;;;
2022-11-04 20:00:00;0.0;50.0;;139.4559338116848;;;;
2022-11-04 21:00:00;0.0;50.0;;126.6825783347066;;;;
2022-11-04 22:00:00;0.0;50.0;;115.7477638867786;;;;
2022-11-04 23:00:00;0.0;50.0;;108.1510465075224;;;;
2022-11-05 00:00:00;0.0;50.0;;103.6915573896102;;;;
2022-11-05 01:00:00;0.0;50.0;;102.7558213353454;;;;
2022-11-05 02:00:00;0.0;50.0;;104.7448246869496;;;;
2022-11-05 03:00:00;0.0;50.0;;110.3506272763068;;;;
2022-11-05 04:00:00;0.0;50.0;;119.2296833034533;;;;
2022-11-05 05:00:00;0.0;50.0;;130.8171671881;;;;
2022-11-05 06:00:00;0.0;50.0;;144.3785243513943;;;;
2022-11-05 07:00:00;0.0;50.0;;159.0368253491939;;;;
2022-11-05 08:00:00;0.0;50.0;;173.8449848461943;;;;
2022-11-05 09:00:00;0.0;50.0;;187.842522836832;;;;
2022-11-05 10:00:00;0.0;50.0;;200.1259208041539;;;;
2022-11-05 11:00:00;0.0;50.0;;209.8788291908349;;;;
2022-11-05 12:00:00;0.0;50.0;;216.4598800742689;;;;
2022-11-05 13:00:00;0.0;50.0;;219.4421731020289;;;;
2022-11-05 14:00:00;0.0;50.0;;218.6522341424447;;;;
2022-11-05 15:00:00;0.0;50.0;;214.1541412882016;;;;
2022-11-05 16:00:00;0.0;50.0;;206.2635852897887;;;;
2022-11-05 17:00:00;0.0;50.0;;195.5281605944399;;;;
2022-11-05 18:00:00;0.0;50.0;;182.7144437302204;;;;
2022-11-05 19:00:00;0.0;50.0;;168.7263957006138;;;;
2022-11-05 20:00:00;0.0;50.0;;154.5806978592617;;;;
2022-11-05 21:00:00;0.0;50.0;;141.3024926407606;;;;
2022-11-05 22:00:00;0.0;50.0;;129.8858313461725;;;;
2022-11-05 23:00:00;0.0;50.0;;120.6067162084927;;;;
2022-11-06 00:00:00;0.0;50.0;;114.7569427783032;;;;
2022-11-06 01:00:00;0.0;50.0;;112.7855287857579;;;;
2022-11-06 02:00:00;0.0;50.0;;115.469752025737;;;;
2022-11-06 03:00:00;0.0;50.0;;122.1136971558875;;;;
2022-11-06 04:00:00;0.0;50.0;;132.359916601322;;;;
2022-11-06 05:00:00;0.0;50.0;;145.5948223832635;;;;
2022-11-06 06:00:00;0.0;50.0;;160.9910443383007;;;;
2022-11-06 07:00:00;0.0;50.0;;177.5555885813522;;;;
2022-11-06 08:00:00;0.0;50.0;;194.2073824929902;;;;
2022-11-06 09:00:00;0.0;50.0;;209.8420564775929;;;;
2022-11-06 10:00:00;0.0;50.0;;223.3981929114321;;;;
2022-11-06 11:00:00;0.0;50.0;;233.959753151979;;;;
2022-11-06 12:00:00;0.0;50.0;;240.8062034726677;;;;
2022-11-06 13:00:00;0.0;50.0;;243.492235719877;;;;
2022-11-06 14:00:00;0.0;50.0;;241.8227769129561;;;;
2022-11-06 15:00:00;0.0;50.0;;235.9251282059183;;;;
2022-11-06 16:00:00;0.0;50.0;;226.2102768082081;;;;
2022-11-06 17:00:00;0.0;50.0;;213.367556052356;;;;
2022-11-06 18:00:00;0.0;50.0;;198.2880200557277;;;;
2022-11-06 19:00:00;0.0;50.0;;182.0145323969605;;;;
2022-11-06 20:00:00;0.0;50.0;;165.675565892999;;;;
2022-11-06 21:00:00;0.0;50.0;;150.3901077038308;;;;
2022-11-06 22:00:00;0.0;50.0;;137.2017817338667;;;;
2022-11-06 23:00:00;0.0;50.0;;125.4206855089689;;;;
2022-11-07 00:00:00;0.0;50.0;;117.341344990379;;;;
2022-11-07 01:00:00;0.0;50.0;;113.3144047800308;;;;
2022-11-07 02:00:00;0.0;50.0;;114.9789799079666;;;;
2022-11-07 03:00:00;0.0;50.0;;120.4873045951552;;;;
2022-11-07 04:00:00;0.0;50.0;;129.3962454611887;;;;
2022-11-07 05:00:00;0.0;50.0;;141.0221593527666;;;;
2022-11-07 06:00:00;0.0;50.0;;154.4966070225543;;;;
2022-11-07 07:00:00;0.0;50.0;;168.828583264814;;;;
2022-11-07 08:00:00;0.0;50.0;;182.9784043299423;;;;
2022-11-07 09:00:00;0.0;50.0;;195.9289737773676;;;;
2022-11-07 10:00:00;0.0;50.0;;206.7490073486717;;;;
2022-11-07 11:00:00;0.0;50.0;;214.6627644876661;;;;
2022-11-07 12:00:00;0.0;50.0;;219.1092115369625;;;;
2022-11-07 13:00:00;0.0;50.0;;219.7680894195374;;;;
2022-11-07 14:00:00;0.0;50.0;;216.5791547328406;;;;
2022-11-07 15:00:00;0.0;50.0;;209.7364728267783;;;;
2022-11-07 16:00:00;0.0;50.0;;199.6883807993633;;;;
2022-11-07 17:00:00;0.0;50.0;;187.0975593041235;;;;
2022-11-07 18:00:00;0.0;50.0;;172.7916800699017;;;;
2022-11-07 19:00:00;0.0;50.0;;157.6986480477333;;;;
2022-11-07 20:00:00;0.0;50.0;;142.7878035014001;;;;
2022-11-07 21:00:00;0.0;50.0;;129.0040419009372;;;;
2022-11-07 22:00:00;0.0;50.0;;117.2111237871432;;;;
2022-11-07 23:00:00;0.0;50.0;;107.0188651892751;;;;
2022-11-08 00:00:00;0.0;50.0;;100.0924432190629;;;;
2022-11-08 01:00:00;0.0;50.0;;96.69998604900701;;;;
2022-11-08 02:00:00;0.0;50.0;;97.98349193493331;;;;
2022-11-08 03:00:00;0.0;50.0;;102.6068378210297;;;;
2022-11-08 04:00:00;0.0;50.0;;110.1979992959486;;;;
2022-11-08 05:00:00;0.0;50.0;;120.1877487911557;;;;
2022-11-08 06:00:00;0.0;50.0;;131.8504034927554;;;;
2022-11-08 07:00:00;0.0;50.0;;144.3612356001539;;;;
2022-11-08 08:00:00;0.0;50.0;;156.8581634879116;;;;
2022-11-08 09:00:00;0.0;50.0;;168.4838224516226;;;;
2022-11-08 10:00:00;0.0;50.0;;178.442701604783;;;;
2022-11-08 11:00:00;0.0;50.0;;186.0449755163608;;;;
2022-11-08 12:00:00;0.0;50.0;;190.7795411183432;;;;
2022-11-08 13:00:00;0.0;50.0;;192.3231479340511;;;;
2022-11-08 14:00:00;0.0;50.0;;190.5686278040257;;;;
2022-11-08 15:00:00;0.0;50.0;;185.6361741486939;;;;
2022-11-08 16:00:00;0.0;50.0;;177.8497083922948;;;;
2022-11-08 17:00:00;0.0;50.0;;167.7303777022638;;;;
2022-11-08 18:00:00;0.0;50.0;;155.9482520151677;;;;
2022-11-08 19:00:00;0.0;50.0;;143.3066423083936;;;;
2022-11-08 20:00:00;0.0;50.0;;130.6660026170501;;;;
2022-11-08 21:00:00;0.0;50.0;;118.8911646195615;;;;
2022-11-08 22:00:00;0.0;50.0;;108.7924685349401;;;;
2022-11-08 23:00:00;0.0;50.0;;101.1755482923396;;;;
2022-11-09 00:00:00;0.0;50.0;;96.48084215716281;;;;
2022-11-09 01:00:00;0.0;50.0;;95.05328539846892;;;;
2022-11-09 02:00:00;0.0;50.0;;96.92828572609625;;;;
2022-11-09 03:00:00;0.0;50.0;;102.1138639925553;;;;
2022-11-09 04:00:00;0.0;50.0;;110.2846626687767;;;;
2022-11-09 05:00:00;0.0;50.0;;120.9046373523006;;;;
2022-11-09 06:00:00;0.0;50.0;;133.259192833069;;;;
2022-11-09 07:00:00;0.0;50.0;;146.5238613504399;;;;
2022-11-09 08:00:00;0.0;50.0;;159.7972519690202;;;;
2022-11-09 09:00:00;0.0;50.0;;172.1831280061075;;;;
2022-11-09 10:00:00;0.0;50.0;;182.8361863945943;;;;
2022-11-09 11:00:00;0.0;50.0;;191.0246112909338;;;;
2022-11-09 12:00:00;0.0;50.0;;196.1873157618736;;;;
2022-11-09 13:00:00;0.0;50.0;;197.9639487194979;;;;
2022-11-09 14:00:00;0.0;50.0;;196.2304693735572;;;;
2022-11-09 15:00:00;0.0;50.0;;191.1031579268596;;;;
2022-11-09 16:00:00;0.0;50.0;;182.9302851447025;;;;
2022-11-09 17:00:00;0.0;50.0;;172.2762349706868;;;;
2022-11-09 18:00:00;0.0;50.0;;159.86952613421;;;;
2022-11-09 19:00:00;0.0;50.0;;146.5571814055253;;;;
2022-11-09 20:00:00;0.0;50.0;;133.2423616380198;;;;
2022-11-09 21:00:00;0.0;50.0;;120.8221800024188;;;;
2022-11-09 22:00:00;0.0;50.0;;110.1341313484365;;;;
2022-11-09 23:00:00;0.0;50.0;;103.1838830752976;;;;
2022-11-10 00:00:00;0.0;50.0;;99.1754329762893;;;;
2022-11-10 01:00:00;0.0;50.0;;98.4700207060081;;;;
2022-11-10 02:00:00;0.0;50.0;;99.90229774846692;;;;
2022-11-10 03:00:00;0.0;50.0;;104.6933494121302;;;;
2022-11-10 04:00:00;0.0;50.0;;112.4591630544456;;;;
2022-11-10 05:00:00;0.0;50.0;;122.6168766549049;;;;
2022-11-10 06:00:00;0.0;50.0;;134.4151334617672;;;;
2022-11-10 07:00:00;0.0;50.0;;147.0006962336963;;;;
2022-11-10 08:00:00;0.0;50.0;;159.4665113293977;;;;
2022-11-10 09:00:00;0.0;50.0;;170.9322957018245;;;;
2022-11-10 10:00:00;0.0;50.0;;180.595940617364;;;;
2022-11-10 11:00:00;0.0;50.0;;187.7889357003841;;;;
2022-11-10 12:00:00;0.0;50.0;;192.0057346032014;;;;
2022-11-10 13:00:00;0.0;50.0;;192.9503159804722;;;;
2022-11-10 14:00:00;0.0;50.0;;190.5502579237569;;;;
2022-11-10 15:00:00;0.0;50.0;;184.9719217136675;;;;
2022-11-10 16:00:00;0.0;50.0;;176.5756359574073;;;;
2022-11-10 17:00:00;0.0;50.0;;165.9139771630359;;;;
2022-11-10 18:00:00;0.0;50.0;;153.6951734009394;;;;
2022-11-10 19:00:00;0.0;50.0;;140.7328999672014;;;;
2022-11-10 20:00:00;0.0;50.0;;127.8846812329632;;;;
2022-11-10 21:00:00;0.0;50.0;;115.9856745780276;;;;
2022-11-10 22:00:00;0.0;50.0;;105.8158245579971;;;;
2022-11-10 23:00:00;0.0;50.0;;99.52211304061603;;;;
2022-11-11 00:00:00;0.0;50.0;;96.1019347758368;;;;
2022-11-11 01:00:00;0.0;50.0;;95.92870731700046;;;;
2022-11-11 02:00:00;0.0;50.0;;97.68541752323395;;;;
2022-11-11 03:00:00;0.0;50.0;;102.8255425361206;;;;
2022-11-11 04:00:00;0.0;50.0;;111.0201879647763;;;;
2022-11-11 05:00:00;0.0;50.0;;121.7365268109033;;;;
2022-11-11 06:00:00;0.0;50.0;;134.289425914901;;;;
2022-11-11 07:00:00;0.0;50.0;;147.8733300817206;;;;
2022-11-11 08:00:00;0.0;50.0;;161.6132211085532;;;;
2022-11-11 09:00:00;0.0;50.0;;174.6183017327547;;;;
2022-11-11 10:00:00;0.0;50.0;;186.042863207384;;;;
2022-11-11 11:00:00;0.0;50.0;;195.1453578208337;;;;
2022-11-11 12:00:00;0.0;50.0;;201.3366347695084;;;;
2022-11-11 13:00:00;0.0;50.0;;204.209622256004;;;;
2022-11-11 14:00:00;0.0;50.0;;203.5886487836997;;;;
2022-11-11 15:00:00;0.0;50.0;;199.5243489274883;;;;
2022-11-11 16:00:00;0.0;50.0;;192.306585156241;;;;
2022-11-11 17:00:00;0.0;50.0;;182.4473428796516;;;;
2022-11-11 18:00:00;0.0;50.0;;170.6462918263416;;;;
2022-11-11 19:00:00;0.0;50.0;;157.7597095687388;;;;
2022-11-11 20:00:00;0.0;50.0;;144.7077455531073;;;;
2022-11-11 21:00:00;0.0;50.0;;132.4534971994456;;;;
2022-11-11 22:00:00;0.0;50.0;;121.9173533661211;;;;
2022-11-11 23:00:00;0.0;50.0;;114.7349594342664;;;;
2022-11-12 00:00:00;0.0;50.0;;110.7544805098334;;;;
2022-11-12 01:00:00;0.0;50.0;;110.4568215376135;;;;
2022-11-12 02:00:00;0.0;50.0;;113.2735413298296;;;;
2022-11-12 03:00:00;0.0;50.0;;119.9915042155443;;;;
2022-11-12 04:00:00;0.0;50.0;;130.2844508613103;;;;
2022-11-12 05:00:00;0.0;50.0;;143.567819816477;;;;
2022-11-12 06:00:00;0.0;50.0;;159.0363645991671;;;;
2022-11-12 07:00:00;0.0;50.0;;175.720369394185;;;;
2022-11-12 08:00:00;0.0;50.0;;192.5464175452186;;;;
2022-11-12 09:00:00;0.0;50.0;;208.4186953735429;;;;
2022-11-12 10:00:00;0.0;50.0;;222.2949059345215;;;;
2022-11-12 11:00:00;0.0;50.0;;233.2496835666744;;;;
2022-11-12 12:00:00;0.0;50.0;;240.5500930885186;;;;
2022-11-12 13:00:00;0.0;50.0;;243.7083128789575;;;;
2022-11-12 14:00:00;0.0;50.0;;242.524274078273;;;;
2022-11-12 15:00:00;0.0;50.0;;237.0975595888303;;;;
2022-11-12 16:00:00;0.0;50.0;;227.8068465182087;;;;
2022-11-12 17:00:00;0.0;50.0;;215.3138290800154;;;;
2022-11-12 18:00:00;0.0;50.0;;200.5047621998228;;;;
2022-11-12 19:00:00;0.0;50.0;;184.4306586427128;;;;
2022-11-12 20:00:00;0.0;50.0;;168.2262890763962;;;;
2022-11-12 21:00:00;0.0;50.0;;153.0331947859819;;;;
2022-11-12 22:00:00;0.0;50.0;;139.9220113627778;;;;
2022-11-12 23:00:00;0.0;50.0;;129.1778189669506;;;;
2022-11-13 00:00:00;0.0;50.0;;122.1569575221498;;;;
2022-11-13 01:00:00;0.0;50.0;;119.2867513519631;;;;
2022-11-13 02:00:00;0.0;50.0;;121.3300528450328;;;;
2022-11-13 03:00:00;0.0;50.0;;127.4534201493134;;;;
2022-11-13 04:00:00;0.0;50.0;;137.2137966130306;;;;
2022-11-13 05:00:00;0.0;50.0;;149.9061803569807;;;;
2022-11-13 06:00:00;0.0;50.0;;164.6303040921237;;;;
2022-11-13 07:00:00;0.0;50.0;;180.3396256855972;;;;
2022-11-13 08:00:00;0.0;50.0;;195.9247476940992;;;;
2022-11-13 09:00:00;0.0;50.0;;210.2909023657801;;;;
2022-11-13 10:00:00;0.0;50.0;;222.4342522415418;;;;
2022-11-13 11:00:00;0.0;50.0;;231.5056974357708;;;;
2022-11-13 12:00:00;0.0;50.0;;236.8634822611444;;;;
2022-11-13 13:00:00;0.0;50.0;;238.1305254023175;;;;
2022-11-13 14:00:00;0.0;50.0;;235.2195418719837;;;;
2022-11-13 15:00:00;0.0;50.0;;228.3302169582994;;;;
2022-11-13 16:00:00;0.0;50.0;;217.9112567423723;;;;
2022-11-13 17:00:00;0.0;50.0;;204.6572266968506;;;;
2022-11-13 18:00:00;0.0;50.0;;189.4450364978429;;;;
2022-11-13 19:00:00;0.0;50.0;;173.2969941588116;;;;
2022-11-13 20:00:00;0.0;50.0;;157.2823424687797;;;;
2022-11-13 21:00:00;0.0;50.0;;142.4414267711286;;;;
2022-11-13 22:00:00;0.0;50.0;;129.7301043745412;;;;
2022-11-13 23:00:00;0.0;50.0;;118.4502802643294;;;;
2022-11-14 00:00:00;0.0;50.0;;110.7576545861105;;;;
2022-11-14 01:00:00;0.0;50.0;;106.9597107355182;;;;
2022-11-14 02:00:00;0.0;50.0;;108.614806795601;;;;
2022-11-14 03:00:00;0.0;50.0;;113.9741721374423;;;;
2022-11-14 04:00:00;0.0;50.0;;122.6400883777081;;;;
2022-11-14 05:00:00;0.0;50.0;;133.9974239519592;;;;
2022-11-14 06:00:00;0.0;50.0;;147.2555895776255;;;;
2022-11-14 07:00:00;0.0;50.0;;161.5114043531202;;;;
2022-11-14 08:00:00;0.0;50.0;;175.7832713691886;;;;
2022-11-14 09:00:00;0.0;50.0;;189.1069260043582;;;;
2022-11-14 10:00:00;0.0;50.0;;200.5711483260892;;;;
2022-11-14 11:00:00;0.0;50.0;;209.4044579487666;;;;
2022-11-14 12:00:00;0.0;50.0;;215.0109248400649;;;;
2022-11-14 13:00:00;0.0;50.0;;216.9993173535428;;;;
2022-11-14 14:00:00;0.0;50.0;;215.2373568977718;;;;
2022-11-14 15:00:00;0.0;50.0;;209.8360986156809;;;;
2022-11-14 16:00:00;0.0;50.0;;201.1755979636039;;;;
2022-11-14 17:00:00;0.0;50.0;;189.8414188328079;;;;
2022-11-14 18:00:00;0.0;50.0;;176.6050017717698;;;;
2022-11-14 19:00:00;0.0;50.0;;162.3636085040534;;;;
2022-11-14 20:00:00;0.0;50.0;;148.0913443095986;;;;
2022-11-14 21:00:00;0.0;50.0;;134.7762641814148;;;;
2022-11-14 22:00:00;0.0;50.0;;123.3432711489822;;;;
2022-11-14 23:00:00;0.0;50.0;;113.3974030697862;;;;
2022-11-15 00:00:00;0.0;50.0;;106.7704103589737;;;;
2022-11-15 01:00:00;0.0;50.0;;103.8190954510913;;;;
2022-11-15 02:00:00;0.0;50.0;;105.8412498790545;;;;
2022-11-15 03:00:00;0.0;50.0;;111.4627922783461;;;;
2022-11-15 04:00:00;0.0;50.0;;120.3191695451948;;;;
2022-11-15 05:00:00;0.0;50.0;;131.8264432449431;;;;
2022-11-15 06:00:00;0.0;50.0;;145.2109522560443;;;;
2022-11-15 07:00:00;0.0;50.0;;159.5529257833001;;;;
2022-11-15 08:00:00;0.0;50.0;;173.8705143651229;;;;
2022-11-15 09:00:00;0.0;50.0;;187.1792030639931;;;;
2022-11-15 10:00:00;0.0;50.0;;198.5737150109179;;;;
2022-11-15 11:00:00;0.0;50.0;;207.2529477555781;;;;
2022-11-15 12:00:00;0.0;50.0;;212.6157057833697;;;;
2022-11-15 13:00:00;0.0;50.0;;214.2825040340483;;;;
2022-11-15 14:00:00;0.0;50.0;;212.148827322902;;;;
2022-11-15 15:00:00;0.0;50.0;;206.3485122977025;;;;
2022-11-15 16:00:00;0.0;50.0;;197.2744899881824;;;;
2022-11-15 17:00:00;0.0;50.0;;185.5364412178356;;;;
2022-11-15 18:00:00;0.0;50.0;;171.9294626657262;;;;
2022-11-15 19:00:00;0.0;50.0;;157.3786137336087;;;;
2022-11-15 20:00:00;0.0;50.0;;142.8554337692115;;;;
2022-11-15 21:00:00;0.0;50.0;;129.3361501406588;;;;
2022-11-15 22:00:00;0.0;50.0;;117.6982107929063;;;;
2022-11-15 23:00:00;0.0;50.0;;108.7915311215009;;;;
2022-11-16 00:00:00;0.0;50.0;;103.0601002263044;;;;
2022-11-16 01:00:00;0.0;50.0;;100.835333016919;;;;
2022-11-16 02:00:00;0.0;50.0;;102.0910553090235;;;;
2022-11-16 03:00:00;0.0;50.0;;106.756763201343;;;;
2022-11-16 04:00:00;0.0;50.0;;114.4227057120182;;;;
2022-11-16 05:00:00;0.0;50.0;;124.4798090118023;;;;
2022-11-16 06:00:00;0.0;50.0;;136.1477235693386;;;;
2022-11-16 07:00:00;0.0;50.0;;148.5542629194734;;;;
2022-11-16 08:00:00;0.0;50.0;;160.7823563999974;;;;
2022-11-16 09:00:00;0.0;50.0;;171.9439612559955;;;;
2022-11-16 10:00:00;0.0;50.0;;181.2256703928348;;;;
2022-11-16 11:00:00;0.0;50.0;;187.9611774561338;;;;
2022-11-16 12:00:00;0.0;50.0;;191.6754132048329;;;;
2022-11-16 13:00:00;0.0;50.0;;192.1042966508103;;;;
2022-11-16 14:00:00;0.0;50.0;;189.2026995595088;;;;
2022-11-16 15:00:00;0.0;50.0;;183.1570246869543;;;;
2022-11-16 16:00:00;0.0;50.0;;174.3505453996451;;;;
2022-11-16 17:00:00;0.0;50.0;;163.3606412503978;;;;
2022-11-16 18:00:00;0.0;50.0;;150.8989573906859;;;;
2022-11-16 19:00:00;0.0;50.0;;137.7748213332041;;;;
2022-11-16 20:00:00;0.0;50.0;;124.8323999836192;;;;
2022-11-16 21:00:00;0.0;50.0;;112.8879885893163;;;;
2022-11-16 22:00:00;0.0;50.0;;102.6898076345532;;;;
2022-11-16 23:00:00;0.0;50.0;;96.0635559973623;;;;
2022-11-17 00:00:00;0.0;50.0;;92.25460162126636;;;;
2022-11-17 01:00:00;0.0;50.0;;91.5926912857282;;;;
2022-11-17 02:00:00;0.0;50.0;;92.99965794690354;;;;
2022-11-17 03:00:00;0.0;50.0;;97.61457776846783;;;;
2022-11-17 04:00:00;0.0;50.0;;105.0977945377294;;;;
2022-11-17 05:00:00;0.0;50.0;;114.9334456834914;;;;
2022-11-17 06:00:00;0.0;50.0;;126.453642089476;;;;
2022-11-17 07:00:00;0.0;50.0;;138.8925086689644;;;;
2022-11-17 08:00:00;0.0;50.0;;151.4245613845845;;;;
2022-11-17 09:00:00;0.0;50.0;;163.2231918490305;;;;
2022-11-17 10:00:00;0.0;50.0;;173.5023328588772;;;;
2022-11-17 11:00:00;0.0;50.0;;181.5850643388176;;;;
2022-11-17 12:00:00;0.0;50.0;;186.9468001203258;;;;
2022-11-17 13:00:00;0.0;50.0;;189.2400485031608;;;;
2022-11-17 14:00:00;0.0;50.0;;188.3179559087368;;;;
2022-11-17 15:00:00;0.0;50.0;;184.2478444752863;;;;
2022-11-17 16:00:00;0.0;50.0;;177.3081131992884;;;;
2022-11-17 17:00:00;0.0;50.0;;167.9757610159883;;;;
2022-11-17 18:00:00;0.0;50.0;;156.9009840463842;;;;
2022-11-17 19:00:00;0.0;50.0;;144.8656201811779;;;;
2022-11-17 20:00:00;0.0;50.0;;132.7223090689582;;;;
2022-11-17 21:00:00;0.0;50.0;;121.3466682615786;;;;
2022-11-17 22:00:00;0.0;50.0;;111.578385218148;;;;
2022-11-17 23:00:00;0.0;50.0;;105.755557579724;;;;
2022-11-18 00:00:00;0.0;50.0;;102.8680606779427;;;;
2022-11-18 01:00:00;0.0;50.0;;103.385515156121;;;;
2022-11-18 02:00:00;0.0;50.0;;105.9572182521975;;;;
2022-11-18 03:00:00;0.0;50.0;;112.186227762424;;;;
2022-11-18 04:00:00;0.0;50.0;;121.7603317958677;;;;
2022-11-18 05:00:00;0.0;50.0;;134.1325975842407;;;;
2022-11-18 06:00:00;0.0;50.0;;148.5509220021046;;;;
2022-11-18 07:00:00;0.0;50.0;;164.1130095831324;;;;
2022-11-18 08:00:00;0.0;50.0;;179.8231262394444;;;;
2022-11-18 09:00:00;0.0;50.0;;194.6653523521873;;;;
2022-11-18 10:00:00;0.0;50.0;;207.6616282116494;;;;
2022-11-18 11:00:00;0.0;50.0;;217.9499100133444;;;;
2022-11-18 12:00:00;0.0;50.0;;224.8348460126335;;;;
2022-11-18 13:00:00;0.0;50.0;;227.8653653237262;;;;
2022-11-18 14:00:00;0.0;50.0;;226.8451848465787;;;;
2022-11-18 15:00:00;0.0;50.0;;221.8690959823544;;;;
2022-11-18 16:00:00;0.0;50.0;;213.28183966562;;;;
2022-11-18 17:00:00;0.0;50.0;;201.7019264349181;;;;
2022-11-18 18:00:00;0.0;50.0;;187.9481265733344;;;;
2022-11-18 19:00:00;0.0;50.0;;173.0001283345865;;;;
2022-11-18 20:00:00;0.0;50.0;;157.9183913172921;;;;
2022-11-18 21:00:00;0.0;50.0;;143.7707800524335;;;;
2022-11-18 22:00:00;0.0;50.0;;131.5740648357741;;;;
2022-11-18 23:00:00;0.0;50.0;;123.0424148240241;;;;
2022-11-19 00:00:00;0.0;50.0;;117.9826804105421;;;;
2022-11-19 01:00:00;0.0;50.0;;116.8550345537534;;;;
2022-11-19 02:00:00;0.0;50.0;;118.991012830418;;;;
2022-11-19 03:00:00;0.0;50.0;;125.1479530961974;;;;
2022-11-19 04:00:00;0.0;50.0;;134.896977447773;;;;
2022-11-19 05:00:00;0.0;50.0;;147.5658530192294;;;;
2022-11-19 06:00:00;0.0;50.0;;162.2796319391324;;;;
2022-11-19 07:00:00;0.0;50.0;;178.0218153467832;;;;
2022-11-19 08:00:00;0.0;50.0;;193.7030094258565;;;;
2022-11-19 09:00:00;0.0;50.0;;208.2347254931402;;;;
2022-11-19 10:00:00;0.0;50.0;;220.6157825163752;;;;
2022-11-19 11:00:00;0.0;50.0;;229.9969946515847;;;;
2022-11-19 12:00:00;0.0;50.0;;235.7338282484615;;;;
2022-11-19 13:00:00;0.0;50.0;;237.4237997121268;;;;
2022-11-19 14:00:00;0.0;50.0;;234.9617372254844;;;;
2022-11-19 15:00:00;0.0;50.0;;228.509984009344;;;;
2022-11-19 16:00:00;0.0;50.0;;218.522158940746;;;;
2022-11-19 17:00:00;0.0;50.0;;205.6637180264913;;;;
2022-11-19 18:00:00;0.0;50.0;;190.8072713914391;;;;
2022-11-19 19:00:00;0.0;50.0;;174.9407952559523;;;;
2022-11-19 20:00:00;0.0;50.0;;159.1323509216885;;;;
2022-11-19 21:00:00;0.0;50.0;;144.4458291845206;;;;
2022-11-19 22:00:00;0.0;50.0;;131.8654265089983;;;;
2022-11-19 23:00:00;0.0;50.0;;121.6099856757473;;;;
2022-11-20 00:00:00;0.0;50.0;;114.9464603640161;;;;
2022-11-20 01:00:00;0.0;50.0;;112.2587351556023;;;;
2022-11-20 02:00:00;0.0;50.0;;114.2802710117569;;;;
2022-11-20 03:00:00;0.0;50.0;;120.2313590559914;;;;
2022-11-20 04:00:00;0.0;50.0;;129.7104959826558;;;;
2022-11-20 05:00:00;0.0;50.0;;142.0937273775509;;;;
2022-11-20 06:00:00;0.0;50.0;;156.557921343512;;;;
2022-11-20 07:00:00;0.0;50.0;;172.1474955051974;;;;
2022-11-20 08:00:00;0.0;50.0;;187.8291855690872;;;;
2022-11-20 09:00:00;0.0;50.0;;202.5683479373339;;;;
2022-11-20 10:00:00;0.0;50.0;;215.379584684636;;;;
2022-11-20 11:00:00;0.0;50.0;;225.4063493402278;;;;
2022-11-20 12:00:00;0.0;50.0;;231.9686631508798;;;;
2022-11-20 13:00:00;0.0;50.0;;234.6534832062938;;;;
2022-11-20 14:00:00;0.0;50.0;;233.286276858086;;;;
2022-11-20 15:00:00;0.0;50.0;;227.9749674078978;;;;
2022-11-20 16:00:00;0.0;50.0;;219.0672946733444;;;;
2022-11-20 17:00:00;0.0;50.0;;207.1858846598595;;;;
2022-11-20 18:00:00;0.0;50.0;;193.1590596250849;;;;
2022-11-20 19:00:00;0.0;50.0;;177.9673694539657;;;;
2022-11-20 20:00:00;0.0;50.0;;162.6734524983934;;;;
2022-11-20 21:00:00;0.0;50.0;;148.35300846328;;;;
2022-11-20 22:00:00;0.0;50.0;;136.038815390735;;;;
2022-11-20 23:00:00;0.0;50.0;;125.0213007939335;;;;
2022-11-21 00:00:00;0.0;50.0;;117.6432201847937;;;;
2022-11-21 01:00:00;0.0;50.0;;114.305243294386;;;;
2022-11-21 02:00:00;0.0;50.0;;116.7442576293611;;;;
2022-11-21 03:00:00;0.0;50.0;;123.15975061641;;;;
2022-11-21 04:00:00;0.0;50.0;;133.17085939761;;;;
2022-11-21 05:00:00;0.0;50.0;;146.1426501373314;;;;
2022-11-21 06:00:00;0.0;50.0;;161.2196260663283;;;;
2022-11-21 07:00:00;0.0;50.0;;177.3905209480101;;;;
2022-11-21 08:00:00;0.0;50.0;;193.5559481520219;;;;
2022-11-21 09:00:00;0.0;50.0;;208.6335562986236;;;;
2022-11-21 10:00:00;0.0;50.0;;221.5971048109587;;;;
2022-11-21 11:00:00;0.0;50.0;;231.5486747643659;;;;
2022-11-21 12:00:00;0.0;50.0;;237.7977627136941;;;;
2022-11-21 13:00:00;0.0;50.0;;239.9053869523332;;;;
2022-11-21 14:00:00;0.0;50.0;;237.7361469471137;;;;
2022-11-21 15:00:00;0.0;50.0;;231.4327377770221;;;;
2022-11-21 16:00:00;0.0;50.0;;221.4329239736495;;;;
2022-11-21 17:00:00;0.0;50.0;;208.4118242742749;;;;
2022-11-21 18:00:00;0.0;50.0;;193.2602658691659;;;;
2022-11-21 19:00:00;0.0;50.0;;177.0137238838056;;;;
2022-11-21 20:00:00;0.0;50.0;;160.776286323815;;;;
2022-11-21 21:00:00;0.0;50.0;;145.6458549102146;;;;
2022-11-21 22:00:00;0.0;50.0;;132.6070240754365;;;;
2022-11-21 23:00:00;0.0;50.0;;121.2306730589102;;;;
2022-11-22 00:00:00;0.0;50.0;;113.4490589090219;;;;
2022-11-22 01:00:00;0.0;50.0;;109.5939776523413;;;;
2022-11-22 02:00:00;0.0;50.0;;110.9848217873492;;;;
2022-11-22 03:00:00;0.0;50.0;;116.0787472725864;;;;
2022-11-22 04:00:00;0.0;50.0;;124.4247305610612;;;;
2022-11-22 05:00:00;0.0;50.0;;135.3568185487083;;;;
2022-11-22 06:00:00;0.0;50.0;;148.0299000696375;;;;
2022-11-22 07:00:00;0.0;50.0;;161.490021008589;;;;
2022-11-22 08:00:00;0.0;50.0;;174.7345527783169;;;;
2022-11-22 09:00:00;0.0;50.0;;186.7901653621025;;;;
2022-11-22 10:00:00;0.0;50.0;;196.7862521901829;;;;
2022-11-22 11:00:00;0.0;50.0;;204.0005239422065;;;;
2022-11-22 12:00:00;0.0;50.0;;207.9070691508229;;;;
2022-11-22 13:00:00;0.0;50.0;;208.2220909586583;;;;
2022-11-22 14:00:00;0.0;50.0;;204.9054038460114;;;;
2022-11-22 15:00:00;0.0;50.0;;198.1657426397989;;;;
2022-11-22 16:00:00;0.0;50.0;;188.4383676781069;;;;
2022-11-22 17:00:00;0.0;50.0;;176.353682745838;;;;
2022-11-22 18:00:00;0.0;50.0;;162.6997051818372;;;;
2022-11-22 19:00:00;0.0;50.0;;148.3444124410975;;;;
2022-11-22 20:00:00;0.0;50.0;;134.202396138223;;;;
2022-11-22 21:00:00;0.0;50.0;;121.1573349113533;;;;
2022-11-22 22:00:00;0.0;50.0;;110.013981653626;;;;
2022-11-22 23:00:00;0.0;50.0;;101.5192952650597;;;;
2022-11-23 00:00:00;0.0;50.0;;96.07975723262741;;;;
2022-11-23 01:00:00;0.0;50.0;;93.9786002550872;;;;
2022-11-23 02:00:00;0.0;50.0;;95.2060363271534;;;;
2022-11-23 03:00:00;0.0;50.0;;99.69339191774658;;;;
2022-11-23 04:00:00;0.0;50.0;;107.0779722912454;;;;
2022-11-23 05:00:00;0.0;50.0;;116.8052487119583;;;;
2022-11-23 06:00:00;0.0;50.0;;128.1803950391588;;;;
2022-11-23 07:00:00;0.0;50.0;;140.4170543794922;;;;
2022-11-23 08:00:00;0.0;50.0;;152.6710042451317;;;;
2022-11-23 09:00:00;0.0;50.0;;164.1125858779234;;;;
2022-11-23 10:00:00;0.0;50.0;;173.9590575729356;;;;
2022-11-23 11:00:00;0.0;50.0;;181.5628398549166;;;;
2022-11-23 12:00:00;0.0;50.0;;186.3978233381178;;;;
2022-11-23 13:00:00;0.0;50.0;;188.1548925222059;;;;
2022-11-23 14:00:00;0.0;50.0;;186.6950762104667;;;;
2022-11-23 15:00:00;0.0;50.0;;182.1316230590978;;;;
2022-11-23 16:00:00;0.0;50.0;;174.7606515597133;;;;
2022-11-23 17:00:00;0.0;50.0;;165.0887719057686;;;;
2022-11-23 18:00:00;0.0;50.0;;153.766231830371;;;;
2022-11-23 19:00:00;0.0;50.0;;141.5660006364976;;;;
2022-11-23 20:00:00;0.0;50.0;;129.331501289711;;;;
2022-11-23 21:00:00;0.0;50.0;;117.915131703213;;;;
2022-11-23 22:00:00;0.0;50.0;;108.1251949796902;;;;
2022-11-23 23:00:00;0.0;50.0;;101.9456919821944;;;;
2022-11-24 00:00:00;0.0;50.0;;98.6434406099002;;;;
2022-11-24 01:00:00;0.0;50.0;;98.63033658626259;;;;
2022-11-24 02:00:00;0.0;50.0;;100.8307816080822;;;;
2022-11-24 03:00:00;0.0;50.0;;106.4970520975627;;;;
2022-11-24 04:00:00;0.0;50.0;;115.3125011929573;;;;
2022-11-24 05:00:00;0.0;50.0;;126.7312586177297;;;;
2022-11-24 06:00:00;0.0;50.0;;140.0384559833083;;;;
2022-11-24 07:00:00;0.0;50.0;;154.372420494596;;;;
2022-11-24 08:00:00;0.0;50.0;;168.7982109091435;;;;
2022-11-24 09:00:00;0.0;50.0;;182.3555049291861;;;;
2022-11-24 10:00:00;0.0;50.0;;194.1421218391378;;;;
2022-11-24 11:00:00;0.0;50.0;;203.3626678372799;;;;
2022-11-24 12:00:00;0.0;50.0;;209.3912892630979;;;;
2022-11-24 13:00:00;0.0;50.0;;211.8215329432711;;;;
2022-11-24 14:00:00;0.0;50.0;;210.5014760087898;;;;
2022-11-24 15:00:00;0.0;50.0;;205.5207630568961;;;;
2022-11-24 16:00:00;0.0;50.0;;197.2382914391741;;;;
2022-11-24 17:00:00;0.0;50.0;;186.2274207599161;;;;
2022-11-24 18:00:00;0.0;50.0;;173.2654030399744;;;;
2022-11-24 19:00:00;0.0;50.0;;159.2505486402798;;;;
2022-11-24 20:00:00;0.0;50.0;;145.1605606386187;;;;
2022-11-24 21:00:00;0.0;50.0;;131.9799687562689;;;;
2022-11-24 22:00:00;0.0;50.0;;120.6288262863041;;;;
2022-11-24 23:00:00;0.0;50.0;;113.5756729208098;;;;
2022-11-25 00:00:00;0.0;50.0;;109.7113870462587;;;;
2022-11-25 01:00:00;0.0;50.0;;109.4732377806217;;;;
2022-11-25 02:00:00;0.0;50.0;;111.3620527599386;;;;
2022-11-25 03:00:00;0.0;50.0;;117.0150363765716;;;;
2022-11-25 04:00:00;0.0;50.0;;126.0259531920298;;;;
2022-11-25 05:00:00;0.0;50.0;;137.7547844903931;;;;
2022-11-25 06:00:00;0.0;50.0;;151.3826645143282;;;;
2022-11-25 07:00:00;0.0;50.0;;165.9614147280362;;;;
2022-11-25 08:00:00;0.0;50.0;;180.4866698609874;;;;
2022-11-25 09:00:00;0.0;50.0;;193.9450135165818;;;;
2022-11-25 10:00:00;0.0;50.0;;205.4009116929832;;;;
2022-11-25 11:00:00;0.0;50.0;;214.0716625067907;;;;
2022-11-25 12:00:00;0.0;50.0;;219.367577808174;;;;
2022-11-25 13:00:00;0.0;50.0;;220.9338554537377;;;;
2022-11-25 14:00:00;0.0;50.0;;218.6584645632031;;;;
2022-11-25 15:00:00;0.0;50.0;;212.6897612296118;;;;
2022-11-25 16:00:00;0.0;50.0;;203.4300455330479;;;;
2022-11-25 17:00:00;0.0;50.0;;191.5145445445871;;;;
2022-11-25 18:00:00;0.0;50.0;;177.7493819010646;;;;
2022-11-25 19:00:00;0.0;50.0;;163.062945749407;;;;
2022-11-25 20:00:00;0.0;50.0;;148.43344399486;;;;
2022-11-25 21:00:00;0.0;50.0;;134.8447466395317;;;;
2022-11-25 22:00:00;0.0;50.0;;123.2126875513882;;;;
2022-11-25 23:00:00;0.0;50.0;;115.1050228618537;;;;
2022-11-26 00:00:00;0.0;50.0;;110.3335552816525;;;;
2022-11-26 01:00:00;0.0;50.0;;109.3132330488103;;;;
2022-11-26 02:00:00;0.0;50.0;;111.4344521882211;;;;
2022-11-26 03:00:00;0.0;50.0;;117.404498534276;;;;
2022-11-26 04:00:00;0.0;50.0;;126.8569810839439;;;;
2022-11-26 05:00:00;0.0;50.0;;139.1875337088118;;;;
2022-11-26 06:00:00;0.0;50.0;;153.6101109412108;;;;
2022-11-26 07:00:00;0.0;50.0;;169.2057112270933;;;;
2022-11-26 08:00:00;0.0;50.0;;184.9668474254264;;;;
2022-11-26 09:00:00;0.0;50.0;;199.8668982545363;;;;
2022-11-26 10:00:00;0.0;50.0;;212.9256842210924;;;;
2022-11-26 11:00:00;0.0;50.0;;223.300079604166;;;;
2022-11-26 12:00:00;0.0;50.0;;230.3129413646774;;;;
2022-11-26 13:00:00;0.0;50.0;;233.5066792468072;;;;
2022-11-26 14:00:00;0.0;50.0;;232.6687330758157;;;;
2022-11-26 15:00:00;0.0;50.0;;227.8744003135533;;;;
2022-11-26 16:00:00;0.0;50.0;;219.4701447511486;;;;
2022-11-26 17:00:00;0.0;50.0;;208.0513398247754;;;;
2022-11-26 18:00:00;0.0;50.0;;194.4319440723009;;;;
2022-11-26 19:00:00;0.0;50.0;;179.5675163623746;;;;
2022-11-26 20:00:00;0.0;50.0;;164.5335440743941;;;;
2022-11-26 21:00:00;0.0;50.0;;150.4174337612623;;;;
2022-11-26 22:00:00;0.0;50.0;;138.2712497052704;;;;
2022-11-26 23:00:00;0.0;50.0;;128.3648268173608;;;;
2022-11-27 00:00:00;0.0;50.0;;122.1130671352895;;;;
2022-11-27 01:00:00;0.0;50.0;;119.9925360431412;;;;
2022-11-27 02:00:00;0.0;50.0;;122.8577409554435;;;;
2022-11-27 03:00:00;0.0;50.0;;129.9304413787298;;;;
2022-11-27 04:00:00;0.0;50.0;;140.8368884551662;;;;
2022-11-27 05:00:00;0.0;50.0;;154.9266071122116;;;;
2022-11-27 06:00:00;0.0;50.0;;171.3099913914397;;;;
2022-11-27 07:00:00;0.0;50.0;;188.9378185392717;;;;
2022-11-27 08:00:00;0.0;50.0;;206.6489865283241;;;;
2022-11-27 09:00:00;0.0;50.0;;223.2735392059591;;;;
2022-11-27 10:00:00;0.0;50.0;;237.6835180685871;;;;
2022-11-27 11:00:00;0.0;50.0;;248.9065144431998;;;;
2022-11-27 12:00:00;0.0;50.0;;256.1775330220764;;;;
2022-11-27 13:00:00;0.0;50.0;;259.0241473545324;;;;
2022-11-27 14:00:00;0.0;50.0;;257.2476322102079;;;;
2022-11-27 15:00:00;0.0;50.0;;250.9715687089054;;;;
2022-11-27 16:00:00;0.0;50.0;;240.6274564720185;;;;
2022-11-27 17:00:00;0.0;50.0;;226.9506771673632;;;;
2022-11-27 18:00:00;0.0;50.0;;210.8963373337862;;;;
2022-11-27 19:00:00;0.0;50.0;;193.5780203906031;;;;
2022-11-27 20:00:00;0.0;50.0;;176.1883568985784;;;;
2022-11-27 21:00:00;0.0;50.0;;159.9298453204966;;;;
2022-11-27 22:00:00;0.0;50.0;;145.9066063586024;;;;
2022-11-27 23:00:00;0.0;50.0;;133.3512985580939;;;;
2022-11-28 00:00:00;0.0;50.0;;124.7334811890976;;;;
2022-11-28 01:00:00;0.0;50.0;;120.4249298333575;;;;
2022-11-28 02:00:00;0.0;50.0;;122.1972106486841;;;;
2022-11-28 03:00:00;0.0;50.0;;128.0515643086361;;;;
2022-11-28 04:00:00;0.0;50.0;;137.5217075926322;;;;
2022-11-28 05:00:00;0.0;50.0;;149.8846809979383;;;;
2022-11-28 06:00:00;0.0;50.0;;164.2158174346912;;;;
2022-11-28 07:00:00;0.0;50.0;;179.4545939653893;;;;
2022-11-28 08:00:00;0.0;50.0;;194.4977891913385;;;;
2022-11-28 09:00:00;0.0;50.0;;208.2578698961251;;;;
2022-11-28 10:00:00;0.0;50.0;;219.7534065339106;;;;
2022-11-28 11:00:00;0.0;50.0;;228.1555428742107;;;;
2022-11-28 12:00:00;0.0;50.0;;232.8751229805412;;;;
2022-11-28 13:00:00;0.0;50.0;;233.5651260753817;;;;
2022-11-28 14:00:00;0.0;50.0;;230.1690594564237;;;;
2022-11-28 15:00:00;0.0;50.0;;222.8918003999725;;;;
2022-11-28 16:00:00;0.0;50.0;;212.2130522771064;;;;
2022-11-28 17:00:00;0.0;50.0;;198.8376000080804;;;;
2022-11-28 18:00:00;0.0;50.0;;183.6371228832891;;;;
2022-11-28 19:00:00;0.0;50.0;;167.6045221631837;;;;
2022-11-28 20:00:00;0.0;50.0;;151.7665892265728;;;;
2022-11-28 21:00:00;0.0;50.0;;137.12948937826;;;;
2022-11-28 22:00:00;0.0;50.0;;124.6001233141245;;;;
2022-11-28 23:00:00;0.0;50.0;;113.7347843342961;;;;
2022-11-29 00:00:00;0.0;50.0;;106.3402566128936;;;;
2022-11-29 01:00:00;0.0;50.0;;102.7040388805159;;;;
2022-11-29 02:00:00;0.0;50.0;;104.0696092919051;;;;
2022-11-29 03:00:00;0.0;50.0;;108.9879430244648;;;;
2022-11-29 04:00:00;0.0;50.0;;117.0569610042169;;;;
2022-11-29 05:00:00;0.0;50.0;;127.6687467684833;;;;
2022-11-29 06:00:00;0.0;50.0;;140.0577999076627;;;;
2022-11-29 07:00:00;0.0;50.0;;153.34982669537;;;;
2022-11-29 08:00:00;0.0;50.0;;166.6318498716515;;;;
2022-11-29 09:00:00;0.0;50.0;;178.9843527035544;;;;
2022-11-29 10:00:00;0.0;50.0;;189.5655796409444;;;;
2022-11-29 11:00:00;0.0;50.0;;197.6464716677396;;;;
2022-11-29 12:00:00;0.0;50.0;;202.6802433019657;;;;
2022-11-29 13:00:00;0.0;50.0;;204.3208502243959;;;;
2022-11-29 14:00:00;0.0;50.0;;202.4607979037415;;;;
2022-11-29 15:00:00;0.0;50.0;;197.2231958812736;;;;
2022-11-29 16:00:00;0.0;50.0;;188.9494425553774;;;;
2022-11-29 17:00:00;0.0;50.0;;178.1858502081603;;;;
2022-11-29 18:00:00;0.0;50.0;;165.6644064480363;;;;
2022-11-29 19:00:00;0.0;50.0;;152.2334991061132;;;;
2022-11-29 20:00:00;0.0;50.0;;138.8080465922121;;;;
2022-11-29 21:00:00;0.0;50.0;;126.2965795299484;;;;
2022-11-29 22:00:00;0.0;50.0;;115.5619090153851;;;;
2022-11-29 23:00:00;0.0;50.0;;107.4361147496347;;;;
2022-11-30 00:00:00;0.0;50.0;;102.4118855848028;;;;
2022-11-30 01:00:00;0.0;50.0;;100.8663055073543;;;;
2022-11-30 02:00:00;0.0;50.0;;102.8544784388267;;;;
2022-11-30 03:00:00;0.0;50.0;;108.3531076237185;;;;
2022-11-30 04:00:00;0.0;50.0;;117.0202205148774;;;;
2022-11-30 05:00:00;0.0;50.0;;128.2868290694189;;;;
2022-11-30 06:00:00;0.0;50.0;;141.4057841293225;;;;
2022-11-30 07:00:00;0.0;50.0;;155.4856122804219;;;;
2022-11-30 08:00:00;0.0;50.0;;169.5737653197222;;;;
2022-11-30 09:00:00;0.0;50.0;;182.7108109186412;;;;
2022-11-30 10:00:00;0.0;50.0;;194.0126413326505;;;;
2022-11-30 11:00:00;0.0;50.0;;202.6966323464603;;;;
2022-11-30 12:00:00;0.0;50.0;;208.1627885397193;;;;
2022-11-30 13:00:00;0.0;50.0;;210.0331163932824;;;;
2022-11-30 14:00:00;0.0;50.0;;208.1778881470067;;;;
2022-11-30 15:00:00;0.0;50.0;;202.7288826775285;;;;
2022-11-30 16:00:00;0.0;50.0;;194.0520511624619;;;;
2022-11-30 17:00:00;0.0;50.0;;182.7501316033355;;;;
2022-11-30 18:00:00;0.0;50.0;;169.5921206585127;;;;
2022-11-30 19:00:00;0.0;50.0;;155.4738145595713;;;;
2022-11-30 20:00:00;0.0;50.0;;141.3506662955228;;;;
2022-11-30 21:00:00;0.0;50.0;;128.1788593019177;;;;
2022-11-30 22:00:00;0.0;50.0;;116.8434414916406;;;;
2022-11-30 23:00:00;0.0;50.0;;109.4447299278601;;;;
2022-12-01 00:00:00;0.0;50.0;;105.165395279005;;;;
2022-12-01 01:00:00;0.0;50.0;;104.3856043492023;;;;
2022-12-01 02:00:00;0.0;50.0;;105.8969174335631;;;;
2022-12-01 03:00:00;0.0;50.0;;110.9691853610024;;;;
2022-12-01 04:00:00;0.0;50.0;;119.1962933696112;;;;
2022-12-01 05:00:00;0.0;50.0;;129.95595902238;;;;
2022-12-01 06:00:00;0.0;50.0;;142.4508413061821;;;;
2022-12-01 07:00:00;0.0;50.0;;155.7833558795007;;;;
2022-12-01 08:00:00;0.0;50.0;;169.0030836016026;;;;
2022-12-01 09:00:00;0.0;50.0;;181.1737710443238;;;;
2022-12-01 10:00:00;0.0;50.0;;191.4318315382802;;;;
2022-12-01 11:00:00;0.0;50.0;;199.0605850002814;;;;
2022-12-01 12:00:00;0.0;50.0;;203.5283917730478;;;;
2022-12-01 13:00:00;0.0;50.0;;204.5179151107376;;;;
2022-12-01 14:00:00;0.0;50.0;;201.9606007671003;;;;
2022-12-01 15:00:00;0.0;50.0;;196.0250613035296;;;;
2022-12-01 16:00:00;0.0;50.0;;187.1100113687562;;;;
2022-12-01 17:00:00;0.0;50.0;;175.811375422413;;;;
2022-12-01 18:00:00;0.0;50.0;;162.8689471543631;;;;
2022-12-01 19:00:00;0.0;50.0;;149.1450368743477;;;;
2022-12-01 20:00:00;0.0;50.0;;135.5264756493959;;;;
2022-12-01 21:00:00;0.0;50.0;;122.9155798558744;;;;
2022-12-01 22:00:00;0.0;50.0;;112.1329231311891;;;;
2022-12-01 23:00:00;0.0;50.0;;105.4342344228095;;;;
2022-12-02 00:00:00;0.0;50.0;;101.7815968118039;;;;
2022-12-02 01:00:00;0.0;50.0;;101.5731037606842;;;;
2022-12-02 02:00:00;0.0;50.0;;103.4332524814712;;;;
2022-12-02 03:00:00;0.0;50.0;;108.8747425570214;;;;
2022-12-02 04:00:00;0.0;50.0;;117.545409714678;;;;
2022-12-02 05:00:00;0.0;50.0;;128.8937794824607;;;;
2022-12-02 06:00:00;0.0;50.0;;142.1864186690101;;;;
2022-12-02 07:00:00;0.0;50.0;;156.5755983933424;;;;
2022-12-02 08:00:00;0.0;50.0;;171.1244507424896;;;;
2022-12-02 09:00:00;0.0;50.0;;184.886878712172;;;;
2022-12-02 10:00:00;0.0;50.0;;196.9734839518438;;;;
2022-12-02 11:00:00;0.0;50.0;;206.6034044076249;;;;
2022-12-02 12:00:00;0.0;50.0;;213.1593950154588;;;;
2022-12-02 13:00:00;0.0;50.0;;216.2136396379028;;;;
2022-12-02 14:00:00;0.0;50.0;;215.5676935042466;;;;
2022-12-02 15:00:00;0.0;50.0;;211.2825753628934;;;;
2022-12-02 16:00:00;0.0;50.0;;203.6635310662725;;;;
2022-12-02 17:00:00;0.0;50.0;;193.2477385629248;;;;
2022-12-02 18:00:00;0.0;50.0;;180.7668468853652;;;;
2022-12-02 19:00:00;0.0;50.0;;167.1124367306256;;;;
2022-12-02 20:00:00;0.0;50.0;;153.2809479389904;;;;
2022-12-02 21:00:00;0.0;50.0;;140.2950561523389;;;;
2022-12-02 22:00:00;0.0;50.0;;129.1328078520113;;;;
2022-12-02 23:00:00;0.0;50.0;;121.4903396331485;;;;
2022-12-03 00:00:00;0.0;50.0;;117.2420634617209;;;;
2022-12-03 01:00:00;0.0;50.0;;116.8990351403878;;;;
2022-12-03 02:00:00;0.0;50.0;;119.8852502042094;;;;
2022-12-03 03:00:00;0.0;50.0;;126.9989402584229;;;;
2022-12-03 04:00:00;0.0;50.0;;137.8901590824352;;;;
2022-12-03 05:00:00;0.0;50.0;;151.9449133913037;;;;
2022-12-03 06:00:00;0.0;50.0;;168.3093020235703;;;;
2022-12-03 07:00:00;0.0;50.0;;185.9603531174766;;;;
2022-12-03 08:00:00;0.0;50.0;;203.7585591365058;;;;
2022-12-03 09:00:00;0.0;50.0;;220.550320577132;;;;
2022-12-03 10:00:00;0.0;50.0;;235.2322338915347;;;;
2022-12-03 11:00:00;0.0;50.0;;246.8262809005577;;;;
2022-12-03 12:00:00;0.0;50.0;;254.5644959200961;;;;
2022-12-03 13:00:00;0.0;50.0;;257.9160371079415;;;;
2022-12-03 14:00:00;0.0;50.0;;256.6822201142506;;;;
2022-12-03 15:00:00;0.0;50.0;;250.941490603685;;;;
2022-12-03 16:00:00;0.0;50.0;;241.1191433930989;;;;
2022-12-03 17:00:00;0.0;50.0;;227.8881398063892;;;;
2022-12-03 18:00:00;0.0;50.0;;212.2007589229537;;;;
2022-12-03 19:00:00;0.0;50.0;;195.1688068295659;;;;
2022-12-03 20:00:00;0.0;50.0;;178.001055789131;;;;
2022-12-03 21:00:00;0.0;50.0;;161.9114180601071;;;;
2022-12-03 22:00:00;0.0;50.0;;148.0346249100703;;;;
2022-12-03 23:00:00;0.0;50.0;;136.6378766965418;;;;
2022-12-04 00:00:00;0.0;50.0;;129.1820253151083;;;;
2022-12-04 01:00:00;0.0;50.0;;126.1068933247612;;;;
2022-12-04 02:00:00;0.0;50.0;;128.2600552717079;;;;
2022-12-04 03:00:00;0.0;50.0;;134.7297259406771;;;;
2022-12-04 04:00:00;0.0;50.0;;145.0389401734333;;;;
2022-12-04 05:00:00;0.0;50.0;;158.4499813591514;;;;
2022-12-04 06:00:00;0.0;50.0;;174.0129961863582;;;;
2022-12-04 07:00:00;0.0;50.0;;190.6254645339986;;;;
2022-12-04 08:00:00;0.0;50.0;;207.1063158494578;;;;
2022-12-04 09:00:00;0.0;50.0;;222.3028175446197;;;;
2022-12-04 10:00:00;0.0;50.0;;235.1476319575415;;;;
2022-12-04 11:00:00;0.0;50.0;;244.7507092364023;;;;
2022-12-04 12:00:00;0.0;50.0;;250.4178321118608;;;;
2022-12-04 13:00:00;0.0;50.0;;251.7589424415709;;;;
2022-12-04 14:00:00;0.0;50.0;;248.678739770889;;;;
2022-12-04 15:00:00;0.0;50.0;;241.3833543314055;;;;
2022-12-04 16:00:00;0.0;50.0;;230.3667216484795;;;;
2022-12-04 17:00:00;0.0;50.0;;216.3528400327409;;;;
2022-12-04 18:00:00;0.0;50.0;;200.2815804070285;;;;
2022-12-04 19:00:00;0.0;50.0;;183.2130022721986;;;;
2022-12-04 20:00:00;0.0;50.0;;166.2798158191062;;;;
2022-12-04 21:00:00;0.0;50.0;;150.5899850609457;;;;
2022-12-04 22:00:00;0.0;50.0;;137.1510398173066;;;;
2022-12-04 23:00:00;0.0;50.0;;125.1911069724174;;;;
2022-12-05 00:00:00;0.0;50.0;;117.0188658579628;;;;
2022-12-05 01:00:00;0.0;50.0;;112.964252419238;;;;
2022-12-05 02:00:00;0.0;50.0;;114.7074377909262;;;;
2022-12-05 03:00:00;0.0;50.0;;120.3690384697339;;;;
2022-12-05 04:00:00;0.0;50.0;;129.5257605727572;;;;
2022-12-05 05:00:00;0.0;50.0;;141.5235375190146;;;;
2022-12-05 06:00:00;0.0;50.0;;155.5282944970177;;;;
2022-12-05 07:00:00;0.0;50.0;;170.5766994242066;;;;
2022-12-05 08:00:00;0.0;50.0;;185.6428512537184;;;;
2022-12-05 09:00:00;0.0;50.0;;199.6931703506475;;;;
2022-12-05 10:00:00;0.0;50.0;;211.7826068340532;;;;
2022-12-05 11:00:00;0.0;50.0;;221.0877230396373;;;;
2022-12-05 12:00:00;0.0;50.0;;226.9837839973848;;;;
2022-12-05 13:00:00;0.0;50.0;;229.061119405685;;;;
2022-12-05 14:00:00;0.0;50.0;;227.1918986634581;;;;
2022-12-05 15:00:00;0.0;50.0;;221.4899873093625;;;;
2022-12-05 16:00:00;0.0;50.0;;212.3517221435343;;;;
2022-12-05 17:00:00;0.0;50.0;;200.3868226522459;;;;
2022-12-05 18:00:00;0.0;50.0;;186.4203955953276;;;;
2022-12-05 19:00:00;0.0;50.0;;171.3876653739966;;;;
2022-12-05 20:00:00;0.0;50.0;;156.3320340622166;;;;
2022-12-05 21:00:00;0.0;50.0;;142.28376234038;;;;
2022-12-05 22:00:00;0.0;50.0;;130.2244633495325;;;;
2022-12-05 23:00:00;0.0;50.0;;119.6931889312745;;;;
2022-12-06 00:00:00;0.0;50.0;;112.6653468106629;;;;
2022-12-06 01:00:00;0.0;50.0;;109.5182655507589;;;;
2022-12-06 02:00:00;0.0;50.0;;111.6519903209688;;;;
2022-12-06 03:00:00;0.0;50.0;;117.5829745662345;;;;
2022-12-06 04:00:00;0.0;50.0;;126.9323220393377;;;;
2022-12-06 05:00:00;0.0;50.0;;139.0791997365917;;;;
2022-12-06 06:00:00;0.0;50.0;;153.2012937882593;;;;
2022-12-06 07:00:00;0.0;50.0;;168.3392423161501;;;;
2022-12-06 08:00:00;0.0;50.0;;183.4537019989572;;;;
2022-12-06 09:00:00;0.0;50.0;;197.5028125421219;;;;
2022-12-06 10:00:00;0.0;50.0;;209.5159743255011;;;;
2022-12-06 11:00:00;0.0;50.0;;218.6628814713582;;;;
2022-12-06 12:00:00;0.0;50.0;;224.3158494534045;;;;
2022-12-06 13:00:00;0.0;50.0;;226.0803371754202;;;;
2022-12-06 14:00:00;0.0;50.0;;223.8241602266261;;;;
2022-12-06 15:00:00;0.0;50.0;;217.6952718259757;;;;
2022-12-06 16:00:00;0.0;50.0;;208.1044276975093;;;;
2022-12-06 17:00:00;0.0;50.0;;195.7132385926538;;;;
2022-12-06 18:00:00;0.0;50.0;;181.3530470833087;;;;
2022-12-06 19:00:00;0.0;50.0;;165.9939764542664;;;;
2022-12-06 20:00:00;0.0;50.0;;150.6672912136144;;;;
2022-12-06 21:00:00;0.0;50.0;;136.3978905005013;;;;
2022-12-06 22:00:00;0.0;50.0;;124.1215108260782;;;;
2022-12-06 23:00:00;0.0;50.0;;114.6961024017976;;;;
2022-12-07 00:00:00;0.0;50.0;;108.6266655654581;;;;
2022-12-07 01:00:00;0.0;50.0;;106.2516517524075;;;;
2022-12-07 02:00:00;0.0;50.0;;107.5777797249264;;;;
2022-12-07 03:00:00;0.0;50.0;;112.5054381192008;;;;
2022-12-07 04:00:00;0.0;50.0;;120.5951624812347;;;;
2022-12-07 05:00:00;0.0;50.0;;131.1991868289639;;;;
2022-12-07 06:00:00;0.0;50.0;;143.4917551247985;;;;
2022-12-07 07:00:00;0.0;50.0;;156.5638505213927;;;;
2022-12-07 08:00:00;0.0;50.0;;169.4417616159775;;;;
2022-12-07 09:00:00;0.0;50.0;;181.2032122766297;;;;
2022-12-07 10:00:00;0.0;50.0;;190.9909409985627;;;;
2022-12-07 11:00:00;0.0;50.0;;198.1084384495438;;;;
2022-12-07 12:00:00;0.0;50.0;;202.0401801784032;;;;
2022-12-07 13:00:00;0.0;50.0;;202.4977515532553;;;;
2022-12-07 14:00:00;0.0;50.0;;199.4395570326659;;;;
2022-12-07 15:00:00;0.0;50.0;;193.0627595220469;;;;
2022-12-07 16:00:00;0.0;50.0;;183.7800370351454;;;;
2022-12-07 17:00:00;0.0;50.0;;172.2014781348798;;;;
2022-12-07 18:00:00;0.0;50.0;;159.0684778237776;;;;
2022-12-07 19:00:00;0.0;50.0;;145.2367884631259;;;;
2022-12-07 20:00:00;0.0;50.0;;131.5891133083995;;;;
2022-12-07 21:00:00;0.0;50.0;;118.9978202286208;;;;
2022-12-07 22:00:00;0.0;50.0;;108.2506469579438;;;;
2022-12-07 23:00:00;0.0;50.0;;101.2426369530873;;;;
2022-12-08 00:00:00;0.0;50.0;;97.20058231906435;;;;
2022-12-08 01:00:00;0.0;50.0;;96.4768391906534;;;;
2022-12-08 02:00:00;0.0;50.0;;97.95944285906423;;;;
2022-12-08 03:00:00;0.0;50.0;;102.8201795284103;;;;
2022-12-08 04:00:00;0.0;50.0;;110.6991470819879;;;;
2022-12-08 05:00:00;0.0;50.0;;121.0573082753842;;;;
2022-12-08 06:00:00;0.0;50.0;;133.1927109591248;;;;
2022-12-08 07:00:00;0.0;50.0;;146.2955400643031;;;;
2022-12-08 08:00:00;0.0;50.0;;159.4972106432779;;;;
2022-12-08 09:00:00;0.0;50.0;;171.9285511537088;;;;
2022-12-08 10:00:00;0.0;50.0;;182.7615650652452;;;;
2022-12-08 11:00:00;0.0;50.0;;191.2758116744056;;;;
2022-12-08 12:00:00;0.0;50.0;;196.9143747259033;;;;
2022-12-08 13:00:00;0.0;50.0;;199.3193519319271;;;;
2022-12-08 14:00:00;0.0;50.0;;198.3411752660666;;;;
2022-12-08 15:00:00;0.0;50.0;;194.0507348209215;;;;
2022-12-08 16:00:00;0.0;50.0;;186.7377649186313;;;;
2022-12-08 17:00:00;0.0;50.0;;176.904938966571;;;;
2022-12-08 18:00:00;0.0;50.0;;165.234676583645;;;;
2022-12-08 19:00:00;0.0;50.0;;152.5511101752462;;;;
2022-12-08 20:00:00;0.0;50.0;;139.7568233323508;;;;
2022-12-08 21:00:00;0.0;50.0;;127.775193991496;;;;
2022-12-08 22:00:00;0.0;50.0;;117.4888397701244;;;;
2022-12-08 23:00:00;0.0;50.0;;111.3216960675502;;;;
2022-12-09 00:00:00;0.0;50.0;;108.2436665811227;;;;
2022-12-09 01:00:00;0.0;50.0;;108.7488534822174;;;;
2022-12-09 02:00:00;0.0;50.0;;111.4491903588152;;;;
2022-12-09 03:00:00;0.0;50.0;;118.0010939558539;;;;
2022-12-09 04:00:00;0.0;50.0;;128.0650196731721;;;;
2022-12-09 05:00:00;0.0;50.0;;141.074456572351;;;;
2022-12-09 06:00:00;0.0;50.0;;156.2392733256812;;;;
2022-12-09 07:00:00;0.0;50.0;;172.6125506417732;;;;
2022-12-09 08:00:00;0.0;50.0;;189.1388032076457;;;;
2022-12-09 09:00:00;0.0;50.0;;204.7382895810087;;;;
2022-12-09 10:00:00;0.0;50.0;;218.3934655263724;;;;
2022-12-09 11:00:00;0.0;50.0;;229.1970745093692;;;;
2022-12-09 12:00:00;0.0;50.0;;236.4337992390573;;;;
2022-12-09 13:00:00;0.0;50.0;;239.6240370165108;;;;
2022-12-09 14:00:00;0.0;50.0;;238.556189528366;;;;
2022-12-09 15:00:00;0.0;50.0;;233.3233626472233;;;;
2022-12-09 16:00:00;0.0;50.0;;224.2900111420969;;;;
2022-12-09 17:00:00;0.0;50.0;;212.1149994918011;;;;
2022-12-09 18:00:00;0.0;50.0;;197.6620673158063;;;;
2022-12-09 19:00:00;0.0;50.0;;181.9473991802715;;;;
2022-12-09 20:00:00;0.0;50.0;;166.0926926262749;;;;
2022-12-09 21:00:00;0.0;50.0;;151.2135568546572;;;;
2022-12-09 22:00:00;0.0;50.0;;138.3928555241627;;;;
2022-12-09 23:00:00;0.0;50.0;;129.382199677409;;;;
2022-12-10 00:00:00;0.0;50.0;;124.0308543217442;;;;
2022-12-10 01:00:00;0.0;50.0;;122.807399041533;;;;
2022-12-10 02:00:00;0.0;50.0;;125.0514447985606;;;;
2022-12-10 03:00:00;0.0;50.0;;131.5125537828018;;;;
2022-12-10 04:00:00;0.0;50.0;;141.7543994793557;;;;
2022-12-10 05:00:00;0.0;50.0;;155.0638823456085;;;;
2022-12-10 06:00:00;0.0;50.0;;170.5212978966327;;;;
2022-12-10 07:00:00;0.0;50.0;;187.0519158657456;;;;
2022-12-10 08:00:00;0.0;50.0;;203.5174763644611;;;;
2022-12-10 09:00:00;0.0;50.0;;218.7847983845618;;;;
2022-12-10 10:00:00;0.0;50.0;;231.7988282348055;;;;
2022-12-10 11:00:00;0.0;50.0;;241.6590150146773;;;;
2022-12-10 12:00:00;0.0;50.0;;247.6823686744648;;;;
2022-12-10 13:00:00;0.0;50.0;;249.457555522757;;;;
2022-12-10 14:00:00;0.0;50.0;;246.8754991651112;;;;
2022-12-10 15:00:00;0.0;50.0;;240.1074268425377;;;;
2022-12-10 16:00:00;0.0;50.0;;229.6186174679335;;;;
2022-12-10 17:00:00;0.0;50.0;;216.1136413143849;;;;
2022-12-10 18:00:00;0.0;50.0;;200.5015003770931;;;;
2022-12-10 19:00:00;0.0;50.0;;183.8321258097805;;;;
2022-12-10 20:00:00;0.0;50.0;;167.217778658282;;;;
2022-12-10 21:00:00;0.0;50.0;;151.7831367096124;;;;
2022-12-10 22:00:00;0.0;50.0;;138.5576043927064;;;;
2022-12-10 23:00:00;0.0;50.0;;127.7466311610035;;;;
2022-12-11 00:00:00;0.0;50.0;;120.7103818726686;;;;
2022-12-11 01:00:00;0.0;50.0;;117.8532819835494;;;;
2022-12-11 02:00:00;0.0;50.0;;119.9731010278615;;;;
2022-12-11 03:00:00;0.0;50.0;;126.2143937478717;;;;
2022-12-11 04:00:00;0.0;50.0;;136.1609566998713;;;;
2022-12-11 05:00:00;0.0;50.0;;149.1571349198067;;;;
2022-12-11 06:00:00;0.0;50.0;;164.3447859030808;;;;
2022-12-11 07:00:00;0.0;50.0;;180.7138589576404;;;;
2022-12-11 08:00:00;0.0;50.0;;197.1798621844852;;;;
2022-12-11 09:00:00;0.0;50.0;;212.6430541760506;;;;
2022-12-11 10:00:00;0.0;50.0;;226.0819366493256;;;;
2022-12-11 11:00:00;0.0;50.0;;236.6023246503264;;;;
2022-12-11 12:00:00;0.0;50.0;;243.5141366925064;;;;
2022-12-11 13:00:00;0.0;50.0;;246.3450179646756;;;;
2022-12-11 14:00:00;0.0;50.0;;244.9122828548919;;;;
2022-12-11 15:00:00;0.0;50.0;;239.3217632729441;;;;
2022-12-11 16:00:00;0.0;50.0;;229.9653588071059;;;;
2022-12-11 17:00:00;0.0;50.0;;217.4956454637526;;;;
2022-12-11 18:00:00;0.0;50.0;;202.7650956274325;;;;
2022-12-11 19:00:00;0.0;50.0;;186.810583816221;;;;
2022-12-11 20:00:00;0.0;50.0;;170.7508662570114;;;;
2022-12-11 21:00:00;0.0;50.0;;155.7221803692822;;;;
2022-12-11 22:00:00;0.0;50.0;;142.803157575328;;;;
2022-12-11 23:00:00;0.0;50.0;;131.203644623485;;;;
2022-12-12 00:00:00;0.0;50.0;;123.4280356390033;;;;
2022-12-12 01:00:00;0.0;50.0;;119.8875319658247;;;;
2022-12-12 02:00:00;0.0;50.0;;122.4414190884596;;;;
2022-12-12 03:00:00;0.0;50.0;;129.1625363861725;;;;
2022-12-12 04:00:00;0.0;50.0;;139.6559760625608;;;;
2022-12-12 05:00:00;0.0;50.0;;153.2488138375762;;;;
2022-12-12 06:00:00;0.0;50.0;;169.0513255497452;;;;
2022-12-12 07:00:00;0.0;50.0;;185.9976403769778;;;;
2022-12-12 08:00:00;0.0;50.0;;202.9551018718014;;;;
2022-12-12 09:00:00;0.0;50.0;;218.7714059894155;;;;
2022-12-12 10:00:00;0.0;50.0;;232.3620733555197;;;;
2022-12-12 11:00:00;0.0;50.0;;242.7903734661378;;;;
2022-12-12 12:00:00;0.0;50.0;;249.3330533286808;;;;
2022-12-12 13:00:00;0.0;50.0;;251.5497417600466;;;;
2022-12-12 14:00:00;0.0;50.0;;249.2610543704325;;;;
2022-12-12 15:00:00;0.0;50.0;;242.6428034469199;;;;
2022-12-12 16:00:00;0.0;50.0;;232.1411960091755;;;;
2022-12-12 17:00:00;0.0;50.0;;218.4930345106671;;;;
2022-12-12 18:00:00;0.0;50.0;;202.6092655578102;;;;
2022-12-12 19:00:00;0.0;50.0;;185.5770137172338;;;;
2022-12-12 20:00:00;0.0;50.0;;168.553204354764;;;;
2022-12-12 21:00:00;0.0;50.0;;152.6782773066496;;;;
2022-12-12 22:00:00;0.0;50.0;;139.0033006227703;;;;
2022-12-12 23:00:00;0.0;50.0;;127.0358753152391;;;;
2022-12-13 00:00:00;0.0;50.0;;118.8428846218284;;;;
2022-12-13 01:00:00;0.0;50.0;;114.7600928678998;;;;
2022-12-13 02:00:00;0.0;50.0;;116.2109145529862;;;;
2022-12-13 03:00:00;0.0;50.0;;121.5419271693417;;;;
2022-12-13 04:00:00;0.0;50.0;;130.2777114703881;;;;
2022-12-13 05:00:00;0.0;50.0;;141.7182987021193;;;;
2022-12-13 06:00:00;0.0;50.0;;154.9717373559218;;;;
2022-12-13 07:00:00;0.0;50.0;;169.0479362021755;;;;
2022-12-13 08:00:00;0.0;50.0;;182.8996504215302;;;;
2022-12-13 09:00:00;0.0;50.0;;195.5144072472339;;;;
2022-12-13 10:00:00;0.0;50.0;;205.9687982821882;;;;
2022-12-13 11:00:00;0.0;50.0;;213.5030180619392;;;;
2022-12-13 12:00:00;0.0;50.0;;217.5815318698945;;;;
2022-12-13 13:00:00;0.0;50.0;;217.9066645591215;;;;
2022-12-13 14:00:00;0.0;50.0;;214.4364425078374;;;;
2022-12-13 15:00:00;0.0;50.0;;207.3847037793682;;;;
2022-12-13 16:00:00;0.0;50.0;;197.2067696926497;;;;
2022-12-13 17:00:00;0.0;50.0;;184.5666261159665;;;;
2022-12-13 18:00:00;0.0;50.0;;170.2760406082225;;;;
2022-12-13 19:00:00;0.0;50.0;;155.2529236821259;;;;
2022-12-13 20:00:00;0.0;50.0;;140.4514010302495;;;;
2022-12-13 21:00:00;0.0;50.0;;126.7996593618862;;;;
2022-12-13 22:00:00;0.0;50.0;;115.135660682032;;;;
2022-12-13 23:00:00;0.0;50.0;;106.215602625404;;;;
2022-12-14 00:00:00;0.0;50.0;;100.4957390128638;;;;
2022-12-14 01:00:00;0.0;50.0;;98.2750467506117;;;;
2022-12-14 02:00:00;0.0;50.0;;99.56444349792177;;;;
2022-12-14 03:00:00;0.0;50.0;;104.2620037713783;;;;
2022-12-14 04:00:00;0.0;50.0;;111.9882918607104;;;;
2022-12-14 05:00:00;0.0;50.0;;122.1683841022365;;;;
2022-12-14 06:00:00;0.0;50.0;;134.0742690465044;;;;
2022-12-14 07:00:00;0.0;50.0;;146.8821440470132;;;;
2022-12-14 08:00:00;0.0;50.0;;159.7132223046771;;;;
2022-12-14 09:00:00;0.0;50.0;;171.6975442196276;;;;
2022-12-14 10:00:00;0.0;50.0;;182.0129697706511;;;;
2022-12-14 11:00:00;0.0;50.0;;189.9702610428732;;;;
2022-12-14 12:00:00;0.0;50.0;;195.0294902272551;;;;
2022-12-14 13:00:00;0.0;50.0;;196.867213706696;;;;
2022-12-14 14:00:00;0.0;50.0;;195.3498932876203;;;;
2022-12-14 15:00:00;0.0;50.0;;190.5849090285455;;;;
2022-12-14 16:00:00;0.0;50.0;;182.8844932899425;;;;
2022-12-14 17:00:00;0.0;50.0;;172.7718275764872;;;;
2022-12-14 18:00:00;0.0;50.0;;160.928480675616;;;;
2022-12-14 19:00:00;0.0;50.0;;148.1589284466764;;;;
2022-12-14 20:00:00;0.0;50.0;;135.3497665346582;;;;
2022-12-14 21:00:00;0.0;50.0;;123.3960503383609;;;;
2022-12-14 22:00:00;0.0;50.0;;113.1486499914479;;;;
2022-12-14 23:00:00;0.0;50.0;;106.6459460667205;;;;
2022-12-15 00:00:00;0.0;50.0;;103.1545839959378;;;;
2022-12-15 01:00:00;0.0;50.0;;103.1010982618466;;;;
2022-12-15 02:00:00;0.0;50.0;;105.3846076136505;;;;
2022-12-15 03:00:00;0.0;50.0;;111.28934840093;;;;
2022-12-15 04:00:00;0.0;50.0;;120.4829859959936;;;;
2022-12-15 05:00:00;0.0;50.0;;132.4091063829774;;;;
2022-12-15 06:00:00;0.0;50.0;;146.3091182933046;;;;
2022-12-15 07:00:00;0.0;50.0;;161.2845021455548;;;;
2022-12-15 08:00:00;0.0;50.0;;176.3514481329681;;;;
2022-12-15 09:00:00;0.0;50.0;;190.514652253428;;;;
2022-12-15 10:00:00;0.0;50.0;;202.832067383616;;;;
2022-12-15 11:00:00;0.0;50.0;;212.4683475466324;;;;
2022-12-15 12:00:00;0.0;50.0;;218.7720904919982;;;;
2022-12-15 13:00:00;0.0;50.0;;221.3224824277364;;;;
2022-12-15 14:00:00;0.0;50.0;;219.9542033434024;;;;
2022-12-15 15:00:00;0.0;50.0;;214.763358599272;;;;
2022-12-15 16:00:00;0.0;50.0;;206.1140878606349;;;;
2022-12-15 17:00:00;0.0;50.0;;194.6158731208448;;;;
2022-12-15 18:00:00;0.0;50.0;;181.074953128659;;;;
2022-12-15 19:00:00;0.0;50.0;;166.4349309212402;;;;
2022-12-15 20:00:00;0.0;50.0;;151.7194266331851;;;;
2022-12-15 21:00:00;0.0;50.0;;137.9519787538313;;;;
2022-12-15 22:00:00;0.0;50.0;;126.092934272712;;;;
2022-12-15 23:00:00;0.0;50.0;;118.6733892616361;;;;
2022-12-16 00:00:00;0.0;50.0;;114.585464645795;;;;
2022-12-16 01:00:00;0.0;50.0;;114.2814306908061;;;;
2022-12-16 02:00:00;0.0;50.0;;116.2425750551797;;;;
2022-12-16 03:00:00;0.0;50.0;;122.1288675567059;;;;
2022-12-16 04:00:00;0.0;50.0;;131.5230122025417;;;;
2022-12-16 05:00:00;0.0;50.0;;143.7679035984155;;;;
2022-12-16 06:00:00;0.0;50.0;;158.0003813654375;;;;
2022-12-16 07:00:00;0.0;50.0;;173.2311792337615;;;;
2022-12-16 08:00:00;0.0;50.0;;188.3982923371053;;;;
2022-12-16 09:00:00;0.0;50.0;;202.4533696067421;;;;
2022-12-16 10:00:00;0.0;50.0;;214.4155087268884;;;;
2022-12-16 11:00:00;0.0;50.0;;223.4688565417046;;;;
2022-12-16 12:00:00;0.0;50.0;;229.00158499381;;;;
2022-12-16 13:00:00;0.0;50.0;;230.6385886703385;;;;
2022-12-16 14:00:00;0.0;50.0;;228.2663981081613;;;;
2022-12-16 15:00:00;0.0;50.0;;222.0324809808646;;;;
2022-12-16 16:00:00;0.0;50.0;;212.3693231388795;;;;
2022-12-16 17:00:00;0.0;50.0;;199.9249665412627;;;;
2022-12-16 18:00:00;0.0;50.0;;185.5507798955167;;;;
2022-12-16 19:00:00;0.0;50.0;;170.2083567694864;;;;
2022-12-16 20:00:00;0.0;50.0;;154.9269531132242;;;;
2022-12-16 21:00:00;0.0;50.0;;140.7347103651318;;;;
2022-12-16 22:00:00;0.0;50.0;;128.5879454775236;;;;
2022-12-16 23:00:00;0.0;50.0;;120.0873530328819;;;;
2022-12-17 00:00:00;0.0;50.0;;115.0652701510637;;;;
2022-12-17 01:00:00;0.0;50.0;;113.9566066196411;;;;
2022-12-17 02:00:00;0.0;50.0;;116.1630721604484;;;;
2022-12-17 03:00:00;0.0;50.0;;122.3824131147801;;;;
2022-12-17 04:00:00;0.0;50.0;;132.2298356901986;;;;
2022-12-17 05:00:00;0.0;50.0;;145.0808433823193;;;;
2022-12-17 06:00:00;0.0;50.0;;160.1097898667099;;;;
2022-12-17 07:00:00;0.0;50.0;;176.3485656703693;;;;
2022-12-17 08:00:00;0.0;50.0;;192.7565619054889;;;;
2022-12-17 09:00:00;0.0;50.0;;208.2805456132943;;;;
2022-12-17 10:00:00;0.0;50.0;;221.8929633153847;;;;
2022-12-17 11:00:00;0.0;50.0;;232.7013960221311;;;;
2022-12-17 12:00:00;0.0;50.0;;239.9970147009797;;;;
2022-12-17 13:00:00;0.0;50.0;;243.3158781272344;;;;
2022-12-17 14:00:00;0.0;50.0;;242.4622385505241;;;;
2022-12-17 15:00:00;0.0;50.0;;237.49361207439;;;;
2022-12-17 16:00:00;0.0;50.0;;228.7648387877547;;;;
2022-12-17 17:00:00;0.0;50.0;;216.8675139749978;;;;
2022-12-17 18:00:00;0.0;50.0;;202.6589081196389;;;;
2022-12-17 19:00:00;0.0;50.0;;187.1546502490219;;;;
2022-12-17 20:00:00;0.0;50.0;;171.4765023420087;;;;
2022-12-17 21:00:00;0.0;50.0;;156.7636515583058;;;;
2022-12-17 22:00:00;0.0;50.0;;144.1098758166747;;;;
2022-12-17 23:00:00;0.0;50.0;;133.7448909498984;;;;
2022-12-18 00:00:00;0.0;50.0;;127.18216108659;;;;
2022-12-18 01:00:00;0.0;50.0;;124.9203703941723;;;;
2022-12-18 02:00:00;0.0;50.0;;127.899603050143;;;;
2022-12-18 03:00:00;0.0;50.0;;135.2645579215479;;;;
2022-12-18 04:00:00;0.0;50.0;;146.6181629117249;;;;
2022-12-18 05:00:00;0.0;50.0;;161.2793349099374;;;;
2022-12-18 06:00:00;0.0;50.0;;178.3300161848401;;;;
2022-12-18 07:00:00;0.0;50.0;;196.679767551168;;;;
2022-12-18 08:00:00;0.0;50.0;;215.1211822979469;;;;
2022-12-18 09:00:00;0.0;50.0;;232.4347189561434;;;;
2022-12-18 10:00:00;0.0;50.0;;247.4460125456226;;;;
2022-12-18 11:00:00;0.0;50.0;;259.1410653017026;;;;
2022-12-18 12:00:00;0.0;50.0;;266.7293039684085;;;;
2022-12-18 13:00:00;0.0;50.0;;269.7030962868872;;;;
2022-12-18 14:00:00;0.0;50.0;;267.8595252523268;;;;
2022-12-18 15:00:00;0.0;50.0;;261.3341351188542;;;;
2022-12-18 16:00:00;0.0;50.0;;250.5733666286588;;;;
2022-12-18 17:00:00;0.0;50.0;;236.3455643447979;;;;
2022-12-18 18:00:00;0.0;50.0;;219.6232707831832;;;;
2022-12-18 19:00:00;0.0;50.0;;201.5828050896377;;;;
2022-12-18 20:00:00;0.0;50.0;;183.4672221824977;;;;
2022-12-18 21:00:00;0.0;50.0;;166.5305911632179;;;;
2022-12-18 22:00:00;0.0;50.0;;151.9233579633229;;;;
2022-12-18 23:00:00;0.0;50.0;;138.8022506272559;;;;
2022-12-19 00:00:00;0.0;50.0;;129.7832761843584;;;;
2022-12-19 01:00:00;0.0;50.0;;125.2521559681933;;;;
2022-12-19 02:00:00;0.0;50.0;;127.0961461420004;;;;
2022-12-19 03:00:00;0.0;50.0;;133.1917274400192;;;;
2022-12-19 04:00:00;0.0;50.0;;143.0473716906962;;;;
2022-12-19 05:00:00;0.0;50.0;;155.9119449895107;;;;
2022-12-19 06:00:00;0.0;50.0;;170.8155631925679;;;;
2022-12-19 07:00:00;0.0;50.0;;186.6598766171471;;;;
2022-12-19 08:00:00;0.0;50.0;;202.2986657875852;;;;
2022-12-19 09:00:00;0.0;50.0;;216.6057604406963;;;;
2022-12-19 10:00:00;0.0;50.0;;228.5641329509082;;;;
2022-12-19 11:00:00;0.0;50.0;;237.3148166473469;;;;
2022-12-19 12:00:00;0.0;50.0;;242.235184970152;;;;
2022-12-19 13:00:00;0.0;50.0;;242.9671722597926;;;;
2022-12-19 14:00:00;0.0;50.0;;239.427943636874;;;;
2022-12-19 15:00:00;0.0;50.0;;231.8516114107853;;;;
2022-12-19 16:00:00;0.0;50.0;;220.7308786291056;;;;
2022-12-19 17:00:00;0.0;50.0;;206.8037893369516;;;;
2022-12-19 18:00:00;0.0;50.0;;190.9824830561043;;;;
2022-12-19 19:00:00;0.0;50.0;;174.2952074736613;;;;
2022-12-19 20:00:00;0.0;50.0;;157.8161521874097;;;;
2022-12-19 21:00:00;0.0;50.0;;142.5888808434136;;;;
2022-12-19 22:00:00;0.0;50.0;;129.5536469629992;;;;
2022-12-19 23:00:00;0.0;50.0;;118.2245887680054;;;;
2022-12-20 00:00:00;0.0;50.0;;110.5028785198229;;;;
2022-12-20 01:00:00;0.0;50.0;;106.6921782899601;;;;
2022-12-20 02:00:00;0.0;50.0;;108.1134147700261;;;;
2022-12-20 03:00:00;0.0;50.0;;113.2221676415259;;;;
2022-12-20 04:00:00;0.0;50.0;;121.6018295886622;;;;
2022-12-20 05:00:00;0.0;50.0;;132.6247334159308;;;;
2022-12-20 06:00:00;0.0;50.0;;145.5004774025455;;;;
2022-12-20 07:00:00;0.0;50.0;;159.3177231842278;;;;
2022-12-20 08:00:00;0.0;50.0;;173.1202836225853;;;;
2022-12-20 09:00:00;0.0;50.0;;185.960017218862;;;;
2022-12-20 10:00:00;0.0;50.0;;196.9601159468179;;;;
2022-12-20 11:00:00;0.0;50.0;;205.363903533961;;;;
2022-12-20 12:00:00;0.0;50.0;;210.5966544926688;;;;
2022-12-20 13:00:00;0.0;50.0;;212.3078790651975;;;;
2022-12-20 14:00:00;0.0;50.0;;210.3723326613899;;;;
2022-12-20 15:00:00;0.0;50.0;;204.9181033377451;;;;
2022-12-20 16:00:00;0.0;50.0;;196.3074778187525;;;;
2022-12-20 17:00:00;0.0;50.0;;185.1232506401354;;;;
2022-12-20 18:00:00;0.0;50.0;;172.1196908498081;;;;
2022-12-20 19:00:00;0.0;50.0;;158.1751757147201;;;;
2022-12-20 20:00:00;0.0;50.0;;144.2311214242749;;;;
2022-12-20 21:00:00;0.0;50.0;;131.2378570348585;;;;
2022-12-20 22:00:00;0.0;50.0;;120.0863322575455;;;;
2022-12-20 23:00:00;0.0;50.0;;111.6083907879201;;;;
2022-12-21 00:00:00;0.0;50.0;;106.3534469373983;;;;
2022-12-21 01:00:00;0.0;50.0;;104.7099720783626;;;;
2022-12-21 02:00:00;0.0;50.0;;106.7786141384768;;;;
2022-12-21 03:00:00;0.0;50.0;;112.4961786153655;;;;
2022-12-21 04:00:00;0.0;50.0;;121.4969337002594;;;;
2022-12-21 05:00:00;0.0;50.0;;133.1878329983866;;;;
2022-12-21 06:00:00;0.0;50.0;;146.7957396169408;;;;
2022-12-21 07:00:00;0.0;50.0;;161.414136488187;;;;
2022-12-21 08:00:00;0.0;50.0;;176.0448341669102;;;;
2022-12-21 09:00:00;0.0;50.0;;189.6901650238265;;;;
2022-12-21 10:00:00;0.0;50.0;;201.4161486965493;;;;
2022-12-21 11:00:00;0.0;50.0;;210.4295706571789;;;;
2022-12-21 12:00:00;0.0;50.0;;216.1178034820524;;;;
2022-12-21 13:00:00;0.0;50.0;;218.0735187683798;;;;
2022-12-21 14:00:00;0.0;50.0;;216.1564213048602;;;;
2022-12-21 15:00:00;0.0;50.0;;210.4959995719017;;;;
2022-12-21 16:00:00;0.0;50.0;;201.4921957923628;;;;
2022-12-21 17:00:00;0.0;50.0;;189.7562040846867;;;;
2022-12-21 18:00:00;0.0;50.0;;176.0889922813566;;;;
2022-12-21 19:00:00;0.0;50.0;;161.4243964829918;;;;
2022-12-21 20:00:00;0.0;50.0;;146.7607347895986;;;;
2022-12-21 21:00:00;0.0;50.0;;133.0865063476399;;;;
2022-12-21 22:00:00;0.0;50.0;;121.3125925417346;;;;
2022-12-21 23:00:00;0.0;50.0;;113.58792274993;;;;
2022-12-22 00:00:00;0.0;50.0;;109.0995530021779;;;;
2022-12-22 01:00:00;0.0;50.0;;108.2475289193549;;;;
2022-12-22 02:00:00;0.0;50.0;;109.8132524643582;;;;
2022-12-22 03:00:00;0.0;50.0;;115.0708003772282;;;;
2022-12-22 04:00:00;0.0;50.0;;123.6007960030976;;;;
2022-12-22 05:00:00;0.0;50.0;;134.7571660057125;;;;
2022-12-22 06:00:00;0.0;50.0;;147.718805688865;;;;
2022-12-22 07:00:00;0.0;50.0;;161.5452554484777;;;;
2022-12-22 08:00:00;0.0;50.0;;175.2483550510131;;;;
2022-12-22 09:00:00;0.0;50.0;;187.854178534445;;;;
2022-12-22 10:00:00;0.0;50.0;;198.479288623263;;;;
2022-12-22 11:00:00;0.0;50.0;;206.3730381636289;;;;
2022-12-22 12:00:00;0.0;50.0;;210.9983680004835;;;;
2022-12-22 13:00:00;0.0;50.0;;212.0275497694228;;;;
2022-12-22 14:00:00;0.0;50.0;;209.3846062835954;;;;
2022-12-22 15:00:00;0.0;50.0;;203.2440149562509;;;;
2022-12-22 16:00:00;0.0;50.0;;194.0123899493424;;;;
2022-12-22 17:00:00;0.0;50.0;;182.3004427090514;;;;
2022-12-22 18:00:00;0.0;50.0;;168.8758516538657;;;;
2022-12-22 19:00:00;0.0;50.0;;154.6290106369448;;;;
2022-12-22 20:00:00;0.0;50.0;;140.5088351842578;;;;
2022-12-22 21:00:00;0.0;50.0;;127.4369521178426;;;;
2022-12-22 22:00:00;0.0;50.0;;116.2691655141166;;;;
2022-12-22 23:00:00;0.0;50.0;;109.2943520829161;;;;
2022-12-23 00:00:00;0.0;50.0;;105.4787764034455;;;;
2022-12-23 01:00:00;0.0;50.0;;105.2341949470653;;;;
2022-12-23 02:00:00;0.0;50.0;;107.1697066383797;;;;
2022-12-23 03:00:00;0.0;50.0;;112.8144546271158;;;;
2022-12-23 04:00:00;0.0;50.0;;121.8053225634814;;;;
2022-12-23 05:00:00;0.0;50.0;;133.5710981882322;;;;
2022-12-23 06:00:00;0.0;50.0;;147.3534080025756;;;;
2022-12-23 07:00:00;0.0;50.0;;162.2668852228339;;;;
2022-12-23 08:00:00;0.0;50.0;;177.3408998455053;;;;
2022-12-23 09:00:00;0.0;50.0;;191.6092503929287;;;;
2022-12-23 10:00:00;0.0;50.0;;204.1376924853169;;;;
2022-12-23 11:00:00;0.0;50.0;;214.1251015384202;;;;
2022-12-23 12:00:00;0.0;50.0;;220.9151150033256;;;;
2022-12-23 13:00:00;0.0;50.0;;224.0737971994891;;;;
2022-12-23 14:00:00;0.0;50.0;;223.3938007267433;;;;
2022-12-23 15:00:00;0.0;50.0;;218.9429161103899;;;;
2022-12-23 16:00:00;0.0;50.0;;211.0368799047754;;;;
2022-12-23 17:00:00;0.0;50.0;;200.2389804991255;;;;
2022-12-23 18:00:00;0.0;50.0;;187.3078592030959;;;;
2022-12-23 19:00:00;0.0;50.0;;173.1692890907056;;;;
2022-12-23 20:00:00;0.0;50.0;;158.8464129485002;;;;
2022-12-23 21:00:00;0.0;50.0;;145.3892344693733;;;;
2022-12-23 22:00:00;0.0;50.0;;133.8220489752569;;;;
2022-12-23 23:00:00;0.0;50.0;;125.8553694064619;;;;
2022-12-24 00:00:00;0.0;50.0;;121.4087036752544;;;;
2022-12-24 01:00:00;0.0;50.0;;121.0011023207261;;;;
2022-12-24 02:00:00;0.0;50.0;;124.0889103097312;;;;
2022-12-24 03:00:00;0.0;50.0;;131.449696277651;;;;
2022-12-24 04:00:00;0.0;50.0;;142.7233546372015;;;;
2022-12-24 05:00:00;0.0;50.0;;157.2790359469773;;;;
2022-12-24 06:00:00;0.0;50.0;;174.2361445398437;;;;
2022-12-24 07:00:00;0.0;50.0;;192.5353634163671;;;;
2022-12-24 08:00:00;0.0;50.0;;210.9933194390861;;;;
2022-12-24 09:00:00;0.0;50.0;;228.4103657957515;;;;
2022-12-24 10:00:00;0.0;50.0;;243.6461341915722;;;;
2022-12-24 11:00:00;0.0;50.0;;255.6770851341456;;;;
2022-12-24 12:00:00;0.0;50.0;;263.7012467851316;;;;
2022-12-24 13:00:00;0.0;50.0;;267.169024987033;;;;
2022-12-24 14:00:00;0.0;50.0;;265.8768313322852;;;;
2022-12-24 15:00:00;0.0;50.0;;259.9164277511964;;;;
2022-12-24 16:00:00;0.0;50.0;;249.7317146664334;;;;
2022-12-24 17:00:00;0.0;50.0;;236.0365433872793;;;;
2022-12-24 18:00:00;0.0;50.0;;219.8091504406217;;;;
2022-12-24 19:00:00;0.0;50.0;;202.1950239648373;;;;
2022-12-24 20:00:00;0.0;50.0;;184.4280717792423;;;;
2022-12-24 21:00:00;0.0;50.0;;167.7682643668767;;;;
2022-12-24 22:00:00;0.0;50.0;;153.391015699308;;;;
2022-12-24 23:00:00;0.0;50.0;;141.5268884452078;;;;
2022-12-25 00:00:00;0.0;50.0;;133.7483392877331;;;;
2022-12-25 01:00:00;0.0;50.0;;130.508746336161;;;;
2022-12-25 02:00:00;0.0;50.0;;132.7307653656979;;;;
2022-12-25 03:00:00;0.0;50.0;;139.4145805480229;;;;
2022-12-25 04:00:00;0.0;50.0;;150.0719095685078;;;;
2022-12-25 05:00:00;0.0;50.0;;163.9425566240267;;;;
2022-12-25 06:00:00;0.0;50.0;;180.036423933698;;;;
2022-12-25 07:00:00;0.0;50.0;;197.2117569059757;;;;
2022-12-25 08:00:00;0.0;50.0;;214.2505715901246;;;;
2022-12-25 09:00:00;0.0;50.0;;229.9534752889196;;;;
2022-12-25 10:00:00;0.0;50.0;;243.231564255171;;;;
2022-12-25 11:00:00;0.0;50.0;;253.1434189819324;;;;
2022-12-25 12:00:00;0.0;50.0;;259.0122330071114;;;;
2022-12-25 13:00:00;0.0;50.0;;260.3905163778843;;;;
2022-12-25 14:00:00;0.0;50.0;;257.2100320368813;;;;
2022-12-25 15:00:00;0.0;50.0;;249.6680692846567;;;;
2022-12-25 16:00:00;0.0;50.0;;238.2884653270957;;;;
2022-12-25 17:00:00;0.0;50.0;;223.8089420680396;;;;
2022-12-25 18:00:00;0.0;50.0;;207.1981678493018;;;;
2022-12-25 19:00:00;0.0;50.0;;189.5584252965226;;;;
2022-12-25 20:00:00;0.0;50.0;;172.0490990362983;;;;
2022-12-25 21:00:00;0.0;50.0;;155.8129935253681;;;;
2022-12-25 22:00:00;0.0;50.0;;141.9002526296954;;;;
2022-12-25 23:00:00;0.0;50.0;;129.4850244521713;;;;
2022-12-26 00:00:00;0.0;50.0;;120.9886429573914;;;;
2022-12-26 01:00:00;0.0;50.0;;116.7541600921363;;;;
2022-12-26 02:00:00;0.0;50.0;;118.5578290343498;;;;
2022-12-26 03:00:00;0.0;50.0;;124.4089742516546;;;;
2022-12-26 04:00:00;0.0;50.0;;133.8767644948925;;;;
2022-12-26 05:00:00;0.0;50.0;;146.2797507172583;;;;
2022-12-26 06:00:00;0.0;50.0;;160.7599833479646;;;;
2022-12-26 07:00:00;0.0;50.0;;176.3264427823744;;;;
2022-12-26 08:00:00;0.0;50.0;;191.9185584037461;;;;
2022-12-26 09:00:00;0.0;50.0;;206.4707059794521;;;;
2022-12-26 10:00:00;0.0;50.0;;218.9889535418505;;;;
2022-12-26 11:00:00;0.0;50.0;;228.6332523037336;;;;
2022-12-26 12:00:00;0.0;50.0;;234.7491493160075;;;;
2022-12-26 13:00:00;0.0;50.0;;236.9207346677287;;;;
2022-12-26 14:00:00;0.0;50.0;;235.0054829829159;;;;
2022-12-26 15:00:00;0.0;50.0;;229.1335089608654;;;;
2022-12-26 16:00:00;0.0;50.0;;219.6866467248335;;;;
2022-12-26 17:00:00;0.0;50.0;;207.3054737541519;;;;
2022-12-26 18:00:00;0.0;50.0;;192.8411629151077;;;;
2022-12-26 19:00:00;0.0;50.0;;177.290869149765;;;;
2022-12-26 20:00:00;0.0;50.0;;161.7132375252344;;;;
2022-12-26 21:00:00;0.0;50.0;;147.1745098005482;;;;
2022-12-26 22:00:00;0.0;50.0;;134.694889520687;;;;
2022-12-26 23:00:00;0.0;50.0;;123.7645697098403;;;;
2022-12-27 00:00:00;0.0;50.0;;116.4650662401377;;;;
2022-12-27 01:00:00;0.0;50.0;;113.1746530297782;;;;
2022-12-27 02:00:00;0.0;50.0;;115.389412293339;;;;
2022-12-27 03:00:00;0.0;50.0;;121.528738568404;;;;
2022-12-27 04:00:00;0.0;50.0;;131.1984187755991;;;;
2022-12-27 05:00:00;0.0;50.0;;143.7472494440908;;;;
2022-12-27 06:00:00;0.0;50.0;;158.3450745593424;;;;
2022-12-27 07:00:00;0.0;50.0;;173.9894822501859;;;;
2022-12-27 08:00:00;0.0;50.0;;189.6176692103238;;;;
2022-12-27 09:00:00;0.0;50.0;;204.1415460508873;;;;
2022-12-27 10:00:00;0.0;50.0;;216.5640624896969;;;;
2022-12-27 11:00:00;0.0;50.0;;226.0310072822084;;;;
2022-12-27 12:00:00;0.0;50.0;;231.8908600857674;;;;
2022-12-27 13:00:00;0.0;50.0;;233.7234396197521;;;;
2022-12-27 14:00:00;0.0;50.0;;231.3958286518519;;;;
2022-12-27 15:00:00;0.0;50.0;;225.0609735085311;;;;
2022-12-27 16:00:00;0.0;50.0;;215.1592629764692;;;;
2022-12-27 17:00:00;0.0;50.0;;202.3437701626576;;;;
2022-12-27 18:00:00;0.0;50.0;;187.4945378331575;;;;
2022-12-27 19:00:00;0.0;50.0;;171.6101853365911;;;;
2022-12-27 20:00:00;0.0;50.0;;155.7673095819369;;;;
2022-12-27 21:00:00;0.0;50.0;;141.0125694126644;;;;
2022-12-27 22:00:00;0.0;50.0;;128.3128117813866;;;;
2022-12-27 23:00:00;0.0;50.0;;118.5219588311197;;;;
2022-12-28 00:00:00;0.0;50.0;;112.1944329085858;;;;
2022-12-28 01:00:00;0.0;50.0;;109.693048931294;;;;
2022-12-28 02:00:00;0.0;50.0;;111.0599253821556;;;;
2022-12-28 03:00:00;0.0;50.0;;116.141917532474;;;;
2022-12-28 04:00:00;0.0;50.0;;124.4881747056818;;;;
2022-12-28 05:00:00;0.0;50.0;;135.4285558106117;;;;
2022-12-28 06:00:00;0.0;50.0;;148.1229552468346;;;;
2022-12-28 07:00:00;0.0;50.0;;161.6172328724529;;;;
2022-12-28 08:00:00;0.0;50.0;;174.9083199189069;;;;
2022-12-28 09:00:00;0.0;50.0;;187.0388752475489;;;;
2022-12-28 10:00:00;0.0;50.0;;197.1359204817918;;;;
2022-12-28 11:00:00;0.0;50.0;;204.4771537282915;;;;
2022-12-28 12:00:00;0.0;50.0;;208.5317391007803;;;;
2022-12-28 13:00:00;0.0;50.0;;209.0072147544898;;;;
2022-12-28 14:00:00;0.0;50.0;;205.8651508706882;;;;
2022-12-28 15:00:00;0.0;50.0;;199.2933641224749;;;;
2022-12-28 16:00:00;0.0;50.0;;189.7178003899058;;;;
2022-12-28 17:00:00;0.0;50.0;;177.7576883063013;;;;
2022-12-28 18:00:00;0.0;50.0;;164.2026928990732;;;;
2022-12-28 19:00:00;0.0;50.0;;149.9219364081007;;;;
2022-12-28 20:00:00;0.0;50.0;;135.8355882484346;;;;
2022-12-28 21:00:00;0.0;50.0;;122.8344258693353;;;;
2022-12-28 22:00:00;0.0;50.0;;111.735211373152;;;;
2022-12-28 23:00:00;0.0;50.0;;104.4591534119577;;;;
2022-12-29 00:00:00;0.0;50.0;;100.2524037093635;;;;
2022-12-29 01:00:00;0.0;50.0;;99.46883258514362;;;;
2022-12-29 02:00:00;0.0;50.0;;100.9969197836444;;;;
2022-12-29 03:00:00;0.0;50.0;;106.006134813687;;;;
2022-12-29 04:00:00;0.0;50.0;;114.1281254784836;;;;
2022-12-29 05:00:00;0.0;50.0;;124.8073789452462;;;;
2022-12-29 06:00:00;0.0;50.0;;137.3226296110701;;;;
2022-12-29 07:00:00;0.0;50.0;;150.842176784464;;;;
2022-12-29 08:00:00;0.0;50.0;;164.4622579956807;;;;
2022-12-29 09:00:00;0.0;50.0;;177.2780438170746;;;;
2022-12-29 10:00:00;0.0;50.0;;188.4487048615689;;;;
2022-12-29 11:00:00;0.0;50.0;;197.2381941037163;;;;
2022-12-29 12:00:00;0.0;50.0;;203.0762942808744;;;;
2022-12-29 13:00:00;0.0;50.0;;205.5737000727585;;;;
2022-12-29 14:00:00;0.0;50.0;;204.5703285814829;;;;
2022-12-29 15:00:00;0.0;50.0;;200.1417553729899;;;;
2022-12-29 16:00:00;0.0;50.0;;192.5940430329566;;;;
2022-12-29 17:00:00;0.0;50.0;;182.4540816220079;;;;
2022-12-29 18:00:00;0.0;50.0;;170.416572346839;;;;
2022-12-29 19:00:00;0.0;50.0;;157.3377436572606;;;;
2022-12-29 20:00:00;0.0;50.0;;144.1460443225742;;;;
2022-12-29 21:00:00;0.0;50.0;;131.7997946098486;;;;
2022-12-29 22:00:00;0.0;50.0;;121.1990013694674;;;;
2022-12-29 23:00:00;0.0;50.0;;114.7998497030311;;;;
2022-12-30 00:00:00;0.0;50.0;;111.5883873193133;;;;
2022-12-30 01:00:00;0.0;50.0;;112.074550131562;;;;
2022-12-30 02:00:00;0.0;50.0;;114.8663644393555;;;;
2022-12-30 03:00:00;0.0;50.0;;121.6198786929597;;;;
2022-12-30 04:00:00;0.0;50.0;;131.9995756343587;;;;
2022-12-30 05:00:00;0.0;50.0;;145.4144737452767;;;;
2022-12-30 06:00:00;0.0;50.0;;161.0579555554369;;;;
2022-12-30 07:00:00;0.0;50.0;;177.9404110409019;;;;
2022-12-30 08:00:00;0.0;50.0;;194.9882070660989;;;;
2022-12-30 09:00:00;0.0;50.0;;211.0833563742182;;;;
2022-12-30 10:00:00;0.0;50.0;;225.1839495500106;;;;
2022-12-30 11:00:00;0.0;50.0;;236.3443615165722;;;;
2022-12-30 12:00:00;0.0;50.0;;243.819619432888;;;;
2022-12-30 13:00:00;0.0;50.0;;247.1100044726856;;;;
2022-12-30 14:00:00;0.0;50.0;;246.0076544939643;;;;
2022-12-30 15:00:00;0.0;50.0;;240.6064697989534;;;;
2022-12-30 16:00:00;0.0;50.0;;231.3019409164625;;;;
2022-12-30 17:00:00;0.0;50.0;;218.7596781212828;;;;
2022-12-30 18:00:00;0.0;50.0;;203.8638173345049;;;;
2022-12-30 19:00:00;0.0;50.0;;187.6579605986171;;;;
2022-12-30 20:00:00;0.0;50.0;;171.3015666010666;;;;
2022-12-30 21:00:00;0.0;50.0;;155.9616600056866;;;;
2022-12-30 22:00:00;0.0;50.0;;142.7393384777095;;;;
2022-12-30 23:00:00;0.0;50.0;;133.4012485850428;;;;
2022-12-31 00:00:00;0.0;50.0;;127.8296667988634;;;;
2022-12-31 01:00:00;0.0;50.0;;126.5168193269897;;;;
2022-12-31 02:00:00;0.0;50.0;;128.8300138704086;;;;
2022-12-31 03:00:00;0.0;50.0;;135.4924779476809;;;;
2022-12-31 04:00:00;0.0;50.0;;146.0455866790628;;;;
2022-12-31 05:00:00;0.0;50.0;;159.7562797440035;;;;
2022-12-31 06:00:00;0.0;50.0;;175.6864595832543;;;;
2022-12-31 07:00:00;0.0;50.0;;192.7273148371997;;;;
2022-12-31 08:00:00;0.0;50.0;;209.6994720637417;;;;
2022-12-31 09:00:00;0.0;50.0;;225.4301757633279;;;;
2022-12-31 10:00:00;0.0;50.0;;238.8346998705258;;;;
2022-12-31 11:00:00;0.0;50.0;;248.9932124501593;;;;
2022-12-31 12:00:00;0.0;50.0;;255.2005668792062;;;;
2022-12-31 13:00:00;0.0;50.0;;257.0375605030027;;;;
2022-12-31 14:00:00;0.0;50.0;;254.3702827248368;;;;
2022-12-31 15:00:00;0.0;50.0;;247.3932407389845;;;;
2022-12-31 16:00:00;0.0;50.0;;236.5744968058811;;;;
2022-12-31 17:00:00;0.0;50.0;;222.6485171485984;;;;
2022-12-31 18:00:00;0.0;50.0;;206.5432170529791;;;;
2022-12-31 19:00:00;0.0;50.0;;189.3551288417385;;;;
2022-12-31 20:00:00;0.0;50.0;;172.2373899754064;;;;
2022-12-31 21:00:00;0.0;50.0;;156.3367297590083;;;;
2022-12-31 22:00:00;0.0;50.0;;142.7127711681887;;;;
2022-12-31 23:00:00;0.0;50.0;;90.85845942634144;;;;
