
Gurobi 12.0.3 (win64) logging started Tue Sep 16 09:50:03 2025

Set parameter LogFile to value "userData\20250916094958-1\solver_log.txt"
Set parameter TimeLimit to value 72000
Set parameter MIPGap to value 0.02
Set parameter MIPFocus to value 0
Set parameter Threads to value 0
Set parameter NodefileStart to value 60
Set parameter Method to value -1
Set parameter Heuristics to value 0.05
Set parameter Presolve to value -1
Set parameter BranchDir to value 0
Set parameter LPWarmStart to value 0
Set parameter IntFeasTol to value 1e-05
Set parameter FeasibilityTol to value 1e-06
Set parameter Cuts to value -1
Set parameter NumericFocus to value 0
Gurobi Optimizer version 12.0.3 build v12.0.3rc0 (win64 - Windows Server 2019.0 (17763.2))

CPU model: Intel(R) Xeon(R) Gold 5120 CPU @ 2.20GHz, instruction set [SSE2|AVX|AVX2|AVX512]
Thread count: 8 physical cores, 8 logical processors, using up to 8 threads

Non-default parameters:
TimeLimit  72000
MIPGap  0.02
LPWarmStart  0
NodefileStart  60

Optimize a model with 52932 rows, 44437 columns and 129310 nonzeros
Model fingerprint: 0xca283375
Variable types: 43717 continuous, 720 integer (720 binary)
Coefficient statistics:
  Matrix range     [3e-03, 8e+07]
  Objective range  [1e+00, 1e+00]
  Bounds range     [1e+00, 7e+09]
  RHS range        [1e+00, 8e+07]
Warning: Model contains large bounds
         Consider reformulating model or setting NumericFocus parameter
         to avoid numerical issues.
Presolve removed 39660 rows and 31680 columns
Presolve time: 0.32s
Presolved: 13272 rows, 12757 columns, 47460 nonzeros
Variable types: 12397 continuous, 360 integer (360 binary)

Root simplex log...

Iteration    Objective       Primal Inf.    Dual Inf.      Time
   30916    3.9385543e+07   3.414839e+03   0.000000e+00      5s
   34694    3.9676580e+07   0.000000e+00   0.000000e+00      6s

Root relaxation: objective 3.967658e+07, 34694 iterations, 4.68 seconds (3.77 work units)

    Nodes    |    Current Node    |     Objective Bounds      |     Work
 Expl Unexpl |  Obj  Depth IntInf | Incumbent    BestBd   Gap | It/Node Time

     0     0 3.9677e+07    0   38          - 3.9677e+07      -     -    6s
H    0     0                    1.719584e+08 3.9677e+07  76.9%     -    6s
H    0     0                    1.617695e+08 3.9677e+07  75.5%     -    6s
H    0     0                    1.596135e+08 3.9677e+07  75.1%     -    6s
H    0     0                    9.734323e+07 3.9677e+07  59.2%     -    6s
H    0     0                    8.885508e+07 3.9677e+07  55.3%     -    6s
     0     0 4.0166e+07    0   38 8.8855e+07 4.0166e+07  54.8%     -    7s
H    0     0                    7.877629e+07 4.0232e+07  48.9%     -    7s
     0     0 4.0904e+07    0   41 7.8776e+07 4.0904e+07  48.1%     -    8s
H    0     0                    7.877312e+07 4.0908e+07  48.1%     -    8s
     0     0 4.1160e+07    0   39 7.8773e+07 4.1160e+07  47.7%     -    8s
     0     0 4.1178e+07    0   40 7.8773e+07 4.1178e+07  47.7%     -    8s
     0     0 4.1304e+07    0   45 7.8773e+07 4.1304e+07  47.6%     -   10s
     0     0 4.1420e+07    0   43 7.8773e+07 4.1420e+07  47.4%     -   10s
     0     0 4.1420e+07    0   44 7.8773e+07 4.1420e+07  47.4%     -   10s
     0     0 4.1536e+07    0   45 7.8773e+07 4.1536e+07  47.3%     -   11s
     0     0 4.1564e+07    0   47 7.8773e+07 4.1564e+07  47.2%     -   11s
     0     0 4.1565e+07    0   47 7.8773e+07 4.1565e+07  47.2%     -   11s
     0     0 4.1565e+07    0   47 7.8773e+07 4.1565e+07  47.2%     -   11s
     0     0 4.1565e+07    0   47 7.8773e+07 4.1565e+07  47.2%     -   12s
     0     0 4.1588e+07    0   47 7.8773e+07 4.1588e+07  47.2%     -   12s
H    0     0                    7.529412e+07 4.1588e+07  44.8%     -   14s
H    0     0                    7.475310e+07 4.1588e+07  44.4%     -   14s
H    0     0                    7.462101e+07 4.1588e+07  44.3%     -   14s
H    0     0                    7.431746e+07 4.1588e+07  44.0%     -   14s
H    0     0                    7.423273e+07 4.1588e+07  44.0%     -   14s
H    0     0                    7.393146e+07 4.1588e+07  43.7%     -   14s
H    0     0                    7.393146e+07 4.1588e+07  43.7%     -   15s
H    0     0                    7.389233e+07 4.1588e+07  43.7%     -   15s
H    0     0                    7.259270e+07 4.1588e+07  42.7%     -   15s
H    0     0                    7.258994e+07 4.1588e+07  42.7%     -   15s
H    0     0                    7.162678e+07 4.1588e+07  41.9%     -   15s
H    0     0                    7.162678e+07 4.1588e+07  41.9%     -   15s
H    0     0                    7.131477e+07 4.1588e+07  41.7%     -   15s
H    0     0                    7.127450e+07 4.1588e+07  41.7%     -   15s
H    0     0                    7.127398e+07 4.1588e+07  41.6%     -   15s
H    0     0                    7.100507e+07 4.1588e+07  41.4%     -   15s
H    0     0                    7.098452e+07 4.1588e+07  41.4%     -   15s
     0     2 4.1588e+07    0   47 7.0985e+07 4.1588e+07  41.4%     -   17s
     7    16 6.4815e+07    3   39 7.0985e+07 4.1749e+07  41.2%  2033   20s
    15    20     cutoff    4      7.0985e+07 4.2399e+07  40.3%  2092   25s
    39    52 5.1222e+07    7   42 7.0985e+07 4.2399e+07  40.3%  2646   30s
   114    98 5.3830e+07   15   36 7.0985e+07 4.2399e+07  40.3%  1623   35s
H  116    98                    6.847151e+07 4.2399e+07  38.1%  1604   35s
   149   120 5.3896e+07   18   36 6.8472e+07 4.2429e+07  38.0%  1399   41s
H  220   176                    6.647483e+07 4.2429e+07  36.2%  1224   44s
   221   187 5.4254e+07   24   35 6.6475e+07 4.2429e+07  36.2%  1222   46s
   271   235 5.4786e+07   28   39 6.6475e+07 4.2429e+07  36.2%  1213   50s
H  307   257                    6.625112e+07 4.2429e+07  36.0%  1198   53s
   339   292 5.5364e+07   33   39 6.6251e+07 4.2429e+07  36.0%  1161   55s
   424   392 5.6016e+07   38   36 6.6251e+07 4.2429e+07  36.0%  1094   62s
   482   439     cutoff   42      6.6251e+07 4.3177e+07  34.8%  1081   66s
   546   458 5.0554e+07   11   50 6.6251e+07 4.3177e+07  34.8%  1103   70s
   651   558 5.1140e+07   14   46 6.6251e+07 4.3637e+07  34.1%  1086   76s
   751   661 5.1426e+07   20   48 6.6251e+07 4.3637e+07  34.1%  1069   80s
   890   729 5.3624e+07   24   42 6.6251e+07 4.3637e+07  34.1%  1052   85s
   914   784 5.4308e+07   27   41 6.6251e+07 4.3637e+07  34.1%  1063   90s
  1019   842 5.5019e+07   29   40 6.6251e+07 4.3637e+07  34.1%  1039   98s
  1070   863 5.5321e+07   30   40 6.6251e+07 4.3637e+07  34.1%  1041  101s
  1122   881 5.5494e+07   35   39 6.6251e+07 4.3637e+07  34.1%  1062  105s
H 1131   877                    6.609077e+07 4.3637e+07  34.0%  1072  105s
  1196   965 5.5748e+07   42   36 6.6091e+07 4.3637e+07  34.0%  1081  110s
  1314  1036 4.5467e+07   13   38 6.6091e+07 4.3981e+07  33.5%  1106  116s
  1441  1146 5.8560e+07   25   33 6.6091e+07 4.3981e+07  33.5%  1134  123s
  1523  1225 5.9347e+07   34   30 6.6091e+07 4.3981e+07  33.5%  1130  129s
  1625  1251 5.6364e+07   11   41 6.6091e+07 4.4574e+07  32.6%  1133  134s
  1684  1308 5.8894e+07   15   35 6.6091e+07 4.4574e+07  32.6%  1154  136s
  1745  1309 6.1105e+07   31   47 6.6091e+07 4.4574e+07  32.6%  1168  149s
  1747  1310 6.4927e+07   34   38 6.6091e+07 4.4574e+07  32.6%  1167  154s
  1748  1311 5.8198e+07   23   41 6.6091e+07 4.4574e+07  32.6%  1166  156s
  1754  1315 5.3501e+07   56   42 6.6091e+07 4.4574e+07  32.6%  1162  160s
  1760  1319 6.1397e+07   13   50 6.6091e+07 4.4574e+07  32.6%  1158  171s
H 1760  1252                    6.574296e+07 4.4637e+07  32.1%  1158  186s
H 1760  1189                    6.574086e+07 4.4637e+07  32.1%  1158  186s
H 1760  1130                    6.555191e+07 4.4637e+07  31.9%  1158  186s
  1764  1137 6.2391e+07   13   42 6.5552e+07 4.4637e+07  31.9%  1189  190s
  1783  1140 4.4637e+07   16   48 6.5552e+07 4.4637e+07  31.9%  1189  195s
  1814  1145 4.4754e+07   19   43 6.5552e+07 4.4637e+07  31.9%  1195  200s
  1849  1152 4.4887e+07   23   44 6.5552e+07 4.4637e+07  31.9%  1194  206s
  1871  1159 4.5151e+07   25   41 6.5552e+07 4.4637e+07  31.9%  1198  210s
  1925  1175 4.7600e+07   30   34 6.5552e+07 4.4637e+07  31.9%  1199  216s
H 1945  1116                    6.536772e+07 4.4637e+07  31.7%  1195  217s
  1970  1123 4.7772e+07   33   33 6.5368e+07 4.4637e+07  31.7%  1189  220s
  2048  1168 4.8131e+07   40   35 6.5368e+07 4.4637e+07  31.7%  1183  226s
  2106  1179 4.8284e+07   43   32 6.5368e+07 4.4637e+07  31.7%  1176  230s
  2222  1208 4.8900e+07   56   33 6.5368e+07 4.4893e+07  31.3%  1163  236s
  2278  1239 5.7771e+07   62   30 6.5368e+07 4.4893e+07  31.3%  1170  240s
  2397  1282 6.0176e+07   76   24 6.5368e+07 4.5138e+07  30.9%  1159  246s
  2578  1319 5.7640e+07   24   37 6.5368e+07 4.5286e+07  30.7%  1139  251s
H 2597  1259                    6.535025e+07 4.5286e+07  30.7%  1140  251s
  2653  1309 5.8034e+07   32   34 6.5350e+07 4.5286e+07  30.7%  1141  256s
  2774  1327 6.2858e+07   40   24 6.5350e+07 4.5286e+07  30.7%  1130  262s
  2824  1376 6.3191e+07   42   32 6.5350e+07 4.5286e+07  30.7%  1125  266s
  2928  1415 5.6173e+07   35   28 6.5350e+07 4.5286e+07  30.7%  1118  271s
  3069  1480 5.5970e+07   32   41 6.5350e+07 4.5286e+07  30.7%  1115  277s
  3163  1518 5.7484e+07   41   33 6.5350e+07 4.5286e+07  30.7%  1109  280s
  3346  1583 6.2869e+07   54   26 6.5350e+07 4.5286e+07  30.7%  1099  286s
  3544  1640 infeasible   54      6.5350e+07 4.7462e+07  27.4%  1085  293s
  3632  1690     cutoff   42      6.5350e+07 4.7462e+07  27.4%  1083  296s
  3885  1807 5.3568e+07   39   34 6.5350e+07 4.7510e+07  27.3%  1064  303s
  4076  1851 5.4954e+07   48   25 6.5350e+07 4.7510e+07  27.3%  1043  307s
  4224  1915 6.1445e+07   61   21 6.5350e+07 4.8031e+07  26.5%  1033  311s
  4392  1952 5.6249e+07   29   32 6.5350e+07 4.8143e+07  26.3%  1019  315s
  4536  2003 5.5426e+07   45   36 6.5350e+07 4.8393e+07  25.9%  1012  320s
  4831  2085 5.6890e+07   54   33 6.5350e+07 4.8766e+07  25.4%  1001  328s
  4996  2107 5.5052e+07   26   42 6.5350e+07 4.8766e+07  25.4%   994  333s
  5043  2157 5.5199e+07   28   44 6.5350e+07 4.8766e+07  25.4%   993  338s
  5143  2298 5.6970e+07   31   39 6.5350e+07 4.8766e+07  25.4%   990  343s
  5349  2378 4.9015e+07   30   33 6.5350e+07 4.8766e+07  25.4%   983  349s
  5495  2504 4.9425e+07   37   36 6.5350e+07 4.8766e+07  25.4%   976  354s
  5684  2668 6.1627e+07   50   25 6.5350e+07 4.8908e+07  25.2%   970  360s
  5929  2801 6.0093e+07   43   21 6.5350e+07 4.9081e+07  24.9%   965  366s
  6148  2969 5.8955e+07   40   29 6.5350e+07 4.9226e+07  24.7%   961  372s
  6465  3214 6.5008e+07   57   20 6.5350e+07 4.9226e+07  24.7%   945  377s
  6811  3413 6.1187e+07   84   22 6.5350e+07 4.9226e+07  24.7%   927  383s
  7130  3604 5.8213e+07   37   29 6.5350e+07 4.9613e+07  24.1%   913  390s
  7426  3756 6.0062e+07   57   33 6.5350e+07 4.9697e+07  24.0%   905  397s
  7672  3910 6.0168e+07   35   39 6.5350e+07 4.9839e+07  23.7%   902  404s
  7900  4049 5.5312e+07   36   36 6.5350e+07 4.9916e+07  23.6%   900  411s
  8151  4255     cutoff   58      6.5350e+07 5.0008e+07  23.5%   897  419s
  8500  4330 5.8581e+07   54   28 6.5350e+07 5.0008e+07  23.5%   887  427s
  8611  4527 6.4078e+07   71   23 6.5350e+07 5.0008e+07  23.5%   886  435s
  8909  4717 5.7402e+07   24   39 6.5350e+07 5.0450e+07  22.8%   884  443s
  9198  4949 5.7684e+07   42   31 6.5350e+07 5.0577e+07  22.6%   881  452s
  9592  5171 5.1141e+07   42   33 6.5350e+07 5.1025e+07  21.9%   874  460s
  9985  5417 6.0622e+07   43   36 6.5350e+07 5.1128e+07  21.8%   866  470s
 10395  5629 5.8194e+07   41   29 6.5350e+07 5.1235e+07  21.6%   858  480s
 10827  5935 5.8422e+07   23   41 6.5350e+07 5.1550e+07  21.1%   850  490s
 11277  6224 6.0357e+07   17   44 6.5350e+07 5.1752e+07  20.8%   843  500s
 11690  6543 5.7941e+07   39   25 6.5350e+07 5.1898e+07  20.6%   839  511s
 12196  6864 6.0513e+07   35   37 6.5350e+07 5.2097e+07  20.3%   832  523s
 12711  7184 5.3460e+07   41   36 6.5350e+07 5.2238e+07  20.1%   827  534s
 13191  7509 6.1724e+07   35   30 6.5350e+07 5.2404e+07  19.8%   824  546s
 13751  7933 6.0294e+07   40   43 6.5350e+07 5.2645e+07  19.4%   819  558s
 14470  8376 6.0251e+07   55   23 6.5350e+07 5.2930e+07  19.0%   809  573s
 15222  8735 5.9030e+07   56   17 6.5350e+07 5.3226e+07  18.6%   800  585s
 15818  9084 5.6253e+07   55   23 6.5350e+07 5.3543e+07  18.1%   793  597s
 16312  9434 6.4444e+07   32   32 6.5350e+07 5.3692e+07  17.8%   790  609s
 16935  9484 5.8464e+07   33   25 6.5350e+07 5.3822e+07  17.6%   784  622s
H16961  9484                    6.535025e+07 5.3830e+07  17.6%   784  622s
 17020  9679 6.2023e+07   35   17 6.5350e+07 5.3830e+07  17.6%   783  635s
 17298 10017     cutoff   38      6.5350e+07 5.3830e+07  17.6%   780  649s
 17879 10417     cutoff   38      6.5350e+07 5.3915e+07  17.5%   775  664s
 18538 10968 5.6331e+07   50   29 6.5350e+07 5.3979e+07  17.4%   767  680s
 19380 11554 5.7806e+07   43   26 6.5350e+07 5.4220e+07  17.0%   760  697s
 20360 12018     cutoff   40      6.5350e+07 5.4344e+07  16.8%   750  712s
 21262 12572 5.8615e+07   47   30 6.5350e+07 5.4393e+07  16.8%   743  727s
 22233 13229 6.2516e+07   68   26 6.5350e+07 5.4470e+07  16.6%   734  743s
 23432 13796 5.5135e+07   45   32 6.5350e+07 5.4544e+07  16.5%   723  757s
 24351 14261 5.4915e+07   36   43 6.5350e+07 5.4588e+07  16.5%   717  771s
 25192 14803 5.7883e+07   39   32 6.5350e+07 5.4705e+07  16.3%   713  785s
 26054 15331 5.9663e+07   46   30 6.5350e+07 5.4743e+07  16.2%   709  800s
 26990 15871     cutoff   56      6.5350e+07 5.4814e+07  16.1%   704  813s
 27829 16386 6.1334e+07   53   19 6.5350e+07 5.4894e+07  16.0%   701  827s
 28648 16974 6.2399e+07   37   29 6.5350e+07 5.4930e+07  15.9%   697  840s
 29561 17864 5.6192e+07   55   29 6.5350e+07 5.4968e+07  15.9%   693  961s
 30892 18140 5.9718e+07   42   33 6.5350e+07 5.5041e+07  15.8%   685  972s
 31378 18547 6.4804e+07   35   32 6.5350e+07 5.5062e+07  15.7%   684  986s
 32294 18969 5.7299e+07   53   26 6.5350e+07 5.5110e+07  15.7%   678  999s
 32996 19440 6.3396e+07   44   25 6.5350e+07 5.5152e+07  15.6%   678 1013s
 33819 19868 5.6467e+07   35   39 6.5350e+07 5.5163e+07  15.6%   675 1025s
 34494 20173 6.1731e+07   76   15 6.5350e+07 5.5163e+07  15.6%   674 1038s
 35254 20603 5.8848e+07   40   30 6.5350e+07 5.5225e+07  15.5%   671 1052s
 36006 20996 5.6790e+07   43   37 6.5350e+07 5.5279e+07  15.4%   670 1065s
 36748 21412 6.2725e+07   51   22 6.5350e+07 5.5347e+07  15.3%   669 1080s
 37577 21843 5.8182e+07   43   27 6.5350e+07 5.5381e+07  15.3%   666 1093s
 38270 22421 5.7398e+07   50   25 6.5350e+07 5.5414e+07  15.2%   666 1107s
 39148 22939 5.6454e+07   43   40 6.5350e+07 5.5436e+07  15.2%   663 1122s
 40059 23316     cutoff   69      6.5350e+07 5.5454e+07  15.1%   660 1136s
 40801 23738 6.0879e+07   45   31 6.5350e+07 5.5490e+07  15.1%   659 1149s
 41605 24199 5.9348e+07   50   27 6.5350e+07 5.5542e+07  15.0%   657 1163s
 42529 24735 5.6549e+07   48   32 6.5350e+07 5.5578e+07  15.0%   653 1177s
 43500 25191 5.9468e+07   37   30 6.5350e+07 5.5618e+07  14.9%   649 1192s
 44420 25815 6.2172e+07   45   23 6.5350e+07 5.5645e+07  14.9%   646 1209s
 45506 26156 5.7291e+07   51   26 6.5350e+07 5.5675e+07  14.8%   643 1221s
 46195 26587 6.4302e+07   64   17 6.5350e+07 5.5703e+07  14.8%   643 1235s
 46918 27080 6.3535e+07   60   24 6.5350e+07 5.5708e+07  14.8%   642 1250s
 47814 27527 6.0153e+07   61   26 6.5350e+07 5.5761e+07  14.7%   640 1264s
 48663 28065 5.8821e+07   49   35 6.5350e+07 5.5789e+07  14.6%   638 1277s
 49612 28587 6.1574e+07   47   31 6.5350e+07 5.5819e+07  14.6%   636 1291s
 50488 29043 6.0353e+07   49   29 6.5350e+07 5.5868e+07  14.5%   634 1304s
 51405 29572 5.8716e+07   36   42 6.5350e+07 5.5914e+07  14.4%   632 1318s
 52257 30088 6.0966e+07   47   28 6.5350e+07 5.5952e+07  14.4%   631 1330s
 53129 30488 6.2876e+07   44   27 6.5350e+07 5.5972e+07  14.4%   629 1343s
 54103 30948 6.0636e+07   37   31 6.5350e+07 5.5995e+07  14.3%   627 1356s
 54892 31314 6.3885e+07   70   15 6.5350e+07 5.6032e+07  14.3%   625 1368s
 55784 31776 5.7785e+07   45   33 6.5350e+07 5.6062e+07  14.2%   623 1380s
 56668 32002 6.0830e+07   33   30 6.5350e+07 5.6082e+07  14.2%   622 1393s
 57053 32445 5.9013e+07   49   39 6.5350e+07 5.6089e+07  14.2%   621 1405s
 57907 32974 6.1581e+07   65   26 6.5350e+07 5.6130e+07  14.1%   620 1418s
 58872 33551 6.2277e+07   73   22 6.5350e+07 5.6159e+07  14.1%   617 1433s
 60105 33945 6.4596e+07   56   27 6.5350e+07 5.6211e+07  14.0%   614 1445s
 60750 34320 6.4544e+07   54   29 6.5350e+07 5.6233e+07  14.0%   613 1457s
 61474 34783 6.3223e+07   51   14 6.5350e+07 5.6253e+07  13.9%   612 1469s
 62245 35191     cutoff   60      6.5350e+07 5.6271e+07  13.9%   611 1482s
 63031 35674 5.9359e+07   44   26 6.5350e+07 5.6308e+07  13.8%   610 1496s
 63936 36067 6.3598e+07   43   19 6.5350e+07 5.6333e+07  13.8%   608 1509s
 64711 36531 6.0570e+07   49   34 6.5350e+07 5.6357e+07  13.8%   607 1523s
 65529 37053 5.9632e+07   48   28 6.5350e+07 5.6380e+07  13.7%   606 1539s
 66395 37493     cutoff   30      6.5350e+07 5.6395e+07  13.7%   605 1552s
 67242 37926 6.2754e+07   55   24 6.5350e+07 5.6408e+07  13.7%   604 1564s
 67968 38423 6.2608e+07   53   26 6.5350e+07 5.6427e+07  13.7%   603 1576s
 69115 38788 6.0500e+07   54   24 6.5350e+07 5.6447e+07  13.6%   600 1588s
 69933 39166 6.4141e+07   52   24 6.5350e+07 5.6466e+07  13.6%   598 1600s
 70635 39561 5.8723e+07   61   31 6.5350e+07 5.6472e+07  13.6%   598 1612s
 71518 40017 6.0173e+07   57   35 6.5350e+07 5.6507e+07  13.5%   596 1623s
 72252 40409 6.2520e+07   72   15 6.5350e+07 5.6516e+07  13.5%   595 1635s
 73118 40841 6.1663e+07   48   26 6.5350e+07 5.6557e+07  13.5%   594 1647s
 73874 41416 6.3135e+07   54   16 6.5350e+07 5.6582e+07  13.4%   593 1662s
 75034 41679 5.9404e+07   51   28 6.5350e+07 5.6605e+07  13.4%   591 1673s
 75613 42122 6.1345e+07   41   31 6.5350e+07 5.6636e+07  13.3%   591 1684s
 76361 42555 5.9930e+07   54   21 6.5350e+07 5.6650e+07  13.3%   590 1697s
 77063 43058 6.1440e+07   57   29 6.5350e+07 5.6671e+07  13.3%   589 1711s
 77949 43593 6.1827e+07   48   29 6.5350e+07 5.6693e+07  13.2%   588 1724s
 78812 44016 6.1079e+07   50   26 6.5350e+07 5.6722e+07  13.2%   587 1736s
 79611 44481 6.1356e+07   44   21 6.5350e+07 5.6737e+07  13.2%   586 1749s
 80427 44865 6.3199e+07   55   18 6.5350e+07 5.6754e+07  13.2%   585 1761s
 81306 45409 6.1473e+07   47   27 6.5350e+07 5.6778e+07  13.1%   584 1774s
 82258 45833 6.3046e+07   74   19 6.5350e+07 5.6795e+07  13.1%   583 1786s
 83161 46276 6.3930e+07   50   29 6.5350e+07 5.6815e+07  13.1%   582 1799s
 84090 46680 5.8340e+07   66   28 6.5350e+07 5.6842e+07  13.0%   580 1811s
 84955 47159 6.4292e+07   61   19 6.5350e+07 5.6860e+07  13.0%   579 1823s
 85764 47640     cutoff   73      6.5350e+07 5.6880e+07  13.0%   578 1835s
 86612 48144 5.9178e+07   61   28 6.5350e+07 5.6899e+07  12.9%   577 1847s
 87553 48368     cutoff   64      6.5350e+07 5.6922e+07  12.9%   576 1860s
 88021 48826 6.4473e+07   53   19 6.5350e+07 5.6934e+07  12.9%   575 1873s
 88830 49396 6.1417e+07   43   30 6.5350e+07 5.6966e+07  12.8%   574 1888s
 89914 49830 6.0069e+07   47   24 6.5350e+07 5.6982e+07  12.8%   573 1899s
 90880 50251     cutoff   63      6.5350e+07 5.7010e+07  12.8%   572 1910s
 91619 50635 6.4999e+07   49   28 6.5350e+07 5.7030e+07  12.7%   571 1920s
 92332 51043 6.3994e+07   62   22 6.5350e+07 5.7040e+07  12.7%   570 1932s
 93274 51383 6.0268e+07   42   25 6.5350e+07 5.7065e+07  12.7%   569 1945s
 93954 51795 6.0224e+07   60   28 6.5350e+07 5.7079e+07  12.7%   569 1958s
 94750 52203 6.1761e+07   64   32 6.5350e+07 5.7102e+07  12.6%   568 1971s
 95613 52612     cutoff   73      6.5350e+07 5.7113e+07  12.6%   567 1984s
 96349 52992 6.2315e+07   60   13 6.5350e+07 5.7129e+07  12.6%   566 1998s
 97104 53397 6.2143e+07   49   21 6.5350e+07 5.7135e+07  12.6%   565 2011s
 97876 53784 6.1780e+07   70   21 6.5350e+07 5.7158e+07  12.5%   565 2024s
 98654 54153 6.0453e+07   36   37 6.5350e+07 5.7172e+07  12.5%   564 2035s
 99354 54581 6.0710e+07   58   23 6.5350e+07 5.7181e+07  12.5%   564 2047s
 100073 55064 6.4874e+07   56   23 6.5350e+07 5.7194e+07  12.5%   563 2058s
 100908 55514 6.1713e+07   39   42 6.5350e+07 5.7212e+07  12.5%   562 2071s
 101773 55857 6.2601e+07   49   24 6.5350e+07 5.7235e+07  12.4%   561 2082s
 102471 56214     cutoff   35      6.5350e+07 5.7247e+07  12.4%   561 2094s
 103331 56679 6.1346e+07   68   22 6.5350e+07 5.7271e+07  12.4%   560 2109s
 104351 57042 5.8831e+07   45   28 6.5350e+07 5.7290e+07  12.3%   559 2120s
 105178 57488 5.8601e+07   53   25 6.5350e+07 5.7301e+07  12.3%   558 2133s
 105992 57992 6.3536e+07   52   29 6.5350e+07 5.7328e+07  12.3%   558 2145s
 106847 58418 6.1378e+07   48   30 6.5350e+07 5.7347e+07  12.2%   557 2156s
 107755 58926 6.0381e+07   66   21 6.5350e+07 5.7360e+07  12.2%   556 2168s
 108682 59424     cutoff   51      6.5350e+07 5.7385e+07  12.2%   555 2181s
 109667 59765 6.4010e+07   78   24 6.5350e+07 5.7406e+07  12.2%   554 2192s
 110472 60122 6.1546e+07   49   31 6.5350e+07 5.7422e+07  12.1%   553 2203s
 111144 60421 6.1049e+07   62   14 6.5350e+07 5.7433e+07  12.1%   552 2215s
 111712 60834 6.1790e+07   44   22 6.5350e+07 5.7433e+07  12.1%   552 2227s
 112522 61234 6.3480e+07   60   13 6.5350e+07 5.7465e+07  12.1%   551 2238s
 113348 61650 5.7915e+07   68   18 6.5350e+07 5.7486e+07  12.0%   550 2250s
 114208 61984 6.0773e+07   52   25 6.5350e+07 5.7510e+07  12.0%   549 2262s
 114973 62359 6.5125e+07   56   26 6.5350e+07 5.7519e+07  12.0%   549 2273s
 115730 62762 6.1995e+07   57   31 6.5350e+07 5.7528e+07  12.0%   549 2284s
 116525 63164 6.5033e+07   95   15 6.5350e+07 5.7543e+07  11.9%   548 2295s
 117271 63605 6.4449e+07   42   23 6.5350e+07 5.7563e+07  11.9%   548 2308s
 118092 64058 6.2819e+07   36   30 6.5350e+07 5.7572e+07  11.9%   548 2322s
 119034 64513     cutoff   56      6.5350e+07 5.7591e+07  11.9%   547 2335s
 119846 64937 6.3377e+07   40   39 6.5350e+07 5.7611e+07  11.8%   547 2348s
 120676 65403 6.3261e+07   61   23 6.5350e+07 5.7624e+07  11.8%   546 2362s
 121576 65893 5.8534e+07   48   31 6.5350e+07 5.7643e+07  11.8%   545 2374s
 121831 65893 6.0259e+07   27   37 6.5350e+07 5.7643e+07  11.8%   545 2375s
 122350 66321 6.1517e+07   58   27 6.5350e+07 5.7655e+07  11.8%   545 2388s
 123184 66756 6.1144e+07   77   19 6.5350e+07 5.7667e+07  11.8%   545 2403s
 124141 67264 6.2330e+07   56   19 6.5350e+07 5.7697e+07  11.7%   544 2416s
 125034 67757 6.3143e+07   70   21 6.5350e+07 5.7703e+07  11.7%   543 2429s
 125880 67966 6.1519e+07   51   22 6.5350e+07 5.7721e+07  11.7%   543 2443s
 126294 68291 6.0628e+07   36   37 6.5350e+07 5.7726e+07  11.7%   542 2457s
 127082 68705 6.1331e+07   46   18 6.5350e+07 5.7735e+07  11.7%   542 2470s
 127989 69121 6.2998e+07   70   21 6.5350e+07 5.7753e+07  11.6%   541 2484s
 128824 69567 5.9810e+07   35   47 6.5350e+07 5.7768e+07  11.6%   541 2497s
 129666 70047 6.0504e+07   68   22 6.5350e+07 5.7772e+07  11.6%   540 2510s
 130585 70456 6.2561e+07   47   27 6.5350e+07 5.7795e+07  11.6%   540 2525s
 131490 70992 6.1768e+07   52   24 6.5350e+07 5.7807e+07  11.5%   539 2538s
 132534 71400 6.0068e+07   48   24 6.5350e+07 5.7832e+07  11.5%   538 2554s
 133559 71840 6.0940e+07   54   19 6.5350e+07 5.7852e+07  11.5%   537 2566s
 134291 72299 5.9489e+07   48   29 6.5350e+07 5.7865e+07  11.5%   537 2580s
 135204 72755 6.1709e+07   47   19 6.5350e+07 5.7874e+07  11.4%   536 2592s
 136065 73166 6.1329e+07   61   28 6.5350e+07 5.7881e+07  11.4%   535 2604s
 136818 73651 6.4667e+07   51   25 6.5350e+07 5.7894e+07  11.4%   535 2616s
 137724 74087 6.3636e+07   51   21 6.5350e+07 5.7910e+07  11.4%   534 2630s
 138541 74436 6.3636e+07   63   15 6.5350e+07 5.7928e+07  11.4%   534 2642s
 139356 74906 6.1079e+07   62   16 6.5350e+07 5.7934e+07  11.3%   533 2654s
 140198 75311 6.4552e+07   63   25 6.5350e+07 5.7950e+07  11.3%   532 2666s
 141000 75716 6.2550e+07   69   18 6.5350e+07 5.7961e+07  11.3%   532 2678s
 141797 76060 6.1293e+07   63   21 6.5350e+07 5.7977e+07  11.3%   532 2691s
 142700 76512 6.3141e+07   58   23 6.5350e+07 5.7988e+07  11.3%   531 2703s
 143541 76911 6.2754e+07   51   36 6.5350e+07 5.7999e+07  11.2%   530 2716s
 144393 77431     cutoff   78      6.5350e+07 5.8011e+07  11.2%   530 2729s
 145266 77830 6.4647e+07   39   38 6.5350e+07 5.8022e+07  11.2%   529 2740s
 146033 78297 6.1855e+07   64   20 6.5350e+07 5.8031e+07  11.2%   529 2754s
 147024 78771 6.4766e+07   57    5 6.5350e+07 5.8044e+07  11.2%   528 2775s
 148036 79126 6.3103e+07   43   21 6.5350e+07 5.8057e+07  11.2%   527 2786s
 148848 79529 6.0584e+07   61   18 6.5350e+07 5.8061e+07  11.2%   526 2798s
 149716 79858 6.2231e+07   71   22 6.5350e+07 5.8080e+07  11.1%   526 2810s
 150452 80312     cutoff   58      6.5350e+07 5.8085e+07  11.1%   526 2823s
 151356 80806 6.1813e+07   53   17 6.5350e+07 5.8107e+07  11.1%   525 2835s
 152195 81055 6.2039e+07   56   37 6.5350e+07 5.8114e+07  11.1%   524 2850s
 152668 81493 6.2093e+07   57   35 6.5350e+07 5.8116e+07  11.1%   524 2863s
 153521 81905 6.3014e+07   39   41 6.5350e+07 5.8134e+07  11.0%   524 2876s
 154315 82317 6.0717e+07   54   23 6.5350e+07 5.8140e+07  11.0%   523 2889s
 155297 82721 6.2396e+07   48   20 6.5350e+07 5.8144e+07  11.0%   523 2902s
 156100 83067     cutoff   78      6.5350e+07 5.8155e+07  11.0%   522 2914s
 156910 83447 6.2351e+07   79   22 6.5350e+07 5.8171e+07  11.0%   522 2926s
 157619 83883     cutoff   65      6.5350e+07 5.8178e+07  11.0%   522 2940s
 158450 84302 6.4302e+07   73   20 6.5350e+07 5.8191e+07  11.0%   521 2953s
 159247 84684 6.2467e+07   38   26 6.5350e+07 5.8200e+07  10.9%   521 2965s
 160006 85168 6.3630e+07   55   23 6.5350e+07 5.8207e+07  10.9%   520 2978s
 160925 85552 6.4297e+07   42   25 6.5350e+07 5.8219e+07  10.9%   520 2993s
 161856 86166 6.4181e+07   59   21 6.5350e+07 5.8231e+07  10.9%   519 3009s
 162967 86619 6.2013e+07   68   14 6.5350e+07 5.8249e+07  10.9%   518 3022s
 163868 87009 5.8956e+07   44   26 6.5350e+07 5.8257e+07  10.9%   518 3032s
 164617 87491 6.4447e+07   57   24 6.5350e+07 5.8265e+07  10.8%   517 3047s
 165505 87819 6.3795e+07   50   15 6.5350e+07 5.8275e+07  10.8%   517 3059s
 166303 88208 6.3815e+07   70   10 6.5350e+07 5.8284e+07  10.8%   516 3070s
 166992 88651     cutoff   62      6.5350e+07 5.8291e+07  10.8%   516 3082s
 167897 89074 5.9485e+07   50   20 6.5350e+07 5.8304e+07  10.8%   515 3094s
 168718 89418 6.4240e+07   74   17 6.5350e+07 5.8312e+07  10.8%   515 3111s
 169469 89719 6.3968e+07   73   19 6.5350e+07 5.8316e+07  10.8%   515 3121s
 170106 90094 6.2191e+07   42   39 6.5350e+07 5.8330e+07  10.7%   514 3133s
 170854 90521 6.3092e+07   74   21 6.5350e+07 5.8336e+07  10.7%   514 3145s
 171719 90946 6.1675e+07   97   19 6.5350e+07 5.8343e+07  10.7%   514 3160s
 172622 91292     cutoff   68      6.5350e+07 5.8356e+07  10.7%   513 3172s
 173434 91526 6.3368e+07   45   27 6.5350e+07 5.8364e+07  10.7%   513 3188s
 173854 91873 6.4666e+07   42   31 6.5350e+07 5.8364e+07  10.7%   512 3202s
 174694 92231 6.1416e+07   64   34 6.5350e+07 5.8379e+07  10.7%   512 3215s
 175512 92567 6.3260e+07   57   30 6.5350e+07 5.8387e+07  10.7%   511 3228s
 176328 92991 6.4255e+07   59   20 6.5350e+07 5.8399e+07  10.6%   511 3247s
 177247 93556 6.2656e+07   55   22 6.5350e+07 5.8407e+07  10.6%   511 3263s
 178302 93978 6.0666e+07   49   28 6.5350e+07 5.8413e+07  10.6%   510 3276s
 179196 94322 6.5219e+07   56   15 6.5350e+07 5.8422e+07  10.6%   509 3291s
 180069 94704 6.0947e+07   45   27 6.5350e+07 5.8433e+07  10.6%   509 3304s
 180848 95133 6.2017e+07   48   28 6.5350e+07 5.8439e+07  10.6%   509 3319s
 181697 95492 6.1133e+07   56   26 6.5350e+07 5.8451e+07  10.6%   508 3332s
 182558 95869 6.1362e+07   52   30 6.5350e+07 5.8461e+07  10.5%   508 3346s
 183386 96222 5.9499e+07   57   23 6.5350e+07 5.8469e+07  10.5%   507 3359s
 184130 96549 6.3498e+07   45   29 6.5350e+07 5.8478e+07  10.5%   507 3372s
 184979 96737 6.3037e+07   67   21 6.5350e+07 5.8487e+07  10.5%   506 3401s
 185382 97041 6.3545e+07   65   24 6.5350e+07 5.8487e+07  10.5%   506 3416s
 186051 97464 6.5062e+07   65    6 6.5350e+07 5.8492e+07  10.5%   506 3431s
 186896 97892 6.2034e+07   72   21 6.5350e+07 5.8505e+07  10.5%   505 3445s
 187923 98264     cutoff   65      6.5350e+07 5.8519e+07  10.5%   505 3457s
 188658 98707 6.1199e+07   54   17 6.5350e+07 5.8526e+07  10.4%   505 3471s
 189550 99103 6.3139e+07   65   16 6.5350e+07 5.8537e+07  10.4%   504 3485s
 190363 99497     cutoff   34      6.5350e+07 5.8544e+07  10.4%   504 3500s
 191149 100093 6.2982e+07   37   36 6.5350e+07 5.8551e+07  10.4%   504 3520s
 192368 100409 6.0001e+07   36   32 6.5350e+07 5.8561e+07  10.4%   503 3532s
 192964 100799 6.2124e+07   65   23 6.5350e+07 5.8567e+07  10.4%   503 3548s
 193739 101267 6.4258e+07   71   15 6.5350e+07 5.8575e+07  10.4%   502 3563s
 194646 101701 6.4009e+07   51   30 6.5350e+07 5.8585e+07  10.4%   502 3576s
 195469 102033 6.2004e+07   65   23 6.5350e+07 5.8591e+07  10.3%   502 3587s
 196191 102190 5.8970e+07   78   20 6.5350e+07 5.8604e+07  10.3%   502 3610s
 196550 102551 6.1978e+07   71   24 6.5350e+07 5.8607e+07  10.3%   502 3627s
 197343 102960 6.5223e+07   67   19 6.5350e+07 5.8613e+07  10.3%   501 3642s
 198212 103421 6.2847e+07   71   16 6.5350e+07 5.8624e+07  10.3%   501 3656s
 199064 103790 6.3290e+07   44   25 6.5350e+07 5.8634e+07  10.3%   500 3669s
 199970 104110 6.1017e+07   47   19 6.5350e+07 5.8641e+07  10.3%   500 3685s
 200825 104546 6.1483e+07   70   30 6.5350e+07 5.8648e+07  10.3%   500 3699s
 201673 104979 6.4963e+07   69   19 6.5350e+07 5.8658e+07  10.2%   499 3713s
 202524 105307 6.1100e+07   59   24 6.5350e+07 5.8665e+07  10.2%   499 3726s
 203378 105738 6.2353e+07   79   14 6.5350e+07 5.8673e+07  10.2%   499 3744s
 204175 106139 6.4299e+07   76   17 6.5350e+07 5.8680e+07  10.2%   498 3758s
 204998 106468 6.1754e+07   52   27 6.5350e+07 5.8687e+07  10.2%   498 3771s
 205907 107025 5.8974e+07   50   28 6.5350e+07 5.8697e+07  10.2%   497 3787s
 206951 107454     cutoff   75      6.5350e+07 5.8704e+07  10.2%   497 3803s
 207758 107852 6.1833e+07   49   28 6.5350e+07 5.8712e+07  10.2%   497 3818s
 208613 108243 6.4177e+07   57   18 6.5350e+07 5.8721e+07  10.1%   496 3831s
 209407 108606 6.3514e+07   48   18 6.5350e+07 5.8726e+07  10.1%   496 3845s
 210238 108998 6.4270e+07   53   32 6.5350e+07 5.8732e+07  10.1%   496 3862s
 211115 109393 6.2126e+07   61   12 6.5350e+07 5.8745e+07  10.1%   495 3876s
 211974 109780 6.3120e+07   66   17 6.5350e+07 5.8752e+07  10.1%   495 3889s
 212874 110131 6.2002e+07   47   32 6.5350e+07 5.8759e+07  10.1%   495 3902s
 213611 110534 6.2727e+07   66   22 6.5350e+07 5.8763e+07  10.1%   494 3917s
 214401 110982 6.0104e+07   64   21 6.5350e+07 5.8773e+07  10.1%   494 3931s
 215233 111459 6.1894e+07   56   32 6.5350e+07 5.8781e+07  10.1%   494 3947s
 216162 111872 6.3222e+07   63   18 6.5350e+07 5.8789e+07  10.0%   493 3962s
 217054 112205 6.4322e+07   63   23 6.5350e+07 5.8792e+07  10.0%   493 3979s
 217889 112606     cutoff   70      6.5350e+07 5.8797e+07  10.0%   492 3993s
 218884 112922     cutoff   56      6.5350e+07 5.8806e+07  10.0%   492 4005s
 219631 113334 6.4376e+07   72   19 6.5350e+07 5.8812e+07  10.0%   491 4018s
 220376 113740 6.1944e+07   34   29 6.5350e+07 5.8819e+07  10.0%   491 4040s
 221411 114188     cutoff   42      6.5350e+07 5.8829e+07  10.0%   491 4054s
 222292 114581     cutoff   66      6.5350e+07 5.8835e+07  10.0%   491 4067s
 222979 114946 6.3298e+07   46   19 6.5350e+07 5.8841e+07  10.0%   490 4081s
 223793 115095 6.1258e+07   51   24 6.5350e+07 5.8850e+07  9.95%   490 4111s
 224134 115505     cutoff   80      6.5350e+07 5.8852e+07  9.94%   490 4128s
 225131 115863 6.2703e+07   62   35 6.5350e+07 5.8859e+07  9.93%   489 4146s
 225920 116263 6.1975e+07   38   32 6.5350e+07 5.8867e+07  9.92%   489 4162s
 226715 116663 6.4338e+07   65   13 6.5350e+07 5.8871e+07  9.92%   489 4176s
 227497 117161 6.4734e+07   76   16 6.5350e+07 5.8878e+07  9.90%   489 4192s
 228458 117608 6.2436e+07   67   21 6.5350e+07 5.8886e+07  9.89%   489 4212s
 229429 118047 6.0116e+07   50   18 6.5350e+07 5.8894e+07  9.88%   488 4229s
 230224 118047 6.4542e+07   79   20 6.5350e+07 5.8903e+07  9.87%   488 4230s
 230363 118442 6.0699e+07   53   21 6.5350e+07 5.8903e+07  9.87%   488 4245s
 231281 118861 6.0646e+07   56   15 6.5350e+07 5.8910e+07  9.86%   487 4261s
 232090 119202 6.1691e+07   71   27 6.5350e+07 5.8915e+07  9.85%   487 4276s
 232972 119556 6.0895e+07   60   21 6.5350e+07 5.8921e+07  9.84%   487 4296s
 233867 119976 6.4875e+07   52   11 6.5350e+07 5.8925e+07  9.83%   486 4312s
 234686 120378 6.1982e+07   43   22 6.5350e+07 5.8934e+07  9.82%   486 4327s
 235557 120878 6.2225e+07   47   18 6.5350e+07 5.8942e+07  9.81%   486 4347s
 236669 121255 6.2712e+07   52   16 6.5350e+07 5.8949e+07  9.80%   485 4366s
 237453 121641 6.0880e+07   65   19 6.5350e+07 5.8955e+07  9.79%   485 4380s
 238244 121970 6.5195e+07   55   19 6.5350e+07 5.8960e+07  9.78%   485 4395s
 238964 122347 6.2826e+07   79   23 6.5350e+07 5.8966e+07  9.77%   484 4410s
 239850 122765 6.3913e+07   60   15 6.5350e+07 5.8973e+07  9.76%   484 4432s
 240748 123156 6.1695e+07   50   26 6.5350e+07 5.8983e+07  9.74%   484 4447s
 241581 123485 6.4114e+07   66   20 6.5350e+07 5.8987e+07  9.74%   483 4461s
 242386 123889 6.3713e+07   51   25 6.5350e+07 5.8994e+07  9.73%   483 4475s
 243125 124273 6.5100e+07   77   19 6.5350e+07 5.9001e+07  9.72%   483 4492s
 244012 124528 6.1709e+07   47   35 6.5350e+07 5.9008e+07  9.71%   483 4509s
 244811 124885 6.1348e+07   59   18 6.5350e+07 5.9016e+07  9.69%   482 4523s
 245701 125276 6.2295e+07   59   24 6.5350e+07 5.9023e+07  9.68%   482 4538s
 246473 125677 6.4230e+07   66   13 6.5350e+07 5.9028e+07  9.67%   482 4554s
 247317 126063 6.0666e+07   49   21 6.5350e+07 5.9034e+07  9.67%   481 4573s
 248135 126290 6.2084e+07   51   23 6.5350e+07 5.9041e+07  9.65%   481 4608s
 248531 126771 6.2428e+07   67   16 6.5350e+07 5.9041e+07  9.65%   481 4624s
 249453 127119 6.4543e+07   70   18 6.5350e+07 5.9048e+07  9.64%   481 4638s
 250196 127571     cutoff   46      6.5350e+07 5.9055e+07  9.63%   481 4660s
 251235 127910 6.1008e+07   75   18 6.5350e+07 5.9061e+07  9.62%   480 4677s
 252015 128317 5.9525e+07   62   22 6.5350e+07 5.9067e+07  9.61%   480 4692s
 252849 128680 6.5096e+07   66   12 6.5350e+07 5.9073e+07  9.61%   480 4709s
 253751 129067 6.2686e+07   49   14 6.5350e+07 5.9081e+07  9.59%   479 4730s
 254562 129480 6.0880e+07   39   35 6.5350e+07 5.9086e+07  9.59%   479 4746s
 255470 129907 6.1537e+07   62   16 6.5350e+07 5.9095e+07  9.57%   479 4763s
 256331 130244 6.3837e+07   51   24 6.5350e+07 5.9104e+07  9.56%   478 4777s
 257091 130628 6.4744e+07   52   18 6.5350e+07 5.9109e+07  9.55%   478 4796s
 257870 131038 6.0028e+07   46   21 6.5350e+07 5.9115e+07  9.54%   478 4812s
 258796 131381     cutoff   44      6.5350e+07 5.9118e+07  9.54%   478 4827s
 259496 131794 6.2730e+07   64   23 6.5350e+07 5.9122e+07  9.53%   478 4844s
 260364 132167 6.4761e+07   51   16 6.5350e+07 5.9127e+07  9.52%   477 4863s
 261101 132590 5.9955e+07   76   19 6.5350e+07 5.9134e+07  9.51%   477 4878s
 261862 132957 6.1899e+07   63   25 6.5350e+07 5.9136e+07  9.51%   477 4902s
 262568 133384 6.4496e+07   64   13 6.5350e+07 5.9142e+07  9.50%   477 4920s
 263467 133817 6.3696e+07   58   18 6.5350e+07 5.9148e+07  9.49%   476 4945s
 264343 134180 6.1793e+07   70   18 6.5350e+07 5.9154e+07  9.48%   476 4961s
 265206 134643 6.3706e+07   53   22 6.5350e+07 5.9161e+07  9.47%   476 4984s
 266423 134931 6.4130e+07   68   20 6.5350e+07 5.9169e+07  9.46%   475 4998s
 267135 135246 6.1974e+07   65   26 6.5350e+07 5.9176e+07  9.45%   475 5020s
 267910 135636 6.0004e+07   40   31 6.5350e+07 5.9180e+07  9.44%   475 5035s
 268720 136002 6.3871e+07   54   23 6.5350e+07 5.9187e+07  9.43%   475 5051s
 269497 136187 6.4669e+07   61   15 6.5350e+07 5.9192e+07  9.42%   474 5091s
 269929 136626 6.1762e+07   61   25 6.5350e+07 5.9193e+07  9.42%   474 5114s
 270474 136626 5.9668e+07   53   26 6.5350e+07 5.9195e+07  9.42%   474 5115s
 270830 136999     cutoff   42      6.5350e+07 5.9199e+07  9.41%   474 5130s
 271691 137337 6.1778e+07   66   21 6.5350e+07 5.9202e+07  9.41%   474 5147s
 272590 137647 6.2803e+07   38   26 6.5350e+07 5.9207e+07  9.40%   473 5166s
 273288 137926 6.2036e+07   63   18 6.5350e+07 5.9214e+07  9.39%   473 5179s
 273918 138344 6.1927e+07   43   32 6.5350e+07 5.9217e+07  9.39%   473 5202s
 274765 138703 6.1800e+07   60   25 6.5350e+07 5.9221e+07  9.38%   473 5219s
 275654 139126 6.2206e+07   55   30 6.5350e+07 5.9230e+07  9.37%   472 5238s
 276607 139545 6.2286e+07   54   20 6.5350e+07 5.9233e+07  9.36%   472 5256s
 277437 139853 6.0265e+07   58   27 6.5350e+07 5.9238e+07  9.35%   472 5271s
 278193 140237 5.9461e+07   42   38 6.5350e+07 5.9245e+07  9.34%   472 5298s
 279057 140611 6.0310e+07   45   18 6.5350e+07 5.9250e+07  9.33%   471 5314s
 279813 141158 6.1458e+07   47   27 6.5350e+07 5.9255e+07  9.33%   471 5339s
 280973 141443 6.4036e+07   73   17 6.5350e+07 5.9262e+07  9.32%   471 5355s
 281749 141758 5.9527e+07   73   21 6.5350e+07 5.9267e+07  9.31%   471 5374s
 282632 142099 6.2593e+07   54   23 6.5350e+07 5.9270e+07  9.30%   470 5390s
 283428 142104 6.0544e+07   56   32 6.5350e+07 5.9276e+07  9.30%   470 5435s
 283439 142111 6.0826e+07   57   33 6.5350e+07 5.9276e+07  9.30%   470 5453s
 283448 142139 6.1053e+07   58   34 6.5350e+07 5.9276e+07  9.30%   470 5474s
 283511 142247 6.1311e+07   59   36 6.5350e+07 5.9276e+07  9.30%   470 5495s
 283769 142598 6.4597e+07   50   20 6.5350e+07 5.9276e+07  9.30%   470 5517s
 284409 142948 5.9658e+07   54   30 6.5350e+07 5.9281e+07  9.29%   470 5535s
 285252 143388     cutoff   49      6.5350e+07 5.9288e+07  9.28%   469 5558s
 286179 143790 6.2697e+07   82   17 6.5350e+07 5.9291e+07  9.27%   469 5579s
 287144 144140 6.3339e+07   79   21 6.5350e+07 5.9297e+07  9.26%   469 5597s
 288112 144327 6.2887e+07   44   24 6.5350e+07 5.9306e+07  9.25%   469 5647s
 288485 144701 6.0677e+07   57   23 6.5350e+07 5.9306e+07  9.25%   468 5667s
 289437 145066 6.1093e+07   67   27 6.5350e+07 5.9313e+07  9.24%   468 5690s
 290235 145497 6.2093e+07   57   20 6.5350e+07 5.9316e+07  9.23%   468 5708s
 291089 145853 6.3061e+07   71   18 6.5350e+07 5.9321e+07  9.23%   468 5726s
 291821 146255 6.3252e+07   57   23 6.5350e+07 5.9325e+07  9.22%   467 5746s
 292733 146634 6.2325e+07   47   22 6.5350e+07 5.9332e+07  9.21%   467 5772s
 293705 147017     cutoff   79      6.5350e+07 5.9336e+07  9.20%   467 5792s
 294616 147503     cutoff   64      6.5350e+07 5.9342e+07  9.19%   467 5821s
 295871 147838 6.3129e+07   55   17 6.5350e+07 5.9350e+07  9.18%   466 5840s
 296742 148171 6.3718e+07   52   28 6.5350e+07 5.9354e+07  9.17%   466 5862s
 297414 148489 6.3716e+07   62   24 6.5350e+07 5.9359e+07  9.17%   466 5879s
 298319 148766 6.5148e+07   52   26 6.5350e+07 5.9365e+07  9.16%   465 5894s
 299009 149057 6.0012e+07   66   29 6.5350e+07 5.9368e+07  9.15%   465 5909s
 299639 149357     cutoff   79      6.5350e+07 5.9370e+07  9.15%   465 5930s
 300356 149741 6.2465e+07   52   20 6.5350e+07 5.9373e+07  9.15%   465 5950s
 301212 150048 6.2034e+07   58   17 6.5350e+07 5.9377e+07  9.14%   464 5969s
 302115 150462 6.3738e+07   58   18 6.5350e+07 5.9383e+07  9.13%   464 5988s
 302918 150858 6.2242e+07   74   14 6.5350e+07 5.9389e+07  9.12%   464 6012s
 303771 151206 6.2951e+07   61   25 6.5350e+07 5.9393e+07  9.12%   463 6028s
 304471 151527 6.4590e+07   39   32 6.5350e+07 5.9396e+07  9.11%   463 6047s
 305260 151881 6.4115e+07   58   21 6.5350e+07 5.9399e+07  9.11%   463 6066s
 306042 152197 6.3034e+07   37   29 6.5350e+07 5.9402e+07  9.10%   463 6087s
 306814 152539 6.2054e+07   52   21 6.5350e+07 5.9410e+07  9.09%   463 6106s
 307658 152907 6.0169e+07   56   22 6.5350e+07 5.9414e+07  9.08%   462 6127s
 308548 153262 6.0454e+07   80   22 6.5350e+07 5.9418e+07  9.08%   462 6150s
 309275 153754 6.1598e+07   62   22 6.5350e+07 5.9424e+07  9.07%   462 6176s
 310418 154132 6.1983e+07   61   23 6.5350e+07 5.9431e+07  9.06%   461 6195s
 311299 154413     cutoff   42      6.5350e+07 5.9435e+07  9.05%   461 6213s
 311868 154815     cutoff   53      6.5350e+07 5.9440e+07  9.04%   461 6234s
 312701 155218 6.3877e+07   59   22 6.5350e+07 5.9442e+07  9.04%   461 6253s
 313504 155600 6.2408e+07   64   19 6.5350e+07 5.9451e+07  9.03%   461 6279s
 314365 155756 6.4470e+07   65   13 6.5350e+07 5.9455e+07  9.02%   461 6329s
 314715 156086     cutoff   55      6.5350e+07 5.9457e+07  9.02%   460 6358s
 315467 156457     cutoff   75      6.5350e+07 5.9461e+07  9.01%   460 6379s
 316389 156826 6.0085e+07   52   26 6.5350e+07 5.9466e+07  9.00%   460 6398s
 317157 157075 6.2863e+07   61   21 6.5350e+07 5.9470e+07  9.00%   460 6416s
 318050 157457     cutoff   59      6.5350e+07 5.9474e+07  8.99%   460 6446s
 318959 157866 5.9690e+07   53   25 6.5350e+07 5.9476e+07  8.99%   459 6465s
 319729 158258 6.2124e+07   49   30 6.5350e+07 5.9480e+07  8.98%   459 6487s
 320649 158692 6.2591e+07   53   20 6.5350e+07 5.9483e+07  8.98%   459 6512s
 321627 159055 6.4853e+07   70   14 6.5350e+07 5.9488e+07  8.97%   459 6536s
 322485 159488     cutoff   53      6.5350e+07 5.9492e+07  8.96%   458 6565s
 323394 159823 6.0204e+07   57   26 6.5350e+07 5.9498e+07  8.96%   458 6588s
 324282 160224 6.3012e+07   38   22 6.5350e+07 5.9501e+07  8.95%   458 6616s
 325370 160546 6.3271e+07   52   23 6.5350e+07 5.9507e+07  8.94%   457 6644s
 326196 160906 6.2964e+07   68   26 6.5350e+07 5.9512e+07  8.93%   457 6663s
 326912 161282 6.2587e+07   55   19 6.5350e+07 5.9514e+07  8.93%   457 6686s
 327839 161609 6.2696e+07   45   24 6.5350e+07 5.9520e+07  8.92%   457 6711s
 328550 161990 6.4406e+07   51   21 6.5350e+07 5.9523e+07  8.92%   457 6730s
 329333 162340 6.3473e+07   72   21 6.5350e+07 5.9529e+07  8.91%   456 6754s
 330069 162340 6.1918e+07   51   25 6.5350e+07 5.9529e+07  8.91%   456 6755s
 330342 162705 6.0223e+07   65   20 6.5350e+07 5.9531e+07  8.90%   456 6780s
 331155 163058 6.2187e+07   68   20 6.5350e+07 5.9537e+07  8.90%   456 6804s
 332025 163449 6.2715e+07   66   21 6.5350e+07 5.9540e+07  8.89%   456 6827s
 332881 163796     cutoff   42      6.5350e+07 5.9544e+07  8.88%   455 6855s
 333633 164134 6.4472e+07   66   19 6.5350e+07 5.9548e+07  8.88%   455 6878s
 334502 164489 6.2540e+07   63   23 6.5350e+07 5.9551e+07  8.87%   455 6900s
 335314 164886     cutoff   80      6.5350e+07 5.9557e+07  8.86%   455 6921s
 336145 165220 6.2468e+07   58   22 6.5350e+07 5.9563e+07  8.86%   455 6949s
 336944 165480 6.4259e+07   69   12 6.5350e+07 5.9566e+07  8.85%   455 6969s
 337687 165791 6.4248e+07   53    8 6.5350e+07 5.9570e+07  8.85%   454 6989s
 338528 166114 6.3895e+07   54   23 6.5350e+07 5.9575e+07  8.84%   454 7008s
 339264 166299 6.0878e+07   75   21 6.5350e+07 5.9580e+07  8.83%   454 7076s
 339736 167021 6.3682e+07   53   21 6.5350e+07 5.9581e+07  8.83%   454 7123s
 341482 167366 6.2144e+07   38   21 6.5350e+07 5.9589e+07  8.82%   454 7157s
 342336 167807     cutoff   67      6.5350e+07 5.9593e+07  8.81%   453 7182s
 343274 168210     cutoff   62      6.5350e+07 5.9599e+07  8.80%   453 7210s
 344249 168599 6.3459e+07   51   22 6.5350e+07 5.9604e+07  8.79%   453 7250s
 345259 169036 6.3599e+07   57   13 6.5350e+07 5.9609e+07  8.79%   453 7278s
 346304 169431     cutoff   55      6.5350e+07 5.9613e+07  8.78%   452 7303s
 347255 169663 6.3319e+07   62   18 6.5350e+07 5.9619e+07  8.77%   452 7326s
 348078 170044 6.3273e+07   79   10 6.5350e+07 5.9619e+07  8.77%   452 7350s
 348949 170338     cutoff   67      6.5350e+07 5.9625e+07  8.76%   452 7382s
 349688 170660 6.0258e+07   63   21 6.5350e+07 5.9629e+07  8.75%   452 7408s
 350504 170978 6.3350e+07   51   25 6.5350e+07 5.9635e+07  8.75%   452 7430s
 351279 171307 6.3996e+07   75   21 6.5350e+07 5.9638e+07  8.74%   451 7462s
 352329 171662     cutoff   53      6.5350e+07 5.9644e+07  8.73%   451 7489s
 353183 172059 6.2095e+07   55   24 6.5350e+07 5.9648e+07  8.73%   451 7518s
 353980 172545 6.2401e+07   45   25 6.5350e+07 5.9653e+07  8.72%   451 7549s
 355122 172850 6.2849e+07   73   22 6.5350e+07 5.9658e+07  8.71%   450 7572s
 355920 173148 6.4851e+07   45   25 6.5350e+07 5.9662e+07  8.70%   450 7602s
 356593 173522 6.1131e+07   49   20 6.5350e+07 5.9666e+07  8.70%   450 7628s
 357428 173818 6.3414e+07   57   19 6.5350e+07 5.9668e+07  8.69%   450 7650s
 358148 174176 6.4873e+07   55   25 6.5350e+07 5.9673e+07  8.69%   450 7677s
 358966 174551 6.3852e+07   46   20 6.5350e+07 5.9679e+07  8.68%   450 7710s
 359785 174909 6.0265e+07   50   33 6.5350e+07 5.9683e+07  8.67%   450 7731s
 360516 175235 6.2394e+07   59   16 6.5350e+07 5.9685e+07  8.67%   450 7759s
 361358 175546 6.5108e+07   69   12 6.5350e+07 5.9690e+07  8.66%   449 7783s
 362139 175912 6.4387e+07   53   19 6.5350e+07 5.9695e+07  8.65%   449 7812s
 362799 176282 6.1979e+07   65   23 6.5350e+07 5.9698e+07  8.65%   449 7840s
 363779 176647 6.3701e+07   54   28 6.5350e+07 5.9700e+07  8.65%   449 7867s
 364675 177044 6.1346e+07   65   30 6.5350e+07 5.9705e+07  8.64%   449 7894s
 364756 177044     cutoff   73      6.5350e+07 5.9705e+07  8.64%   449 7895s
 365486 177341 6.3720e+07   51   34 6.5350e+07 5.9707e+07  8.63%   449 7928s
 366306 177720 6.1556e+07   62   33 6.5350e+07 5.9710e+07  8.63%   449 7954s
 367128 177922 6.1145e+07   47   28 6.5350e+07 5.9716e+07  8.62%   448 8022s
 367478 178255 6.1899e+07   52   22 6.5350e+07 5.9716e+07  8.62%   448 8049s
 368351 178609 6.2967e+07   51   13 6.5350e+07 5.9722e+07  8.61%   448 8079s
 369150 179020 6.0627e+07   45   33 6.5350e+07 5.9726e+07  8.61%   448 8110s
 370146 179362 6.2833e+07   39   30 6.5350e+07 5.9728e+07  8.60%   448 8153s
 371045 179806 6.3548e+07   62   19 6.5350e+07 5.9732e+07  8.60%   448 8181s
 371971 180147 6.3856e+07   78   13 6.5350e+07 5.9738e+07  8.59%   448 8209s
 372411 180147 6.1877e+07   52   11 6.5350e+07 5.9738e+07  8.59%   448 8210s
 372823 180468 6.1288e+07   74   19 6.5350e+07 5.9741e+07  8.58%   447 8240s
 373659 180781 6.4835e+07   66   15 6.5350e+07 5.9746e+07  8.58%   447 8266s
 374481 181160 6.3962e+07   53   23 6.5350e+07 5.9751e+07  8.57%   447 8304s
 375279 181540 6.5183e+07   68   15 6.5350e+07 5.9754e+07  8.56%   447 8331s
 376094 181867 6.4324e+07   54   18 6.5350e+07 5.9759e+07  8.56%   447 8355s
 376817 182143 6.3151e+07   63   21 6.5350e+07 5.9761e+07  8.55%   447 8382s
 377591 182533 6.4586e+07   52   25 6.5350e+07 5.9765e+07  8.55%   447 8415s
 378533 182877 6.4520e+07   77   18 6.5350e+07 5.9768e+07  8.54%   446 8451s
 379334 183205 6.2001e+07   68   23 6.5350e+07 5.9769e+07  8.54%   446 8479s
 380155 183577 6.3977e+07   68   26 6.5350e+07 5.9774e+07  8.53%   446 8506s
 381064 183937 6.4062e+07   50   29 6.5350e+07 5.9778e+07  8.53%   446 8533s
 381953 184342 6.2714e+07   71   36 6.5350e+07 5.9784e+07  8.52%   445 8562s
 382903 184719 6.3910e+07   66   15 6.5350e+07 5.9787e+07  8.51%   445 8596s
 383694 185168     cutoff   55      6.5350e+07 5.9791e+07  8.51%   445 8634s
 384777 185496 6.2346e+07   73   31 6.5350e+07 5.9795e+07  8.50%   445 8659s
 385394 185914 6.0834e+07   63   16 6.5350e+07 5.9796e+07  8.50%   445 8689s
 386319 186318     cutoff   42      6.5350e+07 5.9801e+07  8.49%   445 8716s
 387111 186667 6.3346e+07   42   31 6.5350e+07 5.9804e+07  8.49%   444 8757s
 388016 187032 6.4428e+07   53   15 6.5350e+07 5.9807e+07  8.48%   444 8787s
 388913 187468 6.1019e+07   66   22 6.5350e+07 5.9812e+07  8.47%   444 8815s
 389807 187812 6.3112e+07   56   28 6.5350e+07 5.9815e+07  8.47%   444 8840s
 390464 188101 6.2646e+07   60   23 6.5350e+07 5.9817e+07  8.47%   444 8882s
 391296 188364 6.5172e+07   74   22 6.5350e+07 5.9820e+07  8.46%   444 8932s
 392015 188723 6.4895e+07   79   15 6.5350e+07 5.9824e+07  8.46%   444 8957s
 392764 189075 6.4113e+07   58   19 6.5350e+07 5.9828e+07  8.45%   443 8989s
 393529 189434 6.1512e+07   58   26 6.5350e+07 5.9832e+07  8.44%   443 9022s
 394470 189794 6.0461e+07   44   24 6.5350e+07 5.9835e+07  8.44%   443 9067s
 395356 190161 6.1926e+07   70   18 6.5350e+07 5.9839e+07  8.43%   443 9098s
 396178 190493     cutoff   60      6.5350e+07 5.9842e+07  8.43%   443 9132s
 397098 190906 6.0065e+07   48   20 6.5350e+07 5.9846e+07  8.42%   443 9165s
 398046 191213 6.4041e+07   33   30 6.5350e+07 5.9849e+07  8.42%   442 9197s
 398916 191780 6.0296e+07   67   21 6.5350e+07 5.9852e+07  8.41%   442 9253s
 400081 192108 6.4057e+07   56   19 6.5350e+07 5.9857e+07  8.41%   442 9284s
 400965 192367 6.2060e+07   51   12 6.5350e+07 5.9861e+07  8.40%   442 9309s
 401677 192663 6.2300e+07   69   17 6.5350e+07 5.9863e+07  8.40%   441 9340s
 402493 192951     cutoff   66      6.5350e+07 5.9867e+07  8.39%   441 9369s
 403336 193266 6.1854e+07   46   28 6.5350e+07 5.9869e+07  8.39%   441 9392s
 404124 193593 6.1947e+07   60   29 6.5350e+07 5.9872e+07  8.38%   441 9431s
 404949 193734 6.3207e+07   74   16 6.5350e+07 5.9875e+07  8.38%   441 9505s
 405364 194038 6.4431e+07   58   16 6.5350e+07 5.9876e+07  8.38%   441 9534s
 406246 194377 6.0372e+07   69   20 6.5350e+07 5.9877e+07  8.37%   440 9559s
 406984 194671 6.3735e+07   64   20 6.5350e+07 5.9880e+07  8.37%   440 9584s
 407657 195030 6.2862e+07   48   24 6.5350e+07 5.9884e+07  8.36%   440 9617s
 408440 195371 6.3125e+07   43   24 6.5350e+07 5.9886e+07  8.36%   440 9647s
 409354 195676 6.4489e+07   53   24 6.5350e+07 5.9889e+07  8.36%   440 9675s
 410130 196025     cutoff   51      6.5350e+07 5.9893e+07  8.35%   440 9706s
 410927 196392 6.2214e+07   61   24 6.5350e+07 5.9896e+07  8.35%   440 9736s
 411683 196687 6.2937e+07   57   18 6.5350e+07 5.9899e+07  8.34%   439 9764s
 412418 196997 6.0052e+07   51   30 6.5350e+07 5.9903e+07  8.34%   439 9811s
 413281 197315 6.2409e+07   46   17 6.5350e+07 5.9905e+07  8.33%   439 9842s
 414034 197742     cutoff   53      6.5350e+07 5.9908e+07  8.33%   439 9884s
 415190 198145 6.4815e+07   48   15 6.5350e+07 5.9912e+07  8.32%   439 9915s
 415964 198462 6.2741e+07   41   21 6.5350e+07 5.9915e+07  8.32%   439 9947s
 416772 198711 6.2259e+07   59   22 6.5350e+07 5.9918e+07  8.31%   439 9981s
 417381 199107 6.4768e+07   49   28 6.5350e+07 5.9920e+07  8.31%   438 10019s
 418332 199452 6.2340e+07   62   19 6.5350e+07 5.9923e+07  8.30%   438 10053s
 419225 199812 6.4247e+07   65   19 6.5350e+07 5.9926e+07  8.30%   438 10085s
 419982 200200 6.3547e+07   48   19 6.5350e+07 5.9930e+07  8.29%   438 10124s
 420713 200573 6.0862e+07   56   15 6.5350e+07 5.9933e+07  8.29%   438 10157s
 421479 200927 6.3908e+07   51   32 6.5350e+07 5.9935e+07  8.29%   438 10189s
 422330 201214     cutoff   73      6.5350e+07 5.9937e+07  8.28%   438 10221s
 423116 201485 6.2411e+07   42   26 6.5350e+07 5.9939e+07  8.28%   437 10265s
 423898 201856 6.1396e+07   38   35 6.5350e+07 5.9943e+07  8.27%   437 10296s
 424702 202113 6.3721e+07   60   16 6.5350e+07 5.9946e+07  8.27%   437 10331s
 425577 202447 6.3096e+07   68   27 6.5350e+07 5.9949e+07  8.27%   437 10364s
 426405 202659 6.2570e+07   56   26 6.5350e+07 5.9951e+07  8.26%   437 10443s
 426974 202945 6.3973e+07   55   23 6.5350e+07 5.9953e+07  8.26%   437 10478s
 427920 203196 6.5079e+07   43   27 6.5350e+07 5.9957e+07  8.25%   436 10513s
 428618 203612 6.2727e+07   75   17 6.5350e+07 5.9959e+07  8.25%   436 10558s
 429785 203864 6.3339e+07   42   22 6.5350e+07 5.9963e+07  8.24%   436 10589s
 430543 204125 6.0222e+07   56   27 6.5350e+07 5.9967e+07  8.24%   436 10620s
 431319 204445 6.5026e+07   87   13 6.5350e+07 5.9970e+07  8.23%   436 10666s
 432185 204743 6.4329e+07   84   18 6.5350e+07 5.9972e+07  8.23%   436 10702s
 433061 205071 6.1412e+07   52   26 6.5350e+07 5.9975e+07  8.23%   435 10737s
 433879 205400 6.1815e+07   52   19 6.5350e+07 5.9978e+07  8.22%   435 10774s
 434709 205760     cutoff   73      6.5350e+07 5.9980e+07  8.22%   435 10809s
 435547 206051 6.3513e+07   54   15 6.5350e+07 5.9984e+07  8.21%   435 10851s
 436355 206303 6.0186e+07   43   24 6.5350e+07 5.9987e+07  8.21%   435 10881s
 437046 206608     cutoff   52      6.5350e+07 5.9988e+07  8.21%   435 10912s
 437767 206899 6.2948e+07   37   31 6.5350e+07 5.9992e+07  8.20%   435 10951s
 438697 207275 6.2984e+07   93   16 6.5350e+07 5.9995e+07  8.19%   434 10999s
 439570 207572 6.4486e+07   62   21 6.5350e+07 5.9998e+07  8.19%   434 11031s
 440293 207746     cutoff   51      6.5350e+07 6.0000e+07  8.19%   434 11115s
 440683 208045 6.4071e+07   61   23 6.5350e+07 6.0000e+07  8.19%   434 11149s
 441445 208310 6.3376e+07   57   28 6.5350e+07 6.0005e+07  8.18%   434 11192s
 442198 208561 6.3871e+07   58   15 6.5350e+07 6.0007e+07  8.18%   434 11222s
 442945 208850 6.2850e+07   76   21 6.5350e+07 6.0010e+07  8.17%   434 11256s
 443771 209254 6.3359e+07   64   18 6.5350e+07 6.0012e+07  8.17%   434 11305s
 444827 209528 6.0993e+07   45   25 6.5350e+07 6.0017e+07  8.16%   433 11347s
 445588 209825 6.3318e+07   41   24 6.5350e+07 6.0019e+07  8.16%   433 11381s
 446306 210204 6.1256e+07   64   13 6.5350e+07 6.0022e+07  8.15%   433 11416s
 447147 210460     cutoff   47      6.5350e+07 6.0025e+07  8.15%   433 11452s
 447859 210869 6.2744e+07   61   33 6.5350e+07 6.0026e+07  8.15%   433 11494s
 448798 211251 6.2730e+07   39   23 6.5350e+07 6.0031e+07  8.14%   433 11533s
 449685 211662     cutoff   48      6.5350e+07 6.0033e+07  8.14%   433 11577s
 450600 211966 6.0457e+07   58   24 6.5350e+07 6.0035e+07  8.13%   433 11632s
 451481 212380     cutoff   81      6.5350e+07 6.0039e+07  8.13%   432 11671s
 452390 212773 6.2936e+07   62   20 6.5350e+07 6.0041e+07  8.12%   432 11715s
 453419 213135 6.4065e+07   75   17 6.5350e+07 6.0044e+07  8.12%   432 11757s
 454377 213467 6.2661e+07   64   17 6.5350e+07 6.0047e+07  8.12%   432 11791s
 455240 213788 6.1060e+07   62   18 6.5350e+07 6.0049e+07  8.11%   432 11837s
 456022 214121 6.3394e+07   57   17 6.5350e+07 6.0053e+07  8.11%   431 11872s
 456841 214413 6.1147e+07   66   21 6.5350e+07 6.0054e+07  8.10%   431 11911s
 457641 214798 6.0701e+07   58   23 6.5350e+07 6.0058e+07  8.10%   431 11950s
 458503 215267 6.4670e+07   88   10 6.5350e+07 6.0061e+07  8.09%   431 12001s
 459480 215702 6.3765e+07   67   21 6.5350e+07 6.0063e+07  8.09%   431 12062s
 460511 215989 6.3653e+07   50   29 6.5350e+07 6.0067e+07  8.08%   431 12105s
 461380 216327     cutoff   45      6.5350e+07 6.0071e+07  8.08%   431 12146s
 462246 216618 6.3287e+07   77   23 6.5350e+07 6.0074e+07  8.07%   430 12186s
 463140 216954 6.0987e+07   58   21 6.5350e+07 6.0078e+07  8.07%   430 12223s
 463899 217318 6.1530e+07   51   28 6.5350e+07 6.0080e+07  8.06%   430 12267s
 464635 217416 6.1527e+07   53   20 6.5350e+07 6.0083e+07  8.06%   430 12354s
 464960 217719 6.0923e+07   55   21 6.5350e+07 6.0083e+07  8.06%   430 12396s
 465812 218097 6.3111e+07   47   24 6.5350e+07 6.0086e+07  8.06%   430 12446s
 466739 218459 6.3445e+07   57   26 6.5350e+07 6.0089e+07  8.05%   430 12488s
 467611 218850 6.3957e+07   61   16 6.5350e+07 6.0092e+07  8.05%   429 12533s
 468331 219182 6.2471e+07   59   21 6.5350e+07 6.0095e+07  8.04%   429 12569s
 469207 219500     cutoff   71      6.5350e+07 6.0097e+07  8.04%   429 12611s
 470110 219803 6.2935e+07   63   18 6.5350e+07 6.0099e+07  8.03%   429 12649s
 470683 219803 6.3075e+07   58   11 6.5350e+07 6.0100e+07  8.03%   429 12650s
 470875 220122 6.3962e+07   71   18 6.5350e+07 6.0103e+07  8.03%   429 12694s
 471685 220122 6.3127e+07   46   27 6.5350e+07 6.0106e+07  8.02%   429 12695s
 471795 220385 6.0654e+07   49   23 6.5350e+07 6.0106e+07  8.02%   429 12731s
 472371 220674 6.1028e+07   70   24 6.5350e+07 6.0108e+07  8.02%   429 12773s
 473243 221162     cutoff   62      6.5350e+07 6.0112e+07  8.02%   428 12836s
 474485 221492 6.1854e+07   55   19 6.5350e+07 6.0115e+07  8.01%   428 12874s
 475259 221824 6.4473e+07   75   18 6.5350e+07 6.0117e+07  8.01%   428 12927s
 476060 222129 6.3257e+07   57   27 6.5350e+07 6.0119e+07  8.01%   428 12963s
 476810 222400 6.4144e+07   65   22 6.5350e+07 6.0123e+07  8.00%   428 12996s
 477456 222730 6.2518e+07   56   25 6.5350e+07 6.0124e+07  8.00%   428 13034s
 478242 223063     cutoff   55      6.5350e+07 6.0128e+07  7.99%   428 13080s
 479177 223375 6.3678e+07   62   18 6.5350e+07 6.0129e+07  7.99%   427 13130s
 479917 223645 6.3771e+07   66   13 6.5350e+07 6.0132e+07  7.98%   427 13168s
 480657 223964     cutoff   63      6.5350e+07 6.0135e+07  7.98%   427 13204s
 481417 224270 6.2090e+07   59   25 6.5350e+07 6.0138e+07  7.98%   427 13243s
 482211 224622 6.4720e+07   80   17 6.5350e+07 6.0140e+07  7.97%   427 13275s
 482925 224874 6.1780e+07   63   23 6.5350e+07 6.0142e+07  7.97%   427 13327s
 483798 225167 6.4869e+07   72   20 6.5350e+07 6.0144e+07  7.97%   427 13369s
 484640 225494 6.3933e+07   55   24 6.5350e+07 6.0145e+07  7.96%   427 13413s
 485507 225787 6.2982e+07   54   25 6.5350e+07 6.0150e+07  7.96%   427 13456s
 486275 226107 6.5294e+07   59   11 6.5350e+07 6.0152e+07  7.95%   426 13489s
 486979 226419 6.4445e+07   78   15 6.5350e+07 6.0154e+07  7.95%   426 13547s
 487781 226820 6.3234e+07   47   30 6.5350e+07 6.0157e+07  7.95%   426 13606s
 488914 227150 6.4190e+07   60   26 6.5350e+07 6.0159e+07  7.94%   426 13647s
 489696 227458 6.2210e+07   56   18 6.5350e+07 6.0162e+07  7.94%   426 13684s
 490467 227778 6.5158e+07   70   19 6.5350e+07 6.0163e+07  7.94%   426 13728s
 491285 228013     cutoff   61      6.5350e+07 6.0166e+07  7.93%   426 13771s
 491962 228334 6.3698e+07   57   12 6.5350e+07 6.0168e+07  7.93%   426 13809s
 492726 228654 6.3647e+07   58   23 6.5350e+07 6.0170e+07  7.93%   426 13851s
 493557 229001 6.5084e+07   59   29 6.5350e+07 6.0172e+07  7.92%   426 13898s
 494436 229085 6.2290e+07   58   20 6.5350e+07 6.0175e+07  7.92%   425 14018s
 494592 229424 6.4897e+07   49   24 6.5350e+07 6.0175e+07  7.92%   425 14086s
 495409 229778 6.4641e+07   53   15 6.5350e+07 6.0178e+07  7.91%   425 14131s
 496254 230216 6.2799e+07   48   26 6.5350e+07 6.0181e+07  7.91%   425 14184s
 497277 230520 6.1473e+07   38   16 6.5350e+07 6.0184e+07  7.91%   425 14228s
 498106 230933 6.2417e+07   86   14 6.5350e+07 6.0184e+07  7.90%   425 14274s
 498971 231257 6.2804e+07   67   20 6.5350e+07 6.0187e+07  7.90%   425 14337s
 499761 231618 6.3776e+07   86   25 6.5350e+07 6.0190e+07  7.90%   425 14383s
 500623 231941 6.4632e+07   62   14 6.5350e+07 6.0192e+07  7.89%   424 14425s
 501430 232257 6.4779e+07   70   12 6.5350e+07 6.0195e+07  7.89%   424 14474s
 502264 232688 6.1297e+07   66   22 6.5350e+07 6.0197e+07  7.89%   424 14533s
 503385 232941 6.1530e+07   68   32 6.5350e+07 6.0201e+07  7.88%   424 14591s
 504184 233334 6.0706e+07   46   24 6.5350e+07 6.0203e+07  7.88%   424 14639s
 505060 233641 6.1913e+07   64   20 6.5350e+07 6.0205e+07  7.87%   424 14686s
 505910 233971 6.2189e+07   58   20 6.5350e+07 6.0207e+07  7.87%   424 14730s
 506698 234241 6.4718e+07   61   12 6.5350e+07 6.0210e+07  7.87%   423 14779s
 507431 234539 6.0503e+07   45   33 6.5350e+07 6.0212e+07  7.86%   423 14821s
 508128 234908 6.3859e+07   73   15 6.5350e+07 6.0213e+07  7.86%   423 14870s
 509021 235163 6.1842e+07   51   22 6.5350e+07 6.0217e+07  7.86%   423 14912s
 509805 235369 6.3364e+07   49   17 6.5350e+07 6.0219e+07  7.85%   423 14957s
 510433 235701 6.3101e+07   51   19 6.5350e+07 6.0220e+07  7.85%   423 14997s
 511159 236085 6.4367e+07   61   17 6.5350e+07 6.0223e+07  7.85%   423 15042s
 512006 236435 6.3868e+07   56   24 6.5350e+07 6.0225e+07  7.84%   423 15094s
 512438 236435     cutoff   65      6.5350e+07 6.0225e+07  7.84%   423 15095s
 512790 236788 6.4778e+07   75   14 6.5350e+07 6.0227e+07  7.84%   423 15137s
 513518 237013     cutoff   49      6.5350e+07 6.0230e+07  7.84%   423 15200s
 514361 237345 6.3795e+07   61   26 6.5350e+07 6.0233e+07  7.83%   423 15255s
 515271 237639 6.1729e+07   42   28 6.5350e+07 6.0237e+07  7.83%   422 15301s
 516093 237910 6.3864e+07   59   29 6.5350e+07 6.0238e+07  7.82%   422 15337s
 516737 238306 6.3287e+07   44   20 6.5350e+07 6.0241e+07  7.82%   422 15399s
 517523 238306 6.5037e+07  111    9 6.5350e+07 6.0241e+07  7.82%   422 15400s
 517830 238667 6.2502e+07   47   23 6.5350e+07 6.0245e+07  7.81%   422 15467s
 518686 238937 6.2094e+07   63   20 6.5350e+07 6.0248e+07  7.81%   422 15512s
 519559 239260 6.3672e+07   54   16 6.5350e+07 6.0249e+07  7.81%   422 15556s
 520308 239562 6.1811e+07   40   20 6.5350e+07 6.0251e+07  7.80%   422 15605s
 521109 239878 6.4517e+07   58   19 6.5350e+07 6.0253e+07  7.80%   422 15649s
 521897 240225 6.0690e+07   69   35 6.5350e+07 6.0256e+07  7.80%   422 15710s
 522697 240586     cutoff   59      6.5350e+07 6.0258e+07  7.79%   421 15756s
 523505 240857 6.4660e+07   63   31 6.5350e+07 6.0260e+07  7.79%   421 15803s
 524281 241140 6.0446e+07   47   27 6.5350e+07 6.0263e+07  7.79%   421 15851s
 525113 241384 6.4765e+07   64   16 6.5350e+07 6.0265e+07  7.78%   421 15909s
 525908 241666 6.2658e+07   38   17 6.5350e+07 6.0267e+07  7.78%   421 15950s
 526712 241926     cutoff   43      6.5350e+07 6.0269e+07  7.77%   421 15996s
 527472 242212 6.2639e+07   37   43 6.5350e+07 6.0271e+07  7.77%   421 16041s
 528232 242537 6.3505e+07   43   12 6.5350e+07 6.0272e+07  7.77%   421 16098s
 529101 242839 6.3167e+07   51   20 6.5350e+07 6.0276e+07  7.76%   421 16151s
 530052 243143 6.0955e+07   54   20 6.5350e+07 6.0279e+07  7.76%   420 16217s
 530856 243420 6.2728e+07   53   23 6.5350e+07 6.0281e+07  7.76%   420 16266s
 531697 243829 6.1588e+07   62   19 6.5350e+07 6.0283e+07  7.75%   420 16332s
 532827 244145 6.1472e+07   59   20 6.5350e+07 6.0287e+07  7.75%   420 16384s
 533684 244234 6.4963e+07   39   24 6.5350e+07 6.0290e+07  7.74%   420 16523s
 533886 244461 6.3140e+07   49   19 6.5350e+07 6.0290e+07  7.74%   420 16583s
 534683 244792 6.4082e+07   54   19 6.5350e+07 6.0294e+07  7.74%   420 16635s
 535624 245073 6.3400e+07   50   23 6.5350e+07 6.0295e+07  7.74%   420 16687s
 536482 245355     cutoff   57      6.5350e+07 6.0299e+07  7.73%   419 16734s
 537278 245693     cutoff   67      6.5350e+07 6.0300e+07  7.73%   419 16805s
 538118 246056 infeasible   81      6.5350e+07 6.0303e+07  7.72%   419 16854s
 538916 246365 6.3349e+07   51   24 6.5350e+07 6.0305e+07  7.72%   419 16899s
 539726 246688 6.3377e+07   67   12 6.5350e+07 6.0307e+07  7.72%   419 16949s
 540584 247085 6.0848e+07   58   22 6.5350e+07 6.0308e+07  7.72%   419 17009s
 541188 247085 6.2889e+07   56   29 6.5350e+07 6.0309e+07  7.71%   419 17010s
 541518 247387 6.3467e+07   60   15 6.5350e+07 6.0311e+07  7.71%   419 17072s
 542394 247700 6.1464e+07   70   15 6.5350e+07 6.0313e+07  7.71%   419 17130s
 543320 247958 6.3984e+07   56   12 6.5350e+07 6.0316e+07  7.70%   419 17183s
 544095 248212 6.2255e+07   68   23 6.5350e+07 6.0318e+07  7.70%   418 17242s
 544938 248458     cutoff   50      6.5350e+07 6.0320e+07  7.70%   418 17294s
 545765 248712 6.2700e+07   46   30 6.5350e+07 6.0322e+07  7.69%   418 17346s
 546618 249083 6.4278e+07   54   22 6.5350e+07 6.0324e+07  7.69%   418 17433s
 547788 249414 6.1669e+07   44   23 6.5350e+07 6.0328e+07  7.69%   418 17483s
 548525 249774 6.4452e+07   64   13 6.5350e+07 6.0331e+07  7.68%   418 17541s
 549421 250060 6.3769e+07   60   13 6.5350e+07 6.0333e+07  7.68%   418 17592s
 550304 250324 6.0903e+07   43   35 6.5350e+07 6.0334e+07  7.68%   417 17656s
 550990 250579 6.3744e+07   62   15 6.5350e+07 6.0336e+07  7.67%   417 17700s
 551774 250869 6.1565e+07   50   25 6.5350e+07 6.0339e+07  7.67%   417 17748s
 552585 251137 6.4970e+07   60   11 6.5350e+07 6.0340e+07  7.67%   417 17800s
 553483 251359 6.2139e+07   47   19 6.5350e+07 6.0342e+07  7.66%   417 17858s
 554335 251623 6.4760e+07   56   19 6.5350e+07 6.0345e+07  7.66%   417 17912s
 555197 251851 6.3557e+07   53   15 6.5350e+07 6.0347e+07  7.66%   417 17972s
 555940 252108 6.2595e+07   56   25 6.5350e+07 6.0349e+07  7.65%   417 18018s
 556668 252514 6.1120e+07   69   25 6.5350e+07 6.0350e+07  7.65%   417 18078s
 557591 252751 6.3700e+07   60   25 6.5350e+07 6.0353e+07  7.65%   416 18128s
 558437 253057     cutoff   53      6.5350e+07 6.0355e+07  7.64%   416 18177s
 559164 253314 6.3224e+07   44   30 6.5350e+07 6.0357e+07  7.64%   416 18221s
 559879 253603 6.1148e+07   56   30 6.5350e+07 6.0359e+07  7.64%   416 18286s
 560606 253921 6.2085e+07   62   28 6.5350e+07 6.0360e+07  7.64%   416 18339s
 561383 254325 6.4626e+07   62   16 6.5350e+07 6.0363e+07  7.63%   416 18414s
 562604 254509 6.3739e+07   61   20 6.5350e+07 6.0366e+07  7.63%   416 18460s
 563301 254734 6.3599e+07   64   16 6.5350e+07 6.0368e+07  7.62%   416 18514s
 563644 254734 6.1640e+07   47   22 6.5350e+07 6.0369e+07  7.62%   416 18515s
 563998 255028 6.3610e+07   71   18 6.5350e+07 6.0370e+07  7.62%   416 18567s
 564852 255177 6.4429e+07   61   16 6.5350e+07 6.0371e+07  7.62%   415 18687s
 565253 255447 6.1436e+07   50   18 6.5350e+07 6.0372e+07  7.62%   415 18773s
 566114 255853 6.3623e+07   34   39 6.5350e+07 6.0374e+07  7.62%   415 18839s
 566579 255853 6.4084e+07   49   15 6.5350e+07 6.0374e+07  7.62%   415 18840s
 567061 256189 6.2242e+07   63   16 6.5350e+07 6.0376e+07  7.61%   415 18904s
 567957 256424 6.1753e+07   43   27 6.5350e+07 6.0378e+07  7.61%   415 18959s
 568572 256424     cutoff   59      6.5350e+07 6.0378e+07  7.61%   415 18960s
 568786 256741     cutoff   76      6.5350e+07 6.0381e+07  7.60%   415 19018s
 569669 257013 6.1779e+07   49   29 6.5350e+07 6.0383e+07  7.60%   415 19083s
 570405 257349 6.3572e+07   63   11 6.5350e+07 6.0384e+07  7.60%   415 19143s
 571339 257587 6.0605e+07   41   30 6.5350e+07 6.0386e+07  7.60%   414 19187s
 572022 257908     cutoff   71      6.5350e+07 6.0387e+07  7.59%   414 19240s
 572792 258177     cutoff   56      6.5350e+07 6.0389e+07  7.59%   414 19291s
 573535 258447 6.3586e+07   51   18 6.5350e+07 6.0391e+07  7.59%   414 19371s
 574457 258716 6.1309e+07   53   30 6.5350e+07 6.0395e+07  7.58%   414 19416s
 575118 259003 6.0910e+07   67   22 6.5350e+07 6.0396e+07  7.58%   414 19465s
 575768 259302 6.3169e+07   69   20 6.5350e+07 6.0397e+07  7.58%   414 19516s
 576542 259674 6.3353e+07   83   30 6.5350e+07 6.0399e+07  7.58%   414 19583s
 577612 259931 6.3907e+07   66   20 6.5350e+07 6.0401e+07  7.57%   414 19643s
 578408 260210 6.4494e+07   68   15 6.5350e+07 6.0404e+07  7.57%   414 19698s
 579264 260491     cutoff   48      6.5350e+07 6.0405e+07  7.57%   414 19772s
 580107 260741     cutoff   63      6.5350e+07 6.0408e+07  7.56%   414 19823s
 580917 261045 6.3252e+07   55   25 6.5350e+07 6.0409e+07  7.56%   414 19882s
 581719 261342 6.3510e+07   60   19 6.5350e+07 6.0411e+07  7.56%   413 19931s
 582464 261697 6.4611e+07   53   21 6.5350e+07 6.0413e+07  7.56%   413 20005s
 583252 262006 6.1158e+07   70   24 6.5350e+07 6.0414e+07  7.55%   413 20063s
 584059 262339 6.3848e+07   67   19 6.5350e+07 6.0415e+07  7.55%   413 20124s
 584406 262339 6.4966e+07   67   18 6.5350e+07 6.0415e+07  7.55%   413 20125s
 584948 262686 6.3596e+07   53   19 6.5350e+07 6.0418e+07  7.55%   413 20184s
 585801 262976 6.2381e+07   60   31 6.5350e+07 6.0419e+07  7.55%   413 20238s
 586573 263339 6.1600e+07   50   23 6.5350e+07 6.0421e+07  7.54%   413 20320s
 587476 263632 6.0876e+07   46   25 6.5350e+07 6.0423e+07  7.54%   413 20374s
 587807 263632 6.2749e+07   57   29 6.5350e+07 6.0423e+07  7.54%   413 20375s
 588276 263887 6.4050e+07   73   20 6.5350e+07 6.0425e+07  7.54%   413 20429s
 589028 263887 6.3830e+07   79   21 6.5350e+07 6.0426e+07  7.53%   413 20430s
 589123 264123 6.3074e+07   61   18 6.5350e+07 6.0426e+07  7.53%   413 20485s
 589903 264259 6.0800e+07   54   19 6.5350e+07 6.0428e+07  7.53%   412 20627s
 590234 264479 6.1549e+07   68   18 6.5350e+07 6.0428e+07  7.53%   412 20714s
 590986 264479 6.3906e+07   72   21 6.5350e+07 6.0430e+07  7.53%   412 20715s
 591099 264869 6.5016e+07   61   12 6.5350e+07 6.0430e+07  7.53%   412 20794s
 591648 264869 6.2116e+07   76   18 6.5350e+07 6.0431e+07  7.53%   412 20795s
 592155 265180 6.3563e+07   68   24 6.5350e+07 6.0434e+07  7.52%   412 20856s
 592925 265505 6.3037e+07   76   16 6.5350e+07 6.0436e+07  7.52%   412 20913s
 593765 265698 6.2055e+07   68   24 6.5350e+07 6.0439e+07  7.52%   412 20970s
 594508 266017 6.4299e+07   38   39 6.5350e+07 6.0439e+07  7.51%   412 21036s
 595360 266361 6.3830e+07   67   17 6.5350e+07 6.0441e+07  7.51%   412 21117s
 596378 266664 6.3287e+07   49   15 6.5350e+07 6.0444e+07  7.51%   412 21169s
 597134 266952 6.3119e+07   59   18 6.5350e+07 6.0446e+07  7.51%   412 21239s
 597949 267217 6.4746e+07   42   35 6.5350e+07 6.0448e+07  7.50%   411 21296s
 598808 267477 6.2722e+07   68   27 6.5350e+07 6.0449e+07  7.50%   411 21368s
 599595 267753     cutoff   68      6.5350e+07 6.0450e+07  7.50%   411 21424s
 600344 268110 6.1471e+07   67   20 6.5350e+07 6.0453e+07  7.49%   411 21488s
 601244 268381 6.3137e+07   76   19 6.5350e+07 6.0456e+07  7.49%   411 21545s
 602019 268658     cutoff   57      6.5350e+07 6.0458e+07  7.49%   411 21600s
 602810 268933 6.1850e+07   73   28 6.5350e+07 6.0459e+07  7.48%   411 21684s
 603215 268933 6.3844e+07   76   15 6.5350e+07 6.0459e+07  7.48%   411 21685s
 603643 269290 6.4470e+07   47   22 6.5350e+07 6.0461e+07  7.48%   411 21746s
 604527 269557 6.3386e+07   50   21 6.5350e+07 6.0463e+07  7.48%   411 21807s
 605388 269902 6.3510e+07   61   17 6.5350e+07 6.0464e+07  7.48%   411 21870s
 606219 270255 6.4163e+07   72   11 6.5350e+07 6.0466e+07  7.47%   411 21950s
 607363 270531 6.4316e+07   66    8 6.5350e+07 6.0469e+07  7.47%   410 22030s
 608169 270810 6.2733e+07   58   29 6.5350e+07 6.0471e+07  7.47%   410 22093s
 608888 271101     cutoff   52      6.5350e+07 6.0472e+07  7.46%   410 22149s
 609621 271380 6.4796e+07   60   19 6.5350e+07 6.0474e+07  7.46%   410 22207s
 610437 271578 6.0840e+07   58   30 6.5350e+07 6.0476e+07  7.46%   410 22263s
 611228 271848 6.4605e+07   41   24 6.5350e+07 6.0478e+07  7.46%   410 22337s
 611989 272139 6.3914e+07   51   19 6.5350e+07 6.0479e+07  7.45%   410 22396s
 612809 272392 6.2907e+07   49   32 6.5350e+07 6.0481e+07  7.45%   410 22459s
 613545 272392 6.4411e+07   54   16 6.5350e+07 6.0483e+07  7.45%   410 22460s
 613659 272675 6.1564e+07   47   22 6.5350e+07 6.0483e+07  7.45%   410 22523s
 614472 273006     cutoff   47      6.5350e+07 6.0486e+07  7.44%   410 22593s
 615291 273303 6.2078e+07   55   21 6.5350e+07 6.0487e+07  7.44%   410 22676s
 616130 273631 6.2017e+07   49   25 6.5350e+07 6.0490e+07  7.44%   409 22744s
 616959 273924     cutoff   60      6.5350e+07 6.0491e+07  7.44%   409 22808s
 617788 274252 6.2568e+07   67   18 6.5350e+07 6.0494e+07  7.43%   409 22870s
 618600 274402 6.0617e+07   45   24 6.5350e+07 6.0496e+07  7.43%   409 23032s
 618908 274635     cutoff   60      6.5350e+07 6.0496e+07  7.43%   409 23091s
 619606 274965     cutoff   48      6.5350e+07 6.0497e+07  7.43%   409 23167s
 620471 275261 6.4047e+07   72   29 6.5350e+07 6.0499e+07  7.42%   409 23232s
 621338 275714 6.1218e+07   87   21 6.5350e+07 6.0502e+07  7.42%   409 23321s
 622523 275963 6.3810e+07   63   20 6.5350e+07 6.0505e+07  7.42%   409 23373s
 623215 276216 6.4479e+07   65   21 6.5350e+07 6.0506e+07  7.41%   409 23452s
 623946 276563 6.1380e+07   51   33 6.5350e+07 6.0507e+07  7.41%   409 23513s
 624714 276843 6.1909e+07   38   32 6.5350e+07 6.0509e+07  7.41%   409 23574s
 625545 277034 6.3196e+07   71   15 6.5350e+07 6.0510e+07  7.41%   408 23631s
 626330 277305 6.2548e+07   73   28 6.5350e+07 6.0512e+07  7.40%   408 23699s
 626533 277305 6.3510e+07   62   20 6.5350e+07 6.0512e+07  7.40%   408 23700s
 627214 277638     cutoff   54      6.5350e+07 6.0514e+07  7.40%   408 23785s
 628055 277940 6.2178e+07   66   20 6.5350e+07 6.0515e+07  7.40%   408 23842s
 628720 278194     cutoff   45      6.5350e+07 6.0516e+07  7.40%   408 23909s
 629490 278194 6.1938e+07   56   23 6.5350e+07 6.0517e+07  7.40%   408 23910s
 629596 278512     cutoff   62      6.5350e+07 6.0517e+07  7.40%   408 23967s
 630351 278788 6.1302e+07   58   18 6.5350e+07 6.0519e+07  7.39%   408 24027s
 631210 279072 6.4164e+07   41   31 6.5350e+07 6.0522e+07  7.39%   408 24109s
 631989 279415 6.2554e+07   83   19 6.5350e+07 6.0523e+07  7.39%   408 24180s
 632896 279711 6.1254e+07   67   28 6.5350e+07 6.0525e+07  7.38%   408 24248s
 633818 280035 6.3261e+07   65   16 6.5350e+07 6.0528e+07  7.38%   408 24322s
 634790 280392 6.3329e+07   64   23 6.5350e+07 6.0530e+07  7.38%   407 24386s
 635597 280704 6.0819e+07   53   26 6.5350e+07 6.0532e+07  7.37%   407 24458s
 636270 281084 6.1868e+07   64   21 6.5350e+07 6.0533e+07  7.37%   407 24545s
 637341 281354     cutoff   58      6.5350e+07 6.0535e+07  7.37%   407 24609s
 638181 281555 6.1599e+07   54   27 6.5350e+07 6.0537e+07  7.37%   407 24672s
 639021 281786     cutoff   50      6.5350e+07 6.0539e+07  7.36%   407 24742s
 639656 282085 6.2050e+07   34   41 6.5350e+07 6.0540e+07  7.36%   407 24807s
 640490 282444 6.2855e+07   64   15 6.5350e+07 6.0543e+07  7.36%   407 24882s
 641412 282791 6.3983e+07   53   24 6.5350e+07 6.0544e+07  7.35%   407 24950s
 642284 283133     cutoff   81      6.5350e+07 6.0546e+07  7.35%   407 25046s
 643167 283375 6.1920e+07   52   23 6.5350e+07 6.0549e+07  7.35%   407 25108s
 643972 283663 6.2018e+07   69   14 6.5350e+07 6.0551e+07  7.34%   406 25177s
 644831 283967     cutoff   46      6.5350e+07 6.0552e+07  7.34%   406 25238s
 645581 284305 6.4720e+07   59   16 6.5350e+07 6.0556e+07  7.34%   406 25306s
 646358 284587 6.1477e+07   56   35 6.5350e+07 6.0558e+07  7.33%   406 25366s
 647081 284891     cutoff   51      6.5350e+07 6.0559e+07  7.33%   406 25463s
 647939 285202 6.2218e+07   64   26 6.5350e+07 6.0561e+07  7.33%   406 25537s
 648824 285466 6.2094e+07   75   13 6.5350e+07 6.0563e+07  7.33%   406 25655s
 649502 285767 6.3062e+07   61   29 6.5350e+07 6.0564e+07  7.32%   406 25721s
 650367 285989     cutoff   80      6.5350e+07 6.0566e+07  7.32%   406 25783s
 651205 286358 6.3877e+07   42   25 6.5350e+07 6.0568e+07  7.32%   406 25865s
 652188 286673 6.3351e+07   78   13 6.5350e+07 6.0569e+07  7.32%   406 25939s
 652935 286955 6.1170e+07   55   26 6.5350e+07 6.0571e+07  7.31%   406 26016s
 653868 287277 6.2368e+07   61   21 6.5350e+07 6.0573e+07  7.31%   405 26093s
 654813 287581 6.2416e+07   59   19 6.5350e+07 6.0575e+07  7.31%   405 26189s
 655731 287912 6.3808e+07   54   22 6.5350e+07 6.0576e+07  7.30%   405 26252s
 656498 288251     cutoff   45      6.5350e+07 6.0578e+07  7.30%   405 26327s
 657377 288419 6.4683e+07   47   22 6.5350e+07 6.0580e+07  7.30%   405 26490s
 657936 288692 6.0729e+07   53   30 6.5350e+07 6.0581e+07  7.30%   405 26558s
 658698 288959 6.3921e+07   62   22 6.5350e+07 6.0583e+07  7.30%   405 26648s
 659648 289277 6.4548e+07   48   24 6.5350e+07 6.0584e+07  7.29%   405 26715s
 660549 289604 6.3693e+07   39   22 6.5350e+07 6.0586e+07  7.29%   405 26782s
 661382 289864 6.4736e+07   63   18 6.5350e+07 6.0588e+07  7.29%   405 26860s
 662243 290107 6.1855e+07   67   23 6.5350e+07 6.0589e+07  7.29%   405 26931s
 663105 290452     cutoff   70      6.5350e+07 6.0592e+07  7.28%   404 27009s
 663884 290745     cutoff   62      6.5350e+07 6.0593e+07  7.28%   404 27066s
 664617 291021     cutoff   67      6.5350e+07 6.0594e+07  7.28%   404 27137s
 665491 291354     cutoff   56      6.5350e+07 6.0595e+07  7.28%   404 27227s
 666336 291718 6.4285e+07   50   16 6.5350e+07 6.0596e+07  7.28%   404 27320s
 667525 291968 6.4312e+07   50   23 6.5350e+07 6.0599e+07  7.27%   404 27385s
 668258 292208     cutoff   60      6.5350e+07 6.0600e+07  7.27%   404 27452s
 669090 292486 6.2556e+07   46   43 6.5350e+07 6.0602e+07  7.27%   404 27520s
 669876 292687 6.1818e+07   43   21 6.5350e+07 6.0604e+07  7.26%   404 27613s
 670724 292963 6.1453e+07   66   33 6.5350e+07 6.0605e+07  7.26%   404 27672s
 671471 293119 6.4351e+07   51   18 6.5350e+07 6.0607e+07  7.26%   404 27795s
 672035 293463 6.4523e+07   56   21 6.5350e+07 6.0609e+07  7.26%   404 27862s
 672854 293733 6.3884e+07   54   18 6.5350e+07 6.0611e+07  7.25%   403 27923s
 673571 294052 6.4266e+07   55   19 6.5350e+07 6.0612e+07  7.25%   403 28018s
 674430 294403 6.2620e+07   65   18 6.5350e+07 6.0614e+07  7.25%   403 28095s
 675312 294692 6.3237e+07   55   24 6.5350e+07 6.0616e+07  7.25%   403 28168s
 676084 294956     cutoff   52      6.5350e+07 6.0617e+07  7.24%   403 28239s
 676900 295142 6.3424e+07   46   23 6.5350e+07 6.0619e+07  7.24%   403 28423s
 677375 295397 6.3349e+07   67   19 6.5350e+07 6.0620e+07  7.24%   403 28499s
 678159 295670 6.4307e+07   48   15 6.5350e+07 6.0621e+07  7.24%   403 28572s
 679062 295972 6.1829e+07   84   14 6.5350e+07 6.0623e+07  7.23%   403 28668s
 680011 296226 6.3099e+07   63   19 6.5350e+07 6.0626e+07  7.23%   403 28739s
 680857 296632 6.4692e+07   56   19 6.5350e+07 6.0627e+07  7.23%   403 28844s
 681926 296880 6.4771e+07   56   12 6.5350e+07 6.0629e+07  7.22%   403 28933s
 682742 297151     cutoff   47      6.5350e+07 6.0631e+07  7.22%   402 29007s
 683602 297366 6.4887e+07   57   10 6.5350e+07 6.0633e+07  7.22%   402 29069s
 683953 297366     cutoff   56      6.5350e+07 6.0633e+07  7.22%   402 29070s
 684326 297670 6.1779e+07   50   25 6.5350e+07 6.0634e+07  7.22%   402 29172s
 685197 298008 6.5291e+07   52   17 6.5350e+07 6.0636e+07  7.21%   402 29241s
 685962 298342 6.2973e+07   52   20 6.5350e+07 6.0638e+07  7.21%   402 29319s
 686813 298635 6.1837e+07   69   13 6.5350e+07 6.0640e+07  7.21%   402 29401s
 687739 298867 6.3999e+07   64   13 6.5350e+07 6.0642e+07  7.20%   402 29471s
 688597 299158 6.4891e+07   56   16 6.5350e+07 6.0644e+07  7.20%   402 29545s
 689337 299440 6.3328e+07   55   20 6.5350e+07 6.0646e+07  7.20%   402 29618s
 690124 299738 6.4981e+07   46   23 6.5350e+07 6.0647e+07  7.20%   402 29710s
 690919 299995 6.1922e+07   49   25 6.5350e+07 6.0649e+07  7.19%   402 29778s
 691624 300284 6.4538e+07   54   11 6.5350e+07 6.0650e+07  7.19%   402 29844s
 692417 300515 6.4575e+07   53   17 6.5350e+07 6.0652e+07  7.19%   402 29918s
 693259 300781 6.1309e+07   61   20 6.5350e+07 6.0654e+07  7.19%   401 29991s
 693962 301051 6.4407e+07   73   13 6.5350e+07 6.0655e+07  7.18%   401 30068s
 694816 301224 6.2959e+07   54   24 6.5350e+07 6.0657e+07  7.18%   401 30163s
 695698 301605 6.1900e+07   66   21 6.5350e+07 6.0658e+07  7.18%   401 30264s
 696770 301810 6.2901e+07   55   20 6.5350e+07 6.0661e+07  7.18%   401 30342s
 697662 302077 6.3230e+07   64   24 6.5350e+07 6.0664e+07  7.17%   401 30430s
 698396 302394 6.2891e+07   57   25 6.5350e+07 6.0664e+07  7.17%   401 30517s
 699296 302514 6.1129e+07   68   26 6.5350e+07 6.0666e+07  7.17%   401 30707s
 699521 302846 6.4523e+07   43   32 6.5350e+07 6.0667e+07  7.17%   401 30794s
 699751 302846 6.2398e+07   76   17 6.5350e+07 6.0667e+07  7.17%   401 30795s
 700462 303065 6.3680e+07   45   25 6.5350e+07 6.0668e+07  7.16%   401 30895s
 701213 303424 6.3597e+07   57   27 6.5350e+07 6.0670e+07  7.16%   401 30990s
 702151 303721 6.5285e+07   51   11 6.5350e+07 6.0672e+07  7.16%   401 31083s
 703002 304014 6.2762e+07   57   26 6.5350e+07 6.0674e+07  7.16%   400 31157s
 703842 304321 6.3987e+07   71   11 6.5350e+07 6.0676e+07  7.15%   400 31225s
 704542 304599 6.3063e+07   51   30 6.5350e+07 6.0678e+07  7.15%   400 31296s
 705329 304861 6.2496e+07   58   23 6.5350e+07 6.0679e+07  7.15%   400 31387s
 706081 305126 6.3602e+07   55   22 6.5350e+07 6.0680e+07  7.15%   400 31466s
 706942 305452 6.3197e+07   66   25 6.5350e+07 6.0681e+07  7.14%   400 31549s
 707470 305452 6.3991e+07   42   22 6.5350e+07 6.0682e+07  7.14%   400 31550s
 707789 305727 6.4454e+07   54   23 6.5350e+07 6.0684e+07  7.14%   400 31634s
 708098 305727 6.2247e+07   65   29 6.5350e+07 6.0684e+07  7.14%   400 31635s
 708558 306026 6.1756e+07   41   25 6.5350e+07 6.0685e+07  7.14%   400 31719s
 709491 306246 6.3484e+07   31   28 6.5350e+07 6.0687e+07  7.14%   400 31822s
 710352 306607 6.4443e+07   68   15 6.5350e+07 6.0689e+07  7.13%   400 31926s
 711418 306886 6.4208e+07   49   29 6.5350e+07 6.0691e+07  7.13%   400 32009s
 712033 306886 6.4650e+07   65   18 6.5350e+07 6.0691e+07  7.13%   400 32010s
 712267 307138 6.3555e+07   50   23 6.5350e+07 6.0692e+07  7.13%   400 32081s
 713053 307390 6.1164e+07   59   27 6.5350e+07 6.0694e+07  7.12%   400 32158s
 713881 307650 6.2543e+07   77   20 6.5350e+07 6.0696e+07  7.12%   399 32264s
 714770 307927 6.2409e+07   44   20 6.5350e+07 6.0698e+07  7.12%   399 32348s
 715592 308130 6.4079e+07   31   34 6.5350e+07 6.0700e+07  7.12%   399 32414s
 715976 308130     cutoff   57      6.5350e+07 6.0700e+07  7.12%   399 32415s
 716293 308162 6.1795e+07   57   19 6.5350e+07 6.0702e+07  7.11%   399 32580s
 716380 308222 6.1809e+07   58   18 6.5350e+07 6.0702e+07  7.11%   399 32676s
 716547 308277 6.1859e+07   59   20 6.5350e+07 6.0702e+07  7.11%   399 32768s
 716720 308422 6.1902e+07   60   17 6.5350e+07 6.0702e+07  7.11%   399 32874s
 717049 308422     cutoff   51      6.5350e+07 6.0702e+07  7.11%   399 32875s
 717098 308676 6.3139e+07   68   14 6.5350e+07 6.0702e+07  7.11%   399 32968s
 717841 308915     cutoff   71      6.5350e+07 6.0702e+07  7.11%   399 33086s
 718787 309284 6.2276e+07   55   35 6.5350e+07 6.0708e+07  7.10%   399 33182s
 719710 309570 6.2842e+07   55   35 6.5350e+07 6.0709e+07  7.10%   399 33262s
 720532 309935     cutoff   74      6.5350e+07 6.0711e+07  7.10%   399 33349s
 721193 309935 6.4544e+07   59   16 6.5350e+07 6.0711e+07  7.10%   399 33350s
 721487 310239 6.2919e+07   46   26 6.5350e+07 6.0713e+07  7.10%   399 33454s
 722207 310239 6.1668e+07   44   26 6.5350e+07 6.0713e+07  7.10%   399 33455s
 722452 310492 6.2051e+07   79   20 6.5350e+07 6.0714e+07  7.09%   399 33539s
 723372 310758 6.4816e+07   79   12 6.5350e+07 6.0717e+07  7.09%   399 33640s
 724330 311054 6.4587e+07   75    8 6.5350e+07 6.0719e+07  7.09%   399 33728s
 725243 311358 6.1419e+07   62   29 6.5350e+07 6.0721e+07  7.08%   398 33855s
 726301 311463     cutoff   72      6.5350e+07 6.0723e+07  7.08%   398 34040s
 726542 311851 6.1871e+07   57   22 6.5350e+07 6.0723e+07  7.08%   398 34151s
 727750 312248 6.0919e+07   54   24 6.5350e+07 6.0726e+07  7.08%   398 34241s
 728591 312564 6.1843e+07   60   28 6.5350e+07 6.0727e+07  7.07%   398 34347s
 729416 312821 6.3380e+07   55   34 6.5350e+07 6.0729e+07  7.07%   398 34432s
 730248 313219     cutoff   49      6.5350e+07 6.0730e+07  7.07%   398 34514s
 730584 313219 6.5252e+07   66   19 6.5350e+07 6.0730e+07  7.07%   398 34515s
 731089 313514 6.2187e+07   65   23 6.5350e+07 6.0732e+07  7.07%   398 34603s
 731963 313840 6.4788e+07   62   11 6.5350e+07 6.0733e+07  7.07%   398 34697s
 732882 314124 6.4764e+07   71    9 6.5350e+07 6.0735e+07  7.06%   398 34801s
 733690 314453     cutoff   65      6.5350e+07 6.0737e+07  7.06%   398 34892s
 734605 314674 6.2835e+07   72   23 6.5350e+07 6.0739e+07  7.06%   398 34956s
 735269 314949 6.1804e+07   63   29 6.5350e+07 6.0741e+07  7.05%   398 35037s
 736104 315226 6.3382e+07   55   23 6.5350e+07 6.0742e+07  7.05%   398 35122s
 736977 315471 6.2251e+07   60   26 6.5350e+07 6.0744e+07  7.05%   397 35225s
 737779 315678 6.2689e+07   57   23 6.5350e+07 6.0745e+07  7.05%   397 35303s
 738564 315929 6.3766e+07   50   23 6.5350e+07 6.0747e+07  7.04%   397 35394s
 739453 316219 6.3259e+07   70   16 6.5350e+07 6.0749e+07  7.04%   397 35464s
 740127 316574 6.3726e+07   50   24 6.5350e+07 6.0750e+07  7.04%   397 35575s
 741228 316849 6.1003e+07   67   21 6.5350e+07 6.0752e+07  7.04%   397 35647s
 741984 317092 6.3109e+07   39   33 6.5350e+07 6.0752e+07  7.04%   397 35754s
 742618 317092 6.4477e+07   79   13 6.5350e+07 6.0753e+07  7.03%   397 35755s
 742858 317300 6.1238e+07   59   28 6.5350e+07 6.0755e+07  7.03%   397 35829s
 743255 317300     cutoff   69      6.5350e+07 6.0755e+07  7.03%   397 35830s
 743671 317600 6.1778e+07   70   22 6.5350e+07 6.0756e+07  7.03%   397 35917s
 744489 317903     cutoff   56      6.5350e+07 6.0757e+07  7.03%   397 35998s
 745304 318188 6.2986e+07   50   24 6.5350e+07 6.0759e+07  7.03%   397 36073s
 746036 318473     cutoff   53      6.5350e+07 6.0761e+07  7.02%   397 36166s
 746846 318729 6.4098e+07   47   17 6.5350e+07 6.0762e+07  7.02%   397 36251s
 747680 318975 6.2812e+07   39   30 6.5350e+07 6.0764e+07  7.02%   397 36342s
 748473 319204 6.4052e+07   55   20 6.5350e+07 6.0765e+07  7.02%   396 36445s
 749251 319533 6.3645e+07   49   22 6.5350e+07 6.0767e+07  7.01%   396 36526s
 750053 319752 6.1115e+07   57   20 6.5350e+07 6.0768e+07  7.01%   396 36602s
 750838 320006 6.3744e+07   43   24 6.5350e+07 6.0769e+07  7.01%   396 36679s
 751629 320181 6.2271e+07   79   13 6.5350e+07 6.0770e+07  7.01%   396 36876s
 752117 320394 6.4325e+07   75   18 6.5350e+07 6.0771e+07  7.01%   396 36966s
 753019 320639 6.3497e+07   47   22 6.5350e+07 6.0772e+07  7.01%   396 37083s
 753893 320954 6.4357e+07   46   17 6.5350e+07 6.0774e+07  7.00%   396 37177s
 754798 321310 6.4650e+07   57   16 6.5350e+07 6.0776e+07  7.00%   396 37289s
 754951 321310 6.4551e+07   65   11 6.5350e+07 6.0776e+07  7.00%   396 37290s
 755947 321523 6.5257e+07   69   12 6.5350e+07 6.0777e+07  7.00%   396 37375s
 756763 321715     cutoff   62      6.5350e+07 6.0780e+07  6.99%   396 37457s
 757660 321962 6.1608e+07   53   29 6.5350e+07 6.0782e+07  6.99%   396 37549s
 758315 322200 6.1750e+07   62   19 6.5350e+07 6.0783e+07  6.99%   395 37627s
 759093 322565 6.3924e+07   67   17 6.5350e+07 6.0784e+07  6.99%   395 37720s
 759979 322883     cutoff   79      6.5350e+07 6.0785e+07  6.99%   395 37800s
 760774 323170 6.4351e+07   64   16 6.5350e+07 6.0786e+07  6.98%   395 37901s
 761667 323382     cutoff   60      6.5350e+07 6.0788e+07  6.98%   395 37978s
 762336 323619 6.1311e+07   55   29 6.5350e+07 6.0789e+07  6.98%   395 38049s
 763034 323870 6.4036e+07   67   16 6.5350e+07 6.0790e+07  6.98%   395 38152s
 763759 324134 6.2071e+07   62   19 6.5350e+07 6.0791e+07  6.98%   395 38232s
 764550 324429 6.3374e+07   68   16 6.5350e+07 6.0792e+07  6.97%   395 38320s
 765380 324765 6.2313e+07   71   13 6.5350e+07 6.0794e+07  6.97%   395 38397s
 766129 324987 6.5181e+07   63   17 6.5350e+07 6.0795e+07  6.97%   395 38480s
 766948 325295     cutoff   62      6.5350e+07 6.0797e+07  6.97%   395 38593s
 767718 325516 6.4483e+07   57   21 6.5350e+07 6.0798e+07  6.97%   395 38677s
 768598 325822 6.3836e+07   61   11 6.5350e+07 6.0799e+07  6.96%   395 38767s
 769397 326146 6.5318e+07   46   11 6.5350e+07 6.0801e+07  6.96%   394 38887s
 770422 326489 6.4068e+07   70   18 6.5350e+07 6.0803e+07  6.96%   394 38979s
 770880 326489 6.1865e+07   50   28 6.5350e+07 6.0803e+07  6.96%   394 38980s
 771286 326801 6.1884e+07   46   24 6.5350e+07 6.0805e+07  6.96%   394 39109s
 772158 326801     cutoff   68      6.5350e+07 6.0806e+07  6.95%   394 39110s
 772274 326900     cutoff   45      6.5350e+07 6.0806e+07  6.95%   394 39320s
 772604 327193 6.3413e+07   58   20 6.5350e+07 6.0807e+07  6.95%   394 39418s
 773428 327526 6.5327e+07   59   20 6.5350e+07 6.0808e+07  6.95%   394 39521s
 774400 327793 6.4333e+07   56   21 6.5350e+07 6.0810e+07  6.95%   394 39622s
 775322 328093 6.2232e+07   49   25 6.5350e+07 6.0812e+07  6.94%   394 39721s
 776269 328333 6.2798e+07   46   15 6.5350e+07 6.0813e+07  6.94%   394 39820s
 776935 328583     cutoff   78      6.5350e+07 6.0814e+07  6.94%   394 39911s
 777793 328891     cutoff   49      6.5350e+07 6.0816e+07  6.94%   394 39999s
 778653 329138 6.3122e+07   65   18 6.5350e+07 6.0818e+07  6.94%   394 40095s
 779487 329364 6.3486e+07   62   27 6.5350e+07 6.0819e+07  6.93%   394 40210s
 780388 329643 6.4220e+07   55   17 6.5350e+07 6.0821e+07  6.93%   393 40292s
 781229 329857 6.4367e+07   47   13 6.5350e+07 6.0822e+07  6.93%   393 40383s
 782098 330195 6.1353e+07   37   40 6.5350e+07 6.0824e+07  6.93%   393 40458s
 782772 330537 6.4372e+07   68   20 6.5350e+07 6.0825e+07  6.92%   393 40577s
 783589 330770 6.4031e+07   78   12 6.5350e+07 6.0826e+07  6.92%   393 40670s
 784442 331142 6.3170e+07   55   25 6.5350e+07 6.0828e+07  6.92%   393 40799s
 784872 331142 6.4553e+07   66   12 6.5350e+07 6.0828e+07  6.92%   393 40800s
 785637 331370     cutoff   68      6.5350e+07 6.0831e+07  6.92%   393 40871s
 786255 331625 6.4245e+07   69   26 6.5350e+07 6.0832e+07  6.91%   393 40968s
 787129 331841 6.1703e+07   62   20 6.5350e+07 6.0834e+07  6.91%   393 41056s
 787942 332141     cutoff   54      6.5350e+07 6.0835e+07  6.91%   393 41171s
 788821 332413     cutoff   58      6.5350e+07 6.0837e+07  6.91%   393 41259s
 789620 332671     cutoff   59      6.5350e+07 6.0838e+07  6.90%   393 41339s
 790265 332924 6.2342e+07   69   21 6.5350e+07 6.0839e+07  6.90%   393 41421s
 791025 333140 6.3122e+07   70   12 6.5350e+07 6.0841e+07  6.90%   393 41507s
 791846 333386 6.4372e+07   54   13 6.5350e+07 6.0842e+07  6.90%   392 41627s
 792677 333605     cutoff   53      6.5350e+07 6.0844e+07  6.90%   392 41717s
 793500 333906     cutoff   48      6.5350e+07 6.0846e+07  6.89%   392 41813s
 794349 334140 6.4119e+07   66   13 6.5350e+07 6.0846e+07  6.89%   392 41898s
 795177 334407 6.3091e+07   58   19 6.5350e+07 6.0848e+07  6.89%   392 41995s
 796102 334739 6.4737e+07   70   13 6.5350e+07 6.0849e+07  6.89%   392 42103s
 796888 334943 6.2154e+07   60   21 6.5350e+07 6.0850e+07  6.89%   392 42189s
 796990 334943 6.2884e+07   57   22 6.5350e+07 6.0850e+07  6.89%   392 42190s
 797693 335215 6.2996e+07   52   24 6.5350e+07 6.0852e+07  6.88%   392 42281s
 798548 335488     cutoff   62      6.5350e+07 6.0853e+07  6.88%   392 42374s
 798913 335488 6.2290e+07   58   19 6.5350e+07 6.0853e+07  6.88%   392 42375s
 799297 335919     cutoff   50      6.5350e+07 6.0855e+07  6.88%   392 42519s
 800005 335919 6.2487e+07   65   22 6.5350e+07 6.0855e+07  6.88%   392 42520s
 800475 336191 6.3039e+07   54   12 6.5350e+07 6.0856e+07  6.88%   392 42605s
 801285 336427 6.3719e+07   61   19 6.5350e+07 6.0858e+07  6.87%   392 42681s
 801938 336561 6.2879e+07   49   20 6.5350e+07 6.0859e+07  6.87%   392 42893s
 802319 336871     cutoff   49      6.5350e+07 6.0859e+07  6.87%   392 43003s
 803117 337192 6.4598e+07   57   30 6.5350e+07 6.0861e+07  6.87%   392 43095s
 803906 337434 6.3232e+07   59   25 6.5350e+07 6.0862e+07  6.87%   392 43225s
 804815 337676     cutoff   52      6.5350e+07 6.0864e+07  6.86%   391 43314s
 805615 337958 6.2070e+07   49   24 6.5350e+07 6.0865e+07  6.86%   391 43410s
 806490 338266 6.2944e+07   61   30 6.5350e+07 6.0867e+07  6.86%   391 43511s
 807315 338548 6.4328e+07   75    8 6.5350e+07 6.0868e+07  6.86%   391 43603s
 808152 338814 6.1542e+07   64   23 6.5350e+07 6.0870e+07  6.86%   391 43720s
 808985 339033 6.1332e+07   67   19 6.5350e+07 6.0870e+07  6.86%   391 43809s
 809054 339033 6.2342e+07   51   19 6.5350e+07 6.0871e+07  6.85%   391 43810s
 809816 339266 6.4002e+07   58   17 6.5350e+07 6.0872e+07  6.85%   391 43905s
 810706 339625 6.3507e+07   43   29 6.5350e+07 6.0874e+07  6.85%   391 44015s
 811620 339880 6.3073e+07   62   22 6.5350e+07 6.0875e+07  6.85%   391 44132s
 812370 340170 6.4246e+07   72   21 6.5350e+07 6.0875e+07  6.85%   391 44240s
 813312 340422 6.3906e+07   73   19 6.5350e+07 6.0877e+07  6.84%   391 44337s
 814178 340774     cutoff   73      6.5350e+07 6.0879e+07  6.84%   391 44463s
 815304 341057     cutoff   72      6.5350e+07 6.0882e+07  6.84%   391 44572s
 816086 341363 6.1612e+07   66   23 6.5350e+07 6.0883e+07  6.84%   391 44657s
 816825 341628     cutoff   57      6.5350e+07 6.0884e+07  6.83%   390 44762s
 817792 341907 6.3479e+07   65   26 6.5350e+07 6.0886e+07  6.83%   390 44864s
 818571 342142 6.1179e+07   54   25 6.5350e+07 6.0887e+07  6.83%   390 44954s
 818937 342142 6.2682e+07   60   24 6.5350e+07 6.0887e+07  6.83%   390 44955s
 819319 342384 6.2366e+07   52   20 6.5350e+07 6.0888e+07  6.83%   390 45063s
 820032 342645 6.1138e+07   61   19 6.5350e+07 6.0890e+07  6.82%   390 45160s
 820885 342938 6.3770e+07   58   17 6.5350e+07 6.0892e+07  6.82%   390 45255s
 821700 343153 6.3116e+07   79   15 6.5350e+07 6.0893e+07  6.82%   390 45350s
 822547 343416 6.1063e+07   36   31 6.5350e+07 6.0895e+07  6.82%   390 45453s
 823406 343646 6.4964e+07   70   22 6.5350e+07 6.0897e+07  6.81%   390 45575s
 824188 343858 6.2056e+07   61   20 6.5350e+07 6.0898e+07  6.81%   390 45664s
 824696 343858 6.4102e+07   57   16 6.5350e+07 6.0899e+07  6.81%   390 45665s
 825024 344117     cutoff   53      6.5350e+07 6.0899e+07  6.81%   390 45764s
 825936 344368     cutoff   58      6.5350e+07 6.0901e+07  6.81%   390 45859s
 826762 344630 6.4057e+07   75   16 6.5350e+07 6.0902e+07  6.81%   390 45949s
 827538 344699 6.3282e+07   61   18 6.5350e+07 6.0904e+07  6.80%   390 46198s
 827944 345000 6.3544e+07   56   16 6.5350e+07 6.0904e+07  6.80%   390 46296s
 828813 345368     cutoff   66      6.5350e+07 6.0906e+07  6.80%   390 46451s
 829989 345605 6.2918e+07   60   21 6.5350e+07 6.0908e+07  6.80%   389 46546s
 830887 345806 6.3014e+07   59   26 6.5350e+07 6.0909e+07  6.80%   389 46621s
 831579 345998 6.3917e+07   50   16 6.5350e+07 6.0911e+07  6.79%   389 46696s
 832202 346274 6.4414e+07   59   15 6.5350e+07 6.0911e+07  6.79%   389 46796s
 833031 346562 6.3719e+07   55   21 6.5350e+07 6.0913e+07  6.79%   389 46923s
 833830 346771 6.5166e+07   45   17 6.5350e+07 6.0914e+07  6.79%   389 47022s
 834772 347068     cutoff   66      6.5350e+07 6.0916e+07  6.79%   389 47110s
 835515 347336 6.4193e+07   46   12 6.5350e+07 6.0917e+07  6.78%   389 47211s
 836374 347622 6.1600e+07   57   22 6.5350e+07 6.0919e+07  6.78%   389 47307s
 837156 347911 6.2608e+07   62   18 6.5350e+07 6.0920e+07  6.78%   389 47417s
 838062 348146 6.3101e+07   39   30 6.5350e+07 6.0922e+07  6.78%   389 47530s
 838847 348396 6.3075e+07   62   12 6.5350e+07 6.0923e+07  6.77%   389 47627s
 839690 348564 6.2886e+07   57   27 6.5350e+07 6.0925e+07  6.77%   389 47711s
 840390 348803 6.4005e+07   56   28 6.5350e+07 6.0926e+07  6.77%   389 47812s
 841143 349095     cutoff   55      6.5350e+07 6.0928e+07  6.77%   388 47932s
 841874 349333 6.3527e+07   69   23 6.5350e+07 6.0928e+07  6.77%   388 48021s
 842590 349583 6.1908e+07   58   27 6.5350e+07 6.0929e+07  6.77%   388 48118s
 843402 349879 6.4332e+07   59   25 6.5350e+07 6.0931e+07  6.76%   388 48260s
 844512 350072 6.3392e+07   73   25 6.5350e+07 6.0933e+07  6.76%   388 48351s
 845322 350312 6.3287e+07   53   19 6.5350e+07 6.0934e+07  6.76%   388 48476s
 846100 350606     cutoff   62      6.5350e+07 6.0936e+07  6.76%   388 48590s
 846988 350834     cutoff   61      6.5350e+07 6.0937e+07  6.75%   388 48692s
 847794 351105 6.3581e+07   67   14 6.5350e+07 6.0939e+07  6.75%   388 48805s
 848770 351360     cutoff   55      6.5350e+07 6.0940e+07  6.75%   388 48895s
 849513 351672 6.2590e+07   61   25 6.5350e+07 6.0941e+07  6.75%   388 49022s
 850316 351937 6.4826e+07   61   22 6.5350e+07 6.0943e+07  6.74%   388 49119s
 851137 352035 6.3084e+07   47   25 6.5350e+07 6.0944e+07  6.74%   388 49322s
 851536 352349 6.1458e+07   65   26 6.5350e+07 6.0945e+07  6.74%   388 49418s
 852365 352581 6.2211e+07   55   22 6.5350e+07 6.0946e+07  6.74%   388 49526s
 853213 352809 6.3499e+07   79   17 6.5350e+07 6.0947e+07  6.74%   388 49627s
 854023 352992 6.4311e+07   62   21 6.5350e+07 6.0949e+07  6.73%   388 49755s
 854854 353264 6.3685e+07   51   29 6.5350e+07 6.0951e+07  6.73%   388 49850s
 855640 353512 6.4838e+07   68    9 6.5350e+07 6.0952e+07  6.73%   387 49958s
 856522 353810 6.2047e+07   69   16 6.5350e+07 6.0953e+07  6.73%   387 50062s
 857411 354024 6.3392e+07   62   16 6.5350e+07 6.0955e+07  6.73%   387 50156s
 858172 354315 6.4568e+07   60   16 6.5350e+07 6.0956e+07  6.72%   387 50305s
 859199 354547 6.2856e+07   56   33 6.5350e+07 6.0958e+07  6.72%   387 50407s
 860057 354799 6.1471e+07   78   16 6.5350e+07 6.0959e+07  6.72%   387 50516s
 860965 355017 6.3288e+07   64   19 6.5350e+07 6.0961e+07  6.72%   387 50629s
 861842 355252 6.3493e+07   70   25 6.5350e+07 6.0963e+07  6.71%   387 50729s
 862195 355252     cutoff   60      6.5350e+07 6.0963e+07  6.71%   387 50730s
 862629 355488     cutoff   67      6.5350e+07 6.0964e+07  6.71%   387 50865s
 863479 355788 6.4915e+07   58   27 6.5350e+07 6.0966e+07  6.71%   387 50974s
 864047 355788 6.2330e+07   47   17 6.5350e+07 6.0966e+07  6.71%   387 50975s
 864351 355994 6.3663e+07   33   19 6.5350e+07 6.0967e+07  6.71%   387 51069s
 865126 356219 6.2027e+07   51   27 6.5350e+07 6.0968e+07  6.71%   387 51167s
 865934 356444 6.3966e+07   68   17 6.5350e+07 6.0969e+07  6.70%   387 51275s
 866813 356756 6.1790e+07   53   30 6.5350e+07 6.0971e+07  6.70%   387 51396s
 867649 356990 6.1267e+07   64   22 6.5350e+07 6.0972e+07  6.70%   386 51497s
 868427 357261 6.4126e+07   65   17 6.5350e+07 6.0974e+07  6.70%   386 51592s
 869177 357526 6.4963e+07   66   15 6.5350e+07 6.0975e+07  6.70%   386 51703s
 869970 357714     cutoff   47      6.5350e+07 6.0976e+07  6.69%   386 51795s
 870707 357760 6.1994e+07   66   27 6.5350e+07 6.0977e+07  6.69%   386 52061s
 870946 357973 6.4907e+07   69   17 6.5350e+07 6.0977e+07  6.69%   386 52160s
 871591 358210 6.4247e+07   61   20 6.5350e+07 6.0979e+07  6.69%   386 52282s
 872344 358482     cutoff   61      6.5350e+07 6.0980e+07  6.69%   386 52399s
 873256 358796     cutoff   87      6.5350e+07 6.0981e+07  6.69%   386 52545s
 874404 359063 6.1153e+07   83   22 6.5350e+07 6.0984e+07  6.68%   386 52639s
 875203 359319 6.4070e+07   63   23 6.5350e+07 6.0985e+07  6.68%   386 52749s
 876061 359550     cutoff   58      6.5350e+07 6.0986e+07  6.68%   386 52851s
 876710 359843     cutoff   61      6.5350e+07 6.0987e+07  6.68%   386 52944s
 877461 360124 6.2454e+07   51   19 6.5350e+07 6.0988e+07  6.67%   386 53049s
 878185 360124 6.2652e+07   54   24 6.5350e+07 6.0990e+07  6.67%   386 53050s
 878291 360414 6.3211e+07   52   28 6.5350e+07 6.0990e+07  6.67%   386 53153s
 879138 360604     cutoff   86      6.5350e+07 6.0991e+07  6.67%   386 53259s
 879443 360604 6.1079e+07   77   18 6.5350e+07 6.0991e+07  6.67%   386 53260s
 879897 360811 6.3487e+07   60   26 6.5350e+07 6.0993e+07  6.67%   386 53346s
 880613 361007 6.4382e+07   69   14 6.5350e+07 6.0994e+07  6.67%   386 53448s
 881459 361276 6.4561e+07   53   14 6.5350e+07 6.0996e+07  6.66%   385 53572s
 882296 361535     cutoff   63      6.5350e+07 6.0997e+07  6.66%   385 53674s
 883028 361770     cutoff   56      6.5350e+07 6.0998e+07  6.66%   385 53774s
 883905 362055 6.3588e+07   62   15 6.5350e+07 6.0999e+07  6.66%   385 53882s
 884684 362299 6.3411e+07   49   25 6.5350e+07 6.1001e+07  6.66%   385 53996s
 885607 362539 6.1656e+07   68   21 6.5350e+07 6.1002e+07  6.65%   385 54146s
 886489 362779     cutoff   72      6.5350e+07 6.1003e+07  6.65%   385 54237s
 887230 363013 6.1717e+07   63   36 6.5350e+07 6.1005e+07  6.65%   385 54346s
 888062 363353     cutoff   52      6.5350e+07 6.1007e+07  6.65%   385 54481s
 889162 363620 6.4272e+07   70   15 6.5350e+07 6.1008e+07  6.64%   385 54579s
 889932 363907 6.3762e+07   60   19 6.5350e+07 6.1010e+07  6.64%   385 54719s
 890356 363907     cutoff   46      6.5350e+07 6.1010e+07  6.64%   385 54720s
 890899 364171     cutoff   81      6.5350e+07 6.1011e+07  6.64%   385 54825s
 891739 364374 6.3065e+07   57   24 6.5350e+07 6.1013e+07  6.64%   385 54924s
 892478 364598 6.2961e+07   39   24 6.5350e+07 6.1014e+07  6.64%   385 55032s
 893327 364838 6.3043e+07   49   19 6.5350e+07 6.1015e+07  6.63%   385 55135s
 894125 365092 6.2392e+07   60   19 6.5350e+07 6.1017e+07  6.63%   384 55266s
 894847 365330     cutoff   62      6.5350e+07 6.1018e+07  6.63%   384 55375s
 895715 365631     cutoff   78      6.5350e+07 6.1019e+07  6.63%   384 55490s
 896568 365846 6.5039e+07   58   13 6.5350e+07 6.1021e+07  6.62%   384 55577s
 897265 366090 6.2241e+07   61   20 6.5350e+07 6.1022e+07  6.62%   384 55677s
 897996 366334 6.4311e+07   59   23 6.5350e+07 6.1023e+07  6.62%   384 55803s
 898720 366584 6.4711e+07   58   18 6.5350e+07 6.1025e+07  6.62%   384 55902s
 899501 366879 6.5170e+07   54   11 6.5350e+07 6.1026e+07  6.62%   384 56008s
 900329 367159 6.3476e+07   73   19 6.5350e+07 6.1027e+07  6.62%   384 56112s
 901159 367393 6.3244e+07   59   16 6.5350e+07 6.1028e+07  6.61%   384 56225s
 902033 367677 6.4619e+07   59   15 6.5350e+07 6.1029e+07  6.61%   384 56362s
 902980 368099 6.2428e+07   83   17 6.5350e+07 6.1030e+07  6.61%   384 56501s
 904114 368384 6.3771e+07   60   18 6.5350e+07 6.1032e+07  6.61%   384 56613s
 904999 368505 6.2384e+07   72   17 6.5350e+07 6.1033e+07  6.61%   384 56880s
 905361 368769 6.3342e+07   64   16 6.5350e+07 6.1033e+07  6.61%   384 56987s
 906162 369048 6.2034e+07   46   24 6.5350e+07 6.1035e+07  6.60%   384 57112s
 906917 369304 6.5132e+07   91   11 6.5350e+07 6.1037e+07  6.60%   383 57231s
 907876 369539 6.4287e+07   66   18 6.5350e+07 6.1038e+07  6.60%   383 57345s
 908784 369820 6.3065e+07   67   19 6.5350e+07 6.1039e+07  6.60%   383 57462s
 909652 370033 6.2297e+07   68   20 6.5350e+07 6.1041e+07  6.59%   383 57588s
 910359 370263 6.4511e+07   54   24 6.5350e+07 6.1042e+07  6.59%   383 57695s
 911145 370594 6.2525e+07   47   28 6.5350e+07 6.1044e+07  6.59%   383 57823s
 912039 370805 6.1510e+07   61   25 6.5350e+07 6.1046e+07  6.59%   383 57923s
 912780 371081 6.4934e+07   63   13 6.5350e+07 6.1047e+07  6.59%   383 58040s
 913573 371323 6.4528e+07   62   18 6.5350e+07 6.1048e+07  6.58%   383 58153s
 914380 371635     cutoff   76      6.5350e+07 6.1049e+07  6.58%   383 58288s
 915157 371849 6.1603e+07   51   20 6.5350e+07 6.1050e+07  6.58%   383 58407s
 916031 372158 6.1949e+07   64   16 6.5350e+07 6.1052e+07  6.58%   383 58529s
 916922 372396     cutoff   69      6.5350e+07 6.1053e+07  6.58%   383 58653s
 917851 372744     cutoff   56      6.5350e+07 6.1055e+07  6.57%   383 58798s
 918962 372991 6.1173e+07   71   16 6.5350e+07 6.1057e+07  6.57%   383 58945s
 919909 373254 6.4445e+07   44   25 6.5350e+07 6.1058e+07  6.57%   383 59051s
 920752 373492 6.3860e+07   54   25 6.5350e+07 6.1059e+07  6.57%   382 59160s
 921569 373710 6.1921e+07   77   10 6.5350e+07 6.1061e+07  6.56%   382 59262s
 922303 373953 6.2468e+07   51   23 6.5350e+07 6.1063e+07  6.56%   382 59401s
 923120 374130     cutoff   74      6.5350e+07 6.1064e+07  6.56%   382 59495s
 923837 374308 6.2630e+07   59   22 6.5350e+07 6.1065e+07  6.56%   382 59611s
 924686 374619 6.3770e+07   68   22 6.5350e+07 6.1066e+07  6.56%   382 59717s
 925444 374844     cutoff   57      6.5350e+07 6.1068e+07  6.55%   382 59822s
 926210 375113     cutoff   55      6.5350e+07 6.1069e+07  6.55%   382 59929s
 926932 375325     cutoff   60      6.5350e+07 6.1070e+07  6.55%   382 60041s
 927588 375399     cutoff   59      6.5350e+07 6.1071e+07  6.55%   382 60299s
 927808 375586 6.1578e+07   50   31 6.5350e+07 6.1071e+07  6.55%   382 60426s
 928357 375826 6.3088e+07   61   12 6.5350e+07 6.1072e+07  6.55%   382 60545s
 929262 376099 6.4618e+07   51   15 6.5350e+07 6.1074e+07  6.54%   382 60667s
 930102 376380 6.3402e+07   61   27 6.5350e+07 6.1075e+07  6.54%   382 60802s
 930827 376762 6.2829e+07   56   26 6.5350e+07 6.1076e+07  6.54%   382 60939s
 931062 376762 6.2511e+07   81   21 6.5350e+07 6.1077e+07  6.54%   382 60940s
 931827 376966 6.4933e+07   61   13 6.5350e+07 6.1078e+07  6.54%   382 61058s
 932727 377267 6.3040e+07   39   27 6.5350e+07 6.1080e+07  6.53%   382 61210s
 933864 377453 6.4588e+07   72   13 6.5350e+07 6.1081e+07  6.53%   382 61329s
 934684 377724 6.3756e+07   68   22 6.5350e+07 6.1083e+07  6.53%   381 61459s
 935421 378014 6.2940e+07   55   32 6.5350e+07 6.1085e+07  6.53%   381 61582s
 936299 378275 6.4042e+07   61   23 6.5350e+07 6.1086e+07  6.52%   381 61698s
 937201 378518 6.1177e+07   77   20 6.5350e+07 6.1087e+07  6.52%   381 61801s
 937983 378813 6.3654e+07   50   27 6.5350e+07 6.1088e+07  6.52%   381 61921s
 938850 379062 6.2311e+07   51   23 6.5350e+07 6.1090e+07  6.52%   381 62043s
 939564 379271 6.1604e+07   53   18 6.5350e+07 6.1091e+07  6.52%   381 62159s
 939853 379271     cutoff   80      6.5350e+07 6.1091e+07  6.52%   381 62160s
 940388 379486 6.3592e+07   78   23 6.5350e+07 6.1092e+07  6.52%   381 62269s
 940747 379486 6.3913e+07   57   18 6.5350e+07 6.1092e+07  6.52%   381 62270s
 941239 379740 6.2744e+07   66   12 6.5350e+07 6.1093e+07  6.51%   381 62384s
 941929 379740 6.4092e+07   53   20 6.5350e+07 6.1094e+07  6.51%   381 62385s
 942091 380028 6.4440e+07   61   20 6.5350e+07 6.1095e+07  6.51%   381 62552s
 942954 380252 6.3024e+07   56   21 6.5350e+07 6.1097e+07  6.51%   381 62660s
 943813 380453 6.3316e+07   46   28 6.5350e+07 6.1098e+07  6.51%   381 62778s
 944615 380624     cutoff   48      6.5350e+07 6.1099e+07  6.50%   381 62885s
 945377 380866 6.1668e+07   61   22 6.5350e+07 6.1101e+07  6.50%   381 62991s
 946157 381126 6.4528e+07   66   18 6.5350e+07 6.1102e+07  6.50%   381 63098s
 946928 381390 6.4465e+07   50   27 6.5350e+07 6.1104e+07  6.50%   381 63204s
 947434 381390 6.2996e+07   68   19 6.5350e+07 6.1104e+07  6.50%   380 63205s
 947692 381642 6.2397e+07   51   25 6.5350e+07 6.1104e+07  6.50%   380 63383s
 948803 381902 6.3470e+07   51   22 6.5350e+07 6.1106e+07  6.49%   380 63500s
 949579 382113 6.3153e+07   56   28 6.5350e+07 6.1108e+07  6.49%   380 63607s
 950379 382368 6.3432e+07   54   27 6.5350e+07 6.1109e+07  6.49%   380 63749s
 951156 382701 6.5251e+07   64   10 6.5350e+07 6.1109e+07  6.49%   380 63874s
 952070 382878 6.2274e+07  115    7 6.5350e+07 6.1111e+07  6.49%   380 63980s
 952787 383115 6.4429e+07   53   19 6.5350e+07 6.1113e+07  6.48%   380 64104s
 953652 383365 6.2413e+07   79   18 6.5350e+07 6.1114e+07  6.48%   380 64229s
 954507 383585 6.4034e+07   52   25 6.5350e+07 6.1116e+07  6.48%   380 64378s
 955323 383814 6.2105e+07   54   25 6.5350e+07 6.1117e+07  6.48%   380 64496s
 956154 384095     cutoff   55      6.5350e+07 6.1118e+07  6.48%   380 64611s
 957024 384407 6.4074e+07   58   25 6.5350e+07 6.1120e+07  6.47%   380 64733s
 957888 384627 6.3489e+07   66   14 6.5350e+07 6.1120e+07  6.47%   380 64854s
 958119 384627 6.4955e+07   67   21 6.5350e+07 6.1121e+07  6.47%   380 64855s
 958736 384914 6.1570e+07   56   22 6.5350e+07 6.1122e+07  6.47%   380 64992s
 959524 385131 6.3696e+07   78   16 6.5350e+07 6.1123e+07  6.47%   380 65112s
 960397 385425 6.1980e+07   62   27 6.5350e+07 6.1124e+07  6.47%   380 65216s
 961131 385642 6.3632e+07   62   22 6.5350e+07 6.1126e+07  6.46%   380 65329s
 961998 385939 6.2264e+07   62   23 6.5350e+07 6.1126e+07  6.46%   379 65437s
 962729 386234 6.2570e+07   50   22 6.5350e+07 6.1128e+07  6.46%   379 65598s
 963741 386483 6.3079e+07   64   27 6.5350e+07 6.1129e+07  6.46%   379 65732s
 964736 386775     cutoff   77      6.5350e+07 6.1131e+07  6.46%   379 65850s
 965605 386985 6.1694e+07   71   28 6.5350e+07 6.1132e+07  6.45%   379 66001s
 966451 387151 6.3406e+07   73   21 6.5350e+07 6.1133e+07  6.45%   379 66228s
 967010 387376 6.3699e+07   52   24 6.5350e+07 6.1135e+07  6.45%   379 66375s
 967656 387599 6.2503e+07   42   24 6.5350e+07 6.1135e+07  6.45%   379 66497s
 968522 387840     cutoff   61      6.5350e+07 6.1136e+07  6.45%   379 66606s
 969284 388139 6.1672e+07   73   30 6.5350e+07 6.1137e+07  6.45%   379 66727s
 970125 388313 6.5069e+07   66   19 6.5350e+07 6.1139e+07  6.44%   379 66866s
 970884 388516 6.1431e+07   70   19 6.5350e+07 6.1140e+07  6.44%   379 66978s
 971699 388765     cutoff   77      6.5350e+07 6.1142e+07  6.44%   379 67113s
 972617 388940 6.3913e+07   74   17 6.5350e+07 6.1143e+07  6.44%   379 67224s
 973422 389231 6.3305e+07   45   28 6.5350e+07 6.1145e+07  6.44%   379 67357s
 974364 389391 6.4323e+07   54   16 6.5350e+07 6.1146e+07  6.43%   379 67507s
 975176 389628     cutoff   69      6.5350e+07 6.1147e+07  6.43%   379 67631s
 976067 389897 6.3644e+07   55   16 6.5350e+07 6.1148e+07  6.43%   379 67757s
 976922 390106 6.2155e+07   62   21 6.5350e+07 6.1150e+07  6.43%   378 67882s
 977791 390429 6.2378e+07   63   22 6.5350e+07 6.1151e+07  6.43%   378 68035s
 978877 390654 6.4518e+07   53   27 6.5350e+07 6.1153e+07  6.42%   378 68180s
 979651 390981 6.1679e+07   53   24 6.5350e+07 6.1154e+07  6.42%   378 68304s
 980505 391221 6.4012e+07   46   20 6.5350e+07 6.1156e+07  6.42%   378 68428s
 981383 391478 6.3175e+07   78   16 6.5350e+07 6.1156e+07  6.42%   378 68538s
 982171 391663 6.1930e+07   57   29 6.5350e+07 6.1158e+07  6.42%   378 68670s
 982892 391894     cutoff   53      6.5350e+07 6.1159e+07  6.41%   378 68789s
 983685 392104 6.3596e+07   54   16 6.5350e+07 6.1160e+07  6.41%   378 68884s
 984422 392370     cutoff   68      6.5350e+07 6.1160e+07  6.41%   378 69008s
 985317 392624 6.4040e+07   63   21 6.5350e+07 6.1162e+07  6.41%   378 69150s
 986191 392784 6.3256e+07   75   25 6.5350e+07 6.1163e+07  6.41%   378 69272s
 987038 393021 6.2800e+07   42   33 6.5350e+07 6.1164e+07  6.41%   378 69396s
 987898 393267 6.1930e+07   64   22 6.5350e+07 6.1165e+07  6.40%   378 69547s
 988697 393524 6.2258e+07   46   29 6.5350e+07 6.1166e+07  6.40%   378 69688s
 989647 393550 6.2591e+07   52   26 6.5350e+07 6.1168e+07  6.40%   378 69979s
 989951 393778 6.3072e+07   53   23 6.5350e+07 6.1168e+07  6.40%   378 70123s
 990697 394047 6.2466e+07   52   26 6.5350e+07 6.1170e+07  6.40%   377 70247s
 991570 394260 6.4051e+07   79   14 6.5350e+07 6.1171e+07  6.40%   377 70404s
 992393 394564     cutoff   58      6.5350e+07 6.1172e+07  6.39%   377 70550s
 993378 394815 6.4288e+07   56   18 6.5350e+07 6.1173e+07  6.39%   377 70682s
 994222 395026 6.3202e+07   49   23 6.5350e+07 6.1174e+07  6.39%   377 70813s
 995123 395309 6.3583e+07   49   21 6.5350e+07 6.1176e+07  6.39%   377 70941s
 995961 395590 6.3856e+07   63   25 6.5350e+07 6.1178e+07  6.39%   377 71103s
 996676 395879 6.3130e+07   69   21 6.5350e+07 6.1178e+07  6.38%   377 71267s
 997766 396116 6.4516e+07   57   22 6.5350e+07 6.1180e+07  6.38%   377 71392s
 998638 396324     cutoff   55      6.5350e+07 6.1181e+07  6.38%   377 71514s
 999239 396324 6.2172e+07   65   21 6.5350e+07 6.1181e+07  6.38%   377 71515s
 999445 396541 6.3198e+07   42   25 6.5350e+07 6.1182e+07  6.38%   377 71631s
 1000280 396754 6.2436e+07   72   25 6.5350e+07 6.1183e+07  6.38%   377 71788s
 1000923 396754 6.4601e+07   59   25 6.5350e+07 6.1183e+07  6.38%   377 71790s
 1001124 396913 6.5329e+07   91    9 6.5350e+07 6.1185e+07  6.37%   377 71907s
 1001954 397078 6.4675e+07   61   16 6.5350e+07 6.1186e+07  6.37%   377 72000s

Cutting planes:
  Gomory: 53
  Lift-and-project: 17
  Cover: 2
  MIR: 161
  Flow cover: 154
  RLT: 14
  Relax-and-lift: 400

Explored 1002508 nodes (377694392 simplex iterations) in 72002.72 seconds (14277.61 work units)
Thread count was 8 (of 8 available processors)

Solution count 10: 6.53503e+07 6.53503e+07 6.53677e+07 ... 7.10051e+07

Time limit reached
Warning: max bound violation (2.8848e-06) exceeds tolerance
Best objective 6.535025235852e+07, best bound 6.118670189792e+07, gap 6.3711%
