
Gurobi 12.0.3 (win64) logging started Thu Oct 16 17:23:37 2025

Set parameter LogFile to value "userData\20251016171540-1\solver_log.txt"
Set parameter TimeLimit to value 72000
Set parameter MIPGap to value 0.01
Set parameter MIPFocus to value 0
Set parameter Threads to value 0
Set parameter NodefileStart to value 60
Set parameter Method to value -1
Set parameter Heuristics to value 0.05
Set parameter Presolve to value -1
Set parameter BranchDir to value 0
Set parameter LPWarmStart to value 0
Set parameter IntFeasTol to value 1e-05
Set parameter FeasibilityTol to value 1e-06
Set parameter Cuts to value -1
Set parameter NumericFocus to value 0
Set parameter NoRelHeurTime to value 0
Gurobi Optimizer version 12.0.3 build v12.0.3rc0 (win64 - Windows Server 2016.0 (14393.2))

CPU model: QEMU Virtual CPU version 2.5+, instruction set [SSE2]
Thread count: 48 physical cores, 48 logical processors, using up to 32 threads

Non-default parameters:
TimeLimit  72000
MIPGap  0.01
LPWarmStart  0
NodefileStart  60

Optimize a model with 6605722 rows, 5484445 columns and 16733084 nonzeros
Model fingerprint: 0xadab485b
Variable types: 5414281 continuous, 70164 integer (70164 binary)
Coefficient statistics:
  Matrix range     [3e-03, 1e+05]
  Objective range  [1e+00, 1e+00]
  Bounds range     [1e+00, 7e+09]
  RHS range        [1e+00, 1e+05]
Warning: Model contains large bounds
         Consider reformulating model or setting NumericFocus parameter
         to avoid numerical issues.
Presolve removed 3924958 rows and 3338038 columns (presolve time = 5s)...
Presolve removed 3995074 rows and 3399394 columns (presolve time = 10s)...
Presolve removed 4249122 rows and 3618400 columns (presolve time = 15s)...
Presolve removed 4249122 rows and 3618400 columns (presolve time = 20s)...
Presolve removed 4249122 rows and 3618400 columns (presolve time = 31s)...
Presolve removed 4249122 rows and 3618400 columns (presolve time = 35s)...
Presolve removed 4249122 rows and 3618400 columns (presolve time = 41s)...
Presolve removed 4249202 rows and 3653469 columns (presolve time = 45s)...
Presolve removed 4249202 rows and 3653469 columns (presolve time = 50s)...
Presolve removed 4249202 rows and 3653469 columns (presolve time = 56s)...
Presolve removed 4249202 rows and 3653469 columns (presolve time = 64s)...
Presolve removed 4249202 rows and 3653469 columns (presolve time = 65s)...
Presolve removed 4249202 rows and 3653469 columns
Presolve time: 69.67s
Presolved: 2356520 rows, 1830976 columns, 7910462 nonzeros
Variable types: 1795896 continuous, 35080 integer (35080 binary)
Deterministic concurrent LP optimizer: primal simplex, dual simplex, and barrier
Showing barrier log only...

Root barrier log...

Ordering time: 4.55s

Barrier statistics:
 Dense cols : 85
 AA' NZ     : 9.540e+06
 Factor NZ  : 4.682e+07 (roughly 2.0 GB of memory)
 Factor Ops : 2.617e+09 (less than 1 second per iteration)
 Threads    : 29

                  Objective                Residual
Iter       Primal          Dual         Primal    Dual     Compl     Time
   0   7.58152706e+10 -1.06651668e+13  1.44e+03 4.59e+02  1.08e+07   122s
   1   4.58406917e+10 -4.08863134e+12  7.31e+02 5.40e+02  3.20e+06   124s
   2   4.05245631e+10 -1.99275541e+12  6.54e+02 9.59e-07  1.73e+06   126s
   3   8.71474574e+09 -8.71095006e+11  4.15e+01 4.93e-02  2.24e+05   129s
   4   7.36848102e+09 -1.17177898e+11  1.64e+01 3.51e-03  3.08e+04   131s
   5   6.27615264e+09 -2.46372647e+10  1.68e-09 1.09e-04  5.86e+03   133s
   6   6.00414784e+09  1.48866238e+09  1.37e-08 1.06e-05  8.56e+02   134s
   7   5.85357422e+09  4.19846313e+09  1.35e-09 3.53e-06  3.14e+02   136s
   8   5.76578345e+09  4.69399610e+09  1.15e-09 2.28e-06  2.03e+02   138s
   9   5.68297774e+09  4.83603881e+09  1.79e-09 1.92e-06  1.61e+02   140s
  10   5.64181446e+09  5.07384378e+09  2.29e-09 1.29e-06  1.08e+02   142s
  11   5.62676129e+09  5.26557873e+09  1.79e-09 7.80e-07  6.85e+01   144s
  12   5.61634064e+09  5.38247901e+09  8.82e-10 4.69e-07  4.43e+01   147s
  13   5.61324660e+09  5.41213396e+09  7.44e-10 3.93e-07  3.81e+01   149s
  14   5.59533394e+09  5.46002518e+09  2.66e-10 2.67e-07  2.57e+01   151s
  15   5.58848560e+09  5.46535384e+09  2.22e-10 2.49e-07  2.33e+01   154s
  16   5.57909923e+09  5.51734053e+09  1.26e-10 1.01e-07  1.17e+01   157s
  17   5.56665366e+09  5.54492215e+09  5.37e-11 1.79e-08  4.12e+00   160s
  18   5.56273982e+09  5.54858050e+09  3.73e-11 1.12e-08  2.68e+00   162s
  19   5.56187108e+09  5.54980412e+09  3.37e-11 8.70e-09  2.29e+00   164s
  20   5.56031325e+09  5.55056416e+09  2.55e-11 7.11e-09  1.85e+00   167s
  21   5.55991785e+09  5.55078965e+09  2.46e-11 6.66e-09  1.73e+00   169s
  22   5.55958489e+09  5.55096926e+09  2.36e-11 6.20e-09  1.63e+00   182s
  23   5.55952485e+09  5.55107837e+09  2.27e-11 6.05e-09  1.60e+00   185s
  24   5.55870322e+09  5.55121272e+09  1.91e-11 5.61e-09  1.42e+00   190s
  25   5.55847913e+09  5.55127869e+09  1.82e-11 5.62e-09  1.37e+00   194s
  26   5.55819478e+09  5.55136206e+09  1.73e-11 5.31e-09  1.30e+00   199s
  27   5.55790301e+09  5.55144662e+09  1.64e-11 5.14e-09  1.22e+00   203s
  28   5.55757250e+09  5.55158956e+09  1.55e-11 5.02e-09  1.13e+00   207s
  29   5.55745337e+09  5.55165254e+09  1.46e-11 4.75e-09  1.10e+00   213s
  30   5.55732160e+09  5.55167387e+09  1.46e-11 4.63e-09  1.07e+00   217s
  31   5.55694364e+09  5.55172424e+09  1.27e-11 4.58e-09  9.90e-01   222s
  32   5.55683908e+09  5.55179480e+09  1.36e-11 4.48e-09  9.56e-01   227s
  33   5.55677804e+09  5.55187185e+09  1.27e-11 4.27e-09  9.30e-01   233s
  34   5.55654969e+09  5.55194770e+09  1.36e-11 4.23e-09  8.73e-01   238s
  35   5.55632449e+09  5.55212963e+09  1.27e-11 3.74e-09  7.95e-01   252s
  36   5.55623042e+09  5.55219999e+09  1.09e-11 3.66e-09  7.64e-01   257s
  37   5.55608519e+09  5.55225861e+09  1.27e-11 3.51e-09  7.26e-01   263s
  38   5.55588954e+09  5.55231901e+09  1.18e-11 3.42e-09  6.77e-01   268s
  39   5.55577212e+09  5.55240534e+09  1.18e-11 3.23e-09  6.38e-01   273s
  40   5.55561667e+09  5.55244843e+09  1.18e-11 3.13e-09  6.01e-01   278s
  41   5.55553923e+09  5.55251819e+09  1.55e-11 3.03e-09  5.73e-01   282s
  42   5.55546560e+09  5.55259845e+09  1.55e-11 2.87e-09  5.44e-01   287s
  43   5.55538453e+09  5.55267708e+09  1.73e-11 2.86e-09  5.13e-01   291s
  44   5.55526692e+09  5.55274489e+09  1.73e-11 2.49e-09  4.78e-01   296s
  45   5.55515102e+09  5.55279746e+09  1.64e-11 2.43e-09  4.46e-01   301s
  46   5.55509955e+09  5.55286893e+09  2.09e-11 2.72e-09  4.23e-01   307s
  47   5.55493330e+09  5.55294066e+09  4.91e-11 2.25e-09  3.78e-01   312s
  48   5.55490178e+09  5.55297772e+09  4.91e-11 2.20e-09  3.65e-01   318s
  49   5.55480770e+09  5.55305825e+09  6.28e-11 2.06e-09  3.32e-01   324s
  50   5.55473988e+09  5.55308923e+09  6.09e-11 2.75e-09  3.13e-01   328s
  51   5.55468360e+09  5.55314622e+09  6.00e-11 2.69e-09  2.92e-01   333s
  52   5.55464066e+09  5.55322132e+09  5.82e-11 2.41e-09  2.69e-01   337s
  53   5.55459021e+09  5.55323707e+09  4.91e-11 2.02e-09  2.57e-01   343s
  54   5.55455669e+09  5.55329803e+09  5.37e-11 2.44e-09  2.39e-01   348s
  55   5.55453641e+09  5.55332790e+09  5.18e-11 2.24e-09  2.29e-01   353s
  56   5.55450379e+09  5.55336298e+09  4.46e-11 2.04e-09  2.16e-01   356s
  57   5.55448529e+09  5.55337920e+09  4.46e-11 2.25e-09  2.10e-01   362s
  58   5.55447975e+09  5.55339411e+09  4.55e-11 2.98e-09  2.06e-01   366s
  59   5.55446674e+09  5.55340482e+09  4.27e-11 2.23e-09  2.01e-01   373s
  60   5.55445474e+09  5.55342383e+09  4.18e-11 1.58e-09  1.95e-01   378s
  61   5.55444500e+09  5.55344966e+09  4.09e-11 1.61e-09  1.89e-01   386s
  62   5.55443469e+09  5.55345325e+09  4.55e-11 2.51e-09  1.86e-01   395s
  63   5.55442575e+09  5.55346473e+09  4.55e-11 1.98e-09  1.82e-01   402s
  64   5.55441617e+09  5.55347909e+09  4.37e-11 2.07e-09  1.78e-01   407s
  65   5.55441124e+09  5.55350136e+09  4.18e-11 2.42e-09  1.73e-01   413s
  66   5.55439982e+09  5.55350615e+09  4.27e-11 2.63e-09  1.69e-01   417s
  67   5.55439056e+09  5.55352097e+09  5.46e-11 1.88e-09  1.65e-01   423s
  68   5.55438490e+09  5.55353432e+09  5.37e-11 2.50e-09  1.61e-01   426s
  69   5.55438158e+09  5.55354042e+09  4.91e-11 1.90e-09  1.59e-01   432s
  70   5.55438001e+09  5.55354861e+09  5.00e-11 2.52e-09  1.58e-01   437s
  71   5.55437831e+09  5.55355269e+09  4.82e-11 1.54e-09  1.57e-01   441s
  72   5.55437466e+09  5.55355899e+09  4.73e-11 1.52e-09  1.55e-01   445s
  73   5.55437306e+09  5.55356881e+09  4.55e-11 2.15e-09  1.53e-01   452s
  74   5.55435995e+09  5.55357256e+09  4.37e-11 1.75e-09  1.49e-01   469s
  75   5.55435092e+09  5.55358336e+09  4.00e-11 2.70e-09  1.46e-01   475s
  76   5.55433926e+09  5.55359487e+09  3.91e-11 1.43e-09  1.41e-01   482s
  77   5.55433524e+09  5.55360069e+09  3.64e-11 3.15e-09  1.39e-01   488s
  78   5.55433024e+09  5.55360833e+09  3.82e-11 1.45e-09  1.37e-01   492s
  79   5.55432821e+09  5.55361977e+09  3.73e-11 1.63e-09  1.34e-01   496s
  80   5.55432593e+09  5.55362253e+09  3.82e-11 1.19e-09  1.33e-01   503s
  81   5.55431863e+09  5.55363907e+09  3.55e-11 1.47e-09  1.29e-01   509s
  82   5.55431266e+09  5.55364854e+09  3.18e-11 1.18e-09  1.26e-01   516s
  83   5.55430548e+09  5.55366298e+09  2.73e-11 1.74e-09  1.22e-01   523s
  84   5.55430425e+09  5.55366761e+09  2.64e-11 8.32e-10  1.21e-01   527s
  85   5.55430245e+09  5.55367188e+09  2.73e-11 1.88e-09  1.20e-01   532s
  86   5.55429633e+09  5.55368012e+09  2.55e-11 1.51e-09  1.17e-01   541s
  87   5.55429131e+09  5.55368769e+09  2.36e-11 1.08e-09  1.14e-01   547s
  88   5.55428829e+09  5.55369325e+09  2.36e-11 1.70e-09  1.13e-01   551s
  89   5.55428574e+09  5.55369606e+09  2.46e-11 2.87e-09  1.12e-01   558s
  90   5.55428033e+09  5.55370240e+09  2.46e-11 1.60e-09  1.10e-01   566s
  91   5.55427694e+09  5.55371564e+09  2.36e-11 7.06e-10  1.06e-01   573s
  92   5.55427233e+09  5.55372301e+09  2.46e-11 1.22e-09  1.04e-01   580s
  93   5.55426897e+09  5.55372424e+09  2.36e-11 1.84e-09  1.03e-01   587s
  94   5.55426410e+09  5.55373153e+09  2.27e-11 1.48e-09  1.01e-01   593s
  95   5.55425959e+09  5.55374052e+09  2.18e-11 6.05e-10  9.84e-02   600s
  96   5.55425910e+09  5.55374994e+09  2.18e-11 2.43e-09  9.65e-02   611s
  97   5.55425508e+09  5.55375096e+09  2.27e-11 2.24e-09  9.56e-02   617s
  98   5.55424971e+09  5.55375442e+09  2.09e-11 5.13e-10  9.39e-02   623s
  99   5.55424768e+09  5.55375762e+09  2.18e-11 1.94e-09  9.29e-02   629s
 100   5.55424583e+09  5.55376056e+09  2.18e-11 2.46e-09  9.20e-02   633s
 101   5.55424543e+09  5.55376371e+09  2.09e-11 1.27e-09  9.13e-02   639s
 102   5.55424323e+09  5.55376538e+09  2.09e-11 1.07e-09  9.06e-02   645s
 103   5.55424066e+09  5.55376947e+09  2.00e-11 1.61e-09  8.93e-02   653s
 104   5.55423757e+09  5.55377875e+09  1.91e-11 7.77e-10  8.70e-02   659s
 105   5.55423527e+09  5.55378549e+09  2.00e-11 1.33e-09  8.53e-02   665s
 106   5.55423318e+09  5.55379492e+09  2.09e-11 5.54e-10  8.31e-02   680s
 107   5.55422839e+09  5.55380070e+09  2.09e-11 1.14e-09  8.11e-02   687s
 108   5.55422685e+09  5.55380634e+09  2.18e-11 1.05e-09  7.97e-02   693s
 109   5.55422365e+09  5.55381244e+09  2.00e-11 1.63e-09  7.80e-02   700s
 110   5.55422161e+09  5.55381719e+09  2.00e-11 2.48e-10  7.67e-02   705s
 111   5.55421790e+09  5.55382511e+09  1.91e-11 1.34e-09  7.45e-02   712s
 112   5.55421485e+09  5.55382718e+09  1.91e-11 2.16e-09  7.35e-02   716s
 113   5.55421316e+09  5.55383086e+09  1.82e-11 6.35e-10  7.25e-02   723s
 114   5.55421005e+09  5.55383574e+09  1.73e-11 5.60e-10  7.10e-02   730s
 115   5.55420770e+09  5.55384576e+09  1.73e-11 1.94e-09  6.86e-02   735s
 116   5.55420380e+09  5.55385273e+09  1.64e-11 1.58e-09  6.66e-02   741s
 117   5.55420058e+09  5.55385515e+09  1.64e-11 1.78e-09  6.55e-02   752s
 118   5.55419768e+09  5.55386012e+09  1.55e-11 1.20e-09  6.40e-02   758s
 119   5.55419572e+09  5.55387032e+09  1.46e-11 1.04e-09  6.17e-02   764s
 120   5.55419211e+09  5.55387244e+09  1.46e-11 1.76e-09  6.06e-02   768s
 121   5.55419053e+09  5.55387730e+09  1.36e-11 9.25e-10  5.94e-02   772s
 122   5.55418792e+09  5.55388121e+09  2.00e-11 1.28e-09  5.82e-02   778s
 123   5.55418630e+09  5.55388558e+09  2.27e-11 1.23e-09  5.70e-02   783s
 124   5.55418377e+09  5.55388921e+09  2.09e-11 1.40e-09  5.59e-02   788s
 125   5.55418249e+09  5.55389271e+09  2.18e-11 1.08e-09  5.49e-02   792s
 126   5.55418157e+09  5.55389460e+09  2.64e-11 8.66e-10  5.44e-02   796s
 127   5.55417963e+09  5.55389609e+09  2.82e-11 1.69e-09  5.38e-02   801s
 128   5.55417938e+09  5.55389830e+09  2.91e-11 1.02e-09  5.33e-02   807s
 129   5.55417745e+09  5.55390219e+09  2.91e-11 8.76e-10  5.22e-02   813s
 130   5.55417506e+09  5.55390710e+09  2.73e-11 1.52e-09  5.08e-02   818s
 131   5.55417248e+09  5.55391011e+09  2.73e-11 1.41e-09  4.98e-02   827s
 132   5.55417105e+09  5.55391398e+09  2.64e-11 1.65e-09  4.87e-02   832s
 133   5.55416964e+09  5.55391655e+09  2.55e-11 5.75e-10  4.80e-02   838s
 134   5.55416798e+09  5.55392129e+09  2.46e-11 4.16e-10  4.68e-02   843s
 135   5.55416603e+09  5.55392521e+09  3.37e-11 9.68e-10  4.57e-02   850s
 136   5.55416515e+09  5.55392889e+09  3.27e-11 1.88e-09  4.48e-02   856s
 137   5.55416356e+09  5.55393150e+09  3.27e-11 2.28e-09  4.40e-02   862s
 138   5.55416222e+09  5.55393270e+09  3.18e-11 1.62e-09  4.35e-02   867s
 139   5.55416093e+09  5.55393616e+09  3.00e-11 1.59e-09  4.26e-02   874s
 140   5.55415981e+09  5.55393899e+09  3.00e-11 1.47e-09  4.19e-02   880s
 141   5.55415880e+09  5.55394018e+09  2.64e-11 1.64e-09  4.15e-02   896s
 142   5.55415818e+09  5.55394385e+09  3.18e-11 2.44e-09  4.06e-02   900s
 143   5.55415662e+09  5.55394852e+09  3.73e-11 1.60e-09  3.95e-02   905s
 144   5.55415502e+09  5.55395259e+09  3.64e-11 1.33e-09  3.84e-02   911s
 145   5.55415363e+09  5.55395580e+09  3.46e-11 1.25e-09  3.75e-02   920s
 146   5.55415285e+09  5.55395663e+09  1.94e-10 1.64e-09  3.72e-02   927s
 147   5.55415124e+09  5.55396089e+09  2.30e-10 1.38e-09  3.61e-02   935s
 148   5.55415022e+09  5.55396372e+09  3.96e-10 1.07e-09  3.54e-02   944s
 149   5.55414912e+09  5.55396625e+09  6.67e-10 1.83e-09  3.47e-02   951s
 150   5.55414792e+09  5.55397072e+09  1.19e-09 1.17e-09  3.36e-02   970s
 151   5.55414637e+09  5.55397211e+09  2.05e-09 6.40e-10  3.30e-02   979s
 152   5.55414518e+09  5.55397884e+09  3.07e-09 1.04e-09  3.15e-02   989s
 153   5.55414439e+09  5.55398212e+09  4.44e-09 2.11e-09  3.08e-02  1000s
 154   5.55414302e+09  5.55398805e+09  7.47e-09 6.17e-10  2.94e-02  1008s
 155   5.55414221e+09  5.55398844e+09  1.03e-08 8.34e-10  2.92e-02  1014s
 156   5.55414176e+09  5.55399121e+09  1.18e-08 1.96e-09  2.85e-02  1022s
 157   5.55414069e+09  5.55399269e+09  1.61e-08 4.36e-10  2.81e-02  1031s
 158   5.55413936e+09  5.55399513e+09  2.20e-08 2.21e-09  2.74e-02  1041s
 159   5.55413858e+09  5.55399702e+09  3.90e-08 1.25e-09  2.68e-02  1049s
 160   5.55413793e+09  5.55400141e+09  4.16e-08 9.41e-10  2.59e-02  1058s
 161   5.55413724e+09  5.55400403e+09  4.63e-08 1.41e-09  2.53e-02  1067s
 162   5.55413654e+09  5.55400575e+09  5.03e-08 1.23e-09  2.48e-02  1077s
 163   5.55413617e+09  5.55400862e+09  5.18e-08 1.65e-09  2.42e-02  1086s
 164   5.55413600e+09  5.55400969e+09  5.27e-08 2.72e-09  2.40e-02  1093s
 165   5.55413594e+09  5.55401023e+09  5.29e-08 9.16e-10  2.38e-02  1099s
 166   5.55413534e+09  5.55401086e+09  5.42e-08 3.77e-10  2.36e-02  1116s
 167   5.55413481e+09  5.55401261e+09  5.73e-08 1.46e-09  2.32e-02  1122s
 168   5.55413397e+09  5.55401585e+09  6.14e-08 7.05e-10  2.24e-02  1133s
 169   5.55413343e+09  5.55401643e+09  6.45e-08 1.54e-09  2.22e-02  1139s
 170   5.55413256e+09  5.55401838e+09  6.97e-08 1.58e-09  2.17e-02  1147s
 171   5.55413210e+09  5.55402038e+09  7.22e-08 1.02e-09  2.12e-02  1157s
 172   5.55413146e+09  5.55402254e+09  7.60e-08 2.86e-09  2.07e-02  1167s
 173   5.55413103e+09  5.55402603e+09  7.85e-08 3.69e-10  1.99e-02  1177s
 174   5.55413030e+09  5.55402666e+09  8.83e-08 8.85e-10  1.97e-02  1185s
 175   5.55412967e+09  5.55402926e+09  2.06e-07 9.74e-10  1.90e-02  1196s
 176   5.55412924e+09  5.55403240e+09  3.38e-07 7.75e-10  1.84e-02  1205s
 177   5.55412866e+09  5.55403581e+09  5.27e-07 2.31e-09  1.76e-02  1216s
 178   5.55412826e+09  5.55403659e+09  7.01e-07 3.23e-09  1.74e-02  1225s
 179   5.55412792e+09  5.55403788e+09  8.12e-07 8.37e-10  1.71e-02  1233s
 180   5.55412764e+09  5.55404056e+09  9.11e-07 1.73e-09  1.65e-02  1244s
 181   5.55412714e+09  5.55404287e+09  8.19e-07 5.08e-10  1.60e-02  1256s
 182   5.55412649e+09  5.55404429e+09  8.01e-07 1.72e-09  1.56e-02  1267s
 183   5.55412637e+09  5.55404508e+09  8.00e-07 8.89e-10  1.54e-02  1275s
 184   5.55412586e+09  5.55404550e+09  7.85e-07 1.23e-09  1.52e-02  1283s
 185   5.55412538e+09  5.55404754e+09  7.67e-07 2.06e-09  1.48e-02  1291s
 186   5.55412485e+09  5.55404822e+09  7.46e-07 1.19e-09  1.45e-02  1301s
 187   5.55412403e+09  5.55405042e+09  1.25e-06 1.31e-09  1.40e-02  1310s
 188   5.55412382e+09  5.55405157e+09  1.33e-06 1.49e-09  1.37e-02  1317s
 189   5.55412353e+09  5.55405326e+09  1.60e-06 2.25e-09  1.33e-02  1334s
 190   5.55412310e+09  5.55405549e+09  2.17e-06 6.41e-10  1.28e-02  1344s
 191   5.55412231e+09  5.55405632e+09  2.89e-06 8.90e-10  1.25e-02  1353s
 192   5.55412197e+09  5.55405835e+09  2.89e-06 1.17e-09  1.21e-02  1364s
 193   5.55412182e+09  5.55405954e+09  2.91e-06 1.24e-09  1.18e-02  1374s
 194   5.55412144e+09  5.55406059e+09  3.02e-06 6.80e-10  1.15e-02  1380s
 195   5.55412101e+09  5.55406177e+09  3.15e-06 1.20e-09  1.12e-02  1391s
 196   5.55412087e+09  5.55406203e+09  3.11e-06 2.71e-09  1.12e-02  1402s
 197   5.55412036e+09  5.55406397e+09  3.14e-06 1.57e-09  1.07e-02  1411s
 198   5.55412010e+09  5.55406470e+09  3.25e-06 1.94e-09  1.05e-02  1421s
 199   5.55411994e+09  5.55406620e+09  3.34e-06 1.76e-09  1.02e-02  1429s
 200   5.55411933e+09  5.55406705e+09  4.16e-06 1.81e-09  9.91e-03  1438s
 201   5.55411903e+09  5.55406815e+09  4.20e-06 1.56e-09  9.65e-03  1447s
 202   5.55411891e+09  5.55406901e+09  4.26e-06 1.15e-09  9.46e-03  1455s
 203   5.55411867e+09  5.55406935e+09  4.40e-06 1.71e-09  9.35e-03  1462s
 204   5.55411859e+09  5.55407032e+09  4.41e-06 1.12e-09  9.15e-03  1473s
 205   5.55411830e+09  5.55407197e+09  4.52e-06 1.06e-09  8.79e-03  1482s
 206   5.55411797e+09  5.55407224e+09  4.59e-06 1.37e-09  8.67e-03  1488s
 207   5.55411780e+09  5.55407272e+09  4.63e-06 1.47e-09  8.55e-03  1494s
 208   5.55411770e+09  5.55407354e+09  4.66e-06 1.51e-09  8.37e-03  1503s
 209   5.55411725e+09  5.55407442e+09  4.83e-06 2.21e-09  8.12e-03  1514s
 210   5.55411700e+09  5.55407586e+09  5.05e-06 1.72e-09  7.80e-03  1525s
 211   5.55411674e+09  5.55407633e+09  5.16e-06 1.88e-09  7.66e-03  1536s
 212   5.55411626e+09  5.55407791e+09  5.59e-06 2.96e-09  7.27e-03  1547s
 213   5.55411602e+09  5.55407849e+09  6.28e-06 1.21e-09  7.11e-03  1557s
 214   5.55411581e+09  5.55407909e+09  6.26e-06 1.69e-09  6.96e-03  1566s
 215   5.55411567e+09  5.55407933e+09  6.24e-06 1.56e-09  6.89e-03  1575s
 216   5.55411544e+09  5.55407996e+09  8.61e-06 1.42e-09  6.73e-03  1586s
 217   5.55411535e+09  5.55408076e+09  2.02e-05 9.74e-10  6.56e-03  1597s
 218   5.55411519e+09  5.55408168e+09  1.72e-05 2.15e-09  6.35e-03  1607s
 219   5.55411483e+09  5.55408298e+09  1.61e-05 1.58e-09  6.04e-03  1623s
 220   5.55411461e+09  5.55408365e+09  1.55e-05 2.40e-09  5.87e-03  1631s
 221   5.55411446e+09  5.55408405e+09  1.50e-05 1.73e-09  5.77e-03  1640s
 222   5.55411425e+09  5.55408484e+09  1.44e-05 7.82e-10  5.58e-03  1650s
 223   5.55411414e+09  5.55408517e+09  1.41e-05 1.96e-09  5.49e-03  1660s
 224   5.55411392e+09  5.55408583e+09  1.34e-05 1.02e-09  5.33e-03  1669s
 225   5.55411385e+09  5.55408634e+09  1.33e-05 2.09e-09  5.22e-03  1678s
 226   5.55411367e+09  5.55408728e+09  1.27e-05 1.64e-09  5.00e-03  1697s
 227   5.55411341e+09  5.55408767e+09  1.20e-05 1.63e-09  4.88e-03  1707s
 228   5.55411328e+09  5.55408826e+09  1.29e-05 2.21e-09  4.74e-03  1719s
 229   5.55411311e+09  5.55408880e+09  1.23e-05 1.82e-09  4.61e-03  1728s
 230   5.55411285e+09  5.55408944e+09  1.16e-05 2.27e-09  4.44e-03  1739s
 231   5.55411272e+09  5.55408981e+09  1.30e-05 2.28e-09  4.34e-03  1749s
 232   5.55411254e+09  5.55409028e+09  3.19e-05 1.27e-09  4.22e-03  1759s
 233   5.55411239e+09  5.55409089e+09  3.07e-05 2.53e-09  4.08e-03  1768s
 234   5.55411234e+09  5.55409132e+09  3.03e-05 1.50e-09  3.99e-03  1779s
 235   5.55411228e+09  5.55409161e+09  2.97e-05 2.33e-09  3.92e-03  1785s
 236   5.55411219e+09  5.55409223e+09  2.89e-05 2.30e-09  3.79e-03  1797s
 237   5.55411206e+09  5.55409265e+09  2.77e-05 1.47e-09  3.68e-03  1807s
 238   5.55411201e+09  5.55409283e+09  2.73e-05 1.66e-09  3.64e-03  1816s
 239   5.55411196e+09  5.55409311e+09  2.68e-05 2.15e-09  3.57e-03  1824s
 240   5.55411189e+09  5.55409352e+09  2.62e-05 1.70e-09  3.48e-03  1832s
 241   5.55411183e+09  5.55409400e+09  2.56e-05 2.73e-09  3.38e-03  1843s
 242   5.55411170e+09  5.55409461e+09  2.45e-05 1.58e-09  3.24e-03  1854s
 243   5.55411159e+09  5.55409527e+09  2.34e-05 2.03e-09  3.09e-03  1865s
 244   5.55411149e+09  5.55409570e+09  2.25e-05 2.26e-09  2.99e-03  1874s
 245   5.55411139e+09  5.55409620e+09  2.16e-05 2.46e-09  2.88e-03  1883s
 246   5.55411133e+09  5.55409646e+09  2.11e-05 3.25e-09  2.82e-03  1893s
 247   5.55411123e+09  5.55409695e+09  2.02e-05 2.40e-09  2.71e-03  1909s
 248   5.55411117e+09  5.55409720e+09  1.96e-05 2.44e-09  2.65e-03  1919s
 249   5.55411109e+09  5.55409742e+09  1.89e-05 2.96e-09  2.59e-03  1926s
 250   5.55411108e+09  5.55409760e+09  1.88e-05 2.18e-09  2.56e-03  1934s
 251   5.55411097e+09  5.55409776e+09  2.25e-05 1.67e-09  2.50e-03  1942s
 252   5.55411092e+09  5.55409798e+09  2.62e-05 1.91e-09  2.45e-03  1948s
 253   5.55411085e+09  5.55409807e+09  2.53e-05 3.19e-09  2.42e-03  1956s
 254   5.55411081e+09  5.55409811e+09  2.48e-05 1.42e-09  2.41e-03  1963s
 255   5.55411077e+09  5.55409866e+09  2.79e-05 2.02e-09  2.30e-03  1981s
 256   5.55411069e+09  5.55409891e+09  3.57e-05 7.16e-10  2.23e-03  1990s
 257   5.55411067e+09  5.55409912e+09  3.59e-05 4.26e-10  2.19e-03  1999s
 258   5.55411061e+09  5.55409917e+09  3.35e-05 3.29e-09  2.17e-03  2007s
 259   5.55411055e+09  5.55409955e+09  3.39e-05 2.58e-09  2.09e-03  2016s
 260   5.55411050e+09  5.55409983e+09  3.35e-05 1.53e-09  2.02e-03  2022s
 261   5.55411047e+09  5.55409996e+09  3.32e-05 1.48e-09  1.99e-03  2028s
 262   5.55411045e+09  5.55410022e+09  3.28e-05 2.08e-09  1.94e-03  2036s
 263   5.55411034e+09  5.55410057e+09  3.07e-05 2.13e-09  1.85e-03  2052s
 264   5.55411027e+09  5.55410102e+09  2.92e-05 2.09e-09  1.75e-03  2062s
 265   5.55411020e+09  5.55410127e+09  2.80e-05 2.39e-09  1.69e-03  2073s
 266   5.55411014e+09  5.55410140e+09  2.67e-05 1.50e-09  1.66e-03  2080s
 267   5.55411004e+09  5.55410199e+09  2.48e-05 1.46e-09  1.53e-03  2091s
 268   5.55410995e+09  5.55410224e+09  2.52e-05 1.77e-09  1.46e-03  2101s
 269   5.55410984e+09  5.55410272e+09  2.99e-05 1.55e-09  1.35e-03  2110s
 270   5.55410981e+09  5.55410285e+09  2.67e-05 3.49e-09  1.32e-03  2121s
 271   5.55410972e+09  5.55410320e+09  2.45e-05 1.37e-09  1.24e-03  2131s
 272   5.55410963e+09  5.55410359e+09  2.20e-05 2.32e-09  1.15e-03  2141s
 273   5.55410955e+09  5.55410381e+09  1.99e-05 4.12e-09  1.09e-03  2150s
 274   5.55410947e+09  5.55410403e+09  1.80e-05 2.38e-09  1.03e-03  2160s
 275   5.55410944e+09  5.55410421e+09  1.74e-05 3.19e-09  9.92e-04  2169s
 276   5.55410943e+09  5.55410436e+09  1.75e-05 6.89e-09  9.62e-04  2175s
 277   5.55410938e+09  5.55410449e+09  1.61e-05 4.95e-09  9.26e-04  2185s
 278   5.55410935e+09  5.55410475e+09  1.55e-05 6.82e-09  8.72e-04  2198s
 279   5.55410931e+09  5.55410506e+09  1.63e-05 4.30e-09  8.05e-04  2208s
 280   5.55410928e+09  5.55410516e+09  1.82e-05 5.13e-09  7.81e-04  2218s
 281   5.55410922e+09  5.55410543e+09  2.39e-05 6.06e-09  7.19e-04  2229s
 282   5.55410915e+09  5.55410576e+09  3.06e-05 5.48e-09  6.43e-04  2240s
 283   5.55410914e+09  5.55410590e+09  2.81e-05 8.77e-09  6.13e-04  2250s
 284   5.55410909e+09  5.55410619e+09  2.49e-05 8.79e-09  5.49e-04  2269s
 285   5.55410906e+09  5.55410627e+09  2.36e-05 9.78e-09  5.29e-04  2279s
 286   5.55410902e+09  5.55410659e+09  2.09e-05 9.21e-09  4.61e-04  2290s
 287   5.55410900e+09  5.55410680e+09  2.21e-05 1.19e-08  4.17e-04  2301s
 288   5.55410897e+09  5.55410690e+09  2.50e-05 1.35e-08  3.93e-04  2311s
 289   5.55410895e+09  5.55410699e+09  2.22e-05 1.34e-08  3.71e-04  2321s
 290   5.55410894e+09  5.55410716e+09  2.12e-05 1.23e-08  3.36e-04  2330s
 291   5.55410891e+09  5.55410725e+09  1.94e-05 1.32e-08  3.16e-04  2340s
 292   5.55410890e+09  5.55410729e+09  2.11e-05 1.08e-08  3.05e-04  2351s
 293   5.55410888e+09  5.55410742e+09  2.91e-05 1.44e-08  2.77e-04  2362s
 294   5.55410887e+09  5.55410750e+09  2.72e-05 1.52e-08  2.60e-04  2372s
 295   5.55410885e+09  5.55410756e+09  3.18e-05 1.41e-08  2.45e-04  2381s
 296   5.55410884e+09  5.55410760e+09  3.72e-05 1.35e-08  2.33e-04  2388s
 297   5.55410882e+09  5.55410770e+09  3.42e-05 1.35e-08  2.13e-04  2399s
 298   5.55410880e+09  5.55410775e+09  3.03e-05 1.53e-08  2.00e-04  2414s
 299   5.55410879e+09  5.55410792e+09  2.71e-05 1.76e-08  1.63e-04  2423s
 300   5.55410878e+09  5.55410795e+09  2.58e-05 1.89e-08  1.57e-04  2430s
 301   5.55410877e+09  5.55410803e+09  2.34e-05 2.07e-08  1.40e-04  2440s
 302   5.55410876e+09  5.55410804e+09  2.20e-05 2.06e-08  1.36e-04  2446s
 303   5.55410876e+09  5.55410808e+09  2.17e-05 2.14e-08  1.28e-04  2454s
 304   5.55410875e+09  5.55410809e+09  2.11e-05 2.08e-08  1.25e-04  2461s
 305   5.55410873e+09  5.55410814e+09  2.04e-05 1.90e-08  1.12e-04  2471s
 306   5.55410873e+09  5.55410819e+09  2.10e-05 1.97e-08  1.03e-04  2480s

Barrier solved model in 306 iterations and 2480.25 seconds (1182.82 work units)
Optimal objective 5.55410873e+09


Root crossover log...

  700743 DPushes remaining with DInf 0.0000000e+00              2483s
  332549 DPushes remaining with DInf 0.0000000e+00              2485s
  310162 DPushes remaining with DInf 0.0000000e+00              2491s
  305121 DPushes remaining with DInf 0.0000000e+00              2495s
  292429 DPushes remaining with DInf 0.0000000e+00              2500s
  274671 DPushes remaining with DInf 0.0000000e+00              2507s
  257057 DPushes remaining with DInf 0.0000000e+00              2511s
  236583 DPushes remaining with DInf 0.0000000e+00              2515s
  228201 DPushes remaining with DInf 0.0000000e+00              2520s
  221480 DPushes remaining with DInf 0.0000000e+00              2525s
  214879 DPushes remaining with DInf 0.0000000e+00              2531s
  203320 DPushes remaining with DInf 0.0000000e+00              2536s
  196598 DPushes remaining with DInf 0.0000000e+00              2540s
  190500 DPushes remaining with DInf 0.0000000e+00              2545s
  183692 DPushes remaining with DInf 0.0000000e+00              2553s
  181037 DPushes remaining with DInf 0.0000000e+00              2556s
  175563 DPushes remaining with DInf 0.0000000e+00              2561s
  143044 DPushes remaining with DInf 0.0000000e+00              2566s
  130590 DPushes remaining with DInf 0.0000000e+00              2571s
  126219 DPushes remaining with DInf 0.0000000e+00              2576s
  124700 DPushes remaining with DInf 0.0000000e+00              2581s
  123209 DPushes remaining with DInf 0.0000000e+00              2587s
  121709 DPushes remaining with DInf 0.0000000e+00              2591s
  120183 DPushes remaining with DInf 0.0000000e+00              2595s
  117858 DPushes remaining with DInf 0.0000000e+00              2601s
  116326 DPushes remaining with DInf 0.0000000e+00              2607s
  114806 DPushes remaining with DInf 0.0000000e+00              2612s
  110734 DPushes remaining with DInf 0.0000000e+00              2616s
  105983 DPushes remaining with DInf 0.0000000e+00              2620s
  102250 DPushes remaining with DInf 0.0000000e+00              2626s
   99265 DPushes remaining with DInf 0.0000000e+00              2630s
   96211 DPushes remaining with DInf 0.0000000e+00              2636s
   92534 DPushes remaining with DInf 0.0000000e+00              2641s
   89596 DPushes remaining with DInf 0.0000000e+00              2646s
   86651 DPushes remaining with DInf 0.0000000e+00              2650s
   82947 DPushes remaining with DInf 0.0000000e+00              2655s
   79276 DPushes remaining with DInf 0.0000000e+00              2661s
   76257 DPushes remaining with DInf 0.0000000e+00              2665s
   73284 DPushes remaining with DInf 0.0000000e+00              2672s
   71818 DPushes remaining with DInf 0.0000000e+00              2677s
   70352 DPushes remaining with DInf 0.0000000e+00              2682s
   68153 DPushes remaining with DInf 0.0000000e+00              2685s
   65221 DPushes remaining with DInf 0.0000000e+00              2691s
   63022 DPushes remaining with DInf 0.0000000e+00              2697s
   61556 DPushes remaining with DInf 0.0000000e+00              2702s
   60823 DPushes remaining with DInf 0.0000000e+00              2706s
   59357 DPushes remaining with DInf 0.0000000e+00              2712s
   57891 DPushes remaining with DInf 0.0000000e+00              2717s
   53948 DPushes remaining with DInf 0.0000000e+00              2721s
   45459 DPushes remaining with DInf 0.0000000e+00              2726s
       0 DPushes remaining with DInf 0.0000000e+00              2728s

  784589 PPushes remaining with PInf 1.0263902e+00              2729s
  411676 PPushes remaining with PInf 2.8707151e+00              2736s
  268601 PPushes remaining with PInf 2.9244415e+00              2741s
  162246 PPushes remaining with PInf 3.0564872e+00              2749s
  104212 PPushes remaining with PInf 3.0400453e+00              2751s
   15503 PPushes remaining with PInf 3.2214261e+00              2755s
       0 PPushes remaining with PInf 6.2723614e+00              2771s

  Push phase complete: Pinf 6.2723614e+00, Dinf 3.0368606e+08   2772s


Root simplex log...

Iteration    Objective       Primal Inf.    Dual Inf.      Time
 1167878    5.5541087e+09   0.000000e+00   3.036861e+08   2773s
 1168018    5.5541087e+09   0.000000e+00   5.206248e+08   2781s
 1168168    5.5541087e+09   0.000000e+00   2.872427e+08   2790s
 1168318    5.5541087e+09   0.000000e+00   3.704258e+08   2799s
 1168458    5.5541087e+09   0.000000e+00   8.846299e+08   2807s
 1168598    5.5541087e+09   0.000000e+00   3.311284e+09   2815s
 1168738    5.5541087e+09   0.000000e+00   3.429018e+09   2822s
 1168878    5.5541087e+09   0.000000e+00   4.359948e+08   2829s
 1169028    5.5541087e+09   0.000000e+00   4.764760e+08   2836s
 1169178    5.5541087e+09   0.000000e+00   8.439630e+08   2844s
 1169328    5.5541087e+09   0.000000e+00   7.816813e+08   2853s
 1169478    5.5541087e+09   0.000000e+00   5.557330e+08   2861s
 1169618    5.5541087e+09   0.000000e+00   5.798180e+08   2872s
 1169748    5.5541087e+09   0.000000e+00   1.703781e+08   2880s
 1169878    5.5541087e+09   0.000000e+00   1.499503e+08   2889s
 1169998    5.5541087e+09   0.000000e+00   1.394575e+08   2898s
 1170118    5.5541087e+09   0.000000e+00   3.098480e+08   2908s
 1170238    5.5541086e+09   0.000000e+00   5.206154e+08   2916s
 1170358    5.5541086e+09   0.000000e+00   4.170857e+08   2925s
 1170478    5.5541086e+09   0.000000e+00   3.876757e+08   2936s
 1170598    5.5541086e+09   0.000000e+00   3.569743e+09   2945s
 1170718    5.5541086e+09   0.000000e+00   3.457754e+08   2953s
 1170838    5.5541086e+09   0.000000e+00   5.977606e+08   2962s
 1170958    5.5541086e+09   0.000000e+00   2.191137e+08   2969s
 1171078    5.5541086e+09   0.000000e+00   1.901147e+08   2987s
 1171198    5.5541086e+09   0.000000e+00   3.267059e+08   2997s
 1171318    5.5541086e+09   0.000000e+00   1.486476e+08   3007s
 1171438    5.5541086e+09   0.000000e+00   1.023119e+08   3015s
 1171558    5.5541086e+09   0.000000e+00   2.226854e+08   3023s
 1171678    5.5541086e+09   0.000000e+00   1.502576e+08   3032s
 1171798    5.5541086e+09   0.000000e+00   1.682318e+08   3041s
 1171958    5.5541086e+09   0.000000e+00   1.313357e+08   3055s
 1172078    5.5541086e+09   0.000000e+00   1.826445e+08   3064s
 1172188    5.5541086e+09   0.000000e+00   5.506022e+07   3074s
 1172288    5.5541086e+09   0.000000e+00   2.688170e+08   3083s
 1172388    5.5541086e+09   0.000000e+00   4.562594e+08   3091s
 1172488    5.5541086e+09   0.000000e+00   4.783207e+08   3100s
 1172598    5.5541086e+09   0.000000e+00   1.228928e+09   3109s
 1172698    5.5541086e+09   0.000000e+00   1.122953e+09   3117s
 1172808    5.5541086e+09   0.000000e+00   7.267496e+08   3128s
 1172928    5.5541086e+09   0.000000e+00   7.278699e+08   3141s
 1173048    5.5541086e+09   0.000000e+00   2.880703e+08   3151s
 1173168    5.5541086e+09   0.000000e+00   4.852533e+08   3161s
 1173288    5.5541086e+09   0.000000e+00   8.859413e+08   3170s
 1173408    5.5541086e+09   0.000000e+00   8.472829e+08   3179s
 1173528    5.5541086e+09   0.000000e+00   8.593793e+08   3189s
 1173648    5.5541086e+09   0.000000e+00   8.786997e+08   3199s
 1173768    5.5541086e+09   0.000000e+00   8.713544e+08   3210s
 1173888    5.5541086e+09   0.000000e+00   8.729557e+08   3219s
 1174038    5.5541086e+09   0.000000e+00   9.441025e+07   3228s
 1174168    5.5541086e+09   0.000000e+00   1.552409e+08   3238s
 1174288    5.5541086e+09   0.000000e+00   1.890971e+08   3248s
 1174408    5.5541086e+09   0.000000e+00   1.454850e+08   3258s
 1174528    5.5541086e+09   0.000000e+00   2.678999e+08   3273s
 1174648    5.5541086e+09   0.000000e+00   1.286463e+08   3283s
 1174768    5.5541086e+09   0.000000e+00   1.021755e+08   3291s
 1174888    5.5541086e+09   0.000000e+00   2.074583e+08   3300s
 1175008    5.5541086e+09   0.000000e+00   2.843036e+08   3310s
 1175128    5.5541086e+09   0.000000e+00   2.330784e+08   3320s
 1175248    5.5541086e+09   0.000000e+00   1.075029e+08   3330s
 1175368    5.5541086e+09   0.000000e+00   2.530146e+08   3340s
 1175488    5.5541086e+09   0.000000e+00   2.344735e+08   3350s
 1175608    5.5541086e+09   0.000000e+00   1.182858e+08   3360s
 1175728    5.5541086e+09   0.000000e+00   4.746504e+07   3369s
 1175848    5.5541086e+09   0.000000e+00   1.141428e+08   3379s
 1175968    5.5541086e+09   0.000000e+00   9.283302e+07   3387s
 1176088    5.5541086e+09   0.000000e+00   3.472872e+08   3396s
 1176208    5.5541086e+09   0.000000e+00   9.856215e+07   3405s
 1176328    5.5541086e+09   0.000000e+00   1.091491e+08   3413s
 1176448    5.5541086e+09   0.000000e+00   1.030436e+08   3421s
 1176568    5.5541086e+09   0.000000e+00   1.096184e+08   3429s
 1176688    5.5541086e+09   0.000000e+00   1.176463e+08   3437s
 1176808    5.5541086e+09   0.000000e+00   1.167499e+08   3446s
 1176928    5.5541086e+09   0.000000e+00   1.193835e+08   3454s
 1177048    5.5541086e+09   0.000000e+00   1.204303e+08   3463s
 1177168    5.5541086e+09   0.000000e+00   1.098426e+08   3472s
 1177288    5.5541086e+09   0.000000e+00   1.163364e+08   3482s
 1177408    5.5541086e+09   0.000000e+00   5.027957e+07   3491s
 1177528    5.5541086e+09   0.000000e+00   4.002192e+08   3499s
 1177648    5.5541086e+09   0.000000e+00   3.904594e+08   3508s
 1177768    5.5541086e+09   0.000000e+00   3.949934e+08   3516s
 1177888    5.5541086e+09   0.000000e+00   3.647435e+08   3525s
 1178008    5.5541086e+09   0.000000e+00   3.892621e+08   3536s
 1178128    5.5541086e+09   0.000000e+00   3.556774e+08   3544s
 1178248    5.5541086e+09   0.000000e+00   3.557521e+08   3552s
 1178368    5.5541086e+09   0.000000e+00   3.625219e+08   3559s
 1178488    5.5541086e+09   0.000000e+00   1.306266e+08   3567s
 1178608    5.5541086e+09   0.000000e+00   2.093507e+08   3576s
 1178728    5.5541086e+09   0.000000e+00   1.777074e+08   3585s
 1178848    5.5541086e+09   0.000000e+00   6.088851e+08   3595s
 1178988    5.5541086e+09   0.000000e+00   5.706072e+07   3605s
 1179108    5.5541086e+09   0.000000e+00   4.162102e+08   3626s
 1179258    5.5541086e+09   0.000000e+00   2.024437e+08   3636s
 1179378    5.5541086e+09   0.000000e+00   4.154173e+08   3645s
 1179498    5.5541086e+09   0.000000e+00   7.727469e+07   3654s
 1179618    5.5541086e+09   0.000000e+00   5.748760e+08   3664s
 1179758    5.5541086e+09   0.000000e+00   5.997908e+08   3675s
 1179898    5.5541086e+09   0.000000e+00   6.061914e+08   3684s
 1180038    5.5541086e+09   0.000000e+00   6.067773e+08   3692s
 1180178    5.5541086e+09   0.000000e+00   2.737242e+08   3700s
 1180308    5.5541086e+09   0.000000e+00   7.435953e+07   3709s
 1180428    5.5541086e+09   0.000000e+00   2.765698e+08   3718s
 1180548    5.5541086e+09   0.000000e+00   2.494434e+08   3726s
 1180668    5.5541086e+09   0.000000e+00   1.559396e+08   3737s
 1180788    5.5541086e+09   0.000000e+00   1.572760e+08   3745s
 1180928    5.5541086e+09   0.000000e+00   1.186867e+08   3755s
 1181048    5.5541086e+09   0.000000e+00   1.479040e+08   3763s
 1181178    5.5541086e+09   0.000000e+00   1.194038e+08   3773s
 1181298    5.5541086e+09   0.000000e+00   1.818648e+08   3781s
 1181418    5.5541086e+09   0.000000e+00   1.264490e+08   3789s
 1181548    5.5541086e+09   0.000000e+00   1.788822e+08   3799s
 1181688    5.5541086e+09   0.000000e+00   4.708195e+07   3809s
 1181828    5.5541086e+09   0.000000e+00   6.137935e+07   3819s
 1181998    5.5541086e+09   0.000000e+00   4.870314e+07   3822s
 1182098    5.5541086e+09   0.000000e+00   4.929193e+07   3837s
 1182278    5.5541086e+09   0.000000e+00   4.992112e+07   3846s
 1182458    5.5541086e+09   0.000000e+00   4.965207e+07   3856s
 1182598    5.5541086e+09   0.000000e+00   1.484662e+08   3866s
 1182738    5.5541086e+09   0.000000e+00   1.480358e+08   3874s
 1182878    5.5541086e+09   0.000000e+00   1.480383e+08   3884s
 1183018    5.5541086e+09   0.000000e+00   1.480499e+08   3894s
 1183158    5.5541086e+09   0.000000e+00   1.610333e+08   3903s
 1183298    5.5541086e+09   0.000000e+00   2.996738e+08   3913s
 1183438    5.5541086e+09   0.000000e+00   3.051538e+08   3923s
 1183568    5.5541086e+09   0.000000e+00   3.044002e+08   3934s
 1183688    5.5541086e+09   0.000000e+00   3.435049e+07   3944s
 1183808    5.5541086e+09   0.000000e+00   1.543951e+08   3953s
 1183928    5.5541086e+09   0.000000e+00   6.164539e+07   3962s
 1184058    5.5541086e+09   0.000000e+00   6.186575e+07   3970s
 1184198    5.5541086e+09   0.000000e+00   6.186753e+07   3985s
 1184328    5.5541086e+09   0.000000e+00   6.323805e+07   3995s
 1184468    5.5541086e+09   0.000000e+00   6.209131e+07   4006s
 1184598    5.5541086e+09   0.000000e+00   6.132822e+07   4015s
 1184718    5.5541086e+09   0.000000e+00   1.073317e+08   4022s
 1184838    5.5541086e+09   0.000000e+00   1.073518e+08   4030s
 1184958    5.5541086e+09   0.000000e+00   1.065905e+08   4038s
 1185078    5.5541086e+09   0.000000e+00   3.966272e+07   4048s
 1185198    5.5541086e+09   0.000000e+00   1.201631e+08   4056s
 1185318    5.5541086e+09   0.000000e+00   1.315052e+08   4066s
 1185458    5.5541086e+09   0.000000e+00   3.007832e+08   4076s
 1185588    5.5541086e+09   0.000000e+00   2.483961e+08   4086s
 1185708    5.5541086e+09   0.000000e+00   2.608110e+08   4095s
 1185828    5.5541086e+09   0.000000e+00   4.971290e+08   4104s
 1185948    5.5541086e+09   0.000000e+00   5.399127e+08   4109s
 1186068    5.5541086e+09   0.000000e+00   5.402770e+08   4128s
 1186188    5.5541086e+09   0.000000e+00   4.525413e+08   4138s
 1186308    5.5541086e+09   0.000000e+00   5.153610e+08   4147s
 1186428    5.5541086e+09   0.000000e+00   5.153607e+08   4156s
 1186548    5.5541086e+09   0.000000e+00   5.153603e+08   4164s
 1186668    5.5541086e+09   0.000000e+00   5.155615e+08   4174s
 1186788    5.5541086e+09   0.000000e+00   5.153798e+08   4182s
 1186908    5.5541086e+09   0.000000e+00   2.919003e+08   4190s
 1187058    5.5541086e+09   0.000000e+00   9.255901e+07   4201s
 1187218    5.5541086e+09   0.000000e+00   8.223112e+07   4210s
 1187378    5.5541086e+09   0.000000e+00   8.878590e+07   4219s
 1187538    5.5541086e+09   0.000000e+00   8.878612e+07   4228s
 1187698    5.5541086e+09   0.000000e+00   1.137316e+08   4237s
 1187858    5.5541086e+09   0.000000e+00   1.111013e+08   4246s
 1188018    5.5541086e+09   0.000000e+00   1.133815e+08   4255s
 1188178    5.5541086e+09   0.000000e+00   9.788126e+07   4266s
 1188338    5.5541086e+09   0.000000e+00   9.825175e+07   4276s
 1188498    5.5541086e+09   0.000000e+00   9.825566e+07   4286s
 1188658    5.5541086e+09   0.000000e+00   1.357441e+08   4295s
 1188818    5.5541086e+09   0.000000e+00   1.340389e+08   4305s
 1188988    5.5541086e+09   0.000000e+00   5.718690e+07   4315s
 1189088    5.5541086e+09   0.000000e+00   5.008261e+07   4321s
 1189198    5.5541086e+09   0.000000e+00   5.046388e+07   4327s
 1189298    5.5541086e+09   0.000000e+00   7.576701e+07   4333s
 1189398    5.5541086e+09   0.000000e+00   9.620420e+07   4338s
 1189498    5.5541086e+09   0.000000e+00   2.570608e+07   4344s
 1189598    5.5541086e+09   0.000000e+00   5.068944e+07   4350s
 1189698    5.5541086e+09   0.000000e+00   4.739108e+07   4355s
 1189808    5.5541086e+09   0.000000e+00   6.976194e+07   4361s
 1189908    5.5541086e+09   0.000000e+00   4.407541e+07   4367s
 1190078    5.5541086e+09   0.000000e+00   4.975307e+07   4377s
 1190238    5.5541086e+09   0.000000e+00   8.918230e+07   4385s
 1190398    5.5541086e+09   0.000000e+00   9.126314e+07   4396s
 1190558    5.5541086e+09   0.000000e+00   4.296991e+07   4406s
 1190698    5.5541086e+09   0.000000e+00   1.038973e+08   4417s
 1190828    5.5541086e+09   0.000000e+00   7.422058e+07   4426s
 1190968    5.5541086e+09   0.000000e+00   5.776885e+07   4436s
 1191128    5.5541086e+09   0.000000e+00   6.249975e+07   4446s
 1191288    5.5541086e+09   0.000000e+00   6.140367e+07   4457s
 1191448    5.5541086e+09   0.000000e+00   6.417224e+07   4474s
 1191608    5.5541086e+09   0.000000e+00   6.744805e+07   4485s
 1191758    5.5541086e+09   0.000000e+00   7.108427e+07   4494s
 1191898    5.5541086e+09   0.000000e+00   8.409651e+07   4504s
 1192038    5.5541086e+09   0.000000e+00   8.409829e+07   4514s
 1192178    5.5541086e+09   0.000000e+00   8.411451e+07   4523s
 1192318    5.5541086e+09   0.000000e+00   8.501801e+07   4532s
 1192458    5.5541086e+09   0.000000e+00   8.063110e+07   4544s
 1192598    5.5541086e+09   0.000000e+00   6.462182e+07   4553s
 1192738    5.5541086e+09   0.000000e+00   8.018896e+07   4562s
 1192878    5.5541086e+09   0.000000e+00   6.500103e+07   4572s
 1193018    5.5541086e+09   0.000000e+00   7.821996e+07   4582s
 1193158    5.5541086e+09   0.000000e+00   7.979331e+07   4592s
 1193298    5.5541086e+09   0.000000e+00   1.967309e+08   4600s
 1193438    5.5541086e+09   0.000000e+00   9.456266e+07   4611s
 1193578    5.5541086e+09   0.000000e+00   1.677848e+08   4625s
 1193718    5.5541086e+09   0.000000e+00   1.017960e+08   4636s
 1193858    5.5541086e+09   0.000000e+00   9.589030e+07   4645s
 1193998    5.5541086e+09   0.000000e+00   9.326890e+07   4655s
 1194138    5.5541086e+09   0.000000e+00   1.812672e+08   4665s
 1194278    5.5541086e+09   0.000000e+00   7.572192e+07   4675s
 1194418    5.5541086e+09   0.000000e+00   1.180034e+08   4686s
 1194578    5.5541086e+09   0.000000e+00   1.035618e+08   4696s
 1194738    5.5541086e+09   0.000000e+00   1.335983e+09   4706s
 1194908    5.5541086e+09   0.000000e+00   1.669760e+08   4716s
 1195068    5.5541086e+09   0.000000e+00   5.175113e+08   4726s
 1195218    5.5541086e+09   0.000000e+00   3.162868e+08   4736s
 1195398    5.5541086e+09   0.000000e+00   1.032757e+08   4747s
 1195578    5.5541086e+09   0.000000e+00   5.942492e+07   4756s
 1195738    5.5541086e+09   0.000000e+00   5.062978e+07   4766s
 1195878    5.5541086e+09   0.000000e+00   7.982338e+07   4775s
 1196008    5.5541086e+09   0.000000e+00   2.454534e+07   4784s
 1196158    5.5541086e+09   0.000000e+00   4.252454e+08   4795s
 1196318    5.5541086e+09   0.000000e+00   7.017001e+07   4804s
 1196468    5.5541086e+09   0.000000e+00   6.953848e+07   4815s
 1196608    5.5541086e+09   0.000000e+00   2.557973e+07   4824s
 1196748    5.5541086e+09   0.000000e+00   1.180410e+09   4839s
 1196908    5.5541086e+09   0.000000e+00   6.047443e+07   4849s
 1197058    5.5541086e+09   0.000000e+00   1.674214e+09   4858s
 1197198    5.5541086e+09   0.000000e+00   1.609016e+09   4868s
 1197338    5.5541086e+09   0.000000e+00   1.615647e+09   4877s
 1197478    5.5541086e+09   0.000000e+00   1.671854e+09   4886s
 1197618    5.5541086e+09   0.000000e+00   1.760320e+09   4895s
 1197758    5.5541086e+09   0.000000e+00   1.601257e+09   4904s
 1197898    5.5541086e+09   0.000000e+00   1.731871e+09   4913s
 1198038    5.5541086e+09   0.000000e+00   1.815331e+09   4922s
 1198178    5.5541086e+09   0.000000e+00   1.263573e+09   4932s
 1198318    5.5541086e+09   0.000000e+00   1.304380e+09   4940s
 1198448    5.5541086e+09   0.000000e+00   9.512022e+08   4950s
 1198588    5.5541086e+09   0.000000e+00   9.743718e+08   4959s
 1198728    5.5541086e+09   0.000000e+00   1.580141e+09   4969s
 1198868    5.5541086e+09   0.000000e+00   9.151701e+08   4979s
 1199008    5.5541086e+09   0.000000e+00   1.140901e+09   4988s
 1199158    5.5541085e+09   0.000000e+00   5.042068e+08   4999s
 1199338    5.5541085e+09   0.000000e+00   4.491141e+09   5010s
 1199498    5.5541085e+09   0.000000e+00   9.666127e+08   5020s
 1199638    5.5541085e+09   0.000000e+00   9.666335e+08   5030s
 1199778    5.5541085e+09   0.000000e+00   9.776690e+08   5041s
 1199918    5.5541085e+09   0.000000e+00   9.776697e+08   5051s
 1200058    5.5541085e+09   0.000000e+00   9.776699e+08   5060s
 1200198    5.5541085e+09   0.000000e+00   9.776693e+08   5070s
 1200338    5.5541085e+09   0.000000e+00   9.776762e+08   5080s
 1200478    5.5541085e+09   0.000000e+00   9.776767e+08   5090s
 1200618    5.5541085e+09   0.000000e+00   9.776766e+08   5100s
 1200758    5.5541085e+09   0.000000e+00   9.111157e+08   5109s
 1200898    5.5541085e+09   0.000000e+00   9.083283e+08   5118s
 1201038    5.5541085e+09   0.000000e+00   9.141965e+08   5129s
 1201178    5.5541085e+09   0.000000e+00   9.141978e+08   5139s
 1201318    5.5541085e+09   0.000000e+00   9.141986e+08   5149s
 1201458    5.5541085e+09   0.000000e+00   9.120137e+08   5158s
 1201598    5.5541085e+09   0.000000e+00   9.120138e+08   5168s
 1201738    5.5541085e+09   0.000000e+00   8.986704e+08   5176s
 1201878    5.5541085e+09   0.000000e+00   8.904487e+08   5195s
 1202018    5.5541085e+09   0.000000e+00   9.703468e+08   5205s
 1202158    5.5541085e+09   0.000000e+00   1.001112e+10   5216s
 1202298    5.5541085e+09   0.000000e+00   3.123904e+09   5227s
 1202438    5.5541085e+09   0.000000e+00   1.046166e+10   5236s
 1202618    5.5541085e+09   0.000000e+00   6.340954e+08   5247s
 1202788    5.5541085e+09   0.000000e+00   1.167648e+09   5263s
 1202948    5.5541085e+09   0.000000e+00   1.444360e+09   5274s
 1203088    5.5541085e+09   0.000000e+00   1.539469e+09   5284s
 1203228    5.5541085e+09   0.000000e+00   1.539477e+09   5293s
 1203368    5.5541085e+09   0.000000e+00   1.295897e+09   5303s
 1203508    5.5541085e+09   0.000000e+00   1.549321e+09   5313s
 1203648    5.5541085e+09   0.000000e+00   1.756013e+09   5322s
 1203788    5.5541085e+09   0.000000e+00   2.423015e+09   5331s
 1203948    5.5541085e+09   0.000000e+00   4.371094e+08   5342s
 1204118    5.5541085e+09   0.000000e+00   4.450906e+08   5352s
 1204278    5.5541085e+09   0.000000e+00   2.963115e+09   5362s
 1204438    5.5541085e+09   0.000000e+00   2.977696e+09   5373s
 1204608    5.5541085e+09   0.000000e+00   2.010541e+09   5382s
 1204768    5.5541085e+09   0.000000e+00   1.827467e+09   5392s
 1204928    5.5541085e+09   0.000000e+00   3.394943e+09   5402s
 1205038    5.5541084e+09   0.000000e+00   2.735574e+09   5408s
 1205208    5.5541084e+09   0.000000e+00   2.486413e+09   5420s
 1205308    5.5541084e+09   0.000000e+00   2.465680e+09   5426s
 1205488    5.5541084e+09   0.000000e+00   2.981350e+08   5438s
 1205678    5.5541083e+09   0.000000e+00   1.787898e+09   5450s
 1205778    5.5541083e+09   0.000000e+00   1.787841e+09   5455s
 1205878    5.5541083e+09   0.000000e+00   1.788570e+09   5459s
 1205978    5.5541083e+09   0.000000e+00   1.787747e+09   5475s
 1206078    5.5541083e+09   0.000000e+00   1.787272e+09   5481s
 1206178    5.5541083e+09   0.000000e+00   1.787286e+09   5486s
 1206278    5.5541083e+09   0.000000e+00   1.803443e+09   5492s
 1206378    5.5541083e+09   0.000000e+00   1.803941e+09   5498s
 1206478    5.5541083e+09   0.000000e+00   1.803801e+09   5503s
 1206578    5.5541083e+09   0.000000e+00   1.803598e+09   5508s
 1206678    5.5541083e+09   0.000000e+00   1.803610e+09   5513s
 1206778    5.5541083e+09   0.000000e+00   1.804072e+09   5518s
 1206878    5.5541083e+09   0.000000e+00   1.803941e+09   5523s
 1206978    5.5541083e+09   0.000000e+00   1.806646e+09   5528s
 1207078    5.5541083e+09   0.000000e+00   1.805017e+09   5533s
 1207178    5.5541083e+09   0.000000e+00   1.803116e+09   5539s
 1207278    5.5541083e+09   0.000000e+00   1.803338e+09   5546s
 1207378    5.5541083e+09   0.000000e+00   1.800951e+09   5552s
 1207478    5.5541083e+09   0.000000e+00   2.196899e+09   5558s
 1207668    5.5541083e+09   0.000000e+00   4.973442e+08   5568s
 1207848    5.5541083e+09   0.000000e+00   5.153787e+08   5580s
 1207948    5.5541083e+09   0.000000e+00   4.156445e+08   5585s
 1208048    5.5541083e+09   0.000000e+00   5.331245e+08   5592s
 1208228    5.5541083e+09   0.000000e+00   5.877741e+08   5604s
 1208398    5.5541083e+09   0.000000e+00   1.492937e+09   5616s
 1208558    5.5541083e+09   0.000000e+00   5.659489e+08   5628s
 1208718    5.5541083e+09   0.000000e+00   1.817953e+08   5637s
 1208878    5.5541083e+09   0.000000e+00   3.992182e+08   5646s
 1209038    5.5541083e+09   0.000000e+00   8.765176e+08   5655s
 1209218    5.5541083e+09   0.000000e+00   1.985018e+08   5664s
 1209398    5.5541083e+09   0.000000e+00   1.069721e+08   5675s
 1209578    5.5541083e+09   0.000000e+00   6.220816e+08   5685s
 1209748    5.5541083e+09   0.000000e+00   1.519089e+08   5696s
 1209918    5.5541083e+09   0.000000e+00   2.082444e+08   5705s
 1210098    5.5541083e+09   0.000000e+00   1.775962e+08   5714s
 1210278    5.5541083e+09   0.000000e+00   1.305869e+08   5723s
 1210458    5.5541083e+09   0.000000e+00   6.266186e+07   5732s
 1210638    5.5541083e+09   0.000000e+00   9.085151e+07   5743s
 1210998    5.5541083e+09   0.000000e+00   8.396685e+07   5761s
 1211178    5.5541083e+09   0.000000e+00   2.827888e+08   5770s
 1211358    5.5541083e+09   0.000000e+00   7.962081e+07   5780s
 1211538    5.5541082e+09   0.000000e+00   5.998703e+07   5789s
 1211718    5.5541082e+09   0.000000e+00   6.544605e+07   5797s
 1211898    5.5541082e+09   0.000000e+00   9.089335e+07   5806s
 1212078    5.5541082e+09   0.000000e+00   6.272710e+08   5814s
 1212258    5.5541082e+09   0.000000e+00   5.650375e+08   5834s
 1212438    5.5541082e+09   0.000000e+00   5.650375e+08   5843s
 1212618    5.5541082e+09   0.000000e+00   5.561883e+08   5851s
 1212798    5.5541082e+09   0.000000e+00   5.650194e+08   5859s
 1212978    5.5541082e+09   0.000000e+00   5.650014e+08   5868s
 1213158    5.5541082e+09   0.000000e+00   5.650151e+08   5878s
 1213338    5.5541082e+09   0.000000e+00   5.650165e+08   5885s
 1213518    5.5541082e+09   0.000000e+00   6.155071e+08   5905s
 1213698    5.5541082e+09   0.000000e+00   5.438527e+08   5915s
 1213858    5.5541082e+09   0.000000e+00   1.943358e+08   5927s
 1214018    5.5541082e+09   0.000000e+00   1.944488e+08   5937s
 1214178    5.5541082e+09   0.000000e+00   1.939703e+08   5948s
 1214338    5.5541082e+09   0.000000e+00   1.944273e+08   5955s
 1214498    5.5541082e+09   0.000000e+00   1.944276e+08   5976s
 1214658    5.5541082e+09   0.000000e+00   1.949179e+08   5986s
 1214818    5.5541082e+09   0.000000e+00   1.242636e+08   5995s
 1214988    5.5541082e+09   0.000000e+00   2.473289e+09   6006s
 1215168    5.5541082e+09   0.000000e+00   5.653623e+08   6017s
 1215348    5.5541082e+09   0.000000e+00   6.514120e+08   6038s
 1215508    5.5541082e+09   0.000000e+00   6.228156e+08   6049s
 1215668    5.5541082e+09   0.000000e+00   6.435645e+08   6060s
 1215828    5.5541082e+09   0.000000e+00   6.690608e+08   6072s
 1215988    5.5541082e+09   0.000000e+00   7.567287e+08   6083s
 1216168    5.5541082e+09   0.000000e+00   1.407611e+08   6094s
 1216348    5.5541082e+09   0.000000e+00   1.153061e+08   6109s
 1216528    5.5541082e+09   0.000000e+00   8.821997e+07   6120s
 1216698    5.5541082e+09   0.000000e+00   6.627814e+08   6131s
 1216858    5.5541082e+09   0.000000e+00   6.542764e+08   6143s
 1217008    5.5541082e+09   0.000000e+00   6.406053e+08   6153s
 1217168    5.5541082e+09   0.000000e+00   1.462648e+08   6165s
 1217338    5.5541082e+09   0.000000e+00   2.121440e+08   6177s
 1217498    5.5541082e+09   0.000000e+00   2.157106e+08   6188s
 1217658    5.5541082e+09   0.000000e+00   1.386212e+08   6199s
 1217828    5.5541082e+09   0.000000e+00   1.640712e+08   6209s
 1218008    5.5541081e+09   0.000000e+00   3.796798e+08   6221s
 1218168    5.5541081e+09   0.000000e+00   3.919334e+08   6232s
 1218328    5.5541081e+09   0.000000e+00   3.625409e+08   6251s
 1218488    5.5541081e+09   0.000000e+00   3.667832e+08   6260s
 1218648    5.5541081e+09   0.000000e+00   3.816617e+08   6269s
 1218808    5.5541081e+09   0.000000e+00   3.816081e+08   6279s
 1218968    5.5541081e+09   0.000000e+00   3.885107e+08   6288s
 1219128    5.5541081e+09   0.000000e+00   3.816035e+08   6296s
 1219288    5.5541081e+09   0.000000e+00   1.676086e+08   6306s
 1219448    5.5541081e+09   0.000000e+00   3.807665e+08   6326s
 1219608    5.5541081e+09   0.000000e+00   3.632247e+08   6335s
 1219768    5.5541081e+09   0.000000e+00   3.663844e+08   6346s
 1219928    5.5541081e+09   0.000000e+00   3.625131e+08   6355s
 1220098    5.5541081e+09   0.000000e+00   2.127331e+07   6365s
 1220278    5.5541081e+09   0.000000e+00   1.239767e+08   6376s
 1220458    5.5541081e+09   0.000000e+00   1.239961e+08   6394s
 1220638    5.5541081e+09   0.000000e+00   1.251791e+08   6404s
 1220818    5.5541081e+09   0.000000e+00   5.133404e+08   6415s
 1220998    5.5541081e+09   0.000000e+00   3.161272e+08   6425s
 1221178    5.5541081e+09   0.000000e+00   3.168385e+08   6434s
 1221358    5.5541081e+09   0.000000e+00   3.168386e+08   6445s
 1221538    5.5541081e+09   0.000000e+00   3.156403e+08   6455s
 1221718    5.5541081e+09   0.000000e+00   3.152496e+08   6465s
 1221898    5.5541081e+09   0.000000e+00   3.021526e+08   6476s
 1222078    5.5541081e+09   0.000000e+00   3.015719e+08   6485s
 1222258    5.5541081e+09   0.000000e+00   3.009908e+08   6495s
 1222438    5.5541081e+09   0.000000e+00   3.021573e+08   6505s
 1222618    5.5541081e+09   0.000000e+00   4.885569e+08   6516s
 1222798    5.5541081e+09   0.000000e+00   3.010300e+08   6527s
 1222978    5.5541081e+09   0.000000e+00   3.010306e+08   6537s
 1223158    5.5541081e+09   0.000000e+00   3.010245e+08   6548s
 1223338    5.5541081e+09   0.000000e+00   3.010247e+08   6559s
 1223518    5.5541081e+09   0.000000e+00   3.016060e+08   6569s
 1223698    5.5541081e+09   0.000000e+00   3.044273e+08   6580s
 1223878    5.5541081e+09   0.000000e+00   2.732244e+08   6590s
 1224058    5.5541081e+09   0.000000e+00   3.197628e+08   6599s
 1224238    5.5541081e+09   0.000000e+00   3.132304e+08   6610s
 1224418    5.5541081e+09   0.000000e+00   3.134115e+08   6621s
 1224598    5.5541081e+09   0.000000e+00   3.087564e+08   6631s
 1224778    5.5541081e+09   0.000000e+00   3.145882e+08   6642s
 1224958    5.5541081e+09   0.000000e+00   3.051155e+08   6652s
 1225138    5.5541081e+09   0.000000e+00   3.261506e+08   6663s
 1225318    5.5541081e+09   0.000000e+00   3.651867e+08   6673s
 1225498    5.5541081e+09   0.000000e+00   3.651901e+08   6684s
 1225678    5.5541081e+09   0.000000e+00   1.490367e+08   6694s
 1225858    5.5541081e+09   0.000000e+00   1.487558e+08   6705s
 1226038    5.5541081e+09   0.000000e+00   3.919409e+07   6716s
 1226218    5.5541081e+09   0.000000e+00   2.432590e+08   6727s
 1226388    5.5541081e+09   0.000000e+00   2.277896e+08   6737s
 1226558    5.5541081e+09   0.000000e+00   2.399650e+08   6747s
 1226738    5.5541081e+09   0.000000e+00   2.256751e+08   6757s
 1226918    5.5541081e+09   0.000000e+00   2.216626e+08   6767s
 1227098    5.5541081e+09   0.000000e+00   2.214438e+08   6778s
 1227278    5.5541081e+09   0.000000e+00   2.214312e+08   6789s
 1227458    5.5541081e+09   0.000000e+00   2.260760e+08   6798s
 1227638    5.5541081e+09   0.000000e+00   2.251385e+08   6809s
 1227818    5.5541081e+09   0.000000e+00   2.252950e+08   6827s
 1227998    5.5541081e+09   0.000000e+00   2.267024e+08   6837s
 1228178    5.5541081e+09   0.000000e+00   2.253176e+08   6849s
 1228358    5.5541081e+09   0.000000e+00   2.249760e+08   6859s
 1228538    5.5541081e+09   0.000000e+00   2.252199e+08   6869s
 1228718    5.5541081e+09   0.000000e+00   2.254048e+08   6880s
 1228898    5.5541081e+09   0.000000e+00   2.256653e+08   6891s
 1229078    5.5541081e+09   0.000000e+00   2.249744e+08   6902s
 1229258    5.5541081e+09   0.000000e+00   2.248581e+08   6914s
 1229438    5.5541081e+09   0.000000e+00   2.247429e+08   6924s
 1229618    5.5541081e+09   0.000000e+00   2.249758e+08   6935s
 1229798    5.5541081e+09   0.000000e+00   2.245047e+08   6947s
 1229978    5.5541081e+09   0.000000e+00   2.323937e+08   6967s
 1230158    5.5541081e+09   0.000000e+00   2.269132e+08   6977s
 1230338    5.5541081e+09   0.000000e+00   2.263733e+08   6986s
 1230518    5.5541081e+09   0.000000e+00   4.324889e+07   6996s
 1230698    5.5541081e+09   0.000000e+00   2.453683e+08   7007s
 1230878    5.5541081e+09   0.000000e+00   2.244546e+08   7017s
 1231058    5.5541081e+09   0.000000e+00   2.228786e+08   7028s
 1231238    5.5541081e+09   0.000000e+00   2.244600e+08   7038s
 1231418    5.5541081e+09   0.000000e+00   7.175302e+07   7050s
 1231598    5.5541081e+09   0.000000e+00   7.857591e+07   7059s
 1231778    5.5541081e+09   0.000000e+00   7.627785e+07   7068s
 1231958    5.5541081e+09   0.000000e+00   7.621353e+07   7078s
 1232138    5.5541081e+09   0.000000e+00   7.356965e+07   7087s
 1232318    5.5541081e+09   0.000000e+00   1.577291e+08   7098s
 1232498    5.5541081e+09   0.000000e+00   1.665833e+08   7109s
 1232678    5.5541081e+09   0.000000e+00   5.844409e+07   7119s
 1232778    5.5541081e+09   0.000000e+00   1.220155e+08   7125s
 1232878    5.5541081e+09   0.000000e+00   1.232498e+08   7130s
 1232978    5.5541081e+09   0.000000e+00   1.201719e+08   7134s
 1233078    5.5541081e+09   0.000000e+00   1.203284e+08   7140s
 1233178    5.5541081e+09   0.000000e+00   1.198340e+08   7146s
 1233278    5.5541081e+09   0.000000e+00   1.213530e+08   7151s
 1233378    5.5541081e+09   0.000000e+00   1.197682e+08   7156s
 1233478    5.5541081e+09   0.000000e+00   1.274372e+08   7161s
 1233578    5.5541081e+09   0.000000e+00   1.271959e+08   7166s
 1233758    5.5541081e+09   0.000000e+00   1.223176e+08   7177s
 1233938    5.5541081e+09   0.000000e+00   1.226745e+08   7187s
 1234118    5.5541081e+09   0.000000e+00   1.232113e+08   7196s
 1234298    5.5541081e+09   0.000000e+00   1.231418e+08   7206s
 1234478    5.5541081e+09   0.000000e+00   2.227056e+07   7217s
 1234658    5.5541081e+09   0.000000e+00   5.727741e+07   7227s
 1234828    5.5541081e+09   0.000000e+00   7.375609e+07   7236s
 1234988    5.5541081e+09   0.000000e+00   4.217774e+08   7249s
 1235168    5.5541081e+09   0.000000e+00   1.692842e+08   7261s
 1235338    5.5541081e+09   0.000000e+00   4.022757e+08   7272s
 1235498    5.5541081e+09   0.000000e+00   1.427955e+08   7283s
 1235678    5.5541081e+09   0.000000e+00   4.019043e+08   7293s
 1235858    5.5541081e+09   0.000000e+00   4.018845e+08   7304s
 1236038    5.5541081e+09   0.000000e+00   4.018498e+08   7320s
 1236218    5.5541081e+09   0.000000e+00   2.869252e+08   7330s
 1236398    5.5541081e+09   0.000000e+00   2.011141e+08   7339s
 1236578    5.5541081e+09   0.000000e+00   2.814632e+08   7351s
 1236758    5.5541081e+09   0.000000e+00   4.948615e+07   7362s
 1236918    5.5541081e+09   0.000000e+00   4.745307e+07   7373s
 1237078    5.5541081e+09   0.000000e+00   4.647112e+07   7385s
 1237238    5.5541081e+09   0.000000e+00   4.599262e+07   7396s
 1237398    5.5541081e+09   0.000000e+00   4.605039e+07   7406s
 1237558    5.5541081e+09   0.000000e+00   4.597582e+07   7417s
 1237718    5.5541081e+09   0.000000e+00   4.704518e+07   7428s
 1237878    5.5541081e+09   0.000000e+00   4.537562e+07   7439s
 1238038    5.5541081e+09   0.000000e+00   4.453236e+07   7452s
 1238198    5.5541081e+09   0.000000e+00   4.490869e+07   7468s
 1238358    5.5541081e+09   0.000000e+00   4.488963e+07   7478s
 1238518    5.5541081e+09   0.000000e+00   4.555395e+07   7488s
 1238668    5.5541081e+09   0.000000e+00   4.730010e+07   7500s
 1238828    5.5541081e+09   0.000000e+00   5.349237e+07   7512s
 1238978    5.5541081e+09   0.000000e+00   2.025725e+08   7523s
 1239138    5.5541081e+09   0.000000e+00   2.821881e+08   7534s
 1239298    5.5541080e+09   0.000000e+00   2.135876e+08   7545s
 1239458    5.5541080e+09   0.000000e+00   2.111154e+08   7556s
 1239618    5.5541080e+09   0.000000e+00   2.080554e+08   7566s
 1239778    5.5541080e+09   0.000000e+00   2.046208e+08   7577s
 1239938    5.5541080e+09   0.000000e+00   2.084706e+08   7589s
 1240098    5.5541080e+09   0.000000e+00   2.049968e+08   7599s
 1240258    5.5541080e+09   0.000000e+00   2.138366e+08   7610s
 1240418    5.5541080e+09   0.000000e+00   2.151901e+08   7621s
 1240578    5.5541080e+09   0.000000e+00   2.134533e+08   7632s
 1240738    5.5541080e+09   0.000000e+00   2.159310e+08   7643s
 1240898    5.5541080e+09   0.000000e+00   2.152417e+08   7653s
 1241058    5.5541080e+09   0.000000e+00   2.138815e+08   7663s
 1241218    5.5541080e+09   0.000000e+00   2.166673e+08   7678s
 1241378    5.5541080e+09   0.000000e+00   2.159874e+08   7688s
 1241538    5.5541080e+09   0.000000e+00   2.083093e+08   7699s
 1241698    5.5541080e+09   0.000000e+00   2.923021e+08   7710s
 1241868    5.5541080e+09   0.000000e+00   2.936931e+08   7722s
 1242048    5.5541080e+09   0.000000e+00   2.936927e+08   7731s
 1242208    5.5541080e+09   0.000000e+00   2.881817e+08   7750s
 1242368    5.5541080e+09   0.000000e+00   2.891494e+08   7760s
 1242528    5.5541080e+09   0.000000e+00   4.630620e+08   7770s
 1242688    5.5541080e+09   0.000000e+00   2.112548e+08   7781s
 1242848    5.5541080e+09   0.000000e+00   2.286228e+08   7792s
 1243008    5.5541080e+09   0.000000e+00   3.562651e+07   7801s
 1243168    5.5541080e+09   0.000000e+00   9.766452e+07   7811s
 1243328    5.5541080e+09   0.000000e+00   1.777303e+08   7820s
 1243488    5.5541080e+09   0.000000e+00   1.797049e+08   7831s
 1243648    5.5541080e+09   0.000000e+00   8.828654e+07   7840s
 1243808    5.5541080e+09   0.000000e+00   1.617316e+08   7851s
 1243968    5.5541080e+09   0.000000e+00   1.061036e+08   7861s
 1244148    5.5541080e+09   0.000000e+00   3.328537e+08   7870s
 1244318    5.5541080e+09   0.000000e+00   1.381171e+08   7881s
 1244478    5.5541080e+09   0.000000e+00   3.938965e+08   7893s
 1244658    5.5541080e+09   0.000000e+00   3.932728e+08   7904s
 1244828    5.5541080e+09   0.000000e+00   3.344544e+08   7914s
 1244998    5.5541080e+09   0.000000e+00   1.390029e+08   7925s
 1245158    5.5541080e+09   0.000000e+00   2.410380e+08   7934s
 1245318    5.5541080e+09   0.000000e+00   1.121165e+08   7945s
 1245478    5.5541080e+09   0.000000e+00   1.552783e+08   7955s
 1245648    5.5541080e+09   0.000000e+00   1.552763e+08   7964s
 1245828    5.5541080e+09   0.000000e+00   1.552723e+08   7976s
 1245998    5.5541080e+09   0.000000e+00   1.612809e+08   7987s
 1246168    5.5541080e+09   0.000000e+00   7.455595e+07   7999s
 1246348    5.5541080e+09   0.000000e+00   1.475307e+08   8010s
 1246508    5.5541080e+09   0.000000e+00   1.870337e+08   8021s
 1246668    5.5541080e+09   0.000000e+00   1.779655e+08   8036s
 1246828    5.5541080e+09   0.000000e+00   1.997650e+08   8047s
 1246988    5.5541080e+09   0.000000e+00   1.997522e+08   8056s
 1247148    5.5541080e+09   0.000000e+00   1.987791e+08   8066s
 1247308    5.5541080e+09   0.000000e+00   2.841085e+08   8077s
 1247468    5.5541080e+09   0.000000e+00   1.710796e+08   8086s
 1247628    5.5541080e+09   0.000000e+00   3.130102e+08   8096s
 1247788    5.5541080e+09   0.000000e+00   9.936595e+08   8105s
 1247948    5.5541080e+09   0.000000e+00   6.560289e+08   8117s
 1248128    5.5541080e+09   0.000000e+00   6.608070e+08   8126s
 1248308    5.5541080e+09   0.000000e+00   2.650503e+08   8135s
 1248488    5.5541080e+09   0.000000e+00   6.342871e+08   8146s
 1248668    5.5541080e+09   0.000000e+00   6.271825e+08   8157s
 1248838    5.5541080e+09   0.000000e+00   4.760561e+08   8169s
 1248998    5.5541080e+09   0.000000e+00   4.762255e+08   8181s
 1249158    5.5541080e+09   0.000000e+00   4.762250e+08   8194s
 1249318    5.5541080e+09   0.000000e+00   4.716189e+08   8205s
 1249478    5.5541080e+09   0.000000e+00   4.720432e+08   8218s
 1249638    5.5541080e+09   0.000000e+00   4.723569e+08   8230s
 1249798    5.5541080e+09   0.000000e+00   4.695520e+08   8242s
 1249958    5.5541080e+09   0.000000e+00   4.738772e+08   8253s
 1250118    5.5541080e+09   0.000000e+00   4.751415e+08   8262s
 1250278    5.5541080e+09   0.000000e+00   6.750434e+08   8271s
 1250438    5.5541080e+09   0.000000e+00   4.000775e+08   8282s
 1250598    5.5541080e+09   0.000000e+00   3.574087e+08   8293s
 1250758    5.5541080e+09   0.000000e+00   3.885990e+08   8303s
 1250918    5.5541080e+09   0.000000e+00   3.600691e+08   8314s
 1251078    5.5541080e+09   0.000000e+00   4.005179e+08   8324s
 1251238    5.5541080e+09   0.000000e+00   3.916020e+08   8333s
 1251398    5.5541080e+09   0.000000e+00   4.267036e+08   8344s
 1251558    5.5541080e+09   0.000000e+00   4.278607e+08   8355s
 1251718    5.5541080e+09   0.000000e+00   4.393566e+08   8365s
 1251878    5.5541080e+09   0.000000e+00   2.889718e+08   8376s
 1252038    5.5541080e+09   0.000000e+00   4.042605e+08   8387s
 1252198    5.5541080e+09   0.000000e+00   4.003261e+08   8398s
 1252358    5.5541080e+09   0.000000e+00   1.847515e+08   8409s
 1252518    5.5541080e+09   0.000000e+00   3.613161e+08   8420s
 1252678    5.5541080e+09   0.000000e+00   3.826080e+08   8431s
 1252838    5.5541080e+09   0.000000e+00   7.750363e+07   8441s
 1252998    5.5541080e+09   0.000000e+00   3.354668e+08   8453s
 1253158    5.5541080e+09   0.000000e+00   4.373648e+08   8464s
 1253318    5.5541080e+09   0.000000e+00   4.656768e+08   8474s
 1253478    5.5541080e+09   0.000000e+00   4.459033e+08   8486s
 1253638    5.5541080e+09   0.000000e+00   4.584889e+08   8497s
 1253798    5.5541080e+09   0.000000e+00   4.465470e+08   8508s
 1253958    5.5541080e+09   0.000000e+00   4.337187e+08   8519s
 1254118    5.5541080e+09   0.000000e+00   4.336297e+08   8529s
 1254278    5.5541080e+09   0.000000e+00   4.349143e+08   8541s
 1254438    5.5541080e+09   0.000000e+00   4.418958e+08   8552s
 1254598    5.5541080e+09   0.000000e+00   4.459245e+08   8563s
 1254758    5.5541080e+09   0.000000e+00   4.480546e+08   8574s
 1254918    5.5541080e+09   0.000000e+00   4.498517e+08   8585s
 1255078    5.5541080e+09   0.000000e+00   4.456125e+08   8596s
 1255238    5.5541080e+09   0.000000e+00   4.467924e+08   8608s
 1255398    5.5541080e+09   0.000000e+00   4.467934e+08   8620s
 1255558    5.5541080e+09   0.000000e+00   4.477006e+08   8631s
 1255718    5.5541080e+09   0.000000e+00   4.477006e+08   8643s
 1255878    5.5541080e+09   0.000000e+00   4.460030e+08   8653s
 1256038    5.5541080e+09   0.000000e+00   4.395936e+08   8671s
 1256198    5.5541080e+09   0.000000e+00   4.460669e+08   8684s
 1256358    5.5541080e+09   0.000000e+00   4.460679e+08   8694s
 1256518    5.5541080e+09   0.000000e+00   4.519951e+08   8705s
 1256678    5.5541080e+09   0.000000e+00   4.520922e+08   8717s
 1256838    5.5541080e+09   0.000000e+00   4.520858e+08   8728s
 1256998    5.5541080e+09   0.000000e+00   4.519667e+08   8739s
 1257158    5.5541080e+09   0.000000e+00   4.942535e+08   8751s
 1257308    5.5541080e+09   0.000000e+00   2.960558e+08   8762s
 1257468    5.5541080e+09   0.000000e+00   2.956423e+08   8774s
 1257618    5.5541080e+09   0.000000e+00   8.336060e+08   8785s
 1257758    5.5541080e+09   0.000000e+00   9.558796e+08   8795s
 1257898    5.5541080e+09   0.000000e+00   6.181407e+08   8807s
 1258038    5.5541080e+09   0.000000e+00   5.695765e+08   8818s
 1258178    5.5541080e+09   0.000000e+00   5.714336e+08   8828s
 1258318    5.5541080e+09   0.000000e+00   5.714338e+08   8837s
 1258458    5.5541080e+09   0.000000e+00   8.782427e+08   8846s
 1258598    5.5541080e+09   0.000000e+00   8.672768e+08   8856s
 1258738    5.5541080e+09   0.000000e+00   9.282982e+08   8866s
 1258878    5.5541080e+09   0.000000e+00   1.513713e+09   8877s
 1259018    5.5541080e+09   0.000000e+00   1.077349e+09   8888s
 1259328   -3.2111259e+38   8.285808e+40   3.211126e+08   8902s
 1259658   -3.0078901e+38   9.531936e+40   3.007890e+08   8918s
 1260238   -1.6355174e+38   4.063956e+40   1.635517e+08   8928s
Warning: Markowitz tolerance tightened to 0.125
 1260971   -1.0061088e+38   6.492596e+40   1.006109e+08   8934s
 1261704   -5.9627699e+37   2.695027e+39   5.962770e+07   8939s
 1262437   -4.2093054e+37   1.755730e+40   4.209305e+07   8945s
 1264720   -2.8986762e+37   1.120826e+40   2.898676e+07   8951s
 1266013   -1.2485280e+37   1.689197e+41   1.248528e+07   8963s
 1266746   -8.2539433e+36   1.723571e+39   8.253943e+06   8971s
 1268216   -7.5549560e+36   1.543865e+40   7.554956e+06   8975s
 1268949   -7.0267824e+36   1.661450e+39   7.026782e+06   8981s
 1271832   -6.3440936e+36   1.181247e+41   6.344094e+06   8991s
 1272192   -5.7054862e+36   2.024099e+39   5.705486e+06   9000s
 1272822   -5.2483998e+36   1.176450e+39   5.248400e+06   9010s
 1273555   -5.0069968e+36   8.509891e+39   5.006997e+06   9012s
 1274288   -4.9456545e+36   7.779116e+39   4.945655e+06   9015s
 1275021   -4.9055380e+36   3.986853e+39   4.905538e+06   9027s
 1275754   -4.8549682e+36   1.869356e+39   4.854968e+06   9031s
 1276314   -4.6602824e+36   2.462030e+39   4.660282e+06   9040s
 1277047   -4.2433415e+36   5.261760e+38   4.243342e+06   9049s
 1277677   -4.1183119e+36   2.818568e+38   4.118312e+06   9059s
 1277847   -4.0331548e+36   7.044991e+38   4.033155e+06   9068s
 1278217   -3.9695311e+36   5.808869e+38   3.969531e+06   9079s
 1278367   -3.8589599e+36   2.511689e+41   3.858960e+06   9088s
 1278597   -3.7964054e+36   9.830943e+39   3.796405e+06   9105s
 1278847   -3.6963725e+36   3.431213e+40   3.696373e+06   9115s
 1279287   -3.2926849e+36   6.187022e+40   3.292685e+06   9124s
Warning: Markowitz tolerance tightened to 0.25
 1280020   -2.9079004e+36   2.937699e+41   2.907900e+06   9132s
 1280753   -2.8606964e+36   1.525246e+40   2.860696e+06   9135s
 1283311   -2.6978029e+36   4.508230e+40   2.697803e+06   9141s
 1286157   -2.5847124e+36   4.440297e+39   2.584712e+06   9152s
 1286890   -2.5334617e+36   3.386703e+39   2.533462e+06   9160s
 1289226   -2.4819645e+36   3.098764e+39   2.481964e+06   9165s
 1292460   -2.3502174e+36   3.756088e+39   2.350217e+06   9179s
 1293050   -2.1694508e+36   6.366748e+39   2.169451e+06   9189s
 1293450   -2.0100799e+36   1.851514e+39   2.010080e+06   9199s
 1293740   -1.9822293e+36   6.972351e+37   1.982229e+06   9209s
 1294040   -1.8577502e+36   3.773790e+40   1.857750e+06   9218s
 1294300   -1.7462229e+36   6.275384e+38   1.746223e+06   9227s
 1294630   -1.6744750e+36   1.601840e+38   1.674475e+06   9240s
 1294840   -1.5965599e+36   1.190563e+39   1.596560e+06   9250s
 1295573   -1.5184852e+36   4.763111e+37   1.518485e+06   9258s
 1296306   -1.3689552e+36   7.423296e+37   1.368955e+06   9268s
 1296726   -1.2612454e+36   9.372851e+38   1.261245e+06   9278s
 1296976   -1.1965071e+36   6.732355e+37   1.196507e+06   9288s
 1297136   -1.0973205e+36   3.315856e+37   1.097321e+06   9297s
 1297346   -1.0504165e+36   2.284444e+39   1.050416e+06   9307s
 1297766   -9.8524116e+35   1.724209e+39   9.852412e+05   9317s
 1298246   -9.6066128e+35   4.701830e+39   9.606613e+05   9327s
 1298946   -9.0880063e+35   7.843602e+37   9.088006e+05   9336s
 1299146   -8.7440107e+35   1.513862e+38   8.744011e+05   9347s
 1299326   -8.3988456e+35   6.438141e+38   8.398846e+05   9356s
 1299486   -8.2055685e+35   1.415205e+39   8.205568e+05   9366s
 1299666   -7.8558207e+35   1.427397e+38   7.855821e+05   9384s
 1299866   -7.5491600e+35   7.977351e+37   7.549160e+05   9394s
 1300046   -7.3094918e+35   3.736056e+38   7.309492e+05   9404s
 1300246   -7.0492213e+35   6.330911e+38   7.049221e+05   9414s
 1300466   -6.4216915e+35   1.863924e+38   6.421692e+05   9424s
 1300646   -5.7617901e+35   7.671551e+39   5.761790e+05   9433s
 1300856   -5.3744547e+35   1.685584e+38   5.374455e+05   9442s
 1301146   -4.8811968e+35   5.352247e+37   4.881197e+05   9460s
 1301346   -4.6617251e+35   1.529743e+38   4.661725e+05   9469s
 1301606   -4.4376152e+35   6.808931e+36   4.437615e+05   9480s
 1301866   -4.2360798e+35   2.559366e+39   4.236080e+05   9490s
 1302086   -3.9826012e+35   8.757172e+38   3.982601e+05   9499s
 1302819   -3.8889757e+35   7.406896e+36   3.888976e+05   9507s
 1302989   -3.7882905e+35   6.322160e+38   3.788291e+05   9517s
 1303239   -3.4437585e+35   9.316575e+38   3.443759e+05   9527s
 1303409   -3.2557030e+35   1.088191e+38   3.255703e+05   9536s
 1303649   -3.1118569e+35   7.487077e+37   3.111857e+05   9546s
 1304029   -3.0172015e+35   5.072434e+37   3.017201e+05   9556s
 1304762   -2.9582033e+35   6.686208e+38   2.958203e+05   9564s
 1305502   -2.9267835e+35   5.888373e+38   2.926783e+05   9565s
 1309276   -2.4949251e+35   3.103957e+37   2.494925e+05   9579s
 1310009   -2.4048872e+35   2.537192e+37   2.404887e+05   9584s
 1310742   -2.3814440e+35   7.946578e+38   2.381444e+05   9587s
 1312843   -2.2763357e+35   9.400480e+37   2.276336e+05   9599s
 1313093   -2.1539983e+35   1.251524e+38   2.153998e+05   9610s
 1313353   -2.0170334e+35   3.666200e+38   2.017033e+05   9619s
 1314086   -1.9572043e+35   1.108606e+38   1.957204e+05   9624s
 1314819   -1.9270604e+35   7.402627e+37   1.927060e+05   9628s
 1315239   -1.8412471e+35   1.714967e+37   1.841247e+05   9637s
 1315972   -1.8075595e+35   4.606906e+37   1.807559e+05   9641s
 1317438   -1.7509552e+35   5.298998e+37   1.750955e+05   9646s
 1318904   -1.7329907e+35   1.435038e+38   1.732991e+05   9650s
 1320370   -1.6778084e+35   6.851865e+37   1.677808e+05   9655s
 1321103   -1.6042916e+35   7.211873e+38   1.604292e+05   9664s
 1321836   -1.5714057e+35   6.327899e+38   1.571406e+05   9671s
 1322569   -1.5507450e+35   3.305547e+37   1.550745e+05   9677s
 1324388   -1.4432556e+35   5.019742e+38   1.443256e+05   9686s
 1325121   -1.3218200e+35   3.907558e+38   1.321820e+05   9694s
 1325461   -1.1589642e+35   3.586453e+37   1.158964e+05   9702s
 1326194   -1.0325895e+35   2.635676e+38   1.032590e+05   9710s
 1326927   -9.6753553e+34   3.756642e+37   9.675355e+04   9717s
 1327660   -9.3308109e+34   5.376618e+37   9.330811e+04   9721s
 1328393   -8.7493009e+34   8.431631e+37   8.749301e+04   9729s
 1328593   -7.5351725e+34   6.521111e+38   7.535173e+04   9741s
 1328823   -5.8745404e+34   7.484850e+36   5.874540e+04   9751s
 1329043   -4.9181645e+34   2.108867e+39   4.918165e+04   9760s
 1329353   -4.1998947e+34   2.284397e+39   4.199895e+04   9770s
 1330086   -4.0545225e+34   3.511038e+38   4.054523e+04   9772s
 1330316   -3.5023499e+34   1.107441e+38   3.502350e+04   9781s
 1330706   -3.1074284e+34   5.950419e+37   3.107428e+04   9791s
 1331056   -2.8575640e+34   7.206092e+36   2.857564e+04   9801s
 1331256   -2.5934124e+34   2.732113e+37   2.593412e+04   9811s
 1331796   -2.2789342e+34   1.349307e+37   2.278934e+04   9820s
 1332529   -1.9745497e+34   3.718672e+39   1.974550e+04   9828s
 1333249   -1.7360128e+34   1.386759e+38   1.736013e+04   9837s
 1334715   -1.4854241e+34   9.161800e+35   1.485424e+04   9844s
 1335448   -1.4070258e+34   9.592844e+37   1.407026e+04   9848s
 1336181   -1.2682694e+34   3.029265e+37   1.268269e+04   9856s
 1336861   -1.1618812e+34   2.754631e+37   1.161881e+04   9865s
 1337191   -1.0841463e+34   3.534405e+35   1.084146e+04   9875s
 1337791   -9.6862560e+33   1.133770e+36   9.686256e+03   9884s
 1338411   -8.5591094e+33   3.808904e+36   8.559109e+03   9892s
 1338701   -8.1514928e+33   1.007556e+37   8.151493e+03   9900s
 1339434   -6.1908871e+33   1.167830e+35   6.190887e+03   9903s
 1340167   -5.1075728e+33   1.193010e+35   5.107573e+03   9908s
 1340567   -4.4921625e+33   1.483691e+38   4.492162e+03   9917s
 1341017   -4.1069862e+33   6.052907e+37   4.106986e+03   9926s
 1341707   -3.3588211e+33   8.784669e+36   3.358821e+03   9935s
 1342407   -1.6138507e+33   7.298953e+34   1.613851e+03   9944s
 1343117   -8.0320470e+32   2.309201e+37   8.032047e+02   9957s
 1343850   -2.1395797e+32   2.624826e+33   2.139580e+02   9965s
 1344583   -6.1258990e+31   2.846146e+32   6.125899e+01   9970s
 1345155    5.2208583e+09   2.392096e+11   0.000000e+00   9982s
 1345888    5.2777740e+09   3.863238e+11   0.000000e+00   9986s
 1347354    5.3051608e+09   7.233464e+11   0.000000e+00   9991s
 1349553    5.3200167e+09   6.129598e+11   0.000000e+00   9996s
 1351752    5.3312922e+09   2.905199e+10   0.000000e+00  10006s
 1352485    5.3552810e+09   2.795672e+11   0.000000e+00  10013s
 1353218    5.3587993e+09   3.311281e+11   0.000000e+00  10025s
 1353951    5.3626623e+09   4.212298e+11   0.000000e+00  10027s
 1357036    5.3683736e+09   9.164513e+10   0.000000e+00  10031s
 1359366    5.3750693e+09   1.970607e+10   0.000000e+00  10042s
 1360046    5.3796146e+09   4.657935e+10   0.000000e+00  10051s
 1360779    5.3842495e+09   1.402031e+11   0.000000e+00  10055s
 1362751    5.3869738e+09   5.281061e+11   0.000000e+00  10062s
 1364297    5.3929259e+09   2.792243e+10   0.000000e+00  10065s
 1364707    5.4020904e+09   1.284689e+11   0.000000e+00  10076s
 1365440    5.4126528e+09   4.408642e+10   0.000000e+00  10083s
 1366173    5.4150337e+09   1.374947e+11   0.000000e+00  10086s
 1368108    5.4188916e+09   1.484552e+11   0.000000e+00  10091s
 1370492    5.4218522e+09   5.458196e+09   0.000000e+00  10095s
 1370862    5.4251756e+09   1.987181e+10   0.000000e+00  10105s
 1371595    5.4261746e+09   5.329642e+11   0.000000e+00  10111s
 1374247    5.4283670e+09   8.275308e+10   0.000000e+00  10117s
 1374980    5.4298548e+09   1.537948e+12   0.000000e+00  10120s
 1378366    5.4336092e+09   1.016081e+10   0.000000e+00  10132s
 1379099    5.4369026e+09   5.097439e+10   0.000000e+00  10141s
 1380565    5.4393085e+09   2.844009e+09   0.000000e+00  10147s
 1382764    5.4396982e+09   4.550109e+11   0.000000e+00  10151s
 1384709    5.4445238e+09   1.048336e+12   0.000000e+00  10160s
 1386175    5.4460360e+09   1.806782e+11   0.000000e+00  10167s
 1387739    5.4484079e+09   1.328075e+09   0.000000e+00  10171s
 1391538    5.4511743e+09   6.101371e+10   0.000000e+00  10182s
 1392078    5.4525368e+09   2.433211e+10   0.000000e+00  10191s
 1392811    5.4531656e+09   2.466182e+10   0.000000e+00  10195s
 1396644    5.4538691e+09   3.750862e+10   0.000000e+00  10201s
 1397377    5.4552044e+09   2.717417e+10   0.000000e+00  10208s
 1398110    5.4562737e+09   5.961149e+11   0.000000e+00  10216s
 1398843    5.4570164e+09   3.814331e+10   0.000000e+00  10222s
 1399576    5.4575972e+09   2.684458e+11   0.000000e+00  10227s
 1403142    5.4582742e+09   2.362097e+09   0.000000e+00  10230s
 1403362    5.4592258e+09   1.517002e+11   0.000000e+00  10240s
 1404095    5.4600120e+09   5.826855e+10   0.000000e+00  10248s
 1404828    5.4619320e+09   4.070749e+09   0.000000e+00  10252s
 1405561    5.4622865e+09   8.087887e+09   0.000000e+00  10258s
 1406294    5.4626071e+09   1.298592e+10   0.000000e+00  10263s
 1407027    5.4626820e+09   7.630753e+09   0.000000e+00  10266s
 1407607    5.4635648e+09   1.991136e+10   0.000000e+00  10276s
 1408340    5.4641031e+09   3.261562e+09   0.000000e+00  10283s
 1409073    5.4645998e+09   1.799754e+10   0.000000e+00  10291s
 1413256    5.4670317e+09   5.253861e+10   0.000000e+00  10309s
 1413986    5.4679031e+09   7.210935e+10   0.000000e+00  10319s
 1414246    5.4688708e+09   5.498206e+09   0.000000e+00  10329s
 1414456    5.4713175e+09   6.304577e+09   0.000000e+00  10339s
 1414716    5.4723685e+09   1.738901e+09   0.000000e+00  10349s
 1415146    5.4729467e+09   1.466567e+10   0.000000e+00  10359s
 1415506    5.4737242e+09   5.088140e+09   0.000000e+00  10368s
 1415696    5.4750791e+09   9.258599e+11   0.000000e+00  10378s
 1416429    5.4758419e+09   1.365710e+10   0.000000e+00  10387s
 1418566    5.4767572e+09   4.390094e+10   0.000000e+00  10392s
 1420032    5.4793092e+09   4.665182e+10   0.000000e+00  10398s
 1420765    5.4800114e+09   5.958638e+11   0.000000e+00  10401s
 1420935    5.4857601e+09   4.623903e+09   0.000000e+00  10411s
 1421225    5.4874015e+09   1.835700e+12   0.000000e+00  10421s
 1421958    5.4887504e+09   2.718200e+11   0.000000e+00  10427s
 1423424    5.4890875e+09   3.877980e+11   0.000000e+00  10432s
 1424157    5.4891735e+09   8.617786e+10   0.000000e+00  10436s
 1424437    5.4899331e+09   5.999163e+10   0.000000e+00  10446s
 1425087    5.4933802e+09   1.108471e+10   0.000000e+00  10456s
 1425820    5.4950282e+09   1.503550e+09   0.000000e+00  10465s
 1426290    5.4954806e+09   7.634360e+09   0.000000e+00  10475s
 1426500    5.4959428e+09   2.294177e+09   0.000000e+00  10485s
 1427233    5.4989446e+09   1.558128e+10   0.000000e+00  10494s
 1427966    5.4994952e+09   1.089346e+10   0.000000e+00  10498s
 1429472    5.4999402e+09   5.356269e+09   0.000000e+00  10501s
 1430205    5.5006509e+09   2.478954e+10   0.000000e+00  10507s
 1430938    5.5008517e+09   2.369178e+10   0.000000e+00  10516s
 1431528    5.5011067e+09   1.404515e+10   0.000000e+00  10526s
 1432261    5.5011771e+09   1.697220e+09   0.000000e+00  10531s
 1432994    5.5013273e+09   3.849798e+09   0.000000e+00  10536s
 1433727    5.5015247e+09   2.865633e+10   0.000000e+00  10541s
 1434460    5.5016266e+09   8.417207e+10   0.000000e+00  10547s
 1434610    5.5019109e+09   9.625281e+09   0.000000e+00  10557s
 1435343    5.5025585e+09   6.026332e+09   0.000000e+00  10565s
 1436809    5.5027527e+09   4.284161e+09   0.000000e+00  10573s
 1437542    5.5030029e+09   9.798553e+09   0.000000e+00  10580s
 1437912    5.5034342e+09   1.449118e+10   0.000000e+00  10600s
 1438432    5.5035760e+09   8.462489e+09   0.000000e+00  10609s
 1439132    5.5037032e+09   5.401000e+09   0.000000e+00  10619s
 1439865    5.5037573e+09   9.755721e+09   0.000000e+00  10624s
 1440635    5.5038113e+09   7.639661e+08   0.000000e+00  10625s
 1440805    5.5040388e+09   1.371694e+10   0.000000e+00  10635s
 1441245    5.5042277e+09   1.114658e+10   0.000000e+00  10645s
 1441555    5.5043646e+09   3.447484e+09   0.000000e+00  10655s
 1441995    5.5046247e+09   4.579280e+10   0.000000e+00  10666s
 1442245    5.5047925e+09   2.180502e+11   0.000000e+00  10677s
 1442725    5.5048967e+09   1.796504e+10   0.000000e+00  10687s
 1443458    5.5049947e+09   1.230650e+10   0.000000e+00  10696s
 1446853    5.5051922e+09   9.597477e+10   0.000000e+00  10708s
 1447183    5.5053938e+09   2.577284e+09   0.000000e+00  10718s
 1447473    5.5058829e+09   9.467368e+09   0.000000e+00  10738s
 1447913    5.5061004e+09   6.938528e+09   0.000000e+00  10748s
 1448173    5.5063559e+09   4.589609e+10   0.000000e+00  10758s
 1448906    5.5064663e+09   7.114365e+09   0.000000e+00  10765s
 1450726    5.5066919e+09   6.408076e+09   0.000000e+00  10770s
 1452692    5.5074722e+09   1.167476e+10   0.000000e+00  10782s
 1453142    5.5077424e+09   1.787983e+10   0.000000e+00  10793s
 1453512    5.5080409e+09   2.704300e+10   0.000000e+00  10803s
 1454245    5.5084069e+09   2.368750e+10   0.000000e+00  10815s
 1454475    5.5089576e+09   1.735037e+10   0.000000e+00  10825s
 1455208    5.5096747e+09   2.052960e+11   0.000000e+00  10831s
 1456674    5.5101685e+09   4.069006e+10   0.000000e+00  10836s
 1457244    5.5105528e+09   8.738020e+08   0.000000e+00  10845s
 1457977    5.5106855e+09   1.545908e+09   0.000000e+00  10849s
 1458397    5.5109765e+09   1.577558e+09   0.000000e+00  10859s
 1459130    5.5111478e+09   1.127085e+10   0.000000e+00  10865s
 1459460    5.5113379e+09   1.584407e+09   0.000000e+00  10875s
 1459880    5.5117753e+09   3.871203e+10   0.000000e+00  10884s
 1460613    5.5120350e+09   1.808531e+10   0.000000e+00  10891s
 1461346    5.5122117e+09   2.856054e+10   0.000000e+00  10898s
 1461746    5.5123308e+09   7.383317e+09   0.000000e+00  10906s
 1461916    5.5126017e+09   1.035373e+10   0.000000e+00  10914s
 1462406    5.5128818e+09   4.902639e+09   0.000000e+00  10925s
 1462596    5.5131313e+09   2.261157e+10   0.000000e+00  10934s
 1462916    5.5137890e+09   5.093552e+10   0.000000e+00  10944s
 1463336    5.5142468e+09   2.563453e+10   0.000000e+00  10953s
 1463716    5.5146080e+09   1.374040e+11   0.000000e+00  10961s
 1464056    5.5151117e+09   4.445283e+10   0.000000e+00  10969s
 1464366    5.5156696e+09   2.101768e+10   0.000000e+00  10978s
 1464786    5.5175654e+09   1.345591e+11   0.000000e+00  10987s
 1465519    5.5181792e+09   4.680993e+11   0.000000e+00  10997s
 1469045    5.5186437e+09   8.863592e+10   0.000000e+00  11000s
 1470408    5.5191043e+09   4.492086e+11   0.000000e+00  11012s
 1470808    5.5192269e+09   3.285112e+11   0.000000e+00  11022s
 1471108    5.5194282e+09   1.004097e+09   0.000000e+00  11031s
 1471328    5.5199443e+09   1.754120e+10   0.000000e+00  11041s
 1472061    5.5201951e+09   3.367606e+10   0.000000e+00  11048s
 1473527    5.5217561e+09   3.665018e+10   0.000000e+00  11051s
 1474993    5.5220702e+09   5.401889e+09   0.000000e+00  11057s
 1475193    5.5222074e+09   2.788546e+09   0.000000e+00  11065s
 1475573    5.5224324e+09   9.203587e+09   0.000000e+00  11074s
 1476033    5.5225534e+09   1.644222e+09   0.000000e+00  11084s
 1476263    5.5226449e+09   1.046526e+09   0.000000e+00  11094s
 1476463    5.5228533e+09   6.577328e+10   0.000000e+00  11103s
 1476823    5.5229991e+09   6.008281e+10   0.000000e+00  11112s
 1477263    5.5231938e+09   3.121110e+09   0.000000e+00  11123s
 1477996    5.5234744e+09   5.947686e+09   0.000000e+00  11131s
 1478729    5.5235498e+09   3.237792e+10   0.000000e+00  11139s
 1479462    5.5236101e+09   4.038786e+10   0.000000e+00  11145s
 1480928    5.5236378e+09   2.685133e+10   0.000000e+00  11151s
 1481138    5.5237424e+09   5.178788e+10   0.000000e+00  11161s
 1481458    5.5238182e+09   5.825187e+09   0.000000e+00  11170s
 1481818    5.5239149e+09   2.127922e+10   0.000000e+00  11179s
 1482018    5.5240525e+09   7.336174e+09   0.000000e+00  11189s
 1482338    5.5241847e+09   2.440058e+09   0.000000e+00  11199s
 1482608    5.5243664e+09   5.125991e+08   0.000000e+00  11210s
 1482808    5.5249110e+09   4.559257e+09   0.000000e+00  11219s
 1483258    5.5250716e+09   2.363251e+10   0.000000e+00  11228s
 1483808    5.5251468e+09   1.613354e+09   0.000000e+00  11238s
 1484028    5.5253138e+09   2.117934e+10   0.000000e+00  11247s
 1484468    5.5254970e+09   7.243528e+10   0.000000e+00  11257s
 1484918    5.5258438e+09   2.608720e+09   0.000000e+00  11268s
 1485651    5.5262275e+09   9.387606e+09   0.000000e+00  11278s
 1486384    5.5263936e+09   4.599848e+09   0.000000e+00  11281s
 1487117    5.5264900e+09   3.234711e+09   0.000000e+00  11286s
 1487837    5.5266407e+09   2.766863e+10   0.000000e+00  11296s
 1488037    5.5268282e+09   9.633260e+09   0.000000e+00  11306s
 1488597    5.5270115e+09   4.467082e+08   0.000000e+00  11315s
 1489107    5.5271472e+09   2.230916e+09   0.000000e+00  11327s
 1489397    5.5272427e+09   3.619764e+09   0.000000e+00  11337s
 1490130    5.5277037e+09   1.547644e+09   0.000000e+00  11346s
 1490863    5.5280415e+09   4.370231e+09   0.000000e+00  11352s
 1491596    5.5282855e+09   1.296399e+09   0.000000e+00  11355s
 1493062    5.5284359e+09   9.986611e+08   0.000000e+00  11364s
 1493362    5.5286100e+09   4.131513e+10   0.000000e+00  11368s
 1494095    5.5287453e+09   1.419714e+10   0.000000e+00  11382s
 1494828    5.5289141e+09   4.683194e+10   0.000000e+00  11387s
 1495561    5.5292826e+09   7.930717e+11   0.000000e+00  11393s
 1496377    5.5293013e+09   1.195171e+11   0.000000e+00  11395s
 1497600    5.5297428e+09   1.525308e+10   0.000000e+00  11408s
 1498270    5.5301286e+09   1.772353e+10   0.000000e+00  11417s
 1498590    5.5301919e+09   1.329617e+10   0.000000e+00  11427s
 1499120    5.5302918e+09   3.888768e+09   0.000000e+00  11437s
 1499360    5.5303212e+09   3.074210e+09   0.000000e+00  11447s
 1499620    5.5304276e+09   7.734644e+10   0.000000e+00  11456s
 1499970    5.5306764e+09   6.304066e+09   0.000000e+00  11466s
 1500260    5.5307800e+09   3.386303e+10   0.000000e+00  11475s
 1500560    5.5308258e+09   3.036490e+10   0.000000e+00  11484s
 1500920    5.5308875e+09   2.567683e+09   0.000000e+00  11494s
 1501540    5.5311937e+09   2.266004e+11   0.000000e+00  11504s
 1502160    5.5312297e+09   1.966833e+10   0.000000e+00  11513s
 1502550    5.5313293e+09   2.748580e+08   0.000000e+00  11523s
 1502970    5.5314185e+09   3.875719e+10   0.000000e+00  11533s
 1503490    5.5314866e+09   1.852901e+10   0.000000e+00  11543s
 1503830    5.5315947e+09   1.361559e+10   0.000000e+00  11553s
 1504290    5.5317033e+09   1.193096e+10   0.000000e+00  11562s
 1504620    5.5317618e+09   1.372076e+10   0.000000e+00  11572s
 1505353    5.5318303e+09   3.412496e+08   0.000000e+00  11578s
 1505843    5.5318732e+09   2.510162e+09   0.000000e+00  11590s
 1506353    5.5319531e+09   4.002216e+10   0.000000e+00  11600s
 1507023    5.5323124e+09   7.957363e+10   0.000000e+00  11610s
 1507473    5.5323547e+09   2.743514e+09   0.000000e+00  11620s
 1507883    5.5324140e+09   5.260391e+10   0.000000e+00  11629s
 1508616    5.5324640e+09   3.313141e+09   0.000000e+00  11636s
 1508946    5.5325027e+09   1.017042e+10   0.000000e+00  11645s
 1509486    5.5325264e+09   1.563686e+09   0.000000e+00  11656s
 1509786    5.5325390e+09   5.813427e+08   0.000000e+00  11666s
 1510056    5.5326432e+09   1.553364e+10   0.000000e+00  11676s
 1510306    5.5326906e+09   3.055812e+10   0.000000e+00  11686s
 1510726    5.5327807e+09   1.227942e+11   0.000000e+00  11694s
 1511459    5.5328206e+09   5.275170e+09   0.000000e+00  11703s
 1512192    5.5328493e+09   1.815407e+10   0.000000e+00  11707s
 1512472    5.5328984e+09   2.580922e+10   0.000000e+00  11716s
 1512792    5.5329587e+09   3.936876e+08   0.000000e+00  11736s
 1513002    5.5330825e+09   3.970770e+09   0.000000e+00  11746s
 1513372    5.5332959e+09   2.047846e+09   0.000000e+00  11755s
 1513782    5.5334370e+09   3.342974e+09   0.000000e+00  11763s
 1514492    5.5335415e+09   9.555930e+08   0.000000e+00  11772s
 1514772    5.5336558e+09   2.369710e+10   0.000000e+00  11780s
 1515212    5.5340805e+09   9.478391e+09   0.000000e+00  11788s
 1515522    5.5341665e+09   2.488545e+09   0.000000e+00  11798s
 1516232    5.5344127e+09   4.410348e+10   0.000000e+00  11811s
 1516965    5.5347456e+09   1.437982e+09   0.000000e+00  11816s
 1520714    5.5358834e+09   4.075019e+11   0.000000e+00  11827s
 1521374    5.5359840e+09   2.649439e+10   0.000000e+00  11837s
 1521924    5.5360687e+09   1.598723e+10   0.000000e+00  11845s
 1522394    5.5361276e+09   9.480632e+08   0.000000e+00  11853s
 1522794    5.5362410e+09   1.403155e+09   0.000000e+00  11863s
 1523194    5.5362901e+09   3.437072e+09   0.000000e+00  11873s
 1523484    5.5363738e+09   9.292102e+09   0.000000e+00  11884s
 1523754    5.5365597e+09   6.582074e+10   0.000000e+00  11893s
 1524294    5.5368211e+09   4.627434e+09   0.000000e+00  11901s
 1524614    5.5370329e+09   9.283857e+09   0.000000e+00  11909s
 1525184    5.5371007e+09   2.531098e+09   0.000000e+00  11917s
 1525434    5.5371461e+09   3.533249e+08   0.000000e+00  11925s
 1525824    5.5372248e+09   2.985869e+09   0.000000e+00  11935s
 1526557    5.5372604e+09   1.407254e+10   0.000000e+00  11952s
 1527057    5.5373055e+09   4.755166e+09   0.000000e+00  11961s
 1527790    5.5373476e+09   2.516665e+09   0.000000e+00  11969s
 1528060    5.5374058e+09   1.399090e+09   0.000000e+00  11977s
 1528450    5.5374509e+09   3.106391e+09   0.000000e+00  11986s
 1528840    5.5374990e+09   1.840119e+10   0.000000e+00  11995s
 1529120    5.5375695e+09   1.021256e+10   0.000000e+00  12005s
 1529870    5.5378348e+09   7.256074e+09   0.000000e+00  12022s
 1530603    5.5392323e+09   1.235917e+10   0.000000e+00  12029s
 1532069    5.5394120e+09   1.762033e+09   0.000000e+00  12032s
 1532669    5.5394881e+09   3.328923e+08   0.000000e+00  12041s
 1532979    5.5395831e+09   1.909253e+09   0.000000e+00  12048s
 1533329    5.5396226e+09   1.557345e+08   0.000000e+00  12057s
 1533619    5.5396696e+09   3.819618e+10   0.000000e+00  12066s
 1533889    5.5397175e+09   1.898835e+09   0.000000e+00  12076s
 1534349    5.5397822e+09   2.480445e+09   0.000000e+00  12086s
 1534579    5.5398297e+09   1.075447e+09   0.000000e+00  12096s
 1535189    5.5398762e+09   4.804354e+09   0.000000e+00  12104s
 1535549    5.5399602e+09   3.104472e+09   0.000000e+00  12114s
 1536039    5.5400084e+09   8.521634e+09   0.000000e+00  12124s
 1536379    5.5400428e+09   2.461472e+08   0.000000e+00  12134s
 1536589    5.5401077e+09   1.281213e+10   0.000000e+00  12144s
 1536929    5.5401731e+09   2.782341e+09   0.000000e+00  12154s
 1537479    5.5403067e+09   3.084396e+09   0.000000e+00  12163s
 1538212    5.5404013e+09   5.659153e+08   0.000000e+00  12170s
 1538752    5.5404871e+09   3.621201e+10   0.000000e+00  12178s
 1539485    5.5405871e+09   1.265853e+10   0.000000e+00  12183s
 1540015    5.5406325e+09   3.467744e+09   0.000000e+00  12191s
 1540395    5.5406753e+09   9.813535e+09   0.000000e+00  12202s
 1541128    5.5407818e+09   9.821392e+08   0.000000e+00  12211s
 1541548    5.5408241e+09   9.707722e+09   0.000000e+00  12220s
 1541958    5.5408518e+09   4.178345e+08   0.000000e+00  12230s
 1542268    5.5408794e+09   1.648406e+09   0.000000e+00  12239s
 1542478    5.5409318e+09   9.610679e+09   0.000000e+00  12247s
 1542808    5.5410080e+09   1.336642e+09   0.000000e+00  12256s
 1543188    5.5410501e+09   5.095614e+09   0.000000e+00  12266s
 1543438    5.5410871e+09   2.166066e+10   0.000000e+00  12275s
 1543898    5.5411181e+09   2.373774e+10   0.000000e+00  12286s
 1544168    5.5411595e+09   3.852615e+08   0.000000e+00  12295s
 1544678    5.5412479e+09   6.136481e+08   0.000000e+00  12303s
 1544988    5.5412856e+09   1.187162e+09   0.000000e+00  12312s
 1545721    5.5413764e+09   5.178165e+09   0.000000e+00  12319s
 1546271    5.5414057e+09   1.867610e+10   0.000000e+00  12329s
 1546611    5.5414589e+09   1.685176e+10   0.000000e+00  12338s
 1547141    5.5415006e+09   8.081593e+09   0.000000e+00  12347s
 1547411    5.5415317e+09   1.714101e+10   0.000000e+00  12356s
 1547781    5.5416181e+09   1.178243e+09   0.000000e+00  12365s
 1548171    5.5416641e+09   1.055676e+10   0.000000e+00  12373s
 1548621    5.5416913e+09   3.501399e+09   0.000000e+00  12382s
 1548941    5.5417462e+09   1.650899e+09   0.000000e+00  12390s
 1549674    5.5418252e+09   7.452016e+08   0.000000e+00  12401s
 1550004    5.5418625e+09   2.473027e+09   0.000000e+00  12411s
 1550364    5.5418877e+09   1.551592e+09   0.000000e+00  12422s
 1550724    5.5419325e+09   4.264842e+09   0.000000e+00  12432s
 1551444    5.5420129e+09   2.321981e+09   0.000000e+00  12441s
 1552177    5.5420560e+09   7.183511e+08   0.000000e+00  12446s
 1553767    5.5420776e+09   7.200801e+09   0.000000e+00  12451s
 1555090    5.5422611e+09   5.377178e+08   0.000000e+00  12463s
 1555823    5.5423400e+09   1.780358e+10   0.000000e+00  12470s
 1556443    5.5423866e+09   4.652055e+10   0.000000e+00  12480s
 1556853    5.5424135e+09   1.186550e+10   0.000000e+00  12489s
 1557323    5.5424648e+09   1.493914e+10   0.000000e+00  12497s
 1557863    5.5425064e+09   6.677532e+08   0.000000e+00  12506s
 1558103    5.5425229e+09   1.413984e+09   0.000000e+00  12514s
 1558563    5.5425615e+09   2.028279e+09   0.000000e+00  12524s
 1558853    5.5425944e+09   8.340512e+09   0.000000e+00  12535s
 1559253    5.5426585e+09   1.829897e+10   0.000000e+00  12545s
 1559986    5.5429070e+09   1.853495e+09   0.000000e+00  12551s
 1560719    5.5430076e+09   2.830207e+09   0.000000e+00  12558s
 1561309    5.5430756e+09   2.063097e+10   0.000000e+00  12567s
 1563020    5.5432240e+09   2.755982e+10   0.000000e+00  12574s
 1563280    5.5432719e+09   3.074331e+09   0.000000e+00  12583s
 1564013    5.5433721e+09   3.213809e+10   0.000000e+00  12588s
 1564723    5.5434545e+09   3.144226e+10   0.000000e+00  12598s
 1565443    5.5435316e+09   2.015293e+09   0.000000e+00  12607s
 1566176    5.5437153e+09   5.913432e+09   0.000000e+00  12613s
 1566909    5.5438293e+09   2.068013e+10   0.000000e+00  12616s
 1567642    5.5438927e+09   2.566562e+09   0.000000e+00  12621s
 1568375    5.5439090e+09   2.649779e+09   0.000000e+00  12626s
 1569841    5.5439322e+09   3.266872e+08   0.000000e+00  12632s
 1570431    5.5439865e+09   3.128402e+10   0.000000e+00  12641s
 1570901    5.5440035e+09   1.800008e+09   0.000000e+00  12657s
 1571634    5.5440474e+09   6.678438e+08   0.000000e+00  12666s
 1571944    5.5441000e+09   6.699358e+08   0.000000e+00  12677s
 1572344    5.5441614e+09   9.937270e+09   0.000000e+00  12687s
 1572864    5.5442728e+09   4.374396e+08   0.000000e+00  12696s
 1573154    5.5443172e+09   1.174080e+10   0.000000e+00  12704s
 1573794    5.5443462e+09   1.074366e+11   0.000000e+00  12712s
 1575830    5.5443771e+09   2.654722e+11   0.000000e+00  12725s
 1576883    5.5444212e+09   3.056385e+11   0.000000e+00  12726s
 1580072    5.5445173e+09   5.174793e+09   0.000000e+00  12739s
 1580382    5.5445359e+09   1.351516e+10   0.000000e+00  12751s
 1580782    5.5445540e+09   4.243695e+09   0.000000e+00  12761s
 1581292    5.5445770e+09   8.251650e+10   0.000000e+00  12770s
 1581742    5.5445896e+09   1.790967e+09   0.000000e+00  12780s
 1582432    5.5446293e+09   8.159029e+09   0.000000e+00  12785s
 1582802    5.5446437e+09   1.873053e+09   0.000000e+00  12804s
 1583122    5.5446760e+09   7.797209e+08   0.000000e+00  12818s
 1583722    5.5447093e+09   2.278293e+09   0.000000e+00  12829s
 1584002    5.5447403e+09   2.135498e+08   0.000000e+00  12838s
 1584392    5.5447700e+09   4.245120e+09   0.000000e+00  12848s
 1585082    5.5448129e+09   7.012869e+08   0.000000e+00  12858s
 1585392    5.5448320e+09   1.814177e+10   0.000000e+00  12868s
 1585632    5.5448452e+09   4.596563e+08   0.000000e+00  12879s
 1585892    5.5448710e+09   6.618820e+09   0.000000e+00  12889s
 1586342    5.5449158e+09   2.294659e+09   0.000000e+00  12899s
 1586632    5.5449323e+09   2.190631e+09   0.000000e+00  12909s
 1587122    5.5449650e+09   1.466048e+10   0.000000e+00  12918s
 1587532    5.5449945e+09   2.621659e+08   0.000000e+00  12928s
 1587942    5.5450190e+09   4.942195e+09   0.000000e+00  12938s
 1588292    5.5450324e+09   1.197852e+10   0.000000e+00  12949s
 1588792    5.5450492e+09   3.767311e+08   0.000000e+00  12958s
 1589372    5.5450708e+09   3.197773e+10   0.000000e+00  12967s
 1589762    5.5450816e+09   3.436278e+08   0.000000e+00  12976s
 1590112    5.5450996e+09   4.941112e+09   0.000000e+00  12985s
 1590845    5.5451213e+09   5.208081e+09   0.000000e+00  12994s
 1591578    5.5451314e+09   2.447562e+09   0.000000e+00  13003s
 1591918    5.5451492e+09   4.665686e+09   0.000000e+00  13015s
 1592268    5.5451669e+09   4.999436e+08   0.000000e+00  13024s
 1592608    5.5452008e+09   1.395742e+08   0.000000e+00  13034s
 1593008    5.5452487e+09   5.603381e+10   0.000000e+00  13044s
 1593741    5.5453050e+09   1.861039e+10   0.000000e+00  13051s
 1594474    5.5453204e+09   4.414560e+10   0.000000e+00  13056s
 1594764    5.5453336e+09   1.613241e+09   0.000000e+00  13066s
 1595334    5.5453468e+09   1.074791e+09   0.000000e+00  13087s
 1595594    5.5453596e+09   1.712363e+10   0.000000e+00  13096s
 1595944    5.5453777e+09   3.108173e+10   0.000000e+00  13106s
 1596394    5.5453883e+09   8.879983e+08   0.000000e+00  13115s
 1596794    5.5454146e+09   3.986411e+09   0.000000e+00  13125s
 1597214    5.5454535e+09   9.642087e+09   0.000000e+00  13135s
 1597947    5.5454730e+09   2.759160e+09   0.000000e+00  13142s
 1598547    5.5454843e+09   6.433826e+09   0.000000e+00  13146s
 1598987    5.5455060e+09   3.027261e+09   0.000000e+00  13162s
 1599227    5.5455277e+09   3.755998e+10   0.000000e+00  13172s
 1599647    5.5455672e+09   5.530872e+10   0.000000e+00  13181s
 1600207    5.5456074e+09   3.520910e+10   0.000000e+00  13191s
 1600847    5.5456355e+09   1.767797e+09   0.000000e+00  13201s
 1601207    5.5456706e+09   8.948084e+09   0.000000e+00  13211s
 1601537    5.5456912e+09   5.557146e+09   0.000000e+00  13223s
 1601937    5.5457058e+09   2.825875e+09   0.000000e+00  13233s
 1602277    5.5457269e+09   6.764124e+09   0.000000e+00  13243s
 1602697    5.5457497e+09   3.673963e+10   0.000000e+00  13252s
 1603157    5.5457681e+09   2.891695e+09   0.000000e+00  13263s
 1603497    5.5457986e+09   2.750791e+08   0.000000e+00  13273s
 1604017    5.5458248e+09   1.297277e+09   0.000000e+00  13282s
 1604750    5.5458513e+09   3.969684e+09   0.000000e+00  13295s
 1605483    5.5458750e+09   7.875717e+08   0.000000e+00  13300s
 1605873    5.5458883e+09   1.579317e+09   0.000000e+00  13310s
 1606153    5.5459054e+09   4.717986e+08   0.000000e+00  13320s
 1606533    5.5459207e+09   1.168963e+10   0.000000e+00  13329s
 1606843    5.5459380e+09   5.129763e+08   0.000000e+00  13339s
 1607213    5.5459483e+09   7.836215e+09   0.000000e+00  13350s
 1607753    5.5459716e+09   3.043220e+09   0.000000e+00  13354s
 1608193    5.5459994e+09   2.942417e+08   0.000000e+00  13373s
 1608813    5.5460296e+09   9.887659e+08   0.000000e+00  13383s
 1609093    5.5460413e+09   5.600490e+09   0.000000e+00  13393s
 1609573    5.5460655e+09   6.295459e+07   0.000000e+00  13403s
 1610073    5.5460830e+09   7.136896e+08   0.000000e+00  13414s
 1610806    5.5461042e+09   2.612745e+09   0.000000e+00  13424s
 1611539    5.5461201e+09   8.350474e+08   0.000000e+00  13430s
 1612159    5.5461580e+09   3.395326e+09   0.000000e+00  13445s
 1612489    5.5461711e+09   3.724352e+08   0.000000e+00  13455s
 1612979    5.5461918e+09   1.797372e+10   0.000000e+00  13465s
 1613359    5.5462088e+09   1.626655e+10   0.000000e+00  13476s
 1613629    5.5462277e+09   1.000247e+09   0.000000e+00  13486s
 1614009    5.5462543e+09   1.252381e+09   0.000000e+00  13495s
 1614519    5.5462731e+09   1.588228e+10   0.000000e+00  13496s
 1614919    5.5462932e+09   7.529198e+09   0.000000e+00  13514s
 1615652    5.5463029e+09   1.353855e+11   0.000000e+00  13520s
 1616242    5.5463292e+09   4.320792e+08   0.000000e+00  13530s
 1616752    5.5463413e+09   4.264835e+10   0.000000e+00  13540s
 1617032    5.5463511e+09   2.037471e+09   0.000000e+00  13550s
 1617765    5.5463642e+09   1.893954e+11   0.000000e+00  13559s
 1618498    5.5463692e+09   1.421594e+10   0.000000e+00  13563s
 1618968    5.5464245e+09   6.459762e+09   0.000000e+00  13566s
 1619348    5.5464436e+09   6.508810e+09   0.000000e+00  13585s
 1619728    5.5464549e+09   4.199881e+10   0.000000e+00  13595s
 1620198    5.5464676e+09   2.784977e+10   0.000000e+00  13604s
 1620658    5.5464801e+09   1.008429e+10   0.000000e+00  13614s
 1621038    5.5464940e+09   9.796593e+09   0.000000e+00  13623s
 1621378    5.5465087e+09   2.228021e+09   0.000000e+00  13633s
 1621738    5.5465176e+09   1.090790e+08   0.000000e+00  13643s
 1622048    5.5465289e+09   4.209954e+09   0.000000e+00  13654s
 1622328    5.5465458e+09   3.938298e+09   0.000000e+00  13664s
 1622578    5.5465559e+09   1.290375e+09   0.000000e+00  13674s
 1622908    5.5465716e+09   1.080345e+08   0.000000e+00  13685s
 1623498    5.5465869e+09   1.404503e+10   0.000000e+00  13695s
 1623988    5.5466099e+09   1.576403e+09   0.000000e+00  13704s
 1624688    5.5466280e+09   2.780625e+10   0.000000e+00  13714s
 1625268    5.5466540e+09   8.609312e+10   0.000000e+00  13724s
 1625968    5.5467655e+09   1.295463e+09   0.000000e+00  13734s
 1626701    5.5469668e+09   5.962686e+13   0.000000e+00  13738s
 1628424    5.5470310e+09   1.156835e+12   0.000000e+00  13742s
 1634613    5.5472084e+09   5.397117e+09   0.000000e+00  13754s
 1635346    5.5472556e+09   5.908190e+08   0.000000e+00  13762s
 1636079    5.5472764e+09   3.570588e+08   0.000000e+00  13768s
 1636449    5.5472880e+09   5.407281e+09   0.000000e+00  13779s
 1636779    5.5472997e+09   2.732543e+08   0.000000e+00  13789s
 1637179    5.5473098e+09   4.015074e+08   0.000000e+00  13798s
 1637912    5.5473315e+09   1.931072e+08   0.000000e+00  13807s
 1638582    5.5473522e+09   8.056063e+07   0.000000e+00  13816s
 1639062    5.5473672e+09   4.321137e+09   0.000000e+00  13825s
 1639552    5.5473983e+09   8.184543e+08   0.000000e+00  13835s
 1640285    5.5474235e+09   1.665754e+09   0.000000e+00  13845s
 1640825    5.5474515e+09   2.108923e+09   0.000000e+00  13855s
 1641445    5.5474879e+09   1.780226e+09   0.000000e+00  13865s
 1642025    5.5475163e+09   7.946991e+09   0.000000e+00  13874s
 1642545    5.5475492e+09   1.485621e+10   0.000000e+00  13884s
 1643278    5.5476134e+09   2.530860e+08   0.000000e+00  13889s
 1643848    5.5476861e+09   8.954085e+08   0.000000e+00  13898s
 1644581    5.5477080e+09   2.038634e+09   0.000000e+00  13903s
 1645314    5.5477414e+09   2.908457e+09   0.000000e+00  13906s
 1646047    5.5477792e+09   3.703285e+09   0.000000e+00  13910s
 1646607    5.5478074e+09   2.346153e+09   0.000000e+00  13920s
 1647340    5.5478239e+09   5.335525e+10   0.000000e+00  13923s
 1648073    5.5478313e+09   1.186508e+11   0.000000e+00  13926s
 1648683    5.5478817e+09   3.949144e+10   0.000000e+00  13935s
 1649253    5.5479047e+09   2.086323e+09   0.000000e+00  13945s
 1649653    5.5479297e+09   1.647422e+10   0.000000e+00  13955s
 1650273    5.5480042e+09   1.434096e+09   0.000000e+00  13964s
 1651006    5.5480206e+09   1.191269e+10   0.000000e+00  13967s
 1651739    5.5480347e+09   6.962776e+09   0.000000e+00  13970s
 1653247    5.5480599e+09   8.881463e+08   0.000000e+00  13977s
 1653980    5.5480764e+09   2.594699e+09   0.000000e+00  13983s
 1655446    5.5480888e+09   4.645950e+08   0.000000e+00  13987s
 1656179    5.5481183e+09   2.318828e+10   0.000000e+00  13996s
 1656849    5.5481344e+09   4.424102e+09   0.000000e+00  14009s
 1657582    5.5481655e+09   2.789765e+08   0.000000e+00  14017s
 1657912    5.5481807e+09   1.888832e+10   0.000000e+00  14026s
 1658212    5.5481982e+09   2.518567e+10   0.000000e+00  14034s
 1658562    5.5482105e+09   4.183768e+09   0.000000e+00  14043s
 1659295    5.5482230e+09   1.331016e+09   0.000000e+00  14046s
 1659695    5.5482384e+09   4.280177e+09   0.000000e+00  14055s
 1660005    5.5482545e+09   1.156163e+08   0.000000e+00  14063s
 1660425    5.5482652e+09   5.685042e+10   0.000000e+00  14073s
 1660945    5.5482771e+09   6.191750e+09   0.000000e+00  14084s
 1661365    5.5482878e+09   4.595842e+08   0.000000e+00  14093s
 1661855    5.5483191e+09   1.121583e+09   0.000000e+00  14101s
 1662315    5.5484233e+09   2.428835e+09   0.000000e+00  14110s
 1662795    5.5484406e+09   1.156924e+11   0.000000e+00  14120s
 1663045    5.5484535e+09   2.786809e+09   0.000000e+00  14129s
 1663625    5.5484767e+09   2.139701e+10   0.000000e+00  14137s
 1664095    5.5484888e+09   1.950842e+10   0.000000e+00  14147s
 1664515    5.5484966e+09   3.373948e+09   0.000000e+00  14157s
 1664895    5.5485095e+09   5.365631e+09   0.000000e+00  14166s
 1665195    5.5485168e+09   2.990205e+09   0.000000e+00  14176s
 1665745    5.5485318e+09   2.163341e+10   0.000000e+00  14187s
 1666478    5.5485430e+09   2.383045e+08   0.000000e+00  14194s
 1667211    5.5485490e+09   1.487356e+08   0.000000e+00  14197s
 1671923    5.5486314e+09   3.688199e+08   0.000000e+00  14201s
 1672656    5.5486787e+09   9.288002e+07   0.000000e+00  14207s
 1673076    5.5486871e+09   4.926368e+09   0.000000e+00  14218s
 1673496    5.5486982e+09   1.963922e+08   0.000000e+00  14227s
 1673836    5.5487172e+09   7.821289e+08   0.000000e+00  14237s
 1674166    5.5487298e+09   2.636376e+09   0.000000e+00  14248s
 1674516    5.5487352e+09   2.016805e+09   0.000000e+00  14259s
 1674846    5.5487550e+09   3.150549e+09   0.000000e+00  14269s
 1675226    5.5487657e+09   2.371252e+09   0.000000e+00  14280s
 1675526    5.5487879e+09   1.371339e+10   0.000000e+00  14288s
 1676259    5.5488097e+09   1.466043e+10   0.000000e+00  14295s
 1676859    5.5488173e+09   1.307321e+09   0.000000e+00  14304s
 1677209    5.5488293e+09   1.123527e+11   0.000000e+00  14314s
 1677589    5.5488325e+09   1.766916e+10   0.000000e+00  14324s
 1677939    5.5488386e+09   1.211364e+09   0.000000e+00  14333s
 1678329    5.5488477e+09   8.644465e+08   0.000000e+00  14344s
 1678799    5.5488597e+09   4.525249e+09   0.000000e+00  14363s
 1679129    5.5488676e+09   5.110556e+08   0.000000e+00  14372s
 1679519    5.5488773e+09   1.669920e+09   0.000000e+00  14382s
 1679919    5.5488872e+09   1.014696e+09   0.000000e+00  14392s
 1680309    5.5488933e+09   9.277477e+08   0.000000e+00  14402s
 1680709    5.5489070e+09   3.673917e+09   0.000000e+00  14412s
 1681079    5.5489185e+09   1.370698e+09   0.000000e+00  14422s
 1681389    5.5489254e+09   1.024349e+09   0.000000e+00  14436s
 1681789    5.5489359e+09   1.561067e+10   0.000000e+00  14447s
 1682139    5.5489428e+09   1.306651e+09   0.000000e+00  14457s
 1682569    5.5489581e+09   9.013569e+09   0.000000e+00  14466s
 1682949    5.5489792e+09   1.468828e+09   0.000000e+00  14475s
 1683469    5.5489996e+09   9.451343e+09   0.000000e+00  14484s
 1684202    5.5490251e+09   1.274952e+09   0.000000e+00  14492s
 1684872    5.5490614e+09   6.445043e+08   0.000000e+00  14501s
 1685302    5.5490867e+09   2.321819e+10   0.000000e+00  14509s
 1686035    5.5491521e+09   1.299594e+11   0.000000e+00  14515s
 1686635    5.5491674e+09   1.433051e+10   0.000000e+00  14526s
 1687035    5.5491804e+09   1.237761e+10   0.000000e+00  14535s
 1688501    5.5492112e+09   1.971070e+09   0.000000e+00  14544s
 1689051    5.5492854e+09   2.559255e+10   0.000000e+00  14554s
 1689784    5.5493003e+09   5.069401e+08   0.000000e+00  14562s
 1690214    5.5493125e+09   3.277205e+08   0.000000e+00  14571s
 1690564    5.5493248e+09   2.295168e+09   0.000000e+00  14583s
 1690904    5.5493329e+09   3.261079e+09   0.000000e+00  14593s
 1691174    5.5493428e+09   1.538074e+08   0.000000e+00  14602s
 1691584    5.5493546e+09   2.746888e+09   0.000000e+00  14612s
 1691934    5.5493680e+09   2.529280e+08   0.000000e+00  14622s
 1692284    5.5493727e+09   1.524660e+08   0.000000e+00  14631s
 1692604    5.5493831e+09   9.996147e+07   0.000000e+00  14648s
 1693064    5.5493895e+09   2.161192e+10   0.000000e+00  14658s
 1693354    5.5493944e+09   1.299197e+10   0.000000e+00  14667s
 1693634    5.5494012e+09   7.246969e+09   0.000000e+00  14677s
 1693904    5.5494045e+09   1.200421e+08   0.000000e+00  14687s
 1694324    5.5494119e+09   6.331383e+09   0.000000e+00  14697s
 1694644    5.5494223e+09   3.539688e+09   0.000000e+00  14716s
 1694964    5.5494340e+09   1.962444e+08   0.000000e+00  14726s
 1695294    5.5494421e+09   5.319040e+08   0.000000e+00  14736s
 1695664    5.5494524e+09   2.898166e+10   0.000000e+00  14746s
 1696004    5.5494584e+09   5.262806e+08   0.000000e+00  14755s
 1696344    5.5494668e+09   1.755340e+09   0.000000e+00  14765s
 1696604    5.5494711e+09   6.518893e+08   0.000000e+00  14774s
 1696954    5.5494759e+09   6.413511e+08   0.000000e+00  14794s
 1697687    5.5494881e+09   1.495636e+09   0.000000e+00  14803s
 1698420    5.5494974e+09   2.070325e+09   0.000000e+00  14809s
 1699153    5.5495079e+09   1.872564e+09   0.000000e+00  14813s
 1699886    5.5495411e+09   6.060803e+08   0.000000e+00  14815s
 1701352    5.5495883e+09   2.688363e+08   0.000000e+00  14826s
 1702052    5.5496047e+09   7.420682e+09   0.000000e+00  14835s
 1702412    5.5496087e+09   5.818718e+10   0.000000e+00  14845s
 1702742    5.5496153e+09   1.408230e+08   0.000000e+00  14863s
 1703042    5.5496303e+09   6.110442e+10   0.000000e+00  14873s
 1703582    5.5496419e+09   1.775018e+08   0.000000e+00  14882s
 1704315    5.5496616e+09   1.459667e+09   0.000000e+00  14891s
 1704935    5.5496703e+09   1.129777e+09   0.000000e+00  14901s
 1705585    5.5496905e+09   1.536734e+10   0.000000e+00  14910s
 1706318    5.5497138e+09   3.055478e+08   0.000000e+00  14917s
 1706748    5.5497251e+09   5.028756e+08   0.000000e+00  14931s
 1707078    5.5497311e+09   1.026788e+10   0.000000e+00  14940s
 1707618    5.5497377e+09   2.368084e+08   0.000000e+00  14948s
 1708198    5.5497687e+09   3.529518e+10   0.000000e+00  14959s
 1708788    5.5497828e+09   1.486651e+09   0.000000e+00  14968s
 1709418    5.5497903e+09   4.280314e+08   0.000000e+00  14977s
 1709868    5.5497945e+09   7.308256e+08   0.000000e+00  14985s
 1710188    5.5498074e+09   1.092518e+09   0.000000e+00  15000s
 1710921    5.5498765e+09   2.220964e+09   0.000000e+00  15005s
 1711654    5.5498855e+09   2.062179e+09   0.000000e+00  15008s
 1712387    5.5499064e+09   2.788750e+10   0.000000e+00  15013s
 1713945    5.5499398e+09   5.069621e+09   0.000000e+00  15016s
 1715748    5.5499766e+09   3.535015e+10   0.000000e+00  15020s
 1717214    5.5499904e+09   1.973407e+09   0.000000e+00  15028s
 1717947    5.5499975e+09   2.534821e+09   0.000000e+00  15035s
 1718637    5.5500058e+09   3.914864e+08   0.000000e+00  15044s
 1718977    5.5500134e+09   4.215273e+09   0.000000e+00  15053s
 1719710    5.5500233e+09   3.146986e+09   0.000000e+00  15063s
 1719990    5.5500296e+09   2.774875e+11   0.000000e+00  15072s
 1720260    5.5500344e+09   1.262839e+09   0.000000e+00  15081s
 1720680    5.5500469e+09   8.150945e+08   0.000000e+00  15092s
 1721030    5.5500613e+09   2.370592e+10   0.000000e+00  15102s
 1721750    5.5500823e+09   1.234270e+10   0.000000e+00  15111s
 1722483    5.5501661e+09   1.181002e+09   0.000000e+00  15116s
 1723949    5.5502087e+09   2.076761e+09   0.000000e+00  15129s
 1724609    5.5502218e+09   7.521467e+08   0.000000e+00  15139s
 1725139    5.5502323e+09   3.217853e+09   0.000000e+00  15150s
 1725872    5.5502443e+09   1.718027e+09   0.000000e+00  15159s
 1726282    5.5502570e+09   9.691702e+08   0.000000e+00  15168s
 1727015    5.5502667e+09   7.971142e+08   0.000000e+00  15173s
 1727748    5.5502701e+09   1.043444e+09   0.000000e+00  15176s
 1728358    5.5502838e+09   5.324984e+08   0.000000e+00  15185s
 1728838    5.5502896e+09   3.675283e+09   0.000000e+00  15196s
 1729118    5.5502979e+09   1.132131e+09   0.000000e+00  15205s
 1729738    5.5503108e+09   1.495190e+08   0.000000e+00  15214s
 1730128    5.5503239e+09   1.387317e+09   0.000000e+00  15224s
 1730458    5.5503342e+09   1.902760e+09   0.000000e+00  15233s
 1730808    5.5503405e+09   5.934928e+08   0.000000e+00  15242s
 1731228    5.5503475e+09   1.522387e+10   0.000000e+00  15250s
 1731508    5.5503551e+09   2.539672e+08   0.000000e+00  15261s
 1731828    5.5503628e+09   2.110416e+08   0.000000e+00  15271s
 1732128    5.5503670e+09   3.909633e+08   0.000000e+00  15280s
 1732858    5.5503744e+09   7.829021e+09   0.000000e+00  15289s
 1733168    5.5503786e+09   2.474595e+09   0.000000e+00  15298s
 1733528    5.5503802e+09   1.279133e+09   0.000000e+00  15308s
 1733778    5.5503847e+09   7.123908e+08   0.000000e+00  15317s
 1734118    5.5503914e+09   1.681571e+08   0.000000e+00  15328s
 1734648    5.5503968e+09   3.833281e+07   0.000000e+00  15337s
 1735088    5.5504045e+09   6.952965e+10   0.000000e+00  15346s
 1736554    5.5504240e+09   1.004817e+11   0.000000e+00  15357s
 1737194    5.5504342e+09   5.056670e+09   0.000000e+00  15367s
 1737927    5.5504485e+09   3.584030e+10   0.000000e+00  15371s
 1738517    5.5504833e+09   6.102337e+08   0.000000e+00  15380s
 1739250    5.5504957e+09   6.713174e+09   0.000000e+00  15387s
 1739680    5.5505006e+09   3.288043e+09   0.000000e+00  15398s
 1740330    5.5505149e+09   1.373768e+09   0.000000e+00  15407s
 1741050    5.5505253e+09   3.869579e+07   0.000000e+00  15416s
 1741460    5.5505321e+09   1.098841e+10   0.000000e+00  15434s
 1741720    5.5505382e+09   6.690869e+09   0.000000e+00  15443s
 1742010    5.5505437e+09   1.463096e+09   0.000000e+00  15453s
 1742390    5.5505505e+09   1.208128e+08   0.000000e+00  15464s
 1742900    5.5505556e+09   2.741168e+09   0.000000e+00  15473s
 1743300    5.5505654e+09   2.236889e+10   0.000000e+00  15482s
 1743570    5.5505736e+09   7.081604e+08   0.000000e+00  15498s
 1744050    5.5505845e+09   9.583061e+08   0.000000e+00  15508s
 1744350    5.5506066e+09   1.613482e+09   0.000000e+00  15518s
 1744730    5.5506243e+09   1.882042e+09   0.000000e+00  15528s
 1745450    5.5506646e+09   2.083522e+09   0.000000e+00  15538s
 1745700    5.5506847e+09   3.892824e+09   0.000000e+00  15547s
 1746433    5.5507041e+09   3.453150e+08   0.000000e+00  15554s
 1747163    5.5507188e+09   1.862102e+08   0.000000e+00  15564s
 1747793    5.5507348e+09   1.695973e+09   0.000000e+00  15576s
 1748203    5.5507536e+09   1.929774e+08   0.000000e+00  15585s
 1748936    5.5507673e+09   4.367257e+08   0.000000e+00  15594s
 1749216    5.5507823e+09   1.747685e+09   0.000000e+00  15604s
 1749906    5.5508090e+09   3.359479e+08   0.000000e+00  15614s
 1750346    5.5508260e+09   1.697179e+09   0.000000e+00  15624s
 1751079    5.5508889e+09   2.917009e+09   0.000000e+00  15643s
 1752545    5.5512090e+09   4.191622e+09   0.000000e+00  15647s
 1753998    5.5512290e+09   1.496528e+09   0.000000e+00  15661s
 1754628    5.5512445e+09   4.979109e+09   0.000000e+00  15670s
 1755248    5.5512514e+09   5.782130e+07   0.000000e+00  15679s
 1755598    5.5512613e+09   2.002902e+09   0.000000e+00  15689s
 1756178    5.5512735e+09   4.544526e+09   0.000000e+00  15698s
 1756608    5.5512816e+09   2.164769e+08   0.000000e+00  15709s
 1757268    5.5513010e+09   2.457199e+08   0.000000e+00  15719s
 1757858    5.5513098e+09   1.917054e+09   0.000000e+00  15729s
 1758548    5.5513265e+09   1.125416e+09   0.000000e+00  15739s
 1759188    5.5513403e+09   2.553966e+08   0.000000e+00  15748s
 1759788    5.5513501e+09   1.074665e+08   0.000000e+00  15757s
 1760088    5.5513607e+09   4.657381e+09   0.000000e+00  15766s
 1760658    5.5513738e+09   1.365698e+09   0.000000e+00  15776s
 1761138    5.5513869e+09   8.461909e+08   0.000000e+00  15787s
 1761858    5.5514026e+09   8.694459e+08   0.000000e+00  15797s
 1762258    5.5514199e+09   5.275386e+10   0.000000e+00  15806s
 1762991    5.5514424e+09   2.901487e+10   0.000000e+00  15812s
 1764457    5.5514530e+09   3.440541e+08   0.000000e+00  15820s
 1765190    5.5514762e+09   6.663151e+09   0.000000e+00  15827s
 1765923    5.5514817e+09   1.990953e+09   0.000000e+00  15832s
 1766656    5.5514869e+09   2.789791e+08   0.000000e+00  15841s
 1768122    5.5514952e+09   6.273234e+08   0.000000e+00  15848s
 1768855    5.5515017e+09   1.154886e+08   0.000000e+00  15853s
 1769588    5.5515320e+09   1.179402e+09   0.000000e+00  15861s
 1770308    5.5515462e+09   4.371324e+09   0.000000e+00  15871s
 1770848    5.5515586e+09   4.962896e+08   0.000000e+00  15880s
 1771308    5.5515653e+09   6.827879e+08   0.000000e+00  15889s
 1772041    5.5515999e+09   9.542189e+08   0.000000e+00  15895s
 1772551    5.5516049e+09   1.053511e+09   0.000000e+00  15906s
 1773151    5.5516102e+09   7.197456e+08   0.000000e+00  15917s
 1773884    5.5516130e+09   2.936558e+09   0.000000e+00  15927s
 1774617    5.5516147e+09   3.793285e+09   0.000000e+00  15932s
 1776328    5.5516161e+09   5.355347e+09   0.000000e+00  15935s
 1777794    5.5516347e+09   1.455661e+09   0.000000e+00  15941s
 1778094    5.5516387e+09   5.815060e+07   0.000000e+00  15950s
 1778514    5.5516450e+09   3.857184e+08   0.000000e+00  15959s
 1778984    5.5516493e+09   5.238649e+07   0.000000e+00  15968s
 1779364    5.5516593e+09   2.242721e+08   0.000000e+00  15979s
 1779714    5.5516628e+09   3.613535e+09   0.000000e+00  15990s
 1780184    5.5516669e+09   9.745232e+08   0.000000e+00  16001s
 1780614    5.5516741e+09   1.899493e+11   0.000000e+00  16010s
 1780944    5.5516784e+09   3.673923e+07   0.000000e+00  16020s
 1781524    5.5516870e+09   4.882185e+08   0.000000e+00  16030s
 1782174    5.5517046e+09   2.630342e+09   0.000000e+00  16040s
 1782907    5.5517157e+09   2.065289e+10   0.000000e+00  16050s
 1783617    5.5517323e+09   7.454039e+10   0.000000e+00  16061s
 1784157    5.5517446e+09   1.852049e+10   0.000000e+00  16071s
 1784517    5.5517558e+09   3.615412e+08   0.000000e+00  16080s
 1785250    5.5517952e+09   3.089686e+09   0.000000e+00  16086s
 1786716    5.5518247e+09   2.714462e+08   0.000000e+00  16093s
 1787449    5.5518432e+09   1.345132e+09   0.000000e+00  16102s
 1789397    5.5518906e+09   7.272046e+08   0.000000e+00  16105s
 1790130    5.5518963e+09   6.454274e+08   0.000000e+00  16114s
 1790680    5.5519112e+09   2.110597e+09   0.000000e+00  16125s
 1791190    5.5519174e+09   1.561266e+09   0.000000e+00  16135s
 1791920    5.5519239e+09   1.196617e+08   0.000000e+00  16145s
 1792570    5.5519337e+09   8.242670e+09   0.000000e+00  16154s
 1792900    5.5519381e+09   8.035052e+07   0.000000e+00  16165s
 1793320    5.5519437e+09   2.602889e+10   0.000000e+00  16175s
 1793750    5.5519481e+09   5.314953e+09   0.000000e+00  16184s
 1794050    5.5519574e+09   5.488610e+08   0.000000e+00  16195s
 1794700    5.5519646e+09   6.657221e+08   0.000000e+00  16213s
 1795140    5.5519752e+09   8.208347e+07   0.000000e+00  16223s
 1795710    5.5519806e+09   3.052664e+09   0.000000e+00  16232s
 1796340    5.5520013e+09   2.461824e+09   0.000000e+00  16243s
 1796800    5.5520131e+09   6.240744e+09   0.000000e+00  16253s
 1797380    5.5520216e+09   7.381141e+08   0.000000e+00  16264s
 1797810    5.5520292e+09   9.820412e+09   0.000000e+00  16283s
 1798490    5.5520376e+09   4.164376e+08   0.000000e+00  16292s
 1799223    5.5520579e+09   1.830344e+09   0.000000e+00  16296s
 1799956    5.5520707e+09   1.704434e+09   0.000000e+00  16306s
 1801422    5.5521078e+09   6.120873e+08   0.000000e+00  16316s
 1802155    5.5521325e+09   8.217384e+09   0.000000e+00  16323s
 1803621    5.5522227e+09   6.024109e+09   0.000000e+00  16330s
 1804354    5.5522498e+09   5.967483e+07   0.000000e+00  16336s
 1805087    5.5523209e+09   5.371220e+10   0.000000e+00  16343s
 1805820    5.5523347e+09   6.933815e+09   0.000000e+00  16346s
 1806553    5.5523626e+09   1.021150e+09   0.000000e+00  16353s
 1807033    5.5523721e+09   1.857551e+09   0.000000e+00  16363s
 1807766    5.5523772e+09   1.036197e+10   0.000000e+00  16367s
 1808969    5.5524027e+09   5.940886e+09   0.000000e+00  16380s
 1809329    5.5524107e+09   1.073880e+08   0.000000e+00  16389s
 1809789    5.5524161e+09   2.257972e+08   0.000000e+00  16400s
 1810079    5.5524187e+09   1.589990e+08   0.000000e+00  16410s
 1810449    5.5524223e+09   9.216086e+09   0.000000e+00  16425s
 1810859    5.5524257e+09   1.023233e+10   0.000000e+00  16436s
 1811489    5.5524406e+09   7.247240e+09   0.000000e+00  16447s
 1812222    5.5524562e+09   2.342423e+09   0.000000e+00  16457s
 1813688    5.5525202e+09   1.323471e+08   0.000000e+00  16461s
 1814421    5.5525398e+09   1.350548e+09   0.000000e+00  16465s
 1814911    5.5525439e+09   2.720249e+08   0.000000e+00  16474s
 1815644    5.5525597e+09   7.706293e+08   0.000000e+00  16476s
 1816377    5.5525646e+09   6.830699e+08   0.000000e+00  16480s
 1816927    5.5525718e+09   1.785485e+09   0.000000e+00  16492s
 1817497    5.5525777e+09   4.304200e+09   0.000000e+00  16503s
 1818067    5.5525817e+09   8.233856e+08   0.000000e+00  16514s
 1818800    5.5525876e+09   1.112132e+10   0.000000e+00  16520s
 1819533    5.5525910e+09   5.889599e+10   0.000000e+00  16526s
 1820223    5.5525986e+09   2.150049e+10   0.000000e+00  16535s
 1820956    5.5526041e+09   5.193945e+09   0.000000e+00  16545s
 1821406    5.5526092e+09   8.214692e+08   0.000000e+00  16554s
 1821906    5.5526145e+09   1.099575e+09   0.000000e+00  16564s
 1822446    5.5526227e+09   3.070297e+11   0.000000e+00  16575s
 1823179    5.5526329e+09   1.410677e+10   0.000000e+00  16586s
 1823819    5.5526519e+09   7.524152e+08   0.000000e+00  16596s
 1824519    5.5526626e+09   3.053160e+10   0.000000e+00  16607s
 1825252    5.5526902e+09   1.482742e+10   0.000000e+00  16615s
 1825985    5.5527110e+09   1.779506e+09   0.000000e+00  16625s
 1826595    5.5527197e+09   6.187464e+09   0.000000e+00  16635s
 1827055    5.5527238e+09   2.488012e+09   0.000000e+00  16645s
 1827375    5.5527287e+09   1.010856e+10   0.000000e+00  16654s
 1828108    5.5527361e+09   9.753820e+07   0.000000e+00  16658s
 1828841    5.5527406e+09   1.608438e+09   0.000000e+00  16662s
 1829574    5.5527463e+09   6.325664e+09   0.000000e+00  16666s
 1830307    5.5527486e+09   7.935589e+08   0.000000e+00  16671s
 1831040    5.5527573e+09   1.934669e+09   0.000000e+00  16679s
 1831530    5.5527618e+09   1.012310e+09   0.000000e+00  16689s
 1832263    5.5527704e+09   1.378849e+09   0.000000e+00  16698s
 1832996    5.5527730e+09   1.784126e+08   0.000000e+00  16701s
 1833729    5.5527841e+09   3.534519e+09   0.000000e+00  16705s
 1834462    5.5527950e+09   5.147300e+09   0.000000e+00  16712s
 1835195    5.5528124e+09   3.142959e+09   0.000000e+00  16716s
 1836661    5.5528478e+09   7.124515e+08   0.000000e+00  16726s
 1837394    5.5528650e+09   7.879602e+09   0.000000e+00  16736s
 1838127    5.5528872e+09   2.255116e+09   0.000000e+00  16742s
 1839593    5.5529168e+09   3.982296e+07   0.000000e+00  16748s
 1840326    5.5529241e+09   2.119326e+08   0.000000e+00  16757s
 1840956    5.5529309e+09   4.708441e+09   0.000000e+00  16767s
 1841686    5.5529414e+09   1.648259e+08   0.000000e+00  16783s
 1842156    5.5529464e+09   1.157348e+09   0.000000e+00  16794s
 1842756    5.5529506e+09   7.029081e+07   0.000000e+00  16804s
 1843166    5.5529536e+09   7.723406e+08   0.000000e+00  16814s
 1843899    5.5529600e+09   1.125319e+08   0.000000e+00  16822s
 1844632    5.5529672e+09   1.649018e+08   0.000000e+00  16830s
 1845042    5.5529709e+09   8.923738e+09   0.000000e+00  16840s
 1845482    5.5529744e+09   5.657334e+09   0.000000e+00  16855s
 1846172    5.5529807e+09   1.874033e+10   0.000000e+00  16865s
 1846882    5.5529843e+09   5.085076e+09   0.000000e+00  16875s
 1847382    5.5529888e+09   1.285328e+09   0.000000e+00  16884s
 1848115    5.5529997e+09   1.220337e+09   0.000000e+00  16890s
 1848775    5.5530068e+09   6.683661e+09   0.000000e+00  16900s
 1849365    5.5530155e+09   1.303008e+10   0.000000e+00  16911s
 1849825    5.5530191e+09   3.803118e+09   0.000000e+00  16922s
 1850365    5.5530230e+09   4.623390e+09   0.000000e+00  16931s
 1850855    5.5530292e+09   8.031064e+09   0.000000e+00  16941s
 1851588    5.5530334e+09   2.618692e+10   0.000000e+00  16948s
 1852168    5.5530355e+09   1.642514e+07   0.000000e+00  16957s
 1852648    5.5530388e+09   9.851903e+09   0.000000e+00  16967s
 1853381    5.5530413e+09   1.772506e+09   0.000000e+00  16974s
 1854061    5.5530464e+09   1.060532e+08   0.000000e+00  16982s
 1854581    5.5530491e+09   2.139009e+09   0.000000e+00  16993s
 1855181    5.5530549e+09   7.437492e+10   0.000000e+00  17004s
 1855914    5.5530619e+09   1.606582e+10   0.000000e+00  17007s
 1856647    5.5530719e+09   3.173973e+10   0.000000e+00  17015s
 1857380    5.5531078e+09   7.764227e+07   0.000000e+00  17022s
 1858113    5.5531567e+09   1.176588e+09   0.000000e+00  17031s
 1858846    5.5531670e+09   9.196451e+10   0.000000e+00  17041s
 1859579    5.5531744e+09   2.967475e+11   0.000000e+00  17048s
 1860312    5.5531792e+09   4.245470e+10   0.000000e+00  17058s
 1860802    5.5531827e+09   1.479416e+12   0.000000e+00  17068s
 1861322    5.5531873e+09   5.254303e+09   0.000000e+00  17077s
 1861702    5.5531904e+09   2.161183e+10   0.000000e+00  17086s
 1862272    5.5531954e+09   1.397195e+08   0.000000e+00  17097s
 1862952    5.5531978e+09   1.988829e+10   0.000000e+00  17107s
 1863685    5.5532152e+09   7.834418e+09   0.000000e+00  17116s
 1864145    5.5532180e+09   1.529726e+09   0.000000e+00  17127s
 1864605    5.5532215e+09   2.178112e+09   0.000000e+00  17136s
 1865338    5.5532273e+09   2.345630e+09   0.000000e+00  17145s
 1865788    5.5532322e+09   7.552998e+10   0.000000e+00  17155s
 1866348    5.5532366e+09   1.736426e+11   0.000000e+00  17166s
 1866958    5.5532429e+09   2.880655e+11   0.000000e+00  17177s
 1867691    5.5532463e+09   1.056576e+11   0.000000e+00  17185s
 1869157    5.5532679e+09   5.011529e+09   0.000000e+00  17197s
 1869890    5.5532703e+09   1.270314e+09   0.000000e+00  17200s
 1870623    5.5532783e+09   7.254980e+10   0.000000e+00  17208s
 1871356    5.5532852e+09   1.063700e+10   0.000000e+00  17213s
 1871966    5.5532898e+09   4.610363e+10   0.000000e+00  17222s
 1872696    5.5533068e+09   9.480821e+08   0.000000e+00  17232s
 1873266    5.5533093e+09   1.467546e+10   0.000000e+00  17241s
 1873676    5.5533111e+09   4.335997e+07   0.000000e+00  17251s
 1874409    5.5533168e+09   1.450581e+08   0.000000e+00  17261s
 1875142    5.5533205e+09   2.257062e+07   0.000000e+00  17269s
 1875875    5.5533245e+09   3.216179e+09   0.000000e+00  17283s
 1876465    5.5533347e+09   1.698515e+10   0.000000e+00  17292s
 1877085    5.5533484e+09   1.781746e+09   0.000000e+00  17302s
 1877505    5.5533498e+09   2.947645e+09   0.000000e+00  17312s
 1878015    5.5533513e+09   1.480118e+09   0.000000e+00  17324s
 1878445    5.5533544e+09   1.388073e+08   0.000000e+00  17334s
 1878975    5.5533572e+09   3.677383e+08   0.000000e+00  17353s
 1879595    5.5533601e+09   6.995242e+09   0.000000e+00  17363s
 1880275    5.5533627e+09   1.823385e+09   0.000000e+00  17375s
 1881008    5.5533642e+09   2.220766e+07   0.000000e+00  17383s
 1881618    5.5533681e+09   3.036038e+08   0.000000e+00  17393s
 1882308    5.5533780e+09   5.013475e+07   0.000000e+00  17403s
 1882838    5.5533800e+09   1.871172e+07   0.000000e+00  17419s
 1883378    5.5533828e+09   2.847206e+07   0.000000e+00  17429s
 1883988    5.5533877e+09   1.074563e+09   0.000000e+00  17439s
 1884688    5.5533942e+09   9.530821e+09   0.000000e+00  17449s
 1885421    5.5534029e+09   1.732812e+08   0.000000e+00  17458s
 1886154    5.5534147e+09   3.851305e+09   0.000000e+00  17463s
 1886887    5.5534151e+09   3.414776e+09   0.000000e+00  17465s
 1887277    5.5534167e+09   7.492829e+09   0.000000e+00  17475s
 1887847    5.5534195e+09   5.198697e+07   0.000000e+00  17488s
 1888317    5.5534217e+09   9.947834e+09   0.000000e+00  17497s
 1889050    5.5534304e+09   1.442440e+09   0.000000e+00  17505s
 1889783    5.5534361e+09   1.792380e+09   0.000000e+00  17515s
 1890133    5.5534381e+09   2.124986e+07   0.000000e+00  17525s
 1890573    5.5534400e+09   1.077084e+09   0.000000e+00  17535s
 1891023    5.5534428e+09   8.547561e+07   0.000000e+00  17545s
 1891756    5.5534451e+09   2.581105e+08   0.000000e+00  17561s
 1892476    5.5534521e+09   5.417182e+09   0.000000e+00  17572s
 1893209    5.5534564e+09   2.681010e+09   0.000000e+00  17581s
 1893719    5.5534613e+09   6.042463e+09   0.000000e+00  17590s
 1894399    5.5534708e+09   3.305720e+09   0.000000e+00  17599s
 1894889    5.5534796e+09   1.699850e+08   0.000000e+00  17609s
 1895619    5.5534843e+09   1.649526e+10   0.000000e+00  17619s
 1896269    5.5534895e+09   3.742097e+07   0.000000e+00  17629s
 1896779    5.5534908e+09   9.659212e+08   0.000000e+00  17640s
 1897512    5.5534941e+09   3.053301e+07   0.000000e+00  17649s
 1898062    5.5534978e+09   1.522674e+08   0.000000e+00  17659s
 1898795    5.5535517e+09   1.178800e+09   0.000000e+00  17667s
 1899528    5.5536235e+09   2.163036e+08   0.000000e+00  17671s
 1901177    5.5536453e+09   1.450286e+09   0.000000e+00  17676s
 1902643    5.5536569e+09   4.836486e+10   0.000000e+00  17682s
 1903376    5.5536601e+09   8.663066e+08   0.000000e+00  17689s
 1904109    5.5536651e+09   8.762104e+08   0.000000e+00  17693s
 1905612    5.5536690e+09   1.791900e+09   0.000000e+00  17704s
 1906345    5.5536701e+09   4.232912e+08   0.000000e+00  17710s
 1907078    5.5536715e+09   2.192006e+07   0.000000e+00  17715s
 1908544    5.5536809e+09   9.569021e+08   0.000000e+00  17722s
 1910010    5.5536852e+09   8.182478e+06   0.000000e+00  17731s
 1910743    5.5536925e+09   4.201012e+08   0.000000e+00  17737s
 1911476    5.5536975e+09   1.112968e+09   0.000000e+00  17746s
 1912209    5.5537134e+09   1.738264e+10   0.000000e+00  17753s
 1912942    5.5537154e+09   8.397750e+09   0.000000e+00  17755s
 1914408    5.5537223e+09   2.374093e+09   0.000000e+00  17764s
 1915141    5.5537322e+09   1.567135e+09   0.000000e+00  17775s
 1915874    5.5537673e+09   1.735532e+09   0.000000e+00  17780s
 1916607    5.5538093e+09   2.323440e+07   0.000000e+00  17784s
 1917340    5.5538145e+09   3.897095e+07   0.000000e+00  17785s
 1918783    5.5538177e+09   4.922971e+06   0.000000e+00  17798s
 1919483    5.5538188e+09   6.365689e+08   0.000000e+00  17808s
 1920216    5.5538204e+09   6.908885e+08   0.000000e+00  17817s
 1920949    5.5538212e+09   9.572378e+07   0.000000e+00  17820s
 1926715    5.5538254e+09   1.308995e+08   0.000000e+00  17831s
 1927448    5.5538270e+09   5.493817e+08   0.000000e+00  17841s
 1928181    5.5538284e+09   9.903225e+08   0.000000e+00  17848s
 1928914    5.5538302e+09   4.976433e+07   0.000000e+00  17855s
 1929647    5.5538380e+09   1.496455e+08   0.000000e+00  17864s
 1930380    5.5538404e+09   4.047836e+08   0.000000e+00  17871s
 1930910    5.5538439e+09   1.921143e+07   0.000000e+00  17881s
 1931490    5.5538463e+09   1.131665e+07   0.000000e+00  17890s
 1932060    5.5538476e+09   3.147519e+06   0.000000e+00  17900s
 1932793    5.5538488e+09   3.159977e+07   0.000000e+00  17909s
 1933526    5.5538508e+09   4.140150e+08   0.000000e+00  17915s
 1934256    5.5538579e+09   4.370833e+06   0.000000e+00  17925s
 1934989    5.5538667e+09   1.070469e+09   0.000000e+00  17930s
 1936455    5.5538699e+09   3.851329e+07   0.000000e+00  17940s
 1937188    5.5538719e+09   1.134115e+09   0.000000e+00  17946s
 1937921    5.5538727e+09   7.123543e+05   0.000000e+00  17955s
 1938654    5.5538740e+09   1.643266e+09   0.000000e+00  17963s
 1939324    5.5538753e+09   1.556240e+08   0.000000e+00  17974s
 1939704    5.5538764e+09   3.682164e+08   0.000000e+00  17983s
 1940274    5.5538782e+09   3.724413e+08   0.000000e+00  17993s
 1941007    5.5538848e+09   1.010941e+09   0.000000e+00  17998s
 1942641    5.5538878e+09   8.510273e+08   0.000000e+00  18001s
 1943374    5.5538964e+09   5.291854e+08   0.000000e+00  18006s
 1944107    5.5538973e+09   3.202293e+07   0.000000e+00  18011s
 1944837    5.5538995e+09   1.319356e+09   0.000000e+00  18021s
 1945570    5.5539031e+09   3.629668e+08   0.000000e+00  18029s
 1946303    5.5539057e+09   5.612857e+09   0.000000e+00  18039s
 1946903    5.5539107e+09   2.133823e+08   0.000000e+00  18049s
 1947636    5.5539139e+09   4.677765e+06   0.000000e+00  18060s
 1948369    5.5539208e+09   2.515140e+07   0.000000e+00  18069s
 1949049    5.5539220e+09   2.147508e+09   0.000000e+00  18079s
 1949782    5.5539253e+09   4.129274e+07   0.000000e+00  18087s
 1950515    5.5539267e+09   4.996769e+09   0.000000e+00  18093s
 1951195    5.5539278e+09   3.953033e+08   0.000000e+00  18105s
 1951795    5.5539285e+09   2.457904e+07   0.000000e+00  18115s
 1952375    5.5539298e+09   2.686211e+08   0.000000e+00  18135s
 1955023    5.5539367e+09   2.528708e+09   0.000000e+00  18143s
 1955683    5.5539388e+09   1.197319e+08   0.000000e+00  18152s
 1956416    5.5539407e+09   2.264477e+07   0.000000e+00  18161s
 1957149    5.5539419e+09   2.060036e+07   0.000000e+00  18171s
 1957882    5.5539432e+09   7.123282e+08   0.000000e+00  18180s
 1958615    5.5539440e+09   4.840991e+08   0.000000e+00  18184s
 1959348    5.5539452e+09   2.555293e+09   0.000000e+00  18190s
 1959858    5.5539468e+09   1.926229e+07   0.000000e+00  18201s
 1960428    5.5539476e+09   8.761037e+08   0.000000e+00  18210s
 1961148    5.5539487e+09   9.849168e+06   0.000000e+00  18219s
 1961758    5.5539492e+09   2.081883e+07   0.000000e+00  18230s
 1962491    5.5539500e+09   2.564805e+06   0.000000e+00  18240s
 1963211    5.5539512e+09   2.118631e+07   0.000000e+00  18250s
 1963831    5.5539524e+09   8.827466e+06   0.000000e+00  18261s
 1964351    5.5539529e+09   1.729450e+07   0.000000e+00  18271s
 1965031    5.5539548e+09   6.061490e+07   0.000000e+00  18281s
 1965671    5.5539562e+09   1.506122e+09   0.000000e+00  18291s
 1966341    5.5539574e+09   9.102818e+10   0.000000e+00  18301s
 1967074    5.5539584e+09   7.337080e+06   0.000000e+00  18309s
 1967807    5.5539601e+09   6.934284e+07   0.000000e+00  18317s
 1968540    5.5539620e+09   6.297011e+07   0.000000e+00  18324s
 1969273    5.5539625e+09   1.049929e+08   0.000000e+00  18328s
 1970006    5.5539635e+09   2.824878e+08   0.000000e+00  18335s
 1970739    5.5539645e+09   3.148965e+09   0.000000e+00  18347s
 1971379    5.5539664e+09   3.215563e+06   0.000000e+00  18357s
 1972112    5.5539713e+09   1.213178e+09   0.000000e+00  18365s
 1972845    5.5539721e+09   3.078023e+10   0.000000e+00  18370s
 1973578    5.5539723e+09   9.398376e+08   0.000000e+00  18371s
 1974311    5.5539752e+09   7.142562e+08   0.000000e+00  18380s
 1975041    5.5539763e+09   1.591411e+07   0.000000e+00  18389s
 1975774    5.5539774e+09   1.767811e+08   0.000000e+00  18398s
 1976204    5.5539780e+09   9.370525e+06   0.000000e+00  18407s
 1976937    5.5539789e+09   1.038632e+08   0.000000e+00  18413s
 1977670    5.5539794e+09   2.627127e+06   0.000000e+00  18418s
 1978403    5.5539806e+09   4.357404e+06   0.000000e+00  18423s
 1979136    5.5539813e+09   4.949436e+07   0.000000e+00  18432s
 1979869    5.5539832e+09   6.219682e+09   0.000000e+00  18441s
 1980602    5.5539841e+09   3.546294e+08   0.000000e+00  18448s
 1981212    5.5539895e+09   7.370063e+06   0.000000e+00  18458s
 1981922    5.5539902e+09   2.835661e+07   0.000000e+00  18468s
 1982472    5.5539908e+09   1.134197e+07   0.000000e+00  18477s
 1982892    5.5539912e+09   3.574054e+07   0.000000e+00  18486s
 1983482    5.5539917e+09   1.803337e+07   0.000000e+00  18496s
 1984215    5.5539924e+09   4.132180e+07   0.000000e+00  18505s
 1984948    5.5539931e+09   1.487395e+07   0.000000e+00  18514s
 1985678    5.5539937e+09   3.315584e+06   0.000000e+00  18523s
 1986411    5.5539956e+09   1.024190e+08   0.000000e+00  18532s
 1987877    5.5539993e+09   7.258406e+07   0.000000e+00  18543s
 1988610    5.5540000e+09   1.402969e+08   0.000000e+00  18552s
 1989343    5.5540011e+09   2.894475e+08   0.000000e+00  18556s
 1990076    5.5540017e+09   3.170921e+06   0.000000e+00  18563s
 1990726    5.5540025e+09   1.404530e+07   0.000000e+00  18575s
 1991336    5.5540064e+09   5.189517e+08   0.000000e+00  18584s
 1991926    5.5540098e+09   4.238960e+08   0.000000e+00  18594s
 1992659    5.5540112e+09   2.740728e+07   0.000000e+00  18601s
 1993249    5.5540118e+09   8.054763e+06   0.000000e+00  18611s
 1993982    5.5540125e+09   6.144581e+06   0.000000e+00  18621s
 1994715    5.5540136e+09   3.034146e+08   0.000000e+00  18630s
 1995265    5.5540145e+09   1.816371e+08   0.000000e+00  18642s
 1995765    5.5540150e+09   1.314550e+07   0.000000e+00  18651s
 1996205    5.5540152e+09   1.018346e+07   0.000000e+00  18661s
 1996785    5.5540155e+09   1.539312e+07   0.000000e+00  18670s
 1997518    5.5540159e+09   3.695309e+07   0.000000e+00  18677s
 1998018    5.5540162e+09   1.275016e+08   0.000000e+00  18687s
 1998448    5.5540165e+09   1.972278e+08   0.000000e+00  18703s
 1998968    5.5540170e+09   5.693399e+07   0.000000e+00  18713s
 1999388    5.5540173e+09   2.840307e+08   0.000000e+00  18722s
 1999888    5.5540176e+09   8.591485e+06   0.000000e+00  18732s
 2000621    5.5540210e+09   2.119944e+07   0.000000e+00  18739s
 2001354    5.5540222e+09   1.870609e+06   0.000000e+00  18746s
 2002087    5.5540227e+09   1.994050e+08   0.000000e+00  18754s
 2002820    5.5540235e+09   2.717208e+07   0.000000e+00  18769s
 2003553    5.5540247e+09   3.252301e+09   0.000000e+00  18773s
 2004286    5.5540279e+09   2.189084e+09   0.000000e+00  18777s
 2005019    5.5540287e+09   1.850621e+07   0.000000e+00  18784s
 2005752    5.5540295e+09   8.160180e+08   0.000000e+00  18792s
 2006485    5.5540303e+09   2.050116e+08   0.000000e+00  18801s
 2007218    5.5540308e+09   2.480319e+07   0.000000e+00  18810s
 2007918    5.5540312e+09   4.843019e+07   0.000000e+00  18819s
 2008651    5.5540316e+09   9.995675e+06   0.000000e+00  18827s
 2009384    5.5540319e+09   5.436544e+08   0.000000e+00  18835s
 2010117    5.5540320e+09   1.866654e+08   0.000000e+00  18838s
 2010850    5.5540321e+09   1.470668e+08   0.000000e+00  18841s
 2011583    5.5540324e+09   1.452540e+07   0.000000e+00  18848s
 2012316    5.5540328e+09   1.945868e+07   0.000000e+00  18854s
 2013006    5.5540332e+09   3.454106e+08   0.000000e+00  18865s
 2013646    5.5540337e+09   1.176623e+07   0.000000e+00  18874s
 2014379    5.5540342e+09   1.260220e+08   0.000000e+00  18880s
 2015112    5.5540347e+09   3.720169e+07   0.000000e+00  18888s
 2015842    5.5540357e+09   1.548848e+07   0.000000e+00  18898s
 2016562    5.5540363e+09   7.789939e+05   0.000000e+00  18917s
 2017142    5.5540365e+09   6.227856e+06   0.000000e+00  18927s
 2017632    5.5540373e+09   3.189706e+08   0.000000e+00  18937s
 2018365    5.5540384e+09   6.379567e+06   0.000000e+00  18946s
 2019098    5.5540392e+09   2.383954e+07   0.000000e+00  18952s
 2019831    5.5540401e+09   2.662462e+06   0.000000e+00  18960s
 2020564    5.5540407e+09   2.618377e+08   0.000000e+00  18967s
 2021297    5.5540411e+09   2.495361e+07   0.000000e+00  18981s
 2021947    5.5540417e+09   1.345864e+07   0.000000e+00  18990s
 2022477    5.5540419e+09   5.093808e+06   0.000000e+00  19000s
 2023210    5.5540423e+09   3.023506e+06   0.000000e+00  19007s
 2023943    5.5540425e+09   1.190192e+07   0.000000e+00  19015s
 2024613    5.5540429e+09   1.750219e+08   0.000000e+00  19025s
 2025346    5.5540432e+09   2.602006e+06   0.000000e+00  19032s
 2026079    5.5540453e+09   1.899873e+07   0.000000e+00  19038s
 2026812    5.5540485e+09   3.719311e+07   0.000000e+00  19042s
 2027545    5.5540508e+09   5.553841e+07   0.000000e+00  19049s
 2028185    5.5540533e+09   4.659756e+07   0.000000e+00  19058s
 2028905    5.5540538e+09   5.540001e+07   0.000000e+00  19068s
 2029475    5.5540541e+09   1.197313e+07   0.000000e+00  19077s
 2030065    5.5540545e+09   5.608690e+05   0.000000e+00  19087s
 2030595    5.5540547e+09   3.080978e+07   0.000000e+00  19097s
 2031095    5.5540548e+09   7.929008e+06   0.000000e+00  19106s
 2031795    5.5540550e+09   9.743778e+06   0.000000e+00  19123s
 2032528    5.5540553e+09   4.009876e+05   0.000000e+00  19132s
 2033228    5.5540562e+09   1.417238e+07   0.000000e+00  19142s
 2033838    5.5540565e+09   4.143242e+06   0.000000e+00  19153s
 2034438    5.5540567e+09   2.092299e+07   0.000000e+00  19162s
 2035118    5.5540568e+09   5.173791e+06   0.000000e+00  19170s
 2035688    5.5540570e+09   2.156238e+08   0.000000e+00  19180s
 2036421    5.5540586e+09   8.815703e+05   0.000000e+00  19189s
 2037091    5.5540590e+09   1.610841e+06   0.000000e+00  19203s
 2037791    5.5540594e+09   9.336785e+06   0.000000e+00  19211s
 2038524    5.5540597e+09   1.165696e+08   0.000000e+00  19219s
 2039134    5.5540599e+09   7.665322e+06   0.000000e+00  19229s
 2039574    5.5540602e+09   1.482477e+06   0.000000e+00  19238s
 2040104    5.5540610e+09   1.621455e+06   0.000000e+00  19248s
 2040837    5.5540612e+09   1.370394e+07   0.000000e+00  19257s
 2041557    5.5540616e+09   2.679435e+07   0.000000e+00  19266s
 2042290    5.5540618e+09   1.022994e+08   0.000000e+00  19272s
 2043023    5.5540623e+09   8.588525e+06   0.000000e+00  19279s
 2043643    5.5540624e+09   1.496671e+07   0.000000e+00  19288s
 2044273    5.5540626e+09   7.607988e+07   0.000000e+00  19297s
 2044913    5.5540630e+09   6.833177e+05   0.000000e+00  19306s
 2045513    5.5540632e+09   2.343892e+07   0.000000e+00  19316s
 2046123    5.5540635e+09   3.855201e+06   0.000000e+00  19325s
 2046856    5.5540638e+09   9.520193e+06   0.000000e+00  19335s
 2047589    5.5540641e+09   3.214971e+09   0.000000e+00  19341s
 2048309    5.5540644e+09   1.498527e+06   0.000000e+00  19350s
 2049042    5.5540650e+09   1.042523e+08   0.000000e+00  19360s
 2049775    5.5540656e+09   7.116804e+06   0.000000e+00  19364s
 2050508    5.5540660e+09   2.468703e+08   0.000000e+00  19369s
 2051241    5.5540661e+09   2.842806e+08   0.000000e+00  19372s
 2051974    5.5540665e+09   1.089154e+08   0.000000e+00  19376s
 2052707    5.5540668e+09   1.059037e+06   0.000000e+00  19384s
 2053440    5.5540669e+09   9.980230e+07   0.000000e+00  19390s
 2054173    5.5540675e+09   1.411342e+06   0.000000e+00  19399s
 2054906    5.5540677e+09   5.187310e+07   0.000000e+00  19405s
 2055639    5.5540680e+09   5.021822e+07   0.000000e+00  19412s
 2056372    5.5540687e+09   6.418655e+07   0.000000e+00  19419s
 2057012    5.5540690e+09   3.535454e+07   0.000000e+00  19430s
 2057742    5.5540693e+09   2.493768e+06   0.000000e+00  19439s
 2058412    5.5540694e+09   2.502503e+07   0.000000e+00  19449s
 2059092    5.5540697e+09   5.159211e+08   0.000000e+00  19458s
 2059825    5.5540703e+09   1.981196e+06   0.000000e+00  19466s
 2060425    5.5540704e+09   4.857616e+06   0.000000e+00  19475s
 2061145    5.5540706e+09   4.036747e+05   0.000000e+00  19485s
 2061815    5.5540707e+09   3.098668e+05   0.000000e+00  19494s
 2062548    5.5540708e+09   1.550915e+06   0.000000e+00  19497s
 2063281    5.5540710e+09   1.451939e+07   0.000000e+00  19504s
 2064014    5.5540713e+09   9.021870e+05   0.000000e+00  19513s
 2064747    5.5540716e+09   8.864448e+05   0.000000e+00  19522s
 2065480    5.5540717e+09   4.265552e+06   0.000000e+00  19526s
 2066213    5.5540718e+09   3.886014e+06   0.000000e+00  19532s
 2066803    5.5540721e+09   7.959626e+06   0.000000e+00  19541s
 2067323    5.5540723e+09   7.715642e+06   0.000000e+00  19550s
 2067993    5.5540725e+09   5.034393e+07   0.000000e+00  19560s
 2068603    5.5540726e+09   2.898247e+07   0.000000e+00  19569s
 2069253    5.5540728e+09   2.070475e+06   0.000000e+00  19580s
 2069783    5.5540731e+09   8.524728e+06   0.000000e+00  19588s
 2070516    5.5540732e+09   8.189425e+05   0.000000e+00  19598s
 2071249    5.5540747e+09   1.267848e+07   0.000000e+00  19607s
 2072715    5.5540760e+09   9.578871e+07   0.000000e+00  19623s
 2073435    5.5540767e+09   1.317876e+07   0.000000e+00  19633s
 2074168    5.5540768e+09   1.682723e+07   0.000000e+00  19641s
 2074901    5.5540769e+09   4.475973e+05   0.000000e+00  19648s
 2075634    5.5540770e+09   3.780257e+07   0.000000e+00  19656s
 2076367    5.5540778e+09   1.403827e+08   0.000000e+00  19665s
 2077067    5.5540781e+09   7.124412e+06   0.000000e+00  19673s
 2077800    5.5540788e+09   1.861000e+07   0.000000e+00  19682s
 2078533    5.5540790e+09   6.504049e+08   0.000000e+00  19686s
 2079183    5.5540793e+09   8.269297e+06   0.000000e+00  19695s
 2079883    5.5540793e+09   7.445419e+06   0.000000e+00  19704s
 2080443    5.5540794e+09   4.475879e+05   0.000000e+00  19714s
 2080953    5.5540795e+09   8.994658e+05   0.000000e+00  19724s
 2081643    5.5540796e+09   2.881993e+07   0.000000e+00  19734s
 2082373    5.5540797e+09   1.122306e+06   0.000000e+00  19744s
 2083106    5.5540802e+09   3.012720e+05   0.000000e+00  19752s
 2083839    5.5540806e+09   2.370945e+06   0.000000e+00  19760s
 2084489    5.5540808e+09   1.128113e+06   0.000000e+00  19768s
 2085219    5.5540810e+09   9.595014e+05   0.000000e+00  19778s
 2085952    5.5540810e+09   6.317712e+06   0.000000e+00  19786s
 2086602    5.5540811e+09   3.534381e+06   0.000000e+00  19795s
 2087202    5.5540812e+09   6.848652e+06   0.000000e+00  19804s
 2087762    5.5540814e+09   1.121303e+06   0.000000e+00  19815s
 2088495    5.5540815e+09   8.648393e+07   0.000000e+00  19825s
 2089228    5.5540820e+09   5.363454e+05   0.000000e+00  19832s
 2089961    5.5540822e+09   7.527205e+05   0.000000e+00  19841s
 2090631    5.5540823e+09   2.538258e+06   0.000000e+00  19850s
 2091271    5.5540824e+09   3.933563e+06   0.000000e+00  19860s
 2092001    5.5540825e+09   1.169181e+07   0.000000e+00  19869s
 2092734    5.5540826e+09   4.377697e+06   0.000000e+00  19876s
 2093467    5.5540827e+09   2.931106e+06   0.000000e+00  19883s
 2094187    5.5540828e+09   7.602088e+06   0.000000e+00  19891s
 2094867    5.5540829e+09   8.031312e+05   0.000000e+00  19900s
 2095600    5.5540831e+09   4.969443e+07   0.000000e+00  19907s
 2096333    5.5540833e+09   6.927387e+06   0.000000e+00  19914s
 2097023    5.5540835e+09   7.570327e+05   0.000000e+00  19923s
 2097756    5.5540838e+09   6.042713e+05   0.000000e+00  19931s
 2098489    5.5540839e+09   8.922751e+06   0.000000e+00  19940s
 2099222    5.5540841e+09   3.066612e+06   0.000000e+00  19948s
 2099955    5.5540847e+09   7.519330e+08   0.000000e+00  19957s
 2100688    5.5540849e+09   2.791684e+07   0.000000e+00  19963s
 2101421    5.5540851e+09   1.841720e+06   0.000000e+00  19970s
 2102154    5.5540852e+09   1.030798e+06   0.000000e+00  19978s
 2102887    5.5540857e+09   1.164833e+06   0.000000e+00  19986s
 2103620    5.5540859e+09   5.716016e+07   0.000000e+00  19992s
 2104353    5.5540860e+09   1.748193e+07   0.000000e+00  19998s
 2104933    5.5540861e+09   2.681383e+07   0.000000e+00  20007s
 2105533    5.5540862e+09   3.022275e+06   0.000000e+00  20016s
 2106153    5.5540862e+09   1.796614e+06   0.000000e+00  20025s
 2106843    5.5540863e+09   4.704324e+06   0.000000e+00  20033s
 2107576    5.5540864e+09   4.270756e+07   0.000000e+00  20043s
 2108136    5.5540865e+09   9.111936e+05   0.000000e+00  20053s
 2108776    5.5540866e+09   5.935234e+06   0.000000e+00  20062s
 2109509    5.5540868e+09   2.842696e+06   0.000000e+00  20070s
 2110902    5.5540872e+09   1.488413e+06   0.000000e+00  20083s
 2111635    5.5540873e+09   1.903790e+06   0.000000e+00  20090s
 2112368    5.5540874e+09   2.204128e+08   0.000000e+00  20096s
 2113834    5.5540876e+09   4.724886e+05   0.000000e+00  20109s
 2114567    5.5540877e+09   3.972886e+06   0.000000e+00  20124s
 2115107    5.5540877e+09   6.112316e+06   0.000000e+00  20133s
 2115737    5.5540878e+09   8.654394e+05   0.000000e+00  20143s
 2116470    5.5540880e+09   2.726303e+08   0.000000e+00  20150s
 2117203    5.5540882e+09   2.129914e+06   0.000000e+00  20154s
 2117936    5.5540884e+09   2.864338e+05   0.000000e+00  20163s
 2118669    5.5540885e+09   1.446482e+07   0.000000e+00  20168s
 2119402    5.5540886e+09   2.537227e+06   0.000000e+00  20175s
 2120135    5.5540888e+09   6.071758e+05   0.000000e+00  20184s
 2120868    5.5540889e+09   5.643439e+07   0.000000e+00  20192s
 2121601    5.5540889e+09   1.015985e+06   0.000000e+00  20201s
 2122261    5.5540890e+09   1.868402e+06   0.000000e+00  20210s
 2122831    5.5540890e+09   1.426356e+06   0.000000e+00  20219s
 2123561    5.5540891e+09   2.870879e+06   0.000000e+00  20227s
 2124294    5.5540897e+09   4.780992e+05   0.000000e+00  20234s
 2125027    5.5540898e+09   3.875424e+05   0.000000e+00  20241s
 2125727    5.5540900e+09   5.902133e+06   0.000000e+00  20250s
 2126167    5.5540900e+09   1.374417e+06   0.000000e+00  20260s
 2126900    5.5540903e+09   2.986097e+06   0.000000e+00  20270s
 2127633    5.5540905e+09   2.505181e+07   0.000000e+00  20276s
 2128293    5.5540907e+09   7.893591e+05   0.000000e+00  20286s
 2128973    5.5540908e+09   1.011984e+05   0.000000e+00  20295s
 2129633    5.5540909e+09   3.056606e+05   0.000000e+00  20304s
 2130203    5.5540910e+09   3.435064e+06   0.000000e+00  20313s
 2130903    5.5540913e+09   4.737353e+06   0.000000e+00  20323s
 2131613    5.5540915e+09   2.109492e+06   0.000000e+00  20340s
 2132163    5.5540915e+09   6.126115e+06   0.000000e+00  20348s
 2132823    5.5540916e+09   7.699165e+06   0.000000e+00  20357s
 2133483    5.5540917e+09   3.797601e+07   0.000000e+00  20365s
 2134173    5.5540927e+09   2.419351e+05   0.000000e+00  20373s
 2134843    5.5540928e+09   2.706730e+05   0.000000e+00  20383s
 2135576    5.5540929e+09   1.498800e+05   0.000000e+00  20390s
 2136286    5.5540930e+09   1.150228e+06   0.000000e+00  20409s
 2137019    5.5540931e+09   1.653274e+06   0.000000e+00  20417s
 2137589    5.5540931e+09   2.301855e+07   0.000000e+00  20426s
 2138179    5.5540932e+09   5.960121e+05   0.000000e+00  20434s
 2138912    5.5540937e+09   2.691855e+06   0.000000e+00  20441s
 2139432    5.5540938e+09   1.085056e+06   0.000000e+00  20450s
 2140072    5.5540939e+09   1.256555e+06   0.000000e+00  20458s
 2140805    5.5540940e+09   7.423447e+06   0.000000e+00  20466s
 2141425    5.5540943e+09   1.506275e+06   0.000000e+00  20481s
 2142158    5.5540944e+09   3.161551e+07   0.000000e+00  20488s
 2142868    5.5540946e+09   1.406913e+07   0.000000e+00  20497s
 2143558    5.5540946e+09   3.345252e+06   0.000000e+00  20506s
 2144168    5.5540948e+09   5.606509e+06   0.000000e+00  20515s
 2144868    5.5540949e+09   2.446516e+05   0.000000e+00  20524s
 2145601    5.5540950e+09   4.131485e+05   0.000000e+00  20532s
 2146334    5.5540950e+09   1.192923e+08   0.000000e+00  20538s
 2147067    5.5540953e+09   2.244692e+05   0.000000e+00  20547s
 2147717    5.5540954e+09   2.396871e+06   0.000000e+00  20556s
 2148427    5.5540954e+09   1.325643e+07   0.000000e+00  20565s
 2148997    5.5540955e+09   2.805415e+06   0.000000e+00  20573s
 2149627    5.5540955e+09   2.408553e+06   0.000000e+00  20583s
 2150360    5.5540955e+09   1.954475e+06   0.000000e+00  20591s
 2151050    5.5540957e+09   2.326072e+05   0.000000e+00  20599s
 2151783    5.5540958e+09   1.393425e+06   0.000000e+00  20608s
 2152363    5.5540959e+09   1.558934e+07   0.000000e+00  20617s
 2153096    5.5540960e+09   1.095695e+06   0.000000e+00  20625s
 2153806    5.5540972e+09   1.644677e+07   0.000000e+00  20634s
 2154539    5.5540978e+09   1.568005e+08   0.000000e+00  20639s
 2155272    5.5540986e+09   6.245301e+06   0.000000e+00  20646s
 2156005    5.5540997e+09   7.161769e+08   0.000000e+00  20653s
 2156738    5.5540999e+09   4.797902e+05   0.000000e+00  20659s
 2157471    5.5541002e+09   8.036897e+05   0.000000e+00  20665s
 2158204    5.5541004e+09   2.450790e+07   0.000000e+00  20671s
 2158937    5.5541007e+09   3.060781e+07   0.000000e+00  20676s
 2159670    5.5541008e+09   5.680072e+06   0.000000e+00  20684s
 2160403    5.5541009e+09   2.971684e+05   0.000000e+00  20692s
 2161136    5.5541010e+09   9.921553e+05   0.000000e+00  20699s
 2161869    5.5541011e+09   4.006448e+06   0.000000e+00  20707s
 2163335    5.5541011e+09   2.310333e+07   0.000000e+00  20713s
 2164068    5.5541012e+09   5.417055e+07   0.000000e+00  20718s
 2164768    5.5541013e+09   1.197361e+06   0.000000e+00  20726s
 2165408    5.5541014e+09   5.238901e+05   0.000000e+00  20735s
 2166141    5.5541015e+09   8.080055e+06   0.000000e+00  20745s
 2166874    5.5541015e+09   1.624188e+08   0.000000e+00  20750s
 2167607    5.5541015e+09   2.014754e+06   0.000000e+00  20757s
 2168340    5.5541017e+09   6.105538e+09   0.000000e+00  20764s
 2169073    5.5541018e+09   8.306696e+05   0.000000e+00  20772s
 2169643    5.5541019e+09   3.678705e+05   0.000000e+00  20781s
 2170273    5.5541019e+09   3.090509e+06   0.000000e+00  20791s
 2170923    5.5541020e+09   2.645224e+05   0.000000e+00  20800s
 2171613    5.5541021e+09   1.607168e+06   0.000000e+00  20810s
 2172273    5.5541021e+09   1.109611e+06   0.000000e+00  20819s
 2172813    5.5541021e+09   2.905303e+05   0.000000e+00  20828s
 2173413    5.5541022e+09   3.408031e+06   0.000000e+00  20837s
 2174083    5.5541024e+09   8.780354e+05   0.000000e+00  20846s
 2174816    5.5541028e+09   1.091149e+06   0.000000e+00  20855s
 2175436    5.5541029e+09   3.447634e+06   0.000000e+00  20863s
 2176026    5.5541029e+09   2.428761e+07   0.000000e+00  20873s
 2176586    5.5541030e+09   1.203460e+06   0.000000e+00  20881s
 2177319    5.5541030e+09   2.245452e+05   0.000000e+00  20890s
 2177989    5.5541031e+09   3.044272e+05   0.000000e+00  20898s
 2178569    5.5541031e+09   2.313453e+06   0.000000e+00  20906s
 2179302    5.5541033e+09   2.348552e+05   0.000000e+00  20914s
 2179922    5.5541033e+09   2.991696e+05   0.000000e+00  20923s
 2180532    5.5541034e+09   2.566085e+05   0.000000e+00  20932s
 2181152    5.5541034e+09   4.485155e+06   0.000000e+00  20941s
 2181802    5.5541034e+09   1.584656e+06   0.000000e+00  20949s
 2182535    5.5541035e+09   2.998727e+06   0.000000e+00  20957s
 2183268    5.5541035e+09   4.302881e+06   0.000000e+00  20965s
 2184001    5.5541037e+09   3.445734e+07   0.000000e+00  20972s
 2184721    5.5541037e+09   1.581831e+06   0.000000e+00  20981s
 2185241    5.5541037e+09   2.857592e+05   0.000000e+00  20991s
 2185711    5.5541038e+09   6.090704e+06   0.000000e+00  21000s
 2186321    5.5541038e+09   7.313953e+05   0.000000e+00  21009s
 2187001    5.5541039e+09   4.598839e+05   0.000000e+00  21018s
 2187511    5.5541039e+09   3.161162e+05   0.000000e+00  21027s
 2188071    5.5541039e+09   1.750106e+07   0.000000e+00  21044s
 2188701    5.5541040e+09   1.227829e+07   0.000000e+00  21053s
 2189381    5.5541040e+09   3.283475e+05   0.000000e+00  21062s
 2190114    5.5541041e+09   5.270922e+04   0.000000e+00  21069s
 2190844    5.5541041e+09   2.419384e+05   0.000000e+00  21079s
 2191577    5.5541041e+09   4.414747e+04   0.000000e+00  21086s
 2192227    5.5541041e+09   1.274494e+06   0.000000e+00  21094s
 2192960    5.5541042e+09   3.076627e+06   0.000000e+00  21102s
 2194403    5.5541043e+09   3.380643e+06   0.000000e+00  21122s
 2195136    5.5541044e+09   1.601076e+07   0.000000e+00  21130s
 2195869    5.5541046e+09   4.066311e+06   0.000000e+00  21142s
 2196602    5.5541048e+09   1.007521e+06   0.000000e+00  21147s
 2197335    5.5541048e+09   8.366350e+04   0.000000e+00  21153s
 2198068    5.5541049e+09   5.024323e+04   0.000000e+00  21160s
 2198801    5.5541049e+09   6.009498e+05   0.000000e+00  21167s
 2199534    5.5541049e+09   1.692825e+05   0.000000e+00  21173s
 2200267    5.5541050e+09   3.627399e+07   0.000000e+00  21186s
 2201000    5.5541052e+09   4.407217e+06   0.000000e+00  21191s
 2201733    5.5541052e+09   3.475459e+05   0.000000e+00  21197s
 2202363    5.5541053e+09   3.801311e+04   0.000000e+00  21207s
 2203096    5.5541054e+09   1.208174e+06   0.000000e+00  21212s
 2203756    5.5541055e+09   3.271020e+06   0.000000e+00  21221s
 2204489    5.5541055e+09   8.949697e+05   0.000000e+00  21227s
 2205955    5.5541056e+09   1.237094e+06   0.000000e+00  21231s
 2207421    5.5541057e+09   2.256535e+06   0.000000e+00  21240s
 2208154    5.5541057e+09   6.714026e+05   0.000000e+00  21248s
 2208887    5.5541058e+09   1.589640e+07   0.000000e+00  21250s
 2209620    5.5541058e+09   1.031414e+05   0.000000e+00  21262s
 2210353    5.5541058e+09   3.310995e+06   0.000000e+00  21268s
 2211086    5.5541059e+09   1.261161e+06   0.000000e+00  21277s
 2211786    5.5541059e+09   7.136942e+05   0.000000e+00  21285s
 2212506    5.5541059e+09   7.793453e+05   0.000000e+00  21293s
 2213239    5.5541060e+09   6.962756e+06   0.000000e+00  21300s
 2213972    5.5541061e+09   2.749499e+05   0.000000e+00  21306s
 2214562    5.5541061e+09   3.376959e+05   0.000000e+00  21314s
 2215222    5.5541061e+09   8.881423e+05   0.000000e+00  21322s
 2215955    5.5541061e+09   5.212167e+07   0.000000e+00  21330s
 2216688    5.5541062e+09   4.440702e+06   0.000000e+00  21336s
 2217421    5.5541062e+09   1.375218e+08   0.000000e+00  21343s
 2217971    5.5541062e+09   1.710646e+05   0.000000e+00  21352s
 2218601    5.5541063e+09   7.064538e+05   0.000000e+00  21360s
 2219334    5.5541063e+09   1.091989e+05   0.000000e+00  21367s
 2220067    5.5541063e+09   1.627801e+06   0.000000e+00  21373s
 2220800    5.5541063e+09   1.702460e+06   0.000000e+00  21378s
 2221533    5.5541063e+09   3.326303e+04   0.000000e+00  21383s
 2222266    5.5541064e+09   1.227409e+05   0.000000e+00  21392s
 2222999    5.5541064e+09   1.698821e+07   0.000000e+00  21400s
 2223732    5.5541065e+09   2.186646e+07   0.000000e+00  21407s
 2224465    5.5541065e+09   1.951768e+06   0.000000e+00  21413s
 2225198    5.5541065e+09   1.314460e+06   0.000000e+00  21422s
 2225928    5.5541065e+09   8.921776e+04   0.000000e+00  21430s
 2226568    5.5541066e+09   3.588039e+05   0.000000e+00  21438s
 2227301    5.5541067e+09   2.715247e+06   0.000000e+00  21445s
 2227951    5.5541067e+09   1.141051e+05   0.000000e+00  21453s
 2228684    5.5541067e+09   9.883548e+04   0.000000e+00  21471s
 2229224    5.5541067e+09   6.905983e+05   0.000000e+00  21480s
 2229824    5.5541068e+09   2.206457e+06   0.000000e+00  21488s
 2230554    5.5541068e+09   1.382404e+05   0.000000e+00  21496s
 2231287    5.5541068e+09   9.236763e+06   0.000000e+00  21503s
 2232020    5.5541068e+09   9.959550e+07   0.000000e+00  21508s
 2232753    5.5541068e+09   2.388363e+05   0.000000e+00  21514s
 2233486    5.5541069e+09   1.361983e+05   0.000000e+00  21522s
 2234136    5.5541069e+09   5.477035e+05   0.000000e+00  21532s
 2234869    5.5541069e+09   2.713384e+06   0.000000e+00  21537s
 2235569    5.5541069e+09   1.346598e+06   0.000000e+00  21547s
 2236302    5.5541070e+09   3.214278e+05   0.000000e+00  21556s
 2237035    5.5541070e+09   6.763543e+04   0.000000e+00  21563s
 2237768    5.5541070e+09   8.283873e+06   0.000000e+00  21571s
 2238501    5.5541070e+09   2.924485e+06   0.000000e+00  21577s
 2239234    5.5541071e+09   6.335253e+05   0.000000e+00  21584s
 2239944    5.5541071e+09   1.418225e+06   0.000000e+00  21594s
 2240624    5.5541071e+09   2.364540e+05   0.000000e+00  21611s
 2241357    5.5541071e+09   2.683176e+05   0.000000e+00  21619s
 2242090    5.5541071e+09   2.258561e+05   0.000000e+00  21624s
 2242823    5.5541072e+09   9.360622e+04   0.000000e+00  21630s
 2244289    5.5541072e+09   1.722616e+04   0.000000e+00  21642s
 2244999    5.5541072e+09   7.897534e+06   0.000000e+00  21650s
 2245732    5.5541073e+09   3.255109e+05   0.000000e+00  21658s
 2246465    5.5541074e+09   4.919825e+06   0.000000e+00  21665s
 2247198    5.5541074e+09   3.998164e+04   0.000000e+00  21672s
 2247931    5.5541075e+09   1.766425e+04   0.000000e+00  21678s
 2248664    5.5541075e+09   2.837316e+05   0.000000e+00  21684s
 2249397    5.5541075e+09   3.218324e+07   0.000000e+00  21690s
 2250130    5.5541075e+09   7.288480e+04   0.000000e+00  21697s
 2250863    5.5541075e+09   6.291399e+04   0.000000e+00  21702s
 2251596    5.5541075e+09   9.184974e+04   0.000000e+00  21706s
 2253653    5.5541075e+09   5.412347e+06   0.000000e+00  21710s
 2254386    5.5541076e+09   5.008572e+04   0.000000e+00  21718s
 2255119    5.5541076e+09   3.376836e+04   0.000000e+00  21726s
 2255852    5.5541076e+09   1.090591e+06   0.000000e+00  21734s
 2256585    5.5541076e+09   1.273988e+06   0.000000e+00  21742s
 2257938    5.5541076e+09   4.837901e+05   0.000000e+00  21754s
 2258668    5.5541077e+09   2.421893e+05   0.000000e+00  21762s
 2259348    5.5541077e+09   1.657117e+04   0.000000e+00  21770s
 2259938    5.5541077e+09   1.532857e+07   0.000000e+00  21778s
 2260458    5.5541077e+09   2.056737e+05   0.000000e+00  21785s
 2261178    5.5541077e+09   2.755803e+06   0.000000e+00  21794s
 2261798    5.5541077e+09   3.042574e+04   0.000000e+00  21803s
 2262378    5.5541078e+09   2.058429e+05   0.000000e+00  21811s
 2262948    5.5541078e+09   3.560449e+04   0.000000e+00  21821s
 2263448    5.5541078e+09   1.264427e+04   0.000000e+00  21833s
 2264078    5.5541078e+09   2.191439e+04   0.000000e+00  21841s
 2264811    5.5541078e+09   1.634401e+05   0.000000e+00  21848s
 2265451    5.5541078e+09   1.410700e+05   0.000000e+00  21856s
 2265981    5.5541078e+09   1.632236e+05   0.000000e+00  21864s
 2266541    5.5541078e+09   1.655468e+05   0.000000e+00  21875s
 2267131    5.5541078e+09   2.477050e+05   0.000000e+00  21884s
 2267864    5.5541078e+09   1.186786e+05   0.000000e+00  21892s
 2268494    5.5541078e+09   3.403774e+05   0.000000e+00  21901s
 2269227    5.5541078e+09   2.509885e+05   0.000000e+00  21907s
 2269960    5.5541078e+09   1.991846e+06   0.000000e+00  21915s
 2270540    5.5541078e+09   4.230458e+04   0.000000e+00  21924s
 2271200    5.5541079e+09   3.677982e+04   0.000000e+00  21933s
 2271860    5.5541079e+09   2.656157e+04   0.000000e+00  21941s
 2272593    5.5541079e+09   2.478788e+04   0.000000e+00  21946s
 2273263    5.5541079e+09   1.491515e+05   0.000000e+00  21954s
 2273923    5.5541079e+09   3.806372e+05   0.000000e+00  21967s
 2274513    5.5541079e+09   1.167928e+04   0.000000e+00  21976s
 2275173    5.5541079e+09   2.382622e+04   0.000000e+00  21983s
 2275713    5.5541079e+09   6.841521e+04   0.000000e+00  21993s
 2276446    5.5541079e+09   1.333336e+05   0.000000e+00  22001s
 2277179    5.5541080e+09   8.648493e+04   0.000000e+00  22008s
 2277912    5.5541080e+09   9.042507e+04   0.000000e+00  22016s
 2278482    5.5541080e+09   1.000131e+05   0.000000e+00  22026s
 2279122    5.5541080e+09   5.759902e+04   0.000000e+00  22034s
 2279852    5.5541080e+09   7.683291e+05   0.000000e+00  22042s
 2280452    5.5541080e+09   6.677152e+04   0.000000e+00  22050s
 2280962    5.5541080e+09   6.386543e+04   0.000000e+00  22059s
 2281612    5.5541080e+09   8.961069e+04   0.000000e+00  22067s
 2282345    5.5541081e+09   1.149692e+04   0.000000e+00  22076s
 2283078    5.5541081e+09   5.252218e+03   0.000000e+00  22083s
 2283811    5.5541081e+09   1.089977e+04   0.000000e+00  22091s
 2284501    5.5541081e+09   9.740907e+04   0.000000e+00  22100s
 2285234    5.5541081e+09   3.347992e+04   0.000000e+00  22101s
 2285914    5.5541081e+09   5.994911e+04   0.000000e+00  22115s
 2286614    5.5541081e+09   2.750194e+05   0.000000e+00  22123s
 2287324    5.5541081e+09   2.323548e+04   0.000000e+00  22133s
 2288057    5.5541081e+09   9.749996e+04   0.000000e+00  22141s
 2288727    5.5541081e+09   4.057233e+04   0.000000e+00  22150s
 2289347    5.5541081e+09   1.173953e+05   0.000000e+00  22159s
 2289867    5.5541081e+09   1.340431e+05   0.000000e+00  22167s
 2290600    5.5541081e+09   3.599764e+06   0.000000e+00  22181s
 2291333    5.5541081e+09   1.574670e+05   0.000000e+00  22188s
 2291853    5.5541081e+09   9.122114e+05   0.000000e+00  22196s
 2292493    5.5541082e+09   9.304740e+04   0.000000e+00  22205s
 2292983    5.5541082e+09   3.832564e+04   0.000000e+00  22213s
 2293543    5.5541082e+09   5.846507e+04   0.000000e+00  22221s
 2293993    5.5541082e+09   1.829603e+04   0.000000e+00  22230s
 2294573    5.5541082e+09   2.936376e+05   0.000000e+00  22237s
 2295253    5.5541082e+09   5.963512e+06   0.000000e+00  22245s
 2295986    5.5541082e+09   1.937478e+05   0.000000e+00  22252s
 2296706    5.5541082e+09   2.979647e+05   0.000000e+00  22260s
 2297306    5.5541082e+09   3.565357e+03   0.000000e+00  22269s
 2297786    5.5541082e+09   6.552213e+04   0.000000e+00  22277s
 2298406    5.5541082e+09   1.039575e+05   0.000000e+00  22285s
 2299056    5.5541082e+09   3.904796e+03   0.000000e+00  22293s
 2299686    5.5541082e+09   6.118305e+05   0.000000e+00  22301s
 2300386    5.5541082e+09   2.578570e+04   0.000000e+00  22308s
 2300926    5.5541082e+09   4.416597e+04   0.000000e+00  22310s
 2301476    5.5541082e+09   1.403733e+06   0.000000e+00  22327s
 2301936    5.5541082e+09   5.466785e+04   0.000000e+00  22336s
 2302506    5.5541083e+09   3.477467e+03   0.000000e+00  22344s
 2303056    5.5541083e+09   1.169533e+06   0.000000e+00  22353s
 2303606    5.5541083e+09   1.626024e+05   0.000000e+00  22362s
 2304196    5.5541083e+09   2.753502e+06   0.000000e+00  22369s
 2304929    5.5541083e+09   2.594923e+04   0.000000e+00  22377s
 2305509    5.5541083e+09   1.397352e+04   0.000000e+00  22384s
 2306079    5.5541083e+09   2.475661e+04   0.000000e+00  22391s
 2306589    5.5541083e+09   2.020503e+04   0.000000e+00  22401s
 2307289    5.5541083e+09   7.242794e+03   0.000000e+00  22410s
 2307909    5.5541083e+09   6.515263e+04   0.000000e+00  22418s
 2308559    5.5541083e+09   5.007085e+05   0.000000e+00  22426s
 2309029    5.5541083e+09   5.471374e+04   0.000000e+00  22434s
 2309629    5.5541083e+09   1.343410e+05   0.000000e+00  22442s
 2310239    5.5541083e+09   8.369526e+04   0.000000e+00  22450s
 2310679    5.5541083e+09   3.486647e+04   0.000000e+00  22457s
 2311259    5.5541083e+09   3.752717e+04   0.000000e+00  22466s
 2311899    5.5541083e+09   7.690503e+03   0.000000e+00  22475s
 2312632    5.5541083e+09   2.325666e+06   0.000000e+00  22482s
 2313365    5.5541083e+09   1.639556e+05   0.000000e+00  22485s
 2314098    5.5541083e+09   4.004431e+05   0.000000e+00  22492s
 2314778    5.5541083e+09   5.357602e+03   0.000000e+00  22500s
 2315298    5.5541083e+09   2.641077e+06   0.000000e+00  22508s
 2316031    5.5541083e+09   1.771104e+07   0.000000e+00  22514s
 2316751    5.5541083e+09   2.332312e+05   0.000000e+00  22522s
 2317401    5.5541084e+09   4.073607e+03   0.000000e+00  22531s
 2318011    5.5541084e+09   2.956084e+05   0.000000e+00  22539s
 2318521    5.5541084e+09   1.174273e+05   0.000000e+00  22547s
 2319171    5.5541084e+09   2.660288e+03   0.000000e+00  22556s
 2319701    5.5541084e+09   1.157065e+05   0.000000e+00  22564s
 2320321    5.5541084e+09   1.134233e+06   0.000000e+00  22571s
 2321054    5.5541084e+09   4.510508e+04   0.000000e+00  22579s
 2321604    5.5541084e+09   3.235451e+04   0.000000e+00  22586s
 2322264    5.5541084e+09   1.517996e+06   0.000000e+00  22594s
 2323730    5.5541084e+09   9.804437e+05   0.000000e+00  22611s
 2324463    5.5541084e+09   4.502951e+03   0.000000e+00  22617s
 2324923    5.5541084e+09   1.948066e+04   0.000000e+00  22626s
 2325383    5.5541084e+09   9.000880e+04   0.000000e+00  22634s
 2325903    5.5541084e+09   6.518837e+04   0.000000e+00  22641s
 2326636    5.5541084e+09   2.621258e+06   0.000000e+00  22648s
 2327266    5.5541084e+09   1.731703e+05   0.000000e+00  22655s
 2327836    5.5541084e+09   7.471252e+04   0.000000e+00  22663s
 2328376    5.5541084e+09   1.030327e+05   0.000000e+00  22669s
 2328986    5.5541084e+09   6.148946e+03   0.000000e+00  22684s
 2329719    5.5541084e+09   4.145319e+04   0.000000e+00  22692s
 2330399    5.5541084e+09   5.085983e+04   0.000000e+00  22701s
 2331069    5.5541085e+09   1.856728e+05   0.000000e+00  22709s
 2331609    5.5541085e+09   3.039463e+04   0.000000e+00  22717s
 2332209    5.5541085e+09   1.513756e+05   0.000000e+00  22725s
 2332709    5.5541085e+09   4.844390e+03   0.000000e+00  22732s
 2333259    5.5541085e+09   2.656409e+03   0.000000e+00  22740s
 2333992    5.5541085e+09   9.830101e+03   0.000000e+00  22747s
 2334725    5.5541085e+09   1.370490e+04   0.000000e+00  22755s
 2335458    5.5541085e+09   3.695495e+04   0.000000e+00  22762s
 2335968    5.5541085e+09   1.372655e+05   0.000000e+00  22770s
 2336548    5.5541085e+09   1.214114e+05   0.000000e+00  22779s
 2337281    5.5541085e+09   2.850260e+06   0.000000e+00  22786s
 2338014    5.5541085e+09   1.439056e+05   0.000000e+00  22793s
 2338704    5.5541085e+09   9.149432e+04   0.000000e+00  22800s
 2339314    5.5541085e+09   1.006631e+04   0.000000e+00  22807s
 2340047    5.5541085e+09   8.103497e+03   0.000000e+00  22825s
 2340780    5.5541085e+09   1.957945e+04   0.000000e+00  22832s
 2341350    5.5541085e+09   2.549894e+05   0.000000e+00  22840s
 2342030    5.5541085e+09   1.416519e+04   0.000000e+00  22848s
 2342480    5.5541085e+09   6.137461e+05   0.000000e+00  22856s
 2342970    5.5541085e+09   7.586775e+04   0.000000e+00  22863s
 2343460    5.5541085e+09   2.633239e+04   0.000000e+00  22871s
 2343980    5.5541085e+09   1.271000e+07   0.000000e+00  22878s
 2344610    5.5541085e+09   3.535997e+04   0.000000e+00  22888s
 2345050    5.5541085e+09   1.527147e+05   0.000000e+00  22896s
 2345480    5.5541085e+09   3.374449e+04   0.000000e+00  22903s
 2346170    5.5541085e+09   4.118412e+03   0.000000e+00  22911s
 2346630    5.5541085e+09   1.257617e+05   0.000000e+00  22918s
 2347260    5.5541085e+09   1.561998e+05   0.000000e+00  22925s
 2347800    5.5541085e+09   1.218713e+05   0.000000e+00  22934s
 2348380    5.5541085e+09   3.671095e+03   0.000000e+00  22942s
 2348910    5.5541085e+09   6.884408e+04   0.000000e+00  22952s
 2349620    5.5541086e+09   1.499145e+04   0.000000e+00  22961s
 2350353    5.5541086e+09   1.205949e+03   0.000000e+00  22969s
 2350893    5.5541086e+09   6.506287e+06   0.000000e+00  22977s
 2351503    5.5541086e+09   3.528718e+03   0.000000e+00  22984s
 2352113    5.5541086e+09   2.218971e+05   0.000000e+00  22991s
 2352613    5.5541086e+09   7.426991e+05   0.000000e+00  22999s
 2353073    5.5541086e+09   2.647432e+04   0.000000e+00  23007s
 2353483    5.5541086e+09   1.585857e+03   0.000000e+00  23015s
 2354153    5.5541086e+09   2.227328e+04   0.000000e+00  23024s
 2354873    5.5541086e+09   1.123378e+05   0.000000e+00  23033s
 2355393    5.5541086e+09   9.868920e+03   0.000000e+00  23040s
 2355923    5.5541086e+09   4.656386e+02   0.000000e+00  23048s
 2356443    5.5541086e+09   3.508256e+04   0.000000e+00  23057s
 2357163    5.5541086e+09   1.197982e+05   0.000000e+00  23066s
 2357713    5.5541086e+09   4.166586e+04   0.000000e+00  23074s
 2358413    5.5541086e+09   3.423447e+05   0.000000e+00  23084s
 2359013    5.5541086e+09   5.251937e+04   0.000000e+00  23093s
 2359643    5.5541086e+09   1.360043e+05   0.000000e+00  23109s
 2360203    5.5541086e+09   1.936922e+02   0.000000e+00  23117s
 2360723    5.5541086e+09   3.520525e+04   0.000000e+00  23124s
 2361456    5.5541086e+09   5.149388e+03   0.000000e+00  23132s
 2362189    5.5541086e+09   3.493002e+03   0.000000e+00  23137s
 2362922    5.5541086e+09   2.077305e+03   0.000000e+00  23145s
 2363512    5.5541086e+09   1.157819e+04   0.000000e+00  23155s
 2364092    5.5541086e+09   3.209470e+04   0.000000e+00  23163s
 2364762    5.5541086e+09   6.400398e+03   0.000000e+00  23180s
 2365495    5.5541086e+09   1.214529e+05   0.000000e+00  23185s
 2366228    5.5541086e+09   3.702558e+02   0.000000e+00  23193s
 2366961    5.5541086e+09   9.384425e+03   0.000000e+00  23197s
 2367694    5.5541086e+09   1.100718e+03   0.000000e+00  23205s
 2368427    5.5541086e+09   1.459982e+04   0.000000e+00  23211s
 2369057    5.5541086e+09   1.059863e+07   0.000000e+00  23221s
 2369790    5.5541086e+09   3.542472e+03   0.000000e+00  23229s
 2370523    5.5541086e+09   2.840545e+04   0.000000e+00  23235s
 2371256    5.5541086e+09   4.542363e+04   0.000000e+00  23245s
 2371989    5.5541086e+09   4.744660e+04   0.000000e+00  23250s
 2372499    5.5541086e+09   2.575602e+04   0.000000e+00  23258s
 2373059    5.5541086e+09   9.350735e+04   0.000000e+00  23266s
 2373792    5.5541086e+09   9.371706e+03   0.000000e+00  23272s
 2374525    5.5541086e+09   2.409017e+04   0.000000e+00  23279s
 2375075    5.5541086e+09   2.237646e+05   0.000000e+00  23290s
 2375808    5.5541086e+09   7.134085e+03   0.000000e+00  23297s
 2376338    5.5541086e+09   2.940981e+03   0.000000e+00  23304s
 2376858    5.5541086e+09   1.085747e+05   0.000000e+00  23313s
 2377408    5.5541086e+09   9.666366e+03   0.000000e+00  23321s
 2378058    5.5541086e+09   5.865257e+05   0.000000e+00  23330s
 2378518    5.5541086e+09   5.194448e+04   0.000000e+00  23338s
 2379058    5.5541086e+09   4.643094e+03   0.000000e+00  23347s
 2379558    5.5541086e+09   2.524557e+04   0.000000e+00  23356s
 2380118    5.5541086e+09   8.670053e+03   0.000000e+00  23365s
 2380708    5.5541086e+09   1.003558e+04   0.000000e+00  23373s
 2381328    5.5541086e+09   3.269622e+03   0.000000e+00  23381s
 2381978    5.5541086e+09   9.729924e+02   0.000000e+00  23388s
 2382711    5.5541086e+09   2.618419e+01   0.000000e+00  23394s
 2383444    5.5541086e+09   6.640037e+04   0.000000e+00  23401s
 2384177    5.5541086e+09   4.717776e+02   0.000000e+00  23409s
 2384867    5.5541086e+09   5.827755e+02   0.000000e+00  23419s
 2385600    5.5541086e+09   7.335005e+01   0.000000e+00  23428s
 2386333    5.5541086e+09   6.919223e+03   0.000000e+00  23437s
 2387066    5.5541086e+09   5.718193e+03   0.000000e+00  23445s
 2387799    5.5541086e+09   9.542548e+02   0.000000e+00  23453s
 2388509    5.5541086e+09   9.647350e+02   0.000000e+00  23463s
 2389242    5.5541086e+09   1.569727e+03   0.000000e+00  23468s
 2389852    5.5541086e+09   3.770911e+03   0.000000e+00  23476s
 2390562    5.5541086e+09   1.457732e+02   0.000000e+00  23486s
 2391295    5.5541086e+09   6.847696e+01   0.000000e+00  23493s
 2392028    5.5541086e+09   4.147052e+03   0.000000e+00  23497s
 2392738    5.5541086e+09   6.112906e+02   0.000000e+00  23505s
 2393338    5.5541086e+09   3.438206e+01   0.000000e+00  23513s
 2393838    5.5541086e+09   4.649529e-01   0.000000e+00  23521s
 2394571    5.5541086e+09   3.159223e+00   0.000000e+00  23530s
 2395304    5.5541086e+09   1.561155e+01   0.000000e+00  23533s
 2396037    5.5541086e+09   1.135815e-01   0.000000e+00  23536s
 2396770    5.5541086e+09   1.278977e-01   0.000000e+00  23542s
 2397503    5.5541086e+09   3.731605e+00   0.000000e+00  23546s
 2398236    5.5541086e+09   7.717639e+00   0.000000e+00  23551s
 2398926    5.5541086e+09   5.769963e-01   0.000000e+00  23560s
 2399659    5.5541086e+09   1.883055e-01   0.000000e+00  23565s
 2400392    5.5541086e+09   7.637590e-01   0.000000e+00  23569s
 2400448    5.5541086e+09   0.000000e+00   0.000000e+00  23571s
Waiting for other threads to finish...       23649s
Waiting for other threads to finish...       23723s
Waiting for other threads to finish...       23798s
Waiting for other threads to finish...       23872s
Waiting for other threads to finish...       23952s
Waiting for other threads to finish...       24022s
Waiting for other threads to finish...       24092s
Waiting for other threads to finish...       24161s
Waiting for other threads to finish...       24231s
Waiting for other threads to finish...       24299s
Waiting for other threads to finish...       24374s
Waiting for other threads to finish...       24442s
Waiting for other threads to finish...       24528s
Waiting for other threads to finish...       24607s
Waiting for other threads to finish...       24681s
Waiting for other threads to finish...       24759s
Waiting for other threads to finish...       24827s
Waiting for other threads to finish...       24904s
Waiting for other threads to finish...       24973s
Waiting for other threads to finish...       25049s
Waiting for other threads to finish...       25118s
Waiting for other threads to finish...       25190s
Waiting for other threads to finish...       25269s
Waiting for other threads to finish...       25337s
Waiting for other threads to finish...       25415s
Waiting for other threads to finish...       25484s
Waiting for other threads to finish...       25557s
Waiting for other threads to finish...       25636s
Waiting for other threads to finish...       25706s
Waiting for other threads to finish...       25775s
Waiting for other threads to finish...       25845s
Waiting for other threads to finish...       25919s
Waiting for other threads to finish...       25988s
Waiting for other threads to finish...       26056s
Waiting for other threads to finish...       26126s
Waiting for other threads to finish...       26195s
Waiting for other threads to finish...       26265s
Waiting for other threads to finish...       26335s
Waiting for other threads to finish...       26408s
Waiting for other threads to finish...       26486s
Waiting for other threads to finish...       26564s
Waiting for other threads to finish...       26635s
Waiting for other threads to finish...       26711s
Waiting for other threads to finish...       26783s
Waiting for other threads to finish...       26851s
Waiting for other threads to finish...       26931s
Waiting for other threads to finish...       26999s
Waiting for other threads to finish...       27075s
Waiting for other threads to finish...       27153s
Waiting for other threads to finish...       27235s
Waiting for other threads to finish...       27308s
Waiting for other threads to finish...       27376s
Waiting for other threads to finish...       27449s
Waiting for other threads to finish...       27518s
Waiting for other threads to finish...       27586s
Waiting for other threads to finish...       27654s
Waiting for other threads to finish...       27732s
Waiting for other threads to finish...       27812s
Waiting for other threads to finish...       27886s
Waiting for other threads to finish...       27965s
Waiting for other threads to finish...       28035s
Waiting for other threads to finish...       28103s
Waiting for other threads to finish...       28180s
Waiting for other threads to finish...       28248s
Waiting for other threads to finish...       28316s
Waiting for other threads to finish...       28384s
Waiting for other threads to finish...       28453s
Waiting for other threads to finish...       28526s
Waiting for other threads to finish...       28593s
Waiting for other threads to finish...       28668s
Waiting for other threads to finish...       28735s
Waiting for other threads to finish...       28813s
Waiting for other threads to finish...       28883s
Waiting for other threads to finish...       28953s
Waiting for other threads to finish...       29030s
Waiting for other threads to finish...       29105s
Waiting for other threads to finish...       29173s
Waiting for other threads to finish...       29243s
Waiting for other threads to finish...       29313s
Waiting for other threads to finish...       29383s
Waiting for other threads to finish...       29450s
Waiting for other threads to finish...       29518s
Waiting for other threads to finish...       29586s
Waiting for other threads to finish...       29653s
Waiting for other threads to finish...       29722s
Waiting for other threads to finish...       29789s
Waiting for other threads to finish...       29865s
Waiting for other threads to finish...       29934s
Waiting for other threads to finish...       30004s
Waiting for other threads to finish...       30072s
Waiting for other threads to finish...       30143s
Waiting for other threads to finish...       30219s
Waiting for other threads to finish...       30288s
Waiting for other threads to finish...       30372s
Waiting for other threads to finish...       30449s
Waiting for other threads to finish...       30527s
Waiting for other threads to finish...       30606s
Waiting for other threads to finish...       30680s
Waiting for other threads to finish...       30759s
Waiting for other threads to finish...       30829s
Waiting for other threads to finish...       30898s
Waiting for other threads to finish...       30973s
Waiting for other threads to finish...       31040s
Waiting for other threads to finish...       31108s
Waiting for other threads to finish...       31175s
Waiting for other threads to finish...       31242s
Waiting for other threads to finish...       31317s
Waiting for other threads to finish...       31384s
Waiting for other threads to finish...       31452s
Waiting for other threads to finish...       31520s
Waiting for other threads to finish...       31589s
Waiting for other threads to finish...       31659s
Waiting for other threads to finish...       31735s
Waiting for other threads to finish...       31815s
Waiting for other threads to finish...       31882s
Waiting for other threads to finish...       31950s
Waiting for other threads to finish...       32016s
Waiting for other threads to finish...       32088s
Waiting for other threads to finish...       32164s
Waiting for other threads to finish...       32232s
Waiting for other threads to finish...       32300s
Waiting for other threads to finish...       32377s
Waiting for other threads to finish...       32446s
Waiting for other threads to finish...       32521s
Waiting for other threads to finish...       32593s
Waiting for other threads to finish...       32660s
Waiting for other threads to finish...       32729s
Waiting for other threads to finish...       32796s
Waiting for other threads to finish...       32864s
Waiting for other threads to finish...       32933s
Waiting for other threads to finish...       33003s
Waiting for other threads to finish...       33072s
Waiting for other threads to finish...       33141s
Waiting for other threads to finish...       33216s
Waiting for other threads to finish...       33282s
Waiting for other threads to finish...       33349s
Waiting for other threads to finish...       33418s
Waiting for other threads to finish...       33488s
Waiting for other threads to finish...       33558s
Waiting for other threads to finish...       33628s
Concurrent spin time: 10108.00s (can be avoided by choosing Method=3)

Solved with dual simplex

Root simplex log...

Iteration    Objective       Primal Inf.    Dual Inf.      Time
 3399855    5.5541086e+09   0.000000e+00   0.000000e+00  33684s
Extra simplex iterations after uncrush: 1

Root relaxation: objective 5.554109e+09, 3399855 iterations, 33584.15 seconds (17027.81 work units)
Total elapsed time = 33685.75s (DegenMoves)
Total elapsed time = 33698.59s (DegenMoves)

    Nodes    |    Current Node    |     Objective Bounds      |     Work
 Expl Unexpl |  Obj  Depth IntInf | Incumbent    BestBd   Gap | It/Node Time

     0     0 5.5541e+09    0   13          - 5.5541e+09      -     - 33704s
H    0     0                    5.807178e+09 5.5541e+09  4.36%     - 38472s
     0     0 5.5544e+09    0  162 5.8072e+09 5.5544e+09  4.35%     - 53304s
     0     0 5.5544e+09    0  159 5.8072e+09 5.5544e+09  4.35%     - 53310s

Cutting planes:
  MIR: 952
  Flow cover: 23001

Explored 1 nodes (4415629 simplex iterations) in 72002.42 seconds (38310.76 work units)
Thread count was 32 (of 48 available processors)

Solution count 1: 5.80718e+09 

Time limit reached
Warning: max constraint violation (1.2384e-06) exceeds tolerance
Best objective 5.807177807577e+09, best bound 5.554351367053e+09, gap 4.3537%
