run,archetype,cluster_kmeans,local_self_sufficiency,centralization,storage_large_share,import_intensity,SS_pipe,LL_pipe,meshed,n_pipelines,highP_share,total_demand_TWh,demand_level_ratio,unbalance_ratio,electricity_availability_small,electricity_availability_large,import_availability_ratio,electricity_price_avg,electricity_standard_dev,hydrogen_import_price,solar_availability,distance_Large_cluster1_to_Large_cluster2_km,distance_Small_cluster1_to_Small_cluster2_km,distance_from_large_cluster,cluster_final
parallel_run_0001,Archetype_1,1,1.0,0.9506489106239808,0.8333333333333334,0.0,0,1,0,1,0.0,5.645937846490421,19.08999399027946,4.574685372982158,59.43535530068567,740.044618160573,0.4465748804743228,76.02908933133577,44.09919367093785,262.8462682705834,0.782484278393255,1251.7,889.1,466.95,1
parallel_run_0002,Archetype_1,0,0.5896821132569795,0.9593435839137412,0.7885758323879251,0.1173207766992575,0,1,0,3,0.3333333333333333,13.49964268135165,15.33095577911059,4.464674582116157,42.94616278436651,1185.794953774338,0.117649937817252,137.4023502352264,22.49168264409253,128.2191212271367,0.5911665438533666,1251.7,889.1,466.95,0
parallel_run_0003,Archetype_1,1,1.0,0.930888481208164,0.8333333333333398,0.2227001540022473,0,0,0,1,0.0,6.405292284318544,19.53555145216947,3.764585606427318,64.73890400335439,850.6267050193985,0.2646507902451352,37.50790122422556,110.5320184729022,100.9223548185412,1.28665717130124,1251.7,889.1,466.95,1
parallel_run_0004,Archetype_1,1,0.4832203222379013,0.9637744166835718,0.0,0.1864198928371296,0,0,0,2,0.0,5.078233488755179,15.36811055664406,4.023785290991664,68.86856051780249,1676.075248578451,0.2246787017126815,129.5689761803989,24.65199699594505,232.3224413807133,0.6774859235206085,1251.7,889.1,466.95,1
parallel_run_0005,Archetype_1,2,0.8662088686718273,0.9067796012506018,0.8530301746977375,0.0375876950762239,0,1,0,3,0.3333333333333333,9.795367374301884,8.46566765326878,4.968477490368761,93.10632240494294,1005.748088406246,0.0638931166280094,56.87494984404746,127.412906728483,150.7886454235,1.149819164967017,1251.7,889.1,466.95,2
parallel_run_0006,Archetype_1,0,0.5141968991030764,0.9580636754604304,0.8333333333333334,0.1423210265669951,0,1,0,3,0.3333333333333333,13.21427123302489,12.99077849367701,2.804621181868556,57.60856169568081,1509.042894252557,0.202994166366049,91.80831738898752,122.5526135883852,139.657431483073,1.128863155150354,1251.7,889.1,466.95,0
parallel_run_0008,Archetype_1,1,0.3684354717500562,0.9602795914286134,0.0,0.0508958196645447,0,0,0,2,0.0,6.639503134093878,8.702036358183824,2.460006477284389,50.84918084009174,1224.275709388201,0.14250239653806,114.0559579566393,16.49310952489565,222.5836742807619,1.025953997214746,1251.7,889.1,466.95,1
parallel_run_0010,Archetype_1,1,9.034940928770796e-05,0.9999918717303916,0.8856358830095149,0.3979059138864169,0,0,0,2,0.0,13.53541818756549,17.50384951367896,4.718111782544003,32.06607470803334,1682.919135964777,0.407888008510583,62.79308556464255,40.8608152984074,108.3468966403483,0.7505038651828599,1251.7,889.1,466.95,1
parallel_run_0011,Archetype_1,1,0.1754295522603889,0.9829677073350604,0.9009153558958082,0.340443765900061,0,0,0,2,0.0,9.589786864094185,14.52009542132607,2.25760526337914,95.46321746956043,1743.776803747743,0.3420270254820715,154.4883468009115,38.07535167163682,155.3553685224774,0.5347162870897352,1251.7,889.1,466.95,1
parallel_run_0013,Archetype_1,0,0.4536639593129268,0.9698543098957436,0.8333333333333334,0.1134672745872488,0,1,0,3,0.3333333333333333,11.5724650899624,15.71417657225041,2.505463074151018,37.82135289309134,1732.171085268251,0.2966680057335894,87.89904124731528,124.3179479506931,188.0589961374106,0.6121933944560484,1251.7,889.1,466.95,0
parallel_run_0014,Archetype_1,2,1.0,0.8711899141662759,0.6641912904303477,0.0649126825777135,0,1,0,3,0.0,7.401877309695345,16.72060108361629,4.239354502223774,78.9004950381646,763.9731909619118,0.0862171753274194,168.5882939237162,10.48455250370037,274.1962939177321,0.9381802418748396,1251.7,889.1,466.95,2
parallel_run_0015,Archetype_1,1,0.0,1.0,0.7936518748102233,8.449159353974852e-06,0,0,0,2,0.0,6.226512320545174,10.57007202633626,4.816232216133942,78.55254926123328,1473.572870709382,0.3084672339978864,39.11190515019379,26.58517665913403,167.9697151744124,0.8989728030906465,1251.7,889.1,466.95,1
parallel_run_0016,Archetype_1,1,0.4906116629235669,0.95486524204003,0.8333333333333334,0.2157707280963022,0,0,0,2,0.0,8.028178927033153,12.69358091967134,3.112625106465832,36.62334427994244,1295.694779439287,0.2513937760739758,117.9684651723182,90.13045861303728,158.0544197808208,0.9195426682975842,1251.7,889.1,466.95,1
parallel_run_0017,Archetype_1,1,0.2451979904305254,0.9691940293833776,0.8134597157520941,0.0232023119760327,0,0,0,2,0.0,5.772023405404161,7.116169331792253,2.064522668331408,56.51085137099933,1786.195480402135,0.0232508350807578,161.0329775531958,25.14851249315225,197.822121004284,0.7197444930411876,1251.7,889.1,466.95,1
parallel_run_0018,Archetype_1,2,1.0,0.9301077617731702,0.909090909090988,0.0389559600296943,0,1,0,3,0.3333333333333333,9.480794663304136,17.03804542014852,4.639878986106728,99.35855694037711,1250.245306083507,0.4168895798584492,43.35096290748591,149.1588574610129,277.1890738836713,1.083347637799514,1251.7,889.1,466.95,2
parallel_run_0019,Archetype_1,2,1.0,0.9004196983532828,0.8333333333333334,0.2717144276326767,0,1,0,3,0.3333333333333333,12.59017345046845,19.02253176729523,3.9523185428614,96.0626212890334,921.343979285896,0.3159410008343269,143.9201303011419,83.56764829664709,247.3963377767511,1.184696545793093,1251.7,889.1,466.95,2
parallel_run_0020,Archetype_1,2,0.7291587217805533,0.945434990102372,0.0,0.3245470554699656,0,1,0,3,0.3333333333333333,13.88681027006693,18.61075821619153,4.347085125891433,43.42201779666991,778.7163195623369,0.5440908291581393,33.79114171279144,30.41474642500482,289.3256653337539,0.7671046222699125,1251.7,889.1,466.95,2
parallel_run_0021,Archetype_1,1,0.2043307544827847,0.9403976718745176,0.1067281985425711,0.5590753627443978,0,0,0,2,0.0,10.32199462340584,6.699275404416465,2.08038382636346,44.79361792876074,979.8557987975116,0.595749285135953,177.31500644115,11.06955829270862,290.4698168059626,1.067301995703033,1251.7,889.1,466.95,1
parallel_run_0022,Archetype_1,0,0.4590902391648059,0.9529428406705188,0.8333333333333334,0.3262087155324294,0,1,0,3,0.3333333333333333,10.44667181037197,13.25070225132207,4.259523874160369,88.11039822390016,1086.489408610497,0.3604504262054547,93.26680170863348,86.31118950437782,141.2036987315458,0.8099763525700954,1251.7,889.1,466.95,0
parallel_run_0023,Archetype_1,1,0.8018964420808551,0.9050275477065468,0.8333333333333334,0.3362531735225976,0,0,0,2,0.0,7.193260089885094,11.65964368980142,4.36245347424116,67.47086947928852,860.866485459772,0.3929505433301446,47.88817474253383,105.9284432028051,105.7696635231778,0.7077017593878874,1251.7,889.1,466.95,1
parallel_run_0024,Archetype_1,0,0.4190395481337549,0.9753258428955696,-4.755269143610478e-13,-1.1947485076703452e-16,0,1,0,3,0.3333333333333333,10.87938801553206,16.037856129965,2.961086101395173,69.6604654795751,1130.70880630468,0.3289402099742169,45.2910359937304,14.91317533979289,294.1194921299998,1.165324106539424,1251.7,889.1,466.95,0
parallel_run_0025,Archetype_1,0,0.5934395924012444,0.9611667903735795,0.8507139000185182,0.2562290319002739,0,1,0,3,0.3333333333333333,11.04944243362644,19.24071518137925,3.605624564480587,53.85239415205597,1355.675352940887,0.2611936824169285,192.5155188876426,93.4514385332439,163.183152602084,0.9537850554699546,1251.7,889.1,466.95,0
parallel_run_0026,Archetype_1,2,1.0,0.828960920449493,0.8333333333333334,0.5222734706710702,0,1,0,3,0.0,9.08917883368848,15.93141516714483,2.552097542916801,87.05159164902761,516.4075892774002,0.5259683590341234,164.5121833558311,80.95119800030251,191.2553856341034,1.094491785369062,1251.7,889.1,466.95,2
parallel_run_0027,Archetype_1,1,0.7180957566144807,0.9042200528088932,0.8333333333333334,0.331240809222182,0,0,1,3,0.0,6.022122980882333,10.18624643812967,4.118622604217991,44.05635878211464,657.7419002366751,0.4846669501207773,27.38228323221475,120.2686065600439,118.8863494549756,1.050243965660369,1251.7,889.1,466.95,2
parallel_run_0028,Archetype_1,0,0.6912700790021974,0.9644170861493082,0.8333333333333426,0.0330718836925406,0,1,0,3,0.3333333333333333,12.81217303836103,18.79926099501478,3.671884488568053,46.3834911494316,1976.5423669876,0.4556973803877963,98.27765434529884,77.3225987347966,261.8146648055326,0.8637011623017257,1251.7,889.1,466.95,0
parallel_run_0029,Archetype_1,2,1.0,0.9252040590570764,0.0,0.0269993723878501,0,1,0,3,0.3333333333333333,11.30329623906534,14.11358006738063,2.119776423336449,80.39616228749757,927.2926047619708,0.0269989646361896,110.5634989792129,18.96908617913164,123.0786965714163,1.005760777712649,1251.7,889.1,466.95,2
parallel_run_0030,Archetype_1,1,0.0,1.0,0.8847056138701999,0.0009269983997819,0,0,0,2,0.0,9.208165790113028,15.46907671514874,4.545251827774964,38.83541580815834,1956.9090829731,0.1622856966902549,21.41825610127897,34.46180060490662,143.3953587386619,1.21370144627473,1251.7,889.1,466.95,1
parallel_run_0032,Archetype_1,2,0.933826736362274,0.9510625422763662,0.5064359595845138,0.0201526209208271,0,1,0,3,0.3333333333333333,11.79622827938521,18.29050969456285,4.169805421292692,52.8848948871502,1412.193873679556,0.4257887667081556,79.79357681981203,42.21866859739012,215.0694877114157,0.8330072175424368,1251.7,889.1,466.95,0
parallel_run_0033,Archetype_1,0,0.5037789800268011,0.9393420559658728,0.7948309960185252,0.0032726270707859,0,1,0,3,0.3333333333333333,7.646521843235478,7.231058342555429,3.31458691916786,41.69964252763987,671.0160759439195,0.4157057803155249,70.94792328052574,46.67117715729472,250.4862261361136,0.7327865198402268,1251.7,889.1,466.95,2
parallel_run_0034,Archetype_1,2,1.0,0.8920498360640682,0.3204752037218246,0.2073366267626016,0,1,0,3,0.0,13.36289726948865,19.43255606974088,2.149756002614726,98.31009612961368,830.6769291617317,0.3440972357975186,24.40106928622523,21.65487938516236,225.1829757871136,1.25645844295112,1251.7,889.1,466.95,2
parallel_run_0035,Archetype_1,0,0.4694345721640415,0.9510983056967592,0.7859176284888238,0.0683499148424751,0,1,0,3,0.3333333333333333,8.364797989299861,9.192250646467237,3.860538328046275,34.3813015352484,788.3970389732821,0.4717590306136611,144.6892794848065,41.70303632080136,285.1192728451363,0.9914750935718764,1251.7,889.1,466.95,0
parallel_run_0036,Archetype_1,0,0.5689299579399381,0.9668378935699014,0.67291413566912,0.032292160400664,0,1,0,3,0.3333333333333333,14.90080910970151,16.57440810558032,2.987874773593921,45.48329767203269,1579.101973947642,0.0323452792956046,124.7691560752347,13.25130095356169,131.0360691937709,1.160280557751469,1251.7,889.1,466.95,0
parallel_run_0037,Archetype_1,2,1.0,0.8570163153371856,0.0,0.0069268182327324,0,1,0,3,0.3333333333333333,6.738724478605125,10.74467739481464,4.059979339446745,91.01635205906643,546.9101382223519,0.1271291449095846,29.64904233951978,50.75070528467045,175.7269183945674,1.085475702971351,1251.7,889.1,466.95,2
parallel_run_0038,Archetype_1,2,1.0,0.8878972100829681,0.0,0.280527311487863,0,1,0,3,0.0,12.29475505195811,16.20117521024517,2.57668959775238,86.126770574267,694.6303209657378,0.3562216088726904,35.8027220756866,64.20784236580666,271.3979072062631,0.7973279454902197,1251.7,889.1,466.95,2
parallel_run_0039,Archetype_1,1,1.0,0.9110603039501024,0.5153821459137395,0.2475553175727561,0,0,0,0,0.0,5.41478544277491,13.9696886981829,3.800167267124271,93.40190108464566,1614.000840022941,0.2479437183689544,197.1143613561278,32.13386871974967,137.2906070612262,1.198479495410149,1251.7,889.1,466.95,1
parallel_run_0040,Archetype_1,0,0.0541882056731427,0.9920432361068584,0.9090909090909124,0.0764751386249596,0,1,0,3,0.0,7.325244866915437,6.133456484961489,2.849506395765022,36.13139533184066,1846.939556478707,0.1045903725178832,104.708041937107,141.4654323491187,103.7582240168401,0.5719642415394346,1251.7,889.1,466.95,0
parallel_run_0041,Archetype_1,2,0.9967481604347552,0.9193754867110976,0.8333333333333334,0.0,0,1,0,3,0.3333333333333333,10.09356256031139,11.29063222601615,4.76846366035301,76.79579046522252,1053.739944648393,0.2204308342752106,41.70644304050847,45.01347485513899,281.050931209811,1.263414311242694,1251.7,889.1,466.95,2
parallel_run_0042,Archetype_1,0,0.7378760080501753,0.9525745256229928,0.8333333333333421,0.0428101158620399,0,1,0,3,0.0,6.186101812756469,15.06385238110333,2.884344918055505,31.24493007510238,986.5491512115816,0.0557544202849528,84.24127174220122,94.4970799647684,145.9465456157096,1.018398256176594,1251.7,889.1,466.95,0
parallel_run_0044,Archetype_1,1,0.6891305233889106,0.9159664351113328,0.8333333333333334,0.0944405435691673,0,0,0,2,0.0,5.875103409596851,7.908293010058282,2.390464514085502,54.80879767084504,951.9658153072828,0.3730351891050821,88.41266743681159,98.35668950325385,201.4163575543587,0.6395764243792184,1251.7,889.1,466.95,1
parallel_run_0045,Archetype_1,3,0.279429083519403,0.9562475926239415,0.7998618398048521,0.0832133875893512,0,0,1,4,0.0,9.89273547819015,5.915838497469448,4.894747269895554,35.37340681692577,1159.023486619083,0.501565989511877,72.72853972209614,37.63505720582668,179.0711115343357,0.7616663464940141,1251.7,889.1,466.95,0
parallel_run_0046,Archetype_1,0,0.5652029069380254,0.9677788294389494,0.5953964334505262,0.0,0,1,0,3,0.3333333333333333,14.08524419392078,16.31334378769262,2.308954015500626,40.52170066997526,1429.94499687827,0.4596363285181422,47.00410072502583,15.67060968778293,242.31607024993,1.191021807579522,1251.7,889.1,466.95,0
parallel_run_0047,Archetype_1,0,0.2304546770116528,0.9606924487159924,0.1735767624022175,0.2238765571526567,0,1,1,5,0.0,12.41392231723704,6.505360896541484,2.371739473104665,32.39759536864331,816.6382880545631,0.5170204646406725,23.22847379435524,49.02752712084806,184.9716219995724,1.138692518506339,1251.7,889.1,466.95,0
parallel_run_0048,Archetype_1,0,0.2278352177001365,0.9798385569827416,0.8333333333333334,0.3874873320344083,0,1,0,3,0.0,11.20531214550689,17.28918987462175,2.41534597807669,62.25120319523698,1520.929737606235,0.5566745144953847,74.0786242796822,117.154618835779,125.2618930845108,1.040699628833873,1251.7,889.1,466.95,0
parallel_run_0049,Archetype_1,0,0.2687743714411164,0.9791454035741028,0.8333333333333334,0.0128988657971632,0,1,1,4,0.25,14.76040816329797,11.89711135068584,3.420702396064348,30.231907913922,1810.531238432742,0.1512092640839279,103.1976415956362,60.53852960346411,259.9151824744392,0.8372539290562797,1251.7,889.1,466.95,0
parallel_run_0050,Archetype_1,1,0.4300420803719755,0.974035165811274,0.8812999310707,0.0232655194359022,0,0,0,2,0.0,7.125713809407731,15.76402470243221,2.203821019158463,30.66474775106086,1916.270048437812,0.5283635710427317,61.25580077898183,29.96136795184568,159.1614013752083,1.233712473598319,1251.7,889.1,466.95,1
parallel_run_0051,Archetype_1,2,1.0,0.9399763587324308,0.9090909090909092,0.1366574174259029,0,1,0,3,0.3333333333333333,8.679848728865139,17.93322578398463,2.012220077079774,83.75880309023228,1452.198189273966,0.1702477055167378,188.3270361277955,136.3991131874458,182.3163284478816,0.9737019697352638,1251.7,889.1,466.95,2
parallel_run_0052,Archetype_1,0,0.4804774021411008,0.9565151407296252,0.8333333333333334,0.007410660229695,0,1,0,3,0.3333333333333333,10.55930465773863,9.95253445312245,2.521216447715092,45.35968846878346,1103.764527095477,0.4796032918726125,40.24829434892813,79.6642707844849,235.4042582741113,1.120275647130058,1251.7,889.1,466.95,0
parallel_run_0053,Archetype_1,1,0.073606632929888,0.9884321440573476,0.8333333333333334,0.0,0,0,0,2,0.0,8.584062378535368,5.204947737148349,3.396878123134748,49.03717145112236,1633.945583329502,0.3831221102711273,55.84174480106363,55.43941616510568,267.3891249190509,1.103848703587101,1251.7,889.1,466.95,1
parallel_run_0054,Archetype_1,2,1.0,0.9282895862522876,0.692572024672746,0.0030561625096581,0,1,0,3,0.3333333333333333,11.48324720641784,13.54496100580118,2.943629403674687,73.69619351630662,959.6890243777384,0.1556452540222857,26.07329355182583,17.9346609870809,270.2527552749784,1.24797609559057,1251.7,889.1,466.95,2
parallel_run_0055,Archetype_1,1,0.1397457637597931,0.9860063870787404,0.8659748890312207,0.5273771808977623,0,0,0,2,0.0,8.239417824778362,19.86594006810631,2.185631748368638,84.78697422249212,1014.516711027553,0.5729610607824123,94.5537552962944,103.539963389083,112.696063975848,0.8568714170808833,1251.7,889.1,466.95,1
parallel_run_0056,Archetype_1,1,0.6177397692957526,0.9588942837543132,0.8333333333333357,0.0529918291421764,0,0,0,2,0.0,10.74739923464404,14.72531853706425,2.344142683785495,39.79251941170135,1382.725160889254,0.1302190494638491,44.96744153575168,45.57905328193963,117.6699208576838,0.5147064197244176,1251.7,889.1,466.95,1
parallel_run_0058,Archetype_1,0,0.632279862066215,0.951686293045928,0.8333333333333334,0.2802733103757001,0,1,0,3,0.3333333333333333,12.62912539162891,17.1844658696355,2.641849634690004,42.22256724024653,904.387351538265,0.3237095872395198,68.36904203871276,108.7516199458351,169.4200698119767,0.6476733781840518,1251.7,889.1,466.95,0
parallel_run_0059,Archetype_1,2,1.0,0.9197182671390464,0.8333333333333482,0.0552453963714208,0,1,0,3,0.0,6.522201326382715,12.39939167303931,3.618708160073463,47.13963660315678,739.0878598442532,0.2748268178242084,80.41869864667342,47.40439371988354,195.7889275941752,0.5500432829432993,1251.7,889.1,466.95,2
parallel_run_0060,Archetype_1,2,1.0,0.9127950367196808,0.8333333333333334,0.0245508909040857,0,1,0,3,0.3333333333333333,9.384437367855847,18.12707624626986,2.907152582017375,82.60031647176109,883.1361687269793,0.196669248894807,66.74094420558276,73.27740104246614,210.9777341720553,1.294178414837762,1251.7,889.1,466.95,2
parallel_run_0061,Archetype_1,1,0.3976425839276832,0.9570968315635076,0.9052435592301648,0.5352399857210658,0,0,0,2,0.0,14.37657933613404,18.84410004062273,2.669185145620158,35.03786974557758,1927.503758948734,0.53662187709572,185.9380919407641,28.71237259798763,240.7907661092698,1.211179443278551,1251.7,889.1,466.95,1
parallel_run_0062,Archetype_1,0,0.4608058317617425,0.9737263365302802,0.8333333333333334,0.0125416182559424,0,1,0,3,0.3333333333333333,12.88294506062676,16.47370199557806,3.916427027915539,33.29873756204726,1553.403975838957,0.1037951584613293,35.14190572583635,68.48407504836385,165.2840596040335,1.272212627733274,1251.7,889.1,466.95,0
parallel_run_0063,Archetype_1,1,0.1921472388880454,0.9839414186985423,0.8557855691016322,0.4359618497304172,0,0,0,2,0.0,13.71417304507693,19.94297232922278,3.190463394584546,39.35568050526847,1306.802190395147,0.4398896859558368,173.4756545582791,57.55417542909995,217.6461551705664,0.6040099969531483,1251.7,889.1,466.95,1
parallel_run_0064,Archetype_1,2,0.7763829713623219,0.9032790643407388,0.1775111291949662,0.2451511529860539,0,1,1,5,0.0,10.0542437922061,9.52808842232428,2.7551726834745,63.83059444783521,602.6095239046633,0.5655852937121579,52.9250694322663,12.91258574592992,212.3338287792068,0.8863857524748795,1251.7,889.1,466.95,2
parallel_run_0065,Archetype_1,1,0.3341406872716282,0.9800921486829708,0.8807972605634388,0.0919951056298416,0,0,0,2,0.0,8.902950966584617,17.34337950080082,3.071726683251704,72.97629984854609,1254.634228844618,0.0922887709307529,134.989883752535,20.33996544789689,133.8281740992772,0.6978638514594209,1251.7,889.1,466.95,1
parallel_run_0066,Archetype_1,0,0.3736093126540489,0.9332598768206528,0.833333333332747,0.1774707683555897,0,1,0,3,0.3333333333333333,5.219692016072181,5.614852538476582,3.507907836572578,37.36349927885944,613.7680335920102,0.2904762209302906,148.1467328115624,131.7779486933157,207.8141490530652,1.146935950080092,1251.7,889.1,466.95,0
parallel_run_0067,Archetype_1,1,0.0009654284231492,0.9998473273161392,0.7290196641441504,5.775056476426208e-05,0,0,0,2,0.0,11.93340271693271,5.317576274973425,3.28343831907141,71.54504448894762,1838.989919269122,0.4945103601576556,50.50487388868805,23.73720438973167,225.8680659378676,1.111263875962919,1251.7,889.1,466.95,1
parallel_run_0068,Archetype_1,2,1.0,0.9284119471211004,0.0,0.0675847784628135,0,1,0,3,0.3333333333333333,7.847009180844555,15.10246331425202,2.220849460660624,49.56921416774286,674.7929181340594,0.181477849380431,32.85601950306146,137.9877963370772,282.6442521246439,1.072413780762075,1251.7,889.1,466.95,2
parallel_run_0069,Archetype_1,2,1.0,0.8452473854319053,0.6819749704681359,0.0027459868739112,0,0,0,2,0.0,5.307304167754404,8.062741299807017,2.856484395403244,90.46559420208708,591.9263990795743,0.5853009355147591,97.7904136753744,36.39089163854832,254.8378904988671,0.9033851808539108,1251.7,889.1,466.95,1
parallel_run_0070,Archetype_1,2,1.0,0.9519784359956084,0.8333333333333334,0.0,0,1,0,1,1.0,8.088620780419058,19.64969158227921,2.445246324409711,38.13315627139157,846.5530044686006,0.2872874174759508,41.0140129305388,66.19506893135303,296.218590405105,0.6626148413292461,1251.7,889.1,466.95,1
parallel_run_0071,Archetype_1,1,0.5921944584532592,0.9485095254814684,0.9004442664105822,0.389234157647046,0,0,0,2,0.0,7.737878589250059,17.65262552890793,2.04343847591413,60.65256661819086,794.1535603498564,0.3905802979433853,158.1284539410613,28.1308721236521,148.7173157451602,1.000044063032848,1251.7,889.1,466.95,1
parallel_run_0072,Archetype_1,2,0.6630609559742339,0.9325193090104528,0.8333333333333334,0.4935329345923534,0,1,0,3,0.3333333333333333,13.0646439961812,18.24589508543017,2.716732587027388,46.65131170230379,725.1054169218328,0.5115983993063354,64.21434402267955,101.3397416534369,115.4601576016992,0.561267319729339,1251.7,889.1,466.95,2
parallel_run_0073,Archetype_1,0,0.6501031061228068,0.9641740860394018,0.8333333333333334,0.0027431147996745,0,1,0,3,0.3333333333333333,14.55899147105204,16.92400224464144,4.505870455669541,48.66008960426488,1880.428773878496,0.1898057560671069,25.33689484018815,53.21861456331589,186.1609652237962,0.6245236166119492,1251.7,889.1,466.95,0
parallel_run_0074,Archetype_1,2,0.9050385040802345,0.930606972957318,0.7432918192121696,0.0928991801923102,0,1,0,3,0.3333333333333333,6.902588311173137,13.28544430155988,2.608092824810263,48.10349831449953,712.0868495925945,0.5809073215674864,59.06523453291005,146.7428585041353,298.5472537308848,1.224555548142108,1251.7,889.1,466.95,2
parallel_run_0076,Archetype_1,1,1.0,0.95053599514076,0.794247842125546,0.0,0,1,0,1,0.0,5.645937846490421,19.08999399027946,4.574685372982158,59.43535530068567,740.044618160573,0.4465748804743228,76.02908933133577,44.09919367093785,262.8462682705834,0.782484278393255,484.4,527.6,270.15,1
parallel_run_0077,Archetype_1,0,0.1655753364974393,0.9885248518172672,0.2988174439071565,0.1177589388666978,0,1,0,3,0.3333333333333333,13.49964268135165,15.33095577911059,4.464674582116157,42.94616278436651,1185.794953774338,0.117649937817252,137.4023502352264,22.49168264409253,128.2191212271367,0.5911665438533666,484.4,527.6,270.15,0
parallel_run_0078,Archetype_1,0,0.0113244634776481,0.9993601495511004,0.9553248381356666,0.1566813601755952,0,1,0,3,0.3333333333333333,6.405292284318544,19.53555145216947,3.764585606427318,64.73890400335439,850.6267050193985,0.2646507902451352,37.50790122422556,110.5320184729022,100.9223548185412,1.28665717130124,484.4,527.6,270.15,0
parallel_run_0079,Archetype_1,1,0.4251441576758723,0.9685822791110532,0.0,0.1789067315113226,0,0,0,2,0.0,5.078233488755179,15.36811055664406,4.023785290991664,68.86856051780249,1676.075248578451,0.2246787017126815,129.5689761803989,24.65199699594505,232.3224413807133,0.6774859235206085,484.4,527.6,270.15,1
parallel_run_0080,Archetype_1,2,0.8321083636297032,0.909108892164866,0.9090909090909092,0.0398456087197702,0,1,0,3,0.3333333333333333,9.795367374301884,8.46566765326878,4.968477490368761,93.10632240494294,1005.748088406246,0.0638931166280094,56.87494984404746,127.412906728483,150.7886454235,1.149819164967017,484.4,527.6,270.15,2
parallel_run_0081,Archetype_1,0,0.509625608622834,0.9582362430222396,0.9090909090909088,0.1479697361855706,0,1,0,3,0.3333333333333333,13.21427123302489,12.99077849367701,2.804621181868556,57.60856169568081,1509.042894252557,0.202994166366049,91.80831738898752,122.5526135883852,139.657431483073,1.128863155150354,484.4,527.6,270.15,0
parallel_run_0083,Archetype_1,1,0.3084178546630327,0.9667179724740388,0.0,0.0452579749665702,0,0,0,2,0.0,6.639503134093878,8.702036358183824,2.460006477284389,50.84918084009174,1224.275709388201,0.14250239653806,114.0559579566393,16.49310952489565,222.5836742807619,1.025953997214746,484.4,527.6,270.15,1
parallel_run_0085,Archetype_1,1,0.0,1.0,0.9151080812463136,0.3977736625417526,0,0,0,2,0.0,13.53541818756549,17.50384951367896,4.718111782544003,32.06607470803334,1682.919135964777,0.407888008510583,62.79308556464255,40.8608152984074,108.3468966403483,0.7505038651828599,484.4,527.6,270.15,1
parallel_run_0086,Archetype_1,1,0.1556811977471164,0.9850362048699888,0.8912877552609949,0.3398369606886101,0,0,0,2,0.0,9.589786864094185,14.52009542132607,2.25760526337914,95.46321746956043,1743.776803747743,0.3420270254820715,154.4883468009115,38.07535167163682,155.3553685224774,0.5347162870897352,484.4,527.6,270.15,1
parallel_run_0088,Archetype_1,0,0.0448939504309432,0.9970311995951912,0.8333333333333334,0.1194822564307809,0,1,0,3,0.3333333333333333,11.5724650899624,15.71417657225041,2.505463074151018,37.82135289309134,1732.171085268251,0.2966680057335894,87.89904124731528,124.3179479506931,188.0589961374106,0.6121933944560484,484.4,527.6,270.15,0
parallel_run_0089,Archetype_1,2,0.7856113433399551,0.9528186944703492,0.0,0.0659862137153037,0,1,0,3,0.0,7.401877309695345,16.72060108361629,4.239354502223774,78.9004950381646,763.9731909619118,0.0862171753274194,168.5882939237162,10.48455250370037,274.1962939177321,0.9381802418748396,484.4,527.6,270.15,0
parallel_run_0090,Archetype_1,1,0.0,1.0,0.7946516994515537,2.5463895530865816e-05,0,0,0,2,0.0,6.226512320545174,10.57007202633626,4.816232216133942,78.55254926123328,1473.572870709382,0.3084672339978864,39.11190515019379,26.58517665913403,167.9697151744124,0.8989728030906465,484.4,527.6,270.15,1
parallel_run_0091,Archetype_1,0,0.1347615704350763,0.9879985667311516,0.8333333333333334,0.1983854541927462,0,1,0,3,0.3333333333333333,8.028178927033153,12.69358091967134,3.112625106465832,36.62334427994244,1295.694779439287,0.2513937760739758,117.9684651723182,90.13045861303728,158.0544197808208,0.9195426682975842,484.4,527.6,270.15,0
parallel_run_0092,Archetype_1,0,0.2213239775121377,0.972486051333174,0.4587759604705479,0.0232316533051843,0,1,0,3,0.0,5.772023405404161,7.116169331792253,2.064522668331408,56.51085137099933,1786.195480402135,0.0232508350807578,161.0329775531958,25.14851249315225,197.822121004284,0.7197444930411876,484.4,527.6,270.15,0
parallel_run_0093,Archetype_1,0,0.342382283938858,0.9804342442388588,0.8333333333333389,0.0523881584477359,0,1,0,3,0.3333333333333333,9.480794663304136,17.03804542014852,4.639878986106728,99.35855694037711,1250.245306083507,0.4168895798584492,43.35096290748591,149.1588574610129,277.1890738836713,1.083347637799514,484.4,527.6,270.15,0
parallel_run_0094,Archetype_1,2,1.0,0.8999641794568966,0.8333333333333334,0.2755779420927544,0,1,0,3,0.3333333333333333,12.59017345046845,19.02253176729523,3.9523185428614,96.0626212890334,921.343979285896,0.3159410008343269,143.9201303011419,83.56764829664709,247.3963377767511,1.184696545793093,484.4,527.6,270.15,2
parallel_run_0095,Archetype_1,2,0.7274066495691311,0.9454275570088464,0.0,0.3239906000312236,0,1,0,3,0.3333333333333333,13.88681027006693,18.61075821619153,4.347085125891433,43.42201779666991,778.7163195623369,0.5440908291581393,33.79114171279144,30.41474642500482,289.3256653337539,0.7671046222699125,484.4,527.6,270.15,2
parallel_run_0096,Archetype_1,1,0.1934597062057144,0.9429377344510382,0.2096154591010444,0.5618723701517212,0,0,0,2,0.0,10.32199462340584,6.699275404416465,2.08038382636346,44.79361792876074,979.8557987975116,0.595749285135953,177.31500644115,11.06955829270862,290.4698168059626,1.067301995703033,484.4,527.6,270.15,1
parallel_run_0097,Archetype_1,0,0.1183094563778415,0.9882777535489644,0.8333333333333334,0.3047159049150246,0,1,0,3,0.3333333333333333,10.44667181037197,13.25070225132207,4.259523874160369,88.11039822390016,1086.489408610497,0.3604504262054547,93.26680170863348,86.31118950437782,141.2036987315458,0.8099763525700954,484.4,527.6,270.15,0
parallel_run_0098,Archetype_1,0,1.1026669940428954e-05,0.9999987666441594,0.8333333333333334,0.3073565529644415,0,1,0,3,0.0,7.193260089885094,11.65964368980142,4.36245347424116,67.47086947928852,860.866485459772,0.3929505433301446,47.88817474253383,105.9284432028051,105.7696635231778,0.7077017593878874,484.4,527.6,270.15,0
parallel_run_0099,Archetype_1,0,0.2534446748758815,0.985232392438824,0.5512844825409403,4.809028713791522e-17,0,1,0,3,0.3333333333333333,10.87938801553206,16.037856129965,2.961086101395173,69.6604654795751,1130.70880630468,0.3289402099742169,45.2910359937304,14.91317533979289,294.1194921299998,1.165324106539424,484.4,527.6,270.15,0
parallel_run_0100,Archetype_1,0,0.3060611673010594,0.9799623996135586,0.9090909090909092,0.2564323647443293,0,1,0,3,0.3333333333333333,11.04944243362644,19.24071518137925,3.605624564480587,53.85239415205597,1355.675352940887,0.2611936824169285,192.5155188876426,93.4514385332439,163.183152602084,0.9537850554699546,484.4,527.6,270.15,0
parallel_run_0101,Archetype_1,0,0.4409814376092046,0.945999661021004,0.8333333333333334,0.5191527725653706,0,1,0,3,0.0,9.08917883368848,15.93141516714483,2.552097542916801,87.05159164902761,516.4075892774002,0.5259683590341234,164.5121833558311,80.95119800030251,191.2553856341034,1.094491785369062,484.4,527.6,270.15,0
parallel_run_0102,Archetype_1,0,0.0176211735905934,0.9980808115889857,0.7689884987329401,0.1943388931875669,0,1,0,3,0.3333333333333333,6.022122980882333,10.18624643812967,4.118622604217991,44.05635878211464,657.7419002366751,0.4846669501207773,27.38228323221475,120.2686065600439,118.8863494549756,1.050243965660369,484.4,527.6,270.15,0
parallel_run_0103,Archetype_1,0,0.164338896946772,0.9916942889732628,0.8333333333333334,0.0231454363748467,0,1,0,3,0.3333333333333333,12.81217303836103,18.79926099501478,3.671884488568053,46.3834911494316,1976.5423669876,0.4556973803877963,98.27765434529884,77.3225987347966,261.8146648055326,0.8637011623017257,484.4,527.6,270.15,0
parallel_run_0104,Archetype_1,2,1.0,0.9275206153459654,0.0,0.0269276766172185,0,1,0,3,0.3333333333333333,11.30329623906534,14.11358006738063,2.119776423336449,80.39616228749757,927.2926047619708,0.0269989646361896,110.5634989792129,18.96908617913164,123.0786965714163,1.005760777712649,484.4,527.6,270.15,2
parallel_run_0105,Archetype_1,1,0.0,1.0,0.8413155725491019,0.0021422736339832,0,0,0,2,0.0,9.208165790113028,15.46907671514874,4.545251827774964,38.83541580815834,1956.9090829731,0.1622856966902549,21.41825610127897,34.46180060490662,143.3953587386619,1.21370144627473,484.4,527.6,270.15,1
parallel_run_0107,Archetype_1,0,0.2554834103234848,0.98660319006778,0.7912025962858361,0.0135156048781502,0,1,0,3,0.3333333333333333,11.79622827938521,18.29050969456285,4.169805421292692,52.8848948871502,1412.193873679556,0.4257887667081556,79.79357681981203,42.21866859739012,215.0694877114157,0.8330072175424368,484.4,527.6,270.15,0
parallel_run_0108,Archetype_1,2,0.5074638407799655,0.9395301253762824,0.1772309503445865,0.0,0,1,0,3,0.3333333333333333,7.646521843235478,7.231058342555429,3.31458691916786,41.69964252763987,671.0160759439195,0.4157057803155249,70.94792328052574,46.67117715729472,250.4862261361136,0.7327865198402268,484.4,527.6,270.15,2
parallel_run_0109,Archetype_1,2,1.0,0.8920378162791368,0.0,0.2032773384465763,0,1,0,3,0.0,13.36289726948865,19.43255606974088,2.149756002614726,98.31009612961368,830.6769291617317,0.3440972357975186,24.40106928622523,21.65487938516236,225.1829757871136,1.25645844295112,484.4,527.6,270.15,2
parallel_run_0110,Archetype_1,0,0.3068392239842167,0.9683794326746292,0.2807691835543406,0.0560244997029714,0,1,0,3,0.3333333333333333,8.364797989299861,9.192250646467237,3.860538328046275,34.3813015352484,788.3970389732821,0.4717590306136611,144.6892794848065,41.70303632080136,285.1192728451363,0.9914750935718764,484.4,527.6,270.15,0
parallel_run_0111,Archetype_1,0,0.3541329954980701,0.979453187062603,0.703258080027301,0.0322469232438208,0,1,0,3,0.3333333333333333,14.90080910970151,16.57440810558032,2.987874773593921,45.48329767203269,1579.101973947642,0.0323452792956046,124.7691560752347,13.25130095356169,131.0360691937709,1.160280557751469,484.4,527.6,270.15,0
parallel_run_0112,Archetype_1,2,1.0,0.8563674938551019,0.0,0.0066630795043127,0,1,0,3,0.3333333333333333,6.738724478605125,10.74467739481464,4.059979339446745,91.01635205906643,546.9101382223519,0.1271291449095846,29.64904233951978,50.75070528467045,175.7269183945674,1.085475702971351,484.4,527.6,270.15,2
parallel_run_0113,Archetype_1,2,1.0,0.8878728053873107,0.0,0.2778451963040352,0,1,0,3,0.0,12.29475505195811,16.20117521024517,2.57668959775238,86.126770574267,694.6303209657378,0.3562216088726904,35.8027220756866,64.20784236580666,271.3979072062631,0.7973279454902197,484.4,527.6,270.15,2
parallel_run_0114,Archetype_1,1,0.8074039410986997,0.9300860569291286,0.8333261275042088,0.2472425672923134,0,0,0,2,0.0,5.41478544277491,13.9696886981829,3.800167267124271,93.40190108464566,1614.000840022941,0.2479437183689544,197.1143613561278,32.13386871974967,137.2906070612262,1.198479495410149,484.4,527.6,270.15,1
parallel_run_0115,Archetype_1,0,0.0225960379724687,0.9967342131178116,0.9090909090909092,0.070049686617182,0,1,0,3,0.0,7.325244866915437,6.133456484961489,2.849506395765022,36.13139533184066,1846.939556478707,0.1045903725178832,104.708041937107,141.4654323491187,103.7582240168401,0.5719642415394346,484.4,527.6,270.15,0
parallel_run_0116,Archetype_1,0,0.0004181920655903,0.9999660616550102,0.6545090108752101,0.0,0,1,0,3,0.3333333333333333,10.09356256031139,11.29063222601615,4.76846366035301,76.79579046522252,1053.739944648393,0.2204308342752106,41.70644304050847,45.01347485513899,281.050931209811,1.263414311242694,484.4,527.6,270.15,0
parallel_run_0117,Archetype_1,0,0.2682772837573237,0.983071186230305,0.8333333333333334,0.0334434952354085,0,1,0,3,0.3333333333333333,6.186101812756469,15.06385238110333,2.884344918055505,31.24493007510238,986.5491512115816,0.0557544202849528,84.24127174220122,94.4970799647684,145.9465456157096,1.018398256176594,484.4,527.6,270.15,0
parallel_run_0119,Archetype_1,0,9.10370491161056e-05,0.9999895037276252,0.8333333333333334,0.0570426257965946,0,1,0,3,0.3333333333333333,5.875103409596851,7.908293010058282,2.390464514085502,54.80879767084504,951.9658153072828,0.3730351891050821,88.41266743681159,98.35668950325385,201.4163575543587,0.6395764243792184,484.4,527.6,270.15,0
parallel_run_0120,Archetype_1,0,0.0944220438931991,0.9860443179576766,0.0304849482509165,0.0305260749498109,0,1,1,4,0.25,9.89273547819015,5.915838497469448,4.894747269895554,35.37340681692577,1159.023486619083,0.501565989511877,72.72853972209614,37.63505720582668,179.0711115343357,0.7616663464940141,484.4,527.6,270.15,0
parallel_run_0121,Archetype_1,0,0.328937740968671,0.9811983310727148,0.816505257477335,0.0,0,1,0,3,0.3333333333333333,14.08524419392078,16.31334378769262,2.308954015500626,40.52170066997526,1429.94499687827,0.4596363285181422,47.00410072502583,15.67060968778293,242.31607024993,1.191021807579522,484.4,527.6,270.15,0
parallel_run_0122,Archetype_1,0,0.2308643970920555,0.9606229404651776,0.0,0.223740864105298,0,1,1,5,0.0,12.41392231723704,6.505360896541484,2.371739473104665,32.39759536864331,816.6382880545631,0.5170204646406725,23.22847379435524,49.02752712084806,184.9716219995724,1.138692518506339,484.4,527.6,270.15,0
parallel_run_0123,Archetype_1,0,0.1314928638495172,0.988771359616794,0.8333333333333334,0.3669349005199813,0,1,0,3,0.0,11.20531214550689,17.28918987462175,2.41534597807669,62.25120319523698,1520.929737606235,0.5566745144953847,74.0786242796822,117.154618835779,125.2618930845108,1.040699628833873,484.4,527.6,270.15,0
parallel_run_0124,Archetype_1,0,0.1321172101964403,0.98978940698732,0.8333333333333843,0.0106282488069587,0,1,0,3,0.3333333333333333,14.76040816329797,11.89711135068584,3.420702396064348,30.231907913922,1810.531238432742,0.1512092640839279,103.1976415956362,60.53852960346411,259.9151824744392,0.8372539290562797,484.4,527.6,270.15,0
parallel_run_0125,Archetype_1,1,0.2254851225289735,0.9863006660493996,0.8953927802201166,0.0207204636219442,0,0,0,2,0.0,7.125713809407731,15.76402470243221,2.203821019158463,30.66474775106086,1916.270048437812,0.5283635710427317,61.25580077898183,29.96136795184568,159.1614013752083,1.233712473598319,484.4,527.6,270.15,1
parallel_run_0126,Archetype_1,0,0.265222723700594,0.9842341756006692,0.9090909090909092,0.1339668438676056,0,1,0,3,0.3333333333333333,8.679848728865139,17.93322578398463,2.012220077079774,83.75880309023228,1452.198189273966,0.1702477055167378,188.3270361277955,136.3991131874458,182.3163284478816,0.9737019697352638,484.4,527.6,270.15,0
parallel_run_0127,Archetype_1,0,0.4629855166671504,0.9571128238987848,0.8333333333333334,0.0221813792381467,0,1,0,3,0.3333333333333333,10.55930465773863,9.95253445312245,2.521216447715092,45.35968846878346,1103.764527095477,0.4796032918726125,40.24829434892813,79.6642707844849,235.4042582741113,1.120275647130058,484.4,527.6,270.15,0
parallel_run_0128,Archetype_1,1,0.0001668439798062,0.9999736988323128,0.8333333333333334,0.0,0,0,0,2,0.0,8.584062378535368,5.204947737148349,3.396878123134748,49.03717145112236,1633.945583329502,0.3831221102711273,55.84174480106363,55.43941616510568,267.3891249190509,1.103848703587101,484.4,527.6,270.15,1
parallel_run_0129,Archetype_1,2,1.0,0.9276713832884976,0.5959945231404,0.0037072706937471,0,1,0,3,0.3333333333333333,11.48324720641784,13.54496100580118,2.943629403674687,73.69619351630662,959.6890243777384,0.1556452540222857,26.07329355182583,17.9346609870809,270.2527552749784,1.24797609559057,484.4,527.6,270.15,2
parallel_run_0130,Archetype_1,0,0.000609110640703,0.9999377222477775,0.9482882240624304,0.5394209703213277,0,1,0,3,0.0,8.239417824778362,19.86594006810631,2.185631748368638,84.78697422249212,1014.516711027553,0.5729610607824123,94.5537552962944,103.539963389083,112.696063975848,0.8568714170808833,484.4,527.6,270.15,0
parallel_run_0131,Archetype_1,1,0.0,1.0,0.8333333333333334,0.0433006526990794,0,0,0,2,0.0,10.74739923464404,14.72531853706425,2.344142683785495,39.79251941170135,1382.725160889254,0.1302190494638491,44.96744153575168,45.57905328193963,117.6699208576838,0.5147064197244176,484.4,527.6,270.15,1
parallel_run_0133,Archetype_1,0,0.6159251038290539,0.9523407561386524,0.8333333333333334,0.29419967402697,0,1,0,3,0.3333333333333333,12.62912539162891,17.1844658696355,2.641849634690004,42.22256724024653,904.387351538265,0.3237095872395198,68.36904203871276,108.7516199458351,169.4200698119767,0.6476733781840518,484.4,527.6,270.15,0
parallel_run_0134,Archetype_1,0,0.021870216309438,0.998337708235008,0.5894354321805556,0.0262113407365179,0,1,0,3,0.3333333333333333,6.522201326382715,12.39939167303931,3.618708160073463,47.13963660315678,739.0878598442532,0.2748268178242084,80.41869864667342,47.40439371988354,195.7889275941752,0.5500432829432993,484.4,527.6,270.15,0
parallel_run_0135,Archetype_1,2,1.0,0.9125356458478712,0.8333333333333334,0.0287633925629351,0,1,0,3,0.3333333333333333,9.384437367855847,18.12707624626986,2.907152582017375,82.60031647176109,883.1361687269793,0.196669248894807,66.74094420558276,73.27740104246614,210.9777341720553,1.294178414837762,484.4,527.6,270.15,2
parallel_run_0136,Archetype_1,1,0.3788278680283819,0.9591317957088582,0.8809166777440215,0.5345593843041451,0,0,0,2,0.0,14.37657933613404,18.84410004062273,2.669185145620158,35.03786974557758,1927.503758948734,0.53662187709572,185.9380919407641,28.71237259798763,240.7907661092698,1.211179443278551,484.4,527.6,270.15,1
parallel_run_0137,Archetype_1,0,0.0107990029373538,0.9993834082439172,0.8333333333333334,0.0146126909456722,0,1,0,3,0.3333333333333333,12.88294506062676,16.47370199557806,3.916427027915539,33.29873756204726,1553.403975838957,0.1037951584613293,35.14190572583635,68.48407504836385,165.2840596040335,1.272212627733274,484.4,527.6,270.15,0
parallel_run_0138,Archetype_1,1,0.1733731884283512,0.9854703186249564,0.8333333333333334,0.4357274349353243,0,0,0,2,0.0,13.71417304507693,19.94297232922278,3.190463394584546,39.35568050526847,1306.802190395147,0.4398896859558368,173.4756545582791,57.55417542909995,217.6461551705664,0.6040099969531483,484.4,527.6,270.15,1
parallel_run_0139,Archetype_1,2,0.7744087571923738,0.9032703722420587,0.0,0.2418036022226266,0,1,1,5,0.0,10.0542437922061,9.52808842232428,2.7551726834745,63.83059444783521,602.6095239046633,0.5655852937121579,52.9250694322663,12.91258574592992,212.3338287792068,0.8863857524748795,484.4,527.6,270.15,2
parallel_run_0140,Archetype_1,1,0.2759998346358535,0.9835047773936114,0.8817336378362439,0.0922327080507826,0,0,0,2,0.0,8.902950966584617,17.34337950080082,3.071726683251704,72.97629984854609,1254.634228844618,0.0922887709307529,134.989883752535,20.33996544789689,133.8281740992772,0.6978638514594209,484.4,527.6,270.15,1
parallel_run_0141,Archetype_1,0,0.3649535736911327,0.9329151542695086,0.8333333333333334,0.2004240622665576,0,1,0,3,0.3333333333333333,5.219692016072181,5.614852538476582,3.507907836572578,37.36349927885944,613.7680335920102,0.2904762209302906,148.1467328115624,131.7779486933157,207.8141490530652,1.146935950080092,484.4,527.6,270.15,0
parallel_run_0142,Archetype_1,1,0.0,1.0,0.7366612055663417,4.260067088759141e-05,0,0,0,2,0.0,11.93340271693271,5.317576274973425,3.28343831907141,71.54504448894762,1838.989919269122,0.4945103601576556,50.50487388868805,23.73720438973167,225.8680659378676,1.111263875962919,484.4,527.6,270.15,1
parallel_run_0143,Archetype_1,2,1.0,0.9286318438272216,0.0,0.0494606034983646,0,1,0,3,0.3333333333333333,7.847009180844555,15.10246331425202,2.220849460660624,49.56921416774286,674.7929181340594,0.181477849380431,32.85601950306146,137.9877963370772,282.6442521246439,1.072413780762075,484.4,527.6,270.15,2
parallel_run_0144,Archetype_1,0,0.3480271950003134,0.9615464190313618,0.6310734209007837,0.0003164034651089,0,1,0,3,0.0,5.307304167754404,8.062741299807017,2.856484395403244,90.46559420208708,591.9263990795743,0.5853009355147591,97.7904136753744,36.39089163854832,254.8378904988671,0.9033851808539108,484.4,527.6,270.15,0
parallel_run_0145,Archetype_1,2,0.9999999999999998,0.9522696497579756,0.8333333333333227,-1.75999866583727e-16,0,1,0,1,1.0,8.088620780419058,19.64969158227921,2.445246324409711,38.13315627139157,846.5530044686006,0.2872874174759508,41.0140129305388,66.19506893135303,296.218590405105,0.6626148413292461,484.4,527.6,270.15,1
parallel_run_0146,Archetype_1,1,0.552023302428249,0.9518153076771196,0.9038334361472612,0.3894979159619316,0,0,0,2,0.0,7.737878589250059,17.65262552890793,2.04343847591413,60.65256661819086,794.1535603498564,0.3905802979433853,158.1284539410613,28.1308721236521,148.7173157451602,1.000044063032848,484.4,527.6,270.15,1
parallel_run_0147,Archetype_1,2,0.6368186196119437,0.9348877976078313,0.8333333333333334,0.4927063106285416,0,1,0,3,0.3333333333333333,13.0646439961812,18.24589508543017,2.716732587027388,46.65131170230379,725.1054169218328,0.5115983993063354,64.21434402267955,101.3397416534369,115.4601576016992,0.561267319729339,484.4,527.6,270.15,2
parallel_run_0148,Archetype_1,0,0.0,1.0,0.8333333333333302,0.0073716725359938,0,1,0,3,0.3333333333333333,14.55899147105204,16.92400224464144,4.505870455669541,48.66008960426488,1880.428773878496,0.1898057560671069,25.33689484018815,53.21861456331589,186.1609652237962,0.6245236166119492,484.4,527.6,270.15,0
parallel_run_0149,Archetype_1,2,0.8840306363864661,0.9334188495224156,0.7404598450839092,0.0731865974312066,0,1,0,3,0.3333333333333333,6.902588311173137,13.28544430155988,2.608092824810263,48.10349831449953,712.0868495925945,0.5809073215674864,59.06523453291005,146.7428585041353,298.5472537308848,1.224555548142108,484.4,527.6,270.15,2
parallel_run_0151,Archetype_1,1,1.0,0.9502209254227594,0.8157999605470639,2.667438606910107e-16,0,1,0,1,0.0,5.645937846490421,19.08999399027946,4.574685372982158,59.43535530068567,740.044618160573,0.4465748804743228,76.02908933133577,44.09919367093785,262.8462682705834,0.782484278393255,848.4,726.5,365.65,1
parallel_run_0152,Archetype_1,0,0.5946969720080483,0.9592093433512348,0.8114783254620768,0.1171920523476213,0,1,0,3,0.3333333333333333,13.49964268135165,15.33095577911059,4.464674582116157,42.94616278436651,1185.794953774338,0.117649937817252,137.4023502352264,22.49168264409253,128.2191212271367,0.5911665438533666,848.4,726.5,365.65,0
parallel_run_0153,Archetype_1,2,1.0,0.9335957569103116,0.8333333333333334,0.1874517622320295,0,1,0,3,0.0,6.405292284318544,19.53555145216947,3.764585606427318,64.73890400335439,850.6267050193985,0.2646507902451352,37.50790122422556,110.5320184729022,100.9223548185412,1.28665717130124,848.4,726.5,365.65,2
parallel_run_0154,Archetype_1,1,0.4436606445098751,0.967197097209331,0.0,0.1793059588996489,0,0,0,2,0.0,5.078233488755179,15.36811055664406,4.023785290991664,68.86856051780249,1676.075248578451,0.2246787017126815,129.5689761803989,24.65199699594505,232.3224413807133,0.6774859235206085,848.4,726.5,365.65,1
parallel_run_0155,Archetype_1,2,0.840464034484943,0.9090468048411056,0.8333333333333334,0.0348372588056836,0,1,0,3,0.3333333333333333,9.795367374301884,8.46566765326878,4.968477490368761,93.10632240494294,1005.748088406246,0.0638931166280094,56.87494984404746,127.412906728483,150.7886454235,1.149819164967017,848.4,726.5,365.65,2
parallel_run_0156,Archetype_1,0,0.5142314588776857,0.957596105864028,0.9090909090909092,0.150135867893884,0,1,0,3,0.3333333333333333,13.21427123302489,12.99077849367701,2.804621181868556,57.60856169568081,1509.042894252557,0.202994166366049,91.80831738898752,122.5526135883852,139.657431483073,1.128863155150354,848.4,726.5,365.65,0
parallel_run_0158,Archetype_1,1,0.3244688814318666,0.964734539670688,0.0,0.051989166272907,0,0,0,2,0.0,6.639503134093878,8.702036358183824,2.460006477284389,50.84918084009174,1224.275709388201,0.14250239653806,114.0559579566393,16.49310952489565,222.5836742807619,1.025953997214746,848.4,726.5,365.65,1
parallel_run_0160,Archetype_1,1,5.094552369048917e-05,0.999995447055961,0.9060019427443188,0.4024286859422578,0,0,0,2,0.0,13.53541818756549,17.50384951367896,4.718111782544003,32.06607470803334,1682.919135964777,0.407888008510583,62.79308556464255,40.8608152984074,108.3468966403483,0.7505038651828599,848.4,726.5,365.65,1
parallel_run_0161,Archetype_1,1,0.1661576900719739,0.9839387283850232,0.8957950774329888,0.3409191242401934,0,0,0,2,0.0,9.589786864094185,14.52009542132607,2.25760526337914,95.46321746956043,1743.776803747743,0.3420270254820715,154.4883468009115,38.07535167163682,155.3553685224774,0.5347162870897352,848.4,726.5,365.65,1
parallel_run_0163,Archetype_1,0,0.2810115205110893,0.9813216051640552,0.8702050068207539,0.1218960897894376,0,1,0,3,0.3333333333333333,11.5724650899624,15.71417657225041,2.505463074151018,37.82135289309134,1732.171085268251,0.2966680057335894,87.89904124731528,124.3179479506931,188.0589961374106,0.6121933944560484,848.4,726.5,365.65,0
parallel_run_0164,Archetype_1,2,1.0,0.9380533762856512,0.685663031344642,0.0604102788709048,0,1,0,3,0.0,7.401877309695345,16.72060108361629,4.239354502223774,78.9004950381646,763.9731909619118,0.0862171753274194,168.5882939237162,10.48455250370037,274.1962939177321,0.9381802418748396,848.4,726.5,365.65,2
parallel_run_0165,Archetype_1,1,0.0,1.0,0.8017745614270745,2.6542871020141614e-05,0,0,0,2,0.0,6.226512320545174,10.57007202633626,4.816232216133942,78.55254926123328,1473.572870709382,0.3084672339978864,39.11190515019379,26.58517665913403,167.9697151744124,0.8989728030906465,848.4,726.5,365.65,1
parallel_run_0166,Archetype_1,0,0.3676505657745328,0.9655968038184156,0.8333333333334711,0.2256356389191756,0,1,0,3,0.0,8.028178927033153,12.69358091967134,3.112625106465832,36.62334427994244,1295.694779439287,0.2513937760739758,117.9684651723182,90.13045861303728,158.0544197808208,0.9195426682975842,848.4,726.5,365.65,0
parallel_run_0167,Archetype_1,1,0.2250924943112022,0.971872496514057,0.7874128311891149,0.0231635201951349,0,0,0,2,0.0,5.772023405404161,7.116169331792253,2.064522668331408,56.51085137099933,1786.195480402135,0.0232508350807578,161.0329775531958,25.14851249315225,197.822121004284,0.7197444930411876,848.4,726.5,365.65,1
parallel_run_0168,Archetype_1,0,0.4064218374633846,0.9764033182491842,0.9001489623149284,0.0605074256260017,0,1,0,3,0.3333333333333333,9.480794663304136,17.03804542014852,4.639878986106728,99.35855694037711,1250.245306083507,0.4168895798584492,43.35096290748591,149.1588574610129,277.1890738836713,1.083347637799514,848.4,726.5,365.65,0
parallel_run_0169,Archetype_1,2,1.0,0.8995389987890042,0.8333333333333334,0.2772436751857234,0,1,0,3,0.3333333333333333,12.59017345046845,19.02253176729523,3.9523185428614,96.0626212890334,921.343979285896,0.3159410008343269,143.9201303011419,83.56764829664709,247.3963377767511,1.184696545793093,848.4,726.5,365.65,2
parallel_run_0170,Archetype_1,2,0.7260050832242327,0.9454791494764844,0.0,0.324639336038928,0,1,0,3,0.3333333333333333,13.88681027006693,18.61075821619153,4.347085125891433,43.42201779666991,778.7163195623369,0.5440908291581393,33.79114171279144,30.41474642500482,289.3256653337539,0.7671046222699125,848.4,726.5,365.65,2
parallel_run_0171,Archetype_1,1,0.1971631189257674,0.9421219539311976,0.0931186710830649,0.5606030836940892,0,0,0,2,0.0,10.32199462340584,6.699275404416465,2.08038382636346,44.79361792876074,979.8557987975116,0.595749285135953,177.31500644115,11.06955829270862,290.4698168059626,1.067301995703033,848.4,726.5,365.65,1
parallel_run_0172,Archetype_1,0,0.3253181571388184,0.9680535966677488,0.8333333333333334,0.301626716205268,0,1,0,3,0.3333333333333333,10.44667181037197,13.25070225132207,4.259523874160369,88.11039822390016,1086.489408610497,0.3604504262054547,93.26680170863348,86.31118950437782,141.2036987315458,0.8099763525700954,848.4,726.5,365.65,0
parallel_run_0173,Archetype_1,1,0.4322467219190541,0.9493583452214746,0.8333333333333324,0.3367423892232378,0,0,0,2,0.0,7.193260089885094,11.65964368980142,4.36245347424116,67.47086947928852,860.866485459772,0.3929505433301446,47.88817474253383,105.9284432028051,105.7696635231778,0.7077017593878874,848.4,726.5,365.65,1
parallel_run_0174,Archetype_1,0,0.3201151401482033,0.9815416453394796,0.0103390846149693,0.0,0,1,0,3,0.3333333333333333,10.87938801553206,16.037856129965,2.961086101395173,69.6604654795751,1130.70880630468,0.3289402099742169,45.2910359937304,14.91317533979289,294.1194921299998,1.165324106539424,848.4,726.5,365.65,0
parallel_run_0175,Archetype_1,0,0.5104659562889243,0.9664566380107694,0.9090909090909092,0.2556186529847152,0,1,0,3,0.3333333333333333,11.04944243362644,19.24071518137925,3.605624564480587,53.85239415205597,1355.675352940887,0.2611936824169285,192.5155188876426,93.4514385332439,163.183152602084,0.9537850554699546,848.4,726.5,365.65,0
parallel_run_0176,Archetype_1,2,1.0,0.8564248685306081,0.8333333333333334,0.5197403021061924,0,1,0,3,0.0,9.08917883368848,15.93141516714483,2.552097542916801,87.05159164902761,516.4075892774002,0.5259683590341234,164.5121833558311,80.95119800030251,191.2553856341034,1.094491785369062,848.4,726.5,365.65,2
parallel_run_0177,Archetype_1,0,0.187034144134509,0.97927741453679,0.8955647784488282,0.200503845293202,0,1,0,3,0.3333333333333333,6.022122980882333,10.18624643812967,4.118622604217991,44.05635878211464,657.7419002366751,0.4846669501207773,27.38228323221475,120.2686065600439,118.8863494549756,1.050243965660369,848.4,726.5,365.65,0
parallel_run_0178,Archetype_1,0,0.4139438043404844,0.9791599736840166,0.8333333333333368,0.0149619459501449,0,1,0,3,0.3333333333333333,12.81217303836103,18.79926099501478,3.671884488568053,46.3834911494316,1976.5423669876,0.4556973803877963,98.27765434529884,77.3225987347966,261.8146648055326,0.8637011623017257,848.4,726.5,365.65,0
parallel_run_0179,Archetype_1,2,1.0,0.9223114749810436,0.0,0.026930451698859,0,1,0,3,0.3333333333333333,11.30329623906534,14.11358006738063,2.119776423336449,80.39616228749757,927.2926047619708,0.0269989646361896,110.5634989792129,18.96908617913164,123.0786965714163,1.005760777712649,848.4,726.5,365.65,2
parallel_run_0180,Archetype_1,1,0.0,1.0,0.8505577534634398,0.0013557213445444,0,0,0,2,0.0,9.208165790113028,15.46907671514874,4.545251827774964,38.83541580815834,1956.9090829731,0.1622856966902549,21.41825610127897,34.46180060490662,143.3953587386619,1.21370144627473,848.4,726.5,365.65,1
parallel_run_0182,Archetype_1,2,0.9399428960226724,0.951555135421227,0.7463448890346605,0.0117718967496484,0,1,0,3,0.3333333333333333,11.79622827938521,18.29050969456285,4.169805421292692,52.8848948871502,1412.193873679556,0.4257887667081556,79.79357681981203,42.21866859739012,215.0694877114157,0.8330072175424368,848.4,726.5,365.65,0
parallel_run_0183,Archetype_1,0,0.502953904706727,0.9390903622401746,0.7981151060884083,0.0036134649660441,0,1,0,3,0.3333333333333333,7.646521843235478,7.231058342555429,3.31458691916786,41.69964252763987,671.0160759439195,0.4157057803155249,70.94792328052574,46.67117715729472,250.4862261361136,0.7327865198402268,848.4,726.5,365.65,2
parallel_run_0184,Archetype_1,2,1.0,0.8921802545479067,0.1913085366460315,0.2040226821936731,0,1,0,3,0.0,13.36289726948865,19.43255606974088,2.149756002614726,98.31009612961368,830.6769291617317,0.3440972357975186,24.40106928622523,21.65487938516236,225.1829757871136,1.25645844295112,848.4,726.5,365.65,2
parallel_run_0185,Archetype_1,0,0.4639985862389238,0.9519913393616533,0.7562536169954515,0.0611847674254469,0,1,0,3,0.3333333333333333,8.364797989299861,9.192250646467237,3.860538328046275,34.3813015352484,788.3970389732821,0.4717590306136611,144.6892794848065,41.70303632080136,285.1192728451363,0.9914750935718764,848.4,726.5,365.65,0
parallel_run_0186,Archetype_1,0,0.4109407053846857,0.9759688607596626,0.7001932873447825,0.0322318101188802,0,1,0,3,0.3333333333333333,14.90080910970151,16.57440810558032,2.987874773593921,45.48329767203269,1579.101973947642,0.0323452792956046,124.7691560752347,13.25130095356169,131.0360691937709,1.160280557751469,848.4,726.5,365.65,0
parallel_run_0187,Archetype_1,2,1.0,0.856255820264695,0.0,0.008122010366016,0,1,0,3,0.3333333333333333,6.738724478605125,10.74467739481464,4.059979339446745,91.01635205906643,546.9101382223519,0.1271291449095846,29.64904233951978,50.75070528467045,175.7269183945674,1.085475702971351,848.4,726.5,365.65,2
parallel_run_0188,Archetype_1,2,1.0,0.887819558398257,0.0,0.2789722793168883,0,1,0,3,0.0,12.29475505195811,16.20117521024517,2.57668959775238,86.126770574267,694.6303209657378,0.3562216088726904,35.8027220756866,64.20784236580666,271.3979072062631,0.7973279454902197,848.4,726.5,365.65,2
parallel_run_0189,Archetype_1,1,0.8903844513648512,0.9216759475255576,0.6234859431531182,0.2471010828480984,0,0,0,1,0.0,5.41478544277491,13.9696886981829,3.800167267124271,93.40190108464566,1614.000840022941,0.2479437183689544,197.1143613561278,32.13386871974967,137.2906070612262,1.198479495410149,848.4,726.5,365.65,1
parallel_run_0190,Archetype_1,0,0.0422925349278761,0.9937974341424906,0.8333333333333334,0.0726976811844325,0,1,0,3,0.0,7.325244866915437,6.133456484961489,2.849506395765022,36.13139533184066,1846.939556478707,0.1045903725178832,104.708041937107,141.4654323491187,103.7582240168401,0.5719642415394346,848.4,726.5,365.65,0
parallel_run_0191,Archetype_1,2,0.969525032482651,0.9223197229413072,0.8333333333333471,4.531038935982789e-17,0,1,0,3,0.3333333333333333,10.09356256031139,11.29063222601615,4.76846366035301,76.79579046522252,1053.739944648393,0.2204308342752106,41.70644304050847,45.01347485513899,281.050931209811,1.263414311242694,848.4,726.5,365.65,2
parallel_run_0192,Archetype_1,0,0.3054416696281906,0.980852800524508,0.8333333333333334,0.0349809342642164,0,1,0,3,0.3333333333333333,6.186101812756469,15.06385238110333,2.884344918055505,31.24493007510238,986.5491512115816,0.0557544202849528,84.24127174220122,94.4970799647684,145.9465456157096,1.018398256176594,848.4,726.5,365.65,0
parallel_run_0194,Archetype_1,1,0.6804225923898157,0.916806600595185,0.8333333333333334,0.0992724962051317,0,0,0,2,0.0,5.875103409596851,7.908293010058282,2.390464514085502,54.80879767084504,951.9658153072828,0.3730351891050821,88.41266743681159,98.35668950325385,201.4163575543587,0.6395764243792184,848.4,726.5,365.65,1
parallel_run_0195,Archetype_1,0,0.2678622157421592,0.959875186993444,0.2075362704136691,0.0396001991159111,0,1,0,3,0.3333333333333333,9.89273547819015,5.915838497469448,4.894747269895554,35.37340681692577,1159.023486619083,0.501565989511877,72.72853972209614,37.63505720582668,179.0711115343357,0.7616663464940141,848.4,726.5,365.65,0
parallel_run_0196,Archetype_1,0,0.3498646800816183,0.979949877304182,0.7966536684365719,0.0,0,1,0,3,0.3333333333333333,14.08524419392078,16.31334378769262,2.308954015500626,40.52170066997526,1429.94499687827,0.4596363285181422,47.00410072502583,15.67060968778293,242.31607024993,1.191021807579522,848.4,726.5,365.65,0
parallel_run_0197,Archetype_1,0,0.2320226418669455,0.9605690479363608,0.1027349490350928,0.2256874502213559,0,1,1,5,0.0,12.41392231723704,6.505360896541484,2.371739473104665,32.39759536864331,816.6382880545631,0.5170204646406725,23.22847379435524,49.02752712084806,184.9716219995724,1.138692518506339,848.4,726.5,365.65,0
parallel_run_0198,Archetype_1,0,0.2001056257283352,0.9831770181093974,0.8333333333331753,0.3590173148800126,0,1,0,3,0.0,11.20531214550689,17.28918987462175,2.41534597807669,62.25120319523698,1520.929737606235,0.5566745144953847,74.0786242796822,117.154618835779,125.2618930845108,1.040699628833873,848.4,726.5,365.65,0
parallel_run_0199,Archetype_1,0,0.2654180949795843,0.9796192512321006,0.8333333333333368,0.0084595878043064,0,1,0,3,0.3333333333333333,14.76040816329797,11.89711135068584,3.420702396064348,30.231907913922,1810.531238432742,0.1512092640839279,103.1976415956362,60.53852960346411,259.9151824744392,0.8372539290562797,848.4,726.5,365.65,0
parallel_run_0200,Archetype_1,1,0.2985481076508693,0.9821566224119538,0.8916837851221094,0.0139740577629844,0,0,0,2,0.0,7.125713809407731,15.76402470243221,2.203821019158463,30.66474775106086,1916.270048437812,0.5283635710427317,61.25580077898183,29.96136795184568,159.1614013752083,1.233712473598319,848.4,726.5,365.65,1
parallel_run_0201,Archetype_1,0,0.3689469109897345,0.9779051212224764,0.9090909090909092,0.1383263417498711,0,1,0,3,0.3333333333333333,8.679848728865139,17.93322578398463,2.012220077079774,83.75880309023228,1452.198189273966,0.1702477055167378,188.3270361277955,136.3991131874458,182.3163284478816,0.9737019697352638,848.4,726.5,365.65,0
parallel_run_0202,Archetype_1,0,0.479627821280694,0.9569697051238354,0.8333333333333334,0.0057120330823059,0,1,0,3,0.3333333333333333,10.55930465773863,9.95253445312245,2.521216447715092,45.35968846878346,1103.764527095477,0.4796032918726125,40.24829434892813,79.6642707844849,235.4042582741113,1.120275647130058,848.4,726.5,365.65,0
parallel_run_0203,Archetype_1,1,0.0009571299088851,0.9998491967256616,0.8333333333333334,0.0,0,0,0,2,0.0,8.584062378535368,5.204947737148349,3.396878123134748,49.03717145112236,1633.945583329502,0.3831221102711273,55.84174480106363,55.43941616510568,267.3891249190509,1.103848703587101,848.4,726.5,365.65,1
parallel_run_0204,Archetype_1,2,1.0,0.9274308585015768,0.6568285778767026,0.0021432449408332,0,1,0,3,0.3333333333333333,11.48324720641784,13.54496100580118,2.943629403674687,73.69619351630662,959.6890243777384,0.1556452540222857,26.07329355182583,17.9346609870809,270.2527552749784,1.24797609559057,848.4,726.5,365.65,2
parallel_run_0205,Archetype_1,0,0.1438513844372641,0.9847774112179548,0.8672720733204211,0.5519909804694598,0,1,0,3,0.0,8.239417824778362,19.86594006810631,2.185631748368638,84.78697422249212,1014.516711027553,0.5729610607824123,94.5537552962944,103.539963389083,112.696063975848,0.8568714170808833,848.4,726.5,365.65,0
parallel_run_0206,Archetype_1,1,0.6167933871458096,0.9588798133656242,0.8333333333333334,0.0522097421898698,0,0,0,2,0.0,10.74739923464404,14.72531853706425,2.344142683785495,39.79251941170135,1382.725160889254,0.1302190494638491,44.96744153575168,45.57905328193963,117.6699208576838,0.5147064197244176,848.4,726.5,365.65,1
parallel_run_0208,Archetype_1,0,0.6260285022837937,0.9518345035168772,0.8333333333333334,0.2893029403058068,0,1,0,3,0.3333333333333333,12.62912539162891,17.1844658696355,2.641849634690004,42.22256724024653,904.387351538265,0.3237095872395198,68.36904203871276,108.7516199458351,169.4200698119767,0.6476733781840518,848.4,726.5,365.65,0
parallel_run_0209,Archetype_1,0,0.2341214998066856,0.9825070085433224,0.3693673946136752,0.0194340675840313,0,1,0,3,0.3333333333333333,6.522201326382715,12.39939167303931,3.618708160073463,47.13963660315678,739.0878598442532,0.2748268178242084,80.41869864667342,47.40439371988354,195.7889275941752,0.5500432829432993,848.4,726.5,365.65,0
parallel_run_0210,Archetype_1,2,1.0,0.912677046674435,0.8333333333333334,0.0326172460781592,0,1,0,3,0.3333333333333333,9.384437367855847,18.12707624626986,2.907152582017375,82.60031647176109,883.1361687269793,0.196669248894807,66.74094420558276,73.27740104246614,210.9777341720553,1.294178414837762,848.4,726.5,365.65,2
parallel_run_0211,Archetype_1,1,0.3951343349728675,0.9575856443575924,0.8922668332595911,0.5351056612212561,0,0,0,2,0.0,14.37657933613404,18.84410004062273,2.669185145620158,35.03786974557758,1927.503758948734,0.53662187709572,185.9380919407641,28.71237259798763,240.7907661092698,1.211179443278551,848.4,726.5,365.65,1
parallel_run_0212,Archetype_1,0,0.4522143682166298,0.974391561879994,0.8333333333333334,0.0160872312091725,0,1,0,3,0.3333333333333333,12.88294506062676,16.47370199557806,3.916427027915539,33.29873756204726,1553.403975838957,0.1037951584613293,35.14190572583635,68.48407504836385,165.2840596040335,1.272212627733274,848.4,726.5,365.65,0
parallel_run_0213,Archetype_1,1,0.180415801326733,0.9849345518557044,0.8653531308811915,0.4353887113534209,0,0,0,2,0.0,13.71417304507693,19.94297232922278,3.190463394584546,39.35568050526847,1306.802190395147,0.4398896859558368,173.4756545582791,57.55417542909995,217.6461551705664,0.6040099969531483,848.4,726.5,365.65,1
parallel_run_0214,Archetype_1,2,0.780508522317997,0.903196449680905,0.1873079948682492,0.2436786433550231,0,1,1,5,0.0,10.0542437922061,9.52808842232428,2.7551726834745,63.83059444783521,602.6095239046633,0.5655852937121579,52.9250694322663,12.91258574592992,212.3338287792068,0.8863857524748795,848.4,726.5,365.65,2
parallel_run_0215,Archetype_1,1,0.3082024104529623,0.9817287314910348,0.8649755858619735,0.0919711726799699,0,0,0,2,0.0,8.902950966584617,17.34337950080082,3.071726683251704,72.97629984854609,1254.634228844618,0.0922887709307529,134.989883752535,20.33996544789689,133.8281740992772,0.6978638514594209,848.4,726.5,365.65,1
parallel_run_0216,Archetype_1,0,0.3631545170746925,0.93244988725736,0.8333333333333334,0.2030637173348181,0,1,0,3,0.3333333333333333,5.219692016072181,5.614852538476582,3.507907836572578,37.36349927885944,613.7680335920102,0.2904762209302906,148.1467328115624,131.7779486933157,207.8141490530652,1.146935950080092,848.4,726.5,365.65,0
parallel_run_0217,Archetype_1,1,0.0002166129179564,0.9999660519257644,0.7332205153101713,2.2191185337854752e-05,0,0,0,2,0.0,11.93340271693271,5.317576274973425,3.28343831907141,71.54504448894762,1838.989919269122,0.4945103601576556,50.50487388868805,23.73720438973167,225.8680659378676,1.111263875962919,848.4,726.5,365.65,1
parallel_run_0218,Archetype_1,2,1.0,0.9283367505178596,0.0,0.04854817492414,0,1,0,3,0.3333333333333333,7.847009180844555,15.10246331425202,2.220849460660624,49.56921416774286,674.7929181340594,0.181477849380431,32.85601950306146,137.9877963370772,282.6442521246439,1.072413780762075,848.4,726.5,365.65,2
parallel_run_0219,Archetype_1,2,1.0,0.8889972877731716,0.6449908549896325,0.0061683130433765,0,1,0,1,0.0,5.307304167754404,8.062741299807017,2.856484395403244,90.46559420208708,591.9263990795743,0.5853009355147591,97.7904136753744,36.39089163854832,254.8378904988671,0.9033851808539108,848.4,726.5,365.65,1
parallel_run_0220,Archetype_1,2,1.0,0.9521695693107556,0.8333333333333334,0.0,0,1,0,1,1.0,8.088620780419058,19.64969158227921,2.445246324409711,38.13315627139157,846.5530044686006,0.2872874174759508,41.0140129305388,66.19506893135303,296.218590405105,0.6626148413292461,848.4,726.5,365.65,1
parallel_run_0221,Archetype_1,1,0.5766792813874565,0.94943245443746,0.9028757710432784,0.3911219438116831,0,0,0,2,0.0,7.737878589250059,17.65262552890793,2.04343847591413,60.65256661819086,794.1535603498564,0.3905802979433853,158.1284539410613,28.1308721236521,148.7173157451602,1.000044063032848,848.4,726.5,365.65,1
parallel_run_0222,Archetype_1,2,0.6526314136260163,0.933163289584442,0.8333333333333334,0.4955261236027447,0,1,0,3,0.3333333333333333,13.0646439961812,18.24589508543017,2.716732587027388,46.65131170230379,725.1054169218328,0.5115983993063354,64.21434402267955,101.3397416534369,115.4601576016992,0.561267319729339,848.4,726.5,365.65,2
parallel_run_0223,Archetype_1,0,0.6392582084346714,0.9644980356514464,0.8333333333333334,0.0060203257940086,0,1,0,3,0.3333333333333333,14.55899147105204,16.92400224464144,4.505870455669541,48.66008960426488,1880.428773878496,0.1898057560671069,25.33689484018815,53.21861456331589,186.1609652237962,0.6245236166119492,848.4,726.5,365.65,0
parallel_run_0224,Archetype_1,2,0.907080394518366,0.9320917793615552,0.746942160371104,0.0729299237335668,0,1,0,3,0.3333333333333333,6.902588311173137,13.28544430155988,2.608092824810263,48.10349831449953,712.0868495925945,0.5809073215674864,59.06523453291005,146.7428585041353,298.5472537308848,1.224555548142108,848.4,726.5,365.65,2
parallel_run_0226,Archetype_1,1,0.999999999999992,0.950388855833966,0.8018004740115331,2.7405736602450213e-16,0,1,0,1,0.0,5.645937846490421,19.08999399027946,4.574685372982158,59.43535530068567,740.044618160573,0.4465748804743228,76.02908933133577,44.09919367093785,262.8462682705834,0.782484278393255,713.0,426.4,221.05,1
parallel_run_0227,Archetype_1,0,0.5945762886510723,0.9594023013345878,0.7974437291899487,0.1170357737956581,0,1,0,3,0.3333333333333333,13.49964268135165,15.33095577911059,4.464674582116157,42.94616278436651,1185.794953774338,0.117649937817252,137.4023502352264,22.49168264409253,128.2191212271367,0.5911665438533666,713.0,426.4,221.05,0
parallel_run_0228,Archetype_1,0,0.7621806980692355,0.953740419596102,0.8333333333333334,0.205780736990764,0,1,0,3,0.0,6.405292284318544,19.53555145216947,3.764585606427318,64.73890400335439,850.6267050193985,0.2646507902451352,37.50790122422556,110.5320184729022,100.9223548185412,1.28665717130124,713.0,426.4,221.05,0
parallel_run_0229,Archetype_1,1,0.3893535427490647,0.9711116727333218,0.0,0.1833729595873359,0,0,0,2,0.0,5.078233488755179,15.36811055664406,4.023785290991664,68.86856051780249,1676.075248578451,0.2246787017126815,129.5689761803989,24.65199699594505,232.3224413807133,0.6774859235206085,713.0,426.4,221.05,1
parallel_run_0230,Archetype_1,2,0.8308426027687101,0.9097004453887624,0.9090909090909092,0.0360918621882111,0,1,0,3,0.3333333333333333,9.795367374301884,8.46566765326878,4.968477490368761,93.10632240494294,1005.748088406246,0.0638931166280094,56.87494984404746,127.412906728483,150.7886454235,1.149819164967017,713.0,426.4,221.05,2
parallel_run_0231,Archetype_1,0,0.503298441697067,0.958819137833796,0.8620383102828715,0.1505541464985376,0,1,0,3,0.3333333333333333,13.21427123302489,12.99077849367701,2.804621181868556,57.60856169568081,1509.042894252557,0.202994166366049,91.80831738898752,122.5526135883852,139.657431483073,1.128863155150354,713.0,426.4,221.05,0
parallel_run_0233,Archetype_1,1,0.3081792738232494,0.9669409055207602,4.1088359642698495e-14,0.0490165983805896,0,0,0,2,0.0,6.639503134093878,8.702036358183824,2.460006477284389,50.84918084009174,1224.275709388201,0.14250239653806,114.0559579566393,16.49310952489565,222.5836742807619,1.025953997214746,713.0,426.4,221.05,1
parallel_run_0235,Archetype_1,1,0.0,1.0,0.8986739752045309,0.3980811343213125,0,0,0,2,0.0,13.53541818756549,17.50384951367896,4.718111782544003,32.06607470803334,1682.919135964777,0.407888008510583,62.79308556464255,40.8608152984074,108.3468966403483,0.7505038651828599,713.0,426.4,221.05,1
parallel_run_0236,Archetype_1,1,0.1525731032615576,0.9852491181930886,0.9032769601624506,0.3403930705746534,0,0,0,2,0.0,9.589786864094185,14.52009542132607,2.25760526337914,95.46321746956043,1743.776803747743,0.3420270254820715,154.4883468009115,38.07535167163682,155.3553685224774,0.5347162870897352,713.0,426.4,221.05,1
parallel_run_0238,Archetype_1,0,0.1340108177107933,0.9912336410045276,0.8333333333333334,0.1027411287819309,0,1,0,3,0.3333333333333333,11.5724650899624,15.71417657225041,2.505463074151018,37.82135289309134,1732.171085268251,0.2966680057335894,87.89904124731528,124.3179479506931,188.0589961374106,0.6121933944560484,713.0,426.4,221.05,0
parallel_run_0239,Archetype_1,2,1.0,0.9392935706993006,0.4814475453085878,0.0658190228282231,0,1,0,3,0.0,7.401877309695345,16.72060108361629,4.239354502223774,78.9004950381646,763.9731909619118,0.0862171753274194,168.5882939237162,10.48455250370037,274.1962939177321,0.9381802418748396,713.0,426.4,221.05,2
parallel_run_0240,Archetype_1,1,0.0,1.0,0.781848937545969,1.4549109883995502e-05,0,0,0,2,0.0,6.226512320545174,10.57007202633626,4.816232216133942,78.55254926123328,1473.572870709382,0.3084672339978864,39.11190515019379,26.58517665913403,167.9697151744124,0.8989728030906465,713.0,426.4,221.05,1
parallel_run_0241,Archetype_1,0,0.2987403543428622,0.9725198660734116,0.8333333333333334,0.221004121066353,0,1,0,3,0.0,8.028178927033153,12.69358091967134,3.112625106465832,36.62334427994244,1295.694779439287,0.2513937760739758,117.9684651723182,90.13045861303728,158.0544197808208,0.9195426682975842,713.0,426.4,221.05,0
parallel_run_0242,Archetype_1,1,0.2096149806596035,0.9737669441938808,0.8308276890631927,0.0232304810290117,0,0,0,2,0.0,5.772023405404161,7.116169331792253,2.064522668331408,56.51085137099933,1786.195480402135,0.0232508350807578,161.0329775531958,25.14851249315225,197.822121004284,0.7197444930411876,713.0,426.4,221.05,1
parallel_run_0243,Archetype_1,0,0.3417311895106519,0.9806230278998528,0.9090909090909092,0.0431535906555112,0,1,0,3,0.3333333333333333,9.480794663304136,17.03804542014852,4.639878986106728,99.35855694037711,1250.245306083507,0.4168895798584492,43.35096290748591,149.1588574610129,277.1890738836713,1.083347637799514,713.0,426.4,221.05,0
parallel_run_0244,Archetype_1,2,1.0,0.8996526258988071,0.8333333333333334,0.2679408766414877,0,1,0,3,0.3333333333333333,12.59017345046845,19.02253176729523,3.9523185428614,96.0626212890334,921.343979285896,0.3159410008343269,143.9201303011419,83.56764829664709,247.3963377767511,1.184696545793093,713.0,426.4,221.05,2
parallel_run_0245,Archetype_1,2,0.7294701847958911,0.9455414745212716,0.0,0.3246452067700767,0,1,0,3,0.3333333333333333,13.88681027006693,18.61075821619153,4.347085125891433,43.42201779666991,778.7163195623369,0.5440908291581393,33.79114171279144,30.41474642500482,289.3256653337539,0.7671046222699125,713.0,426.4,221.05,2
parallel_run_0246,Archetype_1,1,0.1875884058725858,0.944689036668448,0.4794128949385848,0.5640912179081202,0,0,0,2,0.0,10.32199462340584,6.699275404416465,2.08038382636346,44.79361792876074,979.8557987975116,0.595749285135953,177.31500644115,11.06955829270862,290.4698168059626,1.067301995703033,713.0,426.4,221.05,1
parallel_run_0247,Archetype_1,0,0.1990679766359056,0.9802579244177576,0.8333333333333334,0.3060453945986665,0,1,0,3,0.3333333333333333,10.44667181037197,13.25070225132207,4.259523874160369,88.11039822390016,1086.489408610497,0.3604504262054547,93.26680170863348,86.31118950437782,141.2036987315458,0.8099763525700954,713.0,426.4,221.05,0
parallel_run_0248,Archetype_1,1,0.4278440735366111,0.9499584364267628,0.8333333333333334,0.3271914036171924,0,0,0,2,0.0,7.193260089885094,11.65964368980142,4.36245347424116,67.47086947928852,860.866485459772,0.3929505433301446,47.88817474253383,105.9284432028051,105.7696635231778,0.7077017593878874,713.0,426.4,221.05,1
parallel_run_0249,Archetype_1,0,0.1311290539188187,0.9923238866784844,0.7186334116410373,0.0,0,1,0,3,0.3333333333333333,10.87938801553206,16.037856129965,2.961086101395173,69.6604654795751,1130.70880630468,0.3289402099742169,45.2910359937304,14.91317533979289,294.1194921299998,1.165324106539424,713.0,426.4,221.05,0
parallel_run_0250,Archetype_1,0,0.3753699666566311,0.9752168823583282,0.9090909090909092,0.2566434631759959,0,1,0,3,0.3333333333333333,11.04944243362644,19.24071518137925,3.605624564480587,53.85239415205597,1355.675352940887,0.2611936824169285,192.5155188876426,93.4514385332439,163.183152602084,0.9537850554699546,713.0,426.4,221.05,0
parallel_run_0251,Archetype_1,0,0.4698126733734598,0.9428229660873934,0.8333333333333414,0.5179713526894688,0,1,0,3,0.0,9.08917883368848,15.93141516714483,2.552097542916801,87.05159164902761,516.4075892774002,0.5259683590341234,164.5121833558311,80.95119800030251,191.2553856341034,1.094491785369062,713.0,426.4,221.05,0
parallel_run_0252,Archetype_1,0,0.1489358377458273,0.9833339004568736,0.8926055935855362,0.2018740572280051,0,1,0,3,0.3333333333333333,6.022122980882333,10.18624643812967,4.118622604217991,44.05635878211464,657.7419002366751,0.4846669501207773,27.38228323221475,120.2686065600439,118.8863494549756,1.050243965660369,713.0,426.4,221.05,0
parallel_run_0253,Archetype_1,0,0.2802319392397286,0.9857548002226916,0.833333333333336,0.0311613286441036,0,1,0,3,0.3333333333333333,12.81217303836103,18.79926099501478,3.671884488568053,46.3834911494316,1976.5423669876,0.4556973803877963,98.27765434529884,77.3225987347966,261.8146648055326,0.8637011623017257,713.0,426.4,221.05,0
parallel_run_0254,Archetype_1,2,1.0,0.9243177637562616,0.0,0.0269098398312845,0,1,0,3,0.3333333333333333,11.30329623906534,14.11358006738063,2.119776423336449,80.39616228749757,927.2926047619708,0.0269989646361896,110.5634989792129,18.96908617913164,123.0786965714163,1.005760777712649,713.0,426.4,221.05,2
parallel_run_0255,Archetype_1,1,0.0,1.0,0.8658914863179198,0.0002641111243013,0,0,0,2,0.0,9.208165790113028,15.46907671514874,4.545251827774964,38.83541580815834,1956.9090829731,0.1622856966902549,21.41825610127897,34.46180060490662,143.3953587386619,1.21370144627473,713.0,426.4,221.05,1
parallel_run_0257,Archetype_1,0,0.5830293479201202,0.9694846956108308,0.8679930201279304,0.016460482710878,0,1,0,3,0.3333333333333333,11.79622827938521,18.29050969456285,4.169805421292692,52.8848948871502,1412.193873679556,0.4257887667081556,79.79357681981203,42.21866859739012,215.0694877114157,0.8330072175424368,713.0,426.4,221.05,0
parallel_run_0258,Archetype_1,0,0.5049769416828502,0.93926091937591,0.7807325478381149,0.0043308679633507,0,1,0,3,0.3333333333333333,7.646521843235478,7.231058342555429,3.31458691916786,41.69964252763987,671.0160759439195,0.4157057803155249,70.94792328052574,46.67117715729472,250.4862261361136,0.7327865198402268,713.0,426.4,221.05,2
parallel_run_0259,Archetype_1,2,1.0,0.8918748161959166,0.0718151319557061,0.2052616540306767,0,1,0,3,0.0,13.36289726948865,19.43255606974088,2.149756002614726,98.31009612961368,830.6769291617317,0.3440972357975186,24.40106928622523,21.65487938516236,225.1829757871136,1.25645844295112,713.0,426.4,221.05,2
parallel_run_0260,Archetype_1,0,0.4645724591045098,0.952107344842815,0.7083639281236603,0.0574029405128699,0,1,0,3,0.3333333333333333,8.364797989299861,9.192250646467237,3.860538328046275,34.3813015352484,788.3970389732821,0.4717590306136611,144.6892794848065,41.70303632080136,285.1192728451363,0.9914750935718764,713.0,426.4,221.05,0
parallel_run_0261,Archetype_1,0,0.3684852516746991,0.9784829944449134,0.6069564739278097,0.0323943127507131,0,1,0,3,0.3333333333333333,14.90080910970151,16.57440810558032,2.987874773593921,45.48329767203269,1579.101973947642,0.0323452792956046,124.7691560752347,13.25130095356169,131.0360691937709,1.160280557751469,713.0,426.4,221.05,0
parallel_run_0262,Archetype_1,2,1.0,0.8559858958654005,0.0,0.0074409603303337,0,1,0,3,0.3333333333333333,6.738724478605125,10.74467739481464,4.059979339446745,91.01635205906643,546.9101382223519,0.1271291449095846,29.64904233951978,50.75070528467045,175.7269183945674,1.085475702971351,713.0,426.4,221.05,2
parallel_run_0263,Archetype_1,2,1.0,0.8878408447892915,0.0,0.2767195039976367,0,1,0,3,0.0,12.29475505195811,16.20117521024517,2.57668959775238,86.126770574267,694.6303209657378,0.3562216088726904,35.8027220756866,64.20784236580666,271.3979072062631,0.7973279454902197,713.0,426.4,221.05,2
parallel_run_0264,Archetype_1,1,0.7731657727636273,0.9318392242639024,0.793959830595486,0.2475037974119507,0,0,0,2,0.0,5.41478544277491,13.9696886981829,3.800167267124271,93.40190108464566,1614.000840022941,0.2479437183689544,197.1143613561278,32.13386871974967,137.2906070612262,1.198479495410149,713.0,426.4,221.05,1
parallel_run_0265,Archetype_1,0,0.0120166074909078,0.998257616440944,0.9090909090909084,0.0697828218715161,0,1,0,3,0.0,7.325244866915437,6.133456484961489,2.849506395765022,36.13139533184066,1846.939556478707,0.1045903725178832,104.708041937107,141.4654323491187,103.7582240168401,0.5719642415394346,713.0,426.4,221.05,0
parallel_run_0266,Archetype_1,0,0.407109277973033,0.9675191698499048,0.855847639058249,0.0,0,1,0,3,0.3333333333333333,10.09356256031139,11.29063222601615,4.76846366035301,76.79579046522252,1053.739944648393,0.2204308342752106,41.70644304050847,45.01347485513899,281.050931209811,1.263414311242694,713.0,426.4,221.05,0
parallel_run_0267,Archetype_1,0,0.2604931051617061,0.9836378136167004,0.8333333333333334,0.032917692300231,0,1,0,3,0.3333333333333333,6.186101812756469,15.06385238110333,2.884344918055505,31.24493007510238,986.5491512115816,0.0557544202849528,84.24127174220122,94.4970799647684,145.9465456157096,1.018398256176594,713.0,426.4,221.05,0
parallel_run_0269,Archetype_1,0,0.4237265115014791,0.9490662162338668,0.8333333333333334,0.081402296916009,0,1,0,3,0.0,5.875103409596851,7.908293010058282,2.390464514085502,54.80879767084504,951.9658153072828,0.3730351891050821,88.41266743681159,98.35668950325385,201.4163575543587,0.6395764243792184,713.0,426.4,221.05,0
parallel_run_0270,Archetype_1,0,0.1295934760793897,0.9805265766101076,0.6771428010660809,0.0417334107027612,0,1,0,3,0.3333333333333333,9.89273547819015,5.915838497469448,4.894747269895554,35.37340681692577,1159.023486619083,0.501565989511877,72.72853972209614,37.63505720582668,179.0711115343357,0.7616663464940141,713.0,426.4,221.05,0
parallel_run_0271,Archetype_1,0,0.2957863642038829,0.9830131953145342,0.858234013401149,0.0,0,1,0,3,0.3333333333333333,14.08524419392078,16.31334378769262,2.308954015500626,40.52170066997526,1429.94499687827,0.4596363285181422,47.00410072502583,15.67060968778293,242.31607024993,1.191021807579522,713.0,426.4,221.05,0
parallel_run_0272,Archetype_1,0,0.2299706671049181,0.9604229839193916,0.1044275899541939,0.2292594713616264,0,1,1,5,0.0,12.41392231723704,6.505360896541484,2.371739473104665,32.39759536864331,816.6382880545631,0.5170204646406725,23.22847379435524,49.02752712084806,184.9716219995724,1.138692518506339,713.0,426.4,221.05,0
parallel_run_0273,Archetype_1,0,0.1607867538432136,0.9863374404184702,0.8523027465574026,0.3670010283034313,0,1,0,3,0.0,11.20531214550689,17.28918987462175,2.41534597807669,62.25120319523698,1520.929737606235,0.5566745144953847,74.0786242796822,117.154618835779,125.2618930845108,1.040699628833873,713.0,426.4,221.05,0
parallel_run_0274,Archetype_1,0,0.2261859584874086,0.9826624769493,0.8333333333333334,0.0068602367455692,0,1,0,3,0.3333333333333333,14.76040816329797,11.89711135068584,3.420702396064348,30.231907913922,1810.531238432742,0.1512092640839279,103.1976415956362,60.53852960346411,259.9151824744392,0.8372539290562797,713.0,426.4,221.05,0
parallel_run_0275,Archetype_1,1,0.0005865685195792,0.99996441076252,0.913422178800974,0.0204252819249243,0,0,0,2,0.0,7.125713809407731,15.76402470243221,2.203821019158463,30.66474775106086,1916.270048437812,0.5283635710427317,61.25580077898183,29.96136795184568,159.1614013752083,1.233712473598319,713.0,426.4,221.05,1
parallel_run_0276,Archetype_1,0,0.3110499427313391,0.9816569660793324,0.9090909090909092,0.1318613659919562,0,1,0,3,0.3333333333333333,8.679848728865139,17.93322578398463,2.012220077079774,83.75880309023228,1452.198189273966,0.1702477055167378,188.3270361277955,136.3991131874458,182.3163284478816,0.9737019697352638,713.0,426.4,221.05,0
parallel_run_0277,Archetype_1,0,0.4760445668660678,0.9569448782278244,0.8333333333333264,0.0089365625550068,0,1,0,3,0.3333333333333333,10.55930465773863,9.95253445312245,2.521216447715092,45.35968846878346,1103.764527095477,0.4796032918726125,40.24829434892813,79.6642707844849,235.4042582741113,1.120275647130058,713.0,426.4,221.05,0
parallel_run_0278,Archetype_1,1,3.5393497919552325e-06,0.9999994422972562,0.8333333333333334,0.0,0,0,0,2,0.0,8.584062378535368,5.204947737148349,3.396878123134748,49.03717145112236,1633.945583329502,0.3831221102711273,55.84174480106363,55.43941616510568,267.3891249190509,1.103848703587101,713.0,426.4,221.05,1
parallel_run_0279,Archetype_1,2,1.0,0.9281098741089522,0.5976597451844671,0.0019123318234953,0,1,0,3,0.3333333333333333,11.48324720641784,13.54496100580118,2.943629403674687,73.69619351630662,959.6890243777384,0.1556452540222857,26.07329355182583,17.9346609870809,270.2527552749784,1.24797609559057,713.0,426.4,221.05,2
parallel_run_0280,Archetype_1,0,0.0004369760295623,0.9999565847266332,0.9395877621346268,0.5233962046961157,0,1,0,3,0.0,8.239417824778362,19.86594006810631,2.185631748368638,84.78697422249212,1014.516711027553,0.5729610607824123,94.5537552962944,103.539963389083,112.696063975848,0.8568714170808833,713.0,426.4,221.05,0
parallel_run_0281,Archetype_1,1,0.6186289422459792,0.9590501568275392,0.8333333333334371,0.0551348123902866,0,0,0,2,0.0,10.74739923464404,14.72531853706425,2.344142683785495,39.79251941170135,1382.725160889254,0.1302190494638491,44.96744153575168,45.57905328193963,117.6699208576838,0.5147064197244176,713.0,426.4,221.05,1
parallel_run_0283,Archetype_1,0,0.620563962571599,0.9524742788255576,0.8333333333333334,0.2845242088946592,0,1,0,3,0.3333333333333333,12.62912539162891,17.1844658696355,2.641849634690004,42.22256724024653,904.387351538265,0.3237095872395198,68.36904203871276,108.7516199458351,169.4200698119767,0.6476733781840518,713.0,426.4,221.05,0
parallel_run_0284,Archetype_1,0,0.0001202764412606,0.9999910087015992,0.7653267108997658,0.0242202345835833,0,1,0,3,0.3333333333333333,6.522201326382715,12.39939167303931,3.618708160073463,47.13963660315678,739.0878598442532,0.2748268178242084,80.41869864667342,47.40439371988354,195.7889275941752,0.5500432829432993,713.0,426.4,221.05,0
parallel_run_0285,Archetype_1,2,1.0,0.9117265869015396,0.8333333333333334,0.0276601496796616,0,1,0,3,0.3333333333333333,9.384437367855847,18.12707624626986,2.907152582017375,82.60031647176109,883.1361687269793,0.196669248894807,66.74094420558276,73.27740104246614,210.9777341720553,1.294178414837762,713.0,426.4,221.05,2
parallel_run_0286,Archetype_1,1,0.3741869865493883,0.9596760605411776,0.9073028998617176,0.5355474761314609,0,0,0,2,0.0,14.37657933613404,18.84410004062273,2.669185145620158,35.03786974557758,1927.503758948734,0.53662187709572,185.9380919407641,28.71237259798763,240.7907661092698,1.211179443278551,713.0,426.4,221.05,1
parallel_run_0287,Archetype_1,0,0.3273140899244776,0.981307956089619,0.8333333333333334,0.0181010573872342,0,1,0,3,0.3333333333333333,12.88294506062676,16.47370199557806,3.916427027915539,33.29873756204726,1553.403975838957,0.1037951584613293,35.14190572583635,68.48407504836385,165.2840596040335,1.272212627733274,713.0,426.4,221.05,0
parallel_run_0288,Archetype_1,1,0.1717812381616903,0.9855688894257516,0.8560868506892033,0.4366215492199898,0,0,0,2,0.0,13.71417304507693,19.94297232922278,3.190463394584546,39.35568050526847,1306.802190395147,0.4398896859558368,173.4756545582791,57.55417542909995,217.6461551705664,0.6040099969531483,713.0,426.4,221.05,1
parallel_run_0289,Archetype_1,2,0.7757809859053594,0.9031860116076916,0.0,0.2450563278454527,0,1,1,5,0.0,10.0542437922061,9.52808842232428,2.7551726834745,63.83059444783521,602.6095239046633,0.5655852937121579,52.9250694322663,12.91258574592992,212.3338287792068,0.8863857524748795,713.0,426.4,221.05,2
parallel_run_0290,Archetype_1,1,0.2837659246321776,0.9830930853189954,0.8964560228526325,0.0919953260922162,0,0,0,2,0.0,8.902950966584617,17.34337950080082,3.071726683251704,72.97629984854609,1254.634228844618,0.0922887709307529,134.989883752535,20.33996544789689,133.8281740992772,0.6978638514594209,713.0,426.4,221.05,1
parallel_run_0291,Archetype_1,0,0.3637653155989943,0.9336542041520672,0.8333333333333334,0.1959530338859905,0,1,0,3,0.3333333333333333,5.219692016072181,5.614852538476582,3.507907836572578,37.36349927885944,613.7680335920102,0.2904762209302906,148.1467328115624,131.7779486933157,207.8141490530652,1.146935950080092,713.0,426.4,221.05,0
parallel_run_0292,Archetype_1,1,0.0,1.0,0.7496746293094975,2.593485283989995e-05,0,0,0,2,0.0,11.93340271693271,5.317576274973425,3.28343831907141,71.54504448894762,1838.989919269122,0.4945103601576556,50.50487388868805,23.73720438973167,225.8680659378676,1.111263875962919,713.0,426.4,221.05,1
parallel_run_0293,Archetype_1,2,1.0,0.9281476502328084,0.0,0.0578998984108418,0,1,0,3,0.3333333333333333,7.847009180844555,15.10246331425202,2.220849460660624,49.56921416774286,674.7929181340594,0.181477849380431,32.85601950306146,137.9877963370772,282.6442521246439,1.072413780762075,713.0,426.4,221.05,2
parallel_run_0294,Archetype_1,2,1.0,0.8882172221597086,0.6987617631077992,0.0004466659094691,0,1,0,3,0.0,5.307304167754404,8.062741299807017,2.856484395403244,90.46559420208708,591.9263990795743,0.5853009355147591,97.7904136753744,36.39089163854832,254.8378904988671,0.9033851808539108,713.0,426.4,221.05,2
parallel_run_0295,Archetype_1,2,1.0,0.9522190436755724,0.8333333333333384,-1.070476419052948e-17,0,1,0,1,1.0,8.088620780419058,19.64969158227921,2.445246324409711,38.13315627139157,846.5530044686006,0.2872874174759508,41.0140129305388,66.19506893135303,296.218590405105,0.6626148413292461,713.0,426.4,221.05,1
parallel_run_0296,Archetype_1,1,0.5207715008902971,0.9544967165452632,0.9132640631346504,0.3904150327085829,0,0,0,2,0.0,7.737878589250059,17.65262552890793,2.04343847591413,60.65256661819086,794.1535603498564,0.3905802979433853,158.1284539410613,28.1308721236521,148.7173157451602,1.000044063032848,713.0,426.4,221.05,1
parallel_run_0297,Archetype_1,2,0.6338991903929558,0.9348297835082918,0.8333333333333334,0.4935602327991619,0,1,0,3,0.3333333333333333,13.0646439961812,18.24589508543017,2.716732587027388,46.65131170230379,725.1054169218328,0.5115983993063354,64.21434402267955,101.3397416534369,115.4601576016992,0.561267319729339,713.0,426.4,221.05,2
parallel_run_0298,Archetype_1,0,0.3725113405991379,0.9793936541423568,0.8333333333333334,0.0073483649140573,0,1,0,3,0.3333333333333333,14.55899147105204,16.92400224464144,4.505870455669541,48.66008960426488,1880.428773878496,0.1898057560671069,25.33689484018815,53.21861456331589,186.1609652237962,0.6245236166119492,713.0,426.4,221.05,0
parallel_run_0299,Archetype_1,2,0.8727683229631166,0.9331663725971168,0.7051905277585062,0.0953099599130828,0,1,0,3,0.3333333333333333,6.902588311173137,13.28544430155988,2.608092824810263,48.10349831449953,712.0868495925945,0.5809073215674864,59.06523453291005,146.7428585041353,298.5472537308848,1.224555548142108,713.0,426.4,221.05,2
parallel_run_0301,Archetype_1,1,0.9999999999999972,0.9503383092213395,0.8032046473176115,0.0027843546472516,0,1,0,1,0.0,5.645937846490421,19.08999399027946,4.574685372982158,59.43535530068567,740.044618160573,0.4465748804743228,76.02908933133577,44.09919367093785,262.8462682705834,0.782484278393255,804.9,354.1,201.7,1
parallel_run_0302,Archetype_1,0,0.5898026309847997,0.959499111061172,0.7857263774877363,0.116815361582795,0,1,0,3,0.3333333333333333,13.49964268135165,15.33095577911059,4.464674582116157,42.94616278436651,1185.794953774338,0.117649937817252,137.4023502352264,22.49168264409253,128.2191212271367,0.5911665438533666,804.9,354.1,201.7,0
parallel_run_0303,Archetype_1,1,1.0,0.9215268312192056,0.8333333333333334,0.2260180261561169,0,0,0,2,0.0,6.405292284318544,19.53555145216947,3.764585606427318,64.73890400335439,850.6267050193985,0.2646507902451352,37.50790122422556,110.5320184729022,100.9223548185412,1.28665717130124,804.9,354.1,201.7,1
parallel_run_0304,Archetype_1,1,0.4077151247159113,0.969374998608452,0.0,0.1852371075023257,0,0,0,2,0.0,5.078233488755179,15.36811055664406,4.023785290991664,68.86856051780249,1676.075248578451,0.2246787017126815,129.5689761803989,24.65199699594505,232.3224413807133,0.6774859235206085,804.9,354.1,201.7,1
parallel_run_0305,Archetype_1,2,0.8423368117008676,0.9097743009400644,0.9090909090909092,0.0314804388976114,0,1,0,3,0.3333333333333333,9.795367374301884,8.46566765326878,4.968477490368761,93.10632240494294,1005.748088406246,0.0638931166280094,56.87494984404746,127.412906728483,150.7886454235,1.149819164967017,804.9,354.1,201.7,2
parallel_run_0306,Archetype_1,0,0.5048696717187124,0.9588177872899212,0.9090909090909092,0.1404405838543488,0,1,0,3,0.3333333333333333,13.21427123302489,12.99077849367701,2.804621181868556,57.60856169568081,1509.042894252557,0.202994166366049,91.80831738898752,122.5526135883852,139.657431483073,1.128863155150354,804.9,354.1,201.7,0
parallel_run_0308,Archetype_1,1,0.2939705975125463,0.9681091468496767,0.0,0.0522916733993214,0,0,0,2,0.0,6.639503134093878,8.702036358183824,2.460006477284389,50.84918084009174,1224.275709388201,0.14250239653806,114.0559579566393,16.49310952489565,222.5836742807619,1.025953997214746,804.9,354.1,201.7,1
parallel_run_0310,Archetype_1,1,0.0,1.0,0.909316594846182,0.3994820064448515,0,0,0,2,0.0,13.53541818756549,17.50384951367896,4.718111782544003,32.06607470803334,1682.919135964777,0.407888008510583,62.79308556464255,40.8608152984074,108.3468966403483,0.7505038651828599,804.9,354.1,201.7,1
parallel_run_0311,Archetype_1,1,0.1497372240516102,0.985388210388805,0.910849825798816,0.3418019932400047,0,0,0,2,0.0,9.589786864094185,14.52009542132607,2.25760526337914,95.46321746956043,1743.776803747743,0.3420270254820715,154.4883468009115,38.07535167163682,155.3553685224774,0.5347162870897352,804.9,354.1,201.7,1
parallel_run_0313,Archetype_1,0,0.150531309973768,0.9899341216162848,0.8333333333334891,0.12291589567886,0,1,0,3,0.3333333333333333,11.5724650899624,15.71417657225041,2.505463074151018,37.82135289309134,1732.171085268251,0.2966680057335894,87.89904124731528,124.3179479506931,188.0589961374106,0.6121933944560484,804.9,354.1,201.7,0
parallel_run_0314,Archetype_1,2,1.0,0.9377403226154482,0.877648462270019,0.0620905695151429,0,1,0,3,0.0,7.401877309695345,16.72060108361629,4.239354502223774,78.9004950381646,763.9731909619118,0.0862171753274194,168.5882939237162,10.48455250370037,274.1962939177321,0.9381802418748396,804.9,354.1,201.7,2
parallel_run_0315,Archetype_1,1,0.0,1.0,0.782165379130946,4.3394974549453525e-05,0,0,0,2,0.0,6.226512320545174,10.57007202633626,4.816232216133942,78.55254926123328,1473.572870709382,0.3084672339978864,39.11190515019379,26.58517665913403,167.9697151744124,0.8989728030906465,804.9,354.1,201.7,1
parallel_run_0316,Archetype_1,0,0.3244959113610179,0.9701546476580504,0.8333333333332564,0.2207306830766807,0,1,0,3,0.0,8.028178927033153,12.69358091967134,3.112625106465832,36.62334427994244,1295.694779439287,0.2513937760739758,117.9684651723182,90.13045861303728,158.0544197808208,0.9195426682975842,804.9,354.1,201.7,0
parallel_run_0317,Archetype_1,1,0.2095221904172611,0.973703721852794,0.8094483943101858,0.023277687739887,0,0,0,2,0.0,5.772023405404161,7.116169331792253,2.064522668331408,56.51085137099933,1786.195480402135,0.0232508350807578,161.0329775531958,25.14851249315225,197.822121004284,0.7197444930411876,804.9,354.1,201.7,1
parallel_run_0318,Archetype_1,0,0.4115020200647397,0.9765096448050123,0.8354755337976291,0.0445356358104535,0,1,0,3,0.3333333333333333,9.480794663304136,17.03804542014852,4.639878986106728,99.35855694037711,1250.245306083507,0.4168895798584492,43.35096290748591,149.1588574610129,277.1890738836713,1.083347637799514,804.9,354.1,201.7,0
parallel_run_0319,Archetype_1,2,1.0,0.8994136526826086,0.8333333333333334,0.2869082628628765,0,1,0,3,0.3333333333333333,12.59017345046845,19.02253176729523,3.9523185428614,96.0626212890334,921.343979285896,0.3159410008343269,143.9201303011419,83.56764829664709,247.3963377767511,1.184696545793093,804.9,354.1,201.7,2
parallel_run_0320,Archetype_1,2,0.7304289428774582,0.9454015744263504,0.0,0.3239366183199405,0,1,0,3,0.3333333333333333,13.88681027006693,18.61075821619153,4.347085125891433,43.42201779666991,778.7163195623369,0.5440908291581393,33.79114171279144,30.41474642500482,289.3256653337539,0.7671046222699125,804.9,354.1,201.7,2
parallel_run_0321,Archetype_1,1,0.1786829130231221,0.9475765345359156,0.0,0.5605358734575585,0,0,0,2,0.0,10.32199462340584,6.699275404416465,2.08038382636346,44.79361792876074,979.8557987975116,0.595749285135953,177.31500644115,11.06955829270862,290.4698168059626,1.067301995703033,804.9,354.1,201.7,1
parallel_run_0322,Archetype_1,0,0.2321359354865354,0.976114527737559,0.8333333333333334,0.3297755795903695,0,1,0,3,0.3333333333333333,10.44667181037197,13.25070225132207,4.259523874160369,88.11039822390016,1086.489408610497,0.3604504262054547,93.26680170863348,86.31118950437782,141.2036987315458,0.8099763525700954,804.9,354.1,201.7,0
parallel_run_0323,Archetype_1,1,0.6019662577840199,0.9300306509720236,0.8333333333333334,0.3250228597390608,0,0,0,2,0.0,7.193260089885094,11.65964368980142,4.36245347424116,67.47086947928852,860.866485459772,0.3929505433301446,47.88817474253383,105.9284432028051,105.7696635231778,0.7077017593878874,804.9,354.1,201.7,1
parallel_run_0324,Archetype_1,0,0.1459800975466488,0.991525607008208,0.754722240603898,6.081841355206804e-17,0,1,0,3,0.3333333333333333,10.87938801553206,16.037856129965,2.961086101395173,69.6604654795751,1130.70880630468,0.3289402099742169,45.2910359937304,14.91317533979289,294.1194921299998,1.165324106539424,804.9,354.1,201.7,0
parallel_run_0325,Archetype_1,0,0.3776318589337736,0.975299061635754,0.9090909090909092,0.2559237290204339,0,1,0,3,0.3333333333333333,11.04944243362644,19.24071518137925,3.605624564480587,53.85239415205597,1355.675352940887,0.2611936824169285,192.5155188876426,93.4514385332439,163.183152602084,0.9537850554699546,804.9,354.1,201.7,0
parallel_run_0326,Archetype_1,2,1.0,0.8526608346582815,0.8333333333333334,0.514847683931506,0,1,0,3,0.0,9.08917883368848,15.93141516714483,2.552097542916801,87.05159164902761,516.4075892774002,0.5259683590341234,164.5121833558311,80.95119800030251,191.2553856341034,1.094491785369062,804.9,354.1,201.7,2
parallel_run_0327,Archetype_1,0,0.0903282706685711,0.9902453626674156,0.9377097421393956,0.1888989795340274,0,1,0,3,0.3333333333333333,6.022122980882333,10.18624643812967,4.118622604217991,44.05635878211464,657.7419002366751,0.4846669501207773,27.38228323221475,120.2686065600439,118.8863494549756,1.050243965660369,804.9,354.1,201.7,0
parallel_run_0328,Archetype_1,0,0.2959401365114177,0.9851224105060916,0.8333333333333334,0.0148309301509641,0,1,0,3,0.3333333333333333,12.81217303836103,18.79926099501478,3.671884488568053,46.3834911494316,1976.5423669876,0.4556973803877963,98.27765434529884,77.3225987347966,261.8146648055326,0.8637011623017257,804.9,354.1,201.7,0
parallel_run_0329,Archetype_1,2,1.0,0.9232311565372846,0.0,0.0269747812094477,0,1,0,3,0.3333333333333333,11.30329623906534,14.11358006738063,2.119776423336449,80.39616228749757,927.2926047619708,0.0269989646361896,110.5634989792129,18.96908617913164,123.0786965714163,1.005760777712649,804.9,354.1,201.7,2
parallel_run_0330,Archetype_1,1,0.0,1.0,0.8512724072398048,0.0022390551074542,0,0,0,2,0.0,9.208165790113028,15.46907671514874,4.545251827774964,38.83541580815834,1956.9090829731,0.1622856966902549,21.41825610127897,34.46180060490662,143.3953587386619,1.21370144627473,804.9,354.1,201.7,1
parallel_run_0332,Archetype_1,0,0.5302166818516673,0.9724689611666124,0.8754709240834642,0.0091178689973383,0,1,0,3,0.3333333333333333,11.79622827938521,18.29050969456285,4.169805421292692,52.8848948871502,1412.193873679556,0.4257887667081556,79.79357681981203,42.21866859739012,215.0694877114157,0.8330072175424368,804.9,354.1,201.7,0
parallel_run_0333,Archetype_1,0,0.5055417121439626,0.9390771390993428,0.7992243804732482,0.0027460880483286,0,1,0,3,0.3333333333333333,7.646521843235478,7.231058342555429,3.31458691916786,41.69964252763987,671.0160759439195,0.4157057803155249,70.94792328052574,46.67117715729472,250.4862261361136,0.7327865198402268,804.9,354.1,201.7,2
parallel_run_0334,Archetype_1,2,1.0,0.8919105147224865,0.1051223714673749,0.2063300466962465,0,1,0,3,0.0,13.36289726948865,19.43255606974088,2.149756002614726,98.31009612961368,830.6769291617317,0.3440972357975186,24.40106928622523,21.65487938516236,225.1829757871136,1.25645844295112,804.9,354.1,201.7,2
parallel_run_0335,Archetype_1,0,0.4691016822212731,0.9518801190842684,0.7858193069524567,0.0552746662215964,0,1,0,3,0.3333333333333333,8.364797989299861,9.192250646467237,3.860538328046275,34.3813015352484,788.3970389732821,0.4717590306136611,144.6892794848065,41.70303632080136,285.1192728451363,0.9914750935718764,804.9,354.1,201.7,0
parallel_run_0336,Archetype_1,0,0.3656651753155117,0.9787476104996112,0.5864934298777894,0.0323042639517233,0,1,0,3,0.3333333333333333,14.90080910970151,16.57440810558032,2.987874773593921,45.48329767203269,1579.101973947642,0.0323452792956046,124.7691560752347,13.25130095356169,131.0360691937709,1.160280557751469,804.9,354.1,201.7,0
parallel_run_0337,Archetype_1,2,1.0,0.8557539335651941,0.0,0.0094024616778459,0,1,0,3,0.3333333333333333,6.738724478605125,10.74467739481464,4.059979339446745,91.01635205906643,546.9101382223519,0.1271291449095846,29.64904233951978,50.75070528467045,175.7269183945674,1.085475702971351,804.9,354.1,201.7,2
parallel_run_0338,Archetype_1,2,1.0,0.8878669785569354,0.0,0.276350638551642,0,1,0,3,0.0,12.29475505195811,16.20117521024517,2.57668959775238,86.126770574267,694.6303209657378,0.3562216088726904,35.8027220756866,64.20784236580666,271.3979072062631,0.7973279454902197,804.9,354.1,201.7,2
parallel_run_0339,Archetype_1,1,0.7365560413456168,0.9347755425293092,0.8057647779370847,0.2476781856807988,0,0,0,2,0.0,5.41478544277491,13.9696886981829,3.800167267124271,93.40190108464566,1614.000840022941,0.2479437183689544,197.1143613561278,32.13386871974967,137.2906070612262,1.198479495410149,804.9,354.1,201.7,1
parallel_run_0340,Archetype_1,0,0.0516540197133219,0.9924840602421718,0.9090909090909092,0.068159172771001,0,1,0,3,0.0,7.325244866915437,6.133456484961489,2.849506395765022,36.13139533184066,1846.939556478707,0.1045903725178832,104.708041937107,141.4654323491187,103.7582240168401,0.5719642415394346,804.9,354.1,201.7,0
parallel_run_0341,Archetype_1,2,0.8919812770812469,0.9279737888242928,0.8333333333333002,0.0,0,1,0,3,0.3333333333333333,10.09356256031139,11.29063222601615,4.76846366035301,76.79579046522252,1053.739944648393,0.2204308342752106,41.70644304050847,45.01347485513899,281.050931209811,1.263414311242694,804.9,354.1,201.7,2
parallel_run_0342,Archetype_1,0,0.2655890050281866,0.9832663588544782,0.8333333333333334,0.0314965926973899,0,1,0,3,0.3333333333333333,6.186101812756469,15.06385238110333,2.884344918055505,31.24493007510238,986.5491512115816,0.0557544202849528,84.24127174220122,94.4970799647684,145.9465456157096,1.018398256176594,804.9,354.1,201.7,0
parallel_run_0344,Archetype_1,1,0.6737759744903422,0.9180392065875268,0.8333333333333334,0.0871039286572104,0,0,0,2,0.0,5.875103409596851,7.908293010058282,2.390464514085502,54.80879767084504,951.9658153072828,0.3730351891050821,88.41266743681159,98.35668950325385,201.4163575543587,0.6395764243792184,804.9,354.1,201.7,1
parallel_run_0345,Archetype_1,0,0.1641348418472617,0.9752437892934872,0.6885782916833654,0.0458972251928391,0,1,0,3,0.3333333333333333,9.89273547819015,5.915838497469448,4.894747269895554,35.37340681692577,1159.023486619083,0.501565989511877,72.72853972209614,37.63505720582668,179.0711115343357,0.7616663464940141,804.9,354.1,201.7,0
parallel_run_0346,Archetype_1,0,0.2479587051784867,0.985834520786676,0.8444807955836628,0.0,0,1,0,3,0.3333333333333333,14.08524419392078,16.31334378769262,2.308954015500626,40.52170066997526,1429.94499687827,0.4596363285181422,47.00410072502583,15.67060968778293,242.31607024993,1.191021807579522,804.9,354.1,201.7,0
parallel_run_0347,Archetype_1,0,0.2296976845727719,0.9602942209809402,0.2145732164337479,0.2278813511409418,0,1,1,5,0.0,12.41392231723704,6.505360896541484,2.371739473104665,32.39759536864331,816.6382880545631,0.5170204646406725,23.22847379435524,49.02752712084806,184.9716219995724,1.138692518506339,804.9,354.1,201.7,0
parallel_run_0348,Archetype_1,0,0.145755410760405,0.9874105604498415,0.8491101296856893,0.3746978761938987,0,1,0,3,0.0,11.20531214550689,17.28918987462175,2.41534597807669,62.25120319523698,1520.929737606235,0.5566745144953847,74.0786242796822,117.154618835779,125.2618930845108,1.040699628833873,804.9,354.1,201.7,0
parallel_run_0349,Archetype_1,0,0.2646966436790889,0.98001092562611,0.8333333333333297,0.0068338902358427,0,1,0,3,0.3333333333333333,14.76040816329797,11.89711135068584,3.420702396064348,30.231907913922,1810.531238432742,0.1512092640839279,103.1976415956362,60.53852960346411,259.9151824744392,0.8372539290562797,804.9,354.1,201.7,0
parallel_run_0350,Archetype_1,1,0.0008420152200949,0.9999494448463307,0.898581119067441,0.014918025284281,0,0,0,2,0.0,7.125713809407731,15.76402470243221,2.203821019158463,30.66474775106086,1916.270048437812,0.5283635710427317,61.25580077898183,29.96136795184568,159.1614013752083,1.233712473598319,804.9,354.1,201.7,1
parallel_run_0351,Archetype_1,0,0.3331265935173912,0.9802886204652176,0.9090909090909092,0.1353770359558565,0,1,0,3,0.3333333333333333,8.679848728865139,17.93322578398463,2.012220077079774,83.75880309023228,1452.198189273966,0.1702477055167378,188.3270361277955,136.3991131874458,182.3163284478816,0.9737019697352638,804.9,354.1,201.7,0
parallel_run_0352,Archetype_1,0,0.4762457337151571,0.9567677220127432,0.8333333333333356,0.0074242657307548,0,1,0,3,0.3333333333333333,10.55930465773863,9.95253445312245,2.521216447715092,45.35968846878346,1103.764527095477,0.4796032918726125,40.24829434892813,79.6642707844849,235.4042582741113,1.120275647130058,804.9,354.1,201.7,0
parallel_run_0353,Archetype_1,1,0.0001215657155692,0.9999807711272832,0.8333333333333334,0.0,0,0,0,2,0.0,8.584062378535368,5.204947737148349,3.396878123134748,49.03717145112236,1633.945583329502,0.3831221102711273,55.84174480106363,55.43941616510568,267.3891249190509,1.103848703587101,804.9,354.1,201.7,1
parallel_run_0354,Archetype_1,2,1.0,0.9280433230764764,0.6837214496971602,0.0018444175443008,0,1,0,3,0.3333333333333333,11.48324720641784,13.54496100580118,2.943629403674687,73.69619351630662,959.6890243777384,0.1556452540222857,26.07329355182583,17.9346609870809,270.2527552749784,1.24797609559057,804.9,354.1,201.7,2
parallel_run_0355,Archetype_1,0,0.0003288197280099,0.99996672047652,0.942950411690656,0.5335116391851985,0,1,0,3,0.0,8.239417824778362,19.86594006810631,2.185631748368638,84.78697422249212,1014.516711027553,0.5729610607824123,94.5537552962944,103.539963389083,112.696063975848,0.8568714170808833,804.9,354.1,201.7,0
parallel_run_0356,Archetype_1,1,0.6110884729546712,0.959347663693057,0.8333333333333321,0.0551908717449622,0,0,0,2,0.0,10.74739923464404,14.72531853706425,2.344142683785495,39.79251941170135,1382.725160889254,0.1302190494638491,44.96744153575168,45.57905328193963,117.6699208576838,0.5147064197244176,804.9,354.1,201.7,1
parallel_run_0358,Archetype_1,0,0.6202894673900611,0.9527981800696128,0.8333333333333334,0.2779609943295464,0,1,0,3,0.3333333333333333,12.62912539162891,17.1844658696355,2.641849634690004,42.22256724024653,904.387351538265,0.3237095872395198,68.36904203871276,108.7516199458351,169.4200698119767,0.6476733781840518,804.9,354.1,201.7,0
parallel_run_0359,Archetype_1,0,6.787592561858511e-05,0.9999949450564092,0.7656196727709959,0.0181598876054182,0,1,0,3,0.3333333333333333,6.522201326382715,12.39939167303931,3.618708160073463,47.13963660315678,739.0878598442532,0.2748268178242084,80.41869864667342,47.40439371988354,195.7889275941752,0.5500432829432993,804.9,354.1,201.7,0
parallel_run_0360,Archetype_1,2,1.0,0.9119748916777508,0.8333333333333334,0.02043916539173,0,1,0,3,0.3333333333333333,9.384437367855847,18.12707624626986,2.907152582017375,82.60031647176109,883.1361687269793,0.196669248894807,66.74094420558276,73.27740104246614,210.9777341720553,1.294178414837762,804.9,354.1,201.7,2
parallel_run_0361,Archetype_1,1,0.3671526205692089,0.9601886127429108,0.906823899071586,0.5373999875718535,0,0,0,2,0.0,14.37657933613404,18.84410004062273,2.669185145620158,35.03786974557758,1927.503758948734,0.53662187709572,185.9380919407641,28.71237259798763,240.7907661092698,1.211179443278551,804.9,354.1,201.7,1
parallel_run_0362,Archetype_1,0,0.4155856222397076,0.9762155826041204,0.8333333333333334,0.0189590735564685,0,1,0,3,0.3333333333333333,12.88294506062676,16.47370199557806,3.916427027915539,33.29873756204726,1553.403975838957,0.1037951584613293,35.14190572583635,68.48407504836385,165.2840596040335,1.272212627733274,804.9,354.1,201.7,0
parallel_run_0363,Archetype_1,1,0.167292402107454,0.9859198979751024,0.8559943599156236,0.4368408801403536,0,0,0,2,0.0,13.71417304507693,19.94297232922278,3.190463394584546,39.35568050526847,1306.802190395147,0.4398896859558368,173.4756545582791,57.55417542909995,217.6461551705664,0.6040099969531483,804.9,354.1,201.7,1
parallel_run_0364,Archetype_1,2,0.7764527334653564,0.9032614153570568,0.0424599583212191,0.2411245896058548,0,1,1,5,0.0,10.0542437922061,9.52808842232428,2.7551726834745,63.83059444783521,602.6095239046633,0.5655852937121579,52.9250694322663,12.91258574592992,212.3338287792068,0.8863857524748795,804.9,354.1,201.7,2
parallel_run_0365,Archetype_1,1,0.2761507225472273,0.983536973337172,0.8925197674732535,0.0923422571686299,0,0,0,2,0.0,8.902950966584617,17.34337950080082,3.071726683251704,72.97629984854609,1254.634228844618,0.0922887709307529,134.989883752535,20.33996544789689,133.8281740992772,0.6978638514594209,804.9,354.1,201.7,1
parallel_run_0366,Archetype_1,0,0.3615839542464152,0.9332737309379586,0.8333333333333354,0.2019162457091116,0,1,0,3,0.3333333333333333,5.219692016072181,5.614852538476582,3.507907836572578,37.36349927885944,613.7680335920102,0.2904762209302906,148.1467328115624,131.7779486933157,207.8141490530652,1.146935950080092,804.9,354.1,201.7,0
parallel_run_0367,Archetype_1,1,0.0,1.0,0.7248413088895496,6.888227335643813e-05,0,0,0,2,0.0,11.93340271693271,5.317576274973425,3.28343831907141,71.54504448894762,1838.989919269122,0.4945103601576556,50.50487388868805,23.73720438973167,225.8680659378676,1.111263875962919,804.9,354.1,201.7,1
parallel_run_0368,Archetype_1,2,1.0,0.928462159313494,0.0,0.0630461112638969,0,1,0,3,0.3333333333333333,7.847009180844555,15.10246331425202,2.220849460660624,49.56921416774286,674.7929181340594,0.181477849380431,32.85601950306146,137.9877963370772,282.6442521246439,1.072413780762075,804.9,354.1,201.7,2
parallel_run_0369,Archetype_1,2,1.0,0.8425944921278111,0.7419554605220822,0.0089889038393701,0,0,0,2,0.0,5.307304167754404,8.062741299807017,2.856484395403244,90.46559420208708,591.9263990795743,0.5853009355147591,97.7904136753744,36.39089163854832,254.8378904988671,0.9033851808539108,804.9,354.1,201.7,1
parallel_run_0370,Archetype_1,2,1.0,0.952360159484091,0.8333333333333334,0.0,0,1,0,1,1.0,8.088620780419058,19.64969158227921,2.445246324409711,38.13315627139157,846.5530044686006,0.2872874174759508,41.0140129305388,66.19506893135303,296.218590405105,0.6626148413292461,804.9,354.1,201.7,1
parallel_run_0371,Archetype_1,1,0.5089478627041325,0.9558269244725712,0.9085626346372244,0.3890596019488361,0,0,0,2,0.0,7.737878589250059,17.65262552890793,2.04343847591413,60.65256661819086,794.1535603498564,0.3905802979433853,158.1284539410613,28.1308721236521,148.7173157451602,1.000044063032848,804.9,354.1,201.7,1
parallel_run_0372,Archetype_1,2,0.6220303215354492,0.9351537868652616,0.8333333333333334,0.501887372983056,0,1,0,3,0.3333333333333333,13.0646439961812,18.24589508543017,2.716732587027388,46.65131170230379,725.1054169218328,0.5115983993063354,64.21434402267955,101.3397416534369,115.4601576016992,0.561267319729339,804.9,354.1,201.7,2
parallel_run_0373,Archetype_1,0,0.6242050486462728,0.9649930554329046,0.833333333333131,0.0038850183745274,0,1,0,3,0.3333333333333333,14.55899147105204,16.92400224464144,4.505870455669541,48.66008960426488,1880.428773878496,0.1898057560671069,25.33689484018815,53.21861456331589,186.1609652237962,0.6245236166119492,804.9,354.1,201.7,0
parallel_run_0374,Archetype_1,2,0.8761830213653384,0.933115761188398,0.7460429510765356,0.0886373193463468,0,1,0,3,0.3333333333333333,6.902588311173137,13.28544430155988,2.608092824810263,48.10349831449953,712.0868495925945,0.5809073215674864,59.06523453291005,146.7428585041353,298.5472537308848,1.224555548142108,804.9,354.1,201.7,2
parallel_run_0376,Archetype_1,2,1.0,0.8901088623437639,0.8101493951110948,0.0020244320025651,0,1,0,3,0.0,5.645937846490421,19.08999399027946,4.574685372982158,59.43535530068567,740.044618160573,0.4465748804743228,76.02908933133577,44.09919367093785,262.8462682705834,0.782484278393255,1054.2,149.7,131.05,2
parallel_run_0377,Archetype_1,0,0.5926369752138682,0.9594019957782772,0.8145800595710218,0.1171545097248565,0,1,0,3,0.3333333333333333,13.49964268135165,15.33095577911059,4.464674582116157,42.94616278436651,1185.794953774338,0.117649937817252,137.4023502352264,22.49168264409253,128.2191212271367,0.5911665438533666,1054.2,149.7,131.05,0
parallel_run_0378,Archetype_1,1,1.0,0.9100834635616571,0.8333333333333334,0.221271775291612,0,0,0,2,0.0,6.405292284318544,19.53555145216947,3.764585606427318,64.73890400335439,850.6267050193985,0.2646507902451352,37.50790122422556,110.5320184729022,100.9223548185412,1.28665717130124,1054.2,149.7,131.05,1
parallel_run_0379,Archetype_1,1,0.3691707945825324,0.9723220770165284,0.0,0.1853081766727714,0,0,0,2,0.0,5.078233488755179,15.36811055664406,4.023785290991664,68.86856051780249,1676.075248578451,0.2246787017126815,129.5689761803989,24.65199699594505,232.3224413807133,0.6774859235206085,1054.2,149.7,131.05,1
parallel_run_0380,Archetype_1,2,0.827404955522776,0.910143224425466,0.8925007524248884,0.0399097133900509,0,1,0,3,0.3333333333333333,9.795367374301884,8.46566765326878,4.968477490368761,93.10632240494294,1005.748088406246,0.0638931166280094,56.87494984404746,127.412906728483,150.7886454235,1.149819164967017,1054.2,149.7,131.05,2
parallel_run_0381,Archetype_1,0,0.5017778535355236,0.9592220186675616,0.9090909090914274,0.1475029338907002,0,1,0,3,0.3333333333333333,13.21427123302489,12.99077849367701,2.804621181868556,57.60856169568081,1509.042894252557,0.202994166366049,91.80831738898752,122.5526135883852,139.657431483073,1.128863155150354,1054.2,149.7,131.05,0
parallel_run_0383,Archetype_1,1,0.2684388730201235,0.9710187195968236,0.0,0.0516761950403662,0,0,0,2,0.0,6.639503134093878,8.702036358183824,2.460006477284389,50.84918084009174,1224.275709388201,0.14250239653806,114.0559579566393,16.49310952489565,222.5836742807619,1.025953997214746,1054.2,149.7,131.05,1
parallel_run_0385,Archetype_1,1,4.05835801173433e-06,0.9999996393389704,0.9076563295529771,0.3997527761415816,0,0,0,2,0.0,13.53541818756549,17.50384951367896,4.718111782544003,32.06607470803334,1682.919135964777,0.407888008510583,62.79308556464255,40.8608152984074,108.3468966403483,0.7505038651828599,1054.2,149.7,131.05,1
parallel_run_0386,Archetype_1,1,0.1379896627229582,0.9865500329301318,0.9004158792923582,0.3412478775683532,0,0,0,2,0.0,9.589786864094185,14.52009542132607,2.25760526337914,95.46321746956043,1743.776803747743,0.3420270254820715,154.4883468009115,38.07535167163682,155.3553685224774,0.5347162870897352,1054.2,149.7,131.05,1
parallel_run_0388,Archetype_1,0,0.2736678996735593,0.9817508807323722,0.8333333333333334,0.1208138172886634,0,1,0,3,0.3333333333333333,11.5724650899624,15.71417657225041,2.505463074151018,37.82135289309134,1732.171085268251,0.2966680057335894,87.89904124731528,124.3179479506931,188.0589961374106,0.6121933944560484,1054.2,149.7,131.05,0
parallel_run_0389,Archetype_1,2,1.0,0.8709709296156994,0.650919160123094,0.0636114815176298,0,1,0,3,0.0,7.401877309695345,16.72060108361629,4.239354502223774,78.9004950381646,763.9731909619118,0.0862171753274194,168.5882939237162,10.48455250370037,274.1962939177321,0.9381802418748396,1054.2,149.7,131.05,2
parallel_run_0390,Archetype_1,1,0.0,1.0,0.8184892573439516,1.998067046701359e-05,0,0,0,2,0.0,6.226512320545174,10.57007202633626,4.816232216133942,78.55254926123328,1473.572870709382,0.3084672339978864,39.11190515019379,26.58517665913403,167.9697151744124,0.8989728030906465,1054.2,149.7,131.05,1
parallel_run_0391,Archetype_1,1,0.4029760766610176,0.9630881798795328,0.8333333333333334,0.218572351305324,0,0,0,2,0.0,8.028178927033153,12.69358091967134,3.112625106465832,36.62334427994244,1295.694779439287,0.2513937760739758,117.9684651723182,90.13045861303728,158.0544197808208,0.9195426682975842,1054.2,149.7,131.05,1
parallel_run_0392,Archetype_1,1,0.1982046886347121,0.975024902493134,0.9392307239056668,0.0233036416621711,0,0,0,2,0.0,5.772023405404161,7.116169331792253,2.064522668331408,56.51085137099933,1786.195480402135,0.0232508350807578,161.0329775531958,25.14851249315225,197.822121004284,0.7197444930411876,1054.2,149.7,131.05,1
parallel_run_0393,Archetype_1,0,0.4377017477839474,0.9750235113718834,0.9090909090909092,0.0472274997399593,0,1,0,3,0.3333333333333333,9.480794663304136,17.03804542014852,4.639878986106728,99.35855694037711,1250.245306083507,0.4168895798584492,43.35096290748591,149.1588574610129,277.1890738836713,1.083347637799514,1054.2,149.7,131.05,0
parallel_run_0394,Archetype_1,2,1.0,0.8995581421467993,0.8333333333333334,0.2754506275176658,0,1,0,3,0.3333333333333333,12.59017345046845,19.02253176729523,3.9523185428614,96.0626212890334,921.343979285896,0.3159410008343269,143.9201303011419,83.56764829664709,247.3963377767511,1.184696545793093,1054.2,149.7,131.05,2
parallel_run_0395,Archetype_1,2,0.7237084659774173,0.9455039280969364,0.0,0.3257624045177099,0,1,0,3,0.3333333333333333,13.88681027006693,18.61075821619153,4.347085125891433,43.42201779666991,778.7163195623369,0.5440908291581393,33.79114171279144,30.41474642500482,289.3256653337539,0.7671046222699125,1054.2,149.7,131.05,2
parallel_run_0396,Archetype_1,1,0.1764634403642678,0.9474970817657667,0.347176197622909,0.565692206323145,0,0,0,2,0.0,10.32199462340584,6.699275404416465,2.08038382636346,44.79361792876074,979.8557987975116,0.595749285135953,177.31500644115,11.06955829270862,290.4698168059626,1.067301995703033,1054.2,149.7,131.05,1
parallel_run_0397,Archetype_1,2,0.6900149342374721,0.9318701130519074,0.8333333333333334,0.2989981917861792,0,1,0,3,0.3333333333333333,10.44667181037197,13.25070225132207,4.259523874160369,88.11039822390016,1086.489408610497,0.3604504262054547,93.26680170863348,86.31118950437782,141.2036987315458,0.8099763525700954,1054.2,149.7,131.05,2
parallel_run_0398,Archetype_1,1,0.9806007030459062,0.8865531733697466,0.8333333333333334,0.3235006600968177,0,0,0,2,0.0,7.193260089885094,11.65964368980142,4.36245347424116,67.47086947928852,860.866485459772,0.3929505433301446,47.88817474253383,105.9284432028051,105.7696635231778,0.7077017593878874,1054.2,149.7,131.05,1
parallel_run_0399,Archetype_1,0,0.0624110285503749,0.9963765755924529,0.8271001477038209,0.0,0,1,0,3,0.3333333333333333,10.87938801553206,16.037856129965,2.961086101395173,69.6604654795751,1130.70880630468,0.3289402099742169,45.2910359937304,14.91317533979289,294.1194921299998,1.165324106539424,1054.2,149.7,131.05,0
parallel_run_0400,Archetype_1,0,0.536518660307432,0.9646914935265024,0.9090909090909092,0.2558154103508346,0,1,0,3,0.3333333333333333,11.04944243362644,19.24071518137925,3.605624564480587,53.85239415205597,1355.675352940887,0.2611936824169285,192.5155188876426,93.4514385332439,163.183152602084,0.9537850554699546,1054.2,149.7,131.05,0
parallel_run_0401,Archetype_1,2,1.0,0.8355180849564164,0.8333333333333334,0.517836868252836,0,1,0,3,0.0,9.08917883368848,15.93141516714483,2.552097542916801,87.05159164902761,516.4075892774002,0.5259683590341234,164.5121833558311,80.95119800030251,191.2553856341034,1.094491785369062,1054.2,149.7,131.05,2
parallel_run_0402,Archetype_1,1,0.7058581538473752,0.9069659351226838,0.8333333333333334,0.3225572517564472,0,0,1,3,0.0,6.022122980882333,10.18624643812967,4.118622604217991,44.05635878211464,657.7419002366751,0.4846669501207773,27.38228323221475,120.2686065600439,118.8863494549756,1.050243965660369,1054.2,149.7,131.05,2
parallel_run_0403,Archetype_1,0,0.445125537276438,0.9772110147544802,0.8333333333333334,0.0295080061398598,0,1,0,3,0.3333333333333333,12.81217303836103,18.79926099501478,3.671884488568053,46.3834911494316,1976.5423669876,0.4556973803877963,98.27765434529884,77.3225987347966,261.8146648055326,0.8637011623017257,1054.2,149.7,131.05,0
parallel_run_0404,Archetype_1,2,1.0,0.9220238340054058,0.0,0.0270410894521027,0,1,0,3,0.3333333333333333,11.30329623906534,14.11358006738063,2.119776423336449,80.39616228749757,927.2926047619708,0.0269989646361896,110.5634989792129,18.96908617913164,123.0786965714163,1.005760777712649,1054.2,149.7,131.05,2
parallel_run_0405,Archetype_1,1,0.0,1.0,0.881048550870653,0.0029835407841401,0,0,0,2,0.0,9.208165790113028,15.46907671514874,4.545251827774964,38.83541580815834,1956.9090829731,0.1622856966902549,21.41825610127897,34.46180060490662,143.3953587386619,1.21370144627473,1054.2,149.7,131.05,1
parallel_run_0407,Archetype_1,0,0.3555407494176104,0.9815719186461812,0.9091363834276148,0.016848339069196,0,1,0,3,0.3333333333333333,11.79622827938521,18.29050969456285,4.169805421292692,52.8848948871502,1412.193873679556,0.4257887667081556,79.79357681981203,42.21866859739012,215.0694877114157,0.8330072175424368,1054.2,149.7,131.05,0
parallel_run_0408,Archetype_1,0,0.507711343468243,0.9393923937935632,0.8068341683214507,0.0,0,1,0,3,0.3333333333333333,7.646521843235478,7.231058342555429,3.31458691916786,41.69964252763987,671.0160759439195,0.4157057803155249,70.94792328052574,46.67117715729472,250.4862261361136,0.7327865198402268,1054.2,149.7,131.05,2
parallel_run_0409,Archetype_1,2,1.0,0.89197983358178,0.3250727093843186,0.2054295988711882,0,1,0,3,0.0,13.36289726948865,19.43255606974088,2.149756002614726,98.31009612961368,830.6769291617317,0.3440972357975186,24.40106928622523,21.65487938516236,225.1829757871136,1.25645844295112,1054.2,149.7,131.05,2
parallel_run_0410,Archetype_1,0,0.4674016459234272,0.952225531175756,0.7122622470466177,0.0530912582575046,0,1,0,3,0.3333333333333333,8.364797989299861,9.192250646467237,3.860538328046275,34.3813015352484,788.3970389732821,0.4717590306136611,144.6892794848065,41.70303632080136,285.1192728451363,0.9914750935718764,1054.2,149.7,131.05,0
parallel_run_0411,Archetype_1,0,0.3398255044498633,0.9801376468355978,0.5806763162411539,0.0322791126679606,0,1,0,3,0.3333333333333333,14.90080910970151,16.57440810558032,2.987874773593921,45.48329767203269,1579.101973947642,0.0323452792956046,124.7691560752347,13.25130095356169,131.0360691937709,1.160280557751469,1054.2,149.7,131.05,0
parallel_run_0412,Archetype_1,2,1.0,0.8557249814560757,0.0,0.0060381143187423,0,1,0,3,0.3333333333333333,6.738724478605125,10.74467739481464,4.059979339446745,91.01635205906643,546.9101382223519,0.1271291449095846,29.64904233951978,50.75070528467045,175.7269183945674,1.085475702971351,1054.2,149.7,131.05,2
parallel_run_0413,Archetype_1,2,1.0,0.8878070907783078,0.0,0.2757084029116813,0,1,0,3,0.0,12.29475505195811,16.20117521024517,2.57668959775238,86.126770574267,694.6303209657378,0.3562216088726904,35.8027220756866,64.20784236580666,271.3979072062631,0.7973279454902197,1054.2,149.7,131.05,2
parallel_run_0414,Archetype_1,1,0.737598481874695,0.935521037405573,0.7873204121919538,0.247636156602709,0,0,0,2,0.0,5.41478544277491,13.9696886981829,3.800167267124271,93.40190108464566,1614.000840022941,0.2479437183689544,197.1143613561278,32.13386871974967,137.2906070612262,1.198479495410149,1054.2,149.7,131.05,1
parallel_run_0415,Archetype_1,1,0.0004467375223696,0.999934210019198,0.9090909090909092,0.0787151268864811,0,0,1,3,0.0,7.325244866915437,6.133456484961489,2.849506395765022,36.13139533184066,1846.939556478707,0.1045903725178832,104.708041937107,141.4654323491187,103.7582240168401,0.5719642415394346,1054.2,149.7,131.05,0
parallel_run_0416,Archetype_1,2,0.9840224343076502,0.920124048442704,0.833333333333333,-3.238918704962895e-17,0,1,0,3,0.3333333333333333,10.09356256031139,11.29063222601615,4.76846366035301,76.79579046522252,1053.739944648393,0.2204308342752106,41.70644304050847,45.01347485513899,281.050931209811,1.263414311242694,1054.2,149.7,131.05,2
parallel_run_0417,Archetype_1,0,0.2090619306086165,0.986919843331002,0.8333333333333334,0.0319941445671805,0,1,0,3,0.3333333333333333,6.186101812756469,15.06385238110333,2.884344918055505,31.24493007510238,986.5491512115816,0.0557544202849528,84.24127174220122,94.4970799647684,145.9465456157096,1.018398256176594,1054.2,149.7,131.05,0
parallel_run_0419,Archetype_1,1,0.6595318040764214,0.9187685124313394,0.8333333333333334,0.1011859831015509,0,0,0,2,0.0,5.875103409596851,7.908293010058282,2.390464514085502,54.80879767084504,951.9658153072828,0.3730351891050821,88.41266743681159,98.35668950325385,201.4163575543587,0.6395764243792184,1054.2,149.7,131.05,1
parallel_run_0420,Archetype_1,3,0.0907735954933396,0.9866109061069082,0.7523000999792191,0.0312024784816998,1,0,1,3,0.3333333333333333,9.89273547819015,5.915838497469448,4.894747269895554,35.37340681692577,1159.023486619083,0.501565989511877,72.72853972209614,37.63505720582668,179.0711115343357,0.7616663464940141,1054.2,149.7,131.05,3
parallel_run_0421,Archetype_1,0,0.1926453933557883,0.9890179474068196,0.8457018865313022,0.0004207259473521,0,1,0,3,0.3333333333333333,14.08524419392078,16.31334378769262,2.308954015500626,40.52170066997526,1429.94499687827,0.4596363285181422,47.00410072502583,15.67060968778293,242.31607024993,1.191021807579522,1054.2,149.7,131.05,0
parallel_run_0422,Archetype_1,3,0.2296016424094309,0.9602019743530454,0.0,0.2330381652422134,1,0,1,3,0.3333333333333333,12.41392231723704,6.505360896541484,2.371739473104665,32.39759536864331,816.6382880545631,0.5170204646406725,23.22847379435524,49.02752712084806,184.9716219995724,1.138692518506339,1054.2,149.7,131.05,3
parallel_run_0423,Archetype_1,0,0.1307084754377859,0.9886708043673424,0.8660280997858465,0.3796939519376329,0,1,0,3,0.0,11.20531214550689,17.28918987462175,2.41534597807669,62.25120319523698,1520.929737606235,0.5566745144953847,74.0786242796822,117.154618835779,125.2618930845108,1.040699628833873,1054.2,149.7,131.05,0
parallel_run_0424,Archetype_1,0,0.2622558651832187,0.979622904782744,0.8333333333333334,0.017389673016308,0,1,0,3,0.3333333333333333,14.76040816329797,11.89711135068584,3.420702396064348,30.231907913922,1810.531238432742,0.1512092640839279,103.1976415956362,60.53852960346411,259.9151824744392,0.8372539290562797,1054.2,149.7,131.05,0
parallel_run_0425,Archetype_1,1,0.0002709480929921,0.999983859876596,0.9127095241361192,0.0172847938626813,0,0,0,2,0.0,7.125713809407731,15.76402470243221,2.203821019158463,30.66474775106086,1916.270048437812,0.5283635710427317,61.25580077898183,29.96136795184568,159.1614013752083,1.233712473598319,1054.2,149.7,131.05,1
parallel_run_0426,Archetype_1,0,0.3883160602449988,0.9765772246648192,0.9090909090909092,0.1407670539894137,0,1,0,3,0.3333333333333333,8.679848728865139,17.93322578398463,2.012220077079774,83.75880309023228,1452.198189273966,0.1702477055167378,188.3270361277955,136.3991131874458,182.3163284478816,0.9737019697352638,1054.2,149.7,131.05,0
parallel_run_0427,Archetype_1,0,0.466771177640581,0.957767932992991,0.8333333333333404,0.0100765594461488,0,1,0,3,0.3333333333333333,10.55930465773863,9.95253445312245,2.521216447715092,45.35968846878346,1103.764527095477,0.4796032918726125,40.24829434892813,79.6642707844849,235.4042582741113,1.120275647130058,1054.2,149.7,131.05,0
parallel_run_0428,Archetype_1,1,1.496910711687549e-05,0.9999976490268622,0.8333333333333334,0.0002468373398689,0,0,0,2,0.0,8.584062378535368,5.204947737148349,3.396878123134748,49.03717145112236,1633.945583329502,0.3831221102711273,55.84174480106363,55.43941616510568,267.3891249190509,1.103848703587101,1054.2,149.7,131.05,1
parallel_run_0429,Archetype_1,2,1.0,0.9273014774566462,0.6912862676663131,0.0015316755935114,0,1,0,3,0.3333333333333333,11.48324720641784,13.54496100580118,2.943629403674687,73.69619351630662,959.6890243777384,0.1556452540222857,26.07329355182583,17.9346609870809,270.2527552749784,1.24797609559057,1054.2,149.7,131.05,2
parallel_run_0430,Archetype_1,0,8.217576824707088e-05,0.9999916394302716,0.93818793179859,0.5353216294807489,0,1,0,3,0.0,8.239417824778362,19.86594006810631,2.185631748368638,84.78697422249212,1014.516711027553,0.5729610607824123,94.5537552962944,103.539963389083,112.696063975848,0.8568714170808833,1054.2,149.7,131.05,0
parallel_run_0431,Archetype_1,1,0.5602083797642644,0.962528833682754,0.8333333333333228,0.0551675681898049,0,0,0,2,0.0,10.74739923464404,14.72531853706425,2.344142683785495,39.79251941170135,1382.725160889254,0.1302190494638491,44.96744153575168,45.57905328193963,117.6699208576838,0.5147064197244176,1054.2,149.7,131.05,1
parallel_run_0433,Archetype_1,0,0.6249478267774229,0.9526991777048096,0.8333333333333334,0.2810129867191446,0,1,0,3,0.3333333333333333,12.62912539162891,17.1844658696355,2.641849634690004,42.22256724024653,904.387351538265,0.3237095872395198,68.36904203871276,108.7516199458351,169.4200698119767,0.6476733781840518,1054.2,149.7,131.05,0
parallel_run_0434,Archetype_1,0,7.9679552877845e-05,0.9999939792954718,0.7878567950854611,0.0243875542956841,0,1,0,3,0.3333333333333333,6.522201326382715,12.39939167303931,3.618708160073463,47.13963660315678,739.0878598442532,0.2748268178242084,80.41869864667342,47.40439371988354,195.7889275941752,0.5500432829432993,1054.2,149.7,131.05,0
parallel_run_0435,Archetype_1,2,1.0,0.912069898307557,0.8333333333333334,0.0406668179092248,0,1,0,3,0.3333333333333333,9.384437367855847,18.12707624626986,2.907152582017375,82.60031647176109,883.1361687269793,0.196669248894807,66.74094420558276,73.27740104246614,210.9777341720553,1.294178414837762,1054.2,149.7,131.05,2
parallel_run_0436,Archetype_1,1,0.3693237519784766,0.9603261585365334,0.915029625310966,0.5367379101492379,0,0,0,2,0.0,14.37657933613404,18.84410004062273,2.669185145620158,35.03786974557758,1927.503758948734,0.53662187709572,185.9380919407641,28.71237259798763,240.7907661092698,1.211179443278551,1054.2,149.7,131.05,1
parallel_run_0437,Archetype_1,0,0.4488324394589302,0.9743503310563904,0.8333333333333334,0.0167373184442818,0,1,0,3,0.3333333333333333,12.88294506062676,16.47370199557806,3.916427027915539,33.29873756204726,1553.403975838957,0.1037951584613293,35.14190572583635,68.48407504836385,165.2840596040335,1.272212627733274,1054.2,149.7,131.05,0
parallel_run_0438,Archetype_1,1,0.1558826010885586,0.9867743699763062,0.8333333333333334,0.4384867330346748,0,0,0,2,0.0,13.71417304507693,19.94297232922278,3.190463394584546,39.35568050526847,1306.802190395147,0.4398896859558368,173.4756545582791,57.55417542909995,217.6461551705664,0.6040099969531483,1054.2,149.7,131.05,1
parallel_run_0439,Archetype_1,3,0.7729940279986179,0.9032828140958272,0.4234271986481943,0.2404543470724428,1,0,1,3,0.0,10.0542437922061,9.52808842232428,2.7551726834745,63.83059444783521,602.6095239046633,0.5655852937121579,52.9250694322663,12.91258574592992,212.3338287792068,0.8863857524748795,1054.2,149.7,131.05,3
parallel_run_0440,Archetype_1,1,0.2546399687018581,0.9847179679871269,0.9347528193583278,0.0920202592354107,0,0,0,2,0.0,8.902950966584617,17.34337950080082,3.071726683251704,72.97629984854609,1254.634228844618,0.0922887709307529,134.989883752535,20.33996544789689,133.8281740992772,0.6978638514594209,1054.2,149.7,131.05,1
parallel_run_0441,Archetype_1,0,0.3563092063387436,0.9339628821199748,0.8333333333333334,0.2004638065407644,0,1,0,3,0.3333333333333333,5.219692016072181,5.614852538476582,3.507907836572578,37.36349927885944,613.7680335920102,0.2904762209302906,148.1467328115624,131.7779486933157,207.8141490530652,1.146935950080092,1054.2,149.7,131.05,0
parallel_run_0442,Archetype_1,1,0.0,1.0,0.7574431879175234,2.392021791405108e-05,0,0,0,2,0.0,11.93340271693271,5.317576274973425,3.28343831907141,71.54504448894762,1838.989919269122,0.4945103601576556,50.50487388868805,23.73720438973167,225.8680659378676,1.111263875962919,1054.2,149.7,131.05,1
parallel_run_0443,Archetype_1,2,1.0,0.9278600461053688,0.0,0.0580944570352267,0,1,0,3,0.3333333333333333,7.847009180844555,15.10246331425202,2.220849460660624,49.56921416774286,674.7929181340594,0.181477849380431,32.85601950306146,137.9877963370772,282.6442521246439,1.072413780762075,1054.2,149.7,131.05,2
parallel_run_0444,Archetype_1,2,1.0,0.8382727890710604,0.74797408231418,0.0068102800692747,0,0,0,2,0.0,5.307304167754404,8.062741299807017,2.856484395403244,90.46559420208708,591.9263990795743,0.5853009355147591,97.7904136753744,36.39089163854832,254.8378904988671,0.9033851808539108,1054.2,149.7,131.05,1
parallel_run_0445,Archetype_1,2,1.0,0.9516159088283525,0.8333333333333334,0.0,0,1,0,1,1.0,8.088620780419058,19.64969158227921,2.445246324409711,38.13315627139157,846.5530044686006,0.2872874174759508,41.0140129305388,66.19506893135303,296.218590405105,0.6626148413292461,1054.2,149.7,131.05,1
parallel_run_0446,Archetype_1,1,0.5026195492805811,0.9564247428117286,0.9130261458029824,0.3898089895089304,0,0,0,2,0.0,7.737878589250059,17.65262552890793,2.04343847591413,60.65256661819086,794.1535603498564,0.3905802979433853,158.1284539410613,28.1308721236521,148.7173157451602,1.000044063032848,1054.2,149.7,131.05,1
parallel_run_0447,Archetype_1,2,0.6212592536464989,0.9360029437562478,0.8327260303737279,0.4969251440284692,0,1,0,3,0.3333333333333333,13.0646439961812,18.24589508543017,2.716732587027388,46.65131170230379,725.1054169218328,0.5115983993063354,64.21434402267955,101.3397416534369,115.4601576016992,0.561267319729339,1054.2,149.7,131.05,2
parallel_run_0448,Archetype_1,0,0.6431608877384235,0.96442055487404,0.8333333333333334,0.001177267657607,0,1,0,3,0.3333333333333333,14.55899147105204,16.92400224464144,4.505870455669541,48.66008960426488,1880.428773878496,0.1898057560671069,25.33689484018815,53.21861456331589,186.1609652237962,0.6245236166119492,1054.2,149.7,131.05,0
parallel_run_0449,Archetype_1,2,0.8759191140991405,0.9330713066821328,0.7207614346234013,0.0879084114486075,0,1,0,3,0.3333333333333333,6.902588311173137,13.28544430155988,2.608092824810263,48.10349831449953,712.0868495925945,0.5809073215674864,59.06523453291005,146.7428585041353,298.5472537308848,1.224555548142108,1054.2,149.7,131.05,2
parallel_run_0451,Archetype_1,1,1.0,0.9500125591491448,0.7906778523752291,0.0,0,1,0,1,0.0,5.645937846490421,19.08999399027946,4.574685372982158,59.43535530068567,740.044618160573,0.4465748804743228,76.02908933133577,44.09919367093785,262.8462682705834,0.782484278393255,557.4,581.3,298.25,1
parallel_run_0452,Archetype_1,0,0.1881035112677626,0.9870713693756056,0.4445792716614765,0.1169938256691195,0,1,0,3,0.3333333333333333,13.49964268135165,15.33095577911059,4.464674582116157,42.94616278436651,1185.794953774338,0.117649937817252,137.4023502352264,22.49168264409253,128.2191212271367,0.5911665438533666,557.4,581.3,298.25,0
parallel_run_0453,Archetype_1,0,0.4295221170525869,0.9734816651976068,0.8333333333333334,0.2118931053737062,0,1,0,3,0.0,6.405292284318544,19.53555145216947,3.764585606427318,64.73890400335439,850.6267050193985,0.2646507902451352,37.50790122422556,110.5320184729022,100.9223548185412,1.28665717130124,557.4,581.3,298.25,0
parallel_run_0454,Archetype_1,1,0.4352870071788522,0.967427128564469,0.0,0.1889792449830518,0,0,0,2,0.0,5.078233488755179,15.36811055664406,4.023785290991664,68.86856051780249,1676.075248578451,0.2246787017126815,129.5689761803989,24.65199699594505,232.3224413807133,0.6774859235206085,557.4,581.3,298.25,1
parallel_run_0455,Archetype_1,2,0.8390218238193901,0.909285281877301,0.8333333333333334,0.0375570965069994,0,1,0,3,0.3333333333333333,9.795367374301884,8.46566765326878,4.968477490368761,93.10632240494294,1005.748088406246,0.0638931166280094,56.87494984404746,127.412906728483,150.7886454235,1.149819164967017,557.4,581.3,298.25,2
parallel_run_0456,Archetype_1,0,0.5059973320292189,0.958643510784326,0.8473899472883137,0.1434993322147218,0,1,0,3,0.3333333333333333,13.21427123302489,12.99077849367701,2.804621181868556,57.60856169568081,1509.042894252557,0.202994166366049,91.80831738898752,122.5526135883852,139.657431483073,1.128863155150354,557.4,581.3,298.25,0
parallel_run_0458,Archetype_1,1,0.3154235938921064,0.9660049066931834,0.0,0.0473047196492975,0,0,0,2,0.0,6.639503134093878,8.702036358183824,2.460006477284389,50.84918084009174,1224.275709388201,0.14250239653806,114.0559579566393,16.49310952489565,222.5836742807619,1.025953997214746,557.4,581.3,298.25,1
parallel_run_0460,Archetype_1,1,0.0,1.0,0.899227047829306,0.3950501874845916,0,0,0,2,0.0,13.53541818756549,17.50384951367896,4.718111782544003,32.06607470803334,1682.919135964777,0.407888008510583,62.79308556464255,40.8608152984074,108.3468966403483,0.7505038651828599,557.4,581.3,298.25,1
parallel_run_0461,Archetype_1,1,0.1579104266713429,0.9846985654897226,0.8987763960479602,0.3409633178569062,0,0,0,2,0.0,9.589786864094185,14.52009542132607,2.25760526337914,95.46321746956043,1743.776803747743,0.3420270254820715,154.4883468009115,38.07535167163682,155.3553685224774,0.5347162870897352,557.4,581.3,298.25,1
parallel_run_0463,Archetype_1,0,0.0824901847688794,0.9946621853657436,0.8333333333333334,0.0954426555521711,0,1,0,3,0.3333333333333333,11.5724650899624,15.71417657225041,2.505463074151018,37.82135289309134,1732.171085268251,0.2966680057335894,87.89904124731528,124.3179479506931,188.0589961374106,0.6121933944560484,557.4,581.3,298.25,0
parallel_run_0464,Archetype_1,2,0.8086110023955334,0.95195067147101,0.0,0.0600628154633531,0,1,0,3,0.0,7.401877309695345,16.72060108361629,4.239354502223774,78.9004950381646,763.9731909619118,0.0862171753274194,168.5882939237162,10.48455250370037,274.1962939177321,0.9381802418748396,557.4,581.3,298.25,0
parallel_run_0465,Archetype_1,1,0.0,1.0,0.7970349974165859,8.241362195192075e-06,0,0,0,2,0.0,6.226512320545174,10.57007202633626,4.816232216133942,78.55254926123328,1473.572870709382,0.3084672339978864,39.11190515019379,26.58517665913403,167.9697151744124,0.8989728030906465,557.4,581.3,298.25,1
parallel_run_0466,Archetype_1,0,0.3139076150345863,0.9708929543764212,0.8333333333333334,0.2250914559726982,0,1,0,3,0.0,8.028178927033153,12.69358091967134,3.112625106465832,36.62334427994244,1295.694779439287,0.2513937760739758,117.9684651723182,90.13045861303728,158.0544197808208,0.9195426682975842,557.4,581.3,298.25,0
parallel_run_0467,Archetype_1,1,0.21969033204981,0.972353239365358,0.7917132388844099,0.0231719548243406,0,0,0,2,0.0,5.772023405404161,7.116169331792253,2.064522668331408,56.51085137099933,1786.195480402135,0.0232508350807578,161.0329775531958,25.14851249315225,197.822121004284,0.7197444930411876,557.4,581.3,298.25,1
parallel_run_0468,Archetype_1,0,0.3123241839086896,0.9821411415873166,0.9090909090909092,0.0497339616694739,0,1,0,3,0.3333333333333333,9.480794663304136,17.03804542014852,4.639878986106728,99.35855694037711,1250.245306083507,0.4168895798584492,43.35096290748591,149.1588574610129,277.1890738836713,1.083347637799514,557.4,581.3,298.25,0
parallel_run_0469,Archetype_1,2,1.0,0.9000310568947404,0.8333333333333334,0.2815591505973061,0,1,0,3,0.3333333333333333,12.59017345046845,19.02253176729523,3.9523185428614,96.0626212890334,921.343979285896,0.3159410008343269,143.9201303011419,83.56764829664709,247.3963377767511,1.184696545793093,557.4,581.3,298.25,2
parallel_run_0470,Archetype_1,2,0.725361767743692,0.9455089292274,0.0,0.3258674384236989,0,1,0,3,0.3333333333333333,13.88681027006693,18.61075821619153,4.347085125891433,43.42201779666991,778.7163195623369,0.5440908291581393,33.79114171279144,30.41474642500482,289.3256653337539,0.7671046222699125,557.4,581.3,298.25,2
parallel_run_0471,Archetype_1,1,0.1945587765948008,0.9424225694513348,0.0665124904926292,0.5620798372221278,0,0,0,2,0.0,10.32199462340584,6.699275404416465,2.08038382636346,44.79361792876074,979.8557987975116,0.595749285135953,177.31500644115,11.06955829270862,290.4698168059626,1.067301995703033,557.4,581.3,298.25,1
parallel_run_0472,Archetype_1,0,0.1231508714775449,0.987742664330562,0.8333333333333334,0.3054240635540647,0,1,0,3,0.3333333333333333,10.44667181037197,13.25070225132207,4.259523874160369,88.11039822390016,1086.489408610497,0.3604504262054547,93.26680170863348,86.31118950437782,141.2036987315458,0.8099763525700954,557.4,581.3,298.25,0
parallel_run_0473,Archetype_1,0,0.0002748255625901,0.9999687381072472,0.8333333333333334,0.3127548799978716,0,1,0,3,0.0,7.193260089885094,11.65964368980142,4.36245347424116,67.47086947928852,860.866485459772,0.3929505433301446,47.88817474253383,105.9284432028051,105.7696635231778,0.7077017593878874,557.4,581.3,298.25,0
parallel_run_0474,Archetype_1,0,0.2893367354888397,0.983194624774772,0.5432615754863447,1.6134963395532344e-17,0,1,0,3,0.3333333333333333,10.87938801553206,16.037856129965,2.961086101395173,69.6604654795751,1130.70880630468,0.3289402099742169,45.2910359937304,14.91317533979289,294.1194921299998,1.165324106539424,557.4,581.3,298.25,0
parallel_run_0475,Archetype_1,0,0.3216838130074448,0.9791339797653066,0.9090909090909092,0.2545016113061347,0,1,0,3,0.3333333333333333,11.04944243362644,19.24071518137925,3.605624564480587,53.85239415205597,1355.675352940887,0.2611936824169285,192.5155188876426,93.4514385332439,163.183152602084,0.9537850554699546,557.4,581.3,298.25,0
parallel_run_0476,Archetype_1,0,0.4602307627130867,0.943797085401041,0.8333333333333334,0.5189401622302304,0,1,0,3,0.0,9.08917883368848,15.93141516714483,2.552097542916801,87.05159164902761,516.4075892774002,0.5259683590341234,164.5121833558311,80.95119800030251,191.2553856341034,1.094491785369062,557.4,581.3,298.25,0
parallel_run_0477,Archetype_1,0,0.1866396995306397,0.9800264031618928,0.8500270987805942,0.1755778475552091,0,1,0,3,0.3333333333333333,6.022122980882333,10.18624643812967,4.118622604217991,44.05635878211464,657.7419002366751,0.4846669501207773,27.38228323221475,120.2686065600439,118.8863494549756,1.050243965660369,557.4,581.3,298.25,0
parallel_run_0478,Archetype_1,0,0.2074111484120856,0.9895923239251312,0.833333333333328,0.0154725304109876,0,1,0,3,0.3333333333333333,12.81217303836103,18.79926099501478,3.671884488568053,46.3834911494316,1976.5423669876,0.4556973803877963,98.27765434529884,77.3225987347966,261.8146648055326,0.8637011623017257,557.4,581.3,298.25,0
parallel_run_0479,Archetype_1,2,1.0,0.9221855349988578,0.0,0.0269864374136132,0,1,0,3,0.3333333333333333,11.30329623906534,14.11358006738063,2.119776423336449,80.39616228749757,927.2926047619708,0.0269989646361896,110.5634989792129,18.96908617913164,123.0786965714163,1.005760777712649,557.4,581.3,298.25,2
parallel_run_0480,Archetype_1,1,0.0,1.0,0.8732134693716348,0.0008631719277403,0,0,0,2,0.0,9.208165790113028,15.46907671514874,4.545251827774964,38.83541580815834,1956.9090829731,0.1622856966902549,21.41825610127897,34.46180060490662,143.3953587386619,1.21370144627473,557.4,581.3,298.25,1
parallel_run_0482,Archetype_1,0,0.2972628756280408,0.9845691159020898,0.8074973507491462,0.0123486005303702,0,1,0,3,0.3333333333333333,11.79622827938521,18.29050969456285,4.169805421292692,52.8848948871502,1412.193873679556,0.4257887667081556,79.79357681981203,42.21866859739012,215.0694877114157,0.8330072175424368,557.4,581.3,298.25,0
parallel_run_0483,Archetype_1,2,0.4994759560861253,0.9397004823820244,0.4761922988323577,0.0,0,1,0,3,0.3333333333333333,7.646521843235478,7.231058342555429,3.31458691916786,41.69964252763987,671.0160759439195,0.4157057803155249,70.94792328052574,46.67117715729472,250.4862261361136,0.7327865198402268,557.4,581.3,298.25,2
parallel_run_0484,Archetype_1,2,1.0,0.8920472226236934,0.0,0.2044329698292175,0,1,0,3,0.0,13.36289726948865,19.43255606974088,2.149756002614726,98.31009612961368,830.6769291617317,0.3440972357975186,24.40106928622523,21.65487938516236,225.1829757871136,1.25645844295112,557.4,581.3,298.25,2
parallel_run_0485,Archetype_1,0,0.3183801958894507,0.9671172120482951,0.4833643739659155,0.0560144635930736,0,1,0,3,0.3333333333333333,8.364797989299861,9.192250646467237,3.860538328046275,34.3813015352484,788.3970389732821,0.4717590306136611,144.6892794848065,41.70303632080136,285.1192728451363,0.9914750935718764,557.4,581.3,298.25,0
parallel_run_0486,Archetype_1,0,0.3681519386880329,0.9783990573662076,0.5089098546150627,0.0323913823845356,0,1,0,3,0.3333333333333333,14.90080910970151,16.57440810558032,2.987874773593921,45.48329767203269,1579.101973947642,0.0323452792956046,124.7691560752347,13.25130095356169,131.0360691937709,1.160280557751469,557.4,581.3,298.25,0
parallel_run_0487,Archetype_1,2,1.0,0.856451418707173,0.0,0.0093851114211961,0,1,0,3,0.3333333333333333,6.738724478605125,10.74467739481464,4.059979339446745,91.01635205906643,546.9101382223519,0.1271291449095846,29.64904233951978,50.75070528467045,175.7269183945674,1.085475702971351,557.4,581.3,298.25,2
parallel_run_0488,Archetype_1,2,1.0,0.8879948858668133,0.0,0.2790564489172485,0,1,0,3,0.0,12.29475505195811,16.20117521024517,2.57668959775238,86.126770574267,694.6303209657378,0.3562216088726904,35.8027220756866,64.20784236580666,271.3979072062631,0.7973279454902197,557.4,581.3,298.25,2
parallel_run_0489,Archetype_1,1,0.774573036481554,0.9317174166686704,0.7944554612550218,0.247520179724304,0,0,0,2,0.0,5.41478544277491,13.9696886981829,3.800167267124271,93.40190108464566,1614.000840022941,0.2479437183689544,197.1143613561278,32.13386871974967,137.2906070612262,1.198479495410149,557.4,581.3,298.25,1
parallel_run_0490,Archetype_1,0,0.0008664082793244,0.9998734581796258,0.9090909090909092,0.075113039617401,0,1,0,3,0.0,7.325244866915437,6.133456484961489,2.849506395765022,36.13139533184066,1846.939556478707,0.1045903725178832,104.708041937107,141.4654323491187,103.7582240168401,0.5719642415394346,557.4,581.3,298.25,0
parallel_run_0491,Archetype_1,0,0.2129906626680701,0.9829116754287418,0.8333333333334152,9.30329623292942e-17,0,1,0,3,0.3333333333333333,10.09356256031139,11.29063222601615,4.76846366035301,76.79579046522252,1053.739944648393,0.2204308342752106,41.70644304050847,45.01347485513899,281.050931209811,1.263414311242694,557.4,581.3,298.25,0
parallel_run_0492,Archetype_1,0,0.310059574789605,0.9805585539257516,0.8333333333333334,0.0334939592232806,0,1,0,3,0.3333333333333333,6.186101812756469,15.06385238110333,2.884344918055505,31.24493007510238,986.5491512115816,0.0557544202849528,84.24127174220122,94.4970799647684,145.9465456157096,1.018398256176594,557.4,581.3,298.25,0
parallel_run_0494,Archetype_1,0,6.572626763920824e-05,0.999992300798941,0.7233088282192714,0.0672584509141544,0,1,0,3,0.3333333333333333,5.875103409596851,7.908293010058282,2.390464514085502,54.80879767084504,951.9658153072828,0.3730351891050821,88.41266743681159,98.35668950325385,201.4163575543587,0.6395764243792184,557.4,581.3,298.25,0
parallel_run_0495,Archetype_1,0,0.2334725544060629,0.9650487826471558,0.3548804631539615,0.0406184047919024,0,1,0,3,0.3333333333333333,9.89273547819015,5.915838497469448,4.894747269895554,35.37340681692577,1159.023486619083,0.501565989511877,72.72853972209614,37.63505720582668,179.0711115343357,0.7616663464940141,557.4,581.3,298.25,0
parallel_run_0496,Archetype_1,0,0.3764179070627268,0.9784461511701033,0.7595654790485389,0.0,0,1,0,3,0.3333333333333333,14.08524419392078,16.31334378769262,2.308954015500626,40.52170066997526,1429.94499687827,0.4596363285181422,47.00410072502583,15.67060968778293,242.31607024993,1.191021807579522,557.4,581.3,298.25,0
parallel_run_0497,Archetype_1,0,0.2311939910166112,0.9603787094499734,0.0,0.2273457253001226,0,1,1,5,0.0,12.41392231723704,6.505360896541484,2.371739473104665,32.39759536864331,816.6382880545631,0.5170204646406725,23.22847379435524,49.02752712084806,184.9716219995724,1.138692518506339,557.4,581.3,298.25,0
parallel_run_0498,Archetype_1,0,0.1476095651686502,0.9871157229316736,0.8662724708960026,0.3793922308380681,0,1,0,3,0.0,11.20531214550689,17.28918987462175,2.41534597807669,62.25120319523698,1520.929737606235,0.5566745144953847,74.0786242796822,117.154618835779,125.2618930845108,1.040699628833873,557.4,581.3,298.25,0
parallel_run_0499,Archetype_1,0,0.1526996805131921,0.9883493887723288,0.8333333333333334,0.002703875130212,0,1,0,3,0.3333333333333333,14.76040816329797,11.89711135068584,3.420702396064348,30.231907913922,1810.531238432742,0.1512092640839279,103.1976415956362,60.53852960346411,259.9151824744392,0.8372539290562797,557.4,581.3,298.25,0
parallel_run_0500,Archetype_1,1,0.2298191191993085,0.985967495467078,0.9058940477739704,0.0307478402741622,0,0,0,2,0.0,7.125713809407731,15.76402470243221,2.203821019158463,30.66474775106086,1916.270048437812,0.5283635710427317,61.25580077898183,29.96136795184568,159.1614013752083,1.233712473598319,557.4,581.3,298.25,1
parallel_run_0501,Archetype_1,0,0.2849981512982155,0.9830454247751104,0.9090909090909092,0.1349610537400638,0,1,0,3,0.3333333333333333,8.679848728865139,17.93322578398463,2.012220077079774,83.75880309023228,1452.198189273966,0.1702477055167378,188.3270361277955,136.3991131874458,182.3163284478816,0.9737019697352638,557.4,581.3,298.25,0
parallel_run_0502,Archetype_1,0,0.4721803624998867,0.9565310727191376,0.8333333333333345,0.0182348217879486,0,1,0,3,0.3333333333333333,10.55930465773863,9.95253445312245,2.521216447715092,45.35968846878346,1103.764527095477,0.4796032918726125,40.24829434892813,79.6642707844849,235.4042582741113,1.120275647130058,557.4,581.3,298.25,0
parallel_run_0503,Archetype_1,1,0.0006205974339681,0.9999017334124644,0.8333333333333334,0.0,0,0,0,2,0.0,8.584062378535368,5.204947737148349,3.396878123134748,49.03717145112236,1633.945583329502,0.3831221102711273,55.84174480106363,55.43941616510568,267.3891249190509,1.103848703587101,557.4,581.3,298.25,1
parallel_run_0504,Archetype_1,2,1.0,0.9283044659407904,0.5940282021822367,0.0025173967784794,0,1,0,3,0.3333333333333333,11.48324720641784,13.54496100580118,2.943629403674687,73.69619351630662,959.6890243777384,0.1556452540222857,26.07329355182583,17.9346609870809,270.2527552749784,1.24797609559057,557.4,581.3,298.25,2
parallel_run_0505,Archetype_1,0,0.0981142067174192,0.9901252387456556,0.8620789440127619,0.528797647369525,0,1,0,3,0.0,8.239417824778362,19.86594006810631,2.185631748368638,84.78697422249212,1014.516711027553,0.5729610607824123,94.5537552962944,103.539963389083,112.696063975848,0.8568714170808833,557.4,581.3,298.25,0
parallel_run_0506,Archetype_1,1,0.0,1.0,0.8333333333333569,0.0487435994967328,0,0,0,2,0.0,10.74739923464404,14.72531853706425,2.344142683785495,39.79251941170135,1382.725160889254,0.1302190494638491,44.96744153575168,45.57905328193963,117.6699208576838,0.5147064197244176,557.4,581.3,298.25,1
parallel_run_0508,Archetype_1,0,0.6226373210907206,0.9524907458315433,0.8333333333333334,0.2866729765103652,0,1,0,3,0.3333333333333333,12.62912539162891,17.1844658696355,2.641849634690004,42.22256724024653,904.387351538265,0.3237095872395198,68.36904203871276,108.7516199458351,169.4200698119767,0.6476733781840518,557.4,581.3,298.25,0
parallel_run_0509,Archetype_1,0,0.0806633325895606,0.993921144755091,0.6226276290389628,0.0246372109421058,0,1,0,3,0.3333333333333333,6.522201326382715,12.39939167303931,3.618708160073463,47.13963660315678,739.0878598442532,0.2748268178242084,80.41869864667342,47.40439371988354,195.7889275941752,0.5500432829432993,557.4,581.3,298.25,0
parallel_run_0510,Archetype_1,2,1.0,0.9121555057591848,0.8333333333333334,0.0314684577935598,0,1,0,3,0.3333333333333333,9.384437367855847,18.12707624626986,2.907152582017375,82.60031647176109,883.1361687269793,0.196669248894807,66.74094420558276,73.27740104246614,210.9777341720553,1.294178414837762,557.4,581.3,298.25,2
parallel_run_0511,Archetype_1,1,0.3908294846475168,0.9581229136588608,0.8900314434182952,0.5340293389966141,0,0,0,2,0.0,14.37657933613404,18.84410004062273,2.669185145620158,35.03786974557758,1927.503758948734,0.53662187709572,185.9380919407641,28.71237259798763,240.7907661092698,1.211179443278551,557.4,581.3,298.25,1
parallel_run_0512,Archetype_1,0,0.1851543352170954,0.9895112955236322,0.8333333333333334,0.0128288738301903,0,1,0,3,0.3333333333333333,12.88294506062676,16.47370199557806,3.916427027915539,33.29873756204726,1553.403975838957,0.1037951584613293,35.14190572583635,68.48407504836385,165.2840596040335,1.272212627733274,557.4,581.3,298.25,0
parallel_run_0513,Archetype_1,1,0.1676109875491209,0.9858007320281708,0.8408625837703216,0.4372719523201954,0,0,0,2,0.0,13.71417304507693,19.94297232922278,3.190463394584546,39.35568050526847,1306.802190395147,0.4398896859558368,173.4756545582791,57.55417542909995,217.6461551705664,0.6040099969531483,557.4,581.3,298.25,1
parallel_run_0514,Archetype_1,2,0.7694381363673201,0.903273110670562,-1.764308688015578e-13,0.2411800361473965,0,1,1,5,0.0,10.0542437922061,9.52808842232428,2.7551726834745,63.83059444783521,602.6095239046633,0.5655852937121579,52.9250694322663,12.91258574592992,212.3338287792068,0.8863857524748795,557.4,581.3,298.25,2
parallel_run_0515,Archetype_1,1,0.3058555256612942,0.9818237636846712,0.8792895522209588,0.0919915872566812,0,0,0,2,0.0,8.902950966584617,17.34337950080082,3.071726683251704,72.97629984854609,1254.634228844618,0.0922887709307529,134.989883752535,20.33996544789689,133.8281740992772,0.6978638514594209,557.4,581.3,298.25,1
parallel_run_0516,Archetype_1,0,0.367069473220255,0.9322900313439434,0.8333333333333334,0.197217932682074,0,1,0,3,0.3333333333333333,5.219692016072181,5.614852538476582,3.507907836572578,37.36349927885944,613.7680335920102,0.2904762209302906,148.1467328115624,131.7779486933157,207.8141490530652,1.146935950080092,557.4,581.3,298.25,0
parallel_run_0517,Archetype_1,1,7.589875884399005e-06,0.9999988184375922,0.7366992138533216,6.0576053487823e-05,0,0,0,2,0.0,11.93340271693271,5.317576274973425,3.28343831907141,71.54504448894762,1838.989919269122,0.4945103601576556,50.50487388868805,23.73720438973167,225.8680659378676,1.111263875962919,557.4,581.3,298.25,1
parallel_run_0518,Archetype_1,2,1.0,0.9286459435956168,0.0,0.0476309942534268,0,1,0,3,0.3333333333333333,7.847009180844555,15.10246331425202,2.220849460660624,49.56921416774286,674.7929181340594,0.181477849380431,32.85601950306146,137.9877963370772,282.6442521246439,1.072413780762075,557.4,581.3,298.25,2
parallel_run_0519,Archetype_1,2,0.6825978882136053,0.9248459128454132,0.642410038804551,0.0032210234472378,0,1,0,2,0.0,5.307304167754404,8.062741299807017,2.856484395403244,90.46559420208708,591.9263990795743,0.5853009355147591,97.7904136753744,36.39089163854832,254.8378904988671,0.9033851808539108,557.4,581.3,298.25,1
parallel_run_0520,Archetype_1,2,1.0,0.952055216831436,0.8333333333333334,0.0,0,1,0,1,1.0,8.088620780419058,19.64969158227921,2.445246324409711,38.13315627139157,846.5530044686006,0.2872874174759508,41.0140129305388,66.19506893135303,296.218590405105,0.6626148413292461,557.4,581.3,298.25,1
parallel_run_0521,Archetype_1,1,0.5538098947003851,0.9515912560785912,0.9546173571521614,0.3909333578175139,0,0,0,2,0.0,7.737878589250059,17.65262552890793,2.04343847591413,60.65256661819086,794.1535603498564,0.3905802979433853,158.1284539410613,28.1308721236521,148.7173157451602,1.000044063032848,557.4,581.3,298.25,1
parallel_run_0522,Archetype_1,2,0.6361414671087349,0.9345202396737052,0.8333333333333331,0.4966828026210135,0,1,0,3,0.3333333333333333,13.0646439961812,18.24589508543017,2.716732587027388,46.65131170230379,725.1054169218328,0.5115983993063354,64.21434402267955,101.3397416534369,115.4601576016992,0.561267319729339,557.4,581.3,298.25,2
parallel_run_0523,Archetype_1,0,0.0,1.0,0.8333333333328735,0.0091767966927171,0,1,0,3,0.3333333333333333,14.55899147105204,16.92400224464144,4.505870455669541,48.66008960426488,1880.428773878496,0.1898057560671069,25.33689484018815,53.21861456331589,186.1609652237962,0.6245236166119492,557.4,581.3,298.25,0
parallel_run_0524,Archetype_1,2,0.8868969277950285,0.932008879886638,0.7627853604631509,0.0903945382971893,0,1,0,3,0.3333333333333333,6.902588311173137,13.28544430155988,2.608092824810263,48.10349831449953,712.0868495925945,0.5809073215674864,59.06523453291005,146.7428585041353,298.5472537308848,1.224555548142108,557.4,581.3,298.25,2
parallel_run_0526,Archetype_1,2,1.0,0.8898478554081386,0.9134885721898064,0.0,0,1,0,3,0.0,5.645937846490421,19.08999399027946,4.574685372982158,59.43535530068567,740.044618160573,0.4465748804743228,76.02908933133577,44.09919367093785,262.8462682705834,0.782484278393255,1289.0,195.5,152.15,2
parallel_run_0527,Archetype_1,0,0.592385366074148,0.9591645331288448,0.8256721575595358,0.1175928372186705,0,1,0,3,0.3333333333333333,13.49964268135165,15.33095577911059,4.464674582116157,42.94616278436651,1185.794953774338,0.117649937817252,137.4023502352264,22.49168264409253,128.2191212271367,0.5911665438533666,1289.0,195.5,152.15,0
parallel_run_0528,Archetype_1,1,1.0,0.9174380827980112,0.8333333333333334,0.2279027806662361,0,0,0,2,0.0,6.405292284318544,19.53555145216947,3.764585606427318,64.73890400335439,850.6267050193985,0.2646507902451352,37.50790122422556,110.5320184729022,100.9223548185412,1.28665717130124,1289.0,195.5,152.15,1
parallel_run_0529,Archetype_1,1,0.3716793844094573,0.9724699869514436,0.0,0.1841480907412533,0,0,0,2,0.0,5.078233488755179,15.36811055664406,4.023785290991664,68.86856051780249,1676.075248578451,0.2246787017126815,129.5689761803989,24.65199699594505,232.3224413807133,0.6774859235206085,1289.0,195.5,152.15,1
parallel_run_0530,Archetype_1,2,0.8346015847000919,0.9098448736152897,0.9090909090909092,0.0352252526151162,0,1,0,3,0.3333333333333333,9.795367374301884,8.46566765326878,4.968477490368761,93.10632240494294,1005.748088406246,0.0638931166280094,56.87494984404746,127.412906728483,150.7886454235,1.149819164967017,1289.0,195.5,152.15,2
parallel_run_0531,Archetype_1,0,0.4967937277923729,0.9596973038694386,0.9090909090909092,0.1380486312975002,0,1,0,3,0.3333333333333333,13.21427123302489,12.99077849367701,2.804621181868556,57.60856169568081,1509.042894252557,0.202994166366049,91.80831738898752,122.5526135883852,139.657431483073,1.128863155150354,1289.0,195.5,152.15,0
parallel_run_0533,Archetype_1,1,0.277445401671093,0.9701537584515576,0.0,0.0503075949749884,0,0,0,2,0.0,6.639503134093878,8.702036358183824,2.460006477284389,50.84918084009174,1224.275709388201,0.14250239653806,114.0559579566393,16.49310952489565,222.5836742807619,1.025953997214746,1289.0,195.5,152.15,1
parallel_run_0535,Archetype_1,1,0.0,1.0,0.9127236112606611,0.3934963222206346,0,0,0,2,0.0,13.53541818756549,17.50384951367896,4.718111782544003,32.06607470803334,1682.919135964777,0.407888008510583,62.79308556464255,40.8608152984074,108.3468966403483,0.7505038651828599,1289.0,195.5,152.15,1
parallel_run_0536,Archetype_1,1,0.1421311010253585,0.986177224823247,0.9182080129652932,0.3413907275765999,0,0,0,2,0.0,9.589786864094185,14.52009542132607,2.25760526337914,95.46321746956043,1743.776803747743,0.3420270254820715,154.4883468009115,38.07535167163682,155.3553685224774,0.5347162870897352,1289.0,195.5,152.15,1
parallel_run_0538,Archetype_1,0,0.4303356634065526,0.9707324592695216,0.8333333333334336,0.1328569430253661,0,1,0,3,0.3333333333333333,11.5724650899624,15.71417657225041,2.505463074151018,37.82135289309134,1732.171085268251,0.2966680057335894,87.89904124731528,124.3179479506931,188.0589961374106,0.6121933944560484,1289.0,195.5,152.15,0
parallel_run_0539,Archetype_1,2,1.0,0.8701533981767691,0.8928136500198072,0.0632261630211636,0,1,0,3,0.0,7.401877309695345,16.72060108361629,4.239354502223774,78.9004950381646,763.9731909619118,0.0862171753274194,168.5882939237162,10.48455250370037,274.1962939177321,0.9381802418748396,1289.0,195.5,152.15,2
parallel_run_0540,Archetype_1,1,0.0,1.0,0.8131713685537247,1.874221357530008e-05,0,0,0,2,0.0,6.226512320545174,10.57007202633626,4.816232216133942,78.55254926123328,1473.572870709382,0.3084672339978864,39.11190515019379,26.58517665913403,167.9697151744124,0.8989728030906465,1289.0,195.5,152.15,1
parallel_run_0541,Archetype_1,1,0.4199198975021489,0.9614903016398416,0.8333333333333334,0.2151796923477781,0,0,0,2,0.0,8.028178927033153,12.69358091967134,3.112625106465832,36.62334427994244,1295.694779439287,0.2513937760739758,117.9684651723182,90.13045861303728,158.0544197808208,0.9195426682975842,1289.0,195.5,152.15,1
parallel_run_0542,Archetype_1,1,0.1957853662303088,0.9754366787140588,0.8349909099499926,0.0232085127598697,0,0,0,2,0.0,5.772023405404161,7.116169331792253,2.064522668331408,56.51085137099933,1786.195480402135,0.0232508350807578,161.0329775531958,25.14851249315225,197.822121004284,0.7197444930411876,1289.0,195.5,152.15,1
parallel_run_0543,Archetype_1,2,1.0,0.9269782227005176,0.8333333333333334,0.051444012073524,0,1,0,3,0.6666666666666666,9.480794663304136,17.03804542014852,4.639878986106728,99.35855694037711,1250.245306083507,0.4168895798584492,43.35096290748591,149.1588574610129,277.1890738836713,1.083347637799514,1289.0,195.5,152.15,2
parallel_run_0544,Archetype_1,2,1.0,0.8995980457294025,0.8333333333333334,0.2743977750328337,0,1,0,3,0.3333333333333333,12.59017345046845,19.02253176729523,3.9523185428614,96.0626212890334,921.343979285896,0.3159410008343269,143.9201303011419,83.56764829664709,247.3963377767511,1.184696545793093,1289.0,195.5,152.15,2
parallel_run_0545,Archetype_1,2,0.7272944973637709,0.9454764527828488,0.0,0.3244855604752864,0,1,0,3,0.3333333333333333,13.88681027006693,18.61075821619153,4.347085125891433,43.42201779666991,778.7163195623369,0.5440908291581393,33.79114171279144,30.41474642500482,289.3256653337539,0.7671046222699125,1289.0,195.5,152.15,2
parallel_run_0546,Archetype_1,1,0.1813734078438722,0.9469683424161318,0.0,0.5611998317919852,0,0,0,2,0.0,10.32199462340584,6.699275404416465,2.08038382636346,44.79361792876074,979.8557987975116,0.595749285135953,177.31500644115,11.06955829270862,290.4698168059626,1.067301995703033,1289.0,195.5,152.15,1
parallel_run_0547,Archetype_1,0,0.43352898072983,0.9555926157123624,0.8333333333333448,0.3215033064671813,0,1,0,3,0.3333333333333333,10.44667181037197,13.25070225132207,4.259523874160369,88.11039822390016,1086.489408610497,0.3604504262054547,93.26680170863348,86.31118950437782,141.2036987315458,0.8099763525700954,1289.0,195.5,152.15,0
parallel_run_0548,Archetype_1,1,0.9832477465058148,0.8866671031372267,0.8333333333333334,0.3205605328656598,0,0,0,2,0.0,7.193260089885094,11.65964368980142,4.36245347424116,67.47086947928852,860.866485459772,0.3929505433301446,47.88817474253383,105.9284432028051,105.7696635231778,0.7077017593878874,1289.0,195.5,152.15,1
parallel_run_0549,Archetype_1,0,0.0248200169295425,0.99855327176538,0.8596755823621766,-1.7498226976111128e-17,0,1,0,3,0.3333333333333333,10.87938801553206,16.037856129965,2.961086101395173,69.6604654795751,1130.70880630468,0.3289402099742169,45.2910359937304,14.91317533979289,294.1194921299998,1.165324106539424,1289.0,195.5,152.15,0
parallel_run_0550,Archetype_1,0,0.5870760105245153,0.9613963625570834,0.9090909090909092,0.2556058259306455,0,1,0,3,0.3333333333333333,11.04944243362644,19.24071518137925,3.605624564480587,53.85239415205597,1355.675352940887,0.2611936824169285,192.5155188876426,93.4514385332439,163.183152602084,0.9537850554699546,1289.0,195.5,152.15,0
parallel_run_0551,Archetype_1,2,1.0,0.8277954869924277,0.8333333333333334,0.5216280917270956,0,1,0,3,0.0,9.08917883368848,15.93141516714483,2.552097542916801,87.05159164902761,516.4075892774002,0.5259683590341234,164.5121833558311,80.95119800030251,191.2553856341034,1.094491785369062,1289.0,195.5,152.15,2
parallel_run_0552,Archetype_1,1,0.700390966287871,0.9035265959301734,0.833317863194916,0.3515835299491309,0,0,0,2,0.0,6.022122980882333,10.18624643812967,4.118622604217991,44.05635878211464,657.7419002366751,0.4846669501207773,27.38228323221475,120.2686065600439,118.8863494549756,1.050243965660369,1289.0,195.5,152.15,1
parallel_run_0553,Archetype_1,0,0.6528306089354728,0.9669147480698423,0.8333333333333334,0.0240282257444028,0,1,0,3,0.3333333333333333,12.81217303836103,18.79926099501478,3.671884488568053,46.3834911494316,1976.5423669876,0.4556973803877963,98.27765434529884,77.3225987347966,261.8146648055326,0.8637011623017257,1289.0,195.5,152.15,0
parallel_run_0554,Archetype_1,2,1.0,0.9245372637492996,0.0,0.0270080215312007,0,1,0,3,0.3333333333333333,11.30329623906534,14.11358006738063,2.119776423336449,80.39616228749757,927.2926047619708,0.0269989646361896,110.5634989792129,18.96908617913164,123.0786965714163,1.005760777712649,1289.0,195.5,152.15,2
parallel_run_0555,Archetype_1,1,0.0,1.0,0.9206631728980536,0.0028590694004335,0,0,0,2,0.0,9.208165790113028,15.46907671514874,4.545251827774964,38.83541580815834,1956.9090829731,0.1622856966902549,21.41825610127897,34.46180060490662,143.3953587386619,1.21370144627473,1289.0,195.5,152.15,1
parallel_run_0557,Archetype_1,0,0.4073909294326499,0.97878142406345,0.9016033682275668,0.008299344760243,0,1,0,3,0.3333333333333333,11.79622827938521,18.29050969456285,4.169805421292692,52.8848948871502,1412.193873679556,0.4257887667081556,79.79357681981203,42.21866859739012,215.0694877114157,0.8330072175424368,1289.0,195.5,152.15,0
parallel_run_0558,Archetype_1,0,0.5036612044396271,0.9392014337393167,0.813727561730785,0.0034949158388414,0,1,0,3,0.3333333333333333,7.646521843235478,7.231058342555429,3.31458691916786,41.69964252763987,671.0160759439195,0.4157057803155249,70.94792328052574,46.67117715729472,250.4862261361136,0.7327865198402268,1289.0,195.5,152.15,2
parallel_run_0559,Archetype_1,2,1.0,0.8919040205806892,0.2875953585656198,0.2026702427810848,0,1,0,3,0.0,13.36289726948865,19.43255606974088,2.149756002614726,98.31009612961368,830.6769291617317,0.3440972357975186,24.40106928622523,21.65487938516236,225.1829757871136,1.25645844295112,1289.0,195.5,152.15,2
parallel_run_0560,Archetype_1,0,0.4612838938642207,0.951904162931889,0.7885175838831973,0.0620510279910094,0,1,0,3,0.3333333333333333,8.364797989299861,9.192250646467237,3.860538328046275,34.3813015352484,788.3970389732821,0.4717590306136611,144.6892794848065,41.70303632080136,285.1192728451363,0.9914750935718764,1289.0,195.5,152.15,0
parallel_run_0561,Archetype_1,0,0.3236154554640768,0.9810732247285546,0.6641261851310764,0.0323759868445318,0,1,0,3,0.3333333333333333,14.90080910970151,16.57440810558032,2.987874773593921,45.48329767203269,1579.101973947642,0.0323452792956046,124.7691560752347,13.25130095356169,131.0360691937709,1.160280557751469,1289.0,195.5,152.15,0
parallel_run_0562,Archetype_1,2,1.0,0.8562039029347972,0.0,0.0051731691431881,0,1,0,3,0.3333333333333333,6.738724478605125,10.74467739481464,4.059979339446745,91.01635205906643,546.9101382223519,0.1271291449095846,29.64904233951978,50.75070528467045,175.7269183945674,1.085475702971351,1289.0,195.5,152.15,2
parallel_run_0563,Archetype_1,2,1.0,0.8876678812850031,0.0,0.278073282742683,0,1,0,3,0.0,12.29475505195811,16.20117521024517,2.57668959775238,86.126770574267,694.6303209657378,0.3562216088726904,35.8027220756866,64.20784236580666,271.3979072062631,0.7973279454902197,1289.0,195.5,152.15,2
parallel_run_0564,Archetype_1,1,0.7392046827299535,0.93439563636419,0.7685504211393644,0.2480064618520141,0,0,0,2,0.0,5.41478544277491,13.9696886981829,3.800167267124271,93.40190108464566,1614.000840022941,0.2479437183689544,197.1143613561278,32.13386871974967,137.2906070612262,1.198479495410149,1289.0,195.5,152.15,1
parallel_run_0565,Archetype_1,1,0.000338668070462,0.999950810666443,0.9090909090909036,0.074438488480507,0,0,1,3,0.0,7.325244866915437,6.133456484961489,2.849506395765022,36.13139533184066,1846.939556478707,0.1045903725178832,104.708041937107,141.4654323491187,103.7582240168401,0.5719642415394346,1289.0,195.5,152.15,0
parallel_run_0566,Archetype_1,2,1.0,0.918147091961974,0.8333333333333334,0.0,0,1,0,3,0.3333333333333333,10.09356256031139,11.29063222601615,4.76846366035301,76.79579046522252,1053.739944648393,0.2204308342752106,41.70644304050847,45.01347485513899,281.050931209811,1.263414311242694,1289.0,195.5,152.15,2
parallel_run_0567,Archetype_1,0,0.7253800275384067,0.9531825629558008,0.8333333333333334,0.0443215580962149,0,1,0,3,0.0,6.186101812756469,15.06385238110333,2.884344918055505,31.24493007510238,986.5491512115816,0.0557544202849528,84.24127174220122,94.4970799647684,145.9465456157096,1.018398256176594,1289.0,195.5,152.15,0
parallel_run_0569,Archetype_1,1,0.660407422314973,0.9185634293626952,0.8333333333333334,0.10405774632169,0,0,0,2,0.0,5.875103409596851,7.908293010058282,2.390464514085502,54.80879767084504,951.9658153072828,0.3730351891050821,88.41266743681159,98.35668950325385,201.4163575543587,0.6395764243792184,1289.0,195.5,152.15,1
parallel_run_0570,Archetype_1,0,0.1203536800469478,0.9819561420066454,0.7160102828382078,0.0476232106266677,0,1,0,3,0.3333333333333333,9.89273547819015,5.915838497469448,4.894747269895554,35.37340681692577,1159.023486619083,0.501565989511877,72.72853972209614,37.63505720582668,179.0711115343357,0.7616663464940141,1289.0,195.5,152.15,0
parallel_run_0571,Archetype_1,0,0.2235010364957636,0.987063609759335,0.8859924426431685,6.025065994186443e-05,0,1,0,3,0.3333333333333333,14.08524419392078,16.31334378769262,2.308954015500626,40.52170066997526,1429.94499687827,0.4596363285181422,47.00410072502583,15.67060968778293,242.31607024993,1.191021807579522,1289.0,195.5,152.15,0
parallel_run_0572,Archetype_1,3,0.2299869505795086,0.9604756394815236,0.0,0.2251728183804132,1,0,1,3,0.3333333333333333,12.41392231723704,6.505360896541484,2.371739473104665,32.39759536864331,816.6382880545631,0.5170204646406725,23.22847379435524,49.02752712084806,184.9716219995724,1.138692518506339,1289.0,195.5,152.15,3
parallel_run_0573,Archetype_1,1,0.13074392487647,0.9891320544218216,0.8751189352808489,0.3526197116529185,0,0,0,2,0.0,11.20531214550689,17.28918987462175,2.41534597807669,62.25120319523698,1520.929737606235,0.5566745144953847,74.0786242796822,117.154618835779,125.2618930845108,1.040699628833873,1289.0,195.5,152.15,1
parallel_run_0574,Archetype_1,0,0.2699228546257349,0.9792188944331436,0.8333333333333334,0.0111724651624442,0,1,0,3,0.3333333333333333,14.76040816329797,11.89711135068584,3.420702396064348,30.231907913922,1810.531238432742,0.1512092640839279,103.1976415956362,60.53852960346411,259.9151824744392,0.8372539290562797,1289.0,195.5,152.15,0
parallel_run_0575,Archetype_1,1,0.0002948919721569,0.9999822359295067,0.9057502383628132,0.0223564807085303,0,0,0,2,0.0,7.125713809407731,15.76402470243221,2.203821019158463,30.66474775106086,1916.270048437812,0.5283635710427317,61.25580077898183,29.96136795184568,159.1614013752083,1.233712473598319,1289.0,195.5,152.15,1
parallel_run_0576,Archetype_1,2,1.0,0.9362374738350904,0.9090909090909092,0.1332854734684308,0,1,0,3,0.3333333333333333,8.679848728865139,17.93322578398463,2.012220077079774,83.75880309023228,1452.198189273966,0.1702477055167378,188.3270361277955,136.3991131874458,182.3163284478816,0.9737019697352638,1289.0,195.5,152.15,2
parallel_run_0577,Archetype_1,0,0.4675893066610344,0.9573434160654162,0.8333333333333334,0.008058372838335,0,1,0,3,0.3333333333333333,10.55930465773863,9.95253445312245,2.521216447715092,45.35968846878346,1103.764527095477,0.4796032918726125,40.24829434892813,79.6642707844849,235.4042582741113,1.120275647130058,1289.0,195.5,152.15,0
parallel_run_0578,Archetype_1,1,7.8951837570972e-05,0.9999875936764782,0.8333333333333284,-2.0615782781936494e-17,0,0,0,2,0.0,8.584062378535368,5.204947737148349,3.396878123134748,49.03717145112236,1633.945583329502,0.3831221102711273,55.84174480106363,55.43941616510568,267.3891249190509,1.103848703587101,1289.0,195.5,152.15,1
parallel_run_0579,Archetype_1,2,1.0,0.9267491444209426,0.902675355915836,0.0021465861502265,0,1,0,3,0.3333333333333333,11.48324720641784,13.54496100580118,2.943629403674687,73.69619351630662,959.6890243777384,0.1556452540222857,26.07329355182583,17.9346609870809,270.2527552749784,1.24797609559057,1289.0,195.5,152.15,2
parallel_run_0580,Archetype_1,1,0.0003888990748039,0.9999609624306393,0.9554578734231732,0.5299457045016311,0,0,0,2,0.0,8.239417824778362,19.86594006810631,2.185631748368638,84.78697422249212,1014.516711027553,0.5729610607824123,94.5537552962944,103.539963389083,112.696063975848,0.8568714170808833,1289.0,195.5,152.15,1
parallel_run_0581,Archetype_1,1,0.6067209518823994,0.9593353611760088,0.8333333333333334,0.0585208928296826,0,0,0,2,0.0,10.74739923464404,14.72531853706425,2.344142683785495,39.79251941170135,1382.725160889254,0.1302190494638491,44.96744153575168,45.57905328193963,117.6699208576838,0.5147064197244176,1289.0,195.5,152.15,1
parallel_run_0583,Archetype_1,0,0.6249444284220701,0.9522731817355992,0.8333333333333334,0.2894470336827634,0,1,0,3,0.3333333333333333,12.62912539162891,17.1844658696355,2.641849634690004,42.22256724024653,904.387351538265,0.3237095872395198,68.36904203871276,108.7516199458351,169.4200698119767,0.6476733781840518,1289.0,195.5,152.15,0
parallel_run_0584,Archetype_1,2,1.0,0.919503348012792,0.8333333333333334,0.04366186196336,0,1,0,3,0.0,6.522201326382715,12.39939167303931,3.618708160073463,47.13963660315678,739.0878598442532,0.2748268178242084,80.41869864667342,47.40439371988354,195.7889275941752,0.5500432829432993,1289.0,195.5,152.15,2
parallel_run_0585,Archetype_1,2,1.0,0.911480832909602,0.8333333333333334,0.0315178700513818,0,1,0,3,0.3333333333333333,9.384437367855847,18.12707624626986,2.907152582017375,82.60031647176109,883.1361687269793,0.196669248894807,66.74094420558276,73.27740104246614,210.9777341720553,1.294178414837762,1289.0,195.5,152.15,2
parallel_run_0586,Archetype_1,1,0.3623887575050502,0.9609507462737532,0.8993984381230792,0.5343224602339646,0,0,0,2,0.0,14.37657933613404,18.84410004062273,2.669185145620158,35.03786974557758,1927.503758948734,0.53662187709572,185.9380919407641,28.71237259798763,240.7907661092698,1.211179443278551,1289.0,195.5,152.15,1
parallel_run_0587,Archetype_1,0,0.4559226425321181,0.9737211982713584,0.8333333333333334,0.0222008997798526,0,1,0,3,0.3333333333333333,12.88294506062676,16.47370199557806,3.916427027915539,33.29873756204726,1553.403975838957,0.1037951584613293,35.14190572583635,68.48407504836385,165.2840596040335,1.272212627733274,1289.0,195.5,152.15,0
parallel_run_0588,Archetype_1,1,0.1620144934048011,0.986438757336784,0.8333333333333334,0.4356965280483236,0,0,0,2,0.0,13.71417304507693,19.94297232922278,3.190463394584546,39.35568050526847,1306.802190395147,0.4398896859558368,173.4756545582791,57.55417542909995,217.6461551705664,0.6040099969531483,1289.0,195.5,152.15,1
parallel_run_0589,Archetype_1,2,0.7728705999952316,0.903212182980152,0.480250744162132,0.2417324346559778,0,1,1,4,0.0,10.0542437922061,9.52808842232428,2.7551726834745,63.83059444783521,602.6095239046633,0.5655852937121579,52.9250694322663,12.91258574592992,212.3338287792068,0.8863857524748795,1289.0,195.5,152.15,2
parallel_run_0590,Archetype_1,1,0.2693626723579005,0.983907403481878,0.9229958349314192,0.0923213505618304,0,0,0,2,0.0,8.902950966584617,17.34337950080082,3.071726683251704,72.97629984854609,1254.634228844618,0.0922887709307529,134.989883752535,20.33996544789689,133.8281740992772,0.6978638514594209,1289.0,195.5,152.15,1
parallel_run_0591,Archetype_1,0,0.366871600878548,0.9326935531519552,0.8333333333333334,0.1915058890933924,0,1,0,3,0.3333333333333333,5.219692016072181,5.614852538476582,3.507907836572578,37.36349927885944,613.7680335920102,0.2904762209302906,148.1467328115624,131.7779486933157,207.8141490530652,1.146935950080092,1289.0,195.5,152.15,0
parallel_run_0592,Archetype_1,1,0.0,1.0,0.7832142749284013,7.920939225799072e-06,0,0,0,2,0.0,11.93340271693271,5.317576274973425,3.28343831907141,71.54504448894762,1838.989919269122,0.4945103601576556,50.50487388868805,23.73720438973167,225.8680659378676,1.111263875962919,1289.0,195.5,152.15,1
parallel_run_0593,Archetype_1,2,1.0,0.92794590912418,0.0,0.0555718476197122,0,1,0,3,0.3333333333333333,7.847009180844555,15.10246331425202,2.220849460660624,49.56921416774286,674.7929181340594,0.181477849380431,32.85601950306146,137.9877963370772,282.6442521246439,1.072413780762075,1289.0,195.5,152.15,2
parallel_run_0594,Archetype_1,2,1.0,0.8411298869084605,0.6459463043947661,0.0076525029486053,0,0,0,2,0.0,5.307304167754404,8.062741299807017,2.856484395403244,90.46559420208708,591.9263990795743,0.5853009355147591,97.7904136753744,36.39089163854832,254.8378904988671,0.9033851808539108,1289.0,195.5,152.15,1
parallel_run_0595,Archetype_1,2,1.0,0.9520466830146151,0.8333333333333334,0.0,0,1,0,1,1.0,8.088620780419058,19.64969158227921,2.445246324409711,38.13315627139157,846.5530044686006,0.2872874174759508,41.0140129305388,66.19506893135303,296.218590405105,0.6626148413292461,1289.0,195.5,152.15,1
parallel_run_0596,Archetype_1,1,0.4891515585690825,0.9572354784264868,0.9136168054528704,0.3905702283766057,0,0,0,2,0.0,7.737878589250059,17.65262552890793,2.04343847591413,60.65256661819086,794.1535603498564,0.3905802979433853,158.1284539410613,28.1308721236521,148.7173157451602,1.000044063032848,1289.0,195.5,152.15,1
parallel_run_0597,Archetype_1,2,0.636254043418619,0.93547152026045,0.833109884040463,0.4934971769759961,0,1,0,3,0.3333333333333333,13.0646439961812,18.24589508543017,2.716732587027388,46.65131170230379,725.1054169218328,0.5115983993063354,64.21434402267955,101.3397416534369,115.4601576016992,0.561267319729339,1289.0,195.5,152.15,2
parallel_run_0598,Archetype_1,0,0.6408623262168461,0.9642747892892316,0.833333333333343,0.0035463601089193,0,1,0,3,0.3333333333333333,14.55899147105204,16.92400224464144,4.505870455669541,48.66008960426488,1880.428773878496,0.1898057560671069,25.33689484018815,53.21861456331589,186.1609652237962,0.6245236166119492,1289.0,195.5,152.15,0
parallel_run_0599,Archetype_1,2,0.8755154915838812,0.9331318137440824,0.7315441140099179,0.0874558576147409,0,1,0,3,0.3333333333333333,6.902588311173137,13.28544430155988,2.608092824810263,48.10349831449953,712.0868495925945,0.5809073215674864,59.06523453291005,146.7428585041353,298.5472537308848,1.224555548142108,1289.0,195.5,152.15,2
parallel_run_0601,Archetype_1,1,1.0,0.950734108223166,0.8227513803374027,0.0,0,1,0,1,0.0,5.645937846490421,19.08999399027946,4.574685372982158,59.43535530068567,740.044618160573,0.4465748804743228,76.02908933133577,44.09919367093785,262.8462682705834,0.782484278393255,1139.9,926.5,470.1,1
parallel_run_0602,Archetype_1,0,0.5935616134561589,0.9591404214736676,0.7977746634452281,0.1176920564796296,0,1,0,3,0.3333333333333333,13.49964268135165,15.33095577911059,4.464674582116157,42.94616278436651,1185.794953774338,0.117649937817252,137.4023502352264,22.49168264409253,128.2191212271367,0.5911665438533666,1139.9,926.5,470.1,0
parallel_run_0603,Archetype_1,1,1.0,0.9364780782029316,0.8333333333333334,0.2283493962818836,0,0,0,0,0.0,6.405292284318544,19.53555145216947,3.764585606427318,64.73890400335439,850.6267050193985,0.2646507902451352,37.50790122422556,110.5320184729022,100.9223548185412,1.28665717130124,1139.9,926.5,470.1,1
parallel_run_0604,Archetype_1,1,0.4963267675491534,0.9632406295073018,0.0,0.1820884980287634,0,0,0,2,0.0,5.078233488755179,15.36811055664406,4.023785290991664,68.86856051780249,1676.075248578451,0.2246787017126815,129.5689761803989,24.65199699594505,232.3224413807133,0.6774859235206085,1139.9,926.5,470.1,1
parallel_run_0605,Archetype_1,2,0.862506680740433,0.9066236725388368,0.9090909090909092,0.0386471714336132,0,1,0,3,0.3333333333333333,9.795367374301884,8.46566765326878,4.968477490368761,93.10632240494294,1005.748088406246,0.0638931166280094,56.87494984404746,127.412906728483,150.7886454235,1.149819164967017,1139.9,926.5,470.1,2
parallel_run_0606,Archetype_1,0,0.5145707806870696,0.9578191108383178,0.9090909090909092,0.145690851382362,0,1,0,3,0.3333333333333333,13.21427123302489,12.99077849367701,2.804621181868556,57.60856169568081,1509.042894252557,0.202994166366049,91.80831738898752,122.5526135883852,139.657431483073,1.128863155150354,1139.9,926.5,470.1,0
parallel_run_0608,Archetype_1,1,0.3563889428372123,0.9615073671220872,0.0,0.051575038252933,0,0,0,2,0.0,6.639503134093878,8.702036358183824,2.460006477284389,50.84918084009174,1224.275709388201,0.14250239653806,114.0559579566393,16.49310952489565,222.5836742807619,1.025953997214746,1139.9,926.5,470.1,1
parallel_run_0610,Archetype_1,1,0.0001642629301589,0.9999854127172466,0.8991565631399192,0.3969512965931684,0,0,0,2,0.0,13.53541818756549,17.50384951367896,4.718111782544003,32.06607470803334,1682.919135964777,0.407888008510583,62.79308556464255,40.8608152984074,108.3468966403483,0.7505038651828599,1139.9,926.5,470.1,1
parallel_run_0611,Archetype_1,1,0.175686290574708,0.9829260613661088,0.907557521746194,0.3403726827363553,0,0,0,2,0.0,9.589786864094185,14.52009542132607,2.25760526337914,95.46321746956043,1743.776803747743,0.3420270254820715,154.4883468009115,38.07535167163682,155.3553685224774,0.5347162870897352,1139.9,926.5,470.1,1
parallel_run_0613,Archetype_1,0,0.453547006881156,0.9700942628185651,0.857196267580374,0.1122607511662528,0,1,0,3,0.3333333333333333,11.5724650899624,15.71417657225041,2.505463074151018,37.82135289309134,1732.171085268251,0.2966680057335894,87.89904124731528,124.3179479506931,188.0589961374106,0.6121933944560484,1139.9,926.5,470.1,0
parallel_run_0614,Archetype_1,2,1.0,0.8726514435127576,0.6078260889107895,0.0625435135518732,0,1,0,3,0.0,7.401877309695345,16.72060108361629,4.239354502223774,78.9004950381646,763.9731909619118,0.0862171753274194,168.5882939237162,10.48455250370037,274.1962939177321,0.9381802418748396,1139.9,926.5,470.1,2
parallel_run_0615,Archetype_1,1,0.0,1.0,0.7871131225619824,3.805366436725465e-05,0,0,0,2,0.0,6.226512320545174,10.57007202633626,4.816232216133942,78.55254926123328,1473.572870709382,0.3084672339978864,39.11190515019379,26.58517665913403,167.9697151744124,0.8989728030906465,1139.9,926.5,470.1,1
parallel_run_0616,Archetype_1,1,0.4740415297231332,0.9562220487823102,0.8333333333333387,0.2200576486240265,0,0,0,2,0.0,8.028178927033153,12.69358091967134,3.112625106465832,36.62334427994244,1295.694779439287,0.2513937760739758,117.9684651723182,90.13045861303728,158.0544197808208,0.9195426682975842,1139.9,926.5,470.1,1
parallel_run_0617,Archetype_1,1,0.2464970662403696,0.9691341793993572,0.8066662529316443,0.0232499071863101,0,0,0,2,0.0,5.772023405404161,7.116169331792253,2.064522668331408,56.51085137099933,1786.195480402135,0.0232508350807578,161.0329775531958,25.14851249315225,197.822121004284,0.7197444930411876,1139.9,926.5,470.1,1
parallel_run_0618,Archetype_1,2,1.0,0.935480631721704,0.9090909090909092,0.069269521501537,0,1,0,3,0.3333333333333333,9.480794663304136,17.03804542014852,4.639878986106728,99.35855694037711,1250.245306083507,0.4168895798584492,43.35096290748591,149.1588574610129,277.1890738836713,1.083347637799514,1139.9,926.5,470.1,2
parallel_run_0619,Archetype_1,2,1.0,0.9002842786907396,0.8333333333333334,0.2774466024626662,0,1,0,3,0.3333333333333333,12.59017345046845,19.02253176729523,3.9523185428614,96.0626212890334,921.343979285896,0.3159410008343269,143.9201303011419,83.56764829664709,247.3963377767511,1.184696545793093,1139.9,926.5,470.1,2
parallel_run_0620,Archetype_1,2,0.7263374851121435,0.945436933447348,0.0,0.3272004515625241,0,1,0,3,0.3333333333333333,13.88681027006693,18.61075821619153,4.347085125891433,43.42201779666991,778.7163195623369,0.5440908291581393,33.79114171279144,30.41474642500482,289.3256653337539,0.7671046222699125,1139.9,926.5,470.1,2
parallel_run_0621,Archetype_1,1,0.2015842435687884,0.9407375680807022,0.201818342944259,0.5615983469617495,0,0,0,2,0.0,10.32199462340584,6.699275404416465,2.08038382636346,44.79361792876074,979.8557987975116,0.595749285135953,177.31500644115,11.06955829270862,290.4698168059626,1.067301995703033,1139.9,926.5,470.1,1
parallel_run_0622,Archetype_1,0,0.5620157831227182,0.9438871101882064,0.8333333333333334,0.3048033072083029,0,1,0,3,0.3333333333333333,10.44667181037197,13.25070225132207,4.259523874160369,88.11039822390016,1086.489408610497,0.3604504262054547,93.26680170863348,86.31118950437782,141.2036987315458,0.8099763525700954,1139.9,926.5,470.1,2
parallel_run_0623,Archetype_1,1,0.9443869408978444,0.8917710962360302,0.8333333333333334,0.3130778343820096,0,0,0,2,0.0,7.193260089885094,11.65964368980142,4.36245347424116,67.47086947928852,860.866485459772,0.3929505433301446,47.88817474253383,105.9284432028051,105.7696635231778,0.7077017593878874,1139.9,926.5,470.1,1
parallel_run_0624,Archetype_1,0,0.3265081494935342,0.9809526918822268,0.0,0.0,0,1,0,3,0.3333333333333333,10.87938801553206,16.037856129965,2.961086101395173,69.6604654795751,1130.70880630468,0.3289402099742169,45.2910359937304,14.91317533979289,294.1194921299998,1.165324106539424,1139.9,926.5,470.1,0
parallel_run_0625,Archetype_1,0,0.5619924204268935,0.9630322026078316,0.9090909090909092,0.2563766859520586,0,1,0,3,0.3333333333333333,11.04944243362644,19.24071518137925,3.605624564480587,53.85239415205597,1355.675352940887,0.2611936824169285,192.5155188876426,93.4514385332439,163.183152602084,0.9537850554699546,1139.9,926.5,470.1,0
parallel_run_0626,Archetype_1,2,1.0,0.8343157701754148,0.8333333333333334,0.5180797182573449,0,1,0,3,0.0,9.08917883368848,15.93141516714483,2.552097542916801,87.05159164902761,516.4075892774002,0.5259683590341234,164.5121833558311,80.95119800030251,191.2553856341034,1.094491785369062,1139.9,926.5,470.1,2
parallel_run_0627,Archetype_1,1,0.7063731932024672,0.9021638465097072,0.8333333333333334,0.3528601092449248,0,0,1,3,0.0,6.022122980882333,10.18624643812967,4.118622604217991,44.05635878211464,657.7419002366751,0.4846669501207773,27.38228323221475,120.2686065600439,118.8863494549756,1.050243965660369,1139.9,926.5,470.1,2
parallel_run_0628,Archetype_1,0,0.6874421000685099,0.9650442778035327,0.8333333333333334,0.0327493818062252,0,1,0,3,0.3333333333333333,12.81217303836103,18.79926099501478,3.671884488568053,46.3834911494316,1976.5423669876,0.4556973803877963,98.27765434529884,77.3225987347966,261.8146648055326,0.8637011623017257,1139.9,926.5,470.1,0
parallel_run_0629,Archetype_1,2,1.0,0.9269706486673268,0.0,0.0269750027576296,0,1,0,3,0.3333333333333333,11.30329623906534,14.11358006738063,2.119776423336449,80.39616228749757,927.2926047619708,0.0269989646361896,110.5634989792129,18.96908617913164,123.0786965714163,1.005760777712649,1139.9,926.5,470.1,2
parallel_run_0630,Archetype_1,1,0.0,1.0,0.9019903490540028,0.000918249641657,0,0,0,2,0.0,9.208165790113028,15.46907671514874,4.545251827774964,38.83541580815834,1956.9090829731,0.1622856966902549,21.41825610127897,34.46180060490662,143.3953587386619,1.21370144627473,1139.9,926.5,470.1,1
parallel_run_0632,Archetype_1,2,0.9346120933563636,0.951358980022424,0.7602427221410617,0.0134028258879073,0,1,0,3,0.3333333333333333,11.79622827938521,18.29050969456285,4.169805421292692,52.8848948871502,1412.193873679556,0.4257887667081556,79.79357681981203,42.21866859739012,215.0694877114157,0.8330072175424368,1139.9,926.5,470.1,0
parallel_run_0633,Archetype_1,0,0.5023839202382082,0.9392864501228124,0.7989785223577912,0.0027098397486355,0,1,0,3,0.3333333333333333,7.646521843235478,7.231058342555429,3.31458691916786,41.69964252763987,671.0160759439195,0.4157057803155249,70.94792328052574,46.67117715729472,250.4862261361136,0.7327865198402268,1139.9,926.5,470.1,2
parallel_run_0634,Archetype_1,2,1.0,0.8921852893099663,0.2914433399743221,0.2054513639071324,0,1,0,3,0.0,13.36289726948865,19.43255606974088,2.149756002614726,98.31009612961368,830.6769291617317,0.3440972357975186,24.40106928622523,21.65487938516236,225.1829757871136,1.25645844295112,1139.9,926.5,470.1,2
parallel_run_0635,Archetype_1,0,0.4665482568185909,0.9518906423120064,0.7062984990754013,0.0599847911034109,0,1,0,3,0.3333333333333333,8.364797989299861,9.192250646467237,3.860538328046275,34.3813015352484,788.3970389732821,0.4717590306136611,144.6892794848065,41.70303632080136,285.1192728451363,0.9914750935718764,1139.9,926.5,470.1,0
parallel_run_0636,Archetype_1,2,0.6129413862034597,0.9642458965055458,0.2020425406543371,0.0323104075375572,0,1,0,3,0.3333333333333333,14.90080910970151,16.57440810558032,2.987874773593921,45.48329767203269,1579.101973947642,0.0323452792956046,124.7691560752347,13.25130095356169,131.0360691937709,1.160280557751469,1139.9,926.5,470.1,0
parallel_run_0637,Archetype_1,2,1.0,0.8573989466186032,0.0,0.0090520337141048,0,1,0,3,0.3333333333333333,6.738724478605125,10.74467739481464,4.059979339446745,91.01635205906643,546.9101382223519,0.1271291449095846,29.64904233951978,50.75070528467045,175.7269183945674,1.085475702971351,1139.9,926.5,470.1,2
parallel_run_0638,Archetype_1,2,1.0,0.8878010452351608,0.0,0.2772707392094805,0,1,0,3,0.0,12.29475505195811,16.20117521024517,2.57668959775238,86.126770574267,694.6303209657378,0.3562216088726904,35.8027220756866,64.20784236580666,271.3979072062631,0.7973279454902197,1139.9,926.5,470.1,2
parallel_run_0639,Archetype_1,1,0.8191573113261696,0.9281392371560776,0.7688062791417527,0.2467205788978481,0,0,0,2,0.0,5.41478544277491,13.9696886981829,3.800167267124271,93.40190108464566,1614.000840022941,0.2479437183689544,197.1143613561278,32.13386871974967,137.2906070612262,1.198479495410149,1139.9,926.5,470.1,1
parallel_run_0640,Archetype_1,0,0.0518850697108453,0.9923834556688874,0.9090909090909092,0.0748175145170428,0,1,0,3,0.0,7.325244866915437,6.133456484961489,2.849506395765022,36.13139533184066,1846.939556478707,0.1045903725178832,104.708041937107,141.4654323491187,103.7582240168401,0.5719642415394346,1139.9,926.5,470.1,0
parallel_run_0641,Archetype_1,2,1.0,0.9191169633784262,0.8333333333332745,0.0,0,1,0,3,0.3333333333333333,10.09356256031139,11.29063222601615,4.76846366035301,76.79579046522252,1053.739944648393,0.2204308342752106,41.70644304050847,45.01347485513899,281.050931209811,1.263414311242694,1139.9,926.5,470.1,2
parallel_run_0642,Archetype_1,0,0.7300268849928154,0.9532511114765578,0.8333333333333337,0.0404256846910633,0,1,0,3,0.0,6.186101812756469,15.06385238110333,2.884344918055505,31.24493007510238,986.5491512115816,0.0557544202849528,84.24127174220122,94.4970799647684,145.9465456157096,1.018398256176594,1139.9,926.5,470.1,0
parallel_run_0644,Archetype_1,1,0.6644759226225382,0.9164939495810543,0.8333333333333334,0.1137403633873876,0,0,0,2,0.0,5.875103409596851,7.908293010058282,2.390464514085502,54.80879767084504,951.9658153072828,0.3730351891050821,88.41266743681159,98.35668950325385,201.4163575543587,0.6395764243792184,1139.9,926.5,470.1,1
parallel_run_0645,Archetype_1,0,0.2646739516440616,0.9608225737803088,0.3838327536676714,0.0302868162582506,0,1,0,3,0.3333333333333333,9.89273547819015,5.915838497469448,4.894747269895554,35.37340681692577,1159.023486619083,0.501565989511877,72.72853972209614,37.63505720582668,179.0711115343357,0.7616663464940141,1139.9,926.5,470.1,0
parallel_run_0646,Archetype_1,0,0.5616673648390481,0.9677577855367516,0.6120047385565318,0.0,0,1,0,3,0.3333333333333333,14.08524419392078,16.31334378769262,2.308954015500626,40.52170066997526,1429.94499687827,0.4596363285181422,47.00410072502583,15.67060968778293,242.31607024993,1.191021807579522,1139.9,926.5,470.1,0
parallel_run_0647,Archetype_1,0,0.2309606138976586,0.9603457007928388,0.1701790663888532,0.2291927335495458,0,1,1,5,0.0,12.41392231723704,6.505360896541484,2.371739473104665,32.39759536864331,816.6382880545631,0.5170204646406725,23.22847379435524,49.02752712084806,184.9716219995724,1.138692518506339,1139.9,926.5,470.1,0
parallel_run_0648,Archetype_1,0,0.1646995136818893,0.9854812584550688,0.8380869154063013,0.3842075611827169,0,1,0,3,0.0,11.20531214550689,17.28918987462175,2.41534597807669,62.25120319523698,1520.929737606235,0.5566745144953847,74.0786242796822,117.154618835779,125.2618930845108,1.040699628833873,1139.9,926.5,470.1,0
parallel_run_0649,Archetype_1,0,0.2677687968072323,0.9793177231887764,0.8333333333333334,0.0119956717209816,0,1,1,4,0.25,14.76040816329797,11.89711135068584,3.420702396064348,30.231907913922,1810.531238432742,0.1512092640839279,103.1976415956362,60.53852960346411,259.9151824744392,0.8372539290562797,1139.9,926.5,470.1,0
parallel_run_0650,Archetype_1,1,0.417653054798572,0.9745385892858516,0.8841933495253105,0.0213448722273454,0,0,0,2,0.0,7.125713809407731,15.76402470243221,2.203821019158463,30.66474775106086,1916.270048437812,0.5283635710427317,61.25580077898183,29.96136795184568,159.1614013752083,1.233712473598319,1139.9,926.5,470.1,1
parallel_run_0651,Archetype_1,2,0.9273149181050464,0.9439275684034064,0.9090909090909092,0.1443775996682995,0,1,0,3,0.3333333333333333,8.679848728865139,17.93322578398463,2.012220077079774,83.75880309023228,1452.198189273966,0.1702477055167378,188.3270361277955,136.3991131874458,182.3163284478816,0.9737019697352638,1139.9,926.5,470.1,2
parallel_run_0652,Archetype_1,0,0.4755278783775954,0.9564597753112892,0.8333333333333334,0.0136981743095893,0,1,0,3,0.3333333333333333,10.55930465773863,9.95253445312245,2.521216447715092,45.35968846878346,1103.764527095477,0.4796032918726125,40.24829434892813,79.6642707844849,235.4042582741113,1.120275647130058,1139.9,926.5,470.1,0
parallel_run_0653,Archetype_1,1,0.070397128628807,0.9888812574626404,0.8333333333333334,0.0,0,0,0,2,0.0,8.584062378535368,5.204947737148349,3.396878123134748,49.03717145112236,1633.945583329502,0.3831221102711273,55.84174480106363,55.43941616510568,267.3891249190509,1.103848703587101,1139.9,926.5,470.1,1
parallel_run_0654,Archetype_1,2,1.0,0.9285246574714436,0.6764467918099315,0.0024156198761656,0,1,0,3,0.3333333333333333,11.48324720641784,13.54496100580118,2.943629403674687,73.69619351630662,959.6890243777384,0.1556452540222857,26.07329355182583,17.9346609870809,270.2527552749784,1.24797609559057,1139.9,926.5,470.1,2
parallel_run_0655,Archetype_1,1,0.1308646533283085,0.9867035567194072,0.9044313852187236,0.5377261140347844,0,0,0,2,0.0,8.239417824778362,19.86594006810631,2.185631748368638,84.78697422249212,1014.516711027553,0.5729610607824123,94.5537552962944,103.539963389083,112.696063975848,0.8568714170808833,1139.9,926.5,470.1,1
parallel_run_0656,Archetype_1,1,0.6201164494579308,0.95855134452385,0.8333333333333334,0.0578425783897929,0,0,0,2,0.0,10.74739923464404,14.72531853706425,2.344142683785495,39.79251941170135,1382.725160889254,0.1302190494638491,44.96744153575168,45.57905328193963,117.6699208576838,0.5147064197244176,1139.9,926.5,470.1,1
parallel_run_0658,Archetype_1,0,0.6384801495127479,0.9518893375412396,0.8333333333333833,0.2777971944801216,0,1,0,3,0.3333333333333333,12.62912539162891,17.1844658696355,2.641849634690004,42.22256724024653,904.387351538265,0.3237095872395198,68.36904203871276,108.7516199458351,169.4200698119767,0.6476733781840518,1139.9,926.5,470.1,0
parallel_run_0659,Archetype_1,2,1.0,0.9227997845695176,0.8333333333333334,0.0392087973585256,0,1,0,1,0.0,6.522201326382715,12.39939167303931,3.618708160073463,47.13963660315678,739.0878598442532,0.2748268178242084,80.41869864667342,47.40439371988354,195.7889275941752,0.5500432829432993,1139.9,926.5,470.1,1
parallel_run_0660,Archetype_1,2,1.0,0.912452544777838,0.8333333333333334,0.0296492443011605,0,1,0,3,0.3333333333333333,9.384437367855847,18.12707624626986,2.907152582017375,82.60031647176109,883.1361687269793,0.196669248894807,66.74094420558276,73.27740104246614,210.9777341720553,1.294178414837762,1139.9,926.5,470.1,2
parallel_run_0661,Archetype_1,1,0.4054733607667951,0.956212998700312,0.8781161597654328,0.5374869895561142,0,0,0,2,0.0,14.37657933613404,18.84410004062273,2.669185145620158,35.03786974557758,1927.503758948734,0.53662187709572,185.9380919407641,28.71237259798763,240.7907661092698,1.211179443278551,1139.9,926.5,470.1,1
parallel_run_0662,Archetype_1,0,0.4579350581723285,0.973548769453562,0.8333333333333334,0.0215016386771592,0,1,0,3,0.3333333333333333,12.88294506062676,16.47370199557806,3.916427027915539,33.29873756204726,1553.403975838957,0.1037951584613293,35.14190572583635,68.48407504836385,165.2840596040335,1.272212627733274,1139.9,926.5,470.1,0
parallel_run_0663,Archetype_1,1,0.2129302713332523,0.9820123888977332,0.8333333333333334,0.4364272885308897,0,0,0,2,0.0,13.71417304507693,19.94297232922278,3.190463394584546,39.35568050526847,1306.802190395147,0.4398896859558368,173.4756545582791,57.55417542909995,217.6461551705664,0.6040099969531483,1139.9,926.5,470.1,1
parallel_run_0664,Archetype_1,2,0.7695604789184182,0.9032377161038184,0.1658387447090251,0.2447169771047021,0,1,1,5,0.0,10.0542437922061,9.52808842232428,2.7551726834745,63.83059444783521,602.6095239046633,0.5655852937121579,52.9250694322663,12.91258574592992,212.3338287792068,0.8863857524748795,1139.9,926.5,470.1,2
parallel_run_0665,Archetype_1,1,0.3298212819336392,0.9802758679038652,0.867982076645995,0.0922938856373625,0,0,0,2,0.0,8.902950966584617,17.34337950080082,3.071726683251704,72.97629984854609,1254.634228844618,0.0922887709307529,134.989883752535,20.33996544789689,133.8281740992772,0.6978638514594209,1139.9,926.5,470.1,1
parallel_run_0666,Archetype_1,0,0.3720505789950791,0.9329448494758148,0.8333333333333334,0.1887873710275953,0,1,0,3,0.3333333333333333,5.219692016072181,5.614852538476582,3.507907836572578,37.36349927885944,613.7680335920102,0.2904762209302906,148.1467328115624,131.7779486933157,207.8141490530652,1.146935950080092,1139.9,926.5,470.1,0
parallel_run_0667,Archetype_1,1,0.036015445844896,0.9943305175444213,0.7366992138533216,2.6074737135717224e-05,0,0,0,2,0.0,11.93340271693271,5.317576274973425,3.28343831907141,71.54504448894762,1838.989919269122,0.4945103601576556,50.50487388868805,23.73720438973167,225.8680659378676,1.111263875962919,1139.9,926.5,470.1,1
parallel_run_0668,Archetype_1,2,1.0,0.9285450150933896,0.0,0.0514083309100574,0,1,0,3,0.3333333333333333,7.847009180844555,15.10246331425202,2.220849460660624,49.56921416774286,674.7929181340594,0.181477849380431,32.85601950306146,137.9877963370772,282.6442521246439,1.072413780762075,1139.9,926.5,470.1,2
parallel_run_0669,Archetype_1,2,1.0,0.8506487481399834,0.6312066139998379,0.0019067444316663,0,0,0,2,0.0,5.307304167754404,8.062741299807017,2.856484395403244,90.46559420208708,591.9263990795743,0.5853009355147591,97.7904136753744,36.39089163854832,254.8378904988671,0.9033851808539108,1139.9,926.5,470.1,1
parallel_run_0670,Archetype_1,2,1.0,0.9523915379120356,0.8333333333333334,0.0,0,1,0,1,1.0,8.088620780419058,19.64969158227921,2.445246324409711,38.13315627139157,846.5530044686006,0.2872874174759508,41.0140129305388,66.19506893135303,296.218590405105,0.6626148413292461,1139.9,926.5,470.1,1
parallel_run_0671,Archetype_1,1,0.6131466905761028,0.9462317320974092,0.920814234472023,0.3899120954713622,0,0,0,2,0.0,7.737878589250059,17.65262552890793,2.04343847591413,60.65256661819086,794.1535603498564,0.3905802979433853,158.1284539410613,28.1308721236521,148.7173157451602,1.000044063032848,1139.9,926.5,470.1,1
parallel_run_0672,Archetype_1,2,0.662099154048083,0.9327031454143176,0.8327810513094617,0.4921871004755247,0,1,0,3,0.3333333333333333,13.0646439961812,18.24589508543017,2.716732587027388,46.65131170230379,725.1054169218328,0.5115983993063354,64.21434402267955,101.3397416534369,115.4601576016992,0.561267319729339,1139.9,926.5,470.1,2
parallel_run_0673,Archetype_1,0,0.6449515253553391,0.9641226856533756,0.8333333333332494,0.0085075069754748,0,1,0,3,0.3333333333333333,14.55899147105204,16.92400224464144,4.505870455669541,48.66008960426488,1880.428773878496,0.1898057560671069,25.33689484018815,53.21861456331589,186.1609652237962,0.6245236166119492,1139.9,926.5,470.1,0
parallel_run_0674,Archetype_1,2,0.9072939993767838,0.9319980961007848,0.6233083763272641,0.0687220534636974,0,1,0,3,0.3333333333333333,6.902588311173137,13.28544430155988,2.608092824810263,48.10349831449953,712.0868495925945,0.5809073215674864,59.06523453291005,146.7428585041353,298.5472537308848,1.224555548142108,1139.9,926.5,470.1,2
parallel_run_0676,Archetype_1,2,1.0,0.8881961288783976,0.782491201270157,-1.7100947314431367e-16,0,0,0,2,0.0,5.645937846490421,19.08999399027946,4.574685372982158,59.43535530068567,740.044618160573,0.4465748804743228,76.02908933133577,44.09919367093785,262.8462682705834,0.782484278393255,1432.9,809.5,407.3,1
parallel_run_0677,Archetype_1,0,0.5990623741838978,0.9588907641422724,0.8164686316983881,0.1176275650655542,0,1,0,3,0.3333333333333333,13.49964268135165,15.33095577911059,4.464674582116157,42.94616278436651,1185.794953774338,0.117649937817252,137.4023502352264,22.49168264409253,128.2191212271367,0.5911665438533666,1432.9,809.5,407.3,0
parallel_run_0678,Archetype_1,1,1.0,0.9302927093761814,0.8333333333333334,0.225361149688413,0,0,0,1,0.0,6.405292284318544,19.53555145216947,3.764585606427318,64.73890400335439,850.6267050193985,0.2646507902451352,37.50790122422556,110.5320184729022,100.9223548185412,1.28665717130124,1432.9,809.5,407.3,1
parallel_run_0679,Archetype_1,1,0.4746429923831399,0.964692965351151,0.0,0.1835767382051455,0,0,0,2,0.0,5.078233488755179,15.36811055664406,4.023785290991664,68.86856051780249,1676.075248578451,0.2246787017126815,129.5689761803989,24.65199699594505,232.3224413807133,0.6774859235206085,1432.9,809.5,407.3,1
parallel_run_0680,Archetype_1,2,0.8629491825348569,0.9075319786975756,0.8333333333333334,0.0322350005101996,0,1,0,3,0.3333333333333333,9.795367374301884,8.46566765326878,4.968477490368761,93.10632240494294,1005.748088406246,0.0638931166280094,56.87494984404746,127.412906728483,150.7886454235,1.149819164967017,1432.9,809.5,407.3,2
parallel_run_0681,Archetype_1,0,0.518764654642607,0.9578593339695352,0.9090909090909092,0.1362497834672237,0,1,0,3,0.3333333333333333,13.21427123302489,12.99077849367701,2.804621181868556,57.60856169568081,1509.042894252557,0.202994166366049,91.80831738898752,122.5526135883852,139.657431483073,1.128863155150354,1432.9,809.5,407.3,0
parallel_run_0683,Archetype_1,1,0.3619267043381656,0.9610428033085138,0.0,0.0528132071976265,0,0,0,2,0.0,6.639503134093878,8.702036358183824,2.460006477284389,50.84918084009174,1224.275709388201,0.14250239653806,114.0559579566393,16.49310952489565,222.5836742807619,1.025953997214746,1432.9,809.5,407.3,1
parallel_run_0685,Archetype_1,1,6.992150028430886e-05,0.9999938658550982,0.8848410124583541,0.3922828937935666,0,0,0,2,0.0,13.53541818756549,17.50384951367896,4.718111782544003,32.06607470803334,1682.919135964777,0.407888008510583,62.79308556464255,40.8608152984074,108.3468966403483,0.7505038651828599,1432.9,809.5,407.3,1
parallel_run_0686,Archetype_1,1,0.1707705046989157,0.9834888230300848,0.8940603873132127,0.3404558838610638,0,0,0,2,0.0,9.589786864094185,14.52009542132607,2.25760526337914,95.46321746956043,1743.776803747743,0.3420270254820715,154.4883468009115,38.07535167163682,155.3553685224774,0.5347162870897352,1432.9,809.5,407.3,1
parallel_run_0688,Archetype_1,0,0.4493553540318126,0.9696312652906216,0.8333333333333334,0.1284165248981603,0,1,0,3,0.3333333333333333,11.5724650899624,15.71417657225041,2.505463074151018,37.82135289309134,1732.171085268251,0.2966680057335894,87.89904124731528,124.3179479506931,188.0589961374106,0.6121933944560484,1432.9,809.5,407.3,0
parallel_run_0689,Archetype_1,2,1.0,0.8704795757818157,0.4241906651051418,0.0669077309708936,0,1,0,3,0.0,7.401877309695345,16.72060108361629,4.239354502223774,78.9004950381646,763.9731909619118,0.0862171753274194,168.5882939237162,10.48455250370037,274.1962939177321,0.9381802418748396,1432.9,809.5,407.3,2
parallel_run_0690,Archetype_1,1,0.0,1.0,0.7662825858913389,3.588608904331491e-05,0,0,0,2,0.0,6.226512320545174,10.57007202633626,4.816232216133942,78.55254926123328,1473.572870709382,0.3084672339978864,39.11190515019379,26.58517665913403,167.9697151744124,0.8989728030906465,1432.9,809.5,407.3,1
parallel_run_0691,Archetype_1,1,0.4290443250190912,0.960891357299976,0.8333333333333492,0.2170448618010628,0,0,0,2,0.0,8.028178927033153,12.69358091967134,3.112625106465832,36.62334427994244,1295.694779439287,0.2513937760739758,117.9684651723182,90.13045861303728,158.0544197808208,0.9195426682975842,1432.9,809.5,407.3,1
parallel_run_0692,Archetype_1,1,0.2176428031936687,0.9727860115259932,0.8150440638548115,0.0231881149522434,0,0,0,2,0.0,5.772023405404161,7.116169331792253,2.064522668331408,56.51085137099933,1786.195480402135,0.0232508350807578,161.0329775531958,25.14851249315225,197.822121004284,0.7197444930411876,1432.9,809.5,407.3,1
parallel_run_0693,Archetype_1,2,1.0,0.9300420713519512,0.9027680409731969,0.0436050161437987,0,1,0,3,0.3333333333333333,9.480794663304136,17.03804542014852,4.639878986106728,99.35855694037711,1250.245306083507,0.4168895798584492,43.35096290748591,149.1588574610129,277.1890738836713,1.083347637799514,1432.9,809.5,407.3,2
parallel_run_0694,Archetype_1,2,1.0,0.8998047758466612,0.8333333333333334,0.2807729507221279,0,1,0,3,0.3333333333333333,12.59017345046845,19.02253176729523,3.9523185428614,96.0626212890334,921.343979285896,0.3159410008343269,143.9201303011419,83.56764829664709,247.3963377767511,1.184696545793093,1432.9,809.5,407.3,2
parallel_run_0695,Archetype_1,2,0.7269722531261752,0.9454707610462274,0.0,0.3257464232475606,0,1,0,3,0.3333333333333333,13.88681027006693,18.61075821619153,4.347085125891433,43.42201779666991,778.7163195623369,0.5440908291581393,33.79114171279144,30.41474642500482,289.3256653337539,0.7671046222699125,1432.9,809.5,407.3,2
parallel_run_0696,Archetype_1,1,0.1957137582090092,0.9422055477473318,0.0732020709897293,0.5597110731088443,0,0,0,2,0.0,10.32199462340584,6.699275404416465,2.08038382636346,44.79361792876074,979.8557987975116,0.595749285135953,177.31500644115,11.06955829270862,290.4698168059626,1.067301995703033,1432.9,809.5,407.3,1
parallel_run_0697,Archetype_1,2,1.0,0.8845997400310822,0.8333333333333334,0.3308877710695985,0,1,0,3,0.0,10.44667181037197,13.25070225132207,4.259523874160369,88.11039822390016,1086.489408610497,0.3604504262054547,93.26680170863348,86.31118950437782,141.2036987315458,0.8099763525700954,1432.9,809.5,407.3,2
parallel_run_0698,Archetype_1,1,0.9932785150078332,0.8836221244900022,0.8333333333333334,0.3291697139294048,0,0,0,2,0.0,7.193260089885094,11.65964368980142,4.36245347424116,67.47086947928852,860.866485459772,0.3929505433301446,47.88817474253383,105.9284432028051,105.7696635231778,0.7077017593878874,1432.9,809.5,407.3,1
parallel_run_0699,Archetype_1,0,0.3485371238853956,0.9797497949332452,-1.870557313739993e-14,-2.382661306106976e-17,0,1,0,3,0.3333333333333333,10.87938801553206,16.037856129965,2.961086101395173,69.6604654795751,1130.70880630468,0.3289402099742169,45.2910359937304,14.91317533979289,294.1194921299998,1.165324106539424,1432.9,809.5,407.3,0
parallel_run_0700,Archetype_1,0,0.6288727311808749,0.9589827512480812,0.9090909090909092,0.2561583703271492,0,1,0,3,0.3333333333333333,11.04944243362644,19.24071518137925,3.605624564480587,53.85239415205597,1355.675352940887,0.2611936824169285,192.5155188876426,93.4514385332439,163.183152602084,0.9537850554699546,1432.9,809.5,407.3,0
parallel_run_0701,Archetype_1,2,1.0,0.8259855370731176,0.8333333333333334,0.5209859163335574,0,1,0,3,0.0,9.08917883368848,15.93141516714483,2.552097542916801,87.05159164902761,516.4075892774002,0.5259683590341234,164.5121833558311,80.95119800030251,191.2553856341034,1.094491785369062,1432.9,809.5,407.3,2
parallel_run_0702,Archetype_1,1,0.715805143446205,0.9005062309555765,0.8333333333333334,0.3538507688130401,0,0,0,2,0.0,6.022122980882333,10.18624643812967,4.118622604217991,44.05635878211464,657.7419002366751,0.4846669501207773,27.38228323221475,120.2686065600439,118.8863494549756,1.050243965660369,1432.9,809.5,407.3,1
parallel_run_0703,Archetype_1,0,0.6937529183490576,0.964672015440855,0.8333333333333334,0.0272361131357972,0,1,0,3,0.3333333333333333,12.81217303836103,18.79926099501478,3.671884488568053,46.3834911494316,1976.5423669876,0.4556973803877963,98.27765434529884,77.3225987347966,261.8146648055326,0.8637011623017257,1432.9,809.5,407.3,0
parallel_run_0704,Archetype_1,2,1.0,0.9249583173767428,0.0,0.0269308317254594,0,1,0,3,0.3333333333333333,11.30329623906534,14.11358006738063,2.119776423336449,80.39616228749757,927.2926047619708,0.0269989646361896,110.5634989792129,18.96908617913164,123.0786965714163,1.005760777712649,1432.9,809.5,407.3,2
parallel_run_0705,Archetype_1,1,0.0,1.0,0.8620716798396054,0.0026849054485663,0,0,0,2,0.0,9.208165790113028,15.46907671514874,4.545251827774964,38.83541580815834,1956.9090829731,0.1622856966902549,21.41825610127897,34.46180060490662,143.3953587386619,1.21370144627473,1432.9,809.5,407.3,1
parallel_run_0707,Archetype_1,2,0.9360229575925848,0.9513375635490527,0.7449736496803896,0.0142569408973443,0,1,0,3,0.3333333333333333,11.79622827938521,18.29050969456285,4.169805421292692,52.8848948871502,1412.193873679556,0.4257887667081556,79.79357681981203,42.21866859739012,215.0694877114157,0.8330072175424368,1432.9,809.5,407.3,0
parallel_run_0708,Archetype_1,0,0.5029138267433828,0.9392371701188144,0.7722427506090283,0.0027602163163351,0,1,0,3,0.3333333333333333,7.646521843235478,7.231058342555429,3.31458691916786,41.69964252763987,671.0160759439195,0.4157057803155249,70.94792328052574,46.67117715729472,250.4862261361136,0.7327865198402268,1432.9,809.5,407.3,2
parallel_run_0709,Archetype_1,2,1.0,0.8920090699432729,0.4349159155574469,0.2069750785278112,0,1,0,3,0.0,13.36289726948865,19.43255606974088,2.149756002614726,98.31009612961368,830.6769291617317,0.3440972357975186,24.40106928622523,21.65487938516236,225.1829757871136,1.25645844295112,1432.9,809.5,407.3,2
parallel_run_0710,Archetype_1,0,0.4617727391660681,0.9520142390210476,0.7571470999217769,0.0596779303487318,0,1,0,3,0.3333333333333333,8.364797989299861,9.192250646467237,3.860538328046275,34.3813015352484,788.3970389732821,0.4717590306136611,144.6892794848065,41.70303632080136,285.1192728451363,0.9914750935718764,1432.9,809.5,407.3,0
parallel_run_0711,Archetype_1,0,0.5013240539005446,0.9706979924914696,0.7010679552355499,0.0321815736172195,0,1,0,3,0.3333333333333333,14.90080910970151,16.57440810558032,2.987874773593921,45.48329767203269,1579.101973947642,0.0323452792956046,124.7691560752347,13.25130095356169,131.0360691937709,1.160280557751469,1432.9,809.5,407.3,0
parallel_run_0712,Archetype_1,2,1.0,0.8563362366879443,0.0,0.010579874648533,0,1,0,3,0.3333333333333333,6.738724478605125,10.74467739481464,4.059979339446745,91.01635205906643,546.9101382223519,0.1271291449095846,29.64904233951978,50.75070528467045,175.7269183945674,1.085475702971351,1432.9,809.5,407.3,2
parallel_run_0713,Archetype_1,2,1.0,0.887774843359095,0.0,0.2813864952772577,0,1,0,3,0.0,12.29475505195811,16.20117521024517,2.57668959775238,86.126770574267,694.6303209657378,0.3562216088726904,35.8027220756866,64.20784236580666,271.3979072062631,0.7973279454902197,1432.9,809.5,407.3,2
parallel_run_0714,Archetype_1,1,0.8095268293068361,0.9284147200910624,0.7967287725622842,0.2476668985279268,0,0,0,2,0.0,5.41478544277491,13.9696886981829,3.800167267124271,93.40190108464566,1614.000840022941,0.2479437183689544,197.1143613561278,32.13386871974967,137.2906070612262,1.198479495410149,1432.9,809.5,407.3,1
parallel_run_0715,Archetype_1,0,0.074801478432813,0.9889906696843848,0.8333333333340265,0.075749684780049,0,1,0,3,0.0,7.325244866915437,6.133456484961489,2.849506395765022,36.13139533184066,1846.939556478707,0.1045903725178832,104.708041937107,141.4654323491187,103.7582240168401,0.5719642415394346,1432.9,809.5,407.3,0
parallel_run_0716,Archetype_1,2,1.0,0.9197401811031688,0.8333333333332308,0.0,0,1,0,3,0.3333333333333333,10.09356256031139,11.29063222601615,4.76846366035301,76.79579046522252,1053.739944648393,0.2204308342752106,41.70644304050847,45.01347485513899,281.050931209811,1.263414311242694,1432.9,809.5,407.3,2
parallel_run_0717,Archetype_1,1,0.7610908395946403,0.950977417611886,0.8333333333333334,0.0457216369841579,0,0,0,2,0.0,6.186101812756469,15.06385238110333,2.884344918055505,31.24493007510238,986.5491512115816,0.0557544202849528,84.24127174220122,94.4970799647684,145.9465456157096,1.018398256176594,1432.9,809.5,407.3,1
parallel_run_0719,Archetype_1,1,0.6095600311154892,0.9257899435327404,0.8333333333333481,0.092536335091446,0,0,0,2,0.0,5.875103409596851,7.908293010058282,2.390464514085502,54.80879767084504,951.9658153072828,0.3730351891050821,88.41266743681159,98.35668950325385,201.4163575543587,0.6395764243792184,1432.9,809.5,407.3,1
parallel_run_0720,Archetype_1,0,0.2683738830403843,0.960620736206116,0.3177834647616276,0.0252630175410538,0,1,0,3,0.3333333333333333,9.89273547819015,5.915838497469448,4.894747269895554,35.37340681692577,1159.023486619083,0.501565989511877,72.72853972209614,37.63505720582668,179.0711115343357,0.7616663464940141,1432.9,809.5,407.3,0
parallel_run_0721,Archetype_1,0,0.4260598384099874,0.9755488867013338,0.7577867339186777,0.0,0,1,0,3,0.3333333333333333,14.08524419392078,16.31334378769262,2.308954015500626,40.52170066997526,1429.94499687827,0.4596363285181422,47.00410072502583,15.67060968778293,242.31607024993,1.191021807579522,1432.9,809.5,407.3,0
parallel_run_0722,Archetype_1,0,0.2304201136271501,0.9604938476766062,0.2422742268110588,0.225913315381947,0,1,1,5,0.0,12.41392231723704,6.505360896541484,2.371739473104665,32.39759536864331,816.6382880545631,0.5170204646406725,23.22847379435524,49.02752712084806,184.9716219995724,1.138692518506339,1432.9,809.5,407.3,0
parallel_run_0723,Archetype_1,1,0.1727584866609829,0.9850002561795131,0.8333333333333334,0.3757547297932552,0,0,0,2,0.0,11.20531214550689,17.28918987462175,2.41534597807669,62.25120319523698,1520.929737606235,0.5566745144953847,74.0786242796822,117.154618835779,125.2618930845108,1.040699628833873,1432.9,809.5,407.3,1
parallel_run_0724,Archetype_1,0,0.2739971602603574,0.9786070244265054,0.8333333333333334,0.017502269463333,0,1,0,3,0.3333333333333333,14.76040816329797,11.89711135068584,3.420702396064348,30.231907913922,1810.531238432742,0.1512092640839279,103.1976415956362,60.53852960346411,259.9151824744392,0.8372539290562797,1432.9,809.5,407.3,0
parallel_run_0725,Archetype_1,1,0.3432048761434962,0.9794776159067258,0.8910553958511748,0.0112906139415368,0,0,0,2,0.0,7.125713809407731,15.76402470243221,2.203821019158463,30.66474775106086,1916.270048437812,0.5283635710427317,61.25580077898183,29.96136795184568,159.1614013752083,1.233712473598319,1432.9,809.5,407.3,1
parallel_run_0726,Archetype_1,2,1.0,0.9370412771165088,0.9090909090909092,0.1388063234324378,0,1,0,3,0.3333333333333333,8.679848728865139,17.93322578398463,2.012220077079774,83.75880309023228,1452.198189273966,0.1702477055167378,188.3270361277955,136.3991131874458,182.3163284478816,0.9737019697352638,1432.9,809.5,407.3,2
parallel_run_0727,Archetype_1,0,0.4778309579912659,0.9563330122331298,0.8333333333333334,0.0113934695299781,0,1,0,3,0.3333333333333333,10.55930465773863,9.95253445312245,2.521216447715092,45.35968846878346,1103.764527095477,0.4796032918726125,40.24829434892813,79.6642707844849,235.4042582741113,1.120275647130058,1432.9,809.5,407.3,0
parallel_run_0728,Archetype_1,1,0.0249157166864881,0.9960574325871436,0.8333333333333334,0.0,0,0,0,2,0.0,8.584062378535368,5.204947737148349,3.396878123134748,49.03717145112236,1633.945583329502,0.3831221102711273,55.84174480106363,55.43941616510568,267.3891249190509,1.103848703587101,1432.9,809.5,407.3,1
parallel_run_0729,Archetype_1,2,1.0,0.9283733504448192,0.6848614249988929,0.0023644028398052,0,1,0,3,0.3333333333333333,11.48324720641784,13.54496100580118,2.943629403674687,73.69619351630662,959.6890243777384,0.1556452540222857,26.07329355182583,17.9346609870809,270.2527552749784,1.24797609559057,1432.9,809.5,407.3,2
parallel_run_0730,Archetype_1,1,0.1239882679840713,0.987505125247674,0.898669408487401,0.5316146406853016,0,0,0,2,0.0,8.239417824778362,19.86594006810631,2.185631748368638,84.78697422249212,1014.516711027553,0.5729610607824123,94.5537552962944,103.539963389083,112.696063975848,0.8568714170808833,1432.9,809.5,407.3,1
parallel_run_0731,Archetype_1,1,0.6222711475644905,0.9585336573923272,0.8333333333333334,0.0524731271062265,0,0,0,2,0.0,10.74739923464404,14.72531853706425,2.344142683785495,39.79251941170135,1382.725160889254,0.1302190494638491,44.96744153575168,45.57905328193963,117.6699208576838,0.5147064197244176,1432.9,809.5,407.3,1
parallel_run_0733,Archetype_1,0,0.6275656137903642,0.951765293392114,0.8333333333333334,0.2875168039457211,0,1,0,3,0.3333333333333333,12.62912539162891,17.1844658696355,2.641849634690004,42.22256724024653,904.387351538265,0.3237095872395198,68.36904203871276,108.7516199458351,169.4200698119767,0.6476733781840518,1432.9,809.5,407.3,0
parallel_run_0734,Archetype_1,2,1.0,0.9176008098341992,0.8333333333333334,0.054773252784217,0,1,0,3,0.0,6.522201326382715,12.39939167303931,3.618708160073463,47.13963660315678,739.0878598442532,0.2748268178242084,80.41869864667342,47.40439371988354,195.7889275941752,0.5500432829432993,1432.9,809.5,407.3,2
parallel_run_0735,Archetype_1,2,1.0,0.9118386893186544,0.8333333333333334,0.0336603656263216,0,1,0,3,0.3333333333333333,9.384437367855847,18.12707624626986,2.907152582017375,82.60031647176109,883.1361687269793,0.196669248894807,66.74094420558276,73.27740104246614,210.9777341720553,1.294178414837762,1432.9,809.5,407.3,2
parallel_run_0736,Archetype_1,1,0.4045079970414323,0.9566766016956468,0.8868833937684716,0.5370271156696871,0,0,0,2,0.0,14.37657933613404,18.84410004062273,2.669185145620158,35.03786974557758,1927.503758948734,0.53662187709572,185.9380919407641,28.71237259798763,240.7907661092698,1.211179443278551,1432.9,809.5,407.3,1
parallel_run_0737,Archetype_1,0,0.4625556680880161,0.9732464737189248,0.8333333333333334,0.0195100395214406,0,1,0,3,0.3333333333333333,12.88294506062676,16.47370199557806,3.916427027915539,33.29873756204726,1553.403975838957,0.1037951584613293,35.14190572583635,68.48407504836385,165.2840596040335,1.272212627733274,1432.9,809.5,407.3,0
parallel_run_0738,Archetype_1,1,0.1995417568524071,0.9834476510743538,0.8714448662011237,0.4345188651360045,0,0,0,2,0.0,13.71417304507693,19.94297232922278,3.190463394584546,39.35568050526847,1306.802190395147,0.4398896859558368,173.4756545582791,57.55417542909995,217.6461551705664,0.6040099969531483,1432.9,809.5,407.3,1
parallel_run_0739,Archetype_1,2,0.765823429569003,0.9031828609440936,0.2595281862660323,0.2464160368811391,0,1,1,5,0.0,10.0542437922061,9.52808842232428,2.7551726834745,63.83059444783521,602.6095239046633,0.5655852937121579,52.9250694322663,12.91258574592992,212.3338287792068,0.8863857524748795,1432.9,809.5,407.3,2
parallel_run_0740,Archetype_1,1,0.315818860025288,0.9811752027485994,0.8705531192495061,0.092217524110313,0,0,0,2,0.0,8.902950966584617,17.34337950080082,3.071726683251704,72.97629984854609,1254.634228844618,0.0922887709307529,134.989883752535,20.33996544789689,133.8281740992772,0.6978638514594209,1432.9,809.5,407.3,1
parallel_run_0741,Archetype_1,0,0.3636276823400147,0.9326764607226714,0.8333333333333334,0.20069818721821,0,1,0,3,0.3333333333333333,5.219692016072181,5.614852538476582,3.507907836572578,37.36349927885944,613.7680335920102,0.2904762209302906,148.1467328115624,131.7779486933157,207.8141490530652,1.146935950080092,1432.9,809.5,407.3,0
parallel_run_0742,Archetype_1,1,0.0003125476614383,0.999950774321738,0.737326506238119,2.7768760806307137e-05,0,0,0,2,0.0,11.93340271693271,5.317576274973425,3.28343831907141,71.54504448894762,1838.989919269122,0.4945103601576556,50.50487388868805,23.73720438973167,225.8680659378676,1.111263875962919,1432.9,809.5,407.3,1
parallel_run_0743,Archetype_1,2,1.0,0.928097109675214,0.0,0.0598726653959292,0,1,0,3,0.3333333333333333,7.847009180844555,15.10246331425202,2.220849460660624,49.56921416774286,674.7929181340594,0.181477849380431,32.85601950306146,137.9877963370772,282.6442521246439,1.072413780762075,1432.9,809.5,407.3,2
parallel_run_0744,Archetype_1,2,1.0,0.8481947669050628,0.6266618410098213,0.0026094670153436,0,0,0,2,0.0,5.307304167754404,8.062741299807017,2.856484395403244,90.46559420208708,591.9263990795743,0.5853009355147591,97.7904136753744,36.39089163854832,254.8378904988671,0.9033851808539108,1432.9,809.5,407.3,1
parallel_run_0745,Archetype_1,2,1.0,0.952114251189389,0.8333333333333334,0.0,0,1,0,1,1.0,8.088620780419058,19.64969158227921,2.445246324409711,38.13315627139157,846.5530044686006,0.2872874174759508,41.0140129305388,66.19506893135303,296.218590405105,0.6626148413292461,1432.9,809.5,407.3,1
parallel_run_0746,Archetype_1,1,0.5707894659157546,0.9496648252013612,0.9038142686795988,0.3912499966289078,0,0,0,2,0.0,7.737878589250059,17.65262552890793,2.04343847591413,60.65256661819086,794.1535603498564,0.3905802979433853,158.1284539410613,28.1308721236521,148.7173157451602,1.000044063032848,1432.9,809.5,407.3,1
parallel_run_0747,Archetype_1,2,0.6614998595791016,0.9326466547466072,0.8329007454619403,0.4926356835204026,0,1,0,3,0.3333333333333333,13.0646439961812,18.24589508543017,2.716732587027388,46.65131170230379,725.1054169218328,0.5115983993063354,64.21434402267955,101.3397416534369,115.4601576016992,0.561267319729339,1432.9,809.5,407.3,2
parallel_run_0748,Archetype_1,0,0.6447608398318643,0.9637372157264982,0.8333333333331678,0.0090182598476926,0,1,0,3,0.3333333333333333,14.55899147105204,16.92400224464144,4.505870455669541,48.66008960426488,1880.428773878496,0.1898057560671069,25.33689484018815,53.21861456331589,186.1609652237962,0.6245236166119492,1432.9,809.5,407.3,0
parallel_run_0749,Archetype_1,2,0.8944495230954291,0.9307283202341282,0.7608399612014634,0.097008652732896,0,1,0,3,0.3333333333333333,6.902588311173137,13.28544430155988,2.608092824810263,48.10349831449953,712.0868495925945,0.5809073215674864,59.06523453291005,146.7428585041353,298.5472537308848,1.224555548142108,1432.9,809.5,407.3,2
parallel_run_0751,Archetype_2,0,0.0001700304974592,0.9999915264963416,0.8247425422892971,0.0002114352797102,0,1,0,3,0.0,5.645937846490421,19.08999399027946,4.574685372982158,59.43535530068567,740.044618160573,0.4465748804743228,76.02908933133577,44.09919367093785,262.8462682705834,0.782484278393255,1385.5,176.2,138.39999999999998,0
parallel_run_0752,Archetype_2,0,0.1175873622460785,0.9919238181753716,0.5510233950591598,0.1174948901206781,0,1,0,3,0.3333333333333333,13.49964268135165,15.33095577911059,4.464674582116157,42.94616278436651,1185.794953774338,0.117649937817252,137.4023502352264,22.49168264409253,128.2191212271367,0.5911665438533666,1385.5,176.2,138.39999999999998,0
parallel_run_0753,Archetype_2,1,0.0008482983871446,0.9999465598375464,0.8333333333333334,0.2218990370164025,0,0,0,2,0.0,6.405292284318544,19.53555145216947,3.764585606427318,64.73890400335439,850.6267050193985,0.2646507902451352,37.50790122422556,110.5320184729022,100.9223548185412,1.28665717130124,1385.5,176.2,138.39999999999998,1
parallel_run_0754,Archetype_2,1,0.349848202219452,0.9737459348735782,0.0,0.1817974331017321,0,0,0,2,0.0,5.078233488755179,15.36811055664406,4.023785290991664,68.86856051780249,1676.075248578451,0.2246787017126815,129.5689761803989,24.65199699594505,232.3224413807133,0.6774859235206085,1385.5,176.2,138.39999999999998,1
parallel_run_0755,Archetype_2,2,0.8330089366821815,0.9106288123418712,0.8333333333333334,0.0324865349869582,0,1,0,3,0.3333333333333333,9.795367374301884,8.46566765326878,4.968477490368761,93.10632240494294,1005.748088406246,0.0638931166280094,56.87494984404746,127.412906728483,150.7886454235,1.149819164967017,1385.5,176.2,138.39999999999998,2
parallel_run_0756,Archetype_2,0,0.1332629640047434,0.988994238353136,0.8387274317515884,0.1503713981531105,0,1,0,3,0.3333333333333333,13.21427123302489,12.99077849367701,2.804621181868556,57.60856169568081,1509.042894252557,0.202994166366049,91.80831738898752,122.5526135883852,139.657431483073,1.128863155150354,1385.5,176.2,138.39999999999998,0
parallel_run_0758,Archetype_2,1,0.2596861403667951,0.971919208745257,0.0,0.0495935790588129,0,0,0,2,0.0,6.639503134093878,8.702036358183824,2.460006477284389,50.84918084009174,1224.275709388201,0.14250239653806,114.0559579566393,16.49310952489565,222.5836742807619,1.025953997214746,1385.5,176.2,138.39999999999998,1
parallel_run_0760,Archetype_2,1,1.7793659829862866e-06,0.9999998429447332,0.8247615143651778,0.3944257553146896,0,0,0,2,0.0,13.53541818756549,17.50384951367896,4.718111782544003,32.06607470803334,1682.919135964777,0.407888008510583,62.79308556464255,40.8608152984074,108.3468966403483,0.7505038651828599,1385.5,176.2,138.39999999999998,1
parallel_run_0761,Archetype_2,1,0.1335988458649404,0.9869746163464688,0.802292052916616,0.3407855283593027,0,0,0,2,0.0,9.589786864094185,14.52009542132607,2.25760526337914,95.46321746956043,1743.776803747743,0.3420270254820715,154.4883468009115,38.07535167163682,155.3553685224774,0.5347162870897352,1385.5,176.2,138.39999999999998,1
parallel_run_0763,Archetype_2,0,4.086012319479888e-13,0.9999999999999726,0.8333333333333511,0.1244918654155743,0,1,0,3,0.3333333333333333,11.5724650899624,15.71417657225041,2.505463074151018,37.82135289309134,1732.171085268251,0.2966680057335894,87.89904124731528,124.3179479506931,188.0589961374106,0.6121933944560484,1385.5,176.2,138.39999999999998,0
parallel_run_0764,Archetype_2,0,0.4967349216174199,0.970541941215184,0.0,0.0615577248393949,0,1,0,3,0.0,7.401877309695345,16.72060108361629,4.239354502223774,78.9004950381646,763.9731909619118,0.0862171753274194,168.5882939237162,10.48455250370037,274.1962939177321,0.9381802418748396,1385.5,176.2,138.39999999999998,0
parallel_run_0765,Archetype_2,1,0.0,1.0,0.5636238031448565,0.0003887668339661,0,0,0,2,0.0,6.226512320545174,10.57007202633626,4.816232216133942,78.55254926123328,1473.572870709382,0.3084672339978864,39.11190515019379,26.58517665913403,167.9697151744124,0.8989728030906465,1385.5,176.2,138.39999999999998,1
parallel_run_0766,Archetype_2,1,0.1428490616901477,0.9869937926512856,0.8333333333333334,0.2126870199085478,0,0,0,2,0.0,8.028178927033153,12.69358091967134,3.112625106465832,36.62334427994244,1295.694779439287,0.2513937760739758,117.9684651723182,90.13045861303728,158.0544197808208,0.9195426682975842,1385.5,176.2,138.39999999999998,1
parallel_run_0767,Archetype_2,1,0.185413195076295,0.9767269439774158,0.6306286901704274,0.0232721576287417,0,0,0,2,0.0,5.772023405404161,7.116169331792253,2.064522668331408,56.51085137099933,1786.195480402135,0.0232508350807578,161.0329775531958,25.14851249315225,197.822121004284,0.7197444930411876,1385.5,176.2,138.39999999999998,1
parallel_run_0768,Archetype_2,0,0.010499119980575,0.999404973855225,0.8896244544121822,0.0416514466253258,0,1,0,3,0.3333333333333333,9.480794663304136,17.03804542014852,4.639878986106728,99.35855694037711,1250.245306083507,0.4168895798584492,43.35096290748591,149.1588574610129,277.1890738836713,1.083347637799514,1385.5,176.2,138.39999999999998,0
parallel_run_0769,Archetype_2,2,1.0,0.906080930652148,0.8333333333333334,0.2735438212272759,0,1,0,3,0.3333333333333333,12.59017345046845,19.02253176729523,3.9523185428614,96.0626212890334,921.343979285896,0.3159410008343269,143.9201303011419,83.56764829664709,247.3963377767511,1.184696545793093,1385.5,176.2,138.39999999999998,2
parallel_run_0770,Archetype_2,2,0.7184825085825204,0.945570585721374,0.0,0.3275510744221345,0,1,0,3,0.3333333333333333,13.88681027006693,18.61075821619153,4.347085125891433,43.42201779666991,778.7163195623369,0.5440908291581393,33.79114171279144,30.41474642500482,289.3256653337539,0.7671046222699125,1385.5,176.2,138.39999999999998,2
parallel_run_0771,Archetype_2,1,0.1744407789208984,0.9490286434144964,0.0,0.5572648725678956,0,0,0,2,0.0,10.32199462340584,6.699275404416465,2.08038382636346,44.79361792876074,979.8557987975116,0.595749285135953,177.31500644115,11.06955829270862,290.4698168059626,1.067301995703033,1385.5,176.2,138.39999999999998,1
parallel_run_0772,Archetype_2,0,0.032966820017146,0.9966670043970316,0.8333333333333334,0.3231245515529619,0,1,0,3,0.3333333333333333,10.44667181037197,13.25070225132207,4.259523874160369,88.11039822390016,1086.489408610497,0.3604504262054547,93.26680170863348,86.31118950437782,141.2036987315458,0.8099763525700954,1385.5,176.2,138.39999999999998,0
parallel_run_0773,Archetype_2,1,0.0,1.0,0.8333333333333334,0.3291444205324106,0,0,0,2,0.0,7.193260089885094,11.65964368980142,4.36245347424116,67.47086947928852,860.866485459772,0.3929505433301446,47.88817474253383,105.9284432028051,105.7696635231778,0.7077017593878874,1385.5,176.2,138.39999999999998,1
parallel_run_0774,Archetype_2,0,7.593745565036419e-09,0.9999999995581242,0.0,0.0,0,1,0,3,0.3333333333333333,10.87938801553206,16.037856129965,2.961086101395173,69.6604654795751,1130.70880630468,0.3289402099742169,45.2910359937304,14.91317533979289,294.1194921299998,1.165324106539424,1385.5,176.2,138.39999999999998,0
parallel_run_0775,Archetype_2,0,0.2657484710250247,0.9825394109649248,0.9090909090909092,0.2557790281388414,0,1,0,3,0.3333333333333333,11.04944243362644,19.24071518137925,3.605624564480587,53.85239415205597,1355.675352940887,0.2611936824169285,192.5155188876426,93.4514385332439,163.183152602084,0.9537850554699546,1385.5,176.2,138.39999999999998,0
parallel_run_0776,Archetype_2,0,0.3375694419700691,0.9588050945652244,0.8333333333333334,0.5175434999019779,0,1,0,3,0.0,9.08917883368848,15.93141516714483,2.552097542916801,87.05159164902761,516.4075892774002,0.5259683590341234,164.5121833558311,80.95119800030251,191.2553856341034,1.094491785369062,1385.5,176.2,138.39999999999998,0
parallel_run_0777,Archetype_2,1,0.0,1.0,0.8333333333333334,0.3316243044144664,0,0,0,2,0.0,6.022122980882333,10.18624643812967,4.118622604217991,44.05635878211464,657.7419002366751,0.4846669501207773,27.38228323221475,120.2686065600439,118.8863494549756,1.050243965660369,1385.5,176.2,138.39999999999998,1
parallel_run_0778,Archetype_2,0,0.1062450637683035,0.9945633492285748,0.8333333333333888,0.0288794727560934,0,1,0,3,0.3333333333333333,12.81217303836103,18.79926099501478,3.671884488568053,46.3834911494316,1976.5423669876,0.4556973803877963,98.27765434529884,77.3225987347966,261.8146648055326,0.8637011623017257,1385.5,176.2,138.39999999999998,0
parallel_run_0779,Archetype_2,2,1.0,0.926848574770632,0.0,0.0268611434706595,0,1,0,3,0.3333333333333333,11.30329623906534,14.11358006738063,2.119776423336449,80.39616228749757,927.2926047619708,0.0269989646361896,110.5634989792129,18.96908617913164,123.0786965714163,1.005760777712649,1385.5,176.2,138.39999999999998,2
parallel_run_0780,Archetype_2,1,0.0,1.0,0.7296928992686373,0.0028202120396816,0,0,0,2,0.0,9.208165790113028,15.46907671514874,4.545251827774964,38.83541580815834,1956.9090829731,0.1622856966902549,21.41825610127897,34.46180060490662,143.3953587386619,1.21370144627473,1385.5,176.2,138.39999999999998,1
parallel_run_0782,Archetype_2,0,0.0009631011293533,0.9999494517660732,0.7827636091521917,0.0175294531397713,0,1,0,3,0.3333333333333333,11.79622827938521,18.29050969456285,4.169805421292692,52.8848948871502,1412.193873679556,0.4257887667081556,79.79357681981203,42.21866859739012,215.0694877114157,0.8330072175424368,1385.5,176.2,138.39999999999998,0
parallel_run_0783,Archetype_2,2,0.5051586855967973,0.9393305552729488,0.0,0.0026217895407288,0,1,0,3,0.3333333333333333,7.646521843235478,7.231058342555429,3.31458691916786,41.69964252763987,671.0160759439195,0.4157057803155249,70.94792328052574,46.67117715729472,250.4862261361136,0.7327865198402268,1385.5,176.2,138.39999999999998,2
parallel_run_0784,Archetype_2,3,1.0,0.8933295240641504,0.0,0.2060628371853077,1,0,1,3,0.3333333333333333,13.36289726948865,19.43255606974088,2.149756002614726,98.31009612961368,830.6769291617317,0.3440972357975186,24.40106928622523,21.65487938516236,225.1829757871136,1.25645844295112,1385.5,176.2,138.39999999999998,3
parallel_run_0785,Archetype_2,0,0.2248522402011357,0.9771738981917252,0.0,0.0435934533673829,0,1,0,3,0.3333333333333333,8.364797989299861,9.192250646467237,3.860538328046275,34.3813015352484,788.3970389732821,0.4717590306136611,144.6892794848065,41.70303632080136,285.1192728451363,0.9914750935718764,1385.5,176.2,138.39999999999998,0
parallel_run_0786,Archetype_2,0,0.2616552988032786,0.9846102781929292,0.0,0.0323268832809559,0,1,0,3,0.3333333333333333,14.90080910970151,16.57440810558032,2.987874773593921,45.48329767203269,1579.101973947642,0.0323452792956046,124.7691560752347,13.25130095356169,131.0360691937709,1.160280557751469,1385.5,176.2,138.39999999999998,0
parallel_run_0787,Archetype_2,2,1.0,0.8668655668521553,0.6766519697760746,0.013031558035902,0,1,0,3,0.3333333333333333,6.738724478605125,10.74467739481464,4.059979339446745,91.01635205906643,546.9101382223519,0.1271291449095846,29.64904233951978,50.75070528467045,175.7269183945674,1.085475702971351,1385.5,176.2,138.39999999999998,2
parallel_run_0788,Archetype_2,2,1.0,0.8879127464408292,0.0,0.2806024076153662,0,1,0,3,0.3333333333333333,12.29475505195811,16.20117521024517,2.57668959775238,86.126770574267,694.6303209657378,0.3562216088726904,35.8027220756866,64.20784236580666,271.3979072062631,0.7973279454902197,1385.5,176.2,138.39999999999998,2
parallel_run_0789,Archetype_2,1,0.6918023361988735,0.939261275983738,0.4691240068352676,0.2478281904521078,0,0,0,2,0.0,5.41478544277491,13.9696886981829,3.800167267124271,93.40190108464566,1614.000840022941,0.2479437183689544,197.1143613561278,32.13386871974967,137.2906070612262,1.198479495410149,1385.5,176.2,138.39999999999998,1
parallel_run_0790,Archetype_2,3,2.8033364214623343e-05,0.999995897362134,0.9090909090909092,0.0771435556010017,1,0,1,3,0.3333333333333333,7.325244866915437,6.133456484961489,2.849506395765022,36.13139533184066,1846.939556478707,0.1045903725178832,104.708041937107,141.4654323491187,103.7582240168401,0.5719642415394346,1385.5,176.2,138.39999999999998,3
parallel_run_0791,Archetype_2,0,0.0,1.0,0.8333333333332956,1.6720983290496287e-16,0,1,0,3,0.3333333333333333,10.09356256031139,11.29063222601615,4.76846366035301,76.79579046522252,1053.739944648393,0.2204308342752106,41.70644304050847,45.01347485513899,281.050931209811,1.263414311242694,1385.5,176.2,138.39999999999998,0
parallel_run_0792,Archetype_2,0,0.2094678687549304,0.986532388097788,0.8333333333333334,0.0440588321485991,0,1,0,3,0.0,6.186101812756469,15.06385238110333,2.884344918055505,31.24493007510238,986.5491512115816,0.0557544202849528,84.24127174220122,94.4970799647684,145.9465456157096,1.018398256176594,1385.5,176.2,138.39999999999998,0
parallel_run_0794,Archetype_2,1,0.0003337352472578,0.9999602031921978,0.8333333333333304,0.0741197820136418,0,0,0,2,0.0,5.875103409596851,7.908293010058282,2.390464514085502,54.80879767084504,951.9658153072828,0.3730351891050821,88.41266743681159,98.35668950325385,201.4163575543587,0.6395764243792184,1385.5,176.2,138.39999999999998,1
parallel_run_0795,Archetype_2,1,0.0001459083949598,0.9999769694569126,0.8160235685502738,0.0863570794978959,0,0,0,2,0.0,9.89273547819015,5.915838497469448,4.894747269895554,35.37340681692577,1159.023486619083,0.501565989511877,72.72853972209614,37.63505720582668,179.0711115343357,0.7616663464940141,1385.5,176.2,138.39999999999998,1
parallel_run_0796,Archetype_2,0,3.924113596956253e-08,0.99999999776879,0.0,0.0,0,1,0,3,0.3333333333333333,14.08524419392078,16.31334378769262,2.308954015500626,40.52170066997526,1429.94499687827,0.4596363285181422,47.00410072502583,15.67060968778293,242.31607024993,1.191021807579522,1385.5,176.2,138.39999999999998,0
parallel_run_0797,Archetype_2,1,0.2248363039117652,0.961304307287188,0.476599212069002,0.2277923757473562,0,0,1,3,0.0,12.41392231723704,6.505360896541484,2.371739473104665,32.39759536864331,816.6382880545631,0.5170204646406725,23.22847379435524,49.02752712084806,184.9716219995724,1.138692518506339,1385.5,176.2,138.39999999999998,0
parallel_run_0798,Archetype_2,1,0.1051530989182187,0.9913693024292616,0.8333333333332718,0.336029238053149,0,0,1,3,0.0,11.20531214550689,17.28918987462175,2.41534597807669,62.25120319523698,1520.929737606235,0.5566745144953847,74.0786242796822,117.154618835779,125.2618930845108,1.040699628833873,1385.5,176.2,138.39999999999998,0
parallel_run_0799,Archetype_2,0,0.0666365008898936,0.9948127737607988,0.8333333333333334,0.0146424779783518,0,1,0,3,0.3333333333333333,14.76040816329797,11.89711135068584,3.420702396064348,30.231907913922,1810.531238432742,0.1512092640839279,103.1976415956362,60.53852960346411,259.9151824744392,0.8372539290562797,1385.5,176.2,138.39999999999998,0
parallel_run_0800,Archetype_2,1,0.0006087164623788,0.999962862644366,0.6699900552605225,0.0250629699061094,0,0,0,2,0.5,7.125713809407731,15.76402470243221,2.203821019158463,30.66474775106086,1916.270048437812,0.5283635710427317,61.25580077898183,29.96136795184568,159.1614013752083,1.233712473598319,1385.5,176.2,138.39999999999998,1
parallel_run_0801,Archetype_2,0,0.2480483469741756,0.9851964450362558,0.9090909090909092,0.1403789713810548,0,1,0,3,0.3333333333333333,8.679848728865139,17.93322578398463,2.012220077079774,83.75880309023228,1452.198189273966,0.1702477055167378,188.3270361277955,136.3991131874458,182.3163284478816,0.9737019697352638,1385.5,176.2,138.39999999999998,0
parallel_run_0802,Archetype_2,0,0.138628164987009,0.9872349387705504,0.8333333333333334,0.018601969378104,0,1,0,3,0.3333333333333333,10.55930465773863,9.95253445312245,2.521216447715092,45.35968846878346,1103.764527095477,0.4796032918726125,40.24829434892813,79.6642707844849,235.4042582741113,1.120275647130058,1385.5,176.2,138.39999999999998,0
parallel_run_0803,Archetype_2,1,2.1927205402816824e-05,0.9999965403112844,0.8333333333333334,0.0003565702931885,0,0,0,2,0.0,8.584062378535368,5.204947737148349,3.396878123134748,49.03717145112236,1633.945583329502,0.3831221102711273,55.84174480106363,55.43941616510568,267.3891249190509,1.103848703587101,1385.5,176.2,138.39999999999998,1
parallel_run_0804,Archetype_2,2,1.0,0.930006566679389,0.5875701849537139,0.0029844187246127,0,1,0,3,0.3333333333333333,11.48324720641784,13.54496100580118,2.943629403674687,73.69619351630662,959.6890243777384,0.1556452540222857,26.07329355182583,17.9346609870809,270.2527552749784,1.24797609559057,1385.5,176.2,138.39999999999998,2
parallel_run_0805,Archetype_2,1,0.1537653557569134,0.9842537508347724,0.8333333333333334,0.53181982421397,0,0,0,2,0.0,8.239417824778362,19.86594006810631,2.185631748368638,84.78697422249212,1014.516711027553,0.5729610607824123,94.5537552962944,103.539963389083,112.696063975848,0.8568714170808833,1385.5,176.2,138.39999999999998,1
parallel_run_0806,Archetype_2,1,0.0,1.0,0.8333333333333334,0.0599462244273003,0,0,0,2,0.0,10.74739923464404,14.72531853706425,2.344142683785495,39.79251941170135,1382.725160889254,0.1302190494638491,44.96744153575168,45.57905328193963,117.6699208576838,0.5147064197244176,1385.5,176.2,138.39999999999998,1
parallel_run_0808,Archetype_2,0,0.6095821372326538,0.9531379562158276,0.8333333333333334,0.2878283054605254,0,1,0,3,0.3333333333333333,12.62912539162891,17.1844658696355,2.641849634690004,42.22256724024653,904.387351538265,0.3237095872395198,68.36904203871276,108.7516199458351,169.4200698119767,0.6476733781840518,1385.5,176.2,138.39999999999998,0
parallel_run_0809,Archetype_2,0,5.453526774728022e-06,0.9999995736412616,0.8333333333333334,0.0483395353369065,0,1,0,3,0.0,6.522201326382715,12.39939167303931,3.618708160073463,47.13963660315678,739.0878598442532,0.2748268178242084,80.41869864667342,47.40439371988354,195.7889275941752,0.5500432829432993,1385.5,176.2,138.39999999999998,0
parallel_run_0810,Archetype_2,2,1.0,0.931731970062018,0.8333333333334122,0.0298182975524587,0,1,0,2,0.5,9.384437367855847,18.12707624626986,2.907152582017375,82.60031647176109,883.1361687269793,0.196669248894807,66.74094420558276,73.27740104246614,210.9777341720553,1.294178414837762,1385.5,176.2,138.39999999999998,1
parallel_run_0811,Archetype_2,1,0.3482752503304496,0.9624405743759392,0.7820994103264672,0.5353923010423128,0,0,0,2,0.0,14.37657933613404,18.84410004062273,2.669185145620158,35.03786974557758,1927.503758948734,0.53662187709572,185.9380919407641,28.71237259798763,240.7907661092698,1.211179443278551,1385.5,176.2,138.39999999999998,1
parallel_run_0812,Archetype_2,3,5.950815640140045e-06,0.9999996544908166,0.8333333333333334,0.0224926882079874,1,1,1,6,1.0,12.88294506062676,16.47370199557806,3.916427027915539,33.29873756204726,1553.403975838957,0.1037951584613293,35.14190572583635,68.48407504836385,165.2840596040335,1.272212627733274,1385.5,176.2,138.39999999999998,3
parallel_run_0813,Archetype_2,1,0.1520933281217725,0.9871515659199812,0.8333333333333334,0.4361954485335839,0,0,0,2,0.0,13.71417304507693,19.94297232922278,3.190463394584546,39.35568050526847,1306.802190395147,0.4398896859558368,173.4756545582791,57.55417542909995,217.6461551705664,0.6040099969531483,1385.5,176.2,138.39999999999998,1
parallel_run_0814,Archetype_2,2,0.7654395262705862,0.9039542036843085,0.0,0.2477138685492085,0,1,0,3,0.0,10.0542437922061,9.52808842232428,2.7551726834745,63.83059444783521,602.6095239046633,0.5655852937121579,52.9250694322663,12.91258574592992,212.3338287792068,0.8863857524748795,1385.5,176.2,138.39999999999998,2
parallel_run_0815,Archetype_2,1,0.2291426757862113,0.9863736529802984,0.652025644736092,0.092081384868461,0,0,0,2,0.0,8.902950966584617,17.34337950080082,3.071726683251704,72.97629984854609,1254.634228844618,0.0922887709307529,134.989883752535,20.33996544789689,133.8281740992772,0.6978638514594209,1385.5,176.2,138.39999999999998,1
parallel_run_0816,Archetype_2,0,0.3605278763787988,0.9330177266433418,0.7178010610014319,0.200577696614228,0,1,0,3,0.3333333333333333,5.219692016072181,5.614852538476582,3.507907836572578,37.36349927885944,613.7680335920102,0.2904762209302906,148.1467328115624,131.7779486933157,207.8141490530652,1.146935950080092,1385.5,176.2,138.39999999999998,0
parallel_run_0817,Archetype_2,1,0.0,1.0,0.8102676010940357,0.0003706640311356,0,0,0,2,0.0,11.93340271693271,5.317576274973425,3.28343831907141,71.54504448894762,1838.989919269122,0.4945103601576556,50.50487388868805,23.73720438973167,225.8680659378676,1.111263875962919,1385.5,176.2,138.39999999999998,1
parallel_run_0818,Archetype_2,2,1.0,0.928370755357624,0.0,0.0588287986920948,0,1,0,3,0.3333333333333333,7.847009180844555,15.10246331425202,2.220849460660624,49.56921416774286,674.7929181340594,0.181477849380431,32.85601950306146,137.9877963370772,282.6442521246439,1.072413780762075,1385.5,176.2,138.39999999999998,2
parallel_run_0819,Archetype_2,0,0.2070706823683185,0.977250484553025,0.6688960072950696,0.0027031727960855,0,1,0,3,0.0,5.307304167754404,8.062741299807017,2.856484395403244,90.46559420208708,591.9263990795743,0.5853009355147591,97.7904136753744,36.39089163854832,254.8378904988671,0.9033851808539108,1385.5,176.2,138.39999999999998,0
parallel_run_0820,Archetype_2,0,0.6987422705229012,0.9666044688392018,0.8305888315080185,0.0,0,1,0,2,0.5,8.088620780419058,19.64969158227921,2.445246324409711,38.13315627139157,846.5530044686006,0.2872874174759508,41.0140129305388,66.19506893135303,296.218590405105,0.6626148413292461,1385.5,176.2,138.39999999999998,1
parallel_run_0821,Archetype_2,1,0.4742346662096907,0.958216589659098,0.6616688527668562,0.3903977225390607,0,0,0,2,0.0,7.737878589250059,17.65262552890793,2.04343847591413,60.65256661819086,794.1535603498564,0.3905802979433853,158.1284539410613,28.1308721236521,148.7173157451602,1.000044063032848,1385.5,176.2,138.39999999999998,1
parallel_run_0822,Archetype_2,2,0.6264786694100367,0.9359747076262984,0.7442684206103929,0.4916260712255098,0,1,0,3,0.3333333333333333,13.0646439961812,18.24589508543017,2.716732587027388,46.65131170230379,725.1054169218328,0.5115983993063354,64.21434402267955,101.3397416534369,115.4601576016992,0.561267319729339,1385.5,176.2,138.39999999999998,2
parallel_run_0823,Archetype_2,0,0.0,1.0,0.8333333333333334,0.0061463592085951,0,1,0,3,0.3333333333333333,14.55899147105204,16.92400224464144,4.505870455669541,48.66008960426488,1880.428773878496,0.1898057560671069,25.33689484018815,53.21861456331589,186.1609652237962,0.6245236166119492,1385.5,176.2,138.39999999999998,0
parallel_run_0824,Archetype_2,2,0.875856955777104,0.933755076214654,0.795393434152006,0.0784939192461154,0,1,0,3,0.3333333333333333,6.902588311173137,13.28544430155988,2.608092824810263,48.10349831449953,712.0868495925945,0.5809073215674864,59.06523453291005,146.7428585041353,298.5472537308848,1.224555548142108,1385.5,176.2,138.39999999999998,2
parallel_run_0826,Archetype_2,0,0.000274506239663,0.9999864395117632,0.768094019533777,0.0,0,1,0,3,0.0,5.645937846490421,19.08999399027946,4.574685372982158,59.43535530068567,740.044618160573,0.4465748804743228,76.02908933133577,44.09919367093785,262.8462682705834,0.782484278393255,438.7,398.1,205.9,0
parallel_run_0827,Archetype_2,0,0.1278089745428581,0.9912005808279952,0.265120858304608,0.1177448339010278,0,1,0,3,0.3333333333333333,13.49964268135165,15.33095577911059,4.464674582116157,42.94616278436651,1185.794953774338,0.117649937817252,137.4023502352264,22.49168264409253,128.2191212271367,0.5911665438533666,438.7,398.1,205.9,0
parallel_run_0828,Archetype_2,0,0.0009243143152319,0.9999426260487478,0.8333333333333467,0.223680633778391,0,1,0,3,0.0,6.405292284318544,19.53555145216947,3.764585606427318,64.73890400335439,850.6267050193985,0.2646507902451352,37.50790122422556,110.5320184729022,100.9223548185412,1.28665717130124,438.7,398.1,205.9,0
parallel_run_0829,Archetype_2,1,0.4091896832675712,0.9696771328219655,0.0,0.1837856611967725,0,0,0,2,0.0,5.078233488755179,15.36811055664406,4.023785290991664,68.86856051780249,1676.075248578451,0.2246787017126815,129.5689761803989,24.65199699594505,232.3224413807133,0.6774859235206085,438.7,398.1,205.9,1
parallel_run_0830,Archetype_2,2,0.8168746093938271,0.911757644819716,0.8521621613070155,0.0360544739104894,0,1,0,3,0.3333333333333333,9.795367374301884,8.46566765326878,4.968477490368761,93.10632240494294,1005.748088406246,0.0638931166280094,56.87494984404746,127.412906728483,150.7886454235,1.149819164967017,438.7,398.1,205.9,2
parallel_run_0831,Archetype_2,0,0.4570177025147482,0.9628447945418176,0.909090909090904,0.1428585778970643,0,1,0,3,0.3333333333333333,13.21427123302489,12.99077849367701,2.804621181868556,57.60856169568081,1509.042894252557,0.202994166366049,91.80831738898752,122.5526135883852,139.657431483073,1.128863155150354,438.7,398.1,205.9,0
parallel_run_0833,Archetype_2,1,0.298913003825535,0.9676724011417148,0.0,0.048846499257299,0,0,0,2,0.0,6.639503134093878,8.702036358183824,2.460006477284389,50.84918084009174,1224.275709388201,0.14250239653806,114.0559579566393,16.49310952489565,222.5836742807619,1.025953997214746,438.7,398.1,205.9,1
parallel_run_0835,Archetype_2,1,4.791502292999988e-07,0.9999999574787932,0.8333333333333334,0.3967406001239574,0,0,0,2,0.0,13.53541818756549,17.50384951367896,4.718111782544003,32.06607470803334,1682.919135964777,0.407888008510583,62.79308556464255,40.8608152984074,108.3468966403483,0.7505038651828599,438.7,398.1,205.9,1
parallel_run_0836,Archetype_2,1,0.1478218070809043,0.9855268418489932,0.780126838680729,0.3414007688186811,0,0,0,2,0.0,9.589786864094185,14.52009542132607,2.25760526337914,95.46321746956043,1743.776803747743,0.3420270254820715,154.4883468009115,38.07535167163682,155.3553685224774,0.5347162870897352,438.7,398.1,205.9,1
parallel_run_0838,Archetype_2,0,2.671873102909044e-05,0.9999982334464012,0.9090909090909092,0.1156642088742933,0,1,0,3,0.3333333333333333,11.5724650899624,15.71417657225041,2.505463074151018,37.82135289309134,1732.171085268251,0.2966680057335894,87.89904124731528,124.3179479506931,188.0589961374106,0.6121933944560484,438.7,398.1,205.9,0
parallel_run_0839,Archetype_2,0,0.5123886066217328,0.9692985941350388,0.0,0.066135042456984,0,1,0,3,0.0,7.401877309695345,16.72060108361629,4.239354502223774,78.9004950381646,763.9731909619118,0.0862171753274194,168.5882939237162,10.48455250370037,274.1962939177321,0.9381802418748396,438.7,398.1,205.9,0
parallel_run_0840,Archetype_2,1,0.0,1.0,0.5608202196249572,0.0001903588458785,0,0,0,2,0.0,6.226512320545174,10.57007202633626,4.816232216133942,78.55254926123328,1473.572870709382,0.3084672339978864,39.11190515019379,26.58517665913403,167.9697151744124,0.8989728030906465,438.7,398.1,205.9,1
parallel_run_0841,Archetype_2,0,0.1328039914199852,0.9881137945453792,0.8333333333333334,0.2033274809386825,0,1,0,3,0.0,8.028178927033153,12.69358091967134,3.112625106465832,36.62334427994244,1295.694779439287,0.2513937760739758,117.9684651723182,90.13045861303728,158.0544197808208,0.9195426682975842,438.7,398.1,205.9,0
parallel_run_0842,Archetype_2,0,0.2010175508463463,0.9746626003287232,0.0,0.0232140140707879,0,1,0,3,0.0,5.772023405404161,7.116169331792253,2.064522668331408,56.51085137099933,1786.195480402135,0.0232508350807578,161.0329775531958,25.14851249315225,197.822121004284,0.7197444930411876,438.7,398.1,205.9,0
parallel_run_0843,Archetype_2,0,0.2123652968173239,0.9881093561152182,0.9090909090909092,0.0309611568701193,0,1,0,3,0.3333333333333333,9.480794663304136,17.03804542014852,4.639878986106728,99.35855694037711,1250.245306083507,0.4168895798584492,43.35096290748591,149.1588574610129,277.1890738836713,1.083347637799514,438.7,398.1,205.9,0
parallel_run_0844,Archetype_2,2,1.0,0.9006106106755063,0.8333333333333189,0.2838779839752613,0,1,0,3,0.3333333333333333,12.59017345046845,19.02253176729523,3.9523185428614,96.0626212890334,921.343979285896,0.3159410008343269,143.9201303011419,83.56764829664709,247.3963377767511,1.184696545793093,438.7,398.1,205.9,2
parallel_run_0845,Archetype_2,2,0.7265717277034826,0.9455433034255804,4.676665926130163e-14,0.325322170805555,0,1,0,3,0.3333333333333333,13.88681027006693,18.61075821619153,4.347085125891433,43.42201779666991,778.7163195623369,0.5440908291581393,33.79114171279144,30.41474642500482,289.3256653337539,0.7671046222699125,438.7,398.1,205.9,2
parallel_run_0846,Archetype_2,1,0.1857926328975875,0.9451680433517492,0.0,0.5607718297356843,0,0,1,3,0.0,10.32199462340584,6.699275404416465,2.08038382636346,44.79361792876074,979.8557987975116,0.595749285135953,177.31500644115,11.06955829270862,290.4698168059626,1.067301995703033,438.7,398.1,205.9,0
parallel_run_0847,Archetype_2,0,0.0407783891288204,0.9959797306568964,0.8333333333333334,0.3008478508206453,0,1,0,3,0.3333333333333333,10.44667181037197,13.25070225132207,4.259523874160369,88.11039822390016,1086.489408610497,0.3604504262054547,93.26680170863348,86.31118950437782,141.2036987315458,0.8099763525700954,438.7,398.1,205.9,0
parallel_run_0848,Archetype_2,0,0.0,1.0,0.8333333333333334,0.3168326898899903,0,1,0,3,0.0,7.193260089885094,11.65964368980142,4.36245347424116,67.47086947928852,860.866485459772,0.3929505433301446,47.88817474253383,105.9284432028051,105.7696635231778,0.7077017593878874,438.7,398.1,205.9,0
parallel_run_0849,Archetype_2,0,4.135437710978556e-06,0.999999758418532,0.0,3.572740968964394e-17,0,1,0,3,0.3333333333333333,10.87938801553206,16.037856129965,2.961086101395173,69.6604654795751,1130.70880630468,0.3289402099742169,45.2910359937304,14.91317533979289,294.1194921299998,1.165324106539424,438.7,398.1,205.9,0
parallel_run_0850,Archetype_2,0,0.2598292429626867,0.9830532790523934,0.9090909090909092,0.2550524356533159,0,1,0,3,0.3333333333333333,11.04944243362644,19.24071518137925,3.605624564480587,53.85239415205597,1355.675352940887,0.2611936824169285,192.5155188876426,93.4514385332439,163.183152602084,0.9537850554699546,438.7,398.1,205.9,0
parallel_run_0851,Archetype_2,0,0.4035382235086891,0.9508809662466888,0.8333333333333334,0.5179473621930155,0,1,0,3,0.0,9.08917883368848,15.93141516714483,2.552097542916801,87.05159164902761,516.4075892774002,0.5259683590341234,164.5121833558311,80.95119800030251,191.2553856341034,1.094491785369062,438.7,398.1,205.9,0
parallel_run_0852,Archetype_2,0,0.0,1.0,0.0,0.1820665633019618,0,1,0,3,0.3333333333333333,6.022122980882333,10.18624643812967,4.118622604217991,44.05635878211464,657.7419002366751,0.4846669501207773,27.38228323221475,120.2686065600439,118.8863494549756,1.050243965660369,438.7,398.1,205.9,0
parallel_run_0853,Archetype_2,0,0.0944178529111218,0.9952264640326908,0.8333333333333334,0.022244660470212,0,1,0,3,0.3333333333333333,12.81217303836103,18.79926099501478,3.671884488568053,46.3834911494316,1976.5423669876,0.4556973803877963,98.27765434529884,77.3225987347966,261.8146648055326,0.8637011623017257,438.7,398.1,205.9,0
parallel_run_0854,Archetype_2,2,1.0,0.9266978446410276,0.0376011844213963,0.0268886835104675,0,1,0,3,0.3333333333333333,11.30329623906534,14.11358006738063,2.119776423336449,80.39616228749757,927.2926047619708,0.0269989646361896,110.5634989792129,18.96908617913164,123.0786965714163,1.005760777712649,438.7,398.1,205.9,2
parallel_run_0855,Archetype_2,1,0.0,1.0,0.7460332502901645,0.0019979142619533,0,0,0,2,0.0,9.208165790113028,15.46907671514874,4.545251827774964,38.83541580815834,1956.9090829731,0.1622856966902549,21.41825610127897,34.46180060490662,143.3953587386619,1.21370144627473,438.7,398.1,205.9,1
parallel_run_0857,Archetype_2,0,0.0039089925106338,0.9997984259987734,0.6495338503893741,0.0079124178757,0,1,0,3,0.3333333333333333,11.79622827938521,18.29050969456285,4.169805421292692,52.8848948871502,1412.193873679556,0.4257887667081556,79.79357681981203,42.21866859739012,215.0694877114157,0.8330072175424368,438.7,398.1,205.9,0
parallel_run_0858,Archetype_2,2,0.4994292820991836,0.939593567646055,0.0,0.0018572658651279,0,1,0,3,0.3333333333333333,7.646521843235478,7.231058342555429,3.31458691916786,41.69964252763987,671.0160759439195,0.4157057803155249,70.94792328052574,46.67117715729472,250.4862261361136,0.7327865198402268,438.7,398.1,205.9,2
parallel_run_0859,Archetype_2,2,1.0,0.8920932586204149,-8.055507919690624e-14,0.2055880841409415,0,1,0,3,0.0,13.36289726948865,19.43255606974088,2.149756002614726,98.31009612961368,830.6769291617317,0.3440972357975186,24.40106928622523,21.65487938516236,225.1829757871136,1.25645844295112,438.7,398.1,205.9,2
parallel_run_0860,Archetype_2,0,0.2299319157613771,0.97630216165326,0.0,0.0526234983689666,0,1,0,3,0.3333333333333333,8.364797989299861,9.192250646467237,3.860538328046275,34.3813015352484,788.3970389732821,0.4717590306136611,144.6892794848065,41.70303632080136,285.1192728451363,0.9914750935718764,438.7,398.1,205.9,0
parallel_run_0861,Archetype_2,0,0.2779192144170339,0.9838139496323968,0.0,0.0323238108777784,0,1,0,3,0.3333333333333333,14.90080910970151,16.57440810558032,2.987874773593921,45.48329767203269,1579.101973947642,0.0323452792956046,124.7691560752347,13.25130095356169,131.0360691937709,1.160280557751469,438.7,398.1,205.9,0
parallel_run_0862,Archetype_2,2,1.0,0.8574826202356988,0.0,0.0093619291062052,0,1,0,3,0.3333333333333333,6.738724478605125,10.74467739481464,4.059979339446745,91.01635205906643,546.9101382223519,0.1271291449095846,29.64904233951978,50.75070528467045,175.7269183945674,1.085475702971351,438.7,398.1,205.9,2
parallel_run_0863,Archetype_2,2,1.0,0.8879514532373949,0.0,0.2725560937089546,0,1,0,3,0.0,12.29475505195811,16.20117521024517,2.57668959775238,86.126770574267,694.6303209657378,0.3562216088726904,35.8027220756866,64.20784236580666,271.3979072062631,0.7973279454902197,438.7,398.1,205.9,2
parallel_run_0864,Archetype_2,1,0.7629133550539412,0.9319862024211572,0.6265334650498763,0.2478477607145667,0,0,0,2,0.0,5.41478544277491,13.9696886981829,3.800167267124271,93.40190108464566,1614.000840022941,0.2479437183689544,197.1143613561278,32.13386871974967,137.2906070612262,1.198479495410149,438.7,398.1,205.9,1
parallel_run_0865,Archetype_2,0,0.0,1.0,0.9090909090909092,0.0722155687220181,0,1,0,3,0.3333333333333333,7.325244866915437,6.133456484961489,2.849506395765022,36.13139533184066,1846.939556478707,0.1045903725178832,104.708041937107,141.4654323491187,103.7582240168401,0.5719642415394346,438.7,398.1,205.9,0
parallel_run_0866,Archetype_2,0,0.0,1.0,0.3917204580381414,0.0,0,1,0,3,0.3333333333333333,10.09356256031139,11.29063222601615,4.76846366035301,76.79579046522252,1053.739944648393,0.2204308342752106,41.70644304050847,45.01347485513899,281.050931209811,1.263414311242694,438.7,398.1,205.9,0
parallel_run_0867,Archetype_2,0,0.171971880761274,0.989433762572441,0.8318559697127276,0.0288426077531049,0,1,0,3,0.3333333333333333,6.186101812756469,15.06385238110333,2.884344918055505,31.24493007510238,986.5491512115816,0.0557544202849528,84.24127174220122,94.4970799647684,145.9465456157096,1.018398256176594,438.7,398.1,205.9,0
parallel_run_0869,Archetype_2,0,0.0001323550253579,0.99998426625124,0.8333333333333334,0.0783183380661191,0,1,0,3,0.0,5.875103409596851,7.908293010058282,2.390464514085502,54.80879767084504,951.9658153072828,0.3730351891050821,88.41266743681159,98.35668950325385,201.4163575543587,0.6395764243792184,438.7,398.1,205.9,0
parallel_run_0870,Archetype_2,0,0.000193550008219,0.9999711321033306,0.7908161947930423,0.0370069643053976,0,1,0,3,0.0,9.89273547819015,5.915838497469448,4.894747269895554,35.37340681692577,1159.023486619083,0.501565989511877,72.72853972209614,37.63505720582668,179.0711115343357,0.7616663464940141,438.7,398.1,205.9,0
parallel_run_0871,Archetype_2,0,5.297774367506686e-05,0.999996974916086,0.0,0.0,0,1,0,3,0.3333333333333333,14.08524419392078,16.31334378769262,2.308954015500626,40.52170066997526,1429.94499687827,0.4596363285181422,47.00410072502583,15.67060968778293,242.31607024993,1.191021807579522,438.7,398.1,205.9,0
parallel_run_0872,Archetype_2,0,0.2284828320296388,0.9605871456463968,0.0,0.2286289707984277,0,1,0,3,0.0,12.41392231723704,6.505360896541484,2.371739473104665,32.39759536864331,816.6382880545631,0.5170204646406725,23.22847379435524,49.02752712084806,184.9716219995724,1.138692518506339,438.7,398.1,205.9,0
parallel_run_0873,Archetype_2,0,0.0005395418792849,0.999955193920787,0.798285451723267,0.3535800463411443,0,1,0,3,0.3333333333333333,11.20531214550689,17.28918987462175,2.41534597807669,62.25120319523698,1520.929737606235,0.5566745144953847,74.0786242796822,117.154618835779,125.2618930845108,1.040699628833873,438.7,398.1,205.9,0
parallel_run_0874,Archetype_2,0,0.068588299289074,0.9947552133610528,0.8333333333333334,0.0086726833706717,0,1,0,3,0.3333333333333333,14.76040816329797,11.89711135068584,3.420702396064348,30.231907913922,1810.531238432742,0.1512092640839279,103.1976415956362,60.53852960346411,259.9151824744392,0.8372539290562797,438.7,398.1,205.9,0
parallel_run_0875,Archetype_2,1,0.0012959958000504,0.999922918022408,0.6373801788797893,0.0145012935100903,0,0,0,2,0.0,7.125713809407731,15.76402470243221,2.203821019158463,30.66474775106086,1916.270048437812,0.5283635710427317,61.25580077898183,29.96136795184568,159.1614013752083,1.233712473598319,438.7,398.1,205.9,1
parallel_run_0876,Archetype_2,0,0.2336082632339939,0.9863506808582434,0.9090909090909092,0.1267816119511631,0,1,0,3,0.3333333333333333,8.679848728865139,17.93322578398463,2.012220077079774,83.75880309023228,1452.198189273966,0.1702477055167378,188.3270361277955,136.3991131874458,182.3163284478816,0.9737019697352638,438.7,398.1,205.9,0
parallel_run_0877,Archetype_2,0,0.4119237468423822,0.9622914236349928,0.8333333333333349,0.0171425488481816,0,1,0,3,0.3333333333333333,10.55930465773863,9.95253445312245,2.521216447715092,45.35968846878346,1103.764527095477,0.4796032918726125,40.24829434892813,79.6642707844849,235.4042582741113,1.120275647130058,438.7,398.1,205.9,0
parallel_run_0878,Archetype_2,1,0.0001528395357553,0.9999757047738704,0.8333333333335332,9.081791768461013e-06,0,0,1,3,0.0,8.584062378535368,5.204947737148349,3.396878123134748,49.03717145112236,1633.945583329502,0.3831221102711273,55.84174480106363,55.43941616510568,267.3891249190509,1.103848703587101,438.7,398.1,205.9,0
parallel_run_0879,Archetype_2,2,1.0,0.9296933040619536,0.37084909387769,0.0029607324190306,0,1,0,3,0.3333333333333333,11.48324720641784,13.54496100580118,2.943629403674687,73.69619351630662,959.6890243777384,0.1556452540222857,26.07329355182583,17.9346609870809,270.2527552749784,1.24797609559057,438.7,398.1,205.9,2
parallel_run_0880,Archetype_2,0,0.129685374883166,0.9868765891269397,0.8333333333333334,0.533724410615924,0,1,0,3,0.0,8.239417824778362,19.86594006810631,2.185631748368638,84.78697422249212,1014.516711027553,0.5729610607824123,94.5537552962944,103.539963389083,112.696063975848,0.8568714170808833,438.7,398.1,205.9,0
parallel_run_0881,Archetype_2,1,0.0,1.0,0.8333333333333173,0.0563488617032949,0,0,0,2,0.0,10.74739923464404,14.72531853706425,2.344142683785495,39.79251941170135,1382.725160889254,0.1302190494638491,44.96744153575168,45.57905328193963,117.6699208576838,0.5147064197244176,438.7,398.1,205.9,1
parallel_run_0883,Archetype_2,0,0.6159507396086139,0.9527931004101438,0.8333333333333334,0.2870056379019315,0,1,0,3,0.3333333333333333,12.62912539162891,17.1844658696355,2.641849634690004,42.22256724024653,904.387351538265,0.3237095872395198,68.36904203871276,108.7516199458351,169.4200698119767,0.6476733781840518,438.7,398.1,205.9,0
parallel_run_0884,Archetype_2,0,0.0,1.0,0.0,0.0132035042939277,0,1,0,3,0.3333333333333333,6.522201326382715,12.39939167303931,3.618708160073463,47.13963660315678,739.0878598442532,0.2748268178242084,80.41869864667342,47.40439371988354,195.7889275941752,0.5500432829432993,438.7,398.1,205.9,0
parallel_run_0885,Archetype_2,2,1.0,0.913315953950408,0.8333333333333334,0.0320341160290481,0,1,0,3,0.3333333333333333,9.384437367855847,18.12707624626986,2.907152582017375,82.60031647176109,883.1361687269793,0.196669248894807,66.74094420558276,73.27740104246614,210.9777341720553,1.294178414837762,438.7,398.1,205.9,2
parallel_run_0886,Archetype_2,0,0.3859418345354126,0.9584610034041696,0.6664143448469558,0.5359071712686486,0,1,0,3,0.0,14.37657933613404,18.84410004062273,2.669185145620158,35.03786974557758,1927.503758948734,0.53662187709572,185.9380919407641,28.71237259798763,240.7907661092698,1.211179443278551,438.7,398.1,205.9,0
parallel_run_0887,Archetype_2,0,7.745274576215302e-06,0.9999995606966784,0.8333333333333334,0.0074013300302242,0,1,0,3,0.3333333333333333,12.88294506062676,16.47370199557806,3.916427027915539,33.29873756204726,1553.403975838957,0.1037951584613293,35.14190572583635,68.48407504836385,165.2840596040335,1.272212627733274,438.7,398.1,205.9,0
parallel_run_0888,Archetype_2,1,0.1614978079747495,0.9864482887747932,0.8333333333333334,0.4354229283569573,0,0,0,2,0.0,13.71417304507693,19.94297232922278,3.190463394584546,39.35568050526847,1306.802190395147,0.4398896859558368,173.4756545582791,57.55417542909995,217.6461551705664,0.6040099969531483,438.7,398.1,205.9,1
parallel_run_0889,Archetype_2,2,0.7720164764421269,0.9033081906520692,0.0,0.2417628572940064,0,1,0,3,0.0,10.0542437922061,9.52808842232428,2.7551726834745,63.83059444783521,602.6095239046633,0.5655852937121579,52.9250694322663,12.91258574592992,212.3338287792068,0.8863857524748795,438.7,398.1,205.9,2
parallel_run_0890,Archetype_2,0,0.2619085875660319,0.9843607086910888,0.2581875068322398,0.0920207096268417,0,1,0,3,0.0,8.902950966584617,17.34337950080082,3.071726683251704,72.97629984854609,1254.634228844618,0.0922887709307529,134.989883752535,20.33996544789689,133.8281740992772,0.6978638514594209,438.7,398.1,205.9,0
parallel_run_0891,Archetype_2,0,0.3580812943382124,0.9331529188575606,0.7289972598843534,0.2056335964956442,0,1,0,3,0.3333333333333333,5.219692016072181,5.614852538476582,3.507907836572578,37.36349927885944,613.7680335920102,0.2904762209302906,148.1467328115624,131.7779486933157,207.8141490530652,1.146935950080092,438.7,398.1,205.9,0
parallel_run_0892,Archetype_2,0,5.291806059165384e-06,0.9999991695476615,0.5023932673201346,0.0,0,1,0,3,0.0,11.93340271693271,5.317576274973425,3.28343831907141,71.54504448894762,1838.989919269122,0.4945103601576556,50.50487388868805,23.73720438973167,225.8680659378676,1.111263875962919,438.7,398.1,205.9,0
parallel_run_0893,Archetype_2,2,1.0,0.9285664748923156,0.0,0.059985807184331,0,1,0,3,0.3333333333333333,7.847009180844555,15.10246331425202,2.220849460660624,49.56921416774286,674.7929181340594,0.181477849380431,32.85601950306146,137.9877963370772,282.6442521246439,1.072413780762075,438.7,398.1,205.9,2
parallel_run_0894,Archetype_2,0,0.1959226486301371,0.9784961973930204,0.6502530525115423,0.0003291397675873,0,1,0,3,0.0,5.307304167754404,8.062741299807017,2.856484395403244,90.46559420208708,591.9263990795743,0.5853009355147591,97.7904136753744,36.39089163854832,254.8378904988671,0.9033851808539108,438.7,398.1,205.9,0
parallel_run_0895,Archetype_2,2,1.0,0.9524228378743688,0.7896113008096652,0.0,0,1,0,1,1.0,8.088620780419058,19.64969158227921,2.445246324409711,38.13315627139157,846.5530044686006,0.2872874174759508,41.0140129305388,66.19506893135303,296.218590405105,0.6626148413292461,438.7,398.1,205.9,1
parallel_run_0896,Archetype_2,0,0.5058847225029918,0.956049011035364,0.4451563353539503,0.3900303629643499,0,1,0,3,0.0,7.737878589250059,17.65262552890793,2.04343847591413,60.65256661819086,794.1535603498564,0.3905802979433853,158.1284539410613,28.1308721236521,148.7173157451602,1.000044063032848,438.7,398.1,205.9,0
parallel_run_0897,Archetype_2,2,0.6310773292577306,0.9348877303789364,0.7400192369014463,0.4967516945600161,0,1,0,3,0.3333333333333333,13.0646439961812,18.24589508543017,2.716732587027388,46.65131170230379,725.1054169218328,0.5115983993063354,64.21434402267955,101.3397416534369,115.4601576016992,0.561267319729339,438.7,398.1,205.9,2
parallel_run_0898,Archetype_2,0,0.0,1.0,0.8051887839536603,0.0047434230587684,0,1,0,3,0.3333333333333333,14.55899147105204,16.92400224464144,4.505870455669541,48.66008960426488,1880.428773878496,0.1898057560671069,25.33689484018815,53.21861456331589,186.1609652237962,0.6245236166119492,438.7,398.1,205.9,0
parallel_run_0899,Archetype_2,2,0.8853639342239721,0.9335550366204746,0.8257389078352101,0.0758621588764282,0,1,0,3,0.3333333333333333,6.902588311173137,13.28544430155988,2.608092824810263,48.10349831449953,712.0868495925945,0.5809073215674864,59.06523453291005,146.7428585041353,298.5472537308848,1.224555548142108,438.7,398.1,205.9,2
parallel_run_0901,Archetype_2,0,0.1465714663388199,0.9927633994932016,0.8333333333333334,0.0,0,1,0,3,0.0,5.645937846490421,19.08999399027946,4.574685372982158,59.43535530068567,740.044618160573,0.4465748804743228,76.02908933133577,44.09919367093785,262.8462682705834,0.782484278393255,810.4,654.4,338.45,0
parallel_run_0902,Archetype_2,0,0.1372512954871434,0.990490052778784,0.4498245365312314,0.1174985106222484,0,1,0,3,0.3333333333333333,13.49964268135165,15.33095577911059,4.464674582116157,42.94616278436651,1185.794953774338,0.117649937817252,137.4023502352264,22.49168264409253,128.2191212271367,0.5911665438533666,810.4,654.4,338.45,0
parallel_run_0903,Archetype_2,0,0.3095996292813005,0.9810890279002822,0.8333333333333334,0.2081079214292833,0,1,0,3,0.0,6.405292284318544,19.53555145216947,3.764585606427318,64.73890400335439,850.6267050193985,0.2646507902451352,37.50790122422556,110.5320184729022,100.9223548185412,1.28665717130124,810.4,654.4,338.45,0
parallel_run_0904,Archetype_2,1,0.422680119583772,0.96852254940821,0.0,0.1803690057143739,0,0,0,2,0.0,5.078233488755179,15.36811055664406,4.023785290991664,68.86856051780249,1676.075248578451,0.2246787017126815,129.5689761803989,24.65199699594505,232.3224413807133,0.6774859235206085,810.4,654.4,338.45,1
parallel_run_0905,Archetype_2,2,0.8176301551270666,0.910922440629882,0.8614917481415253,0.0395972000527475,0,1,0,3,0.3333333333333333,9.795367374301884,8.46566765326878,4.968477490368761,93.10632240494294,1005.748088406246,0.0638931166280094,56.87494984404746,127.412906728483,150.7886454235,1.149819164967017,810.4,654.4,338.45,2
parallel_run_0906,Archetype_2,0,0.26464129256622,0.9785820637696072,0.9090909090909092,0.1404261295457224,0,1,0,3,0.3333333333333333,13.21427123302489,12.99077849367701,2.804621181868556,57.60856169568081,1509.042894252557,0.202994166366049,91.80831738898752,122.5526135883852,139.657431483073,1.128863155150354,810.4,654.4,338.45,0
parallel_run_0908,Archetype_2,1,0.3320561388094141,0.9642828031628912,0.0,0.0520281371969254,0,0,0,2,0.0,6.639503134093878,8.702036358183824,2.460006477284389,50.84918084009174,1224.275709388201,0.14250239653806,114.0559579566393,16.49310952489565,222.5836742807619,1.025953997214746,810.4,654.4,338.45,1
parallel_run_0910,Archetype_2,1,4.060585196930015e-05,0.9999963863515464,0.8333333333333334,0.391851699462896,0,0,0,2,0.0,13.53541818756549,17.50384951367896,4.718111782544003,32.06607470803334,1682.919135964777,0.407888008510583,62.79308556464255,40.8608152984074,108.3468966403483,0.7505038651828599,810.4,654.4,338.45,1
parallel_run_0911,Archetype_2,1,0.1541182104497736,0.9849054751623812,0.8056831398365996,0.3400663980670277,0,0,0,2,0.0,9.589786864094185,14.52009542132607,2.25760526337914,95.46321746956043,1743.776803747743,0.3420270254820715,154.4883468009115,38.07535167163682,155.3553685224774,0.5347162870897352,810.4,654.4,338.45,1
parallel_run_0913,Archetype_2,0,0.0002303015415776,0.999985073401644,0.8333333333333334,0.1008556847368538,0,1,0,3,0.3333333333333333,11.5724650899624,15.71417657225041,2.505463074151018,37.82135289309134,1732.171085268251,0.2966680057335894,87.89904124731528,124.3179479506931,188.0589961374106,0.6121933944560484,810.4,654.4,338.45,0
parallel_run_0914,Archetype_2,0,0.5192442196328033,0.9686665325648048,0.0,0.0643081647365771,0,1,0,3,0.0,7.401877309695345,16.72060108361629,4.239354502223774,78.9004950381646,763.9731909619118,0.0862171753274194,168.5882939237162,10.48455250370037,274.1962939177321,0.9381802418748396,810.4,654.4,338.45,0
parallel_run_0915,Archetype_2,1,0.0,1.0,0.5824041319358093,4.074110908925698e-05,0,0,0,2,0.0,6.226512320545174,10.57007202633626,4.816232216133942,78.55254926123328,1473.572870709382,0.3084672339978864,39.11190515019379,26.58517665913403,167.9697151744124,0.8989728030906465,810.4,654.4,338.45,1
parallel_run_0916,Archetype_2,0,0.1839151114335902,0.9833139170423612,0.8333333333333334,0.2111781514301828,0,1,0,3,0.0,8.028178927033153,12.69358091967134,3.112625106465832,36.62334427994244,1295.694779439287,0.2513937760739758,117.9684651723182,90.13045861303728,158.0544197808208,0.9195426682975842,810.4,654.4,338.45,0
parallel_run_0917,Archetype_2,0,0.2172416439474495,0.972598839124315,0.3433663938054989,0.0232360818429328,0,1,0,3,0.0,5.772023405404161,7.116169331792253,2.064522668331408,56.51085137099933,1786.195480402135,0.0232508350807578,161.0329775531958,25.14851249315225,197.822121004284,0.7197444930411876,810.4,654.4,338.45,0
parallel_run_0918,Archetype_2,0,0.1959518202550522,0.988832650273058,0.8333333333333943,0.0463826657502148,0,1,0,3,0.3333333333333333,9.480794663304136,17.03804542014852,4.639878986106728,99.35855694037711,1250.245306083507,0.4168895798584492,43.35096290748591,149.1588574610129,277.1890738836713,1.083347637799514,810.4,654.4,338.45,0
parallel_run_0919,Archetype_2,2,1.0,0.905982460129045,0.8333333333333334,0.2812247273301577,0,1,0,3,0.3333333333333333,12.59017345046845,19.02253176729523,3.9523185428614,96.0626212890334,921.343979285896,0.3159410008343269,143.9201303011419,83.56764829664709,247.3963377767511,1.184696545793093,810.4,654.4,338.45,2
parallel_run_0920,Archetype_2,2,0.724673444789176,0.9454341629558688,0.0,0.3236295311098655,0,1,0,3,0.3333333333333333,13.88681027006693,18.61075821619153,4.347085125891433,43.42201779666991,778.7163195623369,0.5440908291581393,33.79114171279144,30.41474642500482,289.3256653337539,0.7671046222699125,810.4,654.4,338.45,2
parallel_run_0921,Archetype_2,1,0.192123018089538,0.9440832246249026,0.0,0.5597670210126549,0,0,1,3,0.0,10.32199462340584,6.699275404416465,2.08038382636346,44.79361792876074,979.8557987975116,0.595749285135953,177.31500644115,11.06955829270862,290.4698168059626,1.067301995703033,810.4,654.4,338.45,0
parallel_run_0922,Archetype_2,0,0.0908204712655988,0.9909485418857517,0.8333333333333335,0.3116483055258648,0,1,0,3,0.3333333333333333,10.44667181037197,13.25070225132207,4.259523874160369,88.11039822390016,1086.489408610497,0.3604504262054547,93.26680170863348,86.31118950437782,141.2036987315458,0.8099763525700954,810.4,654.4,338.45,0
parallel_run_0923,Archetype_2,1,0.0,1.0,0.8333333333333368,0.3292512283188336,0,0,0,2,0.0,7.193260089885094,11.65964368980142,4.36245347424116,67.47086947928852,860.866485459772,0.3929505433301446,47.88817474253383,105.9284432028051,105.7696635231778,0.7077017593878874,810.4,654.4,338.45,1
parallel_run_0924,Archetype_2,0,0.0,1.0,0.0,0.0001203062494977,0,1,0,3,0.3333333333333333,10.87938801553206,16.037856129965,2.961086101395173,69.6604654795751,1130.70880630468,0.3289402099742169,45.2910359937304,14.91317533979289,294.1194921299998,1.165324106539424,810.4,654.4,338.45,0
parallel_run_0925,Archetype_2,0,0.2932424593335702,0.9807823952307771,0.9090909090909092,0.2555838844617416,0,1,0,3,0.3333333333333333,11.04944243362644,19.24071518137925,3.605624564480587,53.85239415205597,1355.675352940887,0.2611936824169285,192.5155188876426,93.4514385332439,163.183152602084,0.9537850554699546,810.4,654.4,338.45,0
parallel_run_0926,Archetype_2,0,0.3618998869785887,0.955423642984628,0.8333333333333334,0.5201659453155748,0,1,0,3,0.0,9.08917883368848,15.93141516714483,2.552097542916801,87.05159164902761,516.4075892774002,0.5259683590341234,164.5121833558311,80.95119800030251,191.2553856341034,1.094491785369062,810.4,654.4,338.45,0
parallel_run_0927,Archetype_2,0,0.017054357451996,0.9981679697540496,0.0043946943799985,0.1821444232390538,0,1,0,3,0.3333333333333333,6.022122980882333,10.18624643812967,4.118622604217991,44.05635878211464,657.7419002366751,0.4846669501207773,27.38228323221475,120.2686065600439,118.8863494549756,1.050243965660369,810.4,654.4,338.45,0
parallel_run_0928,Archetype_2,0,0.1333748503721308,0.9932803987945976,0.8333333333333334,0.0118053995916983,0,1,0,3,0.3333333333333333,12.81217303836103,18.79926099501478,3.671884488568053,46.3834911494316,1976.5423669876,0.4556973803877963,98.27765434529884,77.3225987347966,261.8146648055326,0.8637011623017257,810.4,654.4,338.45,0
parallel_run_0929,Archetype_2,2,1.0,0.9247798283394212,0.3144255678344352,0.0269102661808008,0,1,0,3,0.3333333333333333,11.30329623906534,14.11358006738063,2.119776423336449,80.39616228749757,927.2926047619708,0.0269989646361896,110.5634989792129,18.96908617913164,123.0786965714163,1.005760777712649,810.4,654.4,338.45,2
parallel_run_0930,Archetype_2,1,0.0,1.0,0.7237313371089301,0.00222635978779,0,0,0,2,0.0,9.208165790113028,15.46907671514874,4.545251827774964,38.83541580815834,1956.9090829731,0.1622856966902549,21.41825610127897,34.46180060490662,143.3953587386619,1.21370144627473,810.4,654.4,338.45,1
parallel_run_0932,Archetype_2,0,0.1702326968643238,0.9910540723169166,0.6356229597189597,0.0120422221563211,0,1,0,3,0.3333333333333333,11.79622827938521,18.29050969456285,4.169805421292692,52.8848948871502,1412.193873679556,0.4257887667081556,79.79357681981203,42.21866859739012,215.0694877114157,0.8330072175424368,810.4,654.4,338.45,0
parallel_run_0933,Archetype_2,2,0.4963439849259705,0.9399755170225268,0.0,0.0,0,1,0,3,0.3333333333333333,7.646521843235478,7.231058342555429,3.31458691916786,41.69964252763987,671.0160759439195,0.4157057803155249,70.94792328052574,46.67117715729472,250.4862261361136,0.7327865198402268,810.4,654.4,338.45,2
parallel_run_0934,Archetype_2,2,1.0,0.8926781342158339,0.1497262976643734,0.2031450912599497,0,1,0,3,0.0,13.36289726948865,19.43255606974088,2.149756002614726,98.31009612961368,830.6769291617317,0.3440972357975186,24.40106928622523,21.65487938516236,225.1829757871136,1.25645844295112,810.4,654.4,338.45,2
parallel_run_0935,Archetype_2,0,0.2524873105546239,0.9740062097812694,0.0,0.0547956174304136,0,1,0,3,0.3333333333333333,8.364797989299861,9.192250646467237,3.860538328046275,34.3813015352484,788.3970389732821,0.4717590306136611,144.6892794848065,41.70303632080136,285.1192728451363,0.9914750935718764,810.4,654.4,338.45,0
parallel_run_0936,Archetype_2,0,0.3118432610696479,0.9818092118466832,0.0,0.0322844562413809,0,1,0,3,0.3333333333333333,14.90080910970151,16.57440810558032,2.987874773593921,45.48329767203269,1579.101973947642,0.0323452792956046,124.7691560752347,13.25130095356169,131.0360691937709,1.160280557751469,810.4,654.4,338.45,0
parallel_run_0937,Archetype_2,2,1.0,0.8697297837674869,0.5946997636311038,0.013250830823266,0,1,0,3,0.3333333333333333,6.738724478605125,10.74467739481464,4.059979339446745,91.01635205906643,546.9101382223519,0.1271291449095846,29.64904233951978,50.75070528467045,175.7269183945674,1.085475702971351,810.4,654.4,338.45,2
parallel_run_0938,Archetype_2,2,1.0,0.8881232508853611,0.0,0.2777927507355765,0,1,0,3,0.3333333333333333,12.29475505195811,16.20117521024517,2.57668959775238,86.126770574267,694.6303209657378,0.3562216088726904,35.8027220756866,64.20784236580666,271.3979072062631,0.7973279454902197,810.4,654.4,338.45,2
parallel_run_0939,Archetype_2,1,1.0,0.9109993479564408,0.5213906498168128,0.2478455220469348,0,0,0,0,0.0,5.41478544277491,13.9696886981829,3.800167267124271,93.40190108464566,1614.000840022941,0.2479437183689544,197.1143613561278,32.13386871974967,137.2906070612262,1.198479495410149,810.4,654.4,338.45,1
parallel_run_0940,Archetype_2,0,0.0,1.0,0.9090909090909092,0.0701628974600215,0,1,0,3,0.3333333333333333,7.325244866915437,6.133456484961489,2.849506395765022,36.13139533184066,1846.939556478707,0.1045903725178832,104.708041937107,141.4654323491187,103.7582240168401,0.5719642415394346,810.4,654.4,338.45,0
parallel_run_0941,Archetype_2,0,5.93719041152365e-06,0.9999995202474936,0.8333333333333334,4.725705120028929e-16,0,1,0,3,0.3333333333333333,10.09356256031139,11.29063222601615,4.76846366035301,76.79579046522252,1053.739944648393,0.2204308342752106,41.70644304050847,45.01347485513899,281.050931209811,1.263414311242694,810.4,654.4,338.45,0
parallel_run_0942,Archetype_2,0,0.1898580606612524,0.9882016136954708,0.8333333333333334,0.0302334353496687,0,1,0,3,0.3333333333333333,6.186101812756469,15.06385238110333,2.884344918055505,31.24493007510238,986.5491512115816,0.0557544202849528,84.24127174220122,94.4970799647684,145.9465456157096,1.018398256176594,810.4,654.4,338.45,0
parallel_run_0944,Archetype_2,0,0.0004320425386918,0.9999482069434144,0.8333333333333334,0.0799733826594026,0,1,0,3,0.0,5.875103409596851,7.908293010058282,2.390464514085502,54.80879767084504,951.9658153072828,0.3730351891050821,88.41266743681159,98.35668950325385,201.4163575543587,0.6395764243792184,810.4,654.4,338.45,0
parallel_run_0945,Archetype_2,0,0.0030635131579907,0.9995374762315132,0.8165348227463295,0.0497590877486645,0,1,0,3,0.0,9.89273547819015,5.915838497469448,4.894747269895554,35.37340681692577,1159.023486619083,0.501565989511877,72.72853972209614,37.63505720582668,179.0711115343357,0.7616663464940141,810.4,654.4,338.45,0
parallel_run_0946,Archetype_2,0,0.0002676738879785,0.9999845772019024,0.0,0.0,0,1,0,3,0.3333333333333333,14.08524419392078,16.31334378769262,2.308954015500626,40.52170066997526,1429.94499687827,0.4596363285181422,47.00410072502583,15.67060968778293,242.31607024993,1.191021807579522,810.4,654.4,338.45,0
parallel_run_0947,Archetype_2,0,0.2283378353153348,0.960792190204956,0.0,0.2269185458887094,0,1,1,4,0.0,12.41392231723704,6.505360896541484,2.371739473104665,32.39759536864331,816.6382880545631,0.5170204646406725,23.22847379435524,49.02752712084806,184.9716219995724,1.138692518506339,810.4,654.4,338.45,0
parallel_run_0948,Archetype_2,0,0.1548649471623603,0.987549098395538,0.8333333333333293,0.3301146484720851,0,1,0,3,0.0,11.20531214550689,17.28918987462175,2.41534597807669,62.25120319523698,1520.929737606235,0.5566745144953847,74.0786242796822,117.154618835779,125.2618930845108,1.040699628833873,810.4,654.4,338.45,0
parallel_run_0949,Archetype_2,0,0.0961528685225882,0.9926330413433836,0.8333333333333334,0.0090928590254395,0,1,0,3,0.3333333333333333,14.76040816329797,11.89711135068584,3.420702396064348,30.231907913922,1810.531238432742,0.1512092640839279,103.1976415956362,60.53852960346411,259.9151824744392,0.8372539290562797,810.4,654.4,338.45,0
parallel_run_0950,Archetype_2,1,0.2571062462173955,0.9843897143080896,0.6702405509382089,0.0195852214730908,0,0,0,2,0.0,7.125713809407731,15.76402470243221,2.203821019158463,30.66474775106086,1916.270048437812,0.5283635710427317,61.25580077898183,29.96136795184568,159.1614013752083,1.233712473598319,810.4,654.4,338.45,1
parallel_run_0951,Archetype_2,0,0.2471346385484702,0.985362606275784,0.9090909090909092,0.1341077133841665,0,1,0,3,0.3333333333333333,8.679848728865139,17.93322578398463,2.012220077079774,83.75880309023228,1452.198189273966,0.1702477055167378,188.3270361277955,136.3991131874458,182.3163284478816,0.9737019697352638,810.4,654.4,338.45,0
parallel_run_0952,Archetype_2,0,0.3606833623214793,0.9669740098674616,0.8333333333333909,0.0197089245140521,0,1,0,3,0.3333333333333333,10.55930465773863,9.95253445312245,2.521216447715092,45.35968846878346,1103.764527095477,0.4796032918726125,40.24829434892813,79.6642707844849,235.4042582741113,1.120275647130058,810.4,654.4,338.45,0
parallel_run_0953,Archetype_2,1,0.0016446803843666,0.9997377260850252,0.8333333333333334,0.00118979923948,0,0,0,2,0.0,8.584062378535368,5.204947737148349,3.396878123134748,49.03717145112236,1633.945583329502,0.3831221102711273,55.84174480106363,55.43941616510568,267.3891249190509,1.103848703587101,810.4,654.4,338.45,1
parallel_run_0954,Archetype_2,2,1.0,0.9299606170201988,0.5503793890428554,0.002023019287111,0,1,0,3,0.3333333333333333,11.48324720641784,13.54496100580118,2.943629403674687,73.69619351630662,959.6890243777384,0.1556452540222857,26.07329355182583,17.9346609870809,270.2527552749784,1.24797609559057,810.4,654.4,338.45,2
parallel_run_0955,Archetype_2,0,0.252831042972837,0.973942424511346,0.8333333333333334,0.5388905369280635,0,1,0,3,0.0,8.239417824778362,19.86594006810631,2.185631748368638,84.78697422249212,1014.516711027553,0.5729610607824123,94.5537552962944,103.539963389083,112.696063975848,0.8568714170808833,810.4,654.4,338.45,0
parallel_run_0956,Archetype_2,1,0.0,1.0,0.8333333333333334,0.0439039667413274,0,0,0,2,0.0,10.74739923464404,14.72531853706425,2.344142683785495,39.79251941170135,1382.725160889254,0.1302190494638491,44.96744153575168,45.57905328193963,117.6699208576838,0.5147064197244176,810.4,654.4,338.45,1
parallel_run_0958,Archetype_2,0,0.624325759337497,0.9522823611980504,0.8333333333333334,0.291527354727199,0,1,0,3,0.3333333333333333,12.62912539162891,17.1844658696355,2.641849634690004,42.22256724024653,904.387351538265,0.3237095872395198,68.36904203871276,108.7516199458351,169.4200698119767,0.6476733781840518,810.4,654.4,338.45,0
parallel_run_0959,Archetype_2,0,4.3640132092123314e-05,0.9999966475991529,0.8333333333333366,0.0358014653791127,0,1,0,3,0.0,6.522201326382715,12.39939167303931,3.618708160073463,47.13963660315678,739.0878598442532,0.2748268178242084,80.41869864667342,47.40439371988354,195.7889275941752,0.5500432829432993,810.4,654.4,338.45,0
parallel_run_0960,Archetype_2,2,1.0,0.913793719956504,0.8333333333333035,0.0317360135807405,0,1,0,3,0.3333333333333333,9.384437367855847,18.12707624626986,2.907152582017375,82.60031647176109,883.1361687269793,0.196669248894807,66.74094420558276,73.27740104246614,210.9777341720553,1.294178414837762,810.4,654.4,338.45,2
parallel_run_0961,Archetype_2,1,0.3894438643236341,0.9580313667953916,0.7575940447529506,0.5365443838195282,0,0,1,3,0.0,14.37657933613404,18.84410004062273,2.669185145620158,35.03786974557758,1927.503758948734,0.53662187709572,185.9380919407641,28.71237259798763,240.7907661092698,1.211179443278551,810.4,654.4,338.45,0
parallel_run_0962,Archetype_2,0,1.698652460777859e-05,0.9999990327595027,0.8333333333332941,0.0112455013001444,0,1,0,3,0.3333333333333333,12.88294506062676,16.47370199557806,3.916427027915539,33.29873756204726,1553.403975838957,0.1037951584613293,35.14190572583635,68.48407504836385,165.2840596040335,1.272212627733274,810.4,654.4,338.45,0
parallel_run_0963,Archetype_2,1,0.1762247534449878,0.985213355186732,0.8333333333333334,0.4353661699853354,0,0,0,2,0.0,13.71417304507693,19.94297232922278,3.190463394584546,39.35568050526847,1306.802190395147,0.4398896859558368,173.4756545582791,57.55417542909995,217.6461551705664,0.6040099969531483,810.4,654.4,338.45,1
parallel_run_0964,Archetype_2,2,0.7670453131537112,0.9036362013310808,0.0,0.2447575021150683,0,1,0,3,0.0,10.0542437922061,9.52808842232428,2.7551726834745,63.83059444783521,602.6095239046633,0.5655852937121579,52.9250694322663,12.91258574592992,212.3338287792068,0.8863857524748795,810.4,654.4,338.45,2
parallel_run_0965,Archetype_2,0,0.297593731114947,0.9821424017754344,0.4142140096281741,0.0922031758794116,0,1,0,3,0.0,8.902950966584617,17.34337950080082,3.071726683251704,72.97629984854609,1254.634228844618,0.0922887709307529,134.989883752535,20.33996544789689,133.8281740992772,0.6978638514594209,810.4,654.4,338.45,0
parallel_run_0966,Archetype_2,0,0.3639148624611373,0.931262118429386,0.7210502729987709,0.2084550005784194,0,1,0,3,0.3333333333333333,5.219692016072181,5.614852538476582,3.507907836572578,37.36349927885944,613.7680335920102,0.2904762209302906,148.1467328115624,131.7779486933157,207.8141490530652,1.146935950080092,810.4,654.4,338.45,0
parallel_run_0967,Archetype_2,1,0.0001186865650672,0.9999812440296044,0.7952114761677447,0.0002336649720368,0,0,1,3,0.0,11.93340271693271,5.317576274973425,3.28343831907141,71.54504448894762,1838.989919269122,0.4945103601576556,50.50487388868805,23.73720438973167,225.8680659378676,1.111263875962919,810.4,654.4,338.45,0
parallel_run_0968,Archetype_2,2,1.0,0.92839486527632,0.0,0.0596886489479176,0,1,0,3,0.3333333333333333,7.847009180844555,15.10246331425202,2.220849460660624,49.56921416774286,674.7929181340594,0.181477849380431,32.85601950306146,137.9877963370772,282.6442521246439,1.072413780762075,810.4,654.4,338.45,2
parallel_run_0969,Archetype_2,0,0.2677764487334864,0.9703501553725004,0.6491154629619947,0.0097558980355043,0,1,0,3,0.0,5.307304167754404,8.062741299807017,2.856484395403244,90.46559420208708,591.9263990795743,0.5853009355147591,97.7904136753744,36.39089163854832,254.8378904988671,0.9033851808539108,810.4,654.4,338.45,0
parallel_run_0970,Archetype_2,2,1.0,0.9525461750518016,0.8333333333333334,0.0,0,1,0,1,1.0,8.088620780419058,19.64969158227921,2.445246324409711,38.13315627139157,846.5530044686006,0.2872874174759508,41.0140129305388,66.19506893135303,296.218590405105,0.6626148413292461,810.4,654.4,338.45,1
parallel_run_0971,Archetype_2,1,0.5389827767336159,0.9530688913806308,0.6998974419999796,0.3900080285252988,0,0,0,2,0.0,7.737878589250059,17.65262552890793,2.04343847591413,60.65256661819086,794.1535603498564,0.3905802979433853,158.1284539410613,28.1308721236521,148.7173157451602,1.000044063032848,810.4,654.4,338.45,1
parallel_run_0972,Archetype_2,2,0.6341168540955011,0.9342171314294376,0.7431233920718291,0.4983574967078938,0,1,0,3,0.3333333333333333,13.0646439961812,18.24589508543017,2.716732587027388,46.65131170230379,725.1054169218328,0.5115983993063354,64.21434402267955,101.3397416534369,115.4601576016992,0.561267319729339,810.4,654.4,338.45,2
parallel_run_0973,Archetype_2,0,0.0,1.0,0.8333333333333334,0.0021287158482227,0,1,0,3,0.3333333333333333,14.55899147105204,16.92400224464144,4.505870455669541,48.66008960426488,1880.428773878496,0.1898057560671069,25.33689484018815,53.21861456331589,186.1609652237962,0.6245236166119492,810.4,654.4,338.45,0
parallel_run_0974,Archetype_2,2,0.8959365948588462,0.9329867715466872,0.7555570106098901,0.0657931894777868,0,1,0,3,0.3333333333333333,6.902588311173137,13.28544430155988,2.608092824810263,48.10349831449953,712.0868495925945,0.5809073215674864,59.06523453291005,146.7428585041353,298.5472537308848,1.224555548142108,810.4,654.4,338.45,2
parallel_run_0976,Archetype_2,1,1.0,0.9505199440302068,0.8042014853902427,-2.099770957761442e-17,0,1,0,1,0.0,5.645937846490421,19.08999399027946,4.574685372982158,59.43535530068567,740.044618160573,0.4465748804743228,76.02908933133577,44.09919367093785,262.8462682705834,0.782484278393255,550.0,918.0,463.75,1
parallel_run_0977,Archetype_2,0,0.1567472756613315,0.9892010752740112,0.2852798774257423,0.1170014422995997,0,1,0,3,0.3333333333333333,13.49964268135165,15.33095577911059,4.464674582116157,42.94616278436651,1185.794953774338,0.117649937817252,137.4023502352264,22.49168264409253,128.2191212271367,0.5911665438533666,550.0,918.0,463.75,0
parallel_run_0978,Archetype_2,0,0.3521169078299916,0.9785861992082135,0.8333333333333334,0.2045989382117334,0,1,0,3,0.0,6.405292284318544,19.53555145216947,3.764585606427318,64.73890400335439,850.6267050193985,0.2646507902451352,37.50790122422556,110.5320184729022,100.9223548185412,1.28665717130124,550.0,918.0,463.75,0
parallel_run_0979,Archetype_2,1,0.493627398457569,0.9634024067117554,0.0,0.1775156406050941,0,0,0,2,0.0,5.078233488755179,15.36811055664406,4.023785290991664,68.86856051780249,1676.075248578451,0.2246787017126815,129.5689761803989,24.65199699594505,232.3224413807133,0.6774859235206085,550.0,918.0,463.75,1
parallel_run_0980,Archetype_2,2,0.8566729857369303,0.9076764632723852,0.8529807377690776,0.0366930596368779,0,1,0,3,0.3333333333333333,9.795367374301884,8.46566765326878,4.968477490368761,93.10632240494294,1005.748088406246,0.0638931166280094,56.87494984404746,127.412906728483,150.7886454235,1.149819164967017,550.0,918.0,463.75,2
parallel_run_0981,Archetype_2,0,0.2977318207298909,0.9759857445880452,0.9090909090909092,0.137633597720771,0,1,0,3,0.3333333333333333,13.21427123302489,12.99077849367701,2.804621181868556,57.60856169568081,1509.042894252557,0.202994166366049,91.80831738898752,122.5526135883852,139.657431483073,1.128863155150354,550.0,918.0,463.75,0
parallel_run_0983,Archetype_2,1,0.3635538511197304,0.9607352744242352,0.0,0.0468741507262064,0,0,0,2,0.0,6.639503134093878,8.702036358183824,2.460006477284389,50.84918084009174,1224.275709388201,0.14250239653806,114.0559579566393,16.49310952489565,222.5836742807619,1.025953997214746,550.0,918.0,463.75,1
parallel_run_0985,Archetype_2,1,0.0002592814041388,0.999977010845768,0.8176786810006521,0.3953643676657549,0,0,0,2,0.0,13.53541818756549,17.50384951367896,4.718111782544003,32.06607470803334,1682.919135964777,0.407888008510583,62.79308556464255,40.8608152984074,108.3468966403483,0.7505038651828599,550.0,918.0,463.75,1
parallel_run_0986,Archetype_2,1,0.1781078964592065,0.9825572153442332,0.8121132224627224,0.3421421384684835,0,0,0,2,0.0,9.589786864094185,14.52009542132607,2.25760526337914,95.46321746956043,1743.776803747743,0.3420270254820715,154.4883468009115,38.07535167163682,155.3553685224774,0.5347162870897352,550.0,918.0,463.75,1
parallel_run_0988,Archetype_2,0,0.072704875935409,0.995180923277598,0.9090909090909092,0.1223053541049291,0,1,0,3,0.3333333333333333,11.5724650899624,15.71417657225041,2.505463074151018,37.82135289309134,1732.171085268251,0.2966680057335894,87.89904124731528,124.3179479506931,188.0589961374106,0.6121933944560484,550.0,918.0,463.75,0
parallel_run_0989,Archetype_2,2,0.5713299271596942,0.9659868282438102,0.0,0.061783971730159,0,1,0,3,0.0,7.401877309695345,16.72060108361629,4.239354502223774,78.9004950381646,763.9731909619118,0.0862171753274194,168.5882939237162,10.48455250370037,274.1962939177321,0.9381802418748396,550.0,918.0,463.75,0
parallel_run_0990,Archetype_2,1,0.0,1.0,0.5639724420593398,0.0002516988769579,0,0,0,2,0.0,6.226512320545174,10.57007202633626,4.816232216133942,78.55254926123328,1473.572870709382,0.3084672339978864,39.11190515019379,26.58517665913403,167.9697151744124,0.8989728030906465,550.0,918.0,463.75,1
parallel_run_0991,Archetype_2,0,0.2072321910245241,0.9812268169496344,0.8333333333333334,0.2121261062794761,0,1,0,3,0.0,8.028178927033153,12.69358091967134,3.112625106465832,36.62334427994244,1295.694779439287,0.2513937760739758,117.9684651723182,90.13045861303728,158.0544197808208,0.9195426682975842,550.0,918.0,463.75,0
parallel_run_0992,Archetype_2,0,0.2393527985648727,0.96984789119739,0.0569212924394567,0.0231384333458469,0,1,0,3,0.0,5.772023405404161,7.116169331792253,2.064522668331408,56.51085137099933,1786.195480402135,0.0232508350807578,161.0329775531958,25.14851249315225,197.822121004284,0.7197444930411876,550.0,918.0,463.75,0
parallel_run_0993,Archetype_2,0,0.3287688211236326,0.9810547948750638,0.9090909090909092,0.0534117515397098,0,1,0,3,0.3333333333333333,9.480794663304136,17.03804542014852,4.639878986106728,99.35855694037711,1250.245306083507,0.4168895798584492,43.35096290748591,149.1588574610129,277.1890738836713,1.083347637799514,550.0,918.0,463.75,0
parallel_run_0994,Archetype_2,2,1.0,0.9012358355421496,0.8333333333333334,0.2792418264933557,0,1,0,3,0.3333333333333333,12.59017345046845,19.02253176729523,3.9523185428614,96.0626212890334,921.343979285896,0.3159410008343269,143.9201303011419,83.56764829664709,247.3963377767511,1.184696545793093,550.0,918.0,463.75,2
parallel_run_0995,Archetype_2,2,0.7230602938746566,0.9455401959800392,0.0,0.3250982816099838,0,1,1,4,0.5,13.88681027006693,18.61075821619153,4.347085125891433,43.42201779666991,778.7163195623369,0.5440908291581393,33.79114171279144,30.41474642500482,289.3256653337539,0.7671046222699125,550.0,918.0,463.75,2
parallel_run_0996,Archetype_2,1,0.2021525582252845,0.94080344012619,0.0872495692826867,0.5592492697245762,0,0,1,3,0.0,10.32199462340584,6.699275404416465,2.08038382636346,44.79361792876074,979.8557987975116,0.595749285135953,177.31500644115,11.06955829270862,290.4698168059626,1.067301995703033,550.0,918.0,463.75,0
parallel_run_0997,Archetype_2,0,0.1111738374935859,0.989348136473148,0.8333333333333334,0.2841715391229324,0,1,0,3,0.3333333333333333,10.44667181037197,13.25070225132207,4.259523874160369,88.11039822390016,1086.489408610497,0.3604504262054547,93.26680170863348,86.31118950437782,141.2036987315458,0.8099763525700954,550.0,918.0,463.75,0
parallel_run_0998,Archetype_2,0,0.0,1.0,0.8333333333333347,0.3287615653969667,0,1,0,3,0.0,7.193260089885094,11.65964368980142,4.36245347424116,67.47086947928852,860.866485459772,0.3929505433301446,47.88817474253383,105.9284432028051,105.7696635231778,0.7077017593878874,550.0,918.0,463.75,0
parallel_run_0999,Archetype_2,0,0.0020691355913488,0.9998787499759564,0.0,0.0,0,1,0,3,0.3333333333333333,10.87938801553206,16.037856129965,2.961086101395173,69.6604654795751,1130.70880630468,0.3289402099742169,45.2910359937304,14.91317533979289,294.1194921299998,1.165324106539424,550.0,918.0,463.75,0
parallel_run_1000,Archetype_2,0,0.3083657270230502,0.9799923378655836,0.9090909090909092,0.2550140909291525,0,1,0,3,0.3333333333333333,11.04944243362644,19.24071518137925,3.605624564480587,53.85239415205597,1355.675352940887,0.2611936824169285,192.5155188876426,93.4514385332439,163.183152602084,0.9537850554699546,550.0,918.0,463.75,0
parallel_run_1001,Archetype_2,0,0.4254349739633092,0.947119759248765,0.8333333333333334,0.5237521918309872,0,1,0,3,0.0,9.08917883368848,15.93141516714483,2.552097542916801,87.05159164902761,516.4075892774002,0.5259683590341234,164.5121833558311,80.95119800030251,191.2553856341034,1.094491785369062,550.0,918.0,463.75,0
parallel_run_1002,Archetype_2,0,0.077031745087036,0.9916733387492884,0.2101071160801261,0.1823560703105823,0,1,0,3,0.3333333333333333,6.022122980882333,10.18624643812967,4.118622604217991,44.05635878211464,657.7419002366751,0.4846669501207773,27.38228323221475,120.2686065600439,118.8863494549756,1.050243965660369,550.0,918.0,463.75,0
parallel_run_1003,Archetype_2,0,0.1765373434038384,0.9911048388079792,0.8333333333333334,0.0170325737105801,0,1,0,3,0.3333333333333333,12.81217303836103,18.79926099501478,3.671884488568053,46.3834911494316,1976.5423669876,0.4556973803877963,98.27765434529884,77.3225987347966,261.8146648055326,0.8637011623017257,550.0,918.0,463.75,0
parallel_run_1004,Archetype_2,2,1.0,0.9266870637087592,0.2795506501541855,0.0269850257014115,0,1,0,3,0.3333333333333333,11.30329623906534,14.11358006738063,2.119776423336449,80.39616228749757,927.2926047619708,0.0269989646361896,110.5634989792129,18.96908617913164,123.0786965714163,1.005760777712649,550.0,918.0,463.75,2
parallel_run_1005,Archetype_2,1,0.0,1.0,0.7297707194966425,0.0017952515818888,0,0,0,2,0.0,9.208165790113028,15.46907671514874,4.545251827774964,38.83541580815834,1956.9090829731,0.1622856966902549,21.41825610127897,34.46180060490662,143.3953587386619,1.21370144627473,550.0,918.0,463.75,1
parallel_run_1007,Archetype_2,0,0.2337522518949868,0.9878101178372308,0.735197913939023,0.0126120236389282,0,1,0,3,0.3333333333333333,11.79622827938521,18.29050969456285,4.169805421292692,52.8848948871502,1412.193873679556,0.4257887667081556,79.79357681981203,42.21866859739012,215.0694877114157,0.8330072175424368,550.0,918.0,463.75,0
parallel_run_1008,Archetype_2,2,0.504519275624759,0.9393318985162118,0.0,0.0,0,1,0,3,0.3333333333333333,7.646521843235478,7.231058342555429,3.31458691916786,41.69964252763987,671.0160759439195,0.4157057803155249,70.94792328052574,46.67117715729472,250.4862261361136,0.7327865198402268,550.0,918.0,463.75,2
parallel_run_1009,Archetype_2,2,1.0,0.8922216685421731,0.0,0.20429319205718,0,1,0,3,0.0,13.36289726948865,19.43255606974088,2.149756002614726,98.31009612961368,830.6769291617317,0.3440972357975186,24.40106928622523,21.65487938516236,225.1829757871136,1.25645844295112,550.0,918.0,463.75,2
parallel_run_1010,Archetype_2,0,0.2800960717002034,0.9712112951877978,0.0,0.0470228706602819,0,1,0,3,0.3333333333333333,8.364797989299861,9.192250646467237,3.860538328046275,34.3813015352484,788.3970389732821,0.4717590306136611,144.6892794848065,41.70303632080136,285.1192728451363,0.9914750935718764,550.0,918.0,463.75,0
parallel_run_1011,Archetype_2,0,0.3305138089056816,0.9806036972670408,0.0,0.0323936421142607,0,1,0,3,0.3333333333333333,14.90080910970151,16.57440810558032,2.987874773593921,45.48329767203269,1579.101973947642,0.0323452792956046,124.7691560752347,13.25130095356169,131.0360691937709,1.160280557751469,550.0,918.0,463.75,0
parallel_run_1012,Archetype_2,2,1.0,0.8655757189595827,0.0,0.0075084001426239,0,1,0,3,0.3333333333333333,6.738724478605125,10.74467739481464,4.059979339446745,91.01635205906643,546.9101382223519,0.1271291449095846,29.64904233951978,50.75070528467045,175.7269183945674,1.085475702971351,550.0,918.0,463.75,2
parallel_run_1013,Archetype_2,2,1.0,0.888119327765163,0.0,0.2745541474741155,0,1,0,3,0.0,12.29475505195811,16.20117521024517,2.57668959775238,86.126770574267,694.6303209657378,0.3562216088726904,35.8027220756866,64.20784236580666,271.3979072062631,0.7973279454902197,550.0,918.0,463.75,2
parallel_run_1014,Archetype_2,1,1.0,0.9114994311985356,0.5202100302485373,0.2475588346103855,0,0,0,0,0.0,5.41478544277491,13.9696886981829,3.800167267124271,93.40190108464566,1614.000840022941,0.2479437183689544,197.1143613561278,32.13386871974967,137.2906070612262,1.198479495410149,550.0,918.0,463.75,1
parallel_run_1015,Archetype_2,0,0.0908161605987817,0.9866439140845285,0.9090909090909092,0.0734298887619625,0,1,0,3,0.0,7.325244866915437,6.133456484961489,2.849506395765022,36.13139533184066,1846.939556478707,0.1045903725178832,104.708041937107,141.4654323491187,103.7582240168401,0.5719642415394346,550.0,918.0,463.75,0
parallel_run_1016,Archetype_2,0,0.0004950843407921,0.9999601052986512,0.8333333333333334,0.0,0,1,0,3,0.3333333333333333,10.09356256031139,11.29063222601615,4.76846366035301,76.79579046522252,1053.739944648393,0.2204308342752106,41.70644304050847,45.01347485513899,281.050931209811,1.263414311242694,550.0,918.0,463.75,0
parallel_run_1017,Archetype_2,0,0.2457448463887929,0.9845631402902552,0.8333333333333334,0.0317914606488937,0,1,0,3,0.3333333333333333,6.186101812756469,15.06385238110333,2.884344918055505,31.24493007510238,986.5491512115816,0.0557544202849528,84.24127174220122,94.4970799647684,145.9465456157096,1.018398256176594,550.0,918.0,463.75,0
parallel_run_1019,Archetype_2,0,0.092221330162797,0.9889144139874247,0.8333333333333334,0.0866421081943325,0,1,0,3,0.0,5.875103409596851,7.908293010058282,2.390464514085502,54.80879767084504,951.9658153072828,0.3730351891050821,88.41266743681159,98.35668950325385,201.4163575543587,0.6395764243792184,550.0,918.0,463.75,0
parallel_run_1020,Archetype_2,0,0.0833226278654357,0.9876723515817722,0.7973762555910415,0.0325334312311369,0,1,0,3,0.0,9.89273547819015,5.915838497469448,4.894747269895554,35.37340681692577,1159.023486619083,0.501565989511877,72.72853972209614,37.63505720582668,179.0711115343357,0.7616663464940141,550.0,918.0,463.75,0
parallel_run_1021,Archetype_2,0,0.1881917672184647,0.9891590807479156,0.0,0.0,0,1,0,3,0.3333333333333333,14.08524419392078,16.31334378769262,2.308954015500626,40.52170066997526,1429.94499687827,0.4596363285181422,47.00410072502583,15.67060968778293,242.31607024993,1.191021807579522,550.0,918.0,463.75,0
parallel_run_1022,Archetype_2,0,0.2267908448930694,0.9603377212412368,0.0,0.2300099658224163,0,1,1,5,0.0,12.41392231723704,6.505360896541484,2.371739473104665,32.39759536864331,816.6382880545631,0.5170204646406725,23.22847379435524,49.02752712084806,184.9716219995724,1.138692518506339,550.0,918.0,463.75,0
parallel_run_1023,Archetype_2,0,0.1171356675701192,0.9906110764536188,0.8333333333333334,0.3264708935736208,0,1,0,3,0.3333333333333333,11.20531214550689,17.28918987462175,2.41534597807669,62.25120319523698,1520.929737606235,0.5566745144953847,74.0786242796822,117.154618835779,125.2618930845108,1.040699628833873,550.0,918.0,463.75,0
parallel_run_1024,Archetype_2,0,0.1239203543893588,0.9905080707981376,0.8333333333351274,0.0108346337728062,0,1,0,3,0.3333333333333333,14.76040816329797,11.89711135068584,3.420702396064348,30.231907913922,1810.531238432742,0.1512092640839279,103.1976415956362,60.53852960346411,259.9151824744392,0.8372539290562797,550.0,918.0,463.75,0
parallel_run_1025,Archetype_2,1,0.4513712198282041,0.9728936019108828,0.6658496069583397,0.0202439624329265,0,0,0,2,0.0,7.125713809407731,15.76402470243221,2.203821019158463,30.66474775106086,1916.270048437812,0.5283635710427317,61.25580077898183,29.96136795184568,159.1614013752083,1.233712473598319,550.0,918.0,463.75,1
parallel_run_1026,Archetype_2,0,0.2741428764761056,0.983698790696106,0.9090909090909092,0.1339599808747519,0,1,0,3,0.3333333333333333,8.679848728865139,17.93322578398463,2.012220077079774,83.75880309023228,1452.198189273966,0.1702477055167378,188.3270361277955,136.3991131874458,182.3163284478816,0.9737019697352638,550.0,918.0,463.75,0
parallel_run_1027,Archetype_2,0,0.4784810314562205,0.9562426531160024,0.8333333333333334,0.0200117295242041,0,1,0,3,0.3333333333333333,10.55930465773863,9.95253445312245,2.521216447715092,45.35968846878346,1103.764527095477,0.4796032918726125,40.24829434892813,79.6642707844849,235.4042582741113,1.120275647130058,550.0,918.0,463.75,0
parallel_run_1028,Archetype_2,1,0.0776724208361474,0.9876379081890988,0.8333333333333334,0.0008955051709569,0,0,1,3,0.0,8.584062378535368,5.204947737148349,3.396878123134748,49.03717145112236,1633.945583329502,0.3831221102711273,55.84174480106363,55.43941616510568,267.3891249190509,1.103848703587101,550.0,918.0,463.75,0
parallel_run_1029,Archetype_2,2,1.0,0.929651225332512,0.5485606912873922,0.0022257858677857,0,1,0,3,0.3333333333333333,11.48324720641784,13.54496100580118,2.943629403674687,73.69619351630662,959.6890243777384,0.1556452540222857,26.07329355182583,17.9346609870809,270.2527552749784,1.24797609559057,550.0,918.0,463.75,2
parallel_run_1030,Archetype_2,0,0.1854750808658849,0.9820451003421544,0.8333333333333334,0.5105706763159781,0,1,0,3,0.0,8.239417824778362,19.86594006810631,2.185631748368638,84.78697422249212,1014.516711027553,0.5729610607824123,94.5537552962944,103.539963389083,112.696063975848,0.8568714170808833,550.0,918.0,463.75,0
parallel_run_1031,Archetype_2,1,0.0,1.0,0.8333333333333334,0.0501793991822829,0,0,0,2,0.0,10.74739923464404,14.72531853706425,2.344142683785495,39.79251941170135,1382.725160889254,0.1302190494638491,44.96744153575168,45.57905328193963,117.6699208576838,0.5147064197244176,550.0,918.0,463.75,1
parallel_run_1033,Archetype_2,0,0.6227094951133064,0.9524119611895556,0.8333333333333334,0.2874691286392182,0,1,0,3,0.3333333333333333,12.62912539162891,17.1844658696355,2.641849634690004,42.22256724024653,904.387351538265,0.3237095872395198,68.36904203871276,108.7516199458351,169.4200698119767,0.6476733781840518,550.0,918.0,463.75,0
parallel_run_1034,Archetype_2,0,9.21773183707204e-05,0.9999930961267078,0.0,0.0199190632051803,0,1,0,3,0.3333333333333333,6.522201326382715,12.39939167303931,3.618708160073463,47.13963660315678,739.0878598442532,0.2748268178242084,80.41869864667342,47.40439371988354,195.7889275941752,0.5500432829432993,550.0,918.0,463.75,0
parallel_run_1035,Archetype_2,2,1.0,0.914017456555706,0.8333333333333334,0.0299092438996938,0,1,0,3,0.3333333333333333,9.384437367855847,18.12707624626986,2.907152582017375,82.60031647176109,883.1361687269793,0.196669248894807,66.74094420558276,73.27740104246614,210.9777341720553,1.294178414837762,550.0,918.0,463.75,2
parallel_run_1036,Archetype_2,0,0.4307936393229822,0.9535385534372568,0.6720164870291278,0.5350807315943396,0,1,0,3,0.0,14.37657933613404,18.84410004062273,2.669185145620158,35.03786974557758,1927.503758948734,0.53662187709572,185.9380919407641,28.71237259798763,240.7907661092698,1.211179443278551,550.0,918.0,463.75,0
parallel_run_1037,Archetype_2,0,0.0033322998576618,0.9998118100124952,0.8333333333333334,0.0079595216151993,0,1,0,3,0.3333333333333333,12.88294506062676,16.47370199557806,3.916427027915539,33.29873756204726,1553.403975838957,0.1037951584613293,35.14190572583635,68.48407504836385,165.2840596040335,1.272212627733274,550.0,918.0,463.75,0
parallel_run_1038,Archetype_2,1,0.1886234004214816,0.9840192895170896,0.8333333333333334,0.4372759689338752,0,0,0,2,0.0,13.71417304507693,19.94297232922278,3.190463394584546,39.35568050526847,1306.802190395147,0.4398896859558368,173.4756545582791,57.55417542909995,217.6461551705664,0.6040099969531483,550.0,918.0,463.75,1
parallel_run_1039,Archetype_2,2,0.7683352118436284,0.903367446249464,0.0,0.2466630959584561,0,1,0,3,0.0,10.0542437922061,9.52808842232428,2.7551726834745,63.83059444783521,602.6095239046633,0.5655852937121579,52.9250694322663,12.91258574592992,212.3338287792068,0.8863857524748795,550.0,918.0,463.75,2
parallel_run_1040,Archetype_2,0,0.3329504754551074,0.9801444165931028,0.3858901122707418,0.092230464691479,0,1,0,3,0.0,8.902950966584617,17.34337950080082,3.071726683251704,72.97629984854609,1254.634228844618,0.0922887709307529,134.989883752535,20.33996544789689,133.8281740992772,0.6978638514594209,550.0,918.0,463.75,0
parallel_run_1041,Archetype_2,0,0.3676784539223623,0.9317724598076008,0.7148607654909124,0.202051578125442,0,1,0,3,0.3333333333333333,5.219692016072181,5.614852538476582,3.507907836572578,37.36349927885944,613.7680335920102,0.2904762209302906,148.1467328115624,131.7779486933157,207.8141490530652,1.146935950080092,550.0,918.0,463.75,0
parallel_run_1042,Archetype_2,1,0.0387874491800733,0.9938443643236629,0.768259267402433,-6.918336622123744e-17,0,0,1,3,0.0,11.93340271693271,5.317576274973425,3.28343831907141,71.54504448894762,1838.989919269122,0.4945103601576556,50.50487388868805,23.73720438973167,225.8680659378676,1.111263875962919,550.0,918.0,463.75,0
parallel_run_1043,Archetype_2,2,1.0,0.9287814226250604,0.0224963429840278,0.0516511284216589,0,1,0,3,0.3333333333333333,7.847009180844555,15.10246331425202,2.220849460660624,49.56921416774286,674.7929181340594,0.181477849380431,32.85601950306146,137.9877963370772,282.6442521246439,1.072413780762075,550.0,918.0,463.75,2
parallel_run_1044,Archetype_2,0,0.337524101746239,0.96254852133757,0.6030864467514329,0.0064004683839148,0,1,0,3,0.0,5.307304167754404,8.062741299807017,2.856484395403244,90.46559420208708,591.9263990795743,0.5853009355147591,97.7904136753744,36.39089163854832,254.8378904988671,0.9033851808539108,550.0,918.0,463.75,0
parallel_run_1045,Archetype_2,2,1.0,0.9523657382600184,0.8333333333333334,0.0,0,1,0,1,1.0,8.088620780419058,19.64969158227921,2.445246324409711,38.13315627139157,846.5530044686006,0.2872874174759508,41.0140129305388,66.19506893135303,296.218590405105,0.6626148413292461,550.0,918.0,463.75,1
parallel_run_1046,Archetype_2,0,0.5916020292557448,0.948071839009904,0.6459088269489739,0.3903642744189404,0,1,0,3,0.0,7.737878589250059,17.65262552890793,2.04343847591413,60.65256661819086,794.1535603498564,0.3905802979433853,158.1284539410613,28.1308721236521,148.7173157451602,1.000044063032848,550.0,918.0,463.75,0
parallel_run_1047,Archetype_2,2,0.6667273973759765,0.931594633861302,0.7486108466625522,0.4903629286254252,0,1,0,3,0.3333333333333333,13.0646439961812,18.24589508543017,2.716732587027388,46.65131170230379,725.1054169218328,0.5115983993063354,64.21434402267955,101.3397416534369,115.4601576016992,0.561267319729339,550.0,918.0,463.75,2
parallel_run_1048,Archetype_2,0,0.0,1.0,0.8333333333333334,0.0041358837660898,0,1,0,3,0.3333333333333333,14.55899147105204,16.92400224464144,4.505870455669541,48.66008960426488,1880.428773878496,0.1898057560671069,25.33689484018815,53.21861456331589,186.1609652237962,0.6245236166119492,550.0,918.0,463.75,0
parallel_run_1049,Archetype_2,2,0.9190728411154144,0.9322389548005284,0.8113847864639184,0.061454502745367,0,1,0,3,0.3333333333333333,6.902588311173137,13.28544430155988,2.608092824810263,48.10349831449953,712.0868495925945,0.5809073215674864,59.06523453291005,146.7428585041353,298.5472537308848,1.224555548142108,550.0,918.0,463.75,2
parallel_run_1051,Archetype_2,0,0.000269655102378,0.9999866283962148,0.8320705591595707,-7.704663721644229e-17,0,1,0,3,0.0,5.645937846490421,19.08999399027946,4.574685372982158,59.43535530068567,740.044618160573,0.4465748804743228,76.02908933133577,44.09919367093785,262.8462682705834,0.782484278393255,1303.8,277.8,147.0,0
parallel_run_1052,Archetype_2,0,0.1173599607719742,0.9919143544082876,0.6297787616725307,0.1172862265243183,0,1,0,3,0.3333333333333333,13.49964268135165,15.33095577911059,4.464674582116157,42.94616278436651,1185.794953774338,0.117649937817252,137.4023502352264,22.49168264409253,128.2191212271367,0.5911665438533666,1303.8,277.8,147.0,0
parallel_run_1053,Archetype_2,1,0.0013379865173014,0.9999152533838068,0.8333333333333334,0.2347592514368636,0,0,0,2,0.0,6.405292284318544,19.53555145216947,3.764585606427318,64.73890400335439,850.6267050193985,0.2646507902451352,37.50790122422556,110.5320184729022,100.9223548185412,1.28665717130124,1303.8,277.8,147.0,1
parallel_run_1054,Archetype_2,1,0.3778891555681015,0.9720349134190194,0.0459784256114268,0.1774891848528267,0,0,0,2,0.0,5.078233488755179,15.36811055664406,4.023785290991664,68.86856051780249,1676.075248578451,0.2246787017126815,129.5689761803989,24.65199699594505,232.3224413807133,0.6774859235206085,1303.8,277.8,147.0,1
parallel_run_1055,Archetype_2,2,0.8237901848993432,0.9116301876555482,0.9090909090909092,0.0306445160907,0,1,0,3,0.3333333333333333,9.795367374301884,8.46566765326878,4.968477490368761,93.10632240494294,1005.748088406246,0.0638931166280094,56.87494984404746,127.412906728483,150.7886454235,1.149819164967017,1303.8,277.8,147.0,2
parallel_run_1056,Archetype_2,0,0.1413936600504758,0.9885187435014592,0.9090909090909512,0.1389691222112865,0,1,0,3,0.3333333333333333,13.21427123302489,12.99077849367701,2.804621181868556,57.60856169568081,1509.042894252557,0.202994166366049,91.80831738898752,122.5526135883852,139.657431483073,1.128863155150354,1303.8,277.8,147.0,0
parallel_run_1058,Archetype_2,1,0.2555447903967783,0.9723718700643802,0.0,0.0516670223260116,0,0,0,2,0.0,6.639503134093878,8.702036358183824,2.460006477284389,50.84918084009174,1224.275709388201,0.14250239653806,114.0559579566393,16.49310952489565,222.5836742807619,1.025953997214746,1303.8,277.8,147.0,1
parallel_run_1060,Archetype_2,1,0.0,1.0,0.8257111191489356,0.3962075884213255,0,0,0,2,0.0,13.53541818756549,17.50384951367896,4.718111782544003,32.06607470803334,1682.919135964777,0.407888008510583,62.79308556464255,40.8608152984074,108.3468966403483,0.7505038651828599,1303.8,277.8,147.0,1
parallel_run_1061,Archetype_2,1,0.1350172877884664,0.9868656659764002,0.7922998866346637,0.3406810520577603,0,0,0,2,0.0,9.589786864094185,14.52009542132607,2.25760526337914,95.46321746956043,1743.776803747743,0.3420270254820715,154.4883468009115,38.07535167163682,155.3553685224774,0.5347162870897352,1303.8,277.8,147.0,1
parallel_run_1063,Archetype_2,0,0.0,1.0,0.8333333333333378,0.1179199041632407,0,1,0,3,0.3333333333333333,11.5724650899624,15.71417657225041,2.505463074151018,37.82135289309134,1732.171085268251,0.2966680057335894,87.89904124731528,124.3179479506931,188.0589961374106,0.6121933944560484,1303.8,277.8,147.0,0
parallel_run_1064,Archetype_2,0,0.4820898431738407,0.97123531954881,0.0,0.0621901668600661,0,1,0,3,0.0,7.401877309695345,16.72060108361629,4.239354502223774,78.9004950381646,763.9731909619118,0.0862171753274194,168.5882939237162,10.48455250370037,274.1962939177321,0.9381802418748396,1303.8,277.8,147.0,0
parallel_run_1065,Archetype_2,1,0.0,1.0,0.5183841188397095,0.0002709973013863,0,0,0,2,0.0,6.226512320545174,10.57007202633626,4.816232216133942,78.55254926123328,1473.572870709382,0.3084672339978864,39.11190515019379,26.58517665913403,167.9697151744124,0.8989728030906465,1303.8,277.8,147.0,1
parallel_run_1066,Archetype_2,1,0.1520199309400808,0.9860768177688394,0.8333333333333334,0.2191667637629912,0,0,0,2,0.0,8.028178927033153,12.69358091967134,3.112625106465832,36.62334427994244,1295.694779439287,0.2513937760739758,117.9684651723182,90.13045861303728,158.0544197808208,0.9195426682975842,1303.8,277.8,147.0,1
parallel_run_1067,Archetype_2,1,0.1910993321249268,0.976082107391512,0.7041876339316333,0.0232096562189039,0,0,0,2,0.0,5.772023405404161,7.116169331792253,2.064522668331408,56.51085137099933,1786.195480402135,0.0232508350807578,161.0329775531958,25.14851249315225,197.822121004284,0.7197444930411876,1303.8,277.8,147.0,1
parallel_run_1068,Archetype_2,0,0.1354246738473334,0.9921282568719044,0.8333333333333334,0.0633243167449872,0,1,0,3,0.3333333333333333,9.480794663304136,17.03804542014852,4.639878986106728,99.35855694037711,1250.245306083507,0.4168895798584492,43.35096290748591,149.1588574610129,277.1890738836713,1.083347637799514,1303.8,277.8,147.0,0
parallel_run_1069,Archetype_2,2,1.0,0.9104155061780916,0.8333333333333334,0.2757720216467369,0,1,0,3,0.3333333333333333,12.59017345046845,19.02253176729523,3.9523185428614,96.0626212890334,921.343979285896,0.3159410008343269,143.9201303011419,83.56764829664709,247.3963377767511,1.184696545793093,1303.8,277.8,147.0,2
parallel_run_1070,Archetype_2,2,0.7223572347425867,0.9455743696191616,0.0,0.3202817863173719,0,1,0,3,0.3333333333333333,13.88681027006693,18.61075821619153,4.347085125891433,43.42201779666991,778.7163195623369,0.5440908291581393,33.79114171279144,30.41474642500482,289.3256653337539,0.7671046222699125,1303.8,277.8,147.0,2
parallel_run_1071,Archetype_2,1,0.17555239481114,0.948616134662116,0.037831111881357,0.556893225496292,0,0,0,2,0.0,10.32199462340584,6.699275404416465,2.08038382636346,44.79361792876074,979.8557987975116,0.595749285135953,177.31500644115,11.06955829270862,290.4698168059626,1.067301995703033,1303.8,277.8,147.0,1
parallel_run_1072,Archetype_2,0,0.0330913711659972,0.9967086587576688,0.83333333333332,0.303598574139862,0,1,0,3,0.3333333333333333,10.44667181037197,13.25070225132207,4.259523874160369,88.11039822390016,1086.489408610497,0.3604504262054547,93.26680170863348,86.31118950437782,141.2036987315458,0.8099763525700954,1303.8,277.8,147.0,0
parallel_run_1073,Archetype_2,1,0.0,1.0,0.8333333333333299,0.3262346316655767,0,0,0,2,0.0,7.193260089885094,11.65964368980142,4.36245347424116,67.47086947928852,860.866485459772,0.3929505433301446,47.88817474253383,105.9284432028051,105.7696635231778,0.7077017593878874,1303.8,277.8,147.0,1
parallel_run_1074,Archetype_2,3,2.5888092093173845e-06,0.9999998477369886,1.680316035697225e-09,0.0,1,1,1,4,0.75,10.87938801553206,16.037856129965,2.961086101395173,69.6604654795751,1130.70880630468,0.3289402099742169,45.2910359937304,14.91317533979289,294.1194921299998,1.165324106539424,1303.8,277.8,147.0,3
parallel_run_1075,Archetype_2,0,0.2750379253247893,0.9819229405775478,0.9090909090909092,0.2566062889504056,0,1,0,3,0.3333333333333333,11.04944243362644,19.24071518137925,3.605624564480587,53.85239415205597,1355.675352940887,0.2611936824169285,192.5155188876426,93.4514385332439,163.183152602084,0.9537850554699546,1303.8,277.8,147.0,0
parallel_run_1076,Archetype_2,0,0.315289773642871,0.9616631058766704,0.8333333333333334,0.5159851276114804,0,1,0,3,0.0,9.08917883368848,15.93141516714483,2.552097542916801,87.05159164902761,516.4075892774002,0.5259683590341234,164.5121833558311,80.95119800030251,191.2553856341034,1.094491785369062,1303.8,277.8,147.0,0
parallel_run_1077,Archetype_2,1,0.0,1.0,0.8333333333333393,0.3429644582113657,0,0,0,2,0.0,6.022122980882333,10.18624643812967,4.118622604217991,44.05635878211464,657.7419002366751,0.4846669501207773,27.38228323221475,120.2686065600439,118.8863494549756,1.050243965660369,1303.8,277.8,147.0,1
parallel_run_1078,Archetype_2,0,0.0890610971483429,0.995535348355182,0.8333333333333334,0.0176785116170444,0,1,0,3,0.3333333333333333,12.81217303836103,18.79926099501478,3.671884488568053,46.3834911494316,1976.5423669876,0.4556973803877963,98.27765434529884,77.3225987347966,261.8146648055326,0.8637011623017257,1303.8,277.8,147.0,0
parallel_run_1079,Archetype_2,2,1.0,0.9267964177327602,0.0,0.0270522529343041,0,1,0,3,0.3333333333333333,11.30329623906534,14.11358006738063,2.119776423336449,80.39616228749757,927.2926047619708,0.0269989646361896,110.5634989792129,18.96908617913164,123.0786965714163,1.005760777712649,1303.8,277.8,147.0,2
parallel_run_1080,Archetype_2,1,0.0,1.0,0.7552004060364593,0.003972539492813,0,0,0,2,0.0,9.208165790113028,15.46907671514874,4.545251827774964,38.83541580815834,1956.9090829731,0.1622856966902549,21.41825610127897,34.46180060490662,143.3953587386619,1.21370144627473,1303.8,277.8,147.0,1
parallel_run_1082,Archetype_2,0,0.001492830710726,0.9999223897790328,0.8287109261112268,0.0138916512513926,0,1,0,3,0.3333333333333333,11.79622827938521,18.29050969456285,4.169805421292692,52.8848948871502,1412.193873679556,0.4257887667081556,79.79357681981203,42.21866859739012,215.0694877114157,0.8330072175424368,1303.8,277.8,147.0,0
parallel_run_1083,Archetype_2,2,0.5003763416438147,0.9395603067361176,0.0,0.0034495317961516,0,1,0,3,0.3333333333333333,7.646521843235478,7.231058342555429,3.31458691916786,41.69964252763987,671.0160759439195,0.4157057803155249,70.94792328052574,46.67117715729472,250.4862261361136,0.7327865198402268,1303.8,277.8,147.0,2
parallel_run_1084,Archetype_2,2,1.0,0.8926325428590018,0.1847988992842129,0.2069667016296664,0,1,0,3,0.0,13.36289726948865,19.43255606974088,2.149756002614726,98.31009612961368,830.6769291617317,0.3440972357975186,24.40106928622523,21.65487938516236,225.1829757871136,1.25645844295112,1303.8,277.8,147.0,2
parallel_run_1085,Archetype_2,0,0.2027091280270126,0.9790028858339912,0.0,0.0601011091559376,0,1,0,3,0.3333333333333333,8.364797989299861,9.192250646467237,3.860538328046275,34.3813015352484,788.3970389732821,0.4717590306136611,144.6892794848065,41.70303632080136,285.1192728451363,0.9914750935718764,1303.8,277.8,147.0,0
parallel_run_1086,Archetype_2,0,0.2617678585661904,0.9845486543665968,0.0,0.03238850535978,0,1,0,3,0.3333333333333333,14.90080910970151,16.57440810558032,2.987874773593921,45.48329767203269,1579.101973947642,0.0323452792956046,124.7691560752347,13.25130095356169,131.0360691937709,1.160280557751469,1303.8,277.8,147.0,0
parallel_run_1087,Archetype_2,2,1.0,0.8677441683748733,0.6372757951878146,0.0121307216641624,0,1,0,3,0.3333333333333333,6.738724478605125,10.74467739481464,4.059979339446745,91.01635205906643,546.9101382223519,0.1271291449095846,29.64904233951978,50.75070528467045,175.7269183945674,1.085475702971351,1303.8,277.8,147.0,2
parallel_run_1088,Archetype_2,2,1.0,0.888235198568459,0.0,0.2784043124560196,0,1,0,3,0.3333333333333333,12.29475505195811,16.20117521024517,2.57668959775238,86.126770574267,694.6303209657378,0.3562216088726904,35.8027220756866,64.20784236580666,271.3979072062631,0.7973279454902197,1303.8,277.8,147.0,2
parallel_run_1089,Archetype_2,1,0.7140233555128536,0.9370520021992332,0.5296276317222649,0.2469646901851651,0,0,0,2,0.0,5.41478544277491,13.9696886981829,3.800167267124271,93.40190108464566,1614.000840022941,0.2479437183689544,197.1143613561278,32.13386871974967,137.2906070612262,1.198479495410149,1303.8,277.8,147.0,1
parallel_run_1090,Archetype_2,0,0.0,1.0,0.9090909090909092,0.0771680159563706,0,1,0,3,0.3333333333333333,7.325244866915437,6.133456484961489,2.849506395765022,36.13139533184066,1846.939556478707,0.1045903725178832,104.708041937107,141.4654323491187,103.7582240168401,0.5719642415394346,1303.8,277.8,147.0,0
parallel_run_1091,Archetype_2,0,0.0,1.0,0.8333333333332941,-2.7811424973347686e-17,0,1,0,3,0.3333333333333333,10.09356256031139,11.29063222601615,4.76846366035301,76.79579046522252,1053.739944648393,0.2204308342752106,41.70644304050847,45.01347485513899,281.050931209811,1.263414311242694,1303.8,277.8,147.0,0
parallel_run_1092,Archetype_2,0,0.2030813873001871,0.9870971452635736,0.8333333333333334,0.0443782114817716,0,1,0,3,0.0,6.186101812756469,15.06385238110333,2.884344918055505,31.24493007510238,986.5491512115816,0.0557544202849528,84.24127174220122,94.4970799647684,145.9465456157096,1.018398256176594,1303.8,277.8,147.0,0
parallel_run_1094,Archetype_2,1,0.0004258170387188,0.9999486521134376,0.8333333333333334,0.0865551691853198,0,0,0,2,0.0,5.875103409596851,7.908293010058282,2.390464514085502,54.80879767084504,951.9658153072828,0.3730351891050821,88.41266743681159,98.35668950325385,201.4163575543587,0.6395764243792184,1303.8,277.8,147.0,1
parallel_run_1095,Archetype_2,1,2.278490970751208e-05,0.99999645949052,0.8329620080050433,0.0751877043897287,0,0,0,2,0.0,9.89273547819015,5.915838497469448,4.894747269895554,35.37340681692577,1159.023486619083,0.501565989511877,72.72853972209614,37.63505720582668,179.0711115343357,0.7616663464940141,1303.8,277.8,147.0,1
parallel_run_1096,Archetype_2,0,1.421775371172198e-05,0.9999991876060096,0.0,0.0,0,1,0,3,0.3333333333333333,14.08524419392078,16.31334378769262,2.308954015500626,40.52170066997526,1429.94499687827,0.4596363285181422,47.00410072502583,15.67060968778293,242.31607024993,1.191021807579522,1303.8,277.8,147.0,0
parallel_run_1097,Archetype_2,0,0.2252309938887925,0.9613402498139004,0.5404108171189826,0.2287956173916831,0,1,0,3,0.0,12.41392231723704,6.505360896541484,2.371739473104665,32.39759536864331,816.6382880545631,0.5170204646406725,23.22847379435524,49.02752712084806,184.9716219995724,1.138692518506339,1303.8,277.8,147.0,0
parallel_run_1098,Archetype_2,0,0.1105249217541851,0.990335033786142,0.8333333333333334,0.3789268623441097,0,1,0,3,0.0,11.20531214550689,17.28918987462175,2.41534597807669,62.25120319523698,1520.929737606235,0.5566745144953847,74.0786242796822,117.154618835779,125.2618930845108,1.040699628833873,1303.8,277.8,147.0,0
parallel_run_1099,Archetype_2,0,0.0650581332882766,0.9950451128634028,0.8333333333333334,0.0114968811424071,0,1,0,3,0.3333333333333333,14.76040816329797,11.89711135068584,3.420702396064348,30.231907913922,1810.531238432742,0.1512092640839279,103.1976415956362,60.53852960346411,259.9151824744392,0.8372539290562797,1303.8,277.8,147.0,0
parallel_run_1100,Archetype_2,1,0.0005699496546198,0.9999651768637904,0.7065827387186462,0.0232884268080173,0,0,0,2,0.0,7.125713809407731,15.76402470243221,2.203821019158463,30.66474775106086,1916.270048437812,0.5283635710427317,61.25580077898183,29.96136795184568,159.1614013752083,1.233712473598319,1303.8,277.8,147.0,1
parallel_run_1101,Archetype_2,0,0.222932949450171,0.9866578698026852,0.9090909090909092,0.1387499332691168,0,1,0,3,0.3333333333333333,8.679848728865139,17.93322578398463,2.012220077079774,83.75880309023228,1452.198189273966,0.1702477055167378,188.3270361277955,136.3991131874458,182.3163284478816,0.9737019697352638,1303.8,277.8,147.0,0
parallel_run_1102,Archetype_2,0,0.1507328592297634,0.98618581185343,0.8333333333333334,0.0182049546232228,0,1,0,3,0.3333333333333333,10.55930465773863,9.95253445312245,2.521216447715092,45.35968846878346,1103.764527095477,0.4796032918726125,40.24829434892813,79.6642707844849,235.4042582741113,1.120275647130058,1303.8,277.8,147.0,0
parallel_run_1103,Archetype_2,1,3.897743476824181e-05,0.9999939246632384,0.8333333333333334,3.272608986195607e-05,0,0,0,2,0.0,8.584062378535368,5.204947737148349,3.396878123134748,49.03717145112236,1633.945583329502,0.3831221102711273,55.84174480106363,55.43941616510568,267.3891249190509,1.103848703587101,1303.8,277.8,147.0,1
parallel_run_1104,Archetype_2,2,1.0,0.9301900967664962,0.6514387137684242,0.0028978448894046,0,1,0,3,0.3333333333333333,11.48324720641784,13.54496100580118,2.943629403674687,73.69619351630662,959.6890243777384,0.1556452540222857,26.07329355182583,17.9346609870809,270.2527552749784,1.24797609559057,1303.8,277.8,147.0,2
parallel_run_1105,Archetype_2,0,0.1394944132684313,0.985663862847834,0.8333333333333334,0.5340110684303806,0,1,0,3,0.0,8.239417824778362,19.86594006810631,2.185631748368638,84.78697422249212,1014.516711027553,0.5729610607824123,94.5537552962944,103.539963389083,112.696063975848,0.8568714170808833,1303.8,277.8,147.0,0
parallel_run_1106,Archetype_2,1,0.0,1.0,0.8333333333333334,0.0513875282674688,0,0,0,2,0.0,10.74739923464404,14.72531853706425,2.344142683785495,39.79251941170135,1382.725160889254,0.1302190494638491,44.96744153575168,45.57905328193963,117.6699208576838,0.5147064197244176,1303.8,277.8,147.0,1
parallel_run_1108,Archetype_2,0,0.6108727298173783,0.9530759576555936,0.8333333333333334,0.2926084067991529,0,1,0,3,0.3333333333333333,12.62912539162891,17.1844658696355,2.641849634690004,42.22256724024653,904.387351538265,0.3237095872395198,68.36904203871276,108.7516199458351,169.4200698119767,0.6476733781840518,1303.8,277.8,147.0,0
parallel_run_1109,Archetype_2,0,1.5616502720960042e-05,0.9999988025484804,0.8333333333333327,0.0391513515904683,0,1,1,4,0.0,6.522201326382715,12.39939167303931,3.618708160073463,47.13963660315678,739.0878598442532,0.2748268178242084,80.41869864667342,47.40439371988354,195.7889275941752,0.5500432829432993,1303.8,277.8,147.0,0
parallel_run_1110,Archetype_2,2,1.0,0.9239523251814,0.8333333333333334,0.0220186973999509,0,1,0,3,0.3333333333333333,9.384437367855847,18.12707624626986,2.907152582017375,82.60031647176109,883.1361687269793,0.196669248894807,66.74094420558276,73.27740104246614,210.9777341720553,1.294178414837762,1303.8,277.8,147.0,2
parallel_run_1111,Archetype_2,1,0.3481657242453344,0.9622162927146686,0.7745180518108695,0.5369518034128904,0,0,0,2,0.0,14.37657933613404,18.84410004062273,2.669185145620158,35.03786974557758,1927.503758948734,0.53662187709572,185.9380919407641,28.71237259798763,240.7907661092698,1.211179443278551,1303.8,277.8,147.0,1
parallel_run_1112,Archetype_2,0,0.0,1.0,0.8333333333333538,0.0207895195339923,0,1,0,3,0.3333333333333333,12.88294506062676,16.47370199557806,3.916427027915539,33.29873756204726,1553.403975838957,0.1037951584613293,35.14190572583635,68.48407504836385,165.2840596040335,1.272212627733274,1303.8,277.8,147.0,0
parallel_run_1113,Archetype_2,1,0.1502994679168119,0.987454617002231,0.8333333333333334,0.4341689420956967,0,0,0,2,0.0,13.71417304507693,19.94297232922278,3.190463394584546,39.35568050526847,1306.802190395147,0.4398896859558368,173.4756545582791,57.55417542909995,217.6461551705664,0.6040099969531483,1303.8,277.8,147.0,1
parallel_run_1114,Archetype_2,2,0.7694938954404659,0.9039556543675564,0.0,0.2448616008342738,0,1,0,3,0.0,10.0542437922061,9.52808842232428,2.7551726834745,63.83059444783521,602.6095239046633,0.5655852937121579,52.9250694322663,12.91258574592992,212.3338287792068,0.8863857524748795,1303.8,277.8,147.0,2
parallel_run_1115,Archetype_2,1,0.2526777096189789,0.9848828620403624,0.7281367051302405,0.0919380774010311,0,0,0,2,0.0,8.902950966584617,17.34337950080082,3.071726683251704,72.97629984854609,1254.634228844618,0.0922887709307529,134.989883752535,20.33996544789689,133.8281740992772,0.6978638514594209,1303.8,277.8,147.0,1
parallel_run_1116,Archetype_2,0,0.3651898330807677,0.931782717994622,0.6949372171059406,0.2031411522925214,0,1,0,3,0.3333333333333333,5.219692016072181,5.614852538476582,3.507907836572578,37.36349927885944,613.7680335920102,0.2904762209302906,148.1467328115624,131.7779486933157,207.8141490530652,1.146935950080092,1303.8,277.8,147.0,0
parallel_run_1117,Archetype_2,1,0.0,1.0,0.818847013607058,0.0003287842876601,0,0,0,2,0.0,11.93340271693271,5.317576274973425,3.28343831907141,71.54504448894762,1838.989919269122,0.4945103601576556,50.50487388868805,23.73720438973167,225.8680659378676,1.111263875962919,1303.8,277.8,147.0,1
parallel_run_1118,Archetype_2,2,1.0,0.9284767466482918,0.0,0.0611777374496803,0,1,0,3,0.3333333333333333,7.847009180844555,15.10246331425202,2.220849460660624,49.56921416774286,674.7929181340594,0.181477849380431,32.85601950306146,137.9877963370772,282.6442521246439,1.072413780762075,1303.8,277.8,147.0,2
parallel_run_1119,Archetype_2,0,0.2028532309664988,0.9775913077426088,0.6497196882178529,0.0034522948866436,0,1,0,3,0.0,5.307304167754404,8.062741299807017,2.856484395403244,90.46559420208708,591.9263990795743,0.5853009355147591,97.7904136753744,36.39089163854832,254.8378904988671,0.9033851808539108,1303.8,277.8,147.0,0
parallel_run_1120,Archetype_2,0,0.6236519471119414,0.9700464216840992,0.8105667903935783,9.531904065781885e-18,0,1,0,2,0.5,8.088620780419058,19.64969158227921,2.445246324409711,38.13315627139157,846.5530044686006,0.2872874174759508,41.0140129305388,66.19506893135303,296.218590405105,0.6626148413292461,1303.8,277.8,147.0,1
parallel_run_1121,Archetype_2,1,0.4855032114847023,0.95751121862488,0.7176702481516457,0.389732772422774,0,0,0,2,0.0,7.737878589250059,17.65262552890793,2.04343847591413,60.65256661819086,794.1535603498564,0.3905802979433853,158.1284539410613,28.1308721236521,148.7173157451602,1.000044063032848,1303.8,277.8,147.0,1
parallel_run_1122,Archetype_2,2,0.6196099115186301,0.9360516124592616,0.746098867408856,0.4975552579112078,0,1,0,3,0.3333333333333333,13.0646439961812,18.24589508543017,2.716732587027388,46.65131170230379,725.1054169218328,0.5115983993063354,64.21434402267955,101.3397416534369,115.4601576016992,0.561267319729339,1303.8,277.8,147.0,2
parallel_run_1123,Archetype_2,0,0.0,1.0,0.8333333333333122,0.0093830452759132,0,1,0,3,0.3333333333333333,14.55899147105204,16.92400224464144,4.505870455669541,48.66008960426488,1880.428773878496,0.1898057560671069,25.33689484018815,53.21861456331589,186.1609652237962,0.6245236166119492,1303.8,277.8,147.0,0
parallel_run_1124,Archetype_2,2,0.8832140885712715,0.9339974592831644,0.8167784852328018,0.0708402654845947,0,1,0,3,0.3333333333333333,6.902588311173137,13.28544430155988,2.608092824810263,48.10349831449953,712.0868495925945,0.5809073215674864,59.06523453291005,146.7428585041353,298.5472537308848,1.224555548142108,1303.8,277.8,147.0,2
parallel_run_1126,Archetype_2,0,0.001049717212442,0.9999477527586668,0.8303644517167444,0.0,0,1,0,3,0.0,5.645937846490421,19.08999399027946,4.574685372982158,59.43535530068567,740.044618160573,0.4465748804743228,76.02908933133577,44.09919367093785,262.8462682705834,0.782484278393255,1115.2,513.4,284.70000000000005,0
parallel_run_1127,Archetype_2,0,0.1349686555850784,0.990758965244272,0.4722284380836278,0.11732397005293,0,1,0,3,0.3333333333333333,13.49964268135165,15.33095577911059,4.464674582116157,42.94616278436651,1185.794953774338,0.117649937817252,137.4023502352264,22.49168264409253,128.2191212271367,0.5911665438533666,1115.2,513.4,284.70000000000005,0
parallel_run_1128,Archetype_2,1,0.1376969833502955,0.9914852798411682,0.8333333333333334,0.2085123655986646,0,0,0,2,0.0,6.405292284318544,19.53555145216947,3.764585606427318,64.73890400335439,850.6267050193985,0.2646507902451352,37.50790122422556,110.5320184729022,100.9223548185412,1.28665717130124,1115.2,513.4,284.70000000000005,1
parallel_run_1129,Archetype_2,1,0.4098767625060692,0.969534797322026,0.0,0.1773599944310666,0,0,0,2,0.0,5.078233488755179,15.36811055664406,4.023785290991664,68.86856051780249,1676.075248578451,0.2246787017126815,129.5689761803989,24.65199699594505,232.3224413807133,0.6774859235206085,1115.2,513.4,284.70000000000005,1
parallel_run_1130,Archetype_2,2,0.8211163070416658,0.9111703237319,0.8333333333333375,0.0385153767475807,0,1,0,3,0.3333333333333333,9.795367374301884,8.46566765326878,4.968477490368761,93.10632240494294,1005.748088406246,0.0638931166280094,56.87494984404746,127.412906728483,150.7886454235,1.149819164967017,1115.2,513.4,284.70000000000005,2
parallel_run_1131,Archetype_2,0,0.1884705312243985,0.9846522114640708,0.909090909090909,0.1434450893827804,0,1,0,3,0.3333333333333333,13.21427123302489,12.99077849367701,2.804621181868556,57.60856169568081,1509.042894252557,0.202994166366049,91.80831738898752,122.5526135883852,139.657431483073,1.128863155150354,1115.2,513.4,284.70000000000005,0
parallel_run_1133,Archetype_2,1,0.3034796694408365,0.9672736353156506,0.0,0.0505146680365885,0,0,0,2,0.0,6.639503134093878,8.702036358183824,2.460006477284389,50.84918084009174,1224.275709388201,0.14250239653806,114.0559579566393,16.49310952489565,222.5836742807619,1.025953997214746,1115.2,513.4,284.70000000000005,1
parallel_run_1135,Archetype_2,1,4.55773202638808e-06,0.9999995937705882,0.8168708458135849,0.3978975273838907,0,0,0,2,0.0,13.53541818756549,17.50384951367896,4.718111782544003,32.06607470803334,1682.919135964777,0.407888008510583,62.79308556464255,40.8608152984074,108.3468966403483,0.7505038651828599,1115.2,513.4,284.70000000000005,1
parallel_run_1136,Archetype_2,1,0.1563236672378408,0.9847862261395262,0.7979994909197532,0.3413913349532249,0,0,0,2,0.0,9.589786864094185,14.52009542132607,2.25760526337914,95.46321746956043,1743.776803747743,0.3420270254820715,154.4883468009115,38.07535167163682,155.3553685224774,0.5347162870897352,1115.2,513.4,284.70000000000005,1
parallel_run_1138,Archetype_2,0,0.0002555109354307,0.999983369605514,0.8333333333333334,0.1002529168004139,0,1,0,3,0.3333333333333333,11.5724650899624,15.71417657225041,2.505463074151018,37.82135289309134,1732.171085268251,0.2966680057335894,87.89904124731528,124.3179479506931,188.0589961374106,0.6121933944560484,1115.2,513.4,284.70000000000005,0
parallel_run_1139,Archetype_2,0,0.5159674077642991,0.969015140503766,0.0,0.0632112803631833,0,1,0,3,0.0,7.401877309695345,16.72060108361629,4.239354502223774,78.9004950381646,763.9731909619118,0.0862171753274194,168.5882939237162,10.48455250370037,274.1962939177321,0.9381802418748396,1115.2,513.4,284.70000000000005,0
parallel_run_1140,Archetype_2,1,0.0,1.0,0.5521651722865121,0.0003317376244958,0,0,0,2,0.0,6.226512320545174,10.57007202633626,4.816232216133942,78.55254926123328,1473.572870709382,0.3084672339978864,39.11190515019379,26.58517665913403,167.9697151744124,0.8989728030906465,1115.2,513.4,284.70000000000005,1
parallel_run_1141,Archetype_2,0,0.2280541810204756,0.9793420682360676,0.8333333333333334,0.2099983509801545,0,1,0,3,0.0,8.028178927033153,12.69358091967134,3.112625106465832,36.62334427994244,1295.694779439287,0.2513937760739758,117.9684651723182,90.13045861303728,158.0544197808208,0.9195426682975842,1115.2,513.4,284.70000000000005,0
parallel_run_1142,Archetype_2,1,0.2052117764505856,0.974236174894097,0.6534652852448564,0.0232534636500036,0,0,0,2,0.0,5.772023405404161,7.116169331792253,2.064522668331408,56.51085137099933,1786.195480402135,0.0232508350807578,161.0329775531958,25.14851249315225,197.822121004284,0.7197444930411876,1115.2,513.4,284.70000000000005,1
parallel_run_1143,Archetype_2,0,0.1719575819081752,0.99017384914573,0.8333333333333334,0.0484942744477522,0,1,0,3,0.3333333333333333,9.480794663304136,17.03804542014852,4.639878986106728,99.35855694037711,1250.245306083507,0.4168895798584492,43.35096290748591,149.1588574610129,277.1890738836713,1.083347637799514,1115.2,513.4,284.70000000000005,0
parallel_run_1144,Archetype_2,2,1.0,0.908410727906179,0.8333333333333334,0.2755546244558283,0,1,0,3,0.3333333333333333,12.59017345046845,19.02253176729523,3.9523185428614,96.0626212890334,921.343979285896,0.3159410008343269,143.9201303011419,83.56764829664709,247.3963377767511,1.184696545793093,1115.2,513.4,284.70000000000005,2
parallel_run_1145,Archetype_2,2,0.7219234306770239,0.9455466607788124,0.0,0.3254835687002209,0,1,0,3,0.3333333333333333,13.88681027006693,18.61075821619153,4.347085125891433,43.42201779666991,778.7163195623369,0.5440908291581393,33.79114171279144,30.41474642500482,289.3256653337539,0.7671046222699125,1115.2,513.4,284.70000000000005,2
parallel_run_1146,Archetype_2,1,0.1844746764257814,0.945907029158852,0.0,0.5592595992733987,0,0,0,2,0.0,10.32199462340584,6.699275404416465,2.08038382636346,44.79361792876074,979.8557987975116,0.595749285135953,177.31500644115,11.06955829270862,290.4698168059626,1.067301995703033,1115.2,513.4,284.70000000000005,1
parallel_run_1147,Archetype_2,0,0.1033374111289652,0.9895349017505032,0.8333333333333334,0.3175468944955204,0,1,0,3,0.3333333333333333,10.44667181037197,13.25070225132207,4.259523874160369,88.11039822390016,1086.489408610497,0.3604504262054547,93.26680170863348,86.31118950437782,141.2036987315458,0.8099763525700954,1115.2,513.4,284.70000000000005,0
parallel_run_1148,Archetype_2,1,0.0,1.0,0.8333333333333334,0.3277068028989154,0,0,0,2,0.0,7.193260089885094,11.65964368980142,4.36245347424116,67.47086947928852,860.866485459772,0.3929505433301446,47.88817474253383,105.9284432028051,105.7696635231778,0.7077017593878874,1115.2,513.4,284.70000000000005,1
parallel_run_1149,Archetype_2,0,1.7326419811764944e-06,0.9999998992458544,0.0,0.0,0,1,0,3,0.3333333333333333,10.87938801553206,16.037856129965,2.961086101395173,69.6604654795751,1130.70880630468,0.3289402099742169,45.2910359937304,14.91317533979289,294.1194921299998,1.165324106539424,1115.2,513.4,284.70000000000005,0
parallel_run_1150,Archetype_2,0,0.2907745906726998,0.98102833038247,0.9090909090909106,0.2555570478132579,0,1,0,3,0.3333333333333333,11.04944243362644,19.24071518137925,3.605624564480587,53.85239415205597,1355.675352940887,0.2611936824169285,192.5155188876426,93.4514385332439,163.183152602084,0.9537850554699546,1115.2,513.4,284.70000000000005,0
parallel_run_1151,Archetype_2,0,0.3357648935706558,0.959004245603538,0.8333333333333334,0.5192161840244273,0,1,0,3,0.0,9.08917883368848,15.93141516714483,2.552097542916801,87.05159164902761,516.4075892774002,0.5259683590341234,164.5121833558311,80.95119800030251,191.2553856341034,1.094491785369062,1115.2,513.4,284.70000000000005,0
parallel_run_1152,Archetype_2,1,0.0002603591690845,0.9999651223481524,0.8333333333333334,0.3370748172863866,0,0,0,2,0.0,6.022122980882333,10.18624643812967,4.118622604217991,44.05635878211464,657.7419002366751,0.4846669501207773,27.38228323221475,120.2686065600439,118.8863494549756,1.050243965660369,1115.2,513.4,284.70000000000005,1
parallel_run_1153,Archetype_2,0,0.1308526321507042,0.9934288738866538,0.8333333333333334,0.025165209227725,0,1,0,3,0.3333333333333333,12.81217303836103,18.79926099501478,3.671884488568053,46.3834911494316,1976.5423669876,0.4556973803877963,98.27765434529884,77.3225987347966,261.8146648055326,0.8637011623017257,1115.2,513.4,284.70000000000005,0
parallel_run_1154,Archetype_2,2,1.0,0.926574759668764,0.0581189094809685,0.0269002341245788,0,1,0,3,0.3333333333333333,11.30329623906534,14.11358006738063,2.119776423336449,80.39616228749757,927.2926047619708,0.0269989646361896,110.5634989792129,18.96908617913164,123.0786965714163,1.005760777712649,1115.2,513.4,284.70000000000005,2
parallel_run_1155,Archetype_2,1,0.0,1.0,0.7109611105633165,0.0019524714127781,0,0,0,2,0.0,9.208165790113028,15.46907671514874,4.545251827774964,38.83541580815834,1956.9090829731,0.1622856966902549,21.41825610127897,34.46180060490662,143.3953587386619,1.21370144627473,1115.2,513.4,284.70000000000005,1
parallel_run_1157,Archetype_2,0,0.1270402217626636,0.9933383393161798,0.8158861792573503,0.0146606586690044,0,1,0,3,0.3333333333333333,11.79622827938521,18.29050969456285,4.169805421292692,52.8848948871502,1412.193873679556,0.4257887667081556,79.79357681981203,42.21866859739012,215.0694877114157,0.8330072175424368,1115.2,513.4,284.70000000000005,0
parallel_run_1158,Archetype_2,2,0.5033645790107794,0.939371649624033,0.0,0.0043268899248266,0,1,0,3,0.3333333333333333,7.646521843235478,7.231058342555429,3.31458691916786,41.69964252763987,671.0160759439195,0.4157057803155249,70.94792328052574,46.67117715729472,250.4862261361136,0.7327865198402268,1115.2,513.4,284.70000000000005,2
parallel_run_1159,Archetype_2,2,1.0,0.8924102346449151,0.2872051207546573,0.2068938959487372,0,1,0,3,0.0,13.36289726948865,19.43255606974088,2.149756002614726,98.31009612961368,830.6769291617317,0.3440972357975186,24.40106928622523,21.65487938516236,225.1829757871136,1.25645844295112,1115.2,513.4,284.70000000000005,2
parallel_run_1160,Archetype_2,0,0.2492474125116793,0.9743374466493936,5.664466564802396e-15,0.0483929025103897,0,1,0,3,0.3333333333333333,8.364797989299861,9.192250646467237,3.860538328046275,34.3813015352484,788.3970389732821,0.4717590306136611,144.6892794848065,41.70303632080136,285.1192728451363,0.9914750935718764,1115.2,513.4,284.70000000000005,0
parallel_run_1161,Archetype_2,0,0.2934263255215403,0.9828250070585804,0.0,0.0323313636921395,0,1,0,3,0.3333333333333333,14.90080910970151,16.57440810558032,2.987874773593921,45.48329767203269,1579.101973947642,0.0323452792956046,124.7691560752347,13.25130095356169,131.0360691937709,1.160280557751469,1115.2,513.4,284.70000000000005,0
parallel_run_1162,Archetype_2,2,1.0,0.8689831736920255,0.6144950637260149,0.0072031335252648,0,1,0,3,0.3333333333333333,6.738724478605125,10.74467739481464,4.059979339446745,91.01635205906643,546.9101382223519,0.1271291449095846,29.64904233951978,50.75070528467045,175.7269183945674,1.085475702971351,1115.2,513.4,284.70000000000005,2
parallel_run_1163,Archetype_2,2,1.0,0.887894506532504,0.0,0.2783592356746158,0,1,0,3,0.3333333333333333,12.29475505195811,16.20117521024517,2.57668959775238,86.126770574267,694.6303209657378,0.3562216088726904,35.8027220756866,64.20784236580666,271.3979072062631,0.7973279454902197,1115.2,513.4,284.70000000000005,2
parallel_run_1164,Archetype_2,1,0.866697130983416,0.9231162756268866,0.5088902072293575,0.2479778521993864,0,0,0,1,0.0,5.41478544277491,13.9696886981829,3.800167267124271,93.40190108464566,1614.000840022941,0.2479437183689544,197.1143613561278,32.13386871974967,137.2906070612262,1.198479495410149,1115.2,513.4,284.70000000000005,1
parallel_run_1165,Archetype_2,0,0.0,1.0,0.9090909090909092,0.0701264870682891,0,1,0,3,0.3333333333333333,7.325244866915437,6.133456484961489,2.849506395765022,36.13139533184066,1846.939556478707,0.1045903725178832,104.708041937107,141.4654323491187,103.7582240168401,0.5719642415394346,1115.2,513.4,284.70000000000005,0
parallel_run_1166,Archetype_2,0,0.0,1.0,0.8333333333333334,0.0,0,1,0,3,0.3333333333333333,10.09356256031139,11.29063222601615,4.76846366035301,76.79579046522252,1053.739944648393,0.2204308342752106,41.70644304050847,45.01347485513899,281.050931209811,1.263414311242694,1115.2,513.4,284.70000000000005,0
parallel_run_1167,Archetype_2,0,0.21477659350276,0.9863993898287428,0.8333333333333334,0.0380621379620201,0,1,0,3,0.0,6.186101812756469,15.06385238110333,2.884344918055505,31.24493007510238,986.5491512115816,0.0557544202849528,84.24127174220122,94.4970799647684,145.9465456157096,1.018398256176594,1115.2,513.4,284.70000000000005,0
parallel_run_1169,Archetype_2,0,0.0003155684992492,0.9999621261627494,0.8333333333333334,0.0816504067342396,0,1,0,3,0.0,5.875103409596851,7.908293010058282,2.390464514085502,54.80879767084504,951.9658153072828,0.3730351891050821,88.41266743681159,98.35668950325385,201.4163575543587,0.6395764243792184,1115.2,513.4,284.70000000000005,0
parallel_run_1170,Archetype_2,0,0.0005269519923705,0.9999189771621726,0.8057919290878223,0.0606223954506574,0,1,0,3,0.0,9.89273547819015,5.915838497469448,4.894747269895554,35.37340681692577,1159.023486619083,0.501565989511877,72.72853972209614,37.63505720582668,179.0711115343357,0.7616663464940141,1115.2,513.4,284.70000000000005,0
parallel_run_1171,Archetype_2,0,0.0001260401955165,0.9999927759673624,0.0,0.0,0,1,0,3,0.3333333333333333,14.08524419392078,16.31334378769262,2.308954015500626,40.52170066997526,1429.94499687827,0.4596363285181422,47.00410072502583,15.67060968778293,242.31607024993,1.191021807579522,1115.2,513.4,284.70000000000005,0
parallel_run_1172,Archetype_2,0,0.2257559282483033,0.9613113318837594,0.4042966989822704,0.2255584007301336,0,1,0,3,0.0,12.41392231723704,6.505360896541484,2.371739473104665,32.39759536864331,816.6382880545631,0.5170204646406725,23.22847379435524,49.02752712084806,184.9716219995724,1.138692518506339,1115.2,513.4,284.70000000000005,0
parallel_run_1173,Archetype_2,1,0.2043953670950008,0.9818628317995408,0.8333333333333334,0.3912974107917688,0,0,1,3,0.0,11.20531214550689,17.28918987462175,2.41534597807669,62.25120319523698,1520.929737606235,0.5566745144953847,74.0786242796822,117.154618835779,125.2618930845108,1.040699628833873,1115.2,513.4,284.70000000000005,0
parallel_run_1174,Archetype_2,0,0.0876830789704653,0.9932011225986463,0.8333333333333404,0.013689694666753,0,1,0,3,0.3333333333333333,14.76040816329797,11.89711135068584,3.420702396064348,30.231907913922,1810.531238432742,0.1512092640839279,103.1976415956362,60.53852960346411,259.9151824744392,0.8372539290562797,1115.2,513.4,284.70000000000005,0
parallel_run_1175,Archetype_2,1,0.2402956449426222,0.9853621921614688,0.6735354299002292,0.023349326267423,0,0,0,2,0.0,7.125713809407731,15.76402470243221,2.203821019158463,30.66474775106086,1916.270048437812,0.5283635710427317,61.25580077898183,29.96136795184568,159.1614013752083,1.233712473598319,1115.2,513.4,284.70000000000005,1
parallel_run_1176,Archetype_2,0,0.2845961377443118,0.9828163576781468,0.9090909090909092,0.1426630667200988,0,1,0,3,0.3333333333333333,8.679848728865139,17.93322578398463,2.012220077079774,83.75880309023228,1452.198189273966,0.1702477055167378,188.3270361277955,136.3991131874458,182.3163284478816,0.9737019697352638,1115.2,513.4,284.70000000000005,0
parallel_run_1177,Archetype_2,0,0.2463977092406184,0.9773181294004798,0.8333333333333361,0.01701430625343,0,1,0,3,0.3333333333333333,10.55930465773863,9.95253445312245,2.521216447715092,45.35968846878346,1103.764527095477,0.4796032918726125,40.24829434892813,79.6642707844849,235.4042582741113,1.120275647130058,1115.2,513.4,284.70000000000005,0
parallel_run_1178,Archetype_2,1,0.0006450054742595,0.9998976673999556,0.8333333333333334,0.0007119770790515,0,0,0,2,0.0,8.584062378535368,5.204947737148349,3.396878123134748,49.03717145112236,1633.945583329502,0.3831221102711273,55.84174480106363,55.43941616510568,267.3891249190509,1.103848703587101,1115.2,513.4,284.70000000000005,1
parallel_run_1179,Archetype_2,2,1.0,0.9308914411044504,0.5419463728474132,0.0014982430154477,0,1,0,3,0.3333333333333333,11.48324720641784,13.54496100580118,2.943629403674687,73.69619351630662,959.6890243777384,0.1556452540222857,26.07329355182583,17.9346609870809,270.2527552749784,1.24797609559057,1115.2,513.4,284.70000000000005,2
parallel_run_1180,Archetype_2,1,0.1682811278558368,0.9832372795706366,0.8333333333333334,0.5203249395070189,0,0,1,3,0.0,8.239417824778362,19.86594006810631,2.185631748368638,84.78697422249212,1014.516711027553,0.5729610607824123,94.5537552962944,103.539963389083,112.696063975848,0.8568714170808833,1115.2,513.4,284.70000000000005,0
parallel_run_1181,Archetype_2,1,0.0,1.0,0.8333333333333334,0.050106522971562,0,0,0,2,0.0,10.74739923464404,14.72531853706425,2.344142683785495,39.79251941170135,1382.725160889254,0.1302190494638491,44.96744153575168,45.57905328193963,117.6699208576838,0.5147064197244176,1115.2,513.4,284.70000000000005,1
parallel_run_1183,Archetype_2,0,0.6140183471187256,0.95239213833618,0.8333333333333334,0.2886162941101243,0,1,0,3,0.3333333333333333,12.62912539162891,17.1844658696355,2.641849634690004,42.22256724024653,904.387351538265,0.3237095872395198,68.36904203871276,108.7516199458351,169.4200698119767,0.6476733781840518,1115.2,513.4,284.70000000000005,0
parallel_run_1184,Archetype_2,0,6.563434019020868e-06,0.9999994967558228,0.8333333333333334,0.0369820955225271,0,1,0,3,0.0,6.522201326382715,12.39939167303931,3.618708160073463,47.13963660315678,739.0878598442532,0.2748268178242084,80.41869864667342,47.40439371988354,195.7889275941752,0.5500432829432993,1115.2,513.4,284.70000000000005,0
parallel_run_1185,Archetype_2,2,1.0,0.9309147855740948,0.8333333333333334,0.0390917754395979,0,1,0,2,0.5,9.384437367855847,18.12707624626986,2.907152582017375,82.60031647176109,883.1361687269793,0.196669248894807,66.74094420558276,73.27740104246614,210.9777341720553,1.294178414837762,1115.2,513.4,284.70000000000005,1
parallel_run_1186,Archetype_2,1,0.3832879615730727,0.9582597155210012,0.7813293097056678,0.5365760042016886,0,0,0,2,0.0,14.37657933613404,18.84410004062273,2.669185145620158,35.03786974557758,1927.503758948734,0.53662187709572,185.9380919407641,28.71237259798763,240.7907661092698,1.211179443278551,1115.2,513.4,284.70000000000005,1
parallel_run_1187,Archetype_2,0,0.0,1.0,0.8333333333333613,0.0191633951783534,0,1,0,3,0.3333333333333333,12.88294506062676,16.47370199557806,3.916427027915539,33.29873756204726,1553.403975838957,0.1037951584613293,35.14190572583635,68.48407504836385,165.2840596040335,1.272212627733274,1115.2,513.4,284.70000000000005,0
parallel_run_1188,Archetype_2,1,0.1675334174287765,0.9859203732601324,0.8333333333333334,0.4352982213509886,0,0,0,2,0.0,13.71417304507693,19.94297232922278,3.190463394584546,39.35568050526847,1306.802190395147,0.4398896859558368,173.4756545582791,57.55417542909995,217.6461551705664,0.6040099969531483,1115.2,513.4,284.70000000000005,1
parallel_run_1189,Archetype_2,2,0.7644579508695859,0.9038798141450276,0.0,0.2454465237180375,0,1,0,3,0.0,10.0542437922061,9.52808842232428,2.7551726834745,63.83059444783521,602.6095239046633,0.5655852937121579,52.9250694322663,12.91258574592992,212.3338287792068,0.8863857524748795,1115.2,513.4,284.70000000000005,2
parallel_run_1190,Archetype_2,1,0.2731105441602665,0.9836685568758592,0.6843199292758269,0.0920693370397118,0,0,0,2,0.0,8.902950966584617,17.34337950080082,3.071726683251704,72.97629984854609,1254.634228844618,0.0922887709307529,134.989883752535,20.33996544789689,133.8281740992772,0.6978638514594209,1115.2,513.4,284.70000000000005,1
parallel_run_1191,Archetype_2,0,0.3690941161740181,0.9336318732074372,0.6439236505547316,0.187269338178025,0,1,0,3,0.3333333333333333,5.219692016072181,5.614852538476582,3.507907836572578,37.36349927885944,613.7680335920102,0.2904762209302906,148.1467328115624,131.7779486933157,207.8141490530652,1.146935950080092,1115.2,513.4,284.70000000000005,0
parallel_run_1192,Archetype_2,1,0.0,1.0,0.8275570694605606,3.053455224400127e-05,0,0,0,2,0.0,11.93340271693271,5.317576274973425,3.28343831907141,71.54504448894762,1838.989919269122,0.4945103601576556,50.50487388868805,23.73720438973167,225.8680659378676,1.111263875962919,1115.2,513.4,284.70000000000005,1
parallel_run_1193,Archetype_2,2,1.0,0.9293145127293868,0.0652551641080547,0.0509419726527687,0,1,0,3,0.3333333333333333,7.847009180844555,15.10246331425202,2.220849460660624,49.56921416774286,674.7929181340594,0.181477849380431,32.85601950306146,137.9877963370772,282.6442521246439,1.072413780762075,1115.2,513.4,284.70000000000005,2
parallel_run_1194,Archetype_2,0,0.2389823920602308,0.973366011173186,0.659266048820114,0.0085145468530838,0,1,0,3,0.0,5.307304167754404,8.062741299807017,2.856484395403244,90.46559420208708,591.9263990795743,0.5853009355147591,97.7904136753744,36.39089163854832,254.8378904988671,0.9033851808539108,1115.2,513.4,284.70000000000005,0
parallel_run_1195,Archetype_2,2,1.0,0.9520453873938238,0.8333333333333334,0.0,0,1,0,1,1.0,8.088620780419058,19.64969158227921,2.445246324409711,38.13315627139157,846.5530044686006,0.2872874174759508,41.0140129305388,66.19506893135303,296.218590405105,0.6626148413292461,1115.2,513.4,284.70000000000005,1
parallel_run_1196,Archetype_2,1,0.5281650091697748,0.9537976605028484,0.6829304514017335,0.3897410646509896,0,0,0,2,0.0,7.737878589250059,17.65262552890793,2.04343847591413,60.65256661819086,794.1535603498564,0.3905802979433853,158.1284539410613,28.1308721236521,148.7173157451602,1.000044063032848,1115.2,513.4,284.70000000000005,1
parallel_run_1197,Archetype_2,2,0.6401161633269321,0.9346367002099992,0.7387884523177668,0.4978859689517187,0,1,0,3,0.3333333333333333,13.0646439961812,18.24589508543017,2.716732587027388,46.65131170230379,725.1054169218328,0.5115983993063354,64.21434402267955,101.3397416534369,115.4601576016992,0.561267319729339,1115.2,513.4,284.70000000000005,2
parallel_run_1198,Archetype_2,0,0.0,1.0,0.8333333333333225,0.0093269612398738,0,1,0,3,0.3333333333333333,14.55899147105204,16.92400224464144,4.505870455669541,48.66008960426488,1880.428773878496,0.1898057560671069,25.33689484018815,53.21861456331589,186.1609652237962,0.6245236166119492,1115.2,513.4,284.70000000000005,0
parallel_run_1199,Archetype_2,2,0.8963615919533175,0.9331113131959954,0.8033183273086211,0.0664809823724145,0,1,0,3,0.3333333333333333,6.902588311173137,13.28544430155988,2.608092824810263,48.10349831449953,712.0868495925945,0.5809073215674864,59.06523453291005,146.7428585041353,298.5472537308848,1.224555548142108,1115.2,513.4,284.70000000000005,2
parallel_run_1201,Archetype_2,0,0.0004044103254495,0.999979903538168,0.8333333333333343,2.748608032573946e-16,0,1,0,3,0.0,5.645937846490421,19.08999399027946,4.574685372982158,59.43535530068567,740.044618160573,0.4465748804743228,76.02908933133577,44.09919367093785,262.8462682705834,0.782484278393255,858.3,329.8,194.5,0
parallel_run_1202,Archetype_2,0,0.1211215861400135,0.9916248145081628,0.3562866857421832,0.117740390809282,0,1,0,3,0.3333333333333333,13.49964268135165,15.33095577911059,4.464674582116157,42.94616278436651,1185.794953774338,0.117649937817252,137.4023502352264,22.49168264409253,128.2191212271367,0.5911665438533666,858.3,329.8,194.5,0
parallel_run_1203,Archetype_2,0,0.0010173049526807,0.9999369215437182,0.8333333333333334,0.2167523328440098,0,1,0,3,0.0,6.405292284318544,19.53555145216947,3.764585606427318,64.73890400335439,850.6267050193985,0.2646507902451352,37.50790122422556,110.5320184729022,100.9223548185412,1.28665717130124,858.3,329.8,194.5,0
parallel_run_1204,Archetype_2,1,0.3792703815954782,0.9721474135208004,0.0,0.1805511257638065,0,0,0,2,0.0,5.078233488755179,15.36811055664406,4.023785290991664,68.86856051780249,1676.075248578451,0.2246787017126815,129.5689761803989,24.65199699594505,232.3224413807133,0.6774859235206085,858.3,329.8,194.5,1
parallel_run_1205,Archetype_2,2,0.8204749927361729,0.9112228536815709,0.8333333333333334,0.038822136961023,0,1,0,3,0.3333333333333333,9.795367374301884,8.46566765326878,4.968477490368761,93.10632240494294,1005.748088406246,0.0638931166280094,56.87494984404746,127.412906728483,150.7886454235,1.149819164967017,858.3,329.8,194.5,2
parallel_run_1206,Archetype_2,0,0.2393330673574326,0.9804304013081468,0.9090909090909092,0.1426893359414821,0,1,0,3,0.3333333333333333,13.21427123302489,12.99077849367701,2.804621181868556,57.60856169568081,1509.042894252557,0.202994166366049,91.80831738898752,122.5526135883852,139.657431483073,1.128863155150354,858.3,329.8,194.5,0
parallel_run_1208,Archetype_2,1,0.2816217234812229,0.9696365081384596,0.0,0.048930086615804,0,0,0,2,0.0,6.639503134093878,8.702036358183824,2.460006477284389,50.84918084009174,1224.275709388201,0.14250239653806,114.0559579566393,16.49310952489565,222.5836742807619,1.025953997214746,858.3,329.8,194.5,1
parallel_run_1210,Archetype_2,1,0.0,1.0,0.8206626812055646,0.3985411427183005,0,0,0,2,0.0,13.53541818756549,17.50384951367896,4.718111782544003,32.06607470803334,1682.919135964777,0.407888008510583,62.79308556464255,40.8608152984074,108.3468966403483,0.7505038651828599,858.3,329.8,194.5,1
parallel_run_1211,Archetype_2,1,0.1352440214673054,0.986710266397521,0.8020913352078672,0.341591570889742,0,0,0,2,0.0,9.589786864094185,14.52009542132607,2.25760526337914,95.46321746956043,1743.776803747743,0.3420270254820715,154.4883468009115,38.07535167163682,155.3553685224774,0.5347162870897352,858.3,329.8,194.5,1
parallel_run_1213,Archetype_2,0,0.0,1.0,0.8333333333333727,0.1194195731353357,0,1,0,3,0.3333333333333333,11.5724650899624,15.71417657225041,2.505463074151018,37.82135289309134,1732.171085268251,0.2966680057335894,87.89904124731528,124.3179479506931,188.0589961374106,0.6121933944560484,858.3,329.8,194.5,0
parallel_run_1214,Archetype_2,0,0.4941017022095467,0.9708157954661562,0.0,0.0567951964810575,0,1,0,3,0.0,7.401877309695345,16.72060108361629,4.239354502223774,78.9004950381646,763.9731909619118,0.0862171753274194,168.5882939237162,10.48455250370037,274.1962939177321,0.9381802418748396,858.3,329.8,194.5,0
parallel_run_1215,Archetype_2,1,0.0,1.0,0.5638175346263334,9.348731536432014e-05,0,0,0,2,0.0,6.226512320545174,10.57007202633626,4.816232216133942,78.55254926123328,1473.572870709382,0.3084672339978864,39.11190515019379,26.58517665913403,167.9697151744124,0.8989728030906465,858.3,329.8,194.5,1
parallel_run_1216,Archetype_2,0,0.15566868217794,0.9855875903315712,0.8333333333333371,0.2264176816501211,0,1,0,3,0.0,8.028178927033153,12.69358091967134,3.112625106465832,36.62334427994244,1295.694779439287,0.2513937760739758,117.9684651723182,90.13045861303728,158.0544197808208,0.9195426682975842,858.3,329.8,194.5,0
parallel_run_1217,Archetype_2,0,0.2023095106460899,0.9745711164064106,0.1894358729380908,0.0232378785908048,0,1,0,3,0.3333333333333333,5.772023405404161,7.116169331792253,2.064522668331408,56.51085137099933,1786.195480402135,0.0232508350807578,161.0329775531958,25.14851249315225,197.822121004284,0.7197444930411876,858.3,329.8,194.5,0
parallel_run_1218,Archetype_2,0,0.1607891099559411,0.990848492847742,0.8333333333333334,0.0481450137954172,0,1,0,3,0.3333333333333333,9.480794663304136,17.03804542014852,4.639878986106728,99.35855694037711,1250.245306083507,0.4168895798584492,43.35096290748591,149.1588574610129,277.1890738836713,1.083347637799514,858.3,329.8,194.5,0
parallel_run_1219,Archetype_2,2,1.0,0.906211311674886,0.8333333333333334,0.2780348877787907,0,1,0,3,0.3333333333333333,12.59017345046845,19.02253176729523,3.9523185428614,96.0626212890334,921.343979285896,0.3159410008343269,143.9201303011419,83.56764829664709,247.3963377767511,1.184696545793093,858.3,329.8,194.5,2
parallel_run_1220,Archetype_2,2,0.7168939613859608,0.9455455888917418,0.0,0.3274858071340442,0,1,0,3,0.3333333333333333,13.88681027006693,18.61075821619153,4.347085125891433,43.42201779666991,778.7163195623369,0.5440908291581393,33.79114171279144,30.41474642500482,289.3256653337539,0.7671046222699125,858.3,329.8,194.5,2
parallel_run_1221,Archetype_2,1,0.1829883520946214,0.9463723271019628,0.0,0.5621676248597652,0,0,1,3,0.0,10.32199462340584,6.699275404416465,2.08038382636346,44.79361792876074,979.8557987975116,0.595749285135953,177.31500644115,11.06955829270862,290.4698168059626,1.067301995703033,858.3,329.8,194.5,0
parallel_run_1222,Archetype_2,0,0.0680471136690038,0.9930729552583388,0.8333333333333334,0.3227113807500392,0,1,0,3,0.3333333333333333,10.44667181037197,13.25070225132207,4.259523874160369,88.11039822390016,1086.489408610497,0.3604504262054547,93.26680170863348,86.31118950437782,141.2036987315458,0.8099763525700954,858.3,329.8,194.5,0
parallel_run_1223,Archetype_2,1,0.0,1.0,0.8333333333333334,0.3175152283569619,0,0,0,2,0.0,7.193260089885094,11.65964368980142,4.36245347424116,67.47086947928852,860.866485459772,0.3929505433301446,47.88817474253383,105.9284432028051,105.7696635231778,0.7077017593878874,858.3,329.8,194.5,1
parallel_run_1224,Archetype_2,0,1.3646114326967263e-06,0.9999999204742,0.0,0.0,0,1,0,3,0.3333333333333333,10.87938801553206,16.037856129965,2.961086101395173,69.6604654795751,1130.70880630468,0.3289402099742169,45.2910359937304,14.91317533979289,294.1194921299998,1.165324106539424,858.3,329.8,194.5,0
parallel_run_1225,Archetype_2,0,0.2843591022958685,0.9814821516636768,0.9090909090909092,0.2542943378704341,0,1,0,3,0.3333333333333333,11.04944243362644,19.24071518137925,3.605624564480587,53.85239415205597,1355.675352940887,0.2611936824169285,192.5155188876426,93.4514385332439,163.183152602084,0.9537850554699546,858.3,329.8,194.5,0
parallel_run_1226,Archetype_2,0,0.3208642543024553,0.9610518414226356,0.8333333333333334,0.5179187604663051,0,1,0,3,0.0,9.08917883368848,15.93141516714483,2.552097542916801,87.05159164902761,516.4075892774002,0.5259683590341234,164.5121833558311,80.95119800030251,191.2553856341034,1.094491785369062,858.3,329.8,194.5,0
parallel_run_1227,Archetype_2,0,0.0002526643439967,0.9999718521614378,9.640126264845846e-15,0.2059906831152001,0,1,0,3,0.3333333333333333,6.022122980882333,10.18624643812967,4.118622604217991,44.05635878211464,657.7419002366751,0.4846669501207773,27.38228323221475,120.2686065600439,118.8863494549756,1.050243965660369,858.3,329.8,194.5,0
parallel_run_1228,Archetype_2,0,0.0963073534859946,0.995131321498198,0.8333333333333334,0.0197342585027404,0,1,0,3,0.3333333333333333,12.81217303836103,18.79926099501478,3.671884488568053,46.3834911494316,1976.5423669876,0.4556973803877963,98.27765434529884,77.3225987347966,261.8146648055326,0.8637011623017257,858.3,329.8,194.5,0
parallel_run_1229,Archetype_2,2,1.0,0.9275451920578108,0.0,0.0269837461552127,0,1,0,3,0.3333333333333333,11.30329623906534,14.11358006738063,2.119776423336449,80.39616228749757,927.2926047619708,0.0269989646361896,110.5634989792129,18.96908617913164,123.0786965714163,1.005760777712649,858.3,329.8,194.5,2
parallel_run_1230,Archetype_2,1,0.0,1.0,0.728006901168384,0.0002111707340115,0,0,0,2,0.0,9.208165790113028,15.46907671514874,4.545251827774964,38.83541580815834,1956.9090829731,0.1622856966902549,21.41825610127897,34.46180060490662,143.3953587386619,1.21370144627473,858.3,329.8,194.5,1
parallel_run_1232,Archetype_2,0,0.0025350395394854,0.9998678623158708,0.8229040443553411,0.0079625386216134,0,1,0,3,0.3333333333333333,11.79622827938521,18.29050969456285,4.169805421292692,52.8848948871502,1412.193873679556,0.4257887667081556,79.79357681981203,42.21866859739012,215.0694877114157,0.8330072175424368,858.3,329.8,194.5,0
parallel_run_1233,Archetype_2,2,0.4983397135953125,0.9396154152740378,5.032878836899811e-15,0.0026421169289811,0,1,0,3,0.3333333333333333,7.646521843235478,7.231058342555429,3.31458691916786,41.69964252763987,671.0160759439195,0.4157057803155249,70.94792328052574,46.67117715729472,250.4862261361136,0.7327865198402268,858.3,329.8,194.5,2
parallel_run_1234,Archetype_2,2,1.0,0.892194633544887,0.3744592276509997,0.2069886010605827,0,1,0,3,0.0,13.36289726948865,19.43255606974088,2.149756002614726,98.31009612961368,830.6769291617317,0.3440972357975186,24.40106928622523,21.65487938516236,225.1829757871136,1.25645844295112,858.3,329.8,194.5,2
parallel_run_1235,Archetype_2,0,0.2208444281080013,0.9770816237558808,0.0,0.0551677529078378,0,1,0,3,0.3333333333333333,8.364797989299861,9.192250646467237,3.860538328046275,34.3813015352484,788.3970389732821,0.4717590306136611,144.6892794848065,41.70303632080136,285.1192728451363,0.9914750935718764,858.3,329.8,194.5,0
parallel_run_1236,Archetype_2,0,0.2731674052358344,0.9840267489125374,0.0,0.0322648063722803,0,1,0,3,0.3333333333333333,14.90080910970151,16.57440810558032,2.987874773593921,45.48329767203269,1579.101973947642,0.0323452792956046,124.7691560752347,13.25130095356169,131.0360691937709,1.160280557751469,858.3,329.8,194.5,0
parallel_run_1237,Archetype_2,2,1.0,0.8662357653911588,0.6327614839516543,0.0078451037172177,0,1,0,3,0.3333333333333333,6.738724478605125,10.74467739481464,4.059979339446745,91.01635205906643,546.9101382223519,0.1271291449095846,29.64904233951978,50.75070528467045,175.7269183945674,1.085475702971351,858.3,329.8,194.5,2
parallel_run_1238,Archetype_2,2,1.0,0.8877230498428477,0.0,0.2811158904815047,0,1,0,3,0.3333333333333333,12.29475505195811,16.20117521024517,2.57668959775238,86.126770574267,694.6303209657378,0.3562216088726904,35.8027220756866,64.20784236580666,271.3979072062631,0.7973279454902197,858.3,329.8,194.5,2
parallel_run_1239,Archetype_2,1,0.8683645922713131,0.9233104921144828,0.5107233350204865,0.24706331760446,0,0,0,1,0.0,5.41478544277491,13.9696886981829,3.800167267124271,93.40190108464566,1614.000840022941,0.2479437183689544,197.1143613561278,32.13386871974967,137.2906070612262,1.198479495410149,858.3,329.8,194.5,1
parallel_run_1240,Archetype_2,0,0.0,1.0,0.9090909090909086,0.0683902021877351,0,1,0,3,0.3333333333333333,7.325244866915437,6.133456484961489,2.849506395765022,36.13139533184066,1846.939556478707,0.1045903725178832,104.708041937107,141.4654323491187,103.7582240168401,0.5719642415394346,858.3,329.8,194.5,0
parallel_run_1241,Archetype_2,0,0.0,1.0,0.8333333333333334,0.0,0,1,0,3,0.3333333333333333,10.09356256031139,11.29063222601615,4.76846366035301,76.79579046522252,1053.739944648393,0.2204308342752106,41.70644304050847,45.01347485513899,281.050931209811,1.263414311242694,858.3,329.8,194.5,0
parallel_run_1242,Archetype_2,0,0.1595208739278361,0.9900012364214424,0.8333333333333334,0.0317206238747032,0,1,0,3,0.3333333333333333,6.186101812756469,15.06385238110333,2.884344918055505,31.24493007510238,986.5491512115816,0.0557544202849528,84.24127174220122,94.4970799647684,145.9465456157096,1.018398256176594,858.3,329.8,194.5,0
parallel_run_1244,Archetype_2,0,0.0002253016213587,0.9999736706949984,0.8333333333333334,0.070329619161683,0,1,0,3,0.0,5.875103409596851,7.908293010058282,2.390464514085502,54.80879767084504,951.9658153072828,0.3730351891050821,88.41266743681159,98.35668950325385,201.4163575543587,0.6395764243792184,858.3,329.8,194.5,0
parallel_run_1245,Archetype_2,0,0.0001586675961381,0.9999765139812484,0.8103999750546174,0.0364655643965149,0,1,0,3,0.0,9.89273547819015,5.915838497469448,4.894747269895554,35.37340681692577,1159.023486619083,0.501565989511877,72.72853972209614,37.63505720582668,179.0711115343357,0.7616663464940141,858.3,329.8,194.5,0
parallel_run_1246,Archetype_2,0,1.5069219519703909e-05,0.9999991368497791,0.0,0.0,0,1,0,3,0.3333333333333333,14.08524419392078,16.31334378769262,2.308954015500626,40.52170066997526,1429.94499687827,0.4596363285181422,47.00410072502583,15.67060968778293,242.31607024993,1.191021807579522,858.3,329.8,194.5,0
parallel_run_1247,Archetype_2,0,0.2270460605431204,0.9610649282750484,0.2174797625146106,0.230146466138339,0,1,0,3,0.0,12.41392231723704,6.505360896541484,2.371739473104665,32.39759536864331,816.6382880545631,0.5170204646406725,23.22847379435524,49.02752712084806,184.9716219995724,1.138692518506339,858.3,329.8,194.5,0
parallel_run_1248,Archetype_2,0,0.1077694956445678,0.9911264755524288,0.8333333333333554,0.3400891504785079,0,1,0,3,0.0,11.20531214550689,17.28918987462175,2.41534597807669,62.25120319523698,1520.929737606235,0.5566745144953847,74.0786242796822,117.154618835779,125.2618930845108,1.040699628833873,858.3,329.8,194.5,0
parallel_run_1249,Archetype_2,0,0.067482042460355,0.9948389630479768,0.8333333333332531,0.0096698747474301,0,1,0,3,0.3333333333333333,14.76040816329797,11.89711135068584,3.420702396064348,30.231907913922,1810.531238432742,0.1512092640839279,103.1976415956362,60.53852960346411,259.9151824744392,0.8372539290562797,858.3,329.8,194.5,0
parallel_run_1250,Archetype_2,1,0.0012020040522626,0.9999272092374474,0.7088258021910736,0.0182074979854933,0,0,0,2,0.0,7.125713809407731,15.76402470243221,2.203821019158463,30.66474775106086,1916.270048437812,0.5283635710427317,61.25580077898183,29.96136795184568,159.1614013752083,1.233712473598319,858.3,329.8,194.5,1
parallel_run_1251,Archetype_2,0,0.2321172119513656,0.9863083657224144,0.9090909090909092,0.1302240186913883,0,1,0,3,0.3333333333333333,8.679848728865139,17.93322578398463,2.012220077079774,83.75880309023228,1452.198189273966,0.1702477055167378,188.3270361277955,136.3991131874458,182.3163284478816,0.9737019697352638,858.3,329.8,194.5,0
parallel_run_1252,Archetype_2,0,0.2711714405150612,0.9753314253721972,0.8333333333333334,0.0107381439307803,0,1,0,3,0.3333333333333333,10.55930465773863,9.95253445312245,2.521216447715092,45.35968846878346,1103.764527095477,0.4796032918726125,40.24829434892813,79.6642707844849,235.4042582741113,1.120275647130058,858.3,329.8,194.5,0
parallel_run_1253,Archetype_2,1,0.0001456405808701,0.9999767550937382,0.8333333333333334,0.0002784738334854,0,0,0,2,0.0,8.584062378535368,5.204947737148349,3.396878123134748,49.03717145112236,1633.945583329502,0.3831221102711273,55.84174480106363,55.43941616510568,267.3891249190509,1.103848703587101,858.3,329.8,194.5,1
parallel_run_1254,Archetype_2,2,1.0,0.9300860333233552,0.5432916981216483,0.0026280890839666,0,1,0,3,0.3333333333333333,11.48324720641784,13.54496100580118,2.943629403674687,73.69619351630662,959.6890243777384,0.1556452540222857,26.07329355182583,17.9346609870809,270.2527552749784,1.24797609559057,858.3,329.8,194.5,2
parallel_run_1255,Archetype_2,1,0.1331325881630432,0.9865936214299535,0.8333333333332952,0.5261192595631341,0,0,1,3,0.0,8.239417824778362,19.86594006810631,2.185631748368638,84.78697422249212,1014.516711027553,0.5729610607824123,94.5537552962944,103.539963389083,112.696063975848,0.8568714170808833,858.3,329.8,194.5,0
parallel_run_1256,Archetype_2,1,0.0,1.0,0.8333333333333112,0.0567239147185309,0,0,0,2,0.0,10.74739923464404,14.72531853706425,2.344142683785495,39.79251941170135,1382.725160889254,0.1302190494638491,44.96744153575168,45.57905328193963,117.6699208576838,0.5147064197244176,858.3,329.8,194.5,1
parallel_run_1258,Archetype_2,0,0.6134923187869806,0.9528406925330668,0.8333333333333334,0.2912947296581067,0,1,0,3,0.3333333333333333,12.62912539162891,17.1844658696355,2.641849634690004,42.22256724024653,904.387351538265,0.3237095872395198,68.36904203871276,108.7516199458351,169.4200698119767,0.6476733781840518,858.3,329.8,194.5,0
parallel_run_1259,Archetype_2,0,1.896099745868749e-05,0.9999985437350308,0.8333333333333334,0.033286835855214,0,1,0,3,0.0,6.522201326382715,12.39939167303931,3.618708160073463,47.13963660315678,739.0878598442532,0.2748268178242084,80.41869864667342,47.40439371988354,195.7889275941752,0.5500432829432993,858.3,329.8,194.5,0
parallel_run_1260,Archetype_2,2,1.0,0.9173670456919876,0.8333333333333334,0.0213494051821361,0,1,0,3,0.3333333333333333,9.384437367855847,18.12707624626986,2.907152582017375,82.60031647176109,883.1361687269793,0.196669248894807,66.74094420558276,73.27740104246614,210.9777341720553,1.294178414837762,858.3,329.8,194.5,2
parallel_run_1261,Archetype_2,1,0.3738555798884022,0.959464602218241,0.7830750422559685,0.5361397946696612,0,0,0,2,0.0,14.37657933613404,18.84410004062273,2.669185145620158,35.03786974557758,1927.503758948734,0.53662187709572,185.9380919407641,28.71237259798763,240.7907661092698,1.211179443278551,858.3,329.8,194.5,1
parallel_run_1262,Archetype_2,3,2.173281823140421e-05,0.9999987570238854,0.8333333332964107,0.0112324708381363,1,1,1,6,1.0,12.88294506062676,16.47370199557806,3.916427027915539,33.29873756204726,1553.403975838957,0.1037951584613293,35.14190572583635,68.48407504836385,165.2840596040335,1.272212627733274,858.3,329.8,194.5,3
parallel_run_1263,Archetype_2,1,0.15766926234193,0.9868243005406352,0.8333333333333334,0.4357124689339001,0,0,0,2,0.0,13.71417304507693,19.94297232922278,3.190463394584546,39.35568050526847,1306.802190395147,0.4398896859558368,173.4756545582791,57.55417542909995,217.6461551705664,0.6040099969531483,858.3,329.8,194.5,1
parallel_run_1264,Archetype_2,2,0.7713706847233438,0.9036894970325616,0.0,0.2444536936629507,0,1,0,3,0.0,10.0542437922061,9.52808842232428,2.7551726834745,63.83059444783521,602.6095239046633,0.5655852937121579,52.9250694322663,12.91258574592992,212.3338287792068,0.8863857524748795,858.3,329.8,194.5,2
parallel_run_1265,Archetype_2,0,0.2485417119842131,0.9851003565080512,0.4919790597602427,0.0923110229044101,0,1,0,3,0.0,8.902950966584617,17.34337950080082,3.071726683251704,72.97629984854609,1254.634228844618,0.0922887709307529,134.989883752535,20.33996544789689,133.8281740992772,0.6978638514594209,858.3,329.8,194.5,0
parallel_run_1266,Archetype_2,0,0.3623029595850065,0.932522849979356,0.7213365260438679,0.2044014709865444,0,1,0,3,0.3333333333333333,5.219692016072181,5.614852538476582,3.507907836572578,37.36349927885944,613.7680335920102,0.2904762209302906,148.1467328115624,131.7779486933157,207.8141490530652,1.146935950080092,858.3,329.8,194.5,0
parallel_run_1267,Archetype_2,1,0.0,1.0,0.8212052687327207,0.0001557704761734,0,0,0,2,0.0,11.93340271693271,5.317576274973425,3.28343831907141,71.54504448894762,1838.989919269122,0.4945103601576556,50.50487388868805,23.73720438973167,225.8680659378676,1.111263875962919,858.3,329.8,194.5,1
parallel_run_1268,Archetype_2,2,1.0,0.928002313290634,0.0,0.0588354186968912,0,1,0,3,0.3333333333333333,7.847009180844555,15.10246331425202,2.220849460660624,49.56921416774286,674.7929181340594,0.181477849380431,32.85601950306146,137.9877963370772,282.6442521246439,1.072413780762075,858.3,329.8,194.5,2
parallel_run_1269,Archetype_2,0,0.2012974865650348,0.9778240387516962,0.6410853736675847,0.0049948337707999,0,1,0,3,0.0,5.307304167754404,8.062741299807017,2.856484395403244,90.46559420208708,591.9263990795743,0.5853009355147591,97.7904136753744,36.39089163854832,254.8378904988671,0.9033851808539108,858.3,329.8,194.5,0
parallel_run_1270,Archetype_2,0,0.6981465267478584,0.9665176950413968,0.8125415310139741,0.0,0,1,0,2,0.5,8.088620780419058,19.64969158227921,2.445246324409711,38.13315627139157,846.5530044686006,0.2872874174759508,41.0140129305388,66.19506893135303,296.218590405105,0.6626148413292461,858.3,329.8,194.5,1
parallel_run_1271,Archetype_2,1,0.5168190906010295,0.9546735641170242,0.694183828458553,0.3900626955641166,0,0,0,2,0.0,7.737878589250059,17.65262552890793,2.04343847591413,60.65256661819086,794.1535603498564,0.3905802979433853,158.1284539410613,28.1308721236521,148.7173157451602,1.000044063032848,858.3,329.8,194.5,1
parallel_run_1272,Archetype_2,2,0.6239596662388944,0.9356214392058084,0.7386712407645127,0.4989488773467689,0,1,0,3,0.3333333333333333,13.0646439961812,18.24589508543017,2.716732587027388,46.65131170230379,725.1054169218328,0.5115983993063354,64.21434402267955,101.3397416534369,115.4601576016992,0.561267319729339,858.3,329.8,194.5,2
parallel_run_1273,Archetype_2,0,0.0,1.0,0.8333333333333334,0.0079690341796984,0,1,0,3,0.3333333333333333,14.55899147105204,16.92400224464144,4.505870455669541,48.66008960426488,1880.428773878496,0.1898057560671069,25.33689484018815,53.21861456331589,186.1609652237962,0.6245236166119492,858.3,329.8,194.5,0
parallel_run_1274,Archetype_2,2,0.8644695313715874,0.9331049072714408,0.7944865200747704,0.0985418773377808,0,1,0,3,0.3333333333333333,6.902588311173137,13.28544430155988,2.608092824810263,48.10349831449953,712.0868495925945,0.5809073215674864,59.06523453291005,146.7428585041353,298.5472537308848,1.224555548142108,858.3,329.8,194.5,2
parallel_run_1276,Archetype_2,1,1.0,0.9499251989397512,0.8050981188476367,-1.5925290364021595e-16,0,1,0,1,0.0,5.645937846490421,19.08999399027946,4.574685372982158,59.43535530068567,740.044618160573,0.4465748804743228,76.02908933133577,44.09919367093785,262.8462682705834,0.782484278393255,682.1,746.6,377.75,1
parallel_run_1277,Archetype_2,0,0.1466627287377183,0.9898718397446572,0.4088169309261115,0.1171690042119767,0,1,0,3,0.3333333333333333,13.49964268135165,15.33095577911059,4.464674582116157,42.94616278436651,1185.794953774338,0.117649937817252,137.4023502352264,22.49168264409253,128.2191212271367,0.5911665438533666,682.1,746.6,377.75,0
parallel_run_1278,Archetype_2,0,0.3177128877642926,0.980590583305429,0.8333333333333334,0.2072879279619126,0,1,0,3,0.0,6.405292284318544,19.53555145216947,3.764585606427318,64.73890400335439,850.6267050193985,0.2646507902451352,37.50790122422556,110.5320184729022,100.9223548185412,1.28665717130124,682.1,746.6,377.75,0
parallel_run_1279,Archetype_2,1,0.4565340746146807,0.9663665150507204,0.0,0.1758279511371655,0,0,0,2,0.0,5.078233488755179,15.36811055664406,4.023785290991664,68.86856051780249,1676.075248578451,0.2246787017126815,129.5689761803989,24.65199699594505,232.3224413807133,0.6774859235206085,682.1,746.6,377.75,1
parallel_run_1280,Archetype_2,2,0.8326819820025373,0.9100174081141302,0.9076926521022498,0.0350061015989837,0,1,0,3,0.3333333333333333,9.795367374301884,8.46566765326878,4.968477490368761,93.10632240494294,1005.748088406246,0.0638931166280094,56.87494984404746,127.412906728483,150.7886454235,1.149819164967017,682.1,746.6,377.75,2
parallel_run_1281,Archetype_2,0,0.2581043074842079,0.9785774643834106,0.8924662471386273,0.1550828536000427,0,1,0,3,0.3333333333333333,13.21427123302489,12.99077849367701,2.804621181868556,57.60856169568081,1509.042894252557,0.202994166366049,91.80831738898752,122.5526135883852,139.657431483073,1.128863155150354,682.1,746.6,377.75,0
parallel_run_1283,Archetype_2,1,0.3449014589041108,0.962835106005918,0.0,0.0480271455008061,0,0,0,2,0.0,6.639503134093878,8.702036358183824,2.460006477284389,50.84918084009174,1224.275709388201,0.14250239653806,114.0559579566393,16.49310952489565,222.5836742807619,1.025953997214746,682.1,746.6,377.75,1
parallel_run_1285,Archetype_2,1,5.472797284470756e-05,0.9999951312160396,0.8333333333333334,0.3980093181078279,0,0,0,2,0.0,13.53541818756549,17.50384951367896,4.718111782544003,32.06607470803334,1682.919135964777,0.407888008510583,62.79308556464255,40.8608152984074,108.3468966403483,0.7505038651828599,682.1,746.6,377.75,1
parallel_run_1286,Archetype_2,1,0.1704791186894385,0.983386025973201,0.7743286553555581,0.3416021704187239,0,0,0,2,0.0,9.589786864094185,14.52009542132607,2.25760526337914,95.46321746956043,1743.776803747743,0.3420270254820715,154.4883468009115,38.07535167163682,155.3553685224774,0.5347162870897352,682.1,746.6,377.75,1
parallel_run_1288,Archetype_2,0,0.0002899708004352,0.9999806073295416,0.8333333333333334,0.1270431855943735,0,1,0,3,0.3333333333333333,11.5724650899624,15.71417657225041,2.505463074151018,37.82135289309134,1732.171085268251,0.2966680057335894,87.89904124731528,124.3179479506931,188.0589961374106,0.6121933944560484,682.1,746.6,377.75,0
parallel_run_1289,Archetype_2,2,0.550480937594844,0.9672853978856352,0.0,0.0640035914599461,0,1,0,3,0.0,7.401877309695345,16.72060108361629,4.239354502223774,78.9004950381646,763.9731909619118,0.0862171753274194,168.5882939237162,10.48455250370037,274.1962939177321,0.9381802418748396,682.1,746.6,377.75,0
parallel_run_1290,Archetype_2,1,0.0,1.0,0.5574637937722858,0.0002682097057046,0,0,0,2,0.0,6.226512320545174,10.57007202633626,4.816232216133942,78.55254926123328,1473.572870709382,0.3084672339978864,39.11190515019379,26.58517665913403,167.9697151744124,0.8989728030906465,682.1,746.6,377.75,1
parallel_run_1291,Archetype_2,0,0.1842686956450222,0.9832809381993454,0.8333333333333334,0.2127423228255577,0,1,0,3,0.0,8.028178927033153,12.69358091967134,3.112625106465832,36.62334427994244,1295.694779439287,0.2513937760739758,117.9684651723182,90.13045861303728,158.0544197808208,0.9195426682975842,682.1,746.6,377.75,0
parallel_run_1292,Archetype_2,0,0.2220690654182414,0.9718978142477056,0.1548815773830278,0.0232940994052253,0,1,0,3,0.0,5.772023405404161,7.116169331792253,2.064522668331408,56.51085137099933,1786.195480402135,0.0232508350807578,161.0329775531958,25.14851249315225,197.822121004284,0.7197444930411876,682.1,746.6,377.75,0
parallel_run_1293,Archetype_2,0,0.2397593362694595,0.9861767930230833,0.9090909090909092,0.0587582474656638,0,1,0,3,0.3333333333333333,9.480794663304136,17.03804542014852,4.639878986106728,99.35855694037711,1250.245306083507,0.4168895798584492,43.35096290748591,149.1588574610129,277.1890738836713,1.083347637799514,682.1,746.6,377.75,0
parallel_run_1294,Archetype_2,2,1.0,0.9019900859667268,0.8333333333333334,0.2746638038431316,0,1,0,3,0.3333333333333333,12.59017345046845,19.02253176729523,3.9523185428614,96.0626212890334,921.343979285896,0.3159410008343269,143.9201303011419,83.56764829664709,247.3963377767511,1.184696545793093,682.1,746.6,377.75,2
parallel_run_1295,Archetype_2,2,0.7210437578890884,0.945510749087886,0.0,0.3276469322563069,0,1,0,3,0.3333333333333333,13.88681027006693,18.61075821619153,4.347085125891433,43.42201779666991,778.7163195623369,0.5440908291581393,33.79114171279144,30.41474642500482,289.3256653337539,0.7671046222699125,682.1,746.6,377.75,2
parallel_run_1296,Archetype_2,1,0.1948083156953892,0.9425504879245558,0.0,0.5613541177102531,0,0,1,3,0.0,10.32199462340584,6.699275404416465,2.08038382636346,44.79361792876074,979.8557987975116,0.595749285135953,177.31500644115,11.06955829270862,290.4698168059626,1.067301995703033,682.1,746.6,377.75,0
parallel_run_1297,Archetype_2,0,0.094372163350784,0.9907779495035532,0.8333333333333334,0.2999226708370255,0,1,0,3,0.3333333333333333,10.44667181037197,13.25070225132207,4.259523874160369,88.11039822390016,1086.489408610497,0.3604504262054547,93.26680170863348,86.31118950437782,141.2036987315458,0.8099763525700954,682.1,746.6,377.75,0
parallel_run_1298,Archetype_2,1,0.0,1.0,0.8333333333333334,0.3480125901361778,0,0,0,2,0.0,7.193260089885094,11.65964368980142,4.36245347424116,67.47086947928852,860.866485459772,0.3929505433301446,47.88817474253383,105.9284432028051,105.7696635231778,0.7077017593878874,682.1,746.6,377.75,1
parallel_run_1299,Archetype_2,0,0.0001971719372435,0.9999885736623152,0.0,0.0,0,1,0,3,0.3333333333333333,10.87938801553206,16.037856129965,2.961086101395173,69.6604654795751,1130.70880630468,0.3289402099742169,45.2910359937304,14.91317533979289,294.1194921299998,1.165324106539424,682.1,746.6,377.75,0
parallel_run_1300,Archetype_2,0,0.2991571832335469,0.9805258683503,0.9090909090909092,0.2540546303267301,0,1,0,3,0.3333333333333333,11.04944243362644,19.24071518137925,3.605624564480587,53.85239415205597,1355.675352940887,0.2611936824169285,192.5155188876426,93.4514385332439,163.183152602084,0.9537850554699546,682.1,746.6,377.75,0
parallel_run_1301,Archetype_2,0,0.3741870432658339,0.954396613790348,0.8333333333333334,0.5190718196085679,0,1,0,3,0.0,9.08917883368848,15.93141516714483,2.552097542916801,87.05159164902761,516.4075892774002,0.5259683590341234,164.5121833558311,80.95119800030251,191.2553856341034,1.094491785369062,682.1,746.6,377.75,0
parallel_run_1302,Archetype_2,0,0.0,1.0,0.0,0.1719522915846163,0,1,0,3,0.3333333333333333,6.022122980882333,10.18624643812967,4.118622604217991,44.05635878211464,657.7419002366751,0.4846669501207773,27.38228323221475,120.2686065600439,118.8863494549756,1.050243965660369,682.1,746.6,377.75,0
parallel_run_1303,Archetype_2,0,0.1661369184773855,0.9916619343134844,0.8333333333333334,0.0189713815216134,0,1,0,3,0.3333333333333333,12.81217303836103,18.79926099501478,3.671884488568053,46.3834911494316,1976.5423669876,0.4556973803877963,98.27765434529884,77.3225987347966,261.8146648055326,0.8637011623017257,682.1,746.6,377.75,0
parallel_run_1304,Archetype_2,2,1.0,0.92663132887545,0.0841672349991964,0.0269150035839148,0,1,0,3,0.3333333333333333,11.30329623906534,14.11358006738063,2.119776423336449,80.39616228749757,927.2926047619708,0.0269989646361896,110.5634989792129,18.96908617913164,123.0786965714163,1.005760777712649,682.1,746.6,377.75,2
parallel_run_1305,Archetype_2,1,0.0,1.0,0.7440694361436462,0.0003819332088281,0,0,0,2,0.0,9.208165790113028,15.46907671514874,4.545251827774964,38.83541580815834,1956.9090829731,0.1622856966902549,21.41825610127897,34.46180060490662,143.3953587386619,1.21370144627473,682.1,746.6,377.75,1
parallel_run_1307,Archetype_2,0,0.1658771134556826,0.9912760646933368,0.6931860604620809,0.0150668229903581,0,1,0,3,0.3333333333333333,11.79622827938521,18.29050969456285,4.169805421292692,52.8848948871502,1412.193873679556,0.4257887667081556,79.79357681981203,42.21866859739012,215.0694877114157,0.8330072175424368,682.1,746.6,377.75,0
parallel_run_1308,Archetype_2,2,0.5022316520758853,0.9393548767120924,0.0,0.0034527346801852,0,1,0,3,0.3333333333333333,7.646521843235478,7.231058342555429,3.31458691916786,41.69964252763987,671.0160759439195,0.4157057803155249,70.94792328052574,46.67117715729472,250.4862261361136,0.7327865198402268,682.1,746.6,377.75,2
parallel_run_1309,Archetype_2,2,1.0,0.8922752736377195,-2.6973902383215844e-14,0.2065860293818535,0,1,0,3,0.0,13.36289726948865,19.43255606974088,2.149756002614726,98.31009612961368,830.6769291617317,0.3440972357975186,24.40106928622523,21.65487938516236,225.1829757871136,1.25645844295112,682.1,746.6,377.75,2
parallel_run_1310,Archetype_2,0,0.263457590399315,0.9727030475353364,0.0,0.0614858067481126,0,1,0,3,0.3333333333333333,8.364797989299861,9.192250646467237,3.860538328046275,34.3813015352484,788.3970389732821,0.4717590306136611,144.6892794848065,41.70303632080136,285.1192728451363,0.9914750935718764,682.1,746.6,377.75,0
parallel_run_1311,Archetype_2,0,0.317944462204509,0.9814891886352932,0.0,0.0322812574059097,0,1,0,3,0.3333333333333333,14.90080910970151,16.57440810558032,2.987874773593921,45.48329767203269,1579.101973947642,0.0323452792956046,124.7691560752347,13.25130095356169,131.0360691937709,1.160280557751469,682.1,746.6,377.75,0
parallel_run_1312,Archetype_2,2,1.0,0.8680420020161622,0.0,0.0118825187888935,0,1,0,3,0.3333333333333333,6.738724478605125,10.74467739481464,4.059979339446745,91.01635205906643,546.9101382223519,0.1271291449095846,29.64904233951978,50.75070528467045,175.7269183945674,1.085475702971351,682.1,746.6,377.75,2
parallel_run_1313,Archetype_2,2,1.0,0.8880991199050698,0.0,0.279561474436292,0,1,0,3,0.3333333333333333,12.29475505195811,16.20117521024517,2.57668959775238,86.126770574267,694.6303209657378,0.3562216088726904,35.8027220756866,64.20784236580666,271.3979072062631,0.7973279454902197,682.1,746.6,377.75,2
parallel_run_1314,Archetype_2,1,1.0,0.9115599764473616,0.5202657651940875,0.2477040199874926,0,0,0,0,0.0,5.41478544277491,13.9696886981829,3.800167267124271,93.40190108464566,1614.000840022941,0.2479437183689544,197.1143613561278,32.13386871974967,137.2906070612262,1.198479495410149,682.1,746.6,377.75,1
parallel_run_1315,Archetype_2,0,3.835461081378263e-05,0.9999944834311452,0.8950848317147295,0.0685299121004149,0,1,0,3,0.3333333333333333,7.325244866915437,6.133456484961489,2.849506395765022,36.13139533184066,1846.939556478707,0.1045903725178832,104.708041937107,141.4654323491187,103.7582240168401,0.5719642415394346,682.1,746.6,377.75,0
parallel_run_1316,Archetype_2,0,3.628459757987256e-05,0.9999970933779616,0.833333333333307,1.4635500637888877e-17,0,1,0,3,0.3333333333333333,10.09356256031139,11.29063222601615,4.76846366035301,76.79579046522252,1053.739944648393,0.2204308342752106,41.70644304050847,45.01347485513899,281.050931209811,1.263414311242694,682.1,746.6,377.75,0
parallel_run_1317,Archetype_2,0,0.2134659110444533,0.9866221087560744,0.8333333333333334,0.0354951805529016,0,1,0,3,0.3333333333333333,6.186101812756469,15.06385238110333,2.884344918055505,31.24493007510238,986.5491512115816,0.0557544202849528,84.24127174220122,94.4970799647684,145.9465456157096,1.018398256176594,682.1,746.6,377.75,0
parallel_run_1319,Archetype_2,0,0.0008602229190641,0.9998972599848952,0.8333333333333334,0.0828101392554555,0,1,0,3,0.0,5.875103409596851,7.908293010058282,2.390464514085502,54.80879767084504,951.9658153072828,0.3730351891050821,88.41266743681159,98.35668950325385,201.4163575543587,0.6395764243792184,682.1,746.6,377.75,0
parallel_run_1320,Archetype_2,0,0.0300556529259094,0.995427499915425,0.8106358721441518,0.0511266952371147,0,1,0,3,0.0,9.89273547819015,5.915838497469448,4.894747269895554,35.37340681692577,1159.023486619083,0.501565989511877,72.72853972209614,37.63505720582668,179.0711115343357,0.7616663464940141,682.1,746.6,377.75,0
parallel_run_1321,Archetype_2,0,0.0003774342435672,0.999978313707851,0.0,1.558778384856351e-16,0,1,0,3,0.3333333333333333,14.08524419392078,16.31334378769262,2.308954015500626,40.52170066997526,1429.94499687827,0.4596363285181422,47.00410072502583,15.67060968778293,242.31607024993,1.191021807579522,682.1,746.6,377.75,0
parallel_run_1322,Archetype_2,0,0.2288651623284377,0.9604902595608652,0.0,0.2286347886750755,0,1,1,4,0.0,12.41392231723704,6.505360896541484,2.371739473104665,32.39759536864331,816.6382880545631,0.5170204646406725,23.22847379435524,49.02752712084806,184.9716219995724,1.138692518506339,682.1,746.6,377.75,0
parallel_run_1323,Archetype_2,0,0.1128670412422507,0.990996071532554,0.8333333333333468,0.3207751587462779,0,1,0,3,0.3333333333333333,11.20531214550689,17.28918987462175,2.41534597807669,62.25120319523698,1520.929737606235,0.5566745144953847,74.0786242796822,117.154618835779,125.2618930845108,1.040699628833873,682.1,746.6,377.75,0
parallel_run_1324,Archetype_2,0,0.1078236933285056,0.991681822018178,0.8333333333333334,0.0112163784909398,0,1,0,3,0.3333333333333333,14.76040816329797,11.89711135068584,3.420702396064348,30.231907913922,1810.531238432742,0.1512092640839279,103.1976415956362,60.53852960346411,259.9151824744392,0.8372539290562797,682.1,746.6,377.75,0
parallel_run_1325,Archetype_2,1,0.3225984657581154,0.9804793158167174,0.7103317049565814,0.018707405137118,0,0,0,2,0.0,7.125713809407731,15.76402470243221,2.203821019158463,30.66474775106086,1916.270048437812,0.5283635710427317,61.25580077898183,29.96136795184568,159.1614013752083,1.233712473598319,682.1,746.6,377.75,1
parallel_run_1326,Archetype_2,0,0.2675418351775689,0.9842009287920156,0.9090909090909092,0.1307806491237217,0,1,0,3,0.3333333333333333,8.679848728865139,17.93322578398463,2.012220077079774,83.75880309023228,1452.198189273966,0.1702477055167378,188.3270361277955,136.3991131874458,182.3163284478816,0.9737019697352638,682.1,746.6,377.75,0
parallel_run_1327,Archetype_2,0,0.4787880725736838,0.9570185300526076,0.8333333333333334,0.0064821641361486,0,1,0,3,0.3333333333333333,10.55930465773863,9.95253445312245,2.521216447715092,45.35968846878346,1103.764527095477,0.4796032918726125,40.24829434892813,79.6642707844849,235.4042582741113,1.120275647130058,682.1,746.6,377.75,0
parallel_run_1328,Archetype_2,1,0.0395517540298733,0.9937321837052576,0.8333333333333334,0.0008596742361327,0,0,0,2,0.0,8.584062378535368,5.204947737148349,3.396878123134748,49.03717145112236,1633.945583329502,0.3831221102711273,55.84174480106363,55.43941616510568,267.3891249190509,1.103848703587101,682.1,746.6,377.75,1
parallel_run_1329,Archetype_2,2,1.0,0.9305204625782832,0.5004154941056809,0.0022076345730893,0,1,0,3,0.3333333333333333,11.48324720641784,13.54496100580118,2.943629403674687,73.69619351630662,959.6890243777384,0.1556452540222857,26.07329355182583,17.9346609870809,270.2527552749784,1.24797609559057,682.1,746.6,377.75,2
parallel_run_1330,Archetype_2,0,0.2329990650966838,0.9755948419221998,0.8333333333333334,0.5446349368370138,0,1,0,3,0.0,8.239417824778362,19.86594006810631,2.185631748368638,84.78697422249212,1014.516711027553,0.5729610607824123,94.5537552962944,103.539963389083,112.696063975848,0.8568714170808833,682.1,746.6,377.75,0
parallel_run_1331,Archetype_2,1,0.0,1.0,0.8333333333332908,0.0556245589428883,0,0,0,2,0.0,10.74739923464404,14.72531853706425,2.344142683785495,39.79251941170135,1382.725160889254,0.1302190494638491,44.96744153575168,45.57905328193963,117.6699208576838,0.5147064197244176,682.1,746.6,377.75,1
parallel_run_1333,Archetype_2,0,0.6212964637215518,0.952705532681676,0.8333333333333334,0.2822279862501801,0,1,0,3,0.3333333333333333,12.62912539162891,17.1844658696355,2.641849634690004,42.22256724024653,904.387351538265,0.3237095872395198,68.36904203871276,108.7516199458351,169.4200698119767,0.6476733781840518,682.1,746.6,377.75,0
parallel_run_1334,Archetype_2,0,5.3007860055131736e-05,0.9999959275991974,0.8333333333333334,0.0368158100746571,0,1,0,3,0.0,6.522201326382715,12.39939167303931,3.618708160073463,47.13963660315678,739.0878598442532,0.2748268178242084,80.41869864667342,47.40439371988354,195.7889275941752,0.5500432829432993,682.1,746.6,377.75,0
parallel_run_1335,Archetype_2,2,1.0,0.91358132918426,0.8333333333333334,0.0260920845128096,0,1,0,3,0.3333333333333333,9.384437367855847,18.12707624626986,2.907152582017375,82.60031647176109,883.1361687269793,0.196669248894807,66.74094420558276,73.27740104246614,210.9777341720553,1.294178414837762,682.1,746.6,377.75,2
parallel_run_1336,Archetype_2,1,0.3912720749146962,0.9580907446911846,0.764601488576673,0.5347554810354811,0,0,1,3,0.0,14.37657933613404,18.84410004062273,2.669185145620158,35.03786974557758,1927.503758948734,0.53662187709572,185.9380919407641,28.71237259798763,240.7907661092698,1.211179443278551,682.1,746.6,377.75,0
parallel_run_1337,Archetype_2,0,3.073043903926583e-05,0.9999982331168734,0.8333333333333334,0.014393143135705,0,1,0,3,0.3333333333333333,12.88294506062676,16.47370199557806,3.916427027915539,33.29873756204726,1553.403975838957,0.1037951584613293,35.14190572583635,68.48407504836385,165.2840596040335,1.272212627733274,682.1,746.6,377.75,0
parallel_run_1338,Archetype_2,1,0.1800229126817362,0.984814183658816,0.8333333333333334,0.4357774378399535,0,0,0,2,0.0,13.71417304507693,19.94297232922278,3.190463394584546,39.35568050526847,1306.802190395147,0.4398896859558368,173.4756545582791,57.55417542909995,217.6461551705664,0.6040099969531483,682.1,746.6,377.75,1
parallel_run_1339,Archetype_2,2,0.7741443030629918,0.9034401126803288,0.0,0.2455872875757582,0,1,0,3,0.0,10.0542437922061,9.52808842232428,2.7551726834745,63.83059444783521,602.6095239046633,0.5655852937121579,52.9250694322663,12.91258574592992,212.3338287792068,0.8863857524748795,682.1,746.6,377.75,2
parallel_run_1340,Archetype_2,0,0.308045564725559,0.9816516075267286,0.4092405703315022,0.0923238811630792,0,1,0,3,0.0,8.902950966584617,17.34337950080082,3.071726683251704,72.97629984854609,1254.634228844618,0.0922887709307529,134.989883752535,20.33996544789689,133.8281740992772,0.6978638514594209,682.1,746.6,377.75,0
parallel_run_1341,Archetype_2,0,0.3635239649441846,0.9326054546564084,0.7107669964391825,0.2019393160281622,0,1,0,3,0.3333333333333333,5.219692016072181,5.614852538476582,3.507907836572578,37.36349927885944,613.7680335920102,0.2904762209302906,148.1467328115624,131.7779486933157,207.8141490530652,1.146935950080092,682.1,746.6,377.75,0
parallel_run_1342,Archetype_2,1,0.0001506515239857,0.9999762122722784,0.7842700434512616,6.119314677440362e-05,0,0,1,3,0.0,11.93340271693271,5.317576274973425,3.28343831907141,71.54504448894762,1838.989919269122,0.4945103601576556,50.50487388868805,23.73720438973167,225.8680659378676,1.111263875962919,682.1,746.6,377.75,0
parallel_run_1343,Archetype_2,2,1.0,0.9294888340679528,0.0,0.0559058393349496,0,1,0,3,0.3333333333333333,7.847009180844555,15.10246331425202,2.220849460660624,49.56921416774286,674.7929181340594,0.181477849380431,32.85601950306146,137.9877963370772,282.6442521246439,1.072413780762075,682.1,746.6,377.75,2
parallel_run_1344,Archetype_2,0,0.2856841384123472,0.9685790545625306,0.642236568368287,0.0015555990116109,0,1,0,3,0.0,5.307304167754404,8.062741299807017,2.856484395403244,90.46559420208708,591.9263990795743,0.5853009355147591,97.7904136753744,36.39089163854832,254.8378904988671,0.9033851808539108,682.1,746.6,377.75,0
parallel_run_1345,Archetype_2,2,1.0,0.9519119827547852,0.8333333333333334,0.0,0,1,0,1,1.0,8.088620780419058,19.64969158227921,2.445246324409711,38.13315627139157,846.5530044686006,0.2872874174759508,41.0140129305388,66.19506893135303,296.218590405105,0.6626148413292461,682.1,746.6,377.75,1
parallel_run_1346,Archetype_2,0,0.5607387564384378,0.9507191295323916,0.5715936195956426,0.3907662231196417,0,1,0,3,0.0,7.737878589250059,17.65262552890793,2.04343847591413,60.65256661819086,794.1535603498564,0.3905802979433853,158.1284539410613,28.1308721236521,148.7173157451602,1.000044063032848,682.1,746.6,377.75,0
parallel_run_1347,Archetype_2,2,0.649494800924975,0.933292408276956,0.7482898545135308,0.4975213247393167,0,1,0,3,0.3333333333333333,13.0646439961812,18.24589508543017,2.716732587027388,46.65131170230379,725.1054169218328,0.5115983993063354,64.21434402267955,101.3397416534369,115.4601576016992,0.561267319729339,682.1,746.6,377.75,2
parallel_run_1348,Archetype_2,0,0.0,1.0,0.8333333333333334,0.0070261046718115,0,1,0,3,0.3333333333333333,14.55899147105204,16.92400224464144,4.505870455669541,48.66008960426488,1880.428773878496,0.1898057560671069,25.33689484018815,53.21861456331589,186.1609652237962,0.6245236166119492,682.1,746.6,377.75,0
parallel_run_1349,Archetype_2,2,0.8734356992905563,0.932307253132628,0.8104461314811094,0.099394134771387,0,1,0,3,0.3333333333333333,6.902588311173137,13.28544430155988,2.608092824810263,48.10349831449953,712.0868495925945,0.5809073215674864,59.06523453291005,146.7428585041353,298.5472537308848,1.224555548142108,682.1,746.6,377.75,2
parallel_run_1351,Archetype_2,0,0.003406188165044,0.9998306606387102,0.829528473686737,0.0,0,1,0,3,0.0,5.645937846490421,19.08999399027946,4.574685372982158,59.43535530068567,740.044618160573,0.4465748804743228,76.02908933133577,44.09919367093785,262.8462682705834,0.782484278393255,1011.4,627.0,315.25,0
parallel_run_1352,Archetype_2,0,0.1370021822425987,0.9905261961773028,0.5488610767745962,0.1177486123653389,0,1,0,3,0.3333333333333333,13.49964268135165,15.33095577911059,4.464674582116157,42.94616278436651,1185.794953774338,0.117649937817252,137.4023502352264,22.49168264409253,128.2191212271367,0.5911665438533666,1011.4,627.0,315.25,0
parallel_run_1353,Archetype_2,1,0.2964629628602728,0.981359678648236,0.833333333333465,0.2270314695575104,0,0,0,2,0.0,6.405292284318544,19.53555145216947,3.764585606427318,64.73890400335439,850.6267050193985,0.2646507902451352,37.50790122422556,110.5320184729022,100.9223548185412,1.28665717130124,1011.4,627.0,315.25,1
parallel_run_1354,Archetype_2,1,0.4287396551036208,0.9687075397429392,0.0,0.175338235473629,0,0,0,2,0.0,5.078233488755179,15.36811055664406,4.023785290991664,68.86856051780249,1676.075248578451,0.2246787017126815,129.5689761803989,24.65199699594505,232.3224413807133,0.6774859235206085,1011.4,627.0,315.25,1
parallel_run_1355,Archetype_2,2,0.8286261981333927,0.9109685885653994,0.8333333333333334,0.0304705884553645,0,1,0,3,0.3333333333333333,9.795367374301884,8.46566765326878,4.968477490368761,93.10632240494294,1005.748088406246,0.0638931166280094,56.87494984404746,127.412906728483,150.7886454235,1.149819164967017,1011.4,627.0,315.25,2
parallel_run_1356,Archetype_2,0,0.2171863718520584,0.9821861108098044,0.9090909090909092,0.1438619829395513,0,1,0,3,0.3333333333333333,13.21427123302489,12.99077849367701,2.804621181868556,57.60856169568081,1509.042894252557,0.202994166366049,91.80831738898752,122.5526135883852,139.657431483073,1.128863155150354,1011.4,627.0,315.25,0
parallel_run_1358,Archetype_2,1,0.318003138373236,0.9659127412184104,0.0,0.0498782664973264,0,0,0,2,0.0,6.639503134093878,8.702036358183824,2.460006477284389,50.84918084009174,1224.275709388201,0.14250239653806,114.0559579566393,16.49310952489565,222.5836742807619,1.025953997214746,1011.4,627.0,315.25,1
parallel_run_1360,Archetype_2,1,2.504501648085222e-05,0.999997778532399,0.8292022240585314,0.3962852720200365,0,0,0,2,0.0,13.53541818756549,17.50384951367896,4.718111782544003,32.06607470803334,1682.919135964777,0.407888008510583,62.79308556464255,40.8608152984074,108.3468966403483,0.7505038651828599,1011.4,627.0,315.25,1
parallel_run_1361,Archetype_2,1,0.1543360687256456,0.9848956976478064,0.7959461727279578,0.3405719114461918,0,0,0,2,0.0,9.589786864094185,14.52009542132607,2.25760526337914,95.46321746956043,1743.776803747743,0.3420270254820715,154.4883468009115,38.07535167163682,155.3553685224774,0.5347162870897352,1011.4,627.0,315.25,1
parallel_run_1363,Archetype_2,0,0.0003101203807543,0.999979135772186,0.8333333333333448,0.1278410245448595,0,1,0,3,0.3333333333333333,11.5724650899624,15.71417657225041,2.505463074151018,37.82135289309134,1732.171085268251,0.2966680057335894,87.89904124731528,124.3179479506931,188.0589961374106,0.6121933944560484,1011.4,627.0,315.25,0
parallel_run_1364,Archetype_2,2,0.539417660378849,0.9673792566487258,0.0,0.0626228197511175,0,1,0,3,0.0,7.401877309695345,16.72060108361629,4.239354502223774,78.9004950381646,763.9731909619118,0.0862171753274194,168.5882939237162,10.48455250370037,274.1962939177321,0.9381802418748396,1011.4,627.0,315.25,0
parallel_run_1365,Archetype_2,1,0.0,1.0,0.5572520766629234,0.0002796303937324,0,0,0,2,0.0,6.226512320545174,10.57007202633626,4.816232216133942,78.55254926123328,1473.572870709382,0.3084672339978864,39.11190515019379,26.58517665913403,167.9697151744124,0.8989728030906465,1011.4,627.0,315.25,1
parallel_run_1366,Archetype_2,0,0.2166620354078512,0.9799873539527368,0.8333333333333334,0.2207056193611064,0,1,0,3,0.0,8.028178927033153,12.69358091967134,3.112625106465832,36.62334427994244,1295.694779439287,0.2513937760739758,117.9684651723182,90.13045861303728,158.0544197808208,0.9195426682975842,1011.4,627.0,315.25,0
parallel_run_1367,Archetype_2,0,0.2117425376862836,0.9735148811909636,0.3165321464343951,0.0231727256243154,0,1,0,3,0.0,5.772023405404161,7.116169331792253,2.064522668331408,56.51085137099933,1786.195480402135,0.0232508350807578,161.0329775531958,25.14851249315225,197.822121004284,0.7197444930411876,1011.4,627.0,315.25,0
parallel_run_1368,Archetype_2,0,0.1923006563035028,0.989065347515382,0.8333333333333331,0.0434086460469078,0,1,0,3,0.3333333333333333,9.480794663304136,17.03804542014852,4.639878986106728,99.35855694037711,1250.245306083507,0.4168895798584492,43.35096290748591,149.1588574610129,277.1890738836713,1.083347637799514,1011.4,627.0,315.25,0
parallel_run_1369,Archetype_2,2,1.0,0.9057483563946568,0.8333333333333334,0.2723523838126649,0,1,0,3,0.3333333333333333,12.59017345046845,19.02253176729523,3.9523185428614,96.0626212890334,921.343979285896,0.3159410008343269,143.9201303011419,83.56764829664709,247.3963377767511,1.184696545793093,1011.4,627.0,315.25,2
parallel_run_1370,Archetype_2,2,0.7267105526182003,0.9455094771487732,0.0,0.3234961283740707,0,1,0,3,0.3333333333333333,13.88681027006693,18.61075821619153,4.347085125891433,43.42201779666991,778.7163195623369,0.5440908291581393,33.79114171279144,30.41474642500482,289.3256653337539,0.7671046222699125,1011.4,627.0,315.25,2
parallel_run_1371,Archetype_2,1,0.1928886102209398,0.9433324179589672,0.0547904872970457,0.558121414624546,0,0,0,2,0.0,10.32199462340584,6.699275404416465,2.08038382636346,44.79361792876074,979.8557987975116,0.595749285135953,177.31500644115,11.06955829270862,290.4698168059626,1.067301995703033,1011.4,627.0,315.25,1
parallel_run_1372,Archetype_2,0,0.1004247804826468,0.989882021478168,0.8333333333333334,0.3153967908699798,0,1,0,3,0.3333333333333333,10.44667181037197,13.25070225132207,4.259523874160369,88.11039822390016,1086.489408610497,0.3604504262054547,93.26680170863348,86.31118950437782,141.2036987315458,0.8099763525700954,1011.4,627.0,315.25,0
parallel_run_1373,Archetype_2,1,0.0,1.0,0.8333333333333396,0.3437225231539572,0,0,0,2,0.0,7.193260089885094,11.65964368980142,4.36245347424116,67.47086947928852,860.866485459772,0.3929505433301446,47.88817474253383,105.9284432028051,105.7696635231778,0.7077017593878874,1011.4,627.0,315.25,1
parallel_run_1374,Archetype_2,0,0.0,1.0,0.0,-4.872931735735432e-17,0,1,0,3,0.3333333333333333,10.87938801553206,16.037856129965,2.961086101395173,69.6604654795751,1130.70880630468,0.3289402099742169,45.2910359937304,14.91317533979289,294.1194921299998,1.165324106539424,1011.4,627.0,315.25,0
parallel_run_1375,Archetype_2,0,0.3028430193551917,0.9803378387718856,0.9090909090909092,0.2547307919736831,0,1,0,3,0.3333333333333333,11.04944243362644,19.24071518137925,3.605624564480587,53.85239415205597,1355.675352940887,0.2611936824169285,192.5155188876426,93.4514385332439,163.183152602084,0.9537850554699546,1011.4,627.0,315.25,0
parallel_run_1376,Archetype_2,0,0.3647880105968253,0.9556614111299604,0.8333333333333334,0.5176746603341142,0,1,0,3,0.0,9.08917883368848,15.93141516714483,2.552097542916801,87.05159164902761,516.4075892774002,0.5259683590341234,164.5121833558311,80.95119800030251,191.2553856341034,1.094491785369062,1011.4,627.0,315.25,0
parallel_run_1377,Archetype_2,0,0.0589085567589469,0.9934579565201176,0.6351754096998152,0.1980091563754112,0,1,0,3,0.3333333333333333,6.022122980882333,10.18624643812967,4.118622604217991,44.05635878211464,657.7419002366751,0.4846669501207773,27.38228323221475,120.2686065600439,118.8863494549756,1.050243965660369,1011.4,627.0,315.25,0
parallel_run_1378,Archetype_2,0,0.1501129200085444,0.9923259977675974,0.8333333333333334,0.0273833743146774,0,1,0,3,0.3333333333333333,12.81217303836103,18.79926099501478,3.671884488568053,46.3834911494316,1976.5423669876,0.4556973803877963,98.27765434529884,77.3225987347966,261.8146648055326,0.8637011623017257,1011.4,627.0,315.25,0
parallel_run_1379,Archetype_2,2,1.0,0.9244928031876014,0.3234071502880096,0.0269134151971503,0,1,0,3,0.3333333333333333,11.30329623906534,14.11358006738063,2.119776423336449,80.39616228749757,927.2926047619708,0.0269989646361896,110.5634989792129,18.96908617913164,123.0786965714163,1.005760777712649,1011.4,627.0,315.25,2
parallel_run_1380,Archetype_2,1,0.0,1.0,0.7419255382131714,0.0012317666289037,0,0,0,2,0.0,9.208165790113028,15.46907671514874,4.545251827774964,38.83541580815834,1956.9090829731,0.1622856966902549,21.41825610127897,34.46180060490662,143.3953587386619,1.21370144627473,1011.4,627.0,315.25,1
parallel_run_1382,Archetype_2,0,0.1446181871824632,0.9924324325936272,0.7221786584485975,0.0194708384455179,0,1,0,3,0.3333333333333333,11.79622827938521,18.29050969456285,4.169805421292692,52.8848948871502,1412.193873679556,0.4257887667081556,79.79357681981203,42.21866859739012,215.0694877114157,0.8330072175424368,1011.4,627.0,315.25,0
parallel_run_1383,Archetype_2,2,0.4978057977115861,0.9393429088205034,0.0,0.0070074121856397,0,1,0,3,0.3333333333333333,7.646521843235478,7.231058342555429,3.31458691916786,41.69964252763987,671.0160759439195,0.4157057803155249,70.94792328052574,46.67117715729472,250.4862261361136,0.7327865198402268,1011.4,627.0,315.25,2
parallel_run_1384,Archetype_2,2,1.0,0.8923843531575893,0.2093645726186487,0.2112388348438561,0,1,0,3,0.0,13.36289726948865,19.43255606974088,2.149756002614726,98.31009612961368,830.6769291617317,0.3440972357975186,24.40106928622523,21.65487938516236,225.1829757871136,1.25645844295112,1011.4,627.0,315.25,2
parallel_run_1385,Archetype_2,0,0.2574077478517055,0.9733641685167076,0.0,0.0597503149395657,0,1,0,3,0.3333333333333333,8.364797989299861,9.192250646467237,3.860538328046275,34.3813015352484,788.3970389732821,0.4717590306136611,144.6892794848065,41.70303632080136,285.1192728451363,0.9914750935718764,1011.4,627.0,315.25,0
parallel_run_1386,Archetype_2,0,0.3023189003094857,0.9822633494778336,0.0,0.032314174576963,0,1,0,3,0.3333333333333333,14.90080910970151,16.57440810558032,2.987874773593921,45.48329767203269,1579.101973947642,0.0323452792956046,124.7691560752347,13.25130095356169,131.0360691937709,1.160280557751469,1011.4,627.0,315.25,0
parallel_run_1387,Archetype_2,2,1.0,0.8700290829101123,0.6388532821558529,0.0114104793309255,0,1,0,3,0.3333333333333333,6.738724478605125,10.74467739481464,4.059979339446745,91.01635205906643,546.9101382223519,0.1271291449095846,29.64904233951978,50.75070528467045,175.7269183945674,1.085475702971351,1011.4,627.0,315.25,2
parallel_run_1388,Archetype_2,2,1.0,0.8880644259487318,0.0,0.280068909408314,0,1,0,3,0.3333333333333333,12.29475505195811,16.20117521024517,2.57668959775238,86.126770574267,694.6303209657378,0.3562216088726904,35.8027220756866,64.20784236580666,271.3979072062631,0.7973279454902197,1011.4,627.0,315.25,2
parallel_run_1389,Archetype_2,1,0.8699347100705044,0.923203276831254,0.5103792580349789,0.2473711624445508,0,0,0,1,0.0,5.41478544277491,13.9696886981829,3.800167267124271,93.40190108464566,1614.000840022941,0.2479437183689544,197.1143613561278,32.13386871974967,137.2906070612262,1.198479495410149,1011.4,627.0,315.25,1
parallel_run_1390,Archetype_2,0,0.0,1.0,0.9090909090909092,0.0737340079340866,0,1,0,3,0.3333333333333333,7.325244866915437,6.133456484961489,2.849506395765022,36.13139533184066,1846.939556478707,0.1045903725178832,104.708041937107,141.4654323491187,103.7582240168401,0.5719642415394346,1011.4,627.0,315.25,0
parallel_run_1391,Archetype_2,0,0.0,1.0,0.8333333333334332,6.522818483972106e-19,0,1,0,3,0.3333333333333333,10.09356256031139,11.29063222601615,4.76846366035301,76.79579046522252,1053.739944648393,0.2204308342752106,41.70644304050847,45.01347485513899,281.050931209811,1.263414311242694,1011.4,627.0,315.25,0
parallel_run_1392,Archetype_2,0,0.2789742942025768,0.9821395357469566,0.8333333333333334,0.0417551637006816,0,1,0,3,0.0,6.186101812756469,15.06385238110333,2.884344918055505,31.24493007510238,986.5491512115816,0.0557544202849528,84.24127174220122,94.4970799647684,145.9465456157096,1.018398256176594,1011.4,627.0,315.25,0
parallel_run_1394,Archetype_2,0,0.0004491733359711,0.9999445377585962,0.8333333333333334,0.1015460465380695,0,1,0,3,0.0,5.875103409596851,7.908293010058282,2.390464514085502,54.80879767084504,951.9658153072828,0.3730351891050821,88.41266743681159,98.35668950325385,201.4163575543587,0.6395764243792184,1011.4,627.0,315.25,0
parallel_run_1395,Archetype_2,0,0.0012108699772903,0.9998138037779132,0.8333333333333292,0.0627428883646326,0,1,0,3,0.0,9.89273547819015,5.915838497469448,4.894747269895554,35.37340681692577,1159.023486619083,0.501565989511877,72.72853972209614,37.63505720582668,179.0711115343357,0.7616663464940141,1011.4,627.0,315.25,0
parallel_run_1396,Archetype_2,0,0.0001805371137996,0.9999897243979036,0.0,0.0,0,1,0,3,0.3333333333333333,14.08524419392078,16.31334378769262,2.308954015500626,40.52170066997526,1429.94499687827,0.4596363285181422,47.00410072502583,15.67060968778293,242.31607024993,1.191021807579522,1011.4,627.0,315.25,0
parallel_run_1397,Archetype_2,0,0.2265224101386856,0.9610540940025818,0.330267425206268,0.2268642896745053,0,1,0,3,0.0,12.41392231723704,6.505360896541484,2.371739473104665,32.39759536864331,816.6382880545631,0.5170204646406725,23.22847379435524,49.02752712084806,184.9716219995724,1.138692518506339,1011.4,627.0,315.25,0
parallel_run_1398,Archetype_2,0,0.1419459130641009,0.988708658780552,0.8333333333333334,0.3216672101654002,0,1,0,3,0.0,11.20531214550689,17.28918987462175,2.41534597807669,62.25120319523698,1520.929737606235,0.5566745144953847,74.0786242796822,117.154618835779,125.2618930845108,1.040699628833873,1011.4,627.0,315.25,0
parallel_run_1399,Archetype_2,0,0.0976399392992758,0.9923942443330944,0.8333333333333334,0.0103404075286725,0,1,0,3,0.3333333333333333,14.76040816329797,11.89711135068584,3.420702396064348,30.231907913922,1810.531238432742,0.1512092640839279,103.1976415956362,60.53852960346411,259.9151824744392,0.8372539290562797,1011.4,627.0,315.25,0
parallel_run_1400,Archetype_2,1,0.2995843369862348,0.9816777444114594,0.7153080491531579,0.0203129560109418,0,0,0,2,0.0,7.125713809407731,15.76402470243221,2.203821019158463,30.66474775106086,1916.270048437812,0.5283635710427317,61.25580077898183,29.96136795184568,159.1614013752083,1.233712473598319,1011.4,627.0,315.25,1
parallel_run_1401,Archetype_2,0,0.2570778753148535,0.9847886499953288,0.9090909090909092,0.130555360765631,0,1,0,3,0.3333333333333333,8.679848728865139,17.93322578398463,2.012220077079774,83.75880309023228,1452.198189273966,0.1702477055167378,188.3270361277955,136.3991131874458,182.3163284478816,0.9737019697352638,1011.4,627.0,315.25,0
parallel_run_1402,Archetype_2,0,0.300854920631824,0.9724614980055896,0.8333333333333334,0.0126360948920715,0,1,0,3,0.3333333333333333,10.55930465773863,9.95253445312245,2.521216447715092,45.35968846878346,1103.764527095477,0.4796032918726125,40.24829434892813,79.6642707844849,235.4042582741113,1.120275647130058,1011.4,627.0,315.25,0
parallel_run_1403,Archetype_2,1,0.0007957073408639,0.9998743846404796,0.8333333333333334,0.0003571383878099,0,0,0,2,0.0,8.584062378535368,5.204947737148349,3.396878123134748,49.03717145112236,1633.945583329502,0.3831221102711273,55.84174480106363,55.43941616510568,267.3891249190509,1.103848703587101,1011.4,627.0,315.25,1
parallel_run_1404,Archetype_2,2,1.0,0.93024665329417,0.6397071196375135,0.0023870421547592,0,1,0,3,0.3333333333333333,11.48324720641784,13.54496100580118,2.943629403674687,73.69619351630662,959.6890243777384,0.1556452540222857,26.07329355182583,17.9346609870809,270.2527552749784,1.24797609559057,1011.4,627.0,315.25,2
parallel_run_1405,Archetype_2,0,0.2408540708854747,0.9766109590592308,0.8333333333333334,0.5167330193592276,0,1,0,3,0.0,8.239417824778362,19.86594006810631,2.185631748368638,84.78697422249212,1014.516711027553,0.5729610607824123,94.5537552962944,103.539963389083,112.696063975848,0.8568714170808833,1011.4,627.0,315.25,0
parallel_run_1406,Archetype_2,1,0.0,1.0,0.8333333333333371,0.0524620069495358,0,0,0,2,0.0,10.74739923464404,14.72531853706425,2.344142683785495,39.79251941170135,1382.725160889254,0.1302190494638491,44.96744153575168,45.57905328193963,117.6699208576838,0.5147064197244176,1011.4,627.0,315.25,1
parallel_run_1408,Archetype_2,0,0.6123496801737818,0.9528726710642328,0.8333333333333334,0.2860041777041708,0,1,0,3,0.3333333333333333,12.62912539162891,17.1844658696355,2.641849634690004,42.22256724024653,904.387351538265,0.3237095872395198,68.36904203871276,108.7516199458351,169.4200698119767,0.6476733781840518,1011.4,627.0,315.25,0
parallel_run_1409,Archetype_2,0,2.3209816453775387e-05,0.9999982117959298,0.8333333333333334,0.0387741296998137,0,1,0,3,0.0,6.522201326382715,12.39939167303931,3.618708160073463,47.13963660315678,739.0878598442532,0.2748268178242084,80.41869864667342,47.40439371988354,195.7889275941752,0.5500432829432993,1011.4,627.0,315.25,0
parallel_run_1410,Archetype_2,2,1.0,0.924847899874313,0.8333333333333334,0.0316784658134531,0,1,0,3,0.3333333333333333,9.384437367855847,18.12707624626986,2.907152582017375,82.60031647176109,883.1361687269793,0.196669248894807,66.74094420558276,73.27740104246614,210.9777341720553,1.294178414837762,1011.4,627.0,315.25,2
parallel_run_1411,Archetype_2,0,0.3820255493713138,0.9581385914635832,0.7267033662661353,0.5373448975384747,0,1,0,3,0.0,14.37657933613404,18.84410004062273,2.669185145620158,35.03786974557758,1927.503758948734,0.53662187709572,185.9380919407641,28.71237259798763,240.7907661092698,1.211179443278551,1011.4,627.0,315.25,0
parallel_run_1412,Archetype_2,0,0.0001877814021682,0.999989207328641,0.8333333333333334,0.0140738950211421,0,1,0,3,0.3333333333333333,12.88294506062676,16.47370199557806,3.916427027915539,33.29873756204726,1553.403975838957,0.1037951584613293,35.14190572583635,68.48407504836385,165.2840596040335,1.272212627733274,1011.4,627.0,315.25,0
parallel_run_1413,Archetype_2,1,0.1695620609518851,0.9857360894517418,0.8333333333333334,0.4374448728502888,0,0,0,2,0.0,13.71417304507693,19.94297232922278,3.190463394584546,39.35568050526847,1306.802190395147,0.4398896859558368,173.4756545582791,57.55417542909995,217.6461551705664,0.6040099969531483,1011.4,627.0,315.25,1
parallel_run_1414,Archetype_2,2,0.7688388571417022,0.903850826909085,0.0,0.2427107899798388,0,1,0,3,0.0,10.0542437922061,9.52808842232428,2.7551726834745,63.83059444783521,602.6095239046633,0.5655852937121579,52.9250694322663,12.91258574592992,212.3338287792068,0.8863857524748795,1011.4,627.0,315.25,2
parallel_run_1415,Archetype_2,1,0.2849204430411362,0.9830710960245956,0.6603738602642133,0.0920758790299863,0,0,0,2,0.0,8.902950966584617,17.34337950080082,3.071726683251704,72.97629984854609,1254.634228844618,0.0922887709307529,134.989883752535,20.33996544789689,133.8281740992772,0.6978638514594209,1011.4,627.0,315.25,1
parallel_run_1416,Archetype_2,0,0.3658104580942861,0.932244693410746,0.6534741929584604,0.194083217191974,0,1,0,3,0.3333333333333333,5.219692016072181,5.614852538476582,3.507907836572578,37.36349927885944,613.7680335920102,0.2904762209302906,148.1467328115624,131.7779486933157,207.8141490530652,1.146935950080092,1011.4,627.0,315.25,0
parallel_run_1417,Archetype_2,1,0.0001993941355775,0.9999687297112394,0.8157948428107028,0.000115444445207,0,0,0,2,0.0,11.93340271693271,5.317576274973425,3.28343831907141,71.54504448894762,1838.989919269122,0.4945103601576556,50.50487388868805,23.73720438973167,225.8680659378676,1.111263875962919,1011.4,627.0,315.25,1
parallel_run_1418,Archetype_2,2,1.0,0.9282737996301688,0.0,0.0544457645628263,0,1,0,3,0.3333333333333333,7.847009180844555,15.10246331425202,2.220849460660624,49.56921416774286,674.7929181340594,0.181477849380431,32.85601950306146,137.9877963370772,282.6442521246439,1.072413780762075,1011.4,627.0,315.25,2
parallel_run_1419,Archetype_2,0,0.2596817076863352,0.971137656978983,0.6485636194622098,0.008562138313331,0,1,0,3,0.0,5.307304167754404,8.062741299807017,2.856484395403244,90.46559420208708,591.9263990795743,0.5853009355147591,97.7904136753744,36.39089163854832,254.8378904988671,0.9033851808539108,1011.4,627.0,315.25,0
parallel_run_1420,Archetype_2,0,0.7768427940261898,0.9626736778480682,0.833333333333339,1.954153065278421e-17,0,1,0,2,0.5,8.088620780419058,19.64969158227921,2.445246324409711,38.13315627139157,846.5530044686006,0.2872874174759508,41.0140129305388,66.19506893135303,296.218590405105,0.6626148413292461,1011.4,627.0,315.25,1
parallel_run_1421,Archetype_2,1,0.5268962116845021,0.9539792671464854,0.7356110313113559,0.3892863623567124,0,0,0,2,0.0,7.737878589250059,17.65262552890793,2.04343847591413,60.65256661819086,794.1535603498564,0.3905802979433853,158.1284539410613,28.1308721236521,148.7173157451602,1.000044063032848,1011.4,627.0,315.25,1
parallel_run_1422,Archetype_2,2,0.641472900570579,0.9342243038750068,0.7453052029669737,0.4975596716361181,0,1,0,3,0.3333333333333333,13.0646439961812,18.24589508543017,2.716732587027388,46.65131170230379,725.1054169218328,0.5115983993063354,64.21434402267955,101.3397416534369,115.4601576016992,0.561267319729339,1011.4,627.0,315.25,2
parallel_run_1423,Archetype_2,0,0.0,1.0,0.8333333333333334,0.0079191066124165,0,1,0,3,0.3333333333333333,14.55899147105204,16.92400224464144,4.505870455669541,48.66008960426488,1880.428773878496,0.1898057560671069,25.33689484018815,53.21861456331589,186.1609652237962,0.6245236166119492,1011.4,627.0,315.25,0
parallel_run_1424,Archetype_2,2,0.8845106246171086,0.933797833858098,0.7520447238335386,0.0630605819083338,0,1,0,3,0.3333333333333333,6.902588311173137,13.28544430155988,2.608092824810263,48.10349831449953,712.0868495925945,0.5809073215674864,59.06523453291005,146.7428585041353,298.5472537308848,1.224555548142108,1011.4,627.0,315.25,2
parallel_run_1426,Archetype_2,1,1.0,0.950198422323699,0.8218302487287239,0.0037142763060321,0,1,0,1,0.0,5.645937846490421,19.08999399027946,4.574685372982158,59.43535530068567,740.044618160573,0.4465748804743228,76.02908933133577,44.09919367093785,262.8462682705834,0.782484278393255,1231.7,865.3,438.95,1
parallel_run_1427,Archetype_2,0,0.1503783283253371,0.9895905611078116,0.6158044192532258,0.1176683211310325,0,1,0,3,0.3333333333333333,13.49964268135165,15.33095577911059,4.464674582116157,42.94616278436651,1185.794953774338,0.117649937817252,137.4023502352264,22.49168264409253,128.2191212271367,0.5911665438533666,1231.7,865.3,438.95,0
parallel_run_1428,Archetype_2,1,0.3768783831045434,0.9762159842246592,0.8333333333333334,0.2264104763154527,0,0,0,2,0.0,6.405292284318544,19.53555145216947,3.764585606427318,64.73890400335439,850.6267050193985,0.2646507902451352,37.50790122422556,110.5320184729022,100.9223548185412,1.28665717130124,1231.7,865.3,438.95,1
parallel_run_1429,Archetype_2,1,0.4707779702766792,0.9649072431997548,0.0,0.1837230795773095,0,0,0,2,0.0,5.078233488755179,15.36811055664406,4.023785290991664,68.86856051780249,1676.075248578451,0.2246787017126815,129.5689761803989,24.65199699594505,232.3224413807133,0.6774859235206085,1231.7,865.3,438.95,1
parallel_run_1430,Archetype_2,2,0.8387183549902811,0.9086872154329896,0.9090909090909092,0.0393689079214946,0,1,0,3,0.3333333333333333,9.795367374301884,8.46566765326878,4.968477490368761,93.10632240494294,1005.748088406246,0.0638931166280094,56.87494984404746,127.412906728483,150.7886454235,1.149819164967017,1231.7,865.3,438.95,2
parallel_run_1431,Archetype_2,0,0.2313550196560357,0.9809514829769488,0.846154858661548,0.1494403943964893,0,1,0,3,0.3333333333333333,13.21427123302489,12.99077849367701,2.804621181868556,57.60856169568081,1509.042894252557,0.202994166366049,91.80831738898752,122.5526135883852,139.657431483073,1.128863155150354,1231.7,865.3,438.95,0
parallel_run_1433,Archetype_2,1,0.3515800209619456,0.962054784029442,0.0,0.0528602631410486,0,0,0,2,0.0,6.639503134093878,8.702036358183824,2.460006477284389,50.84918084009174,1224.275709388201,0.14250239653806,114.0559579566393,16.49310952489565,222.5836742807619,1.025953997214746,1231.7,865.3,438.95,1
parallel_run_1435,Archetype_2,1,0.0001258067290923,0.9999887520460664,0.833333333333321,0.3957434094942407,0,0,0,2,0.0,13.53541818756549,17.50384951367896,4.718111782544003,32.06607470803334,1682.919135964777,0.407888008510583,62.79308556464255,40.8608152984074,108.3468966403483,0.7505038651828599,1231.7,865.3,438.95,1
parallel_run_1436,Archetype_2,1,0.1730626452608955,0.9832183697760102,0.7972060771030997,0.3398151245682648,0,0,0,2,0.0,9.589786864094185,14.52009542132607,2.25760526337914,95.46321746956043,1743.776803747743,0.3420270254820715,154.4883468009115,38.07535167163682,155.3553685224774,0.5347162870897352,1231.7,865.3,438.95,1
parallel_run_1438,Archetype_2,0,0.0556543205582481,0.9962437126594272,0.8333333333333334,0.1268484807185146,0,1,0,3,0.3333333333333333,11.5724650899624,15.71417657225041,2.505463074151018,37.82135289309134,1732.171085268251,0.2966680057335894,87.89904124731528,124.3179479506931,188.0589961374106,0.6121933944560484,1231.7,865.3,438.95,0
parallel_run_1439,Archetype_2,2,0.5683284082626909,0.9662253819462054,0.0,0.0608530601847036,0,1,0,3,0.0,7.401877309695345,16.72060108361629,4.239354502223774,78.9004950381646,763.9731909619118,0.0862171753274194,168.5882939237162,10.48455250370037,274.1962939177321,0.9381802418748396,1231.7,865.3,438.95,0
parallel_run_1440,Archetype_2,1,0.0,1.0,0.5640127449093232,0.0001224171789423,0,0,0,2,0.0,6.226512320545174,10.57007202633626,4.816232216133942,78.55254926123328,1473.572870709382,0.3084672339978864,39.11190515019379,26.58517665913403,167.9697151744124,0.8989728030906465,1231.7,865.3,438.95,1
parallel_run_1441,Archetype_2,1,0.2660361977647935,0.9754505879472803,0.8333333333333334,0.2222601859387165,0,0,0,2,0.0,8.028178927033153,12.69358091967134,3.112625106465832,36.62334427994244,1295.694779439287,0.2513937760739758,117.9684651723182,90.13045861303728,158.0544197808208,0.9195426682975842,1231.7,865.3,438.95,1
parallel_run_1442,Archetype_2,1,0.23563780813043,0.9705096127090652,0.6611525757816865,0.0231737219612244,0,0,0,2,0.0,5.772023405404161,7.116169331792253,2.064522668331408,56.51085137099933,1786.195480402135,0.0232508350807578,161.0329775531958,25.14851249315225,197.822121004284,0.7197444930411876,1231.7,865.3,438.95,1
parallel_run_1443,Archetype_2,0,0.2190884946923668,0.9874446551360996,0.8333333333329616,0.0453160417368895,0,1,0,3,0.3333333333333333,9.480794663304136,17.03804542014852,4.639878986106728,99.35855694037711,1250.245306083507,0.4168895798584492,43.35096290748591,149.1588574610129,277.1890738836713,1.083347637799514,1231.7,865.3,438.95,0
parallel_run_1444,Archetype_2,2,1.0,0.9119130018387492,0.8333333333333334,0.2732970090395569,0,1,0,3,0.3333333333333333,12.59017345046845,19.02253176729523,3.9523185428614,96.0626212890334,921.343979285896,0.3159410008343269,143.9201303011419,83.56764829664709,247.3963377767511,1.184696545793093,1231.7,865.3,438.95,2
parallel_run_1445,Archetype_2,2,0.7192284141585694,0.9455325191525712,0.0,0.3241031293530317,0,1,0,3,0.3333333333333333,13.88681027006693,18.61075821619153,4.347085125891433,43.42201779666991,778.7163195623369,0.5440908291581393,33.79114171279144,30.41474642500482,289.3256653337539,0.7671046222699125,1231.7,865.3,438.95,2
parallel_run_1446,Archetype_2,1,0.2017557964381894,0.9408765109670192,0.0,0.5601599020297744,0,0,0,2,0.0,10.32199462340584,6.699275404416465,2.08038382636346,44.79361792876074,979.8557987975116,0.595749285135953,177.31500644115,11.06955829270862,290.4698168059626,1.067301995703033,1231.7,865.3,438.95,1
parallel_run_1447,Archetype_2,0,0.1403581690599394,0.9859922654693728,0.8333333333333334,0.3129496866619493,0,1,0,3,0.3333333333333333,10.44667181037197,13.25070225132207,4.259523874160369,88.11039822390016,1086.489408610497,0.3604504262054547,93.26680170863348,86.31118950437782,141.2036987315458,0.8099763525700954,1231.7,865.3,438.95,0
parallel_run_1448,Archetype_2,1,0.0,1.0,0.833333333333339,0.3502621779783099,0,0,0,2,0.0,7.193260089885094,11.65964368980142,4.36245347424116,67.47086947928852,860.866485459772,0.3929505433301446,47.88817474253383,105.9284432028051,105.7696635231778,0.7077017593878874,1231.7,865.3,438.95,1
parallel_run_1449,Archetype_2,0,0.000722136962977,0.9999578951408008,0.0,9.706513340416473e-18,0,1,0,3,1.0,10.87938801553206,16.037856129965,2.961086101395173,69.6604654795751,1130.70880630468,0.3289402099742169,45.2910359937304,14.91317533979289,294.1194921299998,1.165324106539424,1231.7,865.3,438.95,0
parallel_run_1450,Archetype_2,0,0.3128250933658387,0.9797183662063552,0.9090909090909092,0.2548071689626743,0,1,0,3,0.3333333333333333,11.04944243362644,19.24071518137925,3.605624564480587,53.85239415205597,1355.675352940887,0.2611936824169285,192.5155188876426,93.4514385332439,163.183152602084,0.9537850554699546,1231.7,865.3,438.95,0
parallel_run_1451,Archetype_2,0,0.3917721409189095,0.9525424867976848,0.8333333333333334,0.5185530645114195,0,1,0,3,0.0,9.08917883368848,15.93141516714483,2.552097542916801,87.05159164902761,516.4075892774002,0.5259683590341234,164.5121833558311,80.95119800030251,191.2553856341034,1.094491785369062,1231.7,865.3,438.95,0
parallel_run_1452,Archetype_2,1,0.1756447885627662,0.9763354658728934,0.8333333333333334,0.3401310619570003,0,0,0,2,0.0,6.022122980882333,10.18624643812967,4.118622604217991,44.05635878211464,657.7419002366751,0.4846669501207773,27.38228323221475,120.2686065600439,118.8863494549756,1.050243965660369,1231.7,865.3,438.95,1
parallel_run_1453,Archetype_2,0,0.1996743224856331,0.989860421272271,0.8333333333333334,0.0220433702832449,0,1,0,3,0.3333333333333333,12.81217303836103,18.79926099501478,3.671884488568053,46.3834911494316,1976.5423669876,0.4556973803877963,98.27765434529884,77.3225987347966,261.8146648055326,0.8637011623017257,1231.7,865.3,438.95,0
parallel_run_1454,Archetype_2,2,1.0,0.9252519383510428,0.3541244393231782,0.0268944244488956,0,1,0,3,0.3333333333333333,11.30329623906534,14.11358006738063,2.119776423336449,80.39616228749757,927.2926047619708,0.0269989646361896,110.5634989792129,18.96908617913164,123.0786965714163,1.005760777712649,1231.7,865.3,438.95,2
parallel_run_1455,Archetype_2,1,0.0,1.0,0.7284610128624178,0.0016775757540656,0,0,0,2,0.0,9.208165790113028,15.46907671514874,4.545251827774964,38.83541580815834,1956.9090829731,0.1622856966902549,21.41825610127897,34.46180060490662,143.3953587386619,1.21370144627473,1231.7,865.3,438.95,1
parallel_run_1457,Archetype_2,0,0.2260955423858153,0.9883272943070228,0.7177195967511563,0.0066696667956553,0,1,0,3,0.3333333333333333,11.79622827938521,18.29050969456285,4.169805421292692,52.8848948871502,1412.193873679556,0.4257887667081556,79.79357681981203,42.21866859739012,215.0694877114157,0.8330072175424368,1231.7,865.3,438.95,0
parallel_run_1458,Archetype_2,2,0.5045542804805556,0.939325233183054,0.0,0.0,0,1,0,3,0.3333333333333333,7.646521843235478,7.231058342555429,3.31458691916786,41.69964252763987,671.0160759439195,0.4157057803155249,70.94792328052574,46.67117715729472,250.4862261361136,0.7327865198402268,1231.7,865.3,438.95,2
parallel_run_1459,Archetype_2,2,1.0,0.8927402231375232,0.2954605133998578,0.2053884520138445,0,1,0,3,0.0,13.36289726948865,19.43255606974088,2.149756002614726,98.31009612961368,830.6769291617317,0.3440972357975186,24.40106928622523,21.65487938516236,225.1829757871136,1.25645844295112,1231.7,865.3,438.95,2
parallel_run_1460,Archetype_2,0,0.2749752562108354,0.9715436465717296,0.0,0.0611403127260984,0,1,0,3,0.3333333333333333,8.364797989299861,9.192250646467237,3.860538328046275,34.3813015352484,788.3970389732821,0.4717590306136611,144.6892794848065,41.70303632080136,285.1192728451363,0.9914750935718764,1231.7,865.3,438.95,0
parallel_run_1461,Archetype_2,0,0.3217266458244581,0.981217699219868,0.0,0.0323152898320635,0,1,0,3,0.3333333333333333,14.90080910970151,16.57440810558032,2.987874773593921,45.48329767203269,1579.101973947642,0.0323452792956046,124.7691560752347,13.25130095356169,131.0360691937709,1.160280557751469,1231.7,865.3,438.95,0
parallel_run_1462,Archetype_2,2,1.0,0.8743838014349596,0.3697248235354415,0.0086033366597018,0,1,0,3,0.3333333333333333,6.738724478605125,10.74467739481464,4.059979339446745,91.01635205906643,546.9101382223519,0.1271291449095846,29.64904233951978,50.75070528467045,175.7269183945674,1.085475702971351,1231.7,865.3,438.95,2
parallel_run_1463,Archetype_2,2,1.0,0.8878255661915158,0.0,0.2765972437394441,0,1,0,3,0.3333333333333333,12.29475505195811,16.20117521024517,2.57668959775238,86.126770574267,694.6303209657378,0.3562216088726904,35.8027220756866,64.20784236580666,271.3979072062631,0.7973279454902197,1231.7,865.3,438.95,2
parallel_run_1464,Archetype_2,1,1.0,0.9112331134157572,0.5283757058346663,0.247116049020115,0,0,0,0,0.0,5.41478544277491,13.9696886981829,3.800167267124271,93.40190108464566,1614.000840022941,0.2479437183689544,197.1143613561278,32.13386871974967,137.2906070612262,1.198479495410149,1231.7,865.3,438.95,1
parallel_run_1465,Archetype_2,0,0.000345051428344,0.9999498575418182,0.7774630218790322,0.0704251047045839,0,1,0,3,0.3333333333333333,7.325244866915437,6.133456484961489,2.849506395765022,36.13139533184066,1846.939556478707,0.1045903725178832,104.708041937107,141.4654323491187,103.7582240168401,0.5719642415394346,1231.7,865.3,438.95,0
parallel_run_1466,Archetype_2,0,0.0005427496087181,0.9999564082605326,0.8333333333333334,0.0,0,1,0,3,0.3333333333333333,10.09356256031139,11.29063222601615,4.76846366035301,76.79579046522252,1053.739944648393,0.2204308342752106,41.70644304050847,45.01347485513899,281.050931209811,1.263414311242694,1231.7,865.3,438.95,0
parallel_run_1467,Archetype_2,0,0.3967549940119557,0.9748076009309212,0.8333333333333334,0.0405511634846618,0,1,0,3,0.0,6.186101812756469,15.06385238110333,2.884344918055505,31.24493007510238,986.5491512115816,0.0557544202849528,84.24127174220122,94.4970799647684,145.9465456157096,1.018398256176594,1231.7,865.3,438.95,0
parallel_run_1469,Archetype_2,1,0.1078517036551884,0.9867613142126648,0.8333333333333334,0.0952580732700533,0,0,0,2,0.0,5.875103409596851,7.908293010058282,2.390464514085502,54.80879767084504,951.9658153072828,0.3730351891050821,88.41266743681159,98.35668950325385,201.4163575543587,0.6395764243792184,1231.7,865.3,438.95,1
parallel_run_1470,Archetype_2,0,0.0829071372712274,0.9871688949547214,0.80748047950667,0.0689687198391269,0,1,0,3,0.0,9.89273547819015,5.915838497469448,4.894747269895554,35.37340681692577,1159.023486619083,0.501565989511877,72.72853972209614,37.63505720582668,179.0711115343357,0.7616663464940141,1231.7,865.3,438.95,0
parallel_run_1471,Archetype_2,0,0.169482714266436,0.9903526150241668,6.207781173613764e-14,-2.044725652445199e-17,0,1,0,3,0.3333333333333333,14.08524419392078,16.31334378769262,2.308954015500626,40.52170066997526,1429.94499687827,0.4596363285181422,47.00410072502583,15.67060968778293,242.31607024993,1.191021807579522,1231.7,865.3,438.95,0
parallel_run_1472,Archetype_2,0,0.2257270015371597,0.9610739143428416,0.2493311921263949,0.2245178565711249,0,1,1,4,0.0,12.41392231723704,6.505360896541484,2.371739473104665,32.39759536864331,816.6382880545631,0.5170204646406725,23.22847379435524,49.02752712084806,184.9716219995724,1.138692518506339,1231.7,865.3,438.95,0
parallel_run_1473,Archetype_2,1,0.2763036910235386,0.9759571639869616,0.8333333333333334,0.3750486798170237,0,0,1,3,0.0,11.20531214550689,17.28918987462175,2.41534597807669,62.25120319523698,1520.929737606235,0.5566745144953847,74.0786242796822,117.154618835779,125.2618930845108,1.040699628833873,1231.7,865.3,438.95,0
parallel_run_1474,Archetype_2,0,0.1337620052256538,0.9896267129029084,0.8333333333333334,0.0129508211072557,0,1,0,3,0.3333333333333333,14.76040816329797,11.89711135068584,3.420702396064348,30.231907913922,1810.531238432742,0.1512092640839279,103.1976415956362,60.53852960346411,259.9151824744392,0.8372539290562797,1231.7,865.3,438.95,0
parallel_run_1475,Archetype_2,1,0.4187450209103948,0.974379149820715,0.6580105519052097,0.02518554261597,0,0,0,2,0.0,7.125713809407731,15.76402470243221,2.203821019158463,30.66474775106086,1916.270048437812,0.5283635710427317,61.25580077898183,29.96136795184568,159.1614013752083,1.233712473598319,1231.7,865.3,438.95,1
parallel_run_1476,Archetype_2,0,0.2937676738375684,0.9824188590389412,0.9090909090909092,0.1424736255808252,0,1,0,3,0.3333333333333333,8.679848728865139,17.93322578398463,2.012220077079774,83.75880309023228,1452.198189273966,0.1702477055167378,188.3270361277955,136.3991131874458,182.3163284478816,0.9737019697352638,1231.7,865.3,438.95,0
parallel_run_1477,Archetype_2,0,0.2412308965172416,0.9776961931620132,0.8333333333333334,0.02011297150001,0,1,0,3,0.3333333333333333,10.55930465773863,9.95253445312245,2.521216447715092,45.35968846878346,1103.764527095477,0.4796032918726125,40.24829434892813,79.6642707844849,235.4042582741113,1.120275647130058,1231.7,865.3,438.95,0
parallel_run_1478,Archetype_2,1,0.0911597988190205,0.9856021273890164,0.8333333333333334,0.0007129950825112,0,0,0,2,0.0,8.584062378535368,5.204947737148349,3.396878123134748,49.03717145112236,1633.945583329502,0.3831221102711273,55.84174480106363,55.43941616510568,267.3891249190509,1.103848703587101,1231.7,865.3,438.95,1
parallel_run_1479,Archetype_2,2,1.0,0.9306109335631944,0.6464377283666776,0.0022368422255897,0,1,0,3,0.3333333333333333,11.48324720641784,13.54496100580118,2.943629403674687,73.69619351630662,959.6890243777384,0.1556452540222857,26.07329355182583,17.9346609870809,270.2527552749784,1.24797609559057,1231.7,865.3,438.95,2
parallel_run_1480,Archetype_2,1,0.3302413116875063,0.9662038920816964,0.8333333333333334,0.5344423674241835,0,0,0,2,0.0,8.239417824778362,19.86594006810631,2.185631748368638,84.78697422249212,1014.516711027553,0.5729610607824123,94.5537552962944,103.539963389083,112.696063975848,0.8568714170808833,1231.7,865.3,438.95,1
parallel_run_1481,Archetype_2,1,0.0,1.0,0.8333333333332893,0.0543998042184667,0,0,0,2,0.0,10.74739923464404,14.72531853706425,2.344142683785495,39.79251941170135,1382.725160889254,0.1302190494638491,44.96744153575168,45.57905328193963,117.6699208576838,0.5147064197244176,1231.7,865.3,438.95,1
parallel_run_1483,Archetype_2,0,0.6170285134994637,0.9522729365425228,0.8333333333333334,0.2893397975293547,0,1,0,3,0.3333333333333333,12.62912539162891,17.1844658696355,2.641849634690004,42.22256724024653,904.387351538265,0.3237095872395198,68.36904203871276,108.7516199458351,169.4200698119767,0.6476733781840518,1231.7,865.3,438.95,0
parallel_run_1484,Archetype_2,0,7.797373547505025e-05,0.9999939306388428,0.8333333333334567,0.0512395042418083,0,1,0,3,0.0,6.522201326382715,12.39939167303931,3.618708160073463,47.13963660315678,739.0878598442532,0.2748268178242084,80.41869864667342,47.40439371988354,195.7889275941752,0.5500432829432993,1231.7,865.3,438.95,0
parallel_run_1485,Archetype_2,2,1.0,0.9449448219937452,0.8333333333333334,0.0447778847502653,0,1,0,1,1.0,9.384437367855847,18.12707624626986,2.907152582017375,82.60031647176109,883.1361687269793,0.196669248894807,66.74094420558276,73.27740104246614,210.9777341720553,1.294178414837762,1231.7,865.3,438.95,1
parallel_run_1486,Archetype_2,1,0.4179402419224454,0.9546775471250244,0.804907502166832,0.535820649140516,0,0,0,2,0.0,14.37657933613404,18.84410004062273,2.669185145620158,35.03786974557758,1927.503758948734,0.53662187709572,185.9380919407641,28.71237259798763,240.7907661092698,1.211179443278551,1231.7,865.3,438.95,1
parallel_run_1487,Archetype_2,0,0.0753147035627132,0.9956497448253128,0.8333333333321629,0.0193371852793458,0,1,0,3,0.3333333333333333,12.88294506062676,16.47370199557806,3.916427027915539,33.29873756204726,1553.403975838957,0.1037951584613293,35.14190572583635,68.48407504836385,165.2840596040335,1.272212627733274,1231.7,865.3,438.95,0
parallel_run_1488,Archetype_2,1,0.1902228335958675,0.984087529300652,0.8333333333333334,0.4347329911860607,0,0,0,2,0.0,13.71417304507693,19.94297232922278,3.190463394584546,39.35568050526847,1306.802190395147,0.4398896859558368,173.4756545582791,57.55417542909995,217.6461551705664,0.6040099969531483,1231.7,865.3,438.95,1
parallel_run_1489,Archetype_2,2,0.7637402733630679,0.9039142142811928,0.0,0.2463246086032386,0,1,0,3,0.0,10.0542437922061,9.52808842232428,2.7551726834745,63.83059444783521,602.6095239046633,0.5655852937121579,52.9250694322663,12.91258574592992,212.3338287792068,0.8863857524748795,1231.7,865.3,438.95,2
parallel_run_1490,Archetype_2,1,0.3080156276858553,0.9815892304622336,0.6506221884789484,0.0923269020806194,0,0,0,2,0.0,8.902950966584617,17.34337950080082,3.071726683251704,72.97629984854609,1254.634228844618,0.0922887709307529,134.989883752535,20.33996544789689,133.8281740992772,0.6978638514594209,1231.7,865.3,438.95,1
parallel_run_1491,Archetype_2,0,0.3726996323666831,0.9313550142595896,0.8334980765851121,0.2030513407312358,0,1,0,3,0.3333333333333333,5.219692016072181,5.614852538476582,3.507907836572578,37.36349927885944,613.7680335920102,0.2904762209302906,148.1467328115624,131.7779486933157,207.8141490530652,1.146935950080092,1231.7,865.3,438.95,0
parallel_run_1492,Archetype_2,1,0.0009186249986037,0.9998563548518232,0.8273379011629677,1.2557662776576434e-05,0,0,0,2,0.0,11.93340271693271,5.317576274973425,3.28343831907141,71.54504448894762,1838.989919269122,0.4945103601576556,50.50487388868805,23.73720438973167,225.8680659378676,1.111263875962919,1231.7,865.3,438.95,1
parallel_run_1493,Archetype_2,2,1.0,0.9287397424652248,0.0,0.0535614516478814,0,1,0,3,0.3333333333333333,7.847009180844555,15.10246331425202,2.220849460660624,49.56921416774286,674.7929181340594,0.181477849380431,32.85601950306146,137.9877963370772,282.6442521246439,1.072413780762075,1231.7,865.3,438.95,2
parallel_run_1494,Archetype_2,0,0.3171622240585214,0.9649954278366184,0.6723613116358017,0.0078389337221826,0,1,0,3,0.0,5.307304167754404,8.062741299807017,2.856484395403244,90.46559420208708,591.9263990795743,0.5853009355147591,97.7904136753744,36.39089163854832,254.8378904988671,0.9033851808539108,1231.7,865.3,438.95,0
parallel_run_1495,Archetype_2,2,1.0,0.9522029801830268,0.8333333333333334,0.0,0,1,0,1,1.0,8.088620780419058,19.64969158227921,2.445246324409711,38.13315627139157,846.5530044686006,0.2872874174759508,41.0140129305388,66.19506893135303,296.218590405105,0.6626148413292461,1231.7,865.3,438.95,1
parallel_run_1496,Archetype_2,1,0.5693657047869559,0.9496259805376586,0.7128708171013898,0.3912656010445648,0,0,0,2,0.0,7.737878589250059,17.65262552890793,2.04343847591413,60.65256661819086,794.1535603498564,0.3905802979433853,158.1284539410613,28.1308721236521,148.7173157451602,1.000044063032848,1231.7,865.3,438.95,1
parallel_run_1497,Archetype_2,2,0.6615475636078028,0.9326593691732196,0.7539998392340874,0.4933794039517272,0,1,0,3,0.3333333333333333,13.0646439961812,18.24589508543017,2.716732587027388,46.65131170230379,725.1054169218328,0.5115983993063354,64.21434402267955,101.3397416534369,115.4601576016992,0.561267319729339,1231.7,865.3,438.95,2
parallel_run_1498,Archetype_2,0,0.0,1.0,0.8333333333333334,0.0027312568632822,0,1,0,3,0.3333333333333333,14.55899147105204,16.92400224464144,4.505870455669541,48.66008960426488,1880.428773878496,0.1898057560671069,25.33689484018815,53.21861456331589,186.1609652237962,0.6245236166119492,1231.7,865.3,438.95,0
parallel_run_1499,Archetype_2,2,0.8915860543215712,0.93228021240454,0.735387382849552,0.0820361102357565,0,1,0,3,0.3333333333333333,6.902588311173137,13.28544430155988,2.608092824810263,48.10349831449953,712.0868495925945,0.5809073215674864,59.06523453291005,146.7428585041353,298.5472537308848,1.224555548142108,1231.7,865.3,438.95,2
parallel_run_1501,Archetype_3,1,1.0,0.9503722546073182,0.8263300274891391,3.716784354585083e-16,0,1,0,1,0.0,5.645937846490421,19.08999399027946,4.574685372982158,59.43535530068567,740.044618160573,0.4465748804743228,76.02908933133577,44.09919367093785,262.8462682705834,0.782484278393255,734.6,503.0,445.15,1
parallel_run_1502,Archetype_3,0,0.1507649023876967,0.9896137120089188,0.5094410105673135,0.1173945152705039,0,1,0,3,0.3333333333333333,13.49964268135165,15.33095577911059,4.464674582116157,42.94616278436651,1185.794953774338,0.117649937817252,137.4023502352264,22.49168264409253,128.2191212271367,0.5911665438533666,734.6,503.0,445.15,0
parallel_run_1503,Archetype_3,0,0.3907279228143058,0.9762886632546064,0.8333333333333676,0.2044605173169394,0,1,0,3,0.0,6.405292284318544,19.53555145216947,3.764585606427318,64.73890400335439,850.6267050193985,0.2646507902451352,37.50790122422556,110.5320184729022,100.9223548185412,1.28665717130124,734.6,503.0,445.15,0
parallel_run_1504,Archetype_3,1,0.4895150288433263,0.9639149769840828,0.0,0.1789655907509918,0,0,0,2,0.0,5.078233488755179,15.36811055664406,4.023785290991664,68.86856051780249,1676.075248578451,0.2246787017126815,129.5689761803989,24.65199699594505,232.3224413807133,0.6774859235206085,734.6,503.0,445.15,1
parallel_run_1505,Archetype_3,2,0.8367593652917347,0.9095601206852802,0.8333333333333334,0.0365814970279035,0,1,1,5,0.2,9.795367374301884,8.46566765326878,4.968477490368761,93.10632240494294,1005.748088406246,0.0638931166280094,56.87494984404746,127.412906728483,150.7886454235,1.149819164967017,734.6,503.0,445.15,2
parallel_run_1506,Archetype_3,0,0.2878745227017075,0.9761947433324468,0.8333333333333334,0.1572484881259692,0,1,0,3,0.3333333333333333,13.21427123302489,12.99077849367701,2.804621181868556,57.60856169568081,1509.042894252557,0.202994166366049,91.80831738898752,122.5526135883852,139.657431483073,1.128863155150354,734.6,503.0,445.15,0
parallel_run_1508,Archetype_3,1,0.3581724101883379,0.9612022892316427,0.0,0.0489462210287773,0,0,0,2,0.0,6.639503134093878,8.702036358183824,2.460006477284389,50.84918084009174,1224.275709388201,0.14250239653806,114.0559579566393,16.49310952489565,222.5836742807619,1.025953997214746,734.6,503.0,445.15,1
parallel_run_1510,Archetype_3,1,0.000137134921516,0.9999878140117732,0.8941562304749482,0.3952815814003409,0,0,0,2,0.0,13.53541818756549,17.50384951367896,4.718111782544003,32.06607470803334,1682.919135964777,0.407888008510583,62.79308556464255,40.8608152984074,108.3468966403483,0.7505038651828599,734.6,503.0,445.15,1
parallel_run_1511,Archetype_3,1,0.1726601687867556,0.9833329990539535,0.8899568296650463,0.3400326843939802,0,0,0,2,0.0,9.589786864094185,14.52009542132607,2.25760526337914,95.46321746956043,1743.776803747743,0.3420270254820715,154.4883468009115,38.07535167163682,155.3553685224774,0.5347162870897352,734.6,503.0,445.15,1
parallel_run_1513,Archetype_3,0,0.0142854284488533,0.9990569322727988,0.9090909090908988,0.114697740438892,0,1,0,3,0.3333333333333333,11.5724650899624,15.71417657225041,2.505463074151018,37.82135289309134,1732.171085268251,0.2966680057335894,87.89904124731528,124.3179479506931,188.0589961374106,0.6121933944560484,734.6,503.0,445.15,0
parallel_run_1514,Archetype_3,2,0.5612405212684781,0.9662931787574348,0.0,0.0638738608207452,0,1,0,3,0.0,7.401877309695345,16.72060108361629,4.239354502223774,78.9004950381646,763.9731909619118,0.0862171753274194,168.5882939237162,10.48455250370037,274.1962939177321,0.9381802418748396,734.6,503.0,445.15,0
parallel_run_1515,Archetype_3,1,0.0,1.0,0.7858828881449251,1.6658946792257464e-05,0,0,0,2,0.0,6.226512320545174,10.57007202633626,4.816232216133942,78.55254926123328,1473.572870709382,0.3084672339978864,39.11190515019379,26.58517665913403,167.9697151744124,0.8989728030906465,734.6,503.0,445.15,1
parallel_run_1516,Archetype_3,0,0.2605991863029061,0.9763880190429016,0.8333333333333186,0.2154457991940476,0,1,0,3,0.0,8.028178927033153,12.69358091967134,3.112625106465832,36.62334427994244,1295.694779439287,0.2513937760739758,117.9684651723182,90.13045861303728,158.0544197808208,0.9195426682975842,734.6,503.0,445.15,0
parallel_run_1517,Archetype_3,1,0.2387675388081586,0.9701755830089877,0.7951146367593898,0.0231496299410528,0,0,0,2,0.0,5.772023405404161,7.116169331792253,2.064522668331408,56.51085137099933,1786.195480402135,0.0232508350807578,161.0329775531958,25.14851249315225,197.822121004284,0.7197444930411876,734.6,503.0,445.15,1
parallel_run_1518,Archetype_3,0,0.2160892607917613,0.9876021365020524,0.9090909090909092,0.0527617350338776,0,1,0,3,0.3333333333333333,9.480794663304136,17.03804542014852,4.639878986106728,99.35855694037711,1250.245306083507,0.4168895798584492,43.35096290748591,149.1588574610129,277.1890738836713,1.083347637799514,734.6,503.0,445.15,0
parallel_run_1519,Archetype_3,2,1.0,0.9003877426267675,0.8333333333333334,0.2715360466951361,0,1,0,3,0.3333333333333333,12.59017345046845,19.02253176729523,3.9523185428614,96.0626212890334,921.343979285896,0.3159410008343269,143.9201303011419,83.56764829664709,247.3963377767511,1.184696545793093,734.6,503.0,445.15,2
parallel_run_1520,Archetype_3,2,0.7188822239417519,0.9455766034098254,0.0,0.3264458869451907,0,1,0,3,0.3333333333333333,13.88681027006693,18.61075821619153,4.347085125891433,43.42201779666991,778.7163195623369,0.5440908291581393,33.79114171279144,30.41474642500482,289.3256653337539,0.7671046222699125,734.6,503.0,445.15,2
parallel_run_1521,Archetype_3,1,0.197046776902083,0.9415979895952996,0.1330659059830199,0.5636165618060596,0,0,0,2,0.0,10.32199462340584,6.699275404416465,2.08038382636346,44.79361792876074,979.8557987975116,0.595749285135953,177.31500644115,11.06955829270862,290.4698168059626,1.067301995703033,734.6,503.0,445.15,1
parallel_run_1522,Archetype_3,0,0.1353934365775043,0.9862295594544552,0.8333333333333334,0.3220519383352678,0,1,0,3,0.3333333333333333,10.44667181037197,13.25070225132207,4.259523874160369,88.11039822390016,1086.489408610497,0.3604504262054547,93.26680170863348,86.31118950437782,141.2036987315458,0.8099763525700954,734.6,503.0,445.15,0
parallel_run_1523,Archetype_3,1,5.941433716678693e-05,0.9999930576833096,0.8333333333333334,0.3301408125103577,0,0,0,2,0.0,7.193260089885094,11.65964368980142,4.36245347424116,67.47086947928852,860.866485459772,0.3929505433301446,47.88817474253383,105.9284432028051,105.7696635231778,0.7077017593878874,734.6,503.0,445.15,1
parallel_run_1524,Archetype_3,0,0.0006997071564233,0.9999596869045568,0.0,9.228508945075332e-17,0,1,0,3,0.3333333333333333,10.87938801553206,16.037856129965,2.961086101395173,69.6604654795751,1130.70880630468,0.3289402099742169,45.2910359937304,14.91317533979289,294.1194921299998,1.165324106539424,734.6,503.0,445.15,0
parallel_run_1525,Archetype_3,0,0.3132960347699618,0.9796443747780028,0.9090909090909092,0.2549779887812924,0,1,0,3,0.3333333333333333,11.04944243362644,19.24071518137925,3.605624564480587,53.85239415205597,1355.675352940887,0.2611936824169285,192.5155188876426,93.4514385332439,163.183152602084,0.9537850554699546,734.6,503.0,445.15,0
parallel_run_1526,Archetype_3,0,0.389818725262925,0.9525941756243436,0.8333333333333334,0.5185878333939027,0,1,0,3,0.0,9.08917883368848,15.93141516714483,2.552097542916801,87.05159164902761,516.4075892774002,0.5259683590341234,164.5121833558311,80.95119800030251,191.2553856341034,1.094491785369062,734.6,503.0,445.15,0
parallel_run_1527,Archetype_3,0,0.0325320306431123,0.996509112761742,0.0,0.1740147295104605,0,1,0,3,0.3333333333333333,6.022122980882333,10.18624643812967,4.118622604217991,44.05635878211464,657.7419002366751,0.4846669501207773,27.38228323221475,120.2686065600439,118.8863494549756,1.050243965660369,734.6,503.0,445.15,0
parallel_run_1528,Archetype_3,0,0.1474304051576206,0.992620292988546,0.8333333333333334,0.0162232394036301,0,1,0,3,0.3333333333333333,12.81217303836103,18.79926099501478,3.671884488568053,46.3834911494316,1976.5423669876,0.4556973803877963,98.27765434529884,77.3225987347966,261.8146648055326,0.8637011623017257,734.6,503.0,445.15,0
parallel_run_1529,Archetype_3,2,1.0,0.9246560675082988,0.0,0.0269521250131329,0,1,0,3,0.3333333333333333,11.30329623906534,14.11358006738063,2.119776423336449,80.39616228749757,927.2926047619708,0.0269989646361896,110.5634989792129,18.96908617913164,123.0786965714163,1.005760777712649,734.6,503.0,445.15,2
parallel_run_1530,Archetype_3,1,0.0,1.0,0.8685783628722636,0.0012531206414202,0,0,0,2,0.0,9.208165790113028,15.46907671514874,4.545251827774964,38.83541580815834,1956.9090829731,0.1622856966902549,21.41825610127897,34.46180060490662,143.3953587386619,1.21370144627473,734.6,503.0,445.15,1
parallel_run_1532,Archetype_3,0,0.2062479832391514,0.989333617971359,0.7096350089187649,0.0111962706390083,0,1,0,3,0.3333333333333333,11.79622827938521,18.29050969456285,4.169805421292692,52.8848948871502,1412.193873679556,0.4257887667081556,79.79357681981203,42.21866859739012,215.0694877114157,0.8330072175424368,734.6,503.0,445.15,0
parallel_run_1533,Archetype_3,2,0.4995494701455347,0.940003965327725,0.0,0.0003768315508712,0,1,0,3,0.3333333333333333,7.646521843235478,7.231058342555429,3.31458691916786,41.69964252763987,671.0160759439195,0.4157057803155249,70.94792328052574,46.67117715729472,250.4862261361136,0.7327865198402268,734.6,503.0,445.15,2
parallel_run_1534,Archetype_3,2,1.0,0.8921978225307025,0.0,0.2060065498392445,0,1,0,3,0.0,13.36289726948865,19.43255606974088,2.149756002614726,98.31009612961368,830.6769291617317,0.3440972357975186,24.40106928622523,21.65487938516236,225.1829757871136,1.25645844295112,734.6,503.0,445.15,2
parallel_run_1535,Archetype_3,0,0.2746808920528702,0.9721038282263644,0.0,0.0515893719321826,0,1,0,3,0.3333333333333333,8.364797989299861,9.192250646467237,3.860538328046275,34.3813015352484,788.3970389732821,0.4717590306136611,144.6892794848065,41.70303632080136,285.1192728451363,0.9914750935718764,734.6,503.0,445.15,0
parallel_run_1536,Archetype_3,0,0.3279300525747444,0.9810309416644704,0.0,0.032300326700247,0,1,0,3,0.3333333333333333,14.90080910970151,16.57440810558032,2.987874773593921,45.48329767203269,1579.101973947642,0.0323452792956046,124.7691560752347,13.25130095356169,131.0360691937709,1.160280557751469,734.6,503.0,445.15,0
parallel_run_1537,Archetype_3,2,1.0,0.857396672870506,0.0,0.0044743042114753,0,1,0,3,0.3333333333333333,6.738724478605125,10.74467739481464,4.059979339446745,91.01635205906643,546.9101382223519,0.1271291449095846,29.64904233951978,50.75070528467045,175.7269183945674,1.085475702971351,734.6,503.0,445.15,2
parallel_run_1538,Archetype_3,2,1.0,0.8879207659458638,0.0,0.2810549394892336,0,1,0,3,0.0,12.29475505195811,16.20117521024517,2.57668959775238,86.126770574267,694.6303209657378,0.3562216088726904,35.8027220756866,64.20784236580666,271.3979072062631,0.7973279454902197,734.6,503.0,445.15,2
parallel_run_1539,Archetype_3,1,0.8247229184054458,0.9270162334745906,0.7456645385702434,0.2480820990663633,0,0,0,2,0.0,5.41478544277491,13.9696886981829,3.800167267124271,93.40190108464566,1614.000840022941,0.2479437183689544,197.1143613561278,32.13386871974967,137.2906070612262,1.198479495410149,734.6,503.0,445.15,1
parallel_run_1540,Archetype_3,0,0.0663567837484709,0.9901877332883068,0.9090909090909092,0.0792800342476342,0,1,0,3,0.0,7.325244866915437,6.133456484961489,2.849506395765022,36.13139533184066,1846.939556478707,0.1045903725178832,104.708041937107,141.4654323491187,103.7582240168401,0.5719642415394346,734.6,503.0,445.15,0
parallel_run_1541,Archetype_3,0,0.0001637319864965,0.9999867709025384,0.8333333333333334,0.0,0,1,0,3,0.3333333333333333,10.09356256031139,11.29063222601615,4.76846366035301,76.79579046522252,1053.739944648393,0.2204308342752106,41.70644304050847,45.01347485513899,281.050931209811,1.263414311242694,734.6,503.0,445.15,0
parallel_run_1542,Archetype_3,0,0.2432256347343956,0.9848378392827948,0.8333333333333334,0.0315116035639619,0,1,0,3,0.3333333333333333,6.186101812756469,15.06385238110333,2.884344918055505,31.24493007510238,986.5491512115816,0.0557544202849528,84.24127174220122,94.4970799647684,145.9465456157096,1.018398256176594,734.6,503.0,445.15,0
parallel_run_1544,Archetype_3,0,0.0854289442583372,0.9898869665152508,0.8333333333333334,0.0737424000640865,0,1,0,3,0.0,5.875103409596851,7.908293010058282,2.390464514085502,54.80879767084504,951.9658153072828,0.3730351891050821,88.41266743681159,98.35668950325385,201.4163575543587,0.6395764243792184,734.6,503.0,445.15,0
parallel_run_1545,Archetype_3,0,0.0745997470671132,0.9888765757889182,0.7986217036022621,0.0392315157962098,0,1,1,4,0.0,9.89273547819015,5.915838497469448,4.894747269895554,35.37340681692577,1159.023486619083,0.501565989511877,72.72853972209614,37.63505720582668,179.0711115343357,0.7616663464940141,734.6,503.0,445.15,0
parallel_run_1546,Archetype_3,0,0.0891667835486863,0.9948727322977023,0.0,0.0,0,1,0,3,0.3333333333333333,14.08524419392078,16.31334378769262,2.308954015500626,40.52170066997526,1429.94499687827,0.4596363285181422,47.00410072502583,15.67060968778293,242.31607024993,1.191021807579522,734.6,503.0,445.15,0
parallel_run_1547,Archetype_3,0,0.2281155788993775,0.9606036831360022,0.0067512621906835,0.2241408419457236,0,1,1,5,0.0,12.41392231723704,6.505360896541484,2.371739473104665,32.39759536864331,816.6382880545631,0.5170204646406725,23.22847379435524,49.02752712084806,184.9716219995724,1.138692518506339,734.6,503.0,445.15,0
parallel_run_1548,Archetype_3,0,0.1166048518642435,0.9908743609897788,0.8333333333333334,0.3144652283232291,0,1,0,3,0.3333333333333333,11.20531214550689,17.28918987462175,2.41534597807669,62.25120319523698,1520.929737606235,0.5566745144953847,74.0786242796822,117.154618835779,125.2618930845108,1.040699628833873,734.6,503.0,445.15,0
parallel_run_1549,Archetype_3,0,0.1219919968563016,0.9906196476220458,0.8333333333333334,0.0105811906153295,0,1,0,3,0.3333333333333333,14.76040816329797,11.89711135068584,3.420702396064348,30.231907913922,1810.531238432742,0.1512092640839279,103.1976415956362,60.53852960346411,259.9151824744392,0.8372539290562797,734.6,503.0,445.15,0
parallel_run_1550,Archetype_3,1,0.3567189332538629,0.9785348187178692,0.8950775206560307,0.0168807801141969,0,0,0,2,0.0,7.125713809407731,15.76402470243221,2.203821019158463,30.66474775106086,1916.270048437812,0.5283635710427317,61.25580077898183,29.96136795184568,159.1614013752083,1.233712473598319,734.6,503.0,445.15,1
parallel_run_1551,Archetype_3,0,0.2925822767876995,0.9824867096840906,0.9090909090909092,0.1410772184411317,0,1,0,3,0.3333333333333333,8.679848728865139,17.93322578398463,2.012220077079774,83.75880309023228,1452.198189273966,0.1702477055167378,188.3270361277955,136.3991131874458,182.3163284478816,0.9737019697352638,734.6,503.0,445.15,0
parallel_run_1552,Archetype_3,0,0.4720254538831576,0.9570074692477936,0.8333333333333334,0.0145130741172624,0,1,0,3,0.3333333333333333,10.55930465773863,9.95253445312245,2.521216447715092,45.35968846878346,1103.764527095477,0.4796032918726125,40.24829434892813,79.6642707844849,235.4042582741113,1.120275647130058,734.6,503.0,445.15,0
parallel_run_1553,Archetype_3,1,0.0773099392258644,0.9878011734168244,0.8333333333333334,0.0006946764348139,0,0,0,2,0.0,8.584062378535368,5.204947737148349,3.396878123134748,49.03717145112236,1633.945583329502,0.3831221102711273,55.84174480106363,55.43941616510568,267.3891249190509,1.103848703587101,734.6,503.0,445.15,1
parallel_run_1554,Archetype_3,2,1.0,0.9287502514759473,0.6021909866569846,0.0019369484460071,0,1,0,3,0.3333333333333333,11.48324720641784,13.54496100580118,2.943629403674687,73.69619351630662,959.6890243777384,0.1556452540222857,26.07329355182583,17.9346609870809,270.2527552749784,1.24797609559057,734.6,503.0,445.15,2
parallel_run_1555,Archetype_3,0,0.1562242515266469,0.9845011907985532,0.8798604872037705,0.5250924100557157,0,1,0,3,0.0,8.239417824778362,19.86594006810631,2.185631748368638,84.78697422249212,1014.516711027553,0.5729610607824123,94.5537552962944,103.539963389083,112.696063975848,0.8568714170808833,734.6,503.0,445.15,0
parallel_run_1556,Archetype_3,1,0.0,1.0,0.8333333333332957,0.0449521651097739,0,0,0,2,0.0,10.74739923464404,14.72531853706425,2.344142683785495,39.79251941170135,1382.725160889254,0.1302190494638491,44.96744153575168,45.57905328193963,117.6699208576838,0.5147064197244176,734.6,503.0,445.15,1
parallel_run_1558,Archetype_3,0,0.6181474948782543,0.952236958925644,0.8333333333333334,0.2891321084799159,0,1,0,3,0.3333333333333333,12.62912539162891,17.1844658696355,2.641849634690004,42.22256724024653,904.387351538265,0.3237095872395198,68.36904203871276,108.7516199458351,169.4200698119767,0.6476733781840518,734.6,503.0,445.15,0
parallel_run_1559,Archetype_3,0,8.333122693482645e-05,0.9999935808012368,0.8333333333333334,0.0339263206666929,0,1,0,3,0.0,6.522201326382715,12.39939167303931,3.618708160073463,47.13963660315678,739.0878598442532,0.2748268178242084,80.41869864667342,47.40439371988354,195.7889275941752,0.5500432829432993,734.6,503.0,445.15,0
parallel_run_1560,Archetype_3,2,1.0,0.912872939458686,0.8333333333333334,0.0296920472232881,0,1,0,3,0.3333333333333333,9.384437367855847,18.12707624626986,2.907152582017375,82.60031647176109,883.1361687269793,0.196669248894807,66.74094420558276,73.27740104246614,210.9777341720553,1.294178414837762,734.6,503.0,445.15,2
parallel_run_1561,Archetype_3,1,0.4074434893826328,0.9564300079918828,0.8985838137269968,0.534196647765847,0,0,0,2,0.0,14.37657933613404,18.84410004062273,2.669185145620158,35.03786974557758,1927.503758948734,0.53662187709572,185.9380919407641,28.71237259798763,240.7907661092698,1.211179443278551,734.6,503.0,445.15,1
parallel_run_1562,Archetype_3,0,0.0008121248001733,0.9999539353425988,0.8333333333333559,0.0110293273577085,0,1,0,3,0.3333333333333333,12.88294506062676,16.47370199557806,3.916427027915539,33.29873756204726,1553.403975838957,0.1037951584613293,35.14190572583635,68.48407504836385,165.2840596040335,1.272212627733274,734.6,503.0,445.15,0
parallel_run_1563,Archetype_3,1,0.2249353789906156,0.9810757649636156,0.8427213409902753,0.4369628501199736,0,0,0,2,0.0,13.71417304507693,19.94297232922278,3.190463394584546,39.35568050526847,1306.802190395147,0.4398896859558368,173.4756545582791,57.55417542909995,217.6461551705664,0.6040099969531483,734.6,503.0,445.15,1
parallel_run_1564,Archetype_3,2,0.7660890900670437,0.9034722290962408,0.0,0.2461918980665566,0,1,1,5,0.0,10.0542437922061,9.52808842232428,2.7551726834745,63.83059444783521,602.6095239046633,0.5655852937121579,52.9250694322663,12.91258574592992,212.3338287792068,0.8863857524748795,734.6,503.0,445.15,2
parallel_run_1565,Archetype_3,1,0.3280027073788183,0.98046528301499,0.889192366761173,0.0920103731907521,0,0,0,2,0.0,8.902950966584617,17.34337950080082,3.071726683251704,72.97629984854609,1254.634228844618,0.0922887709307529,134.989883752535,20.33996544789689,133.8281740992772,0.6978638514594209,734.6,503.0,445.15,1
parallel_run_1566,Archetype_3,0,0.3741167264094448,0.9332234972572184,0.7131615515783172,0.1762762657984217,0,1,0,3,0.3333333333333333,5.219692016072181,5.614852538476582,3.507907836572578,37.36349927885944,613.7680335920102,0.2904762209302906,148.1467328115624,131.7779486933157,207.8141490530652,1.146935950080092,734.6,503.0,445.15,0
parallel_run_1567,Archetype_3,1,0.0015561152815456,0.9997546893739112,0.7366992138533216,2.4432441946149974e-05,0,0,0,2,0.0,11.93340271693271,5.317576274973425,3.28343831907141,71.54504448894762,1838.989919269122,0.4945103601576556,50.50487388868805,23.73720438973167,225.8680659378676,1.111263875962919,734.6,503.0,445.15,1
parallel_run_1568,Archetype_3,2,1.0,0.9289553617874726,0.0,0.054752639655185,0,1,0,3,0.3333333333333333,7.847009180844555,15.10246331425202,2.220849460660624,49.56921416774286,674.7929181340594,0.181477849380431,32.85601950306146,137.9877963370772,282.6442521246439,1.072413780762075,734.6,503.0,445.15,2
parallel_run_1569,Archetype_3,0,0.3171523274917366,0.965044185589227,0.6546845590157631,0.0014178406801908,0,1,0,3,0.0,5.307304167754404,8.062741299807017,2.856484395403244,90.46559420208708,591.9263990795743,0.5853009355147591,97.7904136753744,36.39089163854832,254.8378904988671,0.9033851808539108,734.6,503.0,445.15,0
parallel_run_1570,Archetype_3,2,1.0,0.9522987901488276,0.8333333333333334,-3.4929121782637244e-16,0,1,0,1,1.0,8.088620780419058,19.64969158227921,2.445246324409711,38.13315627139157,846.5530044686006,0.2872874174759508,41.0140129305388,66.19506893135303,296.218590405105,0.6626148413292461,734.6,503.0,445.15,1
parallel_run_1571,Archetype_3,1,0.5774977824071403,0.9496487132223888,0.9074663884098496,0.390338211677886,0,0,0,2,0.0,7.737878589250059,17.65262552890793,2.04343847591413,60.65256661819086,794.1535603498564,0.3905802979433853,158.1284539410613,28.1308721236521,148.7173157451602,1.000044063032848,734.6,503.0,445.15,1
parallel_run_1572,Archetype_3,2,0.6441930193698687,0.933701399775515,0.7481563520365138,0.499051696646496,0,1,0,3,0.3333333333333333,13.0646439961812,18.24589508543017,2.716732587027388,46.65131170230379,725.1054169218328,0.5115983993063354,64.21434402267955,101.3397416534369,115.4601576016992,0.561267319729339,734.6,503.0,445.15,2
parallel_run_1573,Archetype_3,0,0.0,1.0,0.8333333333333274,0.0015692262043331,0,1,0,3,0.3333333333333333,14.55899147105204,16.92400224464144,4.505870455669541,48.66008960426488,1880.428773878496,0.1898057560671069,25.33689484018815,53.21861456331589,186.1609652237962,0.6245236166119492,734.6,503.0,445.15,0
parallel_run_1574,Archetype_3,2,0.9063400996290472,0.9312206513719378,0.7182526175497469,0.0818953806562567,0,1,0,3,0.3333333333333333,6.902588311173137,13.28544430155988,2.608092824810263,48.10349831449953,712.0868495925945,0.5809073215674864,59.06523453291005,146.7428585041353,298.5472537308848,1.224555548142108,734.6,503.0,445.15,2
parallel_run_1576,Archetype_3,1,1.0,0.9504478386041704,0.8318005764236126,0.0,0,1,0,1,0.0,5.645937846490421,19.08999399027946,4.574685372982158,59.43535530068567,740.044618160573,0.4465748804743228,76.02908933133577,44.09919367093785,262.8462682705834,0.782484278393255,1177.9,611.9,664.2,1
parallel_run_1577,Archetype_3,0,0.5804506166478758,0.9599936139905522,0.6255695855956773,0.1175930324084479,0,1,0,3,0.3333333333333333,13.49964268135165,15.33095577911059,4.464674582116157,42.94616278436651,1185.794953774338,0.117649937817252,137.4023502352264,22.49168264409253,128.2191212271367,0.5911665438533666,1177.9,611.9,664.2,0
parallel_run_1578,Archetype_3,1,0.80120641183268,0.949509015027161,0.8333333333333334,0.2286609400971146,0,0,0,1,0.0,6.405292284318544,19.53555145216947,3.764585606427318,64.73890400335439,850.6267050193985,0.2646507902451352,37.50790122422556,110.5320184729022,100.9223548185412,1.28665717130124,1177.9,611.9,664.2,1
parallel_run_1579,Archetype_3,1,1.0,0.925177044465163,0.0,0.1870110549752097,0,0,0,0,0.0,5.078233488755179,15.36811055664406,4.023785290991664,68.86856051780249,1676.075248578451,0.2246787017126815,129.5689761803989,24.65199699594505,232.3224413807133,0.6774859235206085,1177.9,611.9,664.2,1
parallel_run_1580,Archetype_3,2,0.8381766071478362,0.9095318884969918,0.9090909090909144,0.0350417590889632,0,1,1,5,0.2,9.795367374301884,8.46566765326878,4.968477490368761,93.10632240494294,1005.748088406246,0.0638931166280094,56.87494984404746,127.412906728483,150.7886454235,1.149819164967017,1177.9,611.9,664.2,2
parallel_run_1581,Archetype_3,0,0.2491689722034107,0.979401743273602,0.8387849742288187,0.153584583569445,0,1,0,3,0.3333333333333333,13.21427123302489,12.99077849367701,2.804621181868556,57.60856169568081,1509.042894252557,0.202994166366049,91.80831738898752,122.5526135883852,139.657431483073,1.128863155150354,1177.9,611.9,664.2,0
parallel_run_1583,Archetype_3,2,0.8543623974795861,0.90810455142545,1.9786466337108981e-13,0.0490280948838254,0,0,0,2,0.0,6.639503134093878,8.702036358183824,2.460006477284389,50.84918084009174,1224.275709388201,0.14250239653806,114.0559579566393,16.49310952489565,222.5836742807619,1.025953997214746,1177.9,611.9,664.2,1
parallel_run_1585,Archetype_3,1,0.3042228920774251,0.9730858856251602,0.8137624282159777,0.3951030448143189,0,0,0,2,0.0,13.53541818756549,17.50384951367896,4.718111782544003,32.06607470803334,1682.919135964777,0.407888008510583,62.79308556464255,40.8608152984074,108.3468966403483,0.7505038651828599,1177.9,611.9,664.2,1
parallel_run_1586,Archetype_3,1,0.6606529181688414,0.935546719105163,0.8207354065195449,0.3416903154427287,0,0,0,1,0.0,9.589786864094185,14.52009542132607,2.25760526337914,95.46321746956043,1743.776803747743,0.3420270254820715,154.4883468009115,38.07535167163682,155.3553685224774,0.5347162870897352,1177.9,611.9,664.2,1
parallel_run_1588,Archetype_3,0,0.1334167661104479,0.9911487364929094,0.8333333333333334,0.1191683151144109,0,1,0,3,0.3333333333333333,11.5724650899624,15.71417657225041,2.505463074151018,37.82135289309134,1732.171085268251,0.2966680057335894,87.89904124731528,124.3179479506931,188.0589961374106,0.6121933944560484,1177.9,611.9,664.2,0
parallel_run_1589,Archetype_3,2,1.0,0.9375547049956138,0.5052066999938561,0.063589167605249,0,1,0,3,0.0,7.401877309695345,16.72060108361629,4.239354502223774,78.9004950381646,763.9731909619118,0.0862171753274194,168.5882939237162,10.48455250370037,274.1962939177321,0.9381802418748396,1177.9,611.9,664.2,2
parallel_run_1590,Archetype_3,1,1.0,0.9136952987563904,0.5414119861272066,1.519741320692785e-05,0,0,0,0,0.0,6.226512320545174,10.57007202633626,4.816232216133942,78.55254926123328,1473.572870709382,0.3084672339978864,39.11190515019379,26.58517665913403,167.9697151744124,0.8989728030906465,1177.9,611.9,664.2,1
parallel_run_1591,Archetype_3,1,0.4570737932888107,0.957229391378911,0.8333333333333334,0.2285912507063581,0,0,0,2,0.0,8.028178927033153,12.69358091967134,3.112625106465832,36.62334427994244,1295.694779439287,0.2513937760739758,117.9684651723182,90.13045861303728,158.0544197808208,0.9195426682975842,1177.9,611.9,664.2,1
parallel_run_1592,Archetype_3,1,0.8276961791170261,0.8964184758240075,0.7845876858073175,0.0231646594762362,0,0,0,2,0.0,5.772023405404161,7.116169331792253,2.064522668331408,56.51085137099933,1786.195480402135,0.0232508350807578,161.0329775531958,25.14851249315225,197.822121004284,0.7197444930411876,1177.9,611.9,664.2,1
parallel_run_1593,Archetype_3,0,0.295238562826047,0.983210449102685,0.8333333333333341,0.0461874401656225,0,1,0,3,0.3333333333333333,9.480794663304136,17.03804542014852,4.639878986106728,99.35855694037711,1250.245306083507,0.4168895798584492,43.35096290748591,149.1588574610129,277.1890738836713,1.083347637799514,1177.9,611.9,664.2,0
parallel_run_1594,Archetype_3,2,1.0,0.9009980878012668,0.8333333333333334,0.2743444317990078,0,1,0,3,0.3333333333333333,12.59017345046845,19.02253176729523,3.9523185428614,96.0626212890334,921.343979285896,0.3159410008343269,143.9201303011419,83.56764829664709,247.3963377767511,1.184696545793093,1177.9,611.9,664.2,2
parallel_run_1595,Archetype_3,2,0.7267300500457605,0.9455027552693162,0.0,0.3247413486340886,0,1,0,3,0.3333333333333333,13.88681027006693,18.61075821619153,4.347085125891433,43.42201779666991,778.7163195623369,0.5440908291581393,33.79114171279144,30.41474642500482,289.3256653337539,0.7671046222699125,1177.9,611.9,664.2,2
parallel_run_1596,Archetype_3,1,0.3890618681282001,0.8863755063672223,0.2091624073442095,0.5637444435121483,0,0,0,2,0.0,10.32199462340584,6.699275404416465,2.08038382636346,44.79361792876074,979.8557987975116,0.595749285135953,177.31500644115,11.06955829270862,290.4698168059626,1.067301995703033,1177.9,611.9,664.2,1
parallel_run_1597,Archetype_3,0,0.2035014775834916,0.9794578640984126,0.8333333333333334,0.3116791618070215,0,1,0,3,0.3333333333333333,10.44667181037197,13.25070225132207,4.259523874160369,88.11039822390016,1086.489408610497,0.3604504262054547,93.26680170863348,86.31118950437782,141.2036987315458,0.8099763525700954,1177.9,611.9,664.2,0
parallel_run_1598,Archetype_3,1,0.2410234988098587,0.9713506549398382,0.8333333333333334,0.3358253109607372,0,0,0,2,0.0,7.193260089885094,11.65964368980142,4.36245347424116,67.47086947928852,860.866485459772,0.3929505433301446,47.88817474253383,105.9284432028051,105.7696635231778,0.7077017593878874,1177.9,611.9,664.2,1
parallel_run_1599,Archetype_3,2,0.949860724856288,0.9445696319130816,0.0,0.0,0,1,0,3,0.3333333333333333,10.87938801553206,16.037856129965,2.961086101395173,69.6604654795751,1130.70880630468,0.3289402099742169,45.2910359937304,14.91317533979289,294.1194921299998,1.165324106539424,1177.9,611.9,664.2,2
parallel_run_1600,Archetype_3,0,0.3656605398968746,0.9760912105032188,0.9090909090909108,0.2554614430706532,0,1,0,3,0.3333333333333333,11.04944243362644,19.24071518137925,3.605624564480587,53.85239415205597,1355.675352940887,0.2611936824169285,192.5155188876426,93.4514385332439,163.183152602084,0.9537850554699546,1177.9,611.9,664.2,0
parallel_run_1601,Archetype_3,0,0.4759244677591591,0.9418944803564993,0.8333333333334093,0.5197418610170368,0,1,0,3,0.0,9.08917883368848,15.93141516714483,2.552097542916801,87.05159164902761,516.4075892774002,0.5259683590341234,164.5121833558311,80.95119800030251,191.2553856341034,1.094491785369062,1177.9,611.9,664.2,0
parallel_run_1602,Archetype_3,1,0.228520284662027,0.96904335393001,0.8333333333333334,0.3431767040588311,0,0,0,2,0.0,6.022122980882333,10.18624643812967,4.118622604217991,44.05635878211464,657.7419002366751,0.4846669501207773,27.38228323221475,120.2686065600439,118.8863494549756,1.050243965660369,1177.9,611.9,664.2,1
parallel_run_1603,Archetype_3,0,0.295846807996212,0.9850628090271252,0.833333333332361,0.0137018348976088,0,1,0,3,0.3333333333333333,12.81217303836103,18.79926099501478,3.671884488568053,46.3834911494316,1976.5423669876,0.4556973803877963,98.27765434529884,77.3225987347966,261.8146648055326,0.8637011623017257,1177.9,611.9,664.2,0
parallel_run_1604,Archetype_3,2,1.0,0.9244378739887664,0.0,0.0269086227731591,0,1,0,3,0.3333333333333333,11.30329623906534,14.11358006738063,2.119776423336449,80.39616228749757,927.2926047619708,0.0269989646361896,110.5634989792129,18.96908617913164,123.0786965714163,1.005760777712649,1177.9,611.9,664.2,2
parallel_run_1605,Archetype_3,1,0.4959990522342037,0.9700744902275742,0.7724405242650301,0.0013806890635325,0,0,0,2,0.0,9.208165790113028,15.46907671514874,4.545251827774964,38.83541580815834,1956.9090829731,0.1622856966902549,21.41825610127897,34.46180060490662,143.3953587386619,1.21370144627473,1177.9,611.9,664.2,1
parallel_run_1607,Archetype_3,0,0.718353905109555,0.9627098992320562,0.7518331361145819,0.0084583352607736,0,1,0,3,0.3333333333333333,11.79622827938521,18.29050969456285,4.169805421292692,52.8848948871502,1412.193873679556,0.4257887667081556,79.79357681981203,42.21866859739012,215.0694877114157,0.8330072175424368,1177.9,611.9,664.2,0
parallel_run_1608,Archetype_3,2,0.4994312940969169,0.9396850440004848,0.0,0.0053456355892051,0,1,0,3,0.3333333333333333,7.646521843235478,7.231058342555429,3.31458691916786,41.69964252763987,671.0160759439195,0.4157057803155249,70.94792328052574,46.67117715729472,250.4862261361136,0.7327865198402268,1177.9,611.9,664.2,2
parallel_run_1609,Archetype_3,2,1.0,0.8922576830089852,0.2514597435796444,0.2067038780227628,0,1,0,3,0.0,13.36289726948865,19.43255606974088,2.149756002614726,98.31009612961368,830.6769291617317,0.3440972357975186,24.40106928622523,21.65487938516236,225.1829757871136,1.25645844295112,1177.9,611.9,664.2,2
parallel_run_1610,Archetype_3,2,0.4248855596096889,0.9563990971669536,0.0,0.0554759981138786,0,1,0,3,0.3333333333333333,8.364797989299861,9.192250646467237,3.860538328046275,34.3813015352484,788.3970389732821,0.4717590306136611,144.6892794848065,41.70303632080136,285.1192728451363,0.9914750935718764,1177.9,611.9,664.2,0
parallel_run_1611,Archetype_3,2,0.6078395202915855,0.964507810572526,0.0,0.0322929713475979,0,1,0,3,0.3333333333333333,14.90080910970151,16.57440810558032,2.987874773593921,45.48329767203269,1579.101973947642,0.0323452792956046,124.7691560752347,13.25130095356169,131.0360691937709,1.160280557751469,1177.9,611.9,664.2,0
parallel_run_1612,Archetype_3,2,1.0,0.8677727092812065,0.0,0.0068473880659025,0,1,0,3,0.3333333333333333,6.738724478605125,10.74467739481464,4.059979339446745,91.01635205906643,546.9101382223519,0.1271291449095846,29.64904233951978,50.75070528467045,175.7269183945674,1.085475702971351,1177.9,611.9,664.2,2
parallel_run_1613,Archetype_3,2,1.0,0.8878922606448735,0.0,0.2783778553239875,0,1,0,3,0.0,12.29475505195811,16.20117521024517,2.57668959775238,86.126770574267,694.6303209657378,0.3562216088726904,35.8027220756866,64.20784236580666,271.3979072062631,0.7973279454902197,1177.9,611.9,664.2,2
parallel_run_1614,Archetype_3,1,1.0,0.9113739850827268,0.5245180965202315,0.2477391973066067,0,0,0,0,0.0,5.41478544277491,13.9696886981829,3.800167267124271,93.40190108464566,1614.000840022941,0.2479437183689544,197.1143613561278,32.13386871974967,137.2906070612262,1.198479495410149,1177.9,611.9,664.2,1
parallel_run_1615,Archetype_3,0,0.0519446652595329,0.9924638947947964,0.9090909090909092,0.0700138465733081,0,1,1,4,0.0,7.325244866915437,6.133456484961489,2.849506395765022,36.13139533184066,1846.939556478707,0.1045903725178832,104.708041937107,141.4654323491187,103.7582240168401,0.5719642415394346,1177.9,611.9,664.2,0
parallel_run_1616,Archetype_3,0,0.676435934631091,0.9455999391789708,0.8333333333333334,0.0,0,1,0,3,0.3333333333333333,10.09356256031139,11.29063222601615,4.76846366035301,76.79579046522252,1053.739944648393,0.2204308342752106,41.70644304050847,45.01347485513899,281.050931209811,1.263414311242694,1177.9,611.9,664.2,0
parallel_run_1617,Archetype_3,0,0.5788889055370356,0.9627905734639208,0.8333333333333334,0.0442259004035866,0,1,0,3,0.0,6.186101812756469,15.06385238110333,2.884344918055505,31.24493007510238,986.5491512115816,0.0557544202849528,84.24127174220122,94.4970799647684,145.9465456157096,1.018398256176594,1177.9,611.9,664.2,0
parallel_run_1619,Archetype_3,1,0.3720092082333391,0.9551685617878276,0.8333333333333334,0.0840327653252547,0,0,0,2,0.0,5.875103409596851,7.908293010058282,2.390464514085502,54.80879767084504,951.9658153072828,0.3730351891050821,88.41266743681159,98.35668950325385,201.4163575543587,0.6395764243792184,1177.9,611.9,664.2,1
parallel_run_1620,Archetype_3,3,0.2724384222277675,0.9572784124558896,0.7741756690520212,0.0791561179523637,0,0,1,4,0.0,9.89273547819015,5.915838497469448,4.894747269895554,35.37340681692577,1159.023486619083,0.501565989511877,72.72853972209614,37.63505720582668,179.0711115343357,0.7616663464940141,1177.9,611.9,664.2,0
parallel_run_1621,Archetype_3,2,0.567821570338021,0.9673913214431904,0.0,0.0,0,1,0,3,0.3333333333333333,14.08524419392078,16.31334378769262,2.308954015500626,40.52170066997526,1429.94499687827,0.4596363285181422,47.00410072502583,15.67060968778293,242.31607024993,1.191021807579522,1177.9,611.9,664.2,0
parallel_run_1622,Archetype_3,0,0.2274789731155048,0.9608972139870536,0.1210572778798809,0.228102100468765,0,1,1,5,0.0,12.41392231723704,6.505360896541484,2.371739473104665,32.39759536864331,816.6382880545631,0.5170204646406725,23.22847379435524,49.02752712084806,184.9716219995724,1.138692518506339,1177.9,611.9,664.2,0
parallel_run_1623,Archetype_3,0,0.3123227969604072,0.9741840602431956,0.8333333333333334,0.3426449504928686,0,1,0,3,0.0,11.20531214550689,17.28918987462175,2.41534597807669,62.25120319523698,1520.929737606235,0.5566745144953847,74.0786242796822,117.154618835779,125.2618930845108,1.040699628833873,1177.9,611.9,664.2,0
parallel_run_1624,Archetype_3,0,0.2205543088749324,0.9827398227892854,0.8333333333333334,0.0191086632277677,0,1,0,3,0.3333333333333333,14.76040816329797,11.89711135068584,3.420702396064348,30.231907913922,1810.531238432742,0.1512092640839279,103.1976415956362,60.53852960346411,259.9151824744392,0.8372539290562797,1177.9,611.9,664.2,0
parallel_run_1625,Archetype_3,1,0.7834795982553729,0.9532673105723568,0.8430918593830546,0.0166433235767092,0,0,0,2,0.0,7.125713809407731,15.76402470243221,2.203821019158463,30.66474775106086,1916.270048437812,0.5283635710427317,61.25580077898183,29.96136795184568,159.1614013752083,1.233712473598319,1177.9,611.9,664.2,1
parallel_run_1626,Archetype_3,0,0.3226955439394264,0.9806000132131985,0.9090909090909088,0.1419058397807951,0,1,0,3,0.3333333333333333,8.679848728865139,17.93322578398463,2.012220077079774,83.75880309023228,1452.198189273966,0.1702477055167378,188.3270361277955,136.3991131874458,182.3163284478816,0.9737019697352638,1177.9,611.9,664.2,0
parallel_run_1627,Archetype_3,0,0.4759930824347884,0.956664559106036,0.8333333333333334,0.0123958001905792,0,1,0,3,0.3333333333333333,10.55930465773863,9.95253445312245,2.521216447715092,45.35968846878346,1103.764527095477,0.4796032918726125,40.24829434892813,79.6642707844849,235.4042582741113,1.120275647130058,1177.9,611.9,664.2,0
parallel_run_1628,Archetype_3,1,0.1589514510962303,0.974788715485651,0.8333333333333356,8.048984254238056e-17,0,0,0,2,0.0,8.584062378535368,5.204947737148349,3.396878123134748,49.03717145112236,1633.945583329502,0.3831221102711273,55.84174480106363,55.43941616510568,267.3891249190509,1.103848703587101,1177.9,611.9,664.2,1
parallel_run_1629,Archetype_3,2,1.0,0.9282971777227732,0.6846135808739894,0.0023824279140972,0,1,0,3,0.3333333333333333,11.48324720641784,13.54496100580118,2.943629403674687,73.69619351630662,959.6890243777384,0.1556452540222857,26.07329355182583,17.9346609870809,270.2527552749784,1.24797609559057,1177.9,611.9,664.2,2
parallel_run_1630,Archetype_3,1,0.180778028170854,0.981677815403868,0.8333333333333334,0.5302334007078013,0,0,0,2,0.0,8.239417824778362,19.86594006810631,2.185631748368638,84.78697422249212,1014.516711027553,0.5729610607824123,94.5537552962944,103.539963389083,112.696063975848,0.8568714170808833,1177.9,611.9,664.2,1
parallel_run_1631,Archetype_3,1,0.6351153899566375,0.9577167108523172,0.8333333333333334,0.0486453985267907,0,0,0,2,0.0,10.74739923464404,14.72531853706425,2.344142683785495,39.79251941170135,1382.725160889254,0.1302190494638491,44.96744153575168,45.57905328193963,117.6699208576838,0.5147064197244176,1177.9,611.9,664.2,1
parallel_run_1633,Archetype_3,0,0.6250816028994319,0.9520509448026252,0.8333333333333334,0.2820495294968474,0,1,0,3,0.3333333333333333,12.62912539162891,17.1844658696355,2.641849634690004,42.22256724024653,904.387351538265,0.3237095872395198,68.36904203871276,108.7516199458351,169.4200698119767,0.6476733781840518,1177.9,611.9,664.2,0
parallel_run_1634,Archetype_3,2,1.0,0.9220910047117948,0.8333333333333334,0.0463267647985831,0,1,0,1,0.0,6.522201326382715,12.39939167303931,3.618708160073463,47.13963660315678,739.0878598442532,0.2748268178242084,80.41869864667342,47.40439371988354,195.7889275941752,0.5500432829432993,1177.9,611.9,664.2,1
parallel_run_1635,Archetype_3,2,1.0,0.9133487672710936,0.8333333333333178,0.0239808812283047,0,1,0,3,0.3333333333333333,9.384437367855847,18.12707624626986,2.907152582017375,82.60031647176109,883.1361687269793,0.196669248894807,66.74094420558276,73.27740104246614,210.9777341720553,1.294178414837762,1177.9,611.9,664.2,2
parallel_run_1636,Archetype_3,1,0.528500089991334,0.9435994383200906,0.8840098859504707,0.5353757804538971,0,0,0,2,0.0,14.37657933613404,18.84410004062273,2.669185145620158,35.03786974557758,1927.503758948734,0.53662187709572,185.9380919407641,28.71237259798763,240.7907661092698,1.211179443278551,1177.9,611.9,664.2,1
parallel_run_1637,Archetype_3,0,0.3321310054973038,0.9807763856319875,0.8333333333333334,0.0245340010591822,0,1,0,3,0.3333333333333333,12.88294506062676,16.47370199557806,3.916427027915539,33.29873756204726,1553.403975838957,0.1037951584613293,35.14190572583635,68.48407504836385,165.2840596040335,1.272212627733274,1177.9,611.9,664.2,0
parallel_run_1638,Archetype_3,1,0.2758192515824736,0.97695045692044,0.8333333333333334,0.4356184999093393,0,0,0,2,0.0,13.71417304507693,19.94297232922278,3.190463394584546,39.35568050526847,1306.802190395147,0.4398896859558368,173.4756545582791,57.55417542909995,217.6461551705664,0.6040099969531483,1177.9,611.9,664.2,1
parallel_run_1639,Archetype_3,2,0.7701154965933782,0.90341365268372,0.1889019189346832,0.2450725150105081,0,1,1,5,0.0,10.0542437922061,9.52808842232428,2.7551726834745,63.83059444783521,602.6095239046633,0.5655852937121579,52.9250694322663,12.91258574592992,212.3338287792068,0.8863857524748795,1177.9,611.9,664.2,2
parallel_run_1640,Archetype_3,1,0.8826659247605573,0.9476699318845648,0.8802478320538727,0.0923258553292254,0,0,0,2,0.0,8.902950966584617,17.34337950080082,3.071726683251704,72.97629984854609,1254.634228844618,0.0922887709307529,134.989883752535,20.33996544789689,133.8281740992772,0.6978638514594209,1177.9,611.9,664.2,1
parallel_run_1641,Archetype_3,0,0.3714912228470431,0.9304740322056704,0.7321087666057918,0.2038572239770116,0,1,0,3,0.3333333333333333,5.219692016072181,5.614852538476582,3.507907836572578,37.36349927885944,613.7680335920102,0.2904762209302906,148.1467328115624,131.7779486933157,207.8141490530652,1.146935950080092,1177.9,611.9,664.2,0
parallel_run_1642,Archetype_3,1,0.4266640920008837,0.9329592834709004,0.7366992138533217,3.4615278468995584e-05,0,0,0,2,0.0,11.93340271693271,5.317576274973425,3.28343831907141,71.54504448894762,1838.989919269122,0.4945103601576556,50.50487388868805,23.73720438973167,225.8680659378676,1.111263875962919,1177.9,611.9,664.2,1
parallel_run_1643,Archetype_3,2,1.0,0.9290467752458654,0.0,0.0502182223751438,0,1,0,3,0.3333333333333333,7.847009180844555,15.10246331425202,2.220849460660624,49.56921416774286,674.7929181340594,0.181477849380431,32.85601950306146,137.9877963370772,282.6442521246439,1.072413780762075,1177.9,611.9,664.2,2
parallel_run_1644,Archetype_3,2,0.9999999999999998,0.8900443632235601,0.6390455518890411,0.0021224791547925,0,1,0,1,0.0,5.307304167754404,8.062741299807017,2.856484395403244,90.46559420208708,591.9263990795743,0.5853009355147591,97.7904136753744,36.39089163854832,254.8378904988671,0.9033851808539108,1177.9,611.9,664.2,1
parallel_run_1645,Archetype_3,2,1.0,0.951938303047558,0.8333333333333334,0.0,0,1,0,1,1.0,8.088620780419058,19.64969158227921,2.445246324409711,38.13315627139157,846.5530044686006,0.2872874174759508,41.0140129305388,66.19506893135303,296.218590405105,0.6626148413292461,1177.9,611.9,664.2,1
parallel_run_1646,Archetype_3,1,1.0,0.912185284113924,0.7285010292394458,0.3910944283793826,0,0,0,0,0.0,7.737878589250059,17.65262552890793,2.04343847591413,60.65256661819086,794.1535603498564,0.3905802979433853,158.1284539410613,28.1308721236521,148.7173157451602,1.000044063032848,1177.9,611.9,664.2,1
parallel_run_1647,Archetype_3,2,0.6625846620463685,0.9309281959423722,0.747842137914957,0.502068553833702,0,1,0,3,0.3333333333333333,13.0646439961812,18.24589508543017,2.716732587027388,46.65131170230379,725.1054169218328,0.5115983993063354,64.21434402267955,101.3397416534369,115.4601576016992,0.561267319729339,1177.9,611.9,664.2,2
parallel_run_1648,Archetype_3,0,0.266914013030242,0.9853004455477152,0.8333333333330925,0.0030279270558437,0,1,0,3,0.3333333333333333,14.55899147105204,16.92400224464144,4.505870455669541,48.66008960426488,1880.428773878496,0.1898057560671069,25.33689484018815,53.21861456331589,186.1609652237962,0.6245236166119492,1177.9,611.9,664.2,0
parallel_run_1649,Archetype_3,2,0.9238794997812764,0.9292751030933132,0.7449254223384418,0.0870597948876854,0,1,0,3,0.3333333333333333,6.902588311173137,13.28544430155988,2.608092824810263,48.10349831449953,712.0868495925945,0.5809073215674864,59.06523453291005,146.7428585041353,298.5472537308848,1.224555548142108,1177.9,611.9,664.2,2
parallel_run_1651,Archetype_3,1,1.0,0.9504617214420004,0.8257809972114349,0.0,0,1,0,1,0.0,5.645937846490421,19.08999399027946,4.574685372982158,59.43535530068567,740.044618160573,0.4465748804743228,76.02908933133577,44.09919367093785,262.8462682705834,0.782484278393255,1328.5,136.4,669.1500000000001,1
parallel_run_1652,Archetype_3,0,0.5814313196245005,0.9600458989762168,0.6655585711751949,0.117414765872544,0,1,0,3,0.3333333333333333,13.49964268135165,15.33095577911059,4.464674582116157,42.94616278436651,1185.794953774338,0.117649937817252,137.4023502352264,22.49168264409253,128.2191212271367,0.5911665438533666,1328.5,136.4,669.1500000000001,0
parallel_run_1653,Archetype_3,1,0.7892661456800577,0.9507396504985328,0.8333333333333334,0.2202795009346891,0,0,0,1,0.0,6.405292284318544,19.53555145216947,3.764585606427318,64.73890400335439,850.6267050193985,0.2646507902451352,37.50790122422556,110.5320184729022,100.9223548185412,1.28665717130124,1328.5,136.4,669.1500000000001,1
parallel_run_1654,Archetype_3,1,1.0,0.925206588037187,0.0,0.1827327682148791,0,0,0,0,0.0,5.078233488755179,15.36811055664406,4.023785290991664,68.86856051780249,1676.075248578451,0.2246787017126815,129.5689761803989,24.65199699594505,232.3224413807133,0.6774859235206085,1328.5,136.4,669.1500000000001,1
parallel_run_1655,Archetype_3,3,0.8262588876787341,0.9103651095988609,0.9090909090909092,0.0384340695999174,1,0,1,3,0.6666666666666666,9.795367374301884,8.46566765326878,4.968477490368761,93.10632240494294,1005.748088406246,0.0638931166280094,56.87494984404746,127.412906728483,150.7886454235,1.149819164967017,1328.5,136.4,669.1500000000001,3
parallel_run_1656,Archetype_3,3,0.2533038114201469,0.97932931602284,0.9090909090909092,0.140044281193943,1,0,1,3,0.6666666666666666,13.21427123302489,12.99077849367701,2.804621181868556,57.60856169568081,1509.042894252557,0.202994166366049,91.80831738898752,122.5526135883852,139.657431483073,1.128863155150354,1328.5,136.4,669.1500000000001,3
parallel_run_1658,Archetype_3,2,0.8530597109844047,0.9080282890872974,0.0,0.0470393893666235,0,0,0,2,0.0,6.639503134093878,8.702036358183824,2.460006477284389,50.84918084009174,1224.275709388201,0.14250239653806,114.0559579566393,16.49310952489565,222.5836742807619,1.025953997214746,1328.5,136.4,669.1500000000001,1
parallel_run_1660,Archetype_3,1,0.2602426653824535,0.9768790841345236,0.860919204150859,0.3969805281483895,0,0,0,2,0.0,13.53541818756549,17.50384951367896,4.718111782544003,32.06607470803334,1682.919135964777,0.407888008510583,62.79308556464255,40.8608152984074,108.3468966403483,0.7505038651828599,1328.5,136.4,669.1500000000001,1
parallel_run_1661,Archetype_3,1,0.8743604782756143,0.9153253052115948,0.7860461045705216,0.3407490253362109,0,0,0,1,0.0,9.589786864094185,14.52009542132607,2.25760526337914,95.46321746956043,1743.776803747743,0.3420270254820715,154.4883468009115,38.07535167163682,155.3553685224774,0.5347162870897352,1328.5,136.4,669.1500000000001,1
parallel_run_1663,Archetype_3,3,0.1046343893171434,0.9929327665162452,0.8333333333333334,0.1372446041602439,1,0,1,3,0.6666666666666666,11.5724650899624,15.71417657225041,2.505463074151018,37.82135289309134,1732.171085268251,0.2966680057335894,87.89904124731528,124.3179479506931,188.0589961374106,0.6121933944560484,1328.5,136.4,669.1500000000001,3
parallel_run_1664,Archetype_3,2,1.0,0.8707412864256067,0.2492283457276607,0.0633548726800555,0,0,1,3,0.0,7.401877309695345,16.72060108361629,4.239354502223774,78.9004950381646,763.9731909619118,0.0862171753274194,168.5882939237162,10.48455250370037,274.1962939177321,0.9381802418748396,1328.5,136.4,669.1500000000001,2
parallel_run_1665,Archetype_3,1,1.0,0.9131062862778232,0.5432834148274079,5.172408139282869e-05,0,0,0,0,0.0,6.226512320545174,10.57007202633626,4.816232216133942,78.55254926123328,1473.572870709382,0.3084672339978864,39.11190515019379,26.58517665913403,167.9697151744124,0.8989728030906465,1328.5,136.4,669.1500000000001,1
parallel_run_1666,Archetype_3,1,0.50820222413576,0.9524782714920604,0.8333333333333334,0.2282594147956897,0,0,0,2,0.0,8.028178927033153,12.69358091967134,3.112625106465832,36.62334427994244,1295.694779439287,0.2513937760739758,117.9684651723182,90.13045861303728,158.0544197808208,0.9195426682975842,1328.5,136.4,669.1500000000001,1
parallel_run_1667,Archetype_3,1,0.8988876115555127,0.8867006448819589,0.7551222916149519,0.0232005859073487,0,0,0,2,0.0,5.772023405404161,7.116169331792253,2.064522668331408,56.51085137099933,1786.195480402135,0.0232508350807578,161.0329775531958,25.14851249315225,197.822121004284,0.7197444930411876,1328.5,136.4,669.1500000000001,1
parallel_run_1668,Archetype_3,0,0.244501550424239,0.9857549166503756,0.8333333333333334,0.0618923505688116,0,1,0,3,0.3333333333333333,9.480794663304136,17.03804542014852,4.639878986106728,99.35855694037711,1250.245306083507,0.4168895798584492,43.35096290748591,149.1588574610129,277.1890738836713,1.083347637799514,1328.5,136.4,669.1500000000001,0
parallel_run_1669,Archetype_3,2,1.0,0.9003710111388187,0.8333333333333334,0.2741175339530368,0,1,0,3,0.3333333333333333,12.59017345046845,19.02253176729523,3.9523185428614,96.0626212890334,921.343979285896,0.3159410008343269,143.9201303011419,83.56764829664709,247.3963377767511,1.184696545793093,1328.5,136.4,669.1500000000001,2
parallel_run_1670,Archetype_3,3,0.7245440665790331,0.9454743191091578,0.0,0.3247299647706527,1,0,1,3,0.6666666666666666,13.88681027006693,18.61075821619153,4.347085125891433,43.42201779666991,778.7163195623369,0.5440908291581393,33.79114171279144,30.41474642500482,289.3256653337539,0.7671046222699125,1328.5,136.4,669.1500000000001,3
parallel_run_1671,Archetype_3,1,0.3804566649873532,0.8868064797490185,0.0991604461775849,0.5618460086223677,0,0,0,2,0.0,10.32199462340584,6.699275404416465,2.08038382636346,44.79361792876074,979.8557987975116,0.595749285135953,177.31500644115,11.06955829270862,290.4698168059626,1.067301995703033,1328.5,136.4,669.1500000000001,1
parallel_run_1672,Archetype_3,3,0.1621531780298022,0.983765428016222,0.8333333333333334,0.3076934148714397,1,0,1,3,0.6666666666666666,10.44667181037197,13.25070225132207,4.259523874160369,88.11039822390016,1086.489408610497,0.3604504262054547,93.26680170863348,86.31118950437782,141.2036987315458,0.8099763525700954,1328.5,136.4,669.1500000000001,3
parallel_run_1673,Archetype_3,1,0.2660464468291755,0.9689173724767586,0.8333333333333334,0.3366990956597904,0,0,0,2,0.0,7.193260089885094,11.65964368980142,4.36245347424116,67.47086947928852,860.866485459772,0.3929505433301446,47.88817474253383,105.9284432028051,105.7696635231778,0.7077017593878874,1328.5,136.4,669.1500000000001,1
parallel_run_1674,Archetype_3,3,0.0468761370353596,0.9972620768613096,0.8993402027177224,0.0,1,0,1,3,0.6666666666666666,10.87938801553206,16.037856129965,2.961086101395173,69.6604654795751,1130.70880630468,0.3289402099742169,45.2910359937304,14.91317533979289,294.1194921299998,1.165324106539424,1328.5,136.4,669.1500000000001,3
parallel_run_1675,Archetype_3,0,0.3651353220605994,0.9760756995400028,0.9090909090909092,0.255783010870262,0,1,0,3,0.3333333333333333,11.04944243362644,19.24071518137925,3.605624564480587,53.85239415205597,1355.675352940887,0.2611936824169285,192.5155188876426,93.4514385332439,163.183152602084,0.9537850554699546,1328.5,136.4,669.1500000000001,0
parallel_run_1676,Archetype_3,1,0.5967247610705151,0.927377927885892,0.8333333333333334,0.518965487861016,0,0,1,3,0.0,9.08917883368848,15.93141516714483,2.552097542916801,87.05159164902761,516.4075892774002,0.5259683590341234,164.5121833558311,80.95119800030251,191.2553856341034,1.094491785369062,1328.5,136.4,669.1500000000001,2
parallel_run_1677,Archetype_3,1,0.3432978503504982,0.9529833148540652,0.8333333333333334,0.3443758314490626,0,0,1,3,0.0,6.022122980882333,10.18624643812967,4.118622604217991,44.05635878211464,657.7419002366751,0.4846669501207773,27.38228323221475,120.2686065600439,118.8863494549756,1.050243965660369,1328.5,136.4,669.1500000000001,0
parallel_run_1678,Archetype_3,0,0.3125860925347565,0.984115224860466,0.8333333333333334,0.0208652712203431,0,1,0,3,0.3333333333333333,12.81217303836103,18.79926099501478,3.671884488568053,46.3834911494316,1976.5423669876,0.4556973803877963,98.27765434529884,77.3225987347966,261.8146648055326,0.8637011623017257,1328.5,136.4,669.1500000000001,0
parallel_run_1679,Archetype_3,2,1.0,0.9231846479657848,0.0,0.0268951833237253,0,1,0,3,0.3333333333333333,11.30329623906534,14.11358006738063,2.119776423336449,80.39616228749757,927.2926047619708,0.0269989646361896,110.5634989792129,18.96908617913164,123.0786965714163,1.005760777712649,1328.5,136.4,669.1500000000001,2
parallel_run_1680,Archetype_3,1,0.7558957857062587,0.9545911029111476,0.7092121661773968,0.0002205589248237,0,0,0,2,0.0,9.208165790113028,15.46907671514874,4.545251827774964,38.83541580815834,1956.9090829731,0.1622856966902549,21.41825610127897,34.46180060490662,143.3953587386619,1.21370144627473,1328.5,136.4,669.1500000000001,1
parallel_run_1682,Archetype_3,2,0.82978352605001,0.9574191788022348,0.800878166601386,0.0108060139177466,0,1,0,3,0.3333333333333333,11.79622827938521,18.29050969456285,4.169805421292692,52.8848948871502,1412.193873679556,0.4257887667081556,79.79357681981203,42.21866859739012,215.0694877114157,0.8330072175424368,1328.5,136.4,669.1500000000001,0
parallel_run_1683,Archetype_3,3,0.4999485630042262,0.93914258185405,0.8702033824945082,0.0044515650812866,1,0,1,3,0.6666666666666666,7.646521843235478,7.231058342555429,3.31458691916786,41.69964252763987,671.0160759439195,0.4157057803155249,70.94792328052574,46.67117715729472,250.4862261361136,0.7327865198402268,1328.5,136.4,669.1500000000001,3
parallel_run_1684,Archetype_3,2,1.0,0.8922793624623864,0.3372869041580964,0.2078226876554591,0,0,1,3,0.0,13.36289726948865,19.43255606974088,2.149756002614726,98.31009612961368,830.6769291617317,0.3440972357975186,24.40106928622523,21.65487938516236,225.1829757871136,1.25645844295112,1328.5,136.4,669.1500000000001,2
parallel_run_1685,Archetype_3,3,0.3040845256795338,0.9684980661020992,0.7726456761284958,0.0590645651209358,1,0,1,3,0.6666666666666666,8.364797989299861,9.192250646467237,3.860538328046275,34.3813015352484,788.3970389732821,0.4717590306136611,144.6892794848065,41.70303632080136,285.1192728451363,0.9914750935718764,1328.5,136.4,669.1500000000001,3
parallel_run_1686,Archetype_3,3,0.3503486587529865,0.9794986103586226,0.4533555384052294,0.0323666551913627,1,0,1,3,0.6666666666666666,14.90080910970151,16.57440810558032,2.987874773593921,45.48329767203269,1579.101973947642,0.0323452792956046,124.7691560752347,13.25130095356169,131.0360691937709,1.160280557751469,1328.5,136.4,669.1500000000001,3
parallel_run_1687,Archetype_3,3,1.0,0.8563062010063427,0.5471781018360878,0.0031494533372383,1,0,1,3,0.6666666666666666,6.738724478605125,10.74467739481464,4.059979339446745,91.01635205906643,546.9101382223519,0.1271291449095846,29.64904233951978,50.75070528467045,175.7269183945674,1.085475702971351,1328.5,136.4,669.1500000000001,3
parallel_run_1688,Archetype_3,3,1.0,0.8882294138855893,0.0,0.2752826477218913,1,0,1,3,0.6666666666666666,12.29475505195811,16.20117521024517,2.57668959775238,86.126770574267,694.6303209657378,0.3562216088726904,35.8027220756866,64.20784236580666,271.3979072062631,0.7973279454902197,1328.5,136.4,669.1500000000001,3
parallel_run_1689,Archetype_3,1,1.0,0.9108452277593472,0.515254227728827,0.2479778898713939,0,0,0,0,0.0,5.41478544277491,13.9696886981829,3.800167267124271,93.40190108464566,1614.000840022941,0.2479437183689544,197.1143613561278,32.13386871974967,137.2906070612262,1.198479495410149,1328.5,136.4,669.1500000000001,1
parallel_run_1690,Archetype_3,0,0.0003161173602421,0.9999531094836912,0.9090909090909092,0.0795652058373443,0,0,1,4,0.0,7.325244866915437,6.133456484961489,2.849506395765022,36.13139533184066,1846.939556478707,0.1045903725178832,104.708041937107,141.4654323491187,103.7582240168401,0.5719642415394346,1328.5,136.4,669.1500000000001,0
parallel_run_1691,Archetype_3,3,0.1273416568138277,0.9896696619326534,0.8333333333333334,0.0,1,0,1,3,0.6666666666666666,10.09356256031139,11.29063222601615,4.76846366035301,76.79579046522252,1053.739944648393,0.2204308342752106,41.70644304050847,45.01347485513899,281.050931209811,1.263414311242694,1328.5,136.4,669.1500000000001,3
parallel_run_1692,Archetype_3,1,0.6632668676430673,0.9570228214332206,0.8333333333333334,0.0426120875602642,0,0,1,3,0.0,6.186101812756469,15.06385238110333,2.884344918055505,31.24493007510238,986.5491512115816,0.0557544202849528,84.24127174220122,94.4970799647684,145.9465456157096,1.018398256176594,1328.5,136.4,669.1500000000001,0
parallel_run_1694,Archetype_3,3,0.5781362275375808,0.9303088115595664,0.8333333333333334,0.0864380366032248,1,0,1,3,0.0,5.875103409596851,7.908293010058282,2.390464514085502,54.80879767084504,951.9658153072828,0.3730351891050821,88.41266743681159,98.35668950325385,201.4163575543587,0.6395764243792184,1328.5,136.4,669.1500000000001,3
parallel_run_1695,Archetype_3,3,0.0002335040640237,0.999965046263687,0.803679654140859,0.0423544824565714,1,0,1,3,0.3333333333333333,9.89273547819015,5.915838497469448,4.894747269895554,35.37340681692577,1159.023486619083,0.501565989511877,72.72853972209614,37.63505720582668,179.0711115343357,0.7616663464940141,1328.5,136.4,669.1500000000001,3
parallel_run_1696,Archetype_3,3,0.2364367593127729,0.9865782435884912,0.9284984682806106,2.076939423046125e-05,1,0,1,3,0.6666666666666666,14.08524419392078,16.31334378769262,2.308954015500626,40.52170066997526,1429.94499687827,0.4596363285181422,47.00410072502583,15.67060968778293,242.31607024993,1.191021807579522,1328.5,136.4,669.1500000000001,3
parallel_run_1697,Archetype_3,3,0.2269540036900001,0.9611385868434308,0.2066638467094025,0.2256694175028159,0,0,1,4,0.0,12.41392231723704,6.505360896541484,2.371739473104665,32.39759536864331,816.6382880545631,0.5170204646406725,23.22847379435524,49.02752712084806,184.9716219995724,1.138692518506339,1328.5,136.4,669.1500000000001,0
parallel_run_1698,Archetype_3,1,0.2085399727951617,0.982108280100628,0.8333333333333334,0.3668273220796454,0,0,1,3,0.0,11.20531214550689,17.28918987462175,2.41534597807669,62.25120319523698,1520.929737606235,0.5566745144953847,74.0786242796822,117.154618835779,125.2618930845108,1.040699628833873,1328.5,136.4,669.1500000000001,0
parallel_run_1699,Archetype_3,3,0.1600119508446058,0.987566187860825,0.8333333333333334,0.0163712294669592,1,0,1,3,0.6666666666666666,14.76040816329797,11.89711135068584,3.420702396064348,30.231907913922,1810.531238432742,0.1512092640839279,103.1976415956362,60.53852960346411,259.9151824744392,0.8372539290562797,1328.5,136.4,669.1500000000001,3
parallel_run_1700,Archetype_3,1,0.7984622260464825,0.9518561325123672,0.8271999089554694,0.0130027795975435,0,0,0,2,0.0,7.125713809407731,15.76402470243221,2.203821019158463,30.66474775106086,1916.270048437812,0.5283635710427317,61.25580077898183,29.96136795184568,159.1614013752083,1.233712473598319,1328.5,136.4,669.1500000000001,1
parallel_run_1701,Archetype_3,0,0.3487358483929108,0.9787034716415078,0.9090909090909092,0.1505416057935891,0,1,0,3,0.3333333333333333,8.679848728865139,17.93322578398463,2.012220077079774,83.75880309023228,1452.198189273966,0.1702477055167378,188.3270361277955,136.3991131874458,182.3163284478816,0.9737019697352638,1328.5,136.4,669.1500000000001,0
parallel_run_1702,Archetype_3,3,0.3579804662165382,0.9669398214111,0.8333333333333334,0.0179703033236062,1,0,1,3,0.6666666666666666,10.55930465773863,9.95253445312245,2.521216447715092,45.35968846878346,1103.764527095477,0.4796032918726125,40.24829434892813,79.6642707844849,235.4042582741113,1.120275647130058,1328.5,136.4,669.1500000000001,3
parallel_run_1703,Archetype_3,1,0.1872779576214945,0.9705356614292414,0.833333333333333,-3.7331965116943703e-17,0,0,0,2,0.0,8.584062378535368,5.204947737148349,3.396878123134748,49.03717145112236,1633.945583329502,0.3831221102711273,55.84174480106363,55.43941616510568,267.3891249190509,1.103848703587101,1328.5,136.4,669.1500000000001,1
parallel_run_1704,Archetype_3,2,1.0,0.9291117043700508,0.7210954846191477,0.0027588170365371,0,1,0,3,0.3333333333333333,11.48324720641784,13.54496100580118,2.943629403674687,73.69619351630662,959.6890243777384,0.1556452540222857,26.07329355182583,17.9346609870809,270.2527552749784,1.24797609559057,1328.5,136.4,669.1500000000001,2
parallel_run_1705,Archetype_3,1,0.1905058714152763,0.980658627375333,0.8867020667784488,0.5377620207512173,0,0,0,2,0.0,8.239417824778362,19.86594006810631,2.185631748368638,84.78697422249212,1014.516711027553,0.5729610607824123,94.5537552962944,103.539963389083,112.696063975848,0.8568714170808833,1328.5,136.4,669.1500000000001,1
parallel_run_1706,Archetype_3,1,0.6335180226728035,0.9580145852899108,0.8333333333333334,0.0541215437412345,0,0,0,2,0.0,10.74739923464404,14.72531853706425,2.344142683785495,39.79251941170135,1382.725160889254,0.1302190494638491,44.96744153575168,45.57905328193963,117.6699208576838,0.5147064197244176,1328.5,136.4,669.1500000000001,1
parallel_run_1708,Archetype_3,0,0.629671083672812,0.9519001202771076,0.8333333333333334,0.2805175489506866,0,1,0,3,0.3333333333333333,12.62912539162891,17.1844658696355,2.641849634690004,42.22256724024653,904.387351538265,0.3237095872395198,68.36904203871276,108.7516199458351,169.4200698119767,0.6476733781840518,1328.5,136.4,669.1500000000001,0
parallel_run_1709,Archetype_3,1,0.9925480425478714,0.9219372987162202,0.8333333333333228,0.0557259637130774,0,0,1,2,0.0,6.522201326382715,12.39939167303931,3.618708160073463,47.13963660315678,739.0878598442532,0.2748268178242084,80.41869864667342,47.40439371988354,195.7889275941752,0.5500432829432993,1328.5,136.4,669.1500000000001,1
parallel_run_1710,Archetype_3,2,1.0,0.912812922379397,0.8333333333330165,0.0291737335936908,0,1,0,3,0.3333333333333333,9.384437367855847,18.12707624626986,2.907152582017375,82.60031647176109,883.1361687269793,0.196669248894807,66.74094420558276,73.27740104246614,210.9777341720553,1.294178414837762,1328.5,136.4,669.1500000000001,2
parallel_run_1711,Archetype_3,1,0.5405628771109102,0.9417667869466788,0.8779701449922829,0.5350458898322239,0,0,0,2,0.0,14.37657933613404,18.84410004062273,2.669185145620158,35.03786974557758,1927.503758948734,0.53662187709572,185.9380919407641,28.71237259798763,240.7907661092698,1.211179443278551,1328.5,136.4,669.1500000000001,1
parallel_run_1712,Archetype_3,3,0.1368494717540566,0.992060561502665,0.8333333333333334,0.0172138641157728,1,0,1,3,0.6666666666666666,12.88294506062676,16.47370199557806,3.916427027915539,33.29873756204726,1553.403975838957,0.1037951584613293,35.14190572583635,68.48407504836385,165.2840596040335,1.272212627733274,1328.5,136.4,669.1500000000001,3
parallel_run_1713,Archetype_3,1,0.3008833784397016,0.9745489256351982,0.8333333333333334,0.4384195096479032,0,0,0,2,0.0,13.71417304507693,19.94297232922278,3.190463394584546,39.35568050526847,1306.802190395147,0.4398896859558368,173.4756545582791,57.55417542909995,217.6461551705664,0.6040099969531483,1328.5,136.4,669.1500000000001,1
parallel_run_1714,Archetype_3,3,0.7668025308569191,0.9035943085249218,0.1184510070589706,0.2417197021883835,1,0,1,3,0.0,10.0542437922061,9.52808842232428,2.7551726834745,63.83059444783521,602.6095239046633,0.5655852937121579,52.9250694322663,12.91258574592992,212.3338287792068,0.8863857524748795,1328.5,136.4,669.1500000000001,3
parallel_run_1715,Archetype_3,1,0.9820029378495774,0.9414899074398164,0.8821263530836116,0.091984263501289,0,0,0,2,0.0,8.902950966584617,17.34337950080082,3.071726683251704,72.97629984854609,1254.634228844618,0.0922887709307529,134.989883752535,20.33996544789689,133.8281740992772,0.6978638514594209,1328.5,136.4,669.1500000000001,1
parallel_run_1716,Archetype_3,3,0.3549357131009109,0.932829735837551,0.8333333333333334,0.21011512753265,1,0,1,3,0.6666666666666666,5.219692016072181,5.614852538476582,3.507907836572578,37.36349927885944,613.7680335920102,0.2904762209302906,148.1467328115624,131.7779486933157,207.8141490530652,1.146935950080092,1328.5,136.4,669.1500000000001,3
parallel_run_1717,Archetype_3,3,0.0,1.0,0.8527703343386539,2.310132770737713e-05,1,0,1,2,0.5,11.93340271693271,5.317576274973425,3.28343831907141,71.54504448894762,1838.989919269122,0.4945103601576556,50.50487388868805,23.73720438973167,225.8680659378676,1.111263875962919,1328.5,136.4,669.1500000000001,1
parallel_run_1718,Archetype_3,2,1.0,0.9281076431863806,0.0,0.0501810892933105,0,1,0,3,0.3333333333333333,7.847009180844555,15.10246331425202,2.220849460660624,49.56921416774286,674.7929181340594,0.181477849380431,32.85601950306146,137.9877963370772,282.6442521246439,1.072413780762075,1328.5,136.4,669.1500000000001,2
parallel_run_1719,Archetype_3,2,1.0,0.8543501745081677,0.6299644546563129,0.0078643987618033,0,0,0,2,0.0,5.307304167754404,8.062741299807017,2.856484395403244,90.46559420208708,591.9263990795743,0.5853009355147591,97.7904136753744,36.39089163854832,254.8378904988671,0.9033851808539108,1328.5,136.4,669.1500000000001,1
parallel_run_1720,Archetype_3,2,1.0,0.9517439728420076,0.8333333333333334,0.0,0,1,0,1,1.0,8.088620780419058,19.64969158227921,2.445246324409711,38.13315627139157,846.5530044686006,0.2872874174759508,41.0140129305388,66.19506893135303,296.218590405105,0.6626148413292461,1328.5,136.4,669.1500000000001,1
parallel_run_1721,Archetype_3,1,1.0,0.9124919549427336,0.713456580222474,0.390338432207384,0,0,0,0,0.0,7.737878589250059,17.65262552890793,2.04343847591413,60.65256661819086,794.1535603498564,0.3905802979433853,158.1284539410613,28.1308721236521,148.7173157451602,1.000044063032848,1328.5,136.4,669.1500000000001,1
parallel_run_1722,Archetype_3,3,0.6232169391452372,0.9355222115224828,0.833333333333333,0.4991647284950898,1,0,1,3,0.6666666666666666,13.0646439961812,18.24589508543017,2.716732587027388,46.65131170230379,725.1054169218328,0.5115983993063354,64.21434402267955,101.3397416534369,115.4601576016992,0.561267319729339,1328.5,136.4,669.1500000000001,3
parallel_run_1723,Archetype_3,3,0.0,1.0,0.8333333333333334,0.010414167072188,1,0,1,3,0.6666666666666666,14.55899147105204,16.92400224464144,4.505870455669541,48.66008960426488,1880.428773878496,0.1898057560671069,25.33689484018815,53.21861456331589,186.1609652237962,0.6245236166119492,1328.5,136.4,669.1500000000001,3
parallel_run_1724,Archetype_3,3,0.8852331400024227,0.9331712265758756,0.7884037720710892,0.0794621215847349,1,0,1,3,0.6666666666666666,6.902588311173137,13.28544430155988,2.608092824810263,48.10349831449953,712.0868495925945,0.5809073215674864,59.06523453291005,146.7428585041353,298.5472537308848,1.224555548142108,1328.5,136.4,669.1500000000001,3
parallel_run_1726,Archetype_3,1,1.0,0.9505529981291024,0.8305724502394494,-3.9238239701675455e-16,0,1,0,1,0.0,5.645937846490421,19.08999399027946,4.574685372982158,59.43535530068567,740.044618160573,0.4465748804743228,76.02908933133577,44.09919367093785,262.8462682705834,0.782484278393255,705.8,303.8,384.35,1
parallel_run_1727,Archetype_3,0,0.1459224190352564,0.9899842665359276,0.469644946361241,0.1174016781822393,0,1,0,3,0.3333333333333333,13.49964268135165,15.33095577911059,4.464674582116157,42.94616278436651,1185.794953774338,0.117649937817252,137.4023502352264,22.49168264409253,128.2191212271367,0.5911665438533666,705.8,303.8,384.35,0
parallel_run_1728,Archetype_3,0,0.3363506456430523,0.9797149744066632,0.8333333333333334,0.1964057644957198,0,1,0,3,0.0,6.405292284318544,19.53555145216947,3.764585606427318,64.73890400335439,850.6267050193985,0.2646507902451352,37.50790122422556,110.5320184729022,100.9223548185412,1.28665717130124,705.8,303.8,384.35,0
parallel_run_1729,Archetype_3,1,0.4754748352213648,0.9647470646083476,0.0,0.1822566672474199,0,0,0,2,0.0,5.078233488755179,15.36811055664406,4.023785290991664,68.86856051780249,1676.075248578451,0.2246787017126815,129.5689761803989,24.65199699594505,232.3224413807133,0.6774859235206085,705.8,303.8,384.35,1
parallel_run_1730,Archetype_3,2,0.8272203718643447,0.9103003936107756,0.8433866680548023,0.0344593912892026,0,1,1,5,0.2,9.795367374301884,8.46566765326878,4.968477490368761,93.10632240494294,1005.748088406246,0.0638931166280094,56.87494984404746,127.412906728483,150.7886454235,1.149819164967017,705.8,303.8,384.35,2
parallel_run_1731,Archetype_3,0,0.2603105947894272,0.9784122006449316,0.8578595607153704,0.1532126853481905,0,1,0,3,0.3333333333333333,13.21427123302489,12.99077849367701,2.804621181868556,57.60856169568081,1509.042894252557,0.202994166366049,91.80831738898752,122.5526135883852,139.657431483073,1.128863155150354,705.8,303.8,384.35,0
parallel_run_1733,Archetype_3,1,0.3310425384158263,0.9642354143773932,4.6636060385037044e-14,0.0512204152590319,0,0,0,2,0.0,6.639503134093878,8.702036358183824,2.460006477284389,50.84918084009174,1224.275709388201,0.14250239653806,114.0559579566393,16.49310952489565,222.5836742807619,1.025953997214746,705.8,303.8,384.35,1
parallel_run_1735,Archetype_3,1,2.0425756942480496e-05,0.999998178100282,0.91510491819358,0.3980824086087458,0,0,0,2,0.0,13.53541818756549,17.50384951367896,4.718111782544003,32.06607470803334,1682.919135964777,0.407888008510583,62.79308556464255,40.8608152984074,108.3468966403483,0.7505038651828599,705.8,303.8,384.35,1
parallel_run_1736,Archetype_3,1,0.1705152787549663,0.9834698619686436,0.9077462802306552,0.341367030939179,0,0,0,2,0.0,9.589786864094185,14.52009542132607,2.25760526337914,95.46321746956043,1743.776803747743,0.3420270254820715,154.4883468009115,38.07535167163682,155.3553685224774,0.5347162870897352,705.8,303.8,384.35,1
parallel_run_1738,Archetype_3,0,0.0006196158021112,0.9999587569784306,0.8381680467536676,0.1253976638145305,0,1,0,3,0.3333333333333333,11.5724650899624,15.71417657225041,2.505463074151018,37.82135289309134,1732.171085268251,0.2966680057335894,87.89904124731528,124.3179479506931,188.0589961374106,0.6121933944560484,705.8,303.8,384.35,0
parallel_run_1739,Archetype_3,2,0.5481194209518504,0.9674400431515128,0.0,0.0586399675572961,0,1,0,3,0.0,7.401877309695345,16.72060108361629,4.239354502223774,78.9004950381646,763.9731909619118,0.0862171753274194,168.5882939237162,10.48455250370037,274.1962939177321,0.9381802418748396,705.8,303.8,384.35,0
parallel_run_1740,Archetype_3,1,0.0,1.0,0.7623967617674251,4.538599988848683e-06,0,0,0,2,0.0,6.226512320545174,10.57007202633626,4.816232216133942,78.55254926123328,1473.572870709382,0.3084672339978864,39.11190515019379,26.58517665913403,167.9697151744124,0.8989728030906465,705.8,303.8,384.35,1
parallel_run_1741,Archetype_3,0,0.2298017242339452,0.9787628201476968,0.8333333333333334,0.2179624484451368,0,1,0,3,0.0,8.028178927033153,12.69358091967134,3.112625106465832,36.62334427994244,1295.694779439287,0.2513937760739758,117.9684651723182,90.13045861303728,158.0544197808208,0.9195426682975842,705.8,303.8,384.35,0
parallel_run_1742,Archetype_3,1,0.2247382372202894,0.971998566682138,0.8132926046369114,0.0232104269885066,0,0,0,2,0.0,5.772023405404161,7.116169331792253,2.064522668331408,56.51085137099933,1786.195480402135,0.0232508350807578,161.0329775531958,25.14851249315225,197.822121004284,0.7197444930411876,705.8,303.8,384.35,1
parallel_run_1743,Archetype_3,0,0.2329981018403131,0.986902969414396,0.9090909090909082,0.0372306610047949,0,1,0,3,0.3333333333333333,9.480794663304136,17.03804542014852,4.639878986106728,99.35855694037711,1250.245306083507,0.4168895798584492,43.35096290748591,149.1588574610129,277.1890738836713,1.083347637799514,705.8,303.8,384.35,0
parallel_run_1744,Archetype_3,2,1.0,0.899602645120699,0.8333333333333334,0.2764919225435602,0,1,0,3,0.3333333333333333,12.59017345046845,19.02253176729523,3.9523185428614,96.0626212890334,921.343979285896,0.3159410008343269,143.9201303011419,83.56764829664709,247.3963377767511,1.184696545793093,705.8,303.8,384.35,2
parallel_run_1745,Archetype_3,2,0.7204783046727417,0.9455006742534656,0.0,0.3253791168171715,0,1,0,3,0.3333333333333333,13.88681027006693,18.61075821619153,4.347085125891433,43.42201779666991,778.7163195623369,0.5440908291581393,33.79114171279144,30.41474642500482,289.3256653337539,0.7671046222699125,705.8,303.8,384.35,2
parallel_run_1746,Archetype_3,1,0.201209798632447,0.9416695256758926,0.1119301583373127,0.5596449516623844,0,0,0,2,0.0,10.32199462340584,6.699275404416465,2.08038382636346,44.79361792876074,979.8557987975116,0.595749285135953,177.31500644115,11.06955829270862,290.4698168059626,1.067301995703033,705.8,303.8,384.35,1
parallel_run_1747,Archetype_3,0,0.0891575119076985,0.9909848650717736,0.8333333333333334,0.3161361090165841,0,1,0,3,0.3333333333333333,10.44667181037197,13.25070225132207,4.259523874160369,88.11039822390016,1086.489408610497,0.3604504262054547,93.26680170863348,86.31118950437782,141.2036987315458,0.8099763525700954,705.8,303.8,384.35,0
parallel_run_1748,Archetype_3,1,0.0,1.0,0.8333333333334133,0.3469763935862921,0,0,1,3,0.0,7.193260089885094,11.65964368980142,4.36245347424116,67.47086947928852,860.866485459772,0.3929505433301446,47.88817474253383,105.9284432028051,105.7696635231778,0.7077017593878874,705.8,303.8,384.35,0
parallel_run_1749,Archetype_3,0,0.0001460675375653,0.999991460081059,0.0,0.0,0,1,1,4,0.5,10.87938801553206,16.037856129965,2.961086101395173,69.6604654795751,1130.70880630468,0.3289402099742169,45.2910359937304,14.91317533979289,294.1194921299998,1.165324106539424,705.8,303.8,384.35,0
parallel_run_1750,Archetype_3,0,0.3033135816425805,0.9801606577213808,0.9090909090909092,0.2556770579904892,0,1,0,3,0.3333333333333333,11.04944243362644,19.24071518137925,3.605624564480587,53.85239415205597,1355.675352940887,0.2611936824169285,192.5155188876426,93.4514385332439,163.183152602084,0.9537850554699546,705.8,303.8,384.35,0
parallel_run_1751,Archetype_3,0,0.3705104102508862,0.9546361480548572,0.8333333333333334,0.5184684274885354,0,1,0,3,0.0,9.08917883368848,15.93141516714483,2.552097542916801,87.05159164902761,516.4075892774002,0.5259683590341234,164.5121833558311,80.95119800030251,191.2553856341034,1.094491785369062,705.8,303.8,384.35,0
parallel_run_1752,Archetype_3,0,0.0049057583441448,0.9994718222568882,0.0,0.1840291020291714,0,1,0,3,0.3333333333333333,6.022122980882333,10.18624643812967,4.118622604217991,44.05635878211464,657.7419002366751,0.4846669501207773,27.38228323221475,120.2686065600439,118.8863494549756,1.050243965660369,705.8,303.8,384.35,0
parallel_run_1753,Archetype_3,0,0.1528392251683555,0.9923261714090048,0.8333333333333334,0.0171405183024598,0,1,0,3,0.3333333333333333,12.81217303836103,18.79926099501478,3.671884488568053,46.3834911494316,1976.5423669876,0.4556973803877963,98.27765434529884,77.3225987347966,261.8146648055326,0.8637011623017257,705.8,303.8,384.35,0
parallel_run_1754,Archetype_3,2,1.0,0.9261521744511202,0.0,0.0269461539765929,0,1,0,3,0.3333333333333333,11.30329623906534,14.11358006738063,2.119776423336449,80.39616228749757,927.2926047619708,0.0269989646361896,110.5634989792129,18.96908617913164,123.0786965714163,1.005760777712649,705.8,303.8,384.35,2
parallel_run_1755,Archetype_3,1,0.0,1.0,0.8512938912252214,0.0001824384020807,0,0,0,2,0.0,9.208165790113028,15.46907671514874,4.545251827774964,38.83541580815834,1956.9090829731,0.1622856966902549,21.41825610127897,34.46180060490662,143.3953587386619,1.21370144627473,705.8,303.8,384.35,1
parallel_run_1757,Archetype_3,0,0.1798404282849053,0.990666723713818,0.8089624913048938,0.0111399521040441,0,1,0,3,0.3333333333333333,11.79622827938521,18.29050969456285,4.169805421292692,52.8848948871502,1412.193873679556,0.4257887667081556,79.79357681981203,42.21866859739012,215.0694877114157,0.8330072175424368,705.8,303.8,384.35,0
parallel_run_1758,Archetype_3,2,0.5067992329946376,0.9395093504880386,0.0,0.0,0,1,0,3,0.3333333333333333,7.646521843235478,7.231058342555429,3.31458691916786,41.69964252763987,671.0160759439195,0.4157057803155249,70.94792328052574,46.67117715729472,250.4862261361136,0.7327865198402268,705.8,303.8,384.35,2
parallel_run_1759,Archetype_3,2,1.0,0.8920660822905488,0.075977661394548,0.2071563274007546,0,1,0,3,0.0,13.36289726948865,19.43255606974088,2.149756002614726,98.31009612961368,830.6769291617317,0.3440972357975186,24.40106928622523,21.65487938516236,225.1829757871136,1.25645844295112,705.8,303.8,384.35,2
parallel_run_1760,Archetype_3,0,0.2723390037511973,0.9723404578824316,0.0,0.0527185283934934,0,1,0,3,0.3333333333333333,8.364797989299861,9.192250646467237,3.860538328046275,34.3813015352484,788.3970389732821,0.4717590306136611,144.6892794848065,41.70303632080136,285.1192728451363,0.9914750935718764,705.8,303.8,384.35,0
parallel_run_1761,Archetype_3,0,0.3246211730434696,0.9810638435982004,0.0,0.0322899161402299,0,1,0,3,0.3333333333333333,14.90080910970151,16.57440810558032,2.987874773593921,45.48329767203269,1579.101973947642,0.0323452792956046,124.7691560752347,13.25130095356169,131.0360691937709,1.160280557751469,705.8,303.8,384.35,0
parallel_run_1762,Archetype_3,2,1.0,0.8571137134372252,0.0,0.0085147256745355,0,1,0,3,0.3333333333333333,6.738724478605125,10.74467739481464,4.059979339446745,91.01635205906643,546.9101382223519,0.1271291449095846,29.64904233951978,50.75070528467045,175.7269183945674,1.085475702971351,705.8,303.8,384.35,2
parallel_run_1763,Archetype_3,2,1.0,0.8878651987974726,0.0,0.2775517540184045,0,1,0,3,0.0,12.29475505195811,16.20117521024517,2.57668959775238,86.126770574267,694.6303209657378,0.3562216088726904,35.8027220756866,64.20784236580666,271.3979072062631,0.7973279454902197,705.8,303.8,384.35,2
parallel_run_1764,Archetype_3,1,0.8009269378383101,0.9292404704251102,0.7656452488935163,0.247759706318293,0,0,0,2,0.0,5.41478544277491,13.9696886981829,3.800167267124271,93.40190108464566,1614.000840022941,0.2479437183689544,197.1143613561278,32.13386871974967,137.2906070612262,1.198479495410149,705.8,303.8,384.35,1
parallel_run_1765,Archetype_3,0,0.0269022288209692,0.99604207079181,0.8580058929737187,0.0746668220136289,0,1,1,4,0.0,7.325244866915437,6.133456484961489,2.849506395765022,36.13139533184066,1846.939556478707,0.1045903725178832,104.708041937107,141.4654323491187,103.7582240168401,0.5719642415394346,705.8,303.8,384.35,0
parallel_run_1766,Archetype_3,0,4.3607075834829015e-05,0.9999964873195712,0.8333333333333334,0.0,0,1,0,3,0.3333333333333333,10.09356256031139,11.29063222601615,4.76846366035301,76.79579046522252,1053.739944648393,0.2204308342752106,41.70644304050847,45.01347485513899,281.050931209811,1.263414311242694,705.8,303.8,384.35,0
parallel_run_1767,Archetype_3,0,0.2143255073014497,0.9865744035071986,0.8333333333333334,0.0337441983584944,0,1,0,3,0.3333333333333333,6.186101812756469,15.06385238110333,2.884344918055505,31.24493007510238,986.5491512115816,0.0557544202849528,84.24127174220122,94.4970799647684,145.9465456157096,1.018398256176594,705.8,303.8,384.35,0
parallel_run_1769,Archetype_3,0,0.0040223250199645,0.9995219527523388,0.8333333333333334,0.0711625285218086,0,1,0,3,0.0,5.875103409596851,7.908293010058282,2.390464514085502,54.80879767084504,951.9658153072828,0.3730351891050821,88.41266743681159,98.35668950325385,201.4163575543587,0.6395764243792184,705.8,303.8,384.35,0
parallel_run_1770,Archetype_3,0,0.0634503552424644,0.9904800437441448,0.791884534543528,0.0433808477619713,0,1,1,4,0.0,9.89273547819015,5.915838497469448,4.894747269895554,35.37340681692577,1159.023486619083,0.501565989511877,72.72853972209614,37.63505720582668,179.0711115343357,0.7616663464940141,705.8,303.8,384.35,0
parallel_run_1771,Archetype_3,0,0.0003991710147103,0.9999774166545248,0.0,0.0,0,1,0,3,0.3333333333333333,14.08524419392078,16.31334378769262,2.308954015500626,40.52170066997526,1429.94499687827,0.4596363285181422,47.00410072502583,15.67060968778293,242.31607024993,1.191021807579522,705.8,303.8,384.35,0
parallel_run_1772,Archetype_3,3,0.2285615627641291,0.960742483657457,0.0537210760728983,0.2306599216943537,0,0,1,4,0.0,12.41392231723704,6.505360896541484,2.371739473104665,32.39759536864331,816.6382880545631,0.5170204646406725,23.22847379435524,49.02752712084806,184.9716219995724,1.138692518506339,705.8,303.8,384.35,0
parallel_run_1773,Archetype_3,0,0.182948509493309,0.9844272142036664,0.8333333333333377,0.3640650688468425,0,1,0,3,0.0,11.20531214550689,17.28918987462175,2.41534597807669,62.25120319523698,1520.929737606235,0.5566745144953847,74.0786242796822,117.154618835779,125.2618930845108,1.040699628833873,705.8,303.8,384.35,0
parallel_run_1774,Archetype_3,0,0.1045536339764593,0.9920597446413956,0.8333333333333439,0.0035020113115513,0,1,0,3,0.3333333333333333,14.76040816329797,11.89711135068584,3.420702396064348,30.231907913922,1810.531238432742,0.1512092640839279,103.1976415956362,60.53852960346411,259.9151824744392,0.8372539290562797,705.8,303.8,384.35,0
parallel_run_1775,Archetype_3,1,0.2944989427598367,0.982055851140576,0.8875131725123863,0.0230136152176905,0,0,0,2,0.0,7.125713809407731,15.76402470243221,2.203821019158463,30.66474775106086,1916.270048437812,0.5283635710427317,61.25580077898183,29.96136795184568,159.1614013752083,1.233712473598319,705.8,303.8,384.35,1
parallel_run_1776,Archetype_3,0,0.2518942400168925,0.9850073299934832,0.9090909090909092,0.1391752356113465,0,1,0,3,0.3333333333333333,8.679848728865139,17.93322578398463,2.012220077079774,83.75880309023228,1452.198189273966,0.1702477055167378,188.3270361277955,136.3991131874458,182.3163284478816,0.9737019697352638,705.8,303.8,384.35,0
parallel_run_1777,Archetype_3,0,0.425182136268657,0.961121013018944,0.8333333333333334,0.0127405634208259,0,1,0,3,0.3333333333333333,10.55930465773863,9.95253445312245,2.521216447715092,45.35968846878346,1103.764527095477,0.4796032918726125,40.24829434892813,79.6642707844849,235.4042582741113,1.120275647130058,705.8,303.8,384.35,0
parallel_run_1778,Archetype_3,1,0.0325122537692232,0.9948447648219384,0.8333333333333289,0.0002479838683852,0,0,0,2,0.0,8.584062378535368,5.204947737148349,3.396878123134748,49.03717145112236,1633.945583329502,0.3831221102711273,55.84174480106363,55.43941616510568,267.3891249190509,1.103848703587101,705.8,303.8,384.35,1
parallel_run_1779,Archetype_3,2,1.0,0.9287247416715478,0.6133115294897584,0.0040039429371227,0,1,0,3,0.3333333333333333,11.48324720641784,13.54496100580118,2.943629403674687,73.69619351630662,959.6890243777384,0.1556452540222857,26.07329355182583,17.9346609870809,270.2527552749784,1.24797609559057,705.8,303.8,384.35,2
parallel_run_1780,Archetype_3,1,0.0606487559895231,0.9937610124799262,0.8683218742297837,0.5387470953917723,0,0,1,3,0.0,8.239417824778362,19.86594006810631,2.185631748368638,84.78697422249212,1014.516711027553,0.5729610607824123,94.5537552962944,103.539963389083,112.696063975848,0.8568714170808833,705.8,303.8,384.35,0
parallel_run_1781,Archetype_3,1,0.0,1.0,0.8333333333333351,0.0489682426399488,0,0,0,2,0.0,10.74739923464404,14.72531853706425,2.344142683785495,39.79251941170135,1382.725160889254,0.1302190494638491,44.96744153575168,45.57905328193963,117.6699208576838,0.5147064197244176,705.8,303.8,384.35,1
parallel_run_1783,Archetype_3,0,0.6189821106253593,0.9520003527710132,0.8333333333333334,0.2930193964307359,0,1,0,3,0.3333333333333333,12.62912539162891,17.1844658696355,2.641849634690004,42.22256724024653,904.387351538265,0.3237095872395198,68.36904203871276,108.7516199458351,169.4200698119767,0.6476733781840518,705.8,303.8,384.35,0
parallel_run_1784,Archetype_3,0,4.4926336403695935e-06,0.9999996670525496,0.0,0.0102489355860622,0,1,0,3,0.3333333333333333,6.522201326382715,12.39939167303931,3.618708160073463,47.13963660315678,739.0878598442532,0.2748268178242084,80.41869864667342,47.40439371988354,195.7889275941752,0.5500432829432993,705.8,303.8,384.35,0
parallel_run_1785,Archetype_3,2,1.0,0.9126117909716156,0.8333333333333334,0.031576583556057,0,1,0,3,0.3333333333333333,9.384437367855847,18.12707624626986,2.907152582017375,82.60031647176109,883.1361687269793,0.196669248894807,66.74094420558276,73.27740104246614,210.9777341720553,1.294178414837762,705.8,303.8,384.35,2
parallel_run_1786,Archetype_3,1,0.3955814570668752,0.9576625371212918,0.8872786023887551,0.5356133581451887,0,0,0,2,0.0,14.37657933613404,18.84410004062273,2.669185145620158,35.03786974557758,1927.503758948734,0.53662187709572,185.9380919407641,28.71237259798763,240.7907661092698,1.211179443278551,705.8,303.8,384.35,1
parallel_run_1787,Archetype_3,0,0.0003065330407184,0.9999824634856128,0.8333333333333206,0.0132797365492215,0,1,0,3,0.3333333333333333,12.88294506062676,16.47370199557806,3.916427027915539,33.29873756204726,1553.403975838957,0.1037951584613293,35.14190572583635,68.48407504836385,165.2840596040335,1.272212627733274,705.8,303.8,384.35,0
parallel_run_1788,Archetype_3,1,0.1813444997379586,0.9847480018481494,0.8333333333333419,0.4363184017008645,0,0,0,2,0.0,13.71417304507693,19.94297232922278,3.190463394584546,39.35568050526847,1306.802190395147,0.4398896859558368,173.4756545582791,57.55417542909995,217.6461551705664,0.6040099969531483,705.8,303.8,384.35,1
parallel_run_1789,Archetype_3,2,0.7732327945426362,0.9034917023434044,0.0,0.245453400284256,0,1,1,5,0.0,10.0542437922061,9.52808842232428,2.7551726834745,63.83059444783521,602.6095239046633,0.5655852937121579,52.9250694322663,12.91258574592992,212.3338287792068,0.8863857524748795,705.8,303.8,384.35,2
parallel_run_1790,Archetype_3,1,0.3192021442240917,0.9810020646459552,0.8673031955111905,0.0922100063288512,0,0,0,2,0.0,8.902950966584617,17.34337950080082,3.071726683251704,72.97629984854609,1254.634228844618,0.0922887709307529,134.989883752535,20.33996544789689,133.8281740992772,0.6978638514594209,705.8,303.8,384.35,1
parallel_run_1791,Archetype_3,0,0.3611404996425485,0.9322808297899116,0.6799996073485007,0.2036157817542347,0,1,0,3,0.3333333333333333,5.219692016072181,5.614852538476582,3.507907836572578,37.36349927885944,613.7680335920102,0.2904762209302906,148.1467328115624,131.7779486933157,207.8141490530652,1.146935950080092,705.8,303.8,384.35,0
parallel_run_1792,Archetype_3,1,0.0001910488019361,0.9999701324944356,0.7366992138533216,1.6759827599228934e-05,0,0,0,2,0.0,11.93340271693271,5.317576274973425,3.28343831907141,71.54504448894762,1838.989919269122,0.4945103601576556,50.50487388868805,23.73720438973167,225.8680659378676,1.111263875962919,705.8,303.8,384.35,1
parallel_run_1793,Archetype_3,2,1.0,0.927735565074478,0.011380723289019,0.0665605983787895,0,1,0,3,0.3333333333333333,7.847009180844555,15.10246331425202,2.220849460660624,49.56921416774286,674.7929181340594,0.181477849380431,32.85601950306146,137.9877963370772,282.6442521246439,1.072413780762075,705.8,303.8,384.35,2
parallel_run_1794,Archetype_3,0,0.2937750127878328,0.9677399970886096,0.6387915755728147,0.0003152404620906,0,1,0,3,0.0,5.307304167754404,8.062741299807017,2.856484395403244,90.46559420208708,591.9263990795743,0.5853009355147591,97.7904136753744,36.39089163854832,254.8378904988671,0.9033851808539108,705.8,303.8,384.35,0
parallel_run_1795,Archetype_3,2,1.0,0.9518252653809056,0.8333333333332938,0.0,0,1,0,1,1.0,8.088620780419058,19.64969158227921,2.445246324409711,38.13315627139157,846.5530044686006,0.2872874174759508,41.0140129305388,66.19506893135303,296.218590405105,0.6626148413292461,705.8,303.8,384.35,1
parallel_run_1796,Archetype_3,1,0.5696804317533609,0.9500703203328934,0.9041032440950822,0.3908424566225654,0,0,0,2,0.0,7.737878589250059,17.65262552890793,2.04343847591413,60.65256661819086,794.1535603498564,0.3905802979433853,158.1284539410613,28.1308721236521,148.7173157451602,1.000044063032848,705.8,303.8,384.35,1
parallel_run_1797,Archetype_3,2,0.6571922879909121,0.9329934540939446,0.7382106576138492,0.4965781371320135,0,1,0,3,0.3333333333333333,13.0646439961812,18.24589508543017,2.716732587027388,46.65131170230379,725.1054169218328,0.5115983993063354,64.21434402267955,101.3397416534369,115.4601576016992,0.561267319729339,705.8,303.8,384.35,2
parallel_run_1798,Archetype_3,0,0.0,1.0,0.8333333333333326,0.0024383364601316,0,1,0,3,0.3333333333333333,14.55899147105204,16.92400224464144,4.505870455669541,48.66008960426488,1880.428773878496,0.1898057560671069,25.33689484018815,53.21861456331589,186.1609652237962,0.6245236166119492,705.8,303.8,384.35,0
parallel_run_1799,Archetype_3,2,0.9041388811987746,0.9322153191523574,0.7966119369430347,0.070932415724338,0,1,0,3,0.3333333333333333,6.902588311173137,13.28544430155988,2.608092824810263,48.10349831449953,712.0868495925945,0.5809073215674864,59.06523453291005,146.7428585041353,298.5472537308848,1.224555548142108,705.8,303.8,384.35,2
parallel_run_1801,Archetype_3,1,1.0,0.9506221583575104,0.7991933613226561,0.0,0,1,0,1,0.0,5.645937846490421,19.08999399027946,4.574685372982158,59.43535530068567,740.044618160573,0.4465748804743228,76.02908933133577,44.09919367093785,262.8462682705834,0.782484278393255,541.4,651.5,423.4500000000001,1
parallel_run_1802,Archetype_3,0,0.1526058234955623,0.989548971799823,0.1174239054321698,0.1173244226079011,0,1,0,3,0.3333333333333333,13.49964268135165,15.33095577911059,4.464674582116157,42.94616278436651,1185.794953774338,0.117649937817252,137.4023502352264,22.49168264409253,128.2191212271367,0.5911665438533666,541.4,651.5,423.4500000000001,0
parallel_run_1803,Archetype_3,0,0.1817868673367627,0.9898264694719764,0.8196644108580206,0.144996337819543,0,1,0,3,0.3333333333333333,6.405292284318544,19.53555145216947,3.764585606427318,64.73890400335439,850.6267050193985,0.2646507902451352,37.50790122422556,110.5320184729022,100.9223548185412,1.28665717130124,541.4,651.5,423.4500000000001,0
parallel_run_1804,Archetype_3,1,0.4851721252826332,0.9639994523976722,0.0,0.1798760765143685,0,0,0,2,0.0,5.078233488755179,15.36811055664406,4.023785290991664,68.86856051780249,1676.075248578451,0.2246787017126815,129.5689761803989,24.65199699594505,232.3224413807133,0.6774859235206085,541.4,651.5,423.4500000000001,1
parallel_run_1805,Archetype_3,2,0.8328320394023994,0.909629670925628,0.9090909090909092,0.0380703201421089,0,1,1,5,0.2,9.795367374301884,8.46566765326878,4.968477490368761,93.10632240494294,1005.748088406246,0.0638931166280094,56.87494984404746,127.412906728483,150.7886454235,1.149819164967017,541.4,651.5,423.4500000000001,2
parallel_run_1806,Archetype_3,0,0.4349182872955955,0.9641204870276896,0.8429923260174822,0.1519638393948882,0,1,1,4,0.25,13.21427123302489,12.99077849367701,2.804621181868556,57.60856169568081,1509.042894252557,0.202994166366049,91.80831738898752,122.5526135883852,139.657431483073,1.128863155150354,541.4,651.5,423.4500000000001,0
parallel_run_1808,Archetype_3,1,0.3566767874030226,0.961419875989027,0.0,0.0499848594571587,0,0,0,2,0.0,6.639503134093878,8.702036358183824,2.460006477284389,50.84918084009174,1224.275709388201,0.14250239653806,114.0559579566393,16.49310952489565,222.5836742807619,1.025953997214746,541.4,651.5,423.4500000000001,1
parallel_run_1810,Archetype_3,1,0.000174676534661,0.999984610462546,0.897435692768951,0.3927762704627823,0,0,0,2,0.0,13.53541818756549,17.50384951367896,4.718111782544003,32.06607470803334,1682.919135964777,0.407888008510583,62.79308556464255,40.8608152984074,108.3468966403483,0.7505038651828599,541.4,651.5,423.4500000000001,1
parallel_run_1811,Archetype_3,1,0.1775505907552322,0.9828177854812188,0.8947213064015934,0.3409922896740083,0,0,0,2,0.0,9.589786864094185,14.52009542132607,2.25760526337914,95.46321746956043,1743.776803747743,0.3420270254820715,154.4883468009115,38.07535167163682,155.3553685224774,0.5347162870897352,541.4,651.5,423.4500000000001,1
parallel_run_1813,Archetype_3,0,0.0065935096078842,0.9995696323362104,0.9090909090909092,0.1159251721093123,0,1,0,3,0.3333333333333333,11.5724650899624,15.71417657225041,2.505463074151018,37.82135289309134,1732.171085268251,0.2966680057335894,87.89904124731528,124.3179479506931,188.0589961374106,0.6121933944560484,541.4,651.5,423.4500000000001,0
parallel_run_1814,Archetype_3,2,0.5586426579272221,0.9670234868807758,0.0,0.0584135041652876,0,1,0,3,0.0,7.401877309695345,16.72060108361629,4.239354502223774,78.9004950381646,763.9731909619118,0.0862171753274194,168.5882939237162,10.48455250370037,274.1962939177321,0.9381802418748396,541.4,651.5,423.4500000000001,0
parallel_run_1815,Archetype_3,1,0.0,1.0,0.7814288728408565,1.9858742596838976e-05,0,0,0,2,0.0,6.226512320545174,10.57007202633626,4.816232216133942,78.55254926123328,1473.572870709382,0.3084672339978864,39.11190515019379,26.58517665913403,167.9697151744124,0.8989728030906465,541.4,651.5,423.4500000000001,1
parallel_run_1816,Archetype_3,0,0.2144594475313423,0.9808218991174728,0.8333333333333334,0.2049512191464837,0,1,0,3,0.0,8.028178927033153,12.69358091967134,3.112625106465832,36.62334427994244,1295.694779439287,0.2513937760739758,117.9684651723182,90.13045861303728,158.0544197808208,0.9195426682975842,541.4,651.5,423.4500000000001,0
parallel_run_1817,Archetype_3,1,0.2359583558882312,0.9705555176981608,0.7847668043554459,0.0232434856958727,0,0,0,2,0.0,5.772023405404161,7.116169331792253,2.064522668331408,56.51085137099933,1786.195480402135,0.0232508350807578,161.0329775531958,25.14851249315225,197.822121004284,0.7197444930411876,541.4,651.5,423.4500000000001,1
parallel_run_1818,Archetype_3,0,0.3033702963518567,0.9826599948674692,0.9090909090909092,0.0544862612103086,0,1,0,3,0.3333333333333333,9.480794663304136,17.03804542014852,4.639878986106728,99.35855694037711,1250.245306083507,0.4168895798584492,43.35096290748591,149.1588574610129,277.1890738836713,1.083347637799514,541.4,651.5,423.4500000000001,0
parallel_run_1819,Archetype_3,2,1.0,0.8999800016559991,0.8333333333333334,0.285181336762232,0,1,0,3,0.3333333333333333,12.59017345046845,19.02253176729523,3.9523185428614,96.0626212890334,921.343979285896,0.3159410008343269,143.9201303011419,83.56764829664709,247.3963377767511,1.184696545793093,541.4,651.5,423.4500000000001,2
parallel_run_1820,Archetype_3,2,0.7267627251520158,0.9454961820090948,0.0,0.3244563081949155,0,1,0,3,0.3333333333333333,13.88681027006693,18.61075821619153,4.347085125891433,43.42201779666991,778.7163195623369,0.5440908291581393,33.79114171279144,30.41474642500482,289.3256653337539,0.7671046222699125,541.4,651.5,423.4500000000001,2
parallel_run_1821,Archetype_3,1,0.200252770764227,0.9406378067287634,0.1007714231537674,0.5620376460701794,0,0,0,2,0.0,10.32199462340584,6.699275404416465,2.08038382636346,44.79361792876074,979.8557987975116,0.595749285135953,177.31500644115,11.06955829270862,290.4698168059626,1.067301995703033,541.4,651.5,423.4500000000001,1
parallel_run_1822,Archetype_3,0,0.1063539023933817,0.9896652520903928,0.8333333333333334,0.2940537432696276,0,1,0,3,0.3333333333333333,10.44667181037197,13.25070225132207,4.259523874160369,88.11039822390016,1086.489408610497,0.3604504262054547,93.26680170863348,86.31118950437782,141.2036987315458,0.8099763525700954,541.4,651.5,423.4500000000001,0
parallel_run_1823,Archetype_3,0,3.873313902274928e-05,0.9999956324096684,0.8333333333333478,0.3119147643042039,0,1,0,3,0.0,7.193260089885094,11.65964368980142,4.36245347424116,67.47086947928852,860.866485459772,0.3929505433301446,47.88817474253383,105.9284432028051,105.7696635231778,0.7077017593878874,541.4,651.5,423.4500000000001,0
parallel_run_1824,Archetype_3,0,0.0003591581971499,0.999979159728944,0.0,0.0,0,1,0,3,0.3333333333333333,10.87938801553206,16.037856129965,2.961086101395173,69.6604654795751,1130.70880630468,0.3289402099742169,45.2910359937304,14.91317533979289,294.1194921299998,1.165324106539424,541.4,651.5,423.4500000000001,0
parallel_run_1825,Archetype_3,0,0.282405607142335,0.9817198753594466,0.9090909090909092,0.2551457739372949,0,1,0,3,0.3333333333333333,11.04944243362644,19.24071518137925,3.605624564480587,53.85239415205597,1355.675352940887,0.2611936824169285,192.5155188876426,93.4514385332439,163.183152602084,0.9537850554699546,541.4,651.5,423.4500000000001,0
parallel_run_1826,Archetype_3,0,0.438675545246826,0.9470652611415428,0.8333333333333334,0.5158659471747202,0,1,0,3,0.0,9.08917883368848,15.93141516714483,2.552097542916801,87.05159164902761,516.4075892774002,0.5259683590341234,164.5121833558311,80.95119800030251,191.2553856341034,1.094491785369062,541.4,651.5,423.4500000000001,0
parallel_run_1827,Archetype_3,0,0.1023639440952159,0.9890918508188938,0.191397799492951,0.1694110348341576,0,1,0,3,0.3333333333333333,6.022122980882333,10.18624643812967,4.118622604217991,44.05635878211464,657.7419002366751,0.4846669501207773,27.38228323221475,120.2686065600439,118.8863494549756,1.050243965660369,541.4,651.5,423.4500000000001,0
parallel_run_1828,Archetype_3,0,0.1663305978377861,0.9916659073519516,0.8333333333333334,0.0123704646314267,0,1,0,3,0.3333333333333333,12.81217303836103,18.79926099501478,3.671884488568053,46.3834911494316,1976.5423669876,0.4556973803877963,98.27765434529884,77.3225987347966,261.8146648055326,0.8637011623017257,541.4,651.5,423.4500000000001,0
parallel_run_1829,Archetype_3,2,1.0,0.9244364079847344,0.0,0.0268794868866209,0,1,0,3,0.3333333333333333,11.30329623906534,14.11358006738063,2.119776423336449,80.39616228749757,927.2926047619708,0.0269989646361896,110.5634989792129,18.96908617913164,123.0786965714163,1.005760777712649,541.4,651.5,423.4500000000001,2
parallel_run_1830,Archetype_3,1,0.0,1.0,0.8760166785457332,0.000454698039101,0,0,0,2,0.0,9.208165790113028,15.46907671514874,4.545251827774964,38.83541580815834,1956.9090829731,0.1622856966902549,21.41825610127897,34.46180060490662,143.3953587386619,1.21370144627473,541.4,651.5,423.4500000000001,1
parallel_run_1832,Archetype_3,0,0.1807388630903765,0.9905370585940536,0.7936864966313119,0.0185901172852019,0,1,0,3,0.3333333333333333,11.79622827938521,18.29050969456285,4.169805421292692,52.8848948871502,1412.193873679556,0.4257887667081556,79.79357681981203,42.21866859739012,215.0694877114157,0.8330072175424368,541.4,651.5,423.4500000000001,0
parallel_run_1833,Archetype_3,2,0.5023257919143612,0.939518081181948,0.0,0.0017768644815297,0,1,0,3,0.3333333333333333,7.646521843235478,7.231058342555429,3.31458691916786,41.69964252763987,671.0160759439195,0.4157057803155249,70.94792328052574,46.67117715729472,250.4862261361136,0.7327865198402268,541.4,651.5,423.4500000000001,2
parallel_run_1834,Archetype_3,2,1.0,0.8921184053020187,4.803220146542381e-13,0.2077535493485518,0,1,0,3,0.0,13.36289726948865,19.43255606974088,2.149756002614726,98.31009612961368,830.6769291617317,0.3440972357975186,24.40106928622523,21.65487938516236,225.1829757871136,1.25645844295112,541.4,651.5,423.4500000000001,2
parallel_run_1835,Archetype_3,0,0.2736603419087519,0.9721558470096692,0.0,0.0442274765043696,0,1,0,3,0.3333333333333333,8.364797989299861,9.192250646467237,3.860538328046275,34.3813015352484,788.3970389732821,0.4717590306136611,144.6892794848065,41.70303632080136,285.1192728451363,0.9914750935718764,541.4,651.5,423.4500000000001,0
parallel_run_1836,Archetype_3,0,0.3294991962302069,0.9807451166205364,0.0,0.032225205778206,0,1,0,3,0.3333333333333333,14.90080910970151,16.57440810558032,2.987874773593921,45.48329767203269,1579.101973947642,0.0323452792956046,124.7691560752347,13.25130095356169,131.0360691937709,1.160280557751469,541.4,651.5,423.4500000000001,0
parallel_run_1837,Archetype_3,2,1.0,0.8566809826261619,0.0,0.0021054151893799,0,1,0,3,0.3333333333333333,6.738724478605125,10.74467739481464,4.059979339446745,91.01635205906643,546.9101382223519,0.1271291449095846,29.64904233951978,50.75070528467045,175.7269183945674,1.085475702971351,541.4,651.5,423.4500000000001,2
parallel_run_1838,Archetype_3,2,1.0,0.8882386325402483,0.0,0.2780895484557405,0,1,0,3,0.0,12.29475505195811,16.20117521024517,2.57668959775238,86.126770574267,694.6303209657378,0.3562216088726904,35.8027220756866,64.20784236580666,271.3979072062631,0.7973279454902197,541.4,651.5,423.4500000000001,2
parallel_run_1839,Archetype_3,1,0.797020914360691,0.930073379539848,0.786254022734222,0.2478999767160534,0,0,0,2,0.0,5.41478544277491,13.9696886981829,3.800167267124271,93.40190108464566,1614.000840022941,0.2479437183689544,197.1143613561278,32.13386871974967,137.2906070612262,1.198479495410149,541.4,651.5,423.4500000000001,1
parallel_run_1840,Archetype_3,0,0.0597486128143024,0.9912976269473868,0.9090909090909092,0.0748950865866807,0,1,0,3,0.0,7.325244866915437,6.133456484961489,2.849506395765022,36.13139533184066,1846.939556478707,0.1045903725178832,104.708041937107,141.4654323491187,103.7582240168401,0.5719642415394346,541.4,651.5,423.4500000000001,0
parallel_run_1841,Archetype_3,0,8.51484715593156e-05,0.999993104080332,0.8333333333332774,0.0,0,1,0,3,0.3333333333333333,10.09356256031139,11.29063222601615,4.76846366035301,76.79579046522252,1053.739944648393,0.2204308342752106,41.70644304050847,45.01347485513899,281.050931209811,1.263414311242694,541.4,651.5,423.4500000000001,0
parallel_run_1842,Archetype_3,0,0.2197456521741309,0.9863306439069623,0.8333333333333629,0.0302448879684364,0,1,0,3,0.3333333333333333,6.186101812756469,15.06385238110333,2.884344918055505,31.24493007510238,986.5491512115816,0.0557544202849528,84.24127174220122,94.4970799647684,145.9465456157096,1.018398256176594,541.4,651.5,423.4500000000001,0
parallel_run_1844,Archetype_3,0,0.0218180454869169,0.997398218214992,0.8333333333333334,0.08515085883861,0,1,0,3,0.0,5.875103409596851,7.908293010058282,2.390464514085502,54.80879767084504,951.9658153072828,0.3730351891050821,88.41266743681159,98.35668950325385,201.4163575543587,0.6395764243792184,541.4,651.5,423.4500000000001,0
parallel_run_1845,Archetype_3,0,0.0628378340843641,0.9908075124635508,0.8023871110633578,0.0261665244932335,0,1,0,3,0.0,9.89273547819015,5.915838497469448,4.894747269895554,35.37340681692577,1159.023486619083,0.501565989511877,72.72853972209614,37.63505720582668,179.0711115343357,0.7616663464940141,541.4,651.5,423.4500000000001,0
parallel_run_1846,Archetype_3,0,0.0014384531387292,0.9999176456881528,0.0,0.0,0,1,0,3,0.3333333333333333,14.08524419392078,16.31334378769262,2.308954015500626,40.52170066997526,1429.94499687827,0.4596363285181422,47.00410072502583,15.67060968778293,242.31607024993,1.191021807579522,541.4,651.5,423.4500000000001,0
parallel_run_1847,Archetype_3,0,0.2290421563725758,0.9606756998780742,0.0,0.225358198931721,0,1,1,5,0.0,12.41392231723704,6.505360896541484,2.371739473104665,32.39759536864331,816.6382880545631,0.5170204646406725,23.22847379435524,49.02752712084806,184.9716219995724,1.138692518506339,541.4,651.5,423.4500000000001,0
parallel_run_1848,Archetype_3,0,0.1389730482632595,0.988238551749974,0.8682425969467761,0.3732134296491742,0,1,0,3,0.0,11.20531214550689,17.28918987462175,2.41534597807669,62.25120319523698,1520.929737606235,0.5566745144953847,74.0786242796822,117.154618835779,125.2618930845108,1.040699628833873,541.4,651.5,423.4500000000001,0
parallel_run_1849,Archetype_3,0,0.1125519033411238,0.9913550948102426,0.8333333333333334,0.0050964794269682,0,1,0,3,0.3333333333333333,14.76040816329797,11.89711135068584,3.420702396064348,30.231907913922,1810.531238432742,0.1512092640839279,103.1976415956362,60.53852960346411,259.9151824744392,0.8372539290562797,541.4,651.5,423.4500000000001,0
parallel_run_1850,Archetype_3,1,0.3684074718003602,0.9777987571609918,0.8941465722835753,0.0213136308910189,0,0,0,2,0.0,7.125713809407731,15.76402470243221,2.203821019158463,30.66474775106086,1916.270048437812,0.5283635710427317,61.25580077898183,29.96136795184568,159.1614013752083,1.233712473598319,541.4,651.5,423.4500000000001,1
parallel_run_1851,Archetype_3,0,0.2714147796589338,0.984046785469565,0.9090909090909092,0.1280186274950442,0,1,0,3,0.3333333333333333,8.679848728865139,17.93322578398463,2.012220077079774,83.75880309023228,1452.198189273966,0.1702477055167378,188.3270361277955,136.3991131874458,182.3163284478816,0.9737019697352638,541.4,651.5,423.4500000000001,0
parallel_run_1852,Archetype_3,0,0.4720124708899983,0.956840723791728,0.8333333333333334,0.0088482495737123,0,1,0,3,0.3333333333333333,10.55930465773863,9.95253445312245,2.521216447715092,45.35968846878346,1103.764527095477,0.4796032918726125,40.24829434892813,79.6642707844849,235.4042582741113,1.120275647130058,541.4,651.5,423.4500000000001,0
parallel_run_1853,Archetype_3,1,0.0706559367217008,0.9888631379883464,0.8333333333333334,0.0,0,0,0,2,0.0,8.584062378535368,5.204947737148349,3.396878123134748,49.03717145112236,1633.945583329502,0.3831221102711273,55.84174480106363,55.43941616510568,267.3891249190509,1.103848703587101,541.4,651.5,423.4500000000001,1
parallel_run_1854,Archetype_3,2,1.0,0.9280276101238834,0.5639315707944195,0.002117591293044,0,1,0,3,0.3333333333333333,11.48324720641784,13.54496100580118,2.943629403674687,73.69619351630662,959.6890243777384,0.1556452540222857,26.07329355182583,17.9346609870809,270.2527552749784,1.24797609559057,541.4,651.5,423.4500000000001,2
parallel_run_1855,Archetype_3,0,0.1610152242887748,0.9840149787407528,0.8970085419802886,0.5234289781839705,0,1,0,3,0.0,8.239417824778362,19.86594006810631,2.185631748368638,84.78697422249212,1014.516711027553,0.5729610607824123,94.5537552962944,103.539963389083,112.696063975848,0.8568714170808833,541.4,651.5,423.4500000000001,0
parallel_run_1856,Archetype_3,1,0.0,1.0,0.8333333333332463,0.048131507820183,0,0,0,2,0.0,10.74739923464404,14.72531853706425,2.344142683785495,39.79251941170135,1382.725160889254,0.1302190494638491,44.96744153575168,45.57905328193963,117.6699208576838,0.5147064197244176,541.4,651.5,423.4500000000001,1
parallel_run_1858,Archetype_3,0,0.6278246939822528,0.952399636851262,0.8333333333333334,0.2819821991722443,0,1,0,3,0.3333333333333333,12.62912539162891,17.1844658696355,2.641849634690004,42.22256724024653,904.387351538265,0.3237095872395198,68.36904203871276,108.7516199458351,169.4200698119767,0.6476733781840518,541.4,651.5,423.4500000000001,0
parallel_run_1859,Archetype_3,0,0.0,1.0,0.0,0.0154109378911657,0,1,0,3,0.3333333333333333,6.522201326382715,12.39939167303931,3.618708160073463,47.13963660315678,739.0878598442532,0.2748268178242084,80.41869864667342,47.40439371988354,195.7889275941752,0.5500432829432993,541.4,651.5,423.4500000000001,0
parallel_run_1860,Archetype_3,2,1.0,0.9126394760443042,0.8333333333333559,0.0317339176474517,0,1,0,3,0.3333333333333333,9.384437367855847,18.12707624626986,2.907152582017375,82.60031647176109,883.1361687269793,0.196669248894807,66.74094420558276,73.27740104246614,210.9777341720553,1.294178414837762,541.4,651.5,423.4500000000001,2
parallel_run_1861,Archetype_3,1,0.3989239902561647,0.9569727371177716,0.8441541883211101,0.5355178041988929,0,0,0,2,0.0,14.37657933613404,18.84410004062273,2.669185145620158,35.03786974557758,1927.503758948734,0.53662187709572,185.9380919407641,28.71237259798763,240.7907661092698,1.211179443278551,541.4,651.5,423.4500000000001,1
parallel_run_1862,Archetype_3,0,5.0450853339152615e-05,0.9999971107790228,0.8333333333333334,0.0138562602755663,0,1,0,3,0.3333333333333333,12.88294506062676,16.47370199557806,3.916427027915539,33.29873756204726,1553.403975838957,0.1037951584613293,35.14190572583635,68.48407504836385,165.2840596040335,1.272212627733274,541.4,651.5,423.4500000000001,0
parallel_run_1863,Archetype_3,1,0.1939363368960896,0.9838950604861124,0.8578304109990524,0.4347568016427769,0,0,0,2,0.0,13.71417304507693,19.94297232922278,3.190463394584546,39.35568050526847,1306.802190395147,0.4398896859558368,173.4756545582791,57.55417542909995,217.6461551705664,0.6040099969531483,541.4,651.5,423.4500000000001,1
parallel_run_1864,Archetype_3,2,0.7742602827273362,0.9032350108932048,0.0,0.2429139910403644,0,1,1,4,0.0,10.0542437922061,9.52808842232428,2.7551726834745,63.83059444783521,602.6095239046633,0.5655852937121579,52.9250694322663,12.91258574592992,212.3338287792068,0.8863857524748795,541.4,651.5,423.4500000000001,2
parallel_run_1865,Archetype_3,1,0.3308937381088677,0.9803664042807378,0.8886708126705687,0.0921349696329705,0,0,0,2,0.0,8.902950966584617,17.34337950080082,3.071726683251704,72.97629984854609,1254.634228844618,0.0922887709307529,134.989883752535,20.33996544789689,133.8281740992772,0.6978638514594209,541.4,651.5,423.4500000000001,1
parallel_run_1866,Archetype_3,0,0.3644924182794622,0.9319646301032052,0.7139303247708563,0.2075068870641302,0,1,0,3,0.3333333333333333,5.219692016072181,5.614852538476582,3.507907836572578,37.36349927885944,613.7680335920102,0.2904762209302906,148.1467328115624,131.7779486933157,207.8141490530652,1.146935950080092,541.4,651.5,423.4500000000001,0
parallel_run_1867,Archetype_3,1,0.0003458666050564,0.9999456661811024,0.7366992138533216,2.2027477387038667e-05,0,0,0,2,0.0,11.93340271693271,5.317576274973425,3.28343831907141,71.54504448894762,1838.989919269122,0.4945103601576556,50.50487388868805,23.73720438973167,225.8680659378676,1.111263875962919,541.4,651.5,423.4500000000001,1
parallel_run_1868,Archetype_3,2,1.0,0.928751283601284,4.108271007285188e-15,0.0523579567740068,0,1,0,3,0.3333333333333333,7.847009180844555,15.10246331425202,2.220849460660624,49.56921416774286,674.7929181340594,0.181477849380431,32.85601950306146,137.9877963370772,282.6442521246439,1.072413780762075,541.4,651.5,423.4500000000001,2
parallel_run_1869,Archetype_3,0,0.3191538337514623,0.9649790365553762,0.6429218237950061,0.0041912434181593,0,1,0,3,0.0,5.307304167754404,8.062741299807017,2.856484395403244,90.46559420208708,591.9263990795743,0.5853009355147591,97.7904136753744,36.39089163854832,254.8378904988671,0.9033851808539108,541.4,651.5,423.4500000000001,0
parallel_run_1870,Archetype_3,2,1.0,0.9519198752297134,0.8333333333333334,0.0,0,1,0,1,1.0,8.088620780419058,19.64969158227921,2.445246324409711,38.13315627139157,846.5530044686006,0.2872874174759508,41.0140129305388,66.19506893135303,296.218590405105,0.6626148413292461,541.4,651.5,423.4500000000001,1
parallel_run_1871,Archetype_3,1,0.5711159159988111,0.9503884881283218,0.8977554639469522,0.3898520879425958,0,0,0,2,0.0,7.737878589250059,17.65262552890793,2.04343847591413,60.65256661819086,794.1535603498564,0.3905802979433853,158.1284539410613,28.1308721236521,148.7173157451602,1.000044063032848,541.4,651.5,423.4500000000001,1
parallel_run_1872,Archetype_3,2,0.6588769448222435,0.931947206161635,0.7384591732956768,0.4993584084645967,0,1,0,3,0.3333333333333333,13.0646439961812,18.24589508543017,2.716732587027388,46.65131170230379,725.1054169218328,0.5115983993063354,64.21434402267955,101.3397416534369,115.4601576016992,0.561267319729339,541.4,651.5,423.4500000000001,2
parallel_run_1873,Archetype_3,0,0.0,1.0,0.8333333333333334,0.0056981678247088,0,1,0,3,0.3333333333333333,14.55899147105204,16.92400224464144,4.505870455669541,48.66008960426488,1880.428773878496,0.1898057560671069,25.33689484018815,53.21861456331589,186.1609652237962,0.6245236166119492,541.4,651.5,423.4500000000001,0
parallel_run_1874,Archetype_3,2,0.9094001878873934,0.9313688866159688,0.7516978342450793,0.0846650717000064,0,1,0,3,0.3333333333333333,6.902588311173137,13.28544430155988,2.608092824810263,48.10349831449953,712.0868495925945,0.5809073215674864,59.06523453291005,146.7428585041353,298.5472537308848,1.224555548142108,541.4,651.5,423.4500000000001,2
parallel_run_1876,Archetype_3,1,1.0,0.950520534567052,0.8333333333333334,0.0,0,1,0,1,0.0,5.645937846490421,19.08999399027946,4.574685372982158,59.43535530068567,740.044618160573,0.4465748804743228,76.02908933133577,44.09919367093785,262.8462682705834,0.782484278393255,1050.2,393.2,561.2,1
parallel_run_1877,Archetype_3,0,0.1858047752976007,0.9870575089823768,0.5521207935319717,0.1176085114514036,0,1,0,3,0.3333333333333333,13.49964268135165,15.33095577911059,4.464674582116157,42.94616278436651,1185.794953774338,0.117649937817252,137.4023502352264,22.49168264409253,128.2191212271367,0.5911665438533666,1050.2,393.2,561.2,0
parallel_run_1878,Archetype_3,1,0.4795503923409116,0.97024409466661,0.8333333333333334,0.2190330802507629,0,0,0,2,0.0,6.405292284318544,19.53555145216947,3.764585606427318,64.73890400335439,850.6267050193985,0.2646507902451352,37.50790122422556,110.5320184729022,100.9223548185412,1.28665717130124,1050.2,393.2,561.2,1
parallel_run_1879,Archetype_3,1,0.596754438976305,0.9559210327700386,3.5724144422594387e-14,0.1784444078567011,0,0,0,2,0.0,5.078233488755179,15.36811055664406,4.023785290991664,68.86856051780249,1676.075248578451,0.2246787017126815,129.5689761803989,24.65199699594505,232.3224413807133,0.6774859235206085,1050.2,393.2,561.2,1
parallel_run_1880,Archetype_3,2,0.8460356305490937,0.9091893470886206,0.8484472236499857,0.0336836352908541,0,1,1,5,0.2,9.795367374301884,8.46566765326878,4.968477490368761,93.10632240494294,1005.748088406246,0.0638931166280094,56.87494984404746,127.412906728483,150.7886454235,1.149819164967017,1050.2,393.2,561.2,2
parallel_run_1881,Archetype_3,0,0.2856077742840878,0.976692816742386,0.9090909090909092,0.1373173460378896,0,1,0,3,0.3333333333333333,13.21427123302489,12.99077849367701,2.804621181868556,57.60856169568081,1509.042894252557,0.202994166366049,91.80831738898752,122.5526135883852,139.657431483073,1.128863155150354,1050.2,393.2,561.2,0
parallel_run_1883,Archetype_3,1,0.3987988520789223,0.9565713699346968,0.0,0.0507721116525099,0,0,0,2,0.0,6.639503134093878,8.702036358183824,2.460006477284389,50.84918084009174,1224.275709388201,0.14250239653806,114.0559579566393,16.49310952489565,222.5836742807619,1.025953997214746,1050.2,393.2,561.2,1
parallel_run_1885,Archetype_3,1,0.1726326597719399,0.9845838566743566,0.9009502775847618,0.4003816074954687,0,0,0,2,0.0,13.53541818756549,17.50384951367896,4.718111782544003,32.06607470803334,1682.919135964777,0.407888008510583,62.79308556464255,40.8608152984074,108.3468966403483,0.7505038651828599,1050.2,393.2,561.2,1
parallel_run_1886,Archetype_3,1,0.2187982178113489,0.978702820394452,0.8954702649407553,0.3411081183318737,0,0,0,2,0.0,9.589786864094185,14.52009542132607,2.25760526337914,95.46321746956043,1743.776803747743,0.3420270254820715,154.4883468009115,38.07535167163682,155.3553685224774,0.5347162870897352,1050.2,393.2,561.2,1
parallel_run_1888,Archetype_3,0,0.1021826629129277,0.993349255777375,0.8333333333333334,0.10576952425863,0,1,0,3,0.3333333333333333,11.5724650899624,15.71417657225041,2.505463074151018,37.82135289309134,1732.171085268251,0.2966680057335894,87.89904124731528,124.3179479506931,188.0589961374106,0.6121933944560484,1050.2,393.2,561.2,0
parallel_run_1889,Archetype_3,2,0.8334113766931799,0.9502553875960515,0.0,0.0637949517935811,0,1,0,3,0.0,7.401877309695345,16.72060108361629,4.239354502223774,78.9004950381646,763.9731909619118,0.0862171753274194,168.5882939237162,10.48455250370037,274.1962939177321,0.9381802418748396,1050.2,393.2,561.2,0
parallel_run_1890,Archetype_3,1,0.0,1.0,0.6881336261784538,5.100828289999226e-06,0,0,0,2,0.0,6.226512320545174,10.57007202633626,4.816232216133942,78.55254926123328,1473.572870709382,0.3084672339978864,39.11190515019379,26.58517665913403,167.9697151744124,0.8989728030906465,1050.2,393.2,561.2,1
parallel_run_1891,Archetype_3,1,0.4705971719179075,0.9560416225470127,0.8333333333333334,0.2303368006757849,0,0,0,2,0.0,8.028178927033153,12.69358091967134,3.112625106465832,36.62334427994244,1295.694779439287,0.2513937760739758,117.9684651723182,90.13045861303728,158.0544197808208,0.9195426682975842,1050.2,393.2,561.2,1
parallel_run_1892,Archetype_3,1,0.2756669318906576,0.9654322260151958,0.8262709065375472,0.0232072208170878,0,0,0,2,0.0,5.772023405404161,7.116169331792253,2.064522668331408,56.51085137099933,1786.195480402135,0.0232508350807578,161.0329775531958,25.14851249315225,197.822121004284,0.7197444930411876,1050.2,393.2,561.2,1
parallel_run_1893,Archetype_3,0,0.2241282444501386,0.9870959342689124,0.9090909090909124,0.0587626397554744,0,1,0,3,0.3333333333333333,9.480794663304136,17.03804542014852,4.639878986106728,99.35855694037711,1250.245306083507,0.4168895798584492,43.35096290748591,149.1588574610129,277.1890738836713,1.083347637799514,1050.2,393.2,561.2,0
parallel_run_1894,Archetype_3,2,1.0,0.900174988168558,0.8333333333333334,0.274116291135983,0,1,0,3,0.3333333333333333,12.59017345046845,19.02253176729523,3.9523185428614,96.0626212890334,921.343979285896,0.3159410008343269,143.9201303011419,83.56764829664709,247.3963377767511,1.184696545793093,1050.2,393.2,561.2,2
parallel_run_1895,Archetype_3,2,0.7233055671393823,0.945494070660405,0.0,0.3252223495852629,0,1,0,3,0.3333333333333333,13.88681027006693,18.61075821619153,4.347085125891433,43.42201779666991,778.7163195623369,0.5440908291581393,33.79114171279144,30.41474642500482,289.3256653337539,0.7671046222699125,1050.2,393.2,561.2,2
parallel_run_1896,Archetype_3,1,0.2267037870926871,0.9341466975209812,0.1021809382553574,0.5605476473936652,0,0,0,2,0.0,10.32199462340584,6.699275404416465,2.08038382636346,44.79361792876074,979.8557987975116,0.595749285135953,177.31500644115,11.06955829270862,290.4698168059626,1.067301995703033,1050.2,393.2,561.2,1
parallel_run_1897,Archetype_3,0,0.1516921894533114,0.9850384540617269,0.8333333333333334,0.3054272533540009,0,1,0,3,0.3333333333333333,10.44667181037197,13.25070225132207,4.259523874160369,88.11039822390016,1086.489408610497,0.3604504262054547,93.26680170863348,86.31118950437782,141.2036987315458,0.8099763525700954,1050.2,393.2,561.2,0
parallel_run_1898,Archetype_3,1,0.0013086766077682,0.9998466414090612,0.8333333333333334,0.3307947948810668,0,0,0,2,0.0,7.193260089885094,11.65964368980142,4.36245347424116,67.47086947928852,860.866485459772,0.3929505433301446,47.88817474253383,105.9284432028051,105.7696635231778,0.7077017593878874,1050.2,393.2,561.2,1
parallel_run_1899,Archetype_3,3,0.2464608221882399,0.985688088796823,0.749094378584844,0.0,1,0,1,3,0.6666666666666666,10.87938801553206,16.037856129965,2.961086101395173,69.6604654795751,1130.70880630468,0.3289402099742169,45.2910359937304,14.91317533979289,294.1194921299998,1.165324106539424,1050.2,393.2,561.2,3
parallel_run_1900,Archetype_3,0,0.3316371546987289,0.9785368416972756,0.9090909090909092,0.2543844788591248,0,1,0,3,0.3333333333333333,11.04944243362644,19.24071518137925,3.605624564480587,53.85239415205597,1355.675352940887,0.2611936824169285,192.5155188876426,93.4514385332439,163.183152602084,0.9537850554699546,1050.2,393.2,561.2,0
parallel_run_1901,Archetype_3,0,0.3982716372060373,0.9512248841986908,0.8333333333333334,0.5197312148717799,0,1,0,3,0.0,9.08917883368848,15.93141516714483,2.552097542916801,87.05159164902761,516.4075892774002,0.5259683590341234,164.5121833558311,80.95119800030251,191.2553856341034,1.094491785369062,1050.2,393.2,561.2,0
parallel_run_1902,Archetype_3,1,0.1799865050408015,0.9761139475568448,0.8333333333333334,0.3352925099932712,0,0,0,2,0.0,6.022122980882333,10.18624643812967,4.118622604217991,44.05635878211464,657.7419002366751,0.4846669501207773,27.38228323221475,120.2686065600439,118.8863494549756,1.050243965660369,1050.2,393.2,561.2,1
parallel_run_1903,Archetype_3,0,0.2147699759939154,0.988803694955536,0.8333333333333334,0.0468013414203431,0,1,0,3,0.3333333333333333,12.81217303836103,18.79926099501478,3.671884488568053,46.3834911494316,1976.5423669876,0.4556973803877963,98.27765434529884,77.3225987347966,261.8146648055326,0.8637011623017257,1050.2,393.2,561.2,0
parallel_run_1904,Archetype_3,2,1.0,0.9230467422213452,0.0,0.0268095726867455,0,1,0,3,0.3333333333333333,11.30329623906534,14.11358006738063,2.119776423336449,80.39616228749757,927.2926047619708,0.0269989646361896,110.5634989792129,18.96908617913164,123.0786965714163,1.005760777712649,1050.2,393.2,561.2,2
parallel_run_1905,Archetype_3,1,0.0,1.0,0.8532034482552594,0.0019847973153334,0,0,0,2,0.0,9.208165790113028,15.46907671514874,4.545251827774964,38.83541580815834,1956.9090829731,0.1622856966902549,21.41825610127897,34.46180060490662,143.3953587386619,1.21370144627473,1050.2,393.2,561.2,1
parallel_run_1907,Archetype_3,0,0.286045110492173,0.9849796950719591,0.8099284458842511,0.0199938334827724,0,1,0,3,0.3333333333333333,11.79622827938521,18.29050969456285,4.169805421292692,52.8848948871502,1412.193873679556,0.4257887667081556,79.79357681981203,42.21866859739012,215.0694877114157,0.8330072175424368,1050.2,393.2,561.2,0
parallel_run_1908,Archetype_3,2,0.498921704679046,0.939849854003134,0.0,0.0027187366437682,0,1,0,3,0.3333333333333333,7.646521843235478,7.231058342555429,3.31458691916786,41.69964252763987,671.0160759439195,0.4157057803155249,70.94792328052574,46.67117715729472,250.4862261361136,0.7327865198402268,1050.2,393.2,561.2,2
parallel_run_1909,Archetype_3,2,1.0,0.8923439204532553,0.3257638351735718,0.2039017123312639,0,1,0,3,0.0,13.36289726948865,19.43255606974088,2.149756002614726,98.31009612961368,830.6769291617317,0.3440972357975186,24.40106928622523,21.65487938516236,225.1829757871136,1.25645844295112,1050.2,393.2,561.2,2
parallel_run_1910,Archetype_3,0,0.3049629579343165,0.9687967760313472,0.0,0.0450595569713692,0,1,0,3,0.3333333333333333,8.364797989299861,9.192250646467237,3.860538328046275,34.3813015352484,788.3970389732821,0.4717590306136611,144.6892794848065,41.70303632080136,285.1192728451363,0.9914750935718764,1050.2,393.2,561.2,0
parallel_run_1911,Archetype_3,0,0.3708218990792749,0.9783418252281982,0.0,0.0323698630832679,0,1,0,3,0.3333333333333333,14.90080910970151,16.57440810558032,2.987874773593921,45.48329767203269,1579.101973947642,0.0323452792956046,124.7691560752347,13.25130095356169,131.0360691937709,1.160280557751469,1050.2,393.2,561.2,0
parallel_run_1912,Archetype_3,2,1.0,0.8652145649422793,0.0,0.0103654418421994,0,1,0,3,0.3333333333333333,6.738724478605125,10.74467739481464,4.059979339446745,91.01635205906643,546.9101382223519,0.1271291449095846,29.64904233951978,50.75070528467045,175.7269183945674,1.085475702971351,1050.2,393.2,561.2,2
parallel_run_1913,Archetype_3,2,1.0,0.887934133653261,0.0,0.2810597730731144,0,1,0,3,0.0,12.29475505195811,16.20117521024517,2.57668959775238,86.126770574267,694.6303209657378,0.3562216088726904,35.8027220756866,64.20784236580666,271.3979072062631,0.7973279454902197,1050.2,393.2,561.2,2
parallel_run_1914,Archetype_3,1,1.0,0.9113768108636536,0.528752962766254,0.2472076824160565,0,0,0,0,0.0,5.41478544277491,13.9696886981829,3.800167267124271,93.40190108464566,1614.000840022941,0.2479437183689544,197.1143613561278,32.13386871974967,137.2906070612262,1.198479495410149,1050.2,393.2,561.2,1
parallel_run_1915,Archetype_3,0,0.0004221615538573,0.9999384402602176,0.8333333333333334,0.0721800274062742,0,0,1,4,0.0,7.325244866915437,6.133456484961489,2.849506395765022,36.13139533184066,1846.939556478707,0.1045903725178832,104.708041937107,141.4654323491187,103.7582240168401,0.5719642415394346,1050.2,393.2,561.2,0
parallel_run_1916,Archetype_3,0,0.2124600652127801,0.9828132817537748,0.8333333333333334,0.0,0,1,0,3,0.3333333333333333,10.09356256031139,11.29063222601615,4.76846366035301,76.79579046522252,1053.739944648393,0.2204308342752106,41.70644304050847,45.01347485513899,281.050931209811,1.263414311242694,1050.2,393.2,561.2,0
parallel_run_1917,Archetype_3,0,0.4140503870114679,0.9735681346735132,0.8333333333333334,0.0393501124339756,0,1,0,3,0.0,6.186101812756469,15.06385238110333,2.884344918055505,31.24493007510238,986.5491512115816,0.0557544202849528,84.24127174220122,94.4970799647684,145.9465456157096,1.018398256176594,1050.2,393.2,561.2,0
parallel_run_1919,Archetype_3,1,0.1613829397738758,0.9805496230190084,0.8333333333333334,0.0852984148913433,0,0,1,3,0.0,5.875103409596851,7.908293010058282,2.390464514085502,54.80879767084504,951.9658153072828,0.3730351891050821,88.41266743681159,98.35668950325385,201.4163575543587,0.6395764243792184,1050.2,393.2,561.2,0
parallel_run_1920,Archetype_3,0,0.1186485300219189,0.9818311833520216,0.7521873038922905,0.0660357095400953,0,0,1,4,0.0,9.89273547819015,5.915838497469448,4.894747269895554,35.37340681692577,1159.023486619083,0.501565989511877,72.72853972209614,37.63505720582668,179.0711115343357,0.7616663464940141,1050.2,393.2,561.2,0
parallel_run_1921,Archetype_3,0,0.1630655937916817,0.9906376794203012,0.591795397305107,0.0,0,0,1,3,0.6666666666666666,14.08524419392078,16.31334378769262,2.308954015500626,40.52170066997526,1429.94499687827,0.4596363285181422,47.00410072502583,15.67060968778293,242.31607024993,1.191021807579522,1050.2,393.2,561.2,0
parallel_run_1922,Archetype_3,3,0.228465041242606,0.9608741609080984,0.1311122758458996,0.2226487638610113,0,0,1,4,0.0,12.41392231723704,6.505360896541484,2.371739473104665,32.39759536864331,816.6382880545631,0.5170204646406725,23.22847379435524,49.02752712084806,184.9716219995724,1.138692518506339,1050.2,393.2,561.2,0
parallel_run_1923,Archetype_3,1,0.153682134147522,0.9867495108197047,0.8333333333333334,0.3716274852012757,0,0,1,3,0.0,11.20531214550689,17.28918987462175,2.41534597807669,62.25120319523698,1520.929737606235,0.5566745144953847,74.0786242796822,117.154618835779,125.2618930845108,1.040699628833873,1050.2,393.2,561.2,0
parallel_run_1924,Archetype_3,0,0.1539855915568269,0.9880826076935229,0.8333333333333334,0.0119194952227752,0,1,0,3,0.3333333333333333,14.76040816329797,11.89711135068584,3.420702396064348,30.231907913922,1810.531238432742,0.1512092640839279,103.1976415956362,60.53852960346411,259.9151824744392,0.8372539290562797,1050.2,393.2,561.2,0
parallel_run_1925,Archetype_3,1,0.648611606780529,0.9610695645332252,0.8773376753197584,0.0147858703222303,0,0,0,2,0.0,7.125713809407731,15.76402470243221,2.203821019158463,30.66474775106086,1916.270048437812,0.5283635710427317,61.25580077898183,29.96136795184568,159.1614013752083,1.233712473598319,1050.2,393.2,561.2,1
parallel_run_1926,Archetype_3,0,0.3022048881179968,0.9819763056410642,0.9090909090909092,0.1394394363129004,0,1,0,3,0.3333333333333333,8.679848728865139,17.93322578398463,2.012220077079774,83.75880309023228,1452.198189273966,0.1702477055167378,188.3270361277955,136.3991131874458,182.3163284478816,0.9737019697352638,1050.2,393.2,561.2,0
parallel_run_1927,Archetype_3,0,0.4639761761316656,0.9577568028961704,0.8333333333333334,0.0054311856936747,0,1,0,3,0.3333333333333333,10.55930465773863,9.95253445312245,2.521216447715092,45.35968846878346,1103.764527095477,0.4796032918726125,40.24829434892813,79.6642707844849,235.4042582741113,1.120275647130058,1050.2,393.2,561.2,0
parallel_run_1928,Archetype_3,1,0.1109708598353694,0.9825375168037616,0.8333333333333334,0.0,0,0,0,2,0.0,8.584062378535368,5.204947737148349,3.396878123134748,49.03717145112236,1633.945583329502,0.3831221102711273,55.84174480106363,55.43941616510568,267.3891249190509,1.103848703587101,1050.2,393.2,561.2,1
parallel_run_1929,Archetype_3,2,1.0,0.9274021532922228,0.6915347384066282,0.0030731875595749,0,1,0,3,0.3333333333333333,11.48324720641784,13.54496100580118,2.943629403674687,73.69619351630662,959.6890243777384,0.1556452540222857,26.07329355182583,17.9346609870809,270.2527552749784,1.24797609559057,1050.2,393.2,561.2,2
parallel_run_1930,Archetype_3,1,0.1433801502607537,0.9856283791131568,0.8333333333333338,0.5279284628203529,0,0,1,3,0.0,8.239417824778362,19.86594006810631,2.185631748368638,84.78697422249212,1014.516711027553,0.5729610607824123,94.5537552962944,103.539963389083,112.696063975848,0.8568714170808833,1050.2,393.2,561.2,0
parallel_run_1931,Archetype_3,1,0.0,1.0,0.8333333333333334,0.0531053803886377,0,0,0,2,0.0,10.74739923464404,14.72531853706425,2.344142683785495,39.79251941170135,1382.725160889254,0.1302190494638491,44.96744153575168,45.57905328193963,117.6699208576838,0.5147064197244176,1050.2,393.2,561.2,1
parallel_run_1933,Archetype_3,0,0.6228978036393256,0.9522831481058648,0.8333333333333334,0.2811361815541517,0,1,0,3,0.3333333333333333,12.62912539162891,17.1844658696355,2.641849634690004,42.22256724024653,904.387351538265,0.3237095872395198,68.36904203871276,108.7516199458351,169.4200698119767,0.6476733781840518,1050.2,393.2,561.2,0
parallel_run_1934,Archetype_3,0,0.2180753232664438,0.9831391437615647,0.8333333333333334,0.0378060373636575,0,1,0,3,0.0,6.522201326382715,12.39939167303931,3.618708160073463,47.13963660315678,739.0878598442532,0.2748268178242084,80.41869864667342,47.40439371988354,195.7889275941752,0.5500432829432993,1050.2,393.2,561.2,0
parallel_run_1935,Archetype_3,2,1.0,0.9129142581755256,0.8333333333333334,0.0322678200761311,0,1,0,3,0.3333333333333333,9.384437367855847,18.12707624626986,2.907152582017375,82.60031647176109,883.1361687269793,0.196669248894807,66.74094420558276,73.27740104246614,210.9777341720553,1.294178414837762,1050.2,393.2,561.2,2
parallel_run_1936,Archetype_3,1,0.4486217948946194,0.9515220368206164,0.883758271917806,0.5364468382224259,0,0,0,2,0.0,14.37657933613404,18.84410004062273,2.669185145620158,35.03786974557758,1927.503758948734,0.53662187709572,185.9380919407641,28.71237259798763,240.7907661092698,1.211179443278551,1050.2,393.2,561.2,1
parallel_run_1937,Archetype_3,0,0.2136317100039975,0.9876720989269998,0.8333333333333334,0.021256328437359,0,1,0,3,0.3333333333333333,12.88294506062676,16.47370199557806,3.916427027915539,33.29873756204726,1553.403975838957,0.1037951584613293,35.14190572583635,68.48407504836385,165.2840596040335,1.272212627733274,1050.2,393.2,561.2,0
parallel_run_1938,Archetype_3,1,0.2199573230481073,0.9814797956149112,0.8333333333333334,0.4367042264130666,0,0,0,2,0.0,13.71417304507693,19.94297232922278,3.190463394584546,39.35568050526847,1306.802190395147,0.4398896859558368,173.4756545582791,57.55417542909995,217.6461551705664,0.6040099969531483,1050.2,393.2,561.2,1
parallel_run_1939,Archetype_3,2,0.7671987479213681,0.9035653163288402,0.0496851963589232,0.2454002732470685,0,1,1,5,0.0,10.0542437922061,9.52808842232428,2.7551726834745,63.83059444783521,602.6095239046633,0.5655852937121579,52.9250694322663,12.91258574592992,212.3338287792068,0.8863857524748795,1050.2,393.2,561.2,2
parallel_run_1940,Archetype_3,1,0.3911687470138425,0.9766377085987528,0.8780997659670238,0.0923765108473063,0,0,0,2,0.0,8.902950966584617,17.34337950080082,3.071726683251704,72.97629984854609,1254.634228844618,0.0922887709307529,134.989883752535,20.33996544789689,133.8281740992772,0.6978638514594209,1050.2,393.2,561.2,1
parallel_run_1941,Archetype_3,3,0.3626403060059089,0.933778084358314,0.8333333333333334,0.1992900473253031,1,0,1,3,0.6666666666666666,5.219692016072181,5.614852538476582,3.507907836572578,37.36349927885944,613.7680335920102,0.2904762209302906,148.1467328115624,131.7779486933157,207.8141490530652,1.146935950080092,1050.2,393.2,561.2,3
parallel_run_1942,Archetype_3,1,0.1203131699549323,0.9810608838408988,0.7366992138533216,1.7036201442463338e-05,0,0,0,2,0.0,11.93340271693271,5.317576274973425,3.28343831907141,71.54504448894762,1838.989919269122,0.4945103601576556,50.50487388868805,23.73720438973167,225.8680659378676,1.111263875962919,1050.2,393.2,561.2,1
parallel_run_1943,Archetype_3,2,1.0,0.9289366636311108,3.0098622469721806e-14,0.0439750945279732,0,1,0,3,0.3333333333333333,7.847009180844555,15.10246331425202,2.220849460660624,49.56921416774286,674.7929181340594,0.181477849380431,32.85601950306146,137.9877963370772,282.6442521246439,1.072413780762075,1050.2,393.2,561.2,2
parallel_run_1944,Archetype_3,1,0.3786130290437492,0.9580378375608396,0.6941619420926417,0.0069489526538759,0,0,1,3,0.0,5.307304167754404,8.062741299807017,2.856484395403244,90.46559420208708,591.9263990795743,0.5853009355147591,97.7904136753744,36.39089163854832,254.8378904988671,0.9033851808539108,1050.2,393.2,561.2,0
parallel_run_1945,Archetype_3,2,1.0,0.9519875219515256,0.8333333333333334,0.0,0,1,0,1,1.0,8.088620780419058,19.64969158227921,2.445246324409711,38.13315627139157,846.5530044686006,0.2872874174759508,41.0140129305388,66.19506893135303,296.218590405105,0.6626148413292461,1050.2,393.2,561.2,1
parallel_run_1946,Archetype_3,1,0.6494098147814403,0.9433706334712858,0.8831760958665613,0.3892744490525064,0,0,0,2,0.0,7.737878589250059,17.65262552890793,2.04343847591413,60.65256661819086,794.1535603498564,0.3905802979433853,158.1284539410613,28.1308721236521,148.7173157451602,1.000044063032848,1050.2,393.2,561.2,1
parallel_run_1947,Archetype_3,2,0.6657374198599519,0.9320897362999592,0.7444437348024372,0.495652518039325,0,1,0,3,0.3333333333333333,13.0646439961812,18.24589508543017,2.716732587027388,46.65131170230379,725.1054169218328,0.5115983993063354,64.21434402267955,101.3397416534369,115.4601576016992,0.561267319729339,1050.2,393.2,561.2,2
parallel_run_1948,Archetype_3,0,0.0,1.0,0.8333333333333334,0.0049662790274767,0,1,0,3,0.3333333333333333,14.55899147105204,16.92400224464144,4.505870455669541,48.66008960426488,1880.428773878496,0.1898057560671069,25.33689484018815,53.21861456331589,186.1609652237962,0.6245236166119492,1050.2,393.2,561.2,0
parallel_run_1949,Archetype_3,2,0.9146190029553084,0.9307830381406992,0.7627930000712331,0.0804634235655263,0,1,0,3,0.3333333333333333,6.902588311173137,13.28544430155988,2.608092824810263,48.10349831449953,712.0868495925945,0.5809073215674864,59.06523453291005,146.7428585041353,298.5472537308848,1.224555548142108,1050.2,393.2,561.2,2
parallel_run_1951,Archetype_3,1,1.0,0.9502434212199704,0.8310950925612978,9.529270218915414e-17,0,1,0,1,0.0,5.645937846490421,19.08999399027946,4.574685372982158,59.43535530068567,740.044618160573,0.4465748804743228,76.02908933133577,44.09919367093785,262.8462682705834,0.782484278393255,1102.8,938.7,724.0999999999999,1
parallel_run_1952,Archetype_3,0,0.583331210335857,0.959875975948438,0.4724288096065999,0.1174068430975398,0,1,0,3,0.3333333333333333,13.49964268135165,15.33095577911059,4.464674582116157,42.94616278436651,1185.794953774338,0.117649937817252,137.4023502352264,22.49168264409253,128.2191212271367,0.5911665438533666,1102.8,938.7,724.0999999999999,0
parallel_run_1953,Archetype_3,1,1.0,0.9379933708130952,0.8333333333333334,0.2090959973409339,0,0,0,0,0.0,6.405292284318544,19.53555145216947,3.764585606427318,64.73890400335439,850.6267050193985,0.2646507902451352,37.50790122422556,110.5320184729022,100.9223548185412,1.28665717130124,1102.8,938.7,724.0999999999999,1
parallel_run_1954,Archetype_3,1,1.0,0.9251248020043988,0.0,0.1793637165792947,0,0,0,0,0.0,5.078233488755179,15.36811055664406,4.023785290991664,68.86856051780249,1676.075248578451,0.2246787017126815,129.5689761803989,24.65199699594505,232.3224413807133,0.6774859235206085,1102.8,938.7,724.0999999999999,1
parallel_run_1955,Archetype_3,2,0.8475939818766602,0.9084104168182464,0.9090909090909084,0.0350524755351379,0,1,1,5,0.2,9.795367374301884,8.46566765326878,4.968477490368761,93.10632240494294,1005.748088406246,0.0638931166280094,56.87494984404746,127.412906728483,150.7886454235,1.149819164967017,1102.8,938.7,724.0999999999999,2
parallel_run_1956,Archetype_3,0,0.294294697991894,0.9758522507839796,0.8333333333333334,0.1475450821938183,0,1,0,3,0.3333333333333333,13.21427123302489,12.99077849367701,2.804621181868556,57.60856169568081,1509.042894252557,0.202994166366049,91.80831738898752,122.5526135883852,139.657431483073,1.128863155150354,1102.8,938.7,724.0999999999999,0
parallel_run_1958,Archetype_3,2,0.8597822398599132,0.9080475928980456,0.0,0.0489997010075959,0,0,0,2,0.0,6.639503134093878,8.702036358183824,2.460006477284389,50.84918084009174,1224.275709388201,0.14250239653806,114.0559579566393,16.49310952489565,222.5836742807619,1.025953997214746,1102.8,938.7,724.0999999999999,1
parallel_run_1960,Archetype_3,1,0.4501590405793543,0.9603802059416668,0.8011767056356062,0.3929723404776271,0,0,0,2,0.0,13.53541818756549,17.50384951367896,4.718111782544003,32.06607470803334,1682.919135964777,0.407888008510583,62.79308556464255,40.8608152984074,108.3468966403483,0.7505038651828599,1102.8,938.7,724.0999999999999,1
parallel_run_1961,Archetype_3,1,1.0,0.9024340203902106,0.7704294573408431,0.3405977461530941,0,0,0,0,0.0,9.589786864094185,14.52009542132607,2.25760526337914,95.46321746956043,1743.776803747743,0.3420270254820715,154.4883468009115,38.07535167163682,155.3553685224774,0.5347162870897352,1102.8,938.7,724.0999999999999,1
parallel_run_1963,Archetype_3,0,0.1414290555772931,0.9906230371373088,0.8333333333333334,0.1216054021393039,0,1,0,3,0.3333333333333333,11.5724650899624,15.71417657225041,2.505463074151018,37.82135289309134,1732.171085268251,0.2966680057335894,87.89904124731528,124.3179479506931,188.0589961374106,0.6121933944560484,1102.8,938.7,724.0999999999999,0
parallel_run_1964,Archetype_3,2,1.0,0.9380744098194616,0.3091223200053352,0.0656687441600908,0,1,0,3,0.0,7.401877309695345,16.72060108361629,4.239354502223774,78.9004950381646,763.9731909619118,0.0862171753274194,168.5882939237162,10.48455250370037,274.1962939177321,0.9381802418748396,1102.8,938.7,724.0999999999999,2
parallel_run_1965,Archetype_3,1,1.0,0.9140027070067522,0.5398902283274407,3.2873756141655374e-05,0,0,0,0,0.0,6.226512320545174,10.57007202633626,4.816232216133942,78.55254926123328,1473.572870709382,0.3084672339978864,39.11190515019379,26.58517665913403,167.9697151744124,0.8989728030906465,1102.8,938.7,724.0999999999999,1
parallel_run_1966,Archetype_3,1,0.5371899996160664,0.9499635010746932,0.8333333333333334,0.2249319642844696,0,0,0,2,0.0,8.028178927033153,12.69358091967134,3.112625106465832,36.62334427994244,1295.694779439287,0.2513937760739758,117.9684651723182,90.13045861303728,158.0544197808208,0.9195426682975842,1102.8,938.7,724.0999999999999,1
parallel_run_1967,Archetype_3,1,0.904799775142574,0.8867289481743242,0.7560728478713868,0.023244690572101,0,0,0,2,0.0,5.772023405404161,7.116169331792253,2.064522668331408,56.51085137099933,1786.195480402135,0.0232508350807578,161.0329775531958,25.14851249315225,197.822121004284,0.7197444930411876,1102.8,938.7,724.0999999999999,1
parallel_run_1968,Archetype_3,0,0.2791652377827824,0.9840666830806164,0.9090909090904604,0.0433848698312791,0,1,0,3,0.3333333333333333,9.480794663304136,17.03804542014852,4.639878986106728,99.35855694037711,1250.245306083507,0.4168895798584492,43.35096290748591,149.1588574610129,277.1890738836713,1.083347637799514,1102.8,938.7,724.0999999999999,0
parallel_run_1969,Archetype_3,2,1.0,0.9009970345013988,0.8333333333333334,0.2770767227074359,0,1,0,3,0.3333333333333333,12.59017345046845,19.02253176729523,3.9523185428614,96.0626212890334,921.343979285896,0.3159410008343269,143.9201303011419,83.56764829664709,247.3963377767511,1.184696545793093,1102.8,938.7,724.0999999999999,2
parallel_run_1970,Archetype_3,2,0.7288442972387432,0.9454170849269284,0.0,0.3213976073216834,0,1,0,3,0.3333333333333333,13.88681027006693,18.61075821619153,4.347085125891433,43.42201779666991,778.7163195623369,0.5440908291581393,33.79114171279144,30.41474642500482,289.3256653337539,0.7671046222699125,1102.8,938.7,724.0999999999999,2
parallel_run_1971,Archetype_3,1,0.3853996381917634,0.8868162646961942,0.1167454444236943,0.5623321990407695,0,0,0,2,0.0,10.32199462340584,6.699275404416465,2.08038382636346,44.79361792876074,979.8557987975116,0.595749285135953,177.31500644115,11.06955829270862,290.4698168059626,1.067301995703033,1102.8,938.7,724.0999999999999,1
parallel_run_1972,Archetype_3,0,0.2163041792379987,0.97803845634182,0.8333333333333334,0.3203133952568526,0,1,0,3,0.3333333333333333,10.44667181037197,13.25070225132207,4.259523874160369,88.11039822390016,1086.489408610497,0.3604504262054547,93.26680170863348,86.31118950437782,141.2036987315458,0.8099763525700954,1102.8,938.7,724.0999999999999,0
parallel_run_1973,Archetype_3,1,0.3178958750417492,0.962184871255778,0.8333333333333334,0.3421109455835159,0,0,0,2,0.0,7.193260089885094,11.65964368980142,4.36245347424116,67.47086947928852,860.866485459772,0.3929505433301446,47.88817474253383,105.9284432028051,105.7696635231778,0.7077017593878874,1102.8,938.7,724.0999999999999,1
parallel_run_1974,Archetype_3,2,0.9721215311315586,0.943456059862784,0.0,8.032776302246403e-17,0,1,0,3,0.3333333333333333,10.87938801553206,16.037856129965,2.961086101395173,69.6604654795751,1130.70880630468,0.3289402099742169,45.2910359937304,14.91317533979289,294.1194921299998,1.165324106539424,1102.8,938.7,724.0999999999999,2
parallel_run_1975,Archetype_3,0,0.3741332011229183,0.9753990195058388,0.9090909090909092,0.2565984987777464,0,1,0,3,0.3333333333333333,11.04944243362644,19.24071518137925,3.605624564480587,53.85239415205597,1355.675352940887,0.2611936824169285,192.5155188876426,93.4514385332439,163.183152602084,0.9537850554699546,1102.8,938.7,724.0999999999999,0
parallel_run_1976,Archetype_3,0,0.4850803023546458,0.940645132169464,0.8333333333333334,0.5200447197794226,0,1,0,3,0.0,9.08917883368848,15.93141516714483,2.552097542916801,87.05159164902761,516.4075892774002,0.5259683590341234,164.5121833558311,80.95119800030251,191.2553856341034,1.094491785369062,1102.8,938.7,724.0999999999999,0
parallel_run_1977,Archetype_3,1,0.3042479721098599,0.9593707682678472,0.8333333333333334,0.3347661668738598,0,0,0,2,0.0,6.022122980882333,10.18624643812967,4.118622604217991,44.05635878211464,657.7419002366751,0.4846669501207773,27.38228323221475,120.2686065600439,118.8863494549756,1.050243965660369,1102.8,938.7,724.0999999999999,1
parallel_run_1978,Archetype_3,0,0.3104803760869605,0.9842858464643796,0.8333333333333266,0.0323402830609431,0,1,0,3,0.3333333333333333,12.81217303836103,18.79926099501478,3.671884488568053,46.3834911494316,1976.5423669876,0.4556973803877963,98.27765434529884,77.3225987347966,261.8146648055326,0.8637011623017257,1102.8,938.7,724.0999999999999,0
parallel_run_1979,Archetype_3,2,1.0,0.92568181172428,0.0,0.026900939477338,0,1,0,3,0.3333333333333333,11.30329623906534,14.11358006738063,2.119776423336449,80.39616228749757,927.2926047619708,0.0269989646361896,110.5634989792129,18.96908617913164,123.0786965714163,1.005760777712649,1102.8,938.7,724.0999999999999,2
parallel_run_1980,Archetype_3,1,0.7597565605158509,0.953983379564828,0.7844889889913578,0.001890366369686,0,0,0,2,0.0,9.208165790113028,15.46907671514874,4.545251827774964,38.83541580815834,1956.9090829731,0.1622856966902549,21.41825610127897,34.46180060490662,143.3953587386619,1.21370144627473,1102.8,938.7,724.0999999999999,1
parallel_run_1982,Archetype_3,2,0.930429286128772,0.9517763382500491,0.753018885432277,0.0138825922784181,0,1,0,3,0.3333333333333333,11.79622827938521,18.29050969456285,4.169805421292692,52.8848948871502,1412.193873679556,0.4257887667081556,79.79357681981203,42.21866859739012,215.0694877114157,0.8330072175424368,1102.8,938.7,724.0999999999999,0
parallel_run_1983,Archetype_3,2,0.4951492353474858,0.9393523568332036,0.0,0.0045196105658004,0,1,0,3,0.3333333333333333,7.646521843235478,7.231058342555429,3.31458691916786,41.69964252763987,671.0160759439195,0.4157057803155249,70.94792328052574,46.67117715729472,250.4862261361136,0.7327865198402268,1102.8,938.7,724.0999999999999,2
parallel_run_1984,Archetype_3,2,1.0,0.892212870094721,0.423922555924531,0.209626650235827,0,1,0,3,0.0,13.36289726948865,19.43255606974088,2.149756002614726,98.31009612961368,830.6769291617317,0.3440972357975186,24.40106928622523,21.65487938516236,225.1829757871136,1.25645844295112,1102.8,938.7,724.0999999999999,2
parallel_run_1985,Archetype_3,2,0.448320982424773,0.9531587597512436,0.0,0.0613958763762637,0,1,0,3,0.3333333333333333,8.364797989299861,9.192250646467237,3.860538328046275,34.3813015352484,788.3970389732821,0.4717590306136611,144.6892794848065,41.70303632080136,285.1192728451363,0.9914750935718764,1102.8,938.7,724.0999999999999,0
parallel_run_1986,Archetype_3,2,0.6134789148891115,0.9642275335211652,0.0,0.0323150297486491,0,1,0,3,0.3333333333333333,14.90080910970151,16.57440810558032,2.987874773593921,45.48329767203269,1579.101973947642,0.0323452792956046,124.7691560752347,13.25130095356169,131.0360691937709,1.160280557751469,1102.8,938.7,724.0999999999999,0
parallel_run_1987,Archetype_3,2,1.0,0.8673085791525057,0.0,0.0053191757933871,0,1,0,3,0.3333333333333333,6.738724478605125,10.74467739481464,4.059979339446745,91.01635205906643,546.9101382223519,0.1271291449095846,29.64904233951978,50.75070528467045,175.7269183945674,1.085475702971351,1102.8,938.7,724.0999999999999,2
parallel_run_1988,Archetype_3,2,1.0,0.8881115104519002,0.0,0.2765632883891459,0,1,0,3,0.0,12.29475505195811,16.20117521024517,2.57668959775238,86.126770574267,694.6303209657378,0.3562216088726904,35.8027220756866,64.20784236580666,271.3979072062631,0.7973279454902197,1102.8,938.7,724.0999999999999,2
parallel_run_1989,Archetype_3,1,1.0,0.9121220000528408,0.5174420616545689,0.2472024003656368,0,0,0,0,0.0,5.41478544277491,13.9696886981829,3.800167267124271,93.40190108464566,1614.000840022941,0.2479437183689544,197.1143613561278,32.13386871974967,137.2906070612262,1.198479495410149,1102.8,938.7,724.0999999999999,1
parallel_run_1990,Archetype_3,0,0.0457661359502912,0.9933061378849276,0.9090909090909092,0.077362951029637,0,1,1,4,0.0,7.325244866915437,6.133456484961489,2.849506395765022,36.13139533184066,1846.939556478707,0.1045903725178832,104.708041937107,141.4654323491187,103.7582240168401,0.5719642415394346,1102.8,938.7,724.0999999999999,0
parallel_run_1991,Archetype_3,2,0.9932581627605872,0.9197205161435736,0.8333333333333788,-1.2395918745901236e-16,0,1,0,3,0.3333333333333333,10.09356256031139,11.29063222601615,4.76846366035301,76.79579046522252,1053.739944648393,0.2204308342752106,41.70644304050847,45.01347485513899,281.050931209811,1.263414311242694,1102.8,938.7,724.0999999999999,2
parallel_run_1992,Archetype_3,0,0.6370430439846703,0.9587714755446538,0.8333333333333334,0.040435309791543,0,1,0,3,0.0,6.186101812756469,15.06385238110333,2.884344918055505,31.24493007510238,986.5491512115816,0.0557544202849528,84.24127174220122,94.4970799647684,145.9465456157096,1.018398256176594,1102.8,938.7,724.0999999999999,0
parallel_run_1994,Archetype_3,1,0.4025135612312285,0.9507271043497514,0.8333333333333334,0.0972602353891713,0,0,0,2,0.0,5.875103409596851,7.908293010058282,2.390464514085502,54.80879767084504,951.9658153072828,0.3730351891050821,88.41266743681159,98.35668950325385,201.4163575543587,0.6395764243792184,1102.8,938.7,724.0999999999999,1
parallel_run_1995,Archetype_3,0,0.2741651580216007,0.95783841938529,0.7638699009082033,0.0634467354784957,0,1,1,5,0.0,9.89273547819015,5.915838497469448,4.894747269895554,35.37340681692577,1159.023486619083,0.501565989511877,72.72853972209614,37.63505720582668,179.0711115343357,0.7616663464940141,1102.8,938.7,724.0999999999999,0
parallel_run_1996,Archetype_3,2,0.5638215269207111,0.9676671654908344,0.0,-2.668751364766296e-17,0,1,0,3,0.3333333333333333,14.08524419392078,16.31334378769262,2.308954015500626,40.52170066997526,1429.94499687827,0.4596363285181422,47.00410072502583,15.67060968778293,242.31607024993,1.191021807579522,1102.8,938.7,724.0999999999999,0
parallel_run_1997,Archetype_3,0,0.2306098983473304,0.960911329570466,0.1153918494933401,0.2246398353594043,0,1,1,5,0.0,12.41392231723704,6.505360896541484,2.371739473104665,32.39759536864331,816.6382880545631,0.5170204646406725,23.22847379435524,49.02752712084806,184.9716219995724,1.138692518506339,1102.8,938.7,724.0999999999999,0
parallel_run_1998,Archetype_3,0,0.278913591017365,0.9759978935182092,0.8333333333333334,0.3677609046994002,0,1,0,3,0.0,11.20531214550689,17.28918987462175,2.41534597807669,62.25120319523698,1520.929737606235,0.5566745144953847,74.0786242796822,117.154618835779,125.2618930845108,1.040699628833873,1102.8,938.7,724.0999999999999,0
parallel_run_1999,Archetype_3,0,0.2695718510178525,0.9790767877412008,0.8333333333333334,0.0122551166241178,0,1,0,3,0.3333333333333333,14.76040816329797,11.89711135068584,3.420702396064348,30.231907913922,1810.531238432742,0.1512092640839279,103.1976415956362,60.53852960346411,259.9151824744392,0.8372539290562797,1102.8,938.7,724.0999999999999,0
parallel_run_2000,Archetype_3,1,0.7979096526183918,0.9522673492634648,0.7828794853618071,0.0101674660741032,0,0,0,2,0.0,7.125713809407731,15.76402470243221,2.203821019158463,30.66474775106086,1916.270048437812,0.5283635710427317,61.25580077898183,29.96136795184568,159.1614013752083,1.233712473598319,1102.8,938.7,724.0999999999999,1
parallel_run_2001,Archetype_3,0,0.3411549724209037,0.9795134258077532,0.9090909090909092,0.1412982169954146,0,1,0,3,0.3333333333333333,8.679848728865139,17.93322578398463,2.012220077079774,83.75880309023228,1452.198189273966,0.1702477055167378,188.3270361277955,136.3991131874458,182.3163284478816,0.9737019697352638,1102.8,938.7,724.0999999999999,0
parallel_run_2002,Archetype_3,0,0.4806617628291106,0.9558117111311082,0.8333333333333334,0.0142166348970143,0,1,0,3,0.3333333333333333,10.55930465773863,9.95253445312245,2.521216447715092,45.35968846878346,1103.764527095477,0.4796032918726125,40.24829434892813,79.6642707844849,235.4042582741113,1.120275647130058,1102.8,938.7,724.0999999999999,0
parallel_run_2003,Archetype_3,1,0.1869638137689753,0.970495146672838,0.8333333333332595,0.0006324653606267,0,0,0,2,0.0,8.584062378535368,5.204947737148349,3.396878123134748,49.03717145112236,1633.945583329502,0.3831221102711273,55.84174480106363,55.43941616510568,267.3891249190509,1.103848703587101,1102.8,938.7,724.0999999999999,1
parallel_run_2004,Archetype_3,2,1.0,0.9286269676949876,0.631221745742895,0.0029255853901495,0,1,0,3,0.3333333333333333,11.48324720641784,13.54496100580118,2.943629403674687,73.69619351630662,959.6890243777384,0.1556452540222857,26.07329355182583,17.9346609870809,270.2527552749784,1.24797609559057,1102.8,938.7,724.0999999999999,2
parallel_run_2005,Archetype_3,0,0.2218579754845735,0.97767626838281,0.8333333333333334,0.5295574124144963,0,1,0,3,0.0,8.239417824778362,19.86594006810631,2.185631748368638,84.78697422249212,1014.516711027553,0.5729610607824123,94.5537552962944,103.539963389083,112.696063975848,0.8568714170808833,1102.8,938.7,724.0999999999999,0
parallel_run_2006,Archetype_3,1,0.6342777897306957,0.9580910498765264,0.8333333333333334,0.0502781150946315,0,0,0,2,0.0,10.74739923464404,14.72531853706425,2.344142683785495,39.79251941170135,1382.725160889254,0.1302190494638491,44.96744153575168,45.57905328193963,117.6699208576838,0.5147064197244176,1102.8,938.7,724.0999999999999,1
parallel_run_2008,Archetype_3,0,0.6235677542644069,0.952375512218664,0.8333333333333334,0.2889000974839728,0,1,0,3,0.3333333333333333,12.62912539162891,17.1844658696355,2.641849634690004,42.22256724024653,904.387351538265,0.3237095872395198,68.36904203871276,108.7516199458351,169.4200698119767,0.6476733781840518,1102.8,938.7,724.0999999999999,0
parallel_run_2009,Archetype_3,2,1.0,0.9226558741621312,0.8333333333333339,0.0383316477775236,0,1,0,1,0.0,6.522201326382715,12.39939167303931,3.618708160073463,47.13963660315678,739.0878598442532,0.2748268178242084,80.41869864667342,47.40439371988354,195.7889275941752,0.5500432829432993,1102.8,938.7,724.0999999999999,1
parallel_run_2010,Archetype_3,2,1.0,0.913675687215926,0.8333333333333334,0.02843895028804,0,1,0,3,0.3333333333333333,9.384437367855847,18.12707624626986,2.907152582017375,82.60031647176109,883.1361687269793,0.196669248894807,66.74094420558276,73.27740104246614,210.9777341720553,1.294178414837762,1102.8,938.7,724.0999999999999,2
parallel_run_2011,Archetype_3,1,0.5455278806429181,0.9419951930826352,0.8721188031726625,0.5336639901958766,0,0,0,2,0.0,14.37657933613404,18.84410004062273,2.669185145620158,35.03786974557758,1927.503758948734,0.53662187709572,185.9380919407641,28.71237259798763,240.7907661092698,1.211179443278551,1102.8,938.7,724.0999999999999,1
parallel_run_2012,Archetype_3,0,0.4126151919419275,0.9761811769842867,0.8333333333333334,0.0194726665616848,0,1,0,3,0.3333333333333333,12.88294506062676,16.47370199557806,3.916427027915539,33.29873756204726,1553.403975838957,0.1037951584613293,35.14190572583635,68.48407504836385,165.2840596040335,1.272212627733274,1102.8,938.7,724.0999999999999,0
parallel_run_2013,Archetype_3,1,0.4284541632779516,0.9639700292211832,0.8333333333333334,0.4371244165052447,0,0,0,2,0.0,13.71417304507693,19.94297232922278,3.190463394584546,39.35568050526847,1306.802190395147,0.4398896859558368,173.4756545582791,57.55417542909995,217.6461551705664,0.6040099969531483,1102.8,938.7,724.0999999999999,1
parallel_run_2014,Archetype_3,2,0.7676038721431735,0.9034836366566876,0.0778459923493475,0.2459217782824219,0,1,1,5,0.0,10.0542437922061,9.52808842232428,2.7551726834745,63.83059444783521,602.6095239046633,0.5655852937121579,52.9250694322663,12.91258574592992,212.3338287792068,0.8863857524748795,1102.8,938.7,724.0999999999999,2
parallel_run_2015,Archetype_3,1,0.9869844430013274,0.9411400219377056,0.8773071888552444,0.0919260570664785,0,0,0,2,0.0,8.902950966584617,17.34337950080082,3.071726683251704,72.97629984854609,1254.634228844618,0.0922887709307529,134.989883752535,20.33996544789689,133.8281740992772,0.6978638514594209,1102.8,938.7,724.0999999999999,1
parallel_run_2016,Archetype_3,0,0.3803053442257598,0.9302248807123704,0.6663957865787701,0.1956980772956354,0,1,0,3,0.3333333333333333,5.219692016072181,5.614852538476582,3.507907836572578,37.36349927885944,613.7680335920102,0.2904762209302906,148.1467328115624,131.7779486933157,207.8141490530652,1.146935950080092,1102.8,938.7,724.0999999999999,0
parallel_run_2017,Archetype_3,1,0.4253277714739233,0.9331095053003072,0.7348571741734692,3.63872820457524e-05,0,0,0,2,0.0,11.93340271693271,5.317576274973425,3.28343831907141,71.54504448894762,1838.989919269122,0.4945103601576556,50.50487388868805,23.73720438973167,225.8680659378676,1.111263875962919,1102.8,938.7,724.0999999999999,1
parallel_run_2018,Archetype_3,2,1.0,0.9290413110559336,0.0,0.0432291433870287,0,1,0,3,0.3333333333333333,7.847009180844555,15.10246331425202,2.220849460660624,49.56921416774286,674.7929181340594,0.181477849380431,32.85601950306146,137.9877963370772,282.6442521246439,1.072413780762075,1102.8,938.7,724.0999999999999,2
parallel_run_2019,Archetype_3,2,1.0,0.8886306458635994,0.6502035444219125,0.0091078948662802,0,1,0,1,0.0,5.307304167754404,8.062741299807017,2.856484395403244,90.46559420208708,591.9263990795743,0.5853009355147591,97.7904136753744,36.39089163854832,254.8378904988671,0.9033851808539108,1102.8,938.7,724.0999999999999,1
parallel_run_2020,Archetype_3,2,1.0,0.9521778716190163,0.8333333333333334,0.0,0,1,0,1,1.0,8.088620780419058,19.64969158227921,2.445246324409711,38.13315627139157,846.5530044686006,0.2872874174759508,41.0140129305388,66.19506893135303,296.218590405105,0.6626148413292461,1102.8,938.7,724.0999999999999,1
parallel_run_2021,Archetype_3,1,1.0,0.9111037073415468,0.7133162612055294,0.3912713298729992,0,0,0,0,0.0,7.737878589250059,17.65262552890793,2.04343847591413,60.65256661819086,794.1535603498564,0.3905802979433853,158.1284539410613,28.1308721236521,148.7173157451602,1.000044063032848,1102.8,938.7,724.0999999999999,1
parallel_run_2022,Archetype_3,2,0.6769115781243961,0.9309130650430134,0.7654335598092982,0.49223409625963,0,1,0,3,0.3333333333333333,13.0646439961812,18.24589508543017,2.716732587027388,46.65131170230379,725.1054169218328,0.5115983993063354,64.21434402267955,101.3397416534369,115.4601576016992,0.561267319729339,1102.8,938.7,724.0999999999999,2
parallel_run_2023,Archetype_3,0,0.6337143951544126,0.9647845978821185,0.8333333333332176,0.0015738020569284,0,1,0,3,0.3333333333333333,14.55899147105204,16.92400224464144,4.505870455669541,48.66008960426488,1880.428773878496,0.1898057560671069,25.33689484018815,53.21861456331589,186.1609652237962,0.6245236166119492,1102.8,938.7,724.0999999999999,0
parallel_run_2024,Archetype_3,2,0.9382653333774008,0.9302189044876849,0.7422145972014875,0.0645171288153133,0,1,0,3,0.3333333333333333,6.902588311173137,13.28544430155988,2.608092824810263,48.10349831449953,712.0868495925945,0.5809073215674864,59.06523453291005,146.7428585041353,298.5472537308848,1.224555548142108,1102.8,938.7,724.0999999999999,2
parallel_run_2026,Archetype_3,1,1.0,0.950890634480533,0.7913026744232297,1.218838967796127e-16,0,1,0,1,0.0,5.645937846490421,19.08999399027946,4.574685372982158,59.43535530068567,740.044618160573,0.4465748804743228,76.02908933133577,44.09919367093785,262.8462682705834,0.782484278393255,458.0,731.6,431.5,1
parallel_run_2027,Archetype_3,0,0.1556977297702632,0.9892670721128274,0.3228023188902172,0.1178034010310519,0,1,0,3,0.3333333333333333,13.49964268135165,15.33095577911059,4.464674582116157,42.94616278436651,1185.794953774338,0.117649937817252,137.4023502352264,22.49168264409253,128.2191212271367,0.5911665438533666,458.0,731.6,431.5,0
parallel_run_2028,Archetype_3,0,0.3190720419540989,0.9803013967232234,0.8333333333333334,0.215636437627901,0,1,0,3,0.0,6.405292284318544,19.53555145216947,3.764585606427318,64.73890400335439,850.6267050193985,0.2646507902451352,37.50790122422556,110.5320184729022,100.9223548185412,1.28665717130124,458.0,731.6,431.5,0
parallel_run_2029,Archetype_3,1,0.4967409791272648,0.9636672502866718,0.0,0.1747867184777873,0,0,0,2,0.0,5.078233488755179,15.36811055664406,4.023785290991664,68.86856051780249,1676.075248578451,0.2246787017126815,129.5689761803989,24.65199699594505,232.3224413807133,0.6774859235206085,458.0,731.6,431.5,1
parallel_run_2030,Archetype_3,2,0.8442138502980929,0.9098237791281284,0.8333333333333334,0.0341433233550121,0,1,1,5,0.2,9.795367374301884,8.46566765326878,4.968477490368761,93.10632240494294,1005.748088406246,0.0638931166280094,56.87494984404746,127.412906728483,150.7886454235,1.149819164967017,458.0,731.6,431.5,2
parallel_run_2031,Archetype_3,0,0.3516479916132891,0.9712467997896558,0.9090909090909092,0.1490447942391132,0,1,0,3,0.3333333333333333,13.21427123302489,12.99077849367701,2.804621181868556,57.60856169568081,1509.042894252557,0.202994166366049,91.80831738898752,122.5526135883852,139.657431483073,1.128863155150354,458.0,731.6,431.5,0
parallel_run_2033,Archetype_3,1,0.3631364012823213,0.9607573552435776,0.0,0.0479124657947182,0,0,0,2,0.0,6.639503134093878,8.702036358183824,2.460006477284389,50.84918084009174,1224.275709388201,0.14250239653806,114.0559579566393,16.49310952489565,222.5836742807619,1.025953997214746,458.0,731.6,431.5,1
parallel_run_2035,Archetype_3,1,1.5888887327671115e-05,0.99999859088941,0.8907903571953057,0.3945690378054535,0,0,0,2,0.0,13.53541818756549,17.50384951367896,4.718111782544003,32.06607470803334,1682.919135964777,0.407888008510583,62.79308556464255,40.8608152984074,108.3468966403483,0.7505038651828599,458.0,731.6,431.5,1
parallel_run_2036,Archetype_3,1,0.172648312155643,0.9832987035567036,0.8969668709146397,0.3409301870664641,0,0,0,2,0.0,9.589786864094185,14.52009542132607,2.25760526337914,95.46321746956043,1743.776803747743,0.3420270254820715,154.4883468009115,38.07535167163682,155.3553685224774,0.5347162870897352,458.0,731.6,431.5,1
parallel_run_2038,Archetype_3,0,0.0020592845708869,0.9998661498536898,0.8344118313323524,0.1042828354530765,0,1,0,3,0.3333333333333333,11.5724650899624,15.71417657225041,2.505463074151018,37.82135289309134,1732.171085268251,0.2966680057335894,87.89904124731528,124.3179479506931,188.0589961374106,0.6121933944560484,458.0,731.6,431.5,0
parallel_run_2039,Archetype_3,2,0.5561614396549014,0.966740541588092,0.0,0.0595734507816903,0,1,0,3,0.0,7.401877309695345,16.72060108361629,4.239354502223774,78.9004950381646,763.9731909619118,0.0862171753274194,168.5882939237162,10.48455250370037,274.1962939177321,0.9381802418748396,458.0,731.6,431.5,0
parallel_run_2040,Archetype_3,1,0.0,1.0,0.7792176892595021,1.1814617249820637e-05,0,0,0,2,0.0,6.226512320545174,10.57007202633626,4.816232216133942,78.55254926123328,1473.572870709382,0.3084672339978864,39.11190515019379,26.58517665913403,167.9697151744124,0.8989728030906465,458.0,731.6,431.5,1
parallel_run_2041,Archetype_3,0,0.1949930136883354,0.98223818805592,0.8333333333333334,0.2096969455217424,0,1,0,3,0.0,8.028178927033153,12.69358091967134,3.112625106465832,36.62334427994244,1295.694779439287,0.2513937760739758,117.9684651723182,90.13045861303728,158.0544197808208,0.9195426682975842,458.0,731.6,431.5,0
parallel_run_2042,Archetype_3,1,0.2333772101798989,0.9708396013148288,0.8110716898107321,0.0231985305463907,0,0,0,2,0.0,5.772023405404161,7.116169331792253,2.064522668331408,56.51085137099933,1786.195480402135,0.0232508350807578,161.0329775531958,25.14851249315225,197.822121004284,0.7197444930411876,458.0,731.6,431.5,1
parallel_run_2043,Archetype_3,0,0.3155461756224714,0.9819890386325092,0.9090909090909092,0.045397853030892,0,1,0,3,0.3333333333333333,9.480794663304136,17.03804542014852,4.639878986106728,99.35855694037711,1250.245306083507,0.4168895798584492,43.35096290748591,149.1588574610129,277.1890738836713,1.083347637799514,458.0,731.6,431.5,0
parallel_run_2044,Archetype_3,2,1.0,0.9005435148807168,0.8333333333333334,0.2748441012042854,0,1,0,3,0.3333333333333333,12.59017345046845,19.02253176729523,3.9523185428614,96.0626212890334,921.343979285896,0.3159410008343269,143.9201303011419,83.56764829664709,247.3963377767511,1.184696545793093,458.0,731.6,431.5,2
parallel_run_2045,Archetype_3,2,0.7234737074041592,0.9454514659623376,0.0,0.3254001574430974,0,1,0,3,0.3333333333333333,13.88681027006693,18.61075821619153,4.347085125891433,43.42201779666991,778.7163195623369,0.5440908291581393,33.79114171279144,30.41474642500482,289.3256653337539,0.7671046222699125,458.0,731.6,431.5,2
parallel_run_2046,Archetype_3,1,0.2051387866212015,0.940170727605179,0.0726428823447351,0.5586773504104956,0,0,0,2,0.0,10.32199462340584,6.699275404416465,2.08038382636346,44.79361792876074,979.8557987975116,0.595749285135953,177.31500644115,11.06955829270862,290.4698168059626,1.067301995703033,458.0,731.6,431.5,1
parallel_run_2047,Archetype_3,0,0.0974558151793204,0.9905459939878968,0.8333333333333334,0.2921078138108142,0,1,0,3,0.3333333333333333,10.44667181037197,13.25070225132207,4.259523874160369,88.11039822390016,1086.489408610497,0.3604504262054547,93.26680170863348,86.31118950437782,141.2036987315458,0.8099763525700954,458.0,731.6,431.5,0
parallel_run_2048,Archetype_3,0,8.734732486333656e-05,0.9999899586709998,0.8333333333333334,0.3279365553292416,0,1,0,3,0.0,7.193260089885094,11.65964368980142,4.36245347424116,67.47086947928852,860.866485459772,0.3929505433301446,47.88817474253383,105.9284432028051,105.7696635231778,0.7077017593878874,458.0,731.6,431.5,0
parallel_run_2049,Archetype_3,0,0.0003398300454881,0.9999802153656286,0.0,0.0,0,1,0,3,0.3333333333333333,10.87938801553206,16.037856129965,2.961086101395173,69.6604654795751,1130.70880630468,0.3289402099742169,45.2910359937304,14.91317533979289,294.1194921299998,1.165324106539424,458.0,731.6,431.5,0
parallel_run_2050,Archetype_3,0,0.3031076421767121,0.9802375231912084,0.9090909090909092,0.2537441211715835,0,1,0,3,0.3333333333333333,11.04944243362644,19.24071518137925,3.605624564480587,53.85239415205597,1355.675352940887,0.2611936824169285,192.5155188876426,93.4514385332439,163.183152602084,0.9537850554699546,458.0,731.6,431.5,0
parallel_run_2051,Archetype_3,0,0.4083273472977882,0.9498905086923516,0.8333333333333334,0.5208544481463229,0,1,0,3,0.0,9.08917883368848,15.93141516714483,2.552097542916801,87.05159164902761,516.4075892774002,0.5259683590341234,164.5121833558311,80.95119800030251,191.2553856341034,1.094491785369062,458.0,731.6,431.5,0
parallel_run_2052,Archetype_3,0,0.1262885623399603,0.9871099684253476,0.2274721178763628,0.1477116317587455,0,1,0,3,0.3333333333333333,6.022122980882333,10.18624643812967,4.118622604217991,44.05635878211464,657.7419002366751,0.4846669501207773,27.38228323221475,120.2686065600439,118.8863494549756,1.050243965660369,458.0,731.6,431.5,0
parallel_run_2053,Archetype_3,0,0.1576465849306446,0.9921783062417582,0.8333333333333334,0.0119866145592053,0,1,0,3,0.3333333333333333,12.81217303836103,18.79926099501478,3.671884488568053,46.3834911494316,1976.5423669876,0.4556973803877963,98.27765434529884,77.3225987347966,261.8146648055326,0.8637011623017257,458.0,731.6,431.5,0
parallel_run_2054,Archetype_3,2,1.0,0.9239783808341436,0.0,0.0269829256779624,0,1,0,3,0.3333333333333333,11.30329623906534,14.11358006738063,2.119776423336449,80.39616228749757,927.2926047619708,0.0269989646361896,110.5634989792129,18.96908617913164,123.0786965714163,1.005760777712649,458.0,731.6,431.5,2
parallel_run_2055,Archetype_3,1,0.0,1.0,0.8566126989283688,0.0007678433806377,0,0,0,2,0.0,9.208165790113028,15.46907671514874,4.545251827774964,38.83541580815834,1956.9090829731,0.1622856966902549,21.41825610127897,34.46180060490662,143.3953587386619,1.21370144627473,458.0,731.6,431.5,1
parallel_run_2057,Archetype_3,0,0.1965049933949422,0.9896963277473396,0.7196200314256752,0.0169584248881177,0,1,0,3,0.3333333333333333,11.79622827938521,18.29050969456285,4.169805421292692,52.8848948871502,1412.193873679556,0.4257887667081556,79.79357681981203,42.21866859739012,215.0694877114157,0.8330072175424368,458.0,731.6,431.5,0
parallel_run_2058,Archetype_3,2,0.5037348187456323,0.9394688517047232,0.0,0.0035313502435008,0,1,0,3,0.3333333333333333,7.646521843235478,7.231058342555429,3.31458691916786,41.69964252763987,671.0160759439195,0.4157057803155249,70.94792328052574,46.67117715729472,250.4862261361136,0.7327865198402268,458.0,731.6,431.5,2
parallel_run_2059,Archetype_3,2,1.0,0.8920942247980732,0.0,0.2081585974777793,0,1,0,3,0.0,13.36289726948865,19.43255606974088,2.149756002614726,98.31009612961368,830.6769291617317,0.3440972357975186,24.40106928622523,21.65487938516236,225.1829757871136,1.25645844295112,458.0,731.6,431.5,2
parallel_run_2060,Archetype_3,0,0.2711355936147092,0.9721810702165428,0.0,0.0535153106761645,0,1,0,3,0.3333333333333333,8.364797989299861,9.192250646467237,3.860538328046275,34.3813015352484,788.3970389732821,0.4717590306136611,144.6892794848065,41.70303632080136,285.1192728451363,0.9914750935718764,458.0,731.6,431.5,0
parallel_run_2061,Archetype_3,0,0.3334227813539548,0.980383014725036,0.0,0.0324279760517188,0,1,0,3,0.3333333333333333,14.90080910970151,16.57440810558032,2.987874773593921,45.48329767203269,1579.101973947642,0.0323452792956046,124.7691560752347,13.25130095356169,131.0360691937709,1.160280557751469,458.0,731.6,431.5,0
parallel_run_2062,Archetype_3,2,1.0,0.8568784200341012,0.0,0.009462232609892,0,1,0,3,0.3333333333333333,6.738724478605125,10.74467739481464,4.059979339446745,91.01635205906643,546.9101382223519,0.1271291449095846,29.64904233951978,50.75070528467045,175.7269183945674,1.085475702971351,458.0,731.6,431.5,2
parallel_run_2063,Archetype_3,2,1.0,0.8878937282984225,0.0,0.2757929740047486,0,1,0,3,0.0,12.29475505195811,16.20117521024517,2.57668959775238,86.126770574267,694.6303209657378,0.3562216088726904,35.8027220756866,64.20784236580666,271.3979072062631,0.7973279454902197,458.0,731.6,431.5,2
parallel_run_2064,Archetype_3,1,0.7944041490873803,0.9287596916304028,0.7653578475276271,0.2496260029240002,0,0,0,2,0.0,5.41478544277491,13.9696886981829,3.800167267124271,93.40190108464566,1614.000840022941,0.2479437183689544,197.1143613561278,32.13386871974967,137.2906070612262,1.198479495410149,458.0,731.6,431.5,1
parallel_run_2065,Archetype_3,0,0.0527922166232565,0.99225843319085,0.9090909090909092,0.074933806646172,0,1,0,3,0.0,7.325244866915437,6.133456484961489,2.849506395765022,36.13139533184066,1846.939556478707,0.1045903725178832,104.708041937107,141.4654323491187,103.7582240168401,0.5719642415394346,458.0,731.6,431.5,0
parallel_run_2066,Archetype_3,0,0.0004969937910605,0.9999599791247458,0.6774454633779515,-9.70558942490322e-17,0,1,0,3,0.3333333333333333,10.09356256031139,11.29063222601615,4.76846366035301,76.79579046522252,1053.739944648393,0.2204308342752106,41.70644304050847,45.01347485513899,281.050931209811,1.263414311242694,458.0,731.6,431.5,0
parallel_run_2067,Archetype_3,0,0.2132663811502697,0.9866017242699984,0.8358626934855106,0.029637804265188,0,1,0,3,0.3333333333333333,6.186101812756469,15.06385238110333,2.884344918055505,31.24493007510238,986.5491512115816,0.0557544202849528,84.24127174220122,94.4970799647684,145.9465456157096,1.018398256176594,458.0,731.6,431.5,0
parallel_run_2069,Archetype_3,0,0.00610776585156,0.9992898327544706,0.8333333333333334,0.0620661930139231,0,1,0,3,0.0,5.875103409596851,7.908293010058282,2.390464514085502,54.80879767084504,951.9658153072828,0.3730351891050821,88.41266743681159,98.35668950325385,201.4163575543587,0.6395764243792184,458.0,731.6,431.5,0
parallel_run_2070,Archetype_3,0,0.066733726815022,0.99005715610786,0.7929227239077203,0.0343122356011954,0,1,0,3,0.0,9.89273547819015,5.915838497469448,4.894747269895554,35.37340681692577,1159.023486619083,0.501565989511877,72.72853972209614,37.63505720582668,179.0711115343357,0.7616663464940141,458.0,731.6,431.5,0
parallel_run_2071,Archetype_3,0,0.0877748709037613,0.9949743026971,0.0,-1.203387324040439e-16,0,1,0,3,0.3333333333333333,14.08524419392078,16.31334378769262,2.308954015500626,40.52170066997526,1429.94499687827,0.4596363285181422,47.00410072502583,15.67060968778293,242.31607024993,1.191021807579522,458.0,731.6,431.5,0
parallel_run_2072,Archetype_3,0,0.2290672371679816,0.9604050952174388,0.0,0.229613523721663,0,1,1,5,0.0,12.41392231723704,6.505360896541484,2.371739473104665,32.39759536864331,816.6382880545631,0.5170204646406725,23.22847379435524,49.02752712084806,184.9716219995724,1.138692518506339,458.0,731.6,431.5,0
parallel_run_2073,Archetype_3,0,0.1002702643501748,0.9920013008379276,0.8260468725982922,0.3287048382985548,0,1,0,3,0.3333333333333333,11.20531214550689,17.28918987462175,2.41534597807669,62.25120319523698,1520.929737606235,0.5566745144953847,74.0786242796822,117.154618835779,125.2618930845108,1.040699628833873,458.0,731.6,431.5,0
parallel_run_2074,Archetype_3,0,0.1087020344405947,0.9916151624325552,0.8333333333333334,0.0095542892081881,0,1,0,3,0.3333333333333333,14.76040816329797,11.89711135068584,3.420702396064348,30.231907913922,1810.531238432742,0.1512092640839279,103.1976415956362,60.53852960346411,259.9151824744392,0.8372539290562797,458.0,731.6,431.5,0
parallel_run_2075,Archetype_3,1,0.3584989234220362,0.9785831957507356,0.8902414747590287,0.0136000217147079,0,0,0,2,0.0,7.125713809407731,15.76402470243221,2.203821019158463,30.66474775106086,1916.270048437812,0.5283635710427317,61.25580077898183,29.96136795184568,159.1614013752083,1.233712473598319,458.0,731.6,431.5,1
parallel_run_2076,Archetype_3,0,0.2701100756081532,0.9840122187062228,0.9090909090909092,0.1324209345719466,0,1,0,3,0.3333333333333333,8.679848728865139,17.93322578398463,2.012220077079774,83.75880309023228,1452.198189273966,0.1702477055167378,188.3270361277955,136.3991131874458,182.3163284478816,0.9737019697352638,458.0,731.6,431.5,0
parallel_run_2077,Archetype_3,0,0.4755830266253424,0.9565873263265512,0.8333333333333334,0.011722888001736,0,1,0,3,0.3333333333333333,10.55930465773863,9.95253445312245,2.521216447715092,45.35968846878346,1103.764527095477,0.4796032918726125,40.24829434892813,79.6642707844849,235.4042582741113,1.120275647130058,458.0,731.6,431.5,0
parallel_run_2078,Archetype_3,1,0.0383424590660922,0.9939767526483162,0.8333333333333334,-2.121110447760044e-16,0,0,0,2,0.0,8.584062378535368,5.204947737148349,3.396878123134748,49.03717145112236,1633.945583329502,0.3831221102711273,55.84174480106363,55.43941616510568,267.3891249190509,1.103848703587101,458.0,731.6,431.5,1
parallel_run_2079,Archetype_3,2,1.0,0.9289219473836836,0.5740133597763885,0.002248994697112,0,1,0,3,0.3333333333333333,11.48324720641784,13.54496100580118,2.943629403674687,73.69619351630662,959.6890243777384,0.1556452540222857,26.07329355182583,17.9346609870809,270.2527552749784,1.24797609559057,458.0,731.6,431.5,2
parallel_run_2080,Archetype_3,0,0.1411794641525586,0.9862927014306688,0.8333333333333334,0.5144274859490625,0,1,0,3,0.0,8.239417824778362,19.86594006810631,2.185631748368638,84.78697422249212,1014.516711027553,0.5729610607824123,94.5537552962944,103.539963389083,112.696063975848,0.8568714170808833,458.0,731.6,431.5,0
parallel_run_2081,Archetype_3,1,0.0,1.0,0.8333333333333334,0.0503353766850623,0,0,0,2,0.0,10.74739923464404,14.72531853706425,2.344142683785495,39.79251941170135,1382.725160889254,0.1302190494638491,44.96744153575168,45.57905328193963,117.6699208576838,0.5147064197244176,458.0,731.6,431.5,1
parallel_run_2083,Archetype_3,0,0.6269698547189332,0.9521295739032956,0.8333333333333334,0.2839487645678647,0,1,0,3,0.3333333333333333,12.62912539162891,17.1844658696355,2.641849634690004,42.22256724024653,904.387351538265,0.3237095872395198,68.36904203871276,108.7516199458351,169.4200698119767,0.6476733781840518,458.0,731.6,431.5,0
parallel_run_2084,Archetype_3,0,3.979578929245708e-05,0.9999970541627478,0.0,0.0117678645158653,0,1,0,3,0.3333333333333333,6.522201326382715,12.39939167303931,3.618708160073463,47.13963660315678,739.0878598442532,0.2748268178242084,80.41869864667342,47.40439371988354,195.7889275941752,0.5500432829432993,458.0,731.6,431.5,0
parallel_run_2085,Archetype_3,2,1.0,0.912754174176953,0.8333333333333334,0.0322211545221326,0,1,0,3,0.3333333333333333,9.384437367855847,18.12707624626986,2.907152582017375,82.60031647176109,883.1361687269793,0.196669248894807,66.74094420558276,73.27740104246614,210.9777341720553,1.294178414837762,458.0,731.6,431.5,2
parallel_run_2086,Archetype_3,1,0.3918417614953844,0.9577597825598386,0.8971633310002496,0.5359170894953138,0,0,0,2,0.0,14.37657933613404,18.84410004062273,2.669185145620158,35.03786974557758,1927.503758948734,0.53662187709572,185.9380919407641,28.71237259798763,240.7907661092698,1.211179443278551,458.0,731.6,431.5,1
parallel_run_2087,Archetype_3,0,0.000302125717328,0.9999829099503345,0.8333333333333334,0.0110824170015021,0,1,0,3,0.3333333333333333,12.88294506062676,16.47370199557806,3.916427027915539,33.29873756204726,1553.403975838957,0.1037951584613293,35.14190572583635,68.48407504836385,165.2840596040335,1.272212627733274,458.0,731.6,431.5,0
parallel_run_2088,Archetype_3,1,0.2116417464261201,0.9822488519840225,0.8432601727481599,0.4352135174582113,0,0,0,2,0.0,13.71417304507693,19.94297232922278,3.190463394584546,39.35568050526847,1306.802190395147,0.4398896859558368,173.4756545582791,57.55417542909995,217.6461551705664,0.6040099969531483,458.0,731.6,431.5,1
parallel_run_2089,Archetype_3,2,0.7751131248435332,0.90336745229935,0.0,0.2414511541279291,0,1,0,3,0.0,10.0542437922061,9.52808842232428,2.7551726834745,63.83059444783521,602.6095239046633,0.5655852937121579,52.9250694322663,12.91258574592992,212.3338287792068,0.8863857524748795,458.0,731.6,431.5,2
parallel_run_2090,Archetype_3,1,0.3151240260021732,0.9813116212315146,0.8827711406944264,0.0917897228977873,0,0,0,2,0.0,8.902950966584617,17.34337950080082,3.071726683251704,72.97629984854609,1254.634228844618,0.0922887709307529,134.989883752535,20.33996544789689,133.8281740992772,0.6978638514594209,458.0,731.6,431.5,1
parallel_run_2091,Archetype_3,0,0.3699665891665313,0.930831433082147,0.7226854611727018,0.2056409010894107,0,1,0,3,0.3333333333333333,5.219692016072181,5.614852538476582,3.507907836572578,37.36349927885944,613.7680335920102,0.2904762209302906,148.1467328115624,131.7779486933157,207.8141490530652,1.146935950080092,458.0,731.6,431.5,0
parallel_run_2092,Archetype_3,1,0.0002380300161541,0.9999625749982513,0.7366992138533216,3.5343412221877384e-05,0,0,0,2,0.0,11.93340271693271,5.317576274973425,3.28343831907141,71.54504448894762,1838.989919269122,0.4945103601576556,50.50487388868805,23.73720438973167,225.8680659378676,1.111263875962919,458.0,731.6,431.5,1
parallel_run_2093,Archetype_3,2,1.0,0.9289243267256048,0.0,0.0556374229860124,0,1,0,3,0.3333333333333333,7.847009180844555,15.10246331425202,2.220849460660624,49.56921416774286,674.7929181340594,0.181477849380431,32.85601950306146,137.9877963370772,282.6442521246439,1.072413780762075,458.0,731.6,431.5,2
parallel_run_2094,Archetype_3,0,0.3122574688530735,0.9654733034062648,0.6252558503654239,0.0049153840010206,0,1,0,3,0.0,5.307304167754404,8.062741299807017,2.856484395403244,90.46559420208708,591.9263990795743,0.5853009355147591,97.7904136753744,36.39089163854832,254.8378904988671,0.9033851808539108,458.0,731.6,431.5,0
parallel_run_2095,Archetype_3,2,1.0,0.9517710204386332,0.8333333333333334,0.0,0,1,0,1,1.0,8.088620780419058,19.64969158227921,2.445246324409711,38.13315627139157,846.5530044686006,0.2872874174759508,41.0140129305388,66.19506893135303,296.218590405105,0.6626148413292461,458.0,731.6,431.5,1
parallel_run_2096,Archetype_3,1,0.5808362027304281,0.949563990670375,0.9045289828576636,0.3890426091400623,0,0,0,2,0.0,7.737878589250059,17.65262552890793,2.04343847591413,60.65256661819086,794.1535603498564,0.3905802979433853,158.1284539410613,28.1308721236521,148.7173157451602,1.000044063032848,458.0,731.6,431.5,1
parallel_run_2097,Archetype_3,2,0.6541111729133176,0.932481550810314,0.7400619618942961,0.4986421516041235,0,1,0,3,0.3333333333333333,13.0646439961812,18.24589508543017,2.716732587027388,46.65131170230379,725.1054169218328,0.5115983993063354,64.21434402267955,101.3397416534369,115.4601576016992,0.561267319729339,458.0,731.6,431.5,2
parallel_run_2098,Archetype_3,0,0.0,1.0,0.8333333333333333,0.000705647202326,0,1,0,3,0.3333333333333333,14.55899147105204,16.92400224464144,4.505870455669541,48.66008960426488,1880.428773878496,0.1898057560671069,25.33689484018815,53.21861456331589,186.1609652237962,0.6245236166119492,458.0,731.6,431.5,0
parallel_run_2099,Archetype_3,2,0.9010208901787856,0.9315793267122972,0.6737294835830641,0.0759924554658967,0,1,0,3,0.3333333333333333,6.902588311173137,13.28544430155988,2.608092824810263,48.10349831449953,712.0868495925945,0.5809073215674864,59.06523453291005,146.7428585041353,298.5472537308848,1.224555548142108,458.0,731.6,431.5,2
parallel_run_2101,Archetype_3,1,1.0,0.9503965762754292,0.8211174966932496,0.0,0,1,0,1,0.0,5.645937846490421,19.08999399027946,4.574685372982158,59.43535530068567,740.044618160573,0.4465748804743228,76.02908933133577,44.09919367093785,262.8462682705834,0.782484278393255,866.2,834.4,601.3,1
parallel_run_2102,Archetype_3,0,0.1988698843666584,0.986300169771654,0.503652737127655,0.1171495993993608,0,1,0,3,0.3333333333333333,13.49964268135165,15.33095577911059,4.464674582116157,42.94616278436651,1185.794953774338,0.117649937817252,137.4023502352264,22.49168264409253,128.2191212271367,0.5911665438533666,866.2,834.4,601.3,0
parallel_run_2103,Archetype_3,0,0.5124812830457747,0.9685935918932904,0.8333333333333334,0.211114679878181,0,1,0,3,0.0,6.405292284318544,19.53555145216947,3.764585606427318,64.73890400335439,850.6267050193985,0.2646507902451352,37.50790122422556,110.5320184729022,100.9223548185412,1.28665717130124,866.2,834.4,601.3,0
parallel_run_2104,Archetype_3,1,1.0,0.925559268950054,0.0,0.180261856721998,0,0,0,0,0.0,5.078233488755179,15.36811055664406,4.023785290991664,68.86856051780249,1676.075248578451,0.2246787017126815,129.5689761803989,24.65199699594505,232.3224413807133,0.6774859235206085,866.2,834.4,601.3,1
parallel_run_2105,Archetype_3,2,0.8447606764051488,0.9092141602431172,0.9090909090909092,0.0366366012608084,0,1,1,5,0.2,9.795367374301884,8.46566765326878,4.968477490368761,93.10632240494294,1005.748088406246,0.0638931166280094,56.87494984404746,127.412906728483,150.7886454235,1.149819164967017,866.2,834.4,601.3,2
parallel_run_2106,Archetype_3,0,0.3079281732358183,0.9752431506865702,0.9090909090909092,0.1337094128562612,0,1,0,3,0.3333333333333333,13.21427123302489,12.99077849367701,2.804621181868556,57.60856169568081,1509.042894252557,0.202994166366049,91.80831738898752,122.5526135883852,139.657431483073,1.128863155150354,866.2,834.4,601.3,0
parallel_run_2108,Archetype_3,1,0.4250874753473042,0.9541864578602394,0.0,0.0497028062285445,0,0,0,2,0.0,6.639503134093878,8.702036358183824,2.460006477284389,50.84918084009174,1224.275709388201,0.14250239653806,114.0559579566393,16.49310952489565,222.5836742807619,1.025953997214746,866.2,834.4,601.3,1
parallel_run_2110,Archetype_3,1,0.2092147134303062,0.9814219096788036,0.887828412909778,0.3997157172817402,0,0,0,2,0.0,13.53541818756549,17.50384951367896,4.718111782544003,32.06607470803334,1682.919135964777,0.407888008510583,62.79308556464255,40.8608152984074,108.3468966403483,0.7505038651828599,866.2,834.4,601.3,1
parallel_run_2111,Archetype_3,1,0.227894908015208,0.977843983195822,0.8880830083481551,0.3412957655459719,0,0,0,2,0.0,9.589786864094185,14.52009542132607,2.25760526337914,95.46321746956043,1743.776803747743,0.3420270254820715,154.4883468009115,38.07535167163682,155.3553685224774,0.5347162870897352,866.2,834.4,601.3,1
parallel_run_2113,Archetype_3,0,0.103581514849931,0.9931818329510624,0.8377112347500901,0.1171012416263492,0,1,0,3,0.3333333333333333,11.5724650899624,15.71417657225041,2.505463074151018,37.82135289309134,1732.171085268251,0.2966680057335894,87.89904124731528,124.3179479506931,188.0589961374106,0.6121933944560484,866.2,834.4,601.3,0
parallel_run_2114,Archetype_3,2,0.8207507604482355,0.950653425489603,0.0,0.0638394945562134,0,1,0,3,0.0,7.401877309695345,16.72060108361629,4.239354502223774,78.9004950381646,763.9731909619118,0.0862171753274194,168.5882939237162,10.48455250370037,274.1962939177321,0.9381802418748396,866.2,834.4,601.3,0
parallel_run_2115,Archetype_3,1,0.0,1.0,0.7771567269503977,3.4851745140777594e-05,0,0,0,2,0.0,6.226512320545174,10.57007202633626,4.816232216133942,78.55254926123328,1473.572870709382,0.3084672339978864,39.11190515019379,26.58517665913403,167.9697151744124,0.8989728030906465,866.2,834.4,601.3,1
parallel_run_2116,Archetype_3,1,0.471163100878349,0.956819201119814,0.8333333333333334,0.2200519227096783,0,0,0,2,0.0,8.028178927033153,12.69358091967134,3.112625106465832,36.62334427994244,1295.694779439287,0.2513937760739758,117.9684651723182,90.13045861303728,158.0544197808208,0.9195426682975842,866.2,834.4,601.3,1
parallel_run_2117,Archetype_3,1,0.2893348351650534,0.964100119232602,0.7513098897988287,0.0232407157158916,0,0,0,2,0.0,5.772023405404161,7.116169331792253,2.064522668331408,56.51085137099933,1786.195480402135,0.0232508350807578,161.0329775531958,25.14851249315225,197.822121004284,0.7197444930411876,866.2,834.4,601.3,1
parallel_run_2118,Archetype_3,0,0.3350280444665175,0.9805155761506836,0.8333333333333334,0.0596650581187359,0,1,0,3,0.3333333333333333,9.480794663304136,17.03804542014852,4.639878986106728,99.35855694037711,1250.245306083507,0.4168895798584492,43.35096290748591,149.1588574610129,277.1890738836713,1.083347637799514,866.2,834.4,601.3,0
parallel_run_2119,Archetype_3,2,1.0,0.9002832060014787,0.8333333333333334,0.2702728287400266,0,1,0,3,0.3333333333333333,12.59017345046845,19.02253176729523,3.9523185428614,96.0626212890334,921.343979285896,0.3159410008343269,143.9201303011419,83.56764829664709,247.3963377767511,1.184696545793093,866.2,834.4,601.3,2
parallel_run_2120,Archetype_3,2,0.7253900106622281,0.9455793638869804,0.0,0.3253884662451969,0,1,0,3,0.3333333333333333,13.88681027006693,18.61075821619153,4.347085125891433,43.42201779666991,778.7163195623369,0.5440908291581393,33.79114171279144,30.41474642500482,289.3256653337539,0.7671046222699125,866.2,834.4,601.3,2
parallel_run_2121,Archetype_3,1,0.2279400242496464,0.9325808898191464,0.0611694764981834,0.5615885989609835,0,0,0,2,0.0,10.32199462340584,6.699275404416465,2.08038382636346,44.79361792876074,979.8557987975116,0.595749285135953,177.31500644115,11.06955829270862,290.4698168059626,1.067301995703033,866.2,834.4,601.3,1
parallel_run_2122,Archetype_3,0,0.1677655167219656,0.9828540984115176,0.8333333333333334,0.3228444874723075,0,1,0,3,0.3333333333333333,10.44667181037197,13.25070225132207,4.259523874160369,88.11039822390016,1086.489408610497,0.3604504262054547,93.26680170863348,86.31118950437782,141.2036987315458,0.8099763525700954,866.2,834.4,601.3,0
parallel_run_2123,Archetype_3,1,0.127705386406889,0.984963176524727,0.8333333333333287,0.3286645691907844,0,0,0,2,0.0,7.193260089885094,11.65964368980142,4.36245347424116,67.47086947928852,860.866485459772,0.3929505433301446,47.88817474253383,105.9284432028051,105.7696635231778,0.7077017593878874,866.2,834.4,601.3,1
parallel_run_2124,Archetype_3,0,0.4327941644410928,0.9749313743278032,0.0,0.0,0,1,0,3,0.3333333333333333,10.87938801553206,16.037856129965,2.961086101395173,69.6604654795751,1130.70880630468,0.3289402099742169,45.2910359937304,14.91317533979289,294.1194921299998,1.165324106539424,866.2,834.4,601.3,0
parallel_run_2125,Archetype_3,0,0.3343804138676443,0.9780098797916504,0.9090909090909092,0.2562571601542545,0,1,0,3,0.3333333333333333,11.04944243362644,19.24071518137925,3.605624564480587,53.85239415205597,1355.675352940887,0.2611936824169285,192.5155188876426,93.4514385332439,163.183152602084,0.9537850554699546,866.2,834.4,601.3,0
parallel_run_2126,Archetype_3,0,0.4111035137252947,0.9494214946931888,0.8333333333333334,0.5196545941931228,0,1,0,3,0.0,9.08917883368848,15.93141516714483,2.552097542916801,87.05159164902761,516.4075892774002,0.5259683590341234,164.5121833558311,80.95119800030251,191.2553856341034,1.094491785369062,866.2,834.4,601.3,0
parallel_run_2127,Archetype_3,0,0.1834235580634655,0.980470819559464,0.4746932379371245,0.1731948036354701,0,1,0,3,0.3333333333333333,6.022122980882333,10.18624643812967,4.118622604217991,44.05635878211464,657.7419002366751,0.4846669501207773,27.38228323221475,120.2686065600439,118.8863494549756,1.050243965660369,866.2,834.4,601.3,0
parallel_run_2128,Archetype_3,0,0.2461075362587792,0.9876759431973998,0.8333333333333334,0.0154384229919896,0,1,0,3,0.3333333333333333,12.81217303836103,18.79926099501478,3.671884488568053,46.3834911494316,1976.5423669876,0.4556973803877963,98.27765434529884,77.3225987347966,261.8146648055326,0.8637011623017257,866.2,834.4,601.3,0
parallel_run_2129,Archetype_3,2,1.0,0.9237051360709524,0.0,0.0268428600100111,0,1,0,3,0.3333333333333333,11.30329623906534,14.11358006738063,2.119776423336449,80.39616228749757,927.2926047619708,0.0269989646361896,110.5634989792129,18.96908617913164,123.0786965714163,1.005760777712649,866.2,834.4,601.3,2
parallel_run_2130,Archetype_3,1,0.0,1.0,0.8212376122074184,0.0003900506904527,0,0,0,2,0.0,9.208165790113028,15.46907671514874,4.545251827774964,38.83541580815834,1956.9090829731,0.1622856966902549,21.41825610127897,34.46180060490662,143.3953587386619,1.21370144627473,866.2,834.4,601.3,1
parallel_run_2132,Archetype_3,0,0.3284934970876559,0.982640155651016,0.784343509073904,0.0159924476422222,0,1,0,3,0.3333333333333333,11.79622827938521,18.29050969456285,4.169805421292692,52.8848948871502,1412.193873679556,0.4257887667081556,79.79357681981203,42.21866859739012,215.0694877114157,0.8330072175424368,866.2,834.4,601.3,0
parallel_run_2133,Archetype_3,2,0.4985774191922228,0.9398942237181872,0.0,-2.698708244588404e-19,0,1,0,3,0.3333333333333333,7.646521843235478,7.231058342555429,3.31458691916786,41.69964252763987,671.0160759439195,0.4157057803155249,70.94792328052574,46.67117715729472,250.4862261361136,0.7327865198402268,866.2,834.4,601.3,2
parallel_run_2134,Archetype_3,2,1.0,0.8920282240729628,0.1410143681647587,0.2095946491974326,0,1,0,3,0.0,13.36289726948865,19.43255606974088,2.149756002614726,98.31009612961368,830.6769291617317,0.3440972357975186,24.40106928622523,21.65487938516236,225.1829757871136,1.25645844295112,866.2,834.4,601.3,2
parallel_run_2135,Archetype_3,0,0.2999802712366552,0.9691849987460258,0.0,0.051915534893573,0,1,0,3,0.3333333333333333,8.364797989299861,9.192250646467237,3.860538328046275,34.3813015352484,788.3970389732821,0.4717590306136611,144.6892794848065,41.70303632080136,285.1192728451363,0.9914750935718764,866.2,834.4,601.3,0
parallel_run_2136,Archetype_3,0,0.3743459607995302,0.9781416870057597,0.0,0.0322042525014261,0,1,0,3,0.3333333333333333,14.90080910970151,16.57440810558032,2.987874773593921,45.48329767203269,1579.101973947642,0.0323452792956046,124.7691560752347,13.25130095356169,131.0360691937709,1.160280557751469,866.2,834.4,601.3,0
parallel_run_2137,Archetype_3,2,1.0,0.8569423958927471,0.0,0.009361215714094,0,1,0,3,0.3333333333333333,6.738724478605125,10.74467739481464,4.059979339446745,91.01635205906643,546.9101382223519,0.1271291449095846,29.64904233951978,50.75070528467045,175.7269183945674,1.085475702971351,866.2,834.4,601.3,2
parallel_run_2138,Archetype_3,2,1.0,0.8882288198853484,0.0,0.2812084707217116,0,1,0,3,0.0,12.29475505195811,16.20117521024517,2.57668959775238,86.126770574267,694.6303209657378,0.3562216088726904,35.8027220756866,64.20784236580666,271.3979072062631,0.7973279454902197,866.2,834.4,601.3,2
parallel_run_2139,Archetype_3,1,1.0,0.9114334005840944,0.515254227728827,0.2470337287526461,0,0,0,0,0.0,5.41478544277491,13.9696886981829,3.800167267124271,93.40190108464566,1614.000840022941,0.2479437183689544,197.1143613561278,32.13386871974967,137.2906070612262,1.198479495410149,866.2,834.4,601.3,1
parallel_run_2140,Archetype_3,0,0.0410253981389328,0.9940177043350108,0.9090909090909092,0.0729426913317582,0,1,1,4,0.0,7.325244866915437,6.133456484961489,2.849506395765022,36.13139533184066,1846.939556478707,0.1045903725178832,104.708041937107,141.4654323491187,103.7582240168401,0.5719642415394346,866.2,834.4,601.3,0
parallel_run_2141,Archetype_3,0,0.2798360196162595,0.9773666113770358,0.8333333333333334,0.0,0,1,0,3,0.3333333333333333,10.09356256031139,11.29063222601615,4.76846366035301,76.79579046522252,1053.739944648393,0.2204308342752106,41.70644304050847,45.01347485513899,281.050931209811,1.263414311242694,866.2,834.4,601.3,0
parallel_run_2142,Archetype_3,0,0.2972263960036147,0.9815228692543294,0.833333333333339,0.0336102639771205,0,1,0,3,0.3333333333333333,6.186101812756469,15.06385238110333,2.884344918055505,31.24493007510238,986.5491512115816,0.0557544202849528,84.24127174220122,94.4970799647684,145.9465456157096,1.018398256176594,866.2,834.4,601.3,0
parallel_run_2144,Archetype_3,0,0.1564037503882007,0.98110206290904,0.8333333333333334,0.0865238518415976,0,1,0,3,0.0,5.875103409596851,7.908293010058282,2.390464514085502,54.80879767084504,951.9658153072828,0.3730351891050821,88.41266743681159,98.35668950325385,201.4163575543587,0.6395764243792184,866.2,834.4,601.3,0
parallel_run_2145,Archetype_3,0,0.1348899664752496,0.9796614878489516,0.7523096123374903,0.0473226681230639,0,1,1,5,0.0,9.89273547819015,5.915838497469448,4.894747269895554,35.37340681692577,1159.023486619083,0.501565989511877,72.72853972209614,37.63505720582668,179.0711115343357,0.7616663464940141,866.2,834.4,601.3,0
parallel_run_2146,Archetype_3,0,0.3635313234198322,0.9791979133938222,0.0,3.804584919975886e-05,0,1,0,3,0.3333333333333333,14.08524419392078,16.31334378769262,2.308954015500626,40.52170066997526,1429.94499687827,0.4596363285181422,47.00410072502583,15.67060968778293,242.31607024993,1.191021807579522,866.2,834.4,601.3,0
parallel_run_2147,Archetype_3,0,0.2282574355833836,0.9607220316746076,0.0771534495745199,0.2281292444102287,0,1,1,5,0.0,12.41392231723704,6.505360896541484,2.371739473104665,32.39759536864331,816.6382880545631,0.5170204646406725,23.22847379435524,49.02752712084806,184.9716219995724,1.138692518506339,866.2,834.4,601.3,0
parallel_run_2148,Archetype_3,0,0.2446302144049248,0.9791605722115806,0.8333333333332177,0.3651692474517734,0,1,0,3,0.0,11.20531214550689,17.28918987462175,2.41534597807669,62.25120319523698,1520.929737606235,0.5566745144953847,74.0786242796822,117.154618835779,125.2618930845108,1.040699628833873,866.2,834.4,601.3,0
parallel_run_2149,Archetype_3,0,0.1721229103758195,0.9867290100702146,0.8333333333333334,0.0101670153535479,0,1,0,3,0.3333333333333333,14.76040816329797,11.89711135068584,3.420702396064348,30.231907913922,1810.531238432742,0.1512092640839279,103.1976415956362,60.53852960346411,259.9151824744392,0.8372539290562797,866.2,834.4,601.3,0
parallel_run_2150,Archetype_3,1,0.6590029190692711,0.9600538138000436,0.8070249126382624,0.0248209131488696,0,0,0,2,0.0,7.125713809407731,15.76402470243221,2.203821019158463,30.66474775106086,1916.270048437812,0.5283635710427317,61.25580077898183,29.96136795184568,159.1614013752083,1.233712473598319,866.2,834.4,601.3,1
parallel_run_2151,Archetype_3,0,0.2987267985788198,0.9821254745105288,0.9090909090909092,0.1391049761060409,0,1,0,3,0.3333333333333333,8.679848728865139,17.93322578398463,2.012220077079774,83.75880309023228,1452.198189273966,0.1702477055167378,188.3270361277955,136.3991131874458,182.3163284478816,0.9737019697352638,866.2,834.4,601.3,0
parallel_run_2152,Archetype_3,0,0.4810851222745669,0.9562630951088544,0.8333333333333334,0.0139789414084605,0,1,0,3,0.3333333333333333,10.55930465773863,9.95253445312245,2.521216447715092,45.35968846878346,1103.764527095477,0.4796032918726125,40.24829434892813,79.6642707844849,235.4042582741113,1.120275647130058,866.2,834.4,601.3,0
parallel_run_2153,Archetype_3,1,0.1408531282609181,0.9777174511711112,0.8333333333333334,0.0,0,0,0,2,0.0,8.584062378535368,5.204947737148349,3.396878123134748,49.03717145112236,1633.945583329502,0.3831221102711273,55.84174480106363,55.43941616510568,267.3891249190509,1.103848703587101,866.2,834.4,601.3,1
parallel_run_2154,Archetype_3,2,1.0,0.9290777658297455,0.6137470693514393,0.0018435350935433,0,1,0,3,0.3333333333333333,11.48324720641784,13.54496100580118,2.943629403674687,73.69619351630662,959.6890243777384,0.1556452540222857,26.07329355182583,17.9346609870809,270.2527552749784,1.24797609559057,866.2,834.4,601.3,2
parallel_run_2155,Archetype_3,0,0.1639691746092951,0.9831328303632568,0.8592774454845344,0.5451622667985566,0,1,0,3,0.0,8.239417824778362,19.86594006810631,2.185631748368638,84.78697422249212,1014.516711027553,0.5729610607824123,94.5537552962944,103.539963389083,112.696063975848,0.8568714170808833,866.2,834.4,601.3,0
parallel_run_2156,Archetype_3,1,0.0,1.0,0.8333333333333334,0.0482578140911192,0,0,0,2,0.0,10.74739923464404,14.72531853706425,2.344142683785495,39.79251941170135,1382.725160889254,0.1302190494638491,44.96744153575168,45.57905328193963,117.6699208576838,0.5147064197244176,866.2,834.4,601.3,1
parallel_run_2158,Archetype_3,0,0.6261715750218276,0.9523532040711448,0.8333333333333334,0.2863058628747997,0,1,0,3,0.3333333333333333,12.62912539162891,17.1844658696355,2.641849634690004,42.22256724024653,904.387351538265,0.3237095872395198,68.36904203871276,108.7516199458351,169.4200698119767,0.6476733781840518,866.2,834.4,601.3,0
parallel_run_2159,Archetype_3,0,0.2485298677527595,0.9808844624642604,0.8333333333332735,0.0366299596816351,0,1,0,3,0.0,6.522201326382715,12.39939167303931,3.618708160073463,47.13963660315678,739.0878598442532,0.2748268178242084,80.41869864667342,47.40439371988354,195.7889275941752,0.5500432829432993,866.2,834.4,601.3,0
parallel_run_2160,Archetype_3,2,1.0,0.9135052713066056,0.8333333333333334,0.0345964806549355,0,1,0,3,0.3333333333333333,9.384437367855847,18.12707624626986,2.907152582017375,82.60031647176109,883.1361687269793,0.196669248894807,66.74094420558276,73.27740104246614,210.9777341720553,1.294178414837762,866.2,834.4,601.3,2
parallel_run_2161,Archetype_3,1,0.471625387154693,0.9487991614032808,0.878195904899441,0.5372240697369982,0,0,0,2,0.0,14.37657933613404,18.84410004062273,2.669185145620158,35.03786974557758,1927.503758948734,0.53662187709572,185.9380919407641,28.71237259798763,240.7907661092698,1.211179443278551,866.2,834.4,601.3,1
parallel_run_2162,Archetype_3,0,0.2487603418544255,0.985686940750338,0.8333333333333334,0.0162217252423006,0,1,0,3,0.3333333333333333,12.88294506062676,16.47370199557806,3.916427027915539,33.29873756204726,1553.403975838957,0.1037951584613293,35.14190572583635,68.48407504836385,165.2840596040335,1.272212627733274,866.2,834.4,601.3,0
parallel_run_2163,Archetype_3,1,0.2281988051662668,0.9808461441116436,0.8333333333333334,0.436396271348341,0,0,0,2,0.0,13.71417304507693,19.94297232922278,3.190463394584546,39.35568050526847,1306.802190395147,0.4398896859558368,173.4756545582791,57.55417542909995,217.6461551705664,0.6040099969531483,866.2,834.4,601.3,1
parallel_run_2164,Archetype_3,2,0.777063801461759,0.9033061229210428,0.1245818518864246,0.2458253815056373,0,1,1,5,0.0,10.0542437922061,9.52808842232428,2.7551726834745,63.83059444783521,602.6095239046633,0.5655852937121579,52.9250694322663,12.91258574592992,212.3338287792068,0.8863857524748795,866.2,834.4,601.3,2
parallel_run_2165,Archetype_3,1,0.4072141542160448,0.9758064184621552,0.8693349352755566,0.0921551401510444,0,0,0,2,0.0,8.902950966584617,17.34337950080082,3.071726683251704,72.97629984854609,1254.634228844618,0.0922887709307529,134.989883752535,20.33996544789689,133.8281740992772,0.6978638514594209,866.2,834.4,601.3,1
parallel_run_2166,Archetype_3,0,0.3728719846458286,0.9302694385598044,0.6382313905161676,0.2080532441866858,0,1,0,3,0.3333333333333333,5.219692016072181,5.614852538476582,3.507907836572578,37.36349927885944,613.7680335920102,0.2904762209302906,148.1467328115624,131.7779486933157,207.8141490530652,1.146935950080092,866.2,834.4,601.3,0
parallel_run_2167,Archetype_3,1,0.1382743314168588,0.9781346863869068,0.7366992138533216,5.036350908518324e-05,0,0,0,2,0.0,11.93340271693271,5.317576274973425,3.28343831907141,71.54504448894762,1838.989919269122,0.4945103601576556,50.50487388868805,23.73720438973167,225.8680659378676,1.111263875962919,866.2,834.4,601.3,1
parallel_run_2168,Archetype_3,2,1.0,0.9279172734771504,0.0,0.0575901424051003,0,1,0,3,0.3333333333333333,7.847009180844555,15.10246331425202,2.220849460660624,49.56921416774286,674.7929181340594,0.181477849380431,32.85601950306146,137.9877963370772,282.6442521246439,1.072413780762075,866.2,834.4,601.3,2
parallel_run_2169,Archetype_3,2,0.6949708594145467,0.9239158741972066,0.6657249757581053,7.129236522747e-17,0,1,0,2,0.0,5.307304167754404,8.062741299807017,2.856484395403244,90.46559420208708,591.9263990795743,0.5853009355147591,97.7904136753744,36.39089163854832,254.8378904988671,0.9033851808539108,866.2,834.4,601.3,1
parallel_run_2170,Archetype_3,2,1.0,0.9518377369014116,0.8333333333333334,0.0,0,1,0,1,1.0,8.088620780419058,19.64969158227921,2.445246324409711,38.13315627139157,846.5530044686006,0.2872874174759508,41.0140129305388,66.19506893135303,296.218590405105,0.6626148413292461,866.2,834.4,601.3,1
parallel_run_2171,Archetype_3,1,0.6932770786650124,0.939925754824877,0.9006510877379014,0.3897777600727173,0,0,0,2,0.0,7.737878589250059,17.65262552890793,2.04343847591413,60.65256661819086,794.1535603498564,0.3905802979433853,158.1284539410613,28.1308721236521,148.7173157451602,1.000044063032848,866.2,834.4,601.3,1
parallel_run_2172,Archetype_3,2,0.6707480373532124,0.9317684875712664,0.7466993834849465,0.4906214845518217,0,1,0,3,0.3333333333333333,13.0646439961812,18.24589508543017,2.716732587027388,46.65131170230379,725.1054169218328,0.5115983993063354,64.21434402267955,101.3397416534369,115.4601576016992,0.561267319729339,866.2,834.4,601.3,2
parallel_run_2173,Archetype_3,0,0.0,1.0,0.8333333333333334,0.0015659360322304,0,1,0,3,0.3333333333333333,14.55899147105204,16.92400224464144,4.505870455669541,48.66008960426488,1880.428773878496,0.1898057560671069,25.33689484018815,53.21861456331589,186.1609652237962,0.6245236166119492,866.2,834.4,601.3,0
parallel_run_2174,Archetype_3,2,0.9220606636616956,0.9305558868777548,0.6669580305652287,0.0728756669486042,0,1,0,3,0.3333333333333333,6.902588311173137,13.28544430155988,2.608092824810263,48.10349831449953,712.0868495925945,0.5809073215674864,59.06523453291005,146.7428585041353,298.5472537308848,1.224555548142108,866.2,834.4,601.3,2
parallel_run_2176,Archetype_3,1,1.0,0.9499494442808868,0.8305502382581612,0.0017013354677866,0,1,0,1,0.0,5.645937846490421,19.08999399027946,4.574685372982158,59.43535530068567,740.044618160573,0.4465748804743228,76.02908933133577,44.09919367093785,262.8462682705834,0.782484278393255,1460.3,235.3,741.4,1
parallel_run_2177,Archetype_3,0,0.5858982697635379,0.9599147129879644,0.6333236414615933,0.1170821502361795,0,1,0,3,0.3333333333333333,13.49964268135165,15.33095577911059,4.464674582116157,42.94616278436651,1185.794953774338,0.117649937817252,137.4023502352264,22.49168264409253,128.2191212271367,0.5911665438533666,1460.3,235.3,741.4,0
parallel_run_2178,Archetype_3,1,1.0,0.9365713756300232,0.8333333333333334,0.22826660272411,0,0,0,0,0.0,6.405292284318544,19.53555145216947,3.764585606427318,64.73890400335439,850.6267050193985,0.2646507902451352,37.50790122422556,110.5320184729022,100.9223548185412,1.28665717130124,1460.3,235.3,741.4,1
parallel_run_2179,Archetype_3,1,1.0,0.925089033862874,0.0,0.1868846998997862,0,0,0,0,0.0,5.078233488755179,15.36811055664406,4.023785290991664,68.86856051780249,1676.075248578451,0.2246787017126815,129.5689761803989,24.65199699594505,232.3224413807133,0.6774859235206085,1460.3,235.3,741.4,1
parallel_run_2180,Archetype_3,3,0.8323696135694625,0.9097356533771764,0.8333333333333334,0.0401664971784359,1,0,1,3,0.6666666666666666,9.795367374301884,8.46566765326878,4.968477490368761,93.10632240494294,1005.748088406246,0.0638931166280094,56.87494984404746,127.412906728483,150.7886454235,1.149819164967017,1460.3,235.3,741.4,3
parallel_run_2181,Archetype_3,3,0.4462534006051169,0.9639051843251618,0.8333333333333334,0.1376754744804037,1,0,1,3,0.6666666666666666,13.21427123302489,12.99077849367701,2.804621181868556,57.60856169568081,1509.042894252557,0.202994166366049,91.80831738898752,122.5526135883852,139.657431483073,1.128863155150354,1460.3,235.3,741.4,3
parallel_run_2183,Archetype_3,2,0.8555318201241295,0.9078811875091388,0.0,0.0488361983386403,0,0,0,2,0.0,6.639503134093878,8.702036358183824,2.460006477284389,50.84918084009174,1224.275709388201,0.14250239653806,114.0559579566393,16.49310952489565,222.5836742807619,1.025953997214746,1460.3,235.3,741.4,1
parallel_run_2185,Archetype_3,1,0.4553249748261407,0.9606378887484772,0.8044109247880733,0.3872963448915723,0,0,0,2,0.0,13.53541818756549,17.50384951367896,4.718111782544003,32.06607470803334,1682.919135964777,0.407888008510583,62.79308556464255,40.8608152984074,108.3468966403483,0.7505038651828599,1460.3,235.3,741.4,1
parallel_run_2186,Archetype_3,1,1.0,0.9027757717181474,0.7628449438945514,0.3389216197260624,0,0,0,0,0.0,9.589786864094185,14.52009542132607,2.25760526337914,95.46321746956043,1743.776803747743,0.3420270254820715,154.4883468009115,38.07535167163682,155.3553685224774,0.5347162870897352,1460.3,235.3,741.4,1
parallel_run_2188,Archetype_3,0,0.1557290119320678,0.9895553985312652,0.8333333333333426,0.1309294855335471,0,1,0,3,0.3333333333333333,11.5724650899624,15.71417657225041,2.505463074151018,37.82135289309134,1732.171085268251,0.2966680057335894,87.89904124731528,124.3179479506931,188.0589961374106,0.6121933944560484,1460.3,235.3,741.4,0
parallel_run_2189,Archetype_3,2,1.0,0.8709757918780997,0.6464018501051292,0.0616617578070875,0,1,0,3,0.0,7.401877309695345,16.72060108361629,4.239354502223774,78.9004950381646,763.9731909619118,0.0862171753274194,168.5882939237162,10.48455250370037,274.1962939177321,0.9381802418748396,1460.3,235.3,741.4,2
parallel_run_2190,Archetype_3,1,1.0,0.9127230846359504,0.5477352586678732,4.10066572587114e-05,0,0,0,0,0.0,6.226512320545174,10.57007202633626,4.816232216133942,78.55254926123328,1473.572870709382,0.3084672339978864,39.11190515019379,26.58517665913403,167.9697151744124,0.8989728030906465,1460.3,235.3,741.4,1
parallel_run_2191,Archetype_3,1,0.510214077425762,0.95319726171111,0.8333333333333334,0.2176727359369274,0,0,0,2,0.0,8.028178927033153,12.69358091967134,3.112625106465832,36.62334427994244,1295.694779439287,0.2513937760739758,117.9684651723182,90.13045861303728,158.0544197808208,0.9195426682975842,1460.3,235.3,741.4,1
parallel_run_2192,Archetype_3,1,0.8975044027096677,0.886842303552829,0.7371081485771498,0.0232348817441832,0,0,0,2,0.0,5.772023405404161,7.116169331792253,2.064522668331408,56.51085137099933,1786.195480402135,0.0232508350807578,161.0329775531958,25.14851249315225,197.822121004284,0.7197444930411876,1460.3,235.3,741.4,1
parallel_run_2193,Archetype_3,0,0.3244378885743306,0.9813677114719552,0.9090909090909068,0.043279024282165,0,1,0,3,0.3333333333333333,9.480794663304136,17.03804542014852,4.639878986106728,99.35855694037711,1250.245306083507,0.4168895798584492,43.35096290748591,149.1588574610129,277.1890738836713,1.083347637799514,1460.3,235.3,741.4,0
parallel_run_2194,Archetype_3,2,1.0,0.9011160354515784,0.833333333333318,0.271946791462023,0,1,0,3,0.3333333333333333,12.59017345046845,19.02253176729523,3.9523185428614,96.0626212890334,921.343979285896,0.3159410008343269,143.9201303011419,83.56764829664709,247.3963377767511,1.184696545793093,1460.3,235.3,741.4,2
parallel_run_2195,Archetype_3,3,0.7284641311902694,0.9454831131028388,0.0,0.329104792857127,1,0,1,3,0.6666666666666666,13.88681027006693,18.61075821619153,4.347085125891433,43.42201779666991,778.7163195623369,0.5440908291581393,33.79114171279144,30.41474642500482,289.3256653337539,0.7671046222699125,1460.3,235.3,741.4,3
parallel_run_2196,Archetype_3,1,0.3841459002900133,0.8871394278418199,0.1158006953868755,0.5617066409862136,0,0,0,2,0.0,10.32199462340584,6.699275404416465,2.08038382636346,44.79361792876074,979.8557987975116,0.595749285135953,177.31500644115,11.06955829270862,290.4698168059626,1.067301995703033,1460.3,235.3,741.4,1
parallel_run_2197,Archetype_3,3,0.1932386418948304,0.9806476825316652,0.8333333333333334,0.3160470671945697,1,0,1,3,0.6666666666666666,10.44667181037197,13.25070225132207,4.259523874160369,88.11039822390016,1086.489408610497,0.3604504262054547,93.26680170863348,86.31118950437782,141.2036987315458,0.8099763525700954,1460.3,235.3,741.4,3
parallel_run_2198,Archetype_3,1,0.3710379277976429,0.9563814786504924,0.8333333333333334,0.3339846371241334,0,0,0,2,0.0,7.193260089885094,11.65964368980142,4.36245347424116,67.47086947928852,860.866485459772,0.3929505433301446,47.88817474253383,105.9284432028051,105.7696635231778,0.7077017593878874,1460.3,235.3,741.4,1
parallel_run_2199,Archetype_3,3,0.1423622697131926,0.9917273335017696,0.8203719330311091,2.2128991910725617e-17,1,0,1,3,0.6666666666666666,10.87938801553206,16.037856129965,2.961086101395173,69.6604654795751,1130.70880630468,0.3289402099742169,45.2910359937304,14.91317533979289,294.1194921299998,1.165324106539424,1460.3,235.3,741.4,3
parallel_run_2200,Archetype_3,0,0.3814732241457598,0.9750026256307428,0.8496877250330677,0.2558304668030545,0,1,0,3,0.3333333333333333,11.04944243362644,19.24071518137925,3.605624564480587,53.85239415205597,1355.675352940887,0.2611936824169285,192.5155188876426,93.4514385332439,163.183152602084,0.9537850554699546,1460.3,235.3,741.4,0
parallel_run_2201,Archetype_3,2,1.0,0.828056237238032,0.8333333333333334,0.5182731640286461,0,0,1,3,0.0,9.08917883368848,15.93141516714483,2.552097542916801,87.05159164902761,516.4075892774002,0.5259683590341234,164.5121833558311,80.95119800030251,191.2553856341034,1.094491785369062,1460.3,235.3,741.4,2
parallel_run_2202,Archetype_3,1,0.3454193937224243,0.9537214311210724,0.8333333333333334,0.333387238237251,0,0,0,2,0.0,6.022122980882333,10.18624643812967,4.118622604217991,44.05635878211464,657.7419002366751,0.4846669501207773,27.38228323221475,120.2686065600439,118.8863494549756,1.050243965660369,1460.3,235.3,741.4,1
parallel_run_2203,Archetype_3,0,0.3297056385322873,0.9830727212334838,0.8333333333333334,0.038750861359651,0,1,0,3,0.3333333333333333,12.81217303836103,18.79926099501478,3.671884488568053,46.3834911494316,1976.5423669876,0.4556973803877963,98.27765434529884,77.3225987347966,261.8146648055326,0.8637011623017257,1460.3,235.3,741.4,0
parallel_run_2204,Archetype_3,2,1.0,0.9232638352741886,0.0,0.0270037314622629,0,1,0,3,0.3333333333333333,11.30329623906534,14.11358006738063,2.119776423336449,80.39616228749757,927.2926047619708,0.0269989646361896,110.5634989792129,18.96908617913164,123.0786965714163,1.005760777712649,1460.3,235.3,741.4,2
parallel_run_2205,Archetype_3,1,0.7545095076228251,0.954199688715662,0.6994454026028288,0.0029377586689448,0,0,0,2,0.0,9.208165790113028,15.46907671514874,4.545251827774964,38.83541580815834,1956.9090829731,0.1622856966902549,21.41825610127897,34.46180060490662,143.3953587386619,1.21370144627473,1460.3,235.3,741.4,1
parallel_run_2207,Archetype_3,2,0.9264935837957532,0.9513880096366648,0.7509190258364471,0.0168835484589729,0,1,0,3,0.3333333333333333,11.79622827938521,18.29050969456285,4.169805421292692,52.8848948871502,1412.193873679556,0.4257887667081556,79.79357681981203,42.21866859739012,215.0694877114157,0.8330072175424368,1460.3,235.3,741.4,0
parallel_run_2208,Archetype_3,3,0.5065246122932087,0.9394502069008932,0.872431657108481,0.0,1,0,1,3,0.6666666666666666,7.646521843235478,7.231058342555429,3.31458691916786,41.69964252763987,671.0160759439195,0.4157057803155249,70.94792328052574,46.67117715729472,250.4862261361136,0.7327865198402268,1460.3,235.3,741.4,3
parallel_run_2209,Archetype_3,2,1.0,0.8923320240829754,0.426031014701636,0.2051473942540151,0,0,1,3,0.0,13.36289726948865,19.43255606974088,2.149756002614726,98.31009612961368,830.6769291617317,0.3440972357975186,24.40106928622523,21.65487938516236,225.1829757871136,1.25645844295112,1460.3,235.3,741.4,2
parallel_run_2210,Archetype_3,3,0.3892013256000562,0.9597340364675736,0.7455458670818066,0.059320750457301,1,0,1,3,0.6666666666666666,8.364797989299861,9.192250646467237,3.860538328046275,34.3813015352484,788.3970389732821,0.4717590306136611,144.6892794848065,41.70303632080136,285.1192728451363,0.9914750935718764,1460.3,235.3,741.4,3
parallel_run_2211,Archetype_3,3,0.3818819025643228,0.9777518795968276,0.5547866500338737,0.0322269646954077,1,0,1,3,0.6666666666666666,14.90080910970151,16.57440810558032,2.987874773593921,45.48329767203269,1579.101973947642,0.0323452792956046,124.7691560752347,13.25130095356169,131.0360691937709,1.160280557751469,1460.3,235.3,741.4,3
parallel_run_2212,Archetype_3,3,1.0,0.8646553751599863,0.6302366303709594,0.0078871154683934,1,0,1,3,0.6666666666666666,6.738724478605125,10.74467739481464,4.059979339446745,91.01635205906643,546.9101382223519,0.1271291449095846,29.64904233951978,50.75070528467045,175.7269183945674,1.085475702971351,1460.3,235.3,741.4,3
parallel_run_2213,Archetype_3,3,1.0,0.8882129529470408,0.0,0.2766050002298175,1,0,1,3,0.6666666666666666,12.29475505195811,16.20117521024517,2.57668959775238,86.126770574267,694.6303209657378,0.3562216088726904,35.8027220756866,64.20784236580666,271.3979072062631,0.7973279454902197,1460.3,235.3,741.4,3
parallel_run_2214,Archetype_3,1,1.0,0.912199193867324,0.5240897286609638,0.2474862524171488,0,0,0,0,0.0,5.41478544277491,13.9696886981829,3.800167267124271,93.40190108464566,1614.000840022941,0.2479437183689544,197.1143613561278,32.13386871974967,137.2906070612262,1.198479495410149,1460.3,235.3,741.4,1
parallel_run_2215,Archetype_3,0,0.0003916506318332,0.9999427334034182,0.8333333333333582,0.0678267854769336,0,0,1,4,0.0,7.325244866915437,6.133456484961489,2.849506395765022,36.13139533184066,1846.939556478707,0.1045903725178832,104.708041937107,141.4654323491187,103.7582240168401,0.5719642415394346,1460.3,235.3,741.4,0
parallel_run_2216,Archetype_3,2,1.0,0.9179871270083892,0.8333333333333334,0.0,0,1,0,3,0.3333333333333333,10.09356256031139,11.29063222601615,4.76846366035301,76.79579046522252,1053.739944648393,0.2204308342752106,41.70644304050847,45.01347485513899,281.050931209811,1.263414311242694,1460.3,235.3,741.4,2
parallel_run_2217,Archetype_3,1,0.7120564858183666,0.9541812624359856,0.8333333333333334,0.0400365830074343,0,0,1,3,0.0,6.186101812756469,15.06385238110333,2.884344918055505,31.24493007510238,986.5491512115816,0.0557544202849528,84.24127174220122,94.4970799647684,145.9465456157096,1.018398256176594,1460.3,235.3,741.4,0
parallel_run_2219,Archetype_3,1,0.5354816322662272,0.9335422085674082,0.8333333333333334,0.0995392065442648,0,0,1,3,0.0,5.875103409596851,7.908293010058282,2.390464514085502,54.80879767084504,951.9658153072828,0.3730351891050821,88.41266743681159,98.35668950325385,201.4163575543587,0.6395764243792184,1460.3,235.3,741.4,2
parallel_run_2220,Archetype_3,3,0.2738132150646833,0.9567629336133064,0.7627052187430651,0.0863112330562041,0,0,1,4,0.0,9.89273547819015,5.915838497469448,4.894747269895554,35.37340681692577,1159.023486619083,0.501565989511877,72.72853972209614,37.63505720582668,179.0711115343357,0.7616663464940141,1460.3,235.3,741.4,0
parallel_run_2221,Archetype_3,3,0.2284924840853855,0.986938521283386,0.9295808502626168,0.0,1,0,1,3,0.6666666666666666,14.08524419392078,16.31334378769262,2.308954015500626,40.52170066997526,1429.94499687827,0.4596363285181422,47.00410072502583,15.67060968778293,242.31607024993,1.191021807579522,1460.3,235.3,741.4,3
parallel_run_2222,Archetype_3,3,0.2280870044735002,0.9610238218283794,0.1671023419033859,0.2289469370828379,0,0,1,4,0.0,12.41392231723704,6.505360896541484,2.371739473104665,32.39759536864331,816.6382880545631,0.5170204646406725,23.22847379435524,49.02752712084806,184.9716219995724,1.138692518506339,1460.3,235.3,741.4,0
parallel_run_2223,Archetype_3,1,0.2445234442210241,0.9788872840985846,0.8333333333333334,0.3732996484513949,0,0,1,3,0.0,11.20531214550689,17.28918987462175,2.41534597807669,62.25120319523698,1520.929737606235,0.5566745144953847,74.0786242796822,117.154618835779,125.2618930845108,1.040699628833873,1460.3,235.3,741.4,0
parallel_run_2224,Archetype_3,3,0.2121220060043906,0.9836207344508584,0.8333333333333334,0.0139737121530583,1,0,1,3,0.6666666666666666,14.76040816329797,11.89711135068584,3.420702396064348,30.231907913922,1810.531238432742,0.1512092640839279,103.1976415956362,60.53852960346411,259.9151824744392,0.8372539290562797,1460.3,235.3,741.4,3
parallel_run_2225,Archetype_3,1,0.7976603898535086,0.9515272783103758,0.7605417400553398,0.0222203305159021,0,0,0,2,0.0,7.125713809407731,15.76402470243221,2.203821019158463,30.66474775106086,1916.270048437812,0.5283635710427317,61.25580077898183,29.96136795184568,159.1614013752083,1.233712473598319,1460.3,235.3,741.4,1
parallel_run_2226,Archetype_3,0,0.3576421117932081,0.9783982927165532,0.909090909090909,0.1450268168780437,0,1,0,3,0.3333333333333333,8.679848728865139,17.93322578398463,2.012220077079774,83.75880309023228,1452.198189273966,0.1702477055167378,188.3270361277955,136.3991131874458,182.3163284478816,0.9737019697352638,1460.3,235.3,741.4,0
parallel_run_2227,Archetype_3,3,0.359149472490016,0.967349176101332,0.8333333333333334,0.0115860254335407,1,0,1,3,0.6666666666666666,10.55930465773863,9.95253445312245,2.521216447715092,45.35968846878346,1103.764527095477,0.4796032918726125,40.24829434892813,79.6642707844849,235.4042582741113,1.120275647130058,1460.3,235.3,741.4,3
parallel_run_2228,Archetype_3,1,0.2139287543374488,0.9664505377856762,0.8333333333333334,0.0,0,0,0,2,0.0,8.584062378535368,5.204947737148349,3.396878123134748,49.03717145112236,1633.945583329502,0.3831221102711273,55.84174480106363,55.43941616510568,267.3891249190509,1.103848703587101,1460.3,235.3,741.4,1
parallel_run_2229,Archetype_3,2,1.0,0.9292729260411468,0.7061954626470879,0.0022025197826458,0,1,0,3,0.3333333333333333,11.48324720641784,13.54496100580118,2.943629403674687,73.69619351630662,959.6890243777384,0.1556452540222857,26.07329355182583,17.9346609870809,270.2527552749784,1.24797609559057,1460.3,235.3,741.4,2
parallel_run_2230,Archetype_3,1,0.2118554527141953,0.9782750129164078,0.8349993932221973,0.534511787492708,0,0,0,2,0.0,8.239417824778362,19.86594006810631,2.185631748368638,84.78697422249212,1014.516711027553,0.5729610607824123,94.5537552962944,103.539963389083,112.696063975848,0.8568714170808833,1460.3,235.3,741.4,1
parallel_run_2231,Archetype_3,1,0.6329927487554293,0.957842406181568,0.8333333333333334,0.0553293691636934,0,0,0,2,0.0,10.74739923464404,14.72531853706425,2.344142683785495,39.79251941170135,1382.725160889254,0.1302190494638491,44.96744153575168,45.57905328193963,117.6699208576838,0.5147064197244176,1460.3,235.3,741.4,1
parallel_run_2233,Archetype_3,0,0.6267854639117693,0.9519417569185694,0.8333333333333334,0.2830020017803001,0,1,0,3,0.3333333333333333,12.62912539162891,17.1844658696355,2.641849634690004,42.22256724024653,904.387351538265,0.3237095872395198,68.36904203871276,108.7516199458351,169.4200698119767,0.6476733781840518,1460.3,235.3,741.4,0
parallel_run_2234,Archetype_3,2,1.0,0.9212381975701588,0.8333333333333334,0.0594224262745705,0,1,0,1,0.0,6.522201326382715,12.39939167303931,3.618708160073463,47.13963660315678,739.0878598442532,0.2748268178242084,80.41869864667342,47.40439371988354,195.7889275941752,0.5500432829432993,1460.3,235.3,741.4,1
parallel_run_2235,Archetype_3,2,1.0,0.9129813150592,0.8333333333333334,0.0346005925592761,0,1,0,3,0.3333333333333333,9.384437367855847,18.12707624626986,2.907152582017375,82.60031647176109,883.1361687269793,0.196669248894807,66.74094420558276,73.27740104246614,210.9777341720553,1.294178414837762,1460.3,235.3,741.4,2
parallel_run_2236,Archetype_3,1,0.5461241402824889,0.9409075548336224,0.8880300060863223,0.5380308772666473,0,0,0,2,0.0,14.37657933613404,18.84410004062273,2.669185145620158,35.03786974557758,1927.503758948734,0.53662187709572,185.9380919407641,28.71237259798763,240.7907661092698,1.211179443278551,1460.3,235.3,741.4,1
parallel_run_2237,Archetype_3,0,0.458105695824538,0.9731783482248928,0.8333333333333334,0.0261870577684616,0,1,0,3,0.3333333333333333,12.88294506062676,16.47370199557806,3.916427027915539,33.29873756204726,1553.403975838957,0.1037951584613293,35.14190572583635,68.48407504836385,165.2840596040335,1.272212627733274,1460.3,235.3,741.4,0
parallel_run_2238,Archetype_3,1,0.4472635660318571,0.9621033096355238,0.8333333333333334,0.4369108741351373,0,0,0,2,0.0,13.71417304507693,19.94297232922278,3.190463394584546,39.35568050526847,1306.802190395147,0.4398896859558368,173.4756545582791,57.55417542909995,217.6461551705664,0.6040099969531483,1460.3,235.3,741.4,1
parallel_run_2239,Archetype_3,2,0.7686039266859177,0.9036933849465952,0.2618398432398199,0.2451780552981599,0,0,1,4,0.0,10.0542437922061,9.52808842232428,2.7551726834745,63.83059444783521,602.6095239046633,0.5655852937121579,52.9250694322663,12.91258574592992,212.3338287792068,0.8863857524748795,1460.3,235.3,741.4,2
parallel_run_2240,Archetype_3,1,0.9988903184246278,0.9402939714178442,0.8895945862818228,0.0921710946833524,0,0,0,2,0.0,8.902950966584617,17.34337950080082,3.071726683251704,72.97629984854609,1254.634228844618,0.0922887709307529,134.989883752535,20.33996544789689,133.8281740992772,0.6978638514594209,1460.3,235.3,741.4,1
parallel_run_2241,Archetype_3,3,0.3587393713677477,0.9330281900457372,0.833333333333341,0.206853582458962,1,0,1,3,0.6666666666666666,5.219692016072181,5.614852538476582,3.507907836572578,37.36349927885944,613.7680335920102,0.2904762209302906,148.1467328115624,131.7779486933157,207.8141490530652,1.146935950080092,1460.3,235.3,741.4,3
parallel_run_2242,Archetype_3,3,2.462521130816733e-05,0.9999961026559144,0.8481158265407562,5.032050393095018e-05,1,0,1,2,0.5,11.93340271693271,5.317576274973425,3.28343831907141,71.54504448894762,1838.989919269122,0.4945103601576556,50.50487388868805,23.73720438973167,225.8680659378676,1.111263875962919,1460.3,235.3,741.4,1
parallel_run_2243,Archetype_3,2,1.0,0.9286438200417828,0.0,0.059592441418618,0,1,0,3,0.3333333333333333,7.847009180844555,15.10246331425202,2.220849460660624,49.56921416774286,674.7929181340594,0.181477849380431,32.85601950306146,137.9877963370772,282.6442521246439,1.072413780762075,1460.3,235.3,741.4,2
parallel_run_2244,Archetype_3,2,1.0,0.851923568191289,0.6277099751229026,0.0050758386717112,0,0,0,1,0.0,5.307304167754404,8.062741299807017,2.856484395403244,90.46559420208708,591.9263990795743,0.5853009355147591,97.7904136753744,36.39089163854832,254.8378904988671,0.9033851808539108,1460.3,235.3,741.4,1
parallel_run_2245,Archetype_3,2,1.0,0.9522202768291284,0.833333333333165,0.0,0,1,0,1,1.0,8.088620780419058,19.64969158227921,2.445246324409711,38.13315627139157,846.5530044686006,0.2872874174759508,41.0140129305388,66.19506893135303,296.218590405105,0.6626148413292461,1460.3,235.3,741.4,1
parallel_run_2246,Archetype_3,1,1.0,0.9125881023266008,0.7092543139923929,0.3905452853073562,0,0,0,0,0.0,7.737878589250059,17.65262552890793,2.04343847591413,60.65256661819086,794.1535603498564,0.3905802979433853,158.1284539410613,28.1308721236521,148.7173157451602,1.000044063032848,1460.3,235.3,741.4,1
parallel_run_2247,Archetype_3,3,0.6208031569962159,0.9352329417657436,0.8333333333333334,0.4997746199252128,1,0,1,3,0.6666666666666666,13.0646439961812,18.24589508543017,2.716732587027388,46.65131170230379,725.1054169218328,0.5115983993063354,64.21434402267955,101.3397416534369,115.4601576016992,0.561267319729339,1460.3,235.3,741.4,3
parallel_run_2248,Archetype_3,3,0.3254755957575986,0.9821109031050288,0.8333333333333334,0.0043054311550585,1,0,1,3,0.6666666666666666,14.55899147105204,16.92400224464144,4.505870455669541,48.66008960426488,1880.428773878496,0.1898057560671069,25.33689484018815,53.21861456331589,186.1609652237962,0.6245236166119492,1460.3,235.3,741.4,3
parallel_run_2249,Archetype_3,3,0.8894252489659934,0.933186289764302,0.8245580438427885,0.07380150036286,1,0,1,3,0.6666666666666666,6.902588311173137,13.28544430155988,2.608092824810263,48.10349831449953,712.0868495925945,0.5809073215674864,59.06523453291005,146.7428585041353,298.5472537308848,1.224555548142108,1460.3,235.3,741.4,3
parallel_run_2251,Archetype_4,1,0.5006583462347797,0.9751647224614912,0.8296127853786605,0.0,0,0,1,2,0.0,5.645937846490421,19.08999399027946,4.574685372982158,59.43535530068567,740.044618160573,0.4465748804743228,76.02908933133577,44.09919367093785,262.8462682705834,0.782484278393255,903.4,306.4,299.0,1
parallel_run_2252,Archetype_4,0,0.1596929807073254,0.988959398045723,0.5304203203364406,0.1173901264140869,0,1,0,3,0.3333333333333333,13.49964268135165,15.33095577911059,4.464674582116157,42.94616278436651,1185.794953774338,0.117649937817252,137.4023502352264,22.49168264409253,128.2191212271367,0.5911665438533666,903.4,306.4,299.0,0
parallel_run_2253,Archetype_4,3,0.4745658186443395,0.9703271141316684,0.8333333333333334,0.2257212287337802,1,0,1,3,0.0,6.405292284318544,19.53555145216947,3.764585606427318,64.73890400335439,850.6267050193985,0.2646507902451352,37.50790122422556,110.5320184729022,100.9223548185412,1.28665717130124,903.4,306.4,299.0,3
parallel_run_2254,Archetype_4,1,0.4205810213446259,0.9685145968030724,0.0524822437645062,0.1796452113310603,0,0,0,2,0.0,5.078233488755179,15.36811055664406,4.023785290991664,68.86856051780249,1676.075248578451,0.2246787017126815,129.5689761803989,24.65199699594505,232.3224413807133,0.6774859235206085,903.4,306.4,299.0,1
parallel_run_2255,Archetype_4,3,0.8301357304519708,0.9099662190613416,0.9090909090909092,0.0382397219616712,1,1,1,4,0.25,9.795367374301884,8.46566765326878,4.968477490368761,93.10632240494294,1005.748088406246,0.0638931166280094,56.87494984404746,127.412906728483,150.7886454235,1.149819164967017,903.4,306.4,299.0,3
parallel_run_2256,Archetype_4,3,0.3650697940924457,0.9704872611352732,0.9090909090909092,0.1348827305151317,1,1,1,4,0.25,13.21427123302489,12.99077849367701,2.804621181868556,57.60856169568081,1509.042894252557,0.202994166366049,91.80831738898752,122.5526135883852,139.657431483073,1.128863155150354,903.4,306.4,299.0,3
parallel_run_2258,Archetype_4,1,0.327882562403132,0.9648671486677006,0.0,0.0509696344253299,0,0,0,2,0.0,6.639503134093878,8.702036358183824,2.460006477284389,50.84918084009174,1224.275709388201,0.14250239653806,114.0559579566393,16.49310952489565,222.5836742807619,1.025953997214746,903.4,306.4,299.0,1
parallel_run_2260,Archetype_4,1,3.3942471063741747e-06,0.9999996980627712,0.8473320943066455,0.3995678336437281,0,0,0,2,0.0,13.53541818756549,17.50384951367896,4.718111782544003,32.06607470803334,1682.919135964777,0.407888008510583,62.79308556464255,40.8608152984074,108.3468966403483,0.7505038651828599,903.4,306.4,299.0,1
parallel_run_2261,Archetype_4,1,0.153723934014382,0.985006779068656,0.8458710107245554,0.3409425505738573,0,0,0,2,0.0,9.589786864094185,14.52009542132607,2.25760526337914,95.46321746956043,1743.776803747743,0.3420270254820715,154.4883468009115,38.07535167163682,155.3553685224774,0.5347162870897352,903.4,306.4,299.0,1
parallel_run_2263,Archetype_4,0,0.0602862696375845,0.9960460627832006,0.8333333333333334,0.1075439064763615,0,1,0,3,0.3333333333333333,11.5724650899624,15.71417657225041,2.505463074151018,37.82135289309134,1732.171085268251,0.2966680057335894,87.89904124731528,124.3179479506931,188.0589961374106,0.6121933944560484,903.4,306.4,299.0,0
parallel_run_2264,Archetype_4,3,0.5833783520855566,0.9648136891842068,0.1333325263779863,0.0646927296661884,1,0,1,3,0.0,7.401877309695345,16.72060108361629,4.239354502223774,78.9004950381646,763.9731909619118,0.0862171753274194,168.5882939237162,10.48455250370037,274.1962939177321,0.9381802418748396,903.4,306.4,299.0,3
parallel_run_2265,Archetype_4,1,0.0,1.0,0.6616259722909035,8.933474650400279e-05,0,0,0,2,0.0,6.226512320545174,10.57007202633626,4.816232216133942,78.55254926123328,1473.572870709382,0.3084672339978864,39.11190515019379,26.58517665913403,167.9697151744124,0.8989728030906465,903.4,306.4,299.0,1
parallel_run_2266,Archetype_4,3,0.2177474816226744,0.9800080730161668,0.8333333333333481,0.2162030863364298,1,0,1,3,0.0,8.028178927033153,12.69358091967134,3.112625106465832,36.62334427994244,1295.694779439287,0.2513937760739758,117.9684651723182,90.13045861303728,158.0544197808208,0.9195426682975842,903.4,306.4,299.0,3
parallel_run_2267,Archetype_4,3,0.2244415947520099,0.9718130654189197,0.6923417368777979,0.0232972285107179,1,0,1,3,0.0,5.772023405404161,7.116169331792253,2.064522668331408,56.51085137099933,1786.195480402135,0.0232508350807578,161.0329775531958,25.14851249315225,197.822121004284,0.7197444930411876,903.4,306.4,299.0,3
parallel_run_2268,Archetype_4,3,0.214370703260645,0.9877500558368976,0.848510706018459,0.0456446504717868,1,1,1,3,0.3333333333333333,9.480794663304136,17.03804542014852,4.639878986106728,99.35855694037711,1250.245306083507,0.4168895798584492,43.35096290748591,149.1588574610129,277.1890738836713,1.083347637799514,903.4,306.4,299.0,3
parallel_run_2269,Archetype_4,3,1.0,0.9002208094797457,0.8333333333333334,0.2832236982654917,1,1,1,3,0.3333333333333333,12.59017345046845,19.02253176729523,3.9523185428614,96.0626212890334,921.343979285896,0.3159410008343269,143.9201303011419,83.56764829664709,247.3963377767511,1.184696545793093,903.4,306.4,299.0,3
parallel_run_2270,Archetype_4,2,0.7234852913830333,0.9455464465027774,0.0,0.3253338625045539,0,1,0,3,0.3333333333333333,13.88681027006693,18.61075821619153,4.347085125891433,43.42201779666991,778.7163195623369,0.5440908291581393,33.79114171279144,30.41474642500482,289.3256653337539,0.7671046222699125,903.4,306.4,299.0,2
parallel_run_2271,Archetype_4,3,0.1902747423223171,0.943956570526715,0.0091877311254365,0.5622120779692927,1,0,1,3,0.0,10.32199462340584,6.699275404416465,2.08038382636346,44.79361792876074,979.8557987975116,0.595749285135953,177.31500644115,11.06955829270862,290.4698168059626,1.067301995703033,903.4,306.4,299.0,3
parallel_run_2272,Archetype_4,0,0.1313752646985683,0.9869668819331192,0.8333333333333334,0.3067377953708356,0,1,0,3,0.3333333333333333,10.44667181037197,13.25070225132207,4.259523874160369,88.11039822390016,1086.489408610497,0.3604504262054547,93.26680170863348,86.31118950437782,141.2036987315458,0.8099763525700954,903.4,306.4,299.0,0
parallel_run_2273,Archetype_4,1,0.0798449188561139,0.9906090440430384,0.8333333333333334,0.3378235179597226,0,0,0,2,0.0,7.193260089885094,11.65964368980142,4.36245347424116,67.47086947928852,860.866485459772,0.3929505433301446,47.88817474253383,105.9284432028051,105.7696635231778,0.7077017593878874,903.4,306.4,299.0,1
parallel_run_2274,Archetype_4,0,2.8388852658216527e-05,0.9999983420629562,-2.5472800301722902e-14,1.7381343393368348e-16,0,1,0,3,0.3333333333333333,10.87938801553206,16.037856129965,2.961086101395173,69.6604654795751,1130.70880630468,0.3289402099742169,45.2910359937304,14.91317533979289,294.1194921299998,1.165324106539424,903.4,306.4,299.0,0
parallel_run_2275,Archetype_4,0,0.3281467577796869,0.978537843602146,0.9090909090909092,0.2560029616086698,0,1,0,3,0.3333333333333333,11.04944243362644,19.24071518137925,3.605624564480587,53.85239415205597,1355.675352940887,0.2611936824169285,192.5155188876426,93.4514385332439,163.183152602084,0.9537850554699546,903.4,306.4,299.0,0
parallel_run_2276,Archetype_4,3,0.4132208935084763,0.9496075772479872,0.8333333333333334,0.5178778853884028,1,0,1,3,0.0,9.08917883368848,15.93141516714483,2.552097542916801,87.05159164902761,516.4075892774002,0.5259683590341234,164.5121833558311,80.95119800030251,191.2553856341034,1.094491785369062,903.4,306.4,299.0,3
parallel_run_2277,Archetype_4,0,0.0117835589097886,0.9986919084916476,0.8631822061779579,0.2020727693726342,0,1,0,3,0.3333333333333333,6.022122980882333,10.18624643812967,4.118622604217991,44.05635878211464,657.7419002366751,0.4846669501207773,27.38228323221475,120.2686065600439,118.8863494549756,1.050243965660369,903.4,306.4,299.0,0
parallel_run_2278,Archetype_4,0,0.1816802098013209,0.9908396588809903,0.8333333333353743,0.0178154418547836,0,1,0,3,0.3333333333333333,12.81217303836103,18.79926099501478,3.671884488568053,46.3834911494316,1976.5423669876,0.4556973803877963,98.27765434529884,77.3225987347966,261.8146648055326,0.8637011623017257,903.4,306.4,299.0,0
parallel_run_2279,Archetype_4,2,1.0,0.9226864495197974,0.0,0.0269002667082773,0,1,0,3,0.3333333333333333,11.30329623906534,14.11358006738063,2.119776423336449,80.39616228749757,927.2926047619708,0.0269989646361896,110.5634989792129,18.96908617913164,123.0786965714163,1.005760777712649,903.4,306.4,299.0,2
parallel_run_2280,Archetype_4,1,0.0,1.0,0.8040548454595482,0.0034738637902171,0,0,0,2,0.0,9.208165790113028,15.46907671514874,4.545251827774964,38.83541580815834,1956.9090829731,0.1622856966902549,21.41825610127897,34.46180060490662,143.3953587386619,1.21370144627473,903.4,306.4,299.0,1
parallel_run_2282,Archetype_4,0,0.4281629727587934,0.9775603668751992,0.835801585006307,0.0158225793452086,0,1,0,3,0.3333333333333333,11.79622827938521,18.29050969456285,4.169805421292692,52.8848948871502,1412.193873679556,0.4257887667081556,79.79357681981203,42.21866859739012,215.0694877114157,0.8330072175424368,903.4,306.4,299.0,0
parallel_run_2283,Archetype_4,2,0.5099495625763296,0.9392222050757982,0.0,0.0,0,1,0,3,0.3333333333333333,7.646521843235478,7.231058342555429,3.31458691916786,41.69964252763987,671.0160759439195,0.4157057803155249,70.94792328052574,46.67117715729472,250.4862261361136,0.7327865198402268,903.4,306.4,299.0,2
parallel_run_2284,Archetype_4,2,1.0,0.8918905001032669,0.0,0.2063935547260143,0,0,1,3,0.0,13.36289726948865,19.43255606974088,2.149756002614726,98.31009612961368,830.6769291617317,0.3440972357975186,24.40106928622523,21.65487938516236,225.1829757871136,1.25645844295112,903.4,306.4,299.0,2
parallel_run_2285,Archetype_4,0,0.2962602204505571,0.9697876338643366,0.5691749202116223,0.0503017014486881,0,1,0,3,0.3333333333333333,8.364797989299861,9.192250646467237,3.860538328046275,34.3813015352484,788.3970389732821,0.4717590306136611,144.6892794848065,41.70303632080136,285.1192728451363,0.9914750935718764,903.4,306.4,299.0,0
parallel_run_2286,Archetype_4,0,0.3020154216242708,0.9823406797593416,0.0340867019713897,0.0323497389687747,0,1,0,3,0.3333333333333333,14.90080910970151,16.57440810558032,2.987874773593921,45.48329767203269,1579.101973947642,0.0323452792956046,124.7691560752347,13.25130095356169,131.0360691937709,1.160280557751469,903.4,306.4,299.0,0
parallel_run_2287,Archetype_4,2,1.0,0.8573501260290919,0.0,0.0065225611709315,0,1,0,3,0.3333333333333333,6.738724478605125,10.74467739481464,4.059979339446745,91.01635205906643,546.9101382223519,0.1271291449095846,29.64904233951978,50.75070528467045,175.7269183945674,1.085475702971351,903.4,306.4,299.0,2
parallel_run_2288,Archetype_4,3,1.0,0.8877274689414802,0.0,0.2782913728689348,1,0,1,3,0.0,12.29475505195811,16.20117521024517,2.57668959775238,86.126770574267,694.6303209657378,0.3562216088726904,35.8027220756866,64.20784236580666,271.3979072062631,0.7973279454902197,903.4,306.4,299.0,3
parallel_run_2289,Archetype_4,1,0.8901731074413459,0.9215666375267232,0.6412034812607371,0.2477069703467814,0,0,0,1,0.0,5.41478544277491,13.9696886981829,3.800167267124271,93.40190108464566,1614.000840022941,0.2479437183689544,197.1143613561278,32.13386871974967,137.2906070612262,1.198479495410149,903.4,306.4,299.0,1
parallel_run_2290,Archetype_4,3,0.0001171880850762,0.9999827636524732,0.909090909090898,0.0752917151971109,1,0,1,3,0.0,7.325244866915437,6.133456484961489,2.849506395765022,36.13139533184066,1846.939556478707,0.1045903725178832,104.708041937107,141.4654323491187,103.7582240168401,0.5719642415394346,903.4,306.4,299.0,3
parallel_run_2291,Archetype_4,0,0.1210917088539168,0.9903246377229388,0.8333333333333334,0.0,0,1,0,3,0.3333333333333333,10.09356256031139,11.29063222601615,4.76846366035301,76.79579046522252,1053.739944648393,0.2204308342752106,41.70644304050847,45.01347485513899,281.050931209811,1.263414311242694,903.4,306.4,299.0,0
parallel_run_2292,Archetype_4,0,0.1999193851792025,0.987512637455911,0.8333333333333334,0.0300703876972205,0,1,0,3,0.3333333333333333,6.186101812756469,15.06385238110333,2.884344918055505,31.24493007510238,986.5491512115816,0.0557544202849528,84.24127174220122,94.4970799647684,145.9465456157096,1.018398256176594,903.4,306.4,299.0,0
parallel_run_2294,Archetype_4,3,0.0806741768531028,0.9899387207687672,0.8333333333333334,0.1105656173221919,1,0,1,3,0.0,5.875103409596851,7.908293010058282,2.390464514085502,54.80879767084504,951.9658153072828,0.3730351891050821,88.41266743681159,98.35668950325385,201.4163575543587,0.6395764243792184,903.4,306.4,299.0,3
parallel_run_2295,Archetype_4,3,0.0688157199321306,0.9894671996069224,0.783248018439895,0.05684135215887,1,0,1,3,0.0,9.89273547819015,5.915838497469448,4.894747269895554,35.37340681692577,1159.023486619083,0.501565989511877,72.72853972209614,37.63505720582668,179.0711115343357,0.7616663464940141,903.4,306.4,299.0,3
parallel_run_2296,Archetype_4,0,0.0001269427034396,0.9999927628895154,0.6331415887366628,0.0,0,0,1,3,0.6666666666666666,14.08524419392078,16.31334378769262,2.308954015500626,40.52170066997526,1429.94499687827,0.4596363285181422,47.00410072502583,15.67060968778293,242.31607024993,1.191021807579522,903.4,306.4,299.0,0
parallel_run_2297,Archetype_4,3,0.2277996225782975,0.9609876719490988,0.0626681383727241,0.2241498414785541,1,0,1,3,0.0,12.41392231723704,6.505360896541484,2.371739473104665,32.39759536864331,816.6382880545631,0.5170204646406725,23.22847379435524,49.02752712084806,184.9716219995724,1.138692518506339,903.4,306.4,299.0,3
parallel_run_2298,Archetype_4,3,0.1185037932232462,0.9899442345257076,0.8333333333333334,0.3539515057466897,1,0,1,3,0.0,11.20531214550689,17.28918987462175,2.41534597807669,62.25120319523698,1520.929737606235,0.5566745144953847,74.0786242796822,117.154618835779,125.2618930845108,1.040699628833873,903.4,306.4,299.0,3
parallel_run_2299,Archetype_4,0,0.1121029069332734,0.9913819284629336,0.8333333333333334,0.0080379557912788,0,0,1,3,0.6666666666666666,14.76040816329797,11.89711135068584,3.420702396064348,30.231907913922,1810.531238432742,0.1512092640839279,103.1976415956362,60.53852960346411,259.9151824744392,0.8372539290562797,903.4,306.4,299.0,0
parallel_run_2300,Archetype_4,1,0.2421703395085238,0.98536093429884,0.7785052899812562,0.0189677993009563,0,0,0,2,0.0,7.125713809407731,15.76402470243221,2.203821019158463,30.66474775106086,1916.270048437812,0.5283635710427317,61.25580077898183,29.96136795184568,159.1614013752083,1.233712473598319,903.4,306.4,299.0,1
parallel_run_2301,Archetype_4,0,0.2659090056197318,0.9840959712879926,0.9090909090909092,0.1407032312187553,0,1,0,3,0.3333333333333333,8.679848728865139,17.93322578398463,2.012220077079774,83.75880309023228,1452.198189273966,0.1702477055167378,188.3270361277955,136.3991131874458,182.3163284478816,0.9737019697352638,903.4,306.4,299.0,0
parallel_run_2302,Archetype_4,3,0.3660174334680194,0.9662797270021805,0.8333333333333334,0.0159851528362552,1,1,1,4,0.25,10.55930465773863,9.95253445312245,2.521216447715092,45.35968846878346,1103.764527095477,0.4796032918726125,40.24829434892813,79.6642707844849,235.4042582741113,1.120275647130058,903.4,306.4,299.0,3
parallel_run_2303,Archetype_4,1,0.0003040800335388,0.9999518292377928,0.8333333333333334,2.696012731464931e-16,0,0,0,2,0.0,8.584062378535368,5.204947737148349,3.396878123134748,49.03717145112236,1633.945583329502,0.3831221102711273,55.84174480106363,55.43941616510568,267.3891249190509,1.103848703587101,903.4,306.4,299.0,1
parallel_run_2304,Archetype_4,2,1.0,0.928542738456423,0.6355609389562039,0.0035775958533371,0,1,0,3,0.3333333333333333,11.48324720641784,13.54496100580118,2.943629403674687,73.69619351630662,959.6890243777384,0.1556452540222857,26.07329355182583,17.9346609870809,270.2527552749784,1.24797609559057,903.4,306.4,299.0,2
parallel_run_2305,Archetype_4,3,0.0785084204150024,0.9923082901697486,0.8333333333331959,0.5162305645783133,1,0,1,3,0.0,8.239417824778362,19.86594006810631,2.185631748368638,84.78697422249212,1014.516711027553,0.5729610607824123,94.5537552962944,103.539963389083,112.696063975848,0.8568714170808833,903.4,306.4,299.0,3
parallel_run_2306,Archetype_4,1,0.3077858075827967,0.979509976695917,0.8333333333333242,0.0508034455382149,0,0,0,2,0.0,10.74739923464404,14.72531853706425,2.344142683785495,39.79251941170135,1382.725160889254,0.1302190494638491,44.96744153575168,45.57905328193963,117.6699208576838,0.5147064197244176,903.4,306.4,299.0,1
parallel_run_2308,Archetype_4,0,0.6259160116234105,0.9524938568631464,0.8333333333333334,0.2815545983336927,0,1,0,3,0.3333333333333333,12.62912539162891,17.1844658696355,2.641849634690004,42.22256724024653,904.387351538265,0.3237095872395198,68.36904203871276,108.7516199458351,169.4200698119767,0.6476733781840518,903.4,306.4,299.0,0
parallel_run_2309,Archetype_4,0,0.0,1.0,0.0,0.0254060118688865,0,1,0,3,0.3333333333333333,6.522201326382715,12.39939167303931,3.618708160073463,47.13963660315678,739.0878598442532,0.2748268178242084,80.41869864667342,47.40439371988354,195.7889275941752,0.5500432829432993,903.4,306.4,299.0,0
parallel_run_2310,Archetype_4,3,1.0,0.912517092755566,0.8333333333333334,0.0434785682005939,1,1,1,3,0.3333333333333333,9.384437367855847,18.12707624626986,2.907152582017375,82.60031647176109,883.1361687269793,0.196669248894807,66.74094420558276,73.27740104246614,210.9777341720553,1.294178414837762,903.4,306.4,299.0,3
parallel_run_2311,Archetype_4,1,0.3811228334592539,0.9588631182542084,0.8324631177867611,0.5346695155386961,0,0,0,2,0.0,14.37657933613404,18.84410004062273,2.669185145620158,35.03786974557758,1927.503758948734,0.53662187709572,185.9380919407641,28.71237259798763,240.7907661092698,1.211179443278551,903.4,306.4,299.0,1
parallel_run_2312,Archetype_4,0,0.107663708762907,0.9938124068688846,0.8333333333333334,0.0148934241566557,0,1,0,3,0.3333333333333333,12.88294506062676,16.47370199557806,3.916427027915539,33.29873756204726,1553.403975838957,0.1037951584613293,35.14190572583635,68.48407504836385,165.2840596040335,1.272212627733274,903.4,306.4,299.0,0
parallel_run_2313,Archetype_4,1,0.1651523241490998,0.986204490343015,0.8457512794804337,0.4346578837101562,0,0,0,2,0.0,13.71417304507693,19.94297232922278,3.190463394584546,39.35568050526847,1306.802190395147,0.4398896859558368,173.4756545582791,57.55417542909995,217.6461551705664,0.6040099969531483,903.4,306.4,299.0,1
parallel_run_2314,Archetype_4,3,0.7686839305498878,0.9035049471691038,0.0,0.2437242164734365,1,0,1,3,0.0,10.0542437922061,9.52808842232428,2.7551726834745,63.83059444783521,602.6095239046633,0.5655852937121579,52.9250694322663,12.91258574592992,212.3338287792068,0.8863857524748795,903.4,306.4,299.0,3
parallel_run_2315,Archetype_4,1,0.285754534722961,0.9830095396650036,0.7502852343973282,0.0920398350018073,0,0,0,2,0.0,8.902950966584617,17.34337950080082,3.071726683251704,72.97629984854609,1254.634228844618,0.0922887709307529,134.989883752535,20.33996544789689,133.8281740992772,0.6978638514594209,903.4,306.4,299.0,1
parallel_run_2316,Archetype_4,0,0.3628902754207407,0.9317445684707863,0.7997892168447965,0.2098110573906234,0,1,0,3,0.3333333333333333,5.219692016072181,5.614852538476582,3.507907836572578,37.36349927885944,613.7680335920102,0.2904762209302906,148.1467328115624,131.7779486933157,207.8141490530652,1.146935950080092,903.4,306.4,299.0,0
parallel_run_2317,Archetype_4,3,6.95217084052434e-06,0.9999989013259408,0.6413501117398515,0.0,1,0,1,3,0.0,11.93340271693271,5.317576274973425,3.28343831907141,71.54504448894762,1838.989919269122,0.4945103601576556,50.50487388868805,23.73720438973167,225.8680659378676,1.111263875962919,903.4,306.4,299.0,3
parallel_run_2318,Archetype_4,2,1.0,0.928707893298564,0.0,0.0570774268541535,0,1,0,3,0.3333333333333333,7.847009180844555,15.10246331425202,2.220849460660624,49.56921416774286,674.7929181340594,0.181477849380431,32.85601950306146,137.9877963370772,282.6442521246439,1.072413780762075,903.4,306.4,299.0,2
parallel_run_2319,Archetype_4,3,0.3356928652792416,0.9627560012458516,0.7162231010209779,0.0060235894469863,1,0,1,3,0.0,5.307304167754404,8.062741299807017,2.856484395403244,90.46559420208708,591.9263990795743,0.5853009355147591,97.7904136753744,36.39089163854832,254.8378904988671,0.9033851808539108,903.4,306.4,299.0,3
parallel_run_2320,Archetype_4,2,1.0,0.9518956505931904,0.8333333333333334,0.0,0,1,0,1,1.0,8.088620780419058,19.64969158227921,2.445246324409711,38.13315627139157,846.5530044686006,0.2872874174759508,41.0140129305388,66.19506893135303,296.218590405105,0.6626148413292461,903.4,306.4,299.0,1
parallel_run_2321,Archetype_4,1,0.5355599470579646,0.9532830066294792,0.7912644352926632,0.3900808173633782,0,0,0,2,0.0,7.737878589250059,17.65262552890793,2.04343847591413,60.65256661819086,794.1535603498564,0.3905802979433853,158.1284539410613,28.1308721236521,148.7173157451602,1.000044063032848,903.4,306.4,299.0,1
parallel_run_2322,Archetype_4,2,0.6359001556300984,0.934293927471443,0.7980383521534353,0.497621435326618,0,1,0,3,0.3333333333333333,13.0646439961812,18.24589508543017,2.716732587027388,46.65131170230379,725.1054169218328,0.5115983993063354,64.21434402267955,101.3397416534369,115.4601576016992,0.561267319729339,903.4,306.4,299.0,2
parallel_run_2323,Archetype_4,0,0.0,1.0,0.8333333333333334,0.0028798797340651,0,0,1,3,0.6666666666666666,14.55899147105204,16.92400224464144,4.505870455669541,48.66008960426488,1880.428773878496,0.1898057560671069,25.33689484018815,53.21861456331589,186.1609652237962,0.6245236166119492,903.4,306.4,299.0,0
parallel_run_2324,Archetype_4,2,0.9064933212191204,0.932347646747341,0.7974920910043141,0.0781784961535759,0,1,0,3,0.3333333333333333,6.902588311173137,13.28544430155988,2.608092824810263,48.10349831449953,712.0868495925945,0.5809073215674864,59.06523453291005,146.7428585041353,298.5472537308848,1.224555548142108,903.4,306.4,299.0,2
parallel_run_2326,Archetype_4,3,0.0026435775315373,0.9998691975404188,0.815394904949899,0.0,1,0,1,3,0.0,5.645937846490421,19.08999399027946,4.574685372982158,59.43535530068567,740.044618160573,0.4465748804743228,76.02908933133577,44.09919367093785,262.8462682705834,0.782484278393255,609.6,88.9,260.5,3
parallel_run_2327,Archetype_4,0,0.1392955048466111,0.9904377244130824,0.3775854918505733,0.1173551839088151,0,1,0,3,0.3333333333333333,13.49964268135165,15.33095577911059,4.464674582116157,42.94616278436651,1185.794953774338,0.117649937817252,137.4023502352264,22.49168264409253,128.2191212271367,0.5911665438533666,609.6,88.9,260.5,0
parallel_run_2328,Archetype_4,3,0.1540205647198091,0.990215759797619,0.8333333333333334,0.231719430570386,1,0,1,3,0.0,6.405292284318544,19.53555145216947,3.764585606427318,64.73890400335439,850.6267050193985,0.2646507902451352,37.50790122422556,110.5320184729022,100.9223548185412,1.28665717130124,609.6,88.9,260.5,3
parallel_run_2329,Archetype_4,1,0.4126009392720633,0.9690993277199728,0.0,0.1800412794598544,0,0,0,2,0.0,5.078233488755179,15.36811055664406,4.023785290991664,68.86856051780249,1676.075248578451,0.2246787017126815,129.5689761803989,24.65199699594505,232.3224413807133,0.6774859235206085,609.6,88.9,260.5,1
parallel_run_2330,Archetype_4,3,0.8325457623978116,0.9101517920395412,0.847132780898543,0.0309225273974778,1,1,1,4,0.25,9.795367374301884,8.46566765326878,4.968477490368761,93.10632240494294,1005.748088406246,0.0638931166280094,56.87494984404746,127.412906728483,150.7886454235,1.149819164967017,609.6,88.9,260.5,3
parallel_run_2331,Archetype_4,3,0.4209708128833062,0.9657841116561924,0.9090909090909116,0.1446840533408608,1,1,1,4,0.25,13.21427123302489,12.99077849367701,2.804621181868556,57.60856169568081,1509.042894252557,0.202994166366049,91.80831738898752,122.5526135883852,139.657431483073,1.128863155150354,609.6,88.9,260.5,3
parallel_run_2333,Archetype_4,1,0.3074107190569941,0.9667885226518528,0.0,0.0519486142117981,0,0,0,2,0.0,6.639503134093878,8.702036358183824,2.460006477284389,50.84918084009174,1224.275709388201,0.14250239653806,114.0559579566393,16.49310952489565,222.5836742807619,1.025953997214746,609.6,88.9,260.5,1
parallel_run_2335,Archetype_4,1,8.149779644624367e-06,0.9999992872431316,0.8638190777437352,0.3916089775077189,0,0,0,2,0.0,13.53541818756549,17.50384951367896,4.718111782544003,32.06607470803334,1682.919135964777,0.407888008510583,62.79308556464255,40.8608152984074,108.3468966403483,0.7505038651828599,609.6,88.9,260.5,1
parallel_run_2336,Archetype_4,1,0.1536139228298253,0.9850701364393728,0.8417232799441117,0.3409131692655372,0,0,0,2,0.0,9.589786864094185,14.52009542132607,2.25760526337914,95.46321746956043,1743.776803747743,0.3420270254820715,154.4883468009115,38.07535167163682,155.3553685224774,0.5347162870897352,609.6,88.9,260.5,1
parallel_run_2338,Archetype_4,0,3.8537611313923805e-05,0.9999974406716218,0.9090909090909092,0.1190860317968044,0,1,0,3,0.3333333333333333,11.5724650899624,15.71417657225041,2.505463074151018,37.82135289309134,1732.171085268251,0.2966680057335894,87.89904124731528,124.3179479506931,188.0589961374106,0.6121933944560484,609.6,88.9,260.5,0
parallel_run_2339,Archetype_4,3,0.5333004042903735,0.968182983454212,0.6986024296359481,0.0609201842908493,1,0,1,3,0.0,7.401877309695345,16.72060108361629,4.239354502223774,78.9004950381646,763.9731909619118,0.0862171753274194,168.5882939237162,10.48455250370037,274.1962939177321,0.9381802418748396,609.6,88.9,260.5,3
parallel_run_2340,Archetype_4,1,0.0,1.0,0.650642975147523,0.0001464044990271,0,0,0,2,0.0,6.226512320545174,10.57007202633626,4.816232216133942,78.55254926123328,1473.572870709382,0.3084672339978864,39.11190515019379,26.58517665913403,167.9697151744124,0.8989728030906465,609.6,88.9,260.5,1
parallel_run_2341,Archetype_4,3,0.1655325685369177,0.9845950484077746,0.8333333333333334,0.2252023774572241,1,0,1,3,0.0,8.028178927033153,12.69358091967134,3.112625106465832,36.62334427994244,1295.694779439287,0.2513937760739758,117.9684651723182,90.13045861303728,158.0544197808208,0.9195426682975842,609.6,88.9,260.5,3
parallel_run_2342,Archetype_4,3,0.2145459305659831,0.9731571838226856,0.6908032781317802,0.0232810249578276,1,0,1,3,0.0,5.772023405404161,7.116169331792253,2.064522668331408,56.51085137099933,1786.195480402135,0.0232508350807578,161.0329775531958,25.14851249315225,197.822121004284,0.7197444930411876,609.6,88.9,260.5,3
parallel_run_2343,Archetype_4,0,0.1944581846939146,0.9888238267134346,0.9090909090909092,0.0425457801903576,0,1,0,3,0.3333333333333333,9.480794663304136,17.03804542014852,4.639878986106728,99.35855694037711,1250.245306083507,0.4168895798584492,43.35096290748591,149.1588574610129,277.1890738836713,1.083347637799514,609.6,88.9,260.5,0
parallel_run_2344,Archetype_4,3,1.0,0.8996704073087931,0.8333333333333334,0.2843833793883114,1,1,1,3,0.3333333333333333,12.59017345046845,19.02253176729523,3.9523185428614,96.0626212890334,921.343979285896,0.3159410008343269,143.9201303011419,83.56764829664709,247.3963377767511,1.184696545793093,609.6,88.9,260.5,3
parallel_run_2345,Archetype_4,2,0.726925312985009,0.9454907269816422,0.0,0.3287408037659478,0,1,0,3,0.3333333333333333,13.88681027006693,18.61075821619153,4.347085125891433,43.42201779666991,778.7163195623369,0.5440908291581393,33.79114171279144,30.41474642500482,289.3256653337539,0.7671046222699125,609.6,88.9,260.5,2
parallel_run_2346,Archetype_4,3,0.1875120616135879,0.9448297660918809,0.0,0.5612561396903216,1,0,1,3,0.0,10.32199462340584,6.699275404416465,2.08038382636346,44.79361792876074,979.8557987975116,0.595749285135953,177.31500644115,11.06955829270862,290.4698168059626,1.067301995703033,609.6,88.9,260.5,3
parallel_run_2347,Archetype_4,3,0.0804388237149417,0.9920940701345964,0.8333333333333334,0.3038857442506927,1,1,1,3,0.3333333333333333,10.44667181037197,13.25070225132207,4.259523874160369,88.11039822390016,1086.489408610497,0.3604504262054547,93.26680170863348,86.31118950437782,141.2036987315458,0.8099763525700954,609.6,88.9,260.5,3
parallel_run_2348,Archetype_4,3,0.0,1.0,0.8333333333334491,0.3458531370104418,1,0,1,3,0.0,7.193260089885094,11.65964368980142,4.36245347424116,67.47086947928852,860.866485459772,0.3929505433301446,47.88817474253383,105.9284432028051,105.7696635231778,0.7077017593878874,609.6,88.9,260.5,3
parallel_run_2349,Archetype_4,0,3.6005547026978265e-05,0.9999979116798118,0.0,0.0,0,1,0,3,0.3333333333333333,10.87938801553206,16.037856129965,2.961086101395173,69.6604654795751,1130.70880630468,0.3289402099742169,45.2910359937304,14.91317533979289,294.1194921299998,1.165324106539424,609.6,88.9,260.5,0
parallel_run_2350,Archetype_4,0,0.2959265672103649,0.9807294916743112,0.9090909090909092,0.2547310673981166,0,1,0,3,0.3333333333333333,11.04944243362644,19.24071518137925,3.605624564480587,53.85239415205597,1355.675352940887,0.2611936824169285,192.5155188876426,93.4514385332439,163.183152602084,0.9537850554699546,609.6,88.9,260.5,0
parallel_run_2351,Archetype_4,3,0.3900653061088397,0.9517328371284478,0.8333333333333334,0.5211395201255625,1,0,1,3,0.0,9.08917883368848,15.93141516714483,2.552097542916801,87.05159164902761,516.4075892774002,0.5259683590341234,164.5121833558311,80.95119800030251,191.2553856341034,1.094491785369062,609.6,88.9,260.5,3
parallel_run_2352,Archetype_4,0,0.0003292279651971,0.9999651817811164,0.0,0.170791221981991,0,1,0,3,0.3333333333333333,6.022122980882333,10.18624643812967,4.118622604217991,44.05635878211464,657.7419002366751,0.4846669501207773,27.38228323221475,120.2686065600439,118.8863494549756,1.050243965660369,609.6,88.9,260.5,0
parallel_run_2353,Archetype_4,0,0.1118436903885344,0.9943075533114352,0.8333333333333334,0.025149069910789,0,1,0,3,0.3333333333333333,12.81217303836103,18.79926099501478,3.671884488568053,46.3834911494316,1976.5423669876,0.4556973803877963,98.27765434529884,77.3225987347966,261.8146648055326,0.8637011623017257,609.6,88.9,260.5,0
parallel_run_2354,Archetype_4,2,1.0,0.9243424332024444,0.0,0.0269726533767133,0,1,0,3,0.3333333333333333,11.30329623906534,14.11358006738063,2.119776423336449,80.39616228749757,927.2926047619708,0.0269989646361896,110.5634989792129,18.96908617913164,123.0786965714163,1.005760777712649,609.6,88.9,260.5,2
parallel_run_2355,Archetype_4,1,0.0,1.0,0.7639395353033414,0.0003722544337038,0,0,0,2,0.0,9.208165790113028,15.46907671514874,4.545251827774964,38.83541580815834,1956.9090829731,0.1622856966902549,21.41825610127897,34.46180060490662,143.3953587386619,1.21370144627473,609.6,88.9,260.5,1
parallel_run_2357,Archetype_4,0,0.1408807507968039,0.992561392590027,0.7356338807271315,0.0253314107317254,0,1,0,3,0.3333333333333333,11.79622827938521,18.29050969456285,4.169805421292692,52.8848948871502,1412.193873679556,0.4257887667081556,79.79357681981203,42.21866859739012,215.0694877114157,0.8330072175424368,609.6,88.9,260.5,0
parallel_run_2358,Archetype_4,2,0.4976224650357812,0.9394860826699548,0.0,0.002596451916382,0,1,0,3,0.3333333333333333,7.646521843235478,7.231058342555429,3.31458691916786,41.69964252763987,671.0160759439195,0.4157057803155249,70.94792328052574,46.67117715729472,250.4862261361136,0.7327865198402268,609.6,88.9,260.5,2
parallel_run_2359,Archetype_4,3,1.0,0.8919505370466038,0.0,0.2025384210962151,1,0,1,3,0.0,13.36289726948865,19.43255606974088,2.149756002614726,98.31009612961368,830.6769291617317,0.3440972357975186,24.40106928622523,21.65487938516236,225.1829757871136,1.25645844295112,609.6,88.9,260.5,3
parallel_run_2360,Archetype_4,0,0.2547119354153125,0.9735968206450102,0.0,0.057800899277266,0,1,0,3,0.3333333333333333,8.364797989299861,9.192250646467237,3.860538328046275,34.3813015352484,788.3970389732821,0.4717590306136611,144.6892794848065,41.70303632080136,285.1192728451363,0.9914750935718764,609.6,88.9,260.5,0
parallel_run_2361,Archetype_4,0,0.3056685692336297,0.9822840252110104,0.2272772385390006,0.0322549154286911,0,1,0,3,0.3333333333333333,14.90080910970151,16.57440810558032,2.987874773593921,45.48329767203269,1579.101973947642,0.0323452792956046,124.7691560752347,13.25130095356169,131.0360691937709,1.160280557751469,609.6,88.9,260.5,0
parallel_run_2362,Archetype_4,2,1.0,0.856549646426797,0.0,0.0080676846188745,0,1,0,3,0.3333333333333333,6.738724478605125,10.74467739481464,4.059979339446745,91.01635205906643,546.9101382223519,0.1271291449095846,29.64904233951978,50.75070528467045,175.7269183945674,1.085475702971351,609.6,88.9,260.5,2
parallel_run_2363,Archetype_4,3,1.0,0.8878680175076075,0.0,0.2751770391301288,1,0,1,3,0.0,12.29475505195811,16.20117521024517,2.57668959775238,86.126770574267,694.6303209657378,0.3562216088726904,35.8027220756866,64.20784236580666,271.3979072062631,0.7973279454902197,609.6,88.9,260.5,3
parallel_run_2364,Archetype_4,1,0.7914459393579591,0.9301604648603492,0.7956216742917812,0.2474092962412772,0,0,0,2,0.0,5.41478544277491,13.9696886981829,3.800167267124271,93.40190108464566,1614.000840022941,0.2479437183689544,197.1143613561278,32.13386871974967,137.2906070612262,1.198479495410149,609.6,88.9,260.5,1
parallel_run_2365,Archetype_4,3,0.0,1.0,0.9090909090909092,0.076062033070857,1,0,1,3,0.0,7.325244866915437,6.133456484961489,2.849506395765022,36.13139533184066,1846.939556478707,0.1045903725178832,104.708041937107,141.4654323491187,103.7582240168401,0.5719642415394346,609.6,88.9,260.5,3
parallel_run_2366,Archetype_4,0,1.4307252415726186e-05,0.9999988413630648,0.8333333333333286,-6.541184767879068e-18,0,1,0,3,0.3333333333333333,10.09356256031139,11.29063222601615,4.76846366035301,76.79579046522252,1053.739944648393,0.2204308342752106,41.70644304050847,45.01347485513899,281.050931209811,1.263414311242694,609.6,88.9,260.5,0
parallel_run_2367,Archetype_4,0,0.1805112252967172,0.9887700374457318,0.8176851340878859,0.0325853627752702,0,1,0,3,0.3333333333333333,6.186101812756469,15.06385238110333,2.884344918055505,31.24493007510238,986.5491512115816,0.0557544202849528,84.24127174220122,94.4970799647684,145.9465456157096,1.018398256176594,609.6,88.9,260.5,0
parallel_run_2369,Archetype_4,3,0.0012385962572296,0.999851772466085,0.8333333333333334,0.0780927767864227,1,0,1,3,0.0,5.875103409596851,7.908293010058282,2.390464514085502,54.80879767084504,951.9658153072828,0.3730351891050821,88.41266743681159,98.35668950325385,201.4163575543587,0.6395764243792184,609.6,88.9,260.5,3
parallel_run_2370,Archetype_4,3,0.0002020511549861,0.999969514491145,0.7753486443624884,0.0484443115280006,1,0,1,3,0.3333333333333333,9.89273547819015,5.915838497469448,4.894747269895554,35.37340681692577,1159.023486619083,0.501565989511877,72.72853972209614,37.63505720582668,179.0711115343357,0.7616663464940141,609.6,88.9,260.5,3
parallel_run_2371,Archetype_4,0,3.065342323823066e-05,0.9999982472759732,0.5548209841171787,1.2867095686555233e-18,0,0,1,3,0.6666666666666666,14.08524419392078,16.31334378769262,2.308954015500626,40.52170066997526,1429.94499687827,0.4596363285181422,47.00410072502583,15.67060968778293,242.31607024993,1.191021807579522,609.6,88.9,260.5,0
parallel_run_2372,Archetype_4,3,0.2282837590943287,0.9607241214708676,4.5218171917835855e-14,0.2253692819743505,1,0,1,3,0.0,12.41392231723704,6.505360896541484,2.371739473104665,32.39759536864331,816.6382880545631,0.5170204646406725,23.22847379435524,49.02752712084806,184.9716219995724,1.138692518506339,609.6,88.9,260.5,3
parallel_run_2373,Archetype_4,3,0.1068549209458142,0.9907027012668213,0.8333333333333334,0.3703556861343013,1,0,1,3,0.0,11.20531214550689,17.28918987462175,2.41534597807669,62.25120319523698,1520.929737606235,0.5566745144953847,74.0786242796822,117.154618835779,125.2618930845108,1.040699628833873,609.6,88.9,260.5,3
parallel_run_2374,Archetype_4,0,0.0885392892201898,0.9931888318792164,0.8333333333333334,0.0106852532159228,0,1,0,3,0.3333333333333333,14.76040816329797,11.89711135068584,3.420702396064348,30.231907913922,1810.531238432742,0.1512092640839279,103.1976415956362,60.53852960346411,259.9151824744392,0.8372539290562797,609.6,88.9,260.5,0
parallel_run_2375,Archetype_4,1,0.2275578030226336,0.9860916155877734,0.7973932613399838,0.0216923661861584,0,0,0,2,0.0,7.125713809407731,15.76402470243221,2.203821019158463,30.66474775106086,1916.270048437812,0.5283635710427317,61.25580077898183,29.96136795184568,159.1614013752083,1.233712473598319,609.6,88.9,260.5,1
parallel_run_2376,Archetype_4,0,0.2564694202839905,0.9848080534989508,0.9090909090909092,0.1329512666531016,0,1,0,3,0.3333333333333333,8.679848728865139,17.93322578398463,2.012220077079774,83.75880309023228,1452.198189273966,0.1702477055167378,188.3270361277955,136.3991131874458,182.3163284478816,0.9737019697352638,609.6,88.9,260.5,0
parallel_run_2377,Archetype_4,3,0.4178323445466736,0.9617137999843424,0.8333333333333334,0.0169306220580925,1,1,1,3,0.3333333333333333,10.55930465773863,9.95253445312245,2.521216447715092,45.35968846878346,1103.764527095477,0.4796032918726125,40.24829434892813,79.6642707844849,235.4042582741113,1.120275647130058,609.6,88.9,260.5,3
parallel_run_2378,Archetype_4,3,8.07180240642108e-05,0.9999873061176248,0.8333333333334445,-2.3066640928297588e-17,1,0,1,3,0.0,8.584062378535368,5.204947737148349,3.396878123134748,49.03717145112236,1633.945583329502,0.3831221102711273,55.84174480106363,55.43941616510568,267.3891249190509,1.103848703587101,609.6,88.9,260.5,3
parallel_run_2379,Archetype_4,3,1.0,0.9284156661544682,0.6304273551477962,0.0021400679786677,1,1,1,3,0.3333333333333333,11.48324720641784,13.54496100580118,2.943629403674687,73.69619351630662,959.6890243777384,0.1556452540222857,26.07329355182583,17.9346609870809,270.2527552749784,1.24797609559057,609.6,88.9,260.5,3
parallel_run_2380,Archetype_4,3,0.0015245809474368,0.9998471044856614,0.8333333333333334,0.5238102572431341,1,0,1,3,0.0,8.239417824778362,19.86594006810631,2.185631748368638,84.78697422249212,1014.516711027553,0.5729610607824123,94.5537552962944,103.539963389083,112.696063975848,0.8568714170808833,609.6,88.9,260.5,3
parallel_run_2381,Archetype_4,1,0.0,1.0,0.8333333333333334,0.0501875010443789,0,0,0,2,0.0,10.74739923464404,14.72531853706425,2.344142683785495,39.79251941170135,1382.725160889254,0.1302190494638491,44.96744153575168,45.57905328193963,117.6699208576838,0.5147064197244176,609.6,88.9,260.5,1
parallel_run_2383,Archetype_4,0,0.6131696046674028,0.9523770225134484,0.8333333333333334,0.2973573563796658,0,1,0,3,0.3333333333333333,12.62912539162891,17.1844658696355,2.641849634690004,42.22256724024653,904.387351538265,0.3237095872395198,68.36904203871276,108.7516199458351,169.4200698119767,0.6476733781840518,609.6,88.9,260.5,0
parallel_run_2384,Archetype_4,0,0.0,1.0,0.0,0.0172274402529188,0,1,0,3,0.3333333333333333,6.522201326382715,12.39939167303931,3.618708160073463,47.13963660315678,739.0878598442532,0.2748268178242084,80.41869864667342,47.40439371988354,195.7889275941752,0.5500432829432993,609.6,88.9,260.5,0
parallel_run_2385,Archetype_4,3,1.0,0.9126639206074038,0.8333333333333361,0.0269780011874553,1,1,1,3,0.3333333333333333,9.384437367855847,18.12707624626986,2.907152582017375,82.60031647176109,883.1361687269793,0.196669248894807,66.74094420558276,73.27740104246614,210.9777341720553,1.294178414837762,609.6,88.9,260.5,3
parallel_run_2386,Archetype_4,3,0.3857304435652586,0.9586058113308168,0.8262457139892679,0.5359094357563129,1,0,1,3,0.0,14.37657933613404,18.84410004062273,2.669185145620158,35.03786974557758,1927.503758948734,0.53662187709572,185.9380919407641,28.71237259798763,240.7907661092698,1.211179443278551,609.6,88.9,260.5,3
parallel_run_2387,Archetype_4,0,3.2655159180179324e-05,0.9999981446054012,0.8333333333333152,0.0128949923537659,0,1,0,3,0.3333333333333333,12.88294506062676,16.47370199557806,3.916427027915539,33.29873756204726,1553.403975838957,0.1037951584613293,35.14190572583635,68.48407504836385,165.2840596040335,1.272212627733274,609.6,88.9,260.5,0
parallel_run_2388,Archetype_4,1,0.1727637501521555,0.9853883948339976,0.8605578112087862,0.4371689500949444,0,0,0,2,0.0,13.71417304507693,19.94297232922278,3.190463394584546,39.35568050526847,1306.802190395147,0.4398896859558368,173.4756545582791,57.55417542909995,217.6461551705664,0.6040099969531483,609.6,88.9,260.5,1
parallel_run_2389,Archetype_4,3,0.7738169951524323,0.9034584949680016,1.2819883822530097e-13,0.2397286058553615,1,0,1,3,0.0,10.0542437922061,9.52808842232428,2.7551726834745,63.83059444783521,602.6095239046633,0.5655852937121579,52.9250694322663,12.91258574592992,212.3338287792068,0.8863857524748795,609.6,88.9,260.5,3
parallel_run_2390,Archetype_4,3,0.2990586463200828,0.9822381438883792,0.8076378615351708,0.091985245122056,1,0,1,3,0.0,8.902950966584617,17.34337950080082,3.071726683251704,72.97629984854609,1254.634228844618,0.0922887709307529,134.989883752535,20.33996544789689,133.8281740992772,0.6978638514594209,609.6,88.9,260.5,3
parallel_run_2391,Archetype_4,3,0.3651089929711721,0.9334351748469476,0.8333333333333334,0.1961327438796916,1,0,1,3,0.6666666666666666,5.219692016072181,5.614852538476582,3.507907836572578,37.36349927885944,613.7680335920102,0.2904762209302906,148.1467328115624,131.7779486933157,207.8141490530652,1.146935950080092,609.6,88.9,260.5,3
parallel_run_2392,Archetype_4,3,4.085592333722082e-05,0.9999935922406586,0.6155620218865859,-7.841393233317767e-17,1,0,1,3,0.0,11.93340271693271,5.317576274973425,3.28343831907141,71.54504448894762,1838.989919269122,0.4945103601576556,50.50487388868805,23.73720438973167,225.8680659378676,1.111263875962919,609.6,88.9,260.5,3
parallel_run_2393,Archetype_4,2,1.0,0.9284672233653768,0.0,0.0505622773192263,0,1,0,3,0.3333333333333333,7.847009180844555,15.10246331425202,2.220849460660624,49.56921416774286,674.7929181340594,0.181477849380431,32.85601950306146,137.9877963370772,282.6442521246439,1.072413780762075,609.6,88.9,260.5,2
parallel_run_2394,Archetype_4,3,0.2499386262105731,0.9725092798038112,0.6699142530007594,0.0008883517624617,1,0,1,3,0.0,5.307304167754404,8.062741299807017,2.856484395403244,90.46559420208708,591.9263990795743,0.5853009355147591,97.7904136753744,36.39089163854832,254.8378904988671,0.9033851808539108,609.6,88.9,260.5,3
parallel_run_2395,Archetype_4,2,1.0,0.9524807928327766,0.8333333333333334,0.0,0,1,0,1,1.0,8.088620780419058,19.64969158227921,2.445246324409711,38.13315627139157,846.5530044686006,0.2872874174759508,41.0140129305388,66.19506893135303,296.218590405105,0.6626148413292461,609.6,88.9,260.5,1
parallel_run_2396,Archetype_4,3,0.541049807579696,0.9526130175448768,0.8536948508544958,0.3907686242161566,1,0,1,3,0.0,7.737878589250059,17.65262552890793,2.04343847591413,60.65256661819086,794.1535603498564,0.3905802979433853,158.1284539410613,28.1308721236521,148.7173157451602,1.000044063032848,609.6,88.9,260.5,3
parallel_run_2397,Archetype_4,2,0.6349835521612968,0.9343520297628036,0.7617644985823302,0.501351082011898,0,1,0,3,0.3333333333333333,13.0646439961812,18.24589508543017,2.716732587027388,46.65131170230379,725.1054169218328,0.5115983993063354,64.21434402267955,101.3397416534369,115.4601576016992,0.561267319729339,609.6,88.9,260.5,2
parallel_run_2398,Archetype_4,0,0.0,1.0,0.8333333333333334,0.0054677202701452,0,1,0,3,0.3333333333333333,14.55899147105204,16.92400224464144,4.505870455669541,48.66008960426488,1880.428773878496,0.1898057560671069,25.33689484018815,53.21861456331589,186.1609652237962,0.6245236166119492,609.6,88.9,260.5,0
parallel_run_2399,Archetype_4,2,0.8865851448832544,0.9326766275486869,0.776328817162175,0.0811654967846245,0,1,0,3,0.3333333333333333,6.902588311173137,13.28544430155988,2.608092824810263,48.10349831449953,712.0868495925945,0.5809073215674864,59.06523453291005,146.7428585041353,298.5472537308848,1.224555548142108,609.6,88.9,260.5,2
parallel_run_2401,Archetype_4,1,0.5003752776191956,0.9750635432916318,0.8060446854222353,0.0,0,0,1,2,0.0,5.645937846490421,19.08999399027946,4.574685372982158,59.43535530068567,740.044618160573,0.4465748804743228,76.02908933133577,44.09919367093785,262.8462682705834,0.782484278393255,726.0,120.2,303.2,1
parallel_run_2402,Archetype_4,0,0.1405113612133864,0.990255902189602,0.489720493800188,0.1173365259456816,0,1,0,3,0.3333333333333333,13.49964268135165,15.33095577911059,4.464674582116157,42.94616278436651,1185.794953774338,0.117649937817252,137.4023502352264,22.49168264409253,128.2191212271367,0.5911665438533666,726.0,120.2,303.2,0
parallel_run_2403,Archetype_4,3,0.1924682000590112,0.9882147445897792,0.8333333333333334,0.2192763663542044,1,0,1,3,0.0,6.405292284318544,19.53555145216947,3.764585606427318,64.73890400335439,850.6267050193985,0.2646507902451352,37.50790122422556,110.5320184729022,100.9223548185412,1.28665717130124,726.0,120.2,303.2,3
parallel_run_2404,Archetype_4,1,0.4017358953852992,0.9699962839242416,0.0,0.1862327302221609,0,0,0,2,0.0,5.078233488755179,15.36811055664406,4.023785290991664,68.86856051780249,1676.075248578451,0.2246787017126815,129.5689761803989,24.65199699594505,232.3224413807133,0.6774859235206085,726.0,120.2,303.2,1
parallel_run_2405,Archetype_4,3,0.8265364739662452,0.9102648306394628,0.8437110729502246,0.0405251937316164,1,1,1,4,0.25,9.795367374301884,8.46566765326878,4.968477490368761,93.10632240494294,1005.748088406246,0.0638931166280094,56.87494984404746,127.412906728483,150.7886454235,1.149819164967017,726.0,120.2,303.2,3
parallel_run_2406,Archetype_4,3,0.3815790641189547,0.968669550539304,0.9090909090908752,0.1487122461489216,1,1,1,4,0.25,13.21427123302489,12.99077849367701,2.804621181868556,57.60856169568081,1509.042894252557,0.202994166366049,91.80831738898752,122.5526135883852,139.657431483073,1.128863155150354,726.0,120.2,303.2,3
parallel_run_2408,Archetype_4,1,0.3228017776326576,0.9650701746445748,0.0,0.052450875763362,0,0,0,2,0.0,6.639503134093878,8.702036358183824,2.460006477284389,50.84918084009174,1224.275709388201,0.14250239653806,114.0559579566393,16.49310952489565,222.5836742807619,1.025953997214746,726.0,120.2,303.2,1
parallel_run_2410,Archetype_4,1,8.5546147540631e-06,0.9999992319951369,0.8503525365055881,0.397061147196963,0,0,0,2,0.0,13.53541818756549,17.50384951367896,4.718111782544003,32.06607470803334,1682.919135964777,0.407888008510583,62.79308556464255,40.8608152984074,108.3468966403483,0.7505038651828599,726.0,120.2,303.2,1
parallel_run_2411,Archetype_4,1,0.1621046573218402,0.9840787162707948,0.8341527939110086,0.3427370151337405,0,0,0,2,0.0,9.589786864094185,14.52009542132607,2.25760526337914,95.46321746956043,1743.776803747743,0.3420270254820715,154.4883468009115,38.07535167163682,155.3553685224774,0.5347162870897352,726.0,120.2,303.2,1
parallel_run_2413,Archetype_4,0,0.0115856884412717,0.9992275882153469,0.8333333333333334,0.1208149957108697,0,1,0,3,0.3333333333333333,11.5724650899624,15.71417657225041,2.505463074151018,37.82135289309134,1732.171085268251,0.2966680057335894,87.89904124731528,124.3179479506931,188.0589961374106,0.6121933944560484,726.0,120.2,303.2,0
parallel_run_2414,Archetype_4,3,0.5467783539922707,0.9675033698439164,0.025916328219348,0.0621769960582115,1,0,1,3,0.0,7.401877309695345,16.72060108361629,4.239354502223774,78.9004950381646,763.9731909619118,0.0862171753274194,168.5882939237162,10.48455250370037,274.1962939177321,0.9381802418748396,726.0,120.2,303.2,3
parallel_run_2415,Archetype_4,1,0.0,1.0,0.6594748056867993,0.0001311503969334,0,0,0,2,0.0,6.226512320545174,10.57007202633626,4.816232216133942,78.55254926123328,1473.572870709382,0.3084672339978864,39.11190515019379,26.58517665913403,167.9697151744124,0.8989728030906465,726.0,120.2,303.2,1
parallel_run_2416,Archetype_4,3,0.1944764457039559,0.9819374666042532,0.8333333333333334,0.2235825906848253,1,0,1,3,0.0,8.028178927033153,12.69358091967134,3.112625106465832,36.62334427994244,1295.694779439287,0.2513937760739758,117.9684651723182,90.13045861303728,158.0544197808208,0.9195426682975842,726.0,120.2,303.2,3
parallel_run_2417,Archetype_4,3,0.2251575937296146,0.9717986399651414,0.758971760123323,0.0232582417453237,1,0,1,3,0.0,5.772023405404161,7.116169331792253,2.064522668331408,56.51085137099933,1786.195480402135,0.0232508350807578,161.0329775531958,25.14851249315225,197.822121004284,0.7197444930411876,726.0,120.2,303.2,3
parallel_run_2418,Archetype_4,0,0.2178491593638927,0.9876963959901006,0.8333333333333334,0.041565708276394,0,1,0,3,0.3333333333333333,9.480794663304136,17.03804542014852,4.639878986106728,99.35855694037711,1250.245306083507,0.4168895798584492,43.35096290748591,149.1588574610129,277.1890738836713,1.083347637799514,726.0,120.2,303.2,0
parallel_run_2419,Archetype_4,3,1.0,0.8997478847860131,0.8333333333333334,0.2816713193005052,1,1,1,3,0.3333333333333333,12.59017345046845,19.02253176729523,3.9523185428614,96.0626212890334,921.343979285896,0.3159410008343269,143.9201303011419,83.56764829664709,247.3963377767511,1.184696545793093,726.0,120.2,303.2,3
parallel_run_2420,Archetype_4,2,0.7249295536225292,0.9454737172783892,0.0,0.3228348386349411,0,1,0,3,0.3333333333333333,13.88681027006693,18.61075821619153,4.347085125891433,43.42201779666991,778.7163195623369,0.5440908291581393,33.79114171279144,30.41474642500482,289.3256653337539,0.7671046222699125,726.0,120.2,303.2,2
parallel_run_2421,Archetype_4,3,0.1906475254847829,0.9438581424008234,0.0,0.5641722214256394,1,0,1,3,0.0,10.32199462340584,6.699275404416465,2.08038382636346,44.79361792876074,979.8557987975116,0.595749285135953,177.31500644115,11.06955829270862,290.4698168059626,1.067301995703033,726.0,120.2,303.2,3
parallel_run_2422,Archetype_4,0,0.0960875953034927,0.990222192694094,0.8333333333333334,0.3205634636665023,0,1,0,3,0.3333333333333333,10.44667181037197,13.25070225132207,4.259523874160369,88.11039822390016,1086.489408610497,0.3604504262054547,93.26680170863348,86.31118950437782,141.2036987315458,0.8099763525700954,726.0,120.2,303.2,0
parallel_run_2423,Archetype_4,3,0.0,1.0,0.8333333333333428,0.3355944042058255,1,0,1,3,0.0,7.193260089885094,11.65964368980142,4.36245347424116,67.47086947928852,860.866485459772,0.3929505433301446,47.88817474253383,105.9284432028051,105.7696635231778,0.7077017593878874,726.0,120.2,303.2,3
parallel_run_2424,Archetype_4,3,2.336450267912149e-05,0.999998638894894,0.65411792264456,0.0,1,0,1,3,0.6666666666666666,10.87938801553206,16.037856129965,2.961086101395173,69.6604654795751,1130.70880630468,0.3289402099742169,45.2910359937304,14.91317533979289,294.1194921299998,1.165324106539424,726.0,120.2,303.2,3
parallel_run_2425,Archetype_4,0,0.2992588918376275,0.9803222114681216,0.9090909090909092,0.2561052797860145,0,1,0,3,0.3333333333333333,11.04944243362644,19.24071518137925,3.605624564480587,53.85239415205597,1355.675352940887,0.2611936824169285,192.5155188876426,93.4514385332439,163.183152602084,0.9537850554699546,726.0,120.2,303.2,0
parallel_run_2426,Archetype_4,3,0.4199082792502358,0.94932968743727,0.8333333333333334,0.5183963600242042,1,0,1,3,0.0,9.08917883368848,15.93141516714483,2.552097542916801,87.05159164902761,516.4075892774002,0.5259683590341234,164.5121833558311,80.95119800030251,191.2553856341034,1.094491785369062,726.0,120.2,303.2,3
parallel_run_2427,Archetype_4,0,0.0011533521488119,0.9998737870791804,0.0,0.1934627018804085,0,1,0,3,0.3333333333333333,6.022122980882333,10.18624643812967,4.118622604217991,44.05635878211464,657.7419002366751,0.4846669501207773,27.38228323221475,120.2686065600439,118.8863494549756,1.050243965660369,726.0,120.2,303.2,0
parallel_run_2428,Archetype_4,0,0.1347965818884754,0.9932506645255432,0.8333333333333334,0.0239213214820882,0,1,0,3,0.3333333333333333,12.81217303836103,18.79926099501478,3.671884488568053,46.3834911494316,1976.5423669876,0.4556973803877963,98.27765434529884,77.3225987347966,261.8146648055326,0.8637011623017257,726.0,120.2,303.2,0
parallel_run_2429,Archetype_4,2,1.0,0.9242418884618084,0.0,0.0268782378920119,0,1,0,3,0.3333333333333333,11.30329623906534,14.11358006738063,2.119776423336449,80.39616228749757,927.2926047619708,0.0269989646361896,110.5634989792129,18.96908617913164,123.0786965714163,1.005760777712649,726.0,120.2,303.2,2
parallel_run_2430,Archetype_4,1,0.0,1.0,0.7940361404349381,0.0068576204303182,0,0,0,2,0.0,9.208165790113028,15.46907671514874,4.545251827774964,38.83541580815834,1956.9090829731,0.1622856966902549,21.41825610127897,34.46180060490662,143.3953587386619,1.21370144627473,726.0,120.2,303.2,1
parallel_run_2432,Archetype_4,0,0.1612079678680772,0.9915251265783008,0.7764314333900988,0.0154453635149919,0,1,0,3,0.3333333333333333,11.79622827938521,18.29050969456285,4.169805421292692,52.8848948871502,1412.193873679556,0.4257887667081556,79.79357681981203,42.21866859739012,215.0694877114157,0.8330072175424368,726.0,120.2,303.2,0
parallel_run_2433,Archetype_4,2,0.5042582638234747,0.9394782218097408,0.0,0.0,0,1,0,3,0.3333333333333333,7.646521843235478,7.231058342555429,3.31458691916786,41.69964252763987,671.0160759439195,0.4157057803155249,70.94792328052574,46.67117715729472,250.4862261361136,0.7327865198402268,726.0,120.2,303.2,2
parallel_run_2434,Archetype_4,3,1.0,0.89196081830173,0.0,0.2025872916817276,1,0,1,3,0.0,13.36289726948865,19.43255606974088,2.149756002614726,98.31009612961368,830.6769291617317,0.3440972357975186,24.40106928622523,21.65487938516236,225.1829757871136,1.25645844295112,726.0,120.2,303.2,3
parallel_run_2435,Archetype_4,3,0.2510699519390291,0.9735353002979382,6.22967830223761e-14,0.0655463902555092,1,1,1,3,0.3333333333333333,8.364797989299861,9.192250646467237,3.860538328046275,34.3813015352484,788.3970389732821,0.4717590306136611,144.6892794848065,41.70303632080136,285.1192728451363,0.9914750935718764,726.0,120.2,303.2,3
parallel_run_2436,Archetype_4,0,0.3163941446247117,0.9815273100611076,0.0,0.032322688506667,0,1,0,3,0.3333333333333333,14.90080910970151,16.57440810558032,2.987874773593921,45.48329767203269,1579.101973947642,0.0323452792956046,124.7691560752347,13.25130095356169,131.0360691937709,1.160280557751469,726.0,120.2,303.2,0
parallel_run_2437,Archetype_4,2,1.0,0.8574355316073354,0.0,0.0073649177939325,0,1,1,4,0.5,6.738724478605125,10.74467739481464,4.059979339446745,91.01635205906643,546.9101382223519,0.1271291449095846,29.64904233951978,50.75070528467045,175.7269183945674,1.085475702971351,726.0,120.2,303.2,2
parallel_run_2438,Archetype_4,3,1.0,0.8876073835949938,0.0,0.2730415639122531,1,0,1,3,0.0,12.29475505195811,16.20117521024517,2.57668959775238,86.126770574267,694.6303209657378,0.3562216088726904,35.8027220756866,64.20784236580666,271.3979072062631,0.7973279454902197,726.0,120.2,303.2,3
parallel_run_2439,Archetype_4,1,0.8821486627818516,0.9219788466127924,0.6169895873695783,0.2472186134229252,0,0,0,1,0.0,5.41478544277491,13.9696886981829,3.800167267124271,93.40190108464566,1614.000840022941,0.2479437183689544,197.1143613561278,32.13386871974967,137.2906070612262,1.198479495410149,726.0,120.2,303.2,1
parallel_run_2440,Archetype_4,3,0.000240004672523,0.9999648619522572,0.9090909090909092,0.0746398153480922,1,0,1,3,0.3333333333333333,7.325244866915437,6.133456484961489,2.849506395765022,36.13139533184066,1846.939556478707,0.1045903725178832,104.708041937107,141.4654323491187,103.7582240168401,0.5719642415394346,726.0,120.2,303.2,3
parallel_run_2441,Archetype_4,0,3.130599303916701e-05,0.9999974783867672,0.8333333333333334,0.0,0,1,0,3,0.3333333333333333,10.09356256031139,11.29063222601615,4.76846366035301,76.79579046522252,1053.739944648393,0.2204308342752106,41.70644304050847,45.01347485513899,281.050931209811,1.263414311242694,726.0,120.2,303.2,0
parallel_run_2442,Archetype_4,0,0.2123848755262247,0.986740139298225,0.8333333333333334,0.0333408345181956,0,1,0,3,0.3333333333333333,6.186101812756469,15.06385238110333,2.884344918055505,31.24493007510238,986.5491512115816,0.0557544202849528,84.24127174220122,94.4970799647684,145.9465456157096,1.018398256176594,726.0,120.2,303.2,0
parallel_run_2444,Archetype_4,3,0.005697781842402,0.9993107254496444,0.8333333333333334,0.0963165723786394,1,0,1,3,0.0,5.875103409596851,7.908293010058282,2.390464514085502,54.80879767084504,951.9658153072828,0.3730351891050821,88.41266743681159,98.35668950325385,201.4163575543587,0.6395764243792184,726.0,120.2,303.2,3
parallel_run_2445,Archetype_4,3,0.001449201111164,0.9997856603834474,0.7555259414807277,0.0389380738126065,1,0,1,3,0.3333333333333333,9.89273547819015,5.915838497469448,4.894747269895554,35.37340681692577,1159.023486619083,0.501565989511877,72.72853972209614,37.63505720582668,179.0711115343357,0.7616663464940141,726.0,120.2,303.2,3
parallel_run_2446,Archetype_4,0,0.000109481115436,0.999993742583538,0.5696704893983165,0.0,0,0,1,3,0.6666666666666666,14.08524419392078,16.31334378769262,2.308954015500626,40.52170066997526,1429.94499687827,0.4596363285181422,47.00410072502583,15.67060968778293,242.31607024993,1.191021807579522,726.0,120.2,303.2,0
parallel_run_2447,Archetype_4,3,0.2291464207441144,0.9609805650070536,0.0095821381833315,0.2220957951515491,1,0,1,3,0.0,12.41392231723704,6.505360896541484,2.371739473104665,32.39759536864331,816.6382880545631,0.5170204646406725,23.22847379435524,49.02752712084806,184.9716219995724,1.138692518506339,726.0,120.2,303.2,3
parallel_run_2448,Archetype_4,3,0.1306725926232018,0.9892003462091236,0.8333333333333334,0.3439273659903996,1,0,1,3,0.0,11.20531214550689,17.28918987462175,2.41534597807669,62.25120319523698,1520.929737606235,0.5566745144953847,74.0786242796822,117.154618835779,125.2618930845108,1.040699628833873,726.0,120.2,303.2,3
parallel_run_2449,Archetype_4,0,0.1091521643417513,0.9915688329710424,0.8333333333333334,0.0093717298947473,0,1,0,3,0.3333333333333333,14.76040816329797,11.89711135068584,3.420702396064348,30.231907913922,1810.531238432742,0.1512092640839279,103.1976415956362,60.53852960346411,259.9151824744392,0.8372539290562797,726.0,120.2,303.2,0
parallel_run_2450,Archetype_4,1,0.2552611925421051,0.9845574248508768,0.7927867106882485,0.0190365142898788,0,0,0,2,0.0,7.125713809407731,15.76402470243221,2.203821019158463,30.66474775106086,1916.270048437812,0.5283635710427317,61.25580077898183,29.96136795184568,159.1614013752083,1.233712473598319,726.0,120.2,303.2,1
parallel_run_2451,Archetype_4,0,0.2549979613276294,0.984959584616034,0.9090909090909092,0.1370285238636667,0,1,0,3,0.3333333333333333,8.679848728865139,17.93322578398463,2.012220077079774,83.75880309023228,1452.198189273966,0.1702477055167378,188.3270361277955,136.3991131874458,182.3163284478816,0.9737019697352638,726.0,120.2,303.2,0
parallel_run_2452,Archetype_4,3,0.4093421801849122,0.9627184458910828,0.8333333333333334,0.0121590164396296,1,1,1,4,0.25,10.55930465773863,9.95253445312245,2.521216447715092,45.35968846878346,1103.764527095477,0.4796032918726125,40.24829434892813,79.6642707844849,235.4042582741113,1.120275647130058,726.0,120.2,303.2,3
parallel_run_2453,Archetype_4,3,0.0002844246909877,0.999955198299918,0.8333333333333082,2.2954327383271237e-17,1,0,1,3,0.0,8.584062378535368,5.204947737148349,3.396878123134748,49.03717145112236,1633.945583329502,0.3831221102711273,55.84174480106363,55.43941616510568,267.3891249190509,1.103848703587101,726.0,120.2,303.2,3
parallel_run_2454,Archetype_4,3,1.0,0.9279109569180192,0.6998147013899705,0.0022030621842107,1,1,1,3,0.3333333333333333,11.48324720641784,13.54496100580118,2.943629403674687,73.69619351630662,959.6890243777384,0.1556452540222857,26.07329355182583,17.9346609870809,270.2527552749784,1.24797609559057,726.0,120.2,303.2,3
parallel_run_2455,Archetype_4,3,0.0083484522870017,0.9991189097544476,0.8333333333333334,0.5488725582611933,1,0,1,3,0.0,8.239417824778362,19.86594006810631,2.185631748368638,84.78697422249212,1014.516711027553,0.5729610607824123,94.5537552962944,103.539963389083,112.696063975848,0.8568714170808833,726.0,120.2,303.2,3
parallel_run_2456,Archetype_4,1,0.0,1.0,0.833333333333336,0.0530035572533301,0,0,0,2,0.0,10.74739923464404,14.72531853706425,2.344142683785495,39.79251941170135,1382.725160889254,0.1302190494638491,44.96744153575168,45.57905328193963,117.6699208576838,0.5147064197244176,726.0,120.2,303.2,1
parallel_run_2458,Archetype_4,0,0.6161501941017395,0.9524955415875432,0.8333333333333334,0.2872749123724202,0,1,0,3,0.3333333333333333,12.62912539162891,17.1844658696355,2.641849634690004,42.22256724024653,904.387351538265,0.3237095872395198,68.36904203871276,108.7516199458351,169.4200698119767,0.6476733781840518,726.0,120.2,303.2,0
parallel_run_2459,Archetype_4,0,0.0001215252961021,0.9999908706497734,0.0,0.0211394140011154,0,1,0,3,0.3333333333333333,6.522201326382715,12.39939167303931,3.618708160073463,47.13963660315678,739.0878598442532,0.2748268178242084,80.41869864667342,47.40439371988354,195.7889275941752,0.5500432829432993,726.0,120.2,303.2,0
parallel_run_2460,Archetype_4,3,1.0,0.9125172372431742,0.8333333333333334,0.0269540247647844,1,1,1,3,0.3333333333333333,9.384437367855847,18.12707624626986,2.907152582017375,82.60031647176109,883.1361687269793,0.196669248894807,66.74094420558276,73.27740104246614,210.9777341720553,1.294178414837762,726.0,120.2,303.2,3
parallel_run_2461,Archetype_4,1,0.3862131263959048,0.9586825624351658,0.841216468104068,0.5351064601823146,0,0,0,2,0.0,14.37657933613404,18.84410004062273,2.669185145620158,35.03786974557758,1927.503758948734,0.53662187709572,185.9380919407641,28.71237259798763,240.7907661092698,1.211179443278551,726.0,120.2,303.2,1
parallel_run_2462,Archetype_4,0,0.0002010642282802,0.9999884552141411,0.833333333333409,0.0184818075406832,0,1,0,3,0.3333333333333333,12.88294506062676,16.47370199557806,3.916427027915539,33.29873756204726,1553.403975838957,0.1037951584613293,35.14190572583635,68.48407504836385,165.2840596040335,1.272212627733274,726.0,120.2,303.2,0
parallel_run_2463,Archetype_4,1,0.1610970698542332,0.9864710354972478,0.8405969997509208,0.4352104074058694,0,0,0,2,0.0,13.71417304507693,19.94297232922278,3.190463394584546,39.35568050526847,1306.802190395147,0.4398896859558368,173.4756545582791,57.55417542909995,217.6461551705664,0.6040099969531483,726.0,120.2,303.2,1
parallel_run_2464,Archetype_4,3,0.7735527918797326,0.90349672674854,-3.3321697899656186e-15,0.243347553768528,1,0,1,3,0.0,10.0542437922061,9.52808842232428,2.7551726834745,63.83059444783521,602.6095239046633,0.5655852937121579,52.9250694322663,12.91258574592992,212.3338287792068,0.8863857524748795,726.0,120.2,303.2,3
parallel_run_2465,Archetype_4,1,0.3001134085802465,0.9820570371882889,0.7536187362541358,0.0921634315596327,0,0,0,2,0.0,8.902950966584617,17.34337950080082,3.071726683251704,72.97629984854609,1254.634228844618,0.0922887709307529,134.989883752535,20.33996544789689,133.8281740992772,0.6978638514594209,726.0,120.2,303.2,1
parallel_run_2466,Archetype_4,3,0.3623096180524562,0.9330622898091976,0.8333333333333334,0.2011458429627207,1,0,1,3,0.6666666666666666,5.219692016072181,5.614852538476582,3.507907836572578,37.36349927885944,613.7680335920102,0.2904762209302906,148.1467328115624,131.7779486933157,207.8141490530652,1.146935950080092,726.0,120.2,303.2,3
parallel_run_2467,Archetype_4,3,3.653446610604033e-05,0.999994263723323,0.6640010771100857,0.0002785058368989,1,0,1,3,0.0,11.93340271693271,5.317576274973425,3.28343831907141,71.54504448894762,1838.989919269122,0.4945103601576556,50.50487388868805,23.73720438973167,225.8680659378676,1.111263875962919,726.0,120.2,303.2,3
parallel_run_2468,Archetype_4,2,1.0,0.9284138631591958,0.1025973978145818,0.0544833018220219,0,1,0,3,0.3333333333333333,7.847009180844555,15.10246331425202,2.220849460660624,49.56921416774286,674.7929181340594,0.181477849380431,32.85601950306146,137.9877963370772,282.6442521246439,1.072413780762075,726.0,120.2,303.2,2
parallel_run_2469,Archetype_4,3,0.2867607541763773,0.968519236579757,0.7030710307309389,0.0004273581051698,1,0,1,3,0.0,5.307304167754404,8.062741299807017,2.856484395403244,90.46559420208708,591.9263990795743,0.5853009355147591,97.7904136753744,36.39089163854832,254.8378904988671,0.9033851808539108,726.0,120.2,303.2,3
parallel_run_2470,Archetype_4,2,1.0,0.9522057655271146,0.8333333333333334,0.0,0,1,0,1,1.0,8.088620780419058,19.64969158227921,2.445246324409711,38.13315627139157,846.5530044686006,0.2872874174759508,41.0140129305388,66.19506893135303,296.218590405105,0.6626148413292461,726.0,120.2,303.2,1
parallel_run_2471,Archetype_4,1,0.5494271518185327,0.9518915088683398,0.7991506867720235,0.3902237002154362,0,0,0,2,0.0,7.737878589250059,17.65262552890793,2.04343847591413,60.65256661819086,794.1535603498564,0.3905802979433853,158.1284539410613,28.1308721236521,148.7173157451602,1.000044063032848,726.0,120.2,303.2,1
parallel_run_2472,Archetype_4,2,0.6338456281106075,0.9341923086223128,0.7976150007241863,0.5011368002087397,0,1,0,3,0.3333333333333333,13.0646439961812,18.24589508543017,2.716732587027388,46.65131170230379,725.1054169218328,0.5115983993063354,64.21434402267955,101.3397416534369,115.4601576016992,0.561267319729339,726.0,120.2,303.2,2
parallel_run_2473,Archetype_4,0,0.0,1.0,0.8333333333333334,0.0054264199214749,0,1,0,3,0.3333333333333333,14.55899147105204,16.92400224464144,4.505870455669541,48.66008960426488,1880.428773878496,0.1898057560671069,25.33689484018815,53.21861456331589,186.1609652237962,0.6245236166119492,726.0,120.2,303.2,0
parallel_run_2474,Archetype_4,2,0.8942188387807742,0.9323847700417852,0.8242967774885017,0.0785681387427263,0,1,0,3,0.3333333333333333,6.902588311173137,13.28544430155988,2.608092824810263,48.10349831449953,712.0868495925945,0.5809073215674864,59.06523453291005,146.7428585041353,298.5472537308848,1.224555548142108,726.0,120.2,303.2,2
parallel_run_2476,Archetype_4,1,1.0,0.9450319348930044,0.8634250173363159,0.0014802456214412,0,0,1,3,0.0,5.645937846490421,19.08999399027946,4.574685372982158,59.43535530068567,740.044618160573,0.4465748804743228,76.02908933133577,44.09919367093785,262.8462682705834,0.782484278393255,1239.2,972.4,134.2,2
parallel_run_2477,Archetype_4,0,0.352590312508901,0.975758052587538,0.7078808712983141,0.1173482619428563,0,1,0,3,0.3333333333333333,13.49964268135165,15.33095577911059,4.464674582116157,42.94616278436651,1185.794953774338,0.117649937817252,137.4023502352264,22.49168264409253,128.2191212271367,0.5911665438533666,1239.2,972.4,134.2,0
parallel_run_2478,Archetype_4,1,0.8556267069427321,0.9468256867466908,0.8333333333333334,0.2131690972580401,0,0,0,2,0.0,6.405292284318544,19.53555145216947,3.764585606427318,64.73890400335439,850.6267050193985,0.2646507902451352,37.50790122422556,110.5320184729022,100.9223548185412,1.28665717130124,1239.2,972.4,134.2,1
parallel_run_2479,Archetype_4,1,0.3756005282609063,0.9721347037343748,0.0,0.1833758240242554,0,0,0,2,0.0,5.078233488755179,15.36811055664406,4.023785290991664,68.86856051780249,1676.075248578451,0.2246787017126815,129.5689761803989,24.65199699594505,232.3224413807133,0.6774859235206085,1239.2,972.4,134.2,1
parallel_run_2480,Archetype_4,2,0.8273712580981414,0.9105744162754096,0.8333333333333334,0.0374922918101146,0,1,0,3,0.3333333333333333,9.795367374301884,8.46566765326878,4.968477490368761,93.10632240494294,1005.748088406246,0.0638931166280094,56.87494984404746,127.412906728483,150.7886454235,1.149819164967017,1239.2,972.4,134.2,2
parallel_run_2481,Archetype_4,0,0.3314756238391719,0.9731347706316098,0.8333333333333334,0.139716508479617,0,1,0,3,0.3333333333333333,13.21427123302489,12.99077849367701,2.804621181868556,57.60856169568081,1509.042894252557,0.202994166366049,91.80831738898752,122.5526135883852,139.657431483073,1.128863155150354,1239.2,972.4,134.2,0
parallel_run_2483,Archetype_4,1,0.266958272353942,0.971069365553106,0.0,0.0481243200599037,0,0,0,2,0.0,6.639503134093878,8.702036358183824,2.460006477284389,50.84918084009174,1224.275709388201,0.14250239653806,114.0559579566393,16.49310952489565,222.5836742807619,1.025953997214746,1239.2,972.4,134.2,1
parallel_run_2485,Archetype_4,1,0.0,1.0,0.8567081213269144,0.3898918716229614,0,0,0,2,0.0,13.53541818756549,17.50384951367896,4.718111782544003,32.06607470803334,1682.919135964777,0.407888008510583,62.79308556464255,40.8608152984074,108.3468966403483,0.7505038651828599,1239.2,972.4,134.2,1
parallel_run_2486,Archetype_4,1,0.1332311106433296,0.9869593541493984,0.8425331810679145,0.342461955581395,0,0,0,2,0.0,9.589786864094185,14.52009542132607,2.25760526337914,95.46321746956043,1743.776803747743,0.3420270254820715,154.4883468009115,38.07535167163682,155.3553685224774,0.5347162870897352,1239.2,972.4,134.2,1
parallel_run_2488,Archetype_4,0,0.2190397927908396,0.9854247402943812,0.9076925542302332,0.1188308612226613,0,1,0,3,0.3333333333333333,11.5724650899624,15.71417657225041,2.505463074151018,37.82135289309134,1732.171085268251,0.2966680057335894,87.89904124731528,124.3179479506931,188.0589961374106,0.6121933944560484,1239.2,972.4,134.2,0
parallel_run_2489,Archetype_4,2,1.0,0.920666651733203,0.1221498566883352,0.0641299896015197,0,1,0,3,0.0,7.401877309695345,16.72060108361629,4.239354502223774,78.9004950381646,763.9731909619118,0.0862171753274194,168.5882939237162,10.48455250370037,274.1962939177321,0.9381802418748396,1239.2,972.4,134.2,2
parallel_run_2490,Archetype_4,1,0.0,1.0,0.6741372831557197,1.806769594893123e-05,0,0,0,2,0.0,6.226512320545174,10.57007202633626,4.816232216133942,78.55254926123328,1473.572870709382,0.3084672339978864,39.11190515019379,26.58517665913403,167.9697151744124,0.8989728030906465,1239.2,972.4,134.2,1
parallel_run_2491,Archetype_4,1,0.2073863897438893,0.9809946704407476,0.8333333333333334,0.2181985891236653,0,0,0,2,0.0,8.028178927033153,12.69358091967134,3.112625106465832,36.62334427994244,1295.694779439287,0.2513937760739758,117.9684651723182,90.13045861303728,158.0544197808208,0.9195426682975842,1239.2,972.4,134.2,1
parallel_run_2492,Archetype_4,1,0.19381641624158,0.9756751405351012,0.7420488312962946,0.0232176943817487,0,0,0,2,0.0,5.772023405404161,7.116169331792253,2.064522668331408,56.51085137099933,1786.195480402135,0.0232508350807578,161.0329775531958,25.14851249315225,197.822121004284,0.7197444930411876,1239.2,972.4,134.2,1
parallel_run_2493,Archetype_4,0,0.6408967470743365,0.962819545542102,0.8333333333333334,0.0583665788243141,0,1,0,3,0.3333333333333333,9.480794663304136,17.03804542014852,4.639878986106728,99.35855694037711,1250.245306083507,0.4168895798584492,43.35096290748591,149.1588574610129,277.1890738836713,1.083347637799514,1239.2,972.4,134.2,0
parallel_run_2494,Archetype_4,2,1.0,0.9051975217233512,0.8333333333333334,0.2809664431329545,0,1,0,3,0.3333333333333333,12.59017345046845,19.02253176729523,3.9523185428614,96.0626212890334,921.343979285896,0.3159410008343269,143.9201303011419,83.56764829664709,247.3963377767511,1.184696545793093,1239.2,972.4,134.2,2
parallel_run_2495,Archetype_4,2,0.7212753775748271,0.94549089181016,0.0,0.3224210185210787,0,1,0,3,0.6666666666666666,13.88681027006693,18.61075821619153,4.347085125891433,43.42201779666991,778.7163195623369,0.5440908291581393,33.79114171279144,30.41474642500482,289.3256653337539,0.7671046222699125,1239.2,972.4,134.2,2
parallel_run_2496,Archetype_4,1,0.1757278196917231,0.9479576443127454,0.0160791787031067,0.5631528924267355,0,0,0,2,0.0,10.32199462340584,6.699275404416465,2.08038382636346,44.79361792876074,979.8557987975116,0.595749285135953,177.31500644115,11.06955829270862,290.4698168059626,1.067301995703033,1239.2,972.4,134.2,1
parallel_run_2497,Archetype_4,0,0.1436796378615261,0.9851928498388894,0.8333333333333334,0.3297322306293815,0,1,0,3,0.3333333333333333,10.44667181037197,13.25070225132207,4.259523874160369,88.11039822390016,1086.489408610497,0.3604504262054547,93.26680170863348,86.31118950437782,141.2036987315458,0.8099763525700954,1239.2,972.4,134.2,0
parallel_run_2498,Archetype_4,1,0.3375915271345601,0.959285437954106,0.8333333333332893,0.3487237023446091,0,0,0,2,0.0,7.193260089885094,11.65964368980142,4.36245347424116,67.47086947928852,860.866485459772,0.3929505433301446,47.88817474253383,105.9284432028051,105.7696635231778,0.7077017593878874,1239.2,972.4,134.2,1
parallel_run_2499,Archetype_4,0,0.0,1.0,0.0,0.0,0,1,0,3,0.6666666666666666,10.87938801553206,16.037856129965,2.961086101395173,69.6604654795751,1130.70880630468,0.3289402099742169,45.2910359937304,14.91317533979289,294.1194921299998,1.165324106539424,1239.2,972.4,134.2,0
parallel_run_2500,Archetype_4,0,0.3520599964153058,0.9768576140906428,0.9090909090909092,0.255446261516532,0,1,0,3,0.3333333333333333,11.04944243362644,19.24071518137925,3.605624564480587,53.85239415205597,1355.675352940887,0.2611936824169285,192.5155188876426,93.4514385332439,163.183152602084,0.9537850554699546,1239.2,972.4,134.2,0
parallel_run_2501,Archetype_4,2,0.8565942390136009,0.895209804213743,0.8333333333333334,0.5180496643919505,0,1,0,3,0.0,9.08917883368848,15.93141516714483,2.552097542916801,87.05159164902761,516.4075892774002,0.5259683590341234,164.5121833558311,80.95119800030251,191.2553856341034,1.094491785369062,1239.2,972.4,134.2,2
parallel_run_2502,Archetype_4,1,0.3492580964707695,0.95326828305335,0.8333333333333334,0.3390147655467569,0,0,0,2,0.0,6.022122980882333,10.18624643812967,4.118622604217991,44.05635878211464,657.7419002366751,0.4846669501207773,27.38228323221475,120.2686065600439,118.8863494549756,1.050243965660369,1239.2,972.4,134.2,1
parallel_run_2503,Archetype_4,0,0.3844042457768827,0.9804600599487612,0.8333333333333623,0.0226688748564298,0,1,0,3,0.3333333333333333,12.81217303836103,18.79926099501478,3.671884488568053,46.3834911494316,1976.5423669876,0.4556973803877963,98.27765434529884,77.3225987347966,261.8146648055326,0.8637011623017257,1239.2,972.4,134.2,0
parallel_run_2504,Archetype_4,2,1.0,0.9233263243273708,0.0,0.0270182456774105,0,1,0,3,0.3333333333333333,11.30329623906534,14.11358006738063,2.119776423336449,80.39616228749757,927.2926047619708,0.0269989646361896,110.5634989792129,18.96908617913164,123.0786965714163,1.005760777712649,1239.2,972.4,134.2,2
parallel_run_2505,Archetype_4,1,0.0,1.0,0.781910858346205,0.0001217507871431,0,0,0,2,0.0,9.208165790113028,15.46907671514874,4.545251827774964,38.83541580815834,1956.9090829731,0.1622856966902549,21.41825610127897,34.46180060490662,143.3953587386619,1.21370144627473,1239.2,972.4,134.2,1
parallel_run_2507,Archetype_4,0,0.1534536939566772,0.9919842151268592,0.8729952787679262,0.0151260093785105,0,1,0,3,0.3333333333333333,11.79622827938521,18.29050969456285,4.169805421292692,52.8848948871502,1412.193873679556,0.4257887667081556,79.79357681981203,42.21866859739012,215.0694877114157,0.8330072175424368,1239.2,972.4,134.2,0
parallel_run_2508,Archetype_4,2,0.4999303398054229,0.93931133762855,0.0,0.0030663558879854,0,1,0,3,0.3333333333333333,7.646521843235478,7.231058342555429,3.31458691916786,41.69964252763987,671.0160759439195,0.4157057803155249,70.94792328052574,46.67117715729472,250.4862261361136,0.7327865198402268,1239.2,972.4,134.2,2
parallel_run_2509,Archetype_4,2,1.0,0.8921607428370111,0.0,0.2072403172233246,0,0,1,3,0.0,13.36289726948865,19.43255606974088,2.149756002614726,98.31009612961368,830.6769291617317,0.3440972357975186,24.40106928622523,21.65487938516236,225.1829757871136,1.25645844295112,1239.2,972.4,134.2,2
parallel_run_2510,Archetype_4,0,0.2517382227920435,0.9738132337170126,0.6038664513520308,0.0617582196107165,0,1,0,3,0.3333333333333333,8.364797989299861,9.192250646467237,3.860538328046275,34.3813015352484,788.3970389732821,0.4717590306136611,144.6892794848065,41.70303632080136,285.1192728451363,0.9914750935718764,1239.2,972.4,134.2,0
parallel_run_2511,Archetype_4,0,0.2774149171372667,0.9839877898587384,0.0538978314608321,0.0322608542990331,0,1,0,3,0.3333333333333333,14.90080910970151,16.57440810558032,2.987874773593921,45.48329767203269,1579.101973947642,0.0323452792956046,124.7691560752347,13.25130095356169,131.0360691937709,1.160280557751469,1239.2,972.4,134.2,0
parallel_run_2512,Archetype_4,2,1.0,0.856917991422416,0.0,0.0059372059965561,0,1,0,3,0.3333333333333333,6.738724478605125,10.74467739481464,4.059979339446745,91.01635205906643,546.9101382223519,0.1271291449095846,29.64904233951978,50.75070528467045,175.7269183945674,1.085475702971351,1239.2,972.4,134.2,2
parallel_run_2513,Archetype_4,2,1.0,0.8879715109801513,0.0,0.2774650201432846,0,1,0,3,0.3333333333333333,12.29475505195811,16.20117521024517,2.57668959775238,86.126770574267,694.6303209657378,0.3562216088726904,35.8027220756866,64.20784236580666,271.3979072062631,0.7973279454902197,1239.2,972.4,134.2,2
parallel_run_2514,Archetype_4,1,0.7205961322604706,0.9363105809072808,0.6038466113022021,0.2472897853405517,0,0,0,2,0.0,5.41478544277491,13.9696886981829,3.800167267124271,93.40190108464566,1614.000840022941,0.2479437183689544,197.1143613561278,32.13386871974967,137.2906070612262,1.198479495410149,1239.2,972.4,134.2,1
parallel_run_2515,Archetype_4,3,4.455370558421584e-17,1.0,0.9090909090909284,0.0721179858421497,1,0,1,3,0.0,7.325244866915437,6.133456484961489,2.849506395765022,36.13139533184066,1846.939556478707,0.1045903725178832,104.708041937107,141.4654323491187,103.7582240168401,0.5719642415394346,1239.2,972.4,134.2,3
parallel_run_2516,Archetype_4,0,0.5065912837150683,0.9592582306064174,0.8333333333333334,0.0,0,1,0,3,0.3333333333333333,10.09356256031139,11.29063222601615,4.76846366035301,76.79579046522252,1053.739944648393,0.2204308342752106,41.70644304050847,45.01347485513899,281.050931209811,1.263414311242694,1239.2,972.4,134.2,0
parallel_run_2517,Archetype_4,1,0.4535204222923479,0.9710833927265168,0.8333333333333334,0.0409578517898106,0,0,1,3,0.0,6.186101812756469,15.06385238110333,2.884344918055505,31.24493007510238,986.5491512115816,0.0557544202849528,84.24127174220122,94.4970799647684,145.9465456157096,1.018398256176594,1239.2,972.4,134.2,0
parallel_run_2519,Archetype_4,1,0.1955824176846544,0.97595294003928,0.8333333333333334,0.0997556096558352,0,0,0,2,0.0,5.875103409596851,7.908293010058282,2.390464514085502,54.80879767084504,951.9658153072828,0.3730351891050821,88.41266743681159,98.35668950325385,201.4163575543587,0.6395764243792184,1239.2,972.4,134.2,1
parallel_run_2520,Archetype_4,3,0.1404611879054988,0.9784795742305352,0.8198714202546208,0.0631399485815673,1,0,1,3,0.0,9.89273547819015,5.915838497469448,4.894747269895554,35.37340681692577,1159.023486619083,0.501565989511877,72.72853972209614,37.63505720582668,179.0711115343357,0.7616663464940141,1239.2,972.4,134.2,3
parallel_run_2521,Archetype_4,0,4.419641031431933e-05,0.999997476114486,0.6956115383221325,8.27981292817063e-17,0,1,0,3,0.3333333333333333,14.08524419392078,16.31334378769262,2.308954015500626,40.52170066997526,1429.94499687827,0.4596363285181422,47.00410072502583,15.67060968778293,242.31607024993,1.191021807579522,1239.2,972.4,134.2,0
parallel_run_2522,Archetype_4,3,0.2268587984294677,0.9610109257409968,0.4761097887073768,0.2271000522861335,1,0,1,3,0.0,12.41392231723704,6.505360896541484,2.371739473104665,32.39759536864331,816.6382880545631,0.5170204646406725,23.22847379435524,49.02752712084806,184.9716219995724,1.138692518506339,1239.2,972.4,134.2,3
parallel_run_2523,Archetype_4,3,0.0993857549438207,0.9914619405876934,0.8333333333334033,0.3650508905082523,1,0,1,3,0.0,11.20531214550689,17.28918987462175,2.41534597807669,62.25120319523698,1520.929737606235,0.5566745144953847,74.0786242796822,117.154618835779,125.2618930845108,1.040699628833873,1239.2,972.4,134.2,3
parallel_run_2524,Archetype_4,0,0.1667644965004506,0.9869970631705708,0.8333333333333334,0.0170367951955713,0,1,0,3,0.3333333333333333,14.76040816329797,11.89711135068584,3.420702396064348,30.231907913922,1810.531238432742,0.1512092640839279,103.1976415956362,60.53852960346411,259.9151824744392,0.8372539290562797,1239.2,972.4,134.2,0
parallel_run_2525,Archetype_4,1,0.0004961173454081,0.9999698056035023,0.7905521417468054,0.018412969905922,0,0,0,2,0.0,7.125713809407731,15.76402470243221,2.203821019158463,30.66474775106086,1916.270048437812,0.5283635710427317,61.25580077898183,29.96136795184568,159.1614013752083,1.233712473598319,1239.2,972.4,134.2,1
parallel_run_2526,Archetype_4,0,0.6386617738525504,0.9613224093125478,0.9090909090909092,0.1429299526706046,0,1,0,3,0.3333333333333333,8.679848728865139,17.93322578398463,2.012220077079774,83.75880309023228,1452.198189273966,0.1702477055167378,188.3270361277955,136.3991131874458,182.3163284478816,0.9737019697352638,1239.2,972.4,134.2,0
parallel_run_2527,Archetype_4,0,0.2874512219814077,0.9735341077236624,0.8333333333333334,0.015277586208814,0,1,0,3,0.3333333333333333,10.55930465773863,9.95253445312245,2.521216447715092,45.35968846878346,1103.764527095477,0.4796032918726125,40.24829434892813,79.6642707844849,235.4042582741113,1.120275647130058,1239.2,972.4,134.2,0
parallel_run_2528,Archetype_4,1,3.569156804324984e-05,0.99999435189345,0.8333333333333334,0.000111428848398,0,0,0,2,0.0,8.584062378535368,5.204947737148349,3.396878123134748,49.03717145112236,1633.945583329502,0.3831221102711273,55.84174480106363,55.43941616510568,267.3891249190509,1.103848703587101,1239.2,972.4,134.2,1
parallel_run_2529,Archetype_4,2,1.0,0.9286546302814386,0.7169983980132124,0.0032737130367059,0,1,0,3,0.3333333333333333,11.48324720641784,13.54496100580118,2.943629403674687,73.69619351630662,959.6890243777384,0.1556452540222857,26.07329355182583,17.9346609870809,270.2527552749784,1.24797609559057,1239.2,972.4,134.2,2
parallel_run_2530,Archetype_4,1,0.0771437906157297,0.9921203918053356,0.8878718511526706,0.5350706166067499,0,0,0,2,0.0,8.239417824778362,19.86594006810631,2.185631748368638,84.78697422249212,1014.516711027553,0.5729610607824123,94.5537552962944,103.539963389083,112.696063975848,0.8568714170808833,1239.2,972.4,134.2,1
parallel_run_2531,Archetype_4,1,0.1801829337230786,0.9877952761502036,0.8501511825244428,0.0648403581860897,0,0,0,2,0.0,10.74739923464404,14.72531853706425,2.344142683785495,39.79251941170135,1382.725160889254,0.1302190494638491,44.96744153575168,45.57905328193963,117.6699208576838,0.5147064197244176,1239.2,972.4,134.2,1
parallel_run_2533,Archetype_4,0,0.6163361276691395,0.9532860160826524,0.8333333333333334,0.2857544801435084,0,1,0,3,0.3333333333333333,12.62912539162891,17.1844658696355,2.641849634690004,42.22256724024653,904.387351538265,0.3237095872395198,68.36904203871276,108.7516199458351,169.4200698119767,0.6476733781840518,1239.2,972.4,134.2,0
parallel_run_2534,Archetype_4,1,0.5041209581547721,0.9610621485378362,0.8731095881075541,0.0374621698826437,0,0,1,3,0.0,6.522201326382715,12.39939167303931,3.618708160073463,47.13963660315678,739.0878598442532,0.2748268178242084,80.41869864667342,47.40439371988354,195.7889275941752,0.5500432829432993,1239.2,972.4,134.2,0
parallel_run_2535,Archetype_4,2,1.0,0.9191844765230212,0.8333333333333021,0.03417675371709,0,1,0,3,0.3333333333333333,9.384437367855847,18.12707624626986,2.907152582017375,82.60031647176109,883.1361687269793,0.196669248894807,66.74094420558276,73.27740104246614,210.9777341720553,1.294178414837762,1239.2,972.4,134.2,2
parallel_run_2536,Archetype_4,1,0.3470703582215145,0.9626325274373854,0.865706731247029,0.5356812776165144,0,0,0,2,0.0,14.37657933613404,18.84410004062273,2.669185145620158,35.03786974557758,1927.503758948734,0.53662187709572,185.9380919407641,28.71237259798763,240.7907661092698,1.211179443278551,1239.2,972.4,134.2,1
parallel_run_2537,Archetype_4,0,0.227813673817895,0.986998772657285,0.8333333333333334,0.01224551259969,0,1,0,3,0.3333333333333333,12.88294506062676,16.47370199557806,3.916427027915539,33.29873756204726,1553.403975838957,0.1037951584613293,35.14190572583635,68.48407504836385,165.2840596040335,1.272212627733274,1239.2,972.4,134.2,0
parallel_run_2538,Archetype_4,1,0.1421675270191618,0.9881056159831154,0.8465158515648415,0.4363598763457388,0,0,0,2,0.0,13.71417304507693,19.94297232922278,3.190463394584546,39.35568050526847,1306.802190395147,0.4398896859558368,173.4756545582791,57.55417542909995,217.6461551705664,0.6040099969531483,1239.2,972.4,134.2,1
parallel_run_2539,Archetype_4,3,0.7742256617200746,0.9034723737538326,0.0,0.2464525204222745,1,0,1,3,0.0,10.0542437922061,9.52808842232428,2.7551726834745,63.83059444783521,602.6095239046633,0.5655852937121579,52.9250694322663,12.91258574592992,212.3338287792068,0.8863857524748795,1239.2,972.4,134.2,3
parallel_run_2540,Archetype_4,1,0.2575969159324505,0.9845791069150952,0.7910901612584543,0.0918670295133142,0,0,0,2,0.0,8.902950966584617,17.34337950080082,3.071726683251704,72.97629984854609,1254.634228844618,0.0922887709307529,134.989883752535,20.33996544789689,133.8281740992772,0.6978638514594209,1239.2,972.4,134.2,1
parallel_run_2541,Archetype_4,0,0.366395453535847,0.9330655981117254,0.7945032986874535,0.1914272442236877,0,1,0,3,0.3333333333333333,5.219692016072181,5.614852538476582,3.507907836572578,37.36349927885944,613.7680335920102,0.2904762209302906,148.1467328115624,131.7779486933157,207.8141490530652,1.146935950080092,1239.2,972.4,134.2,0
parallel_run_2542,Archetype_4,1,2.3057740690001402e-07,0.9999999639363156,0.8168444111138922,0.0002082319069602,0,0,0,2,0.0,11.93340271693271,5.317576274973425,3.28343831907141,71.54504448894762,1838.989919269122,0.4945103601576556,50.50487388868805,23.73720438973167,225.8680659378676,1.111263875962919,1239.2,972.4,134.2,1
parallel_run_2543,Archetype_4,2,1.0,0.9286825105885717,0.0,0.061837842473259,0,1,0,3,0.3333333333333333,7.847009180844555,15.10246331425202,2.220849460660624,49.56921416774286,674.7929181340594,0.181477849380431,32.85601950306146,137.9877963370772,282.6442521246439,1.072413780762075,1239.2,972.4,134.2,2
parallel_run_2544,Archetype_4,1,0.94718108357082,0.8959305327901969,0.7500963263547784,0.0005011769763828,0,0,0,2,0.0,5.307304167754404,8.062741299807017,2.856484395403244,90.46559420208708,591.9263990795743,0.5853009355147591,97.7904136753744,36.39089163854832,254.8378904988671,0.9033851808539108,1239.2,972.4,134.2,1
parallel_run_2545,Archetype_4,0,0.4999790631730318,0.9760193544324296,0.7764938666250805,0.0003413641933487,0,1,0,2,0.5,8.088620780419058,19.64969158227921,2.445246324409711,38.13315627139157,846.5530044686006,0.2872874174759508,41.0140129305388,66.19506893135303,296.218590405105,0.6626148413292461,1239.2,972.4,134.2,1
parallel_run_2546,Archetype_4,1,0.4893592647083933,0.9571007739452996,0.8127526469310046,0.3895111718957249,0,0,0,2,0.0,7.737878589250059,17.65262552890793,2.04343847591413,60.65256661819086,794.1535603498564,0.3905802979433853,158.1284539410613,28.1308721236521,148.7173157451602,1.000044063032848,1239.2,972.4,134.2,1
parallel_run_2547,Archetype_4,2,0.6197100739340947,0.9353209378759249,0.7978487274866303,0.4976341409212864,0,1,0,3,0.3333333333333333,13.0646439961812,18.24589508543017,2.716732587027388,46.65131170230379,725.1054169218328,0.5115983993063354,64.21434402267955,101.3397416534369,115.4601576016992,0.561267319729339,1239.2,972.4,134.2,2
parallel_run_2548,Archetype_4,0,0.3208985844333831,0.9822802264222106,0.8333333333333582,0.0060812141644102,0,1,0,3,0.3333333333333333,14.55899147105204,16.92400224464144,4.505870455669541,48.66008960426488,1880.428773878496,0.1898057560671069,25.33689484018815,53.21861456331589,186.1609652237962,0.6245236166119492,1239.2,972.4,134.2,0
parallel_run_2549,Archetype_4,2,0.8685535911289375,0.9334241183992216,0.7951950987316146,0.0879182541039452,0,1,0,3,0.3333333333333333,6.902588311173137,13.28544430155988,2.608092824810263,48.10349831449953,712.0868495925945,0.5809073215674864,59.06523453291005,146.7428585041353,298.5472537308848,1.224555548142108,1239.2,972.4,134.2,2
parallel_run_2551,Archetype_4,2,1.0,0.9203513812327444,0.8135868761539753,0.0,0,1,0,2,0.0,5.645937846490421,19.08999399027946,4.574685372982158,59.43535530068567,740.044618160573,0.4465748804743228,76.02908933133577,44.09919367093785,262.8462682705834,0.782484278393255,1425.8,637.0,396.5,1
parallel_run_2552,Archetype_4,3,0.3690583245252685,0.97454479054451,0.73257457251244,0.1177358372385277,1,1,1,4,0.25,13.49964268135165,15.33095577911059,4.464674582116157,42.94616278436651,1185.794953774338,0.117649937817252,137.4023502352264,22.49168264409253,128.2191212271367,0.5911665438533666,1425.8,637.0,396.5,3
parallel_run_2553,Archetype_4,1,0.7607229278085095,0.9521006635134516,0.8333333333333334,0.2302954744633902,0,0,0,2,0.0,6.405292284318544,19.53555145216947,3.764585606427318,64.73890400335439,850.6267050193985,0.2646507902451352,37.50790122422556,110.5320184729022,100.9223548185412,1.28665717130124,1425.8,637.0,396.5,1
parallel_run_2554,Archetype_4,1,0.4832912780977716,0.9640270050183096,0.0,0.1813112778424885,0,0,0,2,0.0,5.078233488755179,15.36811055664406,4.023785290991664,68.86856051780249,1676.075248578451,0.2246787017126815,129.5689761803989,24.65199699594505,232.3224413807133,0.6774859235206085,1425.8,637.0,396.5,1
parallel_run_2555,Archetype_4,3,0.8469254511189482,0.909302258926482,0.8420746464891917,0.0329620109343901,1,0,1,3,1.0,9.795367374301884,8.46566765326878,4.968477490368761,93.10632240494294,1005.748088406246,0.0638931166280094,56.87494984404746,127.412906728483,150.7886454235,1.149819164967017,1425.8,637.0,396.5,3
parallel_run_2556,Archetype_4,0,0.3581388847021776,0.970756171406449,0.8654678131979887,0.1423161357557718,0,0,1,3,0.6666666666666666,13.21427123302489,12.99077849367701,2.804621181868556,57.60856169568081,1509.042894252557,0.202994166366049,91.80831738898752,122.5526135883852,139.657431483073,1.128863155150354,1425.8,637.0,396.5,0
parallel_run_2558,Archetype_4,1,0.3464010217880902,0.9624611794034922,0.0,0.0478351233714725,0,0,0,2,0.0,6.639503134093878,8.702036358183824,2.460006477284389,50.84918084009174,1224.275709388201,0.14250239653806,114.0559579566393,16.49310952489565,222.5836742807619,1.025953997214746,1425.8,637.0,396.5,1
parallel_run_2560,Archetype_4,1,0.0,1.0,0.8437555829633078,0.3992249664399843,0,0,0,2,0.0,13.53541818756549,17.50384951367896,4.718111782544003,32.06607470803334,1682.919135964777,0.407888008510583,62.79308556464255,40.8608152984074,108.3468966403483,0.7505038651828599,1425.8,637.0,396.5,1
parallel_run_2561,Archetype_4,1,0.1691944765982862,0.9834090500639636,0.8478086719331913,0.3421659758914721,0,0,0,2,0.0,9.589786864094185,14.52009542132607,2.25760526337914,95.46321746956043,1743.776803747743,0.3420270254820715,154.4883468009115,38.07535167163682,155.3553685224774,0.5347162870897352,1425.8,637.0,396.5,1
parallel_run_2563,Archetype_4,0,0.2270146702110277,0.9845230179982752,0.8333333333333334,0.1342792584060361,0,1,0,3,0.3333333333333333,11.5724650899624,15.71417657225041,2.505463074151018,37.82135289309134,1732.171085268251,0.2966680057335894,87.89904124731528,124.3179479506931,188.0589961374106,0.6121933944560484,1425.8,637.0,396.5,0
parallel_run_2564,Archetype_4,2,1.0,0.9186975703415432,0.4243333157495255,0.0614162784953425,0,0,1,3,0.0,7.401877309695345,16.72060108361629,4.239354502223774,78.9004950381646,763.9731909619118,0.0862171753274194,168.5882939237162,10.48455250370037,274.1962939177321,0.9381802418748396,1425.8,637.0,396.5,2
parallel_run_2565,Archetype_4,1,0.0,1.0,0.6571084672761831,0.0001331376809702,0,0,0,2,0.0,6.226512320545174,10.57007202633626,4.816232216133942,78.55254926123328,1473.572870709382,0.3084672339978864,39.11190515019379,26.58517665913403,167.9697151744124,0.8989728030906465,1425.8,637.0,396.5,1
parallel_run_2566,Archetype_4,1,0.2903111426660436,0.973218282338107,0.8333333333333334,0.2205670961875735,0,0,0,2,0.0,8.028178927033153,12.69358091967134,3.112625106465832,36.62334427994244,1295.694779439287,0.2513937760739758,117.9684651723182,90.13045861303728,158.0544197808208,0.9195426682975842,1425.8,637.0,396.5,1
parallel_run_2567,Archetype_4,1,0.221291209196131,0.9722414851209878,0.7350073782800753,0.0232422106490193,0,0,0,2,0.0,5.772023405404161,7.116169331792253,2.064522668331408,56.51085137099933,1786.195480402135,0.0232508350807578,161.0329775531958,25.14851249315225,197.822121004284,0.7197444930411876,1425.8,637.0,396.5,1
parallel_run_2568,Archetype_4,0,0.7576773335214473,0.956299878949436,0.8333333333333334,0.0552885061197999,0,1,0,3,0.3333333333333333,9.480794663304136,17.03804542014852,4.639878986106728,99.35855694037711,1250.245306083507,0.4168895798584492,43.35096290748591,149.1588574610129,277.1890738836713,1.083347637799514,1425.8,637.0,396.5,0
parallel_run_2569,Archetype_4,3,1.0,0.901302944408588,0.8333333333333334,0.2692813606088366,1,1,1,3,0.3333333333333333,12.59017345046845,19.02253176729523,3.9523185428614,96.0626212890334,921.343979285896,0.3159410008343269,143.9201303011419,83.56764829664709,247.3963377767511,1.184696545793093,1425.8,637.0,396.5,3
parallel_run_2570,Archetype_4,2,0.7226154622697426,0.945480596579509,0.0,0.3261262291751975,0,1,0,3,0.3333333333333333,13.88681027006693,18.61075821619153,4.347085125891433,43.42201779666991,778.7163195623369,0.5440908291581393,33.79114171279144,30.41474642500482,289.3256653337539,0.7671046222699125,1425.8,637.0,396.5,2
parallel_run_2571,Archetype_4,1,0.1931873288549908,0.94378966765795,0.0521176685808787,0.5584002203555954,0,0,0,2,0.0,10.32199462340584,6.699275404416465,2.08038382636346,44.79361792876074,979.8557987975116,0.595749285135953,177.31500644115,11.06955829270862,290.4698168059626,1.067301995703033,1425.8,637.0,396.5,1
parallel_run_2572,Archetype_4,0,0.1781525301183336,0.9818395127020032,0.8333333333333334,0.3192906019085679,0,0,1,3,0.6666666666666666,10.44667181037197,13.25070225132207,4.259523874160369,88.11039822390016,1086.489408610497,0.3604504262054547,93.26680170863348,86.31118950437782,141.2036987315458,0.8099763525700954,1425.8,637.0,396.5,0
parallel_run_2573,Archetype_4,1,0.5007140714229048,0.9421434588356612,0.8333333333333334,0.3274746831762994,0,0,0,2,0.0,7.193260089885094,11.65964368980142,4.36245347424116,67.47086947928852,860.866485459772,0.3929505433301446,47.88817474253383,105.9284432028051,105.7696635231778,0.7077017593878874,1425.8,637.0,396.5,1
parallel_run_2574,Archetype_4,0,0.0001841810904259,0.9999892848635596,0.0,1.1432968968195466e-18,0,0,1,3,0.6666666666666666,10.87938801553206,16.037856129965,2.961086101395173,69.6604654795751,1130.70880630468,0.3289402099742169,45.2910359937304,14.91317533979289,294.1194921299998,1.165324106539424,1425.8,637.0,396.5,0
parallel_run_2575,Archetype_4,0,0.4362831728992498,0.9712632973413684,0.9090909090909092,0.2564404404953436,0,1,0,3,0.3333333333333333,11.04944243362644,19.24071518137925,3.605624564480587,53.85239415205597,1355.675352940887,0.2611936824169285,192.5155188876426,93.4514385332439,163.183152602084,0.9537850554699546,1425.8,637.0,396.5,0
parallel_run_2576,Archetype_4,3,0.9031436983825536,0.8883926055353134,0.8333333333333334,0.521613902715716,1,0,1,3,0.0,9.08917883368848,15.93141516714483,2.552097542916801,87.05159164902761,516.4075892774002,0.5259683590341234,164.5121833558311,80.95119800030251,191.2553856341034,1.094491785369062,1425.8,637.0,396.5,3
parallel_run_2577,Archetype_4,3,0.360594706341429,0.9517382282391756,0.8333333333333334,0.3323098151063878,1,0,1,3,0.0,6.022122980882333,10.18624643812967,4.118622604217991,44.05635878211464,657.7419002366751,0.4846669501207773,27.38228323221475,120.2686065600439,118.8863494549756,1.050243965660369,1425.8,637.0,396.5,3
parallel_run_2578,Archetype_4,0,0.4419351859300018,0.9777661879451116,0.8333333333334383,0.0171685400570011,0,1,0,3,0.3333333333333333,12.81217303836103,18.79926099501478,3.671884488568053,46.3834911494316,1976.5423669876,0.4556973803877963,98.27765434529884,77.3225987347966,261.8146648055326,0.8637011623017257,1425.8,637.0,396.5,0
parallel_run_2579,Archetype_4,2,1.0,0.9251355834282864,0.0,0.0269167927366417,0,1,0,3,0.3333333333333333,11.30329623906534,14.11358006738063,2.119776423336449,80.39616228749757,927.2926047619708,0.0269989646361896,110.5634989792129,18.96908617913164,123.0786965714163,1.005760777712649,1425.8,637.0,396.5,2
parallel_run_2580,Archetype_4,1,0.0,1.0,0.769391061103034,0.001849940632673,0,0,0,2,0.0,9.208165790113028,15.46907671514874,4.545251827774964,38.83541580815834,1956.9090829731,0.1622856966902549,21.41825610127897,34.46180060490662,143.3953587386619,1.21370144627473,1425.8,637.0,396.5,1
parallel_run_2582,Archetype_4,0,0.5697827021215884,0.9701236142585484,0.7663803658715607,0.0139288376309849,0,1,0,3,0.3333333333333333,11.79622827938521,18.29050969456285,4.169805421292692,52.8848948871502,1412.193873679556,0.4257887667081556,79.79357681981203,42.21866859739012,215.0694877114157,0.8330072175424368,1425.8,637.0,396.5,0
parallel_run_2583,Archetype_4,2,0.5030128124803973,0.9394620610858816,0.0,1.2831081616922165e-17,0,1,0,3,0.3333333333333333,7.646521843235478,7.231058342555429,3.31458691916786,41.69964252763987,671.0160759439195,0.4157057803155249,70.94792328052574,46.67117715729472,250.4862261361136,0.7327865198402268,1425.8,637.0,396.5,2
parallel_run_2584,Archetype_4,2,1.0,0.8922217001339742,0.0972941434893234,0.207302130523829,0,0,1,3,0.0,13.36289726948865,19.43255606974088,2.149756002614726,98.31009612961368,830.6769291617317,0.3440972357975186,24.40106928622523,21.65487938516236,225.1829757871136,1.25645844295112,1425.8,637.0,396.5,2
parallel_run_2585,Archetype_4,0,0.3604070608718275,0.9623759629927384,0.2903952778107742,0.0644870925004963,0,1,0,3,0.3333333333333333,8.364797989299861,9.192250646467237,3.860538328046275,34.3813015352484,788.3970389732821,0.4717590306136611,144.6892794848065,41.70303632080136,285.1192728451363,0.9914750935718764,1425.8,637.0,396.5,0
parallel_run_2586,Archetype_4,0,0.3077176652209152,0.981938514182912,0.0336331198991788,0.0322616998669999,0,0,1,3,0.6666666666666666,14.90080910970151,16.57440810558032,2.987874773593921,45.48329767203269,1579.101973947642,0.0323452792956046,124.7691560752347,13.25130095356169,131.0360691937709,1.160280557751469,1425.8,637.0,396.5,0
parallel_run_2587,Archetype_4,2,1.0,0.8575657592113035,0.0,0.004372518951396,0,1,0,3,0.3333333333333333,6.738724478605125,10.74467739481464,4.059979339446745,91.01635205906643,546.9101382223519,0.1271291449095846,29.64904233951978,50.75070528467045,175.7269183945674,1.085475702971351,1425.8,637.0,396.5,2
parallel_run_2588,Archetype_4,3,1.0,0.8879193279873387,0.0,0.2762819990534184,1,0,1,3,0.0,12.29475505195811,16.20117521024517,2.57668959775238,86.126770574267,694.6303209657378,0.3562216088726904,35.8027220756866,64.20784236580666,271.3979072062631,0.7973279454902197,1425.8,637.0,396.5,3
parallel_run_2589,Archetype_4,1,0.8982825312625277,0.9206085842911172,0.6331200613317955,0.2477851619528074,0,0,0,1,0.0,5.41478544277491,13.9696886981829,3.800167267124271,93.40190108464566,1614.000840022941,0.2479437183689544,197.1143613561278,32.13386871974967,137.2906070612262,1.198479495410149,1425.8,637.0,396.5,1
parallel_run_2590,Archetype_4,3,4.833770186703829e-18,1.0,0.9090909090909438,0.075590283921373,1,0,1,3,0.0,7.325244866915437,6.133456484961489,2.849506395765022,36.13139533184066,1846.939556478707,0.1045903725178832,104.708041937107,141.4654323491187,103.7582240168401,0.5719642415394346,1425.8,637.0,396.5,3
parallel_run_2591,Archetype_4,0,0.5035977048902549,0.9594088162756176,0.8333333333340371,2.512534863897196e-18,0,1,0,3,0.3333333333333333,10.09356256031139,11.29063222601615,4.76846366035301,76.79579046522252,1053.739944648393,0.2204308342752106,41.70644304050847,45.01347485513899,281.050931209811,1.263414311242694,1425.8,637.0,396.5,0
parallel_run_2592,Archetype_4,3,0.4996771195690744,0.967734384353291,0.8333333333333334,0.0447337589177858,1,0,1,3,0.0,6.186101812756469,15.06385238110333,2.884344918055505,31.24493007510238,986.5491512115816,0.0557544202849528,84.24127174220122,94.4970799647684,145.9465456157096,1.018398256176594,1425.8,637.0,396.5,3
parallel_run_2594,Archetype_4,1,0.3823732154439421,0.953623020228755,0.8333333333333334,0.091224333556927,0,0,0,2,0.0,5.875103409596851,7.908293010058282,2.390464514085502,54.80879767084504,951.9658153072828,0.3730351891050821,88.41266743681159,98.35668950325385,201.4163575543587,0.6395764243792184,1425.8,637.0,396.5,1
parallel_run_2595,Archetype_4,3,0.1714031151352417,0.9729821955396032,0.7729163715763898,0.0857596921419581,1,0,1,3,0.0,9.89273547819015,5.915838497469448,4.894747269895554,35.37340681692577,1159.023486619083,0.501565989511877,72.72853972209614,37.63505720582668,179.0711115343357,0.7616663464940141,1425.8,637.0,396.5,3
parallel_run_2596,Archetype_4,0,0.0006201908125868,0.9999643770416335,0.3129734984649144,0.0,0,0,1,3,0.6666666666666666,14.08524419392078,16.31334378769262,2.308954015500626,40.52170066997526,1429.94499687827,0.4596363285181422,47.00410072502583,15.67060968778293,242.31607024993,1.191021807579522,1425.8,637.0,396.5,0
parallel_run_2597,Archetype_4,3,0.2269570286692153,0.9610869156755132,0.4660114634883789,0.22814061200182,1,0,1,3,0.0,12.41392231723704,6.505360896541484,2.371739473104665,32.39759536864331,816.6382880545631,0.5170204646406725,23.22847379435524,49.02752712084806,184.9716219995724,1.138692518506339,1425.8,637.0,396.5,3
parallel_run_2598,Archetype_4,3,0.1328137869942436,0.9881587770658784,0.8333333333333334,0.3930391915965072,1,0,1,3,0.0,11.20531214550689,17.28918987462175,2.41534597807669,62.25120319523698,1520.929737606235,0.5566745144953847,74.0786242796822,117.154618835779,125.2618930845108,1.040699628833873,1425.8,637.0,396.5,3
parallel_run_2599,Archetype_4,0,0.1912138729539508,0.9851845583323944,0.8333333333333334,0.0105831360460424,0,0,1,3,0.6666666666666666,14.76040816329797,11.89711135068584,3.420702396064348,30.231907913922,1810.531238432742,0.1512092640839279,103.1976415956362,60.53852960346411,259.9151824744392,0.8372539290562797,1425.8,637.0,396.5,0
parallel_run_2600,Archetype_4,1,0.3194654447621322,0.980513531931988,0.7807196547497014,0.02293316974707,0,0,0,2,0.0,7.125713809407731,15.76402470243221,2.203821019158463,30.66474775106086,1916.270048437812,0.5283635710427317,61.25580077898183,29.96136795184568,159.1614013752083,1.233712473598319,1425.8,637.0,396.5,1
parallel_run_2601,Archetype_4,0,0.6632809689447902,0.9601583947914378,0.9090909090909092,0.1393835910725666,0,1,0,3,0.3333333333333333,8.679848728865139,17.93322578398463,2.012220077079774,83.75880309023228,1452.198189273966,0.1702477055167378,188.3270361277955,136.3991131874458,182.3163284478816,0.9737019697352638,1425.8,637.0,396.5,0
parallel_run_2602,Archetype_4,0,0.3568946674573739,0.9672706830515836,0.8333333333332862,0.0126220131656516,0,0,1,3,0.6666666666666666,10.55930465773863,9.95253445312245,2.521216447715092,45.35968846878346,1103.764527095477,0.4796032918726125,40.24829434892813,79.6642707844849,235.4042582741113,1.120275647130058,1425.8,637.0,396.5,0
parallel_run_2603,Archetype_4,1,0.0355982927892933,0.9943875098783796,0.8333333333333334,0.000532622853628,0,0,0,2,0.0,8.584062378535368,5.204947737148349,3.396878123134748,49.03717145112236,1633.945583329502,0.3831221102711273,55.84174480106363,55.43941616510568,267.3891249190509,1.103848703587101,1425.8,637.0,396.5,1
parallel_run_2604,Archetype_4,2,1.0,0.9290363580545872,0.6229056277166511,0.0027686934337752,0,1,0,3,0.3333333333333333,11.48324720641784,13.54496100580118,2.943629403674687,73.69619351630662,959.6890243777384,0.1556452540222857,26.07329355182583,17.9346609870809,270.2527552749784,1.24797609559057,1425.8,637.0,396.5,2
parallel_run_2605,Archetype_4,3,0.1539058324742181,0.9848205940931076,0.8333333333333334,0.5182258533537827,1,0,1,3,0.0,8.239417824778362,19.86594006810631,2.185631748368638,84.78697422249212,1014.516711027553,0.5729610607824123,94.5537552962944,103.539963389083,112.696063975848,0.8568714170808833,1425.8,637.0,396.5,3
parallel_run_2606,Archetype_4,1,0.3056292304809911,0.979504799834428,0.8333333333333601,0.0553071485563393,0,0,0,2,0.0,10.74739923464404,14.72531853706425,2.344142683785495,39.79251941170135,1382.725160889254,0.1302190494638491,44.96744153575168,45.57905328193963,117.6699208576838,0.5147064197244176,1425.8,637.0,396.5,1
parallel_run_2608,Archetype_4,0,0.6224374882955598,0.95237763789204,0.8333333333333334,0.2797632621726656,0,1,0,3,0.3333333333333333,12.62912539162891,17.1844658696355,2.641849634690004,42.22256724024653,904.387351538265,0.3237095872395198,68.36904203871276,108.7516199458351,169.4200698119767,0.6476733781840518,1425.8,637.0,396.5,0
parallel_run_2609,Archetype_4,3,0.500290989093246,0.9605945171174254,0.8443769001519117,0.0580354794843727,1,0,1,3,0.0,6.522201326382715,12.39939167303931,3.618708160073463,47.13963660315678,739.0878598442532,0.2748268178242084,80.41869864667342,47.40439371988354,195.7889275941752,0.5500432829432993,1425.8,637.0,396.5,3
parallel_run_2610,Archetype_4,2,1.0,0.9285997266583365,0.8333333333333334,0.0338731735914556,0,1,0,2,0.5,9.384437367855847,18.12707624626986,2.907152582017375,82.60031647176109,883.1361687269793,0.196669248894807,66.74094420558276,73.27740104246614,210.9777341720553,1.294178414837762,1425.8,637.0,396.5,1
parallel_run_2611,Archetype_4,1,0.3945177130489081,0.9576525894543224,0.8310306836264543,0.535501072894257,0,0,0,2,0.0,14.37657933613404,18.84410004062273,2.669185145620158,35.03786974557758,1927.503758948734,0.53662187709572,185.9380919407641,28.71237259798763,240.7907661092698,1.211179443278551,1425.8,637.0,396.5,1
parallel_run_2612,Archetype_4,0,0.2310542425183288,0.9866488761742442,0.8333333333333334,0.0163577613647556,0,1,0,3,0.3333333333333333,12.88294506062676,16.47370199557806,3.916427027915539,33.29873756204726,1553.403975838957,0.1037951584613293,35.14190572583635,68.48407504836385,165.2840596040335,1.272212627733274,1425.8,637.0,396.5,0
parallel_run_2613,Archetype_4,1,0.1743281707829189,0.9853348159903182,0.8557949831084812,0.4362753907075031,0,0,0,2,0.0,13.71417304507693,19.94297232922278,3.190463394584546,39.35568050526847,1306.802190395147,0.4398896859558368,173.4756545582791,57.55417542909995,217.6461551705664,0.6040099969531483,1425.8,637.0,396.5,1
parallel_run_2614,Archetype_4,3,0.7653341138274609,0.9035906435120632,0.0904931944106724,0.2432864856556177,1,0,1,3,0.0,10.0542437922061,9.52808842232428,2.7551726834745,63.83059444783521,602.6095239046633,0.5655852937121579,52.9250694322663,12.91258574592992,212.3338287792068,0.8863857524748795,1425.8,637.0,396.5,3
parallel_run_2615,Archetype_4,1,0.3022987696534868,0.981856287834254,0.7532689341488685,0.0924386561177879,0,0,0,2,0.0,8.902950966584617,17.34337950080082,3.071726683251704,72.97629984854609,1254.634228844618,0.0922887709307529,134.989883752535,20.33996544789689,133.8281740992772,0.6978638514594209,1425.8,637.0,396.5,1
parallel_run_2616,Archetype_4,3,0.3667907389218185,0.9329383845594456,0.8025586203559755,0.1935657343597249,0,0,1,3,0.6666666666666666,5.219692016072181,5.614852538476582,3.507907836572578,37.36349927885944,613.7680335920102,0.2904762209302906,148.1467328115624,131.7779486933157,207.8141490530652,1.146935950080092,1425.8,637.0,396.5,0
parallel_run_2617,Archetype_4,1,0.0002638995577615,0.9999586074555992,0.7926764332569611,0.0001584319304686,0,0,0,2,0.0,11.93340271693271,5.317576274973425,3.28343831907141,71.54504448894762,1838.989919269122,0.4945103601576556,50.50487388868805,23.73720438973167,225.8680659378676,1.111263875962919,1425.8,637.0,396.5,1
parallel_run_2618,Archetype_4,2,1.0,0.9292696753308154,0.0,0.0525384483098047,0,1,0,3,0.3333333333333333,7.847009180844555,15.10246331425202,2.220849460660624,49.56921416774286,674.7929181340594,0.181477849380431,32.85601950306146,137.9877963370772,282.6442521246439,1.072413780762075,1425.8,637.0,396.5,2
parallel_run_2619,Archetype_4,2,0.9996361669380516,0.8896271028200697,0.7122049056667646,0.0055855708374501,0,0,0,2,0.0,5.307304167754404,8.062741299807017,2.856484395403244,90.46559420208708,591.9263990795743,0.5853009355147591,97.7904136753744,36.39089163854832,254.8378904988671,0.9033851808539108,1425.8,637.0,396.5,1
parallel_run_2620,Archetype_4,2,1.0,0.9521270482005456,0.8333333333333334,0.0,0,1,0,1,1.0,8.088620780419058,19.64969158227921,2.445246324409711,38.13315627139157,846.5530044686006,0.2872874174759508,41.0140129305388,66.19506893135303,296.218590405105,0.6626148413292461,1425.8,637.0,396.5,1
parallel_run_2621,Archetype_4,1,0.5619468669962994,0.9511994603810868,0.7981403293739218,0.388863903954556,0,0,0,2,0.0,7.737878589250059,17.65262552890793,2.04343847591413,60.65256661819086,794.1535603498564,0.3905802979433853,158.1284539410613,28.1308721236521,148.7173157451602,1.000044063032848,1425.8,637.0,396.5,1
parallel_run_2622,Archetype_4,2,0.6584813130775861,0.9324743810483288,0.8068699647259411,0.4995708256628107,0,1,0,3,0.3333333333333333,13.0646439961812,18.24589508543017,2.716732587027388,46.65131170230379,725.1054169218328,0.5115983993063354,64.21434402267955,101.3397416534369,115.4601576016992,0.561267319729339,1425.8,637.0,396.5,2
parallel_run_2623,Archetype_4,0,0.3207719181885098,0.9822511789853652,0.8333333333333334,0.0011730389475749,0,1,0,3,0.3333333333333333,14.55899147105204,16.92400224464144,4.505870455669541,48.66008960426488,1880.428773878496,0.1898057560671069,25.33689484018815,53.21861456331589,186.1609652237962,0.6245236166119492,1425.8,637.0,396.5,0
parallel_run_2624,Archetype_4,2,0.8996669962516455,0.931752695543459,0.7742836441014188,0.0798442148358333,0,1,0,3,0.3333333333333333,6.902588311173137,13.28544430155988,2.608092824810263,48.10349831449953,712.0868495925945,0.5809073215674864,59.06523453291005,146.7428585041353,298.5472537308848,1.224555548142108,1425.8,637.0,396.5,2
parallel_run_2626,Archetype_4,2,1.0,0.9452480741397118,0.8570517297348833,0.0,0,1,0,3,0.0,5.645937846490421,19.08999399027946,4.574685372982158,59.43535530068567,740.044618160573,0.4465748804743228,76.02908933133577,44.09919367093785,262.8462682705834,0.782484278393255,1130.2,765.8,183.0,2
parallel_run_2627,Archetype_4,0,0.3564472136922262,0.9753675553746048,0.7073744326307725,0.1172136415705767,0,1,0,3,0.3333333333333333,13.49964268135165,15.33095577911059,4.464674582116157,42.94616278436651,1185.794953774338,0.117649937817252,137.4023502352264,22.49168264409253,128.2191212271367,0.5911665438533666,1130.2,765.8,183.0,0
parallel_run_2628,Archetype_4,1,0.8631514468730151,0.946542245774922,0.8333333333333334,0.206727666955409,0,0,0,2,0.0,6.405292284318544,19.53555145216947,3.764585606427318,64.73890400335439,850.6267050193985,0.2646507902451352,37.50790122422556,110.5320184729022,100.9223548185412,1.28665717130124,1130.2,765.8,183.0,1
parallel_run_2629,Archetype_4,1,0.3874534684467549,0.97119418450184,0.0045321320995272,0.1842587861844069,0,0,0,2,0.0,5.078233488755179,15.36811055664406,4.023785290991664,68.86856051780249,1676.075248578451,0.2246787017126815,129.5689761803989,24.65199699594505,232.3224413807133,0.6774859235206085,1130.2,765.8,183.0,1
parallel_run_2630,Archetype_4,2,0.8314118536334214,0.9102946896872935,0.8942459208135658,0.035653473879103,0,1,0,3,0.3333333333333333,9.795367374301884,8.46566765326878,4.968477490368761,93.10632240494294,1005.748088406246,0.0638931166280094,56.87494984404746,127.412906728483,150.7886454235,1.149819164967017,1130.2,765.8,183.0,2
parallel_run_2631,Archetype_4,0,0.3385525232843774,0.9721586877890388,0.8509741415263905,0.1486816022350633,0,1,0,3,0.3333333333333333,13.21427123302489,12.99077849367701,2.804621181868556,57.60856169568081,1509.042894252557,0.202994166366049,91.80831738898752,122.5526135883852,139.657431483073,1.128863155150354,1130.2,765.8,183.0,0
parallel_run_2633,Archetype_4,1,0.2734495843941954,0.9705409240992708,0.0,0.0539954723478741,0,0,0,2,0.0,6.639503134093878,8.702036358183824,2.460006477284389,50.84918084009174,1224.275709388201,0.14250239653806,114.0559579566393,16.49310952489565,222.5836742807619,1.025953997214746,1130.2,765.8,183.0,1
parallel_run_2635,Archetype_4,1,0.0,1.0,0.8608864850435494,0.3957385741269258,0,0,0,2,0.0,13.53541818756549,17.50384951367896,4.718111782544003,32.06607470803334,1682.919135964777,0.407888008510583,62.79308556464255,40.8608152984074,108.3468966403483,0.7505038651828599,1130.2,765.8,183.0,1
parallel_run_2636,Archetype_4,1,0.1443745054689261,0.9859295870585176,0.827596148645536,0.3407642585740049,0,0,0,2,0.0,9.589786864094185,14.52009542132607,2.25760526337914,95.46321746956043,1743.776803747743,0.3420270254820715,154.4883468009115,38.07535167163682,155.3553685224774,0.5347162870897352,1130.2,765.8,183.0,1
parallel_run_2638,Archetype_4,0,0.1805770376190583,0.9880142504703374,0.8333333333333454,0.121543363315665,0,1,0,3,0.3333333333333333,11.5724650899624,15.71417657225041,2.505463074151018,37.82135289309134,1732.171085268251,0.2966680057335894,87.89904124731528,124.3179479506931,188.0589961374106,0.6121933944560484,1130.2,765.8,183.0,0
parallel_run_2639,Archetype_4,2,1.0,0.9202215472142866,0.0097046324036422,0.0637312218253495,0,0,1,3,0.0,7.401877309695345,16.72060108361629,4.239354502223774,78.9004950381646,763.9731909619118,0.0862171753274194,168.5882939237162,10.48455250370037,274.1962939177321,0.9381802418748396,1130.2,765.8,183.0,2
parallel_run_2640,Archetype_4,1,0.0,1.0,0.6729120395921901,0.000123283914454,0,0,0,2,0.0,6.226512320545174,10.57007202633626,4.816232216133942,78.55254926123328,1473.572870709382,0.3084672339978864,39.11190515019379,26.58517665913403,167.9697151744124,0.8989728030906465,1130.2,765.8,183.0,1
parallel_run_2641,Archetype_4,3,0.203627707945651,0.9815613747728597,0.8333333333333477,0.210716208899348,1,0,1,3,0.0,8.028178927033153,12.69358091967134,3.112625106465832,36.62334427994244,1295.694779439287,0.2513937760739758,117.9684651723182,90.13045861303728,158.0544197808208,0.9195426682975842,1130.2,765.8,183.0,3
parallel_run_2642,Archetype_4,1,0.2100200109469369,0.9735629053428048,0.7181399113121698,0.0232182375617,0,0,0,2,0.0,5.772023405404161,7.116169331792253,2.064522668331408,56.51085137099933,1786.195480402135,0.0232508350807578,161.0329775531958,25.14851249315225,197.822121004284,0.7197444930411876,1130.2,765.8,183.0,1
parallel_run_2643,Archetype_4,0,0.6641514288975523,0.9619952799614698,0.8333333333333334,0.0428202819357588,0,1,0,3,0.3333333333333333,9.480794663304136,17.03804542014852,4.639878986106728,99.35855694037711,1250.245306083507,0.4168895798584492,43.35096290748591,149.1588574610129,277.1890738836713,1.083347637799514,1130.2,765.8,183.0,0
parallel_run_2644,Archetype_4,2,1.0,0.9024767921298666,0.8333333333333334,0.274258848798326,0,1,0,3,0.3333333333333333,12.59017345046845,19.02253176729523,3.9523185428614,96.0626212890334,921.343979285896,0.3159410008343269,143.9201303011419,83.56764829664709,247.3963377767511,1.184696545793093,1130.2,765.8,183.0,2
parallel_run_2645,Archetype_4,2,0.725005437111606,0.9455573606199732,0.0,0.3224683327938371,0,1,0,3,0.3333333333333333,13.88681027006693,18.61075821619153,4.347085125891433,43.42201779666991,778.7163195623369,0.5440908291581393,33.79114171279144,30.41474642500482,289.3256653337539,0.7671046222699125,1130.2,765.8,183.0,2
parallel_run_2646,Archetype_4,1,0.1846562720007437,0.945527673843888,0.0042988667944838,0.5601621870573754,0,0,0,2,0.0,10.32199462340584,6.699275404416465,2.08038382636346,44.79361792876074,979.8557987975116,0.595749285135953,177.31500644115,11.06955829270862,290.4698168059626,1.067301995703033,1130.2,765.8,183.0,1
parallel_run_2647,Archetype_4,0,0.192765097768132,0.9805576540902812,0.8333333333333334,0.3198059254812352,0,1,0,3,0.3333333333333333,10.44667181037197,13.25070225132207,4.259523874160369,88.11039822390016,1086.489408610497,0.3604504262054547,93.26680170863348,86.31118950437782,141.2036987315458,0.8099763525700954,1130.2,765.8,183.0,0
parallel_run_2648,Archetype_4,1,0.2545232535851913,0.9695919799396354,0.8333333333333921,0.3478162987630026,0,0,0,2,0.0,7.193260089885094,11.65964368980142,4.36245347424116,67.47086947928852,860.866485459772,0.3929505433301446,47.88817474253383,105.9284432028051,105.7696635231778,0.7077017593878874,1130.2,765.8,183.0,1
parallel_run_2649,Archetype_4,0,0.0,1.0,0.0,6.076057555311261e-06,0,1,0,3,0.3333333333333333,10.87938801553206,16.037856129965,2.961086101395173,69.6604654795751,1130.70880630468,0.3289402099742169,45.2910359937304,14.91317533979289,294.1194921299998,1.165324106539424,1130.2,765.8,183.0,0
parallel_run_2650,Archetype_4,0,0.3457069902414165,0.977480614244832,0.9090909090909092,0.2546884801679755,0,1,0,3,0.3333333333333333,11.04944243362644,19.24071518137925,3.605624564480587,53.85239415205597,1355.675352940887,0.2611936824169285,192.5155188876426,93.4514385332439,163.183152602084,0.9537850554699546,1130.2,765.8,183.0,0
parallel_run_2651,Archetype_4,3,0.8734575494863309,0.8937085879916407,0.8333333333333406,0.5177525551774402,1,0,1,3,0.0,9.08917883368848,15.93141516714483,2.552097542916801,87.05159164902761,516.4075892774002,0.5259683590341234,164.5121833558311,80.95119800030251,191.2553856341034,1.094491785369062,1130.2,765.8,183.0,3
parallel_run_2652,Archetype_4,1,0.3432051254764068,0.9531574453837116,0.8333333333333345,0.3499014695613947,0,0,0,2,0.0,6.022122980882333,10.18624643812967,4.118622604217991,44.05635878211464,657.7419002366751,0.4846669501207773,27.38228323221475,120.2686065600439,118.8863494549756,1.050243965660369,1130.2,765.8,183.0,1
parallel_run_2653,Archetype_4,0,0.3731735768863518,0.9803972932574856,0.8333333333333334,0.0423476198365622,0,1,0,3,0.3333333333333333,12.81217303836103,18.79926099501478,3.671884488568053,46.3834911494316,1976.5423669876,0.4556973803877963,98.27765434529884,77.3225987347966,261.8146648055326,0.8637011623017257,1130.2,765.8,183.0,0
parallel_run_2654,Archetype_4,2,1.0,0.9233207643219238,0.0,0.0268977777780565,0,1,0,3,0.3333333333333333,11.30329623906534,14.11358006738063,2.119776423336449,80.39616228749757,927.2926047619708,0.0269989646361896,110.5634989792129,18.96908617913164,123.0786965714163,1.005760777712649,1130.2,765.8,183.0,2
parallel_run_2655,Archetype_4,1,0.0,1.0,0.7769335382248213,0.0008331213622906,0,0,0,2,0.0,9.208165790113028,15.46907671514874,4.545251827774964,38.83541580815834,1956.9090829731,0.1622856966902549,21.41825610127897,34.46180060490662,143.3953587386619,1.21370144627473,1130.2,765.8,183.0,1
parallel_run_2657,Archetype_4,0,0.1705766086486512,0.9912083836002852,0.8690497196494228,0.0087182338852898,0,1,0,3,0.3333333333333333,11.79622827938521,18.29050969456285,4.169805421292692,52.8848948871502,1412.193873679556,0.4257887667081556,79.79357681981203,42.21866859739012,215.0694877114157,0.8330072175424368,1130.2,765.8,183.0,0
parallel_run_2658,Archetype_4,2,0.5034558352634401,0.9395505341466324,0.0,0.0,0,1,0,3,0.3333333333333333,7.646521843235478,7.231058342555429,3.31458691916786,41.69964252763987,671.0160759439195,0.4157057803155249,70.94792328052574,46.67117715729472,250.4862261361136,0.7327865198402268,1130.2,765.8,183.0,2
parallel_run_2659,Archetype_4,3,1.0,0.8920494744463245,0.0002699914114424,0.2085539365136386,1,0,1,3,0.0,13.36289726948865,19.43255606974088,2.149756002614726,98.31009612961368,830.6769291617317,0.3440972357975186,24.40106928622523,21.65487938516236,225.1829757871136,1.25645844295112,1130.2,765.8,183.0,3
parallel_run_2660,Archetype_4,0,0.2665171510428147,0.9724874667638892,0.5776361440499971,0.0549195004934731,0,1,0,3,0.3333333333333333,8.364797989299861,9.192250646467237,3.860538328046275,34.3813015352484,788.3970389732821,0.4717590306136611,144.6892794848065,41.70303632080136,285.1192728451363,0.9914750935718764,1130.2,765.8,183.0,0
parallel_run_2661,Archetype_4,0,0.2889241191702051,0.9832495398072494,0.0,0.0323138190043834,0,1,0,3,0.3333333333333333,14.90080910970151,16.57440810558032,2.987874773593921,45.48329767203269,1579.101973947642,0.0323452792956046,124.7691560752347,13.25130095356169,131.0360691937709,1.160280557751469,1130.2,765.8,183.0,0
parallel_run_2662,Archetype_4,2,1.0,0.8573500196755052,0.0,0.0067750850286,0,1,0,3,0.3333333333333333,6.738724478605125,10.74467739481464,4.059979339446745,91.01635205906643,546.9101382223519,0.1271291449095846,29.64904233951978,50.75070528467045,175.7269183945674,1.085475702971351,1130.2,765.8,183.0,2
parallel_run_2663,Archetype_4,2,1.0,0.8880210375994666,0.0,0.2781442491818456,0,1,0,3,0.3333333333333333,12.29475505195811,16.20117521024517,2.57668959775238,86.126770574267,694.6303209657378,0.3562216088726904,35.8027220756866,64.20784236580666,271.3979072062631,0.7973279454902197,1130.2,765.8,183.0,2
parallel_run_2664,Archetype_4,1,0.7371801170163657,0.9352034183992076,0.6094708100435043,0.2473880185705606,0,0,0,2,0.0,5.41478544277491,13.9696886981829,3.800167267124271,93.40190108464566,1614.000840022941,0.2479437183689544,197.1143613561278,32.13386871974967,137.2906070612262,1.198479495410149,1130.2,765.8,183.0,1
parallel_run_2665,Archetype_4,3,0.0003731604730651,0.9999453839344118,0.8333333333333334,0.0696613181211299,1,0,1,3,0.0,7.325244866915437,6.133456484961489,2.849506395765022,36.13139533184066,1846.939556478707,0.1045903725178832,104.708041937107,141.4654323491187,103.7582240168401,0.5719642415394346,1130.2,765.8,183.0,3
parallel_run_2666,Archetype_4,0,0.4993376345657194,0.9596645413729168,0.8333333333333334,0.0,0,1,0,3,0.3333333333333333,10.09356256031139,11.29063222601615,4.76846366035301,76.79579046522252,1053.739944648393,0.2204308342752106,41.70644304050847,45.01347485513899,281.050931209811,1.263414311242694,1130.2,765.8,183.0,0
parallel_run_2667,Archetype_4,3,0.4385452848684689,0.971871509484887,0.8333333333333343,0.0407664629949356,1,0,1,3,0.0,6.186101812756469,15.06385238110333,2.884344918055505,31.24493007510238,986.5491512115816,0.0557544202849528,84.24127174220122,94.4970799647684,145.9465456157096,1.018398256176594,1130.2,765.8,183.0,3
parallel_run_2669,Archetype_4,3,0.2304262932077135,0.9718581961061842,0.833333333333331,0.0951088938825503,1,0,1,3,0.0,5.875103409596851,7.908293010058282,2.390464514085502,54.80879767084504,951.9658153072828,0.3730351891050821,88.41266743681159,98.35668950325385,201.4163575543587,0.6395764243792184,1130.2,765.8,183.0,3
parallel_run_2670,Archetype_4,3,0.1369005037214235,0.9789170604116464,0.7872432498500652,0.0663003048786701,1,0,1,3,0.0,9.89273547819015,5.915838497469448,4.894747269895554,35.37340681692577,1159.023486619083,0.501565989511877,72.72853972209614,37.63505720582668,179.0711115343357,0.7616663464940141,1130.2,765.8,183.0,3
parallel_run_2671,Archetype_4,0,0.0002193871086001,0.9999874021172108,0.4477077421548718,0.0005414089556145,0,1,0,3,0.3333333333333333,14.08524419392078,16.31334378769262,2.308954015500626,40.52170066997526,1429.94499687827,0.4596363285181422,47.00410072502583,15.67060968778293,242.31607024993,1.191021807579522,1130.2,765.8,183.0,0
parallel_run_2672,Archetype_4,3,0.2259469507236199,0.9610709155728316,0.0367474374179875,0.2265966132416876,1,0,1,3,0.0,12.41392231723704,6.505360896541484,2.371739473104665,32.39759536864331,816.6382880545631,0.5170204646406725,23.22847379435524,49.02752712084806,184.9716219995724,1.138692518506339,1130.2,765.8,183.0,3
parallel_run_2673,Archetype_4,3,0.0920987462420708,0.9922157475553338,0.8333333333333337,0.355935655095096,1,0,1,3,0.0,11.20531214550689,17.28918987462175,2.41534597807669,62.25120319523698,1520.929737606235,0.5566745144953847,74.0786242796822,117.154618835779,125.2618930845108,1.040699628833873,1130.2,765.8,183.0,3
parallel_run_2674,Archetype_4,0,0.16849620996456,0.9868920096080778,0.8333333333333308,0.0175352573859782,0,1,0,3,0.3333333333333333,14.76040816329797,11.89711135068584,3.420702396064348,30.231907913922,1810.531238432742,0.1512092640839279,103.1976415956362,60.53852960346411,259.9151824744392,0.8372539290562797,1130.2,765.8,183.0,0
parallel_run_2675,Archetype_4,1,0.0007972319120675,0.9999520082633642,0.7752628009307867,0.0151223583291952,0,0,0,2,0.0,7.125713809407731,15.76402470243221,2.203821019158463,30.66474775106086,1916.270048437812,0.5283635710427317,61.25580077898183,29.96136795184568,159.1614013752083,1.233712473598319,1130.2,765.8,183.0,1
parallel_run_2676,Archetype_4,0,0.6233726594302487,0.9623300252195214,0.9090909090909092,0.1430883340027642,0,1,0,3,0.3333333333333333,8.679848728865139,17.93322578398463,2.012220077079774,83.75880309023228,1452.198189273966,0.1702477055167378,188.3270361277955,136.3991131874458,182.3163284478816,0.9737019697352638,1130.2,765.8,183.0,0
parallel_run_2677,Archetype_4,0,0.3309693039616727,0.9698147755133748,0.8333333333333334,0.0110122594832025,0,1,0,3,0.3333333333333333,10.55930465773863,9.95253445312245,2.521216447715092,45.35968846878346,1103.764527095477,0.4796032918726125,40.24829434892813,79.6642707844849,235.4042582741113,1.120275647130058,1130.2,765.8,183.0,0
parallel_run_2678,Archetype_4,1,0.0001153289521641,0.9999818905387472,0.8344066083431888,0.0,0,0,0,2,0.0,8.584062378535368,5.204947737148349,3.396878123134748,49.03717145112236,1633.945583329502,0.3831221102711273,55.84174480106363,55.43941616510568,267.3891249190509,1.103848703587101,1130.2,765.8,183.0,1
parallel_run_2679,Archetype_4,2,1.0,0.9287519075850584,0.5975554728605758,0.0026511726279965,0,1,0,3,0.3333333333333333,11.48324720641784,13.54496100580118,2.943629403674687,73.69619351630662,959.6890243777384,0.1556452540222857,26.07329355182583,17.9346609870809,270.2527552749784,1.24797609559057,1130.2,765.8,183.0,2
parallel_run_2680,Archetype_4,3,0.0625984926858263,0.9937877592643776,0.8333333333333334,0.5219235167481643,1,0,1,3,0.0,8.239417824778362,19.86594006810631,2.185631748368638,84.78697422249212,1014.516711027553,0.5729610607824123,94.5537552962944,103.539963389083,112.696063975848,0.8568714170808833,1130.2,765.8,183.0,3
parallel_run_2681,Archetype_4,1,0.182288874929569,0.9877420671009636,0.8482665430221384,0.0630709503345076,0,0,0,2,0.0,10.74739923464404,14.72531853706425,2.344142683785495,39.79251941170135,1382.725160889254,0.1302190494638491,44.96744153575168,45.57905328193963,117.6699208576838,0.5147064197244176,1130.2,765.8,183.0,1
parallel_run_2683,Archetype_4,0,0.6138329313013605,0.9529998088720832,0.8333333333333334,0.2826000147451729,0,1,0,3,0.3333333333333333,12.62912539162891,17.1844658696355,2.641849634690004,42.22256724024653,904.387351538265,0.3237095872395198,68.36904203871276,108.7516199458351,169.4200698119767,0.6476733781840518,1130.2,765.8,183.0,0
parallel_run_2684,Archetype_4,3,0.5021905014855932,0.9617077933672162,0.8354303052880002,0.0313369970941724,1,0,1,3,0.0,6.522201326382715,12.39939167303931,3.618708160073463,47.13963660315678,739.0878598442532,0.2748268178242084,80.41869864667342,47.40439371988354,195.7889275941752,0.5500432829432993,1130.2,765.8,183.0,3
parallel_run_2685,Archetype_4,2,1.0,0.9144201905138898,0.8333333333333334,0.0311681966810148,0,1,0,3,0.3333333333333333,9.384437367855847,18.12707624626986,2.907152582017375,82.60031647176109,883.1361687269793,0.196669248894807,66.74094420558276,73.27740104246614,210.9777341720553,1.294178414837762,1130.2,765.8,183.0,2
parallel_run_2686,Archetype_4,1,0.3732758404163026,0.9602198228376752,0.8501297549449814,0.5346947367407484,0,0,0,2,0.0,14.37657933613404,18.84410004062273,2.669185145620158,35.03786974557758,1927.503758948734,0.53662187709572,185.9380919407641,28.71237259798763,240.7907661092698,1.211179443278551,1130.2,765.8,183.0,1
parallel_run_2687,Archetype_4,0,0.2280024660443291,0.9870234853902368,0.8333333333333334,0.0098109298243498,0,1,0,3,0.3333333333333333,12.88294506062676,16.47370199557806,3.916427027915539,33.29873756204726,1553.403975838957,0.1037951584613293,35.14190572583635,68.48407504836385,165.2840596040335,1.272212627733274,1130.2,765.8,183.0,0
parallel_run_2688,Archetype_4,1,0.1458886930045425,0.98772350332797,0.8333333333333334,0.4369059095595027,0,0,0,2,0.0,13.71417304507693,19.94297232922278,3.190463394584546,39.35568050526847,1306.802190395147,0.4398896859558368,173.4756545582791,57.55417542909995,217.6461551705664,0.6040099969531483,1130.2,765.8,183.0,1
parallel_run_2689,Archetype_4,3,0.7692525896179592,0.9035297761117842,0.0,0.2447696524653284,1,0,1,3,0.0,10.0542437922061,9.52808842232428,2.7551726834745,63.83059444783521,602.6095239046633,0.5655852937121579,52.9250694322663,12.91258574592992,212.3338287792068,0.8863857524748795,1130.2,765.8,183.0,3
parallel_run_2690,Archetype_4,1,0.2559616510196905,0.9848061447371824,0.7650568303900491,0.0922104226723504,0,0,0,2,0.0,8.902950966584617,17.34337950080082,3.071726683251704,72.97629984854609,1254.634228844618,0.0922887709307529,134.989883752535,20.33996544789689,133.8281740992772,0.6978638514594209,1130.2,765.8,183.0,1
parallel_run_2691,Archetype_4,0,0.3644291461428612,0.9322968024388872,0.7906047582859027,0.1992842625120914,0,1,0,3,0.3333333333333333,5.219692016072181,5.614852538476582,3.507907836572578,37.36349927885944,613.7680335920102,0.2904762209302906,148.1467328115624,131.7779486933157,207.8141490530652,1.146935950080092,1130.2,765.8,183.0,0
parallel_run_2692,Archetype_4,1,2.250698781516157e-07,0.9999999646869112,0.7929919978620443,2.7493917982509068e-05,0,0,0,2,0.0,11.93340271693271,5.317576274973425,3.28343831907141,71.54504448894762,1838.989919269122,0.4945103601576556,50.50487388868805,23.73720438973167,225.8680659378676,1.111263875962919,1130.2,765.8,183.0,1
parallel_run_2693,Archetype_4,2,1.0,0.928315245071286,0.0,0.0529643986670552,0,1,0,3,0.3333333333333333,7.847009180844555,15.10246331425202,2.220849460660624,49.56921416774286,674.7929181340594,0.181477849380431,32.85601950306146,137.9877963370772,282.6442521246439,1.072413780762075,1130.2,765.8,183.0,2
parallel_run_2694,Archetype_4,1,0.9405064834630084,0.8957760986373318,0.7207183996101958,0.0050216779161553,0,0,0,2,0.0,5.307304167754404,8.062741299807017,2.856484395403244,90.46559420208708,591.9263990795743,0.5853009355147591,97.7904136753744,36.39089163854832,254.8378904988671,0.9033851808539108,1130.2,765.8,183.0,1
parallel_run_2695,Archetype_4,2,1.0,0.9520756167271284,0.8333333333332859,0.0,0,1,0,1,1.0,8.088620780419058,19.64969158227921,2.445246324409711,38.13315627139157,846.5530044686006,0.2872874174759508,41.0140129305388,66.19506893135303,296.218590405105,0.6626148413292461,1130.2,765.8,183.0,1
parallel_run_2696,Archetype_4,1,0.4838393415408789,0.9577755600423123,0.7910016726087896,0.390233416850765,0,0,0,2,0.0,7.737878589250059,17.65262552890793,2.04343847591413,60.65256661819086,794.1535603498564,0.3905802979433853,158.1284539410613,28.1308721236521,148.7173157451602,1.000044063032848,1130.2,765.8,183.0,1
parallel_run_2697,Archetype_4,2,0.6244276558077412,0.93532191532312,0.7981173247262368,0.4990671182999814,0,1,0,3,0.3333333333333333,13.0646439961812,18.24589508543017,2.716732587027388,46.65131170230379,725.1054169218328,0.5115983993063354,64.21434402267955,101.3397416534369,115.4601576016992,0.561267319729339,1130.2,765.8,183.0,2
parallel_run_2698,Archetype_4,0,0.3217392533657713,0.9822499349691473,0.8333333333333334,0.0022894236679582,0,1,0,3,0.3333333333333333,14.55899147105204,16.92400224464144,4.505870455669541,48.66008960426488,1880.428773878496,0.1898057560671069,25.33689484018815,53.21861456331589,186.1609652237962,0.6245236166119492,1130.2,765.8,183.0,0
parallel_run_2699,Archetype_4,2,0.869113332588444,0.9331389802050994,0.7818340386167756,0.0968063999675058,0,1,0,3,0.3333333333333333,6.902588311173137,13.28544430155988,2.608092824810263,48.10349831449953,712.0868495925945,0.5809073215674864,59.06523453291005,146.7428585041353,298.5472537308848,1.224555548142108,1130.2,765.8,183.0,2
parallel_run_2701,Archetype_4,3,0.0006145900311054,0.9999689755803356,0.7399971186868745,0.002109617488119,1,0,1,3,0.0,5.645937846490421,19.08999399027946,4.574685372982158,59.43535530068567,740.044618160573,0.4465748804743228,76.02908933133577,44.09919367093785,262.8462682705834,0.782484278393255,400.7,59.1,170.8,3
parallel_run_2702,Archetype_4,0,0.1263339074432191,0.9912108687664172,0.2420868197582072,0.1175941040780155,0,1,0,3,0.3333333333333333,13.49964268135165,15.33095577911059,4.464674582116157,42.94616278436651,1185.794953774338,0.117649937817252,137.4023502352264,22.49168264409253,128.2191212271367,0.5911665438533666,400.7,59.1,170.8,0
parallel_run_2703,Archetype_4,1,0.001275178562785,0.9999227909644866,0.8333333333333334,0.2004872265245379,0,0,1,3,0.0,6.405292284318544,19.53555145216947,3.764585606427318,64.73890400335439,850.6267050193985,0.2646507902451352,37.50790122422556,110.5320184729022,100.9223548185412,1.28665717130124,400.7,59.1,170.8,0
parallel_run_2704,Archetype_4,1,0.3859950897697997,0.971408306883184,0.0,0.1823448713934855,0,0,0,2,0.0,5.078233488755179,15.36811055664406,4.023785290991664,68.86856051780249,1676.075248578451,0.2246787017126815,129.5689761803989,24.65199699594505,232.3224413807133,0.6774859235206085,400.7,59.1,170.8,1
parallel_run_2705,Archetype_4,3,0.8253638503152573,0.9108787241533888,0.844301809587589,0.035665541848962,1,1,1,4,0.25,9.795367374301884,8.46566765326878,4.968477490368761,93.10632240494294,1005.748088406246,0.0638931166280094,56.87494984404746,127.412906728483,150.7886454235,1.149819164967017,400.7,59.1,170.8,3
parallel_run_2706,Archetype_4,3,0.460109942570553,0.962006931690668,0.9090909090909092,0.1508553078462785,1,1,1,4,0.25,13.21427123302489,12.99077849367701,2.804621181868556,57.60856169568081,1509.042894252557,0.202994166366049,91.80831738898752,122.5526135883852,139.657431483073,1.128863155150354,400.7,59.1,170.8,3
parallel_run_2708,Archetype_4,1,0.262621845917908,0.9715777249522528,0.0,0.0491398214233429,0,0,0,2,0.0,6.639503134093878,8.702036358183824,2.460006477284389,50.84918084009174,1224.275709388201,0.14250239653806,114.0559579566393,16.49310952489565,222.5836742807619,1.025953997214746,400.7,59.1,170.8,1
parallel_run_2710,Archetype_4,1,4.353804486814205e-06,0.9999996131489136,0.8550018143883692,0.3913659708605143,0,0,0,2,0.0,13.53541818756549,17.50384951367896,4.718111782544003,32.06607470803334,1682.919135964777,0.407888008510583,62.79308556464255,40.8608152984074,108.3468966403483,0.7505038651828599,400.7,59.1,170.8,1
parallel_run_2711,Archetype_4,1,0.1422783715623099,0.9861167630009312,0.8452297797102265,0.341002916501438,0,0,0,2,0.0,9.589786864094185,14.52009542132607,2.25760526337914,95.46321746956043,1743.776803747743,0.3420270254820715,154.4883468009115,38.07535167163682,155.3553685224774,0.5347162870897352,400.7,59.1,170.8,1
parallel_run_2713,Archetype_4,0,9.226815078634124e-05,0.9999941472951352,0.9090909090909092,0.0915196026236572,0,1,0,3,0.3333333333333333,11.5724650899624,15.71417657225041,2.505463074151018,37.82135289309134,1732.171085268251,0.2966680057335894,87.89904124731528,124.3179479506931,188.0589961374106,0.6121933944560484,400.7,59.1,170.8,0
parallel_run_2714,Archetype_4,3,0.4844225549111924,0.9712150659549506,0.0,0.0647555251438147,1,0,1,3,0.0,7.401877309695345,16.72060108361629,4.239354502223774,78.9004950381646,763.9731909619118,0.0862171753274194,168.5882939237162,10.48455250370037,274.1962939177321,0.9381802418748396,400.7,59.1,170.8,3
parallel_run_2715,Archetype_4,1,0.0,1.0,0.6665800006359072,9.31859781365545e-06,0,0,0,2,0.0,6.226512320545174,10.57007202633626,4.816232216133942,78.55254926123328,1473.572870709382,0.3084672339978864,39.11190515019379,26.58517665913403,167.9697151744124,0.8989728030906465,400.7,59.1,170.8,1
parallel_run_2716,Archetype_4,3,0.1264357104133978,0.9885357589809506,0.8333333333333334,0.213839320035222,1,0,1,3,0.0,8.028178927033153,12.69358091967134,3.112625106465832,36.62334427994244,1295.694779439287,0.2513937760739758,117.9684651723182,90.13045861303728,158.0544197808208,0.9195426682975842,400.7,59.1,170.8,3
parallel_run_2717,Archetype_4,3,0.2072615885730035,0.9740454807998375,0.501657489786421,0.0232180043479999,1,0,1,3,0.0,5.772023405404161,7.116169331792253,2.064522668331408,56.51085137099933,1786.195480402135,0.0232508350807578,161.0329775531958,25.14851249315225,197.822121004284,0.7197444930411876,400.7,59.1,170.8,3
parallel_run_2718,Archetype_4,0,0.2422535079608911,0.9864577024692976,0.9090909090909092,0.0299286042566777,0,1,0,3,0.3333333333333333,9.480794663304136,17.03804542014852,4.639878986106728,99.35855694037711,1250.245306083507,0.4168895798584492,43.35096290748591,149.1588574610129,277.1890738836713,1.083347637799514,400.7,59.1,170.8,0
parallel_run_2719,Archetype_4,3,1.0,0.9001772558784342,0.8333333333333334,0.2769834214620636,1,1,1,3,0.3333333333333333,12.59017345046845,19.02253176729523,3.9523185428614,96.0626212890334,921.343979285896,0.3159410008343269,143.9201303011419,83.56764829664709,247.3963377767511,1.184696545793093,400.7,59.1,170.8,3
parallel_run_2720,Archetype_4,3,0.7283626100047853,0.9456173976787496,7.407481470018954e-14,0.323103924329858,1,0,1,3,0.0,13.88681027006693,18.61075821619153,4.347085125891433,43.42201779666991,778.7163195623369,0.5440908291581393,33.79114171279144,30.41474642500482,289.3256653337539,0.7671046222699125,400.7,59.1,170.8,3
parallel_run_2721,Archetype_4,3,0.1783266748738142,0.947584278290019,0.0,0.5612262794120085,1,0,1,3,0.0,10.32199462340584,6.699275404416465,2.08038382636346,44.79361792876074,979.8557987975116,0.595749285135953,177.31500644115,11.06955829270862,290.4698168059626,1.067301995703033,400.7,59.1,170.8,3
parallel_run_2722,Archetype_4,0,0.0014267173160098,0.9998628721933126,0.8333333333333334,0.2885976686135488,0,1,0,3,0.3333333333333333,10.44667181037197,13.25070225132207,4.259523874160369,88.11039822390016,1086.489408610497,0.3604504262054547,93.26680170863348,86.31118950437782,141.2036987315458,0.8099763525700954,400.7,59.1,170.8,0
parallel_run_2723,Archetype_4,3,0.0,1.0,0.8333333333333204,0.3225191258075034,1,0,1,3,0.0,7.193260089885094,11.65964368980142,4.36245347424116,67.47086947928852,860.866485459772,0.3929505433301446,47.88817474253383,105.9284432028051,105.7696635231778,0.7077017593878874,400.7,59.1,170.8,3
parallel_run_2724,Archetype_4,0,3.1021168922667283e-06,0.9999998191250872,0.0,3.341813454121815e-17,0,1,0,3,0.3333333333333333,10.87938801553206,16.037856129965,2.961086101395173,69.6604654795751,1130.70880630468,0.3289402099742169,45.2910359937304,14.91317533979289,294.1194921299998,1.165324106539424,400.7,59.1,170.8,0
parallel_run_2725,Archetype_4,0,0.2654904579637706,0.98263721016445,0.9090909090909092,0.2551873469035957,0,1,1,4,0.25,11.04944243362644,19.24071518137925,3.605624564480587,53.85239415205597,1355.675352940887,0.2611936824169285,192.5155188876426,93.4514385332439,163.183152602084,0.9537850554699546,400.7,59.1,170.8,0
parallel_run_2726,Archetype_4,3,0.3998030736319575,0.9503043671033576,0.8333333333333334,0.5214711802632974,1,0,1,3,0.0,9.08917883368848,15.93141516714483,2.552097542916801,87.05159164902761,516.4075892774002,0.5259683590341234,164.5121833558311,80.95119800030251,191.2553856341034,1.094491785369062,400.7,59.1,170.8,3
parallel_run_2727,Archetype_4,0,0.0,1.0,0.0,0.1894515165277407,0,1,0,3,0.3333333333333333,6.022122980882333,10.18624643812967,4.118622604217991,44.05635878211464,657.7419002366751,0.4846669501207773,27.38228323221475,120.2686065600439,118.8863494549756,1.050243965660369,400.7,59.1,170.8,0
parallel_run_2728,Archetype_4,0,0.0948250495175219,0.9952875041832228,0.8333333333333334,0.019690490244148,0,1,0,3,0.3333333333333333,12.81217303836103,18.79926099501478,3.671884488568053,46.3834911494316,1976.5423669876,0.4556973803877963,98.27765434529884,77.3225987347966,261.8146648055326,0.8637011623017257,400.7,59.1,170.8,0
parallel_run_2729,Archetype_4,2,1.0,0.9238225610335424,0.0,0.0270684763103079,0,1,0,3,0.3333333333333333,11.30329623906534,14.11358006738063,2.119776423336449,80.39616228749757,927.2926047619708,0.0269989646361896,110.5634989792129,18.96908617913164,123.0786965714163,1.005760777712649,400.7,59.1,170.8,2
parallel_run_2730,Archetype_4,1,0.0,1.0,0.7858087800422009,0.0017077216735974,0,0,0,2,0.0,9.208165790113028,15.46907671514874,4.545251827774964,38.83541580815834,1956.9090829731,0.1622856966902549,21.41825610127897,34.46180060490662,143.3953587386619,1.21370144627473,400.7,59.1,170.8,1
parallel_run_2732,Archetype_4,0,0.0013992483224217,0.9999266280711152,0.57777450108416,0.0148322619468501,0,1,0,3,0.3333333333333333,11.79622827938521,18.29050969456285,4.169805421292692,52.8848948871502,1412.193873679556,0.4257887667081556,79.79357681981203,42.21866859739012,215.0694877114157,0.8330072175424368,400.7,59.1,170.8,0
parallel_run_2733,Archetype_4,2,0.5007691202639899,0.9393975960381258,0.0,0.0014856223678604,0,1,0,3,0.3333333333333333,7.646521843235478,7.231058342555429,3.31458691916786,41.69964252763987,671.0160759439195,0.4157057803155249,70.94792328052574,46.67117715729472,250.4862261361136,0.7327865198402268,400.7,59.1,170.8,2
parallel_run_2734,Archetype_4,3,1.0,0.8919817615806634,0.0,0.2078038026168638,1,0,1,3,0.0,13.36289726948865,19.43255606974088,2.149756002614726,98.31009612961368,830.6769291617317,0.3440972357975186,24.40106928622523,21.65487938516236,225.1829757871136,1.25645844295112,400.7,59.1,170.8,3
parallel_run_2735,Archetype_4,3,0.2337021481985694,0.9758111733961188,0.0,0.054490132174558,1,1,1,3,0.3333333333333333,8.364797989299861,9.192250646467237,3.860538328046275,34.3813015352484,788.3970389732821,0.4717590306136611,144.6892794848065,41.70303632080136,285.1192728451363,0.9914750935718764,400.7,59.1,170.8,3
parallel_run_2736,Archetype_4,0,0.2894355570511046,0.9831706112750984,0.0,0.0323179144298777,0,1,0,3,0.3333333333333333,14.90080910970151,16.57440810558032,2.987874773593921,45.48329767203269,1579.101973947642,0.0323452792956046,124.7691560752347,13.25130095356169,131.0360691937709,1.160280557751469,400.7,59.1,170.8,0
parallel_run_2737,Archetype_4,2,1.0,0.856432743415888,0.0,0.0073456828352346,0,1,0,3,0.3333333333333333,6.738724478605125,10.74467739481464,4.059979339446745,91.01635205906643,546.9101382223519,0.1271291449095846,29.64904233951978,50.75070528467045,175.7269183945674,1.085475702971351,400.7,59.1,170.8,2
parallel_run_2738,Archetype_4,3,1.0,0.8878347324442358,0.0,0.2740356795789523,1,0,1,3,0.0,12.29475505195811,16.20117521024517,2.57668959775238,86.126770574267,694.6303209657378,0.3562216088726904,35.8027220756866,64.20784236580666,271.3979072062631,0.7973279454902197,400.7,59.1,170.8,3
parallel_run_2739,Archetype_4,1,0.7612589228227266,0.9324644582562782,0.7909511731667682,0.2479979589547506,0,0,0,2,0.0,5.41478544277491,13.9696886981829,3.800167267124271,93.40190108464566,1614.000840022941,0.2479437183689544,197.1143613561278,32.13386871974967,137.2906070612262,1.198479495410149,400.7,59.1,170.8,1
parallel_run_2740,Archetype_4,3,0.0,1.0,0.8333333333333409,0.0779800470811063,1,0,1,3,0.0,7.325244866915437,6.133456484961489,2.849506395765022,36.13139533184066,1846.939556478707,0.1045903725178832,104.708041937107,141.4654323491187,103.7582240168401,0.5719642415394346,400.7,59.1,170.8,3
parallel_run_2741,Archetype_4,0,0.0,1.0,0.5117512599526389,8.077126222965233e-18,0,1,0,3,0.3333333333333333,10.09356256031139,11.29063222601615,4.76846366035301,76.79579046522252,1053.739944648393,0.2204308342752106,41.70644304050847,45.01347485513899,281.050931209811,1.263414311242694,400.7,59.1,170.8,0
parallel_run_2742,Archetype_4,0,0.1346402535734413,0.9916629063953736,0.8333333333333334,0.0336846160128908,0,1,0,3,0.3333333333333333,6.186101812756469,15.06385238110333,2.884344918055505,31.24493007510238,986.5491512115816,0.0557544202849528,84.24127174220122,94.4970799647684,145.9465456157096,1.018398256176594,400.7,59.1,170.8,0
parallel_run_2744,Archetype_4,0,0.0,1.0,0.3148069289143389,0.0853588846698551,0,1,0,3,0.3333333333333333,5.875103409596851,7.908293010058282,2.390464514085502,54.80879767084504,951.9658153072828,0.3730351891050821,88.41266743681159,98.35668950325385,201.4163575543587,0.6395764243792184,400.7,59.1,170.8,0
parallel_run_2745,Archetype_4,1,0.0001810090104304,0.9999732725950274,0.7757483759637339,0.0349231619077714,0,0,1,3,0.0,9.89273547819015,5.915838497469448,4.894747269895554,35.37340681692577,1159.023486619083,0.501565989511877,72.72853972209614,37.63505720582668,179.0711115343357,0.7616663464940141,400.7,59.1,170.8,0
parallel_run_2746,Archetype_4,0,4.205832196688951e-06,0.9999997598337172,0.0,0.0,0,1,0,3,0.3333333333333333,14.08524419392078,16.31334378769262,2.308954015500626,40.52170066997526,1429.94499687827,0.4596363285181422,47.00410072502583,15.67060968778293,242.31607024993,1.191021807579522,400.7,59.1,170.8,0
parallel_run_2747,Archetype_4,3,0.2301302915785139,0.9606858172982204,0.0,0.2238618292446305,1,0,1,3,0.0,12.41392231723704,6.505360896541484,2.371739473104665,32.39759536864331,816.6382880545631,0.5170204646406725,23.22847379435524,49.02752712084806,184.9716219995724,1.138692518506339,400.7,59.1,170.8,3
parallel_run_2748,Archetype_4,0,0.0003832684105275,0.9999683550534664,0.8706774310798383,0.3476791509744703,0,1,0,3,0.3333333333333333,11.20531214550689,17.28918987462175,2.41534597807669,62.25120319523698,1520.929737606235,0.5566745144953847,74.0786242796822,117.154618835779,125.2618930845108,1.040699628833873,400.7,59.1,170.8,0
parallel_run_2749,Archetype_4,0,0.0634582105150513,0.9950878572552015,0.8333333333333334,0.0167187917502632,0,1,0,3,0.3333333333333333,14.76040816329797,11.89711135068584,3.420702396064348,30.231907913922,1810.531238432742,0.1512092640839279,103.1976415956362,60.53852960346411,259.9151824744392,0.8372539290562797,400.7,59.1,170.8,0
parallel_run_2750,Archetype_4,1,0.0004691795767397,0.99997164633584,0.7772536447403919,0.0233051320603869,0,0,0,2,0.0,7.125713809407731,15.76402470243221,2.203821019158463,30.66474775106086,1916.270048437812,0.5283635710427317,61.25580077898183,29.96136795184568,159.1614013752083,1.233712473598319,400.7,59.1,170.8,1
parallel_run_2751,Archetype_4,0,0.2026533434836147,0.9881072892831062,0.9090909090909092,0.1300495649601911,0,1,0,3,0.3333333333333333,8.679848728865139,17.93322578398463,2.012220077079774,83.75880309023228,1452.198189273966,0.1702477055167378,188.3270361277955,136.3991131874458,182.3163284478816,0.9737019697352638,400.7,59.1,170.8,0
parallel_run_2752,Archetype_4,0,0.4743325375136677,0.9571454416649908,0.8333333333333424,0.0068956399435728,0,1,0,3,0.3333333333333333,10.55930465773863,9.95253445312245,2.521216447715092,45.35968846878346,1103.764527095477,0.4796032918726125,40.24829434892813,79.6642707844849,235.4042582741113,1.120275647130058,400.7,59.1,170.8,0
parallel_run_2753,Archetype_4,3,3.749292957161472e-05,0.9999940924379794,0.8333333333333234,0.0001438994194429,1,0,1,3,0.0,8.584062378535368,5.204947737148349,3.396878123134748,49.03717145112236,1633.945583329502,0.3831221102711273,55.84174480106363,55.43941616510568,267.3891249190509,1.103848703587101,400.7,59.1,170.8,3
parallel_run_2754,Archetype_4,2,1.0,0.92846477745974,0.4364563469798475,0.002381722730917,0,1,0,3,0.3333333333333333,11.48324720641784,13.54496100580118,2.943629403674687,73.69619351630662,959.6890243777384,0.1556452540222857,26.07329355182583,17.9346609870809,270.2527552749784,1.24797609559057,400.7,59.1,170.8,2
parallel_run_2755,Archetype_4,3,0.0010922242523369,0.999891181612242,0.8333333333333334,0.5219198490578535,1,0,1,3,0.0,8.239417824778362,19.86594006810631,2.185631748368638,84.78697422249212,1014.516711027553,0.5729610607824123,94.5537552962944,103.539963389083,112.696063975848,0.8568714170808833,400.7,59.1,170.8,3
parallel_run_2756,Archetype_4,3,0.0,1.0,0.8333333333333315,0.0471432736728392,1,0,1,3,0.0,10.74739923464404,14.72531853706425,2.344142683785495,39.79251941170135,1382.725160889254,0.1302190494638491,44.96744153575168,45.57905328193963,117.6699208576838,0.5147064197244176,400.7,59.1,170.8,3
parallel_run_2758,Archetype_4,3,0.6062017548512164,0.9531237043515076,0.8333333333333334,0.2882792472308757,1,1,1,3,0.3333333333333333,12.62912539162891,17.1844658696355,2.641849634690004,42.22256724024653,904.387351538265,0.3237095872395198,68.36904203871276,108.7516199458351,169.4200698119767,0.6476733781840518,400.7,59.1,170.8,3
parallel_run_2759,Archetype_4,0,0.0,1.0,1.2564919981586784e-13,0.0199100358804613,0,1,0,3,0.3333333333333333,6.522201326382715,12.39939167303931,3.618708160073463,47.13963660315678,739.0878598442532,0.2748268178242084,80.41869864667342,47.40439371988354,195.7889275941752,0.5500432829432993,400.7,59.1,170.8,0
parallel_run_2760,Archetype_4,3,1.0,0.9119114426180251,0.8333333333333334,0.0341448272996494,1,1,1,3,0.3333333333333333,9.384437367855847,18.12707624626986,2.907152582017375,82.60031647176109,883.1361687269793,0.196669248894807,66.74094420558276,73.27740104246614,210.9777341720553,1.294178414837762,400.7,59.1,170.8,3
parallel_run_2761,Archetype_4,1,0.3799734257412479,0.958990722136336,0.7975961873926736,0.536046759536209,0,0,1,3,0.0,14.37657933613404,18.84410004062273,2.669185145620158,35.03786974557758,1927.503758948734,0.53662187709572,185.9380919407641,28.71237259798763,240.7907661092698,1.211179443278551,400.7,59.1,170.8,0
parallel_run_2762,Archetype_4,0,4.233002629637388e-06,0.9999997602399284,0.8333333333333334,0.0107755213407644,0,1,0,3,0.3333333333333333,12.88294506062676,16.47370199557806,3.916427027915539,33.29873756204726,1553.403975838957,0.1037951584613293,35.14190572583635,68.48407504836385,165.2840596040335,1.272212627733274,400.7,59.1,170.8,0
parallel_run_2763,Archetype_4,3,0.1372556123727566,0.9884523266450186,0.8333333333333334,0.4364038929885324,1,0,1,3,0.0,13.71417304507693,19.94297232922278,3.190463394584546,39.35568050526847,1306.802190395147,0.4398896859558368,173.4756545582791,57.55417542909995,217.6461551705664,0.6040099969531483,400.7,59.1,170.8,3
parallel_run_2764,Archetype_4,3,0.7737841642274492,0.9033130837745628,0.0,0.2470769963374192,1,0,1,3,0.0,10.0542437922061,9.52808842232428,2.7551726834745,63.83059444783521,602.6095239046633,0.5655852937121579,52.9250694322663,12.91258574592992,212.3338287792068,0.8863857524748795,400.7,59.1,170.8,3
parallel_run_2765,Archetype_4,3,0.2792958461027435,0.9833042350855014,0.6586346442125051,0.092302535028083,1,0,1,3,0.0,8.902950966584617,17.34337950080082,3.071726683251704,72.97629984854609,1254.634228844618,0.0922887709307529,134.989883752535,20.33996544789689,133.8281740992772,0.6978638514594209,400.7,59.1,170.8,3
parallel_run_2766,Archetype_4,0,0.3611435040610964,0.933913951449078,0.7916577655214596,0.1889102590979512,0,1,0,3,0.3333333333333333,5.219692016072181,5.614852538476582,3.507907836572578,37.36349927885944,613.7680335920102,0.2904762209302906,148.1467328115624,131.7779486933157,207.8141490530652,1.146935950080092,400.7,59.1,170.8,0
parallel_run_2767,Archetype_4,3,0.0,1.0,0.4192565815587935,0.0,1,0,1,3,0.0,11.93340271693271,5.317576274973425,3.28343831907141,71.54504448894762,1838.989919269122,0.4945103601576556,50.50487388868805,23.73720438973167,225.8680659378676,1.111263875962919,400.7,59.1,170.8,3
parallel_run_2768,Archetype_4,3,1.0,0.9290884038135854,0.8333333333333334,0.0514543809211732,1,0,1,3,0.0,7.847009180844555,15.10246331425202,2.220849460660624,49.56921416774286,674.7929181340594,0.181477849380431,32.85601950306146,137.9877963370772,282.6442521246439,1.072413780762075,400.7,59.1,170.8,3
parallel_run_2769,Archetype_4,3,0.2182078616117249,0.9762659542282568,0.5863666100030109,0.0005101507792749,1,0,1,3,0.0,5.307304167754404,8.062741299807017,2.856484395403244,90.46559420208708,591.9263990795743,0.5853009355147591,97.7904136753744,36.39089163854832,254.8378904988671,0.9033851808539108,400.7,59.1,170.8,3
parallel_run_2770,Archetype_4,0,0.5002176840512769,0.9759327191319246,0.7902672005449327,5.352513911677367e-18,0,1,0,2,0.5,8.088620780419058,19.64969158227921,2.445246324409711,38.13315627139157,846.5530044686006,0.2872874174759508,41.0140129305388,66.19506893135303,296.218590405105,0.6626148413292461,400.7,59.1,170.8,1
parallel_run_2771,Archetype_4,3,0.4840460373376902,0.9578639670644392,0.7272915173252354,0.3888394609499492,1,0,1,3,0.0,7.737878589250059,17.65262552890793,2.04343847591413,60.65256661819086,794.1535603498564,0.3905802979433853,158.1284539410613,28.1308721236521,148.7173157451602,1.000044063032848,400.7,59.1,170.8,3
parallel_run_2772,Archetype_4,2,0.6270999448274582,0.9356548589097616,0.8077205460559808,0.4945596711196427,0,1,0,3,0.3333333333333333,13.0646439961812,18.24589508543017,2.716732587027388,46.65131170230379,725.1054169218328,0.5115983993063354,64.21434402267955,101.3397416534369,115.4601576016992,0.561267319729339,400.7,59.1,170.8,2
parallel_run_2773,Archetype_4,0,0.0,1.0,0.7763954183031002,0.003901447054107,0,1,0,3,0.3333333333333333,14.55899147105204,16.92400224464144,4.505870455669541,48.66008960426488,1880.428773878496,0.1898057560671069,25.33689484018815,53.21861456331589,186.1609652237962,0.6245236166119492,400.7,59.1,170.8,0
parallel_run_2774,Archetype_4,2,0.8761308762663361,0.9333584737503692,0.7210766443542574,0.0834517238812067,0,1,0,3,0.3333333333333333,6.902588311173137,13.28544430155988,2.608092824810263,48.10349831449953,712.0868495925945,0.5809073215674864,59.06523453291005,146.7428585041353,298.5472537308848,1.224555548142108,400.7,59.1,170.8,2
parallel_run_2777,Archetype_4,3,0.177254212864774,0.98776438412611,0.7155432985917697,0.1175405618282988,1,1,1,4,0.25,13.49964268135165,15.33095577911059,4.464674582116157,42.94616278436651,1185.794953774338,0.117649937817252,137.4023502352264,22.49168264409253,128.2191212271367,0.5911665438533666,1051.2,133.6,459.7,3
parallel_run_2778,Archetype_4,1,0.694688153274186,0.9564887639522324,0.8333333333333334,0.2141003698471615,0,0,0,1,0.0,6.405292284318544,19.53555145216947,3.764585606427318,64.73890400335439,850.6267050193985,0.2646507902451352,37.50790122422556,110.5320184729022,100.9223548185412,1.28665717130124,1051.2,133.6,459.7,1
parallel_run_2779,Archetype_4,1,0.5016050611098755,0.9630432442129117,0.0,0.1795671823656227,0,0,0,2,0.0,5.078233488755179,15.36811055664406,4.023785290991664,68.86856051780249,1676.075248578451,0.2246787017126815,129.5689761803989,24.65199699594505,232.3224413807133,0.6774859235206085,1051.2,133.6,459.7,1
parallel_run_2780,Archetype_4,3,0.8379077683633727,0.909812835426158,0.9090909090909092,0.0327109133840034,1,0,1,3,0.6666666666666666,9.795367374301884,8.46566765326878,4.968477490368761,93.10632240494294,1005.748088406246,0.0638931166280094,56.87494984404746,127.412906728483,150.7886454235,1.149819164967017,1051.2,133.6,459.7,3
parallel_run_2781,Archetype_4,3,0.3818914742076249,0.968695600028328,0.8530608180137499,0.144852318199174,1,0,1,3,0.6666666666666666,13.21427123302489,12.99077849367701,2.804621181868556,57.60856169568081,1509.042894252557,0.202994166366049,91.80831738898752,122.5526135883852,139.657431483073,1.128863155150354,1051.2,133.6,459.7,3
parallel_run_2783,Archetype_4,1,0.3621364909826219,0.9611268104589876,0.0,0.0481035597078609,0,0,0,2,0.0,6.639503134093878,8.702036358183824,2.460006477284389,50.84918084009174,1224.275709388201,0.14250239653806,114.0559579566393,16.49310952489565,222.5836742807619,1.025953997214746,1051.2,133.6,459.7,1
parallel_run_2785,Archetype_4,1,9.765674022209544e-05,0.9999913082873356,0.8706329296455453,0.3993190748153795,0,0,0,2,0.0,13.53541818756549,17.50384951367896,4.718111782544003,32.06607470803334,1682.919135964777,0.407888008510583,62.79308556464255,40.8608152984074,108.3468966403483,0.7505038651828599,1051.2,133.6,459.7,1
parallel_run_2786,Archetype_4,1,0.175065893044269,0.9830694001270188,0.8289077991439286,0.3408557412924983,0,0,0,2,0.0,9.589786864094185,14.52009542132607,2.25760526337914,95.46321746956043,1743.776803747743,0.3420270254820715,154.4883468009115,38.07535167163682,155.3553685224774,0.5347162870897352,1051.2,133.6,459.7,1
parallel_run_2788,Archetype_4,3,0.0365724503554926,0.9975637821659364,0.8333333333333334,0.1190979088460403,1,0,1,3,0.6666666666666666,11.5724650899624,15.71417657225041,2.505463074151018,37.82135289309134,1732.171085268251,0.2966680057335894,87.89904124731528,124.3179479506931,188.0589961374106,0.6121933944560484,1051.2,133.6,459.7,3
parallel_run_2789,Archetype_4,3,0.6103191072820955,0.9637726346954214,0.4120285403343352,0.0625782791201997,1,0,1,3,0.0,7.401877309695345,16.72060108361629,4.239354502223774,78.9004950381646,763.9731909619118,0.0862171753274194,168.5882939237162,10.48455250370037,274.1962939177321,0.9381802418748396,1051.2,133.6,459.7,3
parallel_run_2790,Archetype_4,1,0.0,1.0,0.6523583396837709,2.738633333614992e-05,0,0,0,2,0.0,6.226512320545174,10.57007202633626,4.816232216133942,78.55254926123328,1473.572870709382,0.3084672339978864,39.11190515019379,26.58517665913403,167.9697151744124,0.8989728030906465,1051.2,133.6,459.7,1
parallel_run_2791,Archetype_4,3,0.2539197579090376,0.9768055153436992,0.8333333333333326,0.2215889686858817,1,0,1,3,0.0,8.028178927033153,12.69358091967134,3.112625106465832,36.62334427994244,1295.694779439287,0.2513937760739758,117.9684651723182,90.13045861303728,158.0544197808208,0.9195426682975842,1051.2,133.6,459.7,3
parallel_run_2792,Archetype_4,3,0.2443913347645299,0.9693315214842112,0.8010548964528741,0.0232029510014973,1,0,1,3,0.0,5.772023405404161,7.116169331792253,2.064522668331408,56.51085137099933,1786.195480402135,0.0232508350807578,161.0329775531958,25.14851249315225,197.822121004284,0.7197444930411876,1051.2,133.6,459.7,3
parallel_run_2793,Archetype_4,0,0.2115844179616875,0.9880342798975628,0.8478027278285776,0.0423673587456472,0,1,0,3,0.3333333333333333,9.480794663304136,17.03804542014852,4.639878986106728,99.35855694037711,1250.245306083507,0.4168895798584492,43.35096290748591,149.1588574610129,277.1890738836713,1.083347637799514,1051.2,133.6,459.7,0
parallel_run_2794,Archetype_4,3,1.0,0.9008702229314364,0.8333333333333334,0.2751189491108006,1,1,1,3,0.3333333333333333,12.59017345046845,19.02253176729523,3.9523185428614,96.0626212890334,921.343979285896,0.3159410008343269,143.9201303011419,83.56764829664709,247.3963377767511,1.184696545793093,1051.2,133.6,459.7,3
parallel_run_2795,Archetype_4,2,0.7321514963708665,0.945469812565174,0.0,0.3257576367470713,0,1,0,3,0.3333333333333333,13.88681027006693,18.61075821619153,4.347085125891433,43.42201779666991,778.7163195623369,0.5440908291581393,33.79114171279144,30.41474642500482,289.3256653337539,0.7671046222699125,1051.2,133.6,459.7,2
parallel_run_2796,Archetype_4,3,0.2057477880481144,0.9393780171727338,0.0834168027772302,0.560752728008591,1,0,1,3,0.0,10.32199462340584,6.699275404416465,2.08038382636346,44.79361792876074,979.8557987975116,0.595749285135953,177.31500644115,11.06955829270862,290.4698168059626,1.067301995703033,1051.2,133.6,459.7,3
parallel_run_2797,Archetype_4,3,0.1018849147804075,0.9898410369564928,0.8333333333333954,0.3071851410116504,1,0,1,3,0.6666666666666666,10.44667181037197,13.25070225132207,4.259523874160369,88.11039822390016,1086.489408610497,0.3604504262054547,93.26680170863348,86.31118950437782,141.2036987315458,0.8099763525700954,1051.2,133.6,459.7,3
parallel_run_2798,Archetype_4,3,0.0855090217834305,0.9898098460189404,0.8333333333333656,0.3379391463930002,1,0,1,3,0.0,7.193260089885094,11.65964368980142,4.36245347424116,67.47086947928852,860.866485459772,0.3929505433301446,47.88817474253383,105.9284432028051,105.7696635231778,0.7077017593878874,1051.2,133.6,459.7,3
parallel_run_2799,Archetype_4,3,0.0005144087719649,0.9999702493124948,0.8733542823594266,0.0,1,0,1,3,0.6666666666666666,10.87938801553206,16.037856129965,2.961086101395173,69.6604654795751,1130.70880630468,0.3289402099742169,45.2910359937304,14.91317533979289,294.1194921299998,1.165324106539424,1051.2,133.6,459.7,3
parallel_run_2800,Archetype_4,0,0.3289444041091288,0.9784010366211248,0.9090909090909092,0.2554370381792691,0,1,0,3,0.3333333333333333,11.04944243362644,19.24071518137925,3.605624564480587,53.85239415205597,1355.675352940887,0.2611936824169285,192.5155188876426,93.4514385332439,163.183152602084,0.9537850554699546,1051.2,133.6,459.7,0
parallel_run_2801,Archetype_4,3,0.4147970655824263,0.9490329691040852,0.8333333333333334,0.5193176706109318,1,0,1,3,0.0,9.08917883368848,15.93141516714483,2.552097542916801,87.05159164902761,516.4075892774002,0.5259683590341234,164.5121833558311,80.95119800030251,191.2553856341034,1.094491785369062,1051.2,133.6,459.7,3
parallel_run_2802,Archetype_4,3,0.1403230108599512,0.9808992841649408,0.8333333333333334,0.3456404476233266,1,0,1,3,0.0,6.022122980882333,10.18624643812967,4.118622604217991,44.05635878211464,657.7419002366751,0.4846669501207773,27.38228323221475,120.2686065600439,118.8863494549756,1.050243965660369,1051.2,133.6,459.7,3
parallel_run_2803,Archetype_4,0,0.2194045991452866,0.9889682866505594,0.8333333333333334,0.0190488137142971,0,1,0,3,0.3333333333333333,12.81217303836103,18.79926099501478,3.671884488568053,46.3834911494316,1976.5423669876,0.4556973803877963,98.27765434529884,77.3225987347966,261.8146648055326,0.8637011623017257,1051.2,133.6,459.7,0
parallel_run_2804,Archetype_4,2,1.0,0.9249466576722748,0.0,0.0269760719388169,0,1,0,3,0.3333333333333333,11.30329623906534,14.11358006738063,2.119776423336449,80.39616228749757,927.2926047619708,0.0269989646361896,110.5634989792129,18.96908617913164,123.0786965714163,1.005760777712649,1051.2,133.6,459.7,2
parallel_run_2805,Archetype_4,1,0.0,1.0,0.7991003323574791,0.001556317258148,0,0,0,2,0.0,9.208165790113028,15.46907671514874,4.545251827774964,38.83541580815834,1956.9090829731,0.1622856966902549,21.41825610127897,34.46180060490662,143.3953587386619,1.21370144627473,1051.2,133.6,459.7,1
parallel_run_2807,Archetype_4,0,0.2649065856195087,0.9862081509275848,0.6880728624810005,0.013221245500216,0,1,0,3,0.3333333333333333,11.79622827938521,18.29050969456285,4.169805421292692,52.8848948871502,1412.193873679556,0.4257887667081556,79.79357681981203,42.21866859739012,215.0694877114157,0.8330072175424368,1051.2,133.6,459.7,0
parallel_run_2808,Archetype_4,3,0.4993422114967645,0.9395411146295776,0.1296470515850102,0.0026249136447948,1,0,1,3,0.6666666666666666,7.646521843235478,7.231058342555429,3.31458691916786,41.69964252763987,671.0160759439195,0.4157057803155249,70.94792328052574,46.67117715729472,250.4862261361136,0.7327865198402268,1051.2,133.6,459.7,3
parallel_run_2809,Archetype_4,3,1.0,0.8920935817606811,0.3827080954868718,0.2036281490695096,1,0,1,3,0.0,13.36289726948865,19.43255606974088,2.149756002614726,98.31009612961368,830.6769291617317,0.3440972357975186,24.40106928622523,21.65487938516236,225.1829757871136,1.25645844295112,1051.2,133.6,459.7,3
parallel_run_2810,Archetype_4,0,0.2769391089489875,0.9711961146019285,0.5100177719758433,0.0613656064975189,0,0,1,3,0.6666666666666666,8.364797989299861,9.192250646467237,3.860538328046275,34.3813015352484,788.3970389732821,0.4717590306136611,144.6892794848065,41.70303632080136,285.1192728451363,0.9914750935718764,1051.2,133.6,459.7,0
parallel_run_2811,Archetype_4,3,0.3371573388614961,0.9804072289414376,0.691961153025231,0.0322131861617426,1,0,1,3,0.6666666666666666,14.90080910970151,16.57440810558032,2.987874773593921,45.48329767203269,1579.101973947642,0.0323452792956046,124.7691560752347,13.25130095356169,131.0360691937709,1.160280557751469,1051.2,133.6,459.7,3
parallel_run_2812,Archetype_4,3,1.0,0.8559346114343944,0.0640238122215776,0.007497896404265,1,0,1,3,0.6666666666666666,6.738724478605125,10.74467739481464,4.059979339446745,91.01635205906643,546.9101382223519,0.1271291449095846,29.64904233951978,50.75070528467045,175.7269183945674,1.085475702971351,1051.2,133.6,459.7,3
parallel_run_2813,Archetype_4,3,1.0,0.8876716749234446,0.0,0.2811268735159048,1,0,1,3,0.0,12.29475505195811,16.20117521024517,2.57668959775238,86.126770574267,694.6303209657378,0.3562216088726904,35.8027220756866,64.20784236580666,271.3979072062631,0.7973279454902197,1051.2,133.6,459.7,3
parallel_run_2814,Archetype_4,1,1.0,0.9119576440868052,0.5199593856689838,0.2472517095927942,0,0,0,0,0.0,5.41478544277491,13.9696886981829,3.800167267124271,93.40190108464566,1614.000840022941,0.2479437183689544,197.1143613561278,32.13386871974967,137.2906070612262,1.198479495410149,1051.2,133.6,459.7,1
parallel_run_2815,Archetype_4,3,0.0,1.0,0.8333333333333334,0.0800121156853342,1,0,1,3,0.3333333333333333,7.325244866915437,6.133456484961489,2.849506395765022,36.13139533184066,1846.939556478707,0.1045903725178832,104.708041937107,141.4654323491187,103.7582240168401,0.5719642415394346,1051.2,133.6,459.7,3
parallel_run_2816,Archetype_4,3,0.0003377737654338,0.9999728890236128,0.8333333333334062,-2.8492175465670614e-18,1,0,1,3,0.6666666666666666,10.09356256031139,11.29063222601615,4.76846366035301,76.79579046522252,1053.739944648393,0.2204308342752106,41.70644304050847,45.01347485513899,281.050931209811,1.263414311242694,1051.2,133.6,459.7,3
parallel_run_2817,Archetype_4,3,0.4262185946602,0.9726094724369924,0.8333333333333334,0.0378325232096364,1,0,1,3,0.0,6.186101812756469,15.06385238110333,2.884344918055505,31.24493007510238,986.5491512115816,0.0557544202849528,84.24127174220122,94.4970799647684,145.9465456157096,1.018398256176594,1051.2,133.6,459.7,3
parallel_run_2819,Archetype_4,3,0.1494270498799887,0.9820484189411464,0.8333333333333449,0.088488529278852,1,0,1,3,0.0,5.875103409596851,7.908293010058282,2.390464514085502,54.80879767084504,951.9658153072828,0.3730351891050821,88.41266743681159,98.35668950325385,201.4163575543587,0.6395764243792184,1051.2,133.6,459.7,3
parallel_run_2820,Archetype_4,3,0.0003311434758319,0.999949993288714,0.7912781892837009,0.048934599208366,1,0,1,3,0.3333333333333333,9.89273547819015,5.915838497469448,4.894747269895554,35.37340681692577,1159.023486619083,0.501565989511877,72.72853972209614,37.63505720582668,179.0711115343357,0.7616663464940141,1051.2,133.6,459.7,3
parallel_run_2821,Archetype_4,3,0.0885632479478836,0.9949571775803334,0.9117595417947107,9.013679403582024e-05,1,0,1,3,0.6666666666666666,14.08524419392078,16.31334378769262,2.308954015500626,40.52170066997526,1429.94499687827,0.4596363285181422,47.00410072502583,15.67060968778293,242.31607024993,1.191021807579522,1051.2,133.6,459.7,3
parallel_run_2822,Archetype_4,3,0.2277263156934441,0.9610315513171648,0.1335175614088795,0.2254243129364121,1,0,1,3,0.0,12.41392231723704,6.505360896541484,2.371739473104665,32.39759536864331,816.6382880545631,0.5170204646406725,23.22847379435524,49.02752712084806,184.9716219995724,1.138692518506339,1051.2,133.6,459.7,3
parallel_run_2823,Archetype_4,3,0.1031598708145851,0.9911844019002006,0.8333333333333334,0.3698085223555508,1,0,1,3,0.0,11.20531214550689,17.28918987462175,2.41534597807669,62.25120319523698,1520.929737606235,0.5566745144953847,74.0786242796822,117.154618835779,125.2618930845108,1.040699628833873,1051.2,133.6,459.7,3
parallel_run_2824,Archetype_4,3,0.1204105051757898,0.9906941087094144,0.8333333333333334,0.0132772193034998,1,0,1,3,0.6666666666666666,14.76040816329797,11.89711135068584,3.420702396064348,30.231907913922,1810.531238432742,0.1512092640839279,103.1976415956362,60.53852960346411,259.9151824744392,0.8372539290562797,1051.2,133.6,459.7,3
parallel_run_2825,Archetype_4,1,0.4918594721490231,0.9704912994506124,0.7557204130315914,0.0149145074040361,0,0,0,2,0.0,7.125713809407731,15.76402470243221,2.203821019158463,30.66474775106086,1916.270048437812,0.5283635710427317,61.25580077898183,29.96136795184568,159.1614013752083,1.233712473598319,1051.2,133.6,459.7,1
parallel_run_2826,Archetype_4,0,0.3004403377252377,0.9821500798286384,0.9090909090909092,0.1386043492380541,0,1,0,3,0.3333333333333333,8.679848728865139,17.93322578398463,2.012220077079774,83.75880309023228,1452.198189273966,0.1702477055167378,188.3270361277955,136.3991131874458,182.3163284478816,0.9737019697352638,1051.2,133.6,459.7,0
parallel_run_2827,Archetype_4,3,0.4254331103750231,0.96099189589245,0.8333333333333334,0.0146884023086258,1,0,1,3,0.6666666666666666,10.55930465773863,9.95253445312245,2.521216447715092,45.35968846878346,1103.764527095477,0.4796032918726125,40.24829434892813,79.6642707844849,235.4042582741113,1.120275647130058,1051.2,133.6,459.7,3
parallel_run_2828,Archetype_4,3,0.0718210926406127,0.9886815415931206,0.8333333333331653,0.0001912093508053,1,0,1,3,0.0,8.584062378535368,5.204947737148349,3.396878123134748,49.03717145112236,1633.945583329502,0.3831221102711273,55.84174480106363,55.43941616510568,267.3891249190509,1.103848703587101,1051.2,133.6,459.7,3
parallel_run_2829,Archetype_4,3,1.0,0.9285960646822368,0.6806610554604259,0.0022047408089363,1,1,1,3,0.3333333333333333,11.48324720641784,13.54496100580118,2.943629403674687,73.69619351630662,959.6890243777384,0.1556452540222857,26.07329355182583,17.9346609870809,270.2527552749784,1.24797609559057,1051.2,133.6,459.7,3
parallel_run_2830,Archetype_4,3,0.1331558626718387,0.9857116116283532,0.8333333333333334,0.5518515613026733,1,0,1,3,0.0,8.239417824778362,19.86594006810631,2.185631748368638,84.78697422249212,1014.516711027553,0.5729610607824123,94.5537552962944,103.539963389083,112.696063975848,0.8568714170808833,1051.2,133.6,459.7,3
parallel_run_2831,Archetype_4,1,0.0,1.0,0.83333333333342,0.0510305618231084,0,0,0,2,0.0,10.74739923464404,14.72531853706425,2.344142683785495,39.79251941170135,1382.725160889254,0.1302190494638491,44.96744153575168,45.57905328193963,117.6699208576838,0.5147064197244176,1051.2,133.6,459.7,1
parallel_run_2833,Archetype_4,0,0.6239552396457161,0.9522007680885658,0.8333333333333334,0.2888474809032565,0,1,0,3,0.3333333333333333,12.62912539162891,17.1844658696355,2.641849634690004,42.22256724024653,904.387351538265,0.3237095872395198,68.36904203871276,108.7516199458351,169.4200698119767,0.6476733781840518,1051.2,133.6,459.7,0
parallel_run_2834,Archetype_4,1,0.5002591969192183,0.9616157750608928,0.8333333333332981,0.0349427026940287,0,0,1,2,0.0,6.522201326382715,12.39939167303931,3.618708160073463,47.13963660315678,739.0878598442532,0.2748268178242084,80.41869864667342,47.40439371988354,195.7889275941752,0.5500432829432993,1051.2,133.6,459.7,1
parallel_run_2835,Archetype_4,2,1.0,0.9127336026631864,0.8333333333333334,0.041137917318984,0,1,0,3,0.3333333333333333,9.384437367855847,18.12707624626986,2.907152582017375,82.60031647176109,883.1361687269793,0.196669248894807,66.74094420558276,73.27740104246614,210.9777341720553,1.294178414837762,1051.2,133.6,459.7,2
parallel_run_2836,Archetype_4,3,0.4035645432247982,0.9561091868815365,0.8471174751908346,0.5378177874419126,1,0,1,3,0.0,14.37657933613404,18.84410004062273,2.669185145620158,35.03786974557758,1927.503758948734,0.53662187709572,185.9380919407641,28.71237259798763,240.7907661092698,1.211179443278551,1051.2,133.6,459.7,3
parallel_run_2837,Archetype_4,3,0.0003702441136331,0.9999787484503224,0.8333333333333334,0.0154336415900307,1,0,1,3,0.6666666666666666,12.88294506062676,16.47370199557806,3.916427027915539,33.29873756204726,1553.403975838957,0.1037951584613293,35.14190572583635,68.48407504836385,165.2840596040335,1.272212627733274,1051.2,133.6,459.7,3
parallel_run_2838,Archetype_4,1,0.1871199933623019,0.9842015785524646,0.8531737386991894,0.4362703349291394,0,0,0,2,0.0,13.71417304507693,19.94297232922278,3.190463394584546,39.35568050526847,1306.802190395147,0.4398896859558368,173.4756545582791,57.55417542909995,217.6461551705664,0.6040099969531483,1051.2,133.6,459.7,1
parallel_run_2839,Archetype_4,3,0.7718662232418247,0.9035945040240831,0.139621912424894,0.2427854301530621,1,0,1,3,0.0,10.0542437922061,9.52808842232428,2.7551726834745,63.83059444783521,602.6095239046633,0.5655852937121579,52.9250694322663,12.91258574592992,212.3338287792068,0.8863857524748795,1051.2,133.6,459.7,3
parallel_run_2840,Archetype_4,1,0.3281065248791036,0.9803256260218172,0.7869084302745122,0.0923450784572089,0,0,0,2,0.0,8.902950966584617,17.34337950080082,3.071726683251704,72.97629984854609,1254.634228844618,0.0922887709307529,134.989883752535,20.33996544789689,133.8281740992772,0.6978638514594209,1051.2,133.6,459.7,1
parallel_run_2841,Archetype_4,3,0.3608781635991432,0.9337600509264776,0.8333333333333334,0.1943178190709873,1,0,1,3,0.6666666666666666,5.219692016072181,5.614852538476582,3.507907836572578,37.36349927885944,613.7680335920102,0.2904762209302906,148.1467328115624,131.7779486933157,207.8141490530652,1.146935950080092,1051.2,133.6,459.7,3
parallel_run_2842,Archetype_4,3,0.0,1.0,0.8495052021233703,1.7928448803449247e-05,1,0,1,2,0.5,11.93340271693271,5.317576274973425,3.28343831907141,71.54504448894762,1838.989919269122,0.4945103601576556,50.50487388868805,23.73720438973167,225.8680659378676,1.111263875962919,1051.2,133.6,459.7,1
parallel_run_2843,Archetype_4,2,1.0,0.9292094697784354,0.0,0.0480819824252196,0,1,0,3,0.3333333333333333,7.847009180844555,15.10246331425202,2.220849460660624,49.56921416774286,674.7929181340594,0.181477849380431,32.85601950306146,137.9877963370772,282.6442521246439,1.072413780762075,1051.2,133.6,459.7,2
parallel_run_2844,Archetype_4,3,0.3784193281731052,0.9584417095784448,0.7192971274407517,0.0061227470347758,1,0,1,3,0.0,5.307304167754404,8.062741299807017,2.856484395403244,90.46559420208708,591.9263990795743,0.5853009355147591,97.7904136753744,36.39089163854832,254.8378904988671,0.9033851808539108,1051.2,133.6,459.7,3
parallel_run_2845,Archetype_4,2,1.0,0.9520674049132126,0.8333333333333334,0.0,0,1,0,1,1.0,8.088620780419058,19.64969158227921,2.445246324409711,38.13315627139157,846.5530044686006,0.2872874174759508,41.0140129305388,66.19506893135303,296.218590405105,0.6626148413292461,1051.2,133.6,459.7,1
parallel_run_2846,Archetype_4,1,0.57761758173717,0.9496324773865,0.7850279226437719,0.3893287130416822,0,0,0,2,0.0,7.737878589250059,17.65262552890793,2.04343847591413,60.65256661819086,794.1535603498564,0.3905802979433853,158.1284539410613,28.1308721236521,148.7173157451602,1.000044063032848,1051.2,133.6,459.7,1
parallel_run_2847,Archetype_4,3,0.6224425788476821,0.9355656227710918,0.830508871843057,0.5001073393873381,1,0,1,3,0.6666666666666666,13.0646439961812,18.24589508543017,2.716732587027388,46.65131170230379,725.1054169218328,0.5115983993063354,64.21434402267955,101.3397416534369,115.4601576016992,0.561267319729339,1051.2,133.6,459.7,3
parallel_run_2848,Archetype_4,3,0.0,1.0,0.8333333333331827,0.0064064716545141,1,0,1,3,0.6666666666666666,14.55899147105204,16.92400224464144,4.505870455669541,48.66008960426488,1880.428773878496,0.1898057560671069,25.33689484018815,53.21861456331589,186.1609652237962,0.6245236166119492,1051.2,133.6,459.7,3
parallel_run_2849,Archetype_4,3,0.8847295470607922,0.9338786256454688,0.7673685184769937,0.0696362060499384,1,0,1,3,0.6666666666666666,6.902588311173137,13.28544430155988,2.608092824810263,48.10349831449953,712.0868495925945,0.5809073215674864,59.06523453291005,146.7428585041353,298.5472537308848,1.224555548142108,1051.2,133.6,459.7,3
parallel_run_2851,Archetype_4,1,0.4998378279465879,0.9752714825462088,0.8333333333333112,0.0001754709436101,0,0,1,2,0.0,5.645937846490421,19.08999399027946,4.574685372982158,59.43535530068567,740.044618160573,0.4465748804743228,76.02908933133577,44.09919367093785,262.8462682705834,0.782484278393255,813.0,348.9,232.5,1
parallel_run_2852,Archetype_4,3,0.1645507326284602,0.9888031855044404,0.749007520042302,0.1171297859914078,1,1,1,4,0.25,13.49964268135165,15.33095577911059,4.464674582116157,42.94616278436651,1185.794953774338,0.117649937817252,137.4023502352264,22.49168264409253,128.2191212271367,0.5911665438533666,813.0,348.9,232.5,3
parallel_run_2853,Archetype_4,1,0.2612899423586668,0.983776879596505,0.8333333333333334,0.2164016672886893,0,0,1,3,0.0,6.405292284318544,19.53555145216947,3.764585606427318,64.73890400335439,850.6267050193985,0.2646507902451352,37.50790122422556,110.5320184729022,100.9223548185412,1.28665717130124,813.0,348.9,232.5,0
parallel_run_2854,Archetype_4,1,0.3724415942624585,0.9724194165185008,0.0,0.1825963486113573,0,0,0,2,0.5,5.078233488755179,15.36811055664406,4.023785290991664,68.86856051780249,1676.075248578451,0.2246787017126815,129.5689761803989,24.65199699594505,232.3224413807133,0.6774859235206085,813.0,348.9,232.5,1
parallel_run_2855,Archetype_4,3,0.8348138810061149,0.9100063765012384,0.8393371436083736,0.036037969625316,1,1,1,4,0.25,9.795367374301884,8.46566765326878,4.968477490368761,93.10632240494294,1005.748088406246,0.0638931166280094,56.87494984404746,127.412906728483,150.7886454235,1.149819164967017,813.0,348.9,232.5,3
parallel_run_2856,Archetype_4,3,0.355163321051516,0.9707932543778676,0.9090909090909092,0.1490960090226377,1,1,1,4,0.25,13.21427123302489,12.99077849367701,2.804621181868556,57.60856169568081,1509.042894252557,0.202994166366049,91.80831738898752,122.5526135883852,139.657431483073,1.128863155150354,813.0,348.9,232.5,3
parallel_run_2858,Archetype_4,1,0.2981105827949516,0.968030498821538,0.0,0.0490055259928344,0,0,0,2,0.0,6.639503134093878,8.702036358183824,2.460006477284389,50.84918084009174,1224.275709388201,0.14250239653806,114.0559579566393,16.49310952489565,222.5836742807619,1.025953997214746,813.0,348.9,232.5,1
parallel_run_2860,Archetype_4,1,4.064884530879649e-06,0.9999996400687796,0.8543403099059839,0.3975106509413034,0,0,0,2,0.0,13.53541818756549,17.50384951367896,4.718111782544003,32.06607470803334,1682.919135964777,0.407888008510583,62.79308556464255,40.8608152984074,108.3468966403483,0.7505038651828599,813.0,348.9,232.5,1
parallel_run_2861,Archetype_4,1,0.1537763457388372,0.98509929851287,0.8393706040611196,0.3403122233446675,0,0,0,2,0.0,9.589786864094185,14.52009542132607,2.25760526337914,95.46321746956043,1743.776803747743,0.3420270254820715,154.4883468009115,38.07535167163682,155.3553685224774,0.5347162870897352,813.0,348.9,232.5,1
parallel_run_2863,Archetype_4,0,0.0468106729215479,0.9969154065794208,0.8333333333333334,0.1078974633974945,0,1,0,3,0.3333333333333333,11.5724650899624,15.71417657225041,2.505463074151018,37.82135289309134,1732.171085268251,0.2966680057335894,87.89904124731528,124.3179479506931,188.0589961374106,0.6121933944560484,813.0,348.9,232.5,0
parallel_run_2864,Archetype_4,3,0.5737787848193837,0.9655615388411494,0.346037720273569,0.0636204432141164,1,0,1,3,0.0,7.401877309695345,16.72060108361629,4.239354502223774,78.9004950381646,763.9731909619118,0.0862171753274194,168.5882939237162,10.48455250370037,274.1962939177321,0.9381802418748396,813.0,348.9,232.5,3
parallel_run_2865,Archetype_4,1,0.0,1.0,0.652757457704865,0.0001446747733052,0,0,0,2,0.0,6.226512320545174,10.57007202633626,4.816232216133942,78.55254926123328,1473.572870709382,0.3084672339978864,39.11190515019379,26.58517665913403,167.9697151744124,0.8989728030906465,813.0,348.9,232.5,1
parallel_run_2866,Archetype_4,3,0.1633860361732513,0.9851881989617,0.8333333333333229,0.2103854434543756,1,0,1,3,0.0,8.028178927033153,12.69358091967134,3.112625106465832,36.62334427994244,1295.694779439287,0.2513937760739758,117.9684651723182,90.13045861303728,158.0544197808208,0.9195426682975842,813.0,348.9,232.5,3
parallel_run_2867,Archetype_4,1,0.1998727725495118,0.9748910465372068,0.7205122273067475,0.0232674385901194,0,0,0,2,0.0,5.772023405404161,7.116169331792253,2.064522668331408,56.51085137099933,1786.195480402135,0.0232508350807578,161.0329775531958,25.14851249315225,197.822121004284,0.7197444930411876,813.0,348.9,232.5,1
parallel_run_2868,Archetype_4,0,0.2126050910574447,0.987748350205547,0.8333333333333334,0.0561910813145521,0,1,0,3,0.3333333333333333,9.480794663304136,17.03804542014852,4.639878986106728,99.35855694037711,1250.245306083507,0.4168895798584492,43.35096290748591,149.1588574610129,277.1890738836713,1.083347637799514,813.0,348.9,232.5,0
parallel_run_2869,Archetype_4,3,1.0,0.8999555424173683,0.8333333333333334,0.2780802681032433,1,1,1,3,0.3333333333333333,12.59017345046845,19.02253176729523,3.9523185428614,96.0626212890334,921.343979285896,0.3159410008343269,143.9201303011419,83.56764829664709,247.3963377767511,1.184696545793093,813.0,348.9,232.5,3
parallel_run_2870,Archetype_4,2,0.7241738337760658,0.945526271739098,0.0,0.3237194613445186,0,1,0,3,0.3333333333333333,13.88681027006693,18.61075821619153,4.347085125891433,43.42201779666991,778.7163195623369,0.5440908291581393,33.79114171279144,30.41474642500482,289.3256653337539,0.7671046222699125,813.0,348.9,232.5,2
parallel_run_2871,Archetype_4,3,0.1849568491840275,0.9454063359175208,0.0,0.5611809894066704,1,0,1,3,0.0,10.32199462340584,6.699275404416465,2.08038382636346,44.79361792876074,979.8557987975116,0.595749285135953,177.31500644115,11.06955829270862,290.4698168059626,1.067301995703033,813.0,348.9,232.5,3
parallel_run_2872,Archetype_4,0,0.1147281500965995,0.9884683551787666,0.8333333333333334,0.3122312492603129,0,1,0,3,0.3333333333333333,10.44667181037197,13.25070225132207,4.259523874160369,88.11039822390016,1086.489408610497,0.3604504262054547,93.26680170863348,86.31118950437782,141.2036987315458,0.8099763525700954,813.0,348.9,232.5,0
parallel_run_2873,Archetype_4,3,0.0018830504515236,0.9997772864787794,0.8333333333333334,0.337503050181465,1,0,1,3,0.0,7.193260089885094,11.65964368980142,4.36245347424116,67.47086947928852,860.866485459772,0.3929505433301446,47.88817474253383,105.9284432028051,105.7696635231778,0.7077017593878874,813.0,348.9,232.5,3
parallel_run_2874,Archetype_4,0,1.2993303452722386e-05,0.9999992422009286,0.0,1.4124284326099916e-16,0,1,0,3,0.3333333333333333,10.87938801553206,16.037856129965,2.961086101395173,69.6604654795751,1130.70880630468,0.3289402099742169,45.2910359937304,14.91317533979289,294.1194921299998,1.165324106539424,813.0,348.9,232.5,0
parallel_run_2875,Archetype_4,0,0.313878148306971,0.9795027331079056,0.9090909090909092,0.2552356137580208,0,1,0,3,0.3333333333333333,11.04944243362644,19.24071518137925,3.605624564480587,53.85239415205597,1355.675352940887,0.2611936824169285,192.5155188876426,93.4514385332439,163.183152602084,0.9537850554699546,813.0,348.9,232.5,0
parallel_run_2876,Archetype_4,3,0.3910847531751735,0.9519022533901472,0.8333333333333334,0.5197231455676966,1,0,1,3,0.0,9.08917883368848,15.93141516714483,2.552097542916801,87.05159164902761,516.4075892774002,0.5259683590341234,164.5121833558311,80.95119800030251,191.2553856341034,1.094491785369062,813.0,348.9,232.5,3
parallel_run_2877,Archetype_4,0,0.0001869176606606,0.9999798539344256,0.8691628362845423,0.1848891425096423,0,1,0,3,0.3333333333333333,6.022122980882333,10.18624643812967,4.118622604217991,44.05635878211464,657.7419002366751,0.4846669501207773,27.38228323221475,120.2686065600439,118.8863494549756,1.050243965660369,813.0,348.9,232.5,0
parallel_run_2878,Archetype_4,0,0.1641249995622935,0.991819760110099,0.8333333333330498,0.0142246606115236,0,1,0,3,0.3333333333333333,12.81217303836103,18.79926099501478,3.671884488568053,46.3834911494316,1976.5423669876,0.4556973803877963,98.27765434529884,77.3225987347966,261.8146648055326,0.8637011623017257,813.0,348.9,232.5,0
parallel_run_2879,Archetype_4,2,1.0,0.9239636689190184,0.0,0.0269228821652623,0,1,0,3,0.3333333333333333,11.30329623906534,14.11358006738063,2.119776423336449,80.39616228749757,927.2926047619708,0.0269989646361896,110.5634989792129,18.96908617913164,123.0786965714163,1.005760777712649,813.0,348.9,232.5,2
parallel_run_2880,Archetype_4,1,0.0,1.0,0.7778493614773161,0.0001818244405112,0,0,0,2,0.0,9.208165790113028,15.46907671514874,4.545251827774964,38.83541580815834,1956.9090829731,0.1622856966902549,21.41825610127897,34.46180060490662,143.3953587386619,1.21370144627473,813.0,348.9,232.5,1
parallel_run_2882,Archetype_4,0,0.2473185142276846,0.9870631401462644,0.8588340937751909,0.0162339525044075,0,1,0,3,0.3333333333333333,11.79622827938521,18.29050969456285,4.169805421292692,52.8848948871502,1412.193873679556,0.4257887667081556,79.79357681981203,42.21866859739012,215.0694877114157,0.8330072175424368,813.0,348.9,232.5,0
parallel_run_2883,Archetype_4,2,0.5011166994968779,0.9394851904272709,0.0,0.0034704389817917,0,1,0,3,0.3333333333333333,7.646521843235478,7.231058342555429,3.31458691916786,41.69964252763987,671.0160759439195,0.4157057803155249,70.94792328052574,46.67117715729472,250.4862261361136,0.7327865198402268,813.0,348.9,232.5,2
parallel_run_2884,Archetype_4,3,1.0,0.8920460944574212,0.0,0.2058616785931364,1,0,1,3,0.0,13.36289726948865,19.43255606974088,2.149756002614726,98.31009612961368,830.6769291617317,0.3440972357975186,24.40106928622523,21.65487938516236,225.1829757871136,1.25645844295112,813.0,348.9,232.5,3
parallel_run_2885,Archetype_4,0,0.2769362135599055,0.9708843552080229,0.5122627285760215,0.0707393358279016,0,1,0,3,0.3333333333333333,8.364797989299861,9.192250646467237,3.860538328046275,34.3813015352484,788.3970389732821,0.4717590306136611,144.6892794848065,41.70303632080136,285.1192728451363,0.9914750935718764,813.0,348.9,232.5,0
parallel_run_2886,Archetype_4,0,0.296142512409747,0.9826896885810852,0.0320230433863736,0.0322544092502187,0,1,0,3,0.3333333333333333,14.90080910970151,16.57440810558032,2.987874773593921,45.48329767203269,1579.101973947642,0.0323452792956046,124.7691560752347,13.25130095356169,131.0360691937709,1.160280557751469,813.0,348.9,232.5,0
parallel_run_2887,Archetype_4,2,1.0,0.8583436489739211,0.0,0.0059713401676907,0,1,0,3,0.3333333333333333,6.738724478605125,10.74467739481464,4.059979339446745,91.01635205906643,546.9101382223519,0.1271291449095846,29.64904233951978,50.75070528467045,175.7269183945674,1.085475702971351,813.0,348.9,232.5,2
parallel_run_2888,Archetype_4,3,1.0,0.8877992601409979,0.0,0.2785677273689787,1,0,1,3,0.0,12.29475505195811,16.20117521024517,2.57668959775238,86.126770574267,694.6303209657378,0.3562216088726904,35.8027220756866,64.20784236580666,271.3979072062631,0.7973279454902197,813.0,348.9,232.5,3
parallel_run_2889,Archetype_4,1,0.7552403289562585,0.9331268775130528,0.6081724091733299,0.2478559254164013,0,0,0,2,0.0,5.41478544277491,13.9696886981829,3.800167267124271,93.40190108464566,1614.000840022941,0.2479437183689544,197.1143613561278,32.13386871974967,137.2906070612262,1.198479495410149,813.0,348.9,232.5,1
parallel_run_2890,Archetype_4,3,0.0004002890839351,0.9999414102760148,0.8333333333333333,0.0731671010736357,1,0,1,3,0.0,7.325244866915437,6.133456484961489,2.849506395765022,36.13139533184066,1846.939556478707,0.1045903725178832,104.708041937107,141.4654323491187,103.7582240168401,0.5719642415394346,813.0,348.9,232.5,3
parallel_run_2891,Archetype_4,0,4.645305604350424e-06,0.9999996265136752,0.8333333333333334,0.0,0,0,1,3,0.6666666666666666,10.09356256031139,11.29063222601615,4.76846366035301,76.79579046522252,1053.739944648393,0.2204308342752106,41.70644304050847,45.01347485513899,281.050931209811,1.263414311242694,813.0,348.9,232.5,0
parallel_run_2892,Archetype_4,0,0.1989423294339307,0.9876148487867196,0.8333333333333334,0.0310794368725528,0,1,0,3,0.3333333333333333,6.186101812756469,15.06385238110333,2.884344918055505,31.24493007510238,986.5491512115816,0.0557544202849528,84.24127174220122,94.4970799647684,145.9465456157096,1.018398256176594,813.0,348.9,232.5,0
parallel_run_2894,Archetype_4,3,0.0811524346216212,0.9900776411854054,0.8333333333333334,0.0959032827180543,1,0,1,3,0.0,5.875103409596851,7.908293010058282,2.390464514085502,54.80879767084504,951.9658153072828,0.3730351891050821,88.41266743681159,98.35668950325385,201.4163575543587,0.6395764243792184,813.0,348.9,232.5,3
parallel_run_2895,Archetype_4,3,0.0610339149461402,0.9908871164275358,0.7694022919725442,0.0415027916862618,1,0,1,3,0.0,9.89273547819015,5.915838497469448,4.894747269895554,35.37340681692577,1159.023486619083,0.501565989511877,72.72853972209614,37.63505720582668,179.0711115343357,0.7616663464940141,813.0,348.9,232.5,3
parallel_run_2896,Archetype_4,0,0.0007171135791181,0.999958996319474,0.583777733982442,0.0,0,1,0,3,0.3333333333333333,14.08524419392078,16.31334378769262,2.308954015500626,40.52170066997526,1429.94499687827,0.4596363285181422,47.00410072502583,15.67060968778293,242.31607024993,1.191021807579522,813.0,348.9,232.5,0
parallel_run_2897,Archetype_4,3,0.2297744902003258,0.960765977126839,0.0,0.2245553329768305,1,0,1,3,0.0,12.41392231723704,6.505360896541484,2.371739473104665,32.39759536864331,816.6382880545631,0.5170204646406725,23.22847379435524,49.02752712084806,184.9716219995724,1.138692518506339,813.0,348.9,232.5,3
parallel_run_2898,Archetype_4,3,0.0391491190959072,0.9965017381382768,0.8333333333333334,0.3963536363431532,1,0,1,3,0.0,11.20531214550689,17.28918987462175,2.41534597807669,62.25120319523698,1520.929737606235,0.5566745144953847,74.0786242796822,117.154618835779,125.2618930845108,1.040699628833873,813.0,348.9,232.5,3
parallel_run_2899,Archetype_4,0,0.0978291177974395,0.9924651201350416,0.8333333333334257,0.0137116631919173,0,0,1,3,0.6666666666666666,14.76040816329797,11.89711135068584,3.420702396064348,30.231907913922,1810.531238432742,0.1512092640839279,103.1976415956362,60.53852960346411,259.9151824744392,0.8372539290562797,813.0,348.9,232.5,0
parallel_run_2900,Archetype_4,1,0.1154494727537637,0.9930355228029528,0.7769914745685165,0.0173575946561944,0,0,0,2,0.0,7.125713809407731,15.76402470243221,2.203821019158463,30.66474775106086,1916.270048437812,0.5283635710427317,61.25580077898183,29.96136795184568,159.1614013752083,1.233712473598319,813.0,348.9,232.5,1
parallel_run_2901,Archetype_4,0,0.2647303354995163,0.9842251183237924,0.9090909090909092,0.1354471295583557,0,1,0,3,0.3333333333333333,8.679848728865139,17.93322578398463,2.012220077079774,83.75880309023228,1452.198189273966,0.1702477055167378,188.3270361277955,136.3991131874458,182.3163284478816,0.9737019697352638,813.0,348.9,232.5,0
parallel_run_2902,Archetype_4,3,0.3415735401192321,0.968572050443313,0.8333333333333334,0.0202156937574373,1,1,1,4,0.25,10.55930465773863,9.95253445312245,2.521216447715092,45.35968846878346,1103.764527095477,0.4796032918726125,40.24829434892813,79.6642707844849,235.4042582741113,1.120275647130058,813.0,348.9,232.5,3
parallel_run_2903,Archetype_4,1,0.0001761074195265,0.9999721178179904,0.8333333333333334,8.198678479455307e-06,0,0,0,2,0.0,8.584062378535368,5.204947737148349,3.396878123134748,49.03717145112236,1633.945583329502,0.3831221102711273,55.84174480106363,55.43941616510568,267.3891249190509,1.103848703587101,813.0,348.9,232.5,1
parallel_run_2904,Archetype_4,2,1.0,0.9286668758056154,0.6599525604044237,0.0023998045399417,0,1,0,3,0.3333333333333333,11.48324720641784,13.54496100580118,2.943629403674687,73.69619351630662,959.6890243777384,0.1556452540222857,26.07329355182583,17.9346609870809,270.2527552749784,1.24797609559057,813.0,348.9,232.5,2
parallel_run_2905,Archetype_4,3,0.0548485249143227,0.9943276623387868,0.8333333333333613,0.5394889856646027,1,0,1,3,0.0,8.239417824778362,19.86594006810631,2.185631748368638,84.78697422249212,1014.516711027553,0.5729610607824123,94.5537552962944,103.539963389083,112.696063975848,0.8568714170808833,813.0,348.9,232.5,3
parallel_run_2906,Archetype_4,3,0.0,1.0,0.8333333333333475,0.0489740100797226,1,0,1,3,0.0,10.74739923464404,14.72531853706425,2.344142683785495,39.79251941170135,1382.725160889254,0.1302190494638491,44.96744153575168,45.57905328193963,117.6699208576838,0.5147064197244176,813.0,348.9,232.5,3
parallel_run_2908,Archetype_4,0,0.6265584499037815,0.9524138058857916,0.8333333333333334,0.2802290438692497,0,1,0,3,0.3333333333333333,12.62912539162891,17.1844658696355,2.641849634690004,42.22256724024653,904.387351538265,0.3237095872395198,68.36904203871276,108.7516199458351,169.4200698119767,0.6476733781840518,813.0,348.9,232.5,0
parallel_run_2909,Archetype_4,0,3.1056667945794204e-05,0.9999976703072851,0.0,0.0198436120921541,0,1,0,3,0.3333333333333333,6.522201326382715,12.39939167303931,3.618708160073463,47.13963660315678,739.0878598442532,0.2748268178242084,80.41869864667342,47.40439371988354,195.7889275941752,0.5500432829432993,813.0,348.9,232.5,0
parallel_run_2910,Archetype_4,3,1.0,0.9121300784034808,0.8333333333333334,0.0369959674862427,1,1,1,3,0.3333333333333333,9.384437367855847,18.12707624626986,2.907152582017375,82.60031647176109,883.1361687269793,0.196669248894807,66.74094420558276,73.27740104246614,210.9777341720553,1.294178414837762,813.0,348.9,232.5,3
parallel_run_2911,Archetype_4,1,0.3808461219444375,0.9586586550994234,0.8428389249616897,0.5377024955673504,0,0,0,2,0.0,14.37657933613404,18.84410004062273,2.669185145620158,35.03786974557758,1927.503758948734,0.53662187709572,185.9380919407641,28.71237259798763,240.7907661092698,1.211179443278551,813.0,348.9,232.5,1
parallel_run_2912,Archetype_4,0,0.1274047457549093,0.9926279786038834,0.8333333333333334,0.0236523462599571,0,1,0,3,0.3333333333333333,12.88294506062676,16.47370199557806,3.916427027915539,33.29873756204726,1553.403975838957,0.1037951584613293,35.14190572583635,68.48407504836385,165.2840596040335,1.272212627733274,813.0,348.9,232.5,0
parallel_run_2913,Archetype_4,1,0.1586153056227198,0.9867616561798352,0.8645926544150193,0.437634757910344,0,0,0,2,0.0,13.71417304507693,19.94297232922278,3.190463394584546,39.35568050526847,1306.802190395147,0.4398896859558368,173.4756545582791,57.55417542909995,217.6461551705664,0.6040099969531483,813.0,348.9,232.5,1
parallel_run_2914,Archetype_4,3,0.7685635346159149,0.9034402743037449,0.0,0.2460556508505838,1,0,1,3,0.0,10.0542437922061,9.52808842232428,2.7551726834745,63.83059444783521,602.6095239046633,0.5655852937121579,52.9250694322663,12.91258574592992,212.3338287792068,0.8863857524748795,813.0,348.9,232.5,3
parallel_run_2915,Archetype_4,1,0.2782038206457073,0.9833816738443454,0.7867029898476097,0.0919938809817385,0,0,0,2,0.0,8.902950966584617,17.34337950080082,3.071726683251704,72.97629984854609,1254.634228844618,0.0922887709307529,134.989883752535,20.33996544789689,133.8281740992772,0.6978638514594209,813.0,348.9,232.5,1
parallel_run_2916,Archetype_4,0,0.3555065526718519,0.933189164059934,0.8041536780723865,0.2108295849207929,0,1,0,3,0.3333333333333333,5.219692016072181,5.614852538476582,3.507907836572578,37.36349927885944,613.7680335920102,0.2904762209302906,148.1467328115624,131.7779486933157,207.8141490530652,1.146935950080092,813.0,348.9,232.5,0
parallel_run_2917,Archetype_4,3,0.0,1.0,0.6636881210938916,0.0003745661057725,1,0,1,3,0.0,11.93340271693271,5.317576274973425,3.28343831907141,71.54504448894762,1838.989919269122,0.4945103601576556,50.50487388868805,23.73720438973167,225.8680659378676,1.111263875962919,813.0,348.9,232.5,3
parallel_run_2918,Archetype_4,2,1.0,0.9281467187599328,0.0,0.0523692781771482,0,1,0,3,0.3333333333333333,7.847009180844555,15.10246331425202,2.220849460660624,49.56921416774286,674.7929181340594,0.181477849380431,32.85601950306146,137.9877963370772,282.6442521246439,1.072413780762075,813.0,348.9,232.5,2
parallel_run_2919,Archetype_4,3,0.3070188230627744,0.966279312167562,0.7257139329173445,0.0024973857928008,1,0,1,3,0.0,5.307304167754404,8.062741299807017,2.856484395403244,90.46559420208708,591.9263990795743,0.5853009355147591,97.7904136753744,36.39089163854832,254.8378904988671,0.9033851808539108,813.0,348.9,232.5,3
parallel_run_2920,Archetype_4,0,0.6036515403108048,0.9711235821375784,0.8027128616766761,0.0,0,1,0,2,0.5,8.088620780419058,19.64969158227921,2.445246324409711,38.13315627139157,846.5530044686006,0.2872874174759508,41.0140129305388,66.19506893135303,296.218590405105,0.6626148413292461,813.0,348.9,232.5,1
parallel_run_2921,Archetype_4,1,0.5332989825049457,0.9532896653656316,0.8031615926969079,0.3904094652794917,0,0,0,2,0.0,7.737878589250059,17.65262552890793,2.04343847591413,60.65256661819086,794.1535603498564,0.3905802979433853,158.1284539410613,28.1308721236521,148.7173157451602,1.000044063032848,813.0,348.9,232.5,1
parallel_run_2922,Archetype_4,2,0.6303324607713268,0.9352287752552182,0.7944042870902999,0.497770908441453,0,1,0,3,0.3333333333333333,13.0646439961812,18.24589508543017,2.716732587027388,46.65131170230379,725.1054169218328,0.5115983993063354,64.21434402267955,101.3397416534369,115.4601576016992,0.561267319729339,813.0,348.9,232.5,2
parallel_run_2923,Archetype_4,0,0.0,1.0,0.8333333333333334,0.007216634205635,0,0,1,3,0.6666666666666666,14.55899147105204,16.92400224464144,4.505870455669541,48.66008960426488,1880.428773878496,0.1898057560671069,25.33689484018815,53.21861456331589,186.1609652237962,0.6245236166119492,813.0,348.9,232.5,0
parallel_run_2924,Archetype_4,2,0.8628737114412931,0.9328204717193096,0.6732304849553429,0.100852945051404,0,1,0,3,0.3333333333333333,6.902588311173137,13.28544430155988,2.608092824810263,48.10349831449953,712.0868495925945,0.5809073215674864,59.06523453291005,146.7428585041353,298.5472537308848,1.224555548142108,813.0,348.9,232.5,2
parallel_run_2926,Archetype_4,2,1.0,0.9388721817064168,0.8171013237808843,0.0024685979104711,0,1,0,3,0.0,5.645937846490421,19.08999399027946,4.574685372982158,59.43535530068567,740.044618160573,0.4465748804743228,76.02908933133577,44.09919367093785,262.8462682705834,0.782484278393255,1276.5,628.0,325.7,2
parallel_run_2927,Archetype_4,3,0.3668381277329389,0.9748166469460836,0.7372394711511134,0.1173518773768492,1,1,1,4,0.25,13.49964268135165,15.33095577911059,4.464674582116157,42.94616278436651,1185.794953774338,0.117649937817252,137.4023502352264,22.49168264409253,128.2191212271367,0.5911665438533666,1276.5,628.0,325.7,3
parallel_run_2928,Archetype_4,1,0.8549600117865137,0.9469036803038412,0.8333333333333334,0.2154574583484216,0,0,0,2,0.0,6.405292284318544,19.53555145216947,3.764585606427318,64.73890400335439,850.6267050193985,0.2646507902451352,37.50790122422556,110.5320184729022,100.9223548185412,1.28665717130124,1276.5,628.0,325.7,1
parallel_run_2929,Archetype_4,1,0.4547093069025841,0.9666780194625276,0.0,0.180908367057805,0,0,0,2,0.0,5.078233488755179,15.36811055664406,4.023785290991664,68.86856051780249,1676.075248578451,0.2246787017126815,129.5689761803989,24.65199699594505,232.3224413807133,0.6774859235206085,1276.5,628.0,325.7,1
parallel_run_2930,Archetype_4,3,0.8361642329400539,0.9100783860860772,0.9042766626044858,0.0337687063138367,1,0,1,4,0.5,9.795367374301884,8.46566765326878,4.968477490368761,93.10632240494294,1005.748088406246,0.0638931166280094,56.87494984404746,127.412906728483,150.7886454235,1.149819164967017,1276.5,628.0,325.7,3
parallel_run_2931,Archetype_4,0,0.3325743800797139,0.972512615283842,0.9090909090909092,0.1567921592386227,0,0,1,3,0.6666666666666666,13.21427123302489,12.99077849367701,2.804621181868556,57.60856169568081,1509.042894252557,0.202994166366049,91.80831738898752,122.5526135883852,139.657431483073,1.128863155150354,1276.5,628.0,325.7,0
parallel_run_2933,Archetype_4,1,0.3208367633326045,0.9653743383549632,0.0,0.0492811081864503,0,0,0,2,0.0,6.639503134093878,8.702036358183824,2.460006477284389,50.84918084009174,1224.275709388201,0.14250239653806,114.0559579566393,16.49310952489565,222.5836742807619,1.025953997214746,1276.5,628.0,325.7,1
parallel_run_2935,Archetype_4,1,5.558944101936894e-05,0.9999951537476446,0.8532490987946778,0.3886265258135786,0,0,0,2,0.0,13.53541818756549,17.50384951367896,4.718111782544003,32.06607470803334,1682.919135964777,0.407888008510583,62.79308556464255,40.8608152984074,108.3468966403483,0.7505038651828599,1276.5,628.0,325.7,1
parallel_run_2936,Archetype_4,1,0.1586742668789132,0.9845288179841796,0.8453748566553433,0.3407873676446,0,0,0,2,0.0,9.589786864094185,14.52009542132607,2.25760526337914,95.46321746956043,1743.776803747743,0.3420270254820715,154.4883468009115,38.07535167163682,155.3553685224774,0.5347162870897352,1276.5,628.0,325.7,1
parallel_run_2938,Archetype_4,0,0.2213831560712863,0.9853438162339568,0.8333333333333364,0.1211254733240583,0,1,0,3,0.3333333333333333,11.5724650899624,15.71417657225041,2.505463074151018,37.82135289309134,1732.171085268251,0.2966680057335894,87.89904124731528,124.3179479506931,188.0589961374106,0.6121933944560484,1276.5,628.0,325.7,0
parallel_run_2939,Archetype_4,2,1.0,0.9193882305671356,0.2428627205030599,0.0648329236540715,0,0,1,3,0.0,7.401877309695345,16.72060108361629,4.239354502223774,78.9004950381646,763.9731909619118,0.0862171753274194,168.5882939237162,10.48455250370037,274.1962939177321,0.9381802418748396,1276.5,628.0,325.7,2
parallel_run_2940,Archetype_4,1,0.0,1.0,0.6451030292596966,7.376351852274014e-05,0,0,0,2,0.0,6.226512320545174,10.57007202633626,4.816232216133942,78.55254926123328,1473.572870709382,0.3084672339978864,39.11190515019379,26.58517665913403,167.9697151744124,0.8989728030906465,1276.5,628.0,325.7,1
parallel_run_2941,Archetype_4,1,0.243755616825216,0.9774862452399448,0.8333333333333334,0.2225125586318952,0,0,0,2,0.0,8.028178927033153,12.69358091967134,3.112625106465832,36.62334427994244,1295.694779439287,0.2513937760739758,117.9684651723182,90.13045861303728,158.0544197808208,0.9195426682975842,1276.5,628.0,325.7,1
parallel_run_2942,Archetype_4,1,0.2250449865516954,0.9715012963173536,0.7190376684473729,0.023294394703562,0,0,0,2,0.0,5.772023405404161,7.116169331792253,2.064522668331408,56.51085137099933,1786.195480402135,0.0232508350807578,161.0329775531958,25.14851249315225,197.822121004284,0.7197444930411876,1276.5,628.0,325.7,1
parallel_run_2943,Archetype_4,0,0.7042351881666303,0.9596175277087012,0.8333333333333334,0.0416763869891956,0,1,0,3,0.3333333333333333,9.480794663304136,17.03804542014852,4.639878986106728,99.35855694037711,1250.245306083507,0.4168895798584492,43.35096290748591,149.1588574610129,277.1890738836713,1.083347637799514,1276.5,628.0,325.7,0
parallel_run_2944,Archetype_4,3,1.0,0.9008314950768278,0.8333333333333334,0.2738300215749333,1,1,1,4,0.25,12.59017345046845,19.02253176729523,3.9523185428614,96.0626212890334,921.343979285896,0.3159410008343269,143.9201303011419,83.56764829664709,247.3963377767511,1.184696545793093,1276.5,628.0,325.7,3
parallel_run_2945,Archetype_4,2,0.7236644197950005,0.9454939918140745,0.0,0.328837385512031,0,1,0,3,0.3333333333333333,13.88681027006693,18.61075821619153,4.347085125891433,43.42201779666991,778.7163195623369,0.5440908291581393,33.79114171279144,30.41474642500482,289.3256653337539,0.7671046222699125,1276.5,628.0,325.7,2
parallel_run_2946,Archetype_4,1,0.1913012960089658,0.943580667940934,0.0,0.5603717072846639,0,0,0,2,0.0,10.32199462340584,6.699275404416465,2.08038382636346,44.79361792876074,979.8557987975116,0.595749285135953,177.31500644115,11.06955829270862,290.4698168059626,1.067301995703033,1276.5,628.0,325.7,1
parallel_run_2947,Archetype_4,0,0.2345217590381398,0.9759426100916232,0.8333333333333705,0.3263129885780916,0,1,0,3,0.3333333333333333,10.44667181037197,13.25070225132207,4.259523874160369,88.11039822390016,1086.489408610497,0.3604504262054547,93.26680170863348,86.31118950437782,141.2036987315458,0.8099763525700954,1276.5,628.0,325.7,0
parallel_run_2948,Archetype_4,1,0.2919602059576173,0.964728792585718,0.8333333333333334,0.3431900345545135,0,0,0,2,0.0,7.193260089885094,11.65964368980142,4.36245347424116,67.47086947928852,860.866485459772,0.3929505433301446,47.88817474253383,105.9284432028051,105.7696635231778,0.7077017593878874,1276.5,628.0,325.7,1
parallel_run_2949,Archetype_4,0,1.840453730418217e-05,0.9999989325141484,0.0,0.0,0,0,1,3,0.6666666666666666,10.87938801553206,16.037856129965,2.961086101395173,69.6604654795751,1130.70880630468,0.3289402099742169,45.2910359937304,14.91317533979289,294.1194921299998,1.165324106539424,1276.5,628.0,325.7,0
parallel_run_2950,Archetype_4,0,0.4131403850565301,0.9728377037465348,0.9090909090909092,0.2557822918158858,0,1,0,3,0.3333333333333333,11.04944243362644,19.24071518137925,3.605624564480587,53.85239415205597,1355.675352940887,0.2611936824169285,192.5155188876426,93.4514385332439,163.183152602084,0.9537850554699546,1276.5,628.0,325.7,0
parallel_run_2951,Archetype_4,2,0.8854927850996684,0.8902761304541901,0.8333333333333334,0.521161446005407,0,1,0,3,0.0,9.08917883368848,15.93141516714483,2.552097542916801,87.05159164902761,516.4075892774002,0.5259683590341234,164.5121833558311,80.95119800030251,191.2553856341034,1.094491785369062,1276.5,628.0,325.7,2
parallel_run_2952,Archetype_4,1,0.3577272158067297,0.9518029227302216,0.8333333333333334,0.3436140436903107,0,0,0,2,0.0,6.022122980882333,10.18624643812967,4.118622604217991,44.05635878211464,657.7419002366751,0.4846669501207773,27.38228323221475,120.2686065600439,118.8863494549756,1.050243965660369,1276.5,628.0,325.7,1
parallel_run_2953,Archetype_4,0,0.4088600798107772,0.9786777560327196,0.8333333333333334,0.0427358725225214,0,1,0,3,0.3333333333333333,12.81217303836103,18.79926099501478,3.671884488568053,46.3834911494316,1976.5423669876,0.4556973803877963,98.27765434529884,77.3225987347966,261.8146648055326,0.8637011623017257,1276.5,628.0,325.7,0
parallel_run_2954,Archetype_4,2,1.0,0.925026720558192,0.0,0.0269389973188347,0,1,0,3,0.3333333333333333,11.30329623906534,14.11358006738063,2.119776423336449,80.39616228749757,927.2926047619708,0.0269989646361896,110.5634989792129,18.96908617913164,123.0786965714163,1.005760777712649,1276.5,628.0,325.7,2
parallel_run_2955,Archetype_4,1,0.0,1.0,0.7845745281867149,0.0026852495629887,0,0,0,2,0.0,9.208165790113028,15.46907671514874,4.545251827774964,38.83541580815834,1956.9090829731,0.1622856966902549,21.41825610127897,34.46180060490662,143.3953587386619,1.21370144627473,1276.5,628.0,325.7,1
parallel_run_2957,Archetype_4,0,0.5410820247114592,0.9717380727698804,0.801472108797167,0.0127804119417806,0,1,0,3,0.3333333333333333,11.79622827938521,18.29050969456285,4.169805421292692,52.8848948871502,1412.193873679556,0.4257887667081556,79.79357681981203,42.21866859739012,215.0694877114157,0.8330072175424368,1276.5,628.0,325.7,0
parallel_run_2958,Archetype_4,2,0.5020509999507835,0.9396172077875408,0.0,0.0035634500896403,0,1,0,3,0.3333333333333333,7.646521843235478,7.231058342555429,3.31458691916786,41.69964252763987,671.0160759439195,0.4157057803155249,70.94792328052574,46.67117715729472,250.4862261361136,0.7327865198402268,1276.5,628.0,325.7,2
parallel_run_2959,Archetype_4,2,1.0,0.8923195582993659,0.181898020981429,0.2064184011680911,0,0,1,3,0.0,13.36289726948865,19.43255606974088,2.149756002614726,98.31009612961368,830.6769291617317,0.3440972357975186,24.40106928622523,21.65487938516236,225.1829757871136,1.25645844295112,1276.5,628.0,325.7,2
parallel_run_2960,Archetype_4,0,0.3022482359730833,0.968495265546334,0.3334772533576031,0.060040141714581,0,1,0,3,0.3333333333333333,8.364797989299861,9.192250646467237,3.860538328046275,34.3813015352484,788.3970389732821,0.4717590306136611,144.6892794848065,41.70303632080136,285.1192728451363,0.9914750935718764,1276.5,628.0,325.7,0
parallel_run_2961,Archetype_4,0,0.3121238011913514,0.9818659061219098,0.052080782007241,0.0321814176593781,0,1,0,3,0.3333333333333333,14.90080910970151,16.57440810558032,2.987874773593921,45.48329767203269,1579.101973947642,0.0323452792956046,124.7691560752347,13.25130095356169,131.0360691937709,1.160280557751469,1276.5,628.0,325.7,0
parallel_run_2962,Archetype_4,2,1.0,0.8574281708459294,0.0,0.0041535435954457,0,1,0,3,0.3333333333333333,6.738724478605125,10.74467739481464,4.059979339446745,91.01635205906643,546.9101382223519,0.1271291449095846,29.64904233951978,50.75070528467045,175.7269183945674,1.085475702971351,1276.5,628.0,325.7,2
parallel_run_2963,Archetype_4,2,1.0,0.887723690058124,0.0,0.2818527846320173,0,1,0,3,0.3333333333333333,12.29475505195811,16.20117521024517,2.57668959775238,86.126770574267,694.6303209657378,0.3562216088726904,35.8027220756866,64.20784236580666,271.3979072062631,0.7973279454902197,1276.5,628.0,325.7,2
parallel_run_2964,Archetype_4,1,0.8893334064560361,0.921712276364612,0.6347806161533575,0.2466717971926048,0,0,0,1,0.0,5.41478544277491,13.9696886981829,3.800167267124271,93.40190108464566,1614.000840022941,0.2479437183689544,197.1143613561278,32.13386871974967,137.2906070612262,1.198479495410149,1276.5,628.0,325.7,1
parallel_run_2965,Archetype_4,3,0.0010737040791447,0.9998413591813228,0.9090909090909092,0.0776185997874769,1,0,1,3,0.0,7.325244866915437,6.133456484961489,2.849506395765022,36.13139533184066,1846.939556478707,0.1045903725178832,104.708041937107,141.4654323491187,103.7582240168401,0.5719642415394346,1276.5,628.0,325.7,3
parallel_run_2966,Archetype_4,0,0.4987489867897179,0.9595207070895652,0.8333333333334824,3.0691812705404297e-18,0,1,0,3,0.3333333333333333,10.09356256031139,11.29063222601615,4.76846366035301,76.79579046522252,1053.739944648393,0.2204308342752106,41.70644304050847,45.01347485513899,281.050931209811,1.263414311242694,1276.5,628.0,325.7,0
parallel_run_2967,Archetype_4,3,0.4766260172685926,0.9697384536466284,0.8333333333333334,0.0393902878945094,1,0,1,3,0.0,6.186101812756469,15.06385238110333,2.884344918055505,31.24493007510238,986.5491512115816,0.0557544202849528,84.24127174220122,94.4970799647684,145.9465456157096,1.018398256176594,1276.5,628.0,325.7,3
parallel_run_2969,Archetype_4,1,0.3364332465528805,0.9594248911029628,0.8333333333333334,0.0856687650038711,0,0,0,2,0.0,5.875103409596851,7.908293010058282,2.390464514085502,54.80879767084504,951.9658153072828,0.3730351891050821,88.41266743681159,98.35668950325385,201.4163575543587,0.6395764243792184,1276.5,628.0,325.7,1
parallel_run_2970,Archetype_4,3,0.1402510184872044,0.9785031785666424,0.7695968697560244,0.0675882861874937,1,0,1,3,0.0,9.89273547819015,5.915838497469448,4.894747269895554,35.37340681692577,1159.023486619083,0.501565989511877,72.72853972209614,37.63505720582668,179.0711115343357,0.7616663464940141,1276.5,628.0,325.7,3
parallel_run_2971,Archetype_4,0,0.000217899664772,0.9999874373792248,0.5062730150016274,0.0003813122729003,0,0,1,3,0.6666666666666666,14.08524419392078,16.31334378769262,2.308954015500626,40.52170066997526,1429.94499687827,0.4596363285181422,47.00410072502583,15.67060968778293,242.31607024993,1.191021807579522,1276.5,628.0,325.7,0
parallel_run_2972,Archetype_4,3,0.2278707324266483,0.9609087325201378,0.4371762062219344,0.2277369872308958,1,0,1,3,0.0,12.41392231723704,6.505360896541484,2.371739473104665,32.39759536864331,816.6382880545631,0.5170204646406725,23.22847379435524,49.02752712084806,184.9716219995724,1.138692518506339,1276.5,628.0,325.7,3
parallel_run_2973,Archetype_4,3,0.1433921904703117,0.9873604942226206,0.8333333333333353,0.3849539834494167,1,0,1,3,0.0,11.20531214550689,17.28918987462175,2.41534597807669,62.25120319523698,1520.929737606235,0.5566745144953847,74.0786242796822,117.154618835779,125.2618930845108,1.040699628833873,1276.5,628.0,325.7,3
parallel_run_2974,Archetype_4,0,0.1480517007028133,0.9885877041217366,0.8333333333333334,0.009976505238385,0,0,1,3,0.6666666666666666,14.76040816329797,11.89711135068584,3.420702396064348,30.231907913922,1810.531238432742,0.1512092640839279,103.1976415956362,60.53852960346411,259.9151824744392,0.8372539290562797,1276.5,628.0,325.7,0
parallel_run_2975,Archetype_4,1,0.2763428272846742,0.9833039178993654,0.7895825516184034,0.015980827447265,0,0,0,2,0.0,7.125713809407731,15.76402470243221,2.203821019158463,30.66474775106086,1916.270048437812,0.5283635710427317,61.25580077898183,29.96136795184568,159.1614013752083,1.233712473598319,1276.5,628.0,325.7,1
parallel_run_2976,Archetype_4,0,0.655404303016047,0.9608455745095568,0.9090909090909092,0.137769463251305,0,1,0,3,0.3333333333333333,8.679848728865139,17.93322578398463,2.012220077079774,83.75880309023228,1452.198189273966,0.1702477055167378,188.3270361277955,136.3991131874458,182.3163284478816,0.9737019697352638,1276.5,628.0,325.7,0
parallel_run_2977,Archetype_4,0,0.3053645428487184,0.972019129072922,0.8333333333333334,0.0148801946612244,0,0,1,3,0.6666666666666666,10.55930465773863,9.95253445312245,2.521216447715092,45.35968846878346,1103.764527095477,0.4796032918726125,40.24829434892813,79.6642707844849,235.4042582741113,1.120275647130058,1276.5,628.0,325.7,0
parallel_run_2978,Archetype_4,1,0.0006130006224284,0.9999031146811046,0.8333333333333178,8.119648079316805e-05,0,0,0,2,0.0,8.584062378535368,5.204947737148349,3.396878123134748,49.03717145112236,1633.945583329502,0.3831221102711273,55.84174480106363,55.43941616510568,267.3891249190509,1.103848703587101,1276.5,628.0,325.7,1
parallel_run_2979,Archetype_4,2,1.0,0.9293825993100132,0.6870212961332434,0.0026125334353454,0,1,0,3,0.3333333333333333,11.48324720641784,13.54496100580118,2.943629403674687,73.69619351630662,959.6890243777384,0.1556452540222857,26.07329355182583,17.9346609870809,270.2527552749784,1.24797609559057,1276.5,628.0,325.7,2
parallel_run_2980,Archetype_4,3,0.0880905114157599,0.9912530025155112,0.8333333333333334,0.5214904312200078,1,0,1,3,0.0,8.239417824778362,19.86594006810631,2.185631748368638,84.78697422249212,1014.516711027553,0.5729610607824123,94.5537552962944,103.539963389083,112.696063975848,0.8568714170808833,1276.5,628.0,325.7,3
parallel_run_2981,Archetype_4,1,0.3061763362789838,0.9795587563562472,0.8333333333333455,0.0517422494468705,0,0,0,2,0.0,10.74739923464404,14.72531853706425,2.344142683785495,39.79251941170135,1382.725160889254,0.1302190494638491,44.96744153575168,45.57905328193963,117.6699208576838,0.5147064197244176,1276.5,628.0,325.7,1
parallel_run_2983,Archetype_4,0,0.633403348745223,0.95207182762617,0.8333333333333334,0.2802947376189669,0,1,0,3,0.3333333333333333,12.62912539162891,17.1844658696355,2.641849634690004,42.22256724024653,904.387351538265,0.3237095872395198,68.36904203871276,108.7516199458351,169.4200698119767,0.6476733781840518,1276.5,628.0,325.7,0
parallel_run_2984,Archetype_4,3,0.5001035690093365,0.9614467121027824,0.8333333333330007,0.041597866426571,1,0,1,3,0.0,6.522201326382715,12.39939167303931,3.618708160073463,47.13963660315678,739.0878598442532,0.2748268178242084,80.41869864667342,47.40439371988354,195.7889275941752,0.5500432829432993,1276.5,628.0,325.7,3
parallel_run_2985,Archetype_4,3,1.0,0.9129429348170562,0.8333333333333334,0.021617550958269,1,1,1,3,0.3333333333333333,9.384437367855847,18.12707624626986,2.907152582017375,82.60031647176109,883.1361687269793,0.196669248894807,66.74094420558276,73.27740104246614,210.9777341720553,1.294178414837762,1276.5,628.0,325.7,3
parallel_run_2986,Archetype_4,1,0.383507180151051,0.9586411847867083,0.8277932855824232,0.5359836062219026,0,0,0,2,0.0,14.37657933613404,18.84410004062273,2.669185145620158,35.03786974557758,1927.503758948734,0.53662187709572,185.9380919407641,28.71237259798763,240.7907661092698,1.211179443278551,1276.5,628.0,325.7,1
parallel_run_2987,Archetype_4,0,0.2315885838339064,0.9868186523924244,0.8333333333333334,0.0132776217658261,0,1,0,3,0.3333333333333333,12.88294506062676,16.47370199557806,3.916427027915539,33.29873756204726,1553.403975838957,0.1037951584613293,35.14190572583635,68.48407504836385,165.2840596040335,1.272212627733274,1276.5,628.0,325.7,0
parallel_run_2988,Archetype_4,1,0.1740680706184367,0.9853251990523684,0.8526612797667711,0.4376414648936838,0,0,0,2,0.0,13.71417304507693,19.94297232922278,3.190463394584546,39.35568050526847,1306.802190395147,0.4398896859558368,173.4756545582791,57.55417542909995,217.6461551705664,0.6040099969531483,1276.5,628.0,325.7,1
parallel_run_2989,Archetype_4,3,0.76759460623003,0.9035567577264484,0.0748114819637045,0.2445444301558829,1,0,1,3,0.0,10.0542437922061,9.52808842232428,2.7551726834745,63.83059444783521,602.6095239046633,0.5655852937121579,52.9250694322663,12.91258574592992,212.3338287792068,0.8863857524748795,1276.5,628.0,325.7,3
parallel_run_2990,Archetype_4,1,0.2856268865443009,0.982999721026238,0.7801118993472339,0.0920411169005271,0,0,0,2,0.0,8.902950966584617,17.34337950080082,3.071726683251704,72.97629984854609,1254.634228844618,0.0922887709307529,134.989883752535,20.33996544789689,133.8281740992772,0.6978638514594209,1276.5,628.0,325.7,1
parallel_run_2991,Archetype_4,0,0.3607035021344778,0.9334486829104862,0.7833623105275868,0.1972914452469467,0,1,0,3,0.3333333333333333,5.219692016072181,5.614852538476582,3.507907836572578,37.36349927885944,613.7680335920102,0.2904762209302906,148.1467328115624,131.7779486933157,207.8141490530652,1.146935950080092,1276.5,628.0,325.7,0
parallel_run_2992,Archetype_4,1,0.0001072635263322,0.9999831547773552,0.7866424487330725,0.000177811133832,0,0,0,2,0.0,11.93340271693271,5.317576274973425,3.28343831907141,71.54504448894762,1838.989919269122,0.4945103601576556,50.50487388868805,23.73720438973167,225.8680659378676,1.111263875962919,1276.5,628.0,325.7,1
parallel_run_2993,Archetype_4,2,1.0,0.9283126029586088,0.0,0.0655546244780528,0,1,0,3,0.3333333333333333,7.847009180844555,15.10246331425202,2.220849460660624,49.56921416774286,674.7929181340594,0.181477849380431,32.85601950306146,137.9877963370772,282.6442521246439,1.072413780762075,1276.5,628.0,325.7,2
parallel_run_2994,Archetype_4,2,0.9700797610327055,0.8930056760045803,0.7088568713506095,0.0061497439410394,0,0,0,2,0.0,5.307304167754404,8.062741299807017,2.856484395403244,90.46559420208708,591.9263990795743,0.5853009355147591,97.7904136753744,36.39089163854832,254.8378904988671,0.9033851808539108,1276.5,628.0,325.7,1
parallel_run_2995,Archetype_4,2,1.0,0.9525730947210168,0.8333333333333313,-7.288670042977373e-17,0,1,0,1,1.0,8.088620780419058,19.64969158227921,2.445246324409711,38.13315627139157,846.5530044686006,0.2872874174759508,41.0140129305388,66.19506893135303,296.218590405105,0.6626148413292461,1276.5,628.0,325.7,1
parallel_run_2996,Archetype_4,1,0.5428049529111759,0.9529667226764238,0.8025215926777174,0.3890163759683478,0,0,0,2,0.0,7.737878589250059,17.65262552890793,2.04343847591413,60.65256661819086,794.1535603498564,0.3905802979433853,158.1284539410613,28.1308721236521,148.7173157451602,1.000044063032848,1276.5,628.0,325.7,1
parallel_run_2997,Archetype_4,2,0.6431854770641549,0.9342805631344266,0.7946490984474767,0.4945725528522278,0,1,0,3,0.3333333333333333,13.0646439961812,18.24589508543017,2.716732587027388,46.65131170230379,725.1054169218328,0.5115983993063354,64.21434402267955,101.3397416534369,115.4601576016992,0.561267319729339,1276.5,628.0,325.7,2
parallel_run_2998,Archetype_4,0,0.3201259171989283,0.9821275299666166,0.8333333333328008,0.0070565357545556,0,1,0,3,0.3333333333333333,14.55899147105204,16.92400224464144,4.505870455669541,48.66008960426488,1880.428773878496,0.1898057560671069,25.33689484018815,53.21861456331589,186.1609652237962,0.6245236166119492,1276.5,628.0,325.7,0
parallel_run_2999,Archetype_4,2,0.9007182831868764,0.9329868793470372,0.7792746154565076,0.0627056790681394,0,1,0,3,0.3333333333333333,6.902588311173137,13.28544430155988,2.608092824810263,48.10349831449953,712.0868495925945,0.5809073215674864,59.06523453291005,146.7428585041353,298.5472537308848,1.224555548142108,1276.5,628.0,325.7,2
