Unnamed: 0;Demand;Import limit;Export limit;Import price;Export price;Import emission factor;Export emission factor;Generic production
2022-01-01 00:00:00;23.45933746760922;;;;;;;
2022-01-01 01:00:00;21.72739992361582;;;;;;;
2022-01-01 02:00:00;25.25831702482111;;;;;;;
2022-01-01 03:00:00;22.44541349910824;;;;;;;
2022-01-01 04:00:00;21.02699590501501;;;;;;;
2022-01-01 05:00:00;23.51376619288775;;;;;;;
2022-01-01 06:00:00;25.34437520918172;;;;;;;
2022-01-01 07:00:00;24.07176441608933;;;;;;;
2022-01-01 08:00:00;22.63586393329953;;;;;;;
2022-01-01 09:00:00;18.81820247926752;;;;;;;
2022-01-01 10:00:00;23.16895201137136;;;;;;;
2022-01-01 11:00:00;18.13516870453091;;;;;;;
2022-01-01 12:00:00;24.16517811178831;;;;;;;
2022-01-01 13:00:00;22.48699871031792;;;;;;;
2022-01-01 14:00:00;25.84344046083044;;;;;;;
2022-01-01 15:00:00;21.9888362286846;;;;;;;
2022-01-01 16:00:00;24.01297130401829;;;;;;;
2022-01-01 17:00:00;20.75567644991928;;;;;;;
2022-01-01 18:00:00;19.91683282881356;;;;;;;
2022-01-01 19:00:00;23.14283567270091;;;;;;;
2022-01-01 20:00:00;23.19970495544201;;;;;;;
2022-01-01 21:00:00;21.77115962940208;;;;;;;
2022-01-01 22:00:00;16.85408435270528;;;;;;;
2022-01-01 23:00:00;16.22656259662877;;;;;;;
2022-01-02 00:00:00;21.88762764674881;;;;;;;
2022-01-02 01:00:00;16.00601130819843;;;;;;;
2022-01-02 02:00:00;24.97285943564802;;;;;;;
2022-01-02 03:00:00;22.32650604262982;;;;;;;
2022-01-02 04:00:00;21.69920453550845;;;;;;;
2022-01-02 05:00:00;19.99520489769741;;;;;;;
2022-01-02 06:00:00;20.19644569958425;;;;;;;
2022-01-02 07:00:00;21.00426022526556;;;;;;;
2022-01-02 08:00:00;15.31991896374764;;;;;;;
2022-01-02 09:00:00;22.64009216739987;;;;;;;
2022-01-02 10:00:00;18.31737902145984;;;;;;;
2022-01-02 11:00:00;23.97761185563299;;;;;;;
2022-01-02 12:00:00;18.21032612402235;;;;;;;
2022-01-02 13:00:00;14.95392989009077;;;;;;;
2022-01-02 14:00:00;26.35704347582986;;;;;;;
2022-01-02 15:00:00;18.69342261802047;;;;;;;
2022-01-02 16:00:00;21.4086319002109;;;;;;;
2022-01-02 17:00:00;16.55131737717443;;;;;;;
2022-01-02 18:00:00;20.10533905170576;;;;;;;
2022-01-02 19:00:00;22.31453350544284;;;;;;;
2022-01-02 20:00:00;18.22759979535652;;;;;;;
2022-01-02 21:00:00;27.13758763572747;;;;;;;
2022-01-02 22:00:00;26.97184087377568;;;;;;;
2022-01-02 23:00:00;17.18230689356107;;;;;;;
2022-01-03 00:00:00;17.27467608202615;;;;;;;
2022-01-03 01:00:00;22.07960703268822;;;;;;;
2022-01-03 02:00:00;19.24062187717921;;;;;;;
2022-01-03 03:00:00;22.31845758818;;;;;;;
2022-01-03 04:00:00;19.87957093994761;;;;;;;
2022-01-03 05:00:00;20.83402746845454;;;;;;;
2022-01-03 06:00:00;20.13798491888612;;;;;;;
2022-01-03 07:00:00;23.72309343517881;;;;;;;
2022-01-03 08:00:00;20.84483237004156;;;;;;;
2022-01-03 09:00:00;23.84101555989584;;;;;;;
2022-01-03 10:00:00;22.05600386005694;;;;;;;
2022-01-03 11:00:00;22.1941192132673;;;;;;;
2022-01-03 12:00:00;22.35412232004666;;;;;;;
2022-01-03 13:00:00;30.37087727731453;;;;;;;
2022-01-03 14:00:00;24.37037236206576;;;;;;;
2022-01-03 15:00:00;24.16372188824187;;;;;;;
2022-01-03 16:00:00;21.80338706544495;;;;;;;
2022-01-03 17:00:00;28.96063412114564;;;;;;;
2022-01-03 18:00:00;19.59598954534357;;;;;;;
2022-01-03 19:00:00;19.90245851983275;;;;;;;
2022-01-03 20:00:00;22.68949373733862;;;;;;;
2022-01-03 21:00:00;21.35766968962534;;;;;;;
2022-01-03 22:00:00;24.52680657809219;;;;;;;
2022-01-03 23:00:00;23.31587175316349;;;;;;;
2022-01-04 00:00:00;17.1585446189372;;;;;;;
2022-01-04 01:00:00;20.11195348110946;;;;;;;
2022-01-04 02:00:00;26.5379004362377;;;;;;;
2022-01-04 03:00:00;17.83200531009242;;;;;;;
2022-01-04 04:00:00;23.2125029748319;;;;;;;
2022-01-04 05:00:00;19.61486093717127;;;;;;;
2022-01-04 06:00:00;27.19731240336543;;;;;;;
2022-01-04 07:00:00;14.44792178668109;;;;;;;
2022-01-04 08:00:00;18.11705018775398;;;;;;;
2022-01-04 09:00:00;13.63538440150221;;;;;;;
2022-01-04 10:00:00;23.17547230857295;;;;;;;
2022-01-04 11:00:00;21.98970789621215;;;;;;;
2022-01-04 12:00:00;23.07028163450683;;;;;;;
2022-01-04 13:00:00;17.4323149094089;;;;;;;
2022-01-04 14:00:00;24.94403522981207;;;;;;;
2022-01-04 15:00:00;14.88572788448219;;;;;;;
2022-01-04 16:00:00;18.54535403133764;;;;;;;
2022-01-04 17:00:00;21.42019446526372;;;;;;;
2022-01-04 18:00:00;22.76491653416202;;;;;;;
2022-01-04 19:00:00;21.76727795135739;;;;;;;
2022-01-04 20:00:00;23.68403564297168;;;;;;;
2022-01-04 21:00:00;19.6661634750766;;;;;;;
2022-01-04 22:00:00;24.16940107065367;;;;;;;
2022-01-04 23:00:00;19.32473556064704;;;;;;;
2022-01-05 00:00:00;22.09789673744344;;;;;;;
2022-01-05 01:00:00;21.34092219890808;;;;;;;
2022-01-05 02:00:00;23.07299980920573;;;;;;;
2022-01-05 03:00:00;22.58946433689947;;;;;;;
2022-01-05 04:00:00;23.14257080717384;;;;;;;
2022-01-05 05:00:00;19.83399879740287;;;;;;;
2022-01-05 06:00:00;22.91883671762988;;;;;;;
2022-01-05 07:00:00;21.07929318167783;;;;;;;
2022-01-05 08:00:00;24.6700718287908;;;;;;;
2022-01-05 09:00:00;18.22647341344779;;;;;;;
2022-01-05 10:00:00;18.24047948500553;;;;;;;
2022-01-05 11:00:00;23.22585606676516;;;;;;;
2022-01-05 12:00:00;18.96377276880308;;;;;;;
2022-01-05 13:00:00;24.34899292297294;;;;;;;
2022-01-05 14:00:00;20.29316314366713;;;;;;;
2022-01-05 15:00:00;25.41625800561709;;;;;;;
2022-01-05 16:00:00;18.10153511434433;;;;;;;
2022-01-05 17:00:00;19.78299674368634;;;;;;;
2022-01-05 18:00:00;18.15765759940199;;;;;;;
2022-01-05 19:00:00;21.78437677093697;;;;;;;
2022-01-05 20:00:00;17.89888020446505;;;;;;;
2022-01-05 21:00:00;24.60009895190671;;;;;;;
2022-01-05 22:00:00;26.97414311904206;;;;;;;
2022-01-05 23:00:00;26.99460029160858;;;;;;;
2022-01-06 00:00:00;21.66184749347264;;;;;;;
2022-01-06 01:00:00;22.22783607045982;;;;;;;
2022-01-06 02:00:00;21.65971798282845;;;;;;;
2022-01-06 03:00:00;18.60376919328839;;;;;;;
2022-01-06 04:00:00;19.21551198184252;;;;;;;
2022-01-06 05:00:00;16.41175748127944;;;;;;;
2022-01-06 06:00:00;22.03212230113995;;;;;;;
2022-01-06 07:00:00;20.54673719745109;;;;;;;
2022-01-06 08:00:00;18.18855292757621;;;;;;;
2022-01-06 09:00:00;22.0290176205893;;;;;;;
2022-01-06 10:00:00;18.91405419946897;;;;;;;
2022-01-06 11:00:00;24.64477116278552;;;;;;;
2022-01-06 12:00:00;20.64549985465363;;;;;;;
2022-01-06 13:00:00;19.82208169045218;;;;;;;
2022-01-06 14:00:00;26.35342420619398;;;;;;;
2022-01-06 15:00:00;18.59277784220783;;;;;;;
2022-01-06 16:00:00;20.95845040390908;;;;;;;
2022-01-06 17:00:00;24.4717265456606;;;;;;;
2022-01-06 18:00:00;26.15662860362999;;;;;;;
2022-01-06 19:00:00;22.07442316902362;;;;;;;
2022-01-06 20:00:00;19.21931005796633;;;;;;;
2022-01-06 21:00:00;23.18260016826309;;;;;;;
2022-01-06 22:00:00;23.48905554126763;;;;;;;
2022-01-06 23:00:00;22.11878083945242;;;;;;;
2022-01-07 00:00:00;19.32282642793789;;;;;;;
2022-01-07 01:00:00;18.86126863680384;;;;;;;
2022-01-07 02:00:00;19.87007887309976;;;;;;;
2022-01-07 03:00:00;19.76875566611823;;;;;;;
2022-01-07 04:00:00;17.88039123657813;;;;;;;
2022-01-07 05:00:00;23.64114960955827;;;;;;;
2022-01-07 06:00:00;23.48020431928245;;;;;;;
2022-01-07 07:00:00;15.42584481291812;;;;;;;
2022-01-07 08:00:00;20.89238572826648;;;;;;;
2022-01-07 09:00:00;18.5123900761219;;;;;;;
2022-01-07 10:00:00;20.95818413237159;;;;;;;
2022-01-07 11:00:00;18.80207321632173;;;;;;;
2022-01-07 12:00:00;27.11044092806023;;;;;;;
2022-01-07 13:00:00;22.03545548681742;;;;;;;
2022-01-07 14:00:00;22.21136164916657;;;;;;;
2022-01-07 15:00:00;24.1683674381227;;;;;;;
2022-01-07 16:00:00;23.04492278992369;;;;;;;
2022-01-07 17:00:00;17.73201452230204;;;;;;;
2022-01-07 18:00:00;23.93339084083825;;;;;;;
2022-01-07 19:00:00;23.28453254205046;;;;;;;
2022-01-07 20:00:00;18.86974312657362;;;;;;;
2022-01-07 21:00:00;24.48490216025435;;;;;;;
2022-01-07 22:00:00;22.28225383681293;;;;;;;
2022-01-07 23:00:00;16.71096130045066;;;;;;;
2022-01-08 00:00:00;21.32593832488085;;;;;;;
2022-01-08 01:00:00;23.13442083782154;;;;;;;
2022-01-08 02:00:00;18.35484455938988;;;;;;;
2022-01-08 03:00:00;17.01798484824292;;;;;;;
2022-01-08 04:00:00;19.40210115998122;;;;;;;
2022-01-08 05:00:00;24.46525678776142;;;;;;;
2022-01-08 06:00:00;26.70669718537072;;;;;;;
2022-01-08 07:00:00;22.81766710464443;;;;;;;
2022-01-08 08:00:00;20.74258527885301;;;;;;;
2022-01-08 09:00:00;23.3132211607008;;;;;;;
2022-01-08 10:00:00;21.42641660845645;;;;;;;
2022-01-08 11:00:00;19.03876866051347;;;;;;;
2022-01-08 12:00:00;22.95741254404373;;;;;;;
2022-01-08 13:00:00;16.59091448737926;;;;;;;
2022-01-08 14:00:00;22.21287558754833;;;;;;;
2022-01-08 15:00:00;26.75759090712113;;;;;;;
2022-01-08 16:00:00;26.22486840922513;;;;;;;
2022-01-08 17:00:00;19.0480259209331;;;;;;;
2022-01-08 18:00:00;24.49354796363876;;;;;;;
2022-01-08 19:00:00;20.71522549390051;;;;;;;
2022-01-08 20:00:00;27.64818780079683;;;;;;;
2022-01-08 21:00:00;23.2251986974165;;;;;;;
2022-01-08 22:00:00;17.06052971301802;;;;;;;
2022-01-08 23:00:00;19.75492721015433;;;;;;;
2022-01-09 00:00:00;20.56214693491201;;;;;;;
2022-01-09 01:00:00;18.0069737821576;;;;;;;
2022-01-09 02:00:00;20.79936703310491;;;;;;;
2022-01-09 03:00:00;18.28699629199205;;;;;;;
2022-01-09 04:00:00;17.60426844480931;;;;;;;
2022-01-09 05:00:00;23.19067610351953;;;;;;;
2022-01-09 06:00:00;27.76665862633369;;;;;;;
2022-01-09 07:00:00;26.32085455368534;;;;;;;
2022-01-09 08:00:00;17.44710439230735;;;;;;;
2022-01-09 09:00:00;25.31990489893529;;;;;;;
2022-01-09 10:00:00;23.19416713498244;;;;;;;
2022-01-09 11:00:00;26.76598276505277;;;;;;;
2022-01-09 12:00:00;16.21112320402979;;;;;;;
2022-01-09 13:00:00;20.20653641726041;;;;;;;
2022-01-09 14:00:00;25.96350970953017;;;;;;;
2022-01-09 15:00:00;21.08651489652583;;;;;;;
2022-01-09 16:00:00;26.12998161847029;;;;;;;
2022-01-09 17:00:00;16.75899864640278;;;;;;;
2022-01-09 18:00:00;22.40825294896733;;;;;;;
2022-01-09 19:00:00;23.99343568713861;;;;;;;
2022-01-09 20:00:00;19.98606335202621;;;;;;;
2022-01-09 21:00:00;22.04953495579003;;;;;;;
2022-01-09 22:00:00;17.7690236445533;;;;;;;
2022-01-09 23:00:00;24.9003810394193;;;;;;;
2022-01-10 00:00:00;18.18164681181721;;;;;;;
2022-01-10 01:00:00;22.49736018950392;;;;;;;
2022-01-10 02:00:00;23.98954322988626;;;;;;;
2022-01-10 03:00:00;23.5348691992678;;;;;;;
2022-01-10 04:00:00;24.11314265823636;;;;;;;
2022-01-10 05:00:00;22.08262424786734;;;;;;;
2022-01-10 06:00:00;18.42517476268119;;;;;;;
2022-01-10 07:00:00;25.12844790097343;;;;;;;
2022-01-10 08:00:00;30.52545852378581;;;;;;;
2022-01-10 09:00:00;18.48843525623586;;;;;;;
2022-01-10 10:00:00;19.00033470442183;;;;;;;
2022-01-10 11:00:00;23.71690765866747;;;;;;;
2022-01-10 12:00:00;21.85167168858776;;;;;;;
2022-01-10 13:00:00;25.57313387098096;;;;;;;
2022-01-10 14:00:00;20.4620126844633;;;;;;;
2022-01-10 15:00:00;26.44302646749977;;;;;;;
2022-01-10 16:00:00;21.97812350443697;;;;;;;
2022-01-10 17:00:00;21.66152338954975;;;;;;;
2022-01-10 18:00:00;24.13485750978207;;;;;;;
2022-01-10 19:00:00;19.08599931765901;;;;;;;
2022-01-10 20:00:00;19.04839479887164;;;;;;;
2022-01-10 21:00:00;19.08182274551221;;;;;;;
2022-01-10 22:00:00;21.61844596501187;;;;;;;
2022-01-10 23:00:00;16.66039000666297;;;;;;;
2022-01-11 00:00:00;22.79270510533279;;;;;;;
2022-01-11 01:00:00;22.72810904266262;;;;;;;
2022-01-11 02:00:00;16.88041110069435;;;;;;;
2022-01-11 03:00:00;19.08958405722756;;;;;;;
2022-01-11 04:00:00;18.6006849033624;;;;;;;
2022-01-11 05:00:00;21.4768315796277;;;;;;;
2022-01-11 06:00:00;15.78251099003702;;;;;;;
2022-01-11 07:00:00;27.00805547032838;;;;;;;
2022-01-11 08:00:00;22.94935043766053;;;;;;;
2022-01-11 09:00:00;22.08674465761352;;;;;;;
2022-01-11 10:00:00;14.99194113477722;;;;;;;
2022-01-11 11:00:00;20.13148616783177;;;;;;;
2022-01-11 12:00:00;20.3263939166537;;;;;;;
2022-01-11 13:00:00;12.35479683371756;;;;;;;
2022-01-11 14:00:00;23.23357306795745;;;;;;;
2022-01-11 15:00:00;23.31578781722991;;;;;;;
2022-01-11 16:00:00;15.4626830884108;;;;;;;
2022-01-11 17:00:00;19.14813585678924;;;;;;;
2022-01-11 18:00:00;21.14011090925271;;;;;;;
2022-01-11 19:00:00;25.99810204134137;;;;;;;
2022-01-11 20:00:00;18.70964570162261;;;;;;;
2022-01-11 21:00:00;16.65704523473559;;;;;;;
2022-01-11 22:00:00;14.07265190601832;;;;;;;
2022-01-11 23:00:00;21.3541291758618;;;;;;;
2022-01-12 00:00:00;27.18087098452684;;;;;;;
2022-01-12 01:00:00;21.14175510564324;;;;;;;
2022-01-12 02:00:00;20.09749514751502;;;;;;;
2022-01-12 03:00:00;24.12990261693633;;;;;;;
2022-01-12 04:00:00;20.28767320630962;;;;;;;
2022-01-12 05:00:00;24.28631216743618;;;;;;;
2022-01-12 06:00:00;25.16878423739116;;;;;;;
2022-01-12 07:00:00;18.99988116989583;;;;;;;
2022-01-12 08:00:00;20.00339751909127;;;;;;;
2022-01-12 09:00:00;18.2675857633974;;;;;;;
2022-01-12 10:00:00;18.02628154207111;;;;;;;
2022-01-12 11:00:00;17.50237569738153;;;;;;;
2022-01-12 12:00:00;20.18999746387361;;;;;;;
2022-01-12 13:00:00;22.49738623284755;;;;;;;
2022-01-12 14:00:00;19.05535145995094;;;;;;;
2022-01-12 15:00:00;20.80741027233556;;;;;;;
2022-01-12 16:00:00;23.95789549765198;;;;;;;
2022-01-12 17:00:00;26.68333140253839;;;;;;;
2022-01-12 18:00:00;19.84434400550689;;;;;;;
2022-01-12 19:00:00;22.01326428038763;;;;;;;
2022-01-12 20:00:00;25.36382287521104;;;;;;;
2022-01-12 21:00:00;18.92270503828276;;;;;;;
2022-01-12 22:00:00;19.2346301622601;;;;;;;
2022-01-12 23:00:00;19.5168490327043;;;;;;;
2022-01-13 00:00:00;24.12238854090477;;;;;;;
2022-01-13 01:00:00;16.79142285363282;;;;;;;
2022-01-13 02:00:00;23.02697269028915;;;;;;;
2022-01-13 03:00:00;23.90032025343846;;;;;;;
2022-01-13 04:00:00;23.4694011742997;;;;;;;
2022-01-13 05:00:00;24.45276206646245;;;;;;;
2022-01-13 06:00:00;28.30243093052136;;;;;;;
2022-01-13 07:00:00;21.66865576909887;;;;;;;
2022-01-13 08:00:00;20.03862454942032;;;;;;;
2022-01-13 09:00:00;25.74700741487078;;;;;;;
2022-01-13 10:00:00;22.21123431765554;;;;;;;
2022-01-13 11:00:00;23.31490986340879;;;;;;;
2022-01-13 12:00:00;18.72764402061355;;;;;;;
2022-01-13 13:00:00;18.52783848734763;;;;;;;
2022-01-13 14:00:00;22.81759845395474;;;;;;;
2022-01-13 15:00:00;21.61441135023649;;;;;;;
2022-01-13 16:00:00;28.18027386522144;;;;;;;
2022-01-13 17:00:00;22.5721111101901;;;;;;;
2022-01-13 18:00:00;23.62769142270799;;;;;;;
2022-01-13 19:00:00;16.02655967718951;;;;;;;
2022-01-13 20:00:00;16.86659095629435;;;;;;;
2022-01-13 21:00:00;18.94395059715875;;;;;;;
2022-01-13 22:00:00;17.41066171959188;;;;;;;
2022-01-13 23:00:00;23.42765731523781;;;;;;;
2022-01-14 00:00:00;21.60753874489625;;;;;;;
2022-01-14 01:00:00;16.82633375318142;;;;;;;
2022-01-14 02:00:00;19.26590942237737;;;;;;;
2022-01-14 03:00:00;23.21837104638404;;;;;;;
2022-01-14 04:00:00;21.84956809071557;;;;;;;
2022-01-14 05:00:00;23.97337358185121;;;;;;;
2022-01-14 06:00:00;19.53976010245971;;;;;;;
2022-01-14 07:00:00;18.91267281324921;;;;;;;
2022-01-14 08:00:00;24.00937974142639;;;;;;;
2022-01-14 09:00:00;18.34076755498768;;;;;;;
2022-01-14 10:00:00;19.80860581792346;;;;;;;
2022-01-14 11:00:00;22.73790743416676;;;;;;;
2022-01-14 12:00:00;23.20013951423641;;;;;;;
2022-01-14 13:00:00;22.00197906823539;;;;;;;
2022-01-14 14:00:00;23.55566426129481;;;;;;;
2022-01-14 15:00:00;25.03037478780982;;;;;;;
2022-01-14 16:00:00;25.54227057560449;;;;;;;
2022-01-14 17:00:00;19.91143334096516;;;;;;;
2022-01-14 18:00:00;23.29745321729629;;;;;;;
2022-01-14 19:00:00;23.98308909136153;;;;;;;
2022-01-14 20:00:00;18.16793451382425;;;;;;;
2022-01-14 21:00:00;18.73572693122941;;;;;;;
2022-01-14 22:00:00;23.88377474148133;;;;;;;
2022-01-14 23:00:00;19.80296515907501;;;;;;;
2022-01-15 00:00:00;23.87176011319012;;;;;;;
2022-01-15 01:00:00;23.33425219004586;;;;;;;
2022-01-15 02:00:00;14.93605172145098;;;;;;;
2022-01-15 03:00:00;18.58535852936167;;;;;;;
2022-01-15 04:00:00;18.26238968021533;;;;;;;
2022-01-15 05:00:00;23.61897353335836;;;;;;;
2022-01-15 06:00:00;16.31495870130264;;;;;;;
2022-01-15 07:00:00;20.84294700215462;;;;;;;
2022-01-15 08:00:00;19.48253827179443;;;;;;;
2022-01-15 09:00:00;21.22125041951469;;;;;;;
2022-01-15 10:00:00;21.36762490172038;;;;;;;
2022-01-15 11:00:00;19.78576125544845;;;;;;;
2022-01-15 12:00:00;16.33171601872821;;;;;;;
2022-01-15 13:00:00;20.44969680172244;;;;;;;
2022-01-15 14:00:00;19.87914965659405;;;;;;;
2022-01-15 15:00:00;24.34467527949883;;;;;;;
2022-01-15 16:00:00;23.41653389146988;;;;;;;
2022-01-15 17:00:00;21.87613382471876;;;;;;;
2022-01-15 18:00:00;25.57863207428599;;;;;;;
2022-01-15 19:00:00;20.93214766367601;;;;;;;
2022-01-15 20:00:00;19.47269453583224;;;;;;;
2022-01-15 21:00:00;21.03199205693549;;;;;;;
2022-01-15 22:00:00;26.69164154031686;;;;;;;
2022-01-15 23:00:00;23.56627440439916;;;;;;;
2022-01-16 00:00:00;23.1204413341251;;;;;;;
2022-01-16 01:00:00;19.00315318790162;;;;;;;
2022-01-16 02:00:00;23.61669419869152;;;;;;;
2022-01-16 03:00:00;24.92791452455662;;;;;;;
2022-01-16 04:00:00;19.94051219202111;;;;;;;
2022-01-16 05:00:00;21.03379360188972;;;;;;;
2022-01-16 06:00:00;22.16585728431042;;;;;;;
2022-01-16 07:00:00;19.74417757772776;;;;;;;
2022-01-16 08:00:00;20.90898331591056;;;;;;;
2022-01-16 09:00:00;25.57585658819816;;;;;;;
2022-01-16 10:00:00;22.20441578212748;;;;;;;
2022-01-16 11:00:00;17.74564967007521;;;;;;;
2022-01-16 12:00:00;22.45070575187903;;;;;;;
2022-01-16 13:00:00;27.23120785732044;;;;;;;
2022-01-16 14:00:00;21.70873384346687;;;;;;;
2022-01-16 15:00:00;25.83678204548826;;;;;;;
2022-01-16 16:00:00;21.25153033996536;;;;;;;
2022-01-16 17:00:00;21.25355455506363;;;;;;;
2022-01-16 18:00:00;17.45925251576006;;;;;;;
2022-01-16 19:00:00;20.34172631796242;;;;;;;
2022-01-16 20:00:00;18.92955757915781;;;;;;;
2022-01-16 21:00:00;21.85939780262913;;;;;;;
2022-01-16 22:00:00;18.36066946591135;;;;;;;
2022-01-16 23:00:00;24.17787307924246;;;;;;;
2022-01-17 00:00:00;20.40341830370866;;;;;;;
2022-01-17 01:00:00;16.31627074460841;;;;;;;
2022-01-17 02:00:00;21.34259079806019;;;;;;;
2022-01-17 03:00:00;20.00911932904004;;;;;;;
2022-01-17 04:00:00;16.36615058967121;;;;;;;
2022-01-17 05:00:00;21.02744805546011;;;;;;;
2022-01-17 06:00:00;18.35545467012;;;;;;;
2022-01-17 07:00:00;21.26616179344477;;;;;;;
2022-01-17 08:00:00;20.94016501077846;;;;;;;
2022-01-17 09:00:00;24.1445737180161;;;;;;;
2022-01-17 10:00:00;22.30677039653509;;;;;;;
2022-01-17 11:00:00;23.99914297608549;;;;;;;
2022-01-17 12:00:00;22.44624778240177;;;;;;;
2022-01-17 13:00:00;26.15661449442512;;;;;;;
2022-01-17 14:00:00;18.09397746961652;;;;;;;
2022-01-17 15:00:00;13.98140513300931;;;;;;;
2022-01-17 16:00:00;19.30253021336619;;;;;;;
2022-01-17 17:00:00;19.99314875951574;;;;;;;
2022-01-17 18:00:00;21.15137186741909;;;;;;;
2022-01-17 19:00:00;22.98183829927549;;;;;;;
2022-01-17 20:00:00;16.16972738142173;;;;;;;
2022-01-17 21:00:00;23.35099519912441;;;;;;;
2022-01-17 22:00:00;21.09691399752357;;;;;;;
2022-01-17 23:00:00;19.75152193385671;;;;;;;
2022-01-18 00:00:00;20.47266932696544;;;;;;;
2022-01-18 01:00:00;23.60940251688289;;;;;;;
2022-01-18 02:00:00;23.40806616481575;;;;;;;
2022-01-18 03:00:00;20.18959460570581;;;;;;;
2022-01-18 04:00:00;22.16246177685958;;;;;;;
2022-01-18 05:00:00;24.59690768545001;;;;;;;
2022-01-18 06:00:00;22.10193582501041;;;;;;;
2022-01-18 07:00:00;20.66657114256218;;;;;;;
2022-01-18 08:00:00;14.49326292629049;;;;;;;
2022-01-18 09:00:00;24.866708633283;;;;;;;
2022-01-18 10:00:00;24.02856898050683;;;;;;;
2022-01-18 11:00:00;25.08266180885585;;;;;;;
2022-01-18 12:00:00;19.21364400667281;;;;;;;
2022-01-18 13:00:00;22.41340760218637;;;;;;;
2022-01-18 14:00:00;19.21792297645186;;;;;;;
2022-01-18 15:00:00;20.77049505504778;;;;;;;
2022-01-18 16:00:00;20.80835680178366;;;;;;;
2022-01-18 17:00:00;29.31151267211577;;;;;;;
2022-01-18 18:00:00;21.56362227811453;;;;;;;
2022-01-18 19:00:00;19.91173419014717;;;;;;;
2022-01-18 20:00:00;16.99151909351135;;;;;;;
2022-01-18 21:00:00;21.65113790728656;;;;;;;
2022-01-18 22:00:00;17.89458029037947;;;;;;;
2022-01-18 23:00:00;23.3865287435518;;;;;;;
2022-01-19 00:00:00;15.8702672240055;;;;;;;
2022-01-19 01:00:00;23.00073687079632;;;;;;;
2022-01-19 02:00:00;22.32104324861502;;;;;;;
2022-01-19 03:00:00;23.59839492482629;;;;;;;
2022-01-19 04:00:00;22.1388938919645;;;;;;;
2022-01-19 05:00:00;18.20546885116777;;;;;;;
2022-01-19 06:00:00;19.67210819179932;;;;;;;
2022-01-19 07:00:00;16.69322134220338;;;;;;;
2022-01-19 08:00:00;24.4123391318351;;;;;;;
2022-01-19 09:00:00;23.3713847417112;;;;;;;
2022-01-19 10:00:00;21.64333698969262;;;;;;;
2022-01-19 11:00:00;22.03393422603326;;;;;;;
2022-01-19 12:00:00;21.91776103257296;;;;;;;
2022-01-19 13:00:00;21.25835083198785;;;;;;;
2022-01-19 14:00:00;21.12443181474521;;;;;;;
2022-01-19 15:00:00;17.51732632755536;;;;;;;
2022-01-19 16:00:00;19.43512449470583;;;;;;;
2022-01-19 17:00:00;17.78349397341185;;;;;;;
2022-01-19 18:00:00;19.50363170249296;;;;;;;
2022-01-19 19:00:00;21.03089200277237;;;;;;;
2022-01-19 20:00:00;18.32995442367156;;;;;;;
2022-01-19 21:00:00;24.41065521847732;;;;;;;
2022-01-19 22:00:00;22.3182517936104;;;;;;;
2022-01-19 23:00:00;17.95931355885694;;;;;;;
2022-01-20 00:00:00;28.00565930104232;;;;;;;
2022-01-20 01:00:00;13.53480858580183;;;;;;;
2022-01-20 02:00:00;15.5705630031577;;;;;;;
2022-01-20 03:00:00;23.75235525537776;;;;;;;
2022-01-20 04:00:00;23.8484835593802;;;;;;;
2022-01-20 05:00:00;19.51135221795289;;;;;;;
2022-01-20 06:00:00;21.96572800374177;;;;;;;
2022-01-20 07:00:00;19.84520358197344;;;;;;;
2022-01-20 08:00:00;28.18979771325514;;;;;;;
2022-01-20 09:00:00;16.91910433171423;;;;;;;
2022-01-20 10:00:00;24.65362619806503;;;;;;;
2022-01-20 11:00:00;20.63150571477874;;;;;;;
2022-01-20 12:00:00;19.87875836125695;;;;;;;
2022-01-20 13:00:00;19.75739539688016;;;;;;;
2022-01-20 14:00:00;20.29435696057531;;;;;;;
2022-01-20 15:00:00;17.82274761926188;;;;;;;
2022-01-20 16:00:00;22.49636450996172;;;;;;;
2022-01-20 17:00:00;27.24348736497597;;;;;;;
2022-01-20 18:00:00;14.62493622225399;;;;;;;
2022-01-20 19:00:00;21.5509377704776;;;;;;;
2022-01-20 20:00:00;25.47090767440066;;;;;;;
2022-01-20 21:00:00;20.50684583107182;;;;;;;
2022-01-20 22:00:00;26.62313059198524;;;;;;;
2022-01-20 23:00:00;18.51372922886907;;;;;;;
2022-01-21 00:00:00;23.14693055538171;;;;;;;
2022-01-21 01:00:00;15.84782907191578;;;;;;;
2022-01-21 02:00:00;27.47496056158526;;;;;;;
2022-01-21 03:00:00;25.14515000683971;;;;;;;
2022-01-21 04:00:00;24.94880652186969;;;;;;;
2022-01-21 05:00:00;23.30715359401285;;;;;;;
2022-01-21 06:00:00;22.13347895786263;;;;;;;
2022-01-21 07:00:00;23.62292595936177;;;;;;;
2022-01-21 08:00:00;23.3746676388357;;;;;;;
2022-01-21 09:00:00;21.2160368096609;;;;;;;
2022-01-21 10:00:00;13.9606631435389;;;;;;;
2022-01-21 11:00:00;26.40732727494466;;;;;;;
2022-01-21 12:00:00;17.35322981881185;;;;;;;
2022-01-21 13:00:00;27.40702188379562;;;;;;;
2022-01-21 14:00:00;18.04213463094438;;;;;;;
2022-01-21 15:00:00;19.15897315361568;;;;;;;
2022-01-21 16:00:00;23.50082894121823;;;;;;;
2022-01-21 17:00:00;18.3667055891102;;;;;;;
2022-01-21 18:00:00;23.74922841788583;;;;;;;
2022-01-21 19:00:00;22.49716864155022;;;;;;;
2022-01-21 20:00:00;19.65200263985266;;;;;;;
2022-01-21 21:00:00;24.13461128521688;;;;;;;
2022-01-21 22:00:00;18.27654048658163;;;;;;;
2022-01-21 23:00:00;17.9962571746364;;;;;;;
2022-01-22 00:00:00;17.67085474236092;;;;;;;
2022-01-22 01:00:00;17.01588332180545;;;;;;;
2022-01-22 02:00:00;25.4104600983775;;;;;;;
2022-01-22 03:00:00;18.93666837532526;;;;;;;
2022-01-22 04:00:00;21.58002106607583;;;;;;;
2022-01-22 05:00:00;18.92151405808545;;;;;;;
2022-01-22 06:00:00;18.4785187627647;;;;;;;
2022-01-22 07:00:00;23.19794775370863;;;;;;;
2022-01-22 08:00:00;20.37984352307155;;;;;;;
2022-01-22 09:00:00;19.78829559433625;;;;;;;
2022-01-22 10:00:00;18.51815771118615;;;;;;;
2022-01-22 11:00:00;21.84029196818829;;;;;;;
2022-01-22 12:00:00;21.11165494670101;;;;;;;
2022-01-22 13:00:00;18.9603670530179;;;;;;;
2022-01-22 14:00:00;18.4048486973468;;;;;;;
2022-01-22 15:00:00;23.58968373107298;;;;;;;
2022-01-22 16:00:00;21.60432085639916;;;;;;;
2022-01-22 17:00:00;19.0296958091724;;;;;;;
2022-01-22 18:00:00;18.07939365716279;;;;;;;
2022-01-22 19:00:00;25.85181538107891;;;;;;;
2022-01-22 20:00:00;20.50416983849827;;;;;;;
2022-01-22 21:00:00;22.15332572778007;;;;;;;
2022-01-22 22:00:00;23.8205146010533;;;;;;;
2022-01-22 23:00:00;20.44159750722493;;;;;;;
2022-01-23 00:00:00;18.956006257307;;;;;;;
2022-01-23 01:00:00;22.04153225990489;;;;;;;
2022-01-23 02:00:00;18.31732859498126;;;;;;;
2022-01-23 03:00:00;16.32555461978583;;;;;;;
2022-01-23 04:00:00;22.11597650350857;;;;;;;
2022-01-23 05:00:00;16.10115490011787;;;;;;;
2022-01-23 06:00:00;18.03127491782144;;;;;;;
2022-01-23 07:00:00;19.24096738875201;;;;;;;
2022-01-23 08:00:00;22.36606713783664;;;;;;;
2022-01-23 09:00:00;17.68175855346333;;;;;;;
2022-01-23 10:00:00;19.89377332798512;;;;;;;
2022-01-23 11:00:00;14.51302617165214;;;;;;;
2022-01-23 12:00:00;14.16936442228752;;;;;;;
2022-01-23 13:00:00;21.16846563839022;;;;;;;
2022-01-23 14:00:00;20.78086348373058;;;;;;;
2022-01-23 15:00:00;23.65133721079206;;;;;;;
2022-01-23 16:00:00;25.60417730215199;;;;;;;
2022-01-23 17:00:00;21.26248584237218;;;;;;;
2022-01-23 18:00:00;24.27894961434626;;;;;;;
2022-01-23 19:00:00;24.52896529666857;;;;;;;
2022-01-23 20:00:00;22.04941853505538;;;;;;;
2022-01-23 21:00:00;21.27141738145081;;;;;;;
2022-01-23 22:00:00;19.40154047841179;;;;;;;
2022-01-23 23:00:00;21.36488959008129;;;;;;;
2022-01-24 00:00:00;23.54208926224988;;;;;;;
2022-01-24 01:00:00;19.56257221128583;;;;;;;
2022-01-24 02:00:00;25.00305929843762;;;;;;;
2022-01-24 03:00:00;20.55900070349601;;;;;;;
2022-01-24 04:00:00;25.63529687172048;;;;;;;
2022-01-24 05:00:00;24.61776588122161;;;;;;;
2022-01-24 06:00:00;19.95892070749762;;;;;;;
2022-01-24 07:00:00;24.34605080896119;;;;;;;
2022-01-24 08:00:00;23.62143670251669;;;;;;;
2022-01-24 09:00:00;17.88934943792627;;;;;;;
2022-01-24 10:00:00;22.34900347348595;;;;;;;
2022-01-24 11:00:00;21.9418021786274;;;;;;;
2022-01-24 12:00:00;23.19843720067099;;;;;;;
2022-01-24 13:00:00;16.37875170763957;;;;;;;
2022-01-24 14:00:00;24.97042256817358;;;;;;;
2022-01-24 15:00:00;19.04365514706425;;;;;;;
2022-01-24 16:00:00;20.16809584167478;;;;;;;
2022-01-24 17:00:00;24.074103372505;;;;;;;
2022-01-24 18:00:00;14.32795094259776;;;;;;;
2022-01-24 19:00:00;18.91260510112446;;;;;;;
2022-01-24 20:00:00;17.43428229117823;;;;;;;
2022-01-24 21:00:00;16.46492420158751;;;;;;;
2022-01-24 22:00:00;17.63086967463837;;;;;;;
2022-01-24 23:00:00;21.77047116165514;;;;;;;
2022-01-25 00:00:00;19.25044112499824;;;;;;;
2022-01-25 01:00:00;23.50916434089647;;;;;;;
2022-01-25 02:00:00;20.08375317742627;;;;;;;
2022-01-25 03:00:00;22.5018436354991;;;;;;;
2022-01-25 04:00:00;21.00288370730619;;;;;;;
2022-01-25 05:00:00;21.72825040453172;;;;;;;
2022-01-25 06:00:00;20.68499287345702;;;;;;;
2022-01-25 07:00:00;21.77148597005379;;;;;;;
2022-01-25 08:00:00;14.74666470430789;;;;;;;
2022-01-25 09:00:00;24.92314402249295;;;;;;;
2022-01-25 10:00:00;17.95919442321523;;;;;;;
2022-01-25 11:00:00;13.47077335600962;;;;;;;
2022-01-25 12:00:00;12.98448659622788;;;;;;;
2022-01-25 13:00:00;14.30966530879427;;;;;;;
2022-01-25 14:00:00;21.29491281463739;;;;;;;
2022-01-25 15:00:00;19.21215169355856;;;;;;;
2022-01-25 16:00:00;23.08558795204371;;;;;;;
2022-01-25 17:00:00;22.38897233481527;;;;;;;
2022-01-25 18:00:00;22.08830376322618;;;;;;;
2022-01-25 19:00:00;18.91684590423456;;;;;;;
2022-01-25 20:00:00;19.39195331312509;;;;;;;
2022-01-25 21:00:00;18.68878197230513;;;;;;;
2022-01-25 22:00:00;22.62657907264471;;;;;;;
2022-01-25 23:00:00;22.94344478760751;;;;;;;
2022-01-26 00:00:00;16.26295829894884;;;;;;;
2022-01-26 01:00:00;25.26391489422578;;;;;;;
2022-01-26 02:00:00;14.65607978228536;;;;;;;
2022-01-26 03:00:00;24.12298547249963;;;;;;;
2022-01-26 04:00:00;20.88366569740136;;;;;;;
2022-01-26 05:00:00;21.54560848649334;;;;;;;
2022-01-26 06:00:00;19.94423743715228;;;;;;;
2022-01-26 07:00:00;24.80737914335711;;;;;;;
2022-01-26 08:00:00;23.01336550647341;;;;;;;
2022-01-26 09:00:00;20.1483372050521;;;;;;;
2022-01-26 10:00:00;21.57780037401291;;;;;;;
2022-01-26 11:00:00;26.12374250150364;;;;;;;
2022-01-26 12:00:00;18.54774773440898;;;;;;;
2022-01-26 13:00:00;18.24079824598115;;;;;;;
2022-01-26 14:00:00;23.54891293619018;;;;;;;
2022-01-26 15:00:00;19.78268230360494;;;;;;;
2022-01-26 16:00:00;15.89820780710818;;;;;;;
2022-01-26 17:00:00;23.59465931051603;;;;;;;
2022-01-26 18:00:00;17.97130511629245;;;;;;;
2022-01-26 19:00:00;19.9411109873735;;;;;;;
2022-01-26 20:00:00;16.46093116148716;;;;;;;
2022-01-26 21:00:00;18.21700091910536;;;;;;;
2022-01-26 22:00:00;19.79533996365873;;;;;;;
2022-01-26 23:00:00;23.13462159648598;;;;;;;
2022-01-27 00:00:00;24.85826013339921;;;;;;;
2022-01-27 01:00:00;18.49775000980915;;;;;;;
2022-01-27 02:00:00;17.20073250180043;;;;;;;
2022-01-27 03:00:00;10.16383591896643;;;;;;;
2022-01-27 04:00:00;23.78021763121394;;;;;;;
2022-01-27 05:00:00;21.35667897179854;;;;;;;
2022-01-27 06:00:00;23.98009901035851;;;;;;;
2022-01-27 07:00:00;21.63202594319559;;;;;;;
2022-01-27 08:00:00;21.78733764095949;;;;;;;
2022-01-27 09:00:00;25.8903221835874;;;;;;;
2022-01-27 10:00:00;19.62705422847914;;;;;;;
2022-01-27 11:00:00;20.54196870795782;;;;;;;
2022-01-27 12:00:00;23.05402314915302;;;;;;;
2022-01-27 13:00:00;20.85430553747908;;;;;;;
2022-01-27 14:00:00;16.18241935468016;;;;;;;
2022-01-27 15:00:00;21.87837070893986;;;;;;;
2022-01-27 16:00:00;21.2263090474039;;;;;;;
2022-01-27 17:00:00;20.35042237218825;;;;;;;
2022-01-27 18:00:00;22.39694381246952;;;;;;;
2022-01-27 19:00:00;22.18593062214041;;;;;;;
2022-01-27 20:00:00;25.46561042580053;;;;;;;
2022-01-27 21:00:00;23.0846774982777;;;;;;;
2022-01-27 22:00:00;23.23818799387941;;;;;;;
2022-01-27 23:00:00;16.10471806323191;;;;;;;
2022-01-28 00:00:00;24.57287971081846;;;;;;;
2022-01-28 01:00:00;22.43887237642788;;;;;;;
2022-01-28 02:00:00;28.81380561450446;;;;;;;
2022-01-28 03:00:00;23.70752024539711;;;;;;;
2022-01-28 04:00:00;27.0691643180392;;;;;;;
2022-01-28 05:00:00;22.121980005504;;;;;;;
2022-01-28 06:00:00;19.81088824511674;;;;;;;
2022-01-28 07:00:00;19.80822844889395;;;;;;;
2022-01-28 08:00:00;18.87327029205735;;;;;;;
2022-01-28 09:00:00;18.61482935367493;;;;;;;
2022-01-28 10:00:00;24.43425732276657;;;;;;;
2022-01-28 11:00:00;18.31916071861193;;;;;;;
2022-01-28 12:00:00;20.58764872842813;;;;;;;
2022-01-28 13:00:00;22.77355149084529;;;;;;;
2022-01-28 14:00:00;20.13017921919692;;;;;;;
2022-01-28 15:00:00;15.56120535663716;;;;;;;
2022-01-28 16:00:00;25.94468326627063;;;;;;;
2022-01-28 17:00:00;24.50458951299045;;;;;;;
2022-01-28 18:00:00;19.66117041991109;;;;;;;
2022-01-28 19:00:00;22.26206233897777;;;;;;;
2022-01-28 20:00:00;22.4343908505323;;;;;;;
2022-01-28 21:00:00;23.42974056966206;;;;;;;
2022-01-28 22:00:00;16.44975819922797;;;;;;;
2022-01-28 23:00:00;20.29115505879825;;;;;;;
2022-01-29 00:00:00;20.17140737285595;;;;;;;
2022-01-29 01:00:00;16.37287275081169;;;;;;;
2022-01-29 02:00:00;22.08687341960495;;;;;;;
2022-01-29 03:00:00;20.61361092499057;;;;;;;
2022-01-29 04:00:00;21.3867267904976;;;;;;;
2022-01-29 05:00:00;18.33750052277932;;;;;;;
2022-01-29 06:00:00;21.05717615849624;;;;;;;
2022-01-29 07:00:00;20.89158679981391;;;;;;;
2022-01-29 08:00:00;23.7165814737232;;;;;;;
2022-01-29 09:00:00;19.91557460052024;;;;;;;
2022-01-29 10:00:00;21.64309981421524;;;;;;;
2022-01-29 11:00:00;19.7158690347986;;;;;;;
2022-01-29 12:00:00;21.51861215340283;;;;;;;
2022-01-29 13:00:00;23.98859870934204;;;;;;;
2022-01-29 14:00:00;20.31648076889999;;;;;;;
2022-01-29 15:00:00;23.96160625826514;;;;;;;
2022-01-29 16:00:00;21.58625475882825;;;;;;;
2022-01-29 17:00:00;22.15057799064181;;;;;;;
2022-01-29 18:00:00;22.77589687573068;;;;;;;
2022-01-29 19:00:00;20.81544203849668;;;;;;;
2022-01-29 20:00:00;21.41724238234782;;;;;;;
2022-01-29 21:00:00;21.30323033256331;;;;;;;
2022-01-29 22:00:00;21.23940230064181;;;;;;;
2022-01-29 23:00:00;27.33879129351442;;;;;;;
2022-01-30 00:00:00;21.52908505797457;;;;;;;
2022-01-30 01:00:00;18.37548077515031;;;;;;;
2022-01-30 02:00:00;23.96109326191415;;;;;;;
2022-01-30 03:00:00;16.7099351647613;;;;;;;
2022-01-30 04:00:00;21.55234484080966;;;;;;;
2022-01-30 05:00:00;27.05219693979539;;;;;;;
2022-01-30 06:00:00;24.38774851981336;;;;;;;
2022-01-30 07:00:00;17.73561279502298;;;;;;;
2022-01-30 08:00:00;16.86295936653699;;;;;;;
2022-01-30 09:00:00;19.34345967023247;;;;;;;
2022-01-30 10:00:00;22.47446256467978;;;;;;;
2022-01-30 11:00:00;22.30449136531154;;;;;;;
2022-01-30 12:00:00;19.4471424312355;;;;;;;
2022-01-30 13:00:00;20.32988245001708;;;;;;;
2022-01-30 14:00:00;29.17009280621716;;;;;;;
2022-01-30 15:00:00;25.73726064744973;;;;;;;
2022-01-30 16:00:00;22.25485740923745;;;;;;;
2022-01-30 17:00:00;18.10080056258982;;;;;;;
2022-01-30 18:00:00;17.87813977780401;;;;;;;
2022-01-30 19:00:00;22.60252655089593;;;;;;;
2022-01-30 20:00:00;24.6695551288289;;;;;;;
2022-01-30 21:00:00;23.87866105122623;;;;;;;
2022-01-30 22:00:00;21.14541061827811;;;;;;;
2022-01-30 23:00:00;20.89439352772496;;;;;;;
2022-01-31 00:00:00;24.76370402685768;;;;;;;
2022-01-31 01:00:00;23.78137120067452;;;;;;;
2022-01-31 02:00:00;21.45352495876599;;;;;;;
2022-01-31 03:00:00;22.43909820079406;;;;;;;
2022-01-31 04:00:00;17.62977391195649;;;;;;;
2022-01-31 05:00:00;18.1133766333846;;;;;;;
2022-01-31 06:00:00;20.01446872369323;;;;;;;
2022-01-31 07:00:00;21.99706824921297;;;;;;;
2022-01-31 08:00:00;26.12714455504534;;;;;;;
2022-01-31 09:00:00;17.79309375869901;;;;;;;
2022-01-31 10:00:00;16.23764203150616;;;;;;;
2022-01-31 11:00:00;18.17495648190429;;;;;;;
2022-01-31 12:00:00;21.90418066157039;;;;;;;
2022-01-31 13:00:00;26.02645567462321;;;;;;;
2022-01-31 14:00:00;15.52588188089439;;;;;;;
2022-01-31 15:00:00;22.68686057991977;;;;;;;
2022-01-31 16:00:00;22.81133936444866;;;;;;;
2022-01-31 17:00:00;23.69136542779318;;;;;;;
2022-01-31 18:00:00;23.23480874501685;;;;;;;
2022-01-31 19:00:00;17.33704351813645;;;;;;;
2022-01-31 20:00:00;19.94206900104219;;;;;;;
2022-01-31 21:00:00;21.66059199331596;;;;;;;
2022-01-31 22:00:00;18.84431288928643;;;;;;;
2022-01-31 23:00:00;20.08109019967253;;;;;;;
2022-02-01 00:00:00;22.47922832784948;;;;;;;
2022-02-01 01:00:00;23.6311063070772;;;;;;;
2022-02-01 02:00:00;19.67450674922055;;;;;;;
2022-02-01 03:00:00;18.85673048561584;;;;;;;
2022-02-01 04:00:00;20.46684473826939;;;;;;;
2022-02-01 05:00:00;20.14084526872076;;;;;;;
2022-02-01 06:00:00;16.85518707615796;;;;;;;
2022-02-01 07:00:00;22.92461682408297;;;;;;;
2022-02-01 08:00:00;22.55892341019734;;;;;;;
2022-02-01 09:00:00;22.37682385690439;;;;;;;
2022-02-01 10:00:00;21.55264685701731;;;;;;;
2022-02-01 11:00:00;26.48088416003039;;;;;;;
2022-02-01 12:00:00;20.37681275679444;;;;;;;
2022-02-01 13:00:00;21.18722063277447;;;;;;;
2022-02-01 14:00:00;16.84827694894568;;;;;;;
2022-02-01 15:00:00;21.78456595537775;;;;;;;
2022-02-01 16:00:00;27.65615758169496;;;;;;;
2022-02-01 17:00:00;25.68749810937783;;;;;;;
2022-02-01 18:00:00;23.40954332158537;;;;;;;
2022-02-01 19:00:00;23.62252555242707;;;;;;;
2022-02-01 20:00:00;25.7209210924772;;;;;;;
2022-02-01 21:00:00;20.0775716196841;;;;;;;
2022-02-01 22:00:00;20.39575202958442;;;;;;;
2022-02-01 23:00:00;17.95049297077368;;;;;;;
2022-02-02 00:00:00;25.10714244329711;;;;;;;
2022-02-02 01:00:00;22.22963250824573;;;;;;;
2022-02-02 02:00:00;29.49286026083107;;;;;;;
2022-02-02 03:00:00;19.4779846377302;;;;;;;
2022-02-02 04:00:00;27.39500738285318;;;;;;;
2022-02-02 05:00:00;22.70743280099225;;;;;;;
2022-02-02 06:00:00;24.44173412291312;;;;;;;
2022-02-02 07:00:00;26.457994739256;;;;;;;
2022-02-02 08:00:00;22.56579000441294;;;;;;;
2022-02-02 09:00:00;21.71324943986866;;;;;;;
2022-02-02 10:00:00;20.7113152049503;;;;;;;
2022-02-02 11:00:00;26.69234426245549;;;;;;;
2022-02-02 12:00:00;20.31304670790312;;;;;;;
2022-02-02 13:00:00;29.50547032683019;;;;;;;
2022-02-02 14:00:00;23.53976549629619;;;;;;;
2022-02-02 15:00:00;20.52496349601165;;;;;;;
2022-02-02 16:00:00;21.30351139654694;;;;;;;
2022-02-02 17:00:00;20.22940740080845;;;;;;;
2022-02-02 18:00:00;24.43779120260445;;;;;;;
2022-02-02 19:00:00;20.28086680538191;;;;;;;
2022-02-02 20:00:00;23.25086737873779;;;;;;;
2022-02-02 21:00:00;23.12434455163044;;;;;;;
2022-02-02 22:00:00;21.99459175133498;;;;;;;
2022-02-02 23:00:00;25.05650282538307;;;;;;;
2022-02-03 00:00:00;25.87376282520433;;;;;;;
2022-02-03 01:00:00;23.968853770117;;;;;;;
2022-02-03 02:00:00;20.36755489508204;;;;;;;
2022-02-03 03:00:00;23.45082277947442;;;;;;;
2022-02-03 04:00:00;17.68673492420155;;;;;;;
2022-02-03 05:00:00;19.02365152275683;;;;;;;
2022-02-03 06:00:00;23.78397291698427;;;;;;;
2022-02-03 07:00:00;21.62632325892699;;;;;;;
2022-02-03 08:00:00;19.88599503198756;;;;;;;
2022-02-03 09:00:00;18.50432883537161;;;;;;;
2022-02-03 10:00:00;19.60467673349635;;;;;;;
2022-02-03 11:00:00;20.50145679855828;;;;;;;
2022-02-03 12:00:00;21.86174045882948;;;;;;;
2022-02-03 13:00:00;21.9851455738455;;;;;;;
2022-02-03 14:00:00;21.12878893661363;;;;;;;
2022-02-03 15:00:00;17.78206920134539;;;;;;;
2022-02-03 16:00:00;25.6801529719585;;;;;;;
2022-02-03 17:00:00;23.15799480525071;;;;;;;
2022-02-03 18:00:00;22.46382497542022;;;;;;;
2022-02-03 19:00:00;20.61441463531815;;;;;;;
2022-02-03 20:00:00;21.41433844155573;;;;;;;
2022-02-03 21:00:00;21.5339696688834;;;;;;;
2022-02-03 22:00:00;16.55311256204716;;;;;;;
2022-02-03 23:00:00;22.81613476269485;;;;;;;
2022-02-04 00:00:00;21.90911120158704;;;;;;;
2022-02-04 01:00:00;26.38840922361301;;;;;;;
2022-02-04 02:00:00;18.92519212766959;;;;;;;
2022-02-04 03:00:00;24.06806531295728;;;;;;;
2022-02-04 04:00:00;15.60820496155071;;;;;;;
2022-02-04 05:00:00;15.83552533704018;;;;;;;
2022-02-04 06:00:00;18.9841315428486;;;;;;;
2022-02-04 07:00:00;20.85787891352292;;;;;;;
2022-02-04 08:00:00;20.16645207950089;;;;;;;
2022-02-04 09:00:00;17.34430377604868;;;;;;;
2022-02-04 10:00:00;20.70680591174708;;;;;;;
2022-02-04 11:00:00;18.33431267264271;;;;;;;
2022-02-04 12:00:00;19.91386221722314;;;;;;;
2022-02-04 13:00:00;19.50623918870361;;;;;;;
2022-02-04 14:00:00;22.01865194796077;;;;;;;
2022-02-04 15:00:00;20.42951959654428;;;;;;;
2022-02-04 16:00:00;21.70082769586868;;;;;;;
2022-02-04 17:00:00;22.43575542262634;;;;;;;
2022-02-04 18:00:00;24.34764225854135;;;;;;;
2022-02-04 19:00:00;19.60236843787722;;;;;;;
2022-02-04 20:00:00;15.04837519308274;;;;;;;
2022-02-04 21:00:00;17.95077756388662;;;;;;;
2022-02-04 22:00:00;20.05152167056407;;;;;;;
2022-02-04 23:00:00;17.33976341055867;;;;;;;
2022-02-05 00:00:00;22.19964803321894;;;;;;;
2022-02-05 01:00:00;24.36316654397326;;;;;;;
2022-02-05 02:00:00;21.60437507778115;;;;;;;
2022-02-05 03:00:00;19.22039518385712;;;;;;;
2022-02-05 04:00:00;21.49889789900189;;;;;;;
2022-02-05 05:00:00;20.48620884387392;;;;;;;
2022-02-05 06:00:00;24.73338247159139;;;;;;;
2022-02-05 07:00:00;17.69118465602305;;;;;;;
2022-02-05 08:00:00;18.3313984297021;;;;;;;
2022-02-05 09:00:00;21.29422106606721;;;;;;;
2022-02-05 10:00:00;28.19964475911375;;;;;;;
2022-02-05 11:00:00;19.11682208990035;;;;;;;
2022-02-05 12:00:00;19.53960773336528;;;;;;;
2022-02-05 13:00:00;25.38227515296862;;;;;;;
2022-02-05 14:00:00;23.68481197235276;;;;;;;
2022-02-05 15:00:00;19.58793878318134;;;;;;;
2022-02-05 16:00:00;21.98941967086082;;;;;;;
2022-02-05 17:00:00;21.00550779096583;;;;;;;
2022-02-05 18:00:00;16.6887117151161;;;;;;;
2022-02-05 19:00:00;23.90978610889917;;;;;;;
2022-02-05 20:00:00;23.33592946096386;;;;;;;
2022-02-05 21:00:00;17.70757338910833;;;;;;;
2022-02-05 22:00:00;26.8682486405347;;;;;;;
2022-02-05 23:00:00;17.60898882939018;;;;;;;
2022-02-06 00:00:00;25.2906010986839;;;;;;;
2022-02-06 01:00:00;20.50896200030275;;;;;;;
2022-02-06 02:00:00;22.25669254458884;;;;;;;
2022-02-06 03:00:00;24.35707327386663;;;;;;;
2022-02-06 04:00:00;24.58384162998039;;;;;;;
2022-02-06 05:00:00;20.87068805895879;;;;;;;
2022-02-06 06:00:00;20.87063815474547;;;;;;;
2022-02-06 07:00:00;25.45792536477605;;;;;;;
2022-02-06 08:00:00;16.55042250278552;;;;;;;
2022-02-06 09:00:00;22.67718413960793;;;;;;;
2022-02-06 10:00:00;28.28906368429707;;;;;;;
2022-02-06 11:00:00;24.48691013032539;;;;;;;
2022-02-06 12:00:00;25.01346204715506;;;;;;;
2022-02-06 13:00:00;24.83724325056833;;;;;;;
2022-02-06 14:00:00;22.68221520525271;;;;;;;
2022-02-06 15:00:00;19.81540402010776;;;;;;;
2022-02-06 16:00:00;21.91618812865469;;;;;;;
2022-02-06 17:00:00;22.60153275130104;;;;;;;
2022-02-06 18:00:00;25.49638135309631;;;;;;;
2022-02-06 19:00:00;25.00962072248745;;;;;;;
2022-02-06 20:00:00;14.8498015741788;;;;;;;
2022-02-06 21:00:00;26.47997105510372;;;;;;;
2022-02-06 22:00:00;19.39214833225858;;;;;;;
2022-02-06 23:00:00;19.05944319553296;;;;;;;
2022-02-07 00:00:00;17.6601727843701;;;;;;;
2022-02-07 01:00:00;24.84430073764748;;;;;;;
2022-02-07 02:00:00;26.35964704923173;;;;;;;
2022-02-07 03:00:00;24.73773602828823;;;;;;;
2022-02-07 04:00:00;19.15376471196542;;;;;;;
2022-02-07 05:00:00;18.73481381200284;;;;;;;
2022-02-07 06:00:00;18.05308741825121;;;;;;;
2022-02-07 07:00:00;16.00427672334063;;;;;;;
2022-02-07 08:00:00;24.13464322300727;;;;;;;
2022-02-07 09:00:00;21.6864470522206;;;;;;;
2022-02-07 10:00:00;18.806225993033;;;;;;;
2022-02-07 11:00:00;22.5172529260844;;;;;;;
2022-02-07 12:00:00;26.24212222278853;;;;;;;
2022-02-07 13:00:00;13.80078336599981;;;;;;;
2022-02-07 14:00:00;18.98739346834317;;;;;;;
2022-02-07 15:00:00;17.11849948639734;;;;;;;
2022-02-07 16:00:00;20.37372535952621;;;;;;;
2022-02-07 17:00:00;21.22623258531785;;;;;;;
2022-02-07 18:00:00;20.10848665812655;;;;;;;
2022-02-07 19:00:00;22.43719205166249;;;;;;;
2022-02-07 20:00:00;15.53356417922276;;;;;;;
2022-02-07 21:00:00;21.77213922713165;;;;;;;
2022-02-07 22:00:00;22.48954201359764;;;;;;;
2022-02-07 23:00:00;19.73532740140925;;;;;;;
2022-02-08 00:00:00;21.43715348511657;;;;;;;
2022-02-08 01:00:00;23.45020916855119;;;;;;;
2022-02-08 02:00:00;20.66907341761718;;;;;;;
2022-02-08 03:00:00;15.4219780114068;;;;;;;
2022-02-08 04:00:00;23.1954630457613;;;;;;;
2022-02-08 05:00:00;22.51092973055274;;;;;;;
2022-02-08 06:00:00;22.70493099400467;;;;;;;
2022-02-08 07:00:00;22.95441292436761;;;;;;;
2022-02-08 08:00:00;24.71942454716147;;;;;;;
2022-02-08 09:00:00;17.85455431048179;;;;;;;
2022-02-08 10:00:00;17.22840529980557;;;;;;;
2022-02-08 11:00:00;19.33530555341364;;;;;;;
2022-02-08 12:00:00;17.06580861590617;;;;;;;
2022-02-08 13:00:00;21.8557489433731;;;;;;;
2022-02-08 14:00:00;22.41773212695472;;;;;;;
2022-02-08 15:00:00;23.17886759270364;;;;;;;
2022-02-08 16:00:00;28.62082606691852;;;;;;;
2022-02-08 17:00:00;22.18555860468764;;;;;;;
2022-02-08 18:00:00;20.4364526265446;;;;;;;
2022-02-08 19:00:00;17.89182437541049;;;;;;;
2022-02-08 20:00:00;19.98724187638075;;;;;;;
2022-02-08 21:00:00;21.18223731277149;;;;;;;
2022-02-08 22:00:00;21.97341107502229;;;;;;;
2022-02-08 23:00:00;20.87889563181395;;;;;;;
2022-02-09 00:00:00;26.8234362809508;;;;;;;
2022-02-09 01:00:00;21.9494867756043;;;;;;;
2022-02-09 02:00:00;18.83486668868169;;;;;;;
2022-02-09 03:00:00;16.22965184217054;;;;;;;
2022-02-09 04:00:00;19.23977877965087;;;;;;;
2022-02-09 05:00:00;22.32944727803222;;;;;;;
2022-02-09 06:00:00;21.76775949829387;;;;;;;
2022-02-09 07:00:00;21.54672545819498;;;;;;;
2022-02-09 08:00:00;20.96086991856927;;;;;;;
2022-02-09 09:00:00;19.98971981740694;;;;;;;
2022-02-09 10:00:00;17.3223150887736;;;;;;;
2022-02-09 11:00:00;24.33839896197462;;;;;;;
2022-02-09 12:00:00;26.28102629777468;;;;;;;
2022-02-09 13:00:00;25.03210424629237;;;;;;;
2022-02-09 14:00:00;23.04254247927173;;;;;;;
2022-02-09 15:00:00;16.93872240648531;;;;;;;
2022-02-09 16:00:00;24.77144969830689;;;;;;;
2022-02-09 17:00:00;22.35826132319772;;;;;;;
2022-02-09 18:00:00;17.97457877274556;;;;;;;
2022-02-09 19:00:00;16.73440230883872;;;;;;;
2022-02-09 20:00:00;18.92300377658597;;;;;;;
2022-02-09 21:00:00;23.10765626069334;;;;;;;
2022-02-09 22:00:00;20.60169813111026;;;;;;;
2022-02-09 23:00:00;26.25037006844563;;;;;;;
2022-02-10 00:00:00;17.20225152618679;;;;;;;
2022-02-10 01:00:00;21.21966561151089;;;;;;;
2022-02-10 02:00:00;21.9805953162046;;;;;;;
2022-02-10 03:00:00;25.84001774333563;;;;;;;
2022-02-10 04:00:00;20.56221646917509;;;;;;;
2022-02-10 05:00:00;23.53110707836478;;;;;;;
2022-02-10 06:00:00;21.67034056283267;;;;;;;
2022-02-10 07:00:00;25.07811980477324;;;;;;;
2022-02-10 08:00:00;20.50227512732846;;;;;;;
2022-02-10 09:00:00;20.10344907440098;;;;;;;
2022-02-10 10:00:00;21.51028559940949;;;;;;;
2022-02-10 11:00:00;16.85122019651024;;;;;;;
2022-02-10 12:00:00;28.72248762431119;;;;;;;
2022-02-10 13:00:00;18.40821177206451;;;;;;;
2022-02-10 14:00:00;23.17748811741959;;;;;;;
2022-02-10 15:00:00;22.74060326215961;;;;;;;
2022-02-10 16:00:00;18.60023597152549;;;;;;;
2022-02-10 17:00:00;18.37868651011188;;;;;;;
2022-02-10 18:00:00;22.59197873020799;;;;;;;
2022-02-10 19:00:00;17.65763273651743;;;;;;;
2022-02-10 20:00:00;21.93852571466751;;;;;;;
2022-02-10 21:00:00;27.16963155934121;;;;;;;
2022-02-10 22:00:00;28.8269346282821;;;;;;;
2022-02-10 23:00:00;18.99987365882789;;;;;;;
2022-02-11 00:00:00;19.70923631761712;;;;;;;
2022-02-11 01:00:00;21.91081227576799;;;;;;;
2022-02-11 02:00:00;18.2216821102164;;;;;;;
2022-02-11 03:00:00;19.34025457371961;;;;;;;
2022-02-11 04:00:00;18.55343368646931;;;;;;;
2022-02-11 05:00:00;21.03913451847608;;;;;;;
2022-02-11 06:00:00;20.32774409557681;;;;;;;
2022-02-11 07:00:00;18.6609749974158;;;;;;;
2022-02-11 08:00:00;23.77391131082048;;;;;;;
2022-02-11 09:00:00;26.30898377697082;;;;;;;
2022-02-11 10:00:00;22.34552805385391;;;;;;;
2022-02-11 11:00:00;22.50575526430441;;;;;;;
2022-02-11 12:00:00;26.59330620346352;;;;;;;
2022-02-11 13:00:00;25.0280814640701;;;;;;;
2022-02-11 14:00:00;17.02890280443889;;;;;;;
2022-02-11 15:00:00;27.57987700305749;;;;;;;
2022-02-11 16:00:00;21.53436395761138;;;;;;;
2022-02-11 17:00:00;21.91681405805664;;;;;;;
2022-02-11 18:00:00;19.38173534566467;;;;;;;
2022-02-11 19:00:00;26.05743483695986;;;;;;;
2022-02-11 20:00:00;23.53990235514516;;;;;;;
2022-02-11 21:00:00;19.41320666615908;;;;;;;
2022-02-11 22:00:00;24.14872009679943;;;;;;;
2022-02-11 23:00:00;24.94323852680953;;;;;;;
2022-02-12 00:00:00;22.46014507470056;;;;;;;
2022-02-12 01:00:00;25.65051059459256;;;;;;;
2022-02-12 02:00:00;23.19510731863451;;;;;;;
2022-02-12 03:00:00;22.41901435130905;;;;;;;
2022-02-12 04:00:00;17.76455666728463;;;;;;;
2022-02-12 05:00:00;21.57251390977071;;;;;;;
2022-02-12 06:00:00;23.543611437445;;;;;;;
2022-02-12 07:00:00;21.05420510282097;;;;;;;
2022-02-12 08:00:00;19.33058262908825;;;;;;;
2022-02-12 09:00:00;17.87691487174047;;;;;;;
2022-02-12 10:00:00;25.1536167049063;;;;;;;
2022-02-12 11:00:00;26.90120496661259;;;;;;;
2022-02-12 12:00:00;22.15190207922885;;;;;;;
2022-02-12 13:00:00;21.90539743671186;;;;;;;
2022-02-12 14:00:00;22.95676501980092;;;;;;;
2022-02-12 15:00:00;18.70168202245516;;;;;;;
2022-02-12 16:00:00;22.80387760635476;;;;;;;
2022-02-12 17:00:00;19.56163847805822;;;;;;;
2022-02-12 18:00:00;18.43663528281571;;;;;;;
2022-02-12 19:00:00;18.3291049248878;;;;;;;
2022-02-12 20:00:00;18.37401634263647;;;;;;;
2022-02-12 21:00:00;24.34598949087185;;;;;;;
2022-02-12 22:00:00;18.03171731439344;;;;;;;
2022-02-12 23:00:00;23.41709880721574;;;;;;;
2022-02-13 00:00:00;17.92859117786494;;;;;;;
2022-02-13 01:00:00;16.80789157629606;;;;;;;
2022-02-13 02:00:00;20.91734143326288;;;;;;;
2022-02-13 03:00:00;26.96504497040998;;;;;;;
2022-02-13 04:00:00;23.33192554418642;;;;;;;
2022-02-13 05:00:00;23.21866973358836;;;;;;;
2022-02-13 06:00:00;19.88338898635213;;;;;;;
2022-02-13 07:00:00;19.50711389701128;;;;;;;
2022-02-13 08:00:00;19.63013277882186;;;;;;;
2022-02-13 09:00:00;26.87711472918441;;;;;;;
2022-02-13 10:00:00;29.48213050338241;;;;;;;
2022-02-13 11:00:00;20.08362234015426;;;;;;;
2022-02-13 12:00:00;20.32547282414249;;;;;;;
2022-02-13 13:00:00;20.85344051289919;;;;;;;
2022-02-13 14:00:00;20.30330868453416;;;;;;;
2022-02-13 15:00:00;22.74534539202143;;;;;;;
2022-02-13 16:00:00;23.13370224855711;;;;;;;
2022-02-13 17:00:00;25.16102662120779;;;;;;;
2022-02-13 18:00:00;18.78580172377236;;;;;;;
2022-02-13 19:00:00;24.67215228748939;;;;;;;
2022-02-13 20:00:00;21.37580303138038;;;;;;;
2022-02-13 21:00:00;21.42746138303248;;;;;;;
2022-02-13 22:00:00;22.9896592936098;;;;;;;
2022-02-13 23:00:00;23.18458962228102;;;;;;;
2022-02-14 00:00:00;14.81476801688295;;;;;;;
2022-02-14 01:00:00;23.78805103634364;;;;;;;
2022-02-14 02:00:00;17.24492552285263;;;;;;;
2022-02-14 03:00:00;24.83400416594078;;;;;;;
2022-02-14 04:00:00;23.50318143217016;;;;;;;
2022-02-14 05:00:00;18.90672806981449;;;;;;;
2022-02-14 06:00:00;16.20369823380643;;;;;;;
2022-02-14 07:00:00;25.10520078419322;;;;;;;
2022-02-14 08:00:00;17.65184402894584;;;;;;;
2022-02-14 09:00:00;23.97995273661875;;;;;;;
2022-02-14 10:00:00;21.69745975694809;;;;;;;
2022-02-14 11:00:00;21.49186417702585;;;;;;;
2022-02-14 12:00:00;18.27314336986497;;;;;;;
2022-02-14 13:00:00;19.94459247626009;;;;;;;
2022-02-14 14:00:00;19.73039144824957;;;;;;;
2022-02-14 15:00:00;21.81907477466483;;;;;;;
2022-02-14 16:00:00;22.98876215948557;;;;;;;
2022-02-14 17:00:00;25.08522887644748;;;;;;;
2022-02-14 18:00:00;21.36778899055912;;;;;;;
2022-02-14 19:00:00;26.46488632931692;;;;;;;
2022-02-14 20:00:00;18.72504035260415;;;;;;;
2022-02-14 21:00:00;20.27686011488214;;;;;;;
2022-02-14 22:00:00;22.52415212454796;;;;;;;
2022-02-14 23:00:00;21.21173601360655;;;;;;;
2022-02-15 00:00:00;21.18290742479476;;;;;;;
2022-02-15 01:00:00;20.31743425919366;;;;;;;
2022-02-15 02:00:00;21.57317196637396;;;;;;;
2022-02-15 03:00:00;19.38541339804698;;;;;;;
2022-02-15 04:00:00;24.72195837133044;;;;;;;
2022-02-15 05:00:00;24.06240613162013;;;;;;;
2022-02-15 06:00:00;23.50137945560298;;;;;;;
2022-02-15 07:00:00;25.26188761832672;;;;;;;
2022-02-15 08:00:00;20.09659062898765;;;;;;;
2022-02-15 09:00:00;20.18695825909709;;;;;;;
2022-02-15 10:00:00;16.66178363579974;;;;;;;
2022-02-15 11:00:00;23.01736474702458;;;;;;;
2022-02-15 12:00:00;26.47782743180875;;;;;;;
2022-02-15 13:00:00;22.41729297188348;;;;;;;
2022-02-15 14:00:00;18.10618218927835;;;;;;;
2022-02-15 15:00:00;24.48860548682723;;;;;;;
2022-02-15 16:00:00;22.44421377836394;;;;;;;
2022-02-15 17:00:00;22.20294896897665;;;;;;;
2022-02-15 18:00:00;24.58467994433959;;;;;;;
2022-02-15 19:00:00;22.67635957364629;;;;;;;
2022-02-15 20:00:00;23.52201944628736;;;;;;;
2022-02-15 21:00:00;21.51395109978255;;;;;;;
2022-02-15 22:00:00;23.44138700893966;;;;;;;
2022-02-15 23:00:00;17.67567611880635;;;;;;;
2022-02-16 00:00:00;25.00763198228385;;;;;;;
2022-02-16 01:00:00;23.91565053047401;;;;;;;
2022-02-16 02:00:00;23.80497874669926;;;;;;;
2022-02-16 03:00:00;16.70818716101603;;;;;;;
2022-02-16 04:00:00;22.59976479854697;;;;;;;
2022-02-16 05:00:00;21.84588426368799;;;;;;;
2022-02-16 06:00:00;18.65989136422224;;;;;;;
2022-02-16 07:00:00;21.66655330574324;;;;;;;
2022-02-16 08:00:00;22.55956227827021;;;;;;;
2022-02-16 09:00:00;20.42613764793504;;;;;;;
2022-02-16 10:00:00;18.16550487004524;;;;;;;
2022-02-16 11:00:00;24.66839793987096;;;;;;;
2022-02-16 12:00:00;24.02458671270994;;;;;;;
2022-02-16 13:00:00;22.09137768299147;;;;;;;
2022-02-16 14:00:00;22.30300436445212;;;;;;;
2022-02-16 15:00:00;20.83227898347052;;;;;;;
2022-02-16 16:00:00;19.76412902653974;;;;;;;
2022-02-16 17:00:00;25.56382348435083;;;;;;;
2022-02-16 18:00:00;21.53440836855063;;;;;;;
2022-02-16 19:00:00;22.29912349743421;;;;;;;
2022-02-16 20:00:00;21.38762998221458;;;;;;;
2022-02-16 21:00:00;21.23450397403003;;;;;;;
2022-02-16 22:00:00;17.97206906040121;;;;;;;
2022-02-16 23:00:00;21.51385113533836;;;;;;;
2022-02-17 00:00:00;22.19900971979025;;;;;;;
2022-02-17 01:00:00;20.39511280493434;;;;;;;
2022-02-17 02:00:00;20.92074505838312;;;;;;;
2022-02-17 03:00:00;20.92239796747441;;;;;;;
2022-02-17 04:00:00;19.36527600115475;;;;;;;
2022-02-17 05:00:00;17.74493996522199;;;;;;;
2022-02-17 06:00:00;18.30290959925329;;;;;;;
2022-02-17 07:00:00;16.65602649871948;;;;;;;
2022-02-17 08:00:00;21.35765740626895;;;;;;;
2022-02-17 09:00:00;21.89111497726297;;;;;;;
2022-02-17 10:00:00;23.03753115163488;;;;;;;
2022-02-17 11:00:00;19.02553474334589;;;;;;;
2022-02-17 12:00:00;17.28521992577013;;;;;;;
2022-02-17 13:00:00;18.06831725014471;;;;;;;
2022-02-17 14:00:00;20.56647203381544;;;;;;;
2022-02-17 15:00:00;20.50216457141682;;;;;;;
2022-02-17 16:00:00;19.45345371885152;;;;;;;
2022-02-17 17:00:00;28.48977095298331;;;;;;;
2022-02-17 18:00:00;23.2772856215801;;;;;;;
2022-02-17 19:00:00;20.2262097879633;;;;;;;
2022-02-17 20:00:00;22.25127262134217;;;;;;;
2022-02-17 21:00:00;19.56808663083027;;;;;;;
2022-02-17 22:00:00;19.49641256705208;;;;;;;
2022-02-17 23:00:00;18.77625996657256;;;;;;;
2022-02-18 00:00:00;20.62408691255396;;;;;;;
2022-02-18 01:00:00;21.53735990537827;;;;;;;
2022-02-18 02:00:00;14.24559781228479;;;;;;;
2022-02-18 03:00:00;22.69785487477135;;;;;;;
2022-02-18 04:00:00;23.96734539925098;;;;;;;
2022-02-18 05:00:00;25.68972320714668;;;;;;;
2022-02-18 06:00:00;27.25834186121968;;;;;;;
2022-02-18 07:00:00;17.20702099231786;;;;;;;
2022-02-18 08:00:00;22.33741189947901;;;;;;;
2022-02-18 09:00:00;15.84064469635545;;;;;;;
2022-02-18 10:00:00;21.52149753610719;;;;;;;
2022-02-18 11:00:00;26.31146533406919;;;;;;;
2022-02-18 12:00:00;21.52206371675004;;;;;;;
2022-02-18 13:00:00;19.22212261815923;;;;;;;
2022-02-18 14:00:00;25.53877191770153;;;;;;;
2022-02-18 15:00:00;20.31894193253395;;;;;;;
2022-02-18 16:00:00;22.05599231396943;;;;;;;
2022-02-18 17:00:00;20.83674657311669;;;;;;;
2022-02-18 18:00:00;22.78762841741931;;;;;;;
2022-02-18 19:00:00;23.83150274726379;;;;;;;
2022-02-18 20:00:00;21.31763882572511;;;;;;;
2022-02-18 21:00:00;19.89082612344094;;;;;;;
2022-02-18 22:00:00;21.05083014232829;;;;;;;
2022-02-18 23:00:00;23.1307704319205;;;;;;;
2022-02-19 00:00:00;19.09206596483552;;;;;;;
2022-02-19 01:00:00;21.48383193466044;;;;;;;
2022-02-19 02:00:00;17.21493030536817;;;;;;;
2022-02-19 03:00:00;23.61613814072702;;;;;;;
2022-02-19 04:00:00;25.57785441311772;;;;;;;
2022-02-19 05:00:00;18.11613668210124;;;;;;;
2022-02-19 06:00:00;26.02311605377341;;;;;;;
2022-02-19 07:00:00;20.26943621060916;;;;;;;
2022-02-19 08:00:00;24.56641655319483;;;;;;;
2022-02-19 09:00:00;16.48112804375847;;;;;;;
2022-02-19 10:00:00;22.30290056607638;;;;;;;
2022-02-19 11:00:00;17.4873829209873;;;;;;;
2022-02-19 12:00:00;17.63735644875805;;;;;;;
2022-02-19 13:00:00;22.19040234898826;;;;;;;
2022-02-19 14:00:00;16.99808437799814;;;;;;;
2022-02-19 15:00:00;17.00197522358276;;;;;;;
2022-02-19 16:00:00;25.23591148540142;;;;;;;
2022-02-19 17:00:00;23.77131618568108;;;;;;;
2022-02-19 18:00:00;17.68415811502612;;;;;;;
2022-02-19 19:00:00;21.65612620882903;;;;;;;
2022-02-19 20:00:00;24.27040599112936;;;;;;;
2022-02-19 21:00:00;23.71191321484493;;;;;;;
2022-02-19 22:00:00;20.00875925941963;;;;;;;
2022-02-19 23:00:00;22.83757107312941;;;;;;;
2022-02-20 00:00:00;19.54221926353633;;;;;;;
2022-02-20 01:00:00;18.4512094820658;;;;;;;
2022-02-20 02:00:00;21.67013736363743;;;;;;;
2022-02-20 03:00:00;14.38367178898444;;;;;;;
2022-02-20 04:00:00;25.50142770981253;;;;;;;
2022-02-20 05:00:00;22.47854050716903;;;;;;;
2022-02-20 06:00:00;23.95674732004467;;;;;;;
2022-02-20 07:00:00;19.44593373893586;;;;;;;
2022-02-20 08:00:00;26.02888355399107;;;;;;;
2022-02-20 09:00:00;24.50680384794227;;;;;;;
2022-02-20 10:00:00;21.73068569551443;;;;;;;
2022-02-20 11:00:00;22.4542378269291;;;;;;;
2022-02-20 12:00:00;20.21183417574964;;;;;;;
2022-02-20 13:00:00;21.9107009086472;;;;;;;
2022-02-20 14:00:00;23.70458709144192;;;;;;;
2022-02-20 15:00:00;24.54046214283024;;;;;;;
2022-02-20 16:00:00;21.75716402750052;;;;;;;
2022-02-20 17:00:00;22.67796078635476;;;;;;;
2022-02-20 18:00:00;28.41838605841503;;;;;;;
2022-02-20 19:00:00;10.38155374254133;;;;;;;
2022-02-20 20:00:00;16.56559372887293;;;;;;;
2022-02-20 21:00:00;25.5810870421099;;;;;;;
2022-02-20 22:00:00;22.57193574482319;;;;;;;
2022-02-20 23:00:00;23.1255723318775;;;;;;;
2022-02-21 00:00:00;23.27056999892073;;;;;;;
2022-02-21 01:00:00;22.4313134472565;;;;;;;
2022-02-21 02:00:00;22.26636556966438;;;;;;;
2022-02-21 03:00:00;21.69859287869061;;;;;;;
2022-02-21 04:00:00;20.53324744880106;;;;;;;
2022-02-21 05:00:00;23.08928504478078;;;;;;;
2022-02-21 06:00:00;24.77149894337704;;;;;;;
2022-02-21 07:00:00;18.04907627497973;;;;;;;
2022-02-21 08:00:00;19.3014115932917;;;;;;;
2022-02-21 09:00:00;25.22530511297522;;;;;;;
2022-02-21 10:00:00;24.70464310236105;;;;;;;
2022-02-21 11:00:00;22.3199117143542;;;;;;;
2022-02-21 12:00:00;19.13236311628885;;;;;;;
2022-02-21 13:00:00;26.45937706718862;;;;;;;
2022-02-21 14:00:00;14.83281342332463;;;;;;;
2022-02-21 15:00:00;21.53663735415529;;;;;;;
2022-02-21 16:00:00;21.9699941109508;;;;;;;
2022-02-21 17:00:00;23.03877318069821;;;;;;;
2022-02-21 18:00:00;23.74071537759587;;;;;;;
2022-02-21 19:00:00;18.46908679961529;;;;;;;
2022-02-21 20:00:00;22.87603537996924;;;;;;;
2022-02-21 21:00:00;19.56343109367875;;;;;;;
2022-02-21 22:00:00;21.33197798565229;;;;;;;
2022-02-21 23:00:00;19.28412857982565;;;;;;;
2022-02-22 00:00:00;22.62473779954207;;;;;;;
2022-02-22 01:00:00;20.65014768961621;;;;;;;
2022-02-22 02:00:00;25.82904380211183;;;;;;;
2022-02-22 03:00:00;23.23172714725135;;;;;;;
2022-02-22 04:00:00;17.81560206286121;;;;;;;
2022-02-22 05:00:00;19.91396802114296;;;;;;;
2022-02-22 06:00:00;24.95197057468755;;;;;;;
2022-02-22 07:00:00;20.0525081234315;;;;;;;
2022-02-22 08:00:00;19.12797796118878;;;;;;;
2022-02-22 09:00:00;20.2686611926817;;;;;;;
2022-02-22 10:00:00;22.20001811253586;;;;;;;
2022-02-22 11:00:00;22.32990049780226;;;;;;;
2022-02-22 12:00:00;30.0468373287864;;;;;;;
2022-02-22 13:00:00;29.55337026900797;;;;;;;
2022-02-22 14:00:00;19.84606464878174;;;;;;;
2022-02-22 15:00:00;19.66341838602711;;;;;;;
2022-02-22 16:00:00;25.68765421656074;;;;;;;
2022-02-22 17:00:00;24.67802836512995;;;;;;;
2022-02-22 18:00:00;22.2612088920495;;;;;;;
2022-02-22 19:00:00;21.75941757441228;;;;;;;
2022-02-22 20:00:00;24.15693417549559;;;;;;;
2022-02-22 21:00:00;19.6468542487434;;;;;;;
2022-02-22 22:00:00;21.89083754396372;;;;;;;
2022-02-22 23:00:00;15.67214524260599;;;;;;;
2022-02-23 00:00:00;24.38744144216273;;;;;;;
2022-02-23 01:00:00;20.19441699126737;;;;;;;
2022-02-23 02:00:00;21.26071085688081;;;;;;;
2022-02-23 03:00:00;20.05271274770357;;;;;;;
2022-02-23 04:00:00;22.84709611051811;;;;;;;
2022-02-23 05:00:00;26.09429802336157;;;;;;;
2022-02-23 06:00:00;24.99820033745085;;;;;;;
2022-02-23 07:00:00;23.09210767029853;;;;;;;
2022-02-23 08:00:00;21.57071937762017;;;;;;;
2022-02-23 09:00:00;21.95463837791362;;;;;;;
2022-02-23 10:00:00;22.28616040523908;;;;;;;
2022-02-23 11:00:00;21.5912003373995;;;;;;;
2022-02-23 12:00:00;18.00723503409779;;;;;;;
2022-02-23 13:00:00;19.70260254666006;;;;;;;
2022-02-23 14:00:00;24.48009870931404;;;;;;;
2022-02-23 15:00:00;20.85128143117474;;;;;;;
2022-02-23 16:00:00;24.3263210398518;;;;;;;
2022-02-23 17:00:00;19.57951331386619;;;;;;;
2022-02-23 18:00:00;23.39616886092997;;;;;;;
2022-02-23 19:00:00;17.97909703851914;;;;;;;
2022-02-23 20:00:00;19.50607525121579;;;;;;;
2022-02-23 21:00:00;24.24697538032158;;;;;;;
2022-02-23 22:00:00;21.64792422828985;;;;;;;
2022-02-23 23:00:00;20.26848145752027;;;;;;;
2022-02-24 00:00:00;19.76887379503767;;;;;;;
2022-02-24 01:00:00;17.69456221242114;;;;;;;
2022-02-24 02:00:00;23.98186490534144;;;;;;;
2022-02-24 03:00:00;17.8411433814506;;;;;;;
2022-02-24 04:00:00;23.7717413007689;;;;;;;
2022-02-24 05:00:00;19.51712873474831;;;;;;;
2022-02-24 06:00:00;23.3657297793645;;;;;;;
2022-02-24 07:00:00;20.04749182290391;;;;;;;
2022-02-24 08:00:00;22.20135957223283;;;;;;;
2022-02-24 09:00:00;25.24666625850185;;;;;;;
2022-02-24 10:00:00;19.85650865551819;;;;;;;
2022-02-24 11:00:00;15.70818198588975;;;;;;;
2022-02-24 12:00:00;18.12407955985957;;;;;;;
2022-02-24 13:00:00;20.95412115003986;;;;;;;
2022-02-24 14:00:00;25.48753329463109;;;;;;;
2022-02-24 15:00:00;22.16317212294456;;;;;;;
2022-02-24 16:00:00;15.92144586374072;;;;;;;
2022-02-24 17:00:00;21.43046968232247;;;;;;;
2022-02-24 18:00:00;18.78153024459454;;;;;;;
2022-02-24 19:00:00;22.22220051559597;;;;;;;
2022-02-24 20:00:00;19.94787037005998;;;;;;;
2022-02-24 21:00:00;24.20733095758591;;;;;;;
2022-02-24 22:00:00;16.97439844247619;;;;;;;
2022-02-24 23:00:00;22.5492981363039;;;;;;;
2022-02-25 00:00:00;22.53796522189663;;;;;;;
2022-02-25 01:00:00;15.95700382658669;;;;;;;
2022-02-25 02:00:00;20.28957982022738;;;;;;;
2022-02-25 03:00:00;22.0547404513805;;;;;;;
2022-02-25 04:00:00;18.02124813002034;;;;;;;
2022-02-25 05:00:00;15.62763147933884;;;;;;;
2022-02-25 06:00:00;24.78817798424839;;;;;;;
2022-02-25 07:00:00;24.64668522645601;;;;;;;
2022-02-25 08:00:00;13.83641458027029;;;;;;;
2022-02-25 09:00:00;22.02210527007947;;;;;;;
2022-02-25 10:00:00;21.99988045619531;;;;;;;
2022-02-25 11:00:00;23.75872264885087;;;;;;;
2022-02-25 12:00:00;18.06856234683951;;;;;;;
2022-02-25 13:00:00;18.09454559706849;;;;;;;
2022-02-25 14:00:00;22.15663087147854;;;;;;;
2022-02-25 15:00:00;17.72096379684165;;;;;;;
2022-02-25 16:00:00;18.60896063492125;;;;;;;
2022-02-25 17:00:00;21.9475648038641;;;;;;;
2022-02-25 18:00:00;19.5518159598007;;;;;;;
2022-02-25 19:00:00;18.72169210661717;;;;;;;
2022-02-25 20:00:00;16.62579543968626;;;;;;;
2022-02-25 21:00:00;18.20984785364466;;;;;;;
2022-02-25 22:00:00;25.22126025998337;;;;;;;
2022-02-25 23:00:00;24.01658713914996;;;;;;;
2022-02-26 00:00:00;18.90182922717156;;;;;;;
2022-02-26 01:00:00;20.31989254100323;;;;;;;
2022-02-26 02:00:00;26.05162826243818;;;;;;;
2022-02-26 03:00:00;25.94992130890412;;;;;;;
2022-02-26 04:00:00;18.83675823357538;;;;;;;
2022-02-26 05:00:00;21.64725898456098;;;;;;;
2022-02-26 06:00:00;19.51892041184827;;;;;;;
2022-02-26 07:00:00;20.75746620660708;;;;;;;
2022-02-26 08:00:00;15.95336758838092;;;;;;;
2022-02-26 09:00:00;24.8861676416785;;;;;;;
2022-02-26 10:00:00;26.0318235184189;;;;;;;
2022-02-26 11:00:00;25.99030902582258;;;;;;;
2022-02-26 12:00:00;20.63082002210395;;;;;;;
2022-02-26 13:00:00;18.99693123980767;;;;;;;
2022-02-26 14:00:00;20.10650420815109;;;;;;;
2022-02-26 15:00:00;17.74323587048825;;;;;;;
2022-02-26 16:00:00;22.69548716162463;;;;;;;
2022-02-26 17:00:00;23.18630155591568;;;;;;;
2022-02-26 18:00:00;20.08640102280177;;;;;;;
2022-02-26 19:00:00;24.08298068855451;;;;;;;
2022-02-26 20:00:00;20.82336048971089;;;;;;;
2022-02-26 21:00:00;19.13855055454345;;;;;;;
2022-02-26 22:00:00;24.55242779657424;;;;;;;
2022-02-26 23:00:00;24.14439419475898;;;;;;;
2022-02-27 00:00:00;18.37149997645303;;;;;;;
2022-02-27 01:00:00;21.1766973851467;;;;;;;
2022-02-27 02:00:00;22.156351489567;;;;;;;
2022-02-27 03:00:00;23.66083055607083;;;;;;;
2022-02-27 04:00:00;21.29749487527079;;;;;;;
2022-02-27 05:00:00;20.09081606057281;;;;;;;
2022-02-27 06:00:00;16.70686641473129;;;;;;;
2022-02-27 07:00:00;19.74627951761211;;;;;;;
2022-02-27 08:00:00;22.89072248189358;;;;;;;
2022-02-27 09:00:00;19.56808675124145;;;;;;;
2022-02-27 10:00:00;18.31402205648698;;;;;;;
2022-02-27 11:00:00;23.15802246265991;;;;;;;
2022-02-27 12:00:00;21.40785797672185;;;;;;;
2022-02-27 13:00:00;21.57596324699479;;;;;;;
2022-02-27 14:00:00;22.30697959455396;;;;;;;
2022-02-27 15:00:00;16.70314202757334;;;;;;;
2022-02-27 16:00:00;19.52401616568705;;;;;;;
2022-02-27 17:00:00;27.48152455297769;;;;;;;
2022-02-27 18:00:00;19.72713975166515;;;;;;;
2022-02-27 19:00:00;23.33106884704613;;;;;;;
2022-02-27 20:00:00;24.58333264970366;;;;;;;
2022-02-27 21:00:00;17.81858064565694;;;;;;;
2022-02-27 22:00:00;22.1539824252802;;;;;;;
2022-02-27 23:00:00;22.78283325669544;;;;;;;
2022-02-28 00:00:00;20.504097092167;;;;;;;
2022-02-28 01:00:00;17.35142316632585;;;;;;;
2022-02-28 02:00:00;27.10785930895188;;;;;;;
2022-02-28 03:00:00;27.13935397088791;;;;;;;
2022-02-28 04:00:00;22.56844610513022;;;;;;;
2022-02-28 05:00:00;20.61077778828141;;;;;;;
2022-02-28 06:00:00;28.23829370740332;;;;;;;
2022-02-28 07:00:00;21.98851089094581;;;;;;;
2022-02-28 08:00:00;23.46222440269078;;;;;;;
2022-02-28 09:00:00;25.28013765851381;;;;;;;
2022-02-28 10:00:00;18.66588593720025;;;;;;;
2022-02-28 11:00:00;17.25234337280006;;;;;;;
2022-02-28 12:00:00;21.12317698876254;;;;;;;
2022-02-28 13:00:00;19.95703703860134;;;;;;;
2022-02-28 14:00:00;26.63775761748494;;;;;;;
2022-02-28 15:00:00;19.26357491071948;;;;;;;
2022-02-28 16:00:00;23.93597151924348;;;;;;;
2022-02-28 17:00:00;23.56875962517056;;;;;;;
2022-02-28 18:00:00;21.64640544915083;;;;;;;
2022-02-28 19:00:00;24.4666379686525;;;;;;;
2022-02-28 20:00:00;20.61759584440187;;;;;;;
2022-02-28 21:00:00;15.85181279832206;;;;;;;
2022-02-28 22:00:00;20.3930710869044;;;;;;;
2022-02-28 23:00:00;17.92421374172796;;;;;;;
2022-03-01 00:00:00;22.88057914016946;;;;;;;
2022-03-01 01:00:00;16.1561029656817;;;;;;;
2022-03-01 02:00:00;20.56699704853786;;;;;;;
2022-03-01 03:00:00;17.23224438516676;;;;;;;
2022-03-01 04:00:00;15.04475362236193;;;;;;;
2022-03-01 05:00:00;27.49475270706618;;;;;;;
2022-03-01 06:00:00;16.28588087220388;;;;;;;
2022-03-01 07:00:00;29.23546478423125;;;;;;;
2022-03-01 08:00:00;20.37218615901806;;;;;;;
2022-03-01 09:00:00;22.56875508661794;;;;;;;
2022-03-01 10:00:00;19.6665935947218;;;;;;;
2022-03-01 11:00:00;24.96396804705844;;;;;;;
2022-03-01 12:00:00;24.56180762750696;;;;;;;
2022-03-01 13:00:00;21.73126329930096;;;;;;;
2022-03-01 14:00:00;21.36151767367357;;;;;;;
2022-03-01 15:00:00;18.19018582244304;;;;;;;
2022-03-01 16:00:00;21.82220362074791;;;;;;;
2022-03-01 17:00:00;19.07330265280238;;;;;;;
2022-03-01 18:00:00;25.90975785804469;;;;;;;
2022-03-01 19:00:00;19.16661471130892;;;;;;;
2022-03-01 20:00:00;18.41837302915511;;;;;;;
2022-03-01 21:00:00;17.86660568243101;;;;;;;
2022-03-01 22:00:00;21.8858272793011;;;;;;;
2022-03-01 23:00:00;17.92182127355413;;;;;;;
2022-03-02 00:00:00;17.50296634090099;;;;;;;
2022-03-02 01:00:00;23.06232396533916;;;;;;;
2022-03-02 02:00:00;19.66177385937992;;;;;;;
2022-03-02 03:00:00;19.17451641691468;;;;;;;
2022-03-02 04:00:00;12.87981029803894;;;;;;;
2022-03-02 05:00:00;26.20346418061544;;;;;;;
2022-03-02 06:00:00;19.1749404729883;;;;;;;
2022-03-02 07:00:00;21.15102686720569;;;;;;;
2022-03-02 08:00:00;26.02011162981556;;;;;;;
2022-03-02 09:00:00;23.54975386491737;;;;;;;
2022-03-02 10:00:00;16.28304587382684;;;;;;;
2022-03-02 11:00:00;21.69486542715121;;;;;;;
2022-03-02 12:00:00;19.88968933654836;;;;;;;
2022-03-02 13:00:00;22.43699855502603;;;;;;;
2022-03-02 14:00:00;15.59918122161076;;;;;;;
2022-03-02 15:00:00;23.83812051243713;;;;;;;
2022-03-02 16:00:00;22.50535608125902;;;;;;;
2022-03-02 17:00:00;22.97568477336738;;;;;;;
2022-03-02 18:00:00;19.61212944409557;;;;;;;
2022-03-02 19:00:00;23.38220145619726;;;;;;;
2022-03-02 20:00:00;16.04466388107194;;;;;;;
2022-03-02 21:00:00;25.13668435008291;;;;;;;
2022-03-02 22:00:00;21.27298521107952;;;;;;;
2022-03-02 23:00:00;21.68712978047382;;;;;;;
2022-03-03 00:00:00;16.72602281674952;;;;;;;
2022-03-03 01:00:00;19.33255089686095;;;;;;;
2022-03-03 02:00:00;18.36323432530764;;;;;;;
2022-03-03 03:00:00;12.41230683587266;;;;;;;
2022-03-03 04:00:00;19.4068115774159;;;;;;;
2022-03-03 05:00:00;20.09863412358003;;;;;;;
2022-03-03 06:00:00;18.56133181713436;;;;;;;
2022-03-03 07:00:00;21.97891301445613;;;;;;;
2022-03-03 08:00:00;16.46028210558303;;;;;;;
2022-03-03 09:00:00;17.5676344200852;;;;;;;
2022-03-03 10:00:00;26.21960333953756;;;;;;;
2022-03-03 11:00:00;22.85134073690784;;;;;;;
2022-03-03 12:00:00;18.65583569957753;;;;;;;
2022-03-03 13:00:00;20.30103924491853;;;;;;;
2022-03-03 14:00:00;15.39529228882329;;;;;;;
2022-03-03 15:00:00;20.72128545008889;;;;;;;
2022-03-03 16:00:00;15.92772672860659;;;;;;;
2022-03-03 17:00:00;21.33094747787718;;;;;;;
2022-03-03 18:00:00;18.46308715005081;;;;;;;
2022-03-03 19:00:00;22.60405239651347;;;;;;;
2022-03-03 20:00:00;22.26381863056381;;;;;;;
2022-03-03 21:00:00;28.25116553732792;;;;;;;
2022-03-03 22:00:00;18.44718685692735;;;;;;;
2022-03-03 23:00:00;16.42745260022679;;;;;;;
2022-03-04 00:00:00;25.11288641422998;;;;;;;
2022-03-04 01:00:00;22.69223671054194;;;;;;;
2022-03-04 02:00:00;15.3310507516643;;;;;;;
2022-03-04 03:00:00;22.41358896155766;;;;;;;
2022-03-04 04:00:00;20.26488215329655;;;;;;;
2022-03-04 05:00:00;19.64904664141895;;;;;;;
2022-03-04 06:00:00;25.28210408214987;;;;;;;
2022-03-04 07:00:00;19.27218303640338;;;;;;;
2022-03-04 08:00:00;20.90435359956199;;;;;;;
2022-03-04 09:00:00;17.15565997664809;;;;;;;
2022-03-04 10:00:00;16.87521867773505;;;;;;;
2022-03-04 11:00:00;20.60269780096845;;;;;;;
2022-03-04 12:00:00;19.12559885639891;;;;;;;
2022-03-04 13:00:00;25.04666449559858;;;;;;;
2022-03-04 14:00:00;18.97140022883448;;;;;;;
2022-03-04 15:00:00;21.22757715963323;;;;;;;
2022-03-04 16:00:00;22.13343076131619;;;;;;;
2022-03-04 17:00:00;13.76386423278649;;;;;;;
2022-03-04 18:00:00;18.15310703030221;;;;;;;
2022-03-04 19:00:00;18.18765713467093;;;;;;;
2022-03-04 20:00:00;9.127425986054266;;;;;;;
2022-03-04 21:00:00;30.49880318215557;;;;;;;
2022-03-04 22:00:00;17.82904480640994;;;;;;;
2022-03-04 23:00:00;13.70021086450594;;;;;;;
2022-03-05 00:00:00;23.0211257795225;;;;;;;
2022-03-05 01:00:00;24.22680979918858;;;;;;;
2022-03-05 02:00:00;22.75425176713346;;;;;;;
2022-03-05 03:00:00;25.21634610505144;;;;;;;
2022-03-05 04:00:00;19.61669655395961;;;;;;;
2022-03-05 05:00:00;21.16010051267745;;;;;;;
2022-03-05 06:00:00;20.13388883062183;;;;;;;
2022-03-05 07:00:00;22.2493360398647;;;;;;;
2022-03-05 08:00:00;18.84929447337709;;;;;;;
2022-03-05 09:00:00;17.62233507161877;;;;;;;
2022-03-05 10:00:00;23.2238314003228;;;;;;;
2022-03-05 11:00:00;22.9434253056864;;;;;;;
2022-03-05 12:00:00;27.81998630987488;;;;;;;
2022-03-05 13:00:00;26.17533497187253;;;;;;;
2022-03-05 14:00:00;20.77989372068354;;;;;;;
2022-03-05 15:00:00;20.67220668306265;;;;;;;
2022-03-05 16:00:00;20.32425179655603;;;;;;;
2022-03-05 17:00:00;22.24459501407501;;;;;;;
2022-03-05 18:00:00;18.27112636457203;;;;;;;
2022-03-05 19:00:00;26.44186501427317;;;;;;;
2022-03-05 20:00:00;24.10763945438238;;;;;;;
2022-03-05 21:00:00;29.12510561966316;;;;;;;
2022-03-05 22:00:00;22.88914595807872;;;;;;;
2022-03-05 23:00:00;16.51958235249691;;;;;;;
2022-03-06 00:00:00;23.16824955088727;;;;;;;
2022-03-06 01:00:00;23.98882882389264;;;;;;;
2022-03-06 02:00:00;23.30551487131076;;;;;;;
2022-03-06 03:00:00;20.92531059126087;;;;;;;
2022-03-06 04:00:00;22.53740832257684;;;;;;;
2022-03-06 05:00:00;23.91658834367963;;;;;;;
2022-03-06 06:00:00;21.1962886469943;;;;;;;
2022-03-06 07:00:00;14.14402807157388;;;;;;;
2022-03-06 08:00:00;23.01963627894624;;;;;;;
2022-03-06 09:00:00;20.91328619181026;;;;;;;
2022-03-06 10:00:00;19.64393666432852;;;;;;;
2022-03-06 11:00:00;16.73448770205782;;;;;;;
2022-03-06 12:00:00;17.18170703900907;;;;;;;
2022-03-06 13:00:00;22.69397874874817;;;;;;;
2022-03-06 14:00:00;17.3958226914926;;;;;;;
2022-03-06 15:00:00;25.14461380583865;;;;;;;
2022-03-06 16:00:00;17.66308201555617;;;;;;;
2022-03-06 17:00:00;22.49505504349148;;;;;;;
2022-03-06 18:00:00;24.11621354385791;;;;;;;
2022-03-06 19:00:00;20.10943655319467;;;;;;;
2022-03-06 20:00:00;24.42931026555558;;;;;;;
2022-03-06 21:00:00;21.92346538764489;;;;;;;
2022-03-06 22:00:00;25.63925746676508;;;;;;;
2022-03-06 23:00:00;18.76376731905318;;;;;;;
2022-03-07 00:00:00;16.63630670006678;;;;;;;
2022-03-07 01:00:00;21.0439906617396;;;;;;;
2022-03-07 02:00:00;14.71861232650598;;;;;;;
2022-03-07 03:00:00;24.13857581130991;;;;;;;
2022-03-07 04:00:00;16.82747540129463;;;;;;;
2022-03-07 05:00:00;22.599815063579;;;;;;;
2022-03-07 06:00:00;20.72857965104057;;;;;;;
2022-03-07 07:00:00;25.83986035735655;;;;;;;
2022-03-07 08:00:00;19.03744822093077;;;;;;;
2022-03-07 09:00:00;25.84101580646792;;;;;;;
2022-03-07 10:00:00;17.52980006768439;;;;;;;
2022-03-07 11:00:00;19.41219112780784;;;;;;;
2022-03-07 12:00:00;18.33989270543303;;;;;;;
2022-03-07 13:00:00;26.48375954779697;;;;;;;
2022-03-07 14:00:00;21.41482296721784;;;;;;;
2022-03-07 15:00:00;21.46222816172545;;;;;;;
2022-03-07 16:00:00;22.6087161631855;;;;;;;
2022-03-07 17:00:00;22.03053427628726;;;;;;;
2022-03-07 18:00:00;23.07991039572959;;;;;;;
2022-03-07 19:00:00;20.7931781752675;;;;;;;
2022-03-07 20:00:00;17.03575365750865;;;;;;;
2022-03-07 21:00:00;21.61292919693374;;;;;;;
2022-03-07 22:00:00;13.10898675620986;;;;;;;
2022-03-07 23:00:00;19.99144399986631;;;;;;;
2022-03-08 00:00:00;23.82462740078949;;;;;;;
2022-03-08 01:00:00;18.63446751707608;;;;;;;
2022-03-08 02:00:00;19.15210353006576;;;;;;;
2022-03-08 03:00:00;25.55699782493579;;;;;;;
2022-03-08 04:00:00;24.7705278278677;;;;;;;
2022-03-08 05:00:00;19.29039807967483;;;;;;;
2022-03-08 06:00:00;22.92303004693767;;;;;;;
2022-03-08 07:00:00;19.58139551430444;;;;;;;
2022-03-08 08:00:00;22.94794762607744;;;;;;;
2022-03-08 09:00:00;20.16239007914119;;;;;;;
2022-03-08 10:00:00;16.95845815670866;;;;;;;
2022-03-08 11:00:00;19.31498788990862;;;;;;;
2022-03-08 12:00:00;21.96615773344903;;;;;;;
2022-03-08 13:00:00;18.32252808165307;;;;;;;
2022-03-08 14:00:00;23.42015613600996;;;;;;;
2022-03-08 15:00:00;21.14911824068669;;;;;;;
2022-03-08 16:00:00;20.44292844111808;;;;;;;
2022-03-08 17:00:00;19.25243659078691;;;;;;;
2022-03-08 18:00:00;26.2180704071098;;;;;;;
2022-03-08 19:00:00;22.88024075682739;;;;;;;
2022-03-08 20:00:00;21.36558013333557;;;;;;;
2022-03-08 21:00:00;20.07259173720083;;;;;;;
2022-03-08 22:00:00;26.23582953758638;;;;;;;
2022-03-08 23:00:00;22.48455855532027;;;;;;;
2022-03-09 00:00:00;22.09979844152899;;;;;;;
2022-03-09 01:00:00;26.11240792490046;;;;;;;
2022-03-09 02:00:00;17.82022452838029;;;;;;;
2022-03-09 03:00:00;21.66855991855092;;;;;;;
2022-03-09 04:00:00;20.07587345728118;;;;;;;
2022-03-09 05:00:00;21.8357105561645;;;;;;;
2022-03-09 06:00:00;16.81075781086445;;;;;;;
2022-03-09 07:00:00;21.87608470934614;;;;;;;
2022-03-09 08:00:00;18.55601446502364;;;;;;;
2022-03-09 09:00:00;13.38031320536627;;;;;;;
2022-03-09 10:00:00;20.87557493951719;;;;;;;
2022-03-09 11:00:00;23.75517156347864;;;;;;;
2022-03-09 12:00:00;23.01751106715708;;;;;;;
2022-03-09 13:00:00;21.14402605172574;;;;;;;
2022-03-09 14:00:00;22.05659315510959;;;;;;;
2022-03-09 15:00:00;20.21081130882276;;;;;;;
2022-03-09 16:00:00;20.9895879602934;;;;;;;
2022-03-09 17:00:00;24.5157444264859;;;;;;;
2022-03-09 18:00:00;20.05511763108669;;;;;;;
2022-03-09 19:00:00;18.16293996475198;;;;;;;
2022-03-09 20:00:00;25.31785900114885;;;;;;;
2022-03-09 21:00:00;21.08877859243733;;;;;;;
2022-03-09 22:00:00;23.88012351042182;;;;;;;
2022-03-09 23:00:00;16.88499184658763;;;;;;;
2022-03-10 00:00:00;20.40515684088268;;;;;;;
2022-03-10 01:00:00;14.64627832644572;;;;;;;
2022-03-10 02:00:00;22.79183716714378;;;;;;;
2022-03-10 03:00:00;23.16399661255451;;;;;;;
2022-03-10 04:00:00;20.80233108281619;;;;;;;
2022-03-10 05:00:00;17.50448791129838;;;;;;;
2022-03-10 06:00:00;20.09550166915382;;;;;;;
2022-03-10 07:00:00;21.8288086352574;;;;;;;
2022-03-10 08:00:00;17.89044997154356;;;;;;;
2022-03-10 09:00:00;20.25847292076066;;;;;;;
2022-03-10 10:00:00;18.16807715805476;;;;;;;
2022-03-10 11:00:00;18.83150889299478;;;;;;;
2022-03-10 12:00:00;22.514947613675;;;;;;;
2022-03-10 13:00:00;21.88615594161542;;;;;;;
2022-03-10 14:00:00;22.3402433450637;;;;;;;
2022-03-10 15:00:00;19.78867931632028;;;;;;;
2022-03-10 16:00:00;20.39705977996047;;;;;;;
2022-03-10 17:00:00;21.12945148756189;;;;;;;
2022-03-10 18:00:00;21.73829634506786;;;;;;;
2022-03-10 19:00:00;19.22397271005319;;;;;;;
2022-03-10 20:00:00;16.76267521382155;;;;;;;
2022-03-10 21:00:00;17.47101807666992;;;;;;;
2022-03-10 22:00:00;25.08870468873923;;;;;;;
2022-03-10 23:00:00;21.12223221452096;;;;;;;
2022-03-11 00:00:00;19.33948243515154;;;;;;;
2022-03-11 01:00:00;21.22591757185126;;;;;;;
2022-03-11 02:00:00;20.25995258653552;;;;;;;
2022-03-11 03:00:00;23.44050520897991;;;;;;;
2022-03-11 04:00:00;21.33756739031347;;;;;;;
2022-03-11 05:00:00;19.20697792493052;;;;;;;
2022-03-11 06:00:00;18.99063207063154;;;;;;;
2022-03-11 07:00:00;18.14065134562075;;;;;;;
2022-03-11 08:00:00;19.66030300325064;;;;;;;
2022-03-11 09:00:00;24.26633256634976;;;;;;;
2022-03-11 10:00:00;25.65461720814333;;;;;;;
2022-03-11 11:00:00;21.47233761199189;;;;;;;
2022-03-11 12:00:00;25.05505721464033;;;;;;;
2022-03-11 13:00:00;25.94009410981582;;;;;;;
2022-03-11 14:00:00;20.10268771792948;;;;;;;
2022-03-11 15:00:00;14.91122104847558;;;;;;;
2022-03-11 16:00:00;25.95428034522348;;;;;;;
2022-03-11 17:00:00;20.16592345882507;;;;;;;
2022-03-11 18:00:00;22.4997790128727;;;;;;;
2022-03-11 19:00:00;22.92557396883102;;;;;;;
2022-03-11 20:00:00;23.25301534192338;;;;;;;
2022-03-11 21:00:00;24.18451104440574;;;;;;;
2022-03-11 22:00:00;20.25368938345157;;;;;;;
2022-03-11 23:00:00;20.89397090322547;;;;;;;
2022-03-12 00:00:00;16.26497645226439;;;;;;;
2022-03-12 01:00:00;21.54209874084374;;;;;;;
2022-03-12 02:00:00;15.95307396159227;;;;;;;
2022-03-12 03:00:00;21.97220259487286;;;;;;;
2022-03-12 04:00:00;24.32201665696084;;;;;;;
2022-03-12 05:00:00;25.3027753168694;;;;;;;
2022-03-12 06:00:00;19.70706764185207;;;;;;;
2022-03-12 07:00:00;26.28206327623016;;;;;;;
2022-03-12 08:00:00;23.11436569432738;;;;;;;
2022-03-12 09:00:00;24.0973381978738;;;;;;;
2022-03-12 10:00:00;23.40087961698955;;;;;;;
2022-03-12 11:00:00;21.52942674799689;;;;;;;
2022-03-12 12:00:00;27.24814979473335;;;;;;;
2022-03-12 13:00:00;19.75770341717442;;;;;;;
2022-03-12 14:00:00;24.2104645297552;;;;;;;
2022-03-12 15:00:00;22.64556715773598;;;;;;;
2022-03-12 16:00:00;24.4366042575552;;;;;;;
2022-03-12 17:00:00;19.58976765496669;;;;;;;
2022-03-12 18:00:00;24.71993020603333;;;;;;;
2022-03-12 19:00:00;29.13710330276645;;;;;;;
2022-03-12 20:00:00;15.59491559874204;;;;;;;
2022-03-12 21:00:00;27.53913631049652;;;;;;;
2022-03-12 22:00:00;20.78832496929785;;;;;;;
2022-03-12 23:00:00;15.67490798845796;;;;;;;
2022-03-13 00:00:00;23.5353453489018;;;;;;;
2022-03-13 01:00:00;20.95007680906945;;;;;;;
2022-03-13 02:00:00;23.62490986066488;;;;;;;
2022-03-13 03:00:00;16.69628388646757;;;;;;;
2022-03-13 04:00:00;22.15602918361868;;;;;;;
2022-03-13 05:00:00;26.85585002611919;;;;;;;
2022-03-13 06:00:00;20.21956935433818;;;;;;;
2022-03-13 07:00:00;25.11734441083008;;;;;;;
2022-03-13 08:00:00;22.82038039240862;;;;;;;
2022-03-13 09:00:00;27.17580260103757;;;;;;;
2022-03-13 10:00:00;25.11989854113163;;;;;;;
2022-03-13 11:00:00;23.98109561586202;;;;;;;
2022-03-13 12:00:00;22.1457898302053;;;;;;;
2022-03-13 13:00:00;22.8512233746874;;;;;;;
2022-03-13 14:00:00;23.02120617424155;;;;;;;
2022-03-13 15:00:00;19.77945909569325;;;;;;;
2022-03-13 16:00:00;16.07850613857677;;;;;;;
2022-03-13 17:00:00;19.2567118970473;;;;;;;
2022-03-13 18:00:00;20.5057085444155;;;;;;;
2022-03-13 19:00:00;24.02094072604214;;;;;;;
2022-03-13 20:00:00;18.88882493192439;;;;;;;
2022-03-13 21:00:00;23.90914379749484;;;;;;;
2022-03-13 22:00:00;23.10217536869548;;;;;;;
2022-03-13 23:00:00;21.70214170756588;;;;;;;
2022-03-14 00:00:00;22.96092535365007;;;;;;;
2022-03-14 01:00:00;21.70580773709911;;;;;;;
2022-03-14 02:00:00;17.99659161945608;;;;;;;
2022-03-14 03:00:00;24.33497752116259;;;;;;;
2022-03-14 04:00:00;17.92073856969307;;;;;;;
2022-03-14 05:00:00;22.18755378991003;;;;;;;
2022-03-14 06:00:00;19.46988127459867;;;;;;;
2022-03-14 07:00:00;24.2022178319877;;;;;;;
2022-03-14 08:00:00;23.29451810181935;;;;;;;
2022-03-14 09:00:00;20.44186222409668;;;;;;;
2022-03-14 10:00:00;22.10350995153581;;;;;;;
2022-03-14 11:00:00;21.07874002551347;;;;;;;
2022-03-14 12:00:00;25.33600863685641;;;;;;;
2022-03-14 13:00:00;28.74519421800042;;;;;;;
2022-03-14 14:00:00;19.14305751738071;;;;;;;
2022-03-14 15:00:00;15.19539498550581;;;;;;;
2022-03-14 16:00:00;13.51323777006079;;;;;;;
2022-03-14 17:00:00;21.8068158811506;;;;;;;
2022-03-14 18:00:00;17.36524732161179;;;;;;;
2022-03-14 19:00:00;20.00992949147018;;;;;;;
2022-03-14 20:00:00;24.15732368047342;;;;;;;
2022-03-14 21:00:00;29.37600043561939;;;;;;;
2022-03-14 22:00:00;20.24882404307694;;;;;;;
2022-03-14 23:00:00;23.93073905893876;;;;;;;
2022-03-15 00:00:00;22.55486009003772;;;;;;;
2022-03-15 01:00:00;20.58058002473984;;;;;;;
2022-03-15 02:00:00;19.49600585820515;;;;;;;
2022-03-15 03:00:00;22.84302220743145;;;;;;;
2022-03-15 04:00:00;22.10002413822202;;;;;;;
2022-03-15 05:00:00;18.72277437238794;;;;;;;
2022-03-15 06:00:00;22.20266629643238;;;;;;;
2022-03-15 07:00:00;19.69155825616441;;;;;;;
2022-03-15 08:00:00;21.1014400842984;;;;;;;
2022-03-15 09:00:00;23.46229523870231;;;;;;;
2022-03-15 10:00:00;19.97448637073919;;;;;;;
2022-03-15 11:00:00;22.42877512790544;;;;;;;
2022-03-15 12:00:00;19.28805820617282;;;;;;;
2022-03-15 13:00:00;22.33015719590978;;;;;;;
2022-03-15 14:00:00;21.07260684851039;;;;;;;
2022-03-15 15:00:00;16.90590638890158;;;;;;;
2022-03-15 16:00:00;17.27293640408134;;;;;;;
2022-03-15 17:00:00;22.71967310351688;;;;;;;
2022-03-15 18:00:00;17.30591641351065;;;;;;;
2022-03-15 19:00:00;17.7779652307163;;;;;;;
2022-03-15 20:00:00;25.32188132158024;;;;;;;
2022-03-15 21:00:00;19.62501071239394;;;;;;;
2022-03-15 22:00:00;20.75782363126766;;;;;;;
2022-03-15 23:00:00;19.92054930252825;;;;;;;
2022-03-16 00:00:00;18.17635052903127;;;;;;;
2022-03-16 01:00:00;26.60520241027001;;;;;;;
2022-03-16 02:00:00;21.77164178657851;;;;;;;
2022-03-16 03:00:00;22.76343647104298;;;;;;;
2022-03-16 04:00:00;23.16554810943821;;;;;;;
2022-03-16 05:00:00;24.33674277457049;;;;;;;
2022-03-16 06:00:00;17.96285820152532;;;;;;;
2022-03-16 07:00:00;21.81054931773196;;;;;;;
2022-03-16 08:00:00;21.03118868317899;;;;;;;
2022-03-16 09:00:00;23.3351793054321;;;;;;;
2022-03-16 10:00:00;18.17779505749932;;;;;;;
2022-03-16 11:00:00;19.41360011375528;;;;;;;
2022-03-16 12:00:00;20.91742487505453;;;;;;;
2022-03-16 13:00:00;12.53979612053642;;;;;;;
2022-03-16 14:00:00;21.90775587176388;;;;;;;
2022-03-16 15:00:00;23.65319874249612;;;;;;;
2022-03-16 16:00:00;21.28617536268389;;;;;;;
2022-03-16 17:00:00;18.92338304369076;;;;;;;
2022-03-16 18:00:00;20.57667051171184;;;;;;;
2022-03-16 19:00:00;18.49641622129538;;;;;;;
2022-03-16 20:00:00;22.42800639972037;;;;;;;
2022-03-16 21:00:00;19.92466932724617;;;;;;;
2022-03-16 22:00:00;24.35881675462806;;;;;;;
2022-03-16 23:00:00;25.80422097866645;;;;;;;
2022-03-17 00:00:00;26.2632862568795;;;;;;;
2022-03-17 01:00:00;20.91123199709171;;;;;;;
2022-03-17 02:00:00;13.86888403230937;;;;;;;
2022-03-17 03:00:00;22.05938020782029;;;;;;;
2022-03-17 04:00:00;21.26900209344147;;;;;;;
2022-03-17 05:00:00;23.80611668623384;;;;;;;
2022-03-17 06:00:00;24.22372062158427;;;;;;;
2022-03-17 07:00:00;21.91155155671419;;;;;;;
2022-03-17 08:00:00;23.0623111372709;;;;;;;
2022-03-17 09:00:00;19.56358589306096;;;;;;;
2022-03-17 10:00:00;22.079779279931;;;;;;;
2022-03-17 11:00:00;14.12224439463757;;;;;;;
2022-03-17 12:00:00;23.61241519986379;;;;;;;
2022-03-17 13:00:00;16.27118414632511;;;;;;;
2022-03-17 14:00:00;25.17671114760079;;;;;;;
2022-03-17 15:00:00;20.06161037751574;;;;;;;
2022-03-17 16:00:00;23.36232373907295;;;;;;;
2022-03-17 17:00:00;22.28542564631956;;;;;;;
2022-03-17 18:00:00;22.84066171951449;;;;;;;
2022-03-17 19:00:00;20.99812421038647;;;;;;;
2022-03-17 20:00:00;18.78740640862524;;;;;;;
2022-03-17 21:00:00;22.11872325622546;;;;;;;
2022-03-17 22:00:00;22.70942839335438;;;;;;;
2022-03-17 23:00:00;23.10172651135203;;;;;;;
2022-03-18 00:00:00;22.24815875223721;;;;;;;
2022-03-18 01:00:00;18.92943382859097;;;;;;;
2022-03-18 02:00:00;13.77792021713184;;;;;;;
2022-03-18 03:00:00;22.85371193111761;;;;;;;
2022-03-18 04:00:00;26.04616492857905;;;;;;;
2022-03-18 05:00:00;15.40561794208705;;;;;;;
2022-03-18 06:00:00;21.97222534957122;;;;;;;
2022-03-18 07:00:00;21.5918990824239;;;;;;;
2022-03-18 08:00:00;19.93854709130475;;;;;;;
2022-03-18 09:00:00;21.76902263999188;;;;;;;
2022-03-18 10:00:00;18.8856713198399;;;;;;;
2022-03-18 11:00:00;25.30582615927278;;;;;;;
2022-03-18 12:00:00;18.11400900896962;;;;;;;
2022-03-18 13:00:00;20.40257644163475;;;;;;;
2022-03-18 14:00:00;20.53751848998389;;;;;;;
2022-03-18 15:00:00;14.56442003448788;;;;;;;
2022-03-18 16:00:00;18.37877561762167;;;;;;;
2022-03-18 17:00:00;25.06856111697339;;;;;;;
2022-03-18 18:00:00;21.17652476422738;;;;;;;
2022-03-18 19:00:00;19.33091359723485;;;;;;;
2022-03-18 20:00:00;18.52830021739813;;;;;;;
2022-03-18 21:00:00;21.69201292985692;;;;;;;
2022-03-18 22:00:00;20.87664831159561;;;;;;;
2022-03-18 23:00:00;20.27100036718777;;;;;;;
2022-03-19 00:00:00;19.83258095354599;;;;;;;
2022-03-19 01:00:00;19.57225801299605;;;;;;;
2022-03-19 02:00:00;20.36068147134065;;;;;;;
2022-03-19 03:00:00;26.8380747841701;;;;;;;
2022-03-19 04:00:00;19.52757571480253;;;;;;;
2022-03-19 05:00:00;24.05373502309;;;;;;;
2022-03-19 06:00:00;19.69515089391159;;;;;;;
2022-03-19 07:00:00;20.66225712785001;;;;;;;
2022-03-19 08:00:00;24.01682110847857;;;;;;;
2022-03-19 09:00:00;22.07436340571381;;;;;;;
2022-03-19 10:00:00;16.76252695516971;;;;;;;
2022-03-19 11:00:00;21.9326998477481;;;;;;;
2022-03-19 12:00:00;27.61930619232628;;;;;;;
2022-03-19 13:00:00;20.29773934901879;;;;;;;
2022-03-19 14:00:00;22.51928907942241;;;;;;;
2022-03-19 15:00:00;22.14375180516742;;;;;;;
2022-03-19 16:00:00;18.31179719115905;;;;;;;
2022-03-19 17:00:00;20.27677127070197;;;;;;;
2022-03-19 18:00:00;23.59443330915346;;;;;;;
2022-03-19 19:00:00;20.4365271252738;;;;;;;
2022-03-19 20:00:00;22.52206966118895;;;;;;;
2022-03-19 21:00:00;26.19380213632777;;;;;;;
2022-03-19 22:00:00;20.66129995062621;;;;;;;
2022-03-19 23:00:00;20.09729626217873;;;;;;;
2022-03-20 00:00:00;25.95568556118861;;;;;;;
2022-03-20 01:00:00;23.7275442067419;;;;;;;
2022-03-20 02:00:00;20.64295344176034;;;;;;;
2022-03-20 03:00:00;19.12921314662531;;;;;;;
2022-03-20 04:00:00;21.34231814061356;;;;;;;
2022-03-20 05:00:00;26.3366643217249;;;;;;;
2022-03-20 06:00:00;25.31333267675245;;;;;;;
2022-03-20 07:00:00;16.89849857386557;;;;;;;
2022-03-20 08:00:00;17.01289308188674;;;;;;;
2022-03-20 09:00:00;14.95003814908572;;;;;;;
2022-03-20 10:00:00;17.38531353331092;;;;;;;
2022-03-20 11:00:00;21.56023736998165;;;;;;;
2022-03-20 12:00:00;21.2731111633629;;;;;;;
2022-03-20 13:00:00;22.60057889665028;;;;;;;
2022-03-20 14:00:00;21.29205540965286;;;;;;;
2022-03-20 15:00:00;23.58431977141656;;;;;;;
2022-03-20 16:00:00;21.16951582363586;;;;;;;
2022-03-20 17:00:00;21.48178922993935;;;;;;;
2022-03-20 18:00:00;18.80864730666979;;;;;;;
2022-03-20 19:00:00;16.04975955592463;;;;;;;
2022-03-20 20:00:00;24.43962277798617;;;;;;;
2022-03-20 21:00:00;18.78032007401037;;;;;;;
2022-03-20 22:00:00;22.62135790893103;;;;;;;
2022-03-20 23:00:00;19.16323155747465;;;;;;;
2022-03-21 00:00:00;18.03611894157273;;;;;;;
2022-03-21 01:00:00;26.77643840409703;;;;;;;
2022-03-21 02:00:00;21.26743701567146;;;;;;;
2022-03-21 03:00:00;24.82234234184546;;;;;;;
2022-03-21 04:00:00;24.90986049366262;;;;;;;
2022-03-21 05:00:00;17.65993660450323;;;;;;;
2022-03-21 06:00:00;18.60376198256755;;;;;;;
2022-03-21 07:00:00;19.38713180389251;;;;;;;
2022-03-21 08:00:00;24.2425835594025;;;;;;;
2022-03-21 09:00:00;27.46070537821932;;;;;;;
2022-03-21 10:00:00;25.59442925482547;;;;;;;
2022-03-21 11:00:00;24.11787574175165;;;;;;;
2022-03-21 12:00:00;24.64237669327484;;;;;;;
2022-03-21 13:00:00;22.32483627128178;;;;;;;
2022-03-21 14:00:00;26.86086923075665;;;;;;;
2022-03-21 15:00:00;20.38185591951988;;;;;;;
2022-03-21 16:00:00;25.38170107116821;;;;;;;
2022-03-21 17:00:00;15.76958743583619;;;;;;;
2022-03-21 18:00:00;23.28322992926337;;;;;;;
2022-03-21 19:00:00;18.79119197479375;;;;;;;
2022-03-21 20:00:00;25.12486106170851;;;;;;;
2022-03-21 21:00:00;22.3471846765859;;;;;;;
2022-03-21 22:00:00;26.61932713513988;;;;;;;
2022-03-21 23:00:00;15.7516450014296;;;;;;;
2022-03-22 00:00:00;24.82525015200714;;;;;;;
2022-03-22 01:00:00;20.77800019918883;;;;;;;
2022-03-22 02:00:00;24.33354386592134;;;;;;;
2022-03-22 03:00:00;18.33691728355514;;;;;;;
2022-03-22 04:00:00;17.74297941035633;;;;;;;
2022-03-22 05:00:00;23.66934579593381;;;;;;;
2022-03-22 06:00:00;21.78488278576946;;;;;;;
2022-03-22 07:00:00;24.70369179802941;;;;;;;
2022-03-22 08:00:00;25.82152227618997;;;;;;;
2022-03-22 09:00:00;22.18036819022159;;;;;;;
2022-03-22 10:00:00;19.93397703473381;;;;;;;
2022-03-22 11:00:00;25.26942101746848;;;;;;;
2022-03-22 12:00:00;21.27499337600295;;;;;;;
2022-03-22 13:00:00;26.07867158400067;;;;;;;
2022-03-22 14:00:00;21.30797459376123;;;;;;;
2022-03-22 15:00:00;15.14204734606144;;;;;;;
2022-03-22 16:00:00;24.56403717632464;;;;;;;
2022-03-22 17:00:00;25.22543496701878;;;;;;;
2022-03-22 18:00:00;30.0646326603306;;;;;;;
2022-03-22 19:00:00;24.95203453522194;;;;;;;
2022-03-22 20:00:00;20.64886160785072;;;;;;;
2022-03-22 21:00:00;19.61962332979962;;;;;;;
2022-03-22 22:00:00;22.71905272049738;;;;;;;
2022-03-22 23:00:00;19.17985339999035;;;;;;;
2022-03-23 00:00:00;16.21639053687797;;;;;;;
2022-03-23 01:00:00;21.78426071543118;;;;;;;
2022-03-23 02:00:00;23.2094308757606;;;;;;;
2022-03-23 03:00:00;21.66831580715537;;;;;;;
2022-03-23 04:00:00;25.49046898512573;;;;;;;
2022-03-23 05:00:00;15.77386754919232;;;;;;;
2022-03-23 06:00:00;24.45551418518243;;;;;;;
2022-03-23 07:00:00;23.7961590389168;;;;;;;
2022-03-23 08:00:00;23.93190012038291;;;;;;;
2022-03-23 09:00:00;21.01744888519147;;;;;;;
2022-03-23 10:00:00;24.9728836130023;;;;;;;
2022-03-23 11:00:00;22.89254274711249;;;;;;;
2022-03-23 12:00:00;23.32173751027435;;;;;;;
2022-03-23 13:00:00;17.57703332148774;;;;;;;
2022-03-23 14:00:00;25.22147048049287;;;;;;;
2022-03-23 15:00:00;20.53980585128925;;;;;;;
2022-03-23 16:00:00;23.34976117654384;;;;;;;
2022-03-23 17:00:00;20.88392893476254;;;;;;;
2022-03-23 18:00:00;16.98829665290859;;;;;;;
2022-03-23 19:00:00;17.0898034509667;;;;;;;
2022-03-23 20:00:00;23.46817639977232;;;;;;;
2022-03-23 21:00:00;27.06599795881383;;;;;;;
2022-03-23 22:00:00;24.86613923515335;;;;;;;
2022-03-23 23:00:00;25.00404544813412;;;;;;;
2022-03-24 00:00:00;24.01259989076104;;;;;;;
2022-03-24 01:00:00;27.49289664794164;;;;;;;
2022-03-24 02:00:00;20.41445075873862;;;;;;;
2022-03-24 03:00:00;14.66481956335171;;;;;;;
2022-03-24 04:00:00;17.4518358139803;;;;;;;
2022-03-24 05:00:00;21.82686081337934;;;;;;;
2022-03-24 06:00:00;23.01290426293408;;;;;;;
2022-03-24 07:00:00;17.87980730754727;;;;;;;
2022-03-24 08:00:00;20.20304502169846;;;;;;;
2022-03-24 09:00:00;27.2925184986358;;;;;;;
2022-03-24 10:00:00;20.26179099780928;;;;;;;
2022-03-24 11:00:00;24.01761593863362;;;;;;;
2022-03-24 12:00:00;22.28494731378599;;;;;;;
2022-03-24 13:00:00;22.46778896636277;;;;;;;
2022-03-24 14:00:00;19.79996539911253;;;;;;;
2022-03-24 15:00:00;17.65340537278423;;;;;;;
2022-03-24 16:00:00;25.17700253332068;;;;;;;
2022-03-24 17:00:00;14.7666684218337;;;;;;;
2022-03-24 18:00:00;27.83181530462511;;;;;;;
2022-03-24 19:00:00;15.1298207799757;;;;;;;
2022-03-24 20:00:00;22.90363377917401;;;;;;;
2022-03-24 21:00:00;22.77294303590281;;;;;;;
2022-03-24 22:00:00;19.24525282111591;;;;;;;
2022-03-24 23:00:00;23.83380445708722;;;;;;;
2022-03-25 00:00:00;23.77338775026252;;;;;;;
2022-03-25 01:00:00;26.83826358181866;;;;;;;
2022-03-25 02:00:00;24.46101409394529;;;;;;;
2022-03-25 03:00:00;23.23602682166126;;;;;;;
2022-03-25 04:00:00;19.29824801586873;;;;;;;
2022-03-25 05:00:00;24.59865479342809;;;;;;;
2022-03-25 06:00:00;20.86458460057096;;;;;;;
2022-03-25 07:00:00;19.57922398573598;;;;;;;
2022-03-25 08:00:00;15.70251514570122;;;;;;;
2022-03-25 09:00:00;21.4004131629007;;;;;;;
2022-03-25 10:00:00;19.27236210814695;;;;;;;
2022-03-25 11:00:00;26.55525643656624;;;;;;;
2022-03-25 12:00:00;15.19830716617749;;;;;;;
2022-03-25 13:00:00;17.47823706000607;;;;;;;
2022-03-25 14:00:00;22.64131619356258;;;;;;;
2022-03-25 15:00:00;21.7906315728504;;;;;;;
2022-03-25 16:00:00;23.4059396319499;;;;;;;
2022-03-25 17:00:00;18.60139194358439;;;;;;;
2022-03-25 18:00:00;20.69226266640662;;;;;;;
2022-03-25 19:00:00;19.73190659354757;;;;;;;
2022-03-25 20:00:00;23.24603658942866;;;;;;;
2022-03-25 21:00:00;16.47138132880967;;;;;;;
2022-03-25 22:00:00;20.73534827685135;;;;;;;
2022-03-25 23:00:00;23.58214309059295;;;;;;;
2022-03-26 00:00:00;23.14061588309318;;;;;;;
2022-03-26 01:00:00;22.40401960353675;;;;;;;
2022-03-26 02:00:00;18.30750242609485;;;;;;;
2022-03-26 03:00:00;19.96294168467652;;;;;;;
2022-03-26 04:00:00;24.18843071648036;;;;;;;
2022-03-26 05:00:00;21.34144344979395;;;;;;;
2022-03-26 06:00:00;21.72507788245867;;;;;;;
2022-03-26 07:00:00;29.02073708742194;;;;;;;
2022-03-26 08:00:00;18.77475591018399;;;;;;;
2022-03-26 09:00:00;16.83846224133305;;;;;;;
2022-03-26 10:00:00;20.77027516733046;;;;;;;
2022-03-26 11:00:00;23.18075595558065;;;;;;;
2022-03-26 12:00:00;17.37710527798301;;;;;;;
2022-03-26 13:00:00;22.26038679118004;;;;;;;
2022-03-26 14:00:00;17.50611862220276;;;;;;;
2022-03-26 15:00:00;15.91431678126388;;;;;;;
2022-03-26 16:00:00;24.459251849781;;;;;;;
2022-03-26 17:00:00;19.06223596119688;;;;;;;
2022-03-26 18:00:00;20.33269192522509;;;;;;;
2022-03-26 19:00:00;20.44012975138079;;;;;;;
2022-03-26 20:00:00;16.0229910836875;;;;;;;
2022-03-26 21:00:00;23.45158227532878;;;;;;;
2022-03-26 22:00:00;21.64859219680407;;;;;;;
2022-03-26 23:00:00;18.35154409090185;;;;;;;
2022-03-27 00:00:00;19.62875496493632;;;;;;;
2022-03-27 01:00:00;16.7409879321321;;;;;;;
2022-03-27 02:00:00;29.92363340885859;;;;;;;
2022-03-27 03:00:00;21.18047100605704;;;;;;;
2022-03-27 04:00:00;27.35488458094146;;;;;;;
2022-03-27 05:00:00;15.90264310465095;;;;;;;
2022-03-27 06:00:00;25.48014104980858;;;;;;;
2022-03-27 07:00:00;23.05686105701858;;;;;;;
2022-03-27 08:00:00;19.18231160099235;;;;;;;
2022-03-27 09:00:00;24.13776011608228;;;;;;;
2022-03-27 10:00:00;22.22504503267225;;;;;;;
2022-03-27 11:00:00;26.63078597497231;;;;;;;
2022-03-27 12:00:00;23.51380422035613;;;;;;;
2022-03-27 13:00:00;24.54585809966589;;;;;;;
2022-03-27 14:00:00;25.49439432405147;;;;;;;
2022-03-27 15:00:00;23.23298938977515;;;;;;;
2022-03-27 16:00:00;16.56345168667653;;;;;;;
2022-03-27 17:00:00;19.73193382255921;;;;;;;
2022-03-27 18:00:00;18.36501884796815;;;;;;;
2022-03-27 19:00:00;22.80231608131336;;;;;;;
2022-03-27 20:00:00;18.26049146070361;;;;;;;
2022-03-27 21:00:00;18.00657142024186;;;;;;;
2022-03-27 22:00:00;21.75970654376456;;;;;;;
2022-03-27 23:00:00;21.1942561415901;;;;;;;
2022-03-28 00:00:00;20.43545943543345;;;;;;;
2022-03-28 01:00:00;18.63966203889125;;;;;;;
2022-03-28 02:00:00;18.74224389226342;;;;;;;
2022-03-28 03:00:00;24.98722983146471;;;;;;;
2022-03-28 04:00:00;22.94908385198305;;;;;;;
2022-03-28 05:00:00;21.89342179862256;;;;;;;
2022-03-28 06:00:00;16.94054959238963;;;;;;;
2022-03-28 07:00:00;17.94390979619074;;;;;;;
2022-03-28 08:00:00;29.10919834991731;;;;;;;
2022-03-28 09:00:00;19.69125698917771;;;;;;;
2022-03-28 10:00:00;20.2676799114652;;;;;;;
2022-03-28 11:00:00;18.60437500845963;;;;;;;
2022-03-28 12:00:00;24.36235043093;;;;;;;
2022-03-28 13:00:00;25.81722982689412;;;;;;;
2022-03-28 14:00:00;17.67758802643257;;;;;;;
2022-03-28 15:00:00;21.61067425382728;;;;;;;
2022-03-28 16:00:00;15.00505184297656;;;;;;;
2022-03-28 17:00:00;24.22840457582533;;;;;;;
2022-03-28 18:00:00;24.52009001937837;;;;;;;
2022-03-28 19:00:00;20.67938008843926;;;;;;;
2022-03-28 20:00:00;25.87758496666347;;;;;;;
2022-03-28 21:00:00;24.01420264601784;;;;;;;
2022-03-28 22:00:00;20.9420203868021;;;;;;;
2022-03-28 23:00:00;20.68866975794372;;;;;;;
2022-03-29 00:00:00;20.35289726159674;;;;;;;
2022-03-29 01:00:00;23.12633678063215;;;;;;;
2022-03-29 02:00:00;16.47363001748208;;;;;;;
2022-03-29 03:00:00;26.78711284086434;;;;;;;
2022-03-29 04:00:00;18.3532376491245;;;;;;;
2022-03-29 05:00:00;26.03488633499372;;;;;;;
2022-03-29 06:00:00;19.41709326699069;;;;;;;
2022-03-29 07:00:00;15.9970034143383;;;;;;;
2022-03-29 08:00:00;19.53800691614465;;;;;;;
2022-03-29 09:00:00;23.98729739534443;;;;;;;
2022-03-29 10:00:00;26.11894463689391;;;;;;;
2022-03-29 11:00:00;23.3862010842296;;;;;;;
2022-03-29 12:00:00;18.69812933093992;;;;;;;
2022-03-29 13:00:00;26.82112641999448;;;;;;;
2022-03-29 14:00:00;23.47917589863077;;;;;;;
2022-03-29 15:00:00;19.82745502089667;;;;;;;
2022-03-29 16:00:00;20.17322944889085;;;;;;;
2022-03-29 17:00:00;19.84317875848496;;;;;;;
2022-03-29 18:00:00;17.99526282350365;;;;;;;
2022-03-29 19:00:00;19.50405020936568;;;;;;;
2022-03-29 20:00:00;14.98987847013389;;;;;;;
2022-03-29 21:00:00;24.88378204976468;;;;;;;
2022-03-29 22:00:00;15.07821204163761;;;;;;;
2022-03-29 23:00:00;25.77388179770072;;;;;;;
2022-03-30 00:00:00;24.52291458610458;;;;;;;
2022-03-30 01:00:00;21.65065329301523;;;;;;;
2022-03-30 02:00:00;22.31744217724013;;;;;;;
2022-03-30 03:00:00;20.79343795629692;;;;;;;
2022-03-30 04:00:00;20.05658230074415;;;;;;;
2022-03-30 05:00:00;18.76160122204788;;;;;;;
2022-03-30 06:00:00;20.91150259425584;;;;;;;
2022-03-30 07:00:00;18.83980553043136;;;;;;;
2022-03-30 08:00:00;24.24891905912166;;;;;;;
2022-03-30 09:00:00;15.03676415551718;;;;;;;
2022-03-30 10:00:00;20.3483596804112;;;;;;;
2022-03-30 11:00:00;24.45823701332371;;;;;;;
2022-03-30 12:00:00;27.75344742297394;;;;;;;
2022-03-30 13:00:00;20.25103487678152;;;;;;;
2022-03-30 14:00:00;21.32553515390197;;;;;;;
2022-03-30 15:00:00;22.5379663877656;;;;;;;
2022-03-30 16:00:00;21.59675661869204;;;;;;;
2022-03-30 17:00:00;18.61693182429406;;;;;;;
2022-03-30 18:00:00;22.9559426290907;;;;;;;
2022-03-30 19:00:00;24.42400633842792;;;;;;;
2022-03-30 20:00:00;17.77505901247246;;;;;;;
2022-03-30 21:00:00;19.22174163790557;;;;;;;
2022-03-30 22:00:00;22.54879077366781;;;;;;;
2022-03-30 23:00:00;21.87867472088084;;;;;;;
2022-03-31 00:00:00;20.18075792640768;;;;;;;
2022-03-31 01:00:00;24.30104358864585;;;;;;;
2022-03-31 02:00:00;20.99053165874877;;;;;;;
2022-03-31 03:00:00;17.04189572695872;;;;;;;
2022-03-31 04:00:00;20.98287720927409;;;;;;;
2022-03-31 05:00:00;24.82977145492054;;;;;;;
2022-03-31 06:00:00;25.75777770476503;;;;;;;
2022-03-31 07:00:00;17.73881731897056;;;;;;;
2022-03-31 08:00:00;25.28721172357659;;;;;;;
2022-03-31 09:00:00;25.36697771595691;;;;;;;
2022-03-31 10:00:00;25.23236315879663;;;;;;;
2022-03-31 11:00:00;20.96156776645548;;;;;;;
2022-03-31 12:00:00;20.96511181219948;;;;;;;
2022-03-31 13:00:00;23.9678326499244;;;;;;;
2022-03-31 14:00:00;14.77367813838276;;;;;;;
2022-03-31 15:00:00;26.26044719142009;;;;;;;
2022-03-31 16:00:00;15.9612423397395;;;;;;;
2022-03-31 17:00:00;25.75632015976646;;;;;;;
2022-03-31 18:00:00;19.80597111133557;;;;;;;
2022-03-31 19:00:00;23.17889280067307;;;;;;;
2022-03-31 20:00:00;21.85878141433239;;;;;;;
2022-03-31 21:00:00;23.73745287215137;;;;;;;
2022-03-31 22:00:00;25.42528428958812;;;;;;;
2022-03-31 23:00:00;22.0286638764277;;;;;;;
2022-04-01 00:00:00;19.10845792822949;;;;;;;
2022-04-01 01:00:00;19.09662562069154;;;;;;;
2022-04-01 02:00:00;20.78913568475139;;;;;;;
2022-04-01 03:00:00;22.77479667510181;;;;;;;
2022-04-01 04:00:00;21.94368098315677;;;;;;;
2022-04-01 05:00:00;21.70796621825959;;;;;;;
2022-04-01 06:00:00;23.2045014128169;;;;;;;
2022-04-01 07:00:00;17.0577160404753;;;;;;;
2022-04-01 08:00:00;16.63663827024236;;;;;;;
2022-04-01 09:00:00;20.6262326067633;;;;;;;
2022-04-01 10:00:00;22.99038924530285;;;;;;;
2022-04-01 11:00:00;21.87284336934622;;;;;;;
2022-04-01 12:00:00;17.89408773295938;;;;;;;
2022-04-01 13:00:00;22.99881799428764;;;;;;;
2022-04-01 14:00:00;16.08299043462971;;;;;;;
2022-04-01 15:00:00;21.83541018506179;;;;;;;
2022-04-01 16:00:00;22.03488844729266;;;;;;;
2022-04-01 17:00:00;26.61848573415523;;;;;;;
2022-04-01 18:00:00;21.62511505961852;;;;;;;
2022-04-01 19:00:00;16.12078170432915;;;;;;;
2022-04-01 20:00:00;16.79047679656996;;;;;;;
2022-04-01 21:00:00;17.30302434386538;;;;;;;
2022-04-01 22:00:00;22.81957791350078;;;;;;;
2022-04-01 23:00:00;22.58552583159055;;;;;;;
2022-04-02 00:00:00;19.05931410606316;;;;;;;
2022-04-02 01:00:00;21.42466489952281;;;;;;;
2022-04-02 02:00:00;21.78644742747192;;;;;;;
2022-04-02 03:00:00;20.03007233531729;;;;;;;
2022-04-02 04:00:00;26.75800865361023;;;;;;;
2022-04-02 05:00:00;15.22741686209634;;;;;;;
2022-04-02 06:00:00;28.39937938373795;;;;;;;
2022-04-02 07:00:00;28.00932380721776;;;;;;;
2022-04-02 08:00:00;16.08088105373826;;;;;;;
2022-04-02 09:00:00;22.07709047830449;;;;;;;
2022-04-02 10:00:00;24.27338397443635;;;;;;;
2022-04-02 11:00:00;27.87834221339237;;;;;;;
2022-04-02 12:00:00;17.32680703150254;;;;;;;
2022-04-02 13:00:00;21.49384516839898;;;;;;;
2022-04-02 14:00:00;22.96738697096615;;;;;;;
2022-04-02 15:00:00;28.06578389465028;;;;;;;
2022-04-02 16:00:00;20.82001118612867;;;;;;;
2022-04-02 17:00:00;17.7652066232793;;;;;;;
2022-04-02 18:00:00;24.06896662868295;;;;;;;
2022-04-02 19:00:00;21.63784022347024;;;;;;;
2022-04-02 20:00:00;20.64118758683043;;;;;;;
2022-04-02 21:00:00;19.15037548464837;;;;;;;
2022-04-02 22:00:00;18.89127309139608;;;;;;;
2022-04-02 23:00:00;22.12872456825303;;;;;;;
2022-04-03 00:00:00;24.3055596456714;;;;;;;
2022-04-03 01:00:00;22.62617510093879;;;;;;;
2022-04-03 02:00:00;22.32485607365241;;;;;;;
2022-04-03 03:00:00;23.67356635117315;;;;;;;
2022-04-03 04:00:00;21.09994798544026;;;;;;;
2022-04-03 05:00:00;17.62819354566897;;;;;;;
2022-04-03 06:00:00;22.52663286253073;;;;;;;
2022-04-03 07:00:00;17.22560953340442;;;;;;;
2022-04-03 08:00:00;23.00933366475655;;;;;;;
2022-04-03 09:00:00;18.83607932785642;;;;;;;
2022-04-03 10:00:00;18.26507139855264;;;;;;;
2022-04-03 11:00:00;22.19356744951251;;;;;;;
2022-04-03 12:00:00;20.64096266837184;;;;;;;
2022-04-03 13:00:00;26.31663749503979;;;;;;;
2022-04-03 14:00:00;17.74880772145938;;;;;;;
2022-04-03 15:00:00;23.40710385175596;;;;;;;
2022-04-03 16:00:00;25.65285949425014;;;;;;;
2022-04-03 17:00:00;22.38911301136697;;;;;;;
2022-04-03 18:00:00;24.42364338810696;;;;;;;
2022-04-03 19:00:00;20.67017750092216;;;;;;;
2022-04-03 20:00:00;25.36120736363977;;;;;;;
2022-04-03 21:00:00;17.22053111016204;;;;;;;
2022-04-03 22:00:00;26.76419208332529;;;;;;;
2022-04-03 23:00:00;21.48797146225186;;;;;;;
2022-04-04 00:00:00;23.63399745680757;;;;;;;
2022-04-04 01:00:00;21.39233132609113;;;;;;;
2022-04-04 02:00:00;17.21947827835925;;;;;;;
2022-04-04 03:00:00;27.05087087384574;;;;;;;
2022-04-04 04:00:00;20.27063042652361;;;;;;;
2022-04-04 05:00:00;19.93724650642848;;;;;;;
2022-04-04 06:00:00;20.19507628399608;;;;;;;
2022-04-04 07:00:00;20.06857630617512;;;;;;;
2022-04-04 08:00:00;30.07140841294293;;;;;;;
2022-04-04 09:00:00;19.81197078215997;;;;;;;
2022-04-04 10:00:00;20.87696372186448;;;;;;;
2022-04-04 11:00:00;20.69551273664161;;;;;;;
2022-04-04 12:00:00;25.21478095842622;;;;;;;
2022-04-04 13:00:00;28.24408659840325;;;;;;;
2022-04-04 14:00:00;13.62248740321451;;;;;;;
2022-04-04 15:00:00;17.64693806711145;;;;;;;
2022-04-04 16:00:00;19.40726908445991;;;;;;;
2022-04-04 17:00:00;21.7766652807883;;;;;;;
2022-04-04 18:00:00;22.2566297169699;;;;;;;
2022-04-04 19:00:00;21.11960482259478;;;;;;;
2022-04-04 20:00:00;19.81513013967587;;;;;;;
2022-04-04 21:00:00;24.00195243520221;;;;;;;
2022-04-04 22:00:00;21.56864167388617;;;;;;;
2022-04-04 23:00:00;13.93930793939762;;;;;;;
2022-04-05 00:00:00;24.36084506602564;;;;;;;
2022-04-05 01:00:00;19.0993441321842;;;;;;;
2022-04-05 02:00:00;20.92872468309396;;;;;;;
2022-04-05 03:00:00;16.25151626744699;;;;;;;
2022-04-05 04:00:00;15.3481222669672;;;;;;;
2022-04-05 05:00:00;17.54952298282663;;;;;;;
2022-04-05 06:00:00;18.64826601425349;;;;;;;
2022-04-05 07:00:00;23.98228648941739;;;;;;;
2022-04-05 08:00:00;18.48515598778638;;;;;;;
2022-04-05 09:00:00;25.99917553848028;;;;;;;
2022-04-05 10:00:00;19.10955473270014;;;;;;;
2022-04-05 11:00:00;19.24982686830926;;;;;;;
2022-04-05 12:00:00;21.64062755985777;;;;;;;
2022-04-05 13:00:00;22.25441452350697;;;;;;;
2022-04-05 14:00:00;21.10763422085228;;;;;;;
2022-04-05 15:00:00;19.82256849919262;;;;;;;
2022-04-05 16:00:00;23.96300814895589;;;;;;;
2022-04-05 17:00:00;21.77523381222188;;;;;;;
2022-04-05 18:00:00;18.76312042079989;;;;;;;
2022-04-05 19:00:00;24.78256876060657;;;;;;;
2022-04-05 20:00:00;21.9270246461574;;;;;;;
2022-04-05 21:00:00;25.83166224026819;;;;;;;
2022-04-05 22:00:00;21.6942485368835;;;;;;;
2022-04-05 23:00:00;25.95820136414549;;;;;;;
2022-04-06 00:00:00;20.46735436001392;;;;;;;
2022-04-06 01:00:00;20.66325393542601;;;;;;;
2022-04-06 02:00:00;24.68420127155283;;;;;;;
2022-04-06 03:00:00;20.21439493589918;;;;;;;
2022-04-06 04:00:00;17.77185324460521;;;;;;;
2022-04-06 05:00:00;19.94356259675176;;;;;;;
2022-04-06 06:00:00;22.9656815411131;;;;;;;
2022-04-06 07:00:00;28.33761035462168;;;;;;;
2022-04-06 08:00:00;20.95851623702204;;;;;;;
2022-04-06 09:00:00;18.39781084206896;;;;;;;
2022-04-06 10:00:00;19.18413191588234;;;;;;;
2022-04-06 11:00:00;21.57432923458001;;;;;;;
2022-04-06 12:00:00;20.73509633652369;;;;;;;
2022-04-06 13:00:00;20.21043512829181;;;;;;;
2022-04-06 14:00:00;16.65700725593009;;;;;;;
2022-04-06 15:00:00;21.40355252607795;;;;;;;
2022-04-06 16:00:00;20.26035784436701;;;;;;;
2022-04-06 17:00:00;21.69278595650617;;;;;;;
2022-04-06 18:00:00;19.39659428772297;;;;;;;
2022-04-06 19:00:00;21.55922387081587;;;;;;;
2022-04-06 20:00:00;19.64901060036104;;;;;;;
2022-04-06 21:00:00;22.50702638752005;;;;;;;
2022-04-06 22:00:00;20.66093911055853;;;;;;;
2022-04-06 23:00:00;26.0156831110638;;;;;;;
2022-04-07 00:00:00;30.25136839423086;;;;;;;
2022-04-07 01:00:00;14.99529450063736;;;;;;;
2022-04-07 02:00:00;22.42022447954258;;;;;;;
2022-04-07 03:00:00;17.7041281600256;;;;;;;
2022-04-07 04:00:00;22.17852153445751;;;;;;;
2022-04-07 05:00:00;16.17503440186938;;;;;;;
2022-04-07 06:00:00;19.17680173425594;;;;;;;
2022-04-07 07:00:00;25.48012766215258;;;;;;;
2022-04-07 08:00:00;22.96288635493647;;;;;;;
2022-04-07 09:00:00;16.36477438072506;;;;;;;
2022-04-07 10:00:00;18.63129216353905;;;;;;;
2022-04-07 11:00:00;20.33521373178851;;;;;;;
2022-04-07 12:00:00;21.87916208861799;;;;;;;
2022-04-07 13:00:00;26.93737134064944;;;;;;;
2022-04-07 14:00:00;17.38427346424184;;;;;;;
2022-04-07 15:00:00;18.56274975440925;;;;;;;
2022-04-07 16:00:00;26.13272821478699;;;;;;;
2022-04-07 17:00:00;19.04223583128495;;;;;;;
2022-04-07 18:00:00;20.81927088239836;;;;;;;
2022-04-07 19:00:00;21.73404406225426;;;;;;;
2022-04-07 20:00:00;23.49280855171258;;;;;;;
2022-04-07 21:00:00;16.46198050615794;;;;;;;
2022-04-07 22:00:00;20.74471736762887;;;;;;;
2022-04-07 23:00:00;20.09408699697577;;;;;;;
2022-04-08 00:00:00;19.39947004050084;;;;;;;
2022-04-08 01:00:00;23.69697007145679;;;;;;;
2022-04-08 02:00:00;21.22535230977759;;;;;;;
2022-04-08 03:00:00;18.60547378571195;;;;;;;
2022-04-08 04:00:00;22.25792624023432;;;;;;;
2022-04-08 05:00:00;24.72591532763564;;;;;;;
2022-04-08 06:00:00;19.83061316432617;;;;;;;
2022-04-08 07:00:00;20.12847955948536;;;;;;;
2022-04-08 08:00:00;25.57411043590563;;;;;;;
2022-04-08 09:00:00;22.1641954560907;;;;;;;
2022-04-08 10:00:00;25.54454800903161;;;;;;;
2022-04-08 11:00:00;20.57566834781798;;;;;;;
2022-04-08 12:00:00;20.75563380973487;;;;;;;
2022-04-08 13:00:00;21.93238186106031;;;;;;;
2022-04-08 14:00:00;20.42525561726154;;;;;;;
2022-04-08 15:00:00;20.6997939232104;;;;;;;
2022-04-08 16:00:00;20.22392224835569;;;;;;;
2022-04-08 17:00:00;17.67574581812322;;;;;;;
2022-04-08 18:00:00;22.37427811479533;;;;;;;
2022-04-08 19:00:00;22.20739300862001;;;;;;;
2022-04-08 20:00:00;20.11836834330312;;;;;;;
2022-04-08 21:00:00;16.07310369046115;;;;;;;
2022-04-08 22:00:00;16.82620388202189;;;;;;;
2022-04-08 23:00:00;25.55707627924955;;;;;;;
2022-04-09 00:00:00;25.52363923384511;;;;;;;
2022-04-09 01:00:00;11.03086849832259;;;;;;;
2022-04-09 02:00:00;14.31334127862535;;;;;;;
2022-04-09 03:00:00;24.08597817048685;;;;;;;
2022-04-09 04:00:00;17.99772540032713;;;;;;;
2022-04-09 05:00:00;30.16669128767235;;;;;;;
2022-04-09 06:00:00;17.34956357556138;;;;;;;
2022-04-09 07:00:00;22.00071126918668;;;;;;;
2022-04-09 08:00:00;19.68885843080831;;;;;;;
2022-04-09 09:00:00;17.50820560702758;;;;;;;
2022-04-09 10:00:00;23.402380798163;;;;;;;
2022-04-09 11:00:00;16.66969638955178;;;;;;;
2022-04-09 12:00:00;19.30031773082385;;;;;;;
2022-04-09 13:00:00;26.82810544661434;;;;;;;
2022-04-09 14:00:00;25.89066102308754;;;;;;;
2022-04-09 15:00:00;19.80073979926641;;;;;;;
2022-04-09 16:00:00;22.14983427145199;;;;;;;
2022-04-09 17:00:00;16.9593698863485;;;;;;;
2022-04-09 18:00:00;23.67669192402608;;;;;;;
2022-04-09 19:00:00;20.87519967094949;;;;;;;
2022-04-09 20:00:00;20.76160739596812;;;;;;;
2022-04-09 21:00:00;24.16725424714846;;;;;;;
2022-04-09 22:00:00;22.47439479294292;;;;;;;
2022-04-09 23:00:00;17.39879289236723;;;;;;;
2022-04-10 00:00:00;17.15303479729269;;;;;;;
2022-04-10 01:00:00;19.34928361534522;;;;;;;
2022-04-10 02:00:00;28.74602344815214;;;;;;;
2022-04-10 03:00:00;22.48602302270264;;;;;;;
2022-04-10 04:00:00;22.57949031724589;;;;;;;
2022-04-10 05:00:00;20.34852969296361;;;;;;;
2022-04-10 06:00:00;23.31190954434609;;;;;;;
2022-04-10 07:00:00;23.10199089748469;;;;;;;
2022-04-10 08:00:00;20.60632025904069;;;;;;;
2022-04-10 09:00:00;19.27266422333676;;;;;;;
2022-04-10 10:00:00;21.66584133660599;;;;;;;
2022-04-10 11:00:00;21.32168220258748;;;;;;;
2022-04-10 12:00:00;17.14008498848719;;;;;;;
2022-04-10 13:00:00;25.26165946545083;;;;;;;
2022-04-10 14:00:00;22.33199297649229;;;;;;;
2022-04-10 15:00:00;25.19008569728371;;;;;;;
2022-04-10 16:00:00;24.65221914353809;;;;;;;
2022-04-10 17:00:00;18.2891362718002;;;;;;;
2022-04-10 18:00:00;21.10877718015063;;;;;;;
2022-04-10 19:00:00;19.25445456003779;;;;;;;
2022-04-10 20:00:00;17.22532347504832;;;;;;;
2022-04-10 21:00:00;19.66417177420034;;;;;;;
2022-04-10 22:00:00;24.11848236151233;;;;;;;
2022-04-10 23:00:00;23.50240453416911;;;;;;;
2022-04-11 00:00:00;24.62396618992728;;;;;;;
2022-04-11 01:00:00;21.45962347218042;;;;;;;
2022-04-11 02:00:00;19.08576275425322;;;;;;;
2022-04-11 03:00:00;18.70334358747782;;;;;;;
2022-04-11 04:00:00;21.20329614086599;;;;;;;
2022-04-11 05:00:00;19.9576749273425;;;;;;;
2022-04-11 06:00:00;24.35301832305499;;;;;;;
2022-04-11 07:00:00;20.67303548718974;;;;;;;
2022-04-11 08:00:00;22.6582287324759;;;;;;;
2022-04-11 09:00:00;19.47799419128057;;;;;;;
2022-04-11 10:00:00;21.81934321531458;;;;;;;
2022-04-11 11:00:00;24.60097531765366;;;;;;;
2022-04-11 12:00:00;18.00246360044813;;;;;;;
2022-04-11 13:00:00;19.82363964847008;;;;;;;
2022-04-11 14:00:00;18.51283166034068;;;;;;;
2022-04-11 15:00:00;24.69429695570075;;;;;;;
2022-04-11 16:00:00;20.4908409322913;;;;;;;
2022-04-11 17:00:00;24.7529161458837;;;;;;;
2022-04-11 18:00:00;22.70095756109299;;;;;;;
2022-04-11 19:00:00;25.245359024956;;;;;;;
2022-04-11 20:00:00;15.01073988643806;;;;;;;
2022-04-11 21:00:00;23.26149676525413;;;;;;;
2022-04-11 22:00:00;23.7846395568648;;;;;;;
2022-04-11 23:00:00;19.45009700598358;;;;;;;
2022-04-12 00:00:00;20.23065163540279;;;;;;;
2022-04-12 01:00:00;18.14306342522526;;;;;;;
2022-04-12 02:00:00;20.90486167995547;;;;;;;
2022-04-12 03:00:00;20.91247337448904;;;;;;;
2022-04-12 04:00:00;20.08835833324911;;;;;;;
2022-04-12 05:00:00;16.81030478593593;;;;;;;
2022-04-12 06:00:00;23.76858973390074;;;;;;;
2022-04-12 07:00:00;21.29899932790886;;;;;;;
2022-04-12 08:00:00;21.9207115386675;;;;;;;
2022-04-12 09:00:00;24.11575241101654;;;;;;;
2022-04-12 10:00:00;22.19579256855716;;;;;;;
2022-04-12 11:00:00;25.23137085793542;;;;;;;
2022-04-12 12:00:00;21.9702547956109;;;;;;;
2022-04-12 13:00:00;19.93896257674029;;;;;;;
2022-04-12 14:00:00;19.64876400356741;;;;;;;
2022-04-12 15:00:00;18.14633322463494;;;;;;;
2022-04-12 16:00:00;21.72740703428535;;;;;;;
2022-04-12 17:00:00;19.12582438349834;;;;;;;
2022-04-12 18:00:00;29.81731409549254;;;;;;;
2022-04-12 19:00:00;20.89580328094717;;;;;;;
2022-04-12 20:00:00;18.18080492211286;;;;;;;
2022-04-12 21:00:00;24.30647310457572;;;;;;;
2022-04-12 22:00:00;14.555974281418;;;;;;;
2022-04-12 23:00:00;20.53195192154988;;;;;;;
2022-04-13 00:00:00;22.74009067110834;;;;;;;
2022-04-13 01:00:00;17.34296010975886;;;;;;;
2022-04-13 02:00:00;18.36760822769235;;;;;;;
2022-04-13 03:00:00;19.38457984488505;;;;;;;
2022-04-13 04:00:00;23.41371205672198;;;;;;;
2022-04-13 05:00:00;18.84451076133227;;;;;;;
2022-04-13 06:00:00;25.22363106713325;;;;;;;
2022-04-13 07:00:00;18.72943836787077;;;;;;;
2022-04-13 08:00:00;23.65256272062944;;;;;;;
2022-04-13 09:00:00;22.03660629934647;;;;;;;
2022-04-13 10:00:00;20.53699331815262;;;;;;;
2022-04-13 11:00:00;17.68559067528511;;;;;;;
2022-04-13 12:00:00;20.23106039942188;;;;;;;
2022-04-13 13:00:00;19.41252965623206;;;;;;;
2022-04-13 14:00:00;17.00803763718291;;;;;;;
2022-04-13 15:00:00;22.45787350892756;;;;;;;
2022-04-13 16:00:00;19.5858194938868;;;;;;;
2022-04-13 17:00:00;24.56298830716141;;;;;;;
2022-04-13 18:00:00;19.30400780604088;;;;;;;
2022-04-13 19:00:00;19.70279739664245;;;;;;;
2022-04-13 20:00:00;18.50120195111312;;;;;;;
2022-04-13 21:00:00;19.90037112455515;;;;;;;
2022-04-13 22:00:00;21.53506532345651;;;;;;;
2022-04-13 23:00:00;22.26131993323753;;;;;;;
2022-04-14 00:00:00;16.08332514684999;;;;;;;
2022-04-14 01:00:00;20.5361503806581;;;;;;;
2022-04-14 02:00:00;24.89686287345623;;;;;;;
2022-04-14 03:00:00;22.8582631939243;;;;;;;
2022-04-14 04:00:00;22.44738523187531;;;;;;;
2022-04-14 05:00:00;14.50688866711367;;;;;;;
2022-04-14 06:00:00;24.28307534900823;;;;;;;
2022-04-14 07:00:00;21.73366300470349;;;;;;;
2022-04-14 08:00:00;20.37832732087385;;;;;;;
2022-04-14 09:00:00;25.03748775402808;;;;;;;
2022-04-14 10:00:00;19.1320244700348;;;;;;;
2022-04-14 11:00:00;17.91491706813353;;;;;;;
2022-04-14 12:00:00;22.75928268715659;;;;;;;
2022-04-14 13:00:00;26.50059857220402;;;;;;;
2022-04-14 14:00:00;23.50770111470592;;;;;;;
2022-04-14 15:00:00;17.64300812486855;;;;;;;
2022-04-14 16:00:00;21.15390477004807;;;;;;;
2022-04-14 17:00:00;24.41272384964005;;;;;;;
2022-04-14 18:00:00;30.92834585788866;;;;;;;
2022-04-14 19:00:00;28.88330749113108;;;;;;;
2022-04-14 20:00:00;21.25514963322646;;;;;;;
2022-04-14 21:00:00;17.52418239986562;;;;;;;
2022-04-14 22:00:00;23.15511734264436;;;;;;;
2022-04-14 23:00:00;21.18848716576593;;;;;;;
2022-04-15 00:00:00;23.75209487986746;;;;;;;
2022-04-15 01:00:00;17.66286490954265;;;;;;;
2022-04-15 02:00:00;16.3251846887101;;;;;;;
2022-04-15 03:00:00;22.23564752899953;;;;;;;
2022-04-15 04:00:00;19.30948142867989;;;;;;;
2022-04-15 05:00:00;22.75323121132251;;;;;;;
2022-04-15 06:00:00;20.62203114072447;;;;;;;
2022-04-15 07:00:00;20.67954301047377;;;;;;;
2022-04-15 08:00:00;22.05020495852581;;;;;;;
2022-04-15 09:00:00;21.40962958297908;;;;;;;
2022-04-15 10:00:00;15.49224945280447;;;;;;;
2022-04-15 11:00:00;21.05595065992414;;;;;;;
2022-04-15 12:00:00;23.42369795800267;;;;;;;
2022-04-15 13:00:00;28.01182420489312;;;;;;;
2022-04-15 14:00:00;21.58180927659654;;;;;;;
2022-04-15 15:00:00;25.53124546325654;;;;;;;
2022-04-15 16:00:00;21.73089284148873;;;;;;;
2022-04-15 17:00:00;25.46808353478001;;;;;;;
2022-04-15 18:00:00;26.29444343072093;;;;;;;
2022-04-15 19:00:00;24.5309527705359;;;;;;;
2022-04-15 20:00:00;24.46187088799968;;;;;;;
2022-04-15 21:00:00;25.91324903430372;;;;;;;
2022-04-15 22:00:00;25.39723942908774;;;;;;;
2022-04-15 23:00:00;26.29272408310482;;;;;;;
2022-04-16 00:00:00;18.42879656189809;;;;;;;
2022-04-16 01:00:00;19.13413472216232;;;;;;;
2022-04-16 02:00:00;19.72965947948813;;;;;;;
2022-04-16 03:00:00;20.61555219535035;;;;;;;
2022-04-16 04:00:00;27.1055312696307;;;;;;;
2022-04-16 05:00:00;29.0431954832909;;;;;;;
2022-04-16 06:00:00;24.30885377286569;;;;;;;
2022-04-16 07:00:00;24.52153661134146;;;;;;;
2022-04-16 08:00:00;21.39669570165901;;;;;;;
2022-04-16 09:00:00;20.15886827960023;;;;;;;
2022-04-16 10:00:00;18.09368874897594;;;;;;;
2022-04-16 11:00:00;24.13570578365607;;;;;;;
2022-04-16 12:00:00;20.20730712634694;;;;;;;
2022-04-16 13:00:00;24.71067112533768;;;;;;;
2022-04-16 14:00:00;25.47981226119465;;;;;;;
2022-04-16 15:00:00;17.45082851127441;;;;;;;
2022-04-16 16:00:00;21.53035415185915;;;;;;;
2022-04-16 17:00:00;21.22102829565713;;;;;;;
2022-04-16 18:00:00;26.77871046360202;;;;;;;
2022-04-16 19:00:00;17.69476172978926;;;;;;;
2022-04-16 20:00:00;18.71545988581304;;;;;;;
2022-04-16 21:00:00;19.10398686438838;;;;;;;
2022-04-16 22:00:00;17.64486935092583;;;;;;;
2022-04-16 23:00:00;21.71649748777657;;;;;;;
2022-04-17 00:00:00;19.30609620814053;;;;;;;
2022-04-17 01:00:00;25.46124424793229;;;;;;;
2022-04-17 02:00:00;19.32875948613844;;;;;;;
2022-04-17 03:00:00;21.20435412065836;;;;;;;
2022-04-17 04:00:00;25.11734777083052;;;;;;;
2022-04-17 05:00:00;23.2815347582886;;;;;;;
2022-04-17 06:00:00;25.05946728096902;;;;;;;
2022-04-17 07:00:00;23.09203493775103;;;;;;;
2022-04-17 08:00:00;23.20722895766588;;;;;;;
2022-04-17 09:00:00;15.72283048061249;;;;;;;
2022-04-17 10:00:00;18.4523829951513;;;;;;;
2022-04-17 11:00:00;22.46663988516437;;;;;;;
2022-04-17 12:00:00;27.12620472389071;;;;;;;
2022-04-17 13:00:00;24.75062272633121;;;;;;;
2022-04-17 14:00:00;19.1995038933854;;;;;;;
2022-04-17 15:00:00;26.56016044062594;;;;;;;
2022-04-17 16:00:00;18.24957202561739;;;;;;;
2022-04-17 17:00:00;23.94393360207771;;;;;;;
2022-04-17 18:00:00;24.68673217771225;;;;;;;
2022-04-17 19:00:00;18.26764875116045;;;;;;;
2022-04-17 20:00:00;19.39041715070573;;;;;;;
2022-04-17 21:00:00;28.0330411982483;;;;;;;
2022-04-17 22:00:00;17.1403728140067;;;;;;;
2022-04-17 23:00:00;23.14806925941678;;;;;;;
2022-04-18 00:00:00;16.13127294769695;;;;;;;
2022-04-18 01:00:00;20.7858373473325;;;;;;;
2022-04-18 02:00:00;20.23464465658689;;;;;;;
2022-04-18 03:00:00;25.15931209053548;;;;;;;
2022-04-18 04:00:00;24.00208213548041;;;;;;;
2022-04-18 05:00:00;21.87205891874109;;;;;;;
2022-04-18 06:00:00;24.89127063048106;;;;;;;
2022-04-18 07:00:00;17.45254610025313;;;;;;;
2022-04-18 08:00:00;17.32664943767125;;;;;;;
2022-04-18 09:00:00;27.24881483487684;;;;;;;
2022-04-18 10:00:00;18.22787557765077;;;;;;;
2022-04-18 11:00:00;18.70543023441233;;;;;;;
2022-04-18 12:00:00;19.74474940226261;;;;;;;
2022-04-18 13:00:00;22.42569897944217;;;;;;;
2022-04-18 14:00:00;21.55127085504813;;;;;;;
2022-04-18 15:00:00;25.05065038635191;;;;;;;
2022-04-18 16:00:00;17.83807728712775;;;;;;;
2022-04-18 17:00:00;19.6523047306239;;;;;;;
2022-04-18 18:00:00;15.89515520904926;;;;;;;
2022-04-18 19:00:00;20.90844126801637;;;;;;;
2022-04-18 20:00:00;25.16348713720836;;;;;;;
2022-04-18 21:00:00;19.78917069392032;;;;;;;
2022-04-18 22:00:00;28.43235570895355;;;;;;;
2022-04-18 23:00:00;19.277032830741;;;;;;;
2022-04-19 00:00:00;18.60078139141378;;;;;;;
2022-04-19 01:00:00;18.35713836235323;;;;;;;
2022-04-19 02:00:00;23.59361682088434;;;;;;;
2022-04-19 03:00:00;19.78322360864983;;;;;;;
2022-04-19 04:00:00;21.01924746313276;;;;;;;
2022-04-19 05:00:00;21.08621199303488;;;;;;;
2022-04-19 06:00:00;16.09069254444194;;;;;;;
2022-04-19 07:00:00;24.71024968847535;;;;;;;
2022-04-19 08:00:00;16.68560562985735;;;;;;;
2022-04-19 09:00:00;16.96844543202216;;;;;;;
2022-04-19 10:00:00;19.19304635354538;;;;;;;
2022-04-19 11:00:00;22.66022173282732;;;;;;;
2022-04-19 12:00:00;19.24551461725389;;;;;;;
2022-04-19 13:00:00;26.10920329906766;;;;;;;
2022-04-19 14:00:00;24.23271729294448;;;;;;;
2022-04-19 15:00:00;20.63312822420293;;;;;;;
2022-04-19 16:00:00;25.82069132713449;;;;;;;
2022-04-19 17:00:00;29.54765564762517;;;;;;;
2022-04-19 18:00:00;20.18532010852065;;;;;;;
2022-04-19 19:00:00;17.54286395331852;;;;;;;
2022-04-19 20:00:00;21.69654905993406;;;;;;;
2022-04-19 21:00:00;19.14271874197593;;;;;;;
2022-04-19 22:00:00;18.74292391542362;;;;;;;
2022-04-19 23:00:00;12.72659715007151;;;;;;;
2022-04-20 00:00:00;20.77307973303352;;;;;;;
2022-04-20 01:00:00;22.87353531183309;;;;;;;
2022-04-20 02:00:00;28.39800826029827;;;;;;;
2022-04-20 03:00:00;21.99357567368458;;;;;;;
2022-04-20 04:00:00;21.3963525103945;;;;;;;
2022-04-20 05:00:00;22.14477629064799;;;;;;;
2022-04-20 06:00:00;17.50791071502118;;;;;;;
2022-04-20 07:00:00;26.07857756958736;;;;;;;
2022-04-20 08:00:00;23.92993289602196;;;;;;;
2022-04-20 09:00:00;24.22780265517311;;;;;;;
2022-04-20 10:00:00;19.82668461524297;;;;;;;
2022-04-20 11:00:00;22.29672776390721;;;;;;;
2022-04-20 12:00:00;21.72446155410953;;;;;;;
2022-04-20 13:00:00;24.61459241414737;;;;;;;
2022-04-20 14:00:00;18.90311335556925;;;;;;;
2022-04-20 15:00:00;23.48346098652934;;;;;;;
2022-04-20 16:00:00;23.44225210659329;;;;;;;
2022-04-20 17:00:00;16.64914461382343;;;;;;;
2022-04-20 18:00:00;25.87039683028058;;;;;;;
2022-04-20 19:00:00;27.3359973310258;;;;;;;
2022-04-20 20:00:00;20.33876904986897;;;;;;;
2022-04-20 21:00:00;21.88304978515073;;;;;;;
2022-04-20 22:00:00;19.00601470605029;;;;;;;
2022-04-20 23:00:00;21.45391623567088;;;;;;;
2022-04-21 00:00:00;22.37683048371;;;;;;;
2022-04-21 01:00:00;19.32744761813346;;;;;;;
2022-04-21 02:00:00;20.55947093733993;;;;;;;
2022-04-21 03:00:00;20.22310819630407;;;;;;;
2022-04-21 04:00:00;20.09158527067303;;;;;;;
2022-04-21 05:00:00;19.60462303872208;;;;;;;
2022-04-21 06:00:00;20.32460268660629;;;;;;;
2022-04-21 07:00:00;18.74716404741607;;;;;;;
2022-04-21 08:00:00;25.23532159359725;;;;;;;
2022-04-21 09:00:00;20.62036642669914;;;;;;;
2022-04-21 10:00:00;24.37490041154379;;;;;;;
2022-04-21 11:00:00;20.15356710163503;;;;;;;
2022-04-21 12:00:00;24.79553711374638;;;;;;;
2022-04-21 13:00:00;25.27709637306833;;;;;;;
2022-04-21 14:00:00;26.917082137511;;;;;;;
2022-04-21 15:00:00;20.82527014947469;;;;;;;
2022-04-21 16:00:00;16.86267406341533;;;;;;;
2022-04-21 17:00:00;16.11292623980034;;;;;;;
2022-04-21 18:00:00;22.25119491530094;;;;;;;
2022-04-21 19:00:00;23.16449240629357;;;;;;;
2022-04-21 20:00:00;26.0883085083532;;;;;;;
2022-04-21 21:00:00;13.85766933067785;;;;;;;
2022-04-21 22:00:00;23.28964471529028;;;;;;;
2022-04-21 23:00:00;14.09280507414777;;;;;;;
2022-04-22 00:00:00;19.59181368767141;;;;;;;
2022-04-22 01:00:00;23.83354251367544;;;;;;;
2022-04-22 02:00:00;20.30700989163435;;;;;;;
2022-04-22 03:00:00;21.94127297316933;;;;;;;
2022-04-22 04:00:00;23.47836241166389;;;;;;;
2022-04-22 05:00:00;19.66408277635092;;;;;;;
2022-04-22 06:00:00;20.56800817205274;;;;;;;
2022-04-22 07:00:00;22.92856225028486;;;;;;;
2022-04-22 08:00:00;21.01814084388011;;;;;;;
2022-04-22 09:00:00;22.79087401502325;;;;;;;
2022-04-22 10:00:00;22.84853682841947;;;;;;;
2022-04-22 11:00:00;24.41280556277015;;;;;;;
2022-04-22 12:00:00;20.73567891031133;;;;;;;
2022-04-22 13:00:00;25.06201399495752;;;;;;;
2022-04-22 14:00:00;25.1614532009288;;;;;;;
2022-04-22 15:00:00;24.14743801445249;;;;;;;
2022-04-22 16:00:00;19.54114028090801;;;;;;;
2022-04-22 17:00:00;23.91780259284571;;;;;;;
2022-04-22 18:00:00;19.88919522173964;;;;;;;
2022-04-22 19:00:00;19.94472846695353;;;;;;;
2022-04-22 20:00:00;24.23535668202549;;;;;;;
2022-04-22 21:00:00;18.03648468319499;;;;;;;
2022-04-22 22:00:00;19.07116228391425;;;;;;;
2022-04-22 23:00:00;16.97055699864953;;;;;;;
2022-04-23 00:00:00;19.03271722605634;;;;;;;
2022-04-23 01:00:00;22.16046581523652;;;;;;;
2022-04-23 02:00:00;20.71184731000005;;;;;;;
2022-04-23 03:00:00;21.13874738275738;;;;;;;
2022-04-23 04:00:00;24.21991714957661;;;;;;;
2022-04-23 05:00:00;18.78320667359613;;;;;;;
2022-04-23 06:00:00;15.66118602940263;;;;;;;
2022-04-23 07:00:00;20.40487199114192;;;;;;;
2022-04-23 08:00:00;15.98760662762341;;;;;;;
2022-04-23 09:00:00;17.24721638981507;;;;;;;
2022-04-23 10:00:00;24.13656614173839;;;;;;;
2022-04-23 11:00:00;27.05278922605853;;;;;;;
2022-04-23 12:00:00;18.05540905327767;;;;;;;
2022-04-23 13:00:00;22.84925487551796;;;;;;;
2022-04-23 14:00:00;22.2819733520917;;;;;;;
2022-04-23 15:00:00;21.37339705859515;;;;;;;
2022-04-23 16:00:00;20.37492828018214;;;;;;;
2022-04-23 17:00:00;21.5026053364101;;;;;;;
2022-04-23 18:00:00;20.94288935162275;;;;;;;
2022-04-23 19:00:00;24.1558097590087;;;;;;;
2022-04-23 20:00:00;22.08889751203639;;;;;;;
2022-04-23 21:00:00;19.12614187173562;;;;;;;
2022-04-23 22:00:00;16.99711544079414;;;;;;;
2022-04-23 23:00:00;15.86924765946035;;;;;;;
2022-04-24 00:00:00;25.14638667005721;;;;;;;
2022-04-24 01:00:00;14.25422534900968;;;;;;;
2022-04-24 02:00:00;21.18704196750476;;;;;;;
2022-04-24 03:00:00;22.68047029480345;;;;;;;
2022-04-24 04:00:00;21.3964927273503;;;;;;;
2022-04-24 05:00:00;24.64675871139645;;;;;;;
2022-04-24 06:00:00;23.38114165832513;;;;;;;
2022-04-24 07:00:00;15.42714249324579;;;;;;;
2022-04-24 08:00:00;18.36095518324426;;;;;;;
2022-04-24 09:00:00;23.17261373722401;;;;;;;
2022-04-24 10:00:00;19.61142152233671;;;;;;;
2022-04-24 11:00:00;25.34558916631293;;;;;;;
2022-04-24 12:00:00;21.0780467578195;;;;;;;
2022-04-24 13:00:00;21.88594752871287;;;;;;;
2022-04-24 14:00:00;19.40299497776495;;;;;;;
2022-04-24 15:00:00;22.07284738668399;;;;;;;
2022-04-24 16:00:00;20.53717791574909;;;;;;;
2022-04-24 17:00:00;18.93647881201933;;;;;;;
2022-04-24 18:00:00;20.39631061437175;;;;;;;
2022-04-24 19:00:00;22.64887169769167;;;;;;;
2022-04-24 20:00:00;21.133398928353;;;;;;;
2022-04-24 21:00:00;21.82358786534591;;;;;;;
2022-04-24 22:00:00;23.37801692312228;;;;;;;
2022-04-24 23:00:00;21.50616346922047;;;;;;;
2022-04-25 00:00:00;26.43375469459627;;;;;;;
2022-04-25 01:00:00;22.88085513126861;;;;;;;
2022-04-25 02:00:00;19.86291401777644;;;;;;;
2022-04-25 03:00:00;30.20691623954141;;;;;;;
2022-04-25 04:00:00;19.18018234299876;;;;;;;
2022-04-25 05:00:00;20.30669239401516;;;;;;;
2022-04-25 06:00:00;20.25134322555166;;;;;;;
2022-04-25 07:00:00;22.51959518391615;;;;;;;
2022-04-25 08:00:00;17.88345183011694;;;;;;;
2022-04-25 09:00:00;23.07565124307285;;;;;;;
2022-04-25 10:00:00;16.08274671062507;;;;;;;
2022-04-25 11:00:00;16.5198881890115;;;;;;;
2022-04-25 12:00:00;20.24851458160998;;;;;;;
2022-04-25 13:00:00;19.70719805051302;;;;;;;
2022-04-25 14:00:00;23.59064137755303;;;;;;;
2022-04-25 15:00:00;21.94716988517401;;;;;;;
2022-04-25 16:00:00;22.49571410231514;;;;;;;
2022-04-25 17:00:00;26.50247201795817;;;;;;;
2022-04-25 18:00:00;16.9187173469373;;;;;;;
2022-04-25 19:00:00;22.87495489125648;;;;;;;
2022-04-25 20:00:00;19.354324482161;;;;;;;
2022-04-25 21:00:00;18.87054474793838;;;;;;;
2022-04-25 22:00:00;17.58580159129233;;;;;;;
2022-04-25 23:00:00;22.98194564351461;;;;;;;
2022-04-26 00:00:00;22.85248097844462;;;;;;;
2022-04-26 01:00:00;28.2850335223028;;;;;;;
2022-04-26 02:00:00;22.5694041401679;;;;;;;
2022-04-26 03:00:00;26.08085059793664;;;;;;;
2022-04-26 04:00:00;20.43692299175503;;;;;;;
2022-04-26 05:00:00;21.9325858152962;;;;;;;
2022-04-26 06:00:00;26.44816886357038;;;;;;;
2022-04-26 07:00:00;22.90639724094438;;;;;;;
2022-04-26 08:00:00;22.10196381989958;;;;;;;
2022-04-26 09:00:00;20.3199548475008;;;;;;;
2022-04-26 10:00:00;16.3293549537607;;;;;;;
2022-04-26 11:00:00;17.5537241836384;;;;;;;
2022-04-26 12:00:00;24.70167704550363;;;;;;;
2022-04-26 13:00:00;25.47691259286675;;;;;;;
2022-04-26 14:00:00;18.0747918856764;;;;;;;
2022-04-26 15:00:00;24.36757452430662;;;;;;;
2022-04-26 16:00:00;19.87075103208343;;;;;;;
2022-04-26 17:00:00;22.90948861364382;;;;;;;
2022-04-26 18:00:00;24.06645540056161;;;;;;;
2022-04-26 19:00:00;19.77049775257878;;;;;;;
2022-04-26 20:00:00;21.9771575821668;;;;;;;
2022-04-26 21:00:00;18.49181026127951;;;;;;;
2022-04-26 22:00:00;19.07553522445226;;;;;;;
2022-04-26 23:00:00;22.11919758362257;;;;;;;
2022-04-27 00:00:00;18.16558693074498;;;;;;;
2022-04-27 01:00:00;22.97901558584294;;;;;;;
2022-04-27 02:00:00;23.00296083099963;;;;;;;
2022-04-27 03:00:00;19.60634821997271;;;;;;;
2022-04-27 04:00:00;23.12460401804582;;;;;;;
2022-04-27 05:00:00;23.28335371105052;;;;;;;
2022-04-27 06:00:00;24.59716197035923;;;;;;;
2022-04-27 07:00:00;21.29797037612036;;;;;;;
2022-04-27 08:00:00;21.27047273264301;;;;;;;
2022-04-27 09:00:00;15.31524824438964;;;;;;;
2022-04-27 10:00:00;26.07059637549132;;;;;;;
2022-04-27 11:00:00;23.82005570601086;;;;;;;
2022-04-27 12:00:00;16.66377408256601;;;;;;;
2022-04-27 13:00:00;18.82339943226699;;;;;;;
2022-04-27 14:00:00;16.0106299353619;;;;;;;
2022-04-27 15:00:00;24.20083951408377;;;;;;;
2022-04-27 16:00:00;22.83997902711728;;;;;;;
2022-04-27 17:00:00;19.33261525930293;;;;;;;
2022-04-27 18:00:00;17.26992356139627;;;;;;;
2022-04-27 19:00:00;16.12657640438887;;;;;;;
2022-04-27 20:00:00;20.65316573853562;;;;;;;
2022-04-27 21:00:00;19.43076038070509;;;;;;;
2022-04-27 22:00:00;23.87130946170813;;;;;;;
2022-04-27 23:00:00;24.18006754947096;;;;;;;
2022-04-28 00:00:00;19.29824474191377;;;;;;;
2022-04-28 01:00:00;24.68189145514684;;;;;;;
2022-04-28 02:00:00;19.66857090720826;;;;;;;
2022-04-28 03:00:00;23.36763034702318;;;;;;;
2022-04-28 04:00:00;23.96042315963783;;;;;;;
2022-04-28 05:00:00;23.76054912918529;;;;;;;
2022-04-28 06:00:00;25.35199561526262;;;;;;;
2022-04-28 07:00:00;23.01272565492727;;;;;;;
2022-04-28 08:00:00;21.83261796522473;;;;;;;
2022-04-28 09:00:00;18.19095454411547;;;;;;;
2022-04-28 10:00:00;24.81844072719013;;;;;;;
2022-04-28 11:00:00;22.85930554755618;;;;;;;
2022-04-28 12:00:00;17.87511614294736;;;;;;;
2022-04-28 13:00:00;25.63629375994455;;;;;;;
2022-04-28 14:00:00;18.75909329821243;;;;;;;
2022-04-28 15:00:00;15.82180844284674;;;;;;;
2022-04-28 16:00:00;18.59358748672138;;;;;;;
2022-04-28 17:00:00;22.16075591593023;;;;;;;
2022-04-28 18:00:00;24.78820453116247;;;;;;;
2022-04-28 19:00:00;20.26014752954622;;;;;;;
2022-04-28 20:00:00;24.1292568900819;;;;;;;
2022-04-28 21:00:00;21.92475094236871;;;;;;;
2022-04-28 22:00:00;25.16371980927347;;;;;;;
2022-04-28 23:00:00;20.88976555746319;;;;;;;
2022-04-29 00:00:00;19.52820464891069;;;;;;;
2022-04-29 01:00:00;20.73113071117646;;;;;;;
2022-04-29 02:00:00;20.5950246439193;;;;;;;
2022-04-29 03:00:00;23.40272360447114;;;;;;;
2022-04-29 04:00:00;22.5627923084401;;;;;;;
2022-04-29 05:00:00;19.01697131614339;;;;;;;
2022-04-29 06:00:00;19.27841954903333;;;;;;;
2022-04-29 07:00:00;18.05969096332828;;;;;;;
2022-04-29 08:00:00;20.22534157090938;;;;;;;
2022-04-29 09:00:00;18.90655018769289;;;;;;;
2022-04-29 10:00:00;14.15653546777554;;;;;;;
2022-04-29 11:00:00;21.93382418230881;;;;;;;
2022-04-29 12:00:00;18.87147332445411;;;;;;;
2022-04-29 13:00:00;19.96183676584526;;;;;;;
2022-04-29 14:00:00;19.9832182010513;;;;;;;
2022-04-29 15:00:00;24.4747728411191;;;;;;;
2022-04-29 16:00:00;15.55739378085283;;;;;;;
2022-04-29 17:00:00;21.58541237676607;;;;;;;
2022-04-29 18:00:00;19.50092428203604;;;;;;;
2022-04-29 19:00:00;21.17272094523615;;;;;;;
2022-04-29 20:00:00;21.99634013656881;;;;;;;
2022-04-29 21:00:00;17.9377797543199;;;;;;;
2022-04-29 22:00:00;17.59878428590169;;;;;;;
2022-04-29 23:00:00;18.6716214837446;;;;;;;
2022-04-30 00:00:00;19.3479142400749;;;;;;;
2022-04-30 01:00:00;17.86404131707487;;;;;;;
2022-04-30 02:00:00;14.99865373097892;;;;;;;
2022-04-30 03:00:00;19.32610315707024;;;;;;;
2022-04-30 04:00:00;21.90456316295069;;;;;;;
2022-04-30 05:00:00;20.76997653329093;;;;;;;
2022-04-30 06:00:00;25.01238115928677;;;;;;;
2022-04-30 07:00:00;21.08312688449487;;;;;;;
2022-04-30 08:00:00;22.8604122487356;;;;;;;
2022-04-30 09:00:00;14.45622837989626;;;;;;;
2022-04-30 10:00:00;19.79085257425258;;;;;;;
2022-04-30 11:00:00;26.72645995782559;;;;;;;
2022-04-30 12:00:00;21.32706726179608;;;;;;;
2022-04-30 13:00:00;24.72374957523934;;;;;;;
2022-04-30 14:00:00;16.4550496571135;;;;;;;
2022-04-30 15:00:00;22.37571879535849;;;;;;;
2022-04-30 16:00:00;25.00484702731373;;;;;;;
2022-04-30 17:00:00;24.94676580940996;;;;;;;
2022-04-30 18:00:00;22.81294859858021;;;;;;;
2022-04-30 19:00:00;18.62214449975656;;;;;;;
2022-04-30 20:00:00;22.96897781624783;;;;;;;
2022-04-30 21:00:00;16.44947626757561;;;;;;;
2022-04-30 22:00:00;22.59054431213209;;;;;;;
2022-04-30 23:00:00;25.78981003685502;;;;;;;
2022-05-01 00:00:00;22.70167190563303;;;;;;;
2022-05-01 01:00:00;23.53404853106903;;;;;;;
2022-05-01 02:00:00;23.41465466556031;;;;;;;
2022-05-01 03:00:00;25.3516631518993;;;;;;;
2022-05-01 04:00:00;26.09173754295037;;;;;;;
2022-05-01 05:00:00;26.51947348504901;;;;;;;
2022-05-01 06:00:00;23.7151509877592;;;;;;;
2022-05-01 07:00:00;23.51203738194379;;;;;;;
2022-05-01 08:00:00;22.07909323054417;;;;;;;
2022-05-01 09:00:00;20.15662223280914;;;;;;;
2022-05-01 10:00:00;22.66248280316521;;;;;;;
2022-05-01 11:00:00;18.96811899118143;;;;;;;
2022-05-01 12:00:00;24.37799063630444;;;;;;;
2022-05-01 13:00:00;23.81616370457015;;;;;;;
2022-05-01 14:00:00;22.07196263408558;;;;;;;
2022-05-01 15:00:00;16.57224475668975;;;;;;;
2022-05-01 16:00:00;16.86086968934906;;;;;;;
2022-05-01 17:00:00;18.36967024000141;;;;;;;
2022-05-01 18:00:00;18.74962322603102;;;;;;;
2022-05-01 19:00:00;16.00907630824791;;;;;;;
2022-05-01 20:00:00;25.18586297719441;;;;;;;
2022-05-01 21:00:00;18.25505735641264;;;;;;;
2022-05-01 22:00:00;23.45667142447681;;;;;;;
2022-05-01 23:00:00;16.61029389669996;;;;;;;
2022-05-02 00:00:00;25.27833512969548;;;;;;;
2022-05-02 01:00:00;18.13085767130228;;;;;;;
2022-05-02 02:00:00;22.16964733627447;;;;;;;
2022-05-02 03:00:00;21.48583961824328;;;;;;;
2022-05-02 04:00:00;23.49206298903633;;;;;;;
2022-05-02 05:00:00;22.06849088169788;;;;;;;
2022-05-02 06:00:00;22.63210778955959;;;;;;;
2022-05-02 07:00:00;24.96150292111211;;;;;;;
2022-05-02 08:00:00;20.51915654480401;;;;;;;
2022-05-02 09:00:00;21.6823926821863;;;;;;;
2022-05-02 10:00:00;18.40863609293663;;;;;;;
2022-05-02 11:00:00;19.27736133363354;;;;;;;
2022-05-02 12:00:00;24.87763481504374;;;;;;;
2022-05-02 13:00:00;20.86478149850023;;;;;;;
2022-05-02 14:00:00;25.55768748172972;;;;;;;
2022-05-02 15:00:00;21.96046475312541;;;;;;;
2022-05-02 16:00:00;24.44942807806202;;;;;;;
2022-05-02 17:00:00;21.46028107812528;;;;;;;
2022-05-02 18:00:00;28.60609977753168;;;;;;;
2022-05-02 19:00:00;20.77738722656175;;;;;;;
2022-05-02 20:00:00;18.57081851728299;;;;;;;
2022-05-02 21:00:00;24.05757736314282;;;;;;;
2022-05-02 22:00:00;23.4304932550373;;;;;;;
2022-05-02 23:00:00;18.1827697161696;;;;;;;
2022-05-03 00:00:00;15.00282029609622;;;;;;;
2022-05-03 01:00:00;13.62506032064335;;;;;;;
2022-05-03 02:00:00;16.72074887232732;;;;;;;
2022-05-03 03:00:00;19.54390770817484;;;;;;;
2022-05-03 04:00:00;19.73489203967753;;;;;;;
2022-05-03 05:00:00;21.57383711616732;;;;;;;
2022-05-03 06:00:00;28.18517532586688;;;;;;;
2022-05-03 07:00:00;21.0218648396438;;;;;;;
2022-05-03 08:00:00;20.92708577068507;;;;;;;
2022-05-03 09:00:00;22.82729614617319;;;;;;;
2022-05-03 10:00:00;17.51420777935601;;;;;;;
2022-05-03 11:00:00;23.04952974748828;;;;;;;
2022-05-03 12:00:00;22.21491005013955;;;;;;;
2022-05-03 13:00:00;22.24207408363953;;;;;;;
2022-05-03 14:00:00;22.02069973325942;;;;;;;
2022-05-03 15:00:00;19.07691982388892;;;;;;;
2022-05-03 16:00:00;20.01206403824871;;;;;;;
2022-05-03 17:00:00;22.06867039111479;;;;;;;
2022-05-03 18:00:00;20.60758312042311;;;;;;;
2022-05-03 19:00:00;22.21908916522755;;;;;;;
2022-05-03 20:00:00;20.66499057877062;;;;;;;
2022-05-03 21:00:00;20.92853598375857;;;;;;;
2022-05-03 22:00:00;23.56726482500086;;;;;;;
2022-05-03 23:00:00;21.51916716243462;;;;;;;
2022-05-04 00:00:00;19.78865494158108;;;;;;;
2022-05-04 01:00:00;20.60069966553801;;;;;;;
2022-05-04 02:00:00;26.30980128535493;;;;;;;
2022-05-04 03:00:00;20.90616005199828;;;;;;;
2022-05-04 04:00:00;19.51815899855871;;;;;;;
2022-05-04 05:00:00;19.74763882110328;;;;;;;
2022-05-04 06:00:00;18.53218818917318;;;;;;;
2022-05-04 07:00:00;16.27054363448406;;;;;;;
2022-05-04 08:00:00;22.07042747166554;;;;;;;
2022-05-04 09:00:00;23.21827326554559;;;;;;;
2022-05-04 10:00:00;18.99903755604389;;;;;;;
2022-05-04 11:00:00;22.36917205994151;;;;;;;
2022-05-04 12:00:00;20.63606856749361;;;;;;;
2022-05-04 13:00:00;22.05543053047378;;;;;;;
2022-05-04 14:00:00;25.53963834766648;;;;;;;
2022-05-04 15:00:00;19.85097728562376;;;;;;;
2022-05-04 16:00:00;17.38675130814331;;;;;;;
2022-05-04 17:00:00;16.49226210425634;;;;;;;
2022-05-04 18:00:00;11.93984687790153;;;;;;;
2022-05-04 19:00:00;29.90155374220058;;;;;;;
2022-05-04 20:00:00;28.90052002985693;;;;;;;
2022-05-04 21:00:00;19.31987798526795;;;;;;;
2022-05-04 22:00:00;23.32048581426006;;;;;;;
2022-05-04 23:00:00;19.05027101623602;;;;;;;
2022-05-05 00:00:00;23.81423552773269;;;;;;;
2022-05-05 01:00:00;21.63754109286548;;;;;;;
2022-05-05 02:00:00;22.78409886968132;;;;;;;
2022-05-05 03:00:00;20.86490474638723;;;;;;;
2022-05-05 04:00:00;13.75085895782465;;;;;;;
2022-05-05 05:00:00;29.17898661306618;;;;;;;
2022-05-05 06:00:00;25.02698523773868;;;;;;;
2022-05-05 07:00:00;25.08172231183788;;;;;;;
2022-05-05 08:00:00;19.78784581865721;;;;;;;
2022-05-05 09:00:00;24.22625019654814;;;;;;;
2022-05-05 10:00:00;21.32850864566259;;;;;;;
2022-05-05 11:00:00;20.0914761172976;;;;;;;
2022-05-05 12:00:00;26.06744590222326;;;;;;;
2022-05-05 13:00:00;23.72921635502489;;;;;;;
2022-05-05 14:00:00;16.84002022677017;;;;;;;
2022-05-05 15:00:00;21.75030312330917;;;;;;;
2022-05-05 16:00:00;25.58334879252526;;;;;;;
2022-05-05 17:00:00;21.56044040167179;;;;;;;
2022-05-05 18:00:00;19.09933731032331;;;;;;;
2022-05-05 19:00:00;28.79313267662333;;;;;;;
2022-05-05 20:00:00;23.54118268153899;;;;;;;
2022-05-05 21:00:00;19.43989729477633;;;;;;;
2022-05-05 22:00:00;22.89137813990639;;;;;;;
2022-05-05 23:00:00;23.12038034597478;;;;;;;
2022-05-06 00:00:00;23.21886045651764;;;;;;;
2022-05-06 01:00:00;23.26294277258732;;;;;;;
2022-05-06 02:00:00;20.0844463969289;;;;;;;
2022-05-06 03:00:00;16.1978930621502;;;;;;;
2022-05-06 04:00:00;20.65439060425202;;;;;;;
2022-05-06 05:00:00;19.72032209876257;;;;;;;
2022-05-06 06:00:00;23.30533811059313;;;;;;;
2022-05-06 07:00:00;22.55856527579605;;;;;;;
2022-05-06 08:00:00;20.04513442823336;;;;;;;
2022-05-06 09:00:00;24.31723382980655;;;;;;;
2022-05-06 10:00:00;26.59792551025291;;;;;;;
2022-05-06 11:00:00;22.27106246507619;;;;;;;
2022-05-06 12:00:00;18.82067971203644;;;;;;;
2022-05-06 13:00:00;20.17582942731018;;;;;;;
2022-05-06 14:00:00;13.81688269223477;;;;;;;
2022-05-06 15:00:00;22.30944272054573;;;;;;;
2022-05-06 16:00:00;14.86404240539725;;;;;;;
2022-05-06 17:00:00;22.882909025902;;;;;;;
2022-05-06 18:00:00;25.23969355689595;;;;;;;
2022-05-06 19:00:00;22.73706468851637;;;;;;;
2022-05-06 20:00:00;17.18171298206116;;;;;;;
2022-05-06 21:00:00;18.5486826374324;;;;;;;
2022-05-06 22:00:00;23.39664945698433;;;;;;;
2022-05-06 23:00:00;15.80010246197225;;;;;;;
2022-05-07 00:00:00;17.37180845329318;;;;;;;
2022-05-07 01:00:00;24.33565977452003;;;;;;;
2022-05-07 02:00:00;21.04551198344851;;;;;;;
2022-05-07 03:00:00;21.29000977992392;;;;;;;
2022-05-07 04:00:00;21.21005458152196;;;;;;;
2022-05-07 05:00:00;20.87877333530449;;;;;;;
2022-05-07 06:00:00;19.29280512450593;;;;;;;
2022-05-07 07:00:00;22.26828766156902;;;;;;;
2022-05-07 08:00:00;20.28767219583556;;;;;;;
2022-05-07 09:00:00;25.75187206549413;;;;;;;
2022-05-07 10:00:00;22.22602936783;;;;;;;
2022-05-07 11:00:00;21.31875734024355;;;;;;;
2022-05-07 12:00:00;21.83814984485547;;;;;;;
2022-05-07 13:00:00;22.32764803205134;;;;;;;
2022-05-07 14:00:00;23.64045040745728;;;;;;;
2022-05-07 15:00:00;20.9314153399055;;;;;;;
2022-05-07 16:00:00;20.01962525219517;;;;;;;
2022-05-07 17:00:00;27.16359151276926;;;;;;;
2022-05-07 18:00:00;22.92713377570641;;;;;;;
2022-05-07 19:00:00;19.80983534938912;;;;;;;
2022-05-07 20:00:00;23.1142188778812;;;;;;;
2022-05-07 21:00:00;22.40307546603689;;;;;;;
2022-05-07 22:00:00;12.55370196285969;;;;;;;
2022-05-07 23:00:00;23.61888342279952;;;;;;;
2022-05-08 00:00:00;15.45325587067789;;;;;;;
2022-05-08 01:00:00;22.51892401338894;;;;;;;
2022-05-08 02:00:00;17.83447389016938;;;;;;;
2022-05-08 03:00:00;24.82631311863375;;;;;;;
2022-05-08 04:00:00;19.59542623847629;;;;;;;
2022-05-08 05:00:00;27.42934211189588;;;;;;;
2022-05-08 06:00:00;21.94841753321429;;;;;;;
2022-05-08 07:00:00;28.1631896734219;;;;;;;
2022-05-08 08:00:00;19.10414049322656;;;;;;;
2022-05-08 09:00:00;24.9993328792497;;;;;;;
2022-05-08 10:00:00;27.01093543842776;;;;;;;
2022-05-08 11:00:00;26.13517678068354;;;;;;;
2022-05-08 12:00:00;20.98846754088954;;;;;;;
2022-05-08 13:00:00;15.38405632149864;;;;;;;
2022-05-08 14:00:00;17.11673519816801;;;;;;;
2022-05-08 15:00:00;18.62534156939175;;;;;;;
2022-05-08 16:00:00;20.20122072048113;;;;;;;
2022-05-08 17:00:00;16.74312744296804;;;;;;;
2022-05-08 18:00:00;23.7046405486297;;;;;;;
2022-05-08 19:00:00;28.27605950059367;;;;;;;
2022-05-08 20:00:00;25.14442766795413;;;;;;;
2022-05-08 21:00:00;17.55768532745636;;;;;;;
2022-05-08 22:00:00;20.59499362100171;;;;;;;
2022-05-08 23:00:00;28.10067613440096;;;;;;;
2022-05-09 00:00:00;21.47329595212629;;;;;;;
2022-05-09 01:00:00;19.28800093718155;;;;;;;
2022-05-09 02:00:00;15.06602961748758;;;;;;;
2022-05-09 03:00:00;19.83935206910075;;;;;;;
2022-05-09 04:00:00;25.70420184092669;;;;;;;
2022-05-09 05:00:00;23.07873118320713;;;;;;;
2022-05-09 06:00:00;20.8882025601132;;;;;;;
2022-05-09 07:00:00;27.19586918548361;;;;;;;
2022-05-09 08:00:00;21.8216653117784;;;;;;;
2022-05-09 09:00:00;19.18136442323917;;;;;;;
2022-05-09 10:00:00;16.99832162947434;;;;;;;
2022-05-09 11:00:00;20.78956289808112;;;;;;;
2022-05-09 12:00:00;17.59263463997863;;;;;;;
2022-05-09 13:00:00;22.25412294778022;;;;;;;
2022-05-09 14:00:00;21.57579320646072;;;;;;;
2022-05-09 15:00:00;21.47836015700715;;;;;;;
2022-05-09 16:00:00;24.83728429259342;;;;;;;
2022-05-09 17:00:00;21.49338337413426;;;;;;;
2022-05-09 18:00:00;21.46687484564927;;;;;;;
2022-05-09 19:00:00;21.09122880179053;;;;;;;
2022-05-09 20:00:00;20.73025673022389;;;;;;;
2022-05-09 21:00:00;18.12362709737958;;;;;;;
2022-05-09 22:00:00;20.94491405653769;;;;;;;
2022-05-09 23:00:00;16.43068573268553;;;;;;;
2022-05-10 00:00:00;18.76829009982127;;;;;;;
2022-05-10 01:00:00;26.48463053106616;;;;;;;
2022-05-10 02:00:00;16.15266153823116;;;;;;;
2022-05-10 03:00:00;23.98264976076172;;;;;;;
2022-05-10 04:00:00;30.11215562388597;;;;;;;
2022-05-10 05:00:00;22.58153864061874;;;;;;;
2022-05-10 06:00:00;18.57934290191632;;;;;;;
2022-05-10 07:00:00;25.57571164720786;;;;;;;
2022-05-10 08:00:00;21.68322196575031;;;;;;;
2022-05-10 09:00:00;15.76715881517436;;;;;;;
2022-05-10 10:00:00;22.60174724207569;;;;;;;
2022-05-10 11:00:00;16.66034435465211;;;;;;;
2022-05-10 12:00:00;16.09647779985503;;;;;;;
2022-05-10 13:00:00;27.45499269864412;;;;;;;
2022-05-10 14:00:00;16.79834014780458;;;;;;;
2022-05-10 15:00:00;22.06356244547756;;;;;;;
2022-05-10 16:00:00;20.18920688680197;;;;;;;
2022-05-10 17:00:00;21.30183361430378;;;;;;;
2022-05-10 18:00:00;23.52075525550796;;;;;;;
2022-05-10 19:00:00;23.12470511467481;;;;;;;
2022-05-10 20:00:00;22.10560075788404;;;;;;;
2022-05-10 21:00:00;13.13277312085285;;;;;;;
2022-05-10 22:00:00;20.83448217617034;;;;;;;
2022-05-10 23:00:00;20.26683197655993;;;;;;;
2022-05-11 00:00:00;26.02479591901057;;;;;;;
2022-05-11 01:00:00;17.49219432447885;;;;;;;
2022-05-11 02:00:00;21.22998788883158;;;;;;;
2022-05-11 03:00:00;22.97355264374248;;;;;;;
2022-05-11 04:00:00;21.8936032152637;;;;;;;
2022-05-11 05:00:00;22.18675492400221;;;;;;;
2022-05-11 06:00:00;17.95554303318624;;;;;;;
2022-05-11 07:00:00;21.13239603943632;;;;;;;
2022-05-11 08:00:00;20.86155516660136;;;;;;;
2022-05-11 09:00:00;24.72613677122987;;;;;;;
2022-05-11 10:00:00;18.89283562103878;;;;;;;
2022-05-11 11:00:00;27.96650370574704;;;;;;;
2022-05-11 12:00:00;23.13768962765016;;;;;;;
2022-05-11 13:00:00;20.82317241655872;;;;;;;
2022-05-11 14:00:00;16.48388088810304;;;;;;;
2022-05-11 15:00:00;20.6295138393467;;;;;;;
2022-05-11 16:00:00;21.71262763256896;;;;;;;
2022-05-11 17:00:00;26.71094543283979;;;;;;;
2022-05-11 18:00:00;26.33432962015059;;;;;;;
2022-05-11 19:00:00;19.16253937202649;;;;;;;
2022-05-11 20:00:00;25.3329164508011;;;;;;;
2022-05-11 21:00:00;16.24985244646516;;;;;;;
2022-05-11 22:00:00;19.27689980374944;;;;;;;
2022-05-11 23:00:00;22.3481721495794;;;;;;;
2022-05-12 00:00:00;20.46525429064383;;;;;;;
2022-05-12 01:00:00;23.1460561507441;;;;;;;
2022-05-12 02:00:00;20.95913599994394;;;;;;;
2022-05-12 03:00:00;19.48591627905328;;;;;;;
2022-05-12 04:00:00;22.81881348820659;;;;;;;
2022-05-12 05:00:00;24.76436009222581;;;;;;;
2022-05-12 06:00:00;16.89697859295994;;;;;;;
2022-05-12 07:00:00;18.44737873903632;;;;;;;
2022-05-12 08:00:00;23.5426091364404;;;;;;;
2022-05-12 09:00:00;20.31044143078837;;;;;;;
2022-05-12 10:00:00;25.61416105095586;;;;;;;
2022-05-12 11:00:00;23.93837010317121;;;;;;;
2022-05-12 12:00:00;25.95337719672848;;;;;;;
2022-05-12 13:00:00;20.11823276098804;;;;;;;
2022-05-12 14:00:00;26.77241001376008;;;;;;;
2022-05-12 15:00:00;17.6592407635093;;;;;;;
2022-05-12 16:00:00;18.15639648394049;;;;;;;
2022-05-12 17:00:00;24.42438354411555;;;;;;;
2022-05-12 18:00:00;21.65193812542682;;;;;;;
2022-05-12 19:00:00;15.81557504932595;;;;;;;
2022-05-12 20:00:00;19.69414480511433;;;;;;;
2022-05-12 21:00:00;20.11894367036923;;;;;;;
2022-05-12 22:00:00;16.27253863050382;;;;;;;
2022-05-12 23:00:00;20.96567977613054;;;;;;;
2022-05-13 00:00:00;25.13670226840521;;;;;;;
2022-05-13 01:00:00;20.07490767038399;;;;;;;
2022-05-13 02:00:00;22.19994261064969;;;;;;;
2022-05-13 03:00:00;23.17146042119273;;;;;;;
2022-05-13 04:00:00;20.14656289460041;;;;;;;
2022-05-13 05:00:00;17.60203595644956;;;;;;;
2022-05-13 06:00:00;20.25946940360261;;;;;;;
2022-05-13 07:00:00;20.86416419411435;;;;;;;
2022-05-13 08:00:00;22.44778560253116;;;;;;;
2022-05-13 09:00:00;23.3684159666307;;;;;;;
2022-05-13 10:00:00;15.20372655485789;;;;;;;
2022-05-13 11:00:00;15.44225931474523;;;;;;;
2022-05-13 12:00:00;17.41108741531963;;;;;;;
2022-05-13 13:00:00;16.6370636870131;;;;;;;
2022-05-13 14:00:00;26.85684643465584;;;;;;;
2022-05-13 15:00:00;17.1292873551471;;;;;;;
2022-05-13 16:00:00;18.50043458229056;;;;;;;
2022-05-13 17:00:00;22.75724301120598;;;;;;;
2022-05-13 18:00:00;21.66549867830313;;;;;;;
2022-05-13 19:00:00;17.8475466887605;;;;;;;
2022-05-13 20:00:00;18.4809668718384;;;;;;;
2022-05-13 21:00:00;23.26745552351582;;;;;;;
2022-05-13 22:00:00;24.25801636979921;;;;;;;
2022-05-13 23:00:00;21.39459587660586;;;;;;;
2022-05-14 00:00:00;23.42123106757157;;;;;;;
2022-05-14 01:00:00;20.83332263740255;;;;;;;
2022-05-14 02:00:00;23.24890497002074;;;;;;;
2022-05-14 03:00:00;19.14531163157512;;;;;;;
2022-05-14 04:00:00;25.11808361684266;;;;;;;
2022-05-14 05:00:00;21.18899758351692;;;;;;;
2022-05-14 06:00:00;15.24613469217318;;;;;;;
2022-05-14 07:00:00;23.50599319810236;;;;;;;
2022-05-14 08:00:00;21.65030602410078;;;;;;;
2022-05-14 09:00:00;27.28003299331828;;;;;;;
2022-05-14 10:00:00;20.81291101204247;;;;;;;
2022-05-14 11:00:00;21.17838054124931;;;;;;;
2022-05-14 12:00:00;20.7900247537425;;;;;;;
2022-05-14 13:00:00;21.21179180378838;;;;;;;
2022-05-14 14:00:00;24.97301065588463;;;;;;;
2022-05-14 15:00:00;20.95972696530051;;;;;;;
2022-05-14 16:00:00;23.97749306420671;;;;;;;
2022-05-14 17:00:00;16.94787868548761;;;;;;;
2022-05-14 18:00:00;24.69525523346798;;;;;;;
2022-05-14 19:00:00;21.52961483480826;;;;;;;
2022-05-14 20:00:00;23.23233191952272;;;;;;;
2022-05-14 21:00:00;22.01545585058925;;;;;;;
2022-05-14 22:00:00;26.44294238334926;;;;;;;
2022-05-14 23:00:00;20.52317627270395;;;;;;;
2022-05-15 00:00:00;20.19170252426738;;;;;;;
2022-05-15 01:00:00;20.03836436949901;;;;;;;
2022-05-15 02:00:00;28.5313264560601;;;;;;;
2022-05-15 03:00:00;16.48146777031488;;;;;;;
2022-05-15 04:00:00;24.2197997288529;;;;;;;
2022-05-15 05:00:00;28.38154640422275;;;;;;;
2022-05-15 06:00:00;16.85595109183252;;;;;;;
2022-05-15 07:00:00;19.48468651917255;;;;;;;
2022-05-15 08:00:00;23.02965301086935;;;;;;;
2022-05-15 09:00:00;15.64588677524014;;;;;;;
2022-05-15 10:00:00;24.96344797884661;;;;;;;
2022-05-15 11:00:00;19.552540034179;;;;;;;
2022-05-15 12:00:00;18.19034588081667;;;;;;;
2022-05-15 13:00:00;22.70433526984328;;;;;;;
2022-05-15 14:00:00;30.83286498528121;;;;;;;
2022-05-15 15:00:00;22.19963505765708;;;;;;;
2022-05-15 16:00:00;16.40136889758717;;;;;;;
2022-05-15 17:00:00;23.54980535752344;;;;;;;
2022-05-15 18:00:00;25.6427699281269;;;;;;;
2022-05-15 19:00:00;23.6657558306049;;;;;;;
2022-05-15 20:00:00;28.01438121890169;;;;;;;
2022-05-15 21:00:00;19.6681065783344;;;;;;;
2022-05-15 22:00:00;19.01508082160906;;;;;;;
2022-05-15 23:00:00;26.84900420048013;;;;;;;
2022-05-16 00:00:00;24.74476741547515;;;;;;;
2022-05-16 01:00:00;22.41859743128419;;;;;;;
2022-05-16 02:00:00;19.61613276439487;;;;;;;
2022-05-16 03:00:00;16.95997124728352;;;;;;;
2022-05-16 04:00:00;20.77445165931831;;;;;;;
2022-05-16 05:00:00;22.56282929708798;;;;;;;
2022-05-16 06:00:00;23.28289235206077;;;;;;;
2022-05-16 07:00:00;24.96510906267929;;;;;;;
2022-05-16 08:00:00;15.57331025853243;;;;;;;
2022-05-16 09:00:00;25.74752410123856;;;;;;;
2022-05-16 10:00:00;22.80984084304415;;;;;;;
2022-05-16 11:00:00;23.75622292106477;;;;;;;
2022-05-16 12:00:00;26.73112944864912;;;;;;;
2022-05-16 13:00:00;22.86172898365882;;;;;;;
2022-05-16 14:00:00;25.6446520894817;;;;;;;
2022-05-16 15:00:00;28.42576326918755;;;;;;;
2022-05-16 16:00:00;16.5757011730907;;;;;;;
2022-05-16 17:00:00;25.51161214528357;;;;;;;
2022-05-16 18:00:00;22.42130399145035;;;;;;;
2022-05-16 19:00:00;19.44924726319815;;;;;;;
2022-05-16 20:00:00;25.17097040979937;;;;;;;
2022-05-16 21:00:00;23.95248079289031;;;;;;;
2022-05-16 22:00:00;18.80536622146548;;;;;;;
2022-05-16 23:00:00;21.96247705932585;;;;;;;
2022-05-17 00:00:00;18.4563132515659;;;;;;;
2022-05-17 01:00:00;20.18066938544158;;;;;;;
2022-05-17 02:00:00;19.94463337912753;;;;;;;
2022-05-17 03:00:00;21.61149013043409;;;;;;;
2022-05-17 04:00:00;22.94708924616581;;;;;;;
2022-05-17 05:00:00;22.6702011375325;;;;;;;
2022-05-17 06:00:00;22.54829818572805;;;;;;;
2022-05-17 07:00:00;22.15789715249516;;;;;;;
2022-05-17 08:00:00;21.93718240897382;;;;;;;
2022-05-17 09:00:00;22.8801783868;;;;;;;
2022-05-17 10:00:00;16.09000363746567;;;;;;;
2022-05-17 11:00:00;21.03411565703541;;;;;;;
2022-05-17 12:00:00;25.1201198589564;;;;;;;
2022-05-17 13:00:00;26.92142787458923;;;;;;;
2022-05-17 14:00:00;17.03208307258586;;;;;;;
2022-05-17 15:00:00;24.30772077206628;;;;;;;
2022-05-17 16:00:00;23.15962629928193;;;;;;;
2022-05-17 17:00:00;23.07534961934693;;;;;;;
2022-05-17 18:00:00;17.74936771820765;;;;;;;
2022-05-17 19:00:00;18.13692912792796;;;;;;;
2022-05-17 20:00:00;26.12569563710715;;;;;;;
2022-05-17 21:00:00;22.85552496404752;;;;;;;
2022-05-17 22:00:00;21.54708058122124;;;;;;;
2022-05-17 23:00:00;17.59391301709659;;;;;;;
2022-05-18 00:00:00;18.26810065643828;;;;;;;
2022-05-18 01:00:00;25.54227140301975;;;;;;;
2022-05-18 02:00:00;15.63314473290771;;;;;;;
2022-05-18 03:00:00;23.27107086145923;;;;;;;
2022-05-18 04:00:00;24.66157116744985;;;;;;;
2022-05-18 05:00:00;18.52481351755282;;;;;;;
2022-05-18 06:00:00;18.09426341239575;;;;;;;
2022-05-18 07:00:00;19.26341911980412;;;;;;;
2022-05-18 08:00:00;21.12779240097076;;;;;;;
2022-05-18 09:00:00;16.57846160133217;;;;;;;
2022-05-18 10:00:00;15.23754548599466;;;;;;;
2022-05-18 11:00:00;16.77084826369522;;;;;;;
2022-05-18 12:00:00;20.76716341413043;;;;;;;
2022-05-18 13:00:00;19.72783047049426;;;;;;;
2022-05-18 14:00:00;21.57831472650018;;;;;;;
2022-05-18 15:00:00;21.14325728850101;;;;;;;
2022-05-18 16:00:00;19.30060583881914;;;;;;;
2022-05-18 17:00:00;15.39765326047806;;;;;;;
2022-05-18 18:00:00;21.1938629053676;;;;;;;
2022-05-18 19:00:00;22.49755879529825;;;;;;;
2022-05-18 20:00:00;23.22436281288139;;;;;;;
2022-05-18 21:00:00;18.35215809631528;;;;;;;
2022-05-18 22:00:00;19.45008297026745;;;;;;;
2022-05-18 23:00:00;23.00657704883978;;;;;;;
2022-05-19 00:00:00;14.6322791490817;;;;;;;
2022-05-19 01:00:00;21.15822898811273;;;;;;;
2022-05-19 02:00:00;23.7866082544957;;;;;;;
2022-05-19 03:00:00;23.03216075577775;;;;;;;
2022-05-19 04:00:00;20.99658107351814;;;;;;;
2022-05-19 05:00:00;20.54684188764343;;;;;;;
2022-05-19 06:00:00;18.93825922308359;;;;;;;
2022-05-19 07:00:00;17.17004839751026;;;;;;;
2022-05-19 08:00:00;21.68790386608865;;;;;;;
2022-05-19 09:00:00;19.44610318435415;;;;;;;
2022-05-19 10:00:00;18.23830555670625;;;;;;;
2022-05-19 11:00:00;21.67105827844233;;;;;;;
2022-05-19 12:00:00;23.81251561384774;;;;;;;
2022-05-19 13:00:00;22.56203538664888;;;;;;;
2022-05-19 14:00:00;17.53424428250906;;;;;;;
2022-05-19 15:00:00;17.59843530971274;;;;;;;
2022-05-19 16:00:00;22.20259779853404;;;;;;;
2022-05-19 17:00:00;26.26208075557415;;;;;;;
2022-05-19 18:00:00;21.7683350871884;;;;;;;
2022-05-19 19:00:00;22.43249367303324;;;;;;;
2022-05-19 20:00:00;17.06507124450252;;;;;;;
2022-05-19 21:00:00;19.13795789690673;;;;;;;
2022-05-19 22:00:00;13.05177669832816;;;;;;;
2022-05-19 23:00:00;22.76815283926462;;;;;;;
2022-05-20 00:00:00;21.60808726532314;;;;;;;
2022-05-20 01:00:00;20.75741181658596;;;;;;;
2022-05-20 02:00:00;19.33915126996987;;;;;;;
2022-05-20 03:00:00;21.97806147214441;;;;;;;
2022-05-20 04:00:00;27.54399164641895;;;;;;;
2022-05-20 05:00:00;21.81832371571785;;;;;;;
2022-05-20 06:00:00;19.05629676978932;;;;;;;
2022-05-20 07:00:00;25.09043069710225;;;;;;;
2022-05-20 08:00:00;19.3609787669527;;;;;;;
2022-05-20 09:00:00;20.07635584565422;;;;;;;
2022-05-20 10:00:00;17.40050394074927;;;;;;;
2022-05-20 11:00:00;23.50010255238874;;;;;;;
2022-05-20 12:00:00;16.9271439520822;;;;;;;
2022-05-20 13:00:00;23.06394158029328;;;;;;;
2022-05-20 14:00:00;22.5420144583216;;;;;;;
2022-05-20 15:00:00;22.46567287385442;;;;;;;
2022-05-20 16:00:00;19.58827866736212;;;;;;;
2022-05-20 17:00:00;17.55946858476428;;;;;;;
2022-05-20 18:00:00;20.0298473691828;;;;;;;
2022-05-20 19:00:00;27.87477123723184;;;;;;;
2022-05-20 20:00:00;17.3428205029203;;;;;;;
2022-05-20 21:00:00;24.42370617608399;;;;;;;
2022-05-20 22:00:00;20.95714618388677;;;;;;;
2022-05-20 23:00:00;25.90996550547148;;;;;;;
2022-05-21 00:00:00;22.01041376488523;;;;;;;
2022-05-21 01:00:00;22.97169863978456;;;;;;;
2022-05-21 02:00:00;25.46454474845583;;;;;;;
2022-05-21 03:00:00;23.09599726499349;;;;;;;
2022-05-21 04:00:00;21.71774230246745;;;;;;;
2022-05-21 05:00:00;23.20625023008003;;;;;;;
2022-05-21 06:00:00;17.70926677540187;;;;;;;
2022-05-21 07:00:00;21.56422196967464;;;;;;;
2022-05-21 08:00:00;16.98046584766907;;;;;;;
2022-05-21 09:00:00;28.44588715345485;;;;;;;
2022-05-21 10:00:00;19.06265462535976;;;;;;;
2022-05-21 11:00:00;21.14332171208275;;;;;;;
2022-05-21 12:00:00;25.66620360306618;;;;;;;
2022-05-21 13:00:00;21.96777084979772;;;;;;;
2022-05-21 14:00:00;15.55933995723589;;;;;;;
2022-05-21 15:00:00;18.50383121397483;;;;;;;
2022-05-21 16:00:00;20.48388199009208;;;;;;;
2022-05-21 17:00:00;19.95893921719673;;;;;;;
2022-05-21 18:00:00;16.87395085971622;;;;;;;
2022-05-21 19:00:00;24.73690595798848;;;;;;;
2022-05-21 20:00:00;22.22828478664742;;;;;;;
2022-05-21 21:00:00;19.17457033483209;;;;;;;
2022-05-21 22:00:00;22.0799556573598;;;;;;;
2022-05-21 23:00:00;14.86760119873306;;;;;;;
2022-05-22 00:00:00;30.66859672430576;;;;;;;
2022-05-22 01:00:00;18.14898631517218;;;;;;;
2022-05-22 02:00:00;22.43504533230217;;;;;;;
2022-05-22 03:00:00;18.57659538044764;;;;;;;
2022-05-22 04:00:00;22.43078876973509;;;;;;;
2022-05-22 05:00:00;19.43549420222921;;;;;;;
2022-05-22 06:00:00;23.93133537412309;;;;;;;
2022-05-22 07:00:00;25.56113760555062;;;;;;;
2022-05-22 08:00:00;25.17282019066342;;;;;;;
2022-05-22 09:00:00;26.29512928322924;;;;;;;
2022-05-22 10:00:00;26.26820175265014;;;;;;;
2022-05-22 11:00:00;23.07344547008799;;;;;;;
2022-05-22 12:00:00;22.88106582704044;;;;;;;
2022-05-22 13:00:00;28.59930832369399;;;;;;;
2022-05-22 14:00:00;15.73526361889716;;;;;;;
2022-05-22 15:00:00;21.1708050125669;;;;;;;
2022-05-22 16:00:00;25.95488661579362;;;;;;;
2022-05-22 17:00:00;22.15706100793379;;;;;;;
2022-05-22 18:00:00;23.46824016192009;;;;;;;
2022-05-22 19:00:00;14.4272524560976;;;;;;;
2022-05-22 20:00:00;26.33049350328283;;;;;;;
2022-05-22 21:00:00;19.86745827483404;;;;;;;
2022-05-22 22:00:00;23.75274571432674;;;;;;;
2022-05-22 23:00:00;19.20960843432411;;;;;;;
2022-05-23 00:00:00;19.25217739438061;;;;;;;
2022-05-23 01:00:00;20.95546783828694;;;;;;;
2022-05-23 02:00:00;19.48560241573193;;;;;;;
2022-05-23 03:00:00;20.44318015260274;;;;;;;
2022-05-23 04:00:00;21.78566631508373;;;;;;;
2022-05-23 05:00:00;20.76629829780848;;;;;;;
2022-05-23 06:00:00;18.11675973442873;;;;;;;
2022-05-23 07:00:00;18.2097980445271;;;;;;;
2022-05-23 08:00:00;12.81187788912536;;;;;;;
2022-05-23 09:00:00;25.72661970171761;;;;;;;
2022-05-23 10:00:00;19.77841331779203;;;;;;;
2022-05-23 11:00:00;18.78377350452022;;;;;;;
2022-05-23 12:00:00;18.0795040881128;;;;;;;
2022-05-23 13:00:00;23.15792741738442;;;;;;;
2022-05-23 14:00:00;20.92714042685312;;;;;;;
2022-05-23 15:00:00;27.12939215985369;;;;;;;
2022-05-23 16:00:00;20.08387370962974;;;;;;;
2022-05-23 17:00:00;20.55489518983073;;;;;;;
2022-05-23 18:00:00;22.99356496241046;;;;;;;
2022-05-23 19:00:00;20.78186869800898;;;;;;;
2022-05-23 20:00:00;18.74648932173062;;;;;;;
2022-05-23 21:00:00;22.37167284636801;;;;;;;
2022-05-23 22:00:00;20.40683290831532;;;;;;;
2022-05-23 23:00:00;21.53567895045708;;;;;;;
2022-05-24 00:00:00;17.30140164010638;;;;;;;
2022-05-24 01:00:00;23.98169812407717;;;;;;;
2022-05-24 02:00:00;24.50499934706062;;;;;;;
2022-05-24 03:00:00;25.9205980331969;;;;;;;
2022-05-24 04:00:00;23.89917803565434;;;;;;;
2022-05-24 05:00:00;23.33048523285492;;;;;;;
2022-05-24 06:00:00;19.48843062462521;;;;;;;
2022-05-24 07:00:00;20.83080987652514;;;;;;;
2022-05-24 08:00:00;22.25794591303599;;;;;;;
2022-05-24 09:00:00;20.27193047341565;;;;;;;
2022-05-24 10:00:00;20.70943121080425;;;;;;;
2022-05-24 11:00:00;26.28799869015444;;;;;;;
2022-05-24 12:00:00;26.60575847775018;;;;;;;
2022-05-24 13:00:00;14.8658760032089;;;;;;;
2022-05-24 14:00:00;25.18494058765161;;;;;;;
2022-05-24 15:00:00;19.35642151075399;;;;;;;
2022-05-24 16:00:00;23.43641281444266;;;;;;;
2022-05-24 17:00:00;19.79206295062938;;;;;;;
2022-05-24 18:00:00;19.36257832618373;;;;;;;
2022-05-24 19:00:00;21.1961562420625;;;;;;;
2022-05-24 20:00:00;16.05017878274271;;;;;;;
2022-05-24 21:00:00;21.63194770809741;;;;;;;
2022-05-24 22:00:00;22.09588971677289;;;;;;;
2022-05-24 23:00:00;19.98424231048215;;;;;;;
2022-05-25 00:00:00;19.89324004447121;;;;;;;
2022-05-25 01:00:00;24.13009385646404;;;;;;;
2022-05-25 02:00:00;15.67054993501015;;;;;;;
2022-05-25 03:00:00;19.43170999821286;;;;;;;
2022-05-25 04:00:00;23.08528232204542;;;;;;;
2022-05-25 05:00:00;20.52106589054421;;;;;;;
2022-05-25 06:00:00;18.57495948112451;;;;;;;
2022-05-25 07:00:00;15.83773184044303;;;;;;;
2022-05-25 08:00:00;24.30256118903237;;;;;;;
2022-05-25 09:00:00;15.50080093296953;;;;;;;
2022-05-25 10:00:00;25.06602913148966;;;;;;;
2022-05-25 11:00:00;18.07814079734763;;;;;;;
2022-05-25 12:00:00;17.60336907013959;;;;;;;
2022-05-25 13:00:00;22.48837081396647;;;;;;;
2022-05-25 14:00:00;18.82235918457347;;;;;;;
2022-05-25 15:00:00;16.95219239535257;;;;;;;
2022-05-25 16:00:00;24.48114542303124;;;;;;;
2022-05-25 17:00:00;17.99645049005468;;;;;;;
2022-05-25 18:00:00;22.45551882210918;;;;;;;
2022-05-25 19:00:00;22.02978326320591;;;;;;;
2022-05-25 20:00:00;16.47858591643275;;;;;;;
2022-05-25 21:00:00;19.44750733863132;;;;;;;
2022-05-25 22:00:00;20.82075677921114;;;;;;;
2022-05-25 23:00:00;20.46189514420658;;;;;;;
2022-05-26 00:00:00;23.52816933366631;;;;;;;
2022-05-26 01:00:00;24.39659800794015;;;;;;;
2022-05-26 02:00:00;21.1081091888729;;;;;;;
2022-05-26 03:00:00;16.07376968917688;;;;;;;
2022-05-26 04:00:00;22.62461028731381;;;;;;;
2022-05-26 05:00:00;25.33958664813125;;;;;;;
2022-05-26 06:00:00;18.39682900424764;;;;;;;
2022-05-26 07:00:00;22.01908189392218;;;;;;;
2022-05-26 08:00:00;23.77018104902447;;;;;;;
2022-05-26 09:00:00;23.77398203834217;;;;;;;
2022-05-26 10:00:00;17.35914650487945;;;;;;;
2022-05-26 11:00:00;19.30208943368856;;;;;;;
2022-05-26 12:00:00;18.57136537057336;;;;;;;
2022-05-26 13:00:00;21.99294044407167;;;;;;;
2022-05-26 14:00:00;22.45106778978287;;;;;;;
2022-05-26 15:00:00;17.06504767628889;;;;;;;
2022-05-26 16:00:00;22.49495073848354;;;;;;;
2022-05-26 17:00:00;23.68079484926191;;;;;;;
2022-05-26 18:00:00;17.42136755482684;;;;;;;
2022-05-26 19:00:00;20.21151315130197;;;;;;;
2022-05-26 20:00:00;21.17795534101151;;;;;;;
2022-05-26 21:00:00;18.91475244026529;;;;;;;
2022-05-26 22:00:00;21.17415360837922;;;;;;;
2022-05-26 23:00:00;19.84853379817521;;;;;;;
2022-05-27 00:00:00;14.41495796253603;;;;;;;
2022-05-27 01:00:00;21.39690232829765;;;;;;;
2022-05-27 02:00:00;20.83011772664156;;;;;;;
2022-05-27 03:00:00;23.55763634111862;;;;;;;
2022-05-27 04:00:00;20.88460543622998;;;;;;;
2022-05-27 05:00:00;23.00590915937335;;;;;;;
2022-05-27 06:00:00;23.06506505224782;;;;;;;
2022-05-27 07:00:00;21.86317965853397;;;;;;;
2022-05-27 08:00:00;23.45394808065397;;;;;;;
2022-05-27 09:00:00;21.27753568788275;;;;;;;
2022-05-27 10:00:00;24.46353810372592;;;;;;;
2022-05-27 11:00:00;24.75117355493277;;;;;;;
2022-05-27 12:00:00;19.39886338030107;;;;;;;
2022-05-27 13:00:00;22.71854000586152;;;;;;;
2022-05-27 14:00:00;22.09388850963609;;;;;;;
2022-05-27 15:00:00;17.59234338556194;;;;;;;
2022-05-27 16:00:00;21.00297828339414;;;;;;;
2022-05-27 17:00:00;21.88960614890238;;;;;;;
2022-05-27 18:00:00;19.49024651212849;;;;;;;
2022-05-27 19:00:00;22.41861214628986;;;;;;;
2022-05-27 20:00:00;17.96194414405653;;;;;;;
2022-05-27 21:00:00;21.67461212039777;;;;;;;
2022-05-27 22:00:00;21.89889699452415;;;;;;;
2022-05-27 23:00:00;19.30715123800641;;;;;;;
2022-05-28 00:00:00;19.94218909978485;;;;;;;
2022-05-28 01:00:00;21.20624352285407;;;;;;;
2022-05-28 02:00:00;18.32425535510091;;;;;;;
2022-05-28 03:00:00;23.3528208092712;;;;;;;
2022-05-28 04:00:00;18.07882355386381;;;;;;;
2022-05-28 05:00:00;27.10228027599639;;;;;;;
2022-05-28 06:00:00;17.273470091093;;;;;;;
2022-05-28 07:00:00;22.58893547250593;;;;;;;
2022-05-28 08:00:00;19.54316999057175;;;;;;;
2022-05-28 09:00:00;22.68772952290574;;;;;;;
2022-05-28 10:00:00;18.47168385444813;;;;;;;
2022-05-28 11:00:00;19.84857646415384;;;;;;;
2022-05-28 12:00:00;15.15988975343417;;;;;;;
2022-05-28 13:00:00;23.37455627963917;;;;;;;
2022-05-28 14:00:00;24.08929079220142;;;;;;;
2022-05-28 15:00:00;17.03886759418809;;;;;;;
2022-05-28 16:00:00;21.4548797295459;;;;;;;
2022-05-28 17:00:00;22.2586264942286;;;;;;;
2022-05-28 18:00:00;17.71414108975458;;;;;;;
2022-05-28 19:00:00;16.59206005470161;;;;;;;
2022-05-28 20:00:00;19.32960329033524;;;;;;;
2022-05-28 21:00:00;19.70872712042063;;;;;;;
2022-05-28 22:00:00;16.28174683887501;;;;;;;
2022-05-28 23:00:00;18.10904669149402;;;;;;;
2022-05-29 00:00:00;22.39435822269493;;;;;;;
2022-05-29 01:00:00;12.4622492793459;;;;;;;
2022-05-29 02:00:00;25.06185292527672;;;;;;;
2022-05-29 03:00:00;15.29387120428194;;;;;;;
2022-05-29 04:00:00;14.72368742973481;;;;;;;
2022-05-29 05:00:00;25.04385969371113;;;;;;;
2022-05-29 06:00:00;18.9293661278081;;;;;;;
2022-05-29 07:00:00;23.5824840172383;;;;;;;
2022-05-29 08:00:00;24.19405890067417;;;;;;;
2022-05-29 09:00:00;19.94592437307655;;;;;;;
2022-05-29 10:00:00;17.15638120356387;;;;;;;
2022-05-29 11:00:00;23.69123629886598;;;;;;;
2022-05-29 12:00:00;26.14189394626012;;;;;;;
2022-05-29 13:00:00;21.43180412830139;;;;;;;
2022-05-29 14:00:00;23.56250983687433;;;;;;;
2022-05-29 15:00:00;15.71552043864517;;;;;;;
2022-05-29 16:00:00;21.97639682044761;;;;;;;
2022-05-29 17:00:00;23.59247499101796;;;;;;;
2022-05-29 18:00:00;14.99304871975715;;;;;;;
2022-05-29 19:00:00;24.01591388072141;;;;;;;
2022-05-29 20:00:00;18.47645672729077;;;;;;;
2022-05-29 21:00:00;22.14514517628771;;;;;;;
2022-05-29 22:00:00;16.75529083930302;;;;;;;
2022-05-29 23:00:00;21.50728171298791;;;;;;;
2022-05-30 00:00:00;21.66592646634508;;;;;;;
2022-05-30 01:00:00;21.00716959431471;;;;;;;
2022-05-30 02:00:00;28.78467063928764;;;;;;;
2022-05-30 03:00:00;22.95970081407371;;;;;;;
2022-05-30 04:00:00;25.18712062470819;;;;;;;
2022-05-30 05:00:00;19.23374359629802;;;;;;;
2022-05-30 06:00:00;25.45813524857013;;;;;;;
2022-05-30 07:00:00;25.79696324949287;;;;;;;
2022-05-30 08:00:00;23.21011076708947;;;;;;;
2022-05-30 09:00:00;19.01000251834392;;;;;;;
2022-05-30 10:00:00;19.84171339570184;;;;;;;
2022-05-30 11:00:00;22.30611974118695;;;;;;;
2022-05-30 12:00:00;20.83851317142594;;;;;;;
2022-05-30 13:00:00;28.78470277827822;;;;;;;
2022-05-30 14:00:00;22.76211306157227;;;;;;;
2022-05-30 15:00:00;24.56859025317593;;;;;;;
2022-05-30 16:00:00;20.11726094437469;;;;;;;
2022-05-30 17:00:00;21.09506878622313;;;;;;;
2022-05-30 18:00:00;14.15101372653594;;;;;;;
2022-05-30 19:00:00;22.37240017836618;;;;;;;
2022-05-30 20:00:00;18.13353141281861;;;;;;;
2022-05-30 21:00:00;21.35423826306442;;;;;;;
2022-05-30 22:00:00;16.80519742765723;;;;;;;
2022-05-30 23:00:00;21.08384362644242;;;;;;;
2022-05-31 00:00:00;22.27871338518689;;;;;;;
2022-05-31 01:00:00;16.26928265540491;;;;;;;
2022-05-31 02:00:00;24.4984276320012;;;;;;;
2022-05-31 03:00:00;16.9445175905958;;;;;;;
2022-05-31 04:00:00;17.25335574077036;;;;;;;
2022-05-31 05:00:00;22.18983967409741;;;;;;;
2022-05-31 06:00:00;24.28805133559896;;;;;;;
2022-05-31 07:00:00;18.8023942860053;;;;;;;
2022-05-31 08:00:00;18.97076507675925;;;;;;;
2022-05-31 09:00:00;18.72297365384939;;;;;;;
2022-05-31 10:00:00;27.69442782120872;;;;;;;
2022-05-31 11:00:00;27.94831223872918;;;;;;;
2022-05-31 12:00:00;17.09586024778139;;;;;;;
2022-05-31 13:00:00;19.70324381455021;;;;;;;
2022-05-31 14:00:00;18.32234811434154;;;;;;;
2022-05-31 15:00:00;27.7847342400507;;;;;;;
2022-05-31 16:00:00;22.75986343784868;;;;;;;
2022-05-31 17:00:00;16.49147175771437;;;;;;;
2022-05-31 18:00:00;19.17786261472109;;;;;;;
2022-05-31 19:00:00;25.76491965847048;;;;;;;
2022-05-31 20:00:00;21.24450687716527;;;;;;;
2022-05-31 21:00:00;23.34145040489479;;;;;;;
2022-05-31 22:00:00;24.04884719446057;;;;;;;
2022-05-31 23:00:00;21.55081343535764;;;;;;;
2022-06-01 00:00:00;21.87786007010813;;;;;;;
2022-06-01 01:00:00;18.59731245416944;;;;;;;
2022-06-01 02:00:00;22.21884670841586;;;;;;;
2022-06-01 03:00:00;25.30737619880988;;;;;;;
2022-06-01 04:00:00;25.29716148100909;;;;;;;
2022-06-01 05:00:00;21.88011395320007;;;;;;;
2022-06-01 06:00:00;26.14735547774044;;;;;;;
2022-06-01 07:00:00;17.01119597847125;;;;;;;
2022-06-01 08:00:00;13.85876921039971;;;;;;;
2022-06-01 09:00:00;21.75030901624251;;;;;;;
2022-06-01 10:00:00;15.81118240394184;;;;;;;
2022-06-01 11:00:00;23.85486713907705;;;;;;;
2022-06-01 12:00:00;26.20983699238505;;;;;;;
2022-06-01 13:00:00;22.65251594310901;;;;;;;
2022-06-01 14:00:00;22.18753909398883;;;;;;;
2022-06-01 15:00:00;15.73541835080871;;;;;;;
2022-06-01 16:00:00;22.98908751154405;;;;;;;
2022-06-01 17:00:00;23.53535442413327;;;;;;;
2022-06-01 18:00:00;18.70542733809614;;;;;;;
2022-06-01 19:00:00;22.59953004303975;;;;;;;
2022-06-01 20:00:00;18.7355616551556;;;;;;;
2022-06-01 21:00:00;29.96994916099205;;;;;;;
2022-06-01 22:00:00;20.58934473335436;;;;;;;
2022-06-01 23:00:00;18.98955219220746;;;;;;;
2022-06-02 00:00:00;19.41572747414818;;;;;;;
2022-06-02 01:00:00;26.06985958735901;;;;;;;
2022-06-02 02:00:00;23.67470455666077;;;;;;;
2022-06-02 03:00:00;22.25734647976016;;;;;;;
2022-06-02 04:00:00;23.67622923486293;;;;;;;
2022-06-02 05:00:00;29.52759731690488;;;;;;;
2022-06-02 06:00:00;23.8241681168849;;;;;;;
2022-06-02 07:00:00;21.26897859495788;;;;;;;
2022-06-02 08:00:00;21.78202039859933;;;;;;;
2022-06-02 09:00:00;21.5611463606369;;;;;;;
2022-06-02 10:00:00;17.11332178898003;;;;;;;
2022-06-02 11:00:00;24.75804191561108;;;;;;;
2022-06-02 12:00:00;15.27003955028237;;;;;;;
2022-06-02 13:00:00;22.70617492891104;;;;;;;
2022-06-02 14:00:00;18.72535370760346;;;;;;;
2022-06-02 15:00:00;21.89827460112508;;;;;;;
2022-06-02 16:00:00;22.1303276096311;;;;;;;
2022-06-02 17:00:00;21.48031961954047;;;;;;;
2022-06-02 18:00:00;18.81896494372683;;;;;;;
2022-06-02 19:00:00;33.0;;;;;;;
2022-06-02 20:00:00;19.25862650110442;;;;;;;
2022-06-02 21:00:00;21.5017428321122;;;;;;;
2022-06-02 22:00:00;25.13588611569729;;;;;;;
2022-06-02 23:00:00;17.09219461071818;;;;;;;
2022-06-03 00:00:00;23.03344617722754;;;;;;;
2022-06-03 01:00:00;21.67673007402524;;;;;;;
2022-06-03 02:00:00;27.84902587627539;;;;;;;
2022-06-03 03:00:00;21.47127912040371;;;;;;;
2022-06-03 04:00:00;19.52732242504126;;;;;;;
2022-06-03 05:00:00;25.19484534310557;;;;;;;
2022-06-03 06:00:00;22.9486962793032;;;;;;;
2022-06-03 07:00:00;20.73684359182413;;;;;;;
2022-06-03 08:00:00;24.06294362162314;;;;;;;
2022-06-03 09:00:00;16.48170464394867;;;;;;;
2022-06-03 10:00:00;23.22115239124361;;;;;;;
2022-06-03 11:00:00;20.24684562320211;;;;;;;
2022-06-03 12:00:00;25.53906682564807;;;;;;;
2022-06-03 13:00:00;22.79499860540601;;;;;;;
2022-06-03 14:00:00;19.75792648237204;;;;;;;
2022-06-03 15:00:00;23.35184338272196;;;;;;;
2022-06-03 16:00:00;22.15023191837537;;;;;;;
2022-06-03 17:00:00;21.17030194149907;;;;;;;
2022-06-03 18:00:00;23.58102226552306;;;;;;;
2022-06-03 19:00:00;26.18206633594203;;;;;;;
2022-06-03 20:00:00;12.59171455498823;;;;;;;
2022-06-03 21:00:00;21.08540646480408;;;;;;;
2022-06-03 22:00:00;19.36426819379725;;;;;;;
2022-06-03 23:00:00;19.30942477280726;;;;;;;
2022-06-04 00:00:00;15.28792650160728;;;;;;;
2022-06-04 01:00:00;23.12314734076397;;;;;;;
2022-06-04 02:00:00;28.51654504206576;;;;;;;
2022-06-04 03:00:00;24.60773203594345;;;;;;;
2022-06-04 04:00:00;22.76225551427053;;;;;;;
2022-06-04 05:00:00;18.41608590576356;;;;;;;
2022-06-04 06:00:00;16.65840451094538;;;;;;;
2022-06-04 07:00:00;16.71582519390109;;;;;;;
2022-06-04 08:00:00;29.37155378225465;;;;;;;
2022-06-04 09:00:00;19.59803091400568;;;;;;;
2022-06-04 10:00:00;21.21347954256317;;;;;;;
2022-06-04 11:00:00;26.94427316282819;;;;;;;
2022-06-04 12:00:00;22.11878845657592;;;;;;;
2022-06-04 13:00:00;21.80289927605749;;;;;;;
2022-06-04 14:00:00;22.68192687496031;;;;;;;
2022-06-04 15:00:00;17.8834008436013;;;;;;;
2022-06-04 16:00:00;26.24498577394697;;;;;;;
2022-06-04 17:00:00;28.4198807609561;;;;;;;
2022-06-04 18:00:00;21.55956982597723;;;;;;;
2022-06-04 19:00:00;24.09003703785276;;;;;;;
2022-06-04 20:00:00;23.51090675751776;;;;;;;
2022-06-04 21:00:00;21.73058735441027;;;;;;;
2022-06-04 22:00:00;22.16699726328882;;;;;;;
2022-06-04 23:00:00;19.65068959380714;;;;;;;
2022-06-05 00:00:00;16.21751017624635;;;;;;;
2022-06-05 01:00:00;21.52712872103065;;;;;;;
2022-06-05 02:00:00;24.59003332824996;;;;;;;
2022-06-05 03:00:00;20.93977631213092;;;;;;;
2022-06-05 04:00:00;16.95283872807493;;;;;;;
2022-06-05 05:00:00;17.2676736706878;;;;;;;
2022-06-05 06:00:00;22.42949660852181;;;;;;;
2022-06-05 07:00:00;24.26445661384363;;;;;;;
2022-06-05 08:00:00;20.10815223487296;;;;;;;
2022-06-05 09:00:00;28.15519774650268;;;;;;;
2022-06-05 10:00:00;21.50879163372245;;;;;;;
2022-06-05 11:00:00;20.57384432306655;;;;;;;
2022-06-05 12:00:00;22.55791748784053;;;;;;;
2022-06-05 13:00:00;23.53499902062752;;;;;;;
2022-06-05 14:00:00;20.08788571334287;;;;;;;
2022-06-05 15:00:00;17.75273853412616;;;;;;;
2022-06-05 16:00:00;21.92235262160521;;;;;;;
2022-06-05 17:00:00;19.1588164364381;;;;;;;
2022-06-05 18:00:00;22.62280089207986;;;;;;;
2022-06-05 19:00:00;15.04738429274431;;;;;;;
2022-06-05 20:00:00;23.11137684429881;;;;;;;
2022-06-05 21:00:00;22.8958817335467;;;;;;;
2022-06-05 22:00:00;25.89973986209148;;;;;;;
2022-06-05 23:00:00;21.95474532049993;;;;;;;
2022-06-06 00:00:00;18.00974126294533;;;;;;;
2022-06-06 01:00:00;22.11451062449995;;;;;;;
2022-06-06 02:00:00;20.86875933191525;;;;;;;
2022-06-06 03:00:00;21.41835527353171;;;;;;;
2022-06-06 04:00:00;19.22562316347795;;;;;;;
2022-06-06 05:00:00;20.96894030291043;;;;;;;
2022-06-06 06:00:00;19.16460563358001;;;;;;;
2022-06-06 07:00:00;26.52522439933471;;;;;;;
2022-06-06 08:00:00;18.63475444295557;;;;;;;
2022-06-06 09:00:00;23.67457335975774;;;;;;;
2022-06-06 10:00:00;17.13211740563841;;;;;;;
2022-06-06 11:00:00;24.6508049230377;;;;;;;
2022-06-06 12:00:00;21.26922177801822;;;;;;;
2022-06-06 13:00:00;23.63989343734595;;;;;;;
2022-06-06 14:00:00;24.32624558383602;;;;;;;
2022-06-06 15:00:00;17.91508355156164;;;;;;;
2022-06-06 16:00:00;21.44004530339456;;;;;;;
2022-06-06 17:00:00;20.22880082676075;;;;;;;
2022-06-06 18:00:00;21.11135482840914;;;;;;;
2022-06-06 19:00:00;19.28490343339395;;;;;;;
2022-06-06 20:00:00;24.84382723567466;;;;;;;
2022-06-06 21:00:00;17.16654477024175;;;;;;;
2022-06-06 22:00:00;21.68336498604446;;;;;;;
2022-06-06 23:00:00;18.80600869120402;;;;;;;
2022-06-07 00:00:00;23.70987938337437;;;;;;;
2022-06-07 01:00:00;18.09944104632323;;;;;;;
2022-06-07 02:00:00;27.85382085729576;;;;;;;
2022-06-07 03:00:00;17.92559704298889;;;;;;;
2022-06-07 04:00:00;21.24708407289748;;;;;;;
2022-06-07 05:00:00;20.85930927785761;;;;;;;
2022-06-07 06:00:00;19.30858416991741;;;;;;;
2022-06-07 07:00:00;17.04253259523385;;;;;;;
2022-06-07 08:00:00;25.37771600972599;;;;;;;
2022-06-07 09:00:00;22.17297629668264;;;;;;;
2022-06-07 10:00:00;22.43566527722752;;;;;;;
2022-06-07 11:00:00;24.84237731679841;;;;;;;
2022-06-07 12:00:00;23.23590429354693;;;;;;;
2022-06-07 13:00:00;23.1112718926433;;;;;;;
2022-06-07 14:00:00;23.91912459391862;;;;;;;
2022-06-07 15:00:00;19.18626287866887;;;;;;;
2022-06-07 16:00:00;22.51740893548723;;;;;;;
2022-06-07 17:00:00;20.12356714905057;;;;;;;
2022-06-07 18:00:00;20.82192452270457;;;;;;;
2022-06-07 19:00:00;23.39362413356277;;;;;;;
2022-06-07 20:00:00;22.8436159151277;;;;;;;
2022-06-07 21:00:00;17.6001433189402;;;;;;;
2022-06-07 22:00:00;23.81071532365647;;;;;;;
2022-06-07 23:00:00;20.12585093148346;;;;;;;
2022-06-08 00:00:00;19.2973670129881;;;;;;;
2022-06-08 01:00:00;20.37111572333722;;;;;;;
2022-06-08 02:00:00;22.21204183069075;;;;;;;
2022-06-08 03:00:00;22.75079535321823;;;;;;;
2022-06-08 04:00:00;22.82969640110117;;;;;;;
2022-06-08 05:00:00;15.44946098333065;;;;;;;
2022-06-08 06:00:00;22.72448774608198;;;;;;;
2022-06-08 07:00:00;21.98928940368886;;;;;;;
2022-06-08 08:00:00;21.01466314534666;;;;;;;
2022-06-08 09:00:00;22.03327703063174;;;;;;;
2022-06-08 10:00:00;17.08371064446106;;;;;;;
2022-06-08 11:00:00;24.58661936033045;;;;;;;
2022-06-08 12:00:00;23.62866267293757;;;;;;;
2022-06-08 13:00:00;18.87940989561005;;;;;;;
2022-06-08 14:00:00;19.76962252989179;;;;;;;
2022-06-08 15:00:00;18.27250637098203;;;;;;;
2022-06-08 16:00:00;23.84680084041198;;;;;;;
2022-06-08 17:00:00;20.96358206599174;;;;;;;
2022-06-08 18:00:00;18.26059704179048;;;;;;;
2022-06-08 19:00:00;22.88707584140099;;;;;;;
2022-06-08 20:00:00;17.98280236441273;;;;;;;
2022-06-08 21:00:00;23.05473785005618;;;;;;;
2022-06-08 22:00:00;21.25699149472486;;;;;;;
2022-06-08 23:00:00;25.59364418925593;;;;;;;
2022-06-09 00:00:00;21.77386004877108;;;;;;;
2022-06-09 01:00:00;19.11236059883369;;;;;;;
2022-06-09 02:00:00;24.82302971570759;;;;;;;
2022-06-09 03:00:00;17.52537885576558;;;;;;;
2022-06-09 04:00:00;22.70784990654384;;;;;;;
2022-06-09 05:00:00;20.51547243882667;;;;;;;
2022-06-09 06:00:00;22.70520117648169;;;;;;;
2022-06-09 07:00:00;21.39031156171859;;;;;;;
2022-06-09 08:00:00;19.73550648346021;;;;;;;
2022-06-09 09:00:00;26.51351045846529;;;;;;;
2022-06-09 10:00:00;18.6402036236951;;;;;;;
2022-06-09 11:00:00;18.30498880094101;;;;;;;
2022-06-09 12:00:00;19.86453010681371;;;;;;;
2022-06-09 13:00:00;21.78590925130302;;;;;;;
2022-06-09 14:00:00;19.15799983224766;;;;;;;
2022-06-09 15:00:00;21.77133476069402;;;;;;;
2022-06-09 16:00:00;19.4417555545353;;;;;;;
2022-06-09 17:00:00;16.9226125341468;;;;;;;
2022-06-09 18:00:00;18.18101977697046;;;;;;;
2022-06-09 19:00:00;22.43349748141178;;;;;;;
2022-06-09 20:00:00;20.95230552756088;;;;;;;
2022-06-09 21:00:00;17.56787768870545;;;;;;;
2022-06-09 22:00:00;17.87663397231532;;;;;;;
2022-06-09 23:00:00;16.26903505524438;;;;;;;
2022-06-10 00:00:00;22.10720342043032;;;;;;;
2022-06-10 01:00:00;23.90015447939455;;;;;;;
2022-06-10 02:00:00;18.76376138842203;;;;;;;
2022-06-10 03:00:00;24.05040157036537;;;;;;;
2022-06-10 04:00:00;22.37866943059932;;;;;;;
2022-06-10 05:00:00;14.18857852525065;;;;;;;
2022-06-10 06:00:00;21.25465373934507;;;;;;;
2022-06-10 07:00:00;24.2953546220135;;;;;;;
2022-06-10 08:00:00;17.24923710894588;;;;;;;
2022-06-10 09:00:00;23.77248461318716;;;;;;;
2022-06-10 10:00:00;21.61129371214666;;;;;;;
2022-06-10 11:00:00;20.91304098834644;;;;;;;
2022-06-10 12:00:00;17.02190872206655;;;;;;;
2022-06-10 13:00:00;18.07834712857401;;;;;;;
2022-06-10 14:00:00;22.41084379369386;;;;;;;
2022-06-10 15:00:00;25.41643457737612;;;;;;;
2022-06-10 16:00:00;24.20911212090639;;;;;;;
2022-06-10 17:00:00;23.06128928964864;;;;;;;
2022-06-10 18:00:00;24.76161789589456;;;;;;;
2022-06-10 19:00:00;21.12130765357021;;;;;;;
2022-06-10 20:00:00;26.47494670893107;;;;;;;
2022-06-10 21:00:00;18.07476628565309;;;;;;;
2022-06-10 22:00:00;25.32901139933725;;;;;;;
2022-06-10 23:00:00;20.04137188026706;;;;;;;
2022-06-11 00:00:00;22.4407263076242;;;;;;;
2022-06-11 01:00:00;24.45371952325569;;;;;;;
2022-06-11 02:00:00;19.60916237051029;;;;;;;
2022-06-11 03:00:00;22.63307608841202;;;;;;;
2022-06-11 04:00:00;22.96667028674333;;;;;;;
2022-06-11 05:00:00;28.10611391888521;;;;;;;
2022-06-11 06:00:00;23.14909868175813;;;;;;;
2022-06-11 07:00:00;21.62859957467887;;;;;;;
2022-06-11 08:00:00;23.21787966745005;;;;;;;
2022-06-11 09:00:00;26.53959249736241;;;;;;;
2022-06-11 10:00:00;27.64374035259216;;;;;;;
2022-06-11 11:00:00;18.11429993906469;;;;;;;
2022-06-11 12:00:00;18.66002731292455;;;;;;;
2022-06-11 13:00:00;25.93709165103927;;;;;;;
2022-06-11 14:00:00;24.80727840304782;;;;;;;
2022-06-11 15:00:00;22.65234116935403;;;;;;;
2022-06-11 16:00:00;20.96649778551998;;;;;;;
2022-06-11 17:00:00;22.07894783813708;;;;;;;
2022-06-11 18:00:00;24.06809938809271;;;;;;;
2022-06-11 19:00:00;21.18607276458036;;;;;;;
2022-06-11 20:00:00;22.09767217761289;;;;;;;
2022-06-11 21:00:00;21.22506017898375;;;;;;;
2022-06-11 22:00:00;20.39295455867493;;;;;;;
2022-06-11 23:00:00;22.33732190401069;;;;;;;
2022-06-12 00:00:00;22.92813101850174;;;;;;;
2022-06-12 01:00:00;19.5149697203835;;;;;;;
2022-06-12 02:00:00;25.81976057684127;;;;;;;
2022-06-12 03:00:00;23.59859350367071;;;;;;;
2022-06-12 04:00:00;14.37572827799638;;;;;;;
2022-06-12 05:00:00;20.93962076317199;;;;;;;
2022-06-12 06:00:00;22.4461179217945;;;;;;;
2022-06-12 07:00:00;16.21927185119692;;;;;;;
2022-06-12 08:00:00;13.57805487190688;;;;;;;
2022-06-12 09:00:00;24.16954621069744;;;;;;;
2022-06-12 10:00:00;24.0660935232301;;;;;;;
2022-06-12 11:00:00;19.1220487033436;;;;;;;
2022-06-12 12:00:00;23.70171140102916;;;;;;;
2022-06-12 13:00:00;19.93299749296617;;;;;;;
2022-06-12 14:00:00;22.39360230351039;;;;;;;
2022-06-12 15:00:00;26.74696177416827;;;;;;;
2022-06-12 16:00:00;24.62479540944954;;;;;;;
2022-06-12 17:00:00;17.31088376582606;;;;;;;
2022-06-12 18:00:00;22.44521544771986;;;;;;;
2022-06-12 19:00:00;16.92501215412304;;;;;;;
2022-06-12 20:00:00;18.06575304486624;;;;;;;
2022-06-12 21:00:00;21.58667941243127;;;;;;;
2022-06-12 22:00:00;21.45873972519238;;;;;;;
2022-06-12 23:00:00;20.38329299954372;;;;;;;
2022-06-13 00:00:00;17.43016098144907;;;;;;;
2022-06-13 01:00:00;26.92355942691433;;;;;;;
2022-06-13 02:00:00;19.84053060962915;;;;;;;
2022-06-13 03:00:00;19.94526088069301;;;;;;;
2022-06-13 04:00:00;21.34577484576337;;;;;;;
2022-06-13 05:00:00;16.72866848824874;;;;;;;
2022-06-13 06:00:00;22.63752835753717;;;;;;;
2022-06-13 07:00:00;17.21366324964824;;;;;;;
2022-06-13 08:00:00;24.05042406794017;;;;;;;
2022-06-13 09:00:00;27.96609664860097;;;;;;;
2022-06-13 10:00:00;17.38523506914291;;;;;;;
2022-06-13 11:00:00;21.96750972136701;;;;;;;
2022-06-13 12:00:00;16.37161319551095;;;;;;;
2022-06-13 13:00:00;18.65577355652043;;;;;;;
2022-06-13 14:00:00;25.58214233584089;;;;;;;
2022-06-13 15:00:00;21.60118812126741;;;;;;;
2022-06-13 16:00:00;25.34997866795554;;;;;;;
2022-06-13 17:00:00;19.21762684952759;;;;;;;
2022-06-13 18:00:00;18.61509771541004;;;;;;;
2022-06-13 19:00:00;19.69142019855118;;;;;;;
2022-06-13 20:00:00;20.67087105752459;;;;;;;
2022-06-13 21:00:00;12.79157805793576;;;;;;;
2022-06-13 22:00:00;16.38523334363666;;;;;;;
2022-06-13 23:00:00;15.69961963426109;;;;;;;
2022-06-14 00:00:00;14.14850461174925;;;;;;;
2022-06-14 01:00:00;22.27119265739421;;;;;;;
2022-06-14 02:00:00;19.11023105726515;;;;;;;
2022-06-14 03:00:00;20.70189482824182;;;;;;;
2022-06-14 04:00:00;20.57235281146297;;;;;;;
2022-06-14 05:00:00;23.11199252766318;;;;;;;
2022-06-14 06:00:00;20.85482448691751;;;;;;;
2022-06-14 07:00:00;15.22531860151964;;;;;;;
2022-06-14 08:00:00;22.2839346774675;;;;;;;
2022-06-14 09:00:00;15.32660699325785;;;;;;;
2022-06-14 10:00:00;23.30400363662511;;;;;;;
2022-06-14 11:00:00;25.44730176141209;;;;;;;
2022-06-14 12:00:00;18.01979223716419;;;;;;;
2022-06-14 13:00:00;27.5323395641442;;;;;;;
2022-06-14 14:00:00;26.18503393288264;;;;;;;
2022-06-14 15:00:00;21.16703993926898;;;;;;;
2022-06-14 16:00:00;22.7564828959302;;;;;;;
2022-06-14 17:00:00;21.06560455064103;;;;;;;
2022-06-14 18:00:00;17.0997741230419;;;;;;;
2022-06-14 19:00:00;21.22238739705305;;;;;;;
2022-06-14 20:00:00;16.97691802472115;;;;;;;
2022-06-14 21:00:00;20.66567204209971;;;;;;;
2022-06-14 22:00:00;23.36957971757732;;;;;;;
2022-06-14 23:00:00;20.8705755699667;;;;;;;
2022-06-15 00:00:00;20.85118422712085;;;;;;;
2022-06-15 01:00:00;23.21057676367868;;;;;;;
2022-06-15 02:00:00;21.52825068331009;;;;;;;
2022-06-15 03:00:00;23.06067770142984;;;;;;;
2022-06-15 04:00:00;20.85313949875724;;;;;;;
2022-06-15 05:00:00;20.87314550030715;;;;;;;
2022-06-15 06:00:00;20.20001958193614;;;;;;;
2022-06-15 07:00:00;22.67008052567587;;;;;;;
2022-06-15 08:00:00;26.67910299848086;;;;;;;
2022-06-15 09:00:00;23.05654172720338;;;;;;;
2022-06-15 10:00:00;19.81947364866706;;;;;;;
2022-06-15 11:00:00;21.501802966253;;;;;;;
2022-06-15 12:00:00;23.74817913856479;;;;;;;
2022-06-15 13:00:00;20.8370147517323;;;;;;;
2022-06-15 14:00:00;25.10666353929253;;;;;;;
2022-06-15 15:00:00;22.48649226691638;;;;;;;
2022-06-15 16:00:00;19.5665127027708;;;;;;;
2022-06-15 17:00:00;24.0242498898018;;;;;;;
2022-06-15 18:00:00;18.30428937709081;;;;;;;
2022-06-15 19:00:00;12.37163049267512;;;;;;;
2022-06-15 20:00:00;19.30912790231775;;;;;;;
2022-06-15 21:00:00;19.57679011926115;;;;;;;
2022-06-15 22:00:00;24.89285579744648;;;;;;;
2022-06-15 23:00:00;24.18729721574284;;;;;;;
2022-06-16 00:00:00;20.14702809787066;;;;;;;
2022-06-16 01:00:00;23.64455470694346;;;;;;;
2022-06-16 02:00:00;25.1967069407243;;;;;;;
2022-06-16 03:00:00;20.03251109748393;;;;;;;
2022-06-16 04:00:00;22.13768711210821;;;;;;;
2022-06-16 05:00:00;19.94892341842173;;;;;;;
2022-06-16 06:00:00;18.14708602384728;;;;;;;
2022-06-16 07:00:00;20.7257796849224;;;;;;;
2022-06-16 08:00:00;21.73418669111174;;;;;;;
2022-06-16 09:00:00;24.31213598024131;;;;;;;
2022-06-16 10:00:00;18.717107827057;;;;;;;
2022-06-16 11:00:00;25.62032423764173;;;;;;;
2022-06-16 12:00:00;23.29873583523086;;;;;;;
2022-06-16 13:00:00;20.96645375014745;;;;;;;
2022-06-16 14:00:00;14.16934800221912;;;;;;;
2022-06-16 15:00:00;19.52471376095028;;;;;;;
2022-06-16 16:00:00;29.87738138723144;;;;;;;
2022-06-16 17:00:00;20.4258784483156;;;;;;;
2022-06-16 18:00:00;21.87798284785258;;;;;;;
2022-06-16 19:00:00;22.09280379405265;;;;;;;
2022-06-16 20:00:00;18.32687251701435;;;;;;;
2022-06-16 21:00:00;22.7214887207037;;;;;;;
2022-06-16 22:00:00;21.47982242909735;;;;;;;
2022-06-16 23:00:00;24.42078031636315;;;;;;;
2022-06-17 00:00:00;21.94738770217151;;;;;;;
2022-06-17 01:00:00;24.27377546062887;;;;;;;
2022-06-17 02:00:00;22.55207495600338;;;;;;;
2022-06-17 03:00:00;16.35818647426937;;;;;;;
2022-06-17 04:00:00;15.22445423106375;;;;;;;
2022-06-17 05:00:00;23.50752712065383;;;;;;;
2022-06-17 06:00:00;22.36883533527453;;;;;;;
2022-06-17 07:00:00;25.91306133094135;;;;;;;
2022-06-17 08:00:00;25.98471021302986;;;;;;;
2022-06-17 09:00:00;17.91656442170834;;;;;;;
2022-06-17 10:00:00;22.69824022968609;;;;;;;
2022-06-17 11:00:00;20.52040213801649;;;;;;;
2022-06-17 12:00:00;23.06111337150091;;;;;;;
2022-06-17 13:00:00;25.89215611296899;;;;;;;
2022-06-17 14:00:00;19.71996257875194;;;;;;;
2022-06-17 15:00:00;16.86538327759598;;;;;;;
2022-06-17 16:00:00;16.95437211242221;;;;;;;
2022-06-17 17:00:00;17.19342829201186;;;;;;;
2022-06-17 18:00:00;23.36745682282699;;;;;;;
2022-06-17 19:00:00;22.80091001823031;;;;;;;
2022-06-17 20:00:00;22.35528701397752;;;;;;;
2022-06-17 21:00:00;22.82227643028581;;;;;;;
2022-06-17 22:00:00;21.79201035528977;;;;;;;
2022-06-17 23:00:00;21.34938380145602;;;;;;;
2022-06-18 00:00:00;23.46343403086976;;;;;;;
2022-06-18 01:00:00;20.18704902003612;;;;;;;
2022-06-18 02:00:00;20.60320962365818;;;;;;;
2022-06-18 03:00:00;14.96411274976855;;;;;;;
2022-06-18 04:00:00;21.06391194191735;;;;;;;
2022-06-18 05:00:00;18.9547488513549;;;;;;;
2022-06-18 06:00:00;20.35287770167038;;;;;;;
2022-06-18 07:00:00;23.59231340593967;;;;;;;
2022-06-18 08:00:00;20.72260147760019;;;;;;;
2022-06-18 09:00:00;21.48847459148327;;;;;;;
2022-06-18 10:00:00;17.66591725359999;;;;;;;
2022-06-18 11:00:00;14.92915348370849;;;;;;;
2022-06-18 12:00:00;23.47810309461657;;;;;;;
2022-06-18 13:00:00;24.71273779726825;;;;;;;
2022-06-18 14:00:00;21.42938369666305;;;;;;;
2022-06-18 15:00:00;20.16947268356886;;;;;;;
2022-06-18 16:00:00;18.42113153572889;;;;;;;
2022-06-18 17:00:00;17.50422747227375;;;;;;;
2022-06-18 18:00:00;24.16066408124617;;;;;;;
2022-06-18 19:00:00;20.43820952960258;;;;;;;
2022-06-18 20:00:00;16.23849141771207;;;;;;;
2022-06-18 21:00:00;16.65491157417713;;;;;;;
2022-06-18 22:00:00;20.61656270672629;;;;;;;
2022-06-18 23:00:00;12.69088802088449;;;;;;;
2022-06-19 00:00:00;17.44074180958642;;;;;;;
2022-06-19 01:00:00;27.10954997657696;;;;;;;
2022-06-19 02:00:00;19.1458783203863;;;;;;;
2022-06-19 03:00:00;17.18945694387103;;;;;;;
2022-06-19 04:00:00;21.55655569040918;;;;;;;
2022-06-19 05:00:00;22.82060667943369;;;;;;;
2022-06-19 06:00:00;20.3263180672092;;;;;;;
2022-06-19 07:00:00;20.07719884129442;;;;;;;
2022-06-19 08:00:00;25.49634554307387;;;;;;;
2022-06-19 09:00:00;20.16388750659191;;;;;;;
2022-06-19 10:00:00;24.24926965453321;;;;;;;
2022-06-19 11:00:00;19.15423060168116;;;;;;;
2022-06-19 12:00:00;20.1387077781995;;;;;;;
2022-06-19 13:00:00;23.55587426794736;;;;;;;
2022-06-19 14:00:00;22.77048119442963;;;;;;;
2022-06-19 15:00:00;19.91769653721744;;;;;;;
2022-06-19 16:00:00;25.1351558038504;;;;;;;
2022-06-19 17:00:00;18.04186573607084;;;;;;;
2022-06-19 18:00:00;22.42850677511115;;;;;;;
2022-06-19 19:00:00;24.13879943592009;;;;;;;
2022-06-19 20:00:00;22.14585758658899;;;;;;;
2022-06-19 21:00:00;16.25046709598221;;;;;;;
2022-06-19 22:00:00;18.34166760749093;;;;;;;
2022-06-19 23:00:00;20.23468583722607;;;;;;;
2022-06-20 00:00:00;19.95800754274486;;;;;;;
2022-06-20 01:00:00;18.46639413452288;;;;;;;
2022-06-20 02:00:00;22.79760134998378;;;;;;;
2022-06-20 03:00:00;16.24663093728172;;;;;;;
2022-06-20 04:00:00;23.81002632238003;;;;;;;
2022-06-20 05:00:00;23.52156135793242;;;;;;;
2022-06-20 06:00:00;29.4829457950498;;;;;;;
2022-06-20 07:00:00;20.36763232389998;;;;;;;
2022-06-20 08:00:00;25.29006743270646;;;;;;;
2022-06-20 09:00:00;20.93105105249933;;;;;;;
2022-06-20 10:00:00;21.23605216368982;;;;;;;
2022-06-20 11:00:00;23.99705205076208;;;;;;;
2022-06-20 12:00:00;25.37241514494359;;;;;;;
2022-06-20 13:00:00;18.62498040266384;;;;;;;
2022-06-20 14:00:00;22.47400739118175;;;;;;;
2022-06-20 15:00:00;14.65141950106222;;;;;;;
2022-06-20 16:00:00;21.54444169397051;;;;;;;
2022-06-20 17:00:00;22.15067160270324;;;;;;;
2022-06-20 18:00:00;19.04658739514863;;;;;;;
2022-06-20 19:00:00;24.76567374803707;;;;;;;
2022-06-20 20:00:00;26.40800668277836;;;;;;;
2022-06-20 21:00:00;21.06720058218676;;;;;;;
2022-06-20 22:00:00;23.97730700956615;;;;;;;
2022-06-20 23:00:00;25.52072644508092;;;;;;;
2022-06-21 00:00:00;23.70311998244603;;;;;;;
2022-06-21 01:00:00;19.37984175986015;;;;;;;
2022-06-21 02:00:00;22.36509050563911;;;;;;;
2022-06-21 03:00:00;18.34607086418501;;;;;;;
2022-06-21 04:00:00;23.3314717755067;;;;;;;
2022-06-21 05:00:00;15.00637949256296;;;;;;;
2022-06-21 06:00:00;22.79626596675403;;;;;;;
2022-06-21 07:00:00;22.53175713627541;;;;;;;
2022-06-21 08:00:00;25.44729339945109;;;;;;;
2022-06-21 09:00:00;23.83209809702825;;;;;;;
2022-06-21 10:00:00;20.59448733590131;;;;;;;
2022-06-21 11:00:00;23.83557378720266;;;;;;;
2022-06-21 12:00:00;20.76604270452154;;;;;;;
2022-06-21 13:00:00;27.34598437958287;;;;;;;
2022-06-21 14:00:00;26.99705387218721;;;;;;;
2022-06-21 15:00:00;19.43820203945778;;;;;;;
2022-06-21 16:00:00;23.11473868520955;;;;;;;
2022-06-21 17:00:00;16.08909100581193;;;;;;;
2022-06-21 18:00:00;19.93671674361731;;;;;;;
2022-06-21 19:00:00;21.29206851310673;;;;;;;
2022-06-21 20:00:00;20.86674983609144;;;;;;;
2022-06-21 21:00:00;20.50288136165789;;;;;;;
2022-06-21 22:00:00;22.947654607775;;;;;;;
2022-06-21 23:00:00;16.05793447730823;;;;;;;
2022-06-22 00:00:00;26.36399324651601;;;;;;;
2022-06-22 01:00:00;20.37544659316746;;;;;;;
2022-06-22 02:00:00;23.79047027250305;;;;;;;
2022-06-22 03:00:00;21.92612552236983;;;;;;;
2022-06-22 04:00:00;17.64537989018598;;;;;;;
2022-06-22 05:00:00;22.57431598570985;;;;;;;
2022-06-22 06:00:00;17.41085944316393;;;;;;;
2022-06-22 07:00:00;25.06042352299882;;;;;;;
2022-06-22 08:00:00;20.65193507546295;;;;;;;
2022-06-22 09:00:00;21.54091455256903;;;;;;;
2022-06-22 10:00:00;22.09081907716646;;;;;;;
2022-06-22 11:00:00;21.37568121333844;;;;;;;
2022-06-22 12:00:00;21.22069843155921;;;;;;;
2022-06-22 13:00:00;26.59803309412889;;;;;;;
2022-06-22 14:00:00;17.82315619342329;;;;;;;
2022-06-22 15:00:00;23.47853586774551;;;;;;;
2022-06-22 16:00:00;24.53430140792757;;;;;;;
2022-06-22 17:00:00;22.0868278145259;;;;;;;
2022-06-22 18:00:00;20.81775195892926;;;;;;;
2022-06-22 19:00:00;21.81415520748901;;;;;;;
2022-06-22 20:00:00;20.68249032094214;;;;;;;
2022-06-22 21:00:00;18.57013927760477;;;;;;;
2022-06-22 22:00:00;19.09537415064344;;;;;;;
2022-06-22 23:00:00;19.46797458978475;;;;;;;
2022-06-23 00:00:00;13.11660759702048;;;;;;;
2022-06-23 01:00:00;25.0401000794903;;;;;;;
2022-06-23 02:00:00;20.28928230391993;;;;;;;
2022-06-23 03:00:00;21.98806464202058;;;;;;;
2022-06-23 04:00:00;24.05076023050975;;;;;;;
2022-06-23 05:00:00;18.56610161858078;;;;;;;
2022-06-23 06:00:00;21.20446689817747;;;;;;;
2022-06-23 07:00:00;19.05222131720512;;;;;;;
2022-06-23 08:00:00;25.29232294054969;;;;;;;
2022-06-23 09:00:00;20.89551609255516;;;;;;;
2022-06-23 10:00:00;19.28191427415448;;;;;;;
2022-06-23 11:00:00;23.22985985425612;;;;;;;
2022-06-23 12:00:00;26.77658708273312;;;;;;;
2022-06-23 13:00:00;24.59421302348456;;;;;;;
2022-06-23 14:00:00;21.34018739466296;;;;;;;
2022-06-23 15:00:00;22.84864595408214;;;;;;;
2022-06-23 16:00:00;25.05868708904375;;;;;;;
2022-06-23 17:00:00;23.84035901219325;;;;;;;
2022-06-23 18:00:00;21.43562920159468;;;;;;;
2022-06-23 19:00:00;20.77202659577359;;;;;;;
2022-06-23 20:00:00;21.09547563264195;;;;;;;
2022-06-23 21:00:00;23.34858247522456;;;;;;;
2022-06-23 22:00:00;22.25949294441504;;;;;;;
2022-06-23 23:00:00;16.70952593668112;;;;;;;
2022-06-24 00:00:00;23.66851683953588;;;;;;;
2022-06-24 01:00:00;21.43703163476621;;;;;;;
2022-06-24 02:00:00;21.00456872396455;;;;;;;
2022-06-24 03:00:00;18.80343190153054;;;;;;;
2022-06-24 04:00:00;16.67833752126676;;;;;;;
2022-06-24 05:00:00;21.17056946912741;;;;;;;
2022-06-24 06:00:00;15.58023443313808;;;;;;;
2022-06-24 07:00:00;17.8735462141823;;;;;;;
2022-06-24 08:00:00;23.8201734030808;;;;;;;
2022-06-24 09:00:00;21.70357975860371;;;;;;;
2022-06-24 10:00:00;22.33575324565997;;;;;;;
2022-06-24 11:00:00;22.80595119020155;;;;;;;
2022-06-24 12:00:00;23.1974171489123;;;;;;;
2022-06-24 13:00:00;23.79170637913035;;;;;;;
2022-06-24 14:00:00;17.63356863187638;;;;;;;
2022-06-24 15:00:00;18.94161495612434;;;;;;;
2022-06-24 16:00:00;21.71370231164778;;;;;;;
2022-06-24 17:00:00;26.2212617117192;;;;;;;
2022-06-24 18:00:00;19.26270982379759;;;;;;;
2022-06-24 19:00:00;16.02268186609349;;;;;;;
2022-06-24 20:00:00;18.17257864909307;;;;;;;
2022-06-24 21:00:00;18.67823889113994;;;;;;;
2022-06-24 22:00:00;18.23792771440347;;;;;;;
2022-06-24 23:00:00;27.09351016564077;;;;;;;
2022-06-25 00:00:00;21.28859403230679;;;;;;;
2022-06-25 01:00:00;21.55314805521899;;;;;;;
2022-06-25 02:00:00;27.60819142460382;;;;;;;
2022-06-25 03:00:00;22.01422331601235;;;;;;;
2022-06-25 04:00:00;23.38868684193712;;;;;;;
2022-06-25 05:00:00;20.70458372295998;;;;;;;
2022-06-25 06:00:00;21.52376291020254;;;;;;;
2022-06-25 07:00:00;18.96727384607865;;;;;;;
2022-06-25 08:00:00;24.92840230981757;;;;;;;
2022-06-25 09:00:00;20.02840026374239;;;;;;;
2022-06-25 10:00:00;18.9333853931755;;;;;;;
2022-06-25 11:00:00;17.49063575009943;;;;;;;
2022-06-25 12:00:00;19.02309339875101;;;;;;;
2022-06-25 13:00:00;17.42101429086974;;;;;;;
2022-06-25 14:00:00;24.76213111356218;;;;;;;
2022-06-25 15:00:00;29.78982996679228;;;;;;;
2022-06-25 16:00:00;17.05659794481134;;;;;;;
2022-06-25 17:00:00;24.20748023209681;;;;;;;
2022-06-25 18:00:00;17.09320408708924;;;;;;;
2022-06-25 19:00:00;23.09738084394709;;;;;;;
2022-06-25 20:00:00;23.12033796027342;;;;;;;
2022-06-25 21:00:00;21.55537408583883;;;;;;;
2022-06-25 22:00:00;17.41269184008009;;;;;;;
2022-06-25 23:00:00;15.45538381080457;;;;;;;
2022-06-26 00:00:00;22.63067321946625;;;;;;;
2022-06-26 01:00:00;24.19923859864648;;;;;;;
2022-06-26 02:00:00;18.72013139028866;;;;;;;
2022-06-26 03:00:00;24.51717646853652;;;;;;;
2022-06-26 04:00:00;20.98809370854077;;;;;;;
2022-06-26 05:00:00;21.84027969028844;;;;;;;
2022-06-26 06:00:00;27.44920791329782;;;;;;;
2022-06-26 07:00:00;22.90924168548937;;;;;;;
2022-06-26 08:00:00;24.63553570584295;;;;;;;
2022-06-26 09:00:00;21.16222816040294;;;;;;;
2022-06-26 10:00:00;22.01282568042396;;;;;;;
2022-06-26 11:00:00;22.36774632402815;;;;;;;
2022-06-26 12:00:00;20.36556425362583;;;;;;;
2022-06-26 13:00:00;20.92036032520278;;;;;;;
2022-06-26 14:00:00;19.39085378414055;;;;;;;
2022-06-26 15:00:00;24.00652401421981;;;;;;;
2022-06-26 16:00:00;23.57831421998819;;;;;;;
2022-06-26 17:00:00;24.94947322388574;;;;;;;
2022-06-26 18:00:00;22.0741299864073;;;;;;;
2022-06-26 19:00:00;22.16746460837868;;;;;;;
2022-06-26 20:00:00;15.05356148846115;;;;;;;
2022-06-26 21:00:00;22.7028144529784;;;;;;;
2022-06-26 22:00:00;22.37459366860877;;;;;;;
2022-06-26 23:00:00;24.10318659972948;;;;;;;
2022-06-27 00:00:00;29.34842458081333;;;;;;;
2022-06-27 01:00:00;23.40982645711055;;;;;;;
2022-06-27 02:00:00;19.52124377185702;;;;;;;
2022-06-27 03:00:00;22.67114989927433;;;;;;;
2022-06-27 04:00:00;25.7614451028298;;;;;;;
2022-06-27 05:00:00;21.38207874124935;;;;;;;
2022-06-27 06:00:00;16.60980018455342;;;;;;;
2022-06-27 07:00:00;25.72533629144743;;;;;;;
2022-06-27 08:00:00;23.953243463348;;;;;;;
2022-06-27 09:00:00;22.33938112455354;;;;;;;
2022-06-27 10:00:00;19.41621942910436;;;;;;;
2022-06-27 11:00:00;27.44114950642646;;;;;;;
2022-06-27 12:00:00;19.13753712009196;;;;;;;
2022-06-27 13:00:00;21.80091764329213;;;;;;;
2022-06-27 14:00:00;20.15992973708482;;;;;;;
2022-06-27 15:00:00;16.5406978178192;;;;;;;
2022-06-27 16:00:00;19.89766622544908;;;;;;;
2022-06-27 17:00:00;16.33522492633847;;;;;;;
2022-06-27 18:00:00;30.63014261692613;;;;;;;
2022-06-27 19:00:00;24.09540061792845;;;;;;;
2022-06-27 20:00:00;20.310140248793;;;;;;;
2022-06-27 21:00:00;24.44520932207635;;;;;;;
2022-06-27 22:00:00;23.87790845146434;;;;;;;
2022-06-27 23:00:00;22.54085193019938;;;;;;;
2022-06-28 00:00:00;24.1981902079076;;;;;;;
2022-06-28 01:00:00;27.91094962185776;;;;;;;
2022-06-28 02:00:00;21.67699350384448;;;;;;;
2022-06-28 03:00:00;24.74705827720194;;;;;;;
2022-06-28 04:00:00;20.63214948940071;;;;;;;
2022-06-28 05:00:00;18.25574611755909;;;;;;;
2022-06-28 06:00:00;24.80059473892416;;;;;;;
2022-06-28 07:00:00;21.84569407603375;;;;;;;
2022-06-28 08:00:00;22.94373955839765;;;;;;;
2022-06-28 09:00:00;27.18455756743184;;;;;;;
2022-06-28 10:00:00;20.70223582762353;;;;;;;
2022-06-28 11:00:00;18.96022204259541;;;;;;;
2022-06-28 12:00:00;21.99913196876816;;;;;;;
2022-06-28 13:00:00;16.78224281174981;;;;;;;
2022-06-28 14:00:00;26.10499028053501;;;;;;;
2022-06-28 15:00:00;25.32899654089293;;;;;;;
2022-06-28 16:00:00;22.52665277878326;;;;;;;
2022-06-28 17:00:00;17.07982234177675;;;;;;;
2022-06-28 18:00:00;21.40144940167525;;;;;;;
2022-06-28 19:00:00;22.1421219179519;;;;;;;
2022-06-28 20:00:00;22.97593099507741;;;;;;;
2022-06-28 21:00:00;19.56621042491247;;;;;;;
2022-06-28 22:00:00;19.18260045314354;;;;;;;
2022-06-28 23:00:00;16.60552312062824;;;;;;;
2022-06-29 00:00:00;20.38565966261012;;;;;;;
2022-06-29 01:00:00;20.13611728341056;;;;;;;
2022-06-29 02:00:00;16.92823489609217;;;;;;;
2022-06-29 03:00:00;16.33838629486057;;;;;;;
2022-06-29 04:00:00;19.19885034874392;;;;;;;
2022-06-29 05:00:00;22.91086746780822;;;;;;;
2022-06-29 06:00:00;21.2643848078326;;;;;;;
2022-06-29 07:00:00;26.60345426339831;;;;;;;
2022-06-29 08:00:00;25.67663439126656;;;;;;;
2022-06-29 09:00:00;23.53248563711279;;;;;;;
2022-06-29 10:00:00;19.32282173160195;;;;;;;
2022-06-29 11:00:00;21.76346817717853;;;;;;;
2022-06-29 12:00:00;20.08645033889852;;;;;;;
2022-06-29 13:00:00;13.90869631456857;;;;;;;
2022-06-29 14:00:00;26.45038596891197;;;;;;;
2022-06-29 15:00:00;21.1923915283773;;;;;;;
2022-06-29 16:00:00;21.21170880687707;;;;;;;
2022-06-29 17:00:00;17.48312797482376;;;;;;;
2022-06-29 18:00:00;17.90680463069292;;;;;;;
2022-06-29 19:00:00;24.71502628341387;;;;;;;
2022-06-29 20:00:00;19.03956200958861;;;;;;;
2022-06-29 21:00:00;20.54754533539818;;;;;;;
2022-06-29 22:00:00;16.59347100738888;;;;;;;
2022-06-29 23:00:00;25.98919270530769;;;;;;;
2022-06-30 00:00:00;25.23111754251758;;;;;;;
2022-06-30 01:00:00;18.9574801907894;;;;;;;
2022-06-30 02:00:00;18.88564740818529;;;;;;;
2022-06-30 03:00:00;25.48262566178304;;;;;;;
2022-06-30 04:00:00;24.67398787388499;;;;;;;
2022-06-30 05:00:00;24.04111423785506;;;;;;;
2022-06-30 06:00:00;21.73317672272029;;;;;;;
2022-06-30 07:00:00;20.27198365224341;;;;;;;
2022-06-30 08:00:00;17.9936033989103;;;;;;;
2022-06-30 09:00:00;18.73047284242984;;;;;;;
2022-06-30 10:00:00;25.22015564324834;;;;;;;
2022-06-30 11:00:00;19.99800180651614;;;;;;;
2022-06-30 12:00:00;19.59547671226603;;;;;;;
2022-06-30 13:00:00;20.58544336878474;;;;;;;
2022-06-30 14:00:00;21.96649476619337;;;;;;;
2022-06-30 15:00:00;17.99563388339947;;;;;;;
2022-06-30 16:00:00;21.48489204826608;;;;;;;
2022-06-30 17:00:00;23.14975142119679;;;;;;;
2022-06-30 18:00:00;15.626370995028;;;;;;;
2022-06-30 19:00:00;18.42714082909973;;;;;;;
2022-06-30 20:00:00;22.7230200100238;;;;;;;
2022-06-30 21:00:00;20.5435741613184;;;;;;;
2022-06-30 22:00:00;27.68667752013855;;;;;;;
2022-06-30 23:00:00;24.75183413789143;;;;;;;
2022-07-01 00:00:00;20.1258421565742;;;;;;;
2022-07-01 01:00:00;15.26062323776936;;;;;;;
2022-07-01 02:00:00;18.72692685259059;;;;;;;
2022-07-01 03:00:00;21.73657302199944;;;;;;;
2022-07-01 04:00:00;24.4596166639484;;;;;;;
2022-07-01 05:00:00;17.7781818726991;;;;;;;
2022-07-01 06:00:00;24.4596710512434;;;;;;;
2022-07-01 07:00:00;22.67199348421484;;;;;;;
2022-07-01 08:00:00;18.30924152521673;;;;;;;
2022-07-01 09:00:00;24.82058537399533;;;;;;;
2022-07-01 10:00:00;25.90053601615961;;;;;;;
2022-07-01 11:00:00;26.18970312613225;;;;;;;
2022-07-01 12:00:00;26.72372665293172;;;;;;;
2022-07-01 13:00:00;16.61303622079079;;;;;;;
2022-07-01 14:00:00;24.54839376319479;;;;;;;
2022-07-01 15:00:00;24.66583419684929;;;;;;;
2022-07-01 16:00:00;13.40462581455434;;;;;;;
2022-07-01 17:00:00;19.45420195346638;;;;;;;
2022-07-01 18:00:00;21.02916395072518;;;;;;;
2022-07-01 19:00:00;19.52072476138283;;;;;;;
2022-07-01 20:00:00;21.24223623897553;;;;;;;
2022-07-01 21:00:00;21.28455155704547;;;;;;;
2022-07-01 22:00:00;20.89826101764831;;;;;;;
2022-07-01 23:00:00;24.66977113400287;;;;;;;
2022-07-02 00:00:00;20.43862273149902;;;;;;;
2022-07-02 01:00:00;18.95888429709153;;;;;;;
2022-07-02 02:00:00;21.50715961241648;;;;;;;
2022-07-02 03:00:00;22.18591539714606;;;;;;;
2022-07-02 04:00:00;24.65087947942662;;;;;;;
2022-07-02 05:00:00;27.92430786150976;;;;;;;
2022-07-02 06:00:00;27.82539517399325;;;;;;;
2022-07-02 07:00:00;17.60206457472827;;;;;;;
2022-07-02 08:00:00;26.20523632731826;;;;;;;
2022-07-02 09:00:00;21.31487127035853;;;;;;;
2022-07-02 10:00:00;20.58736296613508;;;;;;;
2022-07-02 11:00:00;20.23926836990237;;;;;;;
2022-07-02 12:00:00;20.96419007239484;;;;;;;
2022-07-02 13:00:00;21.01149326759507;;;;;;;
2022-07-02 14:00:00;25.33207577477996;;;;;;;
2022-07-02 15:00:00;19.50761606850617;;;;;;;
2022-07-02 16:00:00;8.915070597466057;;;;;;;
2022-07-02 17:00:00;20.89313046750509;;;;;;;
2022-07-02 18:00:00;16.86466412199278;;;;;;;
2022-07-02 19:00:00;21.40347394260871;;;;;;;
2022-07-02 20:00:00;20.6425441553457;;;;;;;
2022-07-02 21:00:00;23.42177435234877;;;;;;;
2022-07-02 22:00:00;28.15281812123638;;;;;;;
2022-07-02 23:00:00;27.37641114432729;;;;;;;
2022-07-03 00:00:00;20.35609437198257;;;;;;;
2022-07-03 01:00:00;19.41597897626437;;;;;;;
2022-07-03 02:00:00;20.58546696025473;;;;;;;
2022-07-03 03:00:00;23.28639916769263;;;;;;;
2022-07-03 04:00:00;21.39127358146624;;;;;;;
2022-07-03 05:00:00;25.50126265862674;;;;;;;
2022-07-03 06:00:00;26.56946743022574;;;;;;;
2022-07-03 07:00:00;26.51698611390701;;;;;;;
2022-07-03 08:00:00;25.87754578394624;;;;;;;
2022-07-03 09:00:00;19.74429942018661;;;;;;;
2022-07-03 10:00:00;17.89090535851946;;;;;;;
2022-07-03 11:00:00;23.24759619930009;;;;;;;
2022-07-03 12:00:00;22.46356237937095;;;;;;;
2022-07-03 13:00:00;16.66926177368756;;;;;;;
2022-07-03 14:00:00;20.90660292544573;;;;;;;
2022-07-03 15:00:00;23.88857514484108;;;;;;;
2022-07-03 16:00:00;22.50733327291752;;;;;;;
2022-07-03 17:00:00;22.41868377874414;;;;;;;
2022-07-03 18:00:00;23.26847363426966;;;;;;;
2022-07-03 19:00:00;18.13359342097882;;;;;;;
2022-07-03 20:00:00;23.03040830921192;;;;;;;
2022-07-03 21:00:00;17.60032312383908;;;;;;;
2022-07-03 22:00:00;23.56023773369818;;;;;;;
2022-07-03 23:00:00;23.1384619490907;;;;;;;
2022-07-04 00:00:00;20.88855090560653;;;;;;;
2022-07-04 01:00:00;20.99428853222248;;;;;;;
2022-07-04 02:00:00;25.64973613347732;;;;;;;
2022-07-04 03:00:00;18.29423559666403;;;;;;;
2022-07-04 04:00:00;23.0520709526846;;;;;;;
2022-07-04 05:00:00;22.49999038016903;;;;;;;
2022-07-04 06:00:00;22.01809160803249;;;;;;;
2022-07-04 07:00:00;20.91490919270216;;;;;;;
2022-07-04 08:00:00;23.0485520561479;;;;;;;
2022-07-04 09:00:00;21.12112788248888;;;;;;;
2022-07-04 10:00:00;24.50753328709294;;;;;;;
2022-07-04 11:00:00;22.33057569941515;;;;;;;
2022-07-04 12:00:00;19.90163901761488;;;;;;;
2022-07-04 13:00:00;20.87955163922704;;;;;;;
2022-07-04 14:00:00;23.42046463971637;;;;;;;
2022-07-04 15:00:00;20.25564218274004;;;;;;;
2022-07-04 16:00:00;26.59633307478046;;;;;;;
2022-07-04 17:00:00;26.93027017042886;;;;;;;
2022-07-04 18:00:00;20.12530919081225;;;;;;;
2022-07-04 19:00:00;18.93478570219259;;;;;;;
2022-07-04 20:00:00;24.31370452330366;;;;;;;
2022-07-04 21:00:00;16.24991563370075;;;;;;;
2022-07-04 22:00:00;20.40694214819877;;;;;;;
2022-07-04 23:00:00;21.341230866708;;;;;;;
2022-07-05 00:00:00;20.94935556383881;;;;;;;
2022-07-05 01:00:00;18.803608148263;;;;;;;
2022-07-05 02:00:00;22.291328442786;;;;;;;
2022-07-05 03:00:00;24.94023683373786;;;;;;;
2022-07-05 04:00:00;23.45428581719096;;;;;;;
2022-07-05 05:00:00;27.09757643223517;;;;;;;
2022-07-05 06:00:00;21.82212142945014;;;;;;;
2022-07-05 07:00:00;16.77578654683903;;;;;;;
2022-07-05 08:00:00;15.88269630514028;;;;;;;
2022-07-05 09:00:00;22.09997447491436;;;;;;;
2022-07-05 10:00:00;19.61697228324455;;;;;;;
2022-07-05 11:00:00;15.40812166624629;;;;;;;
2022-07-05 12:00:00;24.37466042765467;;;;;;;
2022-07-05 13:00:00;22.68071289205175;;;;;;;
2022-07-05 14:00:00;21.55324549425634;;;;;;;
2022-07-05 15:00:00;20.27552231022167;;;;;;;
2022-07-05 16:00:00;20.19447342650825;;;;;;;
2022-07-05 17:00:00;23.30629919961088;;;;;;;
2022-07-05 18:00:00;19.42057027060678;;;;;;;
2022-07-05 19:00:00;23.15905953814746;;;;;;;
2022-07-05 20:00:00;15.0298610410041;;;;;;;
2022-07-05 21:00:00;25.19979642776573;;;;;;;
2022-07-05 22:00:00;24.74282856287333;;;;;;;
2022-07-05 23:00:00;15.43949377349196;;;;;;;
2022-07-06 00:00:00;20.79280715098764;;;;;;;
2022-07-06 01:00:00;22.91776941983158;;;;;;;
2022-07-06 02:00:00;21.4670032289565;;;;;;;
2022-07-06 03:00:00;21.75917123604178;;;;;;;
2022-07-06 04:00:00;21.0615753391068;;;;;;;
2022-07-06 05:00:00;26.32933098333469;;;;;;;
2022-07-06 06:00:00;27.31147858883706;;;;;;;
2022-07-06 07:00:00;27.88851910756195;;;;;;;
2022-07-06 08:00:00;16.23692521204165;;;;;;;
2022-07-06 09:00:00;18.64924015692684;;;;;;;
2022-07-06 10:00:00;20.95577540130289;;;;;;;
2022-07-06 11:00:00;19.05038775414204;;;;;;;
2022-07-06 12:00:00;19.98878992914056;;;;;;;
2022-07-06 13:00:00;19.64688368244842;;;;;;;
2022-07-06 14:00:00;26.39541687723809;;;;;;;
2022-07-06 15:00:00;20.4873347969445;;;;;;;
2022-07-06 16:00:00;22.3244915724845;;;;;;;
2022-07-06 17:00:00;19.13071375654648;;;;;;;
2022-07-06 18:00:00;20.51035620373271;;;;;;;
2022-07-06 19:00:00;20.61339800368759;;;;;;;
2022-07-06 20:00:00;18.23495209654878;;;;;;;
2022-07-06 21:00:00;15.58891436624273;;;;;;;
2022-07-06 22:00:00;19.37882053731231;;;;;;;
2022-07-06 23:00:00;28.47780808615507;;;;;;;
2022-07-07 00:00:00;25.17049519036873;;;;;;;
2022-07-07 01:00:00;18.49070821179595;;;;;;;
2022-07-07 02:00:00;16.74570842641397;;;;;;;
2022-07-07 03:00:00;21.47329723395739;;;;;;;
2022-07-07 04:00:00;22.23520775389134;;;;;;;
2022-07-07 05:00:00;22.55810270225;;;;;;;
2022-07-07 06:00:00;21.34428995918706;;;;;;;
2022-07-07 07:00:00;18.79103259531932;;;;;;;
2022-07-07 08:00:00;20.5160990735557;;;;;;;
2022-07-07 09:00:00;19.23888903799283;;;;;;;
2022-07-07 10:00:00;21.96452092168983;;;;;;;
2022-07-07 11:00:00;22.85201136355827;;;;;;;
2022-07-07 12:00:00;22.59714418000262;;;;;;;
2022-07-07 13:00:00;17.40752277221209;;;;;;;
2022-07-07 14:00:00;15.96601434378562;;;;;;;
2022-07-07 15:00:00;14.17877285551049;;;;;;;
2022-07-07 16:00:00;23.04892028341157;;;;;;;
2022-07-07 17:00:00;21.40004231389048;;;;;;;
2022-07-07 18:00:00;21.31585500128755;;;;;;;
2022-07-07 19:00:00;19.29235711197864;;;;;;;
2022-07-07 20:00:00;26.73496048769381;;;;;;;
2022-07-07 21:00:00;19.50925451749824;;;;;;;
2022-07-07 22:00:00;8.989483443497651;;;;;;;
2022-07-07 23:00:00;26.7719089235224;;;;;;;
2022-07-08 00:00:00;14.45221142262574;;;;;;;
2022-07-08 01:00:00;26.32018492754761;;;;;;;
2022-07-08 02:00:00;25.47024589569019;;;;;;;
2022-07-08 03:00:00;20.06010284107361;;;;;;;
2022-07-08 04:00:00;22.83647573366549;;;;;;;
2022-07-08 05:00:00;21.75377376762509;;;;;;;
2022-07-08 06:00:00;19.05822797748198;;;;;;;
2022-07-08 07:00:00;21.93739333684746;;;;;;;
2022-07-08 08:00:00;23.41389330695807;;;;;;;
2022-07-08 09:00:00;20.06287071804009;;;;;;;
2022-07-08 10:00:00;21.22577798887615;;;;;;;
2022-07-08 11:00:00;15.00688738316474;;;;;;;
2022-07-08 12:00:00;20.91889550224418;;;;;;;
2022-07-08 13:00:00;22.19576328019268;;;;;;;
2022-07-08 14:00:00;22.97522850566942;;;;;;;
2022-07-08 15:00:00;19.89248380678185;;;;;;;
2022-07-08 16:00:00;22.2329180332583;;;;;;;
2022-07-08 17:00:00;20.89043711701821;;;;;;;
2022-07-08 18:00:00;27.01998226514825;;;;;;;
2022-07-08 19:00:00;21.12530711377816;;;;;;;
2022-07-08 20:00:00;17.21142162787344;;;;;;;
2022-07-08 21:00:00;24.04178395150325;;;;;;;
2022-07-08 22:00:00;18.84748503789307;;;;;;;
2022-07-08 23:00:00;16.92224406914128;;;;;;;
2022-07-09 00:00:00;19.2772492288385;;;;;;;
2022-07-09 01:00:00;20.26359608205169;;;;;;;
2022-07-09 02:00:00;22.0846733166565;;;;;;;
2022-07-09 03:00:00;23.56156275422691;;;;;;;
2022-07-09 04:00:00;24.29728149414208;;;;;;;
2022-07-09 05:00:00;18.23172081349049;;;;;;;
2022-07-09 06:00:00;20.94115087410556;;;;;;;
2022-07-09 07:00:00;20.59565120995767;;;;;;;
2022-07-09 08:00:00;23.1374645260322;;;;;;;
2022-07-09 09:00:00;20.26840229686906;;;;;;;
2022-07-09 10:00:00;18.87061126264921;;;;;;;
2022-07-09 11:00:00;20.30438312928525;;;;;;;
2022-07-09 12:00:00;22.25431420013285;;;;;;;
2022-07-09 13:00:00;12.64649008408126;;;;;;;
2022-07-09 14:00:00;25.20339486502579;;;;;;;
2022-07-09 15:00:00;21.52609625536383;;;;;;;
2022-07-09 16:00:00;23.71429270529859;;;;;;;
2022-07-09 17:00:00;20.19644197442306;;;;;;;
2022-07-09 18:00:00;18.18155878779221;;;;;;;
2022-07-09 19:00:00;24.33903515161411;;;;;;;
2022-07-09 20:00:00;20.52116668249511;;;;;;;
2022-07-09 21:00:00;25.18211732152422;;;;;;;
2022-07-09 22:00:00;18.68284815480851;;;;;;;
2022-07-09 23:00:00;24.58773893825632;;;;;;;
2022-07-10 00:00:00;20.11280874330764;;;;;;;
2022-07-10 01:00:00;17.03483905870805;;;;;;;
2022-07-10 02:00:00;20.53328620339584;;;;;;;
2022-07-10 03:00:00;16.42189676540528;;;;;;;
2022-07-10 04:00:00;25.29467708077084;;;;;;;
2022-07-10 05:00:00;22.5654409780118;;;;;;;
2022-07-10 06:00:00;16.57054272862256;;;;;;;
2022-07-10 07:00:00;22.79677916003084;;;;;;;
2022-07-10 08:00:00;12.64901797343135;;;;;;;
2022-07-10 09:00:00;19.08217956116449;;;;;;;
2022-07-10 10:00:00;20.6082195456302;;;;;;;
2022-07-10 11:00:00;28.06511503806132;;;;;;;
2022-07-10 12:00:00;26.14580053132867;;;;;;;
2022-07-10 13:00:00;20.09497079364894;;;;;;;
2022-07-10 14:00:00;18.38960498627644;;;;;;;
2022-07-10 15:00:00;23.29512466527411;;;;;;;
2022-07-10 16:00:00;17.22477596756188;;;;;;;
2022-07-10 17:00:00;22.53670633844679;;;;;;;
2022-07-10 18:00:00;19.4777991751182;;;;;;;
2022-07-10 19:00:00;24.12568168656659;;;;;;;
2022-07-10 20:00:00;20.00963754114897;;;;;;;
2022-07-10 21:00:00;18.79572921386414;;;;;;;
2022-07-10 22:00:00;24.06472552353664;;;;;;;
2022-07-10 23:00:00;21.39601094528726;;;;;;;
2022-07-11 00:00:00;17.46688219420398;;;;;;;
2022-07-11 01:00:00;26.67610805698485;;;;;;;
2022-07-11 02:00:00;22.33599655921516;;;;;;;
2022-07-11 03:00:00;17.90134528845982;;;;;;;
2022-07-11 04:00:00;15.76817674013692;;;;;;;
2022-07-11 05:00:00;24.07432272397678;;;;;;;
2022-07-11 06:00:00;18.94363350403879;;;;;;;
2022-07-11 07:00:00;18.16496788231679;;;;;;;
2022-07-11 08:00:00;25.48309704200252;;;;;;;
2022-07-11 09:00:00;21.29267656305732;;;;;;;
2022-07-11 10:00:00;17.1217268665824;;;;;;;
2022-07-11 11:00:00;20.07602590711101;;;;;;;
2022-07-11 12:00:00;17.66365355747608;;;;;;;
2022-07-11 13:00:00;24.26017063788044;;;;;;;
2022-07-11 14:00:00;23.43533225830743;;;;;;;
2022-07-11 15:00:00;20.18052258551332;;;;;;;
2022-07-11 16:00:00;18.74803071185016;;;;;;;
2022-07-11 17:00:00;17.74957145066133;;;;;;;
2022-07-11 18:00:00;17.57602680993637;;;;;;;
2022-07-11 19:00:00;25.65452659442623;;;;;;;
2022-07-11 20:00:00;17.96417141264482;;;;;;;
2022-07-11 21:00:00;19.31250165275352;;;;;;;
2022-07-11 22:00:00;23.31743141227839;;;;;;;
2022-07-11 23:00:00;16.24871296444528;;;;;;;
2022-07-12 00:00:00;15.22293621629282;;;;;;;
2022-07-12 01:00:00;21.15314822720005;;;;;;;
2022-07-12 02:00:00;19.96513356044971;;;;;;;
2022-07-12 03:00:00;17.99325981419474;;;;;;;
2022-07-12 04:00:00;17.97261121150271;;;;;;;
2022-07-12 05:00:00;18.88171851734561;;;;;;;
2022-07-12 06:00:00;21.05282102492699;;;;;;;
2022-07-12 07:00:00;20.02158477224197;;;;;;;
2022-07-12 08:00:00;21.26571741558766;;;;;;;
2022-07-12 09:00:00;25.73121589508675;;;;;;;
2022-07-12 10:00:00;22.00889841885991;;;;;;;
2022-07-12 11:00:00;19.98200662527024;;;;;;;
2022-07-12 12:00:00;17.08646079004122;;;;;;;
2022-07-12 13:00:00;17.339080566625;;;;;;;
2022-07-12 14:00:00;20.89934683128877;;;;;;;
2022-07-12 15:00:00;24.32864155193139;;;;;;;
2022-07-12 16:00:00;23.52714395968314;;;;;;;
2022-07-12 17:00:00;25.54222505630977;;;;;;;
2022-07-12 18:00:00;17.16245183587883;;;;;;;
2022-07-12 19:00:00;24.72306765800268;;;;;;;
2022-07-12 20:00:00;20.14457270510376;;;;;;;
2022-07-12 21:00:00;22.66864655249211;;;;;;;
2022-07-12 22:00:00;25.80643377716528;;;;;;;
2022-07-12 23:00:00;20.15314008225948;;;;;;;
2022-07-13 00:00:00;19.89933312187275;;;;;;;
2022-07-13 01:00:00;17.81971310345849;;;;;;;
2022-07-13 02:00:00;23.08246356438895;;;;;;;
2022-07-13 03:00:00;14.86038362562642;;;;;;;
2022-07-13 04:00:00;20.73749940318966;;;;;;;
2022-07-13 05:00:00;21.11068167975947;;;;;;;
2022-07-13 06:00:00;21.72581012133544;;;;;;;
2022-07-13 07:00:00;21.30349343396801;;;;;;;
2022-07-13 08:00:00;21.41193340113777;;;;;;;
2022-07-13 09:00:00;23.70396982521655;;;;;;;
2022-07-13 10:00:00;19.80173480955638;;;;;;;
2022-07-13 11:00:00;21.87257272172583;;;;;;;
2022-07-13 12:00:00;18.63989795856302;;;;;;;
2022-07-13 13:00:00;24.37371405937472;;;;;;;
2022-07-13 14:00:00;20.71663000958026;;;;;;;
2022-07-13 15:00:00;20.51182945765257;;;;;;;
2022-07-13 16:00:00;20.13411900940394;;;;;;;
2022-07-13 17:00:00;23.49265229240818;;;;;;;
2022-07-13 18:00:00;25.94726586845041;;;;;;;
2022-07-13 19:00:00;20.42120242457337;;;;;;;
2022-07-13 20:00:00;18.07232859230274;;;;;;;
2022-07-13 21:00:00;17.08384600385117;;;;;;;
2022-07-13 22:00:00;22.86708515347348;;;;;;;
2022-07-13 23:00:00;21.55687093729698;;;;;;;
2022-07-14 00:00:00;22.09720266563109;;;;;;;
2022-07-14 01:00:00;22.89355805094948;;;;;;;
2022-07-14 02:00:00;19.01106699607341;;;;;;;
2022-07-14 03:00:00;27.87454872752551;;;;;;;
2022-07-14 04:00:00;21.98594618188038;;;;;;;
2022-07-14 05:00:00;21.29735836077374;;;;;;;
2022-07-14 06:00:00;16.15771252927183;;;;;;;
2022-07-14 07:00:00;20.63569516919226;;;;;;;
2022-07-14 08:00:00;19.52952599547865;;;;;;;
2022-07-14 09:00:00;23.50222222245528;;;;;;;
2022-07-14 10:00:00;21.84065385464854;;;;;;;
2022-07-14 11:00:00;28.42450043783744;;;;;;;
2022-07-14 12:00:00;20.47632291224965;;;;;;;
2022-07-14 13:00:00;21.26595755843788;;;;;;;
2022-07-14 14:00:00;18.93106392155721;;;;;;;
2022-07-14 15:00:00;22.77209493337809;;;;;;;
2022-07-14 16:00:00;25.01048191787859;;;;;;;
2022-07-14 17:00:00;19.57603429113878;;;;;;;
2022-07-14 18:00:00;21.6593682191874;;;;;;;
2022-07-14 19:00:00;19.93282803252722;;;;;;;
2022-07-14 20:00:00;23.610360993456;;;;;;;
2022-07-14 21:00:00;22.44967081660013;;;;;;;
2022-07-14 22:00:00;17.2971461212275;;;;;;;
2022-07-14 23:00:00;18.60005429300312;;;;;;;
2022-07-15 00:00:00;16.40055346235005;;;;;;;
2022-07-15 01:00:00;24.18857796133656;;;;;;;
2022-07-15 02:00:00;25.82653063785939;;;;;;;
2022-07-15 03:00:00;26.62754614092758;;;;;;;
2022-07-15 04:00:00;24.44190038593715;;;;;;;
2022-07-15 05:00:00;24.29602758762288;;;;;;;
2022-07-15 06:00:00;25.94264770349646;;;;;;;
2022-07-15 07:00:00;25.40673300038943;;;;;;;
2022-07-15 08:00:00;23.73404861746489;;;;;;;
2022-07-15 09:00:00;20.14092751741073;;;;;;;
2022-07-15 10:00:00;26.64609653225719;;;;;;;
2022-07-15 11:00:00;17.07204736186896;;;;;;;
2022-07-15 12:00:00;24.05038636454132;;;;;;;
2022-07-15 13:00:00;22.15963086163808;;;;;;;
2022-07-15 14:00:00;20.84316794874917;;;;;;;
2022-07-15 15:00:00;22.5339300191798;;;;;;;
2022-07-15 16:00:00;19.20159680829186;;;;;;;
2022-07-15 17:00:00;20.6501927820627;;;;;;;
2022-07-15 18:00:00;15.64857591238652;;;;;;;
2022-07-15 19:00:00;19.2022748073261;;;;;;;
2022-07-15 20:00:00;13.10808175215043;;;;;;;
2022-07-15 21:00:00;19.2688475007392;;;;;;;
2022-07-15 22:00:00;21.35052634414394;;;;;;;
2022-07-15 23:00:00;18.11210729821612;;;;;;;
2022-07-16 00:00:00;23.50117186416281;;;;;;;
2022-07-16 01:00:00;28.46684029777745;;;;;;;
2022-07-16 02:00:00;18.30536211196909;;;;;;;
2022-07-16 03:00:00;19.93730962523184;;;;;;;
2022-07-16 04:00:00;21.50558237210951;;;;;;;
2022-07-16 05:00:00;25.75046465418916;;;;;;;
2022-07-16 06:00:00;23.77566367608431;;;;;;;
2022-07-16 07:00:00;19.80469804041617;;;;;;;
2022-07-16 08:00:00;25.20269755604756;;;;;;;
2022-07-16 09:00:00;23.81329333618208;;;;;;;
2022-07-16 10:00:00;16.19860276789643;;;;;;;
2022-07-16 11:00:00;23.10438533239989;;;;;;;
2022-07-16 12:00:00;25.6057075551605;;;;;;;
2022-07-16 13:00:00;21.90908818333198;;;;;;;
2022-07-16 14:00:00;19.87240406744485;;;;;;;
2022-07-16 15:00:00;18.84979443200301;;;;;;;
2022-07-16 16:00:00;18.81537310906927;;;;;;;
2022-07-16 17:00:00;20.39817822658955;;;;;;;
2022-07-16 18:00:00;19.80663948259691;;;;;;;
2022-07-16 19:00:00;27.11055243305406;;;;;;;
2022-07-16 20:00:00;23.75799693081414;;;;;;;
2022-07-16 21:00:00;21.31764656140184;;;;;;;
2022-07-16 22:00:00;22.64849147459626;;;;;;;
2022-07-16 23:00:00;21.36954701886413;;;;;;;
2022-07-17 00:00:00;18.63229421294779;;;;;;;
2022-07-17 01:00:00;23.50648585629948;;;;;;;
2022-07-17 02:00:00;20.31802158949137;;;;;;;
2022-07-17 03:00:00;14.91671953893815;;;;;;;
2022-07-17 04:00:00;24.86907613835485;;;;;;;
2022-07-17 05:00:00;19.88665382633393;;;;;;;
2022-07-17 06:00:00;23.483047209277;;;;;;;
2022-07-17 07:00:00;19.46696641095247;;;;;;;
2022-07-17 08:00:00;20.61735730184721;;;;;;;
2022-07-17 09:00:00;21.75358736907866;;;;;;;
2022-07-17 10:00:00;25.64346850967869;;;;;;;
2022-07-17 11:00:00;24.75912305484567;;;;;;;
2022-07-17 12:00:00;21.1165894981175;;;;;;;
2022-07-17 13:00:00;24.95308739443077;;;;;;;
2022-07-17 14:00:00;24.95517005817439;;;;;;;
2022-07-17 15:00:00;23.3660460176218;;;;;;;
2022-07-17 16:00:00;21.96263657329855;;;;;;;
2022-07-17 17:00:00;23.41822002294425;;;;;;;
2022-07-17 18:00:00;14.90674339782871;;;;;;;
2022-07-17 19:00:00;21.54801495865798;;;;;;;
2022-07-17 20:00:00;28.3779912837414;;;;;;;
2022-07-17 21:00:00;20.52491528017243;;;;;;;
2022-07-17 22:00:00;24.13732619681449;;;;;;;
2022-07-17 23:00:00;21.35769744296627;;;;;;;
2022-07-18 00:00:00;18.9730734425608;;;;;;;
2022-07-18 01:00:00;22.29801989449049;;;;;;;
2022-07-18 02:00:00;21.06203626217191;;;;;;;
2022-07-18 03:00:00;26.52065527869981;;;;;;;
2022-07-18 04:00:00;16.63283714350419;;;;;;;
2022-07-18 05:00:00;20.13745651325225;;;;;;;
2022-07-18 06:00:00;18.4052620535639;;;;;;;
2022-07-18 07:00:00;23.27298277412134;;;;;;;
2022-07-18 08:00:00;21.30964733374238;;;;;;;
2022-07-18 09:00:00;25.59305551452776;;;;;;;
2022-07-18 10:00:00;26.50181772493848;;;;;;;
2022-07-18 11:00:00;21.37252210111562;;;;;;;
2022-07-18 12:00:00;20.74334958155907;;;;;;;
2022-07-18 13:00:00;17.1519092610266;;;;;;;
2022-07-18 14:00:00;25.86377685972047;;;;;;;
2022-07-18 15:00:00;22.17795214891519;;;;;;;
2022-07-18 16:00:00;20.76859829457228;;;;;;;
2022-07-18 17:00:00;22.9521954940817;;;;;;;
2022-07-18 18:00:00;22.8731951213039;;;;;;;
2022-07-18 19:00:00;21.46170753526;;;;;;;
2022-07-18 20:00:00;22.24936927042277;;;;;;;
2022-07-18 21:00:00;21.85731578939052;;;;;;;
2022-07-18 22:00:00;19.41015231612266;;;;;;;
2022-07-18 23:00:00;21.55353498751336;;;;;;;
2022-07-19 00:00:00;23.39432587559059;;;;;;;
2022-07-19 01:00:00;21.95844839866043;;;;;;;
2022-07-19 02:00:00;24.94112389816416;;;;;;;
2022-07-19 03:00:00;19.96496240348639;;;;;;;
2022-07-19 04:00:00;15.9491020501633;;;;;;;
2022-07-19 05:00:00;30.7707693128529;;;;;;;
2022-07-19 06:00:00;21.8783546608429;;;;;;;
2022-07-19 07:00:00;23.51600923160947;;;;;;;
2022-07-19 08:00:00;23.46848348333839;;;;;;;
2022-07-19 09:00:00;13.19282862767979;;;;;;;
2022-07-19 10:00:00;21.10144991100725;;;;;;;
2022-07-19 11:00:00;19.08059545381692;;;;;;;
2022-07-19 12:00:00;24.9663498443803;;;;;;;
2022-07-19 13:00:00;24.05452851142724;;;;;;;
2022-07-19 14:00:00;25.86812198922289;;;;;;;
2022-07-19 15:00:00;19.11137614957961;;;;;;;
2022-07-19 16:00:00;22.95562183999183;;;;;;;
2022-07-19 17:00:00;20.67965587150931;;;;;;;
2022-07-19 18:00:00;24.48223669365915;;;;;;;
2022-07-19 19:00:00;20.01586307159106;;;;;;;
2022-07-19 20:00:00;30.26191031697109;;;;;;;
2022-07-19 21:00:00;24.67429102558679;;;;;;;
2022-07-19 22:00:00;18.60950852596423;;;;;;;
2022-07-19 23:00:00;17.55532682219908;;;;;;;
2022-07-20 00:00:00;21.71050226190336;;;;;;;
2022-07-20 01:00:00;15.40347063007843;;;;;;;
2022-07-20 02:00:00;23.47934102302944;;;;;;;
2022-07-20 03:00:00;18.48750656869833;;;;;;;
2022-07-20 04:00:00;21.21562330775117;;;;;;;
2022-07-20 05:00:00;21.47894721525163;;;;;;;
2022-07-20 06:00:00;21.40276631176375;;;;;;;
2022-07-20 07:00:00;25.18267957794311;;;;;;;
2022-07-20 08:00:00;22.6284928903996;;;;;;;
2022-07-20 09:00:00;20.75844892904205;;;;;;;
2022-07-20 10:00:00;20.6932381487497;;;;;;;
2022-07-20 11:00:00;23.08535343999297;;;;;;;
2022-07-20 12:00:00;23.29729095380644;;;;;;;
2022-07-20 13:00:00;23.76442170770965;;;;;;;
2022-07-20 14:00:00;22.38819952578271;;;;;;;
2022-07-20 15:00:00;19.63161731379352;;;;;;;
2022-07-20 16:00:00;19.82198505947041;;;;;;;
2022-07-20 17:00:00;20.71672401117592;;;;;;;
2022-07-20 18:00:00;19.3362229389292;;;;;;;
2022-07-20 19:00:00;20.84833231416941;;;;;;;
2022-07-20 20:00:00;20.1524724846517;;;;;;;
2022-07-20 21:00:00;15.60423196800168;;;;;;;
2022-07-20 22:00:00;21.62451794916494;;;;;;;
2022-07-20 23:00:00;17.38409908005935;;;;;;;
2022-07-21 00:00:00;21.78656774773078;;;;;;;
2022-07-21 01:00:00;23.25095186766215;;;;;;;
2022-07-21 02:00:00;25.81251977768838;;;;;;;
2022-07-21 03:00:00;23.41858018899003;;;;;;;
2022-07-21 04:00:00;18.78924333768486;;;;;;;
2022-07-21 05:00:00;19.98148251827688;;;;;;;
2022-07-21 06:00:00;25.25338060094701;;;;;;;
2022-07-21 07:00:00;20.53058950642351;;;;;;;
2022-07-21 08:00:00;22.98635097159113;;;;;;;
2022-07-21 09:00:00;28.73087275957133;;;;;;;
2022-07-21 10:00:00;25.09870052987646;;;;;;;
2022-07-21 11:00:00;19.91478057911172;;;;;;;
2022-07-21 12:00:00;22.77045171002866;;;;;;;
2022-07-21 13:00:00;22.15358784879188;;;;;;;
2022-07-21 14:00:00;19.94585041449537;;;;;;;
2022-07-21 15:00:00;25.22796585987707;;;;;;;
2022-07-21 16:00:00;21.77872565683094;;;;;;;
2022-07-21 17:00:00;19.9073333290213;;;;;;;
2022-07-21 18:00:00;20.78387213702871;;;;;;;
2022-07-21 19:00:00;26.82748771552683;;;;;;;
2022-07-21 20:00:00;23.81728850730196;;;;;;;
2022-07-21 21:00:00;17.18786417073045;;;;;;;
2022-07-21 22:00:00;18.18105377248179;;;;;;;
2022-07-21 23:00:00;20.56251173280471;;;;;;;
2022-07-22 00:00:00;24.86984170752159;;;;;;;
2022-07-22 01:00:00;17.1737070336522;;;;;;;
2022-07-22 02:00:00;20.69945333808918;;;;;;;
2022-07-22 03:00:00;25.56696483356043;;;;;;;
2022-07-22 04:00:00;21.71758015012254;;;;;;;
2022-07-22 05:00:00;23.18581065426277;;;;;;;
2022-07-22 06:00:00;19.69938790705535;;;;;;;
2022-07-22 07:00:00;18.7569433375549;;;;;;;
2022-07-22 08:00:00;17.75201948385625;;;;;;;
2022-07-22 09:00:00;17.1425060499351;;;;;;;
2022-07-22 10:00:00;23.40737752752187;;;;;;;
2022-07-22 11:00:00;20.28357986613865;;;;;;;
2022-07-22 12:00:00;20.08357735521154;;;;;;;
2022-07-22 13:00:00;22.06797361135918;;;;;;;
2022-07-22 14:00:00;27.66118165182853;;;;;;;
2022-07-22 15:00:00;19.29966201444568;;;;;;;
2022-07-22 16:00:00;24.0090949579602;;;;;;;
2022-07-22 17:00:00;18.36440067724927;;;;;;;
2022-07-22 18:00:00;21.81067864167457;;;;;;;
2022-07-22 19:00:00;22.18863694784197;;;;;;;
2022-07-22 20:00:00;26.34592049939052;;;;;;;
2022-07-22 21:00:00;19.50999240141413;;;;;;;
2022-07-22 22:00:00;17.0310800257759;;;;;;;
2022-07-22 23:00:00;25.61836923079094;;;;;;;
2022-07-23 00:00:00;23.2401395299349;;;;;;;
2022-07-23 01:00:00;23.86746998318204;;;;;;;
2022-07-23 02:00:00;22.00227319296452;;;;;;;
2022-07-23 03:00:00;19.96054673182382;;;;;;;
2022-07-23 04:00:00;22.20117435832752;;;;;;;
2022-07-23 05:00:00;20.45240365364073;;;;;;;
2022-07-23 06:00:00;17.93873221357187;;;;;;;
2022-07-23 07:00:00;18.84100256747118;;;;;;;
2022-07-23 08:00:00;18.90186448444704;;;;;;;
2022-07-23 09:00:00;23.46152445954411;;;;;;;
2022-07-23 10:00:00;23.13766895099911;;;;;;;
2022-07-23 11:00:00;20.3457295610197;;;;;;;
2022-07-23 12:00:00;23.52683499896233;;;;;;;
2022-07-23 13:00:00;13.50096935235985;;;;;;;
2022-07-23 14:00:00;19.92244734671503;;;;;;;
2022-07-23 15:00:00;16.83659706409416;;;;;;;
2022-07-23 16:00:00;29.99208854299967;;;;;;;
2022-07-23 17:00:00;24.60961885582541;;;;;;;
2022-07-23 18:00:00;18.54942570727412;;;;;;;
2022-07-23 19:00:00;16.30347603573513;;;;;;;
2022-07-23 20:00:00;22.85091019713461;;;;;;;
2022-07-23 21:00:00;25.05378676477208;;;;;;;
2022-07-23 22:00:00;20.77659114415318;;;;;;;
2022-07-23 23:00:00;12.03920296110459;;;;;;;
2022-07-24 00:00:00;21.77386646240881;;;;;;;
2022-07-24 01:00:00;25.17248899915004;;;;;;;
2022-07-24 02:00:00;19.60367622780251;;;;;;;
2022-07-24 03:00:00;20.40723428657461;;;;;;;
2022-07-24 04:00:00;20.5034670275349;;;;;;;
2022-07-24 05:00:00;29.03479588543842;;;;;;;
2022-07-24 06:00:00;21.19265405125576;;;;;;;
2022-07-24 07:00:00;16.9478664418679;;;;;;;
2022-07-24 08:00:00;21.90933170408577;;;;;;;
2022-07-24 09:00:00;28.19627074068272;;;;;;;
2022-07-24 10:00:00;19.60183957349894;;;;;;;
2022-07-24 11:00:00;15.37024828300719;;;;;;;
2022-07-24 12:00:00;12.49228020885655;;;;;;;
2022-07-24 13:00:00;23.98486493556743;;;;;;;
2022-07-24 14:00:00;23.49003317144354;;;;;;;
2022-07-24 15:00:00;23.68394615845018;;;;;;;
2022-07-24 16:00:00;18.44878947681733;;;;;;;
2022-07-24 17:00:00;21.10777097735224;;;;;;;
2022-07-24 18:00:00;18.84465972667924;;;;;;;
2022-07-24 19:00:00;24.00640530917178;;;;;;;
2022-07-24 20:00:00;24.93569774408226;;;;;;;
2022-07-24 21:00:00;24.39869724709257;;;;;;;
2022-07-24 22:00:00;19.74350328362727;;;;;;;
2022-07-24 23:00:00;24.06925503862048;;;;;;;
2022-07-25 00:00:00;16.36383910647109;;;;;;;
2022-07-25 01:00:00;24.95301003136985;;;;;;;
2022-07-25 02:00:00;22.61063700835067;;;;;;;
2022-07-25 03:00:00;24.76458313629021;;;;;;;
2022-07-25 04:00:00;20.56380368319294;;;;;;;
2022-07-25 05:00:00;20.43869627273648;;;;;;;
2022-07-25 06:00:00;18.95179102168182;;;;;;;
2022-07-25 07:00:00;25.23168326836836;;;;;;;
2022-07-25 08:00:00;22.74129285188526;;;;;;;
2022-07-25 09:00:00;22.31033689575271;;;;;;;
2022-07-25 10:00:00;22.15341913998428;;;;;;;
2022-07-25 11:00:00;26.13721684218041;;;;;;;
2022-07-25 12:00:00;19.40812021765031;;;;;;;
2022-07-25 13:00:00;23.23157228110636;;;;;;;
2022-07-25 14:00:00;22.26648085893984;;;;;;;
2022-07-25 15:00:00;20.34235662886439;;;;;;;
2022-07-25 16:00:00;17.77551594655715;;;;;;;
2022-07-25 17:00:00;21.98897453352087;;;;;;;
2022-07-25 18:00:00;24.55931012619352;;;;;;;
2022-07-25 19:00:00;23.42580398217716;;;;;;;
2022-07-25 20:00:00;18.69953812185587;;;;;;;
2022-07-25 21:00:00;21.51059057731335;;;;;;;
2022-07-25 22:00:00;24.14017356151449;;;;;;;
2022-07-25 23:00:00;21.9935317195497;;;;;;;
2022-07-26 00:00:00;25.60215622828631;;;;;;;
2022-07-26 01:00:00;19.07047912370271;;;;;;;
2022-07-26 02:00:00;26.89443950276774;;;;;;;
2022-07-26 03:00:00;22.52460510042221;;;;;;;
2022-07-26 04:00:00;22.75436586274056;;;;;;;
2022-07-26 05:00:00;21.07503194698434;;;;;;;
2022-07-26 06:00:00;19.69360863985658;;;;;;;
2022-07-26 07:00:00;23.06377255348713;;;;;;;
2022-07-26 08:00:00;19.15780921495731;;;;;;;
2022-07-26 09:00:00;23.3342326114434;;;;;;;
2022-07-26 10:00:00;13.90951717089478;;;;;;;
2022-07-26 11:00:00;19.08142847820196;;;;;;;
2022-07-26 12:00:00;26.68925628249992;;;;;;;
2022-07-26 13:00:00;19.38927261822659;;;;;;;
2022-07-26 14:00:00;24.75593483108838;;;;;;;
2022-07-26 15:00:00;25.48883166018763;;;;;;;
2022-07-26 16:00:00;27.902109474147;;;;;;;
2022-07-26 17:00:00;20.61992749843729;;;;;;;
2022-07-26 18:00:00;17.38789874737799;;;;;;;
2022-07-26 19:00:00;22.94983625535275;;;;;;;
2022-07-26 20:00:00;22.12568436665194;;;;;;;
2022-07-26 21:00:00;17.39063073073733;;;;;;;
2022-07-26 22:00:00;21.29324435233286;;;;;;;
2022-07-26 23:00:00;22.06444932544404;;;;;;;
2022-07-27 00:00:00;25.4327383702391;;;;;;;
2022-07-27 01:00:00;19.65351139004249;;;;;;;
2022-07-27 02:00:00;19.87542237970749;;;;;;;
2022-07-27 03:00:00;20.34989294789291;;;;;;;
2022-07-27 04:00:00;20.66082419525344;;;;;;;
2022-07-27 05:00:00;16.80506926715621;;;;;;;
2022-07-27 06:00:00;17.65830759111865;;;;;;;
2022-07-27 07:00:00;19.18957827962851;;;;;;;
2022-07-27 08:00:00;24.74800890917995;;;;;;;
2022-07-27 09:00:00;24.89593720560369;;;;;;;
2022-07-27 10:00:00;21.13509736658978;;;;;;;
2022-07-27 11:00:00;23.77524515975669;;;;;;;
2022-07-27 12:00:00;20.8424698554843;;;;;;;
2022-07-27 13:00:00;15.52425657265797;;;;;;;
2022-07-27 14:00:00;22.0380577071923;;;;;;;
2022-07-27 15:00:00;18.3944016187223;;;;;;;
2022-07-27 16:00:00;21.37953269190165;;;;;;;
2022-07-27 17:00:00;16.18122439222992;;;;;;;
2022-07-27 18:00:00;27.44087217090156;;;;;;;
2022-07-27 19:00:00;25.19695344644636;;;;;;;
2022-07-27 20:00:00;18.53170509100498;;;;;;;
2022-07-27 21:00:00;23.65324311098398;;;;;;;
2022-07-27 22:00:00;27.12160289119356;;;;;;;
2022-07-27 23:00:00;23.96840136554781;;;;;;;
2022-07-28 00:00:00;11.29040323109085;;;;;;;
2022-07-28 01:00:00;19.88607824807996;;;;;;;
2022-07-28 02:00:00;22.41926175480454;;;;;;;
2022-07-28 03:00:00;24.318290169551;;;;;;;
2022-07-28 04:00:00;12.29203392708969;;;;;;;
2022-07-28 05:00:00;20.4476832637173;;;;;;;
2022-07-28 06:00:00;16.71998587977941;;;;;;;
2022-07-28 07:00:00;17.09459064625241;;;;;;;
2022-07-28 08:00:00;23.58622327214039;;;;;;;
2022-07-28 09:00:00;26.37020416179888;;;;;;;
2022-07-28 10:00:00;18.27535203406638;;;;;;;
2022-07-28 11:00:00;17.89561318724213;;;;;;;
2022-07-28 12:00:00;18.60318339411872;;;;;;;
2022-07-28 13:00:00;22.498912240267;;;;;;;
2022-07-28 14:00:00;28.68879005491857;;;;;;;
2022-07-28 15:00:00;21.79835193323704;;;;;;;
2022-07-28 16:00:00;21.81076167058976;;;;;;;
2022-07-28 17:00:00;15.484321208844;;;;;;;
2022-07-28 18:00:00;25.24362002090011;;;;;;;
2022-07-28 19:00:00;25.92751400830214;;;;;;;
2022-07-28 20:00:00;20.15795799089474;;;;;;;
2022-07-28 21:00:00;16.66964204531572;;;;;;;
2022-07-28 22:00:00;22.21286604807391;;;;;;;
2022-07-28 23:00:00;18.65639014136159;;;;;;;
2022-07-29 00:00:00;19.6754461687898;;;;;;;
2022-07-29 01:00:00;22.83455642644913;;;;;;;
2022-07-29 02:00:00;21.94988714230866;;;;;;;
2022-07-29 03:00:00;21.54627713673565;;;;;;;
2022-07-29 04:00:00;21.31498210416983;;;;;;;
2022-07-29 05:00:00;31.56967762675095;;;;;;;
2022-07-29 06:00:00;24.71184548411558;;;;;;;
2022-07-29 07:00:00;23.54636857694478;;;;;;;
2022-07-29 08:00:00;19.43497860326186;;;;;;;
2022-07-29 09:00:00;23.58800202560858;;;;;;;
2022-07-29 10:00:00;26.05032461815328;;;;;;;
2022-07-29 11:00:00;21.72963896259531;;;;;;;
2022-07-29 12:00:00;26.41113325386282;;;;;;;
2022-07-29 13:00:00;27.03312854697038;;;;;;;
2022-07-29 14:00:00;20.50470110722572;;;;;;;
2022-07-29 15:00:00;25.67759659315088;;;;;;;
2022-07-29 16:00:00;20.37782823944236;;;;;;;
2022-07-29 17:00:00;25.57733330786398;;;;;;;
2022-07-29 18:00:00;20.54892759221933;;;;;;;
2022-07-29 19:00:00;22.22013586575402;;;;;;;
2022-07-29 20:00:00;20.79328074952532;;;;;;;
2022-07-29 21:00:00;17.1341249964118;;;;;;;
2022-07-29 22:00:00;22.63149225932186;;;;;;;
2022-07-29 23:00:00;24.06667177780986;;;;;;;
2022-07-30 00:00:00;16.31781572584809;;;;;;;
2022-07-30 01:00:00;19.68354978336458;;;;;;;
2022-07-30 02:00:00;24.49860830410141;;;;;;;
2022-07-30 03:00:00;24.44737337096002;;;;;;;
2022-07-30 04:00:00;19.45510332034888;;;;;;;
2022-07-30 05:00:00;18.13779634864828;;;;;;;
2022-07-30 06:00:00;12.30436089148003;;;;;;;
2022-07-30 07:00:00;23.51334347522088;;;;;;;
2022-07-30 08:00:00;17.85515152222876;;;;;;;
2022-07-30 09:00:00;20.24518120094752;;;;;;;
2022-07-30 10:00:00;25.23996321662666;;;;;;;
2022-07-30 11:00:00;20.40508569178979;;;;;;;
2022-07-30 12:00:00;24.3875715358554;;;;;;;
2022-07-30 13:00:00;16.15084629424063;;;;;;;
2022-07-30 14:00:00;22.54842098509588;;;;;;;
2022-07-30 15:00:00;19.56855680675045;;;;;;;
2022-07-30 16:00:00;23.44923021057991;;;;;;;
2022-07-30 17:00:00;19.13867374593055;;;;;;;
2022-07-30 18:00:00;19.49722276945756;;;;;;;
2022-07-30 19:00:00;17.97243615416627;;;;;;;
2022-07-30 20:00:00;20.6612851910455;;;;;;;
2022-07-30 21:00:00;19.50608348501014;;;;;;;
2022-07-30 22:00:00;15.88869943199826;;;;;;;
2022-07-30 23:00:00;19.58469312597834;;;;;;;
2022-07-31 00:00:00;23.93077408876021;;;;;;;
2022-07-31 01:00:00;17.19039301938976;;;;;;;
2022-07-31 02:00:00;23.76925832005591;;;;;;;
2022-07-31 03:00:00;28.38443290022177;;;;;;;
2022-07-31 04:00:00;23.24248717313352;;;;;;;
2022-07-31 05:00:00;14.59110687893041;;;;;;;
2022-07-31 06:00:00;25.63660469575412;;;;;;;
2022-07-31 07:00:00;22.34802893369863;;;;;;;
2022-07-31 08:00:00;20.86615814070775;;;;;;;
2022-07-31 09:00:00;25.52070040063872;;;;;;;
2022-07-31 10:00:00;19.43577060184457;;;;;;;
2022-07-31 11:00:00;21.13457999744077;;;;;;;
2022-07-31 12:00:00;19.41394690563948;;;;;;;
2022-07-31 13:00:00;27.13600264055985;;;;;;;
2022-07-31 14:00:00;23.1394422049736;;;;;;;
2022-07-31 15:00:00;21.02398388767618;;;;;;;
2022-07-31 16:00:00;18.55266565199893;;;;;;;
2022-07-31 17:00:00;18.65444567663548;;;;;;;
2022-07-31 18:00:00;24.34555133970839;;;;;;;
2022-07-31 19:00:00;22.06870012809736;;;;;;;
2022-07-31 20:00:00;18.94562516207002;;;;;;;
2022-07-31 21:00:00;24.05179563323065;;;;;;;
2022-07-31 22:00:00;26.52120550076156;;;;;;;
2022-07-31 23:00:00;23.28917660155787;;;;;;;
2022-08-01 00:00:00;20.37993232268969;;;;;;;
2022-08-01 01:00:00;18.42596605702533;;;;;;;
2022-08-01 02:00:00;20.97378066680888;;;;;;;
2022-08-01 03:00:00;18.32971572197151;;;;;;;
2022-08-01 04:00:00;12.79124114988303;;;;;;;
2022-08-01 05:00:00;18.93114487379025;;;;;;;
2022-08-01 06:00:00;18.68105706695723;;;;;;;
2022-08-01 07:00:00;16.75016299263479;;;;;;;
2022-08-01 08:00:00;19.69882806569422;;;;;;;
2022-08-01 09:00:00;17.13050602745379;;;;;;;
2022-08-01 10:00:00;24.74427771055111;;;;;;;
2022-08-01 11:00:00;21.17593830035906;;;;;;;
2022-08-01 12:00:00;18.42851779134323;;;;;;;
2022-08-01 13:00:00;19.76855469832455;;;;;;;
2022-08-01 14:00:00;21.01291415394705;;;;;;;
2022-08-01 15:00:00;24.8880857145385;;;;;;;
2022-08-01 16:00:00;20.04347838689447;;;;;;;
2022-08-01 17:00:00;18.19901876127187;;;;;;;
2022-08-01 18:00:00;24.77096731527789;;;;;;;
2022-08-01 19:00:00;18.24611534878117;;;;;;;
2022-08-01 20:00:00;26.57322242259752;;;;;;;
2022-08-01 21:00:00;18.14472927304516;;;;;;;
2022-08-01 22:00:00;22.65523203847153;;;;;;;
2022-08-01 23:00:00;22.5745583893701;;;;;;;
2022-08-02 00:00:00;20.36162437520875;;;;;;;
2022-08-02 01:00:00;19.32334650839487;;;;;;;
2022-08-02 02:00:00;23.97785355093848;;;;;;;
2022-08-02 03:00:00;17.27641754779575;;;;;;;
2022-08-02 04:00:00;24.41723111991632;;;;;;;
2022-08-02 05:00:00;23.04815307220083;;;;;;;
2022-08-02 06:00:00;21.37124734063771;;;;;;;
2022-08-02 07:00:00;28.76187503411279;;;;;;;
2022-08-02 08:00:00;17.04789183443042;;;;;;;
2022-08-02 09:00:00;19.18284681019385;;;;;;;
2022-08-02 10:00:00;22.38508517456157;;;;;;;
2022-08-02 11:00:00;19.60464232159006;;;;;;;
2022-08-02 12:00:00;20.48293881400293;;;;;;;
2022-08-02 13:00:00;23.82112054870561;;;;;;;
2022-08-02 14:00:00;24.41556863266217;;;;;;;
2022-08-02 15:00:00;18.50074708959299;;;;;;;
2022-08-02 16:00:00;16.93708100298113;;;;;;;
2022-08-02 17:00:00;17.42940256578494;;;;;;;
2022-08-02 18:00:00;22.52583310826834;;;;;;;
2022-08-02 19:00:00;22.28302837442723;;;;;;;
2022-08-02 20:00:00;15.8657319726107;;;;;;;
2022-08-02 21:00:00;15.33850909643369;;;;;;;
2022-08-02 22:00:00;24.67676002759242;;;;;;;
2022-08-02 23:00:00;23.86001354128417;;;;;;;
2022-08-03 00:00:00;21.12645339810244;;;;;;;
2022-08-03 01:00:00;19.86862415195505;;;;;;;
2022-08-03 02:00:00;17.43921398696072;;;;;;;
2022-08-03 03:00:00;26.30587858392551;;;;;;;
2022-08-03 04:00:00;17.98033340471744;;;;;;;
2022-08-03 05:00:00;17.84861524611765;;;;;;;
2022-08-03 06:00:00;21.53786008227552;;;;;;;
2022-08-03 07:00:00;19.01066616280169;;;;;;;
2022-08-03 08:00:00;22.49413099592362;;;;;;;
2022-08-03 09:00:00;14.06998830477531;;;;;;;
2022-08-03 10:00:00;28.73596163327638;;;;;;;
2022-08-03 11:00:00;18.76184782811233;;;;;;;
2022-08-03 12:00:00;21.79418936557241;;;;;;;
2022-08-03 13:00:00;19.38548417958376;;;;;;;
2022-08-03 14:00:00;13.92144256208398;;;;;;;
2022-08-03 15:00:00;18.22321511314826;;;;;;;
2022-08-03 16:00:00;21.59433312877061;;;;;;;
2022-08-03 17:00:00;23.63717333560005;;;;;;;
2022-08-03 18:00:00;20.70776776819906;;;;;;;
2022-08-03 19:00:00;21.39355166091746;;;;;;;
2022-08-03 20:00:00;18.64439853416686;;;;;;;
2022-08-03 21:00:00;22.33323899668264;;;;;;;
2022-08-03 22:00:00;21.92823856004909;;;;;;;
2022-08-03 23:00:00;15.09627870587212;;;;;;;
2022-08-04 00:00:00;22.97650987949213;;;;;;;
2022-08-04 01:00:00;18.54377748057168;;;;;;;
2022-08-04 02:00:00;20.66124725803841;;;;;;;
2022-08-04 03:00:00;19.7797899373428;;;;;;;
2022-08-04 04:00:00;26.36413438361972;;;;;;;
2022-08-04 05:00:00;20.28944730458865;;;;;;;
2022-08-04 06:00:00;18.91553473174562;;;;;;;
2022-08-04 07:00:00;19.37505587300538;;;;;;;
2022-08-04 08:00:00;23.26502485735136;;;;;;;
2022-08-04 09:00:00;15.88391162469852;;;;;;;
2022-08-04 10:00:00;20.44796368402939;;;;;;;
2022-08-04 11:00:00;21.7045071756894;;;;;;;
2022-08-04 12:00:00;25.82320054654812;;;;;;;
2022-08-04 13:00:00;23.28123177185161;;;;;;;
2022-08-04 14:00:00;25.17983072088284;;;;;;;
2022-08-04 15:00:00;15.00003355172848;;;;;;;
2022-08-04 16:00:00;21.13825076974647;;;;;;;
2022-08-04 17:00:00;20.75241697743273;;;;;;;
2022-08-04 18:00:00;21.19621997727223;;;;;;;
2022-08-04 19:00:00;19.66607502100372;;;;;;;
2022-08-04 20:00:00;15.00002389902107;;;;;;;
2022-08-04 21:00:00;17.55294722846426;;;;;;;
2022-08-04 22:00:00;17.41489686091771;;;;;;;
2022-08-04 23:00:00;18.56344424224941;;;;;;;
2022-08-05 00:00:00;18.70051472118199;;;;;;;
2022-08-05 01:00:00;21.34224919579861;;;;;;;
2022-08-05 02:00:00;24.34543691975037;;;;;;;
2022-08-05 03:00:00;20.21069091421898;;;;;;;
2022-08-05 04:00:00;22.16042994828727;;;;;;;
2022-08-05 05:00:00;16.4560077700117;;;;;;;
2022-08-05 06:00:00;20.33109989775442;;;;;;;
2022-08-05 07:00:00;26.84063147476667;;;;;;;
2022-08-05 08:00:00;23.0920702201526;;;;;;;
2022-08-05 09:00:00;16.45195895497745;;;;;;;
2022-08-05 10:00:00;23.97552160206877;;;;;;;
2022-08-05 11:00:00;20.50531430049748;;;;;;;
2022-08-05 12:00:00;17.97548671376656;;;;;;;
2022-08-05 13:00:00;23.91383028181997;;;;;;;
2022-08-05 14:00:00;19.05045268016384;;;;;;;
2022-08-05 15:00:00;23.97256523437669;;;;;;;
2022-08-05 16:00:00;14.93581471064602;;;;;;;
2022-08-05 17:00:00;25.95303660071136;;;;;;;
2022-08-05 18:00:00;19.98136000185099;;;;;;;
2022-08-05 19:00:00;20.92556025467194;;;;;;;
2022-08-05 20:00:00;21.25843819673297;;;;;;;
2022-08-05 21:00:00;24.43593318325728;;;;;;;
2022-08-05 22:00:00;22.8794284621267;;;;;;;
2022-08-05 23:00:00;22.89417109635558;;;;;;;
2022-08-06 00:00:00;19.21489852411383;;;;;;;
2022-08-06 01:00:00;27.90221622202069;;;;;;;
2022-08-06 02:00:00;18.44818077564125;;;;;;;
2022-08-06 03:00:00;20.03156854256535;;;;;;;
2022-08-06 04:00:00;24.0418626672124;;;;;;;
2022-08-06 05:00:00;15.75520204511696;;;;;;;
2022-08-06 06:00:00;20.60349331131258;;;;;;;
2022-08-06 07:00:00;23.28919753926447;;;;;;;
2022-08-06 08:00:00;25.47079607504481;;;;;;;
2022-08-06 09:00:00;23.35648597549259;;;;;;;
2022-08-06 10:00:00;22.44872408961166;;;;;;;
2022-08-06 11:00:00;22.13520176872039;;;;;;;
2022-08-06 12:00:00;18.38155299304833;;;;;;;
2022-08-06 13:00:00;28.92409939510873;;;;;;;
2022-08-06 14:00:00;18.46808668656726;;;;;;;
2022-08-06 15:00:00;22.06180364754041;;;;;;;
2022-08-06 16:00:00;20.30965257748855;;;;;;;
2022-08-06 17:00:00;23.58279684390704;;;;;;;
2022-08-06 18:00:00;24.58034959413876;;;;;;;
2022-08-06 19:00:00;17.14805052943399;;;;;;;
2022-08-06 20:00:00;21.51182536496972;;;;;;;
2022-08-06 21:00:00;23.17040924155867;;;;;;;
2022-08-06 22:00:00;23.47161068162384;;;;;;;
2022-08-06 23:00:00;22.40704836803118;;;;;;;
2022-08-07 00:00:00;17.9279641876436;;;;;;;
2022-08-07 01:00:00;18.87231351984035;;;;;;;
2022-08-07 02:00:00;23.05886810567921;;;;;;;
2022-08-07 03:00:00;25.722449707812;;;;;;;
2022-08-07 04:00:00;16.88353205397064;;;;;;;
2022-08-07 05:00:00;15.8421555607831;;;;;;;
2022-08-07 06:00:00;16.69872742209958;;;;;;;
2022-08-07 07:00:00;21.72559001879781;;;;;;;
2022-08-07 08:00:00;22.18382364065626;;;;;;;
2022-08-07 09:00:00;18.62127285122218;;;;;;;
2022-08-07 10:00:00;27.90199027127033;;;;;;;
2022-08-07 11:00:00;21.44944208525205;;;;;;;
2022-08-07 12:00:00;21.77116367089387;;;;;;;
2022-08-07 13:00:00;20.16407748296207;;;;;;;
2022-08-07 14:00:00;19.49360166899005;;;;;;;
2022-08-07 15:00:00;19.29024062364756;;;;;;;
2022-08-07 16:00:00;21.75962482231197;;;;;;;
2022-08-07 17:00:00;21.94997293055068;;;;;;;
2022-08-07 18:00:00;17.55492885621718;;;;;;;
2022-08-07 19:00:00;27.16438716256611;;;;;;;
2022-08-07 20:00:00;20.22444530029868;;;;;;;
2022-08-07 21:00:00;23.0729125447166;;;;;;;
2022-08-07 22:00:00;20.33093823397159;;;;;;;
2022-08-07 23:00:00;19.37972951713577;;;;;;;
2022-08-08 00:00:00;19.84721116663733;;;;;;;
2022-08-08 01:00:00;22.58653036755802;;;;;;;
2022-08-08 02:00:00;19.6266250089709;;;;;;;
2022-08-08 03:00:00;15.24683764739999;;;;;;;
2022-08-08 04:00:00;21.68992933722656;;;;;;;
2022-08-08 05:00:00;16.0807383625863;;;;;;;
2022-08-08 06:00:00;17.76505247630644;;;;;;;
2022-08-08 07:00:00;22.61391686357863;;;;;;;
2022-08-08 08:00:00;24.30525374716352;;;;;;;
2022-08-08 09:00:00;23.7665180276213;;;;;;;
2022-08-08 10:00:00;19.47304797272864;;;;;;;
2022-08-08 11:00:00;21.06764333166239;;;;;;;
2022-08-08 12:00:00;19.0485725318408;;;;;;;
2022-08-08 13:00:00;19.83548033676916;;;;;;;
2022-08-08 14:00:00;23.75147330080551;;;;;;;
2022-08-08 15:00:00;23.79242259602704;;;;;;;
2022-08-08 16:00:00;20.14617784895096;;;;;;;
2022-08-08 17:00:00;24.3860001194435;;;;;;;
2022-08-08 18:00:00;19.62804978472639;;;;;;;
2022-08-08 19:00:00;16.84437185453673;;;;;;;
2022-08-08 20:00:00;14.12422784153797;;;;;;;
2022-08-08 21:00:00;21.32819777626361;;;;;;;
2022-08-08 22:00:00;14.68103242016622;;;;;;;
2022-08-08 23:00:00;21.82037414210311;;;;;;;
2022-08-09 00:00:00;22.61457062366653;;;;;;;
2022-08-09 01:00:00;16.37785653126044;;;;;;;
2022-08-09 02:00:00;18.87793074031691;;;;;;;
2022-08-09 03:00:00;19.93349418588694;;;;;;;
2022-08-09 04:00:00;18.91493297854478;;;;;;;
2022-08-09 05:00:00;21.56825438798277;;;;;;;
2022-08-09 06:00:00;18.74115349468783;;;;;;;
2022-08-09 07:00:00;13.7069291278854;;;;;;;
2022-08-09 08:00:00;22.00332336920621;;;;;;;
2022-08-09 09:00:00;17.2528820109136;;;;;;;
2022-08-09 10:00:00;23.33457405620908;;;;;;;
2022-08-09 11:00:00;27.29653849970783;;;;;;;
2022-08-09 12:00:00;19.67110094985452;;;;;;;
2022-08-09 13:00:00;20.79318086966126;;;;;;;
2022-08-09 14:00:00;20.59248022353986;;;;;;;
2022-08-09 15:00:00;17.16973720526524;;;;;;;
2022-08-09 16:00:00;21.04273734371922;;;;;;;
2022-08-09 17:00:00;21.89626373051786;;;;;;;
2022-08-09 18:00:00;15.73281891315326;;;;;;;
2022-08-09 19:00:00;19.50226456325988;;;;;;;
2022-08-09 20:00:00;19.45205428593741;;;;;;;
2022-08-09 21:00:00;22.66297651013791;;;;;;;
2022-08-09 22:00:00;23.08604053916749;;;;;;;
2022-08-09 23:00:00;24.42902514268927;;;;;;;
2022-08-10 00:00:00;28.23098553674212;;;;;;;
2022-08-10 01:00:00;22.11926524515606;;;;;;;
2022-08-10 02:00:00;16.7595092453127;;;;;;;
2022-08-10 03:00:00;18.51913826622051;;;;;;;
2022-08-10 04:00:00;18.47456043665679;;;;;;;
2022-08-10 05:00:00;18.33778835001831;;;;;;;
2022-08-10 06:00:00;21.32019365506931;;;;;;;
2022-08-10 07:00:00;29.73432538172771;;;;;;;
2022-08-10 08:00:00;23.4041617974357;;;;;;;
2022-08-10 09:00:00;19.40619591878229;;;;;;;
2022-08-10 10:00:00;21.89275346248519;;;;;;;
2022-08-10 11:00:00;21.39397324148918;;;;;;;
2022-08-10 12:00:00;21.43050178707911;;;;;;;
2022-08-10 13:00:00;20.05648779651706;;;;;;;
2022-08-10 14:00:00;19.56389737719448;;;;;;;
2022-08-10 15:00:00;19.49850503580865;;;;;;;
2022-08-10 16:00:00;22.38006347082597;;;;;;;
2022-08-10 17:00:00;19.72577773073364;;;;;;;
2022-08-10 18:00:00;16.0043449841857;;;;;;;
2022-08-10 19:00:00;26.81567502276675;;;;;;;
2022-08-10 20:00:00;21.7716983132101;;;;;;;
2022-08-10 21:00:00;20.49947255775184;;;;;;;
2022-08-10 22:00:00;19.50947531160683;;;;;;;
2022-08-10 23:00:00;21.7088452997557;;;;;;;
2022-08-11 00:00:00;19.84146260599852;;;;;;;
2022-08-11 01:00:00;15.91565710963391;;;;;;;
2022-08-11 02:00:00;15.66432013627979;;;;;;;
2022-08-11 03:00:00;21.04062241746277;;;;;;;
2022-08-11 04:00:00;16.15678093683729;;;;;;;
2022-08-11 05:00:00;23.70356836869153;;;;;;;
2022-08-11 06:00:00;17.4689531046575;;;;;;;
2022-08-11 07:00:00;28.13278253529062;;;;;;;
2022-08-11 08:00:00;19.66656943345854;;;;;;;
2022-08-11 09:00:00;26.4369453448127;;;;;;;
2022-08-11 10:00:00;22.78447779390475;;;;;;;
2022-08-11 11:00:00;24.42770534821122;;;;;;;
2022-08-11 12:00:00;18.57846902527472;;;;;;;
2022-08-11 13:00:00;16.92520321037312;;;;;;;
2022-08-11 14:00:00;17.96440476912494;;;;;;;
2022-08-11 15:00:00;23.25100578441013;;;;;;;
2022-08-11 16:00:00;17.40190035488581;;;;;;;
2022-08-11 17:00:00;24.52876670541671;;;;;;;
2022-08-11 18:00:00;21.4894039252829;;;;;;;
2022-08-11 19:00:00;21.60006814478287;;;;;;;
2022-08-11 20:00:00;25.81528580340425;;;;;;;
2022-08-11 21:00:00;20.78189858261656;;;;;;;
2022-08-11 22:00:00;22.36520685431886;;;;;;;
2022-08-11 23:00:00;18.55975003637622;;;;;;;
2022-08-12 00:00:00;19.70834779424046;;;;;;;
2022-08-12 01:00:00;17.84055211674766;;;;;;;
2022-08-12 02:00:00;25.3223892130077;;;;;;;
2022-08-12 03:00:00;22.70993541510385;;;;;;;
2022-08-12 04:00:00;17.16163176004656;;;;;;;
2022-08-12 05:00:00;20.86301312642201;;;;;;;
2022-08-12 06:00:00;19.26671308642057;;;;;;;
2022-08-12 07:00:00;22.39576030428145;;;;;;;
2022-08-12 08:00:00;23.42490731778495;;;;;;;
2022-08-12 09:00:00;17.56778606729217;;;;;;;
2022-08-12 10:00:00;22.35826035883224;;;;;;;
2022-08-12 11:00:00;17.00213979694385;;;;;;;
2022-08-12 12:00:00;25.51484247419429;;;;;;;
2022-08-12 13:00:00;26.69325412928619;;;;;;;
2022-08-12 14:00:00;20.25536880960981;;;;;;;
2022-08-12 15:00:00;19.60779649647668;;;;;;;
2022-08-12 16:00:00;20.91067769059104;;;;;;;
2022-08-12 17:00:00;22.4460436476767;;;;;;;
2022-08-12 18:00:00;20.70267585095708;;;;;;;
2022-08-12 19:00:00;19.57680284172068;;;;;;;
2022-08-12 20:00:00;24.39713197115756;;;;;;;
2022-08-12 21:00:00;19.3862641629614;;;;;;;
2022-08-12 22:00:00;22.28771525400853;;;;;;;
2022-08-12 23:00:00;14.04022382509313;;;;;;;
2022-08-13 00:00:00;15.92617263550495;;;;;;;
2022-08-13 01:00:00;21.29141943047481;;;;;;;
2022-08-13 02:00:00;25.05265877231886;;;;;;;
2022-08-13 03:00:00;23.02194618337701;;;;;;;
2022-08-13 04:00:00;23.03516542618052;;;;;;;
2022-08-13 05:00:00;19.16971719050752;;;;;;;
2022-08-13 06:00:00;20.70510388269498;;;;;;;
2022-08-13 07:00:00;13.41459361491454;;;;;;;
2022-08-13 08:00:00;25.14424237955991;;;;;;;
2022-08-13 09:00:00;21.48777577604757;;;;;;;
2022-08-13 10:00:00;21.59936185562562;;;;;;;
2022-08-13 11:00:00;24.99386432335934;;;;;;;
2022-08-13 12:00:00;22.26237359563746;;;;;;;
2022-08-13 13:00:00;22.67733622435881;;;;;;;
2022-08-13 14:00:00;19.27809394512817;;;;;;;
2022-08-13 15:00:00;22.20109387573063;;;;;;;
2022-08-13 16:00:00;19.51989540613209;;;;;;;
2022-08-13 17:00:00;19.94885649003799;;;;;;;
2022-08-13 18:00:00;15.97122654869914;;;;;;;
2022-08-13 19:00:00;18.33308437529279;;;;;;;
2022-08-13 20:00:00;24.00565490891474;;;;;;;
2022-08-13 21:00:00;17.48170054567425;;;;;;;
2022-08-13 22:00:00;29.21354626805944;;;;;;;
2022-08-13 23:00:00;25.53191145489772;;;;;;;
2022-08-14 00:00:00;25.4534779508159;;;;;;;
2022-08-14 01:00:00;18.04745969348083;;;;;;;
2022-08-14 02:00:00;20.58165503277224;;;;;;;
2022-08-14 03:00:00;24.72492379703082;;;;;;;
2022-08-14 04:00:00;20.76564021306412;;;;;;;
2022-08-14 05:00:00;22.35782196341274;;;;;;;
2022-08-14 06:00:00;25.49393703272002;;;;;;;
2022-08-14 07:00:00;21.79576031994137;;;;;;;
2022-08-14 08:00:00;23.53107752682926;;;;;;;
2022-08-14 09:00:00;24.61625418575893;;;;;;;
2022-08-14 10:00:00;21.41318287426045;;;;;;;
2022-08-14 11:00:00;21.63990809633504;;;;;;;
2022-08-14 12:00:00;19.37957848677225;;;;;;;
2022-08-14 13:00:00;19.94594305264205;;;;;;;
2022-08-14 14:00:00;20.50745223297141;;;;;;;
2022-08-14 15:00:00;18.65339285471991;;;;;;;
2022-08-14 16:00:00;22.07090706874761;;;;;;;
2022-08-14 17:00:00;20.51903946042226;;;;;;;
2022-08-14 18:00:00;23.83793654156239;;;;;;;
2022-08-14 19:00:00;24.38564910426999;;;;;;;
2022-08-14 20:00:00;23.02293622991522;;;;;;;
2022-08-14 21:00:00;25.12980266496514;;;;;;;
2022-08-14 22:00:00;27.0650006013008;;;;;;;
2022-08-14 23:00:00;22.83870730050507;;;;;;;
2022-08-15 00:00:00;21.34009477083927;;;;;;;
2022-08-15 01:00:00;22.14597751829942;;;;;;;
2022-08-15 02:00:00;16.2722645901584;;;;;;;
2022-08-15 03:00:00;17.39174027106903;;;;;;;
2022-08-15 04:00:00;23.91922920819957;;;;;;;
2022-08-15 05:00:00;20.70606451050478;;;;;;;
2022-08-15 06:00:00;20.44143378045449;;;;;;;
2022-08-15 07:00:00;19.31764076046464;;;;;;;
2022-08-15 08:00:00;20.95966003685622;;;;;;;
2022-08-15 09:00:00;19.62627952329537;;;;;;;
2022-08-15 10:00:00;18.10802625910864;;;;;;;
2022-08-15 11:00:00;17.50959573553169;;;;;;;
2022-08-15 12:00:00;26.23024183277197;;;;;;;
2022-08-15 13:00:00;18.09124600430239;;;;;;;
2022-08-15 14:00:00;16.48770077819963;;;;;;;
2022-08-15 15:00:00;19.68191341155986;;;;;;;
2022-08-15 16:00:00;18.61821339813008;;;;;;;
2022-08-15 17:00:00;25.55665425066005;;;;;;;
2022-08-15 18:00:00;25.75172145381681;;;;;;;
2022-08-15 19:00:00;23.62403619141383;;;;;;;
2022-08-15 20:00:00;19.96297126867088;;;;;;;
2022-08-15 21:00:00;21.10868957170216;;;;;;;
2022-08-15 22:00:00;21.93409456900779;;;;;;;
2022-08-15 23:00:00;19.61786954460296;;;;;;;
2022-08-16 00:00:00;18.35397320849836;;;;;;;
2022-08-16 01:00:00;22.55398867889904;;;;;;;
2022-08-16 02:00:00;27.97822361598304;;;;;;;
2022-08-16 03:00:00;20.92097677852922;;;;;;;
2022-08-16 04:00:00;17.27966828095953;;;;;;;
2022-08-16 05:00:00;21.48148756477038;;;;;;;
2022-08-16 06:00:00;23.55042144279667;;;;;;;
2022-08-16 07:00:00;20.61424614593357;;;;;;;
2022-08-16 08:00:00;25.26791921324437;;;;;;;
2022-08-16 09:00:00;21.00937016156761;;;;;;;
2022-08-16 10:00:00;25.01982818510358;;;;;;;
2022-08-16 11:00:00;18.54034296744634;;;;;;;
2022-08-16 12:00:00;24.35389805302842;;;;;;;
2022-08-16 13:00:00;22.52446055580159;;;;;;;
2022-08-16 14:00:00;21.95111170435885;;;;;;;
2022-08-16 15:00:00;21.21322651912058;;;;;;;
2022-08-16 16:00:00;20.21255788862313;;;;;;;
2022-08-16 17:00:00;22.3013493473476;;;;;;;
2022-08-16 18:00:00;20.11454778411255;;;;;;;
2022-08-16 19:00:00;23.13042716372822;;;;;;;
2022-08-16 20:00:00;21.45607852231674;;;;;;;
2022-08-16 21:00:00;20.70117703467612;;;;;;;
2022-08-16 22:00:00;19.39040660064926;;;;;;;
2022-08-16 23:00:00;21.19300362712539;;;;;;;
2022-08-17 00:00:00;27.6909403867648;;;;;;;
2022-08-17 01:00:00;23.22558168594192;;;;;;;
2022-08-17 02:00:00;15.9332722849433;;;;;;;
2022-08-17 03:00:00;24.12589948753729;;;;;;;
2022-08-17 04:00:00;16.51351103954424;;;;;;;
2022-08-17 05:00:00;20.41757485953263;;;;;;;
2022-08-17 06:00:00;20.98069885067339;;;;;;;
2022-08-17 07:00:00;19.08323416865301;;;;;;;
2022-08-17 08:00:00;17.16646136692243;;;;;;;
2022-08-17 09:00:00;15.69064107989178;;;;;;;
2022-08-17 10:00:00;21.6439740436514;;;;;;;
2022-08-17 11:00:00;17.98567913164215;;;;;;;
2022-08-17 12:00:00;16.7571290132997;;;;;;;
2022-08-17 13:00:00;19.90902707050741;;;;;;;
2022-08-17 14:00:00;23.05596493317173;;;;;;;
2022-08-17 15:00:00;18.72932112039792;;;;;;;
2022-08-17 16:00:00;19.57936080939361;;;;;;;
2022-08-17 17:00:00;25.37424107553023;;;;;;;
2022-08-17 18:00:00;15.07515634488166;;;;;;;
2022-08-17 19:00:00;21.47602815986989;;;;;;;
2022-08-17 20:00:00;22.61876099032499;;;;;;;
2022-08-17 21:00:00;23.28203668793438;;;;;;;
2022-08-17 22:00:00;19.39598849953877;;;;;;;
2022-08-17 23:00:00;26.22783516512411;;;;;;;
2022-08-18 00:00:00;17.27822505618047;;;;;;;
2022-08-18 01:00:00;15.54070671218091;;;;;;;
2022-08-18 02:00:00;15.68223862171719;;;;;;;
2022-08-18 03:00:00;19.40865653202556;;;;;;;
2022-08-18 04:00:00;21.08785606144304;;;;;;;
2022-08-18 05:00:00;22.45829213318775;;;;;;;
2022-08-18 06:00:00;16.23810964003964;;;;;;;
2022-08-18 07:00:00;18.21892361596289;;;;;;;
2022-08-18 08:00:00;17.82629791322044;;;;;;;
2022-08-18 09:00:00;22.96037266479979;;;;;;;
2022-08-18 10:00:00;17.98575145796065;;;;;;;
2022-08-18 11:00:00;17.20290391973211;;;;;;;
2022-08-18 12:00:00;24.68940169988879;;;;;;;
2022-08-18 13:00:00;24.32439974364267;;;;;;;
2022-08-18 14:00:00;23.51565216357865;;;;;;;
2022-08-18 15:00:00;21.32370185970158;;;;;;;
2022-08-18 16:00:00;18.58240543290456;;;;;;;
2022-08-18 17:00:00;26.02054635628263;;;;;;;
2022-08-18 18:00:00;21.11228373167849;;;;;;;
2022-08-18 19:00:00;27.06824753733268;;;;;;;
2022-08-18 20:00:00;16.16747889129619;;;;;;;
2022-08-18 21:00:00;21.25978617726531;;;;;;;
2022-08-18 22:00:00;14.40756836569428;;;;;;;
2022-08-18 23:00:00;25.04206211120161;;;;;;;
2022-08-19 00:00:00;22.74590221347835;;;;;;;
2022-08-19 01:00:00;25.02195165072493;;;;;;;
2022-08-19 02:00:00;21.38460965101102;;;;;;;
2022-08-19 03:00:00;13.53180148312228;;;;;;;
2022-08-19 04:00:00;21.6633905714477;;;;;;;
2022-08-19 05:00:00;23.33386893956274;;;;;;;
2022-08-19 06:00:00;17.96719459650564;;;;;;;
2022-08-19 07:00:00;22.70390080062789;;;;;;;
2022-08-19 08:00:00;25.58080088182717;;;;;;;
2022-08-19 09:00:00;15.56975311638991;;;;;;;
2022-08-19 10:00:00;20.30761478169294;;;;;;;
2022-08-19 11:00:00;19.22795109889157;;;;;;;
2022-08-19 12:00:00;17.01487819850579;;;;;;;
2022-08-19 13:00:00;30.10059322356088;;;;;;;
2022-08-19 14:00:00;17.75357910125219;;;;;;;
2022-08-19 15:00:00;10.03195599141821;;;;;;;
2022-08-19 16:00:00;23.20236792841189;;;;;;;
2022-08-19 17:00:00;23.30802803598478;;;;;;;
2022-08-19 18:00:00;17.50381484706245;;;;;;;
2022-08-19 19:00:00;18.09033955559589;;;;;;;
2022-08-19 20:00:00;24.90525239026199;;;;;;;
2022-08-19 21:00:00;22.7671788092838;;;;;;;
2022-08-19 22:00:00;22.33124629145094;;;;;;;
2022-08-19 23:00:00;24.37632767951097;;;;;;;
2022-08-20 00:00:00;20.95691925250187;;;;;;;
2022-08-20 01:00:00;30.65536171188015;;;;;;;
2022-08-20 02:00:00;24.8825637856589;;;;;;;
2022-08-20 03:00:00;21.73338702688007;;;;;;;
2022-08-20 04:00:00;20.298249324774;;;;;;;
2022-08-20 05:00:00;19.74654601733664;;;;;;;
2022-08-20 06:00:00;24.81098037545235;;;;;;;
2022-08-20 07:00:00;22.18096795552218;;;;;;;
2022-08-20 08:00:00;24.828840147124;;;;;;;
2022-08-20 09:00:00;22.70538384930677;;;;;;;
2022-08-20 10:00:00;22.92677778007024;;;;;;;
2022-08-20 11:00:00;21.36362301028491;;;;;;;
2022-08-20 12:00:00;21.04407551332366;;;;;;;
2022-08-20 13:00:00;17.57887407511422;;;;;;;
2022-08-20 14:00:00;24.38440171344311;;;;;;;
2022-08-20 15:00:00;19.70680139016413;;;;;;;
2022-08-20 16:00:00;21.71677779004382;;;;;;;
2022-08-20 17:00:00;23.13908740738973;;;;;;;
2022-08-20 18:00:00;19.75993523144079;;;;;;;
2022-08-20 19:00:00;22.69461666936336;;;;;;;
2022-08-20 20:00:00;17.29331612021254;;;;;;;
2022-08-20 21:00:00;21.97030715980807;;;;;;;
2022-08-20 22:00:00;23.1282852122575;;;;;;;
2022-08-20 23:00:00;22.35669565589578;;;;;;;
2022-08-21 00:00:00;20.61782522106169;;;;;;;
2022-08-21 01:00:00;23.09621231470278;;;;;;;
2022-08-21 02:00:00;24.6122607902106;;;;;;;
2022-08-21 03:00:00;25.17456598611259;;;;;;;
2022-08-21 04:00:00;20.46764217834411;;;;;;;
2022-08-21 05:00:00;15.21970517075625;;;;;;;
2022-08-21 06:00:00;22.05056997557311;;;;;;;
2022-08-21 07:00:00;22.86412474440927;;;;;;;
2022-08-21 08:00:00;19.89352181807653;;;;;;;
2022-08-21 09:00:00;27.36255650721864;;;;;;;
2022-08-21 10:00:00;22.45094007891165;;;;;;;
2022-08-21 11:00:00;17.24910858770192;;;;;;;
2022-08-21 12:00:00;23.84302716239774;;;;;;;
2022-08-21 13:00:00;21.13477667355572;;;;;;;
2022-08-21 14:00:00;24.22852254176322;;;;;;;
2022-08-21 15:00:00;23.90568217986586;;;;;;;
2022-08-21 16:00:00;24.54746403553661;;;;;;;
2022-08-21 17:00:00;23.36833070269783;;;;;;;
2022-08-21 18:00:00;18.72879334417792;;;;;;;
2022-08-21 19:00:00;19.27908863008669;;;;;;;
2022-08-21 20:00:00;22.93356712842831;;;;;;;
2022-08-21 21:00:00;22.49009860311813;;;;;;;
2022-08-21 22:00:00;17.9099597250681;;;;;;;
2022-08-21 23:00:00;21.39273132747555;;;;;;;
2022-08-22 00:00:00;24.14183808879146;;;;;;;
2022-08-22 01:00:00;21.38629684218575;;;;;;;
2022-08-22 02:00:00;23.25164666860469;;;;;;;
2022-08-22 03:00:00;30.50099382958479;;;;;;;
2022-08-22 04:00:00;19.35708836746745;;;;;;;
2022-08-22 05:00:00;21.60879237466274;;;;;;;
2022-08-22 06:00:00;24.42204443701984;;;;;;;
2022-08-22 07:00:00;14.45066780001348;;;;;;;
2022-08-22 08:00:00;19.11229377667935;;;;;;;
2022-08-22 09:00:00;24.16591612069911;;;;;;;
2022-08-22 10:00:00;19.91302214673307;;;;;;;
2022-08-22 11:00:00;22.98898600699693;;;;;;;
2022-08-22 12:00:00;22.31880049299281;;;;;;;
2022-08-22 13:00:00;22.76839756651492;;;;;;;
2022-08-22 14:00:00;21.76713253142819;;;;;;;
2022-08-22 15:00:00;20.43777025243615;;;;;;;
2022-08-22 16:00:00;16.39146636157464;;;;;;;
2022-08-22 17:00:00;20.68741735292796;;;;;;;
2022-08-22 18:00:00;24.76645083999083;;;;;;;
2022-08-22 19:00:00;20.85114351571739;;;;;;;
2022-08-22 20:00:00;19.95278326524662;;;;;;;
2022-08-22 21:00:00;15.71185548341131;;;;;;;
2022-08-22 22:00:00;20.36009898320612;;;;;;;
2022-08-22 23:00:00;23.86239245259946;;;;;;;
2022-08-23 00:00:00;16.10117892285894;;;;;;;
2022-08-23 01:00:00;14.80406007009478;;;;;;;
2022-08-23 02:00:00;24.79174398131718;;;;;;;
2022-08-23 03:00:00;21.40068888881162;;;;;;;
2022-08-23 04:00:00;20.78069111479818;;;;;;;
2022-08-23 05:00:00;22.40391652759079;;;;;;;
2022-08-23 06:00:00;23.89395608406214;;;;;;;
2022-08-23 07:00:00;21.71363572412387;;;;;;;
2022-08-23 08:00:00;20.04774588942973;;;;;;;
2022-08-23 09:00:00;18.29186466917335;;;;;;;
2022-08-23 10:00:00;19.27830305377004;;;;;;;
2022-08-23 11:00:00;25.46907636032962;;;;;;;
2022-08-23 12:00:00;20.25392255721262;;;;;;;
2022-08-23 13:00:00;17.95089989011316;;;;;;;
2022-08-23 14:00:00;21.54405482890207;;;;;;;
2022-08-23 15:00:00;18.2309070428372;;;;;;;
2022-08-23 16:00:00;22.48492524957413;;;;;;;
2022-08-23 17:00:00;13.73425330310756;;;;;;;
2022-08-23 18:00:00;20.40285433544096;;;;;;;
2022-08-23 19:00:00;26.91730320872233;;;;;;;
2022-08-23 20:00:00;18.7365553413514;;;;;;;
2022-08-23 21:00:00;21.95986630036517;;;;;;;
2022-08-23 22:00:00;21.50905795868701;;;;;;;
2022-08-23 23:00:00;25.47429620949013;;;;;;;
2022-08-24 00:00:00;16.69324142097351;;;;;;;
2022-08-24 01:00:00;18.90110071909916;;;;;;;
2022-08-24 02:00:00;21.20106349659119;;;;;;;
2022-08-24 03:00:00;21.84078670419272;;;;;;;
2022-08-24 04:00:00;21.22663915700032;;;;;;;
2022-08-24 05:00:00;18.22262582360479;;;;;;;
2022-08-24 06:00:00;25.33206858014912;;;;;;;
2022-08-24 07:00:00;16.57148065918333;;;;;;;
2022-08-24 08:00:00;21.20246438613912;;;;;;;
2022-08-24 09:00:00;19.16680134599947;;;;;;;
2022-08-24 10:00:00;21.22672317514871;;;;;;;
2022-08-24 11:00:00;13.8883028431882;;;;;;;
2022-08-24 12:00:00;19.83376341257156;;;;;;;
2022-08-24 13:00:00;19.68160642199109;;;;;;;
2022-08-24 14:00:00;18.46491512185743;;;;;;;
2022-08-24 15:00:00;26.56800982521411;;;;;;;
2022-08-24 16:00:00;19.55326028074346;;;;;;;
2022-08-24 17:00:00;23.67077427799704;;;;;;;
2022-08-24 18:00:00;17.95369208392885;;;;;;;
2022-08-24 19:00:00;24.0033057630703;;;;;;;
2022-08-24 20:00:00;27.38565019236232;;;;;;;
2022-08-24 21:00:00;24.01455042423406;;;;;;;
2022-08-24 22:00:00;22.67796553958291;;;;;;;
2022-08-24 23:00:00;19.20953038709793;;;;;;;
2022-08-25 00:00:00;18.86115720042378;;;;;;;
2022-08-25 01:00:00;21.16814046771316;;;;;;;
2022-08-25 02:00:00;19.8582399460687;;;;;;;
2022-08-25 03:00:00;19.95631822264989;;;;;;;
2022-08-25 04:00:00;21.90075538952933;;;;;;;
2022-08-25 05:00:00;20.92830971903379;;;;;;;
2022-08-25 06:00:00;20.00587007224611;;;;;;;
2022-08-25 07:00:00;21.74494937577869;;;;;;;
2022-08-25 08:00:00;21.07152203347411;;;;;;;
2022-08-25 09:00:00;18.85624055480513;;;;;;;
2022-08-25 10:00:00;16.21533072129904;;;;;;;
2022-08-25 11:00:00;16.28425030843976;;;;;;;
2022-08-25 12:00:00;20.90392495948078;;;;;;;
2022-08-25 13:00:00;16.73983354569638;;;;;;;
2022-08-25 14:00:00;24.66996285053694;;;;;;;
2022-08-25 15:00:00;20.6266535673747;;;;;;;
2022-08-25 16:00:00;22.38226437610854;;;;;;;
2022-08-25 17:00:00;24.06818633059436;;;;;;;
2022-08-25 18:00:00;22.57652373135178;;;;;;;
2022-08-25 19:00:00;21.85723250080064;;;;;;;
2022-08-25 20:00:00;14.95462729295229;;;;;;;
2022-08-25 21:00:00;24.1135014364244;;;;;;;
2022-08-25 22:00:00;23.61234920185342;;;;;;;
2022-08-25 23:00:00;24.92974749576119;;;;;;;
2022-08-26 00:00:00;20.82186754092205;;;;;;;
2022-08-26 01:00:00;22.74318956970242;;;;;;;
2022-08-26 02:00:00;17.09216087309743;;;;;;;
2022-08-26 03:00:00;16.53196561272879;;;;;;;
2022-08-26 04:00:00;16.72432392977403;;;;;;;
2022-08-26 05:00:00;21.45141136379594;;;;;;;
2022-08-26 06:00:00;19.89068893748764;;;;;;;
2022-08-26 07:00:00;24.34856359481134;;;;;;;
2022-08-26 08:00:00;22.84069103705144;;;;;;;
2022-08-26 09:00:00;15.25914932034855;;;;;;;
2022-08-26 10:00:00;20.41607522549424;;;;;;;
2022-08-26 11:00:00;18.23189517722552;;;;;;;
2022-08-26 12:00:00;27.62126246332192;;;;;;;
2022-08-26 13:00:00;20.52418377493017;;;;;;;
2022-08-26 14:00:00;19.87973036766249;;;;;;;
2022-08-26 15:00:00;16.51739884104137;;;;;;;
2022-08-26 16:00:00;23.871825423185;;;;;;;
2022-08-26 17:00:00;26.34523246452586;;;;;;;
2022-08-26 18:00:00;23.62004939726366;;;;;;;
2022-08-26 19:00:00;18.24451123298021;;;;;;;
2022-08-26 20:00:00;20.6026467569368;;;;;;;
2022-08-26 21:00:00;22.32460513297275;;;;;;;
2022-08-26 22:00:00;23.78253945292455;;;;;;;
2022-08-26 23:00:00;21.06861531976368;;;;;;;
2022-08-27 00:00:00;25.20439501913454;;;;;;;
2022-08-27 01:00:00;23.79442225717652;;;;;;;
2022-08-27 02:00:00;23.87950779960354;;;;;;;
2022-08-27 03:00:00;26.1343074439514;;;;;;;
2022-08-27 04:00:00;25.19772247295611;;;;;;;
2022-08-27 05:00:00;16.62709089007759;;;;;;;
2022-08-27 06:00:00;20.03048256956856;;;;;;;
2022-08-27 07:00:00;25.38488462130059;;;;;;;
2022-08-27 08:00:00;30.44905230452063;;;;;;;
2022-08-27 09:00:00;24.09261007253104;;;;;;;
2022-08-27 10:00:00;20.48952421490131;;;;;;;
2022-08-27 11:00:00;22.31997805414674;;;;;;;
2022-08-27 12:00:00;16.95234095845505;;;;;;;
2022-08-27 13:00:00;15.54980860153339;;;;;;;
2022-08-27 14:00:00;18.91855002425983;;;;;;;
2022-08-27 15:00:00;22.33536090880893;;;;;;;
2022-08-27 16:00:00;22.27249905446593;;;;;;;
2022-08-27 17:00:00;21.30385903511648;;;;;;;
2022-08-27 18:00:00;19.48037820552182;;;;;;;
2022-08-27 19:00:00;24.76541171722316;;;;;;;
2022-08-27 20:00:00;20.15263790218814;;;;;;;
2022-08-27 21:00:00;20.96914601125488;;;;;;;
2022-08-27 22:00:00;23.21445185418063;;;;;;;
2022-08-27 23:00:00;20.20096119671372;;;;;;;
2022-08-28 00:00:00;23.2886271212584;;;;;;;
2022-08-28 01:00:00;22.23424600413135;;;;;;;
2022-08-28 02:00:00;18.26618609427027;;;;;;;
2022-08-28 03:00:00;21.69576512965795;;;;;;;
2022-08-28 04:00:00;22.85628326576555;;;;;;;
2022-08-28 05:00:00;20.72648086536942;;;;;;;
2022-08-28 06:00:00;29.7335869569625;;;;;;;
2022-08-28 07:00:00;19.98371575549193;;;;;;;
2022-08-28 08:00:00;18.49544600599674;;;;;;;
2022-08-28 09:00:00;23.93971575000411;;;;;;;
2022-08-28 10:00:00;21.39095529600193;;;;;;;
2022-08-28 11:00:00;18.95730474796319;;;;;;;
2022-08-28 12:00:00;23.58941060926621;;;;;;;
2022-08-28 13:00:00;24.02258135296698;;;;;;;
2022-08-28 14:00:00;21.98278344253263;;;;;;;
2022-08-28 15:00:00;23.01542545031007;;;;;;;
2022-08-28 16:00:00;20.03536742697846;;;;;;;
2022-08-28 17:00:00;26.8938953491834;;;;;;;
2022-08-28 18:00:00;16.24429303742813;;;;;;;
2022-08-28 19:00:00;17.15236557887313;;;;;;;
2022-08-28 20:00:00;23.56577603696903;;;;;;;
2022-08-28 21:00:00;23.89339088126269;;;;;;;
2022-08-28 22:00:00;19.86694624571407;;;;;;;
2022-08-28 23:00:00;16.67048844213543;;;;;;;
2022-08-29 00:00:00;18.42931525808426;;;;;;;
2022-08-29 01:00:00;18.9272152890188;;;;;;;
2022-08-29 02:00:00;16.44103547688896;;;;;;;
2022-08-29 03:00:00;23.86724518294428;;;;;;;
2022-08-29 04:00:00;19.53139535867035;;;;;;;
2022-08-29 05:00:00;21.24494086762995;;;;;;;
2022-08-29 06:00:00;22.03750136134225;;;;;;;
2022-08-29 07:00:00;21.98749822668053;;;;;;;
2022-08-29 08:00:00;18.9342223806111;;;;;;;
2022-08-29 09:00:00;25.95351026471393;;;;;;;
2022-08-29 10:00:00;21.02016345333449;;;;;;;
2022-08-29 11:00:00;22.7320481268303;;;;;;;
2022-08-29 12:00:00;23.92572602720111;;;;;;;
2022-08-29 13:00:00;18.22264515721855;;;;;;;
2022-08-29 14:00:00;23.93480979351696;;;;;;;
2022-08-29 15:00:00;24.58193999213182;;;;;;;
2022-08-29 16:00:00;18.05895711777306;;;;;;;
2022-08-29 17:00:00;17.4473829911499;;;;;;;
2022-08-29 18:00:00;23.58525744212234;;;;;;;
2022-08-29 19:00:00;19.72421613205268;;;;;;;
2022-08-29 20:00:00;23.23180195050382;;;;;;;
2022-08-29 21:00:00;16.84872974943811;;;;;;;
2022-08-29 22:00:00;19.37367836414173;;;;;;;
2022-08-29 23:00:00;23.71358563429154;;;;;;;
2022-08-30 00:00:00;18.44583890744453;;;;;;;
2022-08-30 01:00:00;17.73103508762242;;;;;;;
2022-08-30 02:00:00;20.49895979691483;;;;;;;
2022-08-30 03:00:00;20.04194928956541;;;;;;;
2022-08-30 04:00:00;19.84166823001775;;;;;;;
2022-08-30 05:00:00;26.18761077489365;;;;;;;
2022-08-30 06:00:00;26.26917955727999;;;;;;;
2022-08-30 07:00:00;23.26195021914142;;;;;;;
2022-08-30 08:00:00;18.68487300561555;;;;;;;
2022-08-30 09:00:00;24.09404863344937;;;;;;;
2022-08-30 10:00:00;17.55894376147907;;;;;;;
2022-08-30 11:00:00;23.98506345495649;;;;;;;
2022-08-30 12:00:00;22.9074268399755;;;;;;;
2022-08-30 13:00:00;23.44432522969148;;;;;;;
2022-08-30 14:00:00;23.32350616214458;;;;;;;
2022-08-30 15:00:00;21.081387255616;;;;;;;
2022-08-30 16:00:00;25.82541007220383;;;;;;;
2022-08-30 17:00:00;21.7176658847629;;;;;;;
2022-08-30 18:00:00;24.02487669836815;;;;;;;
2022-08-30 19:00:00;16.82149897834931;;;;;;;
2022-08-30 20:00:00;20.53516391629914;;;;;;;
2022-08-30 21:00:00;21.44099559884239;;;;;;;
2022-08-30 22:00:00;20.28839342685537;;;;;;;
2022-08-30 23:00:00;18.87133602165277;;;;;;;
2022-08-31 00:00:00;22.50194920712493;;;;;;;
2022-08-31 01:00:00;23.01671490771789;;;;;;;
2022-08-31 02:00:00;21.44426807428498;;;;;;;
2022-08-31 03:00:00;28.73292272163335;;;;;;;
2022-08-31 04:00:00;19.97998821583825;;;;;;;
2022-08-31 05:00:00;20.36188620171411;;;;;;;
2022-08-31 06:00:00;22.05034046945134;;;;;;;
2022-08-31 07:00:00;27.27218941717762;;;;;;;
2022-08-31 08:00:00;27.47664495424189;;;;;;;
2022-08-31 09:00:00;18.8204207146299;;;;;;;
2022-08-31 10:00:00;21.34429661068084;;;;;;;
2022-08-31 11:00:00;21.4004937652868;;;;;;;
2022-08-31 12:00:00;21.0677080444016;;;;;;;
2022-08-31 13:00:00;17.47877115900556;;;;;;;
2022-08-31 14:00:00;18.54317280754116;;;;;;;
2022-08-31 15:00:00;23.76881780303656;;;;;;;
2022-08-31 16:00:00;29.11721141520043;;;;;;;
2022-08-31 17:00:00;20.46203780061528;;;;;;;
2022-08-31 18:00:00;21.49830389604038;;;;;;;
2022-08-31 19:00:00;27.89093999656489;;;;;;;
2022-08-31 20:00:00;19.45488145297342;;;;;;;
2022-08-31 21:00:00;22.60510739591228;;;;;;;
2022-08-31 22:00:00;24.23839160526197;;;;;;;
2022-08-31 23:00:00;22.68046500658872;;;;;;;
2022-09-01 00:00:00;21.96904146287185;;;;;;;
2022-09-01 01:00:00;24.50835688357949;;;;;;;
2022-09-01 02:00:00;22.9642628843361;;;;;;;
2022-09-01 03:00:00;28.30187751874966;;;;;;;
2022-09-01 04:00:00;20.02667325738668;;;;;;;
2022-09-01 05:00:00;22.11657390460354;;;;;;;
2022-09-01 06:00:00;18.66948939121812;;;;;;;
2022-09-01 07:00:00;16.70097651314168;;;;;;;
2022-09-01 08:00:00;23.95550016996217;;;;;;;
2022-09-01 09:00:00;20.69789537070903;;;;;;;
2022-09-01 10:00:00;25.01729023337932;;;;;;;
2022-09-01 11:00:00;17.52155840258505;;;;;;;
2022-09-01 12:00:00;19.09746168126776;;;;;;;
2022-09-01 13:00:00;23.59269936026471;;;;;;;
2022-09-01 14:00:00;18.98117801131433;;;;;;;
2022-09-01 15:00:00;21.15725037365183;;;;;;;
2022-09-01 16:00:00;21.44754525258684;;;;;;;
2022-09-01 17:00:00;21.48099005470329;;;;;;;
2022-09-01 18:00:00;19.47585161917511;;;;;;;
2022-09-01 19:00:00;15.93343691251984;;;;;;;
2022-09-01 20:00:00;21.25787607146821;;;;;;;
2022-09-01 21:00:00;22.69366258122813;;;;;;;
2022-09-01 22:00:00;14.92863666677152;;;;;;;
2022-09-01 23:00:00;16.32299786751139;;;;;;;
2022-09-02 00:00:00;24.91847442994817;;;;;;;
2022-09-02 01:00:00;18.04159658832054;;;;;;;
2022-09-02 02:00:00;22.23931083360302;;;;;;;
2022-09-02 03:00:00;21.10002808212376;;;;;;;
2022-09-02 04:00:00;27.97271509688202;;;;;;;
2022-09-02 05:00:00;23.53943907750389;;;;;;;
2022-09-02 06:00:00;18.41961183343274;;;;;;;
2022-09-02 07:00:00;23.1574363741815;;;;;;;
2022-09-02 08:00:00;18.58940558433317;;;;;;;
2022-09-02 09:00:00;23.44036664852695;;;;;;;
2022-09-02 10:00:00;20.83966293056825;;;;;;;
2022-09-02 11:00:00;18.43657855789775;;;;;;;
2022-09-02 12:00:00;19.49722947032716;;;;;;;
2022-09-02 13:00:00;22.01357052603361;;;;;;;
2022-09-02 14:00:00;17.3187370244521;;;;;;;
2022-09-02 15:00:00;22.97687103618332;;;;;;;
2022-09-02 16:00:00;27.23015945292878;;;;;;;
2022-09-02 17:00:00;20.59704182332693;;;;;;;
2022-09-02 18:00:00;19.06463387727651;;;;;;;
2022-09-02 19:00:00;20.37875135234778;;;;;;;
2022-09-02 20:00:00;27.29887946431968;;;;;;;
2022-09-02 21:00:00;22.05185907415165;;;;;;;
2022-09-02 22:00:00;23.69087172160561;;;;;;;
2022-09-02 23:00:00;18.17457002063811;;;;;;;
2022-09-03 00:00:00;15.7477791172212;;;;;;;
2022-09-03 01:00:00;20.1694318830565;;;;;;;
2022-09-03 02:00:00;20.30651115111928;;;;;;;
2022-09-03 03:00:00;20.53177605093236;;;;;;;
2022-09-03 04:00:00;26.52558611017172;;;;;;;
2022-09-03 05:00:00;21.91593299172305;;;;;;;
2022-09-03 06:00:00;28.22694275500337;;;;;;;
2022-09-03 07:00:00;25.69660164337183;;;;;;;
2022-09-03 08:00:00;18.2816537137774;;;;;;;
2022-09-03 09:00:00;18.6502061185488;;;;;;;
2022-09-03 10:00:00;22.48241218546405;;;;;;;
2022-09-03 11:00:00;25.37260429575812;;;;;;;
2022-09-03 12:00:00;21.73912856961492;;;;;;;
2022-09-03 13:00:00;19.68363292921156;;;;;;;
2022-09-03 14:00:00;19.46855936503395;;;;;;;
2022-09-03 15:00:00;19.23112385832986;;;;;;;
2022-09-03 16:00:00;17.86874479236746;;;;;;;
2022-09-03 17:00:00;21.22688532977043;;;;;;;
2022-09-03 18:00:00;25.1843293408776;;;;;;;
2022-09-03 19:00:00;19.50941760185791;;;;;;;
2022-09-03 20:00:00;20.91622625028028;;;;;;;
2022-09-03 21:00:00;22.27162009190605;;;;;;;
2022-09-03 22:00:00;16.36222908326138;;;;;;;
2022-09-03 23:00:00;24.0601477856995;;;;;;;
2022-09-04 00:00:00;18.57938002260087;;;;;;;
2022-09-04 01:00:00;18.30981075110714;;;;;;;
2022-09-04 02:00:00;17.62417984782571;;;;;;;
2022-09-04 03:00:00;25.2700005226312;;;;;;;
2022-09-04 04:00:00;21.18676389498473;;;;;;;
2022-09-04 05:00:00;21.91207159671983;;;;;;;
2022-09-04 06:00:00;24.75833963473702;;;;;;;
2022-09-04 07:00:00;18.37406065297478;;;;;;;
2022-09-04 08:00:00;18.99240101213872;;;;;;;
2022-09-04 09:00:00;23.84231114573724;;;;;;;
2022-09-04 10:00:00;25.2045546005166;;;;;;;
2022-09-04 11:00:00;22.51478840918823;;;;;;;
2022-09-04 12:00:00;21.21373258909222;;;;;;;
2022-09-04 13:00:00;21.53840802162431;;;;;;;
2022-09-04 14:00:00;14.72475032309018;;;;;;;
2022-09-04 15:00:00;25.76557964947484;;;;;;;
2022-09-04 16:00:00;26.77081418484216;;;;;;;
2022-09-04 17:00:00;22.93435136263642;;;;;;;
2022-09-04 18:00:00;20.83873140460749;;;;;;;
2022-09-04 19:00:00;19.34339721760821;;;;;;;
2022-09-04 20:00:00;24.10225281430387;;;;;;;
2022-09-04 21:00:00;24.17102292290841;;;;;;;
2022-09-04 22:00:00;19.32301401987072;;;;;;;
2022-09-04 23:00:00;25.67257928087206;;;;;;;
2022-09-05 00:00:00;19.46769374577531;;;;;;;
2022-09-05 01:00:00;18.51163758337338;;;;;;;
2022-09-05 02:00:00;20.70510522551963;;;;;;;
2022-09-05 03:00:00;20.53835821161344;;;;;;;
2022-09-05 04:00:00;18.78215158697292;;;;;;;
2022-09-05 05:00:00;25.87450288487292;;;;;;;
2022-09-05 06:00:00;17.77979925673043;;;;;;;
2022-09-05 07:00:00;25.85185134536652;;;;;;;
2022-09-05 08:00:00;27.98455208638084;;;;;;;
2022-09-05 09:00:00;20.33103964629603;;;;;;;
2022-09-05 10:00:00;22.71736579178606;;;;;;;
2022-09-05 11:00:00;17.93163503840486;;;;;;;
2022-09-05 12:00:00;21.75037273151126;;;;;;;
2022-09-05 13:00:00;27.57520820636673;;;;;;;
2022-09-05 14:00:00;25.42708948494134;;;;;;;
2022-09-05 15:00:00;17.33578360968492;;;;;;;
2022-09-05 16:00:00;21.14835259839137;;;;;;;
2022-09-05 17:00:00;24.07916909919969;;;;;;;
2022-09-05 18:00:00;19.27390022368533;;;;;;;
2022-09-05 19:00:00;23.36482818231476;;;;;;;
2022-09-05 20:00:00;16.98204571667585;;;;;;;
2022-09-05 21:00:00;17.93544358370123;;;;;;;
2022-09-05 22:00:00;19.72290899298447;;;;;;;
2022-09-05 23:00:00;17.35342638551507;;;;;;;
2022-09-06 00:00:00;21.92032229914484;;;;;;;
2022-09-06 01:00:00;24.13767580976706;;;;;;;
2022-09-06 02:00:00;25.29054122805211;;;;;;;
2022-09-06 03:00:00;19.32040524761312;;;;;;;
2022-09-06 04:00:00;25.69176518961673;;;;;;;
2022-09-06 05:00:00;18.7225253429332;;;;;;;
2022-09-06 06:00:00;20.63133008362724;;;;;;;
2022-09-06 07:00:00;13.12905715717017;;;;;;;
2022-09-06 08:00:00;29.00229334607884;;;;;;;
2022-09-06 09:00:00;19.67568665589367;;;;;;;
2022-09-06 10:00:00;18.14835598337819;;;;;;;
2022-09-06 11:00:00;18.08108678791268;;;;;;;
2022-09-06 12:00:00;23.51540410711292;;;;;;;
2022-09-06 13:00:00;25.65885779334808;;;;;;;
2022-09-06 14:00:00;29.23900217152127;;;;;;;
2022-09-06 15:00:00;13.87633882348307;;;;;;;
2022-09-06 16:00:00;25.23779301557258;;;;;;;
2022-09-06 17:00:00;22.64684351920027;;;;;;;
2022-09-06 18:00:00;17.36673135387198;;;;;;;
2022-09-06 19:00:00;19.31115031556449;;;;;;;
2022-09-06 20:00:00;24.38520025205168;;;;;;;
2022-09-06 21:00:00;26.28617548865434;;;;;;;
2022-09-06 22:00:00;23.3705258165945;;;;;;;
2022-09-06 23:00:00;19.23225017905754;;;;;;;
2022-09-07 00:00:00;21.47817045531972;;;;;;;
2022-09-07 01:00:00;26.53188743928473;;;;;;;
2022-09-07 02:00:00;17.37814154562729;;;;;;;
2022-09-07 03:00:00;22.15339495643707;;;;;;;
2022-09-07 04:00:00;21.91873094335843;;;;;;;
2022-09-07 05:00:00;21.00582967736839;;;;;;;
2022-09-07 06:00:00;26.35913025912257;;;;;;;
2022-09-07 07:00:00;11.86681247002357;;;;;;;
2022-09-07 08:00:00;23.35840304443631;;;;;;;
2022-09-07 09:00:00;23.67042991624382;;;;;;;
2022-09-07 10:00:00;21.77780755208762;;;;;;;
2022-09-07 11:00:00;22.53421553590779;;;;;;;
2022-09-07 12:00:00;24.43691856172964;;;;;;;
2022-09-07 13:00:00;17.4732658239526;;;;;;;
2022-09-07 14:00:00;22.04450771466499;;;;;;;
2022-09-07 15:00:00;22.39814925838639;;;;;;;
2022-09-07 16:00:00;21.13825679931148;;;;;;;
2022-09-07 17:00:00;17.97505476371042;;;;;;;
2022-09-07 18:00:00;15.34116416891445;;;;;;;
2022-09-07 19:00:00;25.86515806425549;;;;;;;
2022-09-07 20:00:00;19.62721424243574;;;;;;;
2022-09-07 21:00:00;25.62412427285096;;;;;;;
2022-09-07 22:00:00;20.93767038373815;;;;;;;
2022-09-07 23:00:00;28.43348993753446;;;;;;;
2022-09-08 00:00:00;21.10657429634084;;;;;;;
2022-09-08 01:00:00;30.41896081079256;;;;;;;
2022-09-08 02:00:00;14.0828058247751;;;;;;;
2022-09-08 03:00:00;21.48110693216876;;;;;;;
2022-09-08 04:00:00;24.41917782561639;;;;;;;
2022-09-08 05:00:00;25.3062068488201;;;;;;;
2022-09-08 06:00:00;27.04141003193972;;;;;;;
2022-09-08 07:00:00;23.09519296150559;;;;;;;
2022-09-08 08:00:00;25.17059513776217;;;;;;;
2022-09-08 09:00:00;17.62762838117711;;;;;;;
2022-09-08 10:00:00;19.32647298924474;;;;;;;
2022-09-08 11:00:00;19.04944795680102;;;;;;;
2022-09-08 12:00:00;25.20080850992446;;;;;;;
2022-09-08 13:00:00;14.29393229289266;;;;;;;
2022-09-08 14:00:00;16.96809246612094;;;;;;;
2022-09-08 15:00:00;22.40413955727771;;;;;;;
2022-09-08 16:00:00;21.78920632202156;;;;;;;
2022-09-08 17:00:00;23.04121635248827;;;;;;;
2022-09-08 18:00:00;17.70006384309651;;;;;;;
2022-09-08 19:00:00;20.65350171993435;;;;;;;
2022-09-08 20:00:00;26.41868856880916;;;;;;;
2022-09-08 21:00:00;22.36853994876845;;;;;;;
2022-09-08 22:00:00;26.6134986327914;;;;;;;
2022-09-08 23:00:00;24.66052562640996;;;;;;;
2022-09-09 00:00:00;18.19896121484808;;;;;;;
2022-09-09 01:00:00;18.61621860966545;;;;;;;
2022-09-09 02:00:00;18.49043758369208;;;;;;;
2022-09-09 03:00:00;22.41464373664334;;;;;;;
2022-09-09 04:00:00;17.10313129372373;;;;;;;
2022-09-09 05:00:00;17.58563502910644;;;;;;;
2022-09-09 06:00:00;25.335951083272;;;;;;;
2022-09-09 07:00:00;20.75822862521235;;;;;;;
2022-09-09 08:00:00;21.01857668091953;;;;;;;
2022-09-09 09:00:00;17.29800870921936;;;;;;;
2022-09-09 10:00:00;23.03784184846912;;;;;;;
2022-09-09 11:00:00;23.87348722202884;;;;;;;
2022-09-09 12:00:00;23.19497180879272;;;;;;;
2022-09-09 13:00:00;17.70115984847187;;;;;;;
2022-09-09 14:00:00;20.42150596913321;;;;;;;
2022-09-09 15:00:00;19.92024620497081;;;;;;;
2022-09-09 16:00:00;22.66375811867309;;;;;;;
2022-09-09 17:00:00;23.64666636338007;;;;;;;
2022-09-09 18:00:00;17.60600342931599;;;;;;;
2022-09-09 19:00:00;15.85683024678607;;;;;;;
2022-09-09 20:00:00;21.43613647438092;;;;;;;
2022-09-09 21:00:00;21.048192515004;;;;;;;
2022-09-09 22:00:00;19.99906817387507;;;;;;;
2022-09-09 23:00:00;24.38460718930486;;;;;;;
2022-09-10 00:00:00;16.25868836818528;;;;;;;
2022-09-10 01:00:00;17.97286083149365;;;;;;;
2022-09-10 02:00:00;18.2242084308835;;;;;;;
2022-09-10 03:00:00;23.74644464586152;;;;;;;
2022-09-10 04:00:00;16.40650274761287;;;;;;;
2022-09-10 05:00:00;17.45697462198236;;;;;;;
2022-09-10 06:00:00;19.34556375743707;;;;;;;
2022-09-10 07:00:00;19.39621783147524;;;;;;;
2022-09-10 08:00:00;24.57066942589995;;;;;;;
2022-09-10 09:00:00;19.13922486607705;;;;;;;
2022-09-10 10:00:00;22.19291193618161;;;;;;;
2022-09-10 11:00:00;28.62341398746024;;;;;;;
2022-09-10 12:00:00;20.727780441745;;;;;;;
2022-09-10 13:00:00;18.1945876275907;;;;;;;
2022-09-10 14:00:00;22.62027436328041;;;;;;;
2022-09-10 15:00:00;18.31225591632908;;;;;;;
2022-09-10 16:00:00;23.21328198819436;;;;;;;
2022-09-10 17:00:00;17.39903960065203;;;;;;;
2022-09-10 18:00:00;23.50136234879644;;;;;;;
2022-09-10 19:00:00;24.12223133406197;;;;;;;
2022-09-10 20:00:00;21.34810935257607;;;;;;;
2022-09-10 21:00:00;17.3450807815739;;;;;;;
2022-09-10 22:00:00;19.41681692761025;;;;;;;
2022-09-10 23:00:00;23.37329899022148;;;;;;;
2022-09-11 00:00:00;20.70637386400615;;;;;;;
2022-09-11 01:00:00;20.98168317701376;;;;;;;
2022-09-11 02:00:00;18.66739472847767;;;;;;;
2022-09-11 03:00:00;22.76902835013388;;;;;;;
2022-09-11 04:00:00;24.69190767749483;;;;;;;
2022-09-11 05:00:00;22.63436608308748;;;;;;;
2022-09-11 06:00:00;18.61638177627976;;;;;;;
2022-09-11 07:00:00;22.67401831743729;;;;;;;
2022-09-11 08:00:00;20.5972184318137;;;;;;;
2022-09-11 09:00:00;27.48201034322831;;;;;;;
2022-09-11 10:00:00;19.54474434869873;;;;;;;
2022-09-11 11:00:00;29.38128000913297;;;;;;;
2022-09-11 12:00:00;19.78035042034163;;;;;;;
2022-09-11 13:00:00;21.98617855897846;;;;;;;
2022-09-11 14:00:00;20.98419958210032;;;;;;;
2022-09-11 15:00:00;15.74213496709998;;;;;;;
2022-09-11 16:00:00;17.36389312152075;;;;;;;
2022-09-11 17:00:00;24.74433787519539;;;;;;;
2022-09-11 18:00:00;29.47220942642702;;;;;;;
2022-09-11 19:00:00;21.62326634504965;;;;;;;
2022-09-11 20:00:00;19.40091170173705;;;;;;;
2022-09-11 21:00:00;16.32485992369109;;;;;;;
2022-09-11 22:00:00;19.54026935793491;;;;;;;
2022-09-11 23:00:00;24.83364218391673;;;;;;;
2022-09-12 00:00:00;25.35364810914106;;;;;;;
2022-09-12 01:00:00;25.44159204920417;;;;;;;
2022-09-12 02:00:00;21.33504253902313;;;;;;;
2022-09-12 03:00:00;20.38682161969434;;;;;;;
2022-09-12 04:00:00;23.92644764535473;;;;;;;
2022-09-12 05:00:00;24.48287708851118;;;;;;;
2022-09-12 06:00:00;16.42210726504998;;;;;;;
2022-09-12 07:00:00;20.30823785148273;;;;;;;
2022-09-12 08:00:00;15.23653285574375;;;;;;;
2022-09-12 09:00:00;14.21930875566971;;;;;;;
2022-09-12 10:00:00;20.57319209551956;;;;;;;
2022-09-12 11:00:00;23.92372516823407;;;;;;;
2022-09-12 12:00:00;22.2776389847917;;;;;;;
2022-09-12 13:00:00;22.74353014440059;;;;;;;
2022-09-12 14:00:00;18.37482059315701;;;;;;;
2022-09-12 15:00:00;27.3966413483494;;;;;;;
2022-09-12 16:00:00;20.27592022841501;;;;;;;
2022-09-12 17:00:00;19.09852289838454;;;;;;;
2022-09-12 18:00:00;22.68844414439605;;;;;;;
2022-09-12 19:00:00;21.96304406639161;;;;;;;
2022-09-12 20:00:00;21.10193632474597;;;;;;;
2022-09-12 21:00:00;22.81461940032277;;;;;;;
2022-09-12 22:00:00;18.55450323092587;;;;;;;
2022-09-12 23:00:00;12.89373748577675;;;;;;;
2022-09-13 00:00:00;19.12328315734475;;;;;;;
2022-09-13 01:00:00;23.07778508486433;;;;;;;
2022-09-13 02:00:00;25.03018021940965;;;;;;;
2022-09-13 03:00:00;19.5619977168758;;;;;;;
2022-09-13 04:00:00;19.00543856369753;;;;;;;
2022-09-13 05:00:00;23.08593847205867;;;;;;;
2022-09-13 06:00:00;19.82349911097057;;;;;;;
2022-09-13 07:00:00;16.42340091142948;;;;;;;
2022-09-13 08:00:00;21.83609710276875;;;;;;;
2022-09-13 09:00:00;20.64546513063585;;;;;;;
2022-09-13 10:00:00;24.04789279035232;;;;;;;
2022-09-13 11:00:00;26.44100936665908;;;;;;;
2022-09-13 12:00:00;20.38224662601638;;;;;;;
2022-09-13 13:00:00;23.91067788588375;;;;;;;
2022-09-13 14:00:00;20.83879504207514;;;;;;;
2022-09-13 15:00:00;15.76506946327614;;;;;;;
2022-09-13 16:00:00;16.23754798011582;;;;;;;
2022-09-13 17:00:00;25.5697137352568;;;;;;;
2022-09-13 18:00:00;23.61971066407093;;;;;;;
2022-09-13 19:00:00;15.28291399869145;;;;;;;
2022-09-13 20:00:00;18.98586012142129;;;;;;;
2022-09-13 21:00:00;24.18131388497949;;;;;;;
2022-09-13 22:00:00;18.51548366381347;;;;;;;
2022-09-13 23:00:00;22.01750057811029;;;;;;;
2022-09-14 00:00:00;22.89351444897466;;;;;;;
2022-09-14 01:00:00;16.78290384105289;;;;;;;
2022-09-14 02:00:00;23.71478076226676;;;;;;;
2022-09-14 03:00:00;21.11332117447305;;;;;;;
2022-09-14 04:00:00;25.46339840877372;;;;;;;
2022-09-14 05:00:00;21.95529757119268;;;;;;;
2022-09-14 06:00:00;20.67668147191109;;;;;;;
2022-09-14 07:00:00;22.7535017397482;;;;;;;
2022-09-14 08:00:00;23.70365792479303;;;;;;;
2022-09-14 09:00:00;22.94171569032635;;;;;;;
2022-09-14 10:00:00;20.61963027536985;;;;;;;
2022-09-14 11:00:00;18.03095144271748;;;;;;;
2022-09-14 12:00:00;19.24726616839314;;;;;;;
2022-09-14 13:00:00;25.02316463360689;;;;;;;
2022-09-14 14:00:00;20.42538509761833;;;;;;;
2022-09-14 15:00:00;24.04235208854873;;;;;;;
2022-09-14 16:00:00;21.2989069758126;;;;;;;
2022-09-14 17:00:00;22.71952395681403;;;;;;;
2022-09-14 18:00:00;23.44093008810616;;;;;;;
2022-09-14 19:00:00;24.5130304961258;;;;;;;
2022-09-14 20:00:00;26.40482169961795;;;;;;;
2022-09-14 21:00:00;27.03627729439285;;;;;;;
2022-09-14 22:00:00;18.09911823540751;;;;;;;
2022-09-14 23:00:00;22.03891147794564;;;;;;;
2022-09-15 00:00:00;21.67180829971594;;;;;;;
2022-09-15 01:00:00;26.17571616716281;;;;;;;
2022-09-15 02:00:00;28.28323800286855;;;;;;;
2022-09-15 03:00:00;17.00763505597515;;;;;;;
2022-09-15 04:00:00;21.58325302451579;;;;;;;
2022-09-15 05:00:00;18.48605909371811;;;;;;;
2022-09-15 06:00:00;24.39474332080902;;;;;;;
2022-09-15 07:00:00;21.15666956752985;;;;;;;
2022-09-15 08:00:00;22.9763421623774;;;;;;;
2022-09-15 09:00:00;20.15626668677067;;;;;;;
2022-09-15 10:00:00;20.84654980121388;;;;;;;
2022-09-15 11:00:00;25.46116135557967;;;;;;;
2022-09-15 12:00:00;20.68822767888881;;;;;;;
2022-09-15 13:00:00;26.76487615484988;;;;;;;
2022-09-15 14:00:00;23.33119870233594;;;;;;;
2022-09-15 15:00:00;23.60896700333025;;;;;;;
2022-09-15 16:00:00;27.64370304873237;;;;;;;
2022-09-15 17:00:00;13.58529825126334;;;;;;;
2022-09-15 18:00:00;23.95443112488747;;;;;;;
2022-09-15 19:00:00;27.4218373865565;;;;;;;
2022-09-15 20:00:00;27.46217425121281;;;;;;;
2022-09-15 21:00:00;22.66731958085703;;;;;;;
2022-09-15 22:00:00;15.37065371025692;;;;;;;
2022-09-15 23:00:00;21.46360153019121;;;;;;;
2022-09-16 00:00:00;20.13409828644353;;;;;;;
2022-09-16 01:00:00;15.12636930128393;;;;;;;
2022-09-16 02:00:00;20.30151190077505;;;;;;;
2022-09-16 03:00:00;21.92597183646148;;;;;;;
2022-09-16 04:00:00;22.14300842001606;;;;;;;
2022-09-16 05:00:00;23.21338337560639;;;;;;;
2022-09-16 06:00:00;23.81236059843372;;;;;;;
2022-09-16 07:00:00;12.56311533363496;;;;;;;
2022-09-16 08:00:00;15.71687303159786;;;;;;;
2022-09-16 09:00:00;16.80614177202814;;;;;;;
2022-09-16 10:00:00;18.94155955268882;;;;;;;
2022-09-16 11:00:00;20.61894886534491;;;;;;;
2022-09-16 12:00:00;20.2390268566818;;;;;;;
2022-09-16 13:00:00;17.99465361544121;;;;;;;
2022-09-16 14:00:00;24.60655747927099;;;;;;;
2022-09-16 15:00:00;23.21459132203126;;;;;;;
2022-09-16 16:00:00;26.85133677843334;;;;;;;
2022-09-16 17:00:00;23.94611837069207;;;;;;;
2022-09-16 18:00:00;24.53877999603222;;;;;;;
2022-09-16 19:00:00;26.59935659191492;;;;;;;
2022-09-16 20:00:00;20.10565311696186;;;;;;;
2022-09-16 21:00:00;21.6513139581692;;;;;;;
2022-09-16 22:00:00;22.55217562365134;;;;;;;
2022-09-16 23:00:00;24.55807291498799;;;;;;;
2022-09-17 00:00:00;25.19979470420033;;;;;;;
2022-09-17 01:00:00;25.15313946851986;;;;;;;
2022-09-17 02:00:00;26.68363991790288;;;;;;;
2022-09-17 03:00:00;16.5729622147711;;;;;;;
2022-09-17 04:00:00;25.48575494891707;;;;;;;
2022-09-17 05:00:00;19.34028072325497;;;;;;;
2022-09-17 06:00:00;19.62883325595299;;;;;;;
2022-09-17 07:00:00;19.22086172191733;;;;;;;
2022-09-17 08:00:00;16.92578341354582;;;;;;;
2022-09-17 09:00:00;21.42365041737809;;;;;;;
2022-09-17 10:00:00;20.76338069640014;;;;;;;
2022-09-17 11:00:00;23.92563104893541;;;;;;;
2022-09-17 12:00:00;24.13757341302387;;;;;;;
2022-09-17 13:00:00;23.77440338544872;;;;;;;
2022-09-17 14:00:00;19.28260341088151;;;;;;;
2022-09-17 15:00:00;23.59876533338625;;;;;;;
2022-09-17 16:00:00;15.30691197481155;;;;;;;
2022-09-17 17:00:00;13.37858127019378;;;;;;;
2022-09-17 18:00:00;23.59915530967874;;;;;;;
2022-09-17 19:00:00;20.3144579348149;;;;;;;
2022-09-17 20:00:00;26.30080473247595;;;;;;;
2022-09-17 21:00:00;17.98033864544566;;;;;;;
2022-09-17 22:00:00;20.90592981801334;;;;;;;
2022-09-17 23:00:00;23.70120728730342;;;;;;;
2022-09-18 00:00:00;27.20392131668699;;;;;;;
2022-09-18 01:00:00;17.27066259178905;;;;;;;
2022-09-18 02:00:00;18.50459668556595;;;;;;;
2022-09-18 03:00:00;22.18691784896172;;;;;;;
2022-09-18 04:00:00;21.6166058316609;;;;;;;
2022-09-18 05:00:00;28.89533223854551;;;;;;;
2022-09-18 06:00:00;22.99785274542172;;;;;;;
2022-09-18 07:00:00;17.77665848949393;;;;;;;
2022-09-18 08:00:00;29.42158964625397;;;;;;;
2022-09-18 09:00:00;25.91750969692147;;;;;;;
2022-09-18 10:00:00;23.50788935176211;;;;;;;
2022-09-18 11:00:00;16.94951927115713;;;;;;;
2022-09-18 12:00:00;19.86515433052128;;;;;;;
2022-09-18 13:00:00;22.50177603878194;;;;;;;
2022-09-18 14:00:00;26.35706938081252;;;;;;;
2022-09-18 15:00:00;23.10780853725426;;;;;;;
2022-09-18 16:00:00;20.66413196944929;;;;;;;
2022-09-18 17:00:00;17.40764885746898;;;;;;;
2022-09-18 18:00:00;20.02248074500597;;;;;;;
2022-09-18 19:00:00;23.31553638156484;;;;;;;
2022-09-18 20:00:00;19.4937147859706;;;;;;;
2022-09-18 21:00:00;22.12087363294989;;;;;;;
2022-09-18 22:00:00;17.81757477233129;;;;;;;
2022-09-18 23:00:00;23.33352540015725;;;;;;;
2022-09-19 00:00:00;25.75621571609787;;;;;;;
2022-09-19 01:00:00;19.69529091980955;;;;;;;
2022-09-19 02:00:00;21.15778721112318;;;;;;;
2022-09-19 03:00:00;18.80934956200898;;;;;;;
2022-09-19 04:00:00;18.70397556186788;;;;;;;
2022-09-19 05:00:00;22.96800682236098;;;;;;;
2022-09-19 06:00:00;26.23363644098937;;;;;;;
2022-09-19 07:00:00;18.37514316575589;;;;;;;
2022-09-19 08:00:00;21.97241586788827;;;;;;;
2022-09-19 09:00:00;21.93323562119366;;;;;;;
2022-09-19 10:00:00;24.58915317190961;;;;;;;
2022-09-19 11:00:00;23.30581543912323;;;;;;;
2022-09-19 12:00:00;21.53945088948219;;;;;;;
2022-09-19 13:00:00;18.43968770434207;;;;;;;
2022-09-19 14:00:00;19.4907989456487;;;;;;;
2022-09-19 15:00:00;20.38504978768234;;;;;;;
2022-09-19 16:00:00;23.44189153690165;;;;;;;
2022-09-19 17:00:00;16.37469341074454;;;;;;;
2022-09-19 18:00:00;18.23803620518537;;;;;;;
2022-09-19 19:00:00;20.88384933769808;;;;;;;
2022-09-19 20:00:00;17.44395382150459;;;;;;;
2022-09-19 21:00:00;22.37273867830528;;;;;;;
2022-09-19 22:00:00;21.16920485821301;;;;;;;
2022-09-19 23:00:00;18.66942091666474;;;;;;;
2022-09-20 00:00:00;20.26460613539394;;;;;;;
2022-09-20 01:00:00;23.84391491749808;;;;;;;
2022-09-20 02:00:00;22.44762924504122;;;;;;;
2022-09-20 03:00:00;24.71173081236554;;;;;;;
2022-09-20 04:00:00;22.19702535703289;;;;;;;
2022-09-20 05:00:00;18.9071662680323;;;;;;;
2022-09-20 06:00:00;20.55121791037288;;;;;;;
2022-09-20 07:00:00;19.705720848898;;;;;;;
2022-09-20 08:00:00;24.21927788518973;;;;;;;
2022-09-20 09:00:00;22.00370508153709;;;;;;;
2022-09-20 10:00:00;19.13774282252187;;;;;;;
2022-09-20 11:00:00;25.76679246277758;;;;;;;
2022-09-20 12:00:00;26.36096611725841;;;;;;;
2022-09-20 13:00:00;17.51945895666067;;;;;;;
2022-09-20 14:00:00;16.69921746068831;;;;;;;
2022-09-20 15:00:00;28.42684029316934;;;;;;;
2022-09-20 16:00:00;21.68844849392207;;;;;;;
2022-09-20 17:00:00;21.85119339623191;;;;;;;
2022-09-20 18:00:00;27.51019815931003;;;;;;;
2022-09-20 19:00:00;23.14130072861194;;;;;;;
2022-09-20 20:00:00;19.05451957561759;;;;;;;
2022-09-20 21:00:00;20.52062016926609;;;;;;;
2022-09-20 22:00:00;20.64960134492572;;;;;;;
2022-09-20 23:00:00;21.14226381324625;;;;;;;
2022-09-21 00:00:00;28.35462065913953;;;;;;;
2022-09-21 01:00:00;21.93464551542646;;;;;;;
2022-09-21 02:00:00;24.05251285488838;;;;;;;
2022-09-21 03:00:00;21.43173316726954;;;;;;;
2022-09-21 04:00:00;17.7741560139179;;;;;;;
2022-09-21 05:00:00;18.46313027686756;;;;;;;
2022-09-21 06:00:00;19.50681966458725;;;;;;;
2022-09-21 07:00:00;22.65869871486351;;;;;;;
2022-09-21 08:00:00;19.14663925362856;;;;;;;
2022-09-21 09:00:00;23.90529588112282;;;;;;;
2022-09-21 10:00:00;23.40919435515672;;;;;;;
2022-09-21 11:00:00;17.67167522388819;;;;;;;
2022-09-21 12:00:00;23.91286376584771;;;;;;;
2022-09-21 13:00:00;19.47780600465479;;;;;;;
2022-09-21 14:00:00;24.23267849319361;;;;;;;
2022-09-21 15:00:00;19.90766334931694;;;;;;;
2022-09-21 16:00:00;26.28678753136208;;;;;;;
2022-09-21 17:00:00;21.67159270608061;;;;;;;
2022-09-21 18:00:00;29.22513089621664;;;;;;;
2022-09-21 19:00:00;20.12275542852129;;;;;;;
2022-09-21 20:00:00;24.82541525059063;;;;;;;
2022-09-21 21:00:00;24.10086474303059;;;;;;;
2022-09-21 22:00:00;22.53237838489264;;;;;;;
2022-09-21 23:00:00;22.9202502350811;;;;;;;
2022-09-22 00:00:00;19.51216892456859;;;;;;;
2022-09-22 01:00:00;26.86129207778997;;;;;;;
2022-09-22 02:00:00;24.1172593923919;;;;;;;
2022-09-22 03:00:00;27.34992774099276;;;;;;;
2022-09-22 04:00:00;21.86091120587182;;;;;;;
2022-09-22 05:00:00;21.07759642881;;;;;;;
2022-09-22 06:00:00;16.60548600584535;;;;;;;
2022-09-22 07:00:00;27.32030674750139;;;;;;;
2022-09-22 08:00:00;20.99965314962483;;;;;;;
2022-09-22 09:00:00;17.13199262181883;;;;;;;
2022-09-22 10:00:00;21.03349668159824;;;;;;;
2022-09-22 11:00:00;18.52356370211764;;;;;;;
2022-09-22 12:00:00;21.61125775871751;;;;;;;
2022-09-22 13:00:00;26.91775428482055;;;;;;;
2022-09-22 14:00:00;20.58750078383066;;;;;;;
2022-09-22 15:00:00;26.23302536517028;;;;;;;
2022-09-22 16:00:00;24.73119537279201;;;;;;;
2022-09-22 17:00:00;21.41516741532467;;;;;;;
2022-09-22 18:00:00;14.93543393787968;;;;;;;
2022-09-22 19:00:00;21.56456716465347;;;;;;;
2022-09-22 20:00:00;18.64883217598299;;;;;;;
2022-09-22 21:00:00;27.30128812979885;;;;;;;
2022-09-22 22:00:00;25.21341450212367;;;;;;;
2022-09-22 23:00:00;23.82820454700119;;;;;;;
2022-09-23 00:00:00;17.99353311968868;;;;;;;
2022-09-23 01:00:00;23.30476896694166;;;;;;;
2022-09-23 02:00:00;22.84829033226838;;;;;;;
2022-09-23 03:00:00;24.29979811921925;;;;;;;
2022-09-23 04:00:00;17.95166323192337;;;;;;;
2022-09-23 05:00:00;20.49551398486603;;;;;;;
2022-09-23 06:00:00;24.64224379454872;;;;;;;
2022-09-23 07:00:00;17.83890061748195;;;;;;;
2022-09-23 08:00:00;20.65847872252981;;;;;;;
2022-09-23 09:00:00;30.52285435860456;;;;;;;
2022-09-23 10:00:00;20.96946237880831;;;;;;;
2022-09-23 11:00:00;18.86015401371344;;;;;;;
2022-09-23 12:00:00;23.30564435002416;;;;;;;
2022-09-23 13:00:00;20.2275809987089;;;;;;;
2022-09-23 14:00:00;25.4928967081883;;;;;;;
2022-09-23 15:00:00;21.84902620651824;;;;;;;
2022-09-23 16:00:00;26.20005015346996;;;;;;;
2022-09-23 17:00:00;25.41650184515726;;;;;;;
2022-09-23 18:00:00;25.08691160463528;;;;;;;
2022-09-23 19:00:00;15.60192997911813;;;;;;;
2022-09-23 20:00:00;21.54182172311704;;;;;;;
2022-09-23 21:00:00;25.85111225265094;;;;;;;
2022-09-23 22:00:00;18.55461089221923;;;;;;;
2022-09-23 23:00:00;14.77730470062047;;;;;;;
2022-09-24 00:00:00;19.80636799205037;;;;;;;
2022-09-24 01:00:00;22.00344983374481;;;;;;;
2022-09-24 02:00:00;19.95818367911107;;;;;;;
2022-09-24 03:00:00;21.88643510767943;;;;;;;
2022-09-24 04:00:00;11.87498403476993;;;;;;;
2022-09-24 05:00:00;17.68730414666267;;;;;;;
2022-09-24 06:00:00;19.8623153751891;;;;;;;
2022-09-24 07:00:00;24.25194394042401;;;;;;;
2022-09-24 08:00:00;17.95186751840783;;;;;;;
2022-09-24 09:00:00;19.47680048171009;;;;;;;
2022-09-24 10:00:00;20.9564062107305;;;;;;;
2022-09-24 11:00:00;26.48552692662389;;;;;;;
2022-09-24 12:00:00;22.00036639639165;;;;;;;
2022-09-24 13:00:00;23.07094951258131;;;;;;;
2022-09-24 14:00:00;19.4206077127419;;;;;;;
2022-09-24 15:00:00;19.13956742561463;;;;;;;
2022-09-24 16:00:00;9.963271211156053;;;;;;;
2022-09-24 17:00:00;19.34329559779365;;;;;;;
2022-09-24 18:00:00;17.51161255743456;;;;;;;
2022-09-24 19:00:00;11.83704587675265;;;;;;;
2022-09-24 20:00:00;20.73790507308656;;;;;;;
2022-09-24 21:00:00;16.19041638146584;;;;;;;
2022-09-24 22:00:00;23.4199095351352;;;;;;;
2022-09-24 23:00:00;17.56506966346265;;;;;;;
2022-09-25 00:00:00;19.25856478721558;;;;;;;
2022-09-25 01:00:00;22.35664218653912;;;;;;;
2022-09-25 02:00:00;16.22793472539787;;;;;;;
2022-09-25 03:00:00;17.77954005080536;;;;;;;
2022-09-25 04:00:00;16.97052357687911;;;;;;;
2022-09-25 05:00:00;22.92115788412559;;;;;;;
2022-09-25 06:00:00;20.74073710554422;;;;;;;
2022-09-25 07:00:00;15.1349358026947;;;;;;;
2022-09-25 08:00:00;23.90391392842979;;;;;;;
2022-09-25 09:00:00;18.65066130822582;;;;;;;
2022-09-25 10:00:00;27.30476557908731;;;;;;;
2022-09-25 11:00:00;23.03504833404732;;;;;;;
2022-09-25 12:00:00;24.45413362608573;;;;;;;
2022-09-25 13:00:00;22.16919050831696;;;;;;;
2022-09-25 14:00:00;16.39658262347114;;;;;;;
2022-09-25 15:00:00;20.77136336641697;;;;;;;
2022-09-25 16:00:00;23.06492119902289;;;;;;;
2022-09-25 17:00:00;21.61660053674277;;;;;;;
2022-09-25 18:00:00;19.81914484328225;;;;;;;
2022-09-25 19:00:00;20.28850684361153;;;;;;;
2022-09-25 20:00:00;22.06757256331863;;;;;;;
2022-09-25 21:00:00;21.64667257882108;;;;;;;
2022-09-25 22:00:00;26.30704325727556;;;;;;;
2022-09-25 23:00:00;24.54063563335998;;;;;;;
2022-09-26 00:00:00;24.27622793109089;;;;;;;
2022-09-26 01:00:00;18.47952141362106;;;;;;;
2022-09-26 02:00:00;19.56842124915192;;;;;;;
2022-09-26 03:00:00;19.99618654451971;;;;;;;
2022-09-26 04:00:00;19.73932783604198;;;;;;;
2022-09-26 05:00:00;22.63358709226819;;;;;;;
2022-09-26 06:00:00;14.08182377020193;;;;;;;
2022-09-26 07:00:00;20.05698732592845;;;;;;;
2022-09-26 08:00:00;21.58793117407424;;;;;;;
2022-09-26 09:00:00;20.08406355189686;;;;;;;
2022-09-26 10:00:00;24.93530423883451;;;;;;;
2022-09-26 11:00:00;22.69013321558174;;;;;;;
2022-09-26 12:00:00;20.76755846587775;;;;;;;
2022-09-26 13:00:00;22.280946255643;;;;;;;
2022-09-26 14:00:00;18.87853205355026;;;;;;;
2022-09-26 15:00:00;27.79559129926776;;;;;;;
2022-09-26 16:00:00;16.54245192847431;;;;;;;
2022-09-26 17:00:00;23.58186827677449;;;;;;;
2022-09-26 18:00:00;24.15996528082438;;;;;;;
2022-09-26 19:00:00;24.00891860369722;;;;;;;
2022-09-26 20:00:00;25.49222870326742;;;;;;;
2022-09-26 21:00:00;19.08860992383718;;;;;;;
2022-09-26 22:00:00;21.97877599725175;;;;;;;
2022-09-26 23:00:00;23.32425336198834;;;;;;;
2022-09-27 00:00:00;20.26812666423826;;;;;;;
2022-09-27 01:00:00;26.18839164679227;;;;;;;
2022-09-27 02:00:00;23.62796926754791;;;;;;;
2022-09-27 03:00:00;24.39695949437989;;;;;;;
2022-09-27 04:00:00;24.04473056642671;;;;;;;
2022-09-27 05:00:00;20.20851930571222;;;;;;;
2022-09-27 06:00:00;30.59045361765505;;;;;;;
2022-09-27 07:00:00;19.7949071292716;;;;;;;
2022-09-27 08:00:00;12.88306241489824;;;;;;;
2022-09-27 09:00:00;22.88245877653634;;;;;;;
2022-09-27 10:00:00;28.6699654304949;;;;;;;
2022-09-27 11:00:00;21.04368548513588;;;;;;;
2022-09-27 12:00:00;22.90919627181764;;;;;;;
2022-09-27 13:00:00;21.47206825843336;;;;;;;
2022-09-27 14:00:00;24.98915617915471;;;;;;;
2022-09-27 15:00:00;19.6280617952603;;;;;;;
2022-09-27 16:00:00;16.09216061029622;;;;;;;
2022-09-27 17:00:00;17.11156322702683;;;;;;;
2022-09-27 18:00:00;21.57059165458474;;;;;;;
2022-09-27 19:00:00;18.98895842900227;;;;;;;
2022-09-27 20:00:00;17.8433625081286;;;;;;;
2022-09-27 21:00:00;22.43533637627327;;;;;;;
2022-09-27 22:00:00;19.79476257024953;;;;;;;
2022-09-27 23:00:00;18.96330787594567;;;;;;;
2022-09-28 00:00:00;26.63896257865493;;;;;;;
2022-09-28 01:00:00;16.07363561823017;;;;;;;
2022-09-28 02:00:00;20.65961634370436;;;;;;;
2022-09-28 03:00:00;17.26496176968004;;;;;;;
2022-09-28 04:00:00;18.95902079804112;;;;;;;
2022-09-28 05:00:00;15.30863436764221;;;;;;;
2022-09-28 06:00:00;21.10570998680491;;;;;;;
2022-09-28 07:00:00;17.2842704977694;;;;;;;
2022-09-28 08:00:00;21.02017645742483;;;;;;;
2022-09-28 09:00:00;16.91371461683087;;;;;;;
2022-09-28 10:00:00;24.88155605492744;;;;;;;
2022-09-28 11:00:00;23.03865694731054;;;;;;;
2022-09-28 12:00:00;17.87522119194381;;;;;;;
2022-09-28 13:00:00;26.9079405573887;;;;;;;
2022-09-28 14:00:00;19.41534374940728;;;;;;;
2022-09-28 15:00:00;20.99113843428356;;;;;;;
2022-09-28 16:00:00;19.40777828635925;;;;;;;
2022-09-28 17:00:00;23.50249518587142;;;;;;;
2022-09-28 18:00:00;19.55354945209028;;;;;;;
2022-09-28 19:00:00;30.92446979508331;;;;;;;
2022-09-28 20:00:00;22.76290677991158;;;;;;;
2022-09-28 21:00:00;21.0425295307109;;;;;;;
2022-09-28 22:00:00;22.90815371572586;;;;;;;
2022-09-28 23:00:00;18.98749834042274;;;;;;;
2022-09-29 00:00:00;27.68635378925946;;;;;;;
2022-09-29 01:00:00;19.82077683493039;;;;;;;
2022-09-29 02:00:00;20.43096253660788;;;;;;;
2022-09-29 03:00:00;22.08198585914746;;;;;;;
2022-09-29 04:00:00;19.90482031251623;;;;;;;
2022-09-29 05:00:00;25.58371658211336;;;;;;;
2022-09-29 06:00:00;20.48797768978066;;;;;;;
2022-09-29 07:00:00;16.86277168526077;;;;;;;
2022-09-29 08:00:00;27.83276304066572;;;;;;;
2022-09-29 09:00:00;25.92213305328054;;;;;;;
2022-09-29 10:00:00;17.61979799822216;;;;;;;
2022-09-29 11:00:00;25.79559681072039;;;;;;;
2022-09-29 12:00:00;21.58579857665404;;;;;;;
2022-09-29 13:00:00;23.15960055550595;;;;;;;
2022-09-29 14:00:00;19.61575250367138;;;;;;;
2022-09-29 15:00:00;20.19043099938531;;;;;;;
2022-09-29 16:00:00;20.38227332029738;;;;;;;
2022-09-29 17:00:00;26.06932008468868;;;;;;;
2022-09-29 18:00:00;22.0527206615473;;;;;;;
2022-09-29 19:00:00;20.97338840074737;;;;;;;
2022-09-29 20:00:00;17.96830051750559;;;;;;;
2022-09-29 21:00:00;16.88789521878734;;;;;;;
2022-09-29 22:00:00;23.56044214499241;;;;;;;
2022-09-29 23:00:00;21.27223805946424;;;;;;;
2022-09-30 00:00:00;23.92815790139225;;;;;;;
2022-09-30 01:00:00;18.01822533263132;;;;;;;
2022-09-30 02:00:00;20.2603149887988;;;;;;;
2022-09-30 03:00:00;16.45228152877072;;;;;;;
2022-09-30 04:00:00;23.19510826820891;;;;;;;
2022-09-30 05:00:00;24.69552936182715;;;;;;;
2022-09-30 06:00:00;23.1000429005908;;;;;;;
2022-09-30 07:00:00;19.82172522983043;;;;;;;
2022-09-30 08:00:00;24.33274244568277;;;;;;;
2022-09-30 09:00:00;29.37160195905958;;;;;;;
2022-09-30 10:00:00;14.48166850175949;;;;;;;
2022-09-30 11:00:00;21.96076092806875;;;;;;;
2022-09-30 12:00:00;26.91852676783226;;;;;;;
2022-09-30 13:00:00;21.02513087685499;;;;;;;
2022-09-30 14:00:00;18.15673506532714;;;;;;;
2022-09-30 15:00:00;20.75927224356085;;;;;;;
2022-09-30 16:00:00;15.33418414023686;;;;;;;
2022-09-30 17:00:00;21.64093924248047;;;;;;;
2022-09-30 18:00:00;23.50078136345626;;;;;;;
2022-09-30 19:00:00;18.4224602876863;;;;;;;
2022-09-30 20:00:00;15.13633276256426;;;;;;;
2022-09-30 21:00:00;18.72097732743927;;;;;;;
2022-09-30 22:00:00;22.44004800274548;;;;;;;
2022-09-30 23:00:00;19.1764734098057;;;;;;;
2022-10-01 00:00:00;17.88251134615457;;;;;;;
2022-10-01 01:00:00;22.62806549137964;;;;;;;
2022-10-01 02:00:00;23.12894571500998;;;;;;;
2022-10-01 03:00:00;19.28169225179105;;;;;;;
2022-10-01 04:00:00;16.64008344804875;;;;;;;
2022-10-01 05:00:00;25.90225095673295;;;;;;;
2022-10-01 06:00:00;23.67422262360153;;;;;;;
2022-10-01 07:00:00;22.55336948392254;;;;;;;
2022-10-01 08:00:00;25.48720669867931;;;;;;;
2022-10-01 09:00:00;19.91889861355064;;;;;;;
2022-10-01 10:00:00;19.7396745515645;;;;;;;
2022-10-01 11:00:00;22.44837416470163;;;;;;;
2022-10-01 12:00:00;22.42669880314342;;;;;;;
2022-10-01 13:00:00;19.93384822642689;;;;;;;
2022-10-01 14:00:00;16.46882298908571;;;;;;;
2022-10-01 15:00:00;18.34555351399813;;;;;;;
2022-10-01 16:00:00;22.4727391286422;;;;;;;
2022-10-01 17:00:00;24.44456016084845;;;;;;;
2022-10-01 18:00:00;23.10331381170403;;;;;;;
2022-10-01 19:00:00;24.01591866546083;;;;;;;
2022-10-01 20:00:00;22.19905967580146;;;;;;;
2022-10-01 21:00:00;22.18797440211554;;;;;;;
2022-10-01 22:00:00;14.99294149770691;;;;;;;
2022-10-01 23:00:00;25.25532754887773;;;;;;;
2022-10-02 00:00:00;24.25773850199631;;;;;;;
2022-10-02 01:00:00;19.03830471496948;;;;;;;
2022-10-02 02:00:00;22.44599728298756;;;;;;;
2022-10-02 03:00:00;23.18954045933318;;;;;;;
2022-10-02 04:00:00;19.33590235770648;;;;;;;
2022-10-02 05:00:00;22.7734899583951;;;;;;;
2022-10-02 06:00:00;17.15407402928723;;;;;;;
2022-10-02 07:00:00;24.36330471701774;;;;;;;
2022-10-02 08:00:00;21.54088582695578;;;;;;;
2022-10-02 09:00:00;22.54054156448263;;;;;;;
2022-10-02 10:00:00;16.76389428428163;;;;;;;
2022-10-02 11:00:00;19.84044637859171;;;;;;;
2022-10-02 12:00:00;18.44705771974994;;;;;;;
2022-10-02 13:00:00;19.03854898569344;;;;;;;
2022-10-02 14:00:00;22.82913981573627;;;;;;;
2022-10-02 15:00:00;17.31656031428432;;;;;;;
2022-10-02 16:00:00;22.68305430559515;;;;;;;
2022-10-02 17:00:00;19.9766989700795;;;;;;;
2022-10-02 18:00:00;22.10297943156933;;;;;;;
2022-10-02 19:00:00;17.98639469560294;;;;;;;
2022-10-02 20:00:00;24.38156084248783;;;;;;;
2022-10-02 21:00:00;20.92761158167912;;;;;;;
2022-10-02 22:00:00;23.88276631394167;;;;;;;
2022-10-02 23:00:00;25.16373163138768;;;;;;;
2022-10-03 00:00:00;20.88716976665562;;;;;;;
2022-10-03 01:00:00;20.58155178748276;;;;;;;
2022-10-03 02:00:00;21.81430003728186;;;;;;;
2022-10-03 03:00:00;19.13091688373672;;;;;;;
2022-10-03 04:00:00;21.45558447601463;;;;;;;
2022-10-03 05:00:00;20.49268514025153;;;;;;;
2022-10-03 06:00:00;25.51722958495568;;;;;;;
2022-10-03 07:00:00;22.78834583829763;;;;;;;
2022-10-03 08:00:00;23.54051912227055;;;;;;;
2022-10-03 09:00:00;14.51898474938189;;;;;;;
2022-10-03 10:00:00;20.15494246677278;;;;;;;
2022-10-03 11:00:00;26.38078817503601;;;;;;;
2022-10-03 12:00:00;18.15937825447907;;;;;;;
2022-10-03 13:00:00;23.86565370024592;;;;;;;
2022-10-03 14:00:00;27.98419025826895;;;;;;;
2022-10-03 15:00:00;20.28790133850582;;;;;;;
2022-10-03 16:00:00;20.69713002268223;;;;;;;
2022-10-03 17:00:00;26.17844106970042;;;;;;;
2022-10-03 18:00:00;20.16481640277553;;;;;;;
2022-10-03 19:00:00;26.30960522589432;;;;;;;
2022-10-03 20:00:00;16.78330308451648;;;;;;;
2022-10-03 21:00:00;23.0033506873912;;;;;;;
2022-10-03 22:00:00;21.44275454394551;;;;;;;
2022-10-03 23:00:00;22.7319928874362;;;;;;;
2022-10-04 00:00:00;23.11822005665795;;;;;;;
2022-10-04 01:00:00;14.20417639731631;;;;;;;
2022-10-04 02:00:00;21.28037628794863;;;;;;;
2022-10-04 03:00:00;23.64362998922909;;;;;;;
2022-10-04 04:00:00;21.37578397066019;;;;;;;
2022-10-04 05:00:00;21.56071617814569;;;;;;;
2022-10-04 06:00:00;21.96333090797812;;;;;;;
2022-10-04 07:00:00;23.8984674128322;;;;;;;
2022-10-04 08:00:00;21.29283889515467;;;;;;;
2022-10-04 09:00:00;24.88580135989047;;;;;;;
2022-10-04 10:00:00;27.58865246725546;;;;;;;
2022-10-04 11:00:00;21.0510861768232;;;;;;;
2022-10-04 12:00:00;22.62399043505445;;;;;;;
2022-10-04 13:00:00;16.05987970192618;;;;;;;
2022-10-04 14:00:00;24.93032686238976;;;;;;;
2022-10-04 15:00:00;20.6027285480473;;;;;;;
2022-10-04 16:00:00;22.95910119697864;;;;;;;
2022-10-04 17:00:00;20.242183869609;;;;;;;
2022-10-04 18:00:00;24.42551019157139;;;;;;;
2022-10-04 19:00:00;23.10858839824755;;;;;;;
2022-10-04 20:00:00;23.68109856194391;;;;;;;
2022-10-04 21:00:00;17.69306331758253;;;;;;;
2022-10-04 22:00:00;20.49910295774546;;;;;;;
2022-10-04 23:00:00;21.94475395224852;;;;;;;
2022-10-05 00:00:00;18.43442660911326;;;;;;;
2022-10-05 01:00:00;16.92490280147884;;;;;;;
2022-10-05 02:00:00;16.12005900474697;;;;;;;
2022-10-05 03:00:00;21.58054667822861;;;;;;;
2022-10-05 04:00:00;26.33730814455925;;;;;;;
2022-10-05 05:00:00;21.86906096509812;;;;;;;
2022-10-05 06:00:00;20.89511485720881;;;;;;;
2022-10-05 07:00:00;19.62812076585736;;;;;;;
2022-10-05 08:00:00;16.92206042195243;;;;;;;
2022-10-05 09:00:00;17.87372875776549;;;;;;;
2022-10-05 10:00:00;21.88758251295696;;;;;;;
2022-10-05 11:00:00;20.1666130125352;;;;;;;
2022-10-05 12:00:00;22.00550099700384;;;;;;;
2022-10-05 13:00:00;23.72932053033818;;;;;;;
2022-10-05 14:00:00;18.02936368096963;;;;;;;
2022-10-05 15:00:00;14.6625091961534;;;;;;;
2022-10-05 16:00:00;24.84633180429592;;;;;;;
2022-10-05 17:00:00;21.54504705064512;;;;;;;
2022-10-05 18:00:00;21.45489147341733;;;;;;;
2022-10-05 19:00:00;18.40154842124648;;;;;;;
2022-10-05 20:00:00;22.81087207610787;;;;;;;
2022-10-05 21:00:00;19.82608150369758;;;;;;;
2022-10-05 22:00:00;20.06701306958125;;;;;;;
2022-10-05 23:00:00;21.25761271293904;;;;;;;
2022-10-06 00:00:00;19.37750960574465;;;;;;;
2022-10-06 01:00:00;16.90575850047261;;;;;;;
2022-10-06 02:00:00;20.51060483805947;;;;;;;
2022-10-06 03:00:00;17.9095913388264;;;;;;;
2022-10-06 04:00:00;22.57433210801425;;;;;;;
2022-10-06 05:00:00;22.6006784379773;;;;;;;
2022-10-06 06:00:00;24.21484647794213;;;;;;;
2022-10-06 07:00:00;20.39480257639783;;;;;;;
2022-10-06 08:00:00;19.01826553759645;;;;;;;
2022-10-06 09:00:00;24.40990982231496;;;;;;;
2022-10-06 10:00:00;17.7528269812489;;;;;;;
2022-10-06 11:00:00;29.28258982556036;;;;;;;
2022-10-06 12:00:00;19.91234278328815;;;;;;;
2022-10-06 13:00:00;19.19286004730237;;;;;;;
2022-10-06 14:00:00;17.54719287957378;;;;;;;
2022-10-06 15:00:00;23.8760482975626;;;;;;;
2022-10-06 16:00:00;19.95148844880485;;;;;;;
2022-10-06 17:00:00;24.51722516455885;;;;;;;
2022-10-06 18:00:00;26.12992388993378;;;;;;;
2022-10-06 19:00:00;21.09407856293168;;;;;;;
2022-10-06 20:00:00;24.12956553906348;;;;;;;
2022-10-06 21:00:00;18.82652206871281;;;;;;;
2022-10-06 22:00:00;23.10966236161957;;;;;;;
2022-10-06 23:00:00;20.75937275147934;;;;;;;
2022-10-07 00:00:00;21.79544502062911;;;;;;;
2022-10-07 01:00:00;24.04335023822112;;;;;;;
2022-10-07 02:00:00;24.59218875372945;;;;;;;
2022-10-07 03:00:00;20.44457649442524;;;;;;;
2022-10-07 04:00:00;19.85044641588266;;;;;;;
2022-10-07 05:00:00;19.29770044719598;;;;;;;
2022-10-07 06:00:00;18.66143135008029;;;;;;;
2022-10-07 07:00:00;19.71554076557758;;;;;;;
2022-10-07 08:00:00;19.49010727844018;;;;;;;
2022-10-07 09:00:00;16.98604743260723;;;;;;;
2022-10-07 10:00:00;23.28627390317684;;;;;;;
2022-10-07 11:00:00;21.9655353879165;;;;;;;
2022-10-07 12:00:00;17.38293666223466;;;;;;;
2022-10-07 13:00:00;22.56854095567928;;;;;;;
2022-10-07 14:00:00;18.04908626851759;;;;;;;
2022-10-07 15:00:00;18.06206243115663;;;;;;;
2022-10-07 16:00:00;16.70408038291523;;;;;;;
2022-10-07 17:00:00;18.78502073169275;;;;;;;
2022-10-07 18:00:00;15.82645873553675;;;;;;;
2022-10-07 19:00:00;21.04161006828647;;;;;;;
2022-10-07 20:00:00;26.84819523050243;;;;;;;
2022-10-07 21:00:00;21.96268535545595;;;;;;;
2022-10-07 22:00:00;23.50146676458775;;;;;;;
2022-10-07 23:00:00;23.16827146477965;;;;;;;
2022-10-08 00:00:00;21.71013181277362;;;;;;;
2022-10-08 01:00:00;20.09545915450854;;;;;;;
2022-10-08 02:00:00;19.71605676669944;;;;;;;
2022-10-08 03:00:00;24.19079329783829;;;;;;;
2022-10-08 04:00:00;26.23180591022667;;;;;;;
2022-10-08 05:00:00;18.86441232162265;;;;;;;
2022-10-08 06:00:00;22.94091882595514;;;;;;;
2022-10-08 07:00:00;24.43252007396536;;;;;;;
2022-10-08 08:00:00;19.78045108129377;;;;;;;
2022-10-08 09:00:00;23.65258499695963;;;;;;;
2022-10-08 10:00:00;20.43486870099511;;;;;;;
2022-10-08 11:00:00;20.94264935780387;;;;;;;
2022-10-08 12:00:00;20.75356277457033;;;;;;;
2022-10-08 13:00:00;21.97346244093016;;;;;;;
2022-10-08 14:00:00;23.7156636323761;;;;;;;
2022-10-08 15:00:00;25.09964479881619;;;;;;;
2022-10-08 16:00:00;22.71226693255112;;;;;;;
2022-10-08 17:00:00;20.23582017448045;;;;;;;
2022-10-08 18:00:00;18.68106132082519;;;;;;;
2022-10-08 19:00:00;19.89044620739666;;;;;;;
2022-10-08 20:00:00;25.11597584093601;;;;;;;
2022-10-08 21:00:00;26.71334623562464;;;;;;;
2022-10-08 22:00:00;21.7401809179979;;;;;;;
2022-10-08 23:00:00;20.90651921239457;;;;;;;
2022-10-09 00:00:00;19.37544983702553;;;;;;;
2022-10-09 01:00:00;19.64879843850132;;;;;;;
2022-10-09 02:00:00;25.19980471971802;;;;;;;
2022-10-09 03:00:00;17.06233314688579;;;;;;;
2022-10-09 04:00:00;26.10899303836942;;;;;;;
2022-10-09 05:00:00;17.75438017788502;;;;;;;
2022-10-09 06:00:00;15.81404503423448;;;;;;;
2022-10-09 07:00:00;21.5715432275767;;;;;;;
2022-10-09 08:00:00;18.37080558128937;;;;;;;
2022-10-09 09:00:00;28.94622981258867;;;;;;;
2022-10-09 10:00:00;18.92660332407194;;;;;;;
2022-10-09 11:00:00;22.57228985143358;;;;;;;
2022-10-09 12:00:00;20.73965668061098;;;;;;;
2022-10-09 13:00:00;19.66056159240554;;;;;;;
2022-10-09 14:00:00;22.39683029142074;;;;;;;
2022-10-09 15:00:00;21.70635269268768;;;;;;;
2022-10-09 16:00:00;20.82512923229454;;;;;;;
2022-10-09 17:00:00;18.84018064271828;;;;;;;
2022-10-09 18:00:00;21.48226109775598;;;;;;;
2022-10-09 19:00:00;18.1397856515153;;;;;;;
2022-10-09 20:00:00;23.18310912700981;;;;;;;
2022-10-09 21:00:00;18.63248839581322;;;;;;;
2022-10-09 22:00:00;21.6452041938374;;;;;;;
2022-10-09 23:00:00;17.34299941247736;;;;;;;
2022-10-10 00:00:00;25.80304854568321;;;;;;;
2022-10-10 01:00:00;18.00614346052589;;;;;;;
2022-10-10 02:00:00;25.21601820891131;;;;;;;
2022-10-10 03:00:00;19.76050261532158;;;;;;;
2022-10-10 04:00:00;25.26899577293563;;;;;;;
2022-10-10 05:00:00;24.71034693858003;;;;;;;
2022-10-10 06:00:00;22.4761577890569;;;;;;;
2022-10-10 07:00:00;15.0828112825481;;;;;;;
2022-10-10 08:00:00;18.1560099265958;;;;;;;
2022-10-10 09:00:00;17.91197028818073;;;;;;;
2022-10-10 10:00:00;10.2478092993055;;;;;;;
2022-10-10 11:00:00;17.76949878334836;;;;;;;
2022-10-10 12:00:00;22.71090872672746;;;;;;;
2022-10-10 13:00:00;23.26003046668647;;;;;;;
2022-10-10 14:00:00;18.82947301059621;;;;;;;
2022-10-10 15:00:00;13.06582258310329;;;;;;;
2022-10-10 16:00:00;18.52616266716252;;;;;;;
2022-10-10 17:00:00;20.67866346085749;;;;;;;
2022-10-10 18:00:00;23.36392994943998;;;;;;;
2022-10-10 19:00:00;26.52963160728087;;;;;;;
2022-10-10 20:00:00;18.66628816541201;;;;;;;
2022-10-10 21:00:00;23.98444108863919;;;;;;;
2022-10-10 22:00:00;26.46613246454078;;;;;;;
2022-10-10 23:00:00;20.77887269096277;;;;;;;
2022-10-11 00:00:00;21.77141898298344;;;;;;;
2022-10-11 01:00:00;22.44333761260033;;;;;;;
2022-10-11 02:00:00;22.88900409537417;;;;;;;
2022-10-11 03:00:00;19.68676683679621;;;;;;;
2022-10-11 04:00:00;14.0197452549815;;;;;;;
2022-10-11 05:00:00;18.91646870795519;;;;;;;
2022-10-11 06:00:00;21.57695040051755;;;;;;;
2022-10-11 07:00:00;26.01176814356723;;;;;;;
2022-10-11 08:00:00;28.54317975695514;;;;;;;
2022-10-11 09:00:00;19.4430018770179;;;;;;;
2022-10-11 10:00:00;22.35925150520155;;;;;;;
2022-10-11 11:00:00;15.3710584185031;;;;;;;
2022-10-11 12:00:00;23.88329937047727;;;;;;;
2022-10-11 13:00:00;18.53936705454553;;;;;;;
2022-10-11 14:00:00;20.58595628109967;;;;;;;
2022-10-11 15:00:00;17.38064991465428;;;;;;;
2022-10-11 16:00:00;22.80162599104796;;;;;;;
2022-10-11 17:00:00;25.81774564708244;;;;;;;
2022-10-11 18:00:00;21.23343064286517;;;;;;;
2022-10-11 19:00:00;21.18145730863718;;;;;;;
2022-10-11 20:00:00;23.41847932092148;;;;;;;
2022-10-11 21:00:00;16.29530668166005;;;;;;;
2022-10-11 22:00:00;22.31047464206706;;;;;;;
2022-10-11 23:00:00;23.97927909597696;;;;;;;
2022-10-12 00:00:00;22.31858647097154;;;;;;;
2022-10-12 01:00:00;20.45786817129192;;;;;;;
2022-10-12 02:00:00;20.36761719912208;;;;;;;
2022-10-12 03:00:00;20.76545222458478;;;;;;;
2022-10-12 04:00:00;21.503994075613;;;;;;;
2022-10-12 05:00:00;25.32848468970075;;;;;;;
2022-10-12 06:00:00;22.45504810619747;;;;;;;
2022-10-12 07:00:00;18.75390139614263;;;;;;;
2022-10-12 08:00:00;16.70993210147303;;;;;;;
2022-10-12 09:00:00;26.52950896914933;;;;;;;
2022-10-12 10:00:00;19.97898179952364;;;;;;;
2022-10-12 11:00:00;20.0599519737061;;;;;;;
2022-10-12 12:00:00;21.73914942683489;;;;;;;
2022-10-12 13:00:00;26.04976910947723;;;;;;;
2022-10-12 14:00:00;22.08182390514263;;;;;;;
2022-10-12 15:00:00;18.58441350733817;;;;;;;
2022-10-12 16:00:00;20.91290177318796;;;;;;;
2022-10-12 17:00:00;21.54287020644154;;;;;;;
2022-10-12 18:00:00;20.54579456743594;;;;;;;
2022-10-12 19:00:00;20.84830715844918;;;;;;;
2022-10-12 20:00:00;21.56294730037519;;;;;;;
2022-10-12 21:00:00;17.02303811357379;;;;;;;
2022-10-12 22:00:00;22.96451261141585;;;;;;;
2022-10-12 23:00:00;20.13398370341547;;;;;;;
2022-10-13 00:00:00;18.72730149271788;;;;;;;
2022-10-13 01:00:00;20.62330367568456;;;;;;;
2022-10-13 02:00:00;24.6082870571883;;;;;;;
2022-10-13 03:00:00;24.59951114509728;;;;;;;
2022-10-13 04:00:00;16.89157828577362;;;;;;;
2022-10-13 05:00:00;14.36676437715958;;;;;;;
2022-10-13 06:00:00;14.72614443455655;;;;;;;
2022-10-13 07:00:00;24.44047855492134;;;;;;;
2022-10-13 08:00:00;18.53315692486991;;;;;;;
2022-10-13 09:00:00;17.41421902473143;;;;;;;
2022-10-13 10:00:00;19.99163087057942;;;;;;;
2022-10-13 11:00:00;23.42810003925408;;;;;;;
2022-10-13 12:00:00;17.24300741048176;;;;;;;
2022-10-13 13:00:00;22.26874014909005;;;;;;;
2022-10-13 14:00:00;22.74853466984123;;;;;;;
2022-10-13 15:00:00;21.65103349057707;;;;;;;
2022-10-13 16:00:00;18.99834093629604;;;;;;;
2022-10-13 17:00:00;19.89356620880891;;;;;;;
2022-10-13 18:00:00;25.40904036584218;;;;;;;
2022-10-13 19:00:00;22.41335744899545;;;;;;;
2022-10-13 20:00:00;19.71673293118154;;;;;;;
2022-10-13 21:00:00;20.09907345690765;;;;;;;
2022-10-13 22:00:00;21.3098547125131;;;;;;;
2022-10-13 23:00:00;22.53988591954499;;;;;;;
2022-10-14 00:00:00;19.81102065805357;;;;;;;
2022-10-14 01:00:00;23.78370858646973;;;;;;;
2022-10-14 02:00:00;18.50152960225114;;;;;;;
2022-10-14 03:00:00;21.60644090498477;;;;;;;
2022-10-14 04:00:00;21.52225642238053;;;;;;;
2022-10-14 05:00:00;18.26053361977022;;;;;;;
2022-10-14 06:00:00;16.79990064878223;;;;;;;
2022-10-14 07:00:00;21.74386093931849;;;;;;;
2022-10-14 08:00:00;16.61760630727808;;;;;;;
2022-10-14 09:00:00;21.32599188381709;;;;;;;
2022-10-14 10:00:00;25.1042675525744;;;;;;;
2022-10-14 11:00:00;18.37936631365105;;;;;;;
2022-10-14 12:00:00;22.65677899909178;;;;;;;
2022-10-14 13:00:00;27.12821796147801;;;;;;;
2022-10-14 14:00:00;22.75560008315231;;;;;;;
2022-10-14 15:00:00;22.85892308515652;;;;;;;
2022-10-14 16:00:00;20.80434742555298;;;;;;;
2022-10-14 17:00:00;21.38515388627282;;;;;;;
2022-10-14 18:00:00;23.75085737789114;;;;;;;
2022-10-14 19:00:00;23.13453744268956;;;;;;;
2022-10-14 20:00:00;19.98100881841521;;;;;;;
2022-10-14 21:00:00;22.03639960025064;;;;;;;
2022-10-14 22:00:00;22.47118311490725;;;;;;;
2022-10-14 23:00:00;24.82165270153991;;;;;;;
2022-10-15 00:00:00;18.15191177427897;;;;;;;
2022-10-15 01:00:00;25.78662156265377;;;;;;;
2022-10-15 02:00:00;14.68050328900224;;;;;;;
2022-10-15 03:00:00;16.95581673693581;;;;;;;
2022-10-15 04:00:00;16.27373027425902;;;;;;;
2022-10-15 05:00:00;18.98563100244275;;;;;;;
2022-10-15 06:00:00;24.93692332769382;;;;;;;
2022-10-15 07:00:00;13.56020373492628;;;;;;;
2022-10-15 08:00:00;20.17902870673678;;;;;;;
2022-10-15 09:00:00;20.72634386731889;;;;;;;
2022-10-15 10:00:00;24.08819277786969;;;;;;;
2022-10-15 11:00:00;24.96496420592029;;;;;;;
2022-10-15 12:00:00;18.7011148309352;;;;;;;
2022-10-15 13:00:00;23.22370990960959;;;;;;;
2022-10-15 14:00:00;27.44262327489871;;;;;;;
2022-10-15 15:00:00;25.08922326387721;;;;;;;
2022-10-15 16:00:00;20.91648385268568;;;;;;;
2022-10-15 17:00:00;22.33845289143489;;;;;;;
2022-10-15 18:00:00;20.15240986935076;;;;;;;
2022-10-15 19:00:00;22.64494479256697;;;;;;;
2022-10-15 20:00:00;16.72937301254839;;;;;;;
2022-10-15 21:00:00;21.76603881419544;;;;;;;
2022-10-15 22:00:00;19.76059626710011;;;;;;;
2022-10-15 23:00:00;21.71191175309838;;;;;;;
2022-10-16 00:00:00;23.85356221115477;;;;;;;
2022-10-16 01:00:00;24.83791292856551;;;;;;;
2022-10-16 02:00:00;14.70255424235455;;;;;;;
2022-10-16 03:00:00;18.38554111623372;;;;;;;
2022-10-16 04:00:00;13.52477763786509;;;;;;;
2022-10-16 05:00:00;21.32592190403197;;;;;;;
2022-10-16 06:00:00;21.16111106018892;;;;;;;
2022-10-16 07:00:00;15.73990283717558;;;;;;;
2022-10-16 08:00:00;21.73446606506136;;;;;;;
2022-10-16 09:00:00;20.91181584948585;;;;;;;
2022-10-16 10:00:00;23.68651357331492;;;;;;;
2022-10-16 11:00:00;22.49823212309121;;;;;;;
2022-10-16 12:00:00;19.28646157065784;;;;;;;
2022-10-16 13:00:00;27.3547048634941;;;;;;;
2022-10-16 14:00:00;25.57817768714972;;;;;;;
2022-10-16 15:00:00;23.37469849098715;;;;;;;
2022-10-16 16:00:00;23.22156769724993;;;;;;;
2022-10-16 17:00:00;22.97206338087789;;;;;;;
2022-10-16 18:00:00;19.20911866492449;;;;;;;
2022-10-16 19:00:00;23.49037740971623;;;;;;;
2022-10-16 20:00:00;23.99696006851069;;;;;;;
2022-10-16 21:00:00;22.24477863025786;;;;;;;
2022-10-16 22:00:00;22.29230567661164;;;;;;;
2022-10-16 23:00:00;24.00611730699397;;;;;;;
2022-10-17 00:00:00;19.88313726493145;;;;;;;
2022-10-17 01:00:00;21.51720254545152;;;;;;;
2022-10-17 02:00:00;18.39161651662416;;;;;;;
2022-10-17 03:00:00;24.60085771453723;;;;;;;
2022-10-17 04:00:00;20.82439992521152;;;;;;;
2022-10-17 05:00:00;21.17511292441237;;;;;;;
2022-10-17 06:00:00;20.45977451605058;;;;;;;
2022-10-17 07:00:00;22.77093490859184;;;;;;;
2022-10-17 08:00:00;23.4945764631889;;;;;;;
2022-10-17 09:00:00;14.43240377532315;;;;;;;
2022-10-17 10:00:00;23.33827409973492;;;;;;;
2022-10-17 11:00:00;17.99244344811919;;;;;;;
2022-10-17 12:00:00;16.75376381041165;;;;;;;
2022-10-17 13:00:00;26.00943886803613;;;;;;;
2022-10-17 14:00:00;20.98791156974491;;;;;;;
2022-10-17 15:00:00;21.55083168205645;;;;;;;
2022-10-17 16:00:00;27.09780805293584;;;;;;;
2022-10-17 17:00:00;23.00661814634326;;;;;;;
2022-10-17 18:00:00;21.69564752620359;;;;;;;
2022-10-17 19:00:00;18.64322685262797;;;;;;;
2022-10-17 20:00:00;21.72408847188723;;;;;;;
2022-10-17 21:00:00;21.61321206167147;;;;;;;
2022-10-17 22:00:00;21.29381159188624;;;;;;;
2022-10-17 23:00:00;20.77308517185392;;;;;;;
2022-10-18 00:00:00;21.40856213290572;;;;;;;
2022-10-18 01:00:00;17.99084367895394;;;;;;;
2022-10-18 02:00:00;26.5094100564067;;;;;;;
2022-10-18 03:00:00;20.61608731162245;;;;;;;
2022-10-18 04:00:00;25.26639030091488;;;;;;;
2022-10-18 05:00:00;26.55190474481811;;;;;;;
2022-10-18 06:00:00;22.39513498660901;;;;;;;
2022-10-18 07:00:00;21.62413521038716;;;;;;;
2022-10-18 08:00:00;23.12261100494436;;;;;;;
2022-10-18 09:00:00;22.45515237866085;;;;;;;
2022-10-18 10:00:00;21.14292856403586;;;;;;;
2022-10-18 11:00:00;23.59607837243956;;;;;;;
2022-10-18 12:00:00;23.13466186504073;;;;;;;
2022-10-18 13:00:00;25.79842144593719;;;;;;;
2022-10-18 14:00:00;24.76586565376752;;;;;;;
2022-10-18 15:00:00;24.52781193449779;;;;;;;
2022-10-18 16:00:00;24.67893296917008;;;;;;;
2022-10-18 17:00:00;17.39029861261913;;;;;;;
2022-10-18 18:00:00;20.03976114067877;;;;;;;
2022-10-18 19:00:00;16.43696861556647;;;;;;;
2022-10-18 20:00:00;18.72331600482834;;;;;;;
2022-10-18 21:00:00;22.70115043222128;;;;;;;
2022-10-18 22:00:00;16.09447020593037;;;;;;;
2022-10-18 23:00:00;19.61647289351844;;;;;;;
2022-10-19 00:00:00;23.67717907180745;;;;;;;
2022-10-19 01:00:00;18.67428423659758;;;;;;;
2022-10-19 02:00:00;16.52272919093881;;;;;;;
2022-10-19 03:00:00;23.94574831797844;;;;;;;
2022-10-19 04:00:00;20.82410567909901;;;;;;;
2022-10-19 05:00:00;18.04728811270883;;;;;;;
2022-10-19 06:00:00;23.60757263421178;;;;;;;
2022-10-19 07:00:00;22.0321779393698;;;;;;;
2022-10-19 08:00:00;19.82620299710314;;;;;;;
2022-10-19 09:00:00;14.60739029943064;;;;;;;
2022-10-19 10:00:00;22.28447536456592;;;;;;;
2022-10-19 11:00:00;21.16363181672682;;;;;;;
2022-10-19 12:00:00;19.37849834315467;;;;;;;
2022-10-19 13:00:00;27.26650231795628;;;;;;;
2022-10-19 14:00:00;19.14513935203007;;;;;;;
2022-10-19 15:00:00;19.55324621443904;;;;;;;
2022-10-19 16:00:00;17.2799749332548;;;;;;;
2022-10-19 17:00:00;22.34645755353474;;;;;;;
2022-10-19 18:00:00;19.93007327936289;;;;;;;
2022-10-19 19:00:00;20.7427836357578;;;;;;;
2022-10-19 20:00:00;20.86237861524538;;;;;;;
2022-10-19 21:00:00;22.41603706695809;;;;;;;
2022-10-19 22:00:00;20.30238133594744;;;;;;;
2022-10-19 23:00:00;20.80751539935494;;;;;;;
2022-10-20 00:00:00;22.52533157412807;;;;;;;
2022-10-20 01:00:00;19.70165766267022;;;;;;;
2022-10-20 02:00:00;27.24093085707458;;;;;;;
2022-10-20 03:00:00;27.47548850810387;;;;;;;
2022-10-20 04:00:00;23.38841665307333;;;;;;;
2022-10-20 05:00:00;19.16819767207418;;;;;;;
2022-10-20 06:00:00;20.58186632941422;;;;;;;
2022-10-20 07:00:00;12.87793976689666;;;;;;;
2022-10-20 08:00:00;21.9378287302286;;;;;;;
2022-10-20 09:00:00;24.41533529077946;;;;;;;
2022-10-20 10:00:00;24.88483600403093;;;;;;;
2022-10-20 11:00:00;23.90067299621772;;;;;;;
2022-10-20 12:00:00;27.86541152225963;;;;;;;
2022-10-20 13:00:00;18.91875835920672;;;;;;;
2022-10-20 14:00:00;16.19489048869815;;;;;;;
2022-10-20 15:00:00;15.33398721245491;;;;;;;
2022-10-20 16:00:00;22.73528224196892;;;;;;;
2022-10-20 17:00:00;19.3340411827654;;;;;;;
2022-10-20 18:00:00;26.08697788932721;;;;;;;
2022-10-20 19:00:00;20.29436544128131;;;;;;;
2022-10-20 20:00:00;21.38461318938798;;;;;;;
2022-10-20 21:00:00;18.19119647154018;;;;;;;
2022-10-20 22:00:00;19.81538986925776;;;;;;;
2022-10-20 23:00:00;26.29683910871866;;;;;;;
2022-10-21 00:00:00;24.20241204186669;;;;;;;
2022-10-21 01:00:00;18.27358097153068;;;;;;;
2022-10-21 02:00:00;18.06006910399173;;;;;;;
2022-10-21 03:00:00;24.33197036850215;;;;;;;
2022-10-21 04:00:00;21.13250504775093;;;;;;;
2022-10-21 05:00:00;18.48756066730177;;;;;;;
2022-10-21 06:00:00;21.79135226980517;;;;;;;
2022-10-21 07:00:00;18.74360034470101;;;;;;;
2022-10-21 08:00:00;18.72470534791303;;;;;;;
2022-10-21 09:00:00;17.26049924415113;;;;;;;
2022-10-21 10:00:00;19.71752761870614;;;;;;;
2022-10-21 11:00:00;17.95186308436165;;;;;;;
2022-10-21 12:00:00;23.64904936604334;;;;;;;
2022-10-21 13:00:00;26.37753765509164;;;;;;;
2022-10-21 14:00:00;27.34291025660729;;;;;;;
2022-10-21 15:00:00;20.15481124804223;;;;;;;
2022-10-21 16:00:00;17.8648010218339;;;;;;;
2022-10-21 17:00:00;23.51292793884004;;;;;;;
2022-10-21 18:00:00;22.9188910046236;;;;;;;
2022-10-21 19:00:00;24.58124934573941;;;;;;;
2022-10-21 20:00:00;21.93913396536261;;;;;;;
2022-10-21 21:00:00;17.88892937366468;;;;;;;
2022-10-21 22:00:00;24.28694828164652;;;;;;;
2022-10-21 23:00:00;23.54738825793723;;;;;;;
2022-10-22 00:00:00;15.75055903803115;;;;;;;
2022-10-22 01:00:00;25.12236315845713;;;;;;;
2022-10-22 02:00:00;19.28397593378797;;;;;;;
2022-10-22 03:00:00;15.88104755655426;;;;;;;
2022-10-22 04:00:00;21.40069406062105;;;;;;;
2022-10-22 05:00:00;21.14565300987734;;;;;;;
2022-10-22 06:00:00;18.65841794742567;;;;;;;
2022-10-22 07:00:00;16.19538994727997;;;;;;;
2022-10-22 08:00:00;28.16257756269008;;;;;;;
2022-10-22 09:00:00;24.58150817105427;;;;;;;
2022-10-22 10:00:00;19.94769410614413;;;;;;;
2022-10-22 11:00:00;24.97641202970191;;;;;;;
2022-10-22 12:00:00;22.42504306016777;;;;;;;
2022-10-22 13:00:00;19.0866702535969;;;;;;;
2022-10-22 14:00:00;23.74411067357348;;;;;;;
2022-10-22 15:00:00;21.87908471568879;;;;;;;
2022-10-22 16:00:00;22.74568934946457;;;;;;;
2022-10-22 17:00:00;19.06738081447297;;;;;;;
2022-10-22 18:00:00;21.02279822632347;;;;;;;
2022-10-22 19:00:00;22.89387789539218;;;;;;;
2022-10-22 20:00:00;19.31292959661548;;;;;;;
2022-10-22 21:00:00;22.21509864560933;;;;;;;
2022-10-22 22:00:00;24.82977356719898;;;;;;;
2022-10-22 23:00:00;18.69607338531662;;;;;;;
2022-10-23 00:00:00;18.16355149795146;;;;;;;
2022-10-23 01:00:00;26.27227368891379;;;;;;;
2022-10-23 02:00:00;25.63385691359243;;;;;;;
2022-10-23 03:00:00;26.01921106596079;;;;;;;
2022-10-23 04:00:00;25.14075743168082;;;;;;;
2022-10-23 05:00:00;22.47305817517095;;;;;;;
2022-10-23 06:00:00;18.34558043589069;;;;;;;
2022-10-23 07:00:00;19.7308233384353;;;;;;;
2022-10-23 08:00:00;28.18646933497838;;;;;;;
2022-10-23 09:00:00;16.00318904323141;;;;;;;
2022-10-23 10:00:00;23.27160108487887;;;;;;;
2022-10-23 11:00:00;20.99031931743263;;;;;;;
2022-10-23 12:00:00;18.43817019275974;;;;;;;
2022-10-23 13:00:00;22.24672668459486;;;;;;;
2022-10-23 14:00:00;17.62932659235832;;;;;;;
2022-10-23 15:00:00;21.18409784524799;;;;;;;
2022-10-23 16:00:00;26.82065361383716;;;;;;;
2022-10-23 17:00:00;19.61431363899671;;;;;;;
2022-10-23 18:00:00;23.83904678701364;;;;;;;
2022-10-23 19:00:00;22.05979381947273;;;;;;;
2022-10-23 20:00:00;22.96338854904484;;;;;;;
2022-10-23 21:00:00;24.23600254585897;;;;;;;
2022-10-23 22:00:00;16.96647003310052;;;;;;;
2022-10-23 23:00:00;24.14407623369619;;;;;;;
2022-10-24 00:00:00;23.66622370127994;;;;;;;
2022-10-24 01:00:00;15.68598451591487;;;;;;;
2022-10-24 02:00:00;16.1043419061479;;;;;;;
2022-10-24 03:00:00;16.96979083817365;;;;;;;
2022-10-24 04:00:00;17.36649476767213;;;;;;;
2022-10-24 05:00:00;20.35680662842274;;;;;;;
2022-10-24 06:00:00;17.75599691273438;;;;;;;
2022-10-24 07:00:00;17.53149222072047;;;;;;;
2022-10-24 08:00:00;23.21519835344498;;;;;;;
2022-10-24 09:00:00;24.69253769681217;;;;;;;
2022-10-24 10:00:00;24.45968943992688;;;;;;;
2022-10-24 11:00:00;18.8481197971585;;;;;;;
2022-10-24 12:00:00;24.22980473710907;;;;;;;
2022-10-24 13:00:00;17.59591612379946;;;;;;;
2022-10-24 14:00:00;17.46092659635612;;;;;;;
2022-10-24 15:00:00;26.06692711910559;;;;;;;
2022-10-24 16:00:00;19.67181066654863;;;;;;;
2022-10-24 17:00:00;22.87616949298371;;;;;;;
2022-10-24 18:00:00;17.37250961883111;;;;;;;
2022-10-24 19:00:00;17.58882433262107;;;;;;;
2022-10-24 20:00:00;15.25485995954233;;;;;;;
2022-10-24 21:00:00;23.63499783688209;;;;;;;
2022-10-24 22:00:00;17.87866652794412;;;;;;;
2022-10-24 23:00:00;16.10951458009743;;;;;;;
2022-10-25 00:00:00;19.11918667755451;;;;;;;
2022-10-25 01:00:00;23.65487561231096;;;;;;;
2022-10-25 02:00:00;21.47578213993699;;;;;;;
2022-10-25 03:00:00;24.4547450889828;;;;;;;
2022-10-25 04:00:00;19.97421019156373;;;;;;;
2022-10-25 05:00:00;24.32957889111838;;;;;;;
2022-10-25 06:00:00;21.84646144661645;;;;;;;
2022-10-25 07:00:00;21.45811251004494;;;;;;;
2022-10-25 08:00:00;26.78649709323478;;;;;;;
2022-10-25 09:00:00;16.49875931442265;;;;;;;
2022-10-25 10:00:00;25.55808785038533;;;;;;;
2022-10-25 11:00:00;22.8506180685011;;;;;;;
2022-10-25 12:00:00;21.34398836774364;;;;;;;
2022-10-25 13:00:00;22.30481642999479;;;;;;;
2022-10-25 14:00:00;29.42967116139198;;;;;;;
2022-10-25 15:00:00;20.82118364531301;;;;;;;
2022-10-25 16:00:00;17.92404747906039;;;;;;;
2022-10-25 17:00:00;20.74897360625864;;;;;;;
2022-10-25 18:00:00;19.58786856478996;;;;;;;
2022-10-25 19:00:00;23.70149328775252;;;;;;;
2022-10-25 20:00:00;22.88283534619654;;;;;;;
2022-10-25 21:00:00;27.00304500735003;;;;;;;
2022-10-25 22:00:00;20.85887234027528;;;;;;;
2022-10-25 23:00:00;18.83046057600327;;;;;;;
2022-10-26 00:00:00;19.15553795404968;;;;;;;
2022-10-26 01:00:00;20.92863622184436;;;;;;;
2022-10-26 02:00:00;20.75623337143891;;;;;;;
2022-10-26 03:00:00;15.57773745048983;;;;;;;
2022-10-26 04:00:00;22.05170743249185;;;;;;;
2022-10-26 05:00:00;18.91764884825202;;;;;;;
2022-10-26 06:00:00;22.75964435173598;;;;;;;
2022-10-26 07:00:00;26.95523148482372;;;;;;;
2022-10-26 08:00:00;16.00868093828369;;;;;;;
2022-10-26 09:00:00;19.87614922485745;;;;;;;
2022-10-26 10:00:00;16.8356382480457;;;;;;;
2022-10-26 11:00:00;21.35525044721778;;;;;;;
2022-10-26 12:00:00;22.6087800332364;;;;;;;
2022-10-26 13:00:00;18.83220381441276;;;;;;;
2022-10-26 14:00:00;19.33275853507823;;;;;;;
2022-10-26 15:00:00;23.61352966524203;;;;;;;
2022-10-26 16:00:00;17.80667386683952;;;;;;;
2022-10-26 17:00:00;16.53263428848551;;;;;;;
2022-10-26 18:00:00;20.05264018716145;;;;;;;
2022-10-26 19:00:00;24.42370087708759;;;;;;;
2022-10-26 20:00:00;17.28230485204717;;;;;;;
2022-10-26 21:00:00;18.57682357595239;;;;;;;
2022-10-26 22:00:00;21.35496674839405;;;;;;;
2022-10-26 23:00:00;15.7415346854397;;;;;;;
2022-10-27 00:00:00;16.7830029323372;;;;;;;
2022-10-27 01:00:00;16.60784817917779;;;;;;;
2022-10-27 02:00:00;17.32395355036724;;;;;;;
2022-10-27 03:00:00;20.86964065292391;;;;;;;
2022-10-27 04:00:00;24.84418952536979;;;;;;;
2022-10-27 05:00:00;18.94838673029557;;;;;;;
2022-10-27 06:00:00;20.70041135677901;;;;;;;
2022-10-27 07:00:00;21.2846028810878;;;;;;;
2022-10-27 08:00:00;21.94540054133117;;;;;;;
2022-10-27 09:00:00;26.59847842820596;;;;;;;
2022-10-27 10:00:00;18.2049859248846;;;;;;;
2022-10-27 11:00:00;21.84982988108867;;;;;;;
2022-10-27 12:00:00;18.9319296671887;;;;;;;
2022-10-27 13:00:00;24.60753976483882;;;;;;;
2022-10-27 14:00:00;28.24878130912575;;;;;;;
2022-10-27 15:00:00;28.50679394882327;;;;;;;
2022-10-27 16:00:00;15.72790767425952;;;;;;;
2022-10-27 17:00:00;20.28462537094109;;;;;;;
2022-10-27 18:00:00;24.69734880865242;;;;;;;
2022-10-27 19:00:00;19.16052438477399;;;;;;;
2022-10-27 20:00:00;17.90179353989748;;;;;;;
2022-10-27 21:00:00;23.72792765534457;;;;;;;
2022-10-27 22:00:00;22.62971890153205;;;;;;;
2022-10-27 23:00:00;16.40949503066499;;;;;;;
2022-10-28 00:00:00;26.50142620599654;;;;;;;
2022-10-28 01:00:00;24.7285886605421;;;;;;;
2022-10-28 02:00:00;25.04173506134954;;;;;;;
2022-10-28 03:00:00;18.85635787847556;;;;;;;
2022-10-28 04:00:00;22.26744844988389;;;;;;;
2022-10-28 05:00:00;23.89363383037007;;;;;;;
2022-10-28 06:00:00;19.29233851649528;;;;;;;
2022-10-28 07:00:00;19.20558617129105;;;;;;;
2022-10-28 08:00:00;22.25170635267873;;;;;;;
2022-10-28 09:00:00;15.80506772771133;;;;;;;
2022-10-28 10:00:00;15.75024275622298;;;;;;;
2022-10-28 11:00:00;17.29137969340464;;;;;;;
2022-10-28 12:00:00;18.77635180268436;;;;;;;
2022-10-28 13:00:00;18.93640241887045;;;;;;;
2022-10-28 14:00:00;16.18745664877787;;;;;;;
2022-10-28 15:00:00;18.70461490561503;;;;;;;
2022-10-28 16:00:00;17.85661504441736;;;;;;;
2022-10-28 17:00:00;20.11765059910334;;;;;;;
2022-10-28 18:00:00;25.37159233286034;;;;;;;
2022-10-28 19:00:00;17.63362968622759;;;;;;;
2022-10-28 20:00:00;18.13560647465563;;;;;;;
2022-10-28 21:00:00;24.06631294907861;;;;;;;
2022-10-28 22:00:00;27.81881709671919;;;;;;;
2022-10-28 23:00:00;25.11914001353771;;;;;;;
2022-10-29 00:00:00;19.7707521810186;;;;;;;
2022-10-29 01:00:00;24.94132867417432;;;;;;;
2022-10-29 02:00:00;18.98856481053636;;;;;;;
2022-10-29 03:00:00;22.3814722183168;;;;;;;
2022-10-29 04:00:00;25.7904017254302;;;;;;;
2022-10-29 05:00:00;18.80464254478245;;;;;;;
2022-10-29 06:00:00;18.33183087778752;;;;;;;
2022-10-29 07:00:00;22.5972979026159;;;;;;;
2022-10-29 08:00:00;21.151127087703;;;;;;;
2022-10-29 09:00:00;18.24390408068747;;;;;;;
2022-10-29 10:00:00;19.63414353800968;;;;;;;
2022-10-29 11:00:00;21.11558886252648;;;;;;;
2022-10-29 12:00:00;18.88671337290039;;;;;;;
2022-10-29 13:00:00;22.08582260724429;;;;;;;
2022-10-29 14:00:00;26.14186776142111;;;;;;;
2022-10-29 15:00:00;23.42714875481339;;;;;;;
2022-10-29 16:00:00;21.8927102815016;;;;;;;
2022-10-29 17:00:00;20.8781902584271;;;;;;;
2022-10-29 18:00:00;24.30432283611803;;;;;;;
2022-10-29 19:00:00;19.45016318739897;;;;;;;
2022-10-29 20:00:00;21.03150224623207;;;;;;;
2022-10-29 21:00:00;18.71827210114729;;;;;;;
2022-10-29 22:00:00;20.89497632594784;;;;;;;
2022-10-29 23:00:00;26.01483621758317;;;;;;;
2022-10-30 00:00:00;22.87383404113154;;;;;;;
2022-10-30 01:00:00;24.32504878459779;;;;;;;
2022-10-30 02:00:00;23.38686573562958;;;;;;;
2022-10-30 03:00:00;18.57162269923544;;;;;;;
2022-10-30 04:00:00;24.15716774705542;;;;;;;
2022-10-30 05:00:00;13.22152141646631;;;;;;;
2022-10-30 06:00:00;18.22699637843227;;;;;;;
2022-10-30 07:00:00;23.97410603823053;;;;;;;
2022-10-30 08:00:00;22.71475464722822;;;;;;;
2022-10-30 09:00:00;22.01550821912231;;;;;;;
2022-10-30 10:00:00;15.61275324024448;;;;;;;
2022-10-30 11:00:00;21.12088383977164;;;;;;;
2022-10-30 12:00:00;23.94613248660506;;;;;;;
2022-10-30 13:00:00;17.0190985085925;;;;;;;
2022-10-30 14:00:00;19.58871668752617;;;;;;;
2022-10-30 15:00:00;25.17431791724898;;;;;;;
2022-10-30 16:00:00;15.14094207969464;;;;;;;
2022-10-30 17:00:00;23.58524656452314;;;;;;;
2022-10-30 18:00:00;22.89900798959083;;;;;;;
2022-10-30 19:00:00;26.58843429331662;;;;;;;
2022-10-30 20:00:00;14.05956032915761;;;;;;;
2022-10-30 21:00:00;21.8000268488236;;;;;;;
2022-10-30 22:00:00;22.21489509224929;;;;;;;
2022-10-30 23:00:00;26.14634797342158;;;;;;;
2022-10-31 00:00:00;21.67492552125417;;;;;;;
2022-10-31 01:00:00;26.18445048025977;;;;;;;
2022-10-31 02:00:00;22.33893249232098;;;;;;;
2022-10-31 03:00:00;25.15949465383376;;;;;;;
2022-10-31 04:00:00;19.6639111050277;;;;;;;
2022-10-31 05:00:00;22.25279702793058;;;;;;;
2022-10-31 06:00:00;22.77961830959012;;;;;;;
2022-10-31 07:00:00;20.46901727769235;;;;;;;
2022-10-31 08:00:00;22.67438468769933;;;;;;;
2022-10-31 09:00:00;22.44553311793765;;;;;;;
2022-10-31 10:00:00;20.8191393803903;;;;;;;
2022-10-31 11:00:00;17.89634596915576;;;;;;;
2022-10-31 12:00:00;26.26372356764515;;;;;;;
2022-10-31 13:00:00;20.17381110610397;;;;;;;
2022-10-31 14:00:00;26.34310548811198;;;;;;;
2022-10-31 15:00:00;24.12214880473664;;;;;;;
2022-10-31 16:00:00;16.99877305004432;;;;;;;
2022-10-31 17:00:00;19.33687907900379;;;;;;;
2022-10-31 18:00:00;25.31848819895348;;;;;;;
2022-10-31 19:00:00;18.95199296622658;;;;;;;
2022-10-31 20:00:00;28.0568236068399;;;;;;;
2022-10-31 21:00:00;20.05900408088201;;;;;;;
2022-10-31 22:00:00;21.02478976356588;;;;;;;
2022-10-31 23:00:00;17.89953604175264;;;;;;;
2022-11-01 00:00:00;27.10025502559616;;;;;;;
2022-11-01 01:00:00;18.237307735076;;;;;;;
2022-11-01 02:00:00;23.98982201734931;;;;;;;
2022-11-01 03:00:00;19.12669974988222;;;;;;;
2022-11-01 04:00:00;15.41334755664058;;;;;;;
2022-11-01 05:00:00;12.44583332278824;;;;;;;
2022-11-01 06:00:00;23.73196844437518;;;;;;;
2022-11-01 07:00:00;18.94395027927209;;;;;;;
2022-11-01 08:00:00;15.95832765383433;;;;;;;
2022-11-01 09:00:00;27.1621930782377;;;;;;;
2022-11-01 10:00:00;25.28676100160675;;;;;;;
2022-11-01 11:00:00;19.61096212066584;;;;;;;
2022-11-01 12:00:00;22.12533458092505;;;;;;;
2022-11-01 13:00:00;19.50293148420366;;;;;;;
2022-11-01 14:00:00;20.01217482280413;;;;;;;
2022-11-01 15:00:00;16.64880384394391;;;;;;;
2022-11-01 16:00:00;20.75328867011951;;;;;;;
2022-11-01 17:00:00;19.28121083446723;;;;;;;
2022-11-01 18:00:00;23.41745428317516;;;;;;;
2022-11-01 19:00:00;19.7518242937417;;;;;;;
2022-11-01 20:00:00;10.94565751343237;;;;;;;
2022-11-01 21:00:00;20.88402131453419;;;;;;;
2022-11-01 22:00:00;19.38402562456177;;;;;;;
2022-11-01 23:00:00;19.41622209522939;;;;;;;
2022-11-02 00:00:00;21.20623042796219;;;;;;;
2022-11-02 01:00:00;22.76355952702648;;;;;;;
2022-11-02 02:00:00;22.09470692937007;;;;;;;
2022-11-02 03:00:00;16.85388842735696;;;;;;;
2022-11-02 04:00:00;18.4123601485612;;;;;;;
2022-11-02 05:00:00;22.77928953650794;;;;;;;
2022-11-02 06:00:00;19.6215939408485;;;;;;;
2022-11-02 07:00:00;14.38386335432752;;;;;;;
2022-11-02 08:00:00;16.45513903626686;;;;;;;
2022-11-02 09:00:00;24.30601507459538;;;;;;;
2022-11-02 10:00:00;22.32292077916411;;;;;;;
2022-11-02 11:00:00;25.85938290409589;;;;;;;
2022-11-02 12:00:00;23.11936059641352;;;;;;;
2022-11-02 13:00:00;20.61431918689123;;;;;;;
2022-11-02 14:00:00;20.0749507821476;;;;;;;
2022-11-02 15:00:00;20.46190174982925;;;;;;;
2022-11-02 16:00:00;23.22288321792628;;;;;;;
2022-11-02 17:00:00;20.12069201887512;;;;;;;
2022-11-02 18:00:00;17.63859839789884;;;;;;;
2022-11-02 19:00:00;19.72944933178767;;;;;;;
2022-11-02 20:00:00;19.5281367228284;;;;;;;
2022-11-02 21:00:00;24.06039303650661;;;;;;;
2022-11-02 22:00:00;21.10184117668087;;;;;;;
2022-11-02 23:00:00;25.2835995122268;;;;;;;
2022-11-03 00:00:00;20.50009770052088;;;;;;;
2022-11-03 01:00:00;20.06859267133248;;;;;;;
2022-11-03 02:00:00;19.54143519672273;;;;;;;
2022-11-03 03:00:00;13.59731892785553;;;;;;;
2022-11-03 04:00:00;14.86808184579219;;;;;;;
2022-11-03 05:00:00;23.09391274637609;;;;;;;
2022-11-03 06:00:00;20.30548552564905;;;;;;;
2022-11-03 07:00:00;21.66460648477477;;;;;;;
2022-11-03 08:00:00;24.6444884164254;;;;;;;
2022-11-03 09:00:00;21.71793786702892;;;;;;;
2022-11-03 10:00:00;26.47438531713099;;;;;;;
2022-11-03 11:00:00;18.49097708152615;;;;;;;
2022-11-03 12:00:00;19.80220839518064;;;;;;;
2022-11-03 13:00:00;17.86569410360607;;;;;;;
2022-11-03 14:00:00;21.88638167698157;;;;;;;
2022-11-03 15:00:00;19.67894108120278;;;;;;;
2022-11-03 16:00:00;19.1947312679208;;;;;;;
2022-11-03 17:00:00;19.72713401730843;;;;;;;
2022-11-03 18:00:00;18.85310063220853;;;;;;;
2022-11-03 19:00:00;22.73231077581377;;;;;;;
2022-11-03 20:00:00;20.3500747134515;;;;;;;
2022-11-03 21:00:00;21.98008972000484;;;;;;;
2022-11-03 22:00:00;22.43544183234208;;;;;;;
2022-11-03 23:00:00;16.82132789372529;;;;;;;
2022-11-04 00:00:00;24.26201124194719;;;;;;;
2022-11-04 01:00:00;18.17250678173178;;;;;;;
2022-11-04 02:00:00;18.66336656258174;;;;;;;
2022-11-04 03:00:00;22.50144370541916;;;;;;;
2022-11-04 04:00:00;22.64506888244865;;;;;;;
2022-11-04 05:00:00;25.22514087371679;;;;;;;
2022-11-04 06:00:00;13.82047232864124;;;;;;;
2022-11-04 07:00:00;24.4543272273076;;;;;;;
2022-11-04 08:00:00;24.73117441861823;;;;;;;
2022-11-04 09:00:00;22.8594421964992;;;;;;;
2022-11-04 10:00:00;19.45076316110593;;;;;;;
2022-11-04 11:00:00;22.22163585083065;;;;;;;
2022-11-04 12:00:00;16.09049313178446;;;;;;;
2022-11-04 13:00:00;24.65163611580867;;;;;;;
2022-11-04 14:00:00;17.94854996280944;;;;;;;
2022-11-04 15:00:00;22.5217807588122;;;;;;;
2022-11-04 16:00:00;15.13249271461523;;;;;;;
2022-11-04 17:00:00;17.46335594704332;;;;;;;
2022-11-04 18:00:00;15.96505212577299;;;;;;;
2022-11-04 19:00:00;17.21922983397868;;;;;;;
2022-11-04 20:00:00;18.40770491901596;;;;;;;
2022-11-04 21:00:00;21.76587455027009;;;;;;;
2022-11-04 22:00:00;21.451145003033;;;;;;;
2022-11-04 23:00:00;22.10710441030575;;;;;;;
2022-11-05 00:00:00;24.63102754272487;;;;;;;
2022-11-05 01:00:00;21.82261343434686;;;;;;;
2022-11-05 02:00:00;22.82767544835599;;;;;;;
2022-11-05 03:00:00;29.24352505583602;;;;;;;
2022-11-05 04:00:00;22.63043748196134;;;;;;;
2022-11-05 05:00:00;24.28883298996695;;;;;;;
2022-11-05 06:00:00;21.92952549956184;;;;;;;
2022-11-05 07:00:00;19.99513791913759;;;;;;;
2022-11-05 08:00:00;26.65188041083911;;;;;;;
2022-11-05 09:00:00;15.06842769138374;;;;;;;
2022-11-05 10:00:00;15.79672275782852;;;;;;;
2022-11-05 11:00:00;17.45691429094491;;;;;;;
2022-11-05 12:00:00;17.88841275620845;;;;;;;
2022-11-05 13:00:00;25.41740482376811;;;;;;;
2022-11-05 14:00:00;26.3203951231851;;;;;;;
2022-11-05 15:00:00;21.56278923514913;;;;;;;
2022-11-05 16:00:00;20.70115646625501;;;;;;;
2022-11-05 17:00:00;19.86396393154311;;;;;;;
2022-11-05 18:00:00;23.03352151519094;;;;;;;
2022-11-05 19:00:00;16.52373809134626;;;;;;;
2022-11-05 20:00:00;22.54365622526569;;;;;;;
2022-11-05 21:00:00;23.30497208728497;;;;;;;
2022-11-05 22:00:00;25.44794076441116;;;;;;;
2022-11-05 23:00:00;19.13524403275681;;;;;;;
2022-11-06 00:00:00;16.82948751234184;;;;;;;
2022-11-06 01:00:00;15.94354794448634;;;;;;;
2022-11-06 02:00:00;22.2922835362291;;;;;;;
2022-11-06 03:00:00;29.41531165084455;;;;;;;
2022-11-06 04:00:00;15.69722943026109;;;;;;;
2022-11-06 05:00:00;19.12887175609944;;;;;;;
2022-11-06 06:00:00;22.28524227668019;;;;;;;
2022-11-06 07:00:00;22.20283309740284;;;;;;;
2022-11-06 08:00:00;20.9953253711985;;;;;;;
2022-11-06 09:00:00;18.13936906737726;;;;;;;
2022-11-06 10:00:00;19.32924065638055;;;;;;;
2022-11-06 11:00:00;22.54054951745188;;;;;;;
2022-11-06 12:00:00;16.8050761688334;;;;;;;
2022-11-06 13:00:00;23.40823634108845;;;;;;;
2022-11-06 14:00:00;26.43427665601272;;;;;;;
2022-11-06 15:00:00;16.54924257599719;;;;;;;
2022-11-06 16:00:00;25.11006212172476;;;;;;;
2022-11-06 17:00:00;24.60155421842165;;;;;;;
2022-11-06 18:00:00;24.29972190511893;;;;;;;
2022-11-06 19:00:00;20.23222582366284;;;;;;;
2022-11-06 20:00:00;21.48022591894982;;;;;;;
2022-11-06 21:00:00;18.62101067477786;;;;;;;
2022-11-06 22:00:00;24.21921766746833;;;;;;;
2022-11-06 23:00:00;24.82983630964814;;;;;;;
2022-11-07 00:00:00;20.53734308967331;;;;;;;
2022-11-07 01:00:00;21.15163456400081;;;;;;;
2022-11-07 02:00:00;23.95266530277723;;;;;;;
2022-11-07 03:00:00;20.74485672090822;;;;;;;
2022-11-07 04:00:00;20.84041655194464;;;;;;;
2022-11-07 05:00:00;22.45273600355346;;;;;;;
2022-11-07 06:00:00;25.97368229434608;;;;;;;
2022-11-07 07:00:00;24.76692695610997;;;;;;;
2022-11-07 08:00:00;22.71979576168857;;;;;;;
2022-11-07 09:00:00;22.20513551481973;;;;;;;
2022-11-07 10:00:00;27.71032013654798;;;;;;;
2022-11-07 11:00:00;19.66251918635548;;;;;;;
2022-11-07 12:00:00;19.8628842178802;;;;;;;
2022-11-07 13:00:00;21.90458626985918;;;;;;;
2022-11-07 14:00:00;32.34419838578671;;;;;;;
2022-11-07 15:00:00;19.46135949432028;;;;;;;
2022-11-07 16:00:00;24.45844689069139;;;;;;;
2022-11-07 17:00:00;18.12667887744448;;;;;;;
2022-11-07 18:00:00;23.31847985289087;;;;;;;
2022-11-07 19:00:00;24.90514571748258;;;;;;;
2022-11-07 20:00:00;22.22346571485519;;;;;;;
2022-11-07 21:00:00;15.10009040221725;;;;;;;
2022-11-07 22:00:00;21.59764397266845;;;;;;;
2022-11-07 23:00:00;20.89219857790474;;;;;;;
2022-11-08 00:00:00;16.09638449156953;;;;;;;
2022-11-08 01:00:00;19.05667138008202;;;;;;;
2022-11-08 02:00:00;22.36413665611634;;;;;;;
2022-11-08 03:00:00;20.87544706890215;;;;;;;
2022-11-08 04:00:00;14.03641512224844;;;;;;;
2022-11-08 05:00:00;20.56256050881844;;;;;;;
2022-11-08 06:00:00;19.7408574428319;;;;;;;
2022-11-08 07:00:00;21.53632977922929;;;;;;;
2022-11-08 08:00:00;19.80329463002674;;;;;;;
2022-11-08 09:00:00;24.11215951507387;;;;;;;
2022-11-08 10:00:00;21.84580941260399;;;;;;;
2022-11-08 11:00:00;26.23466267809606;;;;;;;
2022-11-08 12:00:00;23.79800957077623;;;;;;;
2022-11-08 13:00:00;24.08874063846382;;;;;;;
2022-11-08 14:00:00;23.21891683282404;;;;;;;
2022-11-08 15:00:00;20.3592930983894;;;;;;;
2022-11-08 16:00:00;16.30484273452953;;;;;;;
2022-11-08 17:00:00;21.51196845635864;;;;;;;
2022-11-08 18:00:00;22.27973416094169;;;;;;;
2022-11-08 19:00:00;21.55697887012826;;;;;;;
2022-11-08 20:00:00;26.39542639154316;;;;;;;
2022-11-08 21:00:00;16.19156027052999;;;;;;;
2022-11-08 22:00:00;17.85341330672842;;;;;;;
2022-11-08 23:00:00;25.69407182659453;;;;;;;
2022-11-09 00:00:00;23.25847529207297;;;;;;;
2022-11-09 01:00:00;22.85172543306167;;;;;;;
2022-11-09 02:00:00;16.05883824020396;;;;;;;
2022-11-09 03:00:00;26.98531671708778;;;;;;;
2022-11-09 04:00:00;15.6667225290035;;;;;;;
2022-11-09 05:00:00;23.08372668763614;;;;;;;
2022-11-09 06:00:00;21.98252135565188;;;;;;;
2022-11-09 07:00:00;25.39720973909843;;;;;;;
2022-11-09 08:00:00;21.2724180163015;;;;;;;
2022-11-09 09:00:00;24.78284730202426;;;;;;;
2022-11-09 10:00:00;17.64907403509254;;;;;;;
2022-11-09 11:00:00;24.60537521821843;;;;;;;
2022-11-09 12:00:00;25.44594778380957;;;;;;;
2022-11-09 13:00:00;20.27846195961905;;;;;;;
2022-11-09 14:00:00;19.34886168878302;;;;;;;
2022-11-09 15:00:00;23.24701609006028;;;;;;;
2022-11-09 16:00:00;20.43381051930816;;;;;;;
2022-11-09 17:00:00;23.36772419139283;;;;;;;
2022-11-09 18:00:00;13.20410025701636;;;;;;;
2022-11-09 19:00:00;19.31753754048298;;;;;;;
2022-11-09 20:00:00;21.409926219732;;;;;;;
2022-11-09 21:00:00;21.58697711376087;;;;;;;
2022-11-09 22:00:00;24.62823072897781;;;;;;;
2022-11-09 23:00:00;18.50444881720977;;;;;;;
2022-11-10 00:00:00;24.05242425407125;;;;;;;
2022-11-10 01:00:00;25.85657008290805;;;;;;;
2022-11-10 02:00:00;26.09093396756595;;;;;;;
2022-11-10 03:00:00;21.1983538131472;;;;;;;
2022-11-10 04:00:00;19.54805231131219;;;;;;;
2022-11-10 05:00:00;24.0710792031417;;;;;;;
2022-11-10 06:00:00;15.7234200750342;;;;;;;
2022-11-10 07:00:00;19.5307296579824;;;;;;;
2022-11-10 08:00:00;17.59715152119212;;;;;;;
2022-11-10 09:00:00;21.59862611840957;;;;;;;
2022-11-10 10:00:00;22.03176130892455;;;;;;;
2022-11-10 11:00:00;18.65802324445761;;;;;;;
2022-11-10 12:00:00;29.29955212963452;;;;;;;
2022-11-10 13:00:00;17.89153247757501;;;;;;;
2022-11-10 14:00:00;27.14025917253912;;;;;;;
2022-11-10 15:00:00;21.44564905373401;;;;;;;
2022-11-10 16:00:00;25.37810258634716;;;;;;;
2022-11-10 17:00:00;15.80459343666402;;;;;;;
2022-11-10 18:00:00;25.4519171043912;;;;;;;
2022-11-10 19:00:00;22.1892546701949;;;;;;;
2022-11-10 20:00:00;24.40520770094078;;;;;;;
2022-11-10 21:00:00;20.30107218218486;;;;;;;
2022-11-10 22:00:00;18.02263042079433;;;;;;;
2022-11-10 23:00:00;18.16317828441105;;;;;;;
2022-11-11 00:00:00;17.21386344897448;;;;;;;
2022-11-11 01:00:00;25.62199402053474;;;;;;;
2022-11-11 02:00:00;20.38711863876719;;;;;;;
2022-11-11 03:00:00;25.19016252906498;;;;;;;
2022-11-11 04:00:00;22.78382558685567;;;;;;;
2022-11-11 05:00:00;23.08894839423979;;;;;;;
2022-11-11 06:00:00;11.95230693724551;;;;;;;
2022-11-11 07:00:00;24.07155851726546;;;;;;;
2022-11-11 08:00:00;17.90156970883305;;;;;;;
2022-11-11 09:00:00;22.25115992913021;;;;;;;
2022-11-11 10:00:00;21.76821093104845;;;;;;;
2022-11-11 11:00:00;24.12598373537591;;;;;;;
2022-11-11 12:00:00;23.26225894048515;;;;;;;
2022-11-11 13:00:00;18.13169845050277;;;;;;;
2022-11-11 14:00:00;27.97493956895862;;;;;;;
2022-11-11 15:00:00;15.74532164400978;;;;;;;
2022-11-11 16:00:00;16.94593669635315;;;;;;;
2022-11-11 17:00:00;23.56342128575342;;;;;;;
2022-11-11 18:00:00;18.46447155757086;;;;;;;
2022-11-11 19:00:00;21.62733518850604;;;;;;;
2022-11-11 20:00:00;23.01694344351133;;;;;;;
2022-11-11 21:00:00;19.35996024685112;;;;;;;
2022-11-11 22:00:00;21.20120869189869;;;;;;;
2022-11-11 23:00:00;26.20998574586994;;;;;;;
2022-11-12 00:00:00;18.82578613728301;;;;;;;
2022-11-12 01:00:00;20.57084541087767;;;;;;;
2022-11-12 02:00:00;19.48702791300002;;;;;;;
2022-11-12 03:00:00;29.10981900326242;;;;;;;
2022-11-12 04:00:00;18.01715961833719;;;;;;;
2022-11-12 05:00:00;17.90953184198685;;;;;;;
2022-11-12 06:00:00;22.82843488342863;;;;;;;
2022-11-12 07:00:00;16.79831213712521;;;;;;;
2022-11-12 08:00:00;23.80507642329259;;;;;;;
2022-11-12 09:00:00;19.97006067030462;;;;;;;
2022-11-12 10:00:00;21.07497322518945;;;;;;;
2022-11-12 11:00:00;18.69349434950484;;;;;;;
2022-11-12 12:00:00;23.2278457117917;;;;;;;
2022-11-12 13:00:00;20.770569263624;;;;;;;
2022-11-12 14:00:00;22.05962343645776;;;;;;;
2022-11-12 15:00:00;21.60061424009561;;;;;;;
2022-11-12 16:00:00;21.56952770030409;;;;;;;
2022-11-12 17:00:00;28.32238405223186;;;;;;;
2022-11-12 18:00:00;26.21992125627301;;;;;;;
2022-11-12 19:00:00;24.03750836156129;;;;;;;
2022-11-12 20:00:00;19.37365767048967;;;;;;;
2022-11-12 21:00:00;12.85055546936706;;;;;;;
2022-11-12 22:00:00;24.76841909030385;;;;;;;
2022-11-12 23:00:00;21.3017225586733;;;;;;;
2022-11-13 00:00:00;25.35468156264367;;;;;;;
2022-11-13 01:00:00;23.28651281232472;;;;;;;
2022-11-13 02:00:00;21.64988617044426;;;;;;;
2022-11-13 03:00:00;20.59282457326234;;;;;;;
2022-11-13 04:00:00;20.2598236634773;;;;;;;
2022-11-13 05:00:00;19.54832324140878;;;;;;;
2022-11-13 06:00:00;16.55135970982368;;;;;;;
2022-11-13 07:00:00;16.27325024995937;;;;;;;
2022-11-13 08:00:00;20.95235204332352;;;;;;;
2022-11-13 09:00:00;21.57023212972112;;;;;;;
2022-11-13 10:00:00;20.47737626362249;;;;;;;
2022-11-13 11:00:00;19.22275236227405;;;;;;;
2022-11-13 12:00:00;22.80969858824804;;;;;;;
2022-11-13 13:00:00;23.42011724277128;;;;;;;
2022-11-13 14:00:00;21.15307488448833;;;;;;;
2022-11-13 15:00:00;27.35811422973614;;;;;;;
2022-11-13 16:00:00;23.81240601857831;;;;;;;
2022-11-13 17:00:00;19.77021044477198;;;;;;;
2022-11-13 18:00:00;20.60537461176808;;;;;;;
2022-11-13 19:00:00;22.66004563657501;;;;;;;
2022-11-13 20:00:00;19.39745969960495;;;;;;;
2022-11-13 21:00:00;27.19976887296064;;;;;;;
2022-11-13 22:00:00;20.68049069016441;;;;;;;
2022-11-13 23:00:00;22.53937559017923;;;;;;;
2022-11-14 00:00:00;22.28629701471587;;;;;;;
2022-11-14 01:00:00;25.44348747579392;;;;;;;
2022-11-14 02:00:00;25.93961977919719;;;;;;;
2022-11-14 03:00:00;16.97805510864462;;;;;;;
2022-11-14 04:00:00;21.90563871467787;;;;;;;
2022-11-14 05:00:00;22.65293482179334;;;;;;;
2022-11-14 06:00:00;25.50939261585999;;;;;;;
2022-11-14 07:00:00;13.45890787803132;;;;;;;
2022-11-14 08:00:00;17.27828875446482;;;;;;;
2022-11-14 09:00:00;19.96070493982325;;;;;;;
2022-11-14 10:00:00;19.5980754856682;;;;;;;
2022-11-14 11:00:00;19.03835066806237;;;;;;;
2022-11-14 12:00:00;18.77757371230557;;;;;;;
2022-11-14 13:00:00;29.88926643556162;;;;;;;
2022-11-14 14:00:00;25.98345133428094;;;;;;;
2022-11-14 15:00:00;26.90910180202322;;;;;;;
2022-11-14 16:00:00;22.25050807663165;;;;;;;
2022-11-14 17:00:00;29.67018293538763;;;;;;;
2022-11-14 18:00:00;20.8851744577287;;;;;;;
2022-11-14 19:00:00;15.49449688054958;;;;;;;
2022-11-14 20:00:00;25.91528316098809;;;;;;;
2022-11-14 21:00:00;19.08096084929412;;;;;;;
2022-11-14 22:00:00;19.38876650241523;;;;;;;
2022-11-14 23:00:00;26.35999847307915;;;;;;;
2022-11-15 00:00:00;19.80739387636072;;;;;;;
2022-11-15 01:00:00;21.74483028799268;;;;;;;
2022-11-15 02:00:00;19.75444538849622;;;;;;;
2022-11-15 03:00:00;17.60673472233488;;;;;;;
2022-11-15 04:00:00;19.78227705834896;;;;;;;
2022-11-15 05:00:00;20.5858871710377;;;;;;;
2022-11-15 06:00:00;23.80579886956847;;;;;;;
2022-11-15 07:00:00;27.00024282902794;;;;;;;
2022-11-15 08:00:00;26.96795868461201;;;;;;;
2022-11-15 09:00:00;20.32942578877088;;;;;;;
2022-11-15 10:00:00;20.64882043905672;;;;;;;
2022-11-15 11:00:00;19.23046165707316;;;;;;;
2022-11-15 12:00:00;16.44921259328704;;;;;;;
2022-11-15 13:00:00;26.76682368377146;;;;;;;
2022-11-15 14:00:00;25.55192133825314;;;;;;;
2022-11-15 15:00:00;22.5877668898671;;;;;;;
2022-11-15 16:00:00;22.29739603904564;;;;;;;
2022-11-15 17:00:00;16.62457758920057;;;;;;;
2022-11-15 18:00:00;21.12976407509674;;;;;;;
2022-11-15 19:00:00;21.84845738284418;;;;;;;
2022-11-15 20:00:00;22.457232230339;;;;;;;
2022-11-15 21:00:00;19.42954089914917;;;;;;;
2022-11-15 22:00:00;18.82875036978666;;;;;;;
2022-11-15 23:00:00;21.43911334529627;;;;;;;
2022-11-16 00:00:00;22.86690136775675;;;;;;;
2022-11-16 01:00:00;22.55657887735565;;;;;;;
2022-11-16 02:00:00;17.91358053737673;;;;;;;
2022-11-16 03:00:00;23.21973153418525;;;;;;;
2022-11-16 04:00:00;23.06338886431205;;;;;;;
2022-11-16 05:00:00;20.04939172536488;;;;;;;
2022-11-16 06:00:00;21.02226036641626;;;;;;;
2022-11-16 07:00:00;20.66550397451559;;;;;;;
2022-11-16 08:00:00;16.67489568030066;;;;;;;
2022-11-16 09:00:00;25.90564743219297;;;;;;;
2022-11-16 10:00:00;21.31662600634303;;;;;;;
2022-11-16 11:00:00;19.00949553300914;;;;;;;
2022-11-16 12:00:00;19.71504428117157;;;;;;;
2022-11-16 13:00:00;22.9639054354257;;;;;;;
2022-11-16 14:00:00;19.1180258185444;;;;;;;
2022-11-16 15:00:00;25.94204455083935;;;;;;;
2022-11-16 16:00:00;23.09866067262569;;;;;;;
2022-11-16 17:00:00;21.96626531428004;;;;;;;
2022-11-16 18:00:00;20.12536149532136;;;;;;;
2022-11-16 19:00:00;19.66997621766743;;;;;;;
2022-11-16 20:00:00;23.82725109883288;;;;;;;
2022-11-16 21:00:00;22.05868118023796;;;;;;;
2022-11-16 22:00:00;19.51566036680371;;;;;;;
2022-11-16 23:00:00;19.12084696092522;;;;;;;
2022-11-17 00:00:00;24.07091414847924;;;;;;;
2022-11-17 01:00:00;26.04586797396438;;;;;;;
2022-11-17 02:00:00;23.22233466043918;;;;;;;
2022-11-17 03:00:00;26.73159535003968;;;;;;;
2022-11-17 04:00:00;21.87587884745427;;;;;;;
2022-11-17 05:00:00;20.6204289542503;;;;;;;
2022-11-17 06:00:00;24.33973010493816;;;;;;;
2022-11-17 07:00:00;25.04470902089314;;;;;;;
2022-11-17 08:00:00;22.78134373728436;;;;;;;
2022-11-17 09:00:00;21.84137732364232;;;;;;;
2022-11-17 10:00:00;21.49415481628066;;;;;;;
2022-11-17 11:00:00;21.88575466887257;;;;;;;
2022-11-17 12:00:00;17.22365119872395;;;;;;;
2022-11-17 13:00:00;23.17104871356182;;;;;;;
2022-11-17 14:00:00;25.13625941019282;;;;;;;
2022-11-17 15:00:00;19.14190254394589;;;;;;;
2022-11-17 16:00:00;16.053850614393;;;;;;;
2022-11-17 17:00:00;24.32606990976474;;;;;;;
2022-11-17 18:00:00;24.90105971987889;;;;;;;
2022-11-17 19:00:00;20.92372302383725;;;;;;;
2022-11-17 20:00:00;19.73076112946281;;;;;;;
2022-11-17 21:00:00;26.11870567213257;;;;;;;
2022-11-17 22:00:00;22.9859540287041;;;;;;;
2022-11-17 23:00:00;21.04957003231297;;;;;;;
2022-11-18 00:00:00;23.74976729454476;;;;;;;
2022-11-18 01:00:00;25.26094455912547;;;;;;;
2022-11-18 02:00:00;17.27906090213673;;;;;;;
2022-11-18 03:00:00;23.04736582560321;;;;;;;
2022-11-18 04:00:00;14.9323894625983;;;;;;;
2022-11-18 05:00:00;25.04937111767455;;;;;;;
2022-11-18 06:00:00;18.64409308415971;;;;;;;
2022-11-18 07:00:00;22.4540256098025;;;;;;;
2022-11-18 08:00:00;19.8606700828174;;;;;;;
2022-11-18 09:00:00;17.06688882283952;;;;;;;
2022-11-18 10:00:00;21.68175630362371;;;;;;;
2022-11-18 11:00:00;23.86596845338294;;;;;;;
2022-11-18 12:00:00;23.66362070214157;;;;;;;
2022-11-18 13:00:00;21.21655277671336;;;;;;;
2022-11-18 14:00:00;21.60431296501968;;;;;;;
2022-11-18 15:00:00;22.06689005862508;;;;;;;
2022-11-18 16:00:00;19.78662236843616;;;;;;;
2022-11-18 17:00:00;22.13226498802145;;;;;;;
2022-11-18 18:00:00;15.05242787301784;;;;;;;
2022-11-18 19:00:00;19.34132759558142;;;;;;;
2022-11-18 20:00:00;15.42713772013318;;;;;;;
2022-11-18 21:00:00;25.54423374955022;;;;;;;
2022-11-18 22:00:00;19.58740030151283;;;;;;;
2022-11-18 23:00:00;18.13661798779563;;;;;;;
2022-11-19 00:00:00;26.33607793470089;;;;;;;
2022-11-19 01:00:00;17.9124425044363;;;;;;;
2022-11-19 02:00:00;20.96344945039357;;;;;;;
2022-11-19 03:00:00;16.54388329520264;;;;;;;
2022-11-19 04:00:00;18.03627871623857;;;;;;;
2022-11-19 05:00:00;23.75116180717063;;;;;;;
2022-11-19 06:00:00;24.03150005805554;;;;;;;
2022-11-19 07:00:00;26.97628075461032;;;;;;;
2022-11-19 08:00:00;20.53533139696805;;;;;;;
2022-11-19 09:00:00;20.22092612649363;;;;;;;
2022-11-19 10:00:00;18.80991541761729;;;;;;;
2022-11-19 11:00:00;23.44346083698912;;;;;;;
2022-11-19 12:00:00;17.8210261650255;;;;;;;
2022-11-19 13:00:00;18.84855809557715;;;;;;;
2022-11-19 14:00:00;23.38738342811172;;;;;;;
2022-11-19 15:00:00;21.76048872446572;;;;;;;
2022-11-19 16:00:00;16.44354608639496;;;;;;;
2022-11-19 17:00:00;24.73224838123731;;;;;;;
2022-11-19 18:00:00;15.68561805247793;;;;;;;
2022-11-19 19:00:00;24.84741905309819;;;;;;;
2022-11-19 20:00:00;17.17166327572304;;;;;;;
2022-11-19 21:00:00;22.86219450619247;;;;;;;
2022-11-19 22:00:00;19.80167809264959;;;;;;;
2022-11-19 23:00:00;22.67122507487931;;;;;;;
2022-11-20 00:00:00;24.489176112542;;;;;;;
2022-11-20 01:00:00;22.59208925388599;;;;;;;
2022-11-20 02:00:00;18.52551188620803;;;;;;;
2022-11-20 03:00:00;24.41581492695346;;;;;;;
2022-11-20 04:00:00;24.67647220609613;;;;;;;
2022-11-20 05:00:00;20.16326756993703;;;;;;;
2022-11-20 06:00:00;22.17521974046362;;;;;;;
2022-11-20 07:00:00;17.58927501578872;;;;;;;
2022-11-20 08:00:00;20.53834678885437;;;;;;;
2022-11-20 09:00:00;25.84992484107828;;;;;;;
2022-11-20 10:00:00;22.42063511975073;;;;;;;
2022-11-20 11:00:00;16.57298286643949;;;;;;;
2022-11-20 12:00:00;21.80115775823586;;;;;;;
2022-11-20 13:00:00;20.78403138719936;;;;;;;
2022-11-20 14:00:00;20.30245974494861;;;;;;;
2022-11-20 15:00:00;17.5525452396646;;;;;;;
2022-11-20 16:00:00;20.83992300085695;;;;;;;
2022-11-20 17:00:00;19.71401198056088;;;;;;;
2022-11-20 18:00:00;20.99170975338632;;;;;;;
2022-11-20 19:00:00;21.94232371019832;;;;;;;
2022-11-20 20:00:00;23.47719240486623;;;;;;;
2022-11-20 21:00:00;18.78291847939836;;;;;;;
2022-11-20 22:00:00;24.55686348985238;;;;;;;
2022-11-20 23:00:00;21.99961941571204;;;;;;;
2022-11-21 00:00:00;18.07086615026313;;;;;;;
2022-11-21 01:00:00;22.729538281268;;;;;;;
2022-11-21 02:00:00;19.96014336369901;;;;;;;
2022-11-21 03:00:00;21.51970062302153;;;;;;;
2022-11-21 04:00:00;21.26775282603887;;;;;;;
2022-11-21 05:00:00;19.82064056384361;;;;;;;
2022-11-21 06:00:00;21.78956634281992;;;;;;;
2022-11-21 07:00:00;20.58954448131579;;;;;;;
2022-11-21 08:00:00;22.95781592878883;;;;;;;
2022-11-21 09:00:00;17.20170743417679;;;;;;;
2022-11-21 10:00:00;24.09445180875553;;;;;;;
2022-11-21 11:00:00;17.86767625949642;;;;;;;
2022-11-21 12:00:00;24.88891083731545;;;;;;;
2022-11-21 13:00:00;17.21574657715746;;;;;;;
2022-11-21 14:00:00;21.50164810893219;;;;;;;
2022-11-21 15:00:00;22.50931627333959;;;;;;;
2022-11-21 16:00:00;18.54548005239325;;;;;;;
2022-11-21 17:00:00;19.94305119827257;;;;;;;
2022-11-21 18:00:00;24.21141733289162;;;;;;;
2022-11-21 19:00:00;21.4461896171541;;;;;;;
2022-11-21 20:00:00;21.94358594322984;;;;;;;
2022-11-21 21:00:00;24.30921600368726;;;;;;;
2022-11-21 22:00:00;22.06705678121929;;;;;;;
2022-11-21 23:00:00;13.330344781855;;;;;;;
2022-11-22 00:00:00;20.39898225507905;;;;;;;
2022-11-22 01:00:00;22.86270807418075;;;;;;;
2022-11-22 02:00:00;25.42632527002722;;;;;;;
2022-11-22 03:00:00;23.27392933515212;;;;;;;
2022-11-22 04:00:00;20.22094924272113;;;;;;;
2022-11-22 05:00:00;21.19899031940417;;;;;;;
2022-11-22 06:00:00;21.03797832735816;;;;;;;
2022-11-22 07:00:00;22.91507422071846;;;;;;;
2022-11-22 08:00:00;20.85166010791465;;;;;;;
2022-11-22 09:00:00;23.56992124666104;;;;;;;
2022-11-22 10:00:00;27.60155841622148;;;;;;;
2022-11-22 11:00:00;23.35449760594624;;;;;;;
2022-11-22 12:00:00;15.67444649100485;;;;;;;
2022-11-22 13:00:00;28.21020329427038;;;;;;;
2022-11-22 14:00:00;17.46906725051738;;;;;;;
2022-11-22 15:00:00;22.20172548981339;;;;;;;
2022-11-22 16:00:00;13.45863550127688;;;;;;;
2022-11-22 17:00:00;30.33067005210371;;;;;;;
2022-11-22 18:00:00;20.33824389604913;;;;;;;
2022-11-22 19:00:00;18.00113999253319;;;;;;;
2022-11-22 20:00:00;21.51239415792892;;;;;;;
2022-11-22 21:00:00;21.643894100301;;;;;;;
2022-11-22 22:00:00;26.41332172348956;;;;;;;
2022-11-22 23:00:00;17.11941102216928;;;;;;;
2022-11-23 00:00:00;19.18066220344497;;;;;;;
2022-11-23 01:00:00;22.10970292280408;;;;;;;
2022-11-23 02:00:00;15.87721766432502;;;;;;;
2022-11-23 03:00:00;19.42031731255447;;;;;;;
2022-11-23 04:00:00;18.78549913628408;;;;;;;
2022-11-23 05:00:00;19.9233008353271;;;;;;;
2022-11-23 06:00:00;22.79679609363684;;;;;;;
2022-11-23 07:00:00;24.96345193960785;;;;;;;
2022-11-23 08:00:00;20.15364548616256;;;;;;;
2022-11-23 09:00:00;21.2225771761733;;;;;;;
2022-11-23 10:00:00;17.68214246734653;;;;;;;
2022-11-23 11:00:00;19.90633278763864;;;;;;;
2022-11-23 12:00:00;22.9820594530403;;;;;;;
2022-11-23 13:00:00;21.71370632172463;;;;;;;
2022-11-23 14:00:00;21.7307717092059;;;;;;;
2022-11-23 15:00:00;22.91419600922098;;;;;;;
2022-11-23 16:00:00;22.98910280497539;;;;;;;
2022-11-23 17:00:00;20.42922931451299;;;;;;;
2022-11-23 18:00:00;22.46093214235968;;;;;;;
2022-11-23 19:00:00;24.08378458272386;;;;;;;
2022-11-23 20:00:00;26.67154535745436;;;;;;;
2022-11-23 21:00:00;23.22740220414323;;;;;;;
2022-11-23 22:00:00;25.64585180425469;;;;;;;
2022-11-23 23:00:00;22.41737853434879;;;;;;;
2022-11-24 00:00:00;23.34214098744195;;;;;;;
2022-11-24 01:00:00;20.31817404840582;;;;;;;
2022-11-24 02:00:00;22.19714660543246;;;;;;;
2022-11-24 03:00:00;24.21944569601603;;;;;;;
2022-11-24 04:00:00;22.6958895251372;;;;;;;
2022-11-24 05:00:00;15.70405527203795;;;;;;;
2022-11-24 06:00:00;21.61882792489839;;;;;;;
2022-11-24 07:00:00;18.25145474034002;;;;;;;
2022-11-24 08:00:00;22.05425374274665;;;;;;;
2022-11-24 09:00:00;17.23251374768521;;;;;;;
2022-11-24 10:00:00;18.70768384768155;;;;;;;
2022-11-24 11:00:00;17.15495405512909;;;;;;;
2022-11-24 12:00:00;23.42826784381875;;;;;;;
2022-11-24 13:00:00;24.37545589300504;;;;;;;
2022-11-24 14:00:00;19.89485228472355;;;;;;;
2022-11-24 15:00:00;20.40879298743505;;;;;;;
2022-11-24 16:00:00;24.01218770831744;;;;;;;
2022-11-24 17:00:00;21.5789519201891;;;;;;;
2022-11-24 18:00:00;22.52023000751683;;;;;;;
2022-11-24 19:00:00;22.02524102022258;;;;;;;
2022-11-24 20:00:00;18.68632325478204;;;;;;;
2022-11-24 21:00:00;22.1219153061599;;;;;;;
2022-11-24 22:00:00;19.81116865005029;;;;;;;
2022-11-24 23:00:00;15.55254610245009;;;;;;;
2022-11-25 00:00:00;22.59186486033137;;;;;;;
2022-11-25 01:00:00;21.40391057197634;;;;;;;
2022-11-25 02:00:00;16.50921833800895;;;;;;;
2022-11-25 03:00:00;22.06942570499028;;;;;;;
2022-11-25 04:00:00;19.10578399673089;;;;;;;
2022-11-25 05:00:00;30.72999696677472;;;;;;;
2022-11-25 06:00:00;23.88576287687714;;;;;;;
2022-11-25 07:00:00;19.74605060534648;;;;;;;
2022-11-25 08:00:00;20.41218643062891;;;;;;;
2022-11-25 09:00:00;26.60265836973475;;;;;;;
2022-11-25 10:00:00;22.43404900752694;;;;;;;
2022-11-25 11:00:00;26.18822395664256;;;;;;;
2022-11-25 12:00:00;22.32492896810576;;;;;;;
2022-11-25 13:00:00;23.69551093217015;;;;;;;
2022-11-25 14:00:00;17.20784560923796;;;;;;;
2022-11-25 15:00:00;20.21400386176313;;;;;;;
2022-11-25 16:00:00;18.64951980091644;;;;;;;
2022-11-25 17:00:00;16.76738589734673;;;;;;;
2022-11-25 18:00:00;24.9587434594775;;;;;;;
2022-11-25 19:00:00;21.61889154502049;;;;;;;
2022-11-25 20:00:00;20.13873658191313;;;;;;;
2022-11-25 21:00:00;17.85976240850392;;;;;;;
2022-11-25 22:00:00;22.43191281402254;;;;;;;
2022-11-25 23:00:00;25.10885864484202;;;;;;;
2022-11-26 00:00:00;19.96156208214039;;;;;;;
2022-11-26 01:00:00;23.80198756705883;;;;;;;
2022-11-26 02:00:00;28.71870533711084;;;;;;;
2022-11-26 03:00:00;24.52187530727939;;;;;;;
2022-11-26 04:00:00;24.78111264830882;;;;;;;
2022-11-26 05:00:00;17.42710857843709;;;;;;;
2022-11-26 06:00:00;27.47800808810415;;;;;;;
2022-11-26 07:00:00;16.70109732296715;;;;;;;
2022-11-26 08:00:00;18.6482062828441;;;;;;;
2022-11-26 09:00:00;18.78200642966916;;;;;;;
2022-11-26 10:00:00;24.31625590225361;;;;;;;
2022-11-26 11:00:00;28.34251192430303;;;;;;;
2022-11-26 12:00:00;21.88872269574059;;;;;;;
2022-11-26 13:00:00;19.10019240884609;;;;;;;
2022-11-26 14:00:00;22.4376906181219;;;;;;;
2022-11-26 15:00:00;22.2334656067246;;;;;;;
2022-11-26 16:00:00;23.34351193327368;;;;;;;
2022-11-26 17:00:00;21.7990830831639;;;;;;;
2022-11-26 18:00:00;22.41597621358927;;;;;;;
2022-11-26 19:00:00;17.7705209446549;;;;;;;
2022-11-26 20:00:00;22.6176832773555;;;;;;;
2022-11-26 21:00:00;19.71590948498536;;;;;;;
2022-11-26 22:00:00;19.11213378920899;;;;;;;
2022-11-26 23:00:00;16.405516173141;;;;;;;
2022-11-27 00:00:00;20.24367381794374;;;;;;;
2022-11-27 01:00:00;19.73543407130373;;;;;;;
2022-11-27 02:00:00;24.14599537238764;;;;;;;
2022-11-27 03:00:00;17.5479337059292;;;;;;;
2022-11-27 04:00:00;24.54831461839617;;;;;;;
2022-11-27 05:00:00;20.32257070002716;;;;;;;
2022-11-27 06:00:00;24.0343363700757;;;;;;;
2022-11-27 07:00:00;19.09272403130644;;;;;;;
2022-11-27 08:00:00;22.20434382093569;;;;;;;
2022-11-27 09:00:00;23.56598768673967;;;;;;;
2022-11-27 10:00:00;23.12281336763548;;;;;;;
2022-11-27 11:00:00;20.66985950189171;;;;;;;
2022-11-27 12:00:00;26.30427908252071;;;;;;;
2022-11-27 13:00:00;20.86841095831861;;;;;;;
2022-11-27 14:00:00;23.59540834972102;;;;;;;
2022-11-27 15:00:00;17.86702546761102;;;;;;;
2022-11-27 16:00:00;22.73065470574538;;;;;;;
2022-11-27 17:00:00;26.33433573143618;;;;;;;
2022-11-27 18:00:00;24.84529142939524;;;;;;;
2022-11-27 19:00:00;16.47756468613456;;;;;;;
2022-11-27 20:00:00;18.519296351291;;;;;;;
2022-11-27 21:00:00;24.37953832836511;;;;;;;
2022-11-27 22:00:00;19.53565405304396;;;;;;;
2022-11-27 23:00:00;22.3550212047247;;;;;;;
2022-11-28 00:00:00;22.12235944320765;;;;;;;
2022-11-28 01:00:00;20.21166417551796;;;;;;;
2022-11-28 02:00:00;21.37893437581352;;;;;;;
2022-11-28 03:00:00;17.38679822374618;;;;;;;
2022-11-28 04:00:00;22.61246591698983;;;;;;;
2022-11-28 05:00:00;25.86843461271319;;;;;;;
2022-11-28 06:00:00;15.68762310174656;;;;;;;
2022-11-28 07:00:00;13.16664667649758;;;;;;;
2022-11-28 08:00:00;22.18877119951834;;;;;;;
2022-11-28 09:00:00;25.97407985400546;;;;;;;
2022-11-28 10:00:00;16.94940098040389;;;;;;;
2022-11-28 11:00:00;20.61702268812544;;;;;;;
2022-11-28 12:00:00;18.83018680668955;;;;;;;
2022-11-28 13:00:00;20.59972398874577;;;;;;;
2022-11-28 14:00:00;20.81645970792536;;;;;;;
2022-11-28 15:00:00;22.73638083998519;;;;;;;
2022-11-28 16:00:00;26.2433704231157;;;;;;;
2022-11-28 17:00:00;20.68116294638719;;;;;;;
2022-11-28 18:00:00;23.30378961652356;;;;;;;
2022-11-28 19:00:00;23.50705592909855;;;;;;;
2022-11-28 20:00:00;22.85929334273543;;;;;;;
2022-11-28 21:00:00;25.32013936514139;;;;;;;
2022-11-28 22:00:00;22.32009337788731;;;;;;;
2022-11-28 23:00:00;20.30330910709722;;;;;;;
2022-11-29 00:00:00;25.40167838044551;;;;;;;
2022-11-29 01:00:00;19.24734809426597;;;;;;;
2022-11-29 02:00:00;19.27917376489248;;;;;;;
2022-11-29 03:00:00;20.86291481311794;;;;;;;
2022-11-29 04:00:00;19.58092575267715;;;;;;;
2022-11-29 05:00:00;15.87564653041589;;;;;;;
2022-11-29 06:00:00;17.02073975047521;;;;;;;
2022-11-29 07:00:00;23.97680986534659;;;;;;;
2022-11-29 08:00:00;17.95122340523966;;;;;;;
2022-11-29 09:00:00;20.38530120020221;;;;;;;
2022-11-29 10:00:00;18.00253821672693;;;;;;;
2022-11-29 11:00:00;18.43002512304316;;;;;;;
2022-11-29 12:00:00;22.18102046145138;;;;;;;
2022-11-29 13:00:00;24.63687226362698;;;;;;;
2022-11-29 14:00:00;27.73574542500036;;;;;;;
2022-11-29 15:00:00;16.81632980226838;;;;;;;
2022-11-29 16:00:00;19.47854653181464;;;;;;;
2022-11-29 17:00:00;19.34584146422523;;;;;;;
2022-11-29 18:00:00;28.10657406672915;;;;;;;
2022-11-29 19:00:00;25.70992091152329;;;;;;;
2022-11-29 20:00:00;20.12195741273809;;;;;;;
2022-11-29 21:00:00;22.31724212201891;;;;;;;
2022-11-29 22:00:00;20.68667074559544;;;;;;;
2022-11-29 23:00:00;21.8256086308239;;;;;;;
2022-11-30 00:00:00;23.18297634005405;;;;;;;
2022-11-30 01:00:00;18.02178517413799;;;;;;;
2022-11-30 02:00:00;19.99250910741901;;;;;;;
2022-11-30 03:00:00;19.27374480845204;;;;;;;
2022-11-30 04:00:00;23.91881254468565;;;;;;;
2022-11-30 05:00:00;20.39005935894046;;;;;;;
2022-11-30 06:00:00;21.43984176903662;;;;;;;
2022-11-30 07:00:00;19.89127789905266;;;;;;;
2022-11-30 08:00:00;17.99310001505146;;;;;;;
2022-11-30 09:00:00;20.18852436071256;;;;;;;
2022-11-30 10:00:00;21.66156165225089;;;;;;;
2022-11-30 11:00:00;24.00491370913753;;;;;;;
2022-11-30 12:00:00;19.87852861139845;;;;;;;
2022-11-30 13:00:00;17.70243403467629;;;;;;;
2022-11-30 14:00:00;22.78293561773119;;;;;;;
2022-11-30 15:00:00;25.10153205950249;;;;;;;
2022-11-30 16:00:00;22.57811338984609;;;;;;;
2022-11-30 17:00:00;22.39064680678036;;;;;;;
2022-11-30 18:00:00;20.38120934816883;;;;;;;
2022-11-30 19:00:00;15.62963507722147;;;;;;;
2022-11-30 20:00:00;19.71972897492641;;;;;;;
2022-11-30 21:00:00;24.25035255053716;;;;;;;
2022-11-30 22:00:00;20.34909537822393;;;;;;;
2022-11-30 23:00:00;24.38047417075256;;;;;;;
2022-12-01 00:00:00;17.67783210180902;;;;;;;
2022-12-01 01:00:00;19.18009574586593;;;;;;;
2022-12-01 02:00:00;24.01353168766775;;;;;;;
2022-12-01 03:00:00;18.41415144408961;;;;;;;
2022-12-01 04:00:00;23.28107248765368;;;;;;;
2022-12-01 05:00:00;21.99526118616064;;;;;;;
2022-12-01 06:00:00;21.93917970397031;;;;;;;
2022-12-01 07:00:00;24.71096368800682;;;;;;;
2022-12-01 08:00:00;16.89180297819638;;;;;;;
2022-12-01 09:00:00;22.17037086709594;;;;;;;
2022-12-01 10:00:00;21.84468832624342;;;;;;;
2022-12-01 11:00:00;19.49434939526216;;;;;;;
2022-12-01 12:00:00;21.30140398981045;;;;;;;
2022-12-01 13:00:00;23.58862922068014;;;;;;;
2022-12-01 14:00:00;22.48829696486309;;;;;;;
2022-12-01 15:00:00;17.25466601782779;;;;;;;
2022-12-01 16:00:00;24.68218556573833;;;;;;;
2022-12-01 17:00:00;14.05962610969812;;;;;;;
2022-12-01 18:00:00;20.62026848324444;;;;;;;
2022-12-01 19:00:00;21.22580709526708;;;;;;;
2022-12-01 20:00:00;21.46398066687443;;;;;;;
2022-12-01 21:00:00;17.72483843850504;;;;;;;
2022-12-01 22:00:00;25.22635588556219;;;;;;;
2022-12-01 23:00:00;21.56917064595044;;;;;;;
2022-12-02 00:00:00;14.50014289928205;;;;;;;
2022-12-02 01:00:00;21.5827125363575;;;;;;;
2022-12-02 02:00:00;22.67569692904322;;;;;;;
2022-12-02 03:00:00;16.83063194361022;;;;;;;
2022-12-02 04:00:00;21.38357510904028;;;;;;;
2022-12-02 05:00:00;21.76515032005872;;;;;;;
2022-12-02 06:00:00;24.90858412731978;;;;;;;
2022-12-02 07:00:00;22.09112684806941;;;;;;;
2022-12-02 08:00:00;15.74990194371174;;;;;;;
2022-12-02 09:00:00;19.40422253191185;;;;;;;
2022-12-02 10:00:00;26.48876458760576;;;;;;;
2022-12-02 11:00:00;9.70880214925562;;;;;;;
2022-12-02 12:00:00;22.12738382990702;;;;;;;
2022-12-02 13:00:00;25.3184559191074;;;;;;;
2022-12-02 14:00:00;27.11875048180752;;;;;;;
2022-12-02 15:00:00;16.30998762127854;;;;;;;
2022-12-02 16:00:00;20.32059857763589;;;;;;;
2022-12-02 17:00:00;21.38537936297561;;;;;;;
2022-12-02 18:00:00;24.92014777817998;;;;;;;
2022-12-02 19:00:00;18.32838350620119;;;;;;;
2022-12-02 20:00:00;25.99540923234832;;;;;;;
2022-12-02 21:00:00;18.87198539960571;;;;;;;
2022-12-02 22:00:00;26.87760237157526;;;;;;;
2022-12-02 23:00:00;17.66613907270736;;;;;;;
2022-12-03 00:00:00;18.32809814524315;;;;;;;
2022-12-03 01:00:00;21.6632128860208;;;;;;;
2022-12-03 02:00:00;26.61627977762207;;;;;;;
2022-12-03 03:00:00;18.95051089198018;;;;;;;
2022-12-03 04:00:00;16.63760524018675;;;;;;;
2022-12-03 05:00:00;23.67101689191091;;;;;;;
2022-12-03 06:00:00;19.46626802393836;;;;;;;
2022-12-03 07:00:00;16.39242973805955;;;;;;;
2022-12-03 08:00:00;20.72497918429858;;;;;;;
2022-12-03 09:00:00;23.75707558802139;;;;;;;
2022-12-03 10:00:00;16.30528030143388;;;;;;;
2022-12-03 11:00:00;18.36186838898803;;;;;;;
2022-12-03 12:00:00;20.21049804681483;;;;;;;
2022-12-03 13:00:00;20.75150241232014;;;;;;;
2022-12-03 14:00:00;16.64566683197667;;;;;;;
2022-12-03 15:00:00;21.84015286746691;;;;;;;
2022-12-03 16:00:00;23.26728919649906;;;;;;;
2022-12-03 17:00:00;18.2913235647915;;;;;;;
2022-12-03 18:00:00;15.23101671355875;;;;;;;
2022-12-03 19:00:00;20.38977632945775;;;;;;;
2022-12-03 20:00:00;26.15657002254484;;;;;;;
2022-12-03 21:00:00;26.09453852024592;;;;;;;
2022-12-03 22:00:00;22.17025258603439;;;;;;;
2022-12-03 23:00:00;22.38531245756272;;;;;;;
2022-12-04 00:00:00;22.4472191209356;;;;;;;
2022-12-04 01:00:00;16.11600136245809;;;;;;;
2022-12-04 02:00:00;18.88908397028435;;;;;;;
2022-12-04 03:00:00;20.20897604022819;;;;;;;
2022-12-04 04:00:00;24.99721654545987;;;;;;;
2022-12-04 05:00:00;20.91781927047365;;;;;;;
2022-12-04 06:00:00;22.93873453743554;;;;;;;
2022-12-04 07:00:00;20.62352765279479;;;;;;;
2022-12-04 08:00:00;20.97856630505854;;;;;;;
2022-12-04 09:00:00;14.83409922022321;;;;;;;
2022-12-04 10:00:00;19.60976704224918;;;;;;;
2022-12-04 11:00:00;19.6718746552049;;;;;;;
2022-12-04 12:00:00;21.18892156156618;;;;;;;
2022-12-04 13:00:00;22.01361856499771;;;;;;;
2022-12-04 14:00:00;17.11877338449286;;;;;;;
2022-12-04 15:00:00;22.08891909877546;;;;;;;
2022-12-04 16:00:00;17.74863019125593;;;;;;;
2022-12-04 17:00:00;19.78379753640881;;;;;;;
2022-12-04 18:00:00;24.7698439767758;;;;;;;
2022-12-04 19:00:00;20.04119978654118;;;;;;;
2022-12-04 20:00:00;23.84485301330671;;;;;;;
2022-12-04 21:00:00;20.32354207652987;;;;;;;
2022-12-04 22:00:00;21.97133486724464;;;;;;;
2022-12-04 23:00:00;16.10057480602388;;;;;;;
2022-12-05 00:00:00;25.3814498243855;;;;;;;
2022-12-05 01:00:00;19.01061121147761;;;;;;;
2022-12-05 02:00:00;19.29449466972303;;;;;;;
2022-12-05 03:00:00;19.5496475235871;;;;;;;
2022-12-05 04:00:00;19.93647829159553;;;;;;;
2022-12-05 05:00:00;22.0697858605831;;;;;;;
2022-12-05 06:00:00;19.44127301518337;;;;;;;
2022-12-05 07:00:00;19.8397496904282;;;;;;;
2022-12-05 08:00:00;19.58578672487994;;;;;;;
2022-12-05 09:00:00;20.72800444069259;;;;;;;
2022-12-05 10:00:00;15.94879155646788;;;;;;;
2022-12-05 11:00:00;18.86950074074992;;;;;;;
2022-12-05 12:00:00;24.61530064588616;;;;;;;
2022-12-05 13:00:00;24.27672392965825;;;;;;;
2022-12-05 14:00:00;24.99014128630839;;;;;;;
2022-12-05 15:00:00;16.98342278703338;;;;;;;
2022-12-05 16:00:00;13.88338959781693;;;;;;;
2022-12-05 17:00:00;21.73163989344066;;;;;;;
2022-12-05 18:00:00;15.74546699866505;;;;;;;
2022-12-05 19:00:00;22.83924079115714;;;;;;;
2022-12-05 20:00:00;21.4587551681213;;;;;;;
2022-12-05 21:00:00;20.66772463701546;;;;;;;
2022-12-05 22:00:00;19.61117589439178;;;;;;;
2022-12-05 23:00:00;16.41559851587726;;;;;;;
2022-12-06 00:00:00;19.58953165421358;;;;;;;
2022-12-06 01:00:00;18.63428263225581;;;;;;;
2022-12-06 02:00:00;21.88608906954324;;;;;;;
2022-12-06 03:00:00;15.18866134637495;;;;;;;
2022-12-06 04:00:00;21.29720970535959;;;;;;;
2022-12-06 05:00:00;15.04319118396874;;;;;;;
2022-12-06 06:00:00;20.79994301179414;;;;;;;
2022-12-06 07:00:00;21.81721066860932;;;;;;;
2022-12-06 08:00:00;23.40086831347223;;;;;;;
2022-12-06 09:00:00;26.83921156926552;;;;;;;
2022-12-06 10:00:00;17.57447299526841;;;;;;;
2022-12-06 11:00:00;18.95685680827621;;;;;;;
2022-12-06 12:00:00;17.5382656458674;;;;;;;
2022-12-06 13:00:00;17.22670202171733;;;;;;;
2022-12-06 14:00:00;24.43709359738399;;;;;;;
2022-12-06 15:00:00;26.632646562602;;;;;;;
2022-12-06 16:00:00;26.70086354359884;;;;;;;
2022-12-06 17:00:00;30.66922169416086;;;;;;;
2022-12-06 18:00:00;21.66139558777413;;;;;;;
2022-12-06 19:00:00;25.54424328042551;;;;;;;
2022-12-06 20:00:00;22.9718846397787;;;;;;;
2022-12-06 21:00:00;23.65832886940084;;;;;;;
2022-12-06 22:00:00;24.27416817999381;;;;;;;
2022-12-06 23:00:00;16.877805810716;;;;;;;
2022-12-07 00:00:00;28.19447207036627;;;;;;;
2022-12-07 01:00:00;17.49037335330457;;;;;;;
2022-12-07 02:00:00;22.25988668514195;;;;;;;
2022-12-07 03:00:00;16.85852237522997;;;;;;;
2022-12-07 04:00:00;17.37346959605208;;;;;;;
2022-12-07 05:00:00;25.1607271726932;;;;;;;
2022-12-07 06:00:00;24.92068291210621;;;;;;;
2022-12-07 07:00:00;20.87360863900748;;;;;;;
2022-12-07 08:00:00;22.18741178091531;;;;;;;
2022-12-07 09:00:00;23.49916252866695;;;;;;;
2022-12-07 10:00:00;20.76917766768522;;;;;;;
2022-12-07 11:00:00;22.59384440238964;;;;;;;
2022-12-07 12:00:00;14.74671212344679;;;;;;;
2022-12-07 13:00:00;22.42580129775573;;;;;;;
2022-12-07 14:00:00;24.92715711589191;;;;;;;
2022-12-07 15:00:00;26.16595331241934;;;;;;;
2022-12-07 16:00:00;27.00505328774481;;;;;;;
2022-12-07 17:00:00;24.29612157954019;;;;;;;
2022-12-07 18:00:00;21.78676273241585;;;;;;;
2022-12-07 19:00:00;25.72309838958386;;;;;;;
2022-12-07 20:00:00;22.23223488103496;;;;;;;
2022-12-07 21:00:00;21.16680148240737;;;;;;;
2022-12-07 22:00:00;20.03014875276132;;;;;;;
2022-12-07 23:00:00;25.912448460126;;;;;;;
2022-12-08 00:00:00;17.47650578102947;;;;;;;
2022-12-08 01:00:00;20.82453035508046;;;;;;;
2022-12-08 02:00:00;20.3537402110206;;;;;;;
2022-12-08 03:00:00;26.34621935511603;;;;;;;
2022-12-08 04:00:00;23.37635339118738;;;;;;;
2022-12-08 05:00:00;26.01043477713516;;;;;;;
2022-12-08 06:00:00;20.75639770287094;;;;;;;
2022-12-08 07:00:00;24.47710991589731;;;;;;;
2022-12-08 08:00:00;24.90210620057129;;;;;;;
2022-12-08 09:00:00;20.13750231866025;;;;;;;
2022-12-08 10:00:00;21.42181827929704;;;;;;;
2022-12-08 11:00:00;26.9929438969204;;;;;;;
2022-12-08 12:00:00;23.1878555557162;;;;;;;
2022-12-08 13:00:00;18.38699368537152;;;;;;;
2022-12-08 14:00:00;20.93900483703233;;;;;;;
2022-12-08 15:00:00;21.79812696817764;;;;;;;
2022-12-08 16:00:00;21.45109418743336;;;;;;;
2022-12-08 17:00:00;18.48973492810554;;;;;;;
2022-12-08 18:00:00;22.64692337460714;;;;;;;
2022-12-08 19:00:00;21.81617599557589;;;;;;;
2022-12-08 20:00:00;23.24175474885713;;;;;;;
2022-12-08 21:00:00;23.13682455428697;;;;;;;
2022-12-08 22:00:00;25.18984178601174;;;;;;;
2022-12-08 23:00:00;21.40388628348673;;;;;;;
2022-12-09 00:00:00;25.3518486002722;;;;;;;
2022-12-09 01:00:00;25.25843304347733;;;;;;;
2022-12-09 02:00:00;18.84857102775851;;;;;;;
2022-12-09 03:00:00;25.07243132079737;;;;;;;
2022-12-09 04:00:00;23.66710919673963;;;;;;;
2022-12-09 05:00:00;23.22102173799737;;;;;;;
2022-12-09 06:00:00;22.91208021796036;;;;;;;
2022-12-09 07:00:00;17.73892687835489;;;;;;;
2022-12-09 08:00:00;17.16589306325917;;;;;;;
2022-12-09 09:00:00;16.3956647344525;;;;;;;
2022-12-09 10:00:00;18.4768112054877;;;;;;;
2022-12-09 11:00:00;25.43821806743145;;;;;;;
2022-12-09 12:00:00;20.39121496814098;;;;;;;
2022-12-09 13:00:00;23.00274101774038;;;;;;;
2022-12-09 14:00:00;23.56148254918838;;;;;;;
2022-12-09 15:00:00;22.43651092711184;;;;;;;
2022-12-09 16:00:00;19.83990241764259;;;;;;;
2022-12-09 17:00:00;21.37308798455156;;;;;;;
2022-12-09 18:00:00;21.51174140345182;;;;;;;
2022-12-09 19:00:00;23.07521682964654;;;;;;;
2022-12-09 20:00:00;23.23797478292532;;;;;;;
2022-12-09 21:00:00;22.48074344964394;;;;;;;
2022-12-09 22:00:00;18.45761401524068;;;;;;;
2022-12-09 23:00:00;19.98842626240538;;;;;;;
2022-12-10 00:00:00;19.88377455702962;;;;;;;
2022-12-10 01:00:00;23.00107552161448;;;;;;;
2022-12-10 02:00:00;16.27301826891761;;;;;;;
2022-12-10 03:00:00;28.43516006177935;;;;;;;
2022-12-10 04:00:00;23.74473701092486;;;;;;;
2022-12-10 05:00:00;22.07000561800142;;;;;;;
2022-12-10 06:00:00;24.38920072451718;;;;;;;
2022-12-10 07:00:00;21.89594105625489;;;;;;;
2022-12-10 08:00:00;17.91100059998963;;;;;;;
2022-12-10 09:00:00;23.74895755798892;;;;;;;
2022-12-10 10:00:00;25.59793758069969;;;;;;;
2022-12-10 11:00:00;20.51155136175554;;;;;;;
2022-12-10 12:00:00;27.11277336258014;;;;;;;
2022-12-10 13:00:00;26.94996916815552;;;;;;;
2022-12-10 14:00:00;17.11589113731297;;;;;;;
2022-12-10 15:00:00;22.62770925630379;;;;;;;
2022-12-10 16:00:00;25.91444703036434;;;;;;;
2022-12-10 17:00:00;22.69241515781123;;;;;;;
2022-12-10 18:00:00;20.86512909532624;;;;;;;
2022-12-10 19:00:00;21.51134965677684;;;;;;;
2022-12-10 20:00:00;22.09843739282957;;;;;;;
2022-12-10 21:00:00;22.60208372551324;;;;;;;
2022-12-10 22:00:00;21.71484094762019;;;;;;;
2022-12-10 23:00:00;23.75149730857976;;;;;;;
2022-12-11 00:00:00;20.02851178388568;;;;;;;
2022-12-11 01:00:00;22.7267965535239;;;;;;;
2022-12-11 02:00:00;19.11320194917203;;;;;;;
2022-12-11 03:00:00;25.06780684572123;;;;;;;
2022-12-11 04:00:00;26.49233739897599;;;;;;;
2022-12-11 05:00:00;19.19555029728553;;;;;;;
2022-12-11 06:00:00;17.23096676231269;;;;;;;
2022-12-11 07:00:00;20.7557215863309;;;;;;;
2022-12-11 08:00:00;14.99632359787927;;;;;;;
2022-12-11 09:00:00;19.96531521833319;;;;;;;
2022-12-11 10:00:00;20.51738698088931;;;;;;;
2022-12-11 11:00:00;19.40514807990924;;;;;;;
2022-12-11 12:00:00;18.29338583444044;;;;;;;
2022-12-11 13:00:00;21.02397570290196;;;;;;;
2022-12-11 14:00:00;19.61950818633334;;;;;;;
2022-12-11 15:00:00;17.79588407780636;;;;;;;
2022-12-11 16:00:00;22.79867724255025;;;;;;;
2022-12-11 17:00:00;24.40439691601881;;;;;;;
2022-12-11 18:00:00;21.00792821089778;;;;;;;
2022-12-11 19:00:00;22.60218785659265;;;;;;;
2022-12-11 20:00:00;14.2226827038205;;;;;;;
2022-12-11 21:00:00;26.93450585188448;;;;;;;
2022-12-11 22:00:00;21.5832851974241;;;;;;;
2022-12-11 23:00:00;26.29630721045069;;;;;;;
2022-12-12 00:00:00;22.20943912122531;;;;;;;
2022-12-12 01:00:00;21.97411196248767;;;;;;;
2022-12-12 02:00:00;22.639890566927;;;;;;;
2022-12-12 03:00:00;20.2878264027857;;;;;;;
2022-12-12 04:00:00;22.70061298978045;;;;;;;
2022-12-12 05:00:00;27.30063367818919;;;;;;;
2022-12-12 06:00:00;19.11525329588524;;;;;;;
2022-12-12 07:00:00;24.12117983802757;;;;;;;
2022-12-12 08:00:00;20.33052939568485;;;;;;;
2022-12-12 09:00:00;17.06773608900437;;;;;;;
2022-12-12 10:00:00;25.75643646025645;;;;;;;
2022-12-12 11:00:00;22.4869451232964;;;;;;;
2022-12-12 12:00:00;19.87711119053063;;;;;;;
2022-12-12 13:00:00;26.76385386283167;;;;;;;
2022-12-12 14:00:00;22.45196490854218;;;;;;;
2022-12-12 15:00:00;24.32927368887999;;;;;;;
2022-12-12 16:00:00;23.62615269428429;;;;;;;
2022-12-12 17:00:00;26.30950023496581;;;;;;;
2022-12-12 18:00:00;23.39581216735486;;;;;;;
2022-12-12 19:00:00;21.494967746125;;;;;;;
2022-12-12 20:00:00;22.5899814307328;;;;;;;
2022-12-12 21:00:00;19.32873091421117;;;;;;;
2022-12-12 22:00:00;29.32546902564881;;;;;;;
2022-12-12 23:00:00;20.82608065452515;;;;;;;
2022-12-13 00:00:00;23.28440030335596;;;;;;;
2022-12-13 01:00:00;22.83213214308363;;;;;;;
2022-12-13 02:00:00;19.08214343192886;;;;;;;
2022-12-13 03:00:00;26.92654909025363;;;;;;;
2022-12-13 04:00:00;21.22304697324808;;;;;;;
2022-12-13 05:00:00;19.69410303813407;;;;;;;
2022-12-13 06:00:00;15.73842070775996;;;;;;;
2022-12-13 07:00:00;16.65170569271;;;;;;;
2022-12-13 08:00:00;15.88688485542525;;;;;;;
2022-12-13 09:00:00;19.70001191355581;;;;;;;
2022-12-13 10:00:00;23.81509129819277;;;;;;;
2022-12-13 11:00:00;22.62964223031175;;;;;;;
2022-12-13 12:00:00;22.42028678471429;;;;;;;
2022-12-13 13:00:00;26.38905793506718;;;;;;;
2022-12-13 14:00:00;21.17826520611899;;;;;;;
2022-12-13 15:00:00;20.42810197478676;;;;;;;
2022-12-13 16:00:00;27.04797470841386;;;;;;;
2022-12-13 17:00:00;23.46307534678288;;;;;;;
2022-12-13 18:00:00;18.58937420669751;;;;;;;
2022-12-13 19:00:00;21.42162036777149;;;;;;;
2022-12-13 20:00:00;17.74245564025331;;;;;;;
2022-12-13 21:00:00;22.42103518573371;;;;;;;
2022-12-13 22:00:00;21.18530937711705;;;;;;;
2022-12-13 23:00:00;26.28758219460854;;;;;;;
2022-12-14 00:00:00;16.14970144575155;;;;;;;
2022-12-14 01:00:00;20.76400676846207;;;;;;;
2022-12-14 02:00:00;20.06598544416591;;;;;;;
2022-12-14 03:00:00;20.81418833083044;;;;;;;
2022-12-14 04:00:00;19.92503840009747;;;;;;;
2022-12-14 05:00:00;22.75582520678535;;;;;;;
2022-12-14 06:00:00;22.70039015967204;;;;;;;
2022-12-14 07:00:00;16.58408393767579;;;;;;;
2022-12-14 08:00:00;24.42018324288889;;;;;;;
2022-12-14 09:00:00;18.17674885492301;;;;;;;
2022-12-14 10:00:00;18.59645598832567;;;;;;;
2022-12-14 11:00:00;26.02193668797883;;;;;;;
2022-12-14 12:00:00;20.92928732620276;;;;;;;
2022-12-14 13:00:00;14.99980348786865;;;;;;;
2022-12-14 14:00:00;20.77590841903677;;;;;;;
2022-12-14 15:00:00;17.88904920609338;;;;;;;
2022-12-14 16:00:00;24.62284600235398;;;;;;;
2022-12-14 17:00:00;25.22469437832678;;;;;;;
2022-12-14 18:00:00;23.25721912234105;;;;;;;
2022-12-14 19:00:00;18.03754421681256;;;;;;;
2022-12-14 20:00:00;25.14805461833442;;;;;;;
2022-12-14 21:00:00;26.88907971771352;;;;;;;
2022-12-14 22:00:00;21.74178714312276;;;;;;;
2022-12-14 23:00:00;20.59948359529636;;;;;;;
2022-12-15 00:00:00;22.04449683755598;;;;;;;
2022-12-15 01:00:00;17.55707696056694;;;;;;;
2022-12-15 02:00:00;19.74196971609847;;;;;;;
2022-12-15 03:00:00;22.13165022459153;;;;;;;
2022-12-15 04:00:00;19.21348037406056;;;;;;;
2022-12-15 05:00:00;23.2871558303524;;;;;;;
2022-12-15 06:00:00;21.40266685395567;;;;;;;
2022-12-15 07:00:00;20.79223977764455;;;;;;;
2022-12-15 08:00:00;20.02750702973014;;;;;;;
2022-12-15 09:00:00;17.457595482252;;;;;;;
2022-12-15 10:00:00;14.4450108969302;;;;;;;
2022-12-15 11:00:00;27.18753526218292;;;;;;;
2022-12-15 12:00:00;19.40166682800644;;;;;;;
2022-12-15 13:00:00;23.81338333522815;;;;;;;
2022-12-15 14:00:00;21.77195097183572;;;;;;;
2022-12-15 15:00:00;21.15768346215872;;;;;;;
2022-12-15 16:00:00;17.08560585660564;;;;;;;
2022-12-15 17:00:00;26.30547998609193;;;;;;;
2022-12-15 18:00:00;14.23774615343738;;;;;;;
2022-12-15 19:00:00;23.58259048276413;;;;;;;
2022-12-15 20:00:00;23.63138638268417;;;;;;;
2022-12-15 21:00:00;21.6005433543048;;;;;;;
2022-12-15 22:00:00;25.17899110308964;;;;;;;
2022-12-15 23:00:00;16.77375482195795;;;;;;;
2022-12-16 00:00:00;21.23974200278747;;;;;;;
2022-12-16 01:00:00;22.30473435803389;;;;;;;
2022-12-16 02:00:00;26.15706767890966;;;;;;;
2022-12-16 03:00:00;24.17836104817174;;;;;;;
2022-12-16 04:00:00;17.21319746961221;;;;;;;
2022-12-16 05:00:00;13.22080093241671;;;;;;;
2022-12-16 06:00:00;20.2784406129744;;;;;;;
2022-12-16 07:00:00;26.4522140817315;;;;;;;
2022-12-16 08:00:00;20.78275739114329;;;;;;;
2022-12-16 09:00:00;23.38964705310985;;;;;;;
2022-12-16 10:00:00;20.22567691407095;;;;;;;
2022-12-16 11:00:00;21.48990756532859;;;;;;;
2022-12-16 12:00:00;22.87132664659473;;;;;;;
2022-12-16 13:00:00;25.02975283524128;;;;;;;
2022-12-16 14:00:00;19.42809554633076;;;;;;;
2022-12-16 15:00:00;21.36205152716393;;;;;;;
2022-12-16 16:00:00;18.78012290025691;;;;;;;
2022-12-16 17:00:00;17.65245611579439;;;;;;;
2022-12-16 18:00:00;22.63562763877454;;;;;;;
2022-12-16 19:00:00;15.76405700524113;;;;;;;
2022-12-16 20:00:00;20.72964442424317;;;;;;;
2022-12-16 21:00:00;21.80268168563265;;;;;;;
2022-12-16 22:00:00;23.8647116028849;;;;;;;
2022-12-16 23:00:00;21.03326477242796;;;;;;;
2022-12-17 00:00:00;22.47228420253135;;;;;;;
2022-12-17 01:00:00;22.35019811583949;;;;;;;
2022-12-17 02:00:00;19.82466562331661;;;;;;;
2022-12-17 03:00:00;19.94340992955892;;;;;;;
2022-12-17 04:00:00;20.46836120618618;;;;;;;
2022-12-17 05:00:00;19.97202834343847;;;;;;;
2022-12-17 06:00:00;26.34029628308421;;;;;;;
2022-12-17 07:00:00;23.6376423609801;;;;;;;
2022-12-17 08:00:00;25.86527481389465;;;;;;;
2022-12-17 09:00:00;22.37466028557445;;;;;;;
2022-12-17 10:00:00;19.67765520582718;;;;;;;
2022-12-17 11:00:00;18.76531612208525;;;;;;;
2022-12-17 12:00:00;24.60149010601808;;;;;;;
2022-12-17 13:00:00;17.00735791316931;;;;;;;
2022-12-17 14:00:00;26.04153270063988;;;;;;;
2022-12-17 15:00:00;21.24248206264044;;;;;;;
2022-12-17 16:00:00;23.98274386126051;;;;;;;
2022-12-17 17:00:00;20.78739640452835;;;;;;;
2022-12-17 18:00:00;21.62984963500891;;;;;;;
2022-12-17 19:00:00;18.83726425489121;;;;;;;
2022-12-17 20:00:00;23.24112758389026;;;;;;;
2022-12-17 21:00:00;20.25132337263646;;;;;;;
2022-12-17 22:00:00;23.98958124824665;;;;;;;
2022-12-17 23:00:00;20.5936194076361;;;;;;;
2022-12-18 00:00:00;19.11978097627797;;;;;;;
2022-12-18 01:00:00;17.64973311049371;;;;;;;
2022-12-18 02:00:00;23.32534423142824;;;;;;;
2022-12-18 03:00:00;17.37464756956621;;;;;;;
2022-12-18 04:00:00;15.96777093930336;;;;;;;
2022-12-18 05:00:00;19.82883719237092;;;;;;;
2022-12-18 06:00:00;19.1926807469705;;;;;;;
2022-12-18 07:00:00;25.58100582862485;;;;;;;
2022-12-18 08:00:00;15.60783077856727;;;;;;;
2022-12-18 09:00:00;15.83661464999837;;;;;;;
2022-12-18 10:00:00;21.31021436453465;;;;;;;
2022-12-18 11:00:00;18.68412604009441;;;;;;;
2022-12-18 12:00:00;20.86014474511552;;;;;;;
2022-12-18 13:00:00;23.23518634239859;;;;;;;
2022-12-18 14:00:00;22.89601391579343;;;;;;;
2022-12-18 15:00:00;24.64726809240338;;;;;;;
2022-12-18 16:00:00;23.69085420662407;;;;;;;
2022-12-18 17:00:00;15.41574389054938;;;;;;;
2022-12-18 18:00:00;22.2319835711264;;;;;;;
2022-12-18 19:00:00;21.30826976285778;;;;;;;
2022-12-18 20:00:00;20.76354978291967;;;;;;;
2022-12-18 21:00:00;24.7038348501378;;;;;;;
2022-12-18 22:00:00;24.40748156692718;;;;;;;
2022-12-18 23:00:00;22.04702233478441;;;;;;;
2022-12-19 00:00:00;18.88511864667142;;;;;;;
2022-12-19 01:00:00;19.20215354275435;;;;;;;
2022-12-19 02:00:00;25.99631126808174;;;;;;;
2022-12-19 03:00:00;20.93041181790205;;;;;;;
2022-12-19 04:00:00;24.53747803197454;;;;;;;
2022-12-19 05:00:00;25.61941730222474;;;;;;;
2022-12-19 06:00:00;21.00593285868488;;;;;;;
2022-12-19 07:00:00;25.71360041852419;;;;;;;
2022-12-19 08:00:00;26.41612030435254;;;;;;;
2022-12-19 09:00:00;24.4061603856804;;;;;;;
2022-12-19 10:00:00;23.70389648738159;;;;;;;
2022-12-19 11:00:00;22.87400491819012;;;;;;;
2022-12-19 12:00:00;20.9388132629015;;;;;;;
2022-12-19 13:00:00;17.29244484102244;;;;;;;
2022-12-19 14:00:00;25.90198256784069;;;;;;;
2022-12-19 15:00:00;19.20800546695885;;;;;;;
2022-12-19 16:00:00;19.62149102464371;;;;;;;
2022-12-19 17:00:00;16.48024765125334;;;;;;;
2022-12-19 18:00:00;20.93715568645201;;;;;;;
2022-12-19 19:00:00;18.64666245878169;;;;;;;
2022-12-19 20:00:00;24.47335930144807;;;;;;;
2022-12-19 21:00:00;23.48381022454022;;;;;;;
2022-12-19 22:00:00;19.14148087786946;;;;;;;
2022-12-19 23:00:00;19.75311586954125;;;;;;;
2022-12-20 00:00:00;22.54861556143914;;;;;;;
2022-12-20 01:00:00;15.63536423066923;;;;;;;
2022-12-20 02:00:00;22.51982522807383;;;;;;;
2022-12-20 03:00:00;20.11416972715302;;;;;;;
2022-12-20 04:00:00;17.67115478001402;;;;;;;
2022-12-20 05:00:00;20.06534418488968;;;;;;;
2022-12-20 06:00:00;21.69693311263494;;;;;;;
2022-12-20 07:00:00;17.13695078550919;;;;;;;
2022-12-20 08:00:00;19.35952376356986;;;;;;;
2022-12-20 09:00:00;25.54955574605998;;;;;;;
2022-12-20 10:00:00;20.87115413854082;;;;;;;
2022-12-20 11:00:00;18.49511833017937;;;;;;;
2022-12-20 12:00:00;23.51128403986625;;;;;;;
2022-12-20 13:00:00;20.10651943387588;;;;;;;
2022-12-20 14:00:00;25.94898750316322;;;;;;;
2022-12-20 15:00:00;27.70545961000652;;;;;;;
2022-12-20 16:00:00;23.99204657476272;;;;;;;
2022-12-20 17:00:00;17.17944908738976;;;;;;;
2022-12-20 18:00:00;21.72192455775092;;;;;;;
2022-12-20 19:00:00;23.66022119756116;;;;;;;
2022-12-20 20:00:00;21.25907070205671;;;;;;;
2022-12-20 21:00:00;26.86201581884775;;;;;;;
2022-12-20 22:00:00;22.99607996338527;;;;;;;
2022-12-20 23:00:00;23.98718191680092;;;;;;;
2022-12-21 00:00:00;18.03770385880662;;;;;;;
2022-12-21 01:00:00;28.86870736541596;;;;;;;
2022-12-21 02:00:00;21.90457464451027;;;;;;;
2022-12-21 03:00:00;18.70218157341424;;;;;;;
2022-12-21 04:00:00;24.34695320058152;;;;;;;
2022-12-21 05:00:00;18.09126358611044;;;;;;;
2022-12-21 06:00:00;25.75324317504102;;;;;;;
2022-12-21 07:00:00;25.21655954061464;;;;;;;
2022-12-21 08:00:00;14.92263494923939;;;;;;;
2022-12-21 09:00:00;30.96294484180748;;;;;;;
2022-12-21 10:00:00;19.70899579269269;;;;;;;
2022-12-21 11:00:00;19.75916896898721;;;;;;;
2022-12-21 12:00:00;20.72540651589165;;;;;;;
2022-12-21 13:00:00;22.36229383190762;;;;;;;
2022-12-21 14:00:00;19.55294784485231;;;;;;;
2022-12-21 15:00:00;17.20389717750025;;;;;;;
2022-12-21 16:00:00;27.69725757864581;;;;;;;
2022-12-21 17:00:00;19.63584353673782;;;;;;;
2022-12-21 18:00:00;29.43698668989314;;;;;;;
2022-12-21 19:00:00;15.11319118772439;;;;;;;
2022-12-21 20:00:00;25.69582270544649;;;;;;;
2022-12-21 21:00:00;26.39540983146868;;;;;;;
2022-12-21 22:00:00;22.69401740394729;;;;;;;
2022-12-21 23:00:00;20.3156602496391;;;;;;;
2022-12-22 00:00:00;21.30837998027843;;;;;;;
2022-12-22 01:00:00;22.664072633906;;;;;;;
2022-12-22 02:00:00;20.06551829838265;;;;;;;
2022-12-22 03:00:00;22.60461476792761;;;;;;;
2022-12-22 04:00:00;24.55424162268601;;;;;;;
2022-12-22 05:00:00;22.67507108199337;;;;;;;
2022-12-22 06:00:00;22.02238677290018;;;;;;;
2022-12-22 07:00:00;26.76542773860274;;;;;;;
2022-12-22 08:00:00;22.22504892894715;;;;;;;
2022-12-22 09:00:00;22.39273902846385;;;;;;;
2022-12-22 10:00:00;22.49054839330245;;;;;;;
2022-12-22 11:00:00;25.35622606628788;;;;;;;
2022-12-22 12:00:00;23.67836726482874;;;;;;;
2022-12-22 13:00:00;25.04129046416817;;;;;;;
2022-12-22 14:00:00;27.04038466065193;;;;;;;
2022-12-22 15:00:00;21.82805245918987;;;;;;;
2022-12-22 16:00:00;19.05172974132284;;;;;;;
2022-12-22 17:00:00;17.78208616926932;;;;;;;
2022-12-22 18:00:00;21.24873305345028;;;;;;;
2022-12-22 19:00:00;26.86828894274527;;;;;;;
2022-12-22 20:00:00;14.7829578099498;;;;;;;
2022-12-22 21:00:00;24.92894552875569;;;;;;;
2022-12-22 22:00:00;21.19652573883977;;;;;;;
2022-12-22 23:00:00;23.97463612346642;;;;;;;
2022-12-23 00:00:00;20.87633248986762;;;;;;;
2022-12-23 01:00:00;18.05322399460048;;;;;;;
2022-12-23 02:00:00;14.88603670872204;;;;;;;
2022-12-23 03:00:00;28.06214937437374;;;;;;;
2022-12-23 04:00:00;20.61360539385187;;;;;;;
2022-12-23 05:00:00;22.60886511922666;;;;;;;
2022-12-23 06:00:00;18.59611758997121;;;;;;;
2022-12-23 07:00:00;25.46132231447729;;;;;;;
2022-12-23 08:00:00;18.87983434371873;;;;;;;
2022-12-23 09:00:00;26.90890543276708;;;;;;;
2022-12-23 10:00:00;17.65750706633545;;;;;;;
2022-12-23 11:00:00;18.0941157477812;;;;;;;
2022-12-23 12:00:00;23.54321047768804;;;;;;;
2022-12-23 13:00:00;17.61475166492109;;;;;;;
2022-12-23 14:00:00;20.76601875751222;;;;;;;
2022-12-23 15:00:00;21.5848107525796;;;;;;;
2022-12-23 16:00:00;25.07141888915453;;;;;;;
2022-12-23 17:00:00;20.372130621064;;;;;;;
2022-12-23 18:00:00;25.67441034209861;;;;;;;
2022-12-23 19:00:00;18.20565933498603;;;;;;;
2022-12-23 20:00:00;18.79611584933743;;;;;;;
2022-12-23 21:00:00;21.079119984964;;;;;;;
2022-12-23 22:00:00;22.75554591398026;;;;;;;
2022-12-23 23:00:00;21.08152818432378;;;;;;;
2022-12-24 00:00:00;21.58074840305687;;;;;;;
2022-12-24 01:00:00;22.88796513739328;;;;;;;
2022-12-24 02:00:00;24.72828263099034;;;;;;;
2022-12-24 03:00:00;23.2606339166757;;;;;;;
2022-12-24 04:00:00;15.05066095549275;;;;;;;
2022-12-24 05:00:00;25.25875997787993;;;;;;;
2022-12-24 06:00:00;31.2457346562941;;;;;;;
2022-12-24 07:00:00;24.46268187837013;;;;;;;
2022-12-24 08:00:00;19.93393580153861;;;;;;;
2022-12-24 09:00:00;21.71617326197882;;;;;;;
2022-12-24 10:00:00;21.054506496527;;;;;;;
2022-12-24 11:00:00;21.91981169610855;;;;;;;
2022-12-24 12:00:00;19.72273627611009;;;;;;;
2022-12-24 13:00:00;29.16698177793069;;;;;;;
2022-12-24 14:00:00;23.75259914787147;;;;;;;
2022-12-24 15:00:00;19.80526542587707;;;;;;;
2022-12-24 16:00:00;24.46825353329551;;;;;;;
2022-12-24 17:00:00;21.7096245974066;;;;;;;
2022-12-24 18:00:00;18.78773125833103;;;;;;;
2022-12-24 19:00:00;21.42596617439976;;;;;;;
2022-12-24 20:00:00;25.47335834958264;;;;;;;
2022-12-24 21:00:00;18.67101060822281;;;;;;;
2022-12-24 22:00:00;22.695598689226;;;;;;;
2022-12-24 23:00:00;18.60733562625248;;;;;;;
2022-12-25 00:00:00;22.82947660005267;;;;;;;
2022-12-25 01:00:00;16.84827379572894;;;;;;;
2022-12-25 02:00:00;19.08894667894966;;;;;;;
2022-12-25 03:00:00;21.08597160874388;;;;;;;
2022-12-25 04:00:00;20.30272525232638;;;;;;;
2022-12-25 05:00:00;20.27767091537798;;;;;;;
2022-12-25 06:00:00;23.24794837822603;;;;;;;
2022-12-25 07:00:00;25.16664001351704;;;;;;;
2022-12-25 08:00:00;19.67864268645282;;;;;;;
2022-12-25 09:00:00;21.39840354071813;;;;;;;
2022-12-25 10:00:00;26.64632153658495;;;;;;;
2022-12-25 11:00:00;17.62819661951224;;;;;;;
2022-12-25 12:00:00;24.77436652845359;;;;;;;
2022-12-25 13:00:00;22.35605577707286;;;;;;;
2022-12-25 14:00:00;22.08305026115202;;;;;;;
2022-12-25 15:00:00;21.94421272519206;;;;;;;
2022-12-25 16:00:00;20.86285658478266;;;;;;;
2022-12-25 17:00:00;22.67222357854105;;;;;;;
2022-12-25 18:00:00;17.50295107282554;;;;;;;
2022-12-25 19:00:00;26.06253931276249;;;;;;;
2022-12-25 20:00:00;26.71894714754294;;;;;;;
2022-12-25 21:00:00;17.84070122546912;;;;;;;
2022-12-25 22:00:00;23.20440157412988;;;;;;;
2022-12-25 23:00:00;23.00432188241217;;;;;;;
2022-12-26 00:00:00;17.17434562620247;;;;;;;
2022-12-26 01:00:00;22.11904447216091;;;;;;;
2022-12-26 02:00:00;14.73486497060706;;;;;;;
2022-12-26 03:00:00;24.77259636406747;;;;;;;
2022-12-26 04:00:00;21.62526208886183;;;;;;;
2022-12-26 05:00:00;22.7896431164119;;;;;;;
2022-12-26 06:00:00;17.98930906281318;;;;;;;
2022-12-26 07:00:00;22.38251825090836;;;;;;;
2022-12-26 08:00:00;26.04677735211822;;;;;;;
2022-12-26 09:00:00;18.98273596930818;;;;;;;
2022-12-26 10:00:00;22.43658120156335;;;;;;;
2022-12-26 11:00:00;22.25206824827243;;;;;;;
2022-12-26 12:00:00;24.58952651465364;;;;;;;
2022-12-26 13:00:00;23.42578426369173;;;;;;;
2022-12-26 14:00:00;23.20248897522335;;;;;;;
2022-12-26 15:00:00;24.12133253784267;;;;;;;
2022-12-26 16:00:00;22.24597047732438;;;;;;;
2022-12-26 17:00:00;20.91175071458762;;;;;;;
2022-12-26 18:00:00;26.09577242433775;;;;;;;
2022-12-26 19:00:00;25.24862995733803;;;;;;;
2022-12-26 20:00:00;29.25030050481204;;;;;;;
2022-12-26 21:00:00;25.37076151605044;;;;;;;
2022-12-26 22:00:00;22.95769337129764;;;;;;;
2022-12-26 23:00:00;24.50516258177626;;;;;;;
2022-12-27 00:00:00;23.37583959752289;;;;;;;
2022-12-27 01:00:00;14.48406578234515;;;;;;;
2022-12-27 02:00:00;27.48074893492128;;;;;;;
2022-12-27 03:00:00;20.98199794104588;;;;;;;
2022-12-27 04:00:00;23.30123583848676;;;;;;;
2022-12-27 05:00:00;17.60906484994412;;;;;;;
2022-12-27 06:00:00;24.2224641625936;;;;;;;
2022-12-27 07:00:00;17.77076234763222;;;;;;;
2022-12-27 08:00:00;18.25903672119426;;;;;;;
2022-12-27 09:00:00;18.86199778604368;;;;;;;
2022-12-27 10:00:00;22.63232138405161;;;;;;;
2022-12-27 11:00:00;20.29388338314707;;;;;;;
2022-12-27 12:00:00;24.54743844569079;;;;;;;
2022-12-27 13:00:00;22.06350425887333;;;;;;;
2022-12-27 14:00:00;18.22734403864758;;;;;;;
2022-12-27 15:00:00;23.15763485642381;;;;;;;
2022-12-27 16:00:00;27.7970451478147;;;;;;;
2022-12-27 17:00:00;16.17463318431023;;;;;;;
2022-12-27 18:00:00;19.18176412530456;;;;;;;
2022-12-27 19:00:00;21.76599665326394;;;;;;;
2022-12-27 20:00:00;26.1542914323674;;;;;;;
2022-12-27 21:00:00;22.036478886691;;;;;;;
2022-12-27 22:00:00;19.29885433352844;;;;;;;
2022-12-27 23:00:00;19.56822332106681;;;;;;;
2022-12-28 00:00:00;20.29014971262949;;;;;;;
2022-12-28 01:00:00;19.88887288375925;;;;;;;
2022-12-28 02:00:00;19.08368467497314;;;;;;;
2022-12-28 03:00:00;21.29904716734361;;;;;;;
2022-12-28 04:00:00;15.98310744895464;;;;;;;
2022-12-28 05:00:00;20.38841191697489;;;;;;;
2022-12-28 06:00:00;21.50748156645214;;;;;;;
2022-12-28 07:00:00;17.10897475442352;;;;;;;
2022-12-28 08:00:00;21.12794626205946;;;;;;;
2022-12-28 09:00:00;25.50539928151345;;;;;;;
2022-12-28 10:00:00;26.84493138399491;;;;;;;
2022-12-28 11:00:00;18.75376484613866;;;;;;;
2022-12-28 12:00:00;21.82389184048363;;;;;;;
2022-12-28 13:00:00;21.6037534046351;;;;;;;
2022-12-28 14:00:00;19.07513745886679;;;;;;;
2022-12-28 15:00:00;21.73826638894563;;;;;;;
2022-12-28 16:00:00;18.63061205797229;;;;;;;
2022-12-28 17:00:00;18.36243913148348;;;;;;;
2022-12-28 18:00:00;27.75755676987452;;;;;;;
2022-12-28 19:00:00;23.55988882607476;;;;;;;
2022-12-28 20:00:00;18.45887972270597;;;;;;;
2022-12-28 21:00:00;23.14503819940263;;;;;;;
2022-12-28 22:00:00;19.7817611000736;;;;;;;
2022-12-28 23:00:00;20.1715329098306;;;;;;;
2022-12-29 00:00:00;21.45791153870433;;;;;;;
2022-12-29 01:00:00;22.41799482139833;;;;;;;
2022-12-29 02:00:00;27.06905360197158;;;;;;;
2022-12-29 03:00:00;28.44348697234469;;;;;;;
2022-12-29 04:00:00;20.9762738271107;;;;;;;
2022-12-29 05:00:00;22.31653099835415;;;;;;;
2022-12-29 06:00:00;22.62891009550587;;;;;;;
2022-12-29 07:00:00;21.2304488892561;;;;;;;
2022-12-29 08:00:00;22.16207653837171;;;;;;;
2022-12-29 09:00:00;17.26199617085415;;;;;;;
2022-12-29 10:00:00;17.04953725576451;;;;;;;
2022-12-29 11:00:00;22.74629769463282;;;;;;;
2022-12-29 12:00:00;18.30111794854833;;;;;;;
2022-12-29 13:00:00;22.80789606354959;;;;;;;
2022-12-29 14:00:00;24.42533739396908;;;;;;;
2022-12-29 15:00:00;21.65756307490207;;;;;;;
2022-12-29 16:00:00;19.93114615199223;;;;;;;
2022-12-29 17:00:00;18.80073036653739;;;;;;;
2022-12-29 18:00:00;21.77352473098257;;;;;;;
2022-12-29 19:00:00;22.35099345643525;;;;;;;
2022-12-29 20:00:00;19.33857822525897;;;;;;;
2022-12-29 21:00:00;15.84660159297535;;;;;;;
2022-12-29 22:00:00;21.24543333873546;;;;;;;
2022-12-29 23:00:00;22.48748492997397;;;;;;;
2022-12-30 00:00:00;22.08230654350793;;;;;;;
2022-12-30 01:00:00;16.72486581306222;;;;;;;
2022-12-30 02:00:00;15.85082633040342;;;;;;;
2022-12-30 03:00:00;19.09428475928247;;;;;;;
2022-12-30 04:00:00;20.19211269585282;;;;;;;
2022-12-30 05:00:00;18.30863871577105;;;;;;;
2022-12-30 06:00:00;25.90231673006659;;;;;;;
2022-12-30 07:00:00;19.83133029829704;;;;;;;
2022-12-30 08:00:00;25.9487581887363;;;;;;;
2022-12-30 09:00:00;23.62981747362991;;;;;;;
2022-12-30 10:00:00;21.72430983858918;;;;;;;
2022-12-30 11:00:00;20.56343257515278;;;;;;;
2022-12-30 12:00:00;22.34953046959444;;;;;;;
2022-12-30 13:00:00;22.32173473171652;;;;;;;
2022-12-30 14:00:00;19.7897421719017;;;;;;;
2022-12-30 15:00:00;24.14608519089381;;;;;;;
2022-12-30 16:00:00;28.73084286946508;;;;;;;
2022-12-30 17:00:00;22.33036500095294;;;;;;;
2022-12-30 18:00:00;16.29120941886593;;;;;;;
2022-12-30 19:00:00;21.35971909263612;;;;;;;
2022-12-30 20:00:00;18.594096408724;;;;;;;
2022-12-30 21:00:00;20.93794627849945;;;;;;;
2022-12-30 22:00:00;24.65601805864743;;;;;;;
2022-12-30 23:00:00;16.24653529157515;;;;;;;
2022-12-31 00:00:00;19.06422052234894;;;;;;;
2022-12-31 01:00:00;19.80178516261331;;;;;;;
2022-12-31 02:00:00;21.73398169012275;;;;;;;
2022-12-31 03:00:00;19.40498875354592;;;;;;;
2022-12-31 04:00:00;18.15997259889632;;;;;;;
2022-12-31 05:00:00;22.78463571761495;;;;;;;
2022-12-31 06:00:00;19.22041652200262;;;;;;;
2022-12-31 07:00:00;23.88134509591817;;;;;;;
2022-12-31 08:00:00;20.465017389888;;;;;;;
2022-12-31 09:00:00;20.15602723094879;;;;;;;
2022-12-31 10:00:00;22.73593480319141;;;;;;;
2022-12-31 11:00:00;20.60303421408523;;;;;;;
2022-12-31 12:00:00;18.0210781148639;;;;;;;
2022-12-31 13:00:00;24.80382985604546;;;;;;;
2022-12-31 14:00:00;25.12825073571705;;;;;;;
2022-12-31 15:00:00;18.03986484608731;;;;;;;
2022-12-31 16:00:00;18.94400716795126;;;;;;;
2022-12-31 17:00:00;17.4173163248602;;;;;;;
2022-12-31 18:00:00;17.05419086945435;;;;;;;
2022-12-31 19:00:00;21.98298612929003;;;;;;;
2022-12-31 20:00:00;21.25170782056577;;;;;;;
2022-12-31 21:00:00;15.60132305632439;;;;;;;
2022-12-31 22:00:00;22.80031636204684;;;;;;;
2022-12-31 23:00:00;17.78676333195072;;;;;;;
