Unnamed: 0;Demand;Import limit;Export limit;Import price;Export price;Import emission factor;Export emission factor;Generic production
2022-01-01 00:00:00;549.6743946602355;1000.0;;270.0;;;;
2022-01-01 01:00:00;541.9619081412662;1000.0;;270.0;;;;
2022-01-01 02:00:00;503.5168717008116;1000.0;;270.0;;;;
2022-01-01 03:00:00;527.3034555187114;1000.0;;270.0;;;;
2022-01-01 04:00:00;543.1701869588014;1000.0;;270.0;;;;
2022-01-01 05:00:00;508.5350026947027;1000.0;;270.0;;;;
2022-01-01 06:00:00;582.7259849389918;1000.0;;270.0;;;;
2022-01-01 07:00:00;572.9205068087372;1000.0;;270.0;;;;
2022-01-01 08:00:00;534.1400860328206;1000.0;;270.0;;;;
2022-01-01 09:00:00;641.925640747119;1000.0;;270.0;;;;
2022-01-01 10:00:00;580.1771728382927;1000.0;;270.0;;;;
2022-01-01 11:00:00;583.1982378203952;1000.0;;270.0;;;;
2022-01-01 12:00:00;586.9415622272701;1000.0;;270.0;;;;
2022-01-01 13:00:00;620.05584811574;1000.0;;270.0;;;;
2022-01-01 14:00:00;579.9283964990215;1000.0;;270.0;;;;
2022-01-01 15:00:00;582.578442288267;1000.0;;270.0;;;;
2022-01-01 16:00:00;553.8175609856984;1000.0;;270.0;;;;
2022-01-01 17:00:00;578.5084675630575;1000.0;;270.0;;;;
2022-01-01 18:00:00;648.4189719029818;1000.0;;270.0;;;;
2022-01-01 19:00:00;518.2607205835128;1000.0;;270.0;;;;
2022-01-01 20:00:00;552.1793818492938;1000.0;;270.0;;;;
2022-01-01 21:00:00;534.2850451262016;1000.0;;270.0;;;;
2022-01-01 22:00:00;438.2318814172877;1000.0;;270.0;;;;
2022-01-01 23:00:00;549.8768076722389;1000.0;;270.0;;;;
2022-01-02 00:00:00;496.6461931090459;1000.0;;270.0;;;;
2022-01-02 01:00:00;652.203979762339;1000.0;;270.0;;;;
2022-01-02 02:00:00;608.5748813097076;1000.0;;270.0;;;;
2022-01-02 03:00:00;579.6975600633776;1000.0;;270.0;;;;
2022-01-02 04:00:00;581.155418256572;1000.0;;270.0;;;;
2022-01-02 05:00:00;567.0894725642203;1000.0;;270.0;;;;
2022-01-02 06:00:00;647.9087076183187;1000.0;;270.0;;;;
2022-01-02 07:00:00;626.2626367303708;1000.0;;270.0;;;;
2022-01-02 08:00:00;633.2212391154951;1000.0;;270.0;;;;
2022-01-02 09:00:00;596.5162783704988;1000.0;;270.0;;;;
2022-01-02 10:00:00;637.2429542017068;1000.0;;270.0;;;;
2022-01-02 11:00:00;561.8774835477078;1000.0;;270.0;;;;
2022-01-02 12:00:00;553.6206635363138;1000.0;;270.0;;;;
2022-01-02 13:00:00;569.9796345144161;1000.0;;270.0;;;;
2022-01-02 14:00:00;560.7203509700338;1000.0;;270.0;;;;
2022-01-02 15:00:00;657.3537681152867;1000.0;;270.0;;;;
2022-01-02 16:00:00;584.6222141169823;1000.0;;270.0;;;;
2022-01-02 17:00:00;564.6012957365051;1000.0;;270.0;;;;
2022-01-02 18:00:00;535.9022926333123;1000.0;;270.0;;;;
2022-01-02 19:00:00;629.2770398811411;1000.0;;270.0;;;;
2022-01-02 20:00:00;658.8281022365192;1000.0;;270.0;;;;
2022-01-02 21:00:00;653.2515058349069;1000.0;;270.0;;;;
2022-01-02 22:00:00;591.3578874538694;1000.0;;270.0;;;;
2022-01-02 23:00:00;572.4808820364797;1000.0;;270.0;;;;
2022-01-03 00:00:00;564.7391758550087;1000.0;;270.0;;;;
2022-01-03 01:00:00;605.9223558747839;1000.0;;270.0;;;;
2022-01-03 02:00:00;514.6359102105894;1000.0;;270.0;;;;
2022-01-03 03:00:00;640.3978616017409;1000.0;;270.0;;;;
2022-01-03 04:00:00;541.9181342667896;1000.0;;270.0;;;;
2022-01-03 05:00:00;590.2218996406715;1000.0;;270.0;;;;
2022-01-03 06:00:00;615.0233758242758;1000.0;;270.0;;;;
2022-01-03 07:00:00;698.9687847600792;1000.0;;270.0;;;;
2022-01-03 08:00:00;561.6282769467238;1000.0;;270.0;;;;
2022-01-03 09:00:00;621.9192242498544;1000.0;;270.0;;;;
2022-01-03 10:00:00;561.5313942295589;1000.0;;270.0;;;;
2022-01-03 11:00:00;588.4995916445012;1000.0;;270.0;;;;
2022-01-03 12:00:00;489.8732100846063;1000.0;;270.0;;;;
2022-01-03 13:00:00;537.2189234778145;1000.0;;270.0;;;;
2022-01-03 14:00:00;637.301541070008;1000.0;;270.0;;;;
2022-01-03 15:00:00;570.0545017926089;1000.0;;270.0;;;;
2022-01-03 16:00:00;499.8957556871922;1000.0;;270.0;;;;
2022-01-03 17:00:00;499.1340236025972;1000.0;;270.0;;;;
2022-01-03 18:00:00;582.8496976151735;1000.0;;270.0;;;;
2022-01-03 19:00:00;539.420640580623;1000.0;;270.0;;;;
2022-01-03 20:00:00;566.9749261818118;1000.0;;270.0;;;;
2022-01-03 21:00:00;560.1679984993405;1000.0;;270.0;;;;
2022-01-03 22:00:00;614.200222123869;1000.0;;270.0;;;;
2022-01-03 23:00:00;574.2999788036683;1000.0;;270.0;;;;
2022-01-04 00:00:00;539.8721888844742;1000.0;;270.0;;;;
2022-01-04 01:00:00;614.325834984095;1000.0;;270.0;;;;
2022-01-04 02:00:00;512.894219484061;1000.0;;270.0;;;;
2022-01-04 03:00:00;534.0189990542672;1000.0;;270.0;;;;
2022-01-04 04:00:00;606.3607077108087;1000.0;;270.0;;;;
2022-01-04 05:00:00;605.6652330136673;1000.0;;270.0;;;;
2022-01-04 06:00:00;476.1821357447793;1000.0;;270.0;;;;
2022-01-04 07:00:00;647.2858774353813;1000.0;;270.0;;;;
2022-01-04 08:00:00;561.4543406306295;1000.0;;270.0;;;;
2022-01-04 09:00:00;589.7219069215926;1000.0;;270.0;;;;
2022-01-04 10:00:00;579.4300793023559;1000.0;;270.0;;;;
2022-01-04 11:00:00;570.7675043007803;1000.0;;270.0;;;;
2022-01-04 12:00:00;573.6468874011756;1000.0;;270.0;;;;
2022-01-04 13:00:00;577.6557055080303;1000.0;;270.0;;;;
2022-01-04 14:00:00;495.3176778297537;1000.0;;270.0;;;;
2022-01-04 15:00:00;690.8237218962513;1000.0;;270.0;;;;
2022-01-04 16:00:00;632.8036791865457;1000.0;;270.0;;;;
2022-01-04 17:00:00;554.5304213300645;1000.0;;270.0;;;;
2022-01-04 18:00:00;526.2882353091735;1000.0;;270.0;;;;
2022-01-04 19:00:00;617.611311477632;1000.0;;270.0;;;;
2022-01-04 20:00:00;618.7410601489039;1000.0;;270.0;;;;
2022-01-04 21:00:00;601.8294255224945;1000.0;;270.0;;;;
2022-01-04 22:00:00;522.0700875668504;1000.0;;270.0;;;;
2022-01-04 23:00:00;560.8229194780034;1000.0;;270.0;;;;
2022-01-05 00:00:00;578.3763302436078;1000.0;;270.0;;;;
2022-01-05 01:00:00;555.6639026109759;1000.0;;270.0;;;;
2022-01-05 02:00:00;632.6127743908842;1000.0;;270.0;;;;
2022-01-05 03:00:00;655.0176248157672;1000.0;;270.0;;;;
2022-01-05 04:00:00;584.8632840166354;1000.0;;270.0;;;;
2022-01-05 05:00:00;530.7729651424628;1000.0;;270.0;;;;
2022-01-05 06:00:00;528.8458910013738;1000.0;;270.0;;;;
2022-01-05 07:00:00;558.3338973492092;1000.0;;270.0;;;;
2022-01-05 08:00:00;421.2604853251761;1000.0;;270.0;;;;
2022-01-05 09:00:00;506.2343419148689;1000.0;;270.0;;;;
2022-01-05 10:00:00;460.8954707195653;1000.0;;270.0;;;;
2022-01-05 11:00:00;654.3875976515775;1000.0;;270.0;;;;
2022-01-05 12:00:00;573.3853145112788;1000.0;;270.0;;;;
2022-01-05 13:00:00;559.4888680669229;1000.0;;270.0;;;;
2022-01-05 14:00:00;612.775791876078;1000.0;;270.0;;;;
2022-01-05 15:00:00;522.4513373114354;1000.0;;270.0;;;;
2022-01-05 16:00:00;617.954858476963;1000.0;;270.0;;;;
2022-01-05 17:00:00;589.7071303082495;1000.0;;270.0;;;;
2022-01-05 18:00:00;570.3990258409573;1000.0;;270.0;;;;
2022-01-05 19:00:00;494.3811431122755;1000.0;;270.0;;;;
2022-01-05 20:00:00;700.9726737045295;1000.0;;270.0;;;;
2022-01-05 21:00:00;542.7898537494674;1000.0;;270.0;;;;
2022-01-05 22:00:00;569.8796248228928;1000.0;;270.0;;;;
2022-01-05 23:00:00;679.7906883661502;1000.0;;270.0;;;;
2022-01-06 00:00:00;608.7730218039633;1000.0;;270.0;;;;
2022-01-06 01:00:00;565.1959925395397;1000.0;;270.0;;;;
2022-01-06 02:00:00;610.3168839502808;1000.0;;270.0;;;;
2022-01-06 03:00:00;509.2479478499165;1000.0;;270.0;;;;
2022-01-06 04:00:00;601.3431074845782;1000.0;;270.0;;;;
2022-01-06 05:00:00;555.5230792574902;1000.0;;270.0;;;;
2022-01-06 06:00:00;566.44943408219;1000.0;;270.0;;;;
2022-01-06 07:00:00;532.3595928376809;1000.0;;270.0;;;;
2022-01-06 08:00:00;563.6871318014665;1000.0;;270.0;;;;
2022-01-06 09:00:00;548.5038262230206;1000.0;;270.0;;;;
2022-01-06 10:00:00;487.7191133387956;1000.0;;270.0;;;;
2022-01-06 11:00:00;698.8080631619723;1000.0;;270.0;;;;
2022-01-06 12:00:00;608.027277513495;1000.0;;270.0;;;;
2022-01-06 13:00:00;561.2971725790657;1000.0;;270.0;;;;
2022-01-06 14:00:00;525.5996443309593;1000.0;;270.0;;;;
2022-01-06 15:00:00;561.0560342478146;1000.0;;270.0;;;;
2022-01-06 16:00:00;587.8531059223695;1000.0;;270.0;;;;
2022-01-06 17:00:00;544.9867989938823;1000.0;;270.0;;;;
2022-01-06 18:00:00;684.2878804010786;1000.0;;270.0;;;;
2022-01-06 19:00:00;647.949769555918;1000.0;;270.0;;;;
2022-01-06 20:00:00;555.5075268777124;1000.0;;270.0;;;;
2022-01-06 21:00:00;639.9529695907826;1000.0;;270.0;;;;
2022-01-06 22:00:00;643.5606537125598;1000.0;;270.0;;;;
2022-01-06 23:00:00;595.1478512800696;1000.0;;270.0;;;;
2022-01-07 00:00:00;627.8827808015662;1000.0;;270.0;;;;
2022-01-07 01:00:00;497.5887252317606;1000.0;;270.0;;;;
2022-01-07 02:00:00;513.1267205317305;1000.0;;270.0;;;;
2022-01-07 03:00:00;606.0696871899602;1000.0;;270.0;;;;
2022-01-07 04:00:00;547.1731096540304;1000.0;;270.0;;;;
2022-01-07 05:00:00;578.5631994549376;1000.0;;270.0;;;;
2022-01-07 06:00:00;577.7313979573169;1000.0;;270.0;;;;
2022-01-07 07:00:00;798.4028059941069;1000.0;;270.0;;;;
2022-01-07 08:00:00;541.6645651155768;1000.0;;270.0;;;;
2022-01-07 09:00:00;526.8586023797616;1000.0;;270.0;;;;
2022-01-07 10:00:00;490.0514305058949;1000.0;;270.0;;;;
2022-01-07 11:00:00;619.9597520176238;1000.0;;270.0;;;;
2022-01-07 12:00:00;440.6115949654025;1000.0;;270.0;;;;
2022-01-07 13:00:00;639.4219459773143;1000.0;;270.0;;;;
2022-01-07 14:00:00;562.1539161708574;1000.0;;270.0;;;;
2022-01-07 15:00:00;550.8435293284674;1000.0;;270.0;;;;
2022-01-07 16:00:00;491.9212984374433;1000.0;;270.0;;;;
2022-01-07 17:00:00;597.8560154331599;1000.0;;270.0;;;;
2022-01-07 18:00:00;514.0549661002254;1000.0;;270.0;;;;
2022-01-07 19:00:00;631.6825151262135;1000.0;;270.0;;;;
2022-01-07 20:00:00;542.6826345509437;1000.0;;270.0;;;;
2022-01-07 21:00:00;528.4458063924976;1000.0;;270.0;;;;
2022-01-07 22:00:00;540.1643453865682;1000.0;;270.0;;;;
2022-01-07 23:00:00;637.341305960382;1000.0;;270.0;;;;
2022-01-08 00:00:00;497.6326859495337;1000.0;;270.0;;;;
2022-01-08 01:00:00;477.9359654876514;1000.0;;270.0;;;;
2022-01-08 02:00:00;542.2075994348911;1000.0;;270.0;;;;
2022-01-08 03:00:00;470.1168462282063;1000.0;;270.0;;;;
2022-01-08 04:00:00;539.7414648907376;1000.0;;270.0;;;;
2022-01-08 05:00:00;623.2912693289134;1000.0;;270.0;;;;
2022-01-08 06:00:00;527.0105972555187;1000.0;;270.0;;;;
2022-01-08 07:00:00;535.8148331566422;1000.0;;270.0;;;;
2022-01-08 08:00:00;652.1959025492134;1000.0;;270.0;;;;
2022-01-08 09:00:00;709.8386792010111;1000.0;;270.0;;;;
2022-01-08 10:00:00;538.645471004394;1000.0;;270.0;;;;
2022-01-08 11:00:00;568.3521330188981;1000.0;;270.0;;;;
2022-01-08 12:00:00;578.573017578095;1000.0;;270.0;;;;
2022-01-08 13:00:00;528.4762935745482;1000.0;;270.0;;;;
2022-01-08 14:00:00;640.5165344293669;1000.0;;270.0;;;;
2022-01-08 15:00:00;497.9057345104807;1000.0;;270.0;;;;
2022-01-08 16:00:00;694.6489887928544;1000.0;;270.0;;;;
2022-01-08 17:00:00;576.5576461329637;1000.0;;270.0;;;;
2022-01-08 18:00:00;536.0283851112825;1000.0;;270.0;;;;
2022-01-08 19:00:00;546.2189172492009;1000.0;;270.0;;;;
2022-01-08 20:00:00;482.4795595673817;1000.0;;270.0;;;;
2022-01-08 21:00:00;596.0185235903065;1000.0;;270.0;;;;
2022-01-08 22:00:00;625.1627139873335;1000.0;;270.0;;;;
2022-01-08 23:00:00;563.6034523911555;1000.0;;270.0;;;;
2022-01-09 00:00:00;618.3147638558163;1000.0;;270.0;;;;
2022-01-09 01:00:00;522.7430467576773;1000.0;;270.0;;;;
2022-01-09 02:00:00;615.5587421386226;1000.0;;270.0;;;;
2022-01-09 03:00:00;498.5001901142041;1000.0;;270.0;;;;
2022-01-09 04:00:00;603.5072897325705;1000.0;;270.0;;;;
2022-01-09 05:00:00;552.5868074402404;1000.0;;270.0;;;;
2022-01-09 06:00:00;536.185825942679;1000.0;;270.0;;;;
2022-01-09 07:00:00;515.587228042451;1000.0;;270.0;;;;
2022-01-09 08:00:00;557.987797402123;1000.0;;270.0;;;;
2022-01-09 09:00:00;665.6416878293534;1000.0;;270.0;;;;
2022-01-09 10:00:00;522.3234343897931;1000.0;;270.0;;;;
2022-01-09 11:00:00;519.4462600327583;1000.0;;270.0;;;;
2022-01-09 12:00:00;662.713929156592;1000.0;;270.0;;;;
2022-01-09 13:00:00;639.8105471371025;1000.0;;270.0;;;;
2022-01-09 14:00:00;543.1237708424948;1000.0;;270.0;;;;
2022-01-09 15:00:00;552.7922378175684;1000.0;;270.0;;;;
2022-01-09 16:00:00;553.9416337190842;1000.0;;270.0;;;;
2022-01-09 17:00:00;527.359368523346;1000.0;;270.0;;;;
2022-01-09 18:00:00;540.7375673895997;1000.0;;270.0;;;;
2022-01-09 19:00:00;607.1437055984999;1000.0;;270.0;;;;
2022-01-09 20:00:00;562.5563995087878;1000.0;;270.0;;;;
2022-01-09 21:00:00;572.4463428191567;1000.0;;270.0;;;;
2022-01-09 22:00:00;531.7398484614057;1000.0;;270.0;;;;
2022-01-09 23:00:00;522.6206144719148;1000.0;;270.0;;;;
2022-01-10 00:00:00;595.2054867436383;1000.0;;270.0;;;;
2022-01-10 01:00:00;564.4581169083121;1000.0;;270.0;;;;
2022-01-10 02:00:00;531.015248409103;1000.0;;270.0;;;;
2022-01-10 03:00:00;559.0878930720131;1000.0;;270.0;;;;
2022-01-10 04:00:00;542.193231755869;1000.0;;270.0;;;;
2022-01-10 05:00:00;576.8044335383313;1000.0;;270.0;;;;
2022-01-10 06:00:00;581.8158807155411;1000.0;;270.0;;;;
2022-01-10 07:00:00;597.524544235702;1000.0;;270.0;;;;
2022-01-10 08:00:00;595.6837939454887;1000.0;;270.0;;;;
2022-01-10 09:00:00;579.2288265229024;1000.0;;270.0;;;;
2022-01-10 10:00:00;640.2010877057556;1000.0;;270.0;;;;
2022-01-10 11:00:00;567.6834711497357;1000.0;;270.0;;;;
2022-01-10 12:00:00;572.4733112234809;1000.0;;270.0;;;;
2022-01-10 13:00:00;514.7819118896301;1000.0;;270.0;;;;
2022-01-10 14:00:00;484.9129449923084;1000.0;;270.0;;;;
2022-01-10 15:00:00;588.4094757511411;1000.0;;270.0;;;;
2022-01-10 16:00:00;551.387831877136;1000.0;;270.0;;;;
2022-01-10 17:00:00;411.9762368190481;1000.0;;270.0;;;;
2022-01-10 18:00:00;595.514945391053;1000.0;;270.0;;;;
2022-01-10 19:00:00;619.1734565823768;1000.0;;270.0;;;;
2022-01-10 20:00:00;554.907154386695;1000.0;;270.0;;;;
2022-01-10 21:00:00;603.3927062412399;1000.0;;270.0;;;;
2022-01-10 22:00:00;618.3247033003391;1000.0;;270.0;;;;
2022-01-10 23:00:00;641.2069727321445;1000.0;;270.0;;;;
2022-01-11 00:00:00;513.4817282192766;1000.0;;270.0;;;;
2022-01-11 01:00:00;493.8413534761694;1000.0;;270.0;;;;
2022-01-11 02:00:00;600.3254474201422;1000.0;;270.0;;;;
2022-01-11 03:00:00;525.2819731107512;1000.0;;270.0;;;;
2022-01-11 04:00:00;473.9971279224915;1000.0;;270.0;;;;
2022-01-11 05:00:00;514.610338425901;1000.0;;270.0;;;;
2022-01-11 06:00:00;579.1596879941623;1000.0;;270.0;;;;
2022-01-11 07:00:00;666.1337631544745;1000.0;;270.0;;;;
2022-01-11 08:00:00;487.2123655683524;1000.0;;270.0;;;;
2022-01-11 09:00:00;446.4488927067028;1000.0;;270.0;;;;
2022-01-11 10:00:00;655.6336028290877;1000.0;;270.0;;;;
2022-01-11 11:00:00;544.1911262070339;1000.0;;270.0;;;;
2022-01-11 12:00:00;559.4398434548268;1000.0;;270.0;;;;
2022-01-11 13:00:00;486.771572968945;1000.0;;270.0;;;;
2022-01-11 14:00:00;622.3085183804634;1000.0;;270.0;;;;
2022-01-11 15:00:00;626.1075357929992;1000.0;;270.0;;;;
2022-01-11 16:00:00;535.1022276653994;1000.0;;270.0;;;;
2022-01-11 17:00:00;658.6313884095005;1000.0;;270.0;;;;
2022-01-11 18:00:00;615.9126993623545;1000.0;;270.0;;;;
2022-01-11 19:00:00;577.759254038176;1000.0;;270.0;;;;
2022-01-11 20:00:00;663.0888885808737;1000.0;;270.0;;;;
2022-01-11 21:00:00;598.0165470959424;1000.0;;270.0;;;;
2022-01-11 22:00:00;451.8575628309698;1000.0;;270.0;;;;
2022-01-11 23:00:00;573.6569738226927;1000.0;;270.0;;;;
2022-01-12 00:00:00;646.2083091592559;1000.0;;270.0;;;;
2022-01-12 01:00:00;614.83862741613;1000.0;;270.0;;;;
2022-01-12 02:00:00;523.7967468717598;1000.0;;270.0;;;;
2022-01-12 03:00:00;605.9709313209466;1000.0;;270.0;;;;
2022-01-12 04:00:00;569.5682302213941;1000.0;;270.0;;;;
2022-01-12 05:00:00;660.1742021499473;1000.0;;270.0;;;;
2022-01-12 06:00:00;532.1631623648422;1000.0;;270.0;;;;
2022-01-12 07:00:00;528.7319274949951;1000.0;;270.0;;;;
2022-01-12 08:00:00;440.8663118394989;1000.0;;270.0;;;;
2022-01-12 09:00:00;639.1375801143349;1000.0;;270.0;;;;
2022-01-12 10:00:00;608.357580174196;1000.0;;270.0;;;;
2022-01-12 11:00:00;592.7191145180188;1000.0;;270.0;;;;
2022-01-12 12:00:00;466.1490268600592;1000.0;;270.0;;;;
2022-01-12 13:00:00;589.4008062731466;1000.0;;270.0;;;;
2022-01-12 14:00:00;566.0471324542814;1000.0;;270.0;;;;
2022-01-12 15:00:00;609.1462738981891;1000.0;;270.0;;;;
2022-01-12 16:00:00;562.0945161763243;1000.0;;270.0;;;;
2022-01-12 17:00:00;542.8118828416447;1000.0;;270.0;;;;
2022-01-12 18:00:00;692.3189582438771;1000.0;;270.0;;;;
2022-01-12 19:00:00;567.7936627655363;1000.0;;270.0;;;;
2022-01-12 20:00:00;637.854867196574;1000.0;;270.0;;;;
2022-01-12 21:00:00;602.9916877735396;1000.0;;270.0;;;;
2022-01-12 22:00:00;561.4076695849336;1000.0;;270.0;;;;
2022-01-12 23:00:00;624.959110421145;1000.0;;270.0;;;;
2022-01-13 00:00:00;558.475347500298;1000.0;;270.0;;;;
2022-01-13 01:00:00;503.4590608291222;1000.0;;270.0;;;;
2022-01-13 02:00:00;604.4254349452079;1000.0;;270.0;;;;
2022-01-13 03:00:00;610.826271431946;1000.0;;270.0;;;;
2022-01-13 04:00:00;538.8589884088666;1000.0;;270.0;;;;
2022-01-13 05:00:00;609.5696775010334;1000.0;;270.0;;;;
2022-01-13 06:00:00;568.1298782120008;1000.0;;270.0;;;;
2022-01-13 07:00:00;570.8806591718978;1000.0;;270.0;;;;
2022-01-13 08:00:00;494.0524706810721;1000.0;;270.0;;;;
2022-01-13 09:00:00;468.9800153921439;1000.0;;270.0;;;;
2022-01-13 10:00:00;501.8507405157052;1000.0;;270.0;;;;
2022-01-13 11:00:00;511.2675786494817;1000.0;;270.0;;;;
2022-01-13 12:00:00;514.7663446530129;1000.0;;270.0;;;;
2022-01-13 13:00:00;495.1721229553615;1000.0;;270.0;;;;
2022-01-13 14:00:00;675.7237125996625;1000.0;;270.0;;;;
2022-01-13 15:00:00;588.729818146291;1000.0;;270.0;;;;
2022-01-13 16:00:00;601.1852985108964;1000.0;;270.0;;;;
2022-01-13 17:00:00;581.6802624043584;1000.0;;270.0;;;;
2022-01-13 18:00:00;458.3059223777741;1000.0;;270.0;;;;
2022-01-13 19:00:00;616.366301781225;1000.0;;270.0;;;;
2022-01-13 20:00:00;612.5053390488786;1000.0;;270.0;;;;
2022-01-13 21:00:00;516.8958037845852;1000.0;;270.0;;;;
2022-01-13 22:00:00;534.4197584439816;1000.0;;270.0;;;;
2022-01-13 23:00:00;572.6170019454808;1000.0;;270.0;;;;
2022-01-14 00:00:00;580.5384437288675;1000.0;;270.0;;;;
2022-01-14 01:00:00;520.0524264342873;1000.0;;270.0;;;;
2022-01-14 02:00:00;510.7410856389583;1000.0;;270.0;;;;
2022-01-14 03:00:00;582.3656996502965;1000.0;;270.0;;;;
2022-01-14 04:00:00;585.4195679616157;1000.0;;270.0;;;;
2022-01-14 05:00:00;602.612496553797;1000.0;;270.0;;;;
2022-01-14 06:00:00;571.0992859196381;1000.0;;270.0;;;;
2022-01-14 07:00:00;592.4752017626372;1000.0;;270.0;;;;
2022-01-14 08:00:00;554.132134718088;1000.0;;270.0;;;;
2022-01-14 09:00:00;557.9260723252258;1000.0;;270.0;;;;
2022-01-14 10:00:00;710.3206790884318;1000.0;;270.0;;;;
2022-01-14 11:00:00;626.0732653165646;1000.0;;270.0;;;;
2022-01-14 12:00:00;517.375809792252;1000.0;;270.0;;;;
2022-01-14 13:00:00;588.3451729360868;1000.0;;270.0;;;;
2022-01-14 14:00:00;658.7481940111505;1000.0;;270.0;;;;
2022-01-14 15:00:00;731.552459829951;1000.0;;270.0;;;;
2022-01-14 16:00:00;634.948935611378;1000.0;;270.0;;;;
2022-01-14 17:00:00;575.2137751025093;1000.0;;270.0;;;;
2022-01-14 18:00:00;585.0651140671037;1000.0;;270.0;;;;
2022-01-14 19:00:00;527.4641054354142;1000.0;;270.0;;;;
2022-01-14 20:00:00;591.0848078337825;1000.0;;270.0;;;;
2022-01-14 21:00:00;535.5216361075701;1000.0;;270.0;;;;
2022-01-14 22:00:00;689.6491389009605;1000.0;;270.0;;;;
2022-01-14 23:00:00;609.2955898646892;1000.0;;270.0;;;;
2022-01-15 00:00:00;675.243399554889;1000.0;;270.0;;;;
2022-01-15 01:00:00;643.4378853140619;1000.0;;270.0;;;;
2022-01-15 02:00:00;568.9974701562057;1000.0;;270.0;;;;
2022-01-15 03:00:00;562.6212209671718;1000.0;;270.0;;;;
2022-01-15 04:00:00;544.6282478685962;1000.0;;270.0;;;;
2022-01-15 05:00:00;542.111682876919;1000.0;;270.0;;;;
2022-01-15 06:00:00;644.322377797507;1000.0;;270.0;;;;
2022-01-15 07:00:00;478.2478537183758;1000.0;;270.0;;;;
2022-01-15 08:00:00;514.3383485419778;1000.0;;270.0;;;;
2022-01-15 09:00:00;619.7134633024016;1000.0;;270.0;;;;
2022-01-15 10:00:00;595.4543818442623;1000.0;;270.0;;;;
2022-01-15 11:00:00;533.7951949458035;1000.0;;270.0;;;;
2022-01-15 12:00:00;624.388728456441;1000.0;;270.0;;;;
2022-01-15 13:00:00;547.6372029673493;1000.0;;270.0;;;;
2022-01-15 14:00:00;534.8175162287185;1000.0;;270.0;;;;
2022-01-15 15:00:00;594.2153929620856;1000.0;;270.0;;;;
2022-01-15 16:00:00;570.8987141413861;1000.0;;270.0;;;;
2022-01-15 17:00:00;598.5142317358772;1000.0;;270.0;;;;
2022-01-15 18:00:00;552.9604196154161;1000.0;;270.0;;;;
2022-01-15 19:00:00;620.7213473180232;1000.0;;270.0;;;;
2022-01-15 20:00:00;704.6683836591031;1000.0;;270.0;;;;
2022-01-15 21:00:00;531.3113352197453;1000.0;;270.0;;;;
2022-01-15 22:00:00;680.2193748035971;1000.0;;270.0;;;;
2022-01-15 23:00:00;516.7092059917181;1000.0;;270.0;;;;
2022-01-16 00:00:00;611.6600680392116;1000.0;;270.0;;;;
2022-01-16 01:00:00;664.2074029905757;1000.0;;270.0;;;;
2022-01-16 02:00:00;622.198303760718;1000.0;;270.0;;;;
2022-01-16 03:00:00;473.6247565973917;1000.0;;270.0;;;;
2022-01-16 04:00:00;590.8953966888249;1000.0;;270.0;;;;
2022-01-16 05:00:00;552.5616462642423;1000.0;;270.0;;;;
2022-01-16 06:00:00;537.4122132546457;1000.0;;270.0;;;;
2022-01-16 07:00:00;549.2880820176144;1000.0;;270.0;;;;
2022-01-16 08:00:00;599.0617999025551;1000.0;;270.0;;;;
2022-01-16 09:00:00;534.4592582932848;1000.0;;270.0;;;;
2022-01-16 10:00:00;544.9525357358173;1000.0;;270.0;;;;
2022-01-16 11:00:00;607.7252537039153;1000.0;;270.0;;;;
2022-01-16 12:00:00;533.8142215994413;1000.0;;270.0;;;;
2022-01-16 13:00:00;465.2276141812384;1000.0;;270.0;;;;
2022-01-16 14:00:00;454.2363153818012;1000.0;;270.0;;;;
2022-01-16 15:00:00;551.4600248902725;1000.0;;270.0;;;;
2022-01-16 16:00:00;538.695621548275;1000.0;;270.0;;;;
2022-01-16 17:00:00;477.1797803420841;1000.0;;270.0;;;;
2022-01-16 18:00:00;450.0939125299152;1000.0;;270.0;;;;
2022-01-16 19:00:00;592.9606616577688;1000.0;;270.0;;;;
2022-01-16 20:00:00;725.216140228265;1000.0;;270.0;;;;
2022-01-16 21:00:00;588.9715803922802;1000.0;;270.0;;;;
2022-01-16 22:00:00;459.1511449909483;1000.0;;270.0;;;;
2022-01-16 23:00:00;518.6072702314973;1000.0;;270.0;;;;
2022-01-17 00:00:00;557.7438082615499;1000.0;;270.0;;;;
2022-01-17 01:00:00;479.7619797856917;1000.0;;270.0;;;;
2022-01-17 02:00:00;545.5288768589509;1000.0;;270.0;;;;
2022-01-17 03:00:00;553.9979227314332;1000.0;;270.0;;;;
2022-01-17 04:00:00;603.3292231376876;1000.0;;270.0;;;;
2022-01-17 05:00:00;574.4315696327893;1000.0;;270.0;;;;
2022-01-17 06:00:00;578.5372165643529;1000.0;;270.0;;;;
2022-01-17 07:00:00;538.1098119034294;1000.0;;270.0;;;;
2022-01-17 08:00:00;612.8372100276672;1000.0;;270.0;;;;
2022-01-17 09:00:00;505.8656721250721;1000.0;;270.0;;;;
2022-01-17 10:00:00;649.6124137595193;1000.0;;270.0;;;;
2022-01-17 11:00:00;509.20241380087;1000.0;;270.0;;;;
2022-01-17 12:00:00;484.216364712759;1000.0;;270.0;;;;
2022-01-17 13:00:00;462.3215828969245;1000.0;;270.0;;;;
2022-01-17 14:00:00;618.0256633454666;1000.0;;270.0;;;;
2022-01-17 15:00:00;543.7256929920691;1000.0;;270.0;;;;
2022-01-17 16:00:00;631.1803109583191;1000.0;;270.0;;;;
2022-01-17 17:00:00;610.061532165884;1000.0;;270.0;;;;
2022-01-17 18:00:00;474.9601909019014;1000.0;;270.0;;;;
2022-01-17 19:00:00;571.7320301598922;1000.0;;270.0;;;;
2022-01-17 20:00:00;545.1522897238584;1000.0;;270.0;;;;
2022-01-17 21:00:00;594.5121315910653;1000.0;;270.0;;;;
2022-01-17 22:00:00;505.8899606886151;1000.0;;270.0;;;;
2022-01-17 23:00:00;566.5550234602993;1000.0;;270.0;;;;
2022-01-18 00:00:00;607.6116558059862;1000.0;;270.0;;;;
2022-01-18 01:00:00;707.7318951639998;1000.0;;270.0;;;;
2022-01-18 02:00:00;557.8803453857568;1000.0;;270.0;;;;
2022-01-18 03:00:00;528.7411628703022;1000.0;;270.0;;;;
2022-01-18 04:00:00;581.7541674370508;1000.0;;270.0;;;;
2022-01-18 05:00:00;627.8259929580186;1000.0;;270.0;;;;
2022-01-18 06:00:00;570.1637163322064;1000.0;;270.0;;;;
2022-01-18 07:00:00;525.2368146794785;1000.0;;270.0;;;;
2022-01-18 08:00:00;603.7184193535425;1000.0;;270.0;;;;
2022-01-18 09:00:00;526.9781027220432;1000.0;;270.0;;;;
2022-01-18 10:00:00;569.6247307992153;1000.0;;270.0;;;;
2022-01-18 11:00:00;564.3008254923694;1000.0;;270.0;;;;
2022-01-18 12:00:00;566.7804893245218;1000.0;;270.0;;;;
2022-01-18 13:00:00;547.7204896779215;1000.0;;270.0;;;;
2022-01-18 14:00:00;597.5953061018149;1000.0;;270.0;;;;
2022-01-18 15:00:00;617.0302246058469;1000.0;;270.0;;;;
2022-01-18 16:00:00;507.4318436538697;1000.0;;270.0;;;;
2022-01-18 17:00:00;512.1711246279655;1000.0;;270.0;;;;
2022-01-18 18:00:00;540.613134514591;1000.0;;270.0;;;;
2022-01-18 19:00:00;575.4839692356744;1000.0;;270.0;;;;
2022-01-18 20:00:00;575.0694970793917;1000.0;;270.0;;;;
2022-01-18 21:00:00;600.4761209239721;1000.0;;270.0;;;;
2022-01-18 22:00:00;415.7784608089717;1000.0;;270.0;;;;
2022-01-18 23:00:00;555.9666319496156;1000.0;;270.0;;;;
2022-01-19 00:00:00;600.0018276233257;1000.0;;270.0;;;;
2022-01-19 01:00:00;582.7126557827105;1000.0;;270.0;;;;
2022-01-19 02:00:00;585.8894712716824;1000.0;;270.0;;;;
2022-01-19 03:00:00;625.9691548227203;1000.0;;270.0;;;;
2022-01-19 04:00:00;551.4471561280228;1000.0;;270.0;;;;
2022-01-19 05:00:00;611.7463952331075;1000.0;;270.0;;;;
2022-01-19 06:00:00;573.2019833000402;1000.0;;270.0;;;;
2022-01-19 07:00:00;557.5397112561495;1000.0;;270.0;;;;
2022-01-19 08:00:00;546.7022945629546;1000.0;;270.0;;;;
2022-01-19 09:00:00;597.6775992036901;1000.0;;270.0;;;;
2022-01-19 10:00:00;514.5961980383764;1000.0;;270.0;;;;
2022-01-19 11:00:00;513.140298352214;1000.0;;270.0;;;;
2022-01-19 12:00:00;546.4388273686382;1000.0;;270.0;;;;
2022-01-19 13:00:00;661.0793397899644;1000.0;;270.0;;;;
2022-01-19 14:00:00;559.2830157837393;1000.0;;270.0;;;;
2022-01-19 15:00:00;548.9265280645368;1000.0;;270.0;;;;
2022-01-19 16:00:00;576.1987228710973;1000.0;;270.0;;;;
2022-01-19 17:00:00;575.5078783250663;1000.0;;270.0;;;;
2022-01-19 18:00:00;594.931701467922;1000.0;;270.0;;;;
2022-01-19 19:00:00;648.0149305641298;1000.0;;270.0;;;;
2022-01-19 20:00:00;531.6603746629721;1000.0;;270.0;;;;
2022-01-19 21:00:00;471.176352216342;1000.0;;270.0;;;;
2022-01-19 22:00:00;639.6557031818076;1000.0;;270.0;;;;
2022-01-19 23:00:00;591.8707180926438;1000.0;;270.0;;;;
2022-01-20 00:00:00;466.667309955715;1000.0;;270.0;;;;
2022-01-20 01:00:00;616.613583453755;1000.0;;270.0;;;;
2022-01-20 02:00:00;563.5593198744547;1000.0;;270.0;;;;
2022-01-20 03:00:00;594.254258348039;1000.0;;270.0;;;;
2022-01-20 04:00:00;578.0655404293733;1000.0;;270.0;;;;
2022-01-20 05:00:00;687.2230237009521;1000.0;;270.0;;;;
2022-01-20 06:00:00;492.6484108111657;1000.0;;270.0;;;;
2022-01-20 07:00:00;590.2702843938664;1000.0;;270.0;;;;
2022-01-20 08:00:00;679.9938670658415;1000.0;;270.0;;;;
2022-01-20 09:00:00;524.5640077202708;1000.0;;270.0;;;;
2022-01-20 10:00:00;561.6075957338779;1000.0;;270.0;;;;
2022-01-20 11:00:00;642.8588393537193;1000.0;;270.0;;;;
2022-01-20 12:00:00;618.1267506565179;1000.0;;270.0;;;;
2022-01-20 13:00:00;629.5797612254054;1000.0;;270.0;;;;
2022-01-20 14:00:00;487.1985522752959;1000.0;;270.0;;;;
2022-01-20 15:00:00;547.1765225490992;1000.0;;270.0;;;;
2022-01-20 16:00:00;553.5970426947042;1000.0;;270.0;;;;
2022-01-20 17:00:00;544.7383964420678;1000.0;;270.0;;;;
2022-01-20 18:00:00;661.3428200019159;1000.0;;270.0;;;;
2022-01-20 19:00:00;590.7484275570112;1000.0;;270.0;;;;
2022-01-20 20:00:00;566.1151408612116;1000.0;;270.0;;;;
2022-01-20 21:00:00;712.8148350652629;1000.0;;270.0;;;;
2022-01-20 22:00:00;654.9059655698479;1000.0;;270.0;;;;
2022-01-20 23:00:00;601.5249244297106;1000.0;;270.0;;;;
2022-01-21 00:00:00;498.4773653753444;1000.0;;270.0;;;;
2022-01-21 01:00:00;480.4935782306133;1000.0;;270.0;;;;
2022-01-21 02:00:00;478.1306296748591;1000.0;;270.0;;;;
2022-01-21 03:00:00;665.9285831313946;1000.0;;270.0;;;;
2022-01-21 04:00:00;616.9686832444853;1000.0;;270.0;;;;
2022-01-21 05:00:00;505.6707035189698;1000.0;;270.0;;;;
2022-01-21 06:00:00;731.1709378914871;1000.0;;270.0;;;;
2022-01-21 07:00:00;497.445295147493;1000.0;;270.0;;;;
2022-01-21 08:00:00;591.7361269388377;1000.0;;270.0;;;;
2022-01-21 09:00:00;601.4383096912802;1000.0;;270.0;;;;
2022-01-21 10:00:00;549.145976210717;1000.0;;270.0;;;;
2022-01-21 11:00:00;583.9974321466015;1000.0;;270.0;;;;
2022-01-21 12:00:00;551.3254229338529;1000.0;;270.0;;;;
2022-01-21 13:00:00;600.7635210628666;1000.0;;270.0;;;;
2022-01-21 14:00:00;651.8659877328845;1000.0;;270.0;;;;
2022-01-21 15:00:00;492.6960647391602;1000.0;;270.0;;;;
2022-01-21 16:00:00;551.6958701164174;1000.0;;270.0;;;;
2022-01-21 17:00:00;567.8008711752341;1000.0;;270.0;;;;
2022-01-21 18:00:00;617.85584664815;1000.0;;270.0;;;;
2022-01-21 19:00:00;513.0231637469122;1000.0;;270.0;;;;
2022-01-21 20:00:00;609.7554806774613;1000.0;;270.0;;;;
2022-01-21 21:00:00;491.1847943477747;1000.0;;270.0;;;;
2022-01-21 22:00:00;556.5021159219558;1000.0;;270.0;;;;
2022-01-21 23:00:00;624.8996852355996;1000.0;;270.0;;;;
2022-01-22 00:00:00;494.4681604594654;1000.0;;270.0;;;;
2022-01-22 01:00:00;595.4557650650762;1000.0;;270.0;;;;
2022-01-22 02:00:00;467.217212216773;1000.0;;270.0;;;;
2022-01-22 03:00:00;650.8497424020387;1000.0;;270.0;;;;
2022-01-22 04:00:00;647.9358159431785;1000.0;;270.0;;;;
2022-01-22 05:00:00;589.7936324132198;1000.0;;270.0;;;;
2022-01-22 06:00:00;581.0907641306808;1000.0;;270.0;;;;
2022-01-22 07:00:00;566.158084679131;1000.0;;270.0;;;;
2022-01-22 08:00:00;652.3121656374379;1000.0;;270.0;;;;
2022-01-22 09:00:00;485.5348608565835;1000.0;;270.0;;;;
2022-01-22 10:00:00;592.4441022901548;1000.0;;270.0;;;;
2022-01-22 11:00:00;513.1789486767701;1000.0;;270.0;;;;
2022-01-22 12:00:00;600.5150981840702;1000.0;;270.0;;;;
2022-01-22 13:00:00;662.9504448019178;1000.0;;270.0;;;;
2022-01-22 14:00:00;495.4353190592128;1000.0;;270.0;;;;
2022-01-22 15:00:00;571.6152720478525;1000.0;;270.0;;;;
2022-01-22 16:00:00;478.3601845602914;1000.0;;270.0;;;;
2022-01-22 17:00:00;633.9882928771713;1000.0;;270.0;;;;
2022-01-22 18:00:00;563.4912531922038;1000.0;;270.0;;;;
2022-01-22 19:00:00;626.7140147172036;1000.0;;270.0;;;;
2022-01-22 20:00:00;531.4367587990391;1000.0;;270.0;;;;
2022-01-22 21:00:00;644.2840486010257;1000.0;;270.0;;;;
2022-01-22 22:00:00;631.3241644088439;1000.0;;270.0;;;;
2022-01-22 23:00:00;606.4113844847791;1000.0;;270.0;;;;
2022-01-23 00:00:00;637.1700479629349;1000.0;;270.0;;;;
2022-01-23 01:00:00;569.2508878657775;1000.0;;270.0;;;;
2022-01-23 02:00:00;478.537488987802;1000.0;;270.0;;;;
2022-01-23 03:00:00;553.007728911286;1000.0;;270.0;;;;
2022-01-23 04:00:00;611.9719523786544;1000.0;;270.0;;;;
2022-01-23 05:00:00;563.7422954411852;1000.0;;270.0;;;;
2022-01-23 06:00:00;539.8435071461926;1000.0;;270.0;;;;
2022-01-23 07:00:00;599.7686049035366;1000.0;;270.0;;;;
2022-01-23 08:00:00;549.8046439213814;1000.0;;270.0;;;;
2022-01-23 09:00:00;605.8645792984055;1000.0;;270.0;;;;
2022-01-23 10:00:00;528.9398665703187;1000.0;;270.0;;;;
2022-01-23 11:00:00;555.9567257771783;1000.0;;270.0;;;;
2022-01-23 12:00:00;581.5951380672442;1000.0;;270.0;;;;
2022-01-23 13:00:00;648.3685070959402;1000.0;;270.0;;;;
2022-01-23 14:00:00;525.9049598124743;1000.0;;270.0;;;;
2022-01-23 15:00:00;519.9122611762007;1000.0;;270.0;;;;
2022-01-23 16:00:00;515.3447758082282;1000.0;;270.0;;;;
2022-01-23 17:00:00;598.8996614568686;1000.0;;270.0;;;;
2022-01-23 18:00:00;554.3544377269689;1000.0;;270.0;;;;
2022-01-23 19:00:00;599.6854348069202;1000.0;;270.0;;;;
2022-01-23 20:00:00;432.0639970986218;1000.0;;270.0;;;;
2022-01-23 21:00:00;504.6449860472147;1000.0;;270.0;;;;
2022-01-23 22:00:00;528.6685437021174;1000.0;;270.0;;;;
2022-01-23 23:00:00;464.1474850964506;1000.0;;270.0;;;;
2022-01-24 00:00:00;530.7754953823543;1000.0;;270.0;;;;
2022-01-24 01:00:00;655.1140992253796;1000.0;;270.0;;;;
2022-01-24 02:00:00;541.0789977671417;1000.0;;270.0;;;;
2022-01-24 03:00:00;616.0567198893523;1000.0;;270.0;;;;
2022-01-24 04:00:00;515.1632128244571;1000.0;;270.0;;;;
2022-01-24 05:00:00;589.8008918720191;1000.0;;270.0;;;;
2022-01-24 06:00:00;572.3986296336573;1000.0;;270.0;;;;
2022-01-24 07:00:00;653.9665778378906;1000.0;;270.0;;;;
2022-01-24 08:00:00;587.7319011069086;1000.0;;270.0;;;;
2022-01-24 09:00:00;639.6258615122562;1000.0;;270.0;;;;
2022-01-24 10:00:00;532.4230229424301;1000.0;;270.0;;;;
2022-01-24 11:00:00;578.2378305889619;1000.0;;270.0;;;;
2022-01-24 12:00:00;651.8032017968765;1000.0;;270.0;;;;
2022-01-24 13:00:00;612.1195704327416;1000.0;;270.0;;;;
2022-01-24 14:00:00;548.6868538097951;1000.0;;270.0;;;;
2022-01-24 15:00:00;495.6354015310153;1000.0;;270.0;;;;
2022-01-24 16:00:00;576.870731244163;1000.0;;270.0;;;;
2022-01-24 17:00:00;460.4339096761175;1000.0;;270.0;;;;
2022-01-24 18:00:00;514.0002867388051;1000.0;;270.0;;;;
2022-01-24 19:00:00;454.4057079077198;1000.0;;270.0;;;;
2022-01-24 20:00:00;635.597554692793;1000.0;;270.0;;;;
2022-01-24 21:00:00;503.6457842847925;1000.0;;270.0;;;;
2022-01-24 22:00:00;479.9854512577545;1000.0;;270.0;;;;
2022-01-24 23:00:00;665.924554714757;1000.0;;270.0;;;;
2022-01-25 00:00:00;581.9988641942039;1000.0;;270.0;;;;
2022-01-25 01:00:00;642.5004028393041;1000.0;;270.0;;;;
2022-01-25 02:00:00;703.2239417534284;1000.0;;270.0;;;;
2022-01-25 03:00:00;717.8804307328184;1000.0;;270.0;;;;
2022-01-25 04:00:00;579.1491490676459;1000.0;;270.0;;;;
2022-01-25 05:00:00;481.9819024262858;1000.0;;270.0;;;;
2022-01-25 06:00:00;525.9202880244214;1000.0;;270.0;;;;
2022-01-25 07:00:00;619.2856344432249;1000.0;;270.0;;;;
2022-01-25 08:00:00;633.3295555564824;1000.0;;270.0;;;;
2022-01-25 09:00:00;538.1054582121427;1000.0;;270.0;;;;
2022-01-25 10:00:00;648.9072720429284;1000.0;;270.0;;;;
2022-01-25 11:00:00;625.9338411334411;1000.0;;270.0;;;;
2022-01-25 12:00:00;645.2742960121435;1000.0;;270.0;;;;
2022-01-25 13:00:00;654.2353749405403;1000.0;;270.0;;;;
2022-01-25 14:00:00;625.361019521259;1000.0;;270.0;;;;
2022-01-25 15:00:00;585.292634677687;1000.0;;270.0;;;;
2022-01-25 16:00:00;567.2012996444129;1000.0;;270.0;;;;
2022-01-25 17:00:00;552.4551133757991;1000.0;;270.0;;;;
2022-01-25 18:00:00;531.8835676396873;1000.0;;270.0;;;;
2022-01-25 19:00:00;556.6518105341289;1000.0;;270.0;;;;
2022-01-25 20:00:00;577.9272033756836;1000.0;;270.0;;;;
2022-01-25 21:00:00;646.2438991090261;1000.0;;270.0;;;;
2022-01-25 22:00:00;516.3435672362008;1000.0;;270.0;;;;
2022-01-25 23:00:00;591.5600248508273;1000.0;;270.0;;;;
2022-01-26 00:00:00;497.0063746985991;1000.0;;270.0;;;;
2022-01-26 01:00:00;593.128864475072;1000.0;;270.0;;;;
2022-01-26 02:00:00;575.61643942109;1000.0;;270.0;;;;
2022-01-26 03:00:00;577.4980236772043;1000.0;;270.0;;;;
2022-01-26 04:00:00;596.2699912347919;1000.0;;270.0;;;;
2022-01-26 05:00:00;684.6540421373267;1000.0;;270.0;;;;
2022-01-26 06:00:00;576.8314065510311;1000.0;;270.0;;;;
2022-01-26 07:00:00;560.8880778076785;1000.0;;270.0;;;;
2022-01-26 08:00:00;600.3612319583848;1000.0;;270.0;;;;
2022-01-26 09:00:00;518.7918537178034;1000.0;;270.0;;;;
2022-01-26 10:00:00;570.1748081945503;1000.0;;270.0;;;;
2022-01-26 11:00:00;594.865124830772;1000.0;;270.0;;;;
2022-01-26 12:00:00;507.7506298752062;1000.0;;270.0;;;;
2022-01-26 13:00:00;567.8889200056904;1000.0;;270.0;;;;
2022-01-26 14:00:00;487.8617781455015;1000.0;;270.0;;;;
2022-01-26 15:00:00;624.4593154155176;1000.0;;270.0;;;;
2022-01-26 16:00:00;562.4373862468061;1000.0;;270.0;;;;
2022-01-26 17:00:00;428.5810890188169;1000.0;;270.0;;;;
2022-01-26 18:00:00;449.7647105629443;1000.0;;270.0;;;;
2022-01-26 19:00:00;550.4182860268764;1000.0;;270.0;;;;
2022-01-26 20:00:00;633.4013536450233;1000.0;;270.0;;;;
2022-01-26 21:00:00;709.1986820562347;1000.0;;270.0;;;;
2022-01-26 22:00:00;450.6208118813899;1000.0;;270.0;;;;
2022-01-26 23:00:00;649.639230977976;1000.0;;270.0;;;;
2022-01-27 00:00:00;534.7713091243999;1000.0;;270.0;;;;
2022-01-27 01:00:00;615.7992242769267;1000.0;;270.0;;;;
2022-01-27 02:00:00;597.0679031651416;1000.0;;270.0;;;;
2022-01-27 03:00:00;590.7631392690375;1000.0;;270.0;;;;
2022-01-27 04:00:00;573.1162752439598;1000.0;;270.0;;;;
2022-01-27 05:00:00;562.7371397155506;1000.0;;270.0;;;;
2022-01-27 06:00:00;559.6304274645125;1000.0;;270.0;;;;
2022-01-27 07:00:00;515.4193029874547;1000.0;;270.0;;;;
2022-01-27 08:00:00;580.6535263254268;1000.0;;270.0;;;;
2022-01-27 09:00:00;616.1536937984582;1000.0;;270.0;;;;
2022-01-27 10:00:00;561.2701576695596;1000.0;;270.0;;;;
2022-01-27 11:00:00;534.2398449237452;1000.0;;270.0;;;;
2022-01-27 12:00:00;540.0082423610646;1000.0;;270.0;;;;
2022-01-27 13:00:00;597.3479143597716;1000.0;;270.0;;;;
2022-01-27 14:00:00;514.3522225646925;1000.0;;270.0;;;;
2022-01-27 15:00:00;620.3961627905552;1000.0;;270.0;;;;
2022-01-27 16:00:00;574.8162030633262;1000.0;;270.0;;;;
2022-01-27 17:00:00;674.8417502142711;1000.0;;270.0;;;;
2022-01-27 18:00:00;450.9840920545674;1000.0;;270.0;;;;
2022-01-27 19:00:00;450.0013370601843;1000.0;;270.0;;;;
2022-01-27 20:00:00;542.0055087725359;1000.0;;270.0;;;;
2022-01-27 21:00:00;642.0376073107137;1000.0;;270.0;;;;
2022-01-27 22:00:00;553.4077051933724;1000.0;;270.0;;;;
2022-01-27 23:00:00;545.9991401330386;1000.0;;270.0;;;;
2022-01-28 00:00:00;552.9448788049492;1000.0;;270.0;;;;
2022-01-28 01:00:00;702.2919360472697;1000.0;;270.0;;;;
2022-01-28 02:00:00;644.624251641906;1000.0;;270.0;;;;
2022-01-28 03:00:00;650.7252830580253;1000.0;;270.0;;;;
2022-01-28 04:00:00;622.3859038856957;1000.0;;270.0;;;;
2022-01-28 05:00:00;596.8785301512105;1000.0;;270.0;;;;
2022-01-28 06:00:00;626.4283095259091;1000.0;;270.0;;;;
2022-01-28 07:00:00;604.1450356434634;1000.0;;270.0;;;;
2022-01-28 08:00:00;474.2289832636551;1000.0;;270.0;;;;
2022-01-28 09:00:00;552.1805991334661;1000.0;;270.0;;;;
2022-01-28 10:00:00;591.330351376345;1000.0;;270.0;;;;
2022-01-28 11:00:00;556.8462332862994;1000.0;;270.0;;;;
2022-01-28 12:00:00;575.3856841459477;1000.0;;270.0;;;;
2022-01-28 13:00:00;609.1252496290879;1000.0;;270.0;;;;
2022-01-28 14:00:00;570.2579456913618;1000.0;;270.0;;;;
2022-01-28 15:00:00;637.235321242424;1000.0;;270.0;;;;
2022-01-28 16:00:00;509.7756304108;1000.0;;270.0;;;;
2022-01-28 17:00:00;477.8907792536785;1000.0;;270.0;;;;
2022-01-28 18:00:00;582.4706291410611;1000.0;;270.0;;;;
2022-01-28 19:00:00;530.6155151256291;1000.0;;270.0;;;;
2022-01-28 20:00:00;561.2826123517777;1000.0;;270.0;;;;
2022-01-28 21:00:00;512.5227906219638;1000.0;;270.0;;;;
2022-01-28 22:00:00;550.9986945989021;1000.0;;270.0;;;;
2022-01-28 23:00:00;628.5479478758007;1000.0;;270.0;;;;
2022-01-29 00:00:00;588.2094515187839;1000.0;;270.0;;;;
2022-01-29 01:00:00;495.5080448046912;1000.0;;270.0;;;;
2022-01-29 02:00:00;551.7595903079172;1000.0;;270.0;;;;
2022-01-29 03:00:00;432.7058586131294;1000.0;;270.0;;;;
2022-01-29 04:00:00;543.2218754921159;1000.0;;270.0;;;;
2022-01-29 05:00:00;574.8954444034476;1000.0;;270.0;;;;
2022-01-29 06:00:00;538.9248887161333;1000.0;;270.0;;;;
2022-01-29 07:00:00;538.1455394644682;1000.0;;270.0;;;;
2022-01-29 08:00:00;540.4457004934671;1000.0;;270.0;;;;
2022-01-29 09:00:00;543.7688931859278;1000.0;;270.0;;;;
2022-01-29 10:00:00;544.9452483397591;1000.0;;270.0;;;;
2022-01-29 11:00:00;559.5150546106483;1000.0;;270.0;;;;
2022-01-29 12:00:00;591.2259419275065;1000.0;;270.0;;;;
2022-01-29 13:00:00;644.1900934014251;1000.0;;270.0;;;;
2022-01-29 14:00:00;509.6697690373268;1000.0;;270.0;;;;
2022-01-29 15:00:00;593.8646885219022;1000.0;;270.0;;;;
2022-01-29 16:00:00;514.8269432905608;1000.0;;270.0;;;;
2022-01-29 17:00:00;559.8769826318418;1000.0;;270.0;;;;
2022-01-29 18:00:00;601.1365617082957;1000.0;;270.0;;;;
2022-01-29 19:00:00;635.4229921853353;1000.0;;270.0;;;;
2022-01-29 20:00:00;697.3744211163556;1000.0;;270.0;;;;
2022-01-29 21:00:00;544.8100055090549;1000.0;;270.0;;;;
2022-01-29 22:00:00;633.6188575405273;1000.0;;270.0;;;;
2022-01-29 23:00:00;519.1666160186394;1000.0;;270.0;;;;
2022-01-30 00:00:00;462.8638390507637;1000.0;;270.0;;;;
2022-01-30 01:00:00;616.9342084845779;1000.0;;270.0;;;;
2022-01-30 02:00:00;543.0868815997989;1000.0;;270.0;;;;
2022-01-30 03:00:00;647.4850888413023;1000.0;;270.0;;;;
2022-01-30 04:00:00;615.966247837891;1000.0;;270.0;;;;
2022-01-30 05:00:00;524.6057297767999;1000.0;;270.0;;;;
2022-01-30 06:00:00;481.8687637334334;1000.0;;270.0;;;;
2022-01-30 07:00:00;574.7305390228042;1000.0;;270.0;;;;
2022-01-30 08:00:00;575.1563225490288;1000.0;;270.0;;;;
2022-01-30 09:00:00;477.7439112871654;1000.0;;270.0;;;;
2022-01-30 10:00:00;544.974681828505;1000.0;;270.0;;;;
2022-01-30 11:00:00;514.8541216679049;1000.0;;270.0;;;;
2022-01-30 12:00:00;543.9662970304124;1000.0;;270.0;;;;
2022-01-30 13:00:00;491.3554560267461;1000.0;;270.0;;;;
2022-01-30 14:00:00;558.6092349965091;1000.0;;270.0;;;;
2022-01-30 15:00:00;599.3827946511597;1000.0;;270.0;;;;
2022-01-30 16:00:00;519.8523953792879;1000.0;;270.0;;;;
2022-01-30 17:00:00;533.274841209636;1000.0;;270.0;;;;
2022-01-30 18:00:00;475.7948844982791;1000.0;;270.0;;;;
2022-01-30 19:00:00;671.9000024980091;1000.0;;270.0;;;;
2022-01-30 20:00:00;563.5700283570767;1000.0;;270.0;;;;
2022-01-30 21:00:00;613.2028449506953;1000.0;;270.0;;;;
2022-01-30 22:00:00;631.5642049551384;1000.0;;270.0;;;;
2022-01-30 23:00:00;696.4598377183845;1000.0;;270.0;;;;
2022-01-31 00:00:00;558.4008841353312;1000.0;;270.0;;;;
2022-01-31 01:00:00;503.9140953300398;1000.0;;270.0;;;;
2022-01-31 02:00:00;534.4466433370343;1000.0;;270.0;;;;
2022-01-31 03:00:00;504.0313351313758;1000.0;;270.0;;;;
2022-01-31 04:00:00;585.6048344007227;1000.0;;270.0;;;;
2022-01-31 05:00:00;598.4133369339148;1000.0;;270.0;;;;
2022-01-31 06:00:00;479.7742706203542;1000.0;;270.0;;;;
2022-01-31 07:00:00;616.0146039071091;1000.0;;270.0;;;;
2022-01-31 08:00:00;595.840839538822;1000.0;;270.0;;;;
2022-01-31 09:00:00;592.1812910420098;1000.0;;270.0;;;;
2022-01-31 10:00:00;551.3872357330548;1000.0;;270.0;;;;
2022-01-31 11:00:00;553.6794499220085;1000.0;;270.0;;;;
2022-01-31 12:00:00;597.1141329673769;1000.0;;270.0;;;;
2022-01-31 13:00:00;514.2325231048018;1000.0;;270.0;;;;
2022-01-31 14:00:00;551.7141703301546;1000.0;;270.0;;;;
2022-01-31 15:00:00;481.4595937357008;1000.0;;270.0;;;;
2022-01-31 16:00:00;533.1668597374073;1000.0;;270.0;;;;
2022-01-31 17:00:00;697.2695434312072;1000.0;;270.0;;;;
2022-01-31 18:00:00;527.1081371476641;1000.0;;270.0;;;;
2022-01-31 19:00:00;568.3294699441967;1000.0;;270.0;;;;
2022-01-31 20:00:00;556.8895406725673;1000.0;;270.0;;;;
2022-01-31 21:00:00;663.3839743765293;1000.0;;270.0;;;;
2022-01-31 22:00:00;488.7914504455323;1000.0;;270.0;;;;
2022-01-31 23:00:00;560.8675829486518;1000.0;;270.0;;;;
2022-02-01 00:00:00;539.8770634640359;1000.0;;270.0;;;;
2022-02-01 01:00:00;602.995770373933;1000.0;;270.0;;;;
2022-02-01 02:00:00;514.9714728183804;1000.0;;270.0;;;;
2022-02-01 03:00:00;601.7357225680593;1000.0;;270.0;;;;
2022-02-01 04:00:00;455.5410271412525;1000.0;;270.0;;;;
2022-02-01 05:00:00;546.9116205929904;1000.0;;270.0;;;;
2022-02-01 06:00:00;488.0091189636295;1000.0;;270.0;;;;
2022-02-01 07:00:00;603.2422156264759;1000.0;;270.0;;;;
2022-02-01 08:00:00;547.1030458853423;1000.0;;270.0;;;;
2022-02-01 09:00:00;575.7348762278287;1000.0;;270.0;;;;
2022-02-01 10:00:00;546.5371768816824;1000.0;;270.0;;;;
2022-02-01 11:00:00;602.9703590247998;1000.0;;270.0;;;;
2022-02-01 12:00:00;602.801100759229;1000.0;;270.0;;;;
2022-02-01 13:00:00;594.5918572531393;1000.0;;270.0;;;;
2022-02-01 14:00:00;594.0454052562238;1000.0;;270.0;;;;
2022-02-01 15:00:00;609.919635407288;1000.0;;270.0;;;;
2022-02-01 16:00:00;562.8723116316794;1000.0;;270.0;;;;
2022-02-01 17:00:00;619.2886944215746;1000.0;;270.0;;;;
2022-02-01 18:00:00;558.7886904775752;1000.0;;270.0;;;;
2022-02-01 19:00:00;545.6495297176632;1000.0;;270.0;;;;
2022-02-01 20:00:00;517.568749901707;1000.0;;270.0;;;;
2022-02-01 21:00:00;594.7474786497471;1000.0;;270.0;;;;
2022-02-01 22:00:00;543.6979034466731;1000.0;;270.0;;;;
2022-02-01 23:00:00;599.5117878387521;1000.0;;270.0;;;;
2022-02-02 00:00:00;462.931834547397;1000.0;;270.0;;;;
2022-02-02 01:00:00;524.3999899760329;1000.0;;270.0;;;;
2022-02-02 02:00:00;678.0530390380367;1000.0;;270.0;;;;
2022-02-02 03:00:00;606.042068817002;1000.0;;270.0;;;;
2022-02-02 04:00:00;631.0390708793584;1000.0;;270.0;;;;
2022-02-02 05:00:00;610.7903459941781;1000.0;;270.0;;;;
2022-02-02 06:00:00;541.5827983399784;1000.0;;270.0;;;;
2022-02-02 07:00:00;598.0214215816023;1000.0;;270.0;;;;
2022-02-02 08:00:00;614.1738588687897;1000.0;;270.0;;;;
2022-02-02 09:00:00;509.2025870767802;1000.0;;270.0;;;;
2022-02-02 10:00:00;587.3640887362221;1000.0;;270.0;;;;
2022-02-02 11:00:00;631.9739355816575;1000.0;;270.0;;;;
2022-02-02 12:00:00;573.9705791012881;1000.0;;270.0;;;;
2022-02-02 13:00:00;579.9022181054763;1000.0;;270.0;;;;
2022-02-02 14:00:00;620.8855593780909;1000.0;;270.0;;;;
2022-02-02 15:00:00;527.522978502634;1000.0;;270.0;;;;
2022-02-02 16:00:00;506.0230586592629;1000.0;;270.0;;;;
2022-02-02 17:00:00;587.367712768753;1000.0;;270.0;;;;
2022-02-02 18:00:00;645.0586777423308;1000.0;;270.0;;;;
2022-02-02 19:00:00;575.0731417257645;1000.0;;270.0;;;;
2022-02-02 20:00:00;587.246813407457;1000.0;;270.0;;;;
2022-02-02 21:00:00;523.524596006693;1000.0;;270.0;;;;
2022-02-02 22:00:00;636.4612547482899;1000.0;;270.0;;;;
2022-02-02 23:00:00;646.2216932336461;1000.0;;270.0;;;;
2022-02-03 00:00:00;654.8624165682747;1000.0;;270.0;;;;
2022-02-03 01:00:00;634.5486280810593;1000.0;;270.0;;;;
2022-02-03 02:00:00;486.871422630423;1000.0;;270.0;;;;
2022-02-03 03:00:00;509.8718681010921;1000.0;;270.0;;;;
2022-02-03 04:00:00;513.5151923958044;1000.0;;270.0;;;;
2022-02-03 05:00:00;545.8933741444541;1000.0;;270.0;;;;
2022-02-03 06:00:00;496.4226739650665;1000.0;;270.0;;;;
2022-02-03 07:00:00;561.0331021505126;1000.0;;270.0;;;;
2022-02-03 08:00:00;541.5710750336575;1000.0;;270.0;;;;
2022-02-03 09:00:00;539.3731637382073;1000.0;;270.0;;;;
2022-02-03 10:00:00;503.4802080280932;1000.0;;270.0;;;;
2022-02-03 11:00:00;585.1873576014954;1000.0;;270.0;;;;
2022-02-03 12:00:00;703.9313690763796;1000.0;;270.0;;;;
2022-02-03 13:00:00;657.0000478144041;1000.0;;270.0;;;;
2022-02-03 14:00:00;579.3166337405764;1000.0;;270.0;;;;
2022-02-03 15:00:00;623.2515777536875;1000.0;;270.0;;;;
2022-02-03 16:00:00;531.2788830592135;1000.0;;270.0;;;;
2022-02-03 17:00:00;507.3675863706821;1000.0;;270.0;;;;
2022-02-03 18:00:00;563.8890259267635;1000.0;;270.0;;;;
2022-02-03 19:00:00;625.0744892264274;1000.0;;270.0;;;;
2022-02-03 20:00:00;639.5036059931119;1000.0;;270.0;;;;
2022-02-03 21:00:00;581.0893810902004;1000.0;;270.0;;;;
2022-02-03 22:00:00;618.6004238279962;1000.0;;270.0;;;;
2022-02-03 23:00:00;592.417418696063;1000.0;;270.0;;;;
2022-02-04 00:00:00;535.898187896517;1000.0;;270.0;;;;
2022-02-04 01:00:00;588.5130317127966;1000.0;;270.0;;;;
2022-02-04 02:00:00;671.6891274786781;1000.0;;270.0;;;;
2022-02-04 03:00:00;575.9146294193515;1000.0;;270.0;;;;
2022-02-04 04:00:00;507.7748338631412;1000.0;;270.0;;;;
2022-02-04 05:00:00;568.5341891245853;1000.0;;270.0;;;;
2022-02-04 06:00:00;617.8000131956483;1000.0;;270.0;;;;
2022-02-04 07:00:00;606.3027151258616;1000.0;;270.0;;;;
2022-02-04 08:00:00;597.6232692941392;1000.0;;270.0;;;;
2022-02-04 09:00:00;530.9788667640637;1000.0;;270.0;;;;
2022-02-04 10:00:00;525.8077344890908;1000.0;;270.0;;;;
2022-02-04 11:00:00;568.9443954599662;1000.0;;270.0;;;;
2022-02-04 12:00:00;667.6859504912028;1000.0;;270.0;;;;
2022-02-04 13:00:00;585.7187962167401;1000.0;;270.0;;;;
2022-02-04 14:00:00;614.8173764637502;1000.0;;270.0;;;;
2022-02-04 15:00:00;547.0854313874083;1000.0;;270.0;;;;
2022-02-04 16:00:00;581.2557803157579;1000.0;;270.0;;;;
2022-02-04 17:00:00;649.9641234536072;1000.0;;270.0;;;;
2022-02-04 18:00:00;627.6314083371473;1000.0;;270.0;;;;
2022-02-04 19:00:00;559.4316143072629;1000.0;;270.0;;;;
2022-02-04 20:00:00;512.9648128447518;1000.0;;270.0;;;;
2022-02-04 21:00:00;566.9208979505787;1000.0;;270.0;;;;
2022-02-04 22:00:00;532.6479657331463;1000.0;;270.0;;;;
2022-02-04 23:00:00;503.1938025418411;1000.0;;270.0;;;;
2022-02-05 00:00:00;614.7238640392624;1000.0;;270.0;;;;
2022-02-05 01:00:00;497.2784158304918;1000.0;;270.0;;;;
2022-02-05 02:00:00;490.0330748639165;1000.0;;270.0;;;;
2022-02-05 03:00:00;485.0643535605258;1000.0;;270.0;;;;
2022-02-05 04:00:00;560.9266338009247;1000.0;;270.0;;;;
2022-02-05 05:00:00;481.2024314525495;1000.0;;270.0;;;;
2022-02-05 06:00:00;551.3944967754494;1000.0;;270.0;;;;
2022-02-05 07:00:00;626.2296904108822;1000.0;;270.0;;;;
2022-02-05 08:00:00;586.57610154909;1000.0;;270.0;;;;
2022-02-05 09:00:00;535.4254813115955;1000.0;;270.0;;;;
2022-02-05 10:00:00;537.7242027850473;1000.0;;270.0;;;;
2022-02-05 11:00:00;585.5748019564481;1000.0;;270.0;;;;
2022-02-05 12:00:00;553.3883175622595;1000.0;;270.0;;;;
2022-02-05 13:00:00;631.2555573951132;1000.0;;270.0;;;;
2022-02-05 14:00:00;632.7198277491871;1000.0;;270.0;;;;
2022-02-05 15:00:00;554.1408918106775;1000.0;;270.0;;;;
2022-02-05 16:00:00;581.5248467826875;1000.0;;270.0;;;;
2022-02-05 17:00:00;586.5945311489903;1000.0;;270.0;;;;
2022-02-05 18:00:00;571.6014629830795;1000.0;;270.0;;;;
2022-02-05 19:00:00;549.6592471414959;1000.0;;270.0;;;;
2022-02-05 20:00:00;648.5259486800679;1000.0;;270.0;;;;
2022-02-05 21:00:00;591.2120615314466;1000.0;;270.0;;;;
2022-02-05 22:00:00;583.7429350659947;1000.0;;270.0;;;;
2022-02-05 23:00:00;570.7321495820777;1000.0;;270.0;;;;
2022-02-06 00:00:00;588.4587139004555;1000.0;;270.0;;;;
2022-02-06 01:00:00;569.6986799390373;1000.0;;270.0;;;;
2022-02-06 02:00:00;528.9881213928462;1000.0;;270.0;;;;
2022-02-06 03:00:00;541.2737313233563;1000.0;;270.0;;;;
2022-02-06 04:00:00;591.2287061431417;1000.0;;270.0;;;;
2022-02-06 05:00:00;572.5299216045346;1000.0;;270.0;;;;
2022-02-06 06:00:00;652.8816597902542;1000.0;;270.0;;;;
2022-02-06 07:00:00;504.4572897703771;1000.0;;270.0;;;;
2022-02-06 08:00:00;591.0679413778287;1000.0;;270.0;;;;
2022-02-06 09:00:00;599.0015393411409;1000.0;;270.0;;;;
2022-02-06 10:00:00;644.9718038344847;1000.0;;270.0;;;;
2022-02-06 11:00:00;523.4598423881711;1000.0;;270.0;;;;
2022-02-06 12:00:00;602.0128875938184;1000.0;;270.0;;;;
2022-02-06 13:00:00;609.0710577090474;1000.0;;270.0;;;;
2022-02-06 14:00:00;513.424165262024;1000.0;;270.0;;;;
2022-02-06 15:00:00;667.267392788603;1000.0;;270.0;;;;
2022-02-06 16:00:00;576.114436709513;1000.0;;270.0;;;;
2022-02-06 17:00:00;548.3320035471673;1000.0;;270.0;;;;
2022-02-06 18:00:00;542.7048282890852;1000.0;;270.0;;;;
2022-02-06 19:00:00;562.1737197856385;1000.0;;270.0;;;;
2022-02-06 20:00:00;571.7204479896973;1000.0;;270.0;;;;
2022-02-06 21:00:00;527.6087461866618;1000.0;;270.0;;;;
2022-02-06 22:00:00;555.3993684028451;1000.0;;270.0;;;;
2022-02-06 23:00:00;521.1577925797195;1000.0;;270.0;;;;
2022-02-07 00:00:00;641.5025558639302;1000.0;;270.0;;;;
2022-02-07 01:00:00;604.4680849507697;1000.0;;270.0;;;;
2022-02-07 02:00:00;537.7163102228724;1000.0;;270.0;;;;
2022-02-07 03:00:00;520.9244166815836;1000.0;;270.0;;;;
2022-02-07 04:00:00;573.79128680702;1000.0;;270.0;;;;
2022-02-07 05:00:00;603.7529990685131;1000.0;;270.0;;;;
2022-02-07 06:00:00;588.0568581477581;1000.0;;270.0;;;;
2022-02-07 07:00:00;711.3860539464753;1000.0;;270.0;;;;
2022-02-07 08:00:00;572.7540063130378;1000.0;;270.0;;;;
2022-02-07 09:00:00;575.9999636171659;1000.0;;270.0;;;;
2022-02-07 10:00:00;569.0729633325464;1000.0;;270.0;;;;
2022-02-07 11:00:00;546.6649912313345;1000.0;;270.0;;;;
2022-02-07 12:00:00;561.2150604583243;1000.0;;270.0;;;;
2022-02-07 13:00:00;526.7812287414313;1000.0;;270.0;;;;
2022-02-07 14:00:00;504.5532884858072;1000.0;;270.0;;;;
2022-02-07 15:00:00;576.4405822198268;1000.0;;270.0;;;;
2022-02-07 16:00:00;634.5594215600854;1000.0;;270.0;;;;
2022-02-07 17:00:00;580.5596807800873;1000.0;;270.0;;;;
2022-02-07 18:00:00;598.0455591871776;1000.0;;270.0;;;;
2022-02-07 19:00:00;567.7470875567441;1000.0;;270.0;;;;
2022-02-07 20:00:00;562.7892022565987;1000.0;;270.0;;;;
2022-02-07 21:00:00;555.6149035894664;1000.0;;270.0;;;;
2022-02-07 22:00:00;585.2095509706018;1000.0;;270.0;;;;
2022-02-07 23:00:00;446.2620969375898;1000.0;;270.0;;;;
2022-02-08 00:00:00;575.5161607609575;1000.0;;270.0;;;;
2022-02-08 01:00:00;563.2665571409125;1000.0;;270.0;;;;
2022-02-08 02:00:00;561.3176821528557;1000.0;;270.0;;;;
2022-02-08 03:00:00;627.451733648237;1000.0;;270.0;;;;
2022-02-08 04:00:00;595.0867151570143;1000.0;;270.0;;;;
2022-02-08 05:00:00;608.2188927720964;1000.0;;270.0;;;;
2022-02-08 06:00:00;553.6079773067341;1000.0;;270.0;;;;
2022-02-08 07:00:00;558.025852548815;1000.0;;270.0;;;;
2022-02-08 08:00:00;368.5973200763112;1000.0;;270.0;;;;
2022-02-08 09:00:00;541.5912603584615;1000.0;;270.0;;;;
2022-02-08 10:00:00;632.7173615185847;1000.0;;270.0;;;;
2022-02-08 11:00:00;471.4727313696296;1000.0;;270.0;;;;
2022-02-08 12:00:00;613.4910829616631;1000.0;;270.0;;;;
2022-02-08 13:00:00;537.2735313520951;1000.0;;270.0;;;;
2022-02-08 14:00:00;605.4864235273079;1000.0;;270.0;;;;
2022-02-08 15:00:00;667.3283222109513;1000.0;;270.0;;;;
2022-02-08 16:00:00;601.4710815895235;1000.0;;270.0;;;;
2022-02-08 17:00:00;590.3639428374023;1000.0;;270.0;;;;
2022-02-08 18:00:00;501.7151048668682;1000.0;;270.0;;;;
2022-02-08 19:00:00;582.2891166523093;1000.0;;270.0;;;;
2022-02-08 20:00:00;607.7972766186726;1000.0;;270.0;;;;
2022-02-08 21:00:00;619.4497921777439;1000.0;;270.0;;;;
2022-02-08 22:00:00;498.4289151705336;1000.0;;270.0;;;;
2022-02-08 23:00:00;530.0653394858713;1000.0;;270.0;;;;
2022-02-09 00:00:00;659.6580163626106;1000.0;;270.0;;;;
2022-02-09 01:00:00;632.6300336348634;1000.0;;270.0;;;;
2022-02-09 02:00:00;570.4973987729518;1000.0;;270.0;;;;
2022-02-09 03:00:00;531.9901408248086;1000.0;;270.0;;;;
2022-02-09 04:00:00;591.274625945693;1000.0;;270.0;;;;
2022-02-09 05:00:00;602.0673628827226;1000.0;;270.0;;;;
2022-02-09 06:00:00;555.8318456470761;1000.0;;270.0;;;;
2022-02-09 07:00:00;564.9575991812046;1000.0;;270.0;;;;
2022-02-09 08:00:00;638.4880295471439;1000.0;;270.0;;;;
2022-02-09 09:00:00;600.8022788341559;1000.0;;270.0;;;;
2022-02-09 10:00:00;501.8039279809678;1000.0;;270.0;;;;
2022-02-09 11:00:00;672.4462233218132;1000.0;;270.0;;;;
2022-02-09 12:00:00;632.4223754591247;1000.0;;270.0;;;;
2022-02-09 13:00:00;617.3677858173917;1000.0;;270.0;;;;
2022-02-09 14:00:00;590.7367418682403;1000.0;;270.0;;;;
2022-02-09 15:00:00;482.5125426321996;1000.0;;270.0;;;;
2022-02-09 16:00:00;594.0562311199067;1000.0;;270.0;;;;
2022-02-09 17:00:00;595.523041252927;1000.0;;270.0;;;;
2022-02-09 18:00:00;639.5069539907563;1000.0;;270.0;;;;
2022-02-09 19:00:00;483.3856463732782;1000.0;;270.0;;;;
2022-02-09 20:00:00;561.4661145022001;1000.0;;270.0;;;;
2022-02-09 21:00:00;669.5463168349004;1000.0;;270.0;;;;
2022-02-09 22:00:00;628.0393699391169;1000.0;;270.0;;;;
2022-02-09 23:00:00;601.5982208132071;1000.0;;270.0;;;;
2022-02-10 00:00:00;579.2049323263342;1000.0;;270.0;;;;
2022-02-10 01:00:00;582.8053875350913;1000.0;;270.0;;;;
2022-02-10 02:00:00;611.911070445001;1000.0;;270.0;;;;
2022-02-10 03:00:00;474.6426447943238;1000.0;;270.0;;;;
2022-02-10 04:00:00;482.6283865496006;1000.0;;270.0;;;;
2022-02-10 05:00:00;615.162685856851;1000.0;;270.0;;;;
2022-02-10 06:00:00;530.2301983735006;1000.0;;270.0;;;;
2022-02-10 07:00:00;482.5714266180513;1000.0;;270.0;;;;
2022-02-10 08:00:00;624.2661591029248;1000.0;;270.0;;;;
2022-02-10 09:00:00;623.727824032178;1000.0;;270.0;;;;
2022-02-10 10:00:00;599.2998869998873;1000.0;;270.0;;;;
2022-02-10 11:00:00;564.1964173363291;1000.0;;270.0;;;;
2022-02-10 12:00:00;580.8845495915695;1000.0;;270.0;;;;
2022-02-10 13:00:00;573.4612059187774;1000.0;;270.0;;;;
2022-02-10 14:00:00;522.0128800172719;1000.0;;270.0;;;;
2022-02-10 15:00:00;533.7843378868482;1000.0;;270.0;;;;
2022-02-10 16:00:00;587.6690748088179;1000.0;;270.0;;;;
2022-02-10 17:00:00;495.8173036260309;1000.0;;270.0;;;;
2022-02-10 18:00:00;588.5058273311947;1000.0;;270.0;;;;
2022-02-10 19:00:00;610.8859628345587;1000.0;;270.0;;;;
2022-02-10 20:00:00;509.5952003547717;1000.0;;270.0;;;;
2022-02-10 21:00:00;574.0749833638305;1000.0;;270.0;;;;
2022-02-10 22:00:00;566.6918105956287;1000.0;;270.0;;;;
2022-02-10 23:00:00;623.2695789875205;1000.0;;270.0;;;;
2022-02-11 00:00:00;635.3832266364867;1000.0;;270.0;;;;
2022-02-11 01:00:00;613.7636925463847;1000.0;;270.0;;;;
2022-02-11 02:00:00;601.5055468054884;1000.0;;270.0;;;;
2022-02-11 03:00:00;538.6186458049381;1000.0;;270.0;;;;
2022-02-11 04:00:00;530.563466518645;1000.0;;270.0;;;;
2022-02-11 05:00:00;581.1053310332126;1000.0;;270.0;;;;
2022-02-11 06:00:00;626.2550500522817;1000.0;;270.0;;;;
2022-02-11 07:00:00;688.3554258521924;1000.0;;270.0;;;;
2022-02-11 08:00:00;640.05905528767;1000.0;;270.0;;;;
2022-02-11 09:00:00;586.0277128343113;1000.0;;270.0;;;;
2022-02-11 10:00:00;577.9129243617135;1000.0;;270.0;;;;
2022-02-11 11:00:00;490.5730956165921;1000.0;;270.0;;;;
2022-02-11 12:00:00;622.0778713247302;1000.0;;270.0;;;;
2022-02-11 13:00:00;714.8598896746881;1000.0;;270.0;;;;
2022-02-11 14:00:00;568.5083039537718;1000.0;;270.0;;;;
2022-02-11 15:00:00;484.1303573828608;1000.0;;270.0;;;;
2022-02-11 16:00:00;608.572376101144;1000.0;;270.0;;;;
2022-02-11 17:00:00;598.5900252929202;1000.0;;270.0;;;;
2022-02-11 18:00:00;581.389759226994;1000.0;;270.0;;;;
2022-02-11 19:00:00;588.7407115309708;1000.0;;270.0;;;;
2022-02-11 20:00:00;588.9732936065752;1000.0;;270.0;;;;
2022-02-11 21:00:00;618.4414522699057;1000.0;;270.0;;;;
2022-02-11 22:00:00;482.2838250951833;1000.0;;270.0;;;;
2022-02-11 23:00:00;528.5813568210586;1000.0;;270.0;;;;
2022-02-12 00:00:00;482.1837211639335;1000.0;;270.0;;;;
2022-02-12 01:00:00;547.6682046549869;1000.0;;270.0;;;;
2022-02-12 02:00:00;573.359743524311;1000.0;;270.0;;;;
2022-02-12 03:00:00;635.3039277676866;1000.0;;270.0;;;;
2022-02-12 04:00:00;589.8286364245655;1000.0;;270.0;;;;
2022-02-12 05:00:00;612.8220802932483;1000.0;;270.0;;;;
2022-02-12 06:00:00;628.9999870241325;1000.0;;270.0;;;;
2022-02-12 07:00:00;549.0935771293512;1000.0;;270.0;;;;
2022-02-12 08:00:00;556.9960165353889;1000.0;;270.0;;;;
2022-02-12 09:00:00;549.3043538450742;1000.0;;270.0;;;;
2022-02-12 10:00:00;639.222988086808;1000.0;;270.0;;;;
2022-02-12 11:00:00;518.1838729892535;1000.0;;270.0;;;;
2022-02-12 12:00:00;510.8312992376962;1000.0;;270.0;;;;
2022-02-12 13:00:00;419.4891497350916;1000.0;;270.0;;;;
2022-02-12 14:00:00;604.6840480326929;1000.0;;270.0;;;;
2022-02-12 15:00:00;562.2720263069474;1000.0;;270.0;;;;
2022-02-12 16:00:00;576.8568408287521;1000.0;;270.0;;;;
2022-02-12 17:00:00;633.0502363000032;1000.0;;270.0;;;;
2022-02-12 18:00:00;548.0355449944772;1000.0;;270.0;;;;
2022-02-12 19:00:00;531.6936511782584;1000.0;;270.0;;;;
2022-02-12 20:00:00;514.9393512107857;1000.0;;270.0;;;;
2022-02-12 21:00:00;563.7573481447678;1000.0;;270.0;;;;
2022-02-12 22:00:00;637.9415115502911;1000.0;;270.0;;;;
2022-02-12 23:00:00;557.7489475323755;1000.0;;270.0;;;;
2022-02-13 00:00:00;575.5274977737765;1000.0;;270.0;;;;
2022-02-13 01:00:00;573.7241128755488;1000.0;;270.0;;;;
2022-02-13 02:00:00;601.7907425299436;1000.0;;270.0;;;;
2022-02-13 03:00:00;571.156544424747;1000.0;;270.0;;;;
2022-02-13 04:00:00;615.0080858612686;1000.0;;270.0;;;;
2022-02-13 05:00:00;537.5883253674363;1000.0;;270.0;;;;
2022-02-13 06:00:00;601.8473215923452;1000.0;;270.0;;;;
2022-02-13 07:00:00;470.6702107547821;1000.0;;270.0;;;;
2022-02-13 08:00:00;630.9345077158638;1000.0;;270.0;;;;
2022-02-13 09:00:00;613.5496302162882;1000.0;;270.0;;;;
2022-02-13 10:00:00;587.7674879272146;1000.0;;270.0;;;;
2022-02-13 11:00:00;533.2060095468391;1000.0;;270.0;;;;
2022-02-13 12:00:00;497.8657459591931;1000.0;;270.0;;;;
2022-02-13 13:00:00;540.8272091618509;1000.0;;270.0;;;;
2022-02-13 14:00:00;573.5848153994654;1000.0;;270.0;;;;
2022-02-13 15:00:00;596.4923723425744;1000.0;;270.0;;;;
2022-02-13 16:00:00;638.8962207135337;1000.0;;270.0;;;;
2022-02-13 17:00:00;523.9932835622033;1000.0;;270.0;;;;
2022-02-13 18:00:00;493.6866340402428;1000.0;;270.0;;;;
2022-02-13 19:00:00;567.8429137910024;1000.0;;270.0;;;;
2022-02-13 20:00:00;526.0725054626182;1000.0;;270.0;;;;
2022-02-13 21:00:00;573.2867049942231;1000.0;;270.0;;;;
2022-02-13 22:00:00;620.4207069253208;1000.0;;270.0;;;;
2022-02-13 23:00:00;542.3344369073671;1000.0;;270.0;;;;
2022-02-14 00:00:00;545.4921752197891;1000.0;;270.0;;;;
2022-02-14 01:00:00;574.8124593792413;1000.0;;270.0;;;;
2022-02-14 02:00:00;559.5693368158375;1000.0;;270.0;;;;
2022-02-14 03:00:00;555.7415055981232;1000.0;;270.0;;;;
2022-02-14 04:00:00;600.5851776068823;1000.0;;270.0;;;;
2022-02-14 05:00:00;655.0005787600842;1000.0;;270.0;;;;
2022-02-14 06:00:00;625.8027760209347;1000.0;;270.0;;;;
2022-02-14 07:00:00;577.0346753596143;1000.0;;270.0;;;;
2022-02-14 08:00:00;566.0732863201272;1000.0;;270.0;;;;
2022-02-14 09:00:00;582.9788902530056;1000.0;;270.0;;;;
2022-02-14 10:00:00;542.9074830979664;1000.0;;270.0;;;;
2022-02-14 11:00:00;569.8763302455193;1000.0;;270.0;;;;
2022-02-14 12:00:00;667.5123842285755;1000.0;;270.0;;;;
2022-02-14 13:00:00;625.6565344703486;1000.0;;270.0;;;;
2022-02-14 14:00:00;586.0032573712876;1000.0;;270.0;;;;
2022-02-14 15:00:00;589.4238574130535;1000.0;;270.0;;;;
2022-02-14 16:00:00;614.6919438189418;1000.0;;270.0;;;;
2022-02-14 17:00:00;512.0986442830301;1000.0;;270.0;;;;
2022-02-14 18:00:00;598.005661175189;1000.0;;270.0;;;;
2022-02-14 19:00:00;652.4153211709278;1000.0;;270.0;;;;
2022-02-14 20:00:00;508.6778323019522;1000.0;;270.0;;;;
2022-02-14 21:00:00;593.228221105103;1000.0;;270.0;;;;
2022-02-14 22:00:00;536.5712842363715;1000.0;;270.0;;;;
2022-02-14 23:00:00;591.9742831647698;1000.0;;270.0;;;;
2022-02-15 00:00:00;581.6002045428145;1000.0;;270.0;;;;
2022-02-15 01:00:00;564.5866654323102;1000.0;;270.0;;;;
2022-02-15 02:00:00;659.2704467491706;1000.0;;270.0;;;;
2022-02-15 03:00:00;579.0581001984975;1000.0;;270.0;;;;
2022-02-15 04:00:00;638.0039395311492;1000.0;;270.0;;;;
2022-02-15 05:00:00;568.4137580802454;1000.0;;270.0;;;;
2022-02-15 06:00:00;542.8991552511908;1000.0;;270.0;;;;
2022-02-15 07:00:00;579.6059799760878;1000.0;;270.0;;;;
2022-02-15 08:00:00;485.1763821524773;1000.0;;270.0;;;;
2022-02-15 09:00:00;547.750359967254;1000.0;;270.0;;;;
2022-02-15 10:00:00;538.1193740694715;1000.0;;270.0;;;;
2022-02-15 11:00:00;605.8972481036465;1000.0;;270.0;;;;
2022-02-15 12:00:00;558.5160967086942;1000.0;;270.0;;;;
2022-02-15 13:00:00;511.287343632353;1000.0;;270.0;;;;
2022-02-15 14:00:00;602.3967602733065;1000.0;;270.0;;;;
2022-02-15 15:00:00;625.5744884826526;1000.0;;270.0;;;;
2022-02-15 16:00:00;512.3593812240264;1000.0;;270.0;;;;
2022-02-15 17:00:00;614.9151668425553;1000.0;;270.0;;;;
2022-02-15 18:00:00;585.777303496255;1000.0;;270.0;;;;
2022-02-15 19:00:00;615.2264275761621;1000.0;;270.0;;;;
2022-02-15 20:00:00;558.726956472827;1000.0;;270.0;;;;
2022-02-15 21:00:00;592.6478656405108;1000.0;;270.0;;;;
2022-02-15 22:00:00;603.4049645372318;1000.0;;270.0;;;;
2022-02-15 23:00:00;553.4618803867291;1000.0;;270.0;;;;
2022-02-16 00:00:00;480.7186526603219;1000.0;;270.0;;;;
2022-02-16 01:00:00;621.5045889939282;1000.0;;270.0;;;;
2022-02-16 02:00:00;583.616480350476;1000.0;;270.0;;;;
2022-02-16 03:00:00;613.2393314006727;1000.0;;270.0;;;;
2022-02-16 04:00:00;628.2015669847085;1000.0;;270.0;;;;
2022-02-16 05:00:00;532.2511874401537;1000.0;;270.0;;;;
2022-02-16 06:00:00;633.5225285842333;1000.0;;270.0;;;;
2022-02-16 07:00:00;577.1194053180967;1000.0;;270.0;;;;
2022-02-16 08:00:00;545.7706224120044;1000.0;;270.0;;;;
2022-02-16 09:00:00;624.7181523744026;1000.0;;270.0;;;;
2022-02-16 10:00:00;652.3797793488355;1000.0;;270.0;;;;
2022-02-16 11:00:00;640.632990384503;1000.0;;270.0;;;;
2022-02-16 12:00:00;596.7493878380792;1000.0;;270.0;;;;
2022-02-16 13:00:00;509.2564765819811;1000.0;;270.0;;;;
2022-02-16 14:00:00;540.0903519320561;1000.0;;270.0;;;;
2022-02-16 15:00:00;534.0953481282008;1000.0;;270.0;;;;
2022-02-16 16:00:00;564.1541927919188;1000.0;;270.0;;;;
2022-02-16 17:00:00;648.0684854119961;1000.0;;270.0;;;;
2022-02-16 18:00:00;523.5689585985509;1000.0;;270.0;;;;
2022-02-16 19:00:00;526.6291447651668;1000.0;;270.0;;;;
2022-02-16 20:00:00;564.1416013434449;1000.0;;270.0;;;;
2022-02-16 21:00:00;539.0739191259914;1000.0;;270.0;;;;
2022-02-16 22:00:00;529.0320402111447;1000.0;;270.0;;;;
2022-02-16 23:00:00;551.5816969620264;1000.0;;270.0;;;;
2022-02-17 00:00:00;577.6336404190362;1000.0;;270.0;;;;
2022-02-17 01:00:00;566.9751563360463;1000.0;;270.0;;;;
2022-02-17 02:00:00;536.5834952434425;1000.0;;270.0;;;;
2022-02-17 03:00:00;588.2291180467031;1000.0;;270.0;;;;
2022-02-17 04:00:00;602.8457060818473;1000.0;;270.0;;;;
2022-02-17 05:00:00;544.1599140092408;1000.0;;270.0;;;;
2022-02-17 06:00:00;584.0293672515076;1000.0;;270.0;;;;
2022-02-17 07:00:00;563.9977100192799;1000.0;;270.0;;;;
2022-02-17 08:00:00;579.1651709057877;1000.0;;270.0;;;;
2022-02-17 09:00:00;621.1833448026525;1000.0;;270.0;;;;
2022-02-17 10:00:00;537.83697683275;1000.0;;270.0;;;;
2022-02-17 11:00:00;625.2169512386389;1000.0;;270.0;;;;
2022-02-17 12:00:00;580.8768346868444;1000.0;;270.0;;;;
2022-02-17 13:00:00;594.0557048938329;1000.0;;270.0;;;;
2022-02-17 14:00:00;558.1989943311158;1000.0;;270.0;;;;
2022-02-17 15:00:00;567.4374683358793;1000.0;;270.0;;;;
2022-02-17 16:00:00;585.3098250457642;1000.0;;270.0;;;;
2022-02-17 17:00:00;608.6351850884965;1000.0;;270.0;;;;
2022-02-17 18:00:00;631.7024143076445;1000.0;;270.0;;;;
2022-02-17 19:00:00;486.028131724563;1000.0;;270.0;;;;
2022-02-17 20:00:00;539.2255734781579;1000.0;;270.0;;;;
2022-02-17 21:00:00;571.1667900561384;1000.0;;270.0;;;;
2022-02-17 22:00:00;474.386430636822;1000.0;;270.0;;;;
2022-02-17 23:00:00;453.7061731244465;1000.0;;270.0;;;;
2022-02-18 00:00:00;519.217446642542;1000.0;;270.0;;;;
2022-02-18 01:00:00;648.6747210803069;1000.0;;270.0;;;;
2022-02-18 02:00:00;565.5671744676912;1000.0;;270.0;;;;
2022-02-18 03:00:00;633.6486279606065;1000.0;;270.0;;;;
2022-02-18 04:00:00;613.1604036406047;1000.0;;270.0;;;;
2022-02-18 05:00:00;568.9603592727466;1000.0;;270.0;;;;
2022-02-18 06:00:00;584.0144170135793;1000.0;;270.0;;;;
2022-02-18 07:00:00;674.6827845136708;1000.0;;270.0;;;;
2022-02-18 08:00:00;542.5155597387082;1000.0;;270.0;;;;
2022-02-18 09:00:00;548.1386544999413;1000.0;;270.0;;;;
2022-02-18 10:00:00;620.1109490307581;1000.0;;270.0;;;;
2022-02-18 11:00:00;588.6433461292125;1000.0;;270.0;;;;
2022-02-18 12:00:00;537.4026825603598;1000.0;;270.0;;;;
2022-02-18 13:00:00;565.9928698614231;1000.0;;270.0;;;;
2022-02-18 14:00:00;569.0467775124157;1000.0;;270.0;;;;
2022-02-18 15:00:00;695.3907009584631;1000.0;;270.0;;;;
2022-02-18 16:00:00;605.1964255945965;1000.0;;270.0;;;;
2022-02-18 17:00:00;576.1498661659988;1000.0;;270.0;;;;
2022-02-18 18:00:00;540.0828732852399;1000.0;;270.0;;;;
2022-02-18 19:00:00;555.4623883076189;1000.0;;270.0;;;;
2022-02-18 20:00:00;517.4022735310227;1000.0;;270.0;;;;
2022-02-18 21:00:00;608.1889364938262;1000.0;;270.0;;;;
2022-02-18 22:00:00;677.645558073219;1000.0;;270.0;;;;
2022-02-18 23:00:00;538.1525241172343;1000.0;;270.0;;;;
2022-02-19 00:00:00;541.4084157585773;1000.0;;270.0;;;;
2022-02-19 01:00:00;539.0534123171818;1000.0;;270.0;;;;
2022-02-19 02:00:00;544.1682340379896;1000.0;;270.0;;;;
2022-02-19 03:00:00;558.5379956084547;1000.0;;270.0;;;;
2022-02-19 04:00:00;542.0402137022005;1000.0;;270.0;;;;
2022-02-19 05:00:00;537.4123304436945;1000.0;;270.0;;;;
2022-02-19 06:00:00;609.0900716655071;1000.0;;270.0;;;;
2022-02-19 07:00:00;553.8625374552089;1000.0;;270.0;;;;
2022-02-19 08:00:00;549.208107501927;1000.0;;270.0;;;;
2022-02-19 09:00:00;621.9525928635246;1000.0;;270.0;;;;
2022-02-19 10:00:00;543.8600048406357;1000.0;;270.0;;;;
2022-02-19 11:00:00;553.1619682064537;1000.0;;270.0;;;;
2022-02-19 12:00:00;568.3285038030004;1000.0;;270.0;;;;
2022-02-19 13:00:00;549.7286543101882;1000.0;;270.0;;;;
2022-02-19 14:00:00;653.006301019677;1000.0;;270.0;;;;
2022-02-19 15:00:00;561.3833097157681;1000.0;;270.0;;;;
2022-02-19 16:00:00;628.1195758485298;1000.0;;270.0;;;;
2022-02-19 17:00:00;595.3611921920316;1000.0;;270.0;;;;
2022-02-19 18:00:00;540.4789195586519;1000.0;;270.0;;;;
2022-02-19 19:00:00;539.7855877724218;1000.0;;270.0;;;;
2022-02-19 20:00:00;572.5836589469768;1000.0;;270.0;;;;
2022-02-19 21:00:00;509.2597355224628;1000.0;;270.0;;;;
2022-02-19 22:00:00;680.1621459504472;1000.0;;270.0;;;;
2022-02-19 23:00:00;595.2578756574336;1000.0;;270.0;;;;
2022-02-20 00:00:00;504.2569072835225;1000.0;;270.0;;;;
2022-02-20 01:00:00;592.4128099109872;1000.0;;270.0;;;;
2022-02-20 02:00:00;479.8269752466068;1000.0;;270.0;;;;
2022-02-20 03:00:00;541.3570932626448;1000.0;;270.0;;;;
2022-02-20 04:00:00;447.09196638242;1000.0;;270.0;;;;
2022-02-20 05:00:00;542.7125511269637;1000.0;;270.0;;;;
2022-02-20 06:00:00;630.0934644746225;1000.0;;270.0;;;;
2022-02-20 07:00:00;577.9280699903964;1000.0;;270.0;;;;
2022-02-20 08:00:00;592.6098124077638;1000.0;;270.0;;;;
2022-02-20 09:00:00;625.7699526877061;1000.0;;270.0;;;;
2022-02-20 10:00:00;579.7485229404575;1000.0;;270.0;;;;
2022-02-20 11:00:00;549.6657899977035;1000.0;;270.0;;;;
2022-02-20 12:00:00;567.706442119894;1000.0;;270.0;;;;
2022-02-20 13:00:00;653.982721779928;1000.0;;270.0;;;;
2022-02-20 14:00:00;558.9261358964725;1000.0;;270.0;;;;
2022-02-20 15:00:00;661.6475473361988;1000.0;;270.0;;;;
2022-02-20 16:00:00;425.4582939672539;1000.0;;270.0;;;;
2022-02-20 17:00:00;571.3710593857953;1000.0;;270.0;;;;
2022-02-20 18:00:00;537.4845224979096;1000.0;;270.0;;;;
2022-02-20 19:00:00;674.9421338474381;1000.0;;270.0;;;;
2022-02-20 20:00:00;669.9863799353378;1000.0;;270.0;;;;
2022-02-20 21:00:00;578.1806693299018;1000.0;;270.0;;;;
2022-02-20 22:00:00;566.6683130724332;1000.0;;270.0;;;;
2022-02-20 23:00:00;561.0316792782942;1000.0;;270.0;;;;
2022-02-21 00:00:00;612.6793480269989;1000.0;;270.0;;;;
2022-02-21 01:00:00;574.8080030087237;1000.0;;270.0;;;;
2022-02-21 02:00:00;616.897289605509;1000.0;;270.0;;;;
2022-02-21 03:00:00;603.3466034581799;1000.0;;270.0;;;;
2022-02-21 04:00:00;629.4114416829084;1000.0;;270.0;;;;
2022-02-21 05:00:00;581.9016406283893;1000.0;;270.0;;;;
2022-02-21 06:00:00;549.6884283567964;1000.0;;270.0;;;;
2022-02-21 07:00:00;563.5770288283347;1000.0;;270.0;;;;
2022-02-21 08:00:00;566.4472523469578;1000.0;;270.0;;;;
2022-02-21 09:00:00;568.1749479383568;1000.0;;270.0;;;;
2022-02-21 10:00:00;557.4543545808074;1000.0;;270.0;;;;
2022-02-21 11:00:00;615.5202702236302;1000.0;;270.0;;;;
2022-02-21 12:00:00;553.717880062531;1000.0;;270.0;;;;
2022-02-21 13:00:00;543.6400846531002;1000.0;;270.0;;;;
2022-02-21 14:00:00;542.3575748251171;1000.0;;270.0;;;;
2022-02-21 15:00:00;649.9730119177946;1000.0;;270.0;;;;
2022-02-21 16:00:00;610.0065696722867;1000.0;;270.0;;;;
2022-02-21 17:00:00;657.3560034506801;1000.0;;270.0;;;;
2022-02-21 18:00:00;660.8295131055025;1000.0;;270.0;;;;
2022-02-21 19:00:00;579.5686408399249;1000.0;;270.0;;;;
2022-02-21 20:00:00;526.4666179846342;1000.0;;270.0;;;;
2022-02-21 21:00:00;633.8338377361889;1000.0;;270.0;;;;
2022-02-21 22:00:00;601.0223173059736;1000.0;;270.0;;;;
2022-02-21 23:00:00;486.9427282900017;1000.0;;270.0;;;;
2022-02-22 00:00:00;575.5284718461703;1000.0;;270.0;;;;
2022-02-22 01:00:00;594.508636374007;1000.0;;270.0;;;;
2022-02-22 02:00:00;576.520420580599;1000.0;;270.0;;;;
2022-02-22 03:00:00;600.9763022335397;1000.0;;270.0;;;;
2022-02-22 04:00:00;533.9807242441177;1000.0;;270.0;;;;
2022-02-22 05:00:00;510.6453955576093;1000.0;;270.0;;;;
2022-02-22 06:00:00;544.5081247857665;1000.0;;270.0;;;;
2022-02-22 07:00:00;721.1647805058969;1000.0;;270.0;;;;
2022-02-22 08:00:00;652.4146433232422;1000.0;;270.0;;;;
2022-02-22 09:00:00;604.231742458966;1000.0;;270.0;;;;
2022-02-22 10:00:00;496.5531752021677;1000.0;;270.0;;;;
2022-02-22 11:00:00;447.5104134506771;1000.0;;270.0;;;;
2022-02-22 12:00:00;578.8303402342788;1000.0;;270.0;;;;
2022-02-22 13:00:00;604.2410889742846;1000.0;;270.0;;;;
2022-02-22 14:00:00;568.1384742331203;1000.0;;270.0;;;;
2022-02-22 15:00:00;509.3870797628394;1000.0;;270.0;;;;
2022-02-22 16:00:00;694.9280987137117;1000.0;;270.0;;;;
2022-02-22 17:00:00;648.4362490253403;1000.0;;270.0;;;;
2022-02-22 18:00:00;508.6732661889488;1000.0;;270.0;;;;
2022-02-22 19:00:00;549.1982871522404;1000.0;;270.0;;;;
2022-02-22 20:00:00;580.0334056182668;1000.0;;270.0;;;;
2022-02-22 21:00:00;528.2218339510097;1000.0;;270.0;;;;
2022-02-22 22:00:00;536.5860287103789;1000.0;;270.0;;;;
2022-02-22 23:00:00;618.2869621930364;1000.0;;270.0;;;;
2022-02-23 00:00:00;563.4559632947318;1000.0;;270.0;;;;
2022-02-23 01:00:00;552.3758640058709;1000.0;;270.0;;;;
2022-02-23 02:00:00;618.8660348916525;1000.0;;270.0;;;;
2022-02-23 03:00:00;559.2812382095783;1000.0;;270.0;;;;
2022-02-23 04:00:00;566.82119876463;1000.0;;270.0;;;;
2022-02-23 05:00:00;667.3613196712765;1000.0;;270.0;;;;
2022-02-23 06:00:00;589.0858741539615;1000.0;;270.0;;;;
2022-02-23 07:00:00;572.303836400626;1000.0;;270.0;;;;
2022-02-23 08:00:00;568.5599937496469;1000.0;;270.0;;;;
2022-02-23 09:00:00;571.2594766797939;1000.0;;270.0;;;;
2022-02-23 10:00:00;570.9472788538059;1000.0;;270.0;;;;
2022-02-23 11:00:00;611.3861303743003;1000.0;;270.0;;;;
2022-02-23 12:00:00;539.013068701426;1000.0;;270.0;;;;
2022-02-23 13:00:00;542.1108204283546;1000.0;;270.0;;;;
2022-02-23 14:00:00;497.3238261100204;1000.0;;270.0;;;;
2022-02-23 15:00:00;663.6477194009367;1000.0;;270.0;;;;
2022-02-23 16:00:00;616.2486928313573;1000.0;;270.0;;;;
2022-02-23 17:00:00;645.7682784340111;1000.0;;270.0;;;;
2022-02-23 18:00:00;580.0915941365046;1000.0;;270.0;;;;
2022-02-23 19:00:00;500.4343161544656;1000.0;;270.0;;;;
2022-02-23 20:00:00;582.1638465176657;1000.0;;270.0;;;;
2022-02-23 21:00:00;654.0405203456144;1000.0;;270.0;;;;
2022-02-23 22:00:00;534.7287228174592;1000.0;;270.0;;;;
2022-02-23 23:00:00;661.9076161346537;1000.0;;270.0;;;;
2022-02-24 00:00:00;620.0884164108502;1000.0;;270.0;;;;
2022-02-24 01:00:00;558.5776055490136;1000.0;;270.0;;;;
2022-02-24 02:00:00;595.3896748646202;1000.0;;270.0;;;;
2022-02-24 03:00:00;540.1796524653039;1000.0;;270.0;;;;
2022-02-24 04:00:00;573.7742530495814;1000.0;;270.0;;;;
2022-02-24 05:00:00;559.8590255033247;1000.0;;270.0;;;;
2022-02-24 06:00:00;685.279853524004;1000.0;;270.0;;;;
2022-02-24 07:00:00;625.3855415953411;1000.0;;270.0;;;;
2022-02-24 08:00:00;596.4730814615879;1000.0;;270.0;;;;
2022-02-24 09:00:00;595.395493987622;1000.0;;270.0;;;;
2022-02-24 10:00:00;510.6345036426643;1000.0;;270.0;;;;
2022-02-24 11:00:00;546.1632379593943;1000.0;;270.0;;;;
2022-02-24 12:00:00;612.8254487278368;1000.0;;270.0;;;;
2022-02-24 13:00:00;521.1739196891498;1000.0;;270.0;;;;
2022-02-24 14:00:00;493.823919733289;1000.0;;270.0;;;;
2022-02-24 15:00:00;564.6771678304677;1000.0;;270.0;;;;
2022-02-24 16:00:00;579.9891119837187;1000.0;;270.0;;;;
2022-02-24 17:00:00;528.0171677950925;1000.0;;270.0;;;;
2022-02-24 18:00:00;642.803642077805;1000.0;;270.0;;;;
2022-02-24 19:00:00;557.7381297848683;1000.0;;270.0;;;;
2022-02-24 20:00:00;525.2358922595591;1000.0;;270.0;;;;
2022-02-24 21:00:00;585.4723540719934;1000.0;;270.0;;;;
2022-02-24 22:00:00;621.9824563604072;1000.0;;270.0;;;;
2022-02-24 23:00:00;572.5601463498425;1000.0;;270.0;;;;
2022-02-25 00:00:00;621.2793643928335;1000.0;;270.0;;;;
2022-02-25 01:00:00;623.4573627495847;1000.0;;270.0;;;;
2022-02-25 02:00:00;671.0877561500249;1000.0;;270.0;;;;
2022-02-25 03:00:00;578.8374466852017;1000.0;;270.0;;;;
2022-02-25 04:00:00;624.0054346831465;1000.0;;270.0;;;;
2022-02-25 05:00:00;571.8371084510004;1000.0;;270.0;;;;
2022-02-25 06:00:00;622.322729231841;1000.0;;270.0;;;;
2022-02-25 07:00:00;584.4778402118311;1000.0;;270.0;;;;
2022-02-25 08:00:00;685.0589725374449;1000.0;;270.0;;;;
2022-02-25 09:00:00;396.6614675934788;1000.0;;270.0;;;;
2022-02-25 10:00:00;574.6531736129687;1000.0;;270.0;;;;
2022-02-25 11:00:00;691.4389889796305;1000.0;;270.0;;;;
2022-02-25 12:00:00;639.4246723906708;1000.0;;270.0;;;;
2022-02-25 13:00:00;501.8943919466923;1000.0;;270.0;;;;
2022-02-25 14:00:00;701.1113529536465;1000.0;;270.0;;;;
2022-02-25 15:00:00;571.0232641061458;1000.0;;270.0;;;;
2022-02-25 16:00:00;554.6112940353511;1000.0;;270.0;;;;
2022-02-25 17:00:00;588.004324384851;1000.0;;270.0;;;;
2022-02-25 18:00:00;551.5729255954582;1000.0;;270.0;;;;
2022-02-25 19:00:00;587.5756680968207;1000.0;;270.0;;;;
2022-02-25 20:00:00;587.6448542131011;1000.0;;270.0;;;;
2022-02-25 21:00:00;617.6997574513507;1000.0;;270.0;;;;
2022-02-25 22:00:00;604.2963216881685;1000.0;;270.0;;;;
2022-02-25 23:00:00;557.3451041341942;1000.0;;270.0;;;;
2022-02-26 00:00:00;571.8704907148517;1000.0;;270.0;;;;
2022-02-26 01:00:00;554.3786269115639;1000.0;;270.0;;;;
2022-02-26 02:00:00;681.0454489025306;1000.0;;270.0;;;;
2022-02-26 03:00:00;600.6157519587571;1000.0;;270.0;;;;
2022-02-26 04:00:00;548.1720496131203;1000.0;;270.0;;;;
2022-02-26 05:00:00;550.8068067943359;1000.0;;270.0;;;;
2022-02-26 06:00:00;599.8344982606305;1000.0;;270.0;;;;
2022-02-26 07:00:00;536.061499542126;1000.0;;270.0;;;;
2022-02-26 08:00:00;482.2268347817154;1000.0;;270.0;;;;
2022-02-26 09:00:00;549.861168711072;1000.0;;270.0;;;;
2022-02-26 10:00:00;541.8031743684294;1000.0;;270.0;;;;
2022-02-26 11:00:00;614.9990315055386;1000.0;;270.0;;;;
2022-02-26 12:00:00;549.9821063852453;1000.0;;270.0;;;;
2022-02-26 13:00:00;577.105983335061;1000.0;;270.0;;;;
2022-02-26 14:00:00;497.2974230630851;1000.0;;270.0;;;;
2022-02-26 15:00:00;656.4960965038118;1000.0;;270.0;;;;
2022-02-26 16:00:00;598.4758533117765;1000.0;;270.0;;;;
2022-02-26 17:00:00;629.9143679825851;1000.0;;270.0;;;;
2022-02-26 18:00:00;638.4359610700274;1000.0;;270.0;;;;
2022-02-26 19:00:00;550.1489886417888;1000.0;;270.0;;;;
2022-02-26 20:00:00;531.9304655663508;1000.0;;270.0;;;;
2022-02-26 21:00:00;507.2329526974767;1000.0;;270.0;;;;
2022-02-26 22:00:00;548.2166116443052;1000.0;;270.0;;;;
2022-02-26 23:00:00;490.7788871642567;1000.0;;270.0;;;;
2022-02-27 00:00:00;471.580734297415;1000.0;;270.0;;;;
2022-02-27 01:00:00;508.6666488561604;1000.0;;270.0;;;;
2022-02-27 02:00:00;512.410540936154;1000.0;;270.0;;;;
2022-02-27 03:00:00;527.7579802244958;1000.0;;270.0;;;;
2022-02-27 04:00:00;548.4597875584876;1000.0;;270.0;;;;
2022-02-27 05:00:00;583.8939371545998;1000.0;;270.0;;;;
2022-02-27 06:00:00;586.7794437747117;1000.0;;270.0;;;;
2022-02-27 07:00:00;529.1350812884417;1000.0;;270.0;;;;
2022-02-27 08:00:00;612.9992202952899;1000.0;;270.0;;;;
2022-02-27 09:00:00;557.0299788962647;1000.0;;270.0;;;;
2022-02-27 10:00:00;508.8155747772533;1000.0;;270.0;;;;
2022-02-27 11:00:00;559.3800140309435;1000.0;;270.0;;;;
2022-02-27 12:00:00;544.8735766041983;1000.0;;270.0;;;;
2022-02-27 13:00:00;614.3028618134373;1000.0;;270.0;;;;
2022-02-27 14:00:00;585.2693241747943;1000.0;;270.0;;;;
2022-02-27 15:00:00;598.8653196139308;1000.0;;270.0;;;;
2022-02-27 16:00:00;654.2748363393687;1000.0;;270.0;;;;
2022-02-27 17:00:00;599.1064153711332;1000.0;;270.0;;;;
2022-02-27 18:00:00;478.137928603683;1000.0;;270.0;;;;
2022-02-27 19:00:00;663.0756140411023;1000.0;;270.0;;;;
2022-02-27 20:00:00;656.3467484250997;1000.0;;270.0;;;;
2022-02-27 21:00:00;560.2676474130255;1000.0;;270.0;;;;
2022-02-27 22:00:00;476.8787872942454;1000.0;;270.0;;;;
2022-02-27 23:00:00;672.3393071039221;1000.0;;270.0;;;;
2022-02-28 00:00:00;612.9739732050766;1000.0;;270.0;;;;
2022-02-28 01:00:00;602.9483781549336;1000.0;;270.0;;;;
2022-02-28 02:00:00;437.1797487604879;1000.0;;270.0;;;;
2022-02-28 03:00:00;577.9874490803048;1000.0;;270.0;;;;
2022-02-28 04:00:00;502.996850638248;1000.0;;270.0;;;;
2022-02-28 05:00:00;624.2337356893147;1000.0;;270.0;;;;
2022-02-28 06:00:00;623.1978293867091;1000.0;;270.0;;;;
2022-02-28 07:00:00;538.2854698430586;1000.0;;270.0;;;;
2022-02-28 08:00:00;483.3412658337813;1000.0;;270.0;;;;
2022-02-28 09:00:00;535.079511936756;1000.0;;270.0;;;;
2022-02-28 10:00:00;577.2326090050733;1000.0;;270.0;;;;
2022-02-28 11:00:00;490.1352547382686;1000.0;;270.0;;;;
2022-02-28 12:00:00;639.1647951232487;1000.0;;270.0;;;;
2022-02-28 13:00:00;648.6473146263687;1000.0;;270.0;;;;
2022-02-28 14:00:00;521.3032205567938;1000.0;;270.0;;;;
2022-02-28 15:00:00;559.5440203708126;1000.0;;270.0;;;;
2022-02-28 16:00:00;543.482352842109;1000.0;;270.0;;;;
2022-02-28 17:00:00;531.2763863424717;1000.0;;270.0;;;;
2022-02-28 18:00:00;574.3732330276493;1000.0;;270.0;;;;
2022-02-28 19:00:00;630.0478926232062;1000.0;;270.0;;;;
2022-02-28 20:00:00;586.2920669309096;1000.0;;270.0;;;;
2022-02-28 21:00:00;573.590529887784;1000.0;;270.0;;;;
2022-02-28 22:00:00;631.0692024254278;1000.0;;270.0;;;;
2022-02-28 23:00:00;465.2599546388598;1000.0;;270.0;;;;
2022-03-01 00:00:00;488.793252932868;1000.0;;270.0;;;;
2022-03-01 01:00:00;682.6521608344563;1000.0;;270.0;;;;
2022-03-01 02:00:00;524.658036297323;1000.0;;270.0;;;;
2022-03-01 03:00:00;606.8593614962477;1000.0;;270.0;;;;
2022-03-01 04:00:00;565.8318771296389;1000.0;;270.0;;;;
2022-03-01 05:00:00;543.2383118488216;1000.0;;270.0;;;;
2022-03-01 06:00:00;649.8506758201876;1000.0;;270.0;;;;
2022-03-01 07:00:00;624.9503317419959;1000.0;;270.0;;;;
2022-03-01 08:00:00;537.3566894577021;1000.0;;270.0;;;;
2022-03-01 09:00:00;535.5884010921361;1000.0;;270.0;;;;
2022-03-01 10:00:00;534.6465524700297;1000.0;;270.0;;;;
2022-03-01 11:00:00;549.86398104082;1000.0;;270.0;;;;
2022-03-01 12:00:00;582.8889742832179;1000.0;;270.0;;;;
2022-03-01 13:00:00;684.0142038913739;1000.0;;270.0;;;;
2022-03-01 14:00:00;606.1407382738472;1000.0;;270.0;;;;
2022-03-01 15:00:00;654.9795852828364;1000.0;;270.0;;;;
2022-03-01 16:00:00;502.2087588293398;1000.0;;270.0;;;;
2022-03-01 17:00:00;482.9162589844666;1000.0;;270.0;;;;
2022-03-01 18:00:00;520.1227037333408;1000.0;;270.0;;;;
2022-03-01 19:00:00;670.752713043262;1000.0;;270.0;;;;
2022-03-01 20:00:00;525.9713481258885;1000.0;;270.0;;;;
2022-03-01 21:00:00;561.1337903917083;1000.0;;270.0;;;;
2022-03-01 22:00:00;572.7318001964119;1000.0;;270.0;;;;
2022-03-01 23:00:00;536.4300096678417;1000.0;;270.0;;;;
2022-03-02 00:00:00;590.7307489719707;1000.0;;270.0;;;;
2022-03-02 01:00:00;499.6301933214932;1000.0;;270.0;;;;
2022-03-02 02:00:00;467.205706672888;1000.0;;270.0;;;;
2022-03-02 03:00:00;560.5316516782599;1000.0;;270.0;;;;
2022-03-02 04:00:00;547.1796935634526;1000.0;;270.0;;;;
2022-03-02 05:00:00;574.9923656696557;1000.0;;270.0;;;;
2022-03-02 06:00:00;605.6282974366627;1000.0;;270.0;;;;
2022-03-02 07:00:00;566.9319226373809;1000.0;;270.0;;;;
2022-03-02 08:00:00;612.3844120362867;1000.0;;270.0;;;;
2022-03-02 09:00:00;627.9700331562779;1000.0;;270.0;;;;
2022-03-02 10:00:00;555.4645270307524;1000.0;;270.0;;;;
2022-03-02 11:00:00;604.0969703279487;1000.0;;270.0;;;;
2022-03-02 12:00:00;607.6714545952944;1000.0;;270.0;;;;
2022-03-02 13:00:00;640.5917704244309;1000.0;;270.0;;;;
2022-03-02 14:00:00;622.3181262208482;1000.0;;270.0;;;;
2022-03-02 15:00:00;521.6530505403953;1000.0;;270.0;;;;
2022-03-02 16:00:00;542.048854738566;1000.0;;270.0;;;;
2022-03-02 17:00:00;655.6361054403626;1000.0;;270.0;;;;
2022-03-02 18:00:00;521.2289358350412;1000.0;;270.0;;;;
2022-03-02 19:00:00;468.7442154299363;1000.0;;270.0;;;;
2022-03-02 20:00:00;591.8055017515495;1000.0;;270.0;;;;
2022-03-02 21:00:00;573.0187362947914;1000.0;;270.0;;;;
2022-03-02 22:00:00;460.1512006245975;1000.0;;270.0;;;;
2022-03-02 23:00:00;584.2639183381522;1000.0;;270.0;;;;
2022-03-03 00:00:00;608.0414043522292;1000.0;;270.0;;;;
2022-03-03 01:00:00;598.008029206989;1000.0;;270.0;;;;
2022-03-03 02:00:00;556.853360033645;1000.0;;270.0;;;;
2022-03-03 03:00:00;544.5918319400105;1000.0;;270.0;;;;
2022-03-03 04:00:00;548.6541687919026;1000.0;;270.0;;;;
2022-03-03 05:00:00;598.1526543753118;1000.0;;270.0;;;;
2022-03-03 06:00:00;617.1629766138044;1000.0;;270.0;;;;
2022-03-03 07:00:00;574.3490790828463;1000.0;;270.0;;;;
2022-03-03 08:00:00;464.8680755365742;1000.0;;270.0;;;;
2022-03-03 09:00:00;482.8990981614234;1000.0;;270.0;;;;
2022-03-03 10:00:00;510.9384273248476;1000.0;;270.0;;;;
2022-03-03 11:00:00;630.7735559362598;1000.0;;270.0;;;;
2022-03-03 12:00:00;581.1013278553269;1000.0;;270.0;;;;
2022-03-03 13:00:00;553.2796703394087;1000.0;;270.0;;;;
2022-03-03 14:00:00;589.0836835237192;1000.0;;270.0;;;;
2022-03-03 15:00:00;591.0872772106496;1000.0;;270.0;;;;
2022-03-03 16:00:00;509.4655112421224;1000.0;;270.0;;;;
2022-03-03 17:00:00;707.0198060600292;1000.0;;270.0;;;;
2022-03-03 18:00:00;594.133987969864;1000.0;;270.0;;;;
2022-03-03 19:00:00;564.6211778937485;1000.0;;270.0;;;;
2022-03-03 20:00:00;600.8359943110638;1000.0;;270.0;;;;
2022-03-03 21:00:00;628.898889467622;1000.0;;270.0;;;;
2022-03-03 22:00:00;494.8625668147832;1000.0;;270.0;;;;
2022-03-03 23:00:00;459.3527060764474;1000.0;;270.0;;;;
2022-03-04 00:00:00;508.3126942388935;1000.0;;270.0;;;;
2022-03-04 01:00:00;615.3481197602116;1000.0;;270.0;;;;
2022-03-04 02:00:00;493.1092771828078;1000.0;;270.0;;;;
2022-03-04 03:00:00;568.2004964447901;1000.0;;270.0;;;;
2022-03-04 04:00:00;501.4583803783926;1000.0;;270.0;;;;
2022-03-04 05:00:00;519.3445812051054;1000.0;;270.0;;;;
2022-03-04 06:00:00;634.5196184292822;1000.0;;270.0;;;;
2022-03-04 07:00:00;582.0928222205763;1000.0;;270.0;;;;
2022-03-04 08:00:00;706.5269250526908;1000.0;;270.0;;;;
2022-03-04 09:00:00;437.3517743877438;1000.0;;270.0;;;;
2022-03-04 10:00:00;584.6041994517445;1000.0;;270.0;;;;
2022-03-04 11:00:00;715.6581083464697;1000.0;;270.0;;;;
2022-03-04 12:00:00;537.6627469336347;1000.0;;270.0;;;;
2022-03-04 13:00:00;591.2241923512315;1000.0;;270.0;;;;
2022-03-04 14:00:00;557.0508808444246;1000.0;;270.0;;;;
2022-03-04 15:00:00;511.9518059973979;1000.0;;270.0;;;;
2022-03-04 16:00:00;578.6086667102509;1000.0;;270.0;;;;
2022-03-04 17:00:00;547.8851658159168;1000.0;;270.0;;;;
2022-03-04 18:00:00;584.6276492130693;1000.0;;270.0;;;;
2022-03-04 19:00:00;550.3681477365762;1000.0;;270.0;;;;
2022-03-04 20:00:00;545.4942380870657;1000.0;;270.0;;;;
2022-03-04 21:00:00;495.435452768166;1000.0;;270.0;;;;
2022-03-04 22:00:00;534.5171101859773;1000.0;;270.0;;;;
2022-03-04 23:00:00;584.8294037599707;1000.0;;270.0;;;;
2022-03-05 00:00:00;640.1243276956907;1000.0;;270.0;;;;
2022-03-05 01:00:00;615.4041679754876;1000.0;;270.0;;;;
2022-03-05 02:00:00;531.2170522464216;1000.0;;270.0;;;;
2022-03-05 03:00:00;561.4581686024181;1000.0;;270.0;;;;
2022-03-05 04:00:00;555.4338617516288;1000.0;;270.0;;;;
2022-03-05 05:00:00;560.2881089943751;1000.0;;270.0;;;;
2022-03-05 06:00:00;620.7898481498763;1000.0;;270.0;;;;
2022-03-05 07:00:00;557.6635096921462;1000.0;;270.0;;;;
2022-03-05 08:00:00;435.6476128096159;1000.0;;270.0;;;;
2022-03-05 09:00:00;615.0776705343702;1000.0;;270.0;;;;
2022-03-05 10:00:00;571.1353890801331;1000.0;;270.0;;;;
2022-03-05 11:00:00;524.3847336036848;1000.0;;270.0;;;;
2022-03-05 12:00:00;569.0092119835698;1000.0;;270.0;;;;
2022-03-05 13:00:00;606.7313429466856;1000.0;;270.0;;;;
2022-03-05 14:00:00;576.4691427486583;1000.0;;270.0;;;;
2022-03-05 15:00:00;479.150905622955;1000.0;;270.0;;;;
2022-03-05 16:00:00;570.31612343502;1000.0;;270.0;;;;
2022-03-05 17:00:00;576.7688904526306;1000.0;;270.0;;;;
2022-03-05 18:00:00;515.7226876457034;1000.0;;270.0;;;;
2022-03-05 19:00:00;586.4208357820096;1000.0;;270.0;;;;
2022-03-05 20:00:00;495.4815961662875;1000.0;;270.0;;;;
2022-03-05 21:00:00;736.0211174257374;1000.0;;270.0;;;;
2022-03-05 22:00:00;590.597968255104;1000.0;;270.0;;;;
2022-03-05 23:00:00;623.5122451815996;1000.0;;270.0;;;;
2022-03-06 00:00:00;624.9325161127906;1000.0;;270.0;;;;
2022-03-06 01:00:00;663.0634317010886;1000.0;;270.0;;;;
2022-03-06 02:00:00;510.9505486923832;1000.0;;270.0;;;;
2022-03-06 03:00:00;585.4310856089024;1000.0;;270.0;;;;
2022-03-06 04:00:00;632.6075508164718;1000.0;;270.0;;;;
2022-03-06 05:00:00;590.6146486122442;1000.0;;270.0;;;;
2022-03-06 06:00:00;630.6646546869575;1000.0;;270.0;;;;
2022-03-06 07:00:00;584.6892407556952;1000.0;;270.0;;;;
2022-03-06 08:00:00;649.6289655810108;1000.0;;270.0;;;;
2022-03-06 09:00:00;512.721996672427;1000.0;;270.0;;;;
2022-03-06 10:00:00;584.8374406922501;1000.0;;270.0;;;;
2022-03-06 11:00:00;551.7623458495236;1000.0;;270.0;;;;
2022-03-06 12:00:00;511.0129416613949;1000.0;;270.0;;;;
2022-03-06 13:00:00;495.1244614233035;1000.0;;270.0;;;;
2022-03-06 14:00:00;554.522510389252;1000.0;;270.0;;;;
2022-03-06 15:00:00;599.8547520963792;1000.0;;270.0;;;;
2022-03-06 16:00:00;587.1863413324312;1000.0;;270.0;;;;
2022-03-06 17:00:00;642.8513680360347;1000.0;;270.0;;;;
2022-03-06 18:00:00;462.2144708887452;1000.0;;270.0;;;;
2022-03-06 19:00:00;619.6234389351457;1000.0;;270.0;;;;
2022-03-06 20:00:00;520.3438020222468;1000.0;;270.0;;;;
2022-03-06 21:00:00;444.2660924912068;1000.0;;270.0;;;;
2022-03-06 22:00:00;601.8327977391922;1000.0;;270.0;;;;
2022-03-06 23:00:00;603.6473550653318;1000.0;;270.0;;;;
2022-03-07 00:00:00;606.5067534780352;1000.0;;270.0;;;;
2022-03-07 01:00:00;605.9775686609124;1000.0;;270.0;;;;
2022-03-07 02:00:00;609.2575761375633;1000.0;;270.0;;;;
2022-03-07 03:00:00;556.207260157596;1000.0;;270.0;;;;
2022-03-07 04:00:00;575.1637164696172;1000.0;;270.0;;;;
2022-03-07 05:00:00;495.1452133728566;1000.0;;270.0;;;;
2022-03-07 06:00:00;491.3506821721815;1000.0;;270.0;;;;
2022-03-07 07:00:00;468.0065332032225;1000.0;;270.0;;;;
2022-03-07 08:00:00;554.6225194250769;1000.0;;270.0;;;;
2022-03-07 09:00:00;529.1643606206715;1000.0;;270.0;;;;
2022-03-07 10:00:00;572.8690499441333;1000.0;;270.0;;;;
2022-03-07 11:00:00;526.7362493716165;1000.0;;270.0;;;;
2022-03-07 12:00:00;515.0947208844344;1000.0;;270.0;;;;
2022-03-07 13:00:00;505.385693005388;1000.0;;270.0;;;;
2022-03-07 14:00:00;577.5430751505291;1000.0;;270.0;;;;
2022-03-07 15:00:00;614.7282985112229;1000.0;;270.0;;;;
2022-03-07 16:00:00;539.6391739710318;1000.0;;270.0;;;;
2022-03-07 17:00:00;642.044599440192;1000.0;;270.0;;;;
2022-03-07 18:00:00;625.4349740085214;1000.0;;270.0;;;;
2022-03-07 19:00:00;682.2400200200107;1000.0;;270.0;;;;
2022-03-07 20:00:00;613.4736465600786;1000.0;;270.0;;;;
2022-03-07 21:00:00;619.9832564775666;1000.0;;270.0;;;;
2022-03-07 22:00:00;551.672932956233;1000.0;;270.0;;;;
2022-03-07 23:00:00;579.1730378732526;1000.0;;270.0;;;;
2022-03-08 00:00:00;695.5558572463875;1000.0;;270.0;;;;
2022-03-08 01:00:00;551.3764873831893;1000.0;;270.0;;;;
2022-03-08 02:00:00;587.4935028974498;1000.0;;270.0;;;;
2022-03-08 03:00:00;614.5733619767939;1000.0;;270.0;;;;
2022-03-08 04:00:00;501.3743626333932;1000.0;;270.0;;;;
2022-03-08 05:00:00;606.422867656171;1000.0;;270.0;;;;
2022-03-08 06:00:00;491.7706668063977;1000.0;;270.0;;;;
2022-03-08 07:00:00;532.6362685366485;1000.0;;270.0;;;;
2022-03-08 08:00:00;602.3186471534993;1000.0;;270.0;;;;
2022-03-08 09:00:00;561.4132502278649;1000.0;;270.0;;;;
2022-03-08 10:00:00;451.6219542017068;1000.0;;270.0;;;;
2022-03-08 11:00:00;541.7506041253374;1000.0;;270.0;;;;
2022-03-08 12:00:00;550.1386203461061;1000.0;;270.0;;;;
2022-03-08 13:00:00;612.2523852890565;1000.0;;270.0;;;;
2022-03-08 14:00:00;522.2933210081023;1000.0;;270.0;;;;
2022-03-08 15:00:00;571.3085117731135;1000.0;;270.0;;;;
2022-03-08 16:00:00;637.2223768118906;1000.0;;270.0;;;;
2022-03-08 17:00:00;570.8520001700737;1000.0;;270.0;;;;
2022-03-08 18:00:00;660.1396095170775;1000.0;;270.0;;;;
2022-03-08 19:00:00;628.8707720459407;1000.0;;270.0;;;;
2022-03-08 20:00:00;644.2136812417558;1000.0;;270.0;;;;
2022-03-08 21:00:00;641.209337051831;1000.0;;270.0;;;;
2022-03-08 22:00:00;636.1216620865428;1000.0;;270.0;;;;
2022-03-08 23:00:00;524.5807829707602;1000.0;;270.0;;;;
2022-03-09 00:00:00;529.411663935705;1000.0;;270.0;;;;
2022-03-09 01:00:00;589.0337308062205;1000.0;;270.0;;;;
2022-03-09 02:00:00;667.3286445044714;1000.0;;270.0;;;;
2022-03-09 03:00:00;668.0576942188128;1000.0;;270.0;;;;
2022-03-09 04:00:00;663.7170658860716;1000.0;;270.0;;;;
2022-03-09 05:00:00;595.533683765494;1000.0;;270.0;;;;
2022-03-09 06:00:00;471.5992275115374;1000.0;;270.0;;;;
2022-03-09 07:00:00;497.920859303359;1000.0;;270.0;;;;
2022-03-09 08:00:00;505.3777059515731;1000.0;;270.0;;;;
2022-03-09 09:00:00;617.09002868665;1000.0;;270.0;;;;
2022-03-09 10:00:00;573.7894648413562;1000.0;;270.0;;;;
2022-03-09 11:00:00;443.5250102128221;1000.0;;270.0;;;;
2022-03-09 12:00:00;699.9178597396792;1000.0;;270.0;;;;
2022-03-09 13:00:00;551.7722919267834;1000.0;;270.0;;;;
2022-03-09 14:00:00;555.146765676598;1000.0;;270.0;;;;
2022-03-09 15:00:00;631.4322692806994;1000.0;;270.0;;;;
2022-03-09 16:00:00;552.4546647018906;1000.0;;270.0;;;;
2022-03-09 17:00:00;544.2534060484722;1000.0;;270.0;;;;
2022-03-09 18:00:00;558.1648750608457;1000.0;;270.0;;;;
2022-03-09 19:00:00;591.1269886512524;1000.0;;270.0;;;;
2022-03-09 20:00:00;599.7767534966972;1000.0;;270.0;;;;
2022-03-09 21:00:00;526.5992848466768;1000.0;;270.0;;;;
2022-03-09 22:00:00;675.791827378373;1000.0;;270.0;;;;
2022-03-09 23:00:00;556.8658588472648;1000.0;;270.0;;;;
2022-03-10 00:00:00;595.3164713621827;1000.0;;270.0;;;;
2022-03-10 01:00:00;514.2374231824197;1000.0;;270.0;;;;
2022-03-10 02:00:00;708.209341352198;1000.0;;270.0;;;;
2022-03-10 03:00:00;516.4245024929567;1000.0;;270.0;;;;
2022-03-10 04:00:00;556.9020698941696;1000.0;;270.0;;;;
2022-03-10 05:00:00;731.6058332130207;1000.0;;270.0;;;;
2022-03-10 06:00:00;658.1241668792275;1000.0;;270.0;;;;
2022-03-10 07:00:00;625.7186290571249;1000.0;;270.0;;;;
2022-03-10 08:00:00;525.8899880552515;1000.0;;270.0;;;;
2022-03-10 09:00:00;586.5122766628972;1000.0;;270.0;;;;
2022-03-10 10:00:00;601.2664594185713;1000.0;;270.0;;;;
2022-03-10 11:00:00;639.3322670026175;1000.0;;270.0;;;;
2022-03-10 12:00:00;613.0075595283363;1000.0;;270.0;;;;
2022-03-10 13:00:00;571.5124285657886;1000.0;;270.0;;;;
2022-03-10 14:00:00;603.3024818892726;1000.0;;270.0;;;;
2022-03-10 15:00:00;546.5138027128168;1000.0;;270.0;;;;
2022-03-10 16:00:00;550.1956526111663;1000.0;;270.0;;;;
2022-03-10 17:00:00;598.1601131201359;1000.0;;270.0;;;;
2022-03-10 18:00:00;635.7374350847506;1000.0;;270.0;;;;
2022-03-10 19:00:00;634.8252983866249;1000.0;;270.0;;;;
2022-03-10 20:00:00;578.674025947383;1000.0;;270.0;;;;
2022-03-10 21:00:00;538.7388417259467;1000.0;;270.0;;;;
2022-03-10 22:00:00;518.9069458518213;1000.0;;270.0;;;;
2022-03-10 23:00:00;572.4173224446284;1000.0;;270.0;;;;
2022-03-11 00:00:00;569.0170918340561;1000.0;;270.0;;;;
2022-03-11 01:00:00;528.6837487910557;1000.0;;270.0;;;;
2022-03-11 02:00:00;650.5956895864664;1000.0;;270.0;;;;
2022-03-11 03:00:00;622.2266895638436;1000.0;;270.0;;;;
2022-03-11 04:00:00;545.3417281876943;1000.0;;270.0;;;;
2022-03-11 05:00:00;535.7844312931724;1000.0;;270.0;;;;
2022-03-11 06:00:00;460.065995489384;1000.0;;270.0;;;;
2022-03-11 07:00:00;493.0238038619639;1000.0;;270.0;;;;
2022-03-11 08:00:00;468.4171798090991;1000.0;;270.0;;;;
2022-03-11 09:00:00;488.9676021217368;1000.0;;270.0;;;;
2022-03-11 10:00:00;570.6222413479067;1000.0;;270.0;;;;
2022-03-11 11:00:00;669.0103580394162;1000.0;;270.0;;;;
2022-03-11 12:00:00;574.965912481344;1000.0;;270.0;;;;
2022-03-11 13:00:00;614.0587113791817;1000.0;;270.0;;;;
2022-03-11 14:00:00;621.2575413646146;1000.0;;270.0;;;;
2022-03-11 15:00:00;529.723680371676;1000.0;;270.0;;;;
2022-03-11 16:00:00;602.7744469038565;1000.0;;270.0;;;;
2022-03-11 17:00:00;576.3900852711116;1000.0;;270.0;;;;
2022-03-11 18:00:00;584.006523798318;1000.0;;270.0;;;;
2022-03-11 19:00:00;566.2791048064427;1000.0;;270.0;;;;
2022-03-11 20:00:00;579.6705261237911;1000.0;;270.0;;;;
2022-03-11 21:00:00;560.759830356302;1000.0;;270.0;;;;
2022-03-11 22:00:00;511.0209567487921;1000.0;;270.0;;;;
2022-03-11 23:00:00;480.8096338767266;1000.0;;270.0;;;;
2022-03-12 00:00:00;514.9001981127647;1000.0;;270.0;;;;
2022-03-12 01:00:00;577.1599877657112;1000.0;;270.0;;;;
2022-03-12 02:00:00;541.3178864886922;1000.0;;270.0;;;;
2022-03-12 03:00:00;658.1905225865639;1000.0;;270.0;;;;
2022-03-12 04:00:00;604.0861262695317;1000.0;;270.0;;;;
2022-03-12 05:00:00;706.9684507304164;1000.0;;270.0;;;;
2022-03-12 06:00:00;589.0982911204868;1000.0;;270.0;;;;
2022-03-12 07:00:00;618.0635025844483;1000.0;;270.0;;;;
2022-03-12 08:00:00;595.1847404813625;1000.0;;270.0;;;;
2022-03-12 09:00:00;474.7540837235944;1000.0;;270.0;;;;
2022-03-12 10:00:00;604.5145805050608;1000.0;;270.0;;;;
2022-03-12 11:00:00;567.4298370076538;1000.0;;270.0;;;;
2022-03-12 12:00:00;620.6922741278848;1000.0;;270.0;;;;
2022-03-12 13:00:00;598.4241369021648;1000.0;;270.0;;;;
2022-03-12 14:00:00;525.7074716776938;1000.0;;270.0;;;;
2022-03-12 15:00:00;535.8567052184146;1000.0;;270.0;;;;
2022-03-12 16:00:00;650.0868004971294;1000.0;;270.0;;;;
2022-03-12 17:00:00;583.2520207785599;1000.0;;270.0;;;;
2022-03-12 18:00:00;623.4058054615988;1000.0;;270.0;;;;
2022-03-12 19:00:00;566.4944712010032;1000.0;;270.0;;;;
2022-03-12 20:00:00;600.308746974571;1000.0;;270.0;;;;
2022-03-12 21:00:00;620.2733191999318;1000.0;;270.0;;;;
2022-03-12 22:00:00;552.6415659005803;1000.0;;270.0;;;;
2022-03-12 23:00:00;611.6853911201198;1000.0;;270.0;;;;
2022-03-13 00:00:00;524.0121904616806;1000.0;;270.0;;;;
2022-03-13 01:00:00;592.3850346935378;1000.0;;270.0;;;;
2022-03-13 02:00:00;635.0007575831819;1000.0;;270.0;;;;
2022-03-13 03:00:00;594.412364332033;1000.0;;270.0;;;;
2022-03-13 04:00:00;566.0326424446381;1000.0;;270.0;;;;
2022-03-13 05:00:00;597.8972439732576;1000.0;;270.0;;;;
2022-03-13 06:00:00;573.3106889891213;1000.0;;270.0;;;;
2022-03-13 07:00:00;607.0240019680265;1000.0;;270.0;;;;
2022-03-13 08:00:00;574.1196906018087;1000.0;;270.0;;;;
2022-03-13 09:00:00;471.4706334970621;1000.0;;270.0;;;;
2022-03-13 10:00:00;471.6299664411582;1000.0;;270.0;;;;
2022-03-13 11:00:00;633.6947123979958;1000.0;;270.0;;;;
2022-03-13 12:00:00;560.8645870463567;1000.0;;270.0;;;;
2022-03-13 13:00:00;557.172115734783;1000.0;;270.0;;;;
2022-03-13 14:00:00;642.8640177760742;1000.0;;270.0;;;;
2022-03-13 15:00:00;634.8770508505785;1000.0;;270.0;;;;
2022-03-13 16:00:00;625.0926216097546;1000.0;;270.0;;;;
2022-03-13 17:00:00;612.996262601786;1000.0;;270.0;;;;
2022-03-13 18:00:00;706.9591185208911;1000.0;;270.0;;;;
2022-03-13 19:00:00;532.5956062939275;1000.0;;270.0;;;;
2022-03-13 20:00:00;602.367027065289;1000.0;;270.0;;;;
2022-03-13 21:00:00;553.5359110216275;1000.0;;270.0;;;;
2022-03-13 22:00:00;528.1466531855457;1000.0;;270.0;;;;
2022-03-13 23:00:00;556.2095270295812;1000.0;;270.0;;;;
2022-03-14 00:00:00;585.0826510700281;1000.0;;270.0;;;;
2022-03-14 01:00:00;642.6916848139083;1000.0;;270.0;;;;
2022-03-14 02:00:00;578.5131216445595;1000.0;;270.0;;;;
2022-03-14 03:00:00;647.5735352722695;1000.0;;270.0;;;;
2022-03-14 04:00:00;595.5302344742605;1000.0;;270.0;;;;
2022-03-14 05:00:00;586.2824656053122;1000.0;;270.0;;;;
2022-03-14 06:00:00;567.8790700915077;1000.0;;270.0;;;;
2022-03-14 07:00:00;649.887088664737;1000.0;;270.0;;;;
2022-03-14 08:00:00;499.1942659959252;1000.0;;270.0;;;;
2022-03-14 09:00:00;591.0265761843851;1000.0;;270.0;;;;
2022-03-14 10:00:00;565.11484333994;1000.0;;270.0;;;;
2022-03-14 11:00:00;560.4676694829092;1000.0;;270.0;;;;
2022-03-14 12:00:00;637.7877089004076;1000.0;;270.0;;;;
2022-03-14 13:00:00;630.0684191219806;1000.0;;270.0;;;;
2022-03-14 14:00:00;538.125753969079;1000.0;;270.0;;;;
2022-03-14 15:00:00;506.8274487420233;1000.0;;270.0;;;;
2022-03-14 16:00:00;660.2726311846283;1000.0;;270.0;;;;
2022-03-14 17:00:00;558.4041189840015;1000.0;;270.0;;;;
2022-03-14 18:00:00;555.8250689432281;1000.0;;270.0;;;;
2022-03-14 19:00:00;703.1712330335051;1000.0;;270.0;;;;
2022-03-14 20:00:00;605.939531361953;1000.0;;270.0;;;;
2022-03-14 21:00:00;624.38607288588;1000.0;;270.0;;;;
2022-03-14 22:00:00;536.6797875848999;1000.0;;270.0;;;;
2022-03-14 23:00:00;552.0696397906098;1000.0;;270.0;;;;
2022-03-15 00:00:00;604.1001302482243;1000.0;;270.0;;;;
2022-03-15 01:00:00;415.4691648080084;1000.0;;270.0;;;;
2022-03-15 02:00:00;619.4574250564481;1000.0;;270.0;;;;
2022-03-15 03:00:00;651.0737377072443;1000.0;;270.0;;;;
2022-03-15 04:00:00;470.9738090874113;1000.0;;270.0;;;;
2022-03-15 05:00:00;553.4883944533631;1000.0;;270.0;;;;
2022-03-15 06:00:00;519.7803762843598;1000.0;;270.0;;;;
2022-03-15 07:00:00;589.7628551036554;1000.0;;270.0;;;;
2022-03-15 08:00:00;546.9589595341146;1000.0;;270.0;;;;
2022-03-15 09:00:00;545.9570204167837;1000.0;;270.0;;;;
2022-03-15 10:00:00;574.2613654398375;1000.0;;270.0;;;;
2022-03-15 11:00:00;563.896697673731;1000.0;;270.0;;;;
2022-03-15 12:00:00;501.4311341428945;1000.0;;270.0;;;;
2022-03-15 13:00:00;475.3300922960049;1000.0;;270.0;;;;
2022-03-15 14:00:00;602.180346990243;1000.0;;270.0;;;;
2022-03-15 15:00:00;554.7885643624139;1000.0;;270.0;;;;
2022-03-15 16:00:00;609.7919366966875;1000.0;;270.0;;;;
2022-03-15 17:00:00;633.5505530751574;1000.0;;270.0;;;;
2022-03-15 18:00:00;591.077748900377;1000.0;;270.0;;;;
2022-03-15 19:00:00;529.5533160771083;1000.0;;270.0;;;;
2022-03-15 20:00:00;654.2952777644755;1000.0;;270.0;;;;
2022-03-15 21:00:00;557.1722302792278;1000.0;;270.0;;;;
2022-03-15 22:00:00;562.225685803522;1000.0;;270.0;;;;
2022-03-15 23:00:00;589.8878847680625;1000.0;;270.0;;;;
2022-03-16 00:00:00;543.7052642556791;1000.0;;270.0;;;;
2022-03-16 01:00:00;546.8272057816622;1000.0;;270.0;;;;
2022-03-16 02:00:00;555.0300171592625;1000.0;;270.0;;;;
2022-03-16 03:00:00;601.7375035165912;1000.0;;270.0;;;;
2022-03-16 04:00:00;492.4469860772866;1000.0;;270.0;;;;
2022-03-16 05:00:00;624.094456574783;1000.0;;270.0;;;;
2022-03-16 06:00:00;554.3899045873566;1000.0;;270.0;;;;
2022-03-16 07:00:00;610.1647127291611;1000.0;;270.0;;;;
2022-03-16 08:00:00;463.7311393081287;1000.0;;270.0;;;;
2022-03-16 09:00:00;541.6275374284882;1000.0;;270.0;;;;
2022-03-16 10:00:00;661.0965252593246;1000.0;;270.0;;;;
2022-03-16 11:00:00;543.5513925629683;1000.0;;270.0;;;;
2022-03-16 12:00:00;601.9580133293098;1000.0;;270.0;;;;
2022-03-16 13:00:00;547.1549603134196;1000.0;;270.0;;;;
2022-03-16 14:00:00;575.0029023118001;1000.0;;270.0;;;;
2022-03-16 15:00:00;505.2221120053605;1000.0;;270.0;;;;
2022-03-16 16:00:00;566.8202101020898;1000.0;;270.0;;;;
2022-03-16 17:00:00;593.5434595493539;1000.0;;270.0;;;;
2022-03-16 18:00:00;512.0639043185824;1000.0;;270.0;;;;
2022-03-16 19:00:00;645.3708633412368;1000.0;;270.0;;;;
2022-03-16 20:00:00;548.2081634048413;1000.0;;270.0;;;;
2022-03-16 21:00:00;644.147030864633;1000.0;;270.0;;;;
2022-03-16 22:00:00;421.2184333851456;1000.0;;270.0;;;;
2022-03-16 23:00:00;559.2554425462321;1000.0;;270.0;;;;
2022-03-17 00:00:00;523.9715668817627;1000.0;;270.0;;;;
2022-03-17 01:00:00;507.7953139497591;1000.0;;270.0;;;;
2022-03-17 02:00:00;505.0659508615105;1000.0;;270.0;;;;
2022-03-17 03:00:00;640.8002728649342;1000.0;;270.0;;;;
2022-03-17 04:00:00;545.1402211378663;1000.0;;270.0;;;;
2022-03-17 05:00:00;467.0781448098935;1000.0;;270.0;;;;
2022-03-17 06:00:00;579.4842527185368;1000.0;;270.0;;;;
2022-03-17 07:00:00;464.9487515610716;1000.0;;270.0;;;;
2022-03-17 08:00:00;527.0499280622374;1000.0;;270.0;;;;
2022-03-17 09:00:00;620.9195529481507;1000.0;;270.0;;;;
2022-03-17 10:00:00;557.9210609470199;1000.0;;270.0;;;;
2022-03-17 11:00:00;571.2520931423314;1000.0;;270.0;;;;
2022-03-17 12:00:00;496.6388206878363;1000.0;;270.0;;;;
2022-03-17 13:00:00;519.3728218545552;1000.0;;270.0;;;;
2022-03-17 14:00:00;529.2682100593845;1000.0;;270.0;;;;
2022-03-17 15:00:00;560.1623387276459;1000.0;;270.0;;;;
2022-03-17 16:00:00;503.388940604019;1000.0;;270.0;;;;
2022-03-17 17:00:00;609.8091005326428;1000.0;;270.0;;;;
2022-03-17 18:00:00;494.6331159972329;1000.0;;270.0;;;;
2022-03-17 19:00:00;605.1070661177332;1000.0;;270.0;;;;
2022-03-17 20:00:00;548.7898293284233;1000.0;;270.0;;;;
2022-03-17 21:00:00;516.918555508699;1000.0;;270.0;;;;
2022-03-17 22:00:00;622.0188325308126;1000.0;;270.0;;;;
2022-03-17 23:00:00;636.046599397005;1000.0;;270.0;;;;
2022-03-18 00:00:00;481.0945690925801;1000.0;;270.0;;;;
2022-03-18 01:00:00;664.5466936448172;1000.0;;270.0;;;;
2022-03-18 02:00:00;606.1604638648862;1000.0;;270.0;;;;
2022-03-18 03:00:00;644.0566311849287;1000.0;;270.0;;;;
2022-03-18 04:00:00;506.1993941051704;1000.0;;270.0;;;;
2022-03-18 05:00:00;601.8486308244248;1000.0;;270.0;;;;
2022-03-18 06:00:00;546.0994899180864;1000.0;;270.0;;;;
2022-03-18 07:00:00;559.449723540436;1000.0;;270.0;;;;
2022-03-18 08:00:00;485.975500014034;1000.0;;270.0;;;;
2022-03-18 09:00:00;662.0218278409668;1000.0;;270.0;;;;
2022-03-18 10:00:00;568.3705330803048;1000.0;;270.0;;;;
2022-03-18 11:00:00;612.4512541019585;1000.0;;270.0;;;;
2022-03-18 12:00:00;506.1894729977588;1000.0;;270.0;;;;
2022-03-18 13:00:00;701.4103909110111;1000.0;;270.0;;;;
2022-03-18 14:00:00;575.9634308648558;1000.0;;270.0;;;;
2022-03-18 15:00:00;517.6736632863618;1000.0;;270.0;;;;
2022-03-18 16:00:00;501.2407217512894;1000.0;;270.0;;;;
2022-03-18 17:00:00;638.7175102514514;1000.0;;270.0;;;;
2022-03-18 18:00:00;535.7923116298991;1000.0;;270.0;;;;
2022-03-18 19:00:00;585.0336355918461;1000.0;;270.0;;;;
2022-03-18 20:00:00;496.2495307242538;1000.0;;270.0;;;;
2022-03-18 21:00:00;542.8872187392113;1000.0;;270.0;;;;
2022-03-18 22:00:00;603.0491168340022;1000.0;;270.0;;;;
2022-03-18 23:00:00;569.3022126730312;1000.0;;270.0;;;;
2022-03-19 00:00:00;478.7108281788799;1000.0;;270.0;;;;
2022-03-19 01:00:00;605.6047360406128;1000.0;;270.0;;;;
2022-03-19 02:00:00;634.55922889372;1000.0;;270.0;;;;
2022-03-19 03:00:00;633.2229713411183;1000.0;;270.0;;;;
2022-03-19 04:00:00;617.2705147608924;1000.0;;270.0;;;;
2022-03-19 05:00:00;560.627726133123;1000.0;;270.0;;;;
2022-03-19 06:00:00;651.6420521263749;1000.0;;270.0;;;;
2022-03-19 07:00:00;535.0830794980509;1000.0;;270.0;;;;
2022-03-19 08:00:00;598.5862361128745;1000.0;;270.0;;;;
2022-03-19 09:00:00;505.084083433264;1000.0;;270.0;;;;
2022-03-19 10:00:00;562.7068365677399;1000.0;;270.0;;;;
2022-03-19 11:00:00;584.7431778081958;1000.0;;270.0;;;;
2022-03-19 12:00:00;550.8986094883478;1000.0;;270.0;;;;
2022-03-19 13:00:00;583.8917504571931;1000.0;;270.0;;;;
2022-03-19 14:00:00;645.1412821057909;1000.0;;270.0;;;;
2022-03-19 15:00:00;539.7890190900025;1000.0;;270.0;;;;
2022-03-19 16:00:00;576.2502602162573;1000.0;;270.0;;;;
2022-03-19 17:00:00;513.2455526133742;1000.0;;270.0;;;;
2022-03-19 18:00:00;715.667658651352;1000.0;;270.0;;;;
2022-03-19 19:00:00;576.3271860282612;1000.0;;270.0;;;;
2022-03-19 20:00:00;586.8869661716574;1000.0;;270.0;;;;
2022-03-19 21:00:00;651.8796508465116;1000.0;;270.0;;;;
2022-03-19 22:00:00;634.5084029701084;1000.0;;270.0;;;;
2022-03-19 23:00:00;560.9356957799745;1000.0;;270.0;;;;
2022-03-20 00:00:00;640.6678576323249;1000.0;;270.0;;;;
2022-03-20 01:00:00;626.9447806414241;1000.0;;270.0;;;;
2022-03-20 02:00:00;537.6567415089858;1000.0;;270.0;;;;
2022-03-20 03:00:00;562.4535928955696;1000.0;;270.0;;;;
2022-03-20 04:00:00;529.5925691568505;1000.0;;270.0;;;;
2022-03-20 05:00:00;477.4701887871793;1000.0;;270.0;;;;
2022-03-20 06:00:00;592.5686905796165;1000.0;;270.0;;;;
2022-03-20 07:00:00;636.0820571620917;1000.0;;270.0;;;;
2022-03-20 08:00:00;731.9052327251392;1000.0;;270.0;;;;
2022-03-20 09:00:00;612.3199257356894;1000.0;;270.0;;;;
2022-03-20 10:00:00;556.986359151491;1000.0;;270.0;;;;
2022-03-20 11:00:00;593.4101226943023;1000.0;;270.0;;;;
2022-03-20 12:00:00;621.9582689858383;1000.0;;270.0;;;;
2022-03-20 13:00:00;559.4633271963269;1000.0;;270.0;;;;
2022-03-20 14:00:00;631.4664976116193;1000.0;;270.0;;;;
2022-03-20 15:00:00;646.76915386304;1000.0;;270.0;;;;
2022-03-20 16:00:00;610.0955675968518;1000.0;;270.0;;;;
2022-03-20 17:00:00;583.6046118891379;1000.0;;270.0;;;;
2022-03-20 18:00:00;561.7376407734703;1000.0;;270.0;;;;
2022-03-20 19:00:00;667.1979652334244;1000.0;;270.0;;;;
2022-03-20 20:00:00;558.3685635253028;1000.0;;270.0;;;;
2022-03-20 21:00:00;592.0805296452102;1000.0;;270.0;;;;
2022-03-20 22:00:00;684.2414495594747;1000.0;;270.0;;;;
2022-03-20 23:00:00;538.3410893266147;1000.0;;270.0;;;;
2022-03-21 00:00:00;606.423656739561;1000.0;;270.0;;;;
2022-03-21 01:00:00;499.876419320786;1000.0;;270.0;;;;
2022-03-21 02:00:00;622.1558002993929;1000.0;;270.0;;;;
2022-03-21 03:00:00;614.6876398303189;1000.0;;270.0;;;;
2022-03-21 04:00:00;696.1374202237614;1000.0;;270.0;;;;
2022-03-21 05:00:00;617.3236134403361;1000.0;;270.0;;;;
2022-03-21 06:00:00;630.3204284380446;1000.0;;270.0;;;;
2022-03-21 07:00:00;515.4787883539153;1000.0;;270.0;;;;
2022-03-21 08:00:00;724.2702309512451;1000.0;;270.0;;;;
2022-03-21 09:00:00;670.6270720359844;1000.0;;270.0;;;;
2022-03-21 10:00:00;541.7505632664275;1000.0;;270.0;;;;
2022-03-21 11:00:00;671.7724290521661;1000.0;;270.0;;;;
2022-03-21 12:00:00;546.0089371104806;1000.0;;270.0;;;;
2022-03-21 13:00:00;625.3398893149424;1000.0;;270.0;;;;
2022-03-21 14:00:00;472.2138302849948;1000.0;;270.0;;;;
2022-03-21 15:00:00;499.7327832297144;1000.0;;270.0;;;;
2022-03-21 16:00:00;491.1859745675694;1000.0;;270.0;;;;
2022-03-21 17:00:00;586.620009048097;1000.0;;270.0;;;;
2022-03-21 18:00:00;525.1927664285724;1000.0;;270.0;;;;
2022-03-21 19:00:00;568.8182510297689;1000.0;;270.0;;;;
2022-03-21 20:00:00;680.1538458419886;1000.0;;270.0;;;;
2022-03-21 21:00:00;603.8178680424584;1000.0;;270.0;;;;
2022-03-21 22:00:00;637.3358210527779;1000.0;;270.0;;;;
2022-03-21 23:00:00;546.0669928861669;1000.0;;270.0;;;;
2022-03-22 00:00:00;675.8646324267951;1000.0;;270.0;;;;
2022-03-22 01:00:00;474.80828769554;1000.0;;270.0;;;;
2022-03-22 02:00:00;610.9385520469119;1000.0;;270.0;;;;
2022-03-22 03:00:00;625.0351383383972;1000.0;;270.0;;;;
2022-03-22 04:00:00;614.1178208212178;1000.0;;270.0;;;;
2022-03-22 05:00:00;549.296264747149;1000.0;;270.0;;;;
2022-03-22 06:00:00;525.9804913266181;1000.0;;270.0;;;;
2022-03-22 07:00:00;588.0257992297998;1000.0;;270.0;;;;
2022-03-22 08:00:00;576.5132657519772;1000.0;;270.0;;;;
2022-03-22 09:00:00;635.2243454441898;1000.0;;270.0;;;;
2022-03-22 10:00:00;547.2724924149693;1000.0;;270.0;;;;
2022-03-22 11:00:00;610.3433901734908;1000.0;;270.0;;;;
2022-03-22 12:00:00;609.6726142956064;1000.0;;270.0;;;;
2022-03-22 13:00:00;613.0925055786987;1000.0;;270.0;;;;
2022-03-22 14:00:00;560.4995369596411;1000.0;;270.0;;;;
2022-03-22 15:00:00;578.9862720497655;1000.0;;270.0;;;;
2022-03-22 16:00:00;565.4674102721236;1000.0;;270.0;;;;
2022-03-22 17:00:00;487.8362415019029;1000.0;;270.0;;;;
2022-03-22 18:00:00;540.088960536205;1000.0;;270.0;;;;
2022-03-22 19:00:00;526.8747344662396;1000.0;;270.0;;;;
2022-03-22 20:00:00;500.8125483325848;1000.0;;270.0;;;;
2022-03-22 21:00:00;549.2992437347274;1000.0;;270.0;;;;
2022-03-22 22:00:00;583.5488934101841;1000.0;;270.0;;;;
2022-03-22 23:00:00;504.3501347390084;1000.0;;270.0;;;;
2022-03-23 00:00:00;578.5175348073634;1000.0;;270.0;;;;
2022-03-23 01:00:00;608.8270968144535;1000.0;;270.0;;;;
2022-03-23 02:00:00;624.6681950097204;1000.0;;270.0;;;;
2022-03-23 03:00:00;540.5991806752769;1000.0;;270.0;;;;
2022-03-23 04:00:00;666.1621739193215;1000.0;;270.0;;;;
2022-03-23 05:00:00;565.3308277267257;1000.0;;270.0;;;;
2022-03-23 06:00:00;534.692474630575;1000.0;;270.0;;;;
2022-03-23 07:00:00;578.4741252727927;1000.0;;270.0;;;;
2022-03-23 08:00:00;427.7862511538431;1000.0;;270.0;;;;
2022-03-23 09:00:00;599.1999881794836;1000.0;;270.0;;;;
2022-03-23 10:00:00;511.5155958925072;1000.0;;270.0;;;;
2022-03-23 11:00:00;533.6828075807148;1000.0;;270.0;;;;
2022-03-23 12:00:00;530.8958653016674;1000.0;;270.0;;;;
2022-03-23 13:00:00;533.3050864343433;1000.0;;270.0;;;;
2022-03-23 14:00:00;561.6308173985179;1000.0;;270.0;;;;
2022-03-23 15:00:00;560.2793067494267;1000.0;;270.0;;;;
2022-03-23 16:00:00;559.4809300684286;1000.0;;270.0;;;;
2022-03-23 17:00:00;585.0134217003678;1000.0;;270.0;;;;
2022-03-23 18:00:00;567.5691632088036;1000.0;;270.0;;;;
2022-03-23 19:00:00;572.139831025945;1000.0;;270.0;;;;
2022-03-23 20:00:00;504.2871616895532;1000.0;;270.0;;;;
2022-03-23 21:00:00;570.1698941214095;1000.0;;270.0;;;;
2022-03-23 22:00:00;609.8204652414843;1000.0;;270.0;;;;
2022-03-23 23:00:00;496.4123071125474;1000.0;;270.0;;;;
2022-03-24 00:00:00;680.2698934902545;1000.0;;270.0;;;;
2022-03-24 01:00:00;603.598805136707;1000.0;;270.0;;;;
2022-03-24 02:00:00;625.084315114321;1000.0;;270.0;;;;
2022-03-24 03:00:00;542.4560619030763;1000.0;;270.0;;;;
2022-03-24 04:00:00;581.9766615301896;1000.0;;270.0;;;;
2022-03-24 05:00:00;582.4477843738789;1000.0;;270.0;;;;
2022-03-24 06:00:00;584.2524780945549;1000.0;;270.0;;;;
2022-03-24 07:00:00;543.6588148735874;1000.0;;270.0;;;;
2022-03-24 08:00:00;658.2519439881728;1000.0;;270.0;;;;
2022-03-24 09:00:00;580.984442761154;1000.0;;270.0;;;;
2022-03-24 10:00:00;556.4218926858862;1000.0;;270.0;;;;
2022-03-24 11:00:00;673.926239601134;1000.0;;270.0;;;;
2022-03-24 12:00:00;601.5741087707039;1000.0;;270.0;;;;
2022-03-24 13:00:00;529.6171086734159;1000.0;;270.0;;;;
2022-03-24 14:00:00;569.0118235105803;1000.0;;270.0;;;;
2022-03-24 15:00:00;588.5680473751693;1000.0;;270.0;;;;
2022-03-24 16:00:00;634.363256035811;1000.0;;270.0;;;;
2022-03-24 17:00:00;566.7116489325621;1000.0;;270.0;;;;
2022-03-24 18:00:00;513.9173193207628;1000.0;;270.0;;;;
2022-03-24 19:00:00;573.173402557073;1000.0;;270.0;;;;
2022-03-24 20:00:00;575.9038813225737;1000.0;;270.0;;;;
2022-03-24 21:00:00;525.2151229824643;1000.0;;270.0;;;;
2022-03-24 22:00:00;468.3145258555766;1000.0;;270.0;;;;
2022-03-24 23:00:00;501.0105980010349;1000.0;;270.0;;;;
2022-03-25 00:00:00;543.7270774117113;1000.0;;270.0;;;;
2022-03-25 01:00:00;582.4168577978442;1000.0;;270.0;;;;
2022-03-25 02:00:00;590.6283624685177;1000.0;;270.0;;;;
2022-03-25 03:00:00;566.8033511597762;1000.0;;270.0;;;;
2022-03-25 04:00:00;542.6379321520234;1000.0;;270.0;;;;
2022-03-25 05:00:00;687.2640147857021;1000.0;;270.0;;;;
2022-03-25 06:00:00;562.0985135738525;1000.0;;270.0;;;;
2022-03-25 07:00:00;602.7786204182413;1000.0;;270.0;;;;
2022-03-25 08:00:00;592.9871811290974;1000.0;;270.0;;;;
2022-03-25 09:00:00;595.9356456672765;1000.0;;270.0;;;;
2022-03-25 10:00:00;657.5026316405284;1000.0;;270.0;;;;
2022-03-25 11:00:00;547.3875452663797;1000.0;;270.0;;;;
2022-03-25 12:00:00;693.7768441954901;1000.0;;270.0;;;;
2022-03-25 13:00:00;573.0852278516425;1000.0;;270.0;;;;
2022-03-25 14:00:00;681.048668060289;1000.0;;270.0;;;;
2022-03-25 15:00:00;536.9194415122032;1000.0;;270.0;;;;
2022-03-25 16:00:00;505.7077699764583;1000.0;;270.0;;;;
2022-03-25 17:00:00;569.3387773974197;1000.0;;270.0;;;;
2022-03-25 18:00:00;597.4498333856344;1000.0;;270.0;;;;
2022-03-25 19:00:00;602.6694718720106;1000.0;;270.0;;;;
2022-03-25 20:00:00;580.7917256069863;1000.0;;270.0;;;;
2022-03-25 21:00:00;634.5597608368969;1000.0;;270.0;;;;
2022-03-25 22:00:00;543.7252385818572;1000.0;;270.0;;;;
2022-03-25 23:00:00;571.8923344117536;1000.0;;270.0;;;;
2022-03-26 00:00:00;584.3532498073091;1000.0;;270.0;;;;
2022-03-26 01:00:00;497.3146628196837;1000.0;;270.0;;;;
2022-03-26 02:00:00;641.6018944233314;1000.0;;270.0;;;;
2022-03-26 03:00:00;588.9100550479787;1000.0;;270.0;;;;
2022-03-26 04:00:00;564.7635912282004;1000.0;;270.0;;;;
2022-03-26 05:00:00;624.9170045493119;1000.0;;270.0;;;;
2022-03-26 06:00:00;527.8202557424867;1000.0;;270.0;;;;
2022-03-26 07:00:00;534.7655777238416;1000.0;;270.0;;;;
2022-03-26 08:00:00;614.5122079442773;1000.0;;270.0;;;;
2022-03-26 09:00:00;598.8743307259468;1000.0;;270.0;;;;
2022-03-26 10:00:00;526.2740205071606;1000.0;;270.0;;;;
2022-03-26 11:00:00;567.0281062275092;1000.0;;270.0;;;;
2022-03-26 12:00:00;562.6482102706967;1000.0;;270.0;;;;
2022-03-26 13:00:00;546.3643254013103;1000.0;;270.0;;;;
2022-03-26 14:00:00;571.1803111953005;1000.0;;270.0;;;;
2022-03-26 15:00:00;619.3394934419107;1000.0;;270.0;;;;
2022-03-26 16:00:00;594.1280071959826;1000.0;;270.0;;;;
2022-03-26 17:00:00;463.9113350529238;1000.0;;270.0;;;;
2022-03-26 18:00:00;590.0824543927174;1000.0;;270.0;;;;
2022-03-26 19:00:00;536.5813217438251;1000.0;;270.0;;;;
2022-03-26 20:00:00;621.6459146629617;1000.0;;270.0;;;;
2022-03-26 21:00:00;514.8460152470408;1000.0;;270.0;;;;
2022-03-26 22:00:00;509.0198436778334;1000.0;;270.0;;;;
2022-03-26 23:00:00;597.198615918582;1000.0;;270.0;;;;
2022-03-27 00:00:00;573.9959210057543;1000.0;;270.0;;;;
2022-03-27 01:00:00;559.8664123529661;1000.0;;270.0;;;;
2022-03-27 02:00:00;564.7433402431362;1000.0;;270.0;;;;
2022-03-27 03:00:00;598.1110386065646;1000.0;;270.0;;;;
2022-03-27 04:00:00;634.9681574450345;1000.0;;270.0;;;;
2022-03-27 05:00:00;604.1059537806635;1000.0;;270.0;;;;
2022-03-27 06:00:00;575.7101745013049;1000.0;;270.0;;;;
2022-03-27 07:00:00;592.1237708184552;1000.0;;270.0;;;;
2022-03-27 08:00:00;604.203277520733;1000.0;;270.0;;;;
2022-03-27 09:00:00;544.200940838663;1000.0;;270.0;;;;
2022-03-27 10:00:00;483.3073371860899;1000.0;;270.0;;;;
2022-03-27 11:00:00;514.6450266071145;1000.0;;270.0;;;;
2022-03-27 12:00:00;632.7884683721186;1000.0;;270.0;;;;
2022-03-27 13:00:00;504.5341715247011;1000.0;;270.0;;;;
2022-03-27 14:00:00;677.9147065093146;1000.0;;270.0;;;;
2022-03-27 15:00:00;504.5453648232461;1000.0;;270.0;;;;
2022-03-27 16:00:00;678.6666568597777;1000.0;;270.0;;;;
2022-03-27 17:00:00;537.8280683651623;1000.0;;270.0;;;;
2022-03-27 18:00:00;627.5856268544128;1000.0;;270.0;;;;
2022-03-27 19:00:00;567.2435680777779;1000.0;;270.0;;;;
2022-03-27 20:00:00;572.9138559132981;1000.0;;270.0;;;;
2022-03-27 21:00:00;516.6531362156422;1000.0;;270.0;;;;
2022-03-27 22:00:00;454.161495719527;1000.0;;270.0;;;;
2022-03-27 23:00:00;611.168864098065;1000.0;;270.0;;;;
2022-03-28 00:00:00;549.4239336411362;1000.0;;270.0;;;;
2022-03-28 01:00:00;515.8124539444349;1000.0;;270.0;;;;
2022-03-28 02:00:00;609.0545113005229;1000.0;;270.0;;;;
2022-03-28 03:00:00;719.8596176567688;1000.0;;270.0;;;;
2022-03-28 04:00:00;687.8794122035258;1000.0;;270.0;;;;
2022-03-28 05:00:00;591.5321876459585;1000.0;;270.0;;;;
2022-03-28 06:00:00;498.8102854919653;1000.0;;270.0;;;;
2022-03-28 07:00:00;641.9721126384661;1000.0;;270.0;;;;
2022-03-28 08:00:00;559.4972854612329;1000.0;;270.0;;;;
2022-03-28 09:00:00;693.0814009739577;1000.0;;270.0;;;;
2022-03-28 10:00:00;697.6141256088332;1000.0;;270.0;;;;
2022-03-28 11:00:00;620.6684450527046;1000.0;;270.0;;;;
2022-03-28 12:00:00;611.0207157974394;1000.0;;270.0;;;;
2022-03-28 13:00:00;639.9625187751758;1000.0;;270.0;;;;
2022-03-28 14:00:00;453.8007935960902;1000.0;;270.0;;;;
2022-03-28 15:00:00;537.8808624241259;1000.0;;270.0;;;;
2022-03-28 16:00:00;584.8658297378404;1000.0;;270.0;;;;
2022-03-28 17:00:00;591.3191198645884;1000.0;;270.0;;;;
2022-03-28 18:00:00;450.6546206862664;1000.0;;270.0;;;;
2022-03-28 19:00:00;580.3680082289571;1000.0;;270.0;;;;
2022-03-28 20:00:00;462.9889111177336;1000.0;;270.0;;;;
2022-03-28 21:00:00;529.2723037402916;1000.0;;270.0;;;;
2022-03-28 22:00:00;606.5612592539477;1000.0;;270.0;;;;
2022-03-28 23:00:00;555.3911029085916;1000.0;;270.0;;;;
2022-03-29 00:00:00;437.0630291323407;1000.0;;270.0;;;;
2022-03-29 01:00:00;555.8199147414663;1000.0;;270.0;;;;
2022-03-29 02:00:00;577.6227110075477;1000.0;;270.0;;;;
2022-03-29 03:00:00;527.7911514769129;1000.0;;270.0;;;;
2022-03-29 04:00:00;555.8332900028282;1000.0;;270.0;;;;
2022-03-29 05:00:00;637.6271718141095;1000.0;;270.0;;;;
2022-03-29 06:00:00;430.6413051381445;1000.0;;270.0;;;;
2022-03-29 07:00:00;585.8416084270199;1000.0;;270.0;;;;
2022-03-29 08:00:00;554.6631328652497;1000.0;;270.0;;;;
2022-03-29 09:00:00;647.7117777457888;1000.0;;270.0;;;;
2022-03-29 10:00:00;564.8597887501896;1000.0;;270.0;;;;
2022-03-29 11:00:00;574.4936384672;1000.0;;270.0;;;;
2022-03-29 12:00:00;618.1391917877932;1000.0;;270.0;;;;
2022-03-29 13:00:00;678.3466232682807;1000.0;;270.0;;;;
2022-03-29 14:00:00;553.530927773314;1000.0;;270.0;;;;
2022-03-29 15:00:00;504.6899109839466;1000.0;;270.0;;;;
2022-03-29 16:00:00;573.266358519051;1000.0;;270.0;;;;
2022-03-29 17:00:00;581.8420246383218;1000.0;;270.0;;;;
2022-03-29 18:00:00;515.5554957810847;1000.0;;270.0;;;;
2022-03-29 19:00:00;631.5344761650495;1000.0;;270.0;;;;
2022-03-29 20:00:00;585.3566843925153;1000.0;;270.0;;;;
2022-03-29 21:00:00;620.4835708054692;1000.0;;270.0;;;;
2022-03-29 22:00:00;570.9234680232669;1000.0;;270.0;;;;
2022-03-29 23:00:00;567.4107656459314;1000.0;;270.0;;;;
2022-03-30 00:00:00;568.8025684122263;1000.0;;270.0;;;;
2022-03-30 01:00:00;572.2699495567853;1000.0;;270.0;;;;
2022-03-30 02:00:00;582.0415027822793;1000.0;;270.0;;;;
2022-03-30 03:00:00;617.9267723265198;1000.0;;270.0;;;;
2022-03-30 04:00:00;503.752683229217;1000.0;;270.0;;;;
2022-03-30 05:00:00;543.1946086879208;1000.0;;270.0;;;;
2022-03-30 06:00:00;689.3778459266313;1000.0;;270.0;;;;
2022-03-30 07:00:00;550.1267972378954;1000.0;;270.0;;;;
2022-03-30 08:00:00;590.08706069138;1000.0;;270.0;;;;
2022-03-30 09:00:00;572.5098694009714;1000.0;;270.0;;;;
2022-03-30 10:00:00;604.0918322820802;1000.0;;270.0;;;;
2022-03-30 11:00:00;600.163037443969;1000.0;;270.0;;;;
2022-03-30 12:00:00;550.9497197064878;1000.0;;270.0;;;;
2022-03-30 13:00:00;502.6962840036065;1000.0;;270.0;;;;
2022-03-30 14:00:00;546.6957439989302;1000.0;;270.0;;;;
2022-03-30 15:00:00;556.0416158275949;1000.0;;270.0;;;;
2022-03-30 16:00:00;536.3978093562565;1000.0;;270.0;;;;
2022-03-30 17:00:00;561.9826481848046;1000.0;;270.0;;;;
2022-03-30 18:00:00;470.5050880920862;1000.0;;270.0;;;;
2022-03-30 19:00:00;591.4185094022357;1000.0;;270.0;;;;
2022-03-30 20:00:00;594.5027532202697;1000.0;;270.0;;;;
2022-03-30 21:00:00;540.5089815383868;1000.0;;270.0;;;;
2022-03-30 22:00:00;574.7198364057783;1000.0;;270.0;;;;
2022-03-30 23:00:00;590.1405571954637;1000.0;;270.0;;;;
2022-03-31 00:00:00;599.2775709147838;1000.0;;270.0;;;;
2022-03-31 01:00:00;533.0266488151252;1000.0;;270.0;;;;
2022-03-31 02:00:00;558.7313354201353;1000.0;;270.0;;;;
2022-03-31 03:00:00;573.9927629711635;1000.0;;270.0;;;;
2022-03-31 04:00:00;512.8667415241396;1000.0;;270.0;;;;
2022-03-31 05:00:00;548.9160367711632;1000.0;;270.0;;;;
2022-03-31 06:00:00;475.8313164276643;1000.0;;270.0;;;;
2022-03-31 07:00:00;508.0244213036277;1000.0;;270.0;;;;
2022-03-31 08:00:00;604.3268784915656;1000.0;;270.0;;;;
2022-03-31 09:00:00;591.146664470722;1000.0;;270.0;;;;
2022-03-31 10:00:00;563.1736445580088;1000.0;;270.0;;;;
2022-03-31 11:00:00;648.6359927669353;1000.0;;270.0;;;;
2022-03-31 12:00:00;619.8950826390776;1000.0;;270.0;;;;
2022-03-31 13:00:00;529.8149176085478;1000.0;;270.0;;;;
2022-03-31 14:00:00;619.7322375399134;1000.0;;270.0;;;;
2022-03-31 15:00:00;557.4241999514228;1000.0;;270.0;;;;
2022-03-31 16:00:00;569.4279980239689;1000.0;;270.0;;;;
2022-03-31 17:00:00;558.0141836386712;1000.0;;270.0;;;;
2022-03-31 18:00:00;467.377571983891;1000.0;;270.0;;;;
2022-03-31 19:00:00;661.2765610748514;1000.0;;270.0;;;;
2022-03-31 20:00:00;499.9213295251852;1000.0;;270.0;;;;
2022-03-31 21:00:00;563.7780385180455;1000.0;;270.0;;;;
2022-03-31 22:00:00;582.231184062253;1000.0;;270.0;;;;
2022-03-31 23:00:00;637.6566780191002;1000.0;;270.0;;;;
2022-04-01 00:00:00;633.3130729148783;1000.0;;270.0;;;;
2022-04-01 01:00:00;604.1344899445448;1000.0;;270.0;;;;
2022-04-01 02:00:00;593.0425994102897;1000.0;;270.0;;;;
2022-04-01 03:00:00;473.4404436586287;1000.0;;270.0;;;;
2022-04-01 04:00:00;634.1721017864676;1000.0;;270.0;;;;
2022-04-01 05:00:00;562.3110788894656;1000.0;;270.0;;;;
2022-04-01 06:00:00;647.9361852526577;1000.0;;270.0;;;;
2022-04-01 07:00:00;486.2487541107778;1000.0;;270.0;;;;
2022-04-01 08:00:00;495.1277359661744;1000.0;;270.0;;;;
2022-04-01 09:00:00;580.1110407412579;1000.0;;270.0;;;;
2022-04-01 10:00:00;511.7411992111392;1000.0;;270.0;;;;
2022-04-01 11:00:00;541.3307842724178;1000.0;;270.0;;;;
2022-04-01 12:00:00;461.6015368410307;1000.0;;270.0;;;;
2022-04-01 13:00:00;639.9700454891893;1000.0;;270.0;;;;
2022-04-01 14:00:00;445.7359006854259;1000.0;;270.0;;;;
2022-04-01 15:00:00;604.3327539969814;1000.0;;270.0;;;;
2022-04-01 16:00:00;513.7862618857135;1000.0;;270.0;;;;
2022-04-01 17:00:00;526.5631537719569;1000.0;;270.0;;;;
2022-04-01 18:00:00;536.7996484515897;1000.0;;270.0;;;;
2022-04-01 19:00:00;479.9284033271989;1000.0;;270.0;;;;
2022-04-01 20:00:00;586.5162058928569;1000.0;;270.0;;;;
2022-04-01 21:00:00;656.6140228190001;1000.0;;270.0;;;;
2022-04-01 22:00:00;626.5588835162554;1000.0;;270.0;;;;
2022-04-01 23:00:00;536.8002776506582;1000.0;;270.0;;;;
2022-04-02 00:00:00;502.9218281146347;1000.0;;270.0;;;;
2022-04-02 01:00:00;568.9491395199907;1000.0;;270.0;;;;
2022-04-02 02:00:00;560.0254885580283;1000.0;;270.0;;;;
2022-04-02 03:00:00;611.8627461190952;1000.0;;270.0;;;;
2022-04-02 04:00:00;615.7682776495583;1000.0;;270.0;;;;
2022-04-02 05:00:00;557.6721421852304;1000.0;;270.0;;;;
2022-04-02 06:00:00;607.0716892915569;1000.0;;270.0;;;;
2022-04-02 07:00:00;606.7119301761078;1000.0;;270.0;;;;
2022-04-02 08:00:00;497.0157505998008;1000.0;;270.0;;;;
2022-04-02 09:00:00;551.9330785866363;1000.0;;270.0;;;;
2022-04-02 10:00:00;572.4044089564351;1000.0;;270.0;;;;
2022-04-02 11:00:00;593.0995227841303;1000.0;;270.0;;;;
2022-04-02 12:00:00;551.7429319899338;1000.0;;270.0;;;;
2022-04-02 13:00:00;538.0278579811367;1000.0;;270.0;;;;
2022-04-02 14:00:00;583.4619072908154;1000.0;;270.0;;;;
2022-04-02 15:00:00;569.1538559350795;1000.0;;270.0;;;;
2022-04-02 16:00:00;569.6378717109161;1000.0;;270.0;;;;
2022-04-02 17:00:00;550.4212521809977;1000.0;;270.0;;;;
2022-04-02 18:00:00;602.4853054270473;1000.0;;270.0;;;;
2022-04-02 19:00:00;492.5302024047491;1000.0;;270.0;;;;
2022-04-02 20:00:00;520.7051103006766;1000.0;;270.0;;;;
2022-04-02 21:00:00;619.921251522416;1000.0;;270.0;;;;
2022-04-02 22:00:00;555.3082508393264;1000.0;;270.0;;;;
2022-04-02 23:00:00;541.4035562022844;1000.0;;270.0;;;;
2022-04-03 00:00:00;567.0170871217824;1000.0;;270.0;;;;
2022-04-03 01:00:00;577.5656933862987;1000.0;;270.0;;;;
2022-04-03 02:00:00;568.461493220946;1000.0;;270.0;;;;
2022-04-03 03:00:00;541.2690493610216;1000.0;;270.0;;;;
2022-04-03 04:00:00;545.3876356027826;1000.0;;270.0;;;;
2022-04-03 05:00:00;524.0511842040938;1000.0;;270.0;;;;
2022-04-03 06:00:00;575.5155739200236;1000.0;;270.0;;;;
2022-04-03 07:00:00;495.0898534508319;1000.0;;270.0;;;;
2022-04-03 08:00:00;562.7972314237564;1000.0;;270.0;;;;
2022-04-03 09:00:00;547.9753934435603;1000.0;;270.0;;;;
2022-04-03 10:00:00;580.5556350154735;1000.0;;270.0;;;;
2022-04-03 11:00:00;595.7823126401265;1000.0;;270.0;;;;
2022-04-03 12:00:00;572.8416350245465;1000.0;;270.0;;;;
2022-04-03 13:00:00;607.5155252009707;1000.0;;270.0;;;;
2022-04-03 14:00:00;508.0504249942594;1000.0;;270.0;;;;
2022-04-03 15:00:00;612.5841305393049;1000.0;;270.0;;;;
2022-04-03 16:00:00;575.879694349037;1000.0;;270.0;;;;
2022-04-03 17:00:00;500.1663122393563;1000.0;;270.0;;;;
2022-04-03 18:00:00;587.4012530862158;1000.0;;270.0;;;;
2022-04-03 19:00:00;460.6352862121767;1000.0;;270.0;;;;
2022-04-03 20:00:00;579.8954004774595;1000.0;;270.0;;;;
2022-04-03 21:00:00;607.6001306255155;1000.0;;270.0;;;;
2022-04-03 22:00:00;595.9782528535778;1000.0;;270.0;;;;
2022-04-03 23:00:00;548.4493813052906;1000.0;;270.0;;;;
2022-04-04 00:00:00;504.4626259225538;1000.0;;270.0;;;;
2022-04-04 01:00:00;527.9534181042269;1000.0;;270.0;;;;
2022-04-04 02:00:00;529.7410743800642;1000.0;;270.0;;;;
2022-04-04 03:00:00;561.4810272692126;1000.0;;270.0;;;;
2022-04-04 04:00:00;536.8026884065108;1000.0;;270.0;;;;
2022-04-04 05:00:00;512.3109468857492;1000.0;;270.0;;;;
2022-04-04 06:00:00;654.8491554603322;1000.0;;270.0;;;;
2022-04-04 07:00:00;639.6837763890071;1000.0;;270.0;;;;
2022-04-04 08:00:00;509.8386156961834;1000.0;;270.0;;;;
2022-04-04 09:00:00;524.4610447445277;1000.0;;270.0;;;;
2022-04-04 10:00:00;624.6922684807374;1000.0;;270.0;;;;
2022-04-04 11:00:00;472.8345921248284;1000.0;;270.0;;;;
2022-04-04 12:00:00;577.8419165658614;1000.0;;270.0;;;;
2022-04-04 13:00:00;594.9960757070703;1000.0;;270.0;;;;
2022-04-04 14:00:00;533.204809338862;1000.0;;270.0;;;;
2022-04-04 15:00:00;610.6999612722215;1000.0;;270.0;;;;
2022-04-04 16:00:00;678.2176395509309;1000.0;;270.0;;;;
2022-04-04 17:00:00;521.53930282131;1000.0;;270.0;;;;
2022-04-04 18:00:00;621.3799697621063;1000.0;;270.0;;;;
2022-04-04 19:00:00;584.8781902870983;1000.0;;270.0;;;;
2022-04-04 20:00:00;521.7401267587369;1000.0;;270.0;;;;
2022-04-04 21:00:00;483.3167218313703;1000.0;;270.0;;;;
2022-04-04 22:00:00;697.8455974504744;1000.0;;270.0;;;;
2022-04-04 23:00:00;474.8578097686359;1000.0;;270.0;;;;
2022-04-05 00:00:00;501.2061860386015;1000.0;;270.0;;;;
2022-04-05 01:00:00;669.0989134305721;1000.0;;270.0;;;;
2022-04-05 02:00:00;520.3026185056237;1000.0;;270.0;;;;
2022-04-05 03:00:00;581.993792002694;1000.0;;270.0;;;;
2022-04-05 04:00:00;565.1290031444387;1000.0;;270.0;;;;
2022-04-05 05:00:00;567.7739541324086;1000.0;;270.0;;;;
2022-04-05 06:00:00;534.127209032603;1000.0;;270.0;;;;
2022-04-05 07:00:00;537.1924241842769;1000.0;;270.0;;;;
2022-04-05 08:00:00;576.5442428414135;1000.0;;270.0;;;;
2022-04-05 09:00:00;517.6458641286831;1000.0;;270.0;;;;
2022-04-05 10:00:00;554.3576504968798;1000.0;;270.0;;;;
2022-04-05 11:00:00;515.1729206643254;1000.0;;270.0;;;;
2022-04-05 12:00:00;642.6589555182417;1000.0;;270.0;;;;
2022-04-05 13:00:00;552.0208944534334;1000.0;;270.0;;;;
2022-04-05 14:00:00;477.1745580404487;1000.0;;270.0;;;;
2022-04-05 15:00:00;639.1059707028328;1000.0;;270.0;;;;
2022-04-05 16:00:00;451.6465119033641;1000.0;;270.0;;;;
2022-04-05 17:00:00;585.7839234543237;1000.0;;270.0;;;;
2022-04-05 18:00:00;715.0415693988471;1000.0;;270.0;;;;
2022-04-05 19:00:00;519.2636415077912;1000.0;;270.0;;;;
2022-04-05 20:00:00;635.0588136850504;1000.0;;270.0;;;;
2022-04-05 21:00:00;510.0112883312702;1000.0;;270.0;;;;
2022-04-05 22:00:00;534.7357069674313;1000.0;;270.0;;;;
2022-04-05 23:00:00;608.4362374429144;1000.0;;270.0;;;;
2022-04-06 00:00:00;696.9146689350756;1000.0;;270.0;;;;
2022-04-06 01:00:00;563.3354441736366;1000.0;;270.0;;;;
2022-04-06 02:00:00;519.2541208538427;1000.0;;270.0;;;;
2022-04-06 03:00:00;531.4134929931636;1000.0;;270.0;;;;
2022-04-06 04:00:00;619.4486125182551;1000.0;;270.0;;;;
2022-04-06 05:00:00;504.7777076941163;1000.0;;270.0;;;;
2022-04-06 06:00:00;578.6164942699596;1000.0;;270.0;;;;
2022-04-06 07:00:00;599.5317670985548;1000.0;;270.0;;;;
2022-04-06 08:00:00;570.158520133635;1000.0;;270.0;;;;
2022-04-06 09:00:00;574.0277690318792;1000.0;;270.0;;;;
2022-04-06 10:00:00;551.3312689421502;1000.0;;270.0;;;;
2022-04-06 11:00:00;570.5805779651575;1000.0;;270.0;;;;
2022-04-06 12:00:00;562.0409803258723;1000.0;;270.0;;;;
2022-04-06 13:00:00;574.4564125029343;1000.0;;270.0;;;;
2022-04-06 14:00:00;610.6693461302451;1000.0;;270.0;;;;
2022-04-06 15:00:00;572.0064602607682;1000.0;;270.0;;;;
2022-04-06 16:00:00;510.873318383199;1000.0;;270.0;;;;
2022-04-06 17:00:00;582.2864922897413;1000.0;;270.0;;;;
2022-04-06 18:00:00;564.351921725146;1000.0;;270.0;;;;
2022-04-06 19:00:00;473.8881271241566;1000.0;;270.0;;;;
2022-04-06 20:00:00;691.5143089832818;1000.0;;270.0;;;;
2022-04-06 21:00:00;558.7049803415492;1000.0;;270.0;;;;
2022-04-06 22:00:00;593.5325471176211;1000.0;;270.0;;;;
2022-04-06 23:00:00;534.7606553730119;1000.0;;270.0;;;;
2022-04-07 00:00:00;593.8477419634672;1000.0;;270.0;;;;
2022-04-07 01:00:00;666.462810414054;1000.0;;270.0;;;;
2022-04-07 02:00:00;464.9212997386947;1000.0;;270.0;;;;
2022-04-07 03:00:00;661.0906945469734;1000.0;;270.0;;;;
2022-04-07 04:00:00;661.0260466545311;1000.0;;270.0;;;;
2022-04-07 05:00:00;622.1277238758902;1000.0;;270.0;;;;
2022-04-07 06:00:00;552.3327320488518;1000.0;;270.0;;;;
2022-04-07 07:00:00;506.9229824730452;1000.0;;270.0;;;;
2022-04-07 08:00:00;616.3836556129569;1000.0;;270.0;;;;
2022-04-07 09:00:00;552.0755394055948;1000.0;;270.0;;;;
2022-04-07 10:00:00;494.6758185647255;1000.0;;270.0;;;;
2022-04-07 11:00:00;562.2508034509623;1000.0;;270.0;;;;
2022-04-07 12:00:00;613.4429470797498;1000.0;;270.0;;;;
2022-04-07 13:00:00;557.5347700088946;1000.0;;270.0;;;;
2022-04-07 14:00:00;547.1472598847138;1000.0;;270.0;;;;
2022-04-07 15:00:00;515.5503639876065;1000.0;;270.0;;;;
2022-04-07 16:00:00;559.6377033530407;1000.0;;270.0;;;;
2022-04-07 17:00:00;581.8056584051861;1000.0;;270.0;;;;
2022-04-07 18:00:00;603.546384318031;1000.0;;270.0;;;;
2022-04-07 19:00:00;549.883619521989;1000.0;;270.0;;;;
2022-04-07 20:00:00;574.7453980131648;1000.0;;270.0;;;;
2022-04-07 21:00:00;566.1732575351841;1000.0;;270.0;;;;
2022-04-07 22:00:00;574.4148441910778;1000.0;;270.0;;;;
2022-04-07 23:00:00;658.9842077255023;1000.0;;270.0;;;;
2022-04-08 00:00:00;532.9731472075956;1000.0;;270.0;;;;
2022-04-08 01:00:00;627.3826297918844;1000.0;;270.0;;;;
2022-04-08 02:00:00;638.2596944987766;1000.0;;270.0;;;;
2022-04-08 03:00:00;549.3158210770989;1000.0;;270.0;;;;
2022-04-08 04:00:00;680.5455585870449;1000.0;;270.0;;;;
2022-04-08 05:00:00;525.5631304925702;1000.0;;270.0;;;;
2022-04-08 06:00:00;653.2969521465195;1000.0;;270.0;;;;
2022-04-08 07:00:00;585.8281872335488;1000.0;;270.0;;;;
2022-04-08 08:00:00;595.0558956742603;1000.0;;270.0;;;;
2022-04-08 09:00:00;588.7684222701765;1000.0;;270.0;;;;
2022-04-08 10:00:00;578.2079928150469;1000.0;;270.0;;;;
2022-04-08 11:00:00;592.7825096068327;1000.0;;270.0;;;;
2022-04-08 12:00:00;575.3833666629181;1000.0;;270.0;;;;
2022-04-08 13:00:00;582.0932082403824;1000.0;;270.0;;;;
2022-04-08 14:00:00;722.3531085054692;1000.0;;270.0;;;;
2022-04-08 15:00:00;608.8246417822446;1000.0;;270.0;;;;
2022-04-08 16:00:00;589.0751427025933;1000.0;;270.0;;;;
2022-04-08 17:00:00;507.3742521473901;1000.0;;270.0;;;;
2022-04-08 18:00:00;656.5018676471392;1000.0;;270.0;;;;
2022-04-08 19:00:00;470.1300273228141;1000.0;;270.0;;;;
2022-04-08 20:00:00;571.309775006671;1000.0;;270.0;;;;
2022-04-08 21:00:00;529.611846193201;1000.0;;270.0;;;;
2022-04-08 22:00:00;587.2735735177044;1000.0;;270.0;;;;
2022-04-08 23:00:00;594.371847129382;1000.0;;270.0;;;;
2022-04-09 00:00:00;571.2902093114404;1000.0;;270.0;;;;
2022-04-09 01:00:00;579.3842693633081;1000.0;;270.0;;;;
2022-04-09 02:00:00;669.2887191050336;1000.0;;270.0;;;;
2022-04-09 03:00:00;645.907042376833;1000.0;;270.0;;;;
2022-04-09 04:00:00;489.2021443611393;1000.0;;270.0;;;;
2022-04-09 05:00:00;613.8450333943109;1000.0;;270.0;;;;
2022-04-09 06:00:00;549.1145809849935;1000.0;;270.0;;;;
2022-04-09 07:00:00;571.5156304486259;1000.0;;270.0;;;;
2022-04-09 08:00:00;566.4991458947922;1000.0;;270.0;;;;
2022-04-09 09:00:00;693.5289072026337;1000.0;;270.0;;;;
2022-04-09 10:00:00;618.5263427556166;1000.0;;270.0;;;;
2022-04-09 11:00:00;492.7950544733653;1000.0;;270.0;;;;
2022-04-09 12:00:00;563.4013066720817;1000.0;;270.0;;;;
2022-04-09 13:00:00;628.3706439710878;1000.0;;270.0;;;;
2022-04-09 14:00:00;530.5798570292321;1000.0;;270.0;;;;
2022-04-09 15:00:00;571.4777632920375;1000.0;;270.0;;;;
2022-04-09 16:00:00;623.3417598204252;1000.0;;270.0;;;;
2022-04-09 17:00:00;627.0176210896955;1000.0;;270.0;;;;
2022-04-09 18:00:00;573.6351352635509;1000.0;;270.0;;;;
2022-04-09 19:00:00;583.8692752545578;1000.0;;270.0;;;;
2022-04-09 20:00:00;439.3511945963919;1000.0;;270.0;;;;
2022-04-09 21:00:00;620.0835102412451;1000.0;;270.0;;;;
2022-04-09 22:00:00;463.0038504334475;1000.0;;270.0;;;;
2022-04-09 23:00:00;447.2320076181122;1000.0;;270.0;;;;
2022-04-10 00:00:00;481.0089177054059;1000.0;;270.0;;;;
2022-04-10 01:00:00;556.2067546858457;1000.0;;270.0;;;;
2022-04-10 02:00:00;436.8895324979117;1000.0;;270.0;;;;
2022-04-10 03:00:00;579.0718895665992;1000.0;;270.0;;;;
2022-04-10 04:00:00;625.4295339791604;1000.0;;270.0;;;;
2022-04-10 05:00:00;628.6054963260775;1000.0;;270.0;;;;
2022-04-10 06:00:00;525.6062573382565;1000.0;;270.0;;;;
2022-04-10 07:00:00;634.8396592117257;1000.0;;270.0;;;;
2022-04-10 08:00:00;523.2870707551323;1000.0;;270.0;;;;
2022-04-10 09:00:00;579.3533098069266;1000.0;;270.0;;;;
2022-04-10 10:00:00;553.024884850377;1000.0;;270.0;;;;
2022-04-10 11:00:00;591.5109618210887;1000.0;;270.0;;;;
2022-04-10 12:00:00;681.9241575147895;1000.0;;270.0;;;;
2022-04-10 13:00:00;627.8327402127406;1000.0;;270.0;;;;
2022-04-10 14:00:00;582.6169343359306;1000.0;;270.0;;;;
2022-04-10 15:00:00;636.0000526963413;1000.0;;270.0;;;;
2022-04-10 16:00:00;650.6258316666791;1000.0;;270.0;;;;
2022-04-10 17:00:00;660.3204711858904;1000.0;;270.0;;;;
2022-04-10 18:00:00;693.8774582121179;1000.0;;270.0;;;;
2022-04-10 19:00:00;570.0579578044856;1000.0;;270.0;;;;
2022-04-10 20:00:00;681.6756706092308;1000.0;;270.0;;;;
2022-04-10 21:00:00;487.2471242944417;1000.0;;270.0;;;;
2022-04-10 22:00:00;544.226073638326;1000.0;;270.0;;;;
2022-04-10 23:00:00;627.2261608148124;1000.0;;270.0;;;;
2022-04-11 00:00:00;592.6314632263943;1000.0;;270.0;;;;
2022-04-11 01:00:00;590.5084300617033;1000.0;;270.0;;;;
2022-04-11 02:00:00;451.7422406037638;1000.0;;270.0;;;;
2022-04-11 03:00:00;621.8297165231803;1000.0;;270.0;;;;
2022-04-11 04:00:00;602.161523983765;1000.0;;270.0;;;;
2022-04-11 05:00:00;594.1861735185694;1000.0;;270.0;;;;
2022-04-11 06:00:00;619.5733210458653;1000.0;;270.0;;;;
2022-04-11 07:00:00;496.8912791228478;1000.0;;270.0;;;;
2022-04-11 08:00:00;512.1828376705064;1000.0;;270.0;;;;
2022-04-11 09:00:00;633.1688908406263;1000.0;;270.0;;;;
2022-04-11 10:00:00;544.4955916462274;1000.0;;270.0;;;;
2022-04-11 11:00:00;485.1704415796665;1000.0;;270.0;;;;
2022-04-11 12:00:00;645.7226171728555;1000.0;;270.0;;;;
2022-04-11 13:00:00;610.5961620920721;1000.0;;270.0;;;;
2022-04-11 14:00:00;505.2009634902844;1000.0;;270.0;;;;
2022-04-11 15:00:00;550.5414663218489;1000.0;;270.0;;;;
2022-04-11 16:00:00;560.3141988630767;1000.0;;270.0;;;;
2022-04-11 17:00:00;632.1012567994633;1000.0;;270.0;;;;
2022-04-11 18:00:00;567.2971533803524;1000.0;;270.0;;;;
2022-04-11 19:00:00;594.9293755261298;1000.0;;270.0;;;;
2022-04-11 20:00:00;549.0900122732821;1000.0;;270.0;;;;
2022-04-11 21:00:00;645.4860005187896;1000.0;;270.0;;;;
2022-04-11 22:00:00;549.1882632501533;1000.0;;270.0;;;;
2022-04-11 23:00:00;645.4468663497817;1000.0;;270.0;;;;
2022-04-12 00:00:00;649.0083201431967;1000.0;;270.0;;;;
2022-04-12 01:00:00;546.4841402455556;1000.0;;270.0;;;;
2022-04-12 02:00:00;699.2102608999744;1000.0;;270.0;;;;
2022-04-12 03:00:00;513.0891687495505;1000.0;;270.0;;;;
2022-04-12 04:00:00;637.6087549114774;1000.0;;270.0;;;;
2022-04-12 05:00:00;538.1177568521173;1000.0;;270.0;;;;
2022-04-12 06:00:00;614.2733289448969;1000.0;;270.0;;;;
2022-04-12 07:00:00;568.0450346969371;1000.0;;270.0;;;;
2022-04-12 08:00:00;530.7624085749898;1000.0;;270.0;;;;
2022-04-12 09:00:00;544.3910997794942;1000.0;;270.0;;;;
2022-04-12 10:00:00;619.5007288313253;1000.0;;270.0;;;;
2022-04-12 11:00:00;592.1560408452852;1000.0;;270.0;;;;
2022-04-12 12:00:00;516.7344126632755;1000.0;;270.0;;;;
2022-04-12 13:00:00;612.5287715635802;1000.0;;270.0;;;;
2022-04-12 14:00:00;560.8128336701358;1000.0;;270.0;;;;
2022-04-12 15:00:00;542.4849306521857;1000.0;;270.0;;;;
2022-04-12 16:00:00;562.5128893904545;1000.0;;270.0;;;;
2022-04-12 17:00:00;617.0057967229274;1000.0;;270.0;;;;
2022-04-12 18:00:00;594.6636142198549;1000.0;;270.0;;;;
2022-04-12 19:00:00;624.344933072419;1000.0;;270.0;;;;
2022-04-12 20:00:00;559.3892794913214;1000.0;;270.0;;;;
2022-04-12 21:00:00;520.1401233315144;1000.0;;270.0;;;;
2022-04-12 22:00:00;463.6419091355036;1000.0;;270.0;;;;
2022-04-12 23:00:00;552.8380444843423;1000.0;;270.0;;;;
2022-04-13 00:00:00;537.1492129939872;1000.0;;270.0;;;;
2022-04-13 01:00:00;563.4440862361538;1000.0;;270.0;;;;
2022-04-13 02:00:00;590.6879328002149;1000.0;;270.0;;;;
2022-04-13 03:00:00;604.392999371267;1000.0;;270.0;;;;
2022-04-13 04:00:00;588.9383776792337;1000.0;;270.0;;;;
2022-04-13 05:00:00;621.6140550461757;1000.0;;270.0;;;;
2022-04-13 06:00:00;631.4097277080448;1000.0;;270.0;;;;
2022-04-13 07:00:00;564.180994835568;1000.0;;270.0;;;;
2022-04-13 08:00:00;547.6907327134102;1000.0;;270.0;;;;
2022-04-13 09:00:00;733.0111186007791;1000.0;;270.0;;;;
2022-04-13 10:00:00;475.1552901508467;1000.0;;270.0;;;;
2022-04-13 11:00:00;575.0664704199257;1000.0;;270.0;;;;
2022-04-13 12:00:00;645.0233815705648;1000.0;;270.0;;;;
2022-04-13 13:00:00;513.9885520767892;1000.0;;270.0;;;;
2022-04-13 14:00:00;483.4586660130653;1000.0;;270.0;;;;
2022-04-13 15:00:00;559.5717368641333;1000.0;;270.0;;;;
2022-04-13 16:00:00;610.4189375717077;1000.0;;270.0;;;;
2022-04-13 17:00:00;608.9833825594355;1000.0;;270.0;;;;
2022-04-13 18:00:00;646.5962579355966;1000.0;;270.0;;;;
2022-04-13 19:00:00;481.6300743047572;1000.0;;270.0;;;;
2022-04-13 20:00:00;602.0567885686986;1000.0;;270.0;;;;
2022-04-13 21:00:00;659.6605047352816;1000.0;;270.0;;;;
2022-04-13 22:00:00;598.5669324081963;1000.0;;270.0;;;;
2022-04-13 23:00:00;550.5089151957656;1000.0;;270.0;;;;
2022-04-14 00:00:00;555.4033480911952;1000.0;;270.0;;;;
2022-04-14 01:00:00;514.8236923952633;1000.0;;270.0;;;;
2022-04-14 02:00:00;553.5770972857246;1000.0;;270.0;;;;
2022-04-14 03:00:00;463.1634946508358;1000.0;;270.0;;;;
2022-04-14 04:00:00;684.3985617628591;1000.0;;270.0;;;;
2022-04-14 05:00:00;544.4629467438372;1000.0;;270.0;;;;
2022-04-14 06:00:00;597.728719943128;1000.0;;270.0;;;;
2022-04-14 07:00:00;614.8083632603938;1000.0;;270.0;;;;
2022-04-14 08:00:00;498.8892137749511;1000.0;;270.0;;;;
2022-04-14 09:00:00;542.6794471340411;1000.0;;270.0;;;;
2022-04-14 10:00:00;521.5301721857942;1000.0;;270.0;;;;
2022-04-14 11:00:00;488.9335528700792;1000.0;;270.0;;;;
2022-04-14 12:00:00;580.5941658790217;1000.0;;270.0;;;;
2022-04-14 13:00:00;626.089336058876;1000.0;;270.0;;;;
2022-04-14 14:00:00;533.4932285192227;1000.0;;270.0;;;;
2022-04-14 15:00:00;510.9015546373915;1000.0;;270.0;;;;
2022-04-14 16:00:00;561.2429332966855;1000.0;;270.0;;;;
2022-04-14 17:00:00;595.4519711638283;1000.0;;270.0;;;;
2022-04-14 18:00:00;572.1398570974798;1000.0;;270.0;;;;
2022-04-14 19:00:00;592.3089262198341;1000.0;;270.0;;;;
2022-04-14 20:00:00;581.139197378057;1000.0;;270.0;;;;
2022-04-14 21:00:00;524.6015953980911;1000.0;;270.0;;;;
2022-04-14 22:00:00;499.4660508356112;1000.0;;270.0;;;;
2022-04-14 23:00:00;631.3575348502486;1000.0;;270.0;;;;
2022-04-15 00:00:00;531.2609066234684;1000.0;;270.0;;;;
2022-04-15 01:00:00;397.0778615030646;1000.0;;270.0;;;;
2022-04-15 02:00:00;569.9581325363181;1000.0;;270.0;;;;
2022-04-15 03:00:00;576.1004775467982;1000.0;;270.0;;;;
2022-04-15 04:00:00;676.565401294791;1000.0;;270.0;;;;
2022-04-15 05:00:00;617.3208935294439;1000.0;;270.0;;;;
2022-04-15 06:00:00;601.4100157308553;1000.0;;270.0;;;;
2022-04-15 07:00:00;537.9849629132918;1000.0;;270.0;;;;
2022-04-15 08:00:00;506.9742302246304;1000.0;;270.0;;;;
2022-04-15 09:00:00;553.1538898814126;1000.0;;270.0;;;;
2022-04-15 10:00:00;619.7163614665251;1000.0;;270.0;;;;
2022-04-15 11:00:00;659.9604257122672;1000.0;;270.0;;;;
2022-04-15 12:00:00;616.6088696548122;1000.0;;270.0;;;;
2022-04-15 13:00:00;622.5936168337355;1000.0;;270.0;;;;
2022-04-15 14:00:00;556.4784944703342;1000.0;;270.0;;;;
2022-04-15 15:00:00;559.7225826876332;1000.0;;270.0;;;;
2022-04-15 16:00:00;611.3144065562897;1000.0;;270.0;;;;
2022-04-15 17:00:00;479.6851218950853;1000.0;;270.0;;;;
2022-04-15 18:00:00;621.4314656563195;1000.0;;270.0;;;;
2022-04-15 19:00:00;540.4961434266307;1000.0;;270.0;;;;
2022-04-15 20:00:00;530.8184339884365;1000.0;;270.0;;;;
2022-04-15 21:00:00;576.0198477743339;1000.0;;270.0;;;;
2022-04-15 22:00:00;555.1614855389627;1000.0;;270.0;;;;
2022-04-15 23:00:00;543.423953414642;1000.0;;270.0;;;;
2022-04-16 00:00:00;583.8038702422677;1000.0;;270.0;;;;
2022-04-16 01:00:00;603.7588655984589;1000.0;;270.0;;;;
2022-04-16 02:00:00;585.592332126482;1000.0;;270.0;;;;
2022-04-16 03:00:00;571.3266274552936;1000.0;;270.0;;;;
2022-04-16 04:00:00;505.0654240630031;1000.0;;270.0;;;;
2022-04-16 05:00:00;561.7969721489798;1000.0;;270.0;;;;
2022-04-16 06:00:00;596.7208171609012;1000.0;;270.0;;;;
2022-04-16 07:00:00;547.2605221066118;1000.0;;270.0;;;;
2022-04-16 08:00:00;483.7830166404003;1000.0;;270.0;;;;
2022-04-16 09:00:00;567.6453731757224;1000.0;;270.0;;;;
2022-04-16 10:00:00;530.2848706868874;1000.0;;270.0;;;;
2022-04-16 11:00:00;448.6364090233623;1000.0;;270.0;;;;
2022-04-16 12:00:00;573.8025650638085;1000.0;;270.0;;;;
2022-04-16 13:00:00;518.4498031152158;1000.0;;270.0;;;;
2022-04-16 14:00:00;594.2613919508678;1000.0;;270.0;;;;
2022-04-16 15:00:00;602.5716131668414;1000.0;;270.0;;;;
2022-04-16 16:00:00;531.19441776925;1000.0;;270.0;;;;
2022-04-16 17:00:00;631.8063461267784;1000.0;;270.0;;;;
2022-04-16 18:00:00;690.6009764765724;1000.0;;270.0;;;;
2022-04-16 19:00:00;571.9456603509395;1000.0;;270.0;;;;
2022-04-16 20:00:00;679.5090654652245;1000.0;;270.0;;;;
2022-04-16 21:00:00;517.7529722594555;1000.0;;270.0;;;;
2022-04-16 22:00:00;672.2968192524379;1000.0;;270.0;;;;
2022-04-16 23:00:00;657.4304292284704;1000.0;;270.0;;;;
2022-04-17 00:00:00;671.3410048172232;1000.0;;270.0;;;;
2022-04-17 01:00:00;644.4666628346224;1000.0;;270.0;;;;
2022-04-17 02:00:00;613.2148746345238;1000.0;;270.0;;;;
2022-04-17 03:00:00;595.4975937542674;1000.0;;270.0;;;;
2022-04-17 04:00:00;617.4254888394006;1000.0;;270.0;;;;
2022-04-17 05:00:00;561.7372413230048;1000.0;;270.0;;;;
2022-04-17 06:00:00;580.0522237532205;1000.0;;270.0;;;;
2022-04-17 07:00:00;551.9651530786821;1000.0;;270.0;;;;
2022-04-17 08:00:00;511.336593056305;1000.0;;270.0;;;;
2022-04-17 09:00:00;613.1578059086822;1000.0;;270.0;;;;
2022-04-17 10:00:00;594.9628699230944;1000.0;;270.0;;;;
2022-04-17 11:00:00;512.7339835502437;1000.0;;270.0;;;;
2022-04-17 12:00:00;560.3092527149331;1000.0;;270.0;;;;
2022-04-17 13:00:00;610.9938967244993;1000.0;;270.0;;;;
2022-04-17 14:00:00;506.8726533769423;1000.0;;270.0;;;;
2022-04-17 15:00:00;728.4054904402619;1000.0;;270.0;;;;
2022-04-17 16:00:00;552.1589063385439;1000.0;;270.0;;;;
2022-04-17 17:00:00;635.3609795987719;1000.0;;270.0;;;;
2022-04-17 18:00:00;623.6791077830136;1000.0;;270.0;;;;
2022-04-17 19:00:00;637.267588862382;1000.0;;270.0;;;;
2022-04-17 20:00:00;609.9466900489264;1000.0;;270.0;;;;
2022-04-17 21:00:00;693.1947440118751;1000.0;;270.0;;;;
2022-04-17 22:00:00;640.7557115861467;1000.0;;270.0;;;;
2022-04-17 23:00:00;597.9733996981344;1000.0;;270.0;;;;
2022-04-18 00:00:00;542.067389534297;1000.0;;270.0;;;;
2022-04-18 01:00:00;586.3977718746218;1000.0;;270.0;;;;
2022-04-18 02:00:00;601.2240348586505;1000.0;;270.0;;;;
2022-04-18 03:00:00;596.5036295930437;1000.0;;270.0;;;;
2022-04-18 04:00:00;642.331042391945;1000.0;;270.0;;;;
2022-04-18 05:00:00;660.7047814996926;1000.0;;270.0;;;;
2022-04-18 06:00:00;539.1829630180849;1000.0;;270.0;;;;
2022-04-18 07:00:00;389.8177472307505;1000.0;;270.0;;;;
2022-04-18 08:00:00;439.6580977363839;1000.0;;270.0;;;;
2022-04-18 09:00:00;509.4705476701263;1000.0;;270.0;;;;
2022-04-18 10:00:00;526.8537684406238;1000.0;;270.0;;;;
2022-04-18 11:00:00;524.5500023129666;1000.0;;270.0;;;;
2022-04-18 12:00:00;503.5998251436419;1000.0;;270.0;;;;
2022-04-18 13:00:00;524.6931455104497;1000.0;;270.0;;;;
2022-04-18 14:00:00;644.878728209281;1000.0;;270.0;;;;
2022-04-18 15:00:00;509.287057066157;1000.0;;270.0;;;;
2022-04-18 16:00:00;573.8993952445445;1000.0;;270.0;;;;
2022-04-18 17:00:00;524.4168124251445;1000.0;;270.0;;;;
2022-04-18 18:00:00;511.5272309045014;1000.0;;270.0;;;;
2022-04-18 19:00:00;583.9741529748194;1000.0;;270.0;;;;
2022-04-18 20:00:00;574.5782624112196;1000.0;;270.0;;;;
2022-04-18 21:00:00;658.93133574907;1000.0;;270.0;;;;
2022-04-18 22:00:00;543.1925931943599;1000.0;;270.0;;;;
2022-04-18 23:00:00;646.8250794897757;1000.0;;270.0;;;;
2022-04-19 00:00:00;527.0818946874587;1000.0;;270.0;;;;
2022-04-19 01:00:00;487.6332667681773;1000.0;;270.0;;;;
2022-04-19 02:00:00;650.1845288803522;1000.0;;270.0;;;;
2022-04-19 03:00:00;553.1352205759085;1000.0;;270.0;;;;
2022-04-19 04:00:00;526.2323674255003;1000.0;;270.0;;;;
2022-04-19 05:00:00;561.9242050329352;1000.0;;270.0;;;;
2022-04-19 06:00:00;632.6234350580224;1000.0;;270.0;;;;
2022-04-19 07:00:00;491.4571535903827;1000.0;;270.0;;;;
2022-04-19 08:00:00;601.4980983220283;1000.0;;270.0;;;;
2022-04-19 09:00:00;530.0955570605138;1000.0;;270.0;;;;
2022-04-19 10:00:00;547.2616343993592;1000.0;;270.0;;;;
2022-04-19 11:00:00;488.4948462948669;1000.0;;270.0;;;;
2022-04-19 12:00:00;528.9947898052693;1000.0;;270.0;;;;
2022-04-19 13:00:00;554.739096778935;1000.0;;270.0;;;;
2022-04-19 14:00:00;509.9267680643636;1000.0;;270.0;;;;
2022-04-19 15:00:00;600.1775733462537;1000.0;;270.0;;;;
2022-04-19 16:00:00;624.6749756804522;1000.0;;270.0;;;;
2022-04-19 17:00:00;576.4316679296915;1000.0;;270.0;;;;
2022-04-19 18:00:00;695.0752928699529;1000.0;;270.0;;;;
2022-04-19 19:00:00;622.3383957405448;1000.0;;270.0;;;;
2022-04-19 20:00:00;567.9690033839917;1000.0;;270.0;;;;
2022-04-19 21:00:00;559.4300548447633;1000.0;;270.0;;;;
2022-04-19 22:00:00;682.2604183997364;1000.0;;270.0;;;;
2022-04-19 23:00:00;618.5234367326245;1000.0;;270.0;;;;
2022-04-20 00:00:00;572.3589718439632;1000.0;;270.0;;;;
2022-04-20 01:00:00;551.8655728606639;1000.0;;270.0;;;;
2022-04-20 02:00:00;483.1463055225442;1000.0;;270.0;;;;
2022-04-20 03:00:00;571.7286576329187;1000.0;;270.0;;;;
2022-04-20 04:00:00;474.4545488891958;1000.0;;270.0;;;;
2022-04-20 05:00:00;596.7165748234922;1000.0;;270.0;;;;
2022-04-20 06:00:00;613.0216631218483;1000.0;;270.0;;;;
2022-04-20 07:00:00;518.1303096587585;1000.0;;270.0;;;;
2022-04-20 08:00:00;610.1053726821985;1000.0;;270.0;;;;
2022-04-20 09:00:00;548.7802154679731;1000.0;;270.0;;;;
2022-04-20 10:00:00;532.3199309445403;1000.0;;270.0;;;;
2022-04-20 11:00:00;615.9847302259207;1000.0;;270.0;;;;
2022-04-20 12:00:00;531.4207148460681;1000.0;;270.0;;;;
2022-04-20 13:00:00;616.0673106816848;1000.0;;270.0;;;;
2022-04-20 14:00:00;586.1037382882719;1000.0;;270.0;;;;
2022-04-20 15:00:00;504.9720329196018;1000.0;;270.0;;;;
2022-04-20 16:00:00;605.6678254036692;1000.0;;270.0;;;;
2022-04-20 17:00:00;597.9525883037614;1000.0;;270.0;;;;
2022-04-20 18:00:00;567.6682269654306;1000.0;;270.0;;;;
2022-04-20 19:00:00;624.5591445173948;1000.0;;270.0;;;;
2022-04-20 20:00:00;651.6134746439733;1000.0;;270.0;;;;
2022-04-20 21:00:00;540.8285795636834;1000.0;;270.0;;;;
2022-04-20 22:00:00;558.6338624776176;1000.0;;270.0;;;;
2022-04-20 23:00:00;529.6520584611641;1000.0;;270.0;;;;
2022-04-21 00:00:00;615.6488569226292;1000.0;;270.0;;;;
2022-04-21 01:00:00;500.1139131691149;1000.0;;270.0;;;;
2022-04-21 02:00:00;616.6865368015951;1000.0;;270.0;;;;
2022-04-21 03:00:00;580.1010427048632;1000.0;;270.0;;;;
2022-04-21 04:00:00;650.6577133030648;1000.0;;270.0;;;;
2022-04-21 05:00:00;600.3994780563514;1000.0;;270.0;;;;
2022-04-21 06:00:00;617.7300753962838;1000.0;;270.0;;;;
2022-04-21 07:00:00;495.3590600642217;1000.0;;270.0;;;;
2022-04-21 08:00:00;577.1569263232985;1000.0;;270.0;;;;
2022-04-21 09:00:00;617.3729093719633;1000.0;;270.0;;;;
2022-04-21 10:00:00;511.1135166924913;1000.0;;270.0;;;;
2022-04-21 11:00:00;513.2692346667963;1000.0;;270.0;;;;
2022-04-21 12:00:00;492.6430605172286;1000.0;;270.0;;;;
2022-04-21 13:00:00;549.500417365182;1000.0;;270.0;;;;
2022-04-21 14:00:00;506.8348638741827;1000.0;;270.0;;;;
2022-04-21 15:00:00;681.396868105236;1000.0;;270.0;;;;
2022-04-21 16:00:00;622.0572283876356;1000.0;;270.0;;;;
2022-04-21 17:00:00;601.5868403537613;1000.0;;270.0;;;;
2022-04-21 18:00:00;589.6407561013054;1000.0;;270.0;;;;
2022-04-21 19:00:00;505.7145074067563;1000.0;;270.0;;;;
2022-04-21 20:00:00;519.4912539111328;1000.0;;270.0;;;;
2022-04-21 21:00:00;529.9750136455147;1000.0;;270.0;;;;
2022-04-21 22:00:00;462.297390416483;1000.0;;270.0;;;;
2022-04-21 23:00:00;439.893806353762;1000.0;;270.0;;;;
2022-04-22 00:00:00;605.2662326896606;1000.0;;270.0;;;;
2022-04-22 01:00:00;604.1365579356236;1000.0;;270.0;;;;
2022-04-22 02:00:00;618.0258596178363;1000.0;;270.0;;;;
2022-04-22 03:00:00;442.6877704416053;1000.0;;270.0;;;;
2022-04-22 04:00:00;598.5816585312476;1000.0;;270.0;;;;
2022-04-22 05:00:00;541.8536473078025;1000.0;;270.0;;;;
2022-04-22 06:00:00;542.8665904482585;1000.0;;270.0;;;;
2022-04-22 07:00:00;614.5693562519149;1000.0;;270.0;;;;
2022-04-22 08:00:00;597.9043971644918;1000.0;;270.0;;;;
2022-04-22 09:00:00;610.7792085445108;1000.0;;270.0;;;;
2022-04-22 10:00:00;611.9249743519088;1000.0;;270.0;;;;
2022-04-22 11:00:00;751.0011788933576;1000.0;;270.0;;;;
2022-04-22 12:00:00;558.7466219586041;1000.0;;270.0;;;;
2022-04-22 13:00:00;577.349656444465;1000.0;;270.0;;;;
2022-04-22 14:00:00;532.5143050539979;1000.0;;270.0;;;;
2022-04-22 15:00:00;695.644134987212;1000.0;;270.0;;;;
2022-04-22 16:00:00;606.5768747824943;1000.0;;270.0;;;;
2022-04-22 17:00:00;553.1484207820805;1000.0;;270.0;;;;
2022-04-22 18:00:00;559.569045980773;1000.0;;270.0;;;;
2022-04-22 19:00:00;670.3168369207975;1000.0;;270.0;;;;
2022-04-22 20:00:00;619.6005138589461;1000.0;;270.0;;;;
2022-04-22 21:00:00;610.7258112192533;1000.0;;270.0;;;;
2022-04-22 22:00:00;628.9888194006443;1000.0;;270.0;;;;
2022-04-22 23:00:00;614.2733796274889;1000.0;;270.0;;;;
2022-04-23 00:00:00;625.7174386478783;1000.0;;270.0;;;;
2022-04-23 01:00:00;550.6592189163943;1000.0;;270.0;;;;
2022-04-23 02:00:00;503.9582743929901;1000.0;;270.0;;;;
2022-04-23 03:00:00;599.1160865989922;1000.0;;270.0;;;;
2022-04-23 04:00:00;592.7317305581555;1000.0;;270.0;;;;
2022-04-23 05:00:00;591.7340951488147;1000.0;;270.0;;;;
2022-04-23 06:00:00;527.034887274868;1000.0;;270.0;;;;
2022-04-23 07:00:00;647.639716778616;1000.0;;270.0;;;;
2022-04-23 08:00:00;562.2289881337033;1000.0;;270.0;;;;
2022-04-23 09:00:00;608.0035739543256;1000.0;;270.0;;;;
2022-04-23 10:00:00;665.6512725127468;1000.0;;270.0;;;;
2022-04-23 11:00:00;670.6712955729323;1000.0;;270.0;;;;
2022-04-23 12:00:00;583.2143886433213;1000.0;;270.0;;;;
2022-04-23 13:00:00;493.8920834556058;1000.0;;270.0;;;;
2022-04-23 14:00:00;474.3951481322163;1000.0;;270.0;;;;
2022-04-23 15:00:00;538.8052181675466;1000.0;;270.0;;;;
2022-04-23 16:00:00;601.7717547693801;1000.0;;270.0;;;;
2022-04-23 17:00:00;623.8305279013726;1000.0;;270.0;;;;
2022-04-23 18:00:00;571.0596248774086;1000.0;;270.0;;;;
2022-04-23 19:00:00;568.9005090140886;1000.0;;270.0;;;;
2022-04-23 20:00:00;572.5722588099823;1000.0;;270.0;;;;
2022-04-23 21:00:00;581.6473102831897;1000.0;;270.0;;;;
2022-04-23 22:00:00;600.7260257527114;1000.0;;270.0;;;;
2022-04-23 23:00:00;642.0734088185096;1000.0;;270.0;;;;
2022-04-24 00:00:00;572.9914966941615;1000.0;;270.0;;;;
2022-04-24 01:00:00;563.4909562277304;1000.0;;270.0;;;;
2022-04-24 02:00:00;562.3385398362662;1000.0;;270.0;;;;
2022-04-24 03:00:00;451.962251859979;1000.0;;270.0;;;;
2022-04-24 04:00:00;485.55605303915;1000.0;;270.0;;;;
2022-04-24 05:00:00;564.2877179434754;1000.0;;270.0;;;;
2022-04-24 06:00:00;701.251167948417;1000.0;;270.0;;;;
2022-04-24 07:00:00;689.484510025777;1000.0;;270.0;;;;
2022-04-24 08:00:00;623.7192930229203;1000.0;;270.0;;;;
2022-04-24 09:00:00;502.1783650935256;1000.0;;270.0;;;;
2022-04-24 10:00:00;658.6460855628709;1000.0;;270.0;;;;
2022-04-24 11:00:00;602.2761211443268;1000.0;;270.0;;;;
2022-04-24 12:00:00;469.4678701521052;1000.0;;270.0;;;;
2022-04-24 13:00:00;634.7915019105204;1000.0;;270.0;;;;
2022-04-24 14:00:00;647.3295122885205;1000.0;;270.0;;;;
2022-04-24 15:00:00;538.3068537387066;1000.0;;270.0;;;;
2022-04-24 16:00:00;632.0268720800347;1000.0;;270.0;;;;
2022-04-24 17:00:00;684.048687813271;1000.0;;270.0;;;;
2022-04-24 18:00:00;553.0223855282363;1000.0;;270.0;;;;
2022-04-24 19:00:00;509.940258667459;1000.0;;270.0;;;;
2022-04-24 20:00:00;708.3176741854643;1000.0;;270.0;;;;
2022-04-24 21:00:00;633.3037553240331;1000.0;;270.0;;;;
2022-04-24 22:00:00;599.9346862090867;1000.0;;270.0;;;;
2022-04-24 23:00:00;469.8050728536911;1000.0;;270.0;;;;
2022-04-25 00:00:00;568.2880510544205;1000.0;;270.0;;;;
2022-04-25 01:00:00;550.3540441478939;1000.0;;270.0;;;;
2022-04-25 02:00:00;524.7640061241318;1000.0;;270.0;;;;
2022-04-25 03:00:00;571.9602723118151;1000.0;;270.0;;;;
2022-04-25 04:00:00;589.3104642002285;1000.0;;270.0;;;;
2022-04-25 05:00:00;511.8359987850399;1000.0;;270.0;;;;
2022-04-25 06:00:00;565.5571756769766;1000.0;;270.0;;;;
2022-04-25 07:00:00;618.0854714660538;1000.0;;270.0;;;;
2022-04-25 08:00:00;574.3554166985189;1000.0;;270.0;;;;
2022-04-25 09:00:00;661.8799130261589;1000.0;;270.0;;;;
2022-04-25 10:00:00;536.3956436478829;1000.0;;270.0;;;;
2022-04-25 11:00:00;557.6660651276308;1000.0;;270.0;;;;
2022-04-25 12:00:00;512.6937817083509;1000.0;;270.0;;;;
2022-04-25 13:00:00;626.6727381812492;1000.0;;270.0;;;;
2022-04-25 14:00:00;567.3709257365946;1000.0;;270.0;;;;
2022-04-25 15:00:00;654.0844222819953;1000.0;;270.0;;;;
2022-04-25 16:00:00;568.366434770426;1000.0;;270.0;;;;
2022-04-25 17:00:00;586.1331929607117;1000.0;;270.0;;;;
2022-04-25 18:00:00;572.3931364164645;1000.0;;270.0;;;;
2022-04-25 19:00:00;603.1465134298193;1000.0;;270.0;;;;
2022-04-25 20:00:00;562.4733560534245;1000.0;;270.0;;;;
2022-04-25 21:00:00;583.6386892004148;1000.0;;270.0;;;;
2022-04-25 22:00:00;622.350870447832;1000.0;;270.0;;;;
2022-04-25 23:00:00;595.8199447489118;1000.0;;270.0;;;;
2022-04-26 00:00:00;525.3901655872083;1000.0;;270.0;;;;
2022-04-26 01:00:00;582.9277825360991;1000.0;;270.0;;;;
2022-04-26 02:00:00;546.0482871425822;1000.0;;270.0;;;;
2022-04-26 03:00:00;515.9796642404486;1000.0;;270.0;;;;
2022-04-26 04:00:00;666.6447867100744;1000.0;;270.0;;;;
2022-04-26 05:00:00;582.7652326826361;1000.0;;270.0;;;;
2022-04-26 06:00:00;521.2320831519794;1000.0;;270.0;;;;
2022-04-26 07:00:00;598.365455459604;1000.0;;270.0;;;;
2022-04-26 08:00:00;498.9376136908078;1000.0;;270.0;;;;
2022-04-26 09:00:00;585.7669827292451;1000.0;;270.0;;;;
2022-04-26 10:00:00;549.8226042123201;1000.0;;270.0;;;;
2022-04-26 11:00:00;596.4439853650805;1000.0;;270.0;;;;
2022-04-26 12:00:00;654.7509669979447;1000.0;;270.0;;;;
2022-04-26 13:00:00;481.7442583602619;1000.0;;270.0;;;;
2022-04-26 14:00:00;662.8557184070916;1000.0;;270.0;;;;
2022-04-26 15:00:00;615.673201753952;1000.0;;270.0;;;;
2022-04-26 16:00:00;571.918977735228;1000.0;;270.0;;;;
2022-04-26 17:00:00;596.5284980578225;1000.0;;270.0;;;;
2022-04-26 18:00:00;583.5881163437342;1000.0;;270.0;;;;
2022-04-26 19:00:00;504.1984878985598;1000.0;;270.0;;;;
2022-04-26 20:00:00;556.8910770535249;1000.0;;270.0;;;;
2022-04-26 21:00:00;598.7446940865523;1000.0;;270.0;;;;
2022-04-26 22:00:00;562.289250397555;1000.0;;270.0;;;;
2022-04-26 23:00:00;580.8147010991134;1000.0;;270.0;;;;
2022-04-27 00:00:00;558.1731103359496;1000.0;;270.0;;;;
2022-04-27 01:00:00;599.3861133019893;1000.0;;270.0;;;;
2022-04-27 02:00:00;608.6387966507255;1000.0;;270.0;;;;
2022-04-27 03:00:00;546.1866188749076;1000.0;;270.0;;;;
2022-04-27 04:00:00;587.4629766178883;1000.0;;270.0;;;;
2022-04-27 05:00:00;567.8997531262264;1000.0;;270.0;;;;
2022-04-27 06:00:00;508.645319440026;1000.0;;270.0;;;;
2022-04-27 07:00:00;572.2876327791582;1000.0;;270.0;;;;
2022-04-27 08:00:00;438.7149366205642;1000.0;;270.0;;;;
2022-04-27 09:00:00;620.4837521666728;1000.0;;270.0;;;;
2022-04-27 10:00:00;554.0909839142835;1000.0;;270.0;;;;
2022-04-27 11:00:00;563.4556244532429;1000.0;;270.0;;;;
2022-04-27 12:00:00;579.2608428575898;1000.0;;270.0;;;;
2022-04-27 13:00:00;558.9827098900483;1000.0;;270.0;;;;
2022-04-27 14:00:00;574.033328862996;1000.0;;270.0;;;;
2022-04-27 15:00:00;557.1053480279511;1000.0;;270.0;;;;
2022-04-27 16:00:00;501.7244585370047;1000.0;;270.0;;;;
2022-04-27 17:00:00;523.4050857567929;1000.0;;270.0;;;;
2022-04-27 18:00:00;551.3259077899472;1000.0;;270.0;;;;
2022-04-27 19:00:00;548.4868036450084;1000.0;;270.0;;;;
2022-04-27 20:00:00;558.8548410831862;1000.0;;270.0;;;;
2022-04-27 21:00:00;622.0863008947499;1000.0;;270.0;;;;
2022-04-27 22:00:00;543.3282463864058;1000.0;;270.0;;;;
2022-04-27 23:00:00;617.0997013234817;1000.0;;270.0;;;;
2022-04-28 00:00:00;559.0710561835176;1000.0;;270.0;;;;
2022-04-28 01:00:00;634.6162035131101;1000.0;;270.0;;;;
2022-04-28 02:00:00;492.4849797137767;1000.0;;270.0;;;;
2022-04-28 03:00:00;450.5932828115996;1000.0;;270.0;;;;
2022-04-28 04:00:00;541.8886720697087;1000.0;;270.0;;;;
2022-04-28 05:00:00;494.5153418781606;1000.0;;270.0;;;;
2022-04-28 06:00:00;666.2243930316635;1000.0;;270.0;;;;
2022-04-28 07:00:00;583.1847142098349;1000.0;;270.0;;;;
2022-04-28 08:00:00;481.8276790533656;1000.0;;270.0;;;;
2022-04-28 09:00:00;493.7515811561371;1000.0;;270.0;;;;
2022-04-28 10:00:00;582.9009651828255;1000.0;;270.0;;;;
2022-04-28 11:00:00;520.1682142785942;1000.0;;270.0;;;;
2022-04-28 12:00:00;697.3242463747691;1000.0;;270.0;;;;
2022-04-28 13:00:00;524.1481236629885;1000.0;;270.0;;;;
2022-04-28 14:00:00;574.8115560098818;1000.0;;270.0;;;;
2022-04-28 15:00:00;603.4814045823492;1000.0;;270.0;;;;
2022-04-28 16:00:00;487.3741738609225;1000.0;;270.0;;;;
2022-04-28 17:00:00;479.9419894193309;1000.0;;270.0;;;;
2022-04-28 18:00:00;606.6650868822157;1000.0;;270.0;;;;
2022-04-28 19:00:00;518.0703287674696;1000.0;;270.0;;;;
2022-04-28 20:00:00;600.5145776802582;1000.0;;270.0;;;;
2022-04-28 21:00:00;513.9794086479014;1000.0;;270.0;;;;
2022-04-28 22:00:00;578.0994644913605;1000.0;;270.0;;;;
2022-04-28 23:00:00;651.6492960028197;1000.0;;270.0;;;;
2022-04-29 00:00:00;566.0133473374068;1000.0;;270.0;;;;
2022-04-29 01:00:00;565.647032208386;1000.0;;270.0;;;;
2022-04-29 02:00:00;503.4995160056114;1000.0;;270.0;;;;
2022-04-29 03:00:00;591.9937538012108;1000.0;;270.0;;;;
2022-04-29 04:00:00;611.5470229699325;1000.0;;270.0;;;;
2022-04-29 05:00:00;624.9126645091137;1000.0;;270.0;;;;
2022-04-29 06:00:00;584.614947186756;1000.0;;270.0;;;;
2022-04-29 07:00:00;543.4877622450615;1000.0;;270.0;;;;
2022-04-29 08:00:00;650.4786149374057;1000.0;;270.0;;;;
2022-04-29 09:00:00;529.3733473718094;1000.0;;270.0;;;;
2022-04-29 10:00:00;660.1380231862491;1000.0;;270.0;;;;
2022-04-29 11:00:00;661.2843725110589;1000.0;;270.0;;;;
2022-04-29 12:00:00;571.0472273789376;1000.0;;270.0;;;;
2022-04-29 13:00:00;535.6288844341057;1000.0;;270.0;;;;
2022-04-29 14:00:00;549.7513023437291;1000.0;;270.0;;;;
2022-04-29 15:00:00;704.4493007814143;1000.0;;270.0;;;;
2022-04-29 16:00:00;441.139995580753;1000.0;;270.0;;;;
2022-04-29 17:00:00;628.4006157131276;1000.0;;270.0;;;;
2022-04-29 18:00:00;671.6808645805713;1000.0;;270.0;;;;
2022-04-29 19:00:00;656.0019372213794;1000.0;;270.0;;;;
2022-04-29 20:00:00;569.1592895596106;1000.0;;270.0;;;;
2022-04-29 21:00:00;660.8355615303714;1000.0;;270.0;;;;
2022-04-29 22:00:00;637.8821517127581;1000.0;;270.0;;;;
2022-04-29 23:00:00;576.4596054410401;1000.0;;270.0;;;;
2022-04-30 00:00:00;599.0847435515198;1000.0;;270.0;;;;
2022-04-30 01:00:00;577.0922202862012;1000.0;;270.0;;;;
2022-04-30 02:00:00;568.6201332134606;1000.0;;270.0;;;;
2022-04-30 03:00:00;688.7786252716866;1000.0;;270.0;;;;
2022-04-30 04:00:00;630.6588626296204;1000.0;;270.0;;;;
2022-04-30 05:00:00;500.0950383446049;1000.0;;270.0;;;;
2022-04-30 06:00:00;610.3597976045761;1000.0;;270.0;;;;
2022-04-30 07:00:00;597.013097834919;1000.0;;270.0;;;;
2022-04-30 08:00:00;624.6074450319834;1000.0;;270.0;;;;
2022-04-30 09:00:00;606.6165069445952;1000.0;;270.0;;;;
2022-04-30 10:00:00;686.7947644099246;1000.0;;270.0;;;;
2022-04-30 11:00:00;579.4398531498862;1000.0;;270.0;;;;
2022-04-30 12:00:00;579.1545957701353;1000.0;;270.0;;;;
2022-04-30 13:00:00;572.3255436391905;1000.0;;270.0;;;;
2022-04-30 14:00:00;586.0177759371657;1000.0;;270.0;;;;
2022-04-30 15:00:00;493.1654914644293;1000.0;;270.0;;;;
2022-04-30 16:00:00;559.2963268879986;1000.0;;270.0;;;;
2022-04-30 17:00:00;585.4023077549853;1000.0;;270.0;;;;
2022-04-30 18:00:00;625.9809118479218;1000.0;;270.0;;;;
2022-04-30 19:00:00;474.6610687046114;1000.0;;270.0;;;;
2022-04-30 20:00:00;584.454823010155;1000.0;;270.0;;;;
2022-04-30 21:00:00;465.4575337507251;1000.0;;270.0;;;;
2022-04-30 22:00:00;507.7672474326757;1000.0;;270.0;;;;
2022-04-30 23:00:00;574.3354610240735;1000.0;;270.0;;;;
2022-05-01 00:00:00;585.3466647123294;1000.0;;270.0;;;;
2022-05-01 01:00:00;542.1784506295272;1000.0;;270.0;;;;
2022-05-01 02:00:00;505.4227313477778;1000.0;;270.0;;;;
2022-05-01 03:00:00;448.9094157652025;1000.0;;270.0;;;;
2022-05-01 04:00:00;640.0061455482486;1000.0;;270.0;;;;
2022-05-01 05:00:00;632.6430225753785;1000.0;;270.0;;;;
2022-05-01 06:00:00;545.3245190850498;1000.0;;270.0;;;;
2022-05-01 07:00:00;597.4951855051773;1000.0;;270.0;;;;
2022-05-01 08:00:00;572.7732148477932;1000.0;;270.0;;;;
2022-05-01 09:00:00;560.5832285688673;1000.0;;270.0;;;;
2022-05-01 10:00:00;561.484260010483;1000.0;;270.0;;;;
2022-05-01 11:00:00;562.116438905723;1000.0;;270.0;;;;
2022-05-01 12:00:00;603.298565479131;1000.0;;270.0;;;;
2022-05-01 13:00:00;519.44566409532;1000.0;;270.0;;;;
2022-05-01 14:00:00;606.8231476025389;1000.0;;270.0;;;;
2022-05-01 15:00:00;573.1186647135964;1000.0;;270.0;;;;
2022-05-01 16:00:00;511.0450993760489;1000.0;;270.0;;;;
2022-05-01 17:00:00;577.8524541288884;1000.0;;270.0;;;;
2022-05-01 18:00:00;472.749661883345;1000.0;;270.0;;;;
2022-05-01 19:00:00;621.0709832478698;1000.0;;270.0;;;;
2022-05-01 20:00:00;575.691286909689;1000.0;;270.0;;;;
2022-05-01 21:00:00;568.3061900211683;1000.0;;270.0;;;;
2022-05-01 22:00:00;540.1995487350498;1000.0;;270.0;;;;
2022-05-01 23:00:00;594.4397785487708;1000.0;;270.0;;;;
2022-05-02 00:00:00;550.516189474785;1000.0;;270.0;;;;
2022-05-02 01:00:00;513.1708805110841;1000.0;;270.0;;;;
2022-05-02 02:00:00;599.6816606023451;1000.0;;270.0;;;;
2022-05-02 03:00:00;510.1568085468946;1000.0;;270.0;;;;
2022-05-02 04:00:00;546.2904108005;1000.0;;270.0;;;;
2022-05-02 05:00:00;741.3138414754101;1000.0;;270.0;;;;
2022-05-02 06:00:00;560.8914506060119;1000.0;;270.0;;;;
2022-05-02 07:00:00;573.4963094769081;1000.0;;270.0;;;;
2022-05-02 08:00:00;519.9526350357114;1000.0;;270.0;;;;
2022-05-02 09:00:00;614.2779214729472;1000.0;;270.0;;;;
2022-05-02 10:00:00;661.0492450484026;1000.0;;270.0;;;;
2022-05-02 11:00:00;630.0972618179976;1000.0;;270.0;;;;
2022-05-02 12:00:00;509.1683577404133;1000.0;;270.0;;;;
2022-05-02 13:00:00;591.4880280181877;1000.0;;270.0;;;;
2022-05-02 14:00:00;528.2480772755158;1000.0;;270.0;;;;
2022-05-02 15:00:00;605.6215170661958;1000.0;;270.0;;;;
2022-05-02 16:00:00;471.6858418451522;1000.0;;270.0;;;;
2022-05-02 17:00:00;598.499537612424;1000.0;;270.0;;;;
2022-05-02 18:00:00;547.3623388487918;1000.0;;270.0;;;;
2022-05-02 19:00:00;541.6663080659182;1000.0;;270.0;;;;
2022-05-02 20:00:00;610.0648331948017;1000.0;;270.0;;;;
2022-05-02 21:00:00;662.1244870371042;1000.0;;270.0;;;;
2022-05-02 22:00:00;650.457327545017;1000.0;;270.0;;;;
2022-05-02 23:00:00;567.3530444916232;1000.0;;270.0;;;;
2022-05-03 00:00:00;659.8767691230834;1000.0;;270.0;;;;
2022-05-03 01:00:00;490.760016773418;1000.0;;270.0;;;;
2022-05-03 02:00:00;487.9014497740848;1000.0;;270.0;;;;
2022-05-03 03:00:00;644.97831155116;1000.0;;270.0;;;;
2022-05-03 04:00:00;722.9419596851783;1000.0;;270.0;;;;
2022-05-03 05:00:00;501.6739663005999;1000.0;;270.0;;;;
2022-05-03 06:00:00;470.5181716110766;1000.0;;270.0;;;;
2022-05-03 07:00:00;651.9213876803142;1000.0;;270.0;;;;
2022-05-03 08:00:00;590.8253456054025;1000.0;;270.0;;;;
2022-05-03 09:00:00;536.5085446780575;1000.0;;270.0;;;;
2022-05-03 10:00:00;530.2606014207649;1000.0;;270.0;;;;
2022-05-03 11:00:00;561.769393981886;1000.0;;270.0;;;;
2022-05-03 12:00:00;529.9467538852524;1000.0;;270.0;;;;
2022-05-03 13:00:00;578.1010607679875;1000.0;;270.0;;;;
2022-05-03 14:00:00;534.4686680112202;1000.0;;270.0;;;;
2022-05-03 15:00:00;460.1180229711828;1000.0;;270.0;;;;
2022-05-03 16:00:00;641.1638139479954;1000.0;;270.0;;;;
2022-05-03 17:00:00;579.3792789037408;1000.0;;270.0;;;;
2022-05-03 18:00:00;582.4093328410944;1000.0;;270.0;;;;
2022-05-03 19:00:00;542.1908652074192;1000.0;;270.0;;;;
2022-05-03 20:00:00;662.37130775726;1000.0;;270.0;;;;
2022-05-03 21:00:00;665.3934490042974;1000.0;;270.0;;;;
2022-05-03 22:00:00;606.8122464455149;1000.0;;270.0;;;;
2022-05-03 23:00:00;602.0463383056349;1000.0;;270.0;;;;
2022-05-04 00:00:00;518.8977457622835;1000.0;;270.0;;;;
2022-05-04 01:00:00;566.0346799693081;1000.0;;270.0;;;;
2022-05-04 02:00:00;604.0300060610189;1000.0;;270.0;;;;
2022-05-04 03:00:00;663.9860263120793;1000.0;;270.0;;;;
2022-05-04 04:00:00;536.587704746844;1000.0;;270.0;;;;
2022-05-04 05:00:00;562.8222253019414;1000.0;;270.0;;;;
2022-05-04 06:00:00;631.1792469943439;1000.0;;270.0;;;;
2022-05-04 07:00:00;570.6820783088299;1000.0;;270.0;;;;
2022-05-04 08:00:00;542.0038860598282;1000.0;;270.0;;;;
2022-05-04 09:00:00;624.8815593031278;1000.0;;270.0;;;;
2022-05-04 10:00:00;552.0394644783336;1000.0;;270.0;;;;
2022-05-04 11:00:00;575.3787749871526;1000.0;;270.0;;;;
2022-05-04 12:00:00;576.3819957197646;1000.0;;270.0;;;;
2022-05-04 13:00:00;542.1734283250669;1000.0;;270.0;;;;
2022-05-04 14:00:00;621.0461034949533;1000.0;;270.0;;;;
2022-05-04 15:00:00;536.7353817048049;1000.0;;270.0;;;;
2022-05-04 16:00:00;653.8904368230135;1000.0;;270.0;;;;
2022-05-04 17:00:00;663.6268944945127;1000.0;;270.0;;;;
2022-05-04 18:00:00;662.328144534384;1000.0;;270.0;;;;
2022-05-04 19:00:00;604.3267039341034;1000.0;;270.0;;;;
2022-05-04 20:00:00;554.5922470985031;1000.0;;270.0;;;;
2022-05-04 21:00:00;599.6828086219188;1000.0;;270.0;;;;
2022-05-04 22:00:00;555.8453406011066;1000.0;;270.0;;;;
2022-05-04 23:00:00;510.0250475254941;1000.0;;270.0;;;;
2022-05-05 00:00:00;609.7792328387716;1000.0;;270.0;;;;
2022-05-05 01:00:00;572.5371666553439;1000.0;;270.0;;;;
2022-05-05 02:00:00;607.8025200997558;1000.0;;270.0;;;;
2022-05-05 03:00:00;559.1290891087244;1000.0;;270.0;;;;
2022-05-05 04:00:00;565.6342664344344;1000.0;;270.0;;;;
2022-05-05 05:00:00;671.5791796759632;1000.0;;270.0;;;;
2022-05-05 06:00:00;715.7365042270771;1000.0;;270.0;;;;
2022-05-05 07:00:00;571.1460532405378;1000.0;;270.0;;;;
2022-05-05 08:00:00;521.0405617120002;1000.0;;270.0;;;;
2022-05-05 09:00:00;592.857174773548;1000.0;;270.0;;;;
2022-05-05 10:00:00;635.9518599133418;1000.0;;270.0;;;;
2022-05-05 11:00:00;631.3525645185788;1000.0;;270.0;;;;
2022-05-05 12:00:00;427.0473030854409;1000.0;;270.0;;;;
2022-05-05 13:00:00;603.8430531404558;1000.0;;270.0;;;;
2022-05-05 14:00:00;540.7343812819402;1000.0;;270.0;;;;
2022-05-05 15:00:00;575.6096317359608;1000.0;;270.0;;;;
2022-05-05 16:00:00;559.741776212919;1000.0;;270.0;;;;
2022-05-05 17:00:00;573.1996099014608;1000.0;;270.0;;;;
2022-05-05 18:00:00;588.1758244897799;1000.0;;270.0;;;;
2022-05-05 19:00:00;557.542431258845;1000.0;;270.0;;;;
2022-05-05 20:00:00;578.8486254058599;1000.0;;270.0;;;;
2022-05-05 21:00:00;573.903649003422;1000.0;;270.0;;;;
2022-05-05 22:00:00;751.509855897918;1000.0;;270.0;;;;
2022-05-05 23:00:00;600.6860749127675;1000.0;;270.0;;;;
2022-05-06 00:00:00;540.6208115215693;1000.0;;270.0;;;;
2022-05-06 01:00:00;560.7408797226029;1000.0;;270.0;;;;
2022-05-06 02:00:00;476.2827457299482;1000.0;;270.0;;;;
2022-05-06 03:00:00;539.0733234780945;1000.0;;270.0;;;;
2022-05-06 04:00:00;608.9215858698191;1000.0;;270.0;;;;
2022-05-06 05:00:00;448.9437378487136;1000.0;;270.0;;;;
2022-05-06 06:00:00;572.7102233527986;1000.0;;270.0;;;;
2022-05-06 07:00:00;578.3345970625285;1000.0;;270.0;;;;
2022-05-06 08:00:00;540.0204700176447;1000.0;;270.0;;;;
2022-05-06 09:00:00;515.7764533023516;1000.0;;270.0;;;;
2022-05-06 10:00:00;572.3317703909267;1000.0;;270.0;;;;
2022-05-06 11:00:00;589.6791989396576;1000.0;;270.0;;;;
2022-05-06 12:00:00;537.9180808380055;1000.0;;270.0;;;;
2022-05-06 13:00:00;512.3604880220189;1000.0;;270.0;;;;
2022-05-06 14:00:00;531.8980648316975;1000.0;;270.0;;;;
2022-05-06 15:00:00;553.6989047043938;1000.0;;270.0;;;;
2022-05-06 16:00:00;593.0303707993359;1000.0;;270.0;;;;
2022-05-06 17:00:00;589.4813006888563;1000.0;;270.0;;;;
2022-05-06 18:00:00;606.3940698182804;1000.0;;270.0;;;;
2022-05-06 19:00:00;601.2130071003502;1000.0;;270.0;;;;
2022-05-06 20:00:00;633.7780348262496;1000.0;;270.0;;;;
2022-05-06 21:00:00;569.0861612838771;1000.0;;270.0;;;;
2022-05-06 22:00:00;538.6326129489481;1000.0;;270.0;;;;
2022-05-06 23:00:00;471.0980431995386;1000.0;;270.0;;;;
2022-05-07 00:00:00;548.1420018949003;1000.0;;270.0;;;;
2022-05-07 01:00:00;421.9912969058914;1000.0;;270.0;;;;
2022-05-07 02:00:00;613.3374869737594;1000.0;;270.0;;;;
2022-05-07 03:00:00;563.4122321016936;1000.0;;270.0;;;;
2022-05-07 04:00:00;581.2159688815942;1000.0;;270.0;;;;
2022-05-07 05:00:00;604.0876325434235;1000.0;;270.0;;;;
2022-05-07 06:00:00;580.6371714564126;1000.0;;270.0;;;;
2022-05-07 07:00:00;623.5578714984953;1000.0;;270.0;;;;
2022-05-07 08:00:00;570.8436910728354;1000.0;;270.0;;;;
2022-05-07 09:00:00;677.0631561485993;1000.0;;270.0;;;;
2022-05-07 10:00:00;547.7989135109226;1000.0;;270.0;;;;
2022-05-07 11:00:00;573.1671477634559;1000.0;;270.0;;;;
2022-05-07 12:00:00;578.5879778255371;1000.0;;270.0;;;;
2022-05-07 13:00:00;544.1782606666792;1000.0;;270.0;;;;
2022-05-07 14:00:00;597.1008223500794;1000.0;;270.0;;;;
2022-05-07 15:00:00;606.9973935707761;1000.0;;270.0;;;;
2022-05-07 16:00:00;617.1803195804735;1000.0;;270.0;;;;
2022-05-07 17:00:00;666.6076574097754;1000.0;;270.0;;;;
2022-05-07 18:00:00;460.1515739489938;1000.0;;270.0;;;;
2022-05-07 19:00:00;572.6702324185479;1000.0;;270.0;;;;
2022-05-07 20:00:00;655.381145312001;1000.0;;270.0;;;;
2022-05-07 21:00:00;591.8342139622874;1000.0;;270.0;;;;
2022-05-07 22:00:00;597.087596569226;1000.0;;270.0;;;;
2022-05-07 23:00:00;655.230010798728;1000.0;;270.0;;;;
2022-05-08 00:00:00;552.4574645583124;1000.0;;270.0;;;;
2022-05-08 01:00:00;590.2902670367965;1000.0;;270.0;;;;
2022-05-08 02:00:00;489.7161313827522;1000.0;;270.0;;;;
2022-05-08 03:00:00;565.0574430857097;1000.0;;270.0;;;;
2022-05-08 04:00:00;573.707952203897;1000.0;;270.0;;;;
2022-05-08 05:00:00;561.6046526098125;1000.0;;270.0;;;;
2022-05-08 06:00:00;587.3379710493737;1000.0;;270.0;;;;
2022-05-08 07:00:00;446.0306400447841;1000.0;;270.0;;;;
2022-05-08 08:00:00;582.7501714882561;1000.0;;270.0;;;;
2022-05-08 09:00:00;533.6117136950598;1000.0;;270.0;;;;
2022-05-08 10:00:00;546.4544487587975;1000.0;;270.0;;;;
2022-05-08 11:00:00;487.5464071111194;1000.0;;270.0;;;;
2022-05-08 12:00:00;562.3456226832742;1000.0;;270.0;;;;
2022-05-08 13:00:00;617.335313361611;1000.0;;270.0;;;;
2022-05-08 14:00:00;597.3856217577256;1000.0;;270.0;;;;
2022-05-08 15:00:00;566.4233561842148;1000.0;;270.0;;;;
2022-05-08 16:00:00;566.2044040846016;1000.0;;270.0;;;;
2022-05-08 17:00:00;627.5862169426798;1000.0;;270.0;;;;
2022-05-08 18:00:00;540.6222843100679;1000.0;;270.0;;;;
2022-05-08 19:00:00;531.0171996627928;1000.0;;270.0;;;;
2022-05-08 20:00:00;482.8589441140726;1000.0;;270.0;;;;
2022-05-08 21:00:00;557.9430765062872;1000.0;;270.0;;;;
2022-05-08 22:00:00;685.3821973905814;1000.0;;270.0;;;;
2022-05-08 23:00:00;421.1839650402875;1000.0;;270.0;;;;
2022-05-09 00:00:00;609.9691239973442;1000.0;;270.0;;;;
2022-05-09 01:00:00;511.781631700577;1000.0;;270.0;;;;
2022-05-09 02:00:00;573.89681804824;1000.0;;270.0;;;;
2022-05-09 03:00:00;545.7899660557441;1000.0;;270.0;;;;
2022-05-09 04:00:00;508.2643361314442;1000.0;;270.0;;;;
2022-05-09 05:00:00;583.9659371631755;1000.0;;270.0;;;;
2022-05-09 06:00:00;616.5265761991737;1000.0;;270.0;;;;
2022-05-09 07:00:00;494.7628821506149;1000.0;;270.0;;;;
2022-05-09 08:00:00;524.5110194698442;1000.0;;270.0;;;;
2022-05-09 09:00:00;643.327071017905;1000.0;;270.0;;;;
2022-05-09 10:00:00;609.4367043433091;1000.0;;270.0;;;;
2022-05-09 11:00:00;568.1711248687324;1000.0;;270.0;;;;
2022-05-09 12:00:00;550.4134265957903;1000.0;;270.0;;;;
2022-05-09 13:00:00;545.8117307881469;1000.0;;270.0;;;;
2022-05-09 14:00:00;620.2891824379848;1000.0;;270.0;;;;
2022-05-09 15:00:00;626.7094665273984;1000.0;;270.0;;;;
2022-05-09 16:00:00;586.8872621746732;1000.0;;270.0;;;;
2022-05-09 17:00:00;602.5483011248245;1000.0;;270.0;;;;
2022-05-09 18:00:00;501.4483367783941;1000.0;;270.0;;;;
2022-05-09 19:00:00;670.4273140835872;1000.0;;270.0;;;;
2022-05-09 20:00:00;592.6054236608716;1000.0;;270.0;;;;
2022-05-09 21:00:00;601.4935994530276;1000.0;;270.0;;;;
2022-05-09 22:00:00;547.3966528469027;1000.0;;270.0;;;;
2022-05-09 23:00:00;582.4639134504326;1000.0;;270.0;;;;
2022-05-10 00:00:00;605.0191374160855;1000.0;;270.0;;;;
2022-05-10 01:00:00;564.1748363519222;1000.0;;270.0;;;;
2022-05-10 02:00:00;575.7507593778017;1000.0;;270.0;;;;
2022-05-10 03:00:00;484.9743413596791;1000.0;;270.0;;;;
2022-05-10 04:00:00;556.9075572977761;1000.0;;270.0;;;;
2022-05-10 05:00:00;598.2302352950444;1000.0;;270.0;;;;
2022-05-10 06:00:00;490.4372027284898;1000.0;;270.0;;;;
2022-05-10 07:00:00;603.9299387085587;1000.0;;270.0;;;;
2022-05-10 08:00:00;623.4466220494372;1000.0;;270.0;;;;
2022-05-10 09:00:00;584.8069712375066;1000.0;;270.0;;;;
2022-05-10 10:00:00;516.1052425043492;1000.0;;270.0;;;;
2022-05-10 11:00:00;584.7923136970495;1000.0;;270.0;;;;
2022-05-10 12:00:00;607.8150966534806;1000.0;;270.0;;;;
2022-05-10 13:00:00;551.5949027422434;1000.0;;270.0;;;;
2022-05-10 14:00:00;625.3937566644074;1000.0;;270.0;;;;
2022-05-10 15:00:00;570.1855110642254;1000.0;;270.0;;;;
2022-05-10 16:00:00;586.4195160862265;1000.0;;270.0;;;;
2022-05-10 17:00:00;505.9940021770599;1000.0;;270.0;;;;
2022-05-10 18:00:00;585.6790850030152;1000.0;;270.0;;;;
2022-05-10 19:00:00;617.0691852056669;1000.0;;270.0;;;;
2022-05-10 20:00:00;522.8101387133202;1000.0;;270.0;;;;
2022-05-10 21:00:00;505.2616644273765;1000.0;;270.0;;;;
2022-05-10 22:00:00;447.0239755772086;1000.0;;270.0;;;;
2022-05-10 23:00:00;590.867178490237;1000.0;;270.0;;;;
2022-05-11 00:00:00;583.6985778738576;1000.0;;270.0;;;;
2022-05-11 01:00:00;567.9708542525279;1000.0;;270.0;;;;
2022-05-11 02:00:00;625.0544429255623;1000.0;;270.0;;;;
2022-05-11 03:00:00;517.8737132907122;1000.0;;270.0;;;;
2022-05-11 04:00:00;451.2316791446314;1000.0;;270.0;;;;
2022-05-11 05:00:00;629.1342430886182;1000.0;;270.0;;;;
2022-05-11 06:00:00;607.3940150538913;1000.0;;270.0;;;;
2022-05-11 07:00:00;566.9821745955942;1000.0;;270.0;;;;
2022-05-11 08:00:00;566.5303690781994;1000.0;;270.0;;;;
2022-05-11 09:00:00;522.0697266743219;1000.0;;270.0;;;;
2022-05-11 10:00:00;565.5025430009739;1000.0;;270.0;;;;
2022-05-11 11:00:00;527.0579169785848;1000.0;;270.0;;;;
2022-05-11 12:00:00;541.536641963161;1000.0;;270.0;;;;
2022-05-11 13:00:00;539.2755692756425;1000.0;;270.0;;;;
2022-05-11 14:00:00;560.8942873762722;1000.0;;270.0;;;;
2022-05-11 15:00:00;649.747895829583;1000.0;;270.0;;;;
2022-05-11 16:00:00;534.0305178207717;1000.0;;270.0;;;;
2022-05-11 17:00:00;596.8860080946223;1000.0;;270.0;;;;
2022-05-11 18:00:00;506.3441084128648;1000.0;;270.0;;;;
2022-05-11 19:00:00;572.6996090327808;1000.0;;270.0;;;;
2022-05-11 20:00:00;541.6012164902909;1000.0;;270.0;;;;
2022-05-11 21:00:00;542.308835386176;1000.0;;270.0;;;;
2022-05-11 22:00:00;619.0747341329472;1000.0;;270.0;;;;
2022-05-11 23:00:00;551.1105330313499;1000.0;;270.0;;;;
2022-05-12 00:00:00;644.8072676383514;1000.0;;270.0;;;;
2022-05-12 01:00:00;539.4242232736918;1000.0;;270.0;;;;
2022-05-12 02:00:00;595.2441836528075;1000.0;;270.0;;;;
2022-05-12 03:00:00;425.8920885040519;1000.0;;270.0;;;;
2022-05-12 04:00:00;481.1930473188334;1000.0;;270.0;;;;
2022-05-12 05:00:00;447.5837258270792;1000.0;;270.0;;;;
2022-05-12 06:00:00;554.4673160528394;1000.0;;270.0;;;;
2022-05-12 07:00:00;706.3250844752636;1000.0;;270.0;;;;
2022-05-12 08:00:00;631.1929319857209;1000.0;;270.0;;;;
2022-05-12 09:00:00;469.2728634672742;1000.0;;270.0;;;;
2022-05-12 10:00:00;566.6571044033309;1000.0;;270.0;;;;
2022-05-12 11:00:00;517.7457772631261;1000.0;;270.0;;;;
2022-05-12 12:00:00;658.9311128814471;1000.0;;270.0;;;;
2022-05-12 13:00:00;652.8948267693617;1000.0;;270.0;;;;
2022-05-12 14:00:00;564.8199619351682;1000.0;;270.0;;;;
2022-05-12 15:00:00;638.0616042960021;1000.0;;270.0;;;;
2022-05-12 16:00:00;540.6492140021658;1000.0;;270.0;;;;
2022-05-12 17:00:00;598.2614400419802;1000.0;;270.0;;;;
2022-05-12 18:00:00;594.4986501096441;1000.0;;270.0;;;;
2022-05-12 19:00:00;773.5867549795952;1000.0;;270.0;;;;
2022-05-12 20:00:00;477.0429051535739;1000.0;;270.0;;;;
2022-05-12 21:00:00;698.147938730533;1000.0;;270.0;;;;
2022-05-12 22:00:00;558.1581869442471;1000.0;;270.0;;;;
2022-05-12 23:00:00;640.251152336083;1000.0;;270.0;;;;
2022-05-13 00:00:00;602.9398381761345;1000.0;;270.0;;;;
2022-05-13 01:00:00;593.1646452158998;1000.0;;270.0;;;;
2022-05-13 02:00:00;604.7239337235605;1000.0;;270.0;;;;
2022-05-13 03:00:00;623.3983354989032;1000.0;;270.0;;;;
2022-05-13 04:00:00;599.1646662456559;1000.0;;270.0;;;;
2022-05-13 05:00:00;626.2307868814469;1000.0;;270.0;;;;
2022-05-13 06:00:00;521.2122292489931;1000.0;;270.0;;;;
2022-05-13 07:00:00;555.7809662862561;1000.0;;270.0;;;;
2022-05-13 08:00:00;616.6236859529997;1000.0;;270.0;;;;
2022-05-13 09:00:00;637.9797285712775;1000.0;;270.0;;;;
2022-05-13 10:00:00;518.5975537839189;1000.0;;270.0;;;;
2022-05-13 11:00:00;493.199454247247;1000.0;;270.0;;;;
2022-05-13 12:00:00;553.8960461981635;1000.0;;270.0;;;;
2022-05-13 13:00:00;568.8382982420056;1000.0;;270.0;;;;
2022-05-13 14:00:00;566.5107346934437;1000.0;;270.0;;;;
2022-05-13 15:00:00;682.9951450030383;1000.0;;270.0;;;;
2022-05-13 16:00:00;613.523830530248;1000.0;;270.0;;;;
2022-05-13 17:00:00;532.5380496606804;1000.0;;270.0;;;;
2022-05-13 18:00:00;522.171250621997;1000.0;;270.0;;;;
2022-05-13 19:00:00;571.050928673824;1000.0;;270.0;;;;
2022-05-13 20:00:00;675.0838617030424;1000.0;;270.0;;;;
2022-05-13 21:00:00;544.9116287142188;1000.0;;270.0;;;;
2022-05-13 22:00:00;498.9796991608111;1000.0;;270.0;;;;
2022-05-13 23:00:00;598.4664087436428;1000.0;;270.0;;;;
2022-05-14 00:00:00;526.889752120125;1000.0;;270.0;;;;
2022-05-14 01:00:00;486.5786470483358;1000.0;;270.0;;;;
2022-05-14 02:00:00;583.5453544363579;1000.0;;270.0;;;;
2022-05-14 03:00:00;632.5391817077789;1000.0;;270.0;;;;
2022-05-14 04:00:00;538.3926195254028;1000.0;;270.0;;;;
2022-05-14 05:00:00;556.5605304032714;1000.0;;270.0;;;;
2022-05-14 06:00:00;538.1477424729617;1000.0;;270.0;;;;
2022-05-14 07:00:00;552.1147775083547;1000.0;;270.0;;;;
2022-05-14 08:00:00;611.9019636672391;1000.0;;270.0;;;;
2022-05-14 09:00:00;479.8472154702411;1000.0;;270.0;;;;
2022-05-14 10:00:00;535.3555449183657;1000.0;;270.0;;;;
2022-05-14 11:00:00;463.5611916327488;1000.0;;270.0;;;;
2022-05-14 12:00:00;571.49705293413;1000.0;;270.0;;;;
2022-05-14 13:00:00;557.9174384910895;1000.0;;270.0;;;;
2022-05-14 14:00:00;550.4505912806314;1000.0;;270.0;;;;
2022-05-14 15:00:00;608.7830548702972;1000.0;;270.0;;;;
2022-05-14 16:00:00;585.3694170431635;1000.0;;270.0;;;;
2022-05-14 17:00:00;530.4838666330329;1000.0;;270.0;;;;
2022-05-14 18:00:00;622.8423714003233;1000.0;;270.0;;;;
2022-05-14 19:00:00;620.1036954061766;1000.0;;270.0;;;;
2022-05-14 20:00:00;516.9759952102671;1000.0;;270.0;;;;
2022-05-14 21:00:00;604.8448311629352;1000.0;;270.0;;;;
2022-05-14 22:00:00;480.9470135151191;1000.0;;270.0;;;;
2022-05-14 23:00:00;610.9096201577096;1000.0;;270.0;;;;
2022-05-15 00:00:00;737.3142262521644;1000.0;;270.0;;;;
2022-05-15 01:00:00;578.4345625838064;1000.0;;270.0;;;;
2022-05-15 02:00:00;613.8559952584991;1000.0;;270.0;;;;
2022-05-15 03:00:00;552.4934351577269;1000.0;;270.0;;;;
2022-05-15 04:00:00;430.6401868238882;1000.0;;270.0;;;;
2022-05-15 05:00:00;628.564332451212;1000.0;;270.0;;;;
2022-05-15 06:00:00;577.0802414995574;1000.0;;270.0;;;;
2022-05-15 07:00:00;645.2024553275492;1000.0;;270.0;;;;
2022-05-15 08:00:00;616.9907615735813;1000.0;;270.0;;;;
2022-05-15 09:00:00;622.7674439924164;1000.0;;270.0;;;;
2022-05-15 10:00:00;482.9993089721816;1000.0;;270.0;;;;
2022-05-15 11:00:00;587.2322316423514;1000.0;;270.0;;;;
2022-05-15 12:00:00;578.395228446493;1000.0;;270.0;;;;
2022-05-15 13:00:00;645.3222600442544;1000.0;;270.0;;;;
2022-05-15 14:00:00;594.8909045541106;1000.0;;270.0;;;;
2022-05-15 15:00:00;544.6383388356049;1000.0;;270.0;;;;
2022-05-15 16:00:00;497.7300932162598;1000.0;;270.0;;;;
2022-05-15 17:00:00;546.3506192431543;1000.0;;270.0;;;;
2022-05-15 18:00:00;670.8886408494562;1000.0;;270.0;;;;
2022-05-15 19:00:00;488.9543087123183;1000.0;;270.0;;;;
2022-05-15 20:00:00;525.6996576898371;1000.0;;270.0;;;;
2022-05-15 21:00:00;557.604295166017;1000.0;;270.0;;;;
2022-05-15 22:00:00;460.1184451073684;1000.0;;270.0;;;;
2022-05-15 23:00:00;524.1254631011326;1000.0;;270.0;;;;
2022-05-16 00:00:00;640.877416078805;1000.0;;270.0;;;;
2022-05-16 01:00:00;581.1358503109825;1000.0;;270.0;;;;
2022-05-16 02:00:00;581.7860347318435;1000.0;;270.0;;;;
2022-05-16 03:00:00;484.5386010692256;1000.0;;270.0;;;;
2022-05-16 04:00:00;530.2874266593404;1000.0;;270.0;;;;
2022-05-16 05:00:00;606.9185970677873;1000.0;;270.0;;;;
2022-05-16 06:00:00;600.6063678026711;1000.0;;270.0;;;;
2022-05-16 07:00:00;625.6598838510845;1000.0;;270.0;;;;
2022-05-16 08:00:00;484.4042316554886;1000.0;;270.0;;;;
2022-05-16 09:00:00;584.3304381538435;1000.0;;270.0;;;;
2022-05-16 10:00:00;620.2687598577293;1000.0;;270.0;;;;
2022-05-16 11:00:00;539.087076481365;1000.0;;270.0;;;;
2022-05-16 12:00:00;498.5937872243724;1000.0;;270.0;;;;
2022-05-16 13:00:00;558.840550874548;1000.0;;270.0;;;;
2022-05-16 14:00:00;585.7772733289099;1000.0;;270.0;;;;
2022-05-16 15:00:00;588.397625726517;1000.0;;270.0;;;;
2022-05-16 16:00:00;660.7943675889389;1000.0;;270.0;;;;
2022-05-16 17:00:00;656.257221605046;1000.0;;270.0;;;;
2022-05-16 18:00:00;591.2677215906485;1000.0;;270.0;;;;
2022-05-16 19:00:00;496.5814658944153;1000.0;;270.0;;;;
2022-05-16 20:00:00;689.8313524288766;1000.0;;270.0;;;;
2022-05-16 21:00:00;541.0611181816298;1000.0;;270.0;;;;
2022-05-16 22:00:00;506.4533982269765;1000.0;;270.0;;;;
2022-05-16 23:00:00;601.1825335654239;1000.0;;270.0;;;;
2022-05-17 00:00:00;575.0787747285751;1000.0;;270.0;;;;
2022-05-17 01:00:00;499.7710926065023;1000.0;;270.0;;;;
2022-05-17 02:00:00;552.9361124469301;1000.0;;270.0;;;;
2022-05-17 03:00:00;643.3284584547786;1000.0;;270.0;;;;
2022-05-17 04:00:00;561.9352643833122;1000.0;;270.0;;;;
2022-05-17 05:00:00;596.2962162575449;1000.0;;270.0;;;;
2022-05-17 06:00:00;522.891635335701;1000.0;;270.0;;;;
2022-05-17 07:00:00;503.5482959338048;1000.0;;270.0;;;;
2022-05-17 08:00:00;532.4745985205751;1000.0;;270.0;;;;
2022-05-17 09:00:00;558.8552184482178;1000.0;;270.0;;;;
2022-05-17 10:00:00;545.502864805149;1000.0;;270.0;;;;
2022-05-17 11:00:00;647.285650015256;1000.0;;270.0;;;;
2022-05-17 12:00:00;561.1231404779485;1000.0;;270.0;;;;
2022-05-17 13:00:00;553.007004267409;1000.0;;270.0;;;;
2022-05-17 14:00:00;590.9995141681412;1000.0;;270.0;;;;
2022-05-17 15:00:00;562.3201969415384;1000.0;;270.0;;;;
2022-05-17 16:00:00;622.6201646482725;1000.0;;270.0;;;;
2022-05-17 17:00:00;463.9771325235875;1000.0;;270.0;;;;
2022-05-17 18:00:00;570.2422369782314;1000.0;;270.0;;;;
2022-05-17 19:00:00;540.0449981708882;1000.0;;270.0;;;;
2022-05-17 20:00:00;516.4666861123894;1000.0;;270.0;;;;
2022-05-17 21:00:00;525.28492691325;1000.0;;270.0;;;;
2022-05-17 22:00:00;600.5452645878252;1000.0;;270.0;;;;
2022-05-17 23:00:00;601.0728159499029;1000.0;;270.0;;;;
2022-05-18 00:00:00;525.0945797976901;1000.0;;270.0;;;;
2022-05-18 01:00:00;511.5837984633583;1000.0;;270.0;;;;
2022-05-18 02:00:00;467.3338722679401;1000.0;;270.0;;;;
2022-05-18 03:00:00;532.8041250826905;1000.0;;270.0;;;;
2022-05-18 04:00:00;506.9049556136058;1000.0;;270.0;;;;
2022-05-18 05:00:00;516.6376943400072;1000.0;;270.0;;;;
2022-05-18 06:00:00;504.6619815611588;1000.0;;270.0;;;;
2022-05-18 07:00:00;582.2073118270278;1000.0;;270.0;;;;
2022-05-18 08:00:00;593.9394113426173;1000.0;;270.0;;;;
2022-05-18 09:00:00;511.9416305922646;1000.0;;270.0;;;;
2022-05-18 10:00:00;595.467079811272;1000.0;;270.0;;;;
2022-05-18 11:00:00;540.7071773586624;1000.0;;270.0;;;;
2022-05-18 12:00:00;593.8604379052988;1000.0;;270.0;;;;
2022-05-18 13:00:00;478.3312879178441;1000.0;;270.0;;;;
2022-05-18 14:00:00;544.573313627541;1000.0;;270.0;;;;
2022-05-18 15:00:00;627.3837394689673;1000.0;;270.0;;;;
2022-05-18 16:00:00;546.8973629026166;1000.0;;270.0;;;;
2022-05-18 17:00:00;548.1236789936626;1000.0;;270.0;;;;
2022-05-18 18:00:00;553.9011453394338;1000.0;;270.0;;;;
2022-05-18 19:00:00;576.9127646204471;1000.0;;270.0;;;;
2022-05-18 20:00:00;623.3524296311114;1000.0;;270.0;;;;
2022-05-18 21:00:00;612.9904515891965;1000.0;;270.0;;;;
2022-05-18 22:00:00;464.575774750413;1000.0;;270.0;;;;
2022-05-18 23:00:00;620.4628073435327;1000.0;;270.0;;;;
2022-05-19 00:00:00;589.5509188118272;1000.0;;270.0;;;;
2022-05-19 01:00:00;670.0770354524714;1000.0;;270.0;;;;
2022-05-19 02:00:00;558.1525430832369;1000.0;;270.0;;;;
2022-05-19 03:00:00;588.3801884368157;1000.0;;270.0;;;;
2022-05-19 04:00:00;617.1086285139068;1000.0;;270.0;;;;
2022-05-19 05:00:00;518.1608076091846;1000.0;;270.0;;;;
2022-05-19 06:00:00;531.7084769405458;1000.0;;270.0;;;;
2022-05-19 07:00:00;523.952338060072;1000.0;;270.0;;;;
2022-05-19 08:00:00;468.5282332012779;1000.0;;270.0;;;;
2022-05-19 09:00:00;701.0369518270144;1000.0;;270.0;;;;
2022-05-19 10:00:00;573.6668641356749;1000.0;;270.0;;;;
2022-05-19 11:00:00;648.2148968231876;1000.0;;270.0;;;;
2022-05-19 12:00:00;630.3954269938206;1000.0;;270.0;;;;
2022-05-19 13:00:00;720.8221432296242;1000.0;;270.0;;;;
2022-05-19 14:00:00;594.9877041622838;1000.0;;270.0;;;;
2022-05-19 15:00:00;471.7420616317013;1000.0;;270.0;;;;
2022-05-19 16:00:00;614.4821983753714;1000.0;;270.0;;;;
2022-05-19 17:00:00;527.5381652934645;1000.0;;270.0;;;;
2022-05-19 18:00:00;568.2040025424532;1000.0;;270.0;;;;
2022-05-19 19:00:00;550.3324714127964;1000.0;;270.0;;;;
2022-05-19 20:00:00;511.9727749430821;1000.0;;270.0;;;;
2022-05-19 21:00:00;471.1528285562013;1000.0;;270.0;;;;
2022-05-19 22:00:00;553.7515411558883;1000.0;;270.0;;;;
2022-05-19 23:00:00;514.0863680593748;1000.0;;270.0;;;;
2022-05-20 00:00:00;620.0654272621819;1000.0;;270.0;;;;
2022-05-20 01:00:00;584.2274767590601;1000.0;;270.0;;;;
2022-05-20 02:00:00;506.615993757788;1000.0;;270.0;;;;
2022-05-20 03:00:00;549.3602450740884;1000.0;;270.0;;;;
2022-05-20 04:00:00;502.8648003655381;1000.0;;270.0;;;;
2022-05-20 05:00:00;542.7464255908367;1000.0;;270.0;;;;
2022-05-20 06:00:00;623.9874962164618;1000.0;;270.0;;;;
2022-05-20 07:00:00;550.5615386264069;1000.0;;270.0;;;;
2022-05-20 08:00:00;624.5634505824642;1000.0;;270.0;;;;
2022-05-20 09:00:00;522.0491420395095;1000.0;;270.0;;;;
2022-05-20 10:00:00;470.5023846570356;1000.0;;270.0;;;;
2022-05-20 11:00:00;600.3318566515904;1000.0;;270.0;;;;
2022-05-20 12:00:00;559.3485265408451;1000.0;;270.0;;;;
2022-05-20 13:00:00;527.3849341809032;1000.0;;270.0;;;;
2022-05-20 14:00:00;609.5421718831265;1000.0;;270.0;;;;
2022-05-20 15:00:00;547.0962873431911;1000.0;;270.0;;;;
2022-05-20 16:00:00;537.864661278786;1000.0;;270.0;;;;
2022-05-20 17:00:00;510.0519751626381;1000.0;;270.0;;;;
2022-05-20 18:00:00;598.9506079754055;1000.0;;270.0;;;;
2022-05-20 19:00:00;563.8559289040896;1000.0;;270.0;;;;
2022-05-20 20:00:00;489.3244986923271;1000.0;;270.0;;;;
2022-05-20 21:00:00;609.8090847590697;1000.0;;270.0;;;;
2022-05-20 22:00:00;632.8303434494524;1000.0;;270.0;;;;
2022-05-20 23:00:00;563.4282915953091;1000.0;;270.0;;;;
2022-05-21 00:00:00;509.1519113472477;1000.0;;270.0;;;;
2022-05-21 01:00:00;619.1223885102232;1000.0;;270.0;;;;
2022-05-21 02:00:00;450.9209813656993;1000.0;;270.0;;;;
2022-05-21 03:00:00;622.673295565523;1000.0;;270.0;;;;
2022-05-21 04:00:00;511.9844796887992;1000.0;;270.0;;;;
2022-05-21 05:00:00;483.595686234426;1000.0;;270.0;;;;
2022-05-21 06:00:00;520.8402882795224;1000.0;;270.0;;;;
2022-05-21 07:00:00;611.1019451843674;1000.0;;270.0;;;;
2022-05-21 08:00:00;599.8592325638614;1000.0;;270.0;;;;
2022-05-21 09:00:00;640.1968121942961;1000.0;;270.0;;;;
2022-05-21 10:00:00;549.4456499824079;1000.0;;270.0;;;;
2022-05-21 11:00:00;465.22685899919;1000.0;;270.0;;;;
2022-05-21 12:00:00;605.5128616348662;1000.0;;270.0;;;;
2022-05-21 13:00:00;537.4409844167535;1000.0;;270.0;;;;
2022-05-21 14:00:00;666.9771591100598;1000.0;;270.0;;;;
2022-05-21 15:00:00;572.0668008210458;1000.0;;270.0;;;;
2022-05-21 16:00:00;616.9613770247174;1000.0;;270.0;;;;
2022-05-21 17:00:00;555.3298813841411;1000.0;;270.0;;;;
2022-05-21 18:00:00;539.9214701056355;1000.0;;270.0;;;;
2022-05-21 19:00:00;574.8313939915486;1000.0;;270.0;;;;
2022-05-21 20:00:00;578.5363412190587;1000.0;;270.0;;;;
2022-05-21 21:00:00;675.4937845445838;1000.0;;270.0;;;;
2022-05-21 22:00:00;479.8959924121903;1000.0;;270.0;;;;
2022-05-21 23:00:00;625.6077829791424;1000.0;;270.0;;;;
2022-05-22 00:00:00;656.790346751428;1000.0;;270.0;;;;
2022-05-22 01:00:00;623.9406375278605;1000.0;;270.0;;;;
2022-05-22 02:00:00;624.8410608427666;1000.0;;270.0;;;;
2022-05-22 03:00:00;541.2218246652669;1000.0;;270.0;;;;
2022-05-22 04:00:00;566.4262325212351;1000.0;;270.0;;;;
2022-05-22 05:00:00;610.0218367049423;1000.0;;270.0;;;;
2022-05-22 06:00:00;594.9231233436277;1000.0;;270.0;;;;
2022-05-22 07:00:00;549.9176083987454;1000.0;;270.0;;;;
2022-05-22 08:00:00;570.5681909178909;1000.0;;270.0;;;;
2022-05-22 09:00:00;625.8276491847431;1000.0;;270.0;;;;
2022-05-22 10:00:00;540.0471233671753;1000.0;;270.0;;;;
2022-05-22 11:00:00;588.6241430419258;1000.0;;270.0;;;;
2022-05-22 12:00:00;637.6898469077433;1000.0;;270.0;;;;
2022-05-22 13:00:00;494.3039896241306;1000.0;;270.0;;;;
2022-05-22 14:00:00;506.6453385452841;1000.0;;270.0;;;;
2022-05-22 15:00:00;576.9372692387742;1000.0;;270.0;;;;
2022-05-22 16:00:00;596.5510831346674;1000.0;;270.0;;;;
2022-05-22 17:00:00;630.831292892051;1000.0;;270.0;;;;
2022-05-22 18:00:00;530.573053113561;1000.0;;270.0;;;;
2022-05-22 19:00:00;549.911505142272;1000.0;;270.0;;;;
2022-05-22 20:00:00;464.9754305097441;1000.0;;270.0;;;;
2022-05-22 21:00:00;564.4116550564406;1000.0;;270.0;;;;
2022-05-22 22:00:00;548.4234498508316;1000.0;;270.0;;;;
2022-05-22 23:00:00;621.0949227519969;1000.0;;270.0;;;;
2022-05-23 00:00:00;603.8541695136375;1000.0;;270.0;;;;
2022-05-23 01:00:00;592.1583225448878;1000.0;;270.0;;;;
2022-05-23 02:00:00;466.7005893345995;1000.0;;270.0;;;;
2022-05-23 03:00:00;692.9967242143638;1000.0;;270.0;;;;
2022-05-23 04:00:00;593.2168456480517;1000.0;;270.0;;;;
2022-05-23 05:00:00;624.7676645628017;1000.0;;270.0;;;;
2022-05-23 06:00:00;580.7397516012348;1000.0;;270.0;;;;
2022-05-23 07:00:00;540.7984925271269;1000.0;;270.0;;;;
2022-05-23 08:00:00;733.3841412398209;1000.0;;270.0;;;;
2022-05-23 09:00:00;538.4641880279324;1000.0;;270.0;;;;
2022-05-23 10:00:00;494.033661561581;1000.0;;270.0;;;;
2022-05-23 11:00:00;505.3978101216888;1000.0;;270.0;;;;
2022-05-23 12:00:00;721.8300858634584;1000.0;;270.0;;;;
2022-05-23 13:00:00;656.9472637318479;1000.0;;270.0;;;;
2022-05-23 14:00:00;614.8619240637571;1000.0;;270.0;;;;
2022-05-23 15:00:00;514.9052497679116;1000.0;;270.0;;;;
2022-05-23 16:00:00;502.5427085397896;1000.0;;270.0;;;;
2022-05-23 17:00:00;556.5457009327239;1000.0;;270.0;;;;
2022-05-23 18:00:00;536.6834643872857;1000.0;;270.0;;;;
2022-05-23 19:00:00;685.2728644599373;1000.0;;270.0;;;;
2022-05-23 20:00:00;523.4560016061267;1000.0;;270.0;;;;
2022-05-23 21:00:00;682.4447375770477;1000.0;;270.0;;;;
2022-05-23 22:00:00;592.1065586673669;1000.0;;270.0;;;;
2022-05-23 23:00:00;482.4176692111294;1000.0;;270.0;;;;
2022-05-24 00:00:00;598.5848041548356;1000.0;;270.0;;;;
2022-05-24 01:00:00;515.0828497820332;1000.0;;270.0;;;;
2022-05-24 02:00:00;650.3225962305538;1000.0;;270.0;;;;
2022-05-24 03:00:00;628.2238376907899;1000.0;;270.0;;;;
2022-05-24 04:00:00;554.2124786128135;1000.0;;270.0;;;;
2022-05-24 05:00:00;571.2320428830216;1000.0;;270.0;;;;
2022-05-24 06:00:00;587.0756639869194;1000.0;;270.0;;;;
2022-05-24 07:00:00;550.1486464995932;1000.0;;270.0;;;;
2022-05-24 08:00:00;656.410227577408;1000.0;;270.0;;;;
2022-05-24 09:00:00;554.0147799830745;1000.0;;270.0;;;;
2022-05-24 10:00:00;549.8055480382917;1000.0;;270.0;;;;
2022-05-24 11:00:00;527.6967499176911;1000.0;;270.0;;;;
2022-05-24 12:00:00;599.6209245081228;1000.0;;270.0;;;;
2022-05-24 13:00:00;539.9895736910505;1000.0;;270.0;;;;
2022-05-24 14:00:00;510.6850392478089;1000.0;;270.0;;;;
2022-05-24 15:00:00;572.1275588204112;1000.0;;270.0;;;;
2022-05-24 16:00:00;570.3856068410647;1000.0;;270.0;;;;
2022-05-24 17:00:00;542.462519172049;1000.0;;270.0;;;;
2022-05-24 18:00:00;601.3990581259686;1000.0;;270.0;;;;
2022-05-24 19:00:00;546.416817103053;1000.0;;270.0;;;;
2022-05-24 20:00:00;627.4758581754443;1000.0;;270.0;;;;
2022-05-24 21:00:00;547.417552515074;1000.0;;270.0;;;;
2022-05-24 22:00:00;512.4289156921852;1000.0;;270.0;;;;
2022-05-24 23:00:00;504.8361222374567;1000.0;;270.0;;;;
2022-05-25 00:00:00;515.3659939155125;1000.0;;270.0;;;;
2022-05-25 01:00:00;541.3893707502181;1000.0;;270.0;;;;
2022-05-25 02:00:00;460.3542166873348;1000.0;;270.0;;;;
2022-05-25 03:00:00;528.4379858766613;1000.0;;270.0;;;;
2022-05-25 04:00:00;562.5221178391278;1000.0;;270.0;;;;
2022-05-25 05:00:00;614.9176399114123;1000.0;;270.0;;;;
2022-05-25 06:00:00;634.5240262675753;1000.0;;270.0;;;;
2022-05-25 07:00:00;472.246074187487;1000.0;;270.0;;;;
2022-05-25 08:00:00;540.8143600436821;1000.0;;270.0;;;;
2022-05-25 09:00:00;567.106020632985;1000.0;;270.0;;;;
2022-05-25 10:00:00;593.7225338352534;1000.0;;270.0;;;;
2022-05-25 11:00:00;562.7255991495806;1000.0;;270.0;;;;
2022-05-25 12:00:00;469.769265466016;1000.0;;270.0;;;;
2022-05-25 13:00:00;478.3693890150655;1000.0;;270.0;;;;
2022-05-25 14:00:00;510.9159405957029;1000.0;;270.0;;;;
2022-05-25 15:00:00;588.1394043377659;1000.0;;270.0;;;;
2022-05-25 16:00:00;499.9774389825048;1000.0;;270.0;;;;
2022-05-25 17:00:00;551.8463436427264;1000.0;;270.0;;;;
2022-05-25 18:00:00;658.1308223507916;1000.0;;270.0;;;;
2022-05-25 19:00:00;623.3231588637668;1000.0;;270.0;;;;
2022-05-25 20:00:00;542.573542733171;1000.0;;270.0;;;;
2022-05-25 21:00:00;545.6687602043588;1000.0;;270.0;;;;
2022-05-25 22:00:00;618.3388446144521;1000.0;;270.0;;;;
2022-05-25 23:00:00;424.7383573115856;1000.0;;270.0;;;;
2022-05-26 00:00:00;542.762699920258;1000.0;;270.0;;;;
2022-05-26 01:00:00;589.4776358946368;1000.0;;270.0;;;;
2022-05-26 02:00:00;468.7003969328558;1000.0;;270.0;;;;
2022-05-26 03:00:00;609.3972545113736;1000.0;;270.0;;;;
2022-05-26 04:00:00;608.6160178006425;1000.0;;270.0;;;;
2022-05-26 05:00:00;497.3647463745796;1000.0;;270.0;;;;
2022-05-26 06:00:00;770.5500845516056;1000.0;;270.0;;;;
2022-05-26 07:00:00;558.5610375937891;1000.0;;270.0;;;;
2022-05-26 08:00:00;648.1849783659665;1000.0;;270.0;;;;
2022-05-26 09:00:00;601.3783787668378;1000.0;;270.0;;;;
2022-05-26 10:00:00;577.8298238610224;1000.0;;270.0;;;;
2022-05-26 11:00:00;427.3286275214762;1000.0;;270.0;;;;
2022-05-26 12:00:00;582.9435229016893;1000.0;;270.0;;;;
2022-05-26 13:00:00;555.4107302261726;1000.0;;270.0;;;;
2022-05-26 14:00:00;534.1925947343825;1000.0;;270.0;;;;
2022-05-26 15:00:00;598.5913185419531;1000.0;;270.0;;;;
2022-05-26 16:00:00;641.710369392588;1000.0;;270.0;;;;
2022-05-26 17:00:00;577.2692979213014;1000.0;;270.0;;;;
2022-05-26 18:00:00;503.4585608773596;1000.0;;270.0;;;;
2022-05-26 19:00:00;572.0204432805497;1000.0;;270.0;;;;
2022-05-26 20:00:00;545.1730679996876;1000.0;;270.0;;;;
2022-05-26 21:00:00;575.8392347430197;1000.0;;270.0;;;;
2022-05-26 22:00:00;467.8511664865891;1000.0;;270.0;;;;
2022-05-26 23:00:00;652.7273549046578;1000.0;;270.0;;;;
2022-05-27 00:00:00;497.1418656751089;1000.0;;270.0;;;;
2022-05-27 01:00:00;633.1438641231598;1000.0;;270.0;;;;
2022-05-27 02:00:00;618.670425293652;1000.0;;270.0;;;;
2022-05-27 03:00:00;558.0812785723656;1000.0;;270.0;;;;
2022-05-27 04:00:00;563.1802692900125;1000.0;;270.0;;;;
2022-05-27 05:00:00;569.0923072964501;1000.0;;270.0;;;;
2022-05-27 06:00:00;583.8400919441541;1000.0;;270.0;;;;
2022-05-27 07:00:00;498.1729585273786;1000.0;;270.0;;;;
2022-05-27 08:00:00;570.4010549954171;1000.0;;270.0;;;;
2022-05-27 09:00:00;593.0552070314205;1000.0;;270.0;;;;
2022-05-27 10:00:00;538.0426934614846;1000.0;;270.0;;;;
2022-05-27 11:00:00;677.2142233759309;1000.0;;270.0;;;;
2022-05-27 12:00:00;632.9141904126949;1000.0;;270.0;;;;
2022-05-27 13:00:00;537.1843791470142;1000.0;;270.0;;;;
2022-05-27 14:00:00;582.4537213971021;1000.0;;270.0;;;;
2022-05-27 15:00:00;590.9141045246437;1000.0;;270.0;;;;
2022-05-27 16:00:00;506.0848827805017;1000.0;;270.0;;;;
2022-05-27 17:00:00;545.725729157757;1000.0;;270.0;;;;
2022-05-27 18:00:00;644.8271984386274;1000.0;;270.0;;;;
2022-05-27 19:00:00;536.3955281853217;1000.0;;270.0;;;;
2022-05-27 20:00:00;483.9080028171901;1000.0;;270.0;;;;
2022-05-27 21:00:00;488.4312635072123;1000.0;;270.0;;;;
2022-05-27 22:00:00;636.220855275505;1000.0;;270.0;;;;
2022-05-27 23:00:00;504.6725421308651;1000.0;;270.0;;;;
2022-05-28 00:00:00;550.2787460721936;1000.0;;270.0;;;;
2022-05-28 01:00:00;624.7761825216406;1000.0;;270.0;;;;
2022-05-28 02:00:00;600.6534445745289;1000.0;;270.0;;;;
2022-05-28 03:00:00;495.1476101520134;1000.0;;270.0;;;;
2022-05-28 04:00:00;591.7578786479794;1000.0;;270.0;;;;
2022-05-28 05:00:00;556.5099799410576;1000.0;;270.0;;;;
2022-05-28 06:00:00;548.5112470625536;1000.0;;270.0;;;;
2022-05-28 07:00:00;583.2664959800779;1000.0;;270.0;;;;
2022-05-28 08:00:00;589.1058617474126;1000.0;;270.0;;;;
2022-05-28 09:00:00;527.6495614810345;1000.0;;270.0;;;;
2022-05-28 10:00:00;587.395399637234;1000.0;;270.0;;;;
2022-05-28 11:00:00;659.7580791180688;1000.0;;270.0;;;;
2022-05-28 12:00:00;461.1091200340774;1000.0;;270.0;;;;
2022-05-28 13:00:00;554.4020490614961;1000.0;;270.0;;;;
2022-05-28 14:00:00;517.398582158799;1000.0;;270.0;;;;
2022-05-28 15:00:00;622.832621901081;1000.0;;270.0;;;;
2022-05-28 16:00:00;660.9716658475008;1000.0;;270.0;;;;
2022-05-28 17:00:00;513.7385549455653;1000.0;;270.0;;;;
2022-05-28 18:00:00;504.0019843691401;1000.0;;270.0;;;;
2022-05-28 19:00:00;554.8208495658647;1000.0;;270.0;;;;
2022-05-28 20:00:00;603.6869193633173;1000.0;;270.0;;;;
2022-05-28 21:00:00;452.1544697207573;1000.0;;270.0;;;;
2022-05-28 22:00:00;605.1820997230994;1000.0;;270.0;;;;
2022-05-28 23:00:00;518.893574416717;1000.0;;270.0;;;;
2022-05-29 00:00:00;480.9957296086304;1000.0;;270.0;;;;
2022-05-29 01:00:00;646.2900245511114;1000.0;;270.0;;;;
2022-05-29 02:00:00;601.9997983116867;1000.0;;270.0;;;;
2022-05-29 03:00:00;546.6828810120817;1000.0;;270.0;;;;
2022-05-29 04:00:00;469.1427444587305;1000.0;;270.0;;;;
2022-05-29 05:00:00;611.3294675292962;1000.0;;270.0;;;;
2022-05-29 06:00:00;617.43368169886;1000.0;;270.0;;;;
2022-05-29 07:00:00;579.2948769802434;1000.0;;270.0;;;;
2022-05-29 08:00:00;531.0512658812377;1000.0;;270.0;;;;
2022-05-29 09:00:00;579.0414595908644;1000.0;;270.0;;;;
2022-05-29 10:00:00;533.1841800205339;1000.0;;270.0;;;;
2022-05-29 11:00:00;600.8857971011097;1000.0;;270.0;;;;
2022-05-29 12:00:00;437.8586395628163;1000.0;;270.0;;;;
2022-05-29 13:00:00;538.3787045869951;1000.0;;270.0;;;;
2022-05-29 14:00:00;531.6409171441139;1000.0;;270.0;;;;
2022-05-29 15:00:00;577.1543947813752;1000.0;;270.0;;;;
2022-05-29 16:00:00;493.77505876559;1000.0;;270.0;;;;
2022-05-29 17:00:00;615.3320642254687;1000.0;;270.0;;;;
2022-05-29 18:00:00;595.2518798010244;1000.0;;270.0;;;;
2022-05-29 19:00:00;551.9405557141931;1000.0;;270.0;;;;
2022-05-29 20:00:00;637.0984561973354;1000.0;;270.0;;;;
2022-05-29 21:00:00;505.5819777081448;1000.0;;270.0;;;;
2022-05-29 22:00:00;571.8153152693079;1000.0;;270.0;;;;
2022-05-29 23:00:00;599.5870485309939;1000.0;;270.0;;;;
2022-05-30 00:00:00;541.0575503009484;1000.0;;270.0;;;;
2022-05-30 01:00:00;611.0324136110496;1000.0;;270.0;;;;
2022-05-30 02:00:00;491.2989576068445;1000.0;;270.0;;;;
2022-05-30 03:00:00;610.0470028776324;1000.0;;270.0;;;;
2022-05-30 04:00:00;593.686090723495;1000.0;;270.0;;;;
2022-05-30 05:00:00;611.1335866684672;1000.0;;270.0;;;;
2022-05-30 06:00:00;535.1118097021202;1000.0;;270.0;;;;
2022-05-30 07:00:00;610.5476092918716;1000.0;;270.0;;;;
2022-05-30 08:00:00;621.2987648801849;1000.0;;270.0;;;;
2022-05-30 09:00:00;653.7813524903528;1000.0;;270.0;;;;
2022-05-30 10:00:00;570.8969083058842;1000.0;;270.0;;;;
2022-05-30 11:00:00;542.197413665174;1000.0;;270.0;;;;
2022-05-30 12:00:00;607.1604433077518;1000.0;;270.0;;;;
2022-05-30 13:00:00;605.5907115885117;1000.0;;270.0;;;;
2022-05-30 14:00:00;537.3272067363988;1000.0;;270.0;;;;
2022-05-30 15:00:00;551.6212902953079;1000.0;;270.0;;;;
2022-05-30 16:00:00;529.3048111939655;1000.0;;270.0;;;;
2022-05-30 17:00:00;628.7059960807013;1000.0;;270.0;;;;
2022-05-30 18:00:00;625.8829115829229;1000.0;;270.0;;;;
2022-05-30 19:00:00;539.3329084607522;1000.0;;270.0;;;;
2022-05-30 20:00:00;630.0717928471474;1000.0;;270.0;;;;
2022-05-30 21:00:00;593.9344578519585;1000.0;;270.0;;;;
2022-05-30 22:00:00;628.6127916640503;1000.0;;270.0;;;;
2022-05-30 23:00:00;586.8387798211922;1000.0;;270.0;;;;
2022-05-31 00:00:00;544.8647713753052;1000.0;;270.0;;;;
2022-05-31 01:00:00;465.9556226389419;1000.0;;270.0;;;;
2022-05-31 02:00:00;637.4025183398652;1000.0;;270.0;;;;
2022-05-31 03:00:00;516.5934708475588;1000.0;;270.0;;;;
2022-05-31 04:00:00;628.4016690676159;1000.0;;270.0;;;;
2022-05-31 05:00:00;485.6064233932982;1000.0;;270.0;;;;
2022-05-31 06:00:00;565.1524144759619;1000.0;;270.0;;;;
2022-05-31 07:00:00;631.4880736572908;1000.0;;270.0;;;;
2022-05-31 08:00:00;588.0690855459501;1000.0;;270.0;;;;
2022-05-31 09:00:00;580.5785228219712;1000.0;;270.0;;;;
2022-05-31 10:00:00;611.0983272533;1000.0;;270.0;;;;
2022-05-31 11:00:00;502.8441455828239;1000.0;;270.0;;;;
2022-05-31 12:00:00;543.9460488351591;1000.0;;270.0;;;;
2022-05-31 13:00:00;579.5629051471341;1000.0;;270.0;;;;
2022-05-31 14:00:00;469.5200583986739;1000.0;;270.0;;;;
2022-05-31 15:00:00;620.7673802758526;1000.0;;270.0;;;;
2022-05-31 16:00:00;540.5554338008276;1000.0;;270.0;;;;
2022-05-31 17:00:00;578.484882076584;1000.0;;270.0;;;;
2022-05-31 18:00:00;611.1634410044478;1000.0;;270.0;;;;
2022-05-31 19:00:00;486.6498522413394;1000.0;;270.0;;;;
2022-05-31 20:00:00;536.7316046100882;1000.0;;270.0;;;;
2022-05-31 21:00:00;567.5250777069904;1000.0;;270.0;;;;
2022-05-31 22:00:00;639.8036616563479;1000.0;;270.0;;;;
2022-05-31 23:00:00;580.7588896499481;1000.0;;270.0;;;;
2022-06-01 00:00:00;603.8849624808411;1000.0;;270.0;;;;
2022-06-01 01:00:00;561.0599100754522;1000.0;;270.0;;;;
2022-06-01 02:00:00;551.3715250535854;1000.0;;270.0;;;;
2022-06-01 03:00:00;573.646055164124;1000.0;;270.0;;;;
2022-06-01 04:00:00;611.0814336846607;1000.0;;270.0;;;;
2022-06-01 05:00:00;664.0269818501237;1000.0;;270.0;;;;
2022-06-01 06:00:00;438.817227243938;1000.0;;270.0;;;;
2022-06-01 07:00:00;596.3235835902416;1000.0;;270.0;;;;
2022-06-01 08:00:00;571.9659324311962;1000.0;;270.0;;;;
2022-06-01 09:00:00;524.4503943984616;1000.0;;270.0;;;;
2022-06-01 10:00:00;557.2414315404893;1000.0;;270.0;;;;
2022-06-01 11:00:00;609.2631645025172;1000.0;;270.0;;;;
2022-06-01 12:00:00;588.6024909307628;1000.0;;270.0;;;;
2022-06-01 13:00:00;577.8570367564547;1000.0;;270.0;;;;
2022-06-01 14:00:00;627.0289491554831;1000.0;;270.0;;;;
2022-06-01 15:00:00;613.5936129870793;1000.0;;270.0;;;;
2022-06-01 16:00:00;563.9737318971186;1000.0;;270.0;;;;
2022-06-01 17:00:00;642.1465742980841;1000.0;;270.0;;;;
2022-06-01 18:00:00;511.5451173149078;1000.0;;270.0;;;;
2022-06-01 19:00:00;632.9680622421865;1000.0;;270.0;;;;
2022-06-01 20:00:00;501.0530898704802;1000.0;;270.0;;;;
2022-06-01 21:00:00;638.2445581611187;1000.0;;270.0;;;;
2022-06-01 22:00:00;575.0443126145335;1000.0;;270.0;;;;
2022-06-01 23:00:00;494.2833669444659;1000.0;;270.0;;;;
2022-06-02 00:00:00;608.6240718485635;1000.0;;270.0;;;;
2022-06-02 01:00:00;455.4270459875554;1000.0;;270.0;;;;
2022-06-02 02:00:00;510.8255121584851;1000.0;;270.0;;;;
2022-06-02 03:00:00;657.2351870945861;1000.0;;270.0;;;;
2022-06-02 04:00:00;492.8484177729204;1000.0;;270.0;;;;
2022-06-02 05:00:00;601.2608751355915;1000.0;;270.0;;;;
2022-06-02 06:00:00;595.5858127754179;1000.0;;270.0;;;;
2022-06-02 07:00:00;530.1518544964327;1000.0;;270.0;;;;
2022-06-02 08:00:00;632.7237512466475;1000.0;;270.0;;;;
2022-06-02 09:00:00;522.7740733079359;1000.0;;270.0;;;;
2022-06-02 10:00:00;658.9338224928042;1000.0;;270.0;;;;
2022-06-02 11:00:00;564.8383166635784;1000.0;;270.0;;;;
2022-06-02 12:00:00;503.7125421643034;1000.0;;270.0;;;;
2022-06-02 13:00:00;486.8498707473889;1000.0;;270.0;;;;
2022-06-02 14:00:00;626.5783469586985;1000.0;;270.0;;;;
2022-06-02 15:00:00;450.0612833819471;1000.0;;270.0;;;;
2022-06-02 16:00:00;664.3469721343554;1000.0;;270.0;;;;
2022-06-02 17:00:00;645.440714028175;1000.0;;270.0;;;;
2022-06-02 18:00:00;510.0971479586434;1000.0;;270.0;;;;
2022-06-02 19:00:00;513.8526498988724;1000.0;;270.0;;;;
2022-06-02 20:00:00;529.5316094429905;1000.0;;270.0;;;;
2022-06-02 21:00:00;513.641493881928;1000.0;;270.0;;;;
2022-06-02 22:00:00;528.9376259099671;1000.0;;270.0;;;;
2022-06-02 23:00:00;644.4268419495777;1000.0;;270.0;;;;
2022-06-03 00:00:00;614.9250455680437;1000.0;;270.0;;;;
2022-06-03 01:00:00;521.1003982414062;1000.0;;270.0;;;;
2022-06-03 02:00:00;676.9342216871567;1000.0;;270.0;;;;
2022-06-03 03:00:00;527.969892832796;1000.0;;270.0;;;;
2022-06-03 04:00:00;613.7638816446639;1000.0;;270.0;;;;
2022-06-03 05:00:00;672.3252182114036;1000.0;;270.0;;;;
2022-06-03 06:00:00;617.1835382963011;1000.0;;270.0;;;;
2022-06-03 07:00:00;666.7057062486633;1000.0;;270.0;;;;
2022-06-03 08:00:00;548.5863207405818;1000.0;;270.0;;;;
2022-06-03 09:00:00;610.1052240069282;1000.0;;270.0;;;;
2022-06-03 10:00:00;620.3872906048014;1000.0;;270.0;;;;
2022-06-03 11:00:00;559.7540542317547;1000.0;;270.0;;;;
2022-06-03 12:00:00;578.0973733766433;1000.0;;270.0;;;;
2022-06-03 13:00:00;572.247410252359;1000.0;;270.0;;;;
2022-06-03 14:00:00;611.6403146829781;1000.0;;270.0;;;;
2022-06-03 15:00:00;678.0814158270113;1000.0;;270.0;;;;
2022-06-03 16:00:00;494.0898590136782;1000.0;;270.0;;;;
2022-06-03 17:00:00;565.0798967261653;1000.0;;270.0;;;;
2022-06-03 18:00:00;554.869041782287;1000.0;;270.0;;;;
2022-06-03 19:00:00;674.4423761059192;1000.0;;270.0;;;;
2022-06-03 20:00:00;522.825186209669;1000.0;;270.0;;;;
2022-06-03 21:00:00;657.3122154572764;1000.0;;270.0;;;;
2022-06-03 22:00:00;598.0890547845888;1000.0;;270.0;;;;
2022-06-03 23:00:00;580.9219181575713;1000.0;;270.0;;;;
2022-06-04 00:00:00;603.6126497781443;1000.0;;270.0;;;;
2022-06-04 01:00:00;521.8799337014167;1000.0;;270.0;;;;
2022-06-04 02:00:00;526.3382928212301;1000.0;;270.0;;;;
2022-06-04 03:00:00;660.5610805527901;1000.0;;270.0;;;;
2022-06-04 04:00:00;582.4685497670796;1000.0;;270.0;;;;
2022-06-04 05:00:00;468.1095762755698;1000.0;;270.0;;;;
2022-06-04 06:00:00;470.8406678058477;1000.0;;270.0;;;;
2022-06-04 07:00:00;526.9128418694944;1000.0;;270.0;;;;
2022-06-04 08:00:00;474.2098711509008;1000.0;;270.0;;;;
2022-06-04 09:00:00;641.3941423970477;1000.0;;270.0;;;;
2022-06-04 10:00:00;627.5354060205949;1000.0;;270.0;;;;
2022-06-04 11:00:00;595.9339995508846;1000.0;;270.0;;;;
2022-06-04 12:00:00;606.7743538969572;1000.0;;270.0;;;;
2022-06-04 13:00:00;495.770667647006;1000.0;;270.0;;;;
2022-06-04 14:00:00;617.1155395521224;1000.0;;270.0;;;;
2022-06-04 15:00:00;574.1167061034336;1000.0;;270.0;;;;
2022-06-04 16:00:00;491.5197456621538;1000.0;;270.0;;;;
2022-06-04 17:00:00;500.6628616205077;1000.0;;270.0;;;;
2022-06-04 18:00:00;525.0657399145024;1000.0;;270.0;;;;
2022-06-04 19:00:00;492.4522000763917;1000.0;;270.0;;;;
2022-06-04 20:00:00;484.0486821765096;1000.0;;270.0;;;;
2022-06-04 21:00:00;564.2954416731446;1000.0;;270.0;;;;
2022-06-04 22:00:00;612.1425868680494;1000.0;;270.0;;;;
2022-06-04 23:00:00;600.558113596295;1000.0;;270.0;;;;
2022-06-05 00:00:00;568.4674515472858;1000.0;;270.0;;;;
2022-06-05 01:00:00;660.3706509109257;1000.0;;270.0;;;;
2022-06-05 02:00:00;552.0347697096532;1000.0;;270.0;;;;
2022-06-05 03:00:00;530.2509708403128;1000.0;;270.0;;;;
2022-06-05 04:00:00;484.3213158002931;1000.0;;270.0;;;;
2022-06-05 05:00:00;602.981464031628;1000.0;;270.0;;;;
2022-06-05 06:00:00;691.8285004698993;1000.0;;270.0;;;;
2022-06-05 07:00:00;690.9879473103254;1000.0;;270.0;;;;
2022-06-05 08:00:00;536.1423204788518;1000.0;;270.0;;;;
2022-06-05 09:00:00;618.0056864083082;1000.0;;270.0;;;;
2022-06-05 10:00:00;589.1369505752532;1000.0;;270.0;;;;
2022-06-05 11:00:00;532.5032380051325;1000.0;;270.0;;;;
2022-06-05 12:00:00;466.5372365859632;1000.0;;270.0;;;;
2022-06-05 13:00:00;503.9547904134753;1000.0;;270.0;;;;
2022-06-05 14:00:00;561.2954034006327;1000.0;;270.0;;;;
2022-06-05 15:00:00;580.9804013883902;1000.0;;270.0;;;;
2022-06-05 16:00:00;529.4041338486971;1000.0;;270.0;;;;
2022-06-05 17:00:00;579.7015171601961;1000.0;;270.0;;;;
2022-06-05 18:00:00;585.9493610335154;1000.0;;270.0;;;;
2022-06-05 19:00:00;563.2996381709252;1000.0;;270.0;;;;
2022-06-05 20:00:00;597.1207102245853;1000.0;;270.0;;;;
2022-06-05 21:00:00;551.4977551059778;1000.0;;270.0;;;;
2022-06-05 22:00:00;589.8219091925893;1000.0;;270.0;;;;
2022-06-05 23:00:00;586.4094500791095;1000.0;;270.0;;;;
2022-06-06 00:00:00;573.2133131712221;1000.0;;270.0;;;;
2022-06-06 01:00:00;642.4351893243368;1000.0;;270.0;;;;
2022-06-06 02:00:00;519.670628828857;1000.0;;270.0;;;;
2022-06-06 03:00:00;596.855137558049;1000.0;;270.0;;;;
2022-06-06 04:00:00;655.3041972515058;1000.0;;270.0;;;;
2022-06-06 05:00:00;670.0735071928889;1000.0;;270.0;;;;
2022-06-06 06:00:00;576.7777549998818;1000.0;;270.0;;;;
2022-06-06 07:00:00;530.5757556458364;1000.0;;270.0;;;;
2022-06-06 08:00:00;540.6098149519117;1000.0;;270.0;;;;
2022-06-06 09:00:00;573.0732211007602;1000.0;;270.0;;;;
2022-06-06 10:00:00;665.2845158155465;1000.0;;270.0;;;;
2022-06-06 11:00:00;535.3344002748672;1000.0;;270.0;;;;
2022-06-06 12:00:00;586.582224404348;1000.0;;270.0;;;;
2022-06-06 13:00:00;556.8553407376585;1000.0;;270.0;;;;
2022-06-06 14:00:00;596.5563032025846;1000.0;;270.0;;;;
2022-06-06 15:00:00;602.4239246848451;1000.0;;270.0;;;;
2022-06-06 16:00:00;617.8230632993386;1000.0;;270.0;;;;
2022-06-06 17:00:00;560.8366333327583;1000.0;;270.0;;;;
2022-06-06 18:00:00;674.110831428806;1000.0;;270.0;;;;
2022-06-06 19:00:00;509.4542551633978;1000.0;;270.0;;;;
2022-06-06 20:00:00;538.0655743843096;1000.0;;270.0;;;;
2022-06-06 21:00:00;518.6302719290496;1000.0;;270.0;;;;
2022-06-06 22:00:00;504.6247373489987;1000.0;;270.0;;;;
2022-06-06 23:00:00;691.9116993537086;1000.0;;270.0;;;;
2022-06-07 00:00:00;452.3673624071936;1000.0;;270.0;;;;
2022-06-07 01:00:00;557.7516582940021;1000.0;;270.0;;;;
2022-06-07 02:00:00;562.9717510342558;1000.0;;270.0;;;;
2022-06-07 03:00:00;460.7482790806024;1000.0;;270.0;;;;
2022-06-07 04:00:00;583.3815108553079;1000.0;;270.0;;;;
2022-06-07 05:00:00;499.907476645013;1000.0;;270.0;;;;
2022-06-07 06:00:00;645.3058127350981;1000.0;;270.0;;;;
2022-06-07 07:00:00;580.9964569965703;1000.0;;270.0;;;;
2022-06-07 08:00:00;601.4542944703855;1000.0;;270.0;;;;
2022-06-07 09:00:00;665.4036912774177;1000.0;;270.0;;;;
2022-06-07 10:00:00;587.8807435889712;1000.0;;270.0;;;;
2022-06-07 11:00:00;477.2201903590671;1000.0;;270.0;;;;
2022-06-07 12:00:00;572.0883711303071;1000.0;;270.0;;;;
2022-06-07 13:00:00;553.0482068369298;1000.0;;270.0;;;;
2022-06-07 14:00:00;565.569560602172;1000.0;;270.0;;;;
2022-06-07 15:00:00;612.008146091045;1000.0;;270.0;;;;
2022-06-07 16:00:00;503.0940933647038;1000.0;;270.0;;;;
2022-06-07 17:00:00;500.5611952581538;1000.0;;270.0;;;;
2022-06-07 18:00:00;609.3298060499385;1000.0;;270.0;;;;
2022-06-07 19:00:00;583.8123946009322;1000.0;;270.0;;;;
2022-06-07 20:00:00;530.1501015996238;1000.0;;270.0;;;;
2022-06-07 21:00:00;592.3307760149693;1000.0;;270.0;;;;
2022-06-07 22:00:00;575.0838186401229;1000.0;;270.0;;;;
2022-06-07 23:00:00;517.3215548137129;1000.0;;270.0;;;;
2022-06-08 00:00:00;533.3125718539591;1000.0;;270.0;;;;
2022-06-08 01:00:00;643.6791553791961;1000.0;;270.0;;;;
2022-06-08 02:00:00;571.3842002388759;1000.0;;270.0;;;;
2022-06-08 03:00:00;600.476483482766;1000.0;;270.0;;;;
2022-06-08 04:00:00;577.7501611872111;1000.0;;270.0;;;;
2022-06-08 05:00:00;439.1025673606972;1000.0;;270.0;;;;
2022-06-08 06:00:00;507.6161405369678;1000.0;;270.0;;;;
2022-06-08 07:00:00;695.7137763496826;1000.0;;270.0;;;;
2022-06-08 08:00:00;526.8134487986284;1000.0;;270.0;;;;
2022-06-08 09:00:00;567.9547534671597;1000.0;;270.0;;;;
2022-06-08 10:00:00;639.5339177217957;1000.0;;270.0;;;;
2022-06-08 11:00:00;616.3298588567967;1000.0;;270.0;;;;
2022-06-08 12:00:00;659.6234797869781;1000.0;;270.0;;;;
2022-06-08 13:00:00;642.6112842167903;1000.0;;270.0;;;;
2022-06-08 14:00:00;494.2930830905881;1000.0;;270.0;;;;
2022-06-08 15:00:00;453.1626197766539;1000.0;;270.0;;;;
2022-06-08 16:00:00;698.1284365004561;1000.0;;270.0;;;;
2022-06-08 17:00:00;519.4824566276404;1000.0;;270.0;;;;
2022-06-08 18:00:00;608.2886018860507;1000.0;;270.0;;;;
2022-06-08 19:00:00;610.8006850184927;1000.0;;270.0;;;;
2022-06-08 20:00:00;560.1006423408119;1000.0;;270.0;;;;
2022-06-08 21:00:00;607.9799115665312;1000.0;;270.0;;;;
2022-06-08 22:00:00;637.028299604377;1000.0;;270.0;;;;
2022-06-08 23:00:00;532.0117081122773;1000.0;;270.0;;;;
2022-06-09 00:00:00;709.2395345565935;1000.0;;270.0;;;;
2022-06-09 01:00:00;601.0420166206163;1000.0;;270.0;;;;
2022-06-09 02:00:00;566.7395267137641;1000.0;;270.0;;;;
2022-06-09 03:00:00;634.2115571487934;1000.0;;270.0;;;;
2022-06-09 04:00:00;554.5950232236316;1000.0;;270.0;;;;
2022-06-09 05:00:00;504.8861489166736;1000.0;;270.0;;;;
2022-06-09 06:00:00;668.4426672623847;1000.0;;270.0;;;;
2022-06-09 07:00:00;495.7333163714327;1000.0;;270.0;;;;
2022-06-09 08:00:00;585.0345767324098;1000.0;;270.0;;;;
2022-06-09 09:00:00;568.9538975750849;1000.0;;270.0;;;;
2022-06-09 10:00:00;609.1952340235933;1000.0;;270.0;;;;
2022-06-09 11:00:00;599.1608371348606;1000.0;;270.0;;;;
2022-06-09 12:00:00;600.8020713790769;1000.0;;270.0;;;;
2022-06-09 13:00:00;587.8858841351735;1000.0;;270.0;;;;
2022-06-09 14:00:00;604.3392753021617;1000.0;;270.0;;;;
2022-06-09 15:00:00;561.794741850586;1000.0;;270.0;;;;
2022-06-09 16:00:00;667.8096050727281;1000.0;;270.0;;;;
2022-06-09 17:00:00;615.2825569862506;1000.0;;270.0;;;;
2022-06-09 18:00:00;589.6009003369616;1000.0;;270.0;;;;
2022-06-09 19:00:00;425.8383964401713;1000.0;;270.0;;;;
2022-06-09 20:00:00;529.5991436570092;1000.0;;270.0;;;;
2022-06-09 21:00:00;643.8076563283922;1000.0;;270.0;;;;
2022-06-09 22:00:00;671.296376598178;1000.0;;270.0;;;;
2022-06-09 23:00:00;575.4733892981867;1000.0;;270.0;;;;
2022-06-10 00:00:00;542.0770480037097;1000.0;;270.0;;;;
2022-06-10 01:00:00;556.733652453916;1000.0;;270.0;;;;
2022-06-10 02:00:00;644.1611149229167;1000.0;;270.0;;;;
2022-06-10 03:00:00;584.387541499988;1000.0;;270.0;;;;
2022-06-10 04:00:00;480.6743951828419;1000.0;;270.0;;;;
2022-06-10 05:00:00;540.2075259111123;1000.0;;270.0;;;;
2022-06-10 06:00:00;535.916172798313;1000.0;;270.0;;;;
2022-06-10 07:00:00;677.6178957066784;1000.0;;270.0;;;;
2022-06-10 08:00:00;472.1039636041959;1000.0;;270.0;;;;
2022-06-10 09:00:00;524.0399700850134;1000.0;;270.0;;;;
2022-06-10 10:00:00;538.2376576274723;1000.0;;270.0;;;;
2022-06-10 11:00:00;621.1379901305671;1000.0;;270.0;;;;
2022-06-10 12:00:00;546.215254357931;1000.0;;270.0;;;;
2022-06-10 13:00:00;683.2124217036654;1000.0;;270.0;;;;
2022-06-10 14:00:00;538.9922642134175;1000.0;;270.0;;;;
2022-06-10 15:00:00;592.2700368981937;1000.0;;270.0;;;;
2022-06-10 16:00:00;569.0642710490946;1000.0;;270.0;;;;
2022-06-10 17:00:00;553.9383070202256;1000.0;;270.0;;;;
2022-06-10 18:00:00;514.7170012736806;1000.0;;270.0;;;;
2022-06-10 19:00:00;570.8238976040624;1000.0;;270.0;;;;
2022-06-10 20:00:00;568.212747200137;1000.0;;270.0;;;;
2022-06-10 21:00:00;616.9954229046166;1000.0;;270.0;;;;
2022-06-10 22:00:00;626.4726053159694;1000.0;;270.0;;;;
2022-06-10 23:00:00;571.5593416877708;1000.0;;270.0;;;;
2022-06-11 00:00:00;591.3359464640239;1000.0;;270.0;;;;
2022-06-11 01:00:00;524.3857025538065;1000.0;;270.0;;;;
2022-06-11 02:00:00;553.4183499751136;1000.0;;270.0;;;;
2022-06-11 03:00:00;523.5010362640166;1000.0;;270.0;;;;
2022-06-11 04:00:00;464.4087343048858;1000.0;;270.0;;;;
2022-06-11 05:00:00;723.2447898040393;1000.0;;270.0;;;;
2022-06-11 06:00:00;517.2220354784515;1000.0;;270.0;;;;
2022-06-11 07:00:00;520.6278749601573;1000.0;;270.0;;;;
2022-06-11 08:00:00;635.0531914436584;1000.0;;270.0;;;;
2022-06-11 09:00:00;548.9547405995555;1000.0;;270.0;;;;
2022-06-11 10:00:00;664.9933482335716;1000.0;;270.0;;;;
2022-06-11 11:00:00;654.8188339779998;1000.0;;270.0;;;;
2022-06-11 12:00:00;540.5454724862643;1000.0;;270.0;;;;
2022-06-11 13:00:00;696.2010838327667;1000.0;;270.0;;;;
2022-06-11 14:00:00;596.5928284245508;1000.0;;270.0;;;;
2022-06-11 15:00:00;460.665117543553;1000.0;;270.0;;;;
2022-06-11 16:00:00;566.364666730716;1000.0;;270.0;;;;
2022-06-11 17:00:00;620.9540543303727;1000.0;;270.0;;;;
2022-06-11 18:00:00;590.9285017253269;1000.0;;270.0;;;;
2022-06-11 19:00:00;587.7370028154422;1000.0;;270.0;;;;
2022-06-11 20:00:00;499.9125733043975;1000.0;;270.0;;;;
2022-06-11 21:00:00;547.2217456670153;1000.0;;270.0;;;;
2022-06-11 22:00:00;484.1188357576952;1000.0;;270.0;;;;
2022-06-11 23:00:00;533.1945114574416;1000.0;;270.0;;;;
2022-06-12 00:00:00;499.7425938073441;1000.0;;270.0;;;;
2022-06-12 01:00:00;612.7250675198544;1000.0;;270.0;;;;
2022-06-12 02:00:00;585.4080935866225;1000.0;;270.0;;;;
2022-06-12 03:00:00;591.0648883872553;1000.0;;270.0;;;;
2022-06-12 04:00:00;631.2475030921444;1000.0;;270.0;;;;
2022-06-12 05:00:00;574.6176082722748;1000.0;;270.0;;;;
2022-06-12 06:00:00;558.3420004018423;1000.0;;270.0;;;;
2022-06-12 07:00:00;606.6172108717107;1000.0;;270.0;;;;
2022-06-12 08:00:00;556.6093451424559;1000.0;;270.0;;;;
2022-06-12 09:00:00;498.2127680507382;1000.0;;270.0;;;;
2022-06-12 10:00:00;642.756468926006;1000.0;;270.0;;;;
2022-06-12 11:00:00;586.6732517494814;1000.0;;270.0;;;;
2022-06-12 12:00:00;623.398944403859;1000.0;;270.0;;;;
2022-06-12 13:00:00;559.5189771794696;1000.0;;270.0;;;;
2022-06-12 14:00:00;615.7159181013424;1000.0;;270.0;;;;
2022-06-12 15:00:00;627.6264046312212;1000.0;;270.0;;;;
2022-06-12 16:00:00;460.5536624895624;1000.0;;270.0;;;;
2022-06-12 17:00:00;563.7823489615907;1000.0;;270.0;;;;
2022-06-12 18:00:00;571.6034523049481;1000.0;;270.0;;;;
2022-06-12 19:00:00;554.5642254330934;1000.0;;270.0;;;;
2022-06-12 20:00:00;545.6631327250508;1000.0;;270.0;;;;
2022-06-12 21:00:00;608.3179811295154;1000.0;;270.0;;;;
2022-06-12 22:00:00;615.7871465360143;1000.0;;270.0;;;;
2022-06-12 23:00:00;584.731262731859;1000.0;;270.0;;;;
2022-06-13 00:00:00;587.7647311748484;1000.0;;270.0;;;;
2022-06-13 01:00:00;660.6780099552298;1000.0;;270.0;;;;
2022-06-13 02:00:00;537.2384665552275;1000.0;;270.0;;;;
2022-06-13 03:00:00;578.0035893725701;1000.0;;270.0;;;;
2022-06-13 04:00:00;493.8983947314779;1000.0;;270.0;;;;
2022-06-13 05:00:00;619.688210746402;1000.0;;270.0;;;;
2022-06-13 06:00:00;584.5738836354672;1000.0;;270.0;;;;
2022-06-13 07:00:00;589.8345747597399;1000.0;;270.0;;;;
2022-06-13 08:00:00;613.6828368860664;1000.0;;270.0;;;;
2022-06-13 09:00:00;564.570797810228;1000.0;;270.0;;;;
2022-06-13 10:00:00;584.7199317391211;1000.0;;270.0;;;;
2022-06-13 11:00:00;511.7390183073047;1000.0;;270.0;;;;
2022-06-13 12:00:00;562.3352877121554;1000.0;;270.0;;;;
2022-06-13 13:00:00;570.5895520210108;1000.0;;270.0;;;;
2022-06-13 14:00:00;561.1266793121689;1000.0;;270.0;;;;
2022-06-13 15:00:00;543.9102975422994;1000.0;;270.0;;;;
2022-06-13 16:00:00;602.1636918704944;1000.0;;270.0;;;;
2022-06-13 17:00:00;481.6110635617694;1000.0;;270.0;;;;
2022-06-13 18:00:00;652.0973730485989;1000.0;;270.0;;;;
2022-06-13 19:00:00;623.521418822613;1000.0;;270.0;;;;
2022-06-13 20:00:00;525.6816936738768;1000.0;;270.0;;;;
2022-06-13 21:00:00;550.2997107642483;1000.0;;270.0;;;;
2022-06-13 22:00:00;666.4124349975677;1000.0;;270.0;;;;
2022-06-13 23:00:00;760.41439534299;1000.0;;270.0;;;;
2022-06-14 00:00:00;656.4394029780989;1000.0;;270.0;;;;
2022-06-14 01:00:00;422.0798577522856;1000.0;;270.0;;;;
2022-06-14 02:00:00;593.2667295991346;1000.0;;270.0;;;;
2022-06-14 03:00:00;565.3144314879435;1000.0;;270.0;;;;
2022-06-14 04:00:00;521.5614107917764;1000.0;;270.0;;;;
2022-06-14 05:00:00;601.3079193171793;1000.0;;270.0;;;;
2022-06-14 06:00:00;530.5102180212865;1000.0;;270.0;;;;
2022-06-14 07:00:00;564.4929886517947;1000.0;;270.0;;;;
2022-06-14 08:00:00;565.0757051460293;1000.0;;270.0;;;;
2022-06-14 09:00:00;600.0355044281417;1000.0;;270.0;;;;
2022-06-14 10:00:00;543.810372933034;1000.0;;270.0;;;;
2022-06-14 11:00:00;536.683217851519;1000.0;;270.0;;;;
2022-06-14 12:00:00;486.9111008876464;1000.0;;270.0;;;;
2022-06-14 13:00:00;589.5367496190959;1000.0;;270.0;;;;
2022-06-14 14:00:00;576.7911826510924;1000.0;;270.0;;;;
2022-06-14 15:00:00;525.4110991981062;1000.0;;270.0;;;;
2022-06-14 16:00:00;672.7509198829366;1000.0;;270.0;;;;
2022-06-14 17:00:00;656.0843250020065;1000.0;;270.0;;;;
2022-06-14 18:00:00;646.3816483736022;1000.0;;270.0;;;;
2022-06-14 19:00:00;650.3558912757737;1000.0;;270.0;;;;
2022-06-14 20:00:00;616.9045000310754;1000.0;;270.0;;;;
2022-06-14 21:00:00;412.549800468795;1000.0;;270.0;;;;
2022-06-14 22:00:00;572.0503205028456;1000.0;;270.0;;;;
2022-06-14 23:00:00;554.4557384786041;1000.0;;270.0;;;;
2022-06-15 00:00:00;626.4819055800147;1000.0;;270.0;;;;
2022-06-15 01:00:00;613.9943640833905;1000.0;;270.0;;;;
2022-06-15 02:00:00;610.2669047022983;1000.0;;270.0;;;;
2022-06-15 03:00:00;499.9210532682542;1000.0;;270.0;;;;
2022-06-15 04:00:00;543.1020709272957;1000.0;;270.0;;;;
2022-06-15 05:00:00;604.2717020935289;1000.0;;270.0;;;;
2022-06-15 06:00:00;525.7174810497754;1000.0;;270.0;;;;
2022-06-15 07:00:00;602.2286752966535;1000.0;;270.0;;;;
2022-06-15 08:00:00;606.4190424685347;1000.0;;270.0;;;;
2022-06-15 09:00:00;536.6622917966824;1000.0;;270.0;;;;
2022-06-15 10:00:00;623.5983422982457;1000.0;;270.0;;;;
2022-06-15 11:00:00;594.7901309107696;1000.0;;270.0;;;;
2022-06-15 12:00:00;670.1929198337898;1000.0;;270.0;;;;
2022-06-15 13:00:00;514.6634740622778;1000.0;;270.0;;;;
2022-06-15 14:00:00;604.3701851386319;1000.0;;270.0;;;;
2022-06-15 15:00:00;541.9086224274911;1000.0;;270.0;;;;
2022-06-15 16:00:00;612.1779090407015;1000.0;;270.0;;;;
2022-06-15 17:00:00;616.4059022469272;1000.0;;270.0;;;;
2022-06-15 18:00:00;479.6997377065489;1000.0;;270.0;;;;
2022-06-15 19:00:00;515.7810983193832;1000.0;;270.0;;;;
2022-06-15 20:00:00;682.8298408440384;1000.0;;270.0;;;;
2022-06-15 21:00:00;615.9460443469455;1000.0;;270.0;;;;
2022-06-15 22:00:00;483.6251384056385;1000.0;;270.0;;;;
2022-06-15 23:00:00;587.7471522868188;1000.0;;270.0;;;;
2022-06-16 00:00:00;591.8555724524391;1000.0;;270.0;;;;
2022-06-16 01:00:00;626.7871889209819;1000.0;;270.0;;;;
2022-06-16 02:00:00;635.6484828041732;1000.0;;270.0;;;;
2022-06-16 03:00:00;647.873254125613;1000.0;;270.0;;;;
2022-06-16 04:00:00;558.5292016055706;1000.0;;270.0;;;;
2022-06-16 05:00:00;572.2565657727451;1000.0;;270.0;;;;
2022-06-16 06:00:00;516.5083401797076;1000.0;;270.0;;;;
2022-06-16 07:00:00;529.9974289183826;1000.0;;270.0;;;;
2022-06-16 08:00:00;529.8560152552742;1000.0;;270.0;;;;
2022-06-16 09:00:00;598.9661429712162;1000.0;;270.0;;;;
2022-06-16 10:00:00;579.993393782415;1000.0;;270.0;;;;
2022-06-16 11:00:00;500.3091254336252;1000.0;;270.0;;;;
2022-06-16 12:00:00;512.4685583080098;1000.0;;270.0;;;;
2022-06-16 13:00:00;589.3435501928249;1000.0;;270.0;;;;
2022-06-16 14:00:00;436.8057833174935;1000.0;;270.0;;;;
2022-06-16 15:00:00;564.4325916843455;1000.0;;270.0;;;;
2022-06-16 16:00:00;479.5928553196002;1000.0;;270.0;;;;
2022-06-16 17:00:00;473.4424473813756;1000.0;;270.0;;;;
2022-06-16 18:00:00;561.566074815434;1000.0;;270.0;;;;
2022-06-16 19:00:00;594.3308568282614;1000.0;;270.0;;;;
2022-06-16 20:00:00;450.6011970060314;1000.0;;270.0;;;;
2022-06-16 21:00:00;585.5891386750757;1000.0;;270.0;;;;
2022-06-16 22:00:00;540.6342788082155;1000.0;;270.0;;;;
2022-06-16 23:00:00;515.2068774613331;1000.0;;270.0;;;;
2022-06-17 00:00:00;586.9692244729077;1000.0;;270.0;;;;
2022-06-17 01:00:00;669.8270635759684;1000.0;;270.0;;;;
2022-06-17 02:00:00;520.4336482963031;1000.0;;270.0;;;;
2022-06-17 03:00:00;508.9197772408585;1000.0;;270.0;;;;
2022-06-17 04:00:00;636.6956936931953;1000.0;;270.0;;;;
2022-06-17 05:00:00;525.2493853423334;1000.0;;270.0;;;;
2022-06-17 06:00:00;550.2340474164286;1000.0;;270.0;;;;
2022-06-17 07:00:00;535.1775610853236;1000.0;;270.0;;;;
2022-06-17 08:00:00;463.505589700232;1000.0;;270.0;;;;
2022-06-17 09:00:00;619.703247899863;1000.0;;270.0;;;;
2022-06-17 10:00:00;496.7343209134632;1000.0;;270.0;;;;
2022-06-17 11:00:00;491.3292703907051;1000.0;;270.0;;;;
2022-06-17 12:00:00;606.8424456838416;1000.0;;270.0;;;;
2022-06-17 13:00:00;530.134820053809;1000.0;;270.0;;;;
2022-06-17 14:00:00;588.977464563417;1000.0;;270.0;;;;
2022-06-17 15:00:00;506.5008250633545;1000.0;;270.0;;;;
2022-06-17 16:00:00;534.7219565564669;1000.0;;270.0;;;;
2022-06-17 17:00:00;662.6992464428874;1000.0;;270.0;;;;
2022-06-17 18:00:00;456.1652351028484;1000.0;;270.0;;;;
2022-06-17 19:00:00;527.7997674861434;1000.0;;270.0;;;;
2022-06-17 20:00:00;525.3468379691647;1000.0;;270.0;;;;
2022-06-17 21:00:00;509.5257434669857;1000.0;;270.0;;;;
2022-06-17 22:00:00;499.3763720386216;1000.0;;270.0;;;;
2022-06-17 23:00:00;579.0788375347568;1000.0;;270.0;;;;
2022-06-18 00:00:00;676.9342220435886;1000.0;;270.0;;;;
2022-06-18 01:00:00;561.7730433630428;1000.0;;270.0;;;;
2022-06-18 02:00:00;523.7910660335951;1000.0;;270.0;;;;
2022-06-18 03:00:00;557.4966030223463;1000.0;;270.0;;;;
2022-06-18 04:00:00;610.7332932515134;1000.0;;270.0;;;;
2022-06-18 05:00:00;731.261344329938;1000.0;;270.0;;;;
2022-06-18 06:00:00;578.3202235985223;1000.0;;270.0;;;;
2022-06-18 07:00:00;655.3947594449371;1000.0;;270.0;;;;
2022-06-18 08:00:00;561.8533475558884;1000.0;;270.0;;;;
2022-06-18 09:00:00;586.370066805569;1000.0;;270.0;;;;
2022-06-18 10:00:00;529.0910735337364;1000.0;;270.0;;;;
2022-06-18 11:00:00;559.0122453714688;1000.0;;270.0;;;;
2022-06-18 12:00:00;491.1021301938788;1000.0;;270.0;;;;
2022-06-18 13:00:00;532.133538800881;1000.0;;270.0;;;;
2022-06-18 14:00:00;471.6889771565095;1000.0;;270.0;;;;
2022-06-18 15:00:00;649.3472377617697;1000.0;;270.0;;;;
2022-06-18 16:00:00;652.758582805564;1000.0;;270.0;;;;
2022-06-18 17:00:00;465.714088915484;1000.0;;270.0;;;;
2022-06-18 18:00:00;620.7847010729722;1000.0;;270.0;;;;
2022-06-18 19:00:00;599.0703056536732;1000.0;;270.0;;;;
2022-06-18 20:00:00;539.709425418925;1000.0;;270.0;;;;
2022-06-18 21:00:00;542.1899300214774;1000.0;;270.0;;;;
2022-06-18 22:00:00;601.5508646633311;1000.0;;270.0;;;;
2022-06-18 23:00:00;601.1482776654644;1000.0;;270.0;;;;
2022-06-19 00:00:00;518.5489738937518;1000.0;;270.0;;;;
2022-06-19 01:00:00;491.3671876037324;1000.0;;270.0;;;;
2022-06-19 02:00:00;651.9309440979494;1000.0;;270.0;;;;
2022-06-19 03:00:00;548.74776028417;1000.0;;270.0;;;;
2022-06-19 04:00:00;511.240738555247;1000.0;;270.0;;;;
2022-06-19 05:00:00;548.4351889077392;1000.0;;270.0;;;;
2022-06-19 06:00:00;449.093416068069;1000.0;;270.0;;;;
2022-06-19 07:00:00;621.6076019641307;1000.0;;270.0;;;;
2022-06-19 08:00:00;610.7994061862852;1000.0;;270.0;;;;
2022-06-19 09:00:00;624.1109470406806;1000.0;;270.0;;;;
2022-06-19 10:00:00;543.7970341352502;1000.0;;270.0;;;;
2022-06-19 11:00:00;594.0243554094374;1000.0;;270.0;;;;
2022-06-19 12:00:00;611.7862245512599;1000.0;;270.0;;;;
2022-06-19 13:00:00;525.2197160981564;1000.0;;270.0;;;;
2022-06-19 14:00:00;456.8359053290586;1000.0;;270.0;;;;
2022-06-19 15:00:00;579.4678327308875;1000.0;;270.0;;;;
2022-06-19 16:00:00;597.1603396416283;1000.0;;270.0;;;;
2022-06-19 17:00:00;577.5953249763511;1000.0;;270.0;;;;
2022-06-19 18:00:00;585.0376648031232;1000.0;;270.0;;;;
2022-06-19 19:00:00;575.3797451086324;1000.0;;270.0;;;;
2022-06-19 20:00:00;592.3532917390539;1000.0;;270.0;;;;
2022-06-19 21:00:00;546.2020365240638;1000.0;;270.0;;;;
2022-06-19 22:00:00;460.6853109140462;1000.0;;270.0;;;;
2022-06-19 23:00:00;670.635019353643;1000.0;;270.0;;;;
2022-06-20 00:00:00;624.940842147159;1000.0;;270.0;;;;
2022-06-20 01:00:00;478.978571519436;1000.0;;270.0;;;;
2022-06-20 02:00:00;601.0369023604287;1000.0;;270.0;;;;
2022-06-20 03:00:00;441.735908127881;1000.0;;270.0;;;;
2022-06-20 04:00:00;521.7132716718143;1000.0;;270.0;;;;
2022-06-20 05:00:00;552.9603512930732;1000.0;;270.0;;;;
2022-06-20 06:00:00;541.9804192513025;1000.0;;270.0;;;;
2022-06-20 07:00:00;546.0679937634305;1000.0;;270.0;;;;
2022-06-20 08:00:00;650.6717645962808;1000.0;;270.0;;;;
2022-06-20 09:00:00;552.3739638938081;1000.0;;270.0;;;;
2022-06-20 10:00:00;522.839022821851;1000.0;;270.0;;;;
2022-06-20 11:00:00;667.5068386732117;1000.0;;270.0;;;;
2022-06-20 12:00:00;602.270344749308;1000.0;;270.0;;;;
2022-06-20 13:00:00;580.0778548182869;1000.0;;270.0;;;;
2022-06-20 14:00:00;534.1716962905316;1000.0;;270.0;;;;
2022-06-20 15:00:00;557.4690566656985;1000.0;;270.0;;;;
2022-06-20 16:00:00;621.5209025440322;1000.0;;270.0;;;;
2022-06-20 17:00:00;527.0596596122176;1000.0;;270.0;;;;
2022-06-20 18:00:00;639.6969644393492;1000.0;;270.0;;;;
2022-06-20 19:00:00;488.6693688967658;1000.0;;270.0;;;;
2022-06-20 20:00:00;518.4009544288473;1000.0;;270.0;;;;
2022-06-20 21:00:00;544.4971721360425;1000.0;;270.0;;;;
2022-06-20 22:00:00;509.6322082928822;1000.0;;270.0;;;;
2022-06-20 23:00:00;612.7117693134779;1000.0;;270.0;;;;
2022-06-21 00:00:00;656.7851861952427;1000.0;;270.0;;;;
2022-06-21 01:00:00;574.1178881574169;1000.0;;270.0;;;;
2022-06-21 02:00:00;608.3563486276739;1000.0;;270.0;;;;
2022-06-21 03:00:00;566.5707688747744;1000.0;;270.0;;;;
2022-06-21 04:00:00;580.9824480978083;1000.0;;270.0;;;;
2022-06-21 05:00:00;641.1135786209028;1000.0;;270.0;;;;
2022-06-21 06:00:00;584.7455950198333;1000.0;;270.0;;;;
2022-06-21 07:00:00;517.1576779039925;1000.0;;270.0;;;;
2022-06-21 08:00:00;640.8479151559152;1000.0;;270.0;;;;
2022-06-21 09:00:00;567.7252593074885;1000.0;;270.0;;;;
2022-06-21 10:00:00;574.1015052570658;1000.0;;270.0;;;;
2022-06-21 11:00:00;603.6223243441474;1000.0;;270.0;;;;
2022-06-21 12:00:00;600.8630918510241;1000.0;;270.0;;;;
2022-06-21 13:00:00;559.5978037579467;1000.0;;270.0;;;;
2022-06-21 14:00:00;501.6350677835039;1000.0;;270.0;;;;
2022-06-21 15:00:00;568.0299287356662;1000.0;;270.0;;;;
2022-06-21 16:00:00;498.7853274231134;1000.0;;270.0;;;;
2022-06-21 17:00:00;482.0355642891536;1000.0;;270.0;;;;
2022-06-21 18:00:00;550.6103149592083;1000.0;;270.0;;;;
2022-06-21 19:00:00;678.2331689541224;1000.0;;270.0;;;;
2022-06-21 20:00:00;675.6428242596345;1000.0;;270.0;;;;
2022-06-21 21:00:00;623.7706481791689;1000.0;;270.0;;;;
2022-06-21 22:00:00;534.7894578583762;1000.0;;270.0;;;;
2022-06-21 23:00:00;484.2942217345191;1000.0;;270.0;;;;
2022-06-22 00:00:00;494.2308842390866;1000.0;;270.0;;;;
2022-06-22 01:00:00;566.542222809448;1000.0;;270.0;;;;
2022-06-22 02:00:00;599.1361649743112;1000.0;;270.0;;;;
2022-06-22 03:00:00;548.649041810509;1000.0;;270.0;;;;
2022-06-22 04:00:00;561.1874017573658;1000.0;;270.0;;;;
2022-06-22 05:00:00;559.4521818432125;1000.0;;270.0;;;;
2022-06-22 06:00:00;596.9897672874675;1000.0;;270.0;;;;
2022-06-22 07:00:00;636.5027021992712;1000.0;;270.0;;;;
2022-06-22 08:00:00;537.9322846480101;1000.0;;270.0;;;;
2022-06-22 09:00:00;640.7551791018417;1000.0;;270.0;;;;
2022-06-22 10:00:00;578.6274098000155;1000.0;;270.0;;;;
2022-06-22 11:00:00;574.3871831504886;1000.0;;270.0;;;;
2022-06-22 12:00:00;546.1104510189482;1000.0;;270.0;;;;
2022-06-22 13:00:00;584.6814429800384;1000.0;;270.0;;;;
2022-06-22 14:00:00;511.0547638677433;1000.0;;270.0;;;;
2022-06-22 15:00:00;588.5708526377603;1000.0;;270.0;;;;
2022-06-22 16:00:00;486.8222047997169;1000.0;;270.0;;;;
2022-06-22 17:00:00;487.7386190248859;1000.0;;270.0;;;;
2022-06-22 18:00:00;525.6375798391744;1000.0;;270.0;;;;
2022-06-22 19:00:00;524.9581367559837;1000.0;;270.0;;;;
2022-06-22 20:00:00;540.3451726544614;1000.0;;270.0;;;;
2022-06-22 21:00:00;646.6766726735874;1000.0;;270.0;;;;
2022-06-22 22:00:00;479.2419994043912;1000.0;;270.0;;;;
2022-06-22 23:00:00;569.2171472535849;1000.0;;270.0;;;;
2022-06-23 00:00:00;571.2754335306036;1000.0;;270.0;;;;
2022-06-23 01:00:00;594.45106523198;1000.0;;270.0;;;;
2022-06-23 02:00:00;646.710287325211;1000.0;;270.0;;;;
2022-06-23 03:00:00;563.7042163399028;1000.0;;270.0;;;;
2022-06-23 04:00:00;492.6635363174751;1000.0;;270.0;;;;
2022-06-23 05:00:00;596.7055537997247;1000.0;;270.0;;;;
2022-06-23 06:00:00;545.5256974640552;1000.0;;270.0;;;;
2022-06-23 07:00:00;540.7130866139352;1000.0;;270.0;;;;
2022-06-23 08:00:00;687.1995087877899;1000.0;;270.0;;;;
2022-06-23 09:00:00;488.1771108559564;1000.0;;270.0;;;;
2022-06-23 10:00:00;682.3784490360082;1000.0;;270.0;;;;
2022-06-23 11:00:00;563.1459014562229;1000.0;;270.0;;;;
2022-06-23 12:00:00;555.1161546259848;1000.0;;270.0;;;;
2022-06-23 13:00:00;563.6085332626857;1000.0;;270.0;;;;
2022-06-23 14:00:00;561.0069458403306;1000.0;;270.0;;;;
2022-06-23 15:00:00;566.6808909470919;1000.0;;270.0;;;;
2022-06-23 16:00:00;564.7948462015904;1000.0;;270.0;;;;
2022-06-23 17:00:00;546.8824436391781;1000.0;;270.0;;;;
2022-06-23 18:00:00;577.0605490749517;1000.0;;270.0;;;;
2022-06-23 19:00:00;552.6214118106229;1000.0;;270.0;;;;
2022-06-23 20:00:00;534.781006051224;1000.0;;270.0;;;;
2022-06-23 21:00:00;599.0925636966471;1000.0;;270.0;;;;
2022-06-23 22:00:00;596.5024545543225;1000.0;;270.0;;;;
2022-06-23 23:00:00;573.9691678390326;1000.0;;270.0;;;;
2022-06-24 00:00:00;560.9440221845426;1000.0;;270.0;;;;
2022-06-24 01:00:00;543.7349716998873;1000.0;;270.0;;;;
2022-06-24 02:00:00;589.0992114410884;1000.0;;270.0;;;;
2022-06-24 03:00:00;588.3304013535252;1000.0;;270.0;;;;
2022-06-24 04:00:00;597.429654672043;1000.0;;270.0;;;;
2022-06-24 05:00:00;535.2989514869453;1000.0;;270.0;;;;
2022-06-24 06:00:00;567.7569361540793;1000.0;;270.0;;;;
2022-06-24 07:00:00;590.9408715172692;1000.0;;270.0;;;;
2022-06-24 08:00:00;613.4687064413718;1000.0;;270.0;;;;
2022-06-24 09:00:00;571.0407685085476;1000.0;;270.0;;;;
2022-06-24 10:00:00;473.3777296677459;1000.0;;270.0;;;;
2022-06-24 11:00:00;584.0907550822193;1000.0;;270.0;;;;
2022-06-24 12:00:00;429.1453596392363;1000.0;;270.0;;;;
2022-06-24 13:00:00;637.5037665097008;1000.0;;270.0;;;;
2022-06-24 14:00:00;538.073865162698;1000.0;;270.0;;;;
2022-06-24 15:00:00;585.4860021688681;1000.0;;270.0;;;;
2022-06-24 16:00:00;595.8579191562333;1000.0;;270.0;;;;
2022-06-24 17:00:00;571.4153199378857;1000.0;;270.0;;;;
2022-06-24 18:00:00;525.8719699683834;1000.0;;270.0;;;;
2022-06-24 19:00:00;512.906697904926;1000.0;;270.0;;;;
2022-06-24 20:00:00;608.9102073617805;1000.0;;270.0;;;;
2022-06-24 21:00:00;456.8916861276621;1000.0;;270.0;;;;
2022-06-24 22:00:00;600.2459764585518;1000.0;;270.0;;;;
2022-06-24 23:00:00;577.1802843750394;1000.0;;270.0;;;;
2022-06-25 00:00:00;561.4125116978865;1000.0;;270.0;;;;
2022-06-25 01:00:00;575.5323763570555;1000.0;;270.0;;;;
2022-06-25 02:00:00;611.3863274251966;1000.0;;270.0;;;;
2022-06-25 03:00:00;630.0532292617114;1000.0;;270.0;;;;
2022-06-25 04:00:00;580.7236001865523;1000.0;;270.0;;;;
2022-06-25 05:00:00;589.6918091955886;1000.0;;270.0;;;;
2022-06-25 06:00:00;580.496610902535;1000.0;;270.0;;;;
2022-06-25 07:00:00;566.3805868574816;1000.0;;270.0;;;;
2022-06-25 08:00:00;673.2408639882889;1000.0;;270.0;;;;
2022-06-25 09:00:00;614.4493364245947;1000.0;;270.0;;;;
2022-06-25 10:00:00;551.2021938025564;1000.0;;270.0;;;;
2022-06-25 11:00:00;585.6172828696936;1000.0;;270.0;;;;
2022-06-25 12:00:00;548.8387463919;1000.0;;270.0;;;;
2022-06-25 13:00:00;574.4814279754202;1000.0;;270.0;;;;
2022-06-25 14:00:00;469.6772979438953;1000.0;;270.0;;;;
2022-06-25 15:00:00;624.9109523141332;1000.0;;270.0;;;;
2022-06-25 16:00:00;565.650536435263;1000.0;;270.0;;;;
2022-06-25 17:00:00;523.5959059572875;1000.0;;270.0;;;;
2022-06-25 18:00:00;622.7664328477337;1000.0;;270.0;;;;
2022-06-25 19:00:00;629.2330169591867;1000.0;;270.0;;;;
2022-06-25 20:00:00;666.1248666856543;1000.0;;270.0;;;;
2022-06-25 21:00:00;497.0929986973604;1000.0;;270.0;;;;
2022-06-25 22:00:00;590.9335859662532;1000.0;;270.0;;;;
2022-06-25 23:00:00;576.452860200208;1000.0;;270.0;;;;
2022-06-26 00:00:00;514.7135672542448;1000.0;;270.0;;;;
2022-06-26 01:00:00;566.7527906692537;1000.0;;270.0;;;;
2022-06-26 02:00:00;605.836001515517;1000.0;;270.0;;;;
2022-06-26 03:00:00;597.9394671724386;1000.0;;270.0;;;;
2022-06-26 04:00:00;561.1471480208817;1000.0;;270.0;;;;
2022-06-26 05:00:00;546.6131629135247;1000.0;;270.0;;;;
2022-06-26 06:00:00;587.7834863839994;1000.0;;270.0;;;;
2022-06-26 07:00:00;643.9962285486245;1000.0;;270.0;;;;
2022-06-26 08:00:00;544.4344680207001;1000.0;;270.0;;;;
2022-06-26 09:00:00;625.8329285029939;1000.0;;270.0;;;;
2022-06-26 10:00:00;582.6776160196267;1000.0;;270.0;;;;
2022-06-26 11:00:00;636.2068822436767;1000.0;;270.0;;;;
2022-06-26 12:00:00;585.6106903002045;1000.0;;270.0;;;;
2022-06-26 13:00:00;577.7520300916653;1000.0;;270.0;;;;
2022-06-26 14:00:00;602.1762242321947;1000.0;;270.0;;;;
2022-06-26 15:00:00;538.032499355197;1000.0;;270.0;;;;
2022-06-26 16:00:00;562.7879047149069;1000.0;;270.0;;;;
2022-06-26 17:00:00;659.024532554866;1000.0;;270.0;;;;
2022-06-26 18:00:00;526.8629050811563;1000.0;;270.0;;;;
2022-06-26 19:00:00;619.5375387371765;1000.0;;270.0;;;;
2022-06-26 20:00:00;546.0168248235956;1000.0;;270.0;;;;
2022-06-26 21:00:00;552.0598309926169;1000.0;;270.0;;;;
2022-06-26 22:00:00;483.436416173638;1000.0;;270.0;;;;
2022-06-26 23:00:00;665.1846876176793;1000.0;;270.0;;;;
2022-06-27 00:00:00;502.5353158299848;1000.0;;270.0;;;;
2022-06-27 01:00:00;647.2925395351052;1000.0;;270.0;;;;
2022-06-27 02:00:00;544.2881647153698;1000.0;;270.0;;;;
2022-06-27 03:00:00;518.0835788779018;1000.0;;270.0;;;;
2022-06-27 04:00:00;488.0482916449431;1000.0;;270.0;;;;
2022-06-27 05:00:00;530.9600110911447;1000.0;;270.0;;;;
2022-06-27 06:00:00;601.1843078220334;1000.0;;270.0;;;;
2022-06-27 07:00:00;502.0766441222748;1000.0;;270.0;;;;
2022-06-27 08:00:00;439.2658632543111;1000.0;;270.0;;;;
2022-06-27 09:00:00;615.2461507712925;1000.0;;270.0;;;;
2022-06-27 10:00:00;631.6072774523021;1000.0;;270.0;;;;
2022-06-27 11:00:00;540.5493496590661;1000.0;;270.0;;;;
2022-06-27 12:00:00;498.2198232639332;1000.0;;270.0;;;;
2022-06-27 13:00:00;485.9815684147626;1000.0;;270.0;;;;
2022-06-27 14:00:00;582.6590282825886;1000.0;;270.0;;;;
2022-06-27 15:00:00;676.9256154759232;1000.0;;270.0;;;;
2022-06-27 16:00:00;510.598420333762;1000.0;;270.0;;;;
2022-06-27 17:00:00;539.4085292329042;1000.0;;270.0;;;;
2022-06-27 18:00:00;600.2652484731213;1000.0;;270.0;;;;
2022-06-27 19:00:00;557.4197390690027;1000.0;;270.0;;;;
2022-06-27 20:00:00;533.5022340920392;1000.0;;270.0;;;;
2022-06-27 21:00:00;698.7425857065085;1000.0;;270.0;;;;
2022-06-27 22:00:00;683.8517060478473;1000.0;;270.0;;;;
2022-06-27 23:00:00;533.6563073649384;1000.0;;270.0;;;;
2022-06-28 00:00:00;601.3999366801379;1000.0;;270.0;;;;
2022-06-28 01:00:00;596.565906852516;1000.0;;270.0;;;;
2022-06-28 02:00:00;518.1017242329153;1000.0;;270.0;;;;
2022-06-28 03:00:00;606.5035392051432;1000.0;;270.0;;;;
2022-06-28 04:00:00;623.8335158442452;1000.0;;270.0;;;;
2022-06-28 05:00:00;617.8386596073992;1000.0;;270.0;;;;
2022-06-28 06:00:00;498.6503257218453;1000.0;;270.0;;;;
2022-06-28 07:00:00;559.303366060233;1000.0;;270.0;;;;
2022-06-28 08:00:00;536.6834242249349;1000.0;;270.0;;;;
2022-06-28 09:00:00;517.4932189425007;1000.0;;270.0;;;;
2022-06-28 10:00:00;564.596198122355;1000.0;;270.0;;;;
2022-06-28 11:00:00;452.9915767613138;1000.0;;270.0;;;;
2022-06-28 12:00:00;582.9213121280974;1000.0;;270.0;;;;
2022-06-28 13:00:00;608.2887073602558;1000.0;;270.0;;;;
2022-06-28 14:00:00;609.696158200035;1000.0;;270.0;;;;
2022-06-28 15:00:00;672.6401436395548;1000.0;;270.0;;;;
2022-06-28 16:00:00;540.1542247577964;1000.0;;270.0;;;;
2022-06-28 17:00:00;461.0801214229045;1000.0;;270.0;;;;
2022-06-28 18:00:00;624.7535826543835;1000.0;;270.0;;;;
2022-06-28 19:00:00;413.5620561825427;1000.0;;270.0;;;;
2022-06-28 20:00:00;558.3508923536907;1000.0;;270.0;;;;
2022-06-28 21:00:00;462.5283056408038;1000.0;;270.0;;;;
2022-06-28 22:00:00;581.5555766196842;1000.0;;270.0;;;;
2022-06-28 23:00:00;592.1652452922754;1000.0;;270.0;;;;
2022-06-29 00:00:00;634.9646920064655;1000.0;;270.0;;;;
2022-06-29 01:00:00;631.387063777009;1000.0;;270.0;;;;
2022-06-29 02:00:00;558.6896965371815;1000.0;;270.0;;;;
2022-06-29 03:00:00;507.0348779570554;1000.0;;270.0;;;;
2022-06-29 04:00:00;671.5544991279728;1000.0;;270.0;;;;
2022-06-29 05:00:00;551.3482747316954;1000.0;;270.0;;;;
2022-06-29 06:00:00;585.6062609011892;1000.0;;270.0;;;;
2022-06-29 07:00:00;553.3259248033218;1000.0;;270.0;;;;
2022-06-29 08:00:00;471.5780989327629;1000.0;;270.0;;;;
2022-06-29 09:00:00;528.5721606734594;1000.0;;270.0;;;;
2022-06-29 10:00:00;504.644011015988;1000.0;;270.0;;;;
2022-06-29 11:00:00;597.368614486356;1000.0;;270.0;;;;
2022-06-29 12:00:00;651.0731187869369;1000.0;;270.0;;;;
2022-06-29 13:00:00;567.863873873467;1000.0;;270.0;;;;
2022-06-29 14:00:00;555.9843949488998;1000.0;;270.0;;;;
2022-06-29 15:00:00;494.8547563026125;1000.0;;270.0;;;;
2022-06-29 16:00:00;569.6063298848487;1000.0;;270.0;;;;
2022-06-29 17:00:00;644.1088457587988;1000.0;;270.0;;;;
2022-06-29 18:00:00;499.2263481722944;1000.0;;270.0;;;;
2022-06-29 19:00:00;479.3598709864949;1000.0;;270.0;;;;
2022-06-29 20:00:00;578.9882688178657;1000.0;;270.0;;;;
2022-06-29 21:00:00;528.7408193637569;1000.0;;270.0;;;;
2022-06-29 22:00:00;503.385037330618;1000.0;;270.0;;;;
2022-06-29 23:00:00;617.4260018299784;1000.0;;270.0;;;;
2022-06-30 00:00:00;529.3536562630901;1000.0;;270.0;;;;
2022-06-30 01:00:00;591.8495279182073;1000.0;;270.0;;;;
2022-06-30 02:00:00;552.3798148590981;1000.0;;270.0;;;;
2022-06-30 03:00:00;623.1584459687992;1000.0;;270.0;;;;
2022-06-30 04:00:00;651.752794580104;1000.0;;270.0;;;;
2022-06-30 05:00:00;651.6721284159804;1000.0;;270.0;;;;
2022-06-30 06:00:00;603.4142929775529;1000.0;;270.0;;;;
2022-06-30 07:00:00;543.4302263592781;1000.0;;270.0;;;;
2022-06-30 08:00:00;649.5875526575744;1000.0;;270.0;;;;
2022-06-30 09:00:00;493.5644257110469;1000.0;;270.0;;;;
2022-06-30 10:00:00;603.621029233499;1000.0;;270.0;;;;
2022-06-30 11:00:00;549.62419266027;1000.0;;270.0;;;;
2022-06-30 12:00:00;582.8297652958294;1000.0;;270.0;;;;
2022-06-30 13:00:00;584.9571668623223;1000.0;;270.0;;;;
2022-06-30 14:00:00;620.4144946859723;1000.0;;270.0;;;;
2022-06-30 15:00:00;602.7559712688737;1000.0;;270.0;;;;
2022-06-30 16:00:00;549.092262085473;1000.0;;270.0;;;;
2022-06-30 17:00:00;544.0941226119819;1000.0;;270.0;;;;
2022-06-30 18:00:00;597.9938639011685;1000.0;;270.0;;;;
2022-06-30 19:00:00;469.3307300397609;1000.0;;270.0;;;;
2022-06-30 20:00:00;618.5199251835738;1000.0;;270.0;;;;
2022-06-30 21:00:00;530.818722076357;1000.0;;270.0;;;;
2022-06-30 22:00:00;492.616912186258;1000.0;;270.0;;;;
2022-06-30 23:00:00;586.1799404828649;1000.0;;270.0;;;;
2022-07-01 00:00:00;606.2765049898519;1000.0;;270.0;;;;
2022-07-01 01:00:00;547.3722457735563;1000.0;;270.0;;;;
2022-07-01 02:00:00;632.3422044181308;1000.0;;270.0;;;;
2022-07-01 03:00:00;611.0673554480779;1000.0;;270.0;;;;
2022-07-01 04:00:00;583.304489546314;1000.0;;270.0;;;;
2022-07-01 05:00:00;571.3853471874662;1000.0;;270.0;;;;
2022-07-01 06:00:00;575.0794731275549;1000.0;;270.0;;;;
2022-07-01 07:00:00;569.9214146324798;1000.0;;270.0;;;;
2022-07-01 08:00:00;542.98914894326;1000.0;;270.0;;;;
2022-07-01 09:00:00;661.8752095693694;1000.0;;270.0;;;;
2022-07-01 10:00:00;490.893743410982;1000.0;;270.0;;;;
2022-07-01 11:00:00;635.6516224829543;1000.0;;270.0;;;;
2022-07-01 12:00:00;533.9412523199144;1000.0;;270.0;;;;
2022-07-01 13:00:00;626.2277004665125;1000.0;;270.0;;;;
2022-07-01 14:00:00;631.5662708655326;1000.0;;270.0;;;;
2022-07-01 15:00:00;543.4910549300464;1000.0;;270.0;;;;
2022-07-01 16:00:00;599.6935512636984;1000.0;;270.0;;;;
2022-07-01 17:00:00;522.0191230868668;1000.0;;270.0;;;;
2022-07-01 18:00:00;602.8347109812827;1000.0;;270.0;;;;
2022-07-01 19:00:00;583.1937951808766;1000.0;;270.0;;;;
2022-07-01 20:00:00;481.9222312485721;1000.0;;270.0;;;;
2022-07-01 21:00:00;587.8423548855434;1000.0;;270.0;;;;
2022-07-01 22:00:00;617.7790892703437;1000.0;;270.0;;;;
2022-07-01 23:00:00;692.1934804472164;1000.0;;270.0;;;;
2022-07-02 00:00:00;646.6095937213765;1000.0;;270.0;;;;
2022-07-02 01:00:00;630.325797194625;1000.0;;270.0;;;;
2022-07-02 02:00:00;573.9430306426323;1000.0;;270.0;;;;
2022-07-02 03:00:00;568.2529887025812;1000.0;;270.0;;;;
2022-07-02 04:00:00;477.568498108658;1000.0;;270.0;;;;
2022-07-02 05:00:00;578.6030515609915;1000.0;;270.0;;;;
2022-07-02 06:00:00;438.0497591936368;1000.0;;270.0;;;;
2022-07-02 07:00:00;630.7151923078106;1000.0;;270.0;;;;
2022-07-02 08:00:00;631.1097581544183;1000.0;;270.0;;;;
2022-07-02 09:00:00;550.8959016552878;1000.0;;270.0;;;;
2022-07-02 10:00:00;632.9889473075721;1000.0;;270.0;;;;
2022-07-02 11:00:00;675.8886560487763;1000.0;;270.0;;;;
2022-07-02 12:00:00;624.5604642216724;1000.0;;270.0;;;;
2022-07-02 13:00:00;577.9285082346255;1000.0;;270.0;;;;
2022-07-02 14:00:00;626.4089530781833;1000.0;;270.0;;;;
2022-07-02 15:00:00;625.4920338524487;1000.0;;270.0;;;;
2022-07-02 16:00:00;492.4950040109289;1000.0;;270.0;;;;
2022-07-02 17:00:00;558.2368362127797;1000.0;;270.0;;;;
2022-07-02 18:00:00;617.0698893769579;1000.0;;270.0;;;;
2022-07-02 19:00:00;541.4636020304524;1000.0;;270.0;;;;
2022-07-02 20:00:00;670.0128787174098;1000.0;;270.0;;;;
2022-07-02 21:00:00;564.0272527860341;1000.0;;270.0;;;;
2022-07-02 22:00:00;549.7892589162935;1000.0;;270.0;;;;
2022-07-02 23:00:00;518.2134145335856;1000.0;;270.0;;;;
2022-07-03 00:00:00;639.6239956141659;1000.0;;270.0;;;;
2022-07-03 01:00:00;593.1773894691773;1000.0;;270.0;;;;
2022-07-03 02:00:00;551.5349607424565;1000.0;;270.0;;;;
2022-07-03 03:00:00;549.3323468926296;1000.0;;270.0;;;;
2022-07-03 04:00:00;556.7240922285745;1000.0;;270.0;;;;
2022-07-03 05:00:00;567.1799878402442;1000.0;;270.0;;;;
2022-07-03 06:00:00;583.538765524621;1000.0;;270.0;;;;
2022-07-03 07:00:00;635.9973486754541;1000.0;;270.0;;;;
2022-07-03 08:00:00;661.8710683350985;1000.0;;270.0;;;;
2022-07-03 09:00:00;596.7784115538373;1000.0;;270.0;;;;
2022-07-03 10:00:00;565.6213449645394;1000.0;;270.0;;;;
2022-07-03 11:00:00;443.4236293599145;1000.0;;270.0;;;;
2022-07-03 12:00:00;567.9707300318479;1000.0;;270.0;;;;
2022-07-03 13:00:00;618.7432108039293;1000.0;;270.0;;;;
2022-07-03 14:00:00;550.7457451595797;1000.0;;270.0;;;;
2022-07-03 15:00:00;674.0969900664849;1000.0;;270.0;;;;
2022-07-03 16:00:00;500.9633536727143;1000.0;;270.0;;;;
2022-07-03 17:00:00;524.9758998331437;1000.0;;270.0;;;;
2022-07-03 18:00:00;442.1172899948837;1000.0;;270.0;;;;
2022-07-03 19:00:00;501.2543337985933;1000.0;;270.0;;;;
2022-07-03 20:00:00;543.032300322849;1000.0;;270.0;;;;
2022-07-03 21:00:00;562.9517649397106;1000.0;;270.0;;;;
2022-07-03 22:00:00;530.306609215957;1000.0;;270.0;;;;
2022-07-03 23:00:00;643.9670318598439;1000.0;;270.0;;;;
2022-07-04 00:00:00;566.2241162314516;1000.0;;270.0;;;;
2022-07-04 01:00:00;435.2737510593303;1000.0;;270.0;;;;
2022-07-04 02:00:00;523.4759652833012;1000.0;;270.0;;;;
2022-07-04 03:00:00;644.8561755608716;1000.0;;270.0;;;;
2022-07-04 04:00:00;585.0451782625926;1000.0;;270.0;;;;
2022-07-04 05:00:00;577.0276984780139;1000.0;;270.0;;;;
2022-07-04 06:00:00;635.7025100952147;1000.0;;270.0;;;;
2022-07-04 07:00:00;509.2537018753485;1000.0;;270.0;;;;
2022-07-04 08:00:00;528.7836715708685;1000.0;;270.0;;;;
2022-07-04 09:00:00;612.131460112918;1000.0;;270.0;;;;
2022-07-04 10:00:00;606.4030925268748;1000.0;;270.0;;;;
2022-07-04 11:00:00;563.6316082256719;1000.0;;270.0;;;;
2022-07-04 12:00:00;667.8318732602655;1000.0;;270.0;;;;
2022-07-04 13:00:00;589.6798295821467;1000.0;;270.0;;;;
2022-07-04 14:00:00;593.3206543962833;1000.0;;270.0;;;;
2022-07-04 15:00:00;488.5958188374048;1000.0;;270.0;;;;
2022-07-04 16:00:00;469.00286497344;1000.0;;270.0;;;;
2022-07-04 17:00:00;584.2230169405705;1000.0;;270.0;;;;
2022-07-04 18:00:00;648.6412836268132;1000.0;;270.0;;;;
2022-07-04 19:00:00;595.2388222360361;1000.0;;270.0;;;;
2022-07-04 20:00:00;546.5633072729497;1000.0;;270.0;;;;
2022-07-04 21:00:00;551.6689903179036;1000.0;;270.0;;;;
2022-07-04 22:00:00;547.1031698373754;1000.0;;270.0;;;;
2022-07-04 23:00:00;541.234868247513;1000.0;;270.0;;;;
2022-07-05 00:00:00;532.3158927470816;1000.0;;270.0;;;;
2022-07-05 01:00:00;511.6829624831545;1000.0;;270.0;;;;
2022-07-05 02:00:00;619.0407586788876;1000.0;;270.0;;;;
2022-07-05 03:00:00;517.3707715672598;1000.0;;270.0;;;;
2022-07-05 04:00:00;619.1101322341365;1000.0;;270.0;;;;
2022-07-05 05:00:00;498.3756734506081;1000.0;;270.0;;;;
2022-07-05 06:00:00;545.8860017237879;1000.0;;270.0;;;;
2022-07-05 07:00:00;550.3230154975121;1000.0;;270.0;;;;
2022-07-05 08:00:00;388.1442757276956;1000.0;;270.0;;;;
2022-07-05 09:00:00;625.1267805907784;1000.0;;270.0;;;;
2022-07-05 10:00:00;537.0385037437745;1000.0;;270.0;;;;
2022-07-05 11:00:00;559.1276468754979;1000.0;;270.0;;;;
2022-07-05 12:00:00;633.6881083078213;1000.0;;270.0;;;;
2022-07-05 13:00:00;575.5022467295794;1000.0;;270.0;;;;
2022-07-05 14:00:00;645.9464013975746;1000.0;;270.0;;;;
2022-07-05 15:00:00;578.2047637454584;1000.0;;270.0;;;;
2022-07-05 16:00:00;595.8654905051584;1000.0;;270.0;;;;
2022-07-05 17:00:00;509.6176543873464;1000.0;;270.0;;;;
2022-07-05 18:00:00;552.8940903026822;1000.0;;270.0;;;;
2022-07-05 19:00:00;660.9978058724307;1000.0;;270.0;;;;
2022-07-05 20:00:00;573.1567054957125;1000.0;;270.0;;;;
2022-07-05 21:00:00;613.1696933475281;1000.0;;270.0;;;;
2022-07-05 22:00:00;596.666025136874;1000.0;;270.0;;;;
2022-07-05 23:00:00;563.3003110439024;1000.0;;270.0;;;;
2022-07-06 00:00:00;566.0979493169984;1000.0;;270.0;;;;
2022-07-06 01:00:00;451.9437862563898;1000.0;;270.0;;;;
2022-07-06 02:00:00;494.7035650738445;1000.0;;270.0;;;;
2022-07-06 03:00:00;666.2117629872931;1000.0;;270.0;;;;
2022-07-06 04:00:00;598.6818574348096;1000.0;;270.0;;;;
2022-07-06 05:00:00;572.3517416632087;1000.0;;270.0;;;;
2022-07-06 06:00:00;533.8022597634659;1000.0;;270.0;;;;
2022-07-06 07:00:00;645.3105914555227;1000.0;;270.0;;;;
2022-07-06 08:00:00;536.9508364063493;1000.0;;270.0;;;;
2022-07-06 09:00:00;630.5286587753992;1000.0;;270.0;;;;
2022-07-06 10:00:00;581.4084728426641;1000.0;;270.0;;;;
2022-07-06 11:00:00;526.4993721484695;1000.0;;270.0;;;;
2022-07-06 12:00:00;521.0395721697583;1000.0;;270.0;;;;
2022-07-06 13:00:00;679.3184179132247;1000.0;;270.0;;;;
2022-07-06 14:00:00;564.4364634584657;1000.0;;270.0;;;;
2022-07-06 15:00:00;572.0651353612261;1000.0;;270.0;;;;
2022-07-06 16:00:00;471.2272989504119;1000.0;;270.0;;;;
2022-07-06 17:00:00;617.601166219252;1000.0;;270.0;;;;
2022-07-06 18:00:00;633.7054679784119;1000.0;;270.0;;;;
2022-07-06 19:00:00;544.353546068502;1000.0;;270.0;;;;
2022-07-06 20:00:00;552.2273240409904;1000.0;;270.0;;;;
2022-07-06 21:00:00;621.9863367799405;1000.0;;270.0;;;;
2022-07-06 22:00:00;565.9320495190376;1000.0;;270.0;;;;
2022-07-06 23:00:00;560.8591897625122;1000.0;;270.0;;;;
2022-07-07 00:00:00;488.3565379416032;1000.0;;270.0;;;;
2022-07-07 01:00:00;605.8407175857038;1000.0;;270.0;;;;
2022-07-07 02:00:00;538.8202645585343;1000.0;;270.0;;;;
2022-07-07 03:00:00;618.4006100931384;1000.0;;270.0;;;;
2022-07-07 04:00:00;557.4978572746019;1000.0;;270.0;;;;
2022-07-07 05:00:00;582.8696275909118;1000.0;;270.0;;;;
2022-07-07 06:00:00;683.7928397037177;1000.0;;270.0;;;;
2022-07-07 07:00:00;545.9385431127579;1000.0;;270.0;;;;
2022-07-07 08:00:00;633.2945132584896;1000.0;;270.0;;;;
2022-07-07 09:00:00;595.8610673850987;1000.0;;270.0;;;;
2022-07-07 10:00:00;732.108860293847;1000.0;;270.0;;;;
2022-07-07 11:00:00;600.243483954202;1000.0;;270.0;;;;
2022-07-07 12:00:00;666.0913783690256;1000.0;;270.0;;;;
2022-07-07 13:00:00;702.3945517717729;1000.0;;270.0;;;;
2022-07-07 14:00:00;613.9356680692847;1000.0;;270.0;;;;
2022-07-07 15:00:00;642.1795847164018;1000.0;;270.0;;;;
2022-07-07 16:00:00;573.6777801998451;1000.0;;270.0;;;;
2022-07-07 17:00:00;637.1864044485649;1000.0;;270.0;;;;
2022-07-07 18:00:00;568.7193003479207;1000.0;;270.0;;;;
2022-07-07 19:00:00;634.1267830454011;1000.0;;270.0;;;;
2022-07-07 20:00:00;624.1330093384322;1000.0;;270.0;;;;
2022-07-07 21:00:00;641.8807820512218;1000.0;;270.0;;;;
2022-07-07 22:00:00;550.3165747420176;1000.0;;270.0;;;;
2022-07-07 23:00:00;651.5166118054699;1000.0;;270.0;;;;
2022-07-08 00:00:00;568.6563244087637;1000.0;;270.0;;;;
2022-07-08 01:00:00;614.2122467476308;1000.0;;270.0;;;;
2022-07-08 02:00:00;617.6958696140985;1000.0;;270.0;;;;
2022-07-08 03:00:00;504.0324073132546;1000.0;;270.0;;;;
2022-07-08 04:00:00;611.4359109168189;1000.0;;270.0;;;;
2022-07-08 05:00:00;572.500496885765;1000.0;;270.0;;;;
2022-07-08 06:00:00;547.6863963073233;1000.0;;270.0;;;;
2022-07-08 07:00:00;611.6371272757632;1000.0;;270.0;;;;
2022-07-08 08:00:00;519.4137811491455;1000.0;;270.0;;;;
2022-07-08 09:00:00;649.080816768831;1000.0;;270.0;;;;
2022-07-08 10:00:00;507.0744379487265;1000.0;;270.0;;;;
2022-07-08 11:00:00;562.03746108252;1000.0;;270.0;;;;
2022-07-08 12:00:00;546.1673244780341;1000.0;;270.0;;;;
2022-07-08 13:00:00;562.9612049436861;1000.0;;270.0;;;;
2022-07-08 14:00:00;565.5465259424042;1000.0;;270.0;;;;
2022-07-08 15:00:00;611.7383970899672;1000.0;;270.0;;;;
2022-07-08 16:00:00;452.4493245288793;1000.0;;270.0;;;;
2022-07-08 17:00:00;549.253251030704;1000.0;;270.0;;;;
2022-07-08 18:00:00;565.923220397805;1000.0;;270.0;;;;
2022-07-08 19:00:00;588.429653598683;1000.0;;270.0;;;;
2022-07-08 20:00:00;492.010963472629;1000.0;;270.0;;;;
2022-07-08 21:00:00;530.84943321178;1000.0;;270.0;;;;
2022-07-08 22:00:00;488.8416728313345;1000.0;;270.0;;;;
2022-07-08 23:00:00;594.9996028656735;1000.0;;270.0;;;;
2022-07-09 00:00:00;620.7038258639042;1000.0;;270.0;;;;
2022-07-09 01:00:00;539.9415858584772;1000.0;;270.0;;;;
2022-07-09 02:00:00;608.2141552243087;1000.0;;270.0;;;;
2022-07-09 03:00:00;563.1456795496197;1000.0;;270.0;;;;
2022-07-09 04:00:00;622.3340790523164;1000.0;;270.0;;;;
2022-07-09 05:00:00;555.4043728554547;1000.0;;270.0;;;;
2022-07-09 06:00:00;540.6369200218714;1000.0;;270.0;;;;
2022-07-09 07:00:00;556.5082223025597;1000.0;;270.0;;;;
2022-07-09 08:00:00;684.6645996984216;1000.0;;270.0;;;;
2022-07-09 09:00:00;518.0174523820001;1000.0;;270.0;;;;
2022-07-09 10:00:00;595.7410408249882;1000.0;;270.0;;;;
2022-07-09 11:00:00;685.8233158454307;1000.0;;270.0;;;;
2022-07-09 12:00:00;468.0986486817026;1000.0;;270.0;;;;
2022-07-09 13:00:00;503.2917820558848;1000.0;;270.0;;;;
2022-07-09 14:00:00;553.6360170388732;1000.0;;270.0;;;;
2022-07-09 15:00:00;565.2167147448117;1000.0;;270.0;;;;
2022-07-09 16:00:00;590.8103261373489;1000.0;;270.0;;;;
2022-07-09 17:00:00;653.823039840381;1000.0;;270.0;;;;
2022-07-09 18:00:00;567.2578157288472;1000.0;;270.0;;;;
2022-07-09 19:00:00;558.7675300343162;1000.0;;270.0;;;;
2022-07-09 20:00:00;653.3476871100506;1000.0;;270.0;;;;
2022-07-09 21:00:00;523.9962328192231;1000.0;;270.0;;;;
2022-07-09 22:00:00;636.5226473731132;1000.0;;270.0;;;;
2022-07-09 23:00:00;573.240187607564;1000.0;;270.0;;;;
2022-07-10 00:00:00;568.5230118749239;1000.0;;270.0;;;;
2022-07-10 01:00:00;503.0714435773763;1000.0;;270.0;;;;
2022-07-10 02:00:00;567.2062006651971;1000.0;;270.0;;;;
2022-07-10 03:00:00;529.1139989971988;1000.0;;270.0;;;;
2022-07-10 04:00:00;520.5912662734104;1000.0;;270.0;;;;
2022-07-10 05:00:00;612.8241644858222;1000.0;;270.0;;;;
2022-07-10 06:00:00;593.8495343285706;1000.0;;270.0;;;;
2022-07-10 07:00:00;565.3566525581856;1000.0;;270.0;;;;
2022-07-10 08:00:00;584.6046867675874;1000.0;;270.0;;;;
2022-07-10 09:00:00;683.3178897300207;1000.0;;270.0;;;;
2022-07-10 10:00:00;583.3939842614072;1000.0;;270.0;;;;
2022-07-10 11:00:00;524.0445229486747;1000.0;;270.0;;;;
2022-07-10 12:00:00;456.4625284381709;1000.0;;270.0;;;;
2022-07-10 13:00:00;445.1270340958233;1000.0;;270.0;;;;
2022-07-10 14:00:00;633.0008427157591;1000.0;;270.0;;;;
2022-07-10 15:00:00;527.4056608984824;1000.0;;270.0;;;;
2022-07-10 16:00:00;532.6966415021637;1000.0;;270.0;;;;
2022-07-10 17:00:00;564.026094077757;1000.0;;270.0;;;;
2022-07-10 18:00:00;562.7550664209404;1000.0;;270.0;;;;
2022-07-10 19:00:00;598.465282622552;1000.0;;270.0;;;;
2022-07-10 20:00:00;595.2780310935085;1000.0;;270.0;;;;
2022-07-10 21:00:00;509.1293141917691;1000.0;;270.0;;;;
2022-07-10 22:00:00;557.6481358096477;1000.0;;270.0;;;;
2022-07-10 23:00:00;642.0610008785195;1000.0;;270.0;;;;
2022-07-11 00:00:00;460.0314320927004;1000.0;;270.0;;;;
2022-07-11 01:00:00;525.0534265574809;1000.0;;270.0;;;;
2022-07-11 02:00:00;479.4049486023384;1000.0;;270.0;;;;
2022-07-11 03:00:00;591.6414811456798;1000.0;;270.0;;;;
2022-07-11 04:00:00;527.6653792747937;1000.0;;270.0;;;;
2022-07-11 05:00:00;518.0763559297718;1000.0;;270.0;;;;
2022-07-11 06:00:00;486.5195854468186;1000.0;;270.0;;;;
2022-07-11 07:00:00;583.9978201815518;1000.0;;270.0;;;;
2022-07-11 08:00:00;490.0051989299299;1000.0;;270.0;;;;
2022-07-11 09:00:00;535.0437222128506;1000.0;;270.0;;;;
2022-07-11 10:00:00;523.0510724980508;1000.0;;270.0;;;;
2022-07-11 11:00:00;587.9735584982335;1000.0;;270.0;;;;
2022-07-11 12:00:00;496.287017866776;1000.0;;270.0;;;;
2022-07-11 13:00:00;493.1754855792133;1000.0;;270.0;;;;
2022-07-11 14:00:00;423.8227131849334;1000.0;;270.0;;;;
2022-07-11 15:00:00;535.7734050652402;1000.0;;270.0;;;;
2022-07-11 16:00:00;443.0949433890393;1000.0;;270.0;;;;
2022-07-11 17:00:00;548.2182104848812;1000.0;;270.0;;;;
2022-07-11 18:00:00;630.6430201821507;1000.0;;270.0;;;;
2022-07-11 19:00:00;414.342505874019;1000.0;;270.0;;;;
2022-07-11 20:00:00;481.5522231643859;1000.0;;270.0;;;;
2022-07-11 21:00:00;563.8023293063583;1000.0;;270.0;;;;
2022-07-11 22:00:00;623.0636775337945;1000.0;;270.0;;;;
2022-07-11 23:00:00;516.4565049846593;1000.0;;270.0;;;;
2022-07-12 00:00:00;557.453853655582;1000.0;;270.0;;;;
2022-07-12 01:00:00;513.1671391610475;1000.0;;270.0;;;;
2022-07-12 02:00:00;568.4752276036063;1000.0;;270.0;;;;
2022-07-12 03:00:00;604.8524161328286;1000.0;;270.0;;;;
2022-07-12 04:00:00;654.7033451726447;1000.0;;270.0;;;;
2022-07-12 05:00:00;585.3717885880912;1000.0;;270.0;;;;
2022-07-12 06:00:00;584.4327626715111;1000.0;;270.0;;;;
2022-07-12 07:00:00;580.5892895463471;1000.0;;270.0;;;;
2022-07-12 08:00:00;558.9509215352539;1000.0;;270.0;;;;
2022-07-12 09:00:00;524.7675397343022;1000.0;;270.0;;;;
2022-07-12 10:00:00;513.0928768055893;1000.0;;270.0;;;;
2022-07-12 11:00:00;505.6173940056005;1000.0;;270.0;;;;
2022-07-12 12:00:00;597.0190308171807;1000.0;;270.0;;;;
2022-07-12 13:00:00;554.0088349899365;1000.0;;270.0;;;;
2022-07-12 14:00:00;546.7826643215822;1000.0;;270.0;;;;
2022-07-12 15:00:00;514.8634378504299;1000.0;;270.0;;;;
2022-07-12 16:00:00;542.1022736819402;1000.0;;270.0;;;;
2022-07-12 17:00:00;543.8571284985796;1000.0;;270.0;;;;
2022-07-12 18:00:00;574.9829311344433;1000.0;;270.0;;;;
2022-07-12 19:00:00;565.0070966108121;1000.0;;270.0;;;;
2022-07-12 20:00:00;573.3622823131417;1000.0;;270.0;;;;
2022-07-12 21:00:00;612.5412230416587;1000.0;;270.0;;;;
2022-07-12 22:00:00;620.6773932523153;1000.0;;270.0;;;;
2022-07-12 23:00:00;599.4160078470793;1000.0;;270.0;;;;
2022-07-13 00:00:00;643.3976024764814;1000.0;;270.0;;;;
2022-07-13 01:00:00;541.8319494482282;1000.0;;270.0;;;;
2022-07-13 02:00:00;684.3928605915203;1000.0;;270.0;;;;
2022-07-13 03:00:00;550.4396781602535;1000.0;;270.0;;;;
2022-07-13 04:00:00;649.6727677086553;1000.0;;270.0;;;;
2022-07-13 05:00:00;535.4836964721235;1000.0;;270.0;;;;
2022-07-13 06:00:00;595.4799145663156;1000.0;;270.0;;;;
2022-07-13 07:00:00;507.8591392438873;1000.0;;270.0;;;;
2022-07-13 08:00:00;658.1668116467922;1000.0;;270.0;;;;
2022-07-13 09:00:00;544.6633688385697;1000.0;;270.0;;;;
2022-07-13 10:00:00;468.2239061409255;1000.0;;270.0;;;;
2022-07-13 11:00:00;570.433825771652;1000.0;;270.0;;;;
2022-07-13 12:00:00;625.4083243079518;1000.0;;270.0;;;;
2022-07-13 13:00:00;607.2311242000342;1000.0;;270.0;;;;
2022-07-13 14:00:00;527.9304874984296;1000.0;;270.0;;;;
2022-07-13 15:00:00;581.3920128327389;1000.0;;270.0;;;;
2022-07-13 16:00:00;631.4046692539757;1000.0;;270.0;;;;
2022-07-13 17:00:00;560.2923020149611;1000.0;;270.0;;;;
2022-07-13 18:00:00;553.8614051969175;1000.0;;270.0;;;;
2022-07-13 19:00:00;574.7094436332158;1000.0;;270.0;;;;
2022-07-13 20:00:00;547.7438096723802;1000.0;;270.0;;;;
2022-07-13 21:00:00;551.2547129390008;1000.0;;270.0;;;;
2022-07-13 22:00:00;537.5527210278294;1000.0;;270.0;;;;
2022-07-13 23:00:00;543.6887037511907;1000.0;;270.0;;;;
2022-07-14 00:00:00;618.4986884784182;1000.0;;270.0;;;;
2022-07-14 01:00:00;453.4985904102302;1000.0;;270.0;;;;
2022-07-14 02:00:00;629.7581879441415;1000.0;;270.0;;;;
2022-07-14 03:00:00;573.7743370827812;1000.0;;270.0;;;;
2022-07-14 04:00:00;531.8228051356152;1000.0;;270.0;;;;
2022-07-14 05:00:00;618.1720694498711;1000.0;;270.0;;;;
2022-07-14 06:00:00;581.5051244575143;1000.0;;270.0;;;;
2022-07-14 07:00:00;630.6160508066564;1000.0;;270.0;;;;
2022-07-14 08:00:00;572.7074437037942;1000.0;;270.0;;;;
2022-07-14 09:00:00;634.5297240892235;1000.0;;270.0;;;;
2022-07-14 10:00:00;540.5221205743599;1000.0;;270.0;;;;
2022-07-14 11:00:00;497.4583006062313;1000.0;;270.0;;;;
2022-07-14 12:00:00;631.6078638130311;1000.0;;270.0;;;;
2022-07-14 13:00:00;581.66050504857;1000.0;;270.0;;;;
2022-07-14 14:00:00;540.0864033473367;1000.0;;270.0;;;;
2022-07-14 15:00:00;653.7759489317118;1000.0;;270.0;;;;
2022-07-14 16:00:00;648.5509706221331;1000.0;;270.0;;;;
2022-07-14 17:00:00;505.4007192780804;1000.0;;270.0;;;;
2022-07-14 18:00:00;542.2793817151457;1000.0;;270.0;;;;
2022-07-14 19:00:00;527.3976755758201;1000.0;;270.0;;;;
2022-07-14 20:00:00;586.8190646302513;1000.0;;270.0;;;;
2022-07-14 21:00:00;581.1343435421505;1000.0;;270.0;;;;
2022-07-14 22:00:00;636.6752982304686;1000.0;;270.0;;;;
2022-07-14 23:00:00;648.2636604722802;1000.0;;270.0;;;;
2022-07-15 00:00:00;474.770688345843;1000.0;;270.0;;;;
2022-07-15 01:00:00;633.9029985936968;1000.0;;270.0;;;;
2022-07-15 02:00:00;562.9492864516075;1000.0;;270.0;;;;
2022-07-15 03:00:00;588.5780082846106;1000.0;;270.0;;;;
2022-07-15 04:00:00;559.6251967876998;1000.0;;270.0;;;;
2022-07-15 05:00:00;475.7547541015374;1000.0;;270.0;;;;
2022-07-15 06:00:00;572.1112308547642;1000.0;;270.0;;;;
2022-07-15 07:00:00;574.0528912240144;1000.0;;270.0;;;;
2022-07-15 08:00:00;620.1889876997282;1000.0;;270.0;;;;
2022-07-15 09:00:00;664.0489038238096;1000.0;;270.0;;;;
2022-07-15 10:00:00;528.5455621701742;1000.0;;270.0;;;;
2022-07-15 11:00:00;612.6579831215214;1000.0;;270.0;;;;
2022-07-15 12:00:00;504.1335303395528;1000.0;;270.0;;;;
2022-07-15 13:00:00;542.7680293240795;1000.0;;270.0;;;;
2022-07-15 14:00:00;603.3891253261944;1000.0;;270.0;;;;
2022-07-15 15:00:00;559.6434291364781;1000.0;;270.0;;;;
2022-07-15 16:00:00;607.4161650556415;1000.0;;270.0;;;;
2022-07-15 17:00:00;583.0664478674355;1000.0;;270.0;;;;
2022-07-15 18:00:00;637.1220732472465;1000.0;;270.0;;;;
2022-07-15 19:00:00;608.3254029199996;1000.0;;270.0;;;;
2022-07-15 20:00:00;671.1786947789852;1000.0;;270.0;;;;
2022-07-15 21:00:00;509.8001570119869;1000.0;;270.0;;;;
2022-07-15 22:00:00;617.6262733911282;1000.0;;270.0;;;;
2022-07-15 23:00:00;536.4606246503783;1000.0;;270.0;;;;
2022-07-16 00:00:00;566.5979384196116;1000.0;;270.0;;;;
2022-07-16 01:00:00;675.4339879727788;1000.0;;270.0;;;;
2022-07-16 02:00:00;627.9904997398107;1000.0;;270.0;;;;
2022-07-16 03:00:00;601.807667113046;1000.0;;270.0;;;;
2022-07-16 04:00:00;534.2807771736019;1000.0;;270.0;;;;
2022-07-16 05:00:00;650.6892172602826;1000.0;;270.0;;;;
2022-07-16 06:00:00;535.5641276249338;1000.0;;270.0;;;;
2022-07-16 07:00:00;537.3494407058649;1000.0;;270.0;;;;
2022-07-16 08:00:00;656.2859115289737;1000.0;;270.0;;;;
2022-07-16 09:00:00;587.2753039889205;1000.0;;270.0;;;;
2022-07-16 10:00:00;591.4450921838227;1000.0;;270.0;;;;
2022-07-16 11:00:00;602.0343574604548;1000.0;;270.0;;;;
2022-07-16 12:00:00;620.4818151013302;1000.0;;270.0;;;;
2022-07-16 13:00:00;612.3882610265596;1000.0;;270.0;;;;
2022-07-16 14:00:00;627.2448702085186;1000.0;;270.0;;;;
2022-07-16 15:00:00;546.2080239348026;1000.0;;270.0;;;;
2022-07-16 16:00:00;553.2379668387049;1000.0;;270.0;;;;
2022-07-16 17:00:00;484.8072178934462;1000.0;;270.0;;;;
2022-07-16 18:00:00;559.9000166487531;1000.0;;270.0;;;;
2022-07-16 19:00:00;564.5281406515282;1000.0;;270.0;;;;
2022-07-16 20:00:00;568.1380665374661;1000.0;;270.0;;;;
2022-07-16 21:00:00;602.8698574643427;1000.0;;270.0;;;;
2022-07-16 22:00:00;590.9965024795575;1000.0;;270.0;;;;
2022-07-16 23:00:00;529.5273669657643;1000.0;;270.0;;;;
2022-07-17 00:00:00;605.0773886119152;1000.0;;270.0;;;;
2022-07-17 01:00:00;503.2156011048965;1000.0;;270.0;;;;
2022-07-17 02:00:00;569.0026338708257;1000.0;;270.0;;;;
2022-07-17 03:00:00;569.0785517424522;1000.0;;270.0;;;;
2022-07-17 04:00:00;672.2408753449204;1000.0;;270.0;;;;
2022-07-17 05:00:00;608.524723077514;1000.0;;270.0;;;;
2022-07-17 06:00:00;546.8053187604529;1000.0;;270.0;;;;
2022-07-17 07:00:00;614.9754860195221;1000.0;;270.0;;;;
2022-07-17 08:00:00;593.3897066146525;1000.0;;270.0;;;;
2022-07-17 09:00:00;507.2576476259244;1000.0;;270.0;;;;
2022-07-17 10:00:00;478.0646448986162;1000.0;;270.0;;;;
2022-07-17 11:00:00;546.2235579104698;1000.0;;270.0;;;;
2022-07-17 12:00:00;463.980307323501;1000.0;;270.0;;;;
2022-07-17 13:00:00;670.2538739799159;1000.0;;270.0;;;;
2022-07-17 14:00:00;600.3259062843664;1000.0;;270.0;;;;
2022-07-17 15:00:00;513.5157982013205;1000.0;;270.0;;;;
2022-07-17 16:00:00;606.4697830577015;1000.0;;270.0;;;;
2022-07-17 17:00:00;596.2300212529659;1000.0;;270.0;;;;
2022-07-17 18:00:00;610.4607298608792;1000.0;;270.0;;;;
2022-07-17 19:00:00;612.0027001707734;1000.0;;270.0;;;;
2022-07-17 20:00:00;495.2708095584736;1000.0;;270.0;;;;
2022-07-17 21:00:00;646.0847314765705;1000.0;;270.0;;;;
2022-07-17 22:00:00;593.4516370651538;1000.0;;270.0;;;;
2022-07-17 23:00:00;532.6785086951629;1000.0;;270.0;;;;
2022-07-18 00:00:00;599.5707931912963;1000.0;;270.0;;;;
2022-07-18 01:00:00;572.1414125269649;1000.0;;270.0;;;;
2022-07-18 02:00:00;470.5889828880635;1000.0;;270.0;;;;
2022-07-18 03:00:00;519.3445527804536;1000.0;;270.0;;;;
2022-07-18 04:00:00;699.143136251378;1000.0;;270.0;;;;
2022-07-18 05:00:00;567.6433675143438;1000.0;;270.0;;;;
2022-07-18 06:00:00;532.0075503294478;1000.0;;270.0;;;;
2022-07-18 07:00:00;578.0568449337718;1000.0;;270.0;;;;
2022-07-18 08:00:00;552.9483990961444;1000.0;;270.0;;;;
2022-07-18 09:00:00;507.2074394726349;1000.0;;270.0;;;;
2022-07-18 10:00:00;522.6452808557955;1000.0;;270.0;;;;
2022-07-18 11:00:00;402.6357749966515;1000.0;;270.0;;;;
2022-07-18 12:00:00;628.8852914246768;1000.0;;270.0;;;;
2022-07-18 13:00:00;631.2152800502383;1000.0;;270.0;;;;
2022-07-18 14:00:00;558.0131348638032;1000.0;;270.0;;;;
2022-07-18 15:00:00;527.7858448503849;1000.0;;270.0;;;;
2022-07-18 16:00:00;537.473717001618;1000.0;;270.0;;;;
2022-07-18 17:00:00;482.1168047367387;1000.0;;270.0;;;;
2022-07-18 18:00:00;687.0861571050781;1000.0;;270.0;;;;
2022-07-18 19:00:00;567.773221042156;1000.0;;270.0;;;;
2022-07-18 20:00:00;527.3315101750411;1000.0;;270.0;;;;
2022-07-18 21:00:00;536.9398785030498;1000.0;;270.0;;;;
2022-07-18 22:00:00;468.273918911719;1000.0;;270.0;;;;
2022-07-18 23:00:00;622.3100230759807;1000.0;;270.0;;;;
2022-07-19 00:00:00;592.4376837545268;1000.0;;270.0;;;;
2022-07-19 01:00:00;664.950151018595;1000.0;;270.0;;;;
2022-07-19 02:00:00;668.47530808988;1000.0;;270.0;;;;
2022-07-19 03:00:00;676.7728953328169;1000.0;;270.0;;;;
2022-07-19 04:00:00;581.3486078093409;1000.0;;270.0;;;;
2022-07-19 05:00:00;644.5398306972554;1000.0;;270.0;;;;
2022-07-19 06:00:00;641.9306869129049;1000.0;;270.0;;;;
2022-07-19 07:00:00;573.0693052041216;1000.0;;270.0;;;;
2022-07-19 08:00:00;522.6287700770415;1000.0;;270.0;;;;
2022-07-19 09:00:00;635.6154643605291;1000.0;;270.0;;;;
2022-07-19 10:00:00;540.6546187517513;1000.0;;270.0;;;;
2022-07-19 11:00:00;568.1155932607443;1000.0;;270.0;;;;
2022-07-19 12:00:00;505.5501831410729;1000.0;;270.0;;;;
2022-07-19 13:00:00;582.1932338462359;1000.0;;270.0;;;;
2022-07-19 14:00:00;468.3111529337662;1000.0;;270.0;;;;
2022-07-19 15:00:00;532.1245480142544;1000.0;;270.0;;;;
2022-07-19 16:00:00;607.3264432055048;1000.0;;270.0;;;;
2022-07-19 17:00:00;626.0351488301799;1000.0;;270.0;;;;
2022-07-19 18:00:00;532.5579687487833;1000.0;;270.0;;;;
2022-07-19 19:00:00;504.8546325347898;1000.0;;270.0;;;;
2022-07-19 20:00:00;473.3923355932943;1000.0;;270.0;;;;
2022-07-19 21:00:00;567.5328411584884;1000.0;;270.0;;;;
2022-07-19 22:00:00;531.7209686156078;1000.0;;270.0;;;;
2022-07-19 23:00:00;541.8678599439336;1000.0;;270.0;;;;
2022-07-20 00:00:00;510.2860366567436;1000.0;;270.0;;;;
2022-07-20 01:00:00;541.2208326390104;1000.0;;270.0;;;;
2022-07-20 02:00:00;611.9285405766979;1000.0;;270.0;;;;
2022-07-20 03:00:00;588.4472161416928;1000.0;;270.0;;;;
2022-07-20 04:00:00;630.2942300628976;1000.0;;270.0;;;;
2022-07-20 05:00:00;612.7738182927255;1000.0;;270.0;;;;
2022-07-20 06:00:00;532.2560742276943;1000.0;;270.0;;;;
2022-07-20 07:00:00;696.870983244293;1000.0;;270.0;;;;
2022-07-20 08:00:00;527.1671463656933;1000.0;;270.0;;;;
2022-07-20 09:00:00;716.4295908957483;1000.0;;270.0;;;;
2022-07-20 10:00:00;512.7210384219858;1000.0;;270.0;;;;
2022-07-20 11:00:00;586.9351173865507;1000.0;;270.0;;;;
2022-07-20 12:00:00;577.4238571301241;1000.0;;270.0;;;;
2022-07-20 13:00:00;565.501935986915;1000.0;;270.0;;;;
2022-07-20 14:00:00;639.4297202484511;1000.0;;270.0;;;;
2022-07-20 15:00:00;462.4365899343326;1000.0;;270.0;;;;
2022-07-20 16:00:00;629.4209748521089;1000.0;;270.0;;;;
2022-07-20 17:00:00;441.2582604215859;1000.0;;270.0;;;;
2022-07-20 18:00:00;493.0442950125689;1000.0;;270.0;;;;
2022-07-20 19:00:00;537.8099864847381;1000.0;;270.0;;;;
2022-07-20 20:00:00;565.8518846172801;1000.0;;270.0;;;;
2022-07-20 21:00:00;594.2224192962177;1000.0;;270.0;;;;
2022-07-20 22:00:00;650.8000875205796;1000.0;;270.0;;;;
2022-07-20 23:00:00;545.258511767124;1000.0;;270.0;;;;
2022-07-21 00:00:00;615.9128117161379;1000.0;;270.0;;;;
2022-07-21 01:00:00;522.7837026194647;1000.0;;270.0;;;;
2022-07-21 02:00:00;488.8106730765174;1000.0;;270.0;;;;
2022-07-21 03:00:00;525.8949880927953;1000.0;;270.0;;;;
2022-07-21 04:00:00;555.1164168229011;1000.0;;270.0;;;;
2022-07-21 05:00:00;602.495628691639;1000.0;;270.0;;;;
2022-07-21 06:00:00;489.7974663614821;1000.0;;270.0;;;;
2022-07-21 07:00:00;647.9442581228888;1000.0;;270.0;;;;
2022-07-21 08:00:00;542.6321100600055;1000.0;;270.0;;;;
2022-07-21 09:00:00;612.6229489623508;1000.0;;270.0;;;;
2022-07-21 10:00:00;471.3661962000158;1000.0;;270.0;;;;
2022-07-21 11:00:00;527.1800528278995;1000.0;;270.0;;;;
2022-07-21 12:00:00;515.8543170533272;1000.0;;270.0;;;;
2022-07-21 13:00:00;648.0404111835123;1000.0;;270.0;;;;
2022-07-21 14:00:00;567.0705580922488;1000.0;;270.0;;;;
2022-07-21 15:00:00;482.6293186303817;1000.0;;270.0;;;;
2022-07-21 16:00:00;404.0619268629953;1000.0;;270.0;;;;
2022-07-21 17:00:00;543.46810775321;1000.0;;270.0;;;;
2022-07-21 18:00:00;549.9250447195411;1000.0;;270.0;;;;
2022-07-21 19:00:00;548.1274772812839;1000.0;;270.0;;;;
2022-07-21 20:00:00;575.6337720072655;1000.0;;270.0;;;;
2022-07-21 21:00:00;477.5436426728236;1000.0;;270.0;;;;
2022-07-21 22:00:00;570.1328293364612;1000.0;;270.0;;;;
2022-07-21 23:00:00;560.8394350640731;1000.0;;270.0;;;;
2022-07-22 00:00:00;569.8100703190928;1000.0;;270.0;;;;
2022-07-22 01:00:00;642.4545484243869;1000.0;;270.0;;;;
2022-07-22 02:00:00;598.4520070189654;1000.0;;270.0;;;;
2022-07-22 03:00:00;570.4079196669554;1000.0;;270.0;;;;
2022-07-22 04:00:00;597.4409854551823;1000.0;;270.0;;;;
2022-07-22 05:00:00;602.7752311997136;1000.0;;270.0;;;;
2022-07-22 06:00:00;528.5659812416861;1000.0;;270.0;;;;
2022-07-22 07:00:00;602.6291417448931;1000.0;;270.0;;;;
2022-07-22 08:00:00;674.6142691288416;1000.0;;270.0;;;;
2022-07-22 09:00:00;587.3572407650735;1000.0;;270.0;;;;
2022-07-22 10:00:00;716.2692275553086;1000.0;;270.0;;;;
2022-07-22 11:00:00;529.279986949738;1000.0;;270.0;;;;
2022-07-22 12:00:00;501.9054137451666;1000.0;;270.0;;;;
2022-07-22 13:00:00;562.7386792038022;1000.0;;270.0;;;;
2022-07-22 14:00:00;597.4370813761001;1000.0;;270.0;;;;
2022-07-22 15:00:00;510.0787117599247;1000.0;;270.0;;;;
2022-07-22 16:00:00;563.8862377238701;1000.0;;270.0;;;;
2022-07-22 17:00:00;548.3993290540691;1000.0;;270.0;;;;
2022-07-22 18:00:00;648.7969931428212;1000.0;;270.0;;;;
2022-07-22 19:00:00;546.8892498212756;1000.0;;270.0;;;;
2022-07-22 20:00:00;489.7171006259371;1000.0;;270.0;;;;
2022-07-22 21:00:00;606.4192438766344;1000.0;;270.0;;;;
2022-07-22 22:00:00;522.2505121260077;1000.0;;270.0;;;;
2022-07-22 23:00:00;544.7348760517334;1000.0;;270.0;;;;
2022-07-23 00:00:00;590.7075896286682;1000.0;;270.0;;;;
2022-07-23 01:00:00;516.5979187579342;1000.0;;270.0;;;;
2022-07-23 02:00:00;564.5089841867812;1000.0;;270.0;;;;
2022-07-23 03:00:00;569.3412038451979;1000.0;;270.0;;;;
2022-07-23 04:00:00;532.0687162150264;1000.0;;270.0;;;;
2022-07-23 05:00:00;454.579621054306;1000.0;;270.0;;;;
2022-07-23 06:00:00;510.6633072577381;1000.0;;270.0;;;;
2022-07-23 07:00:00;512.3413018350121;1000.0;;270.0;;;;
2022-07-23 08:00:00;570.812612617566;1000.0;;270.0;;;;
2022-07-23 09:00:00;508.6821551083257;1000.0;;270.0;;;;
2022-07-23 10:00:00;564.2535454876531;1000.0;;270.0;;;;
2022-07-23 11:00:00;710.3254185164557;1000.0;;270.0;;;;
2022-07-23 12:00:00;661.7671957829532;1000.0;;270.0;;;;
2022-07-23 13:00:00;477.2463000077371;1000.0;;270.0;;;;
2022-07-23 14:00:00;619.3630791766633;1000.0;;270.0;;;;
2022-07-23 15:00:00;598.2001178748678;1000.0;;270.0;;;;
2022-07-23 16:00:00;614.3121992053402;1000.0;;270.0;;;;
2022-07-23 17:00:00;594.711538784643;1000.0;;270.0;;;;
2022-07-23 18:00:00;543.7941566004006;1000.0;;270.0;;;;
2022-07-23 19:00:00;550.6920989669723;1000.0;;270.0;;;;
2022-07-23 20:00:00;607.0107730549028;1000.0;;270.0;;;;
2022-07-23 21:00:00;535.2683717642619;1000.0;;270.0;;;;
2022-07-23 22:00:00;610.1067277686601;1000.0;;270.0;;;;
2022-07-23 23:00:00;471.1820431933549;1000.0;;270.0;;;;
2022-07-24 00:00:00;531.3240415262168;1000.0;;270.0;;;;
2022-07-24 01:00:00;439.9748063886126;1000.0;;270.0;;;;
2022-07-24 02:00:00;559.2823764250289;1000.0;;270.0;;;;
2022-07-24 03:00:00;498.4309729966259;1000.0;;270.0;;;;
2022-07-24 04:00:00;531.0574375882699;1000.0;;270.0;;;;
2022-07-24 05:00:00;617.3138191311476;1000.0;;270.0;;;;
2022-07-24 06:00:00;532.1954174280395;1000.0;;270.0;;;;
2022-07-24 07:00:00;537.7878869177481;1000.0;;270.0;;;;
2022-07-24 08:00:00;494.1715299558491;1000.0;;270.0;;;;
2022-07-24 09:00:00;603.6932322067781;1000.0;;270.0;;;;
2022-07-24 10:00:00;489.5734929862941;1000.0;;270.0;;;;
2022-07-24 11:00:00;581.5804538574855;1000.0;;270.0;;;;
2022-07-24 12:00:00;585.3296022761411;1000.0;;270.0;;;;
2022-07-24 13:00:00;583.3018469065316;1000.0;;270.0;;;;
2022-07-24 14:00:00;562.3436817182895;1000.0;;270.0;;;;
2022-07-24 15:00:00;577.5013774615228;1000.0;;270.0;;;;
2022-07-24 16:00:00;581.7337755518848;1000.0;;270.0;;;;
2022-07-24 17:00:00;513.277080285329;1000.0;;270.0;;;;
2022-07-24 18:00:00;546.0405114330026;1000.0;;270.0;;;;
2022-07-24 19:00:00;498.8807093760433;1000.0;;270.0;;;;
2022-07-24 20:00:00;616.7540218612543;1000.0;;270.0;;;;
2022-07-24 21:00:00;626.6617001663554;1000.0;;270.0;;;;
2022-07-24 22:00:00;589.8346208740581;1000.0;;270.0;;;;
2022-07-24 23:00:00;618.1807898138793;1000.0;;270.0;;;;
2022-07-25 00:00:00;489.652074732633;1000.0;;270.0;;;;
2022-07-25 01:00:00;581.2561230764388;1000.0;;270.0;;;;
2022-07-25 02:00:00;550.3685517889606;1000.0;;270.0;;;;
2022-07-25 03:00:00;574.9226180091214;1000.0;;270.0;;;;
2022-07-25 04:00:00;601.4842984198607;1000.0;;270.0;;;;
2022-07-25 05:00:00;503.7733703379988;1000.0;;270.0;;;;
2022-07-25 06:00:00;594.0489216864239;1000.0;;270.0;;;;
2022-07-25 07:00:00;598.5235098103542;1000.0;;270.0;;;;
2022-07-25 08:00:00;537.0479560089253;1000.0;;270.0;;;;
2022-07-25 09:00:00;697.045328172928;1000.0;;270.0;;;;
2022-07-25 10:00:00;473.1803842052075;1000.0;;270.0;;;;
2022-07-25 11:00:00;581.9110649687974;1000.0;;270.0;;;;
2022-07-25 12:00:00;589.8413100756633;1000.0;;270.0;;;;
2022-07-25 13:00:00;678.731118187235;1000.0;;270.0;;;;
2022-07-25 14:00:00;613.9712055723901;1000.0;;270.0;;;;
2022-07-25 15:00:00;634.127181022456;1000.0;;270.0;;;;
2022-07-25 16:00:00;506.1452085692773;1000.0;;270.0;;;;
2022-07-25 17:00:00;373.371619411789;1000.0;;270.0;;;;
2022-07-25 18:00:00;582.480165100078;1000.0;;270.0;;;;
2022-07-25 19:00:00;516.022111318948;1000.0;;270.0;;;;
2022-07-25 20:00:00;567.1141751326942;1000.0;;270.0;;;;
2022-07-25 21:00:00;578.7754989139424;1000.0;;270.0;;;;
2022-07-25 22:00:00;584.7345325872456;1000.0;;270.0;;;;
2022-07-25 23:00:00;664.1252465792621;1000.0;;270.0;;;;
2022-07-26 00:00:00;482.4954702445069;1000.0;;270.0;;;;
2022-07-26 01:00:00;573.8044442501293;1000.0;;270.0;;;;
2022-07-26 02:00:00;577.1570705099443;1000.0;;270.0;;;;
2022-07-26 03:00:00;605.9709598102841;1000.0;;270.0;;;;
2022-07-26 04:00:00;554.9349178401986;1000.0;;270.0;;;;
2022-07-26 05:00:00;543.3001405358573;1000.0;;270.0;;;;
2022-07-26 06:00:00;580.6281018247062;1000.0;;270.0;;;;
2022-07-26 07:00:00;627.0378793255769;1000.0;;270.0;;;;
2022-07-26 08:00:00;565.4732563198993;1000.0;;270.0;;;;
2022-07-26 09:00:00;695.1309087639875;1000.0;;270.0;;;;
2022-07-26 10:00:00;530.0029840046016;1000.0;;270.0;;;;
2022-07-26 11:00:00;690.7179722033973;1000.0;;270.0;;;;
2022-07-26 12:00:00;618.1937589950707;1000.0;;270.0;;;;
2022-07-26 13:00:00;574.7433773419739;1000.0;;270.0;;;;
2022-07-26 14:00:00;639.0326145452516;1000.0;;270.0;;;;
2022-07-26 15:00:00;585.023769072119;1000.0;;270.0;;;;
2022-07-26 16:00:00;610.2931228704399;1000.0;;270.0;;;;
2022-07-26 17:00:00;588.5986843834944;1000.0;;270.0;;;;
2022-07-26 18:00:00;588.1998475128133;1000.0;;270.0;;;;
2022-07-26 19:00:00;562.8339897953996;1000.0;;270.0;;;;
2022-07-26 20:00:00;534.3094856411692;1000.0;;270.0;;;;
2022-07-26 21:00:00;519.6681737025713;1000.0;;270.0;;;;
2022-07-26 22:00:00;661.6324989305294;1000.0;;270.0;;;;
2022-07-26 23:00:00;582.044703763561;1000.0;;270.0;;;;
2022-07-27 00:00:00;553.5901962423252;1000.0;;270.0;;;;
2022-07-27 01:00:00;572.4722924855103;1000.0;;270.0;;;;
2022-07-27 02:00:00;569.0193862500975;1000.0;;270.0;;;;
2022-07-27 03:00:00;520.9465210009889;1000.0;;270.0;;;;
2022-07-27 04:00:00;544.7720068286095;1000.0;;270.0;;;;
2022-07-27 05:00:00;479.1650856475778;1000.0;;270.0;;;;
2022-07-27 06:00:00;478.7138998179226;1000.0;;270.0;;;;
2022-07-27 07:00:00;546.7810119562375;1000.0;;270.0;;;;
2022-07-27 08:00:00;568.083128202512;1000.0;;270.0;;;;
2022-07-27 09:00:00;474.5603599663144;1000.0;;270.0;;;;
2022-07-27 10:00:00;555.0729718732869;1000.0;;270.0;;;;
2022-07-27 11:00:00;568.6424976277376;1000.0;;270.0;;;;
2022-07-27 12:00:00;553.3907446797887;1000.0;;270.0;;;;
2022-07-27 13:00:00;495.4127629456942;1000.0;;270.0;;;;
2022-07-27 14:00:00;569.2119578436368;1000.0;;270.0;;;;
2022-07-27 15:00:00;541.6335145283257;1000.0;;270.0;;;;
2022-07-27 16:00:00;458.3657534140804;1000.0;;270.0;;;;
2022-07-27 17:00:00;567.7238683662343;1000.0;;270.0;;;;
2022-07-27 18:00:00;687.8336804032615;1000.0;;270.0;;;;
2022-07-27 19:00:00;581.0919708744284;1000.0;;270.0;;;;
2022-07-27 20:00:00;611.559631890397;1000.0;;270.0;;;;
2022-07-27 21:00:00;499.6027247308858;1000.0;;270.0;;;;
2022-07-27 22:00:00;560.1248997444678;1000.0;;270.0;;;;
2022-07-27 23:00:00;581.7607910738058;1000.0;;270.0;;;;
2022-07-28 00:00:00;525.938459597895;1000.0;;270.0;;;;
2022-07-28 01:00:00;486.4534303417694;1000.0;;270.0;;;;
2022-07-28 02:00:00;510.0897450229502;1000.0;;270.0;;;;
2022-07-28 03:00:00;578.1123038706421;1000.0;;270.0;;;;
2022-07-28 04:00:00;476.4686231142501;1000.0;;270.0;;;;
2022-07-28 05:00:00;469.2331467952319;1000.0;;270.0;;;;
2022-07-28 06:00:00;520.0890453451557;1000.0;;270.0;;;;
2022-07-28 07:00:00;621.6758063430699;1000.0;;270.0;;;;
2022-07-28 08:00:00;578.9947434880114;1000.0;;270.0;;;;
2022-07-28 09:00:00;617.3040585510645;1000.0;;270.0;;;;
2022-07-28 10:00:00;582.5788108369002;1000.0;;270.0;;;;
2022-07-28 11:00:00;537.5143342941841;1000.0;;270.0;;;;
2022-07-28 12:00:00;534.7812772770075;1000.0;;270.0;;;;
2022-07-28 13:00:00;604.4470791147966;1000.0;;270.0;;;;
2022-07-28 14:00:00;582.2798826419928;1000.0;;270.0;;;;
2022-07-28 15:00:00;465.1064641445932;1000.0;;270.0;;;;
2022-07-28 16:00:00;519.5930747659828;1000.0;;270.0;;;;
2022-07-28 17:00:00;533.9666304685081;1000.0;;270.0;;;;
2022-07-28 18:00:00;533.4397057367759;1000.0;;270.0;;;;
2022-07-28 19:00:00;647.6039130441287;1000.0;;270.0;;;;
2022-07-28 20:00:00;539.645157746871;1000.0;;270.0;;;;
2022-07-28 21:00:00;576.2103001832033;1000.0;;270.0;;;;
2022-07-28 22:00:00;585.5214101130618;1000.0;;270.0;;;;
2022-07-28 23:00:00;614.6397253988547;1000.0;;270.0;;;;
2022-07-29 00:00:00;592.2197671317591;1000.0;;270.0;;;;
2022-07-29 01:00:00;558.2689001740424;1000.0;;270.0;;;;
2022-07-29 02:00:00;541.8568549461768;1000.0;;270.0;;;;
2022-07-29 03:00:00;563.182800547503;1000.0;;270.0;;;;
2022-07-29 04:00:00;638.7005911816423;1000.0;;270.0;;;;
2022-07-29 05:00:00;480.6411670604964;1000.0;;270.0;;;;
2022-07-29 06:00:00;507.6451808153574;1000.0;;270.0;;;;
2022-07-29 07:00:00;511.1725858705924;1000.0;;270.0;;;;
2022-07-29 08:00:00;674.6297205987751;1000.0;;270.0;;;;
2022-07-29 09:00:00;629.2558324415775;1000.0;;270.0;;;;
2022-07-29 10:00:00;612.8835837284893;1000.0;;270.0;;;;
2022-07-29 11:00:00;473.9281342555553;1000.0;;270.0;;;;
2022-07-29 12:00:00;573.478985030975;1000.0;;270.0;;;;
2022-07-29 13:00:00;626.2560872169582;1000.0;;270.0;;;;
2022-07-29 14:00:00;610.8954650922026;1000.0;;270.0;;;;
2022-07-29 15:00:00;490.3914265304083;1000.0;;270.0;;;;
2022-07-29 16:00:00;500.9651073635065;1000.0;;270.0;;;;
2022-07-29 17:00:00;588.7696986714441;1000.0;;270.0;;;;
2022-07-29 18:00:00;479.4524814720367;1000.0;;270.0;;;;
2022-07-29 19:00:00;535.5660689682326;1000.0;;270.0;;;;
2022-07-29 20:00:00;599.6498724396456;1000.0;;270.0;;;;
2022-07-29 21:00:00;556.9601007946894;1000.0;;270.0;;;;
2022-07-29 22:00:00;583.9844255802759;1000.0;;270.0;;;;
2022-07-29 23:00:00;728.5350536881695;1000.0;;270.0;;;;
2022-07-30 00:00:00;623.229621213545;1000.0;;270.0;;;;
2022-07-30 01:00:00;505.7228470463693;1000.0;;270.0;;;;
2022-07-30 02:00:00;620.643490078438;1000.0;;270.0;;;;
2022-07-30 03:00:00;559.8194127640501;1000.0;;270.0;;;;
2022-07-30 04:00:00;619.8175693567266;1000.0;;270.0;;;;
2022-07-30 05:00:00;529.5434028574472;1000.0;;270.0;;;;
2022-07-30 06:00:00;613.5540709405849;1000.0;;270.0;;;;
2022-07-30 07:00:00;573.8157062396618;1000.0;;270.0;;;;
2022-07-30 08:00:00;536.4997838612135;1000.0;;270.0;;;;
2022-07-30 09:00:00;595.137503632107;1000.0;;270.0;;;;
2022-07-30 10:00:00;599.6712025777022;1000.0;;270.0;;;;
2022-07-30 11:00:00;557.8785154405035;1000.0;;270.0;;;;
2022-07-30 12:00:00;656.1268542556129;1000.0;;270.0;;;;
2022-07-30 13:00:00;594.0915228808158;1000.0;;270.0;;;;
2022-07-30 14:00:00;635.2098652678117;1000.0;;270.0;;;;
2022-07-30 15:00:00;580.8950585651871;1000.0;;270.0;;;;
2022-07-30 16:00:00;571.8463038815694;1000.0;;270.0;;;;
2022-07-30 17:00:00;583.0809119497266;1000.0;;270.0;;;;
2022-07-30 18:00:00;521.4261980240269;1000.0;;270.0;;;;
2022-07-30 19:00:00;579.4167034461619;1000.0;;270.0;;;;
2022-07-30 20:00:00;575.0470471008449;1000.0;;270.0;;;;
2022-07-30 21:00:00;653.6982678420425;1000.0;;270.0;;;;
2022-07-30 22:00:00;627.7054459945488;1000.0;;270.0;;;;
2022-07-30 23:00:00;579.4137852098922;1000.0;;270.0;;;;
2022-07-31 00:00:00;569.2422135566392;1000.0;;270.0;;;;
2022-07-31 01:00:00;446.5879926946761;1000.0;;270.0;;;;
2022-07-31 02:00:00;503.4212143089238;1000.0;;270.0;;;;
2022-07-31 03:00:00;557.6205781849692;1000.0;;270.0;;;;
2022-07-31 04:00:00;658.0256018242387;1000.0;;270.0;;;;
2022-07-31 05:00:00;591.649031659956;1000.0;;270.0;;;;
2022-07-31 06:00:00;617.7073586198168;1000.0;;270.0;;;;
2022-07-31 07:00:00;538.8697035223977;1000.0;;270.0;;;;
2022-07-31 08:00:00;597.2973233422098;1000.0;;270.0;;;;
2022-07-31 09:00:00;567.0840655651667;1000.0;;270.0;;;;
2022-07-31 10:00:00;594.679441615343;1000.0;;270.0;;;;
2022-07-31 11:00:00;700.7373611096881;1000.0;;270.0;;;;
2022-07-31 12:00:00;586.1586621336895;1000.0;;270.0;;;;
2022-07-31 13:00:00;583.7179049678764;1000.0;;270.0;;;;
2022-07-31 14:00:00;564.4444954373978;1000.0;;270.0;;;;
2022-07-31 15:00:00;477.515364198389;1000.0;;270.0;;;;
2022-07-31 16:00:00;531.1718344512802;1000.0;;270.0;;;;
2022-07-31 17:00:00;498.7957191907273;1000.0;;270.0;;;;
2022-07-31 18:00:00;552.259851883922;1000.0;;270.0;;;;
2022-07-31 19:00:00;501.1300880081519;1000.0;;270.0;;;;
2022-07-31 20:00:00;604.2148630037511;1000.0;;270.0;;;;
2022-07-31 21:00:00;469.4769046300778;1000.0;;270.0;;;;
2022-07-31 22:00:00;608.9816091379491;1000.0;;270.0;;;;
2022-07-31 23:00:00;656.6896694795346;1000.0;;270.0;;;;
2022-08-01 00:00:00;524.6178703583274;1000.0;;270.0;;;;
2022-08-01 01:00:00;644.9555436178316;1000.0;;270.0;;;;
2022-08-01 02:00:00;548.3038519140472;1000.0;;270.0;;;;
2022-08-01 03:00:00;544.2218931468328;1000.0;;270.0;;;;
2022-08-01 04:00:00;656.3352911405008;1000.0;;270.0;;;;
2022-08-01 05:00:00;699.1191506179655;1000.0;;270.0;;;;
2022-08-01 06:00:00;521.5171197239906;1000.0;;270.0;;;;
2022-08-01 07:00:00;596.6449552715261;1000.0;;270.0;;;;
2022-08-01 08:00:00;523.8383490528112;1000.0;;270.0;;;;
2022-08-01 09:00:00;615.3001550943844;1000.0;;270.0;;;;
2022-08-01 10:00:00;621.3702347000127;1000.0;;270.0;;;;
2022-08-01 11:00:00;512.5892963719399;1000.0;;270.0;;;;
2022-08-01 12:00:00;453.8590733525187;1000.0;;270.0;;;;
2022-08-01 13:00:00;650.1021145762783;1000.0;;270.0;;;;
2022-08-01 14:00:00;546.7064177471582;1000.0;;270.0;;;;
2022-08-01 15:00:00;546.25457189603;1000.0;;270.0;;;;
2022-08-01 16:00:00;664.8005235855192;1000.0;;270.0;;;;
2022-08-01 17:00:00;553.8353766788302;1000.0;;270.0;;;;
2022-08-01 18:00:00;570.8747989505235;1000.0;;270.0;;;;
2022-08-01 19:00:00;482.0543185910747;1000.0;;270.0;;;;
2022-08-01 20:00:00;596.458600047988;1000.0;;270.0;;;;
2022-08-01 21:00:00;651.555518916383;1000.0;;270.0;;;;
2022-08-01 22:00:00;640.4868069511906;1000.0;;270.0;;;;
2022-08-01 23:00:00;603.8367889464965;1000.0;;270.0;;;;
2022-08-02 00:00:00;540.8019726385755;1000.0;;270.0;;;;
2022-08-02 01:00:00;573.9224913351449;1000.0;;270.0;;;;
2022-08-02 02:00:00;588.4494184250648;1000.0;;270.0;;;;
2022-08-02 03:00:00;530.396622068211;1000.0;;270.0;;;;
2022-08-02 04:00:00;592.6637806267754;1000.0;;270.0;;;;
2022-08-02 05:00:00;658.8957747650176;1000.0;;270.0;;;;
2022-08-02 06:00:00;549.6457745104814;1000.0;;270.0;;;;
2022-08-02 07:00:00;540.1031915294353;1000.0;;270.0;;;;
2022-08-02 08:00:00;581.3746190468433;1000.0;;270.0;;;;
2022-08-02 09:00:00;576.133041143934;1000.0;;270.0;;;;
2022-08-02 10:00:00;491.8193867760317;1000.0;;270.0;;;;
2022-08-02 11:00:00;556.6435460124424;1000.0;;270.0;;;;
2022-08-02 12:00:00;512.1380548504111;1000.0;;270.0;;;;
2022-08-02 13:00:00;499.4568156600235;1000.0;;270.0;;;;
2022-08-02 14:00:00;625.1828839092501;1000.0;;270.0;;;;
2022-08-02 15:00:00;557.6373482291464;1000.0;;270.0;;;;
2022-08-02 16:00:00;526.8750778587332;1000.0;;270.0;;;;
2022-08-02 17:00:00;669.1343115710818;1000.0;;270.0;;;;
2022-08-02 18:00:00;478.9091008475713;1000.0;;270.0;;;;
2022-08-02 19:00:00;615.9521217158809;1000.0;;270.0;;;;
2022-08-02 20:00:00;513.9762336051712;1000.0;;270.0;;;;
2022-08-02 21:00:00;604.574176565909;1000.0;;270.0;;;;
2022-08-02 22:00:00;468.8384587756797;1000.0;;270.0;;;;
2022-08-02 23:00:00;541.193103475134;1000.0;;270.0;;;;
2022-08-03 00:00:00;664.7067562517556;1000.0;;270.0;;;;
2022-08-03 01:00:00;519.9325027661006;1000.0;;270.0;;;;
2022-08-03 02:00:00;570.1509348145361;1000.0;;270.0;;;;
2022-08-03 03:00:00;602.8281463229509;1000.0;;270.0;;;;
2022-08-03 04:00:00;598.8033089939394;1000.0;;270.0;;;;
2022-08-03 05:00:00;605.2481390445398;1000.0;;270.0;;;;
2022-08-03 06:00:00;552.7179821441988;1000.0;;270.0;;;;
2022-08-03 07:00:00;587.1976884661964;1000.0;;270.0;;;;
2022-08-03 08:00:00;620.2717416270608;1000.0;;270.0;;;;
2022-08-03 09:00:00;504.1357509310096;1000.0;;270.0;;;;
2022-08-03 10:00:00;523.6180890539041;1000.0;;270.0;;;;
2022-08-03 11:00:00;619.6629200512505;1000.0;;270.0;;;;
2022-08-03 12:00:00;658.4770823091379;1000.0;;270.0;;;;
2022-08-03 13:00:00;638.5477180571662;1000.0;;270.0;;;;
2022-08-03 14:00:00;600.4447127947731;1000.0;;270.0;;;;
2022-08-03 15:00:00;410.3866734777828;1000.0;;270.0;;;;
2022-08-03 16:00:00;555.383084599187;1000.0;;270.0;;;;
2022-08-03 17:00:00;575.4944518658405;1000.0;;270.0;;;;
2022-08-03 18:00:00;567.5090023008178;1000.0;;270.0;;;;
2022-08-03 19:00:00;602.0865098591051;1000.0;;270.0;;;;
2022-08-03 20:00:00;604.6458435783941;1000.0;;270.0;;;;
2022-08-03 21:00:00;566.991724110081;1000.0;;270.0;;;;
2022-08-03 22:00:00;572.4582221973421;1000.0;;270.0;;;;
2022-08-03 23:00:00;592.8967411488206;1000.0;;270.0;;;;
2022-08-04 00:00:00;540.5446359915669;1000.0;;270.0;;;;
2022-08-04 01:00:00;646.5401850634333;1000.0;;270.0;;;;
2022-08-04 02:00:00;573.8343306000381;1000.0;;270.0;;;;
2022-08-04 03:00:00;574.4427823009559;1000.0;;270.0;;;;
2022-08-04 04:00:00;488.692853362816;1000.0;;270.0;;;;
2022-08-04 05:00:00;546.186057342108;1000.0;;270.0;;;;
2022-08-04 06:00:00;574.1869355640158;1000.0;;270.0;;;;
2022-08-04 07:00:00;716.1230841194274;1000.0;;270.0;;;;
2022-08-04 08:00:00;551.9705853380304;1000.0;;270.0;;;;
2022-08-04 09:00:00;530.4216137187019;1000.0;;270.0;;;;
2022-08-04 10:00:00;576.9394344166783;1000.0;;270.0;;;;
2022-08-04 11:00:00;478.6176462164748;1000.0;;270.0;;;;
2022-08-04 12:00:00;608.4818696815356;1000.0;;270.0;;;;
2022-08-04 13:00:00;559.6722895594212;1000.0;;270.0;;;;
2022-08-04 14:00:00;481.0869906288502;1000.0;;270.0;;;;
2022-08-04 15:00:00;632.4766563316379;1000.0;;270.0;;;;
2022-08-04 16:00:00;577.8742870144938;1000.0;;270.0;;;;
2022-08-04 17:00:00;587.9300783256916;1000.0;;270.0;;;;
2022-08-04 18:00:00;588.1755914614968;1000.0;;270.0;;;;
2022-08-04 19:00:00;639.2312041030707;1000.0;;270.0;;;;
2022-08-04 20:00:00;525.3838517536199;1000.0;;270.0;;;;
2022-08-04 21:00:00;582.7962632132026;1000.0;;270.0;;;;
2022-08-04 22:00:00;565.3796467403139;1000.0;;270.0;;;;
2022-08-04 23:00:00;593.7319688082763;1000.0;;270.0;;;;
2022-08-05 00:00:00;670.078080394786;1000.0;;270.0;;;;
2022-08-05 01:00:00;540.3879434878385;1000.0;;270.0;;;;
2022-08-05 02:00:00;570.0984092451116;1000.0;;270.0;;;;
2022-08-05 03:00:00;643.6931398257558;1000.0;;270.0;;;;
2022-08-05 04:00:00;582.5408325213879;1000.0;;270.0;;;;
2022-08-05 05:00:00;540.4580998423621;1000.0;;270.0;;;;
2022-08-05 06:00:00;645.6790884088873;1000.0;;270.0;;;;
2022-08-05 07:00:00;494.0513835941031;1000.0;;270.0;;;;
2022-08-05 08:00:00;552.6434867332308;1000.0;;270.0;;;;
2022-08-05 09:00:00;652.9344947894381;1000.0;;270.0;;;;
2022-08-05 10:00:00;606.4460627688211;1000.0;;270.0;;;;
2022-08-05 11:00:00;522.7512542253224;1000.0;;270.0;;;;
2022-08-05 12:00:00;653.7306903528124;1000.0;;270.0;;;;
2022-08-05 13:00:00;608.5420720661883;1000.0;;270.0;;;;
2022-08-05 14:00:00;566.3743211130221;1000.0;;270.0;;;;
2022-08-05 15:00:00;572.1830893459104;1000.0;;270.0;;;;
2022-08-05 16:00:00;539.8972048420399;1000.0;;270.0;;;;
2022-08-05 17:00:00;538.2747244668489;1000.0;;270.0;;;;
2022-08-05 18:00:00;674.0143347839281;1000.0;;270.0;;;;
2022-08-05 19:00:00;637.0978438681695;1000.0;;270.0;;;;
2022-08-05 20:00:00;636.9318951241004;1000.0;;270.0;;;;
2022-08-05 21:00:00;515.3461944545485;1000.0;;270.0;;;;
2022-08-05 22:00:00;553.0874564916356;1000.0;;270.0;;;;
2022-08-05 23:00:00;509.3080300354886;1000.0;;270.0;;;;
2022-08-06 00:00:00;535.3437315928768;1000.0;;270.0;;;;
2022-08-06 01:00:00;616.8725584170668;1000.0;;270.0;;;;
2022-08-06 02:00:00;468.0269693842597;1000.0;;270.0;;;;
2022-08-06 03:00:00;602.9571431575282;1000.0;;270.0;;;;
2022-08-06 04:00:00;614.604608281483;1000.0;;270.0;;;;
2022-08-06 05:00:00;391.4036682292264;1000.0;;270.0;;;;
2022-08-06 06:00:00;585.6144427653697;1000.0;;270.0;;;;
2022-08-06 07:00:00;423.3590213962062;1000.0;;270.0;;;;
2022-08-06 08:00:00;592.4143855433427;1000.0;;270.0;;;;
2022-08-06 09:00:00;546.3301672733692;1000.0;;270.0;;;;
2022-08-06 10:00:00;648.4528303111341;1000.0;;270.0;;;;
2022-08-06 11:00:00;575.5316079045282;1000.0;;270.0;;;;
2022-08-06 12:00:00;485.2801492786541;1000.0;;270.0;;;;
2022-08-06 13:00:00;516.5620591385232;1000.0;;270.0;;;;
2022-08-06 14:00:00;599.2431422765279;1000.0;;270.0;;;;
2022-08-06 15:00:00;539.4452780092022;1000.0;;270.0;;;;
2022-08-06 16:00:00;465.1040716502971;1000.0;;270.0;;;;
2022-08-06 17:00:00;454.7611663453526;1000.0;;270.0;;;;
2022-08-06 18:00:00;516.0203505675704;1000.0;;270.0;;;;
2022-08-06 19:00:00;583.288614064886;1000.0;;270.0;;;;
2022-08-06 20:00:00;530.0937705314781;1000.0;;270.0;;;;
2022-08-06 21:00:00;469.1568803512305;1000.0;;270.0;;;;
2022-08-06 22:00:00;642.4793822645602;1000.0;;270.0;;;;
2022-08-06 23:00:00;562.0529193369198;1000.0;;270.0;;;;
2022-08-07 00:00:00;595.7997001117649;1000.0;;270.0;;;;
2022-08-07 01:00:00;466.2680720326446;1000.0;;270.0;;;;
2022-08-07 02:00:00;624.3977318162368;1000.0;;270.0;;;;
2022-08-07 03:00:00;500.4296271567121;1000.0;;270.0;;;;
2022-08-07 04:00:00;624.2506468809718;1000.0;;270.0;;;;
2022-08-07 05:00:00;570.5672741375331;1000.0;;270.0;;;;
2022-08-07 06:00:00;578.5341704206049;1000.0;;270.0;;;;
2022-08-07 07:00:00;535.5416139728753;1000.0;;270.0;;;;
2022-08-07 08:00:00;543.7907230439665;1000.0;;270.0;;;;
2022-08-07 09:00:00;541.7113608829713;1000.0;;270.0;;;;
2022-08-07 10:00:00;535.4771992733786;1000.0;;270.0;;;;
2022-08-07 11:00:00;561.5024506034035;1000.0;;270.0;;;;
2022-08-07 12:00:00;509.1194133963799;1000.0;;270.0;;;;
2022-08-07 13:00:00;582.0674044622748;1000.0;;270.0;;;;
2022-08-07 14:00:00;500.5142437835528;1000.0;;270.0;;;;
2022-08-07 15:00:00;617.2121169317435;1000.0;;270.0;;;;
2022-08-07 16:00:00;599.8274467322593;1000.0;;270.0;;;;
2022-08-07 17:00:00;521.4750742130411;1000.0;;270.0;;;;
2022-08-07 18:00:00;518.9579647558663;1000.0;;270.0;;;;
2022-08-07 19:00:00;568.7623437622857;1000.0;;270.0;;;;
2022-08-07 20:00:00;582.3005626600292;1000.0;;270.0;;;;
2022-08-07 21:00:00;498.6045911242248;1000.0;;270.0;;;;
2022-08-07 22:00:00;454.8054411300384;1000.0;;270.0;;;;
2022-08-07 23:00:00;608.2143260040353;1000.0;;270.0;;;;
2022-08-08 00:00:00;546.6068888439494;1000.0;;270.0;;;;
2022-08-08 01:00:00;614.3395839969471;1000.0;;270.0;;;;
2022-08-08 02:00:00;608.8948948946128;1000.0;;270.0;;;;
2022-08-08 03:00:00;510.8971615835126;1000.0;;270.0;;;;
2022-08-08 04:00:00;527.6973827565891;1000.0;;270.0;;;;
2022-08-08 05:00:00;538.5756901373586;1000.0;;270.0;;;;
2022-08-08 06:00:00;553.9159087184074;1000.0;;270.0;;;;
2022-08-08 07:00:00;430.2327784455808;1000.0;;270.0;;;;
2022-08-08 08:00:00;611.0061720287204;1000.0;;270.0;;;;
2022-08-08 09:00:00;566.2370268342308;1000.0;;270.0;;;;
2022-08-08 10:00:00;580.1096249666605;1000.0;;270.0;;;;
2022-08-08 11:00:00;537.3066151803528;1000.0;;270.0;;;;
2022-08-08 12:00:00;583.1143943995846;1000.0;;270.0;;;;
2022-08-08 13:00:00;587.0576572171926;1000.0;;270.0;;;;
2022-08-08 14:00:00;594.1652353013452;1000.0;;270.0;;;;
2022-08-08 15:00:00;606.8270300530596;1000.0;;270.0;;;;
2022-08-08 16:00:00;633.4282253104511;1000.0;;270.0;;;;
2022-08-08 17:00:00;535.5808053347456;1000.0;;270.0;;;;
2022-08-08 18:00:00;555.5066409310786;1000.0;;270.0;;;;
2022-08-08 19:00:00;574.2498165730499;1000.0;;270.0;;;;
2022-08-08 20:00:00;486.244361826182;1000.0;;270.0;;;;
2022-08-08 21:00:00;658.3348041771122;1000.0;;270.0;;;;
2022-08-08 22:00:00;721.9364650037414;1000.0;;270.0;;;;
2022-08-08 23:00:00;519.9974477680188;1000.0;;270.0;;;;
2022-08-09 00:00:00;509.3338405202493;1000.0;;270.0;;;;
2022-08-09 01:00:00;566.3026441530909;1000.0;;270.0;;;;
2022-08-09 02:00:00;548.2068694551277;1000.0;;270.0;;;;
2022-08-09 03:00:00;680.5693127472797;1000.0;;270.0;;;;
2022-08-09 04:00:00;592.9674931562624;1000.0;;270.0;;;;
2022-08-09 05:00:00;684.7907564893632;1000.0;;270.0;;;;
2022-08-09 06:00:00;466.9450570839363;1000.0;;270.0;;;;
2022-08-09 07:00:00;476.0605128152297;1000.0;;270.0;;;;
2022-08-09 08:00:00;591.1602563922712;1000.0;;270.0;;;;
2022-08-09 09:00:00;469.6727701516285;1000.0;;270.0;;;;
2022-08-09 10:00:00;546.4046122081555;1000.0;;270.0;;;;
2022-08-09 11:00:00;626.5381049162918;1000.0;;270.0;;;;
2022-08-09 12:00:00;620.4128741154124;1000.0;;270.0;;;;
2022-08-09 13:00:00;649.1010345384892;1000.0;;270.0;;;;
2022-08-09 14:00:00;605.5653582666122;1000.0;;270.0;;;;
2022-08-09 15:00:00;579.8524608270936;1000.0;;270.0;;;;
2022-08-09 16:00:00;530.5338307349278;1000.0;;270.0;;;;
2022-08-09 17:00:00;581.0851470968321;1000.0;;270.0;;;;
2022-08-09 18:00:00;578.6360049938038;1000.0;;270.0;;;;
2022-08-09 19:00:00;599.4901095461079;1000.0;;270.0;;;;
2022-08-09 20:00:00;637.7633052973812;1000.0;;270.0;;;;
2022-08-09 21:00:00;554.8037389922449;1000.0;;270.0;;;;
2022-08-09 22:00:00;541.203202593595;1000.0;;270.0;;;;
2022-08-09 23:00:00;538.1081159785128;1000.0;;270.0;;;;
2022-08-10 00:00:00;579.6642427509843;1000.0;;270.0;;;;
2022-08-10 01:00:00;464.8367019939171;1000.0;;270.0;;;;
2022-08-10 02:00:00;583.9896648968561;1000.0;;270.0;;;;
2022-08-10 03:00:00;514.8271327818394;1000.0;;270.0;;;;
2022-08-10 04:00:00;548.1899712675809;1000.0;;270.0;;;;
2022-08-10 05:00:00;528.2528320840238;1000.0;;270.0;;;;
2022-08-10 06:00:00;604.8926374051518;1000.0;;270.0;;;;
2022-08-10 07:00:00;507.2223459908453;1000.0;;270.0;;;;
2022-08-10 08:00:00;528.741761110786;1000.0;;270.0;;;;
2022-08-10 09:00:00;507.2214092035125;1000.0;;270.0;;;;
2022-08-10 10:00:00;573.4498993851482;1000.0;;270.0;;;;
2022-08-10 11:00:00;597.7363473450462;1000.0;;270.0;;;;
2022-08-10 12:00:00;535.412173206981;1000.0;;270.0;;;;
2022-08-10 13:00:00;635.5033183433077;1000.0;;270.0;;;;
2022-08-10 14:00:00;448.1529573358361;1000.0;;270.0;;;;
2022-08-10 15:00:00;413.0510983138928;1000.0;;270.0;;;;
2022-08-10 16:00:00;555.7890653810094;1000.0;;270.0;;;;
2022-08-10 17:00:00;514.3537957141244;1000.0;;270.0;;;;
2022-08-10 18:00:00;461.716997802418;1000.0;;270.0;;;;
2022-08-10 19:00:00;641.4958248622195;1000.0;;270.0;;;;
2022-08-10 20:00:00;555.8880487152327;1000.0;;270.0;;;;
2022-08-10 21:00:00;593.5863686611642;1000.0;;270.0;;;;
2022-08-10 22:00:00;503.7169686045805;1000.0;;270.0;;;;
2022-08-10 23:00:00;566.3536410118975;1000.0;;270.0;;;;
2022-08-11 00:00:00;640.6638375510945;1000.0;;270.0;;;;
2022-08-11 01:00:00;579.4684893745899;1000.0;;270.0;;;;
2022-08-11 02:00:00;447.3872808362931;1000.0;;270.0;;;;
2022-08-11 03:00:00;575.6423241512833;1000.0;;270.0;;;;
2022-08-11 04:00:00;580.792424649251;1000.0;;270.0;;;;
2022-08-11 05:00:00;544.3845961597146;1000.0;;270.0;;;;
2022-08-11 06:00:00;563.3344093049606;1000.0;;270.0;;;;
2022-08-11 07:00:00;446.9484931372595;1000.0;;270.0;;;;
2022-08-11 08:00:00;603.221976371227;1000.0;;270.0;;;;
2022-08-11 09:00:00;667.2852308435124;1000.0;;270.0;;;;
2022-08-11 10:00:00;574.7594491981625;1000.0;;270.0;;;;
2022-08-11 11:00:00;568.6654684205433;1000.0;;270.0;;;;
2022-08-11 12:00:00;615.0156235000042;1000.0;;270.0;;;;
2022-08-11 13:00:00;552.5071336744109;1000.0;;270.0;;;;
2022-08-11 14:00:00;716.5615492566413;1000.0;;270.0;;;;
2022-08-11 15:00:00;562.5112329465592;1000.0;;270.0;;;;
2022-08-11 16:00:00;497.8179996493877;1000.0;;270.0;;;;
2022-08-11 17:00:00;535.508641372993;1000.0;;270.0;;;;
2022-08-11 18:00:00;511.7683509731853;1000.0;;270.0;;;;
2022-08-11 19:00:00;726.4147529701697;1000.0;;270.0;;;;
2022-08-11 20:00:00;443.1762729052148;1000.0;;270.0;;;;
2022-08-11 21:00:00;508.3720095983236;1000.0;;270.0;;;;
2022-08-11 22:00:00;640.9952023152889;1000.0;;270.0;;;;
2022-08-11 23:00:00;666.036257867521;1000.0;;270.0;;;;
2022-08-12 00:00:00;641.6327929680431;1000.0;;270.0;;;;
2022-08-12 01:00:00;570.6170916873536;1000.0;;270.0;;;;
2022-08-12 02:00:00;489.0522919681995;1000.0;;270.0;;;;
2022-08-12 03:00:00;557.5718314931217;1000.0;;270.0;;;;
2022-08-12 04:00:00;476.5386276987411;1000.0;;270.0;;;;
2022-08-12 05:00:00;641.5637802018175;1000.0;;270.0;;;;
2022-08-12 06:00:00;554.9513568884136;1000.0;;270.0;;;;
2022-08-12 07:00:00;568.2113940273196;1000.0;;270.0;;;;
2022-08-12 08:00:00;645.3487971567017;1000.0;;270.0;;;;
2022-08-12 09:00:00;581.4382105861563;1000.0;;270.0;;;;
2022-08-12 10:00:00;634.4234820565077;1000.0;;270.0;;;;
2022-08-12 11:00:00;515.8403172056304;1000.0;;270.0;;;;
2022-08-12 12:00:00;569.5278874832251;1000.0;;270.0;;;;
2022-08-12 13:00:00;543.5534791142047;1000.0;;270.0;;;;
2022-08-12 14:00:00;526.6150860130803;1000.0;;270.0;;;;
2022-08-12 15:00:00;518.8324488611543;1000.0;;270.0;;;;
2022-08-12 16:00:00;451.8685858130876;1000.0;;270.0;;;;
2022-08-12 17:00:00;704.2946582173795;1000.0;;270.0;;;;
2022-08-12 18:00:00;559.3181268624022;1000.0;;270.0;;;;
2022-08-12 19:00:00;672.3241131583776;1000.0;;270.0;;;;
2022-08-12 20:00:00;605.5844459198877;1000.0;;270.0;;;;
2022-08-12 21:00:00;520.0110572396896;1000.0;;270.0;;;;
2022-08-12 22:00:00;597.6331609443324;1000.0;;270.0;;;;
2022-08-12 23:00:00;641.6704902603593;1000.0;;270.0;;;;
2022-08-13 00:00:00;587.9298387830872;1000.0;;270.0;;;;
2022-08-13 01:00:00;552.380546295859;1000.0;;270.0;;;;
2022-08-13 02:00:00;534.6946280864552;1000.0;;270.0;;;;
2022-08-13 03:00:00;581.2240372241254;1000.0;;270.0;;;;
2022-08-13 04:00:00;445.6042310357599;1000.0;;270.0;;;;
2022-08-13 05:00:00;490.1418605809811;1000.0;;270.0;;;;
2022-08-13 06:00:00;645.5269527471526;1000.0;;270.0;;;;
2022-08-13 07:00:00;607.0769790832677;1000.0;;270.0;;;;
2022-08-13 08:00:00;513.3902177456318;1000.0;;270.0;;;;
2022-08-13 09:00:00;572.0476385280926;1000.0;;270.0;;;;
2022-08-13 10:00:00;654.1890537914906;1000.0;;270.0;;;;
2022-08-13 11:00:00;486.9840105343119;1000.0;;270.0;;;;
2022-08-13 12:00:00;598.6953405679577;1000.0;;270.0;;;;
2022-08-13 13:00:00;486.7606847788708;1000.0;;270.0;;;;
2022-08-13 14:00:00;528.1260278900596;1000.0;;270.0;;;;
2022-08-13 15:00:00;643.0616820723972;1000.0;;270.0;;;;
2022-08-13 16:00:00;588.4406158773861;1000.0;;270.0;;;;
2022-08-13 17:00:00;542.2699053439302;1000.0;;270.0;;;;
2022-08-13 18:00:00;539.6088528910761;1000.0;;270.0;;;;
2022-08-13 19:00:00;593.6917971028481;1000.0;;270.0;;;;
2022-08-13 20:00:00;527.4823245019189;1000.0;;270.0;;;;
2022-08-13 21:00:00;529.4189866217557;1000.0;;270.0;;;;
2022-08-13 22:00:00;577.1892004414987;1000.0;;270.0;;;;
2022-08-13 23:00:00;623.9428917653579;1000.0;;270.0;;;;
2022-08-14 00:00:00;661.6117025940301;1000.0;;270.0;;;;
2022-08-14 01:00:00;514.4686778267899;1000.0;;270.0;;;;
2022-08-14 02:00:00;542.622650180305;1000.0;;270.0;;;;
2022-08-14 03:00:00;555.4165109279888;1000.0;;270.0;;;;
2022-08-14 04:00:00;533.9990719797768;1000.0;;270.0;;;;
2022-08-14 05:00:00;538.8678591539336;1000.0;;270.0;;;;
2022-08-14 06:00:00;518.6867012156193;1000.0;;270.0;;;;
2022-08-14 07:00:00;560.3030483941341;1000.0;;270.0;;;;
2022-08-14 08:00:00;526.3160563301685;1000.0;;270.0;;;;
2022-08-14 09:00:00;488.1467388125404;1000.0;;270.0;;;;
2022-08-14 10:00:00;542.8167515829921;1000.0;;270.0;;;;
2022-08-14 11:00:00;595.4661408973058;1000.0;;270.0;;;;
2022-08-14 12:00:00;499.2805598783759;1000.0;;270.0;;;;
2022-08-14 13:00:00;525.7572112677906;1000.0;;270.0;;;;
2022-08-14 14:00:00;480.3238593317186;1000.0;;270.0;;;;
2022-08-14 15:00:00;557.0914942556446;1000.0;;270.0;;;;
2022-08-14 16:00:00;587.7538564746069;1000.0;;270.0;;;;
2022-08-14 17:00:00;624.1964447484738;1000.0;;270.0;;;;
2022-08-14 18:00:00;547.6824165451842;1000.0;;270.0;;;;
2022-08-14 19:00:00;531.0846010409364;1000.0;;270.0;;;;
2022-08-14 20:00:00;512.5187834721602;1000.0;;270.0;;;;
2022-08-14 21:00:00;585.567598225886;1000.0;;270.0;;;;
2022-08-14 22:00:00;606.9223821893255;1000.0;;270.0;;;;
2022-08-14 23:00:00;580.1373262707215;1000.0;;270.0;;;;
2022-08-15 00:00:00;558.26863665142;1000.0;;270.0;;;;
2022-08-15 01:00:00;598.1163260606481;1000.0;;270.0;;;;
2022-08-15 02:00:00;568.2438575364996;1000.0;;270.0;;;;
2022-08-15 03:00:00;694.1252798973834;1000.0;;270.0;;;;
2022-08-15 04:00:00;642.7791867126044;1000.0;;270.0;;;;
2022-08-15 05:00:00;515.2945397563426;1000.0;;270.0;;;;
2022-08-15 06:00:00;615.1680690535914;1000.0;;270.0;;;;
2022-08-15 07:00:00;591.698723894507;1000.0;;270.0;;;;
2022-08-15 08:00:00;617.422518210678;1000.0;;270.0;;;;
2022-08-15 09:00:00;577.3509656476547;1000.0;;270.0;;;;
2022-08-15 10:00:00;586.1327325794114;1000.0;;270.0;;;;
2022-08-15 11:00:00;546.1212326835403;1000.0;;270.0;;;;
2022-08-15 12:00:00;527.5442095078243;1000.0;;270.0;;;;
2022-08-15 13:00:00;620.1535608630278;1000.0;;270.0;;;;
2022-08-15 14:00:00;621.4392834187676;1000.0;;270.0;;;;
2022-08-15 15:00:00;631.8927066938481;1000.0;;270.0;;;;
2022-08-15 16:00:00;470.3892409316086;1000.0;;270.0;;;;
2022-08-15 17:00:00;519.6943080963349;1000.0;;270.0;;;;
2022-08-15 18:00:00;508.3063808811608;1000.0;;270.0;;;;
2022-08-15 19:00:00;670.6460355262587;1000.0;;270.0;;;;
2022-08-15 20:00:00;530.6651777774289;1000.0;;270.0;;;;
2022-08-15 21:00:00;703.9119201266399;1000.0;;270.0;;;;
2022-08-15 22:00:00;552.8046586789619;1000.0;;270.0;;;;
2022-08-15 23:00:00;582.7631470129205;1000.0;;270.0;;;;
2022-08-16 00:00:00;618.6495962794501;1000.0;;270.0;;;;
2022-08-16 01:00:00;696.9125420696512;1000.0;;270.0;;;;
2022-08-16 02:00:00;563.524478745677;1000.0;;270.0;;;;
2022-08-16 03:00:00;609.760799050795;1000.0;;270.0;;;;
2022-08-16 04:00:00;548.9427430888707;1000.0;;270.0;;;;
2022-08-16 05:00:00;545.9353751935307;1000.0;;270.0;;;;
2022-08-16 06:00:00;565.221585080981;1000.0;;270.0;;;;
2022-08-16 07:00:00;600.320600766619;1000.0;;270.0;;;;
2022-08-16 08:00:00;513.1789838453186;1000.0;;270.0;;;;
2022-08-16 09:00:00;576.3379284592204;1000.0;;270.0;;;;
2022-08-16 10:00:00;564.1753875333617;1000.0;;270.0;;;;
2022-08-16 11:00:00;596.8068374394829;1000.0;;270.0;;;;
2022-08-16 12:00:00;513.639050846462;1000.0;;270.0;;;;
2022-08-16 13:00:00;577.2722456709755;1000.0;;270.0;;;;
2022-08-16 14:00:00;607.0385367696142;1000.0;;270.0;;;;
2022-08-16 15:00:00;577.4132809902651;1000.0;;270.0;;;;
2022-08-16 16:00:00;535.58012463578;1000.0;;270.0;;;;
2022-08-16 17:00:00;534.9299496702372;1000.0;;270.0;;;;
2022-08-16 18:00:00;608.403175867005;1000.0;;270.0;;;;
2022-08-16 19:00:00;468.2130595558456;1000.0;;270.0;;;;
2022-08-16 20:00:00;497.0455539543079;1000.0;;270.0;;;;
2022-08-16 21:00:00;518.3832426107741;1000.0;;270.0;;;;
2022-08-16 22:00:00;606.5956359136751;1000.0;;270.0;;;;
2022-08-16 23:00:00;584.9437351843716;1000.0;;270.0;;;;
2022-08-17 00:00:00;561.3586827555546;1000.0;;270.0;;;;
2022-08-17 01:00:00;555.1050445264023;1000.0;;270.0;;;;
2022-08-17 02:00:00;684.493415093537;1000.0;;270.0;;;;
2022-08-17 03:00:00;520.1206398775337;1000.0;;270.0;;;;
2022-08-17 04:00:00;616.4231590951715;1000.0;;270.0;;;;
2022-08-17 05:00:00;545.28966485678;1000.0;;270.0;;;;
2022-08-17 06:00:00;553.7382257061887;1000.0;;270.0;;;;
2022-08-17 07:00:00;582.0765571991806;1000.0;;270.0;;;;
2022-08-17 08:00:00;510.4952262047933;1000.0;;270.0;;;;
2022-08-17 09:00:00;583.9496650423813;1000.0;;270.0;;;;
2022-08-17 10:00:00;628.6855289091261;1000.0;;270.0;;;;
2022-08-17 11:00:00;578.7539284064553;1000.0;;270.0;;;;
2022-08-17 12:00:00;641.1672694251341;1000.0;;270.0;;;;
2022-08-17 13:00:00;547.7451999962033;1000.0;;270.0;;;;
2022-08-17 14:00:00;640.6281241022333;1000.0;;270.0;;;;
2022-08-17 15:00:00;622.9416014379514;1000.0;;270.0;;;;
2022-08-17 16:00:00;505.6804465468231;1000.0;;270.0;;;;
2022-08-17 17:00:00;524.8949078303718;1000.0;;270.0;;;;
2022-08-17 18:00:00;618.6314273631351;1000.0;;270.0;;;;
2022-08-17 19:00:00;561.8193310592577;1000.0;;270.0;;;;
2022-08-17 20:00:00;529.7066972262969;1000.0;;270.0;;;;
2022-08-17 21:00:00;516.1270143911536;1000.0;;270.0;;;;
2022-08-17 22:00:00;521.1677209645552;1000.0;;270.0;;;;
2022-08-17 23:00:00;524.8152806783089;1000.0;;270.0;;;;
2022-08-18 00:00:00;554.1373754093961;1000.0;;270.0;;;;
2022-08-18 01:00:00;607.572545147418;1000.0;;270.0;;;;
2022-08-18 02:00:00;602.4286185833234;1000.0;;270.0;;;;
2022-08-18 03:00:00;459.779962777377;1000.0;;270.0;;;;
2022-08-18 04:00:00;660.2613448751379;1000.0;;270.0;;;;
2022-08-18 05:00:00;618.065525649454;1000.0;;270.0;;;;
2022-08-18 06:00:00;757.1430125229489;1000.0;;270.0;;;;
2022-08-18 07:00:00;483.3809763830441;1000.0;;270.0;;;;
2022-08-18 08:00:00;554.6713132765252;1000.0;;270.0;;;;
2022-08-18 09:00:00;546.8899408488159;1000.0;;270.0;;;;
2022-08-18 10:00:00;522.8224294875761;1000.0;;270.0;;;;
2022-08-18 11:00:00;588.1719212953996;1000.0;;270.0;;;;
2022-08-18 12:00:00;510.8497257035356;1000.0;;270.0;;;;
2022-08-18 13:00:00;561.9666801677171;1000.0;;270.0;;;;
2022-08-18 14:00:00;553.8869859584297;1000.0;;270.0;;;;
2022-08-18 15:00:00;595.1732018297574;1000.0;;270.0;;;;
2022-08-18 16:00:00;586.1723490459689;1000.0;;270.0;;;;
2022-08-18 17:00:00;541.0636803878982;1000.0;;270.0;;;;
2022-08-18 18:00:00;522.6906860073536;1000.0;;270.0;;;;
2022-08-18 19:00:00;531.4741287185901;1000.0;;270.0;;;;
2022-08-18 20:00:00;565.664924986564;1000.0;;270.0;;;;
2022-08-18 21:00:00;559.6036476121742;1000.0;;270.0;;;;
2022-08-18 22:00:00;591.7520439667924;1000.0;;270.0;;;;
2022-08-18 23:00:00;503.2151111681922;1000.0;;270.0;;;;
2022-08-19 00:00:00;529.5556053290743;1000.0;;270.0;;;;
2022-08-19 01:00:00;633.3054247551096;1000.0;;270.0;;;;
2022-08-19 02:00:00;628.0068509433864;1000.0;;270.0;;;;
2022-08-19 03:00:00;491.4293814506935;1000.0;;270.0;;;;
2022-08-19 04:00:00;533.1716470942239;1000.0;;270.0;;;;
2022-08-19 05:00:00;581.5061990737178;1000.0;;270.0;;;;
2022-08-19 06:00:00;527.5743730849597;1000.0;;270.0;;;;
2022-08-19 07:00:00;558.9473374836854;1000.0;;270.0;;;;
2022-08-19 08:00:00;551.7655140963777;1000.0;;270.0;;;;
2022-08-19 09:00:00;515.3355826936172;1000.0;;270.0;;;;
2022-08-19 10:00:00;468.606153608504;1000.0;;270.0;;;;
2022-08-19 11:00:00;597.3373530231837;1000.0;;270.0;;;;
2022-08-19 12:00:00;524.4219998758638;1000.0;;270.0;;;;
2022-08-19 13:00:00;560.0761795649911;1000.0;;270.0;;;;
2022-08-19 14:00:00;571.3864915519105;1000.0;;270.0;;;;
2022-08-19 15:00:00;586.981074379974;1000.0;;270.0;;;;
2022-08-19 16:00:00;625.5434316433625;1000.0;;270.0;;;;
2022-08-19 17:00:00;555.1192897323511;1000.0;;270.0;;;;
2022-08-19 18:00:00;580.4419150073982;1000.0;;270.0;;;;
2022-08-19 19:00:00;723.9684688611974;1000.0;;270.0;;;;
2022-08-19 20:00:00;564.4447932835828;1000.0;;270.0;;;;
2022-08-19 21:00:00;523.8035717015088;1000.0;;270.0;;;;
2022-08-19 22:00:00;554.2273687664159;1000.0;;270.0;;;;
2022-08-19 23:00:00;686.1816797469055;1000.0;;270.0;;;;
2022-08-20 00:00:00;582.2205883021903;1000.0;;270.0;;;;
2022-08-20 01:00:00;651.1817404184015;1000.0;;270.0;;;;
2022-08-20 02:00:00;583.8770816014325;1000.0;;270.0;;;;
2022-08-20 03:00:00;547.9935782238183;1000.0;;270.0;;;;
2022-08-20 04:00:00;614.8395675840113;1000.0;;270.0;;;;
2022-08-20 05:00:00;549.714557885052;1000.0;;270.0;;;;
2022-08-20 06:00:00;530.5216149282239;1000.0;;270.0;;;;
2022-08-20 07:00:00;549.6071870949472;1000.0;;270.0;;;;
2022-08-20 08:00:00;634.4735510692217;1000.0;;270.0;;;;
2022-08-20 09:00:00;554.9935406020159;1000.0;;270.0;;;;
2022-08-20 10:00:00;704.6496321433297;1000.0;;270.0;;;;
2022-08-20 11:00:00;600.7398248004841;1000.0;;270.0;;;;
2022-08-20 12:00:00;551.7787234766554;1000.0;;270.0;;;;
2022-08-20 13:00:00;619.5784649192716;1000.0;;270.0;;;;
2022-08-20 14:00:00;588.8720781852247;1000.0;;270.0;;;;
2022-08-20 15:00:00;502.0844331546445;1000.0;;270.0;;;;
2022-08-20 16:00:00;615.1197178641128;1000.0;;270.0;;;;
2022-08-20 17:00:00;462.8190143351927;1000.0;;270.0;;;;
2022-08-20 18:00:00;603.5984186270472;1000.0;;270.0;;;;
2022-08-20 19:00:00;477.3730056139956;1000.0;;270.0;;;;
2022-08-20 20:00:00;535.6136040999471;1000.0;;270.0;;;;
2022-08-20 21:00:00;591.7316481495797;1000.0;;270.0;;;;
2022-08-20 22:00:00;593.4902995665279;1000.0;;270.0;;;;
2022-08-20 23:00:00;570.3853293847267;1000.0;;270.0;;;;
2022-08-21 00:00:00;499.8970590370858;1000.0;;270.0;;;;
2022-08-21 01:00:00;639.1980842318486;1000.0;;270.0;;;;
2022-08-21 02:00:00;588.1689557737502;1000.0;;270.0;;;;
2022-08-21 03:00:00;521.0746378866402;1000.0;;270.0;;;;
2022-08-21 04:00:00;596.0630272550358;1000.0;;270.0;;;;
2022-08-21 05:00:00;604.9835557815073;1000.0;;270.0;;;;
2022-08-21 06:00:00;559.6261282709253;1000.0;;270.0;;;;
2022-08-21 07:00:00;539.0810381556428;1000.0;;270.0;;;;
2022-08-21 08:00:00;623.1338380340754;1000.0;;270.0;;;;
2022-08-21 09:00:00;560.7578689853026;1000.0;;270.0;;;;
2022-08-21 10:00:00;538.3054256040234;1000.0;;270.0;;;;
2022-08-21 11:00:00;509.0438156175427;1000.0;;270.0;;;;
2022-08-21 12:00:00;692.3918260378852;1000.0;;270.0;;;;
2022-08-21 13:00:00;606.8308499448873;1000.0;;270.0;;;;
2022-08-21 14:00:00;665.2632405694956;1000.0;;270.0;;;;
2022-08-21 15:00:00;600.4945047737176;1000.0;;270.0;;;;
2022-08-21 16:00:00;637.7674076417869;1000.0;;270.0;;;;
2022-08-21 17:00:00;551.9551066338356;1000.0;;270.0;;;;
2022-08-21 18:00:00;540.5437117322073;1000.0;;270.0;;;;
2022-08-21 19:00:00;564.5591440316418;1000.0;;270.0;;;;
2022-08-21 20:00:00;613.0619002004196;1000.0;;270.0;;;;
2022-08-21 21:00:00;503.6066010915419;1000.0;;270.0;;;;
2022-08-21 22:00:00;524.4225415033312;1000.0;;270.0;;;;
2022-08-21 23:00:00;719.9756579472397;1000.0;;270.0;;;;
2022-08-22 00:00:00;510.277849504569;1000.0;;270.0;;;;
2022-08-22 01:00:00;391.0842883338324;1000.0;;270.0;;;;
2022-08-22 02:00:00;556.7410816815894;1000.0;;270.0;;;;
2022-08-22 03:00:00;599.5945118377514;1000.0;;270.0;;;;
2022-08-22 04:00:00;515.5010691630803;1000.0;;270.0;;;;
2022-08-22 05:00:00;595.8689947184848;1000.0;;270.0;;;;
2022-08-22 06:00:00;594.6121983145687;1000.0;;270.0;;;;
2022-08-22 07:00:00;596.435561993337;1000.0;;270.0;;;;
2022-08-22 08:00:00;626.5289928717223;1000.0;;270.0;;;;
2022-08-22 09:00:00;449.8276300091203;1000.0;;270.0;;;;
2022-08-22 10:00:00;550.2258864515088;1000.0;;270.0;;;;
2022-08-22 11:00:00;611.8130400090546;1000.0;;270.0;;;;
2022-08-22 12:00:00;654.2492734166149;1000.0;;270.0;;;;
2022-08-22 13:00:00;524.389873858575;1000.0;;270.0;;;;
2022-08-22 14:00:00;499.2324466706234;1000.0;;270.0;;;;
2022-08-22 15:00:00;632.4472555235304;1000.0;;270.0;;;;
2022-08-22 16:00:00;548.5715873702343;1000.0;;270.0;;;;
2022-08-22 17:00:00;579.7218481915727;1000.0;;270.0;;;;
2022-08-22 18:00:00;561.1027331332818;1000.0;;270.0;;;;
2022-08-22 19:00:00;574.0755925113112;1000.0;;270.0;;;;
2022-08-22 20:00:00;519.7021631980774;1000.0;;270.0;;;;
2022-08-22 21:00:00;550.6171765215454;1000.0;;270.0;;;;
2022-08-22 22:00:00;629.3658797083996;1000.0;;270.0;;;;
2022-08-22 23:00:00;530.4037088603448;1000.0;;270.0;;;;
2022-08-23 00:00:00;633.474549482236;1000.0;;270.0;;;;
2022-08-23 01:00:00;646.5208634315675;1000.0;;270.0;;;;
2022-08-23 02:00:00;614.2694272678532;1000.0;;270.0;;;;
2022-08-23 03:00:00;603.6073715747148;1000.0;;270.0;;;;
2022-08-23 04:00:00;540.3271130687893;1000.0;;270.0;;;;
2022-08-23 05:00:00;687.4089858561861;1000.0;;270.0;;;;
2022-08-23 06:00:00;564.59601854551;1000.0;;270.0;;;;
2022-08-23 07:00:00;601.6379878476031;1000.0;;270.0;;;;
2022-08-23 08:00:00;476.7712202196844;1000.0;;270.0;;;;
2022-08-23 09:00:00;548.4921212718369;1000.0;;270.0;;;;
2022-08-23 10:00:00;576.1640108643404;1000.0;;270.0;;;;
2022-08-23 11:00:00;557.9585366075748;1000.0;;270.0;;;;
2022-08-23 12:00:00;667.9909718678335;1000.0;;270.0;;;;
2022-08-23 13:00:00;590.2821262783333;1000.0;;270.0;;;;
2022-08-23 14:00:00;505.5325601229902;1000.0;;270.0;;;;
2022-08-23 15:00:00;590.2941110494321;1000.0;;270.0;;;;
2022-08-23 16:00:00;567.9223460811364;1000.0;;270.0;;;;
2022-08-23 17:00:00;613.9127103854761;1000.0;;270.0;;;;
2022-08-23 18:00:00;516.4209785881571;1000.0;;270.0;;;;
2022-08-23 19:00:00;571.638655524128;1000.0;;270.0;;;;
2022-08-23 20:00:00;625.3629574337598;1000.0;;270.0;;;;
2022-08-23 21:00:00;537.8719153642625;1000.0;;270.0;;;;
2022-08-23 22:00:00;645.466389872222;1000.0;;270.0;;;;
2022-08-23 23:00:00;547.1359029649848;1000.0;;270.0;;;;
2022-08-24 00:00:00;545.5785623226423;1000.0;;270.0;;;;
2022-08-24 01:00:00;708.8093916797493;1000.0;;270.0;;;;
2022-08-24 02:00:00;519.5209303714407;1000.0;;270.0;;;;
2022-08-24 03:00:00;553.8766454216228;1000.0;;270.0;;;;
2022-08-24 04:00:00;648.8141697300055;1000.0;;270.0;;;;
2022-08-24 05:00:00;457.2197975221388;1000.0;;270.0;;;;
2022-08-24 06:00:00;683.9726438497023;1000.0;;270.0;;;;
2022-08-24 07:00:00;492.4842685179158;1000.0;;270.0;;;;
2022-08-24 08:00:00;475.2568502492599;1000.0;;270.0;;;;
2022-08-24 09:00:00;532.146298487646;1000.0;;270.0;;;;
2022-08-24 10:00:00;581.7474206009834;1000.0;;270.0;;;;
2022-08-24 11:00:00;552.9153979034775;1000.0;;270.0;;;;
2022-08-24 12:00:00;591.0704136053209;1000.0;;270.0;;;;
2022-08-24 13:00:00;545.7683219751807;1000.0;;270.0;;;;
2022-08-24 14:00:00;603.4793182270516;1000.0;;270.0;;;;
2022-08-24 15:00:00;553.6333825778838;1000.0;;270.0;;;;
2022-08-24 16:00:00;554.0648297758496;1000.0;;270.0;;;;
2022-08-24 17:00:00;568.3662815512761;1000.0;;270.0;;;;
2022-08-24 18:00:00;620.94568461473;1000.0;;270.0;;;;
2022-08-24 19:00:00;531.9846004590918;1000.0;;270.0;;;;
2022-08-24 20:00:00;649.0074196246861;1000.0;;270.0;;;;
2022-08-24 21:00:00;611.1264223746381;1000.0;;270.0;;;;
2022-08-24 22:00:00;529.6198709532453;1000.0;;270.0;;;;
2022-08-24 23:00:00;589.6099965946311;1000.0;;270.0;;;;
2022-08-25 00:00:00;640.3011542790753;1000.0;;270.0;;;;
2022-08-25 01:00:00;503.457618651766;1000.0;;270.0;;;;
2022-08-25 02:00:00;667.8150564219567;1000.0;;270.0;;;;
2022-08-25 03:00:00;605.3430344412704;1000.0;;270.0;;;;
2022-08-25 04:00:00;563.9133271364752;1000.0;;270.0;;;;
2022-08-25 05:00:00;714.5590856794341;1000.0;;270.0;;;;
2022-08-25 06:00:00;569.5944618148884;1000.0;;270.0;;;;
2022-08-25 07:00:00;481.2666449222343;1000.0;;270.0;;;;
2022-08-25 08:00:00;492.4279130581897;1000.0;;270.0;;;;
2022-08-25 09:00:00;543.3667956874857;1000.0;;270.0;;;;
2022-08-25 10:00:00;573.09842989403;1000.0;;270.0;;;;
2022-08-25 11:00:00;593.5650991787111;1000.0;;270.0;;;;
2022-08-25 12:00:00;712.8137967222553;1000.0;;270.0;;;;
2022-08-25 13:00:00;430.4849430735806;1000.0;;270.0;;;;
2022-08-25 14:00:00;645.0865112304953;1000.0;;270.0;;;;
2022-08-25 15:00:00;638.2931051055887;1000.0;;270.0;;;;
2022-08-25 16:00:00;462.5409174219958;1000.0;;270.0;;;;
2022-08-25 17:00:00;530.1795634586919;1000.0;;270.0;;;;
2022-08-25 18:00:00;488.6218717970489;1000.0;;270.0;;;;
2022-08-25 19:00:00;507.6772448272046;1000.0;;270.0;;;;
2022-08-25 20:00:00;526.6379693932174;1000.0;;270.0;;;;
2022-08-25 21:00:00;619.9650239911206;1000.0;;270.0;;;;
2022-08-25 22:00:00;608.9340064394254;1000.0;;270.0;;;;
2022-08-25 23:00:00;609.1016618552932;1000.0;;270.0;;;;
2022-08-26 00:00:00;611.6050252288426;1000.0;;270.0;;;;
2022-08-26 01:00:00;492.092893884365;1000.0;;270.0;;;;
2022-08-26 02:00:00;599.2278685199542;1000.0;;270.0;;;;
2022-08-26 03:00:00;593.0903364872793;1000.0;;270.0;;;;
2022-08-26 04:00:00;630.2560031009955;1000.0;;270.0;;;;
2022-08-26 05:00:00;541.759675886607;1000.0;;270.0;;;;
2022-08-26 06:00:00;592.4262635609219;1000.0;;270.0;;;;
2022-08-26 07:00:00;578.9735481329018;1000.0;;270.0;;;;
2022-08-26 08:00:00;547.5579515206375;1000.0;;270.0;;;;
2022-08-26 09:00:00;521.1622980539031;1000.0;;270.0;;;;
2022-08-26 10:00:00;623.6101394915506;1000.0;;270.0;;;;
2022-08-26 11:00:00;578.1717062751229;1000.0;;270.0;;;;
2022-08-26 12:00:00;479.7698151858667;1000.0;;270.0;;;;
2022-08-26 13:00:00;575.4925202965308;1000.0;;270.0;;;;
2022-08-26 14:00:00;482.5476348250687;1000.0;;270.0;;;;
2022-08-26 15:00:00;628.3023040929029;1000.0;;270.0;;;;
2022-08-26 16:00:00;579.3764413602635;1000.0;;270.0;;;;
2022-08-26 17:00:00;533.7803251494354;1000.0;;270.0;;;;
2022-08-26 18:00:00;460.6363802804298;1000.0;;270.0;;;;
2022-08-26 19:00:00;501.1722421599887;1000.0;;270.0;;;;
2022-08-26 20:00:00;590.3132612345239;1000.0;;270.0;;;;
2022-08-26 21:00:00;595.6461847856327;1000.0;;270.0;;;;
2022-08-26 22:00:00;542.0915335911905;1000.0;;270.0;;;;
2022-08-26 23:00:00;584.5892604562598;1000.0;;270.0;;;;
2022-08-27 00:00:00;420.4728871569051;1000.0;;270.0;;;;
2022-08-27 01:00:00;596.793457834199;1000.0;;270.0;;;;
2022-08-27 02:00:00;581.2352256188386;1000.0;;270.0;;;;
2022-08-27 03:00:00;619.3763320931918;1000.0;;270.0;;;;
2022-08-27 04:00:00;499.4019201460029;1000.0;;270.0;;;;
2022-08-27 05:00:00;433.476090883521;1000.0;;270.0;;;;
2022-08-27 06:00:00;545.7432041453884;1000.0;;270.0;;;;
2022-08-27 07:00:00;643.0925529185406;1000.0;;270.0;;;;
2022-08-27 08:00:00;535.7530210026471;1000.0;;270.0;;;;
2022-08-27 09:00:00;476.9893963900228;1000.0;;270.0;;;;
2022-08-27 10:00:00;621.4347574387339;1000.0;;270.0;;;;
2022-08-27 11:00:00;534.1320366394236;1000.0;;270.0;;;;
2022-08-27 12:00:00;636.1945599050046;1000.0;;270.0;;;;
2022-08-27 13:00:00;662.5897414442604;1000.0;;270.0;;;;
2022-08-27 14:00:00;519.3921562189635;1000.0;;270.0;;;;
2022-08-27 15:00:00;645.3199265701646;1000.0;;270.0;;;;
2022-08-27 16:00:00;457.3160884880485;1000.0;;270.0;;;;
2022-08-27 17:00:00;557.0350149484979;1000.0;;270.0;;;;
2022-08-27 18:00:00;549.7696301024376;1000.0;;270.0;;;;
2022-08-27 19:00:00;578.0755345394786;1000.0;;270.0;;;;
2022-08-27 20:00:00;599.5623645680076;1000.0;;270.0;;;;
2022-08-27 21:00:00;645.382389761743;1000.0;;270.0;;;;
2022-08-27 22:00:00;506.4702822273414;1000.0;;270.0;;;;
2022-08-27 23:00:00;530.3261564802704;1000.0;;270.0;;;;
2022-08-28 00:00:00;493.7241152632595;1000.0;;270.0;;;;
2022-08-28 01:00:00;600.1814553049092;1000.0;;270.0;;;;
2022-08-28 02:00:00;618.9321885621192;1000.0;;270.0;;;;
2022-08-28 03:00:00;580.1543246316767;1000.0;;270.0;;;;
2022-08-28 04:00:00;579.7663270747553;1000.0;;270.0;;;;
2022-08-28 05:00:00;598.3119078731532;1000.0;;270.0;;;;
2022-08-28 06:00:00;463.1786471007468;1000.0;;270.0;;;;
2022-08-28 07:00:00;564.0704012460259;1000.0;;270.0;;;;
2022-08-28 08:00:00;575.7411462304167;1000.0;;270.0;;;;
2022-08-28 09:00:00;571.3973820105543;1000.0;;270.0;;;;
2022-08-28 10:00:00;623.6708412586137;1000.0;;270.0;;;;
2022-08-28 11:00:00;578.4671123990347;1000.0;;270.0;;;;
2022-08-28 12:00:00;590.5625661242306;1000.0;;270.0;;;;
2022-08-28 13:00:00;558.2541361312371;1000.0;;270.0;;;;
2022-08-28 14:00:00;683.2120773410658;1000.0;;270.0;;;;
2022-08-28 15:00:00;496.6748127994181;1000.0;;270.0;;;;
2022-08-28 16:00:00;555.1540687807393;1000.0;;270.0;;;;
2022-08-28 17:00:00;561.1393123318675;1000.0;;270.0;;;;
2022-08-28 18:00:00;588.3221773938975;1000.0;;270.0;;;;
2022-08-28 19:00:00;634.4892064158016;1000.0;;270.0;;;;
2022-08-28 20:00:00;519.2346794859307;1000.0;;270.0;;;;
2022-08-28 21:00:00;612.3301114330883;1000.0;;270.0;;;;
2022-08-28 22:00:00;493.2840337346217;1000.0;;270.0;;;;
2022-08-28 23:00:00;576.0004733383581;1000.0;;270.0;;;;
2022-08-29 00:00:00;636.3694828775456;1000.0;;270.0;;;;
2022-08-29 01:00:00;586.7262281921078;1000.0;;270.0;;;;
2022-08-29 02:00:00;511.9069931139936;1000.0;;270.0;;;;
2022-08-29 03:00:00;576.5505300188793;1000.0;;270.0;;;;
2022-08-29 04:00:00;596.8146861169258;1000.0;;270.0;;;;
2022-08-29 05:00:00;576.5435541223056;1000.0;;270.0;;;;
2022-08-29 06:00:00;573.5775199568809;1000.0;;270.0;;;;
2022-08-29 07:00:00;551.7009337093796;1000.0;;270.0;;;;
2022-08-29 08:00:00;769.7164313523942;1000.0;;270.0;;;;
2022-08-29 09:00:00;565.1192129893881;1000.0;;270.0;;;;
2022-08-29 10:00:00;554.5658029944809;1000.0;;270.0;;;;
2022-08-29 11:00:00;616.9705163506931;1000.0;;270.0;;;;
2022-08-29 12:00:00;552.2732226631443;1000.0;;270.0;;;;
2022-08-29 13:00:00;568.2016649702388;1000.0;;270.0;;;;
2022-08-29 14:00:00;478.2965100048705;1000.0;;270.0;;;;
2022-08-29 15:00:00;695.2822057341134;1000.0;;270.0;;;;
2022-08-29 16:00:00;489.0385266450321;1000.0;;270.0;;;;
2022-08-29 17:00:00;574.5674772076021;1000.0;;270.0;;;;
2022-08-29 18:00:00;586.7121697068814;1000.0;;270.0;;;;
2022-08-29 19:00:00;596.1560570944467;1000.0;;270.0;;;;
2022-08-29 20:00:00;531.3852692224291;1000.0;;270.0;;;;
2022-08-29 21:00:00;595.8020212175128;1000.0;;270.0;;;;
2022-08-29 22:00:00;597.9299121024397;1000.0;;270.0;;;;
2022-08-29 23:00:00;565.5244607008726;1000.0;;270.0;;;;
2022-08-30 00:00:00;513.5254908130207;1000.0;;270.0;;;;
2022-08-30 01:00:00;621.8548139708395;1000.0;;270.0;;;;
2022-08-30 02:00:00;550.5165421051666;1000.0;;270.0;;;;
2022-08-30 03:00:00;578.9018461492802;1000.0;;270.0;;;;
2022-08-30 04:00:00;574.6060382321842;1000.0;;270.0;;;;
2022-08-30 05:00:00;582.5182576277703;1000.0;;270.0;;;;
2022-08-30 06:00:00;503.1769192146209;1000.0;;270.0;;;;
2022-08-30 07:00:00;540.9282726927894;1000.0;;270.0;;;;
2022-08-30 08:00:00;543.375241244986;1000.0;;270.0;;;;
2022-08-30 09:00:00;528.5324484789907;1000.0;;270.0;;;;
2022-08-30 10:00:00;500.7326932373303;1000.0;;270.0;;;;
2022-08-30 11:00:00;613.0388485378443;1000.0;;270.0;;;;
2022-08-30 12:00:00;688.6252775721313;1000.0;;270.0;;;;
2022-08-30 13:00:00;552.0524552420945;1000.0;;270.0;;;;
2022-08-30 14:00:00;655.5591475112976;1000.0;;270.0;;;;
2022-08-30 15:00:00;667.1215186768786;1000.0;;270.0;;;;
2022-08-30 16:00:00;587.4771637929603;1000.0;;270.0;;;;
2022-08-30 17:00:00;619.4840283598958;1000.0;;270.0;;;;
2022-08-30 18:00:00;503.4475522656702;1000.0;;270.0;;;;
2022-08-30 19:00:00;582.1748604950853;1000.0;;270.0;;;;
2022-08-30 20:00:00;526.9012801392433;1000.0;;270.0;;;;
2022-08-30 21:00:00;595.9232212363332;1000.0;;270.0;;;;
2022-08-30 22:00:00;542.1813937874279;1000.0;;270.0;;;;
2022-08-30 23:00:00;432.3196472266333;1000.0;;270.0;;;;
2022-08-31 00:00:00;591.7127639629527;1000.0;;270.0;;;;
2022-08-31 01:00:00;644.7791515333661;1000.0;;270.0;;;;
2022-08-31 02:00:00;569.2558556720342;1000.0;;270.0;;;;
2022-08-31 03:00:00;633.2128674364556;1000.0;;270.0;;;;
2022-08-31 04:00:00;605.7420930422397;1000.0;;270.0;;;;
2022-08-31 05:00:00;577.2831413127461;1000.0;;270.0;;;;
2022-08-31 06:00:00;629.226657402071;1000.0;;270.0;;;;
2022-08-31 07:00:00;615.3035183650842;1000.0;;270.0;;;;
2022-08-31 08:00:00;594.0126185093833;1000.0;;270.0;;;;
2022-08-31 09:00:00;553.439313280976;1000.0;;270.0;;;;
2022-08-31 10:00:00;707.1880223001114;1000.0;;270.0;;;;
2022-08-31 11:00:00;589.963352991217;1000.0;;270.0;;;;
2022-08-31 12:00:00;536.25393289867;1000.0;;270.0;;;;
2022-08-31 13:00:00;543.7951467425175;1000.0;;270.0;;;;
2022-08-31 14:00:00;547.5791931274202;1000.0;;270.0;;;;
2022-08-31 15:00:00;566.1577729951781;1000.0;;270.0;;;;
2022-08-31 16:00:00;589.3347363553692;1000.0;;270.0;;;;
2022-08-31 17:00:00;654.3939249519178;1000.0;;270.0;;;;
2022-08-31 18:00:00;607.4901058012299;1000.0;;270.0;;;;
2022-08-31 19:00:00;509.2492711717789;1000.0;;270.0;;;;
2022-08-31 20:00:00;553.9248611703629;1000.0;;270.0;;;;
2022-08-31 21:00:00;526.8034620495063;1000.0;;270.0;;;;
2022-08-31 22:00:00;628.6826525187985;1000.0;;270.0;;;;
2022-08-31 23:00:00;652.5299145427635;1000.0;;270.0;;;;
2022-09-01 00:00:00;568.3739204445776;1000.0;;270.0;;;;
2022-09-01 01:00:00;565.2572297010286;1000.0;;270.0;;;;
2022-09-01 02:00:00;533.0636980133438;1000.0;;270.0;;;;
2022-09-01 03:00:00;608.1945413305062;1000.0;;270.0;;;;
2022-09-01 04:00:00;595.754747892685;1000.0;;270.0;;;;
2022-09-01 05:00:00;557.1377597722569;1000.0;;270.0;;;;
2022-09-01 06:00:00;594.30232557798;1000.0;;270.0;;;;
2022-09-01 07:00:00;587.7720810735731;1000.0;;270.0;;;;
2022-09-01 08:00:00;601.8838404567629;1000.0;;270.0;;;;
2022-09-01 09:00:00;622.8385839956497;1000.0;;270.0;;;;
2022-09-01 10:00:00;558.7062301318125;1000.0;;270.0;;;;
2022-09-01 11:00:00;513.0537733095097;1000.0;;270.0;;;;
2022-09-01 12:00:00;573.469968489401;1000.0;;270.0;;;;
2022-09-01 13:00:00;687.9266634681453;1000.0;;270.0;;;;
2022-09-01 14:00:00;562.5949830078096;1000.0;;270.0;;;;
2022-09-01 15:00:00;602.9331792449881;1000.0;;270.0;;;;
2022-09-01 16:00:00;549.2896838602845;1000.0;;270.0;;;;
2022-09-01 17:00:00;509.8656323573308;1000.0;;270.0;;;;
2022-09-01 18:00:00;549.4541770244113;1000.0;;270.0;;;;
2022-09-01 19:00:00;559.6595603882299;1000.0;;270.0;;;;
2022-09-01 20:00:00;562.0485253725465;1000.0;;270.0;;;;
2022-09-01 21:00:00;540.7609643440958;1000.0;;270.0;;;;
2022-09-01 22:00:00;738.5951528740097;1000.0;;270.0;;;;
2022-09-01 23:00:00;568.8630345620056;1000.0;;270.0;;;;
2022-09-02 00:00:00;613.1225411387488;1000.0;;270.0;;;;
2022-09-02 01:00:00;629.5832038724066;1000.0;;270.0;;;;
2022-09-02 02:00:00;543.5554869548623;1000.0;;270.0;;;;
2022-09-02 03:00:00;614.8372128034414;1000.0;;270.0;;;;
2022-09-02 04:00:00;562.7906341304353;1000.0;;270.0;;;;
2022-09-02 05:00:00;562.738970021949;1000.0;;270.0;;;;
2022-09-02 06:00:00;503.451531820556;1000.0;;270.0;;;;
2022-09-02 07:00:00;469.5697117992164;1000.0;;270.0;;;;
2022-09-02 08:00:00;610.6435931462482;1000.0;;270.0;;;;
2022-09-02 09:00:00;597.7485774093734;1000.0;;270.0;;;;
2022-09-02 10:00:00;566.1316511690887;1000.0;;270.0;;;;
2022-09-02 11:00:00;647.613865719427;1000.0;;270.0;;;;
2022-09-02 12:00:00;679.7271956959511;1000.0;;270.0;;;;
2022-09-02 13:00:00;501.368310191334;1000.0;;270.0;;;;
2022-09-02 14:00:00;594.7158869094703;1000.0;;270.0;;;;
2022-09-02 15:00:00;591.5521205884721;1000.0;;270.0;;;;
2022-09-02 16:00:00;526.9311792246287;1000.0;;270.0;;;;
2022-09-02 17:00:00;575.2480300053281;1000.0;;270.0;;;;
2022-09-02 18:00:00;589.6742750217879;1000.0;;270.0;;;;
2022-09-02 19:00:00;629.6719284008726;1000.0;;270.0;;;;
2022-09-02 20:00:00;603.8611058715621;1000.0;;270.0;;;;
2022-09-02 21:00:00;536.7407326048314;1000.0;;270.0;;;;
2022-09-02 22:00:00;607.0399023206237;1000.0;;270.0;;;;
2022-09-02 23:00:00;539.1782112639453;1000.0;;270.0;;;;
2022-09-03 00:00:00;604.9681948418454;1000.0;;270.0;;;;
2022-09-03 01:00:00;550.3221617788599;1000.0;;270.0;;;;
2022-09-03 02:00:00;574.7123194285259;1000.0;;270.0;;;;
2022-09-03 03:00:00;585.188570569928;1000.0;;270.0;;;;
2022-09-03 04:00:00;628.7236723709144;1000.0;;270.0;;;;
2022-09-03 05:00:00;605.0440286340818;1000.0;;270.0;;;;
2022-09-03 06:00:00;636.2984221565408;1000.0;;270.0;;;;
2022-09-03 07:00:00;555.6417215716396;1000.0;;270.0;;;;
2022-09-03 08:00:00;572.4299998266581;1000.0;;270.0;;;;
2022-09-03 09:00:00;597.2841192215551;1000.0;;270.0;;;;
2022-09-03 10:00:00;653.1714310818163;1000.0;;270.0;;;;
2022-09-03 11:00:00;539.16894330667;1000.0;;270.0;;;;
2022-09-03 12:00:00;629.8526103229161;1000.0;;270.0;;;;
2022-09-03 13:00:00;525.6893924810487;1000.0;;270.0;;;;
2022-09-03 14:00:00;657.3523947277135;1000.0;;270.0;;;;
2022-09-03 15:00:00;555.8201241380169;1000.0;;270.0;;;;
2022-09-03 16:00:00;686.9970126206975;1000.0;;270.0;;;;
2022-09-03 17:00:00;532.8125266059504;1000.0;;270.0;;;;
2022-09-03 18:00:00;572.6544743389093;1000.0;;270.0;;;;
2022-09-03 19:00:00;585.7235394397904;1000.0;;270.0;;;;
2022-09-03 20:00:00;508.9090866197643;1000.0;;270.0;;;;
2022-09-03 21:00:00;589.8854525719205;1000.0;;270.0;;;;
2022-09-03 22:00:00;532.4458673336792;1000.0;;270.0;;;;
2022-09-03 23:00:00;566.7685746671458;1000.0;;270.0;;;;
2022-09-04 00:00:00;442.1675149327214;1000.0;;270.0;;;;
2022-09-04 01:00:00;519.8937136706807;1000.0;;270.0;;;;
2022-09-04 02:00:00;636.7682032706889;1000.0;;270.0;;;;
2022-09-04 03:00:00;536.5988425216232;1000.0;;270.0;;;;
2022-09-04 04:00:00;588.7827179330865;1000.0;;270.0;;;;
2022-09-04 05:00:00;569.9372059371882;1000.0;;270.0;;;;
2022-09-04 06:00:00;534.1532822433115;1000.0;;270.0;;;;
2022-09-04 07:00:00;547.4361392272983;1000.0;;270.0;;;;
2022-09-04 08:00:00;533.2231533235606;1000.0;;270.0;;;;
2022-09-04 09:00:00;587.1760651371642;1000.0;;270.0;;;;
2022-09-04 10:00:00;556.4902970139829;1000.0;;270.0;;;;
2022-09-04 11:00:00;610.1065190884046;1000.0;;270.0;;;;
2022-09-04 12:00:00;602.0856503612736;1000.0;;270.0;;;;
2022-09-04 13:00:00;629.2645847395;1000.0;;270.0;;;;
2022-09-04 14:00:00;613.4057424438765;1000.0;;270.0;;;;
2022-09-04 15:00:00;496.9664410274701;1000.0;;270.0;;;;
2022-09-04 16:00:00;567.3797646785944;1000.0;;270.0;;;;
2022-09-04 17:00:00;472.8963634903594;1000.0;;270.0;;;;
2022-09-04 18:00:00;532.6572820565372;1000.0;;270.0;;;;
2022-09-04 19:00:00;723.4030199046352;1000.0;;270.0;;;;
2022-09-04 20:00:00;518.6000874348728;1000.0;;270.0;;;;
2022-09-04 21:00:00;612.0783382333678;1000.0;;270.0;;;;
2022-09-04 22:00:00;478.2341857940222;1000.0;;270.0;;;;
2022-09-04 23:00:00;614.157703055504;1000.0;;270.0;;;;
2022-09-05 00:00:00;386.818457791893;1000.0;;270.0;;;;
2022-09-05 01:00:00;541.0054112473811;1000.0;;270.0;;;;
2022-09-05 02:00:00;682.7517403479819;1000.0;;270.0;;;;
2022-09-05 03:00:00;518.5541721199705;1000.0;;270.0;;;;
2022-09-05 04:00:00;391.8539863370199;1000.0;;270.0;;;;
2022-09-05 05:00:00;571.1152918337169;1000.0;;270.0;;;;
2022-09-05 06:00:00;597.3282117833722;1000.0;;270.0;;;;
2022-09-05 07:00:00;569.5961123202651;1000.0;;270.0;;;;
2022-09-05 08:00:00;615.6593777742135;1000.0;;270.0;;;;
2022-09-05 09:00:00;637.8614427193313;1000.0;;270.0;;;;
2022-09-05 10:00:00;603.8839007911213;1000.0;;270.0;;;;
2022-09-05 11:00:00;460.9119900862602;1000.0;;270.0;;;;
2022-09-05 12:00:00;551.8727279874608;1000.0;;270.0;;;;
2022-09-05 13:00:00;608.2544036025199;1000.0;;270.0;;;;
2022-09-05 14:00:00;551.8090184402218;1000.0;;270.0;;;;
2022-09-05 15:00:00;574.1065343785729;1000.0;;270.0;;;;
2022-09-05 16:00:00;488.8633189881091;1000.0;;270.0;;;;
2022-09-05 17:00:00;570.1920485414136;1000.0;;270.0;;;;
2022-09-05 18:00:00;533.7400439347997;1000.0;;270.0;;;;
2022-09-05 19:00:00;540.3723219559658;1000.0;;270.0;;;;
2022-09-05 20:00:00;613.6880971240882;1000.0;;270.0;;;;
2022-09-05 21:00:00;499.6172617139329;1000.0;;270.0;;;;
2022-09-05 22:00:00;703.7099005477044;1000.0;;270.0;;;;
2022-09-05 23:00:00;509.9860726826041;1000.0;;270.0;;;;
2022-09-06 00:00:00;510.4293461639211;1000.0;;270.0;;;;
2022-09-06 01:00:00;508.8162112825552;1000.0;;270.0;;;;
2022-09-06 02:00:00;583.1714202152501;1000.0;;270.0;;;;
2022-09-06 03:00:00;535.155432155027;1000.0;;270.0;;;;
2022-09-06 04:00:00;632.0099214165008;1000.0;;270.0;;;;
2022-09-06 05:00:00;604.042061073879;1000.0;;270.0;;;;
2022-09-06 06:00:00;601.4508491263169;1000.0;;270.0;;;;
2022-09-06 07:00:00;586.970229786879;1000.0;;270.0;;;;
2022-09-06 08:00:00;604.2604095587568;1000.0;;270.0;;;;
2022-09-06 09:00:00;534.8280188288425;1000.0;;270.0;;;;
2022-09-06 10:00:00;444.6511905287757;1000.0;;270.0;;;;
2022-09-06 11:00:00;493.7840606335024;1000.0;;270.0;;;;
2022-09-06 12:00:00;471.5897146058296;1000.0;;270.0;;;;
2022-09-06 13:00:00;487.2051151782733;1000.0;;270.0;;;;
2022-09-06 14:00:00;533.8971615659009;1000.0;;270.0;;;;
2022-09-06 15:00:00;514.3196457599036;1000.0;;270.0;;;;
2022-09-06 16:00:00;565.2948612872996;1000.0;;270.0;;;;
2022-09-06 17:00:00;492.1223375636656;1000.0;;270.0;;;;
2022-09-06 18:00:00;576.2630902967641;1000.0;;270.0;;;;
2022-09-06 19:00:00;634.9050295559359;1000.0;;270.0;;;;
2022-09-06 20:00:00;633.3856281595955;1000.0;;270.0;;;;
2022-09-06 21:00:00;543.249297224738;1000.0;;270.0;;;;
2022-09-06 22:00:00;700.1777099748082;1000.0;;270.0;;;;
2022-09-06 23:00:00;628.7939721493482;1000.0;;270.0;;;;
2022-09-07 00:00:00;568.8785976782232;1000.0;;270.0;;;;
2022-09-07 01:00:00;531.3774564825516;1000.0;;270.0;;;;
2022-09-07 02:00:00;553.9010000752887;1000.0;;270.0;;;;
2022-09-07 03:00:00;620.3831824489931;1000.0;;270.0;;;;
2022-09-07 04:00:00;691.4335087299512;1000.0;;270.0;;;;
2022-09-07 05:00:00;620.9486011420285;1000.0;;270.0;;;;
2022-09-07 06:00:00;494.3725539116979;1000.0;;270.0;;;;
2022-09-07 07:00:00;558.2938016323101;1000.0;;270.0;;;;
2022-09-07 08:00:00;699.1570167378765;1000.0;;270.0;;;;
2022-09-07 09:00:00;600.2523669030221;1000.0;;270.0;;;;
2022-09-07 10:00:00;625.7609642487417;1000.0;;270.0;;;;
2022-09-07 11:00:00;583.1298279259834;1000.0;;270.0;;;;
2022-09-07 12:00:00;559.791036989956;1000.0;;270.0;;;;
2022-09-07 13:00:00;603.3930757982902;1000.0;;270.0;;;;
2022-09-07 14:00:00;571.1992044065432;1000.0;;270.0;;;;
2022-09-07 15:00:00;591.626415286702;1000.0;;270.0;;;;
2022-09-07 16:00:00;565.4616589208683;1000.0;;270.0;;;;
2022-09-07 17:00:00;537.0678001395468;1000.0;;270.0;;;;
2022-09-07 18:00:00;567.9420634889686;1000.0;;270.0;;;;
2022-09-07 19:00:00;617.4136618236556;1000.0;;270.0;;;;
2022-09-07 20:00:00;519.9467428340226;1000.0;;270.0;;;;
2022-09-07 21:00:00;518.5724833094399;1000.0;;270.0;;;;
2022-09-07 22:00:00;587.655823229282;1000.0;;270.0;;;;
2022-09-07 23:00:00;592.6609851982241;1000.0;;270.0;;;;
2022-09-08 00:00:00;504.1708042723533;1000.0;;270.0;;;;
2022-09-08 01:00:00;555.8596121395973;1000.0;;270.0;;;;
2022-09-08 02:00:00;604.5123196072334;1000.0;;270.0;;;;
2022-09-08 03:00:00;621.1649426895711;1000.0;;270.0;;;;
2022-09-08 04:00:00;624.9285028528842;1000.0;;270.0;;;;
2022-09-08 05:00:00;657.6579429245676;1000.0;;270.0;;;;
2022-09-08 06:00:00;567.9288416788254;1000.0;;270.0;;;;
2022-09-08 07:00:00;662.8121067986399;1000.0;;270.0;;;;
2022-09-08 08:00:00;547.3198710172026;1000.0;;270.0;;;;
2022-09-08 09:00:00;526.4050199064353;1000.0;;270.0;;;;
2022-09-08 10:00:00;546.3453754363618;1000.0;;270.0;;;;
2022-09-08 11:00:00;559.6641353681514;1000.0;;270.0;;;;
2022-09-08 12:00:00;566.414294220707;1000.0;;270.0;;;;
2022-09-08 13:00:00;495.3647679257488;1000.0;;270.0;;;;
2022-09-08 14:00:00;596.8797217791343;1000.0;;270.0;;;;
2022-09-08 15:00:00;509.0052293112894;1000.0;;270.0;;;;
2022-09-08 16:00:00;569.4363862824073;1000.0;;270.0;;;;
2022-09-08 17:00:00;488.9689563862769;1000.0;;270.0;;;;
2022-09-08 18:00:00;531.6840513154774;1000.0;;270.0;;;;
2022-09-08 19:00:00;544.7616700533524;1000.0;;270.0;;;;
2022-09-08 20:00:00;579.393664405596;1000.0;;270.0;;;;
2022-09-08 21:00:00;566.7702866065881;1000.0;;270.0;;;;
2022-09-08 22:00:00;516.0698632254923;1000.0;;270.0;;;;
2022-09-08 23:00:00;581.9371341167792;1000.0;;270.0;;;;
2022-09-09 00:00:00;529.2935794691188;1000.0;;270.0;;;;
2022-09-09 01:00:00;556.1938866375198;1000.0;;270.0;;;;
2022-09-09 02:00:00;597.9547698217433;1000.0;;270.0;;;;
2022-09-09 03:00:00;494.2375960094576;1000.0;;270.0;;;;
2022-09-09 04:00:00;507.9172981634162;1000.0;;270.0;;;;
2022-09-09 05:00:00;629.8950434545628;1000.0;;270.0;;;;
2022-09-09 06:00:00;613.6268739970106;1000.0;;270.0;;;;
2022-09-09 07:00:00;540.1097335417425;1000.0;;270.0;;;;
2022-09-09 08:00:00;510.8554979403668;1000.0;;270.0;;;;
2022-09-09 09:00:00;560.7624422154946;1000.0;;270.0;;;;
2022-09-09 10:00:00;561.0620936087289;1000.0;;270.0;;;;
2022-09-09 11:00:00;603.7381552312379;1000.0;;270.0;;;;
2022-09-09 12:00:00;513.125718037264;1000.0;;270.0;;;;
2022-09-09 13:00:00;539.9970716366125;1000.0;;270.0;;;;
2022-09-09 14:00:00;567.9160961388526;1000.0;;270.0;;;;
2022-09-09 15:00:00;528.474384266587;1000.0;;270.0;;;;
2022-09-09 16:00:00;627.111594181789;1000.0;;270.0;;;;
2022-09-09 17:00:00;532.5536332318618;1000.0;;270.0;;;;
2022-09-09 18:00:00;546.9857814754256;1000.0;;270.0;;;;
2022-09-09 19:00:00;570.0423866674086;1000.0;;270.0;;;;
2022-09-09 20:00:00;505.9481691278183;1000.0;;270.0;;;;
2022-09-09 21:00:00;583.9020168195657;1000.0;;270.0;;;;
2022-09-09 22:00:00;581.5107494308982;1000.0;;270.0;;;;
2022-09-09 23:00:00;517.8028109744514;1000.0;;270.0;;;;
2022-09-10 00:00:00;578.4548928672455;1000.0;;270.0;;;;
2022-09-10 01:00:00;621.5268860907483;1000.0;;270.0;;;;
2022-09-10 02:00:00;552.7026573173022;1000.0;;270.0;;;;
2022-09-10 03:00:00;575.1011569953189;1000.0;;270.0;;;;
2022-09-10 04:00:00;591.078715237741;1000.0;;270.0;;;;
2022-09-10 05:00:00;691.0011619150716;1000.0;;270.0;;;;
2022-09-10 06:00:00;567.5592514410467;1000.0;;270.0;;;;
2022-09-10 07:00:00;577.1472487458889;1000.0;;270.0;;;;
2022-09-10 08:00:00;534.6906764365564;1000.0;;270.0;;;;
2022-09-10 09:00:00;579.7668897158592;1000.0;;270.0;;;;
2022-09-10 10:00:00;612.7830642549482;1000.0;;270.0;;;;
2022-09-10 11:00:00;556.196013293524;1000.0;;270.0;;;;
2022-09-10 12:00:00;634.4788151922737;1000.0;;270.0;;;;
2022-09-10 13:00:00;550.5621184054927;1000.0;;270.0;;;;
2022-09-10 14:00:00;583.9206083945651;1000.0;;270.0;;;;
2022-09-10 15:00:00;592.9088920871998;1000.0;;270.0;;;;
2022-09-10 16:00:00;526.2130853560118;1000.0;;270.0;;;;
2022-09-10 17:00:00;501.7741600716288;1000.0;;270.0;;;;
2022-09-10 18:00:00;522.5657166898292;1000.0;;270.0;;;;
2022-09-10 19:00:00;634.1533830511117;1000.0;;270.0;;;;
2022-09-10 20:00:00;570.4695019954628;1000.0;;270.0;;;;
2022-09-10 21:00:00;581.8195811979014;1000.0;;270.0;;;;
2022-09-10 22:00:00;617.1144717832727;1000.0;;270.0;;;;
2022-09-10 23:00:00;622.0469524174397;1000.0;;270.0;;;;
2022-09-11 00:00:00;626.7991547249095;1000.0;;270.0;;;;
2022-09-11 01:00:00;597.7286454262729;1000.0;;270.0;;;;
2022-09-11 02:00:00;572.8993443112889;1000.0;;270.0;;;;
2022-09-11 03:00:00;598.2980850231465;1000.0;;270.0;;;;
2022-09-11 04:00:00;568.0203687706639;1000.0;;270.0;;;;
2022-09-11 05:00:00;635.0061509953898;1000.0;;270.0;;;;
2022-09-11 06:00:00;635.3147863654915;1000.0;;270.0;;;;
2022-09-11 07:00:00;639.7710263074764;1000.0;;270.0;;;;
2022-09-11 08:00:00;636.7431370593288;1000.0;;270.0;;;;
2022-09-11 09:00:00;606.0776786670701;1000.0;;270.0;;;;
2022-09-11 10:00:00;574.0632095336449;1000.0;;270.0;;;;
2022-09-11 11:00:00;560.3662289814047;1000.0;;270.0;;;;
2022-09-11 12:00:00;621.8215043653281;1000.0;;270.0;;;;
2022-09-11 13:00:00;601.6651303627896;1000.0;;270.0;;;;
2022-09-11 14:00:00;597.5149617423622;1000.0;;270.0;;;;
2022-09-11 15:00:00;571.9025288870032;1000.0;;270.0;;;;
2022-09-11 16:00:00;564.1818901423085;1000.0;;270.0;;;;
2022-09-11 17:00:00;544.0111606568767;1000.0;;270.0;;;;
2022-09-11 18:00:00;603.9750816746715;1000.0;;270.0;;;;
2022-09-11 19:00:00;583.8797294642771;1000.0;;270.0;;;;
2022-09-11 20:00:00;619.3299486841389;1000.0;;270.0;;;;
2022-09-11 21:00:00;585.0729487128151;1000.0;;270.0;;;;
2022-09-11 22:00:00;595.879091172802;1000.0;;270.0;;;;
2022-09-11 23:00:00;417.0558573813015;1000.0;;270.0;;;;
2022-09-12 00:00:00;589.9674120413619;1000.0;;270.0;;;;
2022-09-12 01:00:00;473.0702227982026;1000.0;;270.0;;;;
2022-09-12 02:00:00;648.5266841227186;1000.0;;270.0;;;;
2022-09-12 03:00:00;625.6104046696059;1000.0;;270.0;;;;
2022-09-12 04:00:00;547.7996473012258;1000.0;;270.0;;;;
2022-09-12 05:00:00;518.230242405423;1000.0;;270.0;;;;
2022-09-12 06:00:00;549.576549889148;1000.0;;270.0;;;;
2022-09-12 07:00:00;530.3662035509352;1000.0;;270.0;;;;
2022-09-12 08:00:00;543.669133334803;1000.0;;270.0;;;;
2022-09-12 09:00:00;708.2512164683808;1000.0;;270.0;;;;
2022-09-12 10:00:00;538.6803550370046;1000.0;;270.0;;;;
2022-09-12 11:00:00;647.6817338149546;1000.0;;270.0;;;;
2022-09-12 12:00:00;452.0807499825116;1000.0;;270.0;;;;
2022-09-12 13:00:00;612.5732281181201;1000.0;;270.0;;;;
2022-09-12 14:00:00;618.141597410219;1000.0;;270.0;;;;
2022-09-12 15:00:00;518.9629504737486;1000.0;;270.0;;;;
2022-09-12 16:00:00;614.0467990606991;1000.0;;270.0;;;;
2022-09-12 17:00:00;610.4808210697863;1000.0;;270.0;;;;
2022-09-12 18:00:00;553.5162878965533;1000.0;;270.0;;;;
2022-09-12 19:00:00;566.3782615410099;1000.0;;270.0;;;;
2022-09-12 20:00:00;557.5949907879153;1000.0;;270.0;;;;
2022-09-12 21:00:00;442.7202813085704;1000.0;;270.0;;;;
2022-09-12 22:00:00;500.3108823074855;1000.0;;270.0;;;;
2022-09-12 23:00:00;624.4319709308838;1000.0;;270.0;;;;
2022-09-13 00:00:00;559.7315696912248;1000.0;;270.0;;;;
2022-09-13 01:00:00;620.9171465373715;1000.0;;270.0;;;;
2022-09-13 02:00:00;541.2105357818052;1000.0;;270.0;;;;
2022-09-13 03:00:00;589.0215376486267;1000.0;;270.0;;;;
2022-09-13 04:00:00;698.077130571333;1000.0;;270.0;;;;
2022-09-13 05:00:00;639.8924489794499;1000.0;;270.0;;;;
2022-09-13 06:00:00;619.9597167058026;1000.0;;270.0;;;;
2022-09-13 07:00:00;594.8441033169404;1000.0;;270.0;;;;
2022-09-13 08:00:00;588.3295387839493;1000.0;;270.0;;;;
2022-09-13 09:00:00;573.9781112696621;1000.0;;270.0;;;;
2022-09-13 10:00:00;585.4969056938809;1000.0;;270.0;;;;
2022-09-13 11:00:00;599.2844335617473;1000.0;;270.0;;;;
2022-09-13 12:00:00;566.9423899029171;1000.0;;270.0;;;;
2022-09-13 13:00:00;618.4469168334318;1000.0;;270.0;;;;
2022-09-13 14:00:00;536.0571160085668;1000.0;;270.0;;;;
2022-09-13 15:00:00;570.5003225222396;1000.0;;270.0;;;;
2022-09-13 16:00:00;539.2692500753157;1000.0;;270.0;;;;
2022-09-13 17:00:00;619.9440932519908;1000.0;;270.0;;;;
2022-09-13 18:00:00;563.6249061751292;1000.0;;270.0;;;;
2022-09-13 19:00:00;626.5360763358129;1000.0;;270.0;;;;
2022-09-13 20:00:00;597.4434753069174;1000.0;;270.0;;;;
2022-09-13 21:00:00;502.6890861590834;1000.0;;270.0;;;;
2022-09-13 22:00:00;537.8584978675824;1000.0;;270.0;;;;
2022-09-13 23:00:00;564.3630300698082;1000.0;;270.0;;;;
2022-09-14 00:00:00;562.4706951321692;1000.0;;270.0;;;;
2022-09-14 01:00:00;558.38407814732;1000.0;;270.0;;;;
2022-09-14 02:00:00;628.7414003565804;1000.0;;270.0;;;;
2022-09-14 03:00:00;489.2215159904543;1000.0;;270.0;;;;
2022-09-14 04:00:00;660.3608737163526;1000.0;;270.0;;;;
2022-09-14 05:00:00;524.9119634084798;1000.0;;270.0;;;;
2022-09-14 06:00:00;540.3837632790292;1000.0;;270.0;;;;
2022-09-14 07:00:00;556.9658506943774;1000.0;;270.0;;;;
2022-09-14 08:00:00;575.980604017706;1000.0;;270.0;;;;
2022-09-14 09:00:00;656.7629068317117;1000.0;;270.0;;;;
2022-09-14 10:00:00;639.9302315948252;1000.0;;270.0;;;;
2022-09-14 11:00:00;583.0006828277594;1000.0;;270.0;;;;
2022-09-14 12:00:00;579.3518027164248;1000.0;;270.0;;;;
2022-09-14 13:00:00;593.1734108140137;1000.0;;270.0;;;;
2022-09-14 14:00:00;591.1018514525258;1000.0;;270.0;;;;
2022-09-14 15:00:00;588.1130631174573;1000.0;;270.0;;;;
2022-09-14 16:00:00;659.0041822392126;1000.0;;270.0;;;;
2022-09-14 17:00:00;496.3695754405269;1000.0;;270.0;;;;
2022-09-14 18:00:00;539.836677520365;1000.0;;270.0;;;;
2022-09-14 19:00:00;642.2160681666893;1000.0;;270.0;;;;
2022-09-14 20:00:00;532.3410364760897;1000.0;;270.0;;;;
2022-09-14 21:00:00;547.4362854738479;1000.0;;270.0;;;;
2022-09-14 22:00:00;581.3486770404431;1000.0;;270.0;;;;
2022-09-14 23:00:00;667.3689680745831;1000.0;;270.0;;;;
2022-09-15 00:00:00;625.0148418312194;1000.0;;270.0;;;;
2022-09-15 01:00:00;555.2204019231447;1000.0;;270.0;;;;
2022-09-15 02:00:00;443.1101438533199;1000.0;;270.0;;;;
2022-09-15 03:00:00;536.8377883482208;1000.0;;270.0;;;;
2022-09-15 04:00:00;582.6522977516172;1000.0;;270.0;;;;
2022-09-15 05:00:00;586.4391625944372;1000.0;;270.0;;;;
2022-09-15 06:00:00;592.5246320690578;1000.0;;270.0;;;;
2022-09-15 07:00:00;544.1803870804433;1000.0;;270.0;;;;
2022-09-15 08:00:00;658.3035167334059;1000.0;;270.0;;;;
2022-09-15 09:00:00;478.9821260570033;1000.0;;270.0;;;;
2022-09-15 10:00:00;587.0860923693929;1000.0;;270.0;;;;
2022-09-15 11:00:00;550.028868195454;1000.0;;270.0;;;;
2022-09-15 12:00:00;410.5469507998184;1000.0;;270.0;;;;
2022-09-15 13:00:00;577.40258563974;1000.0;;270.0;;;;
2022-09-15 14:00:00;453.3399581470316;1000.0;;270.0;;;;
2022-09-15 15:00:00;439.8002181031137;1000.0;;270.0;;;;
2022-09-15 16:00:00;610.1280055465464;1000.0;;270.0;;;;
2022-09-15 17:00:00;687.7395498932422;1000.0;;270.0;;;;
2022-09-15 18:00:00;494.7599310267505;1000.0;;270.0;;;;
2022-09-15 19:00:00;604.3526349985676;1000.0;;270.0;;;;
2022-09-15 20:00:00;610.1017565411773;1000.0;;270.0;;;;
2022-09-15 21:00:00;518.1919498795928;1000.0;;270.0;;;;
2022-09-15 22:00:00;468.5030202515464;1000.0;;270.0;;;;
2022-09-15 23:00:00;501.7523262875816;1000.0;;270.0;;;;
2022-09-16 00:00:00;620.0514373779973;1000.0;;270.0;;;;
2022-09-16 01:00:00;609.8380982697556;1000.0;;270.0;;;;
2022-09-16 02:00:00;462.4282104233636;1000.0;;270.0;;;;
2022-09-16 03:00:00;568.9811974394497;1000.0;;270.0;;;;
2022-09-16 04:00:00;591.6563602925996;1000.0;;270.0;;;;
2022-09-16 05:00:00;535.1660736531314;1000.0;;270.0;;;;
2022-09-16 06:00:00;535.0602992098752;1000.0;;270.0;;;;
2022-09-16 07:00:00;537.3863245409702;1000.0;;270.0;;;;
2022-09-16 08:00:00;560.471550389327;1000.0;;270.0;;;;
2022-09-16 09:00:00;544.591103462611;1000.0;;270.0;;;;
2022-09-16 10:00:00;479.4457499529563;1000.0;;270.0;;;;
2022-09-16 11:00:00;613.6419480514663;1000.0;;270.0;;;;
2022-09-16 12:00:00;601.8353582424368;1000.0;;270.0;;;;
2022-09-16 13:00:00;671.6914391638974;1000.0;;270.0;;;;
2022-09-16 14:00:00;658.2223311900623;1000.0;;270.0;;;;
2022-09-16 15:00:00;604.8475385990407;1000.0;;270.0;;;;
2022-09-16 16:00:00;536.7612029987831;1000.0;;270.0;;;;
2022-09-16 17:00:00;566.9450531050435;1000.0;;270.0;;;;
2022-09-16 18:00:00;602.740408912398;1000.0;;270.0;;;;
2022-09-16 19:00:00;594.548848307933;1000.0;;270.0;;;;
2022-09-16 20:00:00;541.264466000748;1000.0;;270.0;;;;
2022-09-16 21:00:00;562.0256631897781;1000.0;;270.0;;;;
2022-09-16 22:00:00;497.2821772901657;1000.0;;270.0;;;;
2022-09-16 23:00:00;612.680122514387;1000.0;;270.0;;;;
2022-09-17 00:00:00;556.313773884881;1000.0;;270.0;;;;
2022-09-17 01:00:00;610.9368364118824;1000.0;;270.0;;;;
2022-09-17 02:00:00;566.2293911615836;1000.0;;270.0;;;;
2022-09-17 03:00:00;624.2282634404962;1000.0;;270.0;;;;
2022-09-17 04:00:00;567.210847129772;1000.0;;270.0;;;;
2022-09-17 05:00:00;619.8881192083077;1000.0;;270.0;;;;
2022-09-17 06:00:00;654.5620780942511;1000.0;;270.0;;;;
2022-09-17 07:00:00;661.5383704647359;1000.0;;270.0;;;;
2022-09-17 08:00:00;551.9697406657052;1000.0;;270.0;;;;
2022-09-17 09:00:00;579.4734340502903;1000.0;;270.0;;;;
2022-09-17 10:00:00;562.1272033219268;1000.0;;270.0;;;;
2022-09-17 11:00:00;549.2429560640805;1000.0;;270.0;;;;
2022-09-17 12:00:00;543.1991783286828;1000.0;;270.0;;;;
2022-09-17 13:00:00;658.2846565641456;1000.0;;270.0;;;;
2022-09-17 14:00:00;637.5053904816247;1000.0;;270.0;;;;
2022-09-17 15:00:00;576.0426507717568;1000.0;;270.0;;;;
2022-09-17 16:00:00;600.3724356289547;1000.0;;270.0;;;;
2022-09-17 17:00:00;686.8290580615387;1000.0;;270.0;;;;
2022-09-17 18:00:00;513.4548620902308;1000.0;;270.0;;;;
2022-09-17 19:00:00;551.3025481605715;1000.0;;270.0;;;;
2022-09-17 20:00:00;558.9867007887676;1000.0;;270.0;;;;
2022-09-17 21:00:00;541.8148274920885;1000.0;;270.0;;;;
2022-09-17 22:00:00;595.4708626549191;1000.0;;270.0;;;;
2022-09-17 23:00:00;605.3148348909839;1000.0;;270.0;;;;
2022-09-18 00:00:00;487.8112875468265;1000.0;;270.0;;;;
2022-09-18 01:00:00;662.9740683803942;1000.0;;270.0;;;;
2022-09-18 02:00:00;540.5015628803975;1000.0;;270.0;;;;
2022-09-18 03:00:00;551.294256381244;1000.0;;270.0;;;;
2022-09-18 04:00:00;523.4498852370875;1000.0;;270.0;;;;
2022-09-18 05:00:00;652.5607206335935;1000.0;;270.0;;;;
2022-09-18 06:00:00;579.6187379002448;1000.0;;270.0;;;;
2022-09-18 07:00:00;551.2164492112375;1000.0;;270.0;;;;
2022-09-18 08:00:00;561.2156623959124;1000.0;;270.0;;;;
2022-09-18 09:00:00;597.3586170415609;1000.0;;270.0;;;;
2022-09-18 10:00:00;531.4063321645583;1000.0;;270.0;;;;
2022-09-18 11:00:00;551.1704101470403;1000.0;;270.0;;;;
2022-09-18 12:00:00;565.8705554774574;1000.0;;270.0;;;;
2022-09-18 13:00:00;621.4102598844594;1000.0;;270.0;;;;
2022-09-18 14:00:00;601.1759307400579;1000.0;;270.0;;;;
2022-09-18 15:00:00;558.2137395925779;1000.0;;270.0;;;;
2022-09-18 16:00:00;579.0486321963521;1000.0;;270.0;;;;
2022-09-18 17:00:00;580.7652543792891;1000.0;;270.0;;;;
2022-09-18 18:00:00;477.1330798576217;1000.0;;270.0;;;;
2022-09-18 19:00:00;508.6179979706136;1000.0;;270.0;;;;
2022-09-18 20:00:00;610.9936780536175;1000.0;;270.0;;;;
2022-09-18 21:00:00;659.0209132346013;1000.0;;270.0;;;;
2022-09-18 22:00:00;581.1924854806364;1000.0;;270.0;;;;
2022-09-18 23:00:00;627.4756007182634;1000.0;;270.0;;;;
2022-09-19 00:00:00;556.7330233008821;1000.0;;270.0;;;;
2022-09-19 01:00:00;542.8657622324257;1000.0;;270.0;;;;
2022-09-19 02:00:00;542.4731286783266;1000.0;;270.0;;;;
2022-09-19 03:00:00;548.615284964249;1000.0;;270.0;;;;
2022-09-19 04:00:00;570.7560007707458;1000.0;;270.0;;;;
2022-09-19 05:00:00;585.5242782355014;1000.0;;270.0;;;;
2022-09-19 06:00:00;555.4174005584285;1000.0;;270.0;;;;
2022-09-19 07:00:00;542.9614789091873;1000.0;;270.0;;;;
2022-09-19 08:00:00;502.7226937059729;1000.0;;270.0;;;;
2022-09-19 09:00:00;540.2636097115798;1000.0;;270.0;;;;
2022-09-19 10:00:00;703.962713018047;1000.0;;270.0;;;;
2022-09-19 11:00:00;497.7310400231781;1000.0;;270.0;;;;
2022-09-19 12:00:00;489.7416699149243;1000.0;;270.0;;;;
2022-09-19 13:00:00;525.1332911702312;1000.0;;270.0;;;;
2022-09-19 14:00:00;647.155922186245;1000.0;;270.0;;;;
2022-09-19 15:00:00;604.086067457699;1000.0;;270.0;;;;
2022-09-19 16:00:00;491.7583086341282;1000.0;;270.0;;;;
2022-09-19 17:00:00;585.9298193449779;1000.0;;270.0;;;;
2022-09-19 18:00:00;588.1615022499565;1000.0;;270.0;;;;
2022-09-19 19:00:00;684.8773030189016;1000.0;;270.0;;;;
2022-09-19 20:00:00;635.057291087115;1000.0;;270.0;;;;
2022-09-19 21:00:00;580.4741000317799;1000.0;;270.0;;;;
2022-09-19 22:00:00;535.8570392867375;1000.0;;270.0;;;;
2022-09-19 23:00:00;550.9259529187502;1000.0;;270.0;;;;
2022-09-20 00:00:00;512.5894688341517;1000.0;;270.0;;;;
2022-09-20 01:00:00;513.8366288133467;1000.0;;270.0;;;;
2022-09-20 02:00:00;712.2209703426113;1000.0;;270.0;;;;
2022-09-20 03:00:00;688.0568494899209;1000.0;;270.0;;;;
2022-09-20 04:00:00;612.8566358452308;1000.0;;270.0;;;;
2022-09-20 05:00:00;588.4888816133983;1000.0;;270.0;;;;
2022-09-20 06:00:00;613.5024971883556;1000.0;;270.0;;;;
2022-09-20 07:00:00;557.0705879600305;1000.0;;270.0;;;;
2022-09-20 08:00:00;506.0568355237695;1000.0;;270.0;;;;
2022-09-20 09:00:00;593.7111228500156;1000.0;;270.0;;;;
2022-09-20 10:00:00;473.4457048221925;1000.0;;270.0;;;;
2022-09-20 11:00:00;624.9062235117628;1000.0;;270.0;;;;
2022-09-20 12:00:00;587.2462494171979;1000.0;;270.0;;;;
2022-09-20 13:00:00;637.7959517673555;1000.0;;270.0;;;;
2022-09-20 14:00:00;524.181416845177;1000.0;;270.0;;;;
2022-09-20 15:00:00;553.3560515406988;1000.0;;270.0;;;;
2022-09-20 16:00:00;602.4082039092112;1000.0;;270.0;;;;
2022-09-20 17:00:00;515.9685748853518;1000.0;;270.0;;;;
2022-09-20 18:00:00;592.6428760830127;1000.0;;270.0;;;;
2022-09-20 19:00:00;568.2021085003545;1000.0;;270.0;;;;
2022-09-20 20:00:00;583.8879021452826;1000.0;;270.0;;;;
2022-09-20 21:00:00;509.0334157029214;1000.0;;270.0;;;;
2022-09-20 22:00:00;592.3173116130058;1000.0;;270.0;;;;
2022-09-20 23:00:00;451.8611486682248;1000.0;;270.0;;;;
2022-09-21 00:00:00;557.7223327796797;1000.0;;270.0;;;;
2022-09-21 01:00:00;502.3186251378896;1000.0;;270.0;;;;
2022-09-21 02:00:00;631.1075666028465;1000.0;;270.0;;;;
2022-09-21 03:00:00;497.4176397735461;1000.0;;270.0;;;;
2022-09-21 04:00:00;550.4478308551775;1000.0;;270.0;;;;
2022-09-21 05:00:00;544.9518972642627;1000.0;;270.0;;;;
2022-09-21 06:00:00;680.4095955389613;1000.0;;270.0;;;;
2022-09-21 07:00:00;576.6841490296981;1000.0;;270.0;;;;
2022-09-21 08:00:00;521.6393982261827;1000.0;;270.0;;;;
2022-09-21 09:00:00;704.122917049436;1000.0;;270.0;;;;
2022-09-21 10:00:00;559.2151252403465;1000.0;;270.0;;;;
2022-09-21 11:00:00;559.3193760650923;1000.0;;270.0;;;;
2022-09-21 12:00:00;565.9157239847364;1000.0;;270.0;;;;
2022-09-21 13:00:00;586.5620369772682;1000.0;;270.0;;;;
2022-09-21 14:00:00;582.2268610334868;1000.0;;270.0;;;;
2022-09-21 15:00:00;566.8171298078676;1000.0;;270.0;;;;
2022-09-21 16:00:00;609.0051853418241;1000.0;;270.0;;;;
2022-09-21 17:00:00;560.9476247643549;1000.0;;270.0;;;;
2022-09-21 18:00:00;587.0216848706868;1000.0;;270.0;;;;
2022-09-21 19:00:00;538.2085452759145;1000.0;;270.0;;;;
2022-09-21 20:00:00;595.5167877867857;1000.0;;270.0;;;;
2022-09-21 21:00:00;560.2480508176067;1000.0;;270.0;;;;
2022-09-21 22:00:00;643.7423794630454;1000.0;;270.0;;;;
2022-09-21 23:00:00;578.8367170924123;1000.0;;270.0;;;;
2022-09-22 00:00:00;529.9722518883514;1000.0;;270.0;;;;
2022-09-22 01:00:00;614.8007232060612;1000.0;;270.0;;;;
2022-09-22 02:00:00;557.6134753097183;1000.0;;270.0;;;;
2022-09-22 03:00:00;624.5354299130004;1000.0;;270.0;;;;
2022-09-22 04:00:00;522.5222306746874;1000.0;;270.0;;;;
2022-09-22 05:00:00;528.8659803923334;1000.0;;270.0;;;;
2022-09-22 06:00:00;564.3193117799268;1000.0;;270.0;;;;
2022-09-22 07:00:00;586.5767583807544;1000.0;;270.0;;;;
2022-09-22 08:00:00;624.3419462467335;1000.0;;270.0;;;;
2022-09-22 09:00:00;507.6644094045243;1000.0;;270.0;;;;
2022-09-22 10:00:00;522.3596275277746;1000.0;;270.0;;;;
2022-09-22 11:00:00;638.9790725435568;1000.0;;270.0;;;;
2022-09-22 12:00:00;614.2788281778078;1000.0;;270.0;;;;
2022-09-22 13:00:00;560.9099372040707;1000.0;;270.0;;;;
2022-09-22 14:00:00;559.5986311207594;1000.0;;270.0;;;;
2022-09-22 15:00:00;630.1321626638419;1000.0;;270.0;;;;
2022-09-22 16:00:00;672.0086194251697;1000.0;;270.0;;;;
2022-09-22 17:00:00;500.8464149630366;1000.0;;270.0;;;;
2022-09-22 18:00:00;544.6299012033186;1000.0;;270.0;;;;
2022-09-22 19:00:00;504.5853842175989;1000.0;;270.0;;;;
2022-09-22 20:00:00;639.8973433389547;1000.0;;270.0;;;;
2022-09-22 21:00:00;517.31455534774;1000.0;;270.0;;;;
2022-09-22 22:00:00;540.6038638353428;1000.0;;270.0;;;;
2022-09-22 23:00:00;546.7582945453746;1000.0;;270.0;;;;
2022-09-23 00:00:00;469.9866379660838;1000.0;;270.0;;;;
2022-09-23 01:00:00;582.7048911112167;1000.0;;270.0;;;;
2022-09-23 02:00:00;654.6243893390184;1000.0;;270.0;;;;
2022-09-23 03:00:00;469.7908459894755;1000.0;;270.0;;;;
2022-09-23 04:00:00;636.2736575705369;1000.0;;270.0;;;;
2022-09-23 05:00:00;553.630306028711;1000.0;;270.0;;;;
2022-09-23 06:00:00;648.8265994250012;1000.0;;270.0;;;;
2022-09-23 07:00:00;541.0659801119743;1000.0;;270.0;;;;
2022-09-23 08:00:00;630.7848438194926;1000.0;;270.0;;;;
2022-09-23 09:00:00;467.8389220993637;1000.0;;270.0;;;;
2022-09-23 10:00:00;551.8295308711462;1000.0;;270.0;;;;
2022-09-23 11:00:00;590.7163828878937;1000.0;;270.0;;;;
2022-09-23 12:00:00;535.9969963746291;1000.0;;270.0;;;;
2022-09-23 13:00:00;448.8796226244448;1000.0;;270.0;;;;
2022-09-23 14:00:00;437.7557033271836;1000.0;;270.0;;;;
2022-09-23 15:00:00;473.662508119967;1000.0;;270.0;;;;
2022-09-23 16:00:00;552.9418875961157;1000.0;;270.0;;;;
2022-09-23 17:00:00;541.170607261529;1000.0;;270.0;;;;
2022-09-23 18:00:00;499.4295063971784;1000.0;;270.0;;;;
2022-09-23 19:00:00;450.7188376390711;1000.0;;270.0;;;;
2022-09-23 20:00:00;662.3930389994844;1000.0;;270.0;;;;
2022-09-23 21:00:00;628.0212794934474;1000.0;;270.0;;;;
2022-09-23 22:00:00;552.1046337028694;1000.0;;270.0;;;;
2022-09-23 23:00:00;570.6509025745296;1000.0;;270.0;;;;
2022-09-24 00:00:00;637.8585372202119;1000.0;;270.0;;;;
2022-09-24 01:00:00;497.6625132341221;1000.0;;270.0;;;;
2022-09-24 02:00:00;607.7014204964561;1000.0;;270.0;;;;
2022-09-24 03:00:00;612.8890542293412;1000.0;;270.0;;;;
2022-09-24 04:00:00;508.6265562150826;1000.0;;270.0;;;;
2022-09-24 05:00:00;535.7044608328587;1000.0;;270.0;;;;
2022-09-24 06:00:00;526.1748367201134;1000.0;;270.0;;;;
2022-09-24 07:00:00;494.43595210862;1000.0;;270.0;;;;
2022-09-24 08:00:00;635.5291618967268;1000.0;;270.0;;;;
2022-09-24 09:00:00;565.2219419102636;1000.0;;270.0;;;;
2022-09-24 10:00:00;684.899360916726;1000.0;;270.0;;;;
2022-09-24 11:00:00;555.2283406414655;1000.0;;270.0;;;;
2022-09-24 12:00:00;568.4125026781837;1000.0;;270.0;;;;
2022-09-24 13:00:00;554.9773809694439;1000.0;;270.0;;;;
2022-09-24 14:00:00;658.8533497616744;1000.0;;270.0;;;;
2022-09-24 15:00:00;646.9517960437367;1000.0;;270.0;;;;
2022-09-24 16:00:00;428.7670268940229;1000.0;;270.0;;;;
2022-09-24 17:00:00;628.2107888939612;1000.0;;270.0;;;;
2022-09-24 18:00:00;589.1499765936566;1000.0;;270.0;;;;
2022-09-24 19:00:00;511.0824352538501;1000.0;;270.0;;;;
2022-09-24 20:00:00;578.663570777604;1000.0;;270.0;;;;
2022-09-24 21:00:00;697.1901360427971;1000.0;;270.0;;;;
2022-09-24 22:00:00;481.9677311264219;1000.0;;270.0;;;;
2022-09-24 23:00:00;567.5956632158161;1000.0;;270.0;;;;
2022-09-25 00:00:00;497.9630682870937;1000.0;;270.0;;;;
2022-09-25 01:00:00;592.1228628477927;1000.0;;270.0;;;;
2022-09-25 02:00:00;544.7314869685367;1000.0;;270.0;;;;
2022-09-25 03:00:00;692.2065176376558;1000.0;;270.0;;;;
2022-09-25 04:00:00;638.9368472225373;1000.0;;270.0;;;;
2022-09-25 05:00:00;510.894644401444;1000.0;;270.0;;;;
2022-09-25 06:00:00;609.6819906317166;1000.0;;270.0;;;;
2022-09-25 07:00:00;584.0387167438004;1000.0;;270.0;;;;
2022-09-25 08:00:00;600.7949569757074;1000.0;;270.0;;;;
2022-09-25 09:00:00;552.6078625095818;1000.0;;270.0;;;;
2022-09-25 10:00:00;590.3779969964575;1000.0;;270.0;;;;
2022-09-25 11:00:00;531.0661713811535;1000.0;;270.0;;;;
2022-09-25 12:00:00;603.3249924477833;1000.0;;270.0;;;;
2022-09-25 13:00:00;554.3355615976817;1000.0;;270.0;;;;
2022-09-25 14:00:00;453.8622729352309;1000.0;;270.0;;;;
2022-09-25 15:00:00;674.0204508364625;1000.0;;270.0;;;;
2022-09-25 16:00:00;501.8244309485466;1000.0;;270.0;;;;
2022-09-25 17:00:00;531.3044412763802;1000.0;;270.0;;;;
2022-09-25 18:00:00;461.2840958947887;1000.0;;270.0;;;;
2022-09-25 19:00:00;546.896609183596;1000.0;;270.0;;;;
2022-09-25 20:00:00;557.4019003383189;1000.0;;270.0;;;;
2022-09-25 21:00:00;590.8689358362974;1000.0;;270.0;;;;
2022-09-25 22:00:00;441.035677331078;1000.0;;270.0;;;;
2022-09-25 23:00:00;542.7167496309702;1000.0;;270.0;;;;
2022-09-26 00:00:00;566.4251782177829;1000.0;;270.0;;;;
2022-09-26 01:00:00;684.5788545118855;1000.0;;270.0;;;;
2022-09-26 02:00:00;516.5611658118501;1000.0;;270.0;;;;
2022-09-26 03:00:00;489.2615012332491;1000.0;;270.0;;;;
2022-09-26 04:00:00;590.293943644734;1000.0;;270.0;;;;
2022-09-26 05:00:00;571.2413607068381;1000.0;;270.0;;;;
2022-09-26 06:00:00;563.1742937856405;1000.0;;270.0;;;;
2022-09-26 07:00:00;442.5003976897946;1000.0;;270.0;;;;
2022-09-26 08:00:00;672.026421919181;1000.0;;270.0;;;;
2022-09-26 09:00:00;492.3358265068075;1000.0;;270.0;;;;
2022-09-26 10:00:00;630.7752680724293;1000.0;;270.0;;;;
2022-09-26 11:00:00;624.5332026976433;1000.0;;270.0;;;;
2022-09-26 12:00:00;629.3133872281627;1000.0;;270.0;;;;
2022-09-26 13:00:00;507.9257513568706;1000.0;;270.0;;;;
2022-09-26 14:00:00;668.294867123732;1000.0;;270.0;;;;
2022-09-26 15:00:00;625.9947517756204;1000.0;;270.0;;;;
2022-09-26 16:00:00;619.4508374973691;1000.0;;270.0;;;;
2022-09-26 17:00:00;528.4477787829152;1000.0;;270.0;;;;
2022-09-26 18:00:00;459.3121385371606;1000.0;;270.0;;;;
2022-09-26 19:00:00;479.694226761269;1000.0;;270.0;;;;
2022-09-26 20:00:00;611.4691962768724;1000.0;;270.0;;;;
2022-09-26 21:00:00;561.5218093533792;1000.0;;270.0;;;;
2022-09-26 22:00:00;497.3945508068972;1000.0;;270.0;;;;
2022-09-26 23:00:00;630.3517634114716;1000.0;;270.0;;;;
2022-09-27 00:00:00;496.8564312773972;1000.0;;270.0;;;;
2022-09-27 01:00:00;604.7079683269991;1000.0;;270.0;;;;
2022-09-27 02:00:00;564.9070344706154;1000.0;;270.0;;;;
2022-09-27 03:00:00;611.2185704794625;1000.0;;270.0;;;;
2022-09-27 04:00:00;551.6246715544767;1000.0;;270.0;;;;
2022-09-27 05:00:00;709.8786105781902;1000.0;;270.0;;;;
2022-09-27 06:00:00;506.5421877985494;1000.0;;270.0;;;;
2022-09-27 07:00:00;704.2503153807818;1000.0;;270.0;;;;
2022-09-27 08:00:00;597.3118849791666;1000.0;;270.0;;;;
2022-09-27 09:00:00;718.5323650902856;1000.0;;270.0;;;;
2022-09-27 10:00:00;567.5504397204022;1000.0;;270.0;;;;
2022-09-27 11:00:00;652.9031974884497;1000.0;;270.0;;;;
2022-09-27 12:00:00;531.5611238034052;1000.0;;270.0;;;;
2022-09-27 13:00:00;607.8789424482969;1000.0;;270.0;;;;
2022-09-27 14:00:00;566.2185428947867;1000.0;;270.0;;;;
2022-09-27 15:00:00;469.1709097160947;1000.0;;270.0;;;;
2022-09-27 16:00:00;733.5720600048943;1000.0;;270.0;;;;
2022-09-27 17:00:00;574.4999650912805;1000.0;;270.0;;;;
2022-09-27 18:00:00;588.26054804271;1000.0;;270.0;;;;
2022-09-27 19:00:00;446.2521172941791;1000.0;;270.0;;;;
2022-09-27 20:00:00;570.0935092030126;1000.0;;270.0;;;;
2022-09-27 21:00:00;544.3402457491463;1000.0;;270.0;;;;
2022-09-27 22:00:00;541.4169634189544;1000.0;;270.0;;;;
2022-09-27 23:00:00;623.3862195157726;1000.0;;270.0;;;;
2022-09-28 00:00:00;555.7467912114948;1000.0;;270.0;;;;
2022-09-28 01:00:00;644.9878002615417;1000.0;;270.0;;;;
2022-09-28 02:00:00;613.6587469961959;1000.0;;270.0;;;;
2022-09-28 03:00:00;539.8902035298656;1000.0;;270.0;;;;
2022-09-28 04:00:00;509.7717331194116;1000.0;;270.0;;;;
2022-09-28 05:00:00;578.7583220092818;1000.0;;270.0;;;;
2022-09-28 06:00:00;546.0556455833067;1000.0;;270.0;;;;
2022-09-28 07:00:00;538.9808244929394;1000.0;;270.0;;;;
2022-09-28 08:00:00;669.0727002324954;1000.0;;270.0;;;;
2022-09-28 09:00:00;495.867269048989;1000.0;;270.0;;;;
2022-09-28 10:00:00;630.2805227153534;1000.0;;270.0;;;;
2022-09-28 11:00:00;567.7894754494936;1000.0;;270.0;;;;
2022-09-28 12:00:00;620.0569606413569;1000.0;;270.0;;;;
2022-09-28 13:00:00;528.1547858079217;1000.0;;270.0;;;;
2022-09-28 14:00:00;512.5746331669824;1000.0;;270.0;;;;
2022-09-28 15:00:00;504.8769822082294;1000.0;;270.0;;;;
2022-09-28 16:00:00;500.0162457860692;1000.0;;270.0;;;;
2022-09-28 17:00:00;534.1046229746319;1000.0;;270.0;;;;
2022-09-28 18:00:00;569.903056490225;1000.0;;270.0;;;;
2022-09-28 19:00:00;724.8856117626335;1000.0;;270.0;;;;
2022-09-28 20:00:00;531.6146507134044;1000.0;;270.0;;;;
2022-09-28 21:00:00;575.1012640858534;1000.0;;270.0;;;;
2022-09-28 22:00:00;653.4206339693237;1000.0;;270.0;;;;
2022-09-28 23:00:00;582.7621421443968;1000.0;;270.0;;;;
2022-09-29 00:00:00;537.0878723238253;1000.0;;270.0;;;;
2022-09-29 01:00:00;600.3547611903124;1000.0;;270.0;;;;
2022-09-29 02:00:00;683.6648754314883;1000.0;;270.0;;;;
2022-09-29 03:00:00;576.9959646018065;1000.0;;270.0;;;;
2022-09-29 04:00:00;623.6712281503787;1000.0;;270.0;;;;
2022-09-29 05:00:00;558.4693147572085;1000.0;;270.0;;;;
2022-09-29 06:00:00;518.6007498208821;1000.0;;270.0;;;;
2022-09-29 07:00:00;613.0567934100728;1000.0;;270.0;;;;
2022-09-29 08:00:00;610.1523380278611;1000.0;;270.0;;;;
2022-09-29 09:00:00;565.9627582803874;1000.0;;270.0;;;;
2022-09-29 10:00:00;574.5491079704939;1000.0;;270.0;;;;
2022-09-29 11:00:00;510.8180317407804;1000.0;;270.0;;;;
2022-09-29 12:00:00;682.1981344709316;1000.0;;270.0;;;;
2022-09-29 13:00:00;628.0420888211778;1000.0;;270.0;;;;
2022-09-29 14:00:00;526.8011387639681;1000.0;;270.0;;;;
2022-09-29 15:00:00;613.980725087264;1000.0;;270.0;;;;
2022-09-29 16:00:00;640.8027552411197;1000.0;;270.0;;;;
2022-09-29 17:00:00;644.7061941070233;1000.0;;270.0;;;;
2022-09-29 18:00:00;589.3823154703887;1000.0;;270.0;;;;
2022-09-29 19:00:00;573.3235587648816;1000.0;;270.0;;;;
2022-09-29 20:00:00;484.0872977921671;1000.0;;270.0;;;;
2022-09-29 21:00:00;545.3068813211529;1000.0;;270.0;;;;
2022-09-29 22:00:00;551.9608680924629;1000.0;;270.0;;;;
2022-09-29 23:00:00;563.9967844696237;1000.0;;270.0;;;;
2022-09-30 00:00:00;545.6158901062013;1000.0;;270.0;;;;
2022-09-30 01:00:00;622.6988932246888;1000.0;;270.0;;;;
2022-09-30 02:00:00;531.1428963240137;1000.0;;270.0;;;;
2022-09-30 03:00:00;652.6681367994837;1000.0;;270.0;;;;
2022-09-30 04:00:00;544.4138053837818;1000.0;;270.0;;;;
2022-09-30 05:00:00;584.0450694913844;1000.0;;270.0;;;;
2022-09-30 06:00:00;557.2956454018812;1000.0;;270.0;;;;
2022-09-30 07:00:00;581.2599511970352;1000.0;;270.0;;;;
2022-09-30 08:00:00;475.7297851230998;1000.0;;270.0;;;;
2022-09-30 09:00:00;511.7484954729749;1000.0;;270.0;;;;
2022-09-30 10:00:00;619.5062992615933;1000.0;;270.0;;;;
2022-09-30 11:00:00;561.3830089959133;1000.0;;270.0;;;;
2022-09-30 12:00:00;568.9519913260644;1000.0;;270.0;;;;
2022-09-30 13:00:00;516.1838427858644;1000.0;;270.0;;;;
2022-09-30 14:00:00;676.4104742763838;1000.0;;270.0;;;;
2022-09-30 15:00:00;641.2036398248573;1000.0;;270.0;;;;
2022-09-30 16:00:00;516.5303685937623;1000.0;;270.0;;;;
2022-09-30 17:00:00;509.5801755544722;1000.0;;270.0;;;;
2022-09-30 18:00:00;600.1575495129061;1000.0;;270.0;;;;
2022-09-30 19:00:00;530.4005739582497;1000.0;;270.0;;;;
2022-09-30 20:00:00;579.0087096593843;1000.0;;270.0;;;;
2022-09-30 21:00:00;617.3110695539269;1000.0;;270.0;;;;
2022-09-30 22:00:00;607.1117252764377;1000.0;;270.0;;;;
2022-09-30 23:00:00;636.6088163167794;1000.0;;270.0;;;;
2022-10-01 00:00:00;606.5789857741181;1000.0;;270.0;;;;
2022-10-01 01:00:00;486.4150018920417;1000.0;;270.0;;;;
2022-10-01 02:00:00;585.3793416026631;1000.0;;270.0;;;;
2022-10-01 03:00:00;593.5139445447;1000.0;;270.0;;;;
2022-10-01 04:00:00;622.7178533346803;1000.0;;270.0;;;;
2022-10-01 05:00:00;621.6914200666635;1000.0;;270.0;;;;
2022-10-01 06:00:00;563.7483483506337;1000.0;;270.0;;;;
2022-10-01 07:00:00;546.5246126346826;1000.0;;270.0;;;;
2022-10-01 08:00:00;625.7924343828872;1000.0;;270.0;;;;
2022-10-01 09:00:00;501.6380616853835;1000.0;;270.0;;;;
2022-10-01 10:00:00;661.738397963282;1000.0;;270.0;;;;
2022-10-01 11:00:00;566.5755903608053;1000.0;;270.0;;;;
2022-10-01 12:00:00;634.6412144381984;1000.0;;270.0;;;;
2022-10-01 13:00:00;601.9344366624728;1000.0;;270.0;;;;
2022-10-01 14:00:00;577.3760482119199;1000.0;;270.0;;;;
2022-10-01 15:00:00;582.9578586346868;1000.0;;270.0;;;;
2022-10-01 16:00:00;621.4111072863071;1000.0;;270.0;;;;
2022-10-01 17:00:00;468.9013558772553;1000.0;;270.0;;;;
2022-10-01 18:00:00;582.833718736404;1000.0;;270.0;;;;
2022-10-01 19:00:00;486.1996773307005;1000.0;;270.0;;;;
2022-10-01 20:00:00;529.5807497279657;1000.0;;270.0;;;;
2022-10-01 21:00:00;588.092253607228;1000.0;;270.0;;;;
2022-10-01 22:00:00;538.3074792134901;1000.0;;270.0;;;;
2022-10-01 23:00:00;575.5426270101644;1000.0;;270.0;;;;
2022-10-02 00:00:00;625.9801501549471;1000.0;;270.0;;;;
2022-10-02 01:00:00;695.9804383302591;1000.0;;270.0;;;;
2022-10-02 02:00:00;558.7366897176579;1000.0;;270.0;;;;
2022-10-02 03:00:00;614.5355517145243;1000.0;;270.0;;;;
2022-10-02 04:00:00;575.5657937045589;1000.0;;270.0;;;;
2022-10-02 05:00:00;541.8307183527899;1000.0;;270.0;;;;
2022-10-02 06:00:00;596.6339212772414;1000.0;;270.0;;;;
2022-10-02 07:00:00;555.473625731803;1000.0;;270.0;;;;
2022-10-02 08:00:00;510.2308224895908;1000.0;;270.0;;;;
2022-10-02 09:00:00;553.6674287584657;1000.0;;270.0;;;;
2022-10-02 10:00:00;641.3235993927564;1000.0;;270.0;;;;
2022-10-02 11:00:00;601.9916798601992;1000.0;;270.0;;;;
2022-10-02 12:00:00;645.5110199023268;1000.0;;270.0;;;;
2022-10-02 13:00:00;490.9208497648561;1000.0;;270.0;;;;
2022-10-02 14:00:00;555.1709861219081;1000.0;;270.0;;;;
2022-10-02 15:00:00;666.952346281458;1000.0;;270.0;;;;
2022-10-02 16:00:00;586.2985162587358;1000.0;;270.0;;;;
2022-10-02 17:00:00;620.9549967334716;1000.0;;270.0;;;;
2022-10-02 18:00:00;666.9486855235098;1000.0;;270.0;;;;
2022-10-02 19:00:00;613.7429842952936;1000.0;;270.0;;;;
2022-10-02 20:00:00;724.3039735656594;1000.0;;270.0;;;;
2022-10-02 21:00:00;564.3423375515889;1000.0;;270.0;;;;
2022-10-02 22:00:00;589.7771362274234;1000.0;;270.0;;;;
2022-10-02 23:00:00;557.2005960862361;1000.0;;270.0;;;;
2022-10-03 00:00:00;637.2834375314654;1000.0;;270.0;;;;
2022-10-03 01:00:00;607.9779172127686;1000.0;;270.0;;;;
2022-10-03 02:00:00;588.7207432338441;1000.0;;270.0;;;;
2022-10-03 03:00:00;537.8390856374126;1000.0;;270.0;;;;
2022-10-03 04:00:00;510.7636028253344;1000.0;;270.0;;;;
2022-10-03 05:00:00;668.6194842349227;1000.0;;270.0;;;;
2022-10-03 06:00:00;543.7444231299918;1000.0;;270.0;;;;
2022-10-03 07:00:00;668.9705088697972;1000.0;;270.0;;;;
2022-10-03 08:00:00;492.9921690300538;1000.0;;270.0;;;;
2022-10-03 09:00:00;513.9388929602409;1000.0;;270.0;;;;
2022-10-03 10:00:00;470.1154681439411;1000.0;;270.0;;;;
2022-10-03 11:00:00;600.0834936736181;1000.0;;270.0;;;;
2022-10-03 12:00:00;568.3190394895956;1000.0;;270.0;;;;
2022-10-03 13:00:00;688.7086903847606;1000.0;;270.0;;;;
2022-10-03 14:00:00;552.1247228999745;1000.0;;270.0;;;;
2022-10-03 15:00:00;499.9755588065494;1000.0;;270.0;;;;
2022-10-03 16:00:00;488.5460059704442;1000.0;;270.0;;;;
2022-10-03 17:00:00;531.6137436022541;1000.0;;270.0;;;;
2022-10-03 18:00:00;529.0181659617011;1000.0;;270.0;;;;
2022-10-03 19:00:00;570.3701052349448;1000.0;;270.0;;;;
2022-10-03 20:00:00;514.1363429162179;1000.0;;270.0;;;;
2022-10-03 21:00:00;641.5445633403573;1000.0;;270.0;;;;
2022-10-03 22:00:00;621.2115740824433;1000.0;;270.0;;;;
2022-10-03 23:00:00;646.8783809903355;1000.0;;270.0;;;;
2022-10-04 00:00:00;626.7846506740943;1000.0;;270.0;;;;
2022-10-04 01:00:00;548.2278428805205;1000.0;;270.0;;;;
2022-10-04 02:00:00;560.1174650433921;1000.0;;270.0;;;;
2022-10-04 03:00:00;577.809961008754;1000.0;;270.0;;;;
2022-10-04 04:00:00;551.1980353147361;1000.0;;270.0;;;;
2022-10-04 05:00:00;552.0211337724435;1000.0;;270.0;;;;
2022-10-04 06:00:00;549.6261976179208;1000.0;;270.0;;;;
2022-10-04 07:00:00;582.2299058697827;1000.0;;270.0;;;;
2022-10-04 08:00:00;580.9813369221329;1000.0;;270.0;;;;
2022-10-04 09:00:00;552.5902430797375;1000.0;;270.0;;;;
2022-10-04 10:00:00;557.9014623986011;1000.0;;270.0;;;;
2022-10-04 11:00:00;569.5547481653069;1000.0;;270.0;;;;
2022-10-04 12:00:00;535.547799110773;1000.0;;270.0;;;;
2022-10-04 13:00:00;517.3871644777585;1000.0;;270.0;;;;
2022-10-04 14:00:00;540.158944972086;1000.0;;270.0;;;;
2022-10-04 15:00:00;599.532611264922;1000.0;;270.0;;;;
2022-10-04 16:00:00;596.9361642155126;1000.0;;270.0;;;;
2022-10-04 17:00:00;496.6867104560832;1000.0;;270.0;;;;
2022-10-04 18:00:00;524.3977764291379;1000.0;;270.0;;;;
2022-10-04 19:00:00;646.5593243549881;1000.0;;270.0;;;;
2022-10-04 20:00:00;552.5288650069397;1000.0;;270.0;;;;
2022-10-04 21:00:00;556.6021954401883;1000.0;;270.0;;;;
2022-10-04 22:00:00;655.5171394235069;1000.0;;270.0;;;;
2022-10-04 23:00:00;658.7950266508617;1000.0;;270.0;;;;
2022-10-05 00:00:00;675.1996855937442;1000.0;;270.0;;;;
2022-10-05 01:00:00;559.8715420270499;1000.0;;270.0;;;;
2022-10-05 02:00:00;535.6876027748639;1000.0;;270.0;;;;
2022-10-05 03:00:00;637.771576455765;1000.0;;270.0;;;;
2022-10-05 04:00:00;578.8622319427104;1000.0;;270.0;;;;
2022-10-05 05:00:00;497.1486259363962;1000.0;;270.0;;;;
2022-10-05 06:00:00;499.0359655610678;1000.0;;270.0;;;;
2022-10-05 07:00:00;628.7584888306819;1000.0;;270.0;;;;
2022-10-05 08:00:00;591.5397053623985;1000.0;;270.0;;;;
2022-10-05 09:00:00;595.1868484659324;1000.0;;270.0;;;;
2022-10-05 10:00:00;627.1181706628188;1000.0;;270.0;;;;
2022-10-05 11:00:00;648.6758895263017;1000.0;;270.0;;;;
2022-10-05 12:00:00;625.7593487315515;1000.0;;270.0;;;;
2022-10-05 13:00:00;576.8445132186406;1000.0;;270.0;;;;
2022-10-05 14:00:00;574.5545923380158;1000.0;;270.0;;;;
2022-10-05 15:00:00;518.1128420219147;1000.0;;270.0;;;;
2022-10-05 16:00:00;504.9591213561058;1000.0;;270.0;;;;
2022-10-05 17:00:00;594.5628230744085;1000.0;;270.0;;;;
2022-10-05 18:00:00;555.2604731077075;1000.0;;270.0;;;;
2022-10-05 19:00:00;587.4285584290928;1000.0;;270.0;;;;
2022-10-05 20:00:00;602.4431869808242;1000.0;;270.0;;;;
2022-10-05 21:00:00;663.348031367515;1000.0;;270.0;;;;
2022-10-05 22:00:00;474.7828959478004;1000.0;;270.0;;;;
2022-10-05 23:00:00;527.9092454374756;1000.0;;270.0;;;;
2022-10-06 00:00:00;540.2427833977805;1000.0;;270.0;;;;
2022-10-06 01:00:00;629.1860649517738;1000.0;;270.0;;;;
2022-10-06 02:00:00;446.6033691041268;1000.0;;270.0;;;;
2022-10-06 03:00:00;452.9206047054722;1000.0;;270.0;;;;
2022-10-06 04:00:00;534.3095446430507;1000.0;;270.0;;;;
2022-10-06 05:00:00;543.5044182106969;1000.0;;270.0;;;;
2022-10-06 06:00:00;606.3948940112949;1000.0;;270.0;;;;
2022-10-06 07:00:00;414.1616376661353;1000.0;;270.0;;;;
2022-10-06 08:00:00;533.6353270880742;1000.0;;270.0;;;;
2022-10-06 09:00:00;605.5680196347741;1000.0;;270.0;;;;
2022-10-06 10:00:00;561.1931913774123;1000.0;;270.0;;;;
2022-10-06 11:00:00;530.514688723392;1000.0;;270.0;;;;
2022-10-06 12:00:00;618.9468427919979;1000.0;;270.0;;;;
2022-10-06 13:00:00;561.8333012291502;1000.0;;270.0;;;;
2022-10-06 14:00:00;578.7666095706749;1000.0;;270.0;;;;
2022-10-06 15:00:00;519.6212091827048;1000.0;;270.0;;;;
2022-10-06 16:00:00;590.5840708677898;1000.0;;270.0;;;;
2022-10-06 17:00:00;650.142613907111;1000.0;;270.0;;;;
2022-10-06 18:00:00;612.6254378684812;1000.0;;270.0;;;;
2022-10-06 19:00:00;537.4901772759255;1000.0;;270.0;;;;
2022-10-06 20:00:00;631.0348130068163;1000.0;;270.0;;;;
2022-10-06 21:00:00;504.8793198628508;1000.0;;270.0;;;;
2022-10-06 22:00:00;589.0418632436514;1000.0;;270.0;;;;
2022-10-06 23:00:00;525.2870193044332;1000.0;;270.0;;;;
2022-10-07 00:00:00;608.3128903352593;1000.0;;270.0;;;;
2022-10-07 01:00:00;574.2043727843984;1000.0;;270.0;;;;
2022-10-07 02:00:00;502.6708689048502;1000.0;;270.0;;;;
2022-10-07 03:00:00;562.659865932896;1000.0;;270.0;;;;
2022-10-07 04:00:00;653.0459454725735;1000.0;;270.0;;;;
2022-10-07 05:00:00;527.170959780174;1000.0;;270.0;;;;
2022-10-07 06:00:00;533.1961590501273;1000.0;;270.0;;;;
2022-10-07 07:00:00;544.3736156437476;1000.0;;270.0;;;;
2022-10-07 08:00:00;623.0892921026749;1000.0;;270.0;;;;
2022-10-07 09:00:00;634.2783397390273;1000.0;;270.0;;;;
2022-10-07 10:00:00;594.0062817034567;1000.0;;270.0;;;;
2022-10-07 11:00:00;512.7042940101362;1000.0;;270.0;;;;
2022-10-07 12:00:00;499.4255651083953;1000.0;;270.0;;;;
2022-10-07 13:00:00;647.7959568118686;1000.0;;270.0;;;;
2022-10-07 14:00:00;591.7406887638334;1000.0;;270.0;;;;
2022-10-07 15:00:00;543.791484168011;1000.0;;270.0;;;;
2022-10-07 16:00:00;543.8488022774442;1000.0;;270.0;;;;
2022-10-07 17:00:00;522.3424110662801;1000.0;;270.0;;;;
2022-10-07 18:00:00;615.4068391281942;1000.0;;270.0;;;;
2022-10-07 19:00:00;609.5941534929926;1000.0;;270.0;;;;
2022-10-07 20:00:00;461.3965883945252;1000.0;;270.0;;;;
2022-10-07 21:00:00;540.6090874601639;1000.0;;270.0;;;;
2022-10-07 22:00:00;560.4691766258597;1000.0;;270.0;;;;
2022-10-07 23:00:00;580.4913903200255;1000.0;;270.0;;;;
2022-10-08 00:00:00;520.2997537182343;1000.0;;270.0;;;;
2022-10-08 01:00:00;557.2812906292113;1000.0;;270.0;;;;
2022-10-08 02:00:00;540.8482560986859;1000.0;;270.0;;;;
2022-10-08 03:00:00;594.4540143693357;1000.0;;270.0;;;;
2022-10-08 04:00:00;480.8033513811383;1000.0;;270.0;;;;
2022-10-08 05:00:00;482.3835082036987;1000.0;;270.0;;;;
2022-10-08 06:00:00;501.7583865130136;1000.0;;270.0;;;;
2022-10-08 07:00:00;617.9510580985879;1000.0;;270.0;;;;
2022-10-08 08:00:00;638.8706847639401;1000.0;;270.0;;;;
2022-10-08 09:00:00;646.5241790114112;1000.0;;270.0;;;;
2022-10-08 10:00:00;543.9492381466321;1000.0;;270.0;;;;
2022-10-08 11:00:00;475.3822732340954;1000.0;;270.0;;;;
2022-10-08 12:00:00;542.6468991169809;1000.0;;270.0;;;;
2022-10-08 13:00:00;506.5046782672025;1000.0;;270.0;;;;
2022-10-08 14:00:00;505.3910938455556;1000.0;;270.0;;;;
2022-10-08 15:00:00;500.2756960926055;1000.0;;270.0;;;;
2022-10-08 16:00:00;552.3759418976969;1000.0;;270.0;;;;
2022-10-08 17:00:00;585.3204308017691;1000.0;;270.0;;;;
2022-10-08 18:00:00;529.4596493622425;1000.0;;270.0;;;;
2022-10-08 19:00:00;579.2197473000506;1000.0;;270.0;;;;
2022-10-08 20:00:00;626.9117191176018;1000.0;;270.0;;;;
2022-10-08 21:00:00;697.434693508089;1000.0;;270.0;;;;
2022-10-08 22:00:00;543.3831846611233;1000.0;;270.0;;;;
2022-10-08 23:00:00;564.7000003532262;1000.0;;270.0;;;;
2022-10-09 00:00:00;608.4329598612308;1000.0;;270.0;;;;
2022-10-09 01:00:00;491.8712713926157;1000.0;;270.0;;;;
2022-10-09 02:00:00;526.4607911567887;1000.0;;270.0;;;;
2022-10-09 03:00:00;525.4949147861327;1000.0;;270.0;;;;
2022-10-09 04:00:00;609.7334526048214;1000.0;;270.0;;;;
2022-10-09 05:00:00;567.8184735098007;1000.0;;270.0;;;;
2022-10-09 06:00:00;503.2855425810177;1000.0;;270.0;;;;
2022-10-09 07:00:00;553.0776571383175;1000.0;;270.0;;;;
2022-10-09 08:00:00;573.7364015992467;1000.0;;270.0;;;;
2022-10-09 09:00:00;681.9032028516341;1000.0;;270.0;;;;
2022-10-09 10:00:00;524.0633971816881;1000.0;;270.0;;;;
2022-10-09 11:00:00;557.5901882966751;1000.0;;270.0;;;;
2022-10-09 12:00:00;515.1099303235903;1000.0;;270.0;;;;
2022-10-09 13:00:00;609.3807961305431;1000.0;;270.0;;;;
2022-10-09 14:00:00;543.24957165097;1000.0;;270.0;;;;
2022-10-09 15:00:00;534.1312993277244;1000.0;;270.0;;;;
2022-10-09 16:00:00;637.0745675362024;1000.0;;270.0;;;;
2022-10-09 17:00:00;601.2230761347845;1000.0;;270.0;;;;
2022-10-09 18:00:00;547.8059946656444;1000.0;;270.0;;;;
2022-10-09 19:00:00;535.961475593625;1000.0;;270.0;;;;
2022-10-09 20:00:00;590.5335614387558;1000.0;;270.0;;;;
2022-10-09 21:00:00;596.1407754799365;1000.0;;270.0;;;;
2022-10-09 22:00:00;510.0563638962033;1000.0;;270.0;;;;
2022-10-09 23:00:00;562.2013910787937;1000.0;;270.0;;;;
2022-10-10 00:00:00;570.1922668424282;1000.0;;270.0;;;;
2022-10-10 01:00:00;666.3704489934888;1000.0;;270.0;;;;
2022-10-10 02:00:00;612.040634985866;1000.0;;270.0;;;;
2022-10-10 03:00:00;518.2909602268799;1000.0;;270.0;;;;
2022-10-10 04:00:00;540.9931523364772;1000.0;;270.0;;;;
2022-10-10 05:00:00;584.7773812482397;1000.0;;270.0;;;;
2022-10-10 06:00:00;521.7468320308699;1000.0;;270.0;;;;
2022-10-10 07:00:00;558.8661784962238;1000.0;;270.0;;;;
2022-10-10 08:00:00;667.3070802006777;1000.0;;270.0;;;;
2022-10-10 09:00:00;496.7501081964771;1000.0;;270.0;;;;
2022-10-10 10:00:00;392.4780356387496;1000.0;;270.0;;;;
2022-10-10 11:00:00;484.2526192005298;1000.0;;270.0;;;;
2022-10-10 12:00:00;600.4210389897869;1000.0;;270.0;;;;
2022-10-10 13:00:00;503.4244223410277;1000.0;;270.0;;;;
2022-10-10 14:00:00;522.6177962755852;1000.0;;270.0;;;;
2022-10-10 15:00:00;531.2919535440182;1000.0;;270.0;;;;
2022-10-10 16:00:00;663.0974141012275;1000.0;;270.0;;;;
2022-10-10 17:00:00;518.5888080943565;1000.0;;270.0;;;;
2022-10-10 18:00:00;667.2752827543333;1000.0;;270.0;;;;
2022-10-10 19:00:00;565.7514374513894;1000.0;;270.0;;;;
2022-10-10 20:00:00;582.6774473797984;1000.0;;270.0;;;;
2022-10-10 21:00:00;704.8785596786578;1000.0;;270.0;;;;
2022-10-10 22:00:00;530.6752984141151;1000.0;;270.0;;;;
2022-10-10 23:00:00;470.9615586524591;1000.0;;270.0;;;;
2022-10-11 00:00:00;551.8278491255601;1000.0;;270.0;;;;
2022-10-11 01:00:00;619.3029385087531;1000.0;;270.0;;;;
2022-10-11 02:00:00;477.6439097098968;1000.0;;270.0;;;;
2022-10-11 03:00:00;641.2343768625296;1000.0;;270.0;;;;
2022-10-11 04:00:00;603.1001421411956;1000.0;;270.0;;;;
2022-10-11 05:00:00;589.5657684149046;1000.0;;270.0;;;;
2022-10-11 06:00:00;616.8466538107169;1000.0;;270.0;;;;
2022-10-11 07:00:00;556.3326339623576;1000.0;;270.0;;;;
2022-10-11 08:00:00;563.9049454619119;1000.0;;270.0;;;;
2022-10-11 09:00:00;682.5905662947981;1000.0;;270.0;;;;
2022-10-11 10:00:00;660.8143539214227;1000.0;;270.0;;;;
2022-10-11 11:00:00;576.0877393790299;1000.0;;270.0;;;;
2022-10-11 12:00:00;553.091992243971;1000.0;;270.0;;;;
2022-10-11 13:00:00;537.8316769543145;1000.0;;270.0;;;;
2022-10-11 14:00:00;529.3690623530734;1000.0;;270.0;;;;
2022-10-11 15:00:00;548.7286092545976;1000.0;;270.0;;;;
2022-10-11 16:00:00;622.8919742487523;1000.0;;270.0;;;;
2022-10-11 17:00:00;519.5094108344425;1000.0;;270.0;;;;
2022-10-11 18:00:00;594.3389214869782;1000.0;;270.0;;;;
2022-10-11 19:00:00;654.7627149276374;1000.0;;270.0;;;;
2022-10-11 20:00:00;623.7566417583179;1000.0;;270.0;;;;
2022-10-11 21:00:00;576.524916115531;1000.0;;270.0;;;;
2022-10-11 22:00:00;594.1571505751114;1000.0;;270.0;;;;
2022-10-11 23:00:00;597.3382692822943;1000.0;;270.0;;;;
2022-10-12 00:00:00;609.2777813361214;1000.0;;270.0;;;;
2022-10-12 01:00:00;531.781539762052;1000.0;;270.0;;;;
2022-10-12 02:00:00;566.8441654018189;1000.0;;270.0;;;;
2022-10-12 03:00:00;540.5452503201366;1000.0;;270.0;;;;
2022-10-12 04:00:00;610.5926575341149;1000.0;;270.0;;;;
2022-10-12 05:00:00;562.8915425469885;1000.0;;270.0;;;;
2022-10-12 06:00:00;559.6446205163397;1000.0;;270.0;;;;
2022-10-12 07:00:00;636.0197091788518;1000.0;;270.0;;;;
2022-10-12 08:00:00;491.3911468438948;1000.0;;270.0;;;;
2022-10-12 09:00:00;463.4702267624345;1000.0;;270.0;;;;
2022-10-12 10:00:00;598.2185181188249;1000.0;;270.0;;;;
2022-10-12 11:00:00;525.2250075454184;1000.0;;270.0;;;;
2022-10-12 12:00:00;614.1638961788956;1000.0;;270.0;;;;
2022-10-12 13:00:00;545.5704615746531;1000.0;;270.0;;;;
2022-10-12 14:00:00;560.0265050685839;1000.0;;270.0;;;;
2022-10-12 15:00:00;600.7122132559723;1000.0;;270.0;;;;
2022-10-12 16:00:00;508.9232618389195;1000.0;;270.0;;;;
2022-10-12 17:00:00;565.7914576101575;1000.0;;270.0;;;;
2022-10-12 18:00:00;541.164901462978;1000.0;;270.0;;;;
2022-10-12 19:00:00;537.3498216460588;1000.0;;270.0;;;;
2022-10-12 20:00:00;700.5013891577348;1000.0;;270.0;;;;
2022-10-12 21:00:00;702.828261990063;1000.0;;270.0;;;;
2022-10-12 22:00:00;541.7478791638091;1000.0;;270.0;;;;
2022-10-12 23:00:00;527.1138144570764;1000.0;;270.0;;;;
2022-10-13 00:00:00;547.6684782959243;1000.0;;270.0;;;;
2022-10-13 01:00:00;481.3680792969675;1000.0;;270.0;;;;
2022-10-13 02:00:00;589.2748306854918;1000.0;;270.0;;;;
2022-10-13 03:00:00;538.8274562279905;1000.0;;270.0;;;;
2022-10-13 04:00:00;547.0072806996358;1000.0;;270.0;;;;
2022-10-13 05:00:00;644.9238174253536;1000.0;;270.0;;;;
2022-10-13 06:00:00;573.4314624342038;1000.0;;270.0;;;;
2022-10-13 07:00:00;533.8240562266225;1000.0;;270.0;;;;
2022-10-13 08:00:00;547.3498161693822;1000.0;;270.0;;;;
2022-10-13 09:00:00;526.6140021484679;1000.0;;270.0;;;;
2022-10-13 10:00:00;591.5832339040911;1000.0;;270.0;;;;
2022-10-13 11:00:00;490.3848305750573;1000.0;;270.0;;;;
2022-10-13 12:00:00;546.5993157490092;1000.0;;270.0;;;;
2022-10-13 13:00:00;548.996322543631;1000.0;;270.0;;;;
2022-10-13 14:00:00;610.3314207354425;1000.0;;270.0;;;;
2022-10-13 15:00:00;586.0464979057421;1000.0;;270.0;;;;
2022-10-13 16:00:00;473.9119143734314;1000.0;;270.0;;;;
2022-10-13 17:00:00;600.5464083380969;1000.0;;270.0;;;;
2022-10-13 18:00:00;496.4748871304711;1000.0;;270.0;;;;
2022-10-13 19:00:00;592.1908860043765;1000.0;;270.0;;;;
2022-10-13 20:00:00;498.3770338827122;1000.0;;270.0;;;;
2022-10-13 21:00:00;567.7846896594434;1000.0;;270.0;;;;
2022-10-13 22:00:00;653.4869508354936;1000.0;;270.0;;;;
2022-10-13 23:00:00;575.0307423146219;1000.0;;270.0;;;;
2022-10-14 00:00:00;488.9919886892879;1000.0;;270.0;;;;
2022-10-14 01:00:00;588.9935078578734;1000.0;;270.0;;;;
2022-10-14 02:00:00;547.4916841536431;1000.0;;270.0;;;;
2022-10-14 03:00:00;488.187767583193;1000.0;;270.0;;;;
2022-10-14 04:00:00;487.4382598118144;1000.0;;270.0;;;;
2022-10-14 05:00:00;606.121113662684;1000.0;;270.0;;;;
2022-10-14 06:00:00;497.0709106197721;1000.0;;270.0;;;;
2022-10-14 07:00:00;463.0789036108097;1000.0;;270.0;;;;
2022-10-14 08:00:00;530.3475924910663;1000.0;;270.0;;;;
2022-10-14 09:00:00;718.4635553401963;1000.0;;270.0;;;;
2022-10-14 10:00:00;622.6529773142332;1000.0;;270.0;;;;
2022-10-14 11:00:00;543.9523837062397;1000.0;;270.0;;;;
2022-10-14 12:00:00;520.0022104946235;1000.0;;270.0;;;;
2022-10-14 13:00:00;527.4010652893638;1000.0;;270.0;;;;
2022-10-14 14:00:00;451.9302660646701;1000.0;;270.0;;;;
2022-10-14 15:00:00;541.000175787929;1000.0;;270.0;;;;
2022-10-14 16:00:00;498.3113295303094;1000.0;;270.0;;;;
2022-10-14 17:00:00;514.5292589972167;1000.0;;270.0;;;;
2022-10-14 18:00:00;629.9490856629183;1000.0;;270.0;;;;
2022-10-14 19:00:00;617.4912230190979;1000.0;;270.0;;;;
2022-10-14 20:00:00;554.8919342628635;1000.0;;270.0;;;;
2022-10-14 21:00:00;560.4075314198508;1000.0;;270.0;;;;
2022-10-14 22:00:00;472.593432344975;1000.0;;270.0;;;;
2022-10-14 23:00:00;471.9169338818717;1000.0;;270.0;;;;
2022-10-15 00:00:00;636.0438098966958;1000.0;;270.0;;;;
2022-10-15 01:00:00;498.754569007869;1000.0;;270.0;;;;
2022-10-15 02:00:00;554.6527290432329;1000.0;;270.0;;;;
2022-10-15 03:00:00;532.219803754635;1000.0;;270.0;;;;
2022-10-15 04:00:00;519.9593334563905;1000.0;;270.0;;;;
2022-10-15 05:00:00;572.6220405928717;1000.0;;270.0;;;;
2022-10-15 06:00:00;578.7621770574025;1000.0;;270.0;;;;
2022-10-15 07:00:00;612.8970111456304;1000.0;;270.0;;;;
2022-10-15 08:00:00;539.0939826921352;1000.0;;270.0;;;;
2022-10-15 09:00:00;613.1929029656202;1000.0;;270.0;;;;
2022-10-15 10:00:00;561.0515917450385;1000.0;;270.0;;;;
2022-10-15 11:00:00;487.2757117476538;1000.0;;270.0;;;;
2022-10-15 12:00:00;564.9829338546817;1000.0;;270.0;;;;
2022-10-15 13:00:00;514.8612414587087;1000.0;;270.0;;;;
2022-10-15 14:00:00;567.3564948584956;1000.0;;270.0;;;;
2022-10-15 15:00:00;671.0687003096117;1000.0;;270.0;;;;
2022-10-15 16:00:00;620.4219480926961;1000.0;;270.0;;;;
2022-10-15 17:00:00;587.5818483724876;1000.0;;270.0;;;;
2022-10-15 18:00:00;579.1755513281012;1000.0;;270.0;;;;
2022-10-15 19:00:00;501.9893866336082;1000.0;;270.0;;;;
2022-10-15 20:00:00;525.1793013450047;1000.0;;270.0;;;;
2022-10-15 21:00:00;385.4035268267565;1000.0;;270.0;;;;
2022-10-15 22:00:00;519.8514309409923;1000.0;;270.0;;;;
2022-10-15 23:00:00;633.6301755386482;1000.0;;270.0;;;;
2022-10-16 00:00:00;603.5726610752862;1000.0;;270.0;;;;
2022-10-16 01:00:00;567.7620801976674;1000.0;;270.0;;;;
2022-10-16 02:00:00;647.4075674993761;1000.0;;270.0;;;;
2022-10-16 03:00:00;560.2783456820239;1000.0;;270.0;;;;
2022-10-16 04:00:00;583.478820046324;1000.0;;270.0;;;;
2022-10-16 05:00:00;457.8228436705202;1000.0;;270.0;;;;
2022-10-16 06:00:00;560.3657007719545;1000.0;;270.0;;;;
2022-10-16 07:00:00;497.6139784886578;1000.0;;270.0;;;;
2022-10-16 08:00:00;526.5662902969887;1000.0;;270.0;;;;
2022-10-16 09:00:00;607.6116370820166;1000.0;;270.0;;;;
2022-10-16 10:00:00;522.1455584550965;1000.0;;270.0;;;;
2022-10-16 11:00:00;605.5388998604419;1000.0;;270.0;;;;
2022-10-16 12:00:00;725.8022840181332;1000.0;;270.0;;;;
2022-10-16 13:00:00;585.7397626157405;1000.0;;270.0;;;;
2022-10-16 14:00:00;577.6124033697812;1000.0;;270.0;;;;
2022-10-16 15:00:00;595.8453483640335;1000.0;;270.0;;;;
2022-10-16 16:00:00;522.97167694501;1000.0;;270.0;;;;
2022-10-16 17:00:00;611.3212905649427;1000.0;;270.0;;;;
2022-10-16 18:00:00;567.7636579552855;1000.0;;270.0;;;;
2022-10-16 19:00:00;609.2846351322784;1000.0;;270.0;;;;
2022-10-16 20:00:00;624.8300154479787;1000.0;;270.0;;;;
2022-10-16 21:00:00;564.4997365595225;1000.0;;270.0;;;;
2022-10-16 22:00:00;457.9865359567226;1000.0;;270.0;;;;
2022-10-16 23:00:00;602.3723255756988;1000.0;;270.0;;;;
2022-10-17 00:00:00;533.9534325836264;1000.0;;270.0;;;;
2022-10-17 01:00:00;554.5176719179541;1000.0;;270.0;;;;
2022-10-17 02:00:00;503.2971469176661;1000.0;;270.0;;;;
2022-10-17 03:00:00;561.1503210507927;1000.0;;270.0;;;;
2022-10-17 04:00:00;575.8681819132877;1000.0;;270.0;;;;
2022-10-17 05:00:00;546.7341656750806;1000.0;;270.0;;;;
2022-10-17 06:00:00;533.6800574340047;1000.0;;270.0;;;;
2022-10-17 07:00:00;556.4829920910536;1000.0;;270.0;;;;
2022-10-17 08:00:00;477.9107603072496;1000.0;;270.0;;;;
2022-10-17 09:00:00;583.8970158785281;1000.0;;270.0;;;;
2022-10-17 10:00:00;511.904663769005;1000.0;;270.0;;;;
2022-10-17 11:00:00;612.6590162643345;1000.0;;270.0;;;;
2022-10-17 12:00:00;601.9737672523279;1000.0;;270.0;;;;
2022-10-17 13:00:00;574.3838359771805;1000.0;;270.0;;;;
2022-10-17 14:00:00;646.7187757725163;1000.0;;270.0;;;;
2022-10-17 15:00:00;502.2073483510039;1000.0;;270.0;;;;
2022-10-17 16:00:00;566.3944504913879;1000.0;;270.0;;;;
2022-10-17 17:00:00;594.6433273572582;1000.0;;270.0;;;;
2022-10-17 18:00:00;570.1258440319933;1000.0;;270.0;;;;
2022-10-17 19:00:00;641.8522404430659;1000.0;;270.0;;;;
2022-10-17 20:00:00;588.9421409285236;1000.0;;270.0;;;;
2022-10-17 21:00:00;599.3444559257;1000.0;;270.0;;;;
2022-10-17 22:00:00;642.1121837259288;1000.0;;270.0;;;;
2022-10-17 23:00:00;533.6007460523738;1000.0;;270.0;;;;
2022-10-18 00:00:00;559.9796876251619;1000.0;;270.0;;;;
2022-10-18 01:00:00;587.5893660263312;1000.0;;270.0;;;;
2022-10-18 02:00:00;550.9098215180311;1000.0;;270.0;;;;
2022-10-18 03:00:00;548.537215693495;1000.0;;270.0;;;;
2022-10-18 04:00:00;594.9436283408692;1000.0;;270.0;;;;
2022-10-18 05:00:00;634.3054030753308;1000.0;;270.0;;;;
2022-10-18 06:00:00;558.2051580050178;1000.0;;270.0;;;;
2022-10-18 07:00:00;496.3600231597252;1000.0;;270.0;;;;
2022-10-18 08:00:00;619.4617218992488;1000.0;;270.0;;;;
2022-10-18 09:00:00;480.7615908278852;1000.0;;270.0;;;;
2022-10-18 10:00:00;503.3253337159401;1000.0;;270.0;;;;
2022-10-18 11:00:00;475.0957032966311;1000.0;;270.0;;;;
2022-10-18 12:00:00;543.3780400528849;1000.0;;270.0;;;;
2022-10-18 13:00:00;492.5082463608439;1000.0;;270.0;;;;
2022-10-18 14:00:00;475.3988149859077;1000.0;;270.0;;;;
2022-10-18 15:00:00;508.0528580744071;1000.0;;270.0;;;;
2022-10-18 16:00:00;545.8407397629014;1000.0;;270.0;;;;
2022-10-18 17:00:00;646.5328288928422;1000.0;;270.0;;;;
2022-10-18 18:00:00;507.1495603908602;1000.0;;270.0;;;;
2022-10-18 19:00:00;612.4391736013627;1000.0;;270.0;;;;
2022-10-18 20:00:00;583.2937870601776;1000.0;;270.0;;;;
2022-10-18 21:00:00;517.339698139063;1000.0;;270.0;;;;
2022-10-18 22:00:00;460.4638562589337;1000.0;;270.0;;;;
2022-10-18 23:00:00;656.2743409615016;1000.0;;270.0;;;;
2022-10-19 00:00:00;630.1156651567154;1000.0;;270.0;;;;
2022-10-19 01:00:00;572.3922577283885;1000.0;;270.0;;;;
2022-10-19 02:00:00;525.0221655699979;1000.0;;270.0;;;;
2022-10-19 03:00:00;564.5106184118857;1000.0;;270.0;;;;
2022-10-19 04:00:00;537.3489512059153;1000.0;;270.0;;;;
2022-10-19 05:00:00;586.6428800846106;1000.0;;270.0;;;;
2022-10-19 06:00:00;538.2688995886957;1000.0;;270.0;;;;
2022-10-19 07:00:00;683.5212121447342;1000.0;;270.0;;;;
2022-10-19 08:00:00;505.5589128546723;1000.0;;270.0;;;;
2022-10-19 09:00:00;541.0102990823885;1000.0;;270.0;;;;
2022-10-19 10:00:00;572.8447397742665;1000.0;;270.0;;;;
2022-10-19 11:00:00;609.7001184970668;1000.0;;270.0;;;;
2022-10-19 12:00:00;751.5193372992586;1000.0;;270.0;;;;
2022-10-19 13:00:00;528.302321336594;1000.0;;270.0;;;;
2022-10-19 14:00:00;633.3237810551534;1000.0;;270.0;;;;
2022-10-19 15:00:00;511.4999572931216;1000.0;;270.0;;;;
2022-10-19 16:00:00;411.7129863258637;1000.0;;270.0;;;;
2022-10-19 17:00:00;530.7534652872604;1000.0;;270.0;;;;
2022-10-19 18:00:00;656.2611737817015;1000.0;;270.0;;;;
2022-10-19 19:00:00;571.9284710283617;1000.0;;270.0;;;;
2022-10-19 20:00:00;565.13022247157;1000.0;;270.0;;;;
2022-10-19 21:00:00;571.817637460849;1000.0;;270.0;;;;
2022-10-19 22:00:00;589.400717492051;1000.0;;270.0;;;;
2022-10-19 23:00:00;623.3391371184601;1000.0;;270.0;;;;
2022-10-20 00:00:00;514.8249339025219;1000.0;;270.0;;;;
2022-10-20 01:00:00;539.3038491864359;1000.0;;270.0;;;;
2022-10-20 02:00:00;577.4702426678667;1000.0;;270.0;;;;
2022-10-20 03:00:00;598.1171742209434;1000.0;;270.0;;;;
2022-10-20 04:00:00;565.381524562959;1000.0;;270.0;;;;
2022-10-20 05:00:00;569.3449008093415;1000.0;;270.0;;;;
2022-10-20 06:00:00;661.8534540607383;1000.0;;270.0;;;;
2022-10-20 07:00:00;644.8088613495127;1000.0;;270.0;;;;
2022-10-20 08:00:00;612.9463794034508;1000.0;;270.0;;;;
2022-10-20 09:00:00;554.7656907752169;1000.0;;270.0;;;;
2022-10-20 10:00:00;767.0391834249226;1000.0;;270.0;;;;
2022-10-20 11:00:00;517.7063193995432;1000.0;;270.0;;;;
2022-10-20 12:00:00;522.7757921973857;1000.0;;270.0;;;;
2022-10-20 13:00:00;572.8061440735814;1000.0;;270.0;;;;
2022-10-20 14:00:00;605.0034806880861;1000.0;;270.0;;;;
2022-10-20 15:00:00;636.6157399875049;1000.0;;270.0;;;;
2022-10-20 16:00:00;628.5393379991348;1000.0;;270.0;;;;
2022-10-20 17:00:00;473.6751542174296;1000.0;;270.0;;;;
2022-10-20 18:00:00;581.9614047712768;1000.0;;270.0;;;;
2022-10-20 19:00:00;537.2217462590485;1000.0;;270.0;;;;
2022-10-20 20:00:00;610.4336589043924;1000.0;;270.0;;;;
2022-10-20 21:00:00;549.5834847680384;1000.0;;270.0;;;;
2022-10-20 22:00:00;679.8252490778951;1000.0;;270.0;;;;
2022-10-20 23:00:00;550.3759312072063;1000.0;;270.0;;;;
2022-10-21 00:00:00;613.8933483039093;1000.0;;270.0;;;;
2022-10-21 01:00:00;627.491133701259;1000.0;;270.0;;;;
2022-10-21 02:00:00;611.0254914421605;1000.0;;270.0;;;;
2022-10-21 03:00:00;644.3070587114582;1000.0;;270.0;;;;
2022-10-21 04:00:00;521.2768448748536;1000.0;;270.0;;;;
2022-10-21 05:00:00;649.0410052544776;1000.0;;270.0;;;;
2022-10-21 06:00:00;502.4459799296451;1000.0;;270.0;;;;
2022-10-21 07:00:00;537.6061512562587;1000.0;;270.0;;;;
2022-10-21 08:00:00;510.7539552612972;1000.0;;270.0;;;;
2022-10-21 09:00:00;588.3150310638503;1000.0;;270.0;;;;
2022-10-21 10:00:00;577.9302167899907;1000.0;;270.0;;;;
2022-10-21 11:00:00;575.6180101797413;1000.0;;270.0;;;;
2022-10-21 12:00:00;478.1762975893349;1000.0;;270.0;;;;
2022-10-21 13:00:00;566.5580502285867;1000.0;;270.0;;;;
2022-10-21 14:00:00;685.1168585538917;1000.0;;270.0;;;;
2022-10-21 15:00:00;602.5250400064327;1000.0;;270.0;;;;
2022-10-21 16:00:00;588.8525070159163;1000.0;;270.0;;;;
2022-10-21 17:00:00;643.0389823863297;1000.0;;270.0;;;;
2022-10-21 18:00:00;579.893223026208;1000.0;;270.0;;;;
2022-10-21 19:00:00;634.8907034701789;1000.0;;270.0;;;;
2022-10-21 20:00:00;573.6792732152791;1000.0;;270.0;;;;
2022-10-21 21:00:00;617.279337656608;1000.0;;270.0;;;;
2022-10-21 22:00:00;674.7039877802166;1000.0;;270.0;;;;
2022-10-21 23:00:00;533.5000179276383;1000.0;;270.0;;;;
2022-10-22 00:00:00;698.7400921575211;1000.0;;270.0;;;;
2022-10-22 01:00:00;542.2222391283266;1000.0;;270.0;;;;
2022-10-22 02:00:00;559.9945225547809;1000.0;;270.0;;;;
2022-10-22 03:00:00;629.8466396298322;1000.0;;270.0;;;;
2022-10-22 04:00:00;569.3965421283681;1000.0;;270.0;;;;
2022-10-22 05:00:00;605.581075964856;1000.0;;270.0;;;;
2022-10-22 06:00:00;585.0091921702495;1000.0;;270.0;;;;
2022-10-22 07:00:00;620.6087152315383;1000.0;;270.0;;;;
2022-10-22 08:00:00;551.6322282645899;1000.0;;270.0;;;;
2022-10-22 09:00:00;663.3738810058358;1000.0;;270.0;;;;
2022-10-22 10:00:00;554.3274616303185;1000.0;;270.0;;;;
2022-10-22 11:00:00;572.5803136336244;1000.0;;270.0;;;;
2022-10-22 12:00:00;567.2730004295961;1000.0;;270.0;;;;
2022-10-22 13:00:00;611.0890630516392;1000.0;;270.0;;;;
2022-10-22 14:00:00;424.0853019332121;1000.0;;270.0;;;;
2022-10-22 15:00:00;603.5386090178276;1000.0;;270.0;;;;
2022-10-22 16:00:00;503.2259843669135;1000.0;;270.0;;;;
2022-10-22 17:00:00;544.1785624676469;1000.0;;270.0;;;;
2022-10-22 18:00:00;493.3256381332359;1000.0;;270.0;;;;
2022-10-22 19:00:00;569.5094712020065;1000.0;;270.0;;;;
2022-10-22 20:00:00;581.8001963486656;1000.0;;270.0;;;;
2022-10-22 21:00:00;493.6253836021028;1000.0;;270.0;;;;
2022-10-22 22:00:00;515.0386472436103;1000.0;;270.0;;;;
2022-10-22 23:00:00;522.9405530682014;1000.0;;270.0;;;;
2022-10-23 00:00:00;541.4281300849655;1000.0;;270.0;;;;
2022-10-23 01:00:00;570.0134060906854;1000.0;;270.0;;;;
2022-10-23 02:00:00;530.4337908367187;1000.0;;270.0;;;;
2022-10-23 03:00:00;541.4535563133479;1000.0;;270.0;;;;
2022-10-23 04:00:00;635.9067480542701;1000.0;;270.0;;;;
2022-10-23 05:00:00;630.5840685807734;1000.0;;270.0;;;;
2022-10-23 06:00:00;541.6588789849316;1000.0;;270.0;;;;
2022-10-23 07:00:00;606.0739603814038;1000.0;;270.0;;;;
2022-10-23 08:00:00;495.2441768447055;1000.0;;270.0;;;;
2022-10-23 09:00:00;609.208790431827;1000.0;;270.0;;;;
2022-10-23 10:00:00;528.8192765808562;1000.0;;270.0;;;;
2022-10-23 11:00:00;591.6823029074576;1000.0;;270.0;;;;
2022-10-23 12:00:00;636.0874262076895;1000.0;;270.0;;;;
2022-10-23 13:00:00;572.4091700442679;1000.0;;270.0;;;;
2022-10-23 14:00:00;573.3837047283797;1000.0;;270.0;;;;
2022-10-23 15:00:00;557.6701455087527;1000.0;;270.0;;;;
2022-10-23 16:00:00;641.2822568116519;1000.0;;270.0;;;;
2022-10-23 17:00:00;489.2800493650532;1000.0;;270.0;;;;
2022-10-23 18:00:00;462.0213906815774;1000.0;;270.0;;;;
2022-10-23 19:00:00;524.4670295339916;1000.0;;270.0;;;;
2022-10-23 20:00:00;602.4833079993612;1000.0;;270.0;;;;
2022-10-23 21:00:00;644.4188601175354;1000.0;;270.0;;;;
2022-10-23 22:00:00;517.7348988315268;1000.0;;270.0;;;;
2022-10-23 23:00:00;497.3907149139912;1000.0;;270.0;;;;
2022-10-24 00:00:00;587.508506301553;1000.0;;270.0;;;;
2022-10-24 01:00:00;502.4547031745749;1000.0;;270.0;;;;
2022-10-24 02:00:00;532.3103308935072;1000.0;;270.0;;;;
2022-10-24 03:00:00;618.2995870989347;1000.0;;270.0;;;;
2022-10-24 04:00:00;623.5015092714376;1000.0;;270.0;;;;
2022-10-24 05:00:00;475.8742684057877;1000.0;;270.0;;;;
2022-10-24 06:00:00;586.0687239827779;1000.0;;270.0;;;;
2022-10-24 07:00:00;665.1661671429412;1000.0;;270.0;;;;
2022-10-24 08:00:00;604.3747220921309;1000.0;;270.0;;;;
2022-10-24 09:00:00;587.6300566438606;1000.0;;270.0;;;;
2022-10-24 10:00:00;534.9430568622372;1000.0;;270.0;;;;
2022-10-24 11:00:00;540.065636957674;1000.0;;270.0;;;;
2022-10-24 12:00:00;567.3291939013761;1000.0;;270.0;;;;
2022-10-24 13:00:00;619.8336276077085;1000.0;;270.0;;;;
2022-10-24 14:00:00;578.3485112856793;1000.0;;270.0;;;;
2022-10-24 15:00:00;554.5827317413099;1000.0;;270.0;;;;
2022-10-24 16:00:00;656.3260944064642;1000.0;;270.0;;;;
2022-10-24 17:00:00;599.7232530473485;1000.0;;270.0;;;;
2022-10-24 18:00:00;503.1000408353747;1000.0;;270.0;;;;
2022-10-24 19:00:00;651.9786874782307;1000.0;;270.0;;;;
2022-10-24 20:00:00;627.0934567381333;1000.0;;270.0;;;;
2022-10-24 21:00:00;547.2258842386241;1000.0;;270.0;;;;
2022-10-24 22:00:00;554.613101359609;1000.0;;270.0;;;;
2022-10-24 23:00:00;591.2078351586026;1000.0;;270.0;;;;
2022-10-25 00:00:00;563.947080676249;1000.0;;270.0;;;;
2022-10-25 01:00:00;571.687412122682;1000.0;;270.0;;;;
2022-10-25 02:00:00;519.6566839808426;1000.0;;270.0;;;;
2022-10-25 03:00:00;553.6600641952499;1000.0;;270.0;;;;
2022-10-25 04:00:00;574.4981347760902;1000.0;;270.0;;;;
2022-10-25 05:00:00;629.0981512386309;1000.0;;270.0;;;;
2022-10-25 06:00:00;456.3455137971968;1000.0;;270.0;;;;
2022-10-25 07:00:00;555.9596930685371;1000.0;;270.0;;;;
2022-10-25 08:00:00;667.1517045434242;1000.0;;270.0;;;;
2022-10-25 09:00:00;595.66792270507;1000.0;;270.0;;;;
2022-10-25 10:00:00;575.1692489565189;1000.0;;270.0;;;;
2022-10-25 11:00:00;574.1840859537886;1000.0;;270.0;;;;
2022-10-25 12:00:00;556.7044882439076;1000.0;;270.0;;;;
2022-10-25 13:00:00;614.07962905145;1000.0;;270.0;;;;
2022-10-25 14:00:00;558.8547191458244;1000.0;;270.0;;;;
2022-10-25 15:00:00;559.3488833256931;1000.0;;270.0;;;;
2022-10-25 16:00:00;576.7253415962878;1000.0;;270.0;;;;
2022-10-25 17:00:00;543.4397831819509;1000.0;;270.0;;;;
2022-10-25 18:00:00;604.118602941856;1000.0;;270.0;;;;
2022-10-25 19:00:00;647.6085862811482;1000.0;;270.0;;;;
2022-10-25 20:00:00;679.6801921494093;1000.0;;270.0;;;;
2022-10-25 21:00:00;531.5605696270546;1000.0;;270.0;;;;
2022-10-25 22:00:00;628.3521345559132;1000.0;;270.0;;;;
2022-10-25 23:00:00;555.1747070512275;1000.0;;270.0;;;;
2022-10-26 00:00:00;535.0132168779992;1000.0;;270.0;;;;
2022-10-26 01:00:00;631.5748097847176;1000.0;;270.0;;;;
2022-10-26 02:00:00;523.8036150902901;1000.0;;270.0;;;;
2022-10-26 03:00:00;500.3160846663419;1000.0;;270.0;;;;
2022-10-26 04:00:00;564.6211078242482;1000.0;;270.0;;;;
2022-10-26 05:00:00;504.317527979518;1000.0;;270.0;;;;
2022-10-26 06:00:00;684.7054051473632;1000.0;;270.0;;;;
2022-10-26 07:00:00;602.6899392166707;1000.0;;270.0;;;;
2022-10-26 08:00:00;555.0535104355648;1000.0;;270.0;;;;
2022-10-26 09:00:00;518.2072743669561;1000.0;;270.0;;;;
2022-10-26 10:00:00;591.3865451602303;1000.0;;270.0;;;;
2022-10-26 11:00:00;517.6395093190074;1000.0;;270.0;;;;
2022-10-26 12:00:00;602.6296061797273;1000.0;;270.0;;;;
2022-10-26 13:00:00;571.751640307455;1000.0;;270.0;;;;
2022-10-26 14:00:00;558.9374877158871;1000.0;;270.0;;;;
2022-10-26 15:00:00;580.9672576355254;1000.0;;270.0;;;;
2022-10-26 16:00:00;519.2703638396968;1000.0;;270.0;;;;
2022-10-26 17:00:00;637.551043109508;1000.0;;270.0;;;;
2022-10-26 18:00:00;631.0856548420672;1000.0;;270.0;;;;
2022-10-26 19:00:00;549.2881857629098;1000.0;;270.0;;;;
2022-10-26 20:00:00;628.0346279263265;1000.0;;270.0;;;;
2022-10-26 21:00:00;538.7719586299173;1000.0;;270.0;;;;
2022-10-26 22:00:00;528.8539706355643;1000.0;;270.0;;;;
2022-10-26 23:00:00;668.8839226225273;1000.0;;270.0;;;;
2022-10-27 00:00:00;601.6206114082497;1000.0;;270.0;;;;
2022-10-27 01:00:00;559.7254760419838;1000.0;;270.0;;;;
2022-10-27 02:00:00;536.0221319758278;1000.0;;270.0;;;;
2022-10-27 03:00:00;571.3086205532342;1000.0;;270.0;;;;
2022-10-27 04:00:00;547.3158922180388;1000.0;;270.0;;;;
2022-10-27 05:00:00;463.7218327314395;1000.0;;270.0;;;;
2022-10-27 06:00:00;506.5836187547435;1000.0;;270.0;;;;
2022-10-27 07:00:00;643.3482450710242;1000.0;;270.0;;;;
2022-10-27 08:00:00;538.0569435199455;1000.0;;270.0;;;;
2022-10-27 09:00:00;536.0669798352375;1000.0;;270.0;;;;
2022-10-27 10:00:00;462.5370987411585;1000.0;;270.0;;;;
2022-10-27 11:00:00;439.7062019907446;1000.0;;270.0;;;;
2022-10-27 12:00:00;562.0261839026546;1000.0;;270.0;;;;
2022-10-27 13:00:00;641.2259166995282;1000.0;;270.0;;;;
2022-10-27 14:00:00;591.4223763120369;1000.0;;270.0;;;;
2022-10-27 15:00:00;620.5802706339528;1000.0;;270.0;;;;
2022-10-27 16:00:00;606.4397366064856;1000.0;;270.0;;;;
2022-10-27 17:00:00;595.2449581844176;1000.0;;270.0;;;;
2022-10-27 18:00:00;483.7816482408836;1000.0;;270.0;;;;
2022-10-27 19:00:00;489.8964952303148;1000.0;;270.0;;;;
2022-10-27 20:00:00;550.1917663514569;1000.0;;270.0;;;;
2022-10-27 21:00:00;622.3595631223606;1000.0;;270.0;;;;
2022-10-27 22:00:00;492.1178718257736;1000.0;;270.0;;;;
2022-10-27 23:00:00;553.670277402661;1000.0;;270.0;;;;
2022-10-28 00:00:00;509.3580894998964;1000.0;;270.0;;;;
2022-10-28 01:00:00;461.949973676137;1000.0;;270.0;;;;
2022-10-28 02:00:00;511.8493279561422;1000.0;;270.0;;;;
2022-10-28 03:00:00;607.3186486539296;1000.0;;270.0;;;;
2022-10-28 04:00:00;568.562731054021;1000.0;;270.0;;;;
2022-10-28 05:00:00;576.7349949682012;1000.0;;270.0;;;;
2022-10-28 06:00:00;560.2797054249028;1000.0;;270.0;;;;
2022-10-28 07:00:00;488.2467299789541;1000.0;;270.0;;;;
2022-10-28 08:00:00;586.3475013403189;1000.0;;270.0;;;;
2022-10-28 09:00:00;584.9879326159352;1000.0;;270.0;;;;
2022-10-28 10:00:00;521.5820371930935;1000.0;;270.0;;;;
2022-10-28 11:00:00;586.2672201263358;1000.0;;270.0;;;;
2022-10-28 12:00:00;474.8121448412727;1000.0;;270.0;;;;
2022-10-28 13:00:00;539.1977789499083;1000.0;;270.0;;;;
2022-10-28 14:00:00;605.4266865791391;1000.0;;270.0;;;;
2022-10-28 15:00:00;526.6062274230281;1000.0;;270.0;;;;
2022-10-28 16:00:00;491.5586907397589;1000.0;;270.0;;;;
2022-10-28 17:00:00;556.5952671074755;1000.0;;270.0;;;;
2022-10-28 18:00:00;600.8911245687755;1000.0;;270.0;;;;
2022-10-28 19:00:00;605.93112909751;1000.0;;270.0;;;;
2022-10-28 20:00:00;505.9778424931141;1000.0;;270.0;;;;
2022-10-28 21:00:00;522.2544395309932;1000.0;;270.0;;;;
2022-10-28 22:00:00;591.5887194896692;1000.0;;270.0;;;;
2022-10-28 23:00:00;635.9472404729078;1000.0;;270.0;;;;
2022-10-29 00:00:00;588.6055728740744;1000.0;;270.0;;;;
2022-10-29 01:00:00;518.443242757623;1000.0;;270.0;;;;
2022-10-29 02:00:00;527.7800954832882;1000.0;;270.0;;;;
2022-10-29 03:00:00;610.4442260289239;1000.0;;270.0;;;;
2022-10-29 04:00:00;562.7559318118957;1000.0;;270.0;;;;
2022-10-29 05:00:00;607.7537995901604;1000.0;;270.0;;;;
2022-10-29 06:00:00;575.9849460688475;1000.0;;270.0;;;;
2022-10-29 07:00:00;600.16554593686;1000.0;;270.0;;;;
2022-10-29 08:00:00;502.8558856305266;1000.0;;270.0;;;;
2022-10-29 09:00:00;578.6480296705206;1000.0;;270.0;;;;
2022-10-29 10:00:00;498.7225305493736;1000.0;;270.0;;;;
2022-10-29 11:00:00;543.55097224798;1000.0;;270.0;;;;
2022-10-29 12:00:00;627.024618270603;1000.0;;270.0;;;;
2022-10-29 13:00:00;556.1239638897126;1000.0;;270.0;;;;
2022-10-29 14:00:00;580.9794510667563;1000.0;;270.0;;;;
2022-10-29 15:00:00;521.7824176146188;1000.0;;270.0;;;;
2022-10-29 16:00:00;510.72181740796;1000.0;;270.0;;;;
2022-10-29 17:00:00;525.3000856855574;1000.0;;270.0;;;;
2022-10-29 18:00:00;616.6825594576886;1000.0;;270.0;;;;
2022-10-29 19:00:00;675.1773309753744;1000.0;;270.0;;;;
2022-10-29 20:00:00;534.2747309477511;1000.0;;270.0;;;;
2022-10-29 21:00:00;620.8261320292602;1000.0;;270.0;;;;
2022-10-29 22:00:00;573.3020914200115;1000.0;;270.0;;;;
2022-10-29 23:00:00;572.3657049877655;1000.0;;270.0;;;;
2022-10-30 00:00:00;457.9461920103304;1000.0;;270.0;;;;
2022-10-30 01:00:00;603.4703449535332;1000.0;;270.0;;;;
2022-10-30 02:00:00;715.1366025616006;1000.0;;270.0;;;;
2022-10-30 03:00:00;664.6089847651256;1000.0;;270.0;;;;
2022-10-30 04:00:00;569.7151554745205;1000.0;;270.0;;;;
2022-10-30 05:00:00;539.1323865232806;1000.0;;270.0;;;;
2022-10-30 06:00:00;503.5641477043272;1000.0;;270.0;;;;
2022-10-30 07:00:00;607.1016612309566;1000.0;;270.0;;;;
2022-10-30 08:00:00;643.8955588419205;1000.0;;270.0;;;;
2022-10-30 09:00:00;652.1307389240969;1000.0;;270.0;;;;
2022-10-30 10:00:00;631.6633536513986;1000.0;;270.0;;;;
2022-10-30 11:00:00;566.892689057333;1000.0;;270.0;;;;
2022-10-30 12:00:00;506.0610982511794;1000.0;;270.0;;;;
2022-10-30 13:00:00;505.4125236742605;1000.0;;270.0;;;;
2022-10-30 14:00:00;634.1976023513666;1000.0;;270.0;;;;
2022-10-30 15:00:00;521.8102105709953;1000.0;;270.0;;;;
2022-10-30 16:00:00;437.7281118562957;1000.0;;270.0;;;;
2022-10-30 17:00:00;615.6633886187935;1000.0;;270.0;;;;
2022-10-30 18:00:00;433.1789278276252;1000.0;;270.0;;;;
2022-10-30 19:00:00;509.5693034691938;1000.0;;270.0;;;;
2022-10-30 20:00:00;583.8618510335432;1000.0;;270.0;;;;
2022-10-30 21:00:00;495.0949064455357;1000.0;;270.0;;;;
2022-10-30 22:00:00;553.0713204470437;1000.0;;270.0;;;;
2022-10-30 23:00:00;606.9499735005191;1000.0;;270.0;;;;
2022-10-31 00:00:00;624.8438671793136;1000.0;;270.0;;;;
2022-10-31 01:00:00;602.3541532646758;1000.0;;270.0;;;;
2022-10-31 02:00:00;549.0438470502509;1000.0;;270.0;;;;
2022-10-31 03:00:00;554.050400493933;1000.0;;270.0;;;;
2022-10-31 04:00:00;539.6981167965666;1000.0;;270.0;;;;
2022-10-31 05:00:00;604.8586086212899;1000.0;;270.0;;;;
2022-10-31 06:00:00;480.4651571531409;1000.0;;270.0;;;;
2022-10-31 07:00:00;522.1579382916437;1000.0;;270.0;;;;
2022-10-31 08:00:00;531.5781803934577;1000.0;;270.0;;;;
2022-10-31 09:00:00;503.7521562409643;1000.0;;270.0;;;;
2022-10-31 10:00:00;547.1778566450186;1000.0;;270.0;;;;
2022-10-31 11:00:00;534.9475720215393;1000.0;;270.0;;;;
2022-10-31 12:00:00;548.0666429890124;1000.0;;270.0;;;;
2022-10-31 13:00:00;636.2050599403251;1000.0;;270.0;;;;
2022-10-31 14:00:00;674.9186431915963;1000.0;;270.0;;;;
2022-10-31 15:00:00;597.5859496765216;1000.0;;270.0;;;;
2022-10-31 16:00:00;533.1091704221868;1000.0;;270.0;;;;
2022-10-31 17:00:00;570.487476553437;1000.0;;270.0;;;;
2022-10-31 18:00:00;596.2719843380788;1000.0;;270.0;;;;
2022-10-31 19:00:00;577.86831713637;1000.0;;270.0;;;;
2022-10-31 20:00:00;656.0731472315512;1000.0;;270.0;;;;
2022-10-31 21:00:00;588.1929735441387;1000.0;;270.0;;;;
2022-10-31 22:00:00;587.2691987838492;1000.0;;270.0;;;;
2022-10-31 23:00:00;632.6764842334978;1000.0;;270.0;;;;
2022-11-01 00:00:00;465.8278534410738;1000.0;;270.0;;;;
2022-11-01 01:00:00;646.2250263282767;1000.0;;270.0;;;;
2022-11-01 02:00:00;589.484708881169;1000.0;;270.0;;;;
2022-11-01 03:00:00;586.078992254173;1000.0;;270.0;;;;
2022-11-01 04:00:00;553.4897678686925;1000.0;;270.0;;;;
2022-11-01 05:00:00;542.7036756457469;1000.0;;270.0;;;;
2022-11-01 06:00:00;542.7008059076381;1000.0;;270.0;;;;
2022-11-01 07:00:00;601.1502578415054;1000.0;;270.0;;;;
2022-11-01 08:00:00;542.7806061814239;1000.0;;270.0;;;;
2022-11-01 09:00:00;503.7852746747627;1000.0;;270.0;;;;
2022-11-01 10:00:00;623.2630686817689;1000.0;;270.0;;;;
2022-11-01 11:00:00;537.3642230782784;1000.0;;270.0;;;;
2022-11-01 12:00:00;526.7978140681493;1000.0;;270.0;;;;
2022-11-01 13:00:00;533.0396812325886;1000.0;;270.0;;;;
2022-11-01 14:00:00;629.4714384179406;1000.0;;270.0;;;;
2022-11-01 15:00:00;608.5164516644281;1000.0;;270.0;;;;
2022-11-01 16:00:00;519.8229062782962;1000.0;;270.0;;;;
2022-11-01 17:00:00;553.9889464719384;1000.0;;270.0;;;;
2022-11-01 18:00:00;558.0863930042086;1000.0;;270.0;;;;
2022-11-01 19:00:00;610.0246856871329;1000.0;;270.0;;;;
2022-11-01 20:00:00;610.8640369008689;1000.0;;270.0;;;;
2022-11-01 21:00:00;480.71697685059;1000.0;;270.0;;;;
2022-11-01 22:00:00;634.043503293279;1000.0;;270.0;;;;
2022-11-01 23:00:00;560.7528102904887;1000.0;;270.0;;;;
2022-11-02 00:00:00;517.1031520336821;1000.0;;270.0;;;;
2022-11-02 01:00:00;572.0189828379912;1000.0;;270.0;;;;
2022-11-02 02:00:00;490.4101781331254;1000.0;;270.0;;;;
2022-11-02 03:00:00;498.6810511016554;1000.0;;270.0;;;;
2022-11-02 04:00:00;510.7992401428232;1000.0;;270.0;;;;
2022-11-02 05:00:00;532.0201244338007;1000.0;;270.0;;;;
2022-11-02 06:00:00;575.3376068473252;1000.0;;270.0;;;;
2022-11-02 07:00:00;426.1734901236451;1000.0;;270.0;;;;
2022-11-02 08:00:00;611.0133838122836;1000.0;;270.0;;;;
2022-11-02 09:00:00;570.5385995070391;1000.0;;270.0;;;;
2022-11-02 10:00:00;641.8094852531468;1000.0;;270.0;;;;
2022-11-02 11:00:00;584.8475220604989;1000.0;;270.0;;;;
2022-11-02 12:00:00;547.692429858876;1000.0;;270.0;;;;
2022-11-02 13:00:00;593.0367923781027;1000.0;;270.0;;;;
2022-11-02 14:00:00;459.0611935622672;1000.0;;270.0;;;;
2022-11-02 15:00:00;533.27681927767;1000.0;;270.0;;;;
2022-11-02 16:00:00;509.2128130920736;1000.0;;270.0;;;;
2022-11-02 17:00:00;618.2286364434218;1000.0;;270.0;;;;
2022-11-02 18:00:00;585.1328403625838;1000.0;;270.0;;;;
2022-11-02 19:00:00;688.8941804803347;1000.0;;270.0;;;;
2022-11-02 20:00:00;675.0164796848015;1000.0;;270.0;;;;
2022-11-02 21:00:00;511.8770377484088;1000.0;;270.0;;;;
2022-11-02 22:00:00;626.5064606802295;1000.0;;270.0;;;;
2022-11-02 23:00:00;511.0100705042317;1000.0;;270.0;;;;
2022-11-03 00:00:00;556.5595634685704;1000.0;;270.0;;;;
2022-11-03 01:00:00;452.9837368937064;1000.0;;270.0;;;;
2022-11-03 02:00:00;593.0422394017276;1000.0;;270.0;;;;
2022-11-03 03:00:00;572.9312622293746;1000.0;;270.0;;;;
2022-11-03 04:00:00;581.5368557661119;1000.0;;270.0;;;;
2022-11-03 05:00:00;646.5726872047615;1000.0;;270.0;;;;
2022-11-03 06:00:00;555.9075543909508;1000.0;;270.0;;;;
2022-11-03 07:00:00;545.6408025456109;1000.0;;270.0;;;;
2022-11-03 08:00:00;597.1455569707452;1000.0;;270.0;;;;
2022-11-03 09:00:00;526.1457338719466;1000.0;;270.0;;;;
2022-11-03 10:00:00;497.2087416360091;1000.0;;270.0;;;;
2022-11-03 11:00:00;517.6060540545196;1000.0;;270.0;;;;
2022-11-03 12:00:00;626.8434344810787;1000.0;;270.0;;;;
2022-11-03 13:00:00;594.5385109072263;1000.0;;270.0;;;;
2022-11-03 14:00:00;608.6675243821602;1000.0;;270.0;;;;
2022-11-03 15:00:00;526.2388547270481;1000.0;;270.0;;;;
2022-11-03 16:00:00;445.8435275602039;1000.0;;270.0;;;;
2022-11-03 17:00:00;623.3489059816226;1000.0;;270.0;;;;
2022-11-03 18:00:00;536.8153174085581;1000.0;;270.0;;;;
2022-11-03 19:00:00;607.2863007213533;1000.0;;270.0;;;;
2022-11-03 20:00:00;524.272908812013;1000.0;;270.0;;;;
2022-11-03 21:00:00;708.0059114253404;1000.0;;270.0;;;;
2022-11-03 22:00:00;521.6675272667625;1000.0;;270.0;;;;
2022-11-03 23:00:00;636.4140016290822;1000.0;;270.0;;;;
2022-11-04 00:00:00;514.1282872408658;1000.0;;270.0;;;;
2022-11-04 01:00:00;683.7036238040534;1000.0;;270.0;;;;
2022-11-04 02:00:00;610.4120335504508;1000.0;;270.0;;;;
2022-11-04 03:00:00;579.8123446926764;1000.0;;270.0;;;;
2022-11-04 04:00:00;501.8179808442165;1000.0;;270.0;;;;
2022-11-04 05:00:00;451.6051026802135;1000.0;;270.0;;;;
2022-11-04 06:00:00;632.0192729755267;1000.0;;270.0;;;;
2022-11-04 07:00:00;536.4463650306745;1000.0;;270.0;;;;
2022-11-04 08:00:00;626.9634580542051;1000.0;;270.0;;;;
2022-11-04 09:00:00;549.0183973503453;1000.0;;270.0;;;;
2022-11-04 10:00:00;501.1949599315209;1000.0;;270.0;;;;
2022-11-04 11:00:00;641.375222932589;1000.0;;270.0;;;;
2022-11-04 12:00:00;567.042461009958;1000.0;;270.0;;;;
2022-11-04 13:00:00;656.6148647272407;1000.0;;270.0;;;;
2022-11-04 14:00:00;533.8205036193035;1000.0;;270.0;;;;
2022-11-04 15:00:00;587.3970937892046;1000.0;;270.0;;;;
2022-11-04 16:00:00;566.1763922363741;1000.0;;270.0;;;;
2022-11-04 17:00:00;670.4764947265196;1000.0;;270.0;;;;
2022-11-04 18:00:00;520.2122511970248;1000.0;;270.0;;;;
2022-11-04 19:00:00;628.5091473010168;1000.0;;270.0;;;;
2022-11-04 20:00:00;598.3375457924766;1000.0;;270.0;;;;
2022-11-04 21:00:00;594.8885454691516;1000.0;;270.0;;;;
2022-11-04 22:00:00;678.0675212825347;1000.0;;270.0;;;;
2022-11-04 23:00:00;587.9623810758447;1000.0;;270.0;;;;
2022-11-05 00:00:00;517.658657352791;1000.0;;270.0;;;;
2022-11-05 01:00:00;497.5469472047185;1000.0;;270.0;;;;
2022-11-05 02:00:00;587.5102231649746;1000.0;;270.0;;;;
2022-11-05 03:00:00;532.6141992908623;1000.0;;270.0;;;;
2022-11-05 04:00:00;591.7075003112665;1000.0;;270.0;;;;
2022-11-05 05:00:00;633.2341392873859;1000.0;;270.0;;;;
2022-11-05 06:00:00;503.8865802494165;1000.0;;270.0;;;;
2022-11-05 07:00:00;574.8565431591473;1000.0;;270.0;;;;
2022-11-05 08:00:00;611.6861262545355;1000.0;;270.0;;;;
2022-11-05 09:00:00;632.0243655770981;1000.0;;270.0;;;;
2022-11-05 10:00:00;520.8618086262019;1000.0;;270.0;;;;
2022-11-05 11:00:00;582.2012683835285;1000.0;;270.0;;;;
2022-11-05 12:00:00;537.5656684073901;1000.0;;270.0;;;;
2022-11-05 13:00:00;594.0936390342438;1000.0;;270.0;;;;
2022-11-05 14:00:00;554.7691881622133;1000.0;;270.0;;;;
2022-11-05 15:00:00;607.6162187597222;1000.0;;270.0;;;;
2022-11-05 16:00:00;603.2132102033185;1000.0;;270.0;;;;
2022-11-05 17:00:00;480.2414396459974;1000.0;;270.0;;;;
2022-11-05 18:00:00;626.2824878580127;1000.0;;270.0;;;;
2022-11-05 19:00:00;463.9904866417772;1000.0;;270.0;;;;
2022-11-05 20:00:00;578.2167390211266;1000.0;;270.0;;;;
2022-11-05 21:00:00;616.551355608528;1000.0;;270.0;;;;
2022-11-05 22:00:00;575.4271303957346;1000.0;;270.0;;;;
2022-11-05 23:00:00;503.7863080579235;1000.0;;270.0;;;;
2022-11-06 00:00:00;559.4692543848467;1000.0;;270.0;;;;
2022-11-06 01:00:00;545.490142557031;1000.0;;270.0;;;;
2022-11-06 02:00:00;532.8872518585465;1000.0;;270.0;;;;
2022-11-06 03:00:00;561.8700824908627;1000.0;;270.0;;;;
2022-11-06 04:00:00;525.843292610733;1000.0;;270.0;;;;
2022-11-06 05:00:00;557.260858573605;1000.0;;270.0;;;;
2022-11-06 06:00:00;498.2510150635383;1000.0;;270.0;;;;
2022-11-06 07:00:00;569.68750778657;1000.0;;270.0;;;;
2022-11-06 08:00:00;460.6324450539308;1000.0;;270.0;;;;
2022-11-06 09:00:00;487.8411511145214;1000.0;;270.0;;;;
2022-11-06 10:00:00;568.5581235876535;1000.0;;270.0;;;;
2022-11-06 11:00:00;509.8552729420699;1000.0;;270.0;;;;
2022-11-06 12:00:00;497.964375891398;1000.0;;270.0;;;;
2022-11-06 13:00:00;600.8504973754373;1000.0;;270.0;;;;
2022-11-06 14:00:00;496.4397414128448;1000.0;;270.0;;;;
2022-11-06 15:00:00;651.9276616341506;1000.0;;270.0;;;;
2022-11-06 16:00:00;556.4597869826274;1000.0;;270.0;;;;
2022-11-06 17:00:00;553.7378607742955;1000.0;;270.0;;;;
2022-11-06 18:00:00;669.0634470474165;1000.0;;270.0;;;;
2022-11-06 19:00:00;644.0326868022115;1000.0;;270.0;;;;
2022-11-06 20:00:00;529.0208129579385;1000.0;;270.0;;;;
2022-11-06 21:00:00;695.3860324994598;1000.0;;270.0;;;;
2022-11-06 22:00:00;634.3980033179059;1000.0;;270.0;;;;
2022-11-06 23:00:00;546.3358919833071;1000.0;;270.0;;;;
2022-11-07 00:00:00;641.5055934975027;1000.0;;270.0;;;;
2022-11-07 01:00:00;636.0961675625016;1000.0;;270.0;;;;
2022-11-07 02:00:00;523.6326045500073;1000.0;;270.0;;;;
2022-11-07 03:00:00;582.07387509866;1000.0;;270.0;;;;
2022-11-07 04:00:00;569.6476932361321;1000.0;;270.0;;;;
2022-11-07 05:00:00;583.8241572147507;1000.0;;270.0;;;;
2022-11-07 06:00:00;648.0623113839617;1000.0;;270.0;;;;
2022-11-07 07:00:00;648.1531079427053;1000.0;;270.0;;;;
2022-11-07 08:00:00;556.8510597834305;1000.0;;270.0;;;;
2022-11-07 09:00:00;499.7947948107322;1000.0;;270.0;;;;
2022-11-07 10:00:00;549.1516989355182;1000.0;;270.0;;;;
2022-11-07 11:00:00;597.8518410084918;1000.0;;270.0;;;;
2022-11-07 12:00:00;523.1549182994437;1000.0;;270.0;;;;
2022-11-07 13:00:00;506.7692342882773;1000.0;;270.0;;;;
2022-11-07 14:00:00;637.3104807093557;1000.0;;270.0;;;;
2022-11-07 15:00:00;583.6861773868158;1000.0;;270.0;;;;
2022-11-07 16:00:00;618.8125406370965;1000.0;;270.0;;;;
2022-11-07 17:00:00;622.4981318371404;1000.0;;270.0;;;;
2022-11-07 18:00:00;583.1108123522874;1000.0;;270.0;;;;
2022-11-07 19:00:00;603.3426946595666;1000.0;;270.0;;;;
2022-11-07 20:00:00;579.8350232879951;1000.0;;270.0;;;;
2022-11-07 21:00:00;476.6913166443598;1000.0;;270.0;;;;
2022-11-07 22:00:00;582.7309320757986;1000.0;;270.0;;;;
2022-11-07 23:00:00;517.2048728302618;1000.0;;270.0;;;;
2022-11-08 00:00:00;478.8440950967144;1000.0;;270.0;;;;
2022-11-08 01:00:00;567.3264206440298;1000.0;;270.0;;;;
2022-11-08 02:00:00;550.024664772739;1000.0;;270.0;;;;
2022-11-08 03:00:00;653.3838251290471;1000.0;;270.0;;;;
2022-11-08 04:00:00;572.9398872320907;1000.0;;270.0;;;;
2022-11-08 05:00:00;526.0889371034716;1000.0;;270.0;;;;
2022-11-08 06:00:00;593.974747798547;1000.0;;270.0;;;;
2022-11-08 07:00:00;655.1034316445415;1000.0;;270.0;;;;
2022-11-08 08:00:00;397.223104052272;1000.0;;270.0;;;;
2022-11-08 09:00:00;442.522667378646;1000.0;;270.0;;;;
2022-11-08 10:00:00;513.5941734017595;1000.0;;270.0;;;;
2022-11-08 11:00:00;604.9378973498399;1000.0;;270.0;;;;
2022-11-08 12:00:00;551.4583752349032;1000.0;;270.0;;;;
2022-11-08 13:00:00;671.9923752881208;1000.0;;270.0;;;;
2022-11-08 14:00:00;639.5072910827142;1000.0;;270.0;;;;
2022-11-08 15:00:00;629.6780914152697;1000.0;;270.0;;;;
2022-11-08 16:00:00;551.367125574808;1000.0;;270.0;;;;
2022-11-08 17:00:00;582.1031546999993;1000.0;;270.0;;;;
2022-11-08 18:00:00;542.5302921273191;1000.0;;270.0;;;;
2022-11-08 19:00:00;476.1563170356876;1000.0;;270.0;;;;
2022-11-08 20:00:00;522.3715717149157;1000.0;;270.0;;;;
2022-11-08 21:00:00;510.2965990064881;1000.0;;270.0;;;;
2022-11-08 22:00:00;582.7011172251254;1000.0;;270.0;;;;
2022-11-08 23:00:00;538.2921150804797;1000.0;;270.0;;;;
2022-11-09 00:00:00;593.9159167870139;1000.0;;270.0;;;;
2022-11-09 01:00:00;618.5480104529447;1000.0;;270.0;;;;
2022-11-09 02:00:00;630.6046453872159;1000.0;;270.0;;;;
2022-11-09 03:00:00;639.050687827484;1000.0;;270.0;;;;
2022-11-09 04:00:00;709.2302029170241;1000.0;;270.0;;;;
2022-11-09 05:00:00;661.6443787955823;1000.0;;270.0;;;;
2022-11-09 06:00:00;476.2532524560439;1000.0;;270.0;;;;
2022-11-09 07:00:00;519.0343172088625;1000.0;;270.0;;;;
2022-11-09 08:00:00;616.8035260303243;1000.0;;270.0;;;;
2022-11-09 09:00:00;492.1361792853685;1000.0;;270.0;;;;
2022-11-09 10:00:00;589.344904376064;1000.0;;270.0;;;;
2022-11-09 11:00:00;472.59369170597;1000.0;;270.0;;;;
2022-11-09 12:00:00;611.2273410814705;1000.0;;270.0;;;;
2022-11-09 13:00:00;629.4681486753229;1000.0;;270.0;;;;
2022-11-09 14:00:00;656.7578493703472;1000.0;;270.0;;;;
2022-11-09 15:00:00;586.3646011674974;1000.0;;270.0;;;;
2022-11-09 16:00:00;559.033630605845;1000.0;;270.0;;;;
2022-11-09 17:00:00;562.1248543288103;1000.0;;270.0;;;;
2022-11-09 18:00:00;522.7360822441615;1000.0;;270.0;;;;
2022-11-09 19:00:00;573.270775922577;1000.0;;270.0;;;;
2022-11-09 20:00:00;429.9471012136883;1000.0;;270.0;;;;
2022-11-09 21:00:00;558.7226217933488;1000.0;;270.0;;;;
2022-11-09 22:00:00;657.0096949229151;1000.0;;270.0;;;;
2022-11-09 23:00:00;565.1476351767217;1000.0;;270.0;;;;
2022-11-10 00:00:00;619.1327567245546;1000.0;;270.0;;;;
2022-11-10 01:00:00;563.0171501221946;1000.0;;270.0;;;;
2022-11-10 02:00:00;564.9654905217953;1000.0;;270.0;;;;
2022-11-10 03:00:00;589.6278875338295;1000.0;;270.0;;;;
2022-11-10 04:00:00;528.04466882097;1000.0;;270.0;;;;
2022-11-10 05:00:00;632.0536262172176;1000.0;;270.0;;;;
2022-11-10 06:00:00;552.5666511142408;1000.0;;270.0;;;;
2022-11-10 07:00:00;477.4653203317696;1000.0;;270.0;;;;
2022-11-10 08:00:00;488.2412121691721;1000.0;;270.0;;;;
2022-11-10 09:00:00;646.1219220965002;1000.0;;270.0;;;;
2022-11-10 10:00:00;593.9171291134585;1000.0;;270.0;;;;
2022-11-10 11:00:00;614.0464899279394;1000.0;;270.0;;;;
2022-11-10 12:00:00;528.4278018264682;1000.0;;270.0;;;;
2022-11-10 13:00:00;543.2370367410712;1000.0;;270.0;;;;
2022-11-10 14:00:00;614.4754843414735;1000.0;;270.0;;;;
2022-11-10 15:00:00;498.0179439007551;1000.0;;270.0;;;;
2022-11-10 16:00:00;694.6310374345301;1000.0;;270.0;;;;
2022-11-10 17:00:00;513.4539427192268;1000.0;;270.0;;;;
2022-11-10 18:00:00;526.5725778723399;1000.0;;270.0;;;;
2022-11-10 19:00:00;606.3743352231666;1000.0;;270.0;;;;
2022-11-10 20:00:00;623.685912986049;1000.0;;270.0;;;;
2022-11-10 21:00:00;579.8835252083671;1000.0;;270.0;;;;
2022-11-10 22:00:00;543.5552151497344;1000.0;;270.0;;;;
2022-11-10 23:00:00;704.6210298470371;1000.0;;270.0;;;;
2022-11-11 00:00:00;541.8588348353743;1000.0;;270.0;;;;
2022-11-11 01:00:00;591.1893207314699;1000.0;;270.0;;;;
2022-11-11 02:00:00;528.8280620837921;1000.0;;270.0;;;;
2022-11-11 03:00:00;620.7901975776576;1000.0;;270.0;;;;
2022-11-11 04:00:00;614.5658131675332;1000.0;;270.0;;;;
2022-11-11 05:00:00;570.5304640743044;1000.0;;270.0;;;;
2022-11-11 06:00:00;541.6879092676609;1000.0;;270.0;;;;
2022-11-11 07:00:00;589.1505036821341;1000.0;;270.0;;;;
2022-11-11 08:00:00;486.9205689317689;1000.0;;270.0;;;;
2022-11-11 09:00:00;529.9906758140895;1000.0;;270.0;;;;
2022-11-11 10:00:00;499.3510330072822;1000.0;;270.0;;;;
2022-11-11 11:00:00;530.5805354895288;1000.0;;270.0;;;;
2022-11-11 12:00:00;581.4138683201189;1000.0;;270.0;;;;
2022-11-11 13:00:00;618.7257795023564;1000.0;;270.0;;;;
2022-11-11 14:00:00;561.7764975837534;1000.0;;270.0;;;;
2022-11-11 15:00:00;510.3436579889755;1000.0;;270.0;;;;
2022-11-11 16:00:00;534.2248647231522;1000.0;;270.0;;;;
2022-11-11 17:00:00;532.8616851217866;1000.0;;270.0;;;;
2022-11-11 18:00:00;567.7884791392647;1000.0;;270.0;;;;
2022-11-11 19:00:00;582.8611901455652;1000.0;;270.0;;;;
2022-11-11 20:00:00;644.0989930041152;1000.0;;270.0;;;;
2022-11-11 21:00:00;552.2826048158207;1000.0;;270.0;;;;
2022-11-11 22:00:00;553.1495340509518;1000.0;;270.0;;;;
2022-11-11 23:00:00;542.0713604309421;1000.0;;270.0;;;;
2022-11-12 00:00:00;533.8371696695071;1000.0;;270.0;;;;
2022-11-12 01:00:00;495.1370824413101;1000.0;;270.0;;;;
2022-11-12 02:00:00;570.7778771030298;1000.0;;270.0;;;;
2022-11-12 03:00:00;614.7901260430898;1000.0;;270.0;;;;
2022-11-12 04:00:00;570.7722974498333;1000.0;;270.0;;;;
2022-11-12 05:00:00;530.4539678392488;1000.0;;270.0;;;;
2022-11-12 06:00:00;695.8705401549616;1000.0;;270.0;;;;
2022-11-12 07:00:00;702.0849721669993;1000.0;;270.0;;;;
2022-11-12 08:00:00;506.320401462117;1000.0;;270.0;;;;
2022-11-12 09:00:00;537.4576227413536;1000.0;;270.0;;;;
2022-11-12 10:00:00;461.1004305684401;1000.0;;270.0;;;;
2022-11-12 11:00:00;466.5491568174612;1000.0;;270.0;;;;
2022-11-12 12:00:00;573.8853163553191;1000.0;;270.0;;;;
2022-11-12 13:00:00;509.8781300055739;1000.0;;270.0;;;;
2022-11-12 14:00:00;517.2246855751497;1000.0;;270.0;;;;
2022-11-12 15:00:00;576.1139203726208;1000.0;;270.0;;;;
2022-11-12 16:00:00;629.2208081047125;1000.0;;270.0;;;;
2022-11-12 17:00:00;570.4917874586695;1000.0;;270.0;;;;
2022-11-12 18:00:00;534.2133298290992;1000.0;;270.0;;;;
2022-11-12 19:00:00;616.7242209173585;1000.0;;270.0;;;;
2022-11-12 20:00:00;507.3139861877796;1000.0;;270.0;;;;
2022-11-12 21:00:00;553.734199043472;1000.0;;270.0;;;;
2022-11-12 22:00:00;633.2144486549615;1000.0;;270.0;;;;
2022-11-12 23:00:00;530.6334200892907;1000.0;;270.0;;;;
2022-11-13 00:00:00;536.0079692308418;1000.0;;270.0;;;;
2022-11-13 01:00:00;545.5248701301516;1000.0;;270.0;;;;
2022-11-13 02:00:00;480.9673442302353;1000.0;;270.0;;;;
2022-11-13 03:00:00;670.9248059345168;1000.0;;270.0;;;;
2022-11-13 04:00:00;575.8805035040738;1000.0;;270.0;;;;
2022-11-13 05:00:00;606.5251222115644;1000.0;;270.0;;;;
2022-11-13 06:00:00;601.1793241228445;1000.0;;270.0;;;;
2022-11-13 07:00:00;587.2038189875822;1000.0;;270.0;;;;
2022-11-13 08:00:00;536.0130278210936;1000.0;;270.0;;;;
2022-11-13 09:00:00;518.286838960034;1000.0;;270.0;;;;
2022-11-13 10:00:00;632.4468641993166;1000.0;;270.0;;;;
2022-11-13 11:00:00;575.4785051903873;1000.0;;270.0;;;;
2022-11-13 12:00:00;512.1630586086195;1000.0;;270.0;;;;
2022-11-13 13:00:00;646.2172065646398;1000.0;;270.0;;;;
2022-11-13 14:00:00;611.1554828477093;1000.0;;270.0;;;;
2022-11-13 15:00:00;584.5346468886095;1000.0;;270.0;;;;
2022-11-13 16:00:00;505.79540625673;1000.0;;270.0;;;;
2022-11-13 17:00:00;544.8206098783531;1000.0;;270.0;;;;
2022-11-13 18:00:00;521.5118276229136;1000.0;;270.0;;;;
2022-11-13 19:00:00;483.350840441271;1000.0;;270.0;;;;
2022-11-13 20:00:00;528.999504428525;1000.0;;270.0;;;;
2022-11-13 21:00:00;611.078524293319;1000.0;;270.0;;;;
2022-11-13 22:00:00;591.125893925279;1000.0;;270.0;;;;
2022-11-13 23:00:00;527.8449613127113;1000.0;;270.0;;;;
2022-11-14 00:00:00;524.1568078277382;1000.0;;270.0;;;;
2022-11-14 01:00:00;534.6421434945418;1000.0;;270.0;;;;
2022-11-14 02:00:00;514.8680876150727;1000.0;;270.0;;;;
2022-11-14 03:00:00;571.0303732097225;1000.0;;270.0;;;;
2022-11-14 04:00:00;489.290372019502;1000.0;;270.0;;;;
2022-11-14 05:00:00;675.3855962096794;1000.0;;270.0;;;;
2022-11-14 06:00:00;564.4253540015948;1000.0;;270.0;;;;
2022-11-14 07:00:00;546.2169903251709;1000.0;;270.0;;;;
2022-11-14 08:00:00;711.2211694920443;1000.0;;270.0;;;;
2022-11-14 09:00:00;574.2147636664816;1000.0;;270.0;;;;
2022-11-14 10:00:00;542.0960058336975;1000.0;;270.0;;;;
2022-11-14 11:00:00;643.5917198285686;1000.0;;270.0;;;;
2022-11-14 12:00:00;495.6852940216878;1000.0;;270.0;;;;
2022-11-14 13:00:00;671.0107439124894;1000.0;;270.0;;;;
2022-11-14 14:00:00;474.6138726825484;1000.0;;270.0;;;;
2022-11-14 15:00:00;563.6250402981824;1000.0;;270.0;;;;
2022-11-14 16:00:00;556.5575328288988;1000.0;;270.0;;;;
2022-11-14 17:00:00;681.7237224587508;1000.0;;270.0;;;;
2022-11-14 18:00:00;534.9460786879099;1000.0;;270.0;;;;
2022-11-14 19:00:00;557.1701562366892;1000.0;;270.0;;;;
2022-11-14 20:00:00;556.2154567759403;1000.0;;270.0;;;;
2022-11-14 21:00:00;588.6803377360696;1000.0;;270.0;;;;
2022-11-14 22:00:00;576.7495389367879;1000.0;;270.0;;;;
2022-11-14 23:00:00;629.6214646227057;1000.0;;270.0;;;;
2022-11-15 00:00:00;650.035723833138;1000.0;;270.0;;;;
2022-11-15 01:00:00;616.8429349892401;1000.0;;270.0;;;;
2022-11-15 02:00:00;544.4137273616238;1000.0;;270.0;;;;
2022-11-15 03:00:00;681.8929573912717;1000.0;;270.0;;;;
2022-11-15 04:00:00;605.968178810709;1000.0;;270.0;;;;
2022-11-15 05:00:00;542.8843726471321;1000.0;;270.0;;;;
2022-11-15 06:00:00;618.7062794370996;1000.0;;270.0;;;;
2022-11-15 07:00:00;593.8812939115951;1000.0;;270.0;;;;
2022-11-15 08:00:00;551.2677136571489;1000.0;;270.0;;;;
2022-11-15 09:00:00;506.2861824922628;1000.0;;270.0;;;;
2022-11-15 10:00:00;593.7607114871624;1000.0;;270.0;;;;
2022-11-15 11:00:00;574.1294717497896;1000.0;;270.0;;;;
2022-11-15 12:00:00;468.1366988166507;1000.0;;270.0;;;;
2022-11-15 13:00:00;664.936037717023;1000.0;;270.0;;;;
2022-11-15 14:00:00;482.8183268585929;1000.0;;270.0;;;;
2022-11-15 15:00:00;630.2980840643634;1000.0;;270.0;;;;
2022-11-15 16:00:00;548.1485407508296;1000.0;;270.0;;;;
2022-11-15 17:00:00;604.8079406333785;1000.0;;270.0;;;;
2022-11-15 18:00:00;619.2901965739682;1000.0;;270.0;;;;
2022-11-15 19:00:00;624.7263535185201;1000.0;;270.0;;;;
2022-11-15 20:00:00;528.1806445052187;1000.0;;270.0;;;;
2022-11-15 21:00:00;697.613165222534;1000.0;;270.0;;;;
2022-11-15 22:00:00;569.083638568294;1000.0;;270.0;;;;
2022-11-15 23:00:00;679.3669414780636;1000.0;;270.0;;;;
2022-11-16 00:00:00;630.9809619930799;1000.0;;270.0;;;;
2022-11-16 01:00:00;611.7563939394001;1000.0;;270.0;;;;
2022-11-16 02:00:00;619.9156767381044;1000.0;;270.0;;;;
2022-11-16 03:00:00;566.0837982350992;1000.0;;270.0;;;;
2022-11-16 04:00:00;507.849876095816;1000.0;;270.0;;;;
2022-11-16 05:00:00;583.1072185786286;1000.0;;270.0;;;;
2022-11-16 06:00:00;568.4755848558484;1000.0;;270.0;;;;
2022-11-16 07:00:00;572.6653708643844;1000.0;;270.0;;;;
2022-11-16 08:00:00;686.5304783376804;1000.0;;270.0;;;;
2022-11-16 09:00:00;510.5684854503368;1000.0;;270.0;;;;
2022-11-16 10:00:00;605.1587672157134;1000.0;;270.0;;;;
2022-11-16 11:00:00;667.3188008885933;1000.0;;270.0;;;;
2022-11-16 12:00:00;634.3076929475087;1000.0;;270.0;;;;
2022-11-16 13:00:00;593.6540379589431;1000.0;;270.0;;;;
2022-11-16 14:00:00;564.6574783909101;1000.0;;270.0;;;;
2022-11-16 15:00:00;707.5474754686047;1000.0;;270.0;;;;
2022-11-16 16:00:00;534.4350412602467;1000.0;;270.0;;;;
2022-11-16 17:00:00;579.0969779325262;1000.0;;270.0;;;;
2022-11-16 18:00:00;626.1202268664973;1000.0;;270.0;;;;
2022-11-16 19:00:00;582.8801103405499;1000.0;;270.0;;;;
2022-11-16 20:00:00;610.5376856413429;1000.0;;270.0;;;;
2022-11-16 21:00:00;571.1562954813552;1000.0;;270.0;;;;
2022-11-16 22:00:00;568.334836472581;1000.0;;270.0;;;;
2022-11-16 23:00:00;645.0743837258481;1000.0;;270.0;;;;
2022-11-17 00:00:00;528.8620927127172;1000.0;;270.0;;;;
2022-11-17 01:00:00;546.8002302163744;1000.0;;270.0;;;;
2022-11-17 02:00:00;533.9108436370232;1000.0;;270.0;;;;
2022-11-17 03:00:00;531.5491221434854;1000.0;;270.0;;;;
2022-11-17 04:00:00;557.8102693869516;1000.0;;270.0;;;;
2022-11-17 05:00:00;579.0992336152316;1000.0;;270.0;;;;
2022-11-17 06:00:00;497.7282655706388;1000.0;;270.0;;;;
2022-11-17 07:00:00;607.9159966070906;1000.0;;270.0;;;;
2022-11-17 08:00:00;566.5814125599436;1000.0;;270.0;;;;
2022-11-17 09:00:00;558.8630401675907;1000.0;;270.0;;;;
2022-11-17 10:00:00;463.1734218882445;1000.0;;270.0;;;;
2022-11-17 11:00:00;548.1723831058513;1000.0;;270.0;;;;
2022-11-17 12:00:00;632.1311350007222;1000.0;;270.0;;;;
2022-11-17 13:00:00;549.6043996380937;1000.0;;270.0;;;;
2022-11-17 14:00:00;680.6109943395596;1000.0;;270.0;;;;
2022-11-17 15:00:00;611.6080729057551;1000.0;;270.0;;;;
2022-11-17 16:00:00;471.1214927131137;1000.0;;270.0;;;;
2022-11-17 17:00:00;618.4279152952722;1000.0;;270.0;;;;
2022-11-17 18:00:00;646.2931312473688;1000.0;;270.0;;;;
2022-11-17 19:00:00;523.8508301024223;1000.0;;270.0;;;;
2022-11-17 20:00:00;541.6083449662633;1000.0;;270.0;;;;
2022-11-17 21:00:00;465.5085759713787;1000.0;;270.0;;;;
2022-11-17 22:00:00;609.4028385505748;1000.0;;270.0;;;;
2022-11-17 23:00:00;583.1034809609272;1000.0;;270.0;;;;
2022-11-18 00:00:00;610.6100134447323;1000.0;;270.0;;;;
2022-11-18 01:00:00;552.1053965680978;1000.0;;270.0;;;;
2022-11-18 02:00:00;609.2294793808151;1000.0;;270.0;;;;
2022-11-18 03:00:00;515.7540103373244;1000.0;;270.0;;;;
2022-11-18 04:00:00;540.0802712644233;1000.0;;270.0;;;;
2022-11-18 05:00:00;537.0913930477486;1000.0;;270.0;;;;
2022-11-18 06:00:00;566.4387736645061;1000.0;;270.0;;;;
2022-11-18 07:00:00;560.8157519762187;1000.0;;270.0;;;;
2022-11-18 08:00:00;547.8080524403355;1000.0;;270.0;;;;
2022-11-18 09:00:00;635.5098750677049;1000.0;;270.0;;;;
2022-11-18 10:00:00;607.5175952459921;1000.0;;270.0;;;;
2022-11-18 11:00:00;547.1713139259937;1000.0;;270.0;;;;
2022-11-18 12:00:00;642.2095154057554;1000.0;;270.0;;;;
2022-11-18 13:00:00;708.9090317659279;1000.0;;270.0;;;;
2022-11-18 14:00:00;574.3149904864551;1000.0;;270.0;;;;
2022-11-18 15:00:00;651.5642714996634;1000.0;;270.0;;;;
2022-11-18 16:00:00;617.5595932260821;1000.0;;270.0;;;;
2022-11-18 17:00:00;539.4563419964995;1000.0;;270.0;;;;
2022-11-18 18:00:00;537.8614958314122;1000.0;;270.0;;;;
2022-11-18 19:00:00;570.4914300230549;1000.0;;270.0;;;;
2022-11-18 20:00:00;580.4349514879324;1000.0;;270.0;;;;
2022-11-18 21:00:00;570.583292087517;1000.0;;270.0;;;;
2022-11-18 22:00:00;487.9178483545538;1000.0;;270.0;;;;
2022-11-18 23:00:00;480.7658940938577;1000.0;;270.0;;;;
2022-11-19 00:00:00;516.0860954933128;1000.0;;270.0;;;;
2022-11-19 01:00:00;624.8683573897703;1000.0;;270.0;;;;
2022-11-19 02:00:00;619.6343441263281;1000.0;;270.0;;;;
2022-11-19 03:00:00;529.493378261978;1000.0;;270.0;;;;
2022-11-19 04:00:00;600.1143471828944;1000.0;;270.0;;;;
2022-11-19 05:00:00;682.4479807141811;1000.0;;270.0;;;;
2022-11-19 06:00:00;601.687340117045;1000.0;;270.0;;;;
2022-11-19 07:00:00;597.4505750007615;1000.0;;270.0;;;;
2022-11-19 08:00:00;671.952665149774;1000.0;;270.0;;;;
2022-11-19 09:00:00;668.064046425817;1000.0;;270.0;;;;
2022-11-19 10:00:00;468.295998163271;1000.0;;270.0;;;;
2022-11-19 11:00:00;628.2914606943466;1000.0;;270.0;;;;
2022-11-19 12:00:00;688.2913717354362;1000.0;;270.0;;;;
2022-11-19 13:00:00;493.4997316363201;1000.0;;270.0;;;;
2022-11-19 14:00:00;585.5121432591819;1000.0;;270.0;;;;
2022-11-19 15:00:00;527.6669023780656;1000.0;;270.0;;;;
2022-11-19 16:00:00;630.387093601032;1000.0;;270.0;;;;
2022-11-19 17:00:00;529.2738459216265;1000.0;;270.0;;;;
2022-11-19 18:00:00;414.4517022236082;1000.0;;270.0;;;;
2022-11-19 19:00:00;596.7554684775238;1000.0;;270.0;;;;
2022-11-19 20:00:00;646.7901894897183;1000.0;;270.0;;;;
2022-11-19 21:00:00;657.0013904259281;1000.0;;270.0;;;;
2022-11-19 22:00:00;492.2206330543612;1000.0;;270.0;;;;
2022-11-19 23:00:00;590.1518740728154;1000.0;;270.0;;;;
2022-11-20 00:00:00;576.8567743846896;1000.0;;270.0;;;;
2022-11-20 01:00:00;489.2203460890697;1000.0;;270.0;;;;
2022-11-20 02:00:00;637.6163398381609;1000.0;;270.0;;;;
2022-11-20 03:00:00;598.7955259034087;1000.0;;270.0;;;;
2022-11-20 04:00:00;618.195880631658;1000.0;;270.0;;;;
2022-11-20 05:00:00;544.9302053356432;1000.0;;270.0;;;;
2022-11-20 06:00:00;530.5351877544845;1000.0;;270.0;;;;
2022-11-20 07:00:00;581.6818563674415;1000.0;;270.0;;;;
2022-11-20 08:00:00;625.7585164477667;1000.0;;270.0;;;;
2022-11-20 09:00:00;461.8190617006721;1000.0;;270.0;;;;
2022-11-20 10:00:00;493.1239883972092;1000.0;;270.0;;;;
2022-11-20 11:00:00;594.7122408060225;1000.0;;270.0;;;;
2022-11-20 12:00:00;609.7964192150457;1000.0;;270.0;;;;
2022-11-20 13:00:00;593.7722249492268;1000.0;;270.0;;;;
2022-11-20 14:00:00;526.3266414267091;1000.0;;270.0;;;;
2022-11-20 15:00:00;717.2140737194982;1000.0;;270.0;;;;
2022-11-20 16:00:00;558.2563320957307;1000.0;;270.0;;;;
2022-11-20 17:00:00;542.7953384541611;1000.0;;270.0;;;;
2022-11-20 18:00:00;535.5068414851859;1000.0;;270.0;;;;
2022-11-20 19:00:00;549.9517437620194;1000.0;;270.0;;;;
2022-11-20 20:00:00;653.1070811572735;1000.0;;270.0;;;;
2022-11-20 21:00:00;427.1082739328698;1000.0;;270.0;;;;
2022-11-20 22:00:00;581.6382689490766;1000.0;;270.0;;;;
2022-11-20 23:00:00;592.7476947293727;1000.0;;270.0;;;;
2022-11-21 00:00:00;604.7149089384576;1000.0;;270.0;;;;
2022-11-21 01:00:00;606.4820410294063;1000.0;;270.0;;;;
2022-11-21 02:00:00;599.6150911342919;1000.0;;270.0;;;;
2022-11-21 03:00:00;612.1656248732287;1000.0;;270.0;;;;
2022-11-21 04:00:00;690.27414342644;1000.0;;270.0;;;;
2022-11-21 05:00:00;708.9547594845642;1000.0;;270.0;;;;
2022-11-21 06:00:00;499.9044690435788;1000.0;;270.0;;;;
2022-11-21 07:00:00;536.368251105561;1000.0;;270.0;;;;
2022-11-21 08:00:00;556.5542520733298;1000.0;;270.0;;;;
2022-11-21 09:00:00;658.3927953722967;1000.0;;270.0;;;;
2022-11-21 10:00:00;534.0141665354447;1000.0;;270.0;;;;
2022-11-21 11:00:00;608.7645944596735;1000.0;;270.0;;;;
2022-11-21 12:00:00;526.7396051142576;1000.0;;270.0;;;;
2022-11-21 13:00:00;625.7877660852265;1000.0;;270.0;;;;
2022-11-21 14:00:00;538.5089013889486;1000.0;;270.0;;;;
2022-11-21 15:00:00;578.4388225135187;1000.0;;270.0;;;;
2022-11-21 16:00:00;510.6610135906113;1000.0;;270.0;;;;
2022-11-21 17:00:00;602.4168145122884;1000.0;;270.0;;;;
2022-11-21 18:00:00;471.6234137538313;1000.0;;270.0;;;;
2022-11-21 19:00:00;585.8968454594777;1000.0;;270.0;;;;
2022-11-21 20:00:00;509.0234206317888;1000.0;;270.0;;;;
2022-11-21 21:00:00;550.0023422419613;1000.0;;270.0;;;;
2022-11-21 22:00:00;509.5333250703935;1000.0;;270.0;;;;
2022-11-21 23:00:00;614.2804023801611;1000.0;;270.0;;;;
2022-11-22 00:00:00;471.0150232353678;1000.0;;270.0;;;;
2022-11-22 01:00:00;558.0846500111837;1000.0;;270.0;;;;
2022-11-22 02:00:00;576.1451791893762;1000.0;;270.0;;;;
2022-11-22 03:00:00;643.335412979126;1000.0;;270.0;;;;
2022-11-22 04:00:00;620.1843162385509;1000.0;;270.0;;;;
2022-11-22 05:00:00;746.7093971742896;1000.0;;270.0;;;;
2022-11-22 06:00:00;497.215071124821;1000.0;;270.0;;;;
2022-11-22 07:00:00;544.7190392010585;1000.0;;270.0;;;;
2022-11-22 08:00:00;586.3401579907903;1000.0;;270.0;;;;
2022-11-22 09:00:00;544.6411375767359;1000.0;;270.0;;;;
2022-11-22 10:00:00;559.1019144906355;1000.0;;270.0;;;;
2022-11-22 11:00:00;544.2569358909656;1000.0;;270.0;;;;
2022-11-22 12:00:00;567.9609101100157;1000.0;;270.0;;;;
2022-11-22 13:00:00;552.0393297213978;1000.0;;270.0;;;;
2022-11-22 14:00:00;564.4480541892657;1000.0;;270.0;;;;
2022-11-22 15:00:00;600.3431916874388;1000.0;;270.0;;;;
2022-11-22 16:00:00;639.6390625702326;1000.0;;270.0;;;;
2022-11-22 17:00:00;442.5871983068058;1000.0;;270.0;;;;
2022-11-22 18:00:00;645.1304219959643;1000.0;;270.0;;;;
2022-11-22 19:00:00;619.39889578898;1000.0;;270.0;;;;
2022-11-22 20:00:00;523.6901387787731;1000.0;;270.0;;;;
2022-11-22 21:00:00;575.300485407793;1000.0;;270.0;;;;
2022-11-22 22:00:00;614.118663540528;1000.0;;270.0;;;;
2022-11-22 23:00:00;606.8513583836493;1000.0;;270.0;;;;
2022-11-23 00:00:00;506.3892251269056;1000.0;;270.0;;;;
2022-11-23 01:00:00;511.417226950601;1000.0;;270.0;;;;
2022-11-23 02:00:00;564.7840092158664;1000.0;;270.0;;;;
2022-11-23 03:00:00;559.7286213521954;1000.0;;270.0;;;;
2022-11-23 04:00:00;582.9140559715362;1000.0;;270.0;;;;
2022-11-23 05:00:00;630.095707214062;1000.0;;270.0;;;;
2022-11-23 06:00:00;563.1869397627124;1000.0;;270.0;;;;
2022-11-23 07:00:00;534.6915643039505;1000.0;;270.0;;;;
2022-11-23 08:00:00;563.4022678167024;1000.0;;270.0;;;;
2022-11-23 09:00:00;634.8464317840165;1000.0;;270.0;;;;
2022-11-23 10:00:00;618.6873163744593;1000.0;;270.0;;;;
2022-11-23 11:00:00;568.7328108540872;1000.0;;270.0;;;;
2022-11-23 12:00:00;640.3016205498379;1000.0;;270.0;;;;
2022-11-23 13:00:00;595.8983798410678;1000.0;;270.0;;;;
2022-11-23 14:00:00;537.0298618494219;1000.0;;270.0;;;;
2022-11-23 15:00:00;525.9392801109551;1000.0;;270.0;;;;
2022-11-23 16:00:00;589.9321470214503;1000.0;;270.0;;;;
2022-11-23 17:00:00;652.956245924642;1000.0;;270.0;;;;
2022-11-23 18:00:00;491.2673464585561;1000.0;;270.0;;;;
2022-11-23 19:00:00;513.5199507881681;1000.0;;270.0;;;;
2022-11-23 20:00:00;459.6246264147187;1000.0;;270.0;;;;
2022-11-23 21:00:00;631.6895653508705;1000.0;;270.0;;;;
2022-11-23 22:00:00;486.7344495491441;1000.0;;270.0;;;;
2022-11-23 23:00:00;652.8737865850076;1000.0;;270.0;;;;
2022-11-24 00:00:00;573.2641812465797;1000.0;;270.0;;;;
2022-11-24 01:00:00;482.0036629823247;1000.0;;270.0;;;;
2022-11-24 02:00:00;542.0676323306121;1000.0;;270.0;;;;
2022-11-24 03:00:00;576.1249494067465;1000.0;;270.0;;;;
2022-11-24 04:00:00;589.735328585371;1000.0;;270.0;;;;
2022-11-24 05:00:00;489.9675881052935;1000.0;;270.0;;;;
2022-11-24 06:00:00;596.6153186757658;1000.0;;270.0;;;;
2022-11-24 07:00:00;615.4339888142067;1000.0;;270.0;;;;
2022-11-24 08:00:00;594.3849271041831;1000.0;;270.0;;;;
2022-11-24 09:00:00;622.9118571439684;1000.0;;270.0;;;;
2022-11-24 10:00:00;569.03758567336;1000.0;;270.0;;;;
2022-11-24 11:00:00;669.7196480482958;1000.0;;270.0;;;;
2022-11-24 12:00:00;579.0646687367122;1000.0;;270.0;;;;
2022-11-24 13:00:00;678.7127341201625;1000.0;;270.0;;;;
2022-11-24 14:00:00;650.238020708644;1000.0;;270.0;;;;
2022-11-24 15:00:00;542.2097936316694;1000.0;;270.0;;;;
2022-11-24 16:00:00;685.6466902232387;1000.0;;270.0;;;;
2022-11-24 17:00:00;598.9729618434127;1000.0;;270.0;;;;
2022-11-24 18:00:00;633.2587721877765;1000.0;;270.0;;;;
2022-11-24 19:00:00;470.6974991738746;1000.0;;270.0;;;;
2022-11-24 20:00:00;591.2921606725366;1000.0;;270.0;;;;
2022-11-24 21:00:00;620.6676694744718;1000.0;;270.0;;;;
2022-11-24 22:00:00;492.3252064374137;1000.0;;270.0;;;;
2022-11-24 23:00:00;685.0888660396231;1000.0;;270.0;;;;
2022-11-25 00:00:00;622.2971363678744;1000.0;;270.0;;;;
2022-11-25 01:00:00;713.1471822083462;1000.0;;270.0;;;;
2022-11-25 02:00:00;591.5561425483666;1000.0;;270.0;;;;
2022-11-25 03:00:00;540.1345229135993;1000.0;;270.0;;;;
2022-11-25 04:00:00;544.8837595436182;1000.0;;270.0;;;;
2022-11-25 05:00:00;525.9828578472656;1000.0;;270.0;;;;
2022-11-25 06:00:00;619.9829328136203;1000.0;;270.0;;;;
2022-11-25 07:00:00;538.4051168527952;1000.0;;270.0;;;;
2022-11-25 08:00:00;591.4965001625798;1000.0;;270.0;;;;
2022-11-25 09:00:00;580.5300025764647;1000.0;;270.0;;;;
2022-11-25 10:00:00;541.1786902526235;1000.0;;270.0;;;;
2022-11-25 11:00:00;652.640445093221;1000.0;;270.0;;;;
2022-11-25 12:00:00;515.2363652533029;1000.0;;270.0;;;;
2022-11-25 13:00:00;601.6312375658973;1000.0;;270.0;;;;
2022-11-25 14:00:00;585.6380721576389;1000.0;;270.0;;;;
2022-11-25 15:00:00;514.9645044020797;1000.0;;270.0;;;;
2022-11-25 16:00:00;562.0744088089295;1000.0;;270.0;;;;
2022-11-25 17:00:00;620.3839750074557;1000.0;;270.0;;;;
2022-11-25 18:00:00;611.5645647241075;1000.0;;270.0;;;;
2022-11-25 19:00:00;596.8870970317822;1000.0;;270.0;;;;
2022-11-25 20:00:00;580.5013610047755;1000.0;;270.0;;;;
2022-11-25 21:00:00;588.1515493212886;1000.0;;270.0;;;;
2022-11-25 22:00:00;577.5630730725103;1000.0;;270.0;;;;
2022-11-25 23:00:00;473.9462531291926;1000.0;;270.0;;;;
2022-11-26 00:00:00;534.0395062339848;1000.0;;270.0;;;;
2022-11-26 01:00:00;630.1271212182844;1000.0;;270.0;;;;
2022-11-26 02:00:00;552.844725116307;1000.0;;270.0;;;;
2022-11-26 03:00:00;556.5689763464287;1000.0;;270.0;;;;
2022-11-26 04:00:00;568.5836324313476;1000.0;;270.0;;;;
2022-11-26 05:00:00;580.2010095798863;1000.0;;270.0;;;;
2022-11-26 06:00:00;633.9312075607716;1000.0;;270.0;;;;
2022-11-26 07:00:00;582.6679282174548;1000.0;;270.0;;;;
2022-11-26 08:00:00;602.1115858667825;1000.0;;270.0;;;;
2022-11-26 09:00:00;546.2932393977676;1000.0;;270.0;;;;
2022-11-26 10:00:00;619.5736383941409;1000.0;;270.0;;;;
2022-11-26 11:00:00;592.6313427532815;1000.0;;270.0;;;;
2022-11-26 12:00:00;623.7287106267121;1000.0;;270.0;;;;
2022-11-26 13:00:00;539.6560049171272;1000.0;;270.0;;;;
2022-11-26 14:00:00;520.17784637509;1000.0;;270.0;;;;
2022-11-26 15:00:00;600.4759793571106;1000.0;;270.0;;;;
2022-11-26 16:00:00;668.3694077717357;1000.0;;270.0;;;;
2022-11-26 17:00:00;577.4767051132986;1000.0;;270.0;;;;
2022-11-26 18:00:00;526.6991064064174;1000.0;;270.0;;;;
2022-11-26 19:00:00;552.3410454280255;1000.0;;270.0;;;;
2022-11-26 20:00:00;542.2275458985443;1000.0;;270.0;;;;
2022-11-26 21:00:00;496.2056257785971;1000.0;;270.0;;;;
2022-11-26 22:00:00;563.8794659536346;1000.0;;270.0;;;;
2022-11-26 23:00:00;664.5970004983462;1000.0;;270.0;;;;
2022-11-27 00:00:00;597.4469008633497;1000.0;;270.0;;;;
2022-11-27 01:00:00;517.5631300512379;1000.0;;270.0;;;;
2022-11-27 02:00:00;647.9214362027107;1000.0;;270.0;;;;
2022-11-27 03:00:00;474.9409632825789;1000.0;;270.0;;;;
2022-11-27 04:00:00;570.9368149347126;1000.0;;270.0;;;;
2022-11-27 05:00:00;565.3069792523489;1000.0;;270.0;;;;
2022-11-27 06:00:00;635.6089266769445;1000.0;;270.0;;;;
2022-11-27 07:00:00;596.1488239745017;1000.0;;270.0;;;;
2022-11-27 08:00:00;557.4449124678853;1000.0;;270.0;;;;
2022-11-27 09:00:00;526.8403976909933;1000.0;;270.0;;;;
2022-11-27 10:00:00;557.5750057078113;1000.0;;270.0;;;;
2022-11-27 11:00:00;683.6754515611835;1000.0;;270.0;;;;
2022-11-27 12:00:00;519.6960447099926;1000.0;;270.0;;;;
2022-11-27 13:00:00;497.0760997471326;1000.0;;270.0;;;;
2022-11-27 14:00:00;607.6252952289027;1000.0;;270.0;;;;
2022-11-27 15:00:00;574.9145746643428;1000.0;;270.0;;;;
2022-11-27 16:00:00;588.7775550387726;1000.0;;270.0;;;;
2022-11-27 17:00:00;597.9608160883733;1000.0;;270.0;;;;
2022-11-27 18:00:00;574.9963849365258;1000.0;;270.0;;;;
2022-11-27 19:00:00;541.4829109633878;1000.0;;270.0;;;;
2022-11-27 20:00:00;630.4631029134076;1000.0;;270.0;;;;
2022-11-27 21:00:00;578.1461497132931;1000.0;;270.0;;;;
2022-11-27 22:00:00;677.6092076006823;1000.0;;270.0;;;;
2022-11-27 23:00:00;580.0219199973034;1000.0;;270.0;;;;
2022-11-28 00:00:00;578.8692914249751;1000.0;;270.0;;;;
2022-11-28 01:00:00;596.1906048800323;1000.0;;270.0;;;;
2022-11-28 02:00:00;572.6236096744188;1000.0;;270.0;;;;
2022-11-28 03:00:00;653.0987550777838;1000.0;;270.0;;;;
2022-11-28 04:00:00;555.9928958277449;1000.0;;270.0;;;;
2022-11-28 05:00:00;673.8390040068381;1000.0;;270.0;;;;
2022-11-28 06:00:00;622.1919410491143;1000.0;;270.0;;;;
2022-11-28 07:00:00;485.0370905176266;1000.0;;270.0;;;;
2022-11-28 08:00:00;502.1693775963532;1000.0;;270.0;;;;
2022-11-28 09:00:00;530.4887135737456;1000.0;;270.0;;;;
2022-11-28 10:00:00;464.8572505480028;1000.0;;270.0;;;;
2022-11-28 11:00:00;657.9417363697983;1000.0;;270.0;;;;
2022-11-28 12:00:00;488.3220792964456;1000.0;;270.0;;;;
2022-11-28 13:00:00;666.2332055931777;1000.0;;270.0;;;;
2022-11-28 14:00:00;560.0492120383869;1000.0;;270.0;;;;
2022-11-28 15:00:00;435.3876818065835;1000.0;;270.0;;;;
2022-11-28 16:00:00;572.102820854033;1000.0;;270.0;;;;
2022-11-28 17:00:00;655.0512800052011;1000.0;;270.0;;;;
2022-11-28 18:00:00;631.9691619586897;1000.0;;270.0;;;;
2022-11-28 19:00:00;504.1617691022921;1000.0;;270.0;;;;
2022-11-28 20:00:00;576.5850424639417;1000.0;;270.0;;;;
2022-11-28 21:00:00;573.0275167752834;1000.0;;270.0;;;;
2022-11-28 22:00:00;504.6533619738467;1000.0;;270.0;;;;
2022-11-28 23:00:00;626.5892547312111;1000.0;;270.0;;;;
2022-11-29 00:00:00;609.4126436314585;1000.0;;270.0;;;;
2022-11-29 01:00:00;492.3473863082658;1000.0;;270.0;;;;
2022-11-29 02:00:00;521.1705649645126;1000.0;;270.0;;;;
2022-11-29 03:00:00;446.1003390853541;1000.0;;270.0;;;;
2022-11-29 04:00:00;578.3239110836887;1000.0;;270.0;;;;
2022-11-29 05:00:00;549.3089877157246;1000.0;;270.0;;;;
2022-11-29 06:00:00;561.9266307938664;1000.0;;270.0;;;;
2022-11-29 07:00:00;670.4826728446349;1000.0;;270.0;;;;
2022-11-29 08:00:00;654.3479173852169;1000.0;;270.0;;;;
2022-11-29 09:00:00;576.9113488294165;1000.0;;270.0;;;;
2022-11-29 10:00:00;570.2709985520659;1000.0;;270.0;;;;
2022-11-29 11:00:00;680.6953205966789;1000.0;;270.0;;;;
2022-11-29 12:00:00;582.8650077754252;1000.0;;270.0;;;;
2022-11-29 13:00:00;521.9916180970386;1000.0;;270.0;;;;
2022-11-29 14:00:00;573.798983369227;1000.0;;270.0;;;;
2022-11-29 15:00:00;642.6112984245426;1000.0;;270.0;;;;
2022-11-29 16:00:00;623.3655651172364;1000.0;;270.0;;;;
2022-11-29 17:00:00;655.3221077175891;1000.0;;270.0;;;;
2022-11-29 18:00:00;471.9219622492849;1000.0;;270.0;;;;
2022-11-29 19:00:00;588.555172887139;1000.0;;270.0;;;;
2022-11-29 20:00:00;623.2157088792449;1000.0;;270.0;;;;
2022-11-29 21:00:00;577.1203484078494;1000.0;;270.0;;;;
2022-11-29 22:00:00;443.517729087317;1000.0;;270.0;;;;
2022-11-29 23:00:00;627.9645851874296;1000.0;;270.0;;;;
2022-11-30 00:00:00;571.6169876631317;1000.0;;270.0;;;;
2022-11-30 01:00:00;606.3847344182686;1000.0;;270.0;;;;
2022-11-30 02:00:00;578.532862077994;1000.0;;270.0;;;;
2022-11-30 03:00:00;481.6091754727994;1000.0;;270.0;;;;
2022-11-30 04:00:00;532.1455771379561;1000.0;;270.0;;;;
2022-11-30 05:00:00;560.6336670225492;1000.0;;270.0;;;;
2022-11-30 06:00:00;511.986948560367;1000.0;;270.0;;;;
2022-11-30 07:00:00;589.4198023991844;1000.0;;270.0;;;;
2022-11-30 08:00:00;535.1110960683876;1000.0;;270.0;;;;
2022-11-30 09:00:00;587.221973424418;1000.0;;270.0;;;;
2022-11-30 10:00:00;588.7176011210888;1000.0;;270.0;;;;
2022-11-30 11:00:00;544.427233267441;1000.0;;270.0;;;;
2022-11-30 12:00:00;539.7040559864096;1000.0;;270.0;;;;
2022-11-30 13:00:00;609.6649045433365;1000.0;;270.0;;;;
2022-11-30 14:00:00;555.6473164852715;1000.0;;270.0;;;;
2022-11-30 15:00:00;597.8440703027849;1000.0;;270.0;;;;
2022-11-30 16:00:00;605.4407827698376;1000.0;;270.0;;;;
2022-11-30 17:00:00;467.6020295432667;1000.0;;270.0;;;;
2022-11-30 18:00:00;702.7501330911111;1000.0;;270.0;;;;
2022-11-30 19:00:00;621.5674028237004;1000.0;;270.0;;;;
2022-11-30 20:00:00;546.0472003641028;1000.0;;270.0;;;;
2022-11-30 21:00:00;483.5039633366001;1000.0;;270.0;;;;
2022-11-30 22:00:00;668.8610779425978;1000.0;;270.0;;;;
2022-11-30 23:00:00;690.1283688005611;1000.0;;270.0;;;;
2022-12-01 00:00:00;617.203275001252;1000.0;;270.0;;;;
2022-12-01 01:00:00;604.5958735216383;1000.0;;270.0;;;;
2022-12-01 02:00:00;585.3290533080927;1000.0;;270.0;;;;
2022-12-01 03:00:00;582.2897339520094;1000.0;;270.0;;;;
2022-12-01 04:00:00;578.982666376479;1000.0;;270.0;;;;
2022-12-01 05:00:00;528.2908384076698;1000.0;;270.0;;;;
2022-12-01 06:00:00;602.4253598764094;1000.0;;270.0;;;;
2022-12-01 07:00:00;670.2161290746203;1000.0;;270.0;;;;
2022-12-01 08:00:00;601.3965896399811;1000.0;;270.0;;;;
2022-12-01 09:00:00;657.3102987188845;1000.0;;270.0;;;;
2022-12-01 10:00:00;573.314561209973;1000.0;;270.0;;;;
2022-12-01 11:00:00;516.7440723427565;1000.0;;270.0;;;;
2022-12-01 12:00:00;562.7776094395973;1000.0;;270.0;;;;
2022-12-01 13:00:00;535.5600260844208;1000.0;;270.0;;;;
2022-12-01 14:00:00;529.0931784388148;1000.0;;270.0;;;;
2022-12-01 15:00:00;630.0313346578363;1000.0;;270.0;;;;
2022-12-01 16:00:00;507.2213447189755;1000.0;;270.0;;;;
2022-12-01 17:00:00;580.8389527986158;1000.0;;270.0;;;;
2022-12-01 18:00:00;569.166135944992;1000.0;;270.0;;;;
2022-12-01 19:00:00;503.0285265689728;1000.0;;270.0;;;;
2022-12-01 20:00:00;610.9544851292577;1000.0;;270.0;;;;
2022-12-01 21:00:00;513.8556272522275;1000.0;;270.0;;;;
2022-12-01 22:00:00;587.0912404994033;1000.0;;270.0;;;;
2022-12-01 23:00:00;551.9755816612753;1000.0;;270.0;;;;
2022-12-02 00:00:00;497.9597325913859;1000.0;;270.0;;;;
2022-12-02 01:00:00;536.5555643851826;1000.0;;270.0;;;;
2022-12-02 02:00:00;569.5049082734491;1000.0;;270.0;;;;
2022-12-02 03:00:00;571.856169400929;1000.0;;270.0;;;;
2022-12-02 04:00:00;523.7984178238175;1000.0;;270.0;;;;
2022-12-02 05:00:00;624.667748151465;1000.0;;270.0;;;;
2022-12-02 06:00:00;662.9165381974259;1000.0;;270.0;;;;
2022-12-02 07:00:00;580.2203659044349;1000.0;;270.0;;;;
2022-12-02 08:00:00;465.4629720389878;1000.0;;270.0;;;;
2022-12-02 09:00:00;571.5192945767061;1000.0;;270.0;;;;
2022-12-02 10:00:00;617.460272277544;1000.0;;270.0;;;;
2022-12-02 11:00:00;547.5391534153383;1000.0;;270.0;;;;
2022-12-02 12:00:00;652.5995557575064;1000.0;;270.0;;;;
2022-12-02 13:00:00;593.4935553736058;1000.0;;270.0;;;;
2022-12-02 14:00:00;489.858085277793;1000.0;;270.0;;;;
2022-12-02 15:00:00;587.8989607981825;1000.0;;270.0;;;;
2022-12-02 16:00:00;556.3738804276384;1000.0;;270.0;;;;
2022-12-02 17:00:00;507.3757506254194;1000.0;;270.0;;;;
2022-12-02 18:00:00;618.7519644314849;1000.0;;270.0;;;;
2022-12-02 19:00:00;535.9834050312563;1000.0;;270.0;;;;
2022-12-02 20:00:00;487.0140531743292;1000.0;;270.0;;;;
2022-12-02 21:00:00;503.8556320997662;1000.0;;270.0;;;;
2022-12-02 22:00:00;508.6986597350593;1000.0;;270.0;;;;
2022-12-02 23:00:00;593.6359635771001;1000.0;;270.0;;;;
2022-12-03 00:00:00;565.2322308904606;1000.0;;270.0;;;;
2022-12-03 01:00:00;695.7683694536489;1000.0;;270.0;;;;
2022-12-03 02:00:00;539.2040022141655;1000.0;;270.0;;;;
2022-12-03 03:00:00;564.8735747082908;1000.0;;270.0;;;;
2022-12-03 04:00:00;655.5313148616584;1000.0;;270.0;;;;
2022-12-03 05:00:00;713.3518189653898;1000.0;;270.0;;;;
2022-12-03 06:00:00;400.6939738074054;1000.0;;270.0;;;;
2022-12-03 07:00:00;573.4444953931304;1000.0;;270.0;;;;
2022-12-03 08:00:00;571.66564611855;1000.0;;270.0;;;;
2022-12-03 09:00:00;451.4188176483173;1000.0;;270.0;;;;
2022-12-03 10:00:00;607.2933589007718;1000.0;;270.0;;;;
2022-12-03 11:00:00;604.0562560871364;1000.0;;270.0;;;;
2022-12-03 12:00:00;598.212110253014;1000.0;;270.0;;;;
2022-12-03 13:00:00;516.588995891648;1000.0;;270.0;;;;
2022-12-03 14:00:00;520.4186749280274;1000.0;;270.0;;;;
2022-12-03 15:00:00;469.9028750093041;1000.0;;270.0;;;;
2022-12-03 16:00:00;542.2091490176265;1000.0;;270.0;;;;
2022-12-03 17:00:00;572.5431652568343;1000.0;;270.0;;;;
2022-12-03 18:00:00;544.8180060478182;1000.0;;270.0;;;;
2022-12-03 19:00:00;520.8799343115963;1000.0;;270.0;;;;
2022-12-03 20:00:00;618.6039706887921;1000.0;;270.0;;;;
2022-12-03 21:00:00;595.4312840226271;1000.0;;270.0;;;;
2022-12-03 22:00:00;632.8845749823407;1000.0;;270.0;;;;
2022-12-03 23:00:00;443.7860985158057;1000.0;;270.0;;;;
2022-12-04 00:00:00;547.7211935138414;1000.0;;270.0;;;;
2022-12-04 01:00:00;660.2264703126119;1000.0;;270.0;;;;
2022-12-04 02:00:00;586.8994345419737;1000.0;;270.0;;;;
2022-12-04 03:00:00;558.6032649455829;1000.0;;270.0;;;;
2022-12-04 04:00:00;569.9763681837676;1000.0;;270.0;;;;
2022-12-04 05:00:00;597.3406425859056;1000.0;;270.0;;;;
2022-12-04 06:00:00;571.8325853890371;1000.0;;270.0;;;;
2022-12-04 07:00:00;546.2027076881975;1000.0;;270.0;;;;
2022-12-04 08:00:00;533.8969544365375;1000.0;;270.0;;;;
2022-12-04 09:00:00;585.7384626662329;1000.0;;270.0;;;;
2022-12-04 10:00:00;550.8106927194858;1000.0;;270.0;;;;
2022-12-04 11:00:00;519.3188018021299;1000.0;;270.0;;;;
2022-12-04 12:00:00;548.416668104906;1000.0;;270.0;;;;
2022-12-04 13:00:00;590.4693700249402;1000.0;;270.0;;;;
2022-12-04 14:00:00;600.6114769023849;1000.0;;270.0;;;;
2022-12-04 15:00:00;550.0675127422554;1000.0;;270.0;;;;
2022-12-04 16:00:00;575.9792456128879;1000.0;;270.0;;;;
2022-12-04 17:00:00;557.1157213938499;1000.0;;270.0;;;;
2022-12-04 18:00:00;505.704882774424;1000.0;;270.0;;;;
2022-12-04 19:00:00;632.3285315486228;1000.0;;270.0;;;;
2022-12-04 20:00:00;557.1077395278263;1000.0;;270.0;;;;
2022-12-04 21:00:00;564.1483983147529;1000.0;;270.0;;;;
2022-12-04 22:00:00;545.4405526017533;1000.0;;270.0;;;;
2022-12-04 23:00:00;540.9484332840467;1000.0;;270.0;;;;
2022-12-05 00:00:00;526.4488108567834;1000.0;;270.0;;;;
2022-12-05 01:00:00;506.6379953932106;1000.0;;270.0;;;;
2022-12-05 02:00:00;620.784205954324;1000.0;;270.0;;;;
2022-12-05 03:00:00;504.8318693305165;1000.0;;270.0;;;;
2022-12-05 04:00:00;562.6502087676604;1000.0;;270.0;;;;
2022-12-05 05:00:00;589.751929116252;1000.0;;270.0;;;;
2022-12-05 06:00:00;440.9351768764861;1000.0;;270.0;;;;
2022-12-05 07:00:00;549.4908925786756;1000.0;;270.0;;;;
2022-12-05 08:00:00;569.6283746050452;1000.0;;270.0;;;;
2022-12-05 09:00:00;446.6999201857651;1000.0;;270.0;;;;
2022-12-05 10:00:00;547.3543667020218;1000.0;;270.0;;;;
2022-12-05 11:00:00;602.7928217970228;1000.0;;270.0;;;;
2022-12-05 12:00:00;670.0522980452861;1000.0;;270.0;;;;
2022-12-05 13:00:00;512.4036081722464;1000.0;;270.0;;;;
2022-12-05 14:00:00;496.4982126797227;1000.0;;270.0;;;;
2022-12-05 15:00:00;530.9128802768261;1000.0;;270.0;;;;
2022-12-05 16:00:00;433.1832026177247;1000.0;;270.0;;;;
2022-12-05 17:00:00;600.5019242645001;1000.0;;270.0;;;;
2022-12-05 18:00:00;687.5779923999346;1000.0;;270.0;;;;
2022-12-05 19:00:00;698.6029897205708;1000.0;;270.0;;;;
2022-12-05 20:00:00;577.6152195462093;1000.0;;270.0;;;;
2022-12-05 21:00:00;605.5673818298916;1000.0;;270.0;;;;
2022-12-05 22:00:00;534.520652515148;1000.0;;270.0;;;;
2022-12-05 23:00:00;652.2644048353052;1000.0;;270.0;;;;
2022-12-06 00:00:00;491.1034943215174;1000.0;;270.0;;;;
2022-12-06 01:00:00;638.8713190875095;1000.0;;270.0;;;;
2022-12-06 02:00:00;590.211157949634;1000.0;;270.0;;;;
2022-12-06 03:00:00;525.2926751695416;1000.0;;270.0;;;;
2022-12-06 04:00:00;584.3172914129372;1000.0;;270.0;;;;
2022-12-06 05:00:00;562.3965984354472;1000.0;;270.0;;;;
2022-12-06 06:00:00;634.1115542327616;1000.0;;270.0;;;;
2022-12-06 07:00:00;602.938291308588;1000.0;;270.0;;;;
2022-12-06 08:00:00;631.044854957922;1000.0;;270.0;;;;
2022-12-06 09:00:00;538.326349832883;1000.0;;270.0;;;;
2022-12-06 10:00:00;440.451938398542;1000.0;;270.0;;;;
2022-12-06 11:00:00;638.6279329099893;1000.0;;270.0;;;;
2022-12-06 12:00:00;593.8528418076774;1000.0;;270.0;;;;
2022-12-06 13:00:00;602.7312970852624;1000.0;;270.0;;;;
2022-12-06 14:00:00;599.804415315076;1000.0;;270.0;;;;
2022-12-06 15:00:00;502.5513033257972;1000.0;;270.0;;;;
2022-12-06 16:00:00;622.6224744185664;1000.0;;270.0;;;;
2022-12-06 17:00:00;425.3965942357601;1000.0;;270.0;;;;
2022-12-06 18:00:00;586.1275033403643;1000.0;;270.0;;;;
2022-12-06 19:00:00;601.8058191691005;1000.0;;270.0;;;;
2022-12-06 20:00:00;612.3531248707309;1000.0;;270.0;;;;
2022-12-06 21:00:00;611.502340590116;1000.0;;270.0;;;;
2022-12-06 22:00:00;606.0014742160845;1000.0;;270.0;;;;
2022-12-06 23:00:00;676.2860492823113;1000.0;;270.0;;;;
2022-12-07 00:00:00;577.6060376153965;1000.0;;270.0;;;;
2022-12-07 01:00:00;560.6174108264116;1000.0;;270.0;;;;
2022-12-07 02:00:00;639.6057440726897;1000.0;;270.0;;;;
2022-12-07 03:00:00;584.5613329679878;1000.0;;270.0;;;;
2022-12-07 04:00:00;657.7792453053875;1000.0;;270.0;;;;
2022-12-07 05:00:00;614.6213803702112;1000.0;;270.0;;;;
2022-12-07 06:00:00;596.8681391429014;1000.0;;270.0;;;;
2022-12-07 07:00:00;552.6876820462059;1000.0;;270.0;;;;
2022-12-07 08:00:00;568.6059814806515;1000.0;;270.0;;;;
2022-12-07 09:00:00;626.7548008991972;1000.0;;270.0;;;;
2022-12-07 10:00:00;533.9629695057525;1000.0;;270.0;;;;
2022-12-07 11:00:00;602.2411360320032;1000.0;;270.0;;;;
2022-12-07 12:00:00;528.9303778240154;1000.0;;270.0;;;;
2022-12-07 13:00:00;515.9494395722627;1000.0;;270.0;;;;
2022-12-07 14:00:00;566.0118404729079;1000.0;;270.0;;;;
2022-12-07 15:00:00;517.7835736879978;1000.0;;270.0;;;;
2022-12-07 16:00:00;638.4213360429528;1000.0;;270.0;;;;
2022-12-07 17:00:00;584.1692132395383;1000.0;;270.0;;;;
2022-12-07 18:00:00;481.9769300036018;1000.0;;270.0;;;;
2022-12-07 19:00:00;562.0129728801447;1000.0;;270.0;;;;
2022-12-07 20:00:00;555.3257847229328;1000.0;;270.0;;;;
2022-12-07 21:00:00;534.3892450711852;1000.0;;270.0;;;;
2022-12-07 22:00:00;541.0438254473868;1000.0;;270.0;;;;
2022-12-07 23:00:00;491.331367064348;1000.0;;270.0;;;;
2022-12-08 00:00:00;554.9721750713203;1000.0;;270.0;;;;
2022-12-08 01:00:00;520.1024266548997;1000.0;;270.0;;;;
2022-12-08 02:00:00;626.5905941360506;1000.0;;270.0;;;;
2022-12-08 03:00:00;544.802370351404;1000.0;;270.0;;;;
2022-12-08 04:00:00;558.5415216498504;1000.0;;270.0;;;;
2022-12-08 05:00:00;576.7504094424161;1000.0;;270.0;;;;
2022-12-08 06:00:00;466.234617861741;1000.0;;270.0;;;;
2022-12-08 07:00:00;621.2291176142879;1000.0;;270.0;;;;
2022-12-08 08:00:00;529.9995430644213;1000.0;;270.0;;;;
2022-12-08 09:00:00;485.2389233442516;1000.0;;270.0;;;;
2022-12-08 10:00:00;630.0129270891865;1000.0;;270.0;;;;
2022-12-08 11:00:00;510.4763532174411;1000.0;;270.0;;;;
2022-12-08 12:00:00;547.5632698764034;1000.0;;270.0;;;;
2022-12-08 13:00:00;638.192143095173;1000.0;;270.0;;;;
2022-12-08 14:00:00;557.6463494087476;1000.0;;270.0;;;;
2022-12-08 15:00:00;582.441055116099;1000.0;;270.0;;;;
2022-12-08 16:00:00;596.5673386047245;1000.0;;270.0;;;;
2022-12-08 17:00:00;486.4883232104001;1000.0;;270.0;;;;
2022-12-08 18:00:00;480.7080682760281;1000.0;;270.0;;;;
2022-12-08 19:00:00;482.8079645990786;1000.0;;270.0;;;;
2022-12-08 20:00:00;607.2149575343776;1000.0;;270.0;;;;
2022-12-08 21:00:00;522.7252685593169;1000.0;;270.0;;;;
2022-12-08 22:00:00;592.5122540503517;1000.0;;270.0;;;;
2022-12-08 23:00:00;569.9803882051234;1000.0;;270.0;;;;
2022-12-09 00:00:00;614.4593209133483;1000.0;;270.0;;;;
2022-12-09 01:00:00;484.914878724668;1000.0;;270.0;;;;
2022-12-09 02:00:00;621.9387675656726;1000.0;;270.0;;;;
2022-12-09 03:00:00;647.4076679985837;1000.0;;270.0;;;;
2022-12-09 04:00:00;607.1620768574114;1000.0;;270.0;;;;
2022-12-09 05:00:00;650.005665055476;1000.0;;270.0;;;;
2022-12-09 06:00:00;625.0952055606283;1000.0;;270.0;;;;
2022-12-09 07:00:00;570.0658091194941;1000.0;;270.0;;;;
2022-12-09 08:00:00;530.4625472074016;1000.0;;270.0;;;;
2022-12-09 09:00:00;618.3123537768189;1000.0;;270.0;;;;
2022-12-09 10:00:00;578.2553555266965;1000.0;;270.0;;;;
2022-12-09 11:00:00;487.925500861519;1000.0;;270.0;;;;
2022-12-09 12:00:00;580.1299303881631;1000.0;;270.0;;;;
2022-12-09 13:00:00;571.8595277926149;1000.0;;270.0;;;;
2022-12-09 14:00:00;507.9688518056783;1000.0;;270.0;;;;
2022-12-09 15:00:00;570.951717106449;1000.0;;270.0;;;;
2022-12-09 16:00:00;557.490176942691;1000.0;;270.0;;;;
2022-12-09 17:00:00;620.3725768281134;1000.0;;270.0;;;;
2022-12-09 18:00:00;603.1147333731645;1000.0;;270.0;;;;
2022-12-09 19:00:00;636.6998400233402;1000.0;;270.0;;;;
2022-12-09 20:00:00;436.968532584222;1000.0;;270.0;;;;
2022-12-09 21:00:00;552.7835278460483;1000.0;;270.0;;;;
2022-12-09 22:00:00;512.4101287639356;1000.0;;270.0;;;;
2022-12-09 23:00:00;542.6285848409891;1000.0;;270.0;;;;
2022-12-10 00:00:00;540.2699924791087;1000.0;;270.0;;;;
2022-12-10 01:00:00;560.0489031399571;1000.0;;270.0;;;;
2022-12-10 02:00:00;613.7721656989875;1000.0;;270.0;;;;
2022-12-10 03:00:00;607.7793531828703;1000.0;;270.0;;;;
2022-12-10 04:00:00;569.6225061249687;1000.0;;270.0;;;;
2022-12-10 05:00:00;586.9442394349863;1000.0;;270.0;;;;
2022-12-10 06:00:00;499.4335616980707;1000.0;;270.0;;;;
2022-12-10 07:00:00;606.2533089210276;1000.0;;270.0;;;;
2022-12-10 08:00:00;581.7521794395143;1000.0;;270.0;;;;
2022-12-10 09:00:00;495.044070969601;1000.0;;270.0;;;;
2022-12-10 10:00:00;523.466097220277;1000.0;;270.0;;;;
2022-12-10 11:00:00;584.4106555796862;1000.0;;270.0;;;;
2022-12-10 12:00:00;621.8415550518046;1000.0;;270.0;;;;
2022-12-10 13:00:00;545.6946378888699;1000.0;;270.0;;;;
2022-12-10 14:00:00;487.4816670961371;1000.0;;270.0;;;;
2022-12-10 15:00:00;547.0072785906958;1000.0;;270.0;;;;
2022-12-10 16:00:00;638.2366137184245;1000.0;;270.0;;;;
2022-12-10 17:00:00;596.1208649038439;1000.0;;270.0;;;;
2022-12-10 18:00:00;649.6907555113901;1000.0;;270.0;;;;
2022-12-10 19:00:00;647.0249844876801;1000.0;;270.0;;;;
2022-12-10 20:00:00;588.2153882724581;1000.0;;270.0;;;;
2022-12-10 21:00:00;642.737905044128;1000.0;;270.0;;;;
2022-12-10 22:00:00;565.7083745237605;1000.0;;270.0;;;;
2022-12-10 23:00:00;621.125460678958;1000.0;;270.0;;;;
2022-12-11 00:00:00;579.1934420187101;1000.0;;270.0;;;;
2022-12-11 01:00:00;603.0953630361435;1000.0;;270.0;;;;
2022-12-11 02:00:00;554.9045461572714;1000.0;;270.0;;;;
2022-12-11 03:00:00;413.463920097958;1000.0;;270.0;;;;
2022-12-11 04:00:00;598.6452428721765;1000.0;;270.0;;;;
2022-12-11 05:00:00;481.1315638015595;1000.0;;270.0;;;;
2022-12-11 06:00:00;557.694968004452;1000.0;;270.0;;;;
2022-12-11 07:00:00;578.8008661014956;1000.0;;270.0;;;;
2022-12-11 08:00:00;607.4661794205218;1000.0;;270.0;;;;
2022-12-11 09:00:00;535.9514579597385;1000.0;;270.0;;;;
2022-12-11 10:00:00;568.475372712359;1000.0;;270.0;;;;
2022-12-11 11:00:00;560.0997161932121;1000.0;;270.0;;;;
2022-12-11 12:00:00;539.3525451801912;1000.0;;270.0;;;;
2022-12-11 13:00:00;551.8579669642935;1000.0;;270.0;;;;
2022-12-11 14:00:00;676.2295666700921;1000.0;;270.0;;;;
2022-12-11 15:00:00;633.197443447865;1000.0;;270.0;;;;
2022-12-11 16:00:00;580.3451293748585;1000.0;;270.0;;;;
2022-12-11 17:00:00;520.689747981499;1000.0;;270.0;;;;
2022-12-11 18:00:00;445.2966977898092;1000.0;;270.0;;;;
2022-12-11 19:00:00;569.0532351220788;1000.0;;270.0;;;;
2022-12-11 20:00:00;456.6632680653842;1000.0;;270.0;;;;
2022-12-11 21:00:00;551.588779515912;1000.0;;270.0;;;;
2022-12-11 22:00:00;577.9669929302829;1000.0;;270.0;;;;
2022-12-11 23:00:00;553.2251433895044;1000.0;;270.0;;;;
2022-12-12 00:00:00;537.9315104488563;1000.0;;270.0;;;;
2022-12-12 01:00:00;511.8491229933246;1000.0;;270.0;;;;
2022-12-12 02:00:00;521.255128811986;1000.0;;270.0;;;;
2022-12-12 03:00:00;556.1638403507969;1000.0;;270.0;;;;
2022-12-12 04:00:00;602.6083759342563;1000.0;;270.0;;;;
2022-12-12 05:00:00;618.8599630286062;1000.0;;270.0;;;;
2022-12-12 06:00:00;572.6826660919943;1000.0;;270.0;;;;
2022-12-12 07:00:00;465.8425069751754;1000.0;;270.0;;;;
2022-12-12 08:00:00;669.7452585235305;1000.0;;270.0;;;;
2022-12-12 09:00:00;661.0887748017724;1000.0;;270.0;;;;
2022-12-12 10:00:00;425.9087673700886;1000.0;;270.0;;;;
2022-12-12 11:00:00;496.9088050061143;1000.0;;270.0;;;;
2022-12-12 12:00:00;509.4829243807608;1000.0;;270.0;;;;
2022-12-12 13:00:00;474.605094639126;1000.0;;270.0;;;;
2022-12-12 14:00:00;587.887922741023;1000.0;;270.0;;;;
2022-12-12 15:00:00;614.2516511832854;1000.0;;270.0;;;;
2022-12-12 16:00:00;501.5184046872515;1000.0;;270.0;;;;
2022-12-12 17:00:00;629.96853529878;1000.0;;270.0;;;;
2022-12-12 18:00:00;703.1774362161398;1000.0;;270.0;;;;
2022-12-12 19:00:00;518.677640789022;1000.0;;270.0;;;;
2022-12-12 20:00:00;690.3825286465923;1000.0;;270.0;;;;
2022-12-12 21:00:00;591.0207865233028;1000.0;;270.0;;;;
2022-12-12 22:00:00;603.2978271500325;1000.0;;270.0;;;;
2022-12-12 23:00:00;520.1782962208325;1000.0;;270.0;;;;
2022-12-13 00:00:00;564.0919466174137;1000.0;;270.0;;;;
2022-12-13 01:00:00;587.0007312362288;1000.0;;270.0;;;;
2022-12-13 02:00:00;641.7946556532904;1000.0;;270.0;;;;
2022-12-13 03:00:00;592.1250139529006;1000.0;;270.0;;;;
2022-12-13 04:00:00;556.217632820052;1000.0;;270.0;;;;
2022-12-13 05:00:00;570.8190185343609;1000.0;;270.0;;;;
2022-12-13 06:00:00;495.0144376439052;1000.0;;270.0;;;;
2022-12-13 07:00:00;632.6742537735729;1000.0;;270.0;;;;
2022-12-13 08:00:00;523.1672501826484;1000.0;;270.0;;;;
2022-12-13 09:00:00;553.4458398859115;1000.0;;270.0;;;;
2022-12-13 10:00:00;569.9700955833124;1000.0;;270.0;;;;
2022-12-13 11:00:00;547.996613046682;1000.0;;270.0;;;;
2022-12-13 12:00:00;613.6591791807297;1000.0;;270.0;;;;
2022-12-13 13:00:00;542.0004498953458;1000.0;;270.0;;;;
2022-12-13 14:00:00;560.0385320425345;1000.0;;270.0;;;;
2022-12-13 15:00:00;488.7369968266796;1000.0;;270.0;;;;
2022-12-13 16:00:00;487.3307701383848;1000.0;;270.0;;;;
2022-12-13 17:00:00;479.5916618399794;1000.0;;270.0;;;;
2022-12-13 18:00:00;492.1418693418136;1000.0;;270.0;;;;
2022-12-13 19:00:00;606.8996966397626;1000.0;;270.0;;;;
2022-12-13 20:00:00;496.3260722172505;1000.0;;270.0;;;;
2022-12-13 21:00:00;651.7076287160291;1000.0;;270.0;;;;
2022-12-13 22:00:00;688.7515433762215;1000.0;;270.0;;;;
2022-12-13 23:00:00;475.4427206136607;1000.0;;270.0;;;;
2022-12-14 00:00:00;554.927899515522;1000.0;;270.0;;;;
2022-12-14 01:00:00;518.808532776291;1000.0;;270.0;;;;
2022-12-14 02:00:00;669.7566112057882;1000.0;;270.0;;;;
2022-12-14 03:00:00;590.4087024607986;1000.0;;270.0;;;;
2022-12-14 04:00:00;487.9004439583833;1000.0;;270.0;;;;
2022-12-14 05:00:00;581.6096050230459;1000.0;;270.0;;;;
2022-12-14 06:00:00;579.0534304024856;1000.0;;270.0;;;;
2022-12-14 07:00:00;535.1830224319319;1000.0;;270.0;;;;
2022-12-14 08:00:00;572.7277026723948;1000.0;;270.0;;;;
2022-12-14 09:00:00;406.7281129540664;1000.0;;270.0;;;;
2022-12-14 10:00:00;570.9670859930928;1000.0;;270.0;;;;
2022-12-14 11:00:00;519.6811271783745;1000.0;;270.0;;;;
2022-12-14 12:00:00;517.704989090831;1000.0;;270.0;;;;
2022-12-14 13:00:00;581.0825516408026;1000.0;;270.0;;;;
2022-12-14 14:00:00;538.9248567703856;1000.0;;270.0;;;;
2022-12-14 15:00:00;574.4202177163552;1000.0;;270.0;;;;
2022-12-14 16:00:00;522.4565463959528;1000.0;;270.0;;;;
2022-12-14 17:00:00;447.4922661804247;1000.0;;270.0;;;;
2022-12-14 18:00:00;562.0050106812391;1000.0;;270.0;;;;
2022-12-14 19:00:00;461.9211328456059;1000.0;;270.0;;;;
2022-12-14 20:00:00;461.7425360493619;1000.0;;270.0;;;;
2022-12-14 21:00:00;585.2013222337675;1000.0;;270.0;;;;
2022-12-14 22:00:00;721.9993211324932;1000.0;;270.0;;;;
2022-12-14 23:00:00;449.1160387359714;1000.0;;270.0;;;;
2022-12-15 00:00:00;614.7160060337621;1000.0;;270.0;;;;
2022-12-15 01:00:00;664.6024971301744;1000.0;;270.0;;;;
2022-12-15 02:00:00;598.9065922743151;1000.0;;270.0;;;;
2022-12-15 03:00:00;545.786385006968;1000.0;;270.0;;;;
2022-12-15 04:00:00;566.3923583636619;1000.0;;270.0;;;;
2022-12-15 05:00:00;564.8876342728976;1000.0;;270.0;;;;
2022-12-15 06:00:00;593.5392803092425;1000.0;;270.0;;;;
2022-12-15 07:00:00;537.0179218910189;1000.0;;270.0;;;;
2022-12-15 08:00:00;495.3737534870604;1000.0;;270.0;;;;
2022-12-15 09:00:00;598.8645861030025;1000.0;;270.0;;;;
2022-12-15 10:00:00;624.8901815920497;1000.0;;270.0;;;;
2022-12-15 11:00:00;616.6040122408298;1000.0;;270.0;;;;
2022-12-15 12:00:00;579.4692282499432;1000.0;;270.0;;;;
2022-12-15 13:00:00;467.3723454040418;1000.0;;270.0;;;;
2022-12-15 14:00:00;574.5275485270872;1000.0;;270.0;;;;
2022-12-15 15:00:00;645.4276024715705;1000.0;;270.0;;;;
2022-12-15 16:00:00;616.5550222468203;1000.0;;270.0;;;;
2022-12-15 17:00:00;567.493325040774;1000.0;;270.0;;;;
2022-12-15 18:00:00;607.9708380816176;1000.0;;270.0;;;;
2022-12-15 19:00:00;554.4011944375081;1000.0;;270.0;;;;
2022-12-15 20:00:00;477.4530613838609;1000.0;;270.0;;;;
2022-12-15 21:00:00;628.6071053067667;1000.0;;270.0;;;;
2022-12-15 22:00:00;681.6774479848397;1000.0;;270.0;;;;
2022-12-15 23:00:00;601.1390198817871;1000.0;;270.0;;;;
2022-12-16 00:00:00;613.9903895510498;1000.0;;270.0;;;;
2022-12-16 01:00:00;606.4097968128741;1000.0;;270.0;;;;
2022-12-16 02:00:00;536.9734755940268;1000.0;;270.0;;;;
2022-12-16 03:00:00;643.6700143194743;1000.0;;270.0;;;;
2022-12-16 04:00:00;568.0398097577403;1000.0;;270.0;;;;
2022-12-16 05:00:00;530.7219987190193;1000.0;;270.0;;;;
2022-12-16 06:00:00;497.4192878440677;1000.0;;270.0;;;;
2022-12-16 07:00:00;594.5568035400595;1000.0;;270.0;;;;
2022-12-16 08:00:00;485.3008407981407;1000.0;;270.0;;;;
2022-12-16 09:00:00;522.9922027907132;1000.0;;270.0;;;;
2022-12-16 10:00:00;578.9518506602046;1000.0;;270.0;;;;
2022-12-16 11:00:00;563.998379939126;1000.0;;270.0;;;;
2022-12-16 12:00:00;508.2704459604248;1000.0;;270.0;;;;
2022-12-16 13:00:00;474.5610567323263;1000.0;;270.0;;;;
2022-12-16 14:00:00;652.3003790396115;1000.0;;270.0;;;;
2022-12-16 15:00:00;570.4944870128883;1000.0;;270.0;;;;
2022-12-16 16:00:00;544.8005651311305;1000.0;;270.0;;;;
2022-12-16 17:00:00;498.3292164216529;1000.0;;270.0;;;;
2022-12-16 18:00:00;575.9114349564927;1000.0;;270.0;;;;
2022-12-16 19:00:00;556.6659351268479;1000.0;;270.0;;;;
2022-12-16 20:00:00;609.0363447545944;1000.0;;270.0;;;;
2022-12-16 21:00:00;556.4381603835837;1000.0;;270.0;;;;
2022-12-16 22:00:00;598.1094454243096;1000.0;;270.0;;;;
2022-12-16 23:00:00;743.5571039027881;1000.0;;270.0;;;;
2022-12-17 00:00:00;591.8265261319077;1000.0;;270.0;;;;
2022-12-17 01:00:00;471.3194277204546;1000.0;;270.0;;;;
2022-12-17 02:00:00;532.1342398010745;1000.0;;270.0;;;;
2022-12-17 03:00:00;541.18039957064;1000.0;;270.0;;;;
2022-12-17 04:00:00;520.5264102305066;1000.0;;270.0;;;;
2022-12-17 05:00:00;532.5775817969237;1000.0;;270.0;;;;
2022-12-17 06:00:00;563.0799859194667;1000.0;;270.0;;;;
2022-12-17 07:00:00;566.1485007652084;1000.0;;270.0;;;;
2022-12-17 08:00:00;630.4331470480302;1000.0;;270.0;;;;
2022-12-17 09:00:00;577.3572306897858;1000.0;;270.0;;;;
2022-12-17 10:00:00;439.1253478839863;1000.0;;270.0;;;;
2022-12-17 11:00:00;644.6313761486768;1000.0;;270.0;;;;
2022-12-17 12:00:00;518.4740564261374;1000.0;;270.0;;;;
2022-12-17 13:00:00;544.5605541973031;1000.0;;270.0;;;;
2022-12-17 14:00:00;582.8980976344168;1000.0;;270.0;;;;
2022-12-17 15:00:00;544.6437900863989;1000.0;;270.0;;;;
2022-12-17 16:00:00;502.768285027993;1000.0;;270.0;;;;
2022-12-17 17:00:00;617.1649014255845;1000.0;;270.0;;;;
2022-12-17 18:00:00;563.2124825883311;1000.0;;270.0;;;;
2022-12-17 19:00:00;624.7691881357927;1000.0;;270.0;;;;
2022-12-17 20:00:00;513.864010080302;1000.0;;270.0;;;;
2022-12-17 21:00:00;567.3708955194745;1000.0;;270.0;;;;
2022-12-17 22:00:00;578.5456305318833;1000.0;;270.0;;;;
2022-12-17 23:00:00;572.0504224339629;1000.0;;270.0;;;;
2022-12-18 00:00:00;560.575560391906;1000.0;;270.0;;;;
2022-12-18 01:00:00;514.1608794953752;1000.0;;270.0;;;;
2022-12-18 02:00:00;580.7905265632686;1000.0;;270.0;;;;
2022-12-18 03:00:00;684.0515127590762;1000.0;;270.0;;;;
2022-12-18 04:00:00;583.807912309925;1000.0;;270.0;;;;
2022-12-18 05:00:00;579.6977426582813;1000.0;;270.0;;;;
2022-12-18 06:00:00;543.6591446963621;1000.0;;270.0;;;;
2022-12-18 07:00:00;661.5690264999122;1000.0;;270.0;;;;
2022-12-18 08:00:00;565.5299629252628;1000.0;;270.0;;;;
2022-12-18 09:00:00;476.0218609676197;1000.0;;270.0;;;;
2022-12-18 10:00:00;626.8454585847232;1000.0;;270.0;;;;
2022-12-18 11:00:00;626.3625027322539;1000.0;;270.0;;;;
2022-12-18 12:00:00;564.597938663573;1000.0;;270.0;;;;
2022-12-18 13:00:00;640.8296485099552;1000.0;;270.0;;;;
2022-12-18 14:00:00;584.6187266546578;1000.0;;270.0;;;;
2022-12-18 15:00:00;637.2858744421609;1000.0;;270.0;;;;
2022-12-18 16:00:00;555.6857928400722;1000.0;;270.0;;;;
2022-12-18 17:00:00;603.1843893222386;1000.0;;270.0;;;;
2022-12-18 18:00:00;612.3318189902864;1000.0;;270.0;;;;
2022-12-18 19:00:00;618.6382945958761;1000.0;;270.0;;;;
2022-12-18 20:00:00;594.7320557570114;1000.0;;270.0;;;;
2022-12-18 21:00:00;538.6562618722177;1000.0;;270.0;;;;
2022-12-18 22:00:00;546.6656581454399;1000.0;;270.0;;;;
2022-12-18 23:00:00;440.9891846473069;1000.0;;270.0;;;;
2022-12-19 00:00:00;551.2513533766537;1000.0;;270.0;;;;
2022-12-19 01:00:00;467.3747378512332;1000.0;;270.0;;;;
2022-12-19 02:00:00;556.261577989482;1000.0;;270.0;;;;
2022-12-19 03:00:00;534.3208815443539;1000.0;;270.0;;;;
2022-12-19 04:00:00;602.6199383587727;1000.0;;270.0;;;;
2022-12-19 05:00:00;526.4546084435148;1000.0;;270.0;;;;
2022-12-19 06:00:00;570.0123031946491;1000.0;;270.0;;;;
2022-12-19 07:00:00;481.4763833479694;1000.0;;270.0;;;;
2022-12-19 08:00:00;529.752364808792;1000.0;;270.0;;;;
2022-12-19 09:00:00;608.5957180967719;1000.0;;270.0;;;;
2022-12-19 10:00:00;512.6380049740438;1000.0;;270.0;;;;
2022-12-19 11:00:00;554.5012849156633;1000.0;;270.0;;;;
2022-12-19 12:00:00;658.1121980586672;1000.0;;270.0;;;;
2022-12-19 13:00:00;664.9757238134401;1000.0;;270.0;;;;
2022-12-19 14:00:00;419.2791557236003;1000.0;;270.0;;;;
2022-12-19 15:00:00;612.8797248364906;1000.0;;270.0;;;;
2022-12-19 16:00:00;550.0807526363997;1000.0;;270.0;;;;
2022-12-19 17:00:00;556.0043164526421;1000.0;;270.0;;;;
2022-12-19 18:00:00;552.5489095057575;1000.0;;270.0;;;;
2022-12-19 19:00:00;561.2268723293953;1000.0;;270.0;;;;
2022-12-19 20:00:00;513.093571639653;1000.0;;270.0;;;;
2022-12-19 21:00:00;576.4840505057919;1000.0;;270.0;;;;
2022-12-19 22:00:00;587.1927711872935;1000.0;;270.0;;;;
2022-12-19 23:00:00;570.1005025552184;1000.0;;270.0;;;;
2022-12-20 00:00:00;541.8173794566212;1000.0;;270.0;;;;
2022-12-20 01:00:00;559.8427555787622;1000.0;;270.0;;;;
2022-12-20 02:00:00;548.478109244738;1000.0;;270.0;;;;
2022-12-20 03:00:00;594.4981803572915;1000.0;;270.0;;;;
2022-12-20 04:00:00;511.1895019246358;1000.0;;270.0;;;;
2022-12-20 05:00:00;620.063702135549;1000.0;;270.0;;;;
2022-12-20 06:00:00;547.4268121754898;1000.0;;270.0;;;;
2022-12-20 07:00:00;535.4696217299517;1000.0;;270.0;;;;
2022-12-20 08:00:00;605.2233606281885;1000.0;;270.0;;;;
2022-12-20 09:00:00;576.6495218178635;1000.0;;270.0;;;;
2022-12-20 10:00:00;621.202355135579;1000.0;;270.0;;;;
2022-12-20 11:00:00;484.0382900200407;1000.0;;270.0;;;;
2022-12-20 12:00:00;539.3649257457128;1000.0;;270.0;;;;
2022-12-20 13:00:00;583.9905672191665;1000.0;;270.0;;;;
2022-12-20 14:00:00;404.1894747777829;1000.0;;270.0;;;;
2022-12-20 15:00:00;590.1968264506535;1000.0;;270.0;;;;
2022-12-20 16:00:00;548.8996138149113;1000.0;;270.0;;;;
2022-12-20 17:00:00;529.4987669127299;1000.0;;270.0;;;;
2022-12-20 18:00:00;623.9508313556478;1000.0;;270.0;;;;
2022-12-20 19:00:00;517.2899088454475;1000.0;;270.0;;;;
2022-12-20 20:00:00;593.8532288662797;1000.0;;270.0;;;;
2022-12-20 21:00:00;613.0941320792272;1000.0;;270.0;;;;
2022-12-20 22:00:00;612.817253723586;1000.0;;270.0;;;;
2022-12-20 23:00:00;525.7401149870855;1000.0;;270.0;;;;
2022-12-21 00:00:00;584.617602027631;1000.0;;270.0;;;;
2022-12-21 01:00:00;666.31993040611;1000.0;;270.0;;;;
2022-12-21 02:00:00;636.9693718374454;1000.0;;270.0;;;;
2022-12-21 03:00:00;578.6001728917129;1000.0;;270.0;;;;
2022-12-21 04:00:00;498.6776213509324;1000.0;;270.0;;;;
2022-12-21 05:00:00;582.461550957837;1000.0;;270.0;;;;
2022-12-21 06:00:00;554.0303682933376;1000.0;;270.0;;;;
2022-12-21 07:00:00;614.9421143449355;1000.0;;270.0;;;;
2022-12-21 08:00:00;514.2121546030247;1000.0;;270.0;;;;
2022-12-21 09:00:00;621.2509682573402;1000.0;;270.0;;;;
2022-12-21 10:00:00;552.6809896101705;1000.0;;270.0;;;;
2022-12-21 11:00:00;524.7369623848527;1000.0;;270.0;;;;
2022-12-21 12:00:00;586.6246642470707;1000.0;;270.0;;;;
2022-12-21 13:00:00;621.3877843565172;1000.0;;270.0;;;;
2022-12-21 14:00:00;485.1143394490348;1000.0;;270.0;;;;
2022-12-21 15:00:00;611.2606124416756;1000.0;;270.0;;;;
2022-12-21 16:00:00;583.1120705181156;1000.0;;270.0;;;;
2022-12-21 17:00:00;551.6358185311017;1000.0;;270.0;;;;
2022-12-21 18:00:00;551.456974414649;1000.0;;270.0;;;;
2022-12-21 19:00:00;622.9107106486448;1000.0;;270.0;;;;
2022-12-21 20:00:00;613.5520816628124;1000.0;;270.0;;;;
2022-12-21 21:00:00;660.5179511062935;1000.0;;270.0;;;;
2022-12-21 22:00:00;615.1048212703422;1000.0;;270.0;;;;
2022-12-21 23:00:00;564.2198713511185;1000.0;;270.0;;;;
2022-12-22 00:00:00;666.9056919255776;1000.0;;270.0;;;;
2022-12-22 01:00:00;676.281100894446;1000.0;;270.0;;;;
2022-12-22 02:00:00;644.2472379806808;1000.0;;270.0;;;;
2022-12-22 03:00:00;488.0717514534574;1000.0;;270.0;;;;
2022-12-22 04:00:00;578.3383519728;1000.0;;270.0;;;;
2022-12-22 05:00:00;637.0508799131499;1000.0;;270.0;;;;
2022-12-22 06:00:00;447.3805157136102;1000.0;;270.0;;;;
2022-12-22 07:00:00;574.7684401669185;1000.0;;270.0;;;;
2022-12-22 08:00:00;486.6779501869681;1000.0;;270.0;;;;
2022-12-22 09:00:00;563.5382491357844;1000.0;;270.0;;;;
2022-12-22 10:00:00;539.80074361879;1000.0;;270.0;;;;
2022-12-22 11:00:00;541.6817824922643;1000.0;;270.0;;;;
2022-12-22 12:00:00;582.145906902199;1000.0;;270.0;;;;
2022-12-22 13:00:00;553.3512889061386;1000.0;;270.0;;;;
2022-12-22 14:00:00;533.0860544044654;1000.0;;270.0;;;;
2022-12-22 15:00:00;475.6026189591522;1000.0;;270.0;;;;
2022-12-22 16:00:00;504.6678476859637;1000.0;;270.0;;;;
2022-12-22 17:00:00;543.6448611287335;1000.0;;270.0;;;;
2022-12-22 18:00:00;489.1472296194511;1000.0;;270.0;;;;
2022-12-22 19:00:00;585.7740378048323;1000.0;;270.0;;;;
2022-12-22 20:00:00;655.163973077329;1000.0;;270.0;;;;
2022-12-22 21:00:00;602.1317054909761;1000.0;;270.0;;;;
2022-12-22 22:00:00;662.1444427261821;1000.0;;270.0;;;;
2022-12-22 23:00:00;660.1328758331448;1000.0;;270.0;;;;
2022-12-23 00:00:00;594.6045269149254;1000.0;;270.0;;;;
2022-12-23 01:00:00;524.1920335136858;1000.0;;270.0;;;;
2022-12-23 02:00:00;534.0352422437733;1000.0;;270.0;;;;
2022-12-23 03:00:00;672.0429563039512;1000.0;;270.0;;;;
2022-12-23 04:00:00;602.2125901469991;1000.0;;270.0;;;;
2022-12-23 05:00:00;638.3126311401311;1000.0;;270.0;;;;
2022-12-23 06:00:00;562.2734855881474;1000.0;;270.0;;;;
2022-12-23 07:00:00;478.5846989252996;1000.0;;270.0;;;;
2022-12-23 08:00:00;553.9208178380818;1000.0;;270.0;;;;
2022-12-23 09:00:00;511.31278709121;1000.0;;270.0;;;;
2022-12-23 10:00:00;577.4443726403141;1000.0;;270.0;;;;
2022-12-23 11:00:00;519.2207516695483;1000.0;;270.0;;;;
2022-12-23 12:00:00;534.0480869267899;1000.0;;270.0;;;;
2022-12-23 13:00:00;499.94203454849;1000.0;;270.0;;;;
2022-12-23 14:00:00;481.3010554583292;1000.0;;270.0;;;;
2022-12-23 15:00:00;538.9270082426123;1000.0;;270.0;;;;
2022-12-23 16:00:00;533.4665400818651;1000.0;;270.0;;;;
2022-12-23 17:00:00;704.5663329250619;1000.0;;270.0;;;;
2022-12-23 18:00:00;633.8836651152776;1000.0;;270.0;;;;
2022-12-23 19:00:00;611.4159217972838;1000.0;;270.0;;;;
2022-12-23 20:00:00;528.8596866447322;1000.0;;270.0;;;;
2022-12-23 21:00:00;533.0664811178324;1000.0;;270.0;;;;
2022-12-23 22:00:00;554.24734169471;1000.0;;270.0;;;;
2022-12-23 23:00:00;620.1145113777994;1000.0;;270.0;;;;
2022-12-24 00:00:00;584.7126458558465;1000.0;;270.0;;;;
2022-12-24 01:00:00;559.9392867747483;1000.0;;270.0;;;;
2022-12-24 02:00:00;547.8084740403433;1000.0;;270.0;;;;
2022-12-24 03:00:00;595.122366611952;1000.0;;270.0;;;;
2022-12-24 04:00:00;461.6972929006404;1000.0;;270.0;;;;
2022-12-24 05:00:00;640.875368039522;1000.0;;270.0;;;;
2022-12-24 06:00:00;658.9965368205867;1000.0;;270.0;;;;
2022-12-24 07:00:00;651.8512430704982;1000.0;;270.0;;;;
2022-12-24 08:00:00;509.1058324953077;1000.0;;270.0;;;;
2022-12-24 09:00:00;529.5601723385721;1000.0;;270.0;;;;
2022-12-24 10:00:00;521.9247522989853;1000.0;;270.0;;;;
2022-12-24 11:00:00;495.3296269629453;1000.0;;270.0;;;;
2022-12-24 12:00:00;534.5209794957987;1000.0;;270.0;;;;
2022-12-24 13:00:00;484.9910217646626;1000.0;;270.0;;;;
2022-12-24 14:00:00;560.5733443773764;1000.0;;270.0;;;;
2022-12-24 15:00:00;591.6803371765263;1000.0;;270.0;;;;
2022-12-24 16:00:00;583.1907828390933;1000.0;;270.0;;;;
2022-12-24 17:00:00;587.8197443012208;1000.0;;270.0;;;;
2022-12-24 18:00:00;486.9971913678311;1000.0;;270.0;;;;
2022-12-24 19:00:00;455.7822399916841;1000.0;;270.0;;;;
2022-12-24 20:00:00;502.7601541571811;1000.0;;270.0;;;;
2022-12-24 21:00:00;539.0920118844139;1000.0;;270.0;;;;
2022-12-24 22:00:00;570.4498867538675;1000.0;;270.0;;;;
2022-12-24 23:00:00;622.3697338952965;1000.0;;270.0;;;;
2022-12-25 00:00:00;559.6306253716157;1000.0;;270.0;;;;
2022-12-25 01:00:00;610.8852913956482;1000.0;;270.0;;;;
2022-12-25 02:00:00;543.0946776400192;1000.0;;270.0;;;;
2022-12-25 03:00:00;580.0648033195602;1000.0;;270.0;;;;
2022-12-25 04:00:00;580.0957946291445;1000.0;;270.0;;;;
2022-12-25 05:00:00;505.3092448825578;1000.0;;270.0;;;;
2022-12-25 06:00:00;584.7487301886163;1000.0;;270.0;;;;
2022-12-25 07:00:00;467.3193927086087;1000.0;;270.0;;;;
2022-12-25 08:00:00;656.0386853388317;1000.0;;270.0;;;;
2022-12-25 09:00:00;584.5975809019341;1000.0;;270.0;;;;
2022-12-25 10:00:00;645.7442026864414;1000.0;;270.0;;;;
2022-12-25 11:00:00;500.9571229499967;1000.0;;270.0;;;;
2022-12-25 12:00:00;550.5795319309238;1000.0;;270.0;;;;
2022-12-25 13:00:00;569.5309405373235;1000.0;;270.0;;;;
2022-12-25 14:00:00;544.8754847723445;1000.0;;270.0;;;;
2022-12-25 15:00:00;631.4591456161403;1000.0;;270.0;;;;
2022-12-25 16:00:00;501.4153572153003;1000.0;;270.0;;;;
2022-12-25 17:00:00;586.8980359861229;1000.0;;270.0;;;;
2022-12-25 18:00:00;558.0830546140004;1000.0;;270.0;;;;
2022-12-25 19:00:00;584.6411983001806;1000.0;;270.0;;;;
2022-12-25 20:00:00;528.9456681548619;1000.0;;270.0;;;;
2022-12-25 21:00:00;465.0336378495635;1000.0;;270.0;;;;
2022-12-25 22:00:00;572.359360714451;1000.0;;270.0;;;;
2022-12-25 23:00:00;513.7654604454335;1000.0;;270.0;;;;
2022-12-26 00:00:00;519.9356761624265;1000.0;;270.0;;;;
2022-12-26 01:00:00;668.4048407677215;1000.0;;270.0;;;;
2022-12-26 02:00:00;620.9584296028581;1000.0;;270.0;;;;
2022-12-26 03:00:00;522.7951100599076;1000.0;;270.0;;;;
2022-12-26 04:00:00;449.6774036496717;1000.0;;270.0;;;;
2022-12-26 05:00:00;511.36677632036;1000.0;;270.0;;;;
2022-12-26 06:00:00;658.1254500210277;1000.0;;270.0;;;;
2022-12-26 07:00:00;633.201528762589;1000.0;;270.0;;;;
2022-12-26 08:00:00;506.333249761747;1000.0;;270.0;;;;
2022-12-26 09:00:00;604.7034160573277;1000.0;;270.0;;;;
2022-12-26 10:00:00;477.8109051689044;1000.0;;270.0;;;;
2022-12-26 11:00:00;683.294633124367;1000.0;;270.0;;;;
2022-12-26 12:00:00;595.057385849189;1000.0;;270.0;;;;
2022-12-26 13:00:00;553.2910506481101;1000.0;;270.0;;;;
2022-12-26 14:00:00;516.448032757409;1000.0;;270.0;;;;
2022-12-26 15:00:00;564.8145301000825;1000.0;;270.0;;;;
2022-12-26 16:00:00;483.1846181854202;1000.0;;270.0;;;;
2022-12-26 17:00:00;505.2053403388459;1000.0;;270.0;;;;
2022-12-26 18:00:00;479.2518282888537;1000.0;;270.0;;;;
2022-12-26 19:00:00;461.135002839362;1000.0;;270.0;;;;
2022-12-26 20:00:00;618.3851998526976;1000.0;;270.0;;;;
2022-12-26 21:00:00;616.8238919983073;1000.0;;270.0;;;;
2022-12-26 22:00:00;549.2902968059514;1000.0;;270.0;;;;
2022-12-26 23:00:00;442.4867796747668;1000.0;;270.0;;;;
2022-12-27 00:00:00;423.4602338111529;1000.0;;270.0;;;;
2022-12-27 01:00:00;635.2782111041164;1000.0;;270.0;;;;
2022-12-27 02:00:00;541.9167117198276;1000.0;;270.0;;;;
2022-12-27 03:00:00;500.1188884388504;1000.0;;270.0;;;;
2022-12-27 04:00:00;639.3070323138797;1000.0;;270.0;;;;
2022-12-27 05:00:00;624.003021574552;1000.0;;270.0;;;;
2022-12-27 06:00:00;576.3578726588868;1000.0;;270.0;;;;
2022-12-27 07:00:00;615.0351953923033;1000.0;;270.0;;;;
2022-12-27 08:00:00;616.0223502671317;1000.0;;270.0;;;;
2022-12-27 09:00:00;638.4617251777861;1000.0;;270.0;;;;
2022-12-27 10:00:00;595.1636764796436;1000.0;;270.0;;;;
2022-12-27 11:00:00;586.273574684131;1000.0;;270.0;;;;
2022-12-27 12:00:00;568.0941427124533;1000.0;;270.0;;;;
2022-12-27 13:00:00;623.3496177954742;1000.0;;270.0;;;;
2022-12-27 14:00:00;561.6912848510161;1000.0;;270.0;;;;
2022-12-27 15:00:00;494.5870726083224;1000.0;;270.0;;;;
2022-12-27 16:00:00;578.8589011638146;1000.0;;270.0;;;;
2022-12-27 17:00:00;556.6900480457804;1000.0;;270.0;;;;
2022-12-27 18:00:00;667.2551404924632;1000.0;;270.0;;;;
2022-12-27 19:00:00;492.996934669364;1000.0;;270.0;;;;
2022-12-27 20:00:00;618.6748393694845;1000.0;;270.0;;;;
2022-12-27 21:00:00;578.101780242441;1000.0;;270.0;;;;
2022-12-27 22:00:00;533.0737658213616;1000.0;;270.0;;;;
2022-12-27 23:00:00;620.3746220133846;1000.0;;270.0;;;;
2022-12-28 00:00:00;695.1693261549518;1000.0;;270.0;;;;
2022-12-28 01:00:00;608.6135310022567;1000.0;;270.0;;;;
2022-12-28 02:00:00;505.5094469386968;1000.0;;270.0;;;;
2022-12-28 03:00:00;608.2852714835067;1000.0;;270.0;;;;
2022-12-28 04:00:00;503.3463132022687;1000.0;;270.0;;;;
2022-12-28 05:00:00;583.6560516526782;1000.0;;270.0;;;;
2022-12-28 06:00:00;558.9045518464898;1000.0;;270.0;;;;
2022-12-28 07:00:00;489.6431617665404;1000.0;;270.0;;;;
2022-12-28 08:00:00;505.9312250475754;1000.0;;270.0;;;;
2022-12-28 09:00:00;609.6509965782888;1000.0;;270.0;;;;
2022-12-28 10:00:00;585.6900410235447;1000.0;;270.0;;;;
2022-12-28 11:00:00;537.2959704732842;1000.0;;270.0;;;;
2022-12-28 12:00:00;518.0492591694483;1000.0;;270.0;;;;
2022-12-28 13:00:00;594.8636592690088;1000.0;;270.0;;;;
2022-12-28 14:00:00;519.3943608662771;1000.0;;270.0;;;;
2022-12-28 15:00:00;611.9347226197602;1000.0;;270.0;;;;
2022-12-28 16:00:00;564.3235160898347;1000.0;;270.0;;;;
2022-12-28 17:00:00;610.3205104953482;1000.0;;270.0;;;;
2022-12-28 18:00:00;510.0806606502664;1000.0;;270.0;;;;
2022-12-28 19:00:00;598.487420495694;1000.0;;270.0;;;;
2022-12-28 20:00:00;532.5620955861473;1000.0;;270.0;;;;
2022-12-28 21:00:00;550.0338071229886;1000.0;;270.0;;;;
2022-12-28 22:00:00;645.3917961105384;1000.0;;270.0;;;;
2022-12-28 23:00:00;531.413338478821;1000.0;;270.0;;;;
2022-12-29 00:00:00;629.9585736617017;1000.0;;270.0;;;;
2022-12-29 01:00:00;553.899566390617;1000.0;;270.0;;;;
2022-12-29 02:00:00;643.0275969164367;1000.0;;270.0;;;;
2022-12-29 03:00:00;511.636558553642;1000.0;;270.0;;;;
2022-12-29 04:00:00;499.0568862664619;1000.0;;270.0;;;;
2022-12-29 05:00:00;532.1406686238739;1000.0;;270.0;;;;
2022-12-29 06:00:00;445.4102395669534;1000.0;;270.0;;;;
2022-12-29 07:00:00;604.1632924437371;1000.0;;270.0;;;;
2022-12-29 08:00:00;613.8223204080208;1000.0;;270.0;;;;
2022-12-29 09:00:00;595.6379551416693;1000.0;;270.0;;;;
2022-12-29 10:00:00;618.4897533948717;1000.0;;270.0;;;;
2022-12-29 11:00:00;596.0036651598904;1000.0;;270.0;;;;
2022-12-29 12:00:00;579.7030930935003;1000.0;;270.0;;;;
2022-12-29 13:00:00;560.063201362115;1000.0;;270.0;;;;
2022-12-29 14:00:00;532.1218613837129;1000.0;;270.0;;;;
2022-12-29 15:00:00;550.9760626202586;1000.0;;270.0;;;;
2022-12-29 16:00:00;641.8080939342268;1000.0;;270.0;;;;
2022-12-29 17:00:00;669.8062306337323;1000.0;;270.0;;;;
2022-12-29 18:00:00;528.4069843721495;1000.0;;270.0;;;;
2022-12-29 19:00:00;509.4494946820747;1000.0;;270.0;;;;
2022-12-29 20:00:00;503.2039660233922;1000.0;;270.0;;;;
2022-12-29 21:00:00;503.1527860017534;1000.0;;270.0;;;;
2022-12-29 22:00:00;595.3513429932699;1000.0;;270.0;;;;
2022-12-29 23:00:00;552.2214112605171;1000.0;;270.0;;;;
2022-12-30 00:00:00;624.500412031417;1000.0;;270.0;;;;
2022-12-30 01:00:00;558.9772899948936;1000.0;;270.0;;;;
2022-12-30 02:00:00;506.975861256843;1000.0;;270.0;;;;
2022-12-30 03:00:00;588.6324042455448;1000.0;;270.0;;;;
2022-12-30 04:00:00;665.0864151956147;1000.0;;270.0;;;;
2022-12-30 05:00:00;645.4824400510498;1000.0;;270.0;;;;
2022-12-30 06:00:00;538.4546994475704;1000.0;;270.0;;;;
2022-12-30 07:00:00;462.8666545763476;1000.0;;270.0;;;;
2022-12-30 08:00:00;512.9397910095025;1000.0;;270.0;;;;
2022-12-30 09:00:00;517.1206200306623;1000.0;;270.0;;;;
2022-12-30 10:00:00;604.7017882337169;1000.0;;270.0;;;;
2022-12-30 11:00:00;511.613967763416;1000.0;;270.0;;;;
2022-12-30 12:00:00;591.146653486392;1000.0;;270.0;;;;
2022-12-30 13:00:00;595.5586156242503;1000.0;;270.0;;;;
2022-12-30 14:00:00;570.3566544889921;1000.0;;270.0;;;;
2022-12-30 15:00:00;597.3575618806899;1000.0;;270.0;;;;
2022-12-30 16:00:00;582.6636638489113;1000.0;;270.0;;;;
2022-12-30 17:00:00;553.3543628128817;1000.0;;270.0;;;;
2022-12-30 18:00:00;653.618807854788;1000.0;;270.0;;;;
2022-12-30 19:00:00;552.8377748933198;1000.0;;270.0;;;;
2022-12-30 20:00:00;509.6779151997868;1000.0;;270.0;;;;
2022-12-30 21:00:00;537.4315136531358;1000.0;;270.0;;;;
2022-12-30 22:00:00;511.7511393821684;1000.0;;270.0;;;;
2022-12-30 23:00:00;610.7722558914752;1000.0;;270.0;;;;
2022-12-31 00:00:00;461.6202083481684;1000.0;;270.0;;;;
2022-12-31 01:00:00;591.5632263193575;1000.0;;270.0;;;;
2022-12-31 02:00:00;609.5658175485739;1000.0;;270.0;;;;
2022-12-31 03:00:00;550.5537173682343;1000.0;;270.0;;;;
2022-12-31 04:00:00;581.1334208762786;1000.0;;270.0;;;;
2022-12-31 05:00:00;480.3552115399212;1000.0;;270.0;;;;
2022-12-31 06:00:00;596.9197151736726;1000.0;;270.0;;;;
2022-12-31 07:00:00;619.217801104872;1000.0;;270.0;;;;
2022-12-31 08:00:00;582.068217890435;1000.0;;270.0;;;;
2022-12-31 09:00:00;539.3415116075766;1000.0;;270.0;;;;
2022-12-31 10:00:00;565.3923373215522;1000.0;;270.0;;;;
2022-12-31 11:00:00;629.5608294622585;1000.0;;270.0;;;;
2022-12-31 12:00:00;528.182235241104;1000.0;;270.0;;;;
2022-12-31 13:00:00;559.0720331082076;1000.0;;270.0;;;;
2022-12-31 14:00:00;551.4598022150718;1000.0;;270.0;;;;
2022-12-31 15:00:00;587.1209630321475;1000.0;;270.0;;;;
2022-12-31 16:00:00;518.9071831683377;1000.0;;270.0;;;;
2022-12-31 17:00:00;597.2617305484351;1000.0;;270.0;;;;
2022-12-31 18:00:00;539.0814489088293;1000.0;;270.0;;;;
2022-12-31 19:00:00;652.7148924657815;1000.0;;270.0;;;;
2022-12-31 20:00:00;575.4693629209747;1000.0;;270.0;;;;
2022-12-31 21:00:00;517.2412464245707;1000.0;;270.0;;;;
2022-12-31 22:00:00;487.6605911123469;1000.0;;270.0;;;;
2022-12-31 23:00:00;637.0597904324943;1000.0;;270.0;;;;
